tree
version=v4
num_class=1
num_tree_per_iteration=1
label_index=0
max_feature_idx=41
objective=regression
feature_names=Adj_Close Close High Low Open Volume CDLDOJI CDLENGULFING CDLHAMMER CDLMORNINGSTAR CDLEVENINGSTAR CDL3WHITESOLDIERS CDLDARKCLOUDCOVER CDLHARAMI CDLSHOOTINGSTAR CDLPIERCING us_futures_return vix_level vix_change MA5 MA20 MA60 RSI14 MACD MACD_SIGNAL MACD_HIST ATR14 BB_PCT OBV STOCH_K STOCH_D return_lag1 return_lag2 return_lag3 return_lag5 daily_range_pct close_to_open_pct ccass_top10_change market_sentiment stock_sentiment RSI_x_VIX MACD_x_USFutures
feature_infos=[27.934640884399414:75.862846374511719] [35.599998474121094:123.074462890625] [35.849998474121094:125.00419616699219] [35.349998474121094:121.80000305175781] [35.450000762939453:124.71830749511719] [0:114869859] [0:100] [-100:100] [0:100] none none none none [-100:100] [-100:0] none none none none [35.919998931884763:121.15999908447266] [37.214999961853025:119.32933654785157] [38.479999923706053:117.39558270772298] [6.5949779303658795:86.925257119511002] [-5.9535163740947681:3.5273063598629761] [-4.9773338501231636:3.2498092356258632] [-1.8579285625105766:1.484830965639437] [0.63865595735586922:3.7216304605776629] [-0.47125358970026615:1.5721364548749681] [-273058851:403194902] [-6.6317322004276022e-14:100.00000000000023] [-1.2395023279370638e-13:97.910494627169314] [-0.087174391899815462:0.21862863168541713] [-0.14218454715662798:0.33376448129100789] [-0.14137606235365463:0.31673045281965062] [-0.22203245378987735:0.30341340661153127] [0:0.12843034877723247] [-0.089000015258789061:0.072432399440456083] none none none none none
tree_sizes=1766 1907 1654 1683 1917 1898 2122 1885 1791 1732 1836 1839 1718 2084 1766 1611 1855 2230 1799 1439 1636 1810 1835 1721 1589 1486 1915 1775 1832 1461 1528 1914 1916 1927 1449 1720 1191 1639 1876 1754 1731 2049 1070 2057 1066 2002 1812 1068 1791 1765 1718 1624 1981 1831 1787 1984 1794 1693 1941 1763 1930 1649 1951 1070 2205 1837 1759 1692 1748 1672 1160 2181 1778 1569 1681 1227 1732 2494 1327 1230 1251 1235 2133 2131 1211 2102 1313 2134 1696 1632 1629 2384 1718 2085 1833 2069 2241 1842 1745 2103 2404 1754 2185 1534 1656 2056 2121 2065 1450 2067 2375 1964 2063 2281 1639 1850 2600 1740 2665 1473 2249 1746 1488 1819 1882 1451 2342 2141 2142 1628 1857 1551 2009 1831 2094 1602 2172 2328 1621 1389 1662 1649 2013 1905 1486 2091 1586 1953 2129 1870 2137 2066 1938 2010 2189 1329 2234 2380 2180 1920 1303 1348 1615 2206 2475 1881 1985 2422 2079 2347 2506 1872 1632 1911 1948 1450 2134 1507 2016 1656 2079 2573 2074 1926 1403 2377 1944 1660 2443 1741 2185 1256 1369 2137 1972 1928 1631 1337 2463 1916 1558 2327 2092 1246 1898 1576 1613 1286 1449 2260 1357 1544 1511 2189 2559 2028 2095 2395 1948 2114 1777 1487 2211 2367 1580 2278 2143 1625 2136 1514 1361 2181 1454 1409 2557 2542 2096 2204 2414 2250 1803 1803 2531 1725 1595 1385 2487 1912 1816 1885 2304 2069 1537 1504 1205 2145 1678 1885 1919 1638 1595 1607 1355 1770 2130 1596 2498 1562 1403 2422 1768 1692 1905 1488 1618 1906 1813 1673 1635 1796 1930 1055 2009 1772 1851 2051 1711 2180 1521 2042 2403 1436 1643 1825 2625 2044 1035 2512 1538 1949 2150 2069 2445 2307 2610 1903 2055 2314 2071 1982 1938 1624 2536 1477 1484 1896 2282 2260 1571 1536 1815 2072 2489 1794 1877 2024 1773 2082 2148 2368 1691 2253 1958 2083 1524 2742 2258 2119 2198 2291 1951 2146 1957 1695 1714 2004 2385 1985 2280 2034 2438 1465 2033 1638 2465 2769 2193 2455 1869 2016 1704 2004 1708 1923 1760 1789 1809 2030 2039 2390 2248 1819 1752 2123 2488 2749 2046 1875 2750 2217 2449 1987 2451 1697 1881 1931 1854 1660 2546 2385 1669 2063 2367 1889 1580 2117 2165 1430 2732 1435

Tree=0
num_leaves=18
num_cat=0
split_feature=5 23 0 35 26 4 0 22 4 32 5 29 24 25 26 25 1
split_gain=0.0117881 0.0038853 0.00356712 0.00307793 0.00142762 0.00119945 0.00119728 0.00112954 0.000880795 0.000863721 0.000788874 0.000691496 0.00140773 0.000636733 0.000486766 0.000359116 0.000312029
threshold=10572990.000000002 -1.6251327600532333 35.744647979736335 0.013098387611117731 2.3983310923341512 40.524999618530281 40.115802764892585 30.422872680373782 61.975000381469734 -0.015475049817777918 6107602.0000000009 44.917363645466892 -0.024940636162905299 0.070515278628609249 0.77097325669509498 -0.45521024445079 67.575000762939467
decision_type=2 2 2 2 2 2 2 2 2 2 2 2 2 2 2 2 2
left_child=1 4 -2 6 8 14 10 -4 -1 -7 -3 12 -9 -13 -5 -8 -10
right_child=2 3 7 5 -6 9 15 11 16 -11 -12 13 -14 -15 -16 -17 -18
leaf_value=0.0095638935680053411 0.0098459989474041377 0.0093829060795906655 0.0093575726480602354 0.0093575726480602354 0.0096793585953295035 0.0093823383364006144 0.0093575726480602354 0.0097635101938085573 0.0093108241976815921 0.0093377169074253703 0.0092209083151077106 0.0093575726480602354 0.0094206811244253886 0.0094732991419522374 0.009461158619316682 0.0092719395692721866 0.0093982332978170425
leaf_weight=32 36 172 30 27 30 445 52 37 30 1847 32 47 54 114 123 826 134
leaf_count=32 36 172 30 27 30 445 52 37 30 1847 32 47 54 114 123 826 134
internal_value=0.00935757 0.0093427 0.00953291 0.00933427 0.00946086 0.00935424 0.00929197 0.00948215 0.00941198 0.00934769 0.00935757 0.00950386 0.0095933 0.00943457 0.00943426 0.00927676 0.00936394
internal_weight=4068 3750 318 3524 226 2442 1082 282 196 2292 204 252 91 161 150 878 164
internal_count=4068 3750 318 3524 226 2442 1082 282 196 2292 204 252 91 161 150 878 164
is_linear=0
shrinkage=1


Tree=1
num_leaves=21
num_cat=0
split_feature=5 28 0 20 24 32 28 28 24 3 36 30 30 0 20 0 36 24 36 29
split_gain=0.0111588 0.00354103 0.00352456 0.00162052 0.00148848 0.00119401 0.000932625 0.0015724 0.000729346 0.00129462 0.000695839 0.00069048 0.00100065 0.000684806 0.000767845 0.000414576 0.000284134 0.000259574 0.000159906 0.000105755
threshold=10572990.000000002 -157173245.99999997 40.218473434448249 47.427500152587903 -1.1301603095192549 -0.017828782574912268 42043480.000000007 140350584.00000003 -1.6323597074302227 62.208106994628913 -0.015526412985404168 32.803228478052468 19.638017928105359 32.025625228881843 65.647752380371102 35.525930404663093 -0.0011111054015183603 1.3012012701981148 0.013633901975786593 45.709086295495865
decision_type=2 2 2 2 2 2 2 2 2 2 2 2 2 2 2 2 2 2 2 2
left_child=2 -2 8 -3 11 17 18 -8 9 -1 -7 12 -4 14 -10 -15 -13 -6 -5 -11
right_child=1 3 4 6 5 10 7 -9 13 19 -12 16 -14 15 -16 -17 -18 -19 -20 -21
leaf_value=0.00029826247353257945 0.00055313302517255884 0 0 0.00032841981391309831 0 1.8606004033377678e-06 0 0.00018391618237857451 0 0 -5.4245603978763345e-05 2.5210796114935871e-05 0.00017525991111616234 6.0035205108209311e-05 -0.00015263435067808435 8.7188381346448342e-06 -4.5166571227911117e-05 8.4763232789710795e-05 0 5.2831624684492769e-05
leaf_weight=27 25 32 45 52 239 108 99 89 46 20 1985 97 55 302 39 623 95 35 21 34
leaf_count=27 25 32 45 52 239 108 99 89 46 20 1985 97 55 302 39 623 95 35 21 34
internal_value=0 0.0001707 -1.43663e-05 0.000127656 -3.35339e-05 -4.19187e-05 0.000154529 9.219e-05 2.95984e-05 0.000123934 -4.99173e-05 2.41553e-05 8.89424e-05 1.90514e-05 -5.08288e-05 2.87205e-05 0 8.23103e-06 0.000273688 0
internal_weight=4068 318 3750 293 2659 2367 261 188 1091 81 2093 292 100 1010 85 925 192 274 73 54
internal_count=4068 318 3750 293 2659 2367 261 188 1091 81 2093 292 100 1010 85 925 192 274 73 54
is_linear=0
shrinkage=0.03


Tree=2
num_leaves=18
num_cat=0
split_feature=5 23 28 35 20 3 0 28 28 4 22 32 5 29 31 31 22
split_gain=0.0105628 0.00353598 0.00328886 0.0028457 0.00156107 0.0010926 0.00107781 0.000866116 0.00147389 0.000841725 0.000921594 0.000799902 0.000739834 0.000717814 0.00055285 0.000233911 6.56163e-05
threshold=10572990.000000002 -1.6251327600532333 -157173245.99999997 0.013098387611117731 47.427500152587903 40.125000000000007 40.115802764892585 42043480.000000007 140350584.00000003 61.975000381469734 33.388488625608254 -0.015475049817777918 6107602.0000000009 66.093894427103763 -0.012735695979001425 0.011645952812606166 30.422872680373782
decision_type=2 2 2 2 2 2 2 2 2 2 2 2 2 2 2 2 2
left_child=1 9 -2 6 -4 14 12 -6 -9 -1 16 -7 -3 -12 -5 -8 -11
right_child=2 3 4 5 7 11 15 8 -10 10 13 -13 -14 -15 -16 -17 -18
leaf_value=0.00026626791075811534 0.00053660514956735351 2.4237002633073144e-05 0 0 0.00026667941146193866 2.4504482771359186e-05 -7.9893132397332751e-05 0 0.00017840489011370774 0 0.00017500360973979632 -1.860985220709601e-05 -0.00013264069708486339 0 0.00010284772659788895 0 -5.4203738065770077e-05
leaf_weight=34 25 172 32 28 73 441 848 99 89 75 66 1849 32 31 124 30 20
leaf_count=34 25 172 32 28 73 441 848 99 89 75 66 1849 32 31 124 30 20
internal_value=0 -1.38123e-05 0.000166242 -2.1891e-05 0.000124233 -2.64851e-06 -6.25432e-05 0.000150686 8.95794e-05 9.88438e-05 5.34557e-05 -8.99635e-06 0 0.000119144 7.3206e-05 -7.69747e-05 0
internal_weight=4068 3750 318 3524 293 2442 1082 261 188 226 192 2290 204 97 152 878 95
internal_count=4068 3750 318 3524 293 2442 1082 261 188 226 192 2290 204 97 152 878 95
is_linear=0
shrinkage=0.03


Tree=3
num_leaves=18
num_cat=0
split_feature=5 23 28 35 20 26 21 26 20 28 33 25 1 21 5 26 30
split_gain=0.00997636 0.00334951 0.00306057 0.00267835 0.00149926 0.00133472 0.00103266 0.00102851 0.000843128 0.00139355 0.000789802 0.000768347 0.000712471 0.000628055 0.00049073 0.000372536 0.00035381
threshold=10572990.000000002 -1.6251327600532333 -157173245.99999997 0.013098387611117731 47.427500152587903 2.3983310923341512 49.179166634877532 1.4344426664235785 65.146555423736586 153623112.00000003 0.00099353881589270298 -0.53593675932721907 63.149999618530281 68.606888866424569 6107602.0000000009 1.8126852634980375 85.059418801973649
decision_type=2 2 2 2 2 2 2 2 2 2 2 2 2 2 2 2 2
left_child=1 5 -2 13 -4 11 10 -8 16 -10 -5 -1 -13 14 -3 -15 -6
right_child=2 3 4 6 8 -7 7 -9 9 -11 -12 12 -14 15 -16 -17 -18
leaf_value=-2.1345214565436985e-05 0.00052057113472476189 0 0 0 0.00026592216184631741 0.00030679054241905925 -4.0906633070485646e-05 1.58576691892759e-06 0 0.00018707896323950235 7.3738135736133668e-05 0.00021346813188792449 1.8724349450325284e-05 -8.5774143554158479e-05 -0.00010054206666214866 0 0
leaf_weight=39 25 297 32 222 83 30 754 1224 99 59 242 38 119 652 52 81 20
leaf_count=39 25 297 32 222 83 30 754 1224 99 59 242 38 119 652 52 81 20
internal_value=0 -1.3339e-05 0.000161643 -2.12212e-05 0.000120615 9.62539e-05 -2.51522e-06 -1.30967e-05 0.000146625 7.17637e-05 3.61218e-05 4.85906e-05 8.50618e-05 -6.06628e-05 -1.56046e-05 -7.8019e-05 0.000232182
internal_weight=4068 3750 318 3524 293 226 2442 1978 261 158 464 196 157 1082 349 733 103
internal_count=4068 3750 318 3524 293 226 2442 1978 261 158 464 196 157 1082 349 733 103
is_linear=0
shrinkage=0.03


Tree=4
num_leaves=21
num_cat=0
split_feature=5 0 0 35 22 26 22 24 4 0 20 29 29 30 32 26 26 31 5 2
split_gain=0.0094392 0.00318689 0.00304093 0.00215275 0.00101709 0.000849541 0.00141558 0.00060051 0.00118144 0.000620481 0.000722348 0.0005954 0.00142746 0.000607074 0.000581903 0.000579993 0.000360608 0.000172035 4.99227e-05 2.57766e-05
threshold=10572990.000000002 35.744647979736335 40.218473434448249 0.013098387611117731 30.422872680373782 1.8877429900758094 46.955476971739522 -1.6323597074302227 64.147975921630874 32.025625228881843 65.647752380371102 44.917363645466892 37.069495790977108 67.147514144510836 -0.017828782574912268 0.92691838599403142 1.9531820959199031 0.0065131205196441453 6989406.0000000009 69.899715423583999
decision_type=2 2 2 2 2 2 2 2 2 2 2 2 2 2 2 2 2 2 2 2
left_child=2 -2 7 16 -3 14 -7 8 18 10 -9 12 -6 -13 -5 -11 17 -4 -1 -10
right_child=1 4 3 5 11 6 -8 9 19 15 -12 13 -14 -15 -16 -17 -18 -19 -20 -21
leaf_value=0 0.00045273121879139396 0 -8.0479030835359168e-05 1.8620720506161506e-05 9.2185170686030603e-05 0.00012764582195780625 0 0 -2.559805680726612e-05 0 -0.00014717168973029656 0 0.00048884922120747938 0.0001101192224352515 -2.9027246715027573e-05 4.6481017809175234e-05 0 -8.349616758128448e-06 0.00032070941791618107 2.2336426810031298e-05
leaf_weight=20 36 30 737 203 71 98 209 46 20 366 39 61 20 100 1238 559 42 132 21 20
leaf_count=20 36 30 737 203 71 98 209 46 20 366 39 61 20 100 1238 559 42 132 21 20
internal_value=0 0.000157293 -1.2911e-05 -3.0761e-05 0.000108796 -9.25356e-06 3.24996e-05 2.78424e-05 0.000114433 1.79173e-05 -4.80859e-05 0.000129908 0.000212736 6.43678e-05 -2.02323e-05 2.72299e-05 -6.87306e-05 -7.29767e-05 0.000227399 0
internal_weight=4068 318 3750 2659 282 1748 307 1091 81 1010 85 252 91 161 1441 925 911 869 41 40
internal_count=4068 318 3750 2659 282 1748 307 1091 81 1010 85 252 91 161 1441 925 911 869 41 40
is_linear=0
shrinkage=0.03


Tree=5
num_leaves=20
num_cat=0
split_feature=0 24 26 22 31 2 30 1 26 20 26 26 26 22 31 25 0 20 29
split_gain=0.00471687 0.00253004 0.00229092 0.00236021 0.00198779 0.0016091 0.00298602 0.00118283 0.00117394 0.00133059 0.00106058 0.000881585 0.000997676 0.000809217 0.00078634 0.000720441 0.000686734 0.000347674 1.66132e-05
threshold=40.218473434448249 -2.5648302754120724 1.8209583827769855 31.633850576871158 0.017098125145377233 39.125000000000007 27.576016169813332 85.230133056640639 0.92691838599403142 64.559594058990498 1.4435463495348106 1.5835746078849631 1.1563532382340851 49.94160422614511 -0.0070422294043117053 -0.40870518341544687 35.434808731079109 87.559345245361342 55.471197537719085
decision_type=2 2 2 2 2 2 2 2 2 2 2 2 2 2 2 2 2 2 2
left_child=1 -1 4 -4 7 6 -3 10 16 -10 -2 12 -6 15 -9 -5 -7 -15 -13
right_child=2 5 3 13 11 8 -8 14 9 -11 -12 18 -14 17 -16 -17 -18 -19 -20
leaf_value=0.00035227319617013402 -4.2514801098030068e-05 0.00046865626525545082 0.00034420879958071049 0 0 3.7843651416845904e-05 0 -9.844860891972889e-07 9.2095594011183142e-05 5.539452571834757e-06 9.0609415214192865e-06 0 0.00016885638933715542 2.3821224835455119e-05 -8.9434967471221054e-05 0.00010402556371103646 -4.7401188581545916e-05 -3.9502132444627357e-05 -1.9073377288606043e-05
leaf_weight=27 863 23 22 94 39 108 29 188 380 417 476 26 78 68 632 132 222 203 41
leaf_count=27 863 23 22 94 39 108 29 188 380 417 476 26 78 68 632 132 222 203 41
internal_value=0 5.02245e-05 -2.05e-05 3.37039e-05 -3.3788e-05 4.07337e-05 0.000214012 -4.26556e-05 3.00587e-05 5.05784e-05 -2.19406e-05 5.39323e-05 0.00010653 1.38577e-05 -7.28168e-05 5.87764e-05 -1.04117e-05 -1.25439e-05 0
internal_weight=4068 1206 2862 519 2343 1179 52 2159 1127 797 1339 184 117 497 820 226 330 271 67
internal_count=4068 1206 2862 519 2343 1179 52 2159 1127 797 1339 184 117 497 820 226 330 271 67
is_linear=0
shrinkage=0.03


Tree=6
num_leaves=23
num_cat=0
split_feature=0 24 26 31 27 24 30 2 24 1 26 20 26 26 26 28 0 24 20 36 25 29
split_gain=0.00446462 0.0023675 0.00217072 0.00186468 0.00175482 0.00212441 0.00180051 0.00150815 0.00281592 0.00111455 0.00110656 0.00124215 0.00100216 0.000833238 0.000943689 0.000762881 0.000648164 0.000623867 0.000196553 0.00024712 0.000234106 1.56338e-05
threshold=40.218473434448249 -2.5648302754120724 1.8209583827769855 0.017098125145377233 0.43642194965384795 -0.78114475350600843 36.056710608860698 39.125000000000007 -0.48433244708181977 85.230133056640639 0.92691838599403142 64.559594058990498 1.4435463495348106 1.5835746078849631 1.1563532382340851 236470599.50000003 35.434808731079109 0.58036276994188862 87.104483222961434 -0.0055605574641042843 0.54448447013519352 55.471197537719085
decision_type=2 2 2 2 2 2 2 2 2 2 2 2 2 2 2 2 2 2 2 2 2 2
left_child=1 -1 3 9 5 6 -4 8 -3 12 16 -12 -2 14 -5 -11 -9 -7 20 -20 -6 -15
right_child=2 7 4 13 18 17 -8 10 -10 15 11 -13 -14 21 -16 -17 -18 -19 19 -21 -22 -23
leaf_value=0.00034174398710690027 -4.1239504820952947e-05 0 0.00035060364945939138 0 8.0141538024351203e-05 -4.0058636178741666e-05 8.1216408189658328e-07 3.6709393292452679e-05 0.00048787070142883635 -8.2311779732574167e-05 8.9333452576729653e-05 5.3733085538195737e-06 8.7891685971978482e-06 0 0.00016379718331717137 0 -4.5979790142620442e-05 9.2998208206215323e-05 0 -4.5068649275008421e-05 0 -1.8502570065010307e-05
leaf_weight=27 863 32 46 39 39 69 45 108 20 707 380 417 476 26 78 113 222 52 63 179 26 41
leaf_count=27 863 32 46 39 39 69 45 108 20 707 380 417 476 26 78 113 222 52 63 179 26 41
internal_value=0 4.89519e-05 -1.98523e-05 -3.2806e-05 3.28425e-05 0.000100314 0.000210751 3.9674e-05 0.000207805 -4.14178e-05 2.9237e-05 4.91743e-05 -2.12152e-05 5.19135e-05 0.000103155 -7.07423e-05 -9.8268e-06 0 -3.9989e-06 -2.41653e-05 2.4921e-05 0
internal_weight=4068 1206 2862 2343 519 212 91 1179 52 2159 1127 797 1339 184 117 820 330 121 307 242 65 67
internal_count=4068 1206 2862 2343 519 212 91 1179 52 2159 1127 797 1339 184 117 820 330 121 307 242 65 67
is_linear=0
shrinkage=0.03


Tree=7
num_leaves=20
num_cat=0
split_feature=5 0 0 35 22 26 22 29 29 32 36 26 35 36 26 36 31 34 26
split_gain=0.00856308 0.00284699 0.00251383 0.00189036 0.000977875 0.000713027 0.00124548 0.000557957 0.00132499 0.000541042 0.000496877 0.0012788 0.00103046 0.0011232 0.000722794 0.000627817 0.000461761 0.000319227 0.000309944
threshold=10572990.000000002 35.744647979736335 40.218473434448249 0.013098387611117731 30.422872680373782 1.8877429900758094 46.955476971739522 44.917363645466892 37.069495790977108 -0.017828782574912268 -0.00054989572013213275 2.3983310923341512 0.01839977974572234 0.01004051031451089 1.8455027468775673 0.0096415072439556028 0.01067784031547492 0.038147150533262571 1.9531820959199031
decision_type=2 2 2 2 2 2 2 2 2 2 2 2 2 2 2 2 2 2 2
left_child=2 -2 10 17 -3 9 -7 8 -6 -5 11 14 15 -14 -1 -12 -9 18 -4
right_child=1 4 3 5 7 6 -8 16 -10 -11 12 -13 13 -15 -16 -17 -18 -19 -20
leaf_value=7.2526462975351731e-07 0.00043111576450410762 0 -7.1785390813714403e-05 1.9348506563964046e-05 8.6654492637696615e-05 0.0001193490243430174 0 0 0.00047181271757659461 -2.6793085734287006e-05 2.7596449163019256e-05 0.00022210619208446773 0.00017982500311463289 1.1926376967034483e-05 -0.00011378812000936922 -8.7253238072545252e-05 0.0001025491280692314 0 0
leaf_weight=483 36 30 831 203 71 98 209 66 20 1238 261 23 94 131 51 48 95 44 36
leaf_count=483 36 30 831 203 71 98 209 66 20 1238 261 23 94 131 51 48 95 44 36
internal_value=0 0.000150085 -1.20156e-05 -2.82876e-05 0.000103434 -8.02543e-06 3.00019e-05 0.000124349 0.00020466 -1.82103e-05 2.48924e-05 0 4.58596e-05 9.54468e-05 -4.61374e-06 2.76678e-08 6.02353e-05 -6.38683e-05 -6.79521e-05
internal_weight=4068 318 3750 2659 282 1748 307 252 91 1441 1091 557 534 225 534 309 161 911 867
internal_count=4068 318 3750 2659 282 1748 307 252 91 1441 1091 557 534 225 534 309 161 911 867
is_linear=0
shrinkage=0.03


Tree=8
num_leaves=19
num_cat=0
split_feature=5 23 28 35 20 26 0 36 0 20 28 31 5 32 1 34 0 34
split_gain=0.00811551 0.00285749 0.0027728 0.00208496 0.00132574 0.00108164 0.000834417 0.000893952 0.000764014 0.000733143 0.0013217 0.00121058 0.000680725 0.000621005 0.000462162 0.000988076 0.000698443 0.000198225
threshold=10572990.000000002 -1.6251327600532333 -157173245.99999997 0.013098387611117731 47.427500152587903 2.3983310923341512 36.16687202453614 -1.0000000180025095e-35 40.115802764892585 65.146555423736586 153623112.00000003 0.031069395829714911 6107602.0000000009 -0.015475049817777918 63.149999618530281 -0.029022856958403894 36.320087432861335 0.038147150533262571
decision_type=2 2 2 2 2 2 2 2 2 2 2 2 2 2 2 2 2 2
left_child=1 5 -2 8 -4 14 7 -5 12 11 -11 -6 -3 -8 15 -1 -16 -10
right_child=2 3 4 6 9 -7 13 -9 17 10 -12 -13 -14 -15 16 -17 -18 -19
leaf_value=0 0.0004872001596889736 2.2234923877188285e-05 -3.5492976051407038e-06 0 0.00026346373405722572 0.00028214211280587628 2.0252191678607962e-05 8.8390137253302879e-05 -6.9120958703999409e-05 0 0.00017319148586032355 0 -0.00012819957112127512 -1.943645756240954e-05 -0.00011553819457218905 0.00028354441441686036 4.6586633559715329e-05 0
leaf_weight=20 25 172 32 193 82 30 381 170 835 99 59 21 32 1698 26 21 129 43
leaf_count=20 25 172 32 193 82 30 381 170 835 99 59 21 32 1698 26 21 129 43
internal_value=3.41262e-08 -1.15671e-05 0.000146232 -1.89065e-05 0.000106748 8.95658e-05 -2.24724e-06 3.80032e-05 -5.37293e-05 0.000131757 6.07349e-05 0.00021144 0 -1.07195e-05 4.46627e-05 0.000140135 0 -6.58831e-05
internal_weight=4068 3750 318 3524 293 226 2442 363 1082 261 158 103 204 2079 196 41 155 878
internal_count=4068 3750 318 3524 293 226 2442 363 1082 261 158 103 204 2079 196 41 155 878
is_linear=0
shrinkage=0.03


Tree=9
num_leaves=19
num_cat=0
split_feature=5 23 0 35 22 3 0 5 32 25 36 2 29 23 0 25 29 34
split_gain=0.00765517 0.00270859 0.00265425 0.00196356 0.000910278 0.000826542 0.000718931 0.000640604 0.00064034 0.000593811 0.000587071 0.000533859 0.000671352 0.000441474 0.000635418 0.000321464 2.52858e-05 1.83681e-05
threshold=10572990.000000002 -1.6251327600532333 35.744647979736335 0.013098387611117731 30.422872680373782 40.125000000000007 40.115802764892585 6107602.0000000009 -0.015475049817777918 -0.40870518341544687 -0.0027026888080062235 46.750000000000007 91.8365415866691 -2.0583842793993905 33.863651275634773 -0.45521024445079 15.637382413057345 -0.021025925621636295
decision_type=2 2 2 2 2 2 2 2 2 2 2 2 2 2 2 2 2 2
left_child=1 9 -2 6 -4 10 7 -3 -7 16 -5 -6 -13 -11 -15 -8 -1 -18
right_child=2 3 4 5 11 8 15 -9 -10 13 -12 12 -14 14 -16 -17 17 -19
leaf_value=2.7050739017590704e-05 0.00041360236271137792 2.1568265468656885e-05 0 0 0 2.1910182521976637e-05 0 -0.00012436556283854574 -1.6506115452392429e-05 0.00023435235525912378 0.00011526881297649727 0.00015254271691621558 0 0 0.00010340204852501109 -6.8498005112535253e-05 -2.4698420289845447e-05 0
leaf_weight=31 36 172 30 66 35 441 52 32 1849 44 86 195 22 28 75 826 27 21
leaf_count=31 36 172 30 66 35 441 52 32 1849 44 86 195 22 28 75 826 27 21
internal_value=8.53164e-08 -1.11604e-05 0.000142093 -1.83255e-05 9.66635e-05 -2.1212e-06 -5.21215e-05 0 -7.79742e-06 8.72538e-05 6.36207e-05 0.00011707 0.000134641 0.000123835 4.73437e-05 -6.39112e-05 0 0
internal_weight=4068 3750 318 3524 282 2442 1082 204 2290 226 152 252 217 147 103 878 79 48
internal_count=4068 3750 318 3524 282 2442 1082 204 2290 226 152 252 217 147 103 878 79 48
is_linear=0
shrinkage=0.03


Tree=10
num_leaves=19
num_cat=0
split_feature=5 28 23 21 26 23 30 30 26 31 4 25 23 26 31 1 32 4
split_gain=0.00720235 0.00262897 0.00255867 0.00139818 0.00140976 0.00128364 0.00208654 0.00199256 0.00102497 0.00102453 0.000893283 0.000683028 0.000672888 0.00113157 0.000541443 0.000540414 0.000490287 0.00047009
threshold=10572990.000000002 -157173245.99999997 -1.6251327600532333 68.606888866424569 1.8126852634980375 -1.6812169612592027 45.077092363845274 33.298459272044099 2.3983310923341512 0.015412973426850553 50.725000381469734 -0.53593675932721907 -0.64268297589055468 1.1513843667452379 -0.023736662669174732 63.149999618530281 0.0056979549284577055 65.019672393798842
decision_type=2 2 2 2 2 2 2 2 2 2 2 2 2 2 2 2 2 2
left_child=2 -2 8 12 9 7 14 -3 11 -5 -8 -1 13 -4 -7 -13 -6 -14
right_child=1 5 3 4 16 6 10 -9 -10 -11 -12 15 17 -15 -16 -17 -18 -19
leaf_value=-2.5433387217002313e-05 0.00046931166209250808 0.00037485378857757241 0 -5.6468359081955321e-05 3.2841484998402495e-05 0 0 0 0.00027177701523006147 2.2988155372337674e-05 0.00015486513290604429 0.00019006811499441641 -1.3352555894703282e-05 0.0001492648907864774 -0.00010736797939166074 1.4721269924422346e-05 -2.5172826942103561e-05 3.9975647378946616e-05
leaf_weight=39 25 37 172 1407 304 23 25 20 30 106 130 38 1114 72 58 119 193 156
leaf_count=39 25 37 172 1407 304 23 25 20 30 106 130 38 1114 72 58 119 193 156
internal_value=1.21596e-07 0.000137884 -1.0764e-05 -1.77484e-05 -3.42726e-05 9.92188e-05 5.12795e-05 0.000244728 8.48339e-05 -4.89178e-05 0.000122205 4.07978e-05 2.20879e-06 4.90791e-05 -4.74336e-05 7.6352e-05 4.27725e-06 -4.43735e-06
internal_weight=4068 318 3750 3524 2010 293 236 57 226 1513 155 196 1514 244 81 157 497 1270
internal_count=4068 318 3750 3524 2010 293 236 57 226 1513 155 196 1514 244 81 157 497 1270
is_linear=0
shrinkage=0.03


Tree=11
num_leaves=20
num_cat=0
split_feature=5 28 0 35 4 24 30 30 28 22 20 24 4 0 20 26 26 21 5
split_gain=0.00680621 0.00244453 0.00208543 0.00152945 0.00118142 0.000692859 0.00250434 0.00108043 0.000638753 0.00150124 0.000505907 0.000454161 0.00104531 0.000575996 0.000651175 0.000490999 0.000311654 0.000186368 6.46108e-05
threshold=10572990.000000002 -157173245.99999997 40.218473434448249 0.013390599813152127 46.274999618530281 -1.4713940599965227 33.298459272044099 45.077092363845274 185356982.50000003 46.870616751347384 88.836870574951192 -1.6323597074302227 61.975000381469734 32.025625228881843 65.647752380371102 0.92691838599403142 1.9531820959199031 49.857499980926526 7072006.5000000009
decision_type=2 2 2 2 2 2 2 2 2 2 2 2 2 2 2 2 2 2 2
left_child=2 -2 11 16 -3 6 -6 -7 10 -10 -5 12 -1 14 -13 -15 17 -4 -14
right_child=1 4 3 8 5 7 -8 -9 9 -11 -12 13 18 15 -16 -17 -18 -19 -20
leaf_value=0.00028669585574526442 0.00045528840658113923 -2.8195557877717699e-05 0 -5.6024747092440037e-06 0.0004829135884125656 0 0 0.00012800786181167933 9.9035479997548222e-05 -9.5547070707058425e-06 -5.945425194112959e-05 0 3.856430220303942e-05 0 -0.00014331806374954498 4.1111900710178635e-05 0 -6.2352238660479348e-05 0
leaf_weight=21 25 23 37 1004 23 87 24 136 157 288 238 46 39 366 39 559 46 889 21
leaf_count=21 25 23 37 1004 23 87 24 136 157 288 238 46 39 366 39 559 46 889 21
internal_value=2.25848e-07 0.000134158 -1.03349e-05 -2.52169e-05 9.6376e-05 0.000118101 0.000257917 7.50839e-05 -5.91295e-06 2.20305e-05 -1.83411e-05 2.31853e-05 9.8917e-05 1.41326e-05 -5.05038e-05 2.33199e-05 -5.56306e-05 -5.95933e-05 0
internal_weight=4068 318 3750 2659 293 270 47 223 1687 445 1242 1091 81 1010 85 925 972 926 60
internal_count=4068 318 3750 2659 293 270 47 223 1687 445 1242 1091 81 1010 85 925 972 926 60
is_linear=0
shrinkage=0.03


Tree=12
num_leaves=18
num_cat=0
split_feature=5 0 23 35 26 22 4 26 0 0 5 29 24 30 4 0 31
split_gain=0.00643457 0.00238383 0.0023654 0.00170234 0.000941446 0.000851493 0.000771121 0.000866309 0.000673279 0.000609214 0.000601654 0.000579644 0.00144877 0.000540755 0.000505387 0.000499584 0.000233437
threshold=10572990.000000002 35.744647979736335 -1.6251327600532333 0.013098387611117731 2.3983310923341512 30.422872680373782 51.149999618530281 1.4344426664235785 35.525930404663093 40.115802764892585 6107602.0000000009 44.917363645466892 -0.024940636162905299 67.147514144510836 61.975000381469734 36.320087432861335 0.0059627232154412244
decision_type=2 2 2 2 2 2 2 2 2 2 2 2 2 2 2 2 2
left_child=2 -2 4 9 14 -3 8 -8 -5 10 -4 12 -7 -13 -1 -16 -11
right_child=1 5 3 6 -6 11 7 -9 -10 16 -12 13 -14 -15 15 -17 -18
leaf_value=0.00015293456640129332 0.00038791732825829006 0 2.0713759633354432e-05 8.1077515601357152e-05 0.00026196047650103648 0.00034338151588609233 -4.0246379736264677e-05 4.6227984145501169e-07 0 -6.6761828669608756e-05 -0.00012069980526847816 0 1.9225557940737075e-05 9.0004592122502886e-05 -7.874303103352967e-05 4.2390751131864531e-05 0
leaf_weight=32 36 30 172 157 30 37 650 1217 418 735 32 61 54 100 35 129 143
leaf_count=32 36 30 172 157 30 37 650 1217 418 735 32 61 54 100 35 129 143
internal_value=2.1289e-07 0.000130456 -1.00349e-05 -1.67802e-05 8.18354e-05 8.68282e-05 -1.61149e-06 -1.21052e-05 2.72407e-05 -4.82391e-05 0 0.000107127 0.000184188 4.48609e-05 3.88473e-05 0 -5.90934e-05
internal_weight=4068 318 3750 3524 226 282 2442 1867 575 1082 204 252 91 161 196 164 878
internal_count=4068 318 3750 3524 226 282 2442 1867 575 1082 204 252 91 161 196 164 878
is_linear=0
shrinkage=0.03


Tree=13
num_leaves=23
num_cat=0
split_feature=23 26 30 0 32 3 25 32 23 0 27 22 24 25 26 36 29 34 28 27 29 19
split_gain=0.00494938 0.00264415 0.00375834 0.00244632 0.00146298 0.00124202 0.00215716 0.00115332 0.00100406 0.000827242 0.000824197 0.000721005 0.000712026 0.000649939 0.000754224 0.000637941 0.000410982 0.00040954 0.000575234 0.000465259 0.000139911 3.83407e-05
threshold=-1.6812169612592027 1.8209583827769855 31.769110342615438 40.218473434448249 0.040699671205554962 38.675001144409187 -0.044252970835805566 -0.017828782574912268 0.25609176387197158 37.929924011230476 0.098402645434815431 43.444598954955119 1.4698096344604517 0.5525337134197279 1.5975903828075604 0.0030241982045188715 57.926182102105024 -0.030261026898266759 115424040.00000001 0.24702435788685603 25.926093466405295 66.79162979125978
decision_type=2 2 2 2 2 2 2 2 2 2 2 2 2 2 2 2 2 2 2 2 2 2
left_child=1 17 10 5 7 6 20 8 -5 15 -3 -11 -9 14 -6 -7 -4 21 19 -19 -2 -1
right_child=3 2 16 4 13 9 -8 12 -10 11 -12 -13 -14 -15 -16 -17 -18 18 -20 -21 -22 -23
leaf_value=-4.2731921315092686e-05 6.9458811984119128e-05 0.0006581627039311381 0 -1.2054045452663841e-05 0.00031821154647006358 -2.3679808595782289e-05 0.00042746806246186816 -2.832111182251119e-05 8.3765289849599571e-05 0 0.00014852372984010108 8.7859544845566084e-05 -9.4522682740155265e-05 0 0 3.6148925267947005e-05 0.00011407354140024746 0.00019399620929900078 0 0 0 0
leaf_weight=24 26 23 32 210 20 427 20 2100 140 115 27 222 214 20 22 256 37 35 26 20 21 31
leaf_count=24 26 23 32 210 20 427 20 2100 140 115 27 222 214 20 22 256 37 35 26 20 21 31
internal_value=2.87107e-07 0.0001289 0.000235277 -7.53046e-06 -2.33262e-05 2.93213e-05 0.000160634 -2.75934e-05 1.77177e-05 1.774e-05 0.000443684 5.62222e-05 -3.57437e-05 0.000111464 0.000179502 0 4.04193e-05 1.36728e-05 6.88579e-05 0.000127963 0 -1.31309e-05
internal_weight=4068 255 119 3813 2726 1087 67 2664 350 1020 50 337 2314 62 42 683 69 136 81 55 47 55
internal_count=4068 255 119 3813 2726 1087 67 2664 350 1020 50 337 2314 62 42 683 69 136 81 55 47 55
is_linear=0
shrinkage=0.03


Tree=14
num_leaves=19
num_cat=0
split_feature=5 28 23 35 20 20 28 31 3 25 36 0 5 36 23 0 25 29
split_gain=0.00593134 0.00229015 0.00213118 0.00157777 0.00107149 0.00076579 0.00122186 0.00115095 0.000681036 0.000578766 0.00056619 0.000547615 0.000562692 0.000545345 0.000432188 0.000568131 0.000296126 1.24181e-05
threshold=10572990.000000002 -157173245.99999997 -1.6251327600532333 0.013098387611117731 47.427500152587903 65.146555423736586 153623112.00000003 0.031069395829714911 40.125000000000007 -0.40870518341544687 0.0091710659960516795 40.115802764892585 6107602.0000000009 -0.0027026888080062235 -2.0583842793993905 33.863651275634773 -0.43808952696036524 15.637382413057345
decision_type=2 2 2 2 2 2 2 2 2 2 2 2 2 2 2 2 2 2
left_child=2 -2 9 11 -3 7 -7 -6 13 17 -10 12 -4 -5 -11 -16 -13 -1
right_child=1 4 3 8 5 6 -8 -9 10 14 -12 16 -14 -15 15 -17 -18 -19
leaf_value=1.8956926175905235e-05 0.00043571104979897617 -7.0362828396397767e-06 1.9613002903292498e-05 0 0.00023920580743391846 0 0.00015323084820301845 0 0 0.00021918109831555436 -3.4617127419038663e-05 0 -0.00011710699500785878 0.00010828538772900336 -3.0917167875690329e-06 9.4063618138929173e-05 -6.1127848610823294e-05 0
leaf_weight=31 25 32 172 66 82 99 59 21 1783 44 507 57 32 86 28 75 821 48
leaf_count=31 25 32 172 66 82 99 59 21 1783 44 507 57 32 86 28 75 821 48
internal_value=3.314e-07 0.000125396 -9.47714e-06 -1.5916e-05 8.85432e-05 0.00011175 4.26791e-05 0.000188461 -1.27206e-06 7.76181e-05 -6.54529e-06 -4.61909e-05 0 5.84016e-05 0.000113142 3.85771e-05 -5.64849e-05 0
internal_weight=4068 318 3750 3524 293 261 158 103 2442 226 2290 1082 204 152 147 103 878 79
internal_count=4068 318 3750 3524 293 261 158 103 2442 226 2290 1082 204 152 147 103 878 79
is_linear=0
shrinkage=0.03


Tree=15
num_leaves=17
num_cat=0
split_feature=5 0 23 35 26 22 4 26 25 0 2 29 0 0 5 25
split_gain=0.0055816 0.00217513 0.0020079 0.00148518 0.000868916 0.000787557 0.000666367 0.00081129 0.000597235 0.000587478 0.000552086 0.000654704 0.000530448 0.000514832 0.000529528 0.000280791
threshold=10572990.000000002 35.744647979736335 -1.6251327600532333 0.013098387611117731 2.3983310923341512 30.422872680373782 51.149999618530281 1.4344426664235785 -0.53593675932721907 35.525930404663093 46.750000000000007 44.917363645466892 33.863651275634773 40.115802764892585 6107602.0000000009 -0.43808952696036524
decision_type=2 2 2 2 2 2 2 2 2 2 2 2 2 2 2 2
left_child=2 -2 4 13 8 -3 9 -8 -1 -5 -7 -12 -10 14 -4 -15
right_child=1 5 3 6 -6 10 7 -9 12 -11 11 -13 -14 15 -16 -17
leaf_value=-2.8281034715652288e-05 0.00036784174509599309 0 1.9024953511126799e-05 7.5904722941667682e-05 0.00024753151360247126 0 -3.8334372030788354e-05 1.1082779274290943e-06 0 0 0.0002079432837424093 4.8257445550410967e-05 0.0001001503373414133 0 -0.00011360472638299252 -5.929423629472276e-05
leaf_weight=39 36 30 172 157 30 35 650 1217 37 418 75 142 120 57 32 821
leaf_count=39 36 30 172 157 30 35 650 1217 37 418 75 142 120 57 32 821
internal_value=3.48179e-07 0.000121687 -9.14436e-06 -1.54155e-05 7.53359e-05 7.95094e-05 -1.17085e-06 -1.10183e-05 3.35683e-05 2.55833e-05 9.94264e-05 0.000117337 6.80365e-05 -4.47892e-05 0 -5.47704e-05
internal_weight=4068 318 3750 3524 226 282 2442 1867 196 575 252 217 157 1082 204 878
internal_count=4068 318 3750 3524 226 282 2442 1867 196 575 252 217 157 1082 204 878
is_linear=0
shrinkage=0.03


Tree=16
num_leaves=19
num_cat=0
split_feature=5 28 23 0 23 30 30 26 19 32 24 27 25 25 25 1 25 26
split_gain=0.00527055 0.00216412 0.00188128 0.0012989 0.00105733 0.00184197 0.00162873 0.000815013 0.000781939 0.000705997 0.000702426 0.000573594 0.000565414 0.000564902 0.000669343 0.000506831 0.000462405 0.000305535
threshold=10572990.000000002 -157173245.99999997 -1.6251327600532333 40.218473434448249 -1.6812169612592027 45.077092363845274 33.298459272044099 2.3983310923341512 50.375000000000007 -0.020398241417064197 1.3788573635773114 1.0000000180025095e-35 -0.53593675932721907 0.022322663719124159 0.5525337134197279 63.149999618530281 -0.70783075055805078 1.2792163104826602
decision_type=2 2 2 2 2 2 2 2 2 2 2 2 2 2 2 2 2 2
left_child=2 -2 7 13 6 11 -3 12 -7 17 -11 -6 -1 16 -15 -14 -4 -5
right_child=1 4 3 9 5 8 -8 -9 -10 10 -12 -13 15 14 -16 -17 -18 -19
leaf_value=-2.7434776157951761e-05 0.0004195568194859605 0.00033090644569237868 0.00011818114312369123 -1.1981351526331004e-05 0 0 0 0.00024013023382591151 0.0001376977268525087 -2.4601954988849404e-05 -8.8047367465318921e-05 -0.00012257369842636354 0.00017223257164463517 4.9104093292507247e-05 -4.9224062151504526e-05 6.4310224454671657e-06 -1.8438462634459942e-05 4.4187867490003289e-05
leaf_weight=39 25 37 20 61 30 26 20 30 129 2084 226 51 38 472 42 119 454 165
leaf_count=39 25 37 20 61 30 26 20 30 129 2084 226 51 38 472 42 119 454 165
internal_value=3.97319e-07 0.000118321 -8.80553e-06 -1.48988e-05 8.22487e-05 3.78261e-05 0.000213246 7.29023e-05 0.000106042 -2.66618e-05 -3.21114e-05 -5.56885e-05 3.18985e-05 1.22581e-05 3.5226e-05 6.57415e-05 -6.32243e-06 1.57601e-05
internal_weight=4068 318 3750 3524 293 236 57 226 155 2536 2310 81 196 988 514 157 474 226
internal_count=4068 318 3750 3524 293 236 57 226 155 2536 2310 81 196 988 514 157 474 226
is_linear=0
shrinkage=0.03


Tree=17
num_leaves=24
num_cat=0
split_feature=5 24 30 34 30 21 26 31 26 22 36 21 4 25 2 33 34 3 2 33 26 36 24
split_gain=0.00498325 0.00156407 0.00115916 0.00435602 0.00126401 0.00112767 0.000957626 0.000873624 0.00086364 0.00108277 0.000991169 0.000740655 0.000789806 0.000624007 0.000482962 0.000418578 0.00034762 0.000343694 0.000454428 0.000368823 0.000281432 5.13764e-05 4.15829e-05
threshold=10572990.000000002 -1.1567114817007578 25.875656321656745 -0.053041823013434623 44.39655898510302 69.402960205078145 1.8126852634980375 0.015412973426850553 1.8877429900758094 49.290521607512517 -0.01000385801724653 78.956666501363131 50.725000381469734 -0.44702631283342592 63.19054031372071 -0.0069788234811730123 -0.030927153405492621 64.771331787109389 52.125000000000007 0.009708786484961986 1.0781986087403921 -0.0045550638734686696 0.94893915358949577
decision_type=2 2 2 2 2 2 2 2 2 2 2 2 2 2 2 2 2 2 2 2 2 2 2
left_child=1 8 3 21 13 17 7 -7 14 10 -10 12 -6 -4 20 -16 -8 18 -3 -19 -1 -2 -13
right_child=2 5 4 -5 11 6 16 -9 9 -11 -12 22 -14 -15 15 -17 -18 19 -20 -21 -22 -23 -24
leaf_value=0 4.0564873811765648e-05 1.0407547736335914e-05 2.2613410822829438e-05 0.00049206909336695244 0 -5.2209459357515385e-05 6.7803498268227718e-05 2.4892562076582873e-05 0 0 0.00021799670693405806 -1.8925035088697721e-05 0.00018848764542107443 -0.00012243782833088409 3.2886075814789285e-05 -4.0605874120590528e-05 -3.6260299107617414e-06 8.0017308156486741e-05 -2.4169580037625226e-05 0 0.00012156730868473981 0 3.6478095204609108e-05
leaf_weight=20 28 741 23 34 32 1281 67 92 31 28 72 26 96 38 95 167 348 99 576 86 47 20 21
leaf_count=20 28 741 23 34 32 1281 67 92 31 28 72 26 96 38 95 167 348 99 576 86 47 20 21
internal_value=4.10729e-07 -8.51704e-06 0.000115092 0.00022982 6.24415e-05 -1.64229e-05 -3.26075e-05 -4.48568e-05 4.14977e-05 0.000109078 0.000156784 0.000107852 0.000145271 -1.8699e-05 5.44815e-06 -2.50964e-06 6.92348e-07 8.47271e-07 -2.43798e-06 4.04308e-05 8.12334e-05 0 0
internal_weight=4068 3750 318 82 236 3290 1788 1373 460 131 103 175 128 61 329 262 415 1502 1317 185 67 48 47
internal_count=4068 3750 318 82 236 3290 1788 1373 460 131 103 175 128 61 329 262 415 1502 1317 185 67 48 47
is_linear=0
shrinkage=0.03


Tree=18
num_leaves=19
num_cat=0
split_feature=5 28 24 21 26 33 20 0 26 20 28 31 0 36 31 25 5 30
split_gain=0.00471659 0.00204703 0.00149299 0.00110202 0.0014429 0.00100893 0.000901137 0.000858535 0.000861783 0.000748922 0.00110862 0.00108804 0.000642175 0.000638947 0.000543252 0.00026572 0.000164817 0.00029647
threshold=10572990.000000002 -157173245.99999997 -1.6323597074302227 69.402960205078145 1.4895399899934352 0.0055112306836045963 47.427500152587903 35.434808731079109 1.4344426664235785 65.146555423736586 153623112.00000003 0.031069395829714911 60.271036148071296 -0.0024760011721343031 0.0094200838970250906 -0.30587861701113417 5911708.5000000009 61.291012652483467
decision_type=2 2 2 2 2 2 2 2 2 2 2 2 2 2 2 2 2 2
left_child=2 -2 5 7 14 15 -3 13 -9 11 -11 -8 -6 -4 -5 -1 -7 -18
right_child=1 6 3 4 12 16 9 8 -10 10 -12 -13 -14 -15 -16 -17 17 -19
leaf_value=0 0.00040473477945540589 -7.3918418798440024e-06 0 -6.9399629288635176e-05 7.654833797888804e-06 -4.9287969758605108e-05 0.00022157064076257395 -1.8276093095784922e-05 4.7256846294458411e-05 -2.7333544886532492e-06 0.00013976436485223196 0 -3.6257079522453355e-05 8.8339003069206343e-05 0 0.00018201144990195593 0.00010607975743322142 0
leaf_weight=30 25 32 146 693 804 36 82 1037 206 99 59 21 429 172 82 64 29 22
leaf_count=30 25 32 146 693 804 36 82 1037 206 99 59 21 429 172 82 64 29 22
internal_value=4.82574e-07 0.000112064 -8.18229e-06 -1.31634e-05 -2.80847e-05 7.3424e-05 7.67271e-05 4.10954e-06 -4.9992e-06 9.85293e-05 3.15572e-05 0.000172035 -5.19233e-06 4.91352e-05 -6.06299e-05 0.00014151 0 3.44476e-05
internal_weight=4068 318 3750 3569 2008 181 293 1561 1243 261 158 103 1233 318 775 94 87 51
internal_count=4068 318 3750 3569 2008 181 293 1561 1243 261 158 103 1233 318 775 94 87 51
is_linear=0
shrinkage=0.03


Tree=19
num_leaves=15
num_cat=0
split_feature=35 3 29 29 35 29 24 30 0 36 28 29 34 34
split_gain=0.0043829 0.00178122 0.00242189 0.00161219 0.00145366 0.000922693 0.000890939 0.00121088 0.000699879 0.000699404 0.000502384 0.000388666 0.000143072 4.15815e-05
threshold=0.036302461360227613 38.875000000000007 24.940385733827231 64.321351684999698 0.013098387611117731 18.048264265202814 -1.1567114817007578 27.213126826962988 40.115802764892585 0.0091710659960516795 44803629.500000007 46.423298936351252 -0.033701971733299967 0.046147707704375936
decision_type=2 2 2 2 2 2 2 2 2 2 2 2 2 2
left_child=1 2 -1 5 8 -2 7 -6 10 -8 -3 -7 -10 -5
right_child=3 4 -4 13 6 11 9 -9 12 -11 -12 -13 -14 -15
leaf_value=0.00032905603424868238 0 -9.9676687507146373e-06 0 -2.2610208097476407e-05 0.00012966513123690603 0.00033801223060112788 3.5462825427104462e-06 0 0 -3.5262630178491301e-05 9.9368114591999641e-05 6.349085781504025e-05 -5.2059901993440792e-05 2.9171351822978031e-05
leaf_weight=33 31 168 44 23 111 55 1793 258 47 515 44 41 875 30
leaf_count=33 31 168 44 23 111 55 1793 258 47 515 44 41 875 30
internal_value=5.01305e-07 -5.45861e-06 0.000134959 0.000145824 -9.08635e-06 0.000203833 1.92085e-06 4.5915e-05 -3.77138e-05 -3.8148e-06 0 0.000252174 -4.93199e-05 0
internal_weight=4068 3888 77 180 3811 127 2677 369 1134 2308 212 96 922 53
internal_count=4068 3888 77 180 3811 127 2677 369 1134 2308 212 96 922 53
is_linear=0
shrinkage=0.03


Tree=20
num_leaves=17
num_cat=0
split_feature=5 0 23 0 26 22 32 24 4 29 0 21 25 0 25 22
split_gain=0.00431769 0.00198061 0.0015981 0.00104471 0.00075372 0.00070638 0.000621999 0.000688295 0.000538516 0.000718789 0.000518225 0.000660411 0.000508921 0.000508274 0.000476609 0.000378387
threshold=10572990.000000002 35.744647979736335 -1.6251327600532333 40.218473434448249 2.3983310923341512 30.422872680373782 -0.020398241417064197 1.3788573635773114 44.225000381469734 44.917363645466892 37.929924011230476 69.402960205078145 -0.53593675932721907 33.863651275634773 0.0093723651048097396 43.767231862282962
decision_type=2 2 2 2 2 2 2 2 2 2 2 2 2 2 2 2
left_child=2 -2 4 10 12 -3 15 -8 -7 -10 11 -4 -1 -14 -12 -5
right_child=1 5 3 6 -6 8 7 -9 9 -11 14 -13 13 -15 -16 -17
leaf_value=-2.8214794715274387e-05 0.00034061244469641647 -3.0603217838201552e-07 7.4613590476124832e-06 0 0.00022759961291329248 0 -2.1740692987994803e-05 -8.3992390190006734e-05 0.00018918522107066465 3.5973898648959448e-05 0 -7.9791518859168828e-05 0 9.2772411754033808e-05 8.3713843432166383e-05 6.1072831731413601e-05
leaf_weight=39 36 30 601 120 30 22 2084 226 79 151 155 88 37 120 144 106
leaf_count=39 36 30 601 120 30 22 2084 226 79 151 155 88 37 120 144 106
internal_value=5.59239e-07 0.000107338 -7.69822e-06 -1.33739e-05 6.7501e-05 6.68133e-05 -2.39611e-05 -2.91331e-05 8.67007e-05 0.000101696 1.07649e-05 0 2.75942e-05 6.05629e-05 4.40702e-05 1.5624e-05
internal_weight=4068 318 3750 3524 226 282 2536 2310 252 230 988 689 196 157 299 226
internal_count=4068 318 3750 3524 226 282 2536 2310 252 230 988 689 196 157 299 226
is_linear=0
shrinkage=0.03


Tree=21
num_leaves=19
num_cat=0
split_feature=5 28 23 35 23 36 27 36 4 26 4 26 0 4 0 0 5 31
split_gain=0.00407172 0.00190331 0.00149695 0.00121176 0.0009902 0.00127002 0.00110828 0.000978742 0.000734037 0.000708338 0.000518334 0.000700132 0.000489679 0.000449451 0.00040995 0.000361312 0.000496433 0.00024715
threshold=10572990.000000002 -157173245.99999997 -1.6251327600532333 0.013098387611117731 -1.6812169612592027 0.0048309223839762497 0.27139962259318934 -0.022601424169638916 50.725000381469734 2.3983310923341512 51.149999618530281 1.4344426664235785 35.525930404663093 61.975000381469734 36.320087432861335 40.115802764892585 6107602.0000000009 0.0059627232154412244
decision_type=2 2 2 2 2 2 2 2 2 2 2 2 2 2 2 2 2 2
left_child=2 -2 9 15 5 -3 7 -6 -8 13 12 -12 -5 -1 -15 16 -4 -17
right_child=1 4 3 10 6 -7 8 -9 -10 -11 11 -13 -14 14 -16 17 -18 -19
leaf_value=0.00012942193409484575 0.00038602875709344459 0.00033629825012278312 1.6810103178682873e-05 6.956413767428762e-05 4.8370525802957544e-06 0 0 -0.00016218304783649685 0.00010867202027405084 0.00022079430334888818 -3.4428556814387217e-05 2.3139298847022796e-06 0 -8.4400456975827084e-05 3.0350649795390102e-05 -5.5082705949129326e-05 -0.00011137177900054325 0
leaf_weight=32 25 29 172 157 22 28 35 41 138 30 650 1217 418 35 129 735 32 143
leaf_count=32 25 29 172 157 22 28 35 41 138 30 650 1217 418 35 129 735 32 143
internal_value=5.50447e-07 0.00010426 -7.44672e-06 -1.29628e-05 6.98598e-05 0.000193958 2.7111e-05 -5.63998e-05 7.48684e-05 6.52639e-05 -4.10041e-09 -8.87243e-06 2.3571e-05 2.60594e-05 0 -3.94345e-05 0 -4.78193e-05
internal_weight=4068 318 3750 3524 293 57 236 63 173 226 2442 1867 575 196 164 1082 204 878
internal_count=4068 318 3750 3524 293 57 236 63 173 226 2442 1867 575 196 164 1082 204 878
is_linear=0
shrinkage=0.03


Tree=22
num_leaves=20
num_cat=0
split_feature=5 29 23 20 21 20 28 2 0 26 32 0 25 25 28 26 28 30 5
split_gain=0.00386161 0.00182583 0.00142379 0.00102124 0.00092329 0.000923017 0.000877776 0.000815516 0.00120354 0.000703852 0.000484425 0.000425359 0.000580156 0.000409477 0.000704123 0.000643779 0.000323995 0.000309873 9.01929e-05
threshold=10572990.000000002 12.544909524805542 -1.651250535413048 89.116415023803725 75.266666539510098 105.90999965667726 233059607.00000003 44.225000381469734 45.969123840332038 2.3983310923341512 -0.017828782574912268 33.863651275634773 -0.53593675932721907 0.56639309739550114 85033919.000000015 1.4344426664235785 77881187.000000015 30.778091894559839 6243040.0000000009
decision_type=2 2 2 2 2 2 2 2 2 2 2 2 2 2 2 2 2 2 2
left_child=2 -2 9 13 7 16 10 -3 -9 11 -5 17 -13 15 -15 -4 -6 -1 -8
right_child=1 4 3 6 5 -7 18 8 -10 -11 -12 12 -14 14 -16 -17 -18 -19 -20
leaf_value=0 0.00036627376008979852 0 -9.9177463913477894e-06 0 0 0.00015927845758065433 8.2284217113461785e-06 0.00018425233812752051 0 0.00022661029708777216 -6.9115902976691295e-05 0 9.45641607261048e-05 -0.00014769482577641071 0 2.2109827258216402e-05 -9.8654538143815772e-05 -0.00012051433950329003 -2.4116917360892481e-05
leaf_weight=20 27 20 1559 54 23 23 253 116 54 28 562 32 113 46 81 872 55 20 110
leaf_count=20 27 20 1559 54 23 23 253 116 54 28 562 32 113 46 81 872 55 20 110
internal_value=6.25783e-07 0.000101633 -7.14215e-06 -1.23983e-05 6.66558e-05 0 -3.86047e-05 0.000105711 0.000129628 6.60259e-05 -6.04207e-05 2.54045e-05 5.80669e-05 -1.19465e-06 -5.40932e-05 3.36976e-07 -5.59721e-05 -1.80334e-05 0
internal_weight=4068 318 3750 3537 291 101 979 190 170 213 616 185 145 2558 127 2431 78 40 363
internal_count=4068 318 3750 3537 291 101 979 190 170 213 616 185 145 2558 127 2431 78 40 363
is_linear=0
shrinkage=0.03


Tree=23
num_leaves=19
num_cat=0
split_feature=35 23 19 30 29 35 29 26 25 29 33 35 27 29 29 1 29 22
split_gain=0.00380564 0.00186072 0.00163747 0.00159511 0.00151526 0.00135389 0.00130984 0.00399019 0.00111832 0.000926252 0.000875628 0.000735387 0.000681565 0.000514525 0.0002837 0.000232287 2.54339e-06 2.27096e-07
threshold=0.036302461360227613 -1.6812169612592027 39.760000228881843 34.342859081183491 64.321351684999698 0.020068025772746852 20.443538040941281 1.6837471292652395 0.016212311639649205 18.048264265202814 0.0061610755138491466 0.020833347838853215 0.17394273302385818 66.093894427103763 46.423298936351252 77.927135467529311 65.721951115026386 25.431832828123152
decision_type=2 2 2 2 2 2 2 2 2 2 2 2 2 2 2 2 2 2
left_child=1 6 3 5 9 -3 7 17 10 -2 -4 -10 15 -14 -11 -8 -5 -1
right_child=4 2 8 16 -6 -7 12 -9 11 14 -12 -13 13 -15 -16 -17 -18 -19
leaf_value=0 0 0.00040286993392718226 -4.4546630352856863e-05 -1.8621975113573201e-06 0 0 -0.00013577160107686902 0.00053793545958025473 -1.016357069311229e-05 0.00032004436646620261 0 3.2710420890582325e-05 0.0001111897148015793 0 5.8893690269821099e-05 0 8.7752974065173074e-06 2.9121766942147387e-06
leaf_weight=26 31 23 1309 36 53 23 21 21 1372 55 385 486 73 36 41 25 28 24
leaf_count=26 31 23 1309 36 53 23 21 21 1372 55 385 486 73 36 41 25 28 24
internal_value=6.13022e-07 -4.88904e-06 -1.07682e-05 9.97329e-05 0.000136052 0.0002343 7.70688e-05 0.000188063 -1.50376e-05 0.000192245 -3.2684e-05 0 6.79558e-06 6.35545e-05 0.000239906 -6.24686e-05 0 0
internal_weight=4068 3888 3662 110 180 46 226 71 3552 127 1694 1858 155 109 96 46 64 50
internal_count=4068 3888 3662 110 180 46 226 71 3552 127 1694 1858 155 109 96 46 64 50
is_linear=0
shrinkage=0.03


Tree=24
num_leaves=17
num_cat=0
split_feature=35 23 2 29 29 29 4 35 25 29 28 0 0 0 29 34
split_gain=0.00361622 0.00175304 0.00155604 0.00216968 0.0014412 0.00125117 0.00129183 0.00103137 0.0011299 0.000863667 0.000691871 0.000605939 0.000563796 0.000390374 0.000220392 2.90616e-05
threshold=0.036302461360227613 -1.6812169612592027 39.125000000000007 24.940385733827231 64.321351684999698 20.443538040941281 83.050125122070327 0.013098387611117731 0.1626876533712785 18.048264265202814 39686708.000000007 33.863651275634773 52.43883132934571 40.115802764892585 46.423298936351252 0.046147707704375936
decision_type=2 2 2 2 2 2 2 2 2 2 2 2 2 2 2 2
left_child=1 5 3 -3 9 6 10 13 -9 -2 -1 -7 -13 -4 -11 -6
right_child=4 2 7 -5 15 11 -8 8 -10 14 -12 12 -14 -15 -16 -17
leaf_value=0.00015790077488451879 0 0.00038282810941545992 0 0 -2.3979914146260041e-05 -8.5003479659260294e-05 0.0004171490201938536 -1.7185135245722227e-05 2.4921983046382121e-05 0.00031046045851923721 0 0.00011728290946799452 0 -4.654435556716895e-05 5.7131178022989395e-05 2.0679599134424737e-05
leaf_weight=27 31 21 201 30 23 30 20 1662 858 55 24 61 64 890 41 30
leaf_count=27 31 21 201 30 23 30 20 1662 858 55 24 61 64 890 41 30
internal_value=6.88718e-07 -4.65539e-06 -1.03839e-05 0.00014934 0.000132717 7.48619e-05 0.000183267 -1.34746e-05 -1.65782e-06 0.000187521 3.22027e-05 5.77708e-06 5.15958e-05 -3.8017e-05 0.000233657 0
internal_weight=4068 3888 3662 51 180 226 71 3611 2520 127 51 155 125 1091 96 53
internal_count=4068 3888 3662 51 180 226 71 3611 2520 127 51 155 125 1091 96 53
is_linear=0
shrinkage=0.03


Tree=25
num_leaves=16
num_cat=0
split_feature=35 23 2 30 30 35 25 0 36 5 0 30 30 30 30
split_gain=0.00343863 0.00164793 0.00146189 0.00172515 0.000981229 0.000970186 0.00106345 0.000783302 0.000901219 0.000889363 0.00036718 0.000230428 0.000148974 0.000601461 0.000831523
threshold=0.036302461360227613 -1.6812169612592027 39.125000000000007 27.576016169813332 80.663026702563357 0.013098387611117731 0.1626876533712785 33.993610382080085 -0.013601337235785082 9359693.5000000019 40.115802764892585 27.576016169813332 18.557370062398586 30.572027640062764 42.787688971344906
decision_type=2 2 2 2 2 2 2 2 2 2 2 2 2 2 2
left_child=1 7 3 -3 12 10 -7 11 -9 -10 -4 -1 -2 -14 -15
right_child=4 2 5 -5 -6 6 -8 8 9 -11 -12 -13 13 14 -16
leaf_value=9.5747663888868332e-06 0 0.0003444051709472796 0 0 0 -1.666961214419259e-05 2.4174410625427628e-05 0 5.3547694597287749e-05 0.00027779707493070155 -4.514818187118886e-05 -9.047258197259438e-05 0.00032303212877609917 0 0.00013916636684513947
leaf_weight=21 24 22 201 29 22 1662 858 22 117 41 890 25 37 22 75
leaf_count=21 24 22 201 29 22 1662 858 22 117 41 890 25 37 22 75
internal_value=7.17233e-07 -4.4752e-06 -1.00516e-05 0.00014462 0.000129471 -1.30708e-05 -1.57236e-06 7.25784e-05 0.000102603 0.000130853 -3.6878e-05 0 0.000157102 0.000173488 8.52761e-05
internal_weight=4068 3888 3662 51 180 3611 2520 226 180 158 1091 46 158 134 97
internal_count=4068 3888 3662 51 180 3611 2520 226 180 158 1091 46 158 134 97
is_linear=0
shrinkage=0.03


Tree=26
num_leaves=20
num_cat=0
split_feature=5 28 23 0 36 28 0 30 23 21 26 32 23 0 21 33 25 1 22
split_gain=0.00327358 0.00176827 0.00115849 0.000828007 0.000800304 0.00178942 0.00140657 0.000656913 0.000940064 0.000611035 0.00060327 0.000553393 0.000669953 0.000516581 0.000606747 0.000489993 0.000431303 0.000487191 0.000361925
threshold=10572990.000000002 -157173245.99999997 -1.6251327600532333 40.218473434448249 -0.0071298255315945819 140350584.00000003 40.291978836059577 42.787688971344906 -1.6812169612592027 78.956666501363131 2.3983310923341512 -0.020398241417064197 1.0966490416070196 37.929924011230476 69.402960205078145 0.0059523927947900965 -0.53593675932721907 63.149999618530281 43.767231862282962
decision_type=2 2 2 2 2 2 2 2 2 2 2 2 2 2 2 2 2 2 2
left_child=2 -2 10 13 5 6 -3 8 -6 -9 16 18 -13 14 -4 -15 -1 -18 -5
right_child=1 4 3 11 7 -7 -8 9 -10 -11 -12 12 -14 15 -16 -17 17 -19 -20
leaf_value=-3.2010763208694452e-05 0.00036365459273769648 0.00019922910360413226 6.1521875173476465e-06 0 1.6822254369413383e-05 0.00032482627453663275 -7.0664304561590343e-05 0.00010693707560508133 -0.00014854680875781132 0 0.00020032597386643311 -1.607296597199989e-05 -6.3386594481664409e-05 0 -7.7072797162202212e-05 9.8256854528644449e-05 0.00015074839196296217 0 6.0489475230930932e-05
leaf_weight=39 25 27 601 120 27 32 38 89 44 36 30 1901 409 195 88 104 38 119 106
leaf_count=39 25 27 601 120 27 32 38 89 44 36 30 1901 409 195 88 104 38 119 106
internal_value=7.28918e-07 9.37629e-05 -6.36267e-06 -1.13029e-05 6.03829e-05 0.00013526 0 7.97817e-06 -4.35307e-05 6.12274e-05 5.73725e-05 -2.07914e-05 -2.57512e-05 1.00157e-05 -1.33556e-07 4.34253e-05 2.01025e-05 5.21561e-05 1.66241e-05
internal_weight=4068 318 3750 3524 293 97 65 196 71 125 226 2536 2310 988 689 299 196 157 226
internal_count=4068 318 3750 3524 293 97 65 196 71 125 226 2536 2310 988 689 299 196 157 226
is_linear=0
shrinkage=0.03


Tree=27
num_leaves=19
num_cat=0
split_feature=5 0 23 20 23 29 25 20 26 26 20 32 25 26 5 22 21 19
split_gain=0.0031017 0.00175005 0.0011005 0.000826453 0.000654339 0.000755788 0.0012189 0.000642604 0.000627133 0.000557942 0.000448343 0.000396431 0.000395182 0.000625917 0.000374678 0.000362243 0.00029851 0.00012993
threshold=10572990.000000002 35.744647979736335 -1.6251327600532333 89.116415023803725 0.43166998281124697 91.209986124242448 0.070515278628609249 92.226825904846208 1.9089681401679781 2.3983310923341512 53.332499694824229 -1.0000000180025095e-35 0.56639309739550114 1.4344426664235785 8382804.0000000009 46.955476971739522 85.620847765604665 71.196535491943379
decision_type=2 2 2 2 2 2 2 2 2 2 2 2 2 2 2 2 2 2
left_child=2 -2 9 12 7 6 -6 11 14 10 -1 -3 13 -4 -5 -10 -14 -12
right_child=1 4 3 8 5 -7 -8 -9 15 -11 17 -13 16 -15 -16 -17 -18 -19
leaf_value=0.00013525115702231461 0.00030874219218686926 -7.992532341376222e-05 -9.3156233906344689e-06 -5.4909886537934602e-05 0 0 0.0002168179878284225 0.00013842405684333554 5.6539166742113893e-05 0.000194336167409818 -4.0661942000222044e-05 0 -8.1887142038280183e-05 2.2240047674869112e-05 0 -1.8536844878797766e-05 0 1.7813416251224458e-05
leaf_weight=26 36 65 1554 685 50 21 67 27 85 30 47 52 93 869 47 157 34 123
leaf_count=26 36 65 1554 685 50 21 67 27 85 30 47 52 93 869 47 157 34 123
internal_value=7.79279e-07 9.13471e-05 -6.10312e-06 -1.09374e-05 5.28604e-05 9.98607e-05 0.000132549 0 -3.45682e-05 5.59807e-05 1.94172e-05 -2.24606e-05 -7.33954e-07 7.64069e-07 -4.85893e-05 0 -5.28959e-05 0
internal_weight=4068 318 3750 3524 282 138 117 144 974 226 196 117 2550 2423 732 242 127 170
internal_count=4068 318 3750 3524 282 138 117 144 974 226 196 117 2550 2423 732 242 127 170
is_linear=0
shrinkage=0.03


Tree=28
num_leaves=20
num_cat=0
split_feature=5 29 23 21 21 26 2 0 5 26 25 26 21 0 25 22 22 36 2
split_gain=0.0029445 0.00168138 0.00104912 0.000834206 0.000827057 0.000802221 0.000750555 0.00108995 0.000577912 0.00055806 0.00052796 0.000825513 0.000459526 0.000329044 0.000511717 0.000320681 0.000257271 0.0002235 9.17984e-05
threshold=10572990.000000002 12.544909524805542 -1.651250535413048 86.429670079549169 75.266666539510098 1.9089681401679781 44.225000381469734 45.969123840332038 6411184.5000000009 2.3983310923341512 0.56639309739550114 1.4344426664235785 98.406969706217453 33.863651275634773 -0.53593675932721907 33.710152933181774 49.94160422614511 -0.009638035629924829 63.897899627685554
decision_type=2 2 2 2 2 2 2 2 2 2 2 2 2 2 2 2 2 2 2
left_child=2 -2 9 10 6 8 -3 -8 -5 13 11 -4 15 18 -15 -6 -7 -12 -1
right_child=1 4 3 5 12 16 7 -9 -10 -11 17 -13 -14 14 -16 -17 -18 -19 -20
leaf_value=0 0.00034074228077914695 0 -8.9513661011792992e-06 -6.003151766689345e-05 0 4.098886250057663e-05 0.0001683639226801987 0 0 0.00019981531122222117 0 2.8462467673045851e-05 7.2016472021142384e-05 0 8.4651558489477904e-05 -0.00010561028747308841 -1.0009422396963408e-05 -8.8761805860414396e-05 -6.8238344349300667e-05
leaf_weight=20 27 20 1526 660 20 131 116 54 189 28 20 783 34 32 113 47 144 84 20
leaf_count=20 27 20 1526 660 20 131 116 54 189 28 20 783 34 32 113 47 144 84 20
internal_value=8.13738e-07 8.90663e-05 -5.87228e-06 -1.04884e-05 5.53002e-05 -3.18441e-05 9.27279e-05 0.000116536 -4.67875e-05 5.66723e-05 0 2.43743e-06 0 1.87037e-05 4.91076e-05 -5.93957e-05 3.38525e-06 -6.65786e-05 -1.65448e-05
internal_weight=4068 318 3750 3537 291 1124 190 170 849 213 2413 2309 101 185 145 67 275 104 40
internal_count=4068 318 3750 3537 291 1124 190 170 849 213 2413 2309 101 185 145 67 275 104 40
is_linear=0
shrinkage=0.03


Tree=29
num_leaves=15
num_cat=0
split_feature=35 3 29 29 35 29 36 31 33 0 5 29 26 34
split_gain=0.00294596 0.00134703 0.00197905 0.00134225 0.000954189 0.000852236 0.000657736 0.00140006 0.000506738 0.000496786 0.000237217 0.000175451 0.000145259 2.6583e-05
threshold=0.036302461360227613 38.875000000000007 24.940385733827231 64.321351684999698 0.013098387611117731 18.048264265202814 0.012844554875967666 0.020103146356073246 0.0031283041058096654 40.115802764892585 6107602.0000000009 46.423298936351252 1.9531820959199031 0.046147707704375936
decision_type=2 2 2 2 2 2 2 2 2 2 2 2 2 2
left_child=1 2 -1 5 9 -2 8 -8 -6 10 -3 -7 -11 -5
right_child=3 4 -4 13 6 11 7 -9 -10 12 -12 -13 -14 -15
leaf_value=0.00029372151599904334 0 2.5200441542662238e-05 0 -2.9828754040509353e-05 -1.4075826458488506e-06 0.00028987917063792425 -8.6656200271549892e-05 2.2129948521789508e-05 2.5307937839481909e-05 -4.3085095290836811e-05 -5.4258820607635535e-05 4.8129754826081501e-05 0 1.0583310231776822e-05
leaf_weight=33 31 178 44 23 1352 55 216 145 964 878 34 41 44 30
leaf_count=33 31 178 44 23 1352 55 216 145 964 878 34 41 44 30
internal_value=7.73263e-07 -3.97664e-06 0.000118051 0.000119974 -7.23238e-06 0.000172917 1.487e-06 -3.4659e-05 8.41768e-06 -3.04595e-05 0 0.000218007 -4.03233e-05 0
internal_weight=4068 3888 77 180 3811 127 2677 361 2316 1134 212 96 922 53
internal_count=4068 3888 77 180 3811 127 2677 361 2316 1134 212 96 922 53
is_linear=0
shrinkage=0.03


Tree=30
num_leaves=16
num_cat=0
split_feature=23 32 2 30 25 26 22 29 0 1 20 26 36 2 29
split_gain=0.00255638 0.00168902 0.00154367 0.00130721 0.00155507 0.000702079 0.00142146 0.00118847 0.00236787 0.000930513 0.000881613 0.000676959 2.89828e-05 2.31366e-06 1.80306e-05
threshold=-2.4013206128310141 0.0077869145700825157 40.225000381469734 34.342859081183491 -0.096671010195684345 1.4435463495348106 60.950121820170843 9.3895397310114515 54.421606063842781 62.125000000000007 66.418754291534427 1.3481246776573741 -0.0038041115938635202 39.725000381469734 60.662614980167099
decision_type=2 2 2 2 2 2 2 2 2 2 2 2 2 2 2
left_child=1 -1 3 4 12 6 10 8 -7 -9 -4 -8 -2 14 -5
right_child=2 -3 5 13 -6 7 11 9 -10 -11 -12 -13 -14 -15 -16
leaf_value=0 0 0.00043582870280926128 -1.0600695462618755e-05 -2.7732703866772519e-05 0.0004365579031908245 0.00034775286381961122 5.6785462212595407e-05 7.2661055750249782e-05 0 -4.1500975240647508e-06 -6.1882047667157779e-05 -2.4510333920039176e-05 4.6552913615932728e-05 9.1070110262167449e-06 0
leaf_weight=31 23 20 994 21 20 27 284 153 32 1722 594 76 25 25 21
leaf_count=31 23 20 994 21 20 27 284 153 32 1722 594 76 25 25 21
internal_value=7.80357e-07 0.000212054 -1.16039e-06 9.745e-05 0.000190041 -5.36485e-06 -1.84974e-05 6.31192e-06 0.000139262 5.21319e-07 -3.16745e-05 3.129e-05 2.4261e-05 0 -1.15423e-07
internal_weight=4068 51 4017 135 68 3882 1948 1934 59 1875 1588 360 48 67 42
internal_count=4068 51 4017 135 68 3882 1948 1934 59 1875 1588 360 48 67 42
is_linear=0
shrinkage=0.03


Tree=31
num_leaves=21
num_cat=0
split_feature=35 23 19 29 30 22 29 26 25 34 29 0 27 29 1 30 30 34 25 29
split_gain=0.00274583 0.001331 0.00129336 0.00127704 0.00126259 0.00135598 0.0011888 0.00355888 0.000942085 0.000905062 0.000806821 0.000581562 0.000537961 0.000467968 0.000199493 0.000139063 0.000329165 2.42252e-05 1.10723e-05 2.27396e-06
threshold=0.036302461360227613 -1.6812169612592027 39.760000228881843 64.321351684999698 34.342859081183491 35.663984199928684 20.443538040941281 1.6720925628239323 0.016212311639649205 0.0042857909600827479 18.048264265202814 41.683755874633796 0.17394273302385818 66.093894427103763 77.927135467529311 30.572027640062764 44.39655898510302 0.046147707704375936 -0.39700843481167114 65.721951115026386
decision_type=2 2 2 2 2 2 2 2 2 2 2 2 2 2 2 2 2 2 2 2
left_child=1 6 4 10 5 -3 7 18 9 -4 -2 -10 14 -14 -8 -12 -17 -5 -1 -6
right_child=3 2 8 17 19 -7 12 -9 11 -11 15 -13 13 -15 -16 16 -18 -19 -20 -21
leaf_value=0 0 0 -4.0518662959680142e-05 -2.9216773037695884e-05 -1.3879582045955788e-06 0.0003588164600625308 -0.00013191370451293212 0.00048687854073773139 2.4631801033918468e-05 7.6705613883326688e-06 0.00034444238215893783 -1.0227306418107048e-05 9.9087087711627954e-05 0 0 0 0.00014341847288329627 8.3209394803734741e-06 2.0769869163330003e-05 8.3878865627923205e-06
leaf_weight=26 31 21 1351 23 36 25 21 22 656 343 32 1202 73 36 25 20 44 30 23 28
leaf_count=26 31 21 1351 23 36 25 21 22 656 343 32 1202 73 36 25 20 44 30 23 28
internal_value=7.90784e-07 -3.76885e-06 -8.85604e-06 0.000115884 8.91425e-05 0.000208872 6.53608e-05 0.000169214 -1.27379e-05 -2.89906e-05 0.000167546 4.66433e-07 0 5.21352e-05 -6.37957e-05 0.000211384 9.7619e-05 0 0 0
internal_weight=4068 3888 3662 180 110 46 226 71 3552 1694 127 1858 155 109 46 96 64 53 49 64
internal_count=4068 3888 3662 180 110 46 226 71 3552 1694 127 1858 155 109 46 96 64 53 49 64
is_linear=0
shrinkage=0.03


Tree=32
num_leaves=21
num_cat=0
split_feature=35 23 19 29 30 22 29 26 25 34 1 29 35 27 28 29 28 28 34 29
split_gain=0.00261068 0.00124696 0.00122206 0.00121486 0.00119307 0.00126776 0.00113146 0.00334086 0.000883177 0.000857197 0.000808497 0.000763815 0.000573857 0.000501684 0.000478139 0.000445563 0.000191166 5.30775e-05 2.27995e-05 2.14004e-06
threshold=0.036302461360227613 -1.6812169612592027 39.760000228881843 64.321351684999698 34.342859081183491 35.663984199928684 20.443538040941281 1.6720925628239323 0.016212311639649205 0.0042857909600827479 48.125000000000007 18.751998821769917 0.020833347838853215 0.17394273302385818 39686708.000000007 66.093894427103763 82928143.000000015 46292293.000000007 0.046147707704375936 65.721951115026386
decision_type=2 2 2 2 2 2 2 2 2 2 2 2 2 2 2 2 2 2 2 2
left_child=1 6 4 10 5 -3 7 17 9 -4 -2 -12 -10 16 -13 -15 -8 -1 -5 -6
right_child=3 2 8 18 19 -7 13 -9 12 -11 11 14 -14 15 -16 -17 -18 -19 -20 -21
leaf_value=4.7581196875450456e-05 0.00034819190488820991 0 -3.9303192907761955e-05 -2.8344066314665322e-05 -1.3464342620884153e-06 0.00034809484866362404 -0.00012570484938538248 0.00047233827504839291 -7.8345498537790277e-06 7.440511208407689e-06 0 0 2.9830299237013627e-05 9.6118541260978668e-05 0.000181335626530234 0 0 0 8.0721376698148503e-06 8.1371425011350953e-06
leaf_weight=21 29 21 1351 23 36 25 22 22 1372 343 25 21 486 73 52 36 24 28 30 28
leaf_count=21 29 21 1351 23 36 25 22 22 1372 343 25 21 486 73 52 36 24 28 30 28
internal_value=8.38915e-07 -3.58801e-06 -8.53583e-06 0.000113067 8.66479e-05 0.000203034 6.3284e-05 0.000164493 -1.23304e-05 -2.80678e-05 0.000163455 7.79075e-05 4.04027e-07 0 0.000132474 5.01462e-05 -6.1993e-05 0 0 0
internal_weight=4068 3888 3662 180 110 46 226 71 3552 1694 127 98 1858 155 73 109 46 49 53 64
internal_count=4068 3888 3662 180 110 46 226 71 3552 1694 127 98 1858 155 73 109 46 49 53 64
is_linear=0
shrinkage=0.03


Tree=33
num_leaves=21
num_cat=0
split_feature=5 28 24 34 36 28 0 21 26 30 24 0 26 36 21 0 25 31 32 32
split_gain=0.00247524 0.00160596 0.000865823 0.000783749 0.00075242 0.0016858 0.00119764 0.000704362 0.000982348 0.000586822 0.000875688 0.000528055 0.000664375 0.000596857 0.000522613 0.000462534 0.000443856 0.000432916 0.000304252 0.000152667
threshold=10572990.000000002 -157173245.99999997 -1.6323597074302227 0.019355678302499405 -0.0071298255315945819 140350584.00000003 40.705423355102546 69.402960205078145 1.4895399899934352 42.787688971344906 -0.91584500998881502 35.434808731079109 1.4344426664235785 -0.0024760011721343031 78.956666501363131 60.271036148071296 -0.39700843481167114 0.0094200838970250906 0.017733393499991926 0.014398416067750499
decision_type=2 2 2 2 2 2 2 2 2 2 2 2 2 2 2 2 2 2 2 2
left_child=2 -2 3 16 5 6 -3 11 17 10 -6 13 -13 -4 -11 -10 -1 -9 -18 -5
right_child=1 4 7 19 9 -7 -8 8 15 14 -12 12 -14 -15 -16 -17 18 -19 -20 -21
leaf_value=0 0.00033700426439828876 0.000165342149321621 0 -6.3476999670258912e-05 0 0.00030151565345417638 -8.5235282243428437e-05 -5.5999896396133953e-05 8.7006835241866e-06 9.5482131259308942e-05 -0.00016205383538434186 -1.4230366883294359e-05 4.3722484857542529e-05 7.7604106342200681e-05 0 -2.8973870879203952e-05 0.00015261027470080902 0 0 0
leaf_weight=20 25 30 146 34 34 32 35 693 804 89 37 1037 206 172 36 429 84 82 20 23
leaf_count=20 25 30 146 34 34 32 35 693 804 89 37 1037 206 172 36 429 84 82 20 23
internal_value=8.62198e-07 8.18131e-05 -5.20446e-06 5.65924e-05 4.96961e-05 0.00012012 0 -9.1805e-06 -2.12248e-05 0 -5.1172e-05 4.39136e-06 -2.20989e-06 3.96179e-05 5.22827e-05 -1.97589e-06 0.000101772 -4.79744e-05 0.00012722 0
internal_weight=4068 318 3750 181 293 97 65 3569 2008 196 71 1561 1243 318 125 1233 124 775 104 57
internal_count=4068 318 3750 181 293 97 65 3569 2008 196 71 1561 1243 318 125 1233 124 775 104 57
is_linear=0
shrinkage=0.03


Tree=34
num_leaves=15
num_cat=0
split_feature=35 29 3 26 35 35 0 29 20 26 28 36 29 34
split_gain=0.00237095 0.00114606 0.0010716 0.00177343 0.000805797 0.000906345 0.00114594 0.000738533 0.000400619 0.000586687 0.000400044 0.000358634 0.000159306 2.31246e-05
threshold=0.036302461360227613 64.321351684999698 38.875000000000007 0.8114673841844483 0.015813722313952509 0.016151130709722586 54.782201766967781 18.048264265202814 87.369821166992196 1.2610737982234539 252813886.00000003 0.012844554875967666 46.423298936351252 0.046147707704375936
decision_type=2 2 2 2 2 2 2 2 2 2 2 2 2 2
left_child=2 7 3 -1 8 6 -6 -2 9 -4 -10 -7 -9 -3
right_child=1 13 4 -5 5 11 -8 12 10 -11 -12 -13 -14 -15
leaf_value=0.00031257718870605515 0 -2.9334906940711287e-05 -2.8729178402999271e-05 0 0.00019177644372123613 7.8738622098014826e-06 0 0.00026544559172721421 -5.2665051682138059e-05 1.2220995009040079e-05 0 -2.5831508853643867e-05 3.5545640141978501e-05 5.5695627081173842e-06
leaf_weight=25 31 23 603 52 52 1547 25 55 532 545 167 340 41 30
leaf_count=25 31 23 603 52 52 1547 25 55 532 545 167 340 41 30
internal_value=8.87499e-07 0.00010785 -3.29551e-06 0.000105387 -6.28128e-06 5.93441e-06 0.000107126 0.000156835 -2.08946e-05 -6.67616e-06 -3.99506e-05 2.10034e-07 0.000198616 0
internal_weight=4068 180 3888 77 3811 1964 77 127 1847 1148 699 1887 96 53
internal_count=4068 180 3888 77 3811 1964 77 127 1847 1148 699 1887 96 53
is_linear=0
shrinkage=0.03


Tree=35
num_leaves=19
num_cat=0
split_feature=5 0 23 25 23 5 32 29 25 1 26 23 29 0 36 28 25 33
split_gain=0.00228848 0.0015398 0.000833795 0.000806693 0.000655415 0.00114797 0.0010741 0.00066785 0.00114679 0.000609351 0.00081508 0.00111958 0.000737037 0.000594803 0.000827105 0.000806629 0.000455532 0.000274066
threshold=10572990.000000002 35.744647979736335 -2.0583842793993905 -0.40870518341544687 0.43166998281124697 11841774.500000002 -0.012558842936286283 91.209986124242448 0.070515278628609249 52.074998855590827 1.4895399899934352 0.32401423024965942 82.007551538266924 35.434808731079109 -0.0035620112835860643 -76114653.499999985 -0.56113046504395336 -0.0020105279428295204
decision_type=2 2 2 2 2 2 2 2 2 2 2 2 2 2 2 2 2 2
left_child=2 -2 3 -1 5 6 -3 8 -6 13 11 -11 -12 14 -4 -15 -7 -5
right_child=1 4 9 17 7 16 -8 -9 -10 10 12 -13 -14 15 -16 -17 -18 -19
leaf_value=0 0.00028132362204792179 0 0 0 0 0 0.00028937612952136275 0 0.00020150873045112256 -5.2456194012340231e-05 8.9217536304404694e-06 0 -5.0953078548271116e-05 -2.0068841890269136e-05 0.00011569267367599402 5.7611958906820187e-05 -0.00010181618681109077 0.00026847653101489142
leaf_weight=36 36 20 82 22 50 34 20 21 67 861 1285 477 216 483 106 160 70 22
leaf_count=36 36 20 82 22 50 34 20 21 67 861 1285 477 216 483 106 160 70 22
internal_value=9.01856e-07 7.87524e-05 -4.90182e-06 8.79988e-05 4.21672e-05 0 0.000133667 8.89014e-05 0.000120224 -7.74666e-06 -1.48757e-05 -3.19019e-05 0 1.29978e-05 5.99367e-05 0 -5.51581e-05 0.000174724
internal_weight=4068 318 3750 80 282 144 40 138 117 3670 2839 1338 1501 831 188 643 104 44
internal_count=4068 318 3750 80 282 144 40 138 117 3670 2839 1338 1501 831 188 643 104 44
is_linear=0
shrinkage=0.03


Tree=36
num_leaves=12
num_cat=0
split_feature=23 32 2 24 21 23 26 26 29 23 31
split_gain=0.00213942 0.0015777 0.0012881 0.00208504 0.000651303 0.00123216 0.00153566 0.00113803 0.00312081 0.00101809 0.000611537
threshold=-2.4013206128310141 0.0077869145700825157 39.125000000000007 -0.48433244708181977 68.606888866424569 -0.74524455748730023 1.1614527603407028 1.8209583827769855 17.304458930590027 0.3867785477447257 0.017098125145377233
decision_type=2 2 2 2 2 2 2 2 2 2 2
left_child=1 -1 3 -2 5 6 -4 10 -9 -7 -6
right_child=2 -3 4 -5 7 9 -8 8 -10 -11 -12
leaf_value=0 0 0.00040803895477872727 0 0.00038573328235339536 -3.3507171603268511e-05 -1.9750117294464183e-05 0.00018918863653444765 0.00019855405111944319 -2.1622645172355128e-06 3.1727742381713418e-05 2.6155840202992148e-05
leaf_weight=31 32 20 125 20 1581 888 74 76 541 566 114
leaf_count=31 32 20 125 20 1581 888 74 76 541 566 114
internal_value=9.36682e-07 0.000194173 -7.74623e-07 0.000146236 -3.46287e-06 9.87432e-06 7.98706e-05 -1.4296e-05 1.7728e-05 0 -2.77233e-05
internal_weight=4068 51 4017 52 3965 1653 199 2312 617 1454 1695
internal_count=4068 51 4017 52 3965 1653 199 2312 617 1454 1695
is_linear=0
shrinkage=0.03


Tree=37
num_leaves=18
num_cat=0
split_feature=35 23 1 26 2 29 29 26 21 27 26 29 28 1 22 0 20
split_gain=0.00214128 0.00121259 0.00102806 0.00146935 0.00099052 0.00170042 0.000940901 0.00305411 0.000660376 0.00055537 0.000514776 0.000505362 0.000482158 0.000177685 0.00014445 6.8003e-05 4.46808e-06
threshold=0.037752837715806752 -1.6812169612592027 48.125000000000007 2.3274740211063265 39.125000000000007 24.940385733827231 20.443538040941281 1.6720925628239323 86.429670079549169 0.17394273302385818 1.4344426664235785 66.093894427103763 233059607.00000003 77.927135467529311 40.332580686432095 39.126367568969734 63.567264842987065
decision_type=2 2 2 2 2 2 2 2 2 2 2 2 2 2 2 2 2
left_child=1 6 -2 14 5 -3 7 15 10 13 -6 -11 -10 -8 -4 -1 -16
right_child=2 4 3 -5 8 -7 9 -9 12 11 -12 -13 -14 -15 16 -17 -18
leaf_value=5.5180691189563528e-05 0.00028322738478188137 0.00032721349372532904 -7.344661019182147e-05 0.0002096180533143607 -1.1799130555299383e-05 0 -0.00012511822167713351 0.00045164881889366991 -4.2170048934885757e-05 0.00010222268472745744 1.6307781571214399e-05 0 0 0 0 0 1.0859363505314986e-05
leaf_weight=20 33 21 24 34 1553 30 21 22 784 75 929 37 372 25 25 29 34
leaf_count=20 33 21 24 34 1553 30 21 22 784 75 929 37 372 25 25 29 34
internal_value=9.79288e-07 -2.53436e-06 0.000112683 3.87606e-05 -7.42545e-06 0.000119422 6.31312e-05 0.000157307 -1.00315e-05 1.7636e-06 -6.99689e-08 5.4251e-05 -2.88228e-05 -6.07964e-05 0 0 0
internal_weight=4068 3918 150 117 3689 51 229 71 3638 158 2482 112 1156 46 83 49 59
internal_count=4068 3918 150 117 3689 51 229 71 3638 158 2482 112 1156 46 83 49 59
is_linear=0
shrinkage=0.03


Tree=38
num_leaves=20
num_cat=0
split_feature=5 28 36 28 24 34 0 20 28 26 20 25 30 25 25 29 25 28 1
split_gain=0.00204055 0.00286061 0.00109245 0.00232589 0.000841016 0.000753807 0.000685959 0.000629693 0.000603481 0.000558672 0.000718723 0.000678765 0.000398227 0.000468323 0.000360402 0.000328842 0.000298704 0.000293539 9.6527e-05
threshold=11355735.500000002 -157173245.99999997 -0.0064746041506887385 140350584.00000003 -1.6323597074302227 0.019355678302499405 40.705423355102546 88.407500267028823 180586054.50000003 1.4435463495348106 55.89750003814698 0.37095719587326542 65.131763999424791 -0.44702631283342592 0.56639309739550114 25.365573480570088 -0.40870518341544687 129653377.50000001 67.165634155273452
decision_type=2 2 2 2 2 2 2 2 2 2 2 2 2 2 2 2 2 2 2
left_child=4 -2 3 6 5 16 -3 9 17 10 -6 -11 13 -4 -14 -10 -1 -9 -7
right_child=1 2 12 -5 7 18 -8 8 15 11 -12 -13 14 -15 -16 -17 -18 -19 -20
leaf_value=0 0.00042481826881433487 0.00012604609214775689 0 0.00035007271858916559 1.7421281129653646e-06 0 -8.2061622571045416e-05 -1.9749343500581725e-05 4.1203521742865693e-05 3.4771061836207436e-05 -3.7355425059944149e-05 -1.7135464044449393e-05 0.0001140026625199055 -0.00010008711935721724 0 -1.6875747033542678e-05 0.0001198608082026525 -8.3949256008807949e-05 -4.8390353268486684e-05
leaf_weight=21 22 26 34 28 1037 21 30 357 116 708 594 246 37 62 31 347 107 207 37
leaf_count=21 22 26 34 28 1037 21 30 357 116 708 594 246 37 62 31 347 107 207 37
internal_value=9.66049e-07 8.12032e-05 3.84704e-05 0.000126716 -3.95013e-06 5.63727e-05 0 -7.88848e-06 -2.77599e-05 0 -1.06591e-05 1.82416e-05 0 -4.56873e-05 4.8139e-05 0 9.95631e-05 -4.8641e-05 0
internal_weight=4068 270 248 84 3798 186 56 3612 1027 2585 1631 954 164 96 68 463 128 564 58
internal_count=4068 270 248 84 3798 186 56 3612 1027 2585 1631 954 164 96 68 463 128 564 58
is_linear=0
shrinkage=0.03


Tree=39
num_leaves=19
num_cat=0
split_feature=35 29 23 29 26 19 24 25 33 29 33 0 0 29 0 29 26 0
split_gain=0.00195536 0.00107742 0.000936802 0.00105427 0.00286663 0.000935325 0.00114737 0.000794977 0.000729354 0.000716167 0.000554358 0.00039477 0.000527085 0.000122213 5.94082e-05 5.54077e-05 4.19069e-06 1.50252e-06
threshold=0.036302461360227613 64.321351684999698 -1.6812169612592027 20.443538040941281 1.6720925628239323 39.760000228881843 -0.18690929042580554 0.016212311639649205 0.0061610755138491466 18.048264265202814 -0.015088346197075107 35.434808731079109 51.943941116333015 46.423298936351252 39.126367568969734 35.892430212192409 0.7596104667732998 39.617887496948249
decision_type=2 2 2 2 2 2 2 2 2 2 2 2 2 2 2 2 2 2
left_child=2 9 3 4 14 6 16 8 -7 -2 -9 -5 -13 15 -1 -11 -4 -3
right_child=1 17 5 11 -6 7 -8 10 -10 13 -12 12 -14 -15 -16 -17 -18 -19
leaf_value=5.1575840968610843e-05 0 0 0 -7.7140236613436252e-05 0.00043664171375182553 -3.6661749704351131e-05 0.00024783380670263344 4.7286907585868778e-05 4.2311699452632349e-06 6.9787542764479805e-05 -2.8202778959839714e-06 0.00010968053935769579 0 2.929204683385476e-05 0 0.00039582682497881053 7.92185368191469e-06 -6.391720100751495e-06
leaf_weight=20 31 20 23 34 22 1309 27 219 385 34 1639 52 69 41 29 21 60 33
leaf_count=20 31 20 23 34 22 1309 27 219 385 34 1639 52 69 41 29 21 60 33
internal_value=9.40043e-07 9.80991e-05 -2.78889e-06 5.50297e-05 0.000151575 -7.17776e-06 7.5758e-05 -1.05928e-05 -2.55974e-05 0.000145827 1.47346e-06 0 3.54722e-05 0.000186635 0 0.000249214 0 0
internal_weight=4068 180 3888 226 71 3662 110 3552 1694 127 1858 155 121 96 49 55 83 53
internal_count=4068 180 3888 226 71 3662 110 3552 1694 127 1858 155 121 96 49 55 83 53
is_linear=0
shrinkage=0.03


Tree=40
num_leaves=18
num_cat=0
split_feature=35 23 1 19 30 23 28 30 19 25 34 30 19 0 0 28 29
split_gain=0.00187886 0.00102263 0.000939421 0.000923575 0.00103021 0.00123471 0.000895226 0.0020833 0.00106874 0.00080073 0.000748987 0.000629597 0.000517551 0.000423435 4.04731e-05 7.39857e-06 2.56812e-06
threshold=0.037752837715806752 -1.6812169612592027 48.125000000000007 39.760000228881843 34.342859081183491 -0.45783197776250256 155982697.50000003 36.360364464590006 62.135223388671882 0.016212311639649205 0.0042857909600827479 72.384959407313318 66.458063125610366 63.673488616943366 38.065500259399421 126694117.50000001 65.721951115026386
decision_type=2 2 2 2 2 2 2 2 2 2 2 2 2 2 2 2 2
left_child=1 6 -2 4 5 -3 8 -8 -1 10 -5 -11 -10 14 -4 -16 -6
right_child=2 3 13 9 16 -7 7 -9 12 11 -12 -13 -14 -15 15 -17 -18
leaf_value=0.00018111882070342441 0.00026849501552437014 0 3.3974597689171983e-05 -3.5793285681600901e-05 -7.6103668628967312e-06 0.00036439161341109155 0.00040286064597024079 0 -0.00011463734392936411 1.7614101831623325e-05 7.3797677685085281e-06 -1.734822195025031e-05 6.3453199798937729e-06 0.00014628364744642553 -1.7671979680593198e-05 0 2.8011050560839705e-06
leaf_weight=30 33 27 28 1358 36 20 21 21 35 1117 349 754 122 24 34 31 28
leaf_count=30 33 27 28 1358 36 20 21 21 35 1117 349 754 122 24 34 31 28
internal_value=9.99537e-07 -2.24379e-06 0.000105647 -6.79591e-06 7.53319e-05 0.000181856 5.79633e-05 0.000191846 1.17727e-05 -1.01842e-05 -2.52092e-05 1.92102e-06 -1.58502e-06 3.39063e-05 0 -7.82948e-06 0
internal_weight=4068 3918 150 3689 111 47 229 42 187 3578 1707 1871 157 117 93 65 64
internal_count=4068 3918 150 3689 111 47 229 42 187 3578 1707 1871 157 117 93 65 64
is_linear=0
shrinkage=0.03


Tree=41
num_leaves=22
num_cat=0
split_feature=5 28 36 28 35 23 21 0 13 36 35 21 34 0 5 20 34 4 31 31 31
split_gain=0.00184832 0.00262982 0.0010152 0.0021461 0.000730328 0.000942317 0.00119893 0.000627261 0.000553936 0.0009235 0.000466838 0.000410494 0.000338242 0.0003379 0.000431771 0.000389683 0.000295996 0.000177077 0.000143213 0.000158157 9.68774e-06
threshold=11355735.500000002 -157173245.99999997 -0.0064746041506887385 140350584.00000003 0.013098387611117731 -2.0583842793993905 75.266666539510098 40.787252426147468 90.000000000000014 0.0040743728537902691 0.021906008988976638 69.402960205078145 0.016288697900819441 40.115802764892585 6107602.0000000009 44.338749885559089 0.083888589232025038 80.195686340332045 -0.00691071816859845 0.0059627232154412244 -0.0091003451367694926
decision_type=2 2 2 2 2 2 2 2 2 2 2 2 2 2 2 2 2 2 2 2 2
left_child=4 -2 3 7 13 6 -6 -3 11 -10 12 -7 -4 14 15 -1 -12 -8 20 -20 -15
right_child=1 2 10 -5 5 8 17 -9 9 -11 16 -13 -14 18 -16 -17 -18 -19 19 -21 -22
leaf_value=0 0.00040729364935583666 0.00011636603271375612 -0.00017814348166134267 0.00033563200617623367 0.00030566148133286364 9.783022580939647e-06 -1.4994952877201989e-05 -8.2398030268431621e-05 0 0.00024482884210148798 5.6042075939847628e-05 -1.4111875862511656e-05 0 -9.5053597461802172e-06 -7.9501839932004072e-05 6.2532231197482359e-05 -5.7242961017794428e-06 7.8202057790126642e-05 -4.4272019492214055e-05 0 5.5434529251262322e-06
leaf_weight=53 22 27 21 28 21 1207 26 29 60 22 102 1300 20 78 37 129 21 25 631 155 54
leaf_count=53 22 27 21 28 21 1207 26 29 60 22 102 1300 20 78 37 129 21 25 631 155 54
internal_value=1.06567e-06 7.74347e-05 3.59287e-05 0.00012113 -3.57543e-06 4.0768e-06 0.000111248 0 0 7.75343e-05 0 -1.4111e-06 -9.42628e-05 -2.41215e-05 0 2.90904e-05 2.11301e-05 0 -3.24327e-05 -3.73158e-05 0
internal_weight=4068 270 248 84 3798 2661 72 56 2589 82 164 2507 41 1137 219 182 123 51 918 786 132
internal_count=4068 270 248 84 3798 2661 72 56 2589 82 164 2507 41 1137 219 182 123 51 918 786 132
is_linear=0
shrinkage=0.03


Tree=42
num_leaves=11
num_cat=0
split_feature=23 32 35 3 26 13 36 21 23 35
split_gain=0.00175353 0.00146108 0.00107867 0.000919885 0.00166165 0.00056213 0.00110414 0.000526367 0.000108657 6.4159e-09
threshold=-2.4013206128310141 0.0077869145700825157 0.045126642071191589 38.875000000000007 0.8114673841844483 90.000000000000014 0.0040743728537902691 68.606888866424569 -0.42114050325768199 0.02164116500113818
decision_type=2 2 2 2 2 2 2 2 2 2
left_child=1 -1 3 4 -2 7 -7 -5 -4 -6
right_child=2 -3 8 5 9 6 -8 -9 -10 -11
leaf_value=0 0.00029188381564193246 0.00037962308257762621 0 2.9932141669812978e-06 0 0 0.00021504245116375382 -1.8504968871135465e-05 0.00016225341563437564 4.6159959109533801e-07
leaf_weight=31 26 20 26 1536 28 105 29 2201 39 27
leaf_count=31 26 20 26 1536 28 105 29 2201 39 27
internal_value=1.03215e-06 0.000175936 -4.4595e-07 -3.18284e-06 9.47533e-05 -6.0095e-06 5.12306e-05 -8.86608e-06 0.000119623 0
internal_weight=4068 51 4017 3952 81 3871 134 3737 65 55
internal_count=4068 51 4017 3952 81 3871 134 3737 65 55
is_linear=0
shrinkage=0.03


Tree=43
num_leaves=22
num_cat=0
split_feature=5 28 36 28 24 33 21 23 26 26 5 0 35 31 34 34 34 31 33 34 25
split_gain=0.00169188 0.00246088 0.000954075 0.00200446 0.000705156 0.000910721 0.000688915 0.000879117 0.00163095 0.000714037 0.000683317 0.000582013 0.000428359 0.000385128 0.000327013 0.000317285 0.000275302 0.000257026 0.000139333 0.000371515 3.87747e-05
threshold=11355735.500000002 -157173245.99999997 -0.0064746041506887385 140350584.00000003 -1.6323597074302227 0.0055112306836045963 69.402960205078145 -0.74524455748730023 1.3481246776573741 1.4895399899934352 9464545.5000000019 40.705423355102546 0.021906008988976638 0.0094200838970250906 0.017083684984823603 0.016288697900819441 0.083888589232025038 0.0068392807078324633 0.029562297681433706 0.014457800652084797 -0.26772928389641665
decision_type=2 2 2 2 2 2 2 2 2 2 2 2 2 2 2 2 2 2 2 2 2
left_child=4 -2 3 11 5 17 7 8 -6 13 -11 -3 15 -8 -9 -4 -14 20 19 -7 -1
right_child=1 2 12 -5 6 18 9 14 -10 10 -12 -13 16 -15 -16 -17 -18 -19 -20 -21 -22
leaf_value=0 0.00039340603321251288 0.0001151624594376176 -0.0001725165158436819 0.00032362317153521121 2.9227825689304141e-06 0 -4.9473883818010604e-05 -1.0950870130795545e-05 0.00025729244641569624 1.693672168386182e-07 -0.00010429137899343009 -7.6827260664048466e-05 5.3292759273136921e-05 0 2.0481955877442702e-05 0 -6.526655603588608e-06 0 2.4544375885504282e-05 -0.00012519381040113967 0.0001896389186714216
leaf_weight=30 22 26 21 28 146 29 700 988 35 1185 57 30 102 82 419 20 21 23 32 28 44
leaf_count=30 22 26 21 28 146 29 700 988 35 1185 57 30 102 82 419 20 21 23 32 28 44
internal_value=1.0939e-06 7.41701e-05 3.36117e-05 0.000116374 -3.31304e-06 5.18386e-05 -6.98497e-06 6.43625e-06 6.87906e-05 -1.8997e-05 -2.21747e-06 0 0 -4.18073e-05 0 -9.12765e-05 1.87123e-05 0.000116583 0 -4.30985e-05 0.000144679
internal_weight=4068 270 248 84 3798 186 3612 1588 181 2024 1242 56 164 782 1407 41 123 97 89 57 74
internal_count=4068 270 248 84 3798 186 3612 1588 181 2024 1242 56 164 782 1407 41 123 97 89 57 74
is_linear=0
shrinkage=0.03


Tree=44
num_leaves=11
num_cat=0
split_feature=23 32 2 24 35 0 36 26 23 24
split_gain=0.00163313 0.0013554 0.00102467 0.00181144 0.000742719 0.000624411 0.000694819 0.00055459 0.000360495 1.21791e-05
threshold=-2.4013206128310141 0.0077869145700825157 39.125000000000007 -0.48433244708181977 0.041609258045350893 60.914653778076179 -0.0013981979458056583 1.4344426664235785 0.25609176387197158 -0.72526509947008633
decision_type=2 2 2 2 2 2 2 2 2 2
left_child=1 -1 3 -2 5 7 -7 -4 9 -6
right_child=2 -3 4 -5 8 6 -8 -9 -10 -11
leaf_value=0 0 0.000366155156455656 -1.0818957408736687e-05 0.00035430411683089695 2.3352397647477787e-05 0 -5.7288225780289956e-05 1.4603005069168063e-05 0.00015035355949357676 0
leaf_weight=31 32 20 1748 20 20 346 397 1381 40 33
leaf_count=31 32 20 1748 20 20 346 397 1381 40 33
internal_value=1.14903e-06 0.000169893 -2.50726e-07 0.000130912 -2.73075e-06 -5.47225e-06 -3.02041e-05 0 7.90697e-05 0
internal_weight=4068 51 4017 52 3965 3872 743 3129 93 53
internal_count=4068 51 4017 52 3965 3872 743 3129 93 53
is_linear=0
shrinkage=0.03


Tree=45
num_leaves=21
num_cat=0
split_feature=5 29 26 29 21 23 26 28 29 29 29 26 22 31 36 23 31 28 28 26
split_gain=0.00155696 0.001441 0.000621716 0.00140986 0.000842858 0.000762376 0.00161791 0.00073254 0.000597589 0.00150297 0.000551849 0.00114706 0.000790156 0.000479449 0.000906639 0.000330816 0.000715137 0.000326083 0.000293982 0.000172489
threshold=10572990.000000002 12.544909524805542 1.8971584223846636 16.215081427579982 68.960172621409114 -0.64268297589055468 1.4435463495348106 245908051.50000003 40.622453629310293 46.423298936351252 40.622453629310293 2.4766923457888144 52.634192193019636 0.017098125145377233 0.0088800260601724305 -1.6812169612592027 -0.026604737058152191 54091819.000000007 83547640.000000015 1.5835746078849631
decision_type=2 2 2 2 2 2 2 2 2 2 2 2 2 2 2 2 2 2 2 2
left_child=2 -2 4 7 5 6 -1 -4 15 -10 11 -5 -12 14 -6 -3 -17 -7 -11 -15
right_child=1 8 3 10 13 17 -8 -9 9 18 12 -13 -14 19 -16 16 -18 -19 -20 -21
leaf_value=1.5301138160886013e-05 0.00029277733534856308 5.1431581870695231e-05 0.00027964084632406682 -9.7899008356045245e-05 -1.7796050453457364e-05 -1.0933289308144837e-05 0.00029795833013147974 0 0.00032794458189555229 5.9688541009993344e-05 8.8297049834843485e-05 6.9546325958227438e-05 0 6.2366427517842178e-05 -9.4218482128430832e-05 0 -0.00012978708677752668 2.6652968524116218e-05 0 0
leaf_weight=231 27 24 29 111 1449 1023 24 24 20 92 129 35 149 56 190 25 52 244 78 56
leaf_count=231 27 24 29 111 1449 1023 24 24 20 92 129 35 149 56 190 25 52 244 78 56
internal_value=1.15344e-06 6.54062e-05 -3.49682e-06 2.70215e-05 -8.86175e-06 5.93721e-06 5.37706e-05 0.000174467 3.39109e-05 6.77503e-05 1.4802e-06 -3.7204e-05 3.25899e-05 -2.34381e-05 -2.84908e-05 -7.79593e-08 -5.50893e-05 -1.32575e-06 1.93277e-05 2.36999e-05
internal_weight=4068 318 3750 477 3273 1522 255 53 291 190 424 146 278 1751 1639 101 77 1267 170 112
internal_count=4068 318 3750 477 3273 1522 255 53 291 190 424 146 278 1751 1639 101 77 1267 170 112
is_linear=0
shrinkage=0.03


Tree=46
num_leaves=19
num_cat=0
split_feature=5 0 34 30 27 26 29 21 28 27 22 0 26 36 26 28 36 0
split_gain=0.00148872 0.00136704 0.000590986 0.00106422 0.000721285 0.000587441 0.00133618 0.000798463 0.0006767 0.000521662 0.00157322 0.000459853 0.00077872 0.000520935 0.000432531 0.000396352 0.000400842 0.000368486
threshold=10572990.000000002 35.744647979736335 -0.077163910749725048 25.875656321656745 0.27139962259318934 1.8971584223846636 16.215081427579982 68.960172621409114 245908051.50000003 0.29993168210389137 49.290521607512517 35.434808731079109 1.4344426664235785 -0.0024760011721343031 1.9977841767600306 136987534.50000003 -0.0075376789297906055 37.929924011230476
decision_type=2 2 2 2 2 2 2 2 2 2 2 2 2 2 2 2 2 2
left_child=5 -2 -3 -4 -5 7 8 11 -7 14 -11 13 -13 -1 -8 17 -17 -9
right_child=1 2 3 4 -6 6 9 15 -10 10 -12 12 -14 -15 -16 16 -18 -19
leaf_value=0 0.00025198965381774174 -5.4642131147366529e-05 0.00020087474615410657 -8.8666318225676897e-05 4.6958399640507678e-05 0.00027128045304351936 0 -6.1395699194996393e-05 0 0.00013118442511033599 -4.1863575599758346e-06 -1.2561872373670886e-05 5.2615819471727032e-05 7.5683943421637998e-05 -9.1935216043297625e-05 0 -5.4568052419754393e-05 0
leaf_weight=129 36 32 40 36 174 29 26 107 24 95 228 1036 194 163 75 135 521 988
leaf_count=129 36 32 40 36 174 29 26 107 24 95 228 1036 194 163 75 135 521 988
internal_value=1.21747e-06 6.40443e-05 2.93359e-05 5.20979e-05 9.3984e-06 -3.31183e-06 2.63256e-05 -8.54837e-06 0.000169886 1.27098e-06 2.63718e-05 5.81887e-06 0 3.99162e-05 -4.9275e-05 -2.27495e-05 -4.26044e-05 -8.11236e-06
internal_weight=4068 318 282 250 210 3750 477 3273 53 424 323 1522 1230 292 101 1751 656 1095
internal_count=4068 318 282 250 210 3750 477 3273 53 424 323 1522 1230 292 101 1751 656 1095
is_linear=0
shrinkage=0.03


Tree=47
num_leaves=11
num_cat=0
split_feature=23 32 35 19 27 25 27 35 29 26
split_gain=0.00145825 0.00127404 0.000880473 0.00077131 0.00109262 0.000535267 0.000779622 0.000762941 0.000283815 4.685e-05
threshold=-2.4013206128310141 0.0077869145700825157 0.045126642071191589 39.930000686645521 0.1274092218854094 -0.31033708928118725 0.093378592212026726 0.013098387611117731 56.461754428003324 0.73872938895418494
decision_type=2 2 2 2 2 2 2 2 2 2
left_child=1 -1 3 4 -2 6 -5 -7 -4 -6
right_child=2 -3 8 5 9 7 -8 -9 -10 -11
leaf_value=0 0.00023273453270037148 0.00035016031379797564 0.00016580014825814886 0 0 -2.2880741710168511e-05 -5.7936390792489591e-05 9.1379076988281111e-06 0 2.3385612669766425e-05
leaf_weight=31 29 20 37 280 22 962 391 2191 28 77
leaf_count=31 29 20 37 280 22 962 391 2191 28 77
internal_value=1.16329e-06 0.000160593 -1.17975e-07 -2.66398e-06 6.80296e-05 -5.81651e-06 -3.01765e-05 0 0.000108363 0
internal_weight=4068 51 4017 3952 128 3824 671 3153 65 99
internal_count=4068 51 4017 3952 128 3824 671 3153 65 99
is_linear=0
shrinkage=0.03


Tree=48
num_leaves=19
num_cat=0
split_feature=23 26 30 31 2 24 35 36 26 35 24 31 29 34 28 2 29 36
split_gain=0.00141032 0.00141973 0.00274346 0.0017339 0.000953014 0.00167489 0.000796948 0.0008203 0.000768324 0.000647346 0.000586826 0.000569033 0.000272659 0.000205882 0.000389066 8.79437e-05 7.55228e-05 2.20862e-05
threshold=-1.6812169612592027 1.8209583827769855 31.769110342615438 -0.004397548378912596 39.125000000000007 -0.48433244708181977 0.029489410985210036 0.013274305289218476 1.7126853872825138 0.013098387611117731 -0.27608251604664419 0.018879106851111497 60.662614980167099 -0.030261026898266759 51337503.000000007 64.483787536621108 57.926182102105024 0.00059525341563356848
decision_type=2 2 2 2 2 2 2 2 2 2 2 2 2 2 2 2 2 2
left_child=1 13 3 -3 5 -2 7 9 10 -6 -8 -9 -10 15 -15 -1 -4 -16
right_child=4 2 16 -5 6 -7 8 11 12 -11 -12 -13 -14 14 17 -17 -18 -19
leaf_value=-9.0044449597720687e-05 0 0.00056827897914866002 -1.8833066966078867e-06 4.6434216118151576e-05 -2.4118990961391187e-05 0.00033762709758897765 0 -9.8960201948773243e-05 -4.594980212806612e-05 3.6147358362392198e-06 0.00010796320719747578 0 3.4564252755002654e-05 0.00013856453464257637 1.225735715404925e-05 0 4.2767055323874604e-05 -2.1834307000460231e-05
leaf_weight=21 32 20 32 30 1091 20 65 156 94 2072 144 100 39 23 24 34 37 34
leaf_count=21 32 20 32 30 1091 20 65 156 94 2072 144 100 39 23 24 34 37 34
internal_value=1.18508e-06 6.99622e-05 0.000145645 0.00031577 -2.62944e-06 0.000122657 -5.16252e-06 -1.02253e-05 3.66694e-05 -5.00336e-06 7.42085e-05 -6.30036e-05 0 0 3.39296e-05 -4.08462e-05 0 0
internal_weight=4068 255 119 50 3813 52 3761 3419 342 3163 209 256 133 136 81 55 69 58
internal_count=4068 255 119 50 3813 52 3761 3419 342 3163 209 256 133 136 81 55 69 58
is_linear=0
shrinkage=0.03


Tree=49
num_leaves=19
num_cat=0
split_feature=23 26 30 31 2 30 35 36 4 35 31 23 34 28 27 28 2 29
split_gain=0.00133811 0.00135244 0.00261507 0.00157082 0.000893893 0.00149683 0.000750994 0.000773233 0.000737639 0.000610059 0.000532623 0.000490863 0.000194695 0.000372016 0.000427087 0.000175497 8.18463e-05 7.10713e-05
threshold=-1.6812169612592027 1.8209583827769855 31.769110342615438 -0.004397548378912596 39.125000000000007 27.576016169813332 0.029489410985210036 0.013274305289218476 75.755058288574233 0.013098387611117731 0.018879106851111497 0.25609176387197158 -0.030261026898266759 110174600.00000001 0.24702435788685603 108219423.50000001 64.483787536621108 57.926182102105024
decision_type=2 2 2 2 2 2 2 2 2 2 2 2 2 2 2 2 2 2
left_child=1 12 3 -3 5 -2 7 9 11 -6 -9 -8 16 14 -14 -10 -1 -4
right_child=4 2 17 -5 6 -7 8 10 15 -11 -12 -13 13 -15 -16 -17 -18 -19
leaf_value=-8.7355921713644136e-05 0.00030022165054673105 0.00055131542376927166 -1.8269856745038763e-06 4.5045817818529768e-05 -2.3395487445163916e-05 0 1.4934657766486813e-06 -9.5993297158706605e-05 -8.472453204944424e-05 3.5062987669936583e-06 0 0.0001251886509739391 0.00016109196609559909 0 0 0 0 4.148750127584364e-05
leaf_weight=21 23 20 32 30 1091 29 120 156 22 2072 100 98 31 30 20 102 34 37
leaf_count=21 23 20 32 30 1091 29 120 156 22 2072 100 98 31 30 20 102 34 37
internal_value=1.18365e-06 6.8183e-05 0.000142048 0.00030813 -2.51194e-06 0.000118769 -4.98954e-06 -9.92469e-06 3.55666e-05 -4.82483e-06 -6.11952e-05 7.08866e-05 0 3.29165e-05 9.09491e-05 -2.36137e-06 -3.98167e-05 0
internal_weight=4068 255 119 50 3813 52 3761 3419 342 3163 256 218 136 81 51 124 55 69
internal_count=4068 255 119 50 3813 52 3761 3419 342 3163 256 218 136 81 51 124 55 69
is_linear=0
shrinkage=0.03


Tree=50
num_leaves=19
num_cat=0
split_feature=5 0 23 5 32 23 26 25 25 26 5 23 25 25 26 33 27 22
split_gain=0.00126114 0.00121231 0.000601017 0.00112932 0.000903946 0.000561233 0.000618264 0.000534281 0.000649474 0.000901204 0.00132637 0.00080294 0.000532052 0.000353078 0.000323465 0.000381757 0.000260708 6.64682e-05
threshold=10572990.000000002 35.744647979736335 0.43166998281124697 11841774.500000002 -0.012558842936286283 2.2922403228279369 1.1273335890727625 -0.70783075055805078 -0.31450790565230674 1.6270723757304919 4395458.5000000009 -2.0583842793993905 0.5525337134197279 -0.56113046504395336 2.4310102061556114 -0.034375997891360303 0.082373903979049853 36.027928428143788
decision_type=2 2 2 2 2 2 2 2 2 2 2 2 2 2 2 2 2 2
left_child=7 -2 3 4 -3 6 -4 14 9 16 -11 -10 -13 -5 15 -1 -9 -17
right_child=1 2 5 13 -6 -7 -8 8 11 10 -12 12 -14 -15 -16 17 -18 -19
leaf_value=0.00019208129997397489 0.00023613966537308634 0 0 0 0.00025634284200730606 0 0.0001424970187996826 2.9452330255561304e-05 0.00014442657392872823 0 -0.0001319497427524541 2.8415345797283206e-07 -5.0242316625720662e-05 -0.00010860975313991574 0 0 -2.566531040049712e-05 5.4554456728510541e-05
leaf_weight=28 36 20 24 34 20 26 88 123 34 55 155 2901 194 70 22 24 194 20
leaf_count=28 36 20 24 34 20 26 88 123 34 55 155 2901 194 70 22 24 194 20
internal_value=1.1743e-06 5.90284e-05 2.57082e-05 0 0.000112471 7.25734e-05 0.000104854 -2.9332e-06 -5.51152e-06 -3.6327e-05 -8.4683e-05 0 -1.91518e-06 -6.99344e-05 6.53655e-05 9.80514e-05 0 0
internal_weight=4068 318 282 144 40 138 112 3750 3656 527 210 3129 3095 104 94 72 317 44
internal_count=4068 318 282 144 40 138 112 3750 3656 527 210 3129 3095 104 94 72 317 44
is_linear=0
shrinkage=0.03


Tree=51
num_leaves=17
num_cat=0
split_feature=35 1 26 19 30 22 5 0 26 29 25 36 22 19 29 0
split_gain=0.00121268 0.000892378 0.00112819 0.00061465 0.000959214 0.00102526 0.000589679 0.000484721 0.000670071 0.00218479 0.000693284 0.000606208 0.000570151 0.00020348 1.92396e-05 1.32354e-05
threshold=0.037752837715806752 48.125000000000007 2.3274740211063265 39.930000686645521 34.342859081183491 35.663984199928684 15309656.500000002 60.914653778076179 1.4344426664235785 7.9758139663374488 0.32527187270293012 -0.0013981979458056583 46.6287778798877 111.56515960693362 68.975436037002098 45.481193542480476
decision_type=2 2 2 2 2 2 2 2 2 2 2 2 2 2 2 2
left_child=3 -2 6 4 5 -1 15 8 10 -10 -5 13 -13 -9 -6 -3
right_child=1 2 -4 7 14 -7 -8 11 9 -11 -12 12 -14 -15 -16 -17
leaf_value=0 0.00023714862898937525 0 0.00017427888956628301 -1.9299900324199666e-05 -1.811636210496159e-05 0.00028480784890483866 -0.00016037314806815721 -5.0717838200776548e-06 0.00028228746170303999 8.8061425621668006e-06 4.2986984902372805e-05 0 -7.1531242762406616e-05 6.6925409579556659e-05 9.4581201251635919e-06 1.9263615782773027e-05
leaf_weight=24 33 30 34 1505 45 28 21 311 28 1356 156 93 305 39 28 32
leaf_count=24 33 30 34 1505 45 28 21 311 28 1356 156 93 305 39 28 32
internal_value=1.1801e-06 8.52441e-05 1.66142e-05 -1.2747e-06 6.27964e-05 0.000161365 -1.20023e-05 -4.1787e-06 1.76111e-07 1.65265e-05 -1.16417e-05 -2.59143e-05 -5.13073e-05 0 0 0
internal_weight=4068 150 117 3918 125 52 83 3793 3045 1384 1661 748 398 350 73 62
internal_count=4068 150 117 3918 125 52 83 3793 3045 1384 1661 748 398 350 73 62
is_linear=0
shrinkage=0.03


Tree=52
num_leaves=21
num_cat=0
split_feature=5 28 36 28 0 13 36 35 21 28 26 29 31 21 24 19 29 32 24 34
split_gain=0.00117629 0.00227024 0.000818013 0.00231843 0.000912541 0.000613869 0.000964218 0.000501927 0.000419825 0.000660333 0.00064131 0.00136169 0.000507672 0.00050567 0.000415328 0.000357988 0.000259927 1.2782e-05 4.23578e-05 5.69368e-08
threshold=11355735.500000002 -157173245.99999997 -0.012807865925370166 140350584.00000003 40.291978836059577 90.000000000000014 0.0040743728537902691 0.021505401949864233 68.606888866424569 54091819.000000007 1.7834740007154466 18.469234928157068 0.015412973426850553 64.470254103342711 -0.36102125300935312 72.868461608886733 57.041925097431594 -0.0039663261278273789 0.65005527888664505 -1.0000000180025095e-35
decision_type=2 2 2 2 2 2 2 2 2 2 2 2 2 2 2 2 2 2 2 2
left_child=5 -2 3 4 -3 8 17 16 9 14 12 -12 -10 -11 -1 -9 -4 18 -7 -19
right_child=1 2 7 -5 -6 6 -8 15 10 13 11 -13 -14 -15 -16 -17 -18 19 -20 -21
leaf_value=1.7892767204348558e-05 0.00036571639862303452 0.00014753847340203519 -0.00017111086220495249 0.00038337593759173774 -0.00011557505845360292 3.2120429502418668e-05 0.0002178612298927074 0 -3.0977833336391394e-05 4.0234901187142534e-06 0.00012965506937827559 -3.2126743254069761e-06 2.2764668271368629e-05 0.00011494678646272821 -1.7197761966817053e-05 8.166406262799293e-05 0 -1.5966873290190917e-06 0 0
leaf_weight=459 22 21 22 20 27 48 28 82 1434 194 75 526 112 82 780 54 22 20 20 20
leaf_count=459 22 21 22 20 27 48 28 82 1434 194 75 526 112 82 780 54 22 20 20 20
internal_value=1.2159e-06 6.21732e-05 2.30175e-05 0.000112876 0 -2.32921e-06 5.85101e-05 0 -5.40941e-06 5.29119e-06 -1.43573e-05 8.39612e-06 -2.51429e-05 4.78743e-05 -1.77662e-06 1.6842e-05 -9.67885e-05 0 1.29971e-05 0
internal_weight=4068 270 248 68 48 3798 136 180 3662 1515 2147 601 1546 276 1239 136 44 108 68 40
internal_count=4068 270 248 68 48 3798 136 180 3662 1515 2147 601 1546 276 1239 136 44 108 68 40
is_linear=0
shrinkage=0.03


Tree=53
num_leaves=20
num_cat=0
split_feature=23 26 30 32 2 24 35 36 26 35 24 33 29 32 29 27 0 0 36
split_gain=0.00119029 0.0012498 0.00229016 0.0028049 0.000791126 0.00149927 0.000621877 0.000739287 0.000700257 0.000544335 0.00051594 0.00044491 0.000289123 9.1246e-05 0.000172037 6.72287e-05 0.000258198 0.000622044 6.0074e-07
threshold=-1.6812169612592027 1.8455027468775673 31.769110342615438 -0.0079191039201895724 39.125000000000007 -0.48433244708181977 0.029489410985210036 0.013274305289218476 1.7126853872825138 0.013098387611117731 -0.27608251604664419 0.014045851834691427 60.662614980167099 -0.011330330654257368 66.436977706926569 0.023315147305248429 51.739109039306648 33.993610382080085 0.00059525341563356848
decision_type=2 2 2 2 2 2 2 2 2 2 2 2 2 2 2 2 2 2 2
left_child=1 15 3 -3 5 -2 7 9 10 -6 -8 -9 -10 -4 -15 -1 17 -17 -18
right_child=4 2 13 -5 6 -7 8 11 12 -11 -12 -13 -14 14 -16 16 18 -19 -20
leaf_value=-4.0510032177203288e-05 0 0.00056642823748873159 -1.6594817305901147e-05 0 -2.1727775144225934e-05 0.00031553522085965569 0 -9.8322446970972263e-05 -4.8577798500829788e-05 3.7059147802937445e-06 0.0001002276200805941 0 3.1583328568942296e-05 9.7992076860698259e-05 0 0 0 0.00014066008481610883 -4.7364828301906604e-06
leaf_weight=24 32 21 20 27 1091 20 65 134 94 2072 144 122 39 24 23 31 20 41 24
leaf_count=24 32 21 20 27 1091 20 65 134 94 2072 144 122 39 24 23 31 20 41 24
internal_value=1.25194e-06 6.44418e-05 0.000137755 0.000297087 -2.18879e-06 0.000111856 -4.56616e-06 -9.11819e-06 3.21608e-05 -4.11879e-06 6.85723e-05 -5.91481e-05 -2.52639e-06 0 4.03241e-05 0 1.34351e-05 5.92761e-05 0
internal_weight=4068 255 115 48 3813 52 3761 3419 342 3163 209 256 133 67 47 140 116 72 44
internal_count=4068 255 115 48 3813 52 3761 3419 342 3163 209 256 133 67 47 140 116 72 44
is_linear=0
shrinkage=0.03


Tree=54
num_leaves=19
num_cat=0
split_feature=23 28 30 19 5 28 25 33 29 0 25 27 1 0 30 30 25 0
split_gain=0.00111062 0.000889415 0.00337315 0.00134049 0.000696455 0.00287785 0.000505886 0.000717007 0.000630175 0.000528285 0.000522588 0.000516528 0.00043713 0.000360176 0.000347062 0.000235091 0.00032925 9.41616e-05
threshold=-1.6812169612592027 155982697.50000003 29.277555064919866 61.044999694824227 13387555.500000002 -152936883.99999997 0.016212311639649205 0.0061610755138491466 81.548399252301138 33.519186019897468 0.63107202642944438 0.082373903979049853 65.001804351806655 52.878412246704109 20.698144389042408 42.787688971344906 0.56639309739550114 51.943941116333015
decision_type=2 2 2 2 2 2 2 2 2 2 2 2 2 2 2 2 2 2
left_child=1 3 -3 14 6 -6 7 11 9 -8 -10 -2 -5 -9 -1 -7 -17 -14
right_child=4 2 -4 12 5 15 8 13 10 -11 -12 -13 17 -15 -16 16 -18 -19
leaf_value=0 0 0.00048659625503151159 0 -0.00011673350432004355 0.00039458786943621601 -6.3007344421332195e-05 0.00010145698310289376 3.5962649284985415e-05 -1.6421677300387113e-06 8.6323912283057243e-06 -0.00010138285080025127 -3.9863996949030031e-05 3.2731801065605344e-05 -1.3840627584383136e-05 0.0002804999292390282 8.1628808633127132e-05 0 0
leaf_weight=23 374 20 29 29 20 32 68 281 366 1392 72 988 79 136 20 57 27 55
leaf_count=23 374 20 29 29 20 32 68 281 366 1392 72 988 79 136 20 57 27 55
internal_value=1.20177e-06 6.22549e-05 0.000187347 1.78674e-05 -2.09601e-06 6.29603e-05 -5.31974e-06 -1.71866e-05 4.22289e-06 1.5017e-05 -2.4905e-05 -2.84869e-05 -4.37401e-06 1.25279e-05 0.000171598 0 3.16317e-05 0
internal_weight=4068 255 49 206 3813 136 3677 1779 1898 1460 438 1362 163 417 43 116 84 134
internal_count=4068 255 49 206 3813 136 3677 1779 1898 1460 438 1362 163 417 43 116 84 134
is_linear=0
shrinkage=0.03


Tree=55
num_leaves=22
num_cat=0
split_feature=5 28 36 28 0 24 33 21 0 0 27 28 30 24 36 34 31 27 24 5 30
split_gain=0.00100054 0.00202786 0.000755745 0.00216517 0.000848321 0.000500739 0.00081893 0.000489403 0.000607816 0.00092724 0.0004382 0.000431423 0.000400017 0.000368012 0.000347707 0.000301795 0.000233878 0.000315648 0.000229262 0.000130329 9.92061e-05
threshold=11355735.500000002 -157173245.99999997 -0.012807865925370166 140350584.00000003 40.291978836059577 -1.6323597074302227 0.0055112306836045963 69.402960205078145 37.929924011230476 50.975746154785163 0.1274092218854094 54091819.000000007 65.131763999424791 -0.91584500998881502 0.0075949460369887827 0.078772940983138709 0.0068392807078324633 0.10980767911896962 -0.36102125300935312 5911708.5000000009 61.291012652483467
decision_type=2 2 2 2 2 2 2 2 2 2 2 2 2 2 2 2 2 2 2 2 2
left_child=5 -2 3 4 -3 6 16 11 10 -10 -9 18 13 -4 -13 -14 17 -1 -7 -8 -21
right_child=1 2 12 -5 -6 7 19 8 9 -11 -12 14 15 -15 -16 -17 -18 -19 -20 20 -22
leaf_value=0 0.00034421513570847656 0.00013994769179162907 0 0.00036823792751433686 -0.00011368337077452934 1.5300725534959097e-05 -5.7001681521101501e-05 0 1.5827955493190827e-05 -2.6154686920868413e-05 -0.00013865434977461334 5.8346078756352893e-05 9.0050041117775099e-05 -9.3044752685434432e-05 0 0 0 0.00017347548456236425 -1.09186094855275e-05 5.4463705922191894e-05 0
leaf_weight=21 22 21 41 20 27 456 36 32 668 1260 64 222 47 67 75 25 23 53 835 30 23
leaf_count=21 22 21 41 20 27 456 36 32 668 1260 64 222 47 67 75 25 23 53 835 30 23
internal_value=1.16546e-06 5.74073e-05 1.97442e-05 0.000106809 0 -2.04431e-06 4.43696e-05 -5.26609e-06 -1.54916e-05 -1.00528e-05 -9.33783e-05 5.878e-06 0 -4.8061e-05 3.86211e-05 3.91163e-05 0.0001066 0.000133159 0 0 0
internal_weight=4068 270 248 68 48 3798 186 3612 2024 1928 96 1588 180 108 297 72 97 74 1291 89 53
internal_count=4068 270 248 68 48 3798 186 3612 2024 1928 96 1588 180 108 297 72 97 74 1291 89 53
is_linear=0
shrinkage=0.03


Tree=56
num_leaves=19
num_cat=0
split_feature=35 1 26 5 29 26 4 33 25 35 26 5 36 36 35 0 35 0
split_gain=0.000951978 0.000796722 0.0009734 0.000592544 0.000556939 0.00241782 0.00155966 0.00143335 0.000851925 0.00078588 0.000630992 0.000752953 0.000536195 0.000452634 0.000348558 0.000303401 0.000209688 7.44697e-06
threshold=0.037752837715806752 48.125000000000007 2.3274740211063265 15309656.500000002 16.215081427579982 1.8389930599856934 39.324998855590827 -0.020306377727887123 -0.31450790565230674 0.013098387611117731 1.5668222493792476 4541355.5000000009 -0.0045550638734686696 0.010673673712297807 0.020515588148933613 60.914653778076179 0.022501617610114742 45.481193542480476
decision_type=2 2 2 2 2 2 2 2 2 2 2 2 2 2 2 2 2 2
left_child=4 -2 3 17 5 6 -1 12 10 15 16 -12 -7 -11 -8 -10 -6 -3
right_child=1 2 -4 -5 8 7 14 -9 9 13 11 -13 -14 -15 -16 -17 -18 -19
leaf_value=0.00022828040277192074 0.00021740250765476824 0 0.00015952066781581037 -0.00016189942591585287 -1.7952688347536147e-05 0.0001329702312552832 0 0.00043405842001257992 -7.6770678539137138e-06 1.7737471711421744e-05 0 -0.00010340012199478246 0 -1.424629006492534e-05 -6.6670758767212374e-05 -5.5804795035035578e-05 6.3232572192490851e-05 1.4449691619706621e-05
leaf_weight=25 33 30 34 21 150 31 274 20 674 1687 56 199 21 419 92 235 35 32
leaf_count=25 33 30 34 21 150 31 274 20 674 1687 56 199 21 419 92 235 35 32
internal_value=1.15707e-06 7.56421e-05 9.88781e-06 -1.54247e-05 -9.30762e-07 2.89538e-05 0 0.000188588 -5.80456e-06 0 -4.47961e-05 -7.54196e-05 3.59425e-05 9.94932e-06 -1.61664e-05 -2.34241e-05 0 0
internal_weight=4068 150 117 83 3918 463 391 72 3455 3015 440 255 52 2106 366 909 185 62
internal_count=4068 150 117 83 3918 463 391 72 3455 3015 440 255 52 2106 366 909 185 62
is_linear=0
shrinkage=0.03


Tree=57
num_leaves=18
num_cat=0
split_feature=23 26 30 32 35 25 4 29 32 25 5 36 34 28 1 35 36
split_gain=0.00103085 0.00111649 0.00210545 0.00258901 0.000671844 0.000644223 0.00129422 0.000631251 0.000689601 0.000592886 0.000563363 0.000345868 0.00010977 0.000353567 0.000105348 7.27099e-05 2.08348e-05
threshold=-1.6812169612592027 1.8455027468775673 31.769110342615438 -0.0079191039201895724 0.045126642071191589 -0.01492927551327594 39.324998855590827 67.159336287511181 -0.015675090212075578 0.56639309739550114 4497631.5000000009 -0.011032878179703507 -0.030261026898266759 51337503.000000007 65.001804351806655 0.024365984910966348 0.00059525341563356848
decision_type=2 2 2 2 2 2 2 2 2 2 2 2 2 2 2 2 2
left_child=1 12 3 -3 5 7 -7 8 -2 -8 -9 -6 14 -14 -1 -4 -15
right_child=4 2 15 -5 11 6 9 10 -10 -11 -12 -13 13 16 -16 -17 -18
leaf_value=-7.8465302774150439e-05 0 0.000539735038135801 4.6567604958274674e-05 0 0 0.00021266552977473559 8.2780413147134397e-06 -4.1696105107177766e-06 -3.9362549999397148e-05 -4.3375084972591304e-05 7.8999770395733691e-05 0.00016902447753180548 0.00012649019608990735 0 0 -2.1138823543476883e-06 -2.3449782062907129e-05
leaf_weight=23 417 21 30 27 28 27 1859 71 1061 218 102 30 23 26 34 37 34
leaf_count=23 417 21 30 27 28 27 1859 71 1061 218 102 30 23 26 34 37 34
internal_value=1.10806e-06 5.9951e-05 0.000129213 0.000281687 -2.04186e-06 -4.37585e-06 5.55717e-06 -1.88508e-05 -2.63135e-05 1.41043e-06 2.7553e-05 9.71765e-05 0 2.48665e-05 -2.88144e-05 0 0
internal_weight=4068 255 115 48 3813 3755 2104 1651 1478 2077 173 58 140 83 57 67 60
internal_count=4068 255 115 48 3813 3755 2104 1651 1478 2077 173 58 140 83 57 67 60
is_linear=0
shrinkage=0.03


Tree=58
num_leaves=20
num_cat=0
split_feature=5 28 36 28 0 13 36 21 28 34 5 25 21 2 25 26 34 32 28
split_gain=0.000915093 0.00187161 0.00069904 0.00200809 0.000776723 0.000564803 0.000881796 0.000348121 0.000620433 0.000542822 0.000792932 0.000526579 0.000469744 0.000391634 0.000223956 0.000817714 0.000443705 1.07394e-05 2.93018e-05
threshold=11355735.500000002 -157173245.99999997 -0.012807865925370166 140350584.00000003 40.291978836059577 90.000000000000014 0.0040743728537902691 68.606888866424569 54091819.000000007 -0.034248688152016864 6495768.5000000009 -0.054142361570899196 64.470254103342711 52.125000000000007 0.11063772928422679 2.3626289673765735 0.083888589232025038 -0.0039663261278273789 10156006.000000002
decision_type=2 2 2 2 2 2 2 2 2 2 2 2 2 2 2 2 2 2 2
left_child=5 -2 3 4 -3 7 17 8 13 10 -9 -11 -10 -1 15 -4 -16 18 -7
right_child=1 2 14 -5 -6 6 -8 9 12 11 -12 -13 -14 -15 16 -17 -18 -19 -20
leaf_value=8.2594731750298876e-06 0.00033070183886247745 0.0001332549097389424 -0.00011089676312568308 0.00035402034457995368 -0.00010940639720112772 0 0.00020906282176207284 8.6448167071088121e-05 3.2727430726682552e-06 -3.9128087388653865e-05 -9.9229008478616448e-06 -3.494100923982998e-06 0.00011078970109153116 -2.555696276523556e-05 7.9535200520736981e-05 3.9483933536782512e-05 -2.7055066095757798e-05 0 2.7660769191689214e-05
leaf_weight=772 22 21 71 20 27 21 28 114 194 761 109 1163 82 467 65 22 22 40 47
leaf_count=772 22 21 71 20 27 21 28 114 194 761 109 1163 82 467 65 22 22 40 47
internal_value=1.13973e-06 5.4938e-05 1.82597e-05 0.00010224 0 -1.89626e-06 5.6506e-05 -4.88591e-06 4.73273e-06 -1.30703e-05 2.59128e-05 -1.91489e-05 4.61104e-05 -2.06643e-06 0 -4.30952e-05 1.81381e-05 0 1.19135e-05
internal_weight=4068 270 248 68 48 3798 136 3662 1515 2147 223 1924 276 1239 180 93 87 108 68
internal_count=4068 270 248 68 48 3798 136 3662 1515 2147 223 1924 276 1239 180 93 87 108 68
is_linear=0
shrinkage=0.03


Tree=59
num_leaves=19
num_cat=0
split_feature=23 26 30 32 2 24 35 26 24 34 22 30 29 34 33 2 32 29
split_gain=0.000980929 0.00105177 0.00212349 0.00221073 0.0006679 0.0013649 0.000490685 0.000654591 0.000472649 0.000372358 0.000629035 0.000519305 0.000306689 0.000161179 0.000343342 6.73254e-05 5.01764e-05 0.000120365
threshold=-1.6812169612592027 1.8209583827769855 31.769110342615438 -0.0079191039201895724 39.125000000000007 -0.48433244708181977 0.029489410985210036 1.7126853872825138 -0.27608251604664419 -0.0045644851409085687 56.753211549846846 84.583542286369564 60.662614980167099 -0.030261026898266759 -0.0029109645710934102 64.483787536621108 -0.011330330654257368 66.436977706926569
decision_type=2 2 2 2 2 2 2 2 2 2 2 2 2 2 2 2 2 2
left_child=1 13 3 -3 5 -2 9 8 -8 10 -6 -11 -9 15 -15 -1 -4 -18
right_child=4 2 16 -5 6 -7 7 12 -10 11 -12 -13 -14 14 -16 -17 17 -19
leaf_value=-8.1521490118709053e-05 0 0.00049769555377265939 -1.6852341898119259e-05 0 -1.1262163278084519e-05 0.00029746930010672378 0 -5.1420086345544551e-05 9.43683319436522e-05 6.2577186517721182e-06 -9.0073541302195236e-05 -3.9013297139229448e-05 2.8273404846899801e-05 0.00010800307942717553 0 0 7.5246419730173392e-05 0
leaf_weight=21 32 23 20 27 1328 20 65 94 144 1709 119 263 39 32 49 34 26 23
leaf_count=21 32 23 20 27 1328 20 65 94 144 1709 119 263 39 32 49 34 26 23
internal_value=1.15435e-06 5.855e-05 0.000123655 0.000272939 -1.89874e-06 0.000102764 -4.14616e-06 2.82381e-05 6.40526e-05 -8.26369e-06 -1.98224e-05 0 -5.50819e-06 0 2.84035e-05 -3.80163e-05 0 2.83455e-05
internal_weight=4068 255 119 50 3813 52 3761 342 209 3419 1447 1972 133 136 81 55 69 49
internal_count=4068 255 119 50 3813 52 3761 342 209 3419 1447 1972 133 136 81 55 69 49
is_linear=0
shrinkage=0.03


Tree=60
num_leaves=20
num_cat=0
split_feature=35 29 27 29 35 36 27 34 0 36 35 35 33 33 36 33 33 34 36
split_gain=0.000789213 0.000810383 0.000754693 0.000539648 0.000988822 0.0024128 0.00249348 0.000745411 0.000813223 0.000827228 0.000490683 0.000447993 0.000585982 0.000512472 0.000420911 0.000389732 8.21023e-05 7.96644e-05 1.35789e-05
threshold=0.036302461360227613 64.321351684999698 0.13339263589165049 16.215081427579982 0.019618672582740356 -0.0062499659914579848 0.098402645434815431 -0.01227434942303973 60.914653778076179 -0.0011111054015183603 0.02374388594716631 0.019909971728855769 -0.0093925942053556515 -0.007165882140719392 -0.018368701288423332 -0.015088346197075107 -0.026495695124763238 0.046147707704375936 -0.022601424169638916
decision_type=2 2 2 2 2 2 2 2 2 2 2 2 2 2 2 2 2 2 2
left_child=3 2 18 4 5 6 -1 11 15 -10 -6 13 -13 -5 -12 -9 -7 -3 -2
right_child=1 17 -4 7 10 16 -8 8 9 -11 14 12 -14 -15 -16 -17 -18 -19 -20
leaf_value=0.00032754408513466628 2.0493081404489081e-05 -5.5711831891449616e-05 0.00016476525637825295 -1.1990340234274275e-05 -9.4846744864852679e-05 -1.5940472020229099e-05 0 5.6953045962260339e-05 1.4290629439577047e-06 -6.2674092313732223e-05 -7.1452411390236269e-05 -3.0797782927806622e-05 5.4451715527770041e-05 -8.8134791185703873e-05 7.1451834170678459e-05 5.2376450704888996e-06 1.8443645942555757e-05 0 0
leaf_weight=52 29 23 78 322 59 67 40 168 232 314 22 218 108 206 52 1861 167 30 20
leaf_count=52 29 23 78 322 59 67 40 168 232 314 22 218 108 206 52 1861 167 30 20
internal_value=1.1147e-06 6.28607e-05 0.000106478 -9.73872e-07 2.85419e-05 5.99984e-05 0.000190588 -5.80038e-06 1.15232e-06 -2.99473e-05 -2.60098e-05 -3.02745e-05 0 -4.739e-05 0 1.10007e-05 0 0 0
internal_weight=4068 180 127 3888 459 326 92 3429 2575 546 133 854 326 528 74 2029 234 53 49
internal_count=4068 180 127 3888 459 326 92 3429 2575 546 133 854 326 528 74 2029 234 53 49
is_linear=0
shrinkage=0.03


Tree=61
num_leaves=18
num_cat=0
split_feature=5 29 35 33 0 25 25 35 5 29 0 30 1 28 30 31 22
split_gain=0.000821796 0.00113984 0.000809516 0.000436934 0.00098498 0.000421594 0.000592012 0.000547279 0.00052144 0.000461286 0.00069602 0.000441342 0.000392771 0.000316494 0.000258118 0.000149649 6.31164e-05
threshold=10572990.000000002 12.544909524805542 0.021906008988976638 0.0078580930483330719 45.969123840332038 -0.70783075055805078 -0.31450790565230674 0.013098387611117731 4044113.0000000005 16.215081427579982 53.766599655151374 83.60783216914443 61.147068023681648 88308916.000000015 61.046551584103248 -0.026604737058152191 49.199997816608111
decision_type=2 2 2 2 2 2 2 2 2 2 2 2 2 2 2 2 2
left_child=5 -2 14 15 -5 9 8 13 16 10 -1 -9 -10 -8 -3 -4 -7
right_child=1 2 3 4 -6 6 7 11 12 -11 -12 -13 -14 -15 -16 -17 -18
leaf_value=0.00023314287557764778 0.00024665076492656692 -0.00010133254487880916 4.9510540769532932e-05 0.000172361357321371 0 2.6888807338757493e-05 0 1.4414492655465442e-05 0 0 0 -2.7993040160513835e-05 -6.526858797050853e-05 -3.3563840360373259e-05 0 -1.8684296667475165e-05 0
leaf_weight=25 27 40 46 65 49 80 435 1947 84 49 20 209 335 538 29 62 28
leaf_count=25 27 40 46 65 49 80 435 1947 84 49 20 209 335 538 29 62 28
internal_value=1.07875e-06 4.78393e-05 1.90088e-05 5.42767e-05 9.58169e-05 -2.08774e-06 -4.4693e-06 0 -3.39026e-05 5.85651e-05 0.000127912 8.91105e-06 -5.06231e-05 -1.81721e-05 -5.09607e-05 0 3.20176e-06
internal_weight=4068 318 291 222 114 3750 3656 3129 527 94 45 2156 419 973 69 108 108
internal_count=4068 318 291 222 114 3750 3656 3129 527 94 45 2156 419 973 69 108 108
is_linear=0
shrinkage=0.03


Tree=62
num_leaves=21
num_cat=0
split_feature=5 29 35 26 26 25 26 29 25 22 4 21 31 36 28 21 1 32 34 26
split_gain=0.000773922 0.00106863 0.000762323 0.000477947 0.000822975 0.000514416 0.00046325 0.000909648 0.000687756 0.00100294 0.000579313 0.000520638 0.000388876 0.000812874 0.000382552 0.000484477 0.000458141 0.000317063 0.000269839 0.000151724
threshold=10572990.000000002 12.544909524805542 0.021906008988976638 1.7307221006346192 2.3274740211063265 0.63107202642944438 1.8971584223846636 16.215081427579982 -0.30587861701113417 49.94160422614511 93.69977188110353 68.960172621409114 0.017098125145377233 0.0088800260601724305 54091819.000000007 65.371807130177828 52.074998855590827 -0.0096959053198031869 -0.0045644851409085687 1.5835746078849631
decision_type=2 2 2 2 2 2 2 2 2 2 2 2 2 2 2 2 2 2 2 2
left_child=6 -2 18 5 -5 -4 11 10 17 -10 -8 14 13 -13 16 -16 -1 -9 -3 -14
right_child=1 2 3 4 -6 -7 7 8 9 -11 -12 12 19 -15 15 -17 -18 -19 -20 -21
leaf_value=1.0242077453011198e-05 0.00023927852282011914 -0.00011672839356078324 0.00011205109666050759 -8.0914429795947372e-05 0.00011338270608941337 0 0.00025927947766748468 -0.00012545303703741887 9.8880546705002004e-05 0 0 -1.2900686858324395e-05 6.0100466493712634e-05 -8.4621131617304961e-05 0 0.00010260749098451643 -2.7821345205658787e-05 0 0 0
leaf_weight=831 27 30 120 50 32 20 24 39 122 202 29 1449 56 190 194 77 420 61 39 56
leaf_count=831 27 30 120 50 32 20 24 39 122 202 29 1449 56 190 194 77 420 61 39 56
internal_value=1.0404e-06 4.64314e-05 1.81566e-05 5.26122e-05 0 8.63626e-05 -2.00991e-06 2.43241e-05 2.2794e-06 2.99731e-05 0.000143848 -6.76497e-06 -1.8308e-05 -2.30498e-05 4.54416e-06 3.72269e-05 -1.40322e-07 -5.74184e-05 -4.9201e-05 2.428e-05
internal_weight=4068 318 291 222 82 140 3750 477 424 324 53 3273 1751 1639 1522 271 1251 100 69 112
internal_count=4068 318 291 222 82 140 3750 477 424 324 53 3273 1751 1639 1522 271 1251 100 69 112
is_linear=0
shrinkage=0.03


Tree=63
num_leaves=11
num_cat=0
split_feature=24 13 36 2 25 25 34 31 32 29
split_gain=0.000713068 0.000582329 0.000700835 0.000530779 0.00148226 0.00039313 0.000607937 0.000328505 4.23947e-05 8.57442e-05
threshold=-2.5648302754120724 90.000000000000014 0.0040743728537902691 39.125000000000007 -0.074722097994578976 0.79079279330984897 0.050613689460233487 -0.0026084821377909679 -0.0039663261278273789 48.344346616000053
decision_type=2 2 2 2 2 2 2 2 2 2
left_child=-1 3 8 4 -2 6 -5 -7 9 -3
right_child=1 2 -4 5 -6 7 -8 -9 -10 -11
leaf_value=0.00013763795566251445 0 4.948245456915313e-05 0.0001941260337122589 -5.8507329291276615e-06 0.00029598285606541016 0 4.8631206313165319e-05 -0.00014765142264044798 0 0
leaf_weight=34 30 47 30 3603 20 21 188 32 39 24
leaf_count=34 30 47 30 3603 20 21 188 32 39 24
internal_value=1.02047e-06 0 5.99527e-05 -2.29615e-06 9.23029e-05 -4.30941e-06 -2.35637e-06 -8.72423e-05 0 2.31655e-05
internal_weight=4068 4034 140 3894 50 3844 3791 53 110 71
internal_count=4068 4034 140 3894 50 3844 3791 53 110 71
is_linear=0
shrinkage=0.03


Tree=64
num_leaves=24
num_cat=0
split_feature=23 26 30 32 25 5 26 30 30 26 30 32 24 32 5 22 34 28 0 1 5 35 23
split_gain=0.00087535 0.000958897 0.0018699 0.00212836 0.000543949 0.00153175 0.00243923 0.000456822 0.000526221 0.000496007 0.000452417 0.000596973 0.000981252 0.000980802 0.000497902 0.000110861 0.000108613 0.000327652 0.000397483 0.000100714 6.80605e-05 6.19558e-05 3.19071e-05
threshold=-1.6812169612592027 1.8455027468775673 31.769110342615438 -0.0079191039201895724 -0.01492927551327594 12236002.000000002 1.3481246776573741 72.384959407313318 78.54768442874105 0.90438864276201103 63.779563954830138 -0.015675090212075578 0.44125799924574566 -0.0018107813876866994 4497631.5000000009 47.968679367065612 -0.030261026898266759 110174600.00000001 35.286781311035163 65.001804351806655 3744722.5000000005 0.024365984910966348 1.0168699358998661
decision_type=2 2 2 2 2 2 2 2 2 2 2 2 2 2 2 2 2 2 2 2 2 2 2
left_child=1 16 3 -3 10 7 -7 9 -9 -6 11 12 -2 -13 20 -16 19 18 -18 -1 -12 -4 -8
right_child=4 2 21 -5 5 6 22 8 -10 -11 14 13 -14 -15 15 -17 17 -19 -20 -21 -22 -23 -24
leaf_value=-7.7680397186089643e-05 -2.2299580880395445e-05 0.00049836171869855044 4.2688667803594333e-05 0 -2.3489680827388253e-05 0.00031960126225440892 -8.658569788652974e-06 -5.1826207607466315e-05 0 2.2284981187474404e-05 0 -6.649408270348511e-05 7.1611182264238074e-05 -3.5345077099282445e-06 0 0.00010002290993306061 0 0 0.00015020080232909291 0 -5.1590339431853636e-05 -4.9479993496710169e-06 2.4227559427418107e-05
leaf_weight=23 277 21 30 27 208 36 22 256 500 1064 38 475 146 631 26 65 20 32 31 34 23 37 46
leaf_count=23 277 21 30 27 208 36 22 256 500 1064 38 475 146 631 26 65 20 32 31 34 23 37 46
internal_value=1.00509e-06 5.52619e-05 0.000119442 0.000262918 -1.83801e-06 7.29794e-06 0.000119723 4.77324e-08 -1.68343e-05 1.24403e-05 -1.52094e-05 -2.12797e-05 3.03281e-06 -3.32899e-05 2.61034e-05 7.78077e-05 0 2.42836e-05 8.20351e-05 -2.92188e-05 -1.93045e-06 0 0
internal_weight=4068 255 115 48 3813 2132 104 2028 756 1272 1681 1529 423 1106 152 91 140 83 51 57 61 67 68
internal_count=4068 255 115 48 3813 2132 104 2028 756 1272 1681 1529 423 1106 152 91 140 83 51 57 61 67 68
is_linear=0
shrinkage=0.03


Tree=65
num_leaves=19
num_cat=0
split_feature=23 26 30 31 2 25 25 25 35 34 36 31 24 34 33 2 35 33
split_gain=0.000822774 0.00092034 0.00177965 0.00125762 0.000569954 0.00132328 0.00045832 0.000868084 0.00122892 0.000687058 0.00044455 0.000650217 0.000568602 9.7912e-05 0.000338386 9.82093e-05 5.83061e-05 2.3245e-06
threshold=-1.6812169612592027 1.8455027468775673 31.769110342615438 -0.0037161004657316195 39.125000000000007 -0.074722097994578976 0.1626876533712785 0.56639309739550114 0.016751873625895319 0.027164179848933049 0.0075949460369887827 -0.0017021189258506484 -0.91584500998881502 -0.030261026898266759 -0.0029109645710934102 64.483787536621108 0.024365984910966348 0.012801121841213516
decision_type=2 2 2 2 2 2 2 2 2 2 2 2 2 2 2 2 2 2
left_child=1 13 3 -3 5 -2 10 8 -8 -9 11 -6 -12 15 -15 -1 -4 -16
right_child=4 2 16 -5 6 -7 7 9 -10 -11 12 -13 -14 14 17 -17 -18 -19
leaf_value=-7.7883502867755493e-05 0 0.00046218744215664948 4.1412262329553238e-05 1.5101266040523008e-06 -1.9674725183519187e-05 0.00028722603691554166 -2.6227117176121299e-06 1.6977694906727942e-05 5.9024596297650935e-05 -7.3831950282110615e-05 2.6619647662276644e-05 1.3625103320954586e-05 -5.3015190745220989e-05 0.00010397118315803512 -9.729483078457239e-06 0 -4.7999615158140106e-06 0
leaf_weight=22 32 20 30 28 1184 20 530 56 478 172 45 870 426 32 22 35 37 29
leaf_count=22 32 20 30 28 1184 20 530 56 478 172 45 870 426 32 22 35 37 29
internal_value=9.44627e-07 5.35646e-05 0.000116428 0.000256391 -1.78896e-06 9.47036e-05 -3.9232e-06 9.76889e-06 2.36379e-05 -3.8378e-05 -1.18137e-05 -4.10965e-06 -3.90347e-05 0 2.26027e-05 -2.82801e-05 0 0
internal_weight=4068 255 115 48 3813 52 3761 1236 1008 228 2525 2054 471 140 83 57 67 51
internal_count=4068 255 115 48 3813 52 3761 1236 1008 228 2525 2054 471 140 83 57 67 51
is_linear=0
shrinkage=0.03


Tree=66
num_leaves=19
num_cat=0
split_feature=23 26 30 31 2 24 21 21 35 1 24 35 31 27 0 0 35 31
split_gain=0.000779944 0.000882348 0.00170213 0.00113397 0.000531154 0.0012918 0.000385591 0.000526472 0.000523378 0.000466244 0.000284747 0.000278408 0.000207908 5.49708e-05 0.000218424 0.000546277 5.48715e-05 3.10564e-06
threshold=-1.6812169612592027 1.8455027468775673 31.769110342615438 -0.0037161004657316195 39.125000000000007 -0.48433244708181977 86.429670079549169 85.114588864644375 0.029489410985210036 110.14050292968751 1.6951595382663747 0.012037368850442627 0.019315397080890032 0.023315147305248429 51.739109039306648 33.993610382080085 0.024365984910966348 0.0036118326571968899
decision_type=2 2 2 2 2 2 2 2 2 2 2 2 2 2 2 2 2 2
left_child=1 13 3 -3 5 -2 7 8 -6 12 -11 -9 -8 -1 15 -15 -4 -16
right_child=4 2 16 -5 6 -7 9 11 -10 10 -12 -13 -14 14 17 -17 -18 -19
leaf_value=-3.9504763314740029e-05 0 0.00044839079340627943 4.0174024508325408e-05 1.4649804418879995e-06 -6.1575724970690948e-06 0.00028194623260407829 -2.9341529227517755e-05 0 3.8259443371903591e-05 7.1428114140038209e-05 0 8.4654809631005691e-05 0 0 0 0.00013051404240332971 -4.6563503628024266e-06 -1.1792300067452787e-05
leaf_weight=24 32 20 30 28 2190 20 1038 21 265 71 23 102 51 31 24 41 37 20
leaf_count=24 32 20 30 28 2190 20 1038 21 265 71 23 102 51 31 24 41 37 20
internal_value=9.46525e-07 5.21827e-05 0.00011373 0.000250599 -1.69449e-06 9.13958e-05 -3.7816e-06 1.68836e-06 -1.39758e-07 -1.82366e-05 3.36384e-05 6.25173e-05 -2.54716e-05 0 1.01082e-05 5.37685e-05 0 0
internal_weight=4068 255 115 48 3813 52 3761 2578 2455 1183 94 123 1089 140 116 72 67 44
internal_count=4068 255 115 48 3813 52 3761 2578 2455 1183 94 123 1089 140 116 72 67 44
is_linear=0
shrinkage=0.03


Tree=67
num_leaves=18
num_cat=0
split_feature=23 26 29 31 35 25 4 29 32 25 36 35 36 34 33 1 33
split_gain=0.000729711 0.000855727 0.000855126 0.000588211 0.000501758 0.00051177 0.00106693 0.000550676 0.000566558 0.000518846 0.000338678 0.000319225 0.000148882 8.71231e-05 0.000316366 8.79376e-05 2.3479e-06
threshold=-1.6812169612592027 1.8455027468775673 22.009619011230296 0.00070386196325233918 0.045126642071191589 -0.01492927551327594 39.324998855590827 67.159336287511181 -0.015675090212075578 0.56639309739550114 -0.011032878179703507 0.027790590785003445 -0.0064746041506887385 -0.030261026898266759 -0.0029109645710934102 65.001804351806655 0.012801121841213516
decision_type=2 2 2 2 2 2 2 2 2 2 2 2 2 2 2 2 2
left_child=1 13 -3 -4 5 7 -7 8 -2 -8 -6 -5 -9 15 -15 -1 -16
right_child=4 2 3 11 10 6 9 12 -10 -11 -12 -13 -14 14 16 -17 -18
leaf_value=-7.3078971752267935e-05 0 0.00028079478900941483 -1.0470090300624818e-05 0 0 0.00019315043428970319 7.6617503487961618e-06 0 -3.557739611896833e-05 -4.0658605990666693e-05 0.00015406173176249716 0.00020765975972554128 4.4968544770863782e-05 9.9675069464083354e-05 -9.7783316849684469e-06 0 0
leaf_weight=23 417 27 35 33 28 27 1859 47 1061 218 30 20 126 32 22 34 29
leaf_count=23 417 27 35 33 28 27 1859 47 1061 218 30 20 126 32 22 34 29
internal_value=9.4836e-07 5.05117e-05 0.000111113 2.47391e-05 -1.58074e-06 -3.7032e-06 5.04287e-06 -1.66656e-05 -2.37421e-05 1.14406e-06 8.39652e-05 0.000104464 2.64392e-05 0 2.02833e-05 -2.78294e-05 0
internal_weight=4068 255 115 88 3813 3755 2104 1651 1478 2077 58 53 173 140 83 57 51
internal_count=4068 255 115 88 3813 3755 2104 1651 1478 2077 58 53 173 140 83 57 51
is_linear=0
shrinkage=0.03


Tree=68
num_leaves=18
num_cat=0
split_feature=23 30 4 32 2 25 30 25 25 35 34 36 24 24 0 29 20
split_gain=0.000685728 0.000657602 0.00176975 0.000632006 0.000478651 0.0012254 0.000444175 0.000410391 0.000779607 0.00114215 0.000651471 0.000426092 0.000624492 0.000541338 0.000292811 0.000359511 0.000103734
threshold=-1.6812169612592027 30.778091894559839 89.991504669189467 -0.015876225668148777 39.125000000000007 -0.074722097994578976 21.056457754565063 0.1626876533712785 0.56639309739550114 0.016751873625895319 0.027164179848933049 0.0075949460369887827 -0.037961688425661687 -0.91584500998881502 54.421606063842781 66.093894427103763 66.418754291534427
decision_type=2 2 2 2 2 2 2 2 2 2 2 2 2 2 2 2 2
left_child=1 2 6 -3 5 -2 16 11 9 -9 -10 12 -6 -13 15 -5 -1
right_child=4 3 -4 14 7 -7 -8 8 10 -11 -12 13 -14 -15 -16 -17 -18
leaf_value=2.3431658487894803e-07 0 -0.0001488962729790193 0.00033223195690003067 0.00014403359211598321 -2.2031499867092806e-05 0.00027284824564781927 0.00010585812643705683 -2.4582601362961732e-06 1.7781758688021083e-05 5.6809966032426095e-05 -7.078070488611276e-05 2.5919793478454336e-05 1.0363479896789017e-05 -5.1283299964390969e-05 0 0 -4.1541354506394469e-05
leaf_weight=26 32 22 25 32 967 20 38 530 56 478 172 45 1087 426 30 28 54
leaf_count=26 32 22 25 32 967 20 38 530 56 478 172 45 1087 426 30 28 54
internal_value=9.79356e-07 4.90227e-05 9.17606e-05 0 -1.44805e-06 8.69074e-05 1.51729e-05 -3.46958e-06 9.44415e-06 2.26741e-05 -3.58781e-05 -1.09791e-05 -3.42755e-06 -3.75352e-05 2.95821e-05 7.5477e-05 0
internal_weight=4068 255 143 112 3813 52 118 3761 1236 1008 228 2525 2054 471 90 60 80
internal_count=4068 255 143 112 3813 52 118 3761 1236 1008 228 2525 2054 471 90 60 80
is_linear=0
shrinkage=0.03


Tree=69
num_leaves=18
num_cat=0
split_feature=23 26 30 1 35 25 2 29 32 25 36 23 34 28 2 35 33
split_gain=0.000647964 0.000793953 0.00149483 0.000706001 0.000472936 0.000461087 0.00101713 0.000513731 0.000532924 0.000462376 0.000320154 0.000144736 7.44242e-05 0.000297387 8.70643e-05 4.90233e-05 1.30515e-05
threshold=-1.6812169612592027 1.8455027468775673 31.769110342615438 86.516624450683608 0.045126642071191589 -0.01492927551327594 39.475000381469734 67.159336287511181 -0.015675090212075578 0.56639309739550114 -0.011032878179703507 0.3997090247296598 -0.030261026898266759 51337503.000000007 64.483787536621108 0.024365984910966348 -0.0036922879848020336
decision_type=2 2 2 2 2 2 2 2 2 2 2 2 2 2 2 2 2
left_child=1 12 3 -3 5 7 -7 8 -2 -8 -6 -9 14 -14 -1 -4 -15
right_child=4 2 15 -5 10 6 9 11 -10 -11 -12 -13 13 16 -16 -17 -18
leaf_value=-7.3376426160360808e-05 0 0 3.7814201804518416e-05 0.00038496749079996946 0 0.00021858890420138664 7.4989388258794582e-06 0 -3.4170004591833132e-05 -3.7986964672191221e-05 0.00014988454650125257 5.6678942722420156e-05 0.00011281511424314955 0 0 -5.3967955006685588e-06 -1.7115065093184733e-05
leaf_weight=22 417 26 30 22 28 20 1866 97 1061 218 30 76 23 20 35 37 40
leaf_count=22 417 26 30 22 28 20 1866 97 1061 218 30 76 23 20 35 37 40
internal_value=9.73193e-07 4.76791e-05 0.00010605 0.000234269 -1.36474e-06 -3.44924e-06 4.80132e-06 -1.57802e-05 -2.26649e-05 1.29975e-06 8.17272e-05 2.56863e-05 0 1.78073e-05 -2.66753e-05 0 0
internal_weight=4068 255 115 48 3813 3755 2104 1651 1478 2084 58 173 140 83 57 67 60
internal_count=4068 255 115 48 3813 3755 2104 1651 1478 2084 58 173 140 83 57 67 60
is_linear=0
shrinkage=0.03


Tree=70
num_leaves=12
num_cat=0
split_feature=23 32 13 36 25 5 35 21 36 5 26
split_gain=0.000619263 0.00130401 0.000599817 0.000631807 0.000444009 0.000604056 0.00196936 0.00032117 0.000183537 4.22197e-05 7.82249e-07
threshold=-2.4013206128310141 0.0077869145700825157 90.000000000000014 0.0011901275110173663 0.79079279330984897 11355735.500000002 0.016555166805618367 68.606888866424569 -0.0011111054015183603 5341077.0000000009 1.5369704538076139
decision_type=2 2 2 2 2 2 2 2 2 2 2
left_child=1 -1 4 10 5 7 -7 -2 -6 -5 -4
right_child=2 -3 3 9 8 6 -8 -9 -10 -11 -12
leaf_value=0 5.0359311769356224e-06 0.00029382193527087121 0 0 0 0.00031227518789252482 1.3546724185660023e-06 -1.2265150074381199e-05 -0.00012589798856468874 0.00018699967583628351 4.4785779780204729e-06
leaf_weight=31 1497 20 47 25 22 23 206 2093 37 32 35
leaf_count=31 1497 20 47 25 22 23 206 2093 37 32 35
internal_value=1.02973e-06 0.000104839 0 6.08989e-05 -2.48556e-06 -4.29457e-07 4.57999e-05 -4.21517e-06 -8.45874e-05 0.000137815 0
internal_weight=4068 51 4017 139 3878 3819 229 3590 59 57 82
internal_count=4068 51 4017 139 3878 3819 229 3590 59 57 82
is_linear=0
shrinkage=0.03


Tree=71
num_leaves=24
num_cat=0
split_feature=23 26 30 32 21 5 26 26 23 1 34 36 26 0 5 22 34 28 0 32 29 32 24
split_gain=0.000597406 0.00073798 0.00143226 0.00187903 0.000423655 0.00080416 0.00224684 0.000466871 0.000592402 0.00041621 0.000352187 0.000272942 0.000211072 0.000269014 7.17747e-05 6.89508e-05 6.87074e-05 0.000276471 9.02534e-05 3.2216e-05 0.000137239 1.08934e-06 3.77236e-07
threshold=-1.6812169612592027 1.8455027468775673 31.769110342615438 -0.0079191039201895724 86.429670079549169 13387555.500000002 1.3383492772652645 1.4344426664235785 -0.54332123534427967 110.14050292968751 -0.0010323013868698825 0.0022522723850715476 1.3706683850796721 64.848625183105483 5963707.5000000009 51.102734257089374 -0.030261026898266759 51337503.000000007 35.434808731079109 -0.011330330654257368 66.436977706926569 -1.0000000180025095e-35 0.44125799924574566
decision_type=2 2 2 2 2 2 2 2 2 2 2 2 2 2 2 2 2 2 2 2 2 2 2
left_child=1 16 3 -3 5 7 -7 10 -9 12 -2 15 14 -14 -6 -11 18 -18 -1 -4 -21 -19 -8
right_child=4 2 19 -5 9 6 22 8 -10 11 -12 -13 13 -15 -16 -17 17 21 -20 20 -22 -23 -24
leaf_value=0 -2.3049787740184771e-05 0.00044516435963370927 -1.3716377234503396e-05 0 -9.7819359608419909e-06 0.00029552668386909276 -3.5395105996571169e-06 6.3244181661265328e-05 7.0996658243226133e-07 0.00012201506311699578 2.4582723036710316e-06 0 -1.9092920020546661e-05 -8.8007843841018599e-05 2.5395387599023163e-05 0 0.00010869278162778293 0 -5.7409951904978221e-05 7.8557502152060087e-05 0 -5.0727251456962397e-06 0
leaf_weight=21 807 21 20 27 216 32 27 209 713 27 792 40 704 101 68 27 23 22 36 24 23 38 50
leaf_count=21 807 21 20 27 216 32 27 209 713 27 792 40 704 101 68 27 23 22 36 24 23 38 50
internal_value=1.05415e-06 4.58839e-05 0.00010216 0.000227537 -1.15827e-06 4.67932e-06 8.46262e-05 2.94908e-08 1.81441e-05 -1.66712e-05 -8.53998e-06 3.18992e-05 -2.36208e-05 -3.14755e-05 0 7.94389e-05 0 1.70236e-05 -2.57136e-05 0 2.31366e-05 0 0
internal_weight=4068 255 115 48 3813 2630 109 2521 922 1183 1599 94 1089 805 284 54 140 83 57 67 47 60 77
internal_count=4068 255 115 48 3813 2630 109 2521 922 1183 1599 94 1089 805 284 54 140 83 57 67 47 60 77
is_linear=0
shrinkage=0.03


Tree=72
num_leaves=19
num_cat=0
split_feature=23 26 30 32 35 25 27 5 5 31 35 29 5 34 28 0 35 32
split_gain=0.000562553 0.00069815 0.00136587 0.00174572 0.000433518 0.000428464 0.000671707 0.000646317 0.00044399 0.00152393 0.000371228 0.000245653 0.000105978 6.26849e-05 0.000261181 8.59297e-05 4.26878e-05 1.02513e-06
threshold=-1.6812169612592027 1.8455027468775673 31.769110342615438 -0.0079191039201895724 0.045126642071191589 -0.31450790565230674 0.093378592212026726 3633255.0000000005 12094710.000000002 -0.0084646518714521207 0.013098387611117731 57.5195493164412 8647715.5000000019 -0.030261026898266759 51337503.000000007 35.434808731079109 0.024365984910966348 -1.0000000180025095e-35
decision_type=2 2 2 2 2 2 2 2 2 2 2 2 2 2 2 2 2 2
left_child=1 13 3 -3 5 6 12 -8 10 -10 -7 -6 -2 15 -15 -1 -4 -16
right_child=4 2 16 -5 11 8 7 -9 9 -11 -12 -13 -14 14 17 -17 -18 -19
leaf_value=0 2.1342679319111298e-05 0.00043187272821010146 3.4731986301647881e-05 0 0.00013234173171127248 -1.7276426281517926e-05 2.0757021906195527e-08 -7.4051642815600973e-05 0.00024655139546591746 0 5.0258864961531458e-06 0 -1.490562519813563e-05 0.00010544611493355363 0 -5.5692426226175327e-05 -7.5398316279598373e-06 -4.9209421616062237e-06
leaf_weight=21 183 21 30 27 33 949 48 293 29 87 2112 25 54 23 22 36 37 38
leaf_count=21 183 21 30 27 33 949 48 293 29 87 2112 25 54 23 22 36 37 38
internal_value=1.06736e-06 4.45668e-05 9.93032e-05 0.000221707 -1.05606e-06 -3.0869e-06 -2.69886e-05 -5.4833e-05 3.18053e-07 5.85045e-05 -9.08785e-07 7.85668e-05 4.2788e-07 0 1.61907e-05 -2.46278e-05 0 0
internal_weight=4068 255 115 48 3813 3755 578 341 3177 116 3061 58 237 140 83 57 67 60
internal_count=4068 255 115 48 3813 3755 578 341 3177 116 3061 58 237 140 83 57 67 60
is_linear=0
shrinkage=0.03


Tree=73
num_leaves=16
num_cat=0
split_feature=23 2 21 28 29 2 24 25 25 35 34 21 23 24 21
split_gain=0.000531981 0.000594803 0.00114916 0.000552446 0.00107395 0.000422503 0.00123503 0.000359567 0.000689626 0.00104722 0.000612226 0.000361417 0.000672449 0.000495877 0.000214017
threshold=-1.6812169612592027 52.875000000000007 72.720833333333346 155982697.50000003 39.757325201520388 39.125000000000007 -0.48433244708181977 0.1626876533712785 0.56639309739550114 0.016751873625895319 0.027164179848933049 68.049204889933279 -0.74524455748730023 -0.56933313067351343 75.542130661010745
decision_type=2 2 2 2 2 2 2 2 2 2 2 2 2 2 2
left_child=1 -1 -3 14 -5 6 -2 11 9 -9 -10 12 -7 -13 -4
right_child=5 2 3 4 -6 7 -8 8 10 -11 -12 13 -14 -15 -16
leaf_value=0.00018088893795871727 0 -0.00013217612496081076 8.9399909177462688e-05 0.00027999342736450444 0 6.2210987142389507e-05 0.00026983829728775539 -2.1573525493890168e-06 1.8624852032992154e-05 5.4380782652390919e-05 -6.7395436887986984e-05 -5.5034543462281994e-05 -6.2162684322301489e-06 -7.0408810103160036e-06 0
leaf_weight=30 32 32 24 25 24 146 20 530 56 478 172 321 1029 1029 120
leaf_count=30 32 32 24 25 24 146 20 530 56 478 172 321 1029 1029 120
internal_value=1.08796e-06 4.33831e-05 1.16493e-05 5.10881e-05 0.000142797 -9.54894e-07 8.21968e-05 -2.90435e-06 9.14322e-06 2.16802e-05 -3.31166e-05 -9.9899e-06 0 -2.0678e-05 0
internal_weight=4068 255 225 193 49 3813 52 3761 1236 1008 228 2525 1175 1350 144
internal_count=4068 255 225 193 49 3813 52 3761 1236 1008 228 2525 1175 1350 144
is_linear=0
shrinkage=0.03


Tree=74
num_leaves=18
num_cat=0
split_feature=23 26 29 2 24 32 23 32 24 25 25 26 25 28 27 1 25
split_gain=0.000502881 0.000642979 0.00103538 0.000392131 0.00116841 0.000361102 0.000342346 0.00071679 0.000987656 0.000489926 0.000824308 0.000267098 0.000161891 6.49146e-05 3.12528e-05 0.000167798 2.03277e-05
threshold=-1.6812169612592027 1.8209583827769855 16.989701047671918 39.125000000000007 -0.48433244708181977 0.0086132385593618039 0.3867785477447257 -0.018249694011848169 0.94893915358949577 0.5525337134197279 0.25822304497818366 1.2833335066642875 0.67882708138081183 59032060.500000007 0.023315147305248429 63.149999618530281 -0.34748026184864383
decision_type=2 2 2 2 2 2 2 2 2 2 2 2 2 2 2 2 2
left_child=1 14 -3 4 -2 13 9 11 -9 10 -5 -8 -11 -4 -1 -16 -17
right_child=3 2 5 6 -6 -7 7 8 -10 12 -12 -13 -14 -15 15 16 -18
leaf_value=-3.3771260475207639e-05 0 0.00030980301859315982 -4.5597309874722003e-05 -1.5014604407697054e-05 0.00026178343440475525 8.836118925242622e-05 0 2.5034541808998669e-05 -2.8130960434635027e-05 -0.00011606799680783996 3.4494259693251196e-05 8.8277363157298309e-05 0 0 8.1330995716444852e-05 0 -1.8561724654765858e-05
leaf_weight=23 32 20 28 1906 20 46 43 663 598 56 336 124 35 25 23 37 53
leaf_count=23 32 20 28 1906 20 46 43 663 598 56 336 124 35 25 23 37 53
internal_value=1.03032e-06 4.21668e-05 9.30976e-05 -9.35016e-07 7.90893e-05 1.87778e-05 -2.84115e-06 7.55896e-06 0 -1.04928e-05 -6.25566e-06 6.59466e-05 -8.18331e-05 0 0 3.96943e-06 0
internal_weight=4068 255 119 3813 52 99 3761 1428 1261 2333 2242 167 91 53 136 113 90
internal_count=4068 255 119 3813 52 99 3761 1428 1261 2333 2242 167 91 53 136 113 90
is_linear=0
shrinkage=0.03


Tree=75
num_leaves=13
num_cat=0
split_feature=13 36 23 27 25 5 35 25 36 26 24 36
split_gain=0.000503451 0.000598193 0.000575665 0.000798136 0.000412475 0.000496009 0.00184208 0.0002329 0.000165478 2.85105e-05 2.23265e-05 1.97206e-05
threshold=90.000000000000014 0.0040743728537902691 -2.4013206128310141 0.13339263589165049 0.79079279330984897 11355735.500000002 0.016555166805618367 0.016212311639649205 -0.0011111054015183603 1.3209365698292761 0.94893915358949577 -0.0016765137112410686
decision_type=2 2 2 2 2 2 2 2 2 2 2 2
left_child=2 9 3 -1 5 7 -7 -4 -6 -2 11 -11
right_child=1 -3 4 -5 8 6 -8 -9 -10 10 -12 -13
leaf_value=0 0 0.00018186053060431439 -1.1673050589782355e-05 0.00020806768490664419 0 0.00029815146560454133 0 2.6646199890565054e-06 -0.00012064458194221405 5.6207613288007881e-05 0 0
leaf_weight=21 44 30 1821 28 22 23 206 1769 37 20 20 27
leaf_count=21 44 30 1821 28 22 23 206 1769 37 20 20 27
internal_value=1.01908e-06 5.69189e-05 -2.25497e-07 0.000100729 -2.27724e-06 -2.68092e-07 4.15537e-05 -3.77254e-06 -8.13449e-05 0 1.95552e-05 3.11674e-05
internal_weight=4068 141 3927 49 3878 3819 229 3590 59 111 67 47
internal_count=4068 141 3927 49 3878 3819 229 3590 59 111 67 47
is_linear=0
shrinkage=0.03


Tree=76
num_leaves=19
num_cat=0
split_feature=23 26 30 32 35 0 36 5 26 5 27 36 3 34 28 0 2 35
split_gain=0.000462225 0.000598942 0.00123521 0.00161881 0.000404708 0.000363467 0.000478238 0.000471845 0.00128769 0.000405584 0.00039023 0.000310915 0.000134175 5.86119e-05 0.000245057 0.000356715 8.91746e-05 3.53409e-05
threshold=-1.6812169612592027 1.8455027468775673 31.769110342615438 -0.0079191039201895724 0.045126642071191589 60.914653778076179 -0.0013981979458056583 13387555.500000002 1.3383492772652645 4585936.0000000009 0.23650248130680659 -0.00099653525923137898 109.96182250976564 -0.030261026898266759 110174600.00000001 35.286781311035163 64.483787536621108 0.024365984910966348
decision_type=2 2 2 2 2 2 2 2 2 2 2 2 2 2 2 2 2 2
left_child=1 13 3 -3 5 7 12 10 -9 -8 -2 -6 -7 16 15 -15 -1 -4
right_child=4 2 17 -5 11 6 9 8 -10 -11 -12 -13 -14 14 -16 -17 -18 -19
leaf_value=-7.2052910691127172e-05 -2.04482898703683e-05 0.00040875714742335807 3.0308326646728907e-05 0 0 -2.7935128486476008e-06 0 0.00023344267345124797 0 -6.7670703698162452e-05 4.9564596379379085e-06 0.00015678218634930378 5.3026276919050601e-05 0 0 0.00013417219434875299 0 -1.0585416872992558e-05
leaf_weight=22 710 21 30 27 33 305 143 29 61 251 2214 25 42 20 32 31 35 37
leaf_count=22 710 21 30 27 33 305 143 29 61 251 2214 25 42 20 32 31 35 37
internal_value=1.03193e-06 4.04683e-05 9.11754e-05 0.000207375 -8.19661e-07 -2.80987e-06 -2.18688e-05 8.81081e-07 6.88335e-05 -4.4626e-05 -1.86804e-07 7.61771e-05 0 0 1.48287e-05 6.83643e-05 -2.45726e-05 0
internal_weight=4068 255 115 48 3813 3755 741 3014 90 394 2924 58 347 140 83 51 57 67
internal_count=4068 255 115 48 3813 3755 741 3014 90 394 2924 58 347 140 83 51 57 67
is_linear=0
shrinkage=0.03


Tree=77
num_leaves=28
num_cat=0
split_feature=0 0 20 24 0 31 3 20 33 28 34 4 32 23 25 29 25 28 1 28 0 26 28 0 25 29 1
split_gain=0.000447875 0.000583841 0.000733918 0.00133053 0.00120457 0.00108594 0.000823763 0.000562674 0.000553457 0.000371462 0.000841303 0.000991889 0.000402713 0.000659947 0.000361751 0.000609041 0.000355514 0.000348993 0.000730851 0.000485437 0.000319864 0.000294343 0.00026136 0.000248352 0.000210069 9.82917e-05 6.3917e-09
threshold=40.218473434448249 37.929924011230476 66.800234603881847 0.24257798970275099 35.744647979736335 0.0033712803060018674 45.074998855590827 75.993701553344735 0.010130652919941087 165679687.50000003 -0.04109585660810549 93.69977188110353 0.040699671205554962 0.62150695173760806 -0.35305814326208634 45.709086295495865 -0.37586685312976459 136987534.50000003 82.156845092773452 -19454705.999999996 34.663959503173835 1.3607511501901979 107555540.00000001 68.102249145507827 0.0093723651048097396 21.588893781553917 48.574998855590827
decision_type=2 2 2 2 2 2 2 2 2 2 2 2 2 2 2 2 2 2 2 2 2 2 2 2 2 2 2
left_child=1 2 4 7 5 -1 -6 -4 16 12 11 -11 17 -14 23 -16 25 19 -19 -2 -5 26 -23 -12 -18 -3 -10
right_child=9 8 3 20 6 -7 -8 -9 21 10 14 -13 13 -15 15 -17 24 18 -20 -21 -22 22 -24 -25 -26 -27 -28
leaf_value=9.4295811143293868e-05 -3.7271390755771127e-05 0.0001198863171442664 -0.00015925446470538277 -4.5796589636867081e-06 -6.6054237256236929e-05 0 3.5764716563224032e-05 0 4.7873228832900569e-07 0.00028774277034813702 -6.9332025475439771e-05 0 0.00019850196678681409 0 5.8305641865079531e-05 -1.2356470027272385e-06 -3.9203488687880578e-05 0 -7.6619867601418395e-05 0 7.482906573115992e-05 0.00020225218603048812 0 0 2.0047372162949285e-05 0 0
leaf_weight=241 371 30 84 46 180 143 78 21 25 21 95 29 20 20 188 416 97 152 231 1293 52 45 20 26 99 23 22
leaf_count=241 371 30 84 46 180 143 78 21 25 21 95 29 20 20 188 416 97 152 231 1293 52 45 20 26 99 23 22
internal_value=1.00826e-06 1.69215e-05 0 -4.622e-05 1.87877e-05 5.51073e-05 -2.36464e-05 -0.000124403 4.91075e-05 -4.64949e-06 1.11938e-05 0.000130582 -1.19705e-05 7.02772e-05 0 1.23376e-05 9.8552e-06 -1.50465e-05 -4.27131e-05 -6.8736e-06 7.00787e-06 0.000109525 0.000157244 -4.39223e-05 0 8.05065e-05 0
internal_weight=4068 1206 845 203 642 384 258 105 361 2862 775 50 2087 40 725 604 249 2047 383 1664 98 112 65 121 196 53 47
internal_count=4068 1206 845 203 642 384 258 105 361 2862 775 50 2087 40 725 604 249 2047 383 1664 98 112 65 121 196 53 47
is_linear=0
shrinkage=0.03


Tree=78
num_leaves=14
num_cat=0
split_feature=13 36 23 32 26 4 25 25 31 26 32 29 29
split_gain=0.000475025 0.000553943 0.000511488 0.000900808 0.000397148 0.00133999 0.000350896 0.000519973 0.000487358 0.000215122 3.2345e-05 7.53884e-05 2.40947e-05
threshold=90.000000000000014 0.0040743728537902691 -2.4013206128310141 0.0074893712381813868 0.80565871991588955 39.074998855590827 0.79079279330984897 0.1626876533712785 -0.0027808710242119279 0.77097325669509498 -0.0039663261278273789 48.344346616000053 27.343799206391719
decision_type=2 2 2 2 2 2 2 2 2 2 2 2 2
left_child=2 10 3 -1 5 -4 7 -6 -8 -7 11 12 -2
right_child=1 -3 4 -5 6 9 8 -9 -10 -11 -12 -13 -14
leaf_value=0 0 0.00017580217575078884 0.0002599466068250584 0.00024972442758214005 -1.1042568518517516e-05 -2.8111124578234639e-05 0 1.2932486196933234e-05 -0.0001460638844834798 4.5255435082954588e-05 0 0 7.6829375657461456e-05
leaf_weight=29 27 30 22 20 2531 71 21 1128 38 67 40 24 20
leaf_count=29 27 30 22 20 2531 71 21 1128 38 67 40 24 20
internal_value=1.02916e-06 5.53152e-05 -1.57437e-07 9.49601e-05 -2.13527e-06 4.23658e-05 -4.85828e-06 -2.83149e-06 -7.95746e-05 0 0 2.02344e-05 4.53718e-05
internal_weight=4068 141 3927 49 3878 160 3718 3659 59 138 111 71 47
internal_count=4068 141 3927 49 3878 160 3718 3659 59 138 111 71 47
is_linear=0
shrinkage=0.03


Tree=79
num_leaves=13
num_cat=0
split_feature=13 36 23 33 25 5 28 21 36 32 29 34
split_gain=0.000450152 0.000517841 0.000478748 0.000957911 0.000368974 0.000434243 0.00180274 0.000268812 0.000140315 3.03054e-05 7.28303e-05 0.000108998
threshold=90.000000000000014 0.0040743728537902691 -2.4013206128310141 -0.0020105279428295204 0.79079279330984897 11355735.500000002 -157173245.99999997 68.606888866424569 -0.0011111054015183603 -0.0039663261278273789 48.344346616000053 -0.022154464432858231
decision_type=2 2 2 2 2 2 2 2 2 2 2 2
left_child=2 9 3 -1 5 7 -7 -4 -6 10 11 -2
right_child=1 -3 4 -5 8 6 -8 -9 -10 -11 -12 -13
leaf_value=0 0 0.00017054563211284858 4.9653617448094298e-06 0.00025204396716305117 0 0.00029864464239518911 0 -1.0869108723704741e-05 -0.00011308954499920482 0 0 8.5527545226545156e-05
leaf_weight=29 21 30 1497 20 22 22 207 2093 37 40 24 26
leaf_count=29 21 30 1497 20 22 22 207 2093 37 40 24 26
internal_value=1.03175e-06 5.38672e-05 -1.02726e-07 9.19085e-05 -2.04124e-06 -9.94402e-08 3.90079e-05 -3.43068e-06 -7.67571e-05 0 1.9586e-05 4.43931e-05
internal_weight=4068 141 3927 49 3878 3819 229 3590 59 111 71 47
internal_count=4068 141 3927 49 3878 3819 229 3590 59 111 71 47
is_linear=0
shrinkage=0.03


Tree=80
num_leaves=13
num_cat=0
split_feature=13 36 23 33 26 4 26 20 25 26 32 20
split_gain=0.000424099 0.000486517 0.0004467 0.000904843 0.000366651 0.00125895 0.000352032 0.000430393 0.000345935 0.000203191 2.74714e-05 4.49888e-05
threshold=90.000000000000014 0.0040743728537902691 -2.4013206128310141 -0.0020105279428295204 0.80565871991588955 39.074998855590827 0.83739655105497046 47.837500190734872 0.79079279330984897 0.77097325669509498 -0.0039663261278273789 80.446884155273452
decision_type=2 2 2 2 2 2 2 2 2 2 2 2
left_child=2 10 3 -1 5 -4 7 -6 -8 -7 11 -2
right_child=1 -3 4 -5 6 9 8 -9 -10 -11 -12 -13
leaf_value=0 0 0.00016544626111031639 0.0002516365578157508 0.00024452025724102305 -0.00010754238794037845 -2.7665559080614066e-05 -1.8483021550455848e-07 0 -7.4633127784588116e-05 4.3753276520700854e-05 0 4.4387125644377031e-05
leaf_weight=29 38 30 22 20 66 71 3564 29 59 67 40 33
leaf_count=29 38 30 22 20 66 71 3564 29 59 67 40 33
internal_value=1.03579e-06 5.23066e-05 -4.24586e-08 8.88285e-05 -1.94121e-06 4.0787e-05 -4.58788e-06 -6.2972e-05 -2.22726e-06 0 0 1.86478e-05
internal_weight=4068 141 3927 49 3878 160 3718 95 3623 138 111 71
internal_count=4068 141 3927 49 3878 160 3718 95 3623 138 111 71
is_linear=0
shrinkage=0.03


Tree=81
num_leaves=13
num_cat=0
split_feature=13 23 33 26 3 26 20 21 30 5 23 26
split_gain=0.000402357 0.000417505 0.000854786 0.000346276 0.00127367 0.000325699 0.000409536 0.000343356 0.000307158 0.000374643 0.000233447 0.000108882
threshold=90.000000000000014 -2.4013206128310141 -0.0020105279428295204 0.80565871991588955 38.875000000000007 0.83739655105497046 47.837500190734872 68.606888866424569 44.118983745379346 3378615.0000000005 0.83287768664627049 0.77097325669509498
decision_type=2 2 2 2 2 2 2 2 2 2 2 2
left_child=1 2 -1 4 -3 6 -5 -7 -2 -10 -11 -6
right_child=8 3 -4 5 11 7 -8 -9 9 10 -12 -13
leaf_value=0 0 0.0002313517998895961 0.00023722114635687039 -0.0001043210002572914 -2.3930492310032689e-05 8.3794202169469043e-06 0 -1.0121779099128069e-05 0 0.00018959805390721408 0 2.9957144608890663e-05
leaf_weight=29 67 26 20 66 69 1392 29 2231 21 33 20 65
leaf_count=29 67 26 20 66 69 1392 29 2231 21 33 20 65
internal_value=9.94041e-07 -3.66054e-08 8.58405e-05 -1.89745e-06 3.95684e-05 -4.48977e-06 -6.0733e-05 -2.18534e-06 5.09398e-05 9.31223e-05 0.000135835 0
internal_weight=4068 3927 49 3878 160 3718 95 3623 141 74 53 134
internal_count=4068 3927 49 3878 160 3718 95 3623 141 74 53 134
is_linear=0
shrinkage=0.03


Tree=82
num_leaves=23
num_cat=0
split_feature=0 5 1 0 20 23 26 33 28 34 0 34 5 2 0 5 27 33 27 34 27 32
split_gain=0.000389141 0.000776777 0.00261164 0.000792484 0.000547584 0.00100304 0.000802436 0.000423743 0.00034783 0.000794301 0.000968708 0.000395741 0.000787776 0.000519047 0.000395273 0.000295838 0.000288823 0.000281941 0.000232548 0.000150489 0.000332806 0.000260673
threshold=40.218473434448249 12488395.500000002 48.125000000000007 37.929924011230476 66.800234603881847 0.46560646863295579 0.91791726815447439 0.0059523927947900965 165679687.50000003 -0.04109585660810549 60.914653778076179 -0.040034825838464731 7072006.5000000009 89.319885253906264 57.307289123535163 6438626.0000000009 0.39861684212271881 -0.013628131177323586 0.97974190563245356 0.014457800652084797 0.62064419443399521 0.015953856485475985
decision_type=2 2 2 2 2 2 2 2 2 2 2 2 2 2 2 2 2 2 2 2 2 2
left_child=1 3 -3 4 6 -6 -1 17 11 10 -10 12 -2 14 -13 -15 -4 -5 -9 20 -11 -21
right_child=8 2 16 7 5 -7 -8 18 9 19 -12 13 -14 15 -16 -17 -18 -19 -20 21 -22 -23
leaf_value=-2.6757182360970103e-05 0 0.00038623678729483835 -7.8128433231620535e-05 5.0944485842514249e-05 -0.00011286241685783844 0 4.027529866957978e-05 0.00011926965904046974 0.00025387190867766693 0 0 0 -0.0001402702569444308 -4.4170570029506072e-05 0.00012475202392254553 0 6.7972791140790201e-05 -6.2492122941216587e-06 0 -4.1343689392164503e-05 5.2794268636752704e-05 9.8789670406341821e-07
leaf_weight=290 76 22 25 99 111 81 322 93 26 309 24 1374 64 411 23 139 23 117 23 168 137 111
leaf_count=290 76 22 25 99 111 81 322 93 26 309 24 1374 64 411 23 139 23 117 23 168 137 111
internal_value=9.97657e-07 1.58598e-05 0.000116191 7.02715e-06 -5.85915e-06 -5.16489e-05 3.6112e-06 4.72595e-05 -4.21717e-06 1.10978e-05 0.000127178 -1.1342e-05 -6.27821e-05 -6.09938e-06 1.64075e-06 -3.12096e-05 0 6.09355e-06 9.80024e-05 0 1.36077e-05 -1.37589e-05
internal_weight=4068 1206 70 1136 804 192 612 332 2862 775 50 2087 140 1947 1397 550 48 216 116 725 446 279
internal_count=4068 1206 70 1136 804 192 612 332 2862 775 50 2087 140 1947 1397 550 48 216 116 725 446 279
is_linear=0
shrinkage=0.03


Tree=83
num_leaves=23
num_cat=0
split_feature=23 30 28 28 30 32 25 5 26 29 0 26 29 32 24 32 5 36 31 34 23 22
split_gain=0.000390631 0.000547729 0.00220459 0.000645032 0.000552465 0.000515479 0.000332793 0.00122738 0.00196551 0.000527988 0.0005404 0.000479095 0.000418786 0.000467598 0.00105899 0.000969343 0.000376145 0.000298227 0.000182931 6.41603e-05 3.00779e-05 2.90854e-05
threshold=-1.6812169612592027 30.778091894559839 206841370.50000003 -12106420.999999998 19.638017928105359 -0.015876225668148777 -0.01492927551327594 12236002.000000002 1.3481246776573741 81.548399252301138 35.434808731079109 1.2530119748963227 72.505470139217792 -0.015675090212075578 0.75079967973237638 -0.0018107813876866994 4541355.5000000009 -0.00076776098532811026 0.0061826271547302811 0.019355678302499405 1.0168699358998661 37.693796597368852
decision_type=2 2 2 2 2 2 2 2 2 2 2 2 2 2 2 2 2 2 2 2 2 2
left_child=1 2 3 -1 -5 -3 12 9 -9 10 -8 -11 13 14 -2 -15 -14 21 -18 -19 -10 -7
right_child=6 5 -4 4 -6 17 7 8 20 11 -12 -13 16 15 -16 -17 18 19 -20 -21 -22 -23
leaf_value=0.00015534060162345246 -1.5695323937460221e-05 -0.0001403941821024597 0.00037519188625599023 -8.6843883595266245e-05 3.9994560766659863e-05 0.00012370835423913132 5.8905881535060246e-05 0.0002863503075593378 -1.1586099555223383e-05 0 8.0884260641813364e-07 -5.1620379052551422e-05 0 -5.8865770005048431e-05 8.8492515670987403e-05 0 0.00012476311527876151 0 0 -5.3598960707791197e-05 2.2865967567350485e-05 0
leaf_weight=24 332 22 20 57 42 21 179 36 22 153 1407 289 46 498 112 622 42 26 29 20 46 23
leaf_count=24 332 22 20 57 42 21 179 36 22 153 1407 289 46 498 112 622 42 26 29 20 46 23
internal_value=1.00556e-06 3.72597e-05 7.69396e-05 3.80742e-06 -2.77512e-06 0 -6.33145e-07 6.36847e-06 0.000106967 0 9.26055e-06 -2.7698e-05 -1.12976e-05 -1.67595e-05 3.84507e-06 -2.76056e-05 3.60464e-05 1.77316e-05 8.30742e-05 0 0 8.20282e-05
internal_weight=4068 255 143 123 99 112 3813 2132 104 2028 1586 442 1681 1564 444 1120 117 90 71 46 68 44
internal_count=4068 255 143 123 99 112 3813 2132 104 2028 1586 442 1681 1564 444 1120 117 90 71 46 68 44
is_linear=0
shrinkage=0.03


Tree=84
num_leaves=13
num_cat=0
split_feature=13 36 23 33 25 31 34 1 31 32 29 34
split_gain=0.000383439 0.000450651 0.000376465 0.00079154 0.000327143 0.000439152 0.000402374 0.00069357 0.000355664 2.21851e-05 6.55376e-05 9.74188e-05
threshold=90.000000000000014 0.0040743728537902691 -2.4013206128310141 -0.0020105279428295204 0.79079279330984897 -0.0027808710242119279 0.050613689460233487 72.839885711669936 0.0044593482766626122 -0.0039663261278273789 48.344346616000053 -0.022154464432858231
decision_type=2 2 2 2 2 2 2 2 2 2 2 2
left_child=2 9 3 -1 6 -6 8 -8 -4 10 11 -2
right_child=1 -3 4 -5 5 -7 7 -9 -10 -11 -12 -13
leaf_value=0 0 0.00015838765452787638 2.3360774599565582e-06 0.0002273941017798523 0 -0.00013569476272210507 9.2341903752293626e-05 0 -1.7380675455759138e-05 0 0 7.9901113372895551e-05
leaf_weight=29 21 30 2512 20 21 38 112 80 1115 40 24 26
leaf_count=29 21 30 2512 20 21 38 112 80 1115 40 24 26
internal_value=1.04322e-06 4.97707e-05 0 8.16014e-05 -1.74966e-06 -7.19914e-05 0 4.15516e-05 -2.89838e-06 0 1.67578e-05 4.09418e-05
internal_weight=4068 141 3927 49 3878 59 3819 192 3627 111 71 47
internal_count=4068 141 3927 49 3878 59 3819 192 3627 111 71 47
is_linear=0
shrinkage=0.03


Tree=85
num_leaves=23
num_cat=0
split_feature=24 20 21 32 36 29 36 35 27 31 31 31 23 21 26 32 33 35 23 32 4 27
split_gain=0.000364818 0.00120979 0.00164351 0.000987643 0.000846486 0.000694174 0.00039763 0.000626625 0.0011316 0.000572643 0.000915646 0.000546941 0.000435252 0.000398458 0.000354145 0.000566188 0.00043312 0.00031362 0.000269708 0.000215214 0.000474958 0.000147158
threshold=-1.116399985287883 64.559594058990498 72.720833333333346 -0.0061376778246191579 -0.018026944762849596 37.499666328608534 0.0075949460369887827 0.02198769495221382 0.28482007132062293 -0.013218497511024272 -0.012552186939058794 0.0094200838970250906 1.6754214479809664 83.673836199442562 1.574835848694806 0.0056979549284577055 0.01209439657678202 0.023282315174798982 -0.75801905248411916 0.0034742140240747736 52.274999618530281 0.057199974968617416
decision_type=2 2 2 2 2 2 2 2 2 2 2 2 2 2 2 2 2 2 2 2 2 2
left_child=1 3 -3 -1 -4 -6 7 9 18 21 -11 13 -10 17 15 -13 -16 -8 -9 -5 -21 -2
right_child=6 2 4 19 5 -7 11 8 12 10 -12 14 -14 -15 16 -17 -18 -19 -20 20 -22 -23
leaf_value=0.00024548554085341732 0 -0.00019567139801951363 -0.00012169169893959102 0 8.4455322232407143e-05 0 -9.9113491832027197e-05 1.6471865193648826e-05 8.6285305916530489e-05 0.00017761913488148013 -6.1099339842903271e-07 0.00012035894094268283 0 0 -8.9293844790056906e-05 0 0 0 -4.0522538080306768e-05 0.00015177755652474946 0 -6.6172939351375699e-05
leaf_weight=38 53 35 27 23 157 222 151 64 262 26 2003 41 50 79 78 267 101 34 148 27 29 153
leaf_count=38 53 35 27 23 157 222 151 64 262 26 2003 41 50 79 78 267 101 34 148 27 29 153
internal_value=1.02071e-06 2.40003e-05 0 0.000109742 1.82512e-05 3.61637e-05 -1.77835e-06 2.5369e-06 3.26602e-05 -3.1845e-06 2.03035e-07 -2.1624e-05 7.06914e-05 -5.65129e-05 0 1.66894e-05 -3.6062e-05 -8.05864e-05 -9.17275e-06 6.29367e-06 5.92324e-05 -5.10901e-05
internal_weight=4068 558 441 117 406 379 3510 2759 524 2235 2029 751 312 264 487 308 179 185 212 79 56 206
internal_count=4068 558 441 117 406 379 3510 2759 524 2235 2029 751 312 264 487 308 179 185 212 79 56 206
is_linear=0
shrinkage=0.03


Tree=86
num_leaves=14
num_cat=0
split_feature=13 36 23 33 26 3 26 20 25 26 32 29 34
split_gain=0.000356823 0.000422451 0.000341918 0.000745772 0.000328576 0.0011905 0.000301385 0.000391895 0.00030312 9.93563e-05 1.92613e-05 6.14123e-05 9.31911e-05
threshold=90.000000000000014 0.0040743728537902691 -2.4013206128310141 -0.0020105279428295204 0.80565871991588955 38.875000000000007 0.83739655105497046 47.837500190734872 0.79079279330984897 0.77764821160098319 -0.0039663261278273789 48.344346616000053 -0.022154464432858231
decision_type=2 2 2 2 2 2 2 2 2 2 2 2 2
left_child=2 10 3 -1 5 -4 7 -6 -8 -7 11 12 -2
right_child=1 -3 4 -5 6 9 8 -9 -10 -11 -12 -13 -14
leaf_value=0 0 0.00015303864404659693 0.00022408829306134543 0.00021936055668977212 -0.0001012180933565727 -1.729870123974757e-05 -7.0871269446100671e-08 0 -6.9784517580942306e-05 3.5812261132356111e-05 0 0 7.7429539166075088e-05
leaf_weight=29 21 30 26 20 66 84 3564 29 59 50 40 24 26
leaf_count=29 21 30 26 20 66 84 3564 29 59 50 40 24 26
internal_value=9.43364e-07 4.79754e-05 0 7.76433e-05 -1.73897e-06 3.86513e-05 -4.28498e-06 -5.84136e-05 -2.03606e-06 0 0 1.56145e-05 3.92624e-05
internal_weight=4068 141 3927 49 3878 160 3718 95 3623 134 111 71 47
internal_count=4068 141 3927 49 3878 160 3718 95 3623 134 111 71 47
is_linear=0
shrinkage=0.03


Tree=87
num_leaves=23
num_cat=0
split_feature=0 5 1 0 20 23 26 26 5 28 34 31 34 5 2 26 5 22 23 28 34 33
split_gain=0.000342463 0.00069398 0.00240605 0.000757841 0.00048912 0.000940124 0.000718765 0.000408404 0.000379393 0.000322987 0.000712256 0.000993335 0.00036697 0.000743035 0.000475705 0.000396227 0.000278692 0.000262473 0.00013581 0.000273849 0.000265446 2.69305e-05
threshold=40.218473434448249 12488395.500000002 48.125000000000007 37.929924011230476 66.800234603881847 0.46560646863295579 0.91791726815447439 0.93027487978439016 9701351.5000000019 165679687.50000003 -0.040568299368855247 -0.0097915674885656317 -0.040034825838464731 7072006.5000000009 89.319885253906264 1.4344426664235785 6438626.0000000009 42.306492958443222 1.1069223227768215 191417628.50000003 0.014457800652084797 0.002970366167373784
decision_type=2 2 2 2 2 2 2 2 2 2 2 2 2 2 2 2 2 2 2 2 2 2
left_child=1 3 -3 4 6 -6 -1 21 -9 12 11 -11 13 -2 15 -14 -16 -4 20 -20 -12 -5
right_child=9 2 17 7 5 -7 -8 8 -10 10 18 -13 14 -15 16 -17 -18 -19 19 -21 -22 -23
leaf_value=-2.6112632580709931e-05 0 0.00036909911705695122 -7.6061470519409936e-05 -2.3182250423555129e-05 -0.00010872816828590451 0 3.7491954161453174e-05 7.8698321576210238e-05 0 0 2.9452309593677031e-05 0.00027114880414626902 -8.782782516500326e-06 -0.0001357016993131541 -4.241064358064688e-05 2.3204543446813141e-05 0 6.2769099997429087e-05 1.5642049779206158e-05 -4.1499271701752111e-05 -7.3802235263834773e-06 0
leaf_weight=290 76 22 25 45 111 81 322 227 27 33 335 22 850 64 411 547 139 23 38 173 174 33
leaf_count=290 76 22 25 45 111 81 322 227 27 33 335 22 850 64 411 547 139 23 38 173 174 33
internal_value=8.98342e-07 1.48778e-05 0.000109813 6.37812e-06 -6.18536e-06 -4.93208e-05 2.45202e-06 4.5829e-05 6.47422e-05 -3.9445e-06 1.07635e-05 0.000115168 -1.08439e-05 -6.0433e-05 -5.7345e-06 1.59542e-06 -2.9803e-05 0 0 -1.69946e-05 1.09695e-05 0
internal_weight=4068 1206 70 1136 804 192 612 332 254 2862 775 55 2087 140 1947 1397 550 48 720 211 509 78
internal_count=4068 1206 70 1136 804 192 612 332 254 2862 775 55 2087 140 1947 1397 550 48 720 211 509 78
is_linear=0
shrinkage=0.03


Tree=88
num_leaves=18
num_cat=0
split_feature=23 30 4 32 35 25 27 5 33 32 24 30 35 29 29 20 21
split_gain=0.000338205 0.000502013 0.00119283 0.0004633 0.000353428 0.000353141 0.000616833 0.000613001 0.000486344 0.00113262 0.000349684 0.000327962 0.000273048 0.000231844 0.000216896 0.000407484 0.000128543
threshold=-1.6812169612592027 30.778091894559839 90.40592193603517 -0.015876225668148777 0.045126642071191589 -0.31450790565230674 0.093378592212026726 3633255.0000000005 -0.022646662747170806 -0.022443270222258834 0.59459285511226845 21.056457754565063 0.013098387611117731 57.5195493164412 66.093894427103763 81.423380470275887 69.648925654093446
decision_type=2 2 2 2 2 2 2 2 2 2 2 2 2 2 2 2 2
left_child=1 2 11 -3 5 6 10 -8 9 -7 -2 16 -10 -6 15 -5 -1
right_child=4 3 -4 14 13 8 7 -9 12 -11 -12 -13 -14 -15 -16 -17 -18
leaf_value=0 -1.0549321102577734e-06 -0.00013383297163285145 0.00027528346394463073 0.0001555437890587411 0.00012344147865210741 0 2.4356088383711852e-06 -7.025207350042278e-05 -1.6612522884870072e-05 9.8967517026701511e-05 8.6541630885167807e-05 8.7633081771376175e-05 2.5831170532488937e-06 0 0 0 -4.4243744276653082e-05
leaf_weight=21 195 22 24 24 33 171 48 293 905 147 42 39 1954 25 40 26 59
leaf_count=21 195 22 24 24 33 171 48 293 905 147 42 39 1954 25 40 26 59
internal_value=8.68924e-07 3.4638e-05 7.27746e-05 0 -6.03521e-07 -2.51558e-06 -2.42798e-05 -5.12276e-05 5.00419e-07 3.6398e-05 1.84557e-06 6.54675e-06 -2.44424e-06 7.13421e-05 1.53143e-05 6.57123e-05 0
internal_weight=4068 255 143 112 3813 3755 578 341 3177 318 237 119 2859 58 90 50 80
internal_count=4068 255 143 112 3813 3755 578 341 3177 318 237 119 2859 58 90 50 80
is_linear=0
shrinkage=0.03


Tree=89
num_leaves=17
num_cat=0
split_feature=13 36 27 27 35 35 30 24 27 33 31 27 24 35 32 28
split_gain=0.00033348 0.000396944 0.000320489 0.0023382 0.00226711 0.000529907 0.000983045 0.000407403 0.000872766 0.000370408 0.000244282 0.000653726 0.00042412 0.000101823 1.64242e-05 4.58742e-05
threshold=90.000000000000014 0.0040743728537902691 0.082373903979049853 0.064124271305811983 0.016666609143453935 0.020833347838853215 18.182790347631528 -0.094323630820437446 -0.026184779689425983 1.0000000180025095e-35 -0.0017021189258506484 0.53591499484055627 -1.116399985287883 0.016458895742623991 -0.0039663261278273789 10156006.000000002
decision_type=2 2 2 2 2 2 2 2 2 2 2 2 2 2 2 2
left_child=2 14 3 7 -5 10 -7 8 -1 -8 12 -12 -4 -9 15 -2
right_child=1 -3 5 4 -6 6 9 13 -10 -11 11 -13 -14 -15 -16 -17
leaf_value=-8.6253727045037498e-05 0 0.00014812936132852655 1.5492777352809723e-05 0.00038151627036153436 0 -0.00010573518295488055 0 0 7.8960289431853409e-06 3.7342912536841598e-05 1.9298597816390745e-05 -2.0708507096343478e-05 -3.2460502708464026e-05 5.9717112114223712e-05 0 3.3453442636440908e-05
leaf_weight=125 21 30 112 30 31 51 373 35 154 587 613 852 879 85 40 50
leaf_count=125 21 30 112 30 31 51 373 35 154 587 613 852 879 85 40 50
internal_value=8.70401e-07 4.63566e-05 -7.98546e-12 2.26682e-05 0.000195732 -3.87346e-06 1.30386e-05 0 -2.35527e-05 2.24835e-05 -1.20569e-05 -1.92052e-06 -2.4013e-05 4.19981e-05 0 1.44188e-05
internal_weight=4068 141 3927 460 61 3467 1011 399 279 960 2456 1465 991 120 111 71
internal_count=4068 141 3927 460 61 3467 1011 399 279 960 2456 1465 991 120 111 71
is_linear=0
shrinkage=0.03


Tree=90
num_leaves=17
num_cat=0
split_feature=13 36 27 27 35 35 30 24 27 23 23 5 30 20 26 21
split_gain=0.000314665 0.000372353 0.0003092 0.0029477 0.00215911 0.000496369 0.000928525 0.000378714 0.000825759 0.000340314 0.000590571 0.000319903 0.000312051 9.8945e-05 1.29095e-05 2.74339e-05
threshold=90.000000000000014 0.0040743728537902691 0.077361383547312548 0.064124271305811983 0.017287530191707121 0.020833347838853215 18.182790347631528 -0.094323630820437446 -0.026184779689425983 -0.52180910184008045 -0.079265371211910449 4604806.0000000009 32.487154783711247 88.836870574951192 1.3209365698292761 81.618749618530288
decision_type=2 2 2 2 2 2 2 2 2 2 2 2 2 2 2 2
left_child=2 14 3 7 -5 9 -7 8 -1 11 -11 -4 -8 -9 -2 -16
right_child=1 -3 5 4 -6 6 12 13 -10 10 -12 -13 -14 -15 15 -17
leaf_value=-8.3668186129068036e-05 0 0.00014370023968716172 2.9899439464803228e-05 0.00045711822385594323 0 -0.00010256933693094233 6.2252854368480788e-05 6.3676658709816447e-05 7.6593033590202624e-06 -4.7874370903023473e-05 -5.61795049065137e-06 -9.8000087381524773e-06 9.1240399422615541e-06 0 0 2.7764948415102811e-05
leaf_weight=125 44 30 292 23 23 51 174 71 154 489 1329 358 789 49 20 47
leaf_count=125 44 30 292 23 23 51 174 71 154 489 1329 358 789 49 20 47
internal_value=8.92606e-07 4.50561e-05 0 2.27702e-05 0.000250107 -3.69352e-06 1.26188e-05 0 -2.25245e-05 -1.16113e-05 -1.8636e-05 3.42139e-06 2.1844e-05 4.07302e-05 0 1.31588e-05
internal_weight=4068 141 3927 445 46 3482 1014 399 279 2468 1818 650 963 120 111 67
internal_count=4068 141 3927 445 46 3482 1014 399 279 2468 1818 650 963 120 111 67
is_linear=0
shrinkage=0.03


Tree=91
num_leaves=26
num_cat=0
split_feature=0 5 1 0 20 24 28 31 36 23 31 23 5 35 24 31 36 34 25 25 35 21 25 29 21
split_gain=0.000317292 0.000646022 0.00223726 0.00070923 0.00044878 0.000933455 0.000609215 0.000330461 0.000573383 0.000299665 0.000646125 0.000570606 0.00081327 0.000743117 0.000662656 0.000374559 0.00031679 0.000297669 0.000285541 0.000243893 0.000166385 0.000151286 0.000129533 4.61918e-05 3.00068e-05
threshold=40.218473434448249 12488395.500000002 48.125000000000007 37.929924011230476 66.800234603881847 0.24257798970275099 -36817415.999999993 -0.0021739122079927338 0.0051308505035383206 1.2007246295742002 -0.0042621377693775045 0.33582220713709893 12488395.500000002 0.015344367954956079 0.94893915358949577 0.017493991173208826 -0.0069899415428036097 0.012962803236019506 0.11063772928422679 0.56639309739550114 0.020933758648940211 64.470254103342711 -0.40197157281711138 67.159336287511181 88.19442850748699
decision_type=2 2 2 2 2 2 2 2 2 2 2 2 2 2 2 2 2 2 2 2 2 2 2 2 2
left_child=1 3 -3 4 6 -6 -1 22 -9 11 20 12 13 -2 19 16 -12 -16 -4 -13 24 -22 -5 -17 -11
right_child=9 2 18 7 5 -7 -8 8 -10 10 15 14 -14 -15 17 23 -18 -19 -20 -21 21 -23 -24 -25 -26
leaf_value=-9.4891984673822247e-06 -2.5136882490772835e-05 0.00035608584543782794 -7.8517929377197549e-05 6.217733325871431e-05 -0.00011208345330868177 0 5.8635184760655082e-05 0.00013695627975538607 0 0 0 4.750740817333336e-05 -0.00013357894531326433 1.4744923201478507e-05 0 -1.5632914241993961e-05 -8.6722871799785033e-05 -9.1593551921588539e-05 6.652908062550249e-05 0 0 9.1538054930269063e-05 -1.309222705467317e-06 3.2458991015900419e-05 -2.5031831067506803e-05
leaf_weight=464 832 22 25 30 101 91 148 78 100 49 20 506 48 777 189 23 200 36 23 45 25 35 124 34 43
leaf_count=464 832 22 25 30 101 91 148 78 100 49 20 506 48 777 189 23 200 36 23 45 25 35 124 34 43
internal_value=9.03543e-07 1.43735e-05 0.00010607 6.07377e-06 -5.97994e-06 -4.73108e-05 2.09105e-06 4.42905e-05 7.29917e-05 -3.72462e-06 -2.68524e-05 0 -9.58498e-06 -4.0135e-06 2.15764e-05 -5.64405e-05 -7.44452e-05 -1.24613e-05 0 4.0919e-05 7.34564e-06 5.12658e-05 0 0 0
internal_weight=4068 1206 70 1136 804 192 612 332 178 2862 429 2433 1657 1609 776 277 220 225 48 551 152 60 154 57 92
internal_count=4068 1206 70 1136 804 192 612 332 178 2862 429 2433 1657 1609 776 277 220 225 48 551 152 60 154 57 92
is_linear=0
shrinkage=0.03


Tree=92
num_leaves=18
num_cat=0
split_feature=23 30 28 28 30 35 36 31 4 21 36 20 5 5 35 31 36
split_gain=0.000315356 0.00048581 0.00193597 0.000564876 0.00050304 0.000322931 0.000319075 0.000659916 0.000566347 0.000402706 0.000295799 0.000294912 0.00142049 0.00052388 0.000180872 0.000104423 9.00927e-05
threshold=-1.6812169612592027 30.778091894559839 206841370.50000003 -12106420.999999998 19.638017928105359 0.045126642071191589 0.013274305289218476 0.018879106851111497 66.147163391113295 51.612083212534593 -0.00099653525923137898 68.550000000000026 13387555.500000002 9464545.5000000019 0.024365984910966348 0.002982500657973453 -0.00076776098532811026
decision_type=2 2 2 2 2 2 2 2 2 2 2 2 2 2 2 2 2
left_child=1 2 3 -1 -5 6 11 9 -9 -8 -7 12 -2 -13 16 -16 -3
right_child=5 14 -4 4 -6 10 7 8 -10 -11 -12 13 -14 -15 15 -17 -18
leaf_value=0.00014507184734498439 3.3016173639952293e-06 5.100645936367847e-05 0.00035022569663906047 -8.4173996257860749e-05 3.4288192486430286e-05 0 0 -4.2356866993372561e-05 5.8371823506820319e-05 -9.5353306832490859e-05 0.00014622183682149622 -1.3987844661380903e-06 0.00018015682987146536 -6.8891261092425852e-05 -0.00010694541158670473 0 0
leaf_weight=24 1394 37 20 57 42 33 40 92 101 139 25 1826 44 119 21 26 28
leaf_count=24 1394 37 20 57 42 33 40 92 101 139 25 1826 44 119 21 26 28
internal_value=8.80382e-07 3.34813e-05 7.10899e-05 1.08391e-06 -3.66097e-06 -5.13912e-07 -2.37637e-06 -2.87878e-05 0 -7.09785e-05 6.82256e-05 0 1.08113e-05 -7.07381e-06 0 -5.5932e-05 1.53995e-05
internal_weight=4068 255 143 123 99 3813 3755 372 193 179 58 3383 1438 1945 112 47 65
internal_count=4068 255 143 123 99 3813 3755 372 193 179 58 3383 1438 1945 112 47 65
is_linear=0
shrinkage=0.03


Tree=93
num_leaves=23
num_cat=0
split_feature=29 26 2 36 26 33 27 33 0 3 22 26 28 36 2 28 27 31 34 27 2 33
split_gain=0.000300569 0.00162519 0.00167175 0.00123325 0.00111591 0.000403227 0.000372431 0.000576784 0.000551148 0.000461282 0.000835858 0.000424537 0.000388259 0.000691588 0.000879441 0.000345807 0.000261267 0.000137806 0.000159647 0.000117475 6.83407e-05 5.63291e-06
threshold=16.215081427579982 1.8389930599856934 94.950302124023452 -0.0048262593938728894 0.85710689516424898 -0.048937903407736121 0.19966914379790987 -0.03120483564664139 60.914653778076179 69.235225677490249 47.687979702436216 0.88873805906009085 120773693.50000001 -0.0063999721619081148 55.225000381469734 222535802.00000003 0.13339263589165049 -0.0081344953062189567 -0.015617885537943242 0.15897588525640846 72.900623321533217 -0.028730136349488841
decision_type=2 2 2 2 2 2 2 2 2 2 2 2 2 2 2 2 2 2 2 2 2 2
left_child=1 4 3 -3 -1 -6 12 9 11 10 -8 -9 13 14 -2 -10 -7 18 -14 -19 -15 -4
right_child=6 2 21 -5 5 16 7 8 15 -11 -12 -13 17 20 -16 -17 -18 19 -20 -21 -22 -23
leaf_value=0.00015064703960976825 0 0.00044336785317916947 -3.2936089060532567e-07 0 -0.00011692472239538358 1.2937319139820773e-05 0.00025497920823219262 -2.3314728323980147e-05 -4.8617292689124252e-05 0 0 1.224662045165955e-05 6.1701464857697119e-05 -1.9001054045921137e-05 -0.00015419529137045615 0 -4.0115169077085406e-05 -4.5939445209785401e-05 0 0 1.1578904150836945e-05 1.5497196791976321e-05
leaf_weight=39 63 22 20 20 35 202 26 310 302 30 22 2045 68 142 88 305 125 54 24 29 76 21
leaf_count=39 63 22 20 20 35 202 26 310 302 30 22 2045 68 142 88 305 125 54 24 29 76 21
internal_value=8.73398e-07 2.34909e-05 0.000144277 0.000277175 0 -1.79725e-05 -1.34451e-06 1.84458e-06 0 8.23354e-05 0.000140137 6.29089e-06 -2.46766e-05 -4.29461e-05 -9.2869e-05 -2.57591e-05 0 0 3.5425e-05 -1.00819e-05 0 0
internal_weight=4068 484 83 42 401 362 3584 3040 2962 78 48 2355 544 369 151 607 327 175 92 83 218 41
internal_count=4068 484 83 42 401 362 3584 3040 2962 78 48 2355 544 369 151 607 327 175 92 83 218 41
is_linear=0
shrinkage=0.03


Tree=94
num_leaves=20
num_cat=0
split_feature=30 30 30 25 31 35 31 25 25 35 31 30 33 5 35 28 23 30 36
split_gain=0.000301823 0.000474503 0.000509083 0.000792566 0.00061184 0.000602562 0.000460848 0.000472229 0.000342929 0.000349929 0.000388024 0.000308742 0.000276384 0.000257329 0.000304905 0.000469654 0.000131069 7.80757e-05 7.66035e-05
threshold=84.583542286369564 78.54768442874105 72.384959407313318 0.25822304497818366 0.0044593482766626122 0.036302461360227613 0.010460038668449136 0.029045045984081478 0.67882708138081183 0.024239732128631543 0.0068392807078324633 91.219163533805968 0.0048077209326568013 3558468.0000000005 0.020436185515274593 77330795.500000015 2.1633762473187059 80.149323476235267 0.0074813337468389264
decision_type=2 2 2 2 2 2 2 2 2 2 2 2 2 2 2 2 2 2 2
left_child=1 2 3 5 -5 -1 7 -4 9 11 -11 12 -2 -3 15 -15 -10 -16 -8
right_child=8 13 6 4 -6 -7 18 -9 16 10 -12 -13 -14 14 17 -17 -18 -19 -20
leaf_value=-4.1120687416935938e-06 0 0 0 7.5980374396981951e-05 0 6.4623133843022475e-05 0 -7.7741039570193747e-05 -0.00012681915759349337 0 0.00012848819401200219 0 -7.4177604247926561e-05 0.00017072095163577972 5.038421850614035e-05 9.8348005982342115e-06 0 -8.1026934358023024e-06 3.7473661605981906e-05
leaf_weight=2658 32 34 47 230 165 119 20 204 40 21 31 35 123 48 26 103 22 61 49
leaf_count=2658 32 34 47 230 165 119 20 204 40 21 31 35 123 48 26 103 22 61 49
internal_value=8.32497e-07 3.86148e-06 1.97171e-08 4.50666e-06 4.43667e-05 -8.41434e-08 -3.50726e-05 -5.67438e-05 -2.67949e-05 0 5.6142e-05 -2.81576e-05 -5.25672e-05 4.21395e-05 5.47904e-05 8.0911e-05 -9.21185e-05 0 3.13117e-07
internal_weight=4068 3764 3492 3172 395 2777 320 251 304 242 52 190 155 272 238 151 62 87 69
internal_count=4068 3764 3492 3172 395 2777 320 251 304 242 52 190 155 272 238 151 62 87 69
is_linear=0
shrinkage=0.03


Tree=95
num_leaves=23
num_cat=0
split_feature=24 20 21 32 36 29 36 35 33 2 31 31 31 21 26 32 33 35 28 32 2 30
split_gain=0.000299116 0.00107898 0.00148107 0.000930001 0.000755509 0.000640269 0.000390279 0.000503768 0.00079902 0.000832701 0.000535591 0.000856688 0.000463469 0.000391579 0.000334919 0.000517382 0.00038486 0.000291697 0.000290715 0.000176684 0.000325952 0.00015611
threshold=-1.116399985287883 64.559594058990498 72.720833333333346 -0.0061376778246191579 -0.018026944762849596 37.499666328608534 0.0075949460369887827 0.02198769495221382 0.0043525452260123618 88.198104858398452 -0.013218497511024272 -0.012552186939058794 0.0094200838970250906 83.673836199442562 1.574835848694806 0.0060640249814688527 0.01209439657678202 0.023282315174798982 108219423.50000001 0.0034742140240747736 52.875000000000007 25.875656321656745
decision_type=2 2 2 2 2 2 2 2 2 2 2 2 2 2 2 2 2 2 2 2 2 2
left_child=1 3 -3 -1 -4 -6 7 10 18 -10 21 -12 13 17 15 -14 -16 -8 -9 -5 -21 -2
right_child=6 2 4 19 5 -7 12 8 9 -11 11 -13 14 -15 16 -17 -18 -19 -20 20 -22 -23
leaf_value=0.00023311952289421201 0 -0.00018676050817695297 -0.00011509291768074894 0 8.0018898592356671e-05 0 -9.5337827554808384e-05 -1.397029957235383e-05 0.00013483318749016009 0 0.00017205931360019774 0 0.00010884164635710492 0 -8.611456267159032e-05 0 0 0 3.6975207136375066e-05 0.00012691415488816054 0 -6.3085177452915179e-05
leaf_weight=38 47 35 27 23 157 222 151 226 106 33 26 2003 45 79 78 263 101 34 159 28 28 159
leaf_count=38 47 35 27 23 157 222 151 226 106 33 26 2003 45 79 78 263 101 34 159 28 28 159
internal_value=8.32331e-07 2.16955e-05 0 0.000102645 1.636e-05 3.3666e-05 -1.63022e-06 2.64189e-06 2.96371e-05 9.20829e-05 -2.34601e-06 9.03443e-07 -2.13174e-05 -5.35893e-05 0 1.49253e-05 -3.60527e-05 -7.74689e-05 0 1.74356e-06 5.32803e-05 -4.88925e-05
internal_weight=4068 558 441 117 406 379 3510 2759 524 139 2235 2029 751 264 487 308 179 185 385 79 56 206
internal_count=4068 558 441 117 406 379 3510 2759 524 139 2235 2029 751 264 487 308 179 185 385 79 56 206
is_linear=0
shrinkage=0.03


Tree=96
num_leaves=24
num_cat=0
split_feature=0 5 1 0 33 20 23 21 23 33 23 5 26 24 36 26 33 33 19 27 27 26 31
split_gain=0.000288524 0.000573828 0.00204385 0.000670321 0.000409518 0.000398123 0.00103895 0.000390931 0.000276403 0.000613689 0.000531524 0.000790088 0.000880352 0.000620082 0.000406473 0.000575069 0.000313959 0.000234372 0.000225039 0.000213456 0.000204672 0.000132871 1.96396e-06
threshold=40.218473434448249 12488395.500000002 48.125000000000007 37.929924011230476 0.0059523927947900965 68.313650512695332 -2.0583842793993905 69.402960205078145 1.2007246295742002 -0.034375997891360303 0.33582220713709893 12488395.500000002 1.4933854486000782 0.94893915358949577 -0.004008943203101494 1.8209583827769855 -0.0082781456605092157 -0.013628131177323586 63.241832351684579 0.97974190563245356 0.39861684212271881 2.078621359016946 -0.018025752076470222
decision_type=2 2 2 2 2 2 2 2 2 2 2 2 2 2 2 2 2 2 2 2 2 2 2
left_child=1 3 -3 5 17 6 -1 -7 10 -10 11 12 -2 16 22 -16 -12 -5 -15 -6 -4 -13 -11
right_child=8 2 20 4 19 7 -8 -9 9 14 13 21 -14 18 15 -17 -18 -19 -20 -21 -22 -23 -24
leaf_value=0.00021548726342257053 -2.4507505816878949e-05 0.00033928019496374146 -6.832637275435563e-05 4.5510656744247353e-05 0.00011209277070494931 0 -1.7238641102980342e-06 -8.1922876054553668e-05 0.00010078987311710838 0 0 -0.0001839683448983434 1.9527182977769846e-05 7.1594583564020941e-06 -8.7980650569914273e-05 0 5.0754347229080282e-05 -7.8807276147509169e-06 -3.773918264865072e-05 0 5.386603657494891e-05 0 4.1009661149183776e-06
leaf_weight=20 920 22 25 99 93 59 615 110 20 25 107 28 689 63 196 83 444 117 162 23 23 20 105
leaf_count=20 920 22 25 99 93 59 615 110 20 25 107 28 689 63 196 83 444 117 162 23 23 20 105
internal_value=7.54361e-07 1.36383e-05 0.000100248 5.65245e-06 4.28825e-05 -5.99368e-06 4.26618e-07 -4.78443e-05 -3.62683e-06 -2.58354e-05 0 -9.30368e-06 -3.7867e-06 2.07741e-05 -3.93836e-05 -5.98687e-05 3.95364e-05 2.7176e-06 -1.18426e-05 9.17657e-05 0 -0.000131475 0
internal_weight=4068 1206 70 1136 332 804 635 169 2862 429 2433 1657 1609 776 409 279 551 216 225 116 48 48 130
internal_count=4068 1206 70 1136 332 804 635 169 2862 429 2433 1657 1609 776 409 279 551 216 225 116 48 48 130
is_linear=0
shrinkage=0.03


Tree=97
num_leaves=21
num_cat=0
split_feature=30 30 30 25 31 26 31 26 25 24 28 0 5 23 1 24 22 32 26 22
split_gain=0.000283445 0.000449264 0.000474587 0.000731855 0.000570354 0.000483371 0.000431805 0.000463794 0.000328207 0.000316903 0.000303411 0.000367754 0.00027884 0.000281615 0.000171945 0.00016614 0.000111363 6.00297e-05 2.64289e-05 1.79352e-05
threshold=84.583542286369564 78.54768442874105 72.384959407313318 0.25822304497818366 0.0044593482766626122 1.4385110661063287 0.010460038668449136 1.9691480812948425 0.67882708138081183 -0.66241101841605154 -82922781.999999985 47.606393814086921 7046023.5000000009 0.3867785477447257 87.588706970214858 1.3395878871896751 54.23774441541341 0.023678644730150803 1.5263634266600781 64.904137187534531
decision_type=2 2 2 2 2 2 2 2 2 2 2 2 2 2 2 2 2 2 2 2
left_child=1 2 3 5 -5 -1 7 -4 12 18 -11 -12 13 16 19 -10 -2 -8 -3 -14
right_child=8 9 6 4 -6 -7 17 -9 15 10 11 -13 14 -15 -16 -17 -18 -19 -20 -21
leaf_value=-1.246518000138513e-05 0 0 -7.1920368998358212e-05 7.3126468509119566e-05 0 1.2577467127045534e-05 3.6705592922991753e-05 0 -0.00012584726286654353 0 0.00012957112493703303 9.7670539307672941e-07 0 0 0 0 -0.0001162558862150637 0 -2.6806920263976036e-05 8.1637666630380012e-05
leaf_weight=1523 21 20 227 230 165 1254 40 24 41 40 80 99 23 100 21 21 38 29 33 39
leaf_count=1523 21 20 227 230 165 1254 40 24 41 40 80 99 23 100 21 21 38 29 33 39
internal_value=7.31708e-07 3.69057e-06 0 4.29382e-06 4.26037e-05 -7.64517e-08 -3.3936e-05 -5.49164e-05 -2.60277e-05 4.09195e-05 5.8148e-05 7.52397e-05 0 -3.18365e-05 3.28542e-05 -8.98555e-05 -8.37682e-05 0 0 6.27405e-05
internal_weight=4068 3764 3492 3172 395 2777 320 251 304 272 219 179 242 159 83 62 59 69 53 62
internal_count=4068 3764 3492 3172 395 2777 320 251 304 272 219 179 242 159 83 62 59 69 53 62
is_linear=0
shrinkage=0.03


Tree=98
num_leaves=19
num_cat=0
split_feature=13 32 36 27 27 35 27 32 4 31 23 35 24 27 34 23 20 36
split_gain=0.000290247 0.0003448 0.000472884 0.000293956 0.00274901 0.00201956 0.000432157 0.000574704 0.000428059 0.000417638 0.000434101 0.000367415 0.000338868 0.000758393 0.000114898 0.000100559 9.40569e-05 5.16692e-06
threshold=90.000000000000014 0.0010172930147458461 0.0011901275110173663 0.077361383547312548 0.064124271305811983 0.017287530191707121 0.21237490034511863 -0.00081936366200269218 78.988174438476577 -0.015075398627096502 -2.4013206128310141 0.022813682639303341 -0.094323630820437446 -0.026184779689425983 -0.012037322459181819 -1.4019471669269945 88.836870574951192 -0.0019130083674121453
decision_type=2 2 2 2 2 2 2 2 2 2 2 2 2 2 2 2 2 2
left_child=3 2 17 4 12 -6 7 8 -5 11 -11 -8 13 -1 -4 -9 -14 -2
right_child=1 -3 14 6 5 -7 9 15 -10 10 -12 -13 16 -15 -16 -17 -18 -19
leaf_value=-8.0074343335608119e-05 1.1677776098977141e-05 0 0 -8.3266674623142843e-05 0.00044175284672014458 0 0 0 0 0.00012807330087870599 -4.9371876320235847e-06 6.8445418711184688e-05 6.0784276911324741e-05 6.9119655542425168e-06 0.00021389801321837167 2.9509980635751074e-05 0 0
leaf_weight=125 34 30 21 193 23 23 99 40 142 21 2736 146 71 154 24 105 49 32
leaf_count=125 34 30 21 193 23 23 99 40 142 21 2736 146 71 154 24 105 49 32
internal_value=7.17452e-07 4.31985e-05 7.18552e-05 -4.49817e-08 2.20366e-05 0.000241572 -3.72911e-06 -3.01825e-05 -5.33446e-05 0 -2.83134e-06 3.79918e-05 0 -2.13263e-05 0.000148848 2.65425e-06 3.85028e-05 0
internal_weight=4068 141 111 3927 445 46 3482 480 335 3002 2757 245 399 279 45 145 120 66
internal_count=4068 141 111 3927 445 46 3482 480 335 3002 2757 245 399 279 45 145 120 66
is_linear=0
shrinkage=0.03


Tree=99
num_leaves=23
num_cat=0
split_feature=29 35 5 25 35 34 36 1 21 5 29 35 29 0 3 24 35 34 23 23 1 36
split_gain=0.000284941 0.0011295 0.00241462 0.000590091 0.00045489 0.000812078 0.000419437 0.000528786 0.000463573 0.000418706 0.00107853 0.000384561 0.000361188 0.000729232 0.000644787 0.00039387 0.000448844 0.00031991 0.000232139 0.000124638 9.08003e-05 6.07261e-06
threshold=16.215081427579982 0.019618672582740356 8594922.0000000019 -0.85201764846392347 0.030436564257208639 -0.03906480912065146 0.0091710659960516795 63.149999618530281 91.648749923706063 6610394.0000000009 21.038096421207438 0.011932379393465758 64.321351684999698 35.046480178833015 74.633285522460952 0.59459285511226845 0.0349344761570363 -0.021025925621636295 0.24273162166284482 -0.55683953605268843 63.880031585693366 -0.0020844013792873655
decision_type=2 2 2 2 2 2 2 2 2 2 2 2 2 2 2 2 2 2 2 2 2 2
left_child=1 2 11 -3 5 9 8 -8 -7 -2 -11 21 13 -6 -15 20 -17 -13 19 -5 -14 -1
right_child=4 3 -4 18 12 6 7 -9 -10 10 -12 17 15 14 -16 16 -18 -19 -20 -21 -22 -23
leaf_value=0 0 5.4787912446061533e-05 0.0003817634790213293 -1.0997438334977793e-05 -1.9623754166796333e-05 1.0389270061011179e-05 5.8381792646551283e-07 -4.9231334974723066e-05 -1.8117293617081521e-05 0 -0.00024857254210326215 7.079189433849552e-05 -7.9835753174279723e-05 0.00013790323542713047 0 0.00016091162963412806 0 0 0 -0.00015657916777825907 0 -9.0250134334465557e-06
leaf_weight=36 39 22 21 78 29 1956 184 352 661 31 35 168 46 98 77 21 28 34 20 38 27 67
leaf_count=36 39 22 21 78 29 1956 184 352 661 31 35 168 46 98 77 21 28 34 20 38 27 67
internal_value=7.37627e-07 2.27969e-05 5.8354e-05 -3.15829e-05 -1.40489e-06 -5.57757e-06 -1.86539e-06 -2.65377e-05 2.04238e-06 -8.83971e-05 -0.000134631 2.61358e-05 3.10857e-05 5.60056e-05 8.56756e-05 0 5.38485e-05 5.23809e-05 -6.76272e-05 -8.46216e-05 -5.38668e-05 0
internal_weight=4068 484 326 158 3584 3258 3153 536 2617 105 66 305 326 204 175 122 49 202 136 116 73 103
internal_count=4068 484 326 158 3584 3258 3153 536 2617 105 66 305 326 204 175 122 49 202 136 116 73 103
is_linear=0
shrinkage=0.03


Tree=100
num_leaves=26
num_cat=0
split_feature=0 5 1 0 33 20 28 26 25 28 22 35 35 25 34 5 25 20 28 26 5 25 2 33 29
split_gain=0.000270978 0.000522947 0.00191828 0.000620161 0.000390849 0.000371966 0.00063092 0.000612697 0.000332921 0.00026944 0.00081755 0.000673942 0.00141669 0.000510642 0.000390817 0.000697056 0.000359196 0.000330137 0.000413908 0.000327902 0.000237572 0.000235571 0.000218513 1.1217e-05 1.06739e-05
threshold=40.218473434448249 12488395.500000002 48.125000000000007 37.929924011230476 0.010130652919941087 66.800234603881847 59032060.500000007 0.91791726815447439 -0.37586685312976459 185356982.50000003 46.870616751347384 0.015344367954956079 0.016751873625895319 0.01223480914016495 -0.040034825838464731 8841219.0000000019 0.34505799701114065 88.407500267028823 127284315.00000001 1.2833335066642875 3966282.5000000005 0.11063772928422679 107.46106719970705 -0.00099956746509372008 9.0490533327871905
decision_type=2 2 2 2 2 2 2 2 2 2 2 2 2 2 2 2 2 2 2 2 2 2 2 2 2
left_child=1 3 -3 5 8 7 -7 -1 -5 14 11 23 -13 22 15 24 -15 19 -19 -16 -6 -4 -12 -11 -2
right_child=9 2 21 4 20 6 -8 -9 -10 10 13 12 -14 16 17 -17 -18 18 -20 -21 -22 -23 -24 -25 -26
leaf_value=-2.4826551806115675e-05 0 0.00032769976321126359 -7.3366318741234458e-05 7.9560918064755054e-05 0 -8.9370289924279293e-05 0 3.4056420798685753e-05 0 0 -7.6376940363937572e-05 0.00035515708077365332 3.3632432977835835e-05 4.9395006333355007e-05 -1.2002467907127213e-05 -0.00016222495952482809 -7.5918608046211994e-06 0 -5.5258986487769305e-05 1.5806236348485387e-05 0.00012088627696116793 5.7701435659758061e-05 0 -1.8313699869896926e-05 -1.146370191020958e-05
leaf_weight=290 28 22 25 48 25 116 76 322 182 46 112 20 129 137 670 43 166 331 232 802 77 23 43 30 73
leaf_count=290 28 22 25 48 25 116 76 322 182 46 112 20 129 137 670 43 166 331 232 802 77 23 43 30 73
internal_value=6.72887e-07 1.31837e-05 9.60567e-05 5.42843e-06 4.12819e-05 -5.64914e-06 -4.3258e-05 1.2537e-06 4.58673e-06 -3.55104e-06 1.09901e-05 5.96081e-05 9.71201e-05 -6.35336e-06 -9.48592e-06 -5.93107e-05 8.28455e-06 -4.48336e-06 -2.44351e-05 1.11088e-06 9.45574e-05 0 -5.42974e-05 0 0
internal_weight=4068 1206 70 1136 332 804 192 612 230 2862 683 225 149 458 2179 144 303 2035 563 1472 102 48 155 76 101
internal_count=4068 1206 70 1136 332 804 192 612 230 2862 683 225 149 458 2179 144 303 2035 563 1472 102 48 155 76 101
is_linear=0
shrinkage=0.03


Tree=101
num_leaves=20
num_cat=0
split_feature=30 30 30 30 35 22 1 22 24 28 0 35 30 33 24 29 27 23 23
split_gain=0.000269434 0.000424956 0.000443112 0.000552576 0.000347486 0.000335928 0.000304821 0.000331747 0.000301572 0.000294079 0.000321741 0.000266571 0.00038205 0.000256126 0.000165464 6.34347e-05 5.57647e-05 1.33348e-05 6.937e-06
threshold=84.583542286369564 78.54768442874105 72.384959407313318 65.458364796928322 0.036302461360227613 50.800313589169455 53.649999618530281 70.744109958395214 -0.66241101841605154 -82922781.999999985 47.606393814086921 0.02563965737351585 91.219163533805968 0.0064061444966407874 0.98783236427713705 91.209986124242448 0.91823509383893021 0.21463812472831026 -0.56604127888765976
decision_type=2 2 2 2 2 2 2 2 2 2 2 2 2 2 2 2 2 2 2
left_child=1 2 3 4 -1 -5 17 -8 18 -10 -11 12 13 -2 -15 -14 -13 -4 -3
right_child=11 8 6 5 -6 -7 7 -9 9 10 -12 16 15 14 -16 -17 -18 -19 -20
leaf_value=-2.5869792586061989e-06 0 0 0 0 4.8535747145921244e-05 5.8522649635992752e-05 -6.6425982102885604e-05 0 0 0.00012517767006527871 1.2579520932407177e-06 0 5.32950408469604e-05 -0.00010265134379469675 0 0 3.9541062977269422e-05 1.5634157862519589e-05 -1.7624185374962267e-05
leaf_weight=2695 49 33 42 103 125 249 208 21 40 80 99 22 20 110 34 37 32 49 20
leaf_count=2695 49 33 42 103 125 249 208 21 40 80 99 22 20 110 34 37 32 49 20
internal_value=6.35452e-07 3.53987e-06 0 4.10638e-06 0 3.95519e-05 -3.28445e-05 -5.20069e-05 3.97358e-05 5.65654e-05 7.34305e-05 -2.545e-05 -4.1795e-05 -6.35855e-05 -8.37712e-05 0 0 0 0
internal_weight=4068 3764 3492 3172 2820 352 320 229 272 219 179 304 250 193 144 57 54 91 53
internal_count=4068 3764 3492 3172 2820 352 320 229 272 219 179 304 250 193 144 57 54 91 53
is_linear=0
shrinkage=0.03


Tree=102
num_leaves=24
num_cat=0
split_feature=24 20 21 32 36 33 36 35 27 30 31 31 34 25 22 32 32 23 1 32 4 27 1
split_gain=0.000272379 0.000986733 0.0013734 0.000880239 0.000717191 0.000581089 0.000353926 0.000430342 0.000914668 0.000554637 0.000503664 0.000789218 0.000418193 0.000523732 0.000694768 0.000382268 0.000512354 0.000280685 0.000166264 0.000153534 0.000394715 0.000146289 7.25674e-05
threshold=-1.116399985287883 64.559594058990498 72.720833333333346 -0.0061376778246191579 -0.018026944762849596 -0.010016681904308931 0.0075949460369887827 0.02198769495221382 0.28482007132062293 72.092702160974639 -0.013218497511024272 -0.012552186939058794 0.020570754980597909 0.56639309739550114 73.070993016078759 0.0061900085581945161 -0.0039663261278273789 -0.75801905248411916 52.074998855590827 0.0034742140240747736 52.274999618530281 0.057199974968617416 89.723560333251967
decision_type=2 2 2 2 2 2 2 2 2 2 2 2 2 2 2 2 2 2 2 2 2 2 2
left_child=1 3 -3 -1 -4 -6 7 10 17 -10 21 -12 15 14 -14 16 -8 -9 -17 -5 -21 -2 -15
right_child=6 2 4 19 5 -7 12 8 9 -11 11 -13 13 22 -16 18 -18 -19 -20 20 -22 -23 -24
leaf_value=0.00022430507002369038 0 -0.00018000193634436118 -0.00011209441751967507 0 8.5727332019602595e-05 0 -5.7322503675911462e-05 1.7367048355812123e-05 9.1351870390823163e-05 0 0.00016516217345039988 0 0 -9.9035908264569989e-05 0.00017055059923202733 0 3.3627336095044267e-05 -4.1256739819483832e-05 -8.6259726419246277e-05 0.00013493531397991678 0 -6.2294168835419302e-05 0
leaf_weight=38 53 35 27 23 126 253 102 64 203 109 26 2003 224 38 27 67 111 148 159 27 29 153 23
leaf_count=38 53 35 27 23 126 253 102 64 203 109 26 2003 224 38 27 67 111 148 159 27 29 153 23
internal_value=6.24814e-07 2.05916e-05 0 9.80032e-05 1.55973e-05 3.26347e-05 -1.69521e-06 2.32006e-06 2.73252e-05 6.1897e-05 -2.2012e-06 9.08224e-07 -2.04389e-05 0 2.54767e-05 -3.9645e-05 0 -9.41488e-06 -6.76315e-05 0 4.96298e-05 -4.73691e-05 -7.1043e-05
internal_weight=4068 558 441 117 406 379 3510 2759 524 312 2235 2029 751 312 251 439 213 212 226 79 56 206 61
internal_count=4068 558 441 117 406 379 3510 2759 524 312 2235 2029 751 312 251 439 213 212 226 79 56 206 61
is_linear=0
shrinkage=0.03


Tree=103
num_leaves=17
num_cat=0
split_feature=2 5 2 3 29 5 21 23 13 27 27 34 28 30 33 22
split_gain=0.000267582 0.000934373 0.000289758 0.000985495 0.000403889 0.000402726 0.00032007 0.000435469 0.000313639 0.000259272 0.000251377 0.000167351 7.2606e-05 1.47421e-05 0.000179223 1.20704e-05
threshold=40.225000381469734 8841219.0000000019 46.274999618530281 46.175001144409187 37.069495790977108 3920169.0000000005 49.179166634877532 1.2007246295742002 90.000000000000014 0.57842881235646093 0.43330345284255595 0.013366872769325468 -179845254.49999997 34.342859081183491 -0.013426324002331956 45.396871920217876
decision_type=2 2 2 2 2 2 2 2 2 2 2 2 2 2 2 2
left_child=1 13 4 -4 5 -2 7 -5 -8 10 -6 -11 -7 14 -1 -15
right_child=2 -3 3 6 9 12 8 -9 -10 11 -12 -13 -14 15 -16 -17
leaf_value=0 0 0.00023212824821291462 0.00015989972979082071 7.0374420508430405e-05 0 0 -4.3711473039239619e-06 0 4.4395778888714869e-05 0 0.00010020904150892458 -4.8164413004289888e-05 -0.00013164959525926623 -1.8116260848494854e-05 8.1782906233258097e-05 0
leaf_weight=29 26 20 35 135 48 36 3264 21 117 45 35 111 60 33 26 27
leaf_count=29 26 20 35 135 48 36 3264 21 117 45 35 111 60 33 26 27
internal_value=5.73436e-07 4.23341e-05 -9.82793e-08 1.71357e-06 -2.63296e-05 -7.09033e-05 0 4.21377e-05 -1.79501e-06 0 3.89745e-05 -2.61953e-05 -0.000100792 0 1.55176e-05 0
internal_weight=4068 135 3933 3572 361 122 3537 156 3381 239 83 156 96 115 55 60
internal_count=4068 135 3933 3572 361 122 3537 156 3381 239 83 156 96 115 55 60
is_linear=0
shrinkage=0.03


Tree=104
num_leaves=18
num_cat=0
split_feature=23 30 28 28 30 2 24 30 30 30 35 24 5 35 36 31 35
split_gain=0.000258012 0.000410666 0.00176512 0.000460872 0.000488205 0.000275019 0.00099231 0.000297164 0.000242731 0.000442946 0.000285258 0.000240807 0.000378385 0.000159519 8.47356e-05 7.23351e-05 5.26001e-06
threshold=-1.6812169612592027 30.778091894559839 206841370.50000003 -12106420.999999998 19.638017928105359 39.125000000000007 -0.48433244708181977 15.742185469612659 84.583542286369564 78.54768442874105 0.02563965737351585 0.58036276994188862 7211696.5000000009 0.024365984910966348 -0.00076776098532811026 0.002982500657973453 0.013781541187356488
decision_type=2 2 2 2 2 2 2 2 2 2 2 2 2 2 2 2 2
left_child=1 2 3 -1 -5 6 -2 11 9 -9 -10 12 -7 14 -3 -15 -13
right_child=5 13 -4 4 -6 7 -8 8 10 -11 -12 16 -14 15 -16 -17 -18
leaf_value=0.00013077682972000717 0 4.8891578556535467e-05 0.00033009298174440467 -8.3978781054840665e-05 3.0554448209610051e-05 -3.1705473334727715e-06 0.00023617836684092821 0 -4.2944305085025786e-05 3.956601596230039e-05 0 0 -0.00011474489899434239 -9.6440820764944431e-05 0 0 1.2979605941522821e-05
leaf_weight=24 32 37 20 57 42 171 20 2912 247 267 52 20 64 21 28 26 28
leaf_count=24 32 37 20 57 42 171 20 2912 247 267 52 20 64 21 28 26 28
internal_value=5.55317e-07 3.01514e-05 6.4834e-05 0 -5.13467e-06 -6.37945e-07 6.61679e-05 -2.36098e-06 0 2.47573e-06 -2.57922e-05 -3.19181e-05 -4.63532e-05 0 1.38132e-05 -5.27676e-05 0
internal_weight=4068 255 143 123 99 3813 52 3761 3478 3179 299 283 235 112 65 47 48
internal_count=4068 255 143 123 99 3813 52 3761 3478 3179 299 283 235 112 65 47 48
is_linear=0
shrinkage=0.03


Tree=105
num_leaves=23
num_cat=0
split_feature=29 26 4 26 35 35 34 23 23 29 30 35 5 29 23 24 26 35 30 31 30 33
split_gain=0.000258795 0.00143163 0.00158301 0.00102347 0.000441721 0.000389392 0.000742465 0.000396188 0.00049285 0.000348569 0.000686193 0.000603232 0.000347856 0.000615419 0.000341596 0.000324736 0.000273412 0.000234882 0.000201878 0.00017458 5.26013e-05 2.53091e-06
threshold=16.215081427579982 1.8389930599856934 93.69977188110353 0.85710689516424898 0.020304532896292891 0.030436564257208639 -0.040034825838464731 1.2007246295742002 1.5387861901627817 46.423298936351252 21.618917618200864 0.036302461360227613 5698957.0000000009 21.038096421207438 0.3867785477447257 0.34847797129508895 1.9089681401679781 0.019709363456406497 69.011316930799651 -0.0019811868487307201 11.449442381039098 -0.028730136349488841
decision_type=2 2 2 2 2 2 2 2 2 2 2 2 2 2 2 2 2 2 2 2 2 2
left_child=1 3 17 -1 20 6 12 14 -9 10 -7 -12 -2 -14 -8 16 -11 -3 -17 -6 -5 -4
right_child=5 2 21 4 19 9 7 8 -10 15 11 -13 13 -15 -16 18 -18 -19 -20 -21 -22 -23
leaf_value=0.00014382320573943328 0 0.00038642833700267844 -4.9374868255803528e-06 -1.5622296267244757e-05 -9.0688802454602559e-05 0 -4.1361795636761339e-06 -7.3514119579944635e-05 0 -7.203229655699835e-05 0 0.00018623934460951653 0 -0.00020615502295916622 1.8930241590790938e-05 0 0 0 7.9693939252930841e-05 0 1.2262113286425753e-05 9.2048894958071888e-06
leaf_weight=39 25 21 20 86 81 26 1945 149 283 70 59 50 39 38 779 32 33 21 56 20 175 21
leaf_count=39 25 21 20 86 81 26 1945 149 283 70 59 50 39 38 779 32 33 21 56 20 175 21
internal_value=5.31875e-07 2.16174e-05 0.000135009 0 -1.76132e-05 -1.4791e-06 -5.39316e-06 -1.84004e-06 -2.8953e-05 2.84275e-05 6.53659e-05 0.00010465 -8.58385e-05 -0.00011755 1.35945e-06 0 -3.37811e-05 0.000264234 4.45189e-05 -7.10164e-05 0 0
internal_weight=4068 484 83 401 362 3584 3258 3156 432 326 135 109 102 77 2724 191 103 42 88 101 261 41
internal_count=4068 484 83 401 362 3584 3258 3156 432 326 135 109 102 77 2724 191 103 42 88 101 261 41
is_linear=0
shrinkage=0.03


Tree=106
num_leaves=23
num_cat=0
split_feature=29 26 33 26 36 35 35 34 5 23 23 33 25 26 31 26 29 28 28 23 31 30
split_gain=0.000248227 0.00136893 0.00158808 0.000962926 0.000484509 0.000415041 0.000381671 0.000555629 0.000565916 0.000382428 0.000505657 0.000366388 0.000543246 0.000759537 0.00035618 0.000678866 0.000375932 0.000304561 0.000296906 0.000193992 0.000165078 4.94951e-05
threshold=16.215081427579982 1.8389930599856934 -0.020306377727887123 0.85710689516424898 -0.0045550638734686696 0.020304532896292891 0.020833347838853215 -0.024423982342229086 4120147.5000000005 1.1069223227768215 0.67175691963042194 -0.0095832234433597657 0.76606697387361333 1.2043135237388685 -0.026604737058152191 2.0584327186225844 30.226092471697466 226387694.00000003 108219423.50000001 0.3475578350448601 -0.0019811868487307201 11.449442381039098
decision_type=2 2 2 2 2 2 2 2 2 2 2 2 2 2 2 2 2 2 2 2 2 2
left_child=1 3 4 -1 17 21 7 8 -2 10 -9 14 13 -13 16 -16 -8 -3 -11 -10 -7 -5
right_child=6 2 -4 5 -6 20 11 9 19 18 -12 12 -14 -15 15 -17 -18 -19 -20 -21 -22 -23
leaf_value=0.00013951954438307625 0 0.00018530581403634883 0.00037826718950171521 -1.51541707877034e-05 -3.0952439300291447e-05 -8.797149268099114e-05 0.00011964686975670847 -4.2024693625695895e-06 -0.00010689759470548428 0 3.7847225119253627e-05 0 -6.6897001450678153e-05 5.5955817388670809e-05 0 -0.00012822573573270234 0 0 -4.9553817161032869e-05 0 0 1.1894461574885372e-05
leaf_weight=39 47 20 20 86 23 81 31 1645 118 93 298 219 33 480 234 51 39 20 257 39 20 175
leaf_count=39 47 20 20 86 23 81 31 1645 118 93 298 219 33 480 234 51 39 20 257 39 20 175
internal_value=5.02952e-07 2.11665e-05 0.000132045 0 5.86006e-06 -1.70711e-05 -1.45103e-06 -8.64098e-06 -5.71074e-05 -3.01852e-06 7.04429e-07 1.2305e-05 2.55748e-05 3.42406e-05 -6.6081e-06 -2.83536e-05 3.90452e-05 0.000101865 -3.22495e-05 -8.64811e-05 -6.88367e-05 0
internal_weight=4068 484 83 401 63 362 3584 2497 204 2293 1943 1087 732 699 355 285 70 40 350 157 101 261
internal_count=4068 484 83 401 63 362 3584 2497 204 2293 1943 1087 732 699 355 285 70 40 350 157 101 261
is_linear=0
shrinkage=0.03


Tree=107
num_leaves=23
num_cat=0
split_feature=24 20 21 32 36 29 36 31 21 36 24 26 28 26 26 32 33 36 33 32 4 4
split_gain=0.000254493 0.000918179 0.00127704 0.00082533 0.000666645 0.000570542 0.000342405 0.000402933 0.000368146 0.000342161 0.000411073 0.000592761 0.000376724 0.000361365 0.000313268 0.000473333 0.000332578 0.000300228 0.000187749 0.000138961 0.000367439 2.68592e-05
threshold=-1.116399985287883 64.559594058990498 72.720833333333346 -0.0061376778246191579 -0.018026944762849596 37.499666328608534 0.0075949460369887827 0.0094200838970250906 83.673836199442562 0.0030241982045188715 0.067101442932084684 0.80565871991588955 136401802.00000003 0.885432663123774 1.574835848694806 0.0056979549284577055 0.01209439657678202 -0.0075376789297906055 -0.017789340579703768 0.0034742140240747736 52.274999618530281 92.138584136962905
decision_type=2 2 2 2 2 2 2 2 2 2 2 2 2 2 2 2 2 2 2 2 2 2
left_child=1 3 -3 -1 -4 -6 9 8 18 10 11 -2 13 -11 15 -9 -16 -12 -8 -5 -21 -14
right_child=6 2 4 19 5 -7 7 14 -10 12 17 -13 21 -15 16 -17 -18 -19 -20 20 -22 -23
leaf_value=0.00021660683692412773 4.6722520362813498e-05 -0.00017365253208559325 -0.00010730946414401182 0 7.5364404437611621e-05 0 0 0.00010900866615851103 0 0 2.8993093786563542e-05 -2.4957750723822566e-05 -1.7481522097657924e-05 5.798351957317118e-05 -8.1509024726964991e-05 0 0 0 -8.7703629162755136e-05 0.00012968309148234301 0 0
leaf_weight=38 91 35 27 23 157 222 33 41 79 62 436 986 79 291 78 267 101 744 152 27 29 70
leaf_count=38 91 35 27 23 157 222 33 41 79 62 436 986 79 291 78 267 101 744 152 27 29 70
internal_value=4.25592e-07 1.97837e-05 0 9.44578e-05 1.49606e-05 3.16106e-05 -1.79765e-06 -2.02171e-05 -5.03542e-05 2.12936e-06 -1.63467e-06 -1.61122e-05 2.50244e-05 4.30195e-05 0 1.42299e-05 -3.50125e-05 9.03721e-06 -7.35372e-05 0 4.72157e-05 0
internal_weight=4068 558 441 117 406 379 3510 751 264 2759 2257 1077 502 353 487 308 179 1180 185 79 56 149
internal_count=4068 558 441 117 406 379 3510 751 264 2759 2257 1077 502 353 487 308 179 1180 185 79 56 149
is_linear=0
shrinkage=0.03


Tree=108
num_leaves=16
num_cat=0
split_feature=13 32 30 5 26 3 26 3 23 32 25 34 26 24 5
split_gain=0.000244557 0.000317918 0.000297009 0.000275304 0.000266262 0.00100525 0.000296059 0.000449218 0.000239157 0.000632973 0.000285974 0.000164406 9.38343e-05 0.000125059 6.26763e-05
threshold=90.000000000000014 0.0010172930147458461 33.610400297318641 3210928.0000000005 0.80565871991588955 38.875000000000007 0.8417883378580725 45.074998855590827 -2.4013206128310141 0.0074893712381813868 0.79079279330984897 0.017083684984823603 0.77764821160098319 -0.47214247903745915 3558468.0000000005
decision_type=2 2 2 2 2 2 2 2 2 2 2 2 2 2 2
left_child=4 2 -2 -4 5 -1 7 11 9 -8 -10 -6 13 -7 -14
right_child=1 -3 3 -5 6 12 8 -9 10 -11 -12 -13 14 -15 -16
leaf_value=0.00020701989097970309 0 0 0 0.00014424390125368109 -0.00013682889771546305 0 0 0 -1.0291840678411345e-07 0.00019575739328040557 -6.7893752011560318e-05 0 0 -4.6028361147307976e-05 6.3068974162513799e-05
leaf_weight=26 42 30 20 49 45 21 29 44 3549 20 59 21 20 63 30
leaf_count=26 42 30 20 49 45 21 29 44 3549 20 59 21 20 63 30
internal_value=3.72888e-07 3.95206e-05 6.75205e-05 0.000105823 -2.6977e-07 3.65474e-05 -2.63085e-06 -5.15083e-05 -3.38956e-07 6.39143e-05 -2.04478e-06 -0.000102643 0 -1.58511e-05 3.5551e-05
internal_weight=4068 141 111 69 3927 160 3767 110 3657 49 3608 66 134 84 50
internal_count=4068 141 111 69 3927 160 3767 110 3657 49 3608 66 134 84 50
is_linear=0
shrinkage=0.03


Tree=109
num_leaves=23
num_cat=0
split_feature=27 27 29 30 5 32 35 23 23 30 36 36 24 27 19 21 35 31 35 21 0 29
split_gain=0.000250105 0.00199167 0.00290395 0.000488303 0.000531977 0.000565548 0.000412612 0.00040422 0.0004381 0.000365151 0.000559741 0.000383917 0.000320436 0.000690521 0.000727493 0.000287799 0.000239457 0.000176389 0.00010863 8.4703e-05 6.97483e-05 0.000193634
threshold=0.082373903979049853 0.064124271305811983 15.071232219728111 20.698144389042408 4120147.5000000005 -0.017442526076148209 0.020833347838853215 -0.59359779783003208 0.048458716008383369 32.487154783711247 0.0205019261782706 0.01004051031451089 -0.094323630820437446 -0.026184779689425983 53.565000534057624 68.606888866424569 0.010805468089552583 -0.0053742053554655103 0.016458895742623991 88.19442850748699 46.974294662475593 12.889592475225749
decision_type=2 2 2 2 2 2 2 2 2 2 2 2 2 2 2 2 2 2 2 2 2 2
left_child=1 12 -3 4 20 -6 7 15 -9 10 -8 -11 13 14 -1 -5 -7 -15 -14 -20 -2 -22
right_child=3 2 -4 6 5 16 9 8 -10 11 -12 -13 18 17 -16 -17 -18 -19 19 -21 21 -23
leaf_value=0 0 0.00046804500919749069 0 5.6226326768778777e-05 0 0 3.2248940480600697e-06 -3.2934202126744013e-05 0 2.4228524238515783e-05 0.00017885822461496113 -1.599435834200327e-05 0 4.0666372729868549e-05 -0.00012494899213143747 0 -9.874554855503201e-05 -2.9859365079920836e-06 7.1023110114429037e-05 0 0 8.8742444366476746e-05
leaf_weight=37 45 21 43 126 32 29 115 620 1201 512 35 288 39 98 89 369 169 62 68 20 20 30
leaf_count=37 45 21 43 126 32 29 115 620 1201 512 35 288 39 98 89 369 169 62 68 20 20 30
internal_value=3.37272e-07 2.12893e-05 0.000177024 -1.61095e-06 -3.70206e-05 -6.33807e-05 9.9517e-07 -4.83495e-06 -1.23622e-05 1.8365e-05 6.42845e-05 5.99857e-06 0 -2.03839e-05 -7.64138e-05 1.67938e-05 -8.50611e-05 5.02151e-06 3.65202e-05 5.50805e-05 0 3.53972e-05
internal_weight=4068 477 64 3591 325 230 3266 2316 1821 950 150 800 413 286 126 495 198 160 127 88 95 50
internal_count=4068 477 64 3591 325 230 3266 2316 1821 950 150 800 413 286 126 495 198 160 127 88 95 50
is_linear=0
shrinkage=0.03


Tree=110
num_leaves=26
num_cat=0
split_feature=0 0 33 1 0 4 26 24 20 25 25 25 34 35 29 0 33 33 32 23 0 28 29 25 34
split_gain=0.000229764 0.000429318 0.000468864 0.000363331 0.00129707 0.000877349 0.00080977 0.000586023 0.000547075 0.000300395 0.000270098 0.000250584 0.000735668 0.000347441 0.000424253 0.000346233 0.000380347 0.000434121 0.000326999 0.000250851 0.000215436 0.000169359 8.56189e-05 5.05699e-05 6.73204e-05
threshold=40.218473434448249 37.929924011230476 0.003851707207370048 62.665390014648445 35.744647979736335 45.925001144409187 1.1191263536569107 0.41236227041558188 66.800234603881847 -0.37586685312976459 0.0093723651048097396 -0.31450790565230674 -0.049024393182920616 0.013098387611117731 46.423298936351252 41.72688293457032 -0.0014297299959351582 -0.0065708740628754861 -1.0000000180025095e-35 -0.11065820230751909 52.43883132934571 39686708.000000007 21.588893781553917 -0.26336641503878105 -0.0035289145418297414
decision_type=2 2 2 2 2 2 2 2 2 2 2 2 2 2 2 2 2 2 2 2 2 2 2 2 2
left_child=1 3 9 4 6 -6 -1 8 -5 22 -11 15 -13 19 -15 18 17 -17 -2 -14 -18 -9 -3 -4 -25
right_child=11 2 23 7 5 -7 -8 21 -10 10 -12 12 13 14 -16 16 20 -19 -20 -21 -22 -23 -24 24 -26
leaf_value=2.2071363027240836e-05 -0.00013350151640018692 0.0001059196258649892 0 0 -6.7890130536187845e-05 3.9511328934963321e-05 0.00018058878547695334 0 -0.00010839972659353948 -5.3327588956006543e-05 5.3551262128314014e-06 0.00018122373673102276 -3.6956793945711072e-05 2.8495618285068848e-05 -2.7718560091829655e-06 0 0 9.8005301866299692e-05 0 0 -8.0656862340906183e-05 5.6117681343189752e-05 0 0 0.00010529005727226938
leaf_weight=215 48 30 23 114 180 74 54 52 102 88 79 20 356 527 1028 279 22 41 27 431 83 54 23 20 98
leaf_count=215 48 30 23 114 180 74 54 52 102 88 79 20 356 527 1028 279 22 41 27 431 83 54 23 20 98
internal_value=3.78515e-07 1.1979e-05 3.93613e-05 0 1.57105e-05 -2.47903e-05 6.50963e-05 -2.47863e-05 -5.72127e-05 0 -7.62759e-06 -3.46181e-06 0 -9.18652e-07 5.89692e-06 -2.27935e-05 -4.46205e-06 3.56057e-06 -8.6581e-05 -1.81957e-05 -5.74363e-05 1.30064e-05 7.00597e-05 8.34002e-05 9.32501e-05
internal_weight=4068 1206 361 845 523 254 269 322 216 220 167 2862 2362 2342 1555 500 425 320 75 787 105 106 53 141 118
internal_count=4068 1206 361 845 523 254 269 322 216 220 167 2862 2362 2342 1555 500 425 320 75 787 105 106 53 141 118
is_linear=0
shrinkage=0.03


Tree=111
num_leaves=22
num_cat=0
split_feature=27 27 5 30 5 35 23 27 26 24 27 19 35 25 35 22 21 21 20 33 33
split_gain=0.000238225 0.00189234 0.00263135 0.000457633 0.000497166 0.00038813 0.000369991 0.000406138 0.000323303 0.000302368 0.000643852 0.000692627 0.000120149 0.000128679 0.000101874 9.66852e-05 7.86622e-05 4.42352e-05 3.40384e-05 1.67838e-05 4.03647e-06
threshold=0.082373903979049853 0.064124271305811983 7175373.0000000009 20.698144389042408 4120147.5000000005 0.045126642071191589 -0.55683953605268843 0.21617374267985087 0.97323620976532565 -0.094323630820437446 -0.026184779689425983 53.565000534057624 0.010805468089552583 -0.017942533081638287 0.016458895742623991 31.977117536435404 88.19442850748699 89.777214113871267 66.800234603881847 -0.012899468803159507 -0.014463332314187281
decision_type=2 2 2 2 2 2 2 2 2 2 2 2 2 2 2 2 2 2 2 2 2
left_child=1 9 20 4 17 6 8 -8 -5 10 11 -1 -6 -14 -11 -12 -16 19 -7 -2 -3
right_child=3 2 -4 5 12 18 7 -9 -10 14 15 -13 13 -15 16 -17 -18 -19 -20 -21 -22
leaf_value=0 0 0 0.00046135234406718343 -1.5604319644726874e-05 0 0.00012355575346122624 -5.525554434988085e-05 -1.4896069355337597e-06 2.8003289137268658e-05 0 3.3693675488575303e-05 -0.00012132606324212555 -7.8831384285598586e-05 0 6.8881165242709307e-05 0 0 3.5778753559772886e-05 0 -1.8507489495234379e-05 1.2821118827757514e-05
leaf_weight=37 20 22 20 104 31 25 146 2315 654 39 79 89 175 24 68 81 20 31 22 44 22
leaf_count=37 20 22 20 104 31 25 146 2315 654 39 79 89 175 24 68 81 20 31 22 44 22
internal_value=3.78871e-07 2.08238e-05 0.000172618 -1.50197e-06 -3.58036e-05 9.93849e-07 0 -5.90038e-06 1.80617e-05 0 -1.97419e-05 -7.38748e-05 -6.12841e-05 -6.98829e-05 3.55496e-05 4.16905e-06 5.35157e-05 0 8.65158e-05 0 0
internal_weight=4068 477 64 3591 325 3266 3219 2461 758 413 286 126 230 199 127 160 88 95 47 64 44
internal_count=4068 477 64 3591 325 3266 3219 2461 758 413 286 126 230 199 127 160 88 95 47 64 44
is_linear=0
shrinkage=0.03


Tree=112
num_leaves=22
num_cat=0
split_feature=29 26 4 36 26 34 26 26 27 0 36 30 26 5 31 21 33 22 27 22 33
split_gain=0.00023309 0.00127805 0.00148981 0.00110822 0.000881853 0.000326633 0.000918547 0.000915358 0.000559083 0.000496781 0.000444033 0.000389466 0.000869827 0.00035345 0.000352197 0.000344007 0.000317602 0.00029135 0.000223357 0.000125722 2.90668e-07
threshold=16.215081427579982 1.8389930599856934 93.69977188110353 -0.0062499659914579848 0.85710689516424898 -0.01227434942303973 2.4766923457888144 1.9977841767600306 0.30638831494927604 60.914653778076179 -0.0011111054015183603 72.384959407313318 1.4385110661063287 4604806.0000000009 -0.0058504052470870751 55.560833422342945 -0.048937903407736121 44.940195794984341 0.13339263589165049 54.901995065402026 -0.028730136349488841
decision_type=2 2 2 2 2 2 2 2 2 2 2 2 2 2 2 2 2 2 2 2 2
left_child=1 4 3 -3 -1 6 7 13 -9 11 19 12 -7 -2 -8 -13 -6 -12 -18 -11 -4
right_child=5 2 20 -5 16 9 14 8 -10 10 17 15 -14 -15 -16 -17 18 -19 -20 -21 -22
leaf_value=0.00013348601315372392 8.6869968090170116e-06 0.00042850809409839116 -3.4411009157827012e-06 0 -0.00010443245204644172 0 0.00019258374617527727 -0.00018826390218722362 0 -7.2064482194035221e-06 0 1.6114683397934307e-05 4.7930731221228299e-05 -2.8241095324400387e-05 0 -2.4187160612670533e-05 1.1822139664926747e-05 -5.5751561256307897e-05 -3.7163066117936629e-05 2.9394161707895572e-05 1.0574424321546858e-06
leaf_weight=39 250 20 20 22 35 821 21 52 35 114 35 269 588 528 24 434 202 289 125 124 21
leaf_count=39 250 20 20 22 35 821 21 52 35 114 35 269 588 528 24 434 202 289 125 124 21
internal_value=3.7282e-07 2.0441e-05 0.000127577 0.000252933 0 -1.50075e-06 -1.75545e-05 -2.72324e-05 -0.000124193 2.84115e-06 -2.05227e-05 1.04793e-05 2.00813e-05 -1.25196e-05 0.000101605 -4.49891e-06 -1.63641e-05 -4.43116e-05 0 0 0
internal_weight=4068 484 83 42 401 3584 910 865 87 2674 562 2112 1409 778 45 703 362 324 327 238 41
internal_count=4068 484 83 42 401 3584 910 865 87 2674 562 2112 1409 778 45 703 362 324 327 238 41
is_linear=0
shrinkage=0.03


Tree=113
num_leaves=25
num_cat=0
split_feature=27 27 29 25 31 36 1 35 33 25 35 5 3 35 36 33 24 27 19 26 31 35 19 1
split_gain=0.000225867 0.00179156 0.00269571 0.000417745 0.000450847 0.000586742 0.00053416 0.000665539 0.000391967 0.000366317 0.000334308 0.00034325 0.000400891 0.0003416 0.000388595 0.000332421 0.000277146 0.000595798 0.000652555 0.000228649 0.000160691 9.43463e-05 5.99516e-05 5.62572e-05
threshold=0.082373903979049853 0.064124271305811983 15.071232219728111 -0.31450790565230674 -0.0019147735742781611 0.0075949460369887827 79.524063110351577 0.02343850540334674 -0.0095832234433597657 -0.41605415216836933 0.013098387611117731 4291962.5000000009 41.725000381469734 0.012315482027293795 -0.004119476704182559 0.01766486915023258 -0.094323630820437446 -0.026184779689425983 53.565000534057624 1.5911844958923622 -0.0053742053554655103 0.016458895742623991 87.524379730224624 85.230133056640639
decision_type=2 2 2 2 2 2 2 2 2 2 2 2 2 2 2 2 2 2 2 2 2 2 2 2
left_child=1 16 -3 4 6 9 7 -2 -7 -6 13 15 -13 19 -15 -12 17 18 -1 -5 -19 -18 -8 -23
right_child=3 2 -4 10 5 8 22 -9 -10 -11 11 12 -14 14 -16 -17 21 20 -20 -21 -22 23 -24 -25
leaf_value=0 -0.00018550493945100805 0.00044801622484887891 0 3.7724232608873409e-06 7.3995818023141723e-05 -0.00015457402330098044 9.2237509446268599e-06 0 0 0 0 -2.0247352494501715e-05 2.2109378844256009e-05 0 -8.5600331646926617e-05 -6.1547550123289965e-05 0 3.8534779311455917e-05 -0.00011719981790128279 -3.6104224323516406e-05 -3.691714210323267e-06 6.9166742113648143e-05 -2.7227252695673074e-05 0
leaf_weight=37 54 21 43 621 94 29 32 35 71 53 481 159 1497 47 109 89 39 98 89 151 62 59 69 29
leaf_count=37 54 21 43 621 94 29 32 35 71 53 481 159 1497 47 109 89 39 98 89 151 62 59 69 29
internal_value=3.87096e-07 2.03004e-05 0.000167994 -1.42313e-06 -2.93373e-05 0 -6.41361e-05 -0.000119045 -5.84959e-05 3.55158e-05 1.49416e-06 8.62645e-06 1.62301e-05 -1.23808e-05 -5.36727e-05 -8.20077e-06 0 -1.89037e-05 -7.10497e-05 -1.45443e-07 3.44164e-06 3.40308e-05 0 5.1328e-05
internal_weight=4068 477 64 3591 437 247 190 89 100 147 3154 2226 1656 928 156 570 413 286 126 772 160 127 101 88
internal_count=4068 477 64 3591 437 247 190 89 100 147 3154 2226 1656 928 156 570 413 286 126 772 160 127 101 88
is_linear=0
shrinkage=0.03


Tree=114
num_leaves=18
num_cat=0
split_feature=13 32 30 27 27 29 30 30 34 5 32 27 5 24 27 20 34
split_gain=0.000223676 0.000303444 0.000281789 0.000258686 0.00221413 0.00275678 0.000389032 0.000521593 0.000509959 0.000476211 0.0005049 0.000402749 0.000254407 0.000247038 0.000547801 7.52457e-05 1.00879e-05
threshold=90.000000000000014 0.0010172930147458461 33.610400297318641 0.077361383547312548 0.064124271305811983 17.304458930590027 20.698144389042408 27.213126826962988 -1.0000000180025095e-35 4604806.0000000009 -0.017442526076148209 0.21617374267985087 3210928.0000000005 -0.094323630820437446 -0.026184779689425983 88.836870574951192 -0.032613005831287116
decision_type=2 2 2 2 2 2 2 2 2 2 2 2 2 2 2 2 2
left_child=3 2 -2 4 13 -6 9 8 -8 16 -11 -9 -4 14 -1 -15 -5
right_child=1 -3 12 6 5 -7 7 11 -10 10 -12 -13 -14 15 -16 -17 -18
leaf_value=-6.8080216824237328e-05 0 0 0 1.6817757043830834e-05 0.00048138086760717214 0 9.681241906707247e-06 -4.1571741564698156e-05 0.00016313396864266037 0 -8.9776434007343399e-05 0 0.00013961827948517802 5.3215674672964453e-05 3.5112778631481346e-06 0 0
leaf_weight=125 42 30 20 32 20 26 231 240 32 31 159 2664 49 71 154 49 93
leaf_count=125 42 30 20 32 20 26 231 240 32 31 159 2664 49 71 154 49 93
internal_value=3.17486e-07 3.77844e-05 6.53553e-05 -2.64779e-07 2.03267e-05 0.000217291 -3.75844e-06 0 3.98097e-05 -3.55987e-05 -6.59932e-05 -4.25055e-06 0.000102653 0 -1.78278e-05 3.33562e-05 0
internal_weight=4068 141 111 3927 445 46 3482 3167 263 315 190 2904 69 399 279 120 125
internal_count=4068 141 111 3927 445 46 3482 3167 263 315 190 2904 69 399 279 120 125
is_linear=0
shrinkage=0.03


Tree=115
num_leaves=21
num_cat=0
split_feature=30 30 30 25 31 26 31 26 25 24 28 0 34 32 23 24 29 0 32 26
split_gain=0.000223861 0.000383418 0.000403349 0.000633996 0.000530044 0.000420911 0.000389842 0.00043036 0.00030096 0.000283035 0.000280771 0.000284956 0.000231183 0.000207187 0.000219968 0.000148248 0.000133076 0.000189127 5.41882e-05 2.47034e-05
threshold=84.583542286369564 78.54768442874105 72.384959407313318 0.25822304497818366 0.0044593482766626122 1.4385110661063287 0.010460038668449136 1.9691480812948425 0.67882708138081183 -0.66241101841605154 -82922781.999999985 47.606393814086921 0.032206330286483238 -0.0043410862578503453 0.75938744098868238 1.3395878871896751 90.338268637688287 51.256902694702156 0.023678644730150803 1.5263634266600781
decision_type=2 2 2 2 2 2 2 2 2 2 2 2 2 2 2 2 2 2 2 2
left_child=1 2 3 5 -5 -1 7 -4 12 19 -11 -12 13 -2 -15 -10 17 -14 -8 -3
right_child=8 9 6 4 -6 -7 18 -9 15 10 11 -13 16 14 -16 -17 -18 -19 -20 -21
leaf_value=-1.1978857329209489e-05 0 0 -6.830393841299053e-05 6.879214464333335e-05 0 1.1318567443984446e-05 3.4873959784886038e-05 0 -0.00011786163911813133 0 0.00011952182855481049 3.6479948301386864e-07 6.6784301921097528e-05 -0.00013759091308114559 0 0 0 0 0 -2.5917038865730085e-05
leaf_weight=1523 27 20 227 230 165 1254 40 24 41 40 80 99 70 30 22 21 65 28 29 33
leaf_count=1523 27 20 227 230 165 1254 40 24 41 40 80 99 70 30 22 21 65 28 29 33
internal_value=3.46829e-07 3.06308e-06 0 3.62473e-06 3.9353e-05 -3.7823e-07 -3.16838e-05 -5.17397e-05 -2.34095e-05 3.73897e-05 5.38404e-05 7.04068e-05 0 -4.84123e-05 -8.44832e-05 -8.39362e-05 1.17905e-05 3.81052e-05 0 0
internal_weight=4068 3764 3492 3172 395 2777 320 251 304 272 219 179 242 79 52 62 163 98 69 53
internal_count=4068 3764 3492 3172 395 2777 320 251 304 272 219 179 242 79 52 62 163 98 69 53
is_linear=0
shrinkage=0.03


Tree=116
num_leaves=29
num_cat=0
split_feature=0 0 33 2 0 3 26 28 27 26 25 23 22 26 21 36 25 33 33 27 25 28 23 25 25 23 34 36
split_gain=0.000223463 0.000399615 0.000431102 0.000352819 0.00121523 0.00085262 0.000738333 0.000566438 0.00079386 0.000408287 0.000277332 0.000256627 0.000630586 0.000613013 0.000598607 0.000536324 0.000448604 0.000273203 0.000382264 0.000252203 0.000245988 0.000211122 0.000287604 0.000186691 0.000154408 0.00014233 2.26015e-05 6.25161e-06
threshold=40.218473434448249 37.929924011230476 0.0059523927947900965 63.19054031372071 35.744647979736335 45.074998855590827 1.1191263536569107 42043480.000000007 0.33457849379442406 1.4604364290436145 -0.37586685312976459 1.0966490416070196 60.950121820170843 1.4385110661063287 86.429670079549169 -0.0058745172447966917 0.56639309739550114 0.028401141178260206 -0.016034297055269427 0.97974190563245356 0.0093723651048097396 119424512.00000001 1.6754214479809664 0.049731722914824916 -0.24921325746447071 0.32401423024965942 -0.030927153405492621 0.0076944376389570844
decision_type=2 2 2 2 2 2 2 2 2 2 2 2 2 2 2 2 2 2 2 2 2 2 2 2 2 2 2 2
left_child=1 3 10 4 6 -6 -1 8 -5 -9 26 12 13 25 -15 21 23 18 -17 24 -12 -13 -23 -14 -4 -2 -3 -19
right_child=11 2 19 7 5 -7 -8 9 -10 -11 20 15 16 14 -16 17 -18 27 -20 -21 -22 22 -24 -25 -26 -27 -28 -29
leaf_value=2.1610977416547961e-05 -2.7798680275906028e-05 9.0007136257230278e-05 0 -0.00016308600719002638 -6.5937483731255467e-05 4.0350012736946323e-05 0.00017465833935453236 0.00011246043156602024 0 0 -4.8282941962980608e-05 0 0 3.9115012994693193e-05 -4.1996055333737889e-06 0 0 -1.5849632803689299e-06 -7.1639060763149567e-05 0 9.7028232216018414e-06 0.00010466011450781266 0 7.5100283534470719e-05 0.00013060974577158447 0 0 1.1084021349564529e-05
leaf_weight=215 817 33 23 53 180 74 54 29 123 117 92 45 28 405 674 37 28 34 256 28 90 43 50 194 75 206 20 45
leaf_count=215 817 33 23 53 180 74 54 29 123 117 92 45 28 405 674 37 28 34 256 28 90 43 50 194 75 206 20 45
internal_value=3.312e-07 1.17861e-05 3.82096e-05 0 1.5699e-05 -2.31618e-05 6.3536e-05 -2.41987e-05 -6.29499e-05 1.99221e-06 2.33381e-07 -3.44776e-06 0 -4.60403e-06 9.28045e-06 -2.27921e-05 4.57279e-05 -4.41232e-05 -5.75369e-05 8.51911e-05 -3.14462e-06 1.2976e-05 4.78611e-05 6.45949e-05 0.000107902 -2.21803e-05 6.83145e-05 0
internal_weight=4068 1206 361 845 523 254 269 322 176 146 235 2862 2352 2102 1079 510 250 372 293 126 182 138 93 222 98 1023 53 79
internal_count=4068 1206 361 845 523 254 269 322 176 146 235 2862 2352 2102 1079 510 250 372 293 126 182 138 93 222 98 1023 53 79
is_linear=0
shrinkage=0.03


Tree=117
num_leaves=20
num_cat=0
split_feature=30 30 30 30 31 26 5 23 24 28 36 35 30 33 24 29 36 35 26
split_gain=0.000222492 0.000358159 0.000372547 0.0004829 0.000364001 0.000413514 0.000362385 0.000286014 0.00027135 0.000269816 0.000321161 0.000221359 0.0003534 0.000240348 0.000158367 6.37891e-05 6.10265e-05 3.58346e-05 2.39833e-05
threshold=84.583542286369564 78.54768442874105 72.384959407313318 65.458364796928322 0.010460038668449136 1.9691480812948425 3705154.5000000005 0.81632561975870754 -0.66241101841605154 -82922781.999999985 0.012844554875967666 0.02563965737351585 91.219163533805968 0.0064061444966407874 0.98783236427713705 91.209986124242448 0.0074813337468389264 0.033333331415195185 1.5263634266600781
decision_type=2 2 2 2 2 2 2 2 2 2 2 2 2 2 2 2 2 2 2
left_child=1 2 3 7 5 -4 -5 -1 18 -10 -11 12 13 -2 -15 -14 -6 -13 -3
right_child=11 8 4 6 16 -7 -8 -9 9 10 -12 17 15 14 -16 -17 -18 -19 -20
leaf_value=3.4162972219062657e-06 0 0 -6.6185630272119371e-05 0 0 0 5.3667825166508818e-05 -2.3340800889539685e-05 0 8.5201791530394993e-05 0 3.2202719366481112e-05 5.3443690794937078e-05 -9.728651884905182e-05 0 0 3.3445663404245067e-05 0 -2.5536546254937819e-05
leaf_weight=2399 49 20 227 74 20 24 278 421 40 156 23 31 20 110 34 37 49 23 33
leaf_count=2399 49 20 227 74 20 24 278 421 40 156 23 31 20 110 34 37 49 23 33
internal_value=3.27626e-07 3.03827e-06 0 3.56154e-06 -3.03605e-05 -4.97968e-05 3.67235e-05 0 3.62263e-05 5.23873e-05 6.86529e-05 -2.33592e-05 -3.82105e-05 -5.94823e-05 -7.90088e-05 0 0 0 0
internal_weight=4068 3764 3492 3172 320 251 352 2820 272 219 179 304 250 193 144 57 69 54 53
internal_count=4068 3764 3492 3172 320 251 352 2820 272 219 179 304 250 193 144 57 69 54 53
is_linear=0
shrinkage=0.03


Tree=118
num_leaves=30
num_cat=0
split_feature=0 5 23 32 4 23 36 34 32 32 0 35 25 25 1 27 5 32 24 26 24 34 36 31 5 26 4 5 31
split_gain=0.000214708 0.000413891 0.000401559 0.00129241 0.000756391 0.000437717 0.000496511 0.00036617 0.000275294 0.000364702 0.000330208 0.000296746 0.000229783 0.000671502 0.000689419 0.000706711 0.000601842 0.000751948 0.000470371 0.000278918 0.000280359 0.000254977 0.000170835 0.000213202 0.000144688 0.000144579 0.000104699 7.30565e-05 5.35188e-05
threshold=40.115802764892585 6989406.0000000009 -0.1901831580112727 -0.006010850313386106 66.147163391113295 0.86674148565810694 -0.008836550946742858 0.027558711526381122 0.025668455102732638 0.013349513438623119 33.309862136840827 0.017837838160950841 -0.31450790565230674 -0.20706981100451546 90.173713684082045 0.29069630079086878 5066908.0000000009 -0.01479295512323797 0.49789299895381628 1.944881791382733 -0.11122759829532704 0.059694283019193002 -0.0016765137112410686 -0.0097915674885656317 8647715.5000000019 0.92691838599403142 46.824998855590827 3558468.0000000005 0.0033712803060018674
decision_type=2 2 2 2 2 2 2 2 2 2 2 2 2 2 2 2 2 2 2 2 2 2 2 2 2 2 2 2 2
left_child=1 8 3 26 -5 6 -4 -7 9 25 -11 -10 16 14 15 -14 22 24 -19 20 -15 -21 23 -2 -18 -1 -3 -24 -16
right_child=12 2 5 4 -6 7 -8 -9 11 10 -12 -13 13 19 28 -17 17 18 -20 21 -22 -23 27 -25 -26 -27 -28 -29 -30
leaf_value=-2.0446235362230343e-05 0 -5.1525194531363191e-05 0 0.00017941307843370805 0 0 -9.8380537203589789e-05 0.00014473769174941757 0 0 8.4433938264454029e-05 -0.00011744314706477997 0.00013050237064503602 -2.3298468519445584e-05 -2.9301719953175906e-05 0 3.0597209815655368e-05 -2.1000259509618813e-05 -0.00016532550410208339 4.0574994098725357e-05 0 -1.0689907839871487e-05 0 6.9247639100722061e-05 -3.0569455209877434e-05 7.1474363531906862e-06 1.0605188503456806e-05 -3.5870731120517677e-05 0
leaf_weight=263 20 32 36 85 21 20 60 28 22 20 90 36 106 813 56 80 81 124 66 208 1068 24 29 76 58 394 80 51 21
leaf_count=263 20 32 36 85 21 20 60 28 22 20 90 36 106 813 56 80 81 124 66 208 1068 24 29 76 58 394 80 51 21
internal_value=3.00208e-07 1.16625e-05 3.84009e-05 6.40726e-05 0.000139291 0 -3.74571e-05 7.3396e-05 0 4.6954e-06 5.59895e-05 -6.30346e-05 -3.34012e-06 0 4.57406e-05 7.93219e-05 -2.17502e-05 -4.80972e-05 -8.69761e-05 -5.05019e-06 -1.00248e-05 2.23439e-05 1.04645e-05 4.24332e-05 0 0 0 0 0
internal_weight=4068 1187 362 218 106 144 96 48 825 767 110 58 2881 2376 263 186 505 329 190 2113 1881 232 176 96 139 657 112 80 77
internal_count=4068 1187 362 218 106 144 96 48 825 767 110 58 2881 2376 263 186 505 329 190 2113 1881 232 176 96 139 657 112 80 77
is_linear=0
shrinkage=0.03


Tree=119
num_leaves=16
num_cat=0
split_feature=2 5 2 3 5 33 0 21 0 26 0 35 35 33 30
split_gain=0.000215169 0.000858881 0.00026283 0.000863584 0.000357021 0.000378549 0.000347944 0.000267848 0.000630479 0.000385497 0.000236085 6.79108e-05 0.000173407 6.65766e-06 0.000157201
threshold=40.225000381469734 8841219.0000000019 46.274999618530281 46.175001144409187 3920169.0000000005 0.0078580930483330719 37.766483306884773 49.179166634877532 39.339105606079109 1.4435463495348106 35.744647979736335 0.012655024659828493 0.019709363456406497 -0.013426324002331956 34.342859081183491
decision_type=2 2 2 2 2 2 2 2 2 2 2 2 2 2 2
left_child=1 13 4 -4 11 10 -7 8 -5 -9 -6 -2 -13 -1 -15
right_child=2 -3 3 7 5 6 -8 9 -10 -11 -12 12 -14 14 -16
leaf_value=0 0 0.00021929729226003608 0.00014948767372088617 0.00017821345817802315 0 -4.5502027265136179e-05 6.5466451993424459e-05 -1.4271667944897834e-05 0 5.8144444243615653e-06 -9.7945120610564963e-05 6.7905550136729162e-05 0 7.5168445968636473e-05 0
leaf_weight=46 28 20 35 25 45 64 42 1436 131 1945 115 47 20 26 43
leaf_count=46 28 20 35 25 45 64 42 1436 131 1945 115 47 20 26 43
internal_value=2.59896e-07 3.78593e-05 -2.68873e-07 1.41367e-06 -2.52209e-05 -4.55049e-05 0 0 3.83639e-05 -1.82954e-06 -7.46303e-05 1.68016e-08 3.01807e-05 0 9.312e-06
internal_weight=4068 135 3933 3572 361 266 106 3537 156 3381 160 95 67 115 69
internal_count=4068 135 3933 3572 361 266 106 3537 156 3381 160 95 67 115 69
is_linear=0
shrinkage=0.03


Tree=120
num_leaves=24
num_cat=0
split_feature=29 35 5 25 36 32 34 35 5 35 29 35 30 0 0 30 23 23 29 23 30 31 27
split_gain=0.000212398 0.000979106 0.00208566 0.000524479 0.000343161 0.000425074 0.000288221 0.000608043 0.000620905 0.000560582 0.000458959 0.000621191 0.000721256 0.00044641 0.00041747 0.000413018 0.000227424 0.000223117 0.000184403 9.00104e-05 6.02556e-05 5.30058e-05 2.88277e-05
threshold=16.215081427579982 0.019618672582740356 8594922.0000000019 -0.85201764846392347 -0.0087439203725277782 -0.014979613693389902 -0.01227434942303973 0.030729790625062179 4066249.0000000005 0.019490840563956523 43.23435284357538 0.015344367954956079 23.846528084729382 56.713668823242195 60.914653778076179 64.077449394261265 -0.37893368868260063 0.24273162166284482 23.772571273152895 -0.55683953605268843 11.785828719304641 -0.0018173467753428982 0.37187883678103034
decision_type=2 2 2 2 2 2 2 2 2 2 2 2 2 2 2 2 2 2 2 2 2 2 2
left_child=1 2 4 -3 5 -1 7 8 18 -10 11 21 -13 22 16 -16 -12 19 -2 -5 -6 -8 -9
right_child=6 3 -4 17 20 -7 10 13 9 -11 14 12 -14 -15 15 -17 -18 -19 -20 -21 -22 -23 -24
leaf_value=0.0001732753302851336 4.9110697721402622e-05 4.5207418771081366e-05 0.00035375525371719952 -1.0338391038600656e-05 -8.8750566054066554e-06 0 -2.0731954957285475e-05 -1.0577790520685367e-05 -6.8270633995188348e-05 0 2.0964631964041185e-05 0 9.3319971178997904e-05 0.00013778227567827435 -6.0281160525204492e-05 0 -1.5211371587523381e-06 0 0 -0.00014930919945738681 1.6859358295106958e-05 7.2847327737860009e-06 2.7168711234567973e-05
leaf_weight=28 74 22 21 78 89 22 91 53 360 258 501 40 187 30 203 264 1227 20 108 38 166 161 27
leaf_count=28 74 22 21 78 89 22 91 53 360 258 501 40 187 30 203 264 1227 20 108 38 166 161 27
internal_value=2.70161e-07 1.94713e-05 5.29907e-05 -3.07034e-05 2.23403e-05 9.59371e-05 -1.48629e-06 -1.65809e-05 -2.80117e-05 -4.35791e-05 2.52918e-06 2.96497e-05 6.56992e-05 3.92538e-05 -2.02355e-06 -2.80041e-05 3.263e-06 -6.50499e-05 8.36976e-06 -8.17925e-05 0 0 0
internal_weight=4068 484 326 158 305 50 3584 910 800 618 2674 479 227 110 2195 467 1728 136 182 116 255 252 80
internal_count=4068 484 326 158 305 50 3584 910 800 618 2674 479 227 110 2195 467 1728 136 182 116 255 252 80
is_linear=0
shrinkage=0.03


Tree=121
num_leaves=20
num_cat=0
split_feature=30 30 30 30 31 26 22 27 24 6 35 30 33 35 24 29 32 27 26
split_gain=0.000211583 0.000331539 0.000346239 0.000448723 0.000340003 0.000391959 0.00030583 0.000293621 0.000258221 0.000254877 0.000207518 0.000335456 0.000228186 0.000191258 0.00014034 5.94106e-05 4.58811e-05 3.78548e-05 2.38705e-05
threshold=84.583542286369564 78.54768442874105 72.384959407313318 65.458364796928322 0.010460038668449136 1.9691480812948425 50.800313589169455 0.082373903979049853 -0.66241101841605154 1.0000000180025095e-35 0.02563965737351585 91.219163533805968 0.0064061444966407874 0.02476482100047989 0.98783236427713705 91.209986124242448 0.023678644730150803 0.91823509383893021 1.5263634266600781
decision_type=2 2 2 2 2 2 2 2 2 2 2 2 2 2 2 2 2 2 2
left_child=1 2 3 7 5 -4 -5 -1 18 13 11 12 -2 -10 -14 -13 -6 -12 -3
right_child=10 8 4 6 16 -7 -8 -9 9 -11 17 15 14 -15 -16 -17 -18 -19 -20
leaf_value=2.0906900737209428e-05 0 0 -6.4117049976899487e-05 0 3.2089712638802764e-05 0 5.3608152088784423e-05 -4.9303792604373062e-06 8.0401631393886818e-05 0 0 5.1576889227769925e-05 -9.4318797054373201e-05 0 0 0 0 3.2578357669446502e-05 -2.5476391954429079e-05
leaf_weight=474 49 20 227 103 40 24 249 2346 149 34 22 20 110 36 34 37 29 32 33
leaf_count=474 49 20 227 103 40 24 249 2346 149 34 22 20 110 36 34 37 29 32 33
internal_value=2.31049e-07 2.89464e-06 0 3.40484e-06 -2.9302e-05 -4.80957e-05 3.53754e-05 0 3.48211e-05 5.06608e-05 -2.28734e-05 -3.71877e-05 -5.79192e-05 6.54004e-05 -7.69449e-05 0 0 0 0
internal_weight=4068 3764 3492 3172 320 251 352 2820 272 219 304 250 193 185 144 57 69 54 53
internal_count=4068 3764 3492 3172 320 251 352 2820 272 219 304 250 193 185 144 57 69 54 53
is_linear=0
shrinkage=0.03


Tree=122
num_leaves=16
num_cat=0
split_feature=13 36 26 3 2 1 26 26 34 34 22 26 24 27 26
split_gain=0.000199318 0.000342022 0.000262259 0.000866564 0.000307613 0.000865769 0.00110882 0.000537496 0.000406615 0.00014106 0.000127927 8.35668e-05 0.000107763 6.57733e-05 3.12825e-07
threshold=90.000000000000014 0.0040743728537902691 0.80565871991588955 38.875000000000007 46.274999618530281 48.574998855590827 0.92691838599403142 0.88873805906009085 -0.082334922536925467 0.016288697900819441 56.753211549846846 0.77764821160098319 -0.47214247903745915 0.57842881235646093 1.3209365698292761
decision_type=2 2 2 2 2 2 2 2 2 2 2 2 2 2 2
left_child=2 14 3 -1 7 6 -6 9 -7 -4 -9 12 -5 -13 -2
right_child=1 -3 4 11 5 8 -8 10 -10 -11 -12 13 -14 -15 -16
leaf_value=0.00019476864907098397 0 0.00012720912879633995 -0.0001001490487719616 0 0 -0.00011203759175914689 0.0001750662248427776 1.583660355264143e-05 -9.082932158117679e-07 0 -3.1853833847092504e-05 6.8190684645763188e-05 -4.1757864067563417e-05 0 2.0483792873984944e-06
leaf_weight=26 44 30 91 21 71 31 57 143 3258 38 78 26 63 24 67
leaf_count=26 44 30 91 21 71 31 57 143 3258 38 78 26 63 24 67
internal_value=2.21766e-07 3.56436e-05 -2.87018e-07 3.62336e-05 -2.63549e-06 0 7.66226e-05 -2.94197e-05 -2.8712e-06 -7.80655e-05 0 0 -1.2453e-05 3.52262e-05 0
internal_weight=4068 141 3927 160 3767 3417 128 350 3289 129 221 134 84 50 111
internal_count=4068 141 3927 160 3767 3417 128 350 3289 129 221 134 84 50 111
is_linear=0
shrinkage=0.03


Tree=123
num_leaves=20
num_cat=0
split_feature=23 30 4 32 30 30 29 26 35 29 30 5 35 21 26 29 20 21 35
split_gain=0.000197695 0.000371583 0.000897773 0.000325872 0.000248622 0.000239429 0.000388283 0.000806162 0.000548705 0.000650444 0.000249502 0.000260067 0.000279186 0.000247506 0.000183474 0.000168962 0.00036369 0.000102313 7.99394e-05
threshold=-1.6812169612592027 30.778091894559839 90.40592193603517 -0.015876225668148777 21.056457754565063 15.742185469612659 15.637382413057345 0.85710689516424898 0.045126642071191589 57.5195493164412 7.3570253434646444 3920169.0000000005 0.011477224565073345 87.186135800679537 1.8626401102837102 66.093894427103763 81.423380470275887 69.648925654093446 0.015020637194622715
decision_type=2 2 2 2 2 2 2 2 2 2 2 2 2 2 2 2 2 2 2
left_child=1 2 4 -3 17 10 7 -7 13 -10 -2 18 -13 -8 -9 16 -5 -1 -12
right_child=5 3 -4 15 -6 6 8 14 9 -11 11 12 -14 -15 -16 -17 -18 -19 -20
leaf_value=0 0 -0.00011419507469434069 0.00023388809297140588 0.0001417840880325404 7.5643934055512563e-05 0.00022555687457325279 7.4698244241801155e-07 0 0.00020423906244800434 0 -7.268690097558841e-08 0 -7.0358722518245299e-05 -1.6603098398727094e-05 6.5908757164225517e-05 0 0 -3.9478620578686174e-05 5.9827807982306239e-05
leaf_weight=21 26 22 24 24 39 21 2353 125 25 25 33 31 187 929 38 40 26 59 20
leaf_count=21 26 22 24 24 39 21 2353 125 25 25 33 31 187 929 38 40 26 59 20
internal_value=2.0427e-07 2.62617e-05 5.97199e-05 0 0 -7.52244e-07 6.11076e-07 4.3497e-05 -8.58074e-07 9.59885e-05 -2.69841e-05 -4.03271e-05 -5.56296e-05 -3.25042e-06 1.52386e-06 7.5156e-06 5.60074e-05 -6.04945e-07 0
internal_weight=4068 255 143 112 119 3813 3516 184 3332 50 297 271 218 3282 163 90 50 80 53
internal_count=4068 255 143 112 119 3813 3516 184 3332 50 297 271 218 3282 163 90 50 80 53
is_linear=0
shrinkage=0.03


Tree=124
num_leaves=20
num_cat=0
split_feature=30 25 30 25 35 25 35 26 36 28 31 34 35 32 23 22 26 23 31
split_gain=0.000196549 0.000317665 0.000438287 0.000401157 0.000397613 0.000291917 0.000283461 0.000477105 0.000436013 0.000362364 0.000346156 0.000205536 0.000263402 0.000186731 0.000201095 0.000165672 0.000165326 8.79333e-05 9.47541e-06
threshold=84.583542286369564 0.25822304497818366 34.041986882140804 0.35020047830541184 0.013390599813152127 0.67882708138081183 0.036302461360227613 2.3626289673765735 0.01004051031451089 185356982.50000003 0.0016710902750047831 0.032206330286483238 0.024239732128631543 -0.0043410862578503453 0.75938744098868238 40.332580686432095 1.5998517015363538 2.1633762473187059 0.0088539139485723801
decision_type=2 2 2 2 2 2 2 2 2 2 2 2 2 2 2 2 2 2 2
left_child=1 6 -3 4 -4 11 8 15 9 -1 -10 13 18 -2 -15 -8 -5 -7 -13
right_child=5 2 3 16 -6 17 7 -9 10 -11 -12 12 -14 14 -16 -17 -18 -19 -20
leaf_value=-3.378672534610217e-06 0 0.00015406189674388443 0 1.4775219081809014e-05 7.5223793776841194e-05 -0.0001103857665005119 -3.9349435522471588e-05 0.00014993320360837369 4.7109425125960352e-06 2.8304392981207209e-05 -4.5913234009824646e-05 0 7.7692271923533414e-05 -0.00013028629476891402 0 3.8132779883765091e-05 -2.0649026482169791e-05 0 -1.5587150298345542e-05
leaf_weight=2177 27 26 83 193 143 40 36 29 39 376 348 85 43 30 22 64 250 22 35
leaf_count=2177 27 26 83 193 143 40 36 29 39 376 348 85 43 30 22 64 250 22 35
internal_value=2.49679e-07 2.84161e-06 2.13176e-05 1.16528e-05 4.47063e-05 -2.19678e-05 -3.65505e-07 4.17262e-05 -3.23412e-06 1.13421e-07 -3.30617e-05 0 1.18991e-05 -4.52398e-05 -7.95799e-05 0 0 -8.12026e-05 0
internal_weight=4068 3764 695 669 226 304 3069 129 2940 2553 387 242 163 79 52 100 443 62 120
internal_count=4068 3764 695 669 226 304 3069 129 2940 2553 387 242 163 79 52 100 443 62 120
is_linear=0
shrinkage=0.03


Tree=125
num_leaves=16
num_cat=0
split_feature=2 23 28 2 3 29 5 28 34 23 27 27 34 0 30
split_gain=0.000195597 0.000828625 0.000620587 0.000240581 0.000767666 0.000369742 0.000357761 0.000289126 0.000267685 0.000367346 0.000234848 0.000223838 0.000160399 1.09564e-05 4.52272e-05
threshold=40.225000381469734 -0.25195886375646376 -183481329.49999997 46.274999618530281 46.175001144409187 37.069495790977108 4585936.0000000009 -179845254.49999997 -0.082334922536925467 -1.651250535413048 0.57842881235646093 0.43330345284255595 0.013366872769325468 33.519186019897468 25.391349699207584
decision_type=2 2 2 2 2 2 2 2 2 2 2 2 2 2 2
left_child=1 13 -3 5 -5 6 -2 -8 -6 -10 11 -7 -12 -1 -15
right_child=3 2 -4 4 8 10 7 -9 9 -11 12 -13 -14 14 -16
leaf_value=0 0 0.00026487935106578981 0 0.000140967076145805 -8.3673386000707211e-05 0 0 -0.00015622140738463843 3.7462273588432313e-05 -9.3244469086973044e-07 0 9.5917352191152635e-05 -4.5918043327896497e-05 0 -3.6430364276656483e-05
leaf_weight=31 45 21 20 35 34 48 31 46 235 3268 45 35 111 25 38
leaf_count=31 45 21 20 35 34 48 31 46 235 3268 45 35 111 25 38
internal_value=2.51241e-07 3.61046e-05 0.000149766 -2.17552e-07 1.35907e-06 -2.41218e-05 -6.66797e-05 -0.000105912 0 7.8789e-07 0 3.82328e-05 -2.39971e-05 0 -1.25009e-05
internal_weight=4068 135 41 3933 3572 361 122 77 3537 3503 239 83 156 94 63
internal_count=4068 135 41 3933 3572 361 122 77 3537 3503 239 83 156 94 63
is_linear=0
shrinkage=0.03


Tree=126
num_leaves=26
num_cat=0
split_feature=27 27 5 25 31 36 32 1 30 26 35 35 36 5 21 0 24 27 19 26 31 35 21 29 5
split_gain=0.000197556 0.00159189 0.00246254 0.000365819 0.000407657 0.000533214 0.000485223 0.000572342 0.000362579 0.000314423 0.00026597 0.00032233 0.000364212 0.0002953 0.000346367 0.000308674 0.000242937 0.000516204 0.000618767 0.000215483 0.000137252 9.04489e-05 6.69194e-05 1.18357e-05 1.34119e-07
threshold=0.082373903979049853 0.064124271305811983 7175373.0000000009 -0.31450790565230674 -0.0019147735742781611 0.0075949460369887827 -0.021915802294043604 79.524063110351577 19.396872268812743 1.6270723757304919 0.013098387611117731 0.012315482027293795 -0.004119476704182559 4291962.5000000009 41.96666647593181 42.137355804443366 -0.094323630820437446 -0.026184779689425983 53.565000534057624 1.5911844958923622 -0.0047499725451990429 0.016458895742623991 88.19442850748699 24.265910733562297 5569483.0000000009
decision_type=2 2 2 2 2 2 2 2 2 2 2 2 2 2 2 2 2 2 2 2 2 2 2 2 2
left_child=1 16 24 4 6 8 23 -8 -6 -7 11 19 -13 15 -15 -12 17 18 -1 -5 -19 -18 -23 -2 -3
right_child=3 2 -4 10 5 9 7 -9 -10 -11 13 12 -14 14 -16 -17 21 20 -20 -21 -22 22 -24 -25 -26
leaf_value=0 2.2468618740729309e-05 2.2379885508806307e-06 0.00043593323395114893 4.7258023534097675e-06 0 0 -0.00016171860344421632 0 7.2789829021827475e-05 -9.6747300655349697e-05 7.0943014346393607e-06 0 -8.1805537293519104e-05 -1.8030852725350192e-05 2.04197037176963e-05 -3.1825798886783699e-05 0 3.444122601953183e-05 -0.00011176263440599484 -3.4520757624844495e-05 -5.3135522139136729e-06 6.2782797384966117e-05 0 0 0
leaf_weight=37 21 24 20 621 53 37 63 85 94 63 276 47 109 163 1493 294 39 103 89 151 57 68 20 21 20
leaf_count=37 21 24 20 621 53 37 63 85 94 63 276 47 109 163 1493 294 39 103 89 151 57 68 20 21 20
internal_value=2.28399e-07 1.89195e-05 0.000158162 -1.41944e-06 -2.75412e-05 0 -6.0614e-05 -8.75482e-05 3.42199e-05 -5.54374e-05 1.24945e-06 -1.09963e-05 -5.07675e-05 7.70253e-06 1.48227e-05 -7.7201e-06 0 -1.79173e-05 -6.64046e-05 0 1.54582e-06 3.15851e-05 4.86131e-05 0 0
internal_weight=4068 477 64 3591 437 247 190 148 147 100 3154 928 156 2226 1656 570 413 286 126 772 160 127 88 42 44
internal_count=4068 477 64 3591 437 247 190 148 147 100 3154 928 156 2226 1656 570 413 286 126 772 160 127 88 42 44
is_linear=0
shrinkage=0.03


Tree=127
num_leaves=23
num_cat=0
split_feature=29 26 33 26 36 35 34 26 26 29 35 24 35 31 29 28 20 26 23 26 28 35
split_gain=0.000200023 0.00115545 0.00147382 0.000753521 0.000366135 0.000354477 0.000276312 0.000796083 0.000930075 0.00043032 0.000575243 0.000646198 0.000430279 0.000313824 0.000311681 0.000232343 0.000210908 0.000603913 0.000227476 0.000137877 5.03105e-05 2.69053e-05
threshold=16.215081427579982 1.8389930599856934 -0.020306377727887123 0.85710689516424898 -0.0045550638734686696 0.020304532896292891 -0.01227434942303973 2.4766923457888144 1.7358532265064766 43.23435284357538 0.015344367954956079 0.14357464506627424 0.020068025772746852 -0.0058504052470870751 40.622453629310293 226387694.00000003 89.440000343322765 1.9163568377155504 0.3997090247296598 1.5706645329216922 -71503384.499999985 0.0096246793243875781
decision_type=2 2 2 2 2 2 2 2 2 2 2 2 2 2 2 2 2 2 2 2 2 2
left_child=1 3 4 -1 15 21 7 8 12 10 20 -12 -2 -9 -10 -3 17 -11 -18 -7 -8 -5
right_child=6 2 -4 5 -6 19 9 13 14 16 11 -13 -14 -15 -16 -17 18 -19 -20 -21 -22 -23
leaf_value=0.00012266021534947016 -2.4862919864084138e-05 0.00016096121916519616 0.00035537092181951247 -1.6883604182523616e-05 -2.7812353610106458e-05 -8.7826820739036814e-05 -3.1134490845138898e-05 0.00017931401503925603 -0.00010007156473966951 -1.4812968891445207e-06 0.00010216340990460076 0 2.3767470113102744e-05 0 0 0 -3.6187831081863028e-05 6.5305548783722159e-05 0 0 3.4873266315303826e-06 7.0986485196466059e-06
leaf_weight=39 423 20 20 47 23 69 44 21 167 1498 143 84 233 24 42 20 303 128 266 32 208 214
leaf_count=39 423 20 20 47 23 69 44 21 167 1498 143 84 233 24 42 20 303 128 266 32 208 214
internal_value=1.81762e-07 1.88525e-05 0.000120766 0 0 -1.57557e-05 -1.50305e-06 -1.62832e-05 -2.5483e-05 2.40539e-06 2.86876e-05 6.3371e-05 -3.01677e-06 9.3704e-05 -8.16168e-05 8.81583e-05 -1.96438e-06 1.935e-06 -1.83773e-05 -6.35978e-05 0 0
internal_weight=4068 484 83 401 63 362 3584 910 865 2674 479 227 656 45 209 40 2195 1626 569 101 252 261
internal_count=4068 484 83 401 63 362 3584 910 865 2674 479 227 656 45 209 40 2195 1626 569 101 252 261
is_linear=0
shrinkage=0.03


Tree=128
num_leaves=24
num_cat=0
split_feature=27 27 29 27 31 31 21 26 24 23 23 24 27 19 4 36 31 20 28 28 34 5 26
split_gain=0.000189611 0.00150285 0.00234458 0.000353521 0.000382917 0.000281952 0.000329065 0.000387542 0.000279256 0.000347498 0.000306748 0.000222738 0.000476105 0.000582125 0.000212188 0.000166889 0.000129543 6.99149e-05 0.000184473 3.64241e-05 2.83283e-05 1.37128e-05 0.00010655
threshold=0.082373903979049853 0.064124271305811983 15.071232219728111 0.21237490034511863 -0.0019147735742781611 -0.015075398627096502 80.16317850748699 1.0301919914354174 0.94893915358949577 1.5387861901627817 0.3997090247296598 -0.094323630820437446 -0.026184779689425983 53.565000534057624 78.988174438476577 0.0023966394957049843 -0.0053742053554655103 88.836870574951192 -9791951.4999999981 212134671.00000003 -0.018809543048327156 7561037.5000000009 1.2952767254396835
decision_type=2 2 2 2 2 2 2 2 2 2 2 2 2 2 2 2 2 2 2 2 2 2 2
left_child=1 11 -3 4 14 6 7 -5 10 -10 -7 12 13 -1 15 -2 -14 18 -13 -8 -16 22 -6
right_child=3 2 -4 5 21 8 19 -9 9 -11 -12 17 16 -15 20 -17 -18 -19 -20 -21 -22 -23 -24
leaf_value=0 -8.2952250426877058e-05 0.0004145579205728544 0 0 0 -1.831667788442378e-06 -2.583895934543661e-05 8.2432462793894217e-05 -4.2683843391123071e-05 0 2.1546631845064744e-05 0 3.4376429936969894e-05 -0.00010781056473083774 0 0 -3.588569167516909e-06 0 9.2897595284086295e-05 0 -2.07700429779423e-05 -3.5095418318482728e-06 3.4394134943987187e-05
leaf_weight=37 146 21 43 36 71 1640 49 133 295 291 640 36 98 89 55 20 62 51 40 27 59 38 91
leaf_count=37 146 21 43 36 71 1640 49 133 295 291 640 36 98 89 55 20 62 51 40 27 59 38 91
internal_value=1.79176e-07 1.85136e-05 0.000153792 -1.42127e-06 -2.57982e-05 1.3763e-06 3.25374e-05 5.73225e-05 -2.41824e-07 -1.95888e-05 3.41559e-06 0 -1.70687e-05 -6.3702e-05 -4.86943e-05 -7.17513e-05 9.33652e-07 3.03549e-05 4.86393e-05 0 0 0 8.55807e-06
internal_weight=4068 477 64 3591 480 3111 245 169 2866 586 2280 413 286 126 280 166 160 127 76 76 114 200 162
internal_count=4068 477 64 3591 480 3111 245 169 2866 586 2280 413 286 126 280 166 160 127 76 76 114 200 162
is_linear=0
shrinkage=0.03


Tree=129
num_leaves=17
num_cat=0
split_feature=25 32 34 27 33 25 33 31 27 32 23 5 23 0 22 31
split_gain=0.000190676 0.000833378 0.00064422 0.000614125 0.000295557 0.000278545 0.000544046 0.000902201 0.000514281 0.000590315 0.000329046 0.000288771 0.000193207 0.000292387 6.89905e-05 3.72416e-05
threshold=0.56639309739550114 0.039764912656418468 0.027164179848933049 1.0498438621319537 -1.0000000180025095e-35 -0.31450790565230674 -0.017218710139040912 -0.013218497511024272 0.20865613214960807 -0.01479295512323797 1.1069223227768215 8926416.5000000019 0.3867785477447257 44.463163375854499 54.23774441541341 0.0055248233445405201
decision_type=2 2 2 2 2 2 2 2 2 2 2 2 2 2 2 2
left_child=1 5 4 14 -2 8 7 -7 11 -10 -8 -1 -4 -14 -3 -15
right_child=2 3 12 -5 -6 6 10 -9 9 -11 -12 -13 13 15 -16 -17
leaf_value=1.1815409468371767e-05 0 4.3980819347236193e-05 -0.00011053534054622007 0.00021350732630061117 9.901795433178717e-05 -7.312967863047777e-06 2.7850165948253005e-06 6.4111415632921753e-05 0 -8.370512466741368e-05 -2.8029322798050289e-05 -4.1201392883074592e-05 1.8247039842780185e-05 0 0 -8.8623976052356243e-05
leaf_weight=389 23 32 68 29 34 183 2159 327 28 170 356 121 43 33 37 36
leaf_count=389 23 32 68 29 34 183 2159 327 28 170 356 121 43 33 37 36
internal_value=1.53184e-07 2.49154e-06 -2.49775e-05 8.8815e-05 3.4594e-05 0 4.18622e-06 3.26051e-05 -1.67083e-05 -5.77436e-05 -3.8492e-07 0 -6.0508e-05 -3.30094e-06 0 -6.01517e-05
internal_weight=4068 3831 237 98 57 3733 3025 510 708 198 2515 510 180 112 69 69
internal_count=4068 3831 237 98 57 3733 3025 510 708 198 2515 510 180 112 69 69
is_linear=0
shrinkage=0.03


Tree=130
num_leaves=21
num_cat=0
split_feature=30 30 30 25 31 26 31 25 25 24 6 36 34 35 32 5 24 36 29 26
split_gain=0.000185643 0.000306568 0.000320432 0.000526406 0.000506971 0.000356536 0.000317884 0.000407054 0.000276579 0.000240838 0.000238686 0.000315633 0.000188899 0.000237107 0.000175148 0.000147392 0.000111427 5.10556e-05 2.60047e-05 2.13785e-05
threshold=84.583542286369564 78.54768442874105 72.384959407313318 0.25822304497818366 0.0044593482766626122 1.4385110661063287 0.010460038668449136 0.029045045984081478 0.67882708138081183 -0.66241101841605154 1.0000000180025095e-35 0.012844554875967666 0.032206330286483238 0.024239732128631543 -0.0043410862578503453 5261110.0000000009 1.3395878871896751 0.0074813337468389264 90.338268637688287 1.5263634266600781
decision_type=2 2 2 2 2 2 2 2 2 2 2 2 2 2 2 2 2 2 2 2
left_child=1 2 3 5 -5 -1 7 -4 12 19 11 -11 14 18 -2 -16 -10 -8 -14 -3
right_child=8 9 6 4 -6 -7 17 -9 16 10 -12 -13 13 -15 15 -17 -18 -19 -20 -21
leaf_value=-1.1131510503021801e-05 0 0 0 6.4645444778051604e-05 0 1.0281094819119936e-05 0 -6.6731309530712119e-05 -0.00010911323024124844 8.0013712142236506e-05 0 0 0 7.3661308121727553e-05 -0.00011892217911788862 0 0 3.0591599429841862e-05 -2.1613655287025127e-05 -2.4109934326514502e-05
leaf_weight=1523 27 20 47 230 165 1254 20 204 41 159 34 26 70 43 31 21 21 49 50 33
leaf_count=1523 27 20 47 230 165 1254 20 204 41 159 34 26 70 43 31 21 21 49 50 33
internal_value=1.37808e-07 2.68012e-06 0 3.17423e-06 3.57627e-05 -3.82011e-07 -2.83034e-05 -4.64821e-05 -2.14654e-05 3.33673e-05 4.87031e-05 6.29939e-05 0 1.12012e-05 -4.34809e-05 -7.6785e-05 -7.915e-05 0 0 0
internal_weight=4068 3764 3492 3172 395 2777 320 251 304 272 219 185 242 163 79 52 62 69 120 53
internal_count=4068 3764 3492 3172 395 2777 320 251 304 272 219 185 242 163 79 52 62 69 120 53
is_linear=0
shrinkage=0.03


Tree=131
num_leaves=16
num_cat=0
split_feature=2 25 24 20 32 36 0 36 31 36 0 24 26 26 32
split_gain=0.000185272 0.000913818 0.000204369 0.000770557 0.000838946 0.000815866 0.000507457 0.000354231 0.000364258 0.00035208 0.000716292 0.000503013 0.000328146 0.000193787 8.16783e-05
threshold=39.125000000000007 -0.074722097994578976 -1.116399985287883 64.559594058990498 -0.006383663115502646 -0.018026944762849596 37.929924011230476 0.0075949460369887827 0.017098125145377233 0.0030241982045188715 59.381359100341804 -0.037961688425661687 1.2578845516794301 1.2043135237388685 0.0033112396299159745
decision_type=2 2 2 2 2 2 2 2 2 2 2 2 2 2 2
left_child=1 -1 3 4 -2 -5 -7 9 12 11 -11 -4 -9 -10 -6
right_child=2 -3 7 5 14 6 -8 8 13 10 -12 -13 -14 -15 -16
leaf_value=0 0.00020728095265589602 0.00022184495904496799 -2.079939597047348e-05 -0.00015262025483478591 0 -4.7085975769704302e-05 3.0896794544307623e-05 0 -3.247272733287299e-05 4.7859787752069661e-05 -2.396271705059342e-05 7.271637216313499e-06 -5.8206063503122362e-05 2.2131073030604339e-05 3.5880345155137553e-05
leaf_weight=32 37 20 949 30 23 77 334 178 77 378 124 1273 289 190 57
leaf_count=32 37 20 949 30 23 77 334 178 77 378 124 1273 289 190 57
internal_value=1.0428e-07 5.65802e-05 0 1.61444e-05 8.46435e-05 0 8.98149e-06 -3.33529e-06 -2.20305e-05 6.01603e-07 2.41426e-05 -3.36762e-06 -3.82703e-05 0 0
internal_weight=4068 52 4016 558 117 441 411 3458 734 2724 502 2222 467 267 80
internal_count=4068 52 4016 558 117 441 411 3458 734 2724 502 2222 467 267 80
is_linear=0
shrinkage=0.03


Tree=132
num_leaves=22
num_cat=0
split_feature=27 27 5 30 32 5 30 13 32 25 26 27 25 35 24 27 19 31 35 21 21
split_gain=0.000184094 0.00141532 0.00231467 0.000353909 0.000445246 0.000483663 0.000323802 0.000372593 0.000395013 0.000356587 0.000694685 0.000348106 0.000298143 0.000221972 0.000203083 0.000436143 0.000545587 0.000122439 8.38351e-05 6.21601e-05 2.30032e-05
threshold=0.082373903979049853 0.064124271305811983 7175373.0000000009 20.698144389042408 -0.017442526076148209 4120147.5000000005 27.213126826962988 90.000000000000014 0.0010172930147458461 -0.24360578614647818 1.4778463278475937 0.21617374267985087 0.070515278628609249 0.010805468089552583 -0.094323630820437446 -0.026184779689425983 53.565000534057624 -0.0047499725451990429 0.016458895742623991 88.19442850748699 89.777214113871267
decision_type=2 2 2 2 2 2 2 2 2 2 2 2 2 2 2 2 2 2 2 2 2
left_child=1 14 -3 4 -2 20 9 11 -9 10 -5 -8 -11 -7 15 16 -1 -17 -16 -20 -6
right_child=3 2 -4 6 5 13 7 8 -10 12 -12 -13 -14 -15 18 17 -18 -19 19 -21 -22
leaf_value=0 2.5298451112691216e-05 0 0.0004181524775679042 0 0 0 -3.9601088540936148e-05 9.196876763029155e-05 0 -1.0563845570826164e-05 0.00013171723542512959 -2.7839908394647599e-08 9.6478106689637654e-05 -8.8941200220956582e-05 0 3.2473697596548932e-05 -0.00010369619838787583 -5.1116256338226922e-06 5.9318701437064699e-05 0 2.6672832420595058e-05
leaf_weight=37 37 44 20 26 61 29 233 76 25 144 71 2664 27 169 39 103 89 57 68 20 29
leaf_count=37 37 44 20 26 61 29 233 76 25 144 71 2664 27 169 39 103 89 57 68 20 29
internal_value=6.16006e-08 1.81706e-05 0.00014943 -1.50889e-06 -3.16482e-05 -4.93836e-05 5.72625e-07 -1.30338e-06 5.33879e-05 3.27412e-05 7.91515e-05 -4.24741e-06 0 -7.57895e-05 0 -1.61419e-05 -6.08593e-05 3.50808e-07 2.91808e-05 4.56607e-05 0
internal_weight=4068 477 64 3591 325 288 3266 2998 101 268 97 2897 171 198 413 286 126 160 127 88 90
internal_count=4068 477 64 3591 325 288 3266 2998 101 268 97 2897 171 198 413 286 126 160 127 88 90
is_linear=0
shrinkage=0.03


Tree=133
num_leaves=21
num_cat=0
split_feature=30 30 30 30 31 26 22 23 26 34 31 30 28 33 34 26 24 34 36 30
split_gain=0.00017484 0.000281169 0.000298142 0.000408004 0.000299934 0.000363352 0.000290318 0.000254517 0.000229725 0.000207624 0.000183152 0.000282575 0.000144186 0.0001255 0.000200651 9.91526e-05 5.64438e-05 4.83348e-05 4.81282e-05 2.40648e-06
threshold=84.583542286369564 78.54768442874105 72.384959407313318 65.458364796928322 0.010460038668449136 1.9691480812948425 50.800313589169455 0.81632561975870754 1.5233768470682485 0.023636608310061428 0.013709692463304448 91.219163533805968 77330795.500000015 0.023963518758214789 0.016003770200286874 1.9163568377155504 1.0971489779675447 0.066987325254505584 0.0074813337468389264 92.472977503996972
decision_type=2 2 2 2 2 2 2 2 2 2 2 2 2 2 2 2 2 2 2 2
left_child=1 2 3 7 5 -4 -5 -1 9 -3 11 13 -11 14 -2 16 -10 -12 -6 -13
right_child=10 8 4 6 18 -7 -8 -9 15 12 17 19 -14 -15 -16 -17 -18 -19 -20 -21
leaf_value=2.9899502246172816e-06 0 0 -6.0672867457974305e-05 0 0 0 5.1386842489959834e-05 -2.2204455717865448e-05 -3.7467068587318705e-05 0.00011842604179951424 3.5716916638961784e-05 9.2891495542895664e-06 0 0 -8.6471257456183061e-05 4.2533391630811623e-05 0 0 2.9701645276935999e-05 0
leaf_weight=2399 22 69 227 103 20 24 249 421 57 57 34 25 34 51 113 33 22 30 49 29
leaf_count=2399 22 69 227 103 20 24 249 421 57 57 34 25 34 51 113 33 22 30 49 29
internal_value=5.40513e-08 2.54491e-06 0 3.03846e-06 -2.73272e-05 -4.50224e-05 3.3557e-05 0 3.1931e-05 5.49932e-05 -2.09123e-05 -3.52197e-05 8.58255e-05 -5.44694e-05 -7.01639e-05 0 -1.92648e-05 0 0 0
internal_weight=4068 3764 3492 3172 320 251 352 2820 272 160 304 240 91 186 135 112 79 64 69 54
internal_count=4068 3764 3492 3172 320 251 352 2820 272 160 304 240 91 186 135 112 79 64 69 54
is_linear=0
shrinkage=0.03


Tree=134
num_leaves=23
num_cat=0
split_feature=29 26 2 36 26 35 34 26 26 30 35 29 35 30 0 30 26 31 26 31 30 33
split_gain=0.000181227 0.00108718 0.00139146 0.000946025 0.000689905 0.000327398 0.000258823 0.000734598 0.000879116 0.000482444 0.000404903 0.000401753 0.000533213 0.000659616 0.000356802 0.000378779 0.000366793 0.000297102 0.000130012 4.76596e-05 4.33982e-05 4.22864e-07
threshold=16.215081427579982 1.8389930599856934 94.950302124023452 -0.0062499659914579848 0.85710689516424898 0.020304532896292891 -0.01227434942303973 2.4766923457888144 1.7358532265064766 44.39655898510302 0.020068025772746852 43.23435284357538 0.015344367954956079 23.846528084729382 60.914653778076179 64.077449394261265 1.9163568377155504 -0.0058504052470870751 1.5706645329216922 -0.0018173467753428982 11.449442381039098 -0.027930874963825566
decision_type=2 2 2 2 2 2 2 2 2 2 2 2 2 2 2 2 2 2 2 2 2 2
left_child=1 4 3 -3 -1 20 7 8 10 -10 -2 12 19 -14 16 -16 -13 -9 -7 -8 -6 -4
right_child=6 2 21 -5 5 18 11 17 9 -11 -12 14 13 -15 15 -17 -18 -19 -20 -21 -22 -23
leaf_value=0.00011687246645959164 -2.4086803108409087e-05 0.00040132913712426021 -4.246984012601491e-06 0 -1.4817191625357919e-05 -8.4937209688924255e-05 -1.9449626423841692e-05 0.00017227832115943855 -0.00010656083564433159 0 2.3061050322135139e-05 0 0 8.7751430265899075e-05 -5.6836635401580773e-05 0 4.6507588521508857e-05 0 0 7.2344648525770487e-06 1.0728771678938758e-05 0
leaf_weight=39 423 20 21 22 86 69 91 21 154 55 233 1569 40 187 203 264 159 24 32 161 175 20
leaf_count=39 423 20 21 22 86 69 91 21 154 55 233 1569 40 187 203 264 159 24 32 161 175 20
internal_value=8.35754e-08 1.79058e-05 0.0001168 0.000238064 0 -1.54863e-05 -1.48663e-06 -1.57991e-05 -2.4739e-05 -7.93216e-05 -2.76725e-06 2.26265e-06 2.7684e-05 6.10734e-05 -1.9192e-06 -2.59767e-05 2.84757e-06 8.92009e-05 -6.14287e-05 0 0 0
internal_weight=4068 484 83 42 401 362 3584 910 865 209 656 2674 479 227 2195 467 1728 45 101 252 261 41
internal_count=4068 484 83 42 401 362 3584 910 865 209 656 2674 479 227 2195 467 1728 45 101 252 261 41
is_linear=0
shrinkage=0.03


Tree=135
num_leaves=17
num_cat=0
split_feature=25 33 34 33 34 33 35 5 27 26 22 36 36 29 28 24
split_gain=0.000174952 0.000602318 0.000598353 0.00028422 0.000260108 0.000198034 0.000528061 0.00145153 0.000531251 0.000237196 0.000521955 0.000346492 0.000158812 0.000253081 0.000138337 2.10969e-05
threshold=0.56639309739550114 0.052954282699162254 0.027164179848933049 -1.0000000180025095e-35 0.046147707704375936 -0.017218710139040912 0.019709363456406497 10572990.000000002 0.23650248130680659 1.8971584223846636 49.290521607512517 0.0079090557586814891 -0.0015180749641200398 82.764603642720019 89605708.500000015 -0.27608251604664419
decision_type=2 2 2 2 2 2 2 2 2 2 2 2 2 2 2 2
left_child=1 5 3 -2 -3 6 7 -1 -8 11 -11 -7 15 -14 -6 -4
right_child=2 4 12 -5 14 9 8 -9 -10 10 -12 -13 13 -15 -16 -17
leaf_value=1.7758799816008543e-05 0 0 -2.5994255446938266e-05 9.6144301839353092e-05 0.00018792800907374774 0 -3.5855539311209171e-05 0.00029786570105395872 3.3583475249234403e-05 6.307335100214518e-05 -2.9032082830539129e-06 -2.746699740980102e-05 0 -0.00011536490807424278 0 0
leaf_weight=434 23 23 28 34 26 2046 269 20 129 148 143 571 37 74 22 41
leaf_count=434 23 23 28 34 26 2046 269 20 129 148 143 571 37 74 22 41
internal_value=7.40533e-08 2.34606e-06 -2.39845e-05 3.22569e-05 8.89991e-05 0 1.33589e-05 3.67677e-05 -5.81035e-06 -2.99954e-06 2.03563e-05 -6.7436e-06 -5.84597e-05 -8.26229e-05 0.000128745 0
internal_weight=4068 3831 237 57 71 3760 852 454 398 2908 291 2617 180 111 48 69
internal_count=4068 3831 237 57 71 3760 852 454 398 2908 291 2617 180 111 48 69
is_linear=0
shrinkage=0.03


Tree=136
num_leaves=24
num_cat=0
split_feature=27 27 29 27 32 4 36 32 34 26 30 30 35 32 4 35 31 31 30 36 27 0 19
split_gain=0.000172802 0.0013345 0.00217821 0.000322057 0.000528714 0.000371665 0.000409139 0.000264789 0.000353667 0.00061419 0.000268437 0.000458861 0.000296309 0.000141264 8.6038e-05 8.43698e-05 5.66566e-05 0.000224469 0.000282095 0.00023133 8.15432e-05 0.000206424 2.67787e-05
threshold=0.082373903979049853 0.064124271305811983 15.071232219728111 0.21237490034511863 -0.00093763242611988307 78.988174438476577 0.0030241982045188715 -0.017828782574912268 -0.010551583118034667 1.5998517015363538 23.846528084729382 29.277555064919866 0.018136949605358745 0.0010172930147458461 88.173107147216811 0.029887253332417065 -0.0047499725451990429 -0.019560817424331464 15.742185469612659 -0.024562752410397449 0.034328440149822878 47.132892608642585 53.214999389648447
decision_type=2 2 2 2 2 2 2 2 2 2 2 2 2 2 2 2 2 2 2 2 2 2 2
left_child=1 16 -3 4 5 6 -2 8 9 -5 12 -12 -9 -6 -7 -10 17 19 -19 -1 21 -18 -15
right_child=3 2 -4 7 13 14 -8 10 15 -11 11 -13 -14 22 -16 -17 20 18 -20 -21 -22 -23 -24
leaf_value=0 -9.6201898409482099e-05 0.00039605138802424215 0 0 6.9365165195530565e-05 1.812281104661706e-05 0 0 0 0.00012426669425450541 4.9613297575216307e-05 -9.8270123651830048e-07 -8.2598808473673639e-05 1.2786587581656449e-05 -2.6166898992326894e-05 -5.9989257710125129e-05 -8.6127001089876667e-05 0 6.2795325152402139e-05 -5.5236739626494942e-05 0 0 -1.4797339162331733e-05
leaf_weight=33 158 21 43 84 28 52 36 135 80 72 168 2477 74 32 88 21 41 90 110 77 30 32 86
leaf_count=33 158 21 43 84 28 52 36 135 80 72 168 2477 74 32 88 21 41 90 110 77 30 32 86
internal_value=7.05282e-08 1.76266e-05 0.000145085 -1.42651e-06 -2.46907e-05 -4.7709e-05 -7.5108e-05 1.19934e-06 3.06999e-05 5.9928e-05 -4.07021e-07 1.09854e-06 -3.37993e-05 7.43025e-06 0 0 0 4.12911e-06 3.00147e-05 -1.56722e-05 -2.10546e-05 -4.0363e-05 0
internal_weight=4068 477 64 3591 480 334 194 3111 257 156 2854 2645 209 146 140 101 413 310 200 110 103 73 118
internal_count=4068 477 64 3591 480 334 194 3111 257 156 2854 2645 209 146 140 101 413 310 200 110 103 73 118
is_linear=0
shrinkage=0.03


Tree=137
num_leaves=26
num_cat=0
split_feature=0 0 32 1 0 3 24 28 27 28 28 29 28 22 32 28 36 36 0 29 28 24 27 25 24
split_gain=0.000168407 0.000384816 0.00038376 0.000315807 0.00107257 0.000767645 0.000653735 0.000535476 0.000676699 0.000304723 0.000235039 0.000557556 0.000612956 0.000417489 0.000382156 0.000305417 0.000484815 0.000437829 0.000380172 0.00034923 0.000261924 0.000200305 0.000196385 0.00011753 6.91993e-05
threshold=40.115802764892585 37.929924011230476 -0.021915802294043604 62.665390014648445 35.744647979736335 45.074998855590827 -0.8985056309794599 42043480.000000007 0.33457849379442406 -191966273.99999997 -19454705.999999996 41.269721610868693 -124317916.99999999 41.43727278632992 0.013981824801836741 82928143.000000015 -0.013356990303656712 -0.0012172673639697449 41.100719451904304 46.754133862955861 180586054.50000003 0.72711086648764856 1.0024052448808323 -0.37586685312976459 -0.13466559868501896
decision_type=2 2 2 2 2 2 2 2 2 2 2 2 2 2 2 2 2 2 2 2 2 2 2 2 2
left_child=1 3 23 4 6 -6 -1 8 -5 -4 11 13 -13 -2 -14 16 -12 20 -18 -19 -17 -9 -11 -3 -15
right_child=10 2 9 7 5 -7 -8 21 -10 22 15 12 14 24 -16 17 18 19 -20 -21 -22 -23 -24 -25 -26
leaf_value=0.00014213509269922158 0 0 0 -0.00015651357447998439 -6.3223068701083262e-05 3.6422260924994655e-05 1.2022051292303678e-05 0 0 7.2048683343061266e-05 -4.3366525553361136e-05 0.0001379411821869127 0 0 -7.5442230104784795e-05 0 -4.6750168657926304e-06 0 5.0147574453383502e-05 -3.2615839169711515e-05 2.8430390207873809e-05 6.4689297417584976e-05 0 -5.5695185434384551e-05 -0.00015186595320979538
leaf_weight=74 44 20 22 52 180 74 195 103 124 244 47 26 164 29 70 613 33 422 366 650 366 43 22 34 51
leaf_count=74 44 20 22 52 180 74 195 103 124 244 47 26 164 29 70 613 33 422 366 650 366 43 22 34 51
internal_value=7.46969e-08 1.02373e-05 3.70951e-05 0 1.37452e-05 -2.23833e-05 5.9003e-05 -2.39914e-05 -6.15547e-05 5.3224e-05 -3.07135e-06 -2.49296e-05 0 -7.72468e-05 -1.53328e-05 0 2.2779e-05 -4.60002e-06 3.80964e-05 -1.87588e-05 7.8401e-06 7.6759e-07 6.40127e-05 0 -0.00011805
internal_weight=4068 1187 342 845 523 254 269 322 176 288 2881 384 260 124 234 2497 446 2051 399 1072 979 146 266 54 80
internal_count=4068 1187 342 845 523 254 269 322 176 288 2881 384 260 124 234 2497 446 2051 399 1072 979 146 266 54 80
is_linear=0
shrinkage=0.03


Tree=138
num_leaves=18
num_cat=0
split_feature=2 23 5 2 21 24 29 22 5 34 36 23 27 27 34 0 2
split_gain=0.000162887 0.000781276 0.000569743 0.000235985 0.000557801 0.000603467 0.00035407 0.000337145 0.000329104 0.000312269 0.000563059 0.00029057 0.000214772 0.000206885 0.000153393 1.23956e-05 7.31513e-05
threshold=40.225000381469734 -0.25195886375646376 6554455.5000000009 46.274999618530281 49.179166634877532 1.0587673501555199 37.069495790977108 58.805275271449368 4585936.0000000009 -0.034248688152016864 -0.0079936301996201206 -2.4013206128310141 0.57842881235646093 0.43330345284255595 0.013366872769325468 33.519186019897468 39.725000381469734
decision_type=2 2 2 2 2 2 2 2 2 2 2 2 2 2 2 2 2
left_child=1 15 -3 6 5 7 8 -5 -2 10 -6 -11 13 -8 -14 -1 -17
right_child=3 2 -4 4 9 -7 12 -9 -10 11 -12 -13 14 -15 -16 16 -18
leaf_value=0 0 0 0.00026030782432948693 0 6.3558068221145967e-05 -9.5078377368000945e-07 0 0.00013507958376914007 -0.00010330510275958901 8.578900046166219e-05 0 -6.6651065433822588e-06 0 9.1579221129321883e-05 -4.4818798529977964e-05 -4.4374667951251227e-05 0
leaf_weight=31 45 21 20 74 178 28 48 74 77 27 223 2968 45 35 111 39 24
leaf_count=31 45 21 20 74 178 28 48 74 77 27 223 2968 45 35 111 39 24
internal_value=0 3.28808e-05 0.000143743 -3.69003e-07 1.17975e-06 5.35794e-05 -2.39975e-05 8.41462e-05 -6.56732e-05 -6.54034e-07 2.30283e-05 -4.82716e-06 0 3.60804e-05 -2.33509e-05 0 -1.32966e-05
internal_weight=4068 135 41 3933 3572 176 361 148 122 3396 401 2995 239 83 156 94 63
internal_count=4068 135 41 3933 3572 176 361 148 122 3396 401 2995 239 83 156 94 63
is_linear=0
shrinkage=0.03


Tree=139
num_leaves=15
num_cat=0
split_feature=25 32 35 34 32 34 33 25 26 27 26 23 1 29
split_gain=0.000162645 0.000750684 0.000864005 0.000562856 0.000273414 0.00032664 0.000272302 0.000252165 0.000508622 0.000374884 0.000242512 0.000179017 7.44898e-05 2.87479e-06
threshold=0.56639309739550114 0.038693587605730946 0.026736704560685109 0.027164179848933049 0.025668455102732638 0.050613689460233487 -1.0000000180025095e-35 -0.31450790565230674 1.5618675001874041 0.20865613214960807 1.5870082910846042 0.3867785477447257 101.74012756347658 92.345447046404757
decision_type=2 2 2 2 2 2 2 2 2 2 2 2 2 2
left_child=1 4 -3 6 7 10 -2 9 -9 -1 -6 -5 13 -13
right_child=3 2 -4 11 5 -7 -8 8 -10 -11 -12 12 -14 -15
leaf_value=0 0 0 0.00016057758009967057 -0.00010438415111408409 0 0 9.3462836636432449e-05 0 2.6947451504713914e-05 -5.000684037953239e-05 -9.9023650465451308e-05 6.2095892090619629e-06 -5.7808892573785973e-05 0
leaf_weight=506 23 53 57 68 81 36 34 2043 797 182 76 67 20 25
leaf_count=506 23 53 57 68 81 36 34 2043 797 182 76 67 20 25
internal_value=1.56867e-08 2.23357e-06 7.94354e-05 -2.31684e-05 0 -3.48092e-05 3.04095e-05 1.85167e-06 6.52897e-06 -1.30941e-05 -5.79708e-05 -5.67995e-05 -1.07972e-06 0
internal_weight=4068 3831 110 237 3721 193 57 3528 2840 688 157 180 112 92
internal_count=4068 3831 110 237 3721 193 57 3528 2840 688 157 180 112 92
is_linear=0
shrinkage=0.03


Tree=140
num_leaves=18
num_cat=0
split_feature=13 30 23 31 31 20 26 0 19 24 24 22 5 24 22 30 35
split_gain=0.000158746 0.000234791 0.000317188 0.000223282 0.000725331 0.000533399 0.00131773 0.00063171 0.000501406 0.000546322 0.000468578 0.000457126 0.000356098 0.000251224 0.000425863 0.000132905 3.60569e-05
threshold=90.000000000000014 44.118983745379346 0.83287768664627049 0.0044593482766626122 0.0059627232154412244 67.330913066864028 1.9163568377155504 47.850584030151374 78.729526519775405 -0.52865641751010717 0.99536473198514142 31.633850576871158 3966282.5000000005 1.5588513234979249 62.127319985684288 53.918492585447019 0.013860655126216379
decision_type=2 2 2 2 2 2 2 2 2 2 2 2 2 2 2 2 2
left_child=3 -2 16 5 10 6 7 -1 9 -7 12 -10 -5 14 -6 -15 -3
right_child=1 2 -4 4 13 8 -8 -9 11 -11 -12 -13 -14 15 -16 -17 -18
leaf_value=0 0 0 0 0 -6.9661674520661071e-06 -8.1604841437309762e-05 0.00020496622114597079 7.8825100942404288e-05 6.5460907609007414e-05 0 0 -1.3938908301704926e-06 -0.00014409698299228398 -0.00010206908241527721 3.624151403000371e-05 0 0.00015739722203160893
leaf_weight=895 67 22 25 50 796 149 36 113 96 235 33 1107 75 33 263 46 27
leaf_count=895 67 22 25 50 796 149 36 113 96 235 33 1107 75 33 263 46 27
internal_value=0 3.17391e-05 6.90647e-05 -4.31578e-07 -1.12628e-05 3.76379e-06 2.10999e-05 1.15377e-05 -5.75105e-06 -3.61237e-05 -7.18933e-05 1.45259e-06 -9.95145e-05 -2.03352e-07 9.34167e-07 -5.33605e-05 0.000114073
internal_weight=4068 141 74 3927 1296 2631 1044 1008 1587 384 158 1203 125 1138 1059 79 49
internal_count=4068 141 74 3927 1296 2631 1044 1008 1587 384 158 1203 125 1138 1059 79 49
is_linear=0
shrinkage=0.03


Tree=141
num_leaves=18
num_cat=0
split_feature=25 32 35 34 36 5 35 33 0 36 28 23 0 36 31 0 36
split_gain=0.000159967 0.000701259 0.000813724 0.000538902 0.000351107 0.000368386 0.000287984 0.000261894 0.000202855 0.000849114 0.000225779 0.000155861 0.000260375 9.97893e-05 8.67691e-05 5.13172e-05 3.33191e-05
threshold=0.56639309739550114 0.038693587605730946 0.026736704560685109 0.027164179848933049 0.012844554875967666 6610394.0000000009 0.029178886002983139 -1.0000000180025095e-35 36.16687202453614 0.0024783531854090045 165679687.50000003 0.3867785477447257 44.463163375854499 0.0044444436285940156 0.030117558458601538 38.065500259399421 0.0051308505035383206
decision_type=2 2 2 2 2 2 2 2 2 2 2 2 2 2 2 2 2
left_child=1 4 -3 7 8 6 -6 -2 9 -1 -10 -5 16 -14 -7 -4 -13
right_child=3 2 15 11 5 14 -8 -9 10 -11 -12 12 13 -15 -16 -17 -18
leaf_value=0 0 0 0 -0.00010180480356724617 -7.4594360529387673e-05 1.506885745486407e-05 0 9.0856108124179436e-05 -4.453264321531009e-06 8.2781592285087124e-05 1.6137867360865478e-05 4.4144566109766374e-05 0 -9.5546045331209282e-05 -4.2622303392573135e-05 0.00019612869139341198 0
leaf_weight=339 23 53 20 68 158 127 23 34 2300 142 605 22 35 34 27 37 21
leaf_count=339 23 53 20 68 158 127 23 34 2300 142 605 22 35 34 27 37 21
internal_value=0 2.13334e-06 7.6751e-05 -2.31014e-05 0 -2.93664e-05 -5.85361e-05 2.83168e-05 2.82432e-06 2.08717e-05 0 -5.60479e-05 -1.43911e-06 -5.66159e-05 0 0.000155513 1.74207e-05
internal_weight=4068 3831 110 237 3721 335 181 57 3386 481 2905 180 112 69 154 57 43
internal_count=4068 3831 110 237 3721 335 181 57 3386 481 2905 180 112 69 154 57 43
is_linear=0
shrinkage=0.03


Tree=142
num_leaves=22
num_cat=0
split_feature=29 26 33 4 35 34 26 26 30 35 30 30 5 0 27 13 31 31 2 0 30
split_gain=0.00015716 0.000994859 0.00139749 0.000668194 0.000298895 0.000251318 0.000662406 0.000857656 0.000440837 0.000386435 0.000371968 0.000880156 0.000768995 0.000381463 0.000499776 0.000409694 0.000273552 0.000191303 9.59819e-05 6.66605e-05 5.82102e-05
threshold=16.215081427579982 1.8389930599856934 -0.020306377727887123 39.324998855590827 0.020515588148933613 -0.01227434942303973 2.4766923457888144 1.7358532265064766 44.39655898510302 0.020068025772746852 32.188425111902887 23.846528084729382 4363306.5000000009 60.141962051391609 0.6508584979636991 90.000000000000014 -0.0058504052470870751 0.012147607675914386 94.950302124023452 35.434808731079109 11.449442381039098
decision_type=2 2 2 2 2 2 2 2 2 2 2 2 2 2 2 2 2 2 2 2 2
left_child=1 3 18 -1 20 6 7 9 -9 -2 11 17 -13 15 -15 -12 -8 -7 -3 -6 -5
right_child=5 2 -4 4 19 10 16 8 -10 -11 13 12 -14 14 -16 -17 -18 -19 -20 -21 -22
leaf_value=0.00014639279561857524 -2.3408441829802376e-05 4.9609208009882355e-05 0.00033727580427762063 -1.6874175423060479e-05 0 0 0.00016245774226814896 -0.00010415565591351729 0 2.2683122537357725e-05 8.2265717844271793e-07 0 0.00013321923965272205 -5.7436195853662536e-05 0 7.9524860051270361e-05 0 -7.2897162747639018e-05 0 -6.9997278570121439e-05 1.2260787739101182e-05
leaf_weight=25 423 35 20 83 22 39 21 154 55 233 1815 52 102 225 339 66 24 36 28 80 191
leaf_count=25 423 35 20 83 22 39 21 154 55 233 1815 52 102 225 339 66 24 36 28 80 191
internal_value=0 1.65979e-05 0.000111263 0 -1.29897e-05 -1.50144e-06 -1.56041e-05 -2.42106e-05 -7.80864e-05 -2.46407e-06 2.17643e-06 3.89424e-05 8.52492e-05 -4.15994e-08 -2.27823e-05 5.18303e-06 8.29988e-05 -1.6181e-05 0 -5.70637e-05 0
internal_weight=4068 484 83 401 376 3584 910 865 209 656 2674 229 154 2445 564 1881 45 75 63 102 274
internal_count=4068 484 83 401 376 3584 910 865 209 656 2674 229 154 2445 564 1881 45 75 63 102 274
is_linear=0
shrinkage=0.03


Tree=143
num_leaves=21
num_cat=0
split_feature=23 28 29 2 27 22 27 35 31 24 3 25 29 33 23 24 24 20 33 20
split_gain=0.000155216 0.000297062 0.00062593 0.000399212 0.000429794 0.00023147 0.000668077 0.00077905 0.0014119 0.000299141 0.000381457 0.000295293 0.000417212 0.000279489 0.000261073 0.000272255 0.000213524 0.000135706 0.000126093 1.13632e-06
threshold=-1.6812169612592027 155982697.50000003 39.757325201520388 52.875000000000007 0.010682696372390348 39.013856365285108 0.088754114699663947 0.018211908546125113 -0.0077549421526900688 -0.56933313067351343 65.916374206542983 -0.32077013000268834 24.583438863660096 -0.015088346197075107 -0.59359779783003208 -0.094323630820437446 -0.19592317446179372 81.1955514907837 -0.010016681904308931 50.626249694824224
decision_type=2 2 2 2 2 2 2 2 2 2 2 2 2 2 2 2 2 2 2 2
left_child=1 3 -3 -1 -5 9 7 8 -7 10 19 12 -8 -13 16 -16 -11 -12 -6 -2
right_child=5 2 -4 4 18 6 11 -9 -10 14 17 13 -14 -15 15 -17 -18 -19 -20 -21
leaf_value=0.00010657907219853504 -3.7150376804560865e-06 0.00019636611184775476 0 -0.00013523856314358497 4.090453464529585e-05 0.00035824652053172514 0 0 0 6.0394228056775523e-05 -0.00015422533033101885 2.5568623294267226e-05 -5.8373459245472988e-05 -6.8380361933664437e-07 -6.2591709431613753e-05 0 0 -2.170344384364938e-05 -1.2389740527296079e-05 0
leaf_weight=30 74 25 24 22 59 20 93 46 27 96 37 399 185 2481 82 72 25 120 95 56
leaf_count=30 74 25 24 22 59 20 93 46 27 96 37 399 185 2481 82 72 25 120 95 56
internal_value=0 2.31873e-05 9.07662e-05 0 -9.93514e-06 -8.16128e-07 1.41652e-06 8.07984e-05 0.000166705 -1.90664e-05 -4.06138e-05 0 -3.02946e-05 1.91238e-06 0 -2.22976e-05 3.61606e-05 -7.21091e-05 0 0
internal_weight=4068 255 49 206 176 3813 3251 93 47 562 287 3158 278 2880 275 154 121 157 154 130
internal_count=4068 255 49 206 176 3813 3251 93 47 562 287 3158 278 2880 275 154 121 157 154 130
is_linear=0
shrinkage=0.03


Tree=144
num_leaves=16
num_cat=0
split_feature=25 32 35 34 36 5 29 30 25 30 36 21 24 5 31
split_gain=0.000151263 0.000664895 0.000627037 0.000508572 0.000266342 0.000393783 0.000352668 0.000205312 0.000812026 0.000378092 0.000142455 0.000110333 0.000161575 9.52193e-05 8.498e-05
threshold=0.56639309739550114 0.039764912656418468 0.026736704560685109 0.027164179848933049 0.012844554875967666 6610394.0000000009 68.66561693384844 72.384959407313318 0.25822304497818366 78.54768442874105 -0.0094187812658998952 54.677916717529307 1.1543961790017219 5721763.5000000009 0.030117558458601538
decision_type=2 2 2 2 2 2 2 2 2 2 2 2 2 2 2
left_child=1 4 -3 13 7 6 -6 8 -1 -9 -5 -12 -13 -2 -7
right_child=3 2 -4 10 5 14 -8 9 -10 -11 11 12 -14 -15 -16
leaf_value=3.0478737078423667e-08 0 0 0.0001490421057678759 0 -8.1702857235867101e-05 1.9505312778831956e-05 0 -4.0307512604096877e-05 5.4421204176372403e-05 1.0432907849399809e-06 0 -9.6304123066041764e-05 0 6.2613954221411961e-05 -3.120646046414917e-05
leaf_weight=2482 25 45 53 25 133 129 50 258 290 363 21 98 36 32 28
leaf_count=2482 25 45 53 25 133 129 50 258 290 363 21 98 36 32 28
internal_value=0 2.09412e-06 7.9191e-05 -2.24347e-05 0 -2.52412e-05 -5.5848e-05 2.6049e-06 6.80468e-06 -1.13099e-05 -5.45997e-05 -6.54848e-05 -7.55003e-05 2.65173e-05 0
internal_weight=4068 3831 98 237 3733 340 183 3393 2772 621 180 155 134 57 157
internal_count=4068 3831 98 237 3733 340 183 3393 2772 621 180 155 134 57 157
is_linear=0
shrinkage=0.03


Tree=145
num_leaves=23
num_cat=0
split_feature=0 0 33 32 21 3 35 27 25 25 23 22 25 25 1 28 0 31 33 25 35 34
split_gain=0.00014976 0.000366298 0.000457832 0.000295087 0.000451973 0.000437617 0.000402143 0.000287712 0.000286229 0.000255927 0.000230238 0.000368743 0.00024317 0.000554444 0.000657431 0.000329107 0.000289819 0.000557284 0.000291448 0.000185089 0.000131095 2.43844e-05
threshold=40.115802764892585 37.929924011230476 0.0059523927947900965 -0.042812423681417404 67.878448422749855 65.557518005371108 0.014171853562389966 0.97974190563245356 -0.37586685312976459 -0.24921325746447071 2.5720263838943116 67.298719378329849 -0.31450790565230674 -0.20706981100451546 90.173713684082045 163582239.50000003 41.72688293457032 -0.0019147735742781611 -0.0014297299959351582 0.0093723651048097396 0.030436564257208639 -0.030927153405492621
decision_type=2 2 2 2 2 2 2 2 2 2 2 2 2 2 2 2 2 2 2 2 2 2
left_child=1 3 8 20 6 -6 -5 9 21 -4 12 -12 16 14 -14 -15 17 -2 -18 -10 -1 -3
right_child=10 2 7 4 5 -7 -8 -9 19 -11 11 -13 13 15 -16 -17 18 -19 -20 -21 -22 -23
leaf_value=0 -0.00015524876922327414 9.4581855127612649e-05 0 4.8552315247165224e-05 0 -7.7318440256648026e-05 -4.9789956361677133e-06 0 -4.5062274349041833e-05 0.0001392636785657212 0 -0.00011570275837351316 7.7264273337640321e-05 -9.7186020512040692e-06 0 1.7412533689881637e-05 3.4885928277337053e-06 0 -4.9869692897123704e-05 0 0.00012813314410395089 0
leaf_weight=20 40 30 22 152 67 136 448 28 87 69 21 42 184 1540 77 512 320 40 105 86 22 20
leaf_count=20 40 30 22 152 67 136 448 28 87 69 21 42 184 1540 77 512 320 40 105 86 22 20
internal_value=0 9.58931e-06 3.58154e-05 0 -5.07989e-06 -4.54622e-05 3.58893e-06 8.45235e-05 0 0.000110374 -2.98229e-06 -6.06004e-05 -6.27511e-07 2.35996e-06 4.40808e-05 -1.4866e-06 -2.02479e-05 -7.61874e-05 -2.64551e-06 -7.70845e-06 7.62628e-05 7.02605e-05
internal_weight=4068 1187 342 845 803 203 600 119 223 91 2881 63 2818 2313 261 2052 505 80 425 173 42 50
internal_count=4068 1187 342 845 803 203 600 119 223 91 2881 63 2818 2313 261 2052 505 80 425 173 42 50
is_linear=0
shrinkage=0.03


Tree=146
num_leaves=17
num_cat=0
split_feature=2 24 24 20 21 28 25 36 36 25 36 24 28 25 25 26
split_gain=0.000145446 0.000852356 0.000173526 0.000658584 0.00103859 0.000590549 0.0008958 0.000551774 0.000297331 0.000347999 0.000330195 0.000457525 0.000336702 0.00030339 0.000214766 4.09122e-06
threshold=39.125000000000007 -0.48433244708181977 -1.116399985287883 64.559594058990498 72.720833333333346 -45399650.999999993 0.5525337134197279 -0.015799949371816925 0.0075949460369887827 0.25822304497818366 0.0030241982045188715 0.067101442932084684 136401802.00000003 0.56639309739550114 -0.61595397546975494 1.1990609222242676
decision_type=2 2 2 2 2 2 2 2 2 2 2 2 2 2 2 2
left_child=1 -1 3 5 -5 15 -7 -6 10 14 11 -4 -12 -11 -10 -2
right_child=2 -3 8 4 7 6 -8 -9 9 13 12 -13 -14 -15 -16 -17
leaf_value=0 8.6597799273234296e-06 0.00021137094726884185 -1.8844313443967346e-05 -0.00015848971121251964 -8.0892548333436759e-05 0.00028589388004221684 0 2.8834757383034356e-05 0 3.3620354133296709e-05 4.0296902999133721e-05 7.5876283279610088e-06 0 -3.8364777001206303e-05 -4.1261288313234666e-05 0
leaf_weight=32 49 20 1045 35 37 25 23 369 37 158 353 1177 149 64 475 20
leaf_count=32 49 20 1045 35 37 25 23 369 37 158 353 1177 149 64 475 20
internal_value=0 5.01248e-05 0 1.47314e-05 0 7.80769e-05 0.000160905 1.14302e-05 -3.18399e-06 -2.0295e-05 3.25973e-07 -3.49345e-06 2.32041e-05 0 -3.46705e-05 0
internal_weight=4068 52 4016 558 441 117 48 406 3458 734 2724 2222 502 222 512 69
internal_count=4068 52 4016 558 441 117 48 406 3458 734 2724 2222 502 222 512 69
is_linear=0
shrinkage=0.03


Tree=147
num_leaves=21
num_cat=0
split_feature=27 27 29 30 32 30 34 27 36 31 32 29 22 29 31 31 30 36 27 28
split_gain=0.000145701 0.00167039 0.00235823 0.000320002 0.000413019 0.000330562 0.0004624 0.000309764 0.000549976 0.000355144 0.000296196 0.000252416 0.000231179 0.000135498 4.94181e-05 0.000199481 0.000264627 0.000217657 7.40099e-05 7.67172e-05
threshold=0.077361383547312548 0.064124271305811983 17.304458930590027 20.698144389042408 -0.017442526076148209 27.213126826962988 -1.0000000180025095e-35 0.21617374267985087 -0.0063999721619081148 -0.016319149157372034 0.0011270631087446639 20.704982449158923 48.807643701905484 20.704982449158923 -0.0047499725451990429 -0.019560817424331464 15.742185469612659 -0.024562752410397449 0.034328440149822878 117316055.50000001
decision_type=2 2 2 2 2 2 2 2 2 2 2 2 2 2 2 2 2 2 2 2
left_child=1 14 -3 4 -2 6 12 8 -7 -9 11 -6 -5 -12 15 17 -17 -1 19 -16
right_child=3 2 -4 5 10 7 -8 9 -10 -11 13 -13 -14 -15 18 16 -18 -19 -20 -21
leaf_value=0 2.4423022420933799e-05 0.00042160558589263505 0 3.332416230422458e-05 -9.3101236230697901e-05 -8.5221074913016656e-05 0.00014814671212355778 4.1241099035916228e-05 0 -1.2339520399598022e-06 1.8097311199159059e-05 0 -1.9879819739208148e-05 -3.5248318939664764e-05 -5.9010177203889202e-05 0 5.9712277561976834e-05 -5.3805961925445795e-05 0 0
leaf_weight=33 37 21 27 167 131 107 32 186 138 2574 57 24 71 83 51 90 110 77 30 22
leaf_count=33 37 21 27 167 131 107 32 186 138 2574 57 24 71 83 51 90 110 77 30 22
internal_value=0 1.64512e-05 0.000183981 -1.32563e-06 -2.97037e-05 6.3599e-07 3.29897e-05 -1.2737e-06 -3.39708e-05 5.4297e-07 -4.66645e-05 -7.6563e-05 4.85095e-06 0 0 2.65758e-06 2.77783e-05 -1.57522e-05 -2.02521e-05 -3.85963e-05
internal_weight=4068 461 48 3607 332 3275 270 3005 245 2760 295 155 238 140 413 310 200 110 103 73
internal_count=4068 461 48 3607 332 3275 270 3005 245 2760 295 155 238 140 413 310 200 110 103 73
is_linear=0
shrinkage=0.03


Tree=148
num_leaves=23
num_cat=0
split_feature=29 26 2 26 27 35 34 26 26 35 23 33 26 27 23 29 26 31 0 31 33 33
split_gain=0.000143737 0.000924682 0.00132118 0.000604144 0.000391302 0.000292302 0.00023761 0.000611383 0.000801498 0.000367106 0.000356269 0.000523395 0.000327598 0.000300918 0.000296134 0.000507147 0.000436225 0.000254493 0.000147702 0.000116834 2.04177e-05 1.47833e-06
threshold=16.215081427579982 1.8389930599856934 94.950302124023452 0.85710689516424898 0.010682696372390348 0.020304532896292891 -0.01227434942303973 2.4766923457888144 1.7358532265064766 0.020068025772746852 -0.55683953605268843 0.017123660241857745 1.1761562958242722 0.6369971143201244 0.3867785477447257 41.634816954420479 1.3481246776573741 -0.0058504052470870751 54.782201766967781 -0.0019811868487307201 -0.017789340579703768 -0.027930874963825566
decision_type=2 2 2 2 2 2 2 2 2 2 2 2 2 2 2 2 2 2 2 2 2 2
left_child=1 3 4 -1 -3 20 7 8 9 -2 11 12 -8 -10 15 -12 -16 -9 -13 -7 -5 -4
right_child=6 2 21 5 -6 19 10 17 13 -11 14 18 -14 -15 16 -17 -18 -19 -20 -21 -22 -23
leaf_value=0.00010866686713981829 -2.2810373759074021e-05 0 -7.9408382361873862e-06 9.3177527713866246e-06 0.00034394917136799734 -7.4509484821612003e-05 0 0.00015550106394317625 -8.8265771142655397e-05 2.2085019091172368e-05 1.9221510753903423e-05 0 6.1882580364981918e-05 0 3.3715373813235674e-05 -2.8907190730895209e-05 -3.7467105605604493e-06 0 -4.7786209187446736e-05 0 -7.1416779991811584e-06 0
leaf_weight=39 423 21 21 141 21 81 116 21 188 233 190 161 283 21 372 748 745 24 59 20 120 20
leaf_count=39 423 21 21 141 21 81 116 21 188 233 190 161 283 21 372 748 745 24 59 20 120 20
internal_value=0 1.59209e-05 0.000107197 0 0.000225668 -1.50501e-05 -1.36268e-06 -1.5105e-05 -2.34748e-05 -2.29089e-06 2.19254e-06 2.27439e-05 4.44708e-05 -7.55858e-05 -2.53888e-06 -1.59593e-05 6.04585e-06 7.89576e-05 -3.03303e-06 -5.84238e-05 0 0
internal_weight=4068 484 83 401 42 362 3584 910 865 656 2674 619 399 209 2055 938 1117 45 220 101 261 41
internal_count=4068 484 83 401 42 362 3584 910 865 656 2674 619 399 209 2055 938 1117 45 220 101 261 41
is_linear=0
shrinkage=0.03


Tree=149
num_leaves=22
num_cat=0
split_feature=30 30 5 36 24 30 30 5 27 31 20 0 21 28 0 36 0 36 36 36 24
split_gain=0.000145518 0.000395315 0.00028687 0.000301277 0.000303933 0.000265526 0.000361849 0.000316449 0.000276951 0.000272007 0.000236256 0.000201891 0.000239226 5.78615e-05 5.311e-05 0.000154553 0.00011176 5.39743e-05 5.17189e-05 4.12053e-05 4.04748e-05
threshold=82.93147080107785 78.54768442874105 3504982.0000000005 0.012844554875967666 -0.66241101841605154 72.384959407313318 65.458364796928322 3705154.5000000005 0.82109419059962352 0.010460038668449136 53.847500038146983 43.171386718750007 55.560833422342945 278803896.50000006 37.055780410766609 0.0051308505035383206 33.519186019897468 -0.0055605574641042843 -0.0053101980131355355 0.0074813337468389264 0.70002802189628544
decision_type=2 2 2 2 2 2 2 2 2 2 2 2 2 2 2 2 2 2 2 2 2
left_child=1 5 -3 4 -4 6 8 -8 -1 10 -7 14 -13 18 16 17 -2 -16 -14 -11 -18
right_child=11 2 3 -5 -6 9 7 -9 -10 19 -12 12 13 -15 15 -17 20 -19 -20 -21 -22
leaf_value=1.7606258244956678e-06 0 0 0 0 9.6056858755553257e-05 0 0 4.7759864646846602e-05 -3.4457395087166534e-05 0 -6.1450303630606744e-05 0 0 0 0 0 -6.971510959496317e-05 8.7613918106118057e-05 -7.6126201977914411e-05 2.7482536532302038e-05 0
leaf_weight=2617 20 24 32 24 128 73 74 278 203 20 178 38 35 30 26 36 29 30 104 49 20
leaf_count=2617 20 24 32 24 128 73 74 278 203 20 178 38 35 30 26 36 29 30 104 49 20
internal_value=0 2.5101e-06 4.26814e-05 5.88353e-05 7.53268e-05 0 2.74371e-06 3.15077e-05 0 -2.59222e-05 -4.27965e-05 -1.71013e-05 -3.73788e-05 -5.46294e-05 0 2.17025e-05 -7.99788e-06 5.70325e-05 -6.32645e-05 0 -4.62448e-05
internal_weight=4068 3700 208 184 160 3492 3172 352 2820 320 251 368 207 169 161 92 69 56 139 69 49
internal_count=4068 3700 208 184 160 3492 3172 352 2820 320 251 368 207 169 161 92 69 56 139 69 49
is_linear=0
shrinkage=0.03


Tree=150
num_leaves=23
num_cat=0
split_feature=27 27 5 27 32 4 36 22 36 32 3 25 2 24 32 28 22 24 32 23 23 19
split_gain=0.000139207 0.00118304 0.00216809 0.000275956 0.00048853 0.000332154 0.000369678 0.000231289 0.000535348 0.00037892 0.000318145 0.000307871 0.000675333 0.000167177 0.000261095 0.00055566 0.000167434 0.000151109 0.000131916 0.000121316 4.51436e-05 2.09581e-05
threshold=0.082373903979049853 0.064124271305811983 7175373.0000000009 0.21237490034511863 -0.00093763242611988307 78.988174438476577 0.0030241982045188715 47.361846596035846 -0.0075376789297906055 -0.0019636999309886045 59.824998855590827 -0.18001374847392454 70.374866485595717 0.33708722988471751 -0.028302076958081065 -12106420.999999998 38.502033685546813 -1.6323597074302227 0.0010172930147458461 -1.651250535413048 -0.59359779783003208 53.214999389648447
decision_type=2 2 2 2 2 2 2 2 2 2 2 2 2 2 2 2 2 2 2 2 2 2
left_child=1 13 -3 4 5 6 -2 11 10 -10 -9 12 -5 14 15 -1 -15 -13 -6 -7 -16 -20
right_child=3 2 -4 7 18 19 -8 8 9 -11 -12 17 -14 16 20 -17 -18 -19 21 -21 -22 -23
leaf_value=0 -9.1165482001460865e-05 0 0.00039493514902528317 0.00012582034262749553 6.7296936056573345e-05 4.2184507838851214e-05 0 0 -3.5029714842857054e-05 -8.9036532348896372e-07 4.4505393523129415e-05 3.8836644934973555e-05 0 0 1.5824765337969458e-05 -0.00010244422275203033 8.0299068183087714e-05 -5.4267769703589969e-07 1.1139847913476258e-05 -2.2729976831170001e-05 -6.6981866877457814e-06 -1.3145678985069094e-05
leaf_weight=37 158 44 20 68 28 29 36 128 456 1406 286 90 124 26 146 74 40 553 32 111 90 86
leaf_count=37 158 44 20 68 28 29 36 128 456 1406 286 90 124 26 146 74 40 553 32 111 90 86
internal_value=0 1.57965e-05 0.000135896 -1.31781e-06 -2.28742e-05 -4.51922e-05 -7.11024e-05 1.0445e-06 -2.83565e-06 -1.08635e-05 2.60197e-05 1.52123e-05 4.9478e-05 0 -1.10767e-05 -4.9984e-05 4.03975e-05 3.0948e-07 7.64401e-06 0 0 0
internal_weight=4068 477 64 3591 480 334 194 3111 2276 1862 414 835 192 413 347 111 66 643 146 140 236 118
internal_count=4068 477 64 3591 480 334 194 3111 2276 1862 414 835 192 413 347 111 66 643 146 140 236 118
is_linear=0
shrinkage=0.03


Tree=151
num_leaves=23
num_cat=0
split_feature=29 26 33 4 36 33 27 33 1 22 0 28 0 26 26 26 19 28 33 28 26 33
split_gain=0.000139191 0.000878746 0.00127912 0.000570784 0.000260311 0.000242803 0.000200876 0.000358962 0.00034531 0.000698691 0.000303061 0.000317795 0.000294084 0.000494491 0.000400995 0.000225497 0.000213208 0.000167179 0.000141364 0.000114357 6.79284e-05 3.97051e-05
threshold=16.215081427579982 1.8389930599856934 -0.020306377727887123 39.324998855590827 -0.0045550638734686696 -0.043653458474300293 0.19966914379790987 -0.03120483564664139 70.003318786621108 47.687979702436216 60.914653778076179 -40314767.999999993 60.539102554321296 1.7358532265064766 2.3626289673765735 1.4778463278475937 105.72769927978517 226387694.00000003 -0.017789340579703768 24845555.500000004 1.4223420693386934 -0.022958990809774923
decision_type=2 2 2 2 2 2 2 2 2 2 2 2 2 2 2 2 2 2 2 2 2 2
left_child=1 3 4 -1 17 19 12 8 9 -8 11 -9 13 15 -15 -2 -12 -3 -7 -5 -14 -22
right_child=6 2 -4 5 -6 18 7 10 -10 -11 16 -13 20 14 -16 -17 -18 -19 -20 -21 21 -23
leaf_value=0.0001353506381675393 -2.4399834959182633e-05 0.00013476626322006998 0.00032022443010972169 0 -2.9192285433822822e-05 1.4501188664791235e-05 0.00022010365215694829 -1.082571169448796e-05 0 0 -2.9380856422993537e-05 1.2054360089007635e-05 0 -0.00012296800426288379 0 2.5895643942358934e-05 0 0 -2.5226465505701771e-05 -0.00011557110970561453 0 5.227890268177784e-05
leaf_weight=25 258 20 20 23 23 187 26 705 30 22 496 1650 34 82 27 80 111 20 138 28 24 39
leaf_count=25 258 20 20 23 23 187 26 705 30 22 496 1650 34 82 27 80 111 20 138 28 24 39
internal_value=0 1.56815e-05 0.000104641 0 0 -1.19689e-05 -1.31811e-06 7.61643e-07 6.44915e-05 0.000114954 0 3.93091e-06 -1.8452e-05 -3.13683e-05 -8.98389e-05 -3.61833e-06 -1.97315e-05 7.31537e-05 0 -7.3012e-05 1.01449e-05 3.35744e-05
internal_weight=4068 484 83 401 63 376 3584 3040 78 48 2962 2355 544 447 109 338 607 40 325 51 97 63
internal_count=4068 484 83 401 63 376 3584 3040 78 48 2962 2355 544 447 109 338 607 40 325 51 97 63
is_linear=0
shrinkage=0.03


Tree=152
num_leaves=22
num_cat=0
split_feature=30 30 30 25 25 26 25 25 25 26 34 34 35 35 27 28 26 23 23 0 29
split_gain=0.000137448 0.000242737 0.000246584 0.00042464 0.000418078 0.000306195 0.000259409 0.000346421 0.000230688 0.000221144 0.000193202 0.000167109 0.000197912 0.000129501 0.0002225 0.000112638 8.67197e-05 5.5058e-05 4.24095e-05 2.6414e-05 1.85192e-05
threshold=84.583542286369564 78.54768442874105 72.384959407313318 0.25822304497818366 0.56639309739550114 1.4385110661063287 0.029045045984081478 0.54448447013519352 0.67882708138081183 1.5233768470682485 0.023636608310061428 0.032206330286483238 0.024239732128631543 0.012569374806543908 0.83248911452733987 77330795.500000015 1.9163568377155504 2.1633762473187059 1.4741212518668905 44.463163375854499 90.338268637688287
decision_type=2 2 2 2 2 2 2 2 2 2 2 2 2 2 2 2 2 2 2 2 2
left_child=1 2 3 5 -5 -1 19 -8 11 10 -3 13 20 -2 -15 -12 18 -10 -11 -4 -13
right_child=8 9 6 4 -6 -7 7 -9 17 16 15 12 -14 14 -16 -17 -18 -19 -20 -21 -22
leaf_value=-1.044346520742667e-05 0 0 0 4.771503106232538e-05 -1.0682469249690098e-05 9.3631410234343157e-06 -5.6759810428462589e-05 0 -9.4951549607347636e-05 -3.5118613805171137e-05 0.0001116732987000292 0 6.8328614919846149e-05 -0.00013044199963159131 0 0 3.7692975728947371e-05 0 0 2.8103177446428762e-05 -1.8239531771999274e-05
leaf_weight=1523 24 69 24 340 55 1254 231 35 40 56 57 70 43 26 29 34 33 22 23 30 50
leaf_count=1523 24 69 24 340 55 1254 231 35 40 56 57 70 43 26 29 34 33 22 23 30 50
internal_value=0 2.26676e-06 0 2.67178e-06 3.19901e-05 -4.19188e-07 -2.49512e-05 -4.0327e-05 -1.85252e-05 2.95628e-05 5.22351e-05 0 1.19021e-05 -4.01157e-05 -6.65244e-05 8.18767e-05 0 -7.08791e-05 -1.98032e-05 0 0
internal_weight=4068 3764 3492 3172 395 2777 320 266 304 272 160 242 163 79 55 91 112 62 79 54 120
internal_count=4068 3764 3492 3172 395 2777 320 266 304 272 160 242 163 79 55 91 112 62 79 54 120
is_linear=0
shrinkage=0.03


Tree=153
num_leaves=22
num_cat=0
split_feature=27 27 29 27 31 20 22 25 26 1 29 25 24 5 19 22 23 23 21 20 23
split_gain=0.000137953 0.0014915 0.00220006 0.000235417 0.000394789 0.000235979 0.0002148 0.000453891 0.000442521 0.00116996 0.000303847 0.000299051 0.000151679 0.000218296 0.000457806 0.000161102 0.000132997 0.00065372 0.000262733 0.000124669 9.15724e-05
threshold=0.077361383547312548 0.064124271305811983 17.304458930590027 0.21237490034511863 -0.011315819746647414 84.083012390136744 47.361846596035846 -0.32077013000268834 1.4933854486000782 69.020885467529311 23.067372830501025 0.79079279330984897 0.33708722988471751 9875650.5000000019 54.59500007629395 38.502033685546813 -0.44914191107013929 0.24273162166284482 68.606888866424569 90.046887969970712 -0.59359779783003208
decision_type=2 2 2 2 2 2 2 2 2 2 2 2 2 2 2 2 2 2 2 2 2
left_child=1 12 -3 4 5 -2 8 10 19 -10 -8 -9 13 20 -15 -14 18 -18 -6 -5 -1
right_child=3 2 -4 6 16 -7 7 11 9 -11 -12 -13 15 14 -16 -17 17 -19 -20 -21 -22
leaf_value=1.4519717240614577e-05 -9.763058734202747e-05 0.00040383103916308982 0 3.0869745042103277e-06 5.4530250941384718e-05 0 0 2.2127030696605189e-06 0.00015581542079209598 1.0609662170448593e-06 -8.5777670620336161e-05 -6.6750018003640336e-05 0 0 -0.00011958863362391167 7.8164776444593047e-05 -8.0570200382632765e-05 3.7921138240194667e-05 0 -3.768675389270385e-05 -2.0611608777252607e-05
leaf_weight=175 82 21 27 432 83 34 24 2099 67 260 95 58 26 20 45 40 100 33 164 76 107
leaf_count=175 82 21 27 432 83 34 24 2099 67 260 95 58 26 20 45 40 100 33 164 76 107
internal_value=0 1.60364e-05 0.000174278 -1.24367e-06 -2.08112e-05 -7.0079e-05 9.12352e-07 -2.79367e-06 1.46055e-05 4.19785e-05 -5.98252e-05 0 0 -1.0255e-05 -5.98217e-05 3.88972e-05 0 -2.86242e-05 6.56256e-06 0 0
internal_weight=4068 461 48 3607 496 116 3111 2276 835 327 119 2157 413 347 65 66 380 133 247 508 282
internal_count=4068 461 48 3607 496 116 3111 2276 835 327 119 2157 413 347 65 66 380 133 247 508 282
is_linear=0
shrinkage=0.03


Tree=154
num_leaves=25
num_cat=0
split_feature=36 35 5 35 23 25 5 5 36 26 36 35 34 28 5 33 34 31 19 26 26 19 35 33
split_gain=0.000135158 0.000401573 0.000332005 0.00146472 0.000348084 0.000549549 0.000328158 0.000284102 0.00039245 0.000270173 0.000235197 0.000453456 0.000240258 0.000233193 0.00023798 0.000140241 7.22232e-05 6.36872e-05 5.9984e-05 3.7426e-05 0.000156629 6.50038e-05 3.53822e-05 8.83245e-06
threshold=0.01004051031451089 0.029178886002983139 11355735.500000002 0.016555166805618367 0.44599963196271736 -0.44702631283342592 9793349.5000000019 6673794.0000000009 0.012844554875967666 1.944881791382733 0.0030241982045188715 0.018924629917364797 -0.034248688152016864 64973878.500000007 13815146.500000002 -0.030660739052989657 0.0069104148240528582 0.021781029435603342 42.150000000000006 1.574835848694806 1.1942803885704325 86.723896026611342 0.033668536643560114 0.015151488723782027
decision_type=2 2 2 2 2 2 2 2 2 2 2 2 2 2 2 2 2 2 2 2 2 2 2 2
left_child=2 7 6 -4 5 -5 10 8 23 -10 12 -12 -1 18 17 -8 -6 -15 -3 20 -9 -21 -20 -2
right_child=1 13 3 4 16 -7 15 19 9 -11 11 -13 -14 14 -16 -17 -18 -19 22 21 -22 -23 -24 -25
leaf_value=2.3260539740962239e-05 0 0 0.00026721981859028141 0 0.00010254601054445637 -0.00011468345819450611 0 0 -9.1951275348508006e-05 0 9.931879135058942e-07 6.6623230950937901e-05 -5.4504115039291683e-06 0 0 -7.1996992380550341e-05 0 0.00010103671261550828 0 -4.086196523945347e-05 5.1519258674720335e-05 0 -4.4116325625756965e-05 -1.4079580349996309e-05
leaf_weight=286 81 21 23 43 29 43 24 30 148 20 607 144 2118 22 22 77 31 52 20 44 60 39 44 40
leaf_count=286 81 21 23 43 29 43 24 30 148 20 607 144 2118 22 22 77 31 52 20 44 60 39 44 40
internal_value=0 -1.17777e-05 3.07729e-06 4.42587e-05 0 -2.89719e-05 1.71676e-08 -2.94264e-05 -4.7629e-05 -7.74764e-05 2.635e-06 1.75787e-05 -7.86022e-07 1.66963e-05 5.20503e-05 -5.20059e-05 6.33252e-05 8.00253e-05 0 0 1.43498e-05 -1.34935e-05 -2.90208e-05 0
internal_weight=4068 643 3425 169 146 86 3256 462 289 168 3155 751 2404 181 96 101 60 74 85 173 90 83 64 121
internal_count=4068 643 3425 169 146 86 3256 462 289 168 3155 751 2404 181 96 101 60 74 85 173 90 83 64 121
is_linear=0
shrinkage=0.03


Tree=155
num_leaves=14
num_cat=0
split_feature=26 3 26 20 30 25 0 5 24 33 26 24 24
split_gain=0.000135706 0.000722679 0.000324073 0.000364678 0.000190425 0.00029348 0.000342635 0.000289777 0.000178644 0.000225207 0.000105299 1.9277e-05 1.01698e-07
threshold=0.80565871991588955 38.875000000000007 0.83739655105497046 47.837500190734872 84.583542286369564 0.1626876533712785 46.264593124389656 12236002.000000002 0.51094231217891151 0.0064061444966407874 0.77097325669509498 1.507703201136475 -0.42526505299685602
decision_type=2 2 2 2 2 2 2 2 2 2 2 2 2
left_child=1 -1 3 -2 5 7 -7 -4 9 -6 12 -10 -3
right_child=2 10 4 -5 8 6 -8 -9 11 -11 -12 -13 -14
leaf_value=0.0001719946649605301 -9.6131482170863517e-05 0 0 0 0 3.5922948419908729e-05 0 -4.6039703532403481e-05 8.7181752130271114e-06 -6.5626033134076495e-05 2.7600425235982897e-05 -1.534069964391913e-05 -2.9197793037845684e-05
leaf_weight=26 67 20 2425 29 33 464 500 125 104 117 65 40 53
leaf_count=26 67 20 2425 29 33 464 500 125 104 117 65 40 53
internal_value=3.30069e-08 2.72309e-05 -3.41773e-07 -5.51111e-05 2.52584e-07 2.95899e-06 1.73594e-05 -1.30897e-06 -2.18848e-05 -4.48283e-05 0 0 -2.48599e-05
internal_weight=4068 164 3904 96 3808 3514 964 2550 294 150 138 144 73
internal_count=4068 164 3904 96 3808 3514 964 2550 294 150 138 144 73
is_linear=0
shrinkage=0.03


Tree=156
num_leaves=25
num_cat=0
split_feature=23 30 36 32 22 27 32 23 24 3 25 24 27 23 24 24 36 30 35 5 25 22 26 21
split_gain=0.000130241 0.000328211 0.000928449 0.000246578 0.000211014 0.000584 0.000783333 0.000384962 0.000277764 0.000357639 0.000260925 0.000252386 0.000236002 0.000233583 0.000249933 0.000201953 0.000197536 0.000133641 0.000381618 0.000119893 6.84578e-05 4.85452e-05 2.00916e-05 3.33115e-06
threshold=-1.6812169612592027 30.778091894559839 -0.012807865925370166 -0.015876225668148777 39.013856365285108 0.098402645434815431 -0.0079191039201895724 0.17288155413156406 -0.56933313067351343 65.916374206542983 -0.32077013000268834 0.40195272160182433 0.21237490034511863 -0.59359779783003208 -0.094323630820437446 -0.19592317446179372 -0.00076776098532811026 21.056457754565063 0.017996289407740999 5539719.5000000009 -0.68675223083028059 37.693796597368852 1.944881791382733 51.903750006357832
decision_type=2 2 2 2 2 2 2 2 2 2 2 2 2 2 2 2 2 2 2 2 2 2 2 2
left_child=1 2 -1 -3 8 6 7 -6 9 23 11 -7 -12 15 -15 -10 21 20 -19 -11 -4 -5 -18 -2
right_child=4 3 17 16 5 10 -8 -9 13 19 12 -13 -14 14 -16 -17 22 18 -20 -21 -22 -23 -24 -25
leaf_value=0.00022287145908179865 -5.7062130890197359e-06 -0.00010020799770512999 -4.8736133117592696e-05 0.0001024517867608234 -1.924211717069492e-05 0 0.00023147844477381264 0.00010425742647333682 5.8240099463240668e-05 0 -3.6293493708234288e-05 -5.0001402013173691e-05 4.596276885810388e-06 -5.9531195061286991e-05 0 0 -2.6840594869878773e-05 0 0.00014818834628075605 -9.959626059504084e-05 0 0 0 3.1007444309569904e-06
leaf_weight=25 76 22 26 21 52 89 23 30 96 70 124 181 2752 82 72 25 25 21 21 87 50 23 21 54
leaf_count=25 76 22 26 21 52 89 23 30 96 70 124 181 2752 82 72 25 25 21 21 87 50 23 21 54
internal_value=1.96907e-08 2.13026e-05 5.36022e-05 0 -6.17396e-07 1.48308e-06 7.11968e-05 0 -1.81032e-05 -3.88893e-05 0 -2.89024e-05 1.78902e-06 0 -2.06984e-05 3.45078e-05 0 0 5.33655e-05 -6.93737e-05 -2.23759e-06 6.34929e-05 0 0
internal_weight=4068 255 143 112 3813 3251 105 82 562 287 3146 270 2876 275 154 121 90 118 42 157 76 44 46 130
internal_count=4068 255 143 112 3813 3251 105 82 562 287 3146 270 2876 275 154 121 90 118 42 157 76 44 46 130
is_linear=0
shrinkage=0.03


Tree=157
num_leaves=26
num_cat=0
split_feature=0 5 1 0 31 36 36 31 36 23 22 5 25 26 36 25 31 26 29 25 32 27 25 31 5
split_gain=0.000128549 0.000351778 0.00147411 0.000438982 0.000320301 0.00046525 0.00029346 0.00124781 0.000427387 0.000245742 0.00054609 0.000581274 0.000683313 0.000514519 0.000417263 0.00036905 0.000366292 0.000336214 0.000241916 0.000155085 0.000143506 0.000270416 0.000139538 0.000102837 2.42419e-06
threshold=40.218473434448249 12488395.500000002 48.125000000000007 37.929924011230476 -0.0021739122079927338 0.0051308505035383206 0.0030241982045188715 0.0011723853561659283 -0.012195145117014068 1.0966490416070196 60.950121820170843 12488395.500000002 -0.44702631283342592 1.4385110661063287 -0.0058745172447966917 0.56639309739550114 0.017493991173208826 1.9691480812948425 67.159336287511181 0.049731722914824916 -0.015279363199811878 0.56781564515718552 0.11063772928422679 -0.0079721933743260292 7175373.0000000009
decision_type=2 2 2 2 2 2 2 2 2 2 2 2 2 2 2 2 2 2 2 2 2 2 2 2 2
left_child=1 3 -3 6 23 -6 8 -8 -1 10 11 13 -13 -2 20 19 17 -16 -18 -12 21 -11 -4 -5 -22
right_child=9 2 22 4 5 -7 7 -9 -10 14 15 12 -14 -15 16 -17 18 -19 -20 -21 24 -23 -24 -25 -26
leaf_value=1.3568994223598999e-05 -1.5993187682571532e-05 0.00028003897768660228 -6.3604452161199998e-05 1.9769937134474595e-05 0.00011693543557461624 0 0.00012963288382369605 -1.1328221058238924e-05 -3.9409921000081255e-05 0.00013736276310493252 0 0 -0.00017959559558493465 1.4079181103933035e-05 -6.9946768002487273e-05 0 -3.3441430076713704e-05 0 6.8771581196265644e-05 6.9479381549948053e-05 -5.7891414996745119e-06 0 3.2260806674694076e-05 -3.1085803034694491e-05 0
leaf_weight=102 1012 22 25 98 78 100 67 226 409 20 28 24 36 1030 254 28 25 53 40 194 65 27 23 56 26
leaf_count=102 1012 22 25 98 78 100 67 226 409 20 28 24 36 1030 254 28 25 53 40 194 65 27 23 56 26
internal_value=0 8.85982e-06 7.61429e-05 2.06691e-06 3.29671e-05 6.03753e-05 -6.96449e-06 1.0703e-05 -2.29646e-05 -2.71002e-06 1.5189e-07 -3.53456e-06 -9.56116e-05 0 -2.17871e-05 4.31318e-05 -4.05201e-05 -5.53431e-05 0 5.99196e-05 6.97985e-06 5.37121e-05 0 0 0
internal_weight=4068 1206 70 1136 332 178 804 293 511 2862 2352 2102 60 2042 510 250 372 307 65 222 138 47 48 154 91
internal_count=4068 1206 70 1136 332 178 804 293 511 2862 2352 2102 60 2042 510 250 372 307 65 222 138 47 48 154 91
is_linear=0
shrinkage=0.03


Tree=158
num_leaves=25
num_cat=0
split_feature=36 35 5 29 23 25 5 23 5 36 28 5 36 0 0 29 31 28 21 35 24 5 28 31
split_gain=0.000129053 0.000379629 0.000319273 0.00140043 0.000585145 0.00053705 0.000309111 0.000271177 0.000264671 0.000371787 0.000218678 0.00021991 0.000216276 0.0012312 0.00024183 0.000174626 5.69965e-05 5.61049e-05 5.27704e-05 7.16895e-05 1.75134e-05 1.65195e-05 9.39909e-05 1.7294e-06
threshold=0.01004051031451089 0.029178886002983139 11355735.500000002 12.544909524805542 0.88073262342400949 -0.44702631283342592 9793349.5000000019 1.6754214479809664 6673794.0000000009 0.012844554875967666 64973878.500000007 13815146.500000002 0.0030241982045188715 37.152999877929695 37.597881317138679 68.975436037002098 0.021781029435603342 -140470592.49999997 56.520833460489918 0.021906008988976638 -0.60930294306711519 10822690.500000002 160005232.50000003 0.010115868493341786
decision_type=2 2 2 2 2 2 2 2 2 2 2 2 2 2 2 2 2 2 2 2 2 2 2 2
left_child=2 8 6 -4 5 -5 12 -6 9 23 17 16 14 -14 -1 -11 -12 -3 -8 -20 -19 22 -10 -2
right_child=1 10 3 4 7 -7 18 -9 21 15 11 -13 13 -15 -16 -17 -18 20 19 -21 -22 -23 -24 -25
leaf_value=-2.1109466597317828e-05 -4.6788016727139151e-06 0 0.00027357190082697152 9.5311173560818776e-06 0.00016563920734127409 -9.020678117613857e-05 0 0 3.1030075219074939e-05 -9.5763240738550972e-05 0 0 9.482437586550132e-05 0 2.6486532697318373e-06 0 9.7160279580614043e-05 0 0 -0.00010406003915192694 -4.0150720816883965e-05 -1.7045599691170661e-05 0 0
leaf_weight=460 71 24 21 34 25 69 35 20 92 121 22 22 147 604 1944 47 52 20 32 34 41 37 44 50
leaf_count=460 71 24 21 34 25 69 35 20 92 121 22 22 147 604 1944 47 52 20 32 34 41 37 44 50
internal_value=0 -1.14778e-05 3.02904e-06 4.34177e-05 0 -2.82083e-05 1.00798e-08 9.92872e-05 -2.86984e-05 -4.62644e-05 1.59036e-05 5.02454e-05 2.57757e-06 1.69028e-05 -6.5023e-07 -7.531e-05 7.71046e-05 0 -5.04419e-05 -6.78981e-05 -2.87476e-05 0 5.48062e-06 0
internal_weight=4068 643 3425 169 148 103 3256 45 462 289 181 96 3155 751 2404 168 74 85 101 66 61 173 136 121
internal_count=4068 643 3425 169 148 103 3256 45 462 289 181 96 3155 751 2404 168 74 85 101 66 61 173 136 121
is_linear=0
shrinkage=0.03


Tree=159
num_leaves=22
num_cat=0
split_feature=30 30 5 36 23 30 25 25 25 25 35 0 20 0 0 0 36 35 35 36 0
split_gain=0.000128321 0.000346478 0.000269587 0.000287657 0.000247025 0.000228445 0.000373305 0.000393248 0.000249752 0.000329397 0.00024375 0.000187468 0.000124619 5.63839e-05 5.31683e-05 4.71386e-05 0.000145483 0.000122974 0.000120759 4.86909e-05 2.52222e-05
threshold=82.93147080107785 78.54768442874105 3504982.0000000005 0.012844554875967666 0.70200213851161675 72.384959407313318 0.25822304497818366 0.56639309739550114 0.029045045984081478 0.54448447013519352 0.036302461360227613 43.171386718750007 55.088750076293955 49.906438827514656 57.532184600830085 37.055780410766609 0.0051308505035383206 0.016555166805618367 0.02343850540334674 -0.0055605574641042843 44.463163375854499
decision_type=2 2 2 2 2 2 2 2 2 2 2 2 2 2 2 2 2 2 2 2 2
left_child=1 5 -3 4 -4 6 10 -8 20 -10 -1 15 -13 -14 -15 17 19 -2 -19 -17 -7
right_child=11 2 3 -5 -6 8 7 -9 9 -11 -12 12 13 14 -16 16 -18 18 -20 -21 -22
leaf_value=-3.1989971782302806e-06 0 0 0 0 0.000115573022080563 0 4.5500255253287251e-05 -1.0928980808440143e-05 -5.526638924395854e-05 0 4.0188301591436031e-05 0 -0.00010329893809389513 0 -2.4848261794517806e-05 0 0 -0.00010510217612122754 0 8.4418270646430455e-05 2.7461821887103765e-05
leaf_weight=2658 29 24 81 24 79 24 340 55 231 35 119 30 39 46 92 26 36 20 20 30 30
leaf_count=2658 29 24 81 24 79 24 340 55 231 35 119 30 39 46 92 26 36 20 20 30 30
internal_value=0 2.37528e-06 3.99847e-05 5.59028e-05 7.21849e-05 0 2.57105e-06 3.00492e-05 -2.40165e-05 -3.92244e-05 -2.58121e-07 -1.60322e-05 -3.56586e-05 -4.60459e-05 -8.07924e-06 0 2.07748e-05 -6.22182e-06 -5.31668e-05 5.51589e-05 0
internal_weight=4068 3700 208 184 160 3492 3172 395 320 266 2777 368 207 177 138 161 92 69 40 56 54
internal_count=4068 3700 208 184 160 3492 3172 395 320 266 2777 368 207 177 138 161 92 69 40 56 54
is_linear=0
shrinkage=0.03


Tree=160
num_leaves=14
num_cat=0
split_feature=26 0 4 26 20 13 32 30 31 32 20 26 31
split_gain=0.00013172 0.00069209 0.00146296 0.000299432 0.000343456 0.0002261 0.000267296 0.000285002 0.000163488 0.00055325 0.000453009 7.42949e-05 7.16463e-06
threshold=0.80565871991588955 35.744647979736335 39.524999618530281 0.83739655105497046 47.837500190734872 90.000000000000014 0.0010172930147458461 33.610400297318641 0.0044593482766626122 -0.006010850313386106 67.330913066864028 0.77764821160098319 -0.0048309269996139039
decision_type=2 2 2 2 2 2 2 2 2 2 2 2 2
left_child=1 2 -1 4 -2 8 7 -7 10 -10 -5 12 -3
right_child=3 11 -4 5 -6 6 -8 -9 9 -11 -12 -13 -14
leaf_value=0.00031226531428646875 -9.2905960231394837e-05 0 0 2.1233674369811758e-05 0 0 0 0.0001028930009727112 -8.0342025490785749e-05 -1.42033487381849e-06 -4.9686019003717711e-06 0 -3.9040876382196087e-05
leaf_weight=21 67 21 46 869 29 41 29 66 96 1120 1587 28 48
leaf_count=21 67 21 46 869 29 41 29 66 96 1120 1587 28 48
internal_value=0 2.68047e-05 0.000105072 -4.05961e-07 -5.30117e-05 1.33796e-07 3.8595e-05 6.43358e-05 -4.74733e-07 -1.0124e-05 3.08152e-06 0 -3.11072e-05
internal_weight=4068 164 67 3904 96 3808 136 107 3672 1216 2456 97 69
internal_count=4068 164 67 3904 96 3808 136 107 3672 1216 2456 97 69
is_linear=0
shrinkage=0.03


Tree=161
num_leaves=15
num_cat=0
split_feature=26 0 4 26 20 13 36 35 29 34 1 26 31 34
split_gain=0.000123535 0.000655033 0.00137378 0.000277731 0.000327075 0.000209061 0.000470466 0.000195093 0.000174959 0.000399847 0.00020831 7.04594e-05 6.19567e-06 7.42758e-08
threshold=0.80565871991588955 35.744647979736335 39.524999618530281 0.83739655105497046 47.837500190734872 90.000000000000014 0.0011901275110173663 0.019315552673959537 92.345447046404757 0.0625000286560803 73.986663818359389 0.77764821160098319 -0.0048309269996139039 0.0010037503793971505
decision_type=2 2 2 2 2 2 2 2 2 2 2 2 2 2
left_child=1 2 -1 4 7 8 13 -2 9 -5 -10 12 -3 -7
right_child=3 11 -4 5 -6 6 -8 -9 10 -11 -12 -13 -14 -15
leaf_value=0.00030294176863927954 -0.00014128214398375128 0 0 -1.1396119122904841e-06 0 -1.1668208427679768e-06 0.00010528064418470861 0 -8.9573223804763301e-05 5.9580621041363798e-05 0 0 -3.7872088100594656e-05 0
leaf_weight=21 36 21 46 3482 29 49 55 31 43 100 47 28 48 32
leaf_count=21 36 21 46 3482 29 49 55 31 43 100 47 28 48 32
internal_value=0 2.59485e-05 0.00010214 -4.2002e-07 -5.10685e-05 7.03454e-08 3.70981e-05 -9.01229e-05 -4.85054e-07 0 -4.19195e-05 0 -3.02937e-05 0
internal_weight=4068 164 67 3904 96 3808 136 67 3672 3582 90 97 69 81
internal_count=4068 164 67 3904 96 3808 136 67 3672 3582 90 97 69 81
is_linear=0
shrinkage=0.03


Tree=162
num_leaves=18
num_cat=0
split_feature=25 32 34 19 26 36 34 33 30 25 30 5 36 29 24 21 25
split_gain=0.000124055 0.000576997 0.000452399 0.000316155 0.000793282 0.000270502 0.000334274 0.000244738 0.000188006 0.00061409 0.000275304 0.000160722 0.000133779 0.000113671 0.000107411 3.21307e-05 7.2307e-06
threshold=0.56639309739550114 0.038693587605730946 0.027164179848933049 69.581051635742199 1.2833335066642875 0.013633901975786593 0.020570754980597909 -1.0000000180025095e-35 72.384959407313318 0.25822304497818366 78.54768442874105 6005156.5000000009 0.00098912333038867774 82.764603642720019 -0.27608251604664419 84.396297073364266 0.1626876533712785
decision_type=2 2 2 2 2 2 2 2 2 2 2 2 2 2 2 2 2
left_child=1 5 7 4 -3 8 11 -2 9 -1 -10 -7 14 -14 -4 -16 -8
right_child=2 3 12 -5 -6 6 16 -9 10 -11 -12 -13 13 -15 15 -17 -18
leaf_value=3.1688310600104382e-07 0 0 -5.2151500742308366e-05 0 0.00020599156855463649 -8.3090290342384228e-05 0 8.6370621745739557e-05 -3.5195536921851832e-05 4.757949789605447e-05 0 0 0 -0.00010241942633959252 3.4643002402870363e-05 0 1.0867647262765075e-05
leaf_weight=2496 23 27 35 47 36 97 57 34 260 294 365 97 32 66 25 22 55
leaf_count=2496 23 27 35 47 36 97 57 34 260 294 365 97 32 66 25 22 55
internal_value=0 1.91319e-06 -2.02917e-05 6.95986e-05 0.000113848 0 -2.71048e-05 2.4444e-05 2.33187e-06 6.374e-06 -1.09111e-05 -5.20437e-05 -5.11211e-05 -7.76219e-05 0 5.05979e-06 0
internal_weight=4068 3831 237 110 63 3721 306 57 3415 2790 625 194 180 98 82 47 112
internal_count=4068 3831 237 110 63 3721 306 57 3415 2790 625 194 180 98 82 47 112
is_linear=0
shrinkage=0.03


Tree=163
num_leaves=24
num_cat=0
split_feature=31 20 26 20 31 23 28 36 31 20 24 26 25 27 26 33 26 28 22 25 31 29 20
split_gain=0.000122906 0.000452621 0.00111203 0.000493335 0.00053774 0.000661424 0.000489234 0.000642733 0.00044784 0.000403179 0.000319996 0.000319681 0.000301961 0.000277061 0.000250547 0.000640477 0.000423985 0.000674498 0.000369634 0.000273924 0.000222281 0.000117529 3.65424e-05
threshold=0.0044593482766626122 67.330913066864028 1.9163568377155504 76.403366279602054 -0.0027808710242119279 -0.64268297589055468 -36817415.999999993 -0.0046775706764952745 0.0059627232154412244 95.088578414916995 0.99536473198514142 0.80565871991588955 0.37095719587326542 0.63389702715393947 1.5998517015363538 0.0013808968227488896 1.4344426664235785 106738087.50000001 47.361846596035846 0.36556379617442508 -0.0071635238425000738 16.461413025919544 72.163300514221206
decision_type=2 2 2 2 2 2 2 2 2 2 2 2 2 2 2 2 2 2 2 2 2 2 2
left_child=1 2 6 4 5 -3 11 -8 9 10 -2 -1 13 -5 16 21 19 -18 -17 -10 -14 -16 -6
right_child=8 3 -4 12 22 -7 7 -9 14 -11 -12 -13 20 -15 15 18 17 -19 -20 -21 -22 -23 -24
leaf_value=3.9668129572876016e-05 -9.6320822982499057e-05 -0.00014162822581459823 0.00018990247581319216 0 2.3589907613299845e-05 -1.4056878060288927e-06 0 7.7092658922502227e-05 -1.1397062649136258e-05 0 0 -1.4205423456243546e-05 0 3.6052764856529023e-05 0 6.4118829223751809e-05 0.00011549272339746151 0 -1.3388734391068097e-05 5.1425510431827193e-05 -5.5960487563324173e-05 -9.3798868363362172e-05 0
leaf_weight=114 120 77 36 871 59 132 180 193 491 32 24 536 56 271 21 70 80 132 248 69 119 94 43
leaf_count=114 120 77 36 871 59 132 180 193 491 32 24 536 56 271 21 70 80 132 248 69 119 94 43
internal_value=0 4.32556e-06 2.0148e-05 -4.1248e-06 -3.87663e-05 -6.74569e-05 1.1224e-05 3.90585e-05 -6.60976e-06 -5.12975e-05 -7.57226e-05 -1.37508e-07 1.78013e-06 9.49754e-06 0 -1.8342e-05 1.01654e-05 4.66396e-05 0 0 -3.14251e-05 -7.92086e-05 0
internal_weight=4068 2687 1059 1628 311 209 1023 373 1381 176 144 650 1317 1142 1205 433 772 212 318 560 175 115 102
internal_count=4068 2687 1059 1628 311 209 1023 373 1381 176 144 650 1317 1142 1205 433 772 212 318 560 175 115 102
is_linear=0
shrinkage=0.03


Tree=164
num_leaves=28
num_cat=0
split_feature=33 35 5 27 22 33 33 36 30 26 22 36 34 5 26 24 7 28 35 34 30 5 36 28 28 26 21
split_gain=0.000119639 0.000573069 0.00172734 0.000328676 0.000539287 0.000495635 0.000339344 0.00026049 0.000453355 0.000249731 0.000656339 0.000386906 0.000314201 0.000710557 0.000338384 0.000408647 0.00033155 0.000220431 0.000203908 0.000202313 0.000152437 0.000123937 0.000226948 0.000112048 6.63377e-05 4.63669e-05 1.40179e-05
threshold=-0.017218710139040912 0.019709363456406497 10572990.000000002 0.23650248130680659 31.977117536435404 -0.033453947701974011 -0.020582212098507576 -0.0084820202021751497 31.769110342615438 1.8877429900758094 49.290521607512517 -0.013601337235785082 -0.0035289145418297414 5496384.0000000009 1.6270723757304919 0.51094231217891151 1.0000000180025095e-35 163582239.50000003 0.013748132044839457 -0.0094060834180535995 37.39568006187379 6349678.5000000009 0.0052489241846539157 -12106420.999999998 14100672.000000002 1.9820779751628927 55.004583326975514
decision_type=2 2 2 2 2 2 2 2 2 2 2 2 2 2 2 2 2 2 2 2 2 2 2 2 2 2 2
left_child=1 2 7 4 23 26 -6 8 -1 12 11 -11 13 19 15 -14 -15 -16 -13 -2 -9 25 -23 -3 -7 -12 -5
right_child=9 3 -4 5 6 24 -8 20 -10 10 21 18 14 16 17 -17 -18 -19 -20 -21 -22 22 -24 -25 -26 -27 -28
leaf_value=0.00013957390376162946 1.0838729442247057e-05 5.0784878416672876e-05 0.00030972455659113222 0 -8.6421561080582242e-05 0 0 -1.1919478456700165e-05 0 0 0 0 -6.2800294925039412e-07 -6.4611863506121501e-05 -4.973100736662302e-05 3.072292791552079e-05 0 0 0.00010586020793573903 -2.6094402012177058e-05 2.8094332754929245e-05 -7.95484715455747e-05 0 0 -2.9183838415440716e-05 2.0947626913818368e-05 0.00013934949939361813
leaf_weight=38 419 39 21 22 147 24 25 215 48 31 42 23 1043 317 172 471 21 155 112 195 135 50 55 58 70 95 25
leaf_count=38 419 39 21 22 147 24 25 215 48 31 42 23 1043 317 172 471 21 155 112 195 135 50 55 58 70 95 25
internal_value=0 1.04275e-05 3.529e-05 -9.97174e-06 -3.38245e-05 1.42647e-05 -6.78907e-05 1.51247e-05 6.23021e-05 -2.04547e-06 1.81901e-05 6.60443e-05 -6.0761e-06 -2.01324e-05 0 7.14517e-06 -5.50712e-05 -2.63577e-05 8.91077e-05 0 0 -2.2576e-06 -3.27574e-05 0 0 0 0.000100401
internal_weight=4068 867 457 410 269 141 172 436 86 3201 408 166 2793 952 1841 1514 338 327 135 614 350 242 105 97 94 137 47
internal_count=4068 867 457 410 269 141 172 436 86 3201 408 166 2793 952 1841 1514 338 327 135 614 350 242 105 97 94 137 47
is_linear=0
shrinkage=0.03


Tree=165
num_leaves=21
num_cat=0
split_feature=27 27 5 30 32 5 30 34 24 35 27 24 25 24 27 19 35 1 22 0
split_gain=0.000119685 0.00102199 0.00200515 0.000252811 0.000371086 0.000424539 0.000263543 0.000466183 0.000269075 0.000216222 0.000212933 0.000495746 0.000240079 0.000136089 0.000348867 0.000463224 7.91513e-05 5.468e-05 4.9578e-05 2.09537e-05
threshold=0.082373903979049853 0.064124271305811983 7175373.0000000009 20.698144389042408 -0.017442526076148209 4120147.5000000005 27.213126826962988 -1.0000000180025095e-35 -1.0882019816838546 0.010805468089552583 0.21617374267985087 -0.22930549085690125 -0.30587861701113417 -0.094323630820437446 -0.026184779689425983 53.565000534057624 0.016458895742623991 85.230133056640639 31.977117536435404 48.785757064819343
decision_type=2 2 2 2 2 2 2 2 2 2 2 2 2 2 2 2 2 2 2 2
left_child=1 13 -3 4 -2 19 7 8 -5 -7 11 -8 -12 14 15 -1 -15 -18 -16 -6
right_child=3 2 -4 6 5 9 10 -9 -10 -11 12 -13 -14 16 18 -17 17 -19 -20 -21
leaf_value=0 2.3080123838845563e-05 0 0.00037500780774280429 7.3347956288786359e-05 0 0 0 0.00014255753231031391 0 -8.1506895302686929e-05 -3.568369129085662e-05 -8.3961928004279342e-05 3.244956738679294e-06 0 2.3750766229869648e-05 -9.3989550725921258e-05 5.6205051295166155e-05 0 0 2.116463983389565e-05
leaf_weight=37 37 44 20 45 48 29 147 32 191 169 148 91 2612 39 79 89 59 29 81 42
leaf_count=37 37 44 20 45 48 29 147 32 191 169 148 91 2612 39 79 89 59 29 81 42
internal_value=0 1.46402e-05 0.000126272 -1.23268e-06 -2.67422e-05 -4.35619e-05 3.87992e-07 2.94965e-05 1.40588e-06 -6.84727e-05 -1.21437e-06 -2.86947e-05 6.93442e-08 0 -1.40194e-05 -5.41835e-05 2.28306e-05 3.95039e-05 0 0
internal_weight=4068 477 64 3591 325 288 3266 268 236 198 2998 238 2760 413 286 126 127 88 160 90
internal_count=4068 477 64 3591 325 288 3266 268 236 198 2998 238 2760 413 286 126 127 88 160 90
is_linear=0
shrinkage=0.03


Tree=166
num_leaves=23
num_cat=0
split_feature=30 30 5 36 21 30 25 25 27 25 25 0 21 28 36 0 36 35 23 36 0 36
split_gain=0.000120132 0.000314929 0.000257452 0.000274695 0.000276641 0.000201728 0.000315901 0.000359646 0.000268135 0.000234106 0.000309018 0.000176608 0.000209226 7.15865e-05 0.00024824 4.29833e-05 0.000137546 0.000116632 0.00011502 4.48671e-05 2.47753e-05 1.99364e-05
threshold=82.93147080107785 78.54768442874105 3504982.0000000005 0.012844554875967666 44.058749898274748 72.384959407313318 0.25822304497818366 0.56639309739550114 0.81499492377507476 0.029045045984081478 0.54448447013519352 43.171386718750007 55.560833422342945 156957818.00000003 -0.0053101980131355355 37.055780410766609 0.0051308505035383206 0.016555166805618367 0.3867785477447257 -0.0055605574641042843 44.463163375854499 0.0055157949092549076
decision_type=2 2 2 2 2 2 2 2 2 2 2 2 2 2 2 2 2 2 2 2 2 2
left_child=1 5 -3 4 -4 6 8 -8 -1 20 -11 15 -13 14 -14 17 19 -2 -19 -17 -7 -15
right_child=11 2 3 -5 -6 9 7 -9 -10 10 -12 12 13 21 -16 16 -18 18 -20 -21 -22 -23
leaf_value=1.156950168980225e-06 0 0 0 0 8.6070157334862621e-05 0 4.2711222902065598e-05 -1.0622603668078705e-05 -3.7955499157159086e-05 -5.3103286620205912e-05 0 0 0 -1.7424134416730247e-05 -0.0001088622011455407 0 0 -0.00010238349557604027 0 8.1645759329991864e-05 2.7217431156064509e-05 0
leaf_weight=2612 29 24 21 24 139 24 340 55 165 231 35 38 20 59 61 26 36 20 20 30 30 29
leaf_count=2612 29 24 21 24 139 24 340 55 165 231 35 38 20 59 61 26 36 20 20 30 30 29
internal_value=0 2.27306e-06 3.81299e-05 5.38703e-05 6.98658e-05 0 2.42628e-06 2.76912e-05 -8.79995e-08 -2.25576e-05 -3.74686e-05 -1.55494e-05 -3.46011e-05 -5.07921e-05 -7.85723e-05 0 1.99009e-05 -5.65443e-06 -5.16988e-05 5.34492e-05 0 0
internal_weight=4068 3700 208 184 160 3492 3172 395 2777 320 266 368 207 169 81 161 92 69 40 56 54 88
internal_count=4068 3700 208 184 160 3492 3172 395 2777 320 266 368 207 169 81 161 92 69 40 56 54 88
is_linear=0
shrinkage=0.03


Tree=167
num_leaves=28
num_cat=0
split_feature=0 0 5 22 31 20 2 1 23 23 22 5 26 27 31 26 29 26 31 23 26 29 27 31 29 22 20
split_gain=0.00011882 0.00032437 0.000525671 0.000687124 0.000414157 0.000424039 0.000250239 0.000885237 0.000440409 0.000227383 0.000489447 0.000519877 0.000490954 0.000421661 0.000461908 0.000332462 0.000330997 0.000260301 0.000228383 0.000190352 0.000151301 0.000145105 0.000108606 9.29339e-05 0.000246036 0.000223053 1.9509e-05
threshold=40.115802764892585 37.929924011230476 12488395.500000002 37.153168607523234 -0.0021739122079927338 51.576250171661378 63.19054031372071 48.324998855590827 0.44599963196271736 1.0966490416070196 60.950121820170843 12488395.500000002 1.4385110661063287 0.75549898208378907 0.017493991173208826 1.4820128835556585 90.739803365992586 1.6159908277791373 0.0022077122724850633 1.3898965534045546 1.6837471292652395 74.153966038313342 0.66798793011395541 -0.0079721933743260292 29.496977616163228 43.444598954955119 48.81000022888184
decision_type=2 2 2 2 2 2 2 2 2 2 2 2 2 2 2 2 2 2 2 2 2 2 2 2 2 2 2
left_child=1 2 6 -4 23 26 7 -1 -8 10 11 12 -2 18 15 -15 17 -12 19 -11 -13 -16 -20 25 -25 -3 -6
right_child=9 4 3 -5 5 -7 8 -9 -10 13 16 20 -14 14 21 -17 -18 -19 22 -21 -22 -23 -24 24 -26 -27 -28
leaf_value=-1.0843351577669256e-05 -1.5547258615691422e-05 0 0 0.00022904228436440894 1.6681093430344348e-05 0.00011608196811656542 -5.636824030840148e-05 9.3829705995734908e-05 0 0 7.1606786543412085e-05 -0.00016852208624416917 1.3734358589233771e-05 0 0 -8.7293947630128521e-05 0 0 -8.2017292008529605e-05 5.8872670865980215e-05 0 6.0997037923472928e-05 0 0 -8.9778315104767034e-05 6.2480688520385872e-05 0
leaf_weight=409 1017 48 21 20 63 84 207 85 103 58 185 22 1039 82 22 173 31 34 23 92 40 35 28 20 35 57 35
leaf_count=409 1017 48 21 20 63 84 207 85 103 58 185 22 1039 82 22 173 31 34 23 92 40 35 28 20 35 57 35
internal_value=0 8.55788e-06 0 0.000103001 3.3279e-05 6.42455e-05 -6.78901e-06 1.11089e-06 -2.90485e-05 -2.6346e-06 6.1378e-08 -3.33611e-06 0 -2.09236e-05 -4.39965e-05 -6.32284e-05 4.08299e-05 5.71191e-05 0 3.13902e-05 -8.8961e-05 0 -3.35867e-05 0 -3.34032e-05 1.4521e-05 0
internal_weight=4068 1187 845 41 342 182 804 494 310 2881 2368 2118 2056 513 312 255 250 219 201 150 62 57 51 160 55 105 98
internal_count=4068 1187 845 41 342 182 804 494 310 2881 2368 2118 2056 513 312 255 250 219 201 150 62 57 51 160 55 105 98
is_linear=0
shrinkage=0.03


Tree=168
num_leaves=23
num_cat=0
split_feature=36 5 32 27 24 0 5 32 25 29 32 0 36 0 32 33 25 29 0 20 24 26
split_gain=0.000119263 0.000288544 0.00143607 0.00386228 0.000606463 0.000838834 0.000305636 0.000232578 0.000547201 0.000290877 0.00030556 0.000212032 0.000737145 0.000304919 0.00014183 0.000128954 0.000104345 8.77474e-05 0.000117732 0.00010006 6.20249e-05 5.79091e-05
threshold=0.01004051031451089 11355735.500000002 -0.008888193919753538 0.37187883678103034 0.77306756221465567 38.065500259399421 9793349.5000000019 0.038693587605730946 0.50414623349733534 68.402540819066033 0.015953856485475985 40.218473434448249 0.0030241982045188715 41.100719451904304 -0.0037878777518544067 -0.030660739052989657 0.040251666572734608 79.608536548329738 58.737243652343757 85.986191749572768 -0.95478061988226171 1.4895399899934352
decision_type=2 2 2 2 2 2 2 2 2 2 2 2 2 2 2 2 2 2 2 2 2 2
left_child=1 6 4 -4 5 -3 11 9 16 10 14 12 -1 -13 -2 -8 -9 18 -11 -19 -12 -5
right_child=7 2 3 21 -6 -7 15 8 -10 17 20 13 -14 -15 -16 -17 -18 19 -20 -21 -22 -23
leaf_value=0 -4.1299400709512242e-05 0 0.00050106313868439692 4.4074968234969819e-05 5.0605741667132996e-05 -0.000177343365798049 0 0 -2.9246960048018898e-05 5.4613758693449191e-05 0 -4.2883789068315451e-05 6.1337478714333296e-05 2.9171609945826415e-07 0 -6.9489394769150446e-05 0.00012171333198908232 -3.2416011526368797e-05 0 0 -9.3925036549927723e-05 -1.0563583810197993e-05
leaf_weight=663 76 24 20 25 31 39 24 22 29 60 26 151 231 2110 155 77 40 91 21 27 96 30
leaf_count=663 76 24 20 25 31 39 24 22 29 60 26 151 231 2110 155 77 40 91 21 27 96 30
internal_value=0 2.79663e-06 4.11599e-05 0.000144603 -9.55958e-06 -8.67416e-05 0 -1.11916e-05 1.89015e-05 -2.15889e-05 -3.83426e-05 2.44315e-06 1.51801e-05 -1.26672e-06 -3.05157e-06 -5.0344e-05 8.97425e-05 0 3.00634e-05 -6.93127e-06 -8.05369e-05 0
internal_weight=4068 3425 169 75 94 63 3256 643 91 552 353 3155 894 2261 231 101 62 199 81 118 122 55
internal_count=4068 3425 169 75 94 63 3256 643 91 552 353 3155 894 2261 231 101 62 199 81 118 122 55
is_linear=0
shrinkage=0.03


Tree=169
num_leaves=26
num_cat=0
split_feature=31 31 21 5 27 21 33 3 36 32 36 0 2 0 23 26 33 26 0 34 25 5 5 32 25
split_gain=0.000121243 0.000410012 0.000366707 0.000865608 0.0011311 0.000675201 0.000614574 0.000475221 0.000516273 0.00069992 0.000406195 0.000458037 0.000330995 0.000282948 0.000258472 0.000236499 0.000593489 0.000391065 0.000677873 0.000319727 0.000242721 0.000216416 0.000187986 0.000152781 6.77684e-05
threshold=0.0044593482766626122 0.0059627232154412244 69.402960205078145 13387555.500000002 0.48712725079616687 42.430833244323736 -0.00063815346968215658 77.368232727050795 0.0017099020141778654 -0.0092987301281899342 -0.0051948318361042713 54.097967147827156 96.375000000000014 67.575000762939467 1.0833604736754057 1.5998517015363538 0.0013808968227488896 1.4344426664235785 46.264593124389656 0.013961200265326991 0.36556379617442508 4429444.5000000009 8547416.5000000019 0.012344448602734317 0.28069862485248709
decision_type=2 2 2 2 2 2 2 2 2 2 2 2 2 2 2 2 2 2 2 2 2 2 2 2 2
left_child=2 12 3 5 -5 22 -7 8 13 -10 11 -9 23 -4 -12 17 21 20 -19 -18 -3 -17 -1 24 -2
right_child=1 15 7 4 -6 6 -8 10 9 -11 14 -13 -14 -15 -16 16 19 18 -20 -21 -22 -23 -24 -25 -26
leaf_value=-4.6542627584653543e-06 -0.0001013513223787051 -1.0954429853904396e-05 -6.9354742223369314e-05 0.00031204281886818843 0 0 5.481416277495412e-05 5.7611354840351378e-05 0.00015084311820788313 -1.7872253259150367e-05 0 0 0 0 -4.4217404410192658e-05 0 4.4223891013829741e-05 0.00010262779570458777 0 -1.8655722972018136e-05 4.8046766173137643e-05 -9.7223799071822275e-05 -0.00012591159460038193 0 0
leaf_weight=199 90 491 240 21 20 498 348 219 27 45 549 325 33 22 150 23 110 98 114 208 69 92 24 32 21
leaf_count=199 90 491 240 21 20 498 348 219 27 45 549 325 33 22 150 23 110 98 114 208 69 92 24 32 21
internal_value=0 -6.59752e-06 4.27041e-06 1.80029e-05 0.000158807 9.7821e-06 2.41333e-05 -3.49377e-06 -3.61539e-05 3.9086e-06 2.87104e-06 2.40602e-05 -4.93643e-05 -5.86067e-05 -9.32935e-06 0 -1.80853e-05 9.60233e-06 4.4666e-05 0 0 -7.6625e-05 -3.12019e-05 -7.12777e-05 -8.82128e-05
internal_weight=4068 1381 2687 1110 41 1069 846 1577 334 72 1243 544 176 262 699 1205 433 772 212 318 560 115 223 143 111
internal_count=4068 1381 2687 1110 41 1069 846 1577 334 72 1243 544 176 262 699 1205 433 772 212 318 560 115 223 143 111
is_linear=0
shrinkage=0.03


Tree=170
num_leaves=28
num_cat=0
split_feature=33 35 5 32 35 5 26 22 32 25 34 26 2 32 25 26 21 31 29 21 26 26 5 27 29 26 35
split_gain=0.000122879 0.000544693 0.00159768 0.000336876 0.000345908 0.000546268 0.000229114 0.000590459 0.000482151 0.000409175 0.000420658 0.000385307 0.000357195 0.000213735 0.000292698 0.000210401 0.000325553 0.000180615 0.000166986 0.000139498 0.000467977 0.000246857 0.000110958 0.000214482 6.53624e-05 4.30609e-05 9.38104e-07
threshold=-0.017218710139040912 0.019709363456406497 10572990.000000002 -0.015279363199811878 0.022621734234076849 8926416.5000000019 1.8877429900758094 49.290521607512517 -0.0084517251946955013 -0.30587861701113417 0.015390080113538153 1.4521172701116678 85.990295410156264 -0.00093763242611988307 -0.011129901080345698 0.95059826980535489 88.19442850748699 -0.0089184627129332266 19.107961030290497 86.276601600646984 1.2833335066642875 1.3929676582195702 6349678.5000000009 0.86838962772961559 9.3895397310114515 1.9820779751628927 0.026736704560685109
decision_type=2 2 2 2 2 2 2 2 2 2 2 2 2 2 2 2 2 2 2 2 2 2 2 2 2 2 2
left_child=1 2 15 4 18 -6 8 9 11 26 -11 17 -13 14 -5 24 -17 -2 -3 20 -10 -21 25 -24 -1 -9 -8
right_child=6 3 -4 13 5 -7 7 22 19 10 -12 12 -14 -15 -16 16 -18 -19 -20 21 -22 -23 23 -25 -26 -27 -28
leaf_value=0 -3.5318670556249907e-05 -0.00011621961713790803 0.0002993364568128828 -0.00011788812896992966 6.7800303111750226e-05 -4.5630668313324105e-06 0 0 -7.3223115400964052e-06 0.00015504578001372015 0 -0.00010140530907270204 0 0 0 5.0240579520799147e-05 0 8.2438769760236427e-06 0 1.7883176917980414e-06 2.3686546662251744e-05 -2.7937093378898032e-05 -6.5185175520400277e-05 0 -3.1236193623252079e-05 2.0187044657501667e-05 6.045618324310741e-06
leaf_weight=20 121 25 21 57 133 114 51 42 929 58 34 117 85 20 26 229 124 169 35 250 718 404 69 36 63 95 23
leaf_count=20 121 25 21 57 133 114 51 42 929 58 34 117 85 20 26 229 124 169 35 250 718 404 69 36 63 95 23
internal_value=0 1.0506e-05 3.47304e-05 -9.18196e-06 0 2.22727e-05 -2.15632e-06 1.70855e-05 -6.04174e-06 6.25481e-05 0.000105139 -3.29998e-05 -6.60869e-05 -5.7237e-05 -7.98709e-05 1.50408e-05 2.8424e-05 0 -5.60393e-05 0 4.37505e-06 -1.19892e-05 -1.72089e-06 -3.09352e-05 -5.74265e-06 0 0
internal_weight=4068 867 457 410 307 247 3201 408 2793 166 92 492 202 103 83 436 353 290 60 2301 1647 654 242 105 83 137 74
internal_count=4068 867 457 410 307 247 3201 408 2793 166 92 492 202 103 83 436 353 290 60 2301 1647 654 242 105 83 137 74
is_linear=0
shrinkage=0.03


Tree=171
num_leaves=21
num_cat=0
split_feature=29 26 2 36 26 35 30 26 35 27 5 36 26 21 26 30 2 1 2 22
split_gain=0.000115204 0.000774922 0.0011848 0.000859372 0.000497001 0.000263595 0.00016385 0.00042668 0.000408244 0.000206727 0.000199069 0.000133175 0.000356849 0.000317528 0.000102614 3.72024e-05 8.58002e-06 2.21381e-05 5.02296e-06 1.00569e-08
threshold=16.215081427579982 1.8389930599856934 94.950302124023452 -0.0062499659914579848 0.85710689516424898 0.020304532896292891 20.698144389042408 1.4743436246039578 0.053247142763847108 0.077361383547312548 4541355.5000000009 0.0079090557586814891 1.8877429900758094 91.648749923706063 1.5706645329216922 11.449442381039098 67.216751098632827 48.975000381469734 78.875000000000014 39.618001516235203
decision_type=2 2 2 2 2 2 2 2 2 2 2 2 2 2 2 2 2 2 2 2
left_child=1 4 3 -3 -1 15 7 16 11 -9 -11 13 -13 -8 -7 -6 17 -2 -18 -4
right_child=6 2 19 -5 5 14 8 9 -10 10 -12 12 -14 -15 -16 -17 18 -19 -20 -21
leaf_value=9.7998329027019354e-05 0 0.00036202618047775724 -6.7105104559475636e-07 0 -1.404317622279865e-05 -7.6215228776554627e-05 8.7332152086116304e-06 0 0.00013506450398421998 0 -0.00013166552549707082 -2.4499608289578241e-05 2.334826525202294e-05 -1.5017919043976442e-05 0 9.7079922712953448e-06 -1.4302264443691916e-05 2.6257072779770349e-05 0 0
leaf_weight=39 42 20 20 22 86 69 1960 23 20 21 52 611 123 639 32 175 22 40 31 21
leaf_count=39 42 20 20 22 86 69 1960 23 20 21 52 611 123 639 32 175 22 40 31 21
internal_value=0 1.41684e-05 9.7786e-05 0.000210244 0 -1.40812e-05 -1.347e-06 -2.58116e-05 0 -7.48206e-05 -9.95224e-05 -4.73288e-07 -1.23928e-05 1.73907e-06 -5.52875e-05 0 0 9.69826e-06 0 0
internal_weight=4068 484 83 42 401 362 3584 231 3353 96 73 3333 734 2599 101 261 135 82 53 41
internal_count=4068 484 83 42 401 362 3584 231 3353 96 73 3333 734 2599 101 261 135 82 53 41
is_linear=0
shrinkage=0.03


Tree=172
num_leaves=17
num_cat=0
split_feature=25 34 33 33 34 33 23 24 24 23 33 22 23 36 23 2
split_gain=0.000111232 0.000423435 0.000387782 0.000233975 0.000225995 0.000140394 0.000508863 0.000686123 0.000348619 0.000329808 0.000532884 0.00026405 0.000137886 0.000190717 0.000125767 6.57217e-05
threshold=0.56639309739550114 0.027164179848933049 0.052954282699162254 -1.0000000180025095e-35 0.046147707704375936 -0.017218710139040912 -0.26724628486823571 0.17036761388549759 -0.33377776037842993 1.1069223227768215 0.029562297681433706 60.950121820170843 0.3867785477447257 0.0044444436285940156 0.032824459250477396 87.722957611083999
decision_type=2 2 2 2 2 2 2 2 2 2 2 2 2 2 2 2
left_child=2 3 5 -2 -4 6 8 -8 -1 11 -11 -7 -3 15 -6 -14
right_child=1 12 4 -5 14 9 7 -9 -10 10 -12 -13 13 -15 -16 -17
leaf_value=3.3311958791251575e-06 0 -9.0961555014982404e-05 0 8.4037596630915729e-05 0 -2.146501508017673e-06 0.00012039438605113199 6.1219286458879932e-06 -5.1475297729911239e-05 -4.5455670662097829e-05 4.0925950756763248e-05 2.8048274671598251e-05 4.5146966266810913e-05 -5.5454519074266528e-05 0.00017914750805274709 0
leaf_weight=355 23 68 23 34 27 2225 80 297 120 351 43 289 30 55 21 27
leaf_count=355 23 68 23 34 27 2225 80 297 120 351 43 289 30 55 21 27
internal_value=0 -1.9322e-05 1.73933e-06 2.30159e-05 7.12155e-05 0 1.11057e-05 3.83517e-05 -4.20812e-06 -2.70383e-06 -2.8408e-05 1.32284e-07 -4.93918e-05 0 0.000108284 6.20957e-06
internal_weight=4068 237 3831 57 71 3760 852 377 475 2908 394 2514 180 112 48 57
internal_count=4068 237 3831 57 71 3760 852 377 475 2908 394 2514 180 112 48 57
is_linear=0
shrinkage=0.03


Tree=173
num_leaves=21
num_cat=0
split_feature=27 27 29 30 32 32 30 34 24 29 27 36 25 24 27 1 29 35 1 23
split_gain=0.000112404 0.00126784 0.0019689 0.000236389 0.000344795 0.000286174 0.000285399 0.000407745 0.000282758 0.000264283 0.000199289 0.000483619 0.000226351 0.000116327 0.000317738 0.000389172 7.82189e-05 7.31516e-05 5.37644e-05 3.35367e-05
threshold=0.077361383547312548 0.064124271305811983 17.304458930590027 20.698144389042408 -0.017442526076148209 -0.00093763242611988307 27.213126826962988 -1.0000000180025095e-35 -1.0882019816838546 20.704982449158923 0.21617374267985087 -0.0063999721619081148 -0.30587861701113417 -0.094323630820437446 -0.026184779689425983 51.475000381469734 20.704982449158923 0.016458895742623991 85.230133056640639 -0.58049804473537125
decision_type=2 2 2 2 2 2 2 2 2 2 2 2 2 2 2 2 2 2 2 2
left_child=1 13 -3 4 -2 9 7 8 -5 -6 11 -8 -12 14 15 -1 -7 -15 -19 -16
right_child=3 2 -4 6 5 16 10 -9 -10 -11 12 -13 -14 17 19 -17 -18 18 -20 -21
leaf_value=0 2.1100811654955361e-05 0.00037762505738053612 0 7.468619668746602e-05 -9.6070146341581926e-05 1.8884835449958672e-06 -7.6103961109562013e-05 0.00013851176078320332 0 0 -3.4919401424143657e-05 0 2.975590968821706e-06 0 1.5410208019843009e-05 -8.7677619895207547e-05 -2.8372395166969001e-05 5.3663297425151847e-05 0 0
leaf_weight=37 37 21 27 46 109 79 107 32 192 20 148 138 2612 39 127 89 87 59 29 33
leaf_count=37 37 21 27 46 109 79 107 32 192 20 148 138 2612 39 127 89 87 59 29 33
internal_value=0 1.44148e-05 0.000160357 -1.21821e-06 -2.56049e-05 -4.16341e-05 3.38665e-07 3.05175e-05 3.34544e-06 -7.71832e-05 -1.37553e-06 -2.74769e-05 0 0 -1.30502e-05 -5.15185e-05 0 2.09846e-05 3.71831e-05 0
internal_weight=4068 461 48 3607 332 295 3275 270 238 129 3005 245 2760 413 286 126 166 127 88 160
internal_count=4068 461 48 3607 332 295 3275 270 238 129 3005 245 2760 413 286 126 166 127 88 160
is_linear=0
shrinkage=0.03


Tree=174
num_leaves=23
num_cat=0
split_feature=30 30 5 36 21 30 30 5 23 25 31 0 21 28 36 0 26 36 35 35 0 36
split_gain=0.000112357 0.000287219 0.00024397 0.000261905 0.000265352 0.000187366 0.000283097 0.000286157 0.000228399 0.000224101 0.000345312 0.000161068 0.000185843 6.89687e-05 0.000235385 3.5316e-05 0.00014563 0.000115499 0.00011003 0.000103969 2.39624e-05 1.70898e-05
threshold=82.93147080107785 78.54768442874105 3504982.0000000005 0.012844554875967666 44.058749898274748 72.384959407313318 65.458364796928322 3705154.5000000005 0.81632561975870754 0.029045045984081478 0.0038209763647059085 43.171386718750007 55.560833422342945 156957818.00000003 -0.0053101980131355355 37.055780410766609 1.6416346099030774 0.0051308505035383206 0.016555166805618367 0.02343850540334674 44.463163375854499 0.0055157949092549076
decision_type=2 2 2 2 2 2 2 2 2 2 2 2 2 2 2 2 2 2 2 2 2 2
left_child=1 5 -3 4 -4 6 8 -8 -1 20 -11 15 -13 14 -14 18 17 -17 -2 -20 -7 -15
right_child=11 2 3 -5 -6 9 7 -9 -10 10 -12 12 13 21 -16 16 -18 -19 19 -21 -22 -23
leaf_value=2.6930819810215848e-06 0 0 0 0 8.3492748346999907e-05 0 0 4.3627379010244353e-05 -2.1138322435007801e-05 -6.4811702766097852e-05 0 0 0 -1.6132291614108709e-05 -0.00010473164743397068 7.7536046413109207e-05 0 0 -9.8313558151695237e-05 0 2.6767226311214187e-05 0
leaf_weight=2399 29 24 21 24 139 24 74 278 421 158 108 38 20 59 61 44 23 25 20 20 30 29
leaf_count=2399 29 24 21 24 139 24 74 278 421 158 108 38 20 59 61 44 23 25 20 20 30 29
internal_value=0 2.14796e-06 3.63897e-05 5.18606e-05 6.75647e-05 0 2.31454e-06 2.77828e-05 0 -2.1765e-05 -3.6439e-05 -1.51108e-05 -3.32536e-05 -4.84087e-05 -7.51769e-05 0 1.80798e-05 4.82955e-05 -4.92916e-06 -5.01136e-05 0 0
internal_weight=4068 3700 208 184 160 3492 3172 352 2820 320 266 368 207 169 81 161 92 69 69 40 54 88
internal_count=4068 3700 208 184 160 3492 3172 352 2820 320 266 368 207 169 81 161 92 69 69 40 54 88
is_linear=0
shrinkage=0.03


Tree=175
num_leaves=16
num_cat=0
split_feature=13 32 6 26 21 1 26 1 35 5 5 0 22 26 24
split_gain=0.000108857 0.000230868 0.000214697 0.000176716 0.000644978 0.000236156 0.000429294 0.000241758 0.000837181 0.000387428 0.000228518 0.000164996 8.93685e-05 4.9701e-05 2.03293e-05
threshold=90.000000000000014 0.0010172930147458461 1.0000000180025095e-35 0.80565871991588955 40.419166755676279 42.649999618530281 0.9227010750732666 48.574998855590827 0.037752837715806752 13815146.500000002 3966282.5000000005 57.532184600830085 56.753211549846846 0.77097325669509498 -0.47214247903745915
decision_type=2 2 2 2 2 2 2 2 2 2 2 2 2 2 2
left_child=3 2 11 4 -1 6 10 8 -7 -9 -5 -2 -8 14 -6
right_child=1 -3 -4 5 13 7 12 9 -10 -11 -12 -13 -14 -15 -16
leaf_value=0.00015704427338109265 0.00011719507054399081 0 0 0 0 0 2.9448310099890946e-05 0 0.00021744046149142917 -5.6898739697474099e-05 -8.1305212612535781e-05 0 -2.1333793241963462e-05 2.1262005563035869e-05 -2.6399328899811126e-05
leaf_weight=29 47 30 41 20 20 209 80 3175 20 114 125 23 24 59 52
leaf_count=29 47 30 41 20 20 209 80 3175 20 114 125 23 24 59 52
internal_value=0 2.62731e-05 5.24108e-05 -3.82124e-07 2.92751e-05 -2.4389e-06 -3.07114e-05 0 2.93143e-05 -2.50928e-06 -6.54367e-05 8.43205e-05 0 0 -1.58063e-05
internal_weight=4068 141 111 3927 160 3767 249 3518 229 3289 145 70 104 131 72
internal_count=4068 141 111 3927 160 3767 249 3518 229 3289 145 70 104 131 72
is_linear=0
shrinkage=0.03


Tree=176
num_leaves=23
num_cat=0
split_feature=31 20 26 0 36 20 31 23 31 20 0 24 22 34 35 0 31 2 26 25 26 20
split_gain=0.000111905 0.000388827 0.000992057 0.000565697 0.000700631 0.000449672 0.000488005 0.00060282 0.000385037 0.000375802 0.000324569 0.000304308 0.000299492 0.00078478 0.000228775 0.000235864 0.000209309 0.000381308 0.000198888 0.000172518 0.000158234 3.37529e-05
threshold=0.0044593482766626122 67.330913066864028 1.9163568377155504 47.850584030151374 -0.0069899415428036097 76.403366279602054 -0.0027808710242119279 -0.71393856267122036 0.0059627232154412244 95.088578414916995 36.320087432861335 0.99536473198514142 31.633850576871158 -0.051441498345997698 0.010748825392505702 61.006425857543952 0.013709692463304448 52.475000381469734 1.1761562958242722 0.37095719587326542 1.6457719599924128 72.163300514221206
decision_type=2 2 2 2 2 2 2 2 2 2 2 2 2 2 2 2 2 2 2 2 2 2
left_child=1 2 3 10 -5 6 7 -3 9 11 -1 -2 13 -7 15 20 17 -16 -18 -14 -10 -8
right_child=8 5 -4 4 -6 12 21 -9 14 -11 -12 -13 19 -15 16 -17 18 -19 -20 -21 -22 -23
leaf_value=2.8548553476916739e-05 -9.190188962869848e-05 -0.0001366666464302892 0.00017928170042184703 0 0.00013331077629144826 0.00019023908259659811 2.2671658184778513e-05 -1.109700343238959e-06 9.4861823731503403e-05 0 -9.8589749629543346e-06 0 1.9976233772535891e-06 0 8.1495136738505265e-06 0 -1.6026170219330759e-05 -3.6301119428271848e-05 1.9388180233595702e-05 -2.9383452049674392e-05 0 0
leaf_weight=284 120 75 36 46 70 27 59 134 60 32 623 24 1026 89 148 20 144 401 412 175 20 43
leaf_count=284 120 75 36 46 70 27 59 134 60 32 623 24 1026 89 148 20 144 401 412 175 20 43
internal_value=0 4.09171e-06 1.87812e-05 1.01838e-05 7.27953e-05 -3.62158e-06 -3.67921e-05 -6.41438e-05 -6.35215e-06 -4.77941e-05 0 -7.16845e-05 1.93587e-06 4.8622e-05 0 4.31221e-05 -4.22852e-06 -1.88553e-05 4.82017e-06 -7.93282e-08 7.05264e-05 0
internal_weight=4068 2687 1059 1023 116 1628 311 209 1381 176 907 144 1317 116 1205 100 1105 549 556 1201 80 102
internal_count=4068 2687 1059 1023 116 1628 311 209 1381 176 907 144 1317 116 1205 100 1105 549 556 1201 80 102
is_linear=0
shrinkage=0.03


Tree=177
num_leaves=16
num_cat=0
split_feature=34 5 30 25 23 30 5 0 23 23 26 4 24 23 24
split_gain=0.000106654 0.00030161 0.00189864 0.00152892 0.000427607 0.000514274 0.000269306 0.000247563 0.000155886 0.000377637 0.000797942 0.00044224 0.000288011 0.000262091 0.000235036
threshold=-0.082334922536925467 10572990.000000002 25.875656321656745 -0.40870518341544687 0.88073262342400949 82.93147080107785 12912490.500000002 36.978618621826179 -0.55683953605268843 -1.0502853388166036 1.1513843667452379 61.975000381469734 -0.11679509585753044 0.98642160529038148 -0.36102125300935312
decision_type=2 2 2 2 2 2 2 2 2 2 2 2 2 2 2
left_child=7 8 3 -3 6 -6 -4 -1 9 11 -11 -2 14 -14 -10
right_child=1 2 4 -5 5 -7 -8 -9 12 10 -12 -13 13 -15 -16
leaf_value=0 4.9172099821424872e-05 0 0 0.00040888320025640415 0.00010375244639785446 0 -8.0277507143373185e-05 -0.00011185029749777092 0 -6.1572082172572775e-06 5.9199100609666879e-05 -2.0539214667116e-05 9.1086166628953519e-06 -1.4279906581104985e-05 -4.0093362528743405e-05
leaf_weight=23 86 36 66 20 58 34 72 25 410 207 317 478 1255 646 335
leaf_count=23 86 36 66 20 58 34 72 25 410 207 317 478 1255 646 335
internal_value=0 1.09067e-06 3.10389e-05 0.000188076 0 4.20143e-05 -4.01185e-05 -4.35453e-05 -4.00534e-07 8.18932e-06 2.76605e-05 -4.58444e-06 -5.06649e-06 0 -2.09534e-05
internal_weight=4068 4020 286 56 230 92 138 48 3734 1088 524 564 2646 1901 745
internal_count=4068 4020 286 56 230 92 138 48 3734 1088 524 564 2646 1901 745
is_linear=0
shrinkage=0.03


Tree=178
num_leaves=23
num_cat=0
split_feature=36 31 28 31 19 5 23 2 3 0 34 23 23 22 3 23 36 2 24 28 33 24
split_gain=0.000111071 0.000518968 0.000369037 0.000333897 0.000277754 0.000200413 0.000180293 0.000650857 0.000457749 0.00049151 0.000453609 0.000203593 0.000441525 0.000435727 0.000379878 0.000225454 0.000221908 0.00021647 0.000149341 0.000145305 0.000104161 6.7848e-06
threshold=0.012844554875967666 0.018879106851111497 64973878.500000007 -0.00083091755894271191 51.495000076293955 13815146.500000002 -1.6812169612592027 52.875000000000007 67.666904449462905 32.188335418701179 -0.048032761316963594 -1.0502853388166036 -0.77448970223107227 35.159833912594529 65.916374206542983 -0.2008960226952041 0.0048309223839762497 46.274999618530281 0.91698052365604588 -7284402.4999999991 0.026478829205875302 1.0000000180025095e-35
decision_type=2 2 2 2 2 2 2 2 2 2 2 2 2 2 2 2 2 2 2 2 2 2
left_child=6 3 19 -2 -5 18 7 -1 9 -9 -10 14 13 -13 17 -14 -16 -8 -4 21 -6 -3
right_child=1 2 5 4 20 -7 11 8 10 -11 -12 12 15 -15 16 -17 -18 -19 -20 -21 -22 -23
leaf_value=0.00017473695288941938 0 1.2189026371351554e-05 9.0552788499445054e-05 0 -9.8838432613692189e-05 0 0 0 0.00017305503781787603 -0.00015909541889037613 0 0 -1.308561779137474e-05 6.9966014825025851e-05 -5.6453388453862674e-05 5.3933778350717819e-06 0 6.5221386253337045e-05 0 -6.233279281511522e-05 0 0
leaf_weight=25 21 41 76 42 121 22 32 25 20 26 118 55 848 167 214 1983 58 49 35 42 24 24
leaf_count=25 21 41 76 42 121 22 32 25 20 26 118 55 848 167 214 1983 58 49 35 42 24 24
internal_value=0 -1.34963e-05 6.41896e-06 -5.08836e-05 -6.69767e-05 4.82002e-05 2.25099e-06 2.90442e-05 0 -6.53557e-05 3.74521e-05 0 3.05358e-06 4.37874e-05 -2.09357e-05 0 -4.2115e-05 1.31575e-05 6.63839e-05 -1.75001e-05 -8.66437e-05 0
internal_weight=4068 448 240 208 187 133 3620 214 189 51 138 3406 3053 222 353 2831 272 81 111 107 145 65
internal_count=4068 448 240 208 187 133 3620 214 189 51 138 3406 3053 222 353 2831 272 81 111 107 145 65
is_linear=0
shrinkage=0.03


Tree=179
num_leaves=18
num_cat=0
split_feature=25 34 33 33 34 31 31 35 26 24 22 23 23 36 23 0 3
split_gain=0.000105813 0.000399882 0.000362311 0.0002243 0.000221584 0.000142049 0.000420873 0.00050588 0.000396591 0.000216199 0.00024474 0.000159606 0.000129274 0.000176429 0.000110417 7.79165e-05 5.82632e-05
threshold=0.56639309739550114 0.027164179848933049 0.052954282699162254 -1.0000000180025095e-35 0.046147707704375936 0.0023584664687841266 0.0010638270504277349 0.01128977817753766 0.80565871991588955 1.4698096344604517 68.285503765322744 2.0625762237083767 0.3867785477447257 0.0044444436285940156 0.032824459250477396 44.463163375854499 86.076030731201186
decision_type=2 2 2 2 2 2 2 2 2 2 2 2 2 2 2 2 2
left_child=2 3 5 -2 -4 6 8 -8 -1 10 -7 -11 -3 16 -6 -15 -14
right_child=1 12 4 -5 14 9 7 -9 -10 11 -12 -13 13 15 -16 -17 -18
leaf_value=6.3782164079979713e-05 0 -8.8571505492864922e-05 0 8.1725274939827423e-05 0 -6.502400089506809e-06 0 8.7013032782315344e-05 -1.1368945178021319e-06 -0.00010160276300662084 4.6055743884450564e-05 0 4.2359141820107279e-05 0 0.00017364648751190626 -8.1650762685780788e-05 0
leaf_weight=87 23 68 23 34 27 1296 45 118 2030 39 79 66 30 21 21 34 27
leaf_count=87 23 68 23 34 27 1296 45 118 2030 39 79 66 30 21 21 34 27
internal_value=0 -1.88092e-05 1.72117e-06 2.12912e-05 6.88901e-05 0 5.13484e-06 5.18732e-05 1.16866e-07 -6.76445e-06 -1.29791e-06 -4.97365e-05 -4.81698e-05 0 0.000105647 -5.34159e-05 5.24602e-06
internal_weight=4068 237 3831 57 71 3760 2280 163 2117 1480 1375 105 180 112 48 55 57
internal_count=4068 237 3831 57 71 3760 2280 163 2117 1480 1375 105 180 112 48 55 57
is_linear=0
shrinkage=0.03


Tree=180
num_leaves=23
num_cat=0
split_feature=24 20 36 28 25 29 27 36 31 35 33 2 31 31 22 24 1 26 5 5 28 27
split_gain=0.000103996 0.000498673 0.000631339 0.000473663 0.00049558 0.0003802 0.000572787 0.000221406 0.000279966 0.000255752 0.000579429 0.000653813 0.00044261 0.000658333 0.000221743 0.00034372 0.000205626 0.000201505 0.000236961 0.000220854 0.000175308 0.000155463
threshold=-1.116399985287883 64.559594058990498 -0.018026944762849596 -71503384.499999985 0.5525337134197279 37.499666328608534 1.0000000180025095e-35 0.0075949460369887827 0.0094200838970250906 0.02198769495221382 0.0043525452260123618 88.198104858398452 -0.013218497511024272 -0.012552186939058794 37.333583696252383 0.89111661839658474 73.375774383544936 1.574835848694806 4604806.0000000009 5434769.5000000009 108219423.50000001 0.057199974968617416
decision_type=2 2 2 2 2 2 2 2 2 2 2 2 2 2 2 2 2 2 2 2 2 2
left_child=1 3 -3 -1 -5 6 -4 9 14 12 20 -12 21 -14 -9 -16 -7 18 -10 -19 -11 -2
right_child=7 2 5 4 -6 16 -8 8 17 10 11 -13 13 -15 15 -17 -18 19 -20 -21 -22 -23
leaf_value=0 0 -0.00013456329829802125 -2.3717838840264652e-05 0.00019747688806515156 0 -6.3990434450668558e-05 7.5793878698049419e-05 0 -1.4710804411878421e-05 -1.4897653094914556e-05 0.00011241236407284591 0 0.00015103197454852211 0 -7.4057786513274444e-05 0 0 0 3.1683593660955222e-05 -4.8181214450114708e-05 2.6005388774822664e-05 -5.9471674672223613e-05
leaf_weight=58 53 30 22 36 23 48 149 28 67 226 106 33 26 2003 175 61 192 34 241 145 159 153
leaf_count=58 53 30 22 36 23 48 149 28 67 226 106 33 26 2003 175 61 192 34 241 145 159 153
internal_value=0 1.24618e-05 0 6.76226e-05 0.000127568 7.5084e-06 4.54512e-05 -1.4046e-06 -1.62959e-05 1.56195e-06 2.0986e-05 7.35417e-05 -1.65057e-06 1.18692e-06 -4.13438e-05 -5.251e-05 -7.03873e-06 0 1.18527e-05 -2.77653e-05 0 -4.41415e-05
internal_weight=4068 558 441 117 59 411 171 3510 751 2759 524 139 2235 2029 264 236 240 487 308 179 385 206
internal_count=4068 558 441 117 59 411 171 3510 751 2759 524 139 2235 2029 264 236 240 487 308 179 385 206
is_linear=0
shrinkage=0.03


Tree=181
num_leaves=28
num_cat=0
split_feature=27 25 19 23 25 5 22 23 32 32 33 32 5 32 36 27 25 36 1 20 36 0 31 23 28 23 32
split_gain=0.000102874 0.000450523 0.000773864 0.00033343 0.000362855 0.000298689 0.000288042 0.000286183 0.000271716 0.000589007 0.000516498 0.000356349 0.000314341 0.000658587 0.000250622 0.000430983 0.000241235 0.000387232 0.000222278 0.000544921 0.000217405 0.000242751 0.000202009 0.000153437 0.000107061 8.02173e-05 6.79134e-05
threshold=0.53591499484055627 -0.01492927551327594 39.930000686645521 0.16180587651898296 0.23291151815614533 4395458.5000000009 40.332580686432095 0.98642160529038148 0.0079636069400269589 0.018318227266896473 0.018211229872366678 0.034285214697792228 4023742.5000000005 -0.015475049817777918 -0.0059987850440006143 0.92238042294720179 0.50414623349733534 0.0052489241846539157 45.850000381469734 55.088750076293955 0.02102206565673025 48.501478195190437 0.0049523559253699121 1.579291345497204 89605708.500000015 0.33582220713709893 -0.006010850313386106
decision_type=2 2 2 2 2 2 2 2 2 2 2 2 2 2 2 2 2 2 2 2 2 2 2 2 2 2 2
left_child=1 8 -3 4 20 26 -7 18 12 10 -10 -11 24 -14 23 -16 22 -18 25 -20 21 -2 -6 -9 -1 -5 -4
right_child=3 2 5 7 16 6 -8 14 9 11 -12 -13 13 -15 15 -17 17 -19 19 -21 -22 -23 -24 -25 -26 -27 -28
leaf_value=3.2781269123647321e-05 -8.2812201164576404e-05 0.0002166065056829363 6.6463309022682444e-07 0 4.579857453781279e-05 0 5.5340128471939781e-05 0 8.44529268080108e-05 -6.3136109219058439e-05 0 1.8250262442403736e-05 2.9313909830717297e-06 -4.0206175524773435e-05 -4.2763217627439192e-05 3.947451675686898e-06 -8.6455579653184174e-05 0 8.9268437440026788e-05 4.1025192796183318e-06 0 0 0 4.7329485648894215e-05 0 -2.7732309284318125e-05 -2.1751845896139083e-05
leaf_weight=137 157 22 89 27 110 66 210 74 158 81 30 40 467 568 350 156 69 32 111 423 22 84 111 75 176 94 129
leaf_count=137 157 22 89 27 110 66 210 74 158 81 30 40 467 568 350 156 69 32 111 423 22 84 111 75 176 94 129
internal_value=0 4.89508e-06 2.9718e-05 -4.62374e-06 -2.39873e-05 1.52812e-05 3.73031e-05 1.7346e-06 -1.02586e-06 2.19247e-05 5.9359e-05 -1.14658e-05 -8.51337e-06 -1.78455e-05 -9.51829e-06 -2.24367e-05 0 -4.07622e-05 1.75667e-05 2.74359e-05 -5.02078e-05 -5.96858e-05 1.49063e-05 1.42171e-05 1.27595e-05 -1.20204e-06 0
internal_weight=4068 2173 516 1895 585 494 276 1310 1657 309 188 121 1348 1035 655 506 322 101 655 534 263 241 221 149 313 121 218
internal_count=4068 2173 516 1895 585 494 276 1310 1657 309 188 121 1348 1035 655 506 322 101 655 534 263 241 221 149 313 121 218
is_linear=0
shrinkage=0.03


Tree=182
num_leaves=23
num_cat=0
split_feature=29 26 2 36 26 34 26 26 29 5 29 5 22 31 36 20 28 26 24 31 30 22
split_gain=0.000104442 0.000719699 0.00109643 0.000766315 0.000435599 0.000195397 0.00048434 0.00077767 0.000354805 0.00043986 0.00122416 0.000318389 0.000256245 0.000220579 0.000175913 0.000304251 0.000143846 0.000283184 0.000232052 9.2156e-05 6.53202e-05 5.71572e-09
threshold=16.215081427579982 1.8389930599856934 94.950302124023452 -0.0062499659914579848 0.85710689516424898 -0.01227434942303973 2.4766923457888144 1.9977841767600306 43.23435284357538 4162404.0000000005 39.073994994283218 5496384.0000000009 45.396871920217876 -0.0058504052470870751 -0.011219670285854482 69.971249961853047 136987534.50000003 1.6720925628239323 0.48168466112945407 -0.0010755543658983455 11.449442381039098 39.618001516235203
decision_type=2 2 2 2 2 2 2 2 2 2 2 2 2 2 2 2 2 2 2 2 2 2
left_child=1 4 3 -3 -1 6 7 11 9 19 -11 -2 -9 -8 15 -6 18 -18 -10 -7 -16 -4
right_child=5 2 21 -5 14 8 13 12 16 10 -12 -13 -14 -15 20 -17 17 -19 -20 -21 -22 -23
leaf_value=9.1469610423145002e-05 6.409891045201725e-06 0.00034647219386924776 -5.0589297602730732e-07 0 -0.00011421864305982204 -3.4898716822012206e-05 0.00013898959536198083 -0.00015843295439150104 -3.7519410520757941e-06 0 0.00014704313649802596 -2.7921930814005266e-05 0 0 -2.2069766245008407e-05 0 -3.5081754402588296e-05 0 2.1160479064361271e-05 0 7.6493471894074192e-06 0
leaf_weight=39 371 20 20 22 38 68 21 51 1064 222 84 407 36 24 98 38 316 374 441 105 188 21
leaf_count=39 371 20 20 22 38 68 21 51 1064 222 84 407 36 24 98 38 316 374 441 105 188 21
internal_value=0 1.35331e-05 9.41354e-05 0.000202313 0 -1.22044e-06 -1.37237e-05 -2.14551e-05 1.91309e-06 2.58749e-05 4.83858e-05 -7.69606e-06 -0.000109902 6.80894e-05 -1.33879e-05 -5.41598e-05 -1.9502e-06 -1.39434e-05 1.55568e-06 0 0 0
internal_weight=4068 484 83 42 401 3584 910 865 2674 479 306 778 87 45 362 76 2195 690 1505 173 286 41
internal_count=4068 484 83 42 401 3584 910 865 2674 479 306 778 87 45 362 76 2195 690 1505 173 286 41
is_linear=0
shrinkage=0.03


Tree=183
num_leaves=21
num_cat=0
split_feature=27 32 36 23 30 32 5 23 31 33 29 27 33 0 25 19 22 30 5 5
split_gain=0.000105248 0.000882013 0.00170644 0.000277072 0.000267846 0.000352985 0.00037935 0.000247608 0.00044521 0.000676098 0.000267816 0.000258961 0.000455484 0.000354237 0.000214667 0.000184982 0.000372913 2.59507e-05 5.45532e-05 1.58493e-05
threshold=0.093378592212026726 -0.008888193919753538 -0.0063999721619081148 0.17288155413156406 20.698144389042408 -0.017442526076148209 4120147.5000000005 -0.50739940098226899 -0.0035687172827147946 0.014844267485772391 58.25705680695058 0.21617374267985087 -0.033453947701974011 62.189317703247077 -0.017942533081638287 69.841127777099629 29.649281492485581 11.040443522675281 5194836.0000000009 9359693.5000000019
decision_type=2 2 2 2 2 2 2 2 2 2 2 2 2 2 2 2 2 2 2 2
left_child=1 3 -3 15 5 -2 -7 8 10 -10 -6 13 -13 -9 -8 16 -1 -4 -19 -17
right_child=4 2 17 -5 7 6 14 11 9 -11 -12 12 -14 -15 -16 19 -18 18 -20 -21
leaf_value=0 1.7013398733419862e-05 0.0003168063399372758 0 7.2473553695532968e-05 -3.8002053883991324e-05 0 -8.0698486823000063e-05 -7.5717905643231137e-05 6.0611927680653622e-05 0 1.3062251886102619e-05 7.9597280710956924e-05 -3.1840995364508546e-06 0 0 9.6267248018929127e-06 -6.9616309966052953e-05 5.483039107494426e-05 0 -1.9556572107187525e-06
leaf_weight=61 35 24 21 34 168 84 167 101 323 218 94 61 2251 34 23 152 118 24 31 44
leaf_count=61 35 24 21 34 168 84 167 101 323 218 94 61 2251 34 23 152 118 24 31 44
internal_value=0 1.32379e-05 9.39226e-05 0 -1.24398e-06 -2.82141e-05 -4.49403e-05 3.97998e-07 1.56068e-05 3.26979e-05 -8.23727e-06 -3.36738e-06 0 -4.39377e-05 -6.86151e-05 -1.36859e-05 -3.63571e-05 0 2.05883e-05 0
internal_weight=4068 509 100 409 3559 309 274 3250 803 541 262 2447 2312 135 190 375 179 76 55 196
internal_count=4068 509 100 409 3559 309 274 3250 803 541 262 2447 2312 135 190 375 179 76 55 196
is_linear=0
shrinkage=0.03


Tree=184
num_leaves=15
num_cat=0
split_feature=34 5 30 27 30 0 4 5 35 31 26 29 28 35
split_gain=0.000102601 0.000267968 0.00179968 0.00179619 0.000347395 0.000229589 0.000226678 0.000141131 0.000373119 0.000259694 0.000183377 0.000470475 0.000218154 4.69722e-06
threshold=-0.082334922536925467 10572990.000000002 25.875656321656745 0.064124271305811983 44.39655898510302 36.978618621826179 50.725000381469734 9793349.5000000019 0.023177352514357714 0.016417268107187025 1.8971584223846636 16.215081427579982 136987534.50000003 0.032282856539466172
decision_type=2 2 2 2 2 2 2 2 2 2 2 2 2 2
left_child=5 7 3 -3 13 -1 -6 10 -9 -10 12 -12 -2 -4
right_child=1 2 4 -5 6 -7 -8 8 9 -11 11 -13 -14 -15
leaf_value=0 1.3617359916050551e-06 0 -9.2365086207242599e-05 0.00032936370255921696 -1.5720321283301455e-05 -0.00010822414008685315 3.9391091157989383e-05 0 -0.00014733045043425946 0 0.00011196678363847638 4.4493774753637736e-07 -1.6677046028440817e-05 0
leaf_weight=23 2462 24 34 32 32 25 143 43 32 20 46 404 727 21
leaf_count=23 2462 24 34 32 32 25 143 43 32 20 46 404 727 21
internal_value=0 1.1139e-06 2.93193e-05 0.000182362 0 -4.26153e-05 1.21773e-05 -2.43769e-07 -3.65781e-05 -9.42743e-05 0 1.85325e-05 -1.81028e-06 -7.21324e-05
internal_weight=4068 4020 286 56 230 48 175 3734 95 52 3639 450 3189 55
internal_count=4068 4020 286 56 230 48 175 3734 95 52 3639 450 3189 55
is_linear=0
shrinkage=0.03


Tree=185
num_leaves=27
num_cat=0
split_feature=31 20 20 30 5 20 31 30 27 30 31 20 24 1 27 27 26 33 26 28 34 25 5 28 5 20
split_gain=0.000103732 0.000351147 0.000919728 0.000701325 0.0011898 0.000410593 0.000443414 0.000530882 0.000371893 0.000366316 0.000351038 0.000354515 0.000292553 0.000276434 0.000256972 0.000623567 0.000204729 0.000551223 0.000378229 0.000583772 0.00028145 0.000223229 0.000192194 0.000181336 9.44746e-05 3.08222e-05
threshold=0.0044593482766626122 67.330913066864028 57.406249904632574 70.698542019083774 4453305.0000000009 76.403366279602054 -0.0027808710242119279 77.787688051188226 0.8731012807642905 28.64695930724039 0.0059627232154412244 95.088578414916995 0.99536473198514142 45.850000381469734 0.78611607209008461 0.63389702715393947 1.5998517015363538 0.0013808968227488896 1.4344426664235785 106738087.50000001 0.013961200265326991 0.36556379617442508 4429444.5000000009 124581198.50000001 3966282.5000000005 72.163300514221206
decision_type=2 2 2 2 2 2 2 2 2 2 2 2 2 2 2 2 2 2 2 2 2 2 2 2 2 2
left_child=1 2 8 4 -4 6 7 -3 9 -1 11 12 24 -10 15 -7 18 22 21 -20 -19 -12 -18 -16 -2 -8
right_child=10 5 3 -5 -6 14 25 -9 13 -11 16 -13 -14 -15 23 -17 17 20 19 -21 -22 -23 -24 -25 -26 -27
leaf_value=2.5702777728242507e-05 0 -8.3591622698389617e-05 0 0 0.0001660794398652776 0 2.1665019182184575e-05 0 0 -1.8299429036742896e-05 -1.1039792881049799e-05 0 0 0.00010765800557014236 0 5.478224600167322e-05 0 4.2136108919636193e-05 0.00010765075371735853 0 -1.6669833967538262e-05 4.5180445779236262e-05 -9.2666997036370332e-05 -4.503527267683475e-05 -0.00011655547503065613 0
leaf_weight=221 44 180 50 57 104 888 59 29 20 557 491 32 24 50 62 222 23 110 80 132 208 69 92 145 76 43
leaf_count=221 44 180 50 57 104 888 59 29 20 557 491 32 24 50 62 222 23 110 80 132 208 69 92 145 76 43
internal_value=0 3.99328e-06 1.79614e-05 7.44256e-05 0.000108093 -3.25074e-06 -3.50228e-05 -6.1102e-05 3.67452e-07 -1.94285e-06 -6.04748e-06 -4.56167e-05 -6.89722e-05 6.88069e-05 1.97636e-06 9.74095e-06 0 -1.67701e-05 8.99372e-06 4.35819e-05 0 0 -7.32694e-05 -2.51587e-05 -8.88826e-05 0
internal_weight=4068 2687 1059 211 154 1628 311 209 848 778 1381 176 144 70 1317 1110 1205 433 772 212 318 560 115 207 120 102
internal_count=4068 2687 1059 211 154 1628 311 209 848 778 1381 176 144 70 1317 1110 1205 433 772 212 318 560 115 207 120 102
is_linear=0
shrinkage=0.03


Tree=186
num_leaves=23
num_cat=0
split_feature=30 30 5 21 23 30 30 27 5 25 31 0 21 28 35 0 26 35 35 0 26 28
split_gain=0.000103163 0.000263607 0.000231877 0.000234643 0.000352598 0.000175635 0.000268634 0.000303815 0.000273887 0.000212447 0.000330483 0.000143503 0.000156787 7.32946e-05 0.000186492 2.72192e-05 0.000131804 0.000101975 9.08698e-05 2.06114e-05 8.29385e-06 1.11161e-06
threshold=82.93147080107785 78.54768442874105 3504982.0000000005 44.058749898274748 0.24273162166284482 72.384959407313318 65.458364796928322 0.82109419059962352 3705154.5000000005 0.029045045984081478 0.0038209763647059085 43.171386718750007 55.560833422342945 156957818.00000003 0.012315482027293795 37.055780410766609 1.6416346099030774 0.016555166805618367 0.02343850540334674 44.463163375854499 0.95454797988979279 191417628.50000003
decision_type=2 2 2 2 2 2 2 2 2 2 2 2 2 2 2 2 2 2 2 2 2 2
left_child=1 5 -3 -4 -5 6 7 -1 -8 19 -11 15 -13 14 -14 17 20 -2 -19 -7 -17 -15
right_child=11 2 3 4 -6 9 8 -9 -10 10 -12 12 13 21 -16 16 -18 18 -20 -21 -22 -23
leaf_value=1.8969773090490656e-06 0 0 0 0 9.9471657327062312e-05 0 0 -3.6054537290235378e-05 4.2591680667160039e-05 -6.3149973850514378e-05 0 0 0 0 -0.00010175971419831866 0 0 -9.3183361146765832e-05 0 2.4825129193869534e-05 5.824626469351097e-05 -3.9201890340252983e-06
leaf_weight=2617 29 24 25 59 100 24 74 203 278 158 108 38 25 23 56 25 23 20 20 30 44 65
leaf_count=2617 29 24 25 59 100 24 74 203 278 158 108 38 25 23 56 25 23 20 20 30 44 65
internal_value=0 2.07936e-06 3.48846e-05 5.00913e-05 6.50442e-05 0 2.26122e-06 0 2.70688e-05 -2.10511e-05 -3.53782e-05 -1.44489e-05 -3.15388e-05 -4.53066e-05 -7.13681e-05 0 1.59827e-05 -3.74767e-06 -4.80929e-05 0 4.5356e-05 0
internal_weight=4068 3700 208 184 159 3492 3172 2820 352 320 266 368 207 169 81 161 92 69 40 54 69 88
internal_count=4068 3700 208 184 159 3492 3172 2820 352 320 266 368 207 169 81 161 92 69 40 54 69 88
is_linear=0
shrinkage=0.03


Tree=187
num_leaves=18
num_cat=0
split_feature=13 30 23 31 31 24 20 26 0 5 3 24 22 24 22 30 35
split_gain=0.000100312 0.000196785 0.000297334 0.000182909 0.000522259 0.000409722 0.000332973 0.000888734 0.000498524 0.000324679 0.000315109 0.000440901 0.000257822 0.000180695 0.000294689 0.000107437 3.61431e-05
threshold=90.000000000000014 44.118983745379346 0.83287768664627049 0.0044593482766626122 0.0059627232154412244 0.99536473198514142 67.330913066864028 1.9163568377155504 47.850584030151374 3966282.5000000005 77.368232727050795 -0.52865641751010717 31.633850576871158 1.5588513234979249 62.127319985684288 53.918492585447019 0.013860655126216379
decision_type=2 2 2 2 2 2 2 2 2 2 2 2 2 2 2 2 2
left_child=3 -2 16 6 5 9 7 8 -1 -5 11 -8 -12 14 -6 -15 -3
right_child=1 2 -4 4 13 -7 10 -9 -10 -11 12 -13 -14 15 -16 -17 -18
leaf_value=0 0 0 0 0 -5.972190823949283e-06 0 -6.9503268302157701e-05 0.00016890842984159608 6.8169863835375373e-05 -0.00012982723151613276 5.0433988189061188e-05 0 -1.5051674518435642e-09 -8.853928611565977e-05 3.0003433503919916e-05 0 0.00014465433711764261
leaf_weight=895 67 22 25 50 796 33 145 36 113 75 92 228 1122 33 263 46 27
leaf_count=895 67 22 25 50 796 33 145 36 113 75 92 228 1122 33 263 46 27
internal_value=0 2.52315e-05 6.00197e-05 -3.39525e-07 -1.02059e-05 -6.1853e-05 3.38053e-06 1.71472e-05 8.73505e-06 -8.82193e-05 -3.78608e-06 -2.85504e-05 1.3535e-06 -3.94431e-07 1.31661e-07 -4.53647e-05 0.000104339
internal_weight=4068 141 74 3927 1296 158 2631 1044 1008 125 1587 373 1214 1138 1059 79 49
internal_count=4068 141 74 3927 1296 158 2631 1044 1008 125 1587 373 1214 1138 1059 79 49
is_linear=0
shrinkage=0.03


Tree=188
num_leaves=26
num_cat=0
split_feature=27 25 25 31 24 26 36 27 27 22 25 32 32 33 32 5 32 21 32 3 27 30 36 33 4
split_gain=0.000102315 0.00041962 0.000755428 0.000331467 0.000332211 0.000256176 0.00025215 0.000448028 0.000255799 0.000281193 0.000426425 0.000242928 0.000545426 0.00049415 0.000336992 0.000289239 0.000623938 0.000224965 0.000414756 0.000259119 0.000221316 0.000169118 0.000130376 9.73178e-05 4.35737e-05
threshold=0.53591499484055627 -0.01492927551327594 -0.0094572739508467906 0.0078546647327267811 -0.87817226514956781 2.4766923457888144 -0.0075376789297906055 0.62798481502191261 0.92238042294720179 60.950121820170843 0.56639309739550114 0.0079636069400269589 0.018318227266896473 0.018211229872366678 0.034285214697792228 4023742.5000000005 -0.015475049817777918 70.267083231608083 0.0090045270814751461 81.488933563232436 0.96406493376529034 58.786114188519882 -0.01000385801724653 -0.00063815346968215658 52.574998855590827
decision_type=2 2 2 2 2 2 2 2 2 2 2 2 2 2 2 2 2 2 2 2 2 2 2 2 2
left_child=1 11 -3 5 -5 -4 7 22 17 24 -11 15 13 -13 -14 23 -17 18 -8 -19 21 -9 -2 -1 -10
right_child=6 2 3 4 -6 -7 8 20 9 10 -12 12 14 -15 -16 16 -18 19 -20 -21 -22 -23 -24 -25 -26
leaf_value=2.516703601294573e-05 -5.4661526534124892e-05 0.00021329413463121353 -6.4868809898917985e-07 0 0.00014785207553155214 9.5805897909880734e-05 -1.5680126648024454e-06 0 0 4.9826747879969529e-05 -8.0904532477554206e-06 8.1804993132635623e-05 -6.124959622033063e-05 0 1.7495898505500943e-05 3.2193605328848958e-06 -3.8744854796414533e-05 3.0418730742311668e-05 -6.6660133531290655e-05 -1.4861709712305864e-05 0 6.7603396975024084e-05 0 0 -4.5734266566173546e-05
leaf_weight=214 56 22 406 31 32 25 327 42 20 225 87 158 81 30 40 467 568 130 219 514 22 173 22 99 58
leaf_count=214 56 22 406 31 32 25 327 42 20 225 87 158 81 30 40 467 568 130 219 514 22 173 22 99 58
internal_value=0 4.94279e-06 2.88628e-05 1.45362e-05 7.98894e-05 0 -4.53601e-06 1.65945e-05 -1.06481e-05 5.06521e-06 2.4067e-05 -6.96963e-07 2.0947e-05 5.70998e-05 -1.04522e-05 -7.88492e-06 -1.69135e-05 -1.83187e-05 -3.31773e-05 -1.06028e-06 4.30645e-05 5.44999e-05 -2.53735e-05 1.23843e-05 -3.24633e-05
internal_weight=4068 2173 516 494 63 431 1895 315 1580 390 312 1657 309 188 121 1348 1035 1190 546 644 237 215 78 313 78
internal_count=4068 2173 516 494 63 431 1895 315 1580 390 312 1657 309 188 121 1348 1035 1190 546 644 237 215 78 313 78
is_linear=0
shrinkage=0.03


Tree=189
num_leaves=20
num_cat=0
split_feature=30 30 24 20 0 30 25 31 27 25 31 25 27 0 35 27 35 0 29
split_gain=0.000103269 0.000235166 0.000202524 0.000338597 0.000176637 0.000168121 0.000264713 0.000374278 0.000257036 0.00020549 0.00031581 0.000140746 0.000119733 0.000337885 0.000278257 9.94065e-05 5.36195e-05 1.85858e-05 4.70188e-06
threshold=82.93147080107785 78.54768442874105 -0.66241101841605154 47.427500152587903 47.606393814086921 72.384959407313318 0.25822304497818366 0.0044593482766626122 0.81499492377507476 0.029045045984081478 0.0039455590862650389 0.67882708138081183 0.82978568012761966 41.683755874633796 0.022115470574432038 0.98677770152429789 0.015542038664006457 44.463163375854499 86.767615653018325
decision_type=2 2 2 2 2 2 2 2 2 2 2 2 2 2 2 2 2 2 2
left_child=1 5 -3 -4 -5 6 8 -8 -1 17 -11 12 13 -2 15 -14 -13 -7 -15
right_child=11 2 3 4 -6 9 7 -9 -10 10 -12 16 14 18 -16 -17 -18 -19 -20
leaf_value=1.2396461233870478e-06 0 0 0 0.00012048963914678033 0 0 5.0685983023797027e-05 0 -3.7105984118072398e-05 -6.1636396993330588e-05 0 0 0 -0.00010190276613952044 6.9391025983867903e-05 -3.9241042491264968e-05 -7.4896091619362442e-05 2.3573779884301909e-05 0
leaf_weight=2612 36 40 33 60 75 24 230 165 165 159 107 21 91 39 54 58 45 30 24
leaf_count=2612 36 40 33 60 75 24 230 165 165 159 107 21 91 39 54 58 45 30 24
internal_value=0 2.00573e-06 3.29937e-05 4.93145e-05 7.26746e-05 0 2.24943e-06 2.53696e-05 0 -2.0556e-05 -3.46887e-05 -1.4562e-05 0 -3.13976e-05 7.04026e-06 0 -5.56528e-05 0 -7.97966e-05
internal_weight=4068 3700 208 168 135 3492 3172 395 2777 320 266 368 302 99 203 149 66 54 63
internal_count=4068 3700 208 168 135 3492 3172 395 2777 320 266 368 302 99 203 149 66 54 63
is_linear=0
shrinkage=0.03


Tree=190
num_leaves=24
num_cat=0
split_feature=27 32 5 23 30 32 5 23 34 29 34 25 27 33 5 27 19 26 5 26 21 32 0
split_gain=0.000102433 0.000822115 0.00194936 0.000284252 0.000246596 0.000378029 0.000305307 0.000247497 0.000334445 0.000459651 0.000439398 0.000246696 0.000233579 0.000504198 0.000374371 0.000222199 0.000321957 0.0001077 0.000100962 9.40046e-05 7.86973e-05 3.64814e-05 1.40721e-05
threshold=0.098402645434815431 -0.008888193919753538 7593339.0000000009 -0.33228141515488824 20.698144389042408 -0.017442526076148209 4313763.0000000009 -0.55683953605268843 0.033191255282474137 86.122106216708218 -0.01227434942303973 -0.017942533081638287 0.23650248130680659 -0.033453947701974011 4585936.0000000009 -0.026184779689425983 53.565000534057624 1.2494708541553063 5194836.0000000009 1.1823269945260468 88.19442850748699 -0.0033213228041115701 48.785757064819343
decision_type=2 2 2 2 2 2 2 2 2 2 2 2 2 2 2 2 2 2 2 2 2 2 2
left_child=1 3 18 15 5 -2 22 8 10 -10 -6 -8 14 -14 -9 16 -1 -5 21 -17 -19 -3 -7
right_child=4 2 -4 17 7 6 11 12 9 -11 -12 -13 13 -15 -16 19 -18 20 -20 -21 -22 -23 -24
leaf_value=0 2.4011955235311838e-05 0 0.00035829297899800248 0 -1.3589481403672611e-07 -1.2870569083237359e-05 -8.2904233108596111e-05 0 -7.3363751727627231e-05 2.2840243301462695e-05 4.2257015301691479e-05 0 8.5440169535515247e-05 -3.153539834248413e-06 -7.3711469157337341e-05 -3.3682214390274882e-05 -7.9297203394123819e-05 7.687627276345943e-05 0 1.5557105058305941e-05 0 7.4814658025195346e-05 9.8387911369711179e-06
leaf_weight=36 34 22 20 39 166 50 152 70 80 36 478 20 59 2247 106 48 99 49 44 124 22 22 45
leaf_count=36 34 22 20 39 166 50 152 70 80 36 478 20 59 2247 106 48 99 49 44 124 22 22 45
internal_value=0 1.27964e-05 8.74072e-05 0 -1.32351e-06 -2.75197e-05 -4.532e-05 1.84094e-07 1.59566e-05 -1.76736e-05 2.66737e-05 -6.91685e-05 -3.43731e-06 0 -3.68821e-05 -2.08423e-05 -4.96758e-05 3.33454e-05 0 0 5.55438e-05 4.53921e-05 0
internal_weight=4068 525 108 417 3543 301 267 3242 760 116 644 172 2482 2306 176 307 135 110 88 172 71 44 95
internal_count=4068 525 108 417 3543 301 267 3242 760 116 644 172 2482 2306 176 307 135 110 88 172 71 44 95
is_linear=0
shrinkage=0.03


Tree=191
num_leaves=14
num_cat=0
split_feature=29 34 25 0 26 25 32 32 31 34 23 0 26
split_gain=0.000102227 0.000328537 0.000313343 0.000542814 0.000961989 0.000143313 0.000118942 0.000513485 0.000225261 0.000171526 0.000374764 0.000170601 7.91813e-05
threshold=91.209986124242448 0.0625000286560803 0.79079279330984897 37.431978225708015 1.6125646728847995 0.63107202642944438 0.025668455102732638 0.038693587605730946 0.0061826271547302811 -0.082334922536925467 -1.651250535413048 36.978618621826179 1.3481246776573741
decision_type=2 2 2 2 2 2 2 2 2 2 2 2 2
left_child=1 6 3 -3 -5 -2 9 8 -8 11 -11 -1 -9
right_child=5 2 -4 4 -6 -7 7 12 -10 10 -12 -13 -14
leaf_value=0 0 0 0 0.00028974865114183294 0 -7.210039922009038e-05 0 0 -7.0375946538868216e-05 4.2533366927080267e-05 0 -0.00010608218549991922 3.9806991014496009e-05
leaf_weight=22 87 25 20 23 20 41 43 21 147 205 3322 25 67
leaf_count=22 87 25 20 23 20 41 43 21 147 205 3322 25 67
internal_value=0 1.36386e-06 5.86465e-05 9.26856e-05 0.000157824 -2.571e-05 0 -1.88433e-05 -5.25929e-05 1.52411e-06 3.09361e-06 -5.23178e-05 1.99498e-05
internal_weight=4068 3940 88 68 43 128 3852 278 190 3574 3527 47 88
internal_count=4068 3940 88 68 43 128 3852 278 190 3574 3527 47 88
is_linear=0
shrinkage=0.03


Tree=192
num_leaves=15
num_cat=0
split_feature=2 23 2 3 35 5 26 27 5 23 5 19 2 23
split_gain=9.97905e-05 0.000743157 0.000120137 0.000580682 0.000433156 0.000255762 0.000265634 0.000293272 0.000188064 0.000507807 0.000328504 0.000161624 0.000120462 4.48942e-05
threshold=39.125000000000007 -0.56604127888765976 46.274999618530281 47.375000000000007 0.016151130709722586 9875650.5000000019 0.88873805906009085 0.55489597833950699 13815146.500000002 0.88073262342400949 10572990.000000002 43.81000022888184 47.274999618530281 0.51040706354009668
decision_type=2 2 2 2 2 2 2 2 2 2 2 2 2 2
left_child=1 -1 5 4 -4 6 7 -2 10 -10 -5 -8 -6 -7
right_child=2 -3 3 8 12 13 11 -9 9 -11 -12 -13 -14 -15
leaf_value=0 0 0.00018961770194350912 0 -6.6981587867085965e-07 0 -0.00012222443782423893 3.7882630258575338e-05 -8.1526608955484283e-05 -9.5160701104322957e-05 0 4.5226881219334506e-05 0 0.00017594144044597308 0
leaf_weight=31 144 21 33 3226 20 25 141 67 69 47 144 47 33 20
leaf_count=31 144 21 33 3226 20 25 141 67 69 47 144 47 33 20
internal_value=0 4.15178e-05 -3.62819e-08 1.02532e-06 7.81885e-05 -1.53305e-05 0 -2.93657e-05 -1.99318e-08 -3.81205e-05 4.02451e-07 1.74123e-05 0.000131356 -8.61288e-05
internal_weight=4068 52 4016 3572 86 444 399 211 3486 116 3370 188 53 45
internal_count=4068 52 4016 3572 86 444 399 211 3486 116 3370 188 53 45
is_linear=0
shrinkage=0.03


Tree=193
num_leaves=24
num_cat=0
split_feature=27 32 36 24 28 22 25 31 32 20 36 33 36 33 31 35 33 5 27 22 28 32 5
split_gain=9.75025e-05 0.000776835 0.00159061 0.000317574 0.000203648 0.00033789 0.000179301 0.000257069 0.000355715 0.000406464 0.000293577 0.000313478 0.000273515 0.000168364 0.00070385 0.000373306 0.000218991 0.000592134 0.0003821 0.000153693 5.98632e-05 5.79883e-05 4.03879e-06
threshold=0.093378592212026726 -0.008888193919753538 -0.0063999721619081148 0.33708722988471751 122937611.50000001 29.649281492485581 -0.31450790565230674 -0.0019147735742781611 -0.021915802294043604 81.1955514907837 0.0075949460369887827 -0.0095832234433597657 -0.005053058350761871 -0.015088346197075107 -0.00095922878908971654 0.022684968585852255 0.0013808968227488896 5539719.5000000009 0.48712725079616687 38.502033685546813 156957818.00000003 -0.011949834192641172 5194836.0000000009
decision_type=2 2 2 2 2 2 2 2 2 2 2 2 2 2 2 2 2 2 2 2 2 2 2
left_child=1 3 -3 4 5 -1 7 8 -2 -10 12 -12 -9 14 21 -16 17 -15 -18 -5 -6 -8 -4
right_child=6 2 22 19 20 -7 13 10 9 -11 11 -13 -14 16 15 -17 18 -19 -20 -21 -22 -23 -24
leaf_value=0 0 0.00030299873798829598 1.0641286561426605e-05 0 4.0968385773654325e-05 -6.1229278755897955e-05 2.9117785026894204e-06 0 -0.0001354561203607325 0 -0.00012271415824478626 0 5.6471593471991719e-05 0 0.00010937325103738233 0 3.0432971898240174e-05 -5.1551594384532934e-05 -2.2335253460990204e-06 8.2271882899366544e-05 0 -2.3180663413540725e-05 0
leaf_weight=96 35 24 32 24 32 158 255 31 59 79 29 70 111 625 93 26 382 271 1400 47 52 93 44
leaf_count=96 35 24 32 24 32 158 255 31 59 79 29 70 111 625 93 26 382 271 1400 47 52 93 44
internal_value=0 1.26821e-05 8.83319e-05 0 -1.76509e-05 -3.37024e-05 -1.28432e-06 -2.00858e-05 -4.79762e-05 -7.21336e-05 0 -3.9686e-05 2.75864e-05 2.3736e-07 1.75745e-05 8.0809e-05 -1.6663e-06 -1.44669e-05 3.08696e-06 5.03825e-05 0 0 0
internal_weight=4068 509 100 409 338 254 3559 414 173 138 241 99 142 3145 467 119 2678 896 1782 71 84 348 76
internal_count=4068 509 100 409 338 254 3559 414 173 138 241 99 142 3145 467 119 2678 896 1782 71 84 348 76
is_linear=0
shrinkage=0.03


Tree=194
num_leaves=22
num_cat=0
split_feature=27 27 32 30 32 5 30 25 22 13 32 25 25 25 5 28 24 5 32 2 21
split_gain=9.60147e-05 0.0011059 0.00161958 0.000187154 0.000299523 0.000327437 0.000232112 0.000405746 0.000450768 0.000223933 0.00032381 0.000192387 0.000186895 0.000165969 0.000100767 0.000291337 0.000205991 0.000162953 0.00013462 7.68857e-05 7.01086e-06
threshold=0.077361383547312548 0.064124271305811983 -0.0099992684915921042 20.698144389042408 -0.017442526076148209 4120147.5000000005 27.213126826962988 -0.24360578614647818 49.199997816608111 90.000000000000014 0.0010172930147458461 0.070515278628609249 -0.096671010195684345 -0.017942533081638287 8547416.5000000019 1.0000000180025095e-35 -0.55429223383871662 5963707.5000000009 -0.0095083760048655912 92.19931793212892 89.777214113871267
decision_type=2 2 2 2 2 2 2 2 2 2 2 2 2 2 2 2 2 2 2 2 2
left_child=1 14 -3 4 -2 20 7 8 -5 12 -11 -9 -8 -7 17 -16 -17 19 -19 -1 -6
right_child=3 2 -4 6 5 13 9 11 -10 10 -12 -13 -14 -15 15 16 -18 18 -20 -21 -22
leaf_value=-2.1783758966763705e-05 1.8368064795527855e-05 0 0.00033122387722243446 0.00011389584602010233 0 -6.9880173308092326e-05 -1.8105980067752689e-05 -1.4343381762633797e-05 0 7.7374710652510805e-05 0 7.2768822392256323e-05 0 0 0 -0.00010557264335761973 0 5.1968263670022435e-05 0 1.2588547272485791e-05 1.4478503393807574e-05
leaf_weight=134 37 25 23 75 63 179 644 144 24 76 25 27 2260 23 35 47 38 104 20 35 30
leaf_count=134 37 25 23 75 63 179 644 144 24 76 25 27 2260 23 35 47 38 104 20 35 30
internal_value=0 1.32827e-05 0.000149612 -1.18456e-06 -2.28548e-05 -3.81956e-05 9.68715e-08 2.74388e-05 7.57423e-05 -1.36233e-06 4.02969e-05 0 -3.84558e-06 -5.99033e-05 0 -2.53801e-05 -6.31679e-05 6.74328e-06 3.59049e-05 0 0
internal_weight=4068 461 48 3607 332 295 3275 270 99 3005 101 171 2904 202 413 120 85 293 124 169 93
internal_count=4068 461 48 3607 332 295 3275 270 99 3005 101 171 2904 202 413 120 85 293 124 169 93
is_linear=0
shrinkage=0.03


Tree=195
num_leaves=22
num_cat=0
split_feature=30 25 30 26 34 27 34 26 0 25 25 24 28 34 32 23 26 24 0 0 24
split_gain=9.52909e-05 0.00015532 0.000147799 0.000169479 0.000165388 0.000152038 0.000528033 0.000371088 0.000335388 0.000245427 0.000426785 0.000311476 0.000118265 0.000112422 0.000144191 0.000168887 6.592e-05 6.33347e-05 5.56304e-05 0.000162383 4.52563e-05
threshold=84.583542286369564 0.67882708138081183 78.54768442874105 1.5233768470682485 0.015665145183077937 0.82109419059962352 0.027558711526381122 1.5835746078849631 65.533752441406264 -0.092831181816067573 -0.12969336410490256 -0.18690929042580554 -76114653.499999985 0.032206330286483238 -0.0043410862578503453 0.75938744098868238 1.9163568377155504 1.3395878871896751 36.246168136596687 46.371179580688484 1.0971489779675447
decision_type=2 2 2 2 2 2 2 2 2 2 2 2 2 2 2 2 2 2 2 2 2
left_child=2 13 5 4 -4 9 8 -8 -7 10 -1 -11 -6 14 -2 -16 20 -3 -15 -20 -5
right_child=1 17 3 16 12 6 7 -9 -10 11 -12 -13 -14 18 15 -17 -18 -19 19 -21 -22
leaf_value=0 0 -8.1152523966356561e-05 0 -3.5582916824258832e-05 0 -6.485172969885732e-05 5.391179902421312e-05 -1.8340743977527087e-05 0 0 -5.2806154954626288e-05 2.6669932213284778e-05 7.8761184066741287e-05 0 -0.00011067508575019188 0 2.8960788854625733e-05 0 5.6005446521368224e-05 0 0
leaf_weight=1376 27 41 38 57 33 209 112 72 33 858 150 682 89 23 30 22 33 21 67 73 22
leaf_count=1376 27 41 38 57 33 209 112 72 33 858 150 682 89 23 30 22 33 21 67 73 22
internal_value=0 -1.55872e-05 1.77637e-06 2.30762e-05 4.31018e-05 0 -1.66718e-05 9.34897e-06 -4.88434e-05 2.44976e-06 -4.75089e-06 1.15327e-05 6.04567e-05 0 -3.315e-05 -6.44921e-05 0 -5.86581e-05 9.34869e-06 2.1427e-05 -1.99766e-05
internal_weight=4068 304 3764 272 160 3492 426 184 242 3066 1526 1540 122 242 79 52 112 62 163 140 79
internal_count=4068 304 3764 272 160 3492 426 184 242 3066 1526 1540 122 242 79 52 112 62 163 140 79
is_linear=0
shrinkage=0.03


Tree=196
num_leaves=18
num_cat=0
split_feature=2 5 2 3 35 5 33 0 5 24 5 32 0 0 24 33 20
split_gain=9.36216e-05 0.00061827 0.000203391 0.000547374 0.000411128 0.000276201 0.000568978 0.000172849 0.000168801 0.000418267 0.000309099 9.58475e-05 4.86052e-05 7.59573e-05 1.43974e-05 6.0575e-06 6.89894e-06
threshold=40.225000381469734 8841219.0000000019 46.274999618530281 47.375000000000007 0.016151130709722586 4541355.5000000009 0.0069995271777978383 37.766483306884773 13815146.500000002 -0.44512702894737233 10572990.000000002 -0.015279363199811878 35.434808731079109 36.523368835449226 -0.39705182778990628 -0.013426324002331956 38.158749961853033
decision_type=2 2 2 2 2 2 2 2 2 2 2 2 2 2 2 2 2
left_child=1 15 5 4 -4 12 11 -8 10 -10 -5 -7 14 -14 -2 -1 -17
right_child=2 -3 3 8 -6 6 7 -9 9 -11 -12 -13 13 -15 -16 16 -18
leaf_value=-1.0029985662852764e-05 5.3113221534903131e-05 0.00017845277026392963 0 -6.646844763527585e-07 0.00012771455671850031 0 -2.2694484901569598e-05 5.4629050668621e-05 -0.00010819534689983583 0 4.3857547347080519e-05 -0.00011694760093965832 -3.6575947766312542e-05 0 0 1.8244146411329214e-05 0
leaf_weight=46 20 20 33 3226 53 48 58 42 45 71 144 75 51 46 21 21 48
leaf_count=46 20 20 33 3226 53 48 58 42 45 71 144 75 51 46 21 21 48
internal_value=0 2.4883e-05 -3.93977e-07 9.84588e-07 7.59072e-05 -2.2339e-05 -4.38397e-05 0 -5.32386e-09 -3.61248e-05 3.48813e-07 -8.74246e-05 0 0 3.26243e-05 0 3.43234e-06
internal_weight=4068 135 3933 3572 86 361 223 100 3486 116 3370 123 138 97 41 115 69
internal_count=4068 135 3933 3572 86 361 223 100 3486 116 3370 123 138 97 41 115 69
is_linear=0
shrinkage=0.03


Tree=197
num_leaves=15
num_cat=0
split_feature=29 29 29 26 23 28 28 34 0 26 25 24 35 35
split_gain=9.62344e-05 0.000306398 0.000404882 0.000449101 0.00049373 0.000331134 0.000431916 0.00028274 0.000963567 0.000188592 0.000127585 8.90953e-06 3.1935e-07 5.57185e-06
threshold=91.209986124242448 87.557032933209612 82.007551538266924 1.4223420693386934 1.3276843899452475 10156006.000000002 137755931.50000003 0.046147707704375936 43.484535217285163 1.4435463495348106 0.63107202642944438 0.51094231217891151 0.020933758648940211 0.013098387611117731
decision_type=2 2 2 2 2 2 2 2 2 2 2 2 2 2
left_child=1 2 7 11 -5 -3 -7 9 -9 -1 12 -4 13 -2
right_child=10 5 3 4 -6 6 -8 8 -10 -11 -12 -13 -14 -15
leaf_value=-5.8584220754780326e-06 0 0 0 -0.0001165811897071938 0 0.000131413770483478 0 0.00015376335636663234 0 8.0851457751332226e-06 -6.8901217547687177e-05 1.5805062335245654e-05 0 -1.2119075053157357e-05
leaf_weight=1812 20 47 81 88 39 56 57 48 35 1645 41 32 31 36
leaf_count=1812 20 47 81 88 39 56 57 48 35 1645 41 32 31 36
internal_value=0 1.26652e-06 0 -3.81165e-05 -7.69719e-05 4.19748e-05 7.16176e-05 2.0965e-06 5.70036e-05 0 -2.50356e-05 0 0 -2.26346e-06
internal_weight=4068 3940 3780 240 127 160 113 3540 83 3457 128 113 87 56
internal_count=4068 3940 3780 240 127 160 113 3540 83 3457 128 113 87 56
is_linear=0
shrinkage=0.03


Tree=198
num_leaves=27
num_cat=0
split_feature=29 35 36 5 25 23 34 35 5 29 29 29 35 30 33 23 23 2 30 32 25 25 29 30 35 31
split_gain=9.59339e-05 0.00071195 0.00159306 0.00155725 0.000396479 0.000194337 0.000176785 0.000398728 0.00126054 0.000399575 0.000398283 0.000325635 0.000466964 0.000554708 0.000221719 0.000142942 0.000408522 0.000290967 0.000119873 0.000272097 0.000122328 9.60851e-05 9.08131e-05 9.02454e-05 5.78071e-05 3.8585e-05
threshold=16.215081427579982 0.019618672582740356 -0.0062499659914579848 5992227.0000000009 -0.85201764846392347 0.24273162166284482 -0.01227434942303973 0.019618672582740356 6495768.5000000009 20.057424028909761 44.166361752115414 43.23435284357538 0.015344367954956079 24.550800667646595 -0.0093925942053556515 -0.55683953605268843 0.3867785477447257 80.670837402343764 11.449442381039098 -0.006383663115502646 -0.34748026184864383 0.0093723651048097396 54.534563656664645 10.545968045325143 0.015020637194622715 -0.0018173467753428982
decision_type=2 2 2 2 2 2 2 2 2 2 2 2 2 2 2 2 2 2 2 2 2 2 2 2 2 2
left_child=1 2 3 24 -3 23 7 8 21 -10 14 12 25 -14 -9 17 -17 -13 20 -20 -4 -2 -12 -6 -1 -8
right_child=6 4 18 -5 5 -7 11 10 9 -11 22 15 13 -15 -16 16 -18 -19 19 -21 -22 -23 -24 -25 -26 -27
leaf_value=0 -1.1207947374591395e-05 2.1884838225555965e-05 -6.2984712829734888e-05 0.00031681586897459505 0 0 -1.8428372076465149e-05 -2.4437425014891899e-05 0 -0.00013317992275244797 9.9216515460090823e-05 3.4315905892552344e-05 0 8.1996220533866876e-05 2.6147457352597657e-05 -2.4785553844107817e-05 2.8147724697799841e-06 -4.8175798760244747e-06 0 7.1144557824447992e-05 0 2.3298665517781061e-05 0 -9.0391251510214615e-05 4.228296996404526e-05 4.8493879701546774e-06
leaf_weight=29 286 22 45 34 26 20 91 237 29 113 45 260 47 180 86 729 987 219 102 56 31 93 21 90 29 161
leaf_count=29 286 22 45 34 26 20 91 237 29 113 45 260 47 180 86 729 987 219 102 56 31 93 21 90 29 161
internal_value=0 1.28922e-05 4.24422e-05 0.00014814 -2.90911e-05 -5.93898e-05 -1.28072e-06 -1.31664e-05 -3.13436e-05 -0.00010764 3.47051e-06 1.64262e-06 2.46612e-05 5.59787e-05 -1.68003e-06 -2.01478e-06 -7.16315e-06 1.0165e-05 0 1.57193e-05 -3.00721e-05 0 7.40271e-05 -7.51082e-05 0 0
internal_weight=4068 484 326 92 158 136 3584 910 521 142 389 2674 479 227 323 2195 1716 479 234 158 76 379 66 116 58 252
internal_count=4068 484 326 92 158 136 3584 910 521 142 389 2674 479 227 323 2195 1716 479 234 158 76 379 66 116 58 252
is_linear=0
shrinkage=0.03


Tree=199
num_leaves=22
num_cat=0
split_feature=36 31 28 31 19 5 26 1 20 5 29 5 36 0 0 36 21 35 26 24 34
split_gain=9.93545e-05 0.000444062 0.000361879 0.000313923 0.000251799 0.000194837 0.000159239 0.000145613 0.000152647 0.000138611 0.00129144 0.000214924 0.000152483 0.00053256 0.000220801 0.000147631 0.000158708 0.000146011 0.000256242 0.000130092 4.28245e-05
threshold=0.012844554875967666 0.018879106851111497 64973878.500000007 -0.00083091755894271191 51.495000076293955 13815146.500000002 2.0978543123459432 48.774999618530281 63.983643150329591 11355735.500000002 12.544909524805542 9793349.5000000019 0.0030241982045188715 37.152999877929695 37.597881317138679 0.0059704323129224392 56.520833460489918 0.021906008988976638 1.7307221006346192 0.91698052365604588 -0.0045644851409085687
decision_type=2 2 2 2 2 2 2 2 2 2 2 2 2 2 2 2 2 2 2 2 2
left_child=9 3 7 -2 -5 19 -6 -3 -9 11 -11 12 14 -14 -1 16 -13 20 -19 -4 -12
right_child=1 2 5 4 6 -7 -8 8 -10 10 17 15 13 -15 -16 -17 -18 18 -20 -21 -22
leaf_value=-2.0317967226437315e-05 0 0 8.7481896199122154e-05 0 -9.4652606095273906e-05 0 0 -8.4723194847637003e-05 0 0.00024846381238569011 -8.266914120715444e-05 0 5.9437957155228151e-05 0 2.2969217150048328e-06 0 -8.9266049981870783e-05 6.171726756161008e-05 0 0 0
leaf_weight=460 21 41 76 42 125 22 20 43 23 21 20 29 178 741 1944 25 57 69 51 35 25
leaf_count=460 21 41 76 42 125 22 20 43 23 21 20 29 178 741 1944 25 57 69 51 35 25
internal_value=0 -1.28399e-05 4.65846e-06 -4.7439e-05 -6.3349e-05 4.66748e-05 -8.20763e-05 -1.95511e-05 -5.10095e-05 2.07215e-06 2.74566e-05 0 2.06278e-06 1.27708e-05 -7.83183e-07 -4.0172e-05 -6.02125e-05 0 1.64717e-05 6.47168e-05 -4.68107e-05
internal_weight=4068 448 240 208 187 133 145 107 66 3620 186 3434 3323 919 2404 111 86 165 120 111 45
internal_count=4068 448 240 208 187 133 145 107 66 3620 186 3434 3323 919 2404 111 86 165 120 111 45
is_linear=0
shrinkage=0.03


Tree=200
num_leaves=17
num_cat=0
split_feature=34 23 30 5 23 23 3 3 5 28 31 35 25 25 20 32
split_gain=9.43496e-05 0.000252871 0.000480436 0.000917475 0.000240197 0.000451556 0.000436803 0.000416785 0.000277077 0.000205596 0.000137733 0.000108302 9.11316e-05 8.6152e-05 5.31716e-05 1.64754e-05
threshold=-0.082334922536925467 -1.651250535413048 30.778091894559839 9464545.5000000019 -1.0502853388166036 -0.79539354310978172 48.125000000000007 65.916374206542983 13387555.500000002 -67185922.999999985 -0.00091703073932025692 0.024365984910966348 -0.50974856474080077 -0.13699089161620975 63.7512508392334 0.024630306694022001
decision_type=2 2 2 2 2 2 2 2 2 2 2 2 2 2 2 2
left_child=14 2 3 12 7 6 -6 9 -7 -3 -9 13 -2 -4 -1 -13
right_child=1 4 11 -5 5 8 -8 10 -10 -11 -12 15 -14 -15 -16 -17
leaf_value=0 0 0 0 0.00022241281774840657 0 -2.9545073399943594e-06 6.9681013163737338e-05 -6.9533924957709695e-05 4.4995514724577053e-05 6.9126899398346667e-05 0 -6.5372740534059269e-05 3.3727798502099143e-05 4.5938908264939631e-05 -6.9071836696552757e-05 0
leaf_weight=21 35 47 31 30 36 3078 166 144 110 41 146 26 72 37 27 21
leaf_count=21 35 47 31 30 36 3078 166 144 110 41 146 26 72 37 27 21
internal_value=0 9.30026e-07 3.02607e-05 6.95533e-05 -2.36176e-07 1.47483e-06 4.52256e-05 -2.35117e-05 -3.57662e-07 1.13557e-05 -4.44337e-05 0 0 3.33714e-06 -4.11471e-05 -4.53139e-05
internal_weight=4068 4020 252 137 3768 3390 202 378 3188 88 290 115 107 68 48 47
internal_count=4068 4020 252 137 3768 3390 202 378 3188 88 290 115 107 68 48 47
is_linear=0
shrinkage=0.03


Tree=201
num_leaves=26
num_cat=0
split_feature=31 20 20 30 5 20 31 23 27 30 31 20 22 22 34 2 35 23 31 2 26 22 25 0 20
split_gain=9.53955e-05 0.000313488 0.00082317 0.000637748 0.0011124 0.000356642 0.000385877 0.000516594 0.000333263 0.000340048 0.000305177 0.00032934 0.00027481 0.000267839 0.000667351 0.000252806 0.000205302 0.000222869 0.000168443 0.000342114 0.000185049 0.000165481 4.48558e-05 4.17584e-05 2.76745e-05
threshold=0.0044593482766626122 67.330913066864028 57.406249904632574 70.698542019083774 4453305.0000000009 76.403366279602054 -0.0027808710242119279 -0.64268297589055468 0.8731012807642905 28.64695930724039 0.0059627232154412244 95.088578414916995 64.110887016313583 31.633850576871158 -0.051441498345997698 46.274999618530281 0.010748825392505702 -0.39118461465241688 0.013709692463304448 52.475000381469734 1.1761562958242722 45.178067208515181 -0.1259176135989282 55.574693679809577 72.163300514221206
decision_type=2 2 2 2 2 2 2 2 2 2 2 2 2 2 2 2 2 2 2 2 2 2 2 2 2
left_child=1 2 8 4 -4 6 7 -3 9 -1 11 12 22 14 -7 -10 17 -12 19 -18 -20 -15 -2 -19 -8
right_child=10 5 3 -5 -6 13 24 -9 15 -11 16 -13 -14 21 -16 -17 18 23 20 -21 -22 -23 -24 -25 -26
leaf_value=2.4471059829354273e-05 0 -0.00012189189657414468 0 0 0.00015859538569485486 0.00017658622257971646 2.0528973178387862e-05 0 0 -1.7802491202768496e-05 0 0 0 -1.7171928074005273e-05 0 0.00010232298497966641 7.4862783421567089e-06 0.00010554800243465193 -1.7385580085362077e-05 -3.4096096325318727e-05 1.7669555977472716e-05 5.3908031601715967e-06 -9.9326178999557043e-05 0 0
leaf_weight=221 30 77 50 57 104 27 59 132 20 557 44 32 22 429 89 50 148 36 144 401 412 772 92 20 43
leaf_count=221 30 77 50 57 104 27 59 132 20 557 44 32 22 429 89 50 148 36 144 401 412 772 92 20 43
internal_value=0 3.65972e-06 1.68973e-05 7.02988e-05 0.000102443 -3.10906e-06 -3.27316e-05 -5.70513e-05 6.58021e-08 -1.93705e-06 -6.00884e-06 -4.29284e-05 -6.56432e-05 1.61032e-06 4.58844e-05 6.50931e-05 0 4.0477e-05 -4.33523e-06 -1.74235e-05 3.19432e-06 -1.71705e-07 -8.43271e-05 8.06154e-05 0
internal_weight=4068 2687 1059 211 154 1628 311 209 848 778 1381 176 144 1317 116 70 1205 100 1105 549 556 1201 122 56 102
internal_count=4068 2687 1059 211 154 1628 311 209 848 778 1381 176 144 1317 116 70 1205 100 1105 549 556 1201 122 56 102
is_linear=0
shrinkage=0.03


Tree=202
num_leaves=24
num_cat=0
split_feature=36 31 28 31 33 28 23 1 3 33 0 23 20 23 22 20 23 36 28 3 25 0 24
split_gain=9.54419e-05 0.000409577 0.000329097 0.000301891 0.000238528 0.00014415 0.000139297 0.000375699 0.000334522 0.000415293 0.000399405 0.000173751 0.000395031 0.000357886 0.000388403 0.000344151 0.000197897 0.000121611 9.69191e-05 2.70098e-05 1.13802e-05 6.9429e-06 4.16466e-06
threshold=0.012844554875967666 0.018879106851111497 64973878.500000007 -0.00083091755894271191 0.01358623794981806 -7284402.4999999991 -1.6812169612592027 52.824998855590827 67.666904449462905 0.0064061444966407874 32.188335418701179 -1.0502853388166036 64.559594058990498 -0.77448970223107227 35.159833912594529 47.837500190734872 -0.2008960226952041 0.0048309223839762497 271759352.50000006 55.574998855590827 0.018830734604797793 41.833238601684577 1.0000000180025095e-35
decision_type=2 2 2 2 2 2 2 2 2 2 2 2 2 2 2 2 2 2 2 2 2 2 2
left_child=6 3 5 -2 19 22 7 -1 10 -10 -9 12 15 14 -13 -8 -15 -14 20 -5 -4 -6 -3
right_child=1 2 18 4 21 -7 11 8 9 -11 -12 13 17 16 -16 -17 -18 -19 -20 -21 -22 -23 -24
leaf_value=0.00013282126838195726 0 9.549706842899861e-06 0 0 0 -6.3125967836746323e-05 0 0 7.4349208464089499e-05 0 -0.00014527166302603789 0 -4.9791790161864296e-05 -1.2181413323513937e-05 6.4538253696455659e-05 9.7927785316647296e-05 5.1335222021832216e-06 0 0 -0.00010742176077863197 7.3130462046184529e-05 -1.1642361775069915e-05 0
leaf_weight=27 21 41 42 31 28 42 30 25 95 43 24 55 226 848 167 36 1983 61 24 82 67 46 24
leaf_count=27 21 41 42 31 28 42 30 25 95 43 24 55 226 848 167 36 1983 61 24 82 67 46 24
internal_value=0 -1.2615e-05 3.666e-06 -4.58096e-05 -6.15324e-05 -1.88435e-05 2.00742e-06 2.55674e-05 0 3.31685e-05 -5.5113e-05 0 -1.93371e-05 2.8237e-06 3.94948e-05 2.34853e-05 0 -3.96388e-05 4.43151e-05 -9.03417e-05 5.65274e-05 0 0
internal_weight=4068 448 240 208 187 107 3620 214 187 138 49 3406 353 3053 222 66 2831 287 133 113 109 74 65
internal_count=4068 448 240 208 187 107 3620 214 187 138 49 3406 353 3053 222 66 2831 287 133 113 109 74 65
is_linear=0
shrinkage=0.03


Tree=203
num_leaves=14
num_cat=0
split_feature=26 0 4 26 20 35 29 34 1 30 13 34 26
split_gain=9.50366e-05 0.000541866 0.00116142 0.000220736 0.000279189 0.000177407 0.000160393 0.000243908 0.000273931 0.000211905 0.000155087 9.3332e-05 6.11789e-05
threshold=0.80565871991588955 35.744647979736335 39.524999618530281 0.83739655105497046 47.837500190734872 0.019315552673959537 92.345447046404757 0.0625000286560803 72.839885711669936 88.83496566173504 90.000000000000014 0.065583351186747199 0.77764821160098319
decision_type=2 2 2 2 2 2 2 2 2 2 2 2 2
left_child=1 2 -1 4 5 -2 7 10 -9 -8 -5 -11 -3
right_child=3 12 -4 6 -6 -7 9 8 -10 11 -12 -13 -14
leaf_value=0.00027685162259852818 -0.00013008040363672691 -2.8228201437909991e-05 0 -9.81828136327272e-07 0 0 0 8.1142501933978108e-05 0 0 3.1753822835920574e-05 -0.00013049653976193447 0
leaf_weight=21 36 69 46 3482 29 31 43 72 29 23 135 24 28
leaf_count=21 36 69 46 3482 29 31 43 72 29 23 135 24 28
internal_value=0 2.26634e-05 9.2326e-05 -5.64928e-07 -4.56093e-05 -8.19998e-05 0 1.52607e-06 4.75072e-05 -3.88077e-05 0 -8.32473e-05 0
internal_weight=4068 164 67 3904 96 67 3808 3718 101 90 3617 47 97
internal_count=4068 164 67 3904 96 67 3808 3718 101 90 3617 47 97
is_linear=0
shrinkage=0.03


Tree=204
num_leaves=22
num_cat=0
split_feature=30 30 5 36 24 30 30 27 22 25 31 0 27 27 20 31 0 0 0 24 36
split_gain=9.22756e-05 0.000218758 0.000212297 0.00023548 0.00023362 0.000154973 0.000248383 0.000263478 0.000261451 0.000196572 0.000297822 0.000129205 0.000175799 0.000122094 0.000160806 0.000111977 5.77734e-05 8.37576e-05 1.71926e-05 1.36849e-05 6.51415e-07
threshold=82.93147080107785 78.54768442874105 3504982.0000000005 0.012844554875967666 0.52565398566959953 72.384959407313318 65.458364796928322 0.82109419059962352 50.800313589169455 0.029045045984081478 0.0039455590862650389 41.683755874633796 0.82978568012761966 0.97974190563245356 69.759999847412118 0.015412973426850553 37.055780410766609 33.519186019897468 44.463163375854499 0.70002802189628544 -0.0054380776428615231
decision_type=2 2 2 2 2 2 2 2 2 2 2 2 2 2 2 2 2 2 2 2 2
left_child=1 5 -3 4 -4 6 7 -1 -8 18 -11 16 -13 14 -14 -15 17 -2 -7 -19 -18
right_child=11 2 3 -5 -6 9 8 -9 -10 10 -12 12 13 15 -16 -17 20 19 -20 -21 -22
leaf_value=1.5546003140654343e-06 0 0 0 0 0.00010750752088022768 0 0 -3.3710726144832958e-05 4.3507847551832931e-05 -5.994710935122446e-05 0 -7.1801148370101265e-05 6.6543780381663929e-05 -6.0796311397153653e-05 0 0 0 -5.4948478877141137e-05 2.2672963238930776e-05 0 3.7588301532703503e-05
leaf_weight=2617 20 24 89 24 71 24 103 203 249 159 107 67 35 54 55 31 20 29 30 20 37
leaf_count=2617 20 24 89 24 71 24 103 203 249 159 107 67 35 54 55 31 20 29 30 20 37
internal_value=0 1.77243e-06 3.16536e-05 4.65877e-05 6.18023e-05 0 1.99927e-06 0 2.59017e-05 -1.99026e-05 -3.37837e-05 -1.39296e-05 -2.78449e-05 0 1.08978e-05 -3.41395e-05 0 -1.5427e-06 0 -3.92253e-05 3.01286e-05
internal_weight=4068 3700 208 184 160 3492 3172 2820 352 320 266 368 242 175 90 85 126 69 54 49 57
internal_count=4068 3700 208 184 160 3492 3172 2820 352 320 266 368 242 175 90 85 126 69 54 49 57
is_linear=0
shrinkage=0.03


Tree=205
num_leaves=18
num_cat=0
split_feature=25 32 27 32 29 29 26 0 0 4 31 30 33 29 27 28 30
split_gain=9.00996e-05 0.000385955 0.000284285 0.000255266 0.000243578 0.000214859 0.000231052 0.000171159 0.000657795 0.000335005 0.000117727 0.000107886 8.4899e-05 6.27848e-05 3.49918e-05 7.36893e-05 2.63275e-05
threshold=0.56639309739550114 0.038693587605730946 1.0498438621319537 0.025668455102732638 82.007551538266924 87.557032933209612 1.5870082910846042 35.744647979736335 35.046480178833015 45.925001144409187 -0.0067130517758672284 75.139224514681629 0.0050681225197622979 62.229061870858224 0.71178940801579926 59032060.500000007 91.219163533805968
decision_type=2 2 2 2 2 2 2 2 2 2 2 2 2 2 2 2 2
left_child=1 3 14 7 11 6 -5 8 -1 -9 -6 13 -13 -2 15 -3 -12
right_child=4 2 -4 5 10 -7 -8 9 -10 -11 16 12 -14 -15 -16 -17 -18
leaf_value=0 -5.0051743463244513e-05 6.6527629890626632e-05 0.0001379985941974359 0 0 0 -8.8080495814769379e-05 -3.3734287587602142e-05 8.9141729771000214e-05 2.0865201785091223e-06 -7.49500609003705e-05 0 8.0619730849331502e-05 0 0 0 0
leaf_weight=345 24 22 32 87 20 26 80 254 95 2834 75 31 26 33 35 21 28
leaf_count=345 24 22 32 87 20 26 80 254 95 2834 75 31 26 33 35 21 28
internal_value=0 1.45259e-06 5.68187e-05 0 -1.75474e-05 -3.37621e-05 -4.9744e-05 1.65208e-06 1.92847e-05 0 -4.87226e-05 0 4.04071e-05 -8.23093e-06 0 2.70312e-05 -6.21456e-05
internal_weight=4068 3831 110 3721 237 193 167 3528 440 3088 123 114 57 57 78 43 103
internal_count=4068 3831 110 3721 237 193 167 3528 440 3088 123 114 57 57 78 43 103
is_linear=0
shrinkage=0.03


Tree=206
num_leaves=17
num_cat=0
split_feature=34 33 5 31 26 0 0 26 22 25 34 26 36 0 5 1
split_gain=9.51362e-05 0.000239926 0.000634203 0.00194231 0.000388761 0.000412831 0.000194533 0.000180905 0.000457949 0.00044453 0.000261442 0.000438331 0.000264973 0.000178527 9.28622e-05 2.0557e-05
threshold=-0.082334922536925467 -0.017218710139040912 11355735.500000002 -0.013057675727659311 0.93027487978439016 47.271577835083015 36.978618621826179 1.8877429900758094 49.290521607512517 -0.30587861701113417 -0.028366184589691475 1.1005814589788516 0.0091710659960516795 40.842185974121101 6349678.5000000009 63.149999618530281
decision_type=2 2 2 2 2 2 2 2 2 2 2 2 2 2 2 2
left_child=6 2 4 15 13 -6 -1 10 9 -9 11 -3 -12 -2 -10 -4
right_child=1 7 3 -5 5 -7 -8 8 14 -11 12 -13 -14 -15 -16 -17
leaf_value=0 -5.9830672920987665e-05 0 2.7949533370487821e-05 0.00034538694558625425 4.023110265551209e-05 -6.1765786819697326e-07 -0.00010135023354689971 0 0 9.8924259049400803e-05 1.0722944164032211e-06 -8.5064162736309736e-05 -2.1800666637040527e-05 0 -2.8203254485969496e-05 -6.0237440311939119e-06
leaf_weight=23 99 36 22 21 330 296 25 73 137 92 2131 97 527 20 105 34
leaf_count=23 99 36 22 21 330 296 25 73 137 92 2131 97 527 20 105 34
internal_value=0 8.46221e-07 1.58005e-05 9.98695e-05 3.07295e-06 1.61275e-05 -4.14759e-05 -2.05988e-06 1.47927e-05 5.50983e-05 -5.59271e-06 -4.81131e-05 -2.33474e-06 -4.03673e-05 -3.08197e-07 0
internal_weight=4068 4020 822 77 745 626 48 3198 407 165 2791 133 2658 119 242 56
internal_count=4068 4020 822 77 745 626 48 3198 407 165 2791 133 2658 119 242 56
is_linear=0
shrinkage=0.03


Tree=207
num_leaves=14
num_cat=0
split_feature=26 31 36 26 20 29 29 29 28 2 26 32 32
split_gain=9.10069e-05 0.000556848 0.000591311 0.000203104 0.000264957 0.000147083 0.000232901 0.000368798 0.000246153 0.000207036 0.000108233 3.76709e-05 1.52036e-05
threshold=0.80565871991588955 -0.0051351536198040995 -0.0074336679718996742 0.83739655105497046 47.837500190734872 92.345447046404757 87.557032933209612 81.548399252301138 10156006.000000002 74.193866729736342 0.77764821160098319 -0.0050425658725478098 0.0040373631291980025
decision_type=2 2 2 2 2 2 2 2 2 2 2 2 2
left_child=1 2 -1 4 12 6 7 -5 -8 -7 11 -3 -2
right_child=3 10 -4 5 -6 9 8 -9 -10 -11 -12 -13 -14
leaf_value=0 -0.00010060667246131074 0 0.00021066596655479344 2.3597175171861935e-06 0 -8.4966271817241186e-05 0 -3.5554979635004754e-05 5.6362352960597199e-05 0 1.4200803120201771e-05 -5.1319150306151085e-05 0
leaf_weight=24 43 20 25 3283 29 43 49 248 138 47 49 46 24
leaf_count=24 43 20 25 3283 29 43 49 248 138 47 49 46 24
internal_value=0 2.2162e-05 0.000108851 -5.78727e-07 -4.3769e-05 0 1.42554e-06 0 3.4069e-05 -3.72201e-05 0 -3.6385e-05 -7.93568e-05
internal_weight=4068 164 49 3904 96 3808 3718 3531 187 90 115 66 67
internal_count=4068 164 49 3904 96 3808 3718 3531 187 90 115 66 67
is_linear=0
shrinkage=0.03


Tree=208
num_leaves=16
num_cat=0
split_feature=2 23 20 2 3 29 34 34 35 26 22 26 34 28 23
split_gain=8.88107e-05 0.000610759 0.000496784 0.000175782 0.000498466 0.000316907 0.000212442 0.000217751 0.000178363 0.000177799 0.000152611 0.000288469 7.86827e-05 2.07486e-05 4.71636e-05
threshold=40.225000381469734 -0.25195886375646376 40.056250190734865 46.274999618530281 46.175001144409187 37.069495790977108 -0.082334922536925467 -0.050340020542978252 0.014116368407948344 0.80565871991588955 52.483131596092299 0.83187978249881045 0.013366872769325468 -188231289.99999997 -0.64268297589055468
decision_type=2 2 2 2 2 2 2 2 2 2 2 2 2 2 2
left_child=1 13 -3 5 -5 8 -6 -8 -2 -10 11 -7 -12 14 -1
right_child=3 2 -4 4 6 10 7 -9 9 -11 12 -13 -14 -15 -16
leaf_value=0 0 0.00022579441831328007 0 0.00011328813677404172 -7.4805308965852753e-05 0 3.9129494692472117e-05 -2.546499585599977e-07 0 -9.821929103624876e-05 0 8.2344741892162988e-05 -3.4743586760194241e-05 0 -3.953726934268826e-05
leaf_weight=28 23 21 20 35 34 42 128 3375 20 79 41 50 106 27 39
leaf_count=28 23 21 20 35 34 42 128 3375 20 79 41 50 106 27 39
internal_value=0 2.41747e-05 0.000123674 -4.97954e-07 7.21864e-07 -2.08725e-05 0 3.29143e-07 -6.02027e-05 -7.80088e-05 0 2.94888e-05 -1.97298e-05 0 -1.66822e-05
internal_weight=4068 135 41 3933 3572 361 3537 3503 122 99 239 92 147 94 67
internal_count=4068 135 41 3933 3572 361 3537 3503 122 99 239 92 147 94 67
is_linear=0
shrinkage=0.03


Tree=209
num_leaves=25
num_cat=0
split_feature=36 31 28 31 33 5 28 31 5 33 20 28 35 31 33 25 20 26 5 35 35 26 26 0
split_gain=8.43244e-05 0.000384386 0.000318173 0.000290124 0.000226859 0.000189624 0.000134752 0.000131794 0.000559239 0.00208429 0.000281035 0.000873116 0.000495697 0.000285116 0.000542748 0.000139109 0.000136299 0.000361646 0.000219376 0.000111985 0.000107225 7.62925e-05 7.08411e-05 5.4265e-06
threshold=0.012844554875967666 0.018879106851111497 64973878.500000007 -0.00083091755894271191 0.01358623794981806 13815146.500000002 -7284402.4999999991 -0.019560817424331464 11355735.500000002 -0.016727737335721856 66.418754291534427 111405018.00000001 0.024365984910966348 -0.026604737058152191 -0.032232080226519182 -0.011129901080345698 87.104483222961434 1.2716661481233322 6933016.0000000009 0.01912045581084643 0.021906008988976638 1.0541514468750803 1.1513843667452379 41.833238601684577
decision_type=2 2 2 2 2 2 2 2 2 2 2 2 2 2 2 2 2 2 2 2 2 2 2 2
left_child=7 3 6 -2 21 -4 22 10 16 -10 13 12 -12 14 -1 -15 17 -9 -18 -13 -11 -5 -3 -6
right_child=1 2 5 4 23 -7 -8 8 9 20 11 19 -14 15 -16 -17 18 -19 -20 -21 -22 -23 -24 -25
leaf_value=0.00015114647875813045 0 -1.0490408069154701e-05 6.1796600960550965e-05 0 0 0 -6.1077145995647414e-05 -3.4930842191723129e-06 0.00028926747333805658 -4.7848861418103041e-05 0 -4.2302617957792334e-05 -0.00020214950230419928 -6.9809763823234841e-05 0 0 0 1.9290054587732477e-05 -3.7565011370061397e-05 2.7894939546246384e-05 2.0816165606601757e-05 -0.00010051878370766364 5.4083874504735205e-05 -1.0292736139555543e-05
leaf_weight=32 21 45 111 20 28 22 42 1166 29 32 23 24 38 28 21 29 853 1044 174 74 53 93 20 46
leaf_count=32 21 45 111 20 28 22 42 1166 29 32 23 24 38 28 21 29 853 1044 174 74 53 93 20 46
internal_value=0 -1.19338e-05 3.55086e-06 -4.421e-05 -5.97451e-05 4.36509e-05 -1.82762e-05 1.82638e-06 4.18238e-06 7.00006e-05 -1.63653e-05 -4.51969e-05 -0.000134834 0 6.79065e-05 -1.43419e-05 9.3556e-07 5.91261e-06 -6.85324e-06 0 0 -8.78076e-05 0 0
internal_weight=4068 448 240 208 187 133 107 3620 3351 114 269 159 61 110 53 57 3237 2210 1027 98 85 113 65 74
internal_count=4068 448 240 208 187 133 107 3620 3351 114 269 159 61 110 53 57 3237 2210 1027 98 85 113 65 74
is_linear=0
shrinkage=0.03


Tree=210
num_leaves=15
num_cat=0
split_feature=26 31 30 26 21 29 29 29 28 30 26 32 32 32
split_gain=8.40703e-05 0.00052052 0.000618509 0.000189818 0.00018403 0.000141977 0.000305054 0.000346293 0.00026777 0.000181759 0.000101121 7.29811e-05 5.29702e-05 3.45274e-05
threshold=0.80565871991588955 -0.0051351536198040995 33.610400297318641 0.83739655105497046 46.069999980926518 91.209986124242448 87.557032933209612 81.548399252301138 10156006.000000002 83.90765516486907 0.77764821160098319 0.009724822947356106 0.0040373631291980025 -0.0050425658725478098
decision_type=2 2 2 2 2 2 2 2 2 2 2 2 2 2
left_child=1 2 -1 4 12 6 7 -5 -8 -7 13 -11 -2 -3
right_child=3 10 -4 5 -6 9 8 -9 -10 11 -12 -13 -14 -15
leaf_value=0.00023385207973239912 -0.00010196472655075245 0 0 2.2176344189668075e-06 0 0 0 -3.4512650653656148e-05 6.8026738804014686e-05 0 1.3373628229630942e-05 -7.2140087793066257e-05 0 -4.9575576698862071e-05
leaf_weight=20 37 20 29 3283 39 32 44 248 113 21 49 67 20 46
leaf_count=20 37 20 29 3283 39 32 44 248 113 21 49 67 20 46
internal_value=0 2.12468e-05 0.000105118 -6.37054e-07 -4.23578e-05 0 1.45841e-06 0 4.23973e-05 -3.16011e-05 0 -5.67287e-05 -7.69434e-05 -3.52701e-05
internal_weight=4068 164 49 3904 96 3808 3688 3531 157 120 115 88 57 66
internal_count=4068 164 49 3904 96 3808 3688 3531 157 120 115 88 57 66
is_linear=0
shrinkage=0.03


Tree=211
num_leaves=17
num_cat=0
split_feature=34 23 30 5 23 23 26 36 2 0 26 35 1 36 32 32
split_gain=8.37749e-05 0.000214096 0.00038017 0.000832053 0.000234055 0.000388042 0.000628494 0.000311816 0.000233696 0.00018041 0.000174373 8.99041e-05 8.62418e-05 6.97856e-05 3.09521e-05 2.05023e-05
threshold=-0.082334922536925467 -1.6251327600532333 30.778091894559839 9464545.5000000019 -1.0502853388166036 -0.79539354310978172 1.1761562958242722 0.0058068586482271185 39.125000000000007 36.978618621826179 1.1191263536569107 0.02476482100047989 66.129295349121108 0.00059525341563356848 0.0036263331983944496 0.024630306694022001
decision_type=2 2 2 2 2 2 2 2 2 2 2 2 2 2 2 2
left_child=9 2 3 14 7 6 -6 10 -7 -1 -3 13 -9 -4 -2 -13
right_child=1 4 11 -5 5 8 -8 12 -10 -11 -12 15 -14 -15 -16 -17
leaf_value=0 1.8533440824983027e-05 0 3.5371131524753454e-05 0.00020328619130707411 0 6.8047788818731831e-05 8.1611723526385846e-05 5.1645646127917166e-05 -2.242984129791442e-06 -9.6912936275487244e-05 -5.2200233524636689e-05 -6.6672966781818204e-05 0 0 0 0
leaf_weight=23 81 24 51 31 64 42 138 29 3146 25 236 22 73 29 32 22
leaf_count=23 81 24 51 31 64 42 138 29 3146 25 236 22 73 29 32 22
internal_value=0 7.09554e-07 2.69149e-05 6.10098e-05 -3.63371e-07 1.2591e-06 4.18621e-05 -2.38384e-05 -3.7384e-07 -3.90568e-05 -4.32443e-05 0 0 3.74767e-06 0 -4.25355e-05
internal_weight=4068 4020 268 144 3752 3390 202 362 3188 48 260 124 102 80 113 44
internal_count=4068 4020 268 144 3752 3390 202 362 3188 48 260 124 102 80 113 44
is_linear=0
shrinkage=0.03


Tree=212
num_leaves=17
num_cat=0
split_feature=25 32 35 34 32 34 33 26 25 26 5 0 23 0 35 2
split_gain=8.14868e-05 0.000363926 0.000604804 0.00035621 0.000238015 0.000262829 0.000209646 0.000191074 0.000174249 0.000371459 0.000284592 0.000118591 8.70123e-05 0.00014 2.03927e-05 2.84576e-06
threshold=0.56639309739550114 0.038693587605730946 0.026736704560685109 0.027164179848933049 0.025668455102732638 0.050613689460233487 -1.0000000180025095e-35 1.5870082910846042 -0.31450790565230674 1.5618675001874041 8841219.0000000019 38.065500259399421 0.3867785477447257 44.463163375854499 0.022501617610114742 83.575271606445327
decision_type=2 2 2 2 2 2 2 2 2 2 2 2 2 2 2 2
left_child=1 4 -3 6 8 7 -2 -6 10 -10 -1 -4 15 14 -14 -5
right_child=3 2 11 12 5 -7 -8 -9 9 -11 -12 -13 13 -15 -16 -17
leaf_value=0 0 0 0 -0.00010176438406075235 0 0 7.8636477804637595e-05 -8.9910656566410084e-05 0 2.2937749520490453e-05 -4.8756555437098319e-05 0.00016292988983002702 2.9840161267958283e-05 -4.2324729537331129e-05 0 0
leaf_weight=547 23 53 20 43 81 36 34 76 2043 797 141 37 23 69 20 25
leaf_count=547 23 53 20 43 81 36 34 76 2043 797 141 37 23 69 20 25
internal_value=0 1.2797e-06 5.50623e-05 -1.68182e-05 0 -3.27153e-05 1.97099e-05 -5.31156e-05 1.46187e-06 5.47307e-06 -1.07345e-05 0.000124011 -4.50474e-05 0 7.16981e-06 -8.07256e-05
internal_weight=4068 3831 110 237 3721 193 57 157 3528 2840 688 57 180 112 43 68
internal_count=4068 3831 110 237 3721 193 57 157 3528 2840 688 57 180 112 43 68
is_linear=0
shrinkage=0.03


Tree=213
num_leaves=24
num_cat=0
split_feature=31 20 26 28 20 31 30 36 31 20 22 22 22 26 33 26 28 22 21 35 36 3 19
split_gain=8.25019e-05 0.000300479 0.000759815 0.000357204 0.000334395 0.000360979 0.000482216 0.00029693 0.000285916 0.000316579 0.000266068 0.000246452 0.0003381 0.000191019 0.000530428 0.000342121 0.000502468 0.000232904 0.000154496 0.000146395 0.000143716 9.91622e-05 3.92842e-05
threshold=0.0044593482766626122 67.330913066864028 1.9163568377155504 107555540.00000001 76.403366279602054 -0.0027808710242119279 77.787688051188226 -0.0046775706764952745 0.0059627232154412244 95.088578414916995 64.110887016313583 31.633850576871158 30.422872680373782 1.5998517015363538 0.0013808968227488896 1.4344426664235785 106738087.50000001 47.361846596035846 80.60888665517173 0.013986052590855542 0.014567333497356406 98.325000762939467 71.196535491943379
decision_type=2 2 2 2 2 2 2 2 2 2 2 2 2 2 2 2 2 2 2 2 2 2 2
left_child=1 2 3 19 5 6 -3 -5 9 10 -2 12 -6 15 21 20 -17 -16 -13 -1 -10 -15 -7
right_child=8 4 -4 7 11 22 -8 -9 13 -11 -12 18 -14 14 17 16 -18 -19 -20 -21 -22 -23 -24
leaf_value=2.0165924319727824e-05 -8.23398489961525e-05 -7.7330601930505555e-05 0.00015722645394416356 0 0 2.6303874486496886e-05 0 0.00015881415872015699 4.5557602882504359e-06 0 0 2.3208243371979496e-05 0.00015446323079396272 -8.4829228971811235e-05 5.1386371395582554e-05 0.00010082917376456274 0 -9.9394501059793565e-06 -7.113920226619586e-06 -3.0413259045620182e-06 -2.8845068807805149e-05 0 0
leaf_weight=313 122 180 36 20 94 51 29 26 415 32 22 161 22 95 70 80 132 248 1040 664 145 20 51
leaf_count=313 122 180 36 20 94 51 29 26 415 32 22 161 22 95 70 80 132 248 1040 664 145 20 51
internal_value=0 3.23601e-06 1.62553e-05 8.34729e-06 -3.39076e-06 -3.19779e-05 -5.54538e-05 9.2102e-05 -5.77829e-06 -4.15102e-05 -6.38983e-05 1.08406e-06 4.38256e-05 0 -1.64858e-05 8.37914e-06 4.13194e-05 0 -5.4978e-07 1.32454e-06 0 -7.19043e-05 0
internal_weight=4068 2687 1059 1023 1628 311 209 46 1381 176 144 1317 116 1205 433 772 212 318 1201 977 560 115 102
internal_count=4068 2687 1059 1023 1628 311 209 46 1381 176 144 1317 116 1205 433 772 212 318 1201 977 560 115 102
is_linear=0
shrinkage=0.03


Tree=214
num_leaves=28
num_cat=0
split_feature=27 25 19 23 25 24 34 35 5 30 25 3 35 32 32 33 32 5 32 25 36 36 0 5 0 33 32
split_gain=8.13425e-05 0.00038138 0.000671916 0.000274352 0.000315946 0.000314847 0.000381453 0.000350692 0.000258875 0.000362978 0.000221128 0.000352837 0.000283133 0.000205812 0.000497058 0.00046673 0.000308771 0.000256762 0.000571054 0.000194155 0.00035679 0.000189225 0.000211654 0.000180768 0.000142564 8.92341e-05 7.18622e-05
threshold=0.53591499484055627 -0.01492927551327594 39.930000686645521 0.16180587651898296 0.23291151815614533 0.94893915358949577 -0.0048406580368096632 0.019411925862346534 4395458.5000000009 51.046915444050974 0.34505799701114065 45.074998855590827 0.022197830620211054 0.0079636069400269589 0.018318227266896473 0.018211229872366678 0.034285214697792228 4023742.5000000005 -0.015475049817777918 0.50414623349733534 0.0052489241846539157 0.02102206565673025 48.501478195190437 5007517.0000000009 39.970693588256843 -0.00063815346968215658 -0.006010850313386106
decision_type=2 2 2 2 2 2 2 2 2 2 2 2 2 2 2 2 2 2 2 2 2 2 2 2 2 2 2
left_child=1 13 -3 4 21 10 7 -7 26 -10 11 -5 -12 17 15 -15 -16 25 -19 23 -21 22 -2 -6 -8 -1 -4
right_child=3 2 8 5 19 6 24 -9 9 -11 12 -13 -14 14 16 -17 -18 18 -20 20 -22 -23 -24 -25 -26 -27 -28
leaf_value=2.3366253882937622e-05 -7.6722265969094637e-05 0.00020153960536499569 4.2041111913876366e-07 0 4.3131670660348177e-05 -0.00010054703079855081 4.5441257874709556e-05 0 6.8409286996437874e-05 0 -2.7650454327602579e-05 4.1066891273068759e-05 3.8845134098492759e-05 7.7798045028276751e-05 -5.9551893395823046e-05 0 1.1740118505966211e-05 2.6131613122441146e-06 -3.723961492075986e-05 -8.1031546524830983e-05 0 0 0 0 -6.4425289529088822e-06 0 -2.2379757849587095e-05
leaf_weight=214 157 22 89 101 110 75 55 54 138 138 183 416 76 158 81 30 40 467 568 69 32 22 84 111 350 99 129
leaf_count=214 157 22 89 101 110 75 55 54 138 138 183 416 76 158 81 30 40 467 568 69 32 22 84 111 350 99 129
internal_value=0 4.20382e-06 2.71188e-05 -4.28553e-06 -2.186e-05 1.27378e-06 -1.37043e-05 -5.86193e-05 1.32402e-05 3.40231e-05 1.54468e-05 2.72577e-05 0 -1.12287e-06 1.84085e-05 5.34234e-05 -1.12211e-05 -7.8264e-06 -1.63609e-05 0 -3.62166e-05 -4.62976e-05 -5.51853e-05 1.38042e-05 0 1.08095e-05 0
internal_weight=4068 2173 516 1895 585 1310 534 129 494 276 776 517 259 1657 309 188 121 1348 1035 322 101 263 241 221 405 313 218
internal_count=4068 2173 516 1895 585 1310 534 129 494 276 776 517 259 1657 309 188 121 1348 1035 322 101 263 241 221 405 313 218
is_linear=0
shrinkage=0.03


Tree=215
num_leaves=23
num_cat=0
split_feature=36 31 28 31 19 5 1 20 35 28 35 21 33 19 5 6 24 32 24 33 32 23
split_gain=8.17289e-05 0.000353008 0.000293021 0.000278965 0.000217849 0.0001816 0.000133704 0.000139134 0.000131178 0.000245442 0.000891401 0.000665117 0.000779292 0.000360032 0.000237113 0.000225922 0.000349374 0.000157292 0.000121744 8.33964e-05 5.03533e-05 6.24234e-06
threshold=0.012844554875967666 0.018879106851111497 64973878.500000007 -0.00083091755894271191 51.495000076293955 13815146.500000002 48.774999618530281 63.983643150329591 0.01289107018706271 -179845254.49999997 0.015813722313952509 42.430833244323736 0.015733416351545241 53.81000022888184 7127444.0000000009 1.0000000180025095e-35 0.52565398566959953 0.015151537227310554 0.91698052365604588 0.026478829205875302 -0.0055031769837107216 0.16180587651898296
decision_type=2 2 2 2 2 2 2 2 2 2 2 2 2 2 2 2 2 2 2 2 2 2
left_child=8 3 6 -2 -5 18 -3 -8 14 10 -10 12 -11 -13 15 16 -1 -17 -4 -6 -16 -12
right_child=1 2 5 4 19 -7 7 -9 9 11 21 13 -14 -15 20 17 -18 -19 -20 -21 -22 -23
leaf_value=-5.6325516406166745e-07 0 0 8.1290798439597156e-05 0 -8.6252082947035119e-05 0 -8.0721428568169453e-05 0 0.00017739973661031022 -0.00011309313156444953 0 3.139483712947554e-05 0 0 0 -3.5447403590982487e-05 4.127926237934901e-05 0 0 0 -7.6483420436521487e-05 1.4960917104332444e-05
leaf_weight=529 21 41 76 42 121 22 43 23 35 93 95 453 36 1788 34 245 206 31 35 24 50 25
leaf_count=529 21 41 76 42 121 22 43 23 35 93 95 453 36 1788 34 245 206 31 35 24 50 25
internal_value=0 -1.18058e-05 2.44678e-06 -4.26605e-05 -5.80179e-05 4.15581e-05 -1.81504e-05 -4.85207e-05 1.75117e-06 6.12758e-06 4.41526e-05 2.37319e-06 -6.15694e-05 7.39517e-06 -5.60071e-06 0 7.08698e-06 -2.45503e-05 5.94994e-05 -7.5443e-05 -5.42764e-05 0
internal_weight=4068 448 240 208 187 133 107 66 3620 2525 155 2370 129 2241 1095 1011 735 276 111 145 84 120
internal_count=4068 448 240 208 187 133 107 66 3620 2525 155 2370 129 2241 1095 1011 735 276 111 145 84 120
is_linear=0
shrinkage=0.03


Tree=216
num_leaves=23
num_cat=0
split_feature=27 32 5 24 25 28 27 32 23 23 27 33 35 32 23 25 24 22 32 5 1 32
split_gain=8.04069e-05 0.00068229 0.0017364 0.000293438 0.000171853 0.000246504 0.000160158 0.000333981 0.000261678 0.000199045 0.000150606 0.000293258 0.000592193 0.000526035 0.000256889 0.000295772 0.000295516 0.000139005 9.0545e-05 7.68534e-05 4.93101e-05 3.3711e-05
threshold=0.098402645434815431 -0.008888193919753538 7593339.0000000009 0.33708722988471751 -0.80439141096990252 122937611.50000001 0.21237490034511863 -0.00081936366200269218 -1.7525137589983328 0.37324870692979323 0.53591499484055627 0.0037264942072389178 0.017526715420427847 -0.015279363199811878 0.16180587651898296 0.23291151815614533 0.94893915358949577 38.502033685546813 0.0010172930147458461 5194836.0000000009 54.125000000000007 -0.0033213228041115701
decision_type=2 2 2 2 2 2 2 2 2 2 2 2 2 2 2 2 2 2 2 2 2 2
left_child=1 3 19 4 -1 -6 7 8 -2 -10 11 13 -13 -8 15 -12 -16 -5 -9 21 -20 -3
right_child=6 2 -4 17 5 -7 10 18 9 -11 14 12 -14 -15 16 -17 -18 -19 20 -21 -22 -23
leaf_value=3.0698641472351318e-06 0 0 0.00033403398358810833 0 -4.4290134161738771e-05 0 3.9924748426980512e-05 5.6433126881675807e-05 -6.1018639029465531e-05 0 -4.4820852609718769e-05 0 6.7559283571334174e-05 -1.7242771489852355e-05 1.4943336469344727e-05 0 -1.3292547115536606e-05 7.6667758206093372e-05 1.8813779091279701e-05 0 -2.0560970785252502e-05 6.7101567265414567e-05
leaf_weight=25 39 22 20 24 246 74 193 26 232 25 263 269 197 557 776 322 534 48 32 44 78 22
leaf_count=25 39 22 20 24 246 74 193 26 232 25 263 269 197 557 776 322 534 48 32 44 78 22
internal_value=0 1.12038e-05 7.9311e-05 0 -1.75646e-05 -2.85492e-05 -1.34953e-06 -1.8667e-05 -3.89633e-05 -5.16184e-05 9.14502e-08 9.19009e-06 2.80467e-05 0 -4.16419e-06 -2.11751e-05 1.1434e-06 4.67568e-05 3.4608e-06 0 0 3.96035e-05
internal_weight=4068 525 108 417 345 320 3543 432 296 257 3111 1216 466 750 1895 585 1310 72 136 88 110 44
internal_count=4068 525 108 417 345 320 3543 432 296 257 3111 1216 466 750 1895 585 1310 72 136 88 110 44
is_linear=0
shrinkage=0.03


Tree=217
num_leaves=26
num_cat=0
split_feature=31 20 20 32 32 36 28 20 20 31 28 31 20 22 22 34 35 21 31 2 25 22 0 19 5
split_gain=8.09425e-05 0.000279787 0.000725914 0.000696794 0.000423321 0.000807259 0.000463221 0.000332294 0.000309257 0.000336283 0.000398026 0.000258838 0.000296994 0.000252475 0.000242028 0.000605251 0.000185577 0.000203087 0.000147896 0.000312562 0.000147031 0.000146723 0.000146662 3.88011e-05 2.21188e-05
threshold=0.0044593482766626122 67.330913066864028 57.406249904632574 -0.0043410862578503453 -0.00093763242611988307 -0.0032349540498139129 -233441820.99999997 65.647752380371102 76.403366279602054 -0.0027808710242119279 120773693.50000001 0.0059627232154412244 95.088578414916995 64.110887016313583 31.633850576871158 -0.051441498345997698 0.010748825392505702 86.372916793823251 0.013709692463304448 52.475000381469734 -0.092831181816067573 45.178067208515181 37.766483306884773 71.196535491943379 7478666.5000000009
decision_type=2 2 2 2 2 2 2 2 2 2 2 2 2 2 2 2 2 2 2 2 2 2 2 2 2
left_child=1 2 4 7 6 -6 -1 -4 9 10 -3 12 13 24 15 -10 17 -13 19 -18 -5 -16 -20 -11 -2
right_child=11 8 3 20 5 -7 -8 -9 14 23 -12 16 -14 -15 21 -17 18 -19 22 -21 -22 -23 -24 -25 -26
leaf_value=9.0344921110981435e-05 -8.8393072860566937e-05 -8.3299683586794161e-05 0.00014399109306070622 6.8211653733633404e-05 -6.1132640963027014e-06 7.7643229180476356e-05 -2.2764073219924824e-05 0 0.00016797016878365115 2.6141635750314676e-05 0 7.8957778089916537e-05 0 0 -1.6361142824741859e-05 0 6.7726278871965271e-06 0 -1.6744581388334432e-05 -3.2456460718072839e-05 -1.4682101790893991e-05 4.7332705303439078e-06 1.5285141041354811e-05 0 0
leaf_weight=27 101 137 89 25 124 170 527 25 27 51 72 53 32 22 429 89 148 47 126 401 72 772 430 51 21
leaf_count=27 101 137 89 25 124 170 527 25 27 51 72 53 32 22 429 89 148 47 126 401 72 772 430 51 21
internal_value=0 3.35814e-06 1.59029e-05 6.60581e-05 0 3.21267e-05 -1.1822e-05 0.000116488 -2.95993e-06 -3.05545e-05 -5.32578e-05 -5.55027e-06 -3.95531e-05 -6.13741e-05 1.28042e-06 4.35181e-05 0 3.84859e-05 -4.11964e-06 -1.64182e-05 0 -3.04728e-07 2.63019e-06 0 -7.94134e-05
internal_weight=4068 2687 1059 211 848 294 554 114 1628 311 209 1381 176 144 1317 116 1205 100 1105 549 97 1201 556 102 122
internal_count=4068 2687 1059 211 848 294 554 114 1628 311 209 1381 176 144 1317 116 1205 100 1105 549 97 1201 556 102 122
is_linear=0
shrinkage=0.03


Tree=218
num_leaves=21
num_cat=0
split_feature=29 35 5 25 35 23 4 34 26 26 27 35 13 30 30 0 31 24 30 30
split_gain=7.97167e-05 0.000671083 0.00120775 0.000363658 0.000180247 0.000179942 0.000176438 0.000161534 0.000390624 0.000720679 0.00037397 0.000369888 0.00030539 0.000376901 0.00056411 0.000272395 0.000204624 0.000110736 8.21619e-05 5.10389e-06
threshold=16.215081427579982 0.019618672582740356 8483188.0000000019 -0.85201764846392347 0.015635835001602021 0.24273162166284482 46.274999618530281 -0.01227434942303973 2.4766923457888144 1.9977841767600306 0.30638831494927604 0.019909971728855769 -89.999999999999986 37.660632514562387 23.846528084729382 41.175434112548835 -0.0058504052470870751 -0.36102125300935312 10.545968045325143 14.495372604970006
decision_type=2 2 2 2 2 2 2 2 2 2 2 2 2 2 2 2 2 2 2 2
left_child=1 2 4 -3 19 18 -6 8 9 11 -11 -2 17 14 -14 -15 -10 -9 -5 -1
right_child=7 3 -4 5 6 -7 -8 12 16 10 -12 -13 13 15 -16 -17 -18 -19 -20 -21
leaf_value=-6.8218164970034759e-06 -2.5152001179567778e-05 1.369868417805675e-05 0.00026041293698370559 0 0 0 6.806468636238631e-05 0 0.00012722244744698883 -0.00015742134226097375 0 1.415050552789724e-05 -1.4866056638901198e-05 1.4955702696802098e-05 5.4539640332100461e-05 -7.4820607407890546e-06 0 -7.511515881901881e-05 -8.7573088553527924e-05 1.25763145533316e-06
leaf_weight=95 483 22 23 26 20 20 82 31 21 52 35 295 75 723 297 1490 24 58 90 106
leaf_count=95 483 22 23 26 20 20 82 31 21 52 35 295 75 723 297 1490 24 58 90 106
internal_value=0 1.17519e-05 4.06513e-05 -2.88886e-05 1.39916e-05 -5.78254e-05 4.65834e-05 -1.16774e-06 -1.25583e-05 -1.97587e-05 -0.000104686 -6.39393e-06 1.58708e-06 4.54634e-06 3.2484e-05 0 5.90677e-05 -5.0603e-05 -7.29019e-05 0
internal_weight=4068 484 326 158 303 136 102 3584 910 865 87 778 2674 2585 372 2213 45 89 116 201
internal_count=4068 484 326 158 303 136 102 3584 910 865 87 778 2674 2585 372 2213 45 89 116 201
is_linear=0
shrinkage=0.03


Tree=219
num_leaves=24
num_cat=0
split_feature=36 35 5 26 29 30 30 35 5 6 24 19 32 30 21 33 19 29 32 29 5 29 30
split_gain=8.14391e-05 0.000337302 0.000328528 0.000244229 0.00040792 0.000140843 0.00054566 0.000123536 0.00022931 0.000208839 0.000329636 0.000207133 0.000688047 0.000581208 0.000239331 0.000285514 0.000271016 0.00016029 0.000148558 3.55575e-05 2.04458e-05 0.000164235 3.67447e-06
threshold=0.012844554875967666 0.029178886002983139 6747394.5000000009 1.7734480653440914 68.975436037002098 23.479773557572106 31.769110342615438 0.01289107018706271 7127444.0000000009 1.0000000180025095e-35 0.52565398566959953 39.930000686645521 -0.0079191039201895724 35.161264641831437 42.430833244323736 0.0035408926514201027 53.81000022888184 20.057424028909761 0.015151537227310554 67.159336287511181 10361254.500000002 59.034539431542811 59.444852741264619
decision_type=2 2 2 2 2 2 2 2 2 2 2 2 2 2 2 2 2 2 2 2 2 2 2
left_child=7 2 3 4 -2 -3 -7 8 9 10 -1 12 -9 -14 15 -13 -16 -10 -11 -8 21 -4 -19
right_child=1 5 20 -5 -6 6 19 11 17 18 -12 14 13 -15 16 -17 -18 22 -20 -21 -22 -23 -24
leaf_value=-1.4487072665572498e-07 -0.00011489382303653988 0 7.1238638332317246e-05 0 0 0.00017786770941534966 -1.0173196604424954e-05 0 0 -3.4078419478422783e-05 4.0236652487810309e-05 -5.9843062191339328e-05 0.00023617430831272289 0 2.7454441756701638e-05 0 0 -0.00010167836059748403 0 1.9263864553426156e-05 -1.7920533759150131e-05 0 0
leaf_weight=529 93 23 31 37 39 20 47 36 20 245 206 109 25 35 462 70 1788 37 31 73 26 59 27
leaf_count=529 93 23 31 37 39 20 47 36 20 245 206 109 25 35 462 70 1788 37 31 73 26 59 27
internal_value=0 -1.16525e-05 -3.48553e-05 -6.16183e-05 -8.07725e-05 1.05197e-05 3.21497e-05 1.85462e-06 -5.19996e-06 0 7.0958e-06 6.10209e-06 5.17845e-05 0.000120795 3.05953e-06 -2.73269e-05 6.81132e-06 -5.29723e-05 -2.33815e-05 0 0 1.05452e-05 -7.70205e-05
internal_weight=4068 448 285 169 132 163 140 3620 1095 1011 735 2525 96 60 2429 179 2250 84 276 120 116 90 64
internal_count=4068 448 285 169 132 163 140 3620 1095 1011 735 2525 96 60 2429 179 2250 84 276 120 116 90 64
is_linear=0
shrinkage=0.03


Tree=220
num_leaves=20
num_cat=0
split_feature=27 32 31 23 30 25 23 19 30 34 5 32 25 31 5 34 28 27 5
split_gain=7.83453e-05 0.000629533 0.00141577 0.000216005 0.000195115 0.00029592 0.000179586 0.000158475 0.000253194 0.000153529 0.000150835 0.00024025 0.000137154 0.00018462 0.000159613 6.26744e-05 5.14846e-05 3.13831e-06 4.12219e-05
threshold=0.093378592212026726 -0.008888193919753538 -0.0053742053554655103 0.17288155413156406 20.698144389042408 -0.33431112294082693 -2.0583842793993905 69.581051635742199 20.48411244220436 0.0052525654683046605 3804303.0000000005 -0.013401527603685457 0.79079279330984897 -0.0027808710242119279 16754586.000000002 -0.054569715654650734 113566948.50000001 0.16708720855308945 4120147.5000000005
decision_type=2 2 2 2 2 2 2 2 2 2 2 2 2 2 2 2 2 2 2
left_child=1 3 -3 7 5 10 9 8 -1 16 -2 -12 14 -14 -8 -9 -6 -7 -19
right_child=4 2 -4 -5 6 17 12 15 -10 -11 11 -13 13 -15 -16 -17 -18 18 -20
leaf_value=0 0 0.00022665399346909188 0 6.4708481399722038e-05 0.00011743057757129973 8.3443243771105434e-06 0 3.6591855002204367e-05 -6.9220034370175588e-05 0 0 -9.5249707345448011e-05 0 -8.8352849890181096e-05 5.9852553830084457e-05 -4.8429823976120186e-07 0 0 -1.9883224699953294e-05
leaf_weight=89 24 37 63 34 25 39 3084 42 88 23 20 88 21 37 40 156 20 44 94
leaf_count=89 24 37 63 34 25 39 3084 42 88 23 20 88 21 37 40 156 20 44 94
internal_value=0 1.13105e-05 7.94403e-05 0 -1.22981e-06 -2.41975e-05 3.1513e-08 -1.17312e-05 -3.31185e-05 4.87156e-05 -5.81907e-05 -7.34421e-05 -6.7601e-08 -4.60959e-05 0 0 8.15307e-05 0 -8.59568e-07
internal_weight=4068 509 100 409 3559 309 3250 375 177 68 132 108 3182 58 3124 198 45 177 138
internal_count=4068 509 100 409 3559 309 3250 375 177 68 132 108 3182 58 3124 198 45 177 138
is_linear=0
shrinkage=0.03


Tree=221
num_leaves=16
num_cat=0
split_feature=34 23 30 5 23 23 26 3 5 28 5 25 32 28 26
split_gain=7.78803e-05 0.000194812 0.000367129 0.000762171 0.00020666 0.000358487 0.000604113 0.000297071 0.00021378 0.000187347 0.000101828 9.88351e-05 4.88598e-05 8.55541e-05 4.76797e-05
threshold=-0.082334922536925467 -1.6251327600532333 30.778091894559839 9464545.5000000019 -1.0502853388166036 -0.79539354310978172 1.1761562958242722 65.916374206542983 13387555.500000002 -67185922.999999985 5407116.5000000009 -0.50974856474080077 -0.015876225668148777 83547640.000000015 1.9820779751628927
decision_type=2 2 2 2 2 2 2 2 2 2 2 2 2 2 2
left_child=14 2 3 11 7 6 -6 9 -7 -3 -9 -2 -4 -14 -1
right_child=1 4 12 -5 5 8 -8 10 -10 -11 -12 -13 13 -15 -16
leaf_value=-6.7680199585634724e-05 -3.53896521933055e-06 0 -4.1046584849299361e-05 0.00019595541711484897 0 -2.6224062289460086e-06 7.945906810505633e-05 0 3.9455852693890222e-05 6.40715868637156e-05 -5.7500375578248035e-05 3.4099442062611262e-05 3.7382294216440763e-05 0 0
leaf_weight=24 37 42 26 31 64 3078 138 116 110 41 163 76 55 43 24
leaf_count=24 37 42 26 31 64 3078 138 116 110 41 163 76 55 43 24
internal_value=0 8.05959e-07 2.57541e-05 5.93885e-05 -1.7714e-07 1.30281e-06 4.02998e-05 -2.23179e-05 -2.2833e-07 1.15317e-06 -4.00471e-05 0 0 0 -3.74557e-05
internal_weight=4068 4020 268 144 3752 3390 202 362 3188 83 279 113 124 98 48
internal_count=4068 4020 268 144 3752 3390 202 362 3188 83 279 113 124 98 48
is_linear=0
shrinkage=0.03


Tree=222
num_leaves=24
num_cat=0
split_feature=31 20 26 0 31 20 31 24 0 31 20 24 22 34 26 20 23 26 20 31 26 22 19
split_gain=7.72634e-05 0.00025697 0.000691933 0.000422077 0.000612793 0.000283433 0.000312209 0.000403823 0.000269534 0.000239107 0.000282844 0.000248451 0.000218198 0.00054316 0.000177998 0.000339896 0.000507956 0.00033024 0.000603297 0.000232071 0.000202807 0.000141695 4.54291e-05
threshold=0.0044593482766626122 67.330913066864028 1.9163568377155504 47.850584030151374 -0.011008030174693427 76.403366279602054 -0.00054497778008039111 -0.69643886951573442 36.320087432861335 0.0059627232154412244 95.088578414916995 0.99536473198514142 31.633850576871158 -0.051441498345997698 1.5998517015363538 72.937245750427266 -0.45783197776250256 1.1761562958242722 54.973750114440925 0.016417268107187025 1.6720925628239323 45.178067208515181 71.196535491943379
decision_type=2 2 2 2 2 2 2 2 2 2 2 2 2 2 2 2 2 2 2 2 2 2 2
left_child=1 2 3 8 -5 6 7 -3 -1 10 11 -2 13 -7 17 16 -16 19 -19 -11 -17 -14 -8
right_child=9 5 -4 4 -6 12 22 -9 -10 14 -12 -13 21 -15 15 20 -18 18 -20 -21 -22 -23 -24
leaf_value=2.4897366773453584e-05 -7.8205614856076698e-05 -0.00011079577700296693 0.00014988867731099311 0 0.00010917546953383955 0.0001592422429911665 3.2758653671737371e-05 -7.621028877717122e-07 -1.0328656707169713e-05 0 0 0 -1.600236356573624e-05 0 0 -5.6560156765429943e-05 -0.0001177323358934367 0.00014920122484221875 7.883455578388005e-06 -4.7311031306922456e-05 9.6539506766620846e-06 4.7837298132706695e-06 0
leaf_weight=284 120 74 36 33 83 27 38 161 623 259 32 24 429 89 48 49 63 38 374 101 273 772 38
leaf_count=284 120 74 36 33 83 27 38 161 623 259 32 24 429 89 48 49 63 38 374 101 273 772 38
internal_value=0 3.24833e-06 1.52842e-05 7.60098e-06 6.14902e-05 -2.73875e-06 -2.92021e-05 -4.82039e-05 0 -5.46073e-06 -3.8156e-05 -5.9546e-05 1.23439e-06 4.13343e-05 0 -1.60492e-05 -6.12988e-05 7.93726e-06 2.82304e-05 -6.95754e-06 0 -1.44115e-07 0
internal_weight=4068 2687 1059 1023 116 1628 311 235 907 1381 176 144 1317 116 1205 433 111 772 412 360 322 1201 76
internal_count=4068 2687 1059 1023 116 1628 311 235 907 1381 176 144 1317 116 1205 433 111 772 412 360 322 1201 76
is_linear=0
shrinkage=0.03


Tree=223
num_leaves=27
num_cat=0
split_feature=25 25 26 24 24 32 5 31 3 19 21 5 25 3 2 22 25 26 36 33 31 31 28 32 32 30
split_gain=7.71675e-05 0.000320988 0.000695942 0.000887741 0.000902062 0.000188449 0.000394151 0.000238768 0.000446983 0.000393157 0.000205287 0.000322903 0.000252065 0.000175383 0.000965736 0.000195948 0.000455884 0.000264134 0.00014237 0.000165052 0.000124803 7.91976e-05 4.24078e-05 1.60322e-05 0.000109269 1.93002e-05
threshold=-0.31450790565230674 -0.23617874672881126 1.4604364290436145 -0.631777137392874 -1.4969266650518465 -0.021222693708873194 3633255.0000000005 -0.0019147735742781611 78.075000762939467 80.132096862792977 69.648925654093446 8647715.5000000019 -0.40870518341544687 38.675001144409187 38.675001144409187 43.767231862282962 0.016212311639649205 0.83187978249881045 -0.0037073935905801406 -0.0065708740628754861 -0.0083557605191598699 -0.018025752076470222 171253654.50000003 -0.0096959053198031869 -0.022443270222258834 18.557370062398586
decision_type=2 2 2 2 2 2 2 2 2 2 2 2 2 2 2 2 2 2 2 2 2 2 2 2 2 2
left_child=5 2 23 4 -4 10 18 9 -9 -8 12 20 -1 14 -3 16 -15 -17 -7 -20 -12 -13 -5 24 -2 -25
right_child=1 13 3 22 -6 6 7 8 -10 -11 11 21 -14 15 -16 17 -18 -19 19 -21 -22 -23 -24 25 -26 -27
leaf_value=0.000109639790503141 0 0 0 2.7880678484462909e-05 0.00035568323180969078 0 -0.00010467846309078079 2.6674684033553997e-05 -5.0710156011905442e-05 0 5.2980998543828343e-05 -9.0773067747686862e-05 0 -3.5436441760498398e-05 0.00022005199474035383 -3.6868365512581587e-05 1.132017533061071e-05 5.1317337594293022e-06 0 0.00012433494341899574 0 0 0 0 5.3702275634622408e-05 -2.3394831082152069e-05
leaf_weight=35 21 25 20 49 20 24 99 124 122 117 57 38 22 447 21 135 195 2262 24 21 21 23 26 28 34 58
leaf_count=35 21 25 20 49 20 24 99 124 122 117 57 38 22 447 21 135 195 2262 24 21 21 23 26 28 34 58
internal_value=0 2.24253e-06 3.45491e-05 8.99869e-05 0.000207767 -8.50934e-06 -1.99763e-05 -3.34539e-05 0 -5.82029e-05 7.25282e-06 0 5.84496e-05 0 5.75267e-05 -1.31864e-06 -1.65629e-05 1.51332e-06 2.67671e-05 6.27603e-05 2.47798e-05 -6.30196e-05 0 0 0 -1.29454e-05
internal_weight=4068 3341 256 115 40 727 531 462 246 216 196 139 57 3085 46 3039 642 2397 69 45 78 61 75 141 55 86
internal_count=4068 3341 256 115 40 727 531 462 246 216 196 139 57 3085 46 3039 642 2397 69 45 78 61 75 141 55 86
is_linear=0
shrinkage=0.03


Tree=224
num_leaves=18
num_cat=0
split_feature=30 30 5 36 24 30 25 31 25 31 22 31 30 35 29 29 25
split_gain=7.85799e-05 0.000197607 0.000201777 0.000222654 0.00021473 0.000150155 0.000233007 0.000333142 0.000188736 0.000290124 0.000143233 0.000110224 0.000181597 0.00023576 0.000228952 9.7401e-05 8.77e-06
threshold=82.93147080107785 78.54768442874105 3504982.0000000005 0.012844554875967666 -0.70968062592704062 72.384959407313318 0.25822304497818366 0.0022077122724850633 0.029045045984081478 0.0039455590862650389 56.953066105674871 0.013113494146687167 91.219163533805968 0.012315482027293795 86.767615653018325 91.209986124242448 0.61713426774654578
decision_type=2 2 2 2 2 2 2 2 2 2 2 2 2 2 2 2 2
left_child=1 5 -3 4 -4 6 10 -8 -7 -10 -1 12 13 -2 -15 -13 -14
right_child=11 2 3 -5 -6 8 7 -9 9 -11 -12 15 16 14 -16 -17 -18
leaf_value=1.5592277683860443e-06 0 0 0 0 7.6877693369947479e-05 0 5.2921466899242918e-05 0 -5.9031374418487152e-05 0 -1.7654294929415959e-05 4.458447594392005e-05 1.5214014574106984e-05 -7.9585189140146488e-05 0 0 0
leaf_weight=2382 52 24 31 24 129 54 186 209 159 107 395 44 34 117 69 32 20
leaf_count=2382 52 24 31 24 129 54 186 209 159 107 395 44 34 117 69 32 20
internal_value=0 1.63677e-06 3.00376e-05 4.47917e-05 5.96548e-05 0 1.9203e-06 2.36709e-05 -1.96376e-05 -3.31999e-05 -9.39741e-08 -1.28529e-05 -2.3405e-05 -3.68572e-05 -5.36488e-05 0 0
internal_weight=4068 3700 208 184 160 3492 3172 395 320 266 2777 368 292 238 186 76 54
internal_count=4068 3700 208 184 160 3492 3172 395 320 266 2777 368 292 238 186 76 54
is_linear=0
shrinkage=0.03


Tree=225
num_leaves=26
num_cat=0
split_feature=36 31 28 31 19 26 28 31 23 32 25 20 28 35 31 33 23 23 36 25 35 28 26 26 20
split_gain=7.71961e-05 0.000309376 0.000268615 0.000261516 0.000201926 0.00013913 0.000135529 0.000119035 0.000297027 0.000369292 0.000462327 0.000246064 0.000755589 0.000446132 0.000240687 0.000502475 0.000180745 0.000215381 0.000213517 0.000120934 0.00010419 9.23976e-05 0.000104382 5.51202e-05 3.09713e-05
threshold=0.012844554875967666 0.018879106851111497 64973878.500000007 -0.00083091755894271191 51.495000076293955 2.0978543123459432 -7284402.4999999991 -0.019560817424331464 -1.651250535413048 0.0036263331983944496 -0.50974856474080077 66.418754291534427 111405018.00000001 0.024365984910966348 -0.026604737058152191 -0.032232080226519182 -1.1874820062552371 -0.74524455748730023 0.0076944376389570844 -0.011129901080345698 0.01912045581084643 271759352.50000006 1.4743436246039578 1.1513843667452379 87.220625114440935
decision_type=2 2 2 2 2 2 2 2 2 2 2 2 2 2 2 2 2 2 2 2 2 2 2 2 2
left_child=7 3 6 -2 -5 -6 23 11 9 10 -9 14 13 -13 15 -1 18 -18 -10 -16 -14 22 -4 -3 -11
right_child=1 2 21 4 5 -7 -8 8 16 24 -12 12 20 -15 19 -17 17 -19 -20 -21 -22 -23 -24 -25 -26
leaf_value=0.0001433568097929531 0 -7.9606156853004889e-06 0 0 -8.3802554216324507e-05 0 -6.1307611666186181e-05 0 -4.1019123513994227e-05 0 0.00011549141120711911 0 -4.1882411081197026e-05 -0.00018939521000537228 -6.4800092569317029e-05 0 2.6977767102913836e-05 0 0 0 2.6362148915494786e-05 0 6.5553061726721798e-05 4.8227368898727955e-05 -3.3324533503918169e-05
leaf_weight=32 21 45 20 42 125 20 42 47 188 43 80 23 24 38 28 21 322 2612 34 29 74 24 89 20 25
leaf_count=32 21 45 20 42 125 20 42 47 188 43 80 23 24 38 28 21 322 2612 34 29 74 24 89 20 25
internal_value=0 -1.13863e-05 1.09439e-06 -4.01969e-05 -5.5273e-05 -7.20548e-05 -1.84006e-05 1.77309e-06 4.04576e-06 4.04953e-05 7.16393e-05 -1.53808e-05 -4.23329e-05 -0.000125683 0 6.25066e-05 8.419e-07 3.719e-06 -2.36596e-05 -1.26605e-05 0 3.93198e-05 5.14623e-05 0 0
internal_weight=4068 448 240 208 187 145 107 3620 3351 195 127 269 159 61 110 53 3156 2934 222 57 98 133 109 65 68
internal_count=4068 448 240 208 187 145 107 3620 3351 195 127 269 159 61 110 53 3156 2934 222 57 98 133 109 65 68
is_linear=0
shrinkage=0.03


Tree=226
num_leaves=24
num_cat=0
split_feature=29 25 27 0 25 35 24 29 25 25 27 33 33 27 35 35 35 23 23 28 33 29 1
split_gain=7.56289e-05 0.000313792 0.000487345 0.000441994 0.00042231 0.000298456 0.000294145 0.000272432 0.00029361 0.000238135 0.000196897 0.000176721 0.000348207 0.000239551 0.000128834 0.000128577 0.000107148 9.92675e-05 5.70151e-05 0.000114508 0.000103807 2.32349e-05 1.02859e-05
threshold=81.548399252301138 0.25822304497818366 0.94823568327606222 46.521396636962898 0.37095719587326542 0.013390599813152127 0.48168466112945407 87.557032933209612 0.20849752002711572 0.67882708138081183 0.82109419059962352 0.0039559215278466295 0.0084785984537881793 0.082373903979049853 0.01369861547226313 0.030436564257208639 0.020933758648940211 2.2395669668408904 1.0833604736754057 171253654.50000003 0.0272016793619454 91.8365415866691 89.930767059326186
decision_type=2 2 2 2 2 2 2 2 2 2 2 2 2 2 2 2 2 2 2 2 2 2 2
left_child=1 10 4 -4 5 -3 7 8 -2 -6 11 13 -13 -1 -12 -16 18 -18 20 -20 -8 -9 -10
right_child=6 2 3 -5 9 -7 16 21 22 -11 14 12 -14 -15 15 -17 17 -19 19 -21 -22 -23 -24
leaf_value=1.2073140388617133e-05 0 0 0.00017787520748087498 0 -2.8530103655239041e-05 6.6063612012269145e-05 5.7826102112339036e-05 3.9871563348733298e-06 -0.00010509306566360979 3.0004349605173518e-05 0 4.4874389416801307e-05 0 -1.0762825571556826e-05 -6.0692876192485002e-05 0 6.1723699566767842e-05 0 -4.6293873746043845e-05 0 0 -1.7914685510570016e-05 0
leaf_weight=473 58 85 35 38 258 145 31 102 75 41 43 220 532 1518 112 24 51 21 67 38 21 60 20
leaf_count=473 58 85 35 38 258 145 31 102 75 41 43 220 532 1518 112 24 51 21 67 38 21 60 20
internal_value=0 1.93087e-06 2.20029e-05 9.87441e-05 5.72624e-06 3.98096e-05 -1.00474e-05 -3.14038e-05 -6.02596e-05 -1.04662e-05 -1.1784e-06 0 1.31387e-05 -3.83067e-06 -3.18133e-05 -4.67312e-05 6.23536e-06 3.82235e-05 0 -1.96898e-05 1.42419e-05 0 -9.28681e-05
internal_weight=4068 3524 602 73 529 230 544 315 153 299 2922 2743 752 1991 179 136 229 72 157 105 52 162 95
internal_count=4068 3524 602 73 529 230 544 315 153 299 2922 2743 752 1991 179 136 229 72 157 105 52 162 95
is_linear=0
shrinkage=0.03


Tree=227
num_leaves=17
num_cat=0
split_feature=34 33 5 31 26 0 0 26 32 36 5 34 36 0 0 25
split_gain=7.69493e-05 0.000212689 0.000516025 0.00213041 0.000277157 0.00034858 0.000168012 0.000157393 0.000371207 0.000378651 0.000334027 0.000307676 0.000197321 0.000156399 0.000149018 3.38754e-05
threshold=-0.082334922536925467 -0.017218710139040912 10572990.000000002 -0.013720130358082892 0.93027487978439016 40.365186691284187 36.978618621826179 1.8877429900758094 -0.0084517251946955013 0.0079090557586814891 6673794.0000000009 0.014794751690339615 0.0205019261782706 33.121442794799812 40.842185974121101 -0.34748026184864383
decision_type=2 2 2 2 2 2 2 2 2 2 2 2 2 2 2 2
left_child=6 2 4 15 14 -6 -1 8 9 -3 11 -9 -12 -10 -2 -4
right_child=1 7 3 -5 5 -7 -8 10 13 -11 12 -13 -14 -15 -16 -17
leaf_value=0 -5.2483579613281191e-05 -1.5572833053329684e-05 4.273644635004011e-06 0.00029174531710974601 4.9258723961483422e-05 0 -9.3154801701407025e-05 6.6176960586427944e-05 -4.0069917852598537e-05 -0.00016267785950055676 -3.5430804918488691e-05 0 2.4045684774780632e-05 1.3642205909619179e-06 0 -2.8797757360049697e-05
leaf_weight=23 98 467 30 30 177 431 25 148 85 24 132 97 30 2215 20 36
leaf_count=23 98 467 30 30 177 431 25 148 85 24 132 97 30 2215 20 36
internal_value=0 8.12244e-07 1.49131e-05 8.18998e-05 1.91361e-06 1.38113e-05 -3.7211e-05 -1.87447e-06 -5.2247e-06 -2.89037e-05 1.37262e-05 3.89415e-05 -5.90151e-06 0 -3.39476e-05 0
internal_weight=4068 4020 822 96 726 608 48 3198 2791 491 407 245 162 2300 118 66
internal_count=4068 4020 822 96 726 608 48 3198 2791 491 407 245 162 2300 118 66
is_linear=0
shrinkage=0.03


Tree=228
num_leaves=24
num_cat=0
split_feature=25 25 24 32 32 5 24 29 30 23 25 2 25 34 20 35 20 32 4 32 20 19 22
split_gain=7.63748e-05 0.000296189 0.000516489 0.000212379 0.000176347 0.000375561 0.000229757 0.00021918 0.000208505 0.000202718 0.000168869 0.000531734 0.000303451 0.000248568 0.000255626 9.50947e-05 0.000151468 8.03061e-05 5.76828e-05 5.53591e-05 5.17675e-05 0.00026048 0.000167194
threshold=-0.31450790565230674 -0.23617874672881126 -1.1567114817007578 -0.0037878777518544067 -0.021222693708873194 3633255.0000000005 0.48168466112945407 18.751998821769917 13.993152995355169 0.61035589078309027 -0.092831181816067573 39.125000000000007 -0.070628687365300022 -0.0040329455951642048 54.842500019073491 0.015762690137445041 91.42852802276613 -0.0030666991070911749 87.672958374023452 -0.015475049817777918 63.7512508392334 69.841127777099629 33.054936126595337
decision_type=2 2 2 2 2 2 2 2 2 2 2 2 2 2 2 2 2 2 2 2 2 2 2
left_child=4 2 3 -2 9 17 8 -8 -7 20 13 -12 -13 14 -3 16 -4 -6 -15 -17 22 -22 -1
right_child=1 10 15 -5 5 6 7 -9 -10 -11 11 12 -14 18 -16 19 -18 -19 -20 -21 21 -23 -24
leaf_value=8.7021288406145976e-05 0.0002110062378858132 0 5.39948965291861e-05 0 0 -4.9566106508425993e-05 0 -8.8113755763062106e-05 0 8.2283607162899749e-05 0.00015046782822693733 5.4187300121185351e-05 -3.5519572944316925e-07 1.9530596862545002e-05 -4.8589806823714886e-05 0 0 5.3387501321216347e-05 0 -2.5767668972868277e-05 -9.8726300252481206e-05 0 0
leaf_weight=22 21 110 76 20 28 82 32 114 234 28 22 93 2410 136 247 32 32 41 67 75 27 98 21
leaf_count=22 21 110 76 20 28 82 32 114 234 28 22 93 2410 136 247 32 32 41 67 75 27 98 21
internal_value=0 2.24891e-06 3.32696e-05 0.000134933 -8.44371e-06 -1.95383e-05 -3.27583e-05 -6.86535e-05 -6.66659e-06 6.30987e-06 0 2.97577e-06 4.74923e-07 -1.52127e-05 -3.14555e-05 0 2.81308e-05 2.5482e-05 0 -6.19661e-07 0 -1.54102e-05 1.97916e-05
internal_weight=4068 3341 256 41 727 531 462 146 316 196 3085 2525 2503 560 357 215 108 69 203 107 168 125 43
internal_count=4068 3341 256 41 727 531 462 146 316 196 3085 2525 2503 560 357 215 108 69 203 107 168 125 43
is_linear=0
shrinkage=0.03


Tree=229
num_leaves=17
num_cat=0
split_feature=25 32 27 33 36 32 33 25 25 5 4 3 32 35 5 35
split_gain=7.6313e-05 0.000302701 0.000465717 0.000211752 0.000245706 0.000200164 0.000176893 0.00016095 0.000318951 0.000280753 0.00015018 0.000395137 2.61689e-05 2.15844e-05 3.86078e-05 1.70318e-06
threshold=0.56639309739550114 0.039764912656418468 1.0498438621319537 0.016588646865528859 -0.0023515228589761953 0.025668455102732638 0.0082423638584150378 -0.31450790565230674 -0.20706981100451546 8841219.0000000019 75.224998474121108 51.425001144409187 -0.006383663115502646 0.034265135692275621 7445762.5000000009 0.0286236927921741
decision_type=2 2 2 2 2 2 2 2 2 2 2 2 2 2 2 2
left_child=1 5 15 6 -5 7 12 9 -9 -1 11 -7 -2 14 -6 -3
right_child=3 2 -4 4 13 10 -8 8 -10 -11 -12 -13 -14 -15 -16 -17
leaf_value=0 -2.6280694857787312e-05 0 0.00015499188214871724 0 0 0 7.8101015198793806e-05 3.3457997998442162e-05 6.5111355805155111e-07 -4.7605842384363913e-05 0 -0.00010232458534988496 0 0 -0.00010810699869884783 6.8051441924929923e-06
leaf_weight=547 34 36 29 46 29 53 26 334 2506 141 89 63 37 20 45 33
leaf_count=547 34 36 29 46 29 53 26 334 2506 141 89 63 37 20 45 33
internal_value=0 1.39707e-06 5.34163e-05 -1.60666e-05 -4.23928e-05 0 0 1.70492e-06 5.56673e-06 -9.87493e-06 -2.87808e-05 -5.12593e-05 0 -7.0892e-05 -8.15125e-05 0
internal_weight=4068 3831 98 237 140 3733 97 3528 2840 688 205 116 71 94 74 69
internal_count=4068 3831 98 237 140 3733 97 3528 2840 688 205 116 71 94 74 69
is_linear=0
shrinkage=0.03


Tree=230
num_leaves=15
num_cat=0
split_feature=26 31 30 26 20 35 13 32 30 5 23 23 26 32
split_gain=7.51997e-05 0.000489573 0.000544705 0.000168346 0.000241541 0.000166095 0.000134926 0.000216625 0.000226232 0.000119785 0.000513081 0.000149681 9.27454e-05 3.16873e-05
threshold=0.80565871991588955 -0.0051351536198040995 33.610400297318641 0.83739655105497046 47.837500190734872 0.019315552673959537 90.000000000000014 0.0010172930147458461 33.610400297318641 12912490.500000002 0.43166998281124697 -0.55683953605268843 0.77764821160098319 -0.0050425658725478098
decision_type=2 2 2 2 2 2 2 2 2 2 2 2 2 2
left_child=1 2 -1 4 5 -2 9 8 -8 11 -11 -5 13 -3
right_child=3 12 -4 6 -6 -7 7 -9 -10 10 -12 -13 -14 -15
leaf_value=0.00022279429610874224 -0.00011992641822518805 0 0 1.0018429685175752e-05 0 0 0 0 8.860199016300679e-05 -8.1413095316247084e-05 0 -3.4055520239219435e-06 1.1678189628419903e-05 -4.7791380653159841e-05
leaf_weight=20 36 20 29 1060 29 31 41 29 66 86 85 2441 49 46
leaf_count=20 36 20 29 1060 29 31 41 29 66 86 85 2441 49 46
internal_value=0 2.0185e-05 0.000101664 -4.58139e-07 -3.98136e-05 -7.4229e-05 0 2.97348e-05 5.42582e-05 -5.47218e-07 -2.5229e-05 0 0 -3.40807e-05
internal_weight=4068 164 49 3904 96 67 3808 136 107 3672 171 3501 115 66
internal_count=4068 164 49 3904 96 67 3808 136 107 3672 171 3501 115 66
is_linear=0
shrinkage=0.03


Tree=231
num_leaves=25
num_cat=0
split_feature=36 35 5 28 5 31 5 35 28 35 21 19 5 5 6 24 25 29 28 22 5 29 30 30
split_gain=7.38828e-05 0.000287283 0.000288408 0.000185883 0.000183126 0.000149301 0.000127292 0.000119347 0.000214555 0.000827462 0.000591722 0.000304875 0.000279101 0.000210534 0.000192208 0.000310553 0.000182409 0.000147845 0.00011433 4.23469e-05 2.09993e-05 0.000149023 1.57446e-05 7.04515e-07
threshold=0.012844554875967666 0.029178886002983139 6747394.5000000009 64973878.500000007 5516589.0000000009 0.031069395829714911 4709982.5000000009 0.01289107018706271 -179845254.49999997 0.014545429114139443 42.430833244323736 53.81000022888184 3902342.0000000005 7127444.0000000009 1.0000000180025095e-35 0.52565398566959953 0.01223480914016495 20.057424028909761 -140470592.49999997 46.018204569057765 10361254.500000002 59.034539431542811 71.416296930951049 59.444852741264619
decision_type=2 2 2 2 2 2 2 2 2 2 2 2 2 2 2 2 2 2 2 2 2 2 2 2
left_child=7 2 4 18 6 -5 -2 13 9 -9 12 -12 -10 14 15 -1 -16 -15 -3 -11 21 -4 -20 -19
right_child=1 3 20 5 -6 -7 -8 8 10 19 11 -13 -14 17 16 -17 -18 23 22 -21 -22 -23 -24 -25
leaf_value=-2.2979230105000769e-07 -4.5598096728781038e-05 0 6.8057559249425526e-05 7.6715702661959311e-05 -0.00010486973498906927 0 0 0.00022468969014772115 0 0 2.9331876529562766e-05 0 -8.0535339501729153e-05 0 -4.445270120535205e-05 3.8915206780096283e-05 0 -9.739366056889576e-05 -5.9470737641279829e-05 2.758118811775902e-05 -1.8538498953948241e-05 0 0 0
leaf_weight=529 55 21 31 53 66 36 48 20 24 85 453 1788 105 20 154 206 122 37 33 50 26 59 20 27
leaf_count=529 55 21 31 53 66 36 48 20 24 85 453 1788 105 20 154 206 122 37 33 50 26 59 20 27
internal_value=0 -1.10641e-05 -3.2577e-05 8.15377e-06 -5.76564e-05 4.47136e-05 0 1.79321e-06 5.98055e-06 4.17263e-05 2.37532e-06 7.17711e-06 -5.7745e-05 -5.12271e-06 0 6.66418e-06 -2.25454e-05 -5.09387e-05 0 0 0 1.04978e-05 -4.40204e-05 -7.40282e-05
internal_weight=4068 448 285 163 169 89 103 3620 2525 155 2370 2241 129 1095 1011 735 276 84 74 135 116 90 53 64
internal_count=4068 448 285 163 169 89 103 3620 2525 155 2370 2241 129 1095 1011 735 276 84 74 135 116 90 53 64
is_linear=0
shrinkage=0.03


Tree=232
num_leaves=16
num_cat=0
split_feature=25 34 32 25 32 34 19 0 0 4 36 5 29 23 24
split_gain=7.13483e-05 0.000324685 0.000292003 0.000273332 0.000217357 0.000249533 0.00018084 0.000155851 0.000634148 0.000279906 0.0001048 7.1059e-05 6.39926e-05 5.55279e-05 5.40072e-05
threshold=0.56639309739550114 0.027164179848933049 0.038693587605730946 0.36556379617442508 0.025668455102732638 0.050613689460233487 67.929999542236331 35.744647979736335 35.046480178833015 45.925001144409187 0.00098912333038867774 5721763.5000000009 82.764603642720019 0.3867785477447257 -0.38198452037610292
decision_type=2 2 2 2 2 2 2 2 2 2 2 2 2 2 2
left_child=2 11 4 14 7 6 -6 8 -1 -9 13 -2 -12 -3 -4
right_child=1 10 3 -5 5 -7 -8 9 -10 -11 12 -13 -14 -15 -16
leaf_value=0 0 -3.8851430930487039e-05 3.319920094915012e-05 0.00014941651513195267 -9.3167400768208304e-05 0 0 -3.083179664851345e-05 8.7023279019282122e-05 1.912630840185569e-06 0 5.0739736751017856e-05 -8.5458793570460017e-05 5.1191522618432907e-07 0
leaf_weight=345 25 33 44 23 66 36 91 254 95 2834 32 32 66 49 43
leaf_count=345 25 33 44 23 66 36 91 254 95 2834 32 32 66 49 43
internal_value=0 -1.55459e-05 1.34326e-06 4.94947e-05 0 -3.10713e-05 -5.11487e-05 1.61465e-06 1.84286e-05 0 -4.28592e-05 1.80915e-05 -6.58318e-05 0 0
internal_weight=4068 237 3831 110 3721 193 157 3528 440 3088 180 57 98 82 87
internal_count=4068 237 3831 110 3721 193 157 3528 440 3088 180 57 98 82 87
is_linear=0
shrinkage=0.03


Tree=233
num_leaves=16
num_cat=0
split_feature=26 36 36 28 26 20 13 36 5 29 29 30 26 34 32
split_gain=6.79717e-05 0.000406427 0.000589208 0.000291221 0.000156027 0.0002293 0.000123482 0.000420248 0.000131752 0.00011245 0.000288843 0.000161271 8.19339e-06 2.03012e-06 1.86412e-06
threshold=0.80565871991588955 -0.0012172673639697449 -0.0074336679718996742 -183481329.49999997 0.83739655105497046 47.837500190734872 90.000000000000014 0.0011901275110173663 4497631.5000000009 91.209986124242448 87.557032933209612 83.90765516486907 0.77764821160098319 0.0010037503793971505 0.0040373631291980025
decision_type=2 2 2 2 2 2 2 2 2 2 2 2 2 2 2
left_child=1 2 -1 -4 5 14 9 13 -9 10 -6 -11 -3 -8 -2
right_child=4 12 3 -5 6 -7 7 8 -10 11 -12 -13 -14 -15 -16
leaf_value=0 -9.000979767050247e-05 -1.1896912664672868e-05 0.00024622843585171694 0 -1.3626388729694659e-06 0 -6.1001565663974751e-06 0 0.00013150370501939 0 4.0440098928299782e-05 -5.2980433545756144e-05 0 0 0
leaf_weight=29 43 52 20 20 3397 29 49 20 35 32 155 88 43 32 24
leaf_count=29 43 52 20 20 3397 29 49 20 35 32 155 88 43 32 24
internal_value=0 1.91947e-05 7.854e-05 0.000154446 -4.27637e-07 -3.83231e-05 0 2.84542e-05 9.41497e-05 -5.06333e-07 0 -2.91636e-05 0 0 -7.1965e-05
internal_weight=4068 164 69 40 3904 96 3808 136 55 3672 3552 120 95 81 67
internal_count=4068 164 69 40 3904 96 3808 136 55 3672 3552 120 95 81 67
is_linear=0
shrinkage=0.03


Tree=234
num_leaves=28
num_cat=0
split_feature=27 25 25 30 33 27 36 25 4 26 22 5 26 29 20 24 29 25 26 36 32 0 0 2 22 35 32
split_gain=6.81866e-05 0.000350789 0.000620787 0.000257615 0.000706271 0.000209518 0.000309443 0.000223625 0.00044128 0.000206713 0.000359217 0.000428919 0.000309942 0.000451165 0.00031834 0.000225869 0.000165313 0.000151039 0.0001456 0.000135055 0.000278633 7.06315e-05 0.000222552 0.000154423 5.61023e-05 0.000124796 6.31719e-05
threshold=0.53591499484055627 -0.01492927551327594 -0.0094572739508467906 51.046915444050974 0.0049444051726511571 0.66365047970207536 -0.0094187812658998952 0.4730744690758471 65.684864044189467 1.2833335066642875 44.418494706815856 3763857.0000000005 1.6296736366847682 9.3895397310114515 90.046887969970712 0.085682336604712098 77.70023874042343 0.15816124710449075 2.1187424242851032 -0.017398179524935217 0.0076110886374998197 46.10039138793946 60.654859542846687 81.370658874511733 49.58805268761602 0.018136949605358745 0.0049291548863589227
decision_type=2 2 2 2 2 2 2 2 2 2 2 2 2 2 2 2 2 2 2 2 2 2 2 2 2 2 2
left_child=1 9 -3 4 -4 17 19 16 -9 10 11 -1 14 -14 -11 -12 -8 21 -5 -7 -21 23 -23 -2 25 -19 -26
right_child=5 2 3 18 -6 6 7 8 -10 12 15 -13 13 -15 -16 -17 -18 24 -20 20 -22 22 -24 -25 26 -27 -28
leaf_value=1.1768068750689482e-07 -6.9698453258978496e-05 0.00019390656297807305 0 -1.8893064420315206e-05 0.00013585767696017888 0 -4.5290105543199109e-06 1.2476313085091973e-05 -5.2869645830466408e-05 4.1745620651524845e-05 6.6153145441227761e-05 -4.766920756330783e-05 7.3441564165638607e-05 -1.978371615635025e-05 0 0 1.9678862754388314e-05 0 4.5331307877275246e-05 9.6286629326136145e-05 0 4.9441419356173405e-06 -5.685881398616887e-05 0 4.1254047887249499e-05 -5.9033573772682926e-05 0
leaf_weight=99 114 22 205 211 51 56 652 59 214 329 50 375 44 483 149 128 352 40 27 69 29 113 61 23 53 37 23
leaf_count=99 114 22 205 211 51 56 652 59 214 329 50 375 44 483 149 128 352 40 27 69 29 113 61 23 53 37 23
internal_value=0 3.96334e-06 2.5964e-05 1.23754e-05 3.46526e-05 -3.79078e-06 0 -2.82396e-06 -2.77629e-05 -1.07855e-06 -1.56153e-05 -3.13627e-05 5.36807e-06 -6.29623e-06 2.45015e-05 9.4685e-06 9.71576e-07 -2.15635e-05 0 4.17273e-05 6.30409e-05 -3.36246e-05 0 -5.50381e-05 0 -1.48385e-05 2.09862e-05
internal_weight=4068 2173 516 494 256 1895 1431 1277 273 1657 652 474 1005 527 478 178 1004 464 238 154 98 311 174 137 153 77 76
internal_count=4068 2173 516 494 256 1895 1431 1277 273 1657 652 474 1005 527 478 178 1004 464 238 154 98 311 174 137 153 77 76
is_linear=0
shrinkage=0.03


Tree=235
num_leaves=28
num_cat=0
split_feature=0 0 5 22 33 27 22 25 36 36 36 23 23 5 35 27 27 33 20 32 25 36 35 25 22 28 25
split_gain=6.96992e-05 0.000273267 0.000339577 0.000558443 0.000330163 0.000281593 0.000295986 0.000224649 0.000215396 0.000907513 0.000384523 0.000190485 0.000388688 0.00060498 0.000444492 0.000377839 0.00045707 0.000303679 0.000209947 0.000184452 0.000173387 0.000235362 0.000231515 0.000168039 0.0001407 0.00013872 9.36571e-05
threshold=40.115802764892585 37.929924011230476 12488395.500000002 37.153168607523234 0.0059523927947900965 0.97974190563245356 48.409074295233147 -0.37586685312976459 0.0030241982045188715 0.01004051031451089 -0.012195145117014068 0.98642160529038148 0.33582220713709893 12488395.500000002 0.015344367954956079 0.75549898208378907 0.86838962772961559 -0.0082781456605092157 56.983750057220469 0.020446877114383536 -0.044252970835805566 -0.00054989572013213275 0.022621734234076849 0.0093723651048097396 48.691365026730836 120112344.00000001 -0.44702631283342592
decision_type=2 2 2 2 2 2 2 2 2 2 2 2 2 2 2 2 2 2 2 2 2 2 2 2 2 2 2
left_child=1 2 8 -4 7 6 -6 -3 10 -10 -1 12 13 14 -2 20 18 24 -17 -19 22 -22 -13 -9 -14 -18 -15
right_child=11 4 3 -5 5 -7 -8 23 9 -11 -12 15 17 26 -16 16 25 19 -20 -21 21 -23 -24 -25 -26 -27 -28
leaf_value=1.3349037669324493e-05 -1.716584158390392e-05 6.164517095396127e-05 0 0.00019553542226955202 0 0 0.0001408605232964305 -4.3264183503126266e-05 6.0742713973385739e-05 -4.1134258148553623e-05 -3.6609477167522374e-05 0 1.9225989422160186e-05 0 1.3976239910709774e-05 0 -3.9855664771674296e-05 4.6055792305376294e-05 -8.7369378964360662e-05 0 6.3081170347413002e-05 0 -7.1110769702778498e-05 0 -3.1334195799612162e-05 1.2496887154438086e-05 -0.00015222501571676643
leaf_weight=102 836 50 21 20 35 28 56 87 167 126 409 81 58 20 787 30 66 351 147 71 90 38 43 86 107 127 29
leaf_count=102 836 50 21 20 35 28 56 87 167 126 409 81 58 20 787 30 66 351 147 71 90 38 43 86 107 127 29
internal_value=0 6.50357e-06 0 8.04348e-05 2.94225e-05 7.05798e-05 9.64081e-05 0 -7.02764e-06 6.69764e-06 -2.0767e-05 -2.08453e-06 7.33258e-07 -5.22341e-06 -2.16661e-07 -1.71391e-05 -3.75758e-05 2.2808e-05 -7.26183e-05 3.70278e-05 9.7011e-07 3.38411e-05 -8.78716e-06 -8.25554e-06 0 0 -0.000109621
internal_weight=4068 1187 845 41 342 119 91 223 804 293 511 2881 2259 1672 1623 622 370 587 177 422 252 128 124 173 165 193 49
internal_count=4068 1187 845 41 342 119 91 223 804 293 511 2881 2259 1672 1623 622 370 587 177 422 252 128 124 173 165 193 49
is_linear=0
shrinkage=0.03


Tree=236
num_leaves=23
num_cat=0
split_feature=31 31 1 21 5 27 28 31 3 25 23 33 21 24 33 32 32 22 32 5 27 25
split_gain=6.95655e-05 0.000221351 0.000244446 0.000221046 0.000608518 0.000865863 0.000577485 0.000925436 0.000290885 0.000289636 0.000242008 0.000637304 0.000186672 0.000133162 0.000209678 0.000339883 0.000132465 0.000191929 9.96766e-05 9.64034e-05 0.000169465 7.74393e-05
threshold=0.0044593482766626122 0.0059627232154412244 70.774963378906264 69.402960205078145 13387555.500000002 0.48712725079616687 -36817415.999999993 -0.0016051824510305288 77.368232727050795 0.016212311639649205 -1.7208317588278239 -0.010668006766487379 82.147499847412135 1.5588513234979249 -0.026241104209098028 0.0067534876157865362 -0.012740823748583594 47.513095138532044 -0.03460619248319096 5496384.0000000009 0.88194042784636562 -0.11160919703441134
decision_type=2 2 2 2 2 2 2 2 2 2 2 2 2 2 2 2 2 2 2 2 2 2
left_child=3 2 21 4 6 -6 9 -8 16 -1 11 -10 -12 14 -3 -16 18 -18 -5 -15 -21 -2
right_child=1 13 -4 8 5 -7 7 -9 10 -11 12 -13 -14 19 15 -17 17 -19 -20 20 -22 -23
leaf_value=-2.9724589348916198e-05 0 -6.3894807432417661e-05 0 -4.1704610076765845e-05 0.00026638702496056441 0 0 0.00010675000388677273 0.00014855837144526468 5.8447736244806823e-06 2.9662801044608956e-05 0 -5.7046718880499735e-06 0 3.4759126367432127e-05 0 0 -9.1177109206584949e-05 7.412710196699575e-06 -0.00010176541826543001 0 -9.4912802852031386e-05
leaf_weight=332 21 34 97 48 21 20 326 119 36 292 153 31 1023 22 299 789 109 67 110 34 27 58
leaf_count=332 21 34 97 48 21 20 326 119 36 292 153 31 1023 22 299 789 109 67 110 34 27 58
internal_value=0 -4.9964e-06 -3.64287e-05 3.23558e-06 1.4003e-05 0.000132175 6.65262e-06 3.43217e-05 -2.44142e-06 -8.27476e-06 2.07093e-06 5.76669e-05 0 0 2.30874e-06 7.14038e-06 -2.82093e-05 -4.67626e-05 0 -3.70164e-05 -5.73027e-05 -7.57345e-05
internal_weight=4068 1381 176 2687 1110 41 1069 445 1577 624 1243 67 1176 1205 1122 1088 334 176 158 83 61 79
internal_count=4068 1381 176 2687 1110 41 1069 445 1577 624 1243 67 1176 1205 1122 1088 334 176 158 83 61 79
is_linear=0
shrinkage=0.03


Tree=237
num_leaves=24
num_cat=0
split_feature=29 3 19 20 28 31 29 29 5 0 25 0 33 0 32 32 30 22 21 29 27 1 31
split_gain=6.96572e-05 0.000465382 0.000610753 0.000410961 0.000391871 0.000265782 0.000176118 0.000311464 0.000826857 0.000483431 0.000246777 0.000364477 0.000358146 0.000229118 0.000266531 0.000170348 0.000160797 0.000139564 0.000123679 0.000105586 0.000235193 0.00015944 6.86944e-05
threshold=24.583438863660096 38.675001144409187 51.299999618530286 63.567264842987065 191417628.50000003 -0.0019811868487307201 39.073994994283218 43.23435284357538 3825615.5000000005 36.680150985717781 0.0093723651048097396 45.827568054199226 0.0039559215278466295 42.137355804443366 0.0094574169156151928 0.0019665958273292765 64.077449394261265 47.778161639605578 60.659583250681571 33.688051492882529 0.65820988352282683 87.465747833251967 -0.012735695979001425
decision_type=2 2 2 2 2 2 2 2 2 2 2 2 2 2 2 2 2 2 2 2 2 2 2
left_child=1 -1 5 17 -5 22 10 8 -8 -10 11 12 -2 14 -9 -7 -15 -4 -13 21 -21 -12 -3
right_child=6 2 3 4 -6 15 7 13 9 -11 19 18 -14 16 -16 -17 -18 -19 -20 20 -22 -23 -24
leaf_value=0.00012525850065374294 -7.4303532749116167e-05 -3.7442017065481513e-05 9.3069697187020761e-05 -6.3120194968717056e-06 4.8996567555002239e-05 -0.00012366298745141675 -3.5130623545341294e-05 2.5467171241866263e-05 0 0.00011063538751722881 5.378679641876737e-05 5.2156256141810697e-05 0 -2.0752913686961919e-05 -2.6982416870239731e-06 0 0 0 -1.0807640477084774e-05 -6.3124613174927622e-05 0 0 1.1488242425506915e-07
leaf_weight=30 188 44 79 453 140 49 41 492 20 115 81 33 47 628 386 25 814 22 182 54 29 42 74
leaf_count=30 188 44 79 453 140 49 41 492 20 115 81 33 47 628 386 25 814 22 182 54 29 42 74
internal_value=0 7.64022e-06 2.58349e-07 1.66054e-05 1.69355e-06 -4.31904e-05 -1.70991e-06 8.2035e-07 3.9897e-05 8.48981e-05 -1.59083e-05 -2.93657e-05 -5.51928e-05 -8.5263e-07 9.66929e-06 -8.98003e-05 -9.33971e-06 7.43953e-05 0 0 -6.85021e-06 2.7208e-05 0
internal_weight=4068 916 886 694 593 192 3152 2496 176 135 656 450 235 2320 878 74 1442 101 215 206 83 123 118
internal_count=4068 916 886 694 593 192 3152 2496 176 135 656 450 235 2320 878 74 1442 101 215 206 83 123 118
is_linear=0
shrinkage=0.03


Tree=238
num_leaves=27
num_cat=0
split_feature=29 24 29 31 26 20 26 32 28 2 2 31 32 0 5 2 29 26 24 2 31 31 31 29 24 29
split_gain=6.93373e-05 0.000270945 0.00025952 0.000215926 0.000154291 0.000338396 0.000380069 0.000784663 0.000319438 0.0008583 0.000251834 0.000260165 0.000894497 0.000276478 0.000247873 0.000169906 0.00018702 0.00016639 9.1987e-05 6.41208e-05 2.33088e-05 2.17849e-05 0.000116825 1.67201e-05 1.03208e-05 7.53023e-08
threshold=81.548399252301138 0.48168466112945407 87.557032933209612 -0.0026084821377909679 1.2716661481233322 86.978810691833516 1.5706645329216922 0.026140459749815274 185356982.50000003 93.96771621704103 54.049999237060554 -0.0019811868487307201 -0.0052044768354195794 35.286781311035163 5117869.5000000009 92.19931793212892 78.0269676180163 1.3706683850796721 0.7112234667176045 66.147163391113295 0.0046345211654106331 0.012845199136335085 -0.0006675063546607295 91.8365415866691 1.0796818102374381 88.178496702841656
decision_type=2 2 2 2 2 2 2 2 2 2 2 2 2 2 2 2 2 2 2 2 2 2 2 2 2 2
left_child=4 2 3 -2 10 6 7 -6 17 -10 11 12 -1 -13 -8 16 -12 -7 20 -5 -3 22 -20 25 -23 -4
right_child=1 18 23 19 5 8 14 -9 9 -11 15 13 -14 -15 -16 -17 -18 -19 21 -21 -22 24 -24 -25 -26 -27
leaf_value=0 -0.00013479166728643286 6.9352313649368924e-05 0 0 2.0138508010096838e-05 0 3.1941095480831369e-05 0.00017571265430380112 0.00018101763209342895 0 -3.992432959050147e-05 2.5711027445976395e-05 8.9762959108220049e-05 -2.4730251729457559e-05 -1.0233773099349532e-05 0 0 -3.1576816668718644e-05 0 -3.3086742215944244e-05 0 0 -4.078299475240556e-05 -1.5220664231514961e-05 2.2824103312525629e-05 3.8347404020474962e-06
leaf_weight=272 39 23 21 58 555 89 174 40 25 439 360 85 125 373 434 133 21 399 51 56 27 29 72 60 27 81
leaf_count=272 39 23 21 58 555 89 174 40 25 439 360 85 125 373 434 133 21 399 51 56 27 29 72 60 27 81
internal_value=0 -9.55673e-06 -3.0138e-05 -5.82665e-05 1.89913e-06 7.49558e-06 1.85715e-05 3.56662e-05 -3.35017e-06 1.03786e-05 -4.71916e-06 2.26644e-06 2.26061e-05 -8.81652e-06 0 -2.21728e-05 -3.2626e-05 -2.25495e-05 5.65982e-06 -5.69895e-06 4.2414e-05 0 -1.09566e-05 0 9.27763e-06 3.31917e-06
internal_weight=4068 544 315 153 3524 2155 1203 595 952 464 1369 855 397 458 608 514 381 488 229 114 50 179 123 162 56 102
internal_count=4068 544 315 153 3524 2155 1203 595 952 464 1369 855 397 458 608 514 381 488 229 114 50 179 123 162 56 102
is_linear=0
shrinkage=0.03


Tree=239
num_leaves=25
num_cat=0
split_feature=27 23 0 28 0 22 26 0 25 5 24 29 35 35 35 36 25 24 22 26 34 36 26 25
split_gain=6.86821e-05 0.0005729 0.000709544 0.000208884 0.000925153 0.000239891 0.000268058 0.000176872 0.000139953 0.000199226 0.000243732 0.000419268 0.0001888 0.000135856 0.00030756 0.000300043 0.00022566 0.000556373 0.000214921 0.000192652 3.87224e-05 4.75652e-05 1.01244e-05 1.86636e-06
threshold=0.093378592212026726 -0.25195886375646376 39.025753021240241 122937611.50000001 53.766599655151374 29.649281492485581 0.86479123995929896 36.978618621826179 -0.31450790565230674 3633255.0000000005 0.40195272160182433 19.670183732753667 0.022501617610114742 0.013098387611117731 0.012315482027293795 -0.004119476704182559 -0.20706981100451546 -0.53876281686532479 43.767231862282962 1.5911844958923622 -0.023262114175738365 -0.0055605574641042843 1.6931901070046453 -0.28701962587825736
decision_type=2 2 2 2 2 2 2 2 2 2 2 2 2 2 2 2 2 2 2 2 2 2 2 2
left_child=1 3 -3 5 -5 7 -7 -1 9 22 12 -12 -11 14 19 -16 17 -15 -18 -10 21 -4 -2 -6
right_child=8 2 20 4 23 6 -8 -9 13 10 11 -13 -14 16 15 -17 18 -19 -20 -21 -22 -23 -24 -25
leaf_value=6.1120407107908878e-05 0 0.00024557102923350991 4.5147411840120837e-05 0.00020923946983526044 -5.1190540773954585e-06 0 -5.9009455510055392e-05 -5.0790530207568312e-06 6.8524719609595121e-06 -2.6986301800415126e-05 0 -8.6432925742487742e-05 3.3063135228564937e-05 0.00012577422878790523 0 -7.4853777191213306e-05 -1.9267895269010446e-05 0 6.3905305561846586e-06 -3.090470301541395e-05 0 0 2.1419635863513237e-05 0
leaf_weight=42 30 20 38 21 64 25 159 74 619 131 42 121 68 48 47 109 337 141 1693 151 23 23 22 20
leaf_count=42 30 20 38 21 64 25 159 74 619 131 42 121 68 48 47 109 337 141 1693 151 23 23 22 20
internal_value=0 1.06675e-05 7.42263e-05 0 2.94485e-05 -1.79646e-05 -4.12167e-05 0 -1.04422e-06 -1.7699e-05 -2.91647e-05 -5.68623e-05 0 1.94807e-07 -8.3425e-06 -4.67563e-05 5.10959e-06 3.70919e-05 6.5248e-07 0 0 2.38826e-05 4.44107e-06 0
internal_weight=4068 509 104 405 105 300 184 116 3559 414 362 163 199 3145 926 156 2219 189 2030 770 84 61 52 84
internal_count=4068 509 104 405 105 300 184 116 3559 414 362 163 199 3145 926 156 2219 189 2030 770 84 61 52 84
is_linear=0
shrinkage=0.03


Tree=240
num_leaves=20
num_cat=0
split_feature=33 23 26 29 5 3 1 23 23 26 23 5 2 21 26 34 34 35 3
split_gain=7.52241e-05 0.00040801 0.000405861 0.000318288 0.000992828 0.000272367 0.000226779 0.000211076 0.00046037 0.000480849 0.000272734 0.000262313 0.000236904 0.00020018 0.00032959 0.000172384 0.00016803 0.00018239 0.000136865
threshold=-0.037248309641346115 -0.17637863781201443 2.3626289673765735 16.461413025919544 8841219.0000000019 66.924999237060561 49.274999618530281 1.2007246295742002 1.5387861901627817 1.5369704538076139 0.3867785477447257 12912490.500000002 46.274999618530281 72.923333422342949 1.1990609222242676 0.013961200265326991 -0.038582963963537324 0.020304532896292891 97.640247344970717
decision_type=2 2 2 2 2 2 2 2 2 2 2 2 2 2 2 2 2 2 2
left_child=1 2 5 4 16 6 -1 10 9 -9 11 -5 -12 14 -3 -10 17 -2 -18
right_child=3 13 -4 7 -6 -7 -8 8 15 -11 12 -13 -14 -15 -16 -17 18 -19 -20
leaf_value=0 6.2309794598561363e-05 0 0 0 0.00023033956282669929 0 -0.00017694288910881085 0 -2.1776845445052792e-05 -0.00011341036311428701 -1.0445927422756326e-05 -6.923765261094532e-05 2.4227985496569973e-05 0 0.00012400940289094206 2.1962810745719143e-05 -2.0135642728584249e-05 0 3.4792542892650961e-05
leaf_weight=34 85 21 24 2080 22 58 39 85 152 80 96 53 745 32 32 172 181 36 41
leaf_count=34 85 21 24 2080 22 58 39 85 152 80 96 53 745 32 32 172 181 36 41
internal_value=0 -1.5717e-05 -5.13937e-05 1.48057e-06 2.83782e-05 -7.68836e-05 -0.000118129 -4.88903e-07 -1.93506e-05 -6.0157e-05 1.60427e-06 -2.94274e-06 1.67024e-05 1.40719e-05 6.09118e-05 0 6.61726e-06 3.70518e-05 0
internal_weight=4068 240 155 3828 365 131 73 3463 489 165 2974 2133 841 85 53 324 343 121 222
internal_count=4068 240 155 3828 365 131 73 3463 489 165 2974 2133 841 85 53 324 343 121 222
is_linear=0
shrinkage=0.03


Tree=241
num_leaves=20
num_cat=0
split_feature=33 23 26 29 5 1 32 27 23 34 26 0 23 5 2 1 21 26 5
split_gain=7.09559e-05 0.000384172 0.000394191 0.000304453 0.000930072 0.000251309 0.000218486 0.000249819 0.000198593 0.00043958 0.000522748 0.000415219 0.000254754 0.000246342 0.000226136 0.000188704 0.0001879 0.000313091 0.000135813
threshold=-0.037248309641346115 -0.17637863781201443 2.3626289673765735 16.461413025919544 8841219.0000000019 67.575000762939467 -0.015675090212075578 0.028025121473999787 1.2007246295742002 0.012962803236019506 1.7834740007154466 40.218473434448249 0.3867785477447257 12912490.500000002 46.274999618530281 49.274999618530281 72.923333422342949 1.1990609222242676 3659630.5000000005
decision_type=2 2 2 2 2 2 2 2 2 2 2 2 2 2 2 2 2 2 2
left_child=1 2 5 4 6 15 7 -2 12 10 -10 -11 13 -5 -14 -1 17 -3 -8
right_child=3 16 -4 8 -6 -7 18 -9 9 11 -12 -13 14 -15 -16 -17 -18 -19 -20
leaf_value=0 0 0 0 0 0.00022346063328715148 0 2.5915174738274531e-05 9.8244139248094287e-05 -8.0826271375362301e-05 8.3875470128311883e-05 0 -9.9136818145859231e-06 -1.013287518449776e-05 -6.7164434926087125e-05 2.3501243142190339e-05 -0.00016856794157431244 0 0.00012030071075178822 -2.0745810249795679e-05
leaf_weight=34 49 21 24 2080 22 57 62 45 159 50 64 216 96 53 745 40 32 32 187
leaf_count=34 49 21 24 2080 22 57 62 45 159 50 64 216 96 53 745 40 32 32 187
internal_value=0 -1.53506e-05 -5.00589e-05 1.37933e-06 2.77089e-05 -7.53044e-05 6.3481e-06 4.72927e-05 -5.30243e-07 -1.88228e-05 -5.04977e-05 0 1.46933e-06 -2.89113e-06 1.60944e-05 -0.000114391 1.2673e-05 5.86698e-05 0
internal_weight=4068 240 155 3828 365 131 343 94 3463 489 223 266 2974 2133 841 74 85 53 249
internal_count=4068 240 155 3828 365 131 343 94 3463 489 223 266 2974 2133 841 74 85 53 249
is_linear=0
shrinkage=0.03


Tree=242
num_leaves=28
num_cat=0
split_feature=27 25 25 31 23 25 24 30 0 25 31 30 5 26 22 5 26 31 29 23 35 20 25 31 30 22 29
split_gain=6.97705e-05 0.000336356 0.000568257 0.000277339 0.000220251 0.000267416 0.000244771 0.000331282 0.000472061 0.000193318 0.000358651 0.000216275 0.000180672 0.000175789 0.000327233 0.000409852 0.000294061 0.000612774 0.000400983 0.000226439 0.000173361 0.000192955 0.000156272 0.000224299 0.000152685 0.000152645 0.000116558
threshold=0.53591499484055627 -0.01492927551327594 -0.0094572739508467906 -0.0054495565408249061 0.16180587651898296 0.23291151815614533 0.94893915358949577 65.458364796928322 42.713985443115241 0.22844081778331857 0.0083434834155561317 57.051363996200287 3378615.0000000005 1.2833335066642875 44.418494706815856 3763857.0000000005 1.6296736366847682 -0.0028954513909384967 9.3895397310114515 -0.15391457773492331 0.02198769495221382 98.111250305175801 0.37095719587326542 0.0049523559253699121 71.416296930951049 40.647159971371863 86.370754708047627
decision_type=2 2 2 2 2 2 2 2 2 2 2 2 2 2 2 2 2 2 2 2 2 2 2 2 2 2 2
left_child=1 13 -3 25 5 20 9 8 -8 10 -6 -11 -5 14 15 -1 17 -15 -18 -16 21 -2 23 -7 -9 -4 -24
right_child=4 2 3 12 6 22 7 24 -10 11 -12 -13 -14 16 19 -17 18 -19 -20 -21 -22 -23 26 -25 -26 -27 -28
leaf_value=1.1958725788389945e-06 -6.9415244650252109e-05 0.00018712561469044685 -4.5665203837245284e-05 0 4.8911075481854463e-05 6.5525451833049633e-05 0 4.5982961361038968e-05 -6.5723248777516349e-05 5.1730851761566539e-05 0 -1.0435297645823357e-05 4.9884252545618572e-05 0 7.893545481447989e-05 -4.5711532284100677e-05 6.7551116544997222e-05 5.8756380943375095e-05 -1.9373851845928576e-05 0 0 0 -3.3445718455901084e-05 0 0 0 0
leaf_weight=99 165 22 66 76 268 65 64 65 185 59 114 335 195 241 35 375 44 237 483 143 66 32 150 60 220 157 47
leaf_count=99 165 22 66 76 268 65 64 65 185 59 114 335 195 241 35 375 44 237 483 143 66 32 150 60 220 157 47
internal_value=0 3.99983e-06 2.55217e-05 1.22167e-05 -3.84566e-06 -1.96174e-05 9.08496e-07 -1.19892e-05 -3.87839e-05 1.36499e-05 2.88753e-05 0 3.45114e-05 -8.92962e-07 -1.44128e-05 -2.95885e-05 4.89387e-06 2.36338e-05 -6.4134e-06 9.1484e-06 -4.20785e-05 -5.61703e-05 0 2.49128e-05 9.03576e-07 -1.43326e-06 -1.78786e-05
internal_weight=4068 2173 516 494 1895 585 1310 534 249 776 382 394 271 1657 652 474 1005 478 527 178 263 197 322 125 285 223 197
internal_count=4068 2173 516 494 1895 585 1310 534 249 776 382 394 271 1657 652 474 1005 478 527 178 263 197 322 125 285 223 197
is_linear=0
shrinkage=0.03


Tree=243
num_leaves=19
num_cat=0
split_feature=27 32 36 24 0 25 22 5 32 5 31 33 25 33 27 0 5 5
split_gain=7.01177e-05 0.000578868 0.00132969 0.000217018 0.000152309 0.000256827 0.000135232 0.000129627 0.000306478 0.000236572 0.000256915 0.000395422 0.000208132 0.00023634 9.63237e-05 5.00135e-05 1.90477e-05 8.74747e-07
threshold=0.093378592212026726 -0.008888193919753538 -0.0063999721619081148 0.33708722988471751 43.975437164306648 -0.70783075055805078 38.502033685546813 2125746.5000000005 -0.00063696296123844076 2715136.0000000005 -0.0048309269996139039 -0.0057587972604364315 -0.31450790565230674 -0.010921994407633804 0.53591499484055627 44.094669342041023 7019535.5000000009 5194836.0000000009
decision_type=2 2 2 2 2 2 2 2 2 2 2 2 2 2 2 2 2 2
left_child=1 3 -3 4 5 -1 -5 8 -2 10 -9 -12 13 -11 -14 -10 -6 -4
right_child=7 2 17 6 16 -7 -8 9 15 12 11 -13 14 -15 -16 -17 -18 -19
leaf_value=0 0 0.00027150031886618057 4.9523336630070827e-06 0 1.3529718831084085e-05 -5.2663968219631952e-05 7.1562936286305529e-05 0 0.00014043360618627251 -5.0793054141770114e-05 0 -9.8496216735280033e-05 8.8383871868721524e-06 0 -1.400727634661176e-06 0 -1.2731259482899195e-06 0
leaf_weight=23 26 24 32 24 93 160 47 32 21 152 24 85 1164 246 1788 21 62 44
leaf_count=23 26 24 32 24 93 160 47 32 21 152 24 85 1164 246 1788 21 62 44
internal_value=0 1.07444e-05 7.61035e-05 0 -1.49745e-05 -3.40985e-05 4.09972e-05 -1.10355e-06 3.74055e-05 -2.71403e-06 -4.11127e-05 -6.56155e-05 -2.01177e-07 -2.12461e-05 1.62058e-06 9.38885e-05 0 0
internal_weight=4068 509 100 409 338 183 71 3559 68 3491 141 109 3350 398 2952 42 155 76
internal_count=4068 509 100 409 338 183 71 3559 68 3491 141 109 3350 398 2952 42 155 76
is_linear=0
shrinkage=0.03


Tree=244
num_leaves=17
num_cat=0
split_feature=7 27 30 31 20 26 28 31 27 31 20 22 35 23 31 26
split_gain=6.81869e-05 0.000139038 0.000151301 0.000124631 0.000311944 0.000633984 0.000301562 0.000278676 0.000220539 0.000201152 0.000250057 0.000227558 0.000165265 0.000188946 0.000135788 7.00806e-06
threshold=-1.0000000180025095e-35 0.6508584979636991 52.325274111757899 0.0044593482766626122 67.330913066864028 1.9163568377155504 -36817415.999999993 -0.029471648773977895 0.83248911452733987 0.0059627232154412244 95.088578414916995 64.110887016313583 0.010748825392505702 -0.39118461465241688 0.013709692463304448 1.2446755089682997
decision_type=2 2 2 2 2 2 2 2 2 2 2 2 2 2 2 2
left_child=1 2 15 4 5 6 -2 -6 -9 10 11 -5 13 -11 -14 -1
right_child=3 -3 -4 9 7 -7 -8 8 -10 12 -12 -13 14 -15 -16 -17
leaf_value=0 0 0 -7.9505452250122095e-05 -7.2625989662473327e-05 -7.020870650345695e-05 0.00015265209783409903 3.3563769922039491e-05 5.6431943961076291e-06 -3.0814140832021629e-05 0 0 0 -1.5699030149445471e-05 7.3413238235790385e-05 2.4422129443831562e-06 -1.1002753142646425e-05
leaf_weight=44 596 39 50 122 51 35 345 1310 165 44 32 22 549 56 556 52
leaf_count=44 596 39 50 122 51 35 345 1310 165 44 32 22 549 56 556 52
internal_value=0 -1.72975e-05 -3.51507e-05 1.24158e-06 5.82931e-06 1.93294e-05 1.11671e-05 -8.40004e-07 0 -4.89779e-06 -3.48736e-05 -5.52088e-05 0 3.63549e-05 -3.85687e-06 0
internal_weight=4068 185 146 3883 2502 976 941 1526 1475 1381 176 144 1205 100 1105 96
internal_count=4068 185 146 3883 2502 976 941 1526 1475 1381 176 144 1205 100 1105 96
is_linear=0
shrinkage=0.03


Tree=245
num_leaves=15
num_cat=0
split_feature=26 31 26 20 35 26 13 36 5 32 19 5 32 5
split_gain=6.85274e-05 0.00044904 0.00014473 0.00022244 0.000146384 0.000119899 0.000111564 0.000394941 0.000114539 0.000101491 0.000327251 0.000320718 2.0736e-06 2.28107e-07
threshold=0.80565871991588955 -0.0086597176296118166 0.83739655105497046 47.837500190734872 0.019315552673959537 0.77764821160098319 90.000000000000014 0.0011901275110173663 4497631.5000000009 -0.0018107813876866994 50.615000152587896 8841219.0000000019 -0.0050425658725478098 3744722.5000000005
decision_type=2 2 2 2 2 2 2 2 2 2 2 2 2 2
left_child=1 -1 3 4 -2 12 9 13 -9 11 -11 -4 -3 -8
right_child=2 5 6 -5 -6 -7 7 8 -10 10 -12 -13 -14 -15
leaf_value=0.00012643943480143954 -0.00011322393565157484 0 0 0 0 2.8452404068171715e-05 0 0 0.00012610684473835662 3.2862812114785696e-05 -1.4670901915892523e-07 -3.9260946144827274e-05 -3.3744273209785268e-05 -2.0659417270371952e-06
leaf_weight=29 36 22 1433 29 31 58 33 20 35 291 1714 234 55 48
leaf_count=29 36 22 1433 29 31 58 33 20 35 291 1714 234 55 48
internal_value=0 1.92933e-05 -3.89182e-07 -3.68996e-05 -7.02396e-05 0 0 2.70603e-05 9.08827e-05 -4.51039e-07 3.14941e-06 -6.58098e-06 -2.8099e-05 0
internal_weight=4068 164 3904 96 67 135 3808 136 55 3672 2005 1667 77 81
internal_count=4068 164 3904 96 67 135 3808 136 55 3672 2005 1667 77 81
is_linear=0
shrinkage=0.03


Tree=246
num_leaves=28
num_cat=0
split_feature=29 25 25 22 24 29 36 25 26 26 25 25 25 26 5 22 25 0 33 36 26 33 5 36 1 29 29
split_gain=6.65013e-05 0.000295358 0.000403318 0.000407055 0.000256815 0.000305325 0.000253561 0.000239269 0.000199857 0.000370092 0.000332849 0.000556063 0.000435113 0.000202358 0.000145983 0.000120159 0.00026176 0.000218403 0.000101889 0.000173615 7.73014e-05 0.000135935 0.000132871 4.01863e-05 2.82046e-05 2.06175e-05 1.27859e-06
threshold=81.548399252301138 0.25822304497818366 0.35020047830541184 64.904137187534531 0.51094231217891151 87.557032933209612 -0.015224248627373404 0.20849752002711572 1.4435463495348106 1.3929676582195702 -0.31033708928118725 -0.23617874672881126 -0.44702631283342592 1.3481246776573741 4272005.0000000009 65.158658209691978 0.67882708138081183 44.463163375854499 0.019615545954916439 0.0065489285848637935 1.4556361406516434 0.054434107779768988 6821562.0000000009 -0.0016765137112410686 90.40592193603517 91.8365415866691 88.178496702841656
decision_type=2 2 2 2 2 2 2 2 2 2 2 2 2 2 2 2 2 2 2 2 2 2 2 2 2 2 2
left_child=1 8 3 6 5 7 -3 -2 9 13 12 -12 -10 -1 -11 16 -4 -17 19 23 22 -22 -20 -6 -9 26 -7
right_child=4 2 15 -5 18 25 -8 24 10 14 11 -13 -14 -15 -16 17 -18 -19 20 -21 21 -23 -24 -25 -26 -27 -28
leaf_value=-7.2924614139588851e-06 0 0 -2.3482889347154659e-05 0 0 0 9.3781085001796836e-05 -0.00010171619155336739 2.9367290600682786e-06 0 8.6367206031634971e-05 5.1105062224411258e-06 -5.0961485857271064e-05 3.6775811802269463e-05 -8.4208897700653509e-05 8.9363734576897565e-05 5.4420772145685041e-05 0 0 0 -5.3882601215867926e-05 0 6.1337942615304332e-05 9.51913661945276e-05 0 -1.4419170229590359e-05 9.3718273699525761e-06
leaf_weight=1432 60 21 270 39 26 21 140 76 342 37 107 671 164 87 82 37 32 63 28 20 63 22 34 32 20 60 82
leaf_count=1432 60 21 270 39 26 21 140 76 342 37 107 671 164 87 82 37 32 63 28 20 63 22 34 32 20 60 82
internal_value=0 1.8764e-06 2.13567e-05 5.64487e-05 -9.33787e-06 -2.91865e-05 7.89424e-05 -5.91753e-05 -1.11093e-06 -8.89305e-06 6.48039e-06 2.01511e-05 -8.61119e-06 -2.79136e-06 -6.15226e-05 0 -5.28243e-06 3.15616e-05 5.47616e-06 3.55044e-05 0 -2.67422e-05 1.18446e-05 6.62108e-05 -8.9044e-05 0 7.6668e-06
internal_weight=4068 3524 602 200 544 319 161 156 2922 1638 1284 778 506 1519 119 402 302 100 225 78 147 85 62 58 96 163 103
internal_count=4068 3524 602 200 544 319 161 156 2922 1638 1284 778 506 1519 119 402 302 100 225 78 147 85 62 58 96 163 103
is_linear=0
shrinkage=0.03


Tree=247
num_leaves=21
num_cat=0
split_feature=36 31 31 28 19 5 28 31 5 22 23 36 0 25 28 28 36 32 25 29
split_gain=6.57817e-05 0.000265502 0.000244878 0.000239252 0.000189721 0.000168536 0.000126815 0.000106283 0.000487609 0.00217204 0.000566791 0.000229232 0.000285077 0.000370628 0.000183875 0.000133146 0.000120359 0.000623775 0.000205093 8.04914e-05
threshold=0.012844554875967666 0.018879106851111497 -0.00083091755894271191 64973878.500000007 51.495000076293955 13815146.500000002 -7284402.4999999991 -0.019560817424331464 11355735.500000002 39.993405594477572 0.83287768664627049 -0.022601424169638916 57.532184600830085 0.1626876533712785 24845555.500000004 114424179.00000001 0.0030241982045188715 0.0056979549284577055 -0.70783075055805078 24.940385733827231
decision_type=2 2 2 2 2 2 2 2 2 2 2 2 2 2 2 2 2 2 2 2
left_child=7 2 -2 6 -4 -5 -3 11 16 -10 -11 14 13 -13 -1 -16 18 -18 -9 -6
right_child=1 3 4 5 19 -7 -8 8 9 10 -12 12 -14 -15 15 -17 17 -19 -20 -21
leaf_value=7.1800882378908598e-05 0 0 0 5.4894451960927789e-05 0 0 -5.8965595182464974e-05 5.3258863478387747e-05 0.00028974011300381309 -7.3894045484752786e-05 8.2321339891131015e-05 -8.6389833243092812e-05 0 0 -6.7758648468973639e-05 0 3.6439110731890835e-05 -9.0013419918292978e-06 -4.4615287536920954e-06 -7.7471329876790113e-05
leaf_weight=32 21 65 42 111 20 22 42 52 29 51 34 114 34 27 26 36 471 477 2237 125
leaf_count=32 21 65 42 111 20 22 42 52 29 51 34 114 34 27 26 36 471 477 2237 125
internal_value=0 -1.0384e-05 -3.71526e-05 3.26436e-07 -5.20881e-05 3.70905e-05 -1.73517e-05 1.73408e-06 3.91765e-06 6.54041e-05 0 -1.43103e-05 -3.86388e-05 -6.05892e-05 0 0 8.23523e-07 1.04123e-05 -1.83745e-06 -6.83761e-05
internal_weight=4068 448 208 240 187 133 107 3620 3351 114 85 269 175 141 94 62 3237 948 2289 145
internal_count=4068 448 208 240 187 133 107 3620 3351 114 85 269 175 141 94 62 3237 948 2289 145
is_linear=0
shrinkage=0.03


Tree=248
num_leaves=20
num_cat=0
split_feature=27 32 25 24 30 32 25 23 21 26 23 24 2 30 30 25 21 33 25
split_gain=6.77589e-05 0.000533284 0.00130115 0.000200359 0.000172578 0.000263285 0.000213458 0.000161586 0.000308735 0.000637086 0.000212477 0.000217614 0.000198753 0.000148102 0.000138342 0.000136044 0.000207839 6.05465e-05 2.92207e-05
threshold=0.093378592212026726 -0.008888193919753538 -0.23957373902129481 0.33708722988471751 20.698144389042408 -0.017442526076148209 -0.33431112294082693 -0.37893368868260063 86.429670079549169 1.3209365698292761 0.3867785477447257 -0.024940636162905299 51.925001144409187 27.958703742892329 36.565448770657675 -0.80439141096990252 98.15458278656007 0.0010870683704526931 -0.19384343546912094
decision_type=2 2 2 2 2 2 2 2 2 2 2 2 2 2 2 2 2 2 2
left_child=1 3 -3 15 5 -2 17 8 9 -6 12 -12 -9 -5 -10 -1 -17 -7 -8
right_child=4 2 -4 13 7 6 18 10 14 -11 11 -13 -14 -15 -16 16 -18 -19 -20
leaf_value=0 1.0199755913792888e-05 0 0.00025582283029423745 0 0 -8.2849711037809122e-05 0 0 8.8779486828460186e-06 5.8972812785783092e-05 9.026242289979721e-05 0 -2.3967464651275839e-05 8.7584227206028779e-05 -2.1669392553902364e-05 -3.7353704544778807e-05 0 0 -1.589428399436116e-05
leaf_weight=25 35 74 26 39 307 93 52 262 128 278 25 1324 672 32 254 270 43 25 104
leaf_count=25 35 74 26 39 307 93 52 262 128 278 25 1324 672 32 254 270 43 25 104
internal_value=0 1.05938e-05 7.32499e-05 0 -1.03965e-06 -2.26901e-05 -3.78384e-05 9.63887e-08 1.11781e-05 2.59431e-05 -3.28373e-06 2.53137e-06 -1.48936e-05 3.98569e-05 -3.58264e-06 -1.41166e-05 -2.4622e-05 -7.03537e-05 0
internal_weight=4068 509 100 409 3559 309 274 3250 967 585 2283 1349 934 71 382 338 313 118 156
internal_count=4068 509 100 409 3559 309 274 3250 967 585 2283 1349 934 71 382 338 313 118 156
is_linear=0
shrinkage=0.03


Tree=249
num_leaves=22
num_cat=0
split_feature=30 30 30 30 5 25 25 23 26 34 33 30 34 34 22 29 26 24 29 29 34
split_gain=6.63034e-05 0.000121429 0.000139512 0.000219315 0.000243909 0.000173231 0.000263614 0.000171081 0.000134004 0.000144092 0.000125183 0.000111713 0.000127393 0.000181986 0.000153493 6.86454e-05 5.03568e-05 3.15431e-05 2.65898e-06 4.55162e-05 1.94476e-05
threshold=84.583542286369564 78.54768442874105 72.384959407313318 65.458364796928322 3705154.5000000005 0.029045045984081478 0.54448447013519352 0.71700642671780568 1.5233768470682485 0.015665145183077937 0.025068968709246579 91.219163533805968 0.033191255282474137 0.016003770200286874 61.084446501380029 91.209986124242448 1.9163568377155504 1.0971489779675447 89.808263209953665 85.691737237086159 0.055485559609543718
decision_type=2 2 2 2 2 2 2 2 2 2 2 2 2 2 2 2 2 2 2 2 2
left_child=1 2 3 7 -5 -4 -7 -1 9 -3 -11 12 13 -2 -15 -13 17 -10 19 -14 -20
right_child=11 8 5 4 -6 6 -8 -9 16 10 -12 15 18 14 -16 -17 -18 -19 20 -21 -22
leaf_value=2.576495757333612e-06 0 0 0 0 3.9291715360928948e-05 -4.6805394586528785e-05 0 -1.6694903791170291e-05 -3.0104692724704427e-05 7.613027327847818e-05 0 5.1715535152546276e-05 0 -0.00015343972024820836 0 0 2.5757779798110281e-05 0 0 2.8594690520549189e-05 -2.2557622699416534e-05
leaf_weight=2323 22 38 54 74 278 231 35 497 57 83 39 23 42 24 38 41 33 22 25 50 39
leaf_count=2323 22 38 54 74 278 231 35 497 57 83 39 23 42 24 38 41 33 22 25 50 39
internal_value=0 1.57991e-06 0 1.9803e-06 2.44115e-05 -1.87988e-05 -3.17963e-05 0 2.08847e-05 3.86601e-05 5.49714e-05 -1.28582e-05 -2.5063e-05 -5.6184e-05 -8.31409e-05 0 0 -1.71851e-05 0 0 -6.11012e-06
internal_weight=4068 3764 3492 3172 352 320 266 2820 272 160 122 304 240 84 62 64 112 79 156 92 64
internal_count=4068 3764 3492 3172 352 320 266 2820 272 160 122 304 240 84 62 64 112 79 156 92 64
is_linear=0
shrinkage=0.03


Tree=250
num_leaves=26
num_cat=0
split_feature=27 23 0 30 25 23 25 4 23 33 35 22 22 26 33 28 5 35 33 36 34 30 33 33 5
split_gain=6.68656e-05 0.000535823 0.000627896 0.000159721 0.00022797 0.000161304 0.000296292 0.000543746 0.000231739 0.000302572 0.000200511 0.000164236 0.000152045 0.000413585 0.000266135 0.000317695 0.000126486 0.000108478 0.000132548 7.17831e-05 5.41496e-05 4.65699e-05 3.7939e-05 2.31255e-05 2.20983e-05
threshold=0.098402645434815431 -0.25195886375646376 39.025753021240241 20.698144389042408 -0.33431112294082693 -0.37893368868260063 -0.24360578614647818 69.546035766601577 -0.089783580061723697 -0.033453947701974011 0.021425087575866364 43.767231862282962 31.977117536435404 1.8455027468775673 -0.015088346197075107 27041937.000000004 3804303.0000000005 0.019490840563956523 -0.013870378816770333 0.0024783531854090045 -0.023262114175738365 25.116400744210978 -0.010668006766487379 0.0010870683704526931 7360217.0000000009
decision_type=2 2 2 2 2 2 2 2 2 2 2 2 2 2 2 2 2 2 2 2 2 2 2 2 2
left_child=1 12 -3 4 16 6 7 -5 10 -10 -7 -8 13 24 15 -14 -2 18 -6 -19 21 -4 -16 -18 -1
right_child=3 2 20 5 17 8 11 -9 9 -11 -12 -13 14 -15 22 -17 23 19 -20 -21 -22 -23 -24 -25 -26
leaf_value=2.5086468014062877e-06 0 0.00023437654821952772 0 0.000144256236658801 7.0027271008652015e-05 -3.5856377218466895e-05 -9.1487146083401733e-06 0 6.767160866009472e-05 -9.6123538244420634e-07 0 1.666013139279171e-05 -0.00011208224963552936 0.00011799240412824239 3.7640514734652293e-05 0 -7.7487186268350948e-05 -6.7760046149746515e-05 0 0 0 5.081881980688318e-05 0 0 -1.6935904607997064e-05
leaf_weight=102 24 20 28 42 31 322 403 107 59 1807 91 411 50 29 24 106 81 28 86 27 26 35 38 24 67
leaf_count=102 24 20 28 42 31 322 403 107 59 1807 91 411 50 29 24 106 81 28 86 27 26 35 38 24 67
internal_value=0 1.03999e-05 7.02903e-05 -9.77526e-07 -2.21047e-05 5.93013e-08 1.11666e-05 5.09286e-05 -3.31812e-06 0 -2.37828e-05 1.97928e-07 0 1.2889e-05 -2.18295e-05 -4.69064e-05 -5.22385e-05 0 1.6842e-05 -3.41913e-05 0 2.7791e-05 0 -6.65968e-05 0
internal_weight=4068 525 109 3543 301 3242 963 149 2279 1866 413 814 416 198 218 156 129 172 117 55 89 63 62 105 169
internal_count=4068 525 109 3543 301 3242 963 149 2279 1866 413 814 416 198 218 156 129 172 117 55 89 63 62 105 169
is_linear=0
shrinkage=0.03


Tree=251
num_leaves=23
num_cat=0
split_feature=33 23 31 33 35 5 32 36 2 28 26 22 32 26 36 19 26 0 0 36 5 31
split_gain=6.73548e-05 0.000343737 0.000412448 0.000294499 0.000670063 0.00124405 0.000231359 0.000575122 0.000211247 0.000190099 0.000171016 0.000429741 0.00035629 0.00038328 0.000307155 0.000145712 0.000227383 0.000145275 9.48343e-05 9.46579e-05 7.00516e-05 5.41713e-05
threshold=-0.037248309641346115 -0.17637863781201443 -0.015697883172858303 -0.017218710139040912 0.019709363456406497 9563223.0000000019 -0.015279363199811878 -0.0076923027150006366 66.558120727539077 -104113609.99999999 1.8877429900758094 49.290521607512517 -0.0084517251946955013 1.4521172701116678 -0.013601337235785082 83.234999084472676 1.1990609222242676 33.121442794799812 37.431978225708015 -0.0094187812658998952 6349678.5000000009 -0.029471648773977895
decision_type=2 2 2 2 2 2 2 2 2 2 2 2 2 2 2 2 2 2 2 2 2 2
left_child=1 2 18 4 5 9 19 -8 -4 -2 12 14 13 -5 -12 16 -3 -14 -1 -6 -13 -20
right_child=3 15 8 10 6 -7 7 -9 -10 -11 11 20 17 -15 -16 -17 -18 -19 21 -21 -22 -23
leaf_value=3.5733056871911862e-05 0 0 -0.00015700675337041936 0 2.6598280420964886e-05 0.00029478927874423337 -0.00013598035972076526 0 0 3.6822500764863963e-05 0 0 -3.8356345818950119e-05 -6.0154674603504955e-05 7.4871053434660974e-05 0 9.3844981065860771e-05 1.5821250160374428e-06 -6.3106128225593949e-05 -1.037489860260514e-05 -2.4492266518351834e-05 0
leaf_weight=36 62 21 37 290 113 20 40 50 38 294 31 137 85 202 135 25 39 2216 22 48 105 22
leaf_count=36 62 21 37 290 113 20 40 50 38 294 31 137 85 202 135 25 39 2216 22 48 105 22
internal_value=0 -1.47775e-05 -4.77225e-05 1.46248e-06 2.06468e-05 4.76723e-05 -7.89289e-06 -4.98461e-05 -9.82154e-05 2.52858e-05 -1.35863e-06 1.51865e-05 -4.85007e-06 -2.80202e-05 5.38068e-05 1.00317e-05 4.82135e-05 0 0 0 0 -2.98357e-05
internal_weight=4068 240 155 3828 627 376 251 90 75 356 3201 408 2793 492 166 85 60 2301 80 161 242 44
internal_count=4068 240 155 3828 627 376 251 90 75 356 3201 408 2793 492 166 85 60 2301 80 161 242 44
is_linear=0
shrinkage=0.03


Tree=252
num_leaves=16
num_cat=0
split_feature=34 33 35 36 29 32 36 35 19 0 35 0 33 31 31
split_gain=6.53844e-05 0.000182701 0.000363794 0.000816402 0.00176011 0.000217899 0.000585011 0.000271779 0.000200868 0.000152964 0.000132486 0.00018797 0.000134654 0.000278268 0.000138858
threshold=-0.082334922536925467 -0.017218710139040912 0.019709363456406497 -0.0062499659914579848 12.544909524805542 -0.015279363199811878 -0.0076923027150006366 0.022621734234076849 50.615000152587896 36.978618621826179 0.043116028834079813 43.672016143798835 -0.014004856496783511 0.0049523559253699121 0.0044593482766626122
decision_type=2 2 2 2 2 2 2 2 2 2 2 2 2 2 2
left_child=9 2 3 4 -2 7 -7 -4 -5 -1 12 -12 13 -3 -14
right_child=1 10 5 8 -6 6 -8 -9 -10 -11 11 -13 14 -15 -16
leaf_value=0 0.00023431728537244451 -5.2844000898803619e-05 -3.6940543617031343e-05 -3.9949425865384617e-05 0 -0.00012772410768274294 0 2.7934994361260826e-05 1.774982280848783e-05 -8.7804333439033723e-05 0.00010693013882748298 0 3.5448957998005658e-06 0 -9.2632558417551241e-06
leaf_weight=23 51 144 57 64 86 44 53 218 249 25 23 22 1770 27 1212
leaf_count=23 51 144 57 64 86 44 53 218 249 25 23 22 1770 27 1212
internal_value=0 8.64235e-07 1.39364e-05 3.28856e-05 9.43915e-05 -9.26418e-07 -4.4573e-05 3.5744e-06 0 -3.40732e-05 -1.55804e-06 4.58847e-05 -3.18803e-06 -2.98012e-05 -6.54965e-07
internal_weight=4068 4020 822 450 137 372 97 275 313 48 3198 45 3153 171 2982
internal_count=4068 4020 822 450 137 372 97 275 313 48 3198 45 3153 171 2982
is_linear=0
shrinkage=0.03


Tree=253
num_leaves=16
num_cat=0
split_feature=26 31 32 26 21 30 25 5 35 24 27 26 32 32 23
split_gain=6.83575e-05 0.000424352 0.000493218 0.000128181 0.000151469 0.000102984 0.000158108 0.000332355 0.000326535 0.0001031 0.000211633 7.26726e-05 3.39578e-05 3.02854e-05 1.05352e-05
threshold=0.80565871991588955 -0.0051351536198040995 -0.0073205077087129524 0.83739655105497046 46.069999980926518 84.583542286369564 0.1626876533712785 12236002.000000002 0.01128977817753766 0.51094231217891151 0.60317054996041819 0.77764821160098319 0.0040373631291980025 -0.0050425658725478098 2.5338060903364981
decision_type=2 2 2 2 2 2 2 2 2 2 2 2 2 2 2
left_child=1 2 -1 4 12 6 7 -5 -8 10 -7 13 -2 -3 -11
right_child=3 11 -4 5 -6 9 8 -9 -10 14 -12 -13 -14 -15 -16
leaf_value=0 -8.7291923540015515e-05 0 0.00020501814165576888 3.34792783647515e-07 0 0 -1.9099827219455527e-05 -4.9048985431514623e-05 2.1947676891021819e-05 5.4700975390119584e-06 -5.29989846754822e-05 1.0162405543582454e-05 0 -4.3589362397412669e-05 -1.5095937791368754e-05
leaf_weight=28 37 20 21 2425 39 21 146 125 818 118 129 49 20 46 26
leaf_count=28 37 20 21 2425 39 21 146 125 818 118 129 49 20 46 26
internal_value=0 1.92914e-05 9.49851e-05 -3.39825e-07 -3.47151e-05 0 1.94667e-06 -9.11385e-07 1.26179e-05 -1.64277e-05 -3.38667e-05 0 -6.64506e-05 -3.02122e-05 0
internal_weight=4068 164 49 3904 96 3808 3514 2550 964 294 150 115 57 66 144
internal_count=4068 164 49 3904 96 3808 3514 2550 964 294 150 115 57 66 144
is_linear=0
shrinkage=0.03


Tree=254
num_leaves=13
num_cat=0
split_feature=26 31 26 20 26 29 29 29 28 30 4 0
split_gain=6.48072e-05 0.000408512 0.000120814 0.000201937 0.000112547 0.00010193 0.00024087 0.000280936 0.000253196 0.00014653 5.21245e-05 1.45711e-05
threshold=0.80565871991588955 -0.0086597176296118166 0.83739655105497046 47.837500190734872 0.77764821160098319 91.209986124242448 87.557032933209612 81.548399252301138 10156006.000000002 83.90765516486907 59.432273864746101 37.294797897338874
decision_type=2 2 2 2 2 2 2 2 2 2 2 2
left_child=1 -1 3 -2 11 6 7 -4 -8 -7 -11 -3
right_child=2 4 5 -5 -6 9 8 -9 -10 10 -12 -13
leaf_value=0.0001209265594226644 -6.5846176677785648e-05 -3.4662908628777044e-05 2.0903843325627368e-06 0 2.8076635500772415e-05 0 0 -3.1004708214321555e-05 6.3197606877224335e-05 0 -6.313450435419889e-05 0
leaf_weight=29 67 57 3283 29 58 32 44 248 113 22 66 20
leaf_count=29 67 57 3283 29 58 32 44 248 113 22 66 20
internal_value=0 1.87798e-05 -3.40069e-07 -3.37068e-05 0 0 1.38301e-06 0 3.77467e-05 -2.65538e-05 -4.95794e-05 -2.68281e-05
internal_weight=4068 164 3904 96 135 3808 3688 3531 157 120 88 77
internal_count=4068 164 3904 96 135 3808 3688 3531 157 120 88 77
is_linear=0
shrinkage=0.03


Tree=255
num_leaves=24
num_cat=0
split_feature=0 0 31 36 5 27 3 5 26 3 23 27 25 5 5 25 30 28 36 26 31 32 29
split_gain=6.28483e-05 0.000246451 0.000332356 0.00034059 0.000289869 0.000414221 0.000288323 0.000209452 0.000398515 0.000303407 0.000182263 0.000227399 0.000156443 0.000482254 0.000424344 0.00041513 0.000515658 0.000288827 0.000101186 9.26902e-05 8.98263e-05 0.00028687 0.000207087
threshold=40.115802764892585 37.929924011230476 -0.0021739122079927338 0.0051308505035383206 12488395.500000002 0.098402645434815431 49.675001144409187 5066908.0000000009 0.91791726815447439 62.208106994628913 2.5720263838943116 0.79385095137980721 -0.31450790565230674 8647715.5000000019 14917428.000000002 -0.19384343546912094 25.875656321656745 165679687.50000003 0.00092763682086984347 1.6720925628239323 -0.0079721933743260292 -0.021915802294043604 29.496977616163228
decision_type=2 2 2 2 2 2 2 2 2 2 2 2 2 2 2 2 2 2 2 2 2 2 2
left_child=1 4 20 6 7 -6 -4 8 -1 -9 12 -12 13 18 -15 16 -14 -17 -2 -5 21 -3 -22
right_child=10 2 3 19 5 -7 -8 9 -10 -11 11 -13 15 14 -16 17 -18 -19 -20 -21 22 -23 -24
leaf_value=-2.2327948552354554e-05 9.8820074909753706e-06 0 0 0 0.00017266920885877375 0 0.00017240904221644873 0 3.7465294201055297e-05 -5.3764367440134663e-05 0 -9.7306473783050139e-05 9.2597309887990941e-05 -0.00010715585238207814 0 -8.8512509659540752e-06 0 1.6975778329370575e-05 -2.2030061236384762e-05 5.3541634757474977e-05 0 6.5403508881739723e-05 -8.4598924801485912e-05
leaf_weight=145 266 41 40 75 20 21 38 281 209 169 23 40 99 82 23 1519 199 496 134 29 20 64 35
leaf_count=145 266 41 40 75 20 21 38 281 209 169 23 40 99 82 23 1519 199 496 134 29 20 64 35
internal_value=0 6.1958e-06 2.79566e-05 5.57755e-05 0 7.42317e-05 0.000105728 -6.54129e-06 4.50214e-06 -2.1893e-05 -1.95335e-06 -5.26674e-05 0 -1.58421e-05 -7.30466e-05 2.46307e-06 3.59664e-05 -1.00454e-06 0 0 0 1.23432e-05 -3.43017e-05
internal_weight=4068 1187 342 182 845 41 78 804 354 450 2881 63 2818 505 105 2313 298 2015 400 104 160 105 55
internal_count=4068 1187 342 182 845 41 78 804 354 450 2881 63 2818 505 105 2313 298 2015 400 104 160 105 55
is_linear=0
shrinkage=0.03


Tree=256
num_leaves=19
num_cat=0
split_feature=2 22 30 2 3 35 5 23 5 26 5 2 30 5 23 35 30 24
split_gain=6.50293e-05 0.000240343 0.000574048 0.000185855 0.000433786 0.000358147 0.000183485 0.000366886 0.000225831 0.000134395 0.000160328 0.000103386 9.80275e-05 4.97168e-05 3.04853e-05 2.49366e-05 2.59096e-05 2.04407e-05
threshold=40.925001144409187 39.618001516235203 34.342859081183491 46.274999618530281 47.375000000000007 0.016151130709722586 13815146.500000002 0.88073262342400949 10572990.000000002 1.1513843667452379 3920169.0000000005 47.274999618530281 82.694862472854865 8926416.5000000019 -0.58049804473537125 0.018459011713713173 60.633120837920551 -0.2642430459373955
decision_type=2 2 2 2 2 2 2 2 2 2 2 2 2 2 2 2 2 2
left_child=1 14 -3 9 5 -5 8 -8 -6 10 -2 -7 -12 -11 -1 16 -4 -17
right_child=3 2 15 4 6 11 7 -9 -10 13 12 -13 -14 -15 -16 17 -18 -19
leaf_value=0 0 0.00016485190883125224 -2.6952516485172073e-05 0 -4.1146597615271547e-07 0 -8.4638602486791358e-05 0 3.7537781240495788e-05 3.217576146557165e-05 -5.8068754624754876e-05 0.0001561951233859081 0 -7.2443712612285247e-06 -2.6157402510097491e-05 0 0 4.5075748817744971e-05
leaf_weight=31 65 29 32 33 3226 20 69 47 144 42 154 33 21 22 40 20 20 20
leaf_count=31 65 29 32 33 3226 20 69 47 144 42 154 33 21 22 40 20 20 20
internal_value=0 1.73572e-05 4.75826e-05 -4.10191e-07 7.04955e-07 6.74883e-05 -8.39266e-08 -3.76774e-05 3.20989e-07 -2.33743e-05 -3.45798e-05 0.000115998 -4.96359e-05 0 0 0 0 2.36575e-05
internal_weight=4068 192 121 3876 3572 86 3486 116 3370 304 240 53 175 64 71 92 52 40
internal_count=4068 192 121 3876 3572 86 3486 116 3370 304 240 53 175 64 71 92 52 40
is_linear=0
shrinkage=0.03


Tree=257
num_leaves=21
num_cat=0
split_feature=33 23 31 27 27 36 2 21 26 32 32 32 24 31 0 28 30 23 23 26
split_gain=6.52083e-05 0.000329212 0.000398865 0.000273125 0.000859262 0.00132934 0.000181149 0.000156346 0.000280115 0.000133669 0.000184538 0.000389574 0.000316406 0.000178645 8.34208e-05 5.03726e-05 2.87208e-05 1.84081e-05 0.000111026 5.60426e-06
threshold=-0.037248309641346115 -0.17637863781201443 -0.015697883172858303 0.077361383547312548 0.064124271305811983 -0.0017905025109391268 66.558120727539077 72.923333422342949 1.1990609222242676 -0.024831753843048695 -0.0018107813876866994 0.00092607666724653381 -1.6323597074302227 -0.014626332129262174 37.431978225708015 107555540.00000001 58.420933424809853 -1.2584485219389732 -0.59359779783003208 1.5062155922698806
decision_type=2 2 2 2 2 2 2 2 2 2 2 2 2 2 2 2 2 2 2 2
left_child=1 2 14 4 17 -6 -4 8 -3 13 12 -12 -11 -5 -1 -16 -15 19 -19 -2
right_child=3 7 6 9 5 -7 -8 -9 -10 10 11 -13 -14 16 15 -17 -18 18 -20 -21
leaf_value=3.3543857296288952e-05 0 0 -0.00015251375386677964 0 0.00031713795990154258 0 0 0 0.00011156953980049518 4.7197738710849857e-05 3.7992077605908297e-05 -1.1128194333686398e-06 -1.707291829240918e-05 9.523897427438854e-05 -5.8773411490785119e-05 0 0 3.5184505029783015e-05 0 -1.3165396569805577e-05
leaf_weight=36 22 21 37 80 22 21 38 32 32 52 247 1911 1174 32 23 21 24 94 120 29
leaf_count=36 22 21 37 80 22 21 38 32 32 52 247 1911 1174 32 23 21 24 94 120 29
internal_value=0 -1.46338e-05 -4.68856e-05 1.3781e-06 2.86557e-05 0.000154314 -9.65399e-05 8.91152e-06 5.26992e-05 -1.57188e-07 -2.16459e-06 1.97448e-06 -1.18965e-05 2.77139e-05 0 -2.79534e-05 6.87698e-05 0 8.79665e-06 0
internal_weight=4068 240 155 3828 308 43 75 85 53 3520 3384 2158 1226 136 80 44 56 265 214 51
internal_count=4068 240 155 3828 308 43 75 85 53 3520 3384 2158 1226 136 80 44 56 265 214 51
is_linear=0
shrinkage=0.03


Tree=258
num_leaves=21
num_cat=0
split_feature=33 23 31 29 5 32 27 23 23 26 23 5 2 2 21 26 34 5 28 36
split_gain=6.28271e-05 0.00031151 0.000380844 0.000260245 0.000803562 0.000177056 0.000188431 0.000173769 0.000434931 0.000432867 0.000240131 0.000220482 0.000209238 0.000160526 0.000146014 0.000266884 0.000142812 0.000142072 3.17855e-05 0.000354987
threshold=-0.037248309641346115 -0.17637863781201443 -0.015697883172858303 16.461413025919544 8547416.5000000019 -0.015675090212075578 0.028025121473999787 1.2007246295742002 1.5387861901627817 1.5369704538076139 0.3867785477447257 12912490.500000002 46.274999618530281 66.558120727539077 72.923333422342949 1.2180762206493718 0.013961200265326991 3659630.5000000005 1.0000000180025095e-35 -0.0092151652653305102
decision_type=2 2 2 2 2 2 2 2 2 2 2 2 2 2 2 2 2 2 2 2
left_child=1 2 18 4 5 6 -2 10 9 -9 11 -5 -12 -4 15 -3 -10 -7 -1 -20
right_child=3 14 13 7 -6 17 -8 8 16 -11 12 -13 -14 -15 -16 -17 -18 -19 19 -21
leaf_value=2.8595275069776279e-05 0 0 -0.00014795067339451202 0 0.0001816815046231099 2.3370101932067294e-05 8.7830093079500465e-05 0 -1.8256017844687736e-05 -0.00010782859729509628 -8.5050913290354198e-06 -6.3511282746551157e-05 2.2825960965922673e-05 0 0 0.00011185425450480805 2.126708974335819e-05 -2.2528938256488845e-05 -9.5376322115900444e-05 0
leaf_weight=24 46 23 37 2080 29 62 43 85 152 80 96 53 745 38 32 30 172 185 36 20
leaf_count=24 46 23 37 2080 29 62 43 85 152 80 96 53 745 38 32 30 172 185 36 20
internal_value=0 -1.43568e-05 -4.57662e-05 1.35758e-06 2.56855e-05 3.24559e-06 4.27572e-05 -3.40974e-07 -1.75302e-05 -5.72827e-05 1.47716e-06 -2.71767e-06 1.56822e-05 -9.42857e-05 7.65292e-06 5.06821e-05 0 0 0 -1.25959e-05
internal_weight=4068 240 155 3828 365 336 89 3463 489 165 2974 2133 841 75 85 53 324 247 80 56
internal_count=4068 240 155 3828 365 336 89 3463 489 165 2974 2133 841 75 85 53 324 247 80 56
is_linear=0
shrinkage=0.03


Tree=259
num_leaves=18
num_cat=0
split_feature=2 5 24 28 5 32 5 5 31 28 32 28 0 23 32 5 23
split_gain=6.28683e-05 0.000820918 0.00118167 0.000415509 0.000311005 0.00029361 0.00027487 0.000361439 0.000488312 0.000455779 0.000639549 0.000454047 0.000376835 0.000326492 0.000157059 5.68741e-05 2.69367e-05
threshold=52.324998855590827 13387555.500000002 0.27185792233853384 -76114653.499999985 8926416.5000000019 0.022309273075793227 13815146.500000002 10572990.000000002 -0.013720130358082892 54091819.000000007 0.0036263331983944496 77881187.000000015 62.189317703247077 0.91269705356382513 -1.0000000180025095e-35 9359693.5000000019 0.1145431182783412
decision_type=2 2 2 2 2 2 2 2 2 2 2 2 2 2 2 2 2
left_child=1 3 -3 4 14 15 7 9 -9 10 -2 -11 -10 -8 -1 -5 -6
right_child=6 2 -4 5 16 -7 13 8 12 11 -12 -13 -14 -15 -16 -17 -18
leaf_value=-1.9293034390519163e-05 0 0.00028306870484764703 0 2.0137154321277695e-05 0 0.00015918819427625084 -9.4040170900190715e-05 0 0.00013148417366759353 4.1729885216473101e-05 -6.4087528395063366e-05 -4.2523009789323149e-07 0 0 9.5141796496228594e-06 0 -0.00012270399692108431
leaf_weight=304 351 23 26 137 22 22 62 37 63 244 239 2109 29 43 311 21 25
leaf_count=304 351 23 26 137 22 22 62 37 63 244 239 2109 29 43 311 21 25
internal_value=0 7.38676e-06 0.00012664 0 -1.05551e-05 4.08266e-05 -1.58279e-06 0 4.91796e-05 -2.10573e-06 -2.62443e-05 2.67282e-06 9.03442e-05 -4.92901e-05 0 5.2803e-06 -8.66539e-05
internal_weight=4068 891 49 842 662 180 3177 3072 129 2943 590 2353 92 105 615 158 47
internal_count=4068 891 49 842 662 180 3177 3072 129 2943 590 2353 92 105 615 158 47
is_linear=0
shrinkage=0.03


Tree=260
num_leaves=17
num_cat=0
split_feature=34 33 5 30 26 0 0 26 22 34 26 22 0 23 5 21
split_gain=6.30904e-05 0.000168238 0.000444764 0.00167914 0.000258647 0.000404147 0.000145139 0.000134941 0.00034005 0.000228083 0.000383462 0.000170351 0.000133038 0.00013098 6.1841e-05 2.47173e-05
threshold=-0.082334922536925467 -0.017218710139040912 11355735.500000002 24.550800667646595 0.93027487978439016 47.271577835083015 40.842185974121101 1.8877429900758094 49.290521607512517 -0.028366184589691475 1.1005814589788516 39.708006745071806 36.978618621826179 0.98642160529038148 6349678.5000000009 75.266666539510098
decision_type=2 2 2 2 2 2 2 2 2 2 2 2 2 2 2 2
left_child=12 2 4 -4 6 -6 -2 9 11 10 -3 -9 -1 -11 -10 -5
right_child=1 7 3 15 5 -7 -8 8 14 13 -12 -13 -14 -15 -16 -17
leaf_value=0 -5.074514140723617e-05 0 0.00029199639826537688 4.7370418364745174e-06 3.7761406851188806e-05 -3.7850806595121375e-06 0 0 0 3.5376591140120945e-07 -7.8956478458173682e-05 6.7059131030689618e-05 -8.3299214549110333e-05 -1.5553694055666761e-05 -2.3012193685023558e-05 -3.0557708497243837e-05
leaf_weight=23 99 36 24 30 330 296 20 48 137 2144 97 117 25 514 105 23
leaf_count=23 99 36 24 30 330 296 20 48 137 2144 97 117 25 514 105 23
internal_value=0 7.64938e-07 1.33395e-05 8.39665e-05 2.00318e-06 1.33274e-05 -3.23401e-05 -1.52943e-06 1.28507e-05 -4.70166e-06 -4.4216e-05 4.75489e-05 -3.3639e-05 -1.59424e-06 0 0
internal_weight=4068 4020 822 77 745 626 119 3198 407 2791 133 165 48 2658 242 53
internal_count=4068 4020 822 77 745 626 119 3198 407 2791 133 165 48 2658 242 53
is_linear=0
shrinkage=0.03


Tree=261
num_leaves=18
num_cat=0
split_feature=2 25 32 0 2 3 35 0 0 33 5 23 5 32 32 20 24
split_gain=6.39824e-05 0.000335144 0.000578215 0.000978977 0.000165255 0.000396808 0.000336934 0.00022368 0.000255806 0.000494206 0.000157089 0.00033168 0.000187313 7.20201e-05 2.55474e-05 2.19391e-05 3.04392e-05
threshold=40.925001144409187 -0.038928012049071245 -0.0076045874765305879 35.744647979736335 46.274999618530281 47.375000000000007 0.016151130709722586 35.434808731079109 37.431978225708015 0.0043525452260123618 13815146.500000002 0.88073262342400949 10572990.000000002 -0.0036556571689652091 -0.0025056391580843269 40.497499752044682 -0.38198452037610292
decision_type=2 2 2 2 2 2 2 2 2 2 2 2 2 2 2 2 2
left_child=1 15 -3 -4 7 6 -6 14 13 -10 12 -12 -7 -9 -2 16 -1
right_child=4 2 3 -5 5 10 -8 8 9 -11 11 -13 -14 -15 -16 -17 -18
leaf_value=-3.8321670634393512e-05 0 0 0.00021491473328916167 0 0 -4.8703159127738115e-07 0.000111586535264191 0 -5.9227272771357348e-05 6.11295675738003e-05 -7.9797032138759978e-05 0 3.4129630264609279e-05 -8.7062108086619896e-05 3.3010596953447175e-05 0 0
leaf_weight=32 26 26 38 22 33 3226 53 49 68 55 69 47 144 85 21 48 26
leaf_count=32 26 26 38 22 33 3226 53 49 68 55 69 47 144 85 21 48 26
internal_value=0 1.71761e-05 6.45095e-05 0.000120916 -4.84751e-07 5.16591e-07 6.44765e-05 -2.2112e-05 -3.68962e-05 0 -2.02551e-07 -3.49094e-05 1.02925e-07 -6.57784e-05 0 0 -1.8435e-05
internal_weight=4068 192 86 60 3876 3572 86 304 257 123 3486 116 3370 134 47 106 58
internal_count=4068 192 86 60 3876 3572 86 304 257 123 3486 116 3370 134 47 106 58
is_linear=0
shrinkage=0.03


Tree=262
num_leaves=15
num_cat=0
split_feature=26 0 5 26 20 35 13 36 5 31 31 31 26 34
split_gain=6.26598e-05 0.000386123 0.00101707 0.000104153 0.000186051 0.00014226 9.85633e-05 0.00037923 0.0001004 9.05696e-05 0.000303361 0.000300874 3.99358e-05 3.10141e-06
threshold=0.80565871991588955 35.744647979736335 4000860.0000000005 0.83739655105497046 47.837500190734872 0.019315552673959537 90.000000000000014 0.0011901275110173663 4497631.5000000009 0.0044593482766626122 0.0075344891405950696 0.0010638270504277349 0.77764821160098319 0.0010037503793971505
decision_type=2 2 2 2 2 2 2 2 2 2 2 2 2 2
left_child=1 2 -1 4 5 -2 9 13 -9 11 -11 -5 -3 -8
right_child=3 12 -4 6 -6 -7 7 8 -10 10 -12 -13 -14 -15
leaf_value=0 -0.00010393355960488174 -2.2806743606850881e-05 0.00019958590027198102 -1.3708086525150027e-06 0 0 -7.5397996138022558e-06 0 0.00012161419376667239 -3.4334800373124161e-05 0 2.681684398245454e-05 0 0
leaf_weight=34 36 69 33 2074 29 31 49 20 35 295 921 382 28 32
leaf_count=34 36 69 33 2074 29 31 49 20 35 295 921 382 28 32
internal_value=0 1.84157e-05 7.75139e-05 -4.357e-07 -3.13549e-05 -6.2478e-05 0 2.53502e-05 8.82137e-05 -5.82221e-07 -7.84598e-06 1.79289e-06 0 0
internal_weight=4068 164 67 3904 96 67 3808 136 55 3672 1216 2456 97 81
internal_count=4068 164 67 3904 96 67 3808 136 55 3672 1216 2456 97 81
is_linear=0
shrinkage=0.03


Tree=263
num_leaves=19
num_cat=0
split_feature=7 27 32 30 36 5 32 0 36 30 23 2 32 25 5 22 20 30
split_gain=6.18686e-05 0.00013655 0.000335051 0.000159962 0.000127092 0.000375931 0.00174772 0.000228733 0.000289022 0.000220226 0.000282532 0.0013462 0.000334227 0.00018478 0.000154991 8.76651e-05 5.7093e-05 1.86739e-06
threshold=-1.0000000180025095e-35 0.62308700846789045 -0.014341439079781136 32.188425111902887 -0.0011111054015183603 11355735.500000002 -0.011949834192641172 38.065500259399421 -0.012195145117014068 11.449442381039098 -0.74524455748730023 67.216751098632827 -0.012981303017269573 -0.34033620450002761 6673794.0000000009 40.332580686432095 79.037102127075215 76.891467290694337
decision_type=2 2 2 2 2 2 2 2 2 2 2 2 2 2 2 2 2 2
left_child=1 2 -1 -4 5 7 15 8 -2 13 11 -11 -12 16 -9 -7 -6 -3
right_child=4 17 3 -5 9 6 -8 14 -10 10 12 -13 -14 -15 -16 -17 -18 -19
leaf_value=0 1.0635614917650899e-05 8.3508390906224285e-06 0 -9.4668956027288228e-05 -0.00014676310452146091 -4.229756513274698e-05 0.00023567191073432347 1.6583692234475494e-05 -3.5052302127313682e-05 9.9527846841169384e-05 -4.8058971299666578e-05 -7.0309652440958263e-06 -1.3167970171942889e-07 0 -8.5192004735905952e-07 0 0 0
leaf_weight=33 89 24 38 69 20 44 36 952 278 139 162 290 1477 25 325 22 24 21
leaf_count=33 89 24 38 69 20 44 36 952 278 139 162 290 1477 25 325 22 24 21
internal_value=0 -1.65798e-05 -3.52191e-05 -6.66193e-05 1.11175e-06 7.64788e-06 6.50538e-05 2.25775e-06 -1.58006e-05 -2.82482e-06 0 2.05189e-05 -6.70177e-06 -5.58135e-05 9.79749e-06 0 -9.30168e-05 0
internal_weight=4068 185 140 107 3883 1746 102 1644 367 2137 2068 429 1639 69 1277 66 44 45
internal_count=4068 185 140 107 3883 1746 102 1644 367 2137 2068 429 1639 69 1277 66 44 45
is_linear=0
shrinkage=0.03


Tree=264
num_leaves=24
num_cat=0
split_feature=36 35 5 26 29 28 31 0 5 36 2 5 5 21 0 31 36 0 26 28 5 29 4
split_gain=6.14232e-05 0.00025356 0.000262904 0.000205857 0.000373409 0.000168089 0.000141802 9.97299e-05 0.000845987 0.000295509 0.000293226 0.000409523 0.000273722 0.000242526 0.000230303 0.000704515 0.000218989 0.000193412 0.000107329 9.79023e-05 1.47618e-05 0.000127246 6.73423e-06
threshold=0.012844554875967666 0.029178886002983139 6747394.5000000009 1.7734480653440914 68.975436037002098 64973878.500000007 0.031069395829714911 35.744647979736335 11018160.000000002 0.0022522723850715476 46.274999618530281 7593339.0000000009 4088751.0000000005 41.745833142598478 40.115802764892585 -0.004397548378912596 -0.01386125552977239 41.100719451904304 0.88873805906009085 -140470592.49999997 10361254.500000002 59.034539431542811 53.774999618530281
decision_type=2 2 2 2 2 2 2 2 2 2 2 2 2 2 2 2 2 2 2 2 2 2 2
left_child=7 2 3 4 -2 19 -7 8 9 16 11 18 -11 -13 15 -12 -1 -16 -9 -3 21 -4 -21
right_child=1 5 20 -5 -6 6 -8 10 -10 12 14 13 -14 -15 17 -17 -18 -19 -20 22 -22 -23 -24
leaf_value=1.8371026676465559e-05 -0.00010491354223389517 0 6.2845981360931197e-05 0 0 7.3516513434722803e-05 0 -3.0385443589436519e-05 0.00020681904458593741 0 -4.0223161943452317e-06 0 7.655150748856096e-05 -0.00015211006701302163 -3.1262253000532471e-05 6.6498842009520741e-05 -2.9238100675375975e-05 1.285681020099671e-06 1.2341500695333489e-05 -5.4163958784641588e-05 -1.3805241310626431e-05 0 0
leaf_weight=58 93 21 31 37 39 53 36 89 20 52 180 28 82 36 174 193 244 2370 94 32 26 59 21
leaf_count=58 93 21 31 37 39 53 36 89 20 52 180 28 82 36 174 193 244 2370 94 32 26 59 21
internal_value=0 -1.0205e-05 -3.05902e-05 -5.45612e-05 -7.22028e-05 7.041e-06 4.22921e-05 1.54262e-06 1.4686e-05 0 0 -3.1707e-05 4.18412e-05 -9.81093e-05 2.30398e-06 2.44345e-05 -1.01611e-05 0 0 0 0 9.60446e-06 -4.07353e-05
internal_weight=4068 448 285 169 132 163 89 3620 456 436 3164 247 134 64 2917 373 302 2544 183 74 116 90 53
internal_count=4068 448 285 169 132 163 89 3620 456 436 3164 247 134 64 2917 373 302 2544 183 74 116 90 53
is_linear=0
shrinkage=0.03


Tree=265
num_leaves=18
num_cat=0
split_feature=26 36 35 26 20 25 1 27 23 22 5 23 23 25 36 0 0
split_gain=6.05886e-05 0.000359376 0.000798554 9.58374e-05 0.000344452 0.000252763 0.000195241 0.00040782 0.000480048 0.000330664 0.000278853 0.000488544 0.00018259 0.000151495 7.77938e-05 4.06201e-05 3.38945e-05
threshold=0.80565871991588955 -0.0012172673639697449 0.013748132044839457 0.885432663123774 47.837500190734872 0.16539401198367901 48.774999618530281 0.43330345284255595 0.49017163472995412 26.422448396830784 13815146.500000002 0.88073262342400949 -0.55683953605268843 -0.23617874672881126 -1.0000000180025095e-35 35.434808731079109 38.690401077270515
decision_type=2 2 2 2 2 2 2 2 2 2 2 2 2 2 2 2 2
left_child=1 2 -1 4 5 13 7 9 -9 -5 12 -12 -8 -2 -6 -3 -17
right_child=3 15 -4 6 14 -7 10 8 -10 -11 11 -13 -14 -15 -16 16 -18
leaf_value=0.00022265972667563348 0 0 0 8.3463630463566021e-05 3.4419130405404022e-05 0 1.0955646777799991e-05 9.9832326055149028e-05 0 -3.45598040537167e-05 -0.00010197078302362448 0 -4.587428935045373e-06 -8.9934410844587243e-05 0 -3.9446031147497431e-05 0
leaf_weight=22 24 32 47 21 59 24 981 97 96 126 67 47 2213 94 55 43 20
leaf_count=22 24 32 47 21 59 24 981 97 96 126 67 47 2213 94 55 43 20
internal_value=0 1.80598e-05 7.38599e-05 -5.07976e-07 -1.84589e-05 -5.28743e-05 0 2.22695e-05 5.26709e-05 0 -1.45997e-06 -4.75536e-05 0 -7.27327e-05 0 0 -2.40701e-05
internal_weight=4068 164 69 3904 256 142 3648 340 193 147 3308 114 3194 118 114 95 63
internal_count=4068 164 69 3904 256 142 3648 340 193 147 3308 114 3194 118 114 95 63
is_linear=0
shrinkage=0.03


Tree=266
num_leaves=29
num_cat=0
split_feature=25 25 26 1 24 25 2 25 34 20 26 25 28 20 27 25 26 36 29 27 4 32 32 32 27 0 29 36
split_gain=5.98034e-05 0.000219943 0.000574112 0.00084694 0.000702877 0.00015832 0.000422187 0.000276722 0.000214349 0.000252666 0.000156705 0.000287339 0.000327841 0.000249615 0.000481128 0.0002186 0.000156727 0.000168373 0.000158893 0.000140782 3.98975e-05 3.76428e-05 2.2395e-05 9.22026e-05 2.56709e-05 5.6431e-06 5.16805e-06 4.12891e-06
threshold=-0.31450790565230674 -0.23617874672881126 1.4604364290436145 90.173713684082045 -0.631777137392874 -0.092831181816067573 39.125000000000007 -0.070628687365300022 -0.0040329455951642048 54.842500019073491 1.6296736366847682 -0.44702631283342592 100524902.50000001 87.756663703918477 0.15370854425019995 -0.68675223083028059 1.2610737982234539 0.0029251856848195854 10.074145936022331 0.073256686998744755 87.672958374023452 0.0020920604703931205 -0.0096959053198031869 -0.022443270222258834 0.25084799247640194 40.291978836059577 21.286275243211687 0.011700733568900517
decision_type=2 2 2 2 2 2 2 2 2 2 2 2 2 2 2 2 2 2 2 2 2 2 2 2 2 2 2 2
left_child=10 2 22 4 -4 8 -7 -8 9 -3 16 13 -13 14 -12 -15 19 18 -18 25 -10 -21 23 -2 -24 -1 -14 -19
right_child=1 5 3 -5 -6 6 7 -9 20 -11 11 12 26 15 -16 -17 17 27 -20 21 -22 -23 24 -25 -26 -27 -28 -29
leaf_value=1.3443950762113822e-05 0 0 0.00028504904112029261 0 5.4206574333159794e-06 0.00013467591540883736 5.1798232777667396e-05 -1.6577712632362418e-07 1.6242946300249818e-05 -4.679617681426301e-05 0 -0.00015901337992207902 0 0 0.00010809122193541351 -7.0058617342597722e-05 0 -8.8823648024302909e-06 5.3560049802938306e-05 -6.892652184323068e-05 0 0 -2.8542518003391214e-05 4.9330507608829058e-05 0 0 -9.7329383421985123e-06 0
leaf_weight=28 21 110 26 38 51 22 93 2410 136 247 74 29 25 75 44 69 31 47 138 42 67 24 53 34 33 31 49 21
leaf_count=28 21 110 26 38 51 22 93 2410 136 247 74 29 25 75 44 69 31 47 138 42 67 24 53 34 33 31 49 21
internal_value=0 1.95104e-06 2.8681e-05 7.94949e-05 0.000138998 0 2.93027e-06 5.68446e-07 -1.46863e-05 -2.96399e-05 -7.51882e-06 -2.23355e-05 -6.53829e-05 0 2.6388e-05 -3.14376e-05 0 2.07031e-05 3.86925e-05 -1.77533e-05 0 -5.01334e-05 0 0 -1.53001e-05 0 0 0
internal_weight=4068 3341 256 115 77 3085 2525 2503 560 357 727 365 103 262 118 144 362 237 169 125 203 66 141 55 86 59 74 68
internal_count=4068 3341 256 115 77 3085 2525 2503 560 357 727 365 103 262 118 144 362 237 169 125 203 66 141 55 86 59 74 68
is_linear=0
shrinkage=0.03


Tree=267
num_leaves=17
num_cat=0
split_feature=25 34 27 35 33 31 31 35 0 23 0 0 26 36 23 33
split_gain=5.8875e-05 0.000302939 0.000255016 0.000435126 0.00020094 0.000190829 0.000350177 0.000439388 0.000330575 0.00026905 0.000227095 0.000145284 0.000110092 9.59208e-05 4.12645e-05 3.5446e-05
threshold=0.56639309739550114 0.027164179848933049 1.0357511633457377 0.02374388594716631 -1.0000000180025095e-35 0.0023584664687841266 0.0010638270504277349 0.01128977817753766 36.16687202453614 1.2007246295742002 57.922203063964851 52.43883132934571 1.2446755089682997 0.00098912333038867774 0.3867785477447257 0.015733416351545241
decision_type=2 2 2 2 2 2 2 2 2 2 2 2 2 2 2 2
left_child=2 4 5 -4 -2 6 8 -8 -1 11 -11 -7 -5 14 -3 -15
right_child=1 13 3 12 -6 9 7 -9 -10 10 -12 -13 -14 15 -16 -17
leaf_value=3.0388011205583144e-05 0 -3.3496208963746879e-05 0 0 7.6318351025973042e-05 2.6872745586291794e-06 0 7.9796397176526592e-05 -2.9893332938148943e-06 -7.6275153687129779e-05 0 -1.7012087462613516e-05 0.00017715728923363921 0 0 -7.3447943846920952e-05
leaf_weight=305 23 33 70 20 34 842 45 121 1806 95 59 445 23 20 49 78
leaf_count=305 23 33 70 20 34 842 45 121 1806 95 59 445 23 20 49 78
internal_value=0 -1.42597e-05 1.11652e-06 4.55141e-05 1.76405e-05 0 5.16949e-06 4.75562e-05 4.13219e-07 -8.77218e-06 -4.75825e-05 -1.79405e-06 0.000120508 -4.1023e-05 0 -6.30047e-05
internal_weight=4068 237 3831 113 57 3718 2277 166 2111 1441 154 1287 43 180 82 98
internal_count=4068 237 3831 113 57 3718 2277 166 2111 1441 154 1287 43 180 82 98
is_linear=0
shrinkage=0.03


Tree=268
num_leaves=15
num_cat=0
split_feature=34 33 5 30 26 19 5 32 5 31 34 36 26 21
split_gain=5.63766e-05 0.00016102 0.000431052 0.00156488 0.000236626 0.000379695 0.000125219 0.00035125 0.000265544 0.000234321 0.000173873 9.38845e-05 3.97338e-05 3.71105e-05
threshold=-0.082334922536925467 -0.017218710139040912 11355735.500000002 26.189483423694139 0.93027487978439016 63.241832351684579 2125746.5000000005 -0.00063696296123844076 2715136.0000000005 -0.0048309269996139039 -0.029022856958403894 0.0012666096784731331 1.9820779751628927 75.266666539510098
decision_type=2 2 2 2 2 2 2 2 2 2 2 2 2 2
left_child=12 2 4 -4 11 -6 7 -3 9 -8 -10 -2 -1 -5
right_child=1 6 3 13 5 -7 8 -9 10 -11 -12 -13 -14 -15
leaf_value=-5.940647980804975e-05 -4.5654255614398572e-05 0 0.00026220482004329134 0 5.1500679111074929e-05 0 0 9.8847736138000692e-05 -3.106086494866812e-05 -6.9589249156801e-05 1.4026051767839889e-07 0 0 -3.9785830061264778e-05
leaf_weight=24 95 24 28 28 167 459 28 41 163 100 2842 24 24 21
leaf_count=24 95 24 28 28 167 459 28 41 163 100 2842 24 24 21
internal_value=0 6.00013e-07 1.29471e-05 8.24021e-05 1.73213e-06 1.2731e-05 -1.63588e-06 3.62315e-05 -3.38016e-06 -4.62371e-05 -5.54854e-07 -3.09006e-05 -3.20121e-05 0
internal_weight=4068 4020 822 77 745 626 3198 65 3133 128 3005 119 48 49
internal_count=4068 4020 822 77 745 626 3198 65 3133 128 3005 119 48 49
is_linear=0
shrinkage=0.03


Tree=269
num_leaves=27
num_cat=0
split_feature=25 33 31 5 22 5 33 5 35 27 29 27 26 1 26 22 36 24 33 36 30 28 28 27 36 24
split_gain=6.07862e-05 0.000230179 0.000607023 0.00380769 0.000365421 0.000162599 0.000447877 0.00038461 0.000405123 0.000186076 0.000273225 0.000249683 0.000172499 0.000136021 0.000118169 0.000534013 0.000346691 0.0002393 0.000241962 0.000163734 0.000107017 0.000106751 0.000100833 8.94915e-05 8.62556e-05 7.73038e-05
threshold=-0.31450790565230674 -0.017218710139040912 -0.013218497511024272 9793349.5000000019 40.88578748004911 8647715.5000000019 0.0043525452260123618 15989590.500000002 0.036302461360227613 0.20865613214960807 32.407648335463129 0.15897588525640846 1.4305414078475056 63.149999618530281 1.8877429900758094 49.290521607512517 -0.0081577296015270927 -1.2368035563048265 -0.007165882140719392 0.0091710659960516795 25.63496695151408 107555540.00000001 142107001.50000003 0.5639735852800577 0.0052489241846539157 0.70002802189628544
decision_type=2 2 2 2 2 2 2 2 2 2 2 2 2 2 2 2 2 2 2 2 2 2 2 2 2 2
left_child=5 2 4 13 21 9 7 8 -7 11 22 25 -12 -4 17 16 -16 18 -3 -19 -13 -2 -11 -6 -17 -1
right_child=1 14 3 -5 23 6 -8 -9 -10 10 12 20 -14 -15 15 24 -18 19 -20 -21 -22 -23 -24 -25 -26 -27
leaf_value=-4.4513387126441396e-06 -9.0798285408156385e-05 0 3.3136660802884799e-05 0.00045316705308201261 3.2056569519591683e-05 -0.0001186398037049767 1.5055604404985261e-05 0 0 -1.0218243733655687e-07 0 0 -7.9154261299545093e-05 0 0 -2.2012072973094535e-05 0.00011712287686700713 2.9921875764648027e-06 -5.2560927880200102e-05 -1.7088916778291015e-05 0.00011165648510066971 0 5.0847460674997569e-05 0 9.4686913901210732e-06 3.8553624410328627e-05
leaf_weight=278 54 31 150 20 79 92 28 28 20 33 27 31 82 164 31 144 63 1843 169 448 30 27 35 31 87 43
leaf_count=278 54 31 150 20 79 92 28 28 20 33 27 31 82 164 31 144 63 1843 169 448 30 27 35 31 87 43
internal_value=0 1.90947e-06 2.04085e-05 4.71652e-05 -1.06822e-05 -7.64765e-06 -3.3519e-05 -6.46511e-05 -9.11681e-05 0 -2.52863e-05 1.19135e-05 -5.73746e-05 1.1618e-05 -4.74693e-07 1.49806e-05 7.66993e-05 -3.69595e-06 -3.5304e-05 0 6.75679e-05 -6.56882e-05 0 2.59723e-06 0 0
internal_weight=4068 3341 525 334 191 727 168 140 112 559 177 382 109 314 2816 325 94 2491 200 2291 61 81 68 110 231 321
internal_count=4068 3341 525 334 191 727 168 140 112 559 177 382 109 314 2816 325 94 2491 200 2291 61 81 68 110 231 321
is_linear=0
shrinkage=0.03


Tree=270
num_leaves=20
num_cat=0
split_feature=27 32 5 24 0 35 5 32 5 31 33 25 33 35 0 31 24 5 32
split_gain=5.61855e-05 0.000455081 0.00117957 0.000171859 0.000114524 0.000177781 0.00011185 0.00028021 0.00019243 0.000224966 0.000360369 0.000179343 0.000207761 8.84727e-05 4.50292e-05 3.2579e-05 2.05923e-05 1.49567e-05 5.45193e-05
threshold=0.093378592212026726 -0.008888193919753538 7392587.0000000009 0.44125799924574566 58.548671722412116 0.028019651060013258 2125746.5000000005 -0.00063696296123844076 2715136.0000000005 -0.0048309269996139039 -0.0057587972604364315 -0.31450790565230674 -0.010921994407633804 0.013098387611117731 45.969123840332038 -0.0081344953062189567 -0.33377776037842993 5194836.0000000009 -0.0033213228041115701
decision_type=2 2 2 2 2 2 2 2 2 2 2 2 2 2 2 2 2 2 2
left_child=1 3 17 4 5 -1 7 -2 9 -8 -11 12 -10 -13 -9 -5 -6 18 -3
right_child=6 2 -4 15 16 -7 8 14 11 10 -12 13 -14 -15 -16 -17 -18 -19 -20
leaf_value=-3.808450397217558e-05 0 0 0.00026818237118467122 5.9360861721777438e-05 2.3662445523700138e-05 0 0 0.0001299650197831821 -4.7512222533048814e-05 0 -9.223806463676772e-05 -5.4854062981521159e-06 0 5.3167854050332079e-06 0 0 0 0 5.3191533000355921e-05
leaf_weight=218 26 20 21 37 33 70 32 22 152 24 85 809 246 2143 20 21 30 37 22
leaf_count=218 26 20 21 37 33 70 32 22 152 24 85 809 246 2143 20 21 30 37 22
internal_value=0 9.54336e-06 6.74896e-05 0 -1.2317e-05 -2.32947e-05 -1.08635e-06 3.43972e-05 -2.63781e-06 -3.73861e-05 -6.05268e-05 -2.78708e-07 -1.98188e-05 1.34012e-06 8.8905e-05 4.17782e-05 0 0 1.78813e-05
internal_weight=4068 509 100 409 351 288 3559 68 3491 141 109 3350 398 2952 42 58 63 79 42
internal_count=4068 509 100 409 351 288 3559 68 3491 141 109 3350 398 2952 42 58 63 79 42
is_linear=0
shrinkage=0.03


Tree=271
num_leaves=19
num_cat=0
split_feature=25 27 35 28 5 31 28 19 2 31 35 0 26 22 33 33 0 36
split_gain=5.60345e-05 0.000243632 0.000416597 0.000204036 0.000229652 0.000176421 0.000424487 0.000482592 0.000338794 0.000326331 0.000413682 0.000321244 9.4077e-05 6.38767e-05 3.94843e-05 7.79625e-05 5.68296e-05 6.81311e-05
threshold=0.56639309739550114 1.0357511633457377 0.02374388594716631 85033919.000000015 10572990.000000002 0.0023584664687841266 135626376.50000003 68.264999389648452 104.54999923706056 0.0010638270504277349 0.01128977817753766 36.16687202453614 1.2446755089682997 52.277749006843983 0.016588646865528859 0.0050681225197622979 44.463163375854499 -0.0021912151562858439
decision_type=2 2 2 2 2 2 2 2 2 2 2 2 2 2 2 2 2 2
left_child=1 5 -3 4 13 9 7 -7 -8 11 -11 -1 -4 -2 15 -5 -16 -18
right_child=3 2 12 14 -6 6 8 -9 -10 10 -12 -13 -14 -15 16 -17 17 -19
leaf_value=2.9949191210030618e-05 0 0 0 0 0 -1.4576424857207579e-05 -4.6276894057669121e-05 2.7496752013857109e-05 0 0 7.7274680644680218e-05 -2.9542940141292872e-06 0.00017206378900990274 -0.00012206886998403063 0 5.6033708788053576e-05 0 -4.9249177218776691e-05
leaf_weight=305 20 70 20 30 29 599 368 406 68 45 121 1806 23 33 21 33 24 47
leaf_count=305 20 70 20 30 29 599 368 406 68 45 121 1806 23 33 21 33 24 47
internal_value=0 1.14495e-06 4.45322e-05 -1.3839e-05 -5.28184e-05 0 -8.38629e-06 0 -3.32932e-05 5.02187e-06 4.59576e-05 3.79777e-07 0.000117912 -9.05858e-05 0 2.31307e-05 -4.39071e-06 -2.72825e-05
internal_weight=4068 3831 113 237 82 3718 1441 1005 436 2277 166 2111 43 53 155 63 92 71
internal_count=4068 3831 113 237 82 3718 1441 1005 436 2277 166 2111 43 53 155 63 92 71
is_linear=0
shrinkage=0.03


Tree=272
num_leaves=21
num_cat=0
split_feature=33 23 31 29 5 32 23 23 26 23 5 2 24 2 5 21 26 0 0 31
split_gain=5.62202e-05 0.000291242 0.000382855 0.000243057 0.000708949 0.000180071 0.000152139 0.000402195 0.000390823 0.000228721 0.000203976 0.000187469 0.00014218 0.000138358 0.000135591 0.00013169 0.000242284 0.000131264 6.06669e-05 4.21964e-05
threshold=-0.037248309641346115 -0.17637863781201443 -0.015697883172858303 16.215081427579982 8547416.5000000019 -0.015675090212075578 1.2007246295742002 1.5387861901627817 1.5369704538076139 0.3867785477447257 12912490.500000002 46.274999618530281 -0.28613563632613298 66.558120727539077 3659630.5000000005 72.923333422342949 1.1990609222242676 63.543163299560554 37.431978225708015 -0.029471648773977895
decision_type=2 2 2 2 2 2 2 2 2 2 2 2 2 2 2 2 2 2 2 2
left_child=1 2 18 4 5 12 9 8 -8 10 -5 -11 -2 -4 -7 16 -3 -9 -1 -20
right_child=3 15 13 6 -6 14 7 17 -10 11 -12 -13 -14 -15 -16 -17 -18 -19 19 -21
leaf_value=3.0214491153878879e-05 8.3470578812916974e-05 0 -0.00014433354237308282 0 0.00017795065217488185 2.1491541527986473e-05 0 1.3896289288143618e-05 -0.00010281190636237712 -6.2158392468742576e-06 -6.1500970130170672e-05 2.1893662663806069e-05 0 0 -2.3137277213972865e-05 0 0.00010296244462560338 -2.9628519665912934e-05 -5.1940035950566309e-05 0
leaf_weight=36 42 21 37 2092 27 60 85 243 80 96 53 747 46 38 176 32 32 81 22 22
leaf_count=36 42 21 37 2092 27 60 85 243 80 96 53 747 46 38 176 32 32 81 22 22
internal_value=0 -1.37491e-05 -4.42563e-05 1.16661e-06 2.5225e-05 3.19047e-06 -3.99928e-07 -1.6488e-05 -5.47523e-05 1.22944e-06 -2.83703e-06 1.51339e-05 4.33242e-05 -9.29149e-05 0 6.6155e-06 4.7981e-05 0 0 -2.21538e-05
internal_weight=4068 240 155 3828 351 324 3477 489 165 2988 2145 843 88 75 236 85 53 324 80 44
internal_count=4068 240 155 3828 351 324 3477 489 165 2988 2145 843 88 75 236 85 53 324 80 44
is_linear=0
shrinkage=0.03


Tree=273
num_leaves=16
num_cat=0
split_feature=34 27 5 25 28 22 29 27 23 28 0 24 25 24 31
split_gain=5.38494e-05 0.000144905 0.000650027 0.00129028 0.000118541 0.000453032 0.000626757 0.000252462 0.000347578 0.000238581 0.000112606 9.51622e-05 6.28878e-05 5.96975e-05 5.79622e-05
threshold=-0.082334922536925467 0.10980767911896962 11355735.500000002 -0.54347277781565373 252813886.00000003 46.870616751347384 39.456519150453325 0.21617374267985087 -0.57306789096248412 136987534.50000003 36.978618621826179 0.58036276994188862 0.031566744328768208 -0.34589281635848412 -0.0081344953062189567
decision_type=2 2 2 2 2 2 2 2 2 2 2 2 2 2 2
left_child=10 2 11 -4 7 6 -6 8 -3 -9 -1 13 -7 -2 -13
right_child=1 4 3 -5 5 12 -8 9 -10 -11 -12 14 -14 -15 -16
leaf_value=0 3.1382151804885371e-06 0 0 0.00028495945217837758 0.0001455497079957542 -1.8846133040127521e-05 0 4.1634072311983e-06 -6.2409386502743295e-05 -1.730214008471281e-05 -7.6883405732710737e-05 7.5619697785275466e-05 7.224101902327963e-06 -1.671980054486369e-05 0
leaf_weight=23 258 207 20 23 49 130 35 2127 149 594 25 24 199 183 22
leaf_count=23 258 207 20 23 49 130 35 2127 149 594 25 24 199 183 22
internal_value=0 5.99069e-07 1.56291e-05 0.000128755 -8.24231e-07 1.28639e-05 7.52395e-05 -3.63678e-06 -2.74291e-05 0 -3.12663e-05 0 0 0 4.31026e-05
internal_weight=4068 4020 530 43 3490 413 84 3077 356 2721 48 487 329 441 46
internal_count=4068 4020 530 43 3490 413 84 3077 356 2721 48 487 329 441 46
is_linear=0
shrinkage=0.03


Tree=274
num_leaves=17
num_cat=0
split_feature=26 31 28 3 36 35 5 35 26 22 5 23 34 34 26 34
split_gain=5.37715e-05 0.000364753 9.12398e-05 0.000401283 0.000407103 0.000630871 0.000277802 0.000518336 0.000246022 0.000193218 0.000146902 0.000368502 0.000204012 8.73027e-05 8.60483e-05 5.91054e-05
threshold=0.80565871991588955 -0.0086597176296118166 -76114653.499999985 50.725000381469734 0.013854519974464841 0.016981522524402253 3763857.0000000005 0.02563965737351585 1.1005814589788516 55.223626577810428 13815146.500000002 0.88073262342400949 -0.034248688152016864 -0.023262114175738365 0.77764821160098319 -0.013906028725467033
decision_type=2 2 2 2 2 2 2 2 2 2 2 2 2 2 2 2
left_child=1 -1 6 4 5 -4 9 13 -9 15 12 -12 -5 -8 -3 -2
right_child=2 14 3 10 -6 -7 7 8 -10 -11 11 -13 -14 -15 -16 -17
leaf_value=0.00011363591157504806 2.4401308912024489e-05 -2.4321001305712337e-05 0 2.3325784092880743e-05 0 0.00013896514274195206 -9.002765325577506e-05 0 7.2764159898315369e-05 7.2360216787651637e-05 -8.7244459254508629e-05 0 -2.074400167323904e-06 -1.903519651061888e-05 2.3409078203320717e-05 -1.799080648973611e-05
leaf_weight=29 37 77 59 316 20 67 94 92 43 37 61 42 2701 239 58 96
leaf_count=29 37 77 59 316 20 67 94 92 43 37 61 42 2701 239 58 96
internal_value=0 1.70123e-05 -4.8031e-07 7.13341e-07 4.97504e-05 7.59818e-05 -1.12914e-05 -2.57764e-05 7.08336e-06 1.09402e-05 -6.21355e-07 -3.59729e-05 0 -4.81024e-05 0 0
internal_weight=4068 164 3904 3266 146 126 638 468 135 170 3120 103 3017 333 135 133
internal_count=4068 164 3904 3266 146 126 638 468 135 170 3120 103 3017 333 135 133
is_linear=0
shrinkage=0.03


Tree=275
num_leaves=21
num_cat=0
split_feature=33 23 31 29 30 0 24 29 23 23 29 23 5 2 0 21 28 2 0 28
split_gain=5.66717e-05 0.000280535 0.000355221 0.000233315 0.000773443 0.00159299 0.000558951 0.00025135 0.000140427 0.000381161 0.00032751 0.000214922 0.000187113 0.000180004 0.000123964 0.000121942 0.000208997 0.000115175 5.54399e-05 4.07291e-05
threshold=-0.037248309641346115 -0.17637863781201443 -0.015697883172858303 16.215081427579982 21.972348236661052 43.672016143798835 -1.4713940599965227 12.889592475225749 1.2007246295742002 1.5387861901627817 76.860749428348967 0.3867785477447257 12912490.500000002 46.274999618530281 64.052852630615249 72.923333422342949 1.0000000180025095e-35 66.558120727539077 37.431978225708015 107555540.00000001
decision_type=2 2 2 2 2 2 2 2 2 2 2 2 2 2 2 2 2 2 2 2
left_child=1 2 18 4 6 -6 -2 -8 11 10 -10 12 -5 -13 -11 16 -3 -4 -1 -20
right_child=3 15 17 8 5 -7 7 -9 9 14 -12 13 -14 -15 -16 -17 -18 -19 19 -21
leaf_value=2.7835428483533946e-05 0.00014831351286445098 0 -0.00013929118810800215 0 0.0003118587351023486 0 -3.792900596845452e-05 9.725394506620745e-06 -8.7195554247713772e-05 1.3155753964538428e-05 0 -6.0341397506633326e-06 -5.9054974528387343e-05 2.1297235492098887e-05 -3.0191312827335446e-05 0 0.0001222070532072502 0 -5.0358643773081394e-05 0
leaf_weight=36 22 33 37 2092 24 38 162 105 100 249 65 96 53 747 75 32 20 38 23 21
leaf_count=36 22 33 37 2092 24 38 162 105 100 249 65 96 53 747 75 32 20 38 23 21
internal_value=0 -1.38891e-05 -4.37196e-05 1.10658e-06 2.46929e-05 0.000121065 0 -7.96014e-06 -4.12295e-07 -1.58751e-05 -5.3145e-05 1.11473e-06 -2.79724e-06 1.46261e-05 0 5.24259e-06 4.59442e-05 -9.05787e-05 0 -2.22973e-05
internal_weight=4068 240 155 3828 351 62 289 267 3477 489 165 2988 2145 843 324 85 53 75 80 44
internal_count=4068 240 155 3828 351 62 289 267 3477 489 165 2988 2145 843 324 85 53 75 80 44
is_linear=0
shrinkage=0.03


Tree=276
num_leaves=19
num_cat=0
split_feature=7 27 28 31 21 36 26 35 0 36 35 28 26 30 31 31 0 30
split_gain=5.46401e-05 0.000127661 0.000116885 0.000151202 0.00016976 0.00010817 0.000254984 0.00080809 0.000233914 0.000622252 0.000277051 0.000212388 0.000429034 0.000354041 0.000252336 0.000267464 0.000231394 0.000184409
threshold=-1.0000000180025095e-35 0.6508584979636991 -122805744.49999999 -0.0038471694251094308 96.834294191996278 -0.0011111054015183603 0.80565871991588955 0.013748132044839457 38.065500259399421 -0.012195145117014068 0.035815367375211855 103925096.00000001 1.1513843667452379 13.993152995355169 0.00054690013126379455 0.0025711916393578176 35.286781311035163 17.619627032016101
decision_type=2 2 2 2 2 2 2 2 2 2 2 2 2 2 2 2 2 2
left_child=1 2 -1 4 -4 6 7 -2 9 -8 -10 12 16 -14 17 -16 -7 -13
right_child=5 -3 3 -5 -6 11 8 -9 10 -11 -12 14 13 -15 15 -17 -18 -19
leaf_value=0 0.00022610483810117939 0 -8.4283643653473205e-05 0 0 1.8656535214035447e-05 2.9261785750837608e-05 0 1.4695727667136484e-05 -4.8386790586256502e-05 -4.4538653642885971e-05 0 -3.3761179316181225e-05 3.4967735658325936e-05 4.0449996085651046e-05 -1.1603175349385881e-05 -2.096344210204843e-05 -5.1200897567967485e-05
leaf_weight=23 20 39 78 25 20 104 104 39 1290 239 54 25 34 513 96 621 523 221
leaf_count=23 20 39 78 25 20 104 104 39 1290 239 54 25 34 513 96 621 523 221
internal_value=0 -1.57376e-05 -3.31692e-05 -4.64792e-05 -6.40159e-05 9.26288e-07 7.00939e-06 7.12826e-05 2.97925e-06 -1.60977e-05 1.00807e-05 -2.64013e-06 4.06001e-06 2.52069e-05 -1.39228e-05 -4.45527e-07 -9.60585e-06 -4.09979e-05
internal_weight=4068 185 146 123 98 3883 1746 59 1687 343 1344 2137 1174 547 963 717 627 246
internal_count=4068 185 146 123 98 3883 1746 59 1687 343 1344 2137 1174 547 963 717 627 246
is_linear=0
shrinkage=0.03


Tree=277
num_leaves=19
num_cat=0
split_feature=2 25 32 29 2 3 35 0 0 33 5 23 5 29 32 32 35 35
split_gain=5.3016e-05 0.000289893 0.000529902 0.000925023 0.000145242 0.000344896 0.0003106 0.000197437 0.000245595 0.000439355 0.000131815 0.000275607 0.000152503 0.000102668 6.40864e-05 1.87963e-05 1.6677e-05 2.92288e-05
threshold=40.925001144409187 -0.038928012049071245 -0.0076045874765305879 54.534563656664645 46.274999618530281 47.375000000000007 0.015813722313952509 35.434808731079109 37.431978225708015 0.0043525452260123618 13815146.500000002 0.88073262342400949 10572990.000000002 29.496977616163228 -0.0036556571689652091 -0.0025056391580843269 0.026189306143190746 0.016751873625895319
decision_type=2 2 2 2 2 2 2 2 2 2 2 2 2 2 2 2 2 2
left_child=1 16 -3 -4 7 6 -6 15 14 -10 12 -12 -7 -8 -9 -2 17 -1
right_child=4 2 3 -5 5 10 13 8 9 -11 11 -13 -14 -15 -16 -17 -18 -19
leaf_value=0 0 0 0.00028360823614161399 0 0 -5.6657354948059726e-07 0 0 -5.4774410561873833e-05 5.8892329737709696e-05 -7.2881178783829696e-05 0 3.0745678615667584e-05 0.00014579275844642611 -8.3133847571099044e-05 2.8314959871366398e-05 0 -3.1705475218991751e-05
leaf_weight=40 26 26 20 40 29 3226 25 49 68 55 69 47 144 32 85 21 25 41
leaf_count=40 26 26 20 40 29 3226 25 49 68 55 69 47 144 32 85 21 25 41
internal_value=0 1.55382e-05 5.97404e-05 0.000114229 -5.86753e-07 2.95388e-07 6.00389e-05 -2.08138e-05 -3.46922e-05 0 -3.19609e-07 -3.20139e-05 0 0.000101642 -6.28949e-05 0 0 -1.36041e-05
internal_weight=4068 192 86 60 3876 3572 86 304 257 123 3486 116 3370 57 134 47 106 81
internal_count=4068 192 86 60 3876 3572 86 304 257 123 3486 116 3370 57 134 47 106 81
is_linear=0
shrinkage=0.03


Tree=278
num_leaves=19
num_cat=0
split_feature=36 35 28 29 1 33 33 28 1 21 36 28 28 21 28 24 3 3
split_gain=5.21536e-05 0.000230576 0.00015904 0.000133652 0.00017544 0.00024783 0.0001273 9.19236e-05 0.000255951 0.000189417 0.000324595 0.000181099 0.00039064 0.00014104 9.05591e-05 8.8504e-05 6.82203e-05 5.79117e-06
threshold=0.012844554875967666 0.029178886002983139 64973878.500000007 24.940385733827231 51.875000000000007 0.03460243232848282 0.039158390953798146 339616882.00000006 101.20204162597658 114.00841306050619 0.0058068586482271185 252813886.00000003 276435136.00000006 100.02663059234621 -140470592.49999997 1.4698096344604517 84.80130767822267 53.475000381469734
decision_type=2 2 2 2 2 2 2 2 2 2 2 2 2 2 2 2 2 2
left_child=7 3 14 -2 -5 -6 16 8 11 10 -10 13 -13 -1 -3 -9 -4 -16
right_child=1 2 6 4 5 -7 -8 15 9 -11 -12 12 -14 -15 17 -17 -18 -19
leaf_value=2.3661789372697868e-06 0 0 9.7749716154357024e-05 0 -6.5860459682651261e-05 0 0 7.6249290081269113e-05 -6.58911622034779e-05 0 0 7.6754820054921813e-05 0 -3.2672202013539457e-05 -5.1975095292083282e-05 0 0 0
leaf_weight=3057 34 21 34 50 171 30 32 29 153 36 43 92 87 103 32 20 23 21
leaf_count=3057 34 21 34 50 171 30 32 29 153 36 43 92 87 103 32 20 23 21
internal_value=0 -9.46423e-06 6.41961e-06 -2.90704e-05 -3.79283e-05 -5.08073e-05 4.10111e-05 1.37067e-06 0 -2.9508e-05 -4.35878e-05 2.9092e-06 3.26576e-05 2.7377e-07 0 4.27021e-05 6.80511e-05 -3.91778e-05
internal_weight=4068 448 163 285 251 201 89 3620 3571 232 196 3339 179 3160 74 49 57 53
internal_count=4068 448 163 285 251 201 89 3620 3571 232 196 3339 179 3160 74 49 57 53
is_linear=0
shrinkage=0.03


Tree=279
num_leaves=20
num_cat=0
split_feature=33 29 30 0 24 29 24 26 34 35 5 29 13 30 28 35 24 26 28
split_gain=5.17602e-05 0.00022379 0.00071564 0.00148473 0.00052396 0.000234967 0.000215521 0.000330789 0.000113183 0.00029469 0.000964338 0.000486654 0.000273183 0.000305587 0.000110025 0.000246386 9.88289e-05 5.14607e-05 0.00020684
threshold=-0.037248309641346115 16.215081427579982 21.972348236661052 43.672016143798835 -1.4713940599965227 12.889592475225749 -0.078561949227734018 2.3626289673765735 -0.01227434942303973 0.019618672582740356 6495768.5000000009 44.166361752115414 -89.999999999999986 37.660632514562387 -12106420.999999998 0.019043329221964958 -0.36102125300935312 2.0166291433233265 87354993.000000015
decision_type=2 2 2 2 2 2 2 2 2 2 2 2 2 2 2 2 2 2 2
left_child=6 2 4 -4 -2 -6 7 14 9 10 -3 -11 16 -14 -1 -16 -10 18 -8
right_child=1 8 3 -5 5 -7 17 -9 12 11 -12 -13 13 -15 15 -17 -18 -19 -20
leaf_value=0 0.00014384689614412737 0 0.00030114472504121662 0 -3.6563380412597204e-05 9.2715433614290706e-06 0 0 0 -3.0142964827969524e-06 -9.6154668852038263e-05 8.4414748055410471e-05 2.9679003887803269e-05 0 0 -0.00012932473548720797 -7.0578904441063304e-05 0 8.5100391463520191e-05
leaf_weight=35 22 367 24 38 162 105 53 20 31 255 132 62 372 2200 26 51 58 23 32
leaf_count=35 22 367 24 38 162 105 53 20 31 255 132 62 372 2200 26 51 58 23 32
internal_value=0 1.07107e-06 2.41782e-05 0.000116947 0 -7.30994e-06 -1.32563e-05 -4.22818e-05 -3.99418e-07 -1.07937e-05 -2.66117e-05 4.64588e-06 1.66093e-06 4.52792e-06 -6.90106e-05 -9.06021e-05 -4.74338e-05 0 2.33289e-05
internal_weight=4068 3828 351 62 289 267 240 132 3477 816 499 317 2661 2572 112 77 89 108 85
internal_count=4068 3828 351 62 289 267 240 132 3477 816 499 317 2661 2572 112 77 89 108 85
is_linear=0
shrinkage=0.03


Tree=280
num_leaves=22
num_cat=0
split_feature=27 32 31 24 30 5 32 30 34 34 27 32 0 5 34 33 31 24 0 29 5
split_gain=5.44761e-05 0.000433389 0.00114155 0.000149481 0.000145861 0.000230094 0.000236726 0.000126002 0.000513821 0.000148386 0.000343391 0.000113354 0.000107741 0.000129745 8.78359e-05 7.54951e-05 2.66402e-05 1.96537e-05 1.80491e-05 5.5034e-05 7.05482e-08
threshold=0.093378592212026726 -0.008888193919753538 -0.0053742053554655103 0.44125799924574566 20.698144389042408 4120147.5000000005 -0.017442526076148209 25.875656321656745 -1.0000000180025095e-35 -0.040034825838464731 0.28482007132062293 0.0011270631087446639 58.548671722412116 5963707.5000000009 -0.034248688152016864 0.077786868825709302 -0.0081344953062189567 -0.33377776037842993 39.876546859741218 12.889592475225749 5194836.0000000009
decision_type=2 2 2 2 2 2 2 2 2 2 2 2 2 2 2 2 2 2 2 2 2
left_child=1 3 -3 12 5 18 -7 8 14 10 -9 -8 13 -1 -6 -11 -5 -14 -2 -20 -4
right_child=4 2 20 16 7 6 11 9 -10 15 -12 -13 17 -15 -16 -17 -18 -19 19 -21 -22
leaf_value=-4.761756311183425e-05 0 0.00019853020035599784 0 5.4763624538112717e-05 5.2031681947314079e-05 0 -8.4046140155531415e-05 -0.00014867369354000564 0.00016118226204365352 5.4221311900342172e-07 0 0 2.3116900956995349e-05 0 -1.294627216938549e-06 -4.9749995612735227e-05 0 0 0 3.8619836561499012e-05 -1.4064094012550887e-06
leaf_weight=115 23 37 31 37 29 30 93 20 22 2964 27 97 33 173 161 27 21 30 22 44 32
leaf_count=115 23 37 31 37 29 30 93 20 22 2964 27 97 33 173 161 27 21 30 22 44 32
internal_value=0 9.38325e-06 6.5912e-05 0 -1.0869e-06 -2.09357e-05 -3.94512e-05 0 2.295e-05 -7.45485e-07 -5.3584e-05 -5.40626e-05 -1.16e-05 -2.23732e-05 0 0 3.87606e-05 0 0 1.56765e-05 0
internal_weight=4068 509 100 409 3559 309 220 3250 212 3038 47 190 351 288 190 2991 58 63 89 66 63
internal_count=4068 509 100 409 3559 309 220 3250 212 3038 47 190 351 288 190 2991 58 63 89 66 63
is_linear=0
shrinkage=0.03


Tree=281
num_leaves=11
num_cat=0
split_feature=0 0 1 30 34 5 29 3 29 13
split_gain=5.04795e-05 0.000284826 0.000278462 0.000211999 0.000187985 0.000236141 0.000214448 0.000703908 0.000185558 0.000163352
threshold=32.025625228881843 32.766202926635749 62.665390014648445 38.939528695308283 -0.077163910749725048 13815146.500000002 24.583438863660096 38.675001144409187 53.260080453801741 90.000000000000014
decision_type=2 2 2 2 2 2 2 2 2 2
left_child=2 3 -1 -2 5 -3 7 -6 -4 -8
right_child=1 4 8 -5 6 -7 9 -9 -10 -11
leaf_value=0 0 0 -9.4937002143928307e-05 0.00013384083394458389 0.0001925002787792139 -0.0001206526571306689 -4.2857428996534895e-06 6.3922645175002785e-06 0 3.4448398388459008e-05
leaf_weight=30 23 28 51 25 21 26 2945 793 36 90
leaf_count=30 23 28 51 25 21 26 2945 793 36 90
internal_value=0 7.92747e-07 -1.91512e-05 7.33553e-05 0 -5.56282e-05 6.78943e-07 1.49017e-05 -5.80554e-05 -2.14759e-06
internal_weight=4068 3951 117 48 3903 54 3849 814 87 3035
internal_count=4068 3951 117 48 3903 54 3849 814 87 3035
is_linear=0
shrinkage=0.03


Tree=282
num_leaves=23
num_cat=0
split_feature=27 23 31 31 27 24 19 35 30 5 20 29 30 34 34 27 25 13 30 0 29 31
split_gain=5.08054e-05 0.000411198 0.000592069 0.000939975 0.000204878 0.000618953 0.000247637 0.000356534 0.000140033 0.000220308 0.00017213 0.000207638 0.000118881 0.000483856 0.000138138 0.000324568 9.08702e-05 8.36378e-05 6.75988e-05 2.99515e-05 8.42035e-05 3.081e-06
threshold=0.093378592212026726 -0.33228141515488824 -0.0081344953062189567 -0.013057675727659311 -0.026184779689425983 -1.4713940599965227 53.565000534057624 0.019043329221964958 20.698144389042408 4313763.0000000009 55.176249980926521 17.679044681227104 25.875656321656745 -1.0000000180025095e-35 -0.040034825838464731 0.28482007132062293 -0.29509218159057865 90.000000000000014 13.993152995355169 39.876546859741218 12.889592475225749 -0.022086010029846167
decision_type=2 2 2 2 2 2 2 2 2 2 2 2 2 2 2 2 2 2 2 2 2 2
left_child=1 4 3 21 6 -6 -1 -8 9 19 -11 -12 13 16 15 -14 -10 -16 -7 -2 -21 -3
right_child=8 2 -4 -5 5 18 7 -9 12 10 11 -13 14 -15 17 -17 -18 -19 -20 20 -22 -23
leaf_value=0 0 8.8881988292405715e-06 0 0.00029850573311976863 0.00012992557184463447 -2.8849096404052199e-05 0 -0.00011559807535295116 3.8653880109102863e-05 0 0 -9.8447915646271574e-05 -0.000144164032248933 0.00015648217466701983 -7.9094243307110492e-07 0 -5.3409477617214966e-06 2.6956747919656144e-05 0 0 4.5743363731836634e-05 0
leaf_weight=36 29 35 51 20 34 73 49 53 52 75 62 69 20 22 2890 27 138 101 135 25 49 23
leaf_count=36 29 35 51 20 34 73 49 53 52 75 62 69 20 22 2890 27 138 101 135 25 49 23
internal_value=0 9.09429e-06 5.65044e-05 0.000110002 0 8.75879e-06 -3.46511e-05 -6.17005e-05 -1.0084e-06 -2.04802e-05 -3.98886e-05 -6.06878e-05 0 2.23222e-05 -6.56042e-07 -5.16464e-05 0 0 0 0 1.90731e-05 0
internal_weight=4068 509 129 78 380 242 138 102 3559 309 206 131 3250 212 3038 47 190 2991 208 103 74 58
internal_count=4068 509 129 78 380 242 138 102 3559 309 206 131 3250 212 3038 47 190 2991 208 103 74 58
is_linear=0
shrinkage=0.03


Tree=283
num_leaves=19
num_cat=0
split_feature=7 27 32 36 5 32 0 36 28 19 5 33 29 32 29 34 36 22
split_gain=4.97585e-05 0.000121562 0.000245249 0.000101821 0.000331728 0.00157975 0.000205555 0.000257865 0.000195383 0.000295829 0.00083174 0.00021928 0.000204416 0.000338583 0.000270296 0.000141191 8.67159e-05 7.7332e-05
threshold=-1.0000000180025095e-35 0.6508584979636991 -0.014341439079781136 -0.0011111054015183603 11355735.500000002 -0.011949834192641172 38.065500259399421 -0.012195145117014068 103925096.00000001 73.454362487792977 6461019.5000000009 -0.040857649269339373 46.754133862955861 0.00070874208448645792 64.661815211123994 0.0069104148240528582 -0.0061519280672803515 40.332580686432095
decision_type=2 2 2 2 2 2 2 2 2 2 2 2 2 2 2 2 2 2
left_child=1 2 -1 4 6 17 7 -2 9 11 -11 -5 13 -10 -14 -8 -4 -6
right_child=3 -3 16 8 5 -7 15 -9 12 10 -12 -13 14 -15 -16 -17 -18 -19
leaf_value=0 7.7463523352476323e-06 0 -7.3088135054306811e-05 -8.2396593079278141e-05 -3.9726628515660306e-05 0.00022318110407289465 0 -3.3585098024651782e-05 -2.1229134943505795e-05 0 0.00012136978999499504 0 -5.6745294558273118e-05 3.489732236641085e-05 -2.1197585711607607e-06 2.4092947840275328e-05 0 0
leaf_weight=34 89 39 84 29 44 36 881 278 211 158 70 917 185 172 395 396 28 22
leaf_count=34 89 39 84 29 44 36 881 278 211 158 70 917 185 172 395 396 28 22
internal_value=0 -1.48971e-05 -3.20937e-05 9.76754e-07 6.87818e-06 6.07136e-05 1.70983e-06 -1.53904e-05 -2.44123e-06 3.91751e-06 3.52887e-05 -4.75416e-07 -1.33078e-05 0 -2.47217e-05 8.9742e-06 -5.75447e-05 0
internal_weight=4068 185 146 3883 1746 102 1644 367 2137 1174 228 946 963 383 580 1277 112 66
internal_count=4068 185 146 3883 1746 102 1644 367 2137 1174 228 946 963 383 580 1277 112 66
is_linear=0
shrinkage=0.03


Tree=284
num_leaves=21
num_cat=0
split_feature=30 30 35 5 28 27 34 28 26 25 25 24 30 35 33 24 29 30 1 29
split_gain=5.2971e-05 0.00012326 0.000139455 0.000276912 0.000232324 0.000124932 0.000434431 0.000294543 0.000262939 0.000212856 0.000351318 0.000282383 0.000104895 0.000151842 0.000162078 8.19646e-05 5.88022e-05 3.84012e-05 4.46729e-05 1.76674e-06
threshold=84.583542286369564 78.54768442874105 0.020436185515274593 3558468.0000000005 77330795.500000015 0.82109419059962352 0.027558711526381122 -82922781.999999985 1.5835746078849631 -0.092831181816067573 -0.12969336410490256 -0.18690929042580554 91.219163533805968 0.02563965737351585 0.0064061444966407874 0.98783236427713705 91.209986124242448 80.149323476235267 76.280212402343764 86.767615653018325
decision_type=2 2 2 2 2 2 2 2 2 2 2 2 2 2 2 2 2 2 2 2
left_child=1 5 3 -3 -5 9 7 -7 -8 10 -1 -11 13 14 -2 -16 -14 -4 -19 -15
right_child=12 2 17 4 -6 6 8 -9 -10 11 -12 -13 16 19 15 -17 -18 18 -20 -21
leaf_value=0 0 0 1.3418804066072565e-05 0.00012068601040854958 0 0 4.5699899450000988e-05 -6.0910485957439272e-05 -1.2270086093730811e-05 0 -4.840901516068494e-05 2.4829847093078363e-05 4.7864338347927185e-05 0 -6.6885427631785445e-05 0 0 -4.0690859675605393e-05 0 7.8052631311718001e-06
leaf_weight=1376 49 30 28 48 103 40 112 202 72 858 150 682 23 21 110 34 41 42 21 26
leaf_count=1376 49 30 28 48 103 40 112 202 72 858 150 682 23 21 110 34 41 42 21 26
internal_value=0 1.24404e-06 2.07148e-05 3.65755e-05 5.70329e-05 0 -1.54766e-05 -4.47454e-05 6.72616e-06 1.83972e-06 -4.82735e-06 1.0394e-05 -1.17309e-05 -2.3822e-05 -3.75941e-05 -5.39091e-05 0 0 -2.16225e-05 0
internal_weight=4068 3764 272 181 151 3492 426 242 184 3066 1526 1540 304 240 193 144 64 91 63 47
internal_count=4068 3764 272 181 151 3492 426 242 184 3066 1526 1540 304 240 193 144 64 91 63 47
is_linear=0
shrinkage=0.03


Tree=285
num_leaves=23
num_cat=0
split_feature=27 23 31 31 27 24 32 1 30 32 32 29 23 34 33 23 31 36 34 30 29 31
split_gain=5.18031e-05 0.000418331 0.000629861 0.00101033 0.000179404 0.000463222 0.000208202 0.000357589 0.000133293 0.000240101 0.000159209 0.000322738 0.000131913 0.000278723 0.000371204 0.000201241 0.000261927 0.000244833 0.000198849 5.59025e-05 1.66583e-05 3.03575e-06
threshold=0.098402645434815431 -0.33228141515488824 -0.0081344953062189567 -0.013057675727659311 -0.026184779689425983 -1.4713940599965227 -0.029899350740864191 53.024999618530281 20.698144389042408 -0.017442526076148209 0.0011270631087446639 20.704982449158923 -0.37893368868260063 0.027164179848933049 0.0031283041058096654 -0.089783580061723697 -0.0017021189258506484 -0.0075376789297906055 0.0625000286560803 13.993152995355169 20.704982449158923 -0.022086010029846167
decision_type=2 2 2 2 2 2 2 2 2 2 2 2 2 2 2 2 2 2 2 2 2 2
left_child=1 4 3 21 6 -6 7 -1 9 -2 11 -11 13 14 -10 16 -14 -17 -15 -7 -12 -3
right_child=8 2 -4 -5 5 19 -8 -9 12 10 20 -13 15 18 -16 17 -18 -19 -20 -21 -22 -23
leaf_value=0 1.0793379260362954e-05 8.8226902314798036e-06 0 0.00029972892282005136 0.00010906853474137422 -2.6057198832682538e-05 0 -0.00012080036294481359 0 -8.2125363824368721e-05 0 0 -4.9389627485555504e-05 -3.9527778699535303e-05 4.1979619901938205e-05 2.1389754035094602e-05 0 -4.6768404071375255e-06 0 0 -1.3513414946114037e-05 0
leaf_weight=20 34 35 54 21 36 74 73 45 420 114 50 21 180 142 362 412 233 1454 39 143 82 24
leaf_count=20 34 35 54 21 36 74 73 45 420 114 50 21 180 142 362 412 233 1454 39 143 82 24
internal_value=0 9.03886e-06 5.59241e-05 0.000110964 0 7.04002e-06 -3.28382e-05 -7.18743e-05 -1.02488e-06 -2.02677e-05 -3.54573e-05 -5.955e-05 0 9.99685e-06 1.97167e-05 -3.14012e-06 -2.21999e-05 0 -1.54196e-05 0 0 0
internal_weight=4068 525 134 80 391 253 138 65 3543 301 267 135 3242 963 782 2279 413 1866 181 217 132 59
internal_count=4068 525 134 80 391 253 138 65 3543 301 267 135 3242 963 782 2279 413 1866 181 217 132 59
is_linear=0
shrinkage=0.03


Tree=286
num_leaves=19
num_cat=0
split_feature=27 27 35 5 32 5 31 30 32 30 32 5 0 31 23 5 0 0
split_gain=5.00044e-05 0.000682394 0.00139826 0.000103344 0.00026971 0.000180667 0.00021392 0.000162398 0.000261291 0.000244898 0.000140822 8.20337e-05 0.00019601 0.0001602 0.000155678 0.00014256 3.69801e-05 3.20096e-05
threshold=0.077361383547312548 0.064124271305811983 0.017287530191707121 2125746.5000000005 -0.00063696296123844076 2715136.0000000005 -0.0048309269996139039 20.698144389042408 -0.017442526076148209 25.875656321656745 -0.0052044768354195794 8547416.5000000019 36.978618621826179 -0.0067130517758672284 -0.40949006549099914 5597517.5000000009 46.371179580688484 44.094669342041023
decision_type=2 2 2 2 2 2 2 2 2 2 2 2 2 2 2 2 2 2
left_child=1 11 -3 4 -2 6 -5 8 -7 -9 -8 13 -13 15 -14 -1 -15 -6
right_child=3 2 -4 5 17 7 10 9 -10 -11 -12 12 14 16 -16 -17 -18 -19
leaf_value=0 0 0.00028187344084528592 0 0 0.00012827975141387697 1.3472086399356813e-05 0 3.3120163631709488e-05 -3.6612220509209255e-05 -1.5627969655536957e-07 -7.7719968168874179e-05 0 -7.8400844438980067e-05 -2.3801607106501371e-05 0 5.1685540901199425e-05 0 0
leaf_weight=75 26 24 24 32 21 35 26 204 277 2882 83 37 62 64 21 104 50 21
leaf_count=75 26 24 24 32 21 35 26 204 277 2882 83 37 62 64 21 104 50 21
internal_value=0 9.56866e-06 0.000116816 -8.7885e-07 3.33336e-05 -2.38482e-06 -3.59827e-05 -1.06814e-07 -2.1379e-05 1.07236e-06 -5.86447e-05 0 -2.32981e-05 5.42937e-06 -5.39197e-05 2.89195e-05 -5.15457e-06 8.69661e-05
internal_weight=4068 461 48 3607 68 3539 141 3398 312 3086 109 413 120 293 83 179 114 42
internal_count=4068 461 48 3607 68 3539 141 3398 312 3086 109 413 120 293 83 179 114 42
is_linear=0
shrinkage=0.03


Tree=287
num_leaves=24
num_cat=0
split_feature=29 2 21 35 35 34 29 0 35 26 23 29 5 29 25 31 0 30 26 24 31 23 28
split_gain=5.34527e-05 0.000317906 0.000376233 0.000341766 0.000791727 0.000228264 0.000296353 0.000315629 0.000310698 0.000274738 0.000231739 0.000225668 0.000351886 0.00110799 0.000204459 0.000190878 0.000150422 0.000289246 0.000186985 0.000134062 0.000111812 9.99108e-05 3.38002e-06
threshold=24.583438863660096 39.125000000000007 51.302500089009605 0.015486930700351809 0.016555166805618367 -0.01227434942303973 40.622453629310293 54.782201766967781 0.019909971728855769 1.1058185163017653 -0.11898673373158174 43.23435284357538 3825615.5000000005 39.073994994283218 0.0093723651048097396 1.0000000180025095e-35 60.914653778076179 64.077449394261265 1.9163568377155504 -0.43189177341342994 0.0023584664687841266 0.15391450356875327 203178650.00000003
decision_type=2 2 2 2 2 2 2 2 2 2 2 2 2 2 2 2 2 2 2 2 2 2 2
left_child=1 -1 19 15 -5 6 7 9 14 -2 -10 12 20 -14 -8 -4 18 -18 -13 -3 -7 -21 -9
right_child=5 2 3 4 -6 11 8 22 10 -11 -12 16 13 -15 -16 -17 17 -19 -20 21 -22 -23 -24
leaf_value=0.00012440900262944527 0 0 -2.4228414397557284e-05 0.00015514068447489433 7.7429651251274927e-06 -4.0028894587369003e-05 -6.8050610973155302e-05 7.8711869650806767e-06 0 -7.0618618494272366e-05 9.4716782402107762e-05 -3.2908295530017001e-07 0 0.00012892893432161226 0 1.9417634481330712e-05 -4.4337508277606892e-05 0 3.2664070566914553e-05 -7.1645284768980013e-05 0 0 0
leaf_weight=21 75 61 220 47 327 63 48 49 35 202 50 1569 207 91 23 113 203 264 159 81 58 46 56
leaf_count=21 75 61 220 47 327 63 48 49 35 202 50 1569 207 91 23 113 203 264 159 81 58 46 56
internal_value=0 6.6672e-06 5.3937e-07 1.37227e-05 3.4322e-05 -1.53068e-06 -1.97467e-05 -3.53152e-05 0 -5.23916e-05 5.32046e-05 1.07143e-06 2.1895e-05 4.16505e-05 -2.33401e-05 -4.09906e-07 -1.53768e-06 -1.72465e-05 9.72449e-07 -3.30703e-05 -1.98057e-06 -5.06737e-05 0
internal_weight=4068 916 895 707 374 3152 538 382 156 277 85 2614 419 298 71 333 2195 467 1728 188 121 127 105
internal_count=4068 916 895 707 374 3152 538 382 156 277 85 2614 419 298 71 333 2195 467 1728 188 121 127 105
is_linear=0
shrinkage=0.03


Tree=288
num_leaves=17
num_cat=0
split_feature=25 34 32 25 32 34 33 19 0 29 29 36 24 23 33 36
split_gain=5.15195e-05 0.000272703 0.000241894 0.000273497 0.000207576 0.00023651 0.000185946 0.000179975 0.000124264 0.000368396 0.000133371 8.36348e-05 3.19382e-05 3.10322e-05 2.5931e-05 1.24415e-06
threshold=0.56639309739550114 0.027164179848933049 0.038693587605730946 0.36556379617442508 0.025668455102732638 0.050613689460233487 -1.0000000180025095e-35 67.929999542236331 36.16687202453614 55.658788918018949 53.997725870012168 0.00098912333038867774 -0.38198452037610292 0.3867785477447257 0.015733416351545241 0.016672732184324541
decision_type=2 2 2 2 2 2 2 2 2 2 2 2 2 2 2 2
left_child=2 6 4 12 8 7 -2 -6 9 -1 -10 13 15 -3 -13 -4
right_child=1 11 3 -5 5 -7 -8 -9 10 -11 -12 14 -14 -15 -16 -17
leaf_value=0 0 -2.9047817731096071e-05 0 0.00014251769598960489 -9.1489250909680353e-05 0 7.2890263707721812e-05 0 4.4227436421810911e-06 5.2792071331331133e-05 -8.2905192153967092e-06 0 0 0 -6.8945693939415355e-05 3.7621288685573877e-05
leaf_weight=332 23 33 23 23 66 36 34 91 1800 162 1234 20 43 49 78 21
leaf_count=332 23 33 23 23 66 36 34 91 1800 162 1234 20 43 49 78 21
internal_value=0 -1.31546e-05 1.18051e-06 4.50092e-05 0 -3.03986e-05 1.5558e-05 -4.99075e-05 1.54109e-06 1.55982e-05 0 -3.89079e-05 0 0 -5.95525e-05 2.55304e-05
internal_weight=4068 237 3831 110 3721 193 57 157 3528 494 3034 180 87 82 98 44
internal_count=4068 237 3831 110 3721 193 57 157 3528 494 3034 180 87 82 98 44
is_linear=0
shrinkage=0.03


Tree=289
num_leaves=22
num_cat=0
split_feature=29 2 19 20 28 34 36 24 13 32 13 29 29 31 22 31 27 36 32 36 22
split_gain=4.95298e-05 0.000299346 0.00045172 0.000380551 0.000307951 0.000214863 0.000299289 0.00038079 0.000357236 0.000339362 0.000244137 0.000246656 0.000318032 0.000162061 0.000153414 0.000146131 0.000114697 9.69288e-05 9.31316e-05 9.21179e-05 5.04557e-05
threshold=24.583438863660096 39.125000000000007 51.299999618530286 63.567264842987065 191417628.50000003 -0.01227434942303973 -0.010605272479669524 -0.64374222137275161 -1.0000000180025095e-35 -0.020719681602262559 -89.999999999999986 43.23435284357538 39.073994994283218 -0.0019811868487307201 47.778161639605578 -0.0031946080577648912 0.46942725134976104 0.0029251856848195854 0.0019665958273292765 -0.01197867202581721 47.069856548197251
decision_type=2 2 2 2 2 2 2 2 2 2 2 2 2 2 2 2 2 2 2 2 2
left_child=1 -1 13 14 -5 6 7 -2 -8 -10 17 12 -12 19 -4 -13 -9 20 -15 -3 -7
right_child=5 2 3 4 -6 10 8 16 9 -11 11 15 -14 18 -16 -17 -18 -19 -20 -21 -22
leaf_value=0.00012069444063393248 -5.4695699483347231e-05 -4.7867965992215052e-05 8.9778009539469495e-05 -5.9806544455924733e-06 4.3173750787585139e-05 0 2.2086990722433005e-05 6.4869450743280515e-05 0 -6.0878264653262964e-05 0 1.2478366236600437e-05 6.7455178699209466e-05 -9.6837373096368275e-05 0 -5.1343457326861318e-06 0 0 0 1.4550796416368606e-06 -8.0357715726356806e-05
leaf_weight=21 35 36 79 453 140 20 21 81 79 292 292 586 120 51 22 1527 30 20 25 89 49
leaf_count=21 35 36 79 453 140 20 21 81 79 292 292 586 120 51 22 1527 30 20 25 89 49
internal_value=0 6.44908e-06 4.03702e-07 1.50482e-05 5.71249e-07 -1.4333e-06 -1.91292e-05 1.52517e-06 -3.44715e-05 -4.5762e-05 1.06175e-06 3.89253e-06 2.51301e-05 -3.52243e-05 7.02884e-05 0 4.62884e-05 -4.5494e-05 -7.20792e-05 0 -6.26993e-05
internal_weight=4068 916 895 694 593 3152 538 146 392 371 2614 2525 412 201 101 2113 111 89 76 125 69
internal_count=4068 916 895 694 593 3152 538 146 392 371 2614 2525 412 201 101 2113 111 89 76 125 69
is_linear=0
shrinkage=0.03


Tree=290
num_leaves=27
num_cat=0
split_feature=25 28 29 28 19 35 26 22 29 23 32 33 33 32 5 26 23 21 5 32 33 19 33 28 27 23
split_gain=4.7842e-05 0.000207181 0.0005615 0.000347724 0.000516592 0.000324941 0.00028321 0.000233338 0.000222369 0.000196935 0.000168239 0.000799213 0.000267713 0.00014978 0.000321539 0.000267096 0.000230686 0.000157323 0.000175411 0.000172535 0.000136151 7.6616e-05 7.61076e-05 4.82667e-05 4.72618e-05 2.06929e-05
threshold=-0.31450790565230674 165679687.50000003 45.709086295495865 136987534.50000003 82.056786346435558 0.015344367954956079 2.1187424242851032 44.418494706815856 61.443193123770854 0.41713430746465724 -0.029047214587579414 -0.022646662747170806 -0.024380328729435626 -0.021222693708873194 3633255.0000000005 1.7307221006346192 -0.067971381624428048 69.648925654093446 8647715.5000000019 -0.03249930798170108 0.023963518758214789 80.132096862792977 -0.0065708740628754861 264558678.00000003 0.023315147305248429 -0.98694250692351904
decision_type=2 2 2 2 2 2 2 2 2 2 2 2 2 2 2 2 2 2 2 2 2 2 2 2 2 2
left_child=13 3 5 10 21 -3 -6 -7 23 -10 12 -12 -2 17 22 16 -16 19 24 -1 -17 -5 -15 -4 -19 -20
right_child=1 2 8 4 6 7 -8 -9 9 -11 11 -13 -14 14 15 20 -18 18 25 -21 -22 -23 -24 -25 -26 -27
leaf_value=9.9230320063731063e-05 -5.9184295925761117e-05 0 0 0 -8.0676200581837677e-05 0.00018187732899166805 0 1.2165904734848086e-05 -3.0661094865422553e-06 3.1571801509126796e-05 6.6331184851424395e-05 0 0 0 6.2017796128539411e-06 -7.389175042514653e-05 -4.2745198649484332e-05 0 -6.2912212221173411e-05 0 0 4.0960002665698561e-05 5.2798329192529035e-05 -6.205350840417783e-05 4.1622462695918847e-05 0
leaf_weight=31 98 73 46 89 157 36 30 74 100 216 177 2127 24 31 191 141 110 41 39 26 20 41 38 53 37 22
leaf_count=31 98 73 46 89 157 36 30 74 100 216 177 2127 24 31 191 141 110 41 39 26 20 41 38 53 37 22
internal_value=0 1.87835e-06 1.8164e-05 -5.78958e-07 -3.08958e-05 6.19491e-05 -6.40525e-05 9.50705e-05 0 1.11223e-05 2.14703e-06 5.09948e-06 -2.89993e-05 -6.55791e-06 -1.71776e-05 -2.97281e-05 -1.73061e-06 6.90859e-06 0 5.1416e-05 -6.34156e-05 0 2.33619e-05 -4.03102e-05 1.66832e-05 -4.72019e-05
internal_weight=4068 3341 598 2743 317 183 187 110 415 316 2426 2304 122 727 531 462 301 196 139 57 161 130 69 99 78 61
internal_count=4068 3341 598 2743 317 183 187 110 415 316 2426 2304 122 727 531 462 301 196 139 57 161 130 69 99 78 61
is_linear=0
shrinkage=0.03


Tree=291
num_leaves=16
num_cat=0
split_feature=25 34 32 35 32 34 33 19 0 0 0 26 36 24 33
split_gain=4.73642e-05 0.000255812 0.000233742 0.000482821 0.000190717 0.000226182 0.000175644 0.000167968 0.000155391 0.000117037 0.000362438 0.000125727 7.9395e-05 2.82287e-05 2.23032e-05
threshold=0.56639309739550114 0.027164179848933049 0.038693587605730946 0.026736704560685109 0.025668455102732638 0.050613689460233487 -1.0000000180025095e-35 67.929999542236331 38.065500259399421 36.16687202453614 35.046480178833015 1.6772624065159976 0.00098912333038867774 -0.27608251604664419 0.015733416351545241
decision_type=2 2 2 2 2 2 2 2 2 2 2 2 2 2 2
left_child=2 6 4 -4 9 7 -2 -6 -5 10 -1 -11 13 -3 -14
right_child=1 12 3 8 5 -7 -8 -9 -10 11 -12 -13 14 -15 -16
leaf_value=0 0 -2.6903778213100169e-05 0 0 -8.8549459270268906e-05 0 7.0568536379824514e-05 0 0.00014594955700719501 -4.1702620922469608e-06 5.4299822903239822e-05 9.9159757711265348e-06 0 0 -6.6668724747185056e-05
leaf_weight=345 23 35 53 20 66 36 34 91 37 2288 149 746 20 47 78
leaf_count=345 23 35 53 20 66 36 34 91 37 2288 149 746 20 47 78
internal_value=0 -1.25105e-05 1.20017e-06 4.42812e-05 0 -2.91032e-05 1.43364e-05 -4.8341e-05 0.000106729 1.51426e-06 1.5151e-05 0 -3.76727e-05 0 -5.77403e-05
internal_weight=4068 237 3831 110 3721 193 57 157 57 3528 494 3034 180 82 98
internal_count=4068 237 3831 110 3721 193 57 157 57 3528 494 3034 180 82 98
is_linear=0
shrinkage=0.03


Tree=292
num_leaves=18
num_cat=0
split_feature=7 27 32 31 36 5 32 36 30 30 23 2 32 25 0 25 22
split_gain=4.74331e-05 0.000114435 0.000233079 0.00015819 8.61083e-05 0.000318465 0.00146201 0.000198474 0.00030267 0.000176604 0.000235701 0.00123179 0.000315603 0.000159914 0.000159535 8.38468e-05 6.29268e-05
threshold=-1.0000000180025095e-35 0.6508584979636991 -0.014341439079781136 -0.0038471694251094308 -0.0011111054015183603 11355735.500000002 -0.011949834192641172 -0.0020176268981509636 26.189483423694139 11.449442381039098 -0.74524455748730023 67.216751098632827 -0.012981303017269573 -0.34033620450002761 38.065500259399421 -0.19870768584428142 40.332580686432095
decision_type=2 2 2 2 2 2 2 2 2 2 2 2 2 2 2 2 2
left_child=1 2 -1 15 5 7 16 14 -9 13 11 -11 -12 -6 -2 -4 -7
right_child=4 -3 3 -5 9 6 -8 8 -10 10 12 -13 -14 -15 -16 -17 -18
leaf_value=0 -1.9526052497829067e-05 0 0 0 -8.396191154028522e-05 -3.5836025569619617e-05 0.00021528849483759806 0 6.3663143928116648e-05 9.5102624944009504e-05 -4.5413772502927824e-05 -6.5320154669064475e-06 0 0 3.4482573784457975e-06 -9.893315032054339e-05 0
leaf_weight=34 340 39 29 25 44 44 36 22 112 139 162 290 1477 25 1170 58 22
leaf_count=34 340 39 29 25 44 44 36 22 112 139 162 290 1477 25 1170 58 22
internal_value=0 -1.4342e-05 -3.10731e-05 -5.59435e-05 1.09028e-06 6.51403e-06 5.91648e-05 1.41927e-06 3.68339e-05 -1.93743e-06 0 1.94217e-05 -5.5382e-06 -4.91557e-05 0 -7.52499e-05 0
internal_weight=4068 185 146 112 3883 1746 102 1644 134 2137 2068 429 1639 69 1510 87 66
internal_count=4068 185 146 112 3883 1746 102 1644 134 2137 2068 429 1639 69 1510 87 66
is_linear=0
shrinkage=0.03


Tree=293
num_leaves=21
num_cat=0
split_feature=30 30 35 5 28 30 30 22 25 31 23 30 31 35 22 29 30 1 35 0
split_gain=4.6646e-05 0.000115835 0.000134359 0.000270336 0.000200053 0.000118261 0.000197176 0.00023449 0.000161541 0.000267129 0.000156525 9.76508e-05 0.000162774 0.0001296 0.000116969 5.34409e-05 3.48153e-05 4.19266e-05 3.36662e-05 9.13156e-06
threshold=84.583542286369564 78.54768442874105 0.020436185515274593 3558468.0000000005 77330795.500000015 72.384959407313318 65.458364796928322 50.800313589169455 0.029045045984081478 0.0039455590862650389 0.71700642671780568 91.219163533805968 0.013709692463304448 0.012370155027103071 69.033089674614402 91.209986124242448 80.149323476235267 76.280212402343764 0.02453110000875482 44.463163375854499
decision_type=2 2 2 2 2 2 2 2 2 2 2 2 2 2 2 2 2 2 2 2
left_child=1 5 3 -3 -5 6 10 -8 19 -10 -1 12 13 -2 -15 -13 -4 -18 -14 -7
right_child=11 2 16 4 -6 8 7 -9 9 -11 -12 15 18 14 -16 -17 17 -19 -20 -21
leaf_value=2.097430908159331e-06 0 0 1.1573593628620124e-05 0.00011664696753384707 0 0 0 3.9871544128765034e-05 -5.5196390778330842e-05 0 -1.6212783946445483e-05 4.5630156763019668e-05 0 -6.9440698561560742e-05 0 0 -3.9384734085520433e-05 0 3.3437467895008313e-05 1.6523821548592798e-05
leaf_weight=2323 43 30 28 48 103 24 103 249 159 107 497 23 27 102 41 41 42 21 27 30
leaf_count=2323 43 30 28 48 103 24 103 249 159 107 497 23 27 102 41 41 42 21 27 30
internal_value=0 1.25717e-06 2.01246e-05 3.57242e-05 5.60341e-05 0 1.53943e-06 2.29198e-05 -1.7579e-05 -3.03e-05 -6.62505e-08 -1.08852e-05 -2.27181e-05 -3.8119e-05 -5.20076e-05 0 0 -2.09027e-05 0 0
internal_weight=4068 3764 272 181 151 3492 3172 352 320 266 2820 304 240 186 143 64 91 63 54 54
internal_count=4068 3764 272 181 151 3492 3172 352 320 266 2820 304 240 186 143 64 91 63 54 54
is_linear=0
shrinkage=0.03


Tree=294
num_leaves=29
num_cat=0
split_feature=31 20 21 24 34 20 31 24 22 34 22 33 26 26 23 32 36 22 34 32 36 26 22 0 32 19 35 28
split_gain=4.62652e-05 0.000194417 0.000609461 0.000531515 0.000598363 0.00023841 0.000237434 0.000328263 0.000189307 0.000288579 0.000385569 0.000232138 0.000470565 0.000464368 0.000207005 0.000197781 0.000191619 0.000186916 0.000468391 0.000183173 0.00055194 0.000417196 0.000146185 0.000108549 9.98971e-05 2.56067e-05 1.9478e-05 1.58023e-05
threshold=0.0044593482766626122 67.330913066864028 58.760000101725261 -0.31301831403179009 0.015665145183077937 76.403366279602054 -0.00054497778008039111 -0.84135280084672115 61.949128935535349 0.013643445318537785 51.92037417872524 0.0019120725653380968 1.4933854486000782 1.6979260783073507 2.2922403228279369 0.051092118114092318 0.00059525341563356848 31.633850576871158 -0.051441498345997698 -0.00093763242611988307 -0.0032349540498139129 0.79922805920435258 45.178067208515181 50.27272033691407 0.0297797433669762 71.196535491943379 0.014776396899655696 173606801.00000003
decision_type=2 2 2 2 2 2 2 2 2 2 2 2 2 2 2 2 2 2 2 2 2 2 2 2 2 2 2 2
left_child=1 2 19 4 -4 6 7 -3 9 11 23 13 -13 -2 15 16 -10 18 -7 21 -21 -1 -19 -11 -12 -8 -5 -16
right_child=8 5 3 26 -6 17 25 -9 14 10 24 12 -14 -15 27 -17 -18 22 -20 20 -22 -23 -24 -25 -26 -27 -28 -29
leaf_value=5.1727760146825003e-05 0 -0.00010931994221359947 0.00014340081566314902 2.0834488556597407e-05 0 0.00014772005375548577 2.4594370109219543e-05 -2.5485010731321767e-06 0 2.4276125026232801e-05 -6.6709201389103488e-05 0 6.294590112870013e-05 -7.3699097886110798e-05 -3.3913368336374224e-05 0 4.8366320392741964e-05 -1.6129420221101454e-05 0 -8.7246939517598795e-06 6.0315153766234576e-05 -2.1543436303182243e-05 5.0809085246937911e-06 -2.8709471137715733e-05 0 0 -7.2363474579025629e-06 0
leaf_weight=66 232 61 85 34 30 27 38 174 45 97 191 154 136 94 31 30 237 429 89 122 170 500 772 49 55 38 52 30
leaf_count=66 232 61 85 34 30 27 38 174 45 97 191 154 136 94 31 30 237 429 89 122 170 500 772 49 55 38 52 30
internal_value=0 2.64565e-06 1.32013e-05 6.03771e-05 0.000102592 -2.37845e-06 -2.67253e-05 -4.30589e-05 -4.06578e-06 -1.23508e-05 -3.24742e-05 0 1.99746e-05 -1.69037e-05 1.02802e-05 2.55781e-05 3.68077e-05 1.09475e-06 3.82434e-05 0 2.12062e-05 -7.6924e-06 0 0 -5.559e-05 0 0 -1.87788e-05
internal_weight=4068 2687 1059 201 115 1628 311 235 1381 1008 392 616 290 326 373 312 282 1317 116 858 292 566 1201 146 246 76 86 61
internal_count=4068 2687 1059 201 115 1628 311 235 1381 1008 392 616 290 326 373 312 282 1317 116 858 292 566 1201 146 246 76 86 61
is_linear=0
shrinkage=0.03


Tree=295
num_leaves=22
num_cat=0
split_feature=29 3 19 20 28 34 36 24 13 28 13 29 26 31 35 22 36 36 26 29 25
split_gain=4.77194e-05 0.000357757 0.000518528 0.000340553 0.000287188 0.000193542 0.000277131 0.000356448 0.000338912 0.000240953 0.000231018 0.000232134 0.000300945 0.000187885 0.000165746 0.000140489 0.000134499 9.3045e-05 0.00010035 9.01419e-05 4.75865e-05
threshold=24.583438863660096 38.675001144409187 51.299999618530286 63.567264842987065 191417628.50000003 -0.01227434942303973 -0.010605272479669524 -0.64374222137275161 -1.0000000180025095e-35 149113014.00000003 -89.999999999999986 43.23435284357538 0.91791726815447439 -0.0019811868487307201 0.034265135692275621 47.778161639605578 -0.01197867202581721 0.0029251856848195854 1.7074026598920427 19.444502820992238 -0.1155035335621649
decision_type=2 2 2 2 2 2 2 2 2 2 2 2 2 2 2 2 2 2 2 2 2
left_child=1 -1 13 15 -5 6 7 -2 -8 -10 17 12 -12 16 -13 -4 -3 18 -7 -15 -9
right_child=5 2 3 4 -6 10 8 20 9 -11 11 14 -14 19 -16 -17 -18 -19 -20 -21 -22
leaf_value=0.00010910891548171948 -5.2525398289609657e-05 -6.1313762736428407e-05 8.5951654236920014e-05 -5.3202605169208833e-06 4.1903439080414939e-05 -8.5338218659312568e-05 2.068110793675582e-05 0 -5.8484731641786053e-05 0 -1.5114078838160741e-06 1.6248579919540298e-06 3.9134595631998146e-05 -0.00011193860603853679 -3.5668510496826342e-05 0 2.0814959879782848e-06 0 0 0 6.8373539855690659e-05
leaf_weight=30 35 32 79 453 140 48 21 54 275 96 77 2000 335 45 113 22 86 20 21 29 57
leaf_count=30 35 32 79 453 140 48 21 54 275 96 77 2000 335 45 113 22 86 20 21 29 57
internal_value=0 6.29933e-06 0 1.47878e-05 7.7569e-07 -1.44648e-06 -1.82309e-05 1.00085e-06 -3.30432e-05 -4.41731e-05 8.60934e-07 3.64866e-06 2.42598e-05 -4.0487e-05 0 6.73011e-05 0 -4.44745e-05 -6.1338e-05 -8.08179e-05 4.49133e-05
internal_weight=4068 916 886 694 593 3152 538 146 392 371 2614 2525 412 192 2113 101 118 89 69 74 111
internal_count=4068 916 886 694 593 3152 538 146 392 371 2614 2525 412 192 2113 101 118 89 69 74 111
is_linear=0
shrinkage=0.03


Tree=296
num_leaves=11
num_cat=0
split_feature=0 0 1 30 29 34 5 29 5 0
split_gain=4.66845e-05 0.000261841 0.000256908 0.000191749 0.000161796 0.000161042 0.000220628 0.000201832 0.000696166 0.000157834
threshold=32.025625228881843 32.766202926635749 62.665390014648445 38.939528695308283 53.260080453801741 -0.077163910749725048 13815146.500000002 24.583438863660096 12912490.500000002 34.336133956909187
decision_type=2 2 2 2 2 2 2 2 2 2
left_child=2 3 -1 -2 -4 6 -3 8 -7 -9
right_child=1 5 4 -5 -6 7 -8 9 -10 -11
leaf_value=0 0 0 -9.0233737465227477e-05 0.00012796564146401397 0 6.1465897363302198e-06 -0.00011440180359815043 -3.9458597681201305e-05 0.00019545363486438654 0
leaf_weight=30 23 28 51 25 36 794 26 99 20 2936
leaf_count=30 23 28 51 25 36 794 26 99 20 2936
internal_value=0 8.39738e-07 -1.83033e-05 7.04077e-05 -5.57227e-05 0 -5.14172e-05 7.04828e-07 1.45064e-05 -2.00872e-06
internal_weight=4068 3951 117 48 87 3903 54 3849 814 3035
internal_count=4068 3951 117 48 87 3903 54 3849 814 3035
is_linear=0
shrinkage=0.03


Tree=297
num_leaves=28
num_cat=0
split_feature=27 25 25 31 27 36 25 29 26 26 31 29 22 5 23 5 22 36 32 25 28 28 28 22 22 5 25
split_gain=4.74952e-05 0.000274872 0.000457364 0.000235004 0.000191251 0.000225288 0.000180103 0.000174084 0.00014421 0.000284854 0.000564212 0.00032833 0.00028069 0.000360303 0.000209237 0.000142857 0.000139527 0.000135077 0.000254551 0.000126213 0.000195602 0.000264602 9.46128e-05 4.44347e-05 7.52717e-05 4.03035e-05 3.47542e-05
threshold=0.53591499484055627 -0.01492927551327594 -0.0094572739508467906 -0.0054495565408249061 0.66365047970207536 -0.0094187812658998952 0.79079279330984897 42.288237258460853 1.2833335066642875 1.6296736366847682 -0.0028954513909384967 9.3895397310114515 44.418494706815856 3763857.0000000005 0.1145431182783412 3378615.0000000005 40.647159971371863 -0.017398179524935217 0.0076110886374998197 0.15816124710449075 1.0000000180025095e-35 108219423.50000001 -163452757.99999997 49.58805268761602 47.968679367065612 8841219.0000000019 0.37754009761758239
decision_type=2 2 2 2 2 2 2 2 2 2 2 2 2 2 2 2 2 2 2 2 2 2 2 2 2 2 2
left_child=1 8 -3 16 19 17 7 -7 12 10 -10 -11 13 -1 -14 -5 -4 -6 -19 20 22 -22 -2 24 -21 -8 -25
right_child=4 2 3 15 5 6 25 -9 9 11 -12 -13 14 -15 -16 -17 -18 18 -20 23 21 -23 -24 26 -26 -27 -28
leaf_value=0 0 0.00016873189160964824 -4.3696198396176186e-05 0 0 3.8261716651318467e-05 0 -2.7745647668509572e-06 0 5.7048287023283328e-05 5.6362021848084431e-05 -1.9260041833820223e-05 5.1770858039611931e-05 -4.2631189700026608e-05 0 4.4786632662921381e-05 0 8.9212863521847383e-05 0 0 2.6532565561597499e-05 -3.6550874588469755e-05 -8.9846281333304695e-05 3.1736723639062893e-05 -5.3248291909598648e-05 -8.3304316347906557e-05 0
leaf_weight=99 26 22 66 76 56 101 21 1126 241 44 237 483 74 375 104 195 157 69 29 48 78 137 70 56 29 29 20
leaf_count=99 26 22 66 76 56 101 21 1126 241 44 237 483 74 375 104 195 157 69 29 48 78 137 70 56 29 29 20
internal_value=0 3.30033e-06 2.28501e-05 1.02488e-05 -3.17268e-06 2.82755e-07 -1.67344e-06 0 -9.78199e-07 4.02247e-06 2.26557e-05 -7.18781e-06 -1.32862e-05 -2.74579e-05 7.6015e-06 3.11331e-05 -1.68642e-06 3.59624e-05 5.7191e-05 -2.02913e-05 -3.12947e-05 0 -7.07269e-05 0 -1.38385e-05 -5.75046e-05 1.82068e-05
internal_weight=4068 2173 516 494 1895 1431 1277 1227 1657 1005 478 527 652 474 178 271 223 154 98 464 311 215 96 153 77 50 76
internal_count=4068 2173 516 494 1895 1431 1277 1227 1657 1005 478 527 652 474 178 271 223 154 98 464 311 215 96 153 77 50 76
is_linear=0
shrinkage=0.03


Tree=298
num_leaves=17
num_cat=0
split_feature=27 32 5 24 34 5 34 30 36 30 0 35 27 31 24 5
split_gain=4.78845e-05 0.000385541 0.00105245 0.000116409 0.00011546 0.000235719 0.000126905 0.00015664 0.000215128 0.00020648 9.36401e-05 0.000163345 8.2781e-05 1.70362e-05 1.68492e-05 1.1462e-05
threshold=0.093378592212026726 -0.008888193919753538 7392587.0000000009 0.44125799924574566 -0.040034825838464731 8841219.0000000019 -0.034248688152016864 23.846528084729382 0.0024783531854090045 27.213126826962988 58.548671722412116 0.028019651060013258 0.22824194470976134 -0.0081344953062189567 -0.33377776037842993 5194836.0000000009
decision_type=2 2 2 2 2 2 2 2 2 2 2 2 2 2 2 2
left_child=1 3 15 10 5 -2 12 8 -8 -9 11 -1 -6 -5 -12 -3
right_child=4 2 -4 13 6 -7 7 9 -10 -11 14 -13 -14 -15 -16 -17
leaf_value=-3.5169032807308189e-05 0 1.5653444853923203e-05 0.00025145680462650209 4.6906375270989537e-05 0 -9.2754673689410505e-05 -4.3533185108150452e-05 3.7847017026171656e-05 0 -1.8752787720858347e-07 2.1404104625237846e-05 0 7.1982874600648865e-05 0 0 0
leaf_weight=218 95 42 21 37 33 37 177 130 143 2908 33 70 36 21 30 37
leaf_count=218 95 42 21 37 33 37 177 130 143 2908 33 70 36 21 30 37
internal_value=0 8.86071e-06 6.21748e-05 0 -9.37121e-07 -2.84657e-05 0 -7.03898e-07 -2.10631e-05 4.53753e-07 -1.0468e-05 -2.06413e-05 4.03585e-05 3.37795e-05 0 0
internal_weight=4068 509 100 409 3559 132 3427 3358 320 3038 351 288 69 58 63 79
internal_count=4068 509 100 409 3559 132 3427 3358 320 3038 351 288 69 58 63 79
is_linear=0
shrinkage=0.03


Tree=299
num_leaves=22
num_cat=0
split_feature=22 22 22 29 34 24 24 32 24 24 26 29 23 35 34 24 30 29 24 22 22
split_gain=4.89372e-05 0.000171206 0.000274003 0.000419852 0.0012052 0.000184931 0.000372527 0.000181352 0.000301807 0.000181548 0.000159322 0.000479112 0.000140878 0.000132893 7.84475e-05 0.000158428 0.00014394 3.83497e-05 3.11392e-05 2.63925e-06 3.30821e-07
threshold=31.977117536435404 39.013856365285108 40.452711830214255 45.709086295495865 -0.019072414143899593 -1.6007076019208089 -0.80170470077513578 -0.019236759823706037 1.3012012701981148 1.3788573635773114 1.8455027468775673 16.989701047671918 -0.57306789096248412 0.011179494643494573 -0.024791592917600743 -0.56304318969286615 19.638017928105359 45.709086295495865 -1.6323597074302227 29.649281492485581 39.782686086727658
decision_type=2 2 2 2 2 2 2 2 2 2 2 2 2 2 2 2 2 2 2 2 2
left_child=10 5 3 4 -3 17 13 8 -4 -9 14 -12 -8 -7 15 18 -16 -2 -1 -17 -5
right_child=1 2 7 20 -6 6 12 9 -10 -11 11 -13 -14 -15 16 19 -18 -19 -20 -21 -22
leaf_value=0 0 0 0 -3.0941238336360859e-06 0.00018304702965155382 0 8.2978867734442027e-06 0 8.4201086605303701e-05 -2.5261214400822651e-05 0.00017524554248232003 0 -3.0171024681960712e-05 -8.7051589027866742e-05 0 9.958375029228406e-06 6.7273388183847132e-05 3.2792743828548025e-05 -4.099755322610234e-05 0 0
leaf_weight=22 23 54 223 31 51 20 161 2567 57 303 20 23 127 102 25 26 42 32 107 27 25
leaf_count=22 23 54 223 31 51 20 161 2567 57 303 20 23 127 102 25 26 42 32 107 27 25
internal_value=0 -5.9645e-07 9.56435e-07 3.93635e-05 7.72684e-05 -1.81017e-05 -2.78829e-05 -5.54281e-08 2.18072e-05 -3.23431e-06 1.20906e-05 6.57087e-05 0 -7.31926e-05 0 -7.26683e-06 3.01478e-05 2.8415e-07 -3.43117e-05 2.00277e-06 0
internal_weight=4068 3776 3311 161 105 465 410 3150 280 2870 292 43 288 122 249 182 67 55 129 53 56
internal_count=4068 3776 3311 161 105 465 410 3150 280 2870 292 43 288 122 249 182 67 55 129 53 56
is_linear=0
shrinkage=0.03


Tree=300
num_leaves=24
num_cat=0
split_feature=27 23 31 31 35 35 22 32 28 30 32 5 25 23 25 4 23 31 22 5 32 1 31
split_gain=4.76835e-05 0.000382028 0.000579101 0.000920675 0.000167521 0.00080823 0.000232782 0.000335033 0.000207351 9.72915e-05 0.000210216 0.000191952 0.000171397 0.00011765 0.000251238 0.000466212 0.000194931 0.000246228 0.000162136 0.000135006 4.46161e-06 4.25814e-06 1.33268e-06
threshold=0.098402645434815431 -0.33228141515488824 -0.0081344953062189567 -0.013057675727659311 0.016555166805618367 0.015486930700351809 25.431832828123152 -0.029899350740864191 32791960.500000004 20.698144389042408 -0.017442526076148209 4313763.0000000009 -0.017942533081638287 -0.37893368868260063 -0.24360578614647818 69.546035766601577 -0.089783580061723697 -0.0017021189258506484 43.767231862282962 5496384.0000000009 -0.010703095630716418 88.017532348632827 -0.022086010029846167
decision_type=2 2 2 2 2 2 2 2 2 2 2 2 2 2 2 2 2 2 2 2 2 2 2
left_child=1 4 3 22 5 20 8 -8 -6 10 -2 21 -13 14 15 -11 17 -15 -16 -18 -1 -12 -3
right_child=9 2 -4 -5 6 -7 7 -9 -10 13 11 12 -14 16 18 -17 19 -19 -20 -21 -22 -23 -24
leaf_value=-6.5323941741266354e-06 1.0639222868937717e-05 5.8456183266656774e-06 0 0.0002866344029382886 9.6355341583379144e-05 0.00016766966977826837 -0.00011080061788684387 0 0 0.00013167090917497236 -2.1319370675299188e-06 -6.2958390058865093e-05 0 -4.8218460604308002e-05 -1.0535191989995511e-05 0 8.6318654134032581e-06 0 1.5688403762791013e-05 -7.3890488706745113e-06 0 1.0509642089116511e-05 0
leaf_weight=94 34 35 54 21 20 27 51 126 21 42 63 152 20 180 403 107 985 233 411 881 52 32 24
leaf_count=94 34 35 54 21 20 27 51 126 21 42 63 152 20 180 403 107 985 233 411 881 52 32 24
internal_value=0 8.7211e-06 5.34955e-05 0.000106291 0 1.41092e-05 -2.3093e-05 -4.28919e-05 0 -9.16678e-07 -1.73406e-05 -3.2138e-05 -5.10569e-05 0 9.34973e-06 4.56201e-05 -3.08515e-06 -2.18449e-05 0 0 0 0 0
internal_weight=4068 525 134 80 391 173 218 177 41 3543 301 267 172 3242 963 149 2279 413 814 1866 146 95 59
internal_count=4068 525 134 80 391 173 218 177 41 3543 301 267 172 3242 963 149 2279 413 814 1866 146 95 59
is_linear=0
shrinkage=0.03


Tree=301
num_leaves=23
num_cat=0
split_feature=29 3 19 21 26 31 34 29 35 0 26 13 23 29 5 25 34 35 24 29 31 27
split_gain=4.8411e-05 0.000341168 0.00047529 0.000277882 0.000191193 0.00018625 0.000171174 0.000263318 0.000286952 0.000279936 0.000241893 0.0002114 0.000210736 0.00020329 0.000298018 0.000182207 0.000166509 0.000154672 9.00415e-05 8.50156e-05 7.17831e-05 6.67891e-06
threshold=24.583438863660096 38.675001144409187 51.299999618530286 69.402960205078145 1.7734480653440914 -0.0019811868487307201 -0.01227434942303973 40.622453629310293 0.019909971728855769 54.782201766967781 1.1058185163017653 -89.999999999999986 -0.11898673373158174 43.23435284357538 3825615.5000000005 0.0093723651048097396 -0.016187762898647869 0.034265135692275621 -0.36102125300935312 19.444502820992238 -0.012735695979001425 0.17043297856111705
decision_type=2 2 2 2 2 2 2 2 2 2 2 2 2 2 2 2 2 2 2 2 2 2
left_child=1 -1 5 16 -5 20 7 9 15 10 -2 18 -10 14 -13 -9 -4 -15 -8 -7 -3 -11
right_child=6 2 3 4 -6 19 11 8 12 21 -12 13 -14 17 -16 -17 -18 -19 -20 -21 -22 -23
leaf_value=0.00010695108913149733 0 -3.8243900472931808e-05 7.0299635490275947e-05 -6.1719393125740914e-06 3.0940932237000836e-05 -0.00010817301027118505 0 -6.3023046238419028e-05 0 1.2398970859085652e-05 -6.5451209399902346e-05 0 9.1655091227894545e-05 1.569100181369569e-06 4.0416777714603147e-05 0 0 -3.4456772183806734e-05 -6.4709526945543494e-05 0 1.1866738647882341e-06 0
leaf_weight=30 75 44 110 393 164 45 31 48 35 39 202 118 50 2000 294 23 27 113 58 29 74 66
leaf_count=30 75 44 110 393 164 45 31 48 35 39 202 118 50 2000 294 23 27 113 58 29 74 66
internal_value=0 6.37656e-06 0 1.44119e-05 0 -3.84225e-05 -1.41607e-06 -1.71978e-05 3.11593e-07 -3.21978e-05 -4.83605e-05 6.84956e-07 5.21241e-05 3.4029e-06 2.2692e-05 -1.95095e-05 5.36257e-05 0 -4.26725e-05 -7.80341e-05 0 0
internal_weight=4068 916 886 694 557 192 3152 538 156 382 277 2614 85 2525 412 71 137 2113 89 74 118 105
internal_count=4068 916 886 694 557 192 3152 538 156 382 277 2614 85 2525 412 71 137 2113 89 74 118 105
is_linear=0
shrinkage=0.03


Tree=302
num_leaves=28
num_cat=0
split_feature=0 0 31 20 0 36 36 28 3 24 29 28 29 28 22 31 28 36 0 36 35 29 29 31 29 22 20
split_gain=4.87402e-05 0.000214268 0.000275451 0.000312422 0.000345201 0.000206376 0.000697251 0.000768052 0.000307685 0.000249494 0.000222552 0.000163433 0.000373106 0.000385131 0.000344779 0.000209035 0.000187188 0.000358641 0.000294461 0.000187196 0.000196784 0.000187346 0.000175276 7.61679e-05 0.000184408 0.000135889 4.72794e-06
threshold=40.115802764892585 37.929924011230476 -0.0021739122079927338 51.576250171661378 39.50703430175782 0.01004051031451089 0.0030241982045188715 -152936883.99999997 50.725000381469734 -0.28613563632613298 66.436977706926569 -19454705.999999996 41.269721610868693 -124317916.99999999 41.43727278632992 0.0075344891405950696 82928143.000000015 -0.013356990303656712 41.100719451904304 -0.0012172673639697449 0.028019651060013258 46.754133862955861 58.25705680695058 -0.0079721933743260292 29.496977616163228 43.983672941658135 48.81000022888184
decision_type=2 2 2 2 2 2 2 2 2 2 2 2 2 2 2 2 2 2 2 2 2 2 2 2 2 2 2
left_child=1 5 23 26 -5 6 8 -8 -1 10 -7 12 14 -14 -2 -16 17 -13 -19 20 -18 -21 -15 25 -25 -3 -4
right_child=11 2 3 4 -6 9 7 -9 -10 -11 -12 16 13 22 15 -17 19 18 -20 21 -22 -23 -24 24 -26 -27 -28
leaf_value=2.4171749319928862e-06 0 0 8.2118759723601573e-06 0.0001404578018257422 0 -0.0001074132018268384 0 0.0001107511827610318 -3.7782608489809285e-05 0 0 -3.5085325268546567e-05 0.00010956342930868052 0 -0.00012837689605229376 0 1.1687678483032102e-05 0 4.3183571135906848e-05 0 -2.8315056575362771e-05 -2.2578631478625954e-05 -3.4331341620617537e-05 0 -7.914417246197405e-05 5.1271467069776157e-05 0
leaf_weight=312 44 53 63 54 30 52 67 105 220 69 20 47 26 72 60 20 882 33 366 422 97 650 162 20 35 52 35
leaf_count=312 44 53 63 54 30 52 67 105 220 69 20 47 26 72 60 20 882 33 366 422 97 650 162 20 35 52 35
internal_value=0 5.40638e-06 2.579e-05 5.1097e-05 9.48511e-05 0 3.66748e-06 5.89414e-05 -8.57273e-06 -3.53446e-05 -7.45595e-05 -1.7839e-06 -2.01697e-05 0 -6.2968e-05 -0.000100084 0 1.85134e-05 3.23511e-05 -2.75522e-06 4.65765e-06 -1.2323e-05 -1.19284e-05 0 -3.12744e-05 1.18099e-05 0
internal_weight=4068 1187 342 182 84 845 704 172 532 141 72 2881 384 260 124 80 2497 446 399 2051 979 1072 234 160 55 105 98
internal_count=4068 1187 342 182 84 845 704 172 532 141 72 2881 384 260 124 80 2497 446 399 2051 979 1072 234 160 55 105 98
is_linear=0
shrinkage=0.03


Tree=303
num_leaves=26
num_cat=0
split_feature=2 28 36 24 28 23 20 32 28 36 36 26 34 0 0 32 23 23 35 1 2 23 28 24 21
split_gain=4.75226e-05 0.000484231 0.000337135 0.00120666 0.000231784 0.000393429 0.00035628 0.000884622 0.00033413 0.000286226 0.000305755 0.000256408 0.000230854 0.000385236 0.000451292 0.000329283 0.000294311 0.000206468 0.000183067 0.000163843 0.000399797 0.000135958 2.43507e-05 1.68639e-05 2.57788e-07
threshold=52.324998855590827 -36817415.999999993 0.0070926951329941326 -0.37467534260262464 54091819.000000007 -0.59359779783003208 64.559594058990498 0.0025223669464854441 77330795.500000015 -0.0094187812658998952 0.013633901975786593 0.95059826980535489 -0.040034825838464731 35.744647979736335 37.431978225708015 -0.0052044768354195794 -0.54332123534427967 -2.0583842793993905 0.01022879599533121 58.925001144409187 63.19054031372071 0.3475578350448601 -171302498.49999997 -0.037961688425661687 70.648992061615004
decision_type=2 2 2 2 2 2 2 2 2 2 2 2 2 2 2 2 2 2 2 2 2 2 2 2 2
left_child=1 12 3 -3 5 6 7 -2 9 24 -11 21 16 15 -15 -14 -1 -8 -13 -10 -21 -7 -18 -5 -6
right_child=4 2 -4 23 8 11 17 -9 19 10 -12 18 13 14 -16 -17 22 -19 -20 20 -22 -23 -24 -25 -26
leaf_value=0 0.00014163747609435783 0.00026706823080927986 0 0 0 -1.444941843957518e-05 0 0 -8.6002081681265288e-05 7.1079240031686179e-05 0 0 0 -5.1079717395105713e-05 6.6761646903060272e-06 7.2655761217654775e-05 0 -5.4602876067685176e-05 -5.5766795966510945e-05 8.2167710244969311e-05 -1.9160059577092142e-06 6.1313844583365146e-05 -0.00014549213231393048 1.5633449376043905e-05 -2.6475184099883581e-06
leaf_weight=48 55 26 31 23 20 80 43 42 20 166 35 33 71 158 305 119 25 68 306 52 2196 28 23 62 33
leaf_count=48 55 26 31 23 20 80 43 42 20 166 35 33 71 158 305 119 25 68 306 52 2196 28 23 62 33
internal_value=0 6.38895e-06 5.76444e-05 8.35531e-05 -1.41895e-06 -1.78237e-05 5.26855e-06 5.6431e-05 1.65264e-06 3.47248e-05 5.29583e-05 -3.52777e-05 0 2.92428e-06 -6.56188e-06 4.1813e-05 -4.58682e-05 -1.24488e-05 -4.8181e-05 -7.29882e-07 0 0 -9.85407e-05 0 0
internal_weight=4068 891 142 111 3177 655 208 97 2522 254 201 447 749 653 463 190 96 111 339 2268 2248 108 48 85 53
internal_count=4068 891 142 111 3177 655 208 97 2522 254 201 447 749 653 463 190 96 111 339 2268 2248 108 48 85 53
is_linear=0
shrinkage=0.03


Tree=304
num_leaves=29
num_cat=0
split_feature=31 22 34 22 33 26 26 23 32 5 20 20 32 32 36 26 20 20 31 23 22 34 22 0 32 4 19 28
split_gain=4.62673e-05 0.000187858 0.000268942 0.000351456 0.00021722 0.000448879 0.000431525 0.000193989 0.000188807 0.000206622 0.000187326 0.000530932 0.000611787 0.000262556 0.000692197 0.000447063 0.000214048 0.000211792 0.000213883 0.00028765 0.000177448 0.000419325 0.000136372 9.61887e-05 9.26389e-05 8.67675e-05 2.15513e-05 1.44248e-05
threshold=0.0044593482766626122 61.949128935535349 0.013643445318537785 51.92037417872524 0.0019120725653380968 1.4933854486000782 1.6979260783073507 2.2922403228279369 0.051092118114092318 6989406.0000000009 67.330913066864028 57.406249904632574 -0.0043410862578503453 -0.00093763242611988307 -0.0032349540498139129 0.79922805920435258 65.647752380371102 76.403366279602054 -0.00054497778008039111 -0.70729678328682499 31.633850576871158 -0.051441498345997698 45.178067208515181 50.27272033691407 0.0297797433669762 62.877326965332038 71.196535491943379 163582239.50000003
decision_type=2 2 2 2 2 2 2 2 2 2 2 2 2 2 2 2 2 2 2 2 2 2 2 2 2 2 2 2
left_child=10 2 4 23 6 -6 -2 8 9 -3 11 13 16 15 -15 -1 -13 18 19 -12 21 -19 -22 -4 -5 -14 -20 -9
right_child=1 7 3 24 5 -7 -8 27 -10 -11 17 12 25 14 -16 -17 -18 20 26 -21 22 -23 -24 -25 -26 -27 -28 -29
leaf_value=5.0875151446427295e-05 0 0 2.2145095670353101e-05 -6.4601978205134909e-05 0 6.1015783685571147e-05 -7.1508035669758956e-05 -3.2550417380071401e-05 0 6.3814463796246413e-05 -8.7936974288063794e-05 0.00012525729440563822 4.1617682312953599e-05 -1.0253880026862459e-05 6.8292212451814729e-05 -2.4129346779133128e-05 0 0.00014087225068330495 2.2562925479701147e-05 0 -1.5801597371231071e-05 0 4.5047995898376891e-06 -2.8165738776306256e-05 0 -1.9143754799544538e-05 0 0
leaf_weight=66 232 147 97 191 154 136 94 29 30 135 84 89 31 124 170 488 25 27 38 151 429 89 772 49 55 66 38 32
leaf_count=66 232 147 97 191 154 136 94 29 30 135 84 89 31 124 170 488 25 27 38 151 429 89 772 49 55 66 38 32
internal_value=0 -4.19246e-06 -1.2432e-05 -3.1854e-05 0 1.88152e-05 -1.68692e-05 1.00308e-05 2.49498e-05 3.59312e-05 2.54214e-06 1.29216e-05 5.56888e-05 0 2.49711e-05 -9.77204e-06 0.000102778 -2.36732e-06 -2.52889e-05 -4.0805e-05 7.69228e-07 3.71702e-05 -2.51694e-07 0 -5.38696e-05 0 0 -1.70922e-05
internal_weight=4068 1381 1008 392 616 290 326 373 312 282 2687 1059 211 848 294 554 114 1628 311 235 1317 116 1201 146 246 97 76 61
internal_count=4068 1381 1008 392 616 290 326 373 312 282 2687 1059 211 848 294 554 114 1628 311 235 1317 116 1201 146 246 97 76 61
is_linear=0
shrinkage=0.03


Tree=305
num_leaves=21
num_cat=0
split_feature=0 0 31 36 3 32 26 24 23 25 28 25 25 1 0 26 26 31 32 29
split_gain=4.55893e-05 0.000203154 0.000255864 0.000283487 0.000246471 0.000191802 0.000249018 0.000442678 0.000151792 0.00020541 0.00014227 0.000156827 0.000364405 0.000164068 7.01187e-05 6.89298e-05 6.8856e-05 6.84318e-05 0.000236585 0.000173937
threshold=40.115802764892585 37.929924011230476 -0.0021739122079927338 0.0051308505035383206 49.675001144409187 -0.042812423681417404 1.7174973740059525 -1.1567114817007578 2.5720263838943116 0.29677767344404982 339616882.00000006 -0.31450790565230674 -0.19384343546912094 102.20234298706056 36.320087432861335 1.8626401102837102 1.6720925628239323 -0.0079721933743260292 -0.021915802294043604 29.496977616163228
decision_type=2 2 2 2 2 2 2 2 2 2 2 2 2 2 2 2 2 2 2 2
left_child=1 5 17 4 -4 15 14 -8 10 -10 11 13 -13 -2 -7 -1 -5 18 -3 -19
right_child=8 2 3 16 -6 6 7 -9 9 -11 -12 12 -14 -15 -16 -17 -18 19 -20 -21
leaf_value=0 -5.2258360736280384e-06 0 0 0 0.00015553153758890572 6.5522118453235194e-06 0 -0.00010688729354291713 0 -9.7101806200238273e-05 4.9507355269698079e-05 3.2520646167006268e-05 -2.8618383346233237e-06 -8.9899657170276314e-05 -1.4729858752269054e-05 0.00010094672365030688 4.6147231394232995e-05 0 5.9438797611449248e-05 -7.634736467690134e-05
leaf_weight=22 456 41 40 75 38 499 55 57 28 35 49 295 1983 35 192 20 29 20 64 35
leaf_count=22 456 41 40 75 38 499 55 57 28 35 49 295 1983 35 192 20 29 20 64 35
internal_value=0 5.15638e-06 2.50344e-05 4.94161e-05 9.46601e-05 0 -6.09505e-06 -4.75962e-05 -1.81275e-06 -4.81151e-05 0 -1.66749e-06 4.04517e-07 -1.73875e-05 0 5.82376e-05 0 0 1.13489e-05 -2.95311e-05
internal_weight=4068 1187 342 182 78 845 803 112 2881 63 2818 2769 2278 491 691 42 104 160 105 55
internal_count=4068 1187 342 182 78 845 803 112 2881 63 2818 2769 2278 491 691 42 104 160 105 55
is_linear=0
shrinkage=0.03


Tree=306
num_leaves=23
num_cat=0
split_feature=22 36 30 26 33 30 22 22 36 21 24 24 23 33 23 25 35 28 21 29 5 27
split_gain=4.40898e-05 0.000342109 0.000389236 0.0011281 0.000282685 0.000195619 0.000155686 0.000243255 0.00076251 0.000484511 0.000175561 0.000328637 0.000134325 0.000128353 0.000240695 0.000158184 0.000123146 9.43249e-05 0.00015921 3.54385e-05 4.01574e-06 2.3238e-10
threshold=31.977117536435404 -0.0059987850440006143 27.576016169813332 1.7074026598920427 -0.029926536138619449 19.396872268812743 39.013856365285108 40.452711830214255 -0.0069899415428036097 68.288635540008556 -1.6007076019208089 -0.80170470077513578 -0.57306789096248412 -0.032897816884321689 -0.089783580061723697 -0.092831181816067573 0.011179494643494573 84071286.500000015 48.697500006357835 45.709086295495865 8547416.5000000019 0.073256686998744755
decision_type=2 2 2 2 2 2 2 2 2 2 2 2 2 2 2 2 2 2 2 2 2 2
left_child=1 2 3 20 5 -3 10 8 -8 -10 19 16 -13 14 -9 -15 -12 18 -6 -2 -1 -19
right_child=6 4 -4 -5 17 -7 7 13 9 -11 11 12 -14 15 -16 -17 -18 21 -20 -21 -22 -23
leaf_value=8.3288524938272873e-06 0 -0.0001216813367215398 0 0.0002610739559040449 0 0 -2.5158458544992469e-05 0 0.00015588499831492789 0 0 7.6189013745679527e-06 -2.9624019368365005e-05 -1.4149136846454956e-05 6.2575570289585307e-05 6.0248374722281971e-07 -8.3060720797783691e-05 0 7.4564649521230447e-05 3.1521480082247019e-05 0 -8.3356025548293552e-08
leaf_weight=52 23 29 26 25 21 20 45 25 54 62 20 161 127 780 81 2264 102 22 41 32 26 30
leaf_count=52 23 29 26 25 21 20 45 25 54 62 20 161 127 780 81 2264 102 22 41 32 26 30
internal_value=0 1.14098e-05 5.171e-05 8.21342e-05 -2.10275e-06 -7.20386e-05 -6.61875e-07 7.74326e-07 3.70267e-05 8.69909e-05 -1.73364e-05 -2.69471e-05 0 -1.27337e-07 3.08439e-05 -2.19233e-06 -6.9723e-05 1.70147e-06 3.70452e-05 0 0 0
internal_weight=4068 292 129 103 163 49 3776 3311 161 116 465 410 288 3150 106 3044 122 114 62 55 78 52
internal_count=4068 292 129 103 163 49 3776 3311 161 116 465 410 288 3150 106 3044 122 114 62 55 78 52
is_linear=0
shrinkage=0.03


Tree=307
num_leaves=26
num_cat=0
split_feature=31 20 21 24 35 20 31 30 5 5 27 27 23 31 20 24 35 23 5 32 21 33 0 35 20
split_gain=4.36451e-05 0.000172239 0.00051349 0.00046844 0.000590322 0.000202061 0.000203334 0.00036797 0.000181641 0.000265583 0.000164389 0.000532674 0.000211539 0.000157364 0.000216185 0.000235174 0.000154103 0.000178173 0.000147403 0.000121725 0.000311852 0.000271072 1.65904e-05 1.64216e-05 1.5061e-05
threshold=0.0044593482766626122 67.330913066864028 58.760000101725261 -0.31301831403179009 0.015344367954956079 76.403366279602054 -0.0027808710242119279 77.787688051188226 13387555.500000002 9235246.0000000019 0.78611607209008461 0.63389702715393947 1.0833604736754057 0.0059627232154412244 95.088578414916995 0.99536473198514142 0.010748825392505702 -0.39118461465241688 3966282.5000000005 0.0067534876157865362 69.214195410410582 0.0021775292615677793 55.574693679809577 0.014776396899655696 72.163300514221206
decision_type=2 2 2 2 2 2 2 2 2 2 2 2 2 2 2 2 2 2 2 2 2 2 2 2 2
left_child=1 2 8 4 -4 6 7 -3 9 -1 11 -7 -12 14 15 18 17 -15 -2 21 -21 -18 -19 -5 -8
right_child=13 5 3 23 -6 10 24 -9 -10 -11 12 -13 -14 16 -16 -17 19 22 -20 20 -22 -23 -24 -25 -26
leaf_value=3.8231603371457585e-07 0 -6.2482254385987877e-05 0 1.8564351374157791e-05 0.00014794011766946103 0 1.5144460118933562e-05 0 6.8190118922796248e-05 -6.3616154407538698e-05 0 4.9378871856295581e-05 -5.2875671999049544e-05 0 0 0 -1.962872681229558e-06 9.1264131179058758e-05 -9.6173896058064813e-05 -3.1952576887786234e-05 0 4.5837254789627874e-05 0 -7.6227508395491926e-06 0
leaf_weight=764 44 180 43 34 72 888 59 29 35 59 108 222 99 44 32 24 185 36 76 378 418 124 20 52 43
leaf_count=764 44 180 43 34 72 888 59 29 35 59 108 222 99 44 32 24 185 36 76 378 418 124 20 52 43
internal_value=0 2.43358e-06 1.24048e-05 5.57537e-05 9.53621e-05 -2.21036e-06 -2.46442e-05 -4.21756e-05 0 -5.6808e-07 8.10967e-07 7.48139e-06 -2.04586e-05 -4.11327e-06 -3.06094e-05 -4.99522e-05 0 3.53935e-05 -6.89651e-05 -3.46884e-06 -1.15042e-05 7.52208e-06 7.13694e-05 0 0
internal_weight=4068 2687 1059 201 115 1628 311 209 858 823 1317 1110 207 1381 176 144 1205 100 120 1105 796 309 56 86 102
internal_count=4068 2687 1059 201 115 1628 311 209 858 823 1317 1110 207 1381 176 144 1205 100 120 1105 796 309 56 86 102
is_linear=0
shrinkage=0.03


Tree=308
num_leaves=23
num_cat=0
split_feature=29 3 19 20 28 34 36 24 19 23 29 5 29 35 22 23 27 34 24 29 25 24
split_gain=4.327e-05 0.000324685 0.000446812 0.000286993 0.000255676 0.000155995 0.000252885 0.000327549 0.000242553 0.000197644 0.000149471 0.000288672 0.000972293 0.000133127 0.000124981 0.000117156 0.000110968 9.64436e-05 8.93677e-05 5.72968e-05 5.67734e-05 1.94969e-06
threshold=24.583438863660096 38.675001144409187 51.299999618530286 63.567264842987065 191417628.50000003 -0.01227434942303973 -0.010605272479669524 -0.64374222137275161 43.81000022888184 -2.0013814298598684 43.23435284357538 3825615.5000000005 39.073994994283218 0.034265135692275621 47.778161639605578 -1.1874820062552371 0.46942725134976104 0.0072943996249422724 -0.43189177341342994 38.098009148324415 -0.23617874672881126 -0.70968062592704062
decision_type=2 2 2 2 2 2 2 2 2 2 2 2 2 2 2 2 2 2 2 2 2 2
left_child=1 -1 18 14 -5 6 7 -2 -8 -10 11 19 -13 17 -4 -15 -9 -12 21 -7 -20 -3
right_child=5 2 3 4 -6 10 8 16 9 -11 13 12 -14 15 -16 -17 -18 -19 20 -21 -22 -23
leaf_value=0.00010389288716046045 -4.7448714856758834e-05 -5.9780942834724014e-06 7.967677208657233e-05 -4.9901843694517867e-06 3.9532879590739031e-05 0 0 6.2423289986434952e-05 0 -4.7771223370875487e-05 -9.7500706182813403e-06 0 0.00011783611241802952 0 0 -4.9633833574842375e-05 0 4.4690587502145058e-06 0 -3.537121783021722e-05 -7.26943009526257e-05 0
leaf_weight=30 35 49 79 453 140 79 30 81 25 337 602 207 91 20 22 93 30 1480 41 42 76 26
leaf_count=30 35 49 79 453 140 79 30 81 25 337 602 207 91 20 22 93 30 1480 41 42 76 26
internal_value=0 5.97224e-06 0 1.37648e-05 4.67887e-07 -1.41013e-06 -1.64661e-05 1.60825e-06 -3.08477e-05 -4.04139e-05 5.41504e-07 1.76927e-05 3.61652e-05 -1.36644e-06 6.20834e-05 -3.30999e-05 4.41082e-05 0 -3.75333e-05 -3.02094e-06 -5.47529e-05 0
internal_weight=4068 916 886 694 593 3152 538 146 392 362 2614 419 298 2195 101 113 111 2082 192 121 117 75
internal_count=4068 916 886 694 593 3152 538 146 392 362 2614 419 298 2195 101 113 111 2082 192 121 117 75
is_linear=0
shrinkage=0.03


Tree=309
num_leaves=22
num_cat=0
split_feature=2 5 24 5 28 24 28 32 5 28 26 29 22 5 23 24 20 31 5 32 22
split_gain=4.47832e-05 0.000609205 0.000972798 0.000391172 0.000499637 0.000435027 0.000222993 0.000368196 0.000511371 0.000303454 0.00025415 0.000243388 0.000259368 0.000179062 0.000266933 0.000170282 0.00039223 0.00023227 0.000128342 0.000118584 6.53635e-05
threshold=52.324998855590827 13387555.500000002 0.27185792233853384 10361254.500000002 -40314767.999999993 -0.36102125300935312 54091819.000000007 0.0036263331983944496 9464545.5000000019 77330795.500000015 0.94222326361900055 83.869690886879866 43.767231862282962 13815146.500000002 0.91269705356382513 -0.31875600037798596 64.559594058990498 -0.0028954513909384967 11018160.000000002 -1.0000000180025095e-35 68.57636681131369
decision_type=2 2 2 2 2 2 2 2 2 2 2 2 2 2 2 2 2 2 2 2 2
left_child=1 3 -3 4 19 -6 7 15 10 11 -9 12 -8 18 -15 16 -2 -17 -11 -1 -10
right_child=6 2 -4 -5 5 -7 9 8 20 13 -12 -13 -14 14 -16 17 -18 -19 -20 -21 -22
leaf_value=-1.6866631762110627e-05 6.6024639123109379e-05 0.00025121603209476967 0 -9.3733637087692421e-05 0.00018862415963486297 2.7852850938196886e-07 0 0 4.7475410512937542e-05 -4.4439153455892907e-07 -8.1884003283361786e-05 0 7.1226257341657382e-05 -0.00010556249263524812 0 -4.7043935125950033e-05 0 0 4.1726273413859912e-05 5.6171404444249036e-06 0
leaf_weight=341 102 23 26 38 24 99 89 44 26 2138 182 21 144 36 28 122 79 80 66 340 20
leaf_count=341 102 23 26 38 24 99 89 44 26 2138 182 21 144 36 28 122 79 80 66 340 20
internal_value=0 6.17941e-06 0.000108902 0 4.6395e-06 6.15227e-05 -1.40572e-06 -1.75004e-05 -4.42176e-05 1.58535e-06 -6.62459e-05 3.31101e-05 4.62035e-05 -6.23818e-07 -5.02782e-05 0 2.2548e-05 -1.73989e-05 0 -1.23744e-06 0
internal_weight=4068 891 49 842 804 123 3177 655 272 2522 226 254 233 2268 64 383 181 202 2204 681 46
internal_count=4068 891 49 842 804 123 3177 655 272 2522 226 254 233 2268 64 383 181 202 2204 681 46
is_linear=0
shrinkage=0.03


Tree=310
num_leaves=21
num_cat=0
split_feature=33 23 31 29 5 35 34 23 23 26 23 36 28 34 21 26 3 35 28 36
split_gain=4.5675e-05 0.000218653 0.000323418 0.000216332 0.000574733 0.000168056 0.000236912 0.00011858 0.000368692 0.00037606 0.000198651 0.000168568 0.000156476 0.000128493 9.86164e-05 0.000202506 8.72226e-05 7.28661e-05 9.35935e-06 0.000277676
threshold=-0.037248309641346115 -0.17637863781201443 -0.015697883172858303 16.461413025919544 8547416.5000000019 0.019618672582740356 -0.015926378110669877 1.2007246295742002 1.5387861901627817 1.5369704538076139 0.3867785477447257 -0.0060642986801724306 82928143.000000015 0.013961200265326991 72.923333422342949 1.1990609222242676 64.46591949462892 0.024925282447962001 1.0000000180025095e-35 -0.0092151652653305102
decision_type=2 2 2 2 2 2 2 2 2 2 2 2 2 2 2 2 2 2 2 2
left_child=1 2 18 4 5 6 -2 10 9 -9 11 -5 -12 -10 15 -3 -4 -7 -1 -20
right_child=3 14 16 7 -6 17 -8 8 13 -11 12 -13 -14 -15 -16 -17 -18 -19 19 -21
leaf_value=1.8063782453701217e-05 3.7260374192475005e-05 0 -0.00012750410220511708 -1.7704814150473206e-05 0.00015652265357388872 -4.7868436500285552e-05 -7.2645175497577587e-06 0 -1.551047773946571e-05 -9.8372648560794343e-05 2.9142186823456868e-05 3.0446610173025216e-07 0 2.1432180219752971e-05 0 9.1888333777418341e-05 0 0 -8.3295726185081477e-05 0
leaf_weight=24 236 21 37 538 29 45 31 85 152 80 359 1595 482 172 32 32 38 24 36 20
leaf_count=24 236 21 37 538 29 45 31 85 152 80 359 1595 482 172 32 32 38 24 36 20
internal_value=0 -1.23813e-05 -3.88063e-05 1.05996e-06 2.33106e-05 2.84409e-06 2.08583e-05 -4.19582e-07 -1.46426e-05 -5.14295e-05 9.10736e-07 -2.83217e-06 1.39697e-05 0 5.4174e-07 4.08893e-05 -8.3582e-05 -2.3377e-05 0 -3.15826e-06
internal_weight=4068 240 155 3828 365 336 267 3463 489 165 2974 2133 841 324 85 53 75 69 80 56
internal_count=4068 240 155 3828 365 336 267 3463 489 165 2974 2133 841 324 85 53 75 69 80 56
is_linear=0
shrinkage=0.03


Tree=311
num_leaves=17
num_cat=0
split_feature=34 33 5 31 26 28 26 5 36 34 26 36 36 36 35 27
split_gain=4.29017e-05 0.000128969 0.000382354 0.00151554 0.00012406 0.000301797 0.000122078 0.000259426 0.000303374 0.000182363 0.000337146 0.00018669 0.000143956 6.89083e-05 3.92291e-05 2.99957e-05
threshold=-0.082334922536925467 -0.017218710139040912 10572990.000000002 -0.013057675727659311 0.93027487978439016 129653377.50000001 1.8971584223846636 6243040.0000000009 0.0205019261782706 -0.028366184589691475 1.1005814589788516 0.0091710659960516795 -0.0062499659914579848 0.0012666096784731331 0.029489410985210036 -0.046891588742924373
decision_type=2 2 2 2 2 2 2 2 2 2 2 2 2 2 2 2
left_child=15 2 4 14 13 -6 9 12 -9 10 -3 -11 -8 -2 -4 -1
right_child=1 6 3 -5 5 -7 7 8 -10 11 -12 -13 -14 -15 -16 -17
leaf_value=0 -3.5952058121238241e-05 0 -3.6629126588090417e-05 0.00025008778999314747 2.7883697680805873e-05 -9.9777010942606491e-06 0 -3.2739736128003957e-05 5.8484836928180646e-05 1.2425374344615671e-06 -7.208201346855241e-05 -1.7935764565673502e-05 5.6337896895869693e-05 0 6.2217688837919269e-06 -5.3898314703087311e-05
leaf_weight=26 94 36 25 29 388 220 77 149 33 2141 99 529 134 24 42 22
leaf_count=26 94 36 25 29 388 220 77 149 33 2141 99 529 134 24 42 22
internal_value=0 5.91496e-07 1.16681e-05 6.88876e-05 0 9.25106e-06 -1.31781e-06 1.26178e-05 0 -4.34014e-06 -3.9564e-05 -1.43418e-06 3.745e-05 -2.24667e-05 0 -2.78117e-05
internal_weight=4068 4020 822 96 726 608 3198 393 182 2805 135 2670 211 118 67 48
internal_count=4068 4020 822 96 726 608 3198 393 182 2805 135 2670 211 118 67 48
is_linear=0
shrinkage=0.03


Tree=312
num_leaves=29
num_cat=0
split_feature=0 0 31 20 0 5 22 36 36 28 32 24 32 32 32 28 36 0 36 35 32 25 21 31 32 5 20 27
split_gain=4.46651e-05 0.000190075 0.000241218 0.00027797 0.000319293 0.000186112 0.000434322 0.000175192 0.000680173 0.000147001 0.000337555 0.000501515 0.000436642 0.000360134 0.000205046 0.000147252 0.000324481 0.000269885 0.000172098 0.000189795 0.000147672 0.000145766 0.000142759 5.83489e-05 0.000224068 0.000159387 3.57116e-06 5.90847e-08
threshold=40.115802764892585 37.929924011230476 -0.0021739122079927338 51.576250171661378 39.50703430175782 12488395.500000002 37.153168607523234 0.01004051031451089 0.0030241982045188715 -19454705.999999996 -0.00093763242611988307 -0.34589281635848412 -0.017828782574912268 0.0086132385593618039 0.025191257489927236 82928143.000000015 -0.013356990303656712 41.100719451904304 -0.0012172673639697449 0.028019651060013258 0.0090045270814751461 -0.25402133425007767 54.677916717529307 -0.0079721933743260292 -0.021915802294043604 5407116.5000000009 48.81000022888184 0.3472671859829442
decision_type=2 2 2 2 2 2 2 2 2 2 2 2 2 2 2 2 2 2 2 2 2 2 2 2 2 2 2 2
left_child=1 5 23 26 -5 7 -7 8 -1 10 11 27 -13 22 -15 16 -11 -18 19 -17 -20 -9 -12 24 -3 -25 -4 -2
right_child=9 2 3 4 -6 6 -8 21 -10 15 13 12 -14 14 -16 18 17 -19 20 -21 -22 -23 -24 25 -26 -27 -28 -29
leaf_value=-1.6903908408675824e-05 1.5172343769159046e-06 0 7.1369236098637803e-06 0.00013299607728606231 0 0 0.00016263654997655702 0 5.2814984845808047e-05 -3.4261348875217984e-05 7.6993209595471715e-05 0 -0.00011897019147662714 -4.9106658601324146e-05 0 1.1538486109557798e-05 0 4.047587172428631e-05 -2.1079043812034359e-05 -2.76117811942025e-05 0 -5.5597157919189698e-05 0 -7.3597916566474553e-05 5.7633535349812409e-05 0 0 0
leaf_weight=511 23 41 63 54 30 21 20 24 167 47 63 37 91 109 20 882 33 366 629 97 443 102 21 34 64 21 35 20
leaf_count=511 23 41 63 54 30 21 20 24 167 47 63 37 91 109 20 882 33 366 629 97 443 102 21 34 64 21 35 20
internal_value=0 5.12821e-06 2.43168e-05 4.79899e-05 8.92268e-05 0 5.85236e-05 -5.76595e-06 0 -1.76543e-06 -1.91787e-05 -5.10028e-05 -8.3654e-05 0 -2.46666e-05 0 1.64107e-05 2.99035e-05 -2.45753e-06 4.59299e-06 -1.16945e-05 -3.82411e-05 5.40369e-05 0 1.03482e-05 -2.73644e-05 0 0
internal_weight=4068 1187 342 182 84 845 41 804 678 2881 384 171 128 213 129 2497 446 399 2051 979 1072 126 84 160 105 55 98 43
internal_count=4068 1187 342 182 84 845 41 804 678 2881 384 171 128 213 129 2497 446 399 2051 979 1072 126 84 160 105 55 98 43
is_linear=0
shrinkage=0.03


Tree=313
num_leaves=16
num_cat=0
split_feature=2 5 24 5 26 27 32 5 5 35 31 32 21 23 36
split_gain=4.4594e-05 0.000551456 0.000914017 0.00036992 0.000221428 0.000296892 0.000212292 0.000190674 0.000271705 0.000405289 0.000442181 0.000231038 0.000758269 0.000209978 0.000193247
threshold=52.324998855590827 13387555.500000002 0.27185792233853384 10361254.500000002 1.0832760508230568 0.58886083748296869 0.0049291548863589227 13815146.500000002 10572990.000000002 0.015992363654804009 -0.013720130358082892 0.016655968948991132 60.659583250681571 0.91269705356382513 0.0035538660346172007
decision_type=2 2 2 2 2 2 2 2 2 2 2 2 2 2 2
left_child=1 3 -3 4 6 -6 -1 8 11 -10 -11 14 -13 -9 -2
right_child=7 2 -4 -5 5 -7 -8 13 9 10 -12 12 -14 -15 -16
leaf_value=-1.4852218560022497e-05 -3.2687468194427715e-06 0.00024197369980226665 0 -9.0875950766595323e-05 7.5922357632726529e-05 0 1.9545221728993768e-05 -7.6887161914677613e-05 0 0 0.00011441192828931391 -0.00010474326104249996 0 0 1.5161405294035675e-05
leaf_weight=426 1802 23 26 38 84 40 254 62 20 33 76 82 383 43 676
leaf_count=426 1802 23 26 38 84 40 254 62 20 33 76 82 383 43 676
internal_value=0 6.14138e-06 0.000103888 0 4.76815e-06 4.18707e-05 0 -1.43314e-06 0 4.25224e-05 7.40471e-05 -1.94217e-06 -2.16642e-05 -4.1169e-05 5.48815e-07
internal_weight=4068 891 49 842 804 124 680 3177 3072 129 109 2943 465 105 2478
internal_count=4068 891 49 842 804 124 680 3177 3072 129 109 2943 465 105 2478
is_linear=0
shrinkage=0.03


Tree=314
num_leaves=16
num_cat=0
split_feature=34 27 5 30 28 27 29 20 25 20 27 0 24 28 35
split_gain=4.37143e-05 0.000122535 0.000620955 0.00125519 0.000105733 0.000364528 0.000379347 0.00022214 0.000348899 0.000260355 9.06401e-05 6.89572e-05 4.45817e-05 6.39255e-05 5.57427e-05
threshold=-0.082334922536925467 0.10980767911896962 11355735.500000002 29.924509543828758 252813886.00000003 0.44502258054230531 39.456519150453325 87.104483222961434 -0.092831181816067573 85.69470157623293 0.62064419443399521 36.978618621826179 0.58036276994188862 134386546.00000003 0.018518536370957388
decision_type=2 2 2 2 2 2 2 2 2 2 2 2 2 2 2
left_child=11 2 12 -4 7 6 -6 9 -9 -3 -7 -1 13 -2 -14
right_child=1 4 3 -5 5 10 -8 8 -10 -11 -12 -13 14 -15 -16
leaf_value=0 2.9044892552027016e-07 -1.1191635824485254e-06 0.00027899139848017645 0 0.00010673699135681057 -2.9833379877107103e-05 0 -4.6258834013309901e-05 0 4.7383242989976092e-05 3.9279220856343232e-06 -6.3225710634661608e-05 5.9977418992761024e-05 -2.5994418612645076e-05 0
leaf_weight=23 356 2269 23 20 64 88 56 257 448 103 205 25 25 85 21
leaf_count=23 356 2269 23 20 64 88 56 257 448 103 205 25 25 85 21
internal_value=0 5.15274e-07 1.43717e-05 0.000124527 -7.29778e-07 1.21308e-05 5.69021e-05 -3.43123e-06 -1.83009e-05 0 0 -2.8209e-05 0 0 2.95019e-05
internal_weight=4068 4020 530 43 3490 413 120 3077 705 2372 293 48 487 441 46
internal_count=4068 4020 530 43 3490 413 120 3077 705 2372 293 48 487 441 46
is_linear=0
shrinkage=0.03


Tree=315
num_leaves=21
num_cat=0
split_feature=33 23 31 29 5 32 23 23 26 23 5 2 5 5 21 26 24 2 28 36
split_gain=4.55043e-05 0.000211099 0.000319605 0.000197045 0.000509665 0.000138795 0.000115384 0.000343412 0.000349388 0.000190634 0.000181707 0.000164059 0.000114993 0.000110273 8.83743e-05 0.00015575 8.65685e-05 6.42838e-05 6.45112e-06 0.000262601
threshold=-0.037248309641346115 -0.17637863781201443 -0.015697883172858303 16.461413025919544 8547416.5000000019 -0.015675090212075578 1.2007246295742002 1.5387861901627817 1.5369704538076139 0.3867785477447257 12912490.500000002 46.274999618530281 4945574.5000000009 3659630.5000000005 82.347647984822615 1.1990609222242676 1.5588513234979249 66.558120727539077 1.0000000180025095e-35 -0.0092151652653305102
decision_type=2 2 2 2 2 2 2 2 2 2 2 2 2 2 2 2 2 2 2 2
left_child=1 2 18 4 5 12 9 8 -8 10 -5 -11 -2 -7 15 -3 -9 -4 -1 -20
right_child=3 14 17 6 -6 13 7 16 -10 11 -12 -13 -14 -15 -16 -17 -18 -19 19 -21
leaf_value=1.5333298344625908e-05 0 0 -0.000124258632262393 0 0.00014796869976316411 1.9319626535873874e-05 0 2.829803712391018e-05 -9.51730686879801e-05 -5.2048463149162302e-06 -5.8160462453869285e-05 2.0163373934432728e-05 6.0905591029519712e-05 -2.027191716620647e-05 0 7.4020865108729837e-05 -5.5844630928864818e-06 0 -8.0936420291282963e-05 0
leaf_weight=24 27 21 37 2080 29 62 85 88 80 96 53 745 62 185 24 40 236 38 36 20
leaf_count=24 27 21 37 2080 29 62 85 88 80 96 53 745 62 185 24 40 236 38 36 20
internal_value=0 -1.24711e-05 -3.82846e-05 9.71271e-07 2.22279e-05 2.40856e-06 -4.03477e-07 -1.44425e-05 -4.98993e-05 8.96584e-07 -2.74578e-06 1.37006e-05 3.7734e-05 0 0 3.60798e-05 0 -8.28083e-05 0 -1.5789e-06
internal_weight=4068 240 155 3828 365 336 3463 489 165 2974 2133 841 89 247 85 61 324 75 80 56
internal_count=4068 240 155 3828 365 336 3463 489 165 2974 2133 841 89 247 85 61 324 75 80 56
is_linear=0
shrinkage=0.03


Tree=316
num_leaves=26
num_cat=0
split_feature=25 25 26 1 23 5 33 0 27 27 29 26 5 25 2 25 21 34 34 0 28 23 29 29 25
split_gain=4.28209e-05 0.000188176 0.000476382 0.000780464 0.000534023 0.000157302 0.000401271 0.000368581 0.000162399 0.000258021 0.0002547 0.000150417 0.000134311 0.000125986 0.000312797 0.00024117 0.00019165 0.000226906 0.000112045 0.00010973 9.23246e-05 9.12538e-05 2.5334e-06 3.29613e-06 1.37583e-06
threshold=-0.31450790565230674 -0.23617874672881126 1.4604364290436145 90.173713684082045 -0.92155634917417817 8647715.5000000019 0.0043525452260123618 34.956405639648445 0.20865613214960807 0.15897588525640846 32.407648335463129 1.4305414078475056 15989590.500000002 -0.092831181816067573 39.125000000000007 -0.070628687365300022 50.134583346048998 -0.0040329455951642048 -0.032182840574991038 35.613018035888679 142107001.50000003 -1.0743536505414182 26.703152736780662 50.934007557735505 -0.26336641503878105
decision_type=2 2 2 2 2 2 2 2 2 2 2 2 2 2 2 2 2 2 2 2 2 2 2 2 2
left_child=5 2 22 4 -4 8 7 -7 9 18 20 -12 -9 16 -15 -16 19 -18 -1 -3 -10 -11 24 -24 -2
right_child=1 13 3 -5 -6 6 -8 12 10 21 11 -13 -14 14 15 -17 17 -19 -20 -21 -22 -23 23 -25 -26
leaf_value=1.6756052808514987e-05 5.073774705946891e-06 0 0.00026176861175550037 0 4.164726378162864e-06 0 8.8344899990539464e-06 -0.0001016929774084797 0 0 0 -7.4362757778598894e-05 0 0.00011562725875686802 4.8235754420270315e-05 -4.5535564819233107e-07 -4.1155586094601293e-05 0 -1.8919400271878329e-05 3.4148425901158978e-05 4.8654874752904483e-05 9.6201282192719505e-05 -1.0907336092256259e-05 0 0
leaf_weight=183 48 34 26 38 51 20 28 95 33 21 27 82 25 22 93 2410 280 160 138 86 35 40 44 21 28
leaf_count=183 48 34 26 38 51 20 28 95 33 21 27 82 25 22 93 2410 280 160 138 86 35 40 44 21 28
internal_value=0 1.56575e-06 2.63302e-05 7.25778e-05 0.000130285 -6.46051e-06 -3.198e-05 -6.15567e-05 0 1.21886e-05 -2.24668e-05 -5.40413e-05 -8.47484e-05 0 2.35581e-06 1.57124e-07 -1.33199e-05 -2.47786e-05 0 3.70175e-06 0 6.87728e-05 0 -5.9181e-06 0
internal_weight=4068 3341 256 115 77 727 168 140 559 382 177 109 120 3085 2525 2503 560 440 321 120 68 61 141 65 76
internal_count=4068 3341 256 115 77 727 168 140 559 382 177 109 120 3085 2525 2503 560 440 321 120 68 61 141 65 76
is_linear=0
shrinkage=0.03


Tree=317
num_leaves=25
num_cat=0
split_feature=31 22 23 32 0 0 31 23 32 5 20 26 0 19 36 23 22 22 0 21 5 21 22 5
split_gain=4.29169e-05 0.000176152 0.000232739 0.0003888 0.000202279 0.000285183 0.000255775 0.000186715 0.000181069 0.000184125 0.000161894 0.000479669 0.000303289 0.000182431 0.000288393 0.000316814 0.000230911 0.000345129 0.000149145 0.000128863 0.000110764 0.000102468 8.98823e-05 1.31737e-05
threshold=0.0044593482766626122 61.949128935535349 -0.16970088142718606 0.019599135506051749 54.097967147827156 37.431978225708015 0.0086876854828191758 2.2922403228279369 0.051092118114092318 6989406.0000000009 67.330913066864028 1.9163568377155504 57.307289123535163 78.729526519775405 0.0017099020141778654 -0.74524455748730023 31.633850576871158 30.030431029200525 36.320087432861335 82.347647984822615 4585936.0000000009 71.042083613077821 47.856506496963071 6068336.0000000009
decision_type=2 2 2 2 2 2 2 2 2 2 2 2 2 2 2 2 2 2 2 2 2 2 2 2
left_child=10 2 4 21 5 -2 -6 8 9 -3 11 12 18 14 15 -12 17 -15 -1 -18 -5 -4 -16 -9
right_child=1 7 3 20 6 -7 -8 23 -10 -11 13 -13 -14 16 22 -17 19 -19 -20 -21 -22 -23 -24 -25
leaf_value=2.0043984578404603e-05 -6.5641422266036084e-06 0 -2.3296966467087731e-05 0 -6.8868823647218509e-05 3.4772950274489555e-05 0 0 0 6.1601948388753091e-05 -7.926334506272838e-05 0.00012436662063420518 8.9948551429340205e-05 0 4.2146426834281718e-05 0 2.2539790520900072e-05 0.00014128364749044049 -5.349196216786904e-06 -6.2681134485284739e-06 -0.00010702994620954265 0 0 -2.746198956436022e-05
leaf_weight=284 155 147 178 20 75 253 112 22 30 135 113 36 37 71 47 204 152 26 702 985 70 145 30 39
leaf_count=284 155 147 178 20 75 253 112 22 30 135 113 36 37 71 47 204 152 26 702 985 70 145 30 39
internal_value=0 -4.12047e-06 -1.21327e-05 -2.94326e-05 0 1.172e-05 -2.59501e-05 9.48852e-06 2.4281e-05 3.50705e-05 2.37654e-06 1.20532e-05 5.15679e-06 -2.07577e-06 -2.0687e-05 -3.66286e-05 1.43682e-06 4.65457e-05 0 0 -8.83526e-05 -3.70796e-06 5.99471e-06 -1.69872e-05
internal_weight=4068 1381 1008 413 595 408 187 373 312 282 2687 1059 1023 1628 394 317 1234 97 986 1137 90 323 77 61
internal_count=4068 1381 1008 413 595 408 187 373 312 282 2687 1059 1023 1628 394 317 1234 97 986 1137 90 323 77 61
is_linear=0
shrinkage=0.03


Tree=318
num_leaves=17
num_cat=0
split_feature=25 34 27 35 33 31 28 19 2 0 36 31 36 26 23 33
split_gain=4.50018e-05 0.000242559 0.000199856 0.000374161 0.000162276 0.000158702 0.000346128 0.000427687 0.000307647 0.000286728 0.000602153 0.000285055 7.07152e-05 5.70446e-05 2.4976e-05 1.92181e-05
threshold=0.56639309739550114 0.027164179848933049 1.0357511633457377 0.02374388594716631 -1.0000000180025095e-35 0.0023584664687841266 135626376.50000003 68.264999389648452 104.54999923706056 36.16687202453614 0.0029251856848195854 0.00070386196325233918 0.00098912333038867774 1.2446755089682997 0.3867785477447257 0.015733416351545241
decision_type=2 2 2 2 2 2 2 2 2 2 2 2 2 2 2 2
left_child=2 4 5 -4 -2 9 7 -7 -8 10 -1 -11 14 -5 -3 -14
right_child=1 12 3 13 -6 6 8 -9 -10 11 -12 -13 15 -15 -16 -17
leaf_value=1.6876148990727655e-06 0 -2.6059668459099487e-05 0 0 6.7343908955945283e-05 -1.4361117680470037e-05 -4.3029150523438817e-05 2.53689424882525e-05 0 -3.7444880981531509e-06 0.00012764529646159777 3.3169039415004443e-05 0 0.00015726923544939558 0 -6.4780963020218555e-05
leaf_weight=281 23 33 70 20 34 599 368 406 68 1733 52 211 20 23 49 78
leaf_count=281 23 33 70 20 34 599 368 406 68 1733 52 211 20 23 49 78
internal_value=0 -1.25108e-05 9.40755e-07 4.02535e-05 1.22739e-05 0 -8.03946e-06 0 -3.04615e-05 4.67135e-06 3.03954e-05 0 -3.70192e-05 0.000109841 0 -5.62556e-05
internal_weight=4068 237 3831 113 57 3718 1441 1005 436 2277 333 1944 180 43 82 98
internal_count=4068 237 3831 113 57 3718 1441 1005 436 2277 333 1944 180 43 82 98
is_linear=0
shrinkage=0.03


Tree=319
num_leaves=17
num_cat=0
split_feature=25 34 32 35 33 32 34 19 25 26 5 28 5 21 32 31
split_gain=4.22192e-05 0.000229346 0.000205452 0.000353205 0.000153932 0.000153609 0.000181085 0.000280564 0.000105599 0.000291579 0.000235779 5.82863e-05 0.000221157 3.58381e-05 1.812e-08 3.36778e-09
threshold=0.56639309739550114 0.027164179848933049 0.039764912656418468 0.026736704560685109 -1.0000000180025095e-35 0.025668455102732638 0.02102297647248497 67.929999542236331 -0.31450790565230674 1.5618675001874041 8647715.5000000019 85033919.000000015 10572990.000000002 95.953549194335963 0.045010313639756057 0.015055012040590234
decision_type=2 2 2 2 2 2 2 2 2 2 2 2 2 2 2 2
left_child=2 4 5 14 -2 8 7 -7 10 -10 -1 12 -3 15 -4 -13
right_child=1 11 3 -5 -6 6 -8 -9 9 -11 -12 13 -14 -15 -16 -17
leaf_value=0 0 -0.00011141415374130819 0 9.7651076653550007e-05 6.5329514390616904e-05 -0.00011406303802754003 0 0 -2.2327679814149944e-08 2.008667098536533e-05 -4.1140245770490936e-05 2.2457214290261945e-07 0 -3.1698662678876488e-05 -8.226050058171021e-07 0
leaf_weight=538 23 39 21 53 34 42 124 39 2043 797 150 60 26 32 24 23
leaf_count=538 23 39 21 53 34 42 124 39 2043 797 150 60 26 32 24 23
internal_value=0 -1.20524e-05 9.63455e-07 4.38307e-05 1.10709e-05 0 -2.53933e-05 -6.0335e-05 1.30366e-06 4.56514e-06 -7.7983e-06 -3.60342e-05 -6.63176e-05 0 0 0
internal_weight=4068 237 3831 98 57 3733 205 81 3528 2840 688 180 65 115 45 83
internal_count=4068 237 3831 98 57 3733 205 81 3528 2840 688 180 65 115 45 83
is_linear=0
shrinkage=0.03


Tree=320
num_leaves=20
num_cat=0
split_feature=27 27 5 34 5 34 30 36 30 36 5 5 0 0 32 27 5 32 28
split_gain=4.29685e-05 0.00034061 0.0020625 0.000112363 0.000205805 0.000122801 0.000139714 0.000195237 0.000174628 0.000103193 0.000147564 0.000146154 8.42327e-05 0.000185724 8.42258e-05 6.84594e-05 6.31405e-05 0.00017894 6.97154e-06
threshold=0.093378592212026726 0.04550557839157638 8445113.0000000019 -0.040034825838464731 8841219.0000000019 -0.034248688152016864 23.846528084729382 0.0024783531854090045 27.213126826962988 -0.0046775706764952745 8547416.5000000019 5620697.5000000009 45.827568054199226 36.978618621826179 -0.047393386028452104 0.22824194470976134 4627095.5000000009 -0.021642842738210984 1.0000000180025095e-35
decision_type=2 2 2 2 2 2 2 2 2 2 2 2 2 2 2 2 2 2 2
left_child=1 9 16 4 18 15 7 -7 -8 10 11 -1 13 -11 -12 -5 -3 -18 -2
right_child=3 2 -4 5 -6 6 8 -9 -10 12 14 -13 -14 -15 -16 -17 17 -19 -20
leaf_value=0 -1.355599689067278e-05 2.8394924584448685e-05 0.00030198717804304882 0 -8.8411134576225371e-05 -4.1383517530595832e-05 3.4757154385697863e-05 0 -2.5768215010070134e-07 0 0 5.3857402769843793e-05 0 -8.7996274988314728e-05 -3.5252315968635581e-05 6.8641983353470926e-05 0 -5.6030645867251795e-05 3.6173302812387954e-07
leaf_weight=56 34 40 24 33 37 177 130 143 2908 29 20 90 62 43 65 36 21 59 61
leaf_count=56 34 40 24 33 37 177 130 143 2908 29 20 90 62 43 65 36 21 59 61
internal_value=0 8.29496e-06 4.8687e-05 -1.01162e-06 -2.81621e-05 0 -7.79648e-07 -1.99646e-05 2.54284e-07 0 3.01244e-06 2.98074e-05 -2.6018e-05 -4.80675e-05 -7.74009e-06 3.96219e-05 0 -1.74873e-05 0
internal_weight=4068 509 144 3559 132 3427 3358 320 3038 365 231 146 134 72 85 69 120 80 95
internal_count=4068 509 144 3559 132 3427 3358 320 3038 365 231 146 134 72 85 69 120 80 95
is_linear=0
shrinkage=0.03


Tree=321
num_leaves=23
num_cat=0
split_feature=2 34 3 0 32 31 3 33 32 33 24 34 36 36 32 26 24 30 36 35 0 26
split_gain=4.09579e-05 0.000302444 0.00056621 0.000191756 0.000298711 0.00081025 0.000273967 0.000269336 0.000154015 0.000554886 0.000396497 0.000187323 0.000238146 0.000417563 0.000182784 0.000156313 0.000276678 0.000262556 0.000127513 0.000167716 9.60171e-05 3.70903e-05
threshold=52.324998855590827 0.047081115898741095 44.274999618530281 35.744647979736335 -0.0052044768354195794 0.0012594955081958183 45.074998855590827 0.0043525452260123618 0.016655968948991132 0.012665525487306041 -0.69643886951573442 0.039777375828501167 0.0034217390543317696 0.0074813337468389264 0.0079636069400269589 1.574835848694806 0.59459285511226845 62.724156500402678 -0.0071298255315945819 0.012450137806712749 39.436359405517585 0.96823016828572672
decision_type=2 2 2 2 2 2 2 2 2 2 2 2 2 2 2 2 2 2 2 2 2 2
left_child=1 3 -3 4 21 -6 7 -5 11 10 -10 12 14 -14 -2 16 -11 -17 -13 -20 -8 -1
right_child=8 2 -4 6 5 -7 20 -9 9 15 -12 18 13 -15 -16 17 -18 -19 19 -21 -22 -23
leaf_value=-1.8841462952728976e-05 -5.4959721221792456e-06 0 0.00020100946696266641 -5.9009486972840399e-05 0.00015539698954523322 0 2.6850325050211138e-05 0 0 0 -0.00011039060603916005 0 4.4557337924783852e-05 0 2.4153406494464859e-05 -4.8564279647537031e-05 6.0557316913193953e-05 0 0 -7.4268996153535149e-05 0 1.0010170022413472e-05
leaf_weight=86 1598 31 20 149 47 76 124 112 27 130 82 39 313 357 200 133 85 114 26 73 218 28
leaf_count=86 1598 31 20 149 47 76 124 112 27 130 82 39 313 357 200 133 85 114 26 73 218 28
internal_value=0 5.83578e-06 7.69461e-05 0 2.42402e-05 5.75817e-05 -7.42667e-06 -3.25586e-05 -1.43194e-06 -1.5892e-05 -7.68079e-05 5.85731e-07 3.5996e-06 1.91526e-05 -5.28345e-07 0 1.71231e-05 -1.77229e-05 -3.15546e-05 -5.04537e-05 2.98748e-06 0
internal_weight=4068 891 51 840 237 123 603 261 3177 571 109 2606 2468 670 1798 462 215 247 138 99 342 114
internal_count=4068 891 51 840 237 123 603 261 3177 571 109 2606 2468 670 1798 462 215 247 138 99 342 114
is_linear=0
shrinkage=0.03


Tree=322
num_leaves=27
num_cat=0
split_feature=27 25 25 30 33 27 36 25 26 26 26 5 26 5 5 29 36 32 25 28 28 26 28 23 25 33
split_gain=4.15843e-05 0.000247313 0.000384945 0.000183907 0.000583 0.000180625 0.000205918 0.000158724 0.000345907 0.000135653 0.000274731 0.000294715 0.000242431 0.000198642 0.000469356 0.00013431 0.000124335 0.000239747 0.00011329 0.000173521 0.000238541 9.95275e-05 7.84179e-05 7.07112e-05 1.50348e-05 4.61847e-05
threshold=0.53591499484055627 -0.01492927551327594 -0.0094572739508467906 51.046915444050974 0.0049444051726511571 0.66365047970207536 -0.0094187812658998952 0.4730744690758471 1.3481246776573741 1.2833335066642875 1.6296736366847682 4656219.0000000009 1.4895399899934352 3804303.0000000005 5007517.0000000009 77.70023874042343 -0.017398179524935217 0.0076110886374998197 0.15816124710449075 1.0000000180025095e-35 108219423.50000001 2.1187424242851032 -163452757.99999997 0.048458716008383369 0.36556379617442508 -0.013870378816770333
decision_type=2 2 2 2 2 2 2 2 2 2 2 2 2 2 2 2 2 2 2 2 2 2 2 2 2 2
left_child=1 9 -3 4 -4 18 16 15 -9 13 12 -12 -11 23 -15 -8 -7 -18 19 22 -21 -5 -2 -1 25 -20
right_child=5 2 3 21 -6 6 7 8 -10 10 11 -13 -14 14 -16 -17 17 -19 24 20 -22 -23 -24 -25 -26 -27
leaf_value=2.3570810686810853e-05 0 0.0001567004073198676 0 -1.6822670152813877e-05 0.00011989133886856183 0 -3.2009766496221371e-06 3.1749355299494304e-05 -4.1785573543529463e-05 0 2.2324550362628079e-05 -2.3919765610406672e-05 4.7217477906163115e-05 -6.4561448359329787e-05 0 1.8141497508349934e-05 8.5911949744120003e-05 0 0 2.4518467292761091e-05 -3.4978066456934163e-05 3.3179022078797546e-05 -8.5219884852458542e-05 0 -1.1868013384818894e-05 2.4043932547229626e-05
leaf_weight=117 26 22 205 211 51 56 652 29 244 275 126 401 203 170 325 352 69 29 20 78 137 27 70 40 50 83
leaf_count=117 26 22 205 211 51 56 652 29 244 275 126 401 203 170 325 352 69 29 20 78 137 27 70 40 50 83
internal_value=0 2.99737e-06 2.15872e-05 9.46789e-06 2.86224e-05 -3.07353e-06 2.27225e-07 -1.54701e-06 -2.29804e-05 -9.82185e-07 3.79272e-06 -7.16959e-06 2.21526e-05 -1.29423e-05 -2.40593e-05 1.29496e-06 3.43989e-05 5.47672e-05 -1.97152e-05 -3.01262e-05 0 0 -6.75512e-05 3.00506e-06 0 7.92469e-06
internal_weight=4068 2173 516 494 256 1895 1431 1277 273 1657 1005 527 478 652 495 1004 154 98 464 311 215 238 96 157 153 103
internal_count=4068 2173 516 494 256 1895 1431 1277 273 1657 1005 527 478 652 495 1004 154 98 464 311 215 238 96 157 153 103
is_linear=0
shrinkage=0.03


Tree=323
num_leaves=20
num_cat=0
split_feature=27 23 5 23 24 27 5 0 34 27 23 0 34 35 35 5 27 0 24
split_gain=4.2502e-05 0.000331021 0.000558259 0.000701531 0.00014253 0.000493942 0.000251181 0.00021959 0.000102329 0.000197345 0.000329207 0.00059106 0.000117229 8.8357e-05 0.000222409 0.00014341 6.37352e-05 6.20628e-05 5.56994e-07
threshold=0.093378592212026726 -0.33228141515488824 6411184.5000000009 -0.035806334777713993 -1.4713940599965227 0.018310533298495923 7046023.5000000009 36.395023345947273 -0.040034825838464731 0.28482007132062293 -0.67134921678173487 41.175434112548835 -0.034248688152016864 0.013098387611117731 0.010748825392505702 4291962.5000000009 0.22824194470976134 35.286781311035163 0.45862726025836659
decision_type=2 2 2 2 2 2 2 2 2 2 2 2 2 2 2 2 2 2 2
left_child=1 4 18 -4 5 -1 17 -8 9 10 -2 -12 16 14 -14 -15 -10 -6 -3
right_child=8 2 3 -5 6 -7 7 -9 12 -11 11 -13 13 15 -16 -17 -18 -19 -20
leaf_value=0 0 -3.3715310573392131e-06 0.00024173702034889163 0 -2.7025905183527139e-05 0.00014689842780039517 0 -6.7330559815152101e-05 0 0 -0.00020945429545456165 0 7.387603242263408e-08 -9.3873543312937982e-06 -2.3467337122186599e-05 6.772772652246546e-06 6.6779594487250042e-05 1.4413653885154268e-05 0
leaf_weight=22 32 44 25 34 26 24 26 105 33 53 25 22 497 601 503 1757 36 177 26
leaf_count=22 32 44 25 34 26 24 26 105 33 53 25 22 497 601 503 1757 36 177 26
internal_value=0 8.29545e-06 5.07841e-05 0.000118891 0 4.04717e-05 -1.25674e-05 -4.61178e-05 -9.50926e-07 -2.68613e-05 -5.87399e-05 -0.000109932 0 -7.4804e-07 -8.76882e-06 1.38149e-06 3.87255e-05 0 0
internal_weight=4068 509 129 59 380 46 334 131 3559 132 79 47 3427 3358 1000 2358 69 203 70
internal_count=4068 509 129 59 380 46 334 131 3559 132 79 47 3427 3358 1000 2358 69 203 70
is_linear=0
shrinkage=0.03


Tree=324
num_leaves=21
num_cat=0
split_feature=30 30 35 27 33 26 22 33 33 0 0 22 30 31 35 22 29 30 19 35
split_gain=4.01036e-05 0.000106197 0.000116606 0.000112019 0.00035672 0.000269451 0.000156508 0.000148925 0.00033981 0.000191282 0.000111869 0.000117987 9.36179e-05 0.000147726 0.000121653 0.000104308 4.64576e-05 2.78284e-05 3.85394e-05 2.35944e-05
threshold=84.583542286369564 78.54768442874105 0.020436185515274593 0.82109419059962352 0.014045851834691427 1.0236802910843532 72.486111084843003 0.0031283041058096654 0.019615545954916439 41.72688293457032 56.477991104125984 51.102734257089374 91.219163533805968 0.013709692463304448 0.012370155027103071 69.033089674614402 91.209986124242448 80.149323476235267 77.159999847412124 0.02453110000875482
decision_type=2 2 2 2 2 2 2 2 2 2 2 2 2 2 2 2 2 2 2 2
left_child=1 3 10 7 5 -5 -6 9 -9 -1 11 -3 13 14 -2 -16 -14 -4 -19 -15
right_child=12 2 17 4 6 -7 -8 8 -10 -11 -12 -13 16 19 15 -17 -18 18 -20 -21
leaf_value=-1.3797279386595536e-05 0 0 1.0625685720299108e-05 0 -2.2780111416964679e-06 -7.2116221029006403e-05 6.3984584154785107e-05 2.4543329199913872e-05 -8.4927441510642464e-06 3.992209959362912e-06 0 6.5803237293633168e-05 4.2544512103962573e-05 0 -6.6555948521884668e-05 0 0 -3.6652804987096926e-05 0 2.7992450855534885e-05
leaf_weight=832 43 21 28 25 241 126 34 699 295 1240 65 95 23 27 102 41 41 42 21 27
leaf_count=832 43 21 28 25 241 126 34 699 295 1240 65 95 23 27 102 41 41 42 21 27
internal_value=0 1.08067e-06 1.91681e-05 0 -1.47147e-05 -5.23004e-05 0 1.67054e-06 1.17212e-05 -1.70357e-06 3.36381e-05 5.13052e-05 -1.02095e-05 -2.19759e-05 -3.65717e-05 -5.0045e-05 0 0 -1.86182e-05 0
internal_weight=4068 3764 272 3492 426 151 275 3066 994 2072 181 116 304 240 186 143 64 91 63 54
internal_count=4068 3764 272 3492 426 151 275 3066 994 2072 181 116 304 240 186 143 64 91 63 54
is_linear=0
shrinkage=0.03


Tree=325
num_leaves=22
num_cat=0
split_feature=2 34 4 29 25 1 29 32 33 24 36 36 34 26 34 33 32 26 19 30 32
split_gain=4.14275e-05 0.000281029 0.000534559 0.000150389 0.000257021 0.000347654 0.000202906 0.00014347 0.000513098 0.000370297 0.000174857 0.000381569 0.000329704 0.000329417 0.000226534 0.000246669 0.000223581 0.000139565 0.00028411 0.000250616 0.0001063
threshold=52.324998855590827 0.047081115898741095 44.225000381469734 75.986693707352828 -0.021585932620696188 40.875000000000007 83.279361313986698 0.016655968948991132 0.012665525487306041 -0.69643886951573442 0.0035538660346172007 0.0074813337468389264 -0.026120557927766627 1.8626401102837102 0.028829042411526288 0.014302881299552374 0.008314533777209367 1.574835848694806 58.189999771118174 62.724156500402678 -0.042812423681417404
decision_type=2 2 2 2 2 2 2 2 2 2 2 2 2 2 2 2 2 2 2 2 2
left_child=1 3 -3 4 20 -6 -5 10 9 -9 14 12 -12 -13 16 -16 -2 18 -10 -19 -1
right_child=7 2 -4 6 5 -7 -8 8 17 -11 11 13 -14 -15 15 -17 -18 19 -20 -21 -22
leaf_value=3.3837797609047502e-05 -3.0944957787206856e-06 0 0.00018609857530653371 -6.9059309113895468e-05 8.4252880507084269e-05 0 0 0 -5.0458709127974135e-06 -0.00010639371350053109 0 -2.1182915308045359e-05 5.3211780827379333e-05 4.3281347188080397e-05 0 -6.715374644162185e-05 3.3303743734058121e-05 -4.7112987267200161e-05 4.5578905235567471e-05 0 -1.4659593817913911e-05
leaf_weight=21 1543 29 22 60 80 268 46 27 66 82 48 297 276 87 89 98 168 133 149 114 365
leaf_count=21 1543 29 22 60 80 268 46 27 66 82 48 297 276 87 89 98 168 133 149 114 365
internal_value=0 5.93167e-06 7.45868e-05 0 6.53362e-06 2.7103e-05 -3.13101e-05 -1.36639e-06 -1.53341e-05 -7.39158e-05 5.43398e-07 1.41426e-05 3.86856e-05 0 -2.94939e-06 -3.43211e-05 0 0 1.60962e-05 -1.68166e-05 -4.24305e-06
internal_weight=4068 891 51 840 734 348 106 3177 571 109 2606 708 324 384 1898 187 1711 462 215 247 386
internal_count=4068 891 51 840 734 348 106 3177 571 109 2606 708 324 384 1898 187 1711 462 215 247 386
is_linear=0
shrinkage=0.03


Tree=326
num_leaves=20
num_cat=0
split_feature=28 21 28 4 0 27 32 36 29 30 27 5 5 29 36 27 32 35 27
split_gain=4.14621e-05 0.000197443 0.000176539 0.000213268 0.000308149 8.55982e-05 0.000405357 0.00118384 0.000174353 0.000177359 0.000153005 8.78683e-05 6.64894e-05 0.000204587 0.000131584 0.000117123 5.82573e-05 2.81842e-05 1.01687e-05
threshold=252813886.00000003 100.32885888417563 267450651.50000003 102.25234603881837 58.207710266113288 0.12467334736391862 -0.008888193919753538 -0.0063999721619081148 40.622453629310293 36.360364464590006 0.66365047970207536 5992227.0000000009 4541355.5000000009 35.389577037109071 -0.005053058350761871 0.82978568012761966 -0.0079191039201895724 0.0098242633746871266 0.74389904587421929
decision_type=2 2 2 2 2 2 2 2 2 2 2 2 2 2 2 2 2 2 2
left_child=1 5 3 4 -2 6 11 -8 10 -10 -7 -1 13 -4 18 -16 -3 -18 -14
right_child=2 16 12 -5 -6 8 7 -9 9 -11 -12 -13 14 -15 15 -17 17 -19 -20
leaf_value=-1.8931480415730247e-05 0 0 8.74703650686232e-05 0 0.00012123761649301353 -1.8866293727820934e-05 0.00021962057187873644 0 3.7091132902881504e-05 0 7.3049382142657363e-06 8.223645896067295e-06 1.1345363783999835e-05 0 -4.4626696626563078e-05 0 0 -7.5644777886137905e-05 0
leaf_weight=176 29 44 29 22 45 813 31 100 122 1938 77 236 71 77 123 43 27 45 20
leaf_count=176 29 44 29 22 45 813 31 100 122 1938 77 236 71 77 123 43 27 45 20
internal_value=0 -8.44213e-07 8.6993e-06 4.48873e-05 7.21345e-05 0 1.1335e-05 5.75762e-05 -1.56876e-06 2.01397e-06 -1.32311e-05 0 0 1.90534e-05 -9.10691e-06 -2.9006e-05 -3.94046e-05 -5.6811e-05 0
internal_weight=4068 3609 459 96 74 3493 543 131 2950 2060 890 412 363 106 257 166 116 72 91
internal_count=4068 3609 459 96 74 3493 543 131 2950 2060 890 412 363 106 257 166 116 72 91
is_linear=0
shrinkage=0.03


Tree=327
num_leaves=24
num_cat=0
split_feature=29 25 27 26 25 5 35 29 25 34 0 5 27 27 26 36 35 26 25 26 36 5 5
split_gain=4.07287e-05 0.00025036 0.000427106 0.000491572 0.000331536 0.000315216 0.000239126 0.000222994 0.00021084 0.000206917 0.000190436 0.000237706 0.000190225 0.000161341 0.000249764 0.000213537 0.000150862 0.000121541 0.0003598 0.000247609 7.9533e-05 2.68534e-05 8.1948e-06
threshold=81.548399252301138 0.25822304497818366 0.94823568327606222 1.6039146876466166 0.37095719587326542 9057346.0000000019 0.013390599813152127 84.634139566780973 0.63107202642944438 0.03457747599784667 36.879426956176765 6131115.0000000009 0.8638878272309144 0.82109419059962352 0.95454797988979279 -0.0038041115938635202 0.012037368850442627 1.4435463495348106 -0.31033708928118725 1.3929676582195702 -1.0000000180025095e-35 7962630.5000000009 5407116.5000000009
decision_type=2 2 2 2 2 2 2 2 2 2 2 2 2 2 2 2 2 2 2 2 2 2 2
left_child=1 13 4 9 6 -6 -3 12 10 -4 22 -12 16 17 -15 -16 -2 19 -19 -1 -10 -22 -9
right_child=7 2 3 -5 5 -7 -8 8 20 -11 11 -13 -14 14 15 -17 -18 18 -20 -21 21 -23 -24
leaf_value=0 0 0 0 0 0 -9.4321609403078354e-05 5.829809907006086e-05 0 0 0.00022619578471702917 0 6.0064135566946991e-05 0 0 0 -6.8979142156571228e-05 -0.000104577670807053 -7.785180743460274e-06 2.2391954786925954e-05 -4.8373881829748829e-05 0 -8.747170619263321e-05 -1.9501223115937349e-05
leaf_weight=1401 20 85 21 28 264 35 145 24 24 24 160 123 59 38 22 119 49 506 724 112 26 29 30
leaf_count=1401 20 85 21 28 264 35 145 24 24 24 160 123 59 38 22 119 49 506 724 112 26 29 30
internal_value=0 1.44384e-06 1.94662e-05 9.09311e-05 3.91899e-06 -9.77429e-06 3.47546e-05 -7.33943e-06 0 0.000152353 1.36545e-05 2.85139e-05 -4.23733e-05 -1.24306e-06 -2.89131e-05 -5.1519e-05 -7.61982e-05 0 7.53917e-06 -5.10736e-06 -4.00545e-05 -6.00189e-05 -8.67533e-06
internal_weight=4068 3524 602 73 529 299 230 544 416 45 337 283 128 2922 179 141 69 2743 1230 1513 79 55 54
internal_count=4068 3524 602 73 529 299 230 544 416 45 337 283 128 2922 179 141 69 2743 1230 1513 79 55 54
is_linear=0
shrinkage=0.03


Tree=328
num_leaves=24
num_cat=0
split_feature=29 25 25 22 35 29 31 25 0 35 34 30 26 4 25 22 25 0 36 26 21 36 22
split_gain=3.94462e-05 0.000237567 0.000337942 0.000343291 0.000289843 0.000209141 0.000234687 0.000198093 0.000182309 0.000199106 0.000148758 0.000147022 0.000119964 0.000341627 0.000311447 0.00010744 0.000238037 0.000163575 7.61922e-05 4.17469e-05 4.09371e-05 5.95257e-06 2.79071e-06
threshold=81.548399252301138 0.25822304497818366 0.35020047830541184 64.904137187534531 0.011477224565073345 84.634139566780973 -0.0026084821377909679 0.63107202642944438 36.879426956176765 0.015310118340967628 0.03457747599784667 67.691113144116812 1.4435463495348106 55.350000381469734 -0.31033708928118725 65.158658209691978 0.67882708138081183 44.463163375854499 -1.0000000180025095e-35 1.2896488524416008 67.056044546763118 0.0020232800440964783 57.58843814393493
decision_type=2 2 2 2 2 2 2 2 2 2 2 2 2 2 2 2 2 2 2 2 2 2 2
left_child=1 10 3 4 -3 6 -2 8 22 -10 12 20 13 -1 -14 16 -4 -17 -9 -8 -12 -21 -7
right_child=5 2 15 -5 -6 7 19 18 9 -11 11 -13 14 -15 -16 17 -18 -19 -20 21 -22 -23 -24
leaf_value=4.469796708001303e-06 -0.0001033573865134529 0 -2.3372576714977178e-05 0 9.3340746566627567e-05 0 7.0987182020599725e-06 0 0 5.0263597367427798e-05 -0.00011294989452960115 0 -7.3679153458442245e-06 -2.1528459223426563e-05 2.0473901479213698e-05 7.9393462389971137e-05 4.8895825873451107e-05 0 -5.8637732471307282e-05 0 0 -3.6379920073164993e-05 -1.3575518242277395e-05
leaf_weight=869 40 36 270 39 125 20 35 24 126 157 24 30 500 732 744 37 32 63 55 22 23 31 34
leaf_count=869 40 36 270 39 125 20 35 24 126 157 24 30 500 732 744 37 32 63 55 22 23 31 34
internal_value=0 1.3653e-06 1.8939e-05 5.0983e-05 7.1738e-05 -7.29212e-06 -4.11733e-05 0 1.30491e-05 2.7731e-05 -1.22916e-06 -4.23525e-05 0 -5.54387e-06 6.87239e-06 0 -5.77086e-06 2.94192e-05 -3.90924e-05 0 -7.57996e-05 -2.59666e-05 -8.35091e-06
internal_weight=4068 3524 602 200 161 544 128 416 337 283 2922 77 2845 1601 1244 402 302 100 79 88 47 53 54
internal_count=4068 3524 602 200 161 544 128 416 337 283 2922 77 2845 1601 1244 402 302 100 79 88 47 53 54
is_linear=0
shrinkage=0.03


Tree=329
num_leaves=26
num_cat=0
split_feature=27 25 25 31 27 25 25 29 24 30 26 26 31 5 22 5 23 22 25 22 22 31 22 22 25
split_gain=4.30041e-05 0.000226362 0.000354579 0.000192679 0.000174465 0.000149821 0.000148165 0.000186352 0.000689427 0.000218645 0.000119023 0.000259282 0.000502703 0.000272211 0.000252984 0.000325351 0.000194553 0.000114463 0.000103104 8.108e-05 7.48394e-05 4.26197e-05 4.04343e-05 6.65186e-05 2.69333e-05
threshold=0.53591499484055627 -0.01492927551327594 -0.0094572739508467906 -0.0054495565408249061 0.66365047970207536 0.058553100550289484 0.79079279330984897 43.23435284357538 0.65005527888664505 49.636225680664516 1.2833335066642875 1.6296736366847682 -0.0028954513909384967 4656219.0000000009 44.418494706815856 3763857.0000000005 0.1145431182783412 40.647159971371863 0.15816124710449075 54.511594795109318 57.58843814393493 -0.0026084821377909679 49.58805268761602 47.687979702436216 0.37754009761758239
decision_type=2 2 2 2 2 2 2 2 2 2 2 2 2 2 2 2 2 2 2 2 2 2 2 2 2
left_child=1 10 -3 17 18 -5 7 8 -6 -9 14 12 -12 -13 15 -1 -16 -4 19 -2 -21 -8 23 -20 -24
right_child=4 2 3 5 6 -7 21 9 -10 -11 11 13 -14 -15 16 -17 -18 -19 22 20 -22 -23 24 -25 -26
leaf_value=0 -4.3782897369293181e-05 0.00015087576549051421 -3.9509574561002953e-05 5.4218324975140136e-05 0.00012598089142151197 0 0 -3.7788971902887981e-05 0 4.7210502017211178e-06 0 2.1063832286851476e-05 5.335242858425731e-05 -2.3078831964452447e-05 4.9961427217707606e-05 -4.0154497503476989e-05 0 0 0 6.5652004721416691e-06 -3.4380189067591145e-05 -6.3351009785846582e-05 2.8083199116259432e-05 -4.4161231638720764e-05 0
leaf_weight=99 178 22 66 118 51 153 20 120 69 1134 241 126 237 401 74 375 104 157 38 79 54 37 56 39 20
leaf_count=99 178 22 66 118 51 153 20 120 69 1134 241 126 237 401 74 375 104 157 38 79 54 37 56 39 20
internal_value=0 3.03943e-06 2.07885e-05 8.89412e-06 -3.13524e-06 2.79861e-05 6.07925e-08 4.07489e-06 3.98303e-05 0 -6.78265e-07 3.69358e-06 2.15712e-05 -6.83128e-06 -1.20171e-05 -2.56528e-05 7.44316e-06 -8.62541e-07 -1.9454e-05 -2.93745e-05 0 -4.39984e-05 0 -1.45787e-05 1.62132e-05
internal_weight=4068 2173 516 494 1895 271 1431 1374 120 1254 1657 1005 478 527 652 474 178 223 464 311 133 57 153 77 76
internal_count=4068 2173 516 494 1895 271 1431 1374 120 1254 1657 1005 478 527 652 474 178 223 464 311 133 57 153 77 76
is_linear=0
shrinkage=0.03


Tree=330
num_leaves=19
num_cat=0
split_feature=27 27 29 5 36 5 31 25 31 27 27 30 0 5 22 31 23 28
split_gain=4.68504e-05 0.000556018 0.00122944 8.69481e-05 0.000179612 0.000178066 0.000207124 0.000121916 0.000289175 0.000198708 0.000107645 7.45917e-05 0.000166527 0.000169814 0.000111531 0.000194937 8.10344e-05 4.51498e-05
threshold=0.077361383547312548 0.064124271305811983 17.304458930590027 2125746.5000000005 -0.0024760011721343031 2715136.0000000005 -0.0053742053554655103 -0.092831181816067573 -0.006299907042198293 0.53591499484055627 0.27782966641715695 15.742185469612659 36.320087432861335 7249338.5000000009 36.746481345048494 -0.019140046499115933 -0.40949006549099914 73376576.000000015
decision_type=2 2 2 2 2 2 2 2 2 2 2 2 2 2 2 2 2 2
left_child=1 11 -3 4 -2 6 -5 8 -7 -9 -8 12 -1 -14 15 -13 -16 -6
right_child=3 2 -4 5 17 7 10 9 -10 -11 -12 14 13 -15 16 -17 -18 -19
leaf_value=0 0 0.00027927672397510818 0 0 0.00011172151091504151 -3.4623058399602784e-05 0 1.7039481517639771e-05 0 -1.1859578294480558e-06 -7.0599176664517846e-05 0 0 -7.6560957943044359e-05 -5.1876570309024306e-05 5.8373230492626401e-05 0 0
leaf_weight=33 24 21 27 27 21 294 21 668 763 1673 93 50 79 60 27 86 78 23
leaf_count=33 24 21 27 27 21 294 21 668 763 1673 93 50 79 60 27 86 78 23
internal_value=0 9.17221e-06 0.000105878 -9.67053e-07 2.99482e-05 -2.40958e-06 -3.57902e-05 -1.40587e-07 -9.34404e-06 2.73369e-06 -5.67258e-05 0 -1.69722e-05 -3.78662e-05 8.53375e-06 2.94371e-05 0 7.10672e-05
internal_weight=4068 461 48 3607 68 3539 141 3398 1057 2341 114 413 172 139 241 136 105 44
internal_count=4068 461 48 3607 68 3539 141 3398 1057 2341 114 413 172 139 241 136 105 44
is_linear=0
shrinkage=0.03


Tree=331
num_leaves=26
num_cat=0
split_feature=27 23 5 34 27 5 1 34 36 26 1 1 5 22 28 0 33 33 21 23 0 26 1 23 5
split_gain=4.40657e-05 0.000314799 0.000530114 0.000321628 0.000125369 0.000196678 0.0002183 0.000178674 0.000421395 9.36013e-05 0.000254176 0.000343243 0.000789655 0.000149206 0.000145998 0.000238198 0.000138131 0.000317841 0.000247579 8.01793e-05 4.20426e-05 1.69212e-05 7.37349e-06 0.000124062 3.61224e-07
threshold=0.093378592212026726 -0.33228141515488824 6411184.5000000009 -0.038582963963537324 -0.026184779689425983 6610394.0000000009 52.375000000000007 -0.043710577233021013 -0.012807865925370166 0.88873805906009085 48.574998855590827 45.850000381469734 4363306.5000000009 56.753211549846846 -104113609.99999999 35.434808731079109 0.017123660241857745 0.01358623794981806 52.335833263397227 -0.57306789096248412 58.548671722412116 0.80565871991588955 52.375000000000007 -0.54332123534427967 5496384.0000000009
decision_type=2 2 2 2 2 2 2 2 2 2 2 2 2 2 2 2 2 2 2 2 2 2 2 2 2
left_child=1 4 -3 -4 5 24 -7 8 -6 14 11 13 -13 -11 15 21 17 -12 -18 -17 -9 -2 23 -16 -1
right_child=9 2 3 -5 7 6 -8 20 -10 10 16 12 -14 -15 22 19 18 -19 -20 -21 -22 -23 -24 -25 -26
leaf_value=0 1.9735519478307159e-05 0 0 0.00022686984719404003 0.00016158298565013005 0 -9.2893937332887353e-05 -1.8210564662715034e-05 0 2.9967505912085397e-05 -1.129146792997663e-06 0 0.00019956966142066815 -1.6700733282995112e-05 0 0 -6.7146719882892864e-05 4.2019792050045172e-05 -2.4113190790819284e-06 -5.9655914192518592e-05 0 0 0 5.1791419902322236e-05 3.8354217687967191e-06
leaf_weight=41 39 70 38 21 21 20 55 114 63 123 2035 22 31 85 33 26 78 161 643 142 44 64 33 44 22
leaf_count=41 39 70 38 21 21 20 55 114 63 123 2035 22 31 85 33 26 78 161 643 142 44 64 33 44 22
internal_value=0 8.42419e-06 4.97436e-05 0.000116095 0 -2.71762e-05 -6.09516e-05 6.69101e-06 4.51771e-05 -9.95873e-07 0 2.89642e-05 9.97136e-05 0 -1.5176e-05 -2.84332e-05 -1.8249e-06 6.70034e-07 -1.35832e-05 -5.07849e-05 0 0 0 9.27749e-06 0
internal_weight=4068 509 129 59 380 138 75 242 84 3559 3178 261 53 208 381 271 2917 2196 721 168 158 103 110 77 63
internal_count=4068 509 129 59 380 138 75 242 84 3559 3178 261 53 208 381 271 2917 2196 721 168 158 103 110 77 63
is_linear=0
shrinkage=0.03


Tree=332
num_leaves=22
num_cat=0
split_feature=27 26 28 25 22 23 28 26 1 1 20 32 24 22 13 22 34 25 24 33 33
split_gain=4.35217e-05 0.000307111 0.00015602 0.00051155 0.000160942 0.000270357 0.000101674 8.8145e-05 0.000237847 0.000318887 0.000517977 0.000142407 0.000291062 0.000142344 0.000133426 0.000315655 0.000136904 3.95691e-05 1.35726e-05 1.26332e-05 1.163e-05
threshold=0.093378592212026726 0.85710689516424898 122937611.50000001 -0.25908643898590206 29.649281492485581 -0.1901831580112727 67959579.000000015 0.88873805906009085 48.574998855590827 45.850000381469734 48.098750114440925 0.0047970475471667004 -0.35398811761348509 60.19318479745592 -89.999999999999986 46.474456278064316 -0.01227434942303973 0.13491658647681568 0.59459285511226845 0.021659293327338295 0.003851707207370048
decision_type=2 2 2 2 2 2 2 2 2 2 2 2 2 2 2 2 2 2 2 2 2
left_child=1 -1 4 18 6 -6 -3 11 9 13 -11 12 -2 -9 15 -10 -16 -14 -4 20 -13
right_child=7 2 3 -5 5 -7 -8 8 14 10 -12 19 17 -15 16 -17 -18 -19 -20 -21 -22
leaf_value=9.4280476940837557e-05 0 3.6929288301124176e-05 -3.3713139656023221e-06 0.00015082796861183833 -5.0013634448451861e-05 0 0 2.3531435270774941e-05 0 0.00018142025095078948 0 0 -7.313305756653004e-05 -2.8281815867556429e-05 -1.1796125131879332e-05 -8.0330362425754377e-05 3.2094036800583067e-06 0 1.8940715239401239e-05 0 1.860287702111409e-05
leaf_weight=35 121 67 93 25 167 48 43 156 24 29 24 32 95 52 730 64 2099 20 31 50 63
leaf_count=35 121 67 93 25 167 48 43 156 24 29 24 32 95 52 730 64 2099 20 31 50 63
internal_value=0 8.36192e-06 0 2.72365e-05 -9.576e-06 -2.84953e-05 1.46891e-07 -1.00186e-06 0 2.7993e-05 9.62183e-05 -1.47491e-05 -2.98995e-05 0 -1.80103e-06 -3.83463e-05 0 -6.41068e-05 0 0 1.09342e-05
internal_weight=4068 509 474 149 325 215 110 3559 3178 261 53 381 236 208 2917 88 2829 115 124 145 95
internal_count=4068 509 474 149 325 215 110 3559 3178 261 53 381 236 208 2917 88 2829 115 124 145 95
is_linear=0
shrinkage=0.03


Tree=333
num_leaves=23
num_cat=0
split_feature=29 3 21 25 34 30 32 34 29 30 27 13 30 30 34 34 31 31 34 32 29 28
split_gain=4.29005e-05 0.000294341 0.000319407 0.000162257 0.0008212 0.000185116 0.000147154 0.000133165 0.00023236 0.000179384 0.000246613 0.000176801 0.000172516 0.000368354 0.000170674 0.000145946 0.00013096 0.000120849 8.60248e-05 6.95776e-05 1.44609e-06 8.42335e-07
threshold=24.583438863660096 38.675001144409187 51.302500089009605 -0.42496142356398314 -0.050340020542978252 25.116400744210978 0.00189575726117186 -0.01227434942303973 40.622453629310293 23.479773557572106 0.082373903979049853 -89.999999999999986 37.39568006187379 23.846528084729382 -0.01933534562281591 -0.025038084024280201 -0.0031946080577648912 -0.0047499725451990429 0.028339996140576033 -0.012558842936286283 29.496977616163228 118505627.50000001
decision_type=2 2 2 2 2 2 2 2 2 2 2 2 2 2 2 2 2 2 2 2 2 2
left_child=1 -1 6 5 -5 -4 17 8 9 20 -11 18 13 -13 15 -10 -14 -3 21 -16 -2 -9
right_child=7 2 3 4 -6 -7 -8 11 14 10 -12 12 16 -15 19 -17 -18 -19 -20 -21 -22 -23
leaf_value=9.9301228390239233e-05 0 0 -1.7447056922361255e-05 0.00015249229268272653 2.5680988998270768e-06 5.7084061645522113e-05 0 -7.7552803048652036e-05 0 0 -5.2775758803727015e-05 -1.7334114718376055e-05 1.1195453622778699e-05 4.3468846064247143e-05 0 9.1419517220669804e-05 -4.8176751505980928e-06 -8.210245902993675e-05 0 -3.6856365968915682e-05 6.6876307684332836e-06 0
leaf_weight=30 42 88 225 42 410 30 27 36 28 53 258 52 651 260 48 34 1562 64 23 46 29 30
leaf_count=30 42 88 225 42 410 30 27 36 28 53 258 52 651 260 48 34 1562 64 23 46 29 30
internal_value=0 5.90108e-06 0 1.16872e-05 2.31655e-05 0 -3.26465e-05 -1.45894e-06 -1.53263e-05 -2.96311e-05 -3.99666e-05 2.48017e-07 2.83823e-06 2.37204e-05 4.80315e-07 4.97401e-05 0 -4.61055e-05 -3.9489e-05 -1.47525e-07 0 -5.72125e-05
internal_weight=4068 916 886 707 452 255 179 3152 538 382 311 2614 2525 312 156 62 2213 152 89 94 71 66
internal_count=4068 916 886 707 452 255 179 3152 538 382 311 2614 2525 312 156 62 2213 152 89 94 71 66
is_linear=0
shrinkage=0.03


Tree=334
num_leaves=17
num_cat=0
split_feature=27 32 25 34 27 23 0 34 30 36 30 24 30 25 0 27
split_gain=4.06772e-05 0.000305441 0.00100549 8.72883e-05 0.000176571 0.000303721 0.000549505 0.000119843 0.000118248 0.000178841 0.000160548 8.18171e-05 0.000120146 9.78538e-05 0.000239017 5.7962e-05
threshold=0.093378592212026726 -0.008888193919753538 -0.23957373902129481 -0.040034825838464731 0.28482007132062293 -0.67134921678173487 41.175434112548835 -0.034248688152016864 23.846528084729382 0.0024783531854090045 32.188425111902887 0.33708722988471751 27.958703742892329 -0.80439141096990252 43.975437164306648 0.22824194470976134
decision_type=2 2 2 2 2 2 2 2 2 2 2 2 2 2 2 2
left_child=1 11 -3 4 5 -2 -7 15 9 -9 -10 13 -13 -1 -15 -5
right_child=3 2 -4 7 -6 6 -8 8 10 -11 -12 12 -14 14 -16 -17
leaf_value=0 0 0 0.00021561925509548476 0 0 -0.00020043732199318838 0 -3.9011980065784465e-05 2.1452199960705082e-05 0 -1.2247484205896573e-06 0 6.8765658445691115e-05 -4.4126633509808079e-05 0 6.6127014469608155e-05
leaf_weight=25 32 74 26 33 53 25 22 177 305 143 2733 39 32 171 142 36
leaf_count=25 32 74 26 33 53 25 22 177 305 143 2733 39 32 171 142 36
internal_value=0 8.1228e-06 5.55139e-05 -9.21019e-07 -2.48506e-05 -5.51394e-05 -0.000104449 0 -8.0334e-07 -1.84174e-05 6.50756e-08 0 2.47803e-05 -9.41585e-06 -1.94169e-05 3.91094e-05
internal_weight=4068 509 100 3559 132 79 47 3427 3358 320 3038 409 71 338 313 69
internal_count=4068 509 100 3559 132 79 47 3427 3358 320 3038 409 71 338 313 69
is_linear=0
shrinkage=0.03


Tree=335
num_leaves=31
num_cat=0
split_feature=27 25 34 1 31 27 36 0 26 5 26 31 31 24 4 26 26 31 5 22 5 24 25 28 28 28 22 35 34 25
split_gain=4.13948e-05 0.000209157 0.000379412 0.000770307 0.000486514 0.000162081 0.000184213 0.000155293 0.000223443 0.000133602 0.000292056 0.00016849 0.000115055 0.000274115 0.000145492 0.000111779 0.000238871 0.000470675 0.000254572 0.000234691 0.000312664 0.000186149 9.49532e-05 0.000161326 0.000222431 7.21848e-05 3.66035e-05 0.000100303 2.93369e-05 2.51712e-05
threshold=0.53591499484055627 -0.01492927551327594 -0.0070422528420057131 66.873805999755874 0.0012594955081958183 0.66365047970207536 -0.0092151652653305102 59.065324783325202 1.2238651305712607 5806599.5000000009 1.4933854486000782 -0.0031946080577648912 0.0078546647327267811 -0.87817226514956781 85.02500152587892 1.2833335066642875 1.6296736366847682 -0.0028954513909384967 4656219.0000000009 44.418494706815856 3763857.0000000005 0.29538051765125078 0.15816124710449075 1.0000000180025095e-35 108219423.50000001 -163452757.99999997 49.58805268761602 0.018136949605358745 -0.017690525155622357 0.37754009761758239
decision_type=2 2 2 2 2 2 2 2 2 2 2 2 2 2 2 2 2 2 2 2 2 2 2 2 2 2 2 2 2 2
left_child=1 15 3 4 -3 22 7 8 -7 11 -11 -8 14 -14 -4 19 17 -17 -18 20 -1 -21 23 25 -25 -2 27 -24 -5 -28
right_child=5 2 12 28 -6 6 9 -9 -10 10 -12 -13 13 -15 -16 16 18 -19 -20 21 -22 -23 26 24 -26 -27 29 -29 -30 -31
leaf_value=0 0 0.00012769150570379146 -3.2318650541098663e-05 -1.9957201719340615e-05 0 0 3.5443509281804736e-05 0 8.3554572058533512e-05 0 -3.6314646533516487e-05 0 0 0.00012117001416174896 0 0 2.0770067523156872e-05 5.169102618885337e-05 -2.2005662675801758e-05 4.6836884229266077e-05 -3.9012266392091015e-05 0 0 2.4748212429174614e-05 -3.3335561039809166e-05 -8.0851656378538465e-05 2.6922239006583067e-05 -5.3252223038147228e-05 6.3528835853920312e-06 0
leaf_weight=99 26 103 164 60 21 45 131 43 72 302 283 555 28 21 58 241 126 237 401 80 375 98 40 78 137 70 56 37 61 20
leaf_count=99 26 103 164 60 21 45 131 43 72 302 283 555 28 21 58 241 126 237 401 80 375 98 40 78 137 70 56 37 61 20
internal_value=0 3.07145e-06 2.00971e-05 4.73672e-05 0.000100088 -2.97339e-06 3.68422e-08 3.18584e-05 5.08054e-05 -1.61104e-06 -1.37418e-05 4.36164e-06 0 3.5846e-05 -1.34969e-05 -4.20929e-07 3.79129e-06 2.09538e-05 -6.08493e-06 -1.15138e-05 -2.47105e-05 6.77753e-06 -1.87193e-05 -2.8239e-05 0 -6.39716e-05 0 -1.39182e-05 0 1.53828e-05
internal_weight=4068 2173 516 245 124 1895 1431 160 117 1271 585 686 271 49 222 1657 1005 478 527 652 474 178 464 311 215 96 153 77 121 76
internal_count=4068 2173 516 245 124 1895 1431 160 117 1271 585 686 271 49 222 1657 1005 478 527 652 474 178 464 311 215 96 153 77 121 76
is_linear=0
shrinkage=0.03


Tree=336
num_leaves=25
num_cat=0
split_feature=29 3 19 20 28 31 34 35 5 32 29 30 29 5 29 35 0 31 34 36 31 32 3 29
split_gain=4.53477e-05 0.000283615 0.000399719 0.000264898 0.000223318 0.000177481 0.000124128 0.000229886 0.000406559 0.000487522 0.000307618 0.000134992 0.000126262 0.00026118 0.000870362 0.000126173 0.000241523 0.000126055 0.000123475 0.000113278 0.000110917 0.000103672 7.02741e-05 6.6275e-05
threshold=24.583438863660096 38.675001144409187 51.299999618530286 63.567264842987065 191417628.50000003 -0.0019811868487307201 -0.01227434942303973 0.019618672582740356 6524356.0000000009 -0.017442526076148209 44.166361752115414 30.778091894559839 43.23435284357538 3825615.5000000005 39.073994994283218 0.034265135692275621 36.320087432861335 -0.0031946080577648912 -0.016971111015396386 -0.01197867202581721 0.0023584664687841266 0.0019665958273292765 58.074998855590827 54.534563656664645
decision_type=2 2 2 2 2 2 2 2 2 2 2 2 2 2 2 2 2 2 2 2 2 2 2 2
left_child=1 -1 5 18 -5 19 7 8 22 -10 11 -9 13 20 -15 17 -17 -14 -4 -3 -8 -7 -2 -12
right_child=6 2 3 4 -6 21 12 10 9 -11 23 -13 15 14 -16 16 -18 -19 -20 -21 -22 -23 -24 -25
leaf_value=9.8109144641649575e-05 1.0955598690954218e-05 -5.5594016856592243e-05 7.9062746738453254e-05 -4.2133933515419608e-06 3.7124130381727427e-05 -9.9538752720017889e-05 -3.9981364794662633e-05 0 0 -0.00013824700389109402 8.283606940516974e-05 -3.6563536366108309e-05 1.1548739395714106e-05 0 0.00011118748911208413 0 -6.0054167008995762e-05 -4.6023010468027506e-06 0 5.6397621312993158e-06 0 0 -1.9027820215355199e-05 0
leaf_weight=30 62 32 76 453 140 49 63 61 25 59 45 111 618 207 91 20 93 1464 25 86 58 25 154 21
leaf_count=30 62 32 76 453 140 49 63 61 25 59 45 111 618 207 91 20 93 1464 25 86 58 25 154 21
internal_value=0 6.13419e-06 0 1.34895e-05 4.92332e-07 -3.486e-05 -1.41841e-06 -1.48061e-05 -3.29015e-05 -9.06289e-05 0 -1.25338e-05 1.89818e-07 1.6119e-05 3.39165e-05 -1.48479e-06 -3.23546e-05 0 6.005e-05 0 -2.9318e-06 -7.28425e-05 0 6.14771e-05
internal_weight=4068 916 886 694 593 192 3152 538 300 84 238 172 2614 419 298 2195 113 2082 101 118 121 74 216 66
internal_count=4068 916 886 694 593 192 3152 538 300 84 238 172 2614 419 298 2195 113 2082 101 118 121 74 216 66
is_linear=0
shrinkage=0.03


Tree=337
num_leaves=24
num_cat=0
split_feature=22 36 26 33 22 22 36 34 24 24 32 24 32 23 35 31 0 21 21 19 29 26 5
split_gain=4.2658e-05 0.00031181 0.000338204 0.000235656 0.0001232 0.00022016 0.00064838 0.000323245 0.000150189 0.00031291 0.000141237 0.000301668 0.000202157 0.000111565 0.000105383 5.4771e-05 4.60043e-05 3.71234e-05 0.000133607 2.72226e-05 2.71778e-05 1.7662e-06 1.39788e-06
threshold=31.977117536435404 -0.0059987850440006143 1.7074026598920427 -0.029926536138619449 39.013856365285108 40.788526836874532 -0.0069899415428036097 -0.019072414143899593 -1.6007076019208089 -0.80170470077513578 -0.019706531199631169 1.3012012701981148 -0.0018107813876866994 -0.57306789096248412 0.011179494643494573 -0.015075398627096502 46.10039138793946 74.766065979003926 48.697500006357835 73.900926971435567 45.709086295495865 1.4636108302540494 8547416.5000000019
decision_type=2 2 2 2 2 2 2 2 2 2 2 2 2 2 2 2 2 2 2 2 2 2 2
left_child=1 2 15 19 8 6 16 -8 20 14 11 -7 -12 -11 -10 22 -6 18 -5 -3 -2 -17 -1
right_child=4 3 -4 17 5 10 7 -9 9 13 12 -13 -14 -15 -16 21 -18 -19 -20 -21 -22 -23 -24
leaf_value=0 0 -9.0157550005914305e-05 0.00013507757725879783 0 -4.661872886966183e-05 0 0 0.00010686013245557326 0 8.3748953590286126e-06 -1.5206316747409841e-05 8.1852261284072559e-05 8.3283234798865603e-07 -2.6478159951078993e-05 -7.8072854331321704e-05 4.0449028051611014e-05 0 0 7.26954037468813e-05 0 2.760422312127965e-05 0 -7.5450268409707884e-06
leaf_weight=22 23 29 34 21 29 213 47 92 20 161 910 55 1940 127 102 31 25 64 29 20 32 20 22
leaf_count=22 23 29 34 21 29 213 47 92 20 161 910 55 1940 127 102 31 25 64 29 20 32 20 22
internal_value=0 1.12918e-05 4.96153e-05 -6.56075e-07 -5.51388e-07 6.32252e-07 3.21083e-05 7.39546e-05 -1.5428e-05 -2.44857e-05 -3.54916e-07 1.90855e-05 -3.2362e-06 0 -6.5728e-05 0 -2.00919e-05 1.04816e-06 2.58726e-05 -6.57149e-05 0 3.10589e-05 0
internal_weight=4068 292 129 163 3776 3311 193 139 465 410 3118 268 2850 288 122 95 54 114 50 49 55 51 44
internal_count=4068 292 129 163 3776 3311 193 139 465 410 3118 268 2850 288 122 95 54 114 50 49 55 51 44
is_linear=0
shrinkage=0.03


Tree=338
num_leaves=25
num_cat=0
split_feature=27 27 5 26 1 1 5 3 26 25 13 34 35 5 26 36 5 5 29 32 35 5 32 1
split_gain=4.28345e-05 0.000291431 0.00189715 8.24063e-05 0.000229347 0.000294672 0.000725241 0.000134271 0.000205142 0.000163428 0.000117194 0.000189755 0.000116821 0.000100307 9.00211e-05 7.93653e-05 0.000135975 0.000134031 9.95066e-05 0.000133984 9.23098e-05 5.2403e-05 0.00017229 3.42091e-05
threshold=0.093378592212026726 0.04550557839157638 8445113.0000000019 0.88873805906009085 48.574998855590827 45.850000381469734 4561426.0000000009 49.675001144409187 0.80565871991588955 0.16539401198367901 -89.999999999999986 -0.0066755373282887378 0.01055413588562247 8926416.5000000019 0.77764821160098319 -0.0046775706764952745 8547416.5000000019 5620697.5000000009 22.273824649537818 -0.011748773961347601 0.03993597451982632 4627095.5000000009 -0.021642842738210984 52.375000000000007
decision_type=2 2 2 2 2 2 2 2 2 2 2 2 2 2 2 2 2 2 2 2 2 2 2 2
left_child=1 15 21 7 5 13 -7 8 14 -10 11 -6 -12 -5 -2 16 17 -1 19 -17 -18 -3 -23 -9
right_child=3 2 -4 4 10 6 -8 23 9 -11 12 -13 -14 -15 -16 18 20 -19 -20 -21 -22 22 -24 -25
leaf_value=0 -1.8138832143678618e-05 2.4313551870649652e-05 0.00028849245111735268 2.0261541517090309e-05 0 0 0.00019933457365358957 2.7369753548741186e-05 -5.9377636123204077e-05 0 1.4277531350645734e-05 -6.4584404817451049e-05 -3.0506786260720474e-06 -2.2687768061602899e-05 3.1866418237204631e-05 -5.9771493083836749e-05 -3.7426339872425292e-05 5.1937811315794787e-05 0 0 0 0 -5.496011444173639e-05 0
leaf_weight=56 73 40 24 162 20 25 28 41 150 28 405 68 2424 46 56 78 61 90 20 36 24 21 59 33
leaf_count=56 73 40 24 162 20 25 28 41 150 28 405 68 2424 46 56 78 61 90 20 36 24 21 59 33
internal_value=0 8.41682e-06 4.55024e-05 -8.35583e-07 0 2.75803e-05 9.346e-05 -1.4182e-05 -2.53593e-05 -4.63201e-05 -1.63531e-06 -3.58575e-05 0 0 0 0 3.32039e-06 2.89468e-05 -2.26639e-05 -3.72636e-05 -5.4264e-06 0 -1.7113e-05 0
internal_weight=4068 509 144 3559 3178 261 53 381 307 178 2917 88 2829 208 129 365 231 146 134 114 85 120 80 74
internal_count=4068 509 144 3559 3178 261 53 381 307 178 2917 88 2829 208 129 365 231 146 134 114 85 120 80 74
is_linear=0
shrinkage=0.03


Tree=339
num_leaves=25
num_cat=0
split_feature=29 3 19 20 31 29 34 34 35 33 26 29 33 0 26 29 30 29 0 33 29 31 23 27
split_gain=4.27789e-05 0.000268995 0.000374505 0.000249263 0.000168272 0.000117938 0.000117846 0.000115684 0.000216737 0.000304414 0.000427852 0.000288552 0.000301729 0.000121388 0.000210034 0.000341146 0.000126496 0.000277534 0.000121992 7.64726e-05 6.7446e-05 6.47902e-05 2.96086e-05 2.06292e-07
threshold=24.583438863660096 38.675001144409187 51.299999618530286 63.567264842987065 -0.0019811868487307201 22.471178055813002 -0.016971111015396386 -0.01227434942303973 0.019618672582740356 -0.007165882140719392 1.1381488569252329 44.166361752115414 -0.0093925942053556515 60.914653778076179 1.1058185163017653 82.007551538266924 66.176834125768622 45.981716244955805 36.320087432861335 -0.018194143059131192 19.444502820992238 -0.012735695979001425 0.4534856509160648 0.17932744048096577
decision_type=2 2 2 2 2 2 2 2 2 2 2 2 2 2 2 2 2 2 2 2 2 2 2 2
left_child=1 -1 4 6 21 -5 -4 8 9 23 -11 12 -10 14 18 -16 17 -15 -9 -13 -6 -3 -18 -2
right_child=7 2 3 5 20 -7 -8 13 11 10 -12 19 -14 16 15 -17 22 -19 -20 -21 -22 -23 -24 -25
leaf_value=9.562660279402205e-05 0 -3.5860434279073862e-05 7.686663854303654e-05 0 -9.7631877510856934e-05 4.1694104685863471e-05 0 5.1765361292755682e-06 -5.1075266274932897e-05 0 -9.070581472950037e-05 0 1.0134409926374441e-05 0 2.1339388578892408e-05 -9.4727466979944567e-06 -6.5736782344434098e-06 -4.6516438366868379e-05 -1.6081350982631058e-05 8.2098062500200679e-05 0 4.6465301891856692e-06 1.1842320246320391e-05 -1.4275879216810791e-06
leaf_weight=30 61 44 76 532 45 61 25 176 111 31 117 21 61 107 1067 308 84 198 510 45 29 74 164 91
leaf_count=30 61 44 76 532 45 61 25 176 111 31 117 21 61 107 1067 308 84 198 510 45 29 74 164 91
internal_value=0 6.01567e-06 0 1.31107e-05 -3.36675e-05 3.48103e-07 5.82954e-05 -1.30266e-06 -1.42549e-05 -3.18488e-05 -6.24926e-05 0 -1.19422e-05 2.15917e-07 4.63888e-06 1.22556e-05 -1.08421e-05 -2.42126e-05 -6.25493e-06 5.9645e-05 -7.05857e-05 0 0 0
internal_weight=4068 916 886 694 192 593 101 3152 538 300 148 238 172 2614 2061 1375 553 305 686 66 74 118 248 152
internal_count=4068 916 886 694 192 593 101 3152 538 300 148 238 172 2614 2061 1375 553 305 686 66 74 118 248 152
is_linear=0
shrinkage=0.03


Tree=340
num_leaves=22
num_cat=0
split_feature=0 0 31 36 3 36 36 28 19 24 23 22 28 21 28 21 29 31 32 29 20
split_gain=4.24811e-05 0.000181604 0.000215799 0.000254258 0.000200263 0.000171052 0.000553878 0.000671054 0.000268626 0.000234052 0.000134678 0.000247431 0.000123728 0.000168097 0.000173816 0.00016159 5.6188e-05 5.00986e-05 0.000204481 0.000156209 1.09535e-06
threshold=40.115802764892585 37.929924011230476 -0.0021739122079927338 0.0051308505035383206 49.675001144409187 0.01004051031451089 0.0030241982045188715 -152936883.99999997 41.894999313354496 -0.43189177341342994 2.5720263838943116 67.298719378329849 339616882.00000006 100.32885888417563 185356982.50000003 114.00841306050619 56.461754428003324 -0.0079721933743260292 -0.021915802294043604 29.496977616163228 52.316249847412116
decision_type=2 2 2 2 2 2 2 2 2 2 2 2 2 2 2 2 2 2 2 2 2
left_child=1 5 17 4 -4 6 8 -8 -1 16 12 -12 13 14 -2 -15 -7 18 -3 -19 -5
right_child=10 2 3 20 -6 9 7 -9 -10 -11 11 -13 -14 15 -16 -17 -18 19 -20 -21 -22
leaf_value=1.1196482933607e-05 -2.3598806456127322e-06 0 0 0 0.00014468927189385092 -9.8293180517451887e-05 0 0.00010162960851035984 -2.7061683506083394e-05 0 0 -9.1339832472790803e-05 4.6353612410221352e-05 -3.6183952308340484e-05 1.9260639550403313e-05 0 0 0 5.523701364486137e-05 -7.0434507946722576e-05 4.4808121727183882e-06
leaf_weight=202 2104 41 40 55 38 42 67 105 330 76 21 42 49 231 390 44 23 20 64 35 49
leaf_count=202 2104 41 40 55 38 42 67 105 330 76 21 42 49 231 390 44 23 20 64 35 49
internal_value=0 5.10128e-06 2.38341e-05 4.61924e-05 8.89105e-05 0 3.45638e-06 5.28988e-05 -6.89767e-06 -3.2116e-05 -1.59624e-06 -4.51361e-05 0 -1.4542e-06 0 -2.39003e-05 -7.39683e-05 0 1.04807e-05 -2.46735e-05 0
internal_weight=4068 1187 342 182 78 845 704 172 532 141 2881 63 2818 2769 2494 275 65 160 105 55 104
internal_count=4068 1187 342 182 78 845 704 172 532 141 2881 63 2818 2769 2494 275 65 160 105 55 104
is_linear=0
shrinkage=0.03


Tree=341
num_leaves=24
num_cat=0
split_feature=29 29 27 33 0 30 5 33 5 33 28 20 28 29 5 26 27 27 25 33 0 32 32
split_gain=4.23064e-05 0.000187982 0.000187238 0.000240948 0.000448595 0.000175322 0.000442917 0.000204741 0.000187613 0.000184848 0.000167193 0.00107638 0.000271492 0.0001499 0.000578905 0.000444936 0.000148169 0.000265182 0.000175487 7.04021e-05 4.34605e-05 1.52575e-05 5.02297e-07
threshold=30.226092471697466 39.073994994283218 0.62064419443399521 0.0027291505374231755 56.129062652587898 21.972348236661052 12912490.500000002 -0.012030622768155917 12094710.000000002 -0.0014297299959351582 206841370.50000003 98.90920734405519 155982697.50000003 43.23435284357538 3825615.5000000005 1.2833335066642875 0.21617374267985087 0.24043901914462915 -0.37586685312976459 -0.023842288618000525 39.970693588256843 0.015953856485475985 0.0062884935562497199
decision_type=2 2 2 2 2 2 2 2 2 2 2 2 2 2 2 2 2 2 2 2 2 2 2
left_child=5 2 3 4 -2 8 7 19 10 -9 12 -12 -1 14 -3 -16 18 -18 -15 -7 -4 -5 -22
right_child=1 13 20 21 -6 6 -8 9 -10 -11 11 -13 -14 16 15 -17 17 -19 -20 -21 22 -23 -24
leaf_value=0 -7.3001811232056304e-05 -3.0652600422120874e-05 4.206997411940836e-05 1.6081108110509596e-05 0 5.2472367802915449e-06 0.00016288511149399861 5.5742250107754883e-05 -6.3684472258118661e-05 0 0.00022970762782425602 0 -9.6086707090524209e-05 0 0 0.00010686780722938817 7.0405525844599839e-05 -3.289065338974336e-07 -6.3610951024725722e-05 -1.863610379231131e-05 0 0 -4.5227816426384759e-06
leaf_weight=480 181 41 22 53 68 206 21 121 42 33 21 55 27 30 46 89 48 2170 72 166 29 25 22
leaf_count=480 181 41 22 53 68 206 21 121 42 33 21 55 27 30 46 89 48 2170 72 166 29 25 22
internal_value=0 -1.56911e-06 -2.09751e-05 -3.24549e-05 -4.7473e-05 5.13825e-06 1.84801e-05 6.98264e-06 -1.74037e-06 3.69083e-05 0 4.35922e-05 -3.40003e-06 3.39673e-07 2.76618e-05 6.75874e-05 -4.41092e-07 0 -3.6201e-05 0 0 0 0
internal_weight=4068 2896 400 327 249 1172 547 526 625 154 583 76 507 2496 176 135 2320 2218 102 372 73 78 51
internal_count=4068 2896 400 327 249 1172 547 526 625 154 583 76 507 2496 176 135 2320 2218 102 372 73 78 51
is_linear=0
shrinkage=0.03


Tree=342
num_leaves=22
num_cat=0
split_feature=2 5 24 5 28 4 28 22 0 28 0 29 29 29 27 5 22 5 22 22 33
split_gain=4.24949e-05 0.000478631 0.000814137 0.000350103 0.000441144 0.000390816 0.000192456 0.000350096 0.000348008 0.000266207 0.000244407 0.000243123 0.000239946 0.000232672 0.000200631 0.000146766 0.000458804 0.000241218 0.000134769 9.03137e-05 6.93946e-06
threshold=52.324998855590827 13387555.500000002 0.27185792233853384 10361254.500000002 -40314767.999999993 51.149999618530281 54091819.000000007 42.167319626624682 39.617887496948249 77330795.500000015 45.827568054199226 80.207479572668163 30.547623905520783 66.093894427103763 0.010682696372390348 12488395.500000002 69.509140175762354 11018160.000000002 39.618001516235203 46.018204569057765 0.014045851834691427
decision_type=2 2 2 2 2 2 2 2 2 2 2 2 2 2 2 2 2 2 2 2 2
left_child=1 3 -3 4 19 -6 7 8 14 10 13 12 -9 -8 -2 17 -17 -11 -10 -1 -13
right_child=6 2 -4 -5 5 -7 9 11 18 15 -12 20 -14 -15 -16 16 -18 -19 -20 -21 -22
leaf_value=-1.4567654538981434e-05 -9.4304897720247027e-05 0.00022760025651931954 0 -8.8001520988920055e-05 9.8584585947996575e-05 0 8.0432002327803482e-05 0 7.8998296778987065e-05 -4.5186479380407376e-07 0 1.3948625577047949e-05 -5.8687511268672935e-05 0 0 -9.1556690848960384e-05 0 7.0092189444472905e-05 0 5.2288356362310552e-06 0
leaf_weight=339 22 23 26 38 79 44 104 71 68 2138 107 32 266 43 82 65 21 44 29 342 85
leaf_count=339 22 23 26 38 79 44 104 71 68 2138 107 32 266 43 82 65 21 44 29 342 85
internal_value=0 6.0976e-06 9.72012e-05 0 4.99174e-06 5.82044e-05 -1.26868e-06 -1.62567e-05 5.67269e-06 1.43495e-06 3.09933e-05 -3.25712e-05 -4.55871e-05 5.61663e-05 -1.23885e-05 -5.53905e-07 -3.92711e-05 0 5.5926e-05 -2.21857e-07 0
internal_weight=4068 891 49 842 804 123 3177 655 201 2522 254 454 337 147 104 2268 86 2182 97 681 117
internal_count=4068 891 49 842 804 123 3177 655 201 2522 254 454 337 147 104 2268 86 2182 97 681 117
is_linear=0
shrinkage=0.03


Tree=343
num_leaves=19
num_cat=0
split_feature=27 35 5 23 25 5 35 34 5 34 30 30 7 21 25 27 1 28
split_gain=4.02986e-05 0.000280926 0.000834152 0.000125182 0.000170106 0.000196224 0.000104995 8.15436e-05 0.00018161 0.000114068 0.000109798 0.000282426 0.000130361 5.70828e-05 6.35751e-05 5.16685e-05 2.6581e-06 1.04679e-06
threshold=0.093378592212026726 0.016555166805618367 8445113.0000000019 -0.37893368868260063 -0.85201764846392347 7072006.5000000009 0.015486930700351809 -0.040034825838464731 8841219.0000000019 -0.034248688152016864 25.116400744210978 27.213126826962988 1.0000000180025095e-35 87.77309894561769 -0.24921325746447071 0.22824194470976134 85.730438232421889 1.0000000180025095e-35
decision_type=2 2 2 2 2 2 2 2 2 2 2 2 2 2 2 2 2 2
left_child=1 2 6 4 -3 -6 16 8 17 15 12 -12 -11 14 -5 -9 -1 -2
right_child=7 3 -4 13 5 -7 -8 9 -10 10 11 -13 -14 -15 -16 -17 -18 -19
leaf_value=-4.938246759451463e-06 -5.2562158641762452e-06 0 0.0002118208641095643 5.1570299421167333e-05 0 -6.7420682600113248e-05 5.9050025027056252e-05 0 -8.0254300437224992e-05 -2.513444868900738e-05 5.5992247634574923e-05 -2.3822056814055556e-07 0 0 0 6.39606575150084e-05 0 0
leaf_weight=98 34 27 23 45 86 95 27 33 37 344 81 2908 25 20 24 36 64 61
leaf_count=98 34 27 23 45 86 95 27 33 37 344 81 2908 25 20 24 36 64 61
internal_value=0 8.19078e-06 3.67026e-05 -2.069e-06 -2.22027e-05 -3.75742e-05 0 -7.7066e-07 -2.39073e-05 0 -6.63732e-07 2.83765e-07 -1.64646e-05 1.12871e-05 3.01289e-05 3.8266e-05 0 0
internal_weight=4068 509 212 297 208 181 189 3559 132 3427 3358 2989 369 89 69 69 162 95
internal_count=4068 509 212 297 208 181 189 3559 132 3427 3358 2989 369 89 69 69 162 95
is_linear=0
shrinkage=0.03


Tree=344
num_leaves=19
num_cat=0
split_feature=0 0 32 5 26 32 21 35 28 23 27 28 21 33 28 26 25 36
split_gain=4.00711e-05 0.000170136 0.000200647 0.000178428 0.000206554 0.000166001 0.000258337 0.00022855 0.000187853 0.000123681 0.000176479 0.000116408 0.000154255 0.000187838 0.000157027 5.62738e-05 3.80181e-05 1.2266e-07
threshold=40.115802764892585 37.929924011230476 -0.021915802294043604 4561426.0000000009 1.2530119748963227 -0.042812423681417404 67.878448422749855 0.014171853562389966 42043480.000000007 2.5720263838943116 0.79385095137980721 339616882.00000006 100.32885888417563 -0.00099956746509372008 185356982.50000003 1.8626401102837102 -0.37586685312976459 -0.0079936301996201206
decision_type=2 2 2 2 2 2 2 2 2 2 2 2 2 2 2 2 2 2
left_child=1 5 16 17 -5 15 7 -7 -8 11 -11 12 14 -14 -2 -1 -3 -4
right_child=9 2 3 4 -6 6 8 -9 -10 10 -12 -13 13 -15 -16 -17 -18 -19
leaf_value=0 -2.2329960825516654e-06 0 2.2873480173083764e-06 0 7.8519071919042917e-05 3.5510138041134076e-05 -6.3559092613615865e-05 -5.5698363115105929e-06 0 0 -8.3079212037451611e-05 4.4995474275471847e-05 0 -5.0444228218510638e-05 1.831345297792304e-05 9.3850647429449114e-05 -3.1676648069948739e-05 0
leaf_weight=22 2104 20 21 62 115 152 105 448 98 23 40 49 152 123 390 20 34 90
leaf_count=22 2104 20 21 62 115 152 105 448 98 23 40 49 152 123 390 20 34 90
internal_value=0 4.97926e-06 2.31004e-05 3.55028e-05 5.43802e-05 0 -5.35241e-06 0 -3.54691e-05 -1.51722e-06 -4.3234e-05 0 -1.39124e-06 -2.28939e-05 0 5.47925e-05 0 0
internal_weight=4068 1187 342 288 177 845 803 600 203 2881 63 2818 2769 275 2494 42 54 111
internal_count=4068 1187 342 288 177 845 803 600 203 2881 63 2818 2769 275 2494 42 54 111
is_linear=0
shrinkage=0.03


Tree=345
num_leaves=22
num_cat=0
split_feature=2 5 24 5 28 24 28 23 0 27 28 36 29 29 5 36 1 2 27 36 31
split_gain=3.95604e-05 0.000453334 0.000768317 0.000326777 0.000412907 0.000371407 0.000175892 0.000324505 0.00027138 0.000288998 0.000247316 0.000245699 0.000333905 0.000238363 0.000329491 0.000232719 0.000132735 0.000351143 7.97717e-05 1.09435e-05 9.18112e-08
threshold=52.324998855590827 13387555.500000002 0.27185792233853384 10361254.500000002 -40314767.999999993 -0.36102125300935312 54091819.000000007 -0.59359779783003208 39.436359405517585 0.25524785614535817 77330795.500000015 -0.0094187812658998952 81.087785866731295 80.635093306884968 3804303.0000000005 0.0029251856848195854 58.925001144409187 63.19054031372071 0.43330345284255595 -0.0019130083674121453 -0.0097915674885656317
decision_type=2 2 2 2 2 2 2 2 2 2 2 2 2 2 2 2 2 2 2 2 2
left_child=1 3 -3 4 18 -6 7 8 15 -10 11 20 -13 14 -9 -2 -12 -18 -1 -15 -8
right_child=6 2 -4 -5 5 -7 10 13 9 -11 16 12 -14 19 -16 -17 17 -19 -20 -21 -22
leaf_value=-1.3474473409724681e-05 -5.0041768385449612e-05 0.00022123504454245812 0 -8.5039287750557875e-05 0.00017337842935240242 0 0 0 9.7610797918214868e-05 0 -7.7289131060833394e-05 6.4816936252587459e-05 0 0 -6.380158687227889e-05 1.2304680230173769e-05 7.7136316178994419e-05 -1.6574718655248527e-06 4.9875426799364021e-06 1.1607564235621776e-05 -1.7792985512976652e-06
leaf_weight=350 82 23 26 38 24 99 27 110 53 30 20 178 23 29 235 43 52 2196 331 73 26
leaf_count=350 82 23 26 38 24 99 27 110 53 30 20 178 23 29 235 43 52 2196 331 73 26
internal_value=0 5.9117e-06 9.4572e-05 0 4.80591e-06 5.62995e-05 -1.18508e-06 -1.55373e-05 4.52526e-06 5.43899e-05 1.35337e-06 2.98623e-05 4.71845e-05 -3.15817e-05 -4.37474e-05 -4.62108e-06 -5.17915e-07 0 -9.69575e-08 0 0
internal_weight=4068 891 49 842 804 123 3177 655 208 83 2522 254 201 447 345 125 2268 2248 681 102 53
internal_count=4068 891 49 842 804 123 3177 655 208 83 2522 254 201 447 345 125 2268 2248 681 102 53
is_linear=0
shrinkage=0.03


Tree=346
num_leaves=27
num_cat=0
split_feature=31 20 21 5 30 20 31 24 27 30 31 27 27 23 31 24 5 35 23 19 20 19 19 19 21 32
split_gain=4.04109e-05 0.000161806 0.000430347 0.000406252 0.000606265 0.000165888 0.000163821 0.000244036 0.000163651 0.000212086 0.000209782 0.000143551 0.000463223 0.000197104 0.000139031 0.000205126 0.000336951 0.000136407 0.000165965 0.000106282 0.000404726 0.000380445 1.85671e-05 1.31822e-05 7.35252e-06 5.31479e-07
threshold=0.0044593482766626122 67.330913066864028 58.760000101725261 4453305.0000000009 76.435169578168455 76.403366279602054 -0.00054497778008039111 -0.84135280084672115 0.8731012807642905 28.64695930724039 -0.0036385807252903852 0.78611607209008461 0.63389702715393947 1.0833604736754057 0.0059627232154412244 0.99536473198514142 3966282.5000000005 0.010748825392505702 -0.39118461465241688 73.454362487792977 54.842500019073491 77.987873077392592 70.269116210937526 71.196535491943379 86.276601600646984 -0.0021616051348655736
decision_type=2 2 2 2 2 2 2 2 2 2 2 2 2 2 2 2 2 2 2 2 2 2 2 2 2 2
left_child=1 2 8 25 -5 6 7 -3 9 -1 -10 12 -7 -13 15 16 -2 18 -16 20 -19 -21 -20 -8 -18 -4
right_child=14 5 3 4 -6 11 23 -9 10 -11 -12 13 -14 -15 17 -17 24 19 22 21 -22 -23 -24 -25 -26 -27
leaf_value=1.8711942797006197e-05 0 -9.2435869335504793e-05 0 0.00011936556748157855 0 0 1.7646239162056048e-05 0 0.00012605588833505718 -1.4167244976739293e-05 0 0 4.6043347420043153e-05 -5.0537185545730087e-05 0 0 -0.00010675087210069843 1.0300840225724104e-06 0.00011472497842444537 7.1798067133257455e-05 -4.1494183556118492e-05 -9.7900817922511488e-07 0 0 0 -3.7453054686696857e-06
leaf_weight=224 57 61 35 102 30 888 38 174 21 564 49 108 222 99 44 34 56 336 21 67 271 431 35 38 29 34
leaf_count=224 57 61 35 102 30 888 38 174 21 564 49 108 222 99 44 34 56 336 21 67 271 431 35 38 29 34
internal_value=0 2.4917e-06 1.21426e-05 5.19854e-05 8.29571e-05 -1.94386e-06 -2.23204e-05 -3.58662e-05 0 -1.01306e-06 4.57115e-05 5.91522e-07 6.97125e-06 -1.91197e-05 -3.7755e-06 -2.86765e-05 -4.81486e-05 0 3.33952e-05 -3.17371e-06 -1.30174e-05 2.80185e-06 6.82091e-05 0 -8.62241e-05 0
internal_weight=4068 2687 1059 201 132 1628 311 235 858 788 70 1317 1110 207 1381 176 142 1205 100 1105 607 498 56 76 85 69
internal_count=4068 2687 1059 201 132 1628 311 235 858 788 70 1317 1110 207 1381 176 142 1205 100 1105 607 498 56 76 85 69
is_linear=0
shrinkage=0.03


Tree=347
num_leaves=22
num_cat=0
split_feature=22 36 26 22 22 36 31 24 24 32 24 32 29 23 35 28 22 31 35 29 26
split_gain=3.94104e-05 0.000290254 0.000311396 0.000113719 0.00019445 0.000608534 0.000316691 0.000143439 0.000274972 0.000132104 0.000276756 0.000193476 0.00010635 0.000105032 9.57096e-05 5.72812e-05 0.00011572 5.22536e-05 4.87464e-05 2.42699e-05 4.86605e-07
threshold=31.977117536435404 -0.0059987850440006143 1.7074026598920427 39.013856365285108 40.788526836874532 -0.0069899415428036097 -0.0074766669082599315 -1.6007076019208089 -0.80170470077513578 -0.019706531199631169 1.3012012701981148 -0.0018107813876866994 12.180122732558159 -0.57306789096248412 0.011179494643494573 115424040.00000001 25.431832828123152 -0.015075398627096502 0.014953370871475443 45.709086295495865 1.4636108302540494
decision_type=2 2 2 2 2 2 2 2 2 2 2 2 2 2 2 2 2 2 2 2 2
left_child=1 2 17 7 5 -5 -7 19 14 10 -6 -11 18 -10 -9 16 -14 -1 -3 -2 -19
right_child=3 12 -4 4 9 6 -8 8 13 11 -12 -13 15 -15 -16 -17 -18 20 -20 -21 -22
leaf_value=0 0 0 0.00012998522789479721 -1.9536628969945009e-05 0 0.00021548209527729825 2.1490329825665371e-05 0 7.4998317173506754e-06 -1.4782550483614923e-05 7.8753787284469126e-05 9.1829470013475034e-07 0 -2.5931537565522416e-05 -7.4353939045200565e-05 0 5.0072507949091559e-05 3.9067171593391335e-05 -6.9258921784492791e-05 2.6085703594557865e-05 0
leaf_weight=44 23 22 34 54 213 20 119 20 161 910 55 1940 23 127 102 27 62 31 29 32 20
leaf_count=44 23 22 34 54 213 20 119 20 161 910 55 1940 23 127 102 27 62 31 29 32 20
internal_value=0 1.08952e-05 4.78753e-05 -4.59044e-07 6.48093e-07 3.02111e-05 7.11049e-05 -1.4791e-05 -2.37256e-05 -2.20601e-07 1.85907e-05 -3.04271e-06 0 0 -6.25896e-05 0 2.46129e-05 0 -4.32792e-05 0 3.03367e-05
internal_weight=4068 292 129 3776 3311 193 139 465 410 3118 268 2850 163 288 122 112 85 95 51 55 51
internal_count=4068 292 129 3776 3311 193 139 465 410 3118 268 2850 163 288 122 112 85 95 51 55 51
is_linear=0
shrinkage=0.03


Tree=348
num_leaves=26
num_cat=0
split_feature=2 20 36 25 28 36 36 35 32 36 36 28 36 25 32 26 32 1 1 21 1 2 35 27 21
split_gain=4.00933e-05 0.000239963 0.000512893 0.000445923 0.000198506 0.000411701 0.000687888 0.000429135 0.000408811 0.000253645 0.000196005 0.000192555 0.000217528 0.000253143 0.000151915 0.000352528 0.000397007 0.00032152 0.00020153 0.000212815 0.000125548 0.000327632 0.000115258 6.25738e-05 1.05929e-10
threshold=54.049999237060554 52.481249713897711 0.0061617538123406373 0.022322663719124159 54091819.000000007 0.0017099020141778654 -0.011785750052911945 0.01055413588562247 0.0008492735384642015 -0.018368701288423332 0.010472833962921141 77330795.500000015 -0.0094187812658998952 0.51487023970244594 -1.0000000180025095e-35 0.79922805920435258 -0.014607545029062861 39.675001144409187 41.975000381469734 50.057499917348231 58.925001144409187 63.19054031372071 0.019909971728855769 0.55489597833950699 70.648992061615004
decision_type=2 2 2 2 2 2 2 2 2 2 2 2 2 2 2 2 2 2 2 2 2 2 2 2 2
left_child=1 14 3 -3 5 6 9 -8 10 -2 -7 12 24 -14 15 17 -17 -1 23 -20 -13 -22 -10 -16 -6
right_child=4 2 -4 -5 11 8 7 -9 22 -11 -12 20 13 -15 18 16 -18 -19 19 -21 21 -23 -24 -25 -26
leaf_value=0.00013256396944507715 0 0.00015186748983630842 0 0 0 9.7938279399984848e-05 0 -9.0444103679415195e-05 -4.0961994931322851e-05 7.6839270275187377e-05 0 -7.5179817281626903e-05 5.863546954089693e-05 0 0 0 -5.5415275998891572e-05 0 4.6259382158313768e-05 0 7.4495873500006685e-05 -1.6156621324436271e-06 0 -2.6852956869988328e-05 -5.3667793967657584e-08
leaf_weight=21 31 48 26 35 20 54 33 190 77 39 20 20 174 20 95 177 214 49 208 105 52 2196 53 78 33
leaf_count=21 31 48 26 35 20 54 33 190 77 39 20 20 174 20 95 177 214 49 208 105 52 2196 53 78 33
internal_value=0 5.3709e-06 4.75265e-05 9.23053e-05 -1.36584e-06 -1.91338e-05 -4.3409e-05 -7.2381e-05 1.03755e-06 6.06306e-06 6.7988e-05 9.53187e-07 2.66103e-05 4.37045e-05 0 -1.18102e-05 -2.77035e-05 3.4082e-05 1.22048e-05 2.84703e-05 -5.19393e-07 0 -1.40365e-05 0 0
internal_weight=4068 1056 109 83 3012 497 293 223 204 70 74 2515 247 194 947 461 391 70 486 313 2268 2248 130 173 53
internal_count=4068 1056 109 83 3012 497 293 223 204 70 74 2515 247 194 947 461 391 70 486 313 2268 2248 130 173 53
is_linear=0
shrinkage=0.03


Tree=349
num_leaves=23
num_cat=0
split_feature=2 5 34 5 28 4 28 32 36 31 5 28 35 0 27 5 23 5 29 22 22 25
split_gain=3.92254e-05 0.000404905 0.000585157 0.000315688 0.000398934 0.000364359 0.000152415 0.000310003 0.000532241 0.000692021 0.000437473 0.000290948 0.000236101 0.000221855 0.000219022 0.000167223 0.000501342 0.000171321 0.000153293 7.95082e-05 6.00238e-05 5.21935e-05
threshold=52.324998855590827 13387555.500000002 -0.029022856958403894 10361254.500000002 -40314767.999999993 51.149999618530281 54091819.000000007 0.0036263331983944496 0.0017099020141778654 0.0016710902750047831 9464545.5000000019 -52821738.999999993 0.010748825392505702 39.436359405517585 0.45611003827029484 12488395.500000002 1.0966490416070196 11355735.500000002 81.087785866731295 46.018204569057765 68.57636681131369 -0.56113046504395336
decision_type=2 2 2 2 2 2 2 2 2 2 2 2 2 2 2 2 2 2 2 2 2 2
left_child=1 3 -3 4 19 -6 7 8 11 -10 12 -2 -9 14 21 17 -17 -15 -16 -1 -12 -8
right_child=6 2 -4 -5 5 -7 13 10 9 -11 20 -13 -14 15 18 16 -18 -19 -20 -21 -22 -23
leaf_value=-1.3558309017668052e-05 0 0 0.00018794062777540118 -8.326174664736438e-05 9.4538170196894225e-05 0 3.5736224525032997e-05 0 0.00013456308052299572 0 4.5494893378438957e-05 -4.4830572340384101e-05 -7.3581317081614341e-05 0 8.6963901341448731e-05 -0.00010090655639240527 0 6.2012147645238417e-05 0 5.1918400873074317e-06 0 -1.5138646977747604e-05
leaf_weight=339 90 23 26 38 79 44 25 37 55 56 26 182 189 2208 71 59 27 40 27 342 20 65
leaf_count=339 90 23 26 38 79 44 25 37 55 56 26 182 189 2208 71 59 27 40 27 342 20 65
internal_value=0 5.88293e-06 8.97217e-05 0 4.98597e-06 5.54891e-05 -1.1852e-06 -1.45459e-05 0 5.80891e-05 -3.91761e-05 -1.95623e-05 -5.99032e-05 1.09573e-06 3.28211e-05 -1.75706e-07 -4.18166e-05 8.46453e-08 6.38348e-05 0 0 0
internal_weight=4068 891 49 842 804 123 3177 655 383 111 272 272 226 2522 188 2334 86 2248 98 681 46 90
internal_count=4068 891 49 842 804 123 3177 655 383 111 272 272 226 2522 188 2334 86 2248 98 681 46 90
is_linear=0
shrinkage=0.03


Tree=350
num_leaves=27
num_cat=0
split_feature=0 24 36 36 5 27 29 35 0 3 28 5 23 27 27 26 22 29 5 26 29 5 28 34 5 28
split_gain=3.74444e-05 0.000161296 0.000216474 0.000353703 0.000293758 0.000278671 0.00017732 0.000558749 0.000246128 0.00024826 0.000157538 0.000146359 0.000116099 0.000289756 0.000410354 0.000267484 0.000250275 0.00029437 0.000282302 0.000356481 0.000147191 0.000247992 0.000139321 0.000101891 9.23506e-05 5.36343e-05
threshold=40.115802764892585 0.41236227041558188 -0.0075376789297906055 -0.014866881952400867 3868543.5000000005 0.92238042294720179 16.461413025919544 0.013922565703558825 38.577772140502937 65.557518005371108 -133731666.99999999 4656219.0000000009 0.98642160529038148 0.75549898208378907 0.85163380992875604 1.4385110661063287 60.950121820170843 90.338268637688287 11841774.500000002 1.4604364290436145 40.622453629310293 4088751.0000000005 108219423.50000001 -0.018809543048327156 15989590.500000002 120112344.00000001
decision_type=2 2 2 2 2 2 2 2 2 2 2 2 2 2 2 2 2 2 2 2 2 2 2 2 2 2
left_child=1 6 3 -3 -4 -6 7 -1 9 -8 -9 -10 16 20 15 -15 18 22 19 -2 23 -22 -18 -14 -20 -16
right_child=12 2 4 -5 5 -7 8 10 11 -11 -12 -13 13 14 25 -17 17 -19 24 -21 21 -23 -24 -25 -26 -27
leaf_value=0.00013366166830689282 -1.1008952049781813e-05 0 8.2671052477080266e-05 0.0001485301653942141 -5.0029315394126097e-05 1.5023811146533473e-05 -2.2577379539892925e-06 -3.6271174345698976e-05 0 -5.9920670055554812e-05 3.0949818846325033e-05 4.3481535453417702e-05 0 0 -2.5041355991445604e-05 -9.2673274271263536e-05 7.7880635365839632e-05 0 -8.0796866479951825e-05 1.4365269898669072e-05 0 5.6929480330140872e-05 0 -4.6051213254651083e-05 0 5.875681937127705e-06
leaf_weight=35 1043 30 37 31 100 49 500 61 64 118 64 98 64 44 69 114 101 29 52 942 34 108 65 46 27 143
leaf_count=35 1043 30 37 31 100 49 500 61 64 118 64 98 64 44 69 114 101 29 52 942 34 108 65 46 27 143
internal_value=0 4.83734e-06 2.64556e-05 7.75832e-05 0 -8.51955e-06 0 2.78528e-05 -6.73503e-06 -1.81293e-05 0 1.82093e-05 -1.43368e-06 -1.32877e-05 -3.16131e-05 -6.83775e-05 5.0273e-07 3.38e-05 -1.19115e-06 0 1.72045e-06 2.99137e-05 5.41934e-05 -7.42066e-06 -5.70005e-05 0
internal_weight=4068 1187 247 61 186 149 940 160 780 618 125 162 2881 622 370 158 2259 195 2064 1985 252 142 166 110 79 212
internal_count=4068 1187 247 61 186 149 940 160 780 618 125 162 2881 622 370 158 2259 195 2064 1985 252 142 166 110 79 212
is_linear=0
shrinkage=0.03


Tree=351
num_leaves=16
num_cat=0
split_feature=34 27 5 30 28 27 29 20 30 20 27 0 5 32 31
split_gain=3.73302e-05 0.00011303 0.000578798 0.00113926 9.81115e-05 0.000321552 0.000341288 0.000200573 0.000256652 0.000219543 7.79364e-05 3.73726e-05 2.64816e-05 0.000144848 4.59315e-05
threshold=-0.082334922536925467 0.10980767911896962 11355735.500000002 29.924509543828758 252813886.00000003 0.44502258054230531 39.456519150453325 87.104483222961434 65.719369422188265 85.69470157623293 0.62064419443399521 36.978618621826179 4627095.5000000009 -0.0066194209083863522 -0.0053742053554655103
decision_type=2 2 2 2 2 2 2 2 2 2 2 2 2 2 2
left_child=11 2 12 -4 7 6 -6 9 -9 -3 -7 -1 13 -2 -14
right_child=1 4 3 -5 5 10 -8 8 -10 -11 -12 -13 14 -15 -16
leaf_value=0 0 -8.2800630266555661e-07 0.0002671935388897001 0 0.00010115638459869552 -2.7418969564700974e-05 0 -2.9701859224648786e-05 0 4.360487024831291e-05 4.365791187319744e-06 -5.1009628162960476e-05 0 7.0413683258128778e-05 -1.9465441373115517e-05
leaf_weight=23 90 2269 23 20 64 88 56 500 205 103 205 25 257 31 109
leaf_count=23 90 2269 23 20 64 88 56 500 205 103 205 25 257 31 109
internal_value=0 6.91588e-07 1.39333e-05 0.000120308 -4.60092e-07 1.19866e-05 5.38873e-05 -3.10599e-06 -1.7266e-05 0 0 -2.56615e-05 0 1.40288e-05 0
internal_weight=4068 4020 530 43 3490 413 120 3077 705 2372 293 48 487 121 366
internal_count=4068 4020 530 43 3490 413 120 3077 705 2372 293 48 487 121 366
is_linear=0
shrinkage=0.03


Tree=352
num_leaves=22
num_cat=0
split_feature=33 33 35 5 32 36 28 22 36 5 25 26 32 26 22 36 36 32 36 20 36
split_gain=3.9332e-05 0.000174162 0.000570495 0.000707865 0.000211563 0.000468119 0.000154788 0.000150824 0.000165629 0.000166716 0.000204689 0.000140867 0.000268522 0.000363713 0.000250746 0.000256758 9.86194e-05 5.03992e-05 4.51805e-05 3.23001e-05 1.42503e-06
threshold=-0.037248309641346115 -0.017218710139040912 0.019709363456406497 9563223.0000000019 -0.015279363199811878 -0.0076923027150006366 125778322.00000001 40.1487379537297 -0.028363823986590528 10361254.500000002 -0.68675223083028059 1.8971584223846636 -0.0084517251946955013 1.4521172701116678 49.290521607512517 -0.013601337235785082 0.0091710659960516795 -0.036820663983881556 -0.0094187812658998952 87.559345245361342 -0.0086092531539372612
decision_type=2 2 2 2 2 2 2 2 2 2 2 2 2 2 2 2 2 2 2 2 2
left_child=7 2 3 6 18 -6 -2 8 -1 10 -10 12 13 -3 15 -13 -14 -9 -4 -16 -19
right_child=1 11 4 -5 5 -7 -8 17 9 -11 -12 14 16 -15 19 -17 -18 20 -20 -21 -22
leaf_value=0 3.6966872928396144e-05 0 1.8600815610601306e-05 0.00023493626839550796 -0.00012617952477748964 0 0 3.7590724206094349e-05 4.8979178325976842e-05 -9.9400374437771293e-05 -4.2078749606531225e-05 0 3.6326996898882436e-06 -5.4503052676612756e-05 8.2575054965507041e-06 6.4400073117840511e-05 -1.1086651295805152e-05 -7.7963689830354384e-06 -5.6416310972980378e-06 -1.2290270761770073e-05 0
leaf_weight=21 229 290 113 20 40 50 127 32 22 47 74 30 1779 207 76 130 531 21 48 158 23
leaf_count=21 229 290 113 20 40 50 127 32 22 47 74 30 1779 207 76 130 531 21 48 158 23
internal_value=0 1.12936e-06 1.59429e-05 4.14478e-05 -1.03175e-05 -4.90912e-05 2.20901e-05 -1.12738e-05 -3.183e-05 -4.69417e-05 0 -8.35492e-07 -4.05669e-06 -2.40643e-05 1.44965e-05 4.3896e-05 0 0 0 0 0
internal_weight=4068 3828 627 376 251 90 356 240 164 143 96 3201 2807 497 394 160 2310 76 161 234 44
internal_count=4068 3828 627 376 251 90 356 240 164 143 96 3201 2807 497 394 160 2310 76 161 234 44
is_linear=0
shrinkage=0.03


Tree=353
num_leaves=18
num_cat=0
split_feature=7 27 32 5 36 5 32 36 33 35 24 5 29 26 20 22 25
split_gain=3.57296e-05 9.60413e-05 0.000197477 0.00012317 8.74398e-05 0.00022054 0.00115976 0.000175048 0.000129574 0.000154789 0.000401893 0.000290713 0.000119461 0.000111712 0.000101705 4.85046e-05 2.51233e-05
threshold=-1.0000000180025095e-35 0.6508584979636991 -0.014341439079781136 4066249.0000000005 -0.0011111054015183603 11355735.500000002 -0.011949834192641172 -0.0020176268981509636 -0.040857649269339373 0.01831891201988841 -0.050447665740112994 5539719.5000000009 61.443193123770854 1.6931901070046453 74.296224212646493 40.332580686432095 -0.2024423514713968
decision_type=2 2 2 2 2 2 2 2 2 2 2 2 2 2 2 2 2
left_child=1 2 -1 -4 5 7 15 12 14 11 -11 -10 -2 -9 -6 -7 -5
right_child=4 -3 3 16 8 6 -8 13 9 10 -12 -13 -14 -15 -16 -17 -18
leaf_value=0 -6.740407100271218e-06 0 0 0 -8.6424343975635299e-05 -3.1462508109174457e-05 0.0001904779114603088 4.8963785861753315e-05 0 3.3551275051617121e-05 -5.5707550019263591e-06 -2.7089411273959266e-05 1.1260582812875464e-05 0 0 0 -9.5091943998352443e-05
leaf_weight=34 1032 39 41 24 29 44 36 110 878 376 384 446 478 24 24 22 47
leaf_count=34 1032 39 41 24 29 44 36 110 878 376 384 446 478 24 24 22 47
internal_value=0 -1.23582e-05 -2.80201e-05 -5.10755e-05 1.00051e-06 6.48274e-06 5.10412e-05 1.89052e-06 -2.07498e-06 0 9.83937e-06 -7.04524e-06 0 3.4909e-05 -4.86771e-05 0 -7.53137e-05
internal_weight=4068 185 146 112 3883 1746 102 1644 2137 2084 760 1324 1510 134 53 66 71
internal_count=4068 185 146 112 3883 1746 102 1644 2137 2084 760 1324 1510 134 53 66 71
is_linear=0
shrinkage=0.03


Tree=354
num_leaves=28
num_cat=0
split_feature=31 22 34 22 33 36 5 23 32 36 0 0 29 31 23 28 23 0 0 29 29 32 29 32 0 29 28
split_gain=3.75442e-05 0.000151851 0.000236202 0.000285599 0.000168892 0.000215643 0.000195769 0.00015964 0.000173885 0.000174526 0.000150151 0.000403923 0.000532131 0.000164193 0.000269986 0.000279425 0.000221306 0.000246857 0.00019075 0.00015178 0.000100992 0.000410004 0.000183414 0.000100946 7.16222e-05 1.41571e-05 1.36423e-05
threshold=0.0044593482766626122 61.949128935535349 0.013643445318537785 51.92037417872524 0.0019120725653380968 0.0075949460369887827 3847176.0000000005 2.2922403228279369 0.051092118114092318 0.00059525341563356848 36.16687202453614 35.286781311035163 23.772571273152895 0.00070386196325233918 1.1867297699589268 228751805.00000003 1.3898965534045546 45.133686065673835 44.094669342041023 53.997725870012168 53.997725870012168 -0.006010850313386106 16.989701047671918 0.0297797433669762 50.27272033691407 43.23435284357538 163582239.50000003
decision_type=2 2 2 2 2 2 2 2 2 2 2 2 2 2 2 2 2 2 2 2 2 2 2 2 2 2 2
left_child=10 2 4 24 6 -6 -2 8 9 -3 11 20 -13 16 15 -15 17 -12 -16 -18 22 -22 -1 -5 -4 -14 -9
right_child=1 7 3 23 5 -7 -8 26 -10 -11 13 12 25 14 18 -17 19 -19 -20 -21 21 -23 -24 -25 -26 -27 -28
leaf_value=0 3.0965354578326403e-06 0 1.8676114322852158e-05 -5.9917225934065865e-05 4.5247080278647712e-05 0 -3.074176754576834e-05 -2.824770842427411e-05 0 4.4770270042185831e-05 -2.30560009856596e-05 0.00022232543079377107 0 8.6242166714014398e-06 0 0.00010047687875308068 5.4799632800182475e-05 0 -5.9864227948348803e-05 0 0.00012556730633325213 0 -3.9414198059008287e-05 0 -2.4960985676717809e-05 1.7193710668338782e-05 0
leaf_weight=83 69 45 97 191 136 154 257 29 30 237 691 20 27 347 21 55 76 950 54 108 28 67 117 55 49 43 32
leaf_count=83 69 45 97 191 136 154 257 29 30 237 691 20 27 347 21 55 76 950 54 108 28 67 117 55 49 43 32
internal_value=0 -3.59594e-06 -1.11616e-05 -2.93677e-05 0 1.70728e-05 -1.43813e-05 8.80634e-06 2.27597e-05 3.35834e-05 2.43489e-06 1.9806e-05 7.55738e-05 0 1.51717e-05 2.86738e-05 -4.56025e-06 -9.40635e-06 -1.71949e-05 2.23457e-05 0 2.79049e-05 -9.17367e-06 -4.9179e-05 0 0 -1.33821e-05
internal_weight=4068 1381 1008 392 616 290 326 373 312 282 2687 385 90 2302 477 402 1825 1641 75 184 295 95 200 246 146 70 61
internal_count=4068 1381 1008 392 616 290 326 373 312 282 2687 385 90 2302 477 402 1825 1641 75 184 295 95 200 246 146 70 61
is_linear=0
shrinkage=0.03


Tree=355
num_leaves=31
num_cat=0
split_feature=27 25 34 1 22 23 25 24 34 35 25 35 36 32 35 29 30 5 32 33 23 28 21 24 23 28 23 24 1 34
split_gain=3.6872e-05 0.000206627 0.000339282 0.000705695 0.00025172 0.000150253 0.00020967 0.000168204 0.000277365 0.000263839 0.000172511 0.000267736 0.000159877 0.00016631 0.000157133 0.000113053 0.000115586 9.66745e-05 0.000183556 0.000503673 0.000363519 0.000140159 0.000184486 9.5404e-05 0.000149847 7.97095e-05 7.41577e-05 6.89798e-05 5.68073e-05 2.31435e-05
threshold=0.53591499484055627 -0.01492927551327594 -0.0070422528420057131 66.873805999755874 44.940195794984341 0.16180587651898296 0.23291151815614533 0.94893915358949577 -0.0048406580368096632 0.019411925862346534 0.22844081778331857 0.025252552571862142 0.012588615022327661 -0.0029261021835787489 0.022197830620211054 46.754133862955861 51.346736243816338 3847176.0000000005 -0.015675090212075578 -0.019201046759892756 0.61035589078309027 89605708.500000015 53.255416584014903 -0.43189177341342994 -0.45783197776250256 233059607.00000003 1.5387861901627817 -0.33377776037842993 64.724998474121108 -0.017690525155622357
decision_type=2 2 2 2 2 2 2 2 2 2 2 2 2 2 2 2 2 2 2 2 2 2 2 2 2 2 2 2 2 2
left_child=1 17 3 4 -3 6 12 10 9 -9 11 -7 13 -2 -12 28 -17 21 20 -20 -19 22 -1 24 -8 -23 -10 -25 -4 -5
right_child=5 2 15 29 -6 7 23 8 26 -11 14 -13 -14 -15 -16 16 -18 18 19 -21 -22 25 -24 27 -26 -27 -28 -29 -30 -31
leaf_value=0 0 0.00013432569211393563 -5.0855064448916297e-05 -1.7772908805801331e-05 0 3.8876011525929318e-05 0 -8.4095553029716111e-05 -1.1905940604803866e-05 0 -1.3152385670757761e-05 0 0 -5.8291353388685503e-05 3.0075661837206038e-05 5.5300349967650673e-05 0 0 -6.7794401896921553e-05 -5.3447083490112776e-07 7.2816156705261792e-05 -1.9077795853951809e-05 6.6500758171603505e-05 7.6251529510943324e-05 -3.4181216085727352e-05 2.34265608311385e-05 1.3423228200079001e-05 0 0 5.4951428079375715e-06
leaf_weight=87 26 76 53 60 48 334 138 75 163 54 294 48 52 185 100 39 153 398 141 717 64 129 76 23 127 45 242 34 26 61
leaf_count=87 26 76 53 60 48 334 138 75 163 54 294 48 52 185 100 39 153 398 141 717 64 129 76 23 127 45 242 34 26 61
internal_value=0 3.06183e-06 1.99823e-05 4.56794e-05 9.61195e-05 -2.60017e-06 -1.58331e-05 1.02005e-06 -9.07938e-06 -4.76933e-05 1.18357e-05 2.62842e-05 -3.57032e-05 -4.76481e-05 0 0 8.99571e-06 -3.978e-07 -5.70125e-06 -1.50904e-05 5.2431e-06 1.14714e-05 3.23325e-05 0 -7.17178e-06 0 0 3.55661e-05 -3.3012e-05 0
internal_weight=4068 2173 516 245 124 1895 585 1310 534 129 776 382 263 211 394 271 192 1657 1320 858 462 337 163 322 265 174 405 57 79 121
internal_count=4068 2173 516 245 124 1895 585 1310 534 129 776 382 263 211 394 271 192 1657 1320 858 462 337 163 322 265 174 405 57 79 121
is_linear=0
shrinkage=0.03


Tree=356
num_leaves=25
num_cat=0
split_feature=27 27 35 5 27 27 0 24 0 20 29 24 24 32 5 34 35 5 30 0 5 22 31 23
split_gain=3.73602e-05 0.000456304 0.00115535 7.56434e-05 0.000322326 0.000303494 0.000459 0.000288706 0.000342972 0.000257396 0.00016397 0.000122447 0.000463665 0.000267468 0.000238747 0.000141956 8.01102e-05 7.293e-05 6.03969e-05 0.000149307 0.000149081 0.000109985 0.000186269 6.84754e-05
threshold=0.077361383547312548 0.064124271305811983 0.017287530191707121 5496384.0000000009 0.26002023672197067 0.50294972887999834 44.463163375854499 -0.23934910995204584 59.800504684448249 59.841250038146981 72.505470139217792 -1.3104625889441965 -1.0136004430971612 -0.0011635915218416446 5154466.0000000009 -0.0059572368271812995 0.017227201546595693 3526347.5000000005 15.742185469612659 36.320087432861335 7249338.5000000009 36.746481345048494 -0.019140046499115933 -0.40949006549099914
decision_type=2 2 2 2 2 2 2 2 2 2 2 2 2 2 2 2 2 2 2 2 2 2 2 2
left_child=1 18 -3 11 7 6 -6 9 -9 -5 -7 13 17 16 -14 -15 -2 -13 19 -1 -21 22 -20 -23
right_child=3 2 -4 4 5 10 -8 8 -10 -11 -12 12 14 15 -16 -17 -18 -19 21 20 -22 23 -24 -25
leaf_value=0 4.2941459645743445e-05 0.00024804737784559698 0 4.3892053599884757e-05 0 -2.0904194262533429e-05 6.1514599179425823e-05 -0.00011359820053480441 0 -2.9537573797641215e-05 0 0 -1.1919608734176224e-06 0 3.3547630091441976e-05 -7.6978380249163476e-05 0 0.00010117474000895722 0 0 -7.1642165620053509e-05 -4.7687424136016624e-05 5.7134898849086591e-05 0
leaf_weight=33 39 24 24 49 185 487 164 71 31 157 466 26 1566 23 190 72 28 53 50 79 60 27 86 78
leaf_count=33 39 24 24 49 185 487 164 71 31 157 466 26 1566 23 190 72 28 53 50 79 60 27 86 78
internal_value=0 8.37259e-06 9.59683e-05 -6.00562e-07 -6.04876e-06 0 2.44013e-05 -3.36565e-05 -7.72215e-05 0 -8.27618e-06 2.28973e-06 5.80844e-06 -1.90392e-05 8.60244e-07 -5.6117e-05 0 7.77295e-05 0 -1.52303e-05 -3.53982e-05 7.73811e-06 2.88683e-05 0
internal_weight=4068 461 48 3607 1610 1302 349 308 102 206 953 1997 1835 162 1756 95 67 79 413 172 139 241 136 105
internal_count=4068 461 48 3607 1610 1302 349 308 102 206 953 1997 1835 162 1756 95 67 79 413 172 139 241 136 105
is_linear=0
shrinkage=0.03


Tree=357
num_leaves=28
num_cat=0
split_feature=29 29 26 35 36 29 21 4 30 21 5 21 5 4 31 29 5 34 27 34 35 30 27 27 5 36 35
split_gain=3.53651e-05 0.000310318 0.000258123 0.000154325 0.000442326 0.00112303 0.00127091 0.000362557 0.000233907 0.000294368 0.000223448 0.00021633 0.000381311 0.000190346 0.000147445 0.00012871 0.000537546 0.000509121 0.000132293 0.000435737 0.000255243 0.00010886 3.73471e-05 2.7648e-05 6.39734e-05 7.20833e-06 2.60415e-06
threshold=33.688051492882529 39.073994994283218 1.3971210737467343 0.019315552673959537 -0.0062499659914579848 12.544909524805542 96.21356608072918 46.824998855590827 34.738135625475728 50.134583346048998 3920169.0000000005 70.648992061615004 5963707.5000000009 39.725000381469734 0.0140479865017773 43.23435284357538 3825615.5000000005 -0.014919220892380789 0.21617374267985087 -0.0070422528420057131 0.02374388594716631 20.698144389042408 0.17932744048096577 0.64763787665290451 4235258.5000000009 0.0010875467339842577 0.013860655126216379
decision_type=2 2 2 2 2 2 2 2 2 2 2 2 2 2 2 2 2 2 2 2 2 2 2 2 2 2 2
left_child=3 2 23 4 5 6 -1 13 10 -10 -6 12 -9 -5 22 16 25 -18 20 -20 -17 -13 -4 24 -2 -3 -7
right_child=1 15 14 7 8 26 -8 11 9 -11 -12 21 -14 -15 -16 18 17 -19 19 -21 -22 -23 -24 -25 -26 -27 -28
leaf_value=0.00025963005278246233 0 -4.4620522734890038e-05 0 0 1.1389943199306471e-05 0 0 0 0 6.4087215474529751e-05 -2.3944044509867349e-05 -3.3232988036903476e-05 7.4321376145594038e-05 -9.2264833870171856e-05 0 -6.9558818442586341e-05 0 0.00010158911141555245 4.5739533963799571e-05 -2.5538219811316488e-06 0 0 -0.00010248221834683748 2.0843759334703534e-05 -3.3049677509395335e-05 0 4.7449225231930292e-06
leaf_weight=40 47 21 20 22 157 43 20 58 21 108 370 110 93 60 20 72 36 99 181 2037 30 126 65 21 67 20 104
leaf_count=40 47 21 20 22 157 43 20 58 21 108 370 110 93 60 20 72 36 99 181 2037 30 126 65 21 67 20 104
internal_value=0 -1.51865e-06 -3.44587e-05 4.37681e-06 1.32008e-05 5.14633e-05 0.000161071 -5.46421e-06 0 3.72416e-05 -7.72592e-06 0 3.3648e-05 -6.4382e-05 -7.01641e-05 4.48041e-07 2.56952e-05 6.46426e-05 -1.75238e-07 3.65353e-08 -3.41587e-05 -1.0003e-05 -8.74033e-05 0 -1.17362e-05 -2.93988e-05 0
internal_weight=4068 2736 240 1332 863 207 60 469 656 129 527 387 151 82 105 2496 176 135 2320 2218 102 236 85 135 114 41 147
internal_count=4068 2736 240 1332 863 207 60 469 656 129 527 387 151 82 105 2496 176 135 2320 2218 102 236 85 135 114 41 147
is_linear=0
shrinkage=0.03


Tree=358
num_leaves=21
num_cat=0
split_feature=22 36 29 26 22 22 36 21 24 5 24 32 34 25 29 5 28 22 29 34
split_gain=3.49998e-05 0.000270825 0.000301998 0.000822027 0.000102047 0.000175351 0.000613409 0.000384545 0.000135654 0.000281365 0.000154096 0.000125491 0.000482988 0.00021313 9.03962e-05 0.000151474 4.89647e-05 0.00010848 2.19357e-05 8.91847e-07
threshold=31.977117536435404 -0.0059987850440006143 18.469234928157068 1.7074026598920427 39.013856365285108 40.452711830214255 -0.0069899415428036097 68.288635540008556 -1.6007076019208089 9875650.5000000019 -0.80170470077513578 -0.015475049817777918 -0.021481873687319516 -0.24921325746447071 12.180122732558159 5569483.0000000009 115424040.00000001 25.431832828123152 45.709086295495865 -0.032613005831287116
decision_type=2 2 2 2 2 2 2 2 2 2 2 2 2 2 2 2 2 2 2 2
left_child=1 2 3 -1 8 6 -6 -8 18 10 -10 12 -7 -13 15 -3 17 -16 -2 -4
right_child=4 14 19 -5 5 11 7 -9 9 -11 -12 13 -14 -15 16 -17 -18 -19 -20 -21
leaf_value=0 0 0 -6.3192905639228674e-06 0.00025296590625006117 -2.0122635773896235e-05 5.6560528892375222e-05 0.00013857507316474506 0 -3.7071236852081674e-05 -9.9686715017535476e-05 0 -2.479171989301011e-05 -1.8480899018149603e-06 0 0 -8.3662829357364062e-05 0 4.7768214169174319e-05 2.4799611841036854e-05 0
leaf_weight=65 23 20 20 20 45 162 54 62 107 46 257 358 228 2402 23 31 27 62 32 24
leaf_count=65 23 20 20 20 45 162 54 62 107 46 257 358 228 2402 23 31 27 62 32 24
internal_value=0 1.028e-05 4.61207e-05 8.01299e-05 -4.08793e-07 5.95782e-07 3.14149e-05 7.72478e-05 -1.40106e-05 -2.28107e-05 -4.83138e-06 -2.8014e-08 1.47319e-05 -3.20103e-06 0 -3.99012e-05 0 2.27561e-05 0 0
internal_weight=4068 292 129 85 3776 3311 161 116 465 410 364 3150 390 2760 163 51 112 85 55 44
internal_count=4068 292 129 85 3776 3311 161 116 465 410 364 3150 390 2760 163 51 112 85 55 44
is_linear=0
shrinkage=0.03


Tree=359
num_leaves=23
num_cat=0
split_feature=33 29 35 30 5 23 31 23 23 26 23 32 5 34 21 26 29 32 2 30 25 26
split_gain=3.48126e-05 0.00018516 0.000443308 0.000680977 0.000853412 0.000169946 0.000295664 9.75635e-05 0.000324197 0.000325679 0.000154238 0.000160525 0.000148371 0.000114471 7.14965e-05 0.000144854 5.63785e-05 4.03709e-05 2.53094e-05 2.52105e-05 3.3858e-06 1.55503e-06
threshold=-0.037248309641346115 16.461413025919544 0.019618672582740356 11.785828719304641 5992227.0000000009 -0.17637863781201443 -0.015697883172858303 1.2007246295742002 1.5387861901627817 1.5369704538076139 0.3867785477447257 0.0065636618667643818 12912490.500000002 0.013961200265326991 82.347647984822615 1.1990609222242676 12.889592475225749 -0.018249694011848169 66.558120727539077 7.3570253434646444 -0.63825065202400655 1.7592634273861492
decision_type=2 2 2 2 2 2 2 2 2 2 2 2 2 2 2 2 2 2 2 2 2 2
left_child=5 2 3 19 -5 6 20 10 9 -9 12 -12 -3 -10 15 -7 17 -4 -8 -2 -1 -22
right_child=1 7 16 4 -6 14 18 8 13 -11 11 -13 -14 -15 -16 -17 -18 -19 -20 -21 21 -23
leaf_value=1.1018305680430692e-05 0 0 0 1.344341303947732e-05 0.0001928273861493766 0 -0.00011245616988437073 0 -1.4030588571473107e-05 -9.1517376814827616e-05 2.3667528059774783e-05 0 -5.2247710689102521e-05 2.0607026087568044e-05 0 6.9683127079398223e-05 0 -6.3388398119324668e-05 0 -1.7498585633294437e-05 0 -7.620484062665641e-06
leaf_weight=25 21 2080 20 135 51 21 37 85 152 80 489 352 53 172 24 40 36 28 38 74 31 24
leaf_count=25 21 2080 20 135 51 21 37 85 152 80 489 352 53 172 24 40 36 28 38 74 31 24
internal_value=0 1.01938e-06 2.16001e-05 4.39708e-05 7.88269e-05 -1.06736e-05 -3.40956e-05 -2.84109e-07 -1.32589e-05 -4.78338e-05 8.40943e-07 1.24082e-05 -2.31375e-06 0 0 3.24521e-05 -1.75266e-05 -3.98997e-05 -7.70981e-05 0 0 0
internal_weight=4068 3828 365 281 186 240 155 3463 489 165 2974 841 2133 324 85 61 84 48 75 95 80 55
internal_count=4068 3828 365 281 186 240 155 3463 489 165 2974 841 2133 324 85 61 84 48 75 95 80 55
is_linear=0
shrinkage=0.03


Tree=360
num_leaves=19
num_cat=0
split_feature=31 31 35 0 20 5 24 1 19 21 28 32 20 31 30 34 28 27
split_gain=3.35002e-05 0.000209749 0.000441988 0.000144181 0.000315863 0.000175705 0.000133082 0.000121251 0.000304758 0.000634519 0.000177675 0.000288533 0.000218679 8.63319e-05 5.97268e-05 2.00243e-05 1.7646e-05 1.00607e-05
threshold=-0.019560817424331464 -0.016319149157372034 0.02343850540334674 57.532184600830085 66.418754291534427 8183209.0000000009 -0.49668623495338921 40.725000381469734 39.190000152587899 40.419166755676279 -76114653.499999985 -0.00093763242611988307 55.89750003814698 -0.029471648773977895 36.972924905205176 0.017083684984823603 272878394.50000006 0.088754114699663947
decision_type=2 2 2 2 2 2 2 2 2 2 2 2 2 2 2 2 2 2
left_child=3 2 -2 4 13 17 -7 8 15 -10 11 -9 -12 -1 -15 -3 -5 -6
right_child=1 7 -4 16 5 6 -8 10 9 -11 12 -13 -14 14 -16 -17 -18 -19
leaf_value=4.4062209910629541e-05 0 -2.0689921969444998e-05 9.9932912992417499e-05 2.3201156629595985e-05 0 -0.00017262106991268661 0 -4.3573213882438349e-05 0.00016893650791811784 0 2.1853966396017849e-05 0 -1.9472733852711199e-06 -4.5228783046210245e-05 0 0 0 -1.5026658330405325e-05
leaf_weight=38 85 42 59 30 23 24 24 226 33 90 392 299 2550 28 40 20 25 40
leaf_count=38 85 42 59 30 23 24 24 226 33 90 392 299 2550 28 40 20 25 40
internal_value=0 9.79783e-07 3.65419e-05 -9.86979e-06 -2.68015e-05 -6.29477e-05 -0.000111534 0 2.31629e-05 5.50896e-05 -1.68261e-06 -1.79718e-05 2.05023e-07 0 -7.39925e-06 0 2.41457e-06 0
internal_weight=4068 3796 144 272 217 111 48 3652 185 123 3467 525 2942 106 68 62 55 63
internal_count=4068 3796 144 272 217 111 48 3652 185 123 3467 525 2942 106 68 62 55 63
is_linear=0
shrinkage=0.03


Tree=361
num_leaves=23
num_cat=0
split_feature=22 36 30 26 33 30 30 30 34 21 35 35 32 36 30 13 32 36 36 21 21 31
split_gain=3.40928e-05 0.000261156 0.00031812 0.000864492 0.000202297 0.000154223 9.99083e-05 0.000679115 0.000717993 0.00114769 0.000343978 0.000129939 0.000109282 0.000108187 0.000122696 9.25253e-05 0.000213554 9.93167e-05 3.8563e-05 3.19187e-05 0.000113446 9.27872e-06
threshold=31.977117536435404 -0.0059987850440006143 27.576016169813332 1.7074026598920427 -0.029926536138619449 19.396872268812743 23.846528084729382 25.875656321656745 -0.019072414143899593 68.288635540008556 0.019411925862346534 0.01567326711089689 -0.0056831333374697804 0.019045441898681858 12.202202304156339 90.000000000000014 0.0010172930147458461 -0.022601424169638916 0.0010269817222131451 74.766065979003926 48.697500006357835 -0.015075398627096502
decision_type=2 2 2 2 2 2 2 2 2 2 2 2 2 2 2 2 2 2 2 2 2 2
left_child=1 2 3 21 5 -3 10 8 -8 -10 11 18 -13 14 -12 17 -17 -9 -2 20 -6 -1
right_child=6 4 -4 -5 19 -7 7 15 9 -11 13 12 -14 -15 -16 16 -18 -19 -20 -21 -22 -23
leaf_value=0 -1.7536292411995448e-05 -0.00010499547600215683 0 0.00023011217545903473 0 0 0 2.4911035971398988e-05 0.00030197118902699539 0 0 6.3064450219192905e-05 0 0 -6.8046199059267312e-05 5.635073999254066e-05 0 -4.5993126987627475e-06 0 0 6.7068434556821329e-05 1.4083945887017274e-05
leaf_weight=36 152 29 26 25 21 20 43 82 25 36 20 51 52 29 131 80 25 2947 103 64 29 42
leaf_count=36 152 29 26 25 21 20 43 82 25 36 20 51 52 29 131 80 25 2947 103 64 29 42
internal_value=0 1.00825e-05 4.52838e-05 7.31077e-05 0 -6.08827e-05 -5.1185e-07 6.2165e-07 7.65284e-05 0.000143368 -1.29079e-05 0 3.18942e-05 -4.70823e-05 -5.73288e-05 -9.4242e-07 2.43178e-05 -2.80923e-06 -6.8778e-06 7.74054e-07 2.3974e-05 0
internal_weight=4068 292 129 103 163 49 3776 3238 104 61 538 358 103 180 151 3134 105 3029 255 114 50 78
internal_count=4068 292 129 103 163 49 3776 3238 104 61 538 358 103 180 151 3134 105 3029 255 114 50 78
is_linear=0
shrinkage=0.03


Tree=362
num_leaves=20
num_cat=0
split_feature=30 30 5 21 24 0 30 30 22 36 21 34 36 21 0 36 36 0 32
split_gain=3.34507e-05 0.000140865 0.000168241 0.000196666 0.000228319 0.000108516 9.96952e-05 0.000180598 0.000226854 0.000147307 0.000187445 0.000113315 8.34302e-05 6.90402e-05 2.06672e-05 7.75113e-05 3.25765e-05 2.98902e-05 7.47071e-06
threshold=82.93147080107785 78.54768442874105 3504982.0000000005 44.058749898274748 -0.70968062592704062 43.171386718750007 72.384959407313318 65.458364796928322 50.800313589169455 0.011195939319377377 56.377916749318452 0.033191255282474137 0.0055157949092549076 55.335416571299241 37.055780410766609 0.0051308505035383206 -0.0055605574641042843 33.519186019897468 0.023227393463950866
decision_type=2 2 2 2 2 2 2 2 2 2 2 2 2 2 2 2 2 2 2
left_child=1 6 -3 -4 -5 14 7 11 -9 10 -8 -1 13 -7 17 16 -16 -2 -11
right_child=5 2 3 4 -6 12 9 8 -10 18 -12 -13 -14 -15 15 -17 -18 -19 -20
leaf_value=0 0 0 0 0 7.3517711250238956e-05 0 0 0 3.8640953520683651e-05 1.6050260010892625e-05 -4.6403764968555049e-05 -3.2426391251770786e-05 0 -4.7150971414276527e-05 0 0 6.2526939521880925e-05 -2.3406958202301527e-05 0
leaf_weight=2723 20 24 25 36 123 22 93 103 249 26 179 97 68 117 26 36 30 49 22
leaf_count=2723 20 24 25 36 123 22 93 103 249 26 179 97 68 117 26 36 30 49 22
internal_value=0 1.12166e-06 2.51315e-05 3.91969e-05 5.37617e-05 -8.31505e-06 0 1.29805e-06 2.18284e-05 -1.6236e-05 -2.82373e-05 -2.01494e-07 -2.43818e-05 -3.77477e-05 0 1.42113e-05 3.9687e-05 0 0
internal_weight=4068 3700 208 184 159 368 3492 3172 352 320 272 2820 207 139 161 92 56 69 48
internal_count=4068 3700 208 184 159 368 3492 3172 352 320 272 2820 207 139 161 92 56 69 48
is_linear=0
shrinkage=0.03


Tree=363
num_leaves=22
num_cat=0
split_feature=29 29 21 22 33 34 1 30 27 29 30 29 28 29 32 33 2 4 1 23 31
split_gain=3.29767e-05 0.00020702 0.000306738 0.000173011 0.000196419 0.000163736 0.000280091 0.00020394 0.000202873 0.000282395 0.000215239 0.00015835 0.000153366 0.000158592 0.000129157 0.000288628 0.00025143 6.95551e-05 0.000181512 4.7273e-05 2.87629e-05
threshold=81.548399252301138 86.767615653018325 55.687083339691171 69.033089674614402 0.0066420386307063381 0.046147707704375936 88.758995056152358 76.435169578168455 0.82109419059962352 64.661815211123994 44.118983745379346 91.209986124242448 10156006.000000002 87.557032933209612 0.018318227266896473 0.0039559215278466295 52.125000000000007 59.432273864746101 73.986663818359389 0.67175691963042194 0.0059627232154412244
decision_type=2 2 2 2 2 2 2 2 2 2 2 2 2 2 2 2 2 2 2 2 2
left_child=5 2 20 4 -4 8 7 -7 14 10 -10 12 -3 -14 15 -1 -16 -13 -19 -11 -2
right_child=1 11 3 -5 -6 6 -8 -9 9 19 -12 17 13 -15 16 -17 -18 18 -20 -21 -22
leaf_value=0 0 0 0 0 -8.7006797528460414e-05 0.00013142358288585406 0 0 0 -1.6047519188289194e-05 -7.8915071932178854e-05 0 0 5.9743740918412459e-05 1.3268985935173778e-05 2.3540639370632384e-05 -3.6399495086776637e-05 -8.7500897336263779e-05 0 1.0008942958197336e-05 2.9326082434291727e-05
leaf_weight=2182 42 58 20 24 108 34 20 23 34 111 97 34 21 113 53 626 205 32 62 139 30
leaf_count=2182 42 58 20 24 108 34 20 23 34 111 97 34 21 113 53 626 205 32 62 139 30
internal_value=0 -6.59837e-06 -3.05961e-05 -5.6518e-05 -7.07692e-05 1.30371e-06 4.45982e-05 8.4264e-05 0 -2.02858e-05 -5.59901e-05 8.32313e-07 2.52964e-05 4.41133e-05 2.89841e-06 5.57237e-06 -1.45717e-05 -1.24358e-05 -2.95934e-05 0 0
internal_weight=4068 544 224 152 128 3524 77 57 3447 381 131 320 192 134 3066 2808 258 128 94 250 72
internal_count=4068 544 224 152 128 3524 77 57 3447 381 131 320 192 134 3066 2808 258 128 94 250 72
is_linear=0
shrinkage=0.03


Tree=364
num_leaves=19
num_cat=0
split_feature=7 25 31 36 5 32 36 30 28 19 5 31 31 31 30 29 30 22
split_gain=3.32128e-05 8.44706e-05 0.000105374 7.51293e-05 0.000207773 0.00106502 0.00016205 0.000261476 0.000127489 0.00025043 0.000736361 0.000202973 0.000199108 0.000185714 0.000164824 0.000121058 5.53723e-05 3.93363e-05
threshold=-1.0000000180025095e-35 0.022322663719124159 -0.0037161004657316195 -0.0011111054015183603 11355735.500000002 -0.011949834192641172 -0.0020176268981509636 26.189483423694139 103925096.00000001 73.454362487792977 6461019.5000000009 0.00054690013126379455 0.0025711916393578176 0.0030662935772406423 17.619627032016101 61.443193123770854 27.576016169813332 40.332580686432095
decision_type=2 2 2 2 2 2 2 2 2 2 2 2 2 2 2 2 2 2
left_child=1 2 16 4 6 17 15 -8 9 13 -11 14 -13 -5 -10 -2 -1 -6
right_child=3 -3 -4 8 5 -7 7 -9 11 10 -12 12 -14 -15 -16 -17 -18 -19
leaf_value=0 -7.0713004997951087e-06 0 0 1.2077347673899962e-05 -2.8333404423355368e-05 0.00018263807991736276 0 5.8582446534770446e-05 0 0 0.00011307341158977936 3.6922739120775688e-05 -8.8079874618785082e-06 -1.4033928971897169e-05 -4.4845749731959073e-05 1.095177885823465e-05 -6.2674593140798064e-05 0
leaf_weight=25 1032 75 22 355 44 36 22 112 25 158 70 96 621 591 221 478 63 22
leaf_count=25 1032 75 22 355 44 36 22 112 25 158 70 96 621 591 221 478 63 22
internal_value=0 -1.21152e-05 -3.06147e-05 8.37397e-07 5.96856e-06 4.90513e-05 1.46802e-06 3.33767e-05 -1.95125e-06 2.80382e-06 3.1998e-05 -1.08628e-05 0 -1.06415e-06 -3.46997e-05 0 -4.74106e-05 0
internal_weight=4068 185 110 3883 1746 102 1644 134 2137 1174 228 963 717 946 246 1510 88 66
internal_count=4068 185 110 3883 1746 102 1644 134 2137 1174 228 963 717 946 246 1510 88 66
is_linear=0
shrinkage=0.03


Tree=365
num_leaves=20
num_cat=0
split_feature=28 21 28 4 0 31 33 35 26 28 24 28 32 3 24 21 24 29 35
split_gain=3.40127e-05 0.000156608 0.000146381 0.000246806 0.000333104 8.13935e-05 0.00018605 0.000576442 0.000165359 0.000164017 0.000206482 8.81839e-05 4.61241e-05 3.81478e-05 0.000104235 0.000135086 5.16833e-05 7.49516e-05 2.08786e-05
threshold=252813886.00000003 100.32885888417563 269699706.00000006 101.53072357177736 58.207710266113288 -0.019560817424331464 -0.017218710139040912 0.016751873625895319 1.8971584223846636 1.0000000180025095e-35 -0.75036189282718124 -146284335.49999997 -0.0084517251946955013 109.96182250976564 1.6951595382663747 115.94475485483807 -0.64374222137275161 76.574811699722588 0.0098242633746871266
decision_type=2 2 2 2 2 2 2 2 2 2 2 2 2 2 2 2 2 2 2
left_child=1 5 3 4 -2 9 7 -7 -8 11 -11 -1 -3 16 15 -15 -4 -18 -14
right_child=2 12 13 -5 -6 6 8 -9 -10 10 -12 -13 18 14 -16 -17 17 -19 -20
leaf_value=-7.03918486179541e-06 0 0 0 0 0.00012885896325023013 5.0743700791128393e-05 -3.8627374493795132e-06 -2.0352748091925101e-06 2.3022799643891875e-05 -9.2889224355542876e-05 0 3.8332155794510347e-05 0 7.0583242570809357e-05 0 0 -2.7872691089307726e-05 0 -6.5662066953087669e-05
leaf_weight=27 30 42 36 41 41 269 2471 305 213 46 109 53 27 47 21 26 166 51 47
leaf_count=27 30 42 36 41 41 269 2471 305 213 46 109 53 27 47 21 26 166 51 47
internal_value=0 -7.10663e-07 7.91876e-06 3.78422e-05 7.33618e-05 0 1.65591e-06 1.74781e-05 -6.10652e-07 -1.65405e-05 -3.69654e-05 0 -3.50672e-05 0 1.43078e-05 3.933e-05 -7.71621e-06 -1.68425e-05 -4.98691e-05
internal_weight=4068 3609 459 112 71 3493 3258 574 2684 235 155 80 116 347 94 73 253 217 74
internal_count=4068 3609 459 112 71 3493 3258 574 2684 235 155 80 116 347 94 73 253 217 74
is_linear=0
shrinkage=0.03


Tree=366
num_leaves=21
num_cat=0
split_feature=28 28 1 0 3 28 23 31 28 19 30 32 25 3 24 36 24 29 24 36
split_gain=3.20876e-05 0.000135364 0.000256074 0.000315197 0.000126887 0.000257267 0.000265855 0.000242053 0.000115651 0.000531506 0.000155342 0.0001476 0.000145062 3.28048e-05 9.87345e-05 5.79111e-05 4.88822e-05 7.15795e-05 2.63559e-05 6.30416e-05
threshold=252813886.00000003 269699706.00000006 101.20204162597658 58.207710266113288 92.320793151855483 127284315.00000001 2.2395669668408904 0.013884723666410916 203178650.00000003 65.156850433349618 15.742185469612659 -0.017442526076148209 -0.44702631283342592 109.96182250976564 1.6951595382663747 0.0025641164970736214 -0.64374222137275161 76.574811699722588 0.89111661839658474 -0.0074336679718996742
decision_type=2 2 2 2 2 2 2 2 2 2 2 2 2 2 2 2 2 2 2 2
left_child=4 2 3 -2 8 18 7 -7 10 -10 11 -1 -12 16 15 -15 -3 -18 19 -6
right_child=1 13 -4 -5 5 6 -8 -9 9 -11 12 -13 -14 14 -16 -17 17 -19 -20 -21
leaf_value=0 0 0 0 0.00012401853844587173 0 -6.2738812199738666e-05 0 0 0 0.0001556508128673294 2.7611136413259409e-05 -3.668001142319857e-05 0 6.1164841616101503e-05 0 0 -2.7037013205163016e-05 0 -1.2759035013510344e-06 2.2336311372576175e-05
leaf_weight=93 30 36 39 43 33 204 49 26 21 24 188 193 2566 42 21 31 166 51 51 161
leaf_count=93 30 36 39 43 33 204 49 26 21 24 188 193 2566 42 21 31 166 51 51 161
internal_value=0 7.6591e-06 3.64284e-05 7.20262e-05 -7.34527e-07 -1.47944e-05 -3.52222e-05 -5.04444e-05 6.81593e-07 4.83702e-05 0 -2.10658e-05 2.15976e-06 0 1.32501e-05 3.79686e-05 -7.16779e-06 -1.62031e-05 0 1.10353e-05
internal_weight=4068 459 112 73 3609 524 279 230 3085 45 3040 286 2754 347 94 73 253 217 245 194
internal_count=4068 459 112 73 3609 524 279 230 3085 45 3040 286 2754 347 94 73 253 217 245 194
is_linear=0
shrinkage=0.03


Tree=367
num_leaves=23
num_cat=0
split_feature=33 29 35 30 5 23 31 23 23 27 36 35 29 0 21 21 29 32 30 0 28 36
split_gain=3.33211e-05 0.00017492 0.000418065 0.000677781 0.000883164 0.000160412 0.000290685 9.25881e-05 0.000306725 0.000250635 0.000148883 0.000260152 0.000207952 9.97249e-05 6.52665e-05 0.000102325 6.27638e-05 3.32338e-05 3.21162e-05 1.48678e-05 1.32458e-05 1.86679e-06
threshold=-0.037248309641346115 16.461413025919544 0.019315552673959537 11.785828719304641 5992227.0000000009 -0.17637863781201443 -0.015697883172858303 1.2007246295742002 1.5387861901627817 0.91823509383893021 -0.005053058350761871 0.01831891201988841 74.477073566624043 64.052852630615249 72.923333422342949 53.255416584014903 12.889592475225749 -0.018249694011848169 7.3570253434646444 37.431978225708015 107555540.00000001 -0.0064746041506887385
decision_type=2 2 2 2 2 2 2 2 2 2 2 2 2 2 2 2 2 2 2 2 2 2
left_child=5 2 3 18 -5 6 19 10 9 -9 12 -12 -3 -10 15 -7 17 -4 -2 -1 -21 -8
right_child=1 7 16 4 -6 14 21 8 13 -11 11 -13 -14 -15 -16 -17 -18 -19 -20 20 -22 -23
leaf_value=1.8952050068289285e-05 0 0 0 1.294953202919286e-05 0.00019669833727031113 0 0 -7.03015624807523e-05 1.3019520495536632e-05 0 0 2.1178522490408038e-05 -4.0573239905847445e-05 -2.5156771688163712e-05 0 7.6019919274010868e-05 0 -5.8231555145170968e-05 -2.0162704633303252e-05 -2.3108817094199155e-05 0 -9.8144610691454221e-05
leaf_weight=36 21 713 20 135 49 27 30 118 249 47 1423 687 151 75 32 26 38 31 71 23 21 45
leaf_count=36 21 713 20 135 49 27 30 118 249 47 1423 687 151 75 32 26 38 31 71 23 21 45
internal_value=0 9.19498e-07 2.09534e-05 4.32932e-05 7.82584e-05 -1.05557e-05 -3.32161e-05 -3.26345e-07 -1.29531e-05 -4.65734e-05 7.41472e-07 5.92386e-06 -8.44198e-06 0 0 3.32598e-05 -1.46258e-05 -3.84502e-05 0 0 -3.0661e-06 -7.5909e-05
internal_weight=4068 3828 365 276 184 240 155 3463 489 165 2974 2110 864 324 85 53 89 51 92 80 44 75
internal_count=4068 3828 365 276 184 240 155 3463 489 165 2974 2110 864 324 85 53 89 51 92 80 44 75
is_linear=0
shrinkage=0.03


Tree=368
num_leaves=23
num_cat=0
split_feature=36 35 5 26 26 25 26 25 31 5 22 23 36 27 5 21 26 26 34 25 5 23
split_gain=3.2166e-05 0.000180665 0.000215029 0.000173962 0.000162699 0.000100854 0.000203168 0.000382792 7.82453e-05 0.000202012 0.00148502 0.000397582 0.000170542 0.000140926 0.000232418 0.000101666 0.00023698 0.000118366 4.00391e-05 0.000108638 1.24272e-05 3.09769e-05
threshold=0.012844554875967666 0.029178886002983139 6747394.5000000009 1.7734480653440914 1.2663458278243143 0.51487023970244594 1.1761562958242722 0.29151221962449331 -0.019560817424331464 11355735.500000002 39.993405594477572 0.83287768664627049 -0.022601424169638916 0.26810950126642552 8547416.5000000019 86.840037727355977 1.2833335066642875 1.3706683850796721 -0.001995079921638165 -0.41605415216836933 10361254.500000002 0.79786961238951559
decision_type=2 2 2 2 2 2 2 2 2 2 2 2 2 2 2 2 2 2 2 2 2 2
left_child=8 2 3 4 -2 6 -3 -8 12 15 -11 -12 18 14 -14 16 -10 -17 19 -1 21 -4
right_child=1 5 20 -5 -6 -7 7 -9 9 10 11 -13 13 -15 -16 17 -18 -19 -20 -21 -22 -23
leaf_value=0 0 0 2.4287659745167958e-05 0 -0.00010131805663308095 0 0 0.00017606618983580715 -1.6236494220728886e-06 0.00023071229660681918 -7.1095189370338864e-05 5.4027717434213955e-05 0 0 -0.00010860074187206627 4.8684497151616917e-06 1.6486262502348296e-05 -1.3052922369751383e-05 0 5.4469636199141982e-05 -6.9250590930660666e-06 0
leaf_weight=28 66 35 64 37 66 32 76 20 1191 29 51 34 59 71 45 268 994 784 21 45 26 26
leaf_count=28 66 35 64 37 66 32 76 20 1191 29 51 34 59 71 45 268 994 784 21 45 26 26
internal_value=0 -7.37516e-06 -2.52673e-05 -4.71258e-05 -6.34672e-05 5.51132e-06 2.70212e-05 5.38404e-05 1.12429e-06 3.11796e-06 4.31473e-05 0 -1.25551e-05 -3.34488e-05 -5.56801e-05 7.80174e-07 5.24235e-06 -5.63593e-06 0 2.22026e-05 0 1.04996e-05
internal_weight=4068 448 285 169 132 163 131 96 3620 3351 114 85 269 175 104 3237 2185 1052 94 73 116 90
internal_count=4068 448 285 169 132 163 131 96 3620 3351 114 85 269 175 104 3237 2185 1052 94 73 116 90
is_linear=0
shrinkage=0.03


Tree=369
num_leaves=27
num_cat=0
split_feature=28 28 3 24 24 27 22 33 29 32 34 24 35 36 32 33 32 33 23 5 33 33 30 32 27 22
split_gain=3.3048e-05 0.000194034 0.000365767 0.000203418 0.000250583 0.000109663 0.000372207 0.000365862 0.000809879 0.00028375 0.000177599 0.000370183 0.00014576 0.000101858 0.00032022 0.000406264 0.000211042 0.000606192 0.000225616 0.000165865 7.57459e-05 0.000289185 6.44708e-05 0.000184312 4.40097e-05 3.60255e-05
threshold=165679687.50000003 136987534.50000003 81.928344726562514 1.6303900150743778 -0.91584500998881502 0.6369971143201244 46.870616751347384 -0.017438862269534002 39.757325201520388 -0.015876225668148777 0.0016434003336227578 2.2571966515495863 0.012527615094643159 0.0029251856848195854 0.0056979549284577055 0.0024435729658883747 -0.008178129784180364 -0.017438862269534002 -0.13868128532423893 6821562.0000000009 0.0019120725653380968 -0.0065708740628754861 50.159459379924321 0.016315106594793519 0.46942725134976104 43.767231862282962
decision_type=2 2 2 2 2 2 2 2 2 2 2 2 2 2 2 2 2 2 2 2 2 2 2 2 2 2
left_child=1 13 20 4 -4 6 7 25 -9 -8 11 -7 -11 16 15 -15 18 -18 -1 -16 21 -3 -12 -24 -22 -2
right_child=5 2 3 -5 -6 10 9 8 -10 12 22 -13 -14 14 19 -17 17 -19 -20 -21 24 -23 23 -25 -26 -27
leaf_value=-2.8854223540351457e-05 -1.9752672064519023e-05 0 0 0 -7.6597562087689339e-05 0.00012403516440191874 0 0.00013101492939210165 0 0 -2.2980876268286552e-05 0 -7.2308565841459557e-05 7.7577762749511235e-07 -1.7303483428421006e-05 7.8578438763953168e-05 9.619645244517567e-05 0 0 1.2890161772654421e-05 0 0.00011671926768755546 0 5.188170276078106e-05 -2.509028062655364e-05 0
leaf_weight=461 83 68 37 46 156 40 31 67 61 43 36 25 120 310 370 119 61 984 335 233 22 24 172 76 63 25
leaf_count=461 83 68 37 46 156 40 31 67 61 43 36 25 120 310 370 119 61 984 335 233 22 24 172 76 63 25
internal_value=0 -1.17178e-06 -2.06873e-05 -4.60605e-05 -5.97918e-05 5.69032e-06 0 1.99107e-05 5.74554e-05 -3.52651e-05 1.88409e-05 6.60218e-05 -5.51883e-05 6.10459e-07 8.91381e-06 2.93621e-05 -2.41488e-06 4.35619e-06 -1.50718e-05 -6.62117e-07 0 2.71836e-05 0 1.25311e-05 -1.15798e-06 0
internal_weight=4068 3289 416 239 193 779 430 236 128 194 349 65 163 2873 1032 429 1841 1045 796 603 177 92 284 248 85 108
internal_count=4068 3289 416 239 193 779 430 236 128 194 349 65 163 2873 1032 429 1841 1045 796 603 177 92 284 248 85 108
is_linear=0
shrinkage=0.03


Tree=370
num_leaves=25
num_cat=0
split_feature=27 27 36 5 27 23 0 27 22 20 26 5 24 23 36 20 23 32 30 0 5 22 30 23
split_gain=3.27078e-05 0.000304544 0.00115077 7.63132e-05 0.000296259 0.000433731 0.000338213 0.000258274 0.000488546 0.00022323 0.000164304 0.000111415 0.000227332 0.000562455 0.000111605 0.000130139 8.65541e-05 6.28093e-05 5.09544e-05 0.000143304 0.000139612 0.000100993 0.000112925 6.27689e-05
threshold=0.082373903979049853 0.064124271305811983 -0.0063999721619081148 5496384.0000000009 0.25084799247640194 -0.41520476078035168 60.654859542846687 0.50294972887999834 43.269193307061677 60.254999828338633 1.4933854486000782 4291962.5000000009 -1.2879882721770721 -0.83925754298394029 0.0075949460369887827 97.158853340148937 0.91269705356382513 -0.0056831333374697804 15.742185469612659 36.320087432861335 7249338.5000000009 36.746481345048494 28.951770012761028 -0.40949006549099914
decision_type=2 2 2 2 2 2 2 2 2 2 2 2 2 2 2 2 2 2 2 2 2 2 2 2
left_child=1 18 -3 11 5 9 -7 8 -6 -5 -9 14 17 -14 16 -16 -2 -13 19 -1 -21 22 -20 -23
right_child=3 2 -4 4 7 6 -8 10 -10 -11 -12 12 13 -15 15 -17 -18 -19 21 20 -22 23 -24 -25
leaf_value=0 5.5587596794559206e-06 0.00024057483923464238 0 4.6958703143413882e-05 -1.4452066993215374e-05 -0.00011916029698847719 0 0 4.7728861719874684e-05 -2.5598312687664245e-05 -2.0895551203163762e-05 0 0.00011628648549985007 6.9119736982257133e-06 -4.0484851352939353e-05 0 -1.7859294743483512e-05 -3.9417487464360461e-05 4.7294461000722227e-05 0 -6.9373322873257754e-05 -4.5657153106556608e-05 0 0
leaf_weight=33 858 23 41 47 104 72 20 461 256 148 492 25 55 676 135 20 161 61 91 79 60 27 45 78
leaf_count=33 858 23 41 47 104 72 20 461 256 148 492 25 55 676 135 20 161 61 91 79 60 27 45 78
internal_value=0 7.54541e-06 6.85546e-05 -7.95782e-07 -6.24369e-06 -3.38523e-05 -8.83784e-05 0 2.14354e-05 0 -8.38363e-06 2.07564e-06 1.13354e-05 1.92594e-05 -1.81359e-06 -2.59328e-05 0 -2.11199e-05 0 -1.41825e-05 -3.42937e-05 6.82859e-06 2.73944e-05 0
internal_weight=4068 477 64 3591 1600 287 92 1313 360 195 953 1991 817 731 1174 155 1019 86 413 172 139 241 136 105
internal_count=4068 477 64 3591 1600 287 92 1313 360 195 953 1991 817 731 1174 155 1019 86 413 172 139 241 136 105
is_linear=0
shrinkage=0.03


Tree=371
num_leaves=21
num_cat=0
split_feature=28 21 5 23 29 31 31 28 29 27 35 36 29 31 2 26 32 35 4 22
split_gain=3.10881e-05 0.000151092 0.00012686 0.000263304 0.000312671 0.00037281 9.46189e-05 0.000119543 0.000189415 7.55411e-05 0.000328226 0.000814756 0.000140885 0.00036812 0.000140672 0.000137768 4.4253e-05 1.54448e-05 6.85717e-06 1.5472e-09
threshold=252813886.00000003 100.32885888417563 4541355.5000000009 0.79786961238951559 40.009863632197749 -0.00091703073932025692 -0.012552186939058794 267450651.50000003 76.574811699722588 0.12467334736391862 0.019411925862346534 -0.0062499659914579848 40.622453629310293 -0.0054495565408249061 69.899715423583999 1.9163568377155504 -0.0084517251946955013 0.0098242633746871266 102.90970611572267 60.950121820170843
decision_type=2 2 2 2 2 2 2 2 2 2 2 2 2 2 2 2 2 2 2 2
left_child=1 9 3 4 5 -2 18 -8 -9 10 11 -1 13 -11 -12 -14 -3 -18 -4 -5
right_child=2 16 6 19 -6 -7 7 8 -10 12 14 -13 15 -15 -16 -17 17 -19 -20 -21
leaf_value=0.00011328524639290743 0 0 4.0095906836999584e-05 -2.1159945057152003e-07 0 0.0002223835366347165 0 -4.5814859646925766e-05 0 -4.1490947986324115e-05 -3.1987316306796074e-05 0 0 0 0 2.787343382046273e-05 0 -6.3803124306678515e-05 0 0
leaf_weight=84 21 42 35 31 54 20 38 149 58 267 134 225 1894 623 100 166 27 47 32 21
leaf_count=84 21 42 35 31 54 20 38 149 58 267 134 225 1894 623 100 166 27 47 32 21
internal_value=0 -7.49193e-07 7.51873e-06 3.08643e-05 6.29707e-05 0.000126578 0 -1.19326e-05 -2.623e-05 0 1.06173e-05 3.34581e-05 -1.5143e-06 -1.20154e-05 -6.73064e-06 1.56672e-06 -3.44776e-05 -4.89893e-05 2.73679e-05 0
internal_weight=4068 3609 459 147 95 41 312 245 207 3493 543 309 2950 890 234 2060 116 74 67 52
internal_count=4068 3609 459 147 95 41 312 245 207 3493 543 309 2950 890 234 2060 116 74 67 52
is_linear=0
shrinkage=0.03


Tree=372
num_leaves=20
num_cat=0
split_feature=28 21 28 1 0 27 32 36 29 31 26 32 32 3 36 22 29 25 35
split_gain=3.13765e-05 0.000144483 0.000118889 0.000241138 0.000290404 7.12527e-05 0.000325211 0.000940588 0.000132313 0.000346673 0.000129772 4.62669e-05 4.16488e-05 2.75401e-05 8.57745e-05 4.11745e-05 8.71674e-05 2.37688e-05 1.46699e-05
threshold=252813886.00000003 100.32885888417563 269699706.00000006 101.20204162597658 58.207710266113288 0.12467334736391862 -0.008888193919753538 -0.0063999721619081148 40.622453629310293 -0.0054495565408249061 1.9163568377155504 -0.015675090212075578 -0.0079191039201895724 109.96182250976564 0.010673673712297807 44.271999423202736 76.574811699722588 0.29677767344404982 0.0098242633746871266
decision_type=2 2 2 2 2 2 2 2 2 2 2 2 2 2 2 2 2 2 2
left_child=1 5 3 4 -2 6 11 -8 9 -7 -10 -1 -3 15 17 -4 -17 -15 -14
right_child=2 12 13 -5 -6 8 7 -9 10 -11 -12 -13 18 14 -16 16 -18 -19 -20
leaf_value=2.8725817020375351e-06 0 0 0 0 0.00011914095561789334 -4.0246685406074847e-05 0.0001961982007818955 0 0 0 2.7037736875860693e-05 -1.9112580400566813e-05 0 4.6250988787012486e-05 0 -2.8331089815089296e-05 0 0 -6.362334963583703e-05
leaf_weight=305 30 44 42 39 43 267 31 100 1894 623 166 107 27 53 21 156 55 20 45
leaf_count=305 30 44 42 39 43 267 31 100 1894 623 166 107 27 53 21 156 55 20 45
internal_value=0 -7.14113e-07 7.5829e-06 3.44963e-05 6.92368e-05 0 1.03284e-05 5.17155e-05 -1.44869e-06 -1.16421e-05 1.49934e-06 0 -3.37027e-05 0 1.26256e-05 -6.21809e-06 -1.48963e-05 3.5514e-05 -4.84659e-05
internal_weight=4068 3609 459 112 73 3493 543 131 2950 890 2060 412 116 347 94 253 211 73 72
internal_count=4068 3609 459 112 73 3493 543 131 2950 890 2060 412 116 347 94 253 211 73 72
is_linear=0
shrinkage=0.03


Tree=373
num_leaves=24
num_cat=0
split_feature=29 25 27 26 25 5 21 29 31 32 25 34 30 22 35 26 25 4 5 21 26 34 36
split_gain=3.1286e-05 0.000214385 0.000376094 0.000432691 0.000275504 0.000278664 0.000201888 0.000193948 0.00021104 0.000182408 0.000173729 0.000138472 0.000133639 0.000131442 0.000127388 9.30232e-05 0.00028969 0.000288578 7.50598e-05 3.71498e-05 2.72299e-05 5.82458e-06 5.36423e-06
threshold=81.548399252301138 0.25822304497818366 0.94823568327606222 1.6039146876466166 0.37095719587326542 9057346.0000000019 55.776666704813643 84.634139566780973 -0.0026084821377909679 0.021794581061443278 0.63107202642944438 0.03457747599784667 67.691113144116812 61.084446501380029 0.022197830620211054 1.4435463495348106 -0.31033708928118725 55.350000381469734 7962630.5000000009 67.056044546763118 1.2896488524416008 0.030407961971345657 0.0020232800440964783
decision_type=2 2 2 2 2 2 2 2 2 2 2 2 2 2 2 2 2 2 2 2 2 2 2
left_child=1 11 4 9 6 -6 -3 8 -2 -4 13 15 19 21 -15 17 -17 -1 -12 -13 -10 -9 -22
right_child=7 2 3 -5 5 -7 -8 10 20 -11 18 12 -14 14 -16 16 -18 -19 -20 -21 22 -23 -24
leaf_value=4.1399528738832061e-06 -9.8245637183614118e-05 0 0 0 0 -8.8406342154360786e-05 4.6996073503882839e-05 -9.8436241661750985e-06 1.5239097012811826e-06 0.00021640362907442951 0 -0.00010822139181393772 0 0 7.6697112864017097e-05 -7.631575286460117e-06 1.9308998991878961e-05 -1.9651086178064249e-05 -6.7298390257430828e-05 0 0 0 -3.0669512038517415e-05
leaf_weight=869 40 44 22 28 264 35 186 54 35 23 42 24 30 137 49 500 744 732 37 23 22 97 31
leaf_count=869 40 44 22 28 264 35 186 54 35 23 42 24 30 137 49 500 744 732 37 23 22 97 31
internal_value=0 1.25976e-06 1.79786e-05 8.50039e-05 3.04505e-06 -8.87005e-06 3.15696e-05 -6.43985e-06 -3.92273e-05 0.00014264 0 -1.15856e-06 -4.08322e-05 1.28752e-05 3.05932e-05 0 6.06967e-06 -4.86449e-06 -3.56402e-05 -7.26831e-05 0 0 -2.14474e-05
internal_weight=4068 3524 602 73 529 299 230 544 128 45 416 2922 77 337 186 2845 1244 1601 79 47 88 151 53
internal_count=4068 3524 602 73 529 299 230 544 128 45 416 2922 77 337 186 2845 1244 1601 79 47 88 151 53
is_linear=0
shrinkage=0.03


Tree=374
num_leaves=28
num_cat=0
split_feature=31 20 26 28 20 26 31 28 1 20 25 33 28 26 26 24 25 25 35 33 27 27 23 21 33 19 34
split_gain=3.20168e-05 0.000130495 0.00040569 0.000204494 0.000154795 0.000147162 0.000140616 0.000232534 0.000128821 0.00053403 0.000322578 0.000393403 0.000220896 0.000226535 0.000207227 0.000304609 0.000199039 0.000258022 0.000189033 0.000164403 0.000120771 0.000433504 0.000167321 0.000104086 5.26693e-05 7.99572e-06 1.04255e-06
threshold=0.0044593482766626122 67.330913066864028 1.9163568377155504 107555540.00000001 76.403366279602054 1.4820128835556585 -0.00054497778008039111 120773693.50000001 70.003318786621108 55.89750003814698 -0.11890640212106206 0.028401141178260206 136401802.00000003 1.7126853872825138 1.1563532382340851 -0.031445556296864498 0.45623461907660112 -0.1259176135989282 0.014171853562389966 0.01209439657678202 0.78611607209008461 0.63389702715393947 1.0833604736754057 60.140833441416426 0.0013808968227488896 71.196535491943379 -0.025038084024280201
decision_type=2 2 2 2 2 2 2 2 2 2 2 2 2 2 2 2 2 2 2 2 2 2 2 2 2 2 2
left_child=1 2 3 5 6 -1 7 -3 9 14 26 -12 16 18 19 -16 17 -10 -14 -2 21 -6 -22 -5 -15 -8 -11
right_child=8 4 -4 23 20 -7 25 -9 12 10 11 -13 13 24 15 -17 -18 -19 -20 -21 22 -23 -24 -25 -26 -27 -28
leaf_value=4.7639054258674514e-06 3.2736851729113224e-06 -5.6146594790004278e-05 0.00011422618305171295 0 0 -3.7639489242210678e-05 1.3743190275409847e-05 0 0 -5.884166107585173e-06 -0.000116130346181929 0 0 -1.9813621572653179e-06 8.3759611996742328e-05 0 0 5.1920518262861897e-05 -6.3315188608104774e-05 -2.8993498667249124e-05 0 4.4475439668995557e-05 -4.6106857221307395e-05 0.0001108771672929324 1.7500869831567429e-05 0 0
leaf_weight=898 152 152 36 22 888 79 38 83 114 27 93 40 58 52 64 29 48 214 102 187 108 222 99 24 154 38 47
leaf_count=898 152 152 36 22 888 79 38 83 114 27 93 40 58 52 64 29 48 214 102 187 108 222 99 24 154 38 47
internal_value=0 2.10516e-06 1.08402e-05 4.25893e-06 -1.73461e-06 0 -2.14885e-05 -3.39017e-05 -3.49878e-06 -1.42929e-05 -5.43247e-05 -8.22992e-05 1.75504e-06 -9.81789e-06 0 4.34243e-05 2.09964e-05 3.24241e-05 -3.86507e-05 -5.68197e-06 6.53673e-07 6.65563e-06 -1.70327e-05 6.62936e-05 0 0 0
internal_weight=4068 2687 1059 1023 1628 977 311 235 1381 639 207 133 742 366 432 93 376 328 160 339 1317 1110 207 46 206 76 74
internal_count=4068 2687 1059 1023 1628 977 311 235 1381 639 207 133 742 366 432 93 376 328 160 339 1317 1110 207 46 206 76 74
is_linear=0
shrinkage=0.03


Tree=375
num_leaves=31
num_cat=0
split_feature=27 25 34 3 22 27 36 5 26 5 36 32 5 32 33 23 5 22 25 22 27 25 3 22 35 22 35 25 34 23
split_gain=3.12318e-05 0.000189449 0.000307685 0.000653634 0.00023616 0.000138596 0.000158305 0.000117129 0.000249731 0.000126403 0.000114375 0.000144911 9.96165e-05 0.000173963 0.000462895 0.000311293 8.87794e-05 0.000186794 8.54613e-05 7.84477e-05 5.56418e-05 0.000203325 5.02715e-05 4.99098e-05 3.29163e-05 2.93458e-05 8.9566e-05 2.0243e-05 1.93571e-05 6.88942e-06
threshold=0.53591499484055627 -0.01492927551327594 -0.0070422528420057131 65.916374206542983 44.940195794984341 0.66365047970207536 -0.0092151652653305102 5806599.5000000009 1.4933854486000782 4162404.0000000005 -0.017398179524935217 0.0076110886374998197 3847176.0000000005 -0.015675090212075578 -0.019201046759892756 0.61035589078309027 3330877.0000000005 46.474456278064316 0.15816124710449075 54.511594795109318 0.36301480091050725 0.046795907738116892 65.044673919677749 57.58843814393493 0.022115470574432038 49.58805268761602 0.018136949605358745 0.37754009761758239 -0.017690525155622357 -0.98694250692351904
decision_type=2 2 2 2 2 2 2 2 2 2 2 2 2 2 2 2 2 2 2 2 2 2 2 2 2 2 2 2 2 2
left_child=1 12 3 4 -3 18 10 9 -9 -8 -7 -12 16 15 -15 -14 29 -18 19 24 22 -22 -4 -21 -2 26 -20 -27 -5 -1
right_child=5 2 20 28 -6 6 7 8 -10 -11 11 -13 13 14 -16 -17 17 -19 25 23 21 -23 -24 -25 -26 27 -28 -29 -30 -31
leaf_value=-1.4352562600991177e-05 -4.6909487459333167e-05 0.00012881118403570226 -4.2611670594165391e-05 -1.6623620773292145e-05 0 0 -2.7850433088470622e-06 0 -3.3675866123175552e-05 1.8331267004026586e-05 7.1978013462984004e-05 0 0 -6.5774176349016252e-05 -8.8490273002463727e-07 6.7173206205981058e-05 5.3166691558519115e-05 0 0 5.8944601013399313e-06 6.2409156115736283e-05 0 0 -2.7919387600432847e-05 0 2.4551932334157204e-05 -4.9640868854460444e-05 0 3.6479275673723091e-06 0
leaf_weight=30 143 76 50 60 48 56 321 302 283 365 72 32 398 141 717 64 103 48 40 79 48 152 21 54 35 56 37 20 61 156
leaf_count=30 143 76 50 60 48 56 321 302 283 365 72 32 398 141 717 64 103 48 40 79 48 152 21 54 35 56 37 20 61 156
internal_value=0 2.63568e-06 1.89301e-05 4.34094e-05 9.1989e-05 -2.62039e-06 2.07368e-08 -1.3435e-06 -1.28289e-05 4.07881e-06 2.95902e-05 4.83263e-05 -6.28959e-07 -5.9601e-06 -1.5051e-05 4.43059e-06 1.13488e-05 2.85681e-05 -1.72281e-05 -2.62682e-05 0 4.66395e-06 -2.53596e-05 0 -4.00215e-05 0 -1.18426e-05 1.43168e-05 0 0
internal_weight=4068 2173 516 245 124 1895 1431 1271 585 686 160 104 1657 1320 858 462 337 151 464 311 271 200 71 133 178 153 77 76 121 186
internal_count=4068 2173 516 245 124 1895 1431 1271 585 686 160 104 1657 1320 858 462 337 151 464 311 271 200 71 133 178 153 77 76 121 186
is_linear=0
shrinkage=0.03


Tree=376
num_leaves=23
num_cat=0
split_feature=22 31 31 26 25 22 22 35 33 25 25 33 26 5 26 32 32 23 35 27 23 35
split_gain=3.11693e-05 0.000123104 0.000242562 0.000279567 0.000189815 9.40128e-05 0.000156192 0.000279306 0.000452525 0.000130902 0.000107475 0.000214834 0.000177375 0.000105962 0.000102264 9.67815e-05 0.000176757 0.000167893 6.16424e-05 5.94695e-05 3.05303e-05 0.000141437
threshold=31.977117536435404 -1.0000000180025095e-35 -0.01995025903586017 1.0947432468457037 -0.50974856474080077 39.013856365285108 40.788526836874532 0.020515588148933613 -0.022308291856989845 -0.25908643898590206 -0.1259176135989282 -0.028730136349488841 1.9342693285990051 6411184.5000000009 1.4435463495348106 -0.019706531199631169 -0.0018107813876866994 0.17288155413156406 0.037000436454282352 0.1624470911686707 -1.3142828595617642 0.019315552673959537
decision_type=2 2 2 2 2 2 2 2 2 2 2 2 2 2 2 2 2 2 2 2 2 2
left_child=1 2 18 -4 -5 10 7 8 -7 -9 11 12 -2 -13 19 17 -17 -8 -1 -12 21 -3
right_child=5 20 3 4 -6 6 15 9 -10 -11 14 13 -14 -15 -16 16 -18 -19 -20 -21 -22 -23
leaf_value=-3.9756453166214308e-05 0 -6.6403466909646208e-05 0 0 0.00011195889940490418 0.00019936378669938932 0 6.0350644361239804e-06 1.9128715725361157e-06 -5.4712389751225509e-05 0 0 -0.00010202068148609069 3.6991429715890779e-05 0 -1.4105013781029064e-05 8.5943094856143473e-07 3.5051397881127554e-05 0 -7.2638387204111877e-05 0 0
leaf_weight=35 61 35 41 55 62 20 93 21 113 39 44 143 31 91 33 910 1940 175 20 62 21 23
leaf_count=35 61 35 41 55 62 20 93 21 113 39 44 143 31 91 33 910 1940 175 20 62 21 23
internal_value=0 9.59043e-06 2.54163e-05 4.74503e-05 7.20315e-05 -5.60438e-07 3.57916e-07 2.69893e-05 5.42717e-05 0 -1.35484e-05 0 -4.22054e-05 1.11861e-05 -3.6182e-05 -3.29223e-07 -2.86642e-06 1.54533e-05 0 -5.08308e-05 0 -2.1747e-05
internal_weight=4068 292 213 158 117 3776 3311 193 133 60 465 326 92 234 139 3118 2850 268 55 106 79 58
internal_count=4068 292 213 158 117 3776 3311 193 133 60 465 326 92 234 139 3118 2850 268 55 106 79 58
is_linear=0
shrinkage=0.03


Tree=377
num_leaves=20
num_cat=0
split_feature=7 25 31 31 32 5 25 34 33 29 30 29 34 21 5 7 21 20 5
split_gain=2.98856e-05 8.18069e-05 0.000103183 6.75332e-05 0.000279575 0.00156296 0.000297757 0.000417622 0.0002669 0.000160836 0.000110068 0.000412286 0.000420605 0.000206438 0.000116865 0.000149941 4.90703e-05 3.26793e-05 1.29907e-09
threshold=-1.0000000180025095e-35 0.022322663719124159 -0.0037161004657316195 -0.0048309269996139039 -0.0091080634856249825 10572990.000000002 0.1626876533712785 -0.021481873687319516 -0.029926536138619449 47.040648841485066 24.550800667646595 48.016387194025015 -0.022154464432858231 56.153750038146981 4313763.0000000009 1.0000000180025095e-35 86.840037727355977 95.088578414916995 4235258.5000000009
decision_type=2 2 2 2 2 2 2 2 2 2 2 2 2 2 2 2 2 2 2
left_child=1 2 16 4 6 9 7 -2 -8 -6 14 12 -12 -13 17 -16 -1 -5 -3
right_child=3 18 -4 10 5 -7 8 -9 -10 -11 11 13 -14 -15 15 -17 -18 -19 -20
leaf_value=-6.1068994846339252e-05 1.368904412667502e-07 0 0 0 -3.7382631273779775e-06 0.00029077996955072477 0 -4.2604066449246497e-05 5.6707320693077133e-05 2.5204148927494998e-05 -1.8642726053571183e-05 5.8967282548656194e-06 3.4238095994558527e-05 -1.4987669284737698e-05 -3.3959169596871931e-05 0 0 2.5824874417371663e-05 1.4980211386978734e-07
leaf_weight=63 409 23 22 103 161 20 21 260 128 254 99 463 554 1050 296 21 25 44 52
leaf_count=63 409 23 22 103 161 20 21 260 128 254 99 463 554 1050 296 21 25 44 52
internal_value=0 -1.15451e-05 -2.98799e-05 7.56988e-07 6.92805e-06 2.67681e-05 0 -1.19942e-05 3.39372e-05 6.75052e-06 -1.04258e-06 5.15239e-07 2.16258e-05 -6.61409e-06 -1.47773e-05 -2.55203e-05 -4.65816e-05 0 0
internal_weight=4068 185 110 3883 1253 435 818 669 149 415 2630 2166 653 1513 464 317 88 147 75
internal_count=4068 185 110 3883 1253 435 818 669 149 415 2630 2166 653 1513 464 317 88 147 75
is_linear=0
shrinkage=0.03


Tree=378
num_leaves=31
num_cat=0
split_feature=27 25 34 1 22 23 25 24 29 24 34 35 25 35 30 29 30 26 26 5 21 22 5 24 24 23 24 23 1 34
split_gain=3.06215e-05 0.000179333 0.000291742 0.000624073 0.000215526 0.000133565 0.000186745 0.000156526 0.000180021 0.000141402 0.000255557 0.000238623 0.000157587 0.000254084 0.000143876 0.000107304 0.000103522 9.29117e-05 0.000264254 0.000240825 0.000218796 0.00020693 0.000275776 0.000175954 8.17849e-05 0.000145054 6.47564e-05 6.17182e-05 4.88691e-05 1.85226e-05
threshold=0.53591499484055627 -0.01492927551327594 -0.0070422528420057131 66.873805999755874 44.940195794984341 0.16180587651898296 0.23291151815614533 -0.35398811761348509 48.344346616000053 0.94893915358949577 -0.0048406580368096632 0.019411925862346534 0.22844081778331857 0.025252552571862142 57.051363996200287 46.754133862955861 51.346736243816338 1.2833335066642875 1.6296736366847682 4656219.0000000009 95.519166501363131 44.418494706815856 3763857.0000000005 0.29538051765125078 -0.43189177341342994 -0.45783197776250256 -0.33377776037842993 1.5387861901627817 64.724998474121108 -0.017690525155622357
decision_type=2 2 2 2 2 2 2 2 2 2 2 2 2 2 2 2 2 2 2 2 2 2 2 2 2 2 2 2 2 2
left_child=1 17 3 4 -3 6 7 -2 -9 12 11 -11 13 -7 -14 28 -17 21 20 -20 -19 22 -1 -23 25 -8 -26 -12 -4 -5
right_child=5 2 15 29 -6 9 24 8 -10 10 27 -13 14 -15 -16 16 -18 18 19 -21 -22 23 -24 -25 26 -27 -28 -29 -30 -31
leaf_value=0 0 0.00012526899870820394 -4.8612521114196142e-05 -1.630316242345526e-05 0 3.7146350504821537e-05 0 0 -7.9635532433497633e-05 -8.0125894883542766e-05 -1.0152232624866009e-05 0 4.005541335785439e-05 0 -1.0171074507968131e-05 5.2614684908247672e-05 0 3.38410415535373e-05 1.7093864076052223e-05 -2.2929529582228036e-05 0 4.5288032388850029e-05 -3.6610510319812006e-05 0 7.2049189029358221e-05 -3.3486386034607002e-05 0 1.2649113858583376e-05 0 3.3755871175206048e-06
leaf_weight=99 131 76 53 60 48 334 138 37 95 75 163 54 59 48 335 39 153 361 126 401 117 80 375 98 23 127 34 242 26 61
leaf_count=99 131 76 53 60 48 334 138 37 95 75 163 54 59 48 335 39 153 361 126 401 117 80 375 98 23 127 34 242 26 61
internal_value=0 2.62622e-06 1.84656e-05 4.22996e-05 8.9776e-05 -2.57558e-06 -1.50283e-05 -3.37797e-05 -5.77845e-05 6.96187e-07 -8.36715e-06 -4.55106e-05 1.07988e-05 2.46585e-05 0 0 8.85747e-06 -4.96677e-07 3.11935e-06 -7.66742e-06 2.12858e-05 -1.06706e-05 -2.31718e-05 5.76889e-06 0 -6.72044e-06 3.28541e-05 0 -3.20994e-05 0
internal_weight=4068 2173 516 245 124 1895 585 263 132 1310 534 129 776 382 394 271 192 1657 1005 527 478 652 474 178 322 265 57 405 79 121
internal_count=4068 2173 516 245 124 1895 585 263 132 1310 534 129 776 382 394 271 192 1657 1005 527 478 652 474 178 322 265 57 405 79 121
is_linear=0
shrinkage=0.03


Tree=379
num_leaves=25
num_cat=0
split_feature=27 27 29 36 3 19 29 1 36 21 32 24 36 24 30 0 0 30 0 22 31 22 24 0
split_gain=3.25041e-05 0.000375166 0.00102278 6.47536e-05 0.000265846 0.000328479 0.000298935 0.000283744 0.000248227 0.000202051 0.00018276 0.000126187 0.000152472 0.000307994 0.000125244 0.000433637 8.40618e-05 4.3588e-05 0.00013665 9.93681e-05 0.000153248 9.38174e-05 4.83623e-05 7.24407e-06
threshold=0.077361383547312548 0.064124271305811983 17.304458930590027 -0.005053058350761871 77.023307800292983 86.723896026611342 80.207479572668163 50.425001144409187 -0.011785750052911945 42.430833244323736 -0.015876225668148777 1.3788573635773114 -0.0011111054015183603 0.27185792233853384 68.752960974861296 45.296655654907234 52.659677505493171 15.742185469612659 36.320087432861335 36.746481345048494 -0.019140046499115933 36.379554547983439 -0.11122759829532704 60.539102554321296
decision_type=2 2 2 2 2 2 2 2 2 2 2 2 2 2 2 2 2 2 2 2 2 2 2 2
left_child=1 17 -3 4 7 6 -6 9 -9 -2 -7 12 13 -5 15 -13 -14 18 -1 20 -19 -20 -21 -16
right_child=3 2 -4 11 5 10 -8 8 -10 -11 -12 14 16 -15 23 -17 -18 19 21 22 -22 -23 -24 -25
leaf_value=0 -2.1379255087941994e-05 0.00024681516932941507 0 0 6.421089111120407e-05 2.1022545998798379e-05 0 0 -6.0376894403391741e-05 3.8715678842995892e-05 -2.323907155393456e-05 0 4.7733685118600253e-06 5.2679805481917176e-05 0 -8.2563138511165932e-05 -8.7291268340802535e-06 0 -4.4919135355855669e-05 -3.379963717641543e-05 5.2545873676621411e-05 0 0 1.2594814224342426e-05
leaf_weight=33 99 21 27 343 136 66 20 153 211 91 270 69 1173 163 45 85 642 50 117 38 86 22 67 41
leaf_count=33 99 21 27 343 136 66 20 153 211 91 270 69 1173 163 45 85 642 50 117 38 86 22 67 41
internal_value=0 7.68231e-06 8.70948e-05 -7.52132e-07 -7.48275e-06 3.7905e-06 4.32581e-05 -2.29074e-05 -3.87292e-05 0 -5.61524e-06 8.25694e-07 4.05728e-06 1.86182e-05 -1.79203e-05 -3.50975e-05 0 0 -1.29486e-05 6.55953e-06 2.70799e-05 -3.30392e-05 0 0
internal_weight=4068 461 48 3607 1046 492 156 554 364 190 336 2561 2321 506 240 154 1815 413 172 241 136 139 105 86
internal_count=4068 461 48 3607 1046 492 156 554 364 190 336 2561 2321 506 240 154 1815 413 172 241 136 139 105 86
is_linear=0
shrinkage=0.03


Tree=380
num_leaves=28
num_cat=0
split_feature=28 25 34 28 35 28 25 31 25 22 2 23 23 35 23 36 31 29 26 26 26 32 32 32 29 31 23
split_gain=3.25896e-05 0.000294595 0.000566536 0.000358632 0.000206008 0.00017718 0.000399709 0.000363682 0.000265347 0.000175429 0.000109418 0.000128678 0.000111625 0.000105504 0.000190617 9.93467e-05 0.000487617 0.000615042 0.000332502 0.000317809 0.000291113 0.000148162 5.38834e-05 2.68838e-05 0.000143706 0.000115874 1.02304e-05
threshold=165679687.50000003 -0.24921325746447071 0.0030403164671408693 236470599.50000003 0.011179494643494573 136987534.50000003 -0.21105616438030489 -0.014626332129262174 0.2847253410906519 63.029478462754405 103.61706161499025 0.093680038607210761 0.26692836034512629 0.015020637194622715 -0.035806334777713993 0.0029251856848195854 -0.0021739122079927338 59.971545788784674 1.7403341216179065 1.1942803885704325 2.3626289673765735 0.023678644730150803 -0.015279363199811878 0.018935318002571758 65.380491946952304 -0.0023866473153209551 -0.80876796220955771
decision_type=2 2 2 2 2 2 2 2 2 2 2 2 2 2 2 2 2 2 2 2 2 2 2 2 2 2 2
left_child=5 3 4 22 -3 15 13 -8 -9 -6 11 -5 -12 14 -7 18 17 -17 21 -18 -20 -1 -2 25 -25 -4 -15
right_child=1 2 23 10 9 6 7 8 -10 -11 12 -13 -14 26 -16 16 19 -19 20 -21 -22 -23 -24 24 -26 -27 -28
leaf_value=-1.6990370969473305e-07 0 0 0 5.9635129366568646e-05 8.0503769635736352e-05 0 0 -8.4662833103120206e-05 0 0 -6.5019776816613458e-05 0 0 0 8.2309543081974954e-05 0 -1.8358166735536618e-05 0.00018567516867403042 -6.5059171447380112e-05 1.7226686745348479e-05 0 4.4906978479260019e-05 -9.1750313940251529e-05 0 4.279829804320831e-05 -2.8331766271159715e-05 -1.4788556393681668e-05
leaf_weight=1612 23 27 96 55 166 25 24 151 106 21 28 30 25 28 40 93 410 31 135 498 28 66 52 30 74 152 42
leaf_count=1612 23 27 96 55 166 25 24 151 106 21 28 30 25 28 40 93 410 31 135 498 28 66 52 30 74 152 42
internal_value=0 5.71877e-06 1.98606e-05 -1.77739e-05 5.85189e-05 -1.08201e-06 -1.97529e-05 -4.28829e-05 -5.73037e-05 7.00685e-05 0 3.06882e-05 -1.85805e-05 6.1821e-06 3.9216e-05 5.77889e-07 8.79239e-06 6.4647e-05 -2.39764e-06 0 -4.35852e-05 0 -7.20712e-05 0 7.83674e-06 -8.47077e-06 0
internal_weight=4068 779 566 213 214 3289 416 281 257 187 138 85 53 135 65 2873 1032 124 1841 908 163 1678 75 352 104 248 70
internal_count=4068 779 566 213 214 3289 416 281 257 187 138 85 53 135 65 2873 1032 124 1841 908 163 1678 75 352 104 248 70
is_linear=0
shrinkage=0.03


Tree=381
num_leaves=23
num_cat=0
split_feature=22 36 30 26 33 30 30 30 34 21 35 35 36 30 13 36 22 30 36 21 21 33
split_gain=3.13262e-05 0.000238414 0.000295125 0.000796729 0.000181363 0.000128966 8.55449e-05 0.000612832 0.000670967 0.00103436 0.000306163 0.00011926 0.000100535 0.000122058 7.80123e-05 0.000165319 9.48451e-05 4.5827e-05 3.88751e-05 2.79638e-05 0.000103069 4.59855e-07
threshold=31.977117536435404 -0.0059987850440006143 27.576016169813332 1.7074026598920427 -0.029926536138619449 19.396872268812743 23.846528084729382 25.875656321656745 -0.019072414143899593 68.288635540008556 0.019411925862346534 0.01567326711089689 0.019045441898681858 12.202202304156339 1.0000000180025095e-35 0.0034217390543317696 43.767231862282962 20.07061058573785 0.0010269817222131451 74.766065979003926 48.697500006357835 -0.026241104209098028
decision_type=2 2 2 2 2 2 2 2 2 2 2 2 2 2 2 2 2 2 2 2 2 2
left_child=1 2 3 21 5 -3 10 8 -8 -10 11 18 13 -12 16 -16 -9 -13 -2 20 -6 -1
right_child=6 4 -4 -5 19 -7 7 14 9 -11 12 17 -14 -15 15 -17 -18 -19 -20 -21 -22 -23
leaf_value=2.8741724641357853e-06 -1.7290518656676691e-05 -9.7962206393989161e-05 0 0.00022087017461273491 0 0 0 -1.3732913146436885e-05 0.00028815655660188467 0 0 4.3463912080953001e-05 0 -6.4953523168378424e-05 0 7.603083537308405e-05 0 0 0 0 6.3669312026438084e-05 0
leaf_weight=50 152 29 26 25 21 20 43 584 25 36 20 73 29 131 105 34 2411 30 103 64 29 28
leaf_count=50 152 29 26 25 21 20 43 584 25 36 20 73 29 131 105 34 2411 30 103 64 29 28
internal_value=0 9.65486e-06 4.32779e-05 7.01539e-05 0 -5.76511e-05 -5.05545e-07 4.74765e-07 7.26445e-05 0.000137384 -1.19798e-05 0 -4.42579e-05 -5.41619e-05 -9.65176e-07 1.86408e-05 -2.87733e-06 3.06493e-05 -6.41092e-06 5.5815e-07 2.24288e-05 0
internal_weight=4068 292 129 103 163 49 3776 3238 104 61 538 358 180 151 3134 139 2995 103 255 114 50 78
internal_count=4068 292 129 103 163 49 3776 3238 104 61 538 358 180 151 3134 139 2995 103 255 114 50 78
is_linear=0
shrinkage=0.03


Tree=382
num_leaves=28
num_cat=0
split_feature=29 29 26 25 36 21 32 0 30 32 23 25 0 32 28 29 26 34 0 1 0 36 28 0 23 26 21
split_gain=3.09566e-05 0.000284638 0.000228468 0.000181631 0.000308235 0.000323967 0.00087067 0.000218667 0.000201369 0.000185799 0.000243571 0.000153208 0.00022315 0.000142983 0.00010628 0.000103006 0.000400697 0.000324604 0.00013 0.0002805 0.000249101 4.13352e-05 3.32605e-05 2.61802e-05 1.56866e-05 2.11135e-05 1.54584e-06
threshold=33.688051492882529 39.073994994283218 1.3971210737467343 -0.01492927551327594 -0.010229720608373237 86.840037727355977 -0.0036556571689652091 42.787527084350593 38.939528695308283 -0.014979613693389902 -0.60488605508130877 -0.19384343546912094 53.54437446594239 0.010993664984077502 129653377.50000001 43.23435284357538 1.2716661481233322 -0.014919220892380789 36.320087432861335 64.087238311767592 37.055780410766609 -0.00093284406461183634 21479598.500000004 55.382497787475593 -0.25930500980595633 0.98190019058101785 96.370416259765634
decision_type=2 2 2 2 2 2 2 2 2 2 2 2 2 2 2 2 2 2 2 2 2 2 2 2 2 2 2
left_child=3 2 24 7 8 6 -6 9 -5 22 -11 12 -9 23 -13 16 21 -18 19 -17 -20 -3 -1 -4 -2 -26 -7
right_child=1 15 13 4 5 26 -8 11 -10 10 -12 14 -14 -15 -16 18 17 -19 20 -21 -22 -23 -24 -25 25 -27 -28
leaf_value=9.9473776853909863e-06 -1.5326698974879789e-05 -3.5758791875439813e-05 -0.00011864237867447794 -8.0353899149835636e-05 0.00013207724045006196 -7.3010268241124182e-06 0 5.1768292054900314e-05 0 0 -6.3356936267710165e-05 0 0 0 -3.5954681968108228e-05 4.472750472900909e-05 0 9.8978886361478368e-05 -5.4242372783440056e-05 0 -3.3616860443101255e-07 0 -1.3984096024962269e-05 0 0 2.0085903384002026e-05 0
leaf_weight=154 60 29 44 28 88 26 73 149 24 103 130 93 271 29 74 167 34 76 88 138 1927 37 75 32 28 47 44
leaf_count=154 60 29 44 28 88 26 73 149 24 103 130 93 271 29 74 167 34 76 88 138 1927 37 75 32 28 47 44
internal_value=0 -1.58338e-06 -3.30891e-05 3.97059e-06 2.55266e-05 4.46961e-05 6.83788e-05 0 -1.97135e-06 -1.71429e-05 -3.6055e-05 1.01931e-05 2.17507e-05 -6.67661e-05 -9.16151e-07 2.45348e-07 2.29529e-05 6.41719e-05 -1.85164e-07 1.63782e-05 -4.18172e-06 -3.52641e-07 0 -8.85858e-05 0 0 0
internal_weight=4068 2736 240 1332 283 231 161 1049 52 462 233 587 420 105 167 2496 176 110 2320 305 2015 66 229 76 135 75 70
internal_count=4068 2736 240 1332 283 231 161 1049 52 462 233 587 420 105 167 2496 176 110 2320 305 2015 66 229 76 135 75 70
is_linear=0
shrinkage=0.03


Tree=383
num_leaves=19
num_cat=0
split_feature=27 27 35 5 32 5 31 33 31 34 27 5 29 31 5 28 0 0
split_gain=3.0492e-05 0.000345566 0.0010283 7.4951e-05 0.000224634 0.000159309 0.00019123 0.000285622 0.000103903 0.000226944 0.000201639 4.29715e-05 0.000163773 0.000111037 9.37681e-05 7.12922e-05 1.6408e-05 1.50553e-05
threshold=0.077361383547312548 0.064124271305811983 0.017287530191707121 2125746.5000000005 -0.00063696296123844076 2715136.0000000005 -0.0053742053554655103 -0.0057587972604364315 -1.0000000180025095e-35 0.0072943996249422724 0.53591499484055627 8547416.5000000019 13.398427071145777 -0.0067130517758672284 4604806.0000000009 37398417.500000007 45.969123840332038 55.974412918090827
decision_type=2 2 2 2 2 2 2 2 2 2 2 2 2 2 2 2 2 2
left_child=1 11 -3 4 -2 6 -5 -8 9 -7 -10 13 15 14 -1 -13 -6 -15
right_child=3 2 -4 5 16 8 7 -9 10 -11 -12 12 -14 17 -16 -17 -18 -19
leaf_value=0 0 0.00022881755990573275 0 0 0.00011051896626100246 -1.5705143008547915e-05 0 -8.177271825034134e-05 1.6878026370471741e-05 6.2224483329498258e-06 -1.7202417376913167e-06 0 0 -1.2693097169598087e-05 3.576212873316474e-05 -9.315906157257246e-05 0 0
leaf_weight=30 26 24 24 27 22 1022 26 88 719 486 1171 20 72 84 149 28 20 30
leaf_count=30 26 24 24 27 22 1022 26 88 719 486 1171 20 72 84 149 28 20 30
internal_value=0 7.41283e-06 8.36222e-05 -7.63979e-07 2.78977e-05 -2.16314e-06 -3.36676e-05 -5.39456e-05 0 -6.64909e-06 3.76827e-06 0 -1.64022e-05 4.6596e-06 2.4362e-05 -6.11236e-05 7.7853e-05 0
internal_weight=4068 461 48 3607 68 3539 141 114 3398 1508 1890 413 120 293 179 48 42 114
internal_count=4068 461 48 3607 68 3539 141 114 3398 1508 1890 413 120 293 179 48 42 114
is_linear=0
shrinkage=0.03


Tree=384
num_leaves=22
num_cat=0
split_feature=28 5 23 29 31 2 28 31 23 28 35 30 35 25 31 28 29 35 35 36 22
split_gain=2.97003e-05 0.000113803 0.000242385 0.000281984 0.000341831 0.000104382 0.000210621 0.000168997 0.000192589 0.000149576 0.000875445 0.000112694 0.000134521 0.000108472 7.94544e-05 0.000105778 0.000177963 7.28309e-06 6.50601e-06 3.72875e-05 7.37847e-06
threshold=252813886.00000003 4541355.5000000009 0.79786961238951559 40.009863632197749 -0.00091703073932025692 93.43182754516603 129653377.50000001 0.013884723666410916 2.2395669668408904 185356982.50000003 0.016555166805618367 15.742185469612659 0.019315552673959537 -0.44702631283342592 -0.012552186939058794 267450651.50000003 76.574811699722588 0.024925282447962001 0.0099213626339240395 -0.0074336679718996742 41.754188476033185
decision_type=2 2 2 2 2 2 2 2 2 2 2 2 2 2 2 2 2 2 2 2 2
left_child=5 2 3 4 -2 9 18 8 -8 11 -11 12 -1 -13 17 -16 -17 -3 20 -20 -7
right_child=1 14 -4 -5 -6 6 7 -9 -10 10 -12 13 -14 -15 15 16 -18 -19 19 -21 -22
leaf_value=0 0 0 0 0 0.00021239304685714971 0 -5.5083822893542743e-05 0 0 0.00018126404401763369 0 2.3650138299326786e-05 -4.502787972298739e-05 0 0 -4.3646675661604799e-05 0 3.6988533040704687e-05 0 1.7472811295841344e-05 -1.0023136612218268e-05
leaf_weight=176 21 31 52 54 20 25 201 33 46 28 35 184 107 2533 38 149 58 36 46 129 66
leaf_count=176 21 31 52 54 20 25 201 33 46 28 35 184 107 2533 38 149 58 36 46 129 66
internal_value=0 7.33844e-06 2.93999e-05 6.02565e-05 0.000120732 -7.45623e-07 -1.32031e-05 -3.18845e-05 -4.20466e-05 4.95961e-07 4.6318e-05 0 -1.84221e-05 1.4029e-06 0 -1.0816e-05 -2.44568e-05 2.52662e-05 0 5.78277e-06 0
internal_weight=4068 459 147 95 41 3609 546 280 247 3063 63 3000 283 2717 312 245 207 67 266 175 91
internal_count=4068 459 147 95 41 3609 546 280 247 3063 63 3000 283 2717 312 245 207 67 266 175 91
is_linear=0
shrinkage=0.03


Tree=385
num_leaves=22
num_cat=0
split_feature=28 21 27 27 22 30 33 35 5 32 33 5 34 27 22 5 25 32 28 35 33
split_gain=2.99186e-05 0.000126761 0.000107975 0.00027182 0.000137093 0.00031609 7.14124e-05 0.00055666 0.00105856 0.000260306 0.000152475 0.000318908 0.000198377 6.4371e-05 5.83105e-05 4.53927e-05 8.05492e-05 4.05825e-05 3.4747e-05 1.20794e-05 3.07486e-06
threshold=252813886.00000003 100.32885888417563 0.44502258054230531 0.13339263589165049 46.870616751347384 51.046915444050974 -0.017218710139040912 0.019709363456406497 10219010.000000002 -0.015279363199811878 0.0031283041058096654 5539719.5000000009 0.00086252987990265162 0.62064419443399521 50.078323642834938 5388034.0000000009 0.33658725896440339 -0.0084517251946955013 269699706.00000006 0.0098242633746871266 -0.022646662747170806
decision_type=2 2 2 2 2 2 2 2 2 2 2 2 2 2 2 2 2 2 2 2 2
left_child=1 6 3 20 5 -5 7 8 -1 -9 11 -8 -12 14 -4 16 -15 -3 -16 -19 -2
right_child=2 17 13 4 -6 -7 10 9 -10 -11 12 -13 -14 15 18 -17 -18 19 -20 -21 -22
leaf_value=1.5005570344000045e-05 -9.5885076391451806e-06 0 0 0.00012435965429612262 0 0 0 0 0.00025410099151451578 -5.7580950622907792e-05 2.4290696105104978e-05 -3.2274408913697109e-05 -3.7314964034658936e-07 4.9666247950106121e-05 0 0 0 0 -6.4189897101369663e-05 -5.8877526575389499e-05 0
leaf_weight=375 30 42 30 50 43 21 776 261 21 89 323 405 1243 48 25 109 48 27 33 47 22
leaf_count=375 30 42 30 50 43 21 776 261 21 89 323 405 1243 48 25 109 48 27 33 47 22
internal_value=0 -7.05139e-07 7.39881e-06 2.7136e-05 5.671e-05 8.30444e-05 0 8.529e-06 3.53197e-05 -1.32152e-05 -1.90764e-06 -1.06891e-05 2.79961e-06 0 -2.44419e-05 5.08452e-06 2.19155e-05 -3.15927e-05 -4.2534e-05 -4.53512e-05 0
internal_weight=4068 3609 459 166 114 71 3493 746 396 350 2747 1181 1566 293 88 205 96 116 58 74 52
internal_count=4068 3609 459 166 114 71 3493 746 396 350 2747 1181 1566 293 88 205 96 116 58 74 52
is_linear=0
shrinkage=0.03


Tree=386
num_leaves=21
num_cat=0
split_feature=30 30 5 35 25 27 34 0 25 25 24 36 30 36 35 22 29 30 22 22
split_gain=2.90331e-05 0.000101007 0.000118698 0.00015141 0.000105316 8.98782e-05 0.000345374 0.00026574 0.000132997 0.000299715 0.000252552 0.000104049 7.74884e-05 0.000108679 0.000125361 0.000126227 3.37619e-05 1.32006e-05 1.0392e-05 5.48156e-05
threshold=83.90765516486907 78.54768442874105 3558468.0000000005 0.022197830620211054 0.081943745024418299 0.82109419059962352 0.027558711526381122 65.533752441406264 -0.092831181816067573 -0.12969336410490256 -0.18690929042580554 0.0037523617934368939 91.219163533805968 0.0036232141933024813 0.012370155027103071 69.033089674614402 91.209986124242448 80.149323476235267 70.744109958395214 63.471924324817799
decision_type=2 2 2 2 2 2 2 2 2 2 2 2 2 2 2 2 2 2 2 2
left_child=1 5 -3 4 -4 8 7 -7 9 -1 -10 -8 13 14 -2 -16 -14 -5 19 -15
right_child=12 2 3 17 -6 6 11 -9 10 -11 -12 -13 16 18 15 -17 -18 -19 -20 -21
leaf_value=0 0 0 0 3.3696060636085131e-06 5.6756212721560293e-05 -5.4463780012010206e-05 0 0 0 -4.3941739772523701e-05 2.2084467231149143e-05 2.8882597990412497e-05 3.6268446631517929e-05 0 -6.8792602844070441e-05 0 0 -1.643446337036235e-05 -7.5151499494633822e-06 4.1924903847094371e-05
leaf_weight=1376 34 32 26 21 134 209 66 33 858 150 682 118 23 38 88 24 41 43 40 32
leaf_count=1376 34 32 26 21 134 209 66 33 858 150 682 118 23 38 88 24 41 43 40 32
internal_value=0 9.21713e-07 1.91676e-05 2.99426e-05 4.58923e-05 0 -1.32783e-05 -3.96748e-05 1.37103e-06 -3.62742e-06 8.27189e-06 5.14613e-06 -8.46654e-06 -1.90239e-05 -3.61092e-05 -5.20174e-05 0 0 0 1.00555e-05
internal_weight=4068 3748 256 224 160 3492 426 242 3066 1526 1540 184 320 256 146 112 64 64 110 70
internal_count=4068 3748 256 224 160 3492 426 242 3066 1526 1540 184 320 256 146 112 64 64 110 70
is_linear=0
shrinkage=0.03


Tree=387
num_leaves=18
num_cat=0
split_feature=28 23 30 21 33 26 5 32 24 24 25 24 34 32 32 25 23
split_gain=2.85718e-05 0.00026947 0.000665334 0.000138174 0.000784525 0.000211751 0.000145005 0.000225025 9.1619e-05 0.000278229 0.000289859 0.000183571 0.000186278 0.000178478 0.000119276 4.44386e-05 4.56627e-05
threshold=-179845254.49999997 -0.27741864470915084 27.576016169813332 42.143749745686854 0.014537751226999409 0.90438864276201103 3486709.5000000005 -0.014979613693389902 0.58036276994188862 0.89111661839658474 0.36048950951534386 -0.32573892210167238 0.027164179848933049 0.017733393499991926 0.0056979549284577055 -0.021585932620696188 -0.64268297589055468
decision_type=2 2 2 2 2 2 2 2 2 2 2 2 2 2 2 2 2
left_child=1 15 -3 4 6 -6 -2 -8 11 10 -10 12 -5 -13 -11 16 -1
right_child=3 2 -4 8 5 -7 7 -9 9 14 -12 13 -14 -15 -16 -17 -18
leaf_value=0 0 0.00018577957265654137 0 9.3824434005343347e-06 0 8.7821245593261383e-05 0 -0.00013734897366827733 4.4716098247182515e-05 6.555598738353537e-06 0 -3.8024914141826593e-06 -1.6941150993248764e-05 -4.5811340193029013e-05 -1.7453907790530694e-05 0 -3.9836066630245188e-05
leaf_weight=39 20 25 64 1242 25 31 29 59 290 491 55 928 249 149 283 38 51
leaf_count=39 20 25 64 1242 25 31 29 59 290 491 55 928 249 149 283 38 51
internal_value=0 1.07266e-05 5.47929e-05 -4.36964e-07 -2.76096e-05 2.96399e-05 -8.50466e-05 -0.000101766 0 7.83989e-06 3.04125e-05 -2.30741e-06 2.97357e-06 -1.24033e-05 0 0 -2.10688e-05
internal_weight=4068 217 89 3851 164 56 108 88 3687 1119 345 2568 1491 1077 774 128 90
internal_count=4068 217 89 3851 164 56 108 88 3687 1119 345 2568 1491 1077 774 128 90
is_linear=0
shrinkage=0.03


Tree=388
num_leaves=29
num_cat=0
split_feature=28 25 34 28 5 24 28 25 31 25 5 31 2 35 23 26 33 32 32 25 35 30 30 32 32 26 23 5
split_gain=2.74178e-05 0.000279415 0.000526176 0.000334138 0.000221542 0.000388129 0.000163518 0.000370643 0.000349343 0.000246428 0.000103235 0.000343383 0.000118129 9.56364e-05 0.000181158 8.13138e-05 0.000204721 0.000603611 0.00019652 0.000129707 0.000290905 0.000198005 5.1682e-05 0.00016374 4.16527e-05 1.22248e-05 9.71885e-06 7.19511e-06
threshold=165679687.50000003 -0.24921325746447071 0.0030403164671408693 236470599.50000003 5066908.0000000009 2.2571966515495863 136987534.50000003 -0.21105616438030489 -0.014626332129262174 0.2847253410906519 4541355.5000000009 -1.0000000180025095e-35 103.61706161499025 0.015020637194622715 -0.035806334777713993 1.6457719599924128 -0.022646662747170806 -0.029047214587579414 -0.00093763242611988307 -0.44702631283342592 0.015933743408808525 26.793817693295107 53.094569257589846 0.016315106594793519 -0.015279363199811878 1.7671417799900855 -0.80876796220955771 4561426.0000000009
decision_type=2 2 2 2 2 2 2 2 2 2 2 2 2 2 2 2 2 2 2 2 2 2 2 2 2 2 2 2
left_child=6 3 4 24 27 -6 15 13 -9 -10 11 -5 -12 14 -8 16 17 -1 -18 21 -21 -17 25 -24 -2 -4 -15 -3
right_child=1 2 22 10 5 -7 7 8 9 -11 12 -13 -14 26 -16 19 18 -19 -20 20 -22 -23 23 -25 -26 -27 -28 -29
leaf_value=-1.1622774583989548e-05 0 9.9735448660928748e-06 0 0 0.00010708253014632922 0 0 0 -8.2016715608672372e-05 0 0 0.00013763276493768272 -5.3384029045224358e-05 0 7.9404464604953143e-05 0 -1.1035600923508235e-05 5.6930318844341241e-05 7.6957165357252595e-06 0 -4.2062485653649686e-05 6.5847287888393946e-05 -4.3472131155201747e-07 4.2688526308196157e-05 -8.8135969965636452e-05 -3.8696660602457932e-05 -1.4414105705658053e-05 0
leaf_weight=119 23 65 20 21 107 20 25 24 151 106 58 21 38 28 40 69 854 229 1230 93 238 41 213 81 52 38 42 22
leaf_count=119 23 65 20 21 107 20 25 24 151 106 58 21 38 28 40 69 854 229 1230 93 238 41 213 81 52 38 42 22
internal_value=0 5.17232e-06 1.90676e-05 -1.7665e-05 5.63309e-05 8.31502e-05 -1.0795e-06 -1.90091e-05 -4.13322e-05 -5.55943e-05 0 4.64021e-05 -4.85352e-06 5.24628e-06 3.71387e-05 4.73051e-07 3.57693e-06 2.48735e-05 0 -9.8398e-06 -2.19445e-05 0 0 1.25604e-06 -6.9927e-05 -2.81531e-05 0 0
internal_weight=4068 779 566 213 214 127 3289 416 281 257 138 42 96 135 65 2873 2432 348 2084 441 331 110 352 294 75 58 70 87
internal_count=4068 779 566 213 214 127 3289 416 281 257 138 42 96 135 65 2873 2432 348 2084 441 331 110 352 294 75 58 70 87
is_linear=0
shrinkage=0.03


Tree=389
num_leaves=27
num_cat=0
split_feature=0 28 3 36 19 0 5 0 36 28 29 5 28 32 2 28 36 0 36 35 32 2 28 34 20 29
split_gain=2.66725e-05 0.000140356 0.000286974 0.000179357 0.000221128 0.000148969 0.000146222 0.000127713 0.000212544 0.000124061 0.00031491 0.000504722 0.00026746 0.000300935 0.000220164 0.000107806 0.000270755 0.000233365 0.000117273 0.000152241 0.000143009 9.68783e-05 2.09476e-05 9.37742e-05 2.26639e-06 5.88479e-07
threshold=40.115802764892585 61725296.000000007 65.557518005371108 0.01004051031451089 44.255000305175791 38.329236984252937 4987810.5000000009 34.840671539306648 -0.0069899415428036097 -19454705.999999996 41.269721610868693 4541355.5000000009 -124317916.99999999 0.0086132385593618039 51.475000381469734 82928143.000000015 -0.013356990303656712 41.100719451904304 -0.0012172673639697449 0.028019651060013258 0.0090045270814751461 40.225000381469734 122937611.50000001 0.0086823113290822613 72.315089035034205 29.163312315442418
decision_type=2 2 2 2 2 2 2 2 2 2 2 2 2 2 2 2 2 2 2 2 2 2 2 2 2 2
left_child=1 2 3 4 -1 6 -3 8 -4 10 11 25 -12 -14 -13 16 -11 -18 19 -17 -20 -5 23 -7 -8 -2
right_child=9 5 7 21 -6 22 24 -9 -10 15 12 14 13 -15 -16 18 17 -19 20 -21 -22 -23 -24 -25 -26 -27
leaf_value=0 4.0619455443294747e-06 0.00011125723026471993 0 0 3.2597433850911238e-05 -4.2487080764108212e-05 0 0 -7.7645076326069196e-05 -3.0363514981600363e-05 9.22704614690858e-05 -0.00020093186461398827 2.1963050882184869e-06 -5.3703693726686641e-05 0 1.0107092135005187e-05 0 3.695881190593927e-05 -1.9074608616066067e-05 -2.4754933613019414e-05 0 -3.4476788924153199e-05 2.2618178469694656e-05 0 8.098569498741784e-06 0
leaf_weight=358 32 33 27 23 335 48 30 48 88 47 26 26 134 100 38 882 33 366 629 97 443 105 32 29 31 28
leaf_count=358 32 33 27 23 335 48 30 48 88 47 26 26 134 100 38 882 33 366 629 97 443 105 32 29 31 28
internal_value=0 3.86418e-06 0 6.37541e-06 1.50534e-05 2.66315e-05 5.4365e-05 -3.71338e-05 -5.43378e-05 -1.47634e-06 -1.75226e-05 -5.68693e-05 0 -8.89028e-06 -0.000115533 0 1.41873e-05 2.69584e-05 -1.87802e-06 3.58672e-06 -9.6668e-06 -1.71635e-05 0 -5.61524e-06 0 0
internal_weight=4068 1187 984 821 693 203 94 163 115 2881 384 124 260 234 64 2497 446 399 2051 979 1072 128 109 77 61 60
internal_count=4068 1187 984 821 693 203 94 163 115 2881 384 124 260 234 64 2497 446 399 2051 979 1072 128 109 77 61 60
is_linear=0
shrinkage=0.03


Tree=390
num_leaves=19
num_cat=0
split_feature=2 25 32 0 2 3 35 0 0 33 5 23 5 32 29 20 2 32
split_gain=2.67812e-05 0.000174941 0.000408014 0.000694863 0.000100509 0.000215373 0.000237457 0.000155038 0.000226544 0.000249592 9.56862e-05 0.000154687 0.000120348 8.27812e-05 5.53797e-05 1.22725e-05 1.43746e-05 3.24958e-06
threshold=40.925001144409187 -0.038928012049071245 -0.0076045874765305879 35.744647979736335 46.274999618530281 47.375000000000007 0.015813722313952509 35.434808731079109 37.431978225708015 0.0043525452260123618 13815146.500000002 0.88073262342400949 10572990.000000002 -0.0036556571689652091 29.496977616163228 40.497499752044682 39.475000381469734 -0.0025056391580843269
decision_type=2 2 2 2 2 2 2 2 2 2 2 2 2 2 2 2 2 2
left_child=1 15 -3 -4 7 6 -6 17 13 -10 12 -12 -7 -9 -8 16 -1 -2
right_child=4 2 3 -5 5 10 14 8 9 -11 11 -13 -14 -15 -16 -17 -18 -19
leaf_value=-2.5424876798984823e-05 0 0 0.0001754835759819848 0 0 -4.4244647739910279e-07 0 0 -3.8960455029091019e-05 4.6912381600228536e-05 -5.7120788067460663e-05 0 2.7336285781885363e-05 -7.7353632720526569e-05 0.00011935943597274893 0 0 1.1773167657489345e-05
leaf_weight=37 26 26 38 22 29 3226 25 49 68 55 69 47 144 85 32 48 21 21
leaf_count=37 26 26 38 22 29 3226 25 49 68 55 69 47 144 85 32 48 21 21
internal_value=0 1.09974e-05 4.58093e-05 9.54796e-05 -4.73789e-07 1.20951e-07 4.74391e-05 -1.73249e-05 -2.99624e-05 0 -1.87161e-07 -2.72545e-05 0 -5.69351e-05 8.4476e-05 0 -1.37879e-05 0
internal_weight=4068 192 86 60 3876 3572 86 304 257 123 3486 116 3370 134 57 106 58 47
internal_count=4068 192 86 60 3876 3572 86 304 257 123 3486 116 3370 134 57 106 58 47
is_linear=0
shrinkage=0.03


Tree=391
num_leaves=23
num_cat=0
split_feature=27 26 2 22 23 35 27 28 26 1 27 23 3 26 20 33 33 21 34 26 1 29
split_gain=2.52883e-05 0.000250976 0.000122854 0.000264352 0.000429672 0.000164949 0.000435434 8.2408e-05 7.9333e-05 0.00018476 0.000229932 0.000384902 0.000134928 0.000183773 0.000154827 0.000119207 0.000286467 0.000254539 8.9126e-05 7.78731e-05 2.95505e-05 8.63547e-07
threshold=0.093378592212026726 0.85710689516424898 69.210224151611342 29.649281492485581 -0.36146871162261357 0.015542038664006457 0.064124271305811983 -12106420.999999998 0.88873805906009085 48.574998855590827 0.43330345284255595 0.49017163472995412 49.675001144409187 0.80565871991588955 39.208750057220463 0.017123660241857745 0.01358623794981806 52.335833263397227 -0.010739410410508242 0.77764821160098319 52.375000000000007 21.038096421207438
decision_type=2 2 2 2 2 2 2 2 2 2 2 2 2 2 2 2 2 2 2 2 2 2
left_child=1 -1 3 7 -5 21 -7 -3 12 10 18 -12 13 19 -15 16 -11 -17 -10 -2 -14 -4
right_child=8 2 5 4 -6 6 -8 -9 9 15 11 -13 20 14 -16 17 -18 -19 -20 -21 -22 -23
leaf_value=8.3739485715527835e-05 -1.8230097466062436e-05 4.1009714675680763e-05 -2.936985638128706e-06 -9.5480224796403118e-05 0 0 0.00014501045458847358 0 2.9151840643712945e-07 -7.9801439078552239e-07 9.0007539607803042e-05 0 2.543798384532191e-05 0 -5.6966370052315352e-05 -6.5952026078485855e-05 4.002159073558316e-05 -1.2798057849922324e-06 -4.8499284665471707e-05 2.8570191331909195e-05 0 0
leaf_weight=35 73 44 90 75 55 135 28 25 48 2035 88 91 41 24 154 78 161 643 34 56 33 22
leaf_count=35 73 44 90 75 55 135 28 25 48 2035 88 91 41 24 154 78 161 643 34 56 33 22
internal_value=0 6.30737e-06 0 -1.73633e-05 -4.7855e-05 1.35546e-05 3.49298e-05 0 -8.39112e-07 0 2.47839e-05 4.52869e-05 -1.39258e-05 -2.52206e-05 -4.50052e-05 -1.4228e-06 8.30308e-07 -1.24447e-05 0 0 0 0
internal_weight=4068 509 474 199 130 275 163 69 3559 3178 261 179 381 307 178 2917 2196 721 82 129 74 112
internal_count=4068 509 474 199 130 275 163 69 3559 3178 261 179 381 307 178 2917 2196 721 82 129 74 112
is_linear=0
shrinkage=0.03


Tree=392
num_leaves=27
num_cat=0
split_feature=0 24 36 36 29 29 27 0 32 28 29 22 28 32 33 28 36 0 36 24 29 29 36 28 29 29
split_gain=2.58185e-05 0.000148584 0.000185469 0.000312483 0.000164632 0.00042335 0.000480723 0.000232928 0.000198531 0.000114368 0.000299693 0.000263258 0.000242504 0.000282779 0.000140011 9.80905e-05 0.00025601 0.000225082 0.000108712 0.000151832 0.000137158 6.69662e-05 5.30016e-05 0.000118903 9.96568e-05 2.25969e-05
threshold=40.115802764892585 0.41236227041558188 -0.0075376789297906055 -0.014866881952400867 16.461413025919544 12.180122732558159 0.10980767911896962 38.577772140502937 0.0051076757706191031 -19454705.999999996 41.269721610868693 41.43727278632992 -124317916.99999999 0.0086132385593618039 -0.022646662747170806 82928143.000000015 -0.013356990303656712 41.100719451904304 -0.0012172673639697449 -0.84135280084672115 46.754133862955861 46.754133862955861 0.00098912333038867774 96316718.000000015 74.477073566624043 7.9758139663374488
decision_type=2 2 2 2 2 2 2 2 2 2 2 2 2 2 2 2 2 2 2 2 2 2 2 2 2 2
left_child=1 4 3 -3 5 25 -7 8 -6 10 11 -2 -12 -14 -13 16 -11 -18 19 -17 -20 -9 24 -24 -4 -1
right_child=9 2 22 -5 7 6 -8 21 -10 15 12 14 13 -15 -16 18 17 -19 20 -21 -22 -23 23 -25 -26 -27
leaf_value=0 0 0 -4.3645606981254002e-05 0.00013876830295051694 -3.3133241178266292e-05 0.00016926882381629299 0 0 0 -2.9328606758047202e-05 8.8093238260500629e-05 0 2.070562775738112e-06 -5.1900256703620296e-05 -0.00011110052039520194 2.7778622093030444e-05 0 3.597334882680778e-05 0 0 -1.8289263815186375e-05 3.6799103560405888e-05 4.0920741501619337e-05 0 0 -1.8550361694855524e-05
leaf_weight=33 44 30 49 31 353 32 36 86 265 47 26 20 134 100 60 191 33 366 422 788 650 76 90 23 24 59
leaf_count=33 44 30 49 31 353 32 36 86 265 47 26 20 134 100 60 191 33 366 422 788 650 76 90 23 24 59
internal_value=0 3.78421e-06 2.46977e-05 7.21028e-05 0 2.57385e-05 8.45717e-05 -7.34688e-06 -1.83866e-05 -1.47133e-06 -1.68588e-05 -5.5255e-05 0 -8.19117e-06 -8.76823e-05 0 1.34994e-05 2.60673e-05 -1.84568e-06 3.32335e-06 -9.36439e-06 1.62459e-05 0 1.96926e-05 -7.24914e-06 0
internal_weight=4068 1187 247 61 940 160 68 780 618 2881 384 124 260 234 80 2497 446 399 2051 979 1072 162 186 113 73 92
internal_count=4068 1187 247 61 940 160 68 780 618 2881 384 124 260 234 80 2497 446 399 2051 979 1072 162 186 113 73 92
is_linear=0
shrinkage=0.03


Tree=393
num_leaves=21
num_cat=0
split_feature=33 29 5 23 31 27 35 34 23 23 26 36 35 26 34 21 26 35 0 28
split_gain=2.68224e-05 0.000147486 0.000393041 0.0001443 0.000282721 0.000118121 0.00010782 0.000185451 6.91575e-05 0.000277937 0.00028519 0.000136018 0.000252423 0.000195754 9.1597e-05 5.67432e-05 0.000159872 4.89909e-05 1.25579e-05 8.78159e-06
threshold=-0.037248309641346115 16.461413025919544 8483188.0000000019 -0.17637863781201443 -0.015697883172858303 -0.046891588742924373 0.019801201665099393 -0.019072414143899593 1.2007246295742002 1.5387861901627817 1.5369704538076139 -0.005053058350761871 0.01831891201988841 2.3626289673765735 0.013961200265326991 72.923333422342949 1.2180762206493718 0.024925282447962001 37.431978225708015 107555540.00000001
decision_type=2 2 2 2 2 2 2 2 2 2 2 2 2 2 2 2 2 2 2 2
left_child=3 2 6 4 18 -6 7 -2 11 10 -10 13 -13 -3 -11 16 -5 -8 -1 -20
right_child=1 8 -4 15 5 -7 17 -9 9 14 -12 12 -14 -15 -16 -17 -18 -19 19 -21
leaf_value=1.7693990640280316e-05 3.3144191862596069e-05 -1.4970555866023941e-05 0.00012523405754360763 0 0 -0.00010118377031960586 -4.0651937985943177e-05 0 0 -1.0934303958908997e-05 -8.4291378883695085e-05 0 2.0513029322976164e-05 3.1172656716631392e-05 1.9322090644121453e-05 0 8.0478992821013252e-05 0 -1.8497023845995561e-05 0
leaf_weight=36 217 806 31 23 25 50 42 52 85 152 80 1423 687 58 172 32 30 23 23 21
leaf_count=36 217 806 31 23 25 50 42 52 85 152 80 1423 687 58 172 32 30 23 23 21
internal_value=0 6.92689e-07 1.91616e-05 -9.63804e-06 -3.1323e-05 -7.35827e-05 3.02637e-07 1.63102e-05 -3.88152e-07 -1.1286e-05 -4.35022e-05 3.95341e-07 5.41795e-06 -8.39791e-06 0 0 3.10121e-05 -1.97845e-05 0 0
internal_weight=4068 3828 365 240 155 75 334 269 3463 489 165 2974 2110 864 324 85 53 65 80 44
internal_count=4068 3828 365 240 155 75 334 269 3463 489 165 2974 2110 864 324 85 53 65 80 44
is_linear=0
shrinkage=0.03


Tree=394
num_leaves=18
num_cat=0
split_feature=28 23 30 2 3 35 29 22 5 22 34 5 23 5 29 25 23
split_gain=2.625e-05 0.000247297 0.000617499 0.000114391 0.000200985 0.000224815 0.000179977 0.000307587 0.000261432 0.000261169 0.000100593 8.84334e-05 0.00014845 0.000110971 5.00941e-05 3.88622e-05 4.17254e-05
threshold=-179845254.49999997 -0.27741864470915084 27.576016169813332 46.274999618530281 47.375000000000007 0.015813722313952509 41.862406147612823 51.92037417872524 5066908.0000000009 46.375615982385263 0.013366872769325468 13815146.500000002 0.88073262342400949 10572990.000000002 29.496977616163228 -0.021585932620696188 -0.64268297589055468
decision_type=2 2 2 2 2 2 2 2 2 2 2 2 2 2 2 2 2
left_child=1 15 -3 6 5 -5 8 9 -2 -8 -9 13 -13 -6 -7 16 -1
right_child=3 2 -4 4 11 14 7 10 -10 -11 -12 12 -14 -15 -16 -17 -18
leaf_value=0 0 0.00017862413417820655 0 0 -4.1665179487735129e-07 0 0 0 -9.2885828499438585e-05 0.00013716308777676002 -4.2686349212380459e-05 -5.5559140254538534e-05 0 2.6252599235603756e-05 0.00011550140440916623 0 -3.7674288357502764e-05
leaf_weight=39 46 25 64 29 3226 25 23 37 58 23 92 69 47 144 32 38 51
leaf_count=39 46 25 64 29 3226 25 23 37 58 23 92 69 47 144 32 38 51
internal_value=0 1.01891e-05 5.24491e-05 -5.31033e-07 9.5936e-08 4.58264e-05 -1.9304e-05 0 -5.05479e-05 6.57914e-05 -2.44671e-05 -1.7296e-07 -2.61998e-05 0 8.19153e-05 0 -1.97026e-05
internal_weight=4068 217 89 3851 3572 86 279 175 104 46 129 3486 116 3370 57 128 90
internal_count=4068 217 89 3851 3572 86 279 175 104 46 129 3486 116 3370 57 128 90
is_linear=0
shrinkage=0.03


Tree=395
num_leaves=24
num_cat=0
split_feature=28 0 24 28 0 1 19 24 36 31 29 26 26 26 30 28 1 28 2 36 28 29 26
split_gain=2.52788e-05 0.000156552 0.000826893 0.000148353 0.000338408 0.000395479 0.000216876 0.000143239 8.90499e-05 0.000466809 0.000573169 0.000300696 0.000297693 0.000270648 0.000165453 5.95575e-05 0.000101908 0.000432378 8.76739e-05 7.88489e-05 7.00474e-05 2.69888e-05 2.20103e-05
threshold=165679687.50000003 53.766599655151374 1.4698096344604517 136987534.50000003 42.429592132568366 80.488628387451186 86.0974723815918 1.6303900150743778 0.0029251856848195854 -0.0021739122079927338 59.971545788784674 1.7403341216179065 1.1942803885704325 2.3626289673765735 17.050447583155091 252813886.00000003 101.20204162597658 276435136.00000006 64.483787536621108 -0.0020844013792873655 313437247.50000006 55.945543020909788 1.273950169214509
decision_type=2 2 2 2 2 2 2 2 2 2 2 2 2 2 2 2 2 2 2 2 2 2 2
left_child=3 2 -2 8 6 22 21 -7 11 10 -10 14 -11 -13 -1 18 17 -17 -3 -20 -18 -5 -6
right_child=1 15 -4 4 5 7 -8 -9 9 12 -12 13 -14 -15 -16 16 20 -19 19 -21 -22 -23 -24
leaf_value=-2.3167346349726016e-05 0.00017624102079203907 0 0 8.7989697759144504e-05 0 -6.8294191122924311e-05 0 0 0 -1.8178365484633122e-05 0.00017979299216688431 -6.2356671403461362e-05 1.630398401575869e-05 0 4.8907501092125553e-06 7.070375367423163e-05 -1.9011574134009975e-05 0 0 -4.2652854371083535e-05 9.3897684222404306e-06 0 1.6133986892984536e-05
leaf_weight=212 29 24 55 31 35 194 29 30 93 410 31 135 498 28 1466 100 146 97 111 101 116 21 76
leaf_count=212 29 24 55 31 35 194 29 30 93 410 31 135 498 28 1466 100 146 97 111 101 116 21 76
internal_value=0 4.90857e-06 4.35725e-05 -1.09992e-06 -1.81578e-05 -3.54219e-05 1.62074e-05 -5.88597e-05 3.26376e-07 8.19676e-06 6.28026e-05 -2.45623e-06 0 -4.15616e-05 0 0 6.52467e-06 2.37591e-05 -1.20104e-05 -2.30781e-05 0 6.44618e-05 0
internal_weight=4068 779 84 3289 416 335 81 224 2873 1032 124 1841 908 163 1678 695 459 197 236 212 262 52 111
internal_count=4068 779 84 3289 416 335 81 224 2873 1032 124 1841 908 163 1678 695 459 197 236 212 262 52 111
is_linear=0
shrinkage=0.03


Tree=396
num_leaves=25
num_cat=0
split_feature=36 35 28 33 29 1 29 0 0 27 2 35 19 25 31 0 25 25 25 29 0 28 2 30
split_gain=2.51045e-05 0.000159066 0.000135168 0.000117273 0.000110659 0.000125312 0.000218397 7.51761e-05 0.000319787 0.000909233 0.000214319 0.000160428 0.000322634 0.000164255 0.0001027 0.000268646 0.000272972 0.00011984 0.000362173 0.000154746 0.000100196 6.45435e-05 1.63856e-05 1.35145e-06
threshold=0.012844554875967666 0.029178886002983139 64973878.500000007 0.039158390953798146 24.940385733827231 51.875000000000007 68.975436037002098 36.16687202453614 35.046480178833015 0.10980767911896962 44.225000381469734 0.025063746175066601 62.135223388671882 -0.1564998695639985 -0.0091003451367694926 44.935253143310554 0.17219556604105227 0.073370678959731248 0.0093723651048097396 87.557032933209612 46.521396636962898 -140470592.49999997 87.930164337158217 71.416296930951049
decision_type=2 2 2 2 2 2 2 2 2 2 2 2 2 2 2 2 2 2 2 2 2 2 2 2
left_child=7 4 21 22 -2 -6 -7 8 11 -10 -11 13 -13 -1 15 16 -9 18 -16 -19 -17 -3 -4 -23
right_child=1 2 3 -5 5 6 -8 14 9 10 -12 12 -14 -15 17 20 -18 19 -20 -21 -22 23 -24 -25
leaf_value=-4.6772618517712828e-05 0 0 8.6134248801782778e-05 0 0 -6.8777267830693058e-05 0 -4.8111790036665788e-05 0.00024195722278655825 -3.0862758319286879e-06 6.6745738491303603e-05 0.00010304067898394959 0 0 0 4.7421400692776077e-05 0 -1.1063730080590073e-05 4.3858239096421887e-05 1.7529905857780925e-05 0 -4.2328536028627672e-05 0 0
leaf_weight=91 34 21 33 32 50 120 81 246 20 92 43 36 29 203 1137 40 72 870 223 155 363 33 24 20
leaf_count=91 34 21 33 32 50 120 81 246 20 92 43 36 29 203 1137 40 72 870 223 155 363 33 24 20
internal_value=0 -6.62205e-06 4.71672e-06 3.74975e-05 -2.3629e-05 -3.21023e-05 -4.29838e-05 9.01824e-07 1.17189e-05 4.80712e-05 0 0 3.77796e-05 -1.32289e-05 0 -1.06769e-05 -3.19139e-05 2.07081e-06 8.71021e-06 -3.81198e-06 0 0 6.35805e-05 -3.3075e-05
internal_weight=4068 448 163 89 285 251 201 3620 514 155 135 359 65 294 3106 721 318 2385 1360 1025 403 74 57 53
internal_count=4068 448 163 89 285 251 201 3620 514 155 135 359 65 294 3106 721 318 2385 1360 1025 403 74 57 53
is_linear=0
shrinkage=0.03


Tree=397
num_leaves=16
num_cat=0
split_feature=30 30 21 24 30 30 27 27 25 31 26 35 31 30 35
split_gain=2.63055e-05 0.000125983 0.000138366 0.000245332 8.53265e-05 0.000164704 0.000186377 0.00015611 0.000136904 0.000237989 6.70214e-05 8.8205e-05 0.000137963 0.000172443 1.79034e-05
threshold=82.93147080107785 78.54768442874105 44.058749898274748 -0.631777137392874 72.384959407313318 65.458364796928322 0.46059474586584542 0.82109419059962352 0.029045045984081478 0.0039455590862650389 0.93539033518180281 0.011674169164343922 0.013113494146687167 91.219163533805968 0.02198769495221382
decision_type=2 2 2 2 2 2 2 2 2 2 2 2 2 2 2
left_child=1 4 -3 -4 5 7 -7 -1 -6 -10 -2 -12 13 -13 -14
right_child=10 2 3 -5 8 6 -8 -9 9 -11 11 12 14 -15 -16
leaf_value=4.7823186932115849e-07 0 0 0 5.7196998636945021e-05 0 0 3.2979765652651263e-05 -2.6284737982644468e-05 -5.0823388248660073e-05 0 0 -5.0263445052146899e-05 0 0 1.9335286300672589e-05
leaf_weight=2617 38 26 41 141 54 59 293 203 159 107 45 174 27 41 43
leaf_count=2617 38 26 41 141 54 59 293 203 159 107 45 174 27 41 43
internal_value=0 8.84551e-07 2.36383e-05 3.63648e-05 0 1.01071e-06 2.07126e-05 -3.85394e-07 -1.51586e-05 -2.71928e-05 -7.51344e-06 -1.56742e-05 -2.37256e-05 -3.63777e-05 0
internal_weight=4068 3700 208 182 3492 3172 352 2820 320 266 368 330 285 215 70
internal_count=4068 3700 208 182 3492 3172 352 2820 320 266 368 330 285 215 70
is_linear=0
shrinkage=0.03


Tree=398
num_leaves=31
num_cat=0
split_feature=31 1 20 33 30 0 30 22 26 24 1 36 33 0 0 27 31 24 35 34 34 0 26 4 36 0 5 33 25 34
split_gain=2.53201e-05 0.000128389 0.000509765 0.000296438 0.000490073 0.000206141 0.000236153 0.000299941 0.000177786 0.000279737 0.000170375 0.000213091 0.000157862 0.000126631 0.000356931 0.000807743 0.000142608 0.000222651 0.000185327 0.000179871 0.000257541 0.000174288 7.73068e-05 0.000899922 0.00010039 7.00516e-05 3.95318e-05 1.13174e-05 5.17766e-06 5.37201e-07
threshold=0.0044593482766626122 70.003318786621108 55.89750003814698 0.028401141178260206 51.681055572377353 50.975746154785163 50.755100787416517 70.347020188697172 1.1563532382340851 -0.031445556296864498 95.639644622802749 0.0099036948694625343 0.01209439657678202 36.16687202453614 35.286781311035163 0.14168959566601 0.00070386196325233918 0.75079967973237638 0.0087984516129672435 -0.019799335202662856 0.0072943996249422724 41.683755874633796 1.0947432468457037 61.975000381469734 0.0011901275110173663 43.280422210693366 10361254.500000002 0.038477994427568503 -0.24360578614647818 0.0058991502007524907
decision_type=2 2 2 2 2 2 2 2 2 2 2 2 2 2 2 2 2 2 2 2 2 2 2 2 2 2 2 2 2 2
left_child=13 2 8 4 -4 6 28 -8 12 -10 11 -7 -2 14 22 -16 19 18 -18 21 -21 -15 24 -24 -1 -19 -12 -5 -3 -17
right_child=1 5 3 27 -6 10 7 -9 9 -11 26 -13 -14 16 15 29 17 25 -20 20 -22 -23 23 -25 -26 -27 -28 -29 -30 -31
leaf_value=-3.3690291324359301e-05 3.6715151979982896e-06 0 -1.8795404409201928e-06 2.1971161311748319e-05 -0.00015176103478216661 0 7.0705866271702396e-05 0 7.9299130513061812e-05 0 1.3352380603351146e-05 -6.6288829983246654e-05 -2.819280277909558e-05 -8.3700957178059698e-06 0.00024139205287488646 0 0 0 3.8243798225085252e-05 -2.3318214754057944e-05 0 2.0499436163069303e-05 0.00020091018892197881 0 0 -2.615334896085363e-05 0 0 -8.0956760472799769e-06 4.1479804181059586e-06
leaf_weight=104 152 61 105 21 56 129 131 42 64 29 202 82 187 185 20 42 45 26 310 757 490 393 21 133 37 96 24 25 71 28
leaf_count=104 152 61 105 21 56 129 131 42 64 29 202 82 187 185 20 42 45 26 310 757 490 393 21 133 37 96 24 25 71 28
internal_value=0 -3.1533e-06 -1.40291e-05 -5.31288e-05 -7.26961e-05 2.17086e-06 2.38073e-05 4.71893e-05 0 4.03156e-05 -6.06863e-06 -2.82929e-05 -5.06174e-06 1.83574e-06 1.78734e-05 7.02193e-05 0 1.36622e-05 2.84171e-05 -4.64001e-06 -1.20099e-05 6.06992e-06 0 1.64637e-05 -1.40382e-05 -4.69004e-06 1.4154e-06 0 0 0
internal_weight=4068 1381 639 207 161 742 305 173 432 93 437 211 339 2687 385 90 2302 477 355 1825 1247 578 295 154 141 122 226 46 132 70
internal_count=4068 1381 639 207 161 742 305 173 432 93 437 211 339 2687 385 90 2302 477 355 1825 1247 578 295 154 141 122 226 46 132 70
is_linear=0
shrinkage=0.03


Tree=399
num_leaves=16
num_cat=0
split_feature=34 27 5 25 26 1 24 28 20 20 27 24 28 35 36
split_gain=2.70938e-05 8.17281e-05 0.000529628 0.00104546 8.75081e-05 0.000175227 0.000227267 0.000146294 0.000212235 0.000110944 2.93695e-05 1.14847e-05 6.9215e-05 3.18895e-05 9.26981e-06
threshold=-0.082334922536925467 0.10980767911896962 11355735.500000002 -0.54347277781565373 0.88873805906009085 50.675001144409187 0.61261263380838993 -104113609.99999999 38.158749961853033 52.481249713897711 -0.046891588742924373 0.58036276994188862 134386546.00000003 0.018518536370957388 -0.0019130083674121453
decision_type=2 2 2 2 2 2 2 2 2 2 2 2 2 2 2
left_child=10 2 11 -4 7 6 -6 8 -3 -7 -1 12 -2 -13 -9
right_child=1 4 3 -5 5 9 -8 14 -10 -11 -12 13 -14 -15 -16
leaf_value=0 0 0 0 0.00025405655158441753 3.6880269181647017e-05 -2.5000979250919364e-05 0 1.375426197753978e-05 -4.0918448537359168e-05 0 -4.76550350831695e-05 3.9436659787037579e-05 -2.7055573422972758e-05 0 0
leaf_weight=26 356 26 20 23 263 167 91 44 240 2594 22 25 85 21 65
leaf_count=26 356 26 20 23 263 167 91 44 240 2594 22 25 85 21 65
internal_value=0 3.95183e-07 1.17674e-05 0.000112972 -4.72543e-07 2.58639e-07 2.08081e-05 -1.45425e-05 -2.81586e-05 -1.29023e-06 -2.22239e-05 0 0 1.49737e-05 0
internal_weight=4068 4020 530 43 3490 3115 354 375 266 2761 48 487 441 46 109
internal_count=4068 4020 530 43 3490 3115 354 375 266 2761 48 487 441 46 109
is_linear=0
shrinkage=0.03


end of trees

feature_importances:
ATR14=579
Volume=551
MACD_HIST=465
Adj_Close=460
STOCH_K=452
close_to_open_pct=449
MACD=430
daily_range_pct=423
return_lag2=416
STOCH_D=412
return_lag1=409
OBV=384
BB_PCT=358
MACD_SIGNAL=324
return_lag5=310
return_lag3=285
RSI14=270
MA20=194
MA60=191
High=155
Close=130
MA5=93
Low=89
Open=77
CDLHARAMI=47
CDLENGULFING=11
CDLDOJI=6

parameters:
[boosting: gbdt]
[objective: regression]
[metric: l2]
[tree_learner: serial]
[device_type: cpu]
[data_sample_strategy: bagging]
[data: ]
[valid: ]
[num_iterations: 400]
[learning_rate: 0.03]
[num_leaves: 31]
[num_threads: 1]
[seed: 0]
[deterministic: 0]
[force_col_wise: 0]
[force_row_wise: 0]
[histogram_pool_size: -1]
[max_depth: 5]
[min_data_in_leaf: 20]
[min_sum_hessian_in_leaf: 0.001]
[bagging_fraction: 0.8]
[pos_bagging_fraction: 1]
[neg_bagging_fraction: 1]
[bagging_freq: 0]
[bagging_seed: 3]
[bagging_by_query: 0]
[feature_fraction: 0.8]
[feature_fraction_bynode: 1]
[feature_fraction_seed: 2]
[extra_trees: 0]
[extra_seed: 6]
[early_stopping_round: 0]
[early_stopping_min_delta: 0]
[first_metric_only: 0]
[max_delta_step: 0]
[lambda_l1: 0.1]
[lambda_l2: 0.1]
[linear_lambda: 0]
[min_gain_to_split: 0]
[drop_rate: 0.1]
[max_drop: 50]
[skip_drop: 0.5]
[xgboost_dart_mode: 0]
[uniform_drop: 0]
[drop_seed: 4]
[top_rate: 0.2]
[other_rate: 0.1]
[min_data_per_group: 100]
[max_cat_threshold: 32]
[cat_l2: 10]
[cat_smooth: 10]
[max_cat_to_onehot: 4]
[top_k: 20]
[monotone_constraints: ]
[monotone_constraints_method: basic]
[monotone_penalty: 0]
[feature_contri: ]
[forcedsplits_filename: ]
[refit_decay_rate: 0.9]
[cegb_tradeoff: 1]
[cegb_penalty_split: 0]
[cegb_penalty_feature_lazy: ]
[cegb_penalty_feature_coupled: ]
[path_smooth: 0]
[interaction_constraints: ]
[verbosity: -1]
[saved_feature_importance_type: 0]
[use_quantized_grad: 0]
[num_grad_quant_bins: 4]
[quant_train_renew_leaf: 0]
[stochastic_rounding: 1]
[linear_tree: 0]
[max_bin: 255]
[max_bin_by_feature: ]
[min_data_in_bin: 3]
[bin_construct_sample_cnt: 200000]
[data_random_seed: 1]
[is_enable_sparse: 1]
[enable_bundle: 1]
[use_missing: 1]
[zero_as_missing: 0]
[feature_pre_filter: 1]
[pre_partition: 0]
[two_round: 0]
[header: 0]
[label_column: ]
[weight_column: ]
[group_column: ]
[ignore_column: ]
[categorical_feature: ]
[forcedbins_filename: ]
[precise_float_parser: 0]
[parser_config_file: ]
[objective_seed: 5]
[num_class: 1]
[is_unbalance: 0]
[scale_pos_weight: 1]
[sigmoid: 1]
[boost_from_average: 1]
[reg_sqrt: 0]
[alpha: 0.9]
[fair_c: 1]
[poisson_max_delta_step: 0.7]
[tweedie_variance_power: 1.5]
[lambdarank_truncation_level: 30]
[lambdarank_norm: 1]
[label_gain: ]
[lambdarank_position_bias_regularization: 0]
[eval_at: ]
[multi_error_top_k: 1]
[auc_mu_weights: ]
[num_machines: 1]
[local_listen_port: 12400]
[time_out: 120]
[machine_list_filename: ]
[machines: ]
[gpu_platform_id: -1]
[gpu_device_id: -1]
[gpu_use_dp: 0]
[num_gpu: 1]

end of parameters

pandas_categorical:[]
