tree
version=v4
num_class=1
num_tree_per_iteration=1
label_index=0
max_feature_idx=41
objective=regression
feature_names=Adj_Close Close High Low Open Volume CDLDOJI CDLENGULFING CDLHAMMER CDLMORNINGSTAR CDLEVENINGSTAR CDL3WHITESOLDIERS CDLDARKCLOUDCOVER CDLHARAMI CDLSHOOTINGSTAR CDLPIERCING us_futures_return vix_level vix_change MA5 MA20 MA60 RSI14 MACD MACD_SIGNAL MACD_HIST ATR14 BB_PCT OBV STOCH_K STOCH_D return_lag1 return_lag2 return_lag3 return_lag5 daily_range_pct close_to_open_pct ccass_top10_change market_sentiment stock_sentiment RSI_x_VIX MACD_x_USFutures
feature_infos=[20.063003540039062:167.60000610351562] [28.200000762939453:168.19999694824219] [28.649999618530273:169.69999694824219] [27.5:166.5] [28.350000381469727:168.39999389648438] [0:275737207] [0:100] [-100:100] [0:100] none none none none [-100:100] [-100:0] none none none none [28.710000228881835:166.41999816894531] [30.26249990463257:163.09499969482422] [32.22499993642171:161.08499984741212] [9.0926430714292454:90.03683367121657] [-3.3600161305561969:4.7232566682698405] [-3.0725617207616955:4.2049478047241617] [-2.1535255510840425:2.056497769032323] [0.52407447353117476:4.5512912279812081] [-0.47832373494656871:1.5179316794284148] [-2379419400:1253218646] [0.49746711577624581:99.999999999999957] [2.1825523873881383:99.673207747571794] [-0.14750287077019408:0.092198524956709216] [-0.16590907356955786:0.12625542951303892] [-0.17386367104270239:0.13112389443864414] [-0.19211271044234157:0.16124262976206549] [0:0.13593257448326931] [-0.058892814018100086:0.088095256260463176] none none none none none
tree_sizes=2075 2306 1981 2178 1898 2452 1948 2220 2041 2312 2045 2527 2179 2339 2110 2081 2173 2119 2550 2444 1851 2216 2249 2515 2091 2331 1890 1947 1856 2327 2405 2205 2347 1660 2069 1679 2016 1657 2410 2199 2134 1892 1631 1802 1792 1975 1093 2236 1936 1995 2193 788 1847 810 2323 2385 2445 2078 2374 2407 792 2378 1677 1906 2372 2217 2412 1952 2088 1652 2407 1925 1729 2179 1936 1706 1653 1777 2325 1911 1767 1786 2177 2064 2134 2246 1695 1862 2129 1775 2596 2060 1922 1644 1431 2533 2038 2157 1725 1601 2057 1819 1863 2394 2003 2109 2371 1654 2200 2385 2498 1909 2331 2086 1043 1815 1685 2562 1702 1592 1949 1753 1834 2704 1596 1527 1780 1532 1488 2055 2114 2771 2068 1434 1519 2135 1727 2415 1050 1986 1585 1025 1848 1688 2108 1717 2424 948 1850 1297 2441 2454 2560 2034 2261 917 1824 2359 2502 1628 1783 1912 1864 907 2522 2038 2411 2434 2044 929 2241 2355 2125 1971 1980 2274 1648 2260 2537 1898 2204 1884 2268 1790 2433 2537 1949 2052 2116 2037 1622 2255 1525 2130 2148 1791 1279 2394 2144 1605 2657 1958 1968 2265 1270 2203 1789 2099 2491 2221 2059 2446 1951 2269 1354 1748 1917 2066 2105 2256 1574 2304 2296 2205 1887 2228 2367 1655 1295 1960 2307 1839 2478 1790 1593 1892 1622 2528 2636 2446 1385 2222 1681 841 2322 1656 1624 1702 1233 2598 1577 2347 1646 2338 2036 1419 2744 1761 2298 1874 2235 1993 1899 1856 2756 2108 2229 1854 2267 2430 1864 1959 1627 2149 2391 2050 1998 2608 1191 1693 1617 2022 2330 1836 2435 1987 2204 1485 2237 1990 2261 912 1758 2175 2604 2075 1702 1688 1775 2220 2539 1739 2130 1843 1629 2175 1948 1702 1380 2131 2027 1201 2248 2260 1649 1981 1526 927 1586 2132 2412 1896 2064 1476 2438 2260 1650 2157 2451 1681 2091 1896 1963 2369 1631 1905 1714 1336 2001 2184 1836 2182 2329 1615 1543 2111 2441 1901 2451 2249 1579 2417 2688 1713 1599 1535 1537 1916 2125 1858 2444 2308 1730 2438 2509 2487 1660 1723 1777 2182 2571 1519 2031 1958 1732 2004 2273 1739 2151 1877 2567 1462 1704 2064 2334 1724 2061 2632 1722 1378 2383 2003 1440 2351 2258 1555 2361 2568 2288 2514

Tree=0
num_leaves=21
num_cat=0
split_feature=32 2 20 35 25 20 35 5 2 27 32 27 32 0 5 2 22 1 22 22
split_gain=0.00972412 0.00752118 0.00407528 0.00292716 0.00260415 0.00256632 0.00237948 0.0017571 0.00172436 0.00103107 0.000916536 0.000513739 0.00044184 0.000438325 0.000410851 0.000371743 0.000257474 0.000349144 0.000121277 0.000206945
threshold=-0.027436178814858488 54.824998855590827 53.387499904632577 0.016909859650996662 -0.7323807439190716 130.33250007629397 0.032074765444498866 29624162.000000004 39.07500076293946 0.71045916746871629 -0.0016188175203925568 0.25880293863912779 -0.0058059747462863012 38.330190658569343 45396255.500000007 158.6499938964844 34.574191719324531 59.024999618530281 42.021698431191318 46.158234728341476
decision_type=2 2 2 2 2 2 2 2 2 2 2 2 2 2 2 2 2 2 2 2
left_child=3 2 6 16 -5 7 9 10 -6 -2 -3 -10 -7 -9 -8 -14 17 -1 -18 -20
right_child=1 5 -4 4 8 12 14 13 11 -11 -12 -13 15 -15 -16 -17 18 -19 19 -21
leaf_value=-0.0070468286485064644 -0.007106315191474471 -0.0070240927713827572 -0.0074588839605682963 -0.0070468286485064644 -0.0070468286485064644 -0.0070468286485064644 -0.0070468286485064644 -0.0070324696304103476 -0.0074785240916008904 -0.0070348233077855852 -0.0069813626073351618 -0.0071729398779795932 -0.0072063999188262317 -0.0070906907169378175 -0.0074006566177657529 -0.0070468286485064644 -0.0069935634200467738 -0.0071961372742613411 -0.0071490430604709103 -0.0070468286485064644
leaf_weight=23 431 1016 33 23 23 30 20 126 77 212 1547 41 69 235 30 34 30 29 20 22
leaf_count=23 431 1016 33 23 23 30 20 126 77 212 1547 41 69 235 30 34 30 29 20 22
internal_value=-0.00704683 -0.00703403 -0.00711953 -0.00721484 -0.00730175 -0.00701275 -0.00709898 -0.00700617 -0.00735045 -0.00707808 -0.00699713 -0.00739795 -0.00713468 -0.00706206 -0.00730728 -0.00716439 -0.00707561 -0.00712696 -0.00704683 -0.00707058
internal_weight=4071 3783 726 288 164 3057 693 2924 141 643 2563 118 133 361 50 103 124 52 72 42
internal_count=4071 3783 726 288 164 3057 693 2924 141 643 2563 118 133 361 50 103 124 52 72 42
is_linear=0
shrinkage=1


Tree=1
num_leaves=25
num_cat=0
split_feature=28 32 5 36 20 21 27 25 25 5 30 30 27 24 5 0 21 32 5 2 36 33 5 34
split_gain=0.0102265 0.00566668 0.00355143 0.00332985 0.00242195 0.00232731 0.00149078 0.00127241 0.00310796 0.00126986 0.00112519 0.00110532 0.000956693 0.0010134 0.000938005 0.000716796 0.000496304 0.000481755 0.000381382 0.000341485 0.000325365 0.000168928 0.000139651 0.000116548
threshold=-628306750.49999988 -0.021789088866418557 25666774.500000004 0.00089244528972005856 130.33250007629397 53.155000019073491 0.57482968701242843 -0.52027131783085767 -0.37080286250187405 30483207.000000004 22.768853789051917 85.965284072146602 0.93482607872180035 -1.0247952989327793 49687500.000000007 38.330190658569343 50.068749936421717 -0.0058059747462863012 42119825.500000007 158.6499938964844 0.0025073262082729556 0.0019279619461858302 25072715.000000004 0.016312765965444734
decision_type=2 2 2 2 2 2 2 2 2 2 2 2 2 2 2 2 2 2 2 2 2 2 2 2
left_child=2 7 3 6 9 12 10 22 -9 15 -1 -11 13 -4 -10 -3 20 -6 -14 -19 -5 -8 -2 -18
right_child=1 4 5 16 17 -7 21 8 14 11 -12 -13 18 -15 -16 -17 23 19 -20 -21 -22 -23 -24 -25
leaf_value=0 -2.5441015199273476e-05 2.0166766654209856e-05 0 0 0 -0.00044349517929148066 -7.1724524491072921e-05 -0.00038278578340119533 -1.8579741415455024e-05 6.9731625612250715e-06 -0.00023010852456503551 -0.000141049158316061 6.6076998135183496e-05 -0.0001982886900562354 -0.00026312953340547042 6.1013722280472716e-05 -4.8987874904763082e-05 -0.0001547910697390841 -9.2854099691848908e-05 0 8.26605776102715e-05 6.8924075289266122e-06 5.4068573801888245e-05 0
leaf_weight=20 22 826 55 24 26 37 29 42 171 269 107 50 25 171 22 1750 44 69 27 34 143 49 38 21
leaf_count=20 22 826 55 24 26 37 29 42 171 269 107 50 25 171 22 1750 44 69 27 34 143 49 38 21
internal_value=0 2.25275e-05 -9.99897e-05 -3.57584e-05 3.5509e-05 -0.000179537 -0.000127163 -0.000100345 -0.000132324 4.1881e-05 -0.000191443 -6.86332e-06 -0.000133472 -0.000160375 -6.21137e-05 4.90819e-05 3.21032e-05 -8.41754e-05 0 -0.000114358 6.40234e-05 0 0 -3.79648e-06
internal_weight=4071 3319 752 437 3024 315 205 295 235 2895 127 319 278 226 193 2576 232 129 52 103 167 78 60 65
internal_count=4071 3319 752 437 3024 315 205 295 235 2895 127 319 278 226 193 2576 232 129 52 103 167 78 60 65
is_linear=0
shrinkage=0.03


Tree=2
num_leaves=22
num_cat=0
split_feature=28 32 35 27 20 35 34 20 5 30 5 20 0 32 1 35 28 2 30 0 30
split_gain=0.00965615 0.00538427 0.00402318 0.00229446 0.00228838 0.00227318 0.00150906 0.00144283 0.00119495 0.00104142 0.000884571 0.00070019 0.000664909 0.000460486 0.000384066 0.000325793 0.000402443 0.00031324 3.16819e-05 2.75318e-05 2.4548e-05
threshold=-628306750.49999988 -0.021789088866418557 0.032074765444498866 0.71329823442559581 130.33250007629397 0.012569866910006831 -0.073471874082832664 56.296250343322761 30483207.000000004 85.965284072146602 42119825.500000007 108.42499980926515 38.330190658569343 -0.0058059747462863012 52.225000381469734 0.0089999771118164078 -1738382964.9999998 158.6499938964844 43.843510678417495 40.59050369262696 23.988446358624525
decision_type=2 2 2 2 2 2 2 2 2 2 2 2 2 2 2 2 2 2 2 2 2
left_child=2 5 3 7 8 18 -7 14 12 -10 -4 -8 -3 -6 -1 -5 -17 -15 20 -20 -2
right_child=1 4 10 15 13 6 11 -9 9 -11 -12 -13 -14 17 -16 16 -18 -19 19 -21 -22
leaf_value=-9.1601867862836479e-05 0 1.9561835665389604e-05 0 0.00012101508020214845 0 0 -0.00021827468945529105 -0.00037336072015007997 6.7640465492383408e-06 -0.00013682612590910031 -0.00040701410256348502 0 5.9183414798913715e-05 -0.0001501540478093849 0 0.00011206362162779236 -2.6104123726919866e-05 0 5.1491364190327125e-05 0 -2.6234761391827289e-05
leaf_weight=427 34 826 22 20 26 24 144 24 269 50 50 20 1750 69 28 20 161 34 20 21 32
leaf_count=427 34 826 22 20 26 24 144 24 269 50 50 20 1750 69 28 20 161 34 20 21 32
internal_value=0 2.1768e-05 -9.72825e-05 -6.89703e-05 3.44418e-05 -9.79506e-05 -0.000161023 -0.000105169 4.06556e-05 -6.37663e-06 -0.000322599 -0.000194928 4.76445e-05 -8.16935e-05 -8.43512e-05 2.38442e-06 0 -0.00011125 0 2.63394e-05 0
internal_weight=4071 3319 752 680 3024 295 188 479 2895 319 72 164 2576 129 455 201 181 103 107 41 66
internal_count=4071 3319 752 680 3024 295 188 479 2895 319 72 164 2576 129 455 201 181 103 107 41 66
is_linear=0
shrinkage=0.03


Tree=3
num_leaves=24
num_cat=0
split_feature=28 32 35 26 36 35 25 25 25 28 35 31 35 35 5 25 33 5 35 24 26 30 30
split_gain=0.00911701 0.00505206 0.0038103 0.0025172 0.00228461 0.00214172 0.00210531 0.00195203 0.0018122 0.00296921 0.00163726 0.00129164 0.000893187 0.000862727 0.000772567 0.000694623 0.000910465 0.000646404 0.000536635 0.000453157 0.000354202 2.98994e-05 2.31017e-05
threshold=-628306750.49999988 -0.021789088866418557 0.032074765444498866 1.5119566025690505 0.0027829692628069695 0.012569866910006831 -0.54669766090522764 -0.37080286250187405 -0.22205359807665745 -1210785392.9999998 0.0089065887535127262 -0.024411659328554821 0.021432371727872695 0.011290140192268266 42119825.500000007 0.1417569035460888 -0.015267206198968817 29624162.000000004 0.022176786242234126 -1.0123414868995761 1.1722480876694901 43.843510678417495 23.988446358624525
decision_type=2 2 2 2 2 2 2 2 2 2 2 2 2 2 2 2 2 2 2 2 2 2 2
left_child=2 5 4 15 10 21 18 -8 9 -6 -1 -12 13 -5 -4 16 -3 -17 -7 -14 -10 22 -2
right_child=1 3 14 12 8 6 7 -9 20 -11 11 -13 19 -15 -16 17 -18 -19 -20 -21 -22 -23 -24
leaf_value=5.8576849055354266e-05 0 0 0 0 0 -6.5851493467728922e-05 -0.00046517424355410755 -0.00011568233686068116 6.0934046697096964e-05 -0.00035820571584417409 0 -0.00015139240575261955 0.00013541118132182127 -9.4690043659672736e-05 -0.00039482805144577148 3.1241453698334274e-05 6.5282500222168459e-05 -3.0020473173515022e-05 0.00013643056272403961 0 0 2.5587723561542199e-05 -2.5450169940035191e-05
leaf_weight=22 34 281 22 111 35 25 31 112 170 31 33 334 29 211 50 697 1504 153 20 38 55 41 32
leaf_count=22 34 281 22 111 35 25 31 112 170 31 33 334 29 211 50 697 1504 153 20 38 55 41 32
internal_value=0 2.11073e-05 -9.45714e-05 3.34067e-05 -6.68699e-05 -9.47746e-05 -0.00015601 -0.000212683 0 -0.000141217 -0.000114456 -0.000133014 -3.35581e-05 -5.88704e-05 -0.000314132 4.44319e-05 5.59634e-05 1.66831e-05 0 4.32891e-05 3.72769e-05 0 0
internal_weight=4071 3319 752 3024 680 295 188 143 291 66 389 367 389 322 72 2635 1785 850 45 67 225 107 66
internal_count=4071 3319 752 3024 680 295 188 143 291 66 389 367 389 322 72 2635 1785 850 45 67 225 107 66
is_linear=0
shrinkage=0.03


Tree=4
num_leaves=21
num_cat=0
split_feature=28 32 35 36 20 35 27 26 31 20 24 24 20 5 32 32 2 29 32 26
split_gain=0.00858218 0.00479224 0.00361633 0.00213417 0.00206039 0.00193161 0.00160813 0.00117854 0.00110078 0.00109628 0.000820667 0.00155403 0.000784674 0.000668736 0.000599188 0.00038344 0.000290956 0.000244402 0.000181485 4.92722e-05
threshold=-628306750.49999988 -0.027436178814858488 0.032074765444498866 0.0027829692628069695 130.33250007629397 0.012897992715290135 0.79987543230812153 0.98865436804817686 -0.024411659328554821 52.757500171661384 -0.54870454001973257 1.0785099535222611 73.272499847412121 42119825.500000007 -0.016639539845914316 -0.0058059747462863012 158.6499938964844 37.767422576773903 0.025369138385615168 1.0986644550437077
decision_type=2 2 2 2 2 2 2 2 2 2 2 2 2 2 2 2 2 2 2 2
left_child=2 5 3 6 7 19 8 14 -1 17 -7 -12 -9 -4 -3 -6 -17 -5 -8 -2
right_child=1 4 13 9 15 10 18 12 -10 -11 11 -13 -14 -15 -16 16 -18 -19 -20 -21
leaf_value=0 -7.6623336883818887e-06 0 0 0 0 0 4.6553903432422147e-05 -3.655540386443219e-06 -0.00015894374996827966 -0.00016275721058898803 -0.0003351708101745952 0 3.5533901365119588e-05 -0.00038300684989397944 6.1788595971904963e-05 -0.00014388822222784886 0 4.2351358456737872e-05 -4.9923530247909894e-05 3.8818374779108518e-05
leaf_weight=32 34 79 22 88 30 37 51 738 285 34 60 28 853 50 1329 69 34 169 21 28
leaf_count=32 34 79 22 88 30 37 51 738 285 34 60 28 853 50 1329 69 34 169 21 28
internal_value=0 2.04451e-05 -9.17887e-05 -6.46634e-05 3.00297e-05 -0.00012398 -0.000110657 3.5853e-05 -0.000139962 0 -0.000192056 -0.000246496 1.54709e-05 -0.000305918 5.67508e-05 -7.86665e-05 -0.000106472 1.80045e-05 0 0
internal_weight=4071 3319 752 680 3132 187 389 2999 317 291 125 88 1591 72 1408 133 103 257 72 62
internal_count=4071 3319 752 680 3132 187 389 2999 317 291 125 88 1591 72 1408 133 103 257 72 62
is_linear=0
shrinkage=0.03


Tree=5
num_leaves=27
num_cat=0
split_feature=28 32 22 26 21 36 25 25 25 33 36 21 0 28 28 21 28 21 33 33 30 20 26 27 30 22
split_gain=0.00810308 0.00455939 0.00273398 0.00227487 0.00226373 0.0013215 0.00111887 0.00272657 0.000650438 0.000841019 0.000645995 0.000565059 0.000559891 0.00149624 0.00138388 0.000506639 0.000760992 0.000506531 0.000559591 0.000351403 0.00034487 0.00030279 0.000258134 0.000174727 5.66191e-05 5.01787e-05
threshold=-628306750.49999988 -0.021789088866418557 47.575531670239478 1.5119566025690505 53.155000019073491 0.0021945682632291347 -0.52027131783085767 -0.37080286250187405 0.1417569035460888 -0.015267206198968817 -0.0077402178228409514 60.988333384195968 40.901786804199226 69941828.000000015 938649228.00000012 44.819166501363121 -1757701034.9999998 46.558749866485606 0.044121002171604203 0.0019279619461858302 19.132782281814546 54.402500534057623 1.2318816448591734 0.67870305345073645 14.785028079512655 30.18413547063469
decision_type=2 2 2 2 2 2 2 2 2 2 2 2 2 2 2 2 2 2 2 2 2 2 2 2 2 2
left_child=2 6 4 8 20 15 25 22 9 -3 -9 -10 13 -5 -14 16 -4 18 -7 -17 24 -6 -8 -19 -1 -2
right_child=1 3 5 12 21 17 7 10 11 -11 -12 -13 14 -15 -16 19 -18 23 -20 -21 -22 -23 -24 -25 -26 -27
leaf_value=-4.0478330349603549e-05 4.3288508016631552e-05 0 0 0 -0.00051335225754883145 9.8094319267688228e-05 -5.7068193503500993e-05 -0.0001292900219289145 -2.3535719311419016e-05 6.2031827862956061e-05 0 2.9954881769767799e-05 6.1812030213473566e-05 -0.00019189039686711508 -7.3965865673280401e-05 -8.4676622319600014e-05 -0.00017067816272414406 0 0 2.4968725003671036e-05 -0.00012270918978592792 -9.5065039838128983e-05 -0.00050924737438983261 -6.4324378462734584e-05 0 0
leaf_weight=31 24 281 24 61 26 102 21 68 181 1504 125 669 131 61 136 40 87 24 28 46 246 26 21 46 26 36
leaf_count=31 24 281 24 61 26 102 21 68 181 1504 125 669 131 61 136 40 87 24 28 46 246 26 21 46 26 36
internal_value=0 1.97174e-05 -8.93355e-05 3.14411e-05 -0.000151956 -2.57614e-05 -9.02646e-05 -0.000120459 4.19512e-05 5.30868e-05 -5.37057e-05 1.50341e-05 -3.20346e-05 -8.60072e-05 0 -8.41722e-05 -0.000129126 1.67941e-05 6.06666e-05 0 -0.000105839 -0.000362374 -0.000355089 -2.18576e-05 0 0
internal_weight=4071 3319 752 3024 355 397 295 235 2635 1785 193 850 389 122 267 197 111 200 130 86 303 52 42 70 57 60
internal_count=4071 3319 752 3024 355 397 295 235 2635 1785 193 850 389 122 267 197 111 200 130 86 303 52 42 70 57 60
is_linear=0
shrinkage=0.03


Tree=6
num_leaves=21
num_cat=0
split_feature=28 32 36 20 20 24 28 26 21 24 26 25 25 25 34 28 24 32 34 21
split_gain=0.00766832 0.00436734 0.00254035 0.00332661 0.0018419 0.00137638 0.00162835 0.00107671 0.000880073 0.000747309 0.000715733 0.00098356 0.000681675 0.000679275 0.00064828 0.000454824 0.000450404 0.000364653 0.000307188 0.000127363
threshold=-628306750.49999988 -0.027436178814858488 -0.008352976900993998 56.296250343322761 130.33250007629397 -0.09382896841444513 -1757701034.9999998 0.98865436804817686 82.554166603088404 -1.1744079283943545 1.2484687277856852 -0.52027131783085767 0.063224523164522581 -0.035517395492097016 -0.019565222919851129 299796508.00000006 -0.77471572696320723 -0.0058059747462863012 0.018437833485386971 50.982916768391938
decision_type=2 2 2 2 2 2 2 2 2 2 2 2 2 2 2 2 2 2 2 2
left_child=2 9 12 5 7 16 -7 14 -9 -2 15 -12 13 19 -3 -11 -4 -6 -19 -1
right_child=1 4 3 -5 17 6 -8 8 -10 10 11 -13 -14 -15 -16 -17 -18 18 -20 -21
leaf_value=-5.1181608505799958e-05 0 0 -1.1697123020059512e-05 -0.00043559610780761067 0 0.00020466103766774457 -1.2231495269524928e-05 0 4.8240370257116646e-05 -9.562946383988992e-05 0 -0.00031471834337462725 -0.00034379951358896735 0 6.1491338047702432e-05 0 -0.00012215384631388991 -0.00014444950227945314 0 -0.00029446866654601135
leaf_weight=59 24 178 132 21 30 34 262 1113 478 53 33 48 48 23 1230 29 152 64 39 21
leaf_count=59 24 178 132 21 30 34 262 1113 478 53 33 48 48 23 1230 29 152 64 39 21
internal_value=0 1.90326e-05 -8.70499e-05 -5.24751e-05 2.82206e-05 -3.33593e-05 2.61083e-06 3.37654e-05 1.41935e-05 -0.000118752 -0.000142481 -0.0002187 -0.000204682 -0.000110482 5.3748e-05 -3.04768e-05 -8.13967e-05 -7.42015e-05 -0.000101445 -0.000152786
internal_weight=4071 3319 752 601 3132 580 296 2999 1591 187 163 81 151 103 1408 82 284 133 103 80
internal_count=4071 3319 752 601 3132 580 296 2999 1591 187 163 81 151 103 1408 82 284 133 103 80
is_linear=0
shrinkage=0.03


Tree=7
num_leaves=24
num_cat=0
split_feature=32 3 36 35 5 0 20 20 35 5 5 35 32 31 20 0 22 20 22 22 19 22 22
split_gain=0.00702264 0.0052331 0.00365129 0.00248427 0.00182813 0.00204187 0.00178249 0.00149992 0.0016516 0.00129984 0.00095221 0.00110626 0.000784409 0.000684501 0.000615993 0.000405693 0.000369412 0.000346211 0.000266686 0.000208673 0.000375289 0.000152901 0.000159742
threshold=-0.027436178814858488 54.975000381469734 0.0027829692628069695 0.016909859650996662 35101912.000000007 28.930084228515629 130.33250007629397 53.387499904632577 0.024390455194876301 30483207.000000004 25666774.500000004 0.032074765444498866 -0.0016188175203925568 -0.02095417378689762 55.06000022888184 39.806510925292976 49.587375985763124 49.585000324249272 58.127943008360027 34.574191719324531 61.019999694824229 42.021698431191318 46.158234728341476
decision_type=2 2 2 2 2 2 2 2 2 2 2 2 2 2 2 2 2 2 2 2 2 2 2
left_child=3 2 7 19 5 -5 9 8 -2 12 17 -12 -3 14 -6 -11 -8 -4 -18 20 -1 -21 -23
right_child=1 6 10 4 13 -7 16 -9 -10 15 11 -13 -14 -15 -16 -17 18 -19 -20 21 -22 22 -24
leaf_value=0 -5.9292782517276563e-05 1.6666637171269739e-05 8.0093464969180732e-05 0 -0.00011991124638074703 -0.00045885765719702983 -0.00019275603070812182 -0.00040341001409166429 -0.00027225829815740506 5.8314089151290557e-06 0 -0.00022515429102964567 5.595724969585318e-05 -0.00020877778006851979 6.1546697936273198e-05 -4.8745045412948868e-05 0 0 -6.392371379172579e-05 6.6433152742954602e-05 -0.00014005358469485241 -8.5964382924973501e-05 0
leaf_weight=24 330 1023 140 21 30 52 27 23 52 146 116 25 1551 29 32 186 43 58 63 30 28 20 22
leaf_count=24 330 1023 140 21 30 52 27 23 52 146 116 25 1551 29 32 186 43 58 63 30 28 20 22
internal_value=0 1.01737e-05 -5.98583e-05 -0.000143454 -0.000222706 -0.000353447 2.83072e-05 -0.000121145 -9.61979e-05 3.39381e-05 4.52795e-06 -4.4291e-05 4.15085e-05 -8.46225e-05 0 -1.57166e-05 -7.21178e-05 5.44416e-05 -1.29613e-05 -1.43673e-05 -6.40031e-05 0 -1.06427e-05
internal_weight=4071 3783 744 288 164 73 3039 405 382 2906 339 141 2574 91 62 332 133 198 106 124 52 72 42
internal_count=4071 3783 744 288 164 73 3039 405 382 2906 339 141 2574 91 62 332 133 198 106 124 52 72 42
is_linear=0
shrinkage=0.03


Tree=8
num_leaves=22
num_cat=0
split_feature=28 32 35 26 20 36 35 26 34 30 35 35 0 26 34 33 29 5 30 0 30
split_gain=0.00696496 0.00394124 0.00319866 0.00202569 0.00186558 0.00240413 0.00182217 0.00149324 0.00104859 0.00096505 0.000913786 0.000823733 0.0012228 0.000690291 0.000675678 0.000674424 0.000569771 0.000442744 3.3599e-05 2.35022e-05 1.64609e-05
threshold=-628306750.49999988 -0.021789088866418557 0.032074765444498866 1.5119566025690505 55.757500076293951 0.0025073262082729556 0.012569866910006831 1.7230072715798839 0.072688794514621527 13.496749864531873 0.0092842118146550315 0.021432371727872695 40.901786804199226 1.2843686524312143 -0.050050719073794152 -0.013641498443302811 38.299775113617088 20449073.000000004 43.843510678417495 40.59050369262696 23.988446358624525
decision_type=2 2 2 2 2 2 2 2 2 2 2 2 2 2 2 2 2 2 2 2 2
left_child=2 6 4 8 5 10 18 9 15 -8 -1 12 -5 -4 -7 -3 -9 -13 20 -20 -2
right_child=1 3 13 11 -6 14 7 16 -10 -11 -12 17 -14 -15 -16 -17 -18 -19 19 -21 -22
leaf_value=3.1176261966978461e-06 0 0 -0.0003666099994670863 -0.00015138004964555416 -0.00029340545974286368 -0.00012382074922962641 0 6.6944689720683332e-05 -0.00013433987265694644 -0.00023031496880684019 -0.00010831837969128696 0.00013360356420252141 -4.7016859527631751e-06 0 3.7132106550853416e-05 4.7826803819913259e-05 -0.00013382465535177111 0 5.0564505969549501e-05 0 -2.1483006736994755e-05
leaf_weight=20 34 383 48 91 33 20 22 34 23 112 340 29 231 24 267 2229 20 38 20 21 32
leaf_count=20 34 383 48 91 33 20 22 34 23 112 340 29 231 24 267 2229 20 38 20 21 32
internal_value=-6.25272e-08 1.78755e-05 -8.32136e-05 2.88312e-05 -5.74312e-05 -4.07159e-05 -8.42357e-05 -0.000140892 3.87904e-05 -0.000194591 -9.37973e-05 -3.09132e-05 -5.55023e-05 -0.000284688 1.54273e-05 4.14685e-05 0 4.24586e-05 0 2.71246e-05 0
internal_weight=4071 3319 752 3024 680 647 295 188 2635 134 360 389 322 72 287 2612 54 67 107 41 66
internal_count=4071 3319 752 3024 680 647 295 188 2635 134 360 389 322 72 287 2612 54 67 107 41 66
is_linear=0
shrinkage=0.03


Tree=9
num_leaves=25
num_cat=0
split_feature=32 3 36 35 25 27 20 21 20 35 5 5 35 32 25 0 32 20 2 22 19 22 22 27
split_gain=0.00635306 0.00470946 0.00332262 0.00232334 0.00213697 0.00213461 0.00166186 0.00152734 0.0013972 0.00150259 0.00118672 0.000859385 0.00095399 0.000707678 0.000460705 0.000386198 0.000350042 0.000326775 0.000284104 0.000185425 0.000352656 0.000155528 0.000146825 9.93239e-05
threshold=-0.027436178814858488 54.975000381469734 0.0027829692628069695 0.016909859650996662 -0.53049041740011582 0.25880293863912779 130.33250007629397 47.839583269755053 53.387499904632577 0.024390455194876301 30483207.000000004 25666774.500000004 0.032074765444498866 -0.0016188175203925568 0.098368938874471415 39.806510925292976 -0.0058059747462863012 49.585000324249272 158.6499938964844 34.574191719324531 61.019999694824229 42.021698431191318 46.158234728341476 -0.037425937837010613
decision_type=2 2 2 2 2 2 2 2 2 2 2 2 2 2 2 2 2 2 2 2 2 2 2 2
left_child=3 2 8 19 23 7 10 -6 9 -2 13 17 -13 -3 -7 -12 -8 -4 -18 20 -1 -21 -23 -5
right_child=1 6 11 4 5 14 16 -9 -10 -11 15 12 -14 -15 -16 -17 18 -19 -20 21 -22 22 -24 -25
leaf_value=0 -5.53006053969685e-05 1.5620870288024856e-05 7.6874657841304592e-05 1.6507329106497666e-05 -3.4956241536622709e-05 0 0 -0.00051001124625895831 -0.00038857213418791675 -0.00025945595597098414 5.6738869618122204e-06 0 -0.00020972015981542027 5.3189874508625856e-05 -0.0001506753706835071 -4.7383059102635028e-05 -0.00013318772414259818 0 0 6.7522111743304898e-05 -0.00013337345089447714 -8.191871730790563e-05 0 -6.3063337829546607e-05
leaf_weight=24 330 1023 140 20 24 27 30 48 23 52 146 116 25 1551 24 186 69 58 34 30 28 20 22 21
leaf_count=24 330 1023 140 20 24 27 30 48 23 52 146 116 25 1551 24 186 69 58 34 30 28 20 22 21
internal_value=-1.36582e-07 9.46567e-06 -5.69126e-05 -0.000136639 -0.000213132 -0.000276004 2.67047e-05 -0.000393537 -0.0001154 -9.10034e-05 3.21722e-05 4.12785e-06 -4.17012e-05 3.94252e-05 -5.09228e-05 -1.50227e-05 -7.01523e-05 5.19121e-05 -9.70001e-05 -1.12057e-05 -5.91795e-05 0 -8.07097e-06 0
internal_weight=4071 3783 744 288 164 123 3039 72 405 382 2906 339 141 2574 51 332 133 198 103 124 52 72 42 41
internal_count=4071 3783 744 288 164 123 3039 72 405 382 2906 339 141 2574 51 332 133 198 103 124 52 72 42 41
is_linear=0
shrinkage=0.03


Tree=10
num_leaves=22
num_cat=0
split_feature=28 32 21 26 36 34 34 5 27 34 25 31 5 5 26 5 34 28 5 36 5
split_gain=0.00632481 0.00366184 0.00299333 0.00173158 0.00156816 0.00233264 0.00103777 0.000953556 0.00128492 0.000919257 0.00263279 0.00090404 0.000892535 0.000787211 0.000770092 0.000727612 0.000644071 0.000312341 0.000267968 0.000202064 0.000139747
threshold=-682756590.99999988 -0.027436178814858488 53.597083346048997 1.4247020086142232 0.0025073262082729556 -0.050050719073794152 -0.056039211017338324 20449073.000000004 0.18341194463150332 -0.039974652829509953 -0.35718225438407131 -0.01943244111504033 15097201.000000002 13600052.500000002 0.93034200403757505 15544082.500000002 -0.033282963000374137 49528668.500000007 20449073.000000004 -0.009063274828788534 29881464.000000004
decision_type=2 2 2 2 2 2 2 2 2 2 2 2 2 2 2 2 2 2 2 2 2
left_child=2 9 4 13 6 -6 -1 15 -9 11 -11 17 -8 19 -15 -5 -7 -2 -12 -3 -13
right_child=1 3 -4 7 5 16 12 8 -10 10 18 20 -14 14 -16 -17 -18 -19 -20 -21 -22
leaf_value=4.0055729866144579e-08 0.0001320798490946821 0 -0.00032277395419208352 -2.3913691060163446e-05 -0.00029625285023750811 0.00016443634949164673 0 1.4541670462447295e-06 -0.00014734801134363634 -0.00051057713290454058 0 0 -0.00014685138326440698 4.5309466799681411e-05 1.3459113494419383e-06 7.656071794858345e-05 0 0 -9.0501490239503269e-05 6.132350582990461e-05 -0.0002012298861959887
leaf_weight=24 21 28 49 242 23 24 92 32 106 20 22 21 256 682 1081 88 252 30 54 903 21
leaf_count=24 21 28 49 242 23 24 92 32 106 20 22 21 256 682 1081 88 252 30 54 903 21
internal_value=-2.314e-07 1.63597e-05 -8.1607e-05 2.48051e-05 -5.948e-05 0 -0.000100864 -2.48482e-05 -9.11437e-05 -0.000109006 -0.0001788 -4.62158e-06 -0.00011644 3.4545e-05 2.0056e-05 0 1.61467e-05 4.12583e-05 -5.15128e-05 5.87552e-05 -0.000131557
internal_weight=4071 3351 720 3162 671 299 372 468 138 189 96 93 348 2694 1763 330 276 51 76 931 42
internal_count=4071 3351 720 3162 671 299 372 468 138 189 96 93 348 2694 1763 330 276 51 76 931 42
is_linear=0
shrinkage=0.03


Tree=11
num_leaves=28
num_cat=0
split_feature=28 26 5 5 36 35 35 33 29 30 28 34 5 35 22 34 26 35 21 26 24 36 35 19 26 22 31
split_gain=0.0059783 0.00308609 0.00271868 0.00253361 0.00196612 0.00185697 0.00176713 0.00140693 0.00119902 0.0012744 0.00118428 0.00113198 0.000998421 0.00141306 0.000992594 0.000821922 0.000792303 0.000660097 0.000646359 0.000552989 0.000530713 0.000481812 0.000432093 0.000598526 0.000134869 0.000103841 0.000101388
threshold=-499085120.99999994 1.403420495333807 20449073.000000004 25666774.500000004 0.0021405878855039174 0.032074765444498866 0.02546913874054239 -0.013641498443302811 61.093342598215308 22.768853789051917 -1777586057.9999998 -0.01709883980521287 15544082.500000002 0.015614161123608744 76.530082153199317 0.072688794514621527 2.0236737168930046 0.010475811854930581 47.244166564941416 1.1140142888883153 1.4400012800438724 -0.00078555772565855146 0.0078936984292865987 67.735000610351577 1.0925557823804535 37.651156174077563 -0.0077439381704473278
decision_type=2 2 2 2 2 2 2 2 2 2 2 2 2 2 2 2 2 2 2 2 2 2 2 2 2 2 2
left_child=3 7 12 4 8 10 16 22 9 -1 11 -5 17 -14 -12 20 -4 -3 19 -6 -9 -8 25 -24 -20 -2 -10
right_child=1 2 6 5 18 -7 21 15 26 -11 14 -13 13 -15 -16 -17 -18 -19 24 -21 -22 -23 23 -25 -26 -27 -28
leaf_value=0 0 2.5599349843383998e-05 -0.00021941009066333647 -0.00011190244818114996 0.00011196007042410663 -0.00030426799168529513 -6.5313433862821866e-05 4.8869029128840754e-05 4.4417711303187193e-05 -0.00018073024211712801 -0.00015201663689114685 0.00012560043777095015 0 0.00021788840506208127 0 -0.00010344158905996555 0 -6.2272755540799849e-05 -5.0234764707219064e-05 0 0 0.00011640503594875952 -6.1516925346679271e-05 0 0 6.7934287893549404e-05 -2.2683394468671086e-05
leaf_weight=25 52 73 122 32 104 66 25 2023 25 123 171 39 54 42 20 22 28 185 48 26 118 24 216 219 57 51 81
leaf_count=25 52 73 122 32 104 66 25 2023 25 123 171 39 54 42 20 22 28 185 48 26 118 24 216 219 57 51 81
internal_value=-2.33478e-07 1.72403e-05 -4.51536e-05 -7.34942e-05 -2.26426e-05 -0.000140133 -0.00013399 3.11266e-05 -8.40434e-05 -0.000139302 -8.72396e-05 0 0 8.6975e-05 -0.000126554 4.21918e-05 -0.000185499 -2.5786e-05 3.09695e-05 7.87689e-05 4.50942e-05 0 -7.78472e-06 -2.5328e-05 0 3.71607e-05 0
internal_weight=4071 3254 553 817 489 328 199 2701 254 148 262 71 354 96 191 2163 150 258 235 130 2141 49 538 435 105 103 106
internal_count=4071 3254 553 817 489 328 199 2701 254 148 262 71 354 96 191 2163 150 258 235 130 2141 49 538 435 105 103 106
is_linear=0
shrinkage=0.03


Tree=12
num_leaves=23
num_cat=0
split_feature=32 3 20 36 35 5 5 20 35 0 5 31 32 20 35 0 22 22 22 19 22 22
split_gain=0.0055185 0.00401627 0.00295974 0.00230569 0.00216956 0.00184646 0.00194466 0.00149238 0.00126457 0.00113058 0.00104067 0.000659361 0.000644721 0.000496134 0.000483318 0.000375223 0.000368545 0.000229618 0.000150998 0.000336098 0.000161973 0.000128067
threshold=-0.027436178814858488 54.975000381469734 53.783750247955332 0.0027829692628069695 0.016909859650996662 35101912.000000007 20523160.000000004 130.33250007629397 0.024390455194876301 30.526023864746097 30483207.000000004 -0.02095417378689762 1.0000000180025095e-35 55.06000022888184 0.032074765444498866 39.806510925292976 49.587375985763124 58.127943008360027 34.574191719324531 61.019999694824229 42.021698431191318 46.158234728341476
decision_type=2 2 2 2 2 2 2 2 2 2 2 2 2 2 2 2 2 2 2 2 2 2
left_child=4 2 3 8 18 6 -6 10 -2 -8 12 13 -3 -7 -5 -12 -9 -18 19 -1 -20 -22
right_child=1 7 -4 14 5 11 9 16 -10 -11 15 -13 -14 -15 -16 -17 17 -19 20 -21 21 -23
leaf_value=0 -5.2460392271428037e-05 1.6890936501005592e-05 -0.00034119142691240427 3.5776553992643857e-05 0 -9.6642460451272624e-05 -4.3850354450657507e-05 -0.00018428978753556253 -0.00024261445692177742 -0.00056681191789976733 6.4794634432638017e-06 -0.00018371394388953739 5.2134799423697459e-05 7.178053087946549e-05 -7.0292405833732299e-05 -4.6157318921554549e-05 0 -5.8315288343373829e-05 6.9492610940706612e-05 -0.00012553922172204516 -7.586221760156242e-05 0
leaf_weight=24 335 1215 33 294 20 30 20 27 52 33 146 29 1359 32 30 186 43 63 30 28 20 22
leaf_count=24 335 1215 33 294 20 30 20 27 52 33 146 29 1359 32 30 186 43 63 30 28 20 22
internal_value=-2.49488e-07 8.64874e-06 -5.25562e-05 -3.48947e-05 -0.000127507 -0.000201034 -0.000328849 2.46211e-05 -8.58168e-05 -0.000426419 2.98467e-05 -6.53223e-05 3.66655e-05 0 1.66803e-05 -1.39814e-05 -6.69517e-05 -8.643e-06 -6.00323e-06 -5.19062e-05 0 -3.1453e-06
internal_weight=4071 3783 744 711 288 164 73 3039 387 53 2906 91 2574 62 324 332 133 106 124 52 72 42
internal_count=4071 3783 744 711 288 164 73 3039 387 53 2906 91 2574 62 324 332 133 106 124 52 72 42
is_linear=0
shrinkage=0.03


Tree=13
num_leaves=25
num_cat=0
split_feature=28 32 36 27 26 28 26 30 34 27 33 31 36 26 32 25 33 32 32 22 28 36 33 26
split_gain=0.00539853 0.00321413 0.0022192 0.00229199 0.00147617 0.00105104 0.00127276 0.000974274 0.000884612 0.00243534 0.00196966 0.000807818 0.000739534 0.000771736 0.000598101 0.000525368 0.000707172 0.000505623 0.000347539 0.000339504 0.000301553 0.000239581 0.000142506 2.63383e-06
threshold=-682756590.99999988 -0.027436178814858488 -0.008352976900993998 0.036383376062028273 0.98865436804817686 -1757701034.9999998 0.99435521507860269 79.233664122804171 -0.039974652829509953 0.23625015232691429 -0.033477589578394522 -0.01943244111504033 0.016324152257335911 1.5119566025690505 -0.035875511298947886 0.063224523164522581 -0.028464106716742373 -0.0016188175203925568 0.035064109302207387 72.379285247294789 49528668.500000007 0.0014503049397879527 -0.004664460031916561 1.488786134911577
decision_type=2 2 2 2 2 2 2 2 2 2 2 2 2 2 2 2 2 2 2 2 2 2 2 2
left_child=2 8 15 -4 17 6 -5 -7 11 10 -10 20 13 -6 -13 16 -1 21 -14 -19 -2 -3 -18 -11
right_child=1 4 3 5 12 7 -8 -9 9 23 -12 14 18 -15 -16 -17 22 19 -20 -21 -22 -23 -24 -25
leaf_value=-0.00020200199414572613 0.00013101688059823701 2.9898262280951177e-05 -0.00027740764314612514 -3.8412663841916019e-05 9.6960590743899314e-06 -7.0134111818479514e-05 0.00014369309717781088 2.0068040050218087e-05 0 0 -0.00050829860342976939 -0.00023593511895311911 0.000148130447631898 -3.8489425373324106e-05 0 -0.00031447611793581037 2.2653783029641592e-06 6.793817205200105e-05 0 0 0 -6.0736552276020929e-07 -6.5234323282435265e-05 -1.0859679309964004e-05
leaf_weight=38 21 385 37 32 1288 344 68 92 20 30 26 21 45 387 21 47 32 781 24 87 30 165 30 20
leaf_count=38 21 385 37 32 1288 344 68 92 20 30 26 21 45 387 21 47 32 781 24 87 30 165 30 20
internal_value=-3.49599e-07 1.49205e-05 -7.55773e-05 -4.19198e-05 2.28845e-05 -2.00195e-05 5.54691e-05 -4.42212e-05 -0.000102397 -0.000170049 -0.000328366 -2.31703e-07 2.53942e-06 0 -0.000122934 -0.000186261 -9.57753e-05 4.57896e-05 9.89692e-05 6.16526e-05 4.21517e-05 1.52946e-05 0 0
internal_weight=4071 3351 720 573 3162 536 100 436 189 96 46 93 1744 1675 42 147 100 1418 69 868 51 550 62 50
internal_count=4071 3351 720 573 3162 536 100 436 189 96 46 93 1744 1675 42 147 100 1418 69 868 51 550 62 50
is_linear=0
shrinkage=0.03


Tree=14
num_leaves=22
num_cat=0
split_feature=28 5 33 20 30 35 21 5 25 33 23 34 35 33 33 5 36 33 33 31 5
split_gain=0.00511354 0.0023376 0.00214357 0.00171957 0.00146174 0.00140195 0.00136027 0.0012827 0.00119641 0.00110517 0.000997642 0.000937889 0.000757508 0.00110996 0.000678856 0.000644757 0.000414533 0.000398989 0.000344182 0.000198534 0.000210993
threshold=-499085120.99999994 82190074.000000015 -0.013641498443302811 130.33250007629397 59.75794538084542 0.011346927504265697 49.107916418711348 15203225.000000002 0.10516172008778808 -0.036234515119950288 -2.0060586456028591 0.072688794514621527 0.019867487043967423 0.029304260836805155 0.013787921071404698 19616374.000000004 -0.006892571300954233 -0.016359500805088575 -0.011319545000215146 -0.0064131802584388433 13808663.000000002
decision_type=2 2 2 2 2 2 2 2 2 2 2 2 2 2 2 2 2 2 2 2 2
left_child=1 4 5 8 6 16 9 -8 18 -1 -7 -10 14 -14 -6 -12 -2 -18 -4 -5 -21
right_child=2 -3 3 19 12 10 7 -9 11 -11 15 -13 13 -15 -16 -17 17 -19 -20 20 -22
leaf_value=8.4599886087053064e-05 -8.711974835023282e-05 -0.00036915842569486675 0 0 -1.7516563376873725e-06 4.1957526447341468e-05 0 -0.00022089425088191641 1.6077189569412616e-05 -6.6198696546102595e-05 -6.0089313787705826e-06 -0.00012862281514750909 0 -0.00021270954615664031 8.5202249139750607e-05 -0.00011614733159981575 5.3790418321052675e-05 -1.4050769827193216e-06 5.8469518797370202e-05 -0.00013437571078041429 0
leaf_weight=37 20 26 101 21 122 33 46 115 1016 263 138 39 71 34 103 237 218 57 1277 57 40
leaf_count=37 20 26 101 21 122 33 46 115 1016 263 138 39 71 34 103 237 218 57 1277 57 40
internal_value=-3.84602e-07 -6.81849e-05 1.5718e-05 2.90962e-05 -5.44543e-05 -2.85581e-05 -8.91099e-05 -0.000166421 3.53757e-05 -3.75815e-05 -6.61102e-05 7.87307e-06 0 -7.19384e-05 2.47467e-05 -8.36267e-05 1.32171e-05 3.14484e-05 5.42527e-05 -7.4896e-05 -9.30738e-05
internal_weight=4071 817 3254 2551 791 703 461 161 2433 300 408 1055 330 105 225 375 295 275 1378 118 97
internal_count=4071 817 3254 2551 791 703 461 161 2433 300 408 1055 330 105 225 375 295 275 1378 118 97
is_linear=0
shrinkage=0.03


Tree=15
num_leaves=23
num_cat=0
split_feature=32 5 35 25 3 31 2 26 35 32 24 33 5 31 22 3 24 24 22 1 22 22
split_gain=0.00481354 0.00343696 0.00203697 0.00203267 0.00202031 0.00219098 0.00183472 0.00154079 0.00142992 0.001069 0.000881979 0.00130745 0.000777126 0.000534929 0.000374643 0.000345093 0.000414687 0.000343543 0.000120335 0.000278883 0.000169633 0.000102746
threshold=-0.027436178814858488 29624162.000000004 0.016909859650996662 -0.53049041740011582 56.024999618530281 0.013673127071878512 39.07500076293946 1.1698526892712813 0.010475811854930581 -0.0064541971958673719 1.4400012800438724 0.015007329955822992 18086676.000000004 0.016345662536994435 29.334427939738077 57.524999618530281 0.9135707828888403 0.93432633677386234 34.574191719324531 59.024999618530281 42.021698431191318 46.158234728341476
decision_type=2 2 2 2 2 2 2 2 2 2 2 2 2 2 2 2 2 2 2 2 2 2
left_child=2 8 18 -4 5 9 -5 -7 13 -3 11 -10 -12 14 -2 -6 -17 -8 19 -1 -20 -22
right_child=1 4 3 6 15 7 17 -9 10 -11 12 -13 -14 -15 -16 16 -18 -19 20 -21 21 -23
leaf_value=0 0 -2.7013218506411573e-05 0 0 7.935584327420112e-05 5.6736910826121218e-05 -0.00034847965312481612 -0.00019175948069221992 -3.9893073404924548e-06 -0.00031093877481154974 -0.00011064557129715473 6.009537780882646e-05 0 -3.0266087205541726e-05 4.8990519772031924e-05 0 -7.7316541123442634e-05 0 7.1218453571134612e-05 -0.00011115406042495356 -6.7827429973395226e-05 0
leaf_weight=23 50 46 41 23 26 64 80 32 1175 69 112 354 64 40 1423 239 89 20 30 29 20 22
leaf_count=23 50 46 41 23 26 64 80 32 1175 69 112 354 64 40 1423 239 89 20 30 29 20 22
internal_value=-4.82651e-07 7.77719e-06 -0.000119357 -0.000190214 -5.91234e-05 -0.000133822 -0.000251183 0 2.0457e-05 -0.000223555 0 8.88885e-06 -6.18182e-05 4.17202e-05 4.57134e-05 -6.10228e-06 -2.20421e-05 -0.000306734 -1.39183e-06 -4.56437e-05 0 0
internal_weight=4071 3783 288 164 565 211 123 96 3218 115 1705 1529 176 1513 1473 354 328 100 124 52 72 42
internal_count=4071 3783 288 164 565 211 123 96 3218 115 1705 1529 176 1513 1473 354 328 100 124 52 72 42
is_linear=0
shrinkage=0.03


Tree=16
num_leaves=23
num_cat=0
split_feature=28 32 5 26 30 0 26 23 25 25 5 30 26 5 36 20 25 33 19 25 5 26
split_gain=0.00469037 0.00270854 0.00217522 0.0015139 0.00134275 0.00129712 0.0016396 0.00118004 0.000906116 0.0023208 0.000834234 0.000713273 0.00117424 0.000636097 0.000746913 0.00059847 0.000578217 0.000681549 0.000511775 0.000496712 0.000184443 0.000133339
threshold=-499085120.99999994 -0.021789088866418557 82190074.000000015 1.5119566025690505 59.75794538084542 31.151031494140629 1.1595737512508986 -1.0003182929013545 -0.52027131783085767 -0.37080286250187405 49687500.000000007 69.472239222181216 1.034998697903504 20449073.000000004 0.013814689175635846 130.33250007629397 0.1417569035460888 -0.015267206198968817 48.739999771118171 0.16184344429073119 25072715.000000004 1.2318816448591734
decision_type=2 2 2 2 2 2 2 2 2 2 2 2 2 2 2 2 2 2 2 2 2 2
left_child=2 8 4 16 5 7 -7 -1 20 21 -11 18 -13 15 -15 -5 17 -3 -6 -18 -2 -10
right_child=1 3 -4 13 11 6 -8 -9 9 10 -12 12 -14 14 -16 -17 19 -19 -20 -21 -22 -23
leaf_value=0.00010171232440528106 -3.8935901461236464e-06 0 -0.00035646752432930742 3.2598910226902418e-05 0.00012921569476490396 -5.2406445842994643e-05 -0.00023758795516692891 -6.6334055830365605e-05 -2.7440605587812493e-05 0 -0.00021243809409201463 1.4463145224583783e-05 -0.00010242878713176519 -0.000135497483741097 0 -5.5683467663732503e-05 -6.1077508968796008e-05 5.1606705566963111e-05 0 1.7849785633946999e-05 6.5940246148118336e-05 -0.00044522957370386973
leaf_weight=49 22 277 26 168 51 189 97 126 20 170 22 120 122 83 22 116 68 1463 37 764 38 21
leaf_count=49 22 277 26 168 51 189 97 126 20 170 22 120 122 83 22 116 68 1463 37 764 38 21
internal_value=-5.73692e-07 1.48143e-05 -6.55276e-05 2.41832e-05 -5.21285e-05 -8.53405e-05 -0.00012576 -2.11679e-06 -6.9607e-05 -9.79325e-05 -3.5826e-05 0 -3.20922e-05 -2.6872e-05 -9.01135e-05 0 3.30721e-05 4.34372e-05 6.67559e-05 7.7871e-06 0 -0.000314985
internal_weight=4071 3254 817 2961 791 461 286 175 293 233 192 330 242 389 105 284 2572 1740 88 832 60 41
internal_count=4071 3254 817 2961 791 461 286 175 293 233 192 330 242 389 105 284 2572 1740 88 832 60 41
is_linear=0
shrinkage=0.03


Tree=17
num_leaves=23
num_cat=0
split_feature=32 5 35 25 3 31 2 26 35 32 33 5 36 31 22 3 36 24 22 19 22 22
split_gain=0.00439008 0.00315685 0.00188202 0.0018978 0.00185493 0.0020941 0.00173637 0.00140828 0.00127873 0.000984791 0.000824115 0.00102503 0.00101335 0.000501808 0.000354982 0.000329904 0.000433497 0.000279527 0.000107168 0.000294176 0.000161279 9.28642e-05
threshold=-0.027436178814858488 29624162.000000004 0.016909859650996662 -0.53049041740011582 56.024999618530281 0.013673127071878512 39.07500076293946 1.1698526892712813 0.010475811854930581 -0.0064541971958673719 0.0085793211699047873 16257152.500000002 0.00073372091492306341 0.016345662536994435 29.334427939738077 57.524999618530281 0.016324152257335911 0.93432633677386234 34.574191719324531 61.019999694824229 42.021698431191318 46.158234728341476
decision_type=2 2 2 2 2 2 2 2 2 2 2 2 2 2 2 2 2 2 2 2 2 2
left_child=2 8 18 -4 5 9 -5 -7 13 -3 12 -12 -10 14 -2 -6 -17 -8 19 -1 -20 -22
right_child=1 4 3 6 15 7 17 -9 10 -11 11 -13 -14 -15 -16 16 -18 -19 20 -21 21 -23
leaf_value=0 0 -2.4178263110808424e-05 0 0 7.7635370403656651e-05 5.5960060536604253e-05 -0.00033469473469604772 -0.00018229397489236682 -4.2406205648925427e-05 -0.00030026934217704075 -5.2452813928200522e-06 6.4666890602490309e-05 1.2401006197217649e-05 -2.9739456253005487e-05 4.6639953193190867e-05 -4.041214924652406e-05 4.2026410072260647e-05 0 6.9442654670172813e-05 -0.00011337745253684816 -6.448330858951684e-05 0
leaf_weight=24 50 46 41 23 26 64 80 32 582 69 264 345 514 40 1423 289 39 20 30 28 20 22
leaf_count=24 50 46 41 23 26 64 80 32 582 69 264 345 514 40 1423 289 39 20 30 28 20 22
internal_value=-6.53569e-07 7.19983e-06 -0.000114191 -0.000182249 -5.68775e-05 -0.000128507 -0.000241148 0 1.93838e-05 -0.000216014 0 2.9439e-05 -1.39671e-05 3.94932e-05 4.34117e-05 -5.68663e-06 -2.14566e-05 -0.00029517 0 -4.30265e-05 0 0
internal_weight=4071 3783 288 164 565 211 123 96 3218 115 1705 609 1096 1513 1473 354 328 100 124 52 72 42
internal_count=4071 3783 288 164 565 211 123 96 3218 115 1705 609 1096 1513 1473 354 328 100 124 52 72 42
is_linear=0
shrinkage=0.03


Tree=18
num_leaves=27
num_cat=0
split_feature=28 26 5 25 22 21 33 25 5 0 26 24 30 5 29 31 5 31 31 28 31 29 30 33 31 26
split_gain=0.00428058 0.00238024 0.00237051 0.00212849 0.00204457 0.00138657 0.000983703 0.000977284 0.000888222 0.000743973 0.000735428 0.000967151 0.000691389 0.000815204 0.000672429 0.000665771 0.000664937 0.000524369 0.00047986 0.000424227 0.000395347 0.00028743 0.000235683 0.000206314 0.000189469 8.51073e-05
threshold=-499085120.99999994 1.403420495333807 20449073.000000004 -0.49148360791075879 47.575531670239478 53.155000019073491 -0.013641498443302811 -0.30469410297049943 15544082.500000002 39.806510925292976 1.0889842604300071 -0.4979702596076237 86.350860454552503 34716379.500000007 21.404022285948255 -0.00099699475859982268 15149740.000000002 0.013673127071878512 0.0012936929121355469 929142304.50000012 -0.0096930545626071046 53.691145670173974 55.004975919038301 -0.0048765551438917911 -0.00099699475859982268 0.88138715644637922
decision_type=2 2 2 2 2 2 2 2 2 2 2 2 2 2 2 2 2 2 2 2 2 2 2 2 2 2
left_child=4 6 8 20 5 14 21 -5 19 -7 17 -12 18 -14 25 -10 -13 24 -8 -3 -4 22 -2 -16 -6 -1
right_child=1 2 3 7 10 9 12 -9 15 -11 11 16 13 -15 23 -17 -18 -19 -20 -21 -22 -23 -24 -25 -26 -27
leaf_value=-6.0986505035978182e-05 -7.8743235507765448e-06 0 9.689647797975189e-05 -0.00040584479297057217 1.5330484067268244e-05 -0.00037512493728149884 1.9965052444281691e-05 -0.00010750204355127625 0.00018226242609556734 0 2.878872296342051e-05 0 2.8322898591280385e-06 -0.00017105537047424162 -2.6767265696203706e-05 0 -0.00013811716427495046 9.0061165430743476e-05 5.7436098861760924e-05 -6.9004521396618065e-05 -4.7183212364917567e-05 -9.1112727987625007e-05 5.2500844303912017e-05 -0.00014926032539078351 -3.4745095972898377e-05 5.0483784373060375e-06
leaf_weight=20 438 150 29 28 88 36 900 105 38 21 32 39 200 25 97 58 113 61 1038 108 37 33 67 114 124 72
leaf_count=20 438 150 29 28 88 36 900 105 38 21 32 39 200 25 97 58 113 61 1038 108 37 33 67 114 124 72
internal_value=-7.01742e-07 1.39632e-05 -4.06579e-05 -0.000123724 -6.27762e-05 -0.000117636 2.6258e-05 -0.000193108 0 -0.00027792 -1.29811e-05 -6.23311e-05 3.55361e-05 -3.22856e-06 -7.75043e-05 8.32778e-05 -0.000101244 9.30607e-06 4.15845e-05 -2.26941e-05 0 -5.46881e-06 0 -0.000107199 0 0
internal_weight=4071 3254 553 199 817 360 2701 133 354 57 457 184 2163 225 303 96 152 273 1938 258 66 538 505 211 212 92
internal_count=4071 3254 553 199 817 360 2701 133 354 57 457 184 2163 225 303 96 152 273 1938 258 66 538 505 211 212 92
is_linear=0
shrinkage=0.03


Tree=19
num_leaves=27
num_cat=0
split_feature=28 32 22 35 21 34 20 22 21 34 0 29 24 35 36 32 21 22 0 33 22 33 35 30 0 30
split_gain=0.0040453 0.00239935 0.00196158 0.00134156 0.0012984 0.00123268 0.00111808 0.000919355 0.000854514 0.000808843 0.000658317 0.000638468 0.000527431 0.000507651 0.000667827 0.00100633 0.000431909 0.000426229 0.000412935 0.000173308 0.000167768 9.44788e-05 6.47711e-05 4.00347e-05 1.91811e-05 4.66836e-06
threshold=-499085120.99999994 -0.021789088866418557 47.575531670239478 0.012569866910006831 53.155000019073491 -0.038004522292366054 130.33250007629397 49.479633033557946 79.629583358764663 0.072688794514621527 39.806510925292976 21.404022285948255 -1.6457339117145899 0.0089999771118164078 0.0021405878855039174 -0.0085246952517505897 46.558749866485606 49.587375985763124 40.701133728027351 -0.0048765551438917911 58.730649878264387 0.014277367150227762 0.020020266741649757 43.843510678417495 40.59050369262696 23.988446358624525
decision_type=2 2 2 2 2 2 2 2 2 2 2 2 2 2 2 2 2 2 2 2 2 2 2 2 2 2
left_child=2 3 4 23 11 8 9 -7 -5 12 -6 22 -3 21 15 -15 -16 -8 -11 -13 -19 -4 -1 25 -25 -2
right_child=1 6 13 5 10 7 17 -9 -10 18 -12 19 -14 14 16 -17 -18 20 -20 -21 -22 -23 -24 24 -26 -27
leaf_value=-2.9193489200384503e-05 0 -2.2442960391645991e-05 0 -9.6683735380621193e-05 -0.00036390235934566465 -0.00025650181200344188 -0.0001861823100276146 0 8.5617863349007238e-05 -0.00017638367274143977 0 -2.5965077238446094e-05 3.287855324507526e-05 0 4.3839105417003765e-05 -0.00011301906331380306 -4.026414205067162e-05 0 0 -0.00014478644347975595 -5.1881668561282636e-05 0.00011178349026829582 1.8261413390013081e-05 5.1492251705121123e-05 0 -1.1440658230317105e-05
leaf_weight=53 34 99 20 57 36 67 23 31 32 22 21 97 2691 55 127 143 89 50 20 114 56 23 39 20 20 32
leaf_count=53 34 99 20 57 36 67 23 31 32 22 21 97 2691 55 127 143 89 50 20 114 56 23 39 20 20 32
internal_value=-7.21646e-07 1.35131e-05 -6.10827e-05 -6.58382e-05 -0.000114806 -0.000115081 2.23802e-05 -0.000191227 0 2.70501e-05 -0.000270825 -7.54784e-05 2.98396e-05 -1.21836e-05 -2.78472e-05 -6.82279e-05 0 -5.68433e-05 -8.66253e-05 -0.000104412 -3.54897e-07 6.87334e-05 0 0 2.99756e-05 0
internal_weight=4071 3254 817 293 360 187 2961 98 89 2832 57 303 2790 457 414 198 216 129 42 211 106 43 92 106 40 66
internal_count=4071 3254 817 293 360 187 2961 98 89 2832 57 303 2790 457 414 198 216 129 42 211 106 43 92 106 40 66
is_linear=0
shrinkage=0.03


Tree=20
num_leaves=20
num_cat=0
split_feature=32 5 3 31 25 5 26 0 20 21 32 26 0 34 3 24 32 2 5
split_gain=0.00388483 0.0028193 0.00163421 0.0019108 0.00131584 0.0019537 0.00126269 0.00120069 0.00093329 0.00108682 0.000932625 0.000847946 0.000771227 0.000483758 0.000314562 0.000379173 0.000306881 0.000227176 7.09868e-05
threshold=-0.027436178814858488 29624162.000000004 56.024999618530281 0.013673127071878512 -0.7323807439190716 19856485.000000004 1.1698526892712813 26.824893951416019 130.33250007629397 59.121250216166182 -0.0064541971958673719 0.97812544195524598 38.330190658569343 0.010293677341913334 57.524999618530281 0.9135707828888403 -0.0058059747462863012 158.6499938964844 16518697.000000002
decision_type=2 2 2 2 2 2 2 2 2 2 2 2 2 2 2 2 2 2 2
left_child=4 8 3 10 -1 18 -5 -7 9 13 -3 -9 -11 -2 -4 -16 -10 -18 -6
right_child=1 2 14 6 5 7 -8 11 16 12 -12 -13 -14 -15 15 -17 17 -19 -20
leaf_value=7.3549410654711907e-06 -3.1420255692038534e-05 -1.751487523139557e-05 7.57094484422056e-05 5.4242621516836471e-05 0 0 -0.00017183445490870589 0 0 1.6229686136586765e-06 -0.00028597860957589312 -0.00023261845316800128 4.3325756129425629e-05 1.6041459122804565e-05 0 -7.37648584233379e-05 -0.00011536656635864918 0 5.502611654458877e-05
leaf_weight=29 409 46 26 64 22 29 32 37 30 728 69 150 1671 282 239 89 65 33 21
leaf_count=29 409 46 26 64 22 29 32 37 30 728 69 150 1671 282 239 89 65 33 21
internal_value=-8.05114e-07 6.537e-06 -5.39631e-05 -0.000121305 -0.000107629 -0.00013208 0 -0.000170449 1.80929e-05 2.20882e-05 -0.000204766 -0.000198322 3.19217e-05 -7.71051e-06 -5.32919e-06 -2.09177e-05 -5.48786e-05 -8.21467e-05 0
internal_weight=4071 3783 565 211 288 259 96 216 3218 3090 115 187 2399 691 354 328 128 98 43
internal_count=4071 3783 565 211 288 259 96 216 3218 3090 115 187 2399 691 354 328 128 98 43
is_linear=0
shrinkage=0.03


Tree=21
num_leaves=24
num_cat=0
split_feature=28 35 26 5 23 27 5 36 5 34 32 5 5 35 35 27 34 35 20 35 33 33 26
split_gain=0.00364927 0.00258987 0.00219293 0.00246797 0.00191857 0.00134749 0.0010773 0.00106344 0.00165596 0.00100426 0.000917234 0.000834701 0.000785677 0.00131581 0.000729589 0.000772271 0.000562844 0.000508501 0.00040463 0.000291945 0.000785958 0.000341139 6.40224e-05
threshold=-682756590.99999988 0.032074765444498866 1.393878332570696 20449073.000000004 -2.1228339217701335 0.71329823442559581 44476170.500000007 0.0027829692628069695 35101912.000000007 -0.047599174205327548 -0.021789088866418557 42119825.500000007 15544082.500000002 0.017013263890428534 0.011346927504265697 -0.092074715799293091 0.072688794514621527 0.010475811854930581 86.1924997329712 0.019867487043967423 0.013787921071404698 0.012548370456085258 1.0827897706829774
decision_type=2 2 2 2 2 2 2 2 2 2 2 2 2 2 2 2 2 2 2 2 2 2 2
left_child=1 5 10 12 -5 7 -6 8 -1 -9 14 -3 17 -14 22 -16 18 -4 -12 20 -7 -21 -2
right_child=2 11 3 4 6 19 -8 9 -10 -11 16 -13 13 -15 15 -17 -18 -19 -20 21 -22 -23 -24
leaf_value=-0.00014136154100273093 0 0 2.4419957159990235e-05 4.3800247313947161e-05 -0.00019359870044688518 0 0 -0.00017672834255495469 0 1.9430815444522604e-05 3.3862276096516427e-05 -0.00031793017246923552 0 0.0002232515564045825 0 -0.00013301764471413235 -9.1913015059115371e-05 -5.137231140258595e-05 -7.0771276887880126e-06 6.3356280638161982e-06 0.00011675608897310114 -9.0977705963256556e-05 4.9515463002151297e-05
leaf_weight=228 52 22 76 26 154 57 32 27 51 152 2452 49 63 36 25 88 22 191 109 22 75 37 25
leaf_count=228 52 22 76 26 154 57 32 27 51 152 2452 49 63 36 25 88 22 191 109 22 75 37 25
internal_value=-7.83499e-07 -6.27276e-05 1.16321e-05 -3.96395e-05 -0.00012147 -3.83074e-05 -0.000160704 -6.78784e-05 -0.000104841 0 2.3402e-05 -0.000243387 0 7.878e-05 -3.33205e-05 -8.73912e-05 2.87369e-05 -1.85657e-05 3.09483e-05 1.69009e-05 4.89403e-05 -3.98063e-06 7.13001e-06
internal_weight=4071 720 3351 578 212 649 186 458 279 179 2773 71 366 99 190 113 2583 267 2561 191 132 59 77
internal_count=4071 720 3351 578 212 649 186 458 279 179 2773 71 366 99 190 113 2583 267 2561 191 132 59 77
is_linear=0
shrinkage=0.03


Tree=22
num_leaves=24
num_cat=0
split_feature=5 32 5 19 24 26 23 32 5 20 28 30 0 31 30 30 30 32 26 20 2 34 5
split_gain=0.00346574 0.00285503 0.00204585 0.0016271 0.00108091 0.00173598 0.00140004 0.00124461 0.00122321 0.000856798 0.000967125 0.00104682 0.000652712 0.000559986 0.00130364 0.000404695 0.000331077 0.000294809 0.000245758 0.000230901 0.000217643 0.000134514 3.27632e-05
threshold=29624162.000000004 -0.028147270627809359 20523160.000000004 68.065000152587899 -0.17110275863155275 1.08547741744607 -0.15217514890936809 -0.01554913015629533 82190074.000000015 130.33250007629397 -499085120.99999994 61.223689180853007 38.592914581298835 -0.015878501974959599 38.629982287306106 68.523870857348996 76.919773215336747 -0.0058059747462863012 1.4736325521794533 84.668750572204601 158.6499938964844 -0.039974652829509953 16518697.000000002
decision_type=2 2 2 2 2 2 2 2 2 2 2 2 2 2 2 2 2 2 2 2 2 2 2
left_child=1 2 22 4 6 16 8 -7 -2 10 11 -3 -12 19 18 -16 -6 -11 -15 -5 -19 -4 -1
right_child=3 9 21 13 5 7 -8 -9 -10 17 12 -13 -14 14 15 -17 -18 20 -20 -21 -22 -23 -24
leaf_value=-2.9977094729713312e-05 -6.0733764278819935e-05 -5.4297016616070009e-05 -3.1539078242414641e-06 0.00010955629688623484 6.2386555843642173e-05 0 -0.00042887854621573502 -0.00022826559461400174 -0.00036258425424570467 0 4.0948438364293038e-06 2.6598437059741482e-05 4.0364910727401373e-05 -4.4980097431909444e-06 7.8863129813848751e-05 -1.1504522324611701e-05 0 -0.0001115021657054892 -0.00027554828597149299 0 0 -0.00035901208951697947 1.8848039418617015e-05
leaf_weight=22 205 288 21 48 91 38 21 54 20 32 875 238 1694 38 57 84 49 65 20 20 33 31 27
leaf_count=22 205 288 21 48 91 38 21 54 20 32 875 238 1694 38 57 84 49 65 20 20 33 31 27
internal_value=-7.61962e-07 1.15877e-05 -0.00014227 -5.99167e-05 -9.30474e-05 -2.88333e-05 -0.000141381 -0.000135811 -0.000101041 1.73407e-05 2.12128e-05 -1.19937e-05 2.91797e-05 0 -2.59887e-05 3.79557e-06 2.00996e-05 -5.17313e-05 -0.000149912 7.36616e-05 -7.90806e-05 -0.000273164 0
internal_weight=4071 3326 101 745 478 232 246 92 225 3225 3095 526 2569 267 199 141 140 130 58 68 98 52 49
internal_count=4071 3326 101 745 478 232 246 92 225 3225 3095 526 2569 267 199 141 140 130 58 68 98 52 49
is_linear=0
shrinkage=0.03


Tree=23
num_leaves=27
num_cat=0
split_feature=5 35 19 25 25 31 25 27 26 27 36 33 35 24 31 30 35 35 31 24 22 13 5 20 23 22
split_gain=0.00330422 0.00155081 0.00153781 0.00131844 0.0015679 0.0010251 0.00104847 0.00204656 0.000935921 0.000852358 0.000847351 0.00133335 0.000626178 0.00058418 0.000530861 0.00125031 0.00108337 0.000553081 0.000432901 0.000417283 0.000296762 0.000311847 0.000294344 0.000218486 4.48745e-05 2.44013e-05
threshold=29624162.000000004 0.010475811854930581 68.065000152587899 -0.40533074343966341 -0.52027131783085767 0.013370291380276346 0.057832059689513833 0.11672217139647635 1.08547741744607 0.20217229805076478 0.00073372091492306341 0.022730424784792039 0.012783364261995901 -0.029960307332531046 -0.015878501974959599 38.629982287306106 0.014220278636748808 0.017479855441339485 0.016345662536994435 -0.016069784213928892 29.334427939738077 -89.999999999999986 21679334.500000004 84.668750572204601 -0.26609647551293131 26.025629779448142
decision_type=2 2 2 2 2 2 2 2 2 2 2 2 2 2 2 2 2 2 2 2 2 2 2 2 2 2
left_child=1 18 5 4 22 6 7 -2 19 -6 11 -5 -12 -8 23 16 -16 -17 20 -7 25 -22 -3 -4 -10 -1
right_child=2 3 14 10 9 8 13 -9 24 -11 12 -13 -14 -15 15 17 -18 -19 -20 -21 21 -23 -24 -25 -26 -27
leaf_value=0 -0.00014580553119549332 -4.4019051375460364e-05 0.00010627644000271322 -3.7544154449514659e-05 -8.8624084421791932e-06 0 -0.0003158764988747618 1.6062240709974376e-05 0 -0.00033229368027611078 -4.7848653038146133e-06 8.4526792455513424e-05 4.2232310923524975e-05 -6.9498219085864309e-05 0 -1.7838454978583086e-05 -0.00025956889370905116 9.4185647045625216e-05 -3.0890314050420574e-05 0.00011254028794236842 0 4.370386564740178e-05 4.8690103947191386e-05 0 -0.00015135059377793938 -2.7011240174238905e-05
leaf_weight=22 125 90 48 666 39 34 52 97 35 31 280 80 566 61 25 88 33 53 40 43 63 1381 38 20 31 30
leaf_count=22 125 90 48 666 39 34 52 97 35 31 280 80 566 61 25 88 33 53 40 43 63 1381 38 20 31 30
internal_value=-8.48976e-07 1.11903e-05 -5.86182e-05 -6.40298e-06 -7.97167e-05 -9.08288e-05 -0.000120514 -6.15967e-05 -2.87282e-07 -0.000195162 8.35315e-07 -2.0423e-05 2.31267e-05 -0.00020958 0 -2.56642e-05 -0.000146978 3.04529e-06 3.3645e-05 4.70009e-05 3.73777e-05 4.04024e-05 0 7.1345e-05 -0.00010083 0
internal_weight=4071 3326 745 1790 198 478 335 222 143 70 1592 746 846 113 267 199 58 141 1536 77 1496 1444 128 68 66 52
internal_count=4071 3326 745 1790 198 478 335 222 143 70 1592 746 846 113 267 199 58 141 1536 77 1496 1444 128 68 66 52
is_linear=0
shrinkage=0.03


Tree=24
num_leaves=23
num_cat=0
split_feature=28 5 5 30 0 5 23 24 36 35 24 25 35 30 35 30 34 22 0 24 24 24
split_gain=0.00317505 0.0017168 0.00120695 0.00107079 0.00131818 0.0012376 0.00112573 0.000813817 0.000730402 0.00149849 0.00170313 0.000694136 0.000752218 0.000660138 0.000861481 0.000625464 0.000551687 0.000538478 0.000461289 0.000271245 0.000179189 6.39923e-05
threshold=-499085120.99999994 82190074.000000015 20092371.000000004 59.75794538084542 31.151031494140629 10377452.500000002 -1.0003182929013545 1.4400012800438724 0.016324152257335911 0.020724761769307161 -0.42752768244110356 -0.81618833366786647 0.016651667049174635 69.472239222181216 0.019867487043967423 75.574428596675361 0.011206855970927189 69.165723540704604 34.807294845581062 0.64471047277090954 -0.42157558665359224 1.9003201198317847
decision_type=2 2 2 2 2 2 2 2 2 2 2 2 2 2 2 2 2 2 2 2 2 2
left_child=1 3 7 4 6 -6 -1 11 9 18 -11 -2 -13 16 -15 21 -5 -17 -4 20 -10 -9
right_child=2 -3 8 13 5 -7 -8 15 19 10 -12 12 -14 14 -16 17 -18 -19 -20 -21 -22 -23
leaf_value=0.00011481953151355725 -0.00010008467433901575 -0.0003135415927196542 -4.2658909306321548e-05 0 0 -0.00013448580710656628 -5.3863172925466599e-05 0 0 0 -0.00018754352246502177 2.8141236262554016e-05 0.00011074076519081812 0 -0.0001106936724831922 0 0.00013427069378872544 -0.00016606785175946346 4.7920054267862499e-06 0 0.00017150498516393679 2.9517814985324265e-05
leaf_weight=49 23 26 223 37 28 258 126 56 27 42 93 1699 141 165 77 31 51 42 762 22 27 66
leaf_count=49 23 26 223 37 28 258 126 56 27 42 93 1699 141 165 77 31 51 42 762 22 27 66
internal_value=-9.42155e-07 -5.44767e-05 1.15784e-05 -4.21305e-05 -7.16612e-05 -0.000111459 0 2.59572e-05 -1.06556e-05 -1.89314e-05 -0.000113544 3.281e-05 3.61069e-05 0 -2.64505e-05 -2.41204e-05 6.94345e-05 -9.61948e-05 -2.90855e-06 7.17464e-05 0.000108412 0
internal_weight=4071 817 3254 791 461 286 175 2058 1196 1120 135 1863 1840 330 242 195 88 73 985 76 54 122
internal_count=4071 817 3254 791 461 286 175 2058 1196 1120 135 1863 1840 330 242 195 88 73 985 76 54 122
is_linear=0
shrinkage=0.03


Tree=25
num_leaves=25
num_cat=0
split_feature=32 5 35 5 0 3 31 26 35 32 33 5 36 31 31 1 3 36 22 5 22 1 22 22
split_gain=0.00308783 0.00225212 0.00159333 0.00203798 0.00167543 0.00133672 0.00176284 0.00109385 0.000874408 0.000855978 0.00071593 0.000958545 0.00088752 0.000576243 0.000414223 0.000351899 0.000300526 0.000372642 0.000298927 6.9791e-05 4.98486e-05 0.000245262 0.00019054 6.85778e-05
threshold=-0.027436178814858488 29624162.000000004 0.016909859650996662 35101912.000000007 28.930084228515629 56.024999618530281 0.013673127071878512 1.1698526892712813 0.010475811854930581 -0.0064541971958673719 0.0085793211699047873 16257152.500000002 0.00073372091492306341 -0.02095417378689762 0.016345662536994435 50.274999618530281 57.524999618530281 0.016324152257335911 29.334427939738077 25854471.000000004 34.574191719324531 59.024999618530281 42.021698431191318 46.158234728341476
decision_type=2 2 2 2 2 2 2 2 2 2 2 2 2 2 2 2 2 2 2 2 2 2 2 2
left_child=2 8 20 4 -4 6 9 -8 14 -3 12 -12 -10 15 18 -5 -7 -18 -2 -6 21 -1 -22 -24
right_child=1 5 3 13 19 16 7 -9 10 -11 11 -13 -14 -15 -16 -17 17 -19 -20 -21 22 -23 23 -25
leaf_value=0 0 -8.4626349314204789e-06 0 -3.2436829713112275e-05 -0.00015740626398038781 7.7039677885243251e-05 5.7147417973284571e-05 -0.00015539396572455534 -3.9902215289225742e-05 -0.00026559368575556383 -6.1403890151374626e-06 6.1499640341351682e-05 1.1138935398934947e-05 -0.00014018366991820714 -2.9887580524716626e-05 9.6952721342735248e-05 -3.7190563356679938e-05 3.7712474422686535e-05 3.9457423636309509e-05 -0.0005753925709234578 7.5479884928964891e-05 -9.5535981320036731e-05 -5.5413423053948054e-05 0
leaf_weight=23 50 46 21 32 32 26 64 32 582 69 264 345 514 29 40 30 289 39 1423 20 30 29 20 22
leaf_count=23 50 46 21 32 32 26 64 32 582 69 264 345 514 29 40 30 289 39 1423 20 30 29 20 22
internal_value=-8.81285e-07 5.58211e-06 -9.61662e-05 -0.000158034 -0.000283598 -4.83705e-05 -0.000109274 0 1.59883e-05 -0.000188902 0 2.72564e-05 -1.32292e-05 -2.41744e-05 3.26155e-05 0 -3.57667e-06 -1.91321e-05 3.63512e-05 -0.000376548 0 -2.93447e-05 0 0
internal_weight=4071 3783 288 164 73 565 211 96 3218 115 1705 609 1096 91 1513 62 354 328 1473 52 124 52 72 42
internal_count=4071 3783 288 164 73 565 211 96 3218 115 1705 609 1096 91 1513 62 354 328 1473 52 124 52 72 42
is_linear=0
shrinkage=0.03


Tree=26
num_leaves=20
num_cat=0
split_feature=32 28 25 25 5 27 25 34 25 27 0 5 4 36 26 5 25 32 5
split_gain=0.00294737 0.00223241 0.00179511 0.00117456 0.00166055 0.00123182 0.000808635 0.000967996 0.000961263 0.000915183 0.000798994 0.000773443 0.000801581 0.000709532 0.000428831 0.00042245 0.000258366 0.000211287 6.8064e-05
threshold=-0.027436178814858488 -499085120.99999994 -0.49148360791075879 -0.7323807439190716 19856485.000000004 0.24839562563483589 0.10516172008778808 0.072688794514621527 -0.25698031440872976 0.41703095407696639 27.157915115356449 25666774.500000004 49.524999618530281 -0.0010400327465673027 1.7230072715798839 32386325.500000004 0.52531538695118363 0.0070895063339474493 16518697.000000002
decision_type=2 2 2 2 2 2 2 2 2 2 2 2 2 2 2 2 2 2 2
left_child=3 2 -2 -1 18 10 8 9 14 -8 -6 13 -13 -4 -3 -7 -9 -10 -5
right_child=1 6 11 4 5 15 7 16 17 -11 -12 12 -14 -15 -16 -17 -18 -19 -20
leaf_value=1.5134844525726792e-05 -0.00028395650140249854 9.7981873743736768e-06 -5.3109918707433441e-05 0 0 -0.00011001122051245064 -0.00014530939100545085 -0.00023337474489869517 2.9195909361028597e-05 1.0096517785751486e-05 -0.00023064350167285438 -0.00010298867105317259 0 2.4412223602293534e-05 -5.3908740882789376e-05 2.1297663816402094e-05 0 6.9192081980494493e-05 5.3881378936639121e-05
leaf_weight=29 29 445 165 22 21 30 34 20 928 1105 130 179 52 290 118 35 22 396 21
leaf_count=29 29 445 165 22 21 30 34 20 928 1105 130 179 52 290 118 35 22 396 21
internal_value=-9.50498e-07 5.34622e-06 -4.11841e-05 -9.40467e-05 -0.000117851 -0.00015352 1.7169e-05 0 2.94093e-05 2.81153e-06 -0.000202593 -2.65087e-05 -7.14028e-05 0 0 0 -0.000143107 4.34285e-05 0
internal_weight=4071 3783 715 288 259 216 3068 1181 1887 1139 151 686 231 455 563 65 42 1324 43
internal_count=4071 3783 715 288 259 216 3068 1181 1887 1139 151 686 231 455 563 65 42 1324 43
is_linear=0
shrinkage=0.03


Tree=27
num_leaves=21
num_cat=0
split_feature=32 5 3 31 25 5 0 26 26 32 20 33 3 32 33 3 36 2 5 25
split_gain=0.00274788 0.00203686 0.00119556 0.00167489 0.00112201 0.00157538 0.00111075 0.00101136 0.000827023 0.000784662 0.000734491 0.000788083 0.000906209 0.000382073 0.000342255 0.000281265 0.000356762 0.000175037 6.40602e-05 4.78168e-07
threshold=-0.027436178814858488 29624162.000000004 56.024999618530281 0.013673127071878512 -0.7323807439190716 19856485.000000004 26.824893951416019 1.1698526892712813 0.97812544195524598 -0.0064541971958673719 130.33250007629397 0.015007329955822992 54.250000000000007 0.0057845604949501314 -0.0024783899987203535 57.524999618530281 0.016324152257335911 158.6499938964844 16518697.000000002 -0.52027131783085767
decision_type=2 2 2 2 2 2 2 2 2 2 2 2 2 2 2 2 2 2 2 2
left_child=4 10 3 9 -1 18 -7 -5 -8 -3 11 12 -2 -13 19 -4 -17 -16 -6 -12
right_child=1 2 15 7 5 6 8 -9 -10 -11 14 13 -14 -15 17 16 -18 -19 -20 -21
leaf_value=1.468235617215485e-05 -2.9930402586201263e-05 -5.5486099675061335e-06 7.4252930855185813e-05 5.7511859250693707e-05 0 0 0 -0.00014748203882318704 -0.00020876548099240039 -0.00025480245494891252 4.5161691474423647e-06 0 1.8103160402538924e-05 5.777060120878682e-05 -0.00011363368228034499 -3.6360725588889744e-05 3.6411372758031284e-05 0 5.2272598000182051e-05 0
leaf_weight=29 393 46 26 64 22 29 37 32 150 69 21 114 2001 582 60 289 39 27 21 20
leaf_count=29 393 46 26 64 22 29 37 32 150 69 21 114 2001 582 60 289 39 27 21 20
internal_value=-9.1159e-07 5.14251e-06 -4.61166e-05 -0.000103791 -9.0822e-05 -0.000114215 -0.000149003 0 -0.000176029 -0.000181257 1.50757e-05 1.87119e-05 8.96395e-06 4.79258e-05 -4.92318e-05 -3.24823e-06 -1.85559e-05 -8.42687e-05 0 0
internal_weight=4071 3783 565 211 288 259 216 96 187 115 3218 3090 2394 696 128 354 328 87 43 41
internal_count=4071 3783 565 211 288 259 216 96 187 115 3218 3090 2394 696 128 354 328 87 43 41
is_linear=0
shrinkage=0.03


Tree=28
num_leaves=20
num_cat=0
split_feature=36 24 26 0 5 22 21 23 31 26 5 5 34 31 33 23 0 25 21
split_gain=0.0025743 0.00193549 0.00146696 0.00227603 0.00135573 0.00124714 0.00104456 0.000936694 0.000869467 0.00122286 0.00116393 0.000796994 0.000872274 0.000698627 0.000429333 0.000409314 0.000368197 0.000320186 0.000244475
threshold=-0.014562618718254967 -0.77471572696320723 1.3740933516752984 54.271537780761726 11555387.500000002 31.636248248668988 58.929583485921235 1.1475372418516339 -0.015468328920867134 0.96468764353014846 25666774.500000004 21413154.000000004 -0.044951750095254588 0.0012030359913203228 -0.01491963250287359 2.5061457469107222 148.12688446044925 -0.1591256653688812 62.470416545867927
decision_type=2 2 2 2 2 2 2 2 2 2 2 2 2 2 2 2 2 2 2
left_child=1 18 6 4 -4 -6 8 16 9 -2 -10 -3 -13 17 -15 -9 -5 -8 -1
right_child=2 11 3 7 5 -7 13 15 10 -11 -12 12 -14 14 -16 -17 -18 -19 -20
leaf_value=0 -1.3604711666462654e-05 0 2.7840131672924931e-05 9.681880810139161e-05 0 -0.00014606593317693096 -1.4779581476853652e-05 -6.6586394442241418e-05 0 0.00016446362821699649 -7.749396355887185e-05 0 -0.00030589789667445692 -1.8383966551979237e-06 4.5035080670984736e-05 0 0 1.6019273289199725e-05 0.00010462614275000765
leaf_weight=21 27 23 29 117 26 246 389 106 530 55 269 21 59 68 1084 82 20 879 20
leaf_count=21 27 23 29 117 26 246 389 106 530 55 269 21 59 68 1084 82 20 879 20
internal_value=-8.78701e-07 -0.00012595 2.94673e-06 -3.80711e-05 -9.86556e-05 -0.000123173 1.1635e-05 8.82459e-06 -1.43238e-05 6.93454e-05 -2.66725e-05 -0.000197655 -0.000243393 2.23252e-05 3.96644e-05 -2.32909e-05 7.47621e-05 4.20456e-06 0
internal_weight=4071 144 3927 626 301 272 3301 325 881 82 799 103 80 2420 1152 188 137 1268 41
internal_count=4071 144 3927 626 301 272 3301 325 881 82 799 103 80 2420 1152 188 137 1268 41
is_linear=0
shrinkage=0.03


Tree=29
num_leaves=25
num_cat=0
split_feature=32 5 35 5 5 3 31 0 26 35 32 33 27 36 31 20 31 22 3 36 32 26 5 26
split_gain=0.00250246 0.00182783 0.00153015 0.00194183 0.0015255 0.00108917 0.00159515 0.000961501 0.000940182 0.000745922 0.000704473 0.000633959 0.000920972 0.000822853 0.000528446 0.000420988 0.000379611 0.000273094 0.00026583 0.000329978 2.28525e-05 8.62301e-05 0.00019441 2.25598e-08
threshold=-0.027436178814858488 29624162.000000004 0.016909859650996662 35101912.000000007 20523160.000000004 56.024999618530281 0.013673127071878512 30.526023864746097 1.1698526892712813 0.010475811854930581 -0.0064541971958673719 0.0085793211699047873 0.22210325322818739 0.00073372091492306341 -0.02095417378689762 55.06000022888184 0.016345662536994435 29.334427939738077 57.524999618530281 0.016324152257335911 -0.042858297239001912 1.0925557823804535 30860614.500000004 0.97812544195524598
decision_type=2 2 2 2 2 2 2 2 2 2 2 2 2 2 2 2 2 2 2 2 2 2 2 2
left_child=2 9 20 4 -4 6 10 -6 -8 16 -3 13 -13 -11 15 -5 17 -2 -7 -20 -1 23 -23 -22
right_child=1 5 3 14 7 18 8 -9 -10 11 -12 12 -14 -15 -16 -17 -18 -19 19 -21 21 22 -24 -25
leaf_value=-3.0506443204906043e-05 0 -3.5012799137501198e-06 0 -3.3410623096443237e-05 -7.5281085098967678e-07 7.3419548223201898e-05 5.801763061078791e-05 -0.00047613378252279787 -0.00014013794069635358 -3.8620953587531176e-05 -0.000244242080056271 0.00023047857422390464 1.27607648391849e-05 1.0357666353689045e-05 -0.0001310806399566534 0.00010371436705490764 -3.0246068988555104e-05 3.6370496280813922e-05 -3.4871849069752419e-05 3.4263308784957788e-05 0 0 9.837299716476905e-05 -1.0050572246424215e-06
leaf_weight=22 50 46 20 30 20 26 64 33 32 582 69 21 588 514 29 32 40 1423 289 39 28 28 26 20
leaf_count=22 50 46 20 30 20 26 64 33 32 582 69 21 588 514 29 32 40 1423 289 39 28 28 26 20
internal_value=-8.64304e-07 4.87887e-06 -8.66918e-05 -0.000146923 -0.000268389 -4.36092e-05 -9.86169e-05 -0.000353581 0 1.43255e-05 -0.000174097 0 2.52302e-05 -1.29152e-05 -1.63653e-05 0 2.96672e-05 3.33327e-05 -2.33128e-06 -1.75e-05 0 0 3.7875e-05 0
internal_weight=4071 3783 288 164 73 565 211 53 96 3218 115 1705 609 1096 91 62 1513 1473 354 328 124 102 54 48
internal_count=4071 3783 288 164 73 565 211 53 96 3218 115 1705 609 1096 91 62 1513 1473 354 328 124 102 54 48
is_linear=0
shrinkage=0.03


Tree=30
num_leaves=26
num_cat=0
split_feature=28 26 27 27 36 25 29 29 25 25 0 28 26 31 32 33 30 25 31 28 27 32 26 36 27
split_gain=0.002437 0.00155427 0.00151112 0.00154737 0.00120614 0.00125748 0.00109857 0.00220851 0.00146278 0.00250154 0.00113706 0.000702622 0.00106884 0.000709709 0.000678943 0.000614297 0.000571617 0.000420524 0.000417619 0.000366362 0.000327957 0.000277052 0.000270315 0.000218846 2.13943e-05
threshold=-499085120.99999994 1.403420495333807 0.036383376062028273 -0.01077250542196955 -0.0062318201994807972 0.063224523164522581 24.351409542744292 30.670848175174047 -0.56672955104242673 -0.29908282861060131 40.901786804199226 -1757701034.9999998 0.99435521507860269 0.0061967852927707909 -0.0067974994555521353 -0.013641498443302811 86.350860454552503 0.16857486571520922 0.0012936929121355469 -1301183786.9999998 -0.055847911856101044 -0.0040995907730855255 0.97053647951703537 -0.006892571300954233 0.05595964935850576
decision_type=2 2 2 2 2 2 2 2 2 2 2 2 2 2 2 2 2 2 2 2 2 2 2 2 2
left_child=2 15 3 20 5 14 8 -8 24 -10 -9 12 -6 -13 -4 21 18 -18 -17 -7 -1 23 -23 -2 -3
right_child=1 6 4 -5 11 19 7 10 9 -11 -12 13 -14 -15 -16 16 17 -19 -20 -21 -22 22 -24 -25 -26
leaf_value=-0.00010408284314335678 -2.6294837517083503e-05 0 3.0587463000637379e-05 -0.00041210053700276397 -1.1303108777275358e-05 -0.00027608938229816684 0.00021988219700762391 -0.00010719787300777105 -0.00050748492980292486 0 0 0 0.00014314710617243542 -6.5316597569676734e-05 -0.00011387854303625517 1.3179186003814588e-05 -0.00010302606009370822 0 4.7570596237137659e-05 0 0 0 -0.0001054714226353389 1.7466250537478867e-05 -2.3421601174796256e-05
leaf_weight=30 140 24 56 23 30 42 33 124 20 28 289 271 65 212 43 900 37 188 1038 24 21 25 45 328 35
leaf_count=30 140 24 56 23 30 42 33 124 20 28 289 271 65 212 43 900 37 188 1038 24 21 25 45 328 35
internal_value=-9.06835e-07 9.9668e-06 -4.78825e-05 -0.000185917 -3.00744e-05 -0.000102896 -3.38929e-05 -5.87363e-06 -0.000122558 -0.000246606 -3.12233e-05 -4.08272e-06 6.2867e-05 -2.34711e-05 -1.93954e-06 2.00582e-05 2.74553e-05 -8.25011e-06 3.31488e-05 -0.000208712 -2.45981e-05 -4.10597e-06 -6.0716e-05 0 0
internal_weight=4071 3254 817 74 743 165 553 446 107 48 413 578 95 483 99 2701 2163 225 1938 66 51 538 70 468 59
internal_count=4071 3254 817 74 743 165 553 446 107 48 413 578 95 483 99 2701 2163 225 1938 66 51 538 70 468 59
is_linear=0
shrinkage=0.03


Tree=31
num_leaves=24
num_cat=0
split_feature=32 25 35 23 21 26 35 24 26 22 35 0 31 31 24 29 24 35 34 19 32 30 30
split_gain=0.00234953 0.00142047 0.00216098 0.0019872 0.00132623 0.000939575 0.00132951 0.00140126 0.000903722 0.000869524 0.00067386 0.00101161 0.000627925 0.000594397 0.00044883 0.000424464 0.000393563 0.000364701 0.000349932 0.000184772 8.36667e-05 4.80663e-05 2.77819e-06
threshold=-0.021789088866418557 -0.7323807439190716 0.012569866910006831 0.52958665841258334 59.121250216166182 1.0986644550437077 0.024986444570376864 -0.87524725229591482 1.5119566025690505 41.21487923171604 0.021432371727872695 40.901786804199226 0.0064069011998213474 0.013673127071878512 1.4400012800438724 76.411907289843953 -0.016069784213928892 0.008444842075942021 -0.022442422943674153 89.235000610351577 -0.030913257221676923 43.843510678417495 23.988446358624525
decision_type=2 2 2 2 2 2 2 2 2 2 2 2 2 2 2 2 2 2 2 2 2 2 2
left_child=1 -1 21 9 5 13 12 -8 14 -4 11 -10 -7 17 18 -12 -15 -2 -6 -16 -5 22 -3
right_child=4 2 3 20 8 6 7 -9 10 -11 15 -13 -14 16 19 -17 -18 -19 -20 -21 -22 -23 -24
leaf_value=6.8168438252384254e-05 3.1776763829890257e-05 0 -0.00011667136721842247 -3.3214273691843763e-05 0 6.4990102622239878e-06 0 -0.00028266702574354473 -0.00013043614028931038 -0.00034326456299803163 0.00011295599504977288 0 -8.0085325726940012e-05 0 0 0 0.00010784782854678218 -3.0372589596672523e-05 3.3111079726093303e-05 -7.5423306791493901e-05 3.1448543460409e-05 3.0970879212979991e-05 -8.2094709823821744e-06
leaf_weight=38 64 35 159 34 273 139 29 47 91 46 41 231 97 39 101 26 66 416 1944 35 38 45 37
leaf_count=38 64 35 159 34 273 139 29 47 91 46 41 231 97 39 101 26 66 416 1944 35 38 45 37
internal_value=-9.47078e-07 -6.7699e-05 -8.84292e-05 -0.000134685 6.15457e-06 -2.41571e-05 -6.62333e-05 -0.000181329 1.71651e-05 -0.000182286 -2.12312e-05 -4.45574e-05 -1.6401e-05 0 2.47884e-05 4.60641e-05 6.28087e-05 -1.58324e-05 2.86234e-05 -1.56602e-05 0 0 0
internal_weight=4071 432 394 277 3639 897 312 76 2742 205 389 322 236 585 2353 67 105 480 2217 136 72 117 72
internal_count=4071 432 394 277 3639 897 312 76 2742 205 389 322 236 585 2353 67 105 480 2217 136 72 117 72
is_linear=0
shrinkage=0.03


Tree=32
num_leaves=25
num_cat=0
split_feature=28 5 26 5 25 30 20 31 25 5 35 30 26 33 23 28 34 23 30 35 31 35 19 28
split_gain=0.0021714 0.00156479 0.00140373 0.00169368 0.00182281 0.000897058 0.00123458 0.000955922 0.000793393 0.000764747 0.00125311 0.000605121 0.000811478 0.000549165 0.000555636 0.000667757 0.000517347 0.000495129 0.000436776 0.000424162 0.000377416 0.000240999 0.000413912 8.66155e-05
threshold=-499085120.99999994 82190074.000000015 1.403420495333807 20449073.000000004 -0.49148360791075879 59.75794538084542 45.764999675750737 -0.014631304678898725 -0.30469410297049943 15544082.500000002 0.015614161123608744 69.472239222181216 1.034998697903504 -0.013641498443302811 -0.43940347963209087 122281664.00000001 0.011206855970927189 -1.0003182929013545 84.056085314444104 0.010475811854930581 -0.0096930545626071046 0.0078936984292865987 67.735000610351577 728224414.50000012
decision_type=2 2 2 2 2 2 2 2 2 2 2 2 2 2 2 2 2 2 2 2 2 2 2 2
left_child=1 5 13 9 20 6 17 -8 -6 19 -11 16 -13 21 15 -15 -7 -1 -16 -4 -5 23 -23 -2
right_child=2 -3 3 4 8 11 7 -9 -10 10 -12 12 -14 14 18 -17 -18 -19 -20 -21 -22 22 -24 -25
leaf_value=6.0751666738182813e-05 4.516687456455956e-05 -0.0002904779781940682 1.6777612967735152e-05 0.0001024987064085939 -0.00036060215894122912 0 0 -0.00014222197564800766 -8.7415635571717613e-05 0 0.00020214961592557082 1.6840337378468802e-05 -8.0530910506153481e-05 0.00011815688540242356 2.3019699281377653e-05 2.1837488149762262e-05 0.00013378762477905522 -3.58278360346159e-05 -1.2506724227760087e-05 -4.9679989557082323e-05 -3.0250463715059092e-05 -4.8836039489947443e-05 0 0
leaf_weight=58 78 26 73 29 28 37 42 181 105 54 42 120 122 143 1409 330 51 180 281 185 37 216 219 25
leaf_count=58 78 26 73 29 28 37 42 181 105 54 42 120 122 143 1409 330 51 180 281 185 37 216 219 25
internal_value=-9.49002e-07 -4.53202e-05 9.27065e-06 -3.23319e-05 -0.000102762 -3.3434e-05 -6.05704e-05 -0.000112085 -0.000167696 0 7.85267e-05 0 -1.98691e-05 1.88999e-05 2.59064e-05 5.73173e-05 7.13923e-05 0 1.53372e-05 -1.92535e-05 0 -3.69412e-06 -1.81206e-05 2.80939e-05
internal_weight=4071 817 3254 553 199 791 461 223 133 354 96 330 242 2701 2163 473 88 238 1690 258 66 538 435 103
internal_count=4071 817 3254 553 199 791 461 223 133 354 96 330 242 2701 2163 473 88 238 1690 258 66 538 435 103
is_linear=0
shrinkage=0.03


Tree=33
num_leaves=17
num_cat=0
split_feature=36 35 26 26 35 32 36 28 30 5 26 36 0 35 26 32
split_gain=0.00220249 0.00147206 0.0013281 0.00322686 0.0011485 0.000927933 0.00102449 0.0007267 0.00071085 0.000505818 0.000447326 0.000382685 0.000367629 0.000250563 0.000231616 6.21688e-05
threshold=-0.023324514187125733 0.010926992721910089 1.3740933516752984 1.5433447253019756 0.021432371727872695 -0.021789088866418557 -0.0025781930003928081 -903007556.99999988 22.486364607814405 13657468.000000002 0.84223132621487029 0.0048577386392209803 33.648908615112312 0.0073891594759252542 0.99824735957734545 0.00249560701093321
decision_type=2 2 2 2 2 2 2 2 2 2 2 2 2 2 2 2
left_child=-1 9 5 8 -5 6 -3 -7 -4 10 15 13 -12 -11 -13 -2
right_child=1 2 3 4 -6 7 -8 -9 -10 11 12 14 -14 -15 -16 -17
leaf_value=-0.00020304334712669295 -7.4875994663252408e-06 0 0 -4.4023919904090871e-05 7.0195891677852121e-05 -2.476988229162031e-05 -0.00016581570078010876 1.998125548454405e-05 -0.00021563954072810018 1.6677787254277897e-05 0 8.0195907565224498e-05 6.2842596529109779e-05 -1.6361257722903377e-05 0 2.3745919477777856e-05
leaf_weight=48 142 133 21 269 105 423 62 1113 112 303 64 88 512 529 62 85
leaf_count=48 142 133 21 269 105 423 62 1113 112 303 64 88 512 529 62 85
internal_value=-8.89305e-07 7.81968e-07 -1.46365e-05 -5.74645e-05 -3.92742e-06 -3.56778e-07 -6.34475e-05 5.7034e-06 -0.000185357 2.17936e-05 4.00616e-05 3.79829e-06 5.41862e-05 -7.23115e-07 4.88475e-05 0
internal_weight=4071 4023 2238 507 374 1731 195 1536 133 1785 803 982 576 832 150 227
internal_count=4071 4023 2238 507 374 1731 195 1536 133 1785 803 982 576 832 150 227
is_linear=0
shrinkage=0.03


Tree=34
num_leaves=22
num_cat=0
split_feature=36 35 35 22 30 26 36 27 5 22 28 26 5 22 36 0 20 35 26 22 34
split_gain=0.00208658 0.00137693 0.00118851 0.00121074 0.000928651 0.0011605 0.000897986 0.000865731 0.000470244 0.000453424 0.000704833 0.00042001 0.000411577 0.000384051 0.00036074 0.000349286 0.000271664 0.000250085 0.000217101 9.2804e-05 5.02409e-05
threshold=-0.014562618718254967 0.028492460288314207 0.010926992721910089 46.158234728341476 26.353589015761994 1.357926739820501 -0.016535092296443395 0.11672217139647635 13657468.000000002 53.324458148896056 -1757701034.9999998 0.84223132621487029 20092371.000000004 43.256312407681449 0.0048577386392209803 33.648908615112312 58.778750133514414 0.034698902335855285 0.99824735957734545 42.309394158290822 0.0030581383093932772
decision_type=2 2 2 2 2 2 2 2 2 2 2 2 2 2 2 2 2 2 2 2 2
left_child=1 6 8 4 7 -6 13 -4 11 12 -11 20 -5 -1 16 -13 -10 -3 -16 -19 -2
right_child=2 17 3 9 5 -7 -8 -9 14 10 -12 15 -14 -15 18 -17 -18 19 -20 -21 -22
leaf_value=0.00016216227711924301 1.7528740975870067e-05 -0.00033106720571426587 -4.7682863141863107e-05 5.0799657100439117e-05 -2.6610417217924669e-05 -0.00015326943252308962 -0.00014106560116355303 4.6684409445755623e-05 -4.6344511846153016e-05 0.00015206962604206306 -1.3161632733690444e-05 0 0 0 7.7792759987374468e-05 6.0957687397373695e-05 2.3629604680649338e-06 0 0 -9.869045698046007e-05 -9.4774039523967528e-06
leaf_weight=21 114 29 192 295 303 129 30 157 112 22 900 64 144 20 88 512 720 22 62 22 113
leaf_count=21 114 29 192 295 303 129 30 157 112 22 900 64 144 20 88 512 720 22 62 22 113
internal_value=-8.87074e-07 -0.000113518 2.48189e-06 -1.16986e-05 -4.18365e-05 -7.14018e-05 0 0 2.11788e-05 3.3935e-06 -5.94951e-06 3.8824e-05 2.9845e-05 7.13465e-05 3.69274e-06 5.25107e-05 -5.9326e-07 -0.000205804 4.7437e-05 -5.46533e-05 0
internal_weight=4071 144 3927 2142 781 432 71 349 1785 1361 922 803 439 41 982 576 832 73 150 44 227
internal_count=4071 144 3927 2142 781 432 71 349 1785 1361 922 803 439 41 982 576 832 73 150 44 227
is_linear=0
shrinkage=0.03


Tree=35
num_leaves=17
num_cat=0
split_feature=36 28 26 5 25 22 0 5 5 23 28 22 0 33 23 32
split_gain=0.00199404 0.00127234 0.00108978 0.00134594 0.00191868 0.00105772 0.000884827 0.000974949 0.000727912 0.000558729 0.000491763 0.000958703 0.000915761 0.000420475 0.000531159 0.000265482
threshold=-0.023324514187125733 -499085120.99999994 1.403420495333807 20449073.000000004 -0.70102961444325174 47.929397071206857 31.347810745239261 19300510.500000004 15544082.500000002 -1.0003182929013545 -1757701034.9999998 53.665260164161417 31.347810745239261 -0.013641498443302811 -0.43940347963209087 -0.0040995907730855255
decision_type=2 2 2 2 2 2 2 2 2 2 2 2 2 2 2 2
left_child=-1 5 13 8 -5 6 9 -8 -4 -2 11 -7 -12 15 -15 -3
right_child=1 2 3 4 -6 10 7 -9 -10 -11 12 -13 -14 14 -16 -17
leaf_value=-0.00019323397639329525 4.823141554031374e-05 1.4706215601453985e-06 -1.7935733542586936e-05 5.6217333552484929e-05 -0.00014461220825708361 0 -3.9290281584607824e-06 -0.00018792469927530938 7.7156334959980127e-05 -6.0032058149177507e-05 -0.0001421297646007266 0.00022215404664630074 0 5.4916888242908873e-05 1.3934961834803145e-05 -5.8714152455623708e-05
leaf_weight=48 61 460 258 34 154 22 85 98 96 100 44 25 357 472 1688 69
leaf_count=48 61 460 258 34 154 22 85 98 96 100 44 25 357 472 1688 69
internal_value=-8.85019e-07 6.69025e-07 9.74502e-06 -2.68995e-05 -9.23324e-05 -3.25661e-05 -7.21652e-05 -0.000118896 0 -3.86527e-07 0 8.93374e-05 -1.28929e-05 1.82475e-05 2.42812e-05 -7.19174e-07
internal_weight=4071 4023 3231 542 188 792 344 183 354 161 448 47 401 2689 2160 529
internal_count=4071 4023 3231 542 188 792 344 183 354 161 448 47 401 2689 2160 529
is_linear=0
shrinkage=0.03


Tree=36
num_leaves=22
num_cat=0
split_feature=36 24 27 23 22 21 7 34 26 26 21 27 28 21 36 32 28 33 29 28 28
split_gain=0.0018981 0.00168085 0.00100876 0.000916905 0.00119202 0.000698848 0.000666038 0.000769514 0.00112912 0.000646841 0.000903925 0.00128033 0.000716041 0.000662197 0.000604525 0.000435728 0.000264367 0.000215237 0.000425677 0.000150961 7.42673e-05
threshold=-0.014562618718254967 -0.77471572696320723 0.036383376062028273 -0.55646296333878087 26.943951690511561 79.914166704813653 -1.0000000180025095e-35 -0.042425009589756084 1.1513899845151165 1.4247020086142232 81.174166742960622 0.22559448641163557 938649228.00000012 59.121250216166182 0.0027829692628069695 -0.0058059747462863012 -387302141.99999994 -0.027506107662314924 15.012753957976944 20426006.500000004 8684217.5000000019
decision_type=2 2 2 2 2 2 2 2 2 2 2 2 2 2 2 2 2 2 2 2 2
left_child=1 16 3 4 19 -6 -3 -8 -9 13 11 -11 -12 14 -4 -15 -1 18 -5 -2 -19
right_child=2 6 9 17 5 -7 7 8 -10 10 12 -13 -14 15 -16 -17 -18 20 -20 -21 -22
leaf_value=0 -4.3487801064414318e-05 0 -3.19004349756452e-05 0 -0.00022533319549516642 0 0 -3.8345869302783389e-05 -0.00044896382216460368 3.0507326959726709e-07 4.4731799060183475e-05 -0.000130179852772852 -4.289107135727841e-05 0 1.5854850092235667e-05 2.9962102584727753e-05 0.00010618998580810863 0 -0.00012439040864540876 5.2476506582330728e-05 5.3527303756937915e-05
leaf_weight=20 25 21 469 35 64 36 22 33 27 54 195 130 138 563 405 1668 21 21 30 32 62
leaf_count=20 25 21 469 35 64 36 22 33 27 54 195 130 138 563 405 1668 21 21 30 32 62
internal_value=-8.60717e-07 -0.000108303 2.31782e-06 -4.8837e-05 -9.94221e-05 -0.00016196 -0.000176257 -0.000215208 -0.00027348 7.45493e-06 -2.14968e-05 -7.56105e-05 0 1.32422e-05 -6.33989e-06 2.22582e-05 0 0 -3.56262e-05 0 3.6562e-05
internal_weight=4071 144 3927 305 157 100 103 82 60 3622 517 184 333 3105 874 2231 41 148 65 57 83
internal_count=4071 144 3927 305 157 100 103 82 60 3622 517 184 333 3105 874 2231 41 148 65 57 83
is_linear=0
shrinkage=0.03


Tree=37
num_leaves=17
num_cat=0
split_feature=36 35 26 26 22 33 32 36 35 36 34 20 20 31 22 1
split_gain=0.00182592 0.00121975 0.00107885 0.00304093 0.00144108 0.00087532 0.000809678 0.00096943 0.000642447 0.000306697 0.000577216 0.000375389 0.000762963 0.000331808 0.000288235 0.000260294
threshold=-0.023324514187125733 0.010926992721910089 1.3740933516752984 1.5433447253019756 31.636248248668988 -0.042540774937775354 -0.021789088866418557 -0.0025781930003928081 0.012658253461622424 -0.0032930006020243153 -0.015545857833001218 52.146249961853037 49.585000324249272 0.015855597888786214 52.345661444139374 74.674999237060561
decision_type=2 2 2 2 2 2 2 2 2 2 2 2 2 2 2 2
left_child=-1 9 6 5 -5 -4 7 -3 -8 10 15 12 -11 -13 -12 -2
right_child=1 2 3 4 -6 -7 8 -9 -10 11 14 13 -14 -15 -16 -17
leaf_value=-0.00018493619601033133 -0.00012028955252097338 0 0 0.00023061358526578585 -2.2250906748240402e-05 -0.00020899816541589301 -2.512556165615152e-05 -0.00015848599945790873 1.8067451230217252e-05 2.976262883788671e-06 5.6419089382741771e-05 3.4523028208456839e-05 -0.00015539369977333765 -1.0469389226808045e-05 0 0
leaf_weight=48 49 133 21 21 353 112 388 62 1148 73 95 1332 29 56 127 24
leaf_count=48 49 133 21 21 353 112 388 62 1148 73 95 1332 29 56 127 24
internal_value=-8.74967e-07 5.79989e-07 -1.33883e-05 -5.20139e-05 0 -0.000175698 -3.39701e-07 -5.93545e-05 5.20279e-06 1.97735e-05 0 2.55663e-05 -1.27756e-05 3.05459e-05 1.39632e-05 -8.07109e-05
internal_weight=4071 4023 2238 507 374 133 1731 195 1536 1785 295 1490 102 1388 222 73
internal_count=4071 4023 2238 507 374 133 1731 195 1536 1785 295 1490 102 1388 222 73
is_linear=0
shrinkage=0.03


Tree=38
num_leaves=27
num_cat=0
split_feature=5 19 24 23 26 5 25 30 36 23 26 22 30 0 0 30 30 30 23 5 0 20 26 24 26 30
split_gain=0.00175932 0.0010853 0.000878477 0.00131195 0.00107571 0.00102606 0.000736283 0.000794997 0.000683478 0.000649408 0.000636684 0.00102514 0.000531892 0.000527511 0.0004649 0.000427822 0.000294501 0.000684005 0.000481724 0.000291878 0.000359164 0.000288981 0.000206514 0.000196408 0.00017353 3.40238e-07
threshold=29624162.000000004 68.065000152587899 -0.17110275863155275 -0.15217514890936809 1.08547741744607 82190074.000000015 -0.28588392584114158 22.0283256502169 -0.0064954750968649272 -0.95251389772193551 1.2168077413203771 49.587375985763124 60.073620508282083 29.477478027343754 34.865840911865241 19.132782281814546 38.629982287306106 74.392643313528097 -1.0003182929013545 28853663.000000004 35.415769577026374 82.563750076293971 0.97322949690168992 -0.99509926539634119 1.3458914456928872 27.235468168541725
decision_type=2 2 2 2 2 2 2 2 2 2 2 2 2 2 2 2 2 2 2 2 2 2 2 2 2 2
left_child=6 2 3 5 14 -2 7 15 9 -8 25 -12 -11 -6 -4 23 18 21 -3 20 -10 -18 -19 -1 -20 -9
right_child=1 16 4 -5 13 -7 8 10 19 12 11 -13 -14 -15 -16 -17 17 22 24 -21 -22 -23 -24 -25 -26 -27
leaf_value=6.4115785405529559e-05 -3.6680771933173444e-05 0 0.00010859709307827212 -0.00038131523150752047 0 -0.00030605269387475585 7.3986109346151335e-05 -3.4252534474610102e-06 0 -8.0455260928032207e-05 -0.0001408123962199384 0 0 -0.00014041682813839226 0 0.00010064467822289804 0.00012996733373002656 0 0 0.00013562274827434202 2.4767635236758599e-05 0 -5.7856014546828629e-05 -2.1306063069063246e-05 -0.00018518111695975758 0
leaf_weight=25 205 27 42 21 21 20 36 26 594 157 124 61 152 71 98 40 59 20 39 28 1825 43 58 162 21 96
leaf_count=25 205 27 42 21 21 20 36 26 594 157 124 61 152 71 98 40 59 20 39 28 1825 43 58 162 21 96
internal_value=-9.22461e-07 -4.32243e-05 -7.03901e-05 -0.00011264 -1.26363e-05 -7.40777e-05 7.65191e-06 -2.2512e-05 1.44961e-05 -2.09424e-05 -5.6057e-05 -9.11551e-05 -4.1728e-05 -0.000100331 2.3609e-05 9.64969e-06 0 2.69922e-05 -3.91989e-05 2.07192e-05 1.81435e-05 8.50307e-05 -1.05037e-05 0 -9.71632e-05 0
internal_weight=4071 745 478 246 232 225 3326 534 2792 345 307 185 309 92 140 227 267 180 87 2447 2419 102 78 187 60 122
internal_count=4071 745 478 246 232 225 3326 534 2792 345 307 185 309 92 140 227 267 180 87 2447 2419 102 78 187 60 122
is_linear=0
shrinkage=0.03


Tree=39
num_leaves=24
num_cat=0
split_feature=5 32 35 19 24 23 26 32 5 31 30 35 20 33 20 35 35 20 32 33 20 4 25
split_gain=0.0016718 0.00178064 0.00214225 0.00103566 0.000838825 0.00120555 0.00101126 0.00103958 0.000951457 0.000640104 0.00103176 0.000957595 0.000574618 0.000745097 0.000545018 0.00051452 0.000497604 0.00045526 0.000342744 0.000325548 0.000184006 0.000165626 1.71952e-06
threshold=29624162.000000004 -0.028147270627809359 0.018187934223287319 68.065000152587899 -0.17110275863155275 -0.15217514890936809 1.046151408073956 -0.01554913015629533 82190074.000000015 -0.015878501974959599 38.629982287306106 0.014220278636748808 130.33250007629397 0.015007329955822992 73.477499961853042 0.017479855441339485 0.021186217971196537 59.567500114440925 0.0057845604949501314 -0.0024783899987203535 84.668750572204601 160.90000152587893 -0.52027131783085767
decision_type=2 2 2 2 2 2 2 2 2 2 2 2 2 2 2 2 2 2 2 2 2 2 2
left_child=1 2 -1 4 5 8 17 -8 -2 20 11 -11 13 14 -3 -12 -4 -6 -15 22 -5 -21 -14
right_child=3 12 16 9 6 -7 7 -9 -10 10 15 -13 19 18 -16 -17 -18 -19 -20 21 -22 -23 -24
leaf_value=0 -3.5580881747375372e-05 -3.9248320625681894e-06 -0.00042690714807319105 0.00011613646108296983 7.964059912676143e-05 -0.00036992999233175243 0 -0.00016798020617334579 -0.00029691680376209425 0 -1.6337815798617156e-05 -0.00023846402085612013 8.5641330624467012e-06 0 2.4003754624479004e-05 9.1098614919935298e-05 -2.8298646355297449e-05 0 5.2975296496662563e-05 -0.00010242701741992165 0 0 0
leaf_weight=54 205 1432 20 48 80 21 40 63 20 25 88 33 21 114 967 53 27 49 582 66 20 21 22
leaf_count=54 205 1432 20 48 80 21 40 63 20 25 88 33 21 114 967 53 27 49 582 66 20 21 22
internal_value=-9.00535e-07 7.43853e-06 -0.00011379 -4.2152e-05 -6.86924e-05 -0.000110001 -1.19372e-05 -9.05256e-05 -7.22597e-05 0 -2.16058e-05 -0.000132525 1.21687e-05 1.5497e-05 6.08281e-06 2.82052e-06 -0.00026216 2.75954e-05 4.36307e-05 -4.39602e-05 8.42303e-05 -7.90595e-05 0
internal_weight=4071 3326 101 745 478 246 232 103 225 267 199 58 3225 3095 2399 141 47 129 696 130 68 87 43
internal_count=4071 3326 101 745 478 246 232 103 225 267 199 58 3225 3095 2399 141 47 129 696 130 68 87 43
is_linear=0
shrinkage=0.03


Tree=40
num_leaves=23
num_cat=0
split_feature=32 28 25 35 31 1 25 34 27 25 30 33 30 25 35 29 25 29 0 32 32 32
split_gain=0.00158626 0.00123561 0.00139837 0.00116998 0.00183994 0.0022825 0.000735531 0.000868643 0.000785829 0.000677218 0.000597592 0.00138451 0.00101362 0.000542309 0.000543234 0.000534553 0.000295247 0.000278673 9.39377e-05 7.60103e-06 6.90056e-05 4.48084e-06
threshold=-0.027436178814858488 -499085120.99999994 -0.49148360791075879 0.016909859650996662 -0.021798966487562296 40.475000381469734 0.10516172008778808 0.072688794514621527 0.41703095407696639 -0.25698031440872976 59.75794538084542 0.00083614900882100784 69.472239222181216 -0.37768588688888771 0.024390455194876301 91.695815547181937 -0.52027131783085767 21.404022285948255 35.415769577026374 -0.042858297239001912 -0.03361411454391821 -0.029019305999695152
decision_type=2 2 2 2 2 2 2 2 2 2 2 2 2 2 2 2 2 2 2 2 2 2
left_child=3 2 -2 19 13 -6 9 8 -8 16 11 -4 -12 -5 -15 -9 -3 -11 -7 -1 -21 -22
right_child=1 6 10 4 5 18 7 15 -10 17 12 -13 -14 14 -16 -17 -18 -19 -20 20 21 -23
leaf_value=-1.5767018700005875e-05 -0.00024392291332220602 2.857552761573537e-05 0 5.8200863364788961e-05 0 -0.00043959342823450878 -0.00014082849723786171 0 5.2923138726278001e-06 0 0.00010587227154282038 -0.00011069853875752869 -1.5137346676997599e-05 0 -0.00015894450665836677 -0.000252555631702321 -1.7783822154313192e-05 4.2265455525579343e-05 -3.9224199159678979e-05 3.7099838986893839e-05 -1.0718834819272153e-05 0
leaf_weight=22 29 175 206 34 22 32 34 22 1105 217 77 162 241 22 34 20 388 1107 20 46 35 21
leaf_count=22 29 175 206 34 22 32 34 22 1105 217 77 162 241 22 34 20 388 1107 20 46 35 21
internal_value=-9.62609e-07 3.45374e-06 -3.08953e-05 -6.93672e-05 -0.00012192 -0.000235087 1.24374e-05 -4.03071e-06 0 2.43335e-05 -1.7483e-05 -4.48471e-05 4.7568e-06 0 -8.14934e-05 -0.000137932 0 3.61136e-05 -0.000343558 0 3.63207e-06 0
internal_weight=4071 3783 715 288 164 74 3068 1181 1139 1887 686 368 318 90 56 42 563 1324 52 124 102 56
internal_count=4071 3783 715 288 164 74 3068 1181 1139 1887 686 368 318 90 56 42 563 1324 52 124 102 56
is_linear=0
shrinkage=0.03


Tree=41
num_leaves=20
num_cat=0
split_feature=36 23 35 32 23 33 34 7 26 5 23 5 35 2 31 1 35 31 31
split_gain=0.0015945 0.00123673 0.00090249 0.000903706 0.00113473 0.00160635 0.000856096 0.00103097 0.000855818 0.000658337 0.000733406 0.000637083 0.000501225 0.000356941 0.00032503 0.000317775 0.000265636 7.93835e-06 4.63049e-05
threshold=-0.014562618718254967 -0.95251389772193551 0.0073891594759252542 -0.021150316310410529 0.50049736393597766 -0.035430554991349054 -0.042425009589756084 -1.0000000180025095e-35 1.1513899845151165 29624162.000000004 -1.1217821251715703 28478302.500000004 0.030987905467384551 61.524999618530281 -0.0093284446025838057 62.725000381469734 0.0055903181104953199 -0.0035755009497419605 0.00083856531338144535
decision_type=2 2 2 2 2 2 2 2 2 2 2 2 2 2 2 2 2 2 2
left_child=1 12 13 4 5 -4 -3 -8 -9 11 -11 -5 -1 17 -6 -15 -17 -2 -19
right_child=2 6 3 9 14 -7 7 8 -10 10 -12 -13 -14 15 -16 16 -18 18 -20
leaf_value=0.00014099898560445253 0.00019906113838684232 0 0 4.4786331396508616e-06 7.354608129746956e-05 -0.00015843008290771161 0 -4.1940084076827912e-05 -0.00041958420258181111 -0.00012263520263767081 -6.4358063093006215e-06 0.00012125659965704965 -4.8273303121964673e-05 -5.4953435138331645e-05 0 0 4.3081315380168497e-05 0 4.5769992015937666e-05
leaf_weight=20 22 20 126 2427 60 131 20 34 28 72 399 46 22 24 25 179 347 29 40
leaf_count=20 22 20 126 2427 60 131 20 34 28 72 399 46 22 24 25 179 347 29 40
internal_value=-9.85468e-07 -9.94558e-05 1.86388e-06 -3.67154e-06 -5.00279e-05 -8.47103e-05 -0.000157677 -0.000200757 -0.000261199 6.96135e-07 -3.05891e-05 7.86867e-06 0 3.49161e-05 1.95589e-05 1.86787e-05 2.77505e-05 9.99949e-05 2.47508e-05
internal_weight=4071 144 3927 3286 342 257 102 82 62 2944 471 2473 42 641 85 550 526 91 69
internal_count=4071 144 3927 3286 342 257 102 82 62 2944 471 2473 42 641 85 550 526 91 69
is_linear=0
shrinkage=0.03


Tree=42
num_leaves=17
num_cat=0
split_feature=36 35 26 26 22 36 32 36 35 5 32 19 5 36 20 26
split_gain=0.00152744 0.000964736 0.000942949 0.00285087 0.0013713 0.000706304 0.000642406 0.000913331 0.000633331 0.000426412 0.000423436 0.000516415 0.000339264 0.000313898 0.000232939 0.000201987
threshold=-0.023324514187125733 0.010926992721910089 1.3740933516752984 1.5433447253019756 31.636248248668988 0.012290991367020573 -0.021789088866418557 -0.0025781930003928081 0.012658253461622424 13657468.000000002 0.0082338128540178097 63.774999618530281 12896794.000000002 0.0048577386392209803 58.778750133514414 0.99824735957734545
decision_type=2 2 2 2 2 2 2 2 2 2 2 2 2 2 2 2
left_child=-1 9 6 5 -5 -4 7 -3 -8 10 11 -2 -12 14 -11 -15
right_child=1 2 3 4 -6 -7 8 -9 -10 13 12 -13 -14 15 -16 -17
leaf_value=-0.00016926635451481258 -2.2002142889673035e-05 0 -0.0002002432600729879 0.0002282610849667146 -1.953838457289963e-05 0 -2.5103500690901446e-05 -0.00014807164390863298 1.7806510669550533e-05 -4.4044699900039828e-05 9.8764621825715178e-05 3.4048100649590784e-05 0 7.2043522951646655e-05 0 0
leaf_weight=48 150 133 109 21 353 24 388 62 1148 112 150 467 36 88 720 62
leaf_count=48 150 133 109 21 353 24 388 62 1148 112 150 467 36 88 720 62
internal_value=-9.64336e-07 3.02205e-07 -1.20414e-05 -4.80987e-05 0 -0.000167605 0 -5.25885e-05 5.01334e-06 1.74588e-05 3.39765e-05 1.55588e-05 7.891e-05 8.95211e-07 -3.06586e-06 4.28401e-05
internal_weight=4071 4023 2238 507 374 133 1731 195 1536 1785 803 617 186 982 832 150
internal_count=4071 4023 2238 507 374 133 1731 195 1536 1785 803 617 186 982 832 150
is_linear=0
shrinkage=0.03


Tree=43
num_leaves=19
num_cat=0
split_feature=36 24 25 36 36 5 25 36 5 26 5 28 2 35 25 26 31 24
split_gain=0.00146169 0.00145129 0.000847879 0.000844843 0.00150184 0.000850642 0.000833191 0.00142381 0.000783484 0.000702157 0.00143766 0.000676199 0.000692153 0.000575457 0.000427037 0.000787739 0.000293095 0.000275531
threshold=-0.014562618718254967 -0.77471572696320723 -0.31737233972977807 0.0097014605949794584 0.016324152257335911 21505529.500000004 0.10876027739653966 -0.010498788779916045 29624162.000000004 1.4247020086142232 27238958.500000004 -903007556.99999988 46.049999237060554 0.014604161696711587 -0.52027131783085767 1.6876297984026685 -0.0089839869237975916 -1.3425219536756685
decision_type=2 2 2 2 2 2 2 2 2 2 2 2 2 2 2 2 2 2
left_child=1 17 3 14 5 -5 11 -8 -9 10 -3 12 -4 -13 16 -16 -2 -1
right_child=2 9 6 4 -6 -7 7 8 -10 -11 -12 13 -14 -15 15 -17 -18 -19
leaf_value=0 7.1535120422362483e-05 0 1.4561887257034114e-05 0 0 -0.00031509752674478914 -0.00018616497312086487 8.48256945879312e-06 -4.7884129457015472e-05 0 -0.00030100480296431543 1.8408414105205659e-05 -6.8834848942597642e-05 7.1893388712177854e-05 -5.8896646323581231e-06 -0.00017949167205712945 0 0.00010840888189756578
leaf_weight=20 62 29 167 32 23 34 39 1161 271 24 50 1266 134 301 269 33 135 21
leaf_count=20 62 29 167 32 23 34 39 1161 271 24 50 1266 134 301 269 33 135 21
internal_value=-9.51721e-07 -9.52466e-05 1.74441e-06 -3.0428e-05 -0.000119315 -0.000199094 8.30919e-06 -7.07724e-06 -9.23651e-08 -0.000159212 -0.000202555 2.20312e-05 -1.2612e-05 3.06005e-05 -8.54288e-06 -3.4843e-05 1.65517e-05 0
internal_weight=4071 144 3927 588 89 66 3339 1471 1432 103 79 1868 301 1567 499 302 197 41
internal_count=4071 144 3927 588 89 66 3339 1471 1432 103 79 1868 301 1567 499 302 197 41
is_linear=0
shrinkage=0.03


Tree=44
num_leaves=19
num_cat=0
split_feature=36 24 35 25 35 36 26 26 28 35 36 2 26 31 35 24 5 34
split_gain=0.00138006 0.00137371 0.00081148 0.000924423 0.000675249 0.000873755 0.000659336 0.00145648 0.00057423 0.000880886 0.000795703 0.000359251 0.000421982 0.000304705 0.000291605 0.000259323 0.00013674 7.50767e-05
threshold=-0.014562618718254967 -0.77471572696320723 0.0073891594759252542 -0.31737233972977807 0.028492460288314207 0.011703540752460431 1.4247020086142232 1.16548932041563 -903007556.99999988 0.016809805059629018 0.0027829692628069695 61.524999618530281 0.78982810350231347 -0.00077194995027707314 0.0055903181104953199 -1.3425219536756685 26840391.500000004 0.0014614877878944557
decision_type=2 2 2 2 2 2 2 2 2 2 2 2 2 2 2 2 2 2
left_child=1 15 11 4 5 -4 7 16 10 -10 -5 12 -2 17 -15 -1 -3 -13
right_child=2 6 3 8 -6 -7 -8 -9 9 -11 -12 13 -14 14 -16 -17 -18 -19
leaf_value=0 0 0 -3.2432004515130576e-05 -5.9342913476907101e-05 5.6387523280522538e-05 -0.0002020814316304754 0 -0.00042890454835996223 1.4487867829752062e-07 5.3395423623786596e-05 5.5888339679962512e-06 0 0.00014394004775765981 0 5.7182593536116993e-05 0.00010517203151656674 -8.4304914125201517e-05 -3.0613030766858645e-05
leaf_weight=20 31 21 452 289 31 41 24 23 1876 356 241 163 60 103 212 21 35 72
leaf_count=20 31 21 452 289 31 41 24 23 1876 356 241 163 60 103 212 21 35 72
internal_value=-9.60599e-07 -9.25873e-05 1.63763e-06 -3.57173e-06 -4.04778e-05 -5.26629e-05 -0.000154832 -0.000196847 2.34508e-06 9.98428e-06 -2.41626e-05 3.30185e-05 9.74658e-05 1.68861e-05 3.69879e-05 0 -4.74672e-05 0
internal_weight=4071 144 3927 3286 524 493 103 79 2762 2232 530 641 91 550 315 41 56 235
internal_count=4071 144 3927 3286 524 493 103 79 2762 2232 530 641 91 550 315 41 56 235
is_linear=0
shrinkage=0.03


Tree=45
num_leaves=21
num_cat=0
split_feature=5 32 5 19 24 23 5 26 32 31 30 5 21 20 20 30 33 20 26 5
split_gain=0.00132669 0.00152328 0.00142548 0.000885399 0.000788166 0.0010778 0.000885253 0.000835558 0.000995623 0.000609559 0.000930831 0.000506299 0.000446916 0.000446633 0.000631299 0.000327148 0.000307113 0.000167821 0.00010169 3.77202e-05
threshold=29624162.000000004 -0.028147270627809359 20523160.000000004 68.065000152587899 -0.17110275863155275 -0.15217514890936809 82190074.000000015 1.046151408073956 -0.01554913015629533 -0.015878501974959599 38.629982287306106 28478302.500000004 59.856666692097988 130.33250007629397 73.477499961853042 76.595821040184475 -0.0024783899987203535 84.668750572204601 1.4736325521794533 16518697.000000002
decision_type=2 2 2 2 2 2 2 2 2 2 2 2 2 2 2 2 2 2 2 2
left_child=1 2 19 4 5 6 -2 12 -9 17 18 13 -6 14 -3 -12 -15 -5 -11 -1
right_child=3 11 -4 9 7 -7 -8 8 -10 10 15 -13 -14 16 -16 -17 -18 -19 -20 -21
leaf_value=-1.5699799439650678e-05 -2.9638931753883758e-05 0 -0.00021505489991385679 0.00011362065813187586 7.5814912374416133e-05 -0.00034837026586557481 -0.00028018474509355733 0 -0.00015735571585571992 0 5.9321564360628634e-05 0.00010438874328679007 -9.1075108579034362e-07 0 2.8205376339464798e-05 -1.9314814038645772e-05 -7.5841507477868641e-05 0 -0.00022384677402007932 3.2429844473928506e-05
leaf_weight=22 205 1829 52 48 87 21 20 40 63 38 77 57 42 43 1209 64 87 20 20 27
leaf_count=22 205 1829 52 48 87 21 20 40 63 38 77 57 42 43 1209 64 87 20 20 27
internal_value=-8.88596e-07 6.4545e-06 -0.000105564 -3.76941e-05 -6.22981e-05 -0.000101834 -6.53517e-05 -7.4254e-06 -8.03935e-05 0 -1.98801e-05 1.0896e-05 2.76153e-05 8.26368e-06 1.1384e-05 2.37855e-06 -4.15487e-05 8.30685e-05 -0.000125538 0
internal_weight=4071 3326 101 745 478 246 225 232 103 267 199 3225 129 3168 3038 141 130 68 58 49
internal_count=4071 3326 101 745 478 246 225 232 103 267 199 3225 129 3168 3038 141 130 68 58 49
is_linear=0
shrinkage=0.03


Tree=46
num_leaves=10
num_cat=0
split_feature=36 33 5 27 26 30 33 22 26
split_gain=0.00128416 0.00109955 0.00115798 0.000813198 0.000834093 0.000482929 0.000415958 0.000859703 0.00067091
threshold=-0.023324514187125733 -0.07241451359837052 25666774.500000004 0.93482607872180035 1.3344764035626711 76.919773215336747 0.014277367150227762 60.871746861476701 0.96307203292313859
decision_type=2 2 2 2 2 2 2 2 2
left_child=-1 -2 6 4 -4 -5 8 -8 -3
right_child=1 2 3 5 -6 -7 7 -9 -10
leaf_value=-0.00015523373072854631 0.00022188401655919511 1.947794710715369e-05 -2.1915820713303056e-05 7.9081505029188917e-05 -0.00011089598049598677 -2.544108371281236e-06 5.7437267829647423e-05 -2.9504188375724551e-06 -1.2304323112638761e-05
leaf_weight=48 20 1078 579 74 164 138 407 265 1298
leaf_count=48 20 1078 579 74 164 138 407 265 1298
internal_value=-9.23649e-07 1.75604e-07 -1.88203e-07 -2.97151e-05 -4.56055e-05 1.18274e-05 8.07962e-06 2.91632e-05 8.5305e-07
internal_weight=4071 4023 4003 955 743 212 3048 672 2376
internal_count=4071 4023 4003 955 743 212 3048 672 2376
is_linear=0
shrinkage=0.03


Tree=47
num_leaves=24
num_cat=0
split_feature=28 5 21 36 5 5 33 26 5 25 21 5 36 36 31 33 22 19 5 19 31 35 36
split_gain=0.00124654 0.00118486 0.000899477 0.00114635 0.00100054 0.00115699 0.000832289 0.00079808 0.00122024 0.00155434 0.000975751 0.000722911 0.000580761 0.000381292 0.000362304 0.000325813 0.000646724 0.000464325 0.000456965 0.000419352 0.000347587 0.000246567 5.14939e-05
threshold=-499085120.99999994 82190074.000000015 48.661249923706059 0.0025073262082729556 15149740.000000002 35389494.000000007 -0.036234515119950288 1.403420495333807 20449073.000000004 -0.49148360791075879 68.870000012715664 18259856.000000004 0.0081151542888892488 -0.0079168673018036716 -0.0096930545626071046 -0.0042732608479211778 49.1370383836854 78.379999542236348 13600052.500000002 80.415000152587893 0.0048723881289378665 0.0087879683803437619 0.0034223325714625732
decision_type=2 2 2 2 2 2 2 2 2 2 2 2 2 2 2 2 2 2 2 2 2 2 2
left_child=1 2 3 6 22 -6 -1 15 11 14 -11 13 -5 -9 -10 18 19 -18 21 -17 -20 -2 -4
right_child=7 -3 4 12 5 -7 -8 8 9 10 -12 -13 -14 -15 -16 16 17 -19 20 -21 -22 -23 -24
leaf_value=7.3293447430291972e-05 0 -0.0002474707504199154 2.8954084565374107e-05 9.9654582817624868e-05 -0.0001533687129443376 0 -6.41310821037669e-05 7.5155627738588576e-05 0.00010474488045540205 0 -0.00018170303378827322 0.00012493536225520073 0 -2.5052801471786917e-05 -1.3541925451881435e-05 6.5751785863714599e-05 -7.9432496972561121e-07 3.5946924403524638e-05 0 0 -6.9519486972933979e-05 5.8077043398209471e-05 -4.969662902505131e-06
leaf_weight=28 121 26 54 111 136 55 255 31 29 21 112 41 112 282 37 394 864 388 644 47 86 157 40
leaf_count=28 121 26 54 111 136 55 255 31 29 21 112 41 112 282 37 394 864 388 644 47 86 157 40
internal_value=-9.17994e-07 -3.46684e-05 -2.3851e-05 0 -6.64678e-05 -0.000106317 -3.99163e-05 6.63479e-06 -2.42873e-05 -8.4571e-05 -0.000145633 1.14315e-06 5.10163e-05 -5.52557e-06 0 1.40771e-05 2.21209e-05 8.19793e-06 0 5.48363e-05 -1.18943e-05 3.32782e-05 0
internal_weight=4071 817 791 506 285 191 283 3254 553 199 133 354 223 313 66 2701 1693 1252 1008 441 730 278 94
internal_count=4071 817 791 506 285 191 283 3254 553 199 133 354 223 313 66 2701 1693 1252 1008 441 730 278 94
is_linear=0
shrinkage=0.03


Tree=48
num_leaves=21
num_cat=0
split_feature=36 24 27 35 36 5 26 26 25 36 25 25 35 35 24 35 36 0 0 5
split_gain=0.00119599 0.00126853 0.000780155 0.00114112 0.00263904 0.00145561 0.000628308 0.00132979 0.000591427 0.00131919 0.000777699 0.000688416 0.000609839 0.000470053 0.000257536 0.000148608 0.000126641 0.000277237 0.000193608 0.000119165
threshold=-0.014562618718254967 -0.77471572696320723 0.036383376062028273 0.015124796847815109 -0.0042863336497604328 46701575.000000007 1.4247020086142232 1.16548932041563 0.10876027739653966 -0.010498788779916045 -0.19350106079641669 0.16857486571520922 0.028492460288314207 0.016556291321018511 -1.3425219536756685 0.019746486198344248 -0.0035528477346264825 37.532468795776374 38.49852371215821 26840391.500000004
decision_type=2 2 2 2 2 2 2 2 2 2 2 2 2 2 2 2 2 2 2 2
left_child=1 14 3 16 15 -6 7 19 10 -10 12 -11 -4 -12 -1 -5 17 -2 -18 -3
right_child=2 6 8 4 5 -7 -8 -9 9 11 13 -13 -14 -15 -16 -17 18 -19 -20 -21
leaf_value=0 -0.00012833066402809386 0 -1.5034268008597964e-05 0 -0.00037256337555609346 0 0 -0.00040959646006102684 -0.00017973305951968273 -4.3195439420062771e-05 1.867765572763378e-05 8.0001187261416834e-06 0.00012147353865948646 7.391294371331197e-05 0.00010480906287433305 7.9616167126289646e-05 6.0702364356070254e-05 0 0 -7.6743203661062265e-05
leaf_weight=20 20 21 691 25 38 22 24 23 39 293 1199 1139 28 233 21 21 56 45 78 35
leaf_count=20 20 21 691 25 38 22 24 23 39 293 1199 1139 28 233 21 21 56 45 78 35
internal_value=-8.864e-07 -8.62101e-05 1.48055e-06 -4.34587e-05 -0.000122925 -0.000257285 -0.000146497 -0.000187408 6.09412e-06 -7.18864e-06 1.65723e-05 -3.82409e-07 -5.53021e-06 2.97643e-05 0 0 0 -3.53843e-05 1.55603e-05 -4.21088e-05
internal_weight=4071 144 3927 305 106 60 103 79 3622 1471 2151 1432 719 1432 41 46 199 65 134 56
internal_count=4071 144 3927 305 106 60 103 79 3622 1471 2151 1432 719 1432 41 46 199 65 134 56
is_linear=0
shrinkage=0.03


Tree=49
num_leaves=21
num_cat=0
split_feature=28 5 26 5 23 31 5 35 30 20 31 30 26 19 23 34 31 28 35 23
split_gain=0.00116938 0.00111445 0.000729032 0.00113289 0.00146105 0.00111808 0.000685703 0.00115357 0.00067156 0.00103846 0.000950427 0.000557549 0.000578063 0.000507896 0.000432743 0.0003203 0.000376322 0.000365782 0.000298243 0.000249749
threshold=-499085120.99999994 82190074.000000015 1.403420495333807 20449073.000000004 -2.1228339217701335 -0.021798966487562296 15544082.500000002 0.015614161123608744 59.75794538084542 45.764999675750737 -0.014631304678898725 69.472239222181216 1.034998697903504 48.739999771118171 -1.0003182929013545 0.072688794514621527 0.0010198725232257735 126877842.00000001 0.010475811854930581 -1.105561040387659
decision_type=2 2 2 2 2 2 2 2 2 2 2 2 2 2 2 2 2 2 2 2
left_child=1 8 15 6 -5 -6 18 -8 9 14 -11 13 -13 -10 -1 16 17 -2 -4 -18
right_child=2 -3 3 4 5 -7 7 -9 11 10 -12 12 -14 -15 -16 -17 19 -19 -20 -21
leaf_value=6.7531536888790425e-05 2.7365163628513106e-05 -0.00024033530850776994 1.0658294695369622e-05 6.892976243479316e-05 0 -0.00016374457003633986 0 0.00019474323199771018 0.00013454355041354297 0 -0.00012459472005294992 1.7194592527706931e-05 -6.5225755137389102e-05 0 -2.629262325218986e-05 -8.0959845396976607e-05 0 -5.0015266562198487e-06 -4.1534104554293567e-05 3.2194207767851592e-05
leaf_weight=58 417 26 73 25 43 131 54 42 51 42 181 120 122 37 180 22 109 1001 185 1152
leaf_count=58 417 26 73 25 43 131 54 42 51 42 181 120 122 37 180 22 109 1001 185 1152
internal_value=-8.90207e-07 -3.35977e-05 6.40072e-06 -2.30564e-05 -8.12119e-05 -0.000120043 1.177e-06 7.62291e-05 -2.29806e-05 -4.70645e-05 -9.36338e-05 1.57974e-06 -1.19744e-05 7.2877e-05 0 1.3543e-05 1.54419e-05 2.4025e-06 -1.51447e-05 2.77245e-05
internal_weight=4071 817 3254 553 199 174 354 96 791 461 223 330 242 88 238 2701 2679 1418 258 1261
internal_count=4071 817 3254 553 199 174 354 96 791 461 223 330 242 88 238 2701 2679 1418 258 1261
is_linear=0
shrinkage=0.03


Tree=50
num_leaves=24
num_cat=0
split_feature=5 32 33 19 24 23 5 26 32 31 34 26 5 0 25 33 34 25 20 5 31 28 1
split_gain=0.00112891 0.00136026 0.0013254 0.000815214 0.000743365 0.000999631 0.000709955 0.000706408 0.000987198 0.000594155 0.000696323 0.000626983 0.000499747 0.000441677 0.000353655 0.000356147 0.000349531 0.000173368 0.000152715 0.000113075 0.00012493 6.64209e-05 0.000270266
threshold=29624162.000000004 -0.028147270627809359 -0.029146438522363479 68.065000152587899 -0.17110275863155275 -0.15217514890936809 82190074.000000015 1.08547741744607 -0.01554913015629533 -0.015878501974959599 0.002415513018220961 1.5263531450021588 27844377.000000004 34.865840911865241 -0.31737233972977807 0.0085793211699047873 0.0014614877878944557 0.51891752103866862 84.668750572204601 19856485.000000004 -0.016209203806297475 197968528.50000003 50.824998855590827
decision_type=2 2 2 2 2 2 2 2 2 2 2 2 2 2 2 2 2 2 2 2 2 2 2
left_child=1 2 19 4 5 6 -2 13 -9 18 11 -11 14 -6 15 -3 -16 -12 -5 -1 -21 22 -14
right_child=3 12 -4 9 7 -7 -8 8 -10 10 17 -13 21 -15 16 -17 -18 -19 -20 20 -22 -23 -24
leaf_value=0 -2.7183255538646799e-05 -3.409241471746697e-05 -0.00027507503717698486 0.00011226098662704081 0.00010513046022709693 -0.00033461850147553104 -0.00025682519898930585 0 -0.00016442034342765201 0 3.7149044739730698e-05 -0.00023846227845821812 0 0 2.43340110332711e-05 2.4036744372184055e-05 3.7165572788424204e-07 -2.1953605851710564e-05 0 0 -9.845051362402567e-05 0 0.00017307347651732743
leaf_weight=29 205 333 29 48 42 21 20 38 54 45 103 22 30 98 1140 72 1581 29 20 21 22 38 31
leaf_count=29 205 333 29 48 42 21 20 38 54 45 103 22 30 98 1140 72 1581 29 20 21 22 38 31
internal_value=-8.50479e-07 5.86272e-06 -9.99026e-05 -3.48442e-05 -5.85385e-05 -9.67002e-05 -6.10283e-05 -5.12416e-06 -7.89497e-05 0 -1.8207e-05 -0.000101583 1.01083e-05 2.19982e-05 6.94402e-06 -1.63494e-05 1.1514e-05 1.44751e-06 8.29644e-05 0 -4.8592e-05 7.96413e-05 0.000106141
internal_weight=4071 3326 101 745 478 246 225 232 92 267 199 67 3225 140 3126 405 2721 132 68 72 43 99 61
internal_count=4071 3326 101 745 478 246 225 232 92 267 199 67 3225 140 3126 405 2721 132 68 72 43 99 61
is_linear=0
shrinkage=0.03


Tree=51
num_leaves=7
num_cat=0
split_feature=36 33 32 26 5 21
split_gain=0.00110129 0.00108358 0.00155923 0.000697363 0.0012113 0.000499769
threshold=-0.023324514187125733 -0.07241451359837052 -0.05483290939265794 1.3740933516752984 20449073.000000004 59.121250216166182
decision_type=2 2 2 2 2 2
left_child=-1 -2 -3 5 -5 -4
right_child=1 2 3 4 -6 -7
leaf_value=-0.00014373778665182713 0.00022025975419569813 -0.00026419169922817996 -1.0233099153440146e-05 0 -8.1146803026848155e-05 1.4327771876456157e-05
leaf_weight=48 20 20 939 392 239 2413
leaf_count=48 20 20 939 392 239 2413
internal_value=-8.14086e-07 1.4903e-07 -2.06754e-07 3.72222e-07 -2.77006e-05 6.55244e-06
internal_weight=4071 4023 4003 3983 631 3352
internal_count=4071 4023 4003 3983 631 3352
is_linear=0
shrinkage=0.03


Tree=52
num_leaves=20
num_cat=0
split_feature=36 24 27 35 36 5 26 5 25 36 25 25 35 35 24 35 24 0 36
split_gain=0.001047 0.00116561 0.000706713 0.00102015 0.0024475 0.00135558 0.000602939 0.00122871 0.000562239 0.00122574 0.000677963 0.000661551 0.000592264 0.000465839 0.000252341 0.000146846 0.000120852 0.000244588 0.00018515
threshold=-0.014562618718254967 -0.77471572696320723 0.036383376062028273 0.015124796847815109 -0.0042863336497604328 46701575.000000007 1.4247020086142232 27238958.500000004 0.10876027739653966 -0.010498788779916045 -0.19350106079641669 0.16857486571520922 0.028492460288314207 0.016556291321018511 -1.3425219536756685 0.019746486198344248 -0.42752768244110356 40.061540603637702 0.0012062559443112382
decision_type=2 2 2 2 2 2 2 2 2 2 2 2 2 2 2 2 2 2 2
left_child=1 14 3 16 15 -6 7 -3 10 -10 12 -11 -4 -12 -1 -5 18 -18 -2
right_child=2 6 8 4 5 -7 -8 -9 9 11 13 -13 -14 -15 -16 -17 17 -19 -20
leaf_value=0 -6.9230067209775613e-05 0 -1.3759393141538884e-05 0 -0.00035725106578686928 0 0 -0.0002693624717244756 -0.00017354850165124343 -4.2470234816191751e-05 1.7341300484989008e-05 7.6735725020237467e-06 0.00012159887666679799 7.1999226277715884e-05 0.00010374667363377038 7.9142738771470359e-05 7.0016551397485209e-05 0 0
leaf_weight=20 50 29 691 25 38 22 24 50 39 293 1199 1139 28 233 21 21 52 72 25
leaf_count=20 50 29 691 25 38 22 24 50 39 293 1199 1139 28 233 21 21 52 72 25
internal_value=-7.97814e-07 -8.06606e-05 1.36875e-06 -4.13529e-05 -0.000116494 -0.00024619 -0.000138811 -0.000178816 5.79553e-06 -7.13263e-06 1.60312e-05 -4.93722e-07 -4.30008e-06 2.83339e-05 0 0 0 1.68612e-05 -3.12809e-05
internal_weight=4071 144 3927 305 106 60 103 79 3622 1471 2151 1432 719 1432 41 46 199 124 75
internal_count=4071 144 3927 305 106 60 103 79 3622 1471 2151 1432 719 1432 41 46 199 124 75
is_linear=0
shrinkage=0.03


Tree=53
num_leaves=7
num_cat=0
split_feature=36 33 32 26 22 21
split_gain=0.000988559 0.00103032 0.00142668 0.000645288 0.000893154 0.000471479
threshold=-0.023324514187125733 -0.07241451359837052 -0.05483290939265794 1.3740933516752984 31.636248248668988 59.121250216166182
decision_type=2 2 2 2 2 2
left_child=-1 -2 -3 5 -5 -4
right_child=1 2 3 4 -6 -7
leaf_value=-0.0001361915322888077 0.00021476532944213986 -0.00025273824242680369 -1.0006763899514257e-05 0.00013836683477032311 -3.7319040722070043e-05 1.382999590544049e-05
leaf_weight=48 20 20 939 21 610 2413
leaf_count=48 20 20 939 21 610 2413
internal_value=-7.82851e-07 9.04151e-08 -2.38074e-07 2.82947e-07 -2.66975e-05 6.25751e-06
internal_weight=4071 4023 4003 3983 631 3352
internal_count=4071 4023 4003 3983 631 3352
is_linear=0
shrinkage=0.03


Tree=54
num_leaves=25
num_cat=0
split_feature=5 19 24 23 23 33 20 31 30 25 27 25 3 36 25 36 23 24 28 33 0 21 20 5
split_gain=0.00100483 0.000750249 0.000723726 0.000893171 0.000642163 0.000603256 0.000661698 0.000583121 0.000799172 0.000570987 0.00124747 0.00068616 0.000679296 0.00141299 0.000499311 0.000313689 0.000279964 0.000268647 0.000317966 0.000244172 0.000257274 0.00021797 0.000137981 0.000103329
threshold=29624162.000000004 68.065000152587899 -0.17110275863155275 -0.15217514890936809 -0.60345699762294192 0.015007329955822992 127.06749992370607 -0.015878501974959599 38.629982287306106 -0.31737233972977807 0.20217229805076478 -0.50403411310161139 54.250000000000007 0.0027829692628069695 0.10876027739653966 0.010337144126166615 2.359143115520308 0.11118251018325091 -1738382964.9999998 0.057133140145569923 31.253855705261234 48.661249923706059 84.668750572204601 34716379.500000007
decision_type=2 2 2 2 2 2 2 2 2 2 2 2 2 2 2 2 2 2 2 2 2 2 2 2
left_child=5 2 3 4 -2 9 19 22 23 10 21 -12 13 -11 -14 -10 -8 -4 -19 20 -7 -1 -3 -9
right_child=1 7 17 -5 -6 6 16 8 15 12 11 -13 14 -15 -16 -17 -18 18 -20 -21 -22 -23 -24 -25
leaf_value=9.7490661332745135e-05 -8.967348401283401e-05 0.00011050113835516792 5.1994181744743384e-05 -0.00032050206868300185 0 0.00011050224152580721 0 0 0 -8.071856716905728e-05 0 -0.00016085683579209042 2.5861044191172848e-05 2.9502823485703303e-05 -3.7147272100437582e-06 8.8492441072932971e-05 -0.00013988409993587439 1.205390366637126e-05 -4.9685441591979993e-05 0 2.941524652478684e-05 -4.4089205053525432e-06 0 -0.00015775691176084084
leaf_weight=20 167 48 34 21 58 84 20 23 105 226 52 85 1162 144 644 36 21 22 176 22 582 264 20 35
leaf_count=20 167 48 34 21 58 84 20 23 105 226 52 85 1162 144 644 36 21 22 176 22 582 264 20 35
internal_value=-7.59416e-07 -3.28678e-05 -5.56408e-05 -9.30177e-05 -5.83255e-05 5.53145e-06 2.97354e-05 0 -1.75991e-05 -1.08568e-07 -3.31116e-05 -0.000107502 4.89929e-06 -2.97193e-05 1.3654e-05 1.63177e-06 -6.25703e-05 -3.05995e-06 -2.7679e-05 3.96043e-05 4.41613e-05 0 8.24677e-05 -0.000115907
internal_weight=4071 745 478 246 225 3326 729 267 199 2597 421 137 2176 370 1806 141 41 232 198 688 666 284 68 58
internal_count=4071 745 478 246 225 3326 729 267 199 2597 421 137 2176 370 1806 141 41 232 198 688 666 284 68 58
is_linear=0
shrinkage=0.03


Tree=55
num_leaves=27
num_cat=0
split_feature=5 19 24 30 0 33 26 33 33 20 36 27 29 31 30 2 5 33 30 34 33 0 24 20 5 30
split_gain=0.000941233 0.000701421 0.000693586 0.000699991 0.000869903 0.000697625 0.000605821 0.000679634 0.000566265 0.000626718 0.000555442 0.000779184 0.00118221 0.00055166 0.00075947 0.000439809 0.000392827 0.000757119 0.000301647 0.000301156 0.000236185 0.000233533 0.000192078 0.00012824 8.82679e-05 3.37409e-05
threshold=29624162.000000004 68.065000152587899 -0.17110275863155275 66.258805713522463 31.347810745239261 0.031844412812219065 1.046151408073956 -0.045933009737487533 0.015007329955822992 127.06749992370607 -0.009063274828788534 0.18341194463150332 55.992792954802219 -0.015878501974959599 38.629982287306106 59.475000381469734 20092371.000000004 -0.027506107662314924 76.595821040184475 0.0014614877878944557 0.057133140145569923 31.253855705261234 1.9003201198317847 84.668750572204601 34716379.500000007 23.988446358624525
decision_type=2 2 2 2 2 2 2 2 2 2 2 2 2 2 2 2 2 2 2 2 2 2 2 2 2 2
left_child=8 2 3 4 -2 -5 15 -8 10 20 11 25 -13 23 24 -4 19 -18 -16 -12 21 -10 -11 -3 -15 -1
right_child=1 13 6 5 -6 -7 7 -9 9 22 16 12 -14 14 18 -17 17 -19 -20 -21 -22 -23 -24 -25 -26 -27
leaf_value=0 0 0.00010719299372435661 8.3660436670544229e-05 -0.00035864549554932894 -0.00012204740137110423 0 0 -0.00011348418725842766 0.00010719111719586489 0 2.1634402003527827e-05 -0.0001569495191417124 0 0 5.6689347516236184e-05 0 -9.6974672675780729e-05 0 -1.9283584280144027e-05 0 0 2.853294088390823e-05 -0.00012371409300414586 0 -0.0001530376919465633 2.6240984760351527e-05
leaf_weight=33 120 48 69 22 81 23 20 83 84 20 1025 91 57 23 77 60 90 451 64 806 22 582 21 20 35 44
leaf_count=33 120 48 69 22 81 23 20 83 84 20 1025 91 57 23 77 60 90 451 64 806 22 582 21 20 35 44
internal_value=-7.50516e-07 -3.18431e-05 -5.38577e-05 -9.03717e-05 -4.59778e-05 -0.000221604 -2.19243e-06 -6.66902e-05 5.3128e-06 2.877e-05 -1.17547e-07 -4.61211e-05 -8.92647e-05 0 -1.72471e-05 2.60798e-05 2.98325e-06 -1.751e-05 9.54436e-07 1.06773e-05 3.84533e-05 4.29722e-05 -6.04261e-05 8.01311e-05 -0.000113056 0
internal_weight=4071 745 478 246 201 45 232 103 3326 729 2597 225 148 267 199 129 2372 541 141 1831 688 666 41 68 58 77
internal_count=4071 745 478 246 201 45 232 103 3326 729 2597 225 148 267 199 129 2372 541 141 1831 688 666 41 68 58 77
is_linear=0
shrinkage=0.03


Tree=56
num_leaves=26
num_cat=0
split_feature=5 19 24 30 35 33 26 33 33 35 36 31 35 0 31 30 35 2 35 36 36 33 35 0 22
split_gain=0.000894066 0.000664282 0.000663256 0.000660802 0.000863703 0.000626976 0.000560753 0.000739171 0.000530956 0.000655109 0.000954357 0.00106257 0.000557861 0.000548851 0.000522029 0.000721997 0.000788521 0.000507378 0.000453628 0.000391084 0.000272191 0.000224359 0.000286177 0.000125729 9.19696e-05
threshold=29624162.000000004 68.065000152587899 -0.17110275863155275 66.258805713522463 0.032074765444498866 0.031844412812219065 1.08547741744607 -0.045933009737487533 0.015007329955822992 0.010552575181442035 0.00073372091492306341 -0.0041920013871052366 0.012783364261995901 130.54138946533206 -0.015878501974959599 38.629982287306106 0.014220278636748808 59.475000381469734 0.017479855441339485 0.0016769320454548731 -0.0032930006020243153 0.057133140145569923 0.012845275603711379 43.452611923217781 44.500351351796276
decision_type=2 2 2 2 2 2 2 2 2 2 2 2 2 2 2 2 2 2 2 2 2 2 2 2 2
left_child=8 2 3 4 -2 -5 17 -8 9 19 11 -11 -12 21 24 16 -16 -4 -17 20 -1 22 -10 -21 -3
right_child=1 14 6 5 -6 -7 7 -9 13 10 12 -13 -14 -15 15 18 -18 -19 -20 23 -22 -23 -24 -25 -26
leaf_value=0 0 0.00010483375134719886 8.490476631588496e-05 -0.00034793481486744131 -0.00016912655158811347 0 0 -0.00012392176744681832 1.6859309730260485e-05 -6.1962018552533498e-06 -2.7589144130224021e-05 -9.210531769542929e-05 2.8486721093859965e-05 -5.7805659647308015e-05 0 -1.6717421533028507e-05 -0.00020686107641314591 -2.0721297924476553e-06 8.5000903755893384e-05 -2.0790627488442844e-05 3.8043229108510614e-05 0 7.365298884387956e-05 6.3639641515825432e-06 0
leaf_weight=210 160 45 72 22 41 23 20 72 436 460 207 247 460 37 25 88 33 68 53 254 591 22 234 168 23
leaf_count=210 160 45 72 22 41 23 20 72 436 460 207 247 460 37 25 88 33 68 53 254 591 22 234 168 23
internal_value=-7.86102e-07 -3.10982e-05 -5.25134e-05 -8.82048e-05 -4.45031e-05 -0.000216356 -1.72109e-06 -6.92724e-05 5.10236e-06 -1.2124e-07 -1.54407e-05 -4.04612e-05 6.58526e-06 2.78231e-05 0 -1.69118e-05 -0.000110291 2.12742e-05 2.88754e-07 1.46367e-05 2.76062e-05 3.67438e-05 4.11797e-05 -2.874e-06 7.78644e-05
internal_weight=4071 745 478 246 201 45 232 92 3326 2597 1374 707 667 729 267 199 58 140 141 1223 801 692 670 422 68
internal_count=4071 745 478 246 201 45 232 92 3326 2597 1374 707 667 729 267 199 58 140 141 1223 801 692 670 422 68
is_linear=0
shrinkage=0.03


Tree=57
num_leaves=23
num_cat=0
split_feature=28 21 27 27 36 5 32 35 28 28 36 30 21 19 24 30 27 30 36 29 24 26
split_gain=0.000902555 0.000944442 0.00120208 0.00166429 0.000857707 0.00072482 0.000587346 0.000591187 0.000998225 0.00098023 0.000578548 0.000591125 0.00096458 0.000493803 0.000485315 0.000634233 0.000484199 0.000567839 0.000370309 0.000198316 0.000144872 4.29939e-05
threshold=-499085120.99999994 48.661249923706059 0.14958805109621839 -0.01077250542196955 0.0025073262082729556 55162841.500000007 -0.029019305999695152 0.012897992715290135 -55387278.999999993 676150889.00000012 0.021409472880061117 90.645573198386771 66.747500197092705 58.370000076293955 -0.36508994947522377 39.048156724928511 0.29818114637720733 61.223689180853007 0.0081151542888892488 35.265663476075211 1.1331353800437107 1.0925557823804535
decision_type=2 2 2 2 2 2 2 2 2 2 2 2 2 2 2 2 2 2 2 2 2 2
left_child=1 4 3 -3 14 18 7 21 -9 -10 11 13 -13 -8 15 -1 19 -18 -6 -4 -16 -2
right_child=6 2 16 -5 5 -7 10 8 9 -11 -12 12 -14 -15 20 -17 17 -19 -20 -21 -22 -23
leaf_value=0 0 0 0 -0.00033755155316052526 0.00010448265485580769 -6.8149208868074543e-05 5.5945649024687225e-05 0 -0.00020597407970977921 0 0.00013010990639092531 -0.00017072085083203473 0 5.5957923503906883e-06 4.870520288298032e-06 -0.00014963194787915912 -0.00012543458609581755 0 0 8.1842477892469785e-05 -6.2903159115559776e-05 4.0927813256117081e-05
leaf_weight=49 25 29 24 35 109 25 214 24 63 25 38 42 82 2718 142 65 68 109 100 30 32 23
leaf_count=49 25 29 24 35 109 25 214 24 63 25 38 42 82 2718 142 65 68 109 100 30 32 23
internal_value=-8.2956e-07 -2.96301e-05 -7.28787e-05 -0.000197546 0 3.70851e-05 5.48033e-06 -4.77056e-05 -8.94242e-05 -0.000142733 9.20177e-06 6.71248e-06 -5.37782e-05 1.02957e-05 -3.95206e-05 -8.81577e-05 -2.52869e-05 -5.62532e-05 6.40468e-05 2.06775e-05 0 0
internal_weight=4071 817 295 64 522 234 3254 160 112 88 3094 3056 124 2932 288 114 231 177 209 54 174 48
internal_count=4071 817 295 64 522 234 3254 160 112 88 3094 3056 124 2932 288 114 231 177 209 54 174 48
is_linear=0
shrinkage=0.03


Tree=58
num_leaves=26
num_cat=0
split_feature=28 22 21 27 20 32 25 34 27 33 33 25 26 5 28 28 21 19 2 36 27 28 22 5 34
split_gain=0.000860652 0.00090234 0.000741815 0.000795991 0.000637644 0.000539537 0.000557374 0.00075445 0.000560448 0.000533821 0.000533374 0.000435985 0.000432294 0.000358875 0.000326076 0.000292005 0.000654907 0.000594206 0.000314856 0.000226709 0.000118548 0.000675328 0.000295415 3.26925e-05 1.76041e-05
threshold=-499085120.99999994 47.575531670239478 53.155000019073491 0.4093128238767893 54.402500534057623 -0.029019305999695152 0.10516172008778808 0.072688794514621527 0.41703095407696639 0.0078608503785062584 -0.031292068879434691 -0.31737233972977807 1.0275227479911988 29881464.000000004 57675817.000000007 -1757701034.9999998 41.167500114440919 33.885000228881843 46.324998855590827 0.0036101266983541327 0.0056379450949243662 44603044.500000007 45.625103717306636 22230484.000000004 0.01756422768885935
decision_type=2 2 2 2 2 2 2 2 2 2 2 2 2 2 2 2 2 2 2 2 2 2 2 2 2
left_child=1 2 3 12 -4 10 9 8 -8 11 20 -7 -1 -12 -11 17 24 -3 -18 -9 21 -2 -22 -5 -17
right_child=5 15 4 23 -6 6 7 19 -10 14 13 -13 -14 -15 -16 16 18 -19 -20 -21 22 -23 -24 -25 -26
leaf_value=-5.02175205017664e-05 0 0 -0.00030381940744132144 0 0 -1.6502711889687738e-05 -0.00011694817308672198 -0.00021347877928299075 3.1014507077625671e-06 0.00010363608722023931 -0.00023749831712061064 1.8813172679505234e-05 2.268170562304983e-05 0 2.3367306104000432e-05 0 5.7401539543374356e-05 0.00015905464067281626 -1.0641630294203242e-05 0 8.7609588551667818e-05 -0.00013768186618578983 0 -0.00022038087383654319 -0.00017035606617478828
leaf_weight=127 23 21 26 20 31 373 36 20 1109 112 20 1035 134 20 387 20 76 30 288 22 36 37 24 22 22
leaf_count=127 23 21 26 20 31 373 36 20 1109 112 20 1035 134 20 387 20 76 30 288 22 36 37 24 22 22
internal_value=-7.82911e-07 -2.89233e-05 -6.44473e-05 -3.28949e-05 -0.000179282 5.36121e-06 8.95981e-06 -5.27075e-06 0 1.93904e-05 -4.54505e-05 7.32644e-06 -1.30613e-06 -0.000142192 4.74115e-05 0 -9.4295e-06 6.66057e-05 0 -0.000130045 0 -3.98589e-05 1.36572e-05 -0.000157468 -0.000121894
internal_weight=4071 817 360 303 57 3254 3094 1187 1145 1907 160 1408 261 40 499 457 406 51 364 42 120 60 60 42 42
internal_count=4071 817 360 303 57 3254 3094 1187 1145 1907 160 1408 261 40 499 457 406 51 364 42 120 60 60 42 42
is_linear=0
shrinkage=0.03


Tree=59
num_leaves=27
num_cat=0
split_feature=28 30 21 29 21 30 31 32 35 28 28 24 19 30 34 35 26 31 35 34 35 27 4 29 26 27
split_gain=0.000826087 0.000887395 0.00105617 0.000776825 0.000682989 0.000550568 0.000535675 0.000510332 0.000544887 0.000932882 0.000926936 0.000513773 0.000499954 0.000438138 0.000944976 0.000428441 0.000451939 0.000399963 0.000859579 0.000381263 0.000494344 0.000319477 0.000273239 0.000196167 4.10616e-05 2.09187e-06
threshold=-499085120.99999994 59.75794538084542 49.107916418711348 27.284843950864268 43.470833333333339 69.472239222181216 0.013673127071878512 -0.029019305999695152 0.012897992715290135 -55387278.999999993 676150889.00000012 1.4400012800438724 48.739999771118171 75.574428596675361 0.016874437949402802 0.019867487043967423 1.0095984607832904 -0.022740867761463886 0.016651667049174635 0.072688794514621527 0.019568472230658145 0.93482607872180035 73.02500152587892 25.400690437510928 1.0925557823804535 0.62247862083577543
decision_type=2 2 2 2 2 2 2 2 2 2 2 2 2 2 2 2 2 2 2 2 2 2 2 2 2 2
left_child=1 2 3 4 -1 12 -5 8 24 -10 -11 19 25 23 -15 21 -17 -4 -19 20 -9 -7 -21 -13 -2 -3
right_child=7 5 17 6 -6 15 -8 11 9 10 -12 13 -14 14 -16 16 -18 18 -20 22 -22 -23 -24 -25 -26 -27
leaf_value=0 0 0 0 -8.282896814614359e-05 0.00012293053082407867 -3.6469947998141446e-06 0 1.057300804172299e-05 0 -0.00019812783198604558 0 -6.4575373641087143e-05 0 -0.00026139107731422537 0 0 -0.00011665583001152473 -8.4886525521830713e-06 -0.00021890185713490328 -0.00013722072229025318 6.3784268964490543e-05 8.5503168182585694e-05 0 1.6921667297913221e-05 3.9997536850814979e-05 0.00017090115543841187
leaf_weight=56 25 20 31 152 52 126 48 2559 24 63 25 32 37 21 87 24 61 67 73 22 204 39 20 149 23 31
leaf_count=56 25 20 31 152 52 126 48 2559 24 63 25 32 37 21 87 24 61 67 73 22 204 39 20 149 23 31
internal_value=-8.45338e-07 -2.84179e-05 -5.51727e-05 -1.06421e-05 3.9963e-05 6.29849e-07 -5.29677e-05 5.15621e-06 -4.41968e-05 -8.46429e-05 -0.000136551 8.67934e-06 7.19836e-05 -2.60949e-05 -7.39518e-05 -1.25102e-05 -7.06474e-05 -0.000117793 -0.000139695 1.33324e-05 1.55896e-05 0 -6.35859e-05 0 0 0.000133188
internal_weight=4071 817 479 308 108 338 200 3254 160 112 88 3094 88 289 108 250 85 171 140 2805 2763 165 42 181 48 51
internal_count=4071 817 479 308 108 338 200 3254 160 112 88 3094 88 289 108 250 85 171 140 2805 2763 165 42 181 48 51
is_linear=0
shrinkage=0.03


Tree=60
num_leaves=7
num_cat=0
split_feature=36 33 32 35 28 2
split_gain=0.000799108 0.00103056 0.00120712 0.000526691 0.000441789 0.000246172
threshold=-0.023324514187125733 -0.07241451359837052 -0.05483290939265794 0.0073891594759252542 -499085120.99999994 61.524999618530281
decision_type=2 2 2 2 2 2
left_child=-1 -2 -3 5 -5 -4
right_child=1 2 3 4 -6 -7
leaf_value=-0.00012252067119655684 0.00021471652987677212 -0.00023257631523562454 7.958452637606718e-05 -2.4455099482523706e-05 7.3692727332881568e-07 1.1290490938807203e-05
leaf_weight=48 20 20 90 754 2589 550
leaf_count=48 20 20 90 754 2589 550
internal_value=-8.36229e-07 0 -4.56379e-07 0 -4.04822e-06 2.5592e-05
internal_weight=4071 4023 4003 3983 3343 640
internal_count=4071 4023 4003 3983 3343 640
is_linear=0
shrinkage=0.03


Tree=61
num_leaves=26
num_cat=0
split_feature=5 33 27 24 35 24 25 32 22 24 28 5 35 5 24 22 28 28 28 28 24 5 0 1 22
split_gain=0.000764502 0.00062033 0.000804216 0.00108682 0.000748366 0.000597369 0.00047565 0.00115542 0.000600861 0.000436255 0.000749578 0.00077219 0.000666242 0.000880179 0.00115976 0.000568786 0.000520701 0.000413698 0.000396558 0.00112349 0.000472599 0.000327221 0.00025896 0.000251853 0.000206309
threshold=20092371.000000004 0.0050493470295293061 0.21526269696817377 -1.5090734650935562 0.0078504581244955417 -1.0123414868995761 -0.70102961444325174 -0.029019305999695152 36.037441763764441 0.1287418440995152 278159825.50000006 9444841.5000000019 0.017138976337923641 11623132.500000002 -0.92454584895567182 68.858623601430864 845360697.50000012 96785796.500000015 49528668.500000007 -682756590.99999988 -1.593325315638223 17900112.000000004 141.0613708496094 54.675001144409187 37.417413942077594
decision_type=2 2 2 2 2 2 2 2 2 2 2 2 2 2 2 2 2 2 2 2 2 2 2 2 2
left_child=9 4 -3 17 24 -5 8 -8 -6 12 11 23 18 -14 -15 22 -17 -4 19 -1 -20 -13 -12 -11 -2
right_child=1 2 3 5 6 -7 7 -9 -10 10 15 21 13 14 -16 16 -18 -19 20 -21 -22 -23 -24 -25 -26
leaf_value=-1.9028639760607861e-05 0 0.00018056017929283537 -0.00018752341485246796 9.9158909289791359e-05 0.00012185994606202023 0 -0.00012448933387627703 -2.4956875752092663e-05 -4.8311913884752439e-05 0 3.9564672379514007e-05 -6.064737107516451e-05 0 0.00024822856491163914 1.3322491827233769e-05 0 -0.00015697061333465253 0 -0.00014143590660328794 8.2535840266732355e-05 2.1296049585214969e-06 0 0 0.00010467721067689551 6.4128900185837933e-05
leaf_weight=112 48 22 38 56 33 600 179 563 21 22 511 364 23 47 87 97 24 21 21 211 717 91 69 34 60
leaf_count=112 48 22 38 56 33 600 179 563 21 22 511 364 23 47 87 97 24 21 21 211 717 91 69 34 60
internal_value=-7.66982e-07 -1.72449e-05 0 -2.14509e-06 -3.40195e-05 4.61452e-06 -4.56413e-05 -5.30242e-05 2.6216e-07 9.12642e-06 -1.39496e-06 -3.11743e-05 2.20581e-05 8.29784e-05 0.00011821 1.60353e-05 -3.21521e-05 -0.000127945 1.02093e-05 3.80384e-05 0 -4.79118e-05 3.12635e-05 5.1185e-05 2.38489e-05
internal_weight=4071 1641 737 715 904 656 796 742 54 2430 1212 511 1218 157 134 701 121 59 1061 323 738 455 580 56 108
internal_count=4071 1641 737 715 904 656 796 742 54 2430 1212 511 1218 157 134 701 121 59 1061 323 738 455 580 56 108
is_linear=0
shrinkage=0.03


Tree=62
num_leaves=18
num_cat=0
split_feature=36 0 28 22 5 27 35 36 27 33 26 0 21 35 36 0 26
split_gain=0.000741133 0.00105918 0.00143004 0.00102453 0.000627218 0.000571212 0.000834348 0.00218292 0.00125727 0.000545528 0.000473857 0.00132422 0.000276852 0.000151708 0.000101212 0.000244023 0.000189973
threshold=-0.014562618718254967 59.997167587280281 -918228049.99999988 39.071922010290812 36916592.500000007 0.036383376062028273 0.015124796847815109 -0.0042863336497604328 -0.037425937837010613 -0.045933009737487533 1.4247020086142232 40.901786804199226 59.121250216166182 0.019746486198344248 -0.0035528477346264825 37.532468795776374 0.91737083462915014
decision_type=2 2 2 2 2 2 2 2 2 2 2 2 2 2 2 2 2
left_child=1 2 4 -4 -1 6 14 13 -9 -7 12 -12 -11 -8 15 -2 -16
right_child=5 -3 3 -5 -6 9 7 8 -10 10 11 -13 -14 -15 16 -17 -18
leaf_value=0 -0.00011917839236835488 -0.0002701965440854818 0.00021386814325105867 0 -0.00024186788134773453 0.00011196040291300353 0 0 -0.00036488146204544911 -3.992684590865456e-06 -8.7413213471697538e-05 6.6469031667826048e-06 1.3933327071429001e-05 8.044236421698738e-05 0 0 5.2164883753891916e-05
leaf_weight=34 20 22 26 35 27 44 25 28 32 854 188 311 2225 21 62 45 72
leaf_count=34 20 22 26 35 27 44 25 28 32 854 188 311 2225 21 62 45 72
internal_value=-7.48704e-07 -6.79698e-05 -6.74127e-06 6.66879e-05 -0.000129259 9.53987e-07 -3.73955e-05 -0.00010535 -0.000228655 5.0125e-06 2.8558e-06 -2.27902e-05 7.98704e-06 0 0 -3.18091e-05 1.37142e-05
internal_weight=4071 144 122 61 61 3927 305 106 60 3622 3578 499 3079 46 199 65 134
internal_count=4071 144 122 61 61 3927 305 106 60 3622 3578 499 3079 46 199 65 134
is_linear=0
shrinkage=0.03


Tree=63
num_leaves=21
num_cat=0
split_feature=36 0 28 24 27 35 36 27 31 29 26 30 36 25 24 35 35 24 0 36
split_gain=0.000709418 0.000984269 0.00135068 0.000707984 0.000544588 0.00078638 0.0020764 0.00115321 0.000535013 0.000813419 0.00097516 0.00056687 0.00056426 0.000804374 0.000520407 0.000329404 0.000142784 9.7215e-05 0.000230918 0.000166407
threshold=-0.014562618718254967 59.997167587280281 -918228049.99999988 0.19825008917043394 0.036383376062028273 0.015124796847815109 -0.0042863336497604328 -0.037425937837010613 -0.015468328920867134 39.653919570440756 1.0827897706829774 73.091033396359009 -0.010498788779916045 0.10876027739653966 1.4840949932403393 0.027412905047743838 0.019746486198344248 -0.42752768244110356 40.061540603637702 0.0012062559443112382
decision_type=2 2 2 2 2 2 2 2 2 2 2 2 2 2 2 2 2 2 2 2
left_child=1 2 15 -4 5 17 16 -8 9 10 -6 -11 13 -10 -14 -1 -7 19 -19 -2
right_child=4 -3 3 -5 8 6 7 -9 12 11 -12 -13 14 -15 -16 -17 -18 18 -20 -21
leaf_value=0 -6.4698407214907312e-05 -0.00026212731458465836 0.00014873695994397517 0 0 0 0 -0.00035396911784849852 0 -4.3576260519684402e-05 0.00021032984017063967 9.0586305526639554e-05 8.7255102562458916e-06 -0.00020150842983395666 -3.0220166087526167e-05 -0.00018003269813268843 7.8040525626920263e-05 6.7213993253532233e-05 0 0
leaf_weight=22 50 22 40 21 28 25 28 32 63 78 49 44 3009 29 322 39 21 52 72 25
leaf_count=22 50 22 40 21 28 25 28 32 63 78 49 44 3009 29 322 39 21 52 72 25
internal_value=-7.68032e-07 -6.65304e-05 -6.50298e-06 6.39576e-05 8.81131e-07 -3.65485e-05 -0.000102527 -0.000222826 4.86216e-06 5.31479e-05 0.000129574 0 1.17714e-06 -7.04944e-05 4.05932e-06 -0.000126053 0 0 1.48987e-05 -2.82529e-05
internal_weight=4071 144 122 61 3927 305 106 60 3622 199 77 122 3423 92 3331 61 46 199 124 75
internal_count=4071 144 122 61 3927 305 106 60 3622 199 77 122 3423 92 3331 61 46 199 124 75
is_linear=0
shrinkage=0.03


Tree=64
num_leaves=26
num_cat=0
split_feature=5 36 34 26 26 35 1 31 35 27 24 28 5 35 5 24 26 23 34 23 28 35 36 1 26
split_gain=0.000683984 0.000936742 0.00119374 0.00100225 0.000680803 0.00114455 0.000765504 0.000476895 0.000994949 0.000845719 0.000407904 0.000693018 0.0007285 0.000641916 0.000845405 0.00106826 0.00055195 0.000545504 0.000430676 0.000394149 0.000375847 0.000336912 0.000323231 0.000237758 0.00020723
threshold=20092371.000000004 -0.014562618718254967 -0.042425009589756084 1.1513899845151165 1.4247020086142232 0.02694305971957588 78.474998474121108 -0.015878501974959599 0.014937490915364846 0.011693922936779172 0.1287418440995152 278159825.50000006 9444841.5000000019 0.017138976337923641 11623132.500000002 -0.92454584895567182 0.90723625807974295 1.5974219044714391 0.0019481539097913061 -0.056098614791480365 791075597.00000012 0.0099403581293002214 -0.023324514187125733 54.675001144409187 0.91904474172410688
decision_type=2 2 2 2 2 2 2 2 2 2 2 2 2 2 2 2 2 2 2 2 2 2 2 2 2
left_child=10 2 22 -4 7 6 -6 8 -3 -9 13 12 23 19 -15 -16 -14 20 -19 21 -13 -1 -2 -12 -21
right_child=1 4 3 -5 5 -7 -8 9 -10 -11 11 17 16 14 15 -17 -18 18 -20 24 -22 -23 -24 -25 -26
leaf_value=1.8546858571101853e-05 -5.3882899565039568e-05 0 0 -0.00031396956322279489 -0.00016336737952081336 4.470780045818299e-05 0 -9.3227999585780203e-05 0.00013306539442673615 0 0 5.0282205237185412e-05 0 0 0.00024082431663495081 1.2948851923225179e-05 -7.0636038129281056e-05 1.6858617854227179e-05 -6.1691890308574534e-05 0 0 -2.0435855996916612e-05 0.00010193755822804042 0.00010106839739227301 6.162693660956147e-05
leaf_weight=392 21 80 41 32 88 39 88 93 72 1065 22 355 157 23 47 87 298 42 122 99 182 403 22 34 167
leaf_count=392 21 80 41 32 88 39 88 93 72 1065 22 355 157 23 47 87 298 42 122 99 182 403 22 34 167
internal_value=-8.07139e-07 -1.64213e-05 -0.000101153 -0.00017592 -8.00287e-06 -5.74686e-05 -9.71583e-05 0 5.00609e-05 -6.43981e-06 8.50299e-06 -1.6289e-06 -3.03019e-05 2.10471e-05 8.07325e-05 0.000115367 -4.66547e-05 1.49949e-05 -2.32957e-05 9.38124e-06 3.22765e-05 0 0 4.89357e-05 4.10369e-05
internal_weight=4071 1641 116 73 1525 215 176 1310 152 1158 2430 1212 511 1218 157 134 455 701 164 1061 537 795 43 56 266
internal_count=4071 1641 116 73 1525 215 176 1310 152 1158 2430 1212 511 1218 157 134 455 701 164 1061 537 795 43 56 266
is_linear=0
shrinkage=0.03


Tree=65
num_leaves=24
num_cat=0
split_feature=5 28 35 23 0 27 5 33 2 30 25 24 35 24 35 0 5 36 21 26 25 23 34
split_gain=0.00065654 0.000670144 0.00104641 0.00102187 0.000792526 0.000970933 0.000743156 0.00108509 0.000742759 0.000604011 0.00049021 0.000820463 0.0012727 0.000366021 0.00191419 0.00110614 0.000980747 0.000371978 0.000358472 0.000348808 0.000310315 0.000281589 0.000249648
threshold=25666774.500000004 -628306750.49999988 0.032074765444498866 -2.0060586456028591 56.118263244628913 0.96523463481383842 35101912.000000007 0.0085793211699047873 46.625000000000007 89.376465454131747 -0.40533074343966341 -0.53882250023402245 0.010066120289839593 -0.77471572696320723 0.014476168945002851 31.347810745239261 22230484.000000004 -0.009063274828788534 64.242499955495205 1.2843686524312143 -0.52027131783085767 -0.55646296333878087 -0.024967296499343868
decision_type=2 2 2 2 2 2 2 2 2 2 2 2 2 2 2 2 2 2 2 2 2 2 2
left_child=10 2 6 -3 9 -6 7 -2 -8 -5 11 12 -1 14 15 -12 -16 22 -13 -4 -20 -19 -15
right_child=1 3 19 4 5 -7 8 -9 -10 -11 13 18 -14 17 16 -17 -18 21 20 -21 -22 -23 -24
leaf_value=0 -0.00014922706071751219 0.00015028949365274516 -0.0002275396476009327 5.5829840216641138e-06 -0.00017486182566268997 0 8.8956110702175285e-05 0 -3.9420526480352782e-05 -0.00013223596884129549 -0.00014421109468268307 -8.7024244838981418e-05 -0.00021327042181021089 0 0.00016888302563668748 1.6401117445885483e-05 0 -2.5427310219123758e-05 6.2104986479030828e-05 0 0 1.2127892091388732e-05 -6.0893042859822768e-05
leaf_weight=21 76 35 44 554 56 27 78 46 51 30 45 34 47 38 111 214 31 152 89 20 62 2090 120
leaf_count=21 76 35 44 554 56 27 78 46 51 30 45 34 47 38 111 214 31 152 89 20 62 2090 120
internal_value=-7.66846e-07 -2.22592e-05 -5.92378e-05 -1.38727e-06 -1.38647e-05 -0.00010063 -1.76442e-05 -7.66875e-05 1.49735e-05 0 5.40844e-06 -3.19557e-05 -0.000120989 9.85538e-06 3.74748e-05 0 0.000126837 3.98932e-06 0 -0.000175279 2.06413e-05 8.24272e-06 -3.73576e-05
internal_weight=4071 1017 315 702 667 83 251 122 129 584 3054 253 68 2801 401 259 142 2400 185 64 151 2242 158
internal_count=4071 1017 315 702 667 83 251 122 129 584 3054 253 68 2801 401 259 142 2400 185 64 151 2242 158
is_linear=0
shrinkage=0.03


Tree=66
num_leaves=26
num_cat=0
split_feature=28 21 5 36 5 19 24 33 19 26 23 0 4 21 36 24 31 36 0 33 0 5 29 36 26
split_gain=0.000627208 0.000844199 0.00107503 0.000742119 0.000660373 0.000617567 0.00165854 0.000476031 0.000556722 0.000421757 0.00052142 0.00145423 0.00057386 0.00221092 0.000332902 0.000287537 0.00025576 0.000289102 0.000250183 0.000251029 0.000184651 0.000166724 0.000161083 0.000156171 4.68827e-05
threshold=-499085120.99999994 48.661249923706059 15149740.000000002 0.0025073262082729556 55162841.500000007 57.820000076293951 0.049553461246135931 -0.036234515119950288 47.750000762939457 0.98974686646526433 -2.0060586456028591 29.562429428100589 70.825000762939467 69.138749949137392 0.0081151542888892488 0.9135707828888403 0.0012030359913203228 0.00082780704878468198 42.653930664062507 -0.0036643650851735372 35.504072189331062 25428821.500000004 30.41659569860963 0.0032120225874416111 1.1302501906678775
decision_type=2 2 2 2 2 2 2 2 2 2 2 2 2 2 2 2 2 2 2 2 2 2 2 2 2
left_child=1 3 24 7 14 6 -4 -1 -9 16 11 -11 13 -12 -5 -14 17 22 19 -18 -19 -13 -2 -20 -3
right_child=9 2 5 4 -6 -7 -8 8 -10 10 12 21 15 -15 -16 -17 18 20 23 -21 -22 -23 -24 -25 -26
leaf_value=2.9866931334113954e-05 0 0 -4.393717959168281e-05 0.00010235265743771784 -5.7820863740595667e-05 0 -0.00030990472019455374 -7.395851721189881e-05 0 0.00023114983326309266 -6.9894526432009637e-06 -6.0430712690912283e-05 1.6280015925364543e-05 -0.00019192595962509848 0 -1.4373739301525485e-05 0 0 2.9113982617598492e-05 6.3387922738767171e-05 -3.8349349821096537e-05 2.7494858998681615e-05 2.7638913426634279e-05 -6.9940628620827583e-06 3.1658231746405358e-05
leaf_weight=31 172 52 123 109 25 36 42 226 31 31 581 36 666 71 100 414 67 30 157 272 193 24 377 163 42
leaf_count=31 172 52 123 109 25 36 42 226 31 31 581 36 666 71 100 414 67 30 157 272 193 24 377 163 42
internal_value=-7.71675e-07 -2.48644e-05 -6.54713e-05 0 3.77103e-05 -0.000105363 -0.000129956 -3.40997e-05 -5.34928e-05 4.35609e-06 -3.91954e-06 6.22375e-05 -9.13085e-06 -3.17551e-05 6.35069e-05 1.75165e-06 1.69945e-05 9.55354e-07 3.12293e-05 5.05756e-05 -2.29787e-05 0 1.61431e-05 1.35294e-06 0
internal_weight=4071 817 295 522 234 201 165 288 257 3254 1823 91 1732 652 209 1080 1431 772 659 339 223 60 549 320 94
internal_count=4071 817 295 522 234 201 165 288 257 3254 1823 91 1732 652 209 1080 1431 772 659 339 223 60 549 320 94
is_linear=0
shrinkage=0.03


Tree=67
num_leaves=22
num_cat=0
split_feature=36 24 26 26 27 35 36 23 31 29 26 36 25 24 29 29 36 21 21 35 26
split_gain=0.000602439 0.000867852 0.000576645 0.00110658 0.000468201 0.000730451 0.0019396 0.00105347 0.000509261 0.000746332 0.000924642 0.00049928 0.000752504 0.000455683 0.00033869 0.000276455 8.5163e-05 0.00020986 0.000108271 8.13885e-05 9.62991e-06
threshold=-0.014562618718254967 -0.77471572696320723 1.4247020086142232 1.16548932041563 0.036383376062028273 0.015124796847815109 -0.0045836426964354195 -1.1902057881136832 -0.015468328920867134 39.653919570440756 1.0827897706829774 -0.010498788779916045 0.10876027739653966 1.4840949932403393 67.267650715884301 27.284843950864268 -0.0035528477346264825 76.239999834696462 75.664999898274758 0.019746486198344248 1.08547741744607
decision_type=2 2 2 2 2 2 2 2 2 2 2 2 2 2 2 2 2 2 2 2 2
left_child=1 15 3 20 5 16 19 -8 9 10 -6 12 -10 -13 -11 -1 17 -2 -18 -7 -3
right_child=4 2 -4 -5 8 6 7 -9 11 14 -12 13 -14 -15 -16 -17 18 -19 -20 -21 -22
leaf_value=0 -7.302562470760551e-05 -2.7471986573396449e-05 0 -0.00034941720407359399 0 0 0 -0.00030011635328928537 0 -2.2543080114943567e-05 0.00020345434414818041 8.0562815334317828e-06 -0.000193108912394142 -2.8348243289067793e-05 9.4069548277664423e-05 0.0001085907017472266 4.011456493539772e-05 0 0 6.0367700956595014e-05 0
leaf_weight=20 45 35 24 23 28 24 21 41 63 93 49 3009 29 322 29 21 76 20 58 20 21
leaf_count=20 45 35 24 23 28 24 21 41 63 93 49 3009 29 322 29 21 76 20 58 20 21
internal_value=-7.22866e-07 -6.13398e-05 -0.00011329 -0.00015261 7.37492e-07 -3.39037e-05 -9.74755e-05 -0.000210579 4.48365e-06 5.15239e-05 0.00012477 8.71089e-07 -6.65512e-05 3.63579e-06 0 0 0 -2.81625e-05 1.36578e-05 0 -1.78244e-05
internal_weight=4071 144 103 79 3927 305 106 62 3622 199 77 3423 92 3331 122 41 199 65 134 44 56
internal_count=4071 144 103 79 3927 305 106 62 3622 199 77 3423 92 3331 122 41 199 65 134 44 56
is_linear=0
shrinkage=0.03


Tree=68
num_leaves=23
num_cat=0
split_feature=5 32 35 35 25 34 36 30 25 0 33 5 20 0 0 36 3 5 29 25 2 25
split_gain=0.000593425 0.000974981 0.00164931 0.000678741 0.00052614 0.000925964 0.00109152 0.00094332 0.000906661 0.000639229 0.000543368 0.000524665 0.000369325 0.000283113 0.000585727 0.000245321 0.000202502 0.000259104 9.76323e-05 7.85143e-05 7.616e-05 1.09984e-06
threshold=29624162.000000004 -0.028147270627809359 0.018187934223287319 0.021186217971196537 0.10876027739653966 -0.015545857833001218 0.010022970689943586 7.715499018530215 0.24837360076837706 32.746248245239265 0.044121002171604203 28478302.500000004 68.403750419616713 141.0613708496094 52.44688796997071 0.0044600488354861962 48.875000000000007 51036642.500000007 66.854761388234252 0.53673238391284595 43.725000381469734 -0.15436593100546028
decision_type=2 2 2 2 2 2 2 2 2 2 2 2 2 2 2 2 2 2 2 2 2 2
left_child=1 2 21 -4 5 6 7 -2 10 20 12 13 -6 14 -3 -15 17 -10 -11 -18 -7 -1
right_child=4 11 3 -5 8 9 -8 -9 16 18 -12 -13 -14 15 -16 -17 19 -19 -20 -21 -22 -23
leaf_value=0 -0.00020079539615938978 7.9651950026630782e-07 -0.00037556372991234843 0 -0.000229769500505697 0.00019982734879794977 -0.00020079805569646775 1.8683482298897536e-06 -9.8667955332599889e-05 -7.4741949243258436e-06 0 0.00010086831360979529 0 -8.873812643153869e-05 3.9230515507836941e-05 0 2.6330042372850024e-05 0 4.3631365608271891e-05 -3.9306708807351566e-06 0 6.4088055633077969e-06
leaf_weight=30 21 2626 20 27 49 27 34 232 43 70 20 57 25 49 451 42 101 20 44 37 22 24
leaf_count=30 21 2626 20 27 49 27 34 232 43 70 20 57 25 49 451 42 101 20 44 37 22 24
internal_value=-7.38056e-07 3.91232e-06 -8.55434e-05 -0.000217308 -2.55234e-05 0 -3.70963e-05 -3.17321e-06 -5.70041e-05 5.1838e-05 -0.000137178 7.64665e-06 -0.000174633 5.0193e-06 7.40588e-06 -4.26673e-05 -4.54213e-06 -5.43512e-05 0 0 0.000143678 0
internal_weight=4071 3326 101 47 745 450 287 253 295 163 94 3225 74 3168 3077 91 201 63 114 138 49 54
internal_count=4071 3326 101 47 745 450 287 253 295 163 94 3225 74 3168 3077 91 201 63 114 138 49 54
is_linear=0
shrinkage=0.03


Tree=69
num_leaves=18
num_cat=0
split_feature=36 24 26 26 35 27 23 25 33 2 26 26 24 1 35 34 26
split_gain=0.000568695 0.000822129 0.000547608 0.00100906 0.000444897 0.000542982 0.000783832 0.000798734 0.00055072 0.000371019 0.000393169 0.000322491 0.000258505 0.000234788 0.000219261 7.6272e-05 8.15737e-06
threshold=-0.014562618718254967 -0.77471572696320723 1.4247020086142232 1.16548932041563 0.0073891594759252542 0.036383376062028273 -0.37699213929266046 -0.7323807439190716 -0.045933009737487533 61.524999618530281 0.78982810350231347 1.4247020086142232 -1.3425219536756685 62.725000381469734 0.0055903181104953199 -0.038004522292366054 1.08547741744607
decision_type=2 2 2 2 2 2 2 2 2 2 2 2 2 2 2 2 2
left_child=1 12 3 16 9 6 7 -6 -7 10 -2 -10 -1 -11 -15 -8 -3
right_child=4 2 -4 -5 5 8 15 -9 11 13 -12 -13 -14 14 -16 -17 -18
leaf_value=0 0 -2.5706941194227357e-05 0 -0.00033787966176698151 0 0.00010569190870587188 0 -0.00011529684546866141 2.2187289733611981e-06 -6.1664882539172504e-05 0.00013035353086314946 -2.4264123318667103e-05 0.00010500609995830379 0 3.2053070999491279e-05 3.817626288005708e-05 0
leaf_weight=20 31 35 24 23 21 44 39 146 2512 24 60 477 21 179 347 47 21
leaf_count=20 31 35 24 23 21 44 39 146 2512 24 60 477 21 179 347 47 21
internal_value=-7.16115e-07 -5.96131e-05 -0.000110198 -0.000148522 6.81132e-07 -2.97929e-06 -4.52331e-05 -8.55615e-05 0 2.41228e-05 8.55902e-05 -1.00456e-06 0 8.48544e-06 1.73997e-05 0 -1.68108e-05
internal_weight=4071 144 103 79 3927 3286 253 167 3033 641 91 2989 41 550 526 86 56
internal_count=4071 144 103 79 3927 3286 253 167 3033 641 91 2989 41 550 526 86 56
is_linear=0
shrinkage=0.03


Tree=70
num_leaves=26
num_cat=0
split_feature=5 36 22 26 35 0 24 23 28 24 28 5 35 5 24 22 26 28 28 28 26 26 23 2 36
split_gain=0.000558848 0.000796762 0.000826593 0.000614115 0.00108661 0.000707523 0.000453703 0.000707333 0.000667091 0.000382646 0.000645977 0.000683569 0.000610508 0.000813597 0.000905717 0.000510473 0.000501218 0.000458672 0.000366402 0.00101696 0.000617722 0.000236822 0.000226921 0.000222593 4.5384e-05
threshold=20092371.000000004 -0.014562618718254967 39.071922010290812 1.4247020086142232 0.02694305971957588 34.865840911865241 0.21406883177999056 -0.13293776358431583 -1757701034.9999998 0.1287418440995152 278159825.50000006 9444841.5000000019 0.017138976337923641 11623132.500000002 -0.92454584895567182 68.858623601430864 0.90723625807974295 845360697.50000012 49528668.500000007 -682756590.99999988 1.5263531450021588 1.1513899845151165 0.4914552117415632 54.824998855590827 -0.023324514187125733
decision_type=2 2 2 2 2 2 2 2 2 2 2 2 2 2 2 2 2 2 2 2 2 2 2 2 2
left_child=9 2 24 6 5 -5 7 -3 -8 12 11 23 18 -14 -15 22 -13 -17 19 -1 -20 -4 -12 -11 -2
right_child=1 3 21 4 -6 -7 8 -9 -10 10 15 16 13 14 -16 17 -18 -19 20 -21 -22 -23 -24 -25 -26
leaf_value=-1.8013528838232789e-05 -2.9828168639440577e-05 0 0 -0.00017868662680948263 4.5395568126331422e-05 -1.2729231357072893e-05 0.00019162449367845857 -6.6763539218186782e-05 8.6000582380229287e-06 0 0 0 0 0.0002297136987287738 1.4043746152193682e-05 0 -6.8596320825891981e-05 -0.00014907774349280412 3.7536288994113987e-06 7.8004225146337331e-05 -0.00010768877326771852 -0.0002399291034891677 4.0976396511088898e-05 9.6609274296177388e-05 2.9108685035794633e-05
leaf_weight=112 20 570 35 67 39 109 22 178 540 22 179 157 23 47 87 97 298 24 691 211 47 34 401 34 27
leaf_count=112 20 570 35 67 39 109 22 178 540 22 179 157 23 47 87 97 298 24 691 211 47 34 401 34 27
internal_value=-6.76386e-07 -1.48541e-05 -9.30823e-05 -6.93087e-06 -5.39454e-05 -9.30076e-05 0 -1.44986e-05 2.11347e-05 7.66367e-06 -2.14155e-06 -2.98146e-05 1.98828e-05 7.79751e-05 0.000112175 1.37533e-05 -4.57271e-05 -3.18437e-05 8.4529e-06 3.54298e-05 0 -0.000159134 2.84412e-05 4.58498e-05 0
internal_weight=4071 1641 116 1525 215 176 1310 748 562 2430 1212 511 1218 157 134 701 455 121 1061 323 738 69 580 56 47
internal_count=4071 1641 116 1525 215 176 1310 748 562 2430 1212 511 1218 157 134 701 455 121 1061 323 738 69 580 56 47
is_linear=0
shrinkage=0.03


Tree=71
num_leaves=20
num_cat=0
split_feature=28 21 26 36 5 24 34 32 36 34 34 34 30 2 13 22 34 30 36
split_gain=0.000546341 0.00154245 0.000525599 0.000553043 0.000584252 0.000560292 0.00055585 0.000404435 0.000398451 0.00117835 0.000782727 0.000618736 0.000491854 0.000209077 0.000192074 0.000174857 0.000141779 0.000347315 0.000181738
threshold=-826988714.99999988 53.597083346048997 0.98974686646526433 0.016324152257335911 19163145.000000004 0.1287418440995152 -0.038004522292366054 -0.0016188175203925568 0.0025073262082729556 -0.050050719073794152 -0.056039211017338324 -0.033282963000374137 60.79371542594739 71.924999237060561 -89.999999999999986 68.508463156258259 0.0055700278156046732 55.840191843642742 -0.0028694338563929637
decision_type=2 2 2 2 2 2 2 2 2 2 2 2 2 2 2 2 2 2 2
left_child=1 8 7 4 5 -4 -6 16 10 -10 -1 -11 -12 -5 -9 -16 17 -2 -18
right_child=2 -3 3 13 6 -7 -8 14 9 11 12 -13 -14 -15 15 -17 18 -19 -20
leaf_value=9.6223003937934292e-05 -3.9037797075188644e-06 -0.00020588614399241553 2.6623355389350526e-05 0 5.7847581893276839e-06 -1.6015548012180019e-05 -4.4566223541451598e-05 0 -0.00018026161351956515 0.00019414546322734459 -8.1272099810885716e-05 9.1432200122827118e-06 0 0.00012359697138568143 4.0836124558225266e-05 0 0 4.7336791747775295e-05 -6.6088513523309726e-05
leaf_weight=24 352 42 508 36 149 569 612 26 22 24 198 237 141 36 688 168 33 142 64
leaf_count=24 352 42 508 36 149 569 612 26 22 24 198 237 141 36 688 168 33 142 64
internal_value=-6.5507e-07 -2.56075e-05 3.53335e-06 -5.69896e-06 -1.03387e-05 1.31174e-06 -3.07666e-05 1.75407e-05 -9.2133e-06 1.0113e-05 -3.25412e-05 3.77126e-05 -5.05298e-05 7.0985e-05 3.04378e-05 3.40076e-05 0 4.76025e-06 -3.46239e-05
internal_weight=4071 688 3383 1910 1838 1077 761 1473 646 283 363 261 339 72 882 856 591 494 97
internal_count=4071 688 3383 1910 1838 1077 761 1473 646 283 363 261 339 72 882 856 591 494 97
is_linear=0
shrinkage=0.03


Tree=72
num_leaves=18
num_cat=0
split_feature=28 5 21 5 5 34 31 21 34 3 23 23 25 25 28 29 26
split_gain=0.00051153 0.000786317 0.000581124 0.000683216 0.00116236 0.000446604 0.000908431 0.000636529 0.00038935 0.000546176 0.00124228 0.00085746 0.000563463 0.0013484 0.000323352 0.00026107 4.20786e-05
threshold=-499085120.99999994 82190074.000000015 48.661249923706059 15149740.000000002 35389494.000000007 -0.034678745075511323 0.013673127071878512 42.326250012715668 0.072688794514621527 57.875000000000007 -1.9164333259390351 -1.2773109351543679 -0.31737233972977807 -0.52027131783085767 347280674.00000006 91.4453267231995 1.1302501906678775
decision_type=2 2 2 2 2 2 2 2 2 2 2 2 2 2 2 2 2
left_child=1 2 5 16 -5 7 -7 -1 9 10 -2 -12 13 -11 -14 -10 -4
right_child=8 -3 3 4 -6 6 -8 -9 15 12 11 -13 14 -15 -16 -17 -18
leaf_value=0 0.00028815180799965536 -0.00019433446260618751 0 -0.00013046122496989729 0 -3.2665872381863397e-05 6.8851554569354355e-05 0.00016614888436021678 0 2.0849395162289348e-05 -9.0290737245781857e-05 5.1744462219827996e-05 -9.9908764660359903e-07 -7.414714974439674e-05 1.8616578539636339e-05 -0.00014659177861176429 2.9992379856557467e-05
leaf_weight=30 20 26 52 136 55 345 96 35 22 198 38 192 1190 269 1301 24 42
leaf_count=30 20 26 52 136 55 345 96 35 22 198 38 192 1190 269 1301 24 42
internal_value=-5.96803e-07 -2.24211e-05 -1.29544e-05 -4.7947e-05 -8.15314e-05 8.3281e-07 -3.75506e-06 7.80007e-05 3.96137e-06 6.07904e-06 4.91479e-05 1.52109e-05 1.42331e-06 -2.74518e-05 8.04184e-06 -7.83404e-05 0
internal_weight=4071 817 791 285 191 506 441 65 3254 3208 250 230 2958 467 2491 46 94
internal_count=4071 817 791 285 191 506 441 65 3254 3208 250 230 2958 467 2491 46 94
is_linear=0
shrinkage=0.03


Tree=73
num_leaves=24
num_cat=0
split_feature=5 32 35 25 27 25 25 35 0 5 33 21 33 25 25 5 32 3 5 28 1 28 1
split_gain=0.000504967 0.000897336 0.00158895 0.000524791 0.00104878 0.00109483 0.000851671 0.000838797 0.000605809 0.000511205 0.000507327 0.000510307 0.000241425 0.000468083 0.000334262 0.000230152 0.000220112 0.000181221 0.000248536 0.000161441 8.13894e-05 6.98614e-05 0.000222167
threshold=29624162.000000004 -0.028147270627809359 0.019012835914265263 0.10876027739653966 0.12970527006820387 -0.70102961444325174 0.24837360076837706 0.0094482455230274539 32.746248245239265 27844377.000000004 0.044121002171604203 69.931249872843452 0.015007329955822992 0.24837360076837706 -0.31737233972977807 34270301.000000007 0.021572406688532001 48.875000000000007 51036642.500000007 111883541.00000001 86.224998474121108 197968528.50000003 50.824998855590827
decision_type=2 2 2 2 2 2 2 2 2 2 2 2 2 2 2 2 2 2 2 2 2 2 2
left_child=1 2 19 4 5 -2 10 -7 15 12 11 -5 14 -14 -3 -6 -10 18 -8 -1 -19 22 -11
right_child=3 9 -4 6 8 7 17 -9 16 21 -12 -13 13 -15 -16 -17 -18 20 -20 -21 -22 -23 -24
leaf_value=-3.7342286425469974e-05 5.0352088447454352e-05 -2.6934220434451169e-05 -0.00022945108509214916 -0.00022619331047122931 0 0 -9.5024589089117063e-05 -0.00012816857641440805 2.7788930851273079e-05 0 0 0 4.0523745871089472e-05 -1.4234475375919276e-06 4.3293286075404294e-06 0.00014149440056831141 -4.7295543559453185e-05 2.4089905685569421e-05 0 5.6148924077232836e-05 -1.531473449570362e-05 0 0.00016440933274548391
leaf_weight=27 37 361 40 50 21 34 43 135 120 30 20 24 421 270 2074 56 47 118 20 34 20 38 31
leaf_count=27 37 361 40 50 21 34 43 135 120 30 20 24 421 270 2074 56 47 118 20 34 20 38 31
internal_value=-5.64247e-07 3.6687e-06 -8.208e-05 -2.34862e-05 0 -5.27325e-05 -5.47107e-05 -9.30588e-05 3.89747e-05 7.28683e-06 -0.000132314 -0.000168506 4.13729e-06 1.97946e-05 0 0.000109 0 -3.45272e-06 -5.12129e-05 0 0 7.63589e-05 0.000102401
internal_weight=4071 3326 101 745 450 206 295 169 244 3225 94 74 3126 691 2435 77 167 201 63 61 138 99 61
internal_count=4071 3326 101 745 450 206 295 169 244 3225 94 74 3126 691 2435 77 167 201 63 61 138 99 61
is_linear=0
shrinkage=0.03


Tree=74
num_leaves=21
num_cat=0
split_feature=36 0 28 24 5 28 26 0 0 23 23 23 28 32 0 0 5 23 27 27
split_gain=0.000484273 0.000911752 0.00109626 0.000645299 0.00054302 0.000374407 0.0010064 0.00094038 0.000638497 0.00054562 0.000927814 0.000478522 0.000352758 0.000595603 0.000374823 0.000449166 0.000368765 0.000230277 0.000108751 8.40539e-05
threshold=-0.014562618718254967 59.997167587280281 -918228049.99999988 0.19825008917043394 36916592.500000007 347280674.00000006 1.3740933516752984 30.122159004211429 34.865840911865241 -1.9164333259390351 -1.1217821251715703 -2.1228339217701335 938649228.00000012 0.0040045597421497501 42.778907775878913 134.66337585449222 29373686.500000004 0.22503038518501486 0.18341194463150332 0.26217995256155108
decision_type=2 2 2 2 2 2 2 2 2 2 2 2 2 2 2 2 2 2 2 2
left_child=1 2 4 -4 -1 6 9 11 -9 18 -11 -8 13 17 19 -16 -15 -7 -2 -14
right_child=5 -3 3 -5 -6 12 7 8 -10 10 -12 -13 14 16 15 -17 -18 -19 -20 -21
leaf_value=0 0.00016654001802682733 -0.00023834746116055888 0.00014499864044850063 0 -0.00021156851274096251 -1.2607364819778468e-05 0.00013431907207936856 -0.00016741919805432059 -7.6397652452207943e-07 -7.7047282038574566e-05 2.6185770439450703e-06 -2.1348854464767086e-05 0 5.9504657462109526e-05 -0.00010297524552196251 0 0 2.1335750143921882e-05 0 2.643305383775277e-05
leaf_weight=34 21 22 40 21 27 367 22 86 80 139 1897 70 58 401 69 124 99 327 21 146
leaf_count=34 21 22 40 21 27 367 22 86 80 139 1897 70 58 401 69 124 99 327 21 146
internal_value=-5.16258e-07 -5.49376e-05 0 6.55229e-05 -0.000108879 7.16755e-07 -6.08881e-06 -6.20073e-05 -0.000105214 0 -1.35041e-06 0 1.25943e-05 2.15061e-05 -6.65219e-06 -4.12443e-05 4.665e-05 0 0.000107591 1.13801e-05
internal_weight=4071 144 122 61 61 3927 2336 258 166 2078 2036 92 1591 1194 397 193 500 694 42 204
internal_count=4071 144 122 61 61 3927 2336 258 166 2078 2036 92 1591 1194 397 193 500 694 42 204
is_linear=0
shrinkage=0.03


Tree=75
num_leaves=18
num_cat=0
split_feature=35 28 5 3 26 24 36 30 4 25 2 26 1 35 36 28 35
split_gain=0.000466694 0.000466092 0.000651762 0.000564261 0.000925629 0.000732299 0.000464903 0.000478166 0.00100562 0.000502707 0.000354953 0.000372264 0.000212569 0.000203151 0.000184176 0.000171585 0.00010089
threshold=0.0073891594759252542 -499085120.99999994 82190074.000000015 40.524999618530281 1.2168077413203771 -1.3103122343434401 0.021409472880061117 90.645573198386771 70.474998474121108 -0.31737233972977807 61.524999618530281 0.78982810350231347 62.725000381469734 0.0055903181104953199 -0.00058740862941297756 1012611610.0000001 0.032074765444498866
decision_type=2 2 2 2 2 2 2 2 2 2 2 2 2 2 2 2 2
left_child=10 2 3 4 -2 -5 7 9 -9 -3 11 -1 -12 14 -14 -15 -8
right_child=1 6 -4 5 -6 -7 16 8 -10 -11 12 -13 13 15 -16 -17 -18
leaf_value=0 0 -2.7016824840663623e-05 -0.00018644032197008873 -0.00021099323156111992 0.00016317150718737336 -2.009206670158209e-05 0.00015484115806374017 -0.0001826999022174241 0 7.8022318826955291e-06 -6.0830655728980763e-05 0.00012517440229309134 1.737143866142037e-05 3.8890795175392155e-05 -3.8420469464318482e-05 0 0
leaf_weight=31 151 450 26 24 34 562 21 40 63 2039 24 60 84 307 95 40 20
leaf_count=31 151 450 26 24 34 562 21 40 63 2039 24 60 84 307 95 40 20
internal_value=-5.35165e-07 -5.63483e-06 -2.57467e-05 -1.64137e-05 2.01084e-05 -3.30638e-05 0 -1.13255e-06 -6.48395e-05 3.01016e-07 2.20704e-05 8.16035e-05 6.75373e-06 1.55507e-05 0 2.98879e-05 0.000100496
internal_weight=4071 3430 797 771 185 586 2633 2592 103 2489 641 91 550 526 179 347 41
internal_count=4071 3430 797 771 185 586 2633 2592 103 2489 641 91 550 526 179 347 41
is_linear=0
shrinkage=0.03


Tree=76
num_leaves=18
num_cat=0
split_feature=36 0 28 22 5 35 27 23 22 34 24 23 2 26 1 35 34
split_gain=0.000461217 0.000847389 0.00102831 0.000847911 0.000500301 0.000344567 0.000431949 0.000691154 0.000710201 0.000447271 0.00143669 0.000916085 0.000333964 0.000350768 0.000200418 0.000189698 7.85641e-05
threshold=-0.014562618718254967 59.997167587280281 -918228049.99999988 39.071922010290812 36916592.500000007 0.0073891594759252542 0.036383376062028273 -0.37699213929266046 26.943951690511561 -0.039974652829509953 -1.5090734650935562 -1.5869454562833238 61.524999618530281 0.78982810350231347 62.725000381469734 0.0055903181104953199 -0.038004522292366054
decision_type=2 2 2 2 2 2 2 2 2 2 2 2 2 2 2 2 2
left_child=1 2 4 -4 -1 12 7 8 -7 10 -8 -11 13 -2 -14 -16 -9
right_child=5 -3 3 -5 -6 6 9 16 -10 11 -12 -13 14 -15 15 -17 -18
leaf_value=0 0 -0.00023080066452158413 0.00019615051198761436 0 -0.0002046213686836512 0 0.0002643108331159731 0 -0.00012045518115401952 -7.6380156771820701e-05 0 7.5977180211306228e-07 -5.9013309931050177e-05 0.00012142541480842224 0 2.8855986053014597e-05 3.8745641409179224e-05
leaf_weight=34 31 22 26 35 27 52 24 39 115 143 136 2730 24 60 179 347 47
leaf_count=34 31 22 26 35 27 52 24 39 115 143 136 2730 24 60 179 347 47
internal_value=-5.33978e-07 -5.36388e-05 0 6.28143e-05 -0.000105837 6.50728e-07 -2.47097e-06 -4.01901e-05 -7.85436e-05 0 4.93942e-05 -2.03813e-06 2.1331e-05 7.91302e-05 6.3017e-06 1.49948e-05 0
internal_weight=4071 144 122 61 61 3927 3286 253 167 3033 160 2873 641 91 550 526 86
internal_count=4071 144 122 61 61 3927 3286 253 167 3033 160 2873 641 91 550 526 86
is_linear=0
shrinkage=0.03


Tree=77
num_leaves=19
num_cat=0
split_feature=36 0 28 22 31 33 0 0 35 23 26 28 20 36 35 34 24 30
split_gain=0.000441837 0.000789895 0.0009689 0.000803148 0.000445576 0.00116445 0.000993031 0.00185672 0.000829732 0.000411317 0.000373695 0.00103847 0.000428017 0.00034647 0.000233655 0.000185585 9.82824e-05 1.62708e-05
threshold=-0.014562618718254967 59.997167587280281 -918228049.99999988 39.071922010290812 -0.015468328920867134 -0.027506107662314924 40.286785125732429 30.122159004211429 0.022176786242234126 0.72424322688207365 0.98974686646526433 -1757701034.9999998 39.108749866485603 -0.0099808688747940726 0.027412905047743838 1.0000000180025095e-35 -0.066168679241012399 40.381139272722685
decision_type=2 2 2 2 2 2 2 2 2 2 2 2 2 2 2 2 2 2
left_child=1 2 14 -4 8 6 7 -6 9 13 12 -12 -7 -2 -1 -11 -8 -10
right_child=4 -3 3 -5 5 10 16 -9 17 15 11 -13 -14 -15 -16 -17 -18 -19
leaf_value=0 5.3839008870623702e-05 -0.00022390799346691778 0.00019028854684839986 0 0 -8.0450381419978261e-05 6.3264915649568424e-05 -0.00020466106614162448 0.00023943127135775714 0.00011591492043650607 0.00011310314342998874 -1.1844763843325329e-05 1.7169724996174871e-05 -3.6284124379812365e-05 -0.00014831183821527416 0 0 0
leaf_weight=22 37 22 26 35 58 32 22 86 20 40 59 1765 1556 157 39 20 55 20
leaf_count=22 37 22 26 35 58 32 22 86 20 40 59 1765 1556 157 39 20 55 20
internal_value=-5.03351e-07 -5.24933e-05 0 6.03102e-05 6.40444e-07 -1.44867e-06 -6.86374e-05 -0.00011589 3.66483e-05 4.03013e-06 2.02589e-06 -6.15251e-06 1.33086e-05 -3.62086e-06 -0.000103124 7.865e-05 0 0.000168434
internal_weight=4071 144 122 61 3927 3633 221 144 294 254 3412 1824 1588 194 61 60 77 40
internal_count=4071 144 122 61 3927 3633 221 144 294 254 3412 1824 1588 194 61 60 77 40
is_linear=0
shrinkage=0.03


Tree=78
num_leaves=26
num_cat=0
split_feature=5 4 23 35 1 5 0 27 0 31 25 4 5 36 35 23 5 35 23 4 36 26 5 23 30
split_gain=0.00043372 0.000498743 0.000834052 0.000717157 0.00115586 0.00151437 0.000702985 0.000850207 0.000536998 0.000433106 0.000358221 0.000716151 0.000976437 0.00116971 0.000367266 0.000937645 0.000869071 0.000489478 0.000581773 0.000337009 0.000219668 0.000396142 0.000184458 0.000138909 6.47222e-05
threshold=25666774.500000004 51.425001144409187 -2.1228339217701335 0.032074765444498866 48.625000000000007 35101912.000000007 56.118263244628913 0.96523463481383842 29.477478027343754 -0.015878501974959599 -0.40533074343966341 73.474998474121108 14423676.500000002 0.00079937930364603672 0.014028430357153168 -0.89405457729097992 21505529.500000004 0.010926992721910089 2.216181010292154 83.02500152587892 0.0012726511518689457 2.596548497279985 13600052.500000002 -0.1212309764109598 62.484786284606265
decision_type=2 2 2 2 2 2 2 2 2 2 2 2 2 2 2 2 2 2 2 2 2 2 2 2 2
left_child=10 3 -3 4 5 -2 9 -8 -6 -4 11 12 -1 -14 17 16 -16 22 -19 -17 21 -13 -12 -22 -5
right_child=1 2 6 24 8 -7 7 -9 -10 -11 14 20 13 -15 15 19 -18 18 -20 -21 23 -23 -24 -25 -26
leaf_value=0 -6.3132231619208342e-05 0.00017256628856510405 5.2053382052726476e-05 -0.00020197160738026802 0 9.4626355302900476e-05 -0.0001613568531580887 0 -0.00023651005819649515 -1.1234900303886766e-05 2.1392465547976378e-05 8.8805671425653602e-05 -0.00028056710594309827 0 0.00016090475565662561 0 0 -7.7599477176928833e-06 -0.00014632356800855351 5.7063001796647425e-05 -7.4739753981001091e-05 0 0 0 0
leaf_weight=20 100 23 122 35 25 108 56 27 28 467 754 64 35 35 82 514 37 561 35 101 31 26 717 42 26
leaf_count=20 100 23 122 35 25 108 56 27 28 467 754 64 35 35 82 514 37 561 35 101 31 26 717 42 26
internal_value=-4.56614e-07 -1.80533e-05 0 -4.92213e-05 -1.41445e-05 4.37084e-06 -9.66243e-06 -9.14804e-05 -0.000143177 0 4.4213e-06 -2.71765e-05 -9.60638e-05 -0.000156197 8.34724e-06 2.67538e-05 0.000106207 3.58706e-07 -2.0953e-05 6.48799e-06 0 4.06651e-05 1.10336e-05 -2.58131e-05 -0.000149935
internal_weight=4071 1017 695 322 261 208 672 83 53 589 3054 253 90 70 2801 734 119 2067 596 615 163 90 1471 73 61
internal_count=4071 1017 695 322 261 208 672 83 53 589 3054 253 90 70 2801 734 119 2067 596 615 163 90 1471 73 61
is_linear=0
shrinkage=0.03


Tree=79
num_leaves=21
num_cat=0
split_feature=36 0 20 22 5 28 4 35 19 21 29 25 28 32 0 0 5 23 22 34
split_gain=0.000416696 0.000722178 0.000888776 0.000905394 0.000526351 0.000332591 0.000381438 0.000485242 0.000499894 0.000473752 0.000721628 0.000572633 0.000331143 0.000558384 0.000340322 0.000427287 0.000338141 0.000209554 0.000126853 0.000101283
threshold=-0.014562618718254967 59.997167587280281 56.296250343322761 39.071922010290812 36916592.500000007 347280674.00000006 66.924999237060561 0.011017628487090944 77.009999847412118 64.242499955495205 43.476497367536957 -0.4161242156281873 938649228.00000012 0.0040045597421497501 42.778907775878913 134.66337585449222 29373686.500000004 0.22503038518501486 50.485972135512448 -0.013528738201676658
decision_type=2 2 2 2 2 2 2 2 2 2 2 2 2 2 2 2 2 2 2 2
left_child=1 2 4 -4 -1 6 9 18 -9 11 -11 -2 13 17 19 -16 -15 -7 -8 -14
right_child=5 -3 3 -5 -6 12 7 8 -10 10 -12 -13 14 16 15 -17 -18 -19 -20 -21
leaf_value=0 -7.5877416275789859e-05 -0.00021531959569473576 0.00020730137454149701 0 -0.00018702063713365067 -1.2304754887123202e-05 3.3715879533706735e-05 -7.9088281792526066e-05 0 7.5700078112964905e-05 0 0 0 5.7139968331062317e-05 -9.9881866584766485e-05 0 0 2.0165714961773088e-05 -1.1163592197516122e-05 2.629172248805059e-05
leaf_weight=35 101 22 24 33 30 367 83 209 98 176 188 1323 44 401 69 124 99 327 158 160
leaf_count=35 101 22 24 33 30 367 83 209 98 176 188 1323 44 401 69 124 99 327 158 160
internal_value=-4.96492e-07 -5.09896e-05 0 6.21865e-05 -9.43148e-05 5.9238e-07 -5.7781e-06 -2.77243e-05 -5.28573e-05 0 3.14301e-05 -6.84379e-06 1.18312e-05 2.05182e-05 -6.73929e-06 -3.97304e-05 4.48342e-05 0 0 9.77842e-06
internal_weight=4071 144 122 57 65 3927 2336 548 307 1788 364 1424 1591 1194 397 193 500 694 241 204
internal_count=4071 144 122 57 65 3927 2336 548 307 1788 364 1424 1591 1194 397 193 500 694 241 204
is_linear=0
shrinkage=0.03


Tree=80
num_leaves=19
num_cat=0
split_feature=36 0 20 22 31 33 0 0 23 26 0 34 27 36 0 22 34 24
split_gain=0.000397933 0.000673257 0.000833789 0.000857856 0.000426663 0.00106642 0.000930028 0.00173696 0.000490741 0.000341657 0.000652066 0.000401231 0.000337314 0.000329903 0.000375187 0.000336846 0.000250388 9.0963e-05
threshold=-0.014562618718254967 59.997167587280281 56.296250343322761 39.071922010290812 -0.015468328920867134 -0.027506107662314924 40.286785125732429 30.122159004211429 0.50049736393597766 0.98974686646526433 27.754137039184574 0.033483458198535716 0.30660766036646386 -0.0099808688747940726 37.260684967041023 38.191375026894718 -0.008656611129202128 -0.066168679241012399
decision_type=2 2 2 2 2 2 2 2 2 2 2 2 2 2 2 2 2 2
left_child=1 2 12 -4 8 6 7 -6 13 11 -11 -7 -1 15 -15 -2 -10 -8
right_child=4 -3 3 -5 5 9 17 -9 16 10 -12 -13 -14 14 -16 -17 -18 -19
leaf_value=-0.00015148418940129284 0.00015613250599058701 -0.00020888924049803503 0.00020110813790968191 0 0 5.1048085440054222e-06 6.0863573716772172e-05 -0.00019749047218682814 0.0001472862680437367 7.2509368277831252e-05 -1.1408404635437054e-05 5.9224068949835879e-05 0 7.4436567471979242e-07 -7.7636140319935508e-05 0 0 0
leaf_weight=37 24 22 24 33 58 1424 22 86 48 81 1743 164 28 105 58 23 36 55
leaf_count=37 24 22 24 33 58 1424 22 86 48 81 1743 164 28 105 58 23 36 55
internal_value=-5.48802e-07 -4.98712e-05 0 5.95726e-05 4.97111e-07 -1.53301e-06 -6.58187e-05 -0.000111605 3.57762e-05 1.75345e-06 -6.03338e-06 1.25864e-05 -9.17293e-05 0 -8.78251e-06 7.76968e-05 9.86289e-05 0
internal_weight=4071 144 122 57 3927 3633 221 144 294 3412 1824 1588 65 210 163 47 84 77
internal_count=4071 144 122 57 3927 3633 221 144 294 3412 1824 1588 65 210 163 47 84 77
is_linear=0
shrinkage=0.03


Tree=81
num_leaves=19
num_cat=0
split_feature=5 28 35 23 5 33 2 0 31 31 23 24 30 33 33 0 30 31
split_gain=0.000397412 0.000486179 0.00104548 0.000795001 0.000616123 0.000674573 0.000623145 0.000591083 0.000649104 0.000447623 0.000325429 0.000930178 0.000869602 0.000324977 0.00043484 0.0002421 0.000158592 0.000156609
threshold=25666774.500000004 -826988714.99999988 0.032074765444498866 -2.0060586456028591 35101912.000000007 0.0085793211699047873 46.625000000000007 56.118263244628913 0.011545583278015805 -0.015878501974959599 -1.5869454562833238 -1.2272031637276082 53.119648927676558 0.05004174596912981 0.021563599630466283 28.930084228515629 27.536096281581703 -0.0038570523575955358
decision_type=2 2 2 2 2 2 2 2 2 2 2 2 2 2 2 2 2 2
left_child=10 2 4 -3 5 -2 -6 9 -9 -5 12 17 15 14 -13 -1 -17 -12
right_child=1 3 -4 7 6 -7 -8 8 -10 -11 11 13 -14 -15 -16 16 -18 -19
leaf_value=9.1783261412282648e-05 -0.0001266348683122498 0.00013411723394454337 -0.00016546422194403903 5.0555808058910128e-05 8.764399194412611e-05 0 -2.4322042843908859e-05 -0.00014759477963709118 0 -1.3666235856132109e-05 0 0 -0.00018085294456508913 -0.00010647397760166974 3.9318393514210135e-05 0 -6.4371395893472367e-05 0.00012696723441199998
leaf_weight=22 69 35 61 122 78 40 43 55 28 486 21 2531 30 22 296 22 42 68
leaf_count=22 69 35 61 122 78 40 43 55 28 486 21 2531 30 22 296 22 42 68
internal_value=-4.62905e-07 -1.73282e-05 -5.05198e-05 0 -6.9381e-06 -6.77651e-05 2.30943e-05 -1.10341e-05 -8.61055e-05 0 4.17142e-06 7.00488e-06 -4.16976e-05 2.92989e-06 4.84618e-06 0 -2.22439e-05 0.000103631
internal_weight=4071 1017 291 726 230 109 121 691 83 608 3054 2938 116 2849 2827 86 64 89
internal_count=4071 1017 291 726 230 109 121 691 83 608 3054 2938 116 2849 2827 86 64 89
is_linear=0
shrinkage=0.03


Tree=82
num_leaves=24
num_cat=0
split_feature=5 32 35 5 30 26 34 31 33 35 29 28 35 28 30 23 23 27 28 33 28 23 26
split_gain=0.000380379 0.000749978 0.00145529 0.000520585 0.000476469 0.000977943 0.000779762 0.00109938 0.000791029 0.000651697 0.00095777 0.000358641 0.000283467 0.000280594 0.000230455 0.000783351 0.000759668 0.000187587 0.000164856 0.000154954 0.000145169 1.16559e-05 7.74883e-06
threshold=29624162.000000004 -0.028147270627809359 0.019012835914265263 28478302.500000004 68.523870857348996 1.0095984607832904 -0.015545857833001218 -0.015468328920867134 -0.042540774937775354 0.016456438441649766 52.150710029833412 -918228049.99999988 0.014028430357153168 197968528.50000003 26.743550336775169 -1.5318196908265589 -1.5869454562833238 0.91167299022929671 -1679994208.9999998 0.021837479729304058 111883541.00000001 1.3553743932330458 0.96468764353014846
decision_type=2 2 2 2 2 2 2 2 2 2 2 2 2 2 2 2 2 2 2 2 2 2 2
left_child=1 2 20 14 6 12 7 11 -9 19 -11 -2 -6 18 15 -3 -16 -14 -7 -8 -1 -15 -5
right_child=4 3 -4 22 5 13 9 8 -10 10 -12 -13 17 21 16 -17 -18 -19 -20 -21 -22 -23 -24
leaf_value=-3.0031774985188149e-05 -3.5736243159354283e-05 0.00014205735663224935 -0.00021653182221056331 0 7.5636170457166535e-05 0 0 0 -0.00013244635398119105 0 0.00015155015854199542 5.0110004094549311e-05 0 0 -8.8545409282176632e-05 4.5274057442585785e-06 3.1085935397726755e-06 -7.7919591321125905e-05 -0.00017892062868081658 -6.3033246676015664e-05 5.5809230859462393e-05 -2.1787037423967764e-05 0.00012333680558516678
leaf_weight=27 45 47 40 20 41 24 44 31 117 49 78 107 21 37 84 519 2518 31 63 35 34 22 37
leaf_count=27 45 47 40 20 41 24 44 31 117 49 78 107 21 37 84 519 2518 31 63 35 34 22 37
internal_value=-4.25186e-07 3.14783e-06 -7.51107e-05 6.53118e-06 -2.04013e-05 -5.55924e-05 0 -3.44688e-05 -9.52004e-05 4.09279e-05 8.5621e-05 4.96434e-06 0 -0.000105271 3.92101e-06 2.12702e-05 0 -1.95898e-05 -0.000146589 0 0 0 9.8801e-05
internal_weight=4071 3326 101 3225 745 239 506 300 148 206 127 152 93 146 3168 566 2602 52 87 79 61 59 57
internal_count=4071 3326 101 3225 745 239 506 300 148 206 127 152 93 146 3168 566 2602 52 87 79 61 59 57
is_linear=0
shrinkage=0.03


Tree=83
num_leaves=23
num_cat=0
split_feature=28 21 5 24 28 30 31 21 30 27 22 36 26 30 21 19 19 25 0 36 24 19
split_gain=0.000369467 0.000694666 0.000841435 0.00061945 0.000661302 0.0006233 0.00086247 0.000598256 0.000529924 0.000952312 0.000500932 0.00040756 0.000395945 0.000394799 0.000824098 0.000405423 0.000694058 0.000424412 0.000167896 6.98195e-05 9.82793e-05 1.77413e-05
threshold=-499085120.99999994 48.661249923706059 15149740.000000002 -0.029960307332531046 -1757701034.9999998 39.048156724928511 0.013673127071878512 43.340833441416429 67.422409780126728 -0.01077250542196955 53.665260164161417 0.021409472880061117 1.0431832544152406 90.645573198386771 66.747500197092705 58.370000076293955 56.964999771118173 -0.31737233972977807 41.569377899169929 0.0034223325714625732 0.18604485512775101 51.329999160766612
decision_type=2 2 2 2 2 2 2 2 2 2 2 2 2 2 2 2 2 2 2 2 2 2
left_child=1 3 19 5 10 12 -7 -6 9 -4 -5 13 -1 15 18 16 -2 -17 -15 20 -3 -10
right_child=11 2 8 4 7 6 -8 -9 21 -11 -12 -13 -14 14 -16 17 -18 -19 -20 -21 -22 -23
leaf_value=-1.9991433019266866e-05 0 6.9746651868369579e-05 0 0 -5.2860858168761461e-05 -0.00012776038220860007 0 4.5384175415220853e-05 1.3196013859419277e-08 -0.00016107638658273144 0.00024080049453678161 9.8555814330364121e-05 8.7880445176939033e-05 -0.000244066633515185 0 -2.4845779161416776e-05 0.00011495101870380699 6.2229739976532098e-06 0 0 0 -2.1328519473576706e-05
leaf_weight=78 155 31 28 20 79 98 28 154 22 116 23 41 42 20 82 469 79 2386 22 40 23 35
leaf_count=78 155 31 28 20 79 98 28 154 22 116 23 41 42 20 82 469 79 2386 22 40 23 35
internal_value=-3.7516e-07 -1.9026e-05 -5.58651e-05 0 3.26006e-05 -3.27567e-05 -8.0887e-05 0 -9.13535e-05 -0.000122296 0.000143588 3.38615e-06 0 1.23501e-06 -4.95371e-05 4.24582e-06 4.23848e-05 6.77676e-08 -0.000157642 0 3.40809e-05 0
internal_weight=4071 817 295 522 276 246 126 233 201 144 43 3254 120 3213 124 3089 234 2855 42 94 54 57
internal_count=4071 817 295 522 276 246 126 233 201 144 43 3254 120 3213 124 3089 234 2855 42 94 54 57
is_linear=0
shrinkage=0.03


Tree=84
num_leaves=22
num_cat=0
split_feature=5 25 32 32 36 30 36 32 34 22 34 25 26 35 25 3 23 25 33 30 28
split_gain=0.000359681 0.000493603 0.0017892 0.000707045 0.000575907 0.000729413 0.000695074 0.000317994 0.000408657 0.00129004 0.000387696 0.000299254 0.000510543 0.000399134 0.00027692 0.000579507 0.000309046 0.000267049 0.000219809 0.00063917 0.000153699
threshold=25666774.500000004 -0.7323807439190716 -0.018084511918768028 -0.05483290939265794 -0.0079168673018036716 23.694659997253947 -0.0021119750510873998 0.0038363455820332741 0.0014614877878944557 41.54682065587842 0.017286972512852054 -0.19069793714870706 1.2698789301092541 0.016651667049174635 -0.4161242156281873 73.52500152587892 -1.1381477121978987 0.24837360076837706 0.015299300791409067 23.988446358624525 -322673211.99999994
decision_type=2 2 2 2 2 2 2 2 2 2 2 2 2 2 2 2 2 2 2 2 2
left_child=7 2 -2 -3 5 -5 -6 8 14 -10 -11 18 17 -14 15 -1 -16 -13 19 -9 -20
right_child=1 3 -4 4 6 -7 -8 11 9 10 -12 12 13 -15 16 -17 -18 -19 20 -21 -22
leaf_value=-0.00010201418836161418 0.0002719960070342691 -0.00016742237944625688 -3.1747970062850115e-05 -0.00016579341514399943 4.7776756827306085e-05 -4.6904782480133925e-06 -1.9215709163993836e-05 0 -0.00019344797756884943 -2.846810065884248e-05 1.5707888046625294e-05 4.6178763644725712e-05 -4.0273711461553149e-05 3.7843127141082476e-05 8.2717693712849874e-05 0 6.2363386092517226e-06 0 0 -9.5536441569339471e-05 5.7624201604706551e-05
leaf_weight=59 24 34 20 50 184 149 556 68 39 395 242 599 167 66 65 94 911 199 20 84 46
leaf_count=59 24 34 20 50 184 149 556 68 39 395 242 599 167 66 65 94 911 199 20 84 46
internal_value=-3.17163e-07 -1.64073e-05 6.61444e-05 -2.32297e-05 -1.47969e-05 -6.02993e-05 0 4.05903e-06 -2.61767e-06 -2.21989e-05 -6.97672e-06 1.61091e-05 2.38031e-05 -5.26944e-06 6.45074e-06 -2.47114e-05 1.44113e-05 3.60502e-05 -6.51772e-06 -3.55612e-05 1.49371e-05
internal_weight=4071 1017 44 973 939 199 740 3054 1805 676 637 1249 1031 233 1129 153 976 798 218 152 66
internal_count=4071 1017 44 973 939 199 740 3054 1805 676 637 1249 1031 233 1129 153 976 798 218 152 66
is_linear=0
shrinkage=0.03


Tree=85
num_leaves=24
num_cat=0
split_feature=35 33 23 31 33 31 26 23 28 22 21 1 27 22 35 29 2 26 31 21 31 35 28
split_gain=0.000347159 0.000419538 0.000443674 0.000594212 0.000601614 0.000540024 0.000711917 0.000472002 0.000388615 0.000640586 0.000863443 0.000493829 0.000457346 0.000475362 0.000458945 0.000336099 0.00032424 0.000326161 0.000195347 0.000184102 0.000190185 0.000252424 1.48163e-05
threshold=0.0073891594759252542 -0.013641498443302811 0.51074758058291547 -0.0030843437740842856 -0.017466611426269704 -0.0073431160529304198 1.403420495333807 -1.9164333259390351 -1064403503.4999999 52.918748015280805 69.138749949137392 72.474998474121108 0.76168331232698527 39.071922010290812 0.022984945665474436 21.024201766415285 61.524999618530281 0.78982810350231347 0.0040921799747800644 63.575416755676279 -0.00067795603333586907 0.0055903181104953199 770642882.50000012
decision_type=2 2 2 2 2 2 2 2 2 2 2 2 2 2 2 2 2 2 2 2 2 2 2
left_child=16 2 5 4 -4 6 -2 -7 12 10 -10 -11 13 -3 -14 -5 17 -1 -19 -18 22 -22 -21
right_child=1 8 3 15 -6 7 -8 -9 9 11 -12 -13 14 -15 -16 -17 19 18 -20 20 21 -23 -24
leaf_value=0 -2.4655801274894045e-05 0 8.7080509971901879e-05 0 -7.7600879203005398e-07 0.0001097734900563458 -0.00015027749450804932 -1.7863546888209887e-05 5.7588513313159737e-05 -2.5472114729584143e-05 0 9.6845494810162846e-06 7.6980246566296973e-05 -7.6269854542366527e-05 -3.4539541925801708e-05 -0.00013614368005535423 -4.3578376930248808e-05 0.00015669628131079099 0 0 0 5.1606695104503877e-05 -1.3325141438891996e-05
leaf_weight=31 279 56 116 24 32 28 80 270 418 660 502 643 61 191 43 27 40 40 20 151 97 187 75
leaf_count=31 279 56 116 24 32 28 80 270 418 660 502 643 61 191 43 27 40 40 20 151 97 187 75
internal_value=-2.98216e-07 -4.79811e-06 -2.30922e-05 4.46894e-06 4.78402e-05 -3.60051e-05 -6.10378e-05 0 1.20904e-07 5.89056e-06 2.57378e-05 -5.82151e-06 -2.78669e-05 -5.26059e-05 2.06377e-06 -6.25317e-05 1.90983e-05 7.52053e-05 0.000116006 4.3496e-06 1.39977e-05 3.08915e-05 0
internal_weight=4071 3430 856 199 148 657 359 298 2574 2223 920 1303 351 247 104 51 641 91 60 550 510 284 226
internal_count=4071 3430 856 199 148 657 359 298 2574 2223 920 1303 351 247 104 51 641 91 60 550 510 284 226
is_linear=0
shrinkage=0.03


Tree=86
num_leaves=18
num_cat=0
split_feature=36 0 28 22 31 33 0 0 35 23 25 25 34 36 35 34 24
split_gain=0.000330735 0.000659743 0.000712948 0.000672045 0.000424909 0.000933333 0.000853004 0.0016078 0.000830631 0.000350617 0.000320733 0.000675455 0.000500167 0.000305481 0.000192016 0.000144537 8.81128e-05
threshold=-0.014562618718254967 59.997167587280281 -918228049.99999988 39.071922010290812 -0.015468328920867134 -0.027506107662314924 40.286785125732429 30.122159004211429 0.022176786242234126 0.72424322688207365 0.10876027739653966 0.16857486571520922 0.03103506201883344 -0.0099808688747940726 0.027412905047743838 1.0000000180025095e-35 -0.066168679241012399
decision_type=2 2 2 2 2 2 2 2 2 2 2 2 2 2 2 2 2
left_child=1 2 14 -4 8 6 7 -6 9 13 12 -12 -7 -2 -1 -11 -8
right_child=4 -3 3 -5 5 10 16 -9 -10 15 11 -13 -14 -15 -16 -17 -18
leaf_value=0 4.9662670239679397e-05 -0.00020073087821183597 0.00017261407355896339 0 0 4.5464869676876572e-06 5.9902452731007756e-05 -0.00018832695631891205 0.00016721274161183257 0.00010554408763873244 -5.0220655114853367e-05 0 7.2754906282988693e-05 -3.4314156587187909e-05 -0.00012810262612743324 0 0
leaf_weight=22 37 22 26 35 58 1913 22 86 40 40 280 1104 115 157 39 20 55
leaf_count=22 37 22 26 35 58 1913 22 86 40 40 280 1104 115 157 39 20 55
internal_value=-3.06e-07 -4.53763e-05 0 5.31842e-05 5.83885e-07 -1.43848e-06 -6.16005e-05 -0.000105593 3.57672e-05 3.20304e-06 1.58076e-06 -8.43743e-06 9.89694e-06 -2.82467e-06 -8.75963e-05 7.25817e-05 0
internal_weight=4071 144 122 61 3927 3633 221 144 294 254 3412 1384 2028 194 61 60 77
internal_count=4071 144 122 61 3927 3633 221 144 294 254 3412 1384 2028 194 61 60 77
is_linear=0
shrinkage=0.03


Tree=87
num_leaves=19
num_cat=0
split_feature=5 34 28 21 23 0 36 23 30 5 23 36 1 22 31 0 32 36
split_gain=0.000332027 0.000447571 0.000448399 0.00108366 0.000661787 0.000603933 0.000489082 0.000296404 0.000782771 0.000379959 0.000377854 0.000290652 0.000341715 0.000284669 0.000243179 0.000213704 0.000468397 0.000197105
threshold=25666774.500000004 0.079414432873510812 -826988714.99999988 53.155000019073491 -2.0060586456028591 56.118263244628913 0.0013097382319322067 -1.5869454562833238 53.119648927676558 22486019.000000004 -1.2190331330588788 0.0015009829464569943 54.675001144409187 38.811885583955792 -0.0031893924908121814 28.930084228515629 -1.0000000180025095e-35 -0.00058740862941297756
decision_type=2 2 2 2 2 2 2 2 2 2 2 2 2 2 2 2 2 2
left_child=7 2 3 6 -4 -6 -2 8 15 10 14 17 -13 -12 -9 -1 -17 -11
right_child=1 -3 4 -5 5 -7 -8 9 -10 11 13 12 -14 -15 -16 16 -18 -19
leaf_value=8.6182395093210395e-05 1.3987312826975121e-05 -0.00011955809751981196 0.0001299032657063948 -0.00022973010052516161 3.5518289279800256e-06 -8.1548358074879751e-05 -6.3668598166801235e-05 0 -0.00017169858960966978 3.0083894390614169e-05 -3.3458212946604744e-05 0.00018146047671475232 8.2353307180869272e-06 3.045057966467738e-06 9.9145202074366612e-05 0 -0.00011656528759256758 -5.0626851907424249e-05
leaf_weight=22 131 41 35 27 596 81 106 26 30 105 209 31 91 2386 58 31 33 32
leaf_count=22 131 41 35 27 596 81 106 26 30 105 209 31 91 2386 58 31 33 32
internal_value=-2.36441e-07 -1.57288e-05 -8.28185e-06 -4.22082e-05 8.88611e-08 -2.2099e-06 -8.10418e-06 3.94066e-06 -3.96872e-05 6.68557e-06 2.13225e-06 4.21859e-05 7.69341e-05 0 6.47182e-05 0 -2.09702e-05 0
internal_weight=4071 1017 976 264 712 677 237 3054 116 2938 2679 259 122 2595 84 86 64 137
internal_count=4071 1017 976 264 712 677 237 3054 116 2938 2679 259 122 2595 84 86 64 137
is_linear=0
shrinkage=0.03


Tree=88
num_leaves=23
num_cat=0
split_feature=35 33 21 20 0 34 24 30 33 14 0 32 2 31 21 31 35 31 23 24 31 32
split_gain=0.000322137 0.000387707 0.000421339 0.000977059 0.00144175 0.000685969 0.000387743 0.000652563 0.000344412 0.000338555 0.000476894 0.000337793 0.000306718 0.00029103 0.000173863 0.000176274 0.000238405 0.000117063 8.83973e-05 4.42291e-05 1.23534e-05 6.78774e-06
threshold=0.0073891594759252542 -0.013641498443302811 47.839583269755053 54.402500534057623 28.27014255523682 -0.073471874082832664 2.1130282635598134 76.349593610746595 -0.036234515119950288 -1.0000000180025095e-35 40.061540603637702 -0.035875511298947886 61.524999618530281 0.043613183684460329 63.575416755676279 -0.00067795603333586907 0.0055903181104953199 -0.0035755009497419605 2.5061457469107222 -0.76292248379114669 0.00083856531338144535 -0.01252186154264384
decision_type=2 2 2 2 2 2 2 2 2 2 2 2 2 2 2 2 2 2 2 2 2 2
left_child=12 2 8 4 -4 -5 9 18 11 10 -3 -2 17 -11 -14 21 -17 -1 -8 -10 -19 -16
right_child=1 6 3 5 -6 -7 7 -9 19 13 -12 -13 14 -15 15 16 -18 20 -20 -21 -22 -23
leaf_value=0.00016367815729921757 0 -0.00018288255615747157 0 9.3152694748905112e-05 -0.00021364964593701281 -2.5985969795700169e-05 -1.9080118795703919e-05 -0.00013293542964689235 0 8.4540481509759745e-06 0 0.00016961999196054545 -4.2346670281285984e-05 -8.5812995592466132e-05 0 0 4.9939189465131732e-05 0 4.8195780999808779e-05 -2.3496753914131079e-05 1.6669887836565005e-05 -5.8898474673861135e-06
leaf_weight=22 21 20 32 39 62 588 20 51 20 2407 20 22 40 25 50 97 187 29 31 72 40 176
leaf_count=22 21 20 32 39 62 588 20 51 20 2407 20 22 40 25 50 97 187 29 31 72 40 176
internal_value=-1.69176e-07 -4.534e-06 -2.21333e-05 -3.28201e-05 -0.000127805 -1.37778e-05 1.53931e-07 -5.56084e-05 1.27185e-05 3.67051e-06 -7.78548e-05 8.77436e-05 1.85047e-05 6.24803e-06 4.00719e-06 1.35316e-05 2.97856e-05 7.30952e-05 0 0 6.03312e-07 0
internal_weight=4071 3430 856 721 94 627 2574 102 135 2472 40 43 641 2432 550 510 284 91 51 92 69 226
internal_count=4071 3430 856 721 94 627 2574 102 135 2472 40 43 641 2432 550 510 284 91 51 92 69 226
is_linear=0
shrinkage=0.03


Tree=89
num_leaves=19
num_cat=0
split_feature=36 24 19 31 33 0 0 35 22 36 21 26 28 20 28 24 27 32
split_gain=0.000310335 0.000617288 0.000499295 0.000415328 0.000851526 0.00079748 0.00148537 0.000786262 0.00033398 0.000475923 0.000316721 0.000295188 0.000947145 0.00035988 8.92504e-05 8.43024e-05 3.45751e-05 2.05796e-05
threshold=-0.014562618718254967 0.17589214291825134 49.739999771118171 -0.015468328920867134 -0.027506107662314924 40.286785125732429 30.122159004211429 0.022176786242234126 46.660266860008953 -0.0099808688747940726 53.597083346048997 0.98974686646526433 -1757701034.9999998 39.108749866485603 101124008.00000001 -0.066168679241012399 0.1722684443572125 -0.010783752267248812
decision_type=2 2 2 2 2 2 2 2 2 2 2 2 2 2 2 2 2 2
left_child=1 2 16 7 5 6 -5 8 9 -2 -3 13 -13 -6 -4 -7 -1 -10
right_child=3 10 14 4 11 15 -8 -9 17 -11 -12 12 -14 -15 -16 -17 -18 -19
leaf_value=-0.00010669786955331455 6.787112915113777e-05 0 0.00012326468855100659 0 -7.3476824191372796e-05 5.8592899435945683e-05 -0.00018093776702378896 0.00016367977652316992 7.1751835247091703e-05 -4.566126664038134e-05 -0.00018379200241469364 0.00010817278662003897 -1.1122335334962704e-05 1.5357655588186682e-05 0 0 0 0
leaf_weight=21 32 20 21 58 32 22 86 40 61 138 33 59 1765 1556 26 55 23 23
leaf_count=21 32 20 21 58 32 22 86 40 61 138 33 59 1765 1556 26 55 23 23
internal_value=-1.46342e-07 -4.38829e-05 0 6.94595e-07 -1.29321e-06 -5.87914e-05 -0.000101411 3.54509e-05 3.39448e-06 -6.62644e-06 -0.000125253 1.55342e-06 -5.61319e-06 1.1674e-05 7.14235e-05 0 -6.88575e-05 5.93305e-05
internal_weight=4071 144 91 3927 3633 221 144 294 254 170 53 3412 1824 1588 47 77 44 84
internal_count=4071 144 91 3927 3633 221 144 294 254 170 53 3412 1824 1588 47 77 44 84
is_linear=0
shrinkage=0.03


Tree=90
num_leaves=28
num_cat=0
split_feature=5 36 34 26 31 35 36 27 21 26 35 24 35 5 24 28 5 23 23 26 28 28 26 28 36 1 36
split_gain=0.000303348 0.000527434 0.000947192 0.000693573 0.000516535 0.000737227 0.000875865 0.000567802 0.000713881 0.000529518 0.000349759 0.000323308 0.000628107 0.000774986 0.000739906 0.000540641 0.000620572 0.000420542 0.000426972 0.000394382 0.000366159 0.000845923 0.000523272 0.000286726 0.000230256 0.000197375 6.88647e-06
threshold=20092371.000000004 -0.014562618718254967 -0.042425009589756084 1.1513899845151165 -0.015878501974959599 0.014103170527676163 -0.0021119750510873998 0.011693922936779172 81.495416895548516 1.4550714234468274 0.0098123144128183012 0.1287418440995152 0.017138976337923641 11623132.500000002 -0.92454584895567182 278159825.50000006 9444841.5000000019 1.5974219044714391 2.5061457469107222 0.90723625807974295 49528668.500000007 -682756590.99999988 1.5263531450021588 791075597.00000012 -0.023324514187125733 54.675001144409187 -0.020613090480779545
decision_type=2 2 2 2 2 2 2 2 2 2 2 2 2 2 2 2 2 2 2 2 2 2 2 2 2 2 2
left_child=11 2 24 26 5 10 -7 8 -6 -9 -3 12 20 -14 -15 16 25 23 -19 -18 21 -1 -22 -17 -2 -13 -4
right_child=1 4 3 -5 7 6 -8 9 -10 -11 -12 15 13 14 -16 17 19 18 -20 -21 22 -23 -24 -25 -26 -27 -28
leaf_value=-1.298935849037668e-05 -1.403009112906681e-05 1.3734031345898722e-05 0 -0.00025683836476163605 -0.00012559031294404337 0.00013856456198363081 0 2.3493077993898869e-07 0 -6.0217199574596069e-05 -8.194288756312507e-05 0 0 0.0002178070420557989 1.537482293235003e-05 4.2516663984147765e-05 0 -7.0998920211174106e-05 0 -6.4125660617472889e-05 1.2355609364363415e-07 7.2322440532781291e-05 -0.00010038028096344177 0 9.5859396174482615e-05 9.0354634445471971e-05 -1.7559885120352916e-05
leaf_weight=112 21 34 21 32 85 90 36 1076 21 137 46 22 23 47 87 355 157 92 72 298 691 211 47 182 22 34 20
leaf_count=112 21 34 21 32 85 90 36 1076 21 137 46 22 23 47 87 355 157 92 72 298 691 211 47 182 22 34 20
internal_value=-1.10251e-07 -1.07595e-05 -7.42936e-05 -0.000142927 -3.95513e-06 3.68155e-05 8.64148e-05 -1.25992e-05 -8.12127e-05 -4.12412e-06 -3.86063e-06 5.84693e-06 1.72431e-05 7.53353e-05 0.000108858 -3.13109e-06 -2.84302e-05 1.10334e-05 -2.20778e-05 -4.37446e-05 5.81344e-06 3.34607e-05 -2.22534e-06 2.67333e-05 0 4.23787e-05 0
internal_weight=4071 1641 116 73 1525 206 126 1319 106 1213 80 2430 1218 157 134 1212 511 701 164 455 1061 323 738 537 43 56 41
internal_count=4071 1641 116 73 1525 206 126 1319 106 1213 80 2430 1218 157 134 1212 511 701 164 455 1061 323 738 537 43 56 41
is_linear=0
shrinkage=0.03


Tree=91
num_leaves=22
num_cat=0
split_feature=5 25 25 34 36 0 21 25 5 5 25 35 23 24 25 24 5 24 29 23 0
split_gain=0.000293146 0.000539433 0.00082156 0.000707276 0.00107836 0.000614641 0.000597022 0.00056309 0.000529451 0.000337254 0.000467495 0.00135494 0.000274298 0.000828971 0.000509749 0.000259222 0.000279461 0.000203765 9.99398e-05 8.11702e-05 6.68731e-05
threshold=29624162.000000004 0.10876027739653966 0.22353461192468249 -0.015545857833001218 0.010022970689943586 32.746248245239265 69.931249872843452 -0.70102961444325174 28478302.500000004 25666774.500000004 -0.4451699869432032 0.020219707866187941 -1.5869454562833238 -1.2272031637276082 1.0000000180025095e-35 -0.24680708366757442 43559818.000000007 0.9135707828888403 66.854761388234252 -0.11080780290746615 39.706989288330085
decision_type=2 2 2 2 2 2 2 2 2 2 2 2 2 2 2 2 2 2 2 2 2
left_child=8 3 6 4 7 -5 19 -2 9 12 -11 -12 14 -14 -1 16 -4 -17 -7 -3 -10
right_child=1 2 15 5 -6 18 -8 -9 20 10 11 -13 13 -15 -16 17 -18 -19 -20 -21 -22
leaf_value=0 0.00011749824218953217 0 -0.00010182486321783778 0.00014319889029761103 -0.00018391374349245891 -5.6475794681656115e-06 0 -2.0221217623968998e-05 0.00011730088424073516 2.6383017675869487e-05 -5.6980938904762182e-06 -0.00026325051235715939 9.7664507042839253e-05 2.5444397458275887e-06 -0.00012827860744208037 4.6211729495553301e-05 0 -1.0033092981177393e-05 4.4596963783814784e-05 -0.00024261331154107172 0
leaf_weight=78 30 20 47 49 34 70 23 223 41 25 156 27 89 2849 38 83 25 62 44 35 23
leaf_count=78 30 20 47 49 34 70 23 223 41 25 156 27 89 2849 38 83 25 62 44 35 23
internal_value=-8.82317e-08 -1.77449e-05 -4.93986e-05 0 -2.5239e-05 5.274e-05 -0.000136522 0 2.9652e-06 3.59024e-07 -3.53741e-05 -6.02051e-05 3.77608e-06 6.45018e-06 -3.80599e-05 -4.21521e-06 -5.73129e-05 1.49648e-06 0 -0.000190185 8.87888e-05
internal_weight=4071 745 295 450 287 163 78 253 3326 3262 208 183 3054 2938 116 217 72 145 114 55 64
internal_count=4071 745 295 450 287 163 78 253 3326 3262 208 183 3054 2938 116 217 72 145 114 55 64
is_linear=0
shrinkage=0.03


Tree=92
num_leaves=21
num_cat=0
split_feature=28 30 20 27 27 30 19 36 36 34 19 19 35 22 23 29 36 35 26 35
split_gain=0.000287729 0.000618424 0.000758413 0.000677324 0.000987074 0.000542991 0.000449536 0.000812619 0.000414373 0.000371316 0.000394395 0.000662481 0.000327511 0.00061642 0.000612521 0.000297542 0.000275535 0.000269494 0.000298211 6.08688e-05
threshold=-499085120.99999994 59.75794538084542 45.764999675750737 -0.01077250542196955 0.095796245806524086 69.472239222181216 48.739999771118171 -0.0011491291628928332 0.021409472880061117 0.072688794514621527 58.370000076293955 56.964999771118173 0.017772702574698488 42.719926149933336 -0.70884976637474029 91.695815547181937 0.0037267042888493064 0.0089999771118164078 1.034998697903504 0.032074765444498866
decision_type=2 2 2 2 2 2 2 2 2 2 2 2 2 2 2 2 2 2 2 2
left_child=1 2 12 -4 -5 6 7 -3 9 10 11 -2 14 -14 -1 -11 -12 -7 -19 -10
right_child=8 5 3 4 -6 17 -8 -9 19 15 16 -13 13 -15 -16 -17 -18 18 -20 -21
leaf_value=-0.00015417019067121075 0 0 0 -0.00029269313730165058 -5.1243236609788034e-05 5.8823596251949496e-05 0 0.00022952837374666255 0.00014714819229769594 0 6.18847271519448e-06 0.00011208217453800928 8.7198222804955788e-05 -9.1111839099189097e-06 0 -0.00016916599824899501 -1.3727976027269586e-05 0 -5.8325936013148853e-05 0
leaf_weight=32 160 20 30 29 172 28 37 31 21 21 2031 78 83 72 61 20 903 99 123 20
leaf_count=32 160 20 30 29 172 28 37 31 21 21 2031 78 83 72 61 20 903 99 123 20
internal_value=-8.69159e-08 -1.66555e-05 -3.99425e-05 -7.91268e-05 -0.000101125 7.4749e-06 7.55239e-05 0.000133234 3.15151e-06 9.92855e-07 3.072e-06 4.02059e-05 0 2.31416e-05 -4.76853e-05 -8.64853e-05 0 -4.50376e-06 -2.60213e-05 9.89098e-05
internal_weight=4071 817 479 231 201 338 88 51 3254 3213 3172 238 248 155 93 41 2934 250 222 41
internal_count=4071 817 479 231 201 338 88 51 3254 3213 3172 238 248 155 93 41 2934 250 222 41
is_linear=0
shrinkage=0.03


Tree=93
num_leaves=18
num_cat=0
split_feature=36 0 28 22 31 33 0 0 23 29 36 29 36 27 19 34 23
split_gain=0.000276085 0.000585183 0.000629039 0.000592904 0.000388141 0.000751043 0.000737343 0.00138712 0.000391455 0.000310284 0.000308487 0.00026958 0.000261646 0.000223874 0.000211614 0.000210487 4.85209e-05
threshold=-0.014562618718254967 59.997167587280281 -918228049.99999988 39.071922010290812 -0.015468328920867134 -0.027506107662314924 40.286785125732429 30.122159004211429 0.50049736393597766 19.786967066356933 -0.01019453323882618 11.286483476432782 -0.0108085629753715 0.30660766036646386 69.12000045776368 -0.008656611129202128 -0.42698852265785087
decision_type=2 2 2 2 2 2 2 2 2 2 2 2 2 2 2 2 2
left_child=1 2 13 -4 8 6 7 -6 12 11 -11 -7 -2 -1 -14 -10 -8
right_child=4 -3 3 -5 5 9 16 -9 15 10 -12 -13 14 -15 -16 -17 -18
leaf_value=-0.00013329193217248336 7.7262698690799383e-05 -0.00018704622144267229 0.00016322769422683563 0 0 0 4.6610899769992958e-05 -0.00017330870892318537 0.0001358649221269739 -5.9733899930616069e-05 0 4.7895588158937042e-05 -3.7343971760641666e-05 0 2.0821553342995034e-05 0 0
leaf_weight=34 39 22 26 35 58 98 20 86 48 78 3006 230 123 27 48 36 57
leaf_count=34 39 22 26 35 58 98 20 86 48 78 3006 230 123 27 48 36 57
internal_value=-4.67993e-08 -4.13623e-05 0 5.1456e-05 7.053e-07 -1.18903e-06 -5.52152e-05 -9.63483e-05 3.43068e-05 1.43262e-06 -5.78956e-07 2.94843e-05 0 -8.1351e-05 -3.48057e-06 9.11319e-05 0
internal_weight=4071 144 122 61 3927 3633 221 144 294 3412 3084 328 210 61 171 84 77
internal_count=4071 144 122 61 3927 3633 221 144 294 3412 3084 328 210 61 171 84 77
is_linear=0
shrinkage=0.03


Tree=94
num_leaves=15
num_cat=0
split_feature=35 32 25 33 25 35 34 3 21 31 35 31 28 31
split_gain=0.000275913 0.000358548 0.000736938 0.000636739 0.000728431 0.00155911 0.000351937 0.000274032 0.00015458 0.000158521 0.000224993 0.000129836 1.32799e-05 8.98779e-06
threshold=0.0073891594759252542 -0.05483290939265794 -0.49148360791075879 -0.055479218744477525 -0.40533074343966341 0.016053196974883537 0.079414432873510812 61.125000000000007 63.575416755676279 -0.00067795603333586907 0.0055903181104953199 -0.0035755009497419605 770642882.50000012 0.00083856531338144535
decision_type=2 2 2 2 2 2 2 2 2 2 2 2 2 2
left_child=7 2 -2 -3 5 -5 -6 11 -9 12 -11 -1 -10 -13
right_child=1 3 -4 4 6 -7 -8 8 9 10 -12 13 -14 -15
leaf_value=0.00015754904231368415 0 0.00010883591000028713 -0.00019490614645114354 0 1.7661410565498197e-06 -0.00012445621043178753 -7.2758823779514597e-05 -4.0962457929438928e-05 0 0 4.7618686777928591e-05 0 -1.2615310992860442e-05 1.4202851939138177e-05
leaf_weight=22 20 44 27 204 2940 137 58 39 151 97 187 30 75 40
leaf_count=22 20 44 27 204 2940 137 58 39 151 97 187 30 75 40
internal_value=-2.01247e-09 -4.10016e-06 -8.81807e-05 -2.0427e-06 -4.40547e-06 -4.59562e-05 0 1.7245e-05 3.1874e-06 1.24521e-05 2.79389e-05 6.84644e-05 0 0
internal_weight=4071 3430 47 3383 3339 341 2998 641 549 510 284 92 226 70
internal_count=4071 3430 47 3383 3339 341 2998 641 549 510 284 92 226 70
is_linear=0
shrinkage=0.03


Tree=95
num_leaves=27
num_cat=0
split_feature=20 30 30 24 35 32 25 30 34 25 20 33 21 25 36 1 25 35 30 35 31 31 24 36 36 25
split_gain=0.000266321 0.000525292 0.000507311 0.000497329 0.000561161 0.000475754 0.000417707 0.000379702 0.000711138 0.000363321 0.000618352 0.00107914 0.00125667 0.000496848 0.00114668 0.000845289 0.000618212 0.000457163 0.0010362 0.000503542 0.000360499 0.000332297 0.000325177 0.00029199 0.000268824 4.845e-06
threshold=73.477499961853042 44.188463675548739 30.940872915519027 1.4400012800438724 0.013319324127549924 -0.027436178814858488 -0.16725037555925718 71.288985457672368 0.016874437949402802 -0.4161242156281873 52.757500171661384 -0.04760723605101818 58.178749942779554 0.068819249247331862 -0.0084560397632975036 61.574998855590827 0.17299196540717146 0.014604161696711587 34.015855283653657 0.0066247292811327371 0.0095122722970919522 0.0012936929121355469 1.9377749887674021 -0.00058740862941297756 -0.0021119750510873998 -0.34356165697663837
decision_type=2 2 2 2 2 2 2 2 2 2 2 2 2 2 2 2 2 2 2 2 2 2 2 2 2 2
left_child=9 2 5 4 23 -2 -6 22 -9 10 -1 -12 -13 17 15 -15 -16 19 -19 -11 -7 24 -5 -3 -4 -23
right_child=1 3 21 7 6 20 -8 8 -10 13 11 12 -14 14 16 -17 -18 18 -20 -21 -22 25 -24 -25 -26 -27
leaf_value=2.1735097965007855e-05 -0.00010047126483649866 3.9380755555190663e-05 0 0 0 3.8573721764262782e-05 0.00010860483016407867 -0.00016026821456575951 0 5.1936771052752549e-05 5.4040212083871382e-06 -0.00034778945435406602 -4.0901815712962197e-05 -0.00018921719674023368 -4.3016222884105787e-05 0 6.4965539203271219e-06 -5.5572813762354696e-06 7.3898721676868658e-05 -1.5390996780340844e-05 -2.2117769594463039e-05 0 9.3279211712253129e-05 0 -0.0001209819624026086 -7.3782281063185073e-06
leaf_weight=23 27 251 59 43 36 311 147 37 86 112 31 24 97 59 301 32 692 197 264 643 55 27 38 328 71 80
leaf_count=23 27 251 59 43 36 311 147 37 86 112 31 24 97 59 301 32 692 197 264 643 55 27 38 328 71 80
internal_value=0 8.82233e-06 -9.24535e-06 2.37106e-05 3.58724e-05 5.23741e-06 8.61555e-05 -7.01377e-06 -5.04185e-05 -6.82995e-06 -4.95896e-05 -8.01133e-05 -0.000126782 -2.27019e-06 -1.80492e-05 -0.000121967 -5.49383e-06 9.32939e-06 3.34446e-05 -1.42476e-06 2.12554e-05 -4.5906e-05 2.18866e-05 1.47872e-05 -7.83537e-05 0
internal_weight=4071 1596 630 966 762 393 183 204 123 2475 175 152 121 2300 1084 91 993 1216 461 755 366 237 81 579 130 107
internal_count=4071 1596 630 966 762 393 183 204 123 2475 175 152 121 2300 1084 91 993 1216 461 755 366 237 81 579 130 107
is_linear=0
shrinkage=0.03


Tree=96
num_leaves=23
num_cat=0
split_feature=5 32 35 35 5 32 31 21 0 24 36 30 24 0 36 36 26 35 24 5 1 5
split_gain=0.000258838 0.000593479 0.00131487 0.000792205 0.000500176 0.000473729 0.00123946 0.000958166 0.000911862 0.000530371 0.000491155 0.00107005 0.000443224 0.000429526 0.000410095 0.000231226 0.000191224 0.00018478 0.000437335 0.000265992 0.000125176 2.02155e-08
threshold=29624162.000000004 -0.028147270627809359 0.018187934223287319 0.021186217971196537 27844377.000000004 -0.0054738202937904537 0.013370291380276346 58.178749942779554 29.477478027343754 -0.022276378563562859 0.010337144126166615 7.715499018530215 0.64471047277090954 32.746248245239265 -0.013230806826740757 0.0064205312036509756 0.97322949690168992 0.019568472230658145 -0.76292248379114669 13600052.500000002 67.174999237060561 19856485.000000004
decision_type=2 2 2 2 2 2 2 2 2 2 2 2 2 2 2 2 2 2 2 2 2 2
left_child=1 2 21 -4 17 10 7 8 -7 13 11 -2 -11 -8 -13 20 -9 19 -19 -3 -6 -1
right_child=5 4 3 -5 15 6 9 16 -10 12 -12 14 -14 -15 -16 -17 -18 18 -20 -21 -22 -23
leaf_value=7.6486192115093864e-07 -0.00016066819725125601 1.119677531955264e-05 -0.00034146173123909688 0 0.00013805195117707955 0 0 0 -0.0002848879054823067 0.00012039992983822951 -0.00010785253134270873 0 0 -0.00010311408479704639 6.3894014186699594e-05 0 -5.1121706572088179e-05 8.7665195146064017e-05 0 -7.2092696711679128e-06 0 0
leaf_weight=31 21 1227 20 27 45 36 42 47 42 51 27 75 60 49 224 29 71 76 177 1646 25 23
leaf_count=31 21 1227 20 27 45 36 42 47 42 51 27 75 60 49 224 29 71 76 177 1646 25 23
internal_value=0 2.82989e-06 -6.65095e-05 -0.000186064 5.93365e-06 -1.66403e-05 -3.98456e-05 -9.44015e-05 -0.000182324 0 1.3364e-06 1.99521e-05 5.54704e-05 -3.85641e-05 4.27174e-05 7.37335e-05 -1.07757e-05 2.82448e-06 2.74881e-05 0 0.00010322 0
internal_weight=4071 3326 101 47 3225 745 398 196 78 202 347 320 111 91 299 99 118 3126 253 2873 70 54
internal_count=4071 3326 101 47 3225 745 398 196 78 202 347 320 111 91 299 99 118 3126 253 2873 70 54
is_linear=0
shrinkage=0.03


Tree=97
num_leaves=23
num_cat=0
split_feature=5 25 32 32 33 26 22 32 0 33 0 28 33 5 25 30 20 25 31 28 24 23
split_gain=0.000252466 0.000448916 0.00165955 0.000579408 0.000431453 0.000632583 0.000424493 0.000272138 0.000654222 0.00151961 0.000595658 0.000424021 0.000423631 0.000353004 0.000501951 0.000344463 0.000471736 0.000336265 0.000270608 0.000262586 0.000232509 0.000153639
threshold=25666774.500000004 -0.7323807439190716 -0.018084511918768028 -0.05483290939265794 -0.044589031694376662 1.393878332570696 31.876219879743122 0.0038363455820332741 32.65288162231446 0.014057634618079408 31.253855705261234 938649228.00000012 0.0023794297662605994 14072476.000000002 -0.42682570892036481 84.335737212433273 72.292500305175807 -0.52027131783085767 -0.0023566552461009578 -55387278.999999993 1.2708963391850037 0.18636945088810822
decision_type=2 2 2 2 2 2 2 2 2 2 2 2 2 2 2 2 2 2 2 2 2 2
left_child=7 2 -2 -3 6 -6 -5 12 9 19 -11 18 13 17 -15 16 -14 -1 -10 -9 -13 -17
right_child=1 3 -4 4 5 -7 -8 8 11 10 -12 20 15 14 -16 21 -18 -19 -20 -21 -22 -23
leaf_value=0.00013793128783718493 0.00026363568523458177 -0.00015118100276883265 -2.2290571412043772e-05 0 -6.5319178306730682e-06 -9.107977048473435e-05 0.00011664229797816571 0 0 9.4512069478342885e-05 -1.7423189484898366e-05 0 -7.3968424256687094e-05 -7.6254624715797775e-05 0 6.3678732992691333e-05 0 1.1758523267625981e-05 4.0637376415395643e-05 -0.00017445517212705299 -6.8469940289024673e-05 0
leaf_weight=28 24 34 20 27 763 109 40 30 114 66 37 107 202 83 688 34 149 550 793 56 46 71
leaf_count=28 24 34 20 27 763 109 40 30 114 66 37 107 202 83 688 34 149 550 793 56 46 71
internal_value=-7.37139e-09 -1.36254e-05 6.58862e-05 -2.03104e-05 -1.23616e-05 -2.05496e-05 4.93676e-05 3.54554e-06 1.47467e-05 -2.98963e-05 2.52265e-05 2.55386e-05 -2.54374e-06 4.01718e-06 -6.38654e-06 -2.85273e-05 -4.40473e-05 2.30829e-05 3.42836e-05 -0.000130711 -6.69597e-06 0
internal_weight=4071 1017 44 973 939 872 67 3054 1249 189 103 1060 1805 1349 771 456 351 578 907 86 153 105
internal_count=4071 1017 44 973 939 872 67 3054 1249 189 103 1060 1805 1349 771 456 351 578 907 86 153 105
is_linear=0
shrinkage=0.03


Tree=98
num_leaves=19
num_cat=0
split_feature=35 32 25 34 25 25 24 32 34 2 26 31 22 28 26 22 0 28
split_gain=0.000247253 0.000317544 0.000671964 0.000321666 0.000619044 0.00111704 0.000496384 0.000511271 0.000321398 0.00028703 0.000301254 0.000164636 0.000149671 0.000246008 0.000226361 0.000174576 0.000164609 0.000114263
threshold=0.0073891594759252542 -0.05483290939265794 -0.49148360791075879 -0.065446299499432356 -0.40533074343966341 -0.52027131783085767 -0.61074891505207496 -0.015226672732292388 0.079414432873510812 61.524999618530281 0.78982810350231347 0.0040921799747800644 44.500351351796276 379234662.50000006 0.70061440562243671 35.5394034453873 42.653930664062507 885892376.00000012
decision_type=2 2 2 2 2 2 2 2 2 2 2 2 2 2 2 2 2 2
left_child=9 2 -2 6 5 -5 -3 -8 -6 10 -1 -12 15 14 -14 -11 -15 -17
right_child=1 3 -4 4 8 -7 7 -9 -10 12 11 -13 13 16 -16 17 -18 -19
leaf_value=0 0 0 -0.00018538697701758563 0 1.2419626733933601e-06 -0.00011348006105917145 0.00019864226759833849 0 -7.0005581317378909e-05 0 0.00014504035707346008 0 0 3.2943278990770874e-05 -6.705582602754602e-05 6.3505684932877541e-05 -2.9243252666865702e-06 0
leaf_weight=31 20 36 27 182 2932 126 29 20 58 52 40 20 31 143 93 98 104 29
leaf_count=31 20 36 27 182 2932 126 29 20 58 52 40 20 31 143 93 98 104 29
internal_value=-5.61432e-08 -3.97092e-06 -8.32735e-05 -1.97998e-06 -4.31478e-06 -4.48062e-05 5.3256e-05 0.000118382 0 1.62098e-05 6.82437e-05 0.000107567 2.13616e-06 -2.03295e-06 -4.16131e-05 2.75239e-05 5.70522e-06 4.79967e-05
internal_weight=4071 3430 47 3383 3298 308 85 49 2990 641 91 60 550 371 124 179 247 127
internal_count=4071 3430 47 3383 3298 308 85 49 2990 641 91 60 550 371 124 179 247 127
is_linear=0
shrinkage=0.03


Tree=99
num_leaves=17
num_cat=0
split_feature=36 0 28 22 31 35 33 0 0 5 5 5 27 34 5 24
split_gain=0.00023674 0.000558864 0.00056067 0.000562961 0.000372801 0.000709553 0.000669988 0.00068284 0.00128534 0.00037551 0.000355751 0.000339047 0.000393081 0.000314644 0.00025068 8.26162e-05
threshold=-0.014562618718254967 59.997167587280281 -918228049.99999988 39.071922010290812 -0.015468328920867134 0.022176786242234126 -0.027506107662314924 40.286785125732429 31.05664157867432 49687500.000000007 36916592.500000007 29624162.000000004 0.96523463481383842 -0.02587394700533013 30860614.500000004 -0.066168679241012399
decision_type=2 2 2 2 2 2 2 2 2 2 2 2 2 2 2 2
left_child=1 2 10 -4 5 9 7 8 -6 14 -1 13 -13 -8 -2 -9
right_child=4 -3 3 -5 6 -7 11 15 -10 -11 -12 12 -14 -15 -16 -17
leaf_value=0 0 -0.00017981535142995585 0.00015919443043939038 0 0 0.00015540760765874064 3.8928869954689833e-05 5.8003975683191094e-05 -0.00017550942568121013 -9.7432002663541722e-05 -0.00015723566912807097 -4.3161852757209033e-05 1.9717627555488875e-06 1.5980730853609028e-06 6.3994547031954657e-05 0
leaf_weight=34 144 22 26 35 67 40 246 22 77 21 27 304 149 2713 89 55
leaf_count=34 144 22 26 35 67 40 246 22 77 21 27 304 149 2713 89 55
internal_value=-2.83883e-08 -3.83195e-05 0 5.03318e-05 6.12735e-07 3.35734e-05 -1.22971e-06 -5.2249e-05 -9.19429e-05 2.5269e-06 -7.56661e-05 1.19709e-06 -2.16984e-05 5.71665e-06 2.4444e-05 0
internal_weight=4071 144 122 61 3927 294 3633 221 144 254 61 3412 453 2959 233 77
internal_count=4071 144 122 61 3927 294 3633 221 144 254 61 3412 453 2959 233 77
is_linear=0
shrinkage=0.03


Tree=100
num_leaves=23
num_cat=0
split_feature=20 5 34 36 28 25 20 20 21 25 28 21 29 1 21 28 21 31 22 5 25 26
split_gain=0.000237434 0.000491134 0.000573096 0.000841742 0.00112339 0.000652263 0.00108739 0.000443621 0.000853911 0.00118488 0.000477189 0.000657766 0.000444862 0.000405946 0.000396408 0.000302263 0.000286561 0.000241602 0.0001488 0.00025638 0.000217636 1.67576e-06
threshold=73.477499961853042 82190074.000000015 -0.061298558897511839 0.0047281232425667409 69941828.000000015 -0.4161242156281873 55.757500076293951 86.1924997329712 85.965416590372726 -0.4161242156281873 938649228.00000012 132.03833312988283 39.653919570440756 67.375000000000014 107.54749997456871 1003028685.5000001 83.391249783833828 0.019910851644350695 31.636248248668988 14643307.500000002 -0.45548261284869135 0.8155840263664883
decision_type=2 2 2 2 2 2 2 2 2 2 2 2 2 2 2 2 2 2 2 2 2 2
left_child=1 2 3 4 -1 6 -4 12 9 -9 14 -12 18 -7 -10 17 -11 -14 20 -20 -2 -17
right_child=7 -3 5 -5 -6 13 -8 8 10 16 11 -13 15 -15 -16 21 -18 -19 19 -21 -22 -23
leaf_value=0.00022492552778992603 0.00011017190776281541 -0.00012110526786926083 2.9968807064945759e-05 0 0 2.5730277026509453e-06 -0.00012975594032354706 0 0 0 -0.00016410106728609471 0 4.7916047418624664e-05 -2.789411431540135e-05 0.00011050705536857961 0 -0.00023891587825088694 0 3.0040232575641819e-06 -3.5583501798735473e-05 0 -4.2860329671690262e-06
leaf_weight=43 23 35 21 24 21 1759 99 33 142 24 27 124 573 473 53 26 38 33 162 220 36 82
leaf_count=43 23 35 21 24 21 1759 99 33 142 24 27 124 573 473 53 26 38 33 162 220 36 82
internal_value=0 -6.51446e-06 -3.63639e-06 6.83747e-05 0.000135071 -7.60893e-06 -7.68232e-05 8.25066e-06 -1.3631e-05 -9.45674e-05 0 -3.01979e-05 1.92031e-05 -2.54043e-06 3.86656e-05 3.40171e-05 -0.000175692 4.25698e-05 0 -1.13713e-05 3.78152e-05 0
internal_weight=4071 2475 2440 88 64 2352 120 1596 441 95 346 151 1155 2232 195 714 62 606 441 382 59 108
internal_count=4071 2475 2440 88 64 2352 120 1596 441 95 346 151 1155 2232 195 714 62 606 441 382 59 108
is_linear=0
shrinkage=0.03


Tree=101
num_leaves=20
num_cat=0
split_feature=28 35 2 35 30 23 33 2 1 35 35 0 0 4 23 23 28 30 34
split_gain=0.000232225 0.000703945 0.000555445 0.000579223 0.000504451 0.00040882 0.00037121 0.000526955 0.000769177 0.000696874 0.000409818 0.000457286 0.000380169 0.000289684 0.000951238 0.000783889 0.000635611 0.000479294 0.000189544
threshold=-1157915203.4999998 0.032074765444498866 48.274999618530281 0.016809805059629018 43.527192210358685 -0.54507783320430991 0.023605349196339279 54.824998855590827 57.925001144409187 0.019168736731356797 0.010109887078661882 35.415769577026374 42.398141860961921 40.524999618530281 -1.0003182929013545 0.24503337273383965 -1320921214.4999998 59.432715084664373 -0.023390864844162026
decision_type=2 2 2 2 2 2 2 2 2 2 2 2 2 2 2 2 2 2 2
left_child=1 13 3 4 -2 -3 7 9 -9 -4 11 -8 -12 14 -1 -16 18 -18 -15
right_child=2 5 6 -5 -6 -7 10 8 -10 -11 12 -13 -14 16 15 -17 17 -19 -20
leaf_value=0.00015227983803420332 0.00025947988556900242 -0.00019022239800162746 -8.5312409362855611e-05 0 0 0 -0.00011272104506524469 7.3758654645920515e-05 -3.5247827294065623e-06 0 7.1339893743277617e-05 5.6164759055358988e-06 0 5.2445942093570788e-05 -5.9910406317775101e-05 0.00013210735288796295 -0.00021146906577432044 0 -1.4992418828856842e-05
leaf_weight=41 22 33 157 27 26 24 32 121 2691 66 197 117 135 49 89 22 26 38 158
leaf_count=41 22 33 157 27 26 24 32 121 2691 66 197 117 135 49 89 22 26 38 158
internal_value=0 -2.02165e-05 1.88663e-06 8.26236e-05 0.000146617 -0.000120548 0 -3.71817e-06 0 -4.81025e-05 2.46416e-05 0 4.46123e-05 0 2.52482e-05 0 -2.45773e-05 -0.00010714 0
internal_weight=4071 480 3591 75 48 57 3516 3035 2812 223 481 149 332 423 152 111 271 64 207
internal_count=4071 480 3591 75 48 57 3516 3035 2812 223 481 149 332 423 152 111 271 64 207
is_linear=0
shrinkage=0.03


Tree=102
num_leaves=20
num_cat=0
split_feature=35 3 1 24 4 24 36 25 25 24 4 22 28 33 22 31 28 31 31
split_gain=0.000225887 0.000310271 0.000773866 0.000613675 0.00107325 0.000602546 0.000441847 0.000405145 0.000347037 0.000310474 0.000250037 0.000139608 0.000220774 0.000182645 0.000164756 0.000110604 0.000109137 0.000104061 4.28482e-06
threshold=0.0073891594759252542 70.02500152587892 69.474998474121108 -1.6457339117145899 40.524999618530281 -1.0123414868995761 0.016324152257335911 -1.002413628934723 -0.52027131783085767 -0.54870454001973257 61.425001144409187 44.500351351796276 379234662.50000006 0.022427683562058601 35.5394034453873 -0.0035755009497419605 885892376.00000012 0.0017249289580112406 0.00083856531338144535
decision_type=2 2 2 2 2 2 2 2 2 2 2 2 2 2 2 2 2 2 2
left_child=10 2 3 4 -2 -5 7 -3 -9 -4 15 14 13 -13 -12 -1 -16 -14 -17
right_child=1 6 9 5 -6 -7 -8 8 -10 -11 11 12 17 -15 16 18 -18 -19 -20
leaf_value=0.00014708993033552329 4.7775036896891971e-05 -0.00012540030185027284 0 5.2147194347579805e-05 -0.00011163308496337826 -7.141878827473968e-06 0.00010674269162499537 5.7921711446400771e-05 0 -0.00014849129246053219 0 -5.8956487807982697e-05 0 0 6.166813411644521e-05 0 0 2.7884008567774802e-05 9.6864926791919806e-06
leaf_weight=22 24 21 20 168 124 1670 39 103 1208 53 52 103 119 20 98 29 29 128 41
leaf_count=22 24 21 20 168 124 1670 39 103 1208 53 52 103 119 20 98 29 29 128 41
internal_value=0 -3.72449e-06 -1.16246e-05 -6.47701e-06 -6.55117e-05 -8.79759e-08 5.9521e-06 7.41145e-07 5.05928e-06 -0.000110428 1.55849e-05 1.97867e-06 -1.82282e-06 -3.96964e-05 2.65835e-05 6.41151e-05 4.65021e-05 4.90491e-06 0
internal_weight=4071 3430 2059 1986 148 1838 1371 1332 1311 73 641 549 370 123 179 92 127 247 70
internal_count=4071 3430 2059 1986 148 1838 1371 1332 1311 73 641 549 370 123 179 92 127 247 70
is_linear=0
shrinkage=0.03


Tree=103
num_leaves=26
num_cat=0
split_feature=5 36 34 36 36 35 23 32 34 28 22 35 30 30 34 30 35 20 34 30 27 36 22 5 23
split_gain=0.000224632 0.000444982 0.000827834 0.000413942 0.000849639 0.000803272 0.000513433 0.000536801 0.000385402 0.000364072 0.000303604 0.000530018 0.00068963 0.000888515 0.000239167 0.000212441 0.000684552 0.00077666 0.000485569 0.000217821 0.000314964 0.000184252 0.000162253 8.2969e-05 5.9933e-05
threshold=20092371.000000004 -0.014562618718254967 -0.042425009589756084 -0.0023410010194107969 0.0020693571268393151 0.016378645931106484 -0.67711202899110023 -0.00083159173672625586 0.0051670535300202278 -201966104.99999997 68.858623601430864 0.00894249715513965 84.771793397456136 71.014912916148347 -0.012467984587394841 41.655489979520745 0.016456438441649766 60.492500114440922 0.0014614877878944557 27.536096281581703 0.53215422503303988 -0.023324514187125733 46.660266860008953 15544082.500000002 1.3332123285305715
decision_type=2 2 2 2 2 2 2 2 2 2 2 2 2 2 2 2 2 2 2 2 2 2 2 2 2
left_child=10 2 21 6 5 -5 14 -8 -4 -6 15 23 13 -13 -3 19 18 -18 -17 22 -21 -2 -1 24 -12
right_child=1 3 8 4 9 -7 7 -9 -10 -11 11 12 -14 -15 -16 16 17 -19 -20 20 -22 -23 -24 -25 -26
leaf_value=2.5964259024505919e-05 -4.2426468246126406e-06 -5.2532593153008736e-05 -0.00018736863896955781 -2.4010148374643246e-05 -2.5700556409784086e-05 -0.00019341294024075492 6.8304878594286776e-05 0 0 1.795746990203363e-05 0 0 0 -0.00024128655147834274 0 3.5922761532700282e-05 0 0.00013200226638105411 -3.2109324626200466e-06 -3.8869071840596524e-05 3.4340508521278392e-06 8.652336503551825e-05 -3.7855087195372622e-07 0 7.0200463214650975e-05
leaf_weight=298 21 95 46 259 265 42 224 125 27 473 21 22 52 35 42 363 91 95 896 280 117 22 104 30 26
leaf_count=298 21 95 46 259 265 42 224 125 27 473 21 22 52 35 42 363 91 95 896 280 117 22 104 30 26
internal_value=0 -9.1592e-06 -6.73429e-05 -2.76222e-06 -1.50912e-05 -5.76676e-05 1.74215e-05 4.01383e-05 -0.00013189 0 5.15171e-06 -2.80247e-05 -7.55768e-05 -0.000147592 -1.85536e-05 9.23959e-06 1.62751e-05 7.17512e-05 5.69156e-06 0 -1.88494e-05 0 1.169e-05 3.89656e-07 3.98201e-05
internal_weight=4071 1641 116 1525 1039 301 486 349 73 738 2430 186 109 57 137 2244 1445 186 1259 799 397 43 402 77 47
internal_count=4071 1641 116 1525 1039 301 486 349 73 738 2430 186 109 57 137 2244 1445 186 1259 799 397 43 402 77 47
is_linear=0
shrinkage=0.03


Tree=104
num_leaves=22
num_cat=0
split_feature=5 5 30 30 36 36 22 2 30 35 35 5 24 35 23 24 30 22 35 19 31
split_gain=0.000215333 0.000500839 0.000441422 0.000630217 0.000715856 0.000959311 0.000614996 0.000832301 0.000560629 0.000449495 0.000968592 0.000296006 0.00043336 0.0015128 0.000229119 0.000756803 0.000735205 0.000136652 0.000401894 4.75522e-05 6.01097e-08
threshold=29624162.000000004 28478302.500000004 68.523870857348996 45.284096184031476 0.010022970689943586 0.015610636894969008 58.40084812231067 66.77500152587892 7.715499018530215 0.016456438441649766 0.030056960877709663 25666774.500000004 -0.92454584895567182 0.020724761769307161 -1.5869454562833238 -1.2272031637276082 53.119648927676558 64.140944323382158 0.014028430357153168 66.739999389648446 0.0074275877596518
decision_type=2 2 2 2 2 2 2 2 2 2 2 2 2 2 2 2 2 2 2 2 2
left_child=1 11 3 4 8 -6 7 -4 -2 20 -11 14 -13 -14 16 -16 -1 -8 -19 -3 -5
right_child=2 19 6 9 5 -7 17 -9 -10 10 -12 12 13 -15 15 -17 -18 18 -20 -21 -22
leaf_value=0 -0.00015172183017083109 0.00011071899693709246 -0.00023398198592585793 0 -0.00023750446312515182 0 1.1554105499854832e-05 0 8.6999867153701101e-06 0.00014643328052135513 0 1.1013218458345388e-05 -4.8932902622643741e-06 -0.00029906267316841278 9.290540220861886e-05 2.0579007929491577e-06 -0.0001631685765614838 0 -7.0617008810955456e-05 0 -1.3406339159120821e-06
leaf_weight=86 21 42 34 38 30 26 35 20 249 77 35 35 151 22 89 2849 30 53 97 22 30
leaf_count=86 21 42 34 38 30 26 35 20 249 77 35 35 151 22 89 2849 30 53 97 22 30
internal_value=0 2.60355e-06 -1.51605e-05 0 -2.41533e-05 -0.000121965 -4.87628e-05 -0.000143743 0 4.57496e-05 8.34952e-05 4.64953e-08 -3.34555e-05 -5.97843e-05 3.31154e-06 5.83405e-06 -3.46879e-05 -4.76859e-06 -2.85691e-05 8.59284e-05 0
internal_weight=4071 3326 745 506 326 56 239 54 270 180 112 3262 208 173 3054 2938 116 185 150 64 68
internal_count=4071 3326 745 506 326 56 239 54 270 180 112 3262 208 173 3054 2938 116 185 150 64 68
is_linear=0
shrinkage=0.03


Tree=105
num_leaves=23
num_cat=0
split_feature=26 26 35 21 29 35 31 24 30 32 1 1 24 34 24 5 35 26 28 32 35 25
split_gain=0.000214502 0.000985108 0.00145102 0.00128071 0.00119873 0.000643355 0.000737818 0.00154242 0.000546061 0.000404824 0.000397367 0.000989106 0.000264942 0.000806921 0.000827845 0.00049227 0.000369997 0.000663141 0.000264725 0.00025393 0.000149209 3.5913e-05
threshold=1.393878332570696 1.5433447253019756 0.012476021766649725 53.988333384195968 46.927861494644183 0.022176786242234126 0.0036104451474103798 0.1287418440995152 7.715499018530215 -0.016639539845914316 69.924999237060561 58.225000381469734 -0.97490506751166206 -0.039974652829509953 -1.593325315638223 43559818.000000007 0.027976505429742761 1.0961005705112308 929142304.50000012 0.033928788715952736 0.026461944172908775 -0.0054163804576396737
decision_type=2 2 2 2 2 2 2 2 2 2 2 2 2 2 2 2 2 2 2 2 2 2
left_child=8 2 21 -4 -5 10 7 -7 9 -1 11 -3 13 15 -15 -10 19 -18 -12 -14 -8 -2
right_child=1 5 3 4 -6 6 20 -9 12 -11 18 -13 16 14 -16 -17 17 -19 -20 -21 -22 -23
leaf_value=-0.00019070088443540168 3.0345445309524842e-05 1.2462673117340378e-06 0 -0.00035682038074025621 -7.0204399463099078e-06 0.00026297871976390459 -7.9708651312863183e-05 0 0.00022152543266340963 0 2.9271558888110313e-05 -0.00014782232062127162 1.1646857678261262e-06 -7.0796125264091869e-05 3.9625552848980971e-05 0 0 -0.00012495865279398791 -2.7685862026290373e-05 5.9330092773886863e-05 1.6527691405822992e-05 0
leaf_weight=22 35 21 31 36 38 37 20 26 30 23 158 60 2851 79 222 20 52 57 134 75 24 20
leaf_count=22 35 21 31 36 38 37 20 26 30 23 158 60 2851 79 222 20 52 57 134 75 24 20
internal_value=0 -1.64946e-05 -8.13975e-05 -0.000150061 -0.000217931 0 6.92457e-05 0.000136609 2.34692e-06 -9.87017e-05 -1.32476e-05 -7.22297e-05 4.57871e-06 2.96171e-05 6.67093e-07 0.000143667 6.93683e-07 -5.19792e-05 0 3.68283e-06 0 0
internal_weight=4071 640 160 105 74 480 107 63 3431 45 373 81 3386 351 301 50 3035 109 292 2926 44 55
internal_count=4071 640 160 105 74 480 107 63 3431 45 373 81 3386 351 301 50 3035 109 292 2926 44 55
is_linear=0
shrinkage=0.03


Tree=106
num_leaves=26
num_cat=0
split_feature=35 22 31 25 31 23 27 30 35 32 34 19 35 32 23 34 3 26 31 22 28 26 22 28 31
split_gain=0.000204558 0.000290555 0.000576625 0.000703371 0.000448234 0.000949226 0.000974839 0.000873315 0.000781215 0.000867667 0.000443021 0.00043676 0.000422361 0.000405672 0.000769248 0.000260735 0.000248099 0.000271699 0.000132068 0.000124671 0.00020494 0.000211285 0.000154408 0.000102497 9.77862e-05
threshold=0.0073891594759252542 46.158234728341476 -0.0075997345150309306 -0.089366170085209626 -0.0045889157395934679 1.0932438039919605 0.92840163617507987 85.965284072146602 0.02465459374456231 -0.01554913015629533 -0.0055189541579055415 43.369999694824223 0.022176786242234126 0.028841380838822043 -2.0060586456028591 0.0059137787775519488 61.125000000000007 0.78982810350231347 0.0040921799747800644 44.500351351796276 379234662.50000006 0.70061440562243671 35.5394034453873 885892376.00000012 0.0017249289580112406
decision_type=2 2 2 2 2 2 2 2 2 2 2 2 2 2 2 2 2 2 2 2 2 2 2 2 2
left_child=16 2 3 12 8 7 -7 -6 10 -10 -3 -5 -2 14 -4 -15 17 -1 -19 22 21 -21 -18 -24 -22
right_child=1 4 13 11 5 6 -8 -9 9 -11 -12 -13 -14 15 -16 -17 19 18 -20 20 24 -23 23 -25 -26
leaf_value=0 -3.2560698861169862e-05 8.1481497693345955e-05 0.00011503627064456983 0 1.8273996477954994e-05 -7.5111056621877264e-05 3.3123052433932267e-06 -5.8443480379360249e-05 0 -0.00019229039678485835 7.5725087773222316e-06 -0.00013125475651365562 3.9467995926172708e-05 -0.00014975836173484222 0 0 0 0.00013311821965663863 0 0 0 -6.3533615654619586e-05 5.9141982408184894e-05 0 2.6829218163147656e-05
leaf_weight=31 253 187 55 47 1099 301 144 141 21 27 303 106 80 25 618 23 52 41 20 31 119 92 98 29 128
leaf_count=31 253 187 55 47 1099 301 144 141 21 27 303 106 80 25 618 23 52 41 20 31 119 92 98 29 128
internal_value=0 -3.47404e-06 -1.56534e-05 -4.09398e-05 1.78982e-06 -4.33212e-06 -4.29985e-05 7.12731e-06 2.6536e-05 -6.78047e-05 4.19107e-05 -9.68069e-05 -6.24355e-06 0 7.39749e-06 -8.2612e-05 1.49196e-05 6.29462e-05 9.98731e-05 1.3979e-06 -1.91704e-06 -3.84094e-05 2.49977e-05 4.44287e-05 4.1226e-06
internal_weight=4071 3430 1207 486 2223 1685 445 1240 538 48 490 153 333 721 673 48 641 92 61 549 370 123 179 127 247
internal_count=4071 3430 1207 486 2223 1685 445 1240 538 48 490 153 333 721 673 48 641 92 61 549 370 123 179 127 247
is_linear=0
shrinkage=0.03


Tree=107
num_leaves=18
num_cat=0
split_feature=28 36 34 28 25 25 24 28 3 22 22 31 24 23 24 31 33
split_gain=0.000202877 0.000645855 0.000624867 0.00107962 0.000925008 0.000786636 0.0006135 0.000859839 0.000815183 0.000451566 0.000402868 0.0006853 0.000397383 0.000392414 0.000298935 0.000232032 8.96192e-05
threshold=-1157915203.4999998 0.021409472880061117 -0.073471874082832664 63883368.000000007 -0.40533074343966341 -0.52027131783085767 -0.09382896841444513 -1757701034.9999998 43.875000000000007 53.665260164161417 41.21487923171604 0.013673127071878512 -0.99509926539634119 0.71607140266274183 -1.0247952989327793 -0.0082686946535854271 0.0094280675393788611
decision_type=2 2 2 2 2 2 2 2 2 2 2 2 2 2 2 2 2
left_child=6 2 3 -2 5 -4 8 9 10 -8 14 -12 -6 16 -1 -15 -9
right_child=1 -3 4 -5 12 -7 7 13 -10 -11 11 -13 -14 15 -16 -17 -18
leaf_value=6.3683337106096218e-05 0.00022925669237966502 0.00011232784039493475 0 0 3.5145306665471571e-05 -0.00010147553315994924 0 3.8889641856105246e-05 -0.00020372062700299763 0.00022666648400693451 -0.00012053102659979957 0 0 0 -1.7535007243211799e-05 -0.0001025818262584994 0
leaf_weight=61 29 47 201 26 314 147 20 60 33 23 72 31 2827 21 69 53 37
leaf_count=61 29 47 201 26 314 147 20 60 33 23 72 31 2827 21 69 53 37
internal_value=0 1.90387e-06 0 0.000100615 -1.14572e-06 -4.81415e-05 -1.87937e-05 7.9611e-06 -5.15871e-05 0.000134563 -1.70921e-05 -6.4632e-05 3.10736e-06 -6.40078e-06 0 -6.87211e-05 1.02684e-05
internal_weight=4071 3591 3544 55 3489 348 480 214 266 43 233 103 3141 171 130 74 97
internal_count=4071 3591 3544 55 3489 348 480 214 266 43 233 103 3141 171 130 74 97
is_linear=0
shrinkage=0.03


Tree=108
num_leaves=24
num_cat=0
split_feature=5 32 35 25 25 34 32 25 28 0 21 5 24 5 24 0 28 26 23 28 29 28 4
split_gain=0.000200819 0.000521765 0.00124968 0.000480194 0.000766509 0.000637223 0.000679391 0.00104244 0.000566732 0.000550274 0.000495992 0.00047072 0.000208469 0.000272718 0.000204508 0.000188121 0.000603137 0.000354995 0.000135435 0.000128563 9.721e-05 5.1973e-05 0.000171755
threshold=29624162.000000004 -0.028147270627809359 0.019012835914265263 0.10876027739653966 0.22353461192468249 -0.015545857833001218 -0.022786144844371078 -0.7323807439190716 -253190541.49999997 32.746248245239265 69.931249872843452 27844377.000000004 -0.24680708366757442 43559818.000000007 0.9135707828888403 52.44688796997071 938649228.00000012 1.4121389114996694 -0.11080780290746615 111883541.00000001 66.854761388234252 197968528.50000003 50.824998855590827
decision_type=2 2 2 2 2 2 2 2 2 2 2 2 2 2 2 2 2 2 2 2 2 2 2
left_child=1 2 19 5 10 6 7 -2 -8 -7 18 15 13 -6 -14 17 -17 -3 -5 -1 -11 22 -13
right_child=3 11 -4 4 12 9 8 -9 -10 20 -12 21 14 -15 -16 16 -18 -19 -20 -21 -22 -23 -24
leaf_value=-1.5640564954915243e-05 0.00021023987596015934 1.9337661407298371e-06 -0.00019446629959453556 0 -9.5742050848254676e-05 0.00013817308287566825 -0.00015210150494438193 -6.9230379088454722e-06 0 -3.5184415097947221e-06 0 0 4.6877151413775295e-05 0 -6.8956774848981183e-06 4.1190816686913243e-05 -2.1734839517323832e-05 -4.5472104789929305e-05 -0.00022945101371529494 5.6557524714603887e-05 4.4319287206198325e-05 0 0.00015061614183721004
leaf_weight=27 21 2442 40 20 47 49 54 142 70 70 23 30 83 25 62 392 142 150 35 34 44 38 31
leaf_count=27 21 2442 40 20 47 49 54 142 70 70 23 30 83 25 62 392 142 150 35 34 44 38 31
internal_value=0 2.62605e-06 -6.22487e-05 -1.45528e-05 -4.47128e-05 0 -2.13886e-05 2.77313e-06 -7.73002e-05 5.20671e-05 -0.000128003 5.58986e-06 -9.1068e-07 -5.08319e-05 3.22033e-06 2.54614e-06 1.88399e-05 0 -0.000176991 0 0 7.13256e-05 9.49572e-05
internal_weight=4071 3326 101 745 295 450 287 163 124 163 78 3225 217 72 145 3126 534 2592 55 61 114 99 61
internal_count=4071 3326 101 745 295 450 287 163 124 163 78 3225 217 72 145 3126 534 2592 55 61 114 99 61
is_linear=0
shrinkage=0.03


Tree=109
num_leaves=26
num_cat=0
split_feature=5 4 23 2 35 5 3 23 24 32 0 19 19 35 28 35 31 0 35 29 23 28 35 24 23
split_gain=0.000195842 0.000347205 0.000591454 0.000557157 0.000788303 0.000964551 0.000519978 0.000742432 0.000272611 0.000247995 0.000574147 0.000922088 0.000584566 0.000408955 0.000377055 0.000403101 0.000298684 0.000672604 0.000581583 0.000473933 0.000413607 0.000283684 0.000251588 0.000192396 9.79883e-05
threshold=25666774.500000004 51.425001144409187 -2.1228339217701335 50.524999618530281 0.032074765444498866 35101912.000000007 84.924999237060561 1.1612684636221859 -0.18094373635996686 0.0038363455820332741 32.65288162231446 66.924998474121111 68.894998931884786 0.02056584416216602 938649228.00000012 0.012897992715290135 -0.0036701466130508171 32.185396194458015 0.0094063731829241749 53.691145670173974 0.67540502611215569 146025360.50000003 0.0092390179134928443 1.2708963391850037 -0.54507783320430991
decision_type=2 2 2 2 2 2 2 2 2 2 2 2 2 2 2 2 2 2 2 2 2 2 2 2 2
left_child=9 3 -3 4 5 -2 8 -8 -4 16 11 13 -13 -11 15 -12 20 19 -19 -18 21 -1 -22 -16 -6
right_child=1 2 6 -5 24 -7 7 -9 -10 10 14 12 -14 -15 23 -17 17 18 -20 -21 22 -23 -24 -25 -26
leaf_value=1.6316369205956634e-05 -5.156183860246069e-05 0.00014928102757866407 -2.0819941090202571e-05 -0.00019599796404348466 -0.00016448349052187157 6.6607292022168905e-05 -0.00022348069262315891 0 2.0069894836666608e-05 -8.9275041696165772e-06 1.3546505313184149e-05 -0.00022683946281964359 0 0.00011962841248670331 0 6.7872447043272195e-05 8.7400124650335027e-05 0 -4.9682615582189691e-05 0 0 -2.4029879584923485e-05 6.2702893054626381e-05 -6.2027744086607753e-05 0
leaf_weight=295 121 23 222 23 32 123 23 57 370 111 647 29 24 25 107 260 85 415 455 34 47 306 168 46 23
leaf_count=295 121 23 222 23 32 123 23 57 370 111 647 29 24 25 107 260 85 415 455 34 47 306 168 46 23
internal_value=0 -1.19096e-05 0 -3.76567e-05 -1.53851e-05 0 -5.10693e-06 -7.78542e-05 0 3.23666e-06 1.39669e-05 -2.73437e-05 -0.000135245 0 2.41644e-05 3.24326e-05 -2.52669e-06 -1.48495e-05 -2.62582e-05 4.33215e-05 8.73267e-06 0 4.49434e-05 -5.24406e-06 -0.000119
internal_weight=4071 1017 695 322 299 244 672 80 592 3054 1249 189 53 136 1060 907 1805 989 870 119 816 601 215 153 55
internal_count=4071 1017 695 322 299 244 672 80 592 3054 1249 189 53 136 1060 907 1805 989 870 119 816 601 215 153 55
is_linear=0
shrinkage=0.03


Tree=110
num_leaves=28
num_cat=0
split_feature=20 30 26 25 25 24 35 25 30 34 20 23 23 26 29 28 25 24 36 30 36 25 34 28 29 20 35
split_gain=0.000198519 0.000448284 0.000464607 0.00236679 0.00106938 0.00041562 0.000530411 0.000374885 0.000331411 0.0006479 0.000330897 0.00042801 0.00125209 0.000384224 0.000366929 0.000372473 0.000443548 0.000290566 0.000267511 0.000239936 0.000208206 0.000187752 0.000175162 0.000152329 0.000110957 9.11406e-05 1.17418e-05
threshold=73.477499961853042 44.188463675548739 1.403420495333807 -0.52027131783085767 -0.30469410297049943 1.4400012800438724 0.013319324127549924 -0.16725037555925718 71.288985457672368 0.016874437949402802 65.953750133514419 -2.3515033974237372 -2.1228339217701335 1.6042346400329526 22.921312180330265 333511673.50000006 -0.26217565552317962 1.9377749887674021 -0.00058740862941297756 30.940872915519027 0.0017915599214126542 -0.89238739201564488 0.0044004294734578684 220053999.50000003 11.286483476432782 69.30125026702882 0.013075797141954048
decision_type=2 2 2 2 2 2 2 2 2 2 2 2 2 2 2 2 2 2 2 2 2 2 2 2 2 2 2
left_child=10 2 19 21 -5 6 18 -8 17 -10 11 -1 -13 -14 23 16 -16 -7 -3 20 -2 -4 -21 26 -25 -17 -12
right_child=1 5 3 4 -6 8 7 -9 9 -11 14 12 13 -15 15 25 -18 -19 -20 22 -22 -23 -24 24 -26 -27 -28
leaf_value=-0.00010503088955049159 4.3788951173354749e-05 3.6070799872253717e-05 0 -0.00035456093939210145 -4.3715226013347929e-06 0 0 0.0001024284491808508 -0.00015176431471864739 0 6.2432503937303604e-05 0.00023202352524267161 2.3431624625998042e-06 -6.8281870051164407e-05 0 2.0970427672383368e-05 -7.7478496459948678e-05 8.7953816923334822e-05 0 -3.989790751976754e-05 0 5.9113168543379592e-05 0 -6.3075602005432485e-05 0 -2.1183121006926752e-05 0
leaf_weight=34 172 251 34 28 39 43 36 147 37 86 38 21 1756 72 49 70 241 38 328 145 128 56 28 25 35 114 20
leaf_count=34 172 251 34 28 39 43 36 147 37 86 38 21 1756 72 49 70 241 38 328 145 128 56 28 25 35 114 20
internal_value=0 7.63261e-06 -8.87718e-06 -5.45686e-05 -0.000195739 2.15049e-05 3.26917e-05 8.11548e-05 -5.57783e-06 -4.69537e-05 -5.88374e-06 0 2.21048e-06 0 -2.54496e-05 -3.8777e-05 -6.01076e-05 2.02413e-05 1.21825e-05 0 2.17994e-05 1.73293e-05 -2.05823e-05 2.67154e-06 0 0 4.87254e-05
internal_weight=4071 1596 630 157 67 966 762 183 204 123 2475 1883 1849 1828 592 474 290 81 579 473 300 90 173 118 60 184 58
internal_count=4071 1596 630 157 67 966 762 183 204 123 2475 1883 1849 1828 592 474 290 81 579 473 300 90 173 118 60 184 58
is_linear=0
shrinkage=0.03


Tree=111
num_leaves=21
num_cat=0
split_feature=28 30 2 5 27 30 19 36 36 30 21 3 23 26 35 23 36 35 35 35
split_gain=0.000196 0.000575407 0.000730148 0.000702723 0.000899845 0.000488873 0.000416645 0.000731622 0.000370408 0.000342964 0.000724122 0.000392101 0.00100067 0.000336728 0.000332181 0.000572032 0.000278675 0.000198455 0.000267975 2.60842e-05
threshold=-499085120.99999994 59.75794538084542 46.049999237060554 11032256.500000002 -0.01077250542196955 69.472239222181216 48.739999771118171 -0.0011491291628928332 0.021409472880061117 90.645573198386771 66.747500197092705 57.875000000000007 -1.9164333259390351 1.403420495333807 0.017772702574698488 -0.70884976637474029 0.013814689175635846 0.0089999771118164078 0.012518018926842161 0.032074765444498866
decision_type=2 2 2 2 2 2 2 2 2 2 2 2 2 2 2 2 2 2 2 2
left_child=1 2 14 -4 -5 6 7 -3 9 11 -11 12 -2 -13 15 -1 -16 -7 -19 -10
right_child=8 5 3 4 -6 17 -8 -9 19 10 -12 13 -14 -15 16 -17 -18 18 -20 -21
leaf_value=-0.0001409144273274964 0.00025235069060781549 0 0 0 -0.00013075464585632249 5.384788302374502e-05 0 0.00022005033392572947 0.0001341179863553079 -0.00014813020767040123 0 5.1083338128017033e-06 7.2128914772846966e-06 -2.2174046763963373e-05 4.6781002296493899e-05 0 -1.2821790712353366e-05 -8.3874364918339392e-05 0 0
leaf_weight=37 20 20 26 21 160 28 37 31 21 42 82 2360 218 491 148 64 23 48 174 20
leaf_count=37 20 20 26 21 160 28 37 31 21 42 82 2360 218 491 148 64 23 48 174 20
internal_value=0 -1.36596e-05 -3.64848e-05 -7.90725e-05 -0.000103162 9.81552e-06 7.32332e-05 0.000128781 2.71247e-06 6.22823e-07 -4.68227e-05 3.50001e-06 4.05098e-05 0 0 -4.68452e-05 2.12278e-05 -5.32652e-07 -2.092e-05 9.30771e-05
internal_weight=4071 817 479 207 181 338 88 51 3254 3213 124 3089 238 2851 272 101 171 250 222 41
internal_count=4071 817 479 207 181 338 88 51 3254 3213 124 3089 238 2851 272 101 171 250 222 41
is_linear=0
shrinkage=0.03


Tree=112
num_leaves=26
num_cat=0
split_feature=5 36 34 26 31 33 0 29 27 26 22 25 28 26 22 33 5 31 26 24 36 28 28 22 36
split_gain=0.000192904 0.000401725 0.000721016 0.000586386 0.000414946 0.00112418 0.000793967 0.000598437 0.00104757 0.000306697 0.000268952 0.000388705 0.000384415 0.000251772 0.000217848 0.000292382 0.000291429 0.00075022 0.000556183 0.000238316 0.000148847 5.45557e-05 4.52613e-05 4.87716e-06 1.1821e-06
threshold=20092371.000000004 -0.014562618718254967 -0.042425009589756084 1.1513899845151165 -0.015878501974959599 -0.027144440701502234 40.286785125732429 39.653919570440756 0.048893383505588792 1.0206194498699224 68.858623601430864 0.3745070024151117 680751918.50000012 1.2631471858375209 63.611749791968286 0.012341423246689522 17102343.000000004 0.013919343847936029 1.5818149755834001 0.72817527966446238 -0.023324514187125733 818539249.50000012 -288843764.99999994 65.767656138811603 -0.020613090480779545
decision_type=2 2 2 2 2 2 2 2 2 2 2 2 2 2 2 2 2 2 2 2 2 2 2 2 2
left_child=10 2 20 24 7 6 -6 8 -3 -7 14 12 22 -9 16 19 17 -1 -18 -16 -2 -13 -12 -17 -4
right_child=1 4 3 -5 5 9 -8 13 -10 -11 11 21 -14 -15 15 23 18 -19 -20 -21 -22 -23 -24 -25 -26
leaf_value=3.4838803149229696e-06 -2.9836982925603378e-06 0 0 -0.00022649960383494322 -0.00013194428785325482 1.5795098526327126e-05 0 0 0.00018192074006542227 -1.4973610038578462e-05 -4.2932747604261661e-05 3.2995384310516168e-05 -0.00016266010809181424 -8.2756473265695193e-05 0 0 6.7861320472175138e-06 -8.7281991050250918e-05 0.00014936117670159491 9.1826646125019697e-05 7.7801967762427483e-05 0 0 -1.0091739324766385e-05 -7.2752950437637929e-06
leaf_weight=1588 21 80 21 32 107 558 44 41 52 610 22 45 31 33 30 29 337 86 35 96 22 21 67 43 20
leaf_count=1588 21 80 21 32 107 558 44 41 52 610 22 45 31 33 30 29 337 86 35 96 22 21 67 43 20
internal_value=0 -8.41745e-06 -6.36348e-05 -0.000123727 -2.24633e-06 -1.02357e-05 -8.72389e-05 3.43332e-05 7.69125e-05 0 4.85737e-06 -2.6128e-05 -6.30134e-05 -1.13454e-06 8.76357e-06 4.09811e-05 4.17768e-06 0 2.82993e-05 6.87398e-05 0 0 0 0 0
internal_weight=4071 1641 116 73 1525 1319 151 206 132 1168 2430 186 120 74 2244 198 2046 1674 372 126 43 66 89 72 41
internal_count=4071 1641 116 73 1525 1319 151 206 132 1168 2430 186 120 74 2244 198 2046 1674 372 126 43 66 89 72 41
is_linear=0
shrinkage=0.03


Tree=113
num_leaves=23
num_cat=0
split_feature=5 25 27 25 25 35 0 5 19 24 5 25 35 27 34 26 5 26 25 5 31 0
split_gain=0.000184138 0.000463385 0.00075592 0.000800421 0.000733991 0.000654061 0.000469914 0.000456447 0.00042361 0.000560911 0.00026319 0.000427717 0.00112844 0.000239378 0.000339818 0.000317657 0.000218962 0.000369902 0.000245524 0.000194792 0.000167342 6.71486e-05
threshold=29624162.000000004 0.10876027739653966 0.12970527006820387 -0.70102961444325174 0.22353461192468249 0.0094482455230274539 32.746248245239265 28478302.500000004 68.894998931884786 -0.32894423774202142 25666774.500000004 -0.4451699869432032 0.020219707866187941 0.96523463481383842 0.021695632214263186 1.046151408073956 24175662.500000004 1.1768483046752494 -0.81618833366786647 34270301.000000007 -0.015878501974959599 39.706989288330085
decision_type=2 2 2 2 2 2 2 2 2 2 2 2 2 2 2 2 2 2 2 2 2 2
left_child=7 2 3 -2 8 -5 19 10 9 -3 16 -12 -13 14 -6 -15 18 -18 -1 -4 -8 -9
right_child=1 4 6 5 13 -7 20 21 -10 -11 11 12 -14 15 -16 -17 17 -19 -20 -21 -22 -23
leaf_value=-7.4175239080231185e-05 4.9906967074743331e-05 0 0 0 0 -0.00010495750327973035 6.1759554338581917e-05 0.00010950149716741411 0 -0.00026033579529086397 2.7439743090250271e-05 -4.3518205291071325e-06 -0.00024179703110905885 7.330957850495466e-05 -9.2011043963821472e-05 0 8.0218977465208231e-05 0 2.4593686532905503e-06 0.00013397262839134782 -3.388893373249017e-06 0
leaf_weight=37 37 20 21 34 50 135 39 41 27 31 25 156 27 57 59 51 87 41 2889 56 128 23
leaf_count=37 37 20 21 34 50 135 39 41 27 31 25 156 27 57 59 51 87 41 2889 56 128 23
internal_value=0 -1.39083e-05 0 -3.63045e-05 -4.3608e-05 -7.29386e-05 4.09176e-05 2.54777e-06 -0.000125072 -0.000177114 6.42474e-08 -3.1443e-05 -5.58821e-05 -4.63291e-07 -4.22235e-05 1.39316e-05 3.19337e-06 4.21499e-05 4.62548e-07 0.000103856 0 8.21303e-05
internal_weight=4071 745 450 206 295 169 244 3326 78 51 3262 208 183 217 109 108 3054 128 2926 77 167 64
internal_count=4071 745 450 206 295 169 244 3326 78 51 3262 208 183 217 109 108 3054 128 2926 77 167 64
is_linear=0
shrinkage=0.03


Tree=114
num_leaves=10
num_cat=0
split_feature=33 32 25 25 34 25 35 27 1
split_gain=0.000185643 0.000837737 0.000217561 0.000859838 0.000735798 0.000399217 0.000603008 0.00048672 0.000390669
threshold=-0.07241451359837052 -0.05483290939265794 -0.40533074343966341 -0.52027131783085767 -0.0019446120876892568 0.077008888488123137 0.014604161696711587 0.42085412337404587 62.274999618530281
decision_type=2 2 2 2 2 2 2 2 2
left_child=-1 -2 3 8 -5 6 -4 -7 -3
right_child=1 2 5 4 -6 7 -8 -9 -10
leaf_value=7.1245390752104108e-05 -0.00017379127626503959 -3.3818186359734387e-05 0 -0.00011251020485206078 0 -7.174500983733014e-05 3.8054077324454536e-05 -1.2062448352911018e-06 4.0146066974171453e-05
leaf_weight=32 25 81 1382 127 28 102 575 1557 162
leaf_count=32 25 81 1382 127 28 102 575 1557 162
internal_value=0 -1.01265e-06 0 -2.09805e-05 -7.81261e-05 2.38497e-06 1.2175e-05 -7.35544e-06 3.14695e-06
internal_weight=4071 4039 4014 398 155 3616 1957 1659 243
internal_count=4071 4039 4014 398 155 3616 1957 1659 243
is_linear=0
shrinkage=0.03


Tree=115
num_leaves=20
num_cat=0
split_feature=28 24 0 28 24 25 20 5 34 28 3 3 1 25 23 0 28 31 5
split_gain=0.000183976 0.000571609 0.00145972 0.000790865 0.000530591 0.000663197 0.000509146 0.000717881 0.000502771 0.00108743 0.000812201 0.000902331 0.000736357 0.000422529 0.000357422 0.000282951 0.000246106 0.000218797 9.14753e-05
threshold=-1157915203.4999998 -0.09382896841444513 32.400531768798835 -1757701034.9999998 -0.77471572696320723 0.19645084698572918 49.254999923706059 17900112.000000004 -0.073471874082832664 63883368.000000007 54.250000000000007 49.824998855590827 57.925001144409187 -0.134064143411635 0.71607140266274183 30.287271499633793 -230402862.99999997 -0.0082686946535854271 25666774.500000004
decision_type=2 2 2 2 2 2 2 2 2 2 2 2 2 2 2 2 2 2 2
left_child=1 2 4 13 5 -1 7 -2 9 -8 11 -10 -12 -3 18 -6 -9 -16 -5
right_child=6 3 -4 14 15 -7 8 16 10 -11 12 -13 -14 -15 17 -17 -18 -19 -20
leaf_value=8.9664867703399882e-05 0 0 -0.00025393142504926981 3.4367589069148052e-05 -8.8333608109952147e-05 -3.3889028630187719e-05 0.00022108495392363767 0.00020109566028551351 0 0 7.0870292614384618e-05 -0.00010939886152759082 -5.8030764014313041e-07 0.00021816153649252825 0 0 0 -9.8477293032081387e-05 0
leaf_weight=72 45 20 30 77 93 44 29 33 107 27 133 129 3054 23 21 27 34 53 20
leaf_count=72 45 20 30 77 93 44 29 33 107 27 133 129 3054 23 21 27 34 53 20
internal_value=0 -1.78431e-05 -4.96069e-05 7.63166e-06 -1.08304e-05 1.6971e-05 1.88253e-06 6.48169e-05 0 8.89305e-05 -1.60516e-06 -5.57185e-05 1.46231e-06 0.000129173 -5.45548e-06 -6.2676e-05 0.000129025 -6.55131e-05 9.48599e-06
internal_weight=4071 480 266 214 236 116 3591 112 3479 56 3423 236 3187 43 171 120 67 74 97
internal_count=4071 480 266 214 236 116 3591 112 3479 56 3423 236 3187 43 171 120 67 74 97
is_linear=0
shrinkage=0.03


Tree=116
num_leaves=18
num_cat=0
split_feature=35 3 3 24 0 24 36 25 25 21 0 2 26 3 35 36 28
split_gain=0.000178707 0.000262291 0.000739611 0.000473925 0.000983256 0.000465738 0.000383399 0.000379255 0.000302631 0.000294786 0.000278427 0.00023789 0.000262366 0.000122694 0.00014122 0.00017998 0.00013604
threshold=0.0073891594759252542 70.02500152587892 67.375000000000014 -1.6457339117145899 29.880064010620121 -1.2021981452590491 0.016324152257335911 -1.002413628934723 -0.52027131783085767 63.953333282470709 60.544370651245124 61.524999618530281 0.78982810350231347 62.524999618530281 0.0055903181104953199 -0.00058740862941297756 1012611610.0000001
decision_type=2 2 2 2 2 2 2 2 2 2 2 2 2 2 2 2 2
left_child=11 2 3 4 -2 -5 7 -3 -9 -4 -11 12 -1 -13 15 -15 -16
right_child=1 6 9 5 -6 -7 -8 8 -10 10 -12 13 -14 14 16 -17 -18
leaf_value=0 0 -0.0001212576610782135 0 6.959691823611055e-05 -0.00014696799708323007 -1.291363174183309e-06 9.970068837494572e-05 5.4304860774980367e-05 0 -9.5573151068865209e-05 0 -5.3197296652208649e-05 9.7970551290316293e-05 1.0376948026818273e-05 3.0842329890112637e-05 -4.0100609537725238e-05 0
leaf_weight=31 84 21 30 86 61 1588 39 103 1208 153 57 24 60 84 307 95 40
leaf_count=31 84 21 30 86 61 1588 39 103 1208 153 57 24 60 84 307 95 40
internal_value=0 -3.14106e-06 -1.04698e-05 -2.19969e-06 -5.47411e-05 5.6238e-07 5.67732e-06 6.65022e-07 4.91527e-06 -6.06283e-05 -7.3915e-05 1.40744e-05 6.11564e-05 8.21171e-07 8.99787e-06 0 2.21108e-05
internal_weight=4071 3430 2059 1819 145 1674 1371 1332 1311 240 210 641 91 550 526 179 347
internal_count=4071 3430 2059 1819 145 1674 1371 1332 1311 240 210 641 91 550 526 179 347
is_linear=0
shrinkage=0.03


Tree=117
num_leaves=28
num_cat=0
split_feature=5 36 34 26 31 33 0 35 36 26 24 28 28 5 23 23 34 26 26 35 31 28 32 32 1 36 36
split_gain=0.000181516 0.000379975 0.00066971 0.000536105 0.000398138 0.00102988 0.000739262 0.00063269 0.000704099 0.000280595 0.000276539 0.000637108 0.000468384 0.000571386 0.000343805 0.000395759 0.000334235 0.000542301 0.000332077 0.000251116 0.000248729 0.000236578 0.000225974 0.000206995 0.000182025 0.000128704 6.52259e-07
threshold=20092371.000000004 -0.014562618718254967 -0.042425009589756084 1.1513899845151165 -0.015878501974959599 -0.027144440701502234 40.286785125732429 0.014220278636748808 -0.0021119750510873998 1.0206194498699224 0.1287418440995152 129662311.50000001 278159825.50000006 9444841.5000000019 1.5974219044714391 2.5061457469107222 0.043476014648390356 1.0041209140118725 0.90723625807974295 0.0098123144128183012 0.00083856531338144535 791075597.00000012 0.01338189032567594 0.0011834655620462933 54.675001144409187 -0.023324514187125733 -0.020613090480779545
decision_type=2 2 2 2 2 2 2 2 2 2 2 2 2 2 2 2 2 2 2 2 2 2 2 2 2 2 2
left_child=10 2 25 26 7 6 -6 19 -9 -7 11 16 13 24 21 -16 17 -1 -15 -3 23 -14 -22 -13 -12 -2 -4
right_child=1 4 3 -5 5 9 -8 8 -10 -11 12 20 14 18 15 -17 -18 -19 -20 -21 22 -23 -24 -25 -26 -27 -28
leaf_value=1.3813497357095192e-06 -1.4207023885586523e-06 7.3460296060633179e-06 0 -0.00021822774654393578 -0.00012680606471429415 1.4978307902584205e-05 0 0.00012703757012664317 0 -1.4446350104305371e-05 0 -3.9557538036574123e-05 3.8308774184657096e-05 0 -6.7534898240907958e-05 0 0 7.6512799363196894e-05 -6.065680476288436e-05 -6.8269018049246213e-05 3.2301925408271695e-05 0 -8.0734867648804041e-06 0 8.6217401958892757e-05 7.2383751789301752e-05 -5.4042214360922039e-06
leaf_weight=252 21 34 21 32 107 558 44 89 35 610 22 228 355 157 92 72 34 282 298 48 241 182 80 101 34 22 20
leaf_count=252 21 34 21 32 107 558 44 89 35 610 22 228 355 157 92 72 34 282 298 48 241 182 80 101 34 22 20
internal_value=0 -8.10996e-06 -6.18043e-05 -0.000119633 -2.0548e-06 -9.92414e-06 -8.36307e-05 3.37562e-05 8.05028e-05 0 4.77584e-06 1.54261e-05 -3.45248e-06 -2.70265e-05 9.45445e-06 -1.97303e-05 3.89772e-05 4.66813e-05 -4.18721e-05 -4.04874e-07 -5.42122e-07 2.3955e-05 1.28973e-05 -2.27704e-05 3.99772e-05 0 0
internal_weight=4071 1641 116 73 1525 1319 151 206 124 1168 2430 1218 1212 511 701 164 568 534 455 82 650 537 321 329 56 43 41
internal_count=4071 1641 116 73 1525 1319 151 206 124 1168 2430 1218 1212 511 701 164 568 534 455 82 650 537 321 329 56 43 41
is_linear=0
shrinkage=0.03


Tree=118
num_leaves=18
num_cat=0
split_feature=34 5 33 26 34 0 35 35 24 34 19 27 27 24 0 0 21
split_gain=0.000177668 0.000424206 0.000347469 0.000462904 0.000871993 0.000593757 0.000405009 0.000434268 0.000887469 0.000375448 0.000932537 0.000541075 0.000369959 0.000209245 0.000403812 0.00015942 5.21601e-05
threshold=0.079414432873510812 42119825.500000007 0.02010656637543318 1.0111195753076945 0.033483458198535716 41.755178451538093 0.010475811854930581 0.013254493992681039 -1.593325315638223 0.022095368113517647 45.519999694824229 0.38909717309548669 0.043005652749231786 -0.97490506751166206 40.061540603637702 43.452611923217781 61.253333346048997
decision_type=2 2 2 2 2 2 2 2 2 2 2 2 2 2 2 2 2
left_child=2 -2 6 4 16 -6 13 8 -8 11 -11 -5 -9 14 -1 -15 -4
right_child=1 -3 3 9 5 -7 7 12 -10 10 -12 -13 -14 15 -16 -17 -18
leaf_value=9.2571005892978981e-05 0 -0.00014400191712139664 -1.9711989823863198e-05 0 0.00017227869849582308 0 -0.00022684449841040358 -4.130009890834362e-05 -2.0585102364632636e-05 -0.00017076728536097563 0 9.8466608192170687e-05 3.9675148391003021e-06 -3.1020843923988153e-06 0 1.666369400338629e-05 1.8704455221598886e-05
leaf_weight=74 34 26 63 39 68 47 24 185 593 31 294 78 1099 809 29 514 64
leaf_count=74 34 26 63 39 68 47 24 185 593 31 294 78 1099 809 29 514 64
internal_value=0 -5.15062e-05 3.39458e-07 2.04258e-05 5.38493e-05 0.000113656 -2.88892e-06 -1.26032e-05 -3.35051e-05 0 -1.44241e-05 4.80415e-05 -2.2113e-07 7.95752e-06 5.13221e-05 2.31041e-06 0
internal_weight=4071 60 4011 684 242 115 3327 1901 617 442 325 117 1284 1426 103 1323 127
internal_count=4071 60 4011 684 242 115 3327 1901 617 442 325 117 1284 1426 103 1323 127
is_linear=0
shrinkage=0.03


Tree=119
num_leaves=17
num_cat=0
split_feature=33 27 35 36 26 36 25 30 1 22 35 23 22 35 28 35
split_gain=0.000170638 0.000381656 0.000861716 0.00212544 0.000694888 0.000276334 0.000829846 0.000732593 0.000414934 0.000288371 0.00114079 0.000228863 5.9963e-05 0.000165699 7.58452e-05 2.13746e-09
threshold=-0.07241451359837052 0.036383376062028273 0.015124796847815109 -0.0045836426964354195 1.1834621494409505 -0.010498788779916045 0.053345856660735082 24.670725364287055 61.574998855590827 33.541344724667866 0.019867487043967423 -1.5869454562833238 36.820596732872417 0.01185184054904514 101124008.00000001 0.019395036305318285
decision_type=2 2 2 2 2 2 2 2 2 2 2 2 2 2 2 2
left_child=-1 2 12 15 -5 6 7 -3 -8 10 -7 -11 13 -2 -14 -4
right_child=1 5 3 4 -6 9 8 -9 -10 11 -12 -13 14 -15 -16 -17
leaf_value=6.8272908509787271e-05 -4.1151682722015816e-05 -0.00012981514282320737 0 0 -0.00036739747035677967 0 -0.00018379885569864483 4.5725749144905486e-05 0 -3.9211448277485947e-05 0.00025760012574549483 3.4117566636087818e-06 0 9.4242809463025151e-07 5.1889616097592848e-05 2.0885802045160032e-07
leaf_weight=32 90 24 25 26 27 130 39 121 52 112 20 3221 25 39 44 44
leaf_count=32 90 24 25 26 27 130 39 121 52 112 20 3221 25 39 44 44
internal_value=0 -9.88858e-07 -3.27889e-05 -9.57614e-05 -0.000238979 9.41525e-07 -2.91468e-05 0 -0.00010198 3.84232e-06 4.5231e-05 1.07828e-06 0 -5.19688e-06 2.70284e-05 0
internal_weight=4071 4039 320 122 53 3719 236 145 91 3483 150 3333 198 129 69 69
internal_count=4071 4039 320 122 53 3719 236 145 91 3483 150 3333 198 129 69 69
is_linear=0
shrinkage=0.03


Tree=120
num_leaves=21
num_cat=0
split_feature=20 30 27 35 30 23 5 34 36 28 25 24 30 20 32 30 29 25 28 29
split_gain=0.000166937 0.000405266 0.000522975 0.000953428 0.000560223 0.000458881 0.000396025 0.000496736 0.000740365 0.000987195 0.000508717 0.00106989 0.000394176 0.000485925 0.000504904 0.000392109 0.00035222 0.00047564 0.000249137 0.000207975
threshold=73.477499961853042 44.188463675548739 0.14958805109621839 0.017479855441339485 35.709496401585007 0.18636945088810822 82190074.000000015 -0.061298558897511839 0.0047281232425667409 69941828.000000015 -0.4161242156281873 -0.18736421082040147 49.920445360001956 84.668750572204601 -0.001154718351250472 69.472239222181216 15.012753957976944 -0.37080286250187405 1018919057.5000001 13.114998926063011
decision_type=2 2 2 2 2 2 2 2 2 2 2 2 2 2 2 2 2 2 2 2
left_child=6 2 16 4 -4 -5 7 8 9 -1 11 -9 -3 18 -15 -12 19 -18 -14 -2
right_child=1 12 3 5 -6 -7 -8 10 -10 -11 15 -13 13 14 -16 -17 17 -19 -20 -21
leaf_value=0.0002112002298789609 0 8.5866066157247006e-05 8.4563340597460249e-06 0 -6.9501688925701938e-05 -0.00024880881834735683 -0.00010800642590237476 0 0 0 5.7035701583283357e-06 -0.00018715247024864113 3.7463407282099156e-05 -6.5028589479311163e-05 2.8576257266800081e-06 -2.0328350434121157e-05 0.00011462730173037538 0 0 -8.3107855976421744e-05
leaf_weight=43 79 90 251 23 103 27 35 77 24 21 1478 43 497 120 204 754 64 56 55 27
leaf_count=43 79 90 251 23 103 27 35 77 24 21 1478 43 497 120 204 754 64 56 55 27
internal_value=0 7.11897e-06 -8.43522e-06 -3.21754e-05 -5.76741e-06 -0.000158879 -5.29344e-06 -2.58628e-06 6.46034e-05 0.000127009 -6.37827e-06 -6.74702e-05 2.03681e-05 1.02056e-05 -1.30413e-05 -1.74686e-06 2.073e-05 5.87237e-05 2.92841e-05 0
internal_weight=4071 1596 630 404 354 50 2475 2440 88 64 2352 120 966 876 324 2232 226 120 552 106
internal_count=4071 1596 630 404 354 50 2475 2440 88 64 2352 120 966 876 324 2232 226 120 552 106
is_linear=0
shrinkage=0.03


Tree=121
num_leaves=19
num_cat=0
split_feature=24 24 24 34 34 32 35 28 26 4 27 32 26 33 26 23 24 32
split_gain=0.000160317 0.000638005 0.000556842 0.000749178 0.000722732 0.000570014 0.000547786 0.000543568 0.00054222 0.00093822 0.00100039 0.000421971 0.000478473 0.000374928 0.000269062 0.00013857 0.000124139 8.4525e-05
threshold=-0.99509926539634119 -1.6457339117145899 -0.62242522180412518 -0.078424533568001317 -0.013939068555536503 -0.050216766851794596 0.019746486198344248 502895564.00000006 1.8859090449597844 40.524999618530281 0.21800136424759009 0.026058671348273891 1.7230072715798839 -0.04760723605101818 0.81903776986024801 -0.40852937121719884 -0.71983709572854859 0.036579903373576979
decision_type=2 2 2 2 2 2 2 2 2 2 2 2 2 2 2 2 2 2
left_child=1 8 4 -4 6 -5 7 -2 9 -1 -11 12 14 -7 -3 16 -6 -13
right_child=2 11 3 5 15 13 -8 -9 -10 10 -12 17 -14 -15 -16 -17 -18 -19
leaf_value=4.4187633711960602e-05 -0.00017550197085525082 0 0.00014495560129485353 -0.0001351307148747295 2.9100814533040496e-05 8.6479207234041027e-05 0 0 4.2764113017960278e-05 0 -0.00017862394973367716 -5.8670206926763043e-05 0 -2.2699847918787767e-07 8.4565098514932283e-05 -5.2278425653622826e-05 0 0
leaf_weight=24 70 20 32 28 140 45 33 29 42 51 68 22 21 3109 235 43 37 22
leaf_count=24 70 20 32 28 140 45 33 29 42 51 68 22 21 3109 235 43 37 22
internal_value=0 1.53254e-05 -2.68212e-06 3.26795e-07 -3.86681e-05 -1.8941e-07 -9.43894e-05 -0.000129811 -1.86135e-05 -5.76222e-05 -0.000103364 4.43181e-05 6.04366e-05 6.16503e-08 7.51088e-05 0 6.25068e-06 0
internal_weight=4071 505 3566 3214 352 3182 132 99 185 143 119 320 276 3154 255 220 177 44
internal_count=4071 505 3566 3214 352 3182 132 99 185 143 119 320 276 3154 255 220 177 44
is_linear=0
shrinkage=0.03


Tree=122
num_leaves=20
num_cat=0
split_feature=26 26 22 30 29 30 28 25 30 25 0 34 24 24 24 2 34 30 31
split_gain=0.000159558 0.000877982 0.000608707 0.000817095 0.000774503 0.000538523 0.000874317 0.000801514 0.000455404 0.000397714 0.000268107 0.000243087 0.000757644 0.000380192 0.000315197 0.000213738 0.000105677 0.000462092 0.000104545
threshold=1.393878332570696 1.5433447253019756 31.636248248668988 20.485087210190063 38.677792800435775 51.103140342516724 579885952.00000012 -0.4161242156281873 7.715499018530215 -0.76473947490064853 36.519456863403327 -0.039974652829509953 -1.5090734650935562 -1.593325315638223 -1.0123414868995761 59.074998855590827 0.01467680215249645 83.497960340202809 -0.015468328920867134
decision_type=2 2 2 2 2 2 2 2 2 2 2 2 2 2 2 2 2 2 2
left_child=8 5 -3 9 -5 6 7 -2 10 -4 -1 12 -10 15 -15 -13 -7 -18 -14
right_child=1 2 3 4 -6 16 -8 -9 11 -11 -12 13 18 14 -16 -17 17 -19 -20
leaf_value=-0.00016952466875120502 0 0.00014472735505122902 -0.00023230229389728667 8.9745550663604439e-05 -8.1316609122124859e-06 1.1535454223043893e-05 0 -0.00029659387010699725 0.0002034855222287164 0 0 -9.322413659064121e-05 3.6636555607178375e-05 4.0555599721923503e-05 1.3387998679820426e-07 0 -0.00013668742670498894 0 0
leaf_weight=21 24 26 20 85 324 35 21 33 23 25 24 57 70 198 2893 22 27 20 123
leaf_count=21 24 26 20 85 324 35 21 33 23 25 24 57 70 198 2893 22 27 20 123
internal_value=0 -1.41765e-05 1.12944e-07 -1.59251e-06 4.89336e-06 -7.57565e-05 -0.000134054 -0.000195858 2.08805e-06 -0.000126941 -8.99727e-05 4.20014e-06 3.56475e-05 1.10996e-06 3.69493e-06 -6.19813e-05 0 -4.38195e-05 1.50192e-08
internal_weight=4071 640 480 454 409 160 78 57 3431 45 45 3386 216 3170 3091 79 82 47 193
internal_count=4071 640 480 454 409 160 78 57 3431 45 45 3386 216 3170 3091 79 82 47 193
is_linear=0
shrinkage=0.03


Tree=123
num_leaves=30
num_cat=0
split_feature=5 27 29 33 27 35 5 26 32 26 27 24 35 5 24 20 26 23 23 23 23 23 1 26 34 33 23 1 23
split_gain=0.000164699 0.000318802 0.000569451 0.000382249 0.000514505 0.000378728 0.000315616 0.00043013 0.000264683 0.000697464 0.00035344 0.000253037 0.000564454 0.000708297 0.000604273 0.000321003 0.000450016 0.000580793 0.000332406 0.000404825 0.000315129 0.000313579 0.000187635 0.000179424 0.000172001 0.00012298 0.000135599 0.000121274 3.12636e-06
threshold=20092371.000000004 0.87289300127003766 78.849335527043664 0.0044543509387302569 0.21526269696817377 0.0088610450909478809 22350825.000000004 1.0157255907022196 0.015092879895713731 1.0111195753076945 1.1486299207167572 0.1287418440995152 0.017138976337923641 11623132.500000002 -0.92454584895567182 70.338749885559096 0.90723625807974295 1.2924261474394891 1.5974219044714391 2.5061457469107222 0.4914552117415632 -0.02664460004384139 54.675001144409187 0.91904474172410688 -0.0022156846600193676 0.013555727552956977 0.80412088247467406 61.925001144409187 0.93008393734413641
decision_type=2 2 2 2 2 2 2 2 2 2 2 2 2 2 2 2 2 2 2 2 2 2 2 2 2 2 2 2 2
left_child=11 2 3 5 -5 -2 -4 -8 25 10 -10 12 21 -14 -15 16 24 -18 20 -20 -17 22 -1 -23 -13 28 -27 -11 -3
right_child=1 8 6 4 -6 -7 7 -9 9 27 -12 15 13 14 -16 18 17 -19 19 -21 -22 23 -24 -25 -26 26 -28 -29 -30
leaf_value=-3.891304453611942e-05 1.1795454123782659e-05 0 0 0.00015527814209412831 0 -2.9612890693259545e-05 0 -0.00017038467983592547 0.00011327987794944415 -4.9177415141352589e-05 0 4.811051318477614e-05 0 0.00020202328698823798 1.3274670070375129e-05 0 -6.5448804975423464e-05 1.0145598514771657e-05 -6.7687036070847079e-05 0 4.1309428283990555e-05 0 1.3978822233101459e-09 5.460611619485651e-05 -3.3470889968252113e-06 0 -8.1467968200519159e-05 9.4637416123131107e-07 1.0189576280624186e-05
leaf_weight=113 154 29 36 23 259 717 20 50 96 45 29 66 23 47 87 174 277 45 95 72 322 87 708 153 161 35 36 85 27
leaf_count=113 154 29 36 23 259 717 20 50 96 45 29 66 23 47 87 174 277 45 95 72 322 87 708 153 161 35 36 85 27
internal_value=0 -7.775e-06 -1.61915e-05 -7.17241e-06 1.82461e-05 -1.88471e-05 -8.59213e-05 -0.000123393 1.21099e-05 3.35636e-05 8.5527e-05 4.49148e-06 1.4709e-05 6.93861e-05 0.00010195 -3.30193e-06 -2.19221e-05 -4.55706e-05 7.59333e-06 -2.06653e-05 2.31573e-05 3.7852e-06 -1.70512e-06 3.50543e-05 0 -7.35536e-06 -4.06622e-05 0 0
internal_weight=4071 1641 1259 1153 282 871 106 70 382 255 125 2430 1218 157 134 1212 549 322 663 167 496 1061 821 240 227 127 71 130 56
internal_count=4071 1641 1259 1153 282 871 106 70 382 255 125 2430 1218 157 134 1212 549 322 663 167 496 1061 821 240 227 127 71 130 56
is_linear=0
shrinkage=0.03


Tree=124
num_leaves=17
num_cat=0
split_feature=36 30 35 31 35 33 0 0 5 5 26 34 25 5 5 23
split_gain=0.000158301 0.000604124 0.000508742 0.000338172 0.0005919 0.000452628 0.000531892 0.00111924 0.000294323 0.000269211 0.000373644 0.000340438 0.000266796 0.000264412 0.000225735 4.55595e-05
threshold=-0.014562618718254967 23.988446358624525 0.028492460288314207 -0.015468328920867134 0.022176786242234126 -0.027506107662314924 40.286785125732429 31.05664157867432 49687500.000000007 29624162.000000004 1.0095984607832904 -0.02587394700533013 0.025615199011371059 51036642.500000007 31896368.000000004 -0.42698852265785087
decision_type=2 2 2 2 2 2 2 2 2 2 2 2 2 2 2 2
left_child=1 -1 12 4 8 6 7 -5 14 11 -11 -7 -3 -4 -2 -8
right_child=3 2 13 5 -6 9 15 -9 -10 10 -12 -13 -14 -15 -16 -17
leaf_value=-0.0001482897351227904 0 0.00012125001153894601 -0.00010859801621680118 0 0.00014424800047734541 3.9248921391250963e-05 4.5166123183200877e-05 -0.00015673007407660075 -8.2003501524168854e-05 9.7480574978335721e-08 -4.2922306848727234e-05 8.058994905802427e-07 0 0 6.3584589471851912e-05 0
leaf_weight=31 152 33 38 67 40 246 20 77 21 178 275 2713 21 21 81 57
leaf_count=31 152 33 38 67 40 246 20 77 21 178 275 2713 21 21 81 57
internal_value=0 -3.11888e-05 0 7.6509e-07 3.21185e-05 -9.47255e-07 -4.29514e-05 -7.84387e-05 2.60414e-06 8.95367e-07 -1.94009e-05 5.01695e-06 6.75016e-05 -5.98027e-05 2.31316e-05 0
internal_weight=4071 144 113 3927 294 3633 221 144 254 3412 453 2959 54 59 233 77
internal_count=4071 144 113 3927 294 3633 221 144 254 3412 453 2959 54 59 233 77
is_linear=0
shrinkage=0.03


Tree=125
num_leaves=16
num_cat=0
split_feature=34 5 33 35 35 24 24 23 23 23 30 24 0 0 23
split_gain=0.000152691 0.000381541 0.000332029 0.000356365 0.000424592 0.000780762 0.000337437 0.00025957 0.00037492 0.000351141 0.000279699 0.000175522 0.000379768 0.000147502 0.000117913
threshold=0.079414432873510812 42119825.500000007 0.02010656637543318 0.010475811854930581 0.013254493992681039 -1.593325315638223 0.1287418440995152 -1.5869454562833238 1.2023920650494733 0.82028260487225435 48.528316715341411 -0.97490506751166206 40.061540603637702 43.452611923217781 1.44303072935913
decision_type=2 2 2 2 2 2 2 2 2 2 2 2 2 2 2
left_child=2 -2 3 11 5 -5 -6 10 9 -9 -4 12 -1 -13 -10
right_child=1 -3 7 4 6 -7 -8 8 14 -11 -12 13 -14 -15 -16
leaf_value=8.7829285414619865e-05 0 -0.00013563939256810355 0 -0.00021525413351806353 1.202015489834301e-05 -1.9986353361974401e-05 -1.8584389077880574e-05 2.2335435727690022e-05 -5.421863437878222e-05 0.00012318693448968532 -0.00011631947896902016 -3.1616606429991629e-06 0 1.5890690057433655e-05 0
leaf_weight=74 34 26 25 24 696 593 588 429 36 61 20 809 29 514 113
leaf_count=74 34 26 25 24 696 593 588 429 36 61 20 809 29 514 113
internal_value=0 -4.771e-05 3.93073e-07 -2.74258e-06 -1.18898e-05 -3.2477e-05 0 2.00285e-05 2.76273e-05 4.10342e-05 -2.11781e-05 7.34797e-06 4.72128e-05 1.97363e-06 0
internal_weight=4071 60 4011 3327 1901 617 1284 684 639 490 45 1426 103 1323 149
internal_count=4071 60 4011 3327 1901 617 1284 684 639 490 45 1426 103 1323 149
is_linear=0
shrinkage=0.03


Tree=126
num_leaves=19
num_cat=0
split_feature=26 26 35 21 29 22 30 29 30 25 32 34 24 24 24 2 35 27
split_gain=0.000149608 0.000817622 0.00126684 0.00117026 0.000995545 0.000565926 0.000765809 0.000726546 0.000425078 0.000372676 0.000347513 0.000236546 0.000699553 0.000344624 0.000285938 0.000200456 0.000112108 8.23486e-05
threshold=1.393878332570696 1.5433447253019756 0.012476021766649725 53.988333384195968 46.927861494644183 31.636248248668988 20.485087210190063 38.677792800435775 7.715499018530215 -0.76473947490064853 -0.016639539845914316 -0.039974652829509953 -1.5090734650935562 -1.593325315638223 -1.0123414868995761 59.074998855590827 0.017298167641938398 0.57482968701242843
decision_type=2 2 2 2 2 2 2 2 2 2 2 2 2 2 2 2 2 2
left_child=8 2 17 -4 -5 -3 9 -8 10 -7 -1 12 -10 15 -15 -13 -14 -2
right_child=1 5 3 4 -6 6 7 -9 11 -11 -12 13 16 14 -16 -17 -18 -19
leaf_value=-0.00017162501638675131 5.135659735957019e-05 0.00013956123553537599 0 -0.00033052414958494253 -2.5385286792834044e-06 -0.00022493570573878152 8.6921447773516552e-05 -7.7691949733329072e-06 0.00019721772213309228 0 0 -8.9113957492468272e-05 2.9565164346505435e-05 3.8821418957596588e-05 2.1227891232033062e-07 0 -3.8713473384680646e-06 0
leaf_weight=22 28 26 31 36 38 20 85 324 23 25 23 57 114 198 2893 22 79 27
leaf_count=22 28 26 31 36 38 20 85 324 23 25 23 57 114 198 2893 22 79 27
internal_value=0 -1.36231e-05 -7.30634e-05 -0.000137768 -0.000202816 0 -1.46498e-06 4.59306e-06 2.1494e-06 -0.000122933 -8.65958e-05 4.21732e-06 3.52748e-05 1.15371e-06 3.65717e-06 -5.87521e-05 3.47808e-07 0
internal_weight=4071 640 160 105 74 480 454 409 3431 45 45 3386 216 3170 3091 79 193 55
internal_count=4071 640 160 105 74 480 454 409 3431 45 45 3386 216 3170 3091 79 193 55
is_linear=0
shrinkage=0.03


Tree=127
num_leaves=17
num_cat=0
split_feature=36 24 19 5 31 35 31 36 5 26 33 33 33 36 32 28
split_gain=0.000149984 0.000456357 0.000349948 0.000375562 0.000318733 0.00056741 0.00044898 0.000428108 0.000596673 0.000257892 0.000239282 0.000704414 0.00033136 0.000169656 9.21552e-05 4.83478e-05
threshold=-0.014562618718254967 0.17589214291825134 49.739999771118171 40568284.500000007 -0.015468328920867134 0.014937490915364846 -0.014243782105713807 0.0020693571268393151 31896368.000000004 1.1302501906678775 -0.027506107662314924 -0.034336216470596863 -0.016359500805088575 -0.006892571300954233 -0.017783233883099988 101124008.00000001
decision_type=2 2 2 2 2 2 2 2 2 2 2 2 2 2 2 2
left_child=1 2 3 -1 5 13 -6 8 -7 -3 11 -8 -12 -2 -15 -4
right_child=4 9 15 -5 6 7 10 -9 -10 -11 12 -13 -14 14 -16 -17
leaf_value=0 -6.1661038806636945e-05 0 0.00010967974443434432 -0.00014483956523682099 -0.00010200544170674431 0 0 0 0.00018713097445672243 -0.00015543110532659999 3.3141080811242145e-05 -9.617077119263793e-05 0 0 4.5450756384663697e-05 0
leaf_weight=23 39 21 21 21 39 76 124 25 49 32 286 90 3094 63 42 26
leaf_count=23 39 21 21 21 39 76 124 25 49 32 286 90 3094 63 42 26
internal_value=0 -3.03432e-05 0 -4.87114e-05 7.67084e-07 3.12067e-05 -8.71289e-07 7.2872e-05 9.72186e-05 -0.00010116 0 -3.05137e-05 2.17624e-06 0 6.19172e-06 6.68224e-05
internal_weight=4071 144 91 44 3927 294 3633 150 125 53 3594 214 3380 144 105 47
internal_count=4071 144 91 44 3927 294 3633 150 125 53 3594 214 3380 144 105 47
is_linear=0
shrinkage=0.03


Tree=128
num_leaves=16
num_cat=0
split_feature=5 5 34 26 26 33 34 5 24 22 5 26 5 20 31
split_gain=0.000147252 0.000422261 0.000280778 0.000288945 0.000261704 0.000556354 0.000349897 0.000219874 0.000367911 0.000387781 0.000213551 0.000335447 0.000154829 4.70129e-05 1.36082e-05
threshold=29624162.000000004 28478302.500000004 0.079414432873510812 0.83167589306110135 1.0063305197758268 -1.0000000180025095e-35 0.024117908142537673 25666774.500000004 -0.92454584895567182 65.767656138811603 24175662.500000004 1.1768483046752494 20092371.000000004 66.071249580383309 -0.005375069325029568
decision_type=2 2 2 2 2 2 2 2 2 2 2 2 2 2 2
left_child=1 7 3 14 5 -5 -6 10 -9 -10 12 -12 -1 -3 -2
right_child=2 13 -4 4 6 -7 -8 8 9 -11 11 -13 -14 -15 -16
leaf_value=4.2741311782026066e-06 0 0.00010485964469284171 -9.5685701089120071e-05 0 0 8.2777223823290153e-05 -5.1317373158931621e-05 9.0673564173058267e-06 -7.844348059291767e-05 0 7.7218293849210364e-05 0 -1.3841406789947113e-05 0 -8.5873669040880676e-05
leaf_weight=2430 22 40 39 87 322 101 136 35 138 35 87 41 496 24 38
leaf_count=2430 22 40 39 87 322 101 136 35 138 35 87 41 496 24 38
internal_value=0 2.36319e-06 -1.23667e-05 -3.5025e-06 0 3.1951e-05 -9.74555e-06 0 -2.87948e-05 -5.37867e-05 2.88059e-06 4.12004e-05 1.77658e-07 7.88579e-05 -6.68663e-05
internal_weight=4071 3326 745 706 646 188 458 3262 208 173 3054 128 2926 64 60
internal_count=4071 3326 745 706 646 188 458 3262 208 173 3054 128 2926 64 60
is_linear=0
shrinkage=0.03


Tree=129
num_leaves=23
num_cat=0
split_feature=25 23 29 31 27 27 32 32 23 0 29 25 30 25 30 21 0 27 30 31 0 26
split_gain=0.000148375 0.000490707 0.000434711 0.000471446 0.000778036 0.00053366 0.000470758 0.00045809 0.000891701 0.00170497 0.000421967 0.000387636 0.000344418 0.000276841 0.000845101 0.000773131 0.000388604 0.000466441 0.000250108 0.000234493 0.000142745 6.62276e-05
threshold=0.077008888488123137 -1.5869454562833238 56.855169855274369 -0.0064131802584388433 0.25205392402832533 0.34216203136935069 0.0023148654423232888 0.028841380838822043 -1.9164333259390351 31.514273643493656 51.053736350763472 0.0098793101515851651 56.180702002676455 0.18154354912719442 68.523870857348996 66.53666683832806 43.302679061889656 0.88172775507826928 85.439591987869093 0.025626133726258885 43.302679061889656 1.3826743268284831
decision_type=2 2 2 2 2 2 2 2 2 2 2 2 2 2 2 2 2 2 2 2 2 2
left_child=2 21 7 4 -4 12 -7 8 9 -1 -10 -6 -5 14 20 -16 17 -15 -18 -9 -3 -2
right_child=1 13 3 5 11 6 -8 19 10 -11 -12 -13 -14 16 15 -17 18 -19 -20 -21 -22 -23
leaf_value=0.00022642573230732604 0 0 0 -0.00010969023076805271 0.0001649495062412217 -8.143075238927486e-06 4.5523230547178432e-05 -0.00016146653692232716 0 0 -5.3357429237074321e-05 0 0 0 -0.00013012503369296598 0 -3.6080178821977096e-05 4.9609769338027582e-05 0 0 3.6994196073203902e-05 -0.00012852128117512435
leaf_weight=45 22 183 25 46 69 124 327 24 1502 34 142 24 24 434 100 111 251 278 153 23 95 35
leaf_count=45 22 183 25 46 69 124 327 24 1502 34 142 24 24 434 100 111 251 278 153 23 95 35
internal_value=0 -7.20449e-06 4.42946e-06 2.60445e-05 8.38829e-05 7.17414e-06 2.4119e-05 -1.68014e-06 0 9.91583e-05 -3.88308e-06 0.000128246 -5.9082e-05 -2.19592e-06 -2.21617e-05 -6.87965e-05 3.8658e-06 1.92779e-05 -1.58703e-05 -9.41244e-05 2.45831e-06 -9.5445e-05
internal_weight=4071 1662 2409 639 118 521 451 1770 1723 79 1644 93 70 1605 489 211 1116 712 404 47 278 57
internal_count=4071 1662 2409 639 118 521 451 1770 1723 79 1644 93 70 1605 489 211 1116 712 404 47 278 57
is_linear=0
shrinkage=0.03


Tree=130
num_leaves=24
num_cat=0
split_feature=5 32 35 35 5 25 27 25 25 35 32 5 21 36 35 24 5 27 32 26 34 24 25
split_gain=0.000146404 0.000412545 0.00114914 0.000754948 0.000431693 0.00040459 0.000690151 0.000704078 0.000661218 0.000597514 0.000537289 0.000473646 0.000387795 0.000195183 0.000190505 0.000338387 0.000215297 0.000187837 0.000394009 0.000255454 0.000163174 0.000142189 1.53689e-06
threshold=29624162.000000004 -0.028147270627809359 0.018187934223287319 0.021186217971196537 27844377.000000004 0.10876027739653966 0.12970527006820387 -0.70102961444325174 0.22353461192468249 0.0094482455230274539 0.027725035688828673 33240805.500000004 69.931249872843452 0.0064205312036509756 0.019568472230658145 -0.76292248379114669 11455991.000000002 0.96523463481383842 0.0061903477240933267 1.046151408073956 0.011872199027403886 -0.27818764549996339 -0.15436593100546028
decision_type=2 2 2 2 2 2 2 2 2 2 2 2 2 2 2 2 2 2 2 2 2 2 2
left_child=1 2 22 -4 14 6 7 -2 12 -9 11 -8 21 -6 16 -16 -3 18 -10 -19 -12 -7 -1
right_child=5 4 3 -5 13 8 10 9 17 -11 20 -13 -14 -15 15 -17 -18 19 -20 -21 -22 -23 -24
leaf_value=0 4.3843601493923002e-05 1.3301107112934091e-05 -0.00031709504464933115 0 9.4965648891858645e-05 0 0 0 0 -9.9538403471775339e-05 -8.5856649753595897e-05 9.7047235915173445e-05 0 0 8.0196629194487503e-05 0 -5.1470822047263321e-06 6.5738632044928507e-05 -9.5906008785833904e-05 0 0 -0.00021017310390414063 7.5759038839226361e-06
leaf_weight=30 37 782 20 27 70 20 56 34 54 135 20 137 23 29 76 177 2091 57 55 51 31 35 24
leaf_count=30 37 782 20 27 70 20 56 34 54 135 20 137 23 29 76 177 2091 57 55 51 31 35 24
internal_value=0 2.29465e-06 -5.51378e-05 -0.000168771 5.02517e-06 -1.23829e-05 0 -3.40134e-05 -4.02627e-05 -6.88159e-05 3.95953e-05 6.69274e-05 -0.000117239 6.78732e-05 2.07301e-06 2.70277e-05 0 0 -3.73503e-05 1.24861e-05 -5.05839e-06 -0.000160675 0
internal_weight=4071 3326 101 47 3225 745 450 206 295 169 244 193 78 99 3126 253 2873 217 109 108 51 55 54
internal_count=4071 3326 101 47 3225 745 450 206 295 169 244 193 78 99 3126 253 2873 217 109 108 51 55 54
is_linear=0
shrinkage=0.03


Tree=131
num_leaves=31
num_cat=0
split_feature=30 30 28 30 30 33 31 29 4 34 26 2 24 34 19 30 34 27 27 0 20 5 5 36 31 36 5 5 24 32
split_gain=0.000142958 0.000521899 0.000464782 0.00055008 0.000465585 0.000385386 0.000374183 0.000365837 0.000485455 0.000808995 0.000360519 0.000335991 0.000619431 0.000432292 0.000399894 0.000331153 0.000313934 0.000308156 0.00115382 0.000334995 0.000292209 0.000245725 0.000183437 0.000144914 8.06317e-05 4.37409e-05 4.23343e-05 3.01633e-05 2.08253e-05 9.15499e-06
threshold=69.472239222181216 54.391690969242049 -682756590.99999988 40.381139272722685 33.445727185764163 0.0089303564991729551 0.014231051764961313 75.292387584263011 48.875000000000007 0.0090144360172834687 1.156303208417645 78.224998474121108 1.4400012800438724 0.016874437949402802 67.309999847412129 72.848922125577459 0.0028072268719546716 0.72442434192144567 0.68667935106283673 43.615045547485359 58.454999923706062 33240805.500000004 20523160.000000004 0.0044600488354861962 -0.0036701466130508171 0.0025630012142365617 23210038.500000004 33240805.500000004 0.049553461246135931 0.013246916653404829
decision_type=2 2 2 2 2 2 2 2 2 2 2 2 2 2 2 2 2 2 2 2 2 2 2 2 2 2 2 2 2 2
left_child=1 2 3 4 -1 16 -7 8 9 -3 -5 14 15 24 17 -13 -4 18 -2 -19 -10 -17 23 -16 -14 -15 29 -24 -28 -9
right_child=11 7 5 10 -6 6 -8 26 20 -11 -12 12 13 25 22 21 -18 19 -20 -21 -22 -23 27 -25 -26 -27 28 -29 -30 -31
leaf_value=-2.9191239436192294e-05 0 0 0 -2.0862515397216206e-05 6.3116428118965812e-05 5.611073754900828e-05 0 0 -1.576682091111815e-05 0.00022322885113590271 -0.00021060639605307571 0 0 -1.8487119787600311e-05 0 6.4087012039409656e-05 -5.3754250636602029e-05 3.063462736311986e-05 -0.00020098687673997237 -2.1174430203457064e-05 3.2153531879951888e-05 0 -0.00011925706911771487 -5.4102167906943474e-05 -0.00017296339629352601 2.3852696782199221e-05 -4.5799030582987558e-05 0 0 1.3226340313061658e-05
leaf_weight=206 141 38 1267 99 61 217 109 54 64 36 27 42 21 45 121 228 101 281 32 129 414 34 63 52 21 42 27 28 24 47
leaf_count=206 141 38 1267 99 61 217 109 54 64 36 27 42 21 45 121 228 101 281 32 129 414 34 63 52 21 42 27 28 24 47
internal_value=0 3.42865e-06 -2.83802e-06 -3.29046e-05 0 2.36797e-06 3.2609e-05 2.62646e-05 3.84202e-05 0.000120212 -8.54473e-05 -8.65319e-06 8.29013e-06 -3.62455e-05 -2.08563e-05 3.70594e-05 -2.64761e-06 -1.38653e-06 -3.86266e-05 7.01725e-06 1.94606e-05 5.2255e-05 -5.2476e-05 -1.12932e-05 -0.000115195 0 0 -9.77394e-05 -2.73059e-05 0
internal_weight=4071 2791 2087 393 267 1694 326 704 552 74 126 1280 433 129 847 304 1368 583 173 410 478 262 264 173 42 87 152 91 51 101
internal_count=4071 2791 2087 393 267 1694 326 704 552 74 126 1280 433 129 847 304 1368 583 173 410 478 262 264 173 42 87 152 91 51 101
is_linear=0
shrinkage=0.03


Tree=132
num_leaves=23
num_cat=0
split_feature=26 26 35 21 30 35 27 0 23 28 30 32 30 26 25 30 4 30 23 29 24 27
split_gain=0.000141976 0.000757702 0.00118476 0.001127 0.000896708 0.00052404 0.000675697 0.000410425 0.000626572 0.000473963 0.000383891 0.000315101 0.000234132 0.000681711 0.000238899 0.000261908 0.000251736 0.000178729 0.000176114 0.000109782 0.000107641 7.59879e-05
threshold=1.393878332570696 1.5433447253019756 0.012476021766649725 53.988333384195968 51.605022287449941 0.022176786242234126 0.23132145487161457 40.901786804199226 -2.1228339217701335 929142304.50000012 7.715499018530215 -0.016639539845914316 23.988446358624525 1.2509749354705866 -0.19350106079641669 69.472239222181216 68.075000762939467 20.485087210190063 -0.57389745791645541 57.39507976350594 -0.18094373635996686 0.57482968701242843
decision_type=2 2 2 2 2 2 2 2 2 2 2 2 2 2 2 2 2 2 2 2 2 2
left_child=10 2 21 -4 -5 7 17 8 -3 -9 11 -1 13 18 16 -16 -14 -7 -12 -8 -15 -2
right_child=1 5 3 4 -6 6 19 9 -10 -11 12 -13 14 20 15 -17 -18 -19 -20 -21 -22 -23
leaf_value=-0.0001633275156239905 4.9333321678004129e-05 0 0 -0.000295843569309652 0 0 -5.9694526230554962e-05 5.5050859584684054e-05 -9.6894805671872652e-05 -2.408508877962686e-05 -1.0683698104770444e-05 0 -4.2521701499566811e-05 0.00015745998578458128 1.2931583792913116e-05 -5.5662661591032899e-06 0 0.00021411113059629908 2.3044575859481636e-05 2.5715530255382846e-05 0 0
leaf_weight=22 28 20 31 42 32 20 20 115 104 134 175 23 222 39 1455 1045 162 26 268 41 20 27
leaf_count=22 28 20 31 42 32 20 20 115 104 134 175 23 222 39 1455 1045 162 26 268 41 20 27
internal_value=0 -1.34142e-05 -7.05609e-05 -0.000133153 -0.000197067 0 6.31816e-05 -1.08721e-05 -5.77191e-05 4.27714e-07 1.91615e-06 -8.23633e-05 3.9246e-06 2.28811e-05 0 3.99962e-06 -2.1346e-05 0.000149885 2.95088e-06 0 0.000121507 0
internal_weight=4071 640 160 105 74 480 107 373 124 249 3431 45 3386 502 2884 2500 384 46 443 61 59 55
internal_count=4071 640 160 105 74 480 107 373 124 249 3431 45 3386 502 2884 2500 384 46 443 61 59 55
is_linear=0
shrinkage=0.03


Tree=133
num_leaves=15
num_cat=0
split_feature=36 30 31 31 24 30 21 33 33 33 2 19 34 34
split_gain=0.000143412 0.000550113 0.000316302 0.000411847 0.000344203 0.000271401 0.000476408 0.000204872 0.000662698 0.000314861 0.000179804 0.000458505 0.000340512 8.50388e-05
threshold=-0.014562618718254967 23.988446358624525 -0.015468328920867134 -0.014243782105713807 0.80928166562891302 70.468579767777356 54.962916755676282 -0.027506107662314924 -0.034336216470596863 -0.016359500805088575 49.725000381469734 69.12000045776368 -0.026446604338082377 -0.008656611129202128
decision_type=2 2 2 2 2 2 2 2 2 2 2 2 2 2
left_child=1 -1 4 -4 10 6 -3 8 -5 -9 12 -12 -2 -6
right_child=2 5 3 7 13 -7 -8 9 -10 -11 11 -13 -14 -15
leaf_value=-0.00014150944201427683 0.00013140156814000291 0 -9.7876218251188453e-05 0 0.00012311907029167438 -7.1258378256283962e-05 0.00011221576549471313 3.2087041300417242e-05 -9.2422378804215795e-05 -9.9040492501691904e-09 -5.4830619640266e-05 3.8610054240379621e-05 0 0
leaf_weight=31 27 40 39 124 44 33 40 286 90 3094 105 65 29 24
leaf_count=31 27 40 39 124 44 33 40 286 90 3094 105 65 29 24
internal_value=0 -2.97658e-05 5.96526e-07 -1.03684e-06 3.09744e-05 0 3.08407e-05 0 -2.84421e-05 1.81931e-06 0 -1.46492e-06 5.36474e-05 9.32326e-05
internal_weight=4071 144 3927 3633 294 113 80 3594 214 3380 226 170 56 68
internal_count=4071 144 3927 3633 294 113 80 3594 214 3380 226 170 56 68
is_linear=0
shrinkage=0.03


Tree=134
num_leaves=16
num_cat=0
split_feature=36 30 35 31 35 36 31 36 24 35 0 26 36 32 29
split_gain=0.000138876 0.000513776 0.000461039 0.000304509 0.000534059 0.000434266 0.000387517 0.000259323 0.000194976 0.000533167 0.000399418 0.000182993 0.000152749 8.80739e-05 1.21899e-05
threshold=-0.014562618718254967 23.988446358624525 0.028492460288314207 -0.015468328920867134 0.014937490915364846 -0.0075363512110487524 -0.014243782105713807 -0.026798615665010916 1.4840949932403393 0.010475811854930581 52.44688796997071 1.1201835050526461 -0.006892571300954233 -0.017783233883099988 52.150710029833412
decision_type=2 2 2 2 2 2 2 2 2 2 2 2 2 2 2
left_child=1 -1 11 4 12 -6 -5 -4 10 -10 -8 -3 -2 -14 -7
right_child=3 2 7 6 5 14 8 -9 9 -11 -12 -13 13 -15 -16
leaf_value=-0.00013727780693724236 -5.8549635362087281e-05 0 0 -9.4947440412325435e-05 0.00012176452798325866 1.5426651784774405e-05 -6.1302574370684401e-07 -0.00011053066291999563 1.128153707536661e-05 -5.347053310799218e-05 3.0965084677142196e-05 0.00010614572225692967 0 4.4322102159182054e-05 0
leaf_weight=31 39 20 24 39 77 46 2866 35 119 218 391 34 63 42 27
leaf_count=31 39 20 24 39 77 46 2866 35 119 218 391 34 63 42 27
internal_value=0 -2.92975e-05 0 5.75682e-07 3.03912e-05 7.0795e-05 -1.01216e-06 -5.75041e-05 0 -2.17096e-05 2.25767e-06 6.36981e-05 0 5.71844e-06 0
internal_weight=4071 144 113 3927 294 150 3633 59 3594 337 3257 54 144 105 73
internal_count=4071 144 113 3927 294 150 3633 59 3594 337 3257 54 144 105 73
is_linear=0
shrinkage=0.03


Tree=135
num_leaves=24
num_cat=0
split_feature=25 36 5 24 35 27 28 28 30 35 30 0 5 25 28 25 0 27 0 24 33 31 33
split_gain=0.000139488 0.000791623 0.000401374 0.000802432 0.000895511 0.000584357 0.000890294 0.000778067 0.00053076 0.00117982 0.000470303 0.000453203 0.000346856 0.000401908 0.000610438 0.00032915 0.000609446 0.000664262 0.000328168 0.000482617 0.000311235 0.000199944 0.000145765
threshold=0.077008888488123137 -0.010498788779916045 49687500.000000007 -0.99509926539634119 0.021432371727872695 -0.01077250542196955 1.0000000180025095e-35 -1320921214.4999998 44.188463675548739 0.016456438441649766 14.440908782779234 31.151031494140629 16574629.000000002 0.26661264833678494 117290400.00000001 0.17786577470404938 41.291093826293952 0.6750899538447791 43.302679061889656 -0.09382896841444513 0.001247310110160438 0.0050890965709462508 0.0091495545194134626
decision_type=2 2 2 2 2 2 2 2 2 2 2 2 2 2 2 2 2 2 2 2 2 2 2
left_child=2 12 3 4 10 -4 7 -7 9 -5 -1 -6 -2 14 -14 16 17 -3 19 -17 -10 -20 -18
right_child=1 15 5 8 11 6 -8 -9 20 -11 -12 -13 13 -15 -16 18 22 -19 21 -21 -22 -23 -24
leaf_value=0.00011953152843302231 0 0 0 2.2402027491895514e-06 0.00027354705876007505 0 0 -0.000337369752311106 3.77888198362884e-05 -6.5170790034239947e-05 0 0 -0.00031705438833572522 0 0 0 -7.6392875048212173e-06 -0.0001169216045079617 0 4.5568838944837904e-05 0 -3.6960635261097102e-05 3.3914721928210511e-05
leaf_weight=33 20 123 37 909 27 20 26 20 423 285 180 20 20 26 20 355 137 102 235 352 429 165 107
leaf_count=33 20 123 37 909 27 20 26 20 423 285 180 20 20 26 20 355 137 102 235 352 429 165 107
internal_value=0 -7.15163e-06 4.10164e-06 7.83216e-06 5.76233e-05 -5.02471e-05 -0.000109062 -0.000198968 3.61238e-08 -1.13421e-05 1.52644e-05 0.000185456 -9.62262e-05 -0.000129552 -0.000191537 -3.81738e-07 -2.30594e-05 -5.95384e-05 6.51749e-06 2.04872e-05 1.95019e-05 -1.06747e-05 0
internal_weight=4071 1662 2409 2306 260 103 66 40 2046 1194 213 47 86 66 40 1576 469 225 1107 707 852 400 244
internal_count=4071 1662 2409 2306 260 103 66 40 2046 1194 213 47 86 66 40 1576 469 225 1107 707 852 400 244
is_linear=0
shrinkage=0.03


Tree=136
num_leaves=18
num_cat=0
split_feature=34 36 33 26 34 26 30 32 35 35 26 27 29 26 26 36 21
split_gain=0.000138335 0.000307608 0.000304704 0.000371606 0.000804882 0.000863966 0.000401226 0.000816468 0.000296648 0.000424587 0.000629448 0.000302438 0.000265985 0.000175733 0.00019909 0.000161993 7.09476e-05
threshold=0.079414432873510812 0.0036101266983541327 0.02010656637543318 1.0111195753076945 0.03103506201883344 0.95843083407322138 53.119648927676558 0.023648821388602585 0.010475811854930581 0.013254493992681039 0.87186266539537238 0.043005652749231786 87.231480502155463 1.2563245448038749 1.6042346400329526 -0.0048628364537953873 61.253333346048997
decision_type=2 2 2 2 2 2 2 2 2 2 2 2 2 2 2 2 2
left_child=2 -2 8 4 16 -6 7 -5 13 10 -10 -11 -8 15 -15 -1 -4
right_child=1 -3 3 6 5 -7 12 -9 9 11 -12 -13 -14 14 -16 -17 -18
leaf_value=-3.214237036791386e-05 -0.00012167307754099621 0 -3.1586968435953614e-05 0.00014773606251521854 1.1248064056110977e-05 0.00023329997520804896 -4.2630101909658152e-05 0 1.1758746875111931e-05 -3.6634291081567218e-05 -4.8671100526322125e-05 4.6511474907867017e-06 0 6.4315136288581356e-05 0 5.7081599290386997e-06 1.2153736875317095e-05
leaf_weight=104 27 33 55 47 89 38 169 70 124 185 493 1099 156 95 50 1177 60
leaf_count=104 27 33 55 47 89 38 169 70 124 185 493 1099 156 95 50 1177 60
internal_value=0 -4.54868e-05 1.94382e-07 1.90632e-05 4.90745e-05 0.000101424 0 5.00368e-05 -2.78363e-06 -1.11564e-05 -3.1665e-05 0 -1.44544e-05 6.27443e-06 3.84212e-05 2.91198e-07 0
internal_weight=4071 60 4011 684 242 127 442 117 3327 1901 617 1284 325 1426 145 1281 115
internal_count=4071 60 4011 684 242 127 442 117 3327 1901 617 1284 325 1426 145 1281 115
is_linear=0
shrinkage=0.03


Tree=137
num_leaves=27
num_cat=0
split_feature=30 30 28 21 29 21 34 30 35 28 23 4 36 29 32 32 35 27 30 25 21 36 27 27 24 36
split_gain=0.000135762 0.000471239 0.000423912 0.000567811 0.000688919 0.000403646 0.00033575 0.000288155 0.000555692 0.000455536 0.00038426 0.000325278 0.000274372 0.00025317 0.000394295 0.000357174 0.000213664 0.000212765 0.00049986 0.000208178 0.000256466 0.000135456 0.00012356 2.55021e-05 0.000122547 7.89152e-05
threshold=69.472239222181216 54.391690969242049 -682756590.99999988 49.107916418711348 27.284843950864268 45.09124997456869 -0.065446299499432356 78.77752776677643 0.011893834599720585 -1714932531.9999998 -0.43940347963209087 77.02500152587892 -0.0011491291628928332 57.124931698710142 0.023225830405449125 0.0048382289673457599 0.012845275603711379 0.89703740445807301 83.080410424725116 0.068819249247331862 54.962916755676282 0.0018656459655316821 0.73760332628154501 0.76168331232698527 0.88078381408677109 -0.0023410010194107969
decision_type=2 2 2 2 2 2 2 2 2 2 2 2 2 2 2 2 2 2 2 2 2 2 2 2 2 2
left_child=1 2 3 4 -1 12 -5 8 23 -10 16 -11 -3 14 -4 -15 -9 18 -12 20 -7 -19 -21 25 -25 -2
right_child=7 5 13 6 -6 19 -8 10 9 11 17 -13 -14 15 -16 -17 -18 21 -20 22 -22 -23 -24 24 -26 -27
leaf_value=5.0633690960670388e-05 0 0 1.253012729896782e-06 0 -4.4897403590614393e-05 0 -0.0001173687001383392 0 0 -9.9781617806085938e-05 1.6894603197226669e-06 0 0.00016836095487982386 0 -7.5352915238891598e-05 5.9424827295360248e-05 0.00010435988602875643 0 -5.5969334012277491e-05 -2.3605310319671156e-05 4.3283043419120931e-05 2.6543566831537321e-05 1.2713561478135756e-05 3.843136017286164e-05 0 -3.3323979546266731e-05
leaf_weight=108 51 20 1438 28 170 50 87 43 22 156 146 55 33 36 62 158 48 151 205 151 283 191 167 87 57 68
leaf_count=108 51 20 1438 28 170 50 87 43 22 156 146 55 33 36 62 158 48 151 205 151 283 191 167 87 57 68
internal_value=0 3.28897e-06 -2.59953e-06 -3.13616e-05 0 2.5004e-05 -8.83119e-05 -8.47729e-06 -2.66119e-05 -6.0438e-05 0 -7.73017e-05 0.0001141 2.30374e-06 0 3.49316e-05 6.03283e-05 -4.53837e-06 -2.34477e-05 1.31264e-05 2.99878e-05 6.10038e-06 0 0 1.1285e-05 -6.21509e-06
internal_weight=4071 2791 2087 393 278 704 115 1280 496 233 784 211 53 1694 1500 194 91 693 351 651 333 342 318 263 144 119
internal_count=4071 2791 2087 393 278 704 115 1280 496 233 784 211 53 1694 1500 194 91 693 351 651 333 342 318 263 144 119
is_linear=0
shrinkage=0.03


Tree=138
num_leaves=10
num_cat=0
split_feature=33 32 20 21 32 30 27 35 22
split_gain=0.00013968 0.000658044 0.000146449 0.000308162 0.000436133 0.000273723 0.00063857 0.000390567 0.000265014
threshold=-0.07241451359837052 -0.05483290939265794 73.477499961853042 69.138749949137392 0.0012841396840059807 44.188463675548739 0.14958805109621839 0.013617845580507921 53.324458148896056
decision_type=2 2 2 2 2 2 2 2 2
left_child=-1 -2 3 8 -5 6 -4 -7 -3
right_child=1 2 5 4 -6 7 -8 -9 -10
leaf_value=6.1819515692583646e-05 -0.00015400066269576488 8.8291728283748242e-06 3.0081366677259772e-05 -6.9019245339957888e-05 0 2.1268841341393108e-06 -3.1091641019562867e-05 5.1564954066363614e-05 -1.2223782854427373e-05
leaf_weight=32 25 1179 219 151 121 710 404 249 981
leaf_count=32 25 1179 219 151 121 710 404 249 981
internal_value=0 -8.67144e-07 0 -4.53061e-06 -3.46807e-05 7.19413e-06 -4.77179e-06 1.80952e-05 0
internal_weight=4071 4039 4014 2432 272 1582 623 959 2160
internal_count=4071 4039 4014 2432 272 1582 623 959 2160
is_linear=0
shrinkage=0.03


Tree=139
num_leaves=22
num_cat=0
split_feature=26 26 35 33 32 35 27 30 25 32 34 23 5 24 24 25 2 30 29 27 31
split_gain=0.000132577 0.000707176 0.00110011 0.00101672 0.00213893 0.000477224 0.00062747 0.000349878 0.000329018 0.000280654 0.000245972 0.000644436 0.000647978 0.000323234 0.000266035 0.000219923 0.000192155 0.000142504 9.89042e-05 6.72448e-05 2.92988e-05
threshold=1.393878332570696 1.5433447253019756 0.012476021766649725 -0.042540774937775354 -0.018084511918768028 0.022176786242234126 0.23132145487161457 7.715499018530215 -0.89238739201564488 -0.016639539845914316 -0.039974652829509953 -0.91661571765025929 48674640.000000007 -1.593325315638223 -1.0123414868995761 -0.50403411310161139 59.074998855590827 20.485087210190063 57.39507976350594 0.57482968701242843 -0.015468328920867134
decision_type=2 2 2 2 2 2 2 2 2 2 2 2 2 2 2 2 2 2 2 2 2
left_child=7 2 19 -4 -5 8 17 9 -3 -1 11 12 -9 16 -15 -10 -12 -7 -8 -2 -13
right_child=1 5 3 4 -6 6 18 10 15 -11 13 20 -14 14 -16 -17 -18 -19 -20 -21 -22
leaf_value=-0.00015460469145495051 4.6408479289421831e-05 -0.00011112547998498725 0 -0.00047180212382574692 -3.8800816415325726e-05 0 -5.7119428694470595e-05 0.00015202225658621926 4.2217484904554626e-05 0 -8.699848083881154e-05 1.1549999332587907e-05 0 3.7153380502568982e-05 0 -1.4995886502193581e-05 0 0.0002037896892195032 2.387872700796999e-05 0 -1.5311976210402977e-05
leaf_weight=22 28 27 20 20 65 20 20 62 77 23 57 48 21 198 2893 269 22 26 41 27 85
leaf_count=22 28 27 20 20 65 20 20 62 77 23 57 48 21 198 2893 269 22 26 41 27 85
internal_value=0 -1.28426e-05 -6.80794e-05 -0.000128378 -0.000176371 0 6.04189e-05 2.00154e-06 -1.01633e-05 -7.81804e-05 3.95541e-06 3.54782e-05 0.000101256 8.60086e-07 3.31754e-06 0 -5.72478e-05 0.000143982 0 0 0
internal_weight=4071 640 160 105 85 480 107 3431 373 45 3386 216 83 3170 3091 346 79 46 61 55 133
internal_count=4071 640 160 105 85 480 107 3431 373 45 3386 216 83 3170 3091 346 79 46 61 55 133
is_linear=0
shrinkage=0.03


Tree=140
num_leaves=17
num_cat=0
split_feature=34 5 34 26 0 19 30 30 29 5 8 35 34 0 26 28
split_gain=0.000132033 0.000339485 0.000193742 0.00100785 0.000445992 0.000405257 0.000580209 0.000283982 0.000247803 0.000345226 0.000249034 0.000524562 0.000252789 0.000245955 0.000192843 5.58045e-05
threshold=0.079414432873510812 42119825.500000007 0.034453074941893876 1.0095984607832904 41.755178451538093 61.019999694824229 86.350860454552503 87.16217218990802 79.145765939958139 14751454.500000002 1.0000000180025095e-35 0.01043462541114522 -0.014299532129846469 50.622400283813484 0.87020350819626724 79607703.000000015
decision_type=2 2 2 2 2 2 2 2 2 2 2 2 2 2 2 2
left_child=2 -2 8 4 14 6 -5 -7 10 15 12 -12 -1 -11 -4 -10
right_child=1 -3 3 5 -6 7 -8 -9 9 13 11 -13 -14 -15 -16 -17
leaf_value=-6.5748614933167576e-06 0 -0.00012744216666551542 0 -0.00010390037930548725 0 5.0322531168278859e-05 0 -5.8907032217377258e-06 2.6959060798383926e-05 -6.7547572611895151e-05 0 -0.00012582305633527117 1.057938618610058e-05 0 0.00015111339570697796 -4.9222310097952828e-06
leaf_weight=1098 34 26 20 81 66 106 21 92 63 166 38 42 1899 67 72 180
leaf_count=1098 34 26 20 81 66 106 21 92 63 166 38 42 1899 67 72 180
internal_value=0 -4.4379e-05 3.39821e-07 1.92228e-05 8.23236e-05 -4.02995e-06 -5.88254e-05 9.0696e-06 -1.25043e-06 -2.17776e-05 9.50703e-07 -4.9264e-05 3.29367e-06 -4.79749e-05 0.00012646 0
internal_weight=4071 60 4011 458 158 300 102 198 3553 476 3077 80 2997 233 92 243
internal_count=4071 60 4011 458 158 300 102 198 3553 476 3077 80 2997 233 92 243
is_linear=0
shrinkage=0.03


Tree=141
num_leaves=10
num_cat=0
split_feature=33 32 25 25 34 20 25 36 35
split_gain=0.00012776 0.000621125 0.000164931 0.000748526 0.000668137 0.000330701 0.000322973 0.000768608 0.000610279
threshold=-0.07241451359837052 -0.05483290939265794 -0.40533074343966341 -0.52027131783085767 -0.0019446120876892568 80.814999961853047 0.077008888488123137 -0.010498788779916045 0.014604161696711587
decision_type=2 2 2 2 2 2 2 2 2
left_child=-1 -2 3 5 -5 -3 8 -8 -4
right_child=1 2 6 4 -6 -7 7 -9 -10
leaf_value=5.9171034916408496e-05 -0.00014958205867551295 -1.4327644315778279e-05 0 -0.00010507847623440971 0 4.8286304314067596e-05 -9.5179126661463888e-05 0 3.6979961426951472e-05
leaf_weight=32 25 125 1382 127 28 118 84 1575 575
leaf_count=32 25 125 1382 127 28 118 84 1575 575
internal_value=0 -8.01511e-07 0 -1.81943e-05 -7.19109e-05 3.74424e-06 2.14604e-06 -6.5011e-06 1.10093e-05
internal_weight=4071 4039 4014 398 155 243 3616 1659 1957
internal_count=4071 4039 4014 398 155 243 3616 1659 1957
is_linear=0
shrinkage=0.03


Tree=142
num_leaves=20
num_cat=0
split_feature=26 26 35 33 32 22 30 29 30 25 32 34 23 0 35 34 35 27 31
split_gain=0.000124343 0.00066309 0.00104141 0.000976644 0.00196498 0.000454326 0.000693179 0.000646124 0.000321566 0.00031283 0.000264628 0.000238063 0.000608147 0.00079388 0.000184368 0.000969042 0.000286828 6.27688e-05 2.75158e-05
threshold=1.393878332570696 1.5433447253019756 0.012476021766649725 -0.042540774937775354 -0.018084511918768028 31.636248248668988 20.485087210190063 38.677792800435775 7.715499018530215 -0.76473947490064853 -0.016639539845914316 -0.039974652829509953 -0.91661571765025929 31.720415115356449 0.027976505429742761 -0.013528738201676658 0.014604161696711587 0.57482968701242843 -0.015468328920867134
decision_type=2 2 2 2 2 2 2 2 2 2 2 2 2 2 2 2 2 2 2
left_child=8 2 17 -4 -5 -3 9 -8 10 -7 -1 12 13 -10 16 -16 -13 -2 -14
right_child=1 5 3 4 -6 6 7 -9 11 -11 -12 14 18 -15 15 -17 -18 -19 -20
leaf_value=-0.00014900116155759486 4.483736884631912e-05 0.00012501011888935477 0 -0.00045651223315030278 -3.7572810309234959e-05 -0.00021162043798214462 8.1879680598161223e-05 -7.2971257996928442e-06 0.0001925465938121724 0 0 -1.0259952646734875e-06 1.1745184843172847e-05 0 -0.00019680074073545546 0 1.9280738459024878e-05 0 -1.4595555084955075e-05
leaf_weight=22 28 26 20 20 65 20 85 324 41 25 23 2289 48 42 26 89 766 27 85
leaf_count=22 28 26 20 20 65 20 85 324 41 25 23 2289 48 42 26 89 766 27 85
internal_value=0 -1.24557e-05 -6.59381e-05 -0.000124663 -0.00017182 0 -1.49516e-06 3.91827e-06 1.9164e-06 -0.000117116 -7.4822e-05 3.82441e-06 3.48146e-05 9.86831e-05 7.65405e-07 -3.47173e-05 3.08414e-06 0 0
internal_weight=4071 640 160 105 85 480 454 409 3431 45 45 3386 216 83 3170 115 3055 55 133
internal_count=4071 640 160 105 85 480 454 409 3431 45 45 3386 216 83 3170 115 3055 55 133
is_linear=0
shrinkage=0.03


Tree=143
num_leaves=18
num_cat=0
split_feature=28 36 24 0 28 34 28 25 35 24 25 22 24 23 0 31 33
split_gain=0.000124116 0.000577623 0.000550356 0.00120887 0.000754299 0.000475194 0.000910458 0.00065816 0.00248856 0.000460997 0.000494495 0.000372501 0.000305554 0.000280531 0.000229747 0.000212319 8.71906e-05
threshold=-1157915203.4999998 0.021409472880061117 -0.09382896841444513 32.400531768798835 -1757701034.9999998 -0.073471874082832664 63883368.000000007 -0.40533074343966341 0.016053196974883537 -0.77471572696320723 0.19645084698572918 53.665260164161417 -0.99509926539634119 0.71607140266274183 30.287271499633793 -0.0082686946535854271 0.0094280675393788611
decision_type=2 2 2 2 2 2 2 2 2 2 2 2 2 2 2 2 2
left_child=2 5 3 9 11 6 -2 8 -7 10 -1 -4 -9 16 -11 -15 -6
right_child=1 -3 4 -5 13 7 -8 12 -10 14 -12 -13 -14 15 -16 -17 -18
leaf_value=7.8873748766486356e-05 0.0002065736336331123 0.00010590888702000675 0 -0.00023331633109933511 3.8602876821927992e-05 2.3060718580511371e-06 0 3.0401104378032597e-05 -0.00015862950813926651 -8.1574888641082732e-05 -2.2167165994922926e-05 0.00021207067177346722 0 0 0 -9.0270164662098641e-05 0
leaf_weight=72 29 47 20 30 60 236 26 314 112 93 44 23 2827 21 27 53 37
leaf_count=72 29 47 20 30 60 236 26 314 112 93 44 23 2827 21 27 53 37
internal_value=0 1.53357e-06 -1.46655e-05 -4.64275e-05 1.08054e-05 0 8.75522e-05 -1.23391e-06 -4.09018e-05 -9.87518e-06 1.4722e-05 0.000127773 2.20709e-06 -1.13141e-06 -5.86241e-05 -5.71015e-05 1.06862e-05
internal_weight=4071 3591 480 266 214 3544 55 3489 348 236 116 43 3141 171 120 74 97
internal_count=4071 3591 480 266 214 3544 55 3489 348 236 116 43 3141 171 120 74 97
is_linear=0
shrinkage=0.03


Tree=144
num_leaves=23
num_cat=0
split_feature=25 36 32 31 5 24 35 27 30 35 30 0 29 25 0 32 31 21 5 35 31 24
split_gain=0.000124917 0.000679524 0.000544146 0.000670704 0.000368682 0.000717095 0.000822085 0.000548445 0.000458947 0.00108535 0.000429242 0.000367485 0.000332274 0.00030509 0.000570082 0.000629032 0.000330059 0.000402127 0.000356558 0.000280076 0.000208148 0.000131498
threshold=0.077008888488123137 -0.010498788779916045 -0.0052938345039591486 -0.01943244111504033 49687500.000000007 -0.99509926539634119 0.021432371727872695 -0.01077250542196955 44.188463675548739 0.016456438441649766 14.440908782779234 31.151031494140629 58.218953686653492 0.17786577470404938 41.291093826293952 -0.00070003491030479193 0.0049943910093485097 46.558749866485606 15097201.000000002 0.014604161696711587 -0.0028499776112026472 0.17589214291825134
decision_type=2 2 2 2 2 2 2 2 2 2 2 2 2 2 2 2 2 2 2 2 2 2
left_child=4 2 3 -2 5 6 10 -6 9 -7 -1 -8 20 14 15 -3 18 -18 -15 -10 -9 -16
right_child=1 13 -4 -5 7 8 11 12 19 -11 -12 -13 -14 16 21 -17 17 -19 -20 -21 -22 -23
leaf_value=0.00011338040016797649 0 0 0 -0.00025158135670766912 0 2.644231785777492e-06 0.00025850822141297792 -0.00022013007326003353 3.1695221053975108e-06 -6.2022460200446744e-05 0 0 0 0 3.3293129413773034e-05 -9.7027111470431997e-05 4.3294653169804169e-05 -2.5180751792249045e-05 4.401196219062028e-05 5.0223664653063757e-05 0 -6.0358415037288441e-06
leaf_weight=33 24 86 34 28 37 909 27 25 641 285 180 20 20 305 102 139 74 403 325 211 21 142
leaf_count=33 24 86 34 28 37 909 27 25 641 285 180 20 20 305 102 139 74 403 325 211 21 142
internal_value=0 -6.65878e-06 -8.92069e-05 -0.00015017 4.00949e-06 7.6298e-06 5.47467e-05 -4.78739e-05 1.73728e-07 -1.02828e-05 1.35605e-05 0.00017728 -0.000105082 -2.45438e-07 -2.21581e-05 -5.74674e-05 6.32965e-06 -8.2629e-06 2.2139e-05 1.83478e-05 -0.000149398 0
internal_weight=4071 1662 86 52 2409 2306 260 103 2046 1194 213 47 66 1576 469 225 1107 477 630 852 46 244
internal_count=4071 1662 86 52 2409 2306 260 103 2046 1194 213 47 66 1576 469 225 1107 477 630 852 46 244
is_linear=0
shrinkage=0.03


Tree=145
num_leaves=18
num_cat=0
split_feature=34 33 26 34 26 30 32 35 35 23 24 28 24 26 27 33 21
split_gain=0.000125401 0.000271729 0.000334771 0.000737361 0.000779634 0.000359284 0.000758153 0.000255577 0.000400255 0.000737686 0.000315513 0.000255412 0.000214681 0.000160215 0.000283918 6.93409e-05 6.37901e-05
threshold=0.079414432873510812 0.02010656637543318 1.0111195753076945 0.03103506201883344 0.95843083407322138 53.119648927676558 0.023648821388602585 0.010475811854930581 0.013254493992681039 -0.91661571765025929 0.1287418440995152 96785796.500000015 -0.77471572696320723 1.1768483046752494 0.59446077576118672 -0.016359500805088575 61.253333346048997
decision_type=2 2 2 2 2 2 2 2 2 2 2 2 2 2 2 2 2
left_child=1 7 3 16 -5 6 -4 13 9 -9 -10 -7 -2 15 -15 -1 -3
right_child=12 2 5 4 -6 11 -8 8 10 -11 -12 -13 -14 14 -16 -17 -18
leaf_value=1.8438758467038492e-05 0 -3.0186678336139309e-05 0.00014169219587662607 9.2961775669702612e-06 0.00022241409485068863 -4.7208954576369975e-05 0 -0.00011693984762261778 1.2971025045554816e-05 -1.0574763182293145e-05 -1.6843450004745389e-05 0 -8.8401894198844916e-05 6.0208670611165296e-05 0 -1.4675810748511105e-06 1.0946832092708601e-05
leaf_weight=177 21 55 47 89 38 130 70 85 696 532 588 195 39 124 106 1019 60
leaf_count=177 21 55 47 89 38 130 70 85 696 532 588 195 39 124 106 1019 60
internal_value=0 3.57001e-07 1.81695e-05 4.66621e-05 9.6792e-05 0 4.74161e-05 -2.40383e-06 -1.02335e-05 -3.0106e-05 0 -1.35945e-05 -4.32363e-05 5.93025e-06 2.90623e-05 0 0
internal_weight=4071 4011 684 242 127 442 117 3327 1901 617 1284 325 60 1426 230 1196 115
internal_count=4071 4011 684 242 127 442 117 3327 1901 617 1284 325 60 1426 230 1196 115
is_linear=0
shrinkage=0.03


Tree=146
num_leaves=27
num_cat=0
split_feature=30 30 28 34 21 21 21 2 24 31 19 35 30 5 25 27 27 36 3 19 30 5 20 29 31 36
split_gain=0.000120148 0.000438044 0.000395119 0.000551872 0.000537389 0.00052547 0.000372846 0.000282115 0.000553588 0.000419446 0.000400561 0.000486909 0.000309862 0.000260148 0.00045285 0.000258602 0.00105951 0.000246966 0.000232406 0.000516054 0.000281247 0.000229379 0.000228101 0.000161264 0.000145693 6.36395e-06
threshold=69.472239222181216 54.391690969242049 -682756590.99999988 0.0019481539097913061 42.326250012715668 49.107916418711348 45.09124997456869 78.224998474121108 1.4400012800438724 -0.0014525277082896857 67.309999847412129 0.010926992721910089 72.848922125577459 15149740.000000002 0.11392809788568715 0.72442434192144567 0.68667935106283673 -0.0011491291628928332 57.875000000000007 56.520000457763679 41.655489979520745 33240805.500000004 58.454999923706062 76.734878699011801 -0.0073431160529304198 -0.00074155424915362228
decision_type=2 2 2 2 2 2 2 2 2 2 2 2 2 2 2 2 2 2 2 2 2 2 2 2 2 2
left_child=1 2 3 5 -5 -1 17 10 12 24 15 25 -9 14 -8 16 -2 -3 19 -4 -20 -14 -15 -17 -10 -12
right_child=7 6 18 4 -6 -7 13 8 9 -11 11 -13 21 22 -16 23 -18 -19 20 -21 -22 -23 -24 -25 -26 -27
leaf_value=1.2278877471079165e-05 0 0 0 0 -0.00016491060791529579 -6.5008529298429289e-05 6.2394390031789485e-05 0 0 0 0 -9.5311456056223177e-05 6.1170477298647571e-05 -4.6221885777569894e-05 0 -9.1654149150801949e-06 -0.00019031812450478601 0.00016179014418750377 -1.0217262831414224e-05 8.4703531699379612e-05 1.778960072452128e-05 0 8.3858510914609623e-06 2.2769340253771964e-05 -0.00015622684383692693 -7.347287798895517e-06
leaf_weight=218 141 20 97 21 49 105 191 42 26 76 36 122 228 87 100 101 32 33 1048 95 454 34 273 309 27 106
leaf_count=218 141 20 97 21 49 105 191 42 26 76 36 122 228 87 100 101 32 33 1048 95 454 34 273 309 27 106
internal_value=0 3.21247e-06 -2.41587e-06 -3.02238e-05 -0.000110223 -3.5728e-06 2.41563e-05 -7.87215e-06 7.25012e-06 -3.44032e-05 -1.91443e-05 -5.04043e-05 3.47961e-05 1.25326e-05 3.39943e-05 0 -3.47589e-05 0.000110141 2.266e-06 3.36767e-05 0 4.96869e-05 0 7.58688e-06 -9.99342e-05 0
internal_weight=4071 2791 2087 393 70 323 704 1280 433 129 847 264 304 651 291 583 173 53 1694 192 1502 262 360 410 53 142
internal_count=4071 2791 2087 393 70 323 704 1280 433 129 847 264 304 651 291 583 173 53 1694 192 1502 262 360 410 53 142
is_linear=0
shrinkage=0.03


Tree=147
num_leaves=9
num_cat=0
split_feature=32 33 33 25 25 36 29 26
split_gain=0.000118741 0.000458547 0.000446376 0.00032195 0.000174161 0.000660602 0.000443245 0.000121355
threshold=-0.05483290939265794 -0.07241451359837052 -0.055479218744477525 -0.89238739201564488 0.077008888488123137 -0.010498788779916045 56.364479144932154 1.351662677459452
decision_type=2 2 2 2 2 2 2 2
left_child=1 -1 7 -4 6 -6 -5 -2
right_child=2 -3 3 4 5 -7 -8 -9
leaf_value=0 0 -0.00014384093594670561 -8.8376883913780422e-05 -4.0681208880279721e-07 -8.8998177363224412e-05 -2.6391725734218712e-07 2.7467815706355309e-05 0.00015564856162488954
leaf_weight=23 23 25 37 1644 84 1573 641 21
leaf_count=23 23 25 37 1644 84 1573 641 21
internal_value=0 -4.70838e-05 2.41693e-07 -5.97925e-08 1.03655e-08 -6.5777e-06 6.10073e-06 9.54711e-05
internal_weight=4071 48 4023 3979 3942 1657 2285 44
internal_count=4071 48 4023 3979 3942 1657 2285 44
is_linear=0
shrinkage=0.03


Tree=148
num_leaves=20
num_cat=0
split_feature=25 25 35 33 32 23 22 22 35 35 35 35 23 34 25 1 34 34 26
split_gain=0.00011707 0.00117421 0.00119677 0.00234159 0.000438136 0.000879196 0.000496963 0.000614861 0.000409797 0.000291211 0.000688657 0.000471111 0.000617951 0.000314837 0.000219762 0.000168929 0.000113752 0.000242494 9.17046e-05
threshold=-0.52027131783085767 -0.40533074343966341 0.016909859650996662 -0.021858703683037935 0.0048382289673457599 -0.11080780290746615 31.636248248668988 21.580571251258913 0.016053196974883537 0.032074765444498866 0.034698902335855285 0.016556291321018511 -0.89405457729097992 0.0014614877878944557 -0.76473947490064853 40.175001144409187 -0.038004522292366054 -0.0048135397534955762 1.488786134911577
decision_type=2 2 2 2 2 2 2 2 2 2 2 2 2 2 2 2 2 2 2
left_child=4 2 16 -4 5 6 7 -1 -8 11 -11 13 -13 -3 -6 -12 -2 -18 -7
right_child=1 9 3 -5 14 18 8 -9 -10 10 15 12 -14 -15 -16 -17 17 -19 -20
leaf_value=0 0 8.6856446886063822e-06 -0.00041140510536513691 0 -9.7703337160961229e-05 0 0 0.00014855971384945393 -0.00013756131194051852 -0.00018762832331177447 -6.6413102650094292e-05 8.4695852168619566e-05 6.0009913475508948e-06 -1.1130298807387545e-05 0 2.6367266194126695e-05 -7.3090582694879604e-05 0 0.00018685575998819056
leaf_weight=28 30 1236 25 20 24 25 40 37 29 24 26 138 593 1576 44 53 60 25 38
leaf_count=28 30 1236 25 20 24 25 40 37 29 24 26 138 593 1576 44 53 60 25 38
internal_value=0 -1.69688e-06 -8.15298e-05 -0.000217874 1.88707e-05 4.81233e-05 0 6.38524e-05 -5.12994e-05 9.85827e-07 -4.70914e-05 3.23151e-06 2.49702e-05 -1.35349e-06 -2.17689e-05 0 -1.97068e-06 -3.47601e-05 0.00014062
internal_weight=4071 3806 160 45 265 197 134 65 69 3646 103 3543 731 2812 68 79 115 85 63
internal_count=4071 3806 160 45 265 197 134 65 69 3646 103 3543 731 2812 68 79 115 85 63
is_linear=0
shrinkage=0.03


Tree=149
num_leaves=13
num_cat=0
split_feature=34 5 33 36 23 0 32 34 30 36 5 28
split_gain=0.000116842 0.000311182 0.000256996 0.000356145 0.000295468 0.000389677 0.000198808 0.000285053 0.0005309 0.00036398 0.000194436 5.3543e-05
threshold=0.079414432873510812 42119825.500000007 0.02010656637543318 -0.0036487692720932308 -1.5869454562833238 41.755178451538093 0.029411772671185114 0.0014614877878944557 54.087643921242893 -0.0079168673018036716 33977414.500000007 -176669309.49999997
decision_type=2 2 2 2 2 2 2 2 2 2 2 2
left_child=2 -2 6 10 -5 -6 7 9 -9 -1 11 -4
right_child=1 -3 3 4 5 -7 -8 8 -10 -11 -12 -13
leaf_value=-1.8813079597900036e-05 0 -0.00012143212167182187 0 -7.6959174404081651e-05 3.6769240744078867e-05 -6.666040458156415e-06 -8.2003465348364993e-05 -5.1979721024634229e-05 -3.0892766901328065e-07 1.2832398091314638e-05 0 0.00012899715499074802
leaf_weight=353 34 26 32 30 321 236 29 250 1098 1597 20 45
leaf_count=353 34 26 32 30 321 236 29 250 1098 1597 20 45
internal_value=0 -4.17584e-05 2.98618e-07 1.76461e-05 3.26398e-06 1.29829e-05 -2.36661e-06 -7.54264e-07 -1.21203e-05 5.5647e-06 7.36915e-05 9.544e-05
internal_weight=4071 60 4011 684 587 557 3327 3298 1348 1950 97 77
internal_count=4071 60 4011 684 587 557 3327 3298 1348 1950 97 77
is_linear=0
shrinkage=0.03


Tree=150
num_leaves=27
num_cat=0
split_feature=31 23 29 23 31 34 24 27 27 27 5 31 25 5 27 32 27 31 29 27 31 27 5 27 29 5
split_gain=0.000111246 0.000733773 0.00119212 0.000880505 0.000474925 0.000403841 0.000391185 0.000335957 0.000961883 0.00064751 0.000610754 0.000449346 0.000430566 0.000333752 0.000323031 0.000303188 0.000269585 0.000169428 0.00014419 0.000360354 0.000312263 0.000130764 0.000124959 9.57377e-05 8.38913e-05 4.29414e-05
threshold=0.0060898518482656048 1.0932438039919605 64.365122951101355 0.97060942168107556 0.0021762756601605431 0.075348277676423062 -0.21746227669137061 0.25205392402832533 0.31245552573927876 0.18341194463150332 17428544.500000004 -0.0062740298504746486 -0.18671700488519202 17283628.000000004 0.76987259187663015 0.02459960409972262 0.43440199681955444 0.0095122722970919522 40.067702175438555 0.30367179787124815 0.0042219142682421449 0.96979320231583543 6907690.5000000009 0.64324605472208518 80.952336237980703 21413154.000000004
decision_type=2 2 2 2 2 2 2 2 2 2 2 2 2 2 2 2 2 2 2 2 2 2 2 2 2 2
left_child=4 3 14 5 7 15 18 9 10 12 -9 -11 -1 22 23 -2 -10 21 20 -20 -6 -4 -8 -3 -19 -15
right_child=1 2 17 -5 6 -7 13 8 16 11 -12 -13 -14 25 -16 -17 -18 24 19 -21 -22 -23 -24 -25 -26 -27
leaf_value=1.0005736066997787e-05 1.187149411238055e-05 0 -7.9169362648747106e-05 0.00015704479628290423 8.6642581857878626e-05 -0.00010501359579769901 0 0 -3.2008282068043472e-05 -0.00013448213339938031 0.00015392981261474502 0 -4.201832603834189e-05 -1.1918836419915307e-05 0 -3.0974150361292094e-05 2.9403305507400964e-06 5.3214525100752596e-05 -0.00013966414226126365 0 0 0 7.0192805573632088e-05 -0.0003219849809043394 0 2.0387201929049487e-05
leaf_weight=468 676 21 41 32 43 33 20 74 228 70 61 90 193 61 33 185 1120 31 21 105 31 20 244 21 77 72
leaf_count=468 676 21 41 32 43 33 20 74 228 70 61 90 193 61 33 185 1120 31 21 105 31 20 244 21 77 72
internal_value=0 -8.17124e-06 -5.49748e-05 9.26671e-07 2.75344e-06 -1.32306e-06 2.70773e-05 -2.2481e-06 4.7247e-06 -1.8496e-05 8.15309e-05 -7.34353e-05 -6.50512e-07 4.45987e-05 -0.000155273 0 -7.47441e-07 0 0 -2.63056e-05 2.39523e-05 -4.78539e-05 6.42501e-05 -0.000223414 1.07818e-05 0
internal_weight=4071 1170 244 926 2901 894 597 2304 1483 821 135 160 661 397 75 861 1348 169 200 126 74 61 264 42 108 133
internal_count=4071 1170 244 926 2901 894 597 2304 1483 821 135 160 661 397 75 861 1348 169 200 126 74 61 264 42 108 133
is_linear=0
shrinkage=0.03


Tree=151
num_leaves=27
num_cat=0
split_feature=26 26 22 29 29 1 22 33 29 36 36 25 28 29 26 36 3 0 1 27 29 22 26 36 25 28
split_gain=0.000112298 0.000624235 0.000391439 0.000406234 0.000859254 0.000849027 0.000382474 0.000499838 0.000649002 0.000160737 0.000351455 0.000530336 0.000494371 0.000253041 0.000311522 0.00024134 0.00141068 0.000877833 0.000231076 0.000227791 0.000167671 0.000134475 0.000123033 0.000101838 3.72444e-05 2.75567e-05
threshold=1.393878332570696 1.5433447253019756 31.636248248668988 24.351409542744292 38.677792800435775 78.974998474121108 43.898091527793589 -0.041309946077671682 32.844607245062633 -0.006892571300954233 -0.0023410010194107969 -0.038109003377412722 752581506.50000012 66.573462125047413 1.104450541383182 0.0027829692628069695 54.250000000000007 42.838335037231452 68.875000000000014 0.53732958172912182 20.700255041856586 55.717477346729517 0.88319722075479512 -1.0000000180025095e-35 0.077008888488123137 174920051.00000003
decision_type=2 2 2 2 2 2 2 2 2 2 2 2 2 2 2 2 2 2 2 2 2 2 2 2 2 2
left_child=9 6 -3 5 -5 -4 7 -2 -9 13 11 18 -13 14 22 16 -12 -17 -11 -15 -16 23 -1 -8 -23 -21
right_child=1 2 3 4 -6 -7 21 8 -10 10 15 12 -14 19 20 17 -18 -19 -20 25 -22 24 -24 -25 -26 -27
leaf_value=0 0 0.00011610970414918042 -0.00019318751724122827 0.00011386828525269611 -6.5317112521746313e-06 0 6.9609165692062505e-05 -0.00029652047122211812 0 -3.2581985376990763e-05 -9.5783671549545723e-05 6.6426150347046896e-05 0 0.00010518190628195651 5.3135474707927236e-05 2.7392502229436168e-05 1.6275829468526669e-07 -2.3541973145179809e-05 2.2652799923545272e-05 -2.4000032458422073e-05 -1.3983421680288394e-05 0 -6.3761443981849185e-05 0 -8.205728071775471e-05 5.0559777966035219e-06
leaf_weight=65 20 26 30 59 324 41 20 23 27 145 152 298 73 20 46 865 885 419 105 41 106 26 167 22 22 44
leaf_count=65 20 26 30 59 324 41 20 23 27 145 152 298 73 20 46 865 885 419 105 41 106 26 167 22 22 44
internal_value=0 -1.19271e-05 0 -9.71796e-07 4.20957e-06 -7.10827e-05 -6.38584e-05 -0.000119264 -0.000169945 1.70801e-06 5.10921e-06 2.5158e-05 4.84303e-05 -1.2618e-05 -2.73944e-05 0 -1.10159e-05 8.43456e-06 0 1.28518e-05 0 0 -4.94963e-05 1.16757e-05 -4.89576e-05 0
internal_weight=4071 640 480 454 383 71 160 70 50 3431 2942 621 371 489 384 2321 1037 1284 250 105 152 90 232 42 48 85
internal_count=4071 640 480 454 383 71 160 70 50 3431 2942 621 371 489 384 2321 1037 1284 250 105 152 90 232 42 48 85
is_linear=0
shrinkage=0.03


Tree=152
num_leaves=28
num_cat=0
split_feature=30 30 28 33 23 30 19 33 35 30 22 2 22 0 23 34 0 23 33 30 27 20 25 1 34 34 34
split_gain=0.000120685 0.000395829 0.000359291 0.000519446 0.000613345 0.00039374 0.000324977 0.000318054 0.000324092 0.000302835 0.000285789 0.000266242 0.00046183 0.000425069 0.000424254 0.000381707 0.000348052 0.000413771 0.000368265 0.000263306 0.000225293 0.000216402 0.000221456 0.000197922 6.92388e-05 2.57212e-05 2.39683e-06
threshold=69.472239222181216 54.391690969242049 -682756590.99999988 0.00083614900882100784 -0.95251389772193551 12.23506742010864 48.739999771118171 0.0089303564991729551 0.013319324127549924 12.593736719729771 47.575531670239478 78.224998474121108 58.317166234276193 29.693729400634769 1.7393749718529892 0.01655238668070547 32.65288162231446 -0.20799208438169001 -1.0000000180025095e-35 74.222914163420739 0.99558593202213685 58.454999923706062 0.003852842818349828 57.925001144409187 0.014374641996596106 0.029724367611292938 0.021056166395971524
decision_type=2 2 2 2 2 2 2 2 2 2 2 2 2 2 2 2 2 2 2 2 2 2 2 2 2 2 2
left_child=1 2 3 5 -5 -1 10 9 -9 -4 -3 12 16 -14 19 -16 18 -18 -2 26 -21 24 -23 -15 -8 -17 -13
right_child=11 6 7 4 -6 -7 21 8 -10 -11 -12 14 13 23 15 25 17 -19 -20 20 -22 22 -24 -25 -26 -27 -28
leaf_value=-0.00010978295844383005 0 0 3.4265298650779642e-05 0 -0.0001177315143463841 8.1710107499870823e-06 -4.5850055748228899e-05 0 6.5693336785604283e-05 -9.204510885698577e-06 0.00011549886908598915 -7.4276510331913064e-06 9.7636544440447449e-05 9.3799090214404802e-06 -0.00010947987460056688 1.8984871085213658e-05 1.3825024225409401e-05 -4.9793293428203192e-05 -0.00014687560918243069 6.2807107008494619e-05 0 4.4800796624454653e-05 0 -2.4812317539004875e-05 0 -1.0880372579988192e-05 0
leaf_weight=28 31 27 150 33 97 235 48 192 134 1218 65 39 37 134 37 48 106 161 61 187 52 203 324 317 37 49 21
leaf_count=28 31 27 150 33 97 235 48 192 134 1218 65 39 37 134 37 48 106 161 61 187 52 203 324 317 37 49 21
internal_value=0 3.02546e-06 -2.26177e-06 -2.88137e-05 -7.8115e-05 0 2.29582e-05 2.12864e-06 2.96686e-05 -2.24311e-06 8.14648e-05 -8.05558e-06 -1.89768e-05 0 6.38024e-06 -2.74628e-05 -4.47992e-05 -1.33091e-05 -0.000103502 3.15815e-05 4.73159e-05 9.25011e-06 1.98808e-05 -8.00297e-06 -2.13532e-05 0 0
internal_weight=4071 2791 2087 393 130 263 704 1694 326 1368 92 1280 847 488 433 134 359 267 92 299 239 612 527 451 85 97 60
internal_count=4071 2791 2087 393 130 263 704 1694 326 1368 92 1280 847 488 433 134 359 267 92 299 239 612 527 451 85 97 60
is_linear=0
shrinkage=0.03


Tree=153
num_leaves=22
num_cat=0
split_feature=25 23 5 24 35 4 23 27 31 26 0 22 27 29 26 25 0 35 24 26 0
split_gain=0.000111973 0.000386733 0.000335977 0.000681597 0.000768108 0.0005577 0.00045367 0.000635196 0.000444674 0.000340809 0.000309273 0.000272812 0.000802951 0.00127935 0.000661642 0.000384731 0.000366214 0.000177976 0.000137251 9.00202e-05 6.8936e-05
threshold=0.077008888488123137 -1.5869454562833238 49687500.000000007 -0.99509926539634119 0.021432371727872695 51.425001144409187 -0.55646296333878087 0.036383376062028273 -0.0036701466130508171 1.6876297984026685 31.151031494140629 53.324458148896056 0.73760332628154501 52.597342972660606 1.2843686524312143 0.27152805029333688 39.649438858032234 0.016809805059629018 1.5112032121333556 1.1479853319192983 31.626769065856937
decision_type=2 2 2 2 2 2 2 2 2 2 2 2 2 2 2 2 2 2 2 2 2
left_child=2 20 3 4 9 19 7 -5 -8 -1 -6 14 13 -13 16 -16 -3 -7 -14 -4 -2
right_child=1 11 5 6 10 17 8 -9 -10 -11 -12 12 18 -15 15 -17 -18 -19 -20 -21 -22
leaf_value=4.0904305331664872e-05 -0.00011291888449905876 -2.8555026814915285e-05 -0.00019006486604942587 -8.6333626274329178e-05 0.00024812087045494478 -4.2123713729981051e-05 2.9170799828895532e-05 0 -8.6924185356246118e-07 -3.5820772507837714e-05 0 0 3.6981200239164271e-06 -0.00014380107540028802 0 0.00017880007787906562 3.4229039623165569e-05 5.9559406460702549e-05 -2.655691466687103e-05 0 0
leaf_weight=174 37 187 22 116 27 22 604 288 1038 39 20 63 879 97 37 33 151 34 158 25 20
leaf_count=174 37 187 22 116 27 22 604 288 1038 39 20 63 879 97 37 33 151 34 158 25 20
internal_value=0 -6.38245e-06 3.70497e-06 7.21487e-06 5.31036e-05 -4.57088e-05 0 -2.69581e-05 8.35498e-06 1.27679e-05 0.000171792 -1.72191e-06 -1.05736e-05 -7.31419e-05 1.68924e-05 0.000100777 0 0 0 -0.00012341 -8.48412e-05
internal_weight=4071 1662 2409 2306 260 103 2046 404 1642 213 47 1605 1197 160 408 70 338 56 1037 47 57
internal_count=4071 1662 2409 2306 260 103 2046 404 1642 213 47 1605 1197 160 408 70 338 56 1037 47 57
is_linear=0
shrinkage=0.03


Tree=154
num_leaves=25
num_cat=0
split_feature=26 35 5 5 21 27 22 29 23 35 26 26 19 24 35 36 21 33 31 26 36 34 33 34
split_gain=0.000110427 0.000605554 0.000796288 0.00080838 0.000799326 0.000692025 0.000517521 0.00050272 0.000387967 0.000193146 0.000560288 0.00133481 0.000451 0.000329014 0.00031966 0.000710398 0.000644595 0.000311756 0.000261564 0.000750157 0.000320701 0.000183753 0.000395937 0.000193052
threshold=1.393878332570696 0.022176786242234126 23210038.500000004 35101912.000000007 84.604583358764657 0.23132145487161457 49.479633033557946 15.950020933681843 1.2509147512837517 0.027976505429742761 1.0406542298534387 1.2698789301092541 58.72999992370606 -0.029960307332531046 0.014604161696711587 -0.006892571300954233 73.60041662851971 -0.0093782144415004414 -0.015468328920867134 0.98054629919896164 0.0041545636194754718 -0.030472488488682444 -0.029966095685477086 -0.0022156846600193676
decision_type=2 2 2 2 2 2 2 2 2 2 2 2 2 2 2 2 2 2 2 2 2 2 2 2
left_child=9 2 21 4 -4 7 -7 -3 -8 14 13 12 -12 -11 15 16 -1 -17 19 -16 -20 22 -2 -23
right_child=1 5 3 -5 -6 6 8 -9 -10 10 11 -13 -14 -15 18 17 -18 -19 20 -21 -22 23 -24 -25
leaf_value=-0.00010796639301543595 0 0 -0.00021117841708473862 0 0 -0.00011050761857922146 0.00013742938792218244 0.00016751066474307352 0 0 -0.00022535055803315601 5.6140947566108389e-06 0 0.0001089745305944234 0 2.3232400402443522e-05 0 -1.8820722962377075e-06 -5.5454545558606398e-06 0.0001193675260235612 2.9341865250748626e-05 4.389438332421886e-05 -0.00013394079057106113 -5.0008899042807945e-06
leaf_weight=103 25 20 59 42 20 34 21 44 22 27 44 29 20 25 35 542 69 1709 361 84 383 87 29 237
leaf_count=103 25 20 59 42 20 34 21 44 22 27 44 29 20 25 35 542 69 1709 361 84 383 87 29 237
internal_value=0 -1.18282e-05 -3.07648e-05 -9.90753e-05 -0.000155646 3.39014e-05 0 0.000110663 3.38352e-05 1.69267e-06 -3.00368e-05 -8.24705e-05 -0.000169132 6.13555e-06 4.00659e-06 -3.98651e-07 -6.01023e-05 2.83312e-06 1.98494e-05 6.62772e-05 8.38383e-06 -9.43389e-07 -5.53454e-05 0
internal_weight=4071 640 499 121 79 141 77 64 43 3431 145 93 64 52 3286 2423 172 2251 863 119 744 378 54 324
internal_count=4071 640 499 121 79 141 77 64 43 3431 145 93 64 52 3286 2423 172 2251 863 119 744 378 54 324
is_linear=0
shrinkage=0.03


Tree=155
num_leaves=9
num_cat=0
split_feature=32 33 33 25 25 36 30 26
split_gain=0.000110392 0.000415949 0.000407086 0.000291543 0.000152309 0.000595835 0.000328376 0.000106504
threshold=-0.05483290939265794 -0.07241451359837052 -0.055479218744477525 -0.89238739201564488 0.077008888488123137 -0.010498788779916045 54.087643921242893 1.351662677459452
decision_type=2 2 2 2 2 2 2 2
left_child=1 -1 7 -4 6 -6 -5 -2
right_child=2 -3 3 4 5 -7 -8 -9
leaf_value=0 0 -0.00013737455547965349 -8.4117393189714207e-05 0 -8.4562072103503812e-05 -1.7851852465797583e-07 2.4129287935010584e-05 0.00014799389183759617
leaf_weight=23 23 25 37 1654 84 1573 631 21
leaf_count=23 23 25 37 1654 84 1573 631 21
internal_value=0 -4.54424e-05 8.05122e-08 -1.74707e-07 0 -6.2715e-06 5.60942e-06 9.11357e-05
internal_weight=4071 48 4023 3979 3942 1657 2285 44
internal_count=4071 48 4023 3979 3942 1657 2285 44
is_linear=0
shrinkage=0.03


Tree=156
num_leaves=20
num_cat=0
split_feature=25 25 35 33 32 23 22 36 35 35 35 35 24 36 25 26 27 32 3
split_gain=0.000111329 0.0010812 0.00111527 0.00219243 0.000406419 0.000814111 0.000437217 0.000662387 0.000378951 0.00024301 0.000636964 0.000445263 0.000954819 0.000604937 0.000196612 7.91318e-05 7.05763e-05 0.000116149 6.41039e-05
threshold=-0.52027131783085767 -0.40533074343966341 0.016909859650996662 -0.021858703683037935 0.0048382289673457599 -0.11080780290746615 31.636248248668988 -0.008352976900993998 0.016053196974883537 0.032074765444498866 0.034698902335855285 0.016556291321018511 -0.77471572696320723 -0.0064954750968649272 -0.76473947490064853 1.488786134911577 0.011693922936779172 -0.0017130438140402491 38.574998855590827
decision_type=2 2 2 2 2 2 2 2 2 2 2 2 2 2 2 2 2 2 2
left_child=4 2 16 -4 5 6 7 -1 -8 11 -11 13 -13 -3 -6 -7 -2 -18 -12
right_child=1 9 3 -5 14 15 8 -9 -10 10 18 12 -14 -15 -16 -17 17 -19 -20
leaf_value=0 0 -4.5532231334587117e-05 -0.00039720939864001915 0 -9.190605538515604e-05 0 0 0.00013583417602932438 -0.00013089207989960599 -0.00017814530865666047 -4.2612771996339438e-05 8.708144078240133e-05 0 1.771214167719436e-06 0 0.00017975233792461175 -5.7356799697172988e-05 0 1.5900999956473554e-05
leaf_weight=20 28 262 25 20 24 25 40 45 29 24 24 169 562 2550 44 38 51 36 55
leaf_count=20 28 262 25 20 24 25 40 45 29 24 24 169 562 2550 44 38 51 36 55
internal_value=0 -1.79265e-06 -7.83688e-05 -0.000209898 1.82159e-05 4.65516e-05 0 6.02081e-05 -4.77431e-05 7.4706e-07 -4.3105e-05 2.8698e-06 2.40531e-05 -1.57079e-06 -1.97694e-05 0.000135576 -6.99016e-07 -2.70168e-05 0
internal_weight=4071 3806 160 45 265 197 134 65 69 3646 103 3543 731 2812 68 63 115 87 79
internal_count=4071 3806 160 45 265 197 134 65 69 3646 103 3543 731 2812 68 63 115 87 79
is_linear=0
shrinkage=0.03


Tree=157
num_leaves=26
num_cat=0
split_feature=31 23 29 23 33 22 31 31 23 21 33 27 23 27 23 21 31 31 33 27 22 32 26 27 36
split_gain=0.000111274 0.000702172 0.00115024 0.000828595 0.000472302 0.000632269 0.000457583 0.000554983 0.00092038 0.000482296 0.000417443 0.000566623 0.000351612 0.000281441 0.000280386 0.000328486 0.000271136 0.000157497 0.000165212 0.000124247 9.19386e-05 0.000219458 5.74995e-05 5.1215e-05 1.41799e-05
threshold=0.0060898518482656048 1.0932438039919605 64.365122951101355 0.97060942168107556 0.017703718110183456 60.637017395861029 0.0021762756601605431 -0.0035755009497419605 0.57043794992816299 60.863750012715663 0.026823861421318766 0.90801229144298101 -0.35577630339246008 0.76987259187663015 -1.3424857807186965 79.914166704813653 -0.0085186154016716458 0.0095122722970919522 0.037957909067448899 0.96979320231583543 67.895140265564692 0.019301619074624469 0.87872668539282006 0.64324605472208518 0.0016413711385368502
decision_type=2 2 2 2 2 2 2 2 2 2 2 2 2 2 2 2 2 2 2 2 2 2 2 2 2
left_child=4 3 13 10 6 16 7 8 -1 -9 12 -12 -2 23 -8 -16 -6 19 -19 -4 24 -22 -18 -3 -7
right_child=1 2 17 -5 5 20 14 9 -10 -11 11 -13 -14 -15 15 -17 22 18 -20 -21 21 -23 -24 -25 -26
leaf_value=-1.129873949283079e-05 3.5483138861252492e-05 0 -7.6790478683406486e-05 0.00015224020307988068 0 -5.0628820397611184e-05 -2.2410008835500654e-05 -7.209769818908368e-05 4.3177782571578398e-05 -8.0648903639532241e-06 -7.843369137455312e-05 0 -4.9504233170491989e-06 0 5.0646256466266135e-05 0 0 5.0340049835933892e-05 0 0 0 8.300295794507506e-05 9.8472365855806671e-05 -0.00031137544802175963 0
leaf_weight=962 269 21 41 32 26 36 29 195 381 561 139 93 393 33 321 135 20 63 45 20 49 29 135 21 22
leaf_count=962 269 21 41 32 26 36 29 195 381 561 139 93 393 33 321 135 20 63 45 20 49 29 135 21 22
internal_value=0 -8.24221e-06 -5.39751e-05 5.73498e-07 2.66839e-06 3.74707e-05 -4.41425e-07 -7.62562e-06 1.92431e-06 -2.85564e-05 -1.51638e-06 -3.85967e-05 6.95137e-06 -0.000152492 2.44614e-05 3.40241e-05 7.48371e-05 0 1.01843e-05 -4.62214e-05 0 6.16914e-06 9.00709e-05 -0.000217939 -3.70543e-05
internal_weight=4071 1170 244 926 2901 317 2584 2099 1343 756 894 232 662 75 485 456 181 169 108 61 136 78 155 42 58
internal_count=4071 1170 244 926 2901 317 2584 2099 1343 756 894 232 662 75 485 456 181 169 108 61 136 78 155 42 58
is_linear=0
shrinkage=0.03


Tree=158
num_leaves=28
num_cat=0
split_feature=30 30 21 36 30 5 34 20 29 30 35 28 23 31 31 24 19 34 5 25 20 35 28 31 31 24 34
split_gain=0.000111135 0.000357747 0.000344484 0.000331743 0.000924194 0.000515963 0.000408116 0.000969859 0.000337026 0.000253526 0.000482332 0.000427031 0.000331705 0.000282048 0.000444201 0.000413475 0.000274478 0.000224424 0.000223485 0.000407373 0.000215246 0.00019848 0.000150441 5.1072e-05 4.9813e-05 0.000165056 0.000104195
threshold=69.472239222181216 54.391690969242049 45.09124997456869 0.010337144126166615 36.855072145899257 25666774.500000004 0.0014614877878944557 68.226250267028817 11.286483476432782 78.77752776677643 0.011893834599720585 -1714932531.9999998 -0.43940347963209087 0.013088473017663695 -0.0055453042821672063 -0.24680708366757442 77.284999084472659 0.011600362666015053 15149740.000000002 0.11392809788568715 58.454999923706062 0.012845275603711379 -354208331.49999994 0.0060898518482656048 0.0040921799747800644 0.68114789511743778 0.0099937960210370064
decision_type=2 2 2 2 2 2 2 2 2 2 2 2 2 2 2 2 2 2 2 2 2 2 2 2 2 2 2
left_child=1 3 17 6 5 -5 8 -8 -1 10 24 -12 21 14 -14 -15 -13 -3 19 -4 -20 -11 -6 -23 26 -26 -2
right_child=9 2 18 4 22 -7 7 -9 -10 12 11 16 13 15 -16 -17 -18 -19 20 -21 -22 23 -24 -25 25 -27 -28
leaf_value=-2.0359761845738123e-05 0 0 5.7829414806550767e-05 0 0 -0.00016354855946521668 -8.0469264785812693e-05 1.0731396361119381e-05 1.5568116756334677e-05 0 0 -9.3751872664026332e-05 1.8469915199160311e-05 0 -3.3076909794522739e-05 8.0571917897175516e-05 0 0.00015295141126842342 -4.5563302450732086e-05 0 6.8729800590769452e-06 0.00013742694608021759 5.8723304188636546e-05 0 6.9354689865232526e-05 0 -3.1305833553522009e-05
leaf_weight=224 81 20 191 84 33 59 172 154 1315 43 22 156 145 21 451 76 55 33 87 100 273 27 46 21 39 42 101
leaf_count=224 81 20 191 84 33 59 172 154 1315 43 22 156 145 21 451 76 55 33 87 100 273 27 46 21 39 42 101
internal_value=0 2.78341e-06 2.17682e-05 -2.184e-06 -3.72543e-05 -8.83282e-05 3.8387e-07 -2.8197e-05 8.38867e-06 -7.82581e-06 -2.48588e-05 -5.63691e-05 0 -4.04065e-06 -1.55024e-05 3.54319e-05 -7.30015e-05 0.000103822 1.04654e-05 3.05929e-05 0 5.61496e-05 1.7264e-05 9.84126e-05 0 2.20758e-05 -5.3991e-06
internal_weight=4071 2791 704 2087 222 143 1865 326 1539 1280 496 233 784 693 596 97 211 53 651 291 360 91 79 48 263 81 182
internal_count=4071 2791 704 2087 222 143 1865 326 1539 1280 496 233 784 693 596 97 211 53 651 291 360 91 79 48 263 81 182
is_linear=0
shrinkage=0.03


Tree=159
num_leaves=17
num_cat=0
split_feature=34 5 33 36 23 0 32 35 35 23 35 5 22 36 22 28
split_gain=0.000102564 0.000283538 0.000236697 0.000346355 0.00026627 0.000416965 0.00026502 0.000204511 0.000400896 0.00067711 0.000227333 0.000174987 0.000153064 0.000472501 6.53572e-05 3.67462e-05
threshold=0.079414432873510812 42119825.500000007 0.02010656637543318 -0.0036487692720932308 -1.0607933944829779 42.838335037231452 0.027725035688828673 0.010475811854930581 0.013254493992681039 -0.91661571765025929 0.015682651712857733 33977414.500000007 44.372746982082973 -0.0032930006020243153 56.404788278545205 -176669309.49999997
decision_type=2 2 2 2 2 2 2 2 2 2 2 2 2 2 2 2
left_child=2 -2 7 11 6 -6 -5 12 9 -9 -10 15 13 -1 -14 -4
right_child=1 -3 3 4 5 -7 -8 8 10 -11 -12 -13 14 -15 -16 -17
leaf_value=-2.6020136017076689e-05 0 -0.00011538172307980899 0 0 3.9154273721350902e-05 -7.4136626247451542e-06 -0.00010444403844516821 -0.00011287680830535361 1.8068111960603712e-05 -1.036098239054725e-05 -8.786298712443473e-06 0 -9.0379411407337711e-06 3.9457974807763412e-05 5.9424207190328e-06 0.00012380700845203202
leaf_weight=82 34 26 32 35 309 209 34 85 423 532 861 20 509 347 488 45
leaf_count=82 34 26 32 35 309 209 34 85 423 532 861 20 509 347 488 45
internal_value=0 -3.91855e-05 7.65948e-08 1.67936e-05 2.58143e-06 1.45771e-05 -4.39484e-05 -2.45898e-06 -9.48933e-06 -2.93614e-05 0 7.1812e-05 4.80954e-06 1.99478e-05 0 9.23977e-05
internal_weight=4071 60 4011 684 587 518 69 3327 1901 617 1284 97 1426 429 997 77
internal_count=4071 60 4011 684 587 518 69 3327 1901 617 1284 97 1426 429 997 77
is_linear=0
shrinkage=0.03


Tree=160
num_leaves=20
num_cat=0
split_feature=26 26 5 33 22 30 3 30 34 23 0 24 25 24 32 34 0 21 0
split_gain=0.000106842 0.000593825 0.000425422 0.000874109 0.000341621 0.000580345 0.000409332 0.000262809 0.000247935 0.000542016 0.000662051 0.000279617 0.000242535 0.000223324 0.000215798 0.000175985 9.08219e-05 2.36099e-05 9.56781e-06
threshold=1.393878332570696 1.5433447253019756 25252675.000000004 -0.034336216470596863 31.636248248668988 20.485087210190063 57.875000000000007 7.715499018530215 -0.039974652829509953 -0.91661571765025929 31.720415115356449 -1.593325315638223 -0.76473947490064853 -1.0123414868995761 -0.016639539845914316 0.020765933208966695 37.835025787353523 49.309999942779548 93.182979583740249
decision_type=2 2 2 2 2 2 2 2 2 2 2 2 2 2 2 2 2 2 2
left_child=7 2 16 -4 -3 12 -7 14 9 10 -9 15 -6 -13 -1 -10 -2 -11 -18
right_child=1 4 3 -5 5 6 -8 8 11 17 -12 13 -14 -15 -16 -17 18 -19 -20
leaf_value=-0.00013466827336190964 -5.0461955445222373e-05 0.00010848793990631725 0 -0.00021977230673655867 -0.00019129256141892635 0.00013309044608961066 0 0.00018088527125761889 0 1.6614487105943841e-05 0 3.3505047654094807e-05 0 0 0 -0.00012974877057857082 1.3243012079017569e-05 -1.062295089907502e-05 0
leaf_weight=22 32 26 21 37 20 21 388 41 56 38 42 198 25 2893 23 23 49 95 21
leaf_count=22 32 26 21 37 20 21 388 41 56 38 42 198 25 2893 23 23 49 95 21
internal_value=0 -1.17187e-05 -6.23477e-05 -0.000131536 0 -7.72598e-07 3.61525e-06 1.55093e-06 3.35894e-06 3.47604e-05 9.49333e-05 2.71911e-07 -0.000107092 2.63075e-06 -6.76789e-05 -5.39813e-05 0 0 0
internal_weight=4071 640 160 58 480 454 409 3431 3386 216 83 3170 45 3091 45 79 102 133 70
internal_count=4071 640 160 58 480 454 409 3431 3386 216 83 3170 45 3091 45 79 102 133 70
is_linear=0
shrinkage=0.03


Tree=161
num_leaves=21
num_cat=0
split_feature=25 25 35 34 32 35 35 24 29 35 35 35 24 36 32 1 34 24 35 4
split_gain=0.000105331 0.00100506 0.00102364 0.00128611 0.000382481 0.000469873 0.000341536 0.000333828 0.000322624 0.000219816 0.000596629 0.000431137 0.000882161 0.000564586 0.000169007 0.000135401 0.000101038 0.000234267 4.44908e-05 8.29405e-07
threshold=-0.52027131783085767 -0.40533074343966341 0.016909859650996662 -0.029103814730303875 0.0016353336491351513 0.022176786242234126 0.015964870340422734 -0.40048502453693552 26.419364436490181 0.032074765444498866 0.034698902335855285 0.016556291321018511 -0.77471572696320723 -0.0064954750968649272 -0.035875511298947886 40.475000381469734 -0.038004522292366054 -0.54870454001973257 0.018827334634065891 102.79999923706056
decision_type=2 2 2 2 2 2 2 2 2 2 2 2 2 2 2 2 2 2 2 2
left_child=4 2 16 -4 5 6 7 -1 -6 11 -11 13 -13 -3 -7 -12 -2 -18 -8 -10
right_child=1 9 3 -5 8 14 18 -9 19 10 15 12 -14 -15 -16 -17 17 -19 -20 -21
leaf_value=0 0 -4.4127940325523406e-05 -0.00036003481753944577 0 -0.00010568441454762749 0 -8.6899412545695219e-05 9.0106687659615673e-05 4.6787242018658606e-06 -0.00017174250587431665 -5.5561936391703088e-05 8.4215972966542491e-05 0 1.5000722208891577e-06 0.00019469124786876911 2.7077806891869898e-05 -0.00010183452105284043 0 0 0
leaf_weight=29 30 262 23 22 27 26 20 61 34 24 27 169 562 2550 26 52 29 56 20 22
leaf_count=29 30 262 23 22 27 26 20 61 34 24 27 169 562 2550 26 52 29 56 20 22
internal_value=0 -1.80405e-06 -7.5622e-05 -0.000201812 1.76314e-05 4.76994e-05 0 4.65978e-05 -1.21778e-05 6.14542e-07 -4.10666e-05 2.67411e-06 2.35471e-05 -1.68579e-06 0.000126764 0 -4.65792e-08 -3.26889e-05 -5.27885e-05 0
internal_weight=4071 3806 160 45 265 182 130 90 83 3646 103 3543 731 2812 52 79 115 85 40 56
internal_count=4071 3806 160 45 265 182 130 90 83 3646 103 3543 731 2812 52 79 115 85 40 56
is_linear=0
shrinkage=0.03


Tree=162
num_leaves=21
num_cat=0
split_feature=26 26 5 33 28 0 34 28 36 30 30 34 36 0 24 24 32 2 0 0
split_gain=0.000105052 0.00056182 0.000389376 0.000829015 0.000281508 0.000956358 0.000663837 0.000522899 0.000409989 0.000422997 0.000241972 0.000236195 0.000478304 0.000777231 0.000273384 0.000205601 0.000195498 0.000173425 8.61355e-05 8.42908e-06
threshold=1.393878332570696 1.5433447253019756 25252675.000000004 -0.034336216470596863 63883368.000000007 31.514273643493656 0.0041159923914924077 938649228.00000012 0.010146235282328825 60.79371542594739 7.715499018530215 -0.039974652829509953 0.0081151542888892488 32.65288162231446 -1.593325315638223 -1.0123414868995761 -0.016639539845914316 59.074998855590827 37.835025787353523 93.182979583740249
decision_type=2 2 2 2 2 2 2 2 2 2 2 2 2 2 2 2 2 2 2 2
left_child=10 2 18 -4 8 6 -6 -7 9 -3 16 12 13 -12 17 -16 -1 -13 -2 -20
right_child=1 4 3 -5 5 7 -8 -9 -10 -11 11 14 -14 -15 15 -17 -18 -19 19 -21
leaf_value=-0.00012845472994205703 -4.9142791105164468e-05 0.0001259528841190085 0 -0.00021333418159577444 0 4.7767130667112627e-05 -0.00023285919671957257 -2.4282617006040585e-05 0 0 0.00013300490608049066 -8.1693509931230805e-05 -3.887128605672191e-05 0 3.2274293068051004e-05 0 0 0 1.242998314210163e-05 0
leaf_weight=22 32 62 21 37 30 170 27 151 20 20 76 57 22 118 198 2893 23 22 49 21
leaf_count=22 32 62 21 37 30 170 27 151 20 20 76 57 22 118 198 2893 23 22 49 21
internal_value=0 -1.16103e-05 -6.08047e-05 -0.000127356 0 -6.87703e-06 -0.000123578 4.53468e-06 4.80242e-05 8.58053e-05 1.55175e-06 3.31992e-06 3.39885e-05 5.77227e-05 2.82853e-07 2.62538e-06 -6.46868e-05 -5.3333e-05 0 0
internal_weight=4071 640 160 58 480 378 57 321 102 82 3431 3386 216 194 3170 3091 45 79 102 70
internal_count=4071 640 160 58 480 378 57 321 102 82 3431 3386 216 194 3170 3091 45 79 102 70
is_linear=0
shrinkage=0.03


Tree=163
num_leaves=9
num_cat=0
split_feature=32 33 33 25 25 25 34 26
split_gain=0.000105197 0.000380661 0.000378013 0.000257366 0.000143531 0.000489994 0.000328038 9.15774e-05
threshold=-0.05483290939265794 -0.055479218744477525 -0.07241451359837052 -0.89238739201564488 0.10876027739653966 0.16184344429073119 0.03103506201883344 1.351662677459452
decision_type=2 2 2 2 2 2 2 2
left_child=2 7 -1 -3 6 -6 -5 -2
right_child=1 3 -4 4 5 -7 -8 -9
leaf_value=0 0 -7.9059465258787676e-05 -0.00013162921247512205 1.1397504545507903e-06 -4.3465484569400093e-05 0 5.4601739425244722e-05 0.00014188210680745364
leaf_weight=23 23 37 25 2327 270 1227 118 21
leaf_count=23 23 37 25 2327 270 1227 118 21
internal_value=0 0 -4.43659e-05 -2.55689e-07 0 -6.80321e-06 4.94899e-06 8.81061e-05
internal_weight=4071 4023 48 3979 3942 1497 2445 44
internal_count=4071 4023 48 3979 3942 1497 2445 44
is_linear=0
shrinkage=0.03


Tree=164
num_leaves=28
num_cat=0
split_feature=31 24 31 21 4 33 22 31 31 24 35 1 24 5 31 30 34 26 0 26 30 22 0 31 28 36 31
split_gain=0.000103787 0.000469455 0.000680344 0.000617263 0.000803171 0.000427696 0.000582524 0.000415274 0.000527412 0.000688026 0.000446883 0.000339675 0.000305172 0.000375967 0.000252936 0.000222897 0.000196796 0.000296394 0.000725854 0.000487261 0.000145916 8.70221e-05 0.000142738 5.18382e-05 4.99051e-05 4.20077e-05 7.477e-05
threshold=0.0060898518482656048 0.9135707828888403 0.016973295583450624 71.136666679382344 57.625000000000007 0.017703718110183456 60.637017395861029 0.0021762756601605431 -0.0035755009497419605 -1.9010383139874738 0.010552575181442035 89.125000000000014 -0.21746227669137061 17283628.000000004 -0.0085186154016716458 28.378247501345076 0.072688794514621527 1.104450541383182 41.755178451538093 1.1985433015647626 86.710928671079799 67.895140265564692 41.755178451538093 0.0024534486294154338 284942787.00000006 0.0045276293973866236 0.023384723981283998
decision_type=2 2 2 2 2 2 2 2 2 2 2 2 2 2 2 2 2 2 2 2 2 2 2 2 2 2 2
left_child=5 16 3 4 -3 7 14 8 9 -1 -10 -5 15 -14 -7 -9 17 18 -2 -19 -18 24 -23 -16 -8 -4 -27
right_child=1 2 25 11 -6 6 21 12 10 -11 -12 -13 13 -15 23 -17 20 19 -20 -21 -22 22 -24 -25 -26 26 -28
leaf_value=-0.00010924037804627303 5.8290042677616513e-05 0 0 3.0972657794894198e-05 -0.00022760429387758618 0 -6.2303103886880086e-05 3.6494022242777166e-05 -1.6800429932325711e-06 8.1525407112706739e-06 -5.710524994537326e-05 -6.1634948292644835e-05 6.1957326179796135e-05 0 0.0001123962169085271 -3.5874256822495639e-05 0 -7.2058857406361005e-05 -5.5217931437055247e-06 0 -0.00011067173433907377 6.3877413884375365e-05 0 0 0 0 6.7500474960271065e-05
leaf_weight=45 266 33 24 41 46 26 31 48 455 1298 301 70 228 103 95 106 23 91 226 279 23 32 46 60 27 25 23
leaf_count=45 266 33 24 41 46 26 31 48 455 1298 301 70 228 103 95 106 23 91 226 279 23 32 46 60 27 25 23
internal_value=0 -8.01211e-06 -4.35729e-05 -7.6406e-05 -0.000145097 2.51123e-06 3.56417e-05 -3.93421e-07 -7.29022e-06 1.97757e-06 -2.77198e-05 -4.28746e-07 2.32659e-05 4.02814e-05 7.15488e-05 0 0 5.43929e-06 2.28866e-05 -9.65494e-06 -5.73474e-05 0 5.67389e-06 8.6285e-05 -3.61212e-05 1.44695e-06 2.80917e-05
internal_weight=4071 1170 262 190 79 2901 317 2584 2099 1343 756 111 485 331 181 154 908 862 492 370 46 136 78 155 58 72 48
internal_count=4071 1170 262 190 79 2901 317 2584 2099 1343 756 111 485 331 181 154 908 862 492 370 46 136 78 155 58 72 48
is_linear=0
shrinkage=0.03


Tree=165
num_leaves=23
num_cat=0
split_feature=26 35 30 35 29 27 32 22 23 25 34 0 30 34 23 0 24 24 0 34 27 2
split_gain=9.75242e-05 0.000555887 0.000936829 0.00203503 0.00104867 0.000626802 0.000593927 0.000474266 0.000360592 0.000329065 0.00031592 0.000732432 0.000228174 0.000221406 0.000498947 0.000586671 0.000251034 0.000191193 0.000187275 0.000171245 0.000122667 8.94303e-06
threshold=1.393878332570696 0.022176786242234126 45.586676967464911 0.016651667049174635 30.10822588198403 0.23132145487161457 -0.030913257221676923 49.479633033557946 1.2509147512837517 -0.52027131783085767 -0.001313191725771101 30.685671806335453 7.715499018530215 -0.039974652829509953 -0.91661571765025929 31.720415115356449 -1.593325315638223 -1.0123414868995761 36.519456863403327 0.020765933208966695 0.23132145487161457 49.725000381469734
decision_type=2 2 2 2 2 2 2 2 2 2 2 2 2 2 2 2 2 2 2 2 2 2
left_child=12 2 3 9 -5 6 -3 -7 -9 -2 20 -12 18 14 15 -14 19 -18 -1 -15 -4 -16
right_child=1 5 10 4 -6 7 -8 8 -10 -11 11 -13 13 16 21 -17 17 -19 -20 -21 -22 -23
leaf_value=-0.00012816700247467839 3.0026957085673782e-05 0 0 -0.00034992181997411405 0 -0.00010573625153878326 0.00018571175815449854 0.00013244483181853639 0 -5.793145131366586e-05 -0.00017357531808356015 0 0.00017163060702821985 0 6.2191192803249938e-06 0 3.1091574289636819e-05 0 0 -0.00012497289497072673 9.6928101041222228e-05 -8.5275108240912479e-06
leaf_weight=21 60 28 20 33 22 34 36 21 22 72 23 231 41 56 48 42 198 2893 24 23 38 85
leaf_count=21 60 28 20 33 22 34 36 21 22 72 23 231 41 56 48 42 198 2893 24 23 38 85
internal_value=0 -1.12178e-05 -2.95039e-05 -8.26344e-05 -0.000237544 3.22103e-05 0.000105283 0 3.25256e-05 0 0 -1.20305e-05 1.45078e-06 3.19293e-06 3.28803e-05 9.06376e-05 2.22749e-07 2.50696e-06 -6.28336e-05 -5.11141e-05 6.52747e-05 0
internal_weight=4071 640 499 187 55 141 64 77 43 132 312 254 3431 3386 216 83 3170 3091 45 79 58 133
internal_count=4071 640 499 187 55 141 64 77 43 132 312 254 3431 3386 216 83 3170 3091 45 79 58 133
is_linear=0
shrinkage=0.03


Tree=166
num_leaves=27
num_cat=0
split_feature=30 30 28 30 30 21 33 30 35 36 30 35 28 23 19 36 5 25 20 30 27 35 35 27 24 36
split_gain=9.56978e-05 0.000336774 0.000337908 0.000481133 0.000410683 0.000319217 0.000306972 0.000316622 0.000304924 0.000273541 0.000233637 0.000438225 0.000404861 0.00030661 0.000253556 0.000224069 0.000200362 0.000384032 0.000201394 0.000193408 0.000569106 0.000185838 0.000123082 1.85937e-05 0.000107069 7.07336e-05
threshold=69.472239222181216 54.391690969242049 -682756590.99999988 40.381139272722685 33.445727185764163 45.09124997456869 0.0089303564991729551 12.593736719729771 0.013319324127549924 0.0043993005795594968 78.77752776677643 0.011893834599720585 -1714932531.9999998 -0.43940347963209087 77.284999084472659 -0.0011491291628928332 15149740.000000002 0.11392809788568715 58.454999923706062 83.080410424725116 0.81637680516758704 0.012845275603711379 0.0079856416389669036 0.76168331232698527 0.88078381408677109 -0.0023410010194107969
decision_type=2 2 2 2 2 2 2 2 2 2 2 2 2 2 2 2 2 2 2 2 2 2 2 2 2 2
left_child=1 2 3 4 -1 15 7 -4 -8 -5 11 23 -13 21 -14 -3 17 -7 -18 22 -21 -12 -15 25 -25 -2
right_child=10 5 6 9 -6 16 8 -9 -10 -11 13 12 14 19 -16 -17 18 -19 -20 20 -22 -23 -24 24 -26 -27
leaf_value=-2.5063710036060401e-05 0 0 3.5138209695639435e-05 -0.00010707033554417364 6.2692603514108306e-05 5.5579746019834799e-05 0 -9.363640274742259e-06 6.405195397941177e-05 0 0 0 -9.0023384869782096e-05 0 0 0.00014907881552831821 -4.3985439101169921e-05 0 6.8302808000297176e-06 -8.013714356337604e-05 0 9.5007022184570526e-05 3.0459247335739987e-05 3.5515847339202426e-05 0 -3.1340786954708553e-05
leaf_weight=206 51 20 150 86 61 191 192 1218 134 40 43 22 156 44 55 33 87 100 273 102 385 48 162 87 57 68
leaf_count=206 51 20 150 86 61 191 192 1218 134 40 43 22 156 44 55 33 87 100 273 102 385 48 162 87 57 68
internal_value=0 2.56139e-06 -2.2279e-06 -2.79845e-05 0 2.10183e-05 1.97795e-06 -2.28902e-06 2.90783e-05 -7.66502e-05 -7.27855e-06 -2.3676e-05 -5.37121e-05 0 -7.00838e-05 0.000100279 9.94338e-06 2.89932e-05 0 -3.61091e-06 -1.71632e-05 5.41284e-05 1.38644e-05 0 9.68042e-06 -5.20822e-06
internal_weight=4071 2791 2087 393 267 704 1694 1368 326 126 1280 496 233 784 211 53 651 291 360 693 487 91 206 263 144 119
internal_count=4071 2791 2087 393 267 704 1694 1368 326 126 1280 496 233 784 211 53 651 291 360 693 487 91 206 263 144 119
is_linear=0
shrinkage=0.03


Tree=167
num_leaves=27
num_cat=0
split_feature=31 23 29 23 33 22 33 27 31 31 23 35 23 0 36 27 31 31 31 33 33 5 5 26 29 26
split_gain=0.000101101 0.000646636 0.00108658 0.000781774 0.000396415 0.000554202 0.000385641 0.000522607 0.000383372 0.000569453 0.000861178 0.000467787 0.000318782 0.000317943 0.000317443 0.000241159 0.000238833 0.00013602 0.000133281 0.000177789 8.85761e-05 8.2903e-05 0.000282502 0.000141232 6.35774e-05 5.06957e-05
threshold=0.0060898518482656048 1.0932438039919605 64.365122951101355 0.97060942168107556 0.017703718110183456 60.637017395861029 0.026823861421318766 0.90801229144298101 0.0017730507823080501 -0.0035755009497419605 0.57043794992816299 0.011046109991785171 -0.35577630339246008 43.452611923217781 0.0046529996225422648 0.76987259187663015 -0.0085186154016716458 0.0027002653536281067 0.013673127071878512 0.017703718110183456 0.037957909067448899 22107686.000000004 12371063.500000002 1.0537945986520187 41.822812511822995 0.87872668539282006
decision_type=2 2 2 2 2 2 2 2 2 2 2 2 2 2 2 2 2 2 2 2 2 2 2 2 2 2
left_child=4 3 15 6 8 16 12 -8 9 10 -1 -11 -2 17 -15 24 -6 -10 19 -4 -20 22 -7 -23 -3 -18
right_child=1 2 18 -5 5 21 7 -9 13 11 -12 -13 -14 14 -16 -17 25 -19 20 -21 -22 23 -24 -25 -26 -27
leaf_value=-1.05678677488386e-05 3.3757085707602543e-05 0 0 0.00014785844642123877 0 0 -7.5435382403158156e-05 0 3.5696765451024293e-05 -4.6409882816254968e-06 4.2044491868611229e-05 -6.565862173965168e-05 -4.5479740993688495e-06 7.705213836599155e-05 0 0 0 -6.5787747278378434e-06 5.3725596862098928e-05 -6.6511043966804902e-05 0 7.5400765669818079e-05 -7.2849965446688476e-05 0 -0.00030061837331550763 9.1621794434428719e-05
leaf_weight=962 269 21 39 32 26 27 139 93 87 464 381 238 393 136 52 33 20 264 37 57 36 24 60 25 21 135
leaf_count=962 269 21 39 32 26 27 139 93 87 464 381 238 393 136 52 33 20 264 37 57 36 24 60 25 21 135
internal_value=0 -7.89077e-06 -5.17869e-05 4.40762e-07 2.50026e-06 3.43772e-05 -1.49655e-06 -3.72007e-05 -2.50578e-07 -7.30106e-06 2.12628e-06 -2.96072e-05 6.48878e-06 2.09309e-05 5.26961e-05 -0.00014744 6.94511e-05 0 0 -3.1039e-05 1.93493e-05 0 -2.72561e-05 1.42042e-05 -0.000209604 8.3773e-05
internal_weight=4071 1170 244 926 2901 317 894 232 2584 2045 1343 702 662 539 188 75 181 351 169 96 73 136 87 49 42 155
internal_count=4071 1170 244 926 2901 317 894 232 2584 2045 1343 702 662 539 188 75 181 351 169 96 73 136 87 49 42 155
is_linear=0
shrinkage=0.03


Tree=168
num_leaves=23
num_cat=0
split_feature=26 26 5 33 22 29 29 1 26 0 32 26 29 20 22 28 26 0 19 24 2 29
split_gain=9.37761e-05 0.000519851 0.000356396 0.0007767 0.000303262 0.000344617 0.000765804 0.000746734 0.000128403 0.00038349 0.000708995 0.000275362 0.000280859 0.00020521 0.000412232 0.00028292 0.000115528 7.52955e-05 1.19706e-05 0.000252434 7.608e-05 7.70329e-06
threshold=1.393878332570696 1.5433447253019756 25252675.000000004 -0.034336216470596863 31.636248248668988 24.351409542744292 38.677792800435775 78.974998474121108 1.2563245448038749 33.00505447387696 0.0024137676524172984 1.2318816448591734 75.032947750452635 77.318749809265157 33.278750779376729 1007293177.0000001 1.2484687277856852 37.835025787353523 74.909999847412124 -0.21158539625386688 81.724998474121108 70.28477154066799
decision_type=2 2 2 2 2 2 2 2 2 2 2 2 2 2 2 2 2 2 2 2 2 2
left_child=8 2 17 -4 -3 7 -7 -6 11 10 -10 13 16 14 -1 -15 -13 -2 19 -11 -20 -19
right_child=1 4 3 -5 5 6 -8 -9 9 18 -12 12 -14 15 -16 -17 -18 21 20 -21 -22 -23
leaf_value=-4.3908677789300177e-05 -4.5946589785314672e-05 0.00010220831640107534 0 -0.00020537834045147106 -0.00018025795490304207 0.00010733575198349074 -6.2831251956097384e-06 0 0.00014040690477145899 0 0 -0.00011410190849342743 0 3.0538838674234774e-05 7.7026163946828389e-07 -5.0278669871251715e-06 0 1.4054194514320771e-05 3.5775221598376783e-05 -0.00010133205835145061 0 0
leaf_weight=195 32 26 21 37 30 59 324 41 56 52 51 46 29 465 2168 139 37 35 54 23 116 35
leaf_count=195 32 26 21 37 30 59 324 41 56 52 51 46 29 465 2168 139 37 35 54 23 116 35
internal_value=0 -1.09847e-05 -5.83503e-05 -0.000122077 0 -7.86244e-07 3.41212e-06 -6.56008e-05 1.4448e-06 1.86695e-05 6.60946e-05 0 -4.66007e-05 1.21589e-06 -1.64893e-06 1.73882e-05 -7.7274e-05 0 0 -1.15421e-05 2.12591e-06 0
internal_weight=4071 640 160 58 480 454 383 71 3431 352 107 3079 112 2967 2363 604 83 102 245 75 170 70
internal_count=4071 640 160 58 480 454 383 71 3431 352 107 3079 112 2967 2363 604 83 102 245 75 170 70
is_linear=0
shrinkage=0.03


Tree=169
num_leaves=9
num_cat=0
split_feature=32 33 33 25 25 36 29 26
split_gain=9.63638e-05 0.000367002 0.000353296 0.000241616 0.000138263 0.000539272 0.000363511 8.31884e-05
threshold=-0.05483290939265794 -0.055479218744477525 -0.07241451359837052 -0.89238739201564488 0.077008888488123137 -0.010498788779916045 56.364479144932154 1.351662677459452
decision_type=2 2 2 2 2 2 2 2
left_child=2 7 -1 -3 6 -6 -5 -2
right_child=1 3 -4 4 5 -7 -8 -9
leaf_value=0 0 -7.6594998336125986e-05 -0.0001269773351431145 -4.8396040740397923e-07 -8.0614718635204971e-05 -1.8765181401750145e-07 2.4662986424268377e-05 0.00013853790645125668
leaf_weight=23 23 37 25 1644 84 1573 641 21
leaf_count=23 23 37 25 1644 84 1573 641 21
internal_value=0 0 -4.24625e-05 -2.26384e-07 0 -6.07983e-06 5.25831e-06 8.65171e-05
internal_weight=4071 4023 48 3979 3942 1657 2285 44
internal_count=4071 4023 48 3979 3942 1657 2285 44
is_linear=0
shrinkage=0.03


Tree=170
num_leaves=25
num_cat=0
split_feature=31 23 29 23 33 24 33 27 24 34 26 32 31 35 23 35 27 26 22 31 33 27 31 29
split_gain=9.6097e-05 0.000622853 0.00104801 0.000735056 0.00037642 0.000370556 0.000355581 0.000496655 0.00034662 0.000642011 0.000509187 0.000487429 0.000417671 0.000480246 0.000300379 0.000270053 0.000213361 0.000145795 0.000197797 0.000126796 0.000149294 0.000116422 3.16731e-05 3.10177e-05
threshold=0.0060898518482656048 1.0932438039919605 64.365122951101355 0.97060942168107556 0.023605349196339279 -0.99509926539634119 0.026823861421318766 0.90801229144298101 -1.6457339117145899 -0.073471874082832664 1.351662677459452 -0.021789088866418557 -0.006132465946990461 0.021186217971196537 -0.35577630339246008 0.014872391969599571 0.76987259187663015 1.303309356582744 55.425618587612732 0.0095122722970919522 0.037957909067448899 0.96979320231583543 -0.0016501723984490566 41.822812511822995
decision_type=2 2 2 2 2 2 2 2 2 2 2 2 2 2 2 2 2 2 2 2 2 2 2 2
left_child=4 3 16 6 8 22 14 -8 12 10 -10 -11 13 -1 -2 -14 23 18 -7 21 -21 -4 -6 -3
right_child=1 2 19 -5 5 17 7 -9 9 11 -12 -13 15 -15 -16 -17 -18 -19 -20 20 -22 -23 -24 -25
leaf_value=0 3.2659969063270797e-05 0 -7.1436283066036023e-05 0.00014337372458561663 0.0001888387212390775 0 -7.3148234525713355e-05 0 0 -3.448009268553852e-05 0.00018308687452421525 4.4447420285166956e-06 -5.3946135494579825e-05 -0.00022973973119151537 -4.4692919500085376e-06 9.1284204084620353e-05 0 -2.0849191351618192e-05 5.5852086710328913e-05 4.7691884618814752e-05 0 0 0 -0.00029159697082215891
leaf_weight=36 269 21 41 32 20 21 139 93 24 332 31 2220 23 21 393 21 33 36 94 63 45 20 22 21
leaf_count=36 269 21 41 32 20 21 139 93 24 332 31 2220 23 21 393 21 33 36 94 63 45 20 22 21
internal_value=0 -7.76239e-06 -5.08412e-05 3.53698e-07 2.34721e-06 4.28624e-05 -1.42572e-06 -3.57891e-05 0 1.56904e-06 0.000102971 0 -5.49741e-05 -0.000109244 6.08959e-06 0 -0.000144779 0 3.16809e-05 0 9.20407e-06 -4.14466e-05 0.00012786 -0.000204823
internal_weight=4071 1170 244 926 2901 193 894 232 2708 2607 55 2552 101 57 662 44 75 151 115 169 108 61 42 42
internal_count=4071 1170 244 926 2901 193 894 232 2708 2607 55 2552 101 57 662 44 75 151 115 169 108 61 42 42
is_linear=0
shrinkage=0.03


Tree=171
num_leaves=26
num_cat=0
split_feature=30 30 36 30 5 21 30 36 36 2 24 22 5 0 30 30 36 20 36 24 5 5 35 20 28
split_gain=9.52713e-05 0.000305413 0.000316223 0.00088895 0.000462443 0.000304544 0.000268116 0.000355898 0.00030057 0.000224743 0.000447987 0.00040326 0.0004652 0.000401182 0.000270043 0.000264103 0.000228503 0.000272514 0.000206544 0.000202415 0.000199677 0.000174199 0.000320101 0.00018067 0.000142864
threshold=69.472239222181216 54.391690969242049 0.010337144126166615 36.855072145899257 25666774.500000004 45.09124997456869 49.920445360001956 0.00065687047866666278 -0.0070898753441325365 78.224998474121108 1.4400012800438724 58.317166234276193 33557241.500000007 29.693729400634769 72.848922125577459 77.247012104798173 0.0041545636194754718 85.312499618530282 -0.0011491291628928332 0.55316336858088577 33240805.500000004 15149740.000000002 0.007662808849528871 58.454999923706062 -354208331.49999994
decision_type=2 2 2 2 2 2 2 2 2 2 2 2 2 2 2 2 2 2 2 2 2 2 2 2 2
left_child=1 2 6 4 -4 18 7 -1 -8 11 14 12 15 -13 -11 -2 17 -12 -3 -15 -16 22 -7 -23 -5
right_child=9 5 3 24 -6 21 8 -9 -10 10 16 13 -14 19 20 -17 -18 -19 -20 -21 -22 23 -24 -25 -26
leaf_value=-3.6690524353617026e-06 -5.2094469110408199e-05 0 -4.3509449104097653e-08 0 -0.00015861134430784188 0 0 2.242569036920855e-05 -5.2211811599535575e-05 0 0 9.5154090362131546e-05 -0.00018131175600817062 3.7174926688506278e-06 5.597180411378778e-05 0 0 -9.1271700968768518e-05 0.00014429662365387572 -2.8711098041397022e-05 0 -4.1683848423885455e-05 4.9116305221955202e-05 6.4220302955582218e-06 5.7141388711984693e-05
leaf_weight=934 142 20 84 33 59 84 35 730 166 42 20 37 27 203 228 190 40 69 33 248 34 87 207 273 46
leaf_count=934 142 20 84 33 59 84 35 730 166 42 20 37 27 203 228 190 40 69 33 248 34 87 207 273 46
internal_value=0 2.4975e-06 -1.99748e-06 -3.62903e-05 -8.64961e-05 2.0082e-05 4.77796e-07 5.97664e-06 -3.01074e-05 -7.30631e-06 5.56023e-06 -1.74253e-05 -4.15566e-05 0 3.09795e-05 -2.11063e-05 -3.10823e-05 -6.08928e-05 9.7357e-05 -7.46664e-06 4.51751e-05 9.1692e-06 2.69559e-05 0 1.66563e-05
internal_weight=4071 2791 2087 222 143 704 1865 1664 201 1280 433 847 359 488 304 332 129 89 53 451 262 651 291 360 79
internal_count=4071 2791 2087 222 143 704 1865 1664 201 1280 433 847 359 488 304 332 129 89 53 451 262 651 291 360 79
is_linear=0
shrinkage=0.03


Tree=172
num_leaves=24
num_cat=0
split_feature=20 21 25 20 28 21 21 24 21 28 28 1 26 28 4 5 28 33 30 2 3 26 5
split_gain=8.98354e-05 0.000704777 0.000984785 0.000311167 0.000278391 0.000432155 0.000320742 0.000249349 0.000212433 0.00021218 0.000313546 0.000203382 0.000443853 0.00113478 0.000361435 0.000419348 0.000329711 0.000274745 0.000174878 0.000151247 0.000123127 7.62268e-06 1.84676e-05
threshold=86.1924997329712 85.965416590372726 -0.4161242156281873 77.318749809265157 938649228.00000012 132.03833312988283 107.54749997456871 1.4840949932403393 84.190000025431331 1007293177.0000001 177826478.50000003 67.375000000000014 1.4379100937816991 -288843764.99999994 65.924999237060561 82190074.000000015 166760103.50000003 -0.016359500805088575 41.881077750702424 142.90000152587893 81.224998474121108 0.80590084452615829 10530758.500000002
decision_type=2 2 2 2 2 2 2 2 2 2 2 2 2 2 2 2 2 2 2 2 2 2 2
left_child=3 2 -2 11 6 -6 7 -3 -4 10 20 14 17 -14 15 -1 -16 -13 -12 -7 -5 -11 -23
right_child=1 4 8 9 5 19 -8 -9 -10 21 18 12 13 -15 16 -17 -18 -19 -20 -21 -22 22 -24
leaf_value=0 0 3.3212823053249171e-05 0 0 -0.00013123866442137319 6.3661850090619736e-05 9.3216255768748137e-05 -5.0680118293907746e-05 -0.00025235117199382028 0 0 2.9270474878219886e-05 0 -0.00026823332781873943 0.00010186749721506142 -0.00011028704561376972 0 -1.6319226635134427e-05 5.3976556517100266e-05 -1.6454601359651226e-05 -5.2568565893272612e-05 0 -1.8991971176584659e-05
leaf_weight=1833 33 96 34 102 27 27 53 46 28 32 201 110 21 22 60 31 69 699 306 97 40 39 65
leaf_count=1833 33 96 34 102 27 27 53 46 28 32 201 110 21 22 60 31 69 699 306 97 40 39 65
internal_value=0 -1.32674e-05 -8.65232e-05 9.40047e-07 0 -2.26941e-05 2.97549e-05 0 -0.000160427 1.82424e-05 2.63952e-05 -2.78008e-06 -1.54175e-05 -0.000114876 1.11767e-06 -6.80708e-07 5.03218e-05 -6.4097e-06 3.80563e-05 0 0 0 -8.11802e-06
internal_weight=4071 441 95 3630 346 151 195 142 62 785 649 2845 852 43 1993 1864 129 809 507 124 142 136 104
internal_count=4071 441 95 3630 346 151 195 142 62 785 649 2845 852 43 1993 1864 129 809 507 124 142 136 104
is_linear=0
shrinkage=0.03


Tree=173
num_leaves=22
num_cat=0
split_feature=25 25 35 35 30 34 32 23 0 34 36 1 34 4 21 35 27 25 3 33 34
split_gain=9.06224e-05 0.000449702 0.000515483 0.0011799 0.000992269 0.000383394 0.000423473 0.000447843 0.00156476 0.000431798 0.000290637 0.000405995 0.000232987 0.000226798 0.000216653 0.000390645 0.000197885 9.07644e-05 7.79548e-05 1.41393e-05 8.45672e-07
threshold=0.10876027739653966 0.16857486571520922 0.012569866910006831 0.016456438441649766 50.556998298018449 0.03103506201883344 0.02459960409972262 -2.0060586456028591 31.720415115356449 -1.0000000180025095e-35 -0.010498788779916045 60.125000000000007 0.044139611498307703 59.975000381469734 54.962916755676282 0.019012835914265263 0.25205392402832533 0.42964165755934985 81.224998474121108 0.019377426393787259 0.01338057838873208
decision_type=2 2 2 2 2 2 2 2 2 2 2 2 2 2 2 2 2 2 2 2 2
left_child=5 2 13 4 -4 6 7 8 -1 -8 11 -3 19 -2 15 -12 -9 -16 -15 -7 -11
right_child=1 10 3 -5 -6 12 9 16 -10 20 14 -13 -14 18 17 -17 -18 -19 -20 -21 -22
leaf_value=0.00018862476491290938 -9.1733686071414778e-05 -0.00014821664218795551 0 0 -0.00026176862047433538 0 -0.00014637480410806928 -1.0149021975663875e-05 -1.7657241680555865e-05 0 5.6348669018718778e-05 0 0 2.3621138619558113e-05 -8.6731362286841931e-06 0 7.7783448132373238e-06 1.1574438416929559e-05 0 0.00010328895236072239 -4.7243832853961347e-06
leaf_weight=51 24 27 22 47 42 24 35 960 35 25 182 32 41 128 587 90 1309 280 41 55 34
leaf_count=51 24 27 22 47 42 24 35 960 35 25 182 32 41 128 587 90 1309 280 41 55 34
internal_value=0 -6.38243e-06 -3.91424e-05 -9.14851e-05 -0.000176275 2.81593e-06 0 2.74193e-06 6.99066e-05 -6.21455e-05 0 -6.23757e-05 5.51605e-05 0 5.26957e-06 2.88591e-05 0 0 2.78873e-06 8.52686e-05 0
internal_weight=4071 1502 304 111 64 2569 2449 2355 86 94 1198 59 120 193 1139 272 2269 867 169 79 59
internal_count=4071 1502 304 111 64 2569 2449 2355 86 94 1198 59 120 193 1139 272 2269 867 169 79 59
is_linear=0
shrinkage=0.03


Tree=174
num_leaves=22
num_cat=0
split_feature=31 23 29 23 33 23 30 3 0 34 22 32 31 36 31 33 26 29 33 22 31
split_gain=9.4029e-05 0.000603335 0.000994325 0.000690438 0.000352728 0.000357881 0.000343237 0.000437284 0.000309585 0.000344478 0.000900742 0.000308126 0.000281721 0.000172713 0.000122347 0.000170948 0.000120138 0.000106597 7.68781e-05 1.30732e-05 2.63645e-07
threshold=0.0060898518482656048 1.0932438039919605 64.365122951101355 0.97060942168107556 0.023605349196339279 0.83363752004165914 87.393249244022329 69.224998474121108 25.274406433105472 -0.073471874082832664 24.913652026668377 0.02459960409972262 0.0021762756601605431 -0.0035528477346264825 0.013673127071878512 0.017703718110183456 1.0537945986520187 38.299775113617088 0.037957909067448899 73.978694094220927 0.016973295583450624
decision_type=2 2 2 2 2 2 2 2 2 2 2 2 2 2 2 2 2 2 2 2 2
left_child=4 3 17 6 8 13 11 -8 -1 10 -10 -2 -11 -6 15 -4 -15 -3 -16 -7 -19
right_child=1 2 14 -5 5 19 7 -9 9 12 -12 -13 -14 16 18 -17 -18 20 -20 -21 -22
leaf_value=-8.3156731447084164e-05 1.3543106527587655e-05 0 0 0.00013893694415031363 0.00013102551449496581 -1.9450558340506338e-05 -0.00015048090320083816 0 0 -5.9296989052024408e-06 0.00016325309880922884 -2.8853540629491363e-05 1.8439703191141272e-05 5.357468166153907e-05 4.9893761976531667e-05 -6.4939681288497537e-05 0 -0.00022012172273523382 0 0 0
leaf_weight=40 640 22 39 32 47 31 31 31 20 2075 42 192 531 38 37 57 53 33 36 24 20
leaf_count=40 640 22 39 32 47 31 31 31 20 2075 42 192 531 38 37 57 53 33 36 24 20
internal_value=0 -7.72271e-06 -5.01022e-05 2.09039e-07 2.26178e-06 4.14831e-05 -1.41627e-06 -7.07321e-05 0 7.0681e-07 7.08089e-05 1.51637e-07 0 6.88369e-05 0 -3.0079e-05 3.67806e-06 -0.000141687 1.78019e-05 0 -0.000173779
internal_weight=4071 1170 244 926 2901 193 894 62 2708 2668 62 832 2606 138 169 96 91 75 73 55 53
internal_count=4071 1170 244 926 2901 193 894 62 2708 2668 62 832 2606 138 169 96 91 75 73 55 53
is_linear=0
shrinkage=0.03


Tree=175
num_leaves=25
num_cat=0
split_feature=26 35 5 5 21 27 32 22 25 35 26 26 19 35 24 5 33 28 5 23 33 33 23 24
split_gain=8.72915e-05 0.000522931 0.00061484 0.000727704 0.000674961 0.000553259 0.000581503 0.000411712 0.000164397 0.00013269 0.000486635 0.00116831 0.000400809 0.000332456 0.000308926 0.000247816 0.00036786 0.00021474 0.000149571 0.000305747 0.000200509 0.000131227 0.000681502 0.000245898
threshold=1.393878332570696 0.022176786242234126 23210038.500000004 35101912.000000007 84.604583358764657 0.23132145487161457 -0.030913257221676923 49.479633033557946 0.3847311489106135 0.027976505429742761 1.0406542298534387 1.2698789301092541 58.72999992370606 0.014604161696711587 -0.029960307332531046 39140695.000000007 0.037957909067448899 -682756590.99999988 35389494.000000007 0.15514163409470075 0.023605349196339279 0.0058346867240104414 2.359143115520308 2.4491950706839716
decision_type=2 2 2 2 2 2 2 2 2 2 2 2 2 2 2 2 2 2 2 2 2 2 2 2
left_child=9 2 21 4 -4 6 -3 -7 -9 13 14 12 -12 18 -11 17 -17 -15 20 -20 -1 22 -2 -23
right_child=1 5 3 -5 -6 7 -8 8 -10 10 11 -13 -14 15 -16 16 -18 -19 19 -21 -22 23 -24 -25
leaf_value=-2.3462550789759092e-06 -5.9510613350768257e-05 0 -0.00019388903221763287 0 0 -9.800291343665848e-05 0.00017914370568299057 9.7476386034221773e-05 0 0 -0.00020951224947950113 2.2397198846033171e-06 0 -4.3439669091425781e-06 0.00010581102884519265 9.5884272654650233e-05 0 2.3040501418260512e-05 -7.4707877553039352e-05 0 2.7902085242474657e-05 3.5929791401996014e-05 6.4840483648746983e-05 -3.4534585587114577e-05
leaf_weight=2078 165 28 59 42 20 34 36 20 23 27 44 29 20 294 25 91 34 444 74 54 217 148 33 32
leaf_count=2078 165 28 59 42 20 34 36 20 23 27 44 29 20 294 25 91 34 444 74 54 217 148 33 32
internal_value=0 -1.06923e-05 -2.85411e-05 -8.90052e-05 -0.000142857 3.11887e-05 9.95454e-05 0 3.15954e-05 1.25251e-06 -2.47304e-05 -7.50029e-05 -0.000156754 3.31271e-06 7.56986e-06 1.95976e-05 6.36286e-05 8.06764e-06 -1.24996e-06 -3.28695e-05 0 -1.23338e-06 -2.36193e-05 6.73316e-06
internal_weight=4071 640 499 121 79 141 64 77 43 3431 145 93 64 3286 52 863 125 738 2423 128 2295 378 198 180
internal_count=4071 640 499 121 79 141 64 77 43 3431 145 93 64 3286 52 863 125 738 2423 128 2295 378 198 180
is_linear=0
shrinkage=0.03


Tree=176
num_leaves=17
num_cat=0
split_feature=34 32 36 34 34 36 23 36 8 26 0 19 34 34 28 31
split_gain=9.31176e-05 0.00128825 0.000463087 0.000500877 0.00039914 0.000384334 0.00098149 0.000568532 0.000371551 0.000510663 0.000314083 0.000416592 0.00023876 0.000160094 8.97254e-05 7.63859e-05
threshold=0.0014614877878944557 0.028841380838822043 0.013433413835975969 0.024117908142537673 -0.014299532129846469 -0.013230806826740757 -1.9164333259390351 -0.016535092296443395 1.0000000180025095e-35 1.303309356582744 26.824893951416019 41.620000076293955 0.023148148177348896 0.03103506201883344 -151928733.99999997 0.0074275877596518
decision_type=2 2 2 2 2 2 2 2 2 2 2 2 2 2 2 2
left_child=1 4 10 -4 5 7 -7 -1 9 -6 -2 15 -13 -5 -15 -12
right_child=2 -3 3 13 8 6 -8 -9 -10 -11 11 12 -14 14 -16 -17
leaf_value=0 6.9288725324984744e-05 -0.00017516956891478079 0.00012587823148415693 -6.4580746561845081e-05 1.6447126427827971e-05 0.0001156578800085694 -2.3581448324843401e-06 -0.00013311752397470223 -5.7501442840562428e-05 0.00010127056831520025 -0.00016695431012205136 -1.8664157297620116e-05 0 0 5.1458953070443137e-05 0
leaf_weight=72 32 34 45 22 742 66 930 48 24 99 22 1081 747 37 50 20
leaf_count=72 32 34 45 22 742 66 930 48 24 99 22 1081 747 37 50 20
internal_value=0 3.93902e-06 -5.05501e-06 4.13776e-05 8.53607e-06 -8.46459e-07 2.46127e-06 -5.3259e-05 2.41077e-05 3.00099e-05 -1.03937e-05 -1.33651e-05 -9.40544e-06 0 2.44135e-05 -0.000114014
internal_weight=4071 2015 2056 154 1981 1116 996 120 865 841 1902 1870 1828 109 87 42
internal_count=4071 2015 2056 154 1981 1116 996 120 865 841 1902 1870 1828 109 87 42
is_linear=0
shrinkage=0.03


Tree=177
num_leaves=25
num_cat=0
split_feature=31 23 22 23 31 21 33 22 23 31 20 22 31 20 30 28 33 30 31 33 22 0 31 28
split_gain=9.34301e-05 0.000579436 0.000807923 0.000644627 0.000357335 0.000590529 0.000331246 0.000503294 0.000343114 0.000657442 0.000541753 0.000444638 0.000393404 0.000391209 0.000330534 0.000505368 0.000294473 0.000216313 0.000215056 0.000103365 8.74279e-05 0.000130548 5.08031e-05 4.30964e-05
threshold=0.0060898518482656048 1.0932438039919605 63.405079222770091 0.97060942168107556 0.011545583278015805 71.369999821980812 0.017703718110183456 60.637017395861029 0.51074758058291547 -0.0045889157395934679 86.1924997329712 41.21487923171604 0.002297115093008673 37.067499923706059 81.532857183419495 387910012.50000006 0.0030348852346799853 30.322896705469784 -0.0082686946535854271 0.037957909067448899 67.895140265564692 41.755178451538093 0.0024534486294154338 284942787.00000006
decision_type=2 2 2 2 2 2 2 2 2 2 2 2 2 2 2 2 2 2 2 2 2 2 2 2
left_child=6 3 -3 14 5 -4 8 18 10 16 13 -12 -11 -1 17 -16 -10 -2 -8 -6 23 -22 -20 -9
right_child=1 2 4 -5 19 -7 7 20 9 12 11 -13 -14 -15 15 -17 -18 -19 22 -21 21 -23 -24 -25
leaf_value=-9.4051346858709518e-05 -1.6168446188727691e-05 -0.00017036707772013262 -0.00014053593140112759 0.00013421927503131712 3.9018160943813742e-05 0 0 -6.1144701622941572e-05 6.0392457498399049e-05 -2.9328367722831627e-05 0 -0.00015228898465932396 2.5633784399634954e-05 0 -9.561208728316696e-05 0 0 1.5948680663472587e-05 0.00010390730649502959 0 6.0807627506900095e-05 0 0 0
leaf_weight=42 238 45 43 32 68 48 28 31 282 293 26 43 162 1667 82 39 69 535 93 40 32 46 60 27
leaf_count=42 238 45 43 32 68 48 28 31 282 293 26 43 162 1667 82 39 69 535 93 40 32 46 60 27
internal_value=0 -7.69093e-06 -4.91928e-05 9.49166e-09 -6.65191e-06 -5.92455e-05 2.26438e-06 3.14145e-05 -1.51829e-07 1.48067e-05 -8.62044e-06 -9.31362e-05 -3.16614e-06 -3.4476e-06 -1.45358e-06 -4.94144e-05 4.66436e-05 2.1788e-06 6.5032e-05 9.92479e-06 0 3.9183e-06 7.91634e-05 -3.65194e-05
internal_weight=4071 1170 244 926 199 91 2901 317 2584 806 1778 69 455 1709 894 121 351 773 181 108 136 78 153 58
internal_count=4071 1170 244 926 199 91 2901 317 2584 806 1778 69 455 1709 894 121 351 773 181 108 136 78 153 58
is_linear=0
shrinkage=0.03


Tree=178
num_leaves=29
num_cat=0
split_feature=29 33 24 25 0 36 27 36 30 28 27 29 36 36 22 31 28 25 0 33 30 0 0 28 36 25 28 33
split_gain=9.03882e-05 0.000359745 0.000538216 0.000352167 0.000417103 0.000710657 0.00051122 0.000329584 0.000982875 0.000990336 0.000297539 0.000420853 0.00022762 0.00021039 0.000196048 0.000308395 0.000176509 0.000166252 0.000152902 0.000304283 0.00016512 0.000151219 0.000270459 0.000130796 0.000120595 8.29506e-05 6.13224e-05 1.58905e-05
threshold=79.145765939958139 0.015299300791409067 -0.016069784213928892 0.42964165755934985 54.271537780761726 1.0000000180025095e-35 1.0867359238508896 0.010861115540805634 36.855072145899257 251746280.50000003 0.85184860916212157 73.883851386752852 0.0026126825312159691 0.0036101266983541327 70.088085095506173 0.016973295583450624 657073786.50000012 0.74226725771589963 32.534826278686531 0.039129287122036456 55.290871309036831 33.865350723266609 37.62634468078614 -1263240284.9999998 0.0018656459655316821 0.18990715550519263 -1157915203.4999998 0.042423679322550763
decision_type=2 2 2 2 2 2 2 2 2 2 2 2 2 2 2 2 2 2 2 2 2 2 2 2 2 2 2 2
left_child=1 7 18 4 5 23 -7 10 9 -9 12 -12 -1 16 15 17 -6 -5 20 -20 -3 -4 -23 -2 -16 -15 -10 -26
right_child=3 2 21 14 13 6 -8 8 26 -11 11 -13 -14 25 24 -17 -18 -19 19 -21 -22 22 -24 -25 27 -27 -28 -29
leaf_value=-2.844302429429671e-07 -6.227560195404646e-05 5.7878508087655835e-05 0.00016367254715639155 7.5910044398618283e-05 0 -8.3075815583046411e-05 0 -0.00017851031156655668 0 0 -9.2781525115553245e-05 0 1.8669127917583295e-05 9.0442912183910193e-05 -5.0774347317400059e-05 0 -8.2927591010721009e-05 0 0 -0.00012255662970552515 0 0 5.637872059903525e-05 1.5200281699945937e-05 1.7613266354522445e-05 0 2.9773205449445262e-05 0
leaf_weight=1794 20 68 32 113 58 262 33 65 21 29 71 39 688 33 42 26 23 20 123 22 21 34 105 172 46 26 63 22
leaf_count=1794 20 68 32 113 58 262 33 65 21 29 71 39 688 33 42 26 23 20 123 22 21 34 105 172 46 26 63 22
internal_value=0 1.74169e-06 2.85449e-05 -8.94613e-06 -2.33043e-05 -3.81576e-05 -6.76068e-05 -1.09509e-06 -4.0996e-05 -0.000112132 4.89128e-07 -4.60315e-05 3.7613e-06 6.94069e-06 1.33687e-05 3.75673e-05 0 6.1419e-05 0 -2.00086e-05 2.98748e-05 6.89944e-05 2.55287e-05 0 0 5.7603e-05 2.97528e-06 0
internal_weight=4071 3175 405 896 627 487 295 2770 178 94 2592 110 2482 140 269 159 81 133 234 145 89 171 139 192 110 59 84 68
internal_count=4071 3175 405 896 627 487 295 2770 178 94 2592 110 2482 140 269 159 81 133 234 145 89 171 139 192 110 59 84 68
is_linear=0
shrinkage=0.03


Tree=179
num_leaves=21
num_cat=0
split_feature=25 25 35 33 25 21 35 0 34 29 30 25 36 25 31 0 34 34 3 29
split_gain=9.04386e-05 0.000895056 0.000920771 0.00194375 0.000265486 0.000434988 0.000219703 0.000191486 0.00018402 0.000310326 0.000384052 0.000356813 0.000255886 0.000421798 0.00039594 0.000134606 8.85314e-05 0.000221822 7.65699e-05 0.000120216
threshold=-0.52027131783085767 -0.40533074343966341 0.016909859650996662 -0.021858703683037935 -0.89238739201564488 76.364166514078804 0.022176786242234126 31.626769065856937 0.0014614877878944557 57.124931698710142 54.391690969242049 0.10202106665758269 -0.0079168673018036716 -0.089366170085209626 -0.0036701466130508171 36.519456863403327 -0.038004522292366054 -0.0048135397534955762 156.00000000000003 15.262791384424412
decision_type=2 2 2 2 2 2 2 2 2 2 2 2 2 2 2 2 2 2 2 2
left_child=4 2 16 -4 6 7 -1 -6 12 10 -10 -11 13 -3 -14 -9 -2 -18 19 -7
right_child=1 8 3 -5 5 18 -8 15 9 11 -12 -13 14 -15 -16 -17 17 -19 -20 -21
leaf_value=-8.7479760209218716e-05 0 7.6626027878726974e-06 -0.00036774731541712918 0 5.3605163893520303e-05 0 0 -8.2399944102089172e-05 -5.6682944941542328e-05 1.9822120043555077e-05 0 -9.3038118019813746e-06 3.5230146814593645e-05 -5.5283211168137168e-05 0 0 -6.8173008056663734e-05 0 0 0.00012548022829131402
leaf_weight=27 30 141 25 20 38 21 24 27 208 570 117 1122 538 135 815 52 60 25 21 55
leaf_count=27 30 141 25 20 38 21 24 27 208 570 117 1122 538 135 815 52 60 25 21 55
internal_value=0 -1.75385e-06 -7.14099e-05 -0.000190989 1.62133e-05 3.73684e-05 -1.37461e-05 0 4.82e-07 -4.65323e-06 -3.1519e-05 0 8.68176e-06 -1.22694e-05 1.51733e-05 -2.81895e-05 0 -3.05989e-05 8.43255e-05 9.98929e-05
internal_weight=4071 3806 160 45 265 214 51 117 3646 2017 325 1692 1629 276 1353 79 115 85 97 76
internal_count=4071 3806 160 45 265 214 51 117 3646 2017 325 1692 1629 276 1353 79 115 85 97 76
is_linear=0
shrinkage=0.03


Tree=180
num_leaves=24
num_cat=0
split_feature=20 19 25 20 28 22 26 31 26 31 31 24 23 28 28 29 5 31 24 25 31 26 27
split_gain=8.48976e-05 0.000613872 0.000869957 0.000287452 0.00024076 0.000319035 0.000292273 0.000224759 0.000599465 0.000455358 0.000401194 0.000590132 0.000572192 0.000202177 0.000288918 0.00017778 0.000149625 8.54277e-05 7.47906e-05 3.71031e-05 3.22792e-05 7.17164e-06 2.92211e-05
threshold=86.1924997329712 91.125000762939464 -0.4161242156281873 77.318749809265157 938649228.00000012 49.587375985763124 1.6876297984026685 0.0059371379965620372 1.8600935502217746 0.010035562322646465 0.0019537313624142798 0.80928166562891302 -1.4060756821027878 1007293177.0000001 177826478.50000003 40.067702175438555 10008875.000000002 -0.014243782105713807 1.293066153449338 0.12616213079921826 -0.0050643878171344739 0.80590084452615829 0.66868962024418266
decision_type=2 2 2 2 2 2 2 2 2 2 2 2 2 2 2 2 2 2 2 2 2 2 2
left_child=3 2 -2 7 6 -6 19 10 9 -9 11 -1 -12 14 17 -16 -8 -5 -4 -3 -7 -15 -23
right_child=1 4 18 13 5 20 16 8 -10 -11 12 -13 -14 21 15 -17 -18 -19 -20 -21 -22 22 -24
leaf_value=-1.3153123918528194e-05 0 2.9835639273034367e-06 -0.0002050473648581144 2.746030816796247e-05 -0.00010874607610327508 2.793413458497637e-05 0 -3.8455600367266051e-05 -0.00017837007728097661 4.2863882660866317e-06 -7.456221925944893e-05 3.5351640074390179e-05 4.3742478066982203e-05 0 0 5.1960572879708241e-05 8.8219770080308308e-05 -2.2344892192910532e-05 0 -3.1476985369323606e-05 -8.2995594298168966e-06 0 -2.5073195918772191e-05
leaf_weight=1342 33 67 35 23 30 29 23 306 22 516 24 255 380 32 194 313 70 119 29 33 92 52 52
leaf_count=1342 33 67 35 23 30 29 23 306 22 516 24 255 380 32 194 313 70 119 29 33 92 52 52
internal_value=0 -1.28647e-05 -8.026e-05 9.68623e-07 0 -2.13419e-05 2.76717e-05 -2.56795e-06 -1.59946e-05 -7.97841e-06 1.5966e-06 -3.52802e-06 2.92739e-05 1.76057e-05 2.55975e-05 3.67625e-05 6.6435e-05 0 -0.000148232 0 0 0 -7.87417e-06
internal_weight=4071 441 97 3630 344 151 193 2845 844 822 2001 1597 404 785 649 507 93 142 64 100 121 136 104
internal_count=4071 441 97 3630 344 151 193 2845 844 822 2001 1597 404 785 649 507 93 142 64 100 121 136 104
is_linear=0
shrinkage=0.03


Tree=181
num_leaves=20
num_cat=0
split_feature=25 25 35 33 32 23 22 36 28 34 32 32 36 33 0 28 34 34 21
split_gain=8.62178e-05 0.000826268 0.000863901 0.00183143 0.000339429 0.000423407 0.000372499 0.000555654 0.000249859 0.00017986 0.000476622 0.000374017 0.000305197 0.000550056 0.000376892 0.000108121 7.90847e-05 0.000210318 2.92992e-05
threshold=-0.52027131783085767 -0.40533074343966341 0.016909859650996662 -0.021858703683037935 0.0016353336491351513 -0.58293104662474338 31.636248248668988 -0.0072626811692687128 160276533.00000003 0.0014614877878944557 0.027725035688828673 -0.050216766851794596 0.013433413835975969 0.042423679322550763 26.824893951416019 758896436.00000012 -0.038004522292366054 -0.0048135397534955762 76.239999834696462
decision_type=2 2 2 2 2 2 2 2 2 2 2 2 2 2 2 2 2 2 2
left_child=4 2 16 -4 5 6 7 -1 -6 10 11 -3 14 -14 -11 -10 -2 -18 -7
right_child=1 9 3 -5 8 18 -8 -9 15 12 -12 -13 13 -15 -16 -17 17 -19 -20
leaf_value=0 0 -7.4803114413919144e-05 -0.0003559095755871571 0 -9.1427978859622743e-05 0 -7.0889051673625846e-05 0.000125164168837555 5.7819201803007684e-05 8.3143908893195393e-05 -0.00012153641066968579 1.5802591272236147e-05 7.8269540579530594e-05 -1.0518067803415255e-05 -1.2398938236097511e-05 -9.8810696455210494e-07 -6.583173253741804e-05 0 0.00012650613843660856
leaf_weight=20 30 32 25 20 28 35 38 41 29 31 21 1576 106 42 1838 26 60 25 48
leaf_count=20 30 32 25 20 28 35 38 41 29 31 21 1576 106 42 1838 26 60 25 48
internal_value=0 -1.67805e-06 -6.86106e-05 -0.000184257 1.58832e-05 4.46075e-05 0 4.85109e-05 -1.09793e-05 4.38205e-07 8.5574e-06 1.21294e-05 -4.63196e-06 3.28264e-05 -9.20481e-06 0 0 -2.89203e-05 9.45834e-05
internal_weight=4071 3806 160 45 265 182 99 61 83 3646 1629 1608 2017 148 1869 55 115 85 83
internal_count=4071 3806 160 45 265 182 99 61 83 3646 1629 1608 2017 148 1869 55 115 85 83
is_linear=0
shrinkage=0.03


Tree=182
num_leaves=25
num_cat=0
split_feature=20 21 25 20 28 21 21 24 3 1 30 32 31 24 34 30 31 24 24 21 5 28 2 30
split_gain=8.27792e-05 0.000613585 0.000883151 0.000270848 0.000229796 0.000385878 0.000283845 0.000228324 0.000211789 0.000265233 0.000331958 0.000309566 0.000211664 0.000598712 0.000604074 0.000404896 0.000372282 0.000557753 0.000252418 0.000172489 0.000171142 0.00018269 0.000127898 7.88183e-05
threshold=86.1924997329712 85.965416590372726 -0.4161242156281873 77.318749809265157 938649228.00000012 132.03833312988283 107.54749997456871 1.4840949932403393 81.224998474121108 84.625000000000014 62.753143096270442 0.013246916653404829 0.0059371379965620372 0.61493872893251333 0.033483458198535716 85.688478097436743 0.0019537313624142798 0.80928166562891302 -0.64222333320351488 84.190000025431331 17102343.000000004 -151928733.99999997 142.90000152587893 45.924516013600986
decision_type=2 2 2 2 2 2 2 2 2 2 2 2 2 2 2 2 2 2 2 2 2 2 2 2
left_child=3 2 -2 12 6 -6 7 -3 20 10 -10 -11 16 15 -15 -14 17 -1 -18 -4 23 -22 -7 -5
right_child=1 4 19 8 5 22 -8 -9 9 11 -12 -13 13 14 -16 -17 18 -19 -20 -21 21 -23 -24 -25
leaf_value=-1.2759759078406513e-05 0 3.074862897886946e-05 0 -2.7989133633417319e-06 -0.00012347175364148017 5.9094432183168478e-05 8.6403383189709692e-05 -4.9865524361846672e-05 -5.2977682532937718e-05 5.7835341437675595e-05 0 0 6.5206423221382289e-06 -9.6494087209449787e-05 0 -7.3381539559142707e-05 0 3.4374615687425312e-05 4.059400308716669e-05 -0.00023664962512801307 0 6.7081787279539727e-05 -1.4519852401876205e-05 2.6741536162415464e-05
leaf_weight=1342 33 96 34 100 27 27 53 46 138 128 85 48 579 138 64 63 71 255 333 28 24 164 97 98
leaf_count=1342 33 96 34 100 27 27 53 46 138 128 85 48 579 138 64 63 71 255 333 28 24 164 97 98
internal_value=0 -1.27212e-05 -8.09778e-05 9.26829e-07 0 -2.08769e-05 2.68794e-05 0 1.70931e-05 0 -1.99545e-05 2.91733e-05 -2.47981e-06 -1.55214e-05 -6.06006e-05 0 1.52233e-06 -3.35352e-06 2.82164e-05 -0.000151133 3.29816e-05 5.52421e-05 0 0
internal_weight=4071 441 95 3630 346 151 195 142 785 399 223 176 2845 844 202 642 2001 1597 404 62 386 188 124 198
internal_count=4071 441 95 3630 346 151 195 142 785 399 223 176 2845 844 202 642 2001 1597 404 62 386 188 124 198
is_linear=0
shrinkage=0.03


Tree=183
num_leaves=19
num_cat=0
split_feature=25 36 1 5 35 27 28 28 36 30 5 25 0 27 31 21 5 23
split_gain=8.3622e-05 0.000428479 0.000451905 0.000289691 0.000525826 0.000496675 0.000769893 0.000585838 0.000382198 0.00103414 0.000920647 0.000251889 0.000485784 0.000593856 0.000273021 0.000344811 0.000319603 0.000128109
threshold=0.077008888488123137 -0.010498788779916045 61.574998855590827 49687500.000000007 0.034698902335855285 -0.01077250542196955 1.0000000180025095e-35 -1320921214.4999998 0.010146235282328825 36.855072145899257 40029911.000000007 0.17786577470404938 41.291093826293952 0.6750899538447791 0.0049943910093485097 46.558749866485606 15097201.000000002 0.29821515621615197
decision_type=2 2 2 2 2 2 2 2 2 2 2 2 2 2 2 2 2 2
left_child=3 2 -2 4 8 -5 7 -7 10 -10 -1 12 13 -3 16 -16 -13 -14
right_child=1 11 -4 5 -6 6 -8 -9 9 -11 -12 14 17 -15 15 -17 -18 -19
leaf_value=2.921385456576958e-06 -0.00015100756582480507 0 0 0 0.00012988749123396019 0 0 -0.00030392799262346612 -9.8874434433302675e-05 1.9067718493484464e-05 0.00011424680245309566 0 3.3094218209758956e-05 -0.00010676325494733646 3.9558194597489255e-05 -2.334961777195168e-05 4.0854495692602767e-05 -6.270686242312195e-06
leaf_weight=2000 37 123 49 37 32 20 26 20 115 86 73 305 100 102 74 403 325 144
leaf_count=2000 37 123 49 37 32 20 26 20 115 86 73 305 100 102 74 403 325 144
internal_value=0 -5.68471e-06 -7.14287e-05 2.99069e-06 6.34195e-06 -4.28741e-05 -9.81311e-05 -0.000182079 3.27857e-06 -3.35093e-05 8.2941e-06 -1.8942e-07 -2.02363e-05 -5.28741e-05 5.59506e-06 -7.2961e-06 2.01163e-05 0
internal_weight=4071 1662 86 2409 2306 103 66 40 2274 201 2073 1576 469 225 1107 477 630 244
internal_count=4071 1662 86 2409 2306 103 66 40 2274 201 2073 1576 469 225 1107 477 630 244
is_linear=0
shrinkage=0.03


Tree=184
num_leaves=27
num_cat=0
split_feature=30 30 19 28 30 30 26 19 19 24 3 30 35 26 28 22 26 27 5 1 22 35 27 31 24 34
split_gain=8.30159e-05 0.000277737 0.000301958 0.000276438 0.000458565 0.000358329 0.000317593 0.000233161 0.000230003 0.000313626 0.000243934 0.000206246 0.000382699 0.000451282 0.000549966 0.000238129 0.000679217 0.000282228 0.000628766 0.000270771 0.000172404 0.000143403 7.27999e-05 3.94083e-05 0.00014349 0.00010153
threshold=69.472239222181216 54.391690969242049 48.739999771118171 -682756590.99999988 40.381139272722685 33.445727185764163 1.156303208417645 40.530000686645515 81.575000000000003 0.93432633677386234 70.02500152587892 78.77752776677643 0.011893834599720585 0.90091342307097977 -1714932531.9999998 52.749499153502619 1.2843686524312143 0.82618303522087955 20376626.000000004 59.225000381469734 66.874796591267398 0.0098895669501118891 0.49427892608432472 0.0040921799747800644 0.68114789511743778 0.0099937960210370064
decision_type=2 2 2 2 2 2 2 2 2 2 2 2 2 2 2 2 2 2 2 2 2 2 2 2 2 2
left_child=1 3 7 4 5 -1 -6 -3 10 -10 -5 12 23 -14 -15 16 -13 18 -17 -19 22 -22 -4 25 -25 -2
right_child=11 2 20 8 6 -7 -8 -9 9 -11 -12 15 13 14 -16 17 -18 19 -20 -21 21 -23 -24 24 -26 -27
leaf_value=-2.1766463658666753e-05 0 0 1.4350801820562576e-05 0 -1.1171942776498757e-05 6.0663341133780592e-05 -0.00018592230482581087 0.00010122178568466223 -4.0328480560376524e-05 1.8925277659832533e-06 2.6585943040761123e-05 0 0 0 -9.2255553607330947e-05 0 0.00015495397308645898 4.7343124788083489e-05 -0.00012928699078384499 -1.3458453126295851e-06 0 8.7342965969655588e-05 -8.6347847657757979e-06 6.4023420276768472e-05 0 -3.0769025303253446e-05
leaf_weight=206 81 22 196 840 99 61 27 70 234 149 471 63 37 21 175 138 34 111 49 389 39 40 337 39 42 101
leaf_count=206 81 22 196 840 99 61 27 70 234 149 471 63 37 21 175 138 34 111 49 389 39 40 337 39 42 101
internal_value=0 2.3639e-06 1.9154e-05 -1.86307e-06 -2.52485e-05 0 -7.25268e-05 7.42965e-05 1.79255e-06 -1.6076e-05 9.30172e-06 -6.79573e-06 -2.22109e-05 -5.02746e-05 -7.12431e-05 0 4.62242e-05 -3.15636e-06 -3.69048e-05 3.47161e-06 5.95261e-06 4.72843e-05 0 0 1.9592e-05 -4.88056e-06
internal_weight=4071 2791 704 2087 393 267 126 92 1694 383 1311 1280 496 233 196 784 97 687 187 500 612 79 533 263 81 182
internal_count=4071 2791 704 2087 393 267 126 92 1694 383 1311 1280 496 233 196 784 97 687 187 500 612 79 533 263 81 182
is_linear=0
shrinkage=0.03


Tree=185
num_leaves=29
num_cat=0
split_feature=29 33 24 27 36 30 28 27 29 25 5 26 26 26 28 25 34 21 20 34 28 28 31 24 36 28 28 27
split_gain=8.06296e-05 0.000341573 0.000507623 0.00032412 0.000277917 0.00086877 0.00091146 0.000271904 0.000396955 0.000254246 0.000529142 0.000527782 0.00024363 0.000200516 0.000133095 0.000227774 0.000185182 0.000108891 0.000224053 9.29757e-05 0.000324015 0.000234594 9.06061e-05 0.000176342 8.16198e-05 5.73352e-05 5.22736e-05 1.65075e-05
threshold=79.145765939958139 0.015299300791409067 -0.016069784213928892 0.89703740445807301 0.010861115540805634 36.855072145899257 251746280.50000003 0.85184860916212157 73.883851386752852 0.42964165755934985 14751454.500000002 0.99824735957734545 2.8990273364388779 0.92310200125790487 155878839.00000003 0.6536355781026002 0.031492692265572504 66.298333454132106 63.302499961853037 0.025691723210734655 -372673316.49999994 57675817.000000007 0.0053601550522854877 1.0785099535222611 0.0035033215720404495 -1157915203.4999998 73905418.500000015 1.0039882491679359
decision_type=2 2 2 2 2 2 2 2 2 2 2 2 2 2 2 2 2 2 2 2 2 2 2 2 2 2 2 2
left_child=1 4 19 9 7 6 -6 12 -9 10 26 -12 -1 -4 15 16 -5 18 -16 21 -21 -3 23 -11 -19 -7 -2 -15
right_child=3 2 13 14 5 25 -8 8 -10 22 11 -13 -14 27 17 -17 -18 24 -20 20 -22 -23 -24 -25 -26 -27 -28 -29
leaf_value=5.9205787040433024e-06 2.1637264247141817e-05 5.6090863586048998e-05 0 0 -0.00016877122304049828 0 0 -8.9601809009104064e-05 0 7.1764259322063076e-05 0 -0.00011662665883252185 -6.3405149960660961e-05 8.9348767675698467e-05 0 0 6.5988520909409187e-05 -2.055973700188717e-06 -0.00010515321819996632 -0.00010490969379397681 0 0 -1.1872929569121802e-05 0 2.7702787277348043e-05 2.8680443971103462e-05 -1.3008942120365938e-05 0
leaf_weight=2441 53 74 30 40 65 21 29 71 39 46 76 112 41 121 22 27 115 112 27 32 39 89 20 20 95 63 131 20
leaf_count=2441 53 74 30 40 65 21 29 71 39 46 76 112 41 121 22 27 115 112 27 32 39 89 20 20 95 63 131 20
internal_value=0 1.75807e-06 2.78668e-05 -8.36833e-06 -9.77143e-07 -3.76445e-05 -0.000104824 3.84898e-07 -4.40425e-05 -2.74311e-05 -3.92597e-05 -7.4705e-05 3.56423e-06 6.71471e-05 4.71889e-06 2.66716e-05 4.64426e-05 0 -4.46763e-05 0 -2.94537e-05 1.16133e-05 0 3.4508e-05 0 1.89605e-06 0 8.21361e-05
internal_weight=4071 3175 405 896 2770 178 94 2592 110 458 372 188 2482 171 438 182 155 256 49 234 71 163 86 66 207 84 184 141
internal_count=4071 3175 405 896 2770 178 94 2592 110 458 372 188 2482 171 438 182 155 256 49 234 71 163 86 66 207 84 184 141
is_linear=0
shrinkage=0.03


Tree=186
num_leaves=22
num_cat=0
split_feature=25 25 35 33 32 23 29 35 28 21 3 0 0 21 5 35 28 34 34 28 20
split_gain=7.87009e-05 0.000771566 0.00079843 0.00173687 0.000321235 0.000398861 0.000279497 0.000182993 0.00060012 0.00072063 0.000641313 0.000347196 0.000644126 0.000220027 0.000105008 0.00028094 0.000232481 7.33331e-05 0.0002007 1.65493e-05 3.76256e-09
threshold=-0.52027131783085767 -0.40533074343966341 0.016909859650996662 -0.023147587670907851 0.0016353336491351513 -0.58293104662474338 26.419364436490181 0.01454168615908606 -903007556.99999988 53.155000019073491 57.875000000000007 30.287271499633793 27.334230422973636 46.558749866485606 26176570.500000004 0.014872391969599571 126877842.00000001 -0.038004522292366054 -0.0048135397534955762 124361154.50000001 106.19249992370608
decision_type=2 2 2 2 2 2 2 2 2 2 2 2 2 2 2 2 2 2 2 2 2
left_child=4 2 17 -4 5 14 -6 11 9 -9 -10 12 -3 -13 15 -1 -16 -2 -19 -7 -8
right_child=1 7 3 -5 6 19 20 8 10 -11 -12 13 -14 -15 16 -17 -18 18 -20 -21 -22
leaf_value=0 0 0 -0.00035194983965397477 0 -9.8029232787559431e-05 0 3.151271234148971e-07 0 9.3594283987109503e-05 -0.00018844602537235422 1.00499100244733e-05 4.4214319120476457e-05 -9.581089395246787e-05 -2.4942858688585606e-06 8.9847603486415648e-05 -0.00011601515060577253 0 -6.405975914559482e-05 0 0.00011498045255455863 0
leaf_weight=22 30 31 24 21 27 29 34 419 129 20 592 94 100 2261 32 22 23 60 25 54 22
leaf_count=22 30 31 24 21 27 29 34 419 129 20 592 94 100 2261 32 22 23 60 25 54 22
internal_value=0 -1.59693e-06 -6.62868e-05 -0.00017757 1.51846e-05 4.32964e-05 -1.0335e-05 4.20848e-07 1.09318e-05 -1.21876e-05 2.91687e-05 -3.27725e-06 -5.08642e-05 0 0 -3.1805e-05 3.00929e-05 0 -2.78488e-05 9.18021e-05 0
internal_weight=4071 3806 160 45 265 182 83 3646 1160 439 721 2486 131 2355 99 44 55 115 85 83 56
internal_count=4071 3806 160 45 265 182 83 3646 1160 439 721 2486 131 2355 99 44 55 115 85 83 56
is_linear=0
shrinkage=0.03


Tree=187
num_leaves=23
num_cat=0
split_feature=24 24 31 35 5 35 24 5 34 35 31 0 26 22 30 31 22 0 35 5 0 0
split_gain=8.77355e-05 0.000413688 0.000500409 0.000636406 0.000690708 0.000577172 0.000412862 0.000760527 0.000528502 0.000342144 0.0004767 0.000393653 0.000296276 0.000658605 0.000287668 0.000226011 0.000373103 0.000200013 0.000159441 9.60261e-05 0.000111301 5.00809e-05
threshold=-1.0123414868995761 -1.6457339117145899 -0.0062740298504746486 0.014312990466048848 22618188.000000004 0.021186217971196537 -0.62242522180412518 20523160.000000004 -0.078424533568001317 0.019867487043967423 0.012085793890496023 32.400531768798835 1.2168077413203771 46.158234728341476 75.949603021756005 -0.015878501974959599 51.409915237124466 40.113494873046882 0.010791353332620249 17616435.500000004 39.649438858032234 28.421022415161136
decision_type=2 2 2 2 2 2 2 2 2 2 2 2 2 2 2 2 2 2 2 2 2 2
left_child=1 2 5 18 -5 -1 7 19 -8 11 -11 21 14 -14 -10 -9 -17 -13 -4 20 -2 -3
right_child=6 9 3 4 -6 -7 8 15 12 10 -12 17 13 -15 -16 16 -18 -19 -20 -21 -22 -23
leaf_value=0 -3.4269132973331992e-05 0 0 0.00018466389229044661 0 -0.00021806210103048607 0.00012181354024845705 0 1.1011963025369343e-05 0.00016218782161236058 0 6.176210097177476e-05 -7.2885675383954903e-05 0 -1.1929626293517077e-05 -0.00014090362457561313 0 0 -0.00011871800843280699 4.4788319751938271e-05 0 -8.3799234937423779e-05
leaf_weight=42 92 21 20 30 50 21 32 33 1847 43 25 107 153 613 569 81 31 83 22 39 92 25
leaf_count=42 92 21 20 30 50 21 32 33 1847 43 25 107 153 613 569 81 31 83 22 39 92 25
internal_value=0 1.13857e-05 -1.3456e-05 2.85856e-07 7.10889e-05 -8.75691e-05 -2.08404e-06 -3.24022e-05 4.54877e-07 3.63678e-05 0.000101726 4.79422e-06 0 -1.69681e-05 4.36697e-06 -8.59111e-05 -0.000106621 3.46719e-05 -6.31666e-05 0 -6.58753e-06 -5.33452e-05
internal_weight=4071 489 185 122 80 63 3582 368 3214 304 68 236 3182 766 2416 145 112 190 42 223 184 46
internal_count=4071 489 185 122 80 63 3582 368 3214 304 68 236 3182 766 2416 145 112 190 42 223 184 46
is_linear=0
shrinkage=0.03


Tree=188
num_leaves=24
num_cat=0
split_feature=24 24 5 34 36 25 24 31 35 32 35 5 20 5 32 33 35 35 30 2 24 4 22
split_gain=8.02061e-05 0.000410816 0.000727577 0.000497499 0.000381412 0.000586162 0.000377805 0.000475463 0.000599709 0.000676707 0.000537996 0.000326702 0.000370527 0.00052924 0.000288207 0.000310807 0.000149915 7.33062e-05 0.000237516 3.31186e-05 0.000175794 9.32417e-05 1.17671e-05
threshold=-0.99509926539634119 -0.62242522180412518 20523160.000000004 -0.078424533568001317 -0.010498788779916045 0.050691760406809457 -1.6457339117145899 -0.0062740298504746486 0.014312990466048848 0.018669141256598135 0.021186217971196537 17346230.500000004 61.508749866485608 35823551.500000007 -0.050216766851794596 -0.04760723605101818 0.010791353332620249 0.0092842118146550315 65.190030042383171 59.074998855590827 -0.71983709572854859 80.724998474121108 33.945265825491553
decision_type=2 2 2 2 2 2 2 2 2 2 2 2 2 2 2 2 2 2 2 2 2 2 2
left_child=6 2 19 -3 -4 -6 7 10 16 -10 -1 17 13 -13 -5 -16 -9 -8 -19 20 -2 -21 -14
right_child=1 3 4 14 5 -7 11 8 9 -11 -12 12 22 -15 15 -17 -18 18 -20 21 -22 -23 -24
leaf_value=0 6.8237182980565857e-05 0.00011817051387156977 0 -9.607539229477474e-05 -0.0001584277787708871 0 2.256649951229592e-05 0 0.00015159989646465781 0 -0.00021155125774281489 0.00017121391055303309 1.4994985647683078e-05 0 7.8750252064179103e-05 -1.1968104647051299e-07 -0.00011517258477421954 -7.935407112047065e-05 0 -2.6591998544610659e-05 0 0 0
leaf_weight=42 39 32 20 28 76 40 41 20 43 37 21 50 47 41 45 3109 22 41 31 127 23 27 69
leaf_count=42 39 32 20 28 76 40 41 20 43 37 21 50 47 41 45 3109 22 41 31 127 23 27 69
internal_value=0 -2.06421e-06 -3.30425e-05 3.96096e-07 -8.73836e-05 -0.000109124 1.06222e-05 -1.31884e-05 0 6.9014e-05 -8.53919e-05 3.37595e-05 5.64032e-05 0.000104368 0 5.69215e-08 -6.13055e-05 0 -2.49953e-05 0 1.95963e-05 -6.21864e-06 0
internal_weight=4071 3566 352 3214 136 116 505 185 122 80 63 320 207 91 3182 3154 42 113 72 216 62 154 116
internal_count=4071 3566 352 3214 136 116 505 185 122 80 63 320 207 91 3182 3154 42 113 72 216 62 154 116
is_linear=0
shrinkage=0.03


Tree=189
num_leaves=22
num_cat=0
split_feature=25 36 1 0 23 3 24 0 31 24 21 25 0 36 24 31 21 23 30 36 21
split_gain=8.23952e-05 0.000391342 0.000411141 0.000271911 0.00101036 0.000565898 0.00026631 0.000277874 0.000272134 0.000990908 0.000517771 0.000233993 0.000476243 0.00127858 0.000263038 0.000259812 0.000314869 0.000265078 0.000222284 0.000436107 0.000227672
threshold=0.077008888488123137 -0.010498788779916045 61.574998855590827 31.720415115356449 -1.9164333259390351 57.875000000000007 -1.593325315638223 34.693626403808601 -0.0035755009497419605 1.9003201198317847 56.316666889190678 0.17786577470404938 31.253855705261234 0.0024171557444442201 0.17589214291825134 0.0049943910093485097 46.558749866485606 -0.53204333125001557 34.015855283653657 0.0010157413634928386 64.349583371480321
decision_type=2 2 2 2 2 2 2 2 2 2 2 2 2 2 2 2 2 2 2 2 2
left_child=3 2 -2 4 5 -1 7 -5 9 -8 -10 12 13 -3 -14 17 -17 -13 20 -20 -6
right_child=1 11 -4 6 18 -7 8 -9 10 -11 -12 15 14 -15 -16 16 -18 -19 19 -21 -22
leaf_value=0.00021609245138392593 -0.00014443165936164939 -0.00021776163473604824 0 -0.00015605605415019915 -4.4663920732907257e-05 0 3.7306648717118057e-06 0 -5.2432907579607315e-05 0.00017008162988161522 0 7.2824381516142903e-05 1.4819773513374929e-05 0 -3.0384702634289048e-05 3.6644731742058416e-05 -2.2771652349709366e-05 5.4021735606911259e-06 0 9.6337865479861331e-05 0
leaf_weight=36 37 37 49 20 134 32 711 22 189 37 1071 87 204 20 208 74 403 543 65 57 35
leaf_count=36 37 37 49 20 134 32 711 22 189 37 1071 87 204 20 208 74 403 543 65 57 35
internal_value=0 -5.58162e-06 -6.84911e-05 3.04749e-06 2.72724e-05 0.000131434 0 -7.54116e-05 3.60042e-07 1.5991e-05 -6.53909e-06 -2.41184e-07 -1.95975e-05 -0.000103237 -7.23953e-07 5.2507e-06 -7.26028e-06 1.94841e-05 0 3.35515e-05 -1.92415e-05
internal_weight=4071 1662 86 2409 359 68 2050 42 2008 748 1260 1576 469 57 412 1107 477 630 291 122 169
internal_count=4071 1662 86 2409 359 68 2050 42 2008 748 1260 1576 469 57 412 1107 477 630 291 122 169
is_linear=0
shrinkage=0.03


Tree=190
num_leaves=17
num_cat=0
split_feature=34 36 33 36 26 36 34 34 36 0 36 30 36 34 5 30
split_gain=8.22517e-05 0.000257466 0.000174845 0.000283753 0.000253395 0.000602032 0.000364402 0.000157769 0.000751586 0.000553235 0.000479347 0.000494396 0.000332674 0.000165524 0.000142421 6.89479e-05
threshold=0.079414432873510812 0.0036101266983541327 0.02010656637543318 -0.0036487692720932308 1.0111195753076945 0.0027829692628069695 0.033483458198535716 0.0014614877878944557 0.010861115540805634 40.442190170288093 0.012290991367020573 54.087643921242893 -0.0079168673018036716 0.019904976400443534 33977414.500000007 83.080410424725116
decision_type=2 2 2 2 2 2 2 2 2 2 2 2 2 2 2 2
left_child=2 -2 7 14 6 -6 -5 8 12 -10 11 -9 -1 -12 15 -4
right_child=1 -3 3 4 5 -7 -8 10 9 -11 13 -13 -14 -15 -16 -17
leaf_value=-1.3145022594094244e-05 -0.00010620687030620074 0 0.00010161385197698459 0 -6.7813774503084831e-05 8.4566523368061532e-06 7.3348406013553022e-05 -5.6650553226672638e-05 -0.00010954663102634432 0 0.00010396799575289132 -4.1483670874552511e-06 1.5965503172213152e-05 0 0 0
leaf_weight=354 27 33 57 119 119 250 99 237 87 44 36 1062 1482 25 20 20
leaf_count=354 27 33 57 119 119 250 99 237 87 44 36 1062 1482 25 20 20
internal_value=0 -3.50815e-05 1.23085e-07 1.45523e-05 1.24027e-06 -8.02387e-06 3.0673e-05 -1.94209e-06 2.30644e-06 -6.46134e-05 -1.02923e-05 -1.60402e-05 8.71838e-06 6.28361e-05 6.41306e-05 8.2717e-05
internal_weight=4071 60 4011 684 587 369 218 3327 1967 131 1360 1299 1836 61 97 77
internal_count=4071 60 4011 684 587 369 218 3327 1967 131 1360 1299 1836 61 97 77
is_linear=0
shrinkage=0.03


Tree=191
num_leaves=25
num_cat=0
split_feature=20 21 25 20 28 21 24 1 3 31 21 21 5 29 28 0 21 32 21 2 1 26 5 5
split_gain=7.79436e-05 0.000569264 0.000836755 0.000261279 0.000210026 0.000355938 0.000262523 0.000204898 0.000396363 0.000787242 0.000329314 0.00066064 0.000222009 0.000195251 0.000191658 0.000283792 0.000193292 0.00015115 0.000140206 0.000114244 7.41704e-05 6.2875e-06 1.65911e-05 1.48004e-06
threshold=86.1924997329712 85.965416590372726 -0.4161242156281873 77.318749809265157 938649228.00000012 132.03833312988283 0.88078381408677109 67.375000000000014 70.02500152587892 0.0080344427165227623 64.242499955495205 68.590416685740166 82190074.000000015 79.145765939958139 1007293177.0000001 37.532468795776374 84.367916615804049 -0.0020147708154905071 84.190000025431331 142.90000152587893 117.40000152587892 0.80590084452615829 10530758.500000002 12371063.500000002
decision_type=2 2 2 2 2 2 2 2 2 2 2 2 2 2 2 2 2 2 2 2 2 2 2 2
left_child=3 2 -2 7 6 -6 23 10 9 -9 12 -12 -1 -10 15 17 -17 -5 -4 -7 -8 -16 -23 -3
right_child=1 4 18 14 5 19 20 8 13 -11 11 -13 -14 -15 21 16 -18 -19 -20 -21 -22 22 -24 -25
leaf_value=0 0 0 0 2.0004282142349374e-05 -0.0001184393945356274 5.6012794536510917e-05 -9.4052323700304479e-06 -1.2468207255131507e-06 1.2662805445465442e-05 -0.00012305333485650022 4.701329366479803e-05 -3.2024265855749291e-05 -8.3206421029349693e-05 -2.8400123054030791e-05 0 5.3185589931722253e-05 0 -3.022767394532046e-05 -0.00022776768883372062 -1.3537446924916398e-05 4.0521280612183609e-05 0 -1.7784640966869127e-05 0.0001022280536102714
leaf_weight=1519 33 22 34 109 27 27 103 250 376 83 360 83 31 143 32 292 147 101 28 97 35 39 65 35
leaf_count=1519 33 22 34 109 27 27 103 250 376 83 360 83 31 143 32 292 147 101 28 97 35 39 65 35
internal_value=0 -1.22482e-05 -7.79947e-05 1.04664e-06 0 -1.98957e-05 2.57349e-05 -2.27537e-06 -1.50676e-05 -4.06411e-05 1.68857e-06 2.54305e-05 -3.16288e-06 0 1.69062e-05 2.47274e-05 3.85428e-05 0 -0.000146433 0 0 0 -7.37284e-06 8.00047e-05
internal_weight=4071 441 95 3630 346 151 195 2845 852 333 1993 443 1550 519 785 649 439 210 62 124 138 136 104 57
internal_count=4071 441 95 3630 346 151 195 2845 852 333 1993 443 1550 519 785 649 439 210 62 124 138 136 104 57
is_linear=0
shrinkage=0.03


Tree=192
num_leaves=16
num_cat=0
split_feature=34 36 34 26 32 2 29 27 32 34 34 36 35 34 30
split_gain=7.41595e-05 0.000245611 0.000136555 0.000765544 0.000346043 0.000324855 0.000376014 0.000305465 0.000225745 0.000857546 0.000306865 0.000341255 0.000322054 0.000166998 0.000149777
threshold=0.079414432873510812 0.0036101266983541327 0.034453074941893876 1.0095984607832904 0.011969202544022896 66.77500152587892 87.860360424060204 1.1486299207167572 0.027725035688828673 0.0045944221209983658 0.0014614877878944557 -0.0079168673018036716 0.016651667049174635 0.023826634116473348 87.16217218990802
decision_type=2 2 2 2 2 2 2 2 2 2 2 2 2 2 2
left_child=2 -2 8 4 -4 6 -5 -6 10 -10 11 -1 -12 -11 -7
right_child=1 -3 3 5 7 14 -8 -9 9 13 12 -13 -14 -15 -16
leaf_value=-1.4740150484949994e-05 -0.00010305138223209998 0 0 -8.2410276593547035e-05 0.00012491546509323348 4.1681654503643688e-05 0 0 -0.00015831916091625417 5.8679157578401423e-05 -1.7775223323097545e-05 1.4753109765884376e-05 1.5690668671913244e-05 -2.2362631345313594e-05 0
leaf_weight=358 27 33 49 90 89 90 36 20 39 37 1215 1622 237 45 84
leaf_count=358 27 33 49 90 89 90 36 20 39 37 1215 1622 237 45 84
internal_value=0 -3.33242e-05 2.47024e-08 1.60375e-05 7.13096e-05 -3.08992e-06 -4.65714e-05 0.000101111 -1.19549e-06 -4.14685e-05 0 7.90494e-06 -1.02461e-05 0 1.11738e-05
internal_weight=4071 60 4011 458 158 300 126 109 3553 121 3432 1980 1452 82 174
internal_count=4071 60 4011 458 158 300 126 109 3553 121 3432 1980 1452 82 174
is_linear=0
shrinkage=0.03


Tree=193
num_leaves=24
num_cat=0
split_feature=24 34 5 24 5 24 36 36 27 27 27 36 5 31 33 26 32 26 36 34 25 32 33
split_gain=7.33098e-05 0.000439757 0.00122784 0.000401049 0.000698957 0.000476284 0.000573899 0.000357129 0.000523181 0.00025392 0.000680718 0.000359648 0.000325253 0.000226036 0.000409675 0.00036309 0.000138099 0.000130048 3.48105e-05 2.29305e-05 9.63071e-05 8.41462e-05 2.26922e-05
threshold=-0.97490506751166206 -0.039974652829509953 51036642.500000007 -0.62242522180412518 20523160.000000004 -0.57046179488432969 -0.00238192216925946 -0.0097726340887884042 0.27375451609862361 0.24839562563483589 0.19560929503709396 -0.0035528477346264825 17346230.500000004 0.023384723981283998 0.05004174596912981 1.2168077413203771 0.025046106662861892 1.3187876794995608 0.0012726511518689457 -0.008656611129202128 0.25955971243191139 -0.014303394105672605 -0.021858703683037935
decision_type=2 2 2 2 2 2 2 2 2 2 2 2 2 2 2 2 2 2 2 2 2 2 2
left_child=1 2 17 4 19 6 -5 -6 -9 10 22 12 -11 15 -15 -7 -13 -1 -12 21 -21 -2 -3
right_child=3 9 -4 5 7 13 -8 8 -10 11 18 16 -14 14 -16 -17 -18 -19 -20 20 -22 -23 -24
leaf_value=0.00023879718972782884 0 0 -2.1036141147601179e-05 0 0 1.8461740722648814e-06 0.00014639638889767863 -0.00016610361049853027 0 0 -0.00017707116602138539 1.1625287754002568e-05 0.0001344421630332206 8.2228350611768188e-05 0 -2.166306389604813e-05 -3.7938074518351174e-05 0 0 3.2020590004244979e-05 0 -4.3375029827017257e-05 1.9080005340243283e-05
leaf_weight=29 20 36 23 20 20 2309 44 65 43 21 26 173 37 81 29 731 70 30 20 92 49 47 56
leaf_count=29 20 36 23 20 20 2309 44 65 43 21 26 173 37 81 29 731 70 30 20 92 49 47 56
internal_value=0 9.96463e-06 7.38306e-05 -2.00256e-06 -3.33935e-05 3.46683e-07 8.17742e-05 -8.8524e-05 -0.000110723 0 -3.55335e-05 1.34117e-05 8.06432e-05 -3.5791e-07 4.03943e-05 -2.82059e-06 0 0.000161547 -0.00013066 0 7.41376e-06 -1.38558e-05 0
internal_weight=4071 521 82 3550 336 3214 64 128 108 439 138 301 58 3150 110 3040 243 59 46 208 141 67 92
internal_count=4071 521 82 3550 336 3214 64 128 108 439 138 301 58 3150 110 3040 243 59 46 208 141 67 92
is_linear=0
shrinkage=0.03


Tree=194
num_leaves=24
num_cat=0
split_feature=25 25 22 0 34 32 23 0 34 34 27 22 34 22 21 24 0 33 34 32 27 28 34
split_gain=7.52058e-05 0.000383645 0.000488389 0.000907157 0.000340035 0.000326211 0.000389546 0.00140748 0.00027961 0.000210189 0.000156516 0.000140266 0.00041258 0.000354991 0.000290709 0.000224674 0.000185644 8.65859e-05 6.6837e-05 2.43218e-06 1.39858e-06 1.23963e-05 8.62679e-07
threshold=0.10876027739653966 0.16184344429073119 57.248457894455974 39.806510925292976 0.03103506201883344 0.02459960409972262 -2.0060586456028591 31.720415115356449 0.0045944221209983658 0.044139611498307703 0.25205392402832533 47.575531670239478 0.0037099058420910773 52.345661444139374 49.309999942779548 -1.0123414868995761 35.689853668212898 -0.011931209086411541 0.014374641996596106 0.011284255354622521 0.42085412337404587 483070975.50000006 0.01338057838873208
decision_type=2 2 2 2 2 2 2 2 2 2 2 2 2 2 2 2 2 2 2 2 2 2 2
left_child=4 2 20 19 5 6 7 -1 -7 -6 -8 12 17 15 -15 -13 -14 -3 -5 -4 -2 -22 -10
right_child=1 11 3 18 9 8 10 -9 22 -11 -12 13 16 14 -16 -17 -18 -19 -20 -21 21 -23 -24
leaf_value=0.00017824887354546564 -6.1900515644096381e-06 -2.7993040596495707e-07 0 0 8.053559128062002e-05 -0.00011812264448963105 -9.1709902898217047e-06 -1.4488920191318809e-05 0 0 6.7763813843384535e-06 0.00012324451441312893 -0.00012773947286493406 3.7339540740683549e-05 -7.7140027673976385e-06 0 0 4.8520041741800923e-05 -3.500168746163145e-05 -0.00028679963238967352 1.1475720005107875e-05 0 -4.7716516912627994e-06
leaf_weight=51 28 44 20 39 79 38 960 35 22 41 1309 36 39 152 833 73 20 33 49 20 86 30 34
leaf_count=51 28 44 20 39 79 38 960 35 22 41 1309 36 39 152 833 73 20 33 49 20 86 30 34
internal_value=0 -5.76055e-06 -3.81069e-05 -8.07206e-05 2.63514e-06 0 2.40578e-06 6.50401e-05 -5.45447e-05 5.19295e-05 0 0 -2.70531e-05 4.93364e-06 0 5.63253e-05 -8.92657e-05 0 0 -0.000202916 0 1.2521e-06 0
internal_weight=4071 1502 272 128 2569 2449 2355 86 94 120 2269 1230 136 1094 985 109 59 77 88 40 144 116 56
internal_count=4071 1502 272 128 2569 2449 2355 86 94 120 2269 1230 136 1094 985 109 59 77 88 40 144 116 56
is_linear=0
shrinkage=0.03


Tree=195
num_leaves=19
num_cat=0
split_feature=25 25 34 27 32 32 23 22 36 28 34 32 32 27 36 28 22 28
split_gain=7.51227e-05 0.000703598 0.000615389 0.00129007 0.00029591 0.000290744 0.000371516 0.000316956 0.000511559 0.000206384 0.000145056 0.000380132 0.000331094 0.000283152 0.000194561 0.000104317 2.74607e-05 6.74758e-05
threshold=-0.52027131783085767 -0.40533074343966341 -0.0019446120876892568 0.19560929503709396 -0.01554913015629533 0.0016353336491351513 -0.58293104662474338 31.636248248668988 -0.0072626811692687128 160276533.00000003 0.0014614877878944557 0.027725035688828673 -0.050216766851794596 0.24839562563483589 0.013433413835975969 758896436.00000012 41.54682065587842 921513718.50000012
decision_type=2 2 2 2 2 2 2 2 2 2 2 2 2 2 2 2 2 2
left_child=5 2 3 4 -2 6 7 8 -1 -7 11 12 -3 -12 -15 -11 -8 -18
right_child=1 10 -4 -5 -6 9 16 -9 -10 15 13 -13 -14 14 -16 -17 17 -19
leaf_value=0 -7.3022102199805266e-05 -7.0135336577082833e-05 0 -0.00028358236863157838 0 -8.2379591543959885e-05 0.00012654252623118273 -6.5544562480287751e-05 0.00011899643499458575 5.6800606622139807e-05 -9.3071354676904617e-05 -0.00010702149588581598 1.4623268105254542e-05 -5.2285032728354616e-06 2.9338177710756998e-05 0 0 5.4966398382754006e-05
leaf_weight=20 53 32 28 29 50 28 42 38 41 29 33 21 1576 1836 148 26 21 20
leaf_count=20 53 32 28 29 50 28 42 38 41 29 33 21 1576 1836 148 26 21 20
internal_value=0 -1.55975e-06 -6.33295e-05 -9.51492e-05 -1.27737e-05 1.48361e-05 4.15956e-05 0 4.46076e-05 -7.7198e-06 3.29805e-07 7.69642e-06 1.10667e-05 -4.13253e-06 -1.13657e-06 0 8.84029e-05 0
internal_weight=4071 3806 160 132 103 265 182 99 61 83 3646 1629 1608 2017 1984 55 83 41
internal_count=4071 3806 160 132 103 265 182 99 61 83 3646 1629 1608 2017 1984 55 83 41
is_linear=0
shrinkage=0.03


Tree=196
num_leaves=14
num_cat=0
split_feature=5 21 34 24 34 32 0 5 35 24 31 31 30
split_gain=7.04045e-05 0.00027902 0.000205192 0.000939579 0.00053405 0.00084991 0.000322256 0.000296379 0.000400022 0.000172556 0.000539765 0.000370185 0.000119775
threshold=62517113.000000007 57.701666704813647 -0.039974652829509953 -0.97490506751166206 -0.036236838796095565 -0.017293903797099049 31.720415115356449 44476170.500000007 0.016378645931106484 -1.7750050130428001 -0.0062740298504746486 0.023384723981283998 56.180702002676455
decision_type=2 2 2 2 2 2 2 2 2 2 2 2 2
left_child=2 12 3 6 5 -4 -1 8 -5 10 -6 -11 -2
right_child=1 -3 4 7 9 -7 -8 -9 -10 11 -12 -13 -14
leaf_value=0.00018106909878038105 -0.00013236902638954877 0 -0.00024949485795753104 0 -0.00013628137678070446 0 0 8.3153251482110684e-05 -6.5940047057239719e-05 0 0 5.4424447016919905e-05 0
leaf_weight=40 24 45 20 141 34 43 27 32 93 3352 84 115 21
leaf_count=40 24 45 20 141 34 43 27 32 93 3352 84 115 21
internal_value=0 -2.65171e-05 4.95962e-08 2.31858e-05 -1.24057e-06 -8.77848e-05 0.000123576 0 -1.38317e-05 0 -3.53449e-05 1.49627e-06 -8.35032e-05
internal_weight=4071 90 3981 333 3648 63 67 266 234 3585 118 3467 45
internal_count=4071 90 3981 333 3648 63 67 266 234 3585 118 3467 45
is_linear=0
shrinkage=0.03


Tree=197
num_leaves=27
num_cat=0
split_feature=29 33 24 25 0 36 31 36 30 31 0 36 36 36 26 24 31 35 28 0 33 35 28 23 33 25
split_gain=7.38522e-05 0.000321321 0.000475339 0.000298083 0.000392059 0.000670834 0.000488129 0.000241719 0.000764119 0.00057517 0.000285978 0.00054522 0.000368989 0.000195756 0.000190647 0.00017877 0.000312272 0.000176568 0.00014719 0.000141631 0.000269021 0.000214105 0.000107638 0.000104294 9.20141e-05 6.93823e-05
threshold=79.145765939958139 0.015299300791409067 -0.016069784213928892 0.42964165755934985 54.271537780761726 1.0000000180025095e-35 0.010035562322646465 0.010861115540805634 47.083351004924602 0.021062710959985468 50.622400283813484 0.0037750292559792192 0.0026126825312159691 0.0036101266983541327 0.92310200125790487 1.5112032121333556 0.017823043456181801 0.020367519117336367 657073786.50000012 32.534826278686531 0.039129287122036456 0.018065195516805285 -1263240284.9999998 1.2295548362939785 -0.0083135926571347146 0.18990715550519263
decision_type=2 2 2 2 2 2 2 2 2 2 2 2 2 2 2 2 2 2 2 2 2 2 2 2 2 2
left_child=1 7 19 4 5 22 -7 10 9 -9 12 -12 -1 18 -4 16 17 -5 -6 21 -21 -3 -2 -16 -10 -15
right_child=3 2 14 15 13 6 -8 8 24 -11 11 -13 -14 25 23 -17 -18 -19 -20 20 -22 -23 -24 -25 -26 -27
leaf_value=-3.7237907756547199e-07 -5.324581276569792e-05 0 0 6.1505561941426593e-05 0 -9.1727529076333347e-05 0 -0.00012375549351240406 0 0 0 -8.2617989809533312e-05 2.5460001606476566e-05 8.6450583821660586e-05 0.00010300699417719983 -8.5732923756567416e-06 0 0 -7.5727614563551133e-05 0 -0.00011554186551081545 7.6978453110086256e-05 1.5224177515782786e-05 0 4.9420047693356329e-05 0
leaf_weight=1602 20 44 30 168 58 199 96 92 21 25 278 100 612 33 93 46 35 20 23 123 22 45 172 48 40 26
leaf_count=1602 20 44 30 168 58 199 96 92 21 25 278 100 612 33 93 46 35 20 23 123 22 45 172 48 40 26
internal_value=0 1.6109e-06 2.69662e-05 -8.06095e-06 -2.14322e-05 -3.60247e-05 -6.47153e-05 -1.01413e-06 -3.51715e-05 -8.73217e-05 1.75464e-07 -2.25672e-05 5.41415e-06 7.90524e-06 6.49769e-05 1.19536e-05 2.96366e-05 5.03576e-05 0 0 -1.90964e-05 2.89265e-05 0 7.95971e-05 1.57337e-05 5.59392e-05
internal_weight=4071 3175 405 896 627 487 295 2770 178 117 2592 378 2214 140 171 269 223 188 81 234 145 89 192 141 61 59
internal_count=4071 3175 405 896 627 487 295 2770 178 117 2592 378 2214 140 171 269 223 188 81 234 145 89 192 141 61 59
is_linear=0
shrinkage=0.03


Tree=198
num_leaves=23
num_cat=0
split_feature=25 36 32 31 5 24 35 4 30 23 31 32 2 25 5 35 25 36 25 5 35 31
split_gain=7.35814e-05 0.000366275 0.000400253 0.000603706 0.000260363 0.000557381 0.000662255 0.000446102 0.000322072 0.000305309 0.000370413 0.000343793 0.000225702 0.000210661 0.000398385 0.000580425 0.000252828 0.000232856 0.000149704 0.000138411 0.000125431 2.36404e-05
threshold=0.077008888488123137 -0.010498788779916045 -0.0052938345039591486 -0.01943244111504033 49687500.000000007 -0.99509926539634119 0.021432371727872695 51.425001144409187 14.785028079512655 -0.55646296333878087 -0.0036701466130508171 0.0051297601642343879 62.024999618530281 0.17786577470404938 10530758.500000002 0.016456438441649766 0.25955971243191139 0.0016769320454548731 0.42964165755934985 7660548.5000000009 0.016809805059629018 -0.015878501974959599
decision_type=2 2 2 2 2 2 2 2 2 2 2 2 2 2 2 2 2 2 2 2 2 2
left_child=4 2 3 -2 5 6 8 21 -1 11 -11 -7 -8 14 19 -16 17 -15 -18 -3 -9 -6
right_child=1 13 -4 -5 7 9 12 20 -10 10 -12 -13 -14 16 15 -17 18 -19 -20 -21 -22 -23
leaf_value=9.358870745989748e-05 0 0 0 -0.00021348689537158968 -0.00016368479155029307 -4.1459718841079188e-05 0.00022458790032522978 -3.3118879908223822e-05 0 2.5709512491567366e-05 -1.7968014434418286e-06 2.7385853196283364e-06 0 5.6015004219833492e-05 -5.5497696714860501e-05 1.7770636376952441e-05 -1.4666193425193481e-05 0 1.0128916777054884e-05 5.025801840732502e-05 5.0986557371902087e-05 0
leaf_weight=35 24 21 34 28 22 299 27 22 178 604 1038 105 20 148 319 64 459 149 351 65 34 25
leaf_count=35 24 21 34 28 22 299 27 22 178 604 1038 105 20 148 319 64 459 149 351 65 34 25
internal_value=0 -5.34677e-06 -6.61836e-05 -0.000118966 2.78662e-06 6.02393e-06 4.74383e-05 -4.05288e-05 9.08038e-06 0 6.49525e-06 -2.25508e-05 0.00015719 -1.19569e-07 -1.85836e-05 -3.54221e-05 4.99423e-06 2.93036e-05 -2.18475e-07 2.15175e-05 0 -0.00011009
internal_weight=4071 1662 86 52 2409 2306 260 103 213 2046 1642 404 47 1576 469 383 1107 297 810 86 56 47
internal_count=4071 1662 86 52 2409 2306 260 103 213 2046 1642 404 47 1576 469 383 1107 297 810 86 56 47
is_linear=0
shrinkage=0.03


Tree=199
num_leaves=17
num_cat=0
split_feature=34 36 33 36 26 36 34 35 34 36 0 36 30 36 0 1
split_gain=7.20849e-05 0.000229147 0.000156997 0.00024835 0.000220724 0.000552613 0.000309569 0.000151374 0.000127528 0.000643065 0.000506772 0.000430052 0.000470353 0.000287474 0.000160504 7.25483e-05
threshold=0.079414432873510812 0.0036101266983541327 0.02010656637543318 -0.0036487692720932308 1.0111195753076945 0.0027829692628069695 0.028046560334683005 0.011223690092665224 0.0014614877878944557 0.010861115540805634 40.442190170288093 0.012290991367020573 54.087643921242893 -0.0079168673018036716 35.219669342041023 50.574998855590827
decision_type=2 2 2 2 2 2 2 2 2 2 2 2 2 2 2 2
left_child=2 -2 8 7 6 -6 -5 -4 9 13 -11 12 -10 -1 -13 -9
right_child=1 -3 3 4 5 -7 -8 15 11 10 -12 14 -14 -15 -16 -17
leaf_value=-1.2305129169952747e-05 -0.00010002004053113754 0 0 0 -6.485488480695943e-05 8.0632269207719989e-06 6.17473093987369e-05 0 -5.4463264298197169e-05 -0.00010329937785854521 0 0 -3.3523432187419496e-06 1.461327849828338e-05 0.00010285767084395558 0.0001095710112353425
leaf_weight=354 27 33 21 98 119 250 120 30 237 87 44 27 1062 1482 34 46
leaf_count=354 27 33 21 98 119 250 120 30 237 87 44 27 1062 1482 34 46
internal_value=0 -3.28553e-05 0 1.37283e-05 9.2959e-07 -7.33569e-06 2.8672e-05 6.02037e-05 -1.92798e-06 1.74048e-06 -6.00869e-05 -9.43921e-06 -1.49902e-05 7.78884e-06 5.95007e-05 8.00931e-05
internal_weight=4071 60 4011 684 587 369 218 97 3327 1967 131 1360 1299 1836 61 76
internal_count=4071 60 4011 684 587 369 218 97 3327 1967 131 1360 1299 1836 61 76
is_linear=0
shrinkage=0.03


Tree=200
num_leaves=30
num_cat=0
split_feature=29 33 24 27 5 25 32 23 36 31 23 31 32 29 28 35 35 35 35 28 21 20 33 27 36 25 31 21 29
split_gain=7.05112e-05 0.000300486 0.000458558 0.000288808 0.000237639 0.000493991 0.0002279 0.000459236 0.000179354 0.000163462 0.000718529 0.000573121 0.000147739 0.000407101 0.000112731 0.000238923 0.000111162 0.000109709 0.000511091 0.000190136 9.50662e-05 0.000202804 8.23539e-05 0.000104498 7.50144e-05 3.80729e-05 3.09495e-05 1.19606e-05 9.62754e-08
threshold=79.145765939958139 0.015299300791409067 -0.016069784213928892 0.89703740445807301 14829271.500000002 0.46738914633640899 0.014849646626515891 1.0932438039919605 -0.0036487692720932308 -0.0040756739887924378 0.57043794992816299 0.0017730507823080501 0.014562770610221378 67.267650715884301 155878839.00000003 0.01738148964697735 0.0083110814623868438 0.016651667049174635 0.032074765444498866 -1010041898.4999999 66.298333454132106 63.302499961853037 0.0067886484395082167 0.85184860916212157 0.0035033215720404495 0.15208058928626642 0.0206439984309621 76.074166297912612 63.244376574552938
decision_type=2 2 2 2 2 2 2 2 2 2 2 2 2 2 2 2 2 2 2 2 2 2 2 2 2 2 2 2 2
left_child=1 6 17 4 22 8 9 25 -6 10 -1 -11 28 -14 15 16 -5 19 -19 -3 21 -16 27 -24 -22 -8 -17 -2 -4
right_child=3 2 12 14 5 -7 7 -9 -10 11 -12 -13 13 -15 20 26 -18 18 -20 -21 24 -23 23 -25 -26 -27 -28 -29 -30
leaf_value=-1.192020536671584e-06 -4.5460771381443308e-05 -9.7656551666872233e-05 1.7255691441793666e-06 0 0 0 0 -0.00015725364414854456 -8.1900672322641026e-05 -2.8586757251583742e-05 4.9924770655335573e-05 8.0351168602204074e-06 0 0.00013307645267372515 0 -3.6333490078121198e-05 6.3227602858583525e-05 7.6946116906150875e-05 -3.9087946919040961e-05 0 -9.9379880386313157e-07 -9.9460313454157798e-05 2.782251038844206e-05 0 2.6622376186561648e-05 -3.6948144341266118e-05 0 0 0
leaf_weight=854 37 23 29 32 29 36 106 25 168 616 301 843 51 67 22 21 106 80 23 108 112 27 132 32 95 25 23 24 24
leaf_count=854 37 23 29 32 29 36 106 25 168 616 301 843 51 67 22 21 106 80 23 108 112 27 132 32 95 25 23 24 24
internal_value=0 1.59529e-06 2.61132e-05 -7.86134e-06 -2.59162e-05 -4.7302e-05 -9.07284e-07 -3.64485e-05 -7.0013e-05 6.74609e-08 9.53532e-06 -5.37173e-06 6.3455e-05 8.3423e-05 4.17177e-06 2.4475e-05 4.84453e-05 0 2.19249e-05 -1.93679e-05 0 -4.1744e-05 0 7.07286e-06 0 0 0 -3.28438e-05 0
internal_weight=4071 3175 405 896 458 233 2770 156 197 2614 1155 1459 171 118 438 182 138 234 103 131 256 49 225 164 207 131 44 61 53
internal_count=4071 3175 405 896 458 233 2770 156 197 2614 1155 1459 171 118 438 182 138 234 103 131 256 49 225 164 207 131 44 61 53
is_linear=0
shrinkage=0.03


Tree=201
num_leaves=22
num_cat=0
split_feature=25 25 26 34 34 5 34 29 30 31 30 30 30 19 30 27 26 19 25 4 26
split_gain=7.05303e-05 0.000343555 0.000717506 0.000314052 0.000279484 0.00036729 0.000194454 0.000164209 0.000351892 0.000317586 0.000201174 0.000133547 0.000560367 0.000622387 0.000214625 0.000197572 0.000112742 8.91493e-05 0.000163813 2.54208e-05 9.47013e-07
threshold=0.10876027739653966 0.16184344429073119 1.4121389114996694 0.03103506201883344 0.019430985877566202 15033820.500000002 0.044139611498307703 76.028988600197764 54.087643921242893 -0.026743222483896264 49.602357481625141 47.42681485629334 37.233126689589987 67.454998779296886 52.814006296255272 0.79223068289261123 1.1260693230231682 80.919999694824227 -0.021716120747118647 81.575000762939467 1.1140142888883153
decision_type=2 2 2 2 2 2 2 2 2 2 2 2 2 2 2 2 2 2 2 2 2
left_child=3 2 4 7 19 -6 -5 8 10 -10 -1 12 20 -14 16 -16 -13 18 -9 -2 -3
right_child=1 11 -4 6 5 -7 -8 17 9 -11 -12 14 13 -15 15 -17 -18 -19 -20 -21 -22
leaf_value=0 1.2471242280681946e-05 6.3556222248821263e-06 -0.00020236270496216808 7.7362336915064528e-05 0 -0.00010816611572132999 0 0 -2.9016700414322117e-05 3.6431520013024575e-05 -3.5288050674665281e-05 0 -0.00019058834739621273 0 -1.7240716048560815e-05 1.0070830571326036e-05 0.00010559168220923348 0 -6.8587398012476736e-05 0 0
leaf_weight=1645 147 21 24 79 20 51 41 66 27 440 152 22 32 21 349 730 28 42 77 30 27
leaf_count=1645 147 21 24 79 20 51 41 66 27 440 152 22 32 21 349 730 28 42 77 30 27
internal_value=0 -5.63668e-06 -3.6218e-05 2.47618e-06 -7.97247e-06 -6.13152e-05 4.98457e-05 0 2.37379e-06 2.62196e-05 -2.15495e-06 0 -3.16882e-05 -0.000106816 4.06672e-06 0 6.50251e-05 -2.70092e-05 -3.87852e-05 0 0
internal_weight=4071 1502 272 2569 248 71 120 2449 2264 467 1797 1230 101 53 1129 1079 50 185 143 177 48
internal_count=4071 1502 272 2569 248 71 120 2449 2264 467 1797 1230 101 53 1129 1079 50 185 143 177 48
is_linear=0
shrinkage=0.03


Tree=202
num_leaves=22
num_cat=0
split_feature=25 25 35 33 32 35 35 24 29 36 35 28 3 36 22 0 30 34 23 35 20
split_gain=6.81718e-05 0.000641457 0.000741297 0.00160761 0.000277037 0.000376342 0.000251952 0.000276643 0.000247171 0.000226454 0.000173268 0.000535254 0.000565522 0.000366485 0.000327969 0.0002729 0.000211409 4.84243e-05 0.000283553 3.4013e-05 2.76654e-07
threshold=-0.52027131783085767 -0.40533074343966341 0.016909859650996662 -0.021858703683037935 0.0016353336491351513 0.022176786242234126 0.015964870340422734 -0.40048502453693552 26.419364436490181 -0.012273306484917932 0.01454168615908606 -903007556.99999988 57.875000000000007 -0.006892571300954233 52.749499153502619 33.00505447387696 29.477796905201487 -0.038004522292366054 -1.0415260429431112 0.018827334634065891 106.19249992370608
decision_type=2 2 2 2 2 2 2 2 2 2 2 2 2 2 2 2 2 2 2 2 2
left_child=4 2 17 -4 5 6 7 -1 -6 -7 13 15 -13 14 -3 -12 -15 -2 -19 -8 -10
right_child=1 10 3 -5 8 9 19 -9 20 -11 11 12 -14 16 -16 -17 -18 18 -20 -21 -22
leaf_value=0 0 -8.159045446863461e-05 -0.00032798545280391669 0 -9.1561635965189283e-05 0 -7.7622910273442055e-05 7.9404350680546031e-05 2.7021673899567211e-06 0.00016171632038791678 0 8.855855961987472e-05 9.4551369967209913e-06 2.0018662599840657e-05 0 -4.255501423008704e-05 -4.348437793279824e-06 -0.00010311509742321995 0 0 0
leaf_weight=29 30 98 25 20 27 20 20 61 34 32 274 129 592 383 62 165 1943 28 57 20 22
leaf_count=29 30 98 25 20 27 20 20 61 34 32 274 129 592 383 62 165 1943 28 57 20 22
internal_value=0 -1.53607e-06 -6.05048e-05 -0.000166699 1.40557e-05 4.03831e-05 0 3.88885e-05 -7.55221e-06 0.000110458 2.30488e-07 1.05078e-05 2.77788e-05 -3.35857e-06 -4.72795e-05 -1.10252e-05 0 0 -2.26302e-05 -4.75057e-05 0
internal_weight=4071 3806 160 45 265 182 130 90 83 52 3646 1160 721 2486 160 439 2326 115 85 40 56
internal_count=4071 3806 160 45 265 182 130 90 83 52 3646 1160 721 2486 160 439 2326 115 85 40 56
is_linear=0
shrinkage=0.03


Tree=203
num_leaves=25
num_cat=0
split_feature=20 21 19 20 1 3 26 4 28 21 3 1 24 32 28 0 0 24 29 28 0 35 1 24
split_gain=6.94788e-05 0.000535296 0.00071677 0.000248016 0.000196376 0.000366576 0.00047158 0.000316959 0.000285004 0.000240519 0.000190927 0.000233985 0.000311945 0.000291618 0.000187832 0.00032908 0.000246767 0.000243775 0.000171176 0.000155759 0.000179636 0.000104064 6.27407e-05 4.4328e-06
threshold=86.1924997329712 85.965416590372726 87.99500045776368 77.318749809265157 67.375000000000014 70.02500152587892 1.3680696488991735 65.924999237060561 166760103.50000003 68.870000012715664 81.224998474121108 84.625000000000014 -0.4979702596076237 0.013246916653404829 938649228.00000012 134.66337585449222 141.0613708496094 0.86211794367214889 76.411907289843953 910236002.50000012 34.865840911865241 0.01355798213090963 117.40000152587892 0.88078381408677109
decision_type=2 2 2 2 2 2 2 2 2 2 2 2 2 2 2 2 2 2 2 2 2 2 2 2
left_child=3 2 23 4 7 6 -6 9 -9 -1 19 12 -12 -13 17 -16 -17 21 -7 20 -5 -3 -19 -2
right_child=1 14 -4 10 5 18 -8 8 -10 -11 11 13 -14 -15 15 16 -18 22 -20 -21 -22 -23 -24 -25
leaf_value=3.5010082375444628e-08 -1.0512520662446661e-05 0 -0.00018654843444438908 0 -1.9370470601439398e-05 1.2449579358662355e-05 -0.0002026030016757214 9.5325279512621612e-05 0 -6.7086525265879635e-05 1.710696106490553e-05 5.5593308046579362e-05 -4.3784827818115658e-05 0 -0.00012527393438427695 7.3650698405855177e-05 -2.3329132997289522e-05 -7.9106094646451441e-06 -2.4733933501680048e-05 0 5.6120888185277284e-05 0.00013110752528801417 3.7700915365861961e-05 0
leaf_weight=1816 36 30 34 39 313 358 20 60 69 48 43 128 180 48 22 31 98 105 161 130 217 25 35 25
leaf_count=1816 36 30 34 39 313 358 20 60 69 48 43 128 180 48 22 31 98 105 161 130 217 25 35 25
internal_value=0 -1.16465e-05 -7.54655e-05 8.62342e-07 -2.35922e-06 -1.48617e-05 -3.94393e-05 1.48083e-06 4.73643e-05 -8.75919e-08 1.63579e-05 0 -1.85941e-05 2.75285e-05 0 -1.83098e-05 0 2.4634e-05 0 3.14508e-05 4.51513e-05 7.82975e-05 0 0
internal_weight=4071 441 95 3630 2845 852 333 1993 129 1864 785 399 223 176 346 151 129 195 519 386 256 55 140 61
internal_count=4071 441 95 3630 2845 852 333 1993 129 1864 785 399 223 176 346 151 129 195 519 386 256 55 140 61
is_linear=0
shrinkage=0.03


Tree=204
num_leaves=14
num_cat=0
split_feature=5 21 29 31 0 23 31 24 5 24 33 33 33
split_gain=6.70425e-05 0.000254494 0.000253413 0.000146677 0.000684286 0.00117352 0.000435135 0.000297262 0.000349298 0.000211459 0.000154491 0.000427365 0.000265265
threshold=62517113.000000007 57.701666704813647 46.927861494644183 -0.015468328920867134 48.688875198364265 0.54142778733164232 -0.013998416260098677 -1.9010383139874738 13808663.000000002 0.28833511495246139 -0.027506107662314924 -0.034336216470596863 -0.016359500805088575
decision_type=2 2 2 2 2 2 2 2 2 2 2 2 2
left_child=3 2 -2 4 7 -6 9 -1 -9 -5 11 -8 -12
right_child=1 -3 -4 6 5 -7 10 8 -10 -11 12 -13 -14
leaf_value=0 -0.00015659664355061715 0 0 -0.00012235915704268265 -0.00022677791271072758 0 0 0 6.5914346143623753e-05 0 2.9825702274058811e-05 -7.6563014065124125e-05 0
leaf_weight=25 21 45 24 39 24 35 121 21 263 25 283 87 3058
leaf_count=25 21 45 24 39 24 35 121 21 263 25 283 87 3058
internal_value=0 -2.58718e-05 -8.00987e-05 8.62651e-08 1.86896e-05 -5.56834e-05 -9.78721e-07 4.26093e-05 5.40094e-05 -7.85082e-05 0 -2.46009e-05 1.98007e-06
internal_weight=4071 90 45 3981 368 59 3613 309 284 64 3549 208 3341
internal_count=4071 90 45 3981 368 59 3613 309 284 64 3549 208 3341
is_linear=0
shrinkage=0.03


Tree=205
num_leaves=25
num_cat=0
split_feature=24 24 5 24 24 31 31 31 0 22 32 25 31 27 30 30 33 26 28 23 0 25 32 29
split_gain=6.78645e-05 0.000356953 0.000640818 0.000440865 0.000330948 0.000437027 0.000391668 0.0004216 0.00031924 0.00062193 0.000322372 0.000271433 0.000238244 0.000374289 0.000229721 0.000571082 0.000389908 0.000222541 0.000143879 1.3811e-05 0.000151122 8.76914e-05 1.14853e-05 9.34696e-06
threshold=-0.97490506751166206 -0.62242522180412518 20523160.000000004 -0.57046179488432969 -1.6457339117145899 -0.0062740298504746486 0.001640731089270653 0.0084250936009215866 40.113494873046882 39.20389907051068 0.0088068681305421021 -0.10234197028439872 -0.015878501974959599 0.11384081604073505 75.949603021756005 78.77752776677643 0.02010656637543318 0.97322949690168992 -1039257608.9999999 -0.62417753781824092 40.113494873046882 -0.28090470886857749 0.011284255354622521 23.931611809166373
decision_type=2 2 2 2 2 2 2 2 2 2 2 2 2 2 2 2 2 2 2 2 2 2 2 2
left_child=4 2 19 17 5 11 -7 -8 9 10 -6 -1 -4 -14 16 -16 -5 -3 -11 21 -21 -2 23 -10
right_child=1 3 12 14 8 6 7 -9 22 18 -12 -13 13 -15 15 -17 -18 -19 -20 20 -22 -23 -24 -25
leaf_value=0 0 0 0 0 0.00013381344585294646 9.947555218763552e-05 -0.00011913174450589942 0 0 -4.4842218307476441e-05 0 -0.00014418744437492268 -0.00020405005046731639 -5.5516688444647202e-06 -7.7565645540941713e-05 0 3.673164365388478e-05 0.00013848221598423632 2.5310274192436131e-05 -5.4871833239604895e-05 0 2.8946130628012649e-05 0 -2.1358364797877074e-05
leaf_weight=31 20 33 30 2104 81 35 27 60 25 34 22 32 35 63 116 653 277 31 95 47 39 102 38 41
leaf_count=31 20 33 30 2104 81 35 27 60 25 34 22 32 35 63 116 653 277 31 95 47 39 102 38 41
internal_value=0 -1.99959e-06 -3.15883e-05 1.61193e-07 9.48526e-06 -1.26768e-05 0 -7.70691e-06 3.06136e-05 5.09415e-05 0.000106165 -8.18826e-05 -8.43816e-05 -0.000107161 -4.82822e-07 -1.54898e-05 3.10457e-06 7.8612e-05 0 0 -8.21093e-06 7.36611e-06 0 -1.25052e-05
internal_weight=4071 3550 336 3214 521 185 122 87 336 232 103 63 128 98 3150 769 2381 64 129 208 86 122 104 66
internal_count=4071 3550 336 3214 521 185 122 87 336 232 103 63 128 98 3150 769 2381 64 129 208 86 122 104 66
is_linear=0
shrinkage=0.03


Tree=206
num_leaves=20
num_cat=0
split_feature=34 27 27 34 36 35 35 36 31 26 23 31 5 34 36 33 25 31 36
split_gain=6.64367e-05 0.000479045 0.000693895 0.000456701 0.000934004 0.000422645 0.00127716 0.000432942 0.000676903 0.000195759 0.000164819 0.000307123 0.00046818 0.000198816 0.000295549 0.000225661 8.36036e-05 2.10355e-05 3.8339e-06
threshold=-0.039974652829509953 0.089751644933610236 0.32059386717814542 -0.036236838796095565 0.0012062559443112382 0.019395036305318285 0.016178143125893819 -0.020613090480779545 -0.020425190623890751 1.1260693230231682 -1.8066122250045458 0.0084250936009215866 27014400.000000004 0.079414432873510812 0.0036101266983541327 0.02010656637543318 -0.58040466794031309 0.021062710959985468 -0.006892571300954233
decision_type=2 2 2 2 2 2 2 2 2 2 2 2 2 2 2 2 2 2 2
left_child=1 5 9 4 -2 6 18 -7 -9 -3 11 12 -5 15 -15 -12 -11 -13 -1
right_child=3 2 -4 10 -6 7 -8 8 -10 16 13 17 -14 14 -16 -17 -18 -19 -20
leaf_value=0 -0.00018705391677285458 0 0 -0.00013529737229098376 0 -1.6481004492101374e-06 -0.00020326734641636522 0.00019606698614303217 0 0 -9.4823858914610536e-08 2.8628064024673351e-05 0 -0.00013010521686498622 0 1.8690324561479352e-05 0.00016436724554263557 0 6.4829080775391464e-06
leaf_weight=23 36 22 34 46 28 25 35 28 45 24 2822 23 25 25 31 645 50 22 82
leaf_count=23 36 22 34 46 28 25 35 28 45 24 2822 23 25 25 31 645 50 22 82
internal_value=0 1.1457e-05 6.05889e-05 -1.76033e-06 -8.11871e-05 -2.79418e-06 -4.63364e-05 2.88118e-05 8.0271e-05 0.00010709 0 -3.54746e-05 -7.7088e-05 7.95891e-07 -5.32179e-05 2.53512e-06 0.000131342 0 0
internal_weight=4071 368 130 3703 64 238 140 98 73 96 3639 116 71 3523 56 3467 74 45 105
internal_count=4071 368 130 3703 64 238 140 98 73 96 3639 116 71 3523 56 3467 74 45 105
is_linear=0
shrinkage=0.03


Tree=207
num_leaves=23
num_cat=0
split_feature=31 23 27 23 33 27 0 33 23 31 31 23 5 27 5 34 23 27 5 25 31 22
split_gain=6.68907e-05 0.000519923 0.000877759 0.000564198 0.000335727 0.000406551 0.000319396 0.000283698 0.000315131 0.000239192 0.000342454 0.000691438 0.000335348 0.00029563 0.000187948 0.000168064 0.000151656 0.000259672 0.000120374 0.000262788 6.65481e-05 1.26704e-05
threshold=0.0060898518482656048 1.0932438039919605 0.74221264267971343 0.97060942168107556 0.026823861421318766 0.90801229144298101 42.736967086791999 0.023605349196339279 0.83363752004165914 0.0021762756601605431 -0.0035755009497419605 0.57043794992816299 18000785.500000004 0.036383376062028273 21315931.500000004 0.021056166395971524 1.5045256031668475 1.0598682896562828 14751454.500000002 0.18154354912719442 0.0093630984051239503 73.978694094220927
decision_type=2 2 2 2 2 2 2 2 2 2 2 2 2 2 2 2 2 2 2 2 2 2
left_child=7 3 -3 4 6 -6 -2 9 18 10 11 -1 15 -12 -14 -11 17 -4 -9 -20 -18 -10
right_child=1 2 16 -5 5 -7 -8 8 21 12 13 -13 14 -15 -16 -17 20 -19 19 -21 -22 -23
leaf_value=-9.0370146880995085e-06 2.5528140395077335e-05 -0.00017811636923961883 -8.1694988325458603e-05 0.0001257811431233362 -6.7733719467366553e-05 0 -1.3454019822792784e-05 0 -1.9148553675190325e-05 4.323004670376836e-05 -9.9409380587315091e-05 3.7342937964356639e-05 -5.5662558907736739e-05 -1.1610743589740282e-05 0 0 0 0 0 0.00013354066057370495 2.6374692218551083e-05 0
leaf_weight=979 420 41 56 32 139 93 242 47 31 323 53 393 57 745 90 68 36 25 41 50 86 24
leaf_count=979 420 41 56 32 139 93 242 47 31 323 53 393 57 745 90 68 36 25 41 50 86 24
internal_value=0 -6.57309e-06 -4.60728e-05 5.99504e-07 -5.39508e-07 -3.42504e-05 6.74695e-06 1.82352e-06 3.70434e-05 0 -5.11425e-06 2.06353e-06 1.71633e-05 -2.12126e-05 -7.26374e-06 3.4017e-05 -4.55831e-06 -4.16536e-05 6.30272e-05 8.49181e-05 0 0
internal_weight=4071 1170 244 926 894 232 662 2901 193 2708 2170 1372 538 798 147 391 203 81 138 91 122 55
internal_count=4071 1170 244 926 894 232 662 2901 193 2708 2170 1372 538 798 147 391 203 81 138 91 122 55
is_linear=0
shrinkage=0.03


Tree=208
num_leaves=28
num_cat=0
split_feature=30 30 19 36 28 33 21 23 33 30 31 30 35 26 28 23 31 31 23 35 21 28 31 31 36 34 31
split_gain=6.69357e-05 0.000239304 0.000297368 0.000434116 0.00022684 0.000475543 0.00053847 0.000529351 0.000262357 0.000308704 0.000268794 0.000173175 0.000362807 0.00040768 0.000518498 0.000255748 0.000207552 0.000386301 0.000329393 0.000158163 0.000154479 0.000120657 4.63257e-05 3.67561e-05 0.000120609 8.44499e-05 1.85838e-05
threshold=69.472239222181216 54.391690969242049 48.739999771118171 -0.0022033979829332207 -682756590.99999988 0.00083614900882100784 50.982916768391938 -0.95251389772193551 0.0089303564991729551 12.593736719729771 0.014231051764961313 78.77752776677643 0.011893834599720585 0.90091342307097977 -1714932531.9999998 -0.43940347963209087 0.013088473017663695 -0.0055453042821672063 0.24503337273383965 0.012845275603711379 57.701666704813647 785575907.50000012 0.0075536650117405965 0.0040921799747800644 0.005483010198877176 0.0099937960210370064 0.0060898518482656048
decision_type=2 2 2 2 2 2 2 2 2 2 2 2 2 2 2 2 2 2 2 2 2 2 2 2 2 2 2
left_child=1 4 3 -3 5 6 -1 -7 9 -6 -10 12 23 -14 -15 19 17 -17 -18 -13 22 -22 -4 25 -25 -2 -21
right_child=11 2 20 -5 8 7 -8 -9 10 -11 -12 15 13 14 -16 16 18 -19 -20 26 21 -23 -24 24 -26 -27 -28
leaf_value=2.09701329923053e-05 0 0 0 0.00011992584288599876 3.4203451177769825e-05 0 -8.8332668121089914e-05 -0.00010706904554191928 4.6617034111897319e-05 -9.5552776279902477e-06 0 0 0 0 -8.8302297315418076e-05 1.7358397150717561e-05 0 -3.0381171830654556e-05 7.0557069204833035e-05 0.00011860574338528433 2.2643705627994606e-05 0 -6.0212012620751617e-05 4.907957140337066e-05 0 -2.771948313427597e-05 0
leaf_weight=213 81 32 57 60 150 33 50 97 217 1218 109 43 37 21 175 145 21 451 76 27 426 106 23 58 23 101 21
leaf_count=213 81 32 57 60 150 33 50 97 217 1218 109 43 37 21 175 145 21 451 76 27 426 106 23 58 23 101 21
internal_value=0 1.97436e-06 1.7634e-05 7.17144e-05 -1.87124e-06 -2.3043e-05 0 -6.99576e-05 1.27073e-06 -2.5622e-06 2.65504e-05 -6.20976e-06 -2.03388e-05 -4.77619e-05 -6.76953e-05 0 -3.4017e-06 -1.3733e-05 2.913e-05 4.93818e-05 4.59274e-06 1.43706e-05 -2.29137e-05 0 1.96778e-05 -3.03492e-06 8.70514e-05
internal_weight=4071 2791 704 92 2087 393 263 130 1694 1368 326 1280 496 233 196 784 693 596 97 91 612 532 80 263 81 182 48
internal_count=4071 2791 704 92 2087 393 263 130 1694 1368 326 1280 496 233 196 784 693 596 97 91 612 532 80 263 81 182 48
is_linear=0
shrinkage=0.03


Tree=209
num_leaves=24
num_cat=0
split_feature=25 5 25 34 32 26 32 36 29 29 35 32 35 31 35 19 1 34 34 5 35 33 31
split_gain=6.79939e-05 0.000334586 0.000443413 0.000297196 0.000296828 0.000326135 0.000288031 0.000301441 0.000339617 0.000279797 0.000266756 0.000637195 0.000308578 0.00025433 0.000417553 0.000232661 0.000210493 0.000184292 0.000179279 9.32442e-05 0.000330006 2.80372e-05 4.70739e-06
threshold=0.10876027739653966 29624162.000000004 0.22353461192468249 0.03103506201883344 0.02459960409972262 1.5119566025690505 -0.0013458842492734544 -0.009063274828788534 55.539898898558555 52.901630774262806 0.021432371727872695 -0.037270184988182735 0.01738148964697735 0.0049943910093485097 0.013970119914142662 68.894998931884786 59.875000000000007 0.025691723210734655 0.044139611498307703 51036642.500000007 0.013885264205090319 0.05004174596912981 0.019474622264323175
decision_type=2 2 2 2 2 2 2 2 2 2 2 2 2 2 2 2 2 2 2 2 2 2 2
left_child=3 6 15 4 10 22 7 8 -2 -9 12 -12 -1 14 -8 17 -15 -3 -5 20 -4 -21 -6
right_child=1 2 19 18 5 -7 13 9 -10 -11 11 -13 -14 16 -16 -17 -18 -19 -20 21 -22 -23 -24
leaf_value=2.7958002005436616e-06 -0.00019090656176667288 0 1.3557479032528023e-06 7.4895753897697112e-05 -1.015291260988757e-05 -0.00014502147321011227 7.1879103682382953e-07 2.5440100996436143e-05 0 -2.9164430385093501e-05 -2.0515948007049729e-05 6.5707661074739193e-05 -3.3451623513863609e-05 3.0732786239089137e-05 7.7748921082937557e-05 0 -1.9076911033920461e-05 -0.00018992106180182894 0 4.4400720642163194e-05 -5.6118370203796302e-05 0 0
leaf_weight=1873 20 20 59 79 41 26 342 112 22 211 62 185 235 86 117 27 297 31 41 22 115 21 27
leaf_count=1873 20 20 59 79 41 26 342 112 22 211 62 185 235 86 117 27 297 31 41 22 115 21 27
internal_value=0 -5.5531e-06 -3.43131e-05 2.40619e-06 0 -5.20967e-05 0 -2.06633e-05 -0.000100698 -9.43287e-07 2.23378e-06 3.19241e-05 0 1.10778e-05 2.69011e-05 -9.77676e-05 -5.65319e-08 -0.000136773 4.84867e-05 0 -1.9409e-05 2.06254e-05 0
internal_weight=4071 1502 295 2569 2449 94 1207 365 42 323 2355 247 2108 842 459 78 383 51 120 217 174 43 68
internal_count=4071 1502 295 2569 2449 94 1207 365 42 323 2355 247 2108 842 459 78 383 51 120 217 174 43 68
is_linear=0
shrinkage=0.03


Tree=210
num_leaves=23
num_cat=0
split_feature=24 34 5 0 0 24 5 34 36 29 21 30 22 36 28 5 26 22 30 34 32 34
split_gain=6.62553e-05 0.000345105 0.00108787 0.000381383 0.000454234 0.000338703 0.000603547 0.00044477 0.000331797 0.000473539 0.000304597 0.000265017 0.000353363 0.000259236 0.000407838 0.000361547 0.000108596 5.52414e-05 2.18595e-05 1.82157e-05 7.98618e-05 7.08313e-05
threshold=-0.97490506751166206 -0.039974652829509953 51036642.500000007 34.185876846313484 28.27014255523682 -0.62242522180412518 20523160.000000004 -0.078424533568001317 -0.0097726340887884042 78.527464084947425 76.364166514078804 62.753143096270442 52.499886238949593 -0.014562618718254967 -1757701034.9999998 27238958.500000004 1.3187876794995608 39.071922010290812 48.104456632818199 -0.008656611129202128 -0.014303394105672605 0.0284546850088544
decision_type=2 2 2 2 2 2 2 2 2 2 2 2 2 2 2 2 2 2 2 2 2 2
left_child=1 2 16 4 17 6 19 -7 -8 -10 -6 18 -13 15 -15 -9 -1 -3 -5 20 -2 -21
right_child=5 3 -4 11 10 7 8 13 9 -11 -12 12 -14 14 -16 -17 -18 -19 -20 21 -22 -23
leaf_value=0.00022126590527927733 0 4.3744219015599967e-05 -1.9299751145737962e-05 5.3665460585923075e-06 -8.4526616950114365e-05 0.00011167345747512668 0 0 -0.00013574481096633028 0 0 9.7241124997632239e-05 0 7.3445038609388743e-05 -2.5558065146220766e-07 -0.00010065428461134095 0 0 -2.1207797208477328e-05 2.4838367584627638e-05 -4.1629379805382095e-05 0
leaf_weight=29 20 26 23 88 122 32 20 30 86 22 29 75 23 68 3029 55 30 38 38 114 47 27
leaf_count=29 20 26 23 88 122 32 20 30 86 22 29 75 23 68 3029 55 30 38 38 114 47 27
internal_value=0 9.38334e-06 6.58936e-05 0 -2.96934e-05 -1.96791e-06 -3.07856e-05 1.12243e-07 -8.20185e-05 -0.000103605 -6.29223e-05 2.61796e-05 6.32219e-05 -7.03803e-08 3.96315e-07 -5.23077e-05 0.000149842 1.87995e-06 0 0 -1.20536e-05 6.86261e-06
internal_weight=4071 521 82 439 215 3550 336 3214 128 108 151 224 98 3182 3097 85 59 64 126 208 67 141
internal_count=4071 521 82 439 215 3550 336 3214 128 108 151 224 98 3182 3097 85 59 64 126 208 67 141
is_linear=0
shrinkage=0.03


Tree=211
num_leaves=28
num_cat=0
split_feature=29 27 0 32 31 5 22 22 29 35 26 32 23 0 27 20 23 0 36 27 2 5 32 36 34 31 36
split_gain=6.50548e-05 0.000266909 0.000508436 0.000477885 0.000353954 0.000297506 0.000281225 0.00027353 0.00026169 0.000413517 0.000450678 0.000361123 0.000282163 0.00111012 0.00025855 0.000166474 0.000164886 0.000119833 0.000114543 0.000125329 0.000114302 9.77671e-05 9.24609e-05 0.00011258 0.000102284 5.23405e-05 1.93194e-06
threshold=79.145765939958139 0.89703740445807301 38.49852371215821 -0.00076833262109365908 -0.00082171201790820481 12440395.000000002 52.499886238949593 61.775222745466763 66.854761388234252 0.016651667049174635 1.0095984607832904 0.02459960409972262 -1.9164333259390351 31.347810745239261 0.87643333246839006 43.6899998664856 -1.6752974230666131 45.145324707031257 0.0018656459655316821 1.0598682896562828 78.424999237060561 48674640.000000007 0.020305543774101213 0.0054094732542023889 0.0011771466956880252 -0.0017356411723303264 -0.0019617788455398304
decision_type=2 2 2 2 2 2 2 2 2 2 2 2 2 2 2 2 2 2 2 2 2 2 2 2 2 2 2
left_child=8 2 4 25 26 -6 -5 17 11 22 -11 12 13 -1 15 -13 -14 -3 19 -9 -12 -20 24 -24 -10 -4 -2
right_child=1 7 3 6 5 -7 -8 18 9 10 20 14 16 -15 -16 -17 -18 -19 21 -21 -22 -23 23 -25 -26 -27 -28
leaf_value=0.00014141567255137488 0 8.0137811560696733e-05 -0.000112667020904035 7.7336067450933151e-05 0 -0.0001304527612900111 0 -4.2005000373240686e-05 4.3854652485541749e-05 0.00018678548300552381 0 0 -5.4884315839575452e-05 -1.3990477500618018e-05 0 -9.3178105920660421e-05 0 0 2.3070981932702447e-05 0 6.4045130790014589e-05 0 6.3269129202250644e-05 0 -1.0510443713799777e-05 0 -6.755464485714456e-06
leaf_weight=62 31 56 31 56 30 78 172 119 28 29 65 21 50 44 22 82 2334 22 176 35 25 30 46 23 344 22 38
leaf_count=62 31 56 31 56 30 78 172 119 28 29 65 21 50 44 22 82 2334 22 176 35 25 30 46 23 344 22 38
internal_value=0 -7.56078e-06 -2.49511e-05 0 -6.47623e-05 -9.90867e-05 1.90092e-05 3.77739e-06 1.51872e-06 2.05951e-05 7.15509e-05 -1.41992e-06 0 4.86799e-05 -5.13825e-05 -7.38953e-05 -1.02774e-06 5.68517e-05 0 -2.51339e-05 9.57373e-07 5.27845e-06 3.08858e-08 3.47026e-05 0 -8.09167e-05 0
internal_weight=4071 896 458 281 177 108 228 438 3175 560 119 2615 2490 106 125 103 2384 78 360 154 90 206 441 69 372 53 69
internal_count=4071 896 458 281 177 108 228 438 3175 560 119 2615 2490 106 125 103 2384 78 360 154 90 206 441 69 372 53 69
is_linear=0
shrinkage=0.03


Tree=212
num_leaves=22
num_cat=0
split_feature=25 25 35 33 32 23 29 35 24 5 24 0 0 4 5 35 28 34 23 28 34
split_gain=6.35133e-05 0.000580562 0.000692807 0.0014944 0.00024848 0.000353526 0.000221684 0.000169241 0.000531658 0.00124055 0.000514677 0.000274772 0.000565796 0.000227122 5.93776e-05 0.000228788 0.000174646 4.06781e-05 0.000253642 1.72879e-05 4.98365e-07
threshold=-0.52027131783085767 -0.40533074343966341 0.016909859650996662 -0.021858703683037935 0.0016353336491351513 -0.58293104662474338 26.419364436490181 0.01454168615908606 -0.77471572696320723 22618188.000000004 -0.62242522180412518 30.287271499633793 27.334230422973636 57.625000000000007 26176570.500000004 0.014872391969599571 126877842.00000001 -0.038004522292366054 -1.0415260429431112 124361154.50000001 -0.016729126697888005
decision_type=2 2 2 2 2 2 2 2 2 2 2 2 2 2 2 2 2 2 2 2 2
left_child=4 2 17 -4 5 14 -6 11 9 -9 -10 12 -3 -13 15 -1 -16 -2 -19 -7 -8
right_child=1 7 3 -5 6 19 20 8 10 -11 -12 13 -14 -15 16 -17 -18 18 -20 -21 -22
leaf_value=0 0 0 -0.00031552970303645527 0 -8.6243282769449261e-05 0 4.5050415180136721e-06 0.00012275869627681126 -8.2527159068656445e-05 0 5.6549954036297694e-06 2.6314127154629795e-05 -8.8527094668787364e-05 -4.1330777993867331e-06 7.5200023668139251e-05 -0.00010311945343107758 0 -9.7090776531635591e-05 0 0.00010569852735940195 0
leaf_weight=22 30 31 25 20 27 29 22 114 64 149 833 243 100 2112 32 22 23 28 57 54 34
leaf_count=22 30 31 25 20 27 29 22 114 64 149 833 243 100 2112 32 22 23 28 57 54 34
internal_value=0 -1.45527e-06 -5.75603e-05 -0.000159959 1.36095e-05 3.85545e-05 -4.96859e-06 1.85542e-07 1.0358e-05 4.78722e-05 0 -3.35459e-06 -4.58226e-05 0 0 -2.56852e-05 2.10201e-05 0 -2.07413e-05 8.4179e-05 0
internal_weight=4071 3806 160 45 265 182 83 3646 1160 263 897 2486 131 2355 99 44 55 115 85 83 56
internal_count=4071 3806 160 45 265 182 83 3646 1160 263 897 2486 131 2355 99 44 55 115 85 83 56
is_linear=0
shrinkage=0.03


Tree=213
num_leaves=25
num_cat=0
split_feature=20 21 19 20 1 3 31 21 21 27 35 36 22 36 28 21 24 28 30 2 35 1 19 24
split_gain=6.47567e-05 0.00050949 0.000647931 0.000228666 0.000186819 0.000345382 0.000725772 0.000310924 0.000585873 0.000279146 0.000182449 0.000418636 0.00023351 0.000196054 0.000167011 0.0003022 0.000232256 0.000162929 0.000146046 9.62101e-05 9.42481e-05 5.63232e-05 2.2581e-05 5.33534e-06
threshold=86.1924997329712 85.965416590372726 87.99500045776368 77.318749809265157 67.375000000000014 70.02500152587892 0.0080344427165227623 64.242499955495205 68.590416685740166 0.11384081604073505 0.015682651712857733 0.0016769320454548731 55.004159343642023 0.0017189609188080818 938649228.00000012 132.03833312988283 0.86211794367214889 1007293177.0000001 67.422409780126728 142.90000152587893 0.01355798213090963 117.40000152587892 82.795001220703142 0.88078381408677109
decision_type=2 2 2 2 2 2 2 2 2 2 2 2 2 2 2 2 2 2 2 2 2 2 2 2
left_child=3 2 23 4 7 6 -6 9 -9 -1 11 17 -13 -12 16 -16 20 -5 -7 -17 -3 -18 -15 -2
right_child=1 14 -4 10 5 18 -8 8 -10 -11 13 12 -14 22 15 19 21 -19 -20 -21 -22 -23 -24 -25
leaf_value=-3.5277395356238769e-05 -1.1533168132531863e-05 0 -0.00017937718025003109 3.6774165869830556e-05 -3.9218385081613935e-08 1.4154170576739591e-05 -0.00011717774473382447 4.5092958009227518e-05 -2.7839783254451039e-05 0 0 -4.2628639062832091e-05 0 0.00012059073242693988 -0.00010775489795770893 5.2706821627461264e-05 -7.9697943773560577e-06 0 -1.8139242568654338e-05 -1.0790118670854026e-05 0.00012647254490367769 3.5411779575734428e-05 0 0
leaf_weight=214 36 30 34 334 250 306 83 360 83 1336 47 164 104 37 27 27 105 77 213 97 25 35 22 25
leaf_count=214 36 30 34 334 250 306 83 360 83 1336 47 164 104 37 27 27 105 77 213 97 25 35 22 25
internal_value=0 -1.122e-05 -7.35226e-05 8.70705e-07 -2.18341e-06 -1.44116e-05 -3.82686e-05 1.53938e-06 2.46547e-05 -3.13293e-06 1.57595e-05 4.92187e-06 -1.81217e-05 5.68363e-05 0 -1.68069e-05 2.34874e-05 2.72461e-05 0 0 7.58089e-05 0 9.3728e-05 0
internal_weight=4071 441 95 3630 2845 852 333 1993 443 1550 785 679 268 106 346 151 195 411 519 124 55 140 59 61
internal_count=4071 441 95 3630 2845 852 333 1993 443 1550 785 679 268 106 346 151 195 411 519 124 55 140 59 61
is_linear=0
shrinkage=0.03


Tree=214
num_leaves=15
num_cat=0
split_feature=5 21 29 34 24 34 36 36 36 5 35 23 31 31
split_gain=6.36225e-05 0.000233612 0.000229824 0.000194016 0.000770551 0.000451533 0.000840603 0.000404637 0.000289048 0.000257189 0.000331985 0.000180757 0.000353741 0.000337019
threshold=62517113.000000007 57.701666704813647 46.927861494644183 -0.039974652829509953 -0.97490506751166206 -0.036236838796095565 0.0012062559443112382 0.0047281232425667409 -0.0072626811692687128 44476170.500000007 0.016378645931106484 -1.8066122250045458 0.023384723981283998 0.0084250936009215866
decision_type=2 2 2 2 2 2 2 2 2 2 2 2 2 2
left_child=3 2 -2 4 7 6 -5 8 -1 10 -6 13 -13 -7
right_child=1 -3 -4 5 9 11 -8 -9 -10 -11 -12 12 -14 -15
leaf_value=0 -0.00014992951714172759 0 0 -0.00017983523731297617 0 -8.0841195098019494e-05 0 0 0.0002720749314610304 7.9307788033712915e-05 -5.9387904155019591e-05 0 5.3707850604538559e-05 0
leaf_weight=26 21 45 24 36 141 70 27 21 20 32 93 3357 113 45
leaf_count=26 21 45 24 36 141 70 27 21 20 32 93 3357 113 45
internal_value=0 -2.51987e-05 -7.70093e-05 1.1071e-07 2.25968e-05 -1.1201e-06 -8.07019e-05 0.000113446 0.000163194 0 -1.12389e-05 0 1.50636e-06 -3.6674e-05
internal_weight=4071 90 45 3981 333 3648 63 67 46 266 234 3585 3470 115
internal_count=4071 90 45 3981 333 3648 63 67 46 266 234 3585 3470 115
is_linear=0
shrinkage=0.03


Tree=215
num_leaves=18
num_cat=0
split_feature=34 32 33 35 32 36 34 0 19 5 22 31 32 34 33 31 32
split_gain=6.60083e-05 0.000863892 0.000508378 0.00059934 0.000342574 0.00029103 0.000423428 0.000263402 0.000330231 0.000244807 0.000252418 0.00019612 0.000193403 0.000124941 0.000229304 6.52715e-05 5.12264e-05
threshold=0.0014614877878944557 0.028841380838822043 0.0085793211699047873 0.013319324127549924 0.01436100919187089 0.013433413835975969 0.024117908142537673 26.824893951416019 41.620000076293955 13600052.500000002 42.192289148926903 -0.013998416260098677 0.032927220040433809 0.03103506201883344 0.05004174596912981 0.0074275877596518 0.0057845604949501314
decision_type=2 2 2 2 2 2 2 2 2 2 2 2 2 2 2 2 2
left_child=1 2 9 16 -5 7 -7 -2 15 11 -11 -1 -10 -8 -15 -9 -4
right_child=5 -3 3 4 -6 6 13 8 12 10 -12 -13 -14 14 -16 -17 -18
leaf_value=-1.7823871067002293e-05 6.4120279868768747e-05 -0.00014235397610220035 -2.415194165234501e-05 0.00015597846506336998 0 0.00010905719273919838 -6.3944226806420754e-05 -0.00014927419282841531 -1.1384793152934356e-05 4.8982461226706495e-06 -1.9775846543711747e-05 2.753159220627952e-05 2.4758059084819542e-05 6.3814589306139405e-05 0 0 2.1293204950539837e-05
leaf_weight=20 32 34 33 58 22 45 22 22 1729 708 591 490 99 56 31 20 59
leaf_count=20 32 34 33 58 22 45 22 22 1729 708 591 490 99 56 31 20 59
internal_value=0 3.43783e-06 7.46143e-06 5.73383e-05 0.000117465 -4.16057e-06 3.17468e-05 -8.64661e-06 -1.14994e-05 1.05794e-06 -4.01898e-06 1.98686e-05 -7.78509e-06 0 1.59227e-05 -0.000101498 0
internal_weight=4071 2015 1981 172 80 2056 154 1902 1870 1809 1299 510 1828 109 87 42 92
internal_count=4071 2015 1981 172 80 2056 154 1902 1870 1809 1299 510 1828 109 87 42 92
is_linear=0
shrinkage=0.03


Tree=216
num_leaves=21
num_cat=0
split_feature=25 36 1 5 24 27 28 28 35 25 29 25 36 20 35 21 25 31 5 33
split_gain=6.17836e-05 0.000331253 0.000377623 0.000251895 0.000511034 0.000481086 0.00066442 0.000528702 0.000381355 0.000308998 0.000296201 0.000294531 0.000284621 0.000195391 0.00033922 0.000317288 0.000548015 0.000254571 0.000189516 2.98556e-05
threshold=0.077008888488123137 -0.010498788779916045 61.574998855590827 49687500.000000007 -1.2272031637276082 -0.01077250542196955 1.0000000180025095e-35 -1320921214.4999998 0.021432371727872695 -0.040208695379177588 47.523285027766043 -0.30469410297049943 0.019868433153459934 49.254999923706059 0.019012835914265263 60.922499942779545 0.16184344429073119 0.0081161581309999748 21505529.500000004 0.012548370456085258
decision_type=2 2 2 2 2 2 2 2 2 2 2 2 2 2 2 2 2 2 2 2
left_child=3 2 -2 4 8 -5 7 -7 11 12 -11 -1 -6 14 18 16 -15 -17 -3 -16
right_child=1 13 -4 5 9 6 -8 -9 -10 10 -12 -13 -14 15 19 17 -18 -19 -20 -21
leaf_value=-1.2360794017820554e-05 -0.00013503146865386314 0 0 0 -8.2653136250607679e-06 0 0 -0.0002883407060202878 0.00016242775822355974 0 3.8260082678588296e-05 5.6604748110149047e-05 9.715900233418525e-05 -0.00010426676518460626 0 1.0311395586677444e-05 0 -2.2175750250049264e-05 9.7769198463395788e-05 -2.1144471263903084e-05
leaf_weight=50 37 64 49 37 1537 20 26 20 33 237 346 83 20 76 47 776 192 298 63 60
leaf_count=50 37 64 49 37 1537 20 26 20 33 237 346 83 20 76 47 776 192 298 63 60
internal_value=0 -4.81125e-06 -6.25255e-05 2.66661e-06 5.87151e-06 -3.9924e-05 -9.50604e-05 -0.000172649 5.69593e-05 5.04349e-07 2.029e-05 8.1486e-06 -4.9783e-06 0 2.33191e-05 -6.01471e-06 -3.53019e-05 0 5.83403e-05 0
internal_weight=4071 1662 86 2409 2306 103 66 40 166 2140 583 133 1557 1576 234 1342 268 1074 127 107
internal_count=4071 1662 86 2409 2306 103 66 40 166 2140 583 133 1557 1576 234 1342 268 1074 127 107
is_linear=0
shrinkage=0.03


Tree=217
num_leaves=21
num_cat=0
split_feature=34 32 36 35 32 35 35 36 36 34 27 35 0 21 2 0 5 32 34 5
split_gain=6.3805e-05 0.000820387 0.000284439 0.000469205 0.000934122 0.000717718 0.000367557 0.000388228 0.000271162 0.000398352 0.00025333 0.000402774 0.00104518 0.000266266 0.000239332 0.000117304 0.000238846 0.000157294 0.000114815 0.000207787
threshold=0.0014614877878944557 0.028841380838822043 -0.0079168673018036716 0.02056584416216602 -0.037270184988182735 0.01738148964697735 0.014937490915364846 -0.013230806826740757 0.013433413835975969 0.024117908142537673 0.79628139260777964 0.016456438441649766 31.253855705261234 53.597083346048997 82.52500152587892 41.755178451538093 29881464.000000004 0.0059040285149005731 0.03103506201883344 46701575.000000007
decision_type=2 2 2 2 2 2 2 2 2 2 2 2 2 2 2 2 2 2 2 2
left_child=1 2 6 5 -5 -4 14 -8 10 -10 11 12 -2 -13 -1 16 -12 -17 -11 -20
right_child=8 -3 3 4 -6 -7 7 -9 9 18 15 13 -14 -15 -16 17 -18 -19 19 -21
leaf_value=-9.1046862520777398e-05 -0.00014616441638766922 -0.00013854540088332185 1.4628635091045523e-05 -8.6404271822689813e-06 0.00012108623727180757 -5.9052861517124014e-05 -2.8664232090237401e-05 4.3352284303718921e-05 0.00010539063863624547 -6.1682810901813779e-05 3.265842641063316e-05 -4.8816245145330757e-06 -1.4545912763361869e-05 4.8261606899594054e-05 0 6.3251362123653773e-06 -2.8603127260974411e-06 -2.1699456351030295e-05 6.232410187880366e-05 0
leaf_weight=73 70 34 1376 25 102 120 139 125 45 22 284 99 732 108 21 174 114 321 53 34
leaf_count=73 70 34 1376 25 102 120 139 125 45 22 284 99 732 108 21 174 114 321 53 34
internal_value=0 3.39123e-06 7.34847e-06 1.36678e-05 7.19593e-05 6.70959e-06 -1.29187e-05 0 -4.08139e-06 3.04005e-05 -8.45196e-06 -1.89891e-05 -2.97908e-05 8.36944e-06 -6.44247e-05 9.5631e-08 1.49508e-05 -5.78972e-06 0 1.48656e-05
internal_weight=4071 2015 1981 1623 127 1496 358 264 2056 154 1902 1009 802 207 94 893 398 495 109 87
internal_count=4071 2015 1981 1623 127 1496 358 264 2056 154 1902 1009 802 207 94 893 398 495 109 87
is_linear=0
shrinkage=0.03


Tree=218
num_leaves=24
num_cat=0
split_feature=26 26 35 30 34 35 27 0 29 30 31 31 25 35 0 26 28 0 30 27 27 29 34
split_gain=6.13107e-05 0.000427961 0.000801518 0.000601874 0.00142337 0.000258598 0.000389549 0.000189233 0.000597093 0.000142287 0.000245535 0.000411041 0.000344687 0.000411939 0.000213601 0.000192033 0.000133039 0.000115476 9.71466e-05 9.00498e-05 6.27169e-05 4.15498e-05 9.61461e-06
threshold=1.393878332570696 1.5433447253019756 0.012476021766649725 51.103140342516724 -0.036914598792826041 0.022176786242234126 0.23132145487161457 31.151031494140629 43.476497367536957 7.715499018530215 -0.015468328920867134 -0.012926454962856824 -0.26217565552317962 0.013402681220637818 29.477478027343754 1.034998697903504 929142304.50000012 36.519456863403327 20.485087210190063 0.14958805109621839 0.6750899538447791 57.39507976350594 0.015969575963033725
decision_type=2 2 2 2 2 2 2 2 2 2 2 2 2 2 2 2 2 2 2 2 2 2 2
left_child=9 2 20 4 -4 7 18 8 -3 17 12 15 13 -11 -13 -12 -9 -1 -7 -14 -2 -8 -5
right_child=1 5 3 22 -6 6 21 16 -10 10 11 14 19 -15 -16 -17 -18 -19 -20 -21 -22 -23 -24
leaf_value=-0.00010023465320485603 4.2602318482042262e-05 0 0 0 -0.00032001129628492751 0 -3.9265821861631381e-05 2.1472511943033718e-05 -0.00014755378123984764 0 0 3.0230903990433291e-05 -2.1378628694185993e-05 0.00014023966205255927 0 -9.679642905771263e-05 -1.7452629027386576e-05 0 0.00015875473077243043 1.9860427895962657e-05 0 1.2483113822629196e-05 -1.7548258432097647e-05
leaf_weight=21 31 35 25 23 29 20 20 171 33 26 54 229 52 47 2777 56 134 24 26 145 24 41 28
leaf_count=21 31 35 25 23 29 20 20 171 33 26 54 229 52 47 2777 56 134 24 26 145 24 41 28
internal_value=0 -8.9083e-06 -5.2183e-05 -0.000104937 -0.000177215 0 4.52995e-05 -5.89464e-06 -5.18772e-05 1.13019e-06 2.68315e-06 0 3.01397e-05 8.71794e-05 2.38752e-06 -5.66072e-05 0 -4.89498e-05 0.000111231 0 0 0 0
internal_weight=4071 640 160 105 54 480 107 373 68 3431 3386 3116 270 73 3006 110 305 45 46 197 55 61 51
internal_count=4071 640 160 105 54 480 107 373 68 3431 3386 3116 270 73 3006 110 305 45 46 197 55 61 51
is_linear=0
shrinkage=0.03


Tree=219
num_leaves=25
num_cat=0
split_feature=20 21 19 20 31 24 30 32 31 24 23 3 1 30 32 5 0 19 5 3 4 30 24 24
split_gain=6.06379e-05 0.000475934 0.00059774 0.000213675 0.000184495 0.000555703 0.000355069 0.000330859 0.000312406 0.000469983 0.000451694 0.000177397 0.000210468 0.000292291 0.0002775 0.000186254 0.00017964 0.000139779 0.000379954 0.000421941 0.000183987 6.56937e-05 5.33893e-05 4.98327e-06
threshold=86.1924997329712 85.965416590372726 87.99500045776368 77.318749809265157 0.0059371379965620372 0.61493872893251333 85.688478097436743 0.031050328892619942 0.0019537313624142798 0.80928166562891302 -1.4060756821027878 81.224998474121108 84.625000000000014 62.753143096270442 0.013246916653404829 17102343.000000004 34.807294845581062 140.77000122070316 15269736.500000002 126.54999923706056 146.90000152587893 49.920445360001956 1.4400012800438724 0.88078381408677109
decision_type=2 2 2 2 2 2 2 2 2 2 2 2 2 2 2 2 2 2 2 2 2 2 2 2
left_child=3 2 23 4 8 6 -6 -7 9 -1 -10 15 13 -13 -14 21 -17 18 22 -20 -19 -5 -3 -2
right_child=1 17 -4 11 5 7 -8 -9 10 -11 -12 12 14 -15 -16 16 -18 20 19 -21 -22 -23 -24 -25
leaf_value=-1.1534544874580083e-05 -1.1146145533683892e-05 3.0829323521435113e-06 -0.00017281784065432374 -4.4326221267214101e-06 6.6760536668424282e-06 -7.5137450919372068e-05 -6.8230007698715203e-05 0 -6.0894095896322001e-05 3.1709355698131401e-05 3.9436593384077178e-05 -4.9362787822991095e-05 5.343228263332807e-05 0 0 0 6.3758605989974599e-05 -9.1041137005039215e-05 0 0.00017146705776088737 0 2.5858274250455857e-05 -2.476335378535407e-05 0
leaf_weight=1342 36 81 34 113 579 172 63 30 24 255 380 138 128 85 48 23 165 26 57 27 78 85 77 25
leaf_count=1342 36 81 34 113 579 172 63 30 24 255 380 138 128 85 48 23 165 26 57 27 78 85 77 25
internal_value=0 -1.08706e-05 -7.10789e-05 8.21434e-07 -2.1012e-06 -1.43454e-05 0 -5.77425e-05 1.56456e-06 -2.74964e-06 2.60389e-05 1.52337e-05 0 -1.81439e-05 2.56629e-05 2.97557e-05 5.20439e-05 0 1.76079e-05 7.04174e-05 -2.20777e-05 0 0 0
internal_weight=4071 441 95 3630 2845 844 642 202 2001 1597 404 785 399 223 176 386 188 346 242 84 104 198 158 61
internal_count=4071 441 95 3630 2845 844 642 202 2001 1597 404 785 399 223 176 386 188 346 242 84 104 198 158 61
is_linear=0
shrinkage=0.03


Tree=220
num_leaves=17
num_cat=0
split_feature=34 5 33 26 28 34 34 31 27 34 29 30 20 1 32 32
split_gain=6.06102e-05 0.000197178 0.000131274 0.000351479 0.000445645 0.000695772 0.000441531 0.000342082 0.000338153 0.000145595 0.000289174 0.000279681 0.000777397 0.000402298 0.000235718 0.000140435
threshold=0.079414432873510812 42119825.500000007 0.023605349196339279 1.0111195753076945 -230402862.99999997 0.025691723210734655 0.033483458198535716 -1.0000000180025095e-35 1.1486299207167572 0.0014614877878944557 66.854761388234252 54.391690969242049 68.226250267028817 58.925001144409187 0.027725035688828673 -1.0000000180025095e-35
decision_type=2 2 2 2 2 2 2 2 2 2 2 2 2 2 2 2
left_child=2 -2 9 6 5 -5 -4 -6 -8 10 14 12 -11 -13 -1 -12
right_child=1 -3 3 4 7 -7 8 -9 -10 11 15 13 -14 -15 -16 -17
leaf_value=2.2502701346046224e-06 0 -9.4282856530873832e-05 0 0 9.6964936266816926e-05 -0.00011493999574860001 0.00011876676974042881 0 0 -8.5082720383325877e-05 0.00012935918553189384 3.1417208579309045e-05 0 -1.1180746014343888e-05 -9.794893237581183e-05 0
leaf_weight=1918 34 26 78 33 42 71 80 208 20 148 24 245 142 961 21 20
leaf_count=1918 34 26 78 33 42 71 80 208 20 148 24 245 142 961 21 20
internal_value=0 -3.01271e-05 4.2601e-09 1.44957e-05 0 -5.48443e-05 4.90298e-05 1.87535e-05 9.08125e-05 -1.3498e-06 2.89645e-06 -8.98338e-06 -3.5831e-05 -3.76894e-08 0 7.92386e-05
internal_weight=4071 60 4011 532 354 104 178 250 100 3479 1983 1496 290 1206 1939 44
internal_count=4071 60 4011 532 354 104 178 250 100 3479 1983 1496 290 1206 1939 44
is_linear=0
shrinkage=0.03


Tree=221
num_leaves=26
num_cat=0
split_feature=29 27 22 29 24 30 32 22 23 23 27 30 5 22 31 28 24 24 24 26 32 31 34 34 26
split_gain=5.9759e-05 0.000249307 0.000253719 0.000244587 0.000397692 0.000632109 0.000301758 0.00024348 0.00023549 0.000734203 0.000231566 0.000217283 0.000208026 0.000164805 0.000163122 0.000161972 0.000150135 0.000141997 0.000247369 0.000134526 9.06424e-05 8.41384e-05 4.75299e-05 0.000145594 0.000110094
threshold=79.145765939958139 0.89703740445807301 61.775222745466763 66.854761388234252 0.040339062348771486 75.949603021756005 0.02459960409972262 53.324458148896056 -1.9164333259390351 -2.3515033974237372 0.87643333246839006 84.563649290282839 9350369.0000000019 43.311834414242391 0.0085200541631870203 959490219.00000012 -0.62242522180412518 -0.92454584895567182 -1.2533171581077376 1.1935584060365139 0.0079013319663453502 -0.0055453042821672063 0.037343730664356152 0.026602880190950588 0.90091342307097977
decision_type=2 2 2 2 2 2 2 2 2 2 2 2 2 2 2 2 2 2 2 2 2 2 2 2 2
left_child=3 7 -3 6 17 15 8 11 9 -1 13 20 -9 -8 -14 -6 -10 18 -5 -19 -2 -7 23 -4 -24
right_child=1 2 22 4 5 21 10 12 16 -11 -12 -13 14 -15 -16 -17 -18 19 -20 -21 -22 -23 24 -25 -26
leaf_value=0 -4.3759745898043166e-05 5.4739161024370987e-05 0 0 8.913992419425635e-05 1.9059165643918278e-05 0 0 -1.7833171017357848e-05 0.00012348985156153337 0 7.2227638945158594e-05 -1.8812793018042088e-05 -0.00010174615777399825 -0.00011498335075943187 0 1.2047907697071374e-06 -4.0413308853470489e-05 7.9636072406857983e-05 0 0 -2.7983469425962352e-05 4.7947238948954624e-05 -5.015341114008856e-05 0
leaf_weight=49 49 78 79 37 163 40 42 46 422 57 22 35 216 61 56 28 1962 129 41 44 56 78 43 69 169
leaf_count=49 49 78 79 37 163 40 42 46 422 57 22 35 216 61 56 28 1962 129 41 44 56 78 43 69 169
internal_value=0 -7.1895e-06 3.5974e-06 1.5333e-06 1.99707e-05 4.33664e-05 -1.26849e-06 -2.40527e-05 0 4.44866e-05 -4.69527e-05 0 -3.90132e-05 -6.85304e-05 -4.9673e-05 7.75814e-05 -9.07454e-07 0 2.20637e-05 -2.27737e-05 -1.08813e-05 0 0 -1.69952e-05 0
internal_weight=4071 896 438 3175 560 309 2615 458 2490 106 125 140 318 103 272 191 2384 251 78 173 105 118 360 148 212
internal_count=4071 896 438 3175 560 309 2615 458 2490 106 125 140 318 103 272 191 2384 251 78 173 105 118 360 148 212
is_linear=0
shrinkage=0.03


Tree=222
num_leaves=25
num_cat=0
split_feature=20 21 19 20 1 3 31 21 21 27 35 19 28 21 24 29 30 28 19 2 28 35 1 24
split_gain=5.61802e-05 0.000450536 0.000558209 0.000200232 0.000178987 0.000320947 0.000649395 0.000285099 0.000555169 0.000258411 0.000167783 0.000157376 0.00015462 0.000290114 0.000214819 0.000144435 0.000107314 0.00015301 0.000129512 8.40303e-05 7.84185e-05 7.72373e-05 5.11374e-05 4.63698e-06
threshold=86.1924997329712 85.965416590372726 87.99500045776368 77.318749809265157 67.375000000000014 70.02500152587892 0.0080344427165227623 64.242499955495205 68.590416685740166 0.11384081604073505 0.015682651712857733 83.264999389648452 938649228.00000012 132.03833312988283 0.86211794367214889 76.411907289843953 62.140301498178665 1007293177.0000001 80.615000915527361 142.90000152587893 30152430.000000004 0.01355798213090963 117.40000152587892 0.88078381408677109
decision_type=2 2 2 2 2 2 2 2 2 2 2 2 2 2 2 2 2 2 2 2 2 2 2 2
left_child=3 2 23 4 7 6 -6 9 -9 -1 16 20 14 -14 21 -7 18 -18 -5 -15 -12 -3 -16 -2
right_child=1 12 -4 10 5 15 -8 8 -10 -11 11 -13 13 19 22 -17 17 -19 -20 -21 -22 -23 -24 -25
leaf_value=-3.3757737127739743e-05 -1.0751903300893351e-05 0 -0.0001674271659659122 1.3463557380607756e-05 -7.8184914563214707e-08 1.1382201681547917e-05 -0.00011185659233756811 4.3793028546996702e-05 -2.6824160822568312e-05 1.5739664576184021e-08 0 0 -0.0001053248313848424 4.9593271646817031e-05 -7.5561208906339785e-06 -2.2779804099387156e-05 3.5182685376288888e-05 0 -1.8406626634745622e-05 -9.6140754340855762e-06 9.8312267239159055e-05 0.00012017295032598642 3.3767658622107567e-05 0
leaf_weight=214 36 30 34 168 250 358 83 360 83 1336 23 29 27 27 105 161 199 58 254 97 54 25 35 25
leaf_count=214 36 30 34 168 250 358 83 360 83 1336 23 29 27 27 105 161 199 58 254 97 54 25 35 25
internal_value=0 -1.04333e-05 -6.90554e-05 8.37581e-07 -1.9593e-06 -1.39757e-05 -3.69704e-05 1.67291e-06 2.37887e-05 -2.7137e-06 1.47942e-05 5.41125e-05 0 -1.61737e-05 2.25981e-05 0 4.23146e-06 2.05659e-05 0 0 7.65938e-05 7.29181e-05 0 0
internal_weight=4071 441 95 3630 2845 852 333 1993 443 1550 785 106 346 151 195 519 679 257 422 124 77 55 140 61
internal_count=4071 441 95 3630 2845 852 333 1993 443 1550 785 106 346 151 195 519 679 257 422 124 77 55 140 61
is_linear=0
shrinkage=0.03


Tree=223
num_leaves=24
num_cat=0
split_feature=25 5 25 24 19 34 32 36 29 29 31 35 32 26 35 32 25 34 2 5 35 33 31
split_gain=5.86495e-05 0.000298486 0.00039824 0.000345509 0.000423146 0.000274189 0.000265754 0.000273519 0.000312096 0.000249568 0.000224936 0.00038371 0.00021315 0.000270525 0.000214125 0.000563586 0.000281927 0.00017415 0.000162475 8.17718e-05 0.000311189 2.24224e-05 1.43078e-06
threshold=0.10876027739653966 29624162.000000004 0.22353461192468249 -0.32894423774202142 68.894998931884786 0.03103506201883344 -0.0013458842492734544 -0.009063274828788534 55.539898898558555 52.901630774262806 0.0049943910093485097 0.013970119914142662 0.02459960409972262 1.5119566025690505 0.021432371727872695 -0.037270184988182735 -0.31737233972977807 0.044139611498307703 59.925001144409187 51036642.500000007 0.013885264205090319 0.05004174596912981 0.019474622264323175
decision_type=2 2 2 2 2 2 2 2 2 2 2 2 2 2 2 2 2 2 2 2 2 2 2
left_child=5 6 3 -3 -5 12 7 8 -2 -9 11 -8 14 22 16 -16 -1 -7 -12 20 -4 -21 -14
right_child=1 2 19 4 -6 17 10 9 -10 -11 18 -13 13 -15 15 -17 -18 -19 -20 21 -22 -23 -24
leaf_value=-2.1082717532297886e-05 -0.0001823450965240403 0 1.2624726824575846e-06 -0.00020893262045673568 0 7.2653173253690187e-05 1.360454198480265e-07 2.3897879199289159e-05 0 -2.7586848233912183e-05 2.7738969776416297e-05 7.4252453996574919e-05 -5.5974124132886646e-06 -0.00012783111371809144 -1.9423901644740068e-05 6.0847779351034089e-05 4.7921177697949013e-06 0 -1.6558879899617573e-05 4.0700841991112839e-05 -5.4121238200390848e-05 0 0
leaf_weight=487 20 23 59 31 24 79 342 112 22 211 83 117 41 26 62 185 1621 41 300 22 115 21 27
leaf_count=487 20 23 59 31 24 79 342 112 22 211 83 117 41 26 62 185 1621 41 300 22 115 21 27
internal_value=0 -5.0798e-06 -3.2275e-05 -9.23317e-05 -0.000133144 2.33637e-06 0 -1.96749e-05 -9.59307e-05 -4.47637e-07 1.07794e-05 2.5575e-05 0 -4.41018e-05 1.93444e-06 2.85581e-05 0 4.6599e-05 0 0 -1.81203e-05 1.95244e-05 0
internal_weight=4071 1502 295 78 55 2569 1207 365 42 323 842 459 2449 94 2355 247 2108 120 383 217 174 43 68
internal_count=4071 1502 295 78 55 2569 1207 365 42 323 842 459 2449 94 2355 247 2108 120 383 217 174 43 68
is_linear=0
shrinkage=0.03


Tree=224
num_leaves=21
num_cat=0
split_feature=25 25 35 33 32 23 29 22 36 32 35 24 5 24 36 22 30 34 23 34
split_gain=5.71756e-05 0.000531385 0.000660894 0.00139139 0.000222083 0.000337927 0.000196683 0.000166771 0.000500335 0.000301549 0.000153489 0.000474383 0.00113587 0.000475265 0.00030933 0.000304822 0.000189688 3.20757e-05 0.000229875 2.0091e-06
threshold=-0.52027131783085767 -0.40533074343966341 0.016909859650996662 -0.021858703683037935 0.0016353336491351513 -0.1212309764109598 26.419364436490181 31.636248248668988 -0.008352976900993998 -0.011927280772365654 0.01454168615908606 -0.77471572696320723 22618188.000000004 -0.62242522180412518 -0.006892571300954233 52.749499153502619 29.477796905201487 -0.038004522292366054 -1.0415260429431112 -0.016729126697888005
decision_type=2 2 2 2 2 2 2 2 2 2 2 2 2 2 2 2 2 2 2 2
left_child=4 2 17 -4 5 7 -6 8 -1 -9 14 12 -12 -13 15 -3 -16 -2 -19 -8
right_child=1 10 3 -5 6 -7 19 9 -10 -11 11 13 -14 -15 16 -17 -18 18 -20 -21
leaf_value=0 0 -7.6668786832586436e-05 -0.00030478805737232278 0 -8.0951169216067798e-05 9.9757739857004817e-05 9.0453626782363579e-06 -9.664906094587911e-05 0.0001116894018847806 0 0.00011706487903292688 -7.9159548499057716e-05 0 5.594320168110439e-06 1.8956263971615745e-05 0 -4.124538216379933e-06 -9.1596324550065786e-05 0 0
leaf_weight=20 30 98 25 20 27 55 22 33 45 29 114 64 149 833 383 62 1943 28 57 34
leaf_count=20 30 98 25 20 27 55 22 33 45 29 114 64 149 833 383 62 1943 28 57 34
internal_value=0 -1.31279e-06 -5.50183e-05 -0.000154707 1.3014e-05 3.66199e-05 -2.62897e-06 0 4.15335e-05 -2.46699e-05 2.22657e-07 9.93103e-06 4.5361e-05 0 -3.1009e-06 -4.34535e-05 0 0 -1.84181e-05 0
internal_weight=4071 3806 160 45 265 182 83 127 65 62 3646 1160 263 897 2486 160 2326 115 85 56
internal_count=4071 3806 160 45 265 182 83 127 65 62 3646 1160 263 897 2486 160 2326 115 85 56
is_linear=0
shrinkage=0.03


Tree=225
num_leaves=25
num_cat=0
split_feature=29 33 0 32 19 32 29 31 23 20 24 28 36 30 31 30 34 0 22 1 23 31 32 24
split_gain=5.58372e-05 0.000253759 0.00054921 0.000499592 0.000392074 0.000417218 0.000294329 0.000242759 0.000658879 0.000594083 0.000444153 0.000711014 0.000282685 0.000252267 0.000238268 0.000243855 0.000187938 0.000155365 0.000686413 0.000628316 0.000201128 0.00011754 0.000102545 5.48171e-05
threshold=79.145765939958139 0.014277367150227762 31.514273643493656 0.043808048710053178 61.019999694824229 0.027725035688828673 60.745662365339776 -0.0040756739887924378 0.57043794992816299 85.933750152587905 0.71673562380006828 320907784.00000006 -0.01915266245381975 26.743550336775169 -0.0095360220073436568 88.1971530531561 0.0054032963028625156 32.65288162231446 57.954292673297473 50.574998855590827 -0.32521169189328342 -0.0055453042821672063 0.0079013319663453502 0.15010192504559494
decision_type=2 2 2 2 2 2 2 2 2 2 2 2 2 2 2 2 2 2 2 2 2 2 2 2
left_child=1 7 3 16 5 -4 -6 8 9 -1 13 -12 -10 -9 15 -2 -3 18 19 -16 22 -22 -19 -20
right_child=14 2 4 -5 6 -7 -8 10 12 -11 11 -13 -14 -15 17 -17 -18 20 23 -21 21 -23 -24 -25
leaf_value=8.475346172137816e-08 -0.00015039235782992729 0 0 0 0 -0.00012778275048659291 5.5421105788106258e-05 1.9780855577265763e-05 0 -0.00011304216355421621 -8.9617122657981529e-05 0 5.6894201608053963e-05 -9.8513936921714732e-06 0 0 0.00016075410416162967 0 4.0485189436312966e-05 -0.00021688760668196749 3.6221429980715886e-05 -8.6524248893330469e-06 6.2112145991367179e-05 0
leaf_weight=821 21 26 81 21 76 34 142 375 20 42 147 226 285 827 21 20 52 34 30 28 47 591 71 33
leaf_count=821 21 26 81 21 76 34 142 375 20 42 147 226 285 827 21 20 52 34 30 28 47 591 71 33
internal_value=0 1.47701e-06 2.3236e-05 8.5685e-05 0 -3.96885e-05 2.80469e-05 -8.56915e-07 8.21102e-06 -1.95746e-06 -9.48631e-06 -3.8096e-05 4.68069e-05 0 -6.95344e-06 -7.91942e-05 0.000122773 0 -3.51592e-05 -0.000124114 1.29895e-06 -6.40055e-07 4.16144e-05 0
internal_weight=4071 3175 432 99 333 115 218 2743 1168 863 1575 373 305 1202 896 41 78 855 112 49 743 638 105 63
internal_count=4071 3175 432 99 333 115 218 2743 1168 863 1575 373 305 1202 896 41 78 855 112 49 743 638 105 63
is_linear=0
shrinkage=0.03


Tree=226
num_leaves=26
num_cat=0
split_feature=25 25 22 0 36 20 25 27 35 35 35 32 25 35 33 32 20 36 25 22 1 33 35 27 35
split_gain=5.42805e-05 0.000281358 0.000427075 0.000846201 0.000188582 0.000252927 0.000185919 0.000262851 0.000181617 0.000169126 0.000559389 0.000509889 0.00035916 0.000661694 0.000255673 0.000426534 0.000225122 0.000197092 0.00026058 0.000156581 5.59206e-05 2.44661e-05 5.10325e-06 3.24032e-05 2.81168e-05
threshold=0.10876027739653966 0.16184344429073119 57.248457894455974 39.806510925292976 -0.01019453323882618 61.064999771118174 0.29613172378970654 0.79628139260777964 0.0069977912016745284 0.012658253461622424 0.011098745066895387 -0.05483290939265794 -0.40533074343966341 0.022176786242234126 -0.0067488309236985447 0.0014765388465142195 37.822499752044685 -0.0048628364537953873 -0.22205359807665745 43.311834414242391 61.725000381469734 0.0052485709444891624 0.013617845580507921 0.55685896912603594 0.011046109991785171
decision_type=2 2 2 2 2 2 2 2 2 2 2 2 2 2 2 2 2 2 2 2 2 2 2 2 2
left_child=9 2 22 -4 5 -3 8 -8 -6 10 17 -11 13 -13 20 -16 -14 18 -1 -19 -12 -5 24 -24 -2
right_child=1 4 3 21 6 -7 7 -9 -10 11 14 12 16 -15 15 -17 -18 19 -20 -21 -22 -23 23 -25 -26
leaf_value=-9.8509284547500066e-05 0 -0.000110360972843076 -0.00018918371999733836 -3.0226996492138471e-05 0 0 -3.4599654238679696e-05 4.1272556267143021e-06 2.8733656520177053e-05 -8.0093574445919008e-05 -3.8909484798504275e-05 -4.9254023156732614e-05 0 5.4024115979467041e-05 -0.0001508739310246323 0 3.3069824877893439e-05 2.4768521060324673e-05 0 0 4.8995782640903399e-06 0 0 3.9069312618048725e-05 -3.0022056049748493e-05
leaf_weight=34 69 31 40 24 62 34 194 491 418 41 32 164 49 70 49 95 792 382 75 714 72 64 25 22 28
leaf_count=34 69 31 40 24 62 34 194 491 418 41 32 164 49 70 49 95 792 382 75 714 72 64 25 22 28
internal_value=0 -4.89742e-06 -3.26041e-05 -7.25157e-05 0 -4.81851e-05 3.99279e-06 -2.46518e-06 1.94561e-05 2.23428e-06 -2.95822e-06 1.16824e-05 1.79802e-05 -5.53394e-06 -4.50569e-05 -7.13593e-05 2.80894e-05 3.21967e-06 -2.97234e-05 9.23533e-06 0 0 0 9.85117e-06 -4.76834e-07
internal_weight=4071 1502 272 128 1230 65 1165 685 480 2569 1453 1116 1075 234 248 144 841 1205 109 1096 104 88 144 47 97
internal_count=4071 1502 272 128 1230 65 1165 685 480 2569 1453 1116 1075 234 248 144 841 1205 109 1096 104 88 144 47 97
is_linear=0
shrinkage=0.03


Tree=227
num_leaves=18
num_cat=0
split_feature=25 25 34 27 32 24 5 29 32 5 25 29 34 25 1 36 34
split_gain=5.78723e-05 0.000483826 0.000528292 0.00124351 0.000214963 0.000303109 0.000192227 0.000185631 0.000174587 0.000160793 0.000128221 0.000127592 0.000324688 0.000172604 9.56726e-05 1.35165e-05 2.02072e-06
threshold=-0.52027131783085767 -0.40533074343966341 -0.0060526917334891009 0.19560929503709396 0.0016353336491351513 -0.61074891505207496 19508568.000000004 26.419364436490181 -0.01554913015629533 14072476.000000002 -0.38172939580135029 11.286483476432782 -0.034060878285162403 -0.20033427950959276 77.674999237060561 -0.0066218034129261645 -0.016729126697888005
decision_type=2 2 2 2 2 2 2 2 2 2 2 2 2 2 2 2 2
left_child=4 2 3 8 5 15 9 -6 -2 -7 14 13 -13 -12 -3 -1 -9
right_child=1 10 -4 -5 7 6 -8 16 -10 -11 11 12 -14 -15 -16 -17 -18
leaf_value=-2.4601105399040577e-05 -5.544831683611928e-05 8.4681573198168615e-05 0 -0.00029656221574382525 -7.8577848044962274e-05 6.5514838334590302e-05 9.2368364478644566e-05 9.0714915704542502e-06 0 -4.3214444456647277e-05 0 4.0993387972798032e-05 -7.800328584132782e-07 -6.9937006494113493e-05 0 0 0
leaf_weight=20 53 28 37 23 27 24 80 22 47 22 76 173 3294 55 20 36 34
leaf_count=20 53 28 37 23 27 24 80 22 47 22 76 173 3294 55 20 36 34
internal_value=0 -1.42117e-06 -5.26102e-05 -8.63838e-05 1.29412e-05 3.6122e-05 6.36207e-05 -1.77011e-06 -7.8248e-06 0 3.78259e-09 0 4.40267e-07 -2.95091e-05 4.89811e-05 0 0
internal_weight=4071 3806 160 123 265 182 126 83 100 46 3646 3598 3467 131 48 56 56
internal_count=4071 3806 160 123 265 182 126 83 100 46 3646 3598 3467 131 48 56 56
is_linear=0
shrinkage=0.03


Tree=228
num_leaves=14
num_cat=0
split_feature=5 21 29 34 24 34 32 5 35 19 23 20 34
split_gain=5.61238e-05 0.00020904 0.000214938 0.000173204 0.00069042 0.000416589 0.000721478 0.000241233 0.000321882 0.000233127 0.000162396 0.000282268 0.00020279
threshold=62517113.000000007 57.701666704813647 46.927861494644183 -0.039974652829509953 -0.97490506751166206 -0.036236838796095565 -0.017293903797099049 44476170.500000007 0.016378645931106484 61.260000228881843 -1.8066122250045458 73.272499847412121 0.094309423709210152
decision_type=2 2 2 2 2 2 2 2 2 2 2 2 2
left_child=3 2 -2 4 9 6 -5 8 -6 -1 11 -7 -12
right_child=1 -3 -4 5 7 10 -8 -9 -10 -11 12 -13 -14
leaf_value=0.00015854782727814953 -0.00014310075705170286 0 0 -0.00022620296989717004 0 -6.6419956517352495e-05 0 7.6763380936860476e-05 -5.8411751871853047e-05 0 2.8467479166226022e-06 0 -8.753688011751001e-05
leaf_weight=39 21 45 24 20 141 89 43 32 93 28 3449 26 21
leaf_count=39 21 45 24 20 141 89 43 32 93 28 3449 26 21
internal_value=0 -2.36752e-05 -7.27414e-05 4.72803e-08 2.13392e-05 -1.07449e-06 -7.75151e-05 0 -1.09281e-05 0.000107336 0 -3.47553e-05 1.43272e-06
internal_weight=4071 90 45 3981 333 3648 63 266 234 67 3585 115 3470
internal_count=4071 90 45 3981 333 3648 63 266 234 67 3585 115 3470
is_linear=0
shrinkage=0.03


Tree=229
num_leaves=22
num_cat=0
split_feature=25 25 35 33 30 30 27 33 35 24 5 24 36 22 21 23 24 25 27 27 23
split_gain=5.26845e-05 0.000447715 0.000605702 0.00130691 0.000208825 0.000663328 0.00015349 0.000679114 0.000135036 0.000450614 0.00106495 0.000445116 0.000288606 0.000285322 0.000207058 9.93899e-05 0.000102289 5.6997e-05 2.16527e-05 1.34086e-05 5.87204e-05
threshold=-0.52027131783085767 -0.40533074343966341 0.016909859650996662 -0.023147587670907851 20.485087210190063 26.123645540196929 -0.021924382210808242 -0.027506107662314924 0.01454168615908606 -0.77471572696320723 22618188.000000004 -0.62242522180412518 -0.006892571300954233 52.749499153502619 46.558749866485606 0.22503038518501486 -0.7532387914886628 -0.66446016691574405 0.13481966317745162 0.011693922936779172 -1.0415260429431112
decision_type=2 2 2 2 2 2 2 2 2 2 2 2 2 2 2 2 2 2 2 2 2
left_child=4 2 19 -4 6 -6 -1 -8 12 10 -10 -11 13 -3 -14 16 -7 -17 -9 -2 -21
right_child=1 8 3 -5 5 15 7 18 9 11 -12 -13 14 -15 -16 17 -18 -19 -20 20 -22
leaf_value=3.0897093785292587e-05 0 -7.4217970298235772e-05 -0.00029737913743418899 0 0.00014915578951870876 0 -0.0001392756137243664 2.3905632012357104e-05 0.00011318460010636131 -7.7059109762998206e-05 0 4.8962144532224127e-06 4.0689993295241471e-05 0 -2.3571584959821131e-06 0 -6.0151309316229606e-05 7.2554794258312925e-05 0 -4.4970087485091977e-05 0
leaf_weight=31 28 98 24 21 37 24 37 34 114 64 149 833 105 62 2221 20 35 20 27 32 55
leaf_count=31 28 98 24 21 37 24 37 34 114 64 149 833 105 62 2221 20 35 20 27 32 55
internal_value=0 -1.35353e-06 -5.06002e-05 -0.000145521 1.23514e-05 4.09642e-05 0 -3.32494e-05 0 9.17709e-06 4.37355e-05 0 -3.09599e-06 -4.20861e-05 0 0 -2.43139e-05 3.68704e-05 0 0 -1.17707e-05
internal_weight=4071 3806 160 45 265 136 129 98 3646 1160 263 897 2486 160 2326 99 59 40 61 115 87
internal_count=4071 3806 160 45 265 136 129 98 3646 1160 263 897 2486 160 2326 99 59 40 61 115 87
is_linear=0
shrinkage=0.03


Tree=230
num_leaves=25
num_cat=0
split_feature=34 32 33 35 32 30 35 19 27 35 0 32 2 32 32 0 0 23 30 3 29 29 32 35
split_gain=5.76959e-05 0.00071092 0.000457055 0.000426291 0.000529593 0.000238883 0.000269342 0.000254863 0.000228668 0.000456294 0.000808151 0.00160483 0.000291814 0.000366536 0.00028154 0.000231101 0.000212439 0.000261133 0.000367918 0.000136756 0.000184119 0.000123506 5.23915e-05 4.35907e-05
threshold=0.0014614877878944557 0.028841380838822043 0.0081327929907109037 0.013319324127549924 0.01436100919187089 44.188463675548739 0.016378645931106484 57.820000076293951 0.79628139260777964 0.016456438441649766 31.253855705261234 0.021338772679130095 49.475000381469734 -0.0051349077717227068 1.0000000180025095e-35 32.400531768798835 41.755178451538093 1.2023920650494733 87.16217218990802 71.974998474121108 95.047529367128973 82.955298062305602 0.0057845604949501314 0.017772702574698488
decision_type=2 2 2 2 2 2 2 2 2 2 2 2 2 2 2 2 2 2 2 2 2 2 2 2
left_child=1 2 5 22 -5 6 -1 -7 9 10 11 -2 15 -14 -12 -11 17 18 -10 20 -18 -21 -4 -19
right_child=8 -3 3 4 -6 7 -8 -9 16 12 14 -13 13 -15 -16 -17 19 23 -20 21 -22 -23 -24 -25
leaf_value=5.5071698407083098e-07 -0.00024436306738180623 -0.00012868471044777001 -1.7784069357917472e-05 0.00015203221940527362 0 -3.5577334132672734e-06 -2.8508921004025515e-05 3.0816209046964253e-05 5.6722720122044606e-05 0 -3.6084882671851011e-05 0 0 7.359084556462604e-05 0 -8.5045306105646727e-05 -3.9513180230388183e-05 0 0 2.552123241015912e-05 0 -6.5559380235709474e-06 2.4094279272850725e-05 -3.2518545053949487e-05
leaf_weight=921 44 34 35 59 27 107 333 437 238 78 290 27 41 117 448 29 191 100 76 160 20 160 62 37
leaf_count=921 44 34 35 59 27 107 333 437 238 78 290 27 41 117 448 29 191 100 76 160 20 160 62 37
internal_value=0 3.14345e-06 6.92671e-06 5.25551e-05 0.000101635 6.11576e-07 -4.77558e-06 1.85421e-05 -3.94595e-06 -1.42953e-05 -2.69128e-05 -0.000129318 1.29028e-05 4.38708e-05 -1.29802e-05 -4.81278e-06 4.31864e-06 2.10526e-05 3.72123e-05 -4.24683e-06 -2.50679e-05 1.13538e-07 0 0
internal_weight=4071 2015 1981 183 86 1798 1254 544 2056 1074 809 71 265 158 738 107 982 451 314 531 211 320 97 137
internal_count=4071 2015 1981 183 86 1798 1254 544 2056 1074 809 71 265 158 738 107 982 451 314 531 211 320 97 137
is_linear=0
shrinkage=0.03


Tree=231
num_leaves=21
num_cat=0
split_feature=34 27 27 35 35 32 22 34 36 35 35 35 32 35 30 30 29 25 25 36
split_gain=5.63208e-05 0.000405604 0.000632236 0.000348662 0.0010782 0.000516812 0.000653071 0.000346057 0.000788798 0.000172452 0.000154099 0.000406331 0.000426406 0.000246368 0.000318492 0.000128494 0.000116587 9.15529e-05 6.66723e-05 1.91084e-06
threshold=-0.039974652829509953 0.089751644933610236 0.32059386717814542 0.019395036305318285 0.016178143125893819 -0.037270184988182735 32.981435413461718 -0.036236838796095565 0.0012062559443112382 0.010066120289839593 0.027976505429742761 0.034698902335855285 0.025369138385615168 0.022667221197948995 87.393249244022329 29.847885683011338 14.186273718820333 -0.56672955104242673 0.0078093258440953281 -0.006892571300954233
decision_type=2 2 2 2 2 2 2 2 2 2 2 2 2 2 2 2 2 2 2 2
left_child=1 3 9 4 19 16 -7 8 -2 -3 13 12 -12 15 -15 -9 -5 -11 -13 -1
right_child=7 2 -4 5 -6 6 -8 10 -10 17 11 18 -14 14 -16 -17 -18 -19 -20 -21
leaf_value=0 -0.00016894216339814622 0 0 -7.2251777685900659e-05 -0.00018632924440913857 0.00019280804049131222 0 1.2275471629896539e-05 0 0 -0.0001234342946380462 4.794833894307863e-05 0 6.3178433799274833e-05 0 -3.3711373934040667e-06 0 0.00014703566955687617 0 4.5767982327861384e-06
leaf_weight=23 36 20 34 20 35 30 20 557 28 20 58 26 21 128 20 2789 28 56 40 82
leaf_count=23 36 20 34 20 35 30 20 557 28 20 58 26 21 128 20 2789 28 56 40 82
internal_value=0 1.0645e-05 5.58793e-05 -1.47612e-06 -4.2094e-05 2.59521e-05 0.00010297 -1.55698e-06 -7.07028e-05 0.000100739 0 -3.05869e-05 -7.96205e-05 9.17134e-07 3.89489e-05 0 0 0.000121881 0 0
internal_weight=4071 368 130 238 140 98 50 3703 64 96 3639 145 79 3494 148 3346 48 76 66 105
internal_count=4071 368 130 238 140 98 50 3703 64 96 3639 145 79 3494 148 3346 48 76 66 105
is_linear=0
shrinkage=0.03


Tree=232
num_leaves=28
num_cat=0
split_feature=26 26 22 22 31 27 26 27 22 34 0 19 36 36 4 24 5 24 34 26 5 36 5 29 22 36 23
split_gain=5.3958e-05 0.000399903 0.000281711 0.000511923 0.000451556 0.000435729 0.000314537 0.000306351 0.000277947 0.000323026 0.000132221 0.00039588 0.000475192 0.000603118 0.000474366 0.000432386 0.000145496 0.000134828 0.000175527 0.000170058 0.000320551 0.00027076 0.000123103 9.21075e-05 7.63987e-05 0.000113435 2.72784e-05
threshold=1.393878332570696 1.5433447253019756 41.055812567955776 49.479633033557946 -0.0068328631579565582 0.73086778344445713 1.9422956554338071 0.20217229805076478 43.898091527793589 -0.036914598792826041 33.865350723266609 57.275000000000013 0.0029721871904540716 0.0078504941804656541 47.324998855590827 0.15010192504559494 15366243.500000002 -1.0123414868995761 0.011206855970927189 0.96760726665183217 13600052.500000002 0.0016769320454548731 19163145.000000004 46.927861494644183 55.717477346729517 -1.0000000180025095e-35 1.1612684636221859
decision_type=2 2 2 2 2 2 2 2 2 2 2 2 2 2 2 2 2 2 2 2 2 2 2 2 2 2 2
left_child=10 8 4 7 -3 -5 -6 -4 9 -2 11 12 14 -14 -1 22 -17 18 -12 21 -21 -19 -13 -11 25 -10 -26
right_child=1 2 3 5 6 -7 -8 -9 24 23 17 15 13 -15 -16 16 -18 19 -20 20 -22 -23 -24 -25 26 -27 -28
leaf_value=0 0 0 0 6.0137505358091796e-05 0.00017517332102874434 -1.2614939225165327e-05 0 -9.9941598025897626e-05 7.3094329407522027e-05 -0.00022622130854652996 0 0.0001023344466624725 9.8838506245103365e-05 0 -8.2550972434902161e-05 -3.5254400238621554e-05 3.4239914083175778e-05 1.501203153210596e-05 5.8012292855502374e-05 4.3615558331890993e-06 -2.4253983926401349e-05 -1.1802826792227863e-05 0 0 0 0 -5.6988115347681273e-05
leaf_weight=231 30 69 24 103 30 157 22 75 20 20 99 93 78 133 93 58 50 756 72 361 803 546 58 20 21 22 27
leaf_count=231 30 69 24 103 30 157 22 75 20 20 99 93 78 133 93 58 50 756 72 361 803 546 58 20 21 22 27
internal_value=0 -8.38034e-06 0 -7.34695e-06 4.39725e-05 4.68424e-06 0.000110882 -6.91893e-05 -5.02875e-05 -9.66647e-05 1.02544e-06 1.22283e-05 0 3.2294e-05 -2.53038e-05 4.28183e-05 0 -1.21046e-06 2.22457e-05 -4.05431e-06 -1.28025e-05 1.46308e-06 7.56259e-05 -0.000153573 0 1.12183e-05 -3.63228e-05
internal_weight=4071 640 480 359 121 260 52 99 160 70 3431 794 535 211 324 259 108 2637 171 2466 1164 1302 151 40 90 42 48
internal_count=4071 640 480 359 121 260 52 99 160 70 3431 794 535 211 324 259 108 2637 171 2466 1164 1302 151 40 90 42 48
is_linear=0
shrinkage=0.03


Tree=233
num_leaves=20
num_cat=0
split_feature=25 25 34 26 23 32 23 22 36 29 25 29 34 22 1 33 22 21 34
split_gain=5.3494e-05 0.000414347 0.000488344 0.00077518 0.000880989 0.000203329 0.000318231 0.000224086 0.000414987 0.000171465 0.000118306 0.000112697 0.000305041 0.000173147 8.97779e-05 7.89603e-05 4.5757e-05 3.73987e-05 1.84103e-06
threshold=-0.52027131783085767 -0.40533074343966341 -0.0019446120876892568 1.1834621494409505 -1.0607933944829779 0.0016353336491351513 -0.58293104662474338 31.636248248668988 -0.0072626811692687128 26.419364436490181 -0.38172939580135029 11.286483476432782 -0.034060878285162403 36.037441763764441 77.674999237060561 -0.016359500805088575 41.54682065587842 116.61583328247072 -0.016729126697888005
decision_type=2 2 2 2 2 2 2 2 2 2 2 2 2 2 2 2 2 2 2
left_child=5 2 3 15 -5 6 7 8 -1 -7 14 13 -13 -12 -3 -2 -8 -18 -11
right_child=1 10 -4 4 -6 9 16 -9 -10 18 11 12 -14 -15 -16 -17 17 -19 -20
leaf_value=0 9.4211762334107248e-06 8.1637026232524743e-05 0 0 -0.00026026042172810898 -7.5480197536985876e-05 0.00011449025408807265 -5.8326419648223028e-05 0.00010411845183638976 8.6587529057400787e-06 -6.0539743759252196e-05 3.9678392309894818e-05 -8.4495585640733192e-07 0 0 -4.5100602917823358e-05 0 4.0921484217492488e-05 0
leaf_weight=20 42 28 28 23 34 27 42 38 41 22 70 173 3294 61 20 33 21 20 34
leaf_count=20 42 28 28 23 34 27 42 38 41 22 70 173 3294 61 20 33 21 20 34
internal_value=0 -1.33716e-06 -4.87007e-05 -7.87501e-05 -0.000162989 1.24875e-05 3.50929e-05 0 3.43426e-05 -9.62371e-07 0 0 3.1293e-07 -2.77683e-05 4.70492e-05 0 7.83913e-05 0 0
internal_weight=4071 3806 160 132 57 265 182 99 61 83 3646 3598 3467 131 48 75 83 41 56
internal_count=4071 3806 160 132 57 265 182 99 61 83 3646 3598 3467 131 48 75 83 41 56
is_linear=0
shrinkage=0.03


Tree=234
num_leaves=17
num_cat=0
split_feature=5 21 29 33 36 32 24 35 36 35 30 35 25 36 36 36
split_gain=5.32317e-05 0.000199474 0.000194556 0.000153444 0.000566858 0.000439736 0.000593395 0.00108296 0.000357789 0.000301248 0.000499428 0.000209807 0.000457691 0.000394833 6.03419e-05 3.43323e-06
threshold=62517113.000000007 57.701666704813647 46.927861494644183 -0.034336216470596863 -0.0011491291628928332 -0.021789088866418557 1.0390683824719 0.012263668626560186 0.00079937930364603672 0.014937490915364846 56.772381535372311 0.012783364261995901 0.071126645613588932 0.0062893600448561951 0.010573487872808325 -0.006892571300954233
decision_type=2 2 2 2 2 2 2 2 2 2 2 2 2 2 2 2
left_child=3 2 -2 4 9 6 7 -5 -6 15 -11 13 -13 -7 -10 -1
right_child=1 -3 -4 5 8 11 -8 -9 14 10 -12 12 -14 -15 -16 -17
leaf_value=-3.3074023841476321e-07 -0.00013811589028880493 0 0 0 -0.00011667065482289061 0 1.1828756960539405e-05 -0.0001300819287156349 3.0313576198612023e-05 0.00013373922632209243 0 2.7979894798300255e-05 -3.5954310578836419e-06 -4.0567925307236966e-05 0 1.0128262347581966e-05
leaf_weight=20 21 45 24 61 24 1909 40 112 59 76 21 721 648 235 25 30
leaf_count=20 21 45 24 61 24 1909 40 112 59 76 21 721 648 235 25 30
internal_value=0 -2.30515e-05 -7.10084e-05 8.97793e-08 2.31233e-05 -6.82035e-07 -4.29861e-05 -7.29906e-05 -7.47505e-06 6.59878e-05 9.68959e-05 1.03015e-06 1.08437e-05 -3.83709e-06 0 0
internal_weight=4071 90 45 3981 255 3726 213 173 108 147 97 3513 1369 2144 84 50
internal_count=4071 90 45 3981 255 3726 213 173 108 147 97 3513 1369 2144 84 50
is_linear=0
shrinkage=0.03


Tree=235
num_leaves=21
num_cat=0
split_feature=28 20 5 24 0 28 24 25 22 3 22 36 1 36 21 23 28 0 33 33
split_gain=5.2913e-05 0.000379352 0.000480816 0.000369756 0.000767998 0.000546845 0.000295028 0.000306635 0.000272995 0.000244158 0.000816402 0.000886007 0.000771758 0.000355083 0.000289939 0.00019565 0.000180089 0.000124499 0.000112701 6.22238e-05
threshold=-1157915203.4999998 49.585000324249272 17900112.000000004 -0.09382896841444513 32.400531768798835 -1757701034.9999998 -0.77471572696320723 0.19645084698572918 53.665260164161417 54.250000000000007 35.778437429462379 0.0027829692628069695 57.925001144409187 0.00089244528972005856 56.162916882832853 0.71607140266274183 -55387278.999999993 30.287271499633793 -0.0074942387525761536 0.0094280675393788611
decision_type=2 2 2 2 2 2 2 2 2 2 2 2 2 2 2 2 2 2 2 2
left_child=3 2 -2 4 6 8 7 -1 -5 10 -3 -12 13 -11 -14 19 -4 -8 -17 -7
right_child=1 9 16 5 -6 15 17 -9 -10 12 11 -13 14 -15 -16 18 -18 -19 -20 -21
leaf_value=6.3577802381452409e-05 0 5.9515603054600677e-05 0.00012291795999719424 0 -0.00018616161754345551 3.2793599875640361e-05 -6.2766206942118052e-05 -4.6205051602846362e-06 0.00018118472998151431 0.00011687781715596865 -0.00012561751950097667 0 -6.8190230455661576e-05 0 0 0 0 0 -7.0499248306713262e-05 0
leaf_weight=72 55 39 62 20 30 60 93 44 23 74 102 85 57 61 3030 20 26 27 54 37
leaf_count=72 55 39 62 20 30 60 93 44 23 74 102 85 57 61 3030 20 26 27 54 37
internal_value=0 8.1271e-07 4.899e-05 -9.70828e-06 -3.66567e-05 9.77765e-06 -4.87453e-06 1.1888e-05 0.000109059 -3.16681e-07 -3.10114e-05 -6.59473e-05 9.06161e-07 7.16034e-05 -1.21599e-06 0 9.38626e-05 -4.60539e-05 -4.75377e-05 9.42823e-06
internal_weight=4071 3591 143 480 266 214 236 116 43 3448 226 187 3222 135 3087 171 88 120 74 97
internal_count=4071 3591 143 480 266 214 236 116 43 3448 226 187 3222 135 3087 171 88 120 74 97
is_linear=0
shrinkage=0.03


Tree=236
num_leaves=17
num_cat=0
split_feature=34 5 33 28 31 32 23 34 30 1 2 32 33 32 27 32
split_gain=5.36967e-05 0.000170654 0.000113562 0.00019841 0.00036227 0.000193546 0.000172019 0.000125152 0.000276521 0.000635453 0.000408815 0.000220792 0.000204742 8.32995e-05 0.0002166 0.000212685
threshold=0.079414432873510812 42119825.500000007 0.023605349196339279 -337933974.49999994 -0.0016501723984490566 0.012820497430395263 0.44583288325691589 0.0014614877878944557 54.391690969242049 68.474998474121108 59.475000381469734 0.027725035688828673 0.0081327929907109037 0.027725035688828673 0.68189158817909945 0.019036189683068975
decision_type=2 2 2 2 2 2 2 2 2 2 2 2 2 2 2 2
left_child=2 -2 7 13 6 -6 -5 11 9 -9 -10 12 -1 15 -15 -4
right_child=1 -3 3 4 5 -7 -8 8 10 -11 -12 -13 -14 14 -16 -17
leaf_value=5.0535055301850402e-07 0 -8.795565301311554e-05 -5.1121916747740441e-06 0.00019194684821917716 -2.2898283687888251e-05 2.401902979801816e-05 0 -8.0086132216620822e-05 3.1920785827418544e-05 0 -1.0832681054339115e-05 -8.7217161160456754e-05 3.7934699022786615e-05 -9.3159951483740965e-05 0 7.1622670620756409e-05
leaf_weight=1798 34 26 42 20 58 277 20 144 251 146 955 21 164 31 47 37
leaf_count=1798 34 26 42 20 58 277 20 144 251 146 955 21 164 31 47 37
internal_value=0 -2.83567e-05 1.16366e-08 1.352e-05 2.71174e-05 6.93907e-06 0.000120859 -1.19206e-06 -8.31547e-06 -3.48493e-05 0 2.66929e-06 5.16475e-06 0 -3.09825e-05 0
internal_weight=4071 60 4011 532 375 335 40 3479 1496 290 1206 1983 1962 157 78 79
internal_count=4071 60 4011 532 375 335 40 3479 1496 290 1206 1983 1962 157 78 79
is_linear=0
shrinkage=0.03


Tree=237
num_leaves=28
num_cat=0
split_feature=31 24 2 25 32 24 19 4 20 24 0 31 5 5 24 31 31 24 32 24 28 24 28 0 21 27 33
split_gain=5.13541e-05 0.000321315 0.000498934 0.000419276 0.000340907 0.000487322 0.000409926 0.000578611 0.0003511 0.000305576 0.000242148 0.000220085 0.000314581 0.000281302 0.000262436 0.000232966 0.000211215 0.00113653 0.000612487 0.0004593 0.000260772 0.000197995 0.000195052 0.000127504 0.000106328 0.000101596 9.18826e-05
threshold=0.0060898518482656048 0.61493872893251333 80.924999237060561 0.18348190797545597 0.019980843639372473 -0.038405653810718456 59.81000022888184 69.27500152587892 43.6899998664856 -0.21158539625386688 52.44688796997071 0.0017249289580112406 18000785.500000004 22350825.000000004 -0.21746227669137061 0.0033670186185167377 -0.0036701466130508171 -1.2272031637276082 -0.021150316310410529 -1.9010383139874738 234156409.50000003 -2.1326961740852335 111883541.00000001 35.58403396606446 83.391249783833828 0.94000332256828734 -0.01896806432605996
decision_type=2 2 2 2 2 2 2 2 2 2 2 2 2 2 2 2 2 2 2 2 2 2 2 2 2 2 2
left_child=11 4 3 10 6 9 8 -8 -2 -6 -3 16 14 15 -13 -14 19 -18 -19 21 -21 -1 -16 -7 -4 -26 -15
right_child=1 2 24 -5 5 23 7 -9 -10 -11 -12 12 13 26 22 -17 17 18 -20 20 -22 -23 -24 -25 25 -27 -28
leaf_value=0 0 -0.00010810747449427453 3.963565957164081e-05 0 -1.8750024461023618e-05 6.7763539144299282e-05 -4.340276343727139e-05 3.4777480039466893e-05 8.1194013753396041e-05 -0.00019118721869690759 0 0 0 0 0 -8.8929717041916594e-05 0.00013171799029991781 -0.00017356817372930571 -1.609843875254203e-05 2.1515199743733279e-05 -1.2336484185851316e-06 -0.00014677555372865942 6.1300516299089581e-05 0 -3.53198183212124e-05 0 3.1938849231442057e-05
leaf_weight=29 45 117 57 63 179 32 153 192 133 20 20 154 32 22 81 57 39 29 751 752 601 23 238 42 78 39 93
leaf_count=29 45 117 57 63 179 32 153 192 133 20 20 154 32 22 81 57 39 29 751 752 601 23 238 42 78 39 93
internal_value=0 -5.66084e-06 -2.94407e-05 -6.21653e-05 1.74602e-06 -2.06725e-05 1.9185e-05 0 5.61475e-05 -5.12355e-05 -9.16117e-05 1.73398e-06 1.72238e-05 -2.22402e-06 3.19513e-05 -5.21056e-05 -1.63292e-06 -1.46407e-05 -2.58202e-05 3.81497e-06 9.19373e-06 -7.83037e-05 4.74738e-05 2.09897e-05 0 -7.1534e-06 1.03274e-05
internal_weight=4071 1170 374 200 796 273 523 345 178 199 137 2901 677 204 473 89 2224 819 780 1405 1353 52 319 74 174 117 115
internal_count=4071 1170 374 200 796 273 523 345 178 199 137 2901 677 204 473 89 2224 819 780 1405 1353 52 319 74 174 117 115
is_linear=0
shrinkage=0.03


Tree=238
num_leaves=29
num_cat=0
split_feature=26 26 30 32 22 21 31 26 22 0 0 19 36 36 24 24 5 32 31 2 23 0 26 0 5 31 24 29
split_gain=5.24791e-05 0.000383393 0.000304104 0.000966166 0.00025837 0.000486509 0.000424196 0.000287537 0.000286888 0.000153074 0.000122367 0.000371924 0.000441067 0.000553311 0.000448254 0.000408568 0.000134496 0.0001317 0.000329067 0.000533462 0.0002058 0.000182714 0.0001368 0.000135425 0.000108453 5.92644e-05 4.363e-05 4.83077e-09
threshold=1.393878332570696 1.5433447253019756 51.103140342516724 -0.013521114082171324 41.055812567955776 65.038749917348241 -0.0068328631579565582 1.9422956554338071 49.479633033557946 37.835025787353523 33.865350723266609 57.275000000000013 0.0029721871904540716 0.0078504941804656541 -0.075998961084749864 0.15010192504559494 15366243.500000002 0.0038363455820332741 -0.0035755009497419605 59.774999618530281 -0.63885522217457325 47.968046188354499 0.75162924616365012 34.647304534912116 19163145.000000004 -0.0059844621928430977 -0.16255797214765852 27.999886406792452
decision_type=2 2 2 2 2 2 2 2 2 2 2 2 2 2 2 2 2 2 2 2 2 2 2 2 2 2 2 2
left_child=10 2 3 -2 6 -6 27 -8 -7 -5 11 12 14 -14 -1 24 -17 18 23 -20 21 -19 -22 -12 -13 -4 -27 -3
right_child=1 4 25 9 5 8 7 -9 -10 -11 17 15 13 -15 -16 16 -18 20 19 -21 22 -23 -24 -25 -26 26 -28 -29
leaf_value=-5.3143059790055105e-05 -0.000237754958881945 -3.3345805374485822e-07 2.0796163389220084e-05 -7.1737852994460812e-05 -0.00012098802471742291 -4.4644213884175468e-05 0.00016860829329774077 0 1.976779182689816e-05 2.8738016755465344e-05 -4.2625359979716235e-05 9.8906406353271688e-05 9.4766760432016354e-05 0 2.6385213897053377e-06 -3.4077275142561728e-05 3.2701767790396166e-05 5.7868941578615941e-05 -7.8112829732972935e-05 -5.4985808653836955e-06 3.8242941595169928e-05 0 -2.9264066332019486e-06 9.7731808408077245e-06 0 0 -5.2783671585060776e-05 0
leaf_weight=211 27 39 33 22 31 81 30 22 247 29 34 93 78 133 113 58 50 114 137 663 79 22 868 720 58 21 28 30
leaf_count=211 27 39 33 22 31 81 30 22 247 29 34 93 78 133 113 58 50 114 137 663 79 22 868 720 58 21 28 30
internal_value=0 -8.25272e-06 -4.92701e-05 -9.20908e-05 0 -6.95837e-06 4.21497e-05 0.000107038 0 0 1.02938e-06 1.18068e-05 0 3.10419e-05 -2.44372e-05 4.14625e-05 0 -1.07842e-06 -7.57431e-06 -2.16915e-05 5.47255e-06 3.99906e-05 0 3.42679e-06 7.33586e-05 0 -2.81916e-05 0
internal_weight=4071 640 160 78 480 359 121 52 328 51 3431 794 535 211 324 259 108 2637 1554 800 1083 136 947 754 151 82 49 69
internal_count=4071 640 160 78 480 359 121 52 328 51 3431 794 535 211 324 259 108 2637 1554 800 1083 136 947 754 151 82 49 69
is_linear=0
shrinkage=0.03


Tree=239
num_leaves=28
num_cat=0
split_feature=29 27 0 25 36 22 29 24 4 28 35 31 23 24 22 5 5 28 34 24 24 26 36 27 5 0 24
split_gain=5.21789e-05 0.000241441 0.000443482 0.000397301 0.000301737 0.000220887 0.000212573 0.000377817 0.000488151 0.000300271 0.000164682 0.000227187 0.000657315 0.000614398 0.000157786 0.000316789 0.000206048 0.000146837 0.000178428 0.000123478 0.000206241 0.000122953 0.000106979 0.000112592 9.84075e-05 9.51985e-05 1.30075e-05
threshold=79.145765939958139 0.89703740445807301 38.49852371215821 0.43930039433819607 -0.005342201813265242 61.775222745466763 66.854761388234252 0.040339062348771486 47.324998855590827 -269351547.49999994 0.0073891594759252542 -0.0020373465583468082 0.54142778733164232 1.9003201198317847 52.499886238949593 13440077.500000002 13936841.000000002 858093728.00000012 0.0090144360172834687 -0.92454584895567182 -1.2533171581077376 1.1935584060365139 0.0018656459655316821 1.0598682896562828 48674640.000000007 45.145324707031257 -0.4979702596076237
decision_type=2 2 2 2 2 2 2 2 2 2 2 2 2 2 2 2 2 2 2 2 2 2 2 2 2 2 2
left_child=6 2 3 4 -2 25 10 19 -9 -10 17 13 -13 -12 15 -4 -16 18 -1 20 -8 -21 23 -7 -24 -3 -19
right_child=1 5 14 -5 -6 22 7 8 9 -11 11 12 -14 -15 16 -17 -18 26 -20 21 -22 -23 24 -25 -26 -27 -28
leaf_value=3.8032385834258184e-05 0 7.2013123095471943e-05 0 0 -0.00010075386792892541 -3.9813802521840038e-05 0 0.00017514013406549358 -1.7465660118689633e-05 3.844796261367835e-05 0 0 -5.4636551723722315e-05 0.00010779550842128319 0 0.00011286930906973962 -4.2268717317348982e-05 0 0 -3.8971228824258536e-05 7.1707289085932069e-05 0 2.3516858093959346e-05 0 0 0 -1.265493518043906e-05
leaf_weight=263 24 56 30 27 126 119 37 29 54 226 1016 873 286 48 99 31 121 28 28 129 41 44 176 35 30 22 73
leaf_count=263 24 56 30 27 126 119 37 29 54 226 1016 873 286 48 99 31 121 28 28 129 41 44 176 35 30 22 73
internal_value=0 -6.76181e-06 -2.34457e-05 -6.06268e-05 -8.19695e-05 3.83747e-06 1.37346e-06 1.85982e-05 4.15554e-05 1.69518e-05 -1.16859e-06 -5.36379e-06 -1.5048e-05 2.36622e-06 0 4.26396e-05 -1.18524e-05 1.49662e-05 2.74897e-05 0 1.8146e-05 -2.22134e-05 0 -2.3823e-05 6.54327e-06 5.12644e-05 0
internal_weight=4071 896 458 177 150 438 3175 560 309 280 2615 2223 1159 1064 281 61 220 392 291 251 78 173 360 154 206 78 101
internal_count=4071 896 458 177 150 438 3175 560 309 280 2615 2223 1159 1064 281 61 220 392 291 251 78 173 360 154 206 78 101
is_linear=0
shrinkage=0.03


Tree=240
num_leaves=15
num_cat=0
split_feature=19 26 5 31 29 26 33 33 30 31 19 29 5 25
split_gain=5.12343e-05 0.000190736 0.000570793 0.000642658 0.000176123 0.000154472 0.000349691 0.000648495 0.000113564 0.000226459 9.25674e-05 3.26256e-05 7.44829e-06 3.10947e-07
threshold=140.77000122070316 2.0236737168930046 15269736.500000002 0.0039805032267350446 54.076675508922662 1.393878332570696 0.036148933732436002 0.0056789766937630501 7.715499018530215 -0.015468328920867134 159.48999938964849 52.150710029833412 29373686.500000004 0.30938213265694609
decision_type=2 2 2 2 2 2 2 2 2 2 2 2 2 2
left_child=1 5 11 -4 10 8 7 -7 12 -10 -2 -3 -1 -6
right_child=4 2 3 -5 13 6 -8 -9 9 -11 -12 -13 -14 -15
leaf_value=0 -0.00011967188603967539 0 0.00018973514325240163 0 3.4806363635345638e-06 -3.8496855139767881e-05 -9.9934778874998117e-05 4.1468055368356394e-05 2.8860845413200452e-05 0 0 -3.2325670871617651e-05 -6.7411278645549677e-05 0
leaf_weight=25 20 21 35 36 23 230 45 141 270 3116 23 28 20 38
leaf_count=25 20 21 35 36 23 230 45 141 270 3116 23 28 20 38
internal_value=0 1.35153e-07 3.77857e-05 9.8168e-05 -2.10298e-05 -2.6043e-07 -1.80583e-05 -1.88191e-08 1.02362e-06 2.50019e-06 -6.88906e-05 0 -4.33202e-05 0
internal_weight=4071 3967 120 71 104 3847 416 371 3431 3386 43 49 45 61
internal_count=4071 3967 120 71 104 3847 416 371 3431 3386 43 49 45 61
is_linear=0
shrinkage=0.03


Tree=241
num_leaves=25
num_cat=0
split_feature=25 5 25 23 19 34 32 26 25 35 32 23 0 26 29 34 34 29 29 5 35 33 33 26
split_gain=5.07698e-05 0.000269438 0.000357253 0.000327238 0.000355516 0.000248118 0.00023157 0.000199375 0.000366259 0.00029288 0.00018119 0.00025588 0.00112919 0.000236823 0.000173331 0.000234529 0.000157095 0.000119383 9.95466e-05 7.71061e-05 0.000294144 2.03922e-05 3.51466e-06 3.07098e-07
threshold=0.10876027739653966 29624162.000000004 0.22353461192468249 -0.15217514890936809 68.894998931884786 0.03103506201883344 -0.0013458842492734544 1.4121389114996694 0.18676112751906257 0.0079856416389669036 0.02459960409972262 -2.0060586456028591 31.720415115356449 1.5119566025690505 52.901630774262806 0.021695632214263186 0.044139611498307703 76.028988600197764 44.941791753305658 51036642.500000007 0.013885264205090319 0.05004174596912981 0.019377426393787259 1.1340045818691762
decision_type=2 2 2 2 2 2 2 2 2 2 2 2 2 2 2 2 2 2 2 2 2 2 2 2
left_child=5 6 3 -3 -5 10 14 9 -9 -8 11 12 -1 23 18 -16 22 -13 -2 20 -4 -21 -7 -12
right_child=1 2 19 4 -6 16 7 8 -10 -11 13 17 -14 -15 15 -17 -18 -19 -20 21 -22 -23 -24 -25
leaf_value=0.00015621909463902072 -3.3746040979803413e-06 0 1.430241001041833e-07 -0.00019436545839759511 0 0 0 -0.00013157379142801038 0 3.2071397018133814e-05 -2.6933774625924628e-06 1.7518960182115599e-06 -1.3270743000201683e-05 -0.00011898876849599395 -5.458172357254245e-05 0 0 -2.3951064002213466e-05 5.0943461123886684e-05 3.9615131181357124e-05 -5.2545439478685166e-05 0 8.2977319638527494e-05 0
leaf_weight=51 96 22 59 32 24 24 202 20 123 497 38 2093 35 26 164 71 41 176 34 22 115 21 55 30
leaf_count=51 96 22 59 32 24 24 202 20 123 497 38 2093 35 26 164 71 41 176 34 22 115 21 55 30
internal_value=0 -4.76961e-06 -3.06192e-05 -8.75176e-05 -0.000126146 2.11768e-06 0 1.01413e-05 -1.13182e-05 1.88237e-05 0 1.68405e-06 5.24622e-05 -4.07673e-05 -1.82654e-05 -3.43751e-05 4.42184e-05 0 0 0 -1.74585e-05 1.94649e-05 6.8965e-05 0
internal_weight=4071 1502 295 78 56 2569 1207 842 143 699 2449 2355 86 94 365 235 120 2269 130 217 174 43 79 68
internal_count=4071 1502 295 78 56 2569 1207 842 143 699 2449 2355 86 94 365 235 120 2269 130 217 174 43 79 68
is_linear=0
shrinkage=0.03


Tree=242
num_leaves=19
num_cat=0
split_feature=28 26 5 0 0 20 28 0 4 24 24 0 32 25 26 30 20 31
split_gain=4.86534e-05 0.00031832 0.000218936 0.000190888 0.00045058 0.000223515 0.000223202 0.000191129 0.000188384 0.000171641 0.00049138 0.000441731 0.000334035 0.000308145 0.000227438 6.8227e-06 3.03089e-05 4.90306e-05
threshold=938649228.00000012 2.0236737168930046 17346230.500000004 42.778907775878913 134.66337585449222 83.123749542236339 1018919057.5000001 141.0613708496094 146.90000152587893 -1.6457339117145899 -1.2272031637276082 32.400531768798835 0.02459960409972262 1.0000000180025095e-35 1.393878332570696 18.235921370521222 82.177499961853044 -0.0042628164832837481
decision_type=2 2 2 2 2 2 2 2 2 2 2 2 2 2 2 2 2 2
left_child=1 9 -3 15 5 -5 -7 -6 -9 11 12 13 -11 -1 -12 -2 -17 -18
right_child=3 2 -4 4 7 6 -8 8 -10 10 14 -13 -14 -15 -16 16 17 -19
leaf_value=4.4529469352811513e-05 0 0 0.0001113771311233125 0 6.6164439376383718e-05 -0.00017309113635061597 0 -0.00010109215327573299 0 8.039949795550936e-05 1.008176628360489e-06 -0.00012340356943271434 0 -4.7200849924446451e-05 -2.5532712275283018e-05 0 0 4.2417090602645765e-05
leaf_weight=61 21 34 39 20 31 34 20 20 78 115 2978 36 20 70 311 120 20 43
leaf_count=61 21 34 39 20 31 34 20 20 78 115 2978 36 20 70 311 120 20 43
internal_value=0 6.39762e-07 6.27666e-05 -1.0192e-05 -3.24669e-05 -9.14429e-05 -0.000123172 0 -1.91216e-05 0 8.17386e-07 -3.01789e-05 5.72878e-05 0 -5.90063e-07 0 5.79102e-06 2.30133e-05
internal_weight=4071 3664 73 407 203 74 54 129 98 3591 3424 167 135 131 3289 204 183 63
internal_count=4071 3664 73 407 203 74 54 129 98 3591 3424 167 135 131 3289 204 183 63
is_linear=0
shrinkage=0.03


Tree=243
num_leaves=8
num_cat=0
split_feature=32 33 36 25 25 36 29
split_gain=4.80681e-05 0.000293499 0.000223742 0.000151215 7.49983e-05 0.000319076 0.000263302
threshold=-0.05483290939265794 -0.055479218744477525 -0.0042863336497604328 -0.89238739201564488 0.077008888488123137 -0.010498788779916045 56.364479144932154
decision_type=2 2 2 2 2 2 2
left_child=2 -2 -1 -3 6 -6 -5
right_child=1 3 -4 4 5 -7 -8
leaf_value=0 7.737229563150123e-05 -6.0598849428119753e-05 -0.00011032047706704807 -7.8352668525276831e-07 -6.1700050086134603e-05 0 2.0539786138331466e-05
leaf_weight=28 44 37 20 1644 84 1573 641
leaf_count=28 44 37 20 1644 84 1573 641
internal_value=0 0 -2.999e-05 -1.91573e-07 0 -4.46197e-06 3.88598e-06
internal_weight=4071 4023 48 3979 3942 1657 2285
internal_count=4071 4023 48 3979 3942 1657 2285
is_linear=0
shrinkage=0.03


Tree=244
num_leaves=26
num_cat=0
split_feature=31 23 27 23 27 31 26 30 28 29 33 27 31 23 35 26 23 28 21 23 31 26 33 2 28
split_gain=4.7664e-05 0.000352714 0.000706405 0.000441732 0.000379286 0.000286189 0.000326987 0.000268385 0.000297567 0.000276679 0.000216653 0.000592056 0.000441233 0.00055874 0.000331938 0.000212886 0.000347389 0.00018624 0.000185066 0.000116847 0.000161467 0.000115726 0.000101792 6.52542e-05 8.76192e-07
threshold=0.0049943910093485097 1.0932438039919605 0.74221264267971343 0.97060942168107556 0.62247862083577543 0.0017730507823080501 1.1912413166247136 81.532857183419495 387910012.50000006 29.83293345885183 0.017703718110183456 0.73086778344445713 -0.0035755009497419605 0.57043794992816299 0.011046109991785171 1.6553812626556972 0.40022363905973185 1007293177.0000001 50.068749936421717 1.6604598783755267 0.016973295583450624 1.2509749354705866 0.037957909067448899 60.024999618530281 710037714.50000012
decision_type=2 2 2 2 2 2 2 2 2 2 2 2 2 2 2 2 2 2 2 2 2 2 2 2 2
left_child=5 3 4 7 -3 10 17 9 -9 -2 12 18 13 -1 -14 16 -8 23 -12 20 -4 -13 -21 -7 -17
right_child=1 2 19 -5 -6 6 15 8 -10 -11 11 21 14 -15 -16 24 -18 -19 -20 22 -22 -23 -24 -25 -26
leaf_value=-7.3136867446142718e-06 -2.6846809941666412e-05 0 -5.6809930374937814e-05 0.00010341986411971584 -0.00023010712488929171 0 -9.8079034320913903e-05 -7.4973473139055538e-05 0 1.3307491245714081e-05 0 0 -3.3186144960055785e-06 3.4703665960662006e-05 -5.6135523527001553e-05 3.3900232337512508e-05 0 0 0.00011400287502146116 3.2722924040853927e-05 0 -5.6094858301078941e-05 0 5.62132934030358e-05 0
leaf_weight=962 175 22 77 37 25 91 50 90 45 714 21 77 464 381 238 20 39 33 64 87 31 33 27 247 21
leaf_count=962 175 22 77 37 25 91 50 90 45 714 21 77 464 381 238 20 39 33 64 87 31 33 27 247 21
internal_value=0 -5.09021e-06 -3.61623e-05 0 -0.000144809 1.75414e-06 2.27866e-05 -8.55474e-07 -4.20288e-05 2.02677e-06 -1.61158e-06 2.61756e-05 -5.72929e-06 2.37441e-06 -2.55035e-05 0 -4.35886e-05 3.86541e-05 8.85001e-05 0 -3.09441e-05 0 3.80614e-06 4.6214e-05 2.3299e-05
internal_weight=4071 1330 269 1061 47 2741 501 1024 135 889 2240 195 2045 1343 702 130 89 371 85 222 108 110 114 338 41
internal_count=4071 1330 269 1061 47 2741 501 1024 135 889 2240 195 2045 1343 702 130 89 371 85 222 108 110 114 338 41
is_linear=0
shrinkage=0.03


Tree=245
num_leaves=18
num_cat=0
split_feature=5 21 29 33 36 32 23 35 36 35 30 35 25 36 36 33 36
split_gain=4.70779e-05 0.000187459 0.000184294 0.000138473 0.000531941 0.000388179 0.00060672 0.000849092 0.000326905 0.000280137 0.000464993 0.000211273 0.000427092 0.000368369 5.54602e-05 5.16135e-05 4.03306e-06
threshold=62517113.000000007 57.701666704813647 46.927861494644183 -0.034336216470596863 -0.0011491291628928332 -0.021789088866418557 0.51074758058291547 0.012263668626560186 0.00079937930364603672 0.014937490915364846 56.772381535372311 0.012783364261995901 0.071126645613588932 0.0056277801700991307 0.010573487872808325 -0.021072284726823372 -0.006892571300954233
decision_type=2 2 2 2 2 2 2 2 2 2 2 2 2 2 2 2 2
left_child=3 2 -2 4 9 6 7 -5 -6 16 -11 13 -13 -7 -10 -8 -1
right_child=1 -3 -4 5 8 11 15 -9 14 10 -12 12 -14 -15 -16 -17 -18
leaf_value=-1.9174425014808911e-06 -0.00013365931964260899 0 0 0 -0.00011150903073796437 0 3.7280063236953646e-05 -0.00012743134019179426 2.906150965647639e-05 0.00012901505924783939 0 2.7258235815178998e-05 -3.0475312916752468e-06 -3.5136585858760136e-05 0 0 1.0868980436341404e-05
leaf_weight=20 21 45 24 55 24 1847 34 102 59 76 21 721 648 297 25 22 30
leaf_count=20 21 45 24 55 24 1847 34 102 59 76 21 721 648 297 25 22 30
internal_value=0 -2.16854e-05 -6.8413e-05 0 2.19371e-05 -7.06979e-07 -4.04506e-05 -7.54276e-05 -7.10108e-06 6.36558e-05 9.34619e-05 8.49893e-07 1.0723e-05 -4.05534e-06 0 4.0936e-06 0
internal_weight=4071 90 45 3981 255 3726 213 157 108 147 97 3513 1369 2144 84 56 50
internal_count=4071 90 45 3981 255 3726 213 157 108 147 97 3513 1369 2144 84 56 50
is_linear=0
shrinkage=0.03


Tree=246
num_leaves=17
num_cat=0
split_feature=34 32 33 5 36 34 0 2 30 32 29 29 34 33 32 0
split_gain=4.69728e-05 0.000627976 0.000388904 0.000310897 0.000234626 0.00036065 0.000238249 0.000236737 0.000614406 0.000276019 0.00022345 0.000245236 9.84185e-05 0.000190659 3.98992e-05 3.79151e-05
threshold=0.0014614877878944557 0.028841380838822043 0.0081327929907109037 18493120.500000004 0.013433413835975969 0.024117908142537673 26.824893951416019 51.324998855590827 55.004975919038301 -0.00076833262109365908 66.854761388234252 51.053736350763472 0.03103506201883344 0.05004174596912981 0.014562770610221378 40.901786804199226
decision_type=2 2 2 2 2 2 2 2 2 2 2 2 2 2 2 2
left_child=1 2 10 15 6 -6 -2 8 -8 -9 11 -1 -7 -14 -5 -4
right_child=4 -3 3 14 5 12 7 9 -10 -11 -12 -13 13 -15 -16 -17
leaf_value=2.8095892547356002e-06 6.1230768730306863e-05 -0.00012108195920801198 0 0.00012198511152997023 9.9570276029820973e-05 -5.7806970142839444e-05 -0.00012876813998369415 -2.6367892710513032e-05 0 5.1101840632946598e-07 8.4658958993684758e-05 -3.3997122506163552e-05 5.76298974173014e-05 0 0 2.5841468838526479e-05
leaf_weight=1590 32 34 55 50 45 22 57 399 193 1221 28 180 56 31 27 51
leaf_count=1590 32 34 55 50 45 22 57 399 193 1221 28 180 56 31 27 51
internal_value=0 2.71235e-06 6.35736e-06 4.84489e-05 -3.65388e-06 2.82001e-05 -7.81157e-06 -1.06004e-05 -3.9682e-05 -4.25864e-06 4.02404e-07 0 0 1.30028e-05 9.59354e-05 0
internal_weight=4071 2015 1981 183 2056 154 1902 1870 250 1620 1798 1770 109 87 77 106
internal_count=4071 2015 1981 183 2056 154 1902 1870 250 1620 1798 1770 109 87 77 106
is_linear=0
shrinkage=0.03


Tree=247
num_leaves=19
num_cat=0
split_feature=28 28 0 0 20 28 0 4 5 30 22 34 36 22 36 2 34 20
split_gain=4.65444e-05 0.000220489 0.000183286 0.000424662 0.000209066 0.000200021 0.000176735 0.000178116 0.000108227 9.42582e-05 0.000298224 0.000263138 0.000230084 0.000280203 0.000191475 0.000130166 1.30636e-05 0.000130841
threshold=938649228.00000012 921513718.50000012 42.778907775878913 134.66337585449222 83.123749542236339 1018919057.5000001 141.0613708496094 146.90000152587893 13051595.500000002 69.472239222181216 61.029162090684672 -0.0033792586325269709 -0.0023410010194107969 57.805910517420735 -0.0058438544116601624 81.924999237060561 -0.013528738201676658 81.750000000000014
decision_type=2 2 2 2 2 2 2 2 2 2 2 2 2 2 2 2 2 2
left_child=1 9 16 4 -4 -6 -5 -8 -3 10 15 -12 14 -14 -11 -1 -2 -18
right_child=2 8 3 6 5 -7 7 -9 -10 12 11 -13 13 -15 -16 -17 17 -19
leaf_value=1.7320918014267965e-06 0 0 0 6.3356009219889888e-05 -0.00016743214430200081 0 -9.8377747996362708e-05 0 0.00010669571083927547 -1.4377936907683156e-06 0 4.8977142421266677e-05 -4.4471967105312352e-05 0 3.2625745683484842e-05 -2.1945459886165601e-05 0 4.4949930862499278e-05
leaf_weight=1950 44 22 20 31 34 20 20 78 26 163 70 220 253 548 181 231 96 64
leaf_count=1950 44 22 20 31 34 20 20 78 26 163 70 220 253 548 181 231 96 64
internal_value=0 5.90513e-07 -9.98799e-06 -3.18144e-05 -8.90621e-05 -0.00011976 0 -1.86787e-05 6.4437e-05 0 3.03363e-06 3.16795e-05 -7.36365e-06 -1.76085e-05 7.77105e-06 0 0 8.56952e-06
internal_weight=4071 3664 407 203 74 54 129 98 48 3616 2471 290 1145 801 344 2181 204 160
internal_count=4071 3664 407 203 74 54 129 98 48 3616 2471 290 1145 801 344 2181 204 160
is_linear=0
shrinkage=0.03


Tree=248
num_leaves=14
num_cat=0
split_feature=34 23 34 8 23 32 25 32 33 25 29 2 32
split_gain=4.59249e-05 0.000136585 0.000109535 0.00017978 0.000147118 0.000116517 0.000387754 0.000110853 0.000382129 0.000264168 0.000107846 5.99693e-05 5.11427e-05
threshold=0.079414432873510812 -0.19717974090098164 0.050920899952982442 1.0000000180025095e-35 -0.36897032262317703 0.019036189683068975 0.58049732085539196 -0.05483290939265794 -0.055479218744477525 -0.4161242156281873 19.786967066356933 51.324998855590827 -0.001854113412579794
decision_type=2 2 2 2 2 2 2 2 2 2 2 2 2
left_child=2 -2 3 7 -4 -6 -7 9 -9 -1 -5 -3 -12
right_child=1 11 4 10 5 6 -8 8 -10 -11 12 -13 -14
leaf_value=0 0 -0.00010419824274878863 0 0 0 0.0001094711320874348 0 9.1090832843562477e-05 0 -0.00011280277913875191 -8.4183123515078269e-05 0 0
leaf_weight=21 20 20 35 21 52 57 21 42 3667 26 43 20 26
leaf_count=21 20 20 35 21 52 57 21 42 3667 26 43 20 26
internal_value=0 -2.62246e-05 0 -3.77814e-07 2.43675e-05 4.20861e-05 6.5523e-05 0 1.20775e-06 -4.47587e-05 -4.24488e-05 -6.40018e-05 -6.12712e-05
internal_weight=4071 60 4011 3846 165 130 78 3756 3709 47 90 40 69
internal_count=4071 60 4011 3846 165 130 78 3756 3709 47 90 40 69
is_linear=0
shrinkage=0.03


Tree=249
num_leaves=29
num_cat=0
split_feature=29 25 29 26 5 33 24 29 21 25 24 36 30 28 30 36 33 24 25 26 34 28 26 33 33 5 28 23
split_gain=4.57862e-05 0.000211328 0.000235763 0.000382441 0.000422285 0.000197707 0.000248757 0.000281457 0.000176045 0.000224292 0.000192027 0.000152412 0.000524815 0.000728143 0.000166838 0.000475141 0.000171539 0.000147985 0.000190955 0.000144526 0.000101138 0.000229409 0.000202467 8.25283e-05 5.58215e-05 5.26369e-05 3.30375e-05 3.99493e-06
threshold=79.145765939958139 0.42964165755934985 89.883802988820264 0.99824735957734545 14829271.500000002 0.014277367150227762 -0.016069784213928892 60.745662365339776 73.966666666666683 0.33107788631858354 0.21406883177999056 0.010861115540805634 47.083351004924602 251746280.50000003 26.123645540196929 -0.014562618718254967 -0.019305237989090115 1.5112032121333556 0.6536355781026002 1.3826743268284831 0.025691723210734655 -372673316.49999994 1.1870387065337604 0.032501229740543376 -0.0083135926571347146 18380212.000000004 502895564.00000006 0.47721667141205165
decision_type=2 2 2 2 2 2 2 2 2 2 2 2 2 2 2 2 2 2 2 2 2 2 2 2 2 2 2 2
left_child=5 2 3 26 -5 11 20 27 10 -10 -4 14 13 -13 15 -1 -16 18 19 -3 22 -22 -7 -9 -14 -20 -2 -8
right_child=1 17 8 4 -6 6 7 23 9 -11 -12 12 24 -15 16 -17 -18 -19 25 -21 21 -23 -24 -25 -26 -27 -28 -29
leaf_value=-7.3472251919489789e-05 1.8088707387227913e-06 6.115126375198199e-05 -6.1638563393858389e-05 0 -9.5064698899065842e-05 0 1.5463915855290532e-06 8.5948150992718258e-05 9.0651189648544098e-05 0 0 -0.00012328737115456777 0 0 1.2193367184976379e-05 2.3733849252399715e-05 -8.9386999145949093e-06 -7.3002098446258317e-06 5.9739056032621929e-06 0 -9.1391630997341637e-05 0 5.172133512805494e-05 0 3.7517786245654676e-05 -3.3213407937171824e-05 -1.9586249759849699e-05 -1.0804661048384396e-05
leaf_weight=37 165 122 47 75 126 97 34 99 43 21 74 83 21 32 356 631 1545 46 26 33 32 39 79 22 38 42 76 30
leaf_count=37 165 122 47 75 126 97 34 99 43 21 74 83 21 32 356 631 1545 46 26 33 32 39 79 22 38 42 76 30
internal_value=0 -6.41652e-06 -1.79992e-05 -3.06511e-05 -6.1457e-05 1.16558e-06 2.04436e-05 4.67457e-05 0 4.87468e-05 -7.11074e-06 -7.77525e-07 -2.82384e-05 -7.26663e-05 0 1.38491e-05 -3.40283e-06 9.42945e-06 2.6329e-05 4.58825e-05 0 -2.94451e-05 1.29165e-05 7.37004e-05 7.57324e-06 0 0 0
internal_weight=4071 896 627 442 201 3175 432 185 185 64 121 2743 174 115 2569 668 1901 269 223 155 247 71 176 121 59 68 241 64
internal_count=4071 896 627 442 201 3175 432 185 185 64 121 2743 174 115 2569 668 1901 269 223 155 247 71 176 121 59 68 241 64
is_linear=0
shrinkage=0.03


Tree=250
num_leaves=17
num_cat=0
split_feature=28 26 5 0 21 22 26 33 33 27 27 0 2 4 34 20
split_gain=4.45715e-05 0.000289885 0.000204361 0.000172094 0.000412286 0.000265176 0.000141813 0.000324478 0.000592665 0.000126858 0.00075617 0.000478946 5.98701e-05 3.06286e-05 1.14725e-05 0.000124628
threshold=938649228.00000012 2.0236737168930046 17346230.500000004 42.778907775878913 132.03833312988283 66.874796591267398 1.393878332570696 0.036148933732436002 0.0056789766937630501 0.72442434192144567 0.68667935106283673 43.615045547485359 142.90000152587893 152.40000152587893 -0.013528738201676658 81.750000000000014
decision_type=2 2 2 2 2 2 2 2 2 2 2 2 2 2 2 2
left_child=1 6 -3 14 5 -5 9 8 -8 10 -1 -11 -6 -14 -2 -16
right_child=3 2 -4 4 12 -7 7 -9 -10 11 -12 -13 13 -15 15 -17
leaf_value=1.3336483278881946e-06 0 0 0.0001067944811395062 -0.00011863188607183539 4.2227647912506403e-05 0 -3.6565015503664345e-05 -9.5650035368604876e-05 3.9999530090864874e-05 2.7575807918090921e-05 -7.5089337828415889e-05 -9.8373116779805039e-06 -2.9880630547140599e-05 0 0 4.3714110488414596e-05
leaf_weight=1968 44 34 39 57 27 22 230 45 141 665 121 421 37 60 96 64
leaf_count=1968 44 34 39 57 27 22 230 45 141 665 121 421 37 60 96 64
internal_value=0 5.51991e-07 5.98691e-05 -9.78746e-06 -3.08968e-05 -8.45109e-05 0 -1.70235e-05 0 1.48959e-06 -1.66032e-06 1.03104e-05 0 -7.56645e-06 0 8.03072e-06
internal_weight=4071 3664 73 407 203 79 3591 416 371 3175 2089 1086 124 97 204 160
internal_count=4071 3664 73 407 203 79 3591 416 371 3175 2089 1086 124 97 204 160
is_linear=0
shrinkage=0.03


Tree=251
num_leaves=26
num_cat=0
split_feature=31 23 27 23 27 31 24 26 36 33 27 33 32 27 27 27 26 5 25 27 28 23 31 33 27
split_gain=4.80132e-05 0.000349519 0.00064812 0.000406551 0.00034892 0.000269986 0.000360734 0.000285112 0.000395986 0.000259492 0.000372436 0.000289503 0.000229362 0.000214076 0.00078157 0.000577065 0.00073198 0.000477374 0.000397063 0.000216032 0.000171678 0.0001151 0.000152885 9.13468e-05 5.32122e-05
threshold=0.0049943910093485097 1.0932438039919605 0.74221264267971343 0.97060942168107556 0.62247862083577543 0.0017730507823080501 -0.21746227669137061 1.156303208417645 0.0016413711385368502 0.026823861421318766 0.90801229144298101 0.011944616810729116 -0.0021909837162520924 0.25205392402832533 0.31245552573927876 0.18341194463150332 1.0795705837895511 17428544.500000004 -0.18671700488519202 0.43440199681955444 1012611610.0000001 1.6604598783755267 0.016973295583450624 0.037957909067448899 0.53732958172912182
decision_type=2 2 2 2 2 2 2 2 2 2 2 2 2 2 2 2 2 2 2 2 2 2 2 2 2
left_child=5 3 4 9 -3 13 7 24 -9 11 -11 -2 -8 15 17 18 -17 -15 -1 -16 -14 22 -4 -23 -7
right_child=1 2 21 -5 -6 6 12 8 -10 10 -12 -13 20 14 19 16 -18 -19 -20 -21 -22 23 -24 -25 -26
leaf_value=1.263421479614487e-05 -4.2395131292362293e-06 0 -5.5859588607784463e-05 9.9227911252352686e-05 -0.000222861647287725 2.6676205073236167e-05 0 0 -0.00014901186395885433 -6.1551253360639252e-05 0 3.0951478225223645e-05 6.4494614302997098e-05 0 -2.9388160940395421e-05 0 -0.00014532661063824717 0.00013741497530279397 -3.8433307560771857e-05 2.0832783634791369e-06 0 3.0840500937555579e-05 0 0 0
leaf_weight=461 501 22 77 37 25 83 78 31 27 146 98 279 224 73 221 90 64 61 192 1078 30 87 31 27 28
leaf_count=461 501 22 77 37 25 83 78 31 27 146 98 279 224 73 221 90 64 61 192 1078 30 87 31 27 28
internal_value=0 -5.11256e-06 -3.60299e-05 0 -0.000140716 1.75528e-06 2.21819e-05 0 -6.49846e-05 -7.67426e-07 -2.9906e-05 4.50473e-06 4.14732e-05 -1.47491e-06 3.90924e-06 -1.47519e-05 -6.71569e-05 7.3483e-05 0 -9.63544e-07 5.53208e-05 -3.05938e-07 -3.08646e-05 2.35331e-06 1.00604e-05
internal_weight=4071 1330 269 1061 47 2741 501 169 58 1024 244 780 332 2240 1433 807 154 134 653 1299 254 222 108 114 111
internal_count=4071 1330 269 1061 47 2741 501 169 58 1024 244 780 332 2240 1433 807 154 134 653 1299 254 222 108 114 111
is_linear=0
shrinkage=0.03


Tree=252
num_leaves=17
num_cat=0
split_feature=34 32 33 35 32 36 34 0 19 29 29 34 34 33 31 32
split_gain=4.83206e-05 0.000581397 0.000361128 0.000378433 0.000476491 0.000218717 0.000337796 0.000227961 0.000259923 0.000211232 0.000223339 0.000171905 8.89947e-05 0.000176157 5.92346e-05 4.04592e-05
threshold=0.0014614877878944557 0.028841380838822043 0.0081327929907109037 0.013319324127549924 0.01436100919187089 0.013433413835975969 0.024117908142537673 26.824893951416019 41.620000076293955 66.854761388234252 51.053736350763472 0.00320737062672849 0.03103506201883344 0.05004174596912981 0.0074275877596518 0.0057845604949501314
decision_type=2 2 2 2 2 2 2 2 2 2 2 2 2 2 2 2
left_child=1 2 9 15 -5 7 -7 -2 14 10 -1 -10 -8 -14 -9 -4
right_child=5 -3 3 4 -6 6 12 8 11 -11 -12 -13 13 -15 -16 -17
leaf_value=2.8067263509711282e-06 5.9368448238384633e-05 -0.0001160519191105249 -1.8314878873200685e-05 0.00014091043731583006 0 9.5921326730660504e-05 -5.540460445317628e-05 -0.00013516686002331955 -4.6608883046789382e-05 8.2361081367966719e-05 -3.2350009495793786e-05 -2.8079346112855447e-06 5.5177058394404401e-05 0 0 1.9919119499300958e-05
leaf_weight=1590 32 34 35 59 27 45 22 22 106 28 180 1722 56 31 20 62
leaf_count=1590 32 34 35 59 27 45 22 22 106 28 180 1722 56 31 20 62
internal_value=0 2.77648e-06 6.33601e-06 4.69753e-05 9.29971e-05 -3.68725e-06 2.68318e-05 -7.73679e-06 -1.04924e-05 5.28939e-07 0 -6.99127e-06 0 1.1862e-05 -9.12382e-05 0
internal_weight=4071 2015 1981 183 86 2056 154 1902 1870 1798 1770 1828 109 87 42 97
internal_count=4071 2015 1981 183 86 2056 154 1902 1870 1798 1770 1828 109 87 42 97
is_linear=0
shrinkage=0.03


Tree=253
num_leaves=26
num_cat=0
split_feature=31 23 27 23 27 30 28 31 24 26 36 32 27 27 27 26 5 25 27 28 30 23 31 5 27
split_gain=4.66635e-05 0.000333727 0.000612052 0.000380674 0.000319067 0.000255975 0.000278743 0.000251208 0.00034022 0.000266798 0.000375034 0.000216755 0.00020678 0.000742401 0.00054532 0.000684581 0.000438302 0.000373269 0.000204075 0.000162228 0.000159302 0.000106016 0.000144418 8.20257e-05 5.07173e-05
threshold=0.0049943910093485097 1.0932438039919605 0.74221264267971343 0.97060942168107556 0.62247862083577543 81.532857183419495 387910012.50000006 0.0017730507823080501 -0.21746227669137061 1.156303208417645 0.0016413711385368502 -0.0021909837162520924 0.25205392402832533 0.31245552573927876 0.18341194463150332 1.0795705837895511 17428544.500000004 -0.18671700488519202 0.43440199681955444 1012611610.0000001 30.322896705469784 1.6604598783755267 0.016973295583450624 34716379.500000007 0.53732958172912182
decision_type=2 2 2 2 2 2 2 2 2 2 2 2 2 2 2 2 2 2 2 2 2 2 2 2 2
left_child=7 3 4 5 -3 20 -7 12 9 24 -11 -10 14 16 17 -16 -14 -1 -15 -13 -2 22 -4 -23 -9
right_child=1 2 21 -5 -6 6 -8 8 11 10 -12 19 13 18 15 -17 -18 -19 -20 -21 -22 23 -24 -25 -26
leaf_value=1.2143176021402703e-05 -1.2837221118120148e-05 0 -5.40347757563765e-05 9.6010139432918984e-05 -0.00021611457783821597 -7.2869871907180634e-05 0 2.5853318858232737e-05 0 0 -0.00014474193322514372 6.2567827398546987e-05 0 -2.8495993540764547e-05 0 -0.00014104310857196008 0.00013318740877947039 -3.7347606318814458e-05 2.1322671109608439e-06 0 1.2854041067880485e-05 2.9002273530978393e-05 0 0 0
leaf_weight=461 260 22 77 37 25 90 45 83 78 31 27 224 73 221 90 64 61 192 1078 30 629 88 31 26 28
leaf_count=461 260 22 77 37 25 90 45 83 78 31 27 224 73 221 90 64 61 192 1078 30 629 88 31 26 28
internal_value=0 -5.05227e-06 -3.52464e-05 0 -0.000137087 -7.78437e-07 -4.10415e-05 1.71325e-06 2.14245e-05 0 -6.29483e-05 4.0182e-05 -1.3569e-06 3.9168e-06 -1.44378e-05 -6.5396e-05 7.1699e-05 0 -7.71047e-07 5.36465e-05 1.96549e-06 -1.26026e-07 -2.96662e-05 1.56815e-06 9.43878e-06
internal_weight=4071 1330 269 1061 47 1024 135 2741 501 169 58 332 2240 1433 807 154 134 653 1299 254 889 222 108 114 111
internal_count=4071 1330 269 1061 47 1024 135 2741 501 169 58 332 2240 1433 807 154 134 653 1299 254 889 222 108 114 111
is_linear=0
shrinkage=0.03


Tree=254
num_leaves=22
num_cat=0
split_feature=34 36 36 25 0 36 26 27 36 34 0 19 0 22 31 34 34 5 31 36 27
split_gain=4.90497e-05 0.000367504 0.000366243 0.00063296 0.000286588 0.000596898 0.00046088 0.000249105 0.000204771 0.000319662 0.000216518 0.000245147 0.000201508 0.000468965 0.000200168 0.000160166 8.30588e-05 0.000164291 4.98484e-05 3.23778e-05 1.38295e-06
threshold=0.0014614877878944557 0.010861115540805634 0.016324152257335911 -0.39783228296816719 33.865350723266609 -0.012829884287274249 0.85784989245148202 0.017097964382587951 0.013433413835975969 0.024117908142537673 26.824893951416019 41.620000076293955 34.647304534912116 46.931307446779066 -0.0020373465583468082 0.023148148177348896 0.03103506201883344 46701575.000000007 0.0074275877596518 0.013433413835975969 0.22210325322818739
decision_type=2 2 2 2 2 2 2 2 2 2 2 2 2 2 2 2 2 2 2 2 2
left_child=1 4 3 -3 5 7 -7 -1 10 -10 -2 18 13 -6 -14 -13 -11 -18 -12 -5 -4
right_child=8 2 20 19 12 6 -8 -9 9 16 11 15 14 -15 -16 -17 17 -19 -20 -21 -22
leaf_value=0 5.7183416151206619e-05 -0.00022667919138100889 7.6804023955493946e-06 0 -0.00016001399872558455 -2.4975593797101492e-07 5.7983218931844615e-05 -7.6061966926595584e-05 9.2811197417523873e-05 -5.3991726883984527e-05 -0.00013103709656774694 -1.4650251044836465e-05 1.505897437891852e-05 0 -6.634472193941179e-06 2.1480685019632621e-07 5.4581253099999128e-05 0 0 -3.4772539825306199e-05 0
leaf_weight=25 32 22 21 53 23 40 373 50 45 22 22 1081 730 31 603 747 53 34 20 24 20
leaf_count=25 32 22 21 53 23 40 373 50 45 22 22 1081 730 31 603 747 53 34 20 24 20
internal_value=0 2.78666e-06 -4.10681e-05 -7.55678e-05 7.66308e-06 2.74595e-05 4.50824e-05 -2.95676e-05 -3.72283e-06 2.55748e-05 -7.67341e-06 -1.03904e-05 0 -5.59567e-05 2.9955e-06 -6.93502e-06 0 1.08898e-05 -8.91514e-05 0 0
internal_weight=4071 2015 140 99 1875 488 413 75 2056 154 1902 1870 1387 54 1333 1828 109 87 42 77 41
internal_count=4071 2015 140 99 1875 488 413 75 2056 154 1902 1870 1387 54 1333 1828 109 87 42 77 41
is_linear=0
shrinkage=0.03


Tree=255
num_leaves=16
num_cat=0
split_feature=5 20 29 34 24 34 36 36 36 36 35 23 31 31 29
split_gain=4.72839e-05 0.000158263 0.000189266 0.000138698 0.000577213 0.000355996 0.000714081 0.000347473 0.000268457 0.000229945 0.000343277 0.00012482 0.000315102 0.000290775 8.99099e-05
threshold=62517113.000000007 66.864999485015886 76.734878699011801 -0.039974652829509953 -0.97490506751166206 -0.036236838796095565 0.0012062559443112382 0.0047281232425667409 -0.0072626811692687128 -0.0086160476114134684 0.016378645931106484 -1.8066122250045458 0.023384723981283998 0.0084250936009215866 22.456373212175063
decision_type=2 2 2 2 2 2 2 2 2 2 2 2 2 2 2
left_child=3 2 -2 4 7 6 -5 8 -1 14 -11 13 -13 -7 -6
right_child=1 -3 -4 5 9 11 -8 -9 -10 10 -12 12 -14 -15 -16
leaf_value=0 -9.0798485289185173e-05 0 0 -0.00016363049389238511 7.4678971490218802e-05 -7.2487452410868288e-05 0 0 0.00024384471020529239 0 -7.4006666235784961e-05 0 5.057513220229529e-05 0 0
leaf_weight=26 43 27 20 36 42 70 27 21 20 138 66 3357 113 45 20
leaf_count=26 43 27 20 36 42 70 27 21 20 138 66 3357 113 45 20
internal_value=0 -2.17328e-05 -5.41455e-05 0 1.90846e-05 -9.80406e-07 -7.16461e-05 9.77248e-05 0.00014382 0 -1.61266e-05 0 1.28171e-06 -3.04381e-05 4.97774e-05
internal_weight=4071 90 63 3981 333 3648 63 67 46 266 204 3585 3470 115 62
internal_count=4071 90 63 3981 333 3648 63 67 46 266 204 3585 3470 115 62
is_linear=0
shrinkage=0.03


Tree=256
num_leaves=31
num_cat=0
split_feature=23 23 24 35 35 28 35 35 28 4 31 26 22 20 31 20 31 31 23 5 24 21 4 31 27 22 31 5 5 31
split_gain=4.65967e-05 0.000312316 0.000297257 0.000430262 0.000734635 0.000499485 0.000341289 0.000984206 0.000285169 0.000449633 0.000222642 0.000522139 0.000743847 0.000598053 0.000234848 0.000389954 0.000226544 0.000312194 0.000452979 0.00019837 0.000191691 0.000185757 0.000175115 0.000141003 0.000139586 4.9394e-05 3.84693e-05 2.41382e-05 7.55497e-06 3.63416e-06
threshold=-0.43940347963209087 -0.59389469088617719 -0.76292248379114669 0.016651667049174635 0.019746486198344248 220053999.50000003 0.032074765444498866 0.017918060659808277 111883541.00000001 43.125000000000007 0.0059371379965620372 1.0986644550437077 66.874796591267398 85.312499618530282 0.01052171371249744 68.226250267028817 0.0012936929121355469 -0.0036701466130508171 0.51766617189160524 8585024.0000000019 -0.016069784213928892 53.155000019073491 59.375000000000007 0.0042219142682421449 1.0277938839284737 70.956875377444121 0.0086237772344445202 17283628.000000004 13509380.000000002 -0.0031893924908121814
decision_type=2 2 2 2 2 2 2 2 2 2 2 2 2 2 2 2 2 2 2 2 2 2 2 2 2 2 2 2 2 2
left_child=1 2 6 5 -5 -4 7 -1 9 -3 16 14 13 -13 15 -12 17 18 -2 -19 -16 -8 23 -18 -24 -14 -11 28 -10 -29
right_child=10 8 3 4 -6 -7 21 -9 27 26 11 12 25 -15 20 -17 22 19 -20 -21 -22 -23 24 -25 -26 -27 -28 29 -30 -31
leaf_value=0 -9.1266668827790985e-06 0 4.5711962848377007e-05 -0.00020287037058209345 0 -4.9054521909909592e-05 0 7.9407876448186752e-05 0 0.00012494469782982825 -5.2889151488624543e-05 -0.00010836054937724542 3.0721875321369158e-05 0 0 8.8459124730042285e-06 -5.0241357943497619e-05 0 3.0661556227946254e-05 -3.0584528557521675e-05 4.2148545362885572e-05 -0.00011587749615010196 3.2991628092730762e-05 3.2348384554752255e-06 0 0 0 0 -2.4744624138745731e-05 2.6391286139180569e-05
leaf_weight=428 520 35 94 31 54 105 24 170 48 64 147 161 47 78 73 89 50 99 416 476 178 24 440 42 26 59 25 20 21 27
leaf_count=428 520 35 94 31 54 105 24 170 48 64 147 161 47 78 73 89 50 99 416 476 178 24 440 42 26 59 25 20 21 27
internal_value=0 4.50381e-06 -3.05144e-07 -2.85491e-05 -8.52722e-05 0 7.47096e-06 1.76726e-05 3.56257e-05 6.72581e-05 -2.50485e-06 -1.6037e-05 -4.45177e-05 -7.52353e-05 0 -1.69073e-05 1.48737e-06 -2.89581e-06 5.35359e-06 -2.15395e-05 2.39368e-05 -5.70267e-05 1.87303e-05 0 2.75355e-05 0 0.000104127 0 -9.41101e-06 1.82018e-05
internal_weight=4071 1170 930 284 85 199 646 598 240 124 2901 832 345 239 487 236 2069 1511 936 575 251 48 558 92 466 106 89 116 69 47
internal_count=4071 1170 930 284 85 199 646 598 240 124 2901 832 345 239 487 236 2069 1511 936 575 251 48 558 92 466 106 89 116 69 47
is_linear=0
shrinkage=0.03


Tree=257
num_leaves=19
num_cat=0
split_feature=20 21 19 33 27 26 36 33 32 24 26 28 21 24 2 35 1 24
split_gain=4.71284e-05 0.000374082 0.000500544 0.000186262 0.000272973 0.000639964 0.000577069 0.000226966 0.000402977 0.000157666 0.00014832 0.000112963 0.000211849 0.000184046 5.36965e-05 5.11487e-05 3.34721e-05 1.97887e-06
threshold=86.1924997329712 85.965416590372726 87.99500045776368 -0.07241451359837052 0.036383376062028273 1.1834621494409505 -0.0056889787267994547 -0.034336216470596863 -0.013729139979940129 -0.62242522180412518 1.4247020086142232 938649228.00000012 132.03833312988283 0.86211794367214889 142.90000152587893 0.01355798213090963 117.40000152587892 0.88078381408677109
decision_type=2 2 2 2 2 2 2 2 2 2 2 2 2 2 2 2 2 2
left_child=3 2 17 -1 5 9 -7 8 -6 -5 -9 13 -13 15 -14 -3 -15 -2
right_child=1 11 -4 4 7 6 -8 10 -10 -11 -12 12 14 16 -16 -17 -18 -19
leaf_value=7.7545388019229422e-05 -7.0238599146049033e-06 0 -0.00015584804294052222 -4.511106595653446e-05 8.0777541749136981e-05 0 -0.00017921259058053081 2.7493476351686982e-06 0 9.2847520682274214e-06 -2.2934323085418165e-05 -8.981729074505009e-05 3.993954073905779e-05 -7.2992522333025657e-06 -7.2457195296737299e-06 0.0001066300795094455 2.6433428584769138e-05 0
leaf_weight=28 36 30 34 62 90 23 41 2975 20 180 211 27 27 105 97 25 35 25
leaf_count=28 36 30 34 62 90 23 41 2975 20 180 211 27 27 105 97 25 35 25
internal_value=0 -9.65017e-06 -6.3025e-05 6.07065e-07 0 -2.70929e-05 -0.000111762 2.52353e-06 4.52286e-05 0 1.06132e-07 0 -1.36019e-05 1.94374e-05 0 6.59088e-05 0 0
internal_weight=4071 441 95 3630 3602 306 64 3296 110 242 3186 346 151 195 124 55 140 61
internal_count=4071 441 95 3630 3602 306 64 3296 110 242 3186 346 151 195 124 55 140 61
is_linear=0
shrinkage=0.03


Tree=258
num_leaves=26
num_cat=0
split_feature=29 27 36 21 26 22 29 24 30 32 33 36 27 22 35 24 24 26 36 27 33 31 26 22 27
split_gain=4.62418e-05 0.000203211 0.000215098 0.000373016 0.000396591 0.000210006 0.000182703 0.000331447 0.000523195 0.000228516 0.000229293 0.000190005 0.00018409 0.000168291 0.000154652 0.000105262 0.000185365 0.000114566 0.000101561 0.000110608 0.00010679 7.14816e-05 4.64266e-05 0.000230456 0.000107505
threshold=79.145765939958139 0.89703740445807301 1.0000000180025095e-35 84.279166666666683 0.88138715644637922 61.775222745466763 66.854761388234252 0.040339062348771486 75.949603021756005 0.02459960409972262 0.022427683562058601 -0.0079168673018036716 0.87643333246839006 43.311834414242391 0.0072076097975921714 -0.92454584895567182 -1.2533171581077376 1.1935584060365139 0.0018656459655316821 1.0598682896562828 0.013315047445134233 -0.0055453042821672063 1.303309356582744 55.849149108451407 0.50514975621938574
decision_type=2 2 2 2 2 2 2 2 2 2 2 2 2 2 2 2 2 2 2 2 2 2 2 2 2
left_child=6 2 22 4 -4 -3 9 15 14 10 11 -1 13 -11 -9 16 -8 -17 19 -7 -20 -10 24 -24 -2
right_child=1 5 3 -5 -6 18 7 8 21 12 -12 -13 -14 -15 -16 17 -18 -19 20 -21 -22 -23 23 -25 -26
leaf_value=-2.0230582630800465e-05 0 4.9614189516856706e-05 0 0 -8.4063254856035552e-05 -3.9555135659217512e-05 0 0 1.6349196822168835e-05 0 7.3570954095706061e-05 2.1421346122422247e-06 0 -9.2784938977500826e-05 8.3483075671964517e-05 -3.71090122695096e-05 6.7433408223794439e-05 0 5.9868890607358346e-05 0 0 -2.6200945843795189e-05 0 -8.2396523867558967e-05 3.1261195209806657e-05
leaf_weight=395 22 78 60 45 156 119 37 37 40 42 38 2057 22 61 154 129 41 44 28 35 178 78 24 34 117
leaf_count=395 22 78 60 45 156 119 37 37 40 42 38 2057 22 61 154 129 41 44 28 35 178 78 24 34 117
internal_value=0 -6.44488e-06 -2.17579e-05 -3.96487e-05 -5.87613e-05 2.7209e-06 1.17676e-06 1.71961e-05 3.87414e-05 -1.1071e-06 0 -2.3919e-07 -4.0861e-05 -6.02735e-05 6.99406e-05 0 1.6028e-05 -2.07697e-05 0 -2.3733e-05 4.72789e-06 0 0 -2.03672e-05 1.12749e-05
internal_weight=4071 896 458 261 216 438 3175 560 309 2615 2490 2452 125 103 191 251 78 173 360 154 206 118 197 58 139
internal_count=4071 896 458 261 216 438 3175 560 309 2615 2490 2452 125 103 191 251 78 173 360 154 206 118 197 58 139
is_linear=0
shrinkage=0.03


Tree=259
num_leaves=20
num_cat=0
split_feature=24 24 26 28 0 28 21 0 36 26 28 28 28 26 24 28 23 24 4
split_gain=4.42156e-05 0.000292576 0.000525723 0.000297333 0.00065458 0.000412564 0.000635206 0.000426636 0.000240053 0.000388124 0.000271551 0.000444594 0.000461701 0.000447866 0.00023719 0.00020681 0.000132666 0.000110619 1.90292e-05
threshold=0.1287418440995152 -0.12733514842110058 0.84562301890639202 -1157915203.4999998 32.400531768798835 38438503.500000007 59.493333339691169 31.720415115356449 -0.014562618718254967 1.1935584060365139 -1757701034.9999998 333511673.50000006 638738801.50000012 0.98974686646526433 -0.77471572696320723 369724049.50000006 -0.30465243167440542 -0.05845708053119756 83.424999237060561
decision_type=2 2 2 2 2 2 2 2 2 2 2 2 2 2 2 2 2 2 2
left_child=1 3 17 4 14 7 -7 -5 9 -2 -10 13 -13 -12 -1 16 -4 -3 -17
right_child=8 2 15 5 -6 6 -8 -9 10 -11 11 12 -14 -15 -16 18 -18 -19 -20
leaf_value=1.1038947278917682e-05 0 0 0 9.567282216230803e-05 -0.00018080641411180639 -0.00014484923368934349 0 4.5038606000364466e-06 8.5062501191983579e-05 -0.00014018400650559628 0 3.839395873906654e-05 -2.0487504200924095e-06 -3.8514745204579357e-05 -4.107149103797165e-05 0 7.1129501837391727e-05 -4.9378094897897395e-05 1.8869448308568825e-05
leaf_weight=116 29 20 37 78 26 29 969 352 31 30 453 338 572 497 119 69 199 59 48
leaf_count=116 29 20 37 78 26 29 969 352 31 30 453 338 572 497 119 69 199 59 48
internal_value=0 2.52934e-06 2.51443e-05 -1.48e-06 -3.18998e-05 1.98108e-06 -6.24054e-06 2.8035e-05 -3.6671e-06 -6.40167e-05 -1.94501e-07 -3.23276e-06 9.67905e-06 -1.87582e-05 -2.59461e-06 4.45818e-05 6.13255e-05 -2.37294e-05 0
internal_weight=4071 2121 432 1689 261 1428 998 430 1950 59 1891 1860 910 950 235 353 236 79 117
internal_count=4071 2121 432 1689 261 1428 998 430 1950 59 1891 1860 910 950 235 353 236 79 117
is_linear=0
shrinkage=0.03


Tree=260
num_leaves=25
num_cat=0
split_feature=34 30 24 24 28 26 35 22 26 35 35 24 29 34 0 30 35 30 29 5 35 29 24 0
split_gain=4.72043e-05 0.00020651 0.000250357 0.000371873 0.000260276 0.000280421 0.000229951 0.000625187 0.000592214 0.000357923 0.000381601 0.000311226 0.000292683 0.000194074 0.000503497 0.000168595 0.000149003 0.000530158 0.000717021 0.000238193 0.00014877 0.000142101 0.000138714 0.000131921
threshold=0.0014614877878944557 44.188463675548739 0.06279851624490522 0.63485697479717829 -1422654174.9999998 0.85259883927410418 0.015897285431881774 35.5394034453873 0.91904474172410688 0.01185184054904514 0.010884886160520678 -0.53882250023402245 14.186273718820333 0.00320737062672849 41.569377899169929 49.920445360001956 0.016651667049174635 68.852378537882188 53.212751141891623 32881186.500000004 0.015682651712857733 61.093342598215308 -0.022276378563562859 45.596021652221687
decision_type=2 2 2 2 2 2 2 2 2 2 2 2 2 2 2 2 2 2 2 2 2 2 2 2
left_child=1 6 4 23 -3 -6 9 12 -9 10 -1 -11 -8 14 -2 -5 20 18 -18 -19 21 -15 -22 -4
right_child=13 2 3 15 5 -7 7 8 -10 11 -12 -13 -14 16 -16 -17 17 19 -20 -21 22 -23 -24 -25
leaf_value=0 -0.00011665338361243718 0 -5.4475081241872343e-05 8.0096058217622482e-05 0 7.0893504301377988e-05 0 0 -7.2704210470163528e-05 0 -6.0576853703348598e-05 4.9746930531601014e-05 5.852496516339169e-05 -2.2436501505534447e-05 0 0 0 2.4204316117919035e-06 9.5683256919693973e-05 -4.7849987216926644e-05 0 7.1534572729459332e-07 -8.4246099896009426e-05 0
leaf_weight=565 48 23 102 47 44 181 63 45 238 86 98 243 86 258 64 160 59 144 131 96 34 1179 43 34
leaf_count=565 48 23 102 47 44 181 63 45 238 86 98 243 86 258 64 160 59 144 131 96 34 1179 43 34
internal_value=0 2.79591e-06 1.83132e-05 0 4.13185e-05 5.40583e-05 -1.53847e-06 -2.1211e-05 -5.06259e-05 4.006e-06 -4.99471e-06 3.1256e-05 1.45333e-05 -3.60571e-06 -4.23862e-05 2.69511e-05 0 1.40001e-05 5.40296e-05 -5.2045e-06 -5.73517e-06 -1.35509e-06 -4.84595e-05 -3.67945e-05
internal_weight=4071 2015 591 343 248 225 1424 432 283 992 663 329 149 2056 112 207 1944 430 190 240 1514 1437 77 136
internal_count=4071 2015 591 343 248 225 1424 432 283 992 663 329 149 2056 112 207 1944 430 190 240 1514 1437 77 136
is_linear=0
shrinkage=0.03


Tree=261
num_leaves=23
num_cat=0
split_feature=25 25 35 33 23 32 22 32 24 1 35 28 3 0 0 28 19 0 5 29 34 34
split_gain=4.68748e-05 0.000377902 0.000544012 0.00113289 0.000187764 0.000424284 0.000291106 0.000496712 0.000212837 0.000141921 0.000123423 0.000387193 0.000439777 0.0002519 0.000191946 0.000464488 0.000167196 0.000108961 2.17073e-05 1.52629e-05 0.000139384 8.61611e-06
threshold=-0.52027131783085767 -0.40533074343966341 0.016909859650996662 -0.021858703683037935 -0.02664460004384139 0.0051297601642343879 36.26928990712036 0.01260458008561738 -0.61074891505207496 79.974998474121108 0.01454168615908606 -903007556.99999988 57.875000000000007 33.00505447387696 30.287271499633793 38438503.500000007 58.370000076293955 46.217176437377937 35823551.500000007 14.71391379649261 -0.0048135397534955762 -0.025428211122908936
decision_type=2 2 2 2 2 2 2 2 2 2 2 2 2 2 2 2 2 2 2 2 2 2
left_child=4 2 19 -4 6 9 8 21 18 -6 14 13 -13 -12 15 -3 -16 -10 -1 -2 -21 -8
right_child=1 10 3 -5 5 -7 7 -9 17 -11 11 12 -14 -15 16 -17 -18 -19 -20 20 -22 -23
leaf_value=0 0 0 -0.0002718891193570784 0 0 0 -0.00018028482619052708 0 0.00010488175357274152 0.00013518969879335008 0 7.7234083438325977e-05 6.8518606004370019e-06 -3.9792741519604313e-05 2.0226525817118856e-05 -0.0001018884606228912 -3.995790627016091e-06 0 -2.63676136770216e-05 -5.1686096178535764e-05 0 0
leaf_weight=34 38 72 25 20 21 22 20 22 32 39 274 129 592 165 287 59 2068 20 28 52 25 27
leaf_count=34 38 72 25 20 21 22 20 22 32 39 274 129 592 165 287 59 2068 20 28 52 25 27
internal_value=0 -1.27203e-06 -4.65063e-05 -0.000136139 1.16579e-05 4.99716e-05 0 -5.3598e-05 2.35886e-05 9.88177e-05 0 8.72629e-06 2.36138e-05 -8.89214e-06 -3.02449e-06 -3.86158e-05 0 6.99659e-05 0 0 -1.33479e-05 -0.000117072
internal_weight=4071 3806 160 45 265 82 183 69 114 60 3646 1160 721 439 2486 131 2355 52 62 115 77 47
internal_count=4071 3806 160 45 265 82 183 69 114 60 3646 1160 721 439 2486 131 2355 52 62 115 77 47
is_linear=0
shrinkage=0.03


Tree=262
num_leaves=21
num_cat=0
split_feature=25 5 5 3 27 34 27 28 0 31 23 29 30 36 31 36 34 36 29 34
split_gain=4.65323e-05 0.000259108 0.000338787 0.000513113 0.000803679 0.000221518 0.000185351 0.000436217 0.000258136 0.000466199 0.000170615 0.000145536 0.000283908 0.000270358 0.000269228 0.000238702 0.000141789 5.75958e-05 3.92878e-05 2.36882e-05
threshold=0.10876027739653966 29624162.000000004 53404884.000000007 51.725000381469734 0.78490728026721268 0.03103506201883344 0.42526581962851984 44603044.500000007 30.122159004211429 0.011863626215717018 0.29310496481940268 76.028988600197764 54.087643921242893 0.010337144126166615 -0.026743222483896264 0.0059212307270627351 0.044139611498307703 -0.0018651269693484378 81.626659370547117 0.0059137787775519488
decision_type=2 2 2 2 2 2 2 2 2 2 2 2 2 2 2 2 2 2 2 2
left_child=5 6 3 4 -3 11 7 -2 9 -8 -10 12 13 -1 -14 19 -7 -5 -4 -13
right_child=1 2 18 17 -6 16 8 -9 10 -11 -12 15 14 -15 -16 -17 -18 -19 -20 -21
leaf_value=3.7369922955463995e-07 0 -0.00021181805181088369 3.999942208311574e-05 0 0 6.5347348938231889e-05 9.1565494705024282e-05 -0.00014112558331627506 1.3989017171765584e-05 0 -1.0463421196226925e-05 0 -2.3093465545963884e-05 -3.7137250749309358e-05 3.3331260245861411e-05 0 0 -2.1130049332710645e-05 0 -5.3153651855036824e-05
leaf_weight=1617 25 39 22 46 36 79 80 27 441 20 614 20 27 180 440 39 41 116 36 126
leaf_count=1617 25 39 22 46 36 79 80 27 441 20 614 20 27 180 440 39 41 116 36 126
internal_value=0 -4.54855e-06 -2.99256e-05 -4.89959e-05 -0.000117167 2.05048e-06 0 -5.3143e-05 4.12728e-06 5.01744e-05 0 0 2.19034e-06 -1.71616e-06 2.36422e-05 -2.54745e-05 4.18323e-05 0 0 -4.78813e-05
internal_weight=4071 1502 295 237 75 2569 1207 52 1155 100 1055 2449 2264 1797 467 185 120 162 58 146
internal_count=4071 1502 295 237 75 2569 1207 52 1155 100 1055 2449 2264 1797 467 185 120 162 58 146
is_linear=0
shrinkage=0.03


Tree=263
num_leaves=20
num_cat=0
split_feature=34 32 33 35 32 30 36 30 34 0 36 35 32 23 35 35 23 32 32
split_gain=4.67731e-05 0.000514081 0.000336051 0.000358397 0.000444998 0.000204019 0.000344375 0.000221421 0.000181339 0.000473553 0.000137759 0.000232891 0.000246357 0.000173444 0.000467234 0.000202454 6.22535e-05 3.60227e-05 3.32374e-07
threshold=0.0014614877878944557 0.028841380838822043 0.0081327929907109037 0.013319324127549924 0.01436100919187089 44.188463675548739 -0.014562618718254967 48.935474069581097 0.00320737062672849 41.569377899169929 0.010861115540805634 0.029137650796363653 0.012820497430395263 2.1860309225762795 0.012345712605505611 0.016244738968706946 0.26109361103912937 0.0057845604949501314 0.00081037370053882462
decision_type=2 2 2 2 2 2 2 2 2 2 2 2 2 2 2 2 2 2 2
left_child=1 2 5 17 -5 6 -1 -7 9 -2 13 12 -12 15 -15 -10 -13 -4 -11
right_child=8 -3 3 4 -6 7 -8 -9 10 18 11 16 -14 14 -16 -17 -18 -19 -20
leaf_value=-7.3153732557795656e-05 -0.0001130952791531939 -0.00010844493559984997 -1.7257694296268184e-05 0.00013659906101118045 0 5.7797963674129376e-05 0 3.1458445857980896e-07 -6.3062967045680076e-06 0 0 -4.8216382247836344e-05 6.5531440186197381e-05 0 -0.00010406826911021003 2.2220083868990844e-05 0 1.8807736077516872e-05 3.0526882497197676e-06
leaf_weight=62 48 34 35 59 27 108 1192 436 1340 32 58 24 122 59 56 261 24 62 32
leaf_count=62 48 34 35 59 27 108 1192 436 1340 32 58 24 122 59 56 261 24 62 32
internal_value=0 2.84176e-06 6.27147e-06 4.55388e-05 9.03128e-05 6.04117e-07 -4.22525e-06 1.72489e-05 -3.54387e-06 -4.10638e-05 0 2.0194e-05 4.09914e-05 -4.24775e-06 -4.03141e-05 0 0 0 0
internal_weight=4071 2015 1981 183 86 1798 1254 544 2056 112 1944 228 180 1716 115 1601 48 97 64
internal_count=4071 2015 1981 183 86 1798 1254 544 2056 112 1944 228 180 1716 115 1601 48 97 64
is_linear=0
shrinkage=0.03


Tree=264
num_leaves=31
num_cat=0
split_feature=23 23 24 33 33 24 35 35 28 4 31 26 22 20 0 0 34 31 31 23 35 21 4 31 35 22 31 5 5 31
split_gain=4.45817e-05 0.000291729 0.000270777 0.000425278 0.000627706 0.000329034 0.000316267 0.000905428 0.000269514 0.000413581 0.000214613 0.000478323 0.000703341 0.000546857 0.000290791 0.000379622 0.000347456 0.000209529 0.000290545 0.000404706 0.000327526 0.000175789 0.000164954 0.000132314 0.000132146 4.66345e-05 3.1213e-05 2.21161e-05 7.16118e-06 2.26048e-06
threshold=-0.43940347963209087 -0.59389469088617719 -0.76292248379114669 -1.0000000180025095e-35 0.011944616810729116 -0.62242522180412518 0.032074765444498866 0.017918060659808277 111883541.00000001 43.125000000000007 0.0059371379965620372 1.0986644550437077 66.874796591267398 85.312499618530282 43.073757171630866 46.601722717285163 0.072688794514621527 0.0012936929121355469 -0.0050643878171344739 0.51766617189160524 0.015789764030033186 53.155000019073491 59.375000000000007 0.0042219142682421449 0.0055903181104953199 70.956875377444121 0.0086237772344445202 17283628.000000004 13509380.000000002 -0.0031893924908121814
decision_type=2 2 2 2 2 2 2 2 2 2 2 2 2 2 2 2 2 2 2 2 2 2 2 2 2 2 2 2 2 2
left_child=1 2 6 5 -5 -4 7 -1 9 -3 17 14 13 -13 16 -16 -12 18 19 -2 -20 -8 23 -19 -24 -14 -11 28 -10 -29
right_child=10 8 3 4 -6 -7 21 -9 27 26 11 12 25 -15 15 -17 -18 22 20 -21 -22 -23 24 -25 -26 -27 -28 29 -30 -31
leaf_value=0 -6.0826952180658513e-06 0 -6.3520992924761456e-05 -0.00017202121425358114 0 1.9029856385510812e-05 0 7.6399094891624382e-05 0 0.0001204119574256981 3.9713659228219509e-05 -0.00010452406552611127 2.9851376712262908e-05 0 -9.61018854742936e-05 0 -4.7882111059369702e-05 -4.8685179928158716e-05 -4.720719711951442e-06 3.373070649154941e-05 -7.4314587752005615e-05 -0.00011143335015165205 0 2.8149650217589138e-06 3.2754631854855877e-05 0 0 0 -2.3982855635479974e-05 2.4485644440654646e-05
leaf_weight=428 447 35 60 39 37 148 24 170 48 64 264 161 47 78 49 154 20 50 628 344 92 24 46 42 420 59 25 20 21 27
leaf_count=428 447 35 60 39 37 148 24 170 48 64 264 161 47 78 49 154 20 50 628 344 92 24 46 42 420 59 25 20 21 27
internal_value=0 4.52473e-06 0 -2.71446e-05 -8.82063e-05 0 7.29317e-06 1.72493e-05 3.45442e-05 6.52939e-05 -2.36072e-06 -1.56728e-05 -4.28919e-05 -7.28201e-05 0 -2.34627e-05 2.29706e-05 1.543e-06 -2.59566e-06 7.44174e-06 -1.77884e-05 -5.41517e-05 1.81239e-05 0 2.668e-05 0 0.000100576 0 -9.07532e-06 1.73715e-05
internal_weight=4071 1170 930 284 76 208 646 598 240 124 2901 832 345 239 487 203 284 2069 1511 791 720 48 558 92 466 106 89 116 69 47
internal_count=4071 1170 930 284 76 208 646 598 240 124 2901 832 345 239 487 203 284 2069 1511 791 720 48 558 92 466 106 89 116 69 47
is_linear=0
shrinkage=0.03


Tree=265
num_leaves=24
num_cat=0
split_feature=20 20 25 20 32 1 36 1 4 5 24 35 0 32 22 22 4 0 4 5 5 5 5
split_gain=4.68266e-05 0.000331226 0.000566336 0.000184354 0.00018537 0.000174053 0.000256283 0.000301273 0.000250904 0.000224619 0.000172769 0.000210339 0.000142273 0.000148815 0.000133865 0.000111295 9.4173e-05 6.33159e-05 0.000163031 0.000149913 0.000261866 6.30777e-05 4.49202e-05
threshold=86.1924997329712 88.112500000000026 -0.4161242156281873 77.318749809265157 -0.001854113412579794 67.375000000000014 0.0044600488354861962 73.674999237060561 65.924999237060561 82190074.000000015 1.293066153449338 0.0083831531070517797 37.913482666015632 0.00671138648591152 35.5394034453873 64.140944323382158 66.924999237060561 141.0613708496094 146.90000152587893 15269736.500000002 32386325.500000004 8154015.5000000009 14136708.000000002
decision_type=2 2 2 2 2 2 2 2 2 2 2 2 2 2 2 2 2 2 2 2 2 2 2
left_child=3 2 -2 5 10 8 14 -8 9 -1 11 -5 13 -6 -7 -14 -10 19 -19 22 -21 -20 -3
right_child=1 17 -4 4 12 6 7 -9 16 -11 -12 -13 15 -15 -16 -17 -18 18 21 20 -22 -23 -24
leaf_value=7.8591786727362727e-08 0 0 -0.00013013185112552213 0 -7.366273895370854e-05 -4.5815512850452882e-05 -6.9146753740804084e-05 0 6.2359049149017217e-05 -8.0621737041256084e-05 0 5.8801373396003883e-05 0 0 1.0606527792505669e-06 3.6914307188128537e-05 0 -9.3673392656822173e-05 -4.1895561586178261e-05 7.2793014895216807e-05 0 1.8590632547284334e-05 -3.6054689273757737e-05
leaf_weight=1833 30 136 50 112 41 57 139 103 81 31 28 193 249 60 553 102 48 20 21 75 21 57 31
leaf_count=1833 30 136 50 112 41 57 139 103 81 31 28 193 249 60 553 102 48 20 21 75 21 57 31
internal_value=0 -9.59411e-06 -6.50272e-05 6.51764e-07 1.40976e-05 -2.00417e-06 -1.38425e-05 -4.03378e-05 1.55192e-06 0 3.11332e-05 3.95964e-05 0 -2.9684e-05 0 1.05344e-05 4.22649e-05 0 -1.73833e-05 1.01939e-05 4.1091e-05 0 0
internal_weight=4071 441 80 3630 785 2845 852 242 1993 1864 333 305 452 101 610 351 129 361 98 263 96 78 167
internal_count=4071 441 80 3630 785 2845 852 242 1993 1864 333 305 452 101 610 351 129 361 98 263 96 78 167
is_linear=0
shrinkage=0.03


Tree=266
num_leaves=25
num_cat=0
split_feature=20 20 25 24 20 32 24 35 1 3 26 4 28 0 28 32 24 20 28 0 24 0 35 1
split_gain=4.42582e-05 0.000309523 0.000560907 0.000238887 0.000172142 0.000173382 0.000166401 0.000196054 0.000164364 0.000262187 0.0003456 0.000237145 0.000246331 0.000133783 0.000163624 0.000140092 0.000126847 0.000121421 9.26244e-05 0.000189778 0.000176769 0.000144412 4.07321e-05 3.4503e-05
threshold=86.1924997329712 88.628750228881856 -0.4161242156281873 1.293066153449338 77.318749809265157 -0.001854113412579794 1.293066153449338 0.0083831531070517797 67.375000000000014 70.02500152587892 1.3680696488991735 65.924999237060561 166760103.50000003 37.913482666015632 945976281.00000012 0.00671138648591152 -1.6457339117145899 76.533749961853047 938649228.00000012 134.66337585449222 0.86211794367214889 141.0613708496094 0.01355798213090963 117.40000152587892
decision_type=2 2 2 2 2 2 2 2 2 2 2 2 2 2 2 2 2 2 2 2 2 2 2 2
left_child=4 2 -2 -4 8 6 7 -6 11 10 -10 16 -13 15 -15 -7 -1 -11 20 -20 22 -21 -3 -22
right_child=1 18 3 -5 5 13 -8 -9 9 17 -12 12 -14 14 -16 -17 -18 -19 19 21 23 -23 -24 -25
leaf_value=-2.7831027732936917e-05 0 0 -0.00017971911368332366 0 0 -7.1458236181277991e-05 0 5.7038246530279011e-05 -1.5481658478306799e-05 6.8572045989944295e-06 -0.00017643759072299544 8.55325425086123e-05 0 2.9942340458180097e-05 0 0 1.0154555213724255e-06 -3.0348402311830959e-05 -9.4194087822504355e-05 5.7287957201864546e-05 -9.3926675676405734e-06 -1.6865423822421073e-05 0.00010056223919748725 2.4960811628510326e-05
leaf_weight=145 33 30 32 31 112 41 28 193 313 422 20 60 69 205 146 60 1719 97 22 31 104 98 25 35
leaf_count=145 33 30 32 31 112 41 28 193 313 422 20 60 69 205 146 60 1719 97 22 31 104 98 25 35
internal_value=0 -9.33169e-06 -5.74322e-05 -0.000114122 6.25705e-07 1.36355e-05 3.01111e-05 3.84805e-05 -1.9099e-06 -1.34328e-05 -3.42051e-05 1.51134e-06 4.10911e-05 0 1.02127e-05 -2.87878e-05 0 0 0 -1.29354e-05 1.72981e-05 0 6.27806e-05 0
internal_weight=4071 441 96 63 3630 785 333 305 2845 852 333 1993 129 452 351 101 1864 519 345 151 194 129 55 139
internal_count=4071 441 96 63 3630 785 333 305 2845 852 333 1993 129 452 351 101 1864 519 345 151 194 129 55 139
is_linear=0
shrinkage=0.03


Tree=267
num_leaves=21
num_cat=0
split_feature=25 5 5 3 27 34 27 35 0 31 23 34 29 36 25 29 25 36 29 34
split_gain=4.4076e-05 0.00024057 0.000326385 0.000489475 0.000755415 0.000203528 0.000169472 0.000369975 0.000232577 0.000440442 0.000160039 0.000135019 0.000131586 0.000228449 0.000180176 0.000230695 0.000180979 5.34703e-05 3.57569e-05 2.14804e-05
threshold=0.10876027739653966 29624162.000000004 53404884.000000007 51.725000381469734 0.78490728026721268 0.03103506201883344 0.42526581962851984 0.012518018926842161 30.122159004211429 0.011863626215717018 0.29310496481940268 0.044139611498307703 76.028988600197764 0.0059212307270627351 -0.035517395492097016 60.745662365339776 -0.069140718108069835 -0.0018651269693484378 81.626659370547117 0.015596266856301557
decision_type=2 2 2 2 2 2 2 2 2 2 2 2 2 2 2 2 2 2 2 2
left_child=5 6 3 4 -3 12 7 -2 9 -8 -10 -7 14 19 16 -16 -1 -5 -4 -14
right_child=1 2 18 17 -6 11 8 -9 10 -11 -12 -13 13 -15 15 -17 -18 -19 -20 -21
leaf_value=0 0 -0.00020612364494841865 3.8159688838812344e-05 0 0 6.2983300815105047e-05 8.8165462077310802e-05 -0.00012082154161370767 1.3458927871053748e-05 0 -1.0219291833085948e-05 0 0 0 0 4.8272691146679596e-05 -3.1642852898224966e-05 -2.0359233849352822e-05 0 -6.1254618092740313e-05
leaf_weight=1511 20 39 22 46 36 79 80 32 441 20 614 41 57 39 426 161 166 116 36 89
leaf_count=1511 20 39 22 46 36 79 80 32 441 20 614 41 57 39 426 161 166 116 36 89
internal_value=0 -4.51196e-06 -2.89365e-05 -4.77604e-05 -0.000114313 1.8809e-06 0 -5.1019e-05 3.82635e-06 4.754e-05 0 4.00109e-05 0 -2.43087e-05 1.99924e-06 1.69048e-05 -1.43006e-06 0 0 -4.64321e-05
internal_weight=4071 1502 295 237 75 2569 1207 52 1155 100 1055 120 2449 185 2264 587 1677 162 58 146
internal_count=4071 1502 295 237 75 2569 1207 52 1155 100 1055 120 2449 185 2264 587 1677 162 58 146
is_linear=0
shrinkage=0.03


Tree=268
num_leaves=25
num_cat=0
split_feature=34 32 33 35 32 30 36 19 27 35 35 30 1 5 28 30 29 24 35 24 5 26 21 32
split_gain=4.55217e-05 0.000479557 0.00031493 0.000332643 0.000417605 0.000190101 0.0003219 0.000207961 0.000178705 0.000372479 0.000233867 0.000299839 0.000232599 0.000316352 0.000151693 9.17513e-05 0.000290915 0.00025811 0.000372611 0.000162455 0.000132689 7.38549e-05 4.62925e-05 3.39537e-05
threshold=0.0014614877878944557 0.028841380838822043 0.0081327929907109037 0.013319324127549924 0.01436100919187089 44.188463675548739 -0.014562618718254967 57.820000076293951 0.79628139260777964 0.016456438441649766 0.008444842075942021 38.629982287306106 49.225000381469734 20523160.000000004 -1320921214.4999998 75.949603021756005 61.093342598215308 1.5112032121333556 0.010791353332620249 1.0000000180025095e-35 13051595.500000002 0.92310200125790487 61.460833358764653 0.0057845604949501314
decision_type=2 2 2 2 2 2 2 2 2 2 2 2 2 2 2 2 2 2 2 2 2 2 2 2
left_child=1 2 5 23 -5 6 -1 -7 9 10 22 -12 14 -14 -11 16 20 21 -19 -18 -10 -17 -2 -4
right_child=8 -3 3 4 -6 7 -8 -9 15 12 11 -13 13 -15 -16 17 19 18 -20 -21 -22 -23 -24 -25
leaf_value=-7.0684130992774126e-05 2.4393687593963749e-05 -0.00010460238835823522 -1.6483401339381736e-05 0.00013211925448706493 0 -8.5232319592051998e-07 0 2.7814690136403044e-05 0 0 0 -4.3375201100008964e-05 8.486186624983983e-05 0 -6.9793631456083088e-05 0 0 0 -8.8414057749650206e-05 4.7642246230501587e-05 -4.4915070718375342e-05 1.5791438073334578e-05 -7.0574193750669411e-06 1.839869266844372e-05
leaf_weight=62 53 34 35 59 27 107 1192 437 20 81 45 509 73 83 28 186 70 40 71 216 65 314 202 62
leaf_count=62 53 34 35 59 27 107 1192 437 20 81 45 509 73 83 28 186 70 40 71 216 65 314 202 62
internal_value=0 2.72954e-06 6.09118e-06 4.41187e-05 8.72722e-05 5.50087e-07 -4.04865e-06 1.66633e-05 -3.55303e-06 -1.27639e-05 -2.4293e-05 -3.52363e-05 1.11117e-05 3.93506e-05 -1.80488e-06 3.4664e-06 1.59473e-05 0 -4.45441e-05 3.46899e-05 -1.18301e-05 4.86932e-06 0 0
internal_weight=4071 2015 1981 183 86 1798 1254 544 2056 1074 809 554 265 156 109 982 371 611 111 286 85 500 255 97
internal_count=4071 2015 1981 183 86 1798 1254 544 2056 1074 809 554 265 156 109 982 371 611 111 286 85 500 255 97
is_linear=0
shrinkage=0.03


Tree=269
num_leaves=27
num_cat=0
split_feature=23 29 21 28 28 5 23 29 28 31 26 22 19 31 4 19 31 31 23 5 24 35 4 27 31 22
split_gain=4.60914e-05 0.000273595 0.000245114 0.00052326 0.000315669 0.000284581 0.000206784 0.000588961 0.000718014 0.000202294 0.000444156 0.000664388 0.000286136 0.00020849 0.000307332 0.000200351 0.000193341 0.000272586 0.000421781 0.000184444 0.0001752 0.000163259 0.000153925 0.000132165 0.000125902 4.21085e-05
threshold=-0.43940347963209087 11.286483476432782 68.590416685740166 -1052063203.4999999 111883541.00000001 18000785.500000004 -0.6904670559010383 7.6951437023828548 146025360.50000003 0.0059371379965620372 1.0986644550437077 66.874796591267398 82.344999694824239 0.01052171371249744 68.625000000000014 65.134999847412118 0.0012936929121355469 -0.0036701466130508171 0.57043794992816299 8585024.0000000019 -0.016069784213928892 0.015428160398285618 59.375000000000007 1.0277938839284737 0.0042219142682421449 70.956875377444121
decision_type=2 2 2 2 2 2 2 2 2 2 2 2 2 2 2 2 2 2 2 2 2 2 2 2 2 2
left_child=1 6 3 5 -5 -3 7 -1 -9 16 13 12 -12 14 -11 -4 17 18 -2 -19 -15 -17 24 -24 -18 -13
right_child=9 2 15 4 -6 -7 -8 8 -10 10 11 25 -14 20 -16 21 22 19 -20 -21 -22 -23 23 -25 -26 -27
leaf_value=0 -8.2627218129763431e-06 -6.368827190697223e-05 -8.1509510776873442e-05 6.7828678072073034e-05 0 8.8088960877754599e-06 0 -0.00025356510124175335 0 -4.8432829571688009e-05 -0.00010326603672891093 2.8365832952942667e-05 0 0 1.3358973043678221e-06 -1.7674645255083201e-06 -4.7508250381016796e-05 0 3.0330186866411833e-05 -2.8963388722606811e-05 3.9582816229823864e-05 3.6763342610662876e-05 3.1050914894393578e-05 0 2.359714630865123e-06 0
leaf_weight=48 539 60 27 244 86 159 32 23 31 146 136 47 103 73 90 352 50 99 397 476 178 108 440 26 42 59
leaf_count=48 539 60 27 244 86 159 32 23 31 146 136 47 103 73 90 352 50 99 397 476 178 108 440 26 42 59
internal_value=0 4.529e-06 1.19274e-05 2.58881e-05 5.04129e-05 0 -3.02657e-05 -5.5008e-05 -0.000124533 -2.45474e-06 -1.53531e-05 -4.15535e-05 -7.06613e-05 0 -1.67542e-05 0 1.28263e-06 -2.64428e-06 4.90298e-06 -2.01451e-05 2.1985e-05 7.64601e-07 1.72902e-05 2.55964e-05 0 0
internal_weight=4071 1170 1036 549 330 219 134 102 54 2901 832 345 239 487 236 487 2069 1511 936 575 251 460 558 466 92 106
internal_count=4071 1170 1036 549 330 219 134 102 54 2901 832 345 239 487 236 487 2069 1511 936 575 251 460 558 466 92 106
is_linear=0
shrinkage=0.03


Tree=270
num_leaves=21
num_cat=0
split_feature=25 25 35 33 25 21 32 0 27 35 24 5 24 36 22 21 2 29 29 33
split_gain=4.40506e-05 0.00035178 0.000510037 0.00105678 0.000176101 0.000348942 0.000242021 0.000130736 0.000289986 0.000117398 0.000369131 0.000891698 0.000331126 0.000254942 0.000266738 0.000172331 5.98014e-05 9.83609e-05 1.30319e-05 4.98291e-05
threshold=-0.52027131783085767 -0.40533074343966341 0.016909859650996662 -0.023147587670907851 -0.89238739201564488 76.364166514078804 -0.0064541971958673719 31.720415115356449 0.0056379450949243662 0.01454168615908606 -0.77471572696320723 22230484.000000004 -0.62242522180412518 -0.006892571300954233 52.749499153502619 46.558749866485606 158.6499938964844 15.262791384424412 14.71391379649261 0.0038580778194927672
decision_type=2 2 2 2 2 2 2 2 2 2 2 2 2 2 2 2 2 2 2 2
left_child=4 2 18 -4 6 7 -1 -6 -9 13 11 -11 -12 14 -3 -15 17 -7 -2 -20
right_child=1 9 3 -5 5 16 -8 8 -10 10 12 -13 -14 15 -16 -17 -18 -19 19 -21
leaf_value=0 0 -7.0824009126560644e-05 -0.00026815361364578428 0 3.8783734113060148e-05 0 -0.00010478854303616584 0 -7.7609742990310832e-05 0.00010565332845250345 -6.6362138815418862e-05 0 4.3439944738385694e-06 3.6980920573931322e-05 0 -2.2619923836909147e-06 0 0.00010726148247212061 -3.2641064647932422e-05 0
leaf_weight=31 38 98 24 21 39 21 20 25 53 109 64 154 833 105 62 2221 20 56 53 24
leaf_count=31 38 98 24 21 39 21 20 25 53 109 64 154 833 105 62 2221 20 56 53 24
internal_value=0 -1.27688e-06 -4.49031e-05 -0.000131665 1.12313e-05 2.97144e-05 -7.52339e-06 0 -2.745e-05 0 8.46337e-06 3.97309e-05 0 -3.01248e-06 -3.96746e-05 0 7.19799e-05 8.49893e-05 0 -1.23338e-05
internal_weight=4071 3806 160 45 265 214 51 117 78 3646 1160 263 897 2486 160 2326 97 77 115 77
internal_count=4071 3806 160 45 265 214 51 117 78 3646 1160 263 897 2486 160 2326 97 77 115 77
is_linear=0
shrinkage=0.03


Tree=271
num_leaves=22
num_cat=0
split_feature=25 36 1 0 26 36 24 20 35 0 31 22 5 8 35 24 31 35 5 29 31
split_gain=4.55065e-05 0.000259709 0.000309986 0.000228115 0.000349405 0.000312684 0.000532164 0.000173799 0.000280829 0.00027367 0.000874113 0.00019096 0.000176967 0.000143341 0.000263356 0.000147797 0.000206917 0.00014315 0.000149348 1.81262e-05 3.84287e-06
threshold=0.077008888488123137 -0.010498788779916045 61.574998855590827 31.802945137023929 0.960648929596712 0.011703540752460431 0.070650632353315937 49.254999923706059 0.019012835914265263 30.685671806335453 0.0027002653536281067 53.475662555435434 21505529.500000004 1.0000000180025095e-35 0.010552575181442035 -1.593325315638223 -0.0020373465583468082 0.02056584416216602 23789111.000000004 65.904083067295716 0.015855597888786214
decision_type=2 2 2 2 2 2 2 2 2 2 2 2 2 2 2 2 2 2 2 2 2
left_child=3 2 -2 4 17 6 -6 8 12 10 -9 -11 -3 15 -15 -5 -17 18 -1 -10 -7
right_child=1 7 -4 13 5 20 -8 9 19 11 -12 -13 -14 14 -16 16 -18 -19 -20 -21 -22
leaf_value=0 -0.00012089742801962996 0 0 -5.8747511940758013e-05 8.4589114648921893e-05 -1.3117493575946211e-05 0 0 0 1.9962908416330483e-05 -0.00014359187030386724 -7.9484758571503223e-06 9.1406543275231427e-05 0 -0.00012592468222500392 1.4521634473766603e-05 -4.3537979375840912e-06 0 -9.7268357447487724e-05 -1.6207964618460852e-05 0
leaf_weight=31 37 64 49 36 180 20 72 46 45 278 52 966 63 32 23 822 1123 21 28 62 21
leaf_count=31 37 64 49 36 180 20 72 46 45 278 52 966 63 32 23 822 1123 21 28 62 21
internal_value=0 -4.21541e-06 -5.5297e-05 2.17732e-06 2.40863e-05 4.24557e-05 5.66738e-05 0 2.21827e-05 -5.5423e-06 -5.41385e-05 0 5.38042e-05 -3.64042e-07 -4.84378e-05 0 2.08138e-06 -5.70748e-06 -4.71604e-05 0 0
internal_weight=4071 1662 86 2409 373 293 252 1576 234 1342 98 1244 127 2036 55 1981 1945 80 59 107 41
internal_count=4071 1662 86 2409 373 293 252 1576 234 1342 98 1244 127 2036 55 1981 1945 80 59 107 41
is_linear=0
shrinkage=0.03


Tree=272
num_leaves=17
num_cat=0
split_feature=34 34 36 29 21 36 26 26 32 26 26 32 21 5 36 34
split_gain=4.4717e-05 0.000276931 0.000687392 0.000270822 0.000463153 0.000394416 0.000228077 0.000539726 0.000226142 9.32499e-05 0.000276031 0.000414023 0.000155659 0.000238285 0.000187685 0.000113204
threshold=-0.039974652829509953 -0.036236838796095565 0.0012062559443112382 25.706298708963029 56.162916882832853 0.010437804704871921 1.2698789301092541 1.6553812626556972 -0.03850006591670984 0.89458336599036892 0.85259883927410418 -0.0023481320848689475 73.60041662851971 9550004.0000000019 -0.0019617788455398304 0.0093578510917513586
decision_type=2 2 2 2 2 2 2 2 2 2 2 2 2 2 2 2
left_child=3 2 -2 5 -5 6 8 -8 -1 10 15 -12 13 -11 -14 -3
right_child=1 9 -4 4 -6 -7 7 -9 -10 12 11 -13 14 -15 -16 -17
leaf_value=-9.0008996565273361e-05 -0.00015574579466704454 5.5438553726833547e-06 0 0 0.00014051642231085996 -9.8053816407393178e-05 0.00011023288214198657 0 1.0899399040394284e-06 2.0559371599557709e-05 0 6.1249243377679686e-05 2.2405242383263915e-05 -1.5146164684388607e-05 -1.7510866209727578e-06 -1.8787643299158681e-05
leaf_weight=25 36 477 28 25 35 34 59 41 149 126 115 180 356 1388 750 247
leaf_count=25 36 477 28 25 35 34 59 41 149 126 115 180 356 1388 750 247
internal_value=0 -1.44931e-06 -6.33215e-05 9.39156e-06 6.77923e-05 0 9.94656e-06 4.81825e-05 0 0 7.31901e-06 3.20443e-05 -3.34599e-06 -1.01921e-05 3.31346e-06 0
internal_weight=4071 3703 64 368 60 308 274 100 174 3639 1019 295 2620 1514 1106 724
internal_count=4071 3703 64 368 60 308 274 100 174 3639 1019 295 2620 1514 1106 724
is_linear=0
shrinkage=0.03


Tree=273
num_leaves=24
num_cat=0
split_feature=20 21 25 21 20 32 24 3 3 31 21 21 27 0 28 3 26 20 28 21 24 0 20
split_gain=4.53113e-05 0.000318658 0.000558794 0.000238766 0.000150794 0.000162685 0.000159828 0.00015061 0.000237318 0.000479613 0.000223471 0.000423635 0.000198012 0.000120242 0.000192043 0.000152516 0.000114771 0.000111218 8.8562e-05 0.000184852 0.000161985 3.26906e-05 2.23556e-05
threshold=86.1924997329712 85.965416590372726 -0.4161242156281873 84.190000025431331 77.318749809265157 -0.001854113412579794 1.293066153449338 67.02500152587892 70.02500152587892 0.0080344427165227623 64.242499955495205 68.590416685740166 0.11384081604073505 39.341051101684577 945976281.00000012 81.224998474121108 0.87416330216474802 76.533749961853047 938649228.00000012 132.03833312988283 0.86211794367214889 141.0613708496094 109.99000034332276
decision_type=2 2 2 2 2 2 2 2 2 2 2 2 2 2 2 2 2 2 2 2 2 2 2
left_child=4 2 -2 -4 7 6 16 10 9 -9 12 -12 -1 15 -15 -7 -6 -10 20 -20 -3 -21 -22
right_child=1 18 3 -5 5 13 -8 8 17 -11 11 -13 -14 14 -16 -17 -18 -19 19 21 22 -23 -24
leaf_value=-2.9454315022106724e-05 0 6.0500383472996345e-05 0 -0.00019274092460419066 0 0 0 0 6.3866168920188751e-06 -9.8935776799550981e-05 3.866340774176319e-05 -1.9248432336986198e-05 0 3.4620077547010294e-05 0 -5.8241497311840566e-05 4.6185614660544995e-05 -2.921551900825912e-05 -8.3771113636950701e-05 3.1579171352060948e-05 -7.4079157522618469e-06 -4.9676856450666609e-06 1.9743774577158165e-05
leaf_weight=214 33 55 34 28 60 69 28 243 422 80 366 87 1336 176 146 61 245 97 27 27 103 97 37
leaf_count=214 33 55 34 28 60 69 28 243 422 80 366 87 1336 176 146 61 245 97 27 27 103 97 37
internal_value=0 -9.43817e-06 -5.85565e-05 -0.00011554 6.40119e-07 1.28318e-05 2.87687e-05 -1.66972e-06 -1.28386e-05 -3.3025e-05 1.52808e-06 2.09184e-05 -2.20452e-06 0 1.0894e-05 -2.31944e-05 3.70818e-05 0 0 -1.2553e-05 1.69262e-05 0 0
internal_weight=4071 441 95 62 3630 785 333 2845 842 323 2003 453 1550 452 322 130 305 519 346 151 195 124 140
internal_count=4071 441 95 62 3630 785 333 2845 842 323 2003 453 1550 452 322 130 305 519 346 151 195 124 140
is_linear=0
shrinkage=0.03


Tree=274
num_leaves=27
num_cat=0
split_feature=26 35 30 35 31 27 26 22 34 34 30 26 34 36 20 35 26 19 35 36 36 24 19 1 36 4
split_gain=4.41145e-05 0.000323816 0.000555349 0.00141709 0.000881112 0.000400371 0.000287156 0.000221592 0.000198409 0.000194666 0.000124322 0.000113879 0.000459614 0.000266581 0.000295764 0.000235409 0.000906644 0.00024112 0.000208436 0.000534647 0.000270219 0.000180072 0.000173595 8.86782e-05 7.44872e-06 1.81451e-06
threshold=1.393878332570696 0.022176786242234126 45.586676967464911 0.016651667049174635 1.0000000180025095e-35 0.23132145487161457 1.7230072715798839 49.479633033557946 -0.001313191725771101 0.0079208130068497713 34.721679584257309 1.2563245448038749 0.024382980379341172 0.010022970689943586 80.282499694824239 0.027976505429742761 1.0406542298534387 58.72999992370606 0.014604161696711587 -0.0064954750968649272 -0.0025781930003928081 -0.029960307332531046 59.954999923706062 92.325000762939467 0.013433413835975969 80.27500152587892
decision_type=2 2 2 2 2 2 2 2 2 2 2 2 2 2 2 2 2 2 2 2 2 2 2 2 2 2
left_child=11 2 3 10 -5 6 -3 -7 23 -10 -2 15 13 14 -13 18 21 -18 19 -1 -20 -17 -14 -4 -9 -24
right_child=1 5 8 4 -6 7 -8 24 9 -11 -12 12 22 -15 -16 16 17 -19 20 -21 -22 -23 25 -25 -26 -27
leaf_value=-5.2548727220748307e-05 8.3466534292725799e-06 0 8.8628010910957351e-05 -0.00032255415217023053 0 -7.5027370112579404e-05 0.00014727927434038388 0 -7.3899087820839324e-05 0 -5.1286054385809722e-05 9.3008483761120885e-05 -7.1604813388136007e-05 0 0 0 -0.00017188652987910473 0 3.7150291653218979e-05 9.5678581257030968e-09 0 8.0383733924775357e-05 6.3034751321644522e-06 0 2.6565011049474843e-05 0
leaf_weight=181 92 32 30 27 28 34 32 23 36 218 40 115 36 33 93 27 42 20 299 2052 433 25 41 28 20 34
leaf_count=181 92 32 30 27 28 34 32 23 36 218 40 115 36 33 93 27 42 20 299 2052 433 25 41 28 20 34
internal_value=0 -7.64342e-06 -2.24397e-05 -6.33609e-05 -0.000191778 2.34381e-05 8.26479e-05 0 0 -9.29333e-06 0 8.20027e-07 1.72504e-05 4.50619e-05 5.92072e-05 -8.45251e-08 -4.30005e-05 -0.000128589 5.55157e-07 -2.90938e-06 1.52206e-05 1.51699e-06 -1.61167e-05 5.19206e-05 1.31745e-05 0
internal_weight=4071 640 499 187 55 141 64 77 312 254 132 3431 352 241 208 3079 114 62 2965 2233 732 52 111 58 43 75
internal_count=4071 640 499 187 55 141 64 77 312 254 132 3431 352 241 208 3079 114 62 2965 2233 732 52 111 58 43 75
is_linear=0
shrinkage=0.03


Tree=275
num_leaves=23
num_cat=0
split_feature=25 36 25 28 20 35 0 31 5 24 30 25 25 29 28 36 24 5 35 32 29 5
split_gain=4.07438e-05 0.000250633 0.000517593 0.000519383 0.000247811 0.000289406 0.000256424 0.000817718 0.000215901 0.000375421 0.000395277 0.000350825 0.000235356 0.000246585 0.000223045 0.000186786 0.000160556 0.000158478 0.000146362 0.000115515 9.25018e-06 5.76579e-07
threshold=0.077008888488123137 -0.0084560397632975036 0.26311508474699991 502895564.00000006 49.254999923706059 0.019012835914265263 30.685671806335453 0.0027002653536281067 49687500.000000007 -1.2272031637276082 15.588338705488122 -0.35718225438407131 -0.040208695379177588 47.523285027766043 124361154.50000001 0.019868433153459934 -0.45604847003509447 21505529.500000004 0.021432371727872695 -0.0067974994555521353 65.904083067295716 23881004.000000004
decision_type=2 2 2 2 2 2 2 2 2 2 2 2 2 2 2 2 2 2 2 2 2 2
left_child=8 2 3 19 5 17 7 -6 9 10 -1 -10 15 -14 -13 -11 -8 -3 -12 -2 -7 -4
right_child=1 4 21 -5 6 20 16 -9 11 12 18 14 13 -15 -16 -17 -18 -19 -20 -21 -22 -23
leaf_value=0.00017258609077370023 -0.00021055967012929163 0 3.9009768648968846e-06 0 0 0 1.9217782968541147e-05 -0.00013900046114001606 0 -7.3689417118321286e-06 0 -0.00012536753465658198 0 3.4168868123508988e-05 0 7.5450981932400303e-05 -7.3245133927130647e-06 9.9595042100255395e-05 7.0851541685311599e-05 0 -1.1769529011142367e-05 0
leaf_weight=25 29 63 34 22 44 41 253 52 41 1537 114 42 237 346 20 20 951 59 27 21 60 33
leaf_count=25 29 63 34 22 44 41 253 52 41 1537 114 42 237 346 20 20 951 59 27 21 60 33
internal_value=0 -4.05637e-06 -4.26409e-05 -9.9844e-05 0 2.86502e-05 -5.54003e-06 -5.30726e-05 1.96699e-06 5.03354e-06 4.88392e-05 -3.75283e-05 2.31601e-07 1.76743e-05 -8.61547e-05 -4.37367e-06 0 6.02746e-05 5.52998e-06 -0.000153872 0 0
internal_weight=4071 1662 139 72 1523 223 1300 96 2409 2306 166 103 2140 583 62 1557 1204 122 141 50 101 67
internal_count=4071 1662 139 72 1523 223 1300 96 2409 2306 166 103 2140 583 62 1557 1204 122 141 50 101 67
is_linear=0
shrinkage=0.03


Tree=276
num_leaves=22
num_cat=0
split_feature=34 36 35 26 0 36 26 27 36 33 0 2 30 34 0 22 31 26 36 34 28
split_gain=4.11365e-05 0.000291413 0.000379515 0.0004147 0.000288166 0.000520908 0.000423952 0.000230973 0.000173856 0.000287834 0.000194163 0.000212322 0.000537312 0.000188122 0.000173213 0.000419633 0.000173695 0.000116427 4.82833e-05 2.98688e-05 1.55171e-06
threshold=0.0014614877878944557 0.010861115540805634 0.02694305971957588 1.5119566025690505 33.865350723266609 -0.012829884287274249 0.85784989245148202 0.017097964382587951 0.013433413835975969 0.042423679322550763 26.824893951416019 51.324998855590827 55.004975919038301 0.022467917388086293 34.647304534912116 46.931307446779066 -0.0020373465583468082 0.95843083407322138 0.013433413835975969 0.048675390616594767 -39539552.499999993
decision_type=2 2 2 2 2 2 2 2 2 2 2 2 2 2 2 2 2 2 2 2 2
left_child=1 4 3 18 5 7 -7 -1 10 17 -2 12 -12 -13 15 -6 -16 -10 -3 -19 -11
right_child=8 2 -4 -5 14 6 -8 -9 9 20 11 13 -14 -15 16 -17 -18 19 -20 -21 -22
leaf_value=0 5.3719865847988236e-05 0 0 -0.00020612013090944787 -0.00015104204056445847 0 5.5753032840454951e-05 -7.0827867135873988e-05 0 -7.7753497193893941e-06 -0.00012067921191674938 -1.3472467649687892e-05 0 5.4805176094734178e-06 1.3657727989509415e-05 0 -6.6540312955427489e-06 8.5343843120636322e-05 -3.5902465361817741e-05 0 0
leaf_weight=25 32 54 31 21 23 40 373 50 25 23 57 941 193 679 730 31 603 65 34 20 21
leaf_count=25 32 54 31 21 23 40 373 50 25 23 57 941 193 679 730 31 603 65 34 20 21
internal_value=0 2.57435e-06 -3.60575e-05 -6.92842e-05 7.06054e-06 2.6886e-05 4.34025e-05 -2.40549e-05 -3.39282e-06 2.32699e-05 -7.12994e-06 -9.77823e-06 -3.73017e-05 -3.67701e-06 0 -5.25375e-05 2.21923e-06 5.57741e-05 -2.38112e-06 7.24977e-05 0
internal_weight=4071 2015 140 109 1875 488 413 75 2056 154 1902 1870 250 1620 1387 54 1333 110 88 85 44
internal_count=4071 2015 140 109 1875 488 413 75 2056 154 1902 1870 250 1620 1387 54 1333 110 88 85 44
is_linear=0
shrinkage=0.03


Tree=277
num_leaves=29
num_cat=0
split_feature=35 35 23 31 30 0 30 19 30 25 35 35 4 25 28 35 32 30 30 33 5 32 26 26 31 26 31 35
split_gain=3.91549e-05 0.000227209 0.000542286 0.000512421 0.00083462 0.000278915 0.000315803 0.000195723 0.000159199 0.000822789 0.000611846 0.000974028 0.000525184 0.000388441 0.000879404 0.000343716 0.000475019 0.000299042 0.000267797 0.000140853 0.000205559 0.000343744 0.000251128 0.000161537 0.000162182 0.000128862 0.00048416 6.51679e-06
threshold=0.013254493992681039 0.010926992721910089 -0.8446512582920781 0.0067720350763296197 29.847885683011338 42.778907775878913 34.969438984968214 67.059999847412129 34.015855283653657 0.068819249247331862 0.016456438441649766 0.020020266741649757 70.474998474121108 0.15208058928626642 450272334.00000006 0.014604161696711587 -0.037270184988182735 23.261216552041983 47.083351004924602 -0.016359500805088575 13600052.500000002 0.0080772575288708976 0.84562301890639202 0.9150539846265241 0.0030837869035551528 1.034998697903504 -0.0073431160529304198 0.013885264205090319
decision_type=2 2 2 2 2 2 2 2 2 2 2 2 2 2 2 2 2 2 2 2 2 2 2 2 2 2 2 2
left_child=1 19 3 4 -3 7 -7 -4 10 15 25 17 -13 14 -11 27 -17 -12 -15 23 21 -21 -22 -1 -25 -2 -27 -10
right_child=8 2 5 -5 -6 6 -8 -9 9 13 11 12 -14 18 -16 16 -18 -19 -20 20 22 -23 -24 24 -26 26 -28 -29
leaf_value=0 0 0 3.8400656160181831e-05 0 -0.00023399186298712834 0 -5.1779492629004979e-05 0 0 -0.00011755715190399726 -6.9195744744592589e-06 3.5588324296891064e-05 -7.8145410017235812e-05 -7.7012279542464115e-05 8.5053258579850966e-06 0 6.6443974598411469e-05 -0.00015598742676789398 8.7789389828401475e-06 0 3.3910568741227741e-06 4.4186989620335664e-05 -2.518112595450873e-05 5.5127479542529664e-05 0 0 9.3479670403029549e-05 -1.3311411721176065e-05
leaf_weight=84 72 29 143 26 35 44 187 163 43 85 77 146 47 34 32 49 355 65 503 555 244 187 556 138 21 39 79 33
leaf_count=84 72 29 143 26 35 44 187 163 43 85 77 146 47 34 32 49 355 65 503 555 244 187 556 138 21 39 79 33
internal_value=0 -2.88678e-06 -1.88433e-05 -8.87367e-05 -0.00013514 -1.52945e-06 -3.06721e-05 1.06725e-05 3.02065e-06 1.06089e-05 -7.65566e-06 -3.6316e-05 0 -7.55317e-06 -5.74816e-05 4.15998e-05 5.31181e-05 -9.63285e-05 0 1.03828e-06 -4.74879e-07 8.68233e-06 -1.27177e-05 2.29771e-05 4.14786e-05 2.70883e-05 4.65096e-05 0
internal_weight=4071 2412 627 90 64 537 231 306 1659 1134 525 335 193 654 117 480 404 142 537 1785 1542 742 800 243 159 190 118 76
internal_count=4071 2412 627 90 64 537 231 306 1659 1134 525 335 193 654 117 480 404 142 537 1785 1542 742 800 243 159 190 118 76
is_linear=0
shrinkage=0.03


Tree=278
num_leaves=13
num_cat=0
split_feature=34 36 34 8 35 23 36 35 0 25 25 23
split_gain=3.8981e-05 0.000182058 0.000102827 0.000164943 0.000340731 0.00013711 0.000112554 0.000102872 0.00019585 8.82902e-05 0.000262915 0.000251698
threshold=0.079414432873510812 0.0036101266983541327 0.050920899952982442 1.0000000180025095e-35 0.01043462541114522 -0.36897032262317703 -0.0025273432433713821 0.023765952918569356 43.615045547485359 -0.52027131783085767 -0.40533074343966341 -0.1212309764109598
decision_type=2 2 2 2 2 2 2 2 2 2 2 2
left_child=2 -2 3 9 -5 -4 -6 8 -7 11 -11 -1
right_child=1 -3 5 4 6 7 -8 -9 -10 10 -12 -13
leaf_value=0 -8.56783065078883e-05 0 0 0 0 8.3709325170172751e-05 -0.00014896679011883632 0 0 -3.9295865220771977e-05 2.2700931506907506e-07 5.9816113234335914e-05
leaf_weight=169 27 33 35 43 22 69 25 25 36 154 3348 85
leaf_count=169 27 33 35 43 22 69 25 25 36 154 3348 85
internal_value=0 -2.41608e-05 0 -3.92407e-07 -4.06715e-05 2.35998e-05 -9.83622e-05 4.06851e-05 5.41288e-05 0 -6.55448e-07 1.75156e-05
internal_weight=4071 60 4011 3846 90 165 47 130 105 3756 3502 254
internal_count=4071 60 4011 3846 90 165 47 130 105 3756 3502 254
is_linear=0
shrinkage=0.03


Tree=279
num_leaves=19
num_cat=0
split_feature=28 26 5 0 21 22 26 28 21 0 0 19 2 2 29 34 25 31
split_gain=3.79059e-05 0.000239399 0.000176691 0.000143338 0.000358399 0.000244192 0.00012969 0.00030939 0.000972758 0.000440634 0.000111116 0.000330988 0.000167689 3.56852e-05 0.000206286 7.71636e-06 3.66008e-05 9.55605e-06
threshold=938649228.00000012 2.0236737168930046 17346230.500000004 42.778907775878913 132.03833312988283 66.874796591267398 1.393878332570696 69941828.000000015 80.591666793823251 28.421022415161136 33.865350723266609 57.275000000000013 78.825000762939467 142.90000152587893 54.076675508922662 -0.013528738201676658 0.25955971243191139 -0.0048077167020976188
decision_type=2 2 2 2 2 2 2 2 2 2 2 2 2 2 2 2 2 2
left_child=1 6 -3 15 5 -5 10 9 -9 -8 11 -1 -12 -6 -15 -2 17 -17
right_child=3 2 -4 4 13 -7 7 8 -10 -11 12 -13 -14 14 -16 16 -18 -19
leaf_value=0 0 0 9.796012988667744e-05 -0.00011109403865358868 3.3281991967924504e-05 0 0.00011238831378013445 -0.00014044953996349016 0 -4.9600750170588388e-06 -6.0748686904620114e-06 3.9433753617575909e-05 1.2647325828475302e-05 -7.0199438794259361e-05 0 0 0 2.1377160364632366e-05
leaf_weight=535 44 34 39 57 27 22 31 64 169 152 1859 259 522 38 59 24 30 106
leaf_count=535 44 34 39 57 27 22 31 64 169 152 1859 259 522 38 59 24 30 106
internal_value=0 4.46411e-07 5.43824e-05 -9.05579e-06 -2.82764e-05 -7.82996e-05 0 -1.62967e-05 -4.0849e-05 0 1.39882e-06 1.14998e-05 -7.10016e-07 0 -4.64858e-06 0 6.58615e-06 1.75093e-05
internal_weight=4071 3664 73 407 203 79 3591 416 233 183 3175 794 2381 124 97 204 160 130
internal_count=4071 3664 73 407 203 79 3591 416 233 183 3175 794 2381 124 97 204 160 130
is_linear=0
shrinkage=0.03


Tree=280
num_leaves=17
num_cat=0
split_feature=20 21 19 33 27 32 34 24 31 34 28 21 21 24 0 24
split_gain=3.86024e-05 0.000297861 0.000450304 0.00016732 0.000237241 0.000347519 0.000274861 0.000323951 0.000224627 0.000178139 7.43768e-05 0.000164801 0.000153351 0.000155254 2.63135e-05 7.36931e-08
threshold=86.1924997329712 85.965416590372726 87.99500045776368 -0.07241451359837052 0.036383376062028273 -0.037270184988182735 -0.02587394700533013 0.17589214291825134 -0.0035755009497419605 -0.020809250119778296 938649228.00000012 132.03833312988283 107.54749997456871 1.4400012800438724 141.0613708496094 0.88078381408677109
decision_type=2 2 2 2 2 2 2 2 2 2 2 2 2 2 2 2
left_child=3 2 15 -1 5 -5 7 -6 -7 -8 12 -12 13 -3 -13 -2
right_child=1 10 -4 4 6 8 9 -9 -10 -11 11 14 -14 -15 -16 -17
leaf_value=7.3444073890531386e-05 -1.3554425828850205e-06 2.2103838502505136e-05 -0.00014400086331159379 -0.00010078310868200917 4.7353876709349363e-05 5.2923091619184596e-06 -3.5741482975316366e-05 0 -5.3383878686988602e-05 7.9849413962106328e-07 -7.8164967356036616e-05 2.9040717389228368e-05 5.9454778525360068e-05 -4.4148953472099646e-05 -2.9183245858599064e-06 0
leaf_weight=28 36 94 34 50 248 187 124 112 69 2812 27 27 53 48 97 25
leaf_count=28 36 94 34 50 248 187 124 112 69 2812 27 27 53 48 97 25
internal_value=0 -8.74818e-06 -5.63369e-05 5.2077e-07 0 -2.53116e-05 2.29803e-06 2.71164e-05 0 0 0 -1.06859e-05 1.59583e-05 0 0 0
internal_weight=4071 441 95 3630 3602 306 3296 360 256 2936 346 151 195 142 124 61
internal_count=4071 441 95 3630 3602 306 3296 360 256 2936 346 151 195 142 124 61
is_linear=0
shrinkage=0.03


Tree=281
num_leaves=22
num_cat=0
split_feature=30 23 31 5 30 34 22 35 32 33 30 4 5 35 35 33 29 5 29 29 30
split_gain=3.69713e-05 0.000168491 0.000253621 0.000165019 0.00034261 0.000218338 0.000266582 0.000546028 0.000209689 0.000248466 0.00020717 0.000132463 0.000443542 0.00016766 0.000427534 0.000219432 9.33819e-05 6.53944e-05 5.81876e-05 2.91052e-05 2.06724e-05
threshold=69.472239222181216 1.4283473312903789 0.00083856531338144535 42119825.500000007 85.965284072146602 0.038221266049971121 69.165723540704604 0.008646275484000595 0.0092814010376520723 0.057133140145569923 72.848922125577459 85.825000762939467 25854471.000000004 0.020367519117336367 0.024986444570376864 -0.029966095685477086 64.365122951101355 15638992.500000002 33.570376020367178 76.734878699011801 88.584186743002846
decision_type=2 2 2 2 2 2 2 2 2 2 2 2 2 2 2 2 2 2 2 2 2
left_child=1 11 18 5 19 6 10 -8 20 -10 -2 13 17 15 -15 -1 -4 -13 -3 -5 -7
right_child=3 2 16 4 -6 8 7 -9 9 -11 -12 12 -14 14 -16 -17 -18 -19 -20 -21 -22
leaf_value=-3.0227617452374312e-05 -3.474446921647697e-05 0 -2.6923956739413266e-05 -2.8652656042093842e-05 -0.00012687187725786379 -2.0776776050751173e-05 0 -8.0990073078287354e-05 5.3122854712357074e-05 0 7.6988386022684509e-06 -1.801379397469938e-05 -0.00015600101800494211 5.7370530680791711e-05 0 1.320848605797329e-06 3.6140534897317455e-05 2.0167064375076184e-05 8.9148693848375952e-05 6.9945556935438977e-06 0
leaf_weight=213 127 26 58 29 30 43 68 122 191 20 557 126 21 164 192 1860 32 44 55 47 46
leaf_count=213 127 26 58 29 30 43 68 122 191 20 557 126 21 164 192 1860 32 44 55 47 46
internal_value=0 1.42113e-06 3.03187e-05 -4.64649e-06 -4.07464e-05 0 -8.92022e-06 -4.03481e-05 2.05678e-05 3.867e-05 0 0 -2.44573e-05 1.42142e-06 2.08856e-05 -4.74938e-07 0 0 6.89482e-05 0 0
internal_weight=4071 2791 171 1280 106 1174 874 190 300 211 684 2620 191 2429 356 2073 90 170 81 76 89
internal_count=4071 2791 171 1280 106 1174 874 190 300 211 684 2620 191 2429 356 2073 90 170 81 76 89
is_linear=0
shrinkage=0.03


Tree=282
num_leaves=26
num_cat=0
split_feature=29 31 30 29 24 30 5 30 24 24 35 30 24 2 24 29 35 0 19 27 24 24 26 31 25
split_gain=3.65796e-05 0.000189677 0.000211625 0.000154831 0.000306167 0.000462946 0.00014697 0.000420811 0.000324887 0.000140157 0.000374233 0.000528102 0.000296169 0.000414382 0.000332537 0.000194409 0.000138023 0.000119773 0.000213895 0.000206282 9.23788e-05 0.000158079 0.00010597 5.99408e-05 4.35848e-05
threshold=79.145765939958139 -0.0095360220073436568 88.1971530531561 66.854761388234252 0.040339062348771486 75.949603021756005 34716379.500000007 85.965284072146602 0.47644629030266877 0.033018301571332835 0.01738148964697735 36.072073616767121 -0.62242522180412518 64.424999237060561 -0.76292248379114669 54.433620112037751 0.0072076097975921714 38.49852371215821 58.97000007629395 0.9042462707295269 -0.92454584895567182 -1.2533171581077376 1.1935584060365139 -0.0055453042821672063 0.2014182607727594
decision_type=2 2 2 2 2 2 2 2 2 2 2 2 2 2 2 2 2 2 2 2 2 2 2 2 2
left_child=3 2 -2 9 20 16 17 24 -9 12 15 -12 14 -14 -1 -11 -6 19 -19 -3 21 -5 -22 -7 -8
right_child=1 6 -4 4 5 23 7 8 -10 10 11 -13 13 -15 -16 -17 -18 18 -20 -21 22 -23 -24 -25 -26
leaf_value=0 -0.00013611370204507603 -3.6922064829510084e-05 0 0 0 1.4891165010430765e-05 -1.342802158700685e-05 -0.0001994980423217778 0 6.780408403564968e-06 -9.0826590554434551e-05 0 4.1496802132178378e-05 0 -5.6082954454645692e-05 -2.4080901708644096e-05 7.8772759130081249e-05 6.2242324474215418e-05 0 4.3699773270327667e-06 -3.5814736626976152e-05 6.1448413492469308e-05 0 -2.4018415630954258e-05 2.7067890170992592e-05
leaf_weight=477 21 150 20 37 37 40 22 20 27 752 111 149 360 415 109 242 154 73 433 82 129 41 44 78 48
leaf_count=477 21 150 20 37 37 40 22 20 27 752 111 149 360 415 109 242 154 73 433 82 129 41 44 78 48
internal_value=0 -5.76153e-06 -6.98375e-05 1.00005e-06 1.57981e-05 3.66566e-05 0 -3.31702e-05 -0.00010381 -1.02225e-06 -9.12461e-06 -4.1187e-05 4.23914e-06 1.78564e-05 -8.6515e-06 0 6.59826e-05 2.15641e-06 1.33864e-05 -9.40641e-06 0 1.2861e-05 -2.01414e-05 0 0
internal_weight=4071 896 41 3175 560 309 855 117 47 2615 1254 260 1361 775 586 994 191 738 506 232 251 78 173 118 70
internal_count=4071 896 41 3175 560 309 855 117 47 2615 1254 260 1361 775 586 994 191 738 506 232 251 78 173 118 70
is_linear=0
shrinkage=0.03


Tree=283
num_leaves=21
num_cat=0
split_feature=34 27 27 35 35 32 22 34 36 35 35 35 33 33 24 32 29 25 25 36
split_gain=3.79459e-05 0.000343595 0.000522291 0.000301396 0.000854207 0.000422814 0.000568074 0.000249783 0.000644003 0.000161429 0.000109746 0.000352588 0.000425984 0.00025 0.000310149 0.000262314 7.83299e-05 6.2647e-05 4.83163e-05 4.42664e-09
threshold=-0.039974652829509953 0.089751644933610236 0.32059386717814542 0.019395036305318285 0.016178143125893819 -0.037270184988182735 32.981435413461718 -0.036236838796095565 0.0012062559443112382 0.010066120289839593 0.027976505429742761 0.034698902335855285 0.025633258649045535 -0.019305237989090115 -0.38879764904156272 -0.022426782591028201 14.186273718820333 -0.56672955104242673 0.0078093258440953281 -0.006892571300954233
decision_type=2 2 2 2 2 2 2 2 2 2 2 2 2 2 2 2 2 2 2 2
left_child=1 3 9 4 19 16 -7 8 -2 -3 13 12 -12 14 -9 -15 -5 -11 -13 -1
right_child=7 2 -4 5 -6 6 -8 10 -10 17 11 18 -14 15 -16 -17 -18 -19 -20 -21
leaf_value=0 -0.00014993674395582702 0 0 -5.9222520916347387e-05 -0.00016823751366354969 0.00017664643041665767 0 0 0 0 -0.00012143275635415952 4.0817633311360554e-05 0 -6.5892450817811642e-05 4.8799660204354583e-05 0 0 0.00013398436291571608 0 2.2028604407208099e-07
leaf_weight=23 36 20 34 20 35 30 20 121 28 20 54 26 25 55 211 3107 28 56 40 82
leaf_count=23 36 20 34 20 35 30 20 121 28 20 54 26 25 55 211 3107 28 56 40 82
internal_value=0 8.56339e-06 5.07716e-05 -1.90341e-06 -4.00463e-05 2.19906e-05 9.24249e-05 -1.39031e-06 -6.01561e-05 9.15486e-05 0 -2.58608e-05 -7.23778e-05 7.04033e-07 2.59467e-05 -9.9837e-07 0 0.000111772 0 0
internal_weight=4071 368 130 238 140 98 50 3703 64 96 3639 145 79 3494 332 3162 48 76 66 105
internal_count=4071 368 130 238 140 98 50 3703 64 96 3639 145 79 3494 332 3162 48 76 66 105
is_linear=0
shrinkage=0.03


Tree=284
num_leaves=27
num_cat=0
split_feature=35 35 23 27 30 27 27 28 22 34 30 35 25 29 5 29 24 27 33 5 27 26 29 5 21 27
split_gain=3.69531e-05 0.000213394 0.000506246 0.00051021 0.0013113 0.000185789 0.000469041 0.000590705 0.00037334 0.000777397 0.000509 0.000961464 0.000647248 0.000327444 0.000194602 0.000253742 0.000175576 0.000333623 0.000126012 0.000192807 0.00026048 0.000222718 0.000149638 0.000177897 0.000117595 6.90256e-05
threshold=0.013254493992681039 0.010926992721910089 -0.8446512582920781 0.34593208433900885 29.847885683011338 0.043005652749231786 -0.01077250542196955 -416500933.49999994 42.719926149933336 -0.029862068671002103 34.015855283653657 0.016456438441649766 0.068819249247331862 18.328456851712538 44476170.500000007 9.3071963907592501 1.4181981016745271 0.85184860916212157 -0.016359500805088575 13600052.500000002 0.76168331232698527 0.84223132621487029 7.257374529610348 16087693.000000002 66.298333454132106 0.25205392402832533
decision_type=2 2 2 2 2 2 2 2 2 2 2 2 2 2 2 2 2 2 2 2 2 2 2 2 2 2
left_child=1 18 3 4 -3 6 14 -8 9 13 11 -10 -12 -7 15 -2 24 -18 22 21 -21 -20 -1 -24 -4 -11
right_child=5 2 16 -5 -6 8 7 -9 10 25 12 -13 -14 -15 -16 -17 17 -19 19 20 -22 -23 23 -25 -26 -27
leaf_value=0 0 0 2.0424518339402175e-05 0 -0.0002863390475096847 0 -0.00021222193235555638 0 5.142099319279869e-06 -1.1006414496555105e-05 4.3897129193547587e-05 -0.00010363901911887885 -5.2627390371525969e-06 0.0001490914116703648 6.3812528817873936e-05 -5.945875613755437e-05 0 -0.00013018411532649254 -8.5792772814520211e-06 -2.8252111625754518e-05 0 2.127896444076516e-05 0 5.5254885808311315e-05 -7.6124397567307548e-06 2.2529748953499602e-05
leaf_weight=33 22 42 219 20 28 52 23 32 78 131 332 116 610 64 39 69 42 27 220 446 354 522 76 134 249 91
leaf_count=33 22 42 219 20 28 52 23 32 78 131 332 116 610 64 39 69 42 27 220 446 354 522 76 134 249 91
internal_value=0 -2.83521e-06 -1.82972e-05 -8.58824e-05 -0.000126612 2.89118e-06 -2.16311e-05 -9.60893e-05 8.00535e-06 3.56822e-05 0 -4.44662e-05 8.88169e-06 9.86616e-05 0 -1.32214e-05 -1.37067e-06 -4.79731e-05 9.16126e-07 -4.17438e-07 -1.23299e-05 8.38357e-06 2.17158e-05 3.44477e-05 0 0
internal_weight=4071 2412 627 90 70 1659 185 55 1474 338 1136 194 942 116 130 91 537 69 1785 1542 800 742 243 210 468 222
internal_count=4071 2412 627 90 70 1659 185 55 1474 338 1136 194 942 116 130 91 537 69 1785 1542 800 742 243 210 468 222
is_linear=0
shrinkage=0.03


Tree=285
num_leaves=22
num_cat=0
split_feature=25 25 35 33 30 30 35 24 35 25 36 30 21 27 33 23 23 25 31 29 34
split_gain=3.54664e-05 0.00030766 0.000466182 0.000979209 0.000171109 0.000546617 0.00010753 0.000329935 0.000458566 0.000307784 0.000215447 0.000229859 0.000141941 0.000105513 0.000559407 5.78639e-05 7.02003e-05 3.5863e-05 1.80979e-05 9.49591e-06 0.000130149
threshold=-0.52027131783085767 -0.40533074343966341 0.016909859650996662 -0.021858703683037935 20.485087210190063 26.123645540196929 0.01454168615908606 -0.77471572696320723 0.032074765444498866 -0.27111752707013592 -0.006892571300954233 61.523535603364294 46.558749866485606 -0.021924382210808242 -0.027506107662314924 0.22503038518501486 -1.7306765787342753 -0.66446016691574405 0.0062912658513204498 14.71391379649261 -0.0048135397534955762
decision_type=2 2 2 2 2 2 2 2 2 2 2 2 2 2 2 2 2 2 2 2 2
left_child=4 2 19 -4 13 -6 10 8 -8 -9 11 -3 -12 -1 -15 16 -7 -17 -16 -2 -21
right_child=1 6 3 -5 5 15 7 9 -10 -11 12 -13 -14 14 18 17 -18 -19 -20 20 -22
leaf_value=1.8234930340203884e-05 0 -6.8440136517097393e-05 -0.00025116393541123165 0 0.00013460816148068563 0 5.8621634027648539e-05 4.5872536263770088e-05 -1.1461439966211228e-05 -7.2366382761556048e-06 3.3352335093194683e-05 0 -2.2087304731638124e-06 -0.00012590229083254251 1.9907399342415755e-05 0 -4.7907513965453416e-05 5.5711239336558895e-05 0 -4.9115140035734175e-05 0
leaf_weight=31 38 90 25 20 37 22 227 112 36 785 105 70 2221 37 41 20 37 20 20 52 25
leaf_count=31 38 90 25 20 37 22 227 112 36 785 105 70 2221 37 41 20 37 20 20 52 25
internal_value=0 -1.21785e-06 -4.20092e-05 -0.000124771 9.95552e-06 3.63945e-05 0 8.06831e-06 3.76253e-05 0 -2.92411e-06 -3.66593e-05 0 0 -2.937e-05 0 -1.92802e-05 2.74014e-05 0 0 -1.05284e-05
internal_weight=4071 3806 160 45 265 136 3646 1160 263 897 2486 160 2326 129 98 99 59 40 61 115 77
internal_count=4071 3806 160 45 265 136 3646 1160 263 897 2486 160 2326 129 98 99 59 40 61 115 77
is_linear=0
shrinkage=0.03


Tree=286
num_leaves=24
num_cat=0
split_feature=34 32 32 36 0 24 20 36 27 34 0 5 35 5 31 0 26 30 32 0 30 31 32
split_gain=3.67537e-05 0.000441397 0.00022812 0.000252957 0.000350543 0.000236265 0.000568117 0.000195715 0.000176476 0.000345933 0.000471791 0.000287147 0.000236518 0.000505515 0.000359055 0.000201064 0.000276778 0.000162886 0.000214089 0.000140029 0.000126441 2.1114e-05 2.70988e-06
threshold=0.0014614877878944557 0.028841380838822043 0.0061903477240933267 0.010337144126166615 39.467140197753913 1.0000000180025095e-35 73.272499847412121 -0.0079168673018036716 0.74831872948882527 0.0066973542034189934 41.474508285522468 24398049.000000004 0.016738283889945905 15203225.000000002 -0.00073077407967170316 41.755178451538093 1.0206194498699224 61.223689180853007 0.0059040285149005731 47.824157714843757 85.439591987869093 -0.0023566552461009578 0.00081037370053882462
decision_type=2 2 2 2 2 2 2 2 2 2 2 2 2 2 2 2 2 2 2 2 2 2 2
left_child=1 2 3 7 -5 6 -4 -1 9 10 11 -2 13 -11 -14 16 20 19 -19 -17 -10 -18 -12
right_child=8 -3 5 4 -6 -7 -8 -9 15 12 22 -13 14 -15 -16 17 21 18 -20 -21 -22 -23 -24
leaf_value=-1.173411874003536e-05 -0.00010801922982091901 -0.00010060775187276193 9.5828321120042481e-05 -8.802019168478198e-05 0 0 0 1.1388501645766629e-05 5.1968273901407788e-05 4.2109732030534269e-06 -5.9192399840377042e-06 0 8.2549388020591039e-05 -5.0251537035013699e-05 0 0 -1.6519054721749595e-05 0 -3.3385494943126231e-05 5.1823227599209704e-05 0 1.3998949383768267e-06 1.7247427809696697e-06
leaf_weight=344 100 34 108 66 45 129 57 1232 196 279 65 20 66 212 108 37 68 227 294 59 58 214 53
leaf_count=344 100 34 108 66 45 129 57 1232 196 279 65 20 66 212 108 37 68 227 294 59 58 214 53
internal_value=0 2.372e-06 5.65874e-06 0 -4.2069e-05 3.0229e-05 5.39973e-05 4.43758e-06 -3.25173e-06 -1.38645e-05 -4.51298e-05 -8.70246e-05 0 -1.32011e-05 2.70386e-05 2.45874e-06 1.76343e-05 -5.86384e-06 -1.61028e-05 1.84451e-05 4.04525e-05 0 0
internal_weight=4071 2015 1981 1687 111 294 165 1576 2056 903 238 120 665 491 174 1153 536 617 521 96 254 282 118
internal_count=4071 2015 1981 1687 111 294 165 1576 2056 903 238 120 665 491 174 1153 536 617 521 96 254 282 118
is_linear=0
shrinkage=0.03


Tree=287
num_leaves=16
num_cat=0
split_feature=5 21 29 33 21 32 23 35 21 5 30 35 25 5 33
split_gain=3.58909e-05 0.000141906 0.000167237 0.000138567 0.000508657 0.000324571 0.00052049 0.000700147 0.000247258 0.000336639 0.000240134 0.000173405 0.000335043 0.000189895 3.62859e-05
threshold=62517113.000000007 66.61499980290732 76.734878699011801 -0.034336216470596863 47.839583269755053 -0.021789088866418557 0.51074758058291547 0.012263668626560186 53.988333384195968 35101912.000000007 25.211566826870058 0.012783364261995901 0.071126645613588932 35389494.000000007 -0.021072284726823372
decision_type=2 2 2 2 2 2 2 2 2 2 2 2 2 2 2
left_child=3 2 -2 4 -1 6 7 -5 9 -6 -10 13 -13 -7 -8
right_child=1 -3 -4 5 8 11 14 -9 10 -11 -12 12 -14 -15 -16
leaf_value=0.0001234318113035163 -8.5883754600865888e-05 0 0 0 -0.0001439206711147233 -6.9175228344781955e-07 3.0957708978319475e-05 -0.00011673751436415641 0 0 5.3520548188171745e-05 2.4304946983715805e-05 -2.0540125640031759e-06 -5.5443482317378071e-05 0
leaf_weight=38 42 27 21 55 22 2079 34 102 76 20 99 721 648 65 22
leaf_count=38 42 27 21 55 22 2079 34 102 76 20 99 721 648 65 22
internal_value=0 -1.89344e-05 -5.0358e-05 0 2.19294e-05 -7.38586e-07 -3.70697e-05 -6.96107e-05 0 -6.06352e-05 1.96698e-05 6.11283e-07 9.63779e-06 -3.75337e-06 6.46875e-07
internal_weight=4071 90 63 3981 255 3726 213 157 217 42 175 3513 1369 2144 56
internal_count=4071 90 63 3981 255 3726 213 157 217 42 175 3513 1369 2144 56
is_linear=0
shrinkage=0.03


Tree=288
num_leaves=25
num_cat=0
split_feature=26 26 33 32 25 22 21 20 22 0 19 36 36 19 24 33 5 0 27 24 29 36 29 21
split_gain=3.56979e-05 0.000308431 0.000252419 0.000711172 0.000213413 0.000199045 0.000398412 0.000256269 0.000223484 0.000105326 0.000316125 0.000401849 0.000450756 0.000403989 0.000352161 0.00011898 0.000115628 0.000110012 0.000156435 7.76524e-05 0.000126774 8.83032e-05 7.13401e-05 5.0085e-05
threshold=1.393878332570696 1.5433447253019756 -0.042540774937775354 -0.018084511918768028 0.053345856660735082 41.055812567955776 65.038749917348241 62.231250190734869 49.479633033557946 33.865350723266609 57.275000000000013 0.0029721871904540716 0.0078504941804656541 48.289999771118168 0.15010192504559494 -0.023591714400867932 15366243.500000002 34.425086975097663 0.80907221990876066 -1.0123414868995761 53.691145670173974 0.0020693571268393151 39.365512026694653 76.364166514078804
decision_type=2 2 2 2 2 2 2 2 2 2 2 2 2 2 2 2 2 2 2 2 2 2 2 2
left_child=9 2 -2 -4 -5 7 -7 -3 -8 10 11 13 -13 -1 15 -12 -16 18 22 21 -21 -19 -11 -9
right_child=1 5 3 4 -6 6 8 23 -10 17 14 12 -14 -15 16 -17 -18 19 -20 20 -22 -23 -24 -25
leaf_value=0 0 0.00011335314489553689 -0.00020824435170451212 0 -6.5995183065838524e-05 -0.00010888969672804884 -3.800171861653566e-05 -1.384861532413015e-05 1.8439352139251106e-05 0 0 8.6993280215076768e-05 0 -8.1092347586186452e-05 -3.1916281264900467e-05 8.0356059175355806e-05 2.9930506771596627e-05 0 0 4.1099863378373077e-06 -8.9628369511994075e-06 4.3870659982047717e-05 -8.8718153123655696e-05 2.6209322370857713e-05
leaf_weight=242 22 31 27 67 44 31 81 34 247 25 27 78 133 82 58 124 50 88 24 1147 1239 75 39 56
leaf_count=242 22 31 27 67 44 31 81 34 247 25 27 78 133 82 58 124 50 88 24 1147 1239 75 39 56
internal_value=0 -6.89046e-06 -4.38596e-05 -6.22506e-05 0 0 -5.32455e-06 3.73525e-05 0 7.11548e-07 1.08094e-05 0 2.96328e-05 -2.33229e-05 3.816e-05 6.77834e-05 0 -1.19161e-06 -3.41519e-05 0 -1.42127e-06 1.99735e-05 -6.16399e-05 0
internal_weight=4071 640 160 138 111 480 359 121 328 3431 794 535 211 324 259 151 108 2637 88 2549 2386 163 64 90
internal_count=4071 640 160 138 111 480 359 121 328 3431 794 535 211 324 259 151 108 2637 88 2549 2386 163 64 90
is_linear=0
shrinkage=0.03


Tree=289
num_leaves=22
num_cat=0
split_feature=31 23 27 23 27 33 27 29 33 24 24 34 22 25 23 23 33 33 32 22 34
split_gain=3.57217e-05 0.000298955 0.000521404 0.000335924 0.000290488 0.000247033 0.000346241 0.000288803 0.000228536 0.000397832 0.000214227 0.00037303 0.00031485 0.000280709 0.000194841 9.52637e-05 0.000134087 8.10651e-05 5.7312e-05 0.000225778 6.14826e-05
threshold=0.0049943910093485097 1.0932438039919605 0.74221264267971343 0.97060942168107556 0.62247862083577543 0.026823861421318766 0.90801229144298101 29.83293345885183 0.023206227011562389 -1.1549089138027908 -1.9010383139874738 -0.073471874082832664 28.315719359047574 -0.10234197028439872 0.51074758058291547 1.6604598783755267 0.031049757283687088 0.037957909067448899 0.019301619074624469 56.670445524395134 0.029724367611292938
decision_type=2 2 2 2 2 2 2 2 2 2 2 2 2 2 2 2 2 2 2 2 2
left_child=8 3 4 5 -3 7 -7 -2 10 -10 13 12 -12 -1 -13 16 -4 -17 20 -20 -11
right_child=1 2 15 -5 -6 6 -8 -9 9 18 11 14 -14 -15 -16 17 -18 -19 19 -21 -22
leaf_value=0 -2.2809561690036366e-05 0 -5.1391849623269427e-05 9.025526361356706e-05 -0.00020218048349998708 -5.9444903009652414e-05 0 1.758109275387678e-05 0.00013756678743671587 0 0 -7.101643364354463e-06 0.00012924003323026734 -0.00011772016310307119 1.0748910801367387e-05 2.897063418403514e-05 0 0 0 8.0722643641124967e-05 -3.258955201952791e-05
leaf_weight=26 173 22 78 37 25 146 98 607 30 37 20 1651 37 32 797 87 30 27 20 39 52
leaf_count=26 173 22 78 37 25 146 98 607 30 37 20 1651 37 32 797 87 30 27 20 39 52
internal_value=0 -4.4424e-06 -3.31269e-05 5.30053e-09 -0.000127409 -3.34778e-07 -2.89553e-05 4.77522e-06 1.46713e-06 3.44674e-05 0 4.88853e-07 7.67459e-05 -5.75168e-05 -6.43628e-08 0 -2.81389e-05 1.12443e-06 0 2.95427e-05 0
internal_weight=4071 1330 269 1061 47 1024 244 780 2741 178 2563 2505 57 58 2448 222 108 114 148 59 89
internal_count=4071 1330 269 1061 47 1024 244 780 2741 178 2563 2505 57 58 2448 222 108 114 148 59 89
is_linear=0
shrinkage=0.03


Tree=290
num_leaves=25
num_cat=0
split_feature=20 21 25 21 20 32 24 35 1 26 28 21 21 33 30 26 28 33 28 21 24 2 35 1
split_gain=3.68586e-05 0.000268679 0.000498682 0.000237249 0.000151376 0.00015157 0.00015682 0.000193085 0.000143124 0.000228937 0.000700751 0.000222644 0.000455082 0.000203839 0.000174218 0.000115086 0.000152305 0.000147135 7.00826e-05 0.00014859 0.00014467 2.78507e-05 2.46855e-05 2.30801e-05
threshold=86.1924997329712 85.965416590372726 -0.4161242156281873 84.190000025431331 77.318749809265157 -0.001854113412579794 1.293066153449338 0.0083831531070517797 67.375000000000014 1.4379100937816991 -282005150.99999994 64.242499955495205 67.925000158945736 -0.016359500805088575 33.445727185764163 1.0095984607832904 1003028685.5000001 0.023605349196339279 938649228.00000012 132.03833312988283 0.86211794367214889 142.90000152587893 0.01355798213090963 117.40000152587892
decision_type=2 2 2 2 2 2 2 2 2 2 2 2 2 2 2 2 2 2 2 2 2 2 2 2
left_child=4 2 -2 -4 8 6 7 -6 11 13 -11 14 -13 -10 -1 16 -7 -17 20 -20 22 -21 -3 -22
right_child=1 18 3 -5 5 15 -8 -9 9 10 -12 12 -14 -15 -16 17 -18 -19 19 21 23 -23 -24 -25
leaf_value=-1.9920881977348603e-05 0 0 0 -0.00018253807850957606 0 4.0431158303415643e-05 0 5.4779388401542203e-05 2.4834751487425361e-05 0 -0.00021236686035990712 4.1760612110715677e-05 -1.4665623340433416e-05 -1.3906830652908114e-05 1.33657451491706e-06 -3.1327443826617331e-05 0 0 -7.4756018033661831e-05 2.9364567373731472e-05 -7.9780824580579841e-06 -4.1816540512143133e-06 8.8767112767049265e-05 2.0030238392014591e-05
leaf_weight=412 33 30 34 28 112 123 28 193 110 22 21 333 110 699 1138 175 91 63 27 27 105 97 25 35
leaf_count=412 33 30 34 28 112 123 28 193 110 22 21 333 110 699 1138 175 91 63 27 27 105 97 25 35
internal_value=0 -8.5369e-06 -5.36725e-05 -0.000107883 5.31638e-07 1.27748e-05 2.81809e-05 3.64643e-05 -1.7924e-06 -1.25655e-05 -8.62908e-05 1.30828e-06 2.0979e-05 -4.92888e-06 -2.37936e-06 0 1.73103e-05 -1.28675e-05 0 -1.08282e-05 1.52474e-05 0 5.64467e-05 0
internal_weight=4071 441 95 62 3630 785 333 305 2845 852 43 1993 443 809 1550 452 214 238 346 151 195 124 55 140
internal_count=4071 441 95 62 3630 785 333 305 2845 852 43 1993 443 809 1550 452 214 238 346 151 195 124 55 140
is_linear=0
shrinkage=0.03


Tree=291
num_leaves=9
num_cat=0
split_feature=32 33 36 25 35 36 36 26
split_gain=3.53795e-05 0.000239231 0.000198029 0.000101826 7.69673e-05 0.000352099 0.000321035 5.07443e-05
threshold=-0.05483290939265794 -0.055479218744477525 -0.0042863336497604328 -0.89238739201564488 0.012783364261995901 0.0027829692628069695 0.0062893600448561951 1.351662677459452
decision_type=2 2 2 2 2 2 2 2
left_child=2 7 -1 -3 6 -6 -5 -2
right_child=1 3 -4 4 5 -7 -8 -9
leaf_value=0 0 -4.9730932469934099e-05 -0.00010223083295372883 0 -5.2029408740423877e-06 2.0825803718893337e-05 -3.5973815394288062e-05 0.00011119058852247293
leaf_weight=28 23 37 20 2039 882 779 242 21
leaf_count=28 23 37 20 2039 882 779 242 21
internal_value=0 0 -2.57291e-05 -1.67277e-07 0 5.19889e-06 -3.2688e-06 6.98552e-05
internal_weight=4071 4023 48 3979 3942 1661 2281 44
internal_count=4071 4023 48 3979 3942 1661 2281 44
is_linear=0
shrinkage=0.03


Tree=292
num_leaves=20
num_cat=0
split_feature=34 27 27 35 35 32 22 34 36 26 32 35 35 32 35 30 30 29 25
split_gain=3.38494e-05 0.000314252 0.000489065 0.000271274 0.000772814 0.00039284 0.000543643 0.000226311 0.000598667 0.000155328 0.000135486 0.000100587 0.000327532 0.00034341 0.00019856 0.000261248 0.000111627 6.65761e-05 4.23192e-05
threshold=-0.039974652829509953 0.089751644933610236 0.32059386717814542 0.019395036305318285 0.016178143125893819 -0.037270184988182735 32.981435413461718 -0.036236838796095565 0.0012062559443112382 1.1260693230231682 -0.00070003491030479193 0.027976505429742761 0.034698902335855285 0.025369138385615168 0.022667221197948995 87.393249244022329 29.847885683011338 14.186273718820333 0.0078093258440953281
decision_type=2 2 2 2 2 2 2 2 2 2 2 2 2 2 2 2 2 2 2
left_child=1 3 9 4 -1 17 -7 8 -2 -3 -11 14 13 -13 16 -16 -9 -5 -14
right_child=7 2 -4 5 -6 6 -8 11 -10 10 -12 12 18 -15 15 -17 -18 -19 -20
leaf_value=0 -0.0001440237934647613 0 0 -5.4598692943578319e-05 -0.00016004972712089043 0.00017136011212974558 0 1.1298521772952883e-05 0 0.00013912092463288546 0 -0.00010919083929157826 3.8200544551999739e-05 0 5.6952039801624147e-05 0 -3.2437798042575634e-06 0 0
leaf_weight=105 36 22 34 20 35 30 20 557 28 52 22 58 26 21 128 20 2789 28 40
leaf_count=105 36 22 34 20 35 30 20 557 28 52 22 58 26 21 128 20 2789 28 40
internal_value=0 8.0961e-06 4.85362e-05 -1.40439e-06 -3.81202e-05 2.04511e-05 8.87467e-05 -1.30812e-06 -5.72398e-05 8.81445e-05 0.000109374 0 -2.47465e-05 -6.96421e-05 6.9136e-07 3.48987e-05 0 0 0
internal_weight=4071 368 130 238 140 98 50 3703 64 96 74 3639 145 79 3494 148 3346 48 66
internal_count=4071 368 130 238 140 98 50 3703 64 96 74 3639 145 79 3494 148 3346 48 66
is_linear=0
shrinkage=0.03


Tree=293
num_leaves=24
num_cat=0
split_feature=31 23 29 23 29 33 29 28 33 23 23 31 0 31 35 0 0 21 31 33 5 5 34
split_gain=3.41148e-05 0.000283304 0.000469786 0.000317794 0.00023798 0.000231902 0.000274465 0.000236381 0.000217611 0.000228904 0.000187725 0.000397444 0.000332402 0.000293954 0.000260983 0.000259131 0.000143919 8.32216e-05 4.69228e-05 0.000101887 5.25373e-05 8.23328e-06 1.90631e-06
threshold=0.0049943910093485097 1.0932438039919605 64.365122951101355 0.97060942168107556 47.268046274840358 0.026823861421318766 29.83293345885183 117290400.00000001 0.023206227011562389 0.83363752004165914 0.51074758058291547 -0.0045889157395934679 67.838405609130874 0.0023606375519384941 0.028492460288314207 42.052522659301765 32.065399169921882 58.178749942779554 0.0095122722970919522 0.037957909067448899 12580729.000000002 21413154.000000004 0.0069570956058941933
decision_type=2 2 2 2 2 2 2 2 2 2 2 2 2 2 2 2 2 2 2 2 2 2 2
left_child=8 3 4 5 -3 6 -2 -7 10 16 12 14 15 -13 -12 -1 -10 -18 20 -20 -4 -11 -6
right_child=1 2 18 -5 22 7 -8 -9 9 21 11 13 -14 -15 -16 -17 17 -19 19 -21 -22 -23 -24
leaf_value=-1.1914644953671464e-05 -2.2266981884170538e-05 0 0 8.7783970309024775e-05 -0.00021379880826058448 -5.1993415122842427e-05 1.7074908078583241e-05 0 0.00012549057130051825 -1.5690053384433932e-05 4.5342488130014911e-05 -2.3026591987516048e-05 -9.4443467752531888e-05 2.8031473433932645e-05 0 1.1849888486157886e-05 0 3.4452813355825543e-05 3.8869679215607311e-05 0 -3.7801032259280844e-05 0 0
leaf_weight=1163 173 39 20 37 20 150 607 94 34 30 336 318 40 124 23 559 27 63 63 45 60 24 22
leaf_count=1163 173 39 20 37 20 150 607 94 34 30 336 318 40 124 23 559 27 63 63 45 60 24 22
internal_value=0 -4.34327e-06 -3.22606e-05 0 -9.30953e-05 -3.44146e-07 4.50168e-06 -2.81204e-05 1.43091e-06 3.36329e-05 0 1.11747e-05 -6.25381e-06 -1.91371e-06 3.56394e-05 -2.45784e-06 5.73014e-05 0 0 5.79968e-06 -2.19506e-05 0 -0.00014759
internal_weight=4071 1330 269 1061 81 1024 780 244 2741 178 2563 801 1762 442 359 1722 124 90 188 108 80 54 42
internal_count=4071 1330 269 1061 81 1024 780 244 2741 178 2563 801 1762 442 359 1722 124 90 188 108 80 54 42
is_linear=0
shrinkage=0.03


Tree=294
num_leaves=29
num_cat=0
split_feature=23 23 28 4 24 33 33 35 35 24 31 26 22 20 0 0 30 31 31 23 35 21 32 24 0 22 31 31
split_gain=3.58634e-05 0.00024968 0.000251526 0.000375536 0.000232428 0.000405517 0.000549227 0.000264103 0.000750099 0.000258201 0.000178172 0.000384483 0.000620054 0.00046554 0.000236284 0.000351063 0.000342222 0.000175605 0.000244375 0.000349293 0.000287309 0.000171264 0.000167698 0.000185359 5.04127e-05 4.25554e-05 2.37338e-05 4.24792e-07
threshold=-0.43940347963209087 -0.59389469088617719 111883541.00000001 43.125000000000007 -0.76292248379114669 -1.0000000180025095e-35 0.011944616810729116 0.032074765444498866 0.017918060659808277 -0.62242522180412518 0.0059371379965620372 1.0986644550437077 66.874796591267398 85.312499618530282 43.073757171630866 46.601722717285163 84.335737212433273 0.0012936929121355469 -0.0050643878171344739 0.8704906216357885 0.015789764030033186 53.155000019073491 -0.0021909837162520924 -0.16255797214765852 41.12184143066407 70.956875377444121 0.0086237772344445202 -0.0050643878171344739
decision_type=2 2 2 2 2 2 2 2 2 2 2 2 2 2 2 2 2 2 2 2 2 2 2 2 2 2 2 2
left_child=1 4 3 -3 7 9 -7 8 -1 -6 17 14 13 -13 16 -16 -12 18 19 -2 -20 -9 24 -24 -19 -14 -5 -4
right_child=10 2 27 26 5 6 -8 21 -10 -11 11 12 25 -15 15 -17 -18 22 20 -21 -22 -23 23 -25 -26 -27 -28 -29
leaf_value=0 -1.4985066102896279e-06 0 -2.6392841958277623e-06 0.00011365702396509217 -5.574726820291917e-05 -0.00016326083206807447 0 0 6.9637126820055174e-05 1.7547948363324804e-05 4.130743372072868e-05 -9.633865540799922e-05 2.8515980689442313e-05 0 -9.145004395490356e-05 0 -2.1325023676147143e-05 -2.6199340995507873e-05 -3.9487357195642921e-06 3.8629555586581623e-05 -6.949481432308979e-05 -0.00010551896424726407 0 3.620383502610072e-05 0 0 0 1.2514521541514246e-06
leaf_weight=428 559 35 37 64 60 39 37 24 170 148 237 161 47 78 49 154 47 66 628 232 92 24 74 358 60 59 25 79
leaf_count=428 559 35 37 64 60 39 37 24 170 148 237 161 47 78 49 154 47 66 628 232 92 24 74 358 60 59 25 79
internal_value=0 3.88028e-06 3.17688e-05 6.14553e-05 -9.39244e-08 -2.53734e-05 -8.4849e-05 6.3786e-06 1.5825e-05 0 -2.24789e-06 -1.43824e-05 -3.87488e-05 -6.709e-05 0 -2.15902e-05 2.03787e-05 1.18226e-06 -2.48334e-06 6.48225e-06 -1.64986e-05 -4.87256e-05 1.64823e-05 2.64608e-05 0 0 9.51505e-05 0
internal_weight=4071 1170 240 124 930 284 76 646 598 208 2901 832 345 239 487 203 284 2069 1511 791 720 48 558 432 126 106 89 116
internal_count=4071 1170 240 124 930 284 76 646 598 208 2901 832 345 239 487 203 284 2069 1511 791 720 48 558 432 126 106 89 116
is_linear=0
shrinkage=0.03


Tree=295
num_leaves=23
num_cat=0
split_feature=20 20 25 20 3 1 30 4 20 28 26 19 23 33 28 0 36 33 29 34 23 33
split_gain=3.55787e-05 0.00024689 0.000451175 0.000145811 0.000141121 0.000161805 0.000253523 0.000206025 0.000135085 0.000314739 0.000583258 0.000251798 0.000220577 0.000129113 0.000120495 0.000129624 0.000114314 5.85595e-05 0.000237005 0.000409998 0.000187751 9.91473e-05
threshold=86.1924997329712 88.112500000000026 -0.4161242156281873 77.318749809265157 81.224998474121108 84.625000000000014 62.753143096270442 86.02500152587892 65.953750133514419 38438503.500000007 1.4379100937816991 64.294999694824227 1.1612684636221859 0.02069175971743276 910236002.50000012 34.865840911865241 0.0027829692628069695 -0.017466611426269704 61.798272034130541 0.0073372034097832781 3.3587526955382647 -0.038229129213786121
decision_type=2 2 2 2 2 2 2 2 2 2 2 2 2 2 2 2 2 2 2 2 2 2
left_child=3 2 -2 8 14 6 -6 -7 11 13 -11 16 -13 -10 15 -5 -1 21 19 -19 -20 -3
right_child=1 17 -4 4 5 7 -8 -9 9 10 -12 12 -14 -15 -16 -17 -18 18 20 -21 -22 -23
leaf_value=-8.5887263734509471e-06 0 0 -0.00011475107076641974 0 -4.6048903606128477e-05 5.5621975270221219e-05 0 0 6.1026631064157685e-05 -1.1507810717672227e-05 -0.0001903953145035723 4.8619245359807677e-05 0 0 0 4.6721377984443362e-05 6.6889065987151228e-06 0 3.2860098412352703e-05 -0.00016543142153810865 -2.0916203393115312e-05 6.5900768549399105e-05
leaf_weight=1012 30 23 50 39 138 86 85 90 56 864 20 181 36 22 130 217 654 101 149 21 35 32
leaf_count=1012 30 23 50 39 138 86 85 90 56 864 20 181 36 22 130 217 654 101 149 21 35 32
internal_value=0 -8.44373e-06 -5.62731e-05 3.96938e-07 1.24549e-05 0 -1.70256e-05 2.14408e-05 -1.87601e-06 -1.15162e-05 -1.89694e-05 1.45626e-06 3.25183e-05 3.44573e-05 2.53848e-05 3.73489e-05 -7.90731e-07 0 -2.87414e-06 -4.1319e-05 6.32961e-06 3.01764e-05
internal_weight=4071 441 80 3630 785 399 223 176 2845 962 884 1883 217 78 386 256 1666 361 306 122 184 55
internal_count=4071 441 80 3630 785 399 223 176 2845 962 884 1883 217 78 386 256 1666 361 306 122 184 55
is_linear=0
shrinkage=0.03


Tree=296
num_leaves=19
num_cat=0
split_feature=28 26 5 0 21 22 26 28 21 0 21 20 31 0 28 34 25 31
split_gain=3.52939e-05 0.000203708 0.000164929 0.000131238 0.000310041 0.000225898 0.000116146 0.000272673 0.000852477 0.000389407 9.91076e-05 0.000184398 0.000124701 1.88551e-05 1.28368e-05 5.83112e-06 3.45557e-05 8.98646e-06
threshold=938649228.00000012 2.0236737168930046 17346230.500000004 42.778907775878913 132.03833312988283 66.874796591267398 1.393878332570696 69941828.000000015 80.591666793823251 28.421022415161136 73.297916475931814 65.953750133514419 -1.0000000180025095e-35 141.0613708496094 1102793640.0000002 -0.013528738201676658 0.25955971243191139 -0.0048077167020976188
decision_type=2 2 2 2 2 2 2 2 2 2 2 2 2 2 2 2 2 2
left_child=1 6 -3 15 5 -5 10 9 -9 -8 11 -1 -12 -6 -15 -2 17 -17
right_child=3 2 -4 4 13 -7 7 8 -10 -11 12 -13 -14 14 -16 16 -18 -19
leaf_value=2.7227758469594722e-06 0 0 9.2178669188271661e-05 -0.00010518665151465064 2.4124397397921087e-05 0 0.00010559545100331185 -0.00013171038638204504 0 -4.9245687127223542e-06 0 -1.6171991035008741e-05 2.1161703910567668e-05 -2.4582687432941713e-05 0 0 0 2.0464887002077147e-05
leaf_weight=1731 44 34 39 57 27 22 31 64 169 152 395 591 458 21 76 24 30 106
leaf_count=1731 44 34 39 57 27 22 31 64 169 152 395 591 458 21 76 24 30 106
internal_value=0 3.52922e-07 5.01425e-05 -8.76957e-06 -2.7124e-05 -7.35981e-05 0 -1.54518e-05 -3.84577e-05 0 1.27782e-06 -7.94913e-07 1.04362e-05 0 -3.51221e-06 0 5.72534e-06 1.67148e-05
internal_weight=4071 3664 73 407 203 79 3591 416 233 183 3175 2322 853 124 97 204 160 130
internal_count=4071 3664 73 407 203 79 3591 416 233 183 3175 2322 853 124 97 204 160 130
is_linear=0
shrinkage=0.03


Tree=297
num_leaves=19
num_cat=0
split_feature=20 21 25 21 33 27 26 36 33 32 26 23 19 5 1 29 19 32
split_gain=3.4465e-05 0.000236791 0.000461831 0.000218812 0.000142394 0.000195552 0.000573588 0.000492847 0.00020495 0.00035726 0.000121317 0.000109073 6.4747e-05 0.000259266 0.000278325 0.000147092 6.91417e-05 4.68157e-05
threshold=86.1924997329712 85.965416590372726 -0.4161242156281873 84.190000025431331 -0.07241451359837052 0.036383376062028273 1.1796789721478504 -0.0056889787267994547 -0.034336216470596863 -0.013729139979940129 1.4247020086142232 -0.55646296333878087 140.77000122070316 15269736.500000002 124.85000228881837 54.076675508922662 159.48999938964849 -0.001854113412579794
decision_type=2 2 2 2 2 2 2 2 2 2 2 2 2 2 2 2 2 2
left_child=4 2 -2 -4 -1 6 11 -8 9 -7 -10 -6 13 17 -15 16 -14 -3
right_child=1 12 3 -5 5 8 7 -9 10 -11 -12 -13 15 14 -16 -17 -18 -19
leaf_value=6.7679478150537204e-05 0 -3.1635588309572754e-05 0 -0.00017455092152776161 -2.2399817937571494e-05 7.5905996375884156e-05 0 -0.00016329779964857876 2.1528956004662022e-06 0 -2.1257930189605182e-05 1.7820571200835077e-05 -0.00010477313479502447 0 0.0001331702193134877 0 0 0
leaf_weight=28 33 42 34 28 117 90 23 42 2975 20 211 124 20 55 29 61 23 116
leaf_count=28 33 42 34 28 117 90 23 42 2975 20 211 124 20 55 29 61 23 116
internal_value=0 -8.30999e-06 -5.06086e-05 -0.000103031 3.9205e-07 0 -2.30657e-05 -0.000102134 1.99685e-06 4.2364e-05 0 0 0 1.15392e-05 5.61948e-05 -1.58147e-05 -6.06267e-05 0
internal_weight=4071 441 95 62 3630 3602 306 65 3296 110 3186 241 346 242 84 104 43 158
internal_count=4071 441 95 62 3630 3602 306 65 3296 110 3186 241 346 242 84 104 43 158
is_linear=0
shrinkage=0.03


Tree=298
num_leaves=20
num_cat=0
split_feature=25 25 35 33 30 30 25 35 35 26 35 27 33 25 31 27 27 29 34
split_gain=3.60883e-05 0.000268485 0.000434405 0.0008983 0.000156176 0.000501388 9.65316e-05 0.000163921 0.000135467 0.000338749 0.000180179 8.9506e-05 0.000513812 8.08767e-05 4.1624e-05 1.04258e-05 7.71381e-05 6.23414e-06 0.000120831
threshold=-0.52027131783085767 -0.40533074343966341 0.016909859650996662 -0.021858703683037935 20.485087210190063 26.123645540196929 -0.38172939580135029 0.01219119141457548 0.032074765444498866 1.0961005705112308 0.016556291321018511 -0.021924382210808242 -0.021072284726823372 -0.66446016691574405 0.005843695775186398 0.27375451609862361 0.18341194463150332 14.71391379649261 -0.0048135397534955762
decision_type=2 2 2 2 2 2 2 2 2 2 2 2 2 2 2 2 2 2 2
left_child=4 2 17 -4 11 -6 7 -3 10 -10 -8 -1 13 -13 -14 16 -7 -2 -19
right_child=1 6 3 -5 5 15 8 -9 9 -11 -12 12 14 -15 -16 -17 -18 18 -20
leaf_value=1.6919645148410282e-05 0 0 -0.0002401239018557051 0 0.00012907564998508651 0 -2.592056963068608e-06 9.2984330032804338e-05 0 -7.917454088514975e-05 1.4164312718086139e-05 -0.00016208493371506206 3.3144826746116933e-05 0 0 1.4855816321850737e-05 -5.7230700551199285e-05 -4.6850565513470803e-05 0
leaf_weight=31 38 21 25 20 37 48 2782 27 33 68 715 23 34 21 20 29 22 52 25
leaf_count=31 38 21 25 20 37 48 2782 27 33 68 715 23 34 21 20 29 22 52 25
internal_value=0 -1.27441e-06 -3.93433e-05 -0.000119011 9.95992e-06 3.50141e-05 0 4.24754e-05 -1.65291e-07 -3.47406e-05 0 0 -2.70259e-05 -0.000110049 0 0 -6.49921e-06 0 -8.53066e-06
internal_weight=4071 3806 160 45 265 136 3646 48 3598 101 3497 129 98 44 54 99 70 115 77
internal_count=4071 3806 160 45 265 136 3646 48 3598 101 3497 129 98 44 54 99 70 115 77
is_linear=0
shrinkage=0.03


Tree=299
num_leaves=24
num_cat=0
split_feature=34 32 33 35 32 27 35 0 32 32 1 34 0 29 29 0 24 30 32 30 32 34 32
split_gain=3.55312e-05 0.000401226 0.000266688 0.000269005 0.000394431 0.000162268 0.000296661 0.000634908 0.00137278 0.00021668 0.000188025 0.00026827 0.00019046 0.000159598 0.000218758 0.000150255 0.000212513 0.00029386 0.000124409 0.000250817 9.36349e-05 9.2634e-05 2.64469e-05
threshold=0.0014614877878944557 0.028841380838822043 0.0081327929907109037 0.013319324127549924 0.01436100919187089 0.79628139260777964 0.016456438441649766 31.253855705261234 0.021338772679130095 1.0000000180025095e-35 49.225000381469734 0.024117908142537673 32.400531768798835 66.854761388234252 51.053736350763472 41.755178451538093 0.64471047277090954 87.16217218990802 0.0059040285149005731 61.223689180853007 -0.0016188175203925568 0.01338057838873208 0.0057845604949501314
decision_type=2 2 2 2 2 2 2 2 2 2 2 2 2 2 2 2 2 2 2 2 2 2 2
left_child=1 2 13 22 -5 6 7 8 -2 -9 12 -12 -8 14 -1 16 17 -7 20 -20 -17 -18 -4
right_child=5 -3 3 4 -6 15 10 9 -10 -11 11 -13 -14 -15 -16 18 21 -19 19 -21 -22 -23 -24
leaf_value=2.6686925680773177e-06 -0.00022052695155345682 -9.5644104495901293e-05 -1.3316411962936641e-05 0.00012317940728312835 0 5.5458939507772066e-05 0 -3.0099582911986469e-05 0 0 6.473048332578983e-05 0 -7.3180268453347064e-05 7.1526878344365698e-05 -3.2098341841059782e-05 0 4.1132739789605848e-05 0 8.3065983205459297e-06 -3.3710260915803158e-05 2.8305066209590816e-05 -1.6187537061599971e-05 1.6824381490933126e-05
leaf_weight=1590 44 34 35 59 27 194 77 290 27 448 102 54 32 28 180 56 25 76 68 287 120 156 62
leaf_count=1590 44 34 35 59 27 194 77 290 27 448 102 54 32 28 180 56 25 76 68 287 120 156 62
internal_value=0 2.29173e-06 5.49166e-06 4.04536e-05 7.93225e-05 -3.22575e-06 -1.20595e-05 -2.2389e-05 -0.000113081 -9.58525e-06 8.15467e-06 3.45521e-05 -2.12444e-06 2.62767e-07 0 3.38118e-06 1.76957e-05 3.50869e-05 -3.12914e-06 -1.72136e-05 8.23764e-06 0 0
internal_weight=4071 2015 1981 183 86 2056 1074 809 71 738 265 156 109 1798 1770 982 451 270 531 355 176 181 97
internal_count=4071 2015 1981 183 86 2056 1074 809 71 738 265 156 109 1798 1770 982 451 270 531 355 176 181 97
is_linear=0
shrinkage=0.03


Tree=300
num_leaves=28
num_cat=0
split_feature=23 28 21 4 21 32 28 26 21 32 31 26 22 20 32 27 5 31 31 23 35 32 28 23 21 22 35
split_gain=3.50637e-05 0.000237426 0.000563859 0.00047267 0.000431603 0.000236136 0.000351305 0.000221665 0.000219659 0.000269566 0.000173117 0.00035792 0.000590881 0.000435722 0.000185167 0.000387576 0.000337942 0.000158369 0.000229099 0.000332971 0.000271507 0.000155081 0.000148751 0.000147074 3.98617e-05 3.95529e-05 3.35616e-05
threshold=-0.43940347963209087 -1157915203.4999998 68.590416685740166 40.524999618530281 47.839583269755053 0.023648821388602585 117290400.00000001 1.1260693230231682 73.60041662851971 0.0059040285149005731 0.0059371379965620372 1.0986644550437077 66.874796591267398 85.312499618530282 0.012820497430395263 0.48141295699179187 40568284.500000007 0.0012936929121355469 -0.0050643878171344739 0.8704906216357885 0.015789764030033186 -0.0021909837162520924 858093728.00000012 -1.2773109351543679 64.242499955495205 70.956875377444121 0.017918060659808277
decision_type=2 2 2 2 2 2 2 2 2 2 2 2 2 2 2 2 2 2 2 2 2 2 2 2 2 2 2
left_child=1 3 5 7 -5 6 -3 26 9 -4 17 14 13 -13 15 -12 -16 18 19 -2 -20 24 -23 -10 -19 -14 -1
right_child=10 2 8 4 -6 -7 -8 -9 23 -11 11 12 25 -15 16 -17 -18 21 20 -21 -22 22 -24 -25 -26 -27 -28
leaf_value=-3.1963902519028816e-05 -1.2588737592402396e-06 6.6496682341390741e-05 -7.0570806268310983e-05 0 -0.00017593745157823502 0 0 7.423690157850002e-05 3.1104934844550308e-05 0 2.3351580711248328e-05 -9.3656209945485556e-05 2.7491600072132953e-05 0 4.484985174427906e-05 -4.6244908131496671e-05 -1.3986534902603984e-05 -3.1524311373503023e-05 -3.537106494364516e-06 3.7775351013640609e-05 -6.7348371882756475e-05 3.3796914296359969e-05 0 -2.6048977259669516e-06 0 0 0
leaf_weight=30 559 266 89 59 29 61 80 36 135 29 58 161 47 78 197 178 54 36 628 232 92 360 72 302 90 59 54
leaf_count=30 559 266 89 59 29 61 80 36 135 29 58 161 47 78 197 178 54 36 628 232 92 360 72 302 90 59 54
internal_value=0 3.87144e-06 1.2247e-05 -2.04368e-05 -7.62574e-05 3.98951e-05 4.98617e-05 0 -2.6273e-06 -4.1268e-05 -2.19831e-06 -1.41674e-05 -3.76483e-05 -6.53446e-05 0 -1.64316e-05 2.02439e-05 1.16532e-06 -2.22396e-06 6.40099e-06 -1.58651e-05 1.57172e-05 2.53392e-05 9.50211e-07 0 0 -2.55139e-06
internal_weight=4071 1170 962 208 88 407 346 120 555 118 2901 832 345 239 487 236 251 2069 1511 791 720 558 432 437 126 106 84
internal_count=4071 1170 962 208 88 407 346 120 555 118 2901 832 345 239 487 236 251 2069 1511 791 720 558 432 437 126 106 84
is_linear=0
shrinkage=0.03


Tree=301
num_leaves=20
num_cat=0
split_feature=25 25 35 24 23 31 22 34 24 26 0 25 35 35 26 35 5 29 34
split_gain=3.31548e-05 0.00025163 0.000409831 0.000867673 0.000148296 0.000247897 0.000230153 0.000358658 0.000176362 0.000124388 0.000104259 8.76446e-05 0.000152951 0.000124371 0.000322834 0.000164199 1.15557e-05 5.25123e-06 0.000116766
threshold=-0.52027131783085767 -0.40533074343966341 0.016909859650996662 -0.42752768244110356 -0.02664460004384139 0.0096648002627581792 36.26928990712036 -0.036236838796095565 -0.61074891505207496 1.4736325521794533 46.217176437377937 -0.38172939580135029 0.01219119141457548 0.032074765444498866 1.0961005705112308 0.016556291321018511 35823551.500000007 14.71391379649261 -0.0048135397534955762
decision_type=2 2 2 2 2 2 2 2 2 2 2 2 2 2 2 2 2 2 2
left_child=4 2 17 -4 6 9 8 -8 16 -6 -10 12 -3 15 -15 -13 -1 -2 -19
right_child=1 11 3 -5 5 -7 7 -9 10 -11 -12 13 -14 14 -16 -17 -18 18 -20
leaf_value=0 0 0 0 -0.00023464233278447854 0 0 -0.00015154086725656119 0 9.6340421657948347e-05 0.00010948347021234186 0 -2.4539105116917214e-06 8.9373235711896588e-05 0 -7.6884729392818352e-05 1.3536155390134271e-05 -1.9238317390287359e-05 -4.5910512717018858e-05 0
leaf_weight=34 38 21 20 25 21 20 21 48 32 41 20 2782 27 33 68 715 28 52 25
leaf_count=34 38 21 20 25 21 20 21 48 32 41 20 2782 27 33 68 715 28 52 25
internal_value=0 -1.22496e-06 -3.80816e-05 -0.000115441 9.54019e-06 4.38125e-05 0 -4.83836e-05 1.99422e-05 7.82972e-05 6.259e-05 0 4.04772e-05 -1.42413e-07 -3.32848e-05 0 0 0 -7.82933e-06
internal_weight=4071 3806 160 45 265 82 183 69 114 62 52 3646 48 3598 101 3497 62 115 77
internal_count=4071 3806 160 45 265 82 183 69 114 62 52 3646 48 3598 101 3497 62 115 77
is_linear=0
shrinkage=0.03


Tree=302
num_leaves=23
num_cat=0
split_feature=20 21 25 21 20 2 29 28 1 36 28 21 21 29 36 36 28 24 22 1 35 33
split_gain=3.41222e-05 0.000220536 0.000444198 0.000193385 0.000138462 0.000128385 0.000164532 0.000170063 0.000121345 0.000236555 0.000352045 0.000209918 0.000399299 0.00016487 0.000120411 0.000104778 6.20428e-05 0.000139113 0.000129759 2.0923e-05 1.96323e-05 1.18159e-05
threshold=86.1924997329712 85.965416590372726 -0.4161242156281873 84.190000025431331 77.318749809265157 77.075000762939467 40.067702175438555 945976281.00000012 67.375000000000014 0.0044600488354861962 483070975.50000006 64.242499955495205 67.925000158945736 24.967805580158178 0.0017915599214126542 0.0018656459655316821 938649228.00000012 0.86211794367214889 49.587375985763124 117.40000152587892 0.01355798213090963 0.017410384407042793
decision_type=2 2 2 2 2 2 2 2 2 2 2 2 2 2 2 2 2 2 2 2 2 2
left_child=4 2 -2 -4 8 -6 14 -8 11 15 -11 13 -13 -1 -7 -10 17 20 -18 -19 -3 -20
right_child=1 16 3 -5 5 6 7 -9 9 10 -12 12 -14 -15 -16 -17 18 19 21 -21 -22 -23
leaf_value=-2.2680649609730496e-05 0 0 0 -0.00016897034665629319 7.999484265839336e-05 0 3.0621985114775273e-05 0 -8.3230799955934486e-06 -6.9381995002571931e-05 0 3.9713441515435673e-05 -1.1605192300970146e-05 2.3854473070292692e-08 -3.3696655260671532e-05 2.1119316311734796e-05 -6.7047224280678119e-05 -8.6860406073510875e-06 8.8892135868312954e-06 1.7623138931404762e-05 8.4726750962918547e-05 -1.0332887777765312e-05
leaf_weight=308 33 30 34 28 33 160 330 156 472 134 108 333 110 1242 106 138 30 105 83 35 25 38
leaf_count=308 33 30 34 28 33 160 330 156 472 134 108 333 110 1242 106 138 30 105 83 35 25 38
internal_value=0 -8.24342e-06 -4.90131e-05 -0.000100581 4.50107e-07 1.21956e-05 5.22132e-06 1.79418e-05 -1.73662e-06 -1.16575e-05 -3.68469e-05 9.99718e-07 2.02004e-05 -2.55356e-06 -6.74398e-06 0 0 1.38292e-05 -1.10729e-05 0 5.43088e-05 0
internal_weight=4071 441 95 62 3630 785 752 486 2845 852 242 1993 443 1550 266 610 346 195 151 140 55 121
internal_count=4071 441 95 62 3630 785 752 486 2845 852 242 1993 443 1550 266 610 346 195 151 140 55 121
is_linear=0
shrinkage=0.03


Tree=303
num_leaves=20
num_cat=0
split_feature=34 32 33 35 32 34 0 30 36 24 36 24 22 26 24 26 0 32 32
split_gain=3.55971e-05 0.00037509 0.000245778 0.000251129 0.00037736 0.000150763 0.000404178 0.0001403 0.000282735 0.000195296 0.000105005 0.000365556 0.000255206 0.000145417 0.000335939 0.000234773 7.90357e-05 2.41599e-05 4.45545e-08
threshold=0.0014614877878944557 0.028841380838822043 0.0081327929907109037 0.013319324127549924 0.01436100919187089 0.00320737062672849 41.569377899169929 44.188463675548739 -0.014562618718254967 0.06279851624490522 0.010861115540805634 -0.066168679241012399 76.530082153199317 1.2984020188837115 0.88849692513723821 1.1768483046752494 32.400531768798835 0.0057845604949501314 0.00081037370053882462
decision_type=2 2 2 2 2 2 2 2 2 2 2 2 2 2 2 2 2 2 2
left_child=1 2 7 17 -5 6 -2 8 -1 -9 13 16 -13 15 -15 -7 -12 -4 -8
right_child=5 -3 3 4 -6 10 18 9 -10 -11 11 12 -14 14 -16 -17 -18 -19 -20
leaf_value=-6.5752675780432593e-05 -0.00010405355965600759 -9.214964512629089e-05 -1.2634983399443117e-05 0.00011959734989441269 0 -4.5825307695096528e-06 0 3.5863412328992414e-05 0 0 0 7.8107042264764201e-05 0 0 -5.4478170199669953e-05 2.9846886849717488e-05 -3.5314505037830418e-05 1.6121740323876066e-05 1.1176720264837719e-06
leaf_weight=62 48 34 35 59 27 1149 32 224 1192 320 45 103 23 203 154 210 57 62 32
leaf_count=62 48 34 35 59 27 1149 32 224 1192 320 45 103 23 203 154 210 57 62 32
internal_value=0 2.30418e-06 5.44418e-06 3.90841e-05 7.66392e-05 -3.22153e-06 -3.74267e-05 3.49901e-07 -3.34382e-06 1.43772e-05 0 1.7565e-05 5.62718e-05 -3.74968e-06 -2.08342e-05 0 -8.74557e-07 0 0
internal_weight=4071 2015 1981 183 86 2056 112 1798 1254 544 1944 228 126 1716 357 1359 102 97 64
internal_count=4071 2015 1981 183 86 2056 112 1798 1254 544 1944 228 126 1716 357 1359 102 97 64
is_linear=0
shrinkage=0.03


Tree=304
num_leaves=17
num_cat=0
split_feature=34 29 28 36 34 36 26 28 32 26 26 32 35 36 36 34
split_gain=3.47924e-05 0.000197403 0.000442767 0.000322477 0.00019329 0.000565174 0.000178913 0.000794465 0.000158443 8.17398e-05 0.0002564 0.000371379 0.00015374 0.000484965 0.000188701 0.000109305
threshold=-0.039974652829509953 25.706298708963029 -499085120.99999994 0.010437804704871921 -0.036236838796095565 0.0012062559443112382 1.2698789301092541 49528668.500000007 -0.03850006591670984 0.89458336599036892 0.85259883927410418 -0.0023481320848689475 0.013254493992681039 0.005483010198877176 0.0041545636194754718 0.0093578510917513586
decision_type=2 2 2 2 2 2 2 2 2 2 2 2 2 2 2 2
left_child=1 3 -3 6 5 -2 8 -8 -1 10 15 -12 13 -11 -14 -6
right_child=4 2 -4 -5 9 -7 7 -9 -10 12 11 -13 14 -15 -16 -17
leaf_value=-7.5345856665848804e-05 -0.00013820045573960659 0 0.00012898449317282553 -8.8463303878155044e-05 5.0809076092653025e-06 0 0.00014121824948749807 0 8.4458344608500221e-07 -2.0490592015729341e-07 0 5.8248330639638873e-05 -4.485532886984396e-06 -5.0979695811689646e-05 1.7633783223021892e-05 -1.8662048756428211e-05
leaf_weight=25 36 24 36 34 477 28 45 55 149 1186 115 180 673 228 533 247
leaf_count=25 36 24 36 34 477 28 45 55 149 1186 115 180 673 228 533 247
internal_value=0 8.1488e-06 5.79898e-05 0 -1.36208e-06 -5.31138e-05 9.23381e-06 4.29195e-05 0 0 6.72244e-06 3.06274e-05 -3.24039e-06 -1.05166e-05 2.80355e-06 0
internal_weight=4071 368 60 308 3703 64 274 100 174 3639 1019 295 2620 1414 1206 724
internal_count=4071 368 60 308 3703 64 274 100 174 3639 1019 295 2620 1414 1206 724
is_linear=0
shrinkage=0.03


Tree=305
num_leaves=24
num_cat=0
split_feature=34 32 32 36 0 29 24 4 27 34 0 26 34 23 3 0 26 30 32 29 30 31 32
split_gain=3.24706e-05 0.000352325 0.000192261 0.000228552 0.000317787 0.000210534 0.000202362 0.000498287 0.000154064 0.000316072 0.000407819 0.000218555 0.00037891 0.000207192 0.000204797 0.000172436 0.000237438 0.00014474 0.000193948 0.000139015 0.000110127 1.96062e-05 2.23186e-06
threshold=0.0014614877878944557 0.028841380838822043 0.0061903477240933267 0.010337144126166615 39.467140197753913 66.854761388234252 1.0000000180025095e-35 70.224998474121108 0.74831872948882527 0.0066973542034189934 41.474508285522468 1.0431832544152406 0.024117908142537673 -0.95251389772193551 71.674999237060561 41.755178451538093 1.0206194498699224 61.223689180853007 0.0059040285149005731 61.093342598215308 85.439591987869093 -0.0023566552461009578 0.00081037370053882462
decision_type=2 2 2 2 2 2 2 2 2 2 2 2 2 2 2 2 2 2 2 2 2 2 2
left_child=1 2 3 5 -5 -1 7 -4 9 10 14 13 -13 -11 -2 16 20 19 -19 -17 -10 -18 -12
right_child=8 -3 6 4 -6 -7 -8 -9 15 11 22 12 -14 -15 -16 17 21 18 -20 -21 -22 -23 -24
leaf_value=4.7261084468725526e-07 -0.00010784898094567373 -8.937544062736381e-05 9.1637660007554337e-05 -8.3788940651305645e-05 0 7.5430788513865152e-05 0 0 4.8142661340221167e-05 0 -5.5547498144029107e-06 4.4414001843546154e-05 -6.292598782283904e-06 -3.5588166953732576e-05 0 0 -1.590896419296336e-05 0 -3.1742125463067184e-05 5.3998305831098253e-05 0 1.3834363511491199e-06 0
leaf_weight=1538 85 34 102 66 45 38 129 63 196 31 65 199 179 256 35 44 68 227 294 52 58 214 53
leaf_count=1538 85 34 102 66 45 38 129 63 196 31 65 199 179 256 35 44 68 227 294 52 58 214 53
internal_value=0 2.12027e-06 5.20935e-06 0 -4.00329e-05 4.18808e-06 2.77697e-05 4.97676e-05 -3.13164e-06 -1.3059e-05 -4.29135e-05 0 1.24724e-05 -2.19148e-05 -8.18965e-05 2.04202e-06 1.62575e-05 -5.44646e-06 -1.52866e-05 1.66998e-05 3.73982e-05 0 0
internal_weight=4071 2015 1981 1687 111 1576 294 165 2056 903 238 665 378 287 120 1153 536 617 521 96 254 282 118
internal_count=4071 2015 1981 1687 111 1576 294 165 2056 903 238 665 378 287 120 1153 536 617 521 96 254 282 118
is_linear=0
shrinkage=0.03


Tree=306
num_leaves=22
num_cat=0
split_feature=25 5 5 19 27 34 27 28 22 27 2 34 29 30 36 36 27 36 29 5 5
split_gain=3.19906e-05 0.000207467 0.00030552 0.00041185 0.000713208 0.000171353 0.000144689 0.000373908 0.000251865 0.000247831 0.000234373 0.000126671 0.000118163 0.000233834 0.000219542 0.000213109 0.000162315 5.62149e-05 3.14171e-05 2.66048e-05 1.72283e-06
threshold=0.10876027739653966 29624162.000000004 53404884.000000007 49.739999771118171 0.78490728026721268 0.03103506201883344 0.42526581962851984 44603044.500000007 52.345661444139374 0.79223068289261123 69.724998474121108 0.044139611498307703 76.028988600197764 54.087643921242893 0.010337144126166615 0.0058271514871843276 0.24085243143847448 -0.0019617788455398304 81.626659370547117 10128300.500000002 16518697.000000002
decision_type=2 2 2 2 2 2 2 2 2 2 2 2 2 2 2 2 2 2 2 2 2
left_child=5 6 3 4 -3 12 7 -2 10 -10 -8 -7 13 14 -1 19 -15 -5 -4 -14 -17
right_child=1 2 18 17 -6 11 8 -9 9 -11 -12 -13 15 16 -16 20 -18 -19 -20 -21 -22
leaf_value=0 0 -0.00020653308674685144 3.5769114348767694e-05 0 0 5.8853828020976072e-05 5.7576709171628213e-05 -0.00012884013590293788 -2.5611216773072653e-05 7.025902716030838e-06 0 0 0 0 -3.3585842228432529e-05 8.3761907164723735e-06 2.9586706563462927e-05 -2.036511764588625e-05 0 -5.5890993778393475e-05 0
leaf_weight=1617 25 35 22 47 33 79 137 27 292 637 89 41 42 59 180 22 408 122 36 101 20
leaf_count=1617 25 35 22 47 33 79 137 27 292 637 89 41 42 59 180 22 408 122 36 101 20
internal_value=0 -3.91546e-06 -2.66603e-05 -4.52145e-05 -0.000112071 1.49775e-06 0 -4.66409e-05 3.82308e-06 -5.20267e-09 3.28212e-05 3.64974e-05 0 1.66443e-06 -1.75998e-06 -2.32519e-05 2.12616e-05 -5.22221e-07 0 -4.51624e-05 0
internal_weight=4071 1502 295 237 68 2569 1207 52 1155 929 226 120 2449 2264 1797 185 467 169 58 143 42
internal_count=4071 1502 295 237 68 2569 1207 52 1155 929 226 120 2449 2264 1797 185 467 169 58 143 42
is_linear=0
shrinkage=0.03


Tree=307
num_leaves=19
num_cat=0
split_feature=34 27 27 35 35 32 32 34 32 35 30 30 35 32 30 35 29 0
split_gain=3.27063e-05 0.000282296 0.000451915 0.000238619 0.000698068 0.000355765 0.0004567 0.000176332 0.000460199 0.000142654 9.33954e-05 0.000199325 0.000182588 0.000142118 0.00016058 0.000121781 5.37694e-05 5.32199e-06
threshold=-0.039974652829509953 0.089751644933610236 0.32059386717814542 0.019395036305318285 0.016178143125893819 -0.037270184988182735 -0.021789088866418557 -0.036236838796095565 -0.017293903797099049 0.010066120289839593 29.847885683011338 33.445727185764163 0.02056584416216602 0.019617471829677661 22.486364607814405 0.016456438441649766 14.186273718820333 32.400531768798835
decision_type=2 2 2 2 2 2 2 2 2 2 2 2 2 2 2 2 2 2
left_child=1 3 9 4 -1 16 -7 8 -2 -3 13 12 -12 14 -9 -13 -5 -15
right_child=7 2 -4 5 -6 6 -8 10 -10 -11 11 15 -14 17 -16 -17 -18 -19
leaf_value=0 -0.00016569476058540499 0 0 -4.9067147600867621e-05 -0.00015155737471376726 0.00019078761389946906 0 0 0 0.00010330665482189165 -5.1879115484624402e-05 -4.0575023498156441e-06 0 -2.809258834436817e-05 3.5819116700781014e-05 1.0568477717215127e-05 0 0
leaf_weight=105 21 20 34 20 35 21 29 292 43 76 135 2240 21 21 253 651 28 26
leaf_count=105 21 20 34 20 35 21 29 292 43 76 135 2240 21 21 253 651 28 26
internal_value=0 7.90762e-06 4.61465e-05 -3.90011e-07 -3.56417e-05 1.93735e-05 8.44151e-05 -1.31651e-06 -5.07535e-05 8.43517e-05 0 -2.55507e-06 -3.57302e-05 1.04099e-05 1.81823e-05 0 0 -1.58698e-05
internal_weight=4071 368 130 238 140 98 50 3703 64 96 3639 3047 156 592 545 2891 48 47
internal_count=4071 368 130 238 140 98 50 3703 64 96 3639 3047 156 592 545 2891 48 47
is_linear=0
shrinkage=0.03


Tree=308
num_leaves=15
num_cat=0
split_feature=34 36 34 5 5 28 20 23 3 19 26 3 33 36
split_gain=3.16722e-05 0.000169905 9.04403e-05 0.000165754 0.00025404 7.38669e-05 0.000635782 0.000528311 0.000400879 0.000526811 0.0002449 0.000156008 6.68963e-05 4.95689e-06
threshold=0.079414432873510812 0.0036101266983541327 0.050920899952982442 27844377.000000004 43559818.000000007 -682756590.99999988 53.387499904632577 -0.6904670559010383 57.875000000000007 56.520000457763679 0.98327186337755923 59.125000000000007 0.036897885286464767 -0.00093466395940346809
decision_type=2 2 2 2 2 2 2 2 2 2 2 2 2 2
left_child=2 -2 5 12 -5 6 10 -8 9 -7 -1 -10 13 -4
right_child=1 -3 3 4 -6 8 7 -9 11 -11 -12 -13 -14 -15
leaf_value=-2.5194096660242642e-05 -8.1819655628001986e-05 0 0 9.8689595092040522e-05 0 0 0 -0.00021952937789527428 -3.2643579238002654e-05 8.1653585254573427e-05 1.3852574599670669e-05 0 -3.8711739993514899e-05 2.0885293734641544e-05
leaf_weight=241 27 33 20 47 33 170 20 23 140 124 351 2777 34 31
leaf_count=241 27 33 20 47 33 170 20 23 140 124 351 2777 34 31
internal_value=0 -2.17783e-05 0 2.2139e-05 5.35972e-05 -3.51326e-07 -1.01615e-05 -0.000121646 6.54717e-07 3.46588e-05 0 -1.74516e-06 0 1.3348e-05
internal_weight=4071 60 4011 165 80 3846 635 43 3211 294 592 2917 85 51
internal_count=4071 60 4011 165 80 3846 635 43 3211 294 592 2917 85 51
is_linear=0
shrinkage=0.03


Tree=309
num_leaves=24
num_cat=0
split_feature=26 26 30 32 28 19 3 21 5 26 30 26 1 26 26 19 30 31 30 20 32 30 26
split_gain=3.09886e-05 0.000279216 0.000240688 0.000711894 0.000181308 0.000490191 0.000239125 0.000427869 0.00012191 8.94765e-05 0.000289918 0.000180157 0.000136483 0.000131354 0.000109162 0.000200685 0.000130996 4.98496e-05 4.03351e-05 0.000124578 0.000116114 1.04559e-06 3.28284e-08
threshold=1.393878332570696 1.5433447253019756 51.103140342516724 -0.013521114082171324 69941828.000000015 63.404999542236332 65.174999237060561 54.962916755676282 13728297.000000002 1.2563245448038749 25.592903754014127 1.2343267702854279 76.52500152587892 1.2445604164123536 1.1768483046752494 45.079999542236337 75.949603021756005 -0.0059844621928430977 59.75794538084542 58.096250247955332 0.023225830405449125 30.158294015428602 1.9147317921196503
decision_type=2 2 2 2 2 2 2 2 2 2 2 2 2 2 2 2 2 2 2 2 2 2 2
left_child=9 2 3 -2 6 -6 7 -3 -7 11 12 14 -11 -13 16 -16 -1 -4 19 -12 -20 -5 -8
right_child=1 4 17 21 5 8 22 -9 -10 10 18 13 -14 -15 15 -17 -18 -19 20 -21 -22 -23 -24
leaf_value=1.8445814416241572e-06 -0.00020467184062160522 0 2.2098725307113808e-05 0 -0.00012630688302049881 -1.3437978651700267e-05 0 0.00013565663864791908 2.0823839403688095e-05 0.00010392972795747051 -5.7976493652567332e-05 -9.3434607206460812e-05 0 0 0 3.6322385405926996e-05 -1.3651827120560379e-05 -2.4176940206692466e-05 3.1637791962694347e-05 0 0 -5.6866492857657236e-06 -1.0441462875011305e-06
leaf_weight=2147 27 20 33 22 28 151 23 41 190 43 37 32 21 64 29 211 596 49 128 91 32 29 27
leaf_count=2147 27 20 33 22 28 151 23 41 190 43 37 32 21 64 29 211 596 49 128 91 32 29 27
internal_value=0 -6.44828e-06 -4.16636e-05 -7.95739e-05 0 -4.39201e-06 3.74787e-05 7.79514e-05 0 6.09393e-07 1.524e-05 -8.93556e-08 7.31191e-05 -4.10597e-05 2.24834e-07 2.01918e-05 -4.29205e-07 0 0 -9.91098e-06 1.21716e-05 0 0
internal_weight=4071 640 160 78 480 369 111 61 341 3431 352 3079 64 96 2983 240 2743 82 288 128 160 51 50
internal_count=4071 640 160 78 480 369 111 61 341 3431 352 3079 64 96 2983 240 2743 82 288 128 160 51 50
is_linear=0
shrinkage=0.03


Tree=310
num_leaves=23
num_cat=0
split_feature=25 25 35 33 30 30 34 26 31 34 26 34 29 26 26 26 22 23 23 25 29 34
split_gain=3.08092e-05 0.000226423 0.000383015 0.00083835 0.000144013 0.000445496 8.57951e-05 0.000396022 0.000336858 0.000228907 0.000253815 0.00018787 0.00018753 5.65715e-05 6.02375e-05 0.000183291 0.000110603 3.67274e-05 6.06425e-05 3.25704e-05 4.01035e-06 0.000110475
threshold=-0.52027131783085767 -0.40533074343966341 0.016909859650996662 -0.021858703683037935 20.485087210190063 26.123645540196929 -0.024967296499343868 1.1370750954465438 -0.029976754081842579 -0.014299532129846469 1.1595737512508986 -0.0076530579558749525 11.286483476432782 1.9147317921196503 1.3132107190140887 1.0235236580035865 33.278750779376729 0.22503038518501486 -1.7306765787342753 -0.66446016691574405 14.71391379649261 -0.0048135397534955762
decision_type=2 2 2 2 2 2 2 2 2 2 2 2 2 2 2 2 2 2 2 2 2 2
left_child=4 2 20 -4 13 -6 7 12 -9 10 -8 -11 -3 14 15 -1 -16 18 -7 -19 -2 -22
right_child=1 6 3 -5 5 17 9 8 -10 11 -12 -13 -14 -15 16 -17 -18 19 -20 -21 21 -23
leaf_value=0 0 -4.4024593621089104e-05 -0.00022832919945996028 0 0.00012205841959309148 0 0 0 6.9525238793400482e-05 2.444573357487694e-05 -7.3240454940642338e-05 -1.042764790359439e-06 4.3369734819127686e-06 -5.0329457266506403e-05 8.3410525710292453e-05 -6.5800594124671674e-05 0 0 -4.2699454154573234e-05 4.9527098108500011e-05 -4.4470985141076008e-05 0
leaf_weight=27 38 85 25 20 37 22 274 21 151 279 82 2550 204 20 22 38 22 20 37 20 52 25
leaf_count=27 38 85 25 20 37 22 274 21 151 279 82 2550 204 20 22 38 22 20 37 20 52 25
internal_value=0 -1.20867e-06 -3.61602e-05 -0.000110838 9.14446e-06 3.33947e-05 0 1.23904e-05 4.9823e-05 -1.42046e-06 -2.43975e-05 4.11314e-07 0 0 0 0 3.50619e-05 0 -1.48678e-05 2.23275e-05 0 -6.84203e-06
internal_weight=4071 3806 160 45 265 136 3646 461 172 3185 356 2829 289 129 109 65 44 99 59 40 115 77
internal_count=4071 3806 160 45 265 136 3646 461 172 3185 356 2829 289 129 109 65 44 99 59 40 115 77
is_linear=0
shrinkage=0.03


Tree=311
num_leaves=13
num_cat=0
split_feature=5 21 33 21 36 21 33 36 22 35 31 25
split_gain=3.12231e-05 0.000132607 0.000130272 0.000473098 0.000229312 0.00035027 0.000194325 0.000126242 9.57579e-05 0.000352894 0.000160647 8.5078e-05
threshold=62517113.000000007 66.61499980290732 -0.034336216470596863 47.839583269755053 -0.0011491291628928332 58.178749942779554 -0.032786884273397258 -0.0077402178228409514 33.541344724667866 0.011937219830253436 -0.017094023325360638 0.18154354912719442
decision_type=2 2 2 2 2 2 2 2 2 2 2 2
left_child=2 11 3 -1 7 -6 -4 -5 9 -8 -10 -2
right_child=1 -3 6 4 5 -7 8 -9 10 -11 -12 -13
leaf_value=0.00011911974504538928 -7.2094479874489501e-05 0 -7.5505841191194733e-05 0 -0.00013826542050755355 0 0 7.0919806323036406e-05 -3.1536919331978048e-05 6.5308804392296213e-05 0 0
leaf_weight=38 43 27 31 75 21 75 126 46 152 93 3324 20
leaf_count=38 43 27 31 75 21 75 126 46 152 93 3324 20
internal_value=0 -1.76602e-05 0 2.12166e-05 0 -3.02836e-05 -8.04658e-07 3.12482e-05 0 1.90473e-05 -1.38755e-06 -4.83396e-05
internal_weight=4071 90 3981 255 217 96 3726 121 3695 219 3476 63
internal_count=4071 90 3981 255 217 96 3726 121 3695 219 3476 63
is_linear=0
shrinkage=0.03


Tree=312
num_leaves=25
num_cat=0
split_feature=31 24 20 25 35 32 19 4 20 24 35 24 33 31 32 24 36 34 31 28 5 33 33 26
split_gain=3.05625e-05 0.000224358 0.000467038 0.000484116 0.000274799 0.000234259 0.000353456 0.000388473 0.00032957 0.000311715 0.000285184 0.000219336 0.000199768 0.000207038 0.000210488 0.000185293 0.000289846 0.000271603 0.000228632 0.000216454 0.000147788 2.96066e-05 0.000152188 3.78984e-05
threshold=0.0049943910093485097 0.63485697479717829 68.833749961853044 0.18348190797545597 0.0085131974647537304 0.019980843639372473 59.81000022888184 69.27500152587892 43.6899998664856 -0.038405653810718456 0.019746486198344248 -0.21158539625386688 0.031049757283687088 -0.0031893924908121814 0.015534543897955168 -1.6457339117145899 -0.01019453323882618 -0.073471874082832664 0.0017249289580112406 -918228049.99999988 27014400.000000004 0.0017437041630368191 0.012880630941822348 1.2631471858375209
decision_type=2 2 2 2 2 2 2 2 2 2 2 2 2 2 2 2 2 2 2 2 2 2 2 2
left_child=12 5 3 4 -3 6 8 -8 -2 11 -11 -7 15 -14 -15 16 -1 19 -19 -17 -18 23 -23 -4
right_child=1 2 21 -5 -6 9 7 -9 -10 10 -12 -13 13 14 -16 17 20 18 -20 -21 -22 22 -24 -25
leaf_value=-0.00013537256500695819 0 0 0 0 -0.00012275633880069506 -1.2429553272867402e-05 -3.3710379851100058e-05 2.3641239488831154e-05 6.9326437277985814e-05 0 9.6762827239068675e-05 -0.00015825168132534804 0 0 0.00011669814087413114 0 -4.4303805371568452e-05 -4.6015945227846917e-06 1.847358627338582e-05 0.00011084561324239788 3.5546450962331003e-05 5.2911062967584667e-05 0 -4.0374428311910512e-05
leaf_weight=23 51 20 21 53 88 188 188 243 154 50 28 21 31 21 41 20 47 2012 478 36 32 53 142 30
leaf_count=23 51 20 21 53 88 188 188 243 154 50 28 21 31 21 41 20 47 2012 478 36 32 53 142 30
internal_value=0 -4.19008e-06 -2.34692e-05 -6.32537e-05 -9.99662e-05 1.06281e-06 1.40688e-05 0 4.65282e-05 -1.73045e-05 9.07806e-06 -4.14974e-05 1.23105e-06 4.44498e-05 7.72181e-05 0 -3.98901e-05 1.2996e-06 0 6.65877e-05 0 0 7.74024e-06 -1.71087e-05
internal_weight=4071 1330 407 161 108 923 636 431 205 287 78 209 2741 93 62 2648 102 2546 2490 56 79 246 195 51
internal_count=4071 1330 407 161 108 923 636 431 205 287 78 209 2741 93 62 2648 102 2546 2490 56 79 246 195 51
is_linear=0
shrinkage=0.03


Tree=313
num_leaves=26
num_cat=0
split_feature=26 26 35 21 34 3 21 35 21 26 0 19 36 36 4 36 25 0 31 27 24 29 34 23 35
split_gain=3.15567e-05 0.00026356 0.000663105 0.000809775 0.000549546 0.000126463 0.000374394 0.000701585 0.000315684 0.000165878 0.000100991 0.000303133 0.000358765 0.000418508 0.000397352 0.000318644 0.000440031 9.66727e-05 0.000209383 8.34184e-05 6.73174e-05 0.000125018 8.46199e-05 4.88189e-05 4.22891e-05
threshold=1.393878332570696 1.5433447253019756 0.012476021766649725 53.988333384195968 -0.036914598792826041 57.875000000000007 71.628750101725274 0.019568472230658145 54.962916755676282 1.9422956554338071 33.865350723266609 57.275000000000013 0.0029721871904540716 0.0078504941804656541 47.324998855590827 0.0050041671904710785 -0.045802321840267328 34.425086975097663 0.0033670186185167377 0.6750899538447791 -1.0123414868995761 53.691145670173974 0.011206855970927189 0.29821515621615197 0.013075797141954048
decision_type=2 2 2 2 2 2 2 2 2 2 2 2 2 2 2 2 2 2 2 2 2 2 2 2 2
left_child=10 2 19 -4 -5 8 7 -7 -3 -8 11 12 14 -14 -1 16 -13 18 23 -2 22 -22 -19 -12 -17
right_child=1 5 3 4 -6 6 9 -9 -10 -11 17 15 13 -15 -16 24 -18 20 -20 -21 21 -23 -24 -25 -26
leaf_value=0 4.9133109893811518e-05 0 0 0 -0.00020003434835547481 -0.0001732362099288349 3.4983010764721498e-05 0 0.00013124982357726661 -9.514900703081126e-08 -0.00011358368147416892 0 8.3138888299373663e-05 0 -7.4543407894986079e-05 -3.5559214095421055e-05 0.00010107916300999705 0 0 0 3.9609520277622157e-06 -8.9788908483720664e-06 4.4246615295070749e-05 0 0
leaf_weight=231 31 20 31 22 52 32 126 23 23 256 25 88 78 133 93 30 102 96 38 24 1147 1239 67 25 39
leaf_count=231 31 20 31 22 52 32 126 23 23 256 25 88 78 133 93 30 102 96 38 24 1147 1239 67 25 39
internal_value=0 -6.5342e-06 -4.06485e-05 -9.0528e-05 -0.000146489 0 0 -7.76141e-05 5.13884e-05 3.62991e-06 5.58824e-07 1.04988e-05 0 2.78025e-05 -2.21989e-05 3.7293e-05 5.8345e-05 -1.29676e-06 -3.22166e-05 1.20805e-07 0 -1.50125e-06 1.83981e-05 -7.4743e-05 0
internal_weight=4071 640 160 105 74 480 437 55 43 382 3431 794 535 211 324 259 190 2637 88 55 2549 2386 163 50 69
internal_count=4071 640 160 105 74 480 437 55 43 382 3431 794 535 211 324 259 190 2637 88 55 2549 2386 163 50 69
is_linear=0
shrinkage=0.03


Tree=314
num_leaves=19
num_cat=0
split_feature=28 19 24 30 29 25 2 35 30 5 5 36 36 25 3 23 32 35
split_gain=3.08491e-05 0.000357462 0.000357782 0.000430102 0.00037811 0.000374138 0.000260119 0.000427485 0.000346482 0.000251901 0.000218467 0.00011707 0.000181284 0.000301107 0.000193131 8.21585e-05 0.000178784 7.08835e-05
threshold=-1157915203.4999998 46.584999847412114 -0.029960307332531046 42.202039512562742 79.56743127984997 -0.2057619647463321 48.274999618530281 0.016809805059629018 43.527192210358685 26176570.500000004 35101912.000000007 0.016324152257335911 0.0094844436749493034 -0.18347381593542747 54.975000381469734 1.0932438039919605 0.029411772671185114 0.017772702574698488
decision_type=2 2 2 2 2 2 2 2 2 2 2 2 2 2 2 2 2 2
left_child=1 2 3 17 5 -4 7 8 -2 -3 -5 12 14 -14 -8 16 -13 -1
right_child=6 9 4 10 -6 -7 11 -9 -10 -11 -12 15 13 -15 -16 -17 -18 -19
leaf_value=0 0.00020528003763580245 0 0 -9.9309964509607023e-05 0 0.00011400531815626228 -2.5133414616762416e-05 0 0 -0.00015143093787526999 0 8.5598648709577107e-05 -7.2224184046989175e-05 0 2.6111198759874364e-06 0 0 2.5900226926992205e-05
leaf_weight=56 22 38 46 68 34 70 244 27 26 25 48 45 85 211 2878 21 32 95
leaf_count=56 22 38 46 68 34 70 244 27 26 25 48 45 85 211 2878 21 32 95
internal_value=0 -7.51997e-06 0 -1.81431e-05 3.94906e-05 7.0337e-05 4.13692e-07 5.59058e-05 0.000113484 -7.43557e-05 -6.39642e-05 0 -1.68965e-06 -2.41655e-05 0 3.1218e-05 4.68941e-05 0
internal_weight=4071 480 417 267 150 116 3591 75 48 63 116 3516 3418 296 3122 98 77 151
internal_count=4071 480 417 267 150 116 3591 75 48 63 116 3516 3418 296 3122 98 77 151
is_linear=0
shrinkage=0.03


Tree=315
num_leaves=23
num_cat=0
split_feature=4 5 5 2 36 36 25 4 26 31 26 24 23 20 28 5 24 28 29 26 25 5
split_gain=3.08422e-05 0.000204982 0.000256468 0.000170309 0.000223117 0.0002059 0.000244412 0.000177992 0.000223767 0.000179246 0.000451244 0.000258303 0.000174126 0.000167693 0.000183473 0.000114323 0.000146843 0.000243134 0.000102947 9.1298e-05 0.000103866 4.00114e-05
threshold=86.02500152587892 26840391.500000004 33977414.500000007 78.825000762939467 -0.00058740862941297756 0.0043993005795594968 0.1488997643909856 76.712497711181655 0.92117677654014485 0.0045405159732548892 1.8600935502217746 0.80928166562891302 -1.0607933944829779 84.853749847412118 1028028914.5000001 18086676.000000004 1.2708963391850037 1113788195.5000002 38.677792800435775 2.8117207495986061 0.24837360076837706 8154015.5000000009
decision_type=2 2 2 2 2 2 2 2 2 2 2 2 2 2 2 2 2 2 2 2 2 2
left_child=3 15 -3 7 13 6 -6 9 -9 11 -11 -1 -10 14 -5 16 21 -18 -7 20 -17 -2
right_child=1 2 -4 4 5 18 -8 8 12 10 -12 -13 -14 -15 -16 19 17 -19 -20 -21 -22 -23
leaf_value=0 0 -0.00011741125640659548 0 5.58171369254512e-05 -4.8385172172657714e-05 0 0 0 0 -3.8040237188872943e-06 -0.00013846600174945015 3.1674265829579698e-05 -8.8721039878820725e-05 0 0 8.1396786797651179e-05 -5.2560284975718213e-05 0 3.9726077555332367e-05 0 0 1.6448414232197008e-05
leaf_weight=1528 29 32 35 212 135 63 56 60 24 931 26 285 67 48 35 39 134 37 115 20 27 133
leaf_count=1528 29 32 35 212 135 63 56 60 24 931 26 285 67 48 35 39 134 37 115 20 27 133
internal_value=0 -7.4812e-06 -5.6168e-05 3.92313e-07 1.4723e-05 0 -2.24501e-05 -1.83871e-06 -3.3549e-05 0 -1.06111e-05 5.43495e-06 -6.38552e-05 3.41801e-05 4.47884e-05 0 -7.64798e-06 -2.97704e-05 2.23537e-05 3.11243e-05 5.00492e-05 0
internal_weight=4071 486 67 3585 664 369 191 2921 151 2770 957 1813 91 295 247 419 333 171 178 86 66 162
internal_count=4071 486 67 3585 664 369 191 2921 151 2770 957 1813 91 295 247 419 333 171 178 86 66 162
is_linear=0
shrinkage=0.03


Tree=316
num_leaves=17
num_cat=0
split_feature=28 19 24 29 25 26 2 34 22 5 36 26 34 24 26 0
split_gain=3.1081e-05 0.000339959 0.000329598 0.000360798 0.000352641 0.000280993 0.000242705 0.000334424 0.000207635 0.000130028 0.000110218 0.000198565 0.000237359 0.000231359 0.000103606 6.45104e-05
threshold=-1157915203.4999998 46.584999847412114 -0.029960307332531046 79.56743127984997 -0.2057619647463321 0.89111905906161459 48.274999618530281 -0.0053054100094571113 41.055812567955776 16411891.000000002 0.016324152257335911 0.98974686646526433 0.032026494284365555 0.1287418440995152 1.2509749354705866 31.151031494140629
decision_type=2 2 2 2 2 2 2 2 2 2 2 2 2 2 2 2
left_child=1 2 8 4 -4 -3 7 -2 15 -10 11 12 -8 -13 -12 -1
right_child=6 5 3 -5 -6 -7 10 -9 9 -11 14 13 -14 -15 -16 -17
leaf_value=1.8793374727082891e-05 0.00012001298560981492 0 0 0 0.00011049139830293787 -0.00011663231755317275 0 0 0 -6.3444825901909618e-05 0 0 4.3159378696195772e-05 -1.9006359993304247e-05 5.8183421589762939e-05 -2.2488934839047009e-05
leaf_weight=104 36 20 46 34 70 43 1350 39 25 96 44 954 138 976 54 42
leaf_count=104 36 20 46 34 70 43 1350 39 25 96 44 954 138 976 54 42
internal_value=0 -7.55958e-06 0 3.7733e-05 6.81001e-05 -7.26889e-05 3.86522e-07 5.39975e-05 -1.76204e-05 -4.72008e-05 0 -1.64913e-06 5.4141e-06 -8.64909e-06 3.02723e-05 0
internal_weight=4071 480 417 150 116 63 3591 75 267 121 3516 3418 1488 1930 98 146
internal_count=4071 480 417 150 116 63 3591 75 267 121 3516 3418 1488 1930 98 146
is_linear=0
shrinkage=0.03


Tree=317
num_leaves=9
num_cat=0
split_feature=32 33 36 25 36 2 19 26
split_gain=2.83341e-05 0.000211948 0.000175148 9.11782e-05 6.00218e-05 0.000749932 0.000388718 4.73598e-05
threshold=-0.05483290939265794 -0.055479218744477525 -0.0042863336497604328 -0.89238739201564488 0.0027829692628069695 54.824998855590827 58.15500030517579 1.351662677459452
decision_type=2 2 2 2 2 2 2 2
left_child=2 7 -1 -3 5 -5 -6 -2
right_child=1 3 -4 4 6 -7 -8 -9
leaf_value=0 0 -4.7077523585850732e-05 -9.5452237822143211e-05 -3.8070480128926051e-05 3.0983222842873011e-05 3.9865241308408191e-06 -1.7210417550878982e-06 0.00010513198719761594
leaf_weight=28 23 37 20 456 399 1971 1116 21
leaf_count=28 23 37 20 456 399 1971 1116 21
internal_value=0 0 -2.30252e-05 -2.03095e-07 0 -2.68061e-06 4.91357e-06 6.574e-05
internal_weight=4071 4023 48 3979 3942 2427 1515 44
internal_count=4071 4023 48 3979 3942 2427 1515 44
is_linear=0
shrinkage=0.03


Tree=318
num_leaves=17
num_cat=0
split_feature=31 0 23 24 35 27 31 24 0 23 0 23 36 35 33 27
split_gain=3.00707e-05 0.000374004 0.000630844 0.000440635 0.000449875 0.000577209 0.000321514 0.000125826 9.08405e-05 0.000285458 0.000151264 0.000389263 0.000253433 0.000121051 5.28114e-05 3.58817e-05
threshold=-0.015468328920867134 48.688875198364265 0.54142778733164232 -1.9010383139874738 0.018827334634065891 0.65738824653660877 -0.013998416260098677 0.28833511495246139 54.271537780761726 0.7965621148721419 42.592924118041999 0.3603854757274832 0.0027829692628069695 0.0077668661704504063 -0.0014750964330366154 0.095796245806524086
decision_type=2 2 2 2 2 2 2 2 2 2 2 2 2 2 2 2
left_child=1 3 -3 -1 15 -6 7 -2 10 13 12 -12 -8 -10 -11 -5
right_child=6 2 -4 4 5 -7 8 -9 9 14 11 -13 -14 -15 -16 -17
leaf_value=-4.2550540812069841e-05 -0.00010228611892113066 -0.00015468629000866882 0 -6.1344431050080085e-07 0.00011534691994501333 0 -6.411393034630794e-06 0 0 -2.3495434009257496e-05 0 -3.9574294502990487e-05 1.3853710922308506e-05 4.7358778898549055e-05 0 1.8323508094518984e-05
leaf_weight=32 39 29 36 74 112 22 1269 25 21 86 536 319 923 193 259 96
leaf_count=32 39 29 36 74 112 22 1269 25 21 86 536 319 923 193 259 96
internal_value=0 7.16442e-06 -4.44355e-05 2.60827e-05 4.31841e-05 8.51367e-05 -1.32831e-06 -6.79358e-05 0 1.09662e-05 -2.18292e-06 -1.32186e-05 7.53461e-07 3.89103e-05 0 0
internal_weight=4071 401 65 336 304 134 3670 64 3606 559 3047 855 2192 214 345 170
internal_count=4071 401 65 336 304 134 3670 64 3606 559 3047 855 2192 214 345 170
is_linear=0
shrinkage=0.03


Tree=319
num_leaves=24
num_cat=0
split_feature=31 23 29 23 29 30 5 33 23 29 23 31 31 35 20 20 22 5 25 31 33 25 5
split_gain=3.13276e-05 0.000245181 0.000415386 0.000291872 0.000230147 0.000211871 0.000280416 0.000186086 0.000204965 0.000182175 0.000171303 0.000347312 0.000245926 0.000243864 0.000224282 0.000210674 0.00017819 0.000127037 0.000145825 3.94765e-05 9.27407e-05 3.68938e-05 6.82836e-06
threshold=0.0049943910093485097 1.0932438039919605 64.365122951101355 0.97060942168107556 47.268046274840358 85.153638423460549 31896368.000000004 0.023206227011562389 0.83363752004165914 29.83293345885183 0.51074758058291547 -0.0045889157395934679 0.0023606375519384941 0.028492460288314207 86.1924997329712 37.067499923706059 41.21487923171604 14751454.500000002 0.18154354912719442 0.0095122722970919522 0.037957909067448899 0.12945996938447199 21413154.000000004
decision_type=2 2 2 2 2 2 2 2 2 2 2 2 2 2 2 2 2 2 2 2 2 2 2
left_child=7 3 4 5 -3 9 -7 10 17 -2 14 13 -13 -12 15 -1 -16 -9 -19 21 -21 -4 -10
right_child=1 2 19 -5 -6 6 -8 8 22 -11 11 12 -14 -15 16 -17 -18 18 -20 20 -22 -23 -24
leaf_value=-6.8264407094129995e-05 -2.2659553450763359e-05 0 0 8.4083777377124615e-05 -0.00014001799305259953 0 -0.00014160204243187646 0 -1.4288812420142195e-05 9.9042154840732411e-06 4.303025478722055e-05 -2.099993454232978e-05 2.5644361746427467e-05 0 0 0 -9.8597086782906441e-05 0 0.00011427274261199244 3.7046512283522058e-05 0 -3.3601555634063959e-05 0
leaf_weight=42 175 39 22 37 42 69 22 43 30 758 336 318 124 23 26 1651 43 35 46 63 45 58 24
leaf_count=42 175 39 22 37 42 69 22 43 30 758 336 318 124 23 26 1651 43 35 46 63 45 58 24
internal_value=0 -4.22382e-06 -3.01361e-05 0 -8.73108e-05 -6.13199e-07 -4.57593e-05 1.27629e-06 3.10713e-05 5.79464e-07 0 1.06478e-05 -1.12557e-06 3.34936e-05 -5.99586e-06 -1.97148e-06 -6.11776e-05 5.35907e-05 7.61872e-05 0 5.38493e-06 -2.01102e-05 0
internal_weight=4071 1330 269 1061 81 1024 91 2741 178 933 2563 801 442 359 1762 1693 69 124 81 188 108 80 54
internal_count=4071 1330 269 1061 81 1024 91 2741 178 933 2563 801 442 359 1762 1693 69 124 81 188 108 80 54
is_linear=0
shrinkage=0.03


Tree=320
num_leaves=27
num_cat=0
split_feature=31 23 27 23 27 30 28 27 27 28 34 31 30 5 5 34 26 36 27 30 34 23 31 5 26 20
split_gain=3.0068e-05 0.0002348 0.000438785 0.000274711 0.000254413 0.000202754 0.000217963 0.000172888 0.000457452 0.000267535 0.000311529 0.000258354 0.000256695 0.000303348 0.0009164 0.000702785 0.000187364 0.000215005 0.000142746 0.000122043 9.09241e-05 7.34107e-05 0.000113883 7.74622e-05 2.75055e-05 8.32673e-06
threshold=0.0049943910093485097 1.0932438039919605 0.74221264267971343 0.97060942168107556 0.62247862083577543 81.532857183419495 387910012.50000006 0.55989138207380029 0.67180186209157866 214019805.50000003 -0.0076530579558749525 0.0042219142682421449 22.486364607814405 26840391.500000004 19163145.000000004 -0.015545857833001218 0.81903776986024801 -0.009063274828788534 0.72442434192144567 30.322896705469784 -0.020393328688371511 1.6604598783755267 0.016973295583450624 34716379.500000007 0.96760726665183217 61.508749866485608
decision_type=2 2 2 2 2 2 2 2 2 2 2 2 2 2 2 2 2 2 2 2 2 2 2 2 2 2
left_child=7 3 4 5 -3 19 -7 12 9 10 -9 18 16 14 -14 -15 20 -18 -10 -2 -1 22 -4 -23 -11 -13
right_child=1 2 21 -5 -6 6 -8 8 11 24 -12 25 13 15 -16 -17 17 -19 -20 -21 -22 23 -24 -25 -26 -27
leaf_value=-4.5747362749735131e-05 -1.088601450744378e-05 0 -4.6723758277948949e-05 8.1568064804379042e-05 -0.00018493397674218106 -6.4697199808350957e-05 0 0.00016324594389520813 -3.11738646343966e-05 1.8402309361676444e-05 1.82951471037449e-06 0.00010360859003430009 0 -1.2714534180829799e-05 -7.291255650967307e-05 8.3819685490317455e-05 0 3.7522284158406851e-05 0 1.1341974305405176e-05 0 2.81802236547701e-05 0 0 0 0
leaf_weight=42 260 22 77 37 25 90 45 40 146 73 79 21 683 169 237 89 62 303 657 629 29 88 31 26 69 42
leaf_count=42 260 22 77 37 25 90 45 40 146 73 79 21 683 169 237 89 62 303 657 629 29 88 31 26 69 42
internal_value=0 -4.17966e-06 -2.95234e-05 0 -0.000115604 -6.257e-07 -3.65993e-05 1.18128e-06 1.09861e-05 4.5802e-05 8.13676e-05 0 -3.80671e-06 -1.24814e-05 -2.17614e-05 8.9822e-06 1.27492e-05 2.52751e-05 -4.10151e-06 1.46641e-06 -9.39524e-06 0 -2.46761e-05 1.46976e-06 0 5.89137e-05
internal_weight=4071 1330 269 1061 47 1024 135 2741 1127 261 119 866 1614 1178 920 258 436 365 803 889 71 222 108 114 142 63
internal_count=4071 1330 269 1061 47 1024 135 2741 1127 261 119 866 1614 1178 920 258 436 365 803 889 71 222 108 114 142 63
is_linear=0
shrinkage=0.03


Tree=321
num_leaves=21
num_cat=0
split_feature=25 25 26 30 34 36 25 35 20 25 34 21 29 30 31 36 36 34 33 33
split_gain=3.0133e-05 0.000187171 0.00042122 0.000267203 0.000155266 0.000120954 0.000193423 0.000219098 0.000162773 0.00012933 0.000117176 0.00011387 0.000103729 0.000223525 0.000243722 0.000213594 0.000200193 1.72346e-05 6.04484e-06 5.81889e-06
threshold=0.10876027739653966 0.16857486571520922 1.2343267702854279 83.717189729105442 0.03103506201883344 -0.01019453323882618 0.25955971243191139 0.0069977912016745284 61.064999771118174 0.42964165755934985 0.044139611498307703 68.590416685740166 76.028988600197764 54.087643921242893 -0.026743222483896264 0.010337144126166615 0.0058271514871843276 0.0059137787775519488 0.019377426393787259 0.0044543509387302569
decision_type=2 2 2 2 2 2 2 2 2 2 2 2 2 2 2 2 2 2 2 2
left_child=4 2 3 11 12 8 7 -7 -3 -8 18 -2 13 15 -15 -1 17 -14 -6 -4
right_child=1 5 19 -5 10 6 9 -9 -10 -11 -12 -13 16 14 -16 -17 -18 -19 -20 -21
leaf_value=0 0 -8.9168278422118447e-05 -0.00014567905959219591 -8.9113779125837251e-05 0 0 -1.4288411706483605e-05 3.722730679500436e-05 0 8.2536617761099132e-06 0 3.3234020172877963e-05 0 -2.4257303787759632e-05 3.0283404680950349e-05 -3.3178178718334775e-05 0 -4.8031138391450543e-05 6.8084931630628959e-05 0
leaf_weight=1617 127 30 27 30 24 50 456 279 34 349 41 94 20 27 440 180 42 123 55 26
leaf_count=1617 127 30 27 30 24 50 456 279 34 349 41 94 20 27 440 180 42 123 55 26
internal_value=0 -3.85633e-06 -2.50479e-05 0 1.36424e-06 0 3.75963e-06 2.4003e-05 -3.8055e-05 -7.89456e-07 3.46891e-05 2.56115e-06 0 1.4936e-06 2.0703e-05 -1.83e-06 -2.18419e-05 -4.33147e-05 5.62165e-05 -0.000103597
internal_weight=4071 1502 304 251 2569 1198 1134 329 64 805 120 221 2449 2264 467 1797 185 143 79 53
internal_count=4071 1502 304 251 2569 1198 1134 329 64 805 120 221 2449 2264 467 1797 185 143 79 53
is_linear=0
shrinkage=0.03


Tree=322
num_leaves=23
num_cat=0
split_feature=25 5 5 3 27 32 36 26 25 36 34 34 32 23 0 26 36 36 32 24 33 26
split_gain=2.98814e-05 0.000201941 0.000295411 0.000417523 0.000603741 0.000156194 0.00030347 0.000188705 0.000541889 0.000293731 0.000147127 0.000111862 9.53732e-05 0.000155695 0.000868133 0.000133459 8.73283e-05 8.39447e-05 5.07738e-05 2.71988e-05 3.15915e-06 1.07249e-08
threshold=0.10876027739653966 29624162.000000004 53404884.000000007 51.725000381469734 0.78490728026721268 -0.0042177270492764754 -0.009063274828788534 1.2698789301092541 0.16857486571520922 0.0030371610720302789 0.03103506201883344 0.044139611498307703 0.02459960409972262 -2.0060586456028591 31.720415115356449 1.5119566025690505 -0.00069807366462388447 -0.0015515676201774868 -0.0027778086873658232 0.65326751208336986 0.019377426393787259 1.1340045818691762
decision_type=2 2 2 2 2 2 2 2 2 2 2 2 2 2 2 2 2 2 2 2 2 2
left_child=10 5 3 4 -3 6 -2 9 -9 -7 12 20 13 14 -1 21 -8 -15 -5 -4 -12 -14
right_child=1 2 19 18 -6 7 16 8 -10 -11 11 -13 15 17 -16 -17 -18 -19 -20 -21 -22 -23
leaf_value=0.00013415712058551448 -9.7465589688357514e-05 -0.00018849448332458236 2.6040084624096713e-05 0 0 3.3080369901924427e-05 1.1813619972952625e-05 -0.00014186909858256101 0 0 0 0 -5.0333319836860359e-07 6.5645664205073274e-06 -1.020808090280709e-05 -8.8415438697028397e-05 -2.2734003976882981e-05 -5.1976404359130874e-06 -1.8528996629647106e-05 0 6.6046089374939033e-05 0
leaf_weight=51 38 39 36 29 36 428 122 25 205 270 24 41 38 886 35 26 119 1383 133 22 55 30
leaf_count=51 38 39 36 29 36 428 122 25 205 270 24 41 38 886 35 26 119 1383 133 22 55 30
internal_value=0 -3.86819e-06 -2.63068e-05 -4.45273e-05 -0.000106128 0 -1.78381e-05 7.46831e-06 -8.71677e-06 1.70994e-05 1.31129e-06 3.37537e-05 0 9.02353e-07 4.0617e-05 -2.9863e-05 0 0 0 0 5.47962e-05 0
internal_weight=4071 1502 295 237 75 1207 279 928 230 698 2569 120 2449 2355 86 94 241 2269 162 58 79 68
internal_count=4071 1502 295 237 75 1207 279 928 230 698 2569 120 2449 2355 86 94 241 2269 162 58 79 68
is_linear=0
shrinkage=0.03


Tree=323
num_leaves=16
num_cat=0
split_feature=5 21 29 33 21 32 23 35 21 5 3 35 25 5 33
split_gain=3.01313e-05 0.000128258 0.000147559 0.000115837 0.000450143 0.000257634 0.00043921 0.000619901 0.00020926 0.000287991 0.000170416 0.000140777 0.000297952 0.000179337 2.63412e-05
threshold=62517113.000000007 66.61499980290732 76.734878699011801 -0.034336216470596863 47.839583269755053 -0.021789088866418557 0.51074758058291547 0.012263668626560186 53.988333384195968 35101912.000000007 57.875000000000007 0.012783364261995901 0.071126645613588932 35389494.000000007 -0.021072284726823372
decision_type=2 2 2 2 2 2 2 2 2 2 2 2 2 2 2
left_child=3 2 -2 4 -1 6 7 -5 9 -6 -10 13 -13 -7 -8
right_child=1 -3 -4 5 8 11 14 -9 10 -11 -12 12 -14 -15 -16
leaf_value=0.00011533986082929369 -8.0873044672247329e-05 0 0 0 -0.00013342834347479751 -5.6564312044142536e-07 2.6367075585615417e-05 -0.00010783758969422446 7.6878439721106103e-05 0 0 2.2468610520556601e-05 -2.3618356422396962e-06 -5.3770651854145499e-05 0
leaf_weight=38 42 27 21 55 22 2079 34 102 35 20 140 721 648 65 22
leaf_count=38 42 27 21 55 22 2079 34 102 35 20 140 721 648 65 22
internal_value=0 -1.73487e-05 -4.75301e-05 0 1.99692e-05 -8.23481e-07 -3.31454e-05 -6.32961e-05 0 -5.64713e-05 1.75736e-05 2.832e-07 8.52488e-06 -3.58029e-06 0
internal_weight=4071 90 63 3981 255 3726 213 157 217 42 175 3513 1369 2144 56
internal_count=4071 90 63 3981 255 3726 213 157 217 42 175 3513 1369 2144 56
is_linear=0
shrinkage=0.03


Tree=324
num_leaves=27
num_cat=0
split_feature=22 22 26 23 33 31 32 35 23 32 2 32 35 4 21 23 33 36 31 20 19 2 36 26 30 23
split_gain=3.02132e-05 0.000292906 0.000383323 0.000594714 0.000751145 0.000247429 0.000329094 0.000245283 0.000533729 0.000416178 0.000224586 0.000379511 0.000333921 0.000243133 0.000220948 0.000196716 0.000349402 0.000256051 0.000189706 0.00016796 0.000131451 0.000125513 0.000115085 0.000174038 3.46455e-05 1.81607e-06
threshold=42.192289148926903 46.158234728341476 1.156303208417645 -0.52312527369717177 -0.024380629478674861 -0.0045889157395934679 0.010305949388444204 0.019395036305318285 -2.3515033974237372 -0.05483290939265794 61.824998855590827 -0.014303394105672605 0.0094482455230274539 58.925001144409187 67.925000158945736 1.0563844857183897 0.0050493470295293061 -0.0022800626671577303 -0.0039970891085403517 50.906249904632581 71.235000610351577 40.625000000000007 -0.0042098921611652728 0.99824735957734545 32.202622671927791 -0.97443126972103744
decision_type=2 2 2 2 2 2 2 2 2 2 2 2 2 2 2 2 2 2 2 2 2 2 2 2 2 2
left_child=7 2 22 25 -5 6 19 10 -9 -10 11 13 -13 -1 18 17 -17 -7 -12 -3 -16 -11 24 -24 -2 -4
right_child=1 5 3 4 -6 15 -8 8 9 21 14 12 -14 -15 20 16 -18 -19 -20 -21 -22 -23 23 -25 -26 -27
leaf_value=2.9680264940629311e-05 0 0 -5.5480541648309627e-06 0 -0.00020862024456495972 2.7696427932363018e-05 -3.2603759299029541e-05 -2.8716610076854806e-05 0 0 0 0 -8.3490442442365733e-05 -6.6570001065559758e-05 -3.0036276984659332e-05 -5.1616118648631551e-05 0 -3.2728327193671105e-06 9.6073804372973434e-05 3.6605319519544557e-05 8.6748830947469344e-06 9.4905302297988969e-05 0 5.2552604770140516e-05 -4.6645163900446341e-05 0
leaf_weight=117 21 93 53 24 42 284 49 37 24 33 34 38 117 26 105 192 358 1217 43 446 312 130 124 62 55 35
leaf_count=117 21 93 53 24 42 284 49 37 24 33 34 38 117 26 105 192 358 1217 43 446 312 130 124 62 55 35
internal_value=0 -2.07371e-06 -2.5756e-05 -6.34821e-05 -0.00013226 5.23549e-07 1.85605e-05 3.71906e-06 3.23502e-05 6.04761e-05 -5.94306e-07 -2.41719e-05 -5.76643e-05 0 7.55901e-06 -3.18549e-06 -1.89401e-05 5.89695e-07 5.42709e-05 2.87818e-05 0 8.05732e-05 0 8.9396e-06 -3.41413e-05 0
internal_weight=4071 3055 416 154 66 2639 588 1016 224 187 792 298 155 143 494 2051 550 1501 77 539 417 163 262 186 76 88
internal_count=4071 3055 416 154 66 2639 588 1016 224 187 792 298 155 143 494 2051 550 1501 77 539 417 163 262 186 76 88
is_linear=0
shrinkage=0.03


Tree=325
num_leaves=25
num_cat=0
split_feature=34 32 33 35 32 29 30 4 32 32 26 34 26 23 25 36 33 26 26 21 26 32 30 34
split_gain=2.94407e-05 0.000314984 0.000212892 0.000221153 0.000362436 0.000150678 0.000292544 0.000349293 0.000258032 0.000198352 0.000284501 0.000575495 0.000219819 0.000156115 0.000318155 0.000174345 0.00013588 0.000397674 0.000206018 7.19004e-05 6.16631e-05 1.90505e-05 7.81425e-06 7.93255e-09
threshold=0.0014614877878944557 0.028841380838822043 0.0081327929907109037 0.013319324127549924 0.01436100919187089 57.124931698710142 54.391690969242049 67.825000762939467 0.028841380838822043 0.01823381920185874 1.0111195753076945 0.023826634116473348 0.84996688027109712 0.7965621148721419 0.33762200476847798 -0.0012388029577153415 0.0023794297662605994 0.95332119387323588 2.0815051607390234 64.512083339691173 1.0111195753076945 0.0057845604949501314 68.523870857348996 0.0077327077602002978
decision_type=2 2 2 2 2 2 2 2 2 2 2 2 2 2 2 2 2 2 2 2 2 2 2 2
left_child=1 2 16 21 -5 6 7 8 -2 13 12 -12 -11 15 -15 -7 18 -18 -1 20 -8 -4 -21 -9
right_child=5 -3 3 4 -6 9 19 23 -10 10 11 -13 -14 14 -16 -17 17 -19 -20 22 -22 -23 -24 -25
leaf_value=6.4415642864427613e-08 -9.7241442175859119e-05 -8.4643017008519629e-05 -1.1735554484418652e-05 0.00011359034224618982 0 2.1044274083839413e-05 0 3.009228884558867e-07 0 0 8.9195936841007076e-05 -1.8897656169883147e-05 7.3415821104764708e-05 -4.028035687915956e-05 0 -7.6328717203565154e-06 0 -6.853052805720332e-05 5.6936462219936966e-05 0 7.5478596772537309e-05 1.4080148761651075e-05 -1.7838933704235495e-05 -2.273105338809777e-07
leaf_weight=1566 102 34 35 59 27 285 20 57 25 41 54 245 110 287 164 526 70 96 66 59 21 62 22 38
leaf_count=1566 102 34 35 59 27 285 20 57 25 41 54 245 110 287 164 526 70 96 66 59 21 62 22 38
internal_value=0 1.8018e-06 4.80397e-06 3.60019e-05 7.11904e-05 -3.1153e-06 -2.12625e-05 -4.34268e-05 -7.59528e-05 0 1.76072e-05 0 5.1167e-05 -5.55738e-06 -1.99469e-05 0 0 -2.37158e-05 4.20586e-06 0 3.96795e-05 0 0 0
internal_weight=4071 2015 1981 183 86 2056 344 222 127 1712 450 299 151 1262 451 811 1798 166 1632 122 41 97 81 95
internal_count=4071 2015 1981 183 86 2056 344 222 127 1712 450 299 151 1262 451 811 1798 166 1632 122 41 97 81 95
is_linear=0
shrinkage=0.03


Tree=326
num_leaves=18
num_cat=0
split_feature=28 26 5 0 21 22 26 33 33 27 27 0 2 29 34 27 36
split_gain=3.05279e-05 0.000178646 0.000134679 0.000110185 0.00028698 0.000209502 9.22745e-05 0.000260252 0.00046444 9.48774e-05 0.000630869 0.000359878 2.04257e-05 0.000177706 2.96266e-06 3.05787e-05 3.06718e-05
threshold=938649228.00000012 2.0236737168930046 17346230.500000004 42.778907775878913 132.03833312988283 66.874796591267398 1.393878332570696 0.036148933732436002 0.0056789766937630501 0.72442434192144567 0.68667935106283673 43.615045547485359 142.90000152587893 54.076675508922662 -0.013528738201676658 0.73086778344445713 0.0017915599214126542
decision_type=2 2 2 2 2 2 2 2 2 2 2 2 2 2 2 2 2
left_child=1 6 -3 14 5 -5 9 8 -8 10 -1 -11 -6 -14 -2 16 -16
right_child=3 2 -4 4 12 -7 7 -9 -10 11 -12 -13 13 -15 15 -17 -18
leaf_value=9.9807762415222385e-07 0 0 8.4951153225110612e-05 -0.00010020071727055698 2.5602774385266631e-05 0 -3.1331127330070697e-05 -8.3460369761186558e-05 3.6899763982835985e-05 2.3894374857157913e-05 -6.8678807601061393e-05 -8.0503304057965293e-06 -6.4915567517324568e-05 0 2.7029918430836081e-05 0 0
leaf_weight=1968 44 34 39 57 27 22 230 45 141 665 121 421 38 59 79 43 38
leaf_count=1968 44 34 39 57 27 22 230 45 141 665 121 421 38 59 79 43 38
internal_value=0 2.21849e-07 4.69249e-05 -8.18822e-06 -2.4953e-05 -6.97424e-05 0 -1.38592e-05 0 9.91927e-07 -1.60485e-06 8.74888e-06 0 -2.52492e-06 0 4.081e-06 1.60558e-05
internal_weight=4071 3664 73 407 203 79 3591 416 371 3175 2089 1086 124 97 204 160 117
internal_count=4071 3664 73 407 203 79 3591 416 371 3175 2089 1086 124 97 204 160 117
is_linear=0
shrinkage=0.03


Tree=327
num_leaves=24
num_cat=0
split_feature=29 27 0 25 30 32 5 22 29 35 30 22 32 23 32 30 36 35 36 27 25 0 5
split_gain=3.0334e-05 0.000167543 0.000334056 0.000322081 0.000353058 0.000316089 0.000191959 0.000175565 0.000130384 0.000215771 0.000240307 0.000326737 0.000150262 0.000235631 0.000187372 0.000221792 0.0001776 8.53624e-05 8.40333e-05 9.45131e-05 7.57033e-05 7.50945e-05 7.11941e-05
threshold=79.145765939958139 0.89703740445807301 38.49852371215821 0.43930039433819607 67.90553890244864 -0.00076833262109365908 23881004.000000004 61.775222745466763 66.854761388234252 0.0073148249765633156 83.080410424725116 47.070435718597295 0.013573030069202187 1.0932438039919605 0.0059040285149005731 54.087643921242893 0.011173207711625647 0.011794420784965095 0.0018656459655316821 1.0598682896562828 0.12945996938447199 45.145324707031257 48674640.000000007
decision_type=2 2 2 2 2 2 2 2 2 2 2 2 2 2 2 2 2 2 2 2 2 2 2
left_child=8 2 3 4 -2 -4 -7 21 12 20 11 -11 14 17 16 -16 -1 -14 19 -9 -10 -3 -20
right_child=1 7 5 -5 -6 6 -8 18 9 10 -12 -13 13 -15 15 -17 -18 -19 22 -21 -22 -23 -24
leaf_value=0 0 6.3818313693752212e-05 -6.5013940915028626e-05 0 -9.4514334454405628e-05 3.39768645413395e-05 -4.8765466493516541e-06 -3.627616814148533e-05 0 0 -1.8795222141892878e-06 4.7758383106292159e-05 -3.0224318321247217e-05 -9.5822607647392911e-05 3.7751264244191989e-05 0 -4.0384715712126288e-05 0 1.9655683132779251e-05 0 -4.3670133469240766e-05 0 0
leaf_weight=1888 29 56 53 27 121 201 27 119 49 78 37 356 84 38 255 50 101 199 176 35 40 22 30
leaf_count=1888 29 56 53 27 121 201 27 119 49 78 37 356 84 38 255 50 101 199 176 35 40 22 30
internal_value=0 -5.34565e-06 -1.94615e-05 -5.1743e-05 -7.13452e-05 0 1.62236e-05 2.56813e-06 7.30362e-07 1.44007e-05 2.53193e-05 3.45489e-05 -1.05039e-06 -2.07133e-05 3.94123e-07 2.31808e-05 -1.59283e-06 -7.04891e-10 0 -2.15658e-05 -9.67542e-06 4.53889e-05 4.38384e-06
internal_weight=4071 896 458 177 150 281 228 438 3175 560 471 434 2615 321 2294 305 1989 283 360 154 89 78 206
internal_count=4071 896 458 177 150 281 228 438 3175 560 471 434 2615 321 2294 305 1989 283 360 154 89 78 206
is_linear=0
shrinkage=0.03


Tree=328
num_leaves=28
num_cat=0
split_feature=34 36 35 26 0 36 35 25 29 30 4 25 25 22 29 0 34 35 0 22 31 0 21 30 21 36 34
split_gain=2.99955e-05 0.000221056 0.000326051 0.000309958 0.000231293 0.00043888 0.000389801 0.000163455 0.000135714 0.000277097 0.000330671 0.000180628 0.000410738 0.000367598 0.000236726 0.000234294 0.000184116 0.000141028 0.000131475 0.000347925 0.000146306 7.03507e-05 6.78539e-05 4.21829e-05 2.73312e-05 2.45121e-05 4.6591e-09
threshold=0.0014614877878944557 0.010861115540805634 0.02694305971957588 1.2631471858375209 33.865350723266609 -0.012829884287274249 0.014604161696711587 -0.33097986274561664 57.124931698710142 54.391690969242049 67.825000762939467 0.10202106665758269 0.16509474610322986 54.434143932532244 75.292387584263011 32.534826278686531 0.014975462449769441 0.0085131974647537304 34.647304534912116 46.931307446779066 -0.0020373465583468082 43.073757171630866 64.512083339691173 63.173436656945761 82.26666666666668 0.013433413835975969 0.0077327077602002978
decision_type=2 2 2 2 2 2 2 2 2 2 2 2 2 2 2 2 2 2 2 2 2 2 2 2 2 2 2
left_child=1 4 3 25 5 7 -7 -1 9 10 17 14 13 -13 15 -10 -14 -2 19 -6 -20 22 -11 -23 -16 -3 -12
right_child=8 2 -4 -5 18 6 -8 -9 11 21 26 12 16 -15 24 -17 -18 -19 20 -21 -22 23 -24 -25 -26 -27 -28
leaf_value=0 0 0 0 -0.00013854714604631199 -0.00013616539379158478 0 7.0876142735150634e-05 -5.8544991971361891e-05 0.00011118931307909452 6.4283473642645051e-05 2.7099056343707551e-07 0 -2.706016110652374e-05 -7.6293761265095052e-05 -1.0872137787864743e-05 9.6865177482479697e-06 7.3553979117338597e-06 -8.7300972130634842e-05 1.2256593804543264e-05 0 -6.4588217547864157e-06 0 0 -3.7428728080134676e-05 0 -2.8531672699893282e-05 0
leaf_weight=22 20 45 31 37 23 217 196 53 41 30 57 50 169 129 208 292 774 107 730 31 603 22 43 27 49 27 38
leaf_count=22 20 45 31 37 23 217 196 53 41 30 57 50 169 129 208 292 774 107 730 31 603 22 43 27 49 27 38
internal_value=0 1.8365e-06 -3.15819e-05 -6.30121e-05 5.93321e-06 2.37005e-05 3.91842e-05 -2.15547e-05 -3.13436e-06 -2.03387e-05 -4.1997e-05 0 -6.73871e-06 -4.84615e-05 1.37528e-05 3.12198e-05 0 -7.36447e-05 0 -4.61383e-05 1.54019e-06 0 2.94304e-05 0 0 0 0
internal_weight=4071 2015 140 109 1875 488 413 75 2056 344 222 1712 1122 179 590 333 943 127 1387 54 1333 122 73 49 257 72 95
internal_count=4071 2015 140 109 1875 488 413 75 2056 344 222 1712 1122 179 590 333 943 127 1387 54 1333 122 73 49 257 72 95
is_linear=0
shrinkage=0.03


Tree=329
num_leaves=19
num_cat=0
split_feature=25 25 26 33 23 32 22 32 26 24 0 25 29 22 32 1 33 5
split_gain=2.84432e-05 0.000203407 0.000329283 0.000897132 0.000138264 0.000340256 0.000181378 0.000403092 0.000175513 0.000151991 9.23223e-05 7.68764e-05 9.55419e-05 0.00013629 0.000126832 5.49755e-05 1.58636e-05 9.20419e-06
threshold=-0.52027131783085767 -0.40533074343966341 1.1834621494409505 -0.021858703683037935 -0.02664460004384139 0.0051297601642343879 36.26928990712036 0.01260458008561738 1.488786134911577 -0.61074891505207496 46.217176437377937 -0.38172939580135029 11.286483476432782 36.037441763764441 -0.010283080610315352 77.674999237060561 -0.016359500805088575 35823551.500000007
decision_type=2 2 2 2 2 2 2 2 2 2 2 2 2 2 2 2 2 2
left_child=4 2 16 -4 6 8 9 -8 -6 17 -11 15 13 -13 -14 -3 -2 -1
right_child=1 11 3 -5 5 -7 7 -9 -10 10 -12 12 14 -15 -16 -17 -18 -19
leaf_value=0 1.8315005605848725e-05 6.4880340126031508e-05 -0.00021451219952801153 0 0 0 -0.00010258353381101812 0 0.0001263285003323841 8.8295434845315498e-05 0 -5.4606606163477762e-05 1.2198588317939393e-05 0 -2.1790615146207222e-06 0 -1.9927724575083584e-06 -1.7169626339361914e-05
leaf_weight=34 42 28 28 51 22 22 47 22 38 32 20 70 678 61 2789 20 39 28
leaf_count=34 42 28 28 51 22 22 47 22 38 32 20 70 678 61 2789 20 39 28
internal_value=0 -1.27587e-06 -3.43824e-05 -7.83535e-05 8.55523e-06 4.18571e-05 0 -4.38502e-05 8.65374e-05 1.63152e-05 5.66438e-05 0 -3.2537e-07 -2.56671e-05 0 3.78222e-05 0 0
internal_weight=4071 3806 160 79 265 82 183 69 60 114 52 3646 3598 131 3467 48 81 62
internal_count=4071 3806 160 79 265 82 183 69 60 114 52 3646 3598 131 3467 48 81 62
is_linear=0
shrinkage=0.03


Tree=330
num_leaves=23
num_cat=0
split_feature=28 20 1 3 31 26 28 34 19 36 31 28 35 23 24 20 31 35 34 26 31 3
split_gain=3.01138e-05 0.000540147 0.000270199 0.000524062 0.000218027 0.000213844 0.000359806 0.000584404 0.000336701 0.000270766 0.000511073 0.000164127 0.000541329 0.000346806 0.000116587 0.000483437 0.00100507 0.000178569 9.52455e-05 0.000121268 0.000116708 1.89779e-05
threshold=-826988714.99999988 53.387499904632577 57.925001144409187 56.024999618530281 0.0026160501215360958 0.98327186337755923 -1757701034.9999998 -0.019053251056193984 45.300000381469737 0.0041545636194754718 -1.0000000180025095e-35 38438503.500000007 0.016651667049174635 0.54142778733164232 0.9135707828888403 66.613749599456796 0.0075536650117405965 0.017918060659808277 0.035094342469804703 1.5119566025690505 0.016047815887775822 47.074998855590827
decision_type=2 2 2 2 2 2 2 2 2 2 2 2 2 2 2 2 2 2 2 2 2 2
left_child=1 5 3 11 -5 9 7 -7 -8 10 -1 12 -2 -13 18 16 -16 -17 19 -4 -20 -11
right_child=2 -3 14 4 -6 6 8 -9 -10 21 -12 13 -14 -15 15 17 -18 -19 20 -21 -22 -23
leaf_value=0 7.5429386967369307e-05 -0.00014287007981874197 9.8917288427808885e-07 0.00012187599558204125 0 0 -3.9064000234439805e-05 0.00011761921890216339 2.4445608715649711e-05 1.5836967382783124e-05 -0.00011762048119269218 -9.8397342985696458e-05 -1.9115363528865179e-05 0 0 5.0465119534641431e-06 -0.00020023550563962701 -4.3248428194908726e-05 3.3142113710515703e-05 -2.338332824097281e-05 0 0
leaf_weight=105 93 25 1960 61 24 40 135 66 162 68 60 41 53 24 74 501 36 79 175 196 66 27
leaf_count=105 93 25 1960 61 24 40 135 66 162 68 60 41 53 24 74 501 36 79 175 196 66 27
internal_value=0 -6.17116e-06 5.15028e-07 2.84512e-05 9.14269e-05 0 1.26649e-05 6.05101e-05 0 -2.21666e-05 -4.74353e-05 0 2.05849e-05 -3.63053e-05 -1.19271e-06 -1.24954e-05 -7.02171e-05 0 8.0974e-07 0 1.90279e-05 0
internal_weight=4071 688 3383 296 85 663 403 106 297 260 165 211 146 65 3087 690 110 580 2397 2156 241 95
internal_count=4071 688 3383 296 85 663 403 106 297 260 165 211 146 65 3087 690 110 580 2397 2156 241 95
is_linear=0
shrinkage=0.03


Tree=331
num_leaves=21
num_cat=0
split_feature=25 25 34 27 30 30 35 35 35 28 36 27 33 25 1 27 28 23 23 25
split_gain=2.94866e-05 0.000190138 0.00035586 0.00106655 0.000136998 0.00039717 7.61675e-05 0.000305488 0.000202282 0.000329063 0.000316582 6.67219e-05 0.000455708 6.30426e-05 3.59132e-05 3.33014e-05 3.19977e-05 2.30178e-05 4.93275e-05 2.7974e-05
threshold=-0.52027131783085767 -0.40533074343966341 -0.0060526917334891009 0.19560929503709396 20.485087210190063 26.123645540196929 0.032074765444498866 0.034698902335855285 0.016556291321018511 44603044.500000007 -0.0064954750968649272 -0.021924382210808242 -0.021072284726823372 -0.66446016691574405 40.475000381469734 0.13481966317745162 -151928733.99999997 0.22503038518501486 -1.7306765787342753 -0.66446016691574405
decision_type=2 2 2 2 2 2 2 2 2 2 2 2 2 2 2 2 2 2 2 2
left_child=4 2 3 16 11 -6 8 -8 10 -10 -3 -1 13 -13 -9 -14 -2 18 -7 -19
right_child=1 6 -4 -5 5 17 7 14 9 -11 -12 12 15 -15 -16 -17 -18 19 -20 -21
leaf_value=8.8942884183054501e-06 -3.6943637014485853e-05 -3.3524449705625948e-05 0 -0.00025118912681833743 0.00011621491148425554 0 -0.00011892167679845697 -2.4361710546957494e-05 0 3.988777958716058e-05 2.1434474996630209e-07 -0.00015067886165040845 3.2092668824185864e-05 0 1.7654317144694198e-05 0 0 0 -3.7164707290638742e-05 4.407383417476092e-05
leaf_weight=31 21 262 37 23 37 22 24 27 435 296 2550 23 29 21 52 25 79 20 37 20
leaf_count=31 21 262 37 23 37 22 24 27 435 296 2550 23 29 21 52 25 79 20 37 20
internal_value=0 -1.27836e-06 -3.32822e-05 -6.35798e-05 8.75458e-06 3.24842e-05 0 -2.52806e-05 8.66287e-07 1.54692e-05 -1.86343e-06 0 -2.42291e-05 -0.000102986 0 0 0 0 -1.07646e-05 1.85965e-05
internal_weight=4071 3806 160 123 265 136 3646 103 3543 731 2812 129 98 44 79 54 100 99 59 40
internal_count=4071 3806 160 123 265 136 3646 103 3543 731 2812 129 98 44 79 54 100 99 59 40
is_linear=0
shrinkage=0.03


Tree=332
num_leaves=22
num_cat=0
split_feature=25 25 26 29 28 34 34 29 25 29 25 32 27 34 25 19 35 35 1 19 4
split_gain=2.87983e-05 0.000157709 0.00041549 0.000180366 0.000182811 0.000134649 0.00010458 8.79389e-05 0.000134873 0.000198126 0.000172387 6.40002e-05 6.32455e-05 0.000188042 0.000195311 0.000155187 0.00018243 0.000101179 8.78347e-05 4.09099e-05 3.34743e-05
threshold=0.10876027739653966 0.16184344429073119 1.4121389114996694 83.819759051778917 369724049.50000006 0.03103506201883344 0.044139611498307703 76.028988600197764 -0.035517395492097016 60.745662365339776 -0.069140718108069835 0.015740979232518274 0.79223068289261123 0.0008323238269531964 0.27856864424457722 58.615000152587896 0.022984945665474436 0.021432371727872695 72.474998474121108 80.919999694824227 81.575000762939467
decision_type=2 2 2 2 2 2 2 2 2 2 2 2 2 2 2 2 2 2 2 2 2
left_child=5 2 3 20 -5 7 -7 8 10 -10 -1 19 13 17 -15 16 -14 -3 -17 -9 -2
right_child=1 12 -4 4 -6 6 -8 11 9 -11 -12 -13 15 14 -16 18 -18 -19 -20 -21 -22
leaf_value=0 1.3549480033122332e-05 2.5384390999980446e-05 -0.00014935122637891622 -0.00010598592719389604 0 5.2679428275636019e-05 0 -3.7539061415220024e-05 0 4.3205539887776213e-05 -3.0885001149919766e-05 0 4.7364345314315671e-05 0 -4.7103675347572048e-05 -1.6208071472191377e-05 0 0 7.6526190639272627e-06 0 0
leaf_weight=1511 164 149 24 29 22 79 41 120 426 161 166 32 148 134 166 225 44 24 340 33 33
leaf_count=1511 164 149 24 29 22 79 41 120 426 161 166 32 148 134 166 225 44 24 340 33 33
internal_value=0 -3.80196e-06 -2.45242e-05 -2.96935e-07 -5.6366e-05 1.27947e-06 3.23117e-05 0 1.38156e-06 1.44398e-05 -1.401e-06 -2.01055e-05 0 -7.76581e-06 -2.53437e-05 6.12352e-06 2.95778e-05 5.38208e-06 0 -2.941e-05 0
internal_weight=4071 1502 272 248 51 2569 120 2449 2264 587 1677 185 1230 473 300 757 192 173 565 153 197
internal_count=4071 1502 272 248 51 2569 120 2449 2264 587 1677 185 1230 473 300 757 192 173 565 153 197
is_linear=0
shrinkage=0.03


Tree=333
num_leaves=26
num_cat=0
split_feature=23 23 28 21 24 33 33 24 24 28 24 28 31 34 24 36 22 33 34 20 24 28 2 31 31
split_gain=2.99399e-05 0.000213208 0.000229442 0.000323144 0.000210734 0.000402575 0.000470626 0.00023177 0.000173891 0.000316287 0.00017735 0.000292309 0.000201829 0.000166718 0.000298291 0.000291298 0.00016197 0.000159505 0.000244236 0.000222392 0.000131605 9.62569e-05 6.04548e-05 3.17502e-05 5.68418e-08
threshold=-0.43940347963209087 -0.59389469088617719 111883541.00000001 45.812083180745454 -0.76292248379114669 -1.0000000180025095e-35 0.011944616810729116 -0.62242522180412518 -0.14455427095103976 -1757701034.9999998 0.033018301571332835 333511673.50000006 0.0056426423103402854 -0.0083646786036036241 -0.20069189162302534 0.0025630012142365617 53.665260164161417 -0.032786884273397258 -0.034060878285162403 54.402500534057623 -0.24680708366757442 -128519699.49999999 72.625000000000014 0.0086237772344445202 -0.0050643878171344739
decision_type=2 2 2 2 2 2 2 2 2 2 2 2 2 2 2 2 2 2 2 2 2 2 2 2 2
left_child=1 4 3 -3 17 7 -7 -6 13 16 12 -12 -11 21 20 -16 -10 19 -19 -1 -15 -2 -23 -5 -4
right_child=8 2 24 23 5 6 -8 -9 9 10 11 -13 -14 14 15 -17 -18 18 -20 -21 -22 22 -24 -25 -26
leaf_value=-7.5182782249851482e-05 -1.3165975857015333e-05 0 -1.1742701748286508e-06 0.00010678679181555978 -5.2136556188631701e-05 -0.00015613263518170778 0 1.7475370102474598e-05 0 3.8768481516331845e-05 -1.6103707461769995e-05 5.22752753507523e-06 0 -2.0330018801436753e-05 -0.0001375546572622241 0 0.00013363797599217888 7.0947634646424576e-05 1.2472386273202853e-06 0 1.3910303694330557e-05 5.4140805640286173e-05 0 0 0
leaf_weight=41 34 35 37 64 60 39 37 148 20 200 1068 975 80 302 44 23 24 70 479 56 52 46 33 25 79
leaf_count=41 34 35 37 64 60 39 37 148 20 200 1068 975 80 302 44 23 24 70 479 56 52 46 33 25 79
internal_value=0 3.35594e-06 2.92241e-05 5.75874e-05 -9.66753e-08 -2.4265e-05 -8.34216e-05 0 -2.17847e-06 9.11608e-08 -1.40816e-07 -4.45549e-06 2.06208e-05 -1.78539e-05 -2.75793e-05 -9.23497e-05 8.03383e-05 5.88728e-06 1.56091e-05 -1.81999e-05 -6.82568e-06 0 3.1945e-05 8.87868e-05 0
internal_weight=4071 1170 240 124 930 284 76 208 2901 2367 2323 2043 280 534 421 67 44 646 549 97 354 113 79 89 116
internal_count=4071 1170 240 124 930 284 76 208 2901 2367 2323 2043 280 534 421 67 44 646 549 97 354 113 79 89 116
is_linear=0
shrinkage=0.03


Tree=334
num_leaves=18
num_cat=0
split_feature=28 26 0 21 22 24 24 36 0 31 26 36 2 28 34 25 36
split_gain=2.89851e-05 0.000166666 0.000102215 0.000269986 0.000195356 0.000101939 0.000415012 0.000543351 0.000339234 0.000224413 0.000159846 9.79638e-05 1.82642e-05 1.25508e-05 2.35057e-06 2.91437e-05 8.04043e-06
threshold=938649228.00000012 2.0236737168930046 42.778907775878913 132.03833312988283 66.874796591267398 -1.6457339117145899 -1.2272031637276082 0.0081151542888892488 32.400531768798835 -0.0050643878171344739 1.393878332570696 -1.0000000180025095e-35 142.90000152587893 1102793640.0000002 -0.013528738201676658 0.25955971243191139 0.0037267042888493064
decision_type=2 2 2 2 2 2 2 2 2 2 2 2 2 2 2 2 2
left_child=1 5 14 4 -4 8 7 -7 9 -1 -8 -3 -5 -14 -2 16 -16
right_child=2 11 3 12 -6 6 10 -9 -10 -11 -12 -13 13 -15 15 -17 -18
leaf_value=-4.7710984923778693e-05 0 0 -9.6938030053363958e-05 2.4295337317765741e-05 0 9.0111785448946529e-05 4.3343478057404626e-07 0 -0.00010476783270769625 3.1973970525672456e-05 -2.1596075665391397e-05 7.809876384960291e-05 -2.3585412826751e-05 0 1.8312706490587986e-05 0 0
leaf_weight=54 44 34 57 27 22 106 2978 29 36 77 311 39 21 76 106 30 24
leaf_count=54 44 34 57 27 22 106 2978 29 36 77 311 39 21 76 106 30 24
internal_value=0 2.95663e-07 -7.95565e-06 -2.40793e-05 -6.75325e-05 0 4.86713e-07 5.25113e-05 -2.33279e-05 0 -7.38113e-07 4.53471e-05 0 -2.13266e-06 0 3.63506e-06 1.47604e-05
internal_weight=4071 3664 407 203 79 3591 3424 135 167 131 3289 73 124 97 204 160 130
internal_count=4071 3664 407 203 79 3591 3424 135 167 131 3289 73 124 97 204 160 130
is_linear=0
shrinkage=0.03


Tree=335
num_leaves=21
num_cat=0
split_feature=28 20 1 3 31 26 28 34 19 34 27 21 28 35 23 27 30 30 0 35
split_gain=2.8153e-05 0.000502882 0.000248206 0.000489801 0.000205879 0.00019563 0.000325542 0.000542504 0.000310973 0.000260905 0.000427349 0.000173229 0.000149386 0.000511914 0.00032993 0.000143084 7.38361e-05 0.000332096 0.000190115 4.41214e-05
threshold=-826988714.99999988 53.387499904632577 57.925001144409187 56.024999618530281 0.0026160501215360958 0.98327186337755923 -1757701034.9999998 -0.019053251056193984 45.300000381469737 -0.018372394585531301 0.88172775507826928 56.162916882832853 38438503.500000007 0.016651667049174635 0.54142778733164232 0.030695063629726727 41.655489979520745 49.31276599935817 36.519456863403327 0.012734396442767739
decision_type=2 2 2 2 2 2 2 2 2 2 2 2 2 2 2 2 2 2 2 2
left_child=1 5 3 12 -5 9 7 -7 -8 15 -11 19 13 -2 -14 -1 18 -18 -13 -4
right_child=2 -3 11 4 -6 6 8 -9 -10 10 -12 16 14 -15 -16 -17 17 -19 -20 -21
leaf_value=-6.4083979561538975e-06 7.3205886497928479e-05 -0.00013783001778758616 -8.7286377614685158e-05 0.00011776442580369382 0 0 -3.7433283715310257e-05 0.00011276390072271445 2.3637030847565392e-05 -7.2234190460380296e-05 0 -2.7038226128219452e-05 -9.5609343533376969e-05 -1.8139953329096319e-05 0 4.8592852604684762e-05 3.5707609841225047e-05 0 0 0
leaf_weight=25 93 25 26 61 24 40 135 66 162 141 40 294 41 53 24 54 252 1720 764 31
leaf_count=25 93 25 26 61 24 40 135 66 162 141 40 294 41 53 24 54 252 1720 764 31
internal_value=0 -5.93454e-06 5.71157e-07 2.73353e-05 8.82039e-05 0 1.21254e-05 5.76196e-05 0 -2.1191e-05 -4.4063e-05 -1.02416e-06 0 1.95225e-05 -3.47836e-05 0 0 3.38143e-06 -6.44148e-06 -5.27932e-05
internal_weight=4071 688 3383 296 85 663 403 106 297 260 181 3087 211 146 65 79 3030 1972 1058 57
internal_count=4071 688 3383 296 85 663 403 106 297 260 181 3087 211 146 65 79 3030 1972 1058 57
is_linear=0
shrinkage=0.03


Tree=336
num_leaves=19
num_cat=0
split_feature=25 25 34 27 32 23 36 22 29 25 35 35 26 35 28 22 21 34
split_gain=2.89831e-05 0.000175662 0.000342511 0.000997617 0.000135673 0.000277166 0.000164006 0.000464227 0.000104728 7.11849e-05 0.000129212 0.000115818 0.000298414 0.000125651 2.9967e-05 1.24304e-05 1.29804e-05 1.58567e-06
threshold=-0.52027131783085767 -0.40533074343966341 -0.0060526917334891009 0.19560929503709396 0.0016353336491351513 -0.58293104662474338 -0.009063274828788534 31.636248248668988 26.419364436490181 -0.38172939580135029 0.012059872342105047 0.032074765444498866 1.0095984607832904 0.016556291321018511 -151928733.99999997 41.54682065587842 116.61583328247072 -0.016729126697888005
decision_type=2 2 2 2 2 2 2 2 2 2 2 2 2 2 2 2 2 2
left_child=4 2 3 14 5 6 -1 -8 -6 10 -3 13 -13 -11 -2 -7 -17 -10
right_child=1 9 -4 -5 8 15 7 -9 17 11 -12 12 -14 -15 -16 16 -18 -19
leaf_value=-7.942029778179115e-05 -3.5752115133372941e-05 0 0 -0.00024350542385379067 -5.8974994517148831e-05 9.7878527896138085e-05 9.634300901119165e-05 -1.1734942183177041e-05 8.035848508230761e-06 -2.2829535877336905e-06 8.0024939791872773e-05 0 -6.9574700491339814e-05 1.1741532369018101e-05 0 0 2.4108369991099868e-05 0
leaf_weight=21 21 20 37 23 27 42 46 32 22 2782 28 24 77 715 79 21 20 34
leaf_count=21 21 20 37 23 27 42 46 32 22 2782 28 24 77 715 79 21 20 34
internal_value=0 -1.20215e-06 -3.19662e-05 -6.19122e-05 8.81178e-06 2.79925e-05 0 1.36328e-05 0 0 3.63802e-05 -3.35623e-07 -3.21718e-05 0 0 6.86941e-05 0 0
internal_weight=4071 3806 160 123 265 182 99 78 83 3646 48 3598 101 3497 100 83 41 56
internal_count=4071 3806 160 123 265 182 99 78 83 3646 48 3598 101 3497 100 83 41 56
is_linear=0
shrinkage=0.03


Tree=337
num_leaves=15
num_cat=0
split_feature=34 36 34 5 35 8 35 31 22 5 0 32 33 36
split_gain=2.74232e-05 0.000155445 7.57612e-05 0.000148901 0.000233286 0.000143659 0.000309756 0.000360514 0.000106283 9.00037e-05 0.0002311 8.5099e-05 6.29811e-05 2.51381e-06
threshold=0.079414432873510812 0.0036101266983541327 0.050920899952982442 27844377.000000004 0.026461944172908775 1.0000000180025095e-35 0.01043462541114522 -0.0073431160529304198 70.647091075166841 8585024.0000000019 37.369701385498054 0.02459960409972262 0.036897885286464767 -0.00093466395940346809
decision_type=2 2 2 2 2 2 2 2 2 2 2 2 2 2
left_child=2 -2 5 12 8 9 -7 -8 -5 10 -1 -11 13 -4
right_child=1 -3 3 4 -6 6 7 -9 -10 11 -12 -13 -14 -15
leaf_value=6.1813752004472459e-05 -7.7930085139342226e-05 0 0 0.00013682783808133036 0 0 0 -0.00016758160993467542 0 0 0 -1.7874719933281229e-05 -3.797639380523229e-05 1.7720745007106594e-05
leaf_weight=75 27 33 20 27 21 43 21 26 32 3222 213 246 34 31
leaf_count=75 27 33 20 27 21 43 21 26 32 3222 213 246 34 31
internal_value=0 -2.02648e-05 0 2.02556e-05 5.01869e-05 -3.4062e-07 -3.79466e-05 -9.31313e-05 8.34643e-05 0 1.65553e-05 -7.67181e-07 0 1.21179e-05
internal_weight=4071 60 4011 165 80 3846 90 47 59 3756 288 3468 85 51
internal_count=4071 60 4011 165 80 3846 90 47 59 3756 288 3468 85 51
is_linear=0
shrinkage=0.03


Tree=338
num_leaves=22
num_cat=0
split_feature=25 5 5 3 27 32 36 26 25 36 34 34 35 21 32 32 35 28 36 32 24
split_gain=2.80792e-05 0.000193344 0.000287786 0.000411249 0.000534174 0.000145362 0.000279511 0.000174619 0.000470329 0.000280206 0.000123902 9.982e-05 8.4231e-05 0.000360709 0.000323887 0.000283281 0.0002735 0.000125317 7.5825e-05 4.65979e-05 2.42142e-05
threshold=0.10876027739653966 29624162.000000004 53404884.000000007 51.725000381469734 0.78490728026721268 -0.0042177270492764754 -0.009063274828788534 1.2698789301092541 0.16857486571520922 0.0030371610720302789 0.03103506201883344 0.044139611498307703 0.012658253461622424 61.535416603088386 -0.05483290939265794 -0.019067626301817572 0.01738148964697735 664962019.00000012 -0.00069807366462388447 -0.0027778086873658232 0.65326751208336986
decision_type=2 2 2 2 2 2 2 2 2 2 2 2 2 2 2 2 2 2 2 2 2
left_child=10 5 3 4 -3 6 -2 9 -9 -7 12 -12 13 15 -14 -1 -16 -15 -8 -5 -4
right_child=1 2 20 19 -6 7 18 8 -10 -11 11 -13 14 17 16 -17 -18 -19 -20 -21 -22
leaf_value=0 -9.34658751100683e-05 -0.00018265389809783909 2.4569849419978973e-05 0 0 3.2228273242138277e-05 1.0884579922106482e-05 -0.000132029146413816 0 0 5.1038011864709873e-05 0 -6.6693190380720161e-05 1.0330245918414785e-05 2.7292533107374864e-05 -4.7566726668326279e-05 0 -1.0160841110129174e-05 -2.1249159435408485e-05 -1.775069922731999e-05 0
leaf_weight=44 38 39 36 29 36 428 122 25 205 270 79 41 41 714 532 271 488 359 119 133 22
leaf_count=44 38 39 36 29 36 428 122 25 205 270 79 41 41 714 532 271 488 359 119 133 22
internal_value=0 -3.70099e-06 -2.56785e-05 -4.37388e-05 -0.000104729 0 -1.70649e-05 7.30663e-06 -7.86665e-06 1.66042e-05 1.35206e-06 3.11062e-05 0 -4.9704e-06 6.25497e-06 -3.37273e-05 1.21343e-05 6.78474e-07 0 0 0
internal_weight=4071 1502 295 237 75 1207 279 928 230 698 2569 120 2449 1388 1061 315 1020 1073 241 162 58
internal_count=4071 1502 295 237 75 1207 279 928 230 698 2569 120 2449 1388 1061 315 1020 1073 241 162 58
is_linear=0
shrinkage=0.03


Tree=339
num_leaves=25
num_cat=0
split_feature=30 23 34 31 30 35 26 1 23 26 30 27 35 35 24 35 27 0 35 23 21 31 24 34
split_gain=2.78476e-05 0.000163144 0.000187636 0.000189695 0.000143572 0.000315663 0.000328614 0.000326665 0.000138162 0.000127021 0.000124015 0.000348091 0.000108622 0.00010716 9.62685e-05 0.000539269 0.000644439 0.00024238 0.000239486 0.000281759 0.000124793 2.3883e-05 8.5041e-05 5.6378e-05
threshold=69.472239222181216 1.4283473312903789 -0.0067001682562433653 0.016345662536994435 78.77752776677643 0.011893834599720585 0.89894185439390184 42.024999618530281 -0.43940347963209087 1.0185823016043143 83.080410424725116 0.81637680516758704 0.012845275603711379 0.0079856416389669036 0.1287418440995152 0.01738148964697735 0.55989138207380029 32.65288162231446 0.017772702574698488 -2.3515033974237372 48.661249923706059 0.0042219142682421449 0.68114789511743778 0.0099937960210370064
decision_type=2 2 2 2 2 2 2 2 2 2 2 2 2 2 2 2 2 2 2 2 2 2 2 2
left_child=1 14 -3 9 5 21 -7 -8 12 -4 13 -12 -6 -10 18 17 -17 -16 20 -20 -1 23 -23 -2
right_child=4 2 3 -5 8 6 7 -9 10 -11 11 -13 -14 -15 15 16 -18 -19 19 -21 -22 22 -24 -25
leaf_value=-3.3366925081200843e-05 0 0 0 0 0 0 0 -7.6934584435918882e-05 0 0.00010197031673760491 -6.1352066331179649e-05 0 6.7980600001940042e-05 2.9074368651565132e-05 -4.6672343176950883e-05 -9.2816537820559071e-05 0 7.8698732687693209e-06 -8.9386364388679984e-06 3.7661757144870242e-05 0 5.0071950702954202e-05 0 -2.2292734730443033e-05
leaf_weight=101 81 72 20 21 43 35 25 173 44 58 102 385 48 162 79 131 57 740 42 344 1126 39 41 102
leaf_count=101 81 72 20 21 43 35 25 173 44 58 102 385 48 162 79 131 57 740 42 344 1126 39 41 102
internal_value=0 1.09972e-06 2.9629e-05 5.67428e-05 -4.11605e-06 -1.74301e-05 -4.31899e-05 -6.07279e-05 4.82255e-07 7.91926e-05 0 -1.20757e-05 3.69721e-05 1.40324e-05 0 -7.97657e-06 -5.40453e-05 0 3.74007e-06 2.48202e-05 -4.48205e-07 0 1.63813e-05 0
internal_weight=4071 2791 171 99 1280 496 233 198 784 78 693 487 91 206 2620 1007 188 819 1613 386 1227 263 80 183
internal_count=4071 2791 171 99 1280 496 233 198 784 78 693 487 91 206 2620 1007 188 819 1613 386 1227 263 80 183
is_linear=0
shrinkage=0.03


Tree=340
num_leaves=20
num_cat=0
split_feature=0 30 22 1 36 31 36 30 0 31 24 30 31 27 29 22 23 30 30
split_gain=2.80149e-05 0.000277952 0.000274747 0.000433104 0.000374452 0.000588421 0.000561691 0.000371482 0.000265887 0.000355731 0.000141683 0.000212522 0.000187397 0.000267917 0.000188115 6.45156e-05 5.27933e-05 6.61989e-06 1.05528e-08
threshold=33.865350723266609 90.324146915316888 58.40084812231067 68.875000000000014 0.011173207711625647 0.014594319012552483 0.0027829692628069695 59.117058332421173 34.425086975097663 0.0033670186185167377 -1.0123414868995761 62.753143096270442 -0.0036701466130508171 0.036383376062028273 50.229753846601177 51.808196567729496 0.29821515621615197 51.605022287449941 54.087643921242893
decision_type=2 2 2 2 2 2 2 2 2 2 2 2 2 2 2 2 2 2 2
left_child=1 2 4 7 6 -6 -1 -4 9 16 11 17 14 -14 -12 -13 -2 -10 -11
right_child=8 -3 3 -5 5 -7 -8 -9 10 18 12 15 13 -15 -16 -17 -18 -19 -20
leaf_value=-1.2777486672677318e-06 -0.00014825218922857961 -8.3052406653537047e-05 0 0 -0.0001330294024847856 0 5.4201007124202675e-05 0.00010323276083625566 2.5347338277623695e-06 0 2.0616778139003516e-05 7.4269101601787913e-05 -7.7682787725012517e-05 -4.5589203692508143e-06 -2.1267197440223358e-06 0 0 -1.2686818990969565e-05 6.5555597963105818e-07
leaf_weight=506 28 26 20 27 45 47 195 99 98 20 515 66 55 1835 385 22 27 33 22
leaf_count=506 28 26 20 27 45 47 195 99 98 20 515 66 55 1835 385 22 27 33 22
internal_value=0 3.88705e-06 9.49746e-06 4.76685e-05 0 -5.39984e-05 9.88154e-06 7.78476e-05 -1.85008e-06 -5.07341e-05 0 2.29368e-05 -2.09516e-06 -8.27808e-06 7.5555e-06 5.89866e-05 -0.000101717 0 0
internal_weight=4071 965 939 146 793 92 701 119 3106 97 3009 219 2790 1890 900 88 55 131 42
internal_count=4071 965 939 146 793 92 701 119 3106 97 3009 219 2790 1890 900 88 55 131 42
is_linear=0
shrinkage=0.03


Tree=341
num_leaves=24
num_cat=0
split_feature=25 5 5 4 27 32 4 32 8 31 26 24 31 31 28 21 31 31 29 31 32 20 29
split_gain=2.7633e-05 0.000183458 0.000274833 0.000390584 0.000488013 0.000134176 0.000158236 0.000260029 0.000123656 0.000148227 0.000211651 0.000130141 0.00104093 0.000179463 0.000204422 0.000154254 0.000121574 0.000110581 0.000222931 4.7635e-05 4.47729e-05 2.32159e-05 2.21691e-05
threshold=0.10876027739653966 29624162.000000004 53404884.000000007 51.875000000000007 0.78490728026721268 -0.0025784248793133675 58.024999618530281 0.023225830405449125 1.0000000180025095e-35 -0.0091614708094303592 1.0041209140118725 1.9003201198317847 -1.0000000180025095e-35 0.00074787507283580201 -499085120.99999994 49.309999942779548 0.012085793890496023 -0.0055453042821672063 52.901630774262806 0.012353339094337447 -0.0027778086873658232 66.071249580383309 81.626659370547117
decision_type=2 2 2 2 2 2 2 2 2 2 2 2 2 2 2 2 2 2 2 2 2 2 2
left_child=8 5 3 4 -3 17 7 -7 11 -10 -11 13 -13 15 -15 -1 -8 21 -19 -14 -5 -2 -4
right_child=1 2 22 20 -6 6 16 -9 9 10 -12 12 19 14 -16 -17 -18 18 -20 -21 -22 -23 -24
leaf_value=1.5732718896325493e-05 1.3999232095513352e-05 -0.00017692097040187136 3.0046872216765654e-05 0 0 5.700970373731277e-05 6.6517920217086051e-06 0 0 0 -0.00013921118824427144 0.00014835867060579799 -3.5898802477595761e-05 -7.2036800292466954e-06 1.8550697946973552e-05 -1.0800376362930851e-05 -2.7038787463258789e-05 0 -6.1207900688522475e-05 0 -1.7399619300690551e-05 -8.0533868475574316e-06 0
leaf_weight=163 81 39 22 29 36 131 604 36 20 29 21 49 35 206 872 1153 113 66 99 21 133 77 36
leaf_count=163 81 39 22 29 36 131 604 36 20 29 21 49 35 206 872 1153 113 66 99 21 133 77 36
internal_value=0 -3.70961e-06 -2.5091e-05 -4.2741e-05 -0.000102216 0 7.49394e-06 3.39026e-05 1.27846e-06 -3.48264e-05 -6.6029e-05 3.49158e-06 3.7301e-05 7.54136e-07 1.08463e-05 -5.23357e-06 0 -1.48351e-05 -3.21481e-05 -6.48974e-06 0 0 0
internal_weight=4071 1502 295 237 75 1207 884 167 2569 70 50 2499 105 2394 1078 1316 717 323 165 56 162 158 58
internal_count=4071 1502 295 237 75 1207 884 167 2569 70 50 2499 105 2394 1078 1316 717 323 165 56 162 158 58
is_linear=0
shrinkage=0.03


Tree=342
num_leaves=25
num_cat=0
split_feature=34 32 33 5 5 22 30 27 34 0 5 35 5 31 30 29 34 24 35 30 19 27 32 32
split_gain=2.78166e-05 0.000277799 0.000195727 0.000230387 0.000136356 0.000210859 0.000189638 0.000134448 0.000285674 0.000369379 0.000281635 0.000171508 0.000441872 0.000313501 0.000136569 0.000257778 0.000391445 0.000254543 0.00012716 0.000109869 8.13129e-05 6.93031e-05 4.66494e-05 1.64528e-06
threshold=0.0014614877878944557 0.028841380838822043 0.0081327929907109037 18827781.500000004 13600052.500000002 42.192289148926903 20.485087210190063 0.74831872948882527 0.0066973542034189934 41.474508285522468 24398049.000000004 0.016738283889945905 15203225.000000002 -0.00073077407967170316 75.949603021756005 61.093342598215308 0.0079208130068497713 2.1130282635598134 0.0066247292811327371 85.439591987869093 77.009999847412118 0.34216203136935069 0.014562770610221378 0.00081037370053882462
decision_type=2 2 2 2 2 2 2 2 2 2 2 2 2 2 2 2 2 2 2 2 2 2 2 2
left_child=1 2 4 21 6 -6 -1 8 9 10 -2 12 -10 -13 15 16 -9 20 -17 -19 -16 -4 -5 -11
right_child=7 -3 3 22 5 -7 -8 14 11 23 -12 13 -14 -15 17 18 -18 19 -20 -21 -22 -23 -24 -25
leaf_value=-4.5845459194250311e-06 -9.8881267448987833e-05 -7.8860003185558155e-05 -2.2628048798202083e-05 9.7878882519795524e-05 4.5194812267129671e-06 -1.8030577080658933e-05 2.5648847566204008e-05 2.6337295760121718e-05 4.808707863508238e-06 -4.7692625173410456e-06 0 7.5435344908779582e-05 -4.614294464425995e-05 0 -6.0924803752520213e-06 0 -6.4596142522325555e-05 -0.00012082191190210641 3.8699172279627918e-05 0 1.6453322179921132e-05 2.4849422660490014e-05 0 0
leaf_weight=86 100 34 42 49 707 584 421 53 279 65 20 66 212 108 410 40 76 23 308 29 214 66 26 53
leaf_count=86 100 34 42 49 707 584 421 53 279 65 20 66 212 108 410 40 76 23 308 29 214 66 26 53
internal_value=0 1.85748e-06 4.76106e-06 3.47464e-05 3.89664e-08 -3.35833e-06 1.46046e-05 -2.96555e-06 -1.22585e-05 -4.06176e-05 -7.77096e-05 0 -1.1087e-05 2.32351e-05 1.71119e-06 1.5663e-05 -4.00663e-06 -3.69716e-06 3.15716e-05 -6.76349e-05 0 0 7.55281e-05 0
internal_weight=4071 2015 1981 183 1798 1291 507 2056 903 238 120 665 491 174 1153 477 129 676 348 52 624 108 75 118
internal_count=4071 2015 1981 183 1798 1291 507 2056 903 238 120 665 491 174 1153 477 129 676 348 52 624 108 75 118
is_linear=0
shrinkage=0.03


Tree=343
num_leaves=18
num_cat=0
split_feature=28 26 5 0 21 20 24 24 0 5 25 26 2 28 34 24 24
split_gain=2.64426e-05 0.000156 0.000129791 9.39042e-05 0.000250981 0.000139703 8.62845e-05 0.000383235 0.000325718 0.000234474 0.000167116 0.000148903 1.59096e-05 1.06178e-05 1.68403e-06 4.8967e-06 6.58971e-06
threshold=938649228.00000012 2.0236737168930046 17346230.500000004 42.778907775878913 132.03833312988283 83.123749542236339 -1.6457339117145899 -1.2272031637276082 32.400531768798835 30483207.000000004 1.0000000180025095e-35 1.393878332570696 142.90000152587893 1102793640.0000002 -0.013528738201676658 0.26106376676750814 -0.2690193901092664
decision_type=2 2 2 2 2 2 2 2 2 2 2 2 2 2 2 2 2
left_child=1 6 -3 14 5 -5 8 9 10 -8 -1 -9 -6 -14 -2 16 -16
right_child=3 2 -4 4 12 -7 7 11 -10 -11 -12 -13 13 -15 15 -17 -18
leaf_value=3.6748079200078605e-05 0 0 8.1133054867994192e-05 0 2.27645686028587e-05 -8.8200795639727052e-05 7.3676190188834846e-05 2.8923551308302552e-07 -0.00010129404893856678 0 -3.1121168425107393e-05 -2.0899354028241596e-05 -2.1585039275817527e-05 0 0 0 1.4802078911630077e-05
leaf_weight=61 44 34 39 20 27 59 102 2978 36 33 70 311 21 76 66 40 54
leaf_count=61 44 34 39 20 27 59 102 2978 36 33 70 311 21 76 66 40 54
internal_value=0 2.13232e-07 4.38513e-05 -7.61899e-06 -2.30754e-05 -6.49836e-05 0 3.41338e-07 -2.15021e-05 5.04011e-05 0 -8.02778e-07 0 -1.68214e-06 0 3.07681e-06 7.02242e-06
internal_weight=4071 3664 73 407 203 79 3591 3424 167 135 131 3289 124 97 204 160 120
internal_count=4071 3664 73 407 203 79 3591 3424 167 135 131 3289 124 97 204 160 120
is_linear=0
shrinkage=0.03


Tree=344
num_leaves=17
num_cat=0
split_feature=0 30 0 27 30 24 5 21 33 34 4 34 34 0 24 23
split_gain=2.5881e-05 0.000259951 0.000250035 0.000276973 0.000247399 0.000345189 0.000523618 0.000226883 0.000193433 0.00093769 0.000314387 0.000166463 0.000146173 0.000407896 0.000124576 5.03079e-05
threshold=33.865350723266609 90.324146915316888 34.425086975097663 0.80329251379486133 51.103140342516724 -1.7750050130428001 23789111.000000004 41.167500114440919 0.013787921071404698 0.0008323238269531964 45.049999237060554 -0.068693924387164471 -0.034060878285162403 80.357723236083999 -1.0123414868995761 0.3603854757274832
decision_type=2 2 2 2 2 2 2 2 2 2 2 2 2 2 2 2
left_child=1 4 3 15 8 6 -6 -7 9 -1 -10 -4 13 -13 -14 -2
right_child=2 -3 11 -5 5 7 -8 -9 10 -11 -12 12 14 -15 -16 -17
leaf_value=0 -0.00010391339247080339 -8.0229103389254955e-05 5.8157946578153506e-05 0 -0.00015419649726488804 0 0 5.536441486211918e-05 0 -0.00014326988615263506 8.8003604696086678e-05 0 2.3971804973058352e-05 -0.00013375224776046506 -9.5180397350008343e-07 0
leaf_weight=422 49 26 43 27 20 72 25 264 41 44 51 205 191 28 2542 21
leaf_count=422 49 26 43 27 20 72 25 264 41 44 51 205 191 28 2542 21
internal_value=0 3.62697e-06 -1.84708e-06 -4.92611e-05 9.15171e-06 2.81183e-05 -1.21454e-05 4.24387e-05 0 -1.14669e-05 3.49969e-05 0 -1.1667e-06 -2.41183e-05 0 -8.31704e-05
internal_weight=4071 965 3106 97 939 381 45 336 558 466 92 3009 2966 233 2733 70
internal_count=4071 965 3106 97 939 381 45 336 558 466 92 3009 2966 233 2733 70
is_linear=0
shrinkage=0.03


Tree=345
num_leaves=23
num_cat=0
split_feature=29 5 27 32 34 5 33 29 29 24 4 28 32 33 29 23 36 24 24 26 31 26
split_gain=2.71351e-05 0.000152065 0.000196098 0.000166553 0.00015582 0.000250813 0.000130903 0.000206797 0.000109886 0.000254894 0.000321879 0.000211843 0.00012881 0.000331701 0.00023074 0.000212069 0.000164126 8.08161e-05 0.000121107 8.62322e-05 7.27742e-05 7.22684e-05
threshold=79.145765939958139 34716379.500000007 0.96979320231583543 0.012820497430395263 0.022467917388086293 14829271.500000002 0.057133140145569923 82.621850467779396 66.854761388234252 0.040339062348771486 47.324998855590827 -269351547.49999994 0.013573030069202187 0.0091495545194134626 64.365122951101355 1.0932438039919605 -0.0079168673018036716 -0.92454584895567182 -1.2533171581077376 1.1935584060365139 0.0052243374657293682 1.2087277004517771
decision_type=2 2 2 2 2 2 2 2 2 2 2 2 2 2 2 2 2 2 2 2 2 2
left_child=8 3 -3 4 5 -2 7 -5 12 17 -11 -12 13 16 -15 21 -1 18 -10 -19 -6 -14
right_child=1 2 -4 6 20 -7 -8 -9 9 10 11 -13 15 14 -16 -17 -18 19 -20 -21 -22 -23
leaf_value=-2.0072379626070312e-05 0 -0.0001007909385671732 0 0 1.187440173586698e-05 -7.4652899122921071e-05 0 3.8802799442136553e-05 0 0.00014200762616795696 -1.6599712770334537e-05 3.0221513117922444e-05 -1.9016554760477518e-05 6.0324605827804475e-05 0 -8.9961693646921573e-05 8.8827427891580853e-07 -3.3330703423877443e-05 5.3107263405644157e-05 0 -2.3061786837433762e-05 5.0248141308515434e-06
leaf_weight=373 108 33 88 40 200 77 21 259 37 29 54 226 172 138 20 38 1763 129 41 44 70 111
leaf_count=373 108 33 88 40 200 77 21 259 37 29 54 226 172 138 20 38 1763 129 41 44 70 111
internal_value=0 -5.05634e-06 -3.63223e-05 0 -1.1832e-05 -3.3194e-05 1.64087e-05 2.61159e-05 6.8992e-07 1.3261e-05 3.25702e-05 1.04785e-05 -8.55379e-07 3.94547e-07 4.3188e-05 -1.91281e-05 -1.36833e-06 0 9.41409e-06 -1.94988e-05 0 0
internal_weight=4071 896 121 775 455 185 320 299 3175 560 309 280 2615 2294 158 321 2136 251 78 173 270 283
internal_count=4071 896 121 775 455 185 320 299 3175 560 309 280 2615 2294 158 321 2136 251 78 173 270 283
is_linear=0
shrinkage=0.03


Tree=346
num_leaves=28
num_cat=0
split_feature=30 23 28 32 30 35 28 33 35 5 24 0 31 0 36 24 35 27 28 28 28 31 35 31 36 0 35
split_gain=2.81745e-05 0.000148035 0.00017911 0.000156673 0.000137245 0.000293446 0.00024895 0.000268295 0.000128019 0.000236935 0.00019974 0.000164288 0.000240221 0.000110292 9.75893e-05 8.98552e-05 0.000499139 0.000609757 0.00028973 0.000346098 0.000271644 0.00018157 2.3667e-05 1.8806e-05 8.57271e-05 4.18914e-05 1.92046e-07
threshold=69.472239222181216 1.4283473312903789 1056759002.5000001 -0.0047238518715411728 78.77752776677643 0.011893834599720585 -1714932531.9999998 0.0078608503785062584 0.012845275603711379 25666774.500000004 0.39335832666535514 40.64479064941407 0.0060898518482656048 41.755178451538093 0.00672456317481497 0.1287418440995152 0.01738148964697735 0.55989138207380029 124361154.50000001 -1052063203.4999999 278159825.50000006 0.0084250936009215866 0.021186217971196537 0.0042219142682421449 0.005483010198877176 34.256698608398445 0.012969664668053851
decision_type=2 2 2 2 2 2 2 2 2 2 2 2 2 2 2 2 2 2 2 2 2 2 2 2 2 2 2
left_child=1 15 3 26 5 23 -7 -8 11 10 -10 12 -6 -13 -5 18 20 -18 19 -1 -17 -20 -11 25 -25 -2 -3
right_child=4 2 -4 14 8 6 7 -9 9 22 -12 13 -14 -15 -16 16 17 -19 21 -21 -22 -23 -24 24 -26 -27 -28
leaf_value=-2.6155600183246824e-07 0 0 0 9.6845353872921158e-05 0 0 0 -9.0417403113736116e-05 7.218451098469527e-05 0 0 5.2437107810760915e-05 -9.1402220325245044e-05 0 0 -1.5524277877906255e-05 -8.9836794012495224e-05 0 -1.6881609180683084e-05 3.1686306148957295e-05 1.8718879937194648e-05 1.4067812066123241e-05 -2.0828226799287119e-05 4.0591019861222338e-05 0 -1.5591138555105696e-05 2.129913334538569e-06
leaf_weight=305 28 23 23 56 117 22 104 107 95 73 90 36 45 279 31 389 131 57 621 550 430 137 49 57 23 155 38
leaf_count=305 28 23 23 56 117 22 104 107 95 73 90 36 45 279 31 389 131 57 621 550 430 137 49 57 23 155 38
internal_value=0 1.01876e-06 2.82065e-05 4.48064e-05 -4.18875e-06 -1.71523e-05 -4.19421e-05 -5.48073e-05 1.87771e-07 1.82712e-05 4.13026e-05 -5.1642e-06 -3.14745e-05 0 7.09403e-05 0 -7.72221e-06 -5.20337e-05 3.59207e-06 1.67826e-05 0 -7.32947e-06 0 0 1.45363e-05 0 0
internal_weight=4071 2791 171 148 1280 496 233 211 784 307 185 477 162 315 87 2620 1007 188 1613 855 819 758 122 263 80 183 61
internal_count=4071 2791 171 148 1280 496 233 211 784 307 185 477 162 315 87 2620 1007 188 1613 855 819 758 122 263 80 183 61
is_linear=0
shrinkage=0.03


Tree=347
num_leaves=21
num_cat=0
split_feature=25 36 25 29 34 20 31 35 8 35 22 31 36 24 4 26 20 25 36 22
split_gain=2.84129e-05 0.000151101 0.000508843 0.000282701 0.000186513 0.000235326 0.000311989 0.00023562 0.000115863 0.000221738 0.000142639 0.000493393 0.000302304 0.000163472 0.00035998 0.000234076 0.000160241 7.68632e-05 0.000112734 2.01873e-07
threshold=0.10876027739653966 -0.0084560397632975036 0.26311508474699991 55.539898898558555 -0.0010931283716488769 49.254999923706059 0.0081161581309999748 0.020020266741649757 1.0000000180025095e-35 0.01043462541114522 55.849149108451407 -0.0028499776112026472 -0.0058438544116601624 0.17589214291825134 68.075000762939467 0.86347568782881357 58.943750095367442 0.13218457455861202 -0.0013628451698145393 56.908251699397617
decision_type=2 2 2 2 2 2 2 2 2 2 2 2 2 2 2 2 2 2 2 2
left_child=8 2 3 -2 17 7 -7 -6 10 -10 13 12 -12 15 -15 -1 -13 -3 -19 -4
right_child=1 4 19 -5 5 6 -8 -9 9 -11 11 16 -14 14 -16 -17 -18 18 -20 -21
leaf_value=-1.1998705550503329e-05 -0.00019405902129395367 0 2.3428607222784448e-06 0 5.1311457101549629e-05 0 -3.744779339843092e-05 0 0 -9.1724191299302697e-05 0 -3.2973586625634941e-05 0.00010445112277045569 -4.0707190892240561e-05 0 1.4080134157723726e-05 1.1884433570207297e-05 0 5.445840454338646e-05 0
leaf_weight=332 23 27 33 27 109 685 323 70 37 33 37 92 80 259 355 1032 312 69 102 34
leaf_count=332 23 27 33 27 109 685 323 70 37 33 37 92 80 259 355 1032 312 69 102 34
internal_value=0 -3.78679e-06 -3.66779e-05 -0.000110839 0 -5.48389e-06 -1.30737e-05 2.04893e-05 1.25275e-06 -3.35525e-05 3.42942e-06 1.73999e-05 7.16894e-05 0 -1.30988e-05 5.53283e-06 0 2.58292e-05 3.43036e-05 0
internal_weight=4071 1502 117 50 1385 1187 1008 179 2569 70 2499 521 117 1978 614 1364 404 198 171 67
internal_count=4071 1502 117 50 1385 1187 1008 179 2569 70 2499 521 117 1978 614 1364 404 198 171 67
is_linear=0
shrinkage=0.03


Tree=348
num_leaves=28
num_cat=0
split_feature=36 30 33 30 28 23 22 36 35 35 23 30 33 33 27 23 33 27 35 19 23 29 30 25 32 29 28
split_gain=2.93422e-05 0.000276528 0.000420437 0.000358448 0.000360252 0.000356146 0.000273666 0.000215324 0.00020951 0.000279805 0.000134425 0.00024897 0.000212035 0.000386938 0.00031878 0.000412109 0.000205752 0.00032705 0.000202898 0.000201779 0.000176351 0.000123528 0.000172504 0.000106115 2.18994e-05 1.76606e-05 1.17091e-05
threshold=-0.0023410010194107969 60.475719454273069 -0.044589031694376662 49.602357481625141 -364487180.49999994 1.5974219044714391 32.981435413461718 -0.011465291181994965 0.020219707866187941 0.008646275484000595 1.4283473312903789 87.16217218990802 0.0017437041630368191 0.028853008109781534 0.70110695137408918 1.8984184906114729 -0.027506107662314924 -0.037425937837010613 0.007261771651030694 67.059999847412129 -0.40852937121719884 69.128317588751955 85.153638423460549 0.49165622849531188 -0.007609014092266996 92.297474513046282 -1355772966.9999998
decision_type=2 2 2 2 2 2 2 2 2 2 2 2 2 2 2 2 2 2 2 2 2 2 2 2 2 2 2
left_child=1 2 6 4 -4 8 -1 -5 9 -3 11 16 14 23 24 -16 17 -2 -13 -18 -20 -7 -23 -14 -12 -15 -10
right_child=10 5 3 7 -6 21 -8 -9 26 -11 12 18 13 25 15 -17 19 -19 20 -21 -22 22 -24 -25 -26 -27 -28
leaf_value=0 0 0 -4.2499371115524725e-05 0 9.6866020324999073e-06 0 0.00010381950160570596 -7.4773929670040736e-05 -2.2897339797815049e-05 5.9306182302639297e-05 0 0 7.966391590641454e-05 -2.1589731190236186e-05 0 -0.00014125597948006082 1.0728051057273164e-05 -6.1807292285367052e-05 0 -7.9183110525911916e-06 -7.2553497557477608e-05 -0.0001097245279002038 0 0 4.0933261585961255e-05 0 0
leaf_weight=38 57 97 158 27 412 29 43 125 20 277 26 27 109 34 26 32 997 127 20 1066 121 24 23 43 22 33 58
leaf_count=38 57 97 158 27 412 29 43 125 20 277 26 27 109 34 26 32 997 127 20 1066 121 24 23 43 22 33 58
internal_value=0 2.93562e-06 -5.34182e-06 -1.59219e-05 0 2.12036e-05 5.18764e-05 -5.76587e-05 3.43756e-05 4.39556e-05 -2.33477e-06 -5.68644e-06 1.33368e-05 3.3687e-05 -4.2435e-07 -6.81197e-05 -1.63662e-06 -3.22264e-05 -4.1973e-05 0 -5.82497e-05 -1.76557e-05 -5.3517e-05 6.2644e-05 1.89757e-05 0 0
internal_weight=4071 1331 803 722 570 528 81 152 452 374 2740 2415 325 219 106 58 2247 184 168 2063 141 76 47 152 48 67 78
internal_count=4071 1331 803 722 570 528 81 152 452 374 2740 2415 325 219 106 58 2247 184 168 2063 141 76 47 152 48 67 78
is_linear=0
shrinkage=0.03


Tree=349
num_leaves=25
num_cat=0
split_feature=34 32 33 5 27 0 27 32 33 33 26 5 0 25 23 35 20 32 20 33 27 5 26 35
split_gain=2.89208e-05 0.000269197 0.000167888 0.000224594 0.000131113 0.000258999 0.000585913 0.000775411 0.000201648 0.000126542 0.000356702 0.000205875 0.000116585 0.000149183 0.000164691 0.000131905 0.000265494 0.000108019 0.000105325 9.48607e-05 5.04689e-05 4.89438e-05 1.76299e-05 1.13683e-05
threshold=0.0014614877878944557 0.028841380838822043 0.0081327929907109037 18493120.500000004 0.74831872948882527 38.49852371215821 0.64928107830460502 0.0012841396840059807 -0.013641498443302811 0.0023794297662605994 0.95332119387323588 13600052.500000002 40.976783752441413 0.58049732085539196 1.2295548362939785 0.011701289862033303 71.776250267028828 -0.00076833262109365908 85.02124996185303 -0.0017621002898014491 0.34216203136935069 15457226.500000002 1.2631471858375209 0.013490353205088847
decision_type=2 2 2 2 2 2 2 2 2 2 2 2 2 2 2 2 2 2 2 2 2 2 2 2
left_child=1 2 9 20 5 6 8 -8 -2 11 -11 -1 13 14 -6 19 -17 18 -7 -14 -4 -19 -15 -5
right_child=4 -3 3 23 12 17 7 -9 -10 10 -12 -13 15 22 -16 16 -18 21 -20 -21 -22 -23 -24 -25
leaf_value=2.2457143151958727e-05 -7.8971730701183683e-05 -7.739019679018948e-05 -2.1202818823665594e-05 0 3.5281215189079476e-05 0 0 -0.00015520241855560671 0 0 -6.4792062085974449e-05 0 -3.5298446267747223e-05 0 0 -5.7608451625376326e-05 0 0 -6.7978922365281204e-05 1.1421695936802394e-05 2.0344629293642421e-05 2.5952502875387431e-05 -2.014453604924873e-05 8.8569428934203841e-05
leaf_weight=430 29 34 41 25 307 125 41 66 274 70 96 1202 29 42 113 110 135 200 31 378 65 137 39 52
leaf_count=430 29 34 41 25 307 125 41 66 274 70 96 1202 29 42 113 110 135 200 31 378 65 137 39 52
internal_value=0 1.90625e-06 4.78537e-06 3.27457e-05 -3.01628e-06 -1.21771e-05 -2.99154e-05 -9.13808e-05 0 2.69478e-07 -2.22726e-05 4.4017e-06 1.55697e-06 1.41111e-05 2.36033e-05 -3.48983e-06 -2.27135e-05 0 -1.77037e-05 7.15693e-07 0 1.1969e-05 0 7.18903e-05
internal_weight=4071 2015 1981 183 2056 903 410 107 303 1798 166 1632 1153 501 420 652 245 493 156 407 106 337 81 77
internal_count=4071 2015 1981 183 2056 903 410 107 303 1798 166 1632 1153 501 420 652 245 493 156 407 106 337 81 77
is_linear=0
shrinkage=0.03


Tree=350
num_leaves=17
num_cat=0
split_feature=31 0 23 24 35 27 31 24 0 23 31 0 23 36 29 27
split_gain=2.87154e-05 0.000341567 0.000558159 0.000400394 0.000433869 0.000545909 0.000295119 0.00011411 9.25459e-05 0.000311478 0.000220842 0.000148333 0.000331915 0.000233983 5.5324e-05 2.98956e-05
threshold=-0.015468328920867134 48.688875198364265 0.54142778733164232 -1.9010383139874738 0.018827334634065891 0.65738824653660877 -0.013998416260098677 0.28833511495246139 52.44688796997071 0.7965621148721419 0.0061967852927707909 42.592924118041999 0.3603854757274832 0.0027829692628069695 61.798272034130541 0.095796245806524086
decision_type=2 2 2 2 2 2 2 2 2 2 2 2 2 2 2 2
left_child=1 3 -3 -1 15 -6 7 -2 11 10 -10 13 -13 -8 -11 -5
right_child=6 2 -4 4 5 -7 8 -9 9 14 -12 12 -14 -15 -16 -17
leaf_value=-3.7711693515792203e-05 -9.800116412158187e-05 -0.00014547630309513719 0 -5.2238904841530094e-07 0.00011211329575352946 0 -6.4322965093023494e-06 0 6.2380471922288895e-05 -1.9792714827819661e-05 0 0 -3.8876545581614885e-05 1.3102445153526136e-05 0 1.6726305359770017e-05
leaf_weight=32 39 29 36 74 112 22 1269 25 140 127 85 528 297 923 237 96
leaf_count=32 39 29 36 74 112 22 1269 25 140 127 85 528 297 923 237 96
internal_value=0 6.81435e-06 -4.17569e-05 2.51461e-05 4.16381e-05 8.27253e-05 -1.40246e-06 -6.524e-05 0 1.05916e-05 3.92294e-05 -2.38798e-06 -1.34971e-05 4.24999e-07 0 0
internal_weight=4071 401 65 336 304 134 3670 64 3606 589 225 3017 825 2192 364 170
internal_count=4071 401 65 336 304 134 3670 64 3606 589 225 3017 825 2192 364 170
is_linear=0
shrinkage=0.03


Tree=351
num_leaves=27
num_cat=0
split_feature=36 30 23 29 0 23 35 36 20 35 0 5 36 5 27 35 35 30 35 36 35 29 30 0 29 24
split_gain=2.74717e-05 0.000261408 0.000335556 0.000226694 0.000470762 0.000667448 0.000215864 0.000461796 0.000430021 0.000201997 0.000549943 0.000149757 0.000261323 0.000385969 0.000385692 0.000224192 0.00016797 0.000198747 0.000136747 0.000400131 0.000307012 0.000116088 0.000161398 5.4762e-05 5.21039e-05 1.03201e-05
threshold=-0.0023410010194107969 60.475719454273069 1.5974219044714391 38.677792800435775 41.061918258666999 -0.93415040616894263 0.011514844262930533 -0.014562618718254967 75.952500152587902 0.020219707866187941 41.686225891113288 29624162.000000004 0.0020693571268393151 42834409.500000007 0.57926993868871146 0.028492460288314207 0.011223690092665224 38.629982287306106 0.01738148964697735 0.0060163383614261941 0.012783364261995901 69.128317588751955 85.153638423460549 34.647304534912116 48.217618453818439 0.42344631409413119
decision_type=2 2 2 2 2 2 2 2 2 2 2 2 2 2 2 2 2 2 2 2 2 2 2 2 2 2
left_child=1 3 9 6 5 -5 8 -8 -1 10 -3 15 13 14 -13 18 25 -18 20 -20 -2 -4 -23 -11 -6 -14
right_child=11 2 21 4 24 -7 7 -9 -10 23 -12 12 16 -15 -16 -17 17 -19 19 -21 -22 22 -24 -25 -26 -27
leaf_value=-6.4832283273154505e-05 -3.7889556710518374e-06 7.3810479457511657e-05 0 0 3.4196687006726019e-05 -0.0001032822912248837 -2.7725707870687823e-05 4.2218878961352955e-05 6.6199310217445086e-06 -3.5691421105393517e-05 0 0 6.0042183937447276e-05 0 -0.00017786001442464562 8.7905593120075494e-05 -5.1008263101748494e-05 0 -8.6653887222676469e-05 0 2.3427287094520735e-05 -0.00010584684581538328 0 8.8519629228178748e-06 0 0
leaf_weight=105 1564 217 29 48 40 117 69 280 80 36 157 35 29 34 34 26 90 197 64 180 466 24 23 42 64 21
leaf_count=105 1564 217 29 48 40 117 69 280 80 36 157 35 29 34 34 26 90 197 64 180 466 24 23 42 64 21
internal_value=0 2.80398e-06 2.06081e-05 -5.16841e-06 -2.88993e-05 -6.26698e-05 1.17215e-06 1.97928e-05 -1.77397e-05 3.34552e-05 4.28786e-05 -2.2812e-06 -1.84025e-05 -6.10473e-05 -0.000102896 0 0 -1.39104e-05 -1.96169e-07 -2.22829e-05 9.818e-07 -1.632e-05 -5.14643e-05 0 0 4.36872e-05
internal_weight=4071 1331 528 803 269 165 534 349 185 452 374 2740 440 103 69 2300 337 287 2274 244 2030 76 47 78 104 50
internal_count=4071 1331 528 803 269 165 534 349 185 452 374 2740 440 103 69 2300 337 287 2274 244 2030 76 47 78 104 50
is_linear=0
shrinkage=0.03


Tree=352
num_leaves=30
num_cat=0
split_feature=30 30 35 26 28 27 31 27 28 35 26 22 35 30 35 35 1 35 35 22 27 30 27 35 35 26 31 36 34
split_gain=2.81343e-05 0.000132906 0.000277396 0.00030737 0.000359671 0.000124022 0.000252373 0.000218695 0.000359082 0.000172771 0.000326713 0.000168809 0.000427219 0.00100848 0.000313533 0.000519136 0.0002095 0.00015043 0.00012046 0.000257097 0.00014284 0.00032051 0.000101004 4.27012e-05 3.36038e-05 2.64465e-05 1.57174e-05 8.03632e-05 5.55344e-05
threshold=69.472239222181216 78.77752776677643 0.011893834599720585 0.89894185439390184 -1714932531.9999998 0.55989138207380029 0.0030254294217945126 0.67180186209157866 214019805.50000003 0.024390455194876301 0.98974686646526433 42.192289148926903 0.01738148964697735 36.495886898313749 0.019395036305318285 0.030056960877709663 61.725000381469734 0.012658253461622424 0.012845275603711379 52.749499153502619 0.89703740445807301 82.465183659722001 0.72442434192144567 0.01738148964697735 0.01185184054904514 1.351662677459452 0.0042219142682421449 0.005483010198877176 0.0099937960210370064
decision_type=2 2 2 2 2 2 2 2 2 2 2 2 2 2 2 2 2 2 2 2 2 2 2 2 2 2 2 2 2
left_child=5 2 26 -4 -5 11 7 8 -7 10 -8 14 17 -14 16 -16 -1 -13 20 25 21 -3 -9 -21 -22 -20 28 -28 -2
right_child=1 18 3 4 -6 6 9 22 -10 -11 -12 12 13 -15 15 -17 -18 -19 19 23 24 -23 -24 -25 -26 -27 27 -29 -30
leaf_value=-2.350157279701481e-05 0 0 0 0 -7.4840446917900482e-05 0.00010597080976938852 9.1839833362330308e-06 -1.7094681503943227e-05 0 5.896010521574879e-05 -3.5649148811556167e-05 -9.9167145076385422e-06 -0.0001194888422537338 0 7.2652873926930722e-05 0 7.3364931657058474e-06 1.9801252708516882e-05 0 1.5366189080204762e-05 1.2848076363449694e-05 -5.0415209521791109e-05 2.2569060566127187e-05 -5.2937853294602714e-06 0 0.00012908079313286424 3.8915359095634395e-05 0 -2.2125316948945068e-05
leaf_weight=295 81 93 35 21 177 76 209 72 86 36 241 519 100 111 146 69 479 215 22 149 194 168 137 115 22 21 57 23 102
leaf_count=295 81 93 35 21 177 76 209 72 86 36 241 519 100 111 146 69 479 215 22 149 194 168 137 115 22 21 57 23 102
internal_value=0 -4.17822e-06 -1.69161e-05 -4.09883e-05 -5.80801e-05 1.03216e-06 1.11968e-05 3.00269e-05 5.72566e-05 0 -8.16405e-06 -1.92128e-06 -1.20426e-05 -4.97058e-05 4.71688e-06 3.75912e-05 -5.43083e-07 0 5.55046e-08 1.77151e-05 -5.02368e-06 -2.30564e-05 0 0 2.88392e-06 8.7205e-05 0 1.32891e-05 0
internal_weight=4071 1280 496 233 198 2791 857 371 162 486 450 1934 945 211 989 215 774 734 784 307 477 261 209 264 216 43 263 80 183
internal_count=4071 1280 496 233 198 2791 857 371 162 486 450 1934 945 211 989 215 774 734 784 307 477 261 209 264 216 43 263 80 183
is_linear=0
shrinkage=0.03


Tree=353
num_leaves=19
num_cat=0
split_feature=25 36 25 5 27 33 35 5 36 32 20 34 21 35 22 35 5 34
split_gain=2.63278e-05 0.000201472 0.000411763 0.000184542 0.000413261 0.000342113 0.000280355 0.000212989 0.000466855 0.000182809 0.000173618 0.00025418 0.000320422 0.000225977 0.000180402 0.000156546 0.00015464 8.71776e-06
threshold=0.077008888488123137 -0.0084560397632975036 0.26311508474699991 49687500.000000007 -0.01077250542196955 -0.016009504766787471 0.034698902335855285 40029911.000000007 0.0081151542888892488 -0.0030229527041996103 49.254999923706059 -0.0010931283716488769 64.945416609446212 0.019012835914265263 43.256312407681449 0.01738148964697735 21505529.500000004 0.022904519240608216
decision_type=2 2 2 2 2 2 2 2 2 2 2 2 2 2 2 2 2 2
left_child=3 2 9 6 -5 -6 7 15 -9 -2 13 14 -13 16 -12 -1 -3 -15
right_child=1 10 -4 4 5 -7 -8 8 -10 -11 11 12 -14 17 -16 -17 -18 -19
leaf_value=3.6150205219925959e-06 -0.00012361083527143052 0 0 0 -0.00016647346369974968 0 9.4980169794844257e-05 9.4665645084875561e-05 0 0 0 -3.5869354428159204e-05 0 0 3.9495239353280774e-05 -1.7634018864727601e-05 8.9548997374766778e-05 -1.0894891806299065e-05
leaf_weight=1808 48 63 67 37 29 37 32 69 20 24 37 346 751 35 166 377 59 66
leaf_count=1808 48 63 67 37 29 37 32 69 20 24 37 346 751 35 166 377 59 66
internal_value=0 -3.33726e-06 -3.7903e-05 1.46687e-06 -3.50452e-05 -8.68475e-05 4.40007e-06 1.80209e-06 4.72683e-05 -8.89469e-05 0 -4.37526e-06 -1.19594e-05 2.42659e-05 2.18239e-05 0 5.23602e-05 0
internal_weight=4071 1662 139 2409 103 66 2306 2274 89 72 1523 1300 1097 223 203 2185 122 101
internal_count=4071 1662 139 2409 103 66 2306 2274 89 72 1523 1300 1097 223 203 2185 122 101
is_linear=0
shrinkage=0.03


Tree=354
num_leaves=18
num_cat=0
split_feature=25 32 33 32 25 24 30 30 32 34 22 34 29 36 23 23 25
split_gain=2.61458e-05 0.000167259 0.000172596 0.000246576 0.00047408 0.000187803 0.000132119 0.000361309 0.000119252 7.99382e-05 3.39942e-05 0.000224516 0.000268884 0.000121382 1.86545e-05 4.42347e-05 2.53511e-05
threshold=-0.52027131783085767 -0.05483290939265794 -0.034336216470596863 -0.021789088866418557 -0.38840768092129435 0.17589214291825134 20.485087210190063 26.123645540196929 -0.019067626301817572 0.072688794514621527 31.636248248668988 -0.041929388034306174 14.71391379649261 -0.0072626811692687128 0.22503038518501486 -1.7306765787342753 -0.66446016691574405
decision_type=2 2 2 2 2 2 2 2 2 2 2 2 2 2 2 2 2
left_child=6 -2 5 4 -4 8 10 -8 -3 -5 13 12 -12 -1 15 -9 -16
right_child=1 2 3 9 -6 -7 7 14 -10 -11 11 -13 -14 -15 16 -17 -18
leaf_value=0 -7.1786902019169258e-05 6.8897514363008716e-05 -0.0001657470714205951 6.8708947126884453e-07 0 0 0.00011171705119868467 0 0 -2.8425275223859212e-05 0 0 -0.00014998490770702728 5.5010421740128507e-05 0 -3.4557248502900706e-05 4.1795110924225014e-05
leaf_weight=20 30 88 24 3321 171 64 37 22 21 87 20 32 21 36 20 37 20
leaf_count=20 30 88 24 3321 171 64 37 22 21 87 20 32 21 36 20 37 20
internal_value=0 -1.09732e-06 0 -1.9347e-06 -3.4736e-05 2.86263e-05 8.45434e-06 3.18261e-05 5.338e-05 0 0 -2.04581e-05 -7.52383e-05 0 0 -8.71987e-06 1.75105e-05
internal_weight=4071 3806 3776 3603 195 173 265 136 109 3408 129 73 41 56 99 59 40
internal_count=4071 3806 3776 3603 195 173 265 136 109 3408 129 73 41 56 99 59 40
is_linear=0
shrinkage=0.03


Tree=355
num_leaves=17
num_cat=0
split_feature=25 32 33 35 32 25 22 23 32 22 32 36 5 35 1 1
split_gain=2.47296e-05 0.000157125 0.000160704 0.000382034 0.000237978 0.000439912 0.000166929 0.000126596 0.000313972 0.000148467 0.000361064 0.00019711 0.000246287 0.000120306 7.12666e-05 4.00486e-06
threshold=-0.52027131783085767 -0.05483290939265794 -0.034336216470596863 0.02056584416216602 -0.021789088866418557 -0.38840768092129435 42.898774522223825 -0.02664460004384139 0.0051297601642343879 36.26928990712036 0.01260458008561738 -0.0079168673018036716 27238958.500000004 0.012783364261995901 79.974998474121108 51.824998855590827
decision_type=2 2 2 2 2 2 2 2 2 2 2 2 2 2 2 2
left_child=7 -2 3 15 5 -4 -5 9 14 11 -11 -1 -13 -6 -9 -3
right_child=1 2 4 6 13 -7 -8 8 -10 10 -12 12 -14 -15 -16 -17
leaf_value=0 -6.9640452472301208e-05 -1.0475365719192212e-05 -0.00016079529438250411 0.00013748870198854055 -4.5587806453353169e-06 0 0 0 0 -9.611265746814311e-05 0 0 0.00010018288936010272 6.9983473046435681e-06 0.00011060660875276149 9.643885450517987e-07
leaf_weight=34 30 32 24 33 2080 171 20 21 22 47 22 38 42 1328 39 88
leaf_count=34 30 32 24 33 2080 171 20 21 22 47 22 38 42 1328 39 88
internal_value=0 -1.09527e-06 0 2.75755e-05 -1.89999e-06 -3.41243e-05 9.46256e-05 8.169e-06 4.00407e-05 0 -3.99231e-05 1.43466e-05 5.0079e-05 0 8.30174e-05 0
internal_weight=4071 3806 3776 173 3603 195 53 265 82 183 69 114 80 3408 60 120
internal_count=4071 3806 3776 173 3603 195 53 265 82 183 69 114 80 3408 60 120
is_linear=0
shrinkage=0.03


Tree=356
num_leaves=17
num_cat=0
split_feature=3 3 22 20 32 25 5 21 34 27 30 32 31 24 32 24
split_gain=2.60424e-05 0.000530771 0.00039372 0.000364693 0.00064455 0.000312298 0.000258626 0.00018229 0.000179435 0.00017873 0.00024465 0.000133724 0.000112425 6.95854e-05 0.000390743 0.000104465
threshold=54.975000381469734 57.274999618530281 34.574191719324531 53.387499904632577 -0.025668998914388782 -0.37768588688888771 23600916.500000004 56.162916882832853 0.018175191880260847 0.72812584253529045 41.881077750702424 0.013246916653404829 0.005843695775186398 -1.2272031637276082 0.0079013319663453502 -0.62242522180412518
decision_type=2 2 2 2 2 2 2 2 2 2 2 2 2 2 2 2
left_child=3 2 -2 5 -5 6 -1 12 -4 10 -7 -11 -3 14 -9 -15
right_child=1 7 8 4 -6 9 -8 13 -10 11 -12 -13 -14 15 -16 -17
leaf_value=0 0 0 0.00015187344731107795 0 -0.00014863932856708109 0 0.00013114825922626156 0 0 0 -3.8018000353451542e-05 3.6429446686225212e-05 -0.00010736229636157595 -1.658291022670638e-05 6.5876413012088333e-05 2.522884819157713e-07
leaf_weight=20 41 37 43 24 42 259 29 105 20 125 254 111 23 347 95 2496
leaf_count=20 41 37 43 24 42 259 29 105 20 125 254 111 23 347 95 2496
internal_value=0 7.09334e-07 6.77826e-05 -5.02562e-06 -7.27718e-05 0 7.38459e-05 -5.74026e-07 0.000114871 -4.21607e-06 -1.69309e-05 1.07115e-05 -5.24101e-05 0 1.74651e-05 -7.47842e-07
internal_weight=4071 3207 104 864 66 798 49 3103 63 749 513 236 60 3043 200 2843
internal_count=4071 3207 104 864 66 798 49 3103 63 749 513 236 60 3043 200 2843
is_linear=0
shrinkage=0.03


Tree=357
num_leaves=22
num_cat=0
split_feature=28 2 19 4 5 35 29 34 5 31 26 31 29 29 21 23 26 32 34 36 32
split_gain=2.38162e-05 0.00015389 0.000291136 0.000168595 0.000218834 0.000262397 0.000213381 0.000239025 0.000211021 0.00013932 0.00043624 0.000244479 8.41712e-05 0.000247931 0.000150604 1.86688e-05 8.94086e-05 4.90944e-06 0.000113831 1.33933e-05 1.44488e-06
threshold=938649228.00000012 78.825000762939467 77.734999847412112 81.424999237060561 28043812.500000004 0.015428160398285618 38.677792800435775 0.025093172751769702 37282215.000000007 0.0045405159732548892 1.8600935502217746 0.0019537313624142798 62.605227436966082 48.955185152358574 81.968749682108566 3.3587526955382647 0.92117677654014485 -0.0025784248793133675 -0.019565222919851129 -0.0050955529717757195 0.018669141256598135
decision_type=2 2 2 2 2 2 2 2 2 2 2 2 2 2 2 2 2 2 2 2 2
left_child=1 2 9 6 5 -5 -3 -8 -6 11 -11 -1 13 17 -15 16 -14 19 -19 -2 -18
right_child=12 3 -4 4 8 -7 7 -9 -10 10 -12 -13 15 14 -16 -17 20 18 -20 -21 -22
leaf_value=0 0 0 -8.4832236409099305e-05 0 -7.8076491165448566e-05 6.3352394773644424e-05 8.0760336979219789e-05 0 0 -3.2350907056679569e-06 -0.00012852186861282369 3.0544982923153566e-05 0 0 -0.0001028166649098186 0 3.952371480224562e-05 -7.2677512383852966e-05 0 1.3584827305980709e-05 0
leaf_weight=1602 21 80 38 385 52 76 105 30 44 958 29 265 57 21 43 24 63 20 69 69 20
leaf_count=1602 21 80 38 385 52 76 105 30 44 958 29 265 57 21 43 24 63 20 69 69 20
internal_value=0 2.60576e-07 -2.05089e-06 1.28043e-05 0 1.22569e-05 3.5971e-05 5.90051e-05 -3.64501e-05 0 -9.96812e-06 3.82425e-06 -7.21392e-06 -1.99691e-05 -7.06641e-05 0 1.09512e-05 0 -6.46173e-06 2.78377e-06 3.42128e-05
internal_weight=4071 3664 2892 772 557 461 215 135 96 2854 987 1867 407 243 64 164 140 179 89 90 83
internal_count=4071 3664 2892 772 557 461 215 135 96 2854 987 1867 407 243 64 164 140 179 89 90 83
is_linear=0
shrinkage=0.03


Tree=358
num_leaves=24
num_cat=0
split_feature=25 5 25 24 3 32 36 26 25 36 34 34 29 36 25 26 25 36 5 35 5 31 5
split_gain=2.55641e-05 0.000148814 0.000261223 0.000311824 0.000219382 0.000121485 0.000236256 0.000149588 0.000418833 0.000254337 0.000109533 9.59403e-05 7.44304e-05 0.000171939 0.000122204 0.000181125 0.000153071 6.66957e-05 3.3535e-05 0.000195662 2.73817e-05 1.44772e-05 9.53489e-07
threshold=0.10876027739653966 29624162.000000004 0.22353461192468249 -0.32894423774202142 68.474998474121108 -0.0042177270492764754 -0.009063274828788534 1.2698789301092541 0.16857486571520922 0.0030371610720302789 0.03103506201883344 0.044139611498307703 76.028988600197764 0.0058271514871843276 -0.035517395492097016 1.1370750954465438 -0.069140718108069835 -0.00069807366462388447 51036642.500000007 0.013885264205090319 10128300.500000002 0.022420547874985933 16518697.000000002
decision_type=2 2 2 2 2 2 2 2 2 2 2 2 2 2 2 2 2 2 2 2 2 2 2
left_child=10 5 3 -3 -5 6 -2 9 -9 -7 12 -12 14 20 16 -16 -1 -8 19 -4 -14 -20 -15
right_child=1 2 18 4 -6 7 17 8 -10 -11 11 -13 13 22 15 -17 -18 -19 21 -21 -22 -23 -24
leaf_value=0 -8.6469648475346231e-05 0 0 -0.00016426047430184417 0 3.0118021178858667e-05 9.8331504528146428e-06 -0.00012453070759404063 0 0 4.8874321144124456e-05 0 0 6.2313632883144068e-06 0 4.7449080646969448e-05 -2.9046187504267354e-05 -2.0121411986289304e-05 3.1619835214072515e-05 -4.1287981644069504e-05 -4.8935501565496945e-05 0 0
leaf_weight=1511 38 23 59 32 23 428 122 25 205 270 79 41 42 22 465 122 166 119 23 115 101 20 20
leaf_count=1511 38 23 59 32 23 428 122 25 205 270 79 41 42 22 465 122 166 119 23 115 101 20 20
internal_value=0 -3.5554e-06 -2.2764e-05 -7.04859e-05 -0.000110161 0 -1.60886e-05 6.32195e-06 -7.31074e-06 1.51119e-05 1.25087e-06 2.92282e-05 0 -1.84069e-05 1.3738e-06 1.38048e-05 -1.18918e-06 0 0 -1.07489e-05 -3.89824e-05 1.52825e-05 0
internal_weight=4071 1502 295 78 55 1207 279 928 230 698 2569 120 2449 185 2264 587 1677 241 217 174 143 43 42
internal_count=4071 1502 295 78 55 1207 279 928 230 698 2569 120 2449 185 2264 587 1677 241 217 174 143 43 42
is_linear=0
shrinkage=0.03


Tree=359
num_leaves=20
num_cat=0
split_feature=25 5 25 35 28 24 19 35 25 26 26 26 30 30 4 25 23 26 25
split_gain=2.46449e-05 0.000177294 0.000314954 0.000254782 0.000213345 0.000202581 0.000808056 0.000521344 8.92844e-05 0.000298633 0.000355892 0.000571449 0.000166743 0.000439357 0.000285652 0.000283128 0.000227803 0.000158144 0.000151101
threshold=0.077008888488123137 49687500.000000007 -0.35718225438407131 0.034698902335855285 124361154.50000001 -0.76292248379114669 40.929999923706063 0.01738148964697735 0.18154354912719442 1.4550714234468274 1.1140142888883153 0.98596554190453745 47.801607878355675 37.233126689589987 64.77500152587892 0.29613172378970654 0.58237860032561184 1.2318816448591734 0.42964165755934985
decision_type=2 2 2 2 2 2 2 2 2 2 2 2 2 2 2 2 2 2 2
left_child=1 3 -3 5 -4 6 -1 -7 9 10 11 -2 13 -10 -15 16 -14 -12 -17
right_child=8 2 4 -5 -6 7 -8 -9 12 -11 17 -13 15 14 -16 18 -18 -19 -20
leaf_value=0.00021311635471213215 0 0 -0.00011909303502312411 9.0845388547456432e-05 0 4.7143726179313485e-06 2.8851627265574616e-06 -3.6907680442974309e-05 0 -9.680207158178935e-05 6.5844371348941521e-05 -9.9337218029132415e-05 4.7649997263250642e-05 -0.0001726585165758071 0 -2.0013177790144602e-05 0 0 4.8016636348722154e-06
leaf_weight=20 280 41 42 32 20 1592 343 319 46 39 68 69 211 26 20 331 151 56 365
leaf_count=20 280 41 42 32 20 1592 343 319 46 39 68 69 211 26 20 331 151 56 365
internal_value=0 1.4017e-06 -3.43487e-05 4.30085e-06 -8.07672e-05 1.75984e-06 2.27858e-05 -6.65317e-07 -3.23991e-06 -1.38197e-05 -6.17445e-07 -2.19088e-05 0 -3.69226e-05 -0.000106306 4.81295e-06 2.75224e-05 3.51028e-05 -2.6911e-06
internal_weight=4071 2409 103 2306 62 2274 363 1911 1662 512 473 349 1150 92 46 1058 362 124 696
internal_count=4071 2409 103 2306 62 2274 363 1911 1662 512 473 349 1150 92 46 1058 362 124 696
is_linear=0
shrinkage=0.03


Tree=360
num_leaves=27
num_cat=0
split_feature=35 35 23 27 30 0 30 20 27 27 28 27 33 29 30 21 27 5 33 34 29 29 20 26 24 33
split_gain=2.41738e-05 0.000166829 0.000416926 0.000442348 0.00108733 0.000201873 0.000255689 0.000163686 0.000139394 0.000382689 0.000425607 0.000289013 0.000446887 0.000341285 0.00024335 0.000290336 0.000255781 0.000142656 0.000202084 0.000110383 0.000326882 0.000155013 0.000156036 0.000154609 0.000109014 0.000106518
threshold=0.013254493992681039 0.010926992721910089 -0.8446512582920781 0.34593208433900885 29.847885683011338 42.778907775878913 34.969438984968214 67.772499847412121 0.043005652749231786 -0.01077250542196955 -416500933.49999994 0.31245552573927876 -0.034336216470596863 17.035705045272056 41.421892592381049 68.870000012715664 0.55989138207380029 44476170.500000007 -0.04760723605101818 0.0099937960210370064 67.593089274572989 39.653919570440756 58.778750133514414 0.95032660001367419 1.3283809176731298 -0.016359500805088575
decision_type=2 2 2 2 2 2 2 2 2 2 2 2 2 2 2 2 2 2 2 2 2 2 2 2 2 2
left_child=1 19 3 4 -3 7 -7 -4 9 17 -11 12 -10 -14 16 -16 -13 18 -2 21 23 25 -23 -21 -22 -1
right_child=8 2 5 -5 -6 6 -8 -9 11 10 -12 14 13 -15 15 -17 -18 -19 -20 20 24 22 -24 -25 -26 -27
leaf_value=1.2889685798850805e-05 -7.9419058408447763e-05 0 3.4055374966044568e-05 0 -0.00026098028840157417 0 -4.5366210752614307e-05 0 0.00010707777698047195 -0.00018501637391625091 0 -5.2567246117457299e-05 -5.4255617221104232e-05 2.4735535903830087e-05 -1.7035790761756348e-06 3.1968451136642633e-05 0 5.5494465207344009e-05 0 0 -3.1025725062977623e-06 0 2.6613336300413662e-05 -8.7787884859516e-05 3.3546878346089133e-05 -1.2958187293110347e-05
leaf_weight=216 30 42 150 20 28 44 187 156 63 23 32 151 46 296 557 285 76 39 61 42 477 55 495 60 83 357
leaf_count=216 30 42 150 20 28 44 187 156 63 23 32 151 46 296 557 285 76 39 61 42 477 55 495 60 83 357
internal_value=0 -2.32624e-06 -1.60723e-05 -7.72155e-05 -0.00011551 -2.26814e-07 -2.58938e-05 9.35062e-06 2.2904e-06 -1.84885e-05 -8.60181e-05 6.93455e-06 2.85846e-05 5.32888e-06 0 6.13364e-06 -2.8721e-05 0 -9.35726e-06 8.22257e-07 -6.71239e-06 7.93526e-06 1.95492e-05 -5.63348e-05 0 0
internal_weight=4071 2412 627 90 70 537 231 306 1659 185 55 1474 405 342 1069 842 227 130 91 1785 662 1123 550 102 560 573
internal_count=4071 2412 627 90 70 537 231 306 1659 185 55 1474 405 342 1069 842 227 130 91 1785 662 1123 550 102 560 573
is_linear=0
shrinkage=0.03


Tree=361
num_leaves=26
num_cat=0
split_feature=25 36 25 29 31 31 30 5 21 31 22 31 36 24 20 36 21 26 21 35 35 36 35 25 25
split_gain=2.47231e-05 0.000138093 0.000446815 0.00025798 0.00016684 0.000281552 0.000352754 0.00019495 0.000191187 0.000162996 0.000106667 0.000358368 0.000243402 0.000149306 0.000332032 0.000366396 0.000208575 0.000266587 0.000262087 0.000186391 0.00012688 9.91947e-05 0.00031312 0.000186365 4.60647e-05
threshold=0.10876027739653966 -0.0084560397632975036 0.26311508474699991 55.539898898558555 -0.0045889157395934679 -0.0026379555907732883 70.775866894034223 10598390.000000002 49.951250203450527 0.0049943910093485097 55.849149108451407 -0.0033574056403651294 -0.0058438544116601624 0.17589214291825134 67.903749656677263 -0.0062318201994807972 67.925000158945736 1.0431832544152406 73.297916475931814 0.01738148964697735 0.0095777976925357777 0.00672456317481497 0.0092390179134928443 -0.1646450125958113 0.30938213265694609
decision_type=2 2 2 2 2 2 2 2 2 2 2 2 2 2 2 2 2 2 2 2 2 2 2 2 2
left_child=10 2 3 -2 7 6 -6 24 -9 -7 13 12 -12 16 15 -15 17 -1 -18 -16 -14 22 -13 -23 -3
right_child=1 4 -4 -5 5 9 -8 8 -10 -11 11 21 20 14 19 -17 18 -19 -20 -21 -22 23 -24 -25 -26
leaf_value=0 -0.00018336286093637515 0 0 0 0 1.2232034009345469e-05 -0.00010085318008005406 0 4.8915806818537647e-05 -1.1812772679057915e-05 0 3.8879170706439203e-06 0 0 1.2478266114780665e-05 -6.4612124705745131e-05 -4.3198318758347709e-05 4.105653424671602e-05 0 -4.3314430315878713e-05 0.000126648117768046 0 -4.852181251923634e-05 5.1037159948775151e-05 -3.8410712982647219e-05
leaf_weight=481 23 22 67 27 24 430 60 40 191 590 39 167 30 66 329 179 138 250 532 62 47 31 128 90 28
leaf_count=481 23 22 67 27 24 430 60 40 191 590 39 167 30 66 329 179 138 250 532 62 47 31 128 90 28
internal_value=0 -3.4682e-06 -3.4866e-05 -0.00010425 0 -6.05078e-06 -5.91075e-05 1.97577e-05 3.51289e-05 0 1.276e-06 1.36875e-05 6.03049e-05 -4.93309e-07 -1.36839e-05 -4.12937e-05 3.35408e-06 1.57627e-05 -5.70762e-06 0 9.12004e-05 0 -8.69527e-06 2.35151e-05 0
internal_weight=4071 1502 117 50 1385 1104 84 281 231 1020 2569 532 116 2037 636 245 1401 731 670 391 77 416 295 121 50
internal_count=4071 1502 117 50 1385 1104 84 281 231 1020 2569 532 116 2037 636 245 1401 731 670 391 77 416 295 121 50
is_linear=0
shrinkage=0.03


Tree=362
num_leaves=18
num_cat=0
split_feature=34 32 34 0 21 31 19 30 36 34 0 2 36 32 1 34 5
split_gain=2.3588e-05 0.000251748 0.00016055 0.000239489 0.000371397 0.000192467 0.000157802 0.000337245 0.000117859 0.000247067 0.000152308 0.000181564 0.000370147 0.000154828 0.000107742 6.61212e-05 0.00010324
threshold=0.0014614877878944557 0.028841380838822043 -0.0064150987955364216 31.347810745239261 43.470833333333339 -0.0020373465583468082 68.209999847412121 48.935474069581097 0.013433413835975969 0.024117908142537673 26.824893951416019 51.324998855590827 0.0021405878855039174 -0.00076833262109365908 71.424999237060561 0.03103506201883344 46701575.000000007
decision_type=2 2 2 2 2 2 2 2 2 2 2 2 2 2 2 2 2
left_child=1 2 3 4 -1 -5 7 -4 10 -10 -2 12 -12 -13 -8 -11 -17
right_child=8 -3 6 5 -6 -7 14 -9 9 15 11 13 -14 -15 -16 16 -18
leaf_value=-9.416526630024648e-07 4.6864784873203828e-05 -7.4714256974018741e-05 7.8352996733124989e-05 0 4.9585802487150204e-05 -2.1057420516560519e-05 -3.9226114482238177e-05 0 7.8157727747790081e-05 -5.0821883301830069e-05 -6.507709073294835e-05 -1.9455928396822255e-05 0 3.1416672943203467e-07 1.2054696733266476e-05 4.2373959062552589e-05 0
leaf_weight=90 32 34 103 709 205 493 41 108 45 22 146 399 104 1221 232 53 34
leaf_count=90 32 34 103 709 205 493 41 108 45 22 146 399 104 1221 232 53 34
internal_value=0 1.82253e-06 4.65415e-06 0 2.40095e-05 -6.1474e-06 1.96755e-05 3.95037e-05 -2.65887e-06 1.85698e-05 -5.95578e-06 -8.46631e-06 -3.3793e-05 -2.7043e-06 0 0 5.27956e-06
internal_weight=4071 2015 1981 1497 295 1202 484 211 2056 154 1902 1870 250 1620 273 109 87
internal_count=4071 2015 1981 1497 295 1202 484 211 2056 154 1902 1870 250 1620 273 109 87
is_linear=0
shrinkage=0.03


Tree=363
num_leaves=28
num_cat=0
split_feature=36 30 33 30 34 28 23 22 35 35 23 30 32 33 33 27 23 33 27 34 1 29 30 24 32 29 35
split_gain=2.3842e-05 0.000255528 0.00035349 0.000324363 0.000491198 0.000324749 0.000313569 0.00025829 0.00018282 0.000262224 0.000128355 0.000229997 0.000545935 0.000199089 0.000368073 0.00027732 0.000381444 0.000187193 0.000305524 0.000260996 0.000149586 0.00010628 0.000150875 0.000104742 1.94247e-05 1.49851e-05 7.62278e-06
threshold=-0.0023410010194107969 60.475719454273069 -0.044589031694376662 49.602357481625141 0.0066973542034189934 -364487180.49999994 1.5974219044714391 32.981435413461718 0.020219707866187941 0.008646275484000595 1.4283473312903789 90.645573198386771 0.021338772679130095 0.0017437041630368191 0.028853008109781534 0.70110695137408918 1.8984184906114729 -0.027506107662314924 -0.037425937837010613 -0.0320116080743214 71.424999237060561 69.128317588751955 85.153638423460549 2.6236587433594729 -0.007609014092266996 92.297474513046282 0.030987905467384551
decision_type=2 2 2 2 2 2 2 2 2 2 2 2 2 2 2 2 2 2 2 2 2 2 2 2 2 2 2
left_child=1 2 7 5 -5 -4 8 -1 9 -3 11 17 20 15 23 24 -17 18 -2 -19 -13 -8 -23 -15 -12 -16 -10
right_child=10 6 3 4 -6 -7 21 -9 26 -11 13 12 -14 14 25 16 -18 19 -20 -21 -22 22 -24 -25 -26 -27 -28
leaf_value=0 0 0 -4.0244038958006149e-05 -8.7458736408461312e-05 0 9.3748358382062028e-06 0 9.7419312701878182e-05 -1.1058509507637347e-05 5.6624496374348151e-05 0 -0.00017469595910107582 0 7.2236167223561066e-05 -1.9887233000382491e-05 0 -0.00013421542686530946 4.0679045147050338e-05 -5.9905191529435964e-05 -2.5326478849700469e-06 0 -0.00010107993227487652 0 0 3.8128259664978733e-05 0 0
leaf_weight=38 57 97 158 117 35 412 29 43 56 277 26 29 20 127 34 26 32 134 127 2025 23 24 23 25 22 33 22
leaf_count=38 57 97 158 117 35 412 29 43 56 277 26 29 20 127 34 26 32 134 127 2025 23 24 23 25 22 33 22
internal_value=0 2.83231e-06 -5.00727e-06 -1.49641e-05 -5.46114e-05 0 2.04344e-05 4.66617e-05 3.28522e-05 4.17626e-05 -1.98345e-06 -5.29831e-06 -6.02956e-05 1.34146e-05 3.29365e-05 0 -6.35906e-05 -2.32539e-06 -3.13679e-05 0 -0.000120258 -1.39426e-05 -4.84243e-05 6.11606e-05 1.74496e-05 0 0
internal_weight=4071 1331 803 722 152 570 528 81 452 374 2740 2415 72 325 219 106 58 2343 184 2159 52 76 47 152 48 67 78
internal_count=4071 1331 803 722 152 570 528 81 452 374 2740 2415 72 325 219 106 58 2343 184 2159 52 76 47 152 48 67 78
is_linear=0
shrinkage=0.03


Tree=364
num_leaves=28
num_cat=0
split_feature=25 5 5 4 31 32 36 31 5 36 29 22 31 23 24 35 36 20 21 21 28 20 35 32 30 32 24
split_gain=2.38625e-05 0.000135568 0.0002483 0.000385771 0.000337953 0.000112733 0.000137387 0.000291035 0.000189322 0.000124999 0.000218327 0.00010301 0.00034169 0.000262442 0.000138366 0.000317933 0.000399002 0.000201853 0.000195142 0.000250313 0.000209448 9.95995e-05 0.000342405 0.000119097 8.52608e-05 3.03809e-05 2.33686e-05
threshold=0.10876027739653966 29624162.000000004 53404884.000000007 51.875000000000007 0.013673127071878512 -0.0025784248793133675 0.0052805001715505442 0.012805242583666889 18000785.500000004 -0.009063274828788534 55.539898898558555 55.849149108451407 -0.0036701466130508171 1.2924261474394891 0.17589214291825134 0.017298167641938398 -0.0062318201994807972 67.903749656677263 67.925000158945736 73.297916475931814 -1052063203.4999999 58.943750095367442 0.012569866910006831 0.0014765388465142195 75.574428596675361 0.0036798934570755342 0.65326751208336986
decision_type=2 2 2 2 2 2 2 2 2 2 2 2 2 2 2 2 2 2 2 2 2 2 2 2 2 2 2
left_child=11 5 3 4 -3 9 7 -7 -8 10 -2 14 13 -13 18 17 -17 -16 20 -20 -1 22 -14 -23 -11 -5 -4
right_child=1 2 26 25 -6 6 8 -9 -10 24 -12 12 21 -15 15 16 -18 -19 19 -21 -22 23 -24 -25 -26 -27 -28
leaf_value=0 -0.00013595131911344323 -0.00013688193538341094 2.4137021131249826e-05 0 0 2.4926998183417034e-05 -3.6244529475520577e-05 -2.9230479314512922e-05 5.6398162085515253e-06 5.3676372174868897e-06 0 0 -9.1783159086163959e-05 0.00010241127194187114 -2.8253752312316331e-05 0 -0.00010851482161026166 1.1964316807668055e-05 -4.2073150358589703e-05 0 2.7054049928488832e-05 0 0 2.3242439126540451e-05 -2.5988651687787304e-05 -1.5280692437476277e-05 0
leaf_weight=239 20 54 36 45 21 593 132 58 101 176 21 49 44 61 169 77 64 326 138 532 492 82 49 247 106 117 22
leaf_count=239 20 54 36 45 21 593 132 58 101 176 21 49 44 61 169 77 64 326 138 532 492 82 49 247 106 117 22
internal_value=0 -3.34642e-06 -2.16901e-05 -3.90904e-05 -9.71975e-05 0 6.63748e-06 1.54906e-05 -5.22401e-06 -1.39093e-05 -6.52543e-05 1.34607e-06 1.35088e-05 6.06222e-05 -3.58277e-07 -1.31243e-05 -5.29569e-05 0 3.29635e-06 -5.34949e-06 1.53238e-05 0 -2.60836e-05 8.9393e-06 0 0 0
internal_weight=4071 1502 295 237 75 1207 884 651 233 323 41 2569 532 110 2037 636 141 495 1401 670 731 422 93 329 282 162 58
internal_count=4071 1502 295 237 75 1207 884 651 233 323 41 2569 532 110 2037 636 141 495 1401 670 731 422 93 329 282 162 58
is_linear=0
shrinkage=0.03


Tree=365
num_leaves=27
num_cat=0
split_feature=35 36 26 31 25 31 2 28 21 36 36 36 26 35 25 26 33 36 29 29 23 24 24 25 36 31
split_gain=2.49321e-05 0.000177458 0.000320793 0.000144607 0.000256033 0.000170549 0.000223368 0.000220911 0.000122391 0.000120161 0.000460486 0.000455345 0.000449375 0.000739736 0.000300769 0.000341059 0.000279106 0.000548084 0.000370272 0.000179448 0.000225095 0.000123353 7.00018e-05 4.50884e-05 3.04036e-05 1.42532e-05
threshold=0.013254493992681039 0.0062893600448561951 1.0961005705112308 -0.01189393804842692 0.043751498566527415 -0.0036701466130508171 59.774999618530281 142536753.00000003 66.298333454132106 0.0027829692628069695 -0.0023410010194107969 0.010146235282328825 1.5433447253019756 0.015428160398285618 0.19645084698572918 0.88518804142015595 -0.025725426166779138 -0.023324514187125733 53.212751141891623 35.690888107941994 -0.79667591702311558 -0.066168679241012399 -0.53081277491689238 -0.24316185935938067 -0.006892571300954233 0.0048723881289378665
decision_type=2 2 2 2 2 2 2 2 2 2 2 2 2 2 2 2 2 2 2 2 2 2 2 2 2 2
left_child=1 3 -3 4 24 7 -7 -5 -6 10 16 14 13 -12 15 -11 17 -2 -18 20 -13 -21 -4 -14 -1 -16
right_child=9 2 22 5 8 6 -8 -9 -10 11 12 19 23 -15 25 -17 18 -19 -20 21 -22 -23 -24 -25 -26 -27
leaf_value=-2.7020239996445272e-05 -2.2420195928719364e-05 0 0 4.715114356188075e-05 0 -2.8815781382668626e-05 2.6312345229128681e-06 0 -0.00011887448227302841 0 0 0 0 -0.00014188968814397775 5.2706997427255256e-06 6.9542460565106675e-05 -3.2487581507686739e-05 6.9193067711128872e-05 1.7101870238246029e-05 -9.3169536619322845e-06 -7.2606563824776976e-05 2.4748606685276843e-05 -8.0921052991498037e-05 4.1912879776693386e-05 5.6799130630114071e-06 -1.3796823971322543e-05
leaf_weight=33 31 167 24 166 20 232 1222 337 32 36 80 42 23 73 43 226 244 156 260 128 70 163 80 23 99 61
leaf_count=33 31 167 24 166 20 232 1222 337 32 36 80 42 23 73 43 226 244 156 260 128 70 163 80 23 99 61
internal_value=0 -2.32907e-06 -2.52466e-05 0 -2.4778e-05 2.95746e-06 -3.24951e-07 1.8407e-05 -8.11929e-05 2.37448e-06 -2.60542e-06 1.20382e-05 -4.49062e-05 -7.25542e-05 3.75357e-05 5.47793e-05 5.24056e-06 3.79678e-05 -9.56204e-07 -3.67959e-06 -3.85927e-05 0 -6.65833e-05 0 0 0
internal_weight=4071 2412 271 2141 184 1957 1454 503 52 1659 890 769 199 153 366 262 691 187 504 403 112 291 104 46 132 104
internal_count=4071 2412 271 2141 184 1957 1454 503 52 1659 890 769 199 153 366 262 691 187 504 403 112 291 104 46 132 104
is_linear=0
shrinkage=0.03


Tree=366
num_leaves=18
num_cat=0
split_feature=0 30 24 2 0 31 35 34 20 36 20 31 34 0 24 5 30
split_gain=2.45677e-05 0.000230739 0.000247887 0.000325813 0.000223977 0.000326628 0.000189652 0.000150873 0.000140199 0.000385567 0.000270374 0.000131286 0.000130487 0.00036965 0.000109778 3.96237e-05 3.86003e-11
threshold=33.865350723266609 90.324146915316888 -0.36508994947522377 67.625000000000014 34.425086975097663 0.0033670186185167377 0.024986444570376864 -0.068693924387164471 59.739999866485604 0.0027829692628069695 63.998749637603773 0.0086237772344445202 -0.034060878285162403 80.357723236083999 -1.0123414868995761 11767829.500000002 54.087643921242893
decision_type=2 2 2 2 2 2 2 2 2 2 2 2 2 2 2 2 2
left_child=1 2 8 6 5 15 -4 -6 9 -1 -10 -5 13 -9 -14 -2 -7
right_child=4 -3 3 11 7 16 -8 12 10 -11 -12 -13 14 -15 -16 -17 -18
leaf_value=-4.7220191591730238e-05 0 -7.4308606382491509e-05 5.3664844926051101e-05 0 5.5413041029840142e-05 0 0 0 6.4890968315179935e-05 6.6413304131323501e-06 0 -6.265387354817772e-05 2.2519539344221173e-05 -0.00012704768569430429 -8.6174970453949459e-07 -0.00012588148279616722 3.9647919087920262e-08
leaf_weight=196 21 26 265 100 43 20 58 205 65 118 107 30 191 28 2542 34 22
leaf_count=196 21 26 265 100 43 20 58 205 65 118 107 30 191 28 2542 34 22
internal_value=0 3.66493e-06 9.02617e-06 2.5712e-05 -1.71615e-06 -4.65855e-05 4.28329e-05 0 -3.57158e-07 -1.74325e-05 1.33755e-05 0 -1.0773e-06 -2.27723e-05 0 -9.57056e-05 0
internal_weight=4071 965 939 453 3106 97 323 3009 486 314 172 130 2966 233 2733 55 42
internal_count=4071 965 939 453 3106 97 323 3009 486 314 172 130 2966 233 2733 55 42
is_linear=0
shrinkage=0.03


Tree=367
num_leaves=19
num_cat=0
split_feature=25 32 33 35 32 25 22 30 30 35 27 33 25 27 23 23 25 1
split_gain=2.45411e-05 0.000151859 0.000139556 0.00034746 0.000212825 0.000413306 0.000149714 0.00012795 0.000323716 0.000120185 5.40617e-05 0.000411233 4.42164e-05 2.44453e-05 1.42641e-05 3.65517e-05 2.24449e-05 4.57931e-06
threshold=-0.52027131783085767 -0.05483290939265794 -0.034336216470596863 0.02056584416216602 -0.021789088866418557 -0.38840768092129435 42.898774522223825 20.485087210190063 26.123645540196929 0.012783364261995901 -0.021924382210808242 -0.021072284726823372 -0.66446016691574405 0.13481966317745162 0.22503038518501486 -1.7306765787342753 -0.66446016691574405 51.824998855590827
decision_type=2 2 2 2 2 2 2 2 2 2 2 2 2 2 2 2 2 2
left_child=7 -2 3 17 5 -4 -5 10 -9 -6 -1 12 -12 -13 15 -10 -16 -3
right_child=1 2 4 6 9 -7 -8 8 14 -11 11 13 -14 -15 16 -17 -18 -19
leaf_value=3.0753938623455409e-06 -6.8437705677295823e-05 -1.1297424027922548e-05 -0.00015446398093599893 0.00013025302681903103 -4.5423689566582178e-06 0 0 0.00010693973536432765 0 7.0091957403432135e-06 -0.0001408487109693414 2.7496196378275057e-05 0 0 0 -3.078241477150286e-05 3.9132557289827767e-05 5.2623104132260042e-07
leaf_weight=31 30 32 24 33 2080 171 20 37 22 1328 23 29 21 25 20 37 20 88
leaf_count=31 30 32 24 33 2080 171 20 37 22 1328 23 29 21 25 20 37 20 88
internal_value=0 -1.0638e-06 0 2.56756e-05 -1.78552e-06 -3.2259e-05 8.96559e-05 8.1895e-06 3.12529e-05 0 0 -2.22032e-05 -9.74123e-05 0 0 -6.1809e-06 1.62431e-05 0
internal_weight=4071 3806 3776 173 3603 195 53 265 136 3408 129 98 44 54 99 59 40 120
internal_count=4071 3806 3776 173 3603 195 53 265 136 3408 129 98 44 54 99 59 40 120
is_linear=0
shrinkage=0.03


Tree=368
num_leaves=20
num_cat=0
split_feature=25 25 34 27 23 32 26 22 34 36 5 35 24 5 25 36 22 21 32
split_gain=2.37275e-05 0.000143466 0.000309978 0.000866287 0.000121109 0.000301378 0.000127771 0.000127479 0.000262107 0.000186253 0.000221957 7.23206e-05 0.000241055 0.000679119 0.000249512 0.000167308 0.000206407 0.00010418 1.79053e-05
threshold=-0.52027131783085767 -0.40533074343966341 -0.0092826882966652851 0.16816604325424134 -0.02664460004384139 0.0051297601642343879 1.488786134911577 36.26928990712036 -0.036236838796095565 -0.0079168673018036716 27238958.500000004 0.01454168615908606 -0.77471572696320723 22230484.000000004 -0.27111752707013592 -0.006892571300954233 52.749499153502619 46.558749866485606 -0.01554913015629533
decision_type=2 2 2 2 2 2 2 2 2 2 2 2 2 2 2 2 2 2 2
left_child=4 2 3 18 7 6 -6 9 -9 -1 -11 15 13 -13 -14 16 -3 -17 -2
right_child=1 11 -4 -5 5 -7 -8 8 -10 10 -12 12 14 -15 -16 17 -18 -19 -20
leaf_value=0 -1.7420661118651715e-05 -6.0123947750480099e-05 0 -0.00022715481118731464 0 0 0.00011596919840392399 -0.00012531424164429958 0 0 9.583601600052501e-05 8.9553698603549129e-05 4.0700586213007532e-05 0 -7.0356668935159899e-06 2.8363841264842069e-05 0 -2.0361722906159612e-06 0
leaf_weight=34 53 98 41 23 22 22 38 21 48 38 42 109 112 154 785 105 62 2221 43
leaf_count=34 53 98 41 23 22 22 38 21 48 38 42 109 112 154 785 105 62 2221 43
internal_value=0 -1.04869e-06 -2.88555e-05 -5.8836e-05 8.04762e-06 3.92014e-05 8.13169e-05 0 -3.71665e-05 1.29991e-05 4.83056e-05 0 6.35223e-06 3.16625e-05 0 -2.71143e-06 -3.24759e-05 0 0
internal_weight=4071 3806 160 119 265 82 60 183 69 114 80 3646 1160 263 897 2486 160 2326 96
internal_count=4071 3806 160 119 265 82 60 183 69 114 80 3646 1160 263 897 2486 160 2326 96
is_linear=0
shrinkage=0.03


Tree=369
num_leaves=24
num_cat=0
split_feature=34 32 33 5 27 34 5 20 35 5 34 30 36 24 30 22 24 29 30 19 22 27 35
split_gain=2.38464e-05 0.000239474 0.00015842 0.000217677 0.000125248 0.000251316 0.000284525 0.000250977 0.000159346 0.000409226 0.00025103 0.000124632 0.000260859 0.000181649 0.000118879 0.000229171 0.000217975 0.000178576 9.14503e-05 6.53204e-05 6.51344e-05 4.36061e-05 5.51907e-06
threshold=0.0014614877878944557 0.027725035688828673 0.0081327929907109037 18493120.500000004 0.74831872948882527 0.0066973542034189934 26176570.500000004 68.226250267028817 0.016738283889945905 15203225.000000002 0.022904519240608216 44.188463675548739 -0.014562618718254967 0.06279851624490522 75.949603021756005 65.06669611799451 2.1130282635598134 83.819759051778917 85.439591987869093 77.009999847412118 61.473603640373831 0.34216203136935069 0.013490353205088847
decision_type=2 2 2 2 2 2 2 2 2 2 2 2 2 2 2 2 2 2 2 2 2 2 2
left_child=1 2 11 21 5 6 7 -2 9 -7 -10 12 -1 -13 15 20 19 -17 -18 -16 -6 -4 -5
right_child=4 -3 3 22 14 8 -8 -9 10 -11 -12 13 -14 -15 16 17 18 -19 -20 -21 -22 -23 -24
leaf_value=-6.3137563667738138e-05 -8.6542429025129346e-05 -7.1569117356756385e-05 -1.9736162431021455e-05 0 7.6005886775028572e-06 4.0699962047560059e-06 0 0 6.088824198531549e-05 -4.4564419864860946e-05 0 3.4253832275484884e-05 0 0 -4.8954511500124988e-06 5.4789575847017097e-05 -0.0001109760013929048 0 0 1.5122124070070776e-05 -2.2826332852299161e-05 1.889270091541208e-05 8.6879992699298407e-05
leaf_weight=62 111 35 41 25 202 279 22 105 84 212 90 224 1192 320 410 157 23 28 29 214 90 65 51
leaf_count=62 111 35 41 25 202 279 22 105 84 212 90 224 1192 320 410 157 23 28 29 214 90 65 51
internal_value=0 1.80758e-06 4.62326e-06 3.18592e-05 -2.68997e-06 -1.17157e-05 -3.8348e-05 -5.29646e-05 0 -1.0825e-05 2.22078e-05 1.963e-07 -3.1922e-06 1.35201e-05 1.77748e-06 1.48086e-05 -2.98119e-06 4.0982e-05 -6.22956e-05 0 0 0 7.07332e-05
internal_weight=4071 2015 1980 182 2056 903 238 216 665 491 174 1798 1254 544 1153 477 676 185 52 624 292 106 76
internal_count=4071 2015 1980 182 2056 903 238 216 665 491 174 1798 1254 544 1153 477 676 185 52 624 292 106 76
is_linear=0
shrinkage=0.03


Tree=370
num_leaves=28
num_cat=0
split_feature=36 36 30 27 5 26 26 27 34 32 5 36 25 24 30 27 30 22 32 27 24 24 23 26 25 32 32
split_gain=2.28692e-05 0.000243815 0.000164761 0.000343929 0.000386013 0.000268466 0.000659241 0.000387393 0.000214754 0.000156154 0.000130819 0.000232385 0.000376203 0.000355555 0.000122911 0.000198295 0.000318795 0.000192146 0.000365946 0.00017167 0.000117108 0.000183884 0.00013452 9.04207e-05 4.45047e-05 1.78709e-05 0.000149742
threshold=-0.0023410010194107969 -0.0032930006020243153 33.789900242500828 0.68667935106283673 35101912.000000007 1.1073174783188358 1.3826743268284831 -0.021924382210808242 0.042216278354071053 0.0012841396840059807 29624162.000000004 0.0020693571268393151 -0.20033427950959276 0.72817527966446238 27.536096281581703 0.35627470122178212 20.485087210190063 55.976613570164623 0.0056548747467468638 0.85184860916212157 0.62518445510094611 -0.79451252600745392 1.8199315403937464 0.85474651765657395 0.050691760406809457 0.0075703099938803095 0.016681402646156699
decision_type=2 2 2 2 2 2 2 2 2 2 2 2 2 2 2 2 2 2 2 2 2 2 2 2 2 2 2
left_child=1 2 5 4 -4 7 -7 -1 -5 23 14 12 -12 -14 15 16 -2 18 -16 -19 21 -13 -22 -3 -17 -11 -27
right_child=10 9 3 8 -6 6 -8 -9 -10 25 11 20 13 -15 17 24 -18 19 -20 -21 22 -23 -24 -25 -26 26 -28
leaf_value=0 0 0 2.7579204454562931e-06 -3.4471970371445377e-05 8.6150833932954084e-05 5.9957025213734843e-05 -7.2389407603574226e-05 -7.7832310103792088e-05 3.122740143970744e-06 -1.0817225340398872e-05 0 -6.1319591864410821e-06 -0.00013829235082182535 0 -2.7885685186909294e-05 -2.2809276735982658e-05 6.945532844176721e-05 1.934948779441381e-05 5.2885064856036228e-06 -2.9916484566144257e-06 -5.3661538904428779e-05 3.4132735238372583e-05 0 6.9574718611794062e-05 0 6.5390379845760107e-05 0
leaf_weight=56 219 35 427 234 78 89 52 120 49 43 31 84 52 20 615 77 117 470 344 435 75 148 30 93 23 34 21
leaf_count=56 219 35 427 234 78 89 52 120 49 43 31 84 52 20 615 77 117 470 344 435 75 148 30 93 23 34 21
internal_value=0 2.69219e-06 -5.5022e-07 3.79359e-06 2.15923e-05 -2.08066e-05 0 -4.63853e-05 -1.73669e-05 3.18073e-05 -1.99764e-06 -1.70988e-05 -5.72417e-05 -9.68578e-05 0 1.51104e-05 2.87589e-05 -2.43452e-06 -1.28586e-05 5.29724e-06 0 6.63232e-06 -3.00946e-05 5.36916e-05 -7.61532e-07 0 1.41553e-05
internal_weight=4071 1331 1105 788 505 317 141 176 283 226 2740 440 103 72 2300 436 336 1864 959 905 337 232 105 128 100 98 55
internal_count=4071 1331 1105 788 505 317 141 176 283 226 2740 440 103 72 2300 436 336 1864 959 905 337 232 105 128 100 98 55
is_linear=0
shrinkage=0.03


Tree=371
num_leaves=17
num_cat=0
split_feature=28 21 0 21 22 19 24 2 19 21 23 2 28 34 36 24
split_gain=2.29484e-05 0.000147755 8.10103e-05 0.000228718 0.000170033 6.35952e-05 0.00031682 0.00021574 0.000268418 0.000170135 0.000129055 1.23714e-05 7.00087e-06 8.99963e-07 2.17259e-05 1.67158e-05
threshold=938649228.00000012 107.54749997456871 42.778907775878913 132.03833312988283 66.874796591267398 87.99500045776368 0.88078381408677109 78.825000762939467 77.734999847412112 84.190000025431331 -0.02664460004384139 142.90000152587893 1102793640.0000002 -0.013528738201676658 0.0037267042888493064 0.26106376676750814
decision_type=2 2 2 2 2 2 2 2 2 2 2 2 2 2 2 2
left_child=1 5 13 4 -4 7 -7 8 -1 -8 -9 -5 -13 -2 15 -15
right_child=2 -3 3 11 -6 6 9 10 -10 -11 -12 12 -14 14 -16 -17
leaf_value=0 0 5.0117626688725932e-05 -8.8975856830113135e-05 2.0257751652850621e-05 0 1.4837554972262275e-05 0 0 -8.1148023073612807e-05 -6.5782245344071747e-05 3.1202834646168867e-05 -1.7298410309509526e-05 0 1.899820706294066e-05 0 0
leaf_weight=2854 44 53 57 27 22 43 30 224 38 112 310 21 76 98 31 31
leaf_count=2854 44 53 57 27 22 43 30 224 38 112 310 21 76 98 31 31
internal_value=0 3.28508e-07 -7.05423e-06 -2.14179e-05 -6.14833e-05 0 -1.74433e-05 5.1697e-07 -1.79444e-06 -4.83339e-05 1.86499e-05 0 -3.66972e-07 0 2.24925e-06 1.25592e-05
internal_weight=4071 3664 407 203 79 3611 185 3426 2892 142 534 124 97 204 160 129
internal_count=4071 3664 407 203 79 3611 185 3426 2892 142 534 124 97 204 160 129
is_linear=0
shrinkage=0.03


Tree=372
num_leaves=23
num_cat=0
split_feature=25 36 25 28 20 34 0 35 22 32 25 0 36 35 28 20 25 31 20 32 36 34
split_gain=2.21999e-05 0.000170069 0.000361014 0.000408312 0.000175267 0.000232013 0.000296267 0.000214765 0.000168005 0.000144781 0.000222771 0.000221553 0.000299688 0.000336053 0.000153178 0.000486364 0.000164895 0.000100553 4.20795e-05 3.98799e-05 5.38622e-06 5.22664e-06
threshold=0.077008888488123137 -0.0084560397632975036 0.26311508474699991 502895564.00000006 49.254999923706059 -0.0010931283716488769 30.685671806335453 0.019012835914265263 43.256312407681449 -0.042858297239001912 -0.4365995336608216 33.865350723266609 0.011896426225955036 0.012345712605505611 -151928733.99999997 61.508749866485608 -0.52027131783085767 0.019910851644350695 48.34749965667725 -0.0067974994555521353 -0.008352976900993998 0.022904519240608216
decision_type=2 2 2 2 2 2 2 2 2 2 2 2 2 2 2 2 2 2 2 2 2 2
left_child=9 2 3 19 7 8 -7 18 -6 10 -1 12 13 -11 15 -13 -16 -14 -3 -2 -12 -9
right_child=1 4 -4 -5 5 6 -8 21 -10 11 20 14 17 -15 16 -17 -18 -19 -20 -21 -22 -23
leaf_value=0 -0.00017552924854320848 5.974003764067345e-05 0 0 0 -7.7800028707965144e-05 -4.5732608941753194e-06 0 3.765791415467986e-05 0 0 0 -5.6498553862392866e-05 5.1407928047917402e-05 3.6271117172645087e-05 -0.00010215654144278006 0 0 0 0 -0.00010786895040722413 -8.4359067251430966e-06
leaf_weight=37 29 102 67 22 37 65 1032 35 166 152 20 387 33 300 129 53 1248 24 20 21 26 66
leaf_count=37 29 102 67 22 37 65 1032 35 166 152 20 387 33 300 129 53 1248 24 20 21 26 66
internal_value=0 -3.02788e-06 -3.4784e-05 -8.27084e-05 0 -4.3427e-06 -1.16533e-05 2.44364e-05 2.03786e-05 1.40295e-06 -3.44024e-05 3.97175e-06 2.15347e-05 3.29434e-05 0 -1.62645e-05 3.94555e-06 -1.62944e-05 5.17119e-05 -0.000131071 -8.05141e-05 0
internal_weight=4071 1662 139 72 1523 1300 1097 223 203 2409 83 2326 509 452 1817 440 1377 57 122 50 46 101
internal_count=4071 1662 139 72 1523 1300 1097 223 203 2409 83 2326 509 452 1817 440 1377 57 122 50 46 101
is_linear=0
shrinkage=0.03


Tree=373
num_leaves=22
num_cat=0
split_feature=3 1 36 36 27 5 32 26 5 34 34 22 36 5 26 21 30 29 32 26 32
split_gain=2.28347e-05 0.00057058 0.000478312 0.000776318 0.00103784 0.00146175 0.000270735 0.000437372 0.000330814 0.000235212 0.000310766 0.00020847 0.000239096 0.000172829 0.00016853 0.000119016 6.47037e-05 0.000327635 0.000176032 6.44481e-05 5.80587e-05
threshold=54.975000381469734 57.925001144409187 0.0027829692628069695 -0.00093466395940346809 0.7184688066131546 14136708.000000002 -0.0064541971958673719 1.1260693230231682 17697348.500000004 -0.047599174205327548 0.022904519240608216 33.278750779376729 0.0052805001715505442 15149740.000000002 0.88138715644637922 56.162916882832853 41.655489979520745 48.955185152358574 -0.027436178814858488 1.1722480876694901 -1.0000000180025095e-35
decision_type=2 2 2 2 2 2 2 2 2 2 2 2 2 2 2 2 2 2 2 2 2
left_child=2 11 3 6 5 -5 7 -1 -8 -4 13 -2 14 -11 -13 20 18 -18 -17 -12 -3
right_child=1 15 9 4 -6 -7 8 -9 -10 10 19 12 -14 -15 -16 16 17 -19 -20 -21 -22
leaf_value=0 0 0 -1.9359154775744666e-05 0 0 -0.00024235846048948124 -8.707426631648468e-05 7.3069900472881821e-05 0 0 6.0627703480495491e-06 0 0 7.268751516872428e-05 0.00016960670541969725 -5.2632706372198981e-05 2.9005373529401875e-05 -9.7479021581211036e-07 0 -3.7938504570116112e-05 -7.0962237530302531e-05
leaf_weight=130 40 25 39 24 34 56 64 84 108 62 86 23 20 139 37 71 372 1600 987 38 32
leaf_count=130 40 25 39 24 34 56 64 84 108 62 86 23 20 139 37 71 372 1600 987 38 32
internal_value=0 6.84735e-07 -4.69502e-06 -2.63362e-05 -9.57261e-05 -0.000157208 0 1.60849e-05 -3.30749e-05 1.67915e-05 3.03621e-05 6.53402e-05 9.35078e-05 5.36757e-05 0.000123426 -8.58847e-07 0 3.16066e-06 -6.03463e-06 0 -4.37696e-05
internal_weight=4071 3207 864 500 114 80 386 214 172 364 325 120 80 201 60 3087 3030 1972 1058 124 57
internal_count=4071 3207 864 500 114 80 386 214 172 364 325 120 80 201 60 3087 3030 1972 1058 124 57
is_linear=0
shrinkage=0.03


Tree=374
num_leaves=19
num_cat=0
split_feature=28 21 29 29 21 25 33 26 26 24 35 25 24 23 28 34 31 31
split_gain=2.27344e-05 0.000137848 7.86041e-05 0.000228839 0.000134198 8.07846e-05 0.00010693 8.41358e-05 5.78304e-05 0.000257808 0.000629469 0.000123681 8.64132e-05 0.000322415 0.000227191 3.34461e-06 2.44084e-05 7.79762e-06
threshold=938649228.00000012 107.54749997456871 62.605227436966082 48.955185152358574 81.968749682108566 0.36145602052417147 0.015523769686722979 0.92117677654014485 1.393878332570696 0.049553461246135931 0.012476021766649725 -0.70102961444325174 -0.12733514842110058 -0.18165664765245279 -1757701034.9999998 -0.013528738201676658 -0.0041920013871052366 0.0037362310677467874
decision_type=2 2 2 2 2 2 2 2 2 2 2 2 2 2 2 2 2 2
left_child=1 8 3 15 -5 7 -7 -4 12 11 -11 -10 13 -1 -14 16 -2 -17
right_child=2 -3 5 4 -6 6 -8 -9 9 10 -12 -13 14 -15 -16 17 -18 -19
leaf_value=1.6453282246098399e-07 0 4.8375971724494947e-05 0 0 -9.844902659949506e-05 0 -5.9519517044010766e-05 4.8327983137182321e-05 6.1848080127749618e-05 0 -9.2968213098828224e-05 0 7.6179828989354339e-05 -3.8311951911990543e-05 2.4266567282731708e-06 1.0221029711650028e-05 -2.293566160295514e-05 0
leaf_weight=1090 35 53 49 21 43 26 30 59 29 70 98 239 44 210 1831 69 47 28
leaf_count=1090 35 53 49 21 43 26 30 59 29 70 98 239 44 210 1831 69 47 28
internal_value=0 2.35582e-07 -7.05412e-06 -1.93478e-05 -6.8064e-05 0 -1.36121e-05 2.40088e-05 0 -1.06365e-05 -4.09121e-05 0 9.2375e-07 -3.74585e-06 5.76128e-06 0 -5.84948e-06 1.4387e-06
internal_weight=4071 3664 407 243 64 164 56 108 3611 436 168 268 3175 1300 1875 179 82 97
internal_count=4071 3664 407 243 64 164 56 108 3611 436 168 268 3175 1300 1875 179 82 97
is_linear=0
shrinkage=0.03


Tree=375
num_leaves=23
num_cat=0
split_feature=3 3 36 36 27 5 26 25 27 32 26 5 34 34 5 3 32 22 30 33 26 19
split_gain=2.19244e-05 0.000467729 0.000447911 0.000715032 0.00098308 0.00138313 0.000317023 0.000440954 0.000260917 0.000251929 0.000415176 0.000310856 0.000223921 0.000292491 0.000159544 8.90489e-05 0.000301475 6.51254e-05 0.000163165 0.000130541 6.01393e-05 1.96691e-05
threshold=54.975000381469734 57.875000000000007 0.0027829692628069695 -0.00093466395940346809 0.7184688066131546 14136708.000000002 0.89894185439390184 -0.37768588688888771 0.62247862083577543 -0.0064541971958673719 1.1260693230231682 17697348.500000004 -0.047599174205327548 0.022904519240608216 15149740.000000002 59.125000000000007 0.011284255354622521 69.165723540704604 76.349593610746595 0.023605349196339279 1.1722480876694901 58.829999923706062
decision_type=2 2 2 2 2 2 2 2 2 2 2 2 2 2 2 2 2 2 2 2 2 2
left_child=2 6 3 9 5 -5 -2 -8 -9 10 -1 -11 -4 14 -14 16 21 19 -19 -17 -15 -3
right_child=1 15 12 4 -6 -7 7 8 -10 11 -12 -13 13 20 -16 17 -18 18 -20 -21 -22 -23
leaf_value=0 0 0 -1.8658069325039334e-05 0 0 -0.00023510518266550479 0 0.0001740735688939339 0 -8.4452707883436056e-05 7.0919444802586504e-05 0 0 5.7735904472805414e-06 7.0343863649831637e-05 0 0 0 -3.086699515883833e-05 2.1564706432362276e-05 -3.6678088871431241e-05 -6.8610493777650639e-05
leaf_weight=130 67 38 39 24 34 56 24 44 30 64 84 108 62 86 139 2329 33 87 208 268 38 79
leaf_count=130 67 38 39 24 34 56 24 44 30 64 84 108 62 86 139 2329 33 87 208 268 38 79
internal_value=0 6.88843e-07 -4.59066e-06 -2.56012e-05 -9.22645e-05 -0.000152223 5.03949e-05 8.47505e-05 0.000121921 0 1.51789e-05 -3.21067e-05 1.60296e-05 2.94245e-05 5.20449e-05 -1.02265e-06 -2.35613e-05 0 -1.32007e-05 1.6638e-06 0 -5.5033e-05
internal_weight=4071 3207 864 500 114 80 165 98 74 386 214 172 364 325 201 3042 150 2892 295 2597 124 117
internal_count=4071 3207 864 500 114 80 165 98 74 386 214 172 364 325 201 3042 150 2892 295 2597 124 117
is_linear=0
shrinkage=0.03


Tree=376
num_leaves=25
num_cat=0
split_feature=31 23 27 23 27 33 27 29 27 29 22 35 33 5 5 31 27 26 26 27 23 33 33 23
split_gain=2.15226e-05 0.000189819 0.0003601 0.000261687 0.000232317 0.000207649 0.000272504 0.00021981 0.000150614 0.000327683 0.000515483 0.000405744 0.000366866 0.000349991 0.000308768 0.000243261 0.000261365 0.000288803 0.00015417 0.000103817 5.88819e-05 0.000111431 7.1475e-05 2.14869e-05
threshold=0.0049943910093485097 1.0932438039919605 0.74221264267971343 0.97060942168107556 0.62247862083577543 0.026823861421318766 0.90801229144298101 29.83293345885183 0.48141295699179187 28.856478789017256 39.071922010290812 0.011098745066895387 -0.011319545000215146 11841188.500000002 24837475.000000004 0.0042219142682421449 0.67180186209157866 1.2843686524312143 1.2984020188837115 0.72442434192144567 1.6604598783755267 0.031049757283687088 0.037957909067448899 0.25333926607991236
decision_type=2 2 2 2 2 2 2 2 2 2 2 2 2 2 2 2 2 2 2 2 2 2 2 2
left_child=8 3 4 5 -3 7 -7 -2 9 12 14 -12 18 -14 -11 16 17 -10 -1 -18 21 -4 -22 -17
right_child=1 2 20 -5 -6 6 -8 -9 15 10 11 -13 13 -15 -16 23 19 -19 -20 -21 22 -23 -24 -25
leaf_value=2.6370188893014909e-06 -1.9314220698007207e-05 0 -4.4251792183534625e-05 7.9634776360900037e-05 -0.00016938790290830266 -5.3649000086801464e-05 0 1.5461280867662817e-05 2.384011118578946e-06 0 0 -6.3923029170394295e-05 0 7.3490546303946189e-05 6.9536782568274512e-05 0 -2.6690919991911676e-05 7.9241664345419167e-05 -3.4485440686324495e-05 0 2.7248899450182944e-05 0 0 7.6763168912988072e-05
leaf_weight=440 173 22 78 37 25 146 98 607 348 122 260 266 43 126 63 20 146 79 114 657 87 30 27 57
leaf_count=440 173 22 78 37 25 146 98 607 348 122 260 266 43 126 63 20 146 79 114 657 87 30 27 57
internal_value=0 -3.48596e-06 -2.63611e-05 0 -0.000104169 -4.85636e-07 -2.67947e-05 3.90111e-06 1.08167e-06 -4.29091e-06 -2.00352e-05 -3.70494e-05 7.04388e-06 4.65267e-05 1.21268e-05 9.27133e-06 3.39305e-06 2.36429e-05 0 -3.64101e-06 0 -2.2069e-05 1.73741e-06 6.41343e-05
internal_weight=4071 1330 269 1061 47 1024 244 780 2741 1434 711 526 723 169 185 1307 1230 427 554 803 222 108 114 77
internal_count=4071 1330 269 1061 47 1024 244 780 2741 1434 711 526 723 169 185 1307 1230 427 554 803 222 108 114 77
is_linear=0
shrinkage=0.03


Tree=377
num_leaves=20
num_cat=0
split_feature=30 30 5 36 32 29 34 34 34 24 21 32 24 5 0 0 33 24 34
split_gain=2.06549e-05 0.000116157 0.000120939 8.23579e-05 9.59545e-05 7.15896e-05 0.000213908 0.000659799 8.73313e-05 0.000468122 0.000484597 0.000217936 0.00012341 0.00035156 0.00018127 3.56873e-05 1.40143e-05 0.000143954 1.2917e-06
threshold=13.496749864531873 7.715499018530215 46701575.000000007 0.0025630012142365617 -0.0091831800080299213 16.761890383064031 -0.033282963000374137 -0.039974652829509953 -0.0320116080743214 0.049553461246135931 68.870000012715664 -0.0024530371298994709 -0.14455427095103976 20376626.000000004 30.287271499633793 36.519456863403327 -0.012573148990105696 -0.31798292518645505 -0.048568182441230005
decision_type=2 2 2 2 2 2 2 2 2 2 2 2 2 2 2 2 2 2 2
left_child=1 15 3 4 -3 6 7 18 9 10 -7 -11 13 -10 -14 -1 17 -8 -2
right_child=5 2 -4 -5 -6 8 16 -9 12 11 -12 -13 14 -15 -16 -17 -18 -19 -20
leaf_value=-3.8122532860801556e-05 -4.1016863285686518e-06 8.5637621561165283e-05 0 0 0 0.00010475666470677282 0 -0.00015596394095784767 0 0 0 -9.8805097188483037e-05 4.5653689571287527e-05 -2.996889452716404e-05 0 0 0 4.6030410779203734e-05 0
leaf_weight=22 69 53 21 43 47 84 35 35 797 74 52 21 84 466 2008 29 27 67 37
leaf_count=22 69 53 21 43 47 84 35 35 797 74 52 21 84 466 2008 29 27 67 37
internal_value=0 8.50449e-06 2.7053e-05 3.99986e-05 5.50239e-05 -8.86729e-07 -1.58041e-05 -4.29246e-05 0 1.80518e-05 5.98045e-05 -1.01747e-05 -9.90255e-07 -8.99584e-06 2.40917e-06 0 0 1.11146e-05 0
internal_weight=4071 215 164 143 100 3856 270 141 3586 231 136 95 3355 1263 2092 51 129 102 106
internal_count=4071 215 164 143 100 3856 270 141 3586 231 136 95 3355 1263 2092 51 129 102 106
is_linear=0
shrinkage=0.03


Tree=378
num_leaves=24
num_cat=0
split_feature=27 29 22 35 27 33 25 29 34 27 24 36 21 22 25 22 25 33 24 5 24 21 26
split_gain=2.19672e-05 0.000363698 0.000969165 0.000895081 0.000289383 0.000328002 0.000227397 0.000177514 0.000255516 0.000145586 0.000129569 0.000275303 0.000262975 0.000105564 0.000105144 0.000232568 0.000127525 0.000115039 9.64164e-05 7.95448e-05 6.81382e-05 5.06138e-05 1.07761e-05
threshold=0.25205392402832533 51.304707396374901 37.929782575320424 0.011390129785998685 0.31245552573927876 0.0076248998198957816 -0.18671700488519202 11.286483476432782 -0.026446604338082377 0.2650332597131817 0.37882915422591018 -0.0032930006020243153 84.604583358764657 48.964974179597512 -0.18024312323638156 51.318563775918328 -0.1277663908124915 0.015299300791409067 1.2708963391850037 22808811.000000004 -1.0123414868995761 81.343749872843446 0.82655568115719824
decision_type=2 2 2 2 2 2 2 2 2 2 2 2 2 2 2 2 2 2 2 2 2 2 2
left_child=1 6 -3 -4 5 9 10 22 -9 -2 11 -1 -12 -11 15 17 18 -6 -16 -7 -18 -17 -8
right_child=4 2 3 -5 14 19 7 8 -10 13 12 -13 -14 -15 16 21 20 -19 -20 -21 -22 -23 -24
leaf_value=0 0 0 0 -0.00025100285386738463 -9.2142661932845911e-05 -4.4532141871066686e-05 0 2.9410826117632243e-05 -2.9464059949906023e-05 9.1724472912897486e-05 -3.5443378678961709e-05 3.5675248740692431e-05 4.7220893436296576e-05 0 4.8667342227896771e-05 -1.3278931188996002e-05 1.4480793291960374e-05 0 0 0 -2.8010496763007667e-06 1.9824165751567686e-05 -0.00012176441157292294
leaf_weight=174 36 27 20 32 48 36 20 84 181 93 126 346 35 20 85 102 209 32 22 23 2230 70 20
leaf_count=174 36 27 20 32 48 36 20 84 181 93 126 346 35 20 85 102 209 32 22 23 2230 70 20
internal_value=0 -4.02182e-06 -6.59997e-05 -0.000152824 9.19648e-07 3.54859e-05 0 -2.05267e-05 0 6.11345e-05 1.05706e-05 1.92494e-05 0 7.80101e-05 -5.78985e-07 -1.94668e-05 1.12928e-07 -6.16914e-05 3.27377e-05 0 -8.96589e-08 0 -8.47934e-05
internal_weight=4071 1065 79 52 3006 208 986 305 265 149 681 520 161 113 2798 252 2546 80 107 59 2439 172 40
internal_count=4071 1065 79 52 3006 208 986 305 265 149 681 520 161 113 2798 252 2546 80 107 59 2439 172 40
is_linear=0
shrinkage=0.03


Tree=379
num_leaves=21
num_cat=0
split_feature=28 2 19 4 28 29 34 31 24 31 36 29 29 21 25 32 32 32 34 36
split_gain=2.14321e-05 0.000134193 0.000250189 0.000145804 0.000196125 0.000194868 0.0002212 0.00012949 0.000341753 0.00022606 0.000110049 7.399e-05 0.000210923 0.000121652 7.38039e-05 5.75636e-05 5.25041e-06 3.3561e-06 9.62056e-05 1.05537e-05
threshold=938649228.00000012 78.825000762939467 77.734999847412112 81.424999237060561 910236002.50000012 38.677792800435775 0.025093172751769702 0.0045405159732548892 0.61493872893251333 0.0019537313624142798 0.0030927788861998271 62.605227436966082 48.955185152358574 81.968749682108566 0.36145602052417147 0.0056548747467468638 0.00671138648591152 -0.0025784248793133675 -0.019565222919851129 -0.0050955529717757195
decision_type=2 2 2 2 2 2 2 2 2 2 2 2 2 2 2 2 2 2 2 2
left_child=1 2 7 5 10 -3 -7 9 -9 -1 -5 12 17 -14 15 -13 -16 19 -19 -2
right_child=11 3 -4 4 -6 6 -8 8 -10 -11 -12 14 13 -15 16 -17 -18 18 -20 -21
leaf_value=0 0 0 -7.8369112250827768e-05 -1.5906181845072799e-05 6.6224097026861272e-05 7.6685837977214422e-05 0 0 -4.1934459867738814e-05 2.9565866813831344e-05 9.2008947068372518e-06 0 0 -9.4483947167859088e-05 0 4.4146054264430054e-05 -1.9426847709061628e-05 -6.6684531934086731e-05 0 1.1861833315554097e-05
leaf_weight=1602 21 80 38 332 40 105 30 762 225 265 185 52 21 43 20 56 36 20 69 69
leaf_count=1602 21 80 38 332 40 105 30 762 225 265 185 52 21 43 20 56 36 20 69 69
internal_value=0 3.44354e-07 -1.74724e-06 1.20644e-05 0 3.36528e-05 5.56892e-05 0 -9.45588e-06 3.89191e-06 -1.1204e-06 -6.80544e-06 -1.87479e-05 -6.55323e-05 0 2.30682e-05 -1.25946e-05 0 -5.60204e-06 1.57771e-06
internal_weight=4071 3664 2892 772 557 215 135 2854 987 1867 517 407 243 64 164 108 56 179 89 90
internal_count=4071 3664 2892 772 557 215 135 2854 987 1867 517 407 243 64 164 108 56 179 89 90
is_linear=0
shrinkage=0.03


Tree=380
num_leaves=29
num_cat=0
split_feature=36 36 35 22 20 26 22 31 32 31 23 23 31 32 33 33 31 23 25 31 3 28 22 25 22 31 32 25
split_gain=2.0691e-05 0.00022208 0.000233978 0.000350963 0.000406574 0.000328394 0.000262807 0.000217781 0.000147397 0.000169253 0.00012023 0.000207422 0.000257433 0.000325783 0.00019031 0.000344585 0.000238557 0.000353571 0.000169694 0.00029869 0.000191558 0.000118478 0.000108967 8.92308e-05 2.64014e-05 2.01402e-05 8.17181e-05 3.14884e-06
threshold=-0.0023410010194107969 -0.0032930006020243153 0.014981247143590384 46.252968026739474 73.477499961853042 1.0235236580035865 56.908251699397617 -0.020425190623890751 0.0012841396840059807 0.001640731089270653 1.4283473312903789 1.0563844857183897 0.017823043456181801 0.0010002408023679357 0.0017437041630368191 0.028853008109781534 -0.0034662593286993166 1.8984184906114729 -0.52027131783085767 -0.01189393804842692 60.925001144409187 721075410.50000012 55.425618587612732 0.49165622849531188 63.092229132179931 -0.0021978491138325835 0.016681402646156699 0.29613172378970654
decision_type=2 2 2 2 2 2 2 2 2 2 2 2 2 2 2 2 2 2 2 2 2 2 2 2 2 2 2 2
left_child=1 2 3 4 -1 7 -7 -4 9 21 11 18 13 -13 16 23 24 -18 20 -20 -2 -3 -5 -16 -12 -10 -27 -17
right_child=10 8 5 22 -6 6 -8 -9 25 -11 14 12 -14 -15 15 27 17 -19 19 -21 -22 -23 -24 -25 -26 26 -28 -29
leaf_value=-7.6240094037199172e-05 0 8.4020304028235501e-05 0 2.1026425465121594e-05 0 8.4120638089733606e-06 -5.4662285766424805e-05 6.9935786775350057e-05 -1.7402026388659585e-05 0 4.3496325900500154e-05 0 0 -8.3719712377707323e-05 7.5193251823322581e-05 0 0 -0.0001312663491163248 -5.535983750522371e-05 -3.2589634231628051e-07 5.4848333658497858e-05 0 -1.1717249633145228e-05 0 0 4.1429064984567917e-05 0 -7.8405435952113462e-06
leaf_weight=142 48 85 33 163 94 298 72 114 30 20 20 70 22 110 109 21 34 30 101 1969 95 23 189 43 22 48 20 46
leaf_count=142 48 85 33 163 94 298 72 114 30 20 20 70 22 110 109 21 34 30 101 1969 95 23 189 43 22 48 20 46
internal_value=0 2.65392e-06 -3.11185e-07 -1.56577e-05 -4.41421e-05 1.13409e-05 0 4.96118e-05 3.04136e-05 5.16547e-05 -1.83699e-06 -5.07949e-06 -3.4945e-05 -5.15439e-05 1.30235e-05 3.21467e-05 0 -5.59187e-05 -9.96382e-07 -4.46288e-06 2.81866e-05 6.76092e-05 0 5.93935e-05 1.84085e-05 0 1.1503e-05 0
internal_weight=4071 1331 1105 588 236 517 370 147 226 128 2740 2415 202 180 325 219 106 64 2213 2070 143 108 352 152 42 98 68 67
internal_count=4071 1331 1105 588 236 517 370 147 226 128 2740 2415 202 180 325 219 106 64 2213 2070 143 108 352 152 42 98 68 67
is_linear=0
shrinkage=0.03


Tree=381
num_leaves=16
num_cat=0
split_feature=5 26 30 34 29 34 34 34 0 0 1 23 23 29 33
split_gain=1.95796e-05 0.000120415 0.000107214 0.00020691 8.79912e-05 0.000238776 0.00066501 9.86109e-05 0.000305593 0.00011312 4.54102e-05 2.70608e-05 2.9283e-05 1.06164e-05 8.8575e-06
threshold=62517113.000000007 1.1201835050526461 13.496749864531873 -0.056039211017338324 16.761890383064031 -0.034060878285162403 -0.039974652829509953 -0.0320116080743214 41.474508285522468 65.304943084716811 51.299999237060554 -1.2773109351543679 -0.54507783320430991 8.1076474977245176 -0.012573148990105696
decision_type=2 2 2 2 2 2 2 2 2 2 2 2 2 2 2
left_child=2 10 3 13 5 6 -4 8 -6 -9 -2 -5 -13 -1 -7
right_child=1 -3 4 11 7 14 -8 9 -10 -11 -12 12 -14 -15 -16
leaf_value=0.00011485652395469299 -9.1113737026757692e-05 0 0 2.7049574441785756e-05 4.8684266694893989e-05 8.6274418219841131e-06 -0.00017227451428544763 -3.3585402095749543e-06 -2.3972792629566871e-06 1.305553627891589e-05 0 -2.1539190029741741e-05 0 0 0
leaf_weight=22 20 48 99 33 153 107 30 2895 58 409 22 57 66 25 27
leaf_count=22 20 48 99 33 153 107 30 2895 58 409 22 57 66 25 27
internal_value=0 -1.39849e-05 0 2.17149e-05 -4.37628e-07 -1.74283e-05 -4.77872e-05 0 2.04371e-05 -4.18356e-07 -5.47061e-05 0 -1.05151e-06 7.73759e-05 0
internal_weight=4071 90 3981 203 3778 263 129 3515 211 3304 42 156 123 47 134
internal_count=4071 90 3981 203 3778 263 129 3515 211 3304 42 156 123 47 134
is_linear=0
shrinkage=0.03


Tree=382
num_leaves=19
num_cat=0
split_feature=28 26 24 24 36 31 24 31 26 36 0 21 2 29 28 34 36 34
split_gain=2.11934e-05 0.00012667 8.74799e-05 0.000311472 0.000469302 0.000284014 0.000183561 0.000172704 0.00013325 7.93411e-05 7.33756e-05 0.000210755 1.19459e-05 1.19056e-05 6.32637e-06 5.47301e-07 2.02119e-05 2.15496e-06
threshold=938649228.00000012 2.0236737168930046 -1.6457339117145899 -1.2272031637276082 0.0081151542888892488 -0.0062740298504746486 -2.0692900181820852 0.001640731089270653 1.393878332570696 -1.0000000180025095e-35 42.778907775878913 132.03833312988283 142.90000152587893 62.605227436966082 1102793640.0000002 -0.013528738201676658 0.0037267042888493064 0.011206855970927189
decision_type=2 2 2 2 2 2 2 2 2 2 2 2 2 2 2 2 2 2
left_child=1 2 5 4 -4 6 -1 -7 -5 -3 15 13 -13 -12 -14 -2 17 -17
right_child=10 9 3 8 -6 7 -8 -9 -10 -11 11 12 14 -15 -16 16 -18 -19
leaf_value=0 0 0 8.1424036398908015e-05 6.4219575640873017e-07 0 6.6338656683545243e-05 -0.00012460475552513776 -1.5620221438941283e-05 -1.9567505535728839e-05 6.8944712661330579e-05 -9.2801338957138692e-05 1.991057548520749e-05 -1.643854664223184e-05 0 0 1.4649117531705949e-05 0 0
leaf_weight=28 44 34 106 2978 29 31 32 76 311 39 33 27 21 46 76 96 31 33
leaf_count=28 44 34 106 2978 29 31 32 76 311 39 33 27 21 46 76 96 31 33
internal_value=0 3.49092e-07 0 5.80336e-07 4.56111e-05 -2.15468e-05 -7.44577e-05 0 -3.57219e-07 3.95685e-05 -6.76436e-06 -2.04173e-05 0 -5.88926e-05 -2.87636e-07 0 1.75404e-06 1.20299e-05
internal_weight=4071 3664 3591 3424 135 167 60 107 3289 73 407 203 124 79 97 204 160 129
internal_count=4071 3664 3591 3424 135 167 60 107 3289 73 407 203 124 79 97 204 160 129
is_linear=0
shrinkage=0.03


Tree=383
num_leaves=23
num_cat=0
split_feature=27 29 22 35 27 31 32 31 27 33 25 35 25 22 25 28 33 0 31 1 33 22
split_gain=2.22792e-05 0.000327373 0.000919176 0.000839545 0.00026964 0.000482288 0.000229334 0.000228451 0.000402828 0.00043544 0.00029506 0.000224514 9.49578e-05 0.000224516 0.000118244 0.00013232 0.000103223 9.00836e-05 8.30193e-05 6.81151e-05 1.74612e-05 7.55594e-06
threshold=0.25205392402832533 51.304707396374901 37.929782575320424 0.011390129785998685 0.31245552573927876 0.0012936929121355469 0.0046622864700416331 0.0097949105394014042 0.18341194463150332 -0.011931209086411541 -0.40533074343966341 0.019746486198344248 -0.18024312323638156 51.318563775918328 -0.1277663908124915 594220359.50000012 0.015299300791409067 32.065399169921882 0.0049943910093485097 76.224998474121108 -0.0021143638477467137 42.44999612257967
decision_type=2 2 2 2 2 2 2 2 2 2 2 2 2 2 2 2 2 2 2 2 2 2
left_child=1 7 -3 -4 5 6 19 8 11 -10 -9 -1 13 16 15 -14 -6 -7 -16 -2 -15 -19
right_child=4 2 3 -5 12 17 -8 10 9 -11 -12 -13 14 20 18 -17 -18 21 -20 -21 -22 -23
leaf_value=-2.1638676351737469e-07 0.00011618746654163734 0 0 -0.00024296903301810488 -8.9007252636084833e-05 -6.1987309685744931e-05 0 0 -0.00010332160146724245 0 0.00011790203053491566 3.943094713994117e-05 5.3397600483047005e-05 1.3202035491966442e-05 3.005881768020573e-06 0 0 1.6459955159478267e-05 -8.0631127893066306e-06 0 -6.4826606355855617e-06 0
leaf_weight=588 70 27 20 32 48 21 21 42 71 118 33 134 79 64 1498 28 32 25 941 38 108 33
leaf_count=588 70 27 20 32 48 21 21 42 71 118 33 134 79 64 1498 28 32 25 941 38 108 33
internal_value=0 -4.05408e-06 -6.28185e-05 -0.000147883 9.20257e-07 3.42808e-05 7.25016e-05 0 -3.48106e-06 -4.40615e-05 5.08994e-05 2.99188e-06 -4.88705e-07 -1.84802e-05 1.14458e-07 3.15267e-05 -5.99793e-05 0 -3.48833e-08 9.0482e-05 0 0
internal_weight=4071 1065 79 52 3006 208 129 986 911 189 75 722 2798 252 2546 107 80 79 2439 108 172 58
internal_count=4071 1065 79 52 3006 208 129 986 911 189 75 722 2798 252 2546 107 80 79 2439 108 172 58
is_linear=0
shrinkage=0.03


Tree=384
num_leaves=27
num_cat=0
split_feature=27 29 0 25 30 0 0 30 25 25 19 25 35 30 28 30 28 28 30 1 22 5 5 36 35 25
split_gain=2.24599e-05 0.000143062 0.000282156 0.000274025 0.000314539 0.000107697 0.00021943 0.000228842 0.000203889 0.000253895 0.000128531 8.00583e-05 8.694e-05 7.19106e-05 0.000260076 0.000543276 0.000160899 0.000140868 0.000286772 0.000212236 6.25626e-05 0.000216748 0.000124674 2.32122e-05 1.13576e-05 7.21856e-07
threshold=0.89703740445807301 79.145765939958139 38.49852371215821 0.43930039433819607 67.90553890244864 42.963972091674812 47.968046188354499 84.056085314444104 0.6536355781026002 0.18348190797545597 82.795001220703142 0.24424553748129832 0.0073891594759252542 61.857360472256438 -1030625930.4999999 73.831126049439646 57675817.000000007 -682756590.99999988 40.381139272722685 58.225000381469734 52.499886238949593 12440395.000000002 13936841.000000002 0.0021945682632291347 0.012059872342105047 0.082662225155038252
decision_type=2 2 2 2 2 2 2 2 2 2 2 2 2 2 2 2 2 2 2 2 2 2 2 2 2 2
left_child=1 13 3 4 -3 8 7 -7 9 25 -11 12 -8 17 15 -15 -16 18 -1 -19 21 -4 -22 -10 -13 -2
right_child=5 2 20 -5 -6 6 11 -9 23 10 -12 24 -14 14 16 -17 -18 19 -20 -21 22 -23 -24 -25 -26 -27
leaf_value=0 0 0 0 0 -8.7065376973720381e-05 -0.00010010528840511303 0 0 -3.0745634023201261e-05 5.940932241416435e-05 0 0 4.4677018111631233e-05 0.00012385587286285659 -2.4115544093479501e-05 0 1.1361276064327565e-05 3.0319964144752309e-05 -4.7455462461892402e-05 -1.0396297327363319e-06 0 8.3364836322382465e-05 -3.1433229348206973e-05 0 -1.3379721216051697e-05 -4.4302926736453279e-06
leaf_weight=267 28 29 26 27 121 40 20 24 22 181 25 62 76 51 149 31 450 207 172 1696 99 35 121 22 57 33
leaf_count=267 28 29 26 27 121 40 20 24 22 181 25 62 76 51 149 31 450 207 172 1696 99 35 121 22 57 33
internal_value=0 -1.27259e-06 -1.71245e-05 -4.68232e-05 -6.50372e-05 4.97006e-06 0 -5.52808e-05 1.89319e-05 3.32335e-05 5.03991e-05 2.72719e-06 2.76842e-05 1.37177e-07 9.45369e-06 5.9937e-05 0 -1.29124e-06 -1.71718e-05 7.96568e-07 0 2.82787e-05 -5.81621e-06 0 0 0
internal_weight=4071 3481 458 177 150 590 279 64 311 267 206 215 96 3023 681 82 599 2342 439 1903 281 61 220 44 119 61
internal_count=4071 3481 458 177 150 590 279 64 311 267 206 215 96 3023 681 82 599 2342 439 1903 281 61 220 44 119 61
is_linear=0
shrinkage=0.03


Tree=385
num_leaves=19
num_cat=0
split_feature=31 31 36 35 36 5 27 30 24 5 5 3 33 34 30 36 32 35
split_gain=2.17233e-05 0.000246958 0.000188674 0.000324491 0.000268901 0.000380917 0.000164753 0.00087219 9.72377e-05 5.48122e-05 0.000142407 0.000147298 0.000136748 0.000425217 0.000110589 3.7285e-05 2.7979e-05 2.24164e-05
threshold=-0.015468328920867134 -0.013998416260098677 -0.014562618718254967 0.014937490915364846 0.0020693571268393151 31896368.000000004 -0.11290410272521741 33.445727185764163 0.28833511495246139 29624162.000000004 24175662.500000004 83.27500152587892 -0.042540774937775354 -0.014299532129846469 25.211566826870058 -0.006892571300954233 -0.021789088866418557 0.028492460288314207
decision_type=2 2 2 2 2 2 2 2 2 2 2 2 2 2 2 2 2 2
left_child=2 8 6 15 5 -5 -1 -8 -2 10 14 -12 -11 -14 -3 -4 -17 -9
right_child=1 9 3 4 -6 -7 7 17 -10 12 11 -13 13 -15 -16 16 -18 -19
leaf_value=0 -8.9634924006345846e-05 1.3376683383081862e-05 -2.9295415982551617e-05 0 0 0.00014562620299815173 -0.00021784236979559618 2.6162387736910593e-05 0 2.3703031325125274e-05 2.9745760373847054e-05 0 -6.8792142784258282e-05 0 -3.3205272091238368e-06 0 2.2419107982947718e-05 -4.9060566063575485e-06
leaf_weight=20 39 412 39 76 25 49 20 28 25 32 302 37 112 372 2339 55 50 39
leaf_count=20 39 412 39 76 25 49 20 28 25 32 302 37 112 372 2339 55 50 39
internal_value=0 -1.09114e-06 6.15219e-06 2.3642e-05 5.51436e-05 7.47197e-05 -1.38698e-05 -4.40332e-05 -5.94609e-05 0 1.45781e-06 1.9933e-05 -9.10273e-06 -1.74732e-05 0 0 0 0
internal_weight=4071 3670 401 294 150 125 107 87 64 3606 3090 339 516 484 2751 144 105 67
internal_count=4071 3670 401 294 150 125 107 87 64 3606 3090 339 516 484 2751 144 105 67
is_linear=0
shrinkage=0.03


Tree=386
num_leaves=23
num_cat=0
split_feature=27 31 27 23 35 25 27 31 23 0 25 25 0 25 22 25 24 0 31 35 21 22
split_gain=2.06258e-05 0.000299648 0.000597567 0.000407292 0.000403707 0.000292673 0.000253793 0.000460908 0.000235825 0.000226653 0.00022043 0.000228637 0.000182328 8.95761e-05 0.000214005 0.00011017 9.00759e-05 8.36699e-05 8.09993e-05 4.7016e-05 4.51093e-05 6.88224e-06
threshold=0.25205392402832533 0.0097949105394014042 0.18341194463150332 -0.86009831600825482 0.010884886160520678 -0.40533074343966341 0.31245552573927876 0.0012936929121355469 0.15514163409470075 38.330190658569343 -0.18671700488519202 -0.14106679091303007 31.802945137023929 -0.18024312323638156 51.318563775918328 -0.1277663908124915 1.2708963391850037 32.065399169921882 0.0049943910093485097 0.01738148964697735 81.343749872843446 42.44999612257967
decision_type=2 2 2 2 2 2 2 2 2 2 2 2 2 2 2 2 2 2 2 2 2 2
left_child=1 2 10 4 -4 -3 7 9 -5 -2 12 -12 -1 14 19 16 -15 -9 -17 -8 -16 -19
right_child=6 5 3 8 -6 -7 13 17 -10 -11 11 -13 -14 15 20 18 -18 21 -20 -21 -22 -23
leaf_value=4.7833310829640036e-05 0.00011599093069183667 0 0 0 -0.00017127294943128138 0.00011431447305017377 0 -5.9739914215147763e-05 -6.983898577302517e-05 0 -7.5903098471058057e-05 0 0 4.6021988023211055e-05 -1.1776586686729396e-05 2.9825733468506215e-06 0 1.5709028347159738e-05 -7.9562058059616229e-06 -9.9234543142352836e-05 1.9420403151005008e-05 0
leaf_weight=107 63 43 26 114 47 33 48 21 44 66 56 162 433 85 102 1498 22 25 941 32 70 33
leaf_count=107 63 43 26 114 47 33 48 21 44 66 56 162 433 85 102 1498 22 25 941 32 70 33
internal_value=0 -3.9062e-06 -1.08666e-05 -5.32219e-05 -0.000118027 4.71443e-05 8.76892e-07 3.32549e-05 -4.24912e-06 7.06807e-05 0 -2.32044e-05 1.22427e-05 -4.59e-07 -1.79454e-05 9.41448e-08 3.04304e-05 0 -7.95054e-09 -5.84646e-05 0 0
internal_weight=4071 1065 989 231 73 76 3006 208 158 129 758 218 540 2798 252 2546 107 79 2439 80 172 58
internal_count=4071 1065 989 231 73 76 3006 208 158 129 758 218 540 2798 252 2546 107 79 2439 80 172 58
is_linear=0
shrinkage=0.03


Tree=387
num_leaves=29
num_cat=0
split_feature=27 27 27 34 26 4 34 28 34 22 29 27 5 23 29 5 28 32 26 32 29 27 30 24 22 27 29 23
split_gain=2.03629e-05 0.000241028 0.000252452 0.000240662 0.000272372 0.000227125 0.000154284 0.000142645 0.000132933 0.00011652 0.000210512 0.000204225 0.000257568 0.000176157 0.000259974 0.000257251 0.000225051 0.000155014 0.000210621 0.000147608 0.000126262 0.000102215 9.4223e-05 0.000203013 0.000200038 8.91583e-05 3.89162e-05 3.25287e-07
threshold=0.55989138207380029 0.67180186209157866 0.74831872948882527 0.026602880190950588 1.1768483046752494 45.049999237060554 0.036511338595452865 166760103.50000003 -0.007935672235794165 42.192289148926903 57.124931698710142 0.35627470122178212 10801944.000000002 -0.55646296333878087 11.286483476432782 24175662.500000004 146025360.50000003 -0.0038236248608037866 0.86643509459295709 -0.029019305999695152 61.448682215022622 0.40035099227160176 75.949603021756005 2.1130282635598134 64.435725411963318 0.42526581962851984 32.844607245062633 -0.45008137398647102
decision_type=2 2 2 2 2 2 2 2 2 2 2 2 2 2 2 2 2 2 2 2 2 2 2 2 2 2 2 2
left_child=9 5 3 4 -3 -2 -5 8 -7 13 11 19 -13 14 16 -16 -1 18 -15 -11 25 -22 24 -24 -4 -12 -9 -19
right_child=1 2 22 6 -6 7 -8 26 -10 10 20 12 -14 17 15 -17 -18 27 -20 -21 21 -23 23 -25 -26 -27 -28 -29
leaf_value=-8.9161984257809068e-05 -7.546137740182404e-06 -5.5449033642663918e-06 0 7.7531094828774743e-05 -9.5737431225930596e-05 0.00012157061598725729 0 0 5.5081954767547734e-06 -6.2127713916042829e-05 7.7360357313340921e-05 0 -4.7756217734096976e-05 0 -8.6612540901284971e-06 3.0116421865616717e-05 0 0 5.1743647930496754e-05 1.8712956239590049e-06 -3.1053193485163935e-05 7.0956733622885293e-06 0 -5.9508198991528706e-05 3.4668144029010033e-05 0 1.4387851709554793e-05 -2.4418208962476166e-06
leaf_weight=55 23 215 341 23 74 45 24 41 104 34 33 75 311 70 346 228 63 20 184 350 86 178 628 52 225 23 171 49
leaf_count=55 23 215 341 23 74 45 24 41 104 34 33 75 311 70 346 228 63 20 184 350 86 178 628 52 225 23 171 49
internal_value=0 1.8053e-06 -1.65724e-06 -2.58194e-05 -3.90413e-05 2.38774e-05 0 3.4189e-05 6.07394e-05 -2.37947e-06 -9.98348e-06 -1.95355e-05 -3.51745e-05 2.83121e-06 -2.02539e-06 1.51872e-06 -4.46543e-05 2.25185e-05 3.45518e-05 0 3.62795e-06 0 2.45243e-06 -1.62043e-06 1.26445e-05 4.58333e-05 1.36446e-06 0
internal_weight=4071 1966 1582 336 289 384 47 361 149 2105 1090 770 386 1015 692 574 118 323 254 384 320 264 1246 680 566 56 212 69
internal_count=4071 1966 1582 336 289 384 47 361 149 2105 1090 770 386 1015 692 574 118 323 254 384 320 264 1246 680 566 56 212 69
is_linear=0
shrinkage=0.03


Tree=388
num_leaves=19
num_cat=0
split_feature=3 3 20 32 26 25 25 5 22 33 31 2 23 29 4 23 33 28
split_gain=2.0364e-05 0.000432033 0.000318446 0.000575145 0.000293551 0.000422952 0.000246578 0.000213302 0.000170271 0.00034159 0.000280335 8.21669e-05 0.000251494 0.000325053 0.000179297 0.000162481 0.00013442 8.60224e-05
threshold=54.975000381469734 57.875000000000007 53.387499904632577 -0.025668998914388782 0.89894185439390184 -0.37768588688888771 -0.37768588688888771 23600916.500000004 50.677220483489741 -0.0059379411917202521 0.013673127071878512 63.375000000000007 0.62299409259816951 18.328456851712538 64.224998474121108 -0.13293776358431583 -0.030765943369184142 214019805.50000003
decision_type=2 2 2 2 2 2 2 2 2 2 2 2 2 2 2 2 2 2
left_child=2 4 6 -4 -2 -6 7 -1 9 -8 -10 12 13 -3 15 -13 -16 -14
right_child=1 11 3 -5 5 -7 8 -9 10 -11 -12 14 17 -15 16 -17 -18 -19
leaf_value=0 0 -6.0070244348751274e-05 0 -0.00013963434481656435 0 0.00011807310490384472 0 0.00011800452442593709 0 -4.967118678988083e-05 5.3930637998464003e-05 6.1193416940857147e-05 -8.3031729216553852e-05 8.212385032233717e-06 2.5938677062634553e-05 0 -3.3866727000399331e-06 0
leaf_weight=20 67 74 24 42 24 74 209 29 264 185 91 82 55 373 142 48 2242 26
leaf_count=20 67 74 24 42 24 74 209 29 264 185 91 82 55 373 142 48 2242 26
internal_value=0 7.29012e-07 -4.38607e-06 -6.77301e-05 4.84899e-05 8.15491e-05 0 6.59024e-05 -3.40255e-06 -1.94607e-05 5.97184e-06 -8.76915e-07 -1.2005e-05 0 2.67363e-07 3.52002e-05 -3.80593e-07 -6.10688e-05
internal_weight=4071 3207 864 66 165 98 798 49 749 394 355 3042 528 447 2514 130 2384 81
internal_count=4071 3207 864 66 165 98 798 49 749 394 355 3042 528 447 2514 130 2384 81
is_linear=0
shrinkage=0.03


Tree=389
num_leaves=15
num_cat=0
split_feature=5 20 29 31 0 23 34 3 31 27 0 23 0 23
split_gain=2.07721e-05 9.06372e-05 0.000132299 7.56656e-05 0.000445037 0.000652134 0.000249012 0.000258327 0.000238117 0.000179818 0.000103692 0.000325115 0.000132609 8.04264e-05
threshold=62517113.000000007 66.864999485015886 76.734878699011801 -0.015468328920867134 48.688875198364265 0.54142778733164232 -0.034678745075511323 58.375000000000007 -0.013998416260098677 0.22210325322818739 52.44688796997071 0.7965621148721419 42.592924118041999 0.52958665841258334
decision_type=2 2 2 2 2 2 2 2 2 2 2 2 2 2
left_child=3 2 -2 4 6 -6 7 -1 13 -8 12 -12 -10 -5
right_child=1 -3 -4 8 5 -7 9 -9 10 -11 11 -13 -14 -15
leaf_value=0.00010777074715936992 -7.1337429686123161e-05 0 0 -8.0788878907709293e-05 -0.00017004188881989923 0 -2.5964361625001442e-05 0 8.5787041071101735e-07 3.0954130084040499e-05 4.0978492763541911e-05 0 -1.2516184428423939e-05 0
leaf_weight=70 43 27 20 44 24 35 65 51 2148 123 224 364 813 20
leaf_count=70 43 27 20 44 24 35 65 51 2148 123 224 364 813 20
internal_value=0 -1.44045e-05 -3.98628e-05 0 1.34867e-05 -4.31251e-05 3.40121e-05 6.93062e-05 -5.62891e-07 0 0 1.19309e-05 -1.8014e-06 -5.79755e-05
internal_weight=4071 90 63 3981 368 59 309 121 3613 188 3549 588 2961 64
internal_count=4071 90 63 3981 368 59 309 121 3613 188 3549 588 2961 64
is_linear=0
shrinkage=0.03


Tree=390
num_leaves=27
num_cat=0
split_feature=21 20 29 28 25 21 29 30 35 30 28 21 23 19 21 28 29 29 35 29 34 35 33 30 36 29
split_gain=2.01945e-05 0.000189783 0.000293017 0.000299502 0.000468448 0.000220072 0.000229195 0.00017932 0.000339763 0.000232466 0.00014324 0.000131278 9.77757e-05 0.000166016 0.000147073 0.000168233 0.000127675 0.00030704 0.00029958 0.000216221 0.000305804 0.000206339 9.76526e-05 8.99802e-05 0.000102996 1.30116e-05
threshold=73.966666666666683 65.953750133514419 22.456373212175063 278159825.50000006 -0.26217565552317962 64.242499955495205 43.928495712491404 33.445727185764163 0.019867487043967423 39.559697615201515 38438503.500000007 69.670416641235363 -1.2773109351543679 81.470000457763689 76.364166514078804 30152430.000000004 58.636976824319774 70.532432164523456 0.010196453260766885 53.526310884471805 0.0093578510917513586 0.017479855441339485 0.015920096389802966 11.787455526399361 0.0047281232425667409 70.972971415770971
decision_type=2 2 2 2 2 2 2 2 2 2 2 2 2 2 2 2 2 2 2 2 2 2 2 2 2 2
left_child=1 5 23 4 -4 7 10 8 -1 -9 -7 -5 13 14 -2 -16 19 18 -18 21 -21 -14 -19 -3 -25 -8
right_child=12 2 3 11 -6 6 25 9 -10 -11 -12 -13 16 -15 15 -17 17 22 -20 20 -22 -23 -24 24 -26 -27
leaf_value=-3.9213406990431461e-05 0 0 0 1.4466788990869136e-05 -8.0423276902622155e-05 0 0 4.3696366664665579e-05 5.8343998054277123e-06 0 7.966138630437939e-05 -2.25926113172332e-05 3.3563854306685661e-06 0 0 8.9508723372483628e-05 0 1.1289781755633623e-05 8.2191272159817021e-05 0 -0.00013393684370159988 -4.5848626846701484e-05 -1.5564242465200409e-05 4.8771668255571577e-05 0 1.0043158832436922e-05
leaf_weight=299 20 26 44 113 173 20 98 113 113 1040 84 185 605 22 26 66 89 216 90 52 29 85 249 78 20 116
leaf_count=299 20 26 44 113 173 20 98 113 113 1040 84 185 605 22 26 66 89 216 90 52 29 85 249 78 20 116
internal_value=0 -1.96942e-06 -1.66334e-05 -2.88402e-05 -5.67016e-05 1.41434e-06 2.49804e-05 -1.45866e-06 -1.95799e-05 2.41602e-06 6.23566e-05 0 2.32762e-06 2.68104e-05 4.68266e-05 6.40788e-05 0 9.86664e-06 4.35088e-05 -8.22807e-06 -5.51652e-05 0 0 9.87259e-06 3.08027e-05 0
internal_weight=4071 2522 639 515 217 1883 318 1565 412 1153 104 298 1549 134 112 92 1415 644 179 771 81 690 465 124 98 214
internal_count=4071 2522 639 515 217 1883 318 1565 412 1153 104 298 1549 134 112 92 1415 644 179 771 81 690 465 124 98 214
is_linear=0
shrinkage=0.03


Tree=391
num_leaves=22
num_cat=0
split_feature=27 29 22 35 27 32 33 24 24 36 34 34 34 30 25 22 25 28 33 28 21
split_gain=2.04624e-05 0.000279512 0.000858827 0.000772589 0.000233686 0.000330956 0.000226064 0.000194201 0.00031543 0.000509245 0.000283368 0.000266821 0.000193555 0.000151653 8.45773e-05 0.000202734 0.00010503 0.000125352 9.22036e-05 7.54577e-05 4.2359e-05
threshold=0.25205392402832533 51.304707396374901 37.929782575320424 0.011390129785998685 0.31245552573927876 0.012820497430395263 0.0076248998198957816 -0.62242522180412518 -0.97490506751166206 -0.010498788779916045 -0.024967296499343868 -0.078424533568001317 -0.043158866029032232 22.0283256502169 -0.18024312323638156 51.318563775918328 -0.1277663908124915 594220359.50000012 0.015299300791409067 347280674.00000006 81.343749872843446
decision_type=2 2 2 2 2 2 2 2 2 2 2 2 2 2 2 2 2 2 2 2 2
left_child=1 7 -3 -4 5 6 13 8 10 -10 -1 -9 -13 -2 15 18 17 -16 -6 -18 -17
right_child=4 2 3 -5 14 -7 -8 11 9 -11 -12 12 -14 -15 16 20 19 -19 -20 -21 -22
leaf_value=3.2050568976070963e-05 0 0 0 -0.00023252054167939695 -8.4278037368727492e-05 0 0 0.00010214371453687432 0 -8.7626351834153084e-05 -4.3726044514941796e-05 -2.5481370614271225e-05 1.3457285242258827e-05 8.6724503331878325e-05 5.1215773983245913e-05 -1.1321531386103482e-05 -5.3331707888479346e-06 0 0 5.1925462110479504e-06 1.8898418698640545e-05
leaf_weight=127 28 27 20 32 48 31 36 29 21 111 65 128 505 113 79 102 1449 28 32 990 70
leaf_count=127 28 27 20 32 48 31 36 29 21 111 65 128 505 113 79 102 1449 28 32 990 70
internal_value=0 -3.83658e-06 -5.81248e-05 -0.000141298 9.54464e-07 3.19805e-05 5.36997e-05 0 -1.84948e-05 -5.46649e-05 0 9.82554e-06 8.42065e-07 7.1143e-05 -2.80882e-07 -1.73857e-05 2.34475e-07 2.97307e-05 -5.68263e-05 0 0
internal_weight=4071 1065 79 52 3006 208 177 986 324 132 192 662 633 141 2798 252 2546 107 80 2439 172
internal_count=4071 1065 79 52 3006 208 177 986 324 132 192 662 633 141 2798 252 2546 107 80 2439 172
is_linear=0
shrinkage=0.03


Tree=392
num_leaves=16
num_cat=0
split_feature=27 24 33 1 33 34 30 29 34 34 34 29 27 32 28
split_gain=1.98462e-05 0.000225191 0.000201341 0.000167999 0.000207448 0.000140715 0.000114384 0.000332701 0.000634119 0.000266878 7.86812e-05 0.000188771 5.45183e-05 6.40113e-05 3.7835e-05
threshold=0.043005652749231786 -0.69135726420454324 -0.044589031694376662 69.474998474121108 -0.033477589578394522 -0.078424533568001317 14.440908782779234 16.761890383064031 -0.034678745075511323 -0.039068934167079898 -0.041929388034306174 13.824796484325931 0.10805787664482901 0.0010002408023679357 8684217.5000000019
decision_type=2 2 2 2 2 2 2 2 2 2 2 2 2 2 2
left_child=1 3 -2 4 -1 -3 12 8 -8 -9 11 -7 -4 -14 -12
right_child=2 5 6 -5 -6 10 7 9 -10 -11 14 -13 13 -15 -16
leaf_value=-0.00010883925046629396 5.6410050162337653e-05 7.1032128865360759e-05 0 0 0 0 -0.00013797149922582067 5.3736311406941902e-05 0 -9.6776016199153474e-07 0 -8.5276684750524255e-05 7.0139589803599258e-05 0 1.844381971339727e-05
leaf_weight=47 57 25 40 26 25 59 46 82 84 3330 46 33 41 30 100
leaf_count=47 57 25 40 26 25 59 46 82 84 3330 46 33 41 30 100
internal_value=0 -6.93581e-06 3.63661e-07 -4.73608e-05 -7.17565e-05 0 0 -1.44812e-06 -4.85658e-05 0 0 -2.77285e-05 2.93214e-05 4.50947e-05 0
internal_weight=4071 361 3710 98 72 263 3653 3542 130 3412 238 92 111 71 146
internal_count=4071 361 3710 98 72 263 3653 3542 130 3412 238 92 111 71 146
is_linear=0
shrinkage=0.03


Tree=393
num_leaves=27
num_cat=0
split_feature=27 29 0 36 22 0 0 31 4 33 22 27 0 24 2 33 0 22 34 34 5 31 34 36 35 36
split_gain=1.92973e-05 0.000128311 0.000261292 0.000247017 0.000165505 9.56129e-05 0.000200312 0.000130511 0.000112392 0.000121748 7.65838e-05 0.000113114 6.60288e-05 0.000192825 0.00036161 0.000212009 0.000164805 0.000211365 0.000157935 6.45497e-05 0.000162917 0.000148003 3.62793e-05 1.69874e-05 7.00222e-06 1.93311e-06
threshold=0.89703740445807301 79.145765939958139 38.49852371215821 -0.0012388029577153415 59.126334402070917 42.963972091674812 47.968046188354499 0.0059371379965620372 50.824998855590827 0.031844412812219065 72.103596483777523 1.0277938839284737 33.865350723266609 0.74213705799514573 68.174999237060561 -0.012795010696935892 34.425086975097663 46.931307446779066 0.0099937960210370064 0.01655238668070547 23881004.000000004 0.00074787507283580201 0.072688794514621527 0.0052805001715505442 0.020020266741649757 0.00672456317481497
decision_type=2 2 2 2 2 2 2 2 2 2 2 2 2 2 2 2 2 2 2 2 2 2 2 2 2 2
left_child=1 12 3 -3 -5 8 7 -7 24 25 11 -8 13 15 -15 -1 17 -14 -18 21 -21 -4 -11 -12 -2 -10
right_child=5 2 19 4 -6 6 10 -9 9 22 23 -13 16 14 -16 -17 18 -19 -20 20 -22 -23 -24 -25 -26 -27
leaf_value=-1.5671673091379274e-05 0 0 -5.997157773554657e-05 -9.4617058452087875e-05 0 0 4.110026609480479e-05 -9.3168218507376133e-05 3.8381769040012545e-06 7.5497855366956897e-05 -1.8834178263036283e-05 0 -0.00013056731481390045 9.089838598510279e-05 0 1.7342201912711727e-05 3.7407020775728508e-06 0 -1.7990229639834636e-05 3.0166514716266688e-05 -1.1505495333875061e-05 0 0 0 -1.2234833528124005e-05 0
leaf_weight=304 33 57 47 81 39 30 102 34 118 60 43 43 20 67 28 386 1806 51 361 181 28 25 25 27 42 33
leaf_count=304 33 57 47 81 39 30 102 34 118 60 43 43 20 67 28 386 1806 51 361 181 28 25 25 27 42 33
internal_value=0 -1.10253e-06 -1.61583e-05 -4.47573e-05 -6.93183e-05 4.71812e-06 0 -5.27761e-05 1.78558e-05 2.91297e-05 2.84602e-06 2.20687e-05 1.86597e-07 8.40199e-06 4.90676e-05 0 -1.35485e-06 -4.63025e-05 0 0 1.02336e-05 -2.2406e-05 6.0347e-05 0 0 0
internal_weight=4071 3481 458 177 120 590 279 64 311 236 215 145 3023 785 95 690 2238 71 2167 281 209 72 85 70 75 151
internal_count=4071 3481 458 177 120 590 279 64 311 236 215 145 3023 785 95 690 2238 71 2167 281 209 72 85 70 75 151
is_linear=0
shrinkage=0.03


Tree=394
num_leaves=25
num_cat=0
split_feature=25 5 25 24 3 32 36 35 5 36 29 34 23 30 36 5 5 30 36 34 35 26 5 35
split_gain=1.89283e-05 0.000134148 0.000239759 0.000292015 0.000185942 0.000110095 0.000128789 0.000214203 0.000168097 0.000106995 0.000193448 0.000100637 8.88665e-05 7.22508e-05 6.73922e-05 0.000199024 0.000245444 0.000202182 0.000173163 0.000275227 0.000220915 3.20683e-05 2.48693e-05 0.000180637
threshold=0.10876027739653966 29624162.000000004 0.22353461192468249 -0.32894423774202142 68.474998474121108 -0.0025784248793133675 0.0052805001715505442 0.0077668661704504063 18000785.500000004 -0.0087890662985760665 55.539898898558555 0.03103506201883344 -0.25951221999892476 75.574428596675361 0.0098836675823454415 25428821.500000004 14643307.500000002 38.140966019833051 0.0050041671904710785 0.012185608794878846 0.013319324127549924 0.98596554190453745 51036642.500000007 0.013885264205090319
decision_type=2 2 2 2 2 2 2 2 2 2 2 2 2 2 2 2 2 2 2 2 2 2 2 2
left_child=11 5 3 -3 -5 9 7 -7 -8 10 -2 14 -13 -11 18 16 -16 -17 19 -1 -20 -14 23 -4
right_child=1 2 22 4 -6 6 8 -9 -10 13 -12 12 21 -15 15 17 -18 -19 20 -21 -22 -23 -24 -25
leaf_value=1.8341842598406992e-06 -0.00012447283557457273 0 0 -0.00015585014422230472 0 0 -3.3882385315040418e-05 2.7431362806444906e-05 5.6074495785365292e-06 4.6407507762029921e-06 0 0 0 -2.4027678832299517e-05 -3.9492333068267737e-05 -8.4656267165674834e-05 3.7974765630926503e-05 0 0 -3.3539023356480831e-05 4.8121637715962559e-05 6.4369290027446862e-05 1.3033434192368026e-05 -3.9284888681851251e-05
leaf_weight=1629 21 23 59 32 23 189 132 462 101 175 21 50 21 106 61 58 87 28 215 216 155 49 43 115
leaf_count=1629 21 23 59 32 23 189 132 462 101 175 21 50 21 106 61 58 87 28 215 216 155 49 43 115
internal_value=0 -2.94286e-06 -2.12887e-05 -6.6898e-05 -0.000105419 0 6.93921e-06 1.54261e-05 -3.8994e-06 -1.32254e-05 -6.02469e-05 1.25193e-06 2.80656e-05 0 0 -1.53695e-05 0 -5.21791e-05 1.55463e-06 -6.82734e-07 2.08143e-05 4.99043e-05 0 -9.30095e-06
internal_weight=4071 1502 295 78 55 1207 884 651 233 323 42 2569 120 281 2449 234 148 86 2215 1845 370 70 217 174
internal_count=4071 1502 295 78 55 1207 884 651 233 323 42 2569 120 281 2449 234 148 86 2215 1845 370 70 217 174
is_linear=0
shrinkage=0.03


Tree=395
num_leaves=17
num_cat=0
split_feature=31 0 24 24 26 32 31 24 0 23 31 0 23 36 29 1
split_gain=1.93567e-05 0.00024629 0.000442128 0.000356876 0.000268746 0.000262868 0.000218441 8.34757e-05 8.27137e-05 0.000265819 0.000202905 0.000123239 0.00027745 0.000182819 4.09331e-05 3.04388e-05
threshold=-0.015468328920867134 48.688875198364265 1.0785099535222611 -1.9010383139874738 0.97053647951703537 -0.0012368871563589454 -0.013998416260098677 0.28833511495246139 52.44688796997071 0.7965621148721419 0.0061967852927707909 42.592924118041999 0.3603854757274832 0.0027829692628069695 61.798272034130541 51.299999237060554
decision_type=2 2 2 2 2 2 2 2 2 2 2 2 2 2 2 2
left_child=1 3 -3 -1 15 -6 7 -2 11 10 -10 13 -13 -8 -11 -5
right_child=6 2 -4 4 5 -7 8 -9 9 14 -12 12 -14 -15 -16 -17
leaf_value=-3.6106985878355999e-05 -8.3877817028537948e-05 -0.00011698728030676545 0 -3.1223522372431114e-05 6.7146771857660005e-05 0 -5.3847295501424499e-06 0 5.8798161845697124e-05 -1.7024948108490973e-05 0 0 -3.5387791156793018e-05 1.178650290563438e-05 0 0
leaf_weight=32 39 34 31 28 205 24 1269 25 140 127 85 528 297 923 237 47
leaf_count=32 39 34 31 28 205 24 1269 25 140 127 85 528 297 923 237 47
internal_value=0 5.9202e-06 -3.25038e-05 2.22868e-05 3.83085e-05 5.48062e-05 -9.57242e-07 -5.58524e-05 0 1.03007e-05 3.66126e-05 -1.98905e-06 -1.21773e-05 4.77332e-07 0 0
internal_weight=4071 401 65 336 304 229 3670 64 3606 589 225 3017 825 2192 364 75
internal_count=4071 401 65 336 304 229 3670 64 3606 589 225 3017 825 2192 364 75
is_linear=0
shrinkage=0.03


Tree=396
num_leaves=27
num_cat=0
split_feature=27 27 27 20 34 0 29 36 30 28 36 0 19 1 34 0 31 19 32 25 28 2 29 30 35 22
split_gain=2.03334e-05 0.000224216 0.000362214 0.000472891 0.000283461 0.000238572 0.000138031 0.000120487 0.000415275 0.00039921 0.000190245 0.000477531 0.000301115 0.000371031 0.000364421 0.000277695 0.00016083 0.000119623 0.000149209 0.000142266 0.000106936 8.87824e-05 6.5088e-05 2.85108e-05 7.82732e-05 2.28212e-05
threshold=0.55989138207380029 0.68667935106283673 0.72442434192144567 79.402500152587905 0.0090144360172834687 43.452611923217781 24.967805580158178 0.010337144126166615 38.140966019833051 228790153.50000003 0.0027829692628069695 32.65288162231446 56.520000457763679 58.574998855590827 -0.048568182441230005 27.157915115356449 0.021062710959985468 57.505000686645516 0.0051297601642343879 0.4796244247194269 543821640.00000012 80.075000762939467 65.904083067295716 74.665564263850214 0.014312990466048848 52.749499153502619
decision_type=2 2 2 2 2 2 2 2 2 2 2 2 2 2 2 2 2 2 2 2 2 2 2 2 2 2
left_child=7 4 3 5 6 -3 -2 10 9 16 12 15 14 -14 -1 -12 -9 19 -19 -4 -8 -13 -10 24 -6 -25
right_child=1 2 17 -5 23 -7 20 8 22 -11 11 21 13 -15 -16 -17 -18 18 -20 -21 -22 -23 -24 25 -26 -27
leaf_value=0 0 -0.00011075921724835945 3.2824451965271906e-05 0 0 0 6.3167040186081188e-05 -0.00011927775184297735 3.9341849463764481e-05 0 0 9.2162266255833095e-06 5.7823342635416457e-05 -3.5764941533001053e-06 -4.9641147263953535e-05 9.8363745739189808e-05 0 9.5010576804969595e-06 -1.2116951185655138e-05 0 0 -2.2505784168342777e-05 0 2.6122038016726945e-05 -5.0896441754119364e-05 0
leaf_weight=62 37 79 219 42 53 39 170 70 38 37 23 296 96 986 262 83 20 419 664 56 75 108 24 30 37 46
leaf_count=62 37 79 219 42 53 39 170 70 38 37 23 296 96 986 262 83 20 419 664 56 75 108 24 30 37 46
internal_value=0 1.86044e-06 -1.89887e-06 -4.54041e-05 2.1291e-05 -7.99901e-05 4.03037e-05 -2.33677e-06 -2.51839e-05 -6.22986e-05 0 1.56117e-05 -5.77511e-06 0 -3.13188e-05 7.22665e-05 -9.72758e-05 1.02092e-06 -9.83265e-07 1.98164e-05 4.87489e-05 0 2.50995e-06 0 -1.68758e-05 0
internal_weight=4071 1966 1518 160 448 118 282 2105 189 127 1916 510 1406 1082 324 106 90 1358 1083 275 245 404 62 166 90 76
internal_count=4071 1966 1518 160 448 118 282 2105 189 127 1916 510 1406 1082 324 106 90 1358 1083 275 245 404 62 166 90 76
is_linear=0
shrinkage=0.03


Tree=397
num_leaves=29
num_cat=0
split_feature=36 30 23 33 32 36 23 30 26 35 35 23 30 35 33 33 27 23 33 27 19 23 24 21 24 32 35 25
split_gain=2.002e-05 0.000236163 0.000283445 0.000279942 0.000788079 0.000351001 0.000810829 0.000344439 0.000318801 0.000172659 0.000249395 0.000113252 0.000200153 0.000179537 0.000177046 0.00032624 0.000237015 0.000345487 0.000166596 0.000278581 0.000186201 0.000156546 0.000102567 8.79808e-05 4.46738e-05 1.83783e-05 6.34806e-06 2.48812e-06
threshold=-0.0023410010194107969 60.475719454273069 1.5974219044714391 -0.023910802925197146 -0.021150316310410529 -0.0077402178228409514 -1.4060756821027878 49.602357481625141 0.93879997527625092 0.020219707866187941 0.008646275484000595 1.4283473312903789 87.16217218990802 0.007261771651030694 0.0017437041630368191 0.028853008109781534 0.70110695137408918 1.8984184906114729 -0.027506107662314924 -0.037425937837010613 67.059999847412129 -0.40852937121719884 2.6236587433594729 79.297083536783859 -0.22873751589302707 -0.007609014092266996 0.030987905467384551 0.29613172378970654
decision_type=2 2 2 2 2 2 2 2 2 2 2 2 2 2 2 2 2 2 2 2 2 2 2 2 2 2 2 2
left_child=1 3 9 5 24 6 -1 -6 -7 10 -3 12 18 -14 16 22 25 -18 19 -2 -20 -15 -16 -4 -5 -13 -11 -17
right_child=11 2 23 4 7 8 -8 -9 -10 26 -12 14 13 21 15 27 17 -19 20 -21 -22 -23 -24 -25 -26 -27 -28 -29
leaf_value=-0.00014941557028765579 0 0 0 0 4.3032096794048485e-06 0 2.2305319994478666e-05 -5.0471848761943946e-05 9.9137550558882565e-05 -1.0091609041079537e-05 5.4722811402739759e-05 0 0 0 6.8553240344502715e-05 0 0 -0.00012642162362664117 1.0551364857789974e-05 -5.6347794590068521e-05 -7.2845353403358784e-06 -6.6637400740675011e-05 0 -4.898629866328938e-05 -0.00019846598050147449 3.5439494604032004e-05 0 -6.9695832582802724e-06
leaf_weight=30 57 97 39 21 402 22 116 120 68 56 277 26 27 20 127 21 26 32 997 127 1066 121 25 37 24 22 22 46
leaf_count=30 57 97 39 21 402 22 116 120 68 56 277 26 27 20 127 21 26 32 997 127 1066 121 25 37 24 22 22 46
internal_value=0 2.72302e-06 1.96878e-05 -4.69741e-06 -1.89285e-05 1.67805e-05 0 -2.54999e-06 6.51459e-05 3.15476e-05 4.02261e-05 -1.72443e-06 -4.90185e-06 -3.74114e-05 1.26526e-05 3.10611e-05 0 -5.89783e-05 -1.13462e-06 -2.88122e-05 0 -5.3034e-05 5.76212e-05 -1.13738e-05 -0.000141974 1.52704e-05 0 0
internal_weight=4071 1331 528 803 567 236 146 522 90 452 374 2740 2415 168 325 219 106 58 2247 184 2063 141 152 76 45 48 78 67
internal_count=4071 1331 528 803 567 236 146 522 90 452 374 2740 2415 168 325 219 106 58 2247 184 2063 141 152 76 45 48 78 67
is_linear=0
shrinkage=0.03


Tree=398
num_leaves=26
num_cat=0
split_feature=27 25 31 19 20 2 25 30 30 36 36 25 25 31 0 25 25 0 30 34 25 26 36 35 25
split_gain=1.91643e-05 9.55958e-05 0.000175261 0.000520652 0.000210509 0.000444225 0.00022759 0.000106839 0.000171404 0.000174521 0.000157052 0.00013506 0.000195418 9.50701e-05 9.00233e-05 0.000187218 0.000236797 0.000182993 0.000211605 0.000129597 7.59692e-05 9.31028e-05 2.22808e-05 9.51002e-06 5.43899e-07
threshold=0.89703740445807301 0.10876027739653966 0.012085793890496023 60.105000305175786 61.196249771118168 65.375000000000014 0.23478253764613022 54.087643921242893 49.602357481625141 -0.0070898753441325365 0.010437804704871921 1.0000000180025095e-35 -0.17590752061805939 -0.013711782405417981 42.963972091674812 0.6536355781026002 0.18348190797545597 47.968046188354499 84.056085314444104 0.079414432873510812 0.24424553748129832 0.82655568115719824 0.0021945682632291347 0.012059872342105047 0.082662225155038252
decision_type=2 2 2 2 2 2 2 2 2 2 2 2 2 2 2 2 2 2 2 2 2 2 2 2 2
left_child=1 7 4 -4 6 -6 -3 8 10 -10 -1 12 -9 -13 15 16 24 18 -16 -18 21 -19 -17 -22 -2
right_child=14 2 3 -5 5 -7 -8 11 9 -11 -12 13 -14 -15 17 22 19 20 -20 -21 23 -23 -24 -25 -26
leaf_value=4.4358115772807278e-06 0 -5.1195804376040744e-05 0 -0.00011168369623714561 9.5276526066726124e-05 0 0 0 0 -4.9402576453122072e-05 -2.645703502382436e-05 -5.0668514912576603e-05 3.6645239431549361e-05 1.539353886821794e-06 -9.3896083816528273e-05 -3.0122448233792724e-05 5.6561085438581092e-05 0 0 0 0 4.5248624956777529e-05 0 -1.2243170796909027e-05 -3.8456211634700515e-06
leaf_weight=1488 28 144 45 57 46 512 189 112 27 129 160 33 292 247 40 22 185 21 24 21 62 75 22 57 33
leaf_count=1488 28 144 45 57 46 512 189 112 27 129 160 33 292 247 40 22 185 21 24 21 62 75 22 57 33
internal_value=0 -1.11871e-06 -9.41203e-06 -4.88492e-05 -1.52573e-06 5.78476e-06 -2.27801e-05 9.85787e-07 -1.4419e-06 -3.18161e-05 0 1.17732e-05 2.31399e-05 0 4.67396e-06 1.73745e-05 3.13438e-05 0 -5.0442e-05 4.8034e-05 2.72545e-06 2.69833e-05 0 0 0
internal_weight=4071 3481 993 102 891 558 333 2488 1804 156 1648 684 404 280 590 311 267 279 64 206 215 96 44 119 61
internal_count=4071 3481 993 102 891 558 333 2488 1804 156 1648 684 404 280 590 311 267 279 64 206 215 96 44 119 61
is_linear=0
shrinkage=0.03


Tree=399
num_leaves=28
num_cat=0
split_feature=21 20 29 20 35 21 29 26 28 29 21 21 23 26 29 28 35 28 29 36 20 35 21 36 20 26 36
split_gain=1.88434e-05 0.000180069 0.00027378 0.000473821 0.000461695 0.000199316 0.000208739 0.00024124 0.000146497 0.000141702 0.000801702 0.000194758 9.49845e-05 0.000268156 0.000119074 0.000286853 0.000468187 0.000257945 0.00016647 0.000162014 0.000121636 6.54721e-05 4.18491e-05 3.22554e-05 1.67432e-05 1.13979e-05 9.85034e-06
threshold=73.966666666666683 65.953750133514419 28.476169801651022 68.122500038146981 0.011346927504265697 64.242499955495205 43.928495712491404 0.65924988642374027 177826478.50000003 24.967805580158178 49.309999942779548 56.162916882832853 -1.2773109351543679 1.9147317921196503 39.653919570440756 599219350.50000012 0.016378645931106484 680751918.50000012 79.145765939958139 -0.0014716486702164037 84.668750572204601 0.008555680505082059 69.670416641235363 -0.0014716486702164037 65.493749237060555 2.0236737168930046 -0.0030007290681637678
decision_type=2 2 2 2 2 2 2 2 2 2 2 2 2 2 2 2 2 2 2 2 2 2 2 2 2 2 2
left_child=1 5 8 4 -4 9 7 -7 26 10 -1 -11 13 21 15 16 -14 18 -16 -17 -19 -2 -5 -10 -8 -15 -3
right_child=12 2 3 22 -6 6 24 -9 23 11 -12 -13 14 25 17 19 -18 20 -20 -21 -22 -23 -24 -25 -26 -27 -28
leaf_value=3.5690867134393795e-05 0 0 0 0 -0.00013671392584171404 0 0 8.6021777158716391e-05 -2.3381657754386756e-05 -6.0221586527731506e-06 -5.8239041666611997e-05 1.7062583038733761e-05 -2.6721891021338491e-06 -2.0631247956529871e-05 3.9203316476515313e-05 3.3992422799620092e-05 -0.00016623429134848949 3.2477111434474279e-06 0 -9.4045163601472486e-06 -2.0619712881777857e-05 8.530283514993409e-05 -1.5583259329831741e-05 0 1.9887422881085476e-05 0 6.1981842094232793e-05
leaf_weight=92 23 21 76 171 67 25 176 79 53 743 216 514 165 24 269 112 27 251 144 184 263 54 155 59 38 33 37
leaf_count=92 23 21 76 171 67 25 176 79 53 743 216 514 165 24 269 112 27 251 144 184 263 54 155 59 38 33 37
internal_value=0 -1.89402e-06 -1.61937e-05 -2.96423e-05 -7.65531e-05 1.3661e-06 2.38102e-05 5.94729e-05 3.2674e-06 -1.27884e-06 -2.04425e-05 1.03159e-06 2.2599e-06 2.63908e-05 0 -1.202e-05 -4.13645e-05 6.28708e-06 2.52682e-05 0 -3.1308e-06 6.58909e-05 0 0 0 0 4.79643e-05
internal_weight=4071 2522 639 469 143 1883 318 104 170 1565 308 1257 1549 134 1415 488 192 927 413 296 514 77 326 112 214 57 58
internal_count=4071 2522 639 469 143 1883 318 104 170 1565 308 1257 1549 134 1415 488 192 927 413 296 514 77 326 112 214 57 58
is_linear=0
shrinkage=0.03


end of trees

feature_importances:
daily_range_pct=637
close_to_open_pct=550
Volume=534
MACD_HIST=484
ATR14=477
return_lag5=463
MACD_SIGNAL=446
return_lag1=444
return_lag2=429
STOCH_D=423
OBV=400
Adj_Close=392
return_lag3=374
MACD=361
BB_PCT=357
STOCH_K=298
RSI14=292
MA60=261
MA20=201
MA5=130
Close=104
High=98
Low=88
Open=73
CDLHAMMER=8
CDLENGULFING=2
CDLHARAMI=2
CDLSHOOTINGSTAR=1

parameters:
[boosting: gbdt]
[objective: regression]
[metric: l2]
[tree_learner: serial]
[device_type: cpu]
[data_sample_strategy: bagging]
[data: ]
[valid: ]
[num_iterations: 400]
[learning_rate: 0.03]
[num_leaves: 31]
[num_threads: 1]
[seed: 0]
[deterministic: 0]
[force_col_wise: 0]
[force_row_wise: 0]
[histogram_pool_size: -1]
[max_depth: 5]
[min_data_in_leaf: 20]
[min_sum_hessian_in_leaf: 0.001]
[bagging_fraction: 0.8]
[pos_bagging_fraction: 1]
[neg_bagging_fraction: 1]
[bagging_freq: 0]
[bagging_seed: 3]
[bagging_by_query: 0]
[feature_fraction: 0.8]
[feature_fraction_bynode: 1]
[feature_fraction_seed: 2]
[extra_trees: 0]
[extra_seed: 6]
[early_stopping_round: 0]
[early_stopping_min_delta: 0]
[first_metric_only: 0]
[max_delta_step: 0]
[lambda_l1: 0.1]
[lambda_l2: 0.1]
[linear_lambda: 0]
[min_gain_to_split: 0]
[drop_rate: 0.1]
[max_drop: 50]
[skip_drop: 0.5]
[xgboost_dart_mode: 0]
[uniform_drop: 0]
[drop_seed: 4]
[top_rate: 0.2]
[other_rate: 0.1]
[min_data_per_group: 100]
[max_cat_threshold: 32]
[cat_l2: 10]
[cat_smooth: 10]
[max_cat_to_onehot: 4]
[top_k: 20]
[monotone_constraints: ]
[monotone_constraints_method: basic]
[monotone_penalty: 0]
[feature_contri: ]
[forcedsplits_filename: ]
[refit_decay_rate: 0.9]
[cegb_tradeoff: 1]
[cegb_penalty_split: 0]
[cegb_penalty_feature_lazy: ]
[cegb_penalty_feature_coupled: ]
[path_smooth: 0]
[interaction_constraints: ]
[verbosity: -1]
[saved_feature_importance_type: 0]
[use_quantized_grad: 0]
[num_grad_quant_bins: 4]
[quant_train_renew_leaf: 0]
[stochastic_rounding: 1]
[linear_tree: 0]
[max_bin: 255]
[max_bin_by_feature: ]
[min_data_in_bin: 3]
[bin_construct_sample_cnt: 200000]
[data_random_seed: 1]
[is_enable_sparse: 1]
[enable_bundle: 1]
[use_missing: 1]
[zero_as_missing: 0]
[feature_pre_filter: 1]
[pre_partition: 0]
[two_round: 0]
[header: 0]
[label_column: ]
[weight_column: ]
[group_column: ]
[ignore_column: ]
[categorical_feature: ]
[forcedbins_filename: ]
[precise_float_parser: 0]
[parser_config_file: ]
[objective_seed: 5]
[num_class: 1]
[is_unbalance: 0]
[scale_pos_weight: 1]
[sigmoid: 1]
[boost_from_average: 1]
[reg_sqrt: 0]
[alpha: 0.9]
[fair_c: 1]
[poisson_max_delta_step: 0.7]
[tweedie_variance_power: 1.5]
[lambdarank_truncation_level: 30]
[lambdarank_norm: 1]
[label_gain: ]
[lambdarank_position_bias_regularization: 0]
[eval_at: ]
[multi_error_top_k: 1]
[auc_mu_weights: ]
[num_machines: 1]
[local_listen_port: 12400]
[time_out: 120]
[machine_list_filename: ]
[machines: ]
[gpu_platform_id: -1]
[gpu_device_id: -1]
[gpu_use_dp: 0]
[num_gpu: 1]

end of parameters

pandas_categorical:[]
