tree
version=v4
num_class=1
num_tree_per_iteration=1
label_index=0
max_feature_idx=41
objective=regression
feature_names=Adj_Close Close High Low Open Volume CDLDOJI CDLENGULFING CDLHAMMER CDLMORNINGSTAR CDLEVENINGSTAR CDL3WHITESOLDIERS CDLDARKCLOUDCOVER CDLHARAMI CDLSHOOTINGSTAR CDLPIERCING us_futures_return vix_level vix_change MA5 MA20 MA60 RSI14 MACD MACD_SIGNAL MACD_HIST ATR14 BB_PCT OBV STOCH_K STOCH_D return_lag1 return_lag2 return_lag3 return_lag5 daily_range_pct close_to_open_pct ccass_top10_change market_sentiment stock_sentiment RSI_x_VIX MACD_x_USFutures
feature_infos=[67.839912414550781:481.21469116210938] [100.30000305175781:567] [101.69999694824219:587] [99.150001525878906:560] [100.40000152587891:579.5] [0:67789083] [0:100] [-100:100] [0:100] [0:100] none none none [-100:100] [-100:0] none none none none [101.44000091552735:563.29999999999995] [103.77000045776367:530.36499938964846] [106.05999997456868:498.03333333333336] [10.909407400659733:95.458955167612061] [-28.938928541180815:37.301946036835318] [-25.762325147959423:27.545550395781767] [-11.523277344356266:15.964390341239884] [1.5491333355381112:23.972507585663759] [-0.42269187458302609:1.4518752784208977] [-127750472:464778266] [2.3295255119673968:99.156131183067941] [3.724555249868247:96.55917208527417] [-0.14260968466196544:0.19277108433734935] [-0.18232602848813684:0.23956591166231256] [-0.21709005599118347:0.35000000000000009] [-0.25657898626095543:0.5191815856777493] [0:0.18075119809257967] [-0.13016845734806132:0.18326693227091634] none none none none none
tree_sizes=2036 1941 2132 2110 2148 2127 2113 2151 2414 2079 2543 1819 2525 2519 2227 2029 2283 2437 1806 2179 1922 2175 2623 1997 1862 1818 2030 2177 1836 2685 1764 2488 1865 1847 2115 2570 2114 1729 1974 1384 1940 1489 1761 1736 2296 1882 1760 2532 1165 2057 1964 1968 1665 1772 1600 1835 1951 1673 1797 1668 1557 1979 1595 1438 2419 1685 1804 1746 1804 1592 1517 1609 1707 2070 1397 1419 1906 1688 1684 1803 1684 2060 1817 2129 2239 1958 1395 2233 1551 1224 2667 804 1611 2551 1729 2321 2144 2166 1236 1478 2555 2040 1685 1943 1770 2191 2520 1349 1927 2219 1657 2243 2265 1811 2015 1663 1808 1901 1238 1847 1222 2300 2031 2578 2030 1409 1779 2088 1987 2023 1464 1914 2225 1426 2219 1979 1913 2450 2011 1293 1415 1909 2523 1455 1362 2075 1985 1921 1704 1853 1988 1872 1314 1843 1931 1951 2070 2070 1929 1325 1937 1924 1921 2201 1926 1953 2375 1367 2059 1581 2144 1582 2078 2052 1423 1434 2147 2115 2173 1868 2022 1800 2193 2071 1707 1320 2159 1560 1665 1336 1983 1937 2544 2412 1570 1961 1551 2393 2359 1366 2251 2039 1412 2157 1623 1531 1807 1739 2615 2202 2612 2284 1975 1477 2159 1645 1534 1337 1876 1985 2388 2067 1397 2590 1694 1321 2269 2387 1965 2020 1366 1117 1424 2000 1490 1468 2229 1743 2183 1335 1894 2205 1349 2029 990 1451 2001 2274 1894 1723 1354 2040 1659 1805 1824 2176 1756 1341 2227 1935 1485 1385 1752 2022 2032 1564 1268 1972 1935 2279 2290 1939 2030 2034 2134 2042 2028 1621 1856 2286 906 2294 2384 2214 1924 2201 1907 2267 2169 1747 1941 1766 2264 1755 2248 1820 1713 2175 2078 2029 1311 1960 910 1923 2267 2088 2040 1980 1547 2225 887 1930 2012 1856 2020 2410 2278 2007 2436 2173 2184 1681 910 2374 2032 2265 2316 2115 1941 1880 1987 1682 2267 1998 1838 1630 1607 1851 2067 1859 1977 1807 1322 1854 1405 2075 1771 2070 1550 2275 1896 969 1688 2307 2644 1742 2139 1953 1686 1867 1600 1871 2256 2318 2155 2036 2291 1719 2026 2587 1557 2040 2064 1636 1787 1955 1872 1334 1726 2436 1909 1944 2164 1941 1724 1446 2001 1748 2387 2342 1947 2016 2180 2237 2058 1939 2445 2056 2031 1924

Tree=0
num_leaves=21
num_cat=0
split_feature=33 21 5 5 4 24 34 24 34 20 20 3 24 23 23 22 34 21 30 33
split_gain=0.0147688 0.00990164 0.00784858 0.00652307 0.00301202 0.00200053 0.0018726 0.0017449 0.00196965 0.00154919 0.00143524 0.00121591 0.00111348 0.00141632 0.000779984 0.000716847 0.000707317 0.000390365 0.000239519 0.000237723
threshold=-0.033463896211940174 239.01333262125652 11213305.000000002 15127467.000000002 342.30000305175787 -10.728583505704743 0.08533953934678952 -2.8765441868608885 -0.077820011197215641 489.24499969482429 276.34499816894532 178.55000305175784 3.5272802816529323 -1.7300320777808762 -13.506551248766156 27.794111617825589 -0.069618128213967387 256.07166709899906 65.516603089830269 0.044322468020073454
decision_type=2 2 2 2 2 2 2 2 2 2 2 2 2 2 2 2 2 2 2 2
left_child=3 6 5 7 19 14 12 8 -1 -7 -5 -8 13 -2 -3 -10 -9 -18 -14 -4
right_child=1 2 4 10 -6 9 11 16 15 -11 -12 -13 18 -15 -16 -17 17 -19 -20 -21
leaf_value=-0.010860563687788724 -0.010411608282537527 -0.010430359924366346 -0.010430359924366346 -0.010571249346841501 -0.010972458071351018 -0.010430099567516931 -0.010615660980649318 -0.010398415572373124 -0.010430359924366346 -0.010585090420363119 -0.011161787852138708 -0.010430359924366346 -0.010452297134033683 -0.010330710158138183 -0.01070520784034742 -0.010575905066442832 -0.01043338106727346 -0.010550309073357687 -0.010387630220023911 -0.010615029705373194
leaf_weight=36 346 28 38 23 35 1530 39 32 26 59 25 35 106 1249 36 86 113 107 90 29
leaf_count=36 346 28 38 23 35 1530 39 32 26 59 25 35 106 1249 36 86 113 107 90 29
internal_value=-0.0104304 -0.0104102 -0.0104602 -0.0105928 -0.0107169 -0.0104425 -0.0103616 -0.0105433 -0.0106331 -0.010434 -0.0109421 -0.0104882 -0.0103547 -0.0103464 -0.0106081 -0.0105329 -0.0104786 -0.0105039 -0.0104304 -0.0105381
internal_weight=4068 3620 1755 448 102 1653 1865 400 148 1589 48 74 1791 1595 64 112 252 220 196 67
internal_count=4068 3620 1755 448 102 1653 1865 400 148 1589 48 74 1791 1595 64 112 252 220 196 67
is_linear=0
shrinkage=1


Tree=1
num_leaves=21
num_cat=0
split_feature=26 5 21 24 27 0 24 32 2 36 31 32 21 26 24 27 33 24 32 22
split_gain=0.0143142 0.00919298 0.00813455 0.00433982 0.00335201 0.00245581 0.0021429 0.00196814 0.00131404 0.000986479 0.00097344 0.000922717 0.000706581 0.000642682 0.0019689 0.000547031 0.000523021 0.000707264 0.000588835 4.43113e-06
threshold=4.018210148452102 11213305.000000002 239.58999926249189 -10.728583505704743 0.0066207865314672791 367.44801330566412 5.8649309766892506 -0.026488815088207825 221.19999694824222 0.0043572993023255477 -0.0201467301778494 0.0584380216579743 223.45416603088381 7.7692910438706244 -4.426367786373735 0.88133758201752943 -0.012124033472292793 -0.35279927798623739 0.010293714403037392 36.921132652828653
decision_type=2 2 2 2 2 2 2 2 2 2 2 2 2 2 2 2 2 2 2 2
left_child=7 3 12 8 5 -5 -6 10 -2 -10 -1 16 15 -4 -15 -3 17 -9 -18 -12
right_child=1 2 13 4 6 -7 -8 11 9 -11 19 -13 -14 14 -16 -17 18 -19 -20 -21
leaf_value=-0.00020352861922951518 0 -0.000126533041538696 -7.7493054900610992e-05 -0.00025773408994035196 9.6883957374659422e-06 0 -7.0088771106432854e-05 0 -0.00035996896147749414 0 0 -2.7292826111803489e-05 0.00011843147199327105 -2.5846356499383416e-05 -0.00046384289168196645 0 0.00012425055197914125 7.978284108343592e-05 5.306435236993332e-05 1.3433287902081974e-05
leaf_weight=26 20 44 33 83 1843 27 359 129 52 27 20 22 30 27 98 29 678 161 338 22
leaf_count=26 20 44 33 83 1843 27 359 129 52 27 20 22 30 27 98 29 678 161 338 22
internal_value=0 -4.08275e-05 -0.000211246 -2.11268e-05 -1.1419e-05 -0.000173384 -1.95822e-06 7.77e-05 -0.000217325 -0.000272256 -5.4875e-05 8.6751e-05 0 -0.000346416 -0.000393313 -5.40735e-05 9.0971e-05 3.66144e-05 0.000103529 0
internal_weight=4068 2672 261 2411 2312 110 2202 1396 99 79 68 1328 103 158 125 73 1306 290 1016 42
internal_count=4068 2672 261 2411 2312 110 2202 1396 99 79 68 1328 103 158 125 73 1306 290 1016 42
is_linear=0
shrinkage=0.03


Tree=2
num_leaves=23
num_cat=0
split_feature=26 34 26 22 35 30 29 2 24 23 36 31 36 34 30 27 22 29 24 2 28 20
split_gain=0.0134924 0.00795916 0.00519107 0.00495202 0.00469378 0.00406383 0.00199417 0.00156787 0.00153114 0.00150907 0.00116045 0.000961612 0.000930039 0.000851749 0.0007077 0.000621868 0.000443275 0.000387391 0.000376794 0.000275035 0.000162089 0.000397113
threshold=4.018210148452102 -0.064564748585398332 11.085148646253968 35.326956061566008 0.03120281928126779 14.953560200797865 36.810552881599087 254.29999542236331 -10.728583505704743 -1.7300320777808762 -0.0054024749816201341 -0.0078063695625798504 -0.020462305507220235 0.087843515861323232 30.702676238606298 0.0066207865314672791 44.23101144341166 92.930691899689791 -1.8649214310235471 125.85000228881837 -67234916.999999985 128.51999950408938
decision_type=2 2 2 2 2 2 2 2 2 2 2 2 2 2 2 2 2 2 2 2 2 2
left_child=9 3 8 5 10 7 -6 -2 14 18 -4 -10 -7 15 -3 -11 -5 -17 20 -20 -1 -22
right_child=1 2 4 16 6 12 -8 -9 11 13 -12 -13 -14 -15 -16 17 -18 -19 19 -21 21 -23
leaf_value=9.0118687180580309e-05 0 0 -0.00012043286595581628 1.6607741293098241e-05 0 -0.00088985223326581845 -0.00031338195923489242 -0.00028278533298681127 -3.2548416387866306e-05 0 2.5848991194512491e-06 1.1580222821167163e-05 -0.00029065970661473875 -4.4588223039232995e-06 -0.00028309261573521399 0.00010124498360041109 -0.00013262322455791047 0 0 -0.00012965862359271669 -5.7245978769828009e-05 4.2404429874331616e-05
leaf_weight=34 20 29 86 37 27 20 123 21 634 40 151 1447 29 23 26 1069 22 20 24 27 48 111
leaf_count=34 20 29 86 37 27 20 123 21 634 40 151 1447 29 23 26 1069 22 20 24 27 48 111
internal_value=0 -3.97257e-05 -2.58105e-05 -0.000255054 -0.000127327 -0.000396378 -0.000261888 -8.19822e-05 -6.00827e-06 7.53486e-05 -2.94335e-05 -4.23435e-07 -0.000597642 8.97702e-05 -0.000162488 9.4347e-05 0 9.87025e-05 0 -6.38087e-05 2.6052e-05 0
internal_weight=4068 2672 2523 149 387 90 150 41 2136 1396 237 2081 49 1152 55 1129 59 1089 244 51 193 159
internal_count=4068 2672 2523 149 387 90 150 41 2136 1396 237 2081 49 1152 55 1129 59 1089 244 51 193 159
is_linear=0
shrinkage=0.03


Tree=3
num_leaves=22
num_cat=0
split_feature=33 26 5 5 1 32 28 24 34 26 20 25 30 32 24 23 27 34 22 34 24
split_gain=0.0129612 0.00951011 0.00589381 0.00449433 0.00438394 0.00169757 0.00211683 0.00151733 0.00162451 0.00131192 0.00110899 0.000881005 0.000878551 0.000855116 0.000827867 0.000799318 0.000746856 0.00069733 0.000678637 0.000561461 0.000176618
threshold=-0.033463896211940174 5.7603135843989532 15127467.000000002 11213305.000000002 333.10000610351568 0.00091964734736182951 359848032.00000006 -2.8765441868608885 -0.077820011197215641 4.018210148452102 276.34499816894532 0.52642234067860605 54.897495550771666 0.0584380216579743 4.8764718108281748 -1.6784886944660753 0.24290081896269197 -0.069618128213967387 27.794111617825589 0.0099975544974710857 -2.1581698964090266
decision_type=2 2 2 2 2 2 2 2 2 2 2 2 2 2 2 2 2 2 2 2 2
left_child=2 9 7 5 12 6 -3 8 -1 13 -4 -7 -5 15 16 -2 -11 -9 -10 -16 -19
right_child=1 3 10 4 -6 11 -8 17 18 14 -12 -13 -14 -15 19 -17 -18 20 -20 -21 -22
leaf_value=-0.00039942987141788899 1.5032117168828746e-05 -3.37665868380435e-05 -0.00013149536495979923 -0.00020269968131503003 -0.00044900307613637082 4.4589461042139832e-05 -0.00028700066020278847 3.918621090684677e-05 0 -1.36175669707571e-05 -0.00068903385498282686 -1.6490349219784834e-05 0 -2.7785541292709788e-05 -0.00019602998668522136 9.6652743200102137e-05 5.3511712187060658e-05 0 -0.00013682275081966752 0 -7.8024763783598918e-05
leaf_weight=36 221 676 23 24 46 397 36 32 26 124 25 369 72 22 21 1088 493 20 86 31 200
leaf_count=36 221 676 23 24 46 397 36 32 26 124 25 369 72 22 21 1088 493 20 86 31 200
internal_value=0 1.84902e-05 -0.000152546 -3.43486e-05 -0.000197591 -1.6623e-05 -5.0822e-05 -0.000105033 -0.000189148 6.27891e-05 -0.000485079 1.12516e-05 -4.55632e-05 8.10438e-05 2.19804e-05 8.51665e-05 3.51591e-05 -4.36767e-05 -9.44989e-05 -7.65763e-05 -6.9372e-05
internal_weight=4068 3620 448 1620 142 1478 712 400 148 2000 48 766 96 1331 669 1309 617 252 112 52 220
internal_count=4068 3620 448 1620 142 1478 712 400 148 2000 48 766 96 1331 669 1309 617 252 112 52 220
is_linear=0
shrinkage=0.03


Tree=4
num_leaves=23
num_cat=0
split_feature=33 26 5 5 4 32 35 24 34 22 23 0 20 25 0 25 34 22 25 21 5 30
split_gain=0.0122532 0.00897279 0.00557755 0.00424559 0.00415976 0.00160179 0.00151859 0.00143075 0.00149952 0.00125131 0.00141303 0.000956825 0.000949753 0.000831121 0.000748565 0.00066882 0.00066401 0.000645809 0.000636531 0.000335668 0.000329058 0.00011374
threshold=-0.033463896211940174 5.7603135843989532 15127467.000000002 11213305.000000002 342.30000305175787 0.00091964734736182951 0.019699263346243747 -2.8765441868608885 -0.077820011197215641 34.390485416828767 4.0437121227540027 210.74941253662112 276.34499816894532 0.52642234067860605 207.64885711669925 -0.80121383345880026 -0.069618128213967387 27.794111617825589 0.67368453969493436 256.07166709899906 5687572.0000000009 23.156252404789893
decision_type=2 2 2 2 2 2 2 2 2 2 2 2 2 2 2 2 2 2 2 2 2 2
left_child=2 9 7 5 14 6 -3 8 -1 15 11 -11 -4 -7 -5 20 -9 -10 -12 -18 -2 -17
right_child=1 3 12 4 -6 13 -8 16 17 10 18 -13 -14 -15 -16 21 19 -19 -20 -21 -22 -23
leaf_value=-0.00038748016410296922 0 0 -0.00012756757478247843 -0.00023159018226596303 -0.00049312348391692318 4.3252114499969102e-05 -9.0400476851148644e-05 3.8014285714652762e-05 0 8.2344850746969491e-05 -8.1783359950002651e-05 0 -0.0006684452058947774 -1.599577234612159e-05 0 5.5385513541943276e-05 -1.149557151294988e-07 -0.00013272283739945619 3.0360224594578823e-05 -0.00011006188559297314 -0.00016726660357460293 0
leaf_weight=36 28 332 23 21 35 397 380 32 26 1572 69 95 25 369 86 45 113 86 120 107 31 40
leaf_count=36 28 332 23 21 35 397 380 32 26 1572 69 95 25 369 86 45 113 86 120 107 31 40
internal_value=0 1.78158e-05 -0.000148479 -3.34771e-05 -0.000192203 -1.61858e-05 -4.9425e-05 -0.000101996 -0.000183851 6.08625e-05 6.77795e-05 7.66663e-05 -0.000472449 1.07967e-05 -6.53918e-05 -7.45568e-06 -4.19689e-05 -9.13499e-05 0 -6.7245e-05 -9.85485e-05 2.05623e-05
internal_weight=4068 3620 448 1620 142 1478 712 400 148 2000 1856 1667 48 766 107 144 252 112 189 220 59 85
internal_count=4068 3620 448 1620 142 1478 712 400 148 2000 1856 1667 48 766 107 144 252 112 189 220 59 85
is_linear=0
shrinkage=0.03


Tree=5
num_leaves=23
num_cat=0
split_feature=33 26 5 5 1 24 0 30 24 32 5 5 20 36 20 22 32 24 26 21 28 20
split_gain=0.0116172 0.00848023 0.00526897 0.00369943 0.00469831 0.00154494 0.00142275 0.00139229 0.00133621 0.00105592 0.000904507 0.00088416 0.000802333 0.000679237 0.000582032 0.000575456 0.000398729 0.0004664 0.000330819 0.000232591 4.57957e-05 2.72133e-05
threshold=-0.033463896211940174 4.6088979691040963 15127467.000000002 11213305.000000002 333.10000610351568 -10.728583505704743 441.73736572265631 67.440884619210593 -2.8765441868608885 0.037856011380146722 9242504.0000000019 4949267.5000000009 276.34499816894532 0.0043572993023255477 116.05000000000001 34.691178939591914 -0.037708428593073988 -2.1131694810133461 3.0776302407548246 330.03999913533534 227361922.50000003 106.74000015258791
decision_type=2 2 2 2 2 2 2 2 2 2 2 2 2 2 2 2 2 2 2 2 2 2
left_child=2 9 8 5 7 13 -7 -5 10 14 11 -1 -4 -3 21 -16 20 -18 -11 -6 -10 -2
right_child=1 3 12 4 19 6 -8 -9 16 18 -12 -13 -14 -15 15 -17 17 -19 -20 -21 -22 -23
leaf_value=-4.7664901111688105e-05 1.7577390337708524e-05 -0.00021977231972439049 -0.00012375710702156525 -0.00016825990523745537 -0.00060491541361044334 7.9171197972605318e-08 -0.00022617517619864989 1.9649859543885772e-05 0 0 0 -0.00030902898012650257 -0.00064847173284279162 0 0 8.5851258313360707e-05 0 -8.5386783495405787e-05 -0.0001002913059208578 -0.0001324899185507334 4.2240357891257309e-05 -1.7951850297356412e-05
leaf_weight=54 29 44 23 47 22 1795 25 70 44 35 29 65 25 25 110 1315 21 164 31 24 23 48
leaf_count=54 29 44 23 47 22 1795 25 70 44 35 29 65 25 25 110 1315 21 164 31 24 23 48
internal_value=0 1.71565e-05 -0.000144758 -2.18743e-05 -0.000160081 -8.35268e-06 -1.39271e-06 -3.02954e-05 -9.93018e-05 7.01465e-05 -0.000178713 -0.000215755 -0.000460196 -0.000148251 7.58904e-05 8.02378e-05 -4.07107e-05 -6.47764e-05 -1.51031e-05 -0.000424331 0 0
internal_weight=4068 3620 448 2052 163 1889 1820 117 400 1568 148 119 48 69 1502 1425 252 185 66 46 67 77
internal_count=4068 3620 448 2052 163 1889 1820 117 400 1568 148 119 48 69 1502 1425 252 185 66 46 67 77
is_linear=0
shrinkage=0.03


Tree=6
num_leaves=22
num_cat=0
split_feature=33 26 5 5 4 36 5 20 24 34 26 34 24 29 0 27 20 23 34 22 21
split_gain=0.0110154 0.00804948 0.0049804 0.00383783 0.00371508 0.00139914 0.00223053 0.00149183 0.0012681 0.0014209 0.00114555 0.000788706 0.000732346 0.000888035 0.000700876 0.000672108 0.00066596 0.000624979 0.00062067 0.000601481 0.000316426
threshold=-0.033463896211940174 5.7603135843989532 15127467.000000002 11213305.000000002 342.30000305175787 -0.011926473550928901 7693708.5000000009 489.24499969482429 -2.8765441868608885 -0.077820011197215641 4.018210148452102 0.087843515861323232 4.8764718108281748 66.978298031304988 207.64885711669925 0.24290081896269197 276.34499816894532 -1.6784886944660753 -0.069618128213967387 27.794111617825589 256.07166709899906
decision_type=2 2 2 2 2 2 2 2 2 2 2 2 2 2 2 2 2 2 2 2 2
left_child=2 10 8 5 14 6 -3 -7 9 -1 11 17 15 -14 -5 -12 -4 -2 -10 -11 -20
right_child=1 3 16 4 -6 7 -8 -9 18 19 12 -13 13 -15 -16 -17 -18 -19 20 -21 -22
leaf_value=-0.00037162054464907239 1.3954519444364406e-05 -0.00012868893650782819 -0.00012006047825093149 -0.00022125454693872664 -0.00046835182584388356 4.3426496756450567e-06 7.7693840273658152e-05 -0.00016398295322945247 3.7478877070455619e-05 0 -1.4323638293735111e-05 -2.5663586981648652e-05 -0.00019619336698667865 0 0 4.9253482180053546e-05 -0.00062909508357752119 8.8880478121613918e-05 0 -0.00012404763306852492 -0.00010518275602843453
leaf_weight=36 220 203 23 21 35 1184 42 49 32 26 124 24 28 24 86 493 25 1087 113 86 107
leaf_count=36 220 203 23 21 35 1184 42 49 32 26 124 24 28 24 86 493 25 1087 113 86 107
internal_value=-6.1961e-08 1.65662e-05 -0.000141092 -3.19592e-05 -0.000182982 -1.54085e-05 -8.10519e-05 0 -9.66255e-05 -0.000174123 5.73714e-05 7.44308e-05 1.89413e-05 -7.36215e-05 -6.12759e-05 3.16145e-05 -0.000448309 7.85658e-05 -3.91599e-05 -8.36051e-05 -6.39495e-05
internal_weight=4068 3620 448 1620 142 1478 245 1233 400 148 2000 1331 669 52 107 617 48 1307 252 112 220
internal_count=4068 3620 448 1620 142 1478 245 1233 400 148 2000 1331 669 52 107 617 48 1307 252 112 220
is_linear=0
shrinkage=0.03


Tree=7
num_leaves=23
num_cat=0
split_feature=33 26 5 5 1 32 28 29 24 34 22 23 0 0 25 34 25 22 20 5 29 30
split_gain=0.0104516 0.00758909 0.00470667 0.00365664 0.00344976 0.00147286 0.00195579 0.00120798 0.00118379 0.0013112 0.00109022 0.00125551 0.000913626 0.000854569 0.000629106 0.000596161 0.000594874 0.000573024 0.000539914 0.000305076 0.000233062 0.000106877
threshold=-0.033463896211940174 5.7603135843989532 15127467.000000002 11213305.000000002 333.10000610351568 0.00091964734736182951 359848032.00000006 83.550081701007272 -2.8765441868608885 -0.077820011197215641 34.390485416828767 4.0437121227540027 207.64885711669925 210.74941253662112 -0.80121383345880026 -0.069618128213967387 0.67368453969493436 27.794111617825589 276.34499816894532 5687572.0000000009 12.796200724299936 23.156252404789893
decision_type=2 2 2 2 2 2 2 2 2 2 2 2 2 2 2 2 2 2 2 2 2 2
left_child=2 10 8 5 12 6 -3 -7 9 -1 14 13 -5 -12 19 -10 -13 -11 -4 -2 -17 -16
right_child=1 3 18 4 -6 7 -8 -9 15 17 11 16 -14 -15 21 20 -18 -19 -20 -21 -22 -23
leaf_value=-0.00036050281118649283 0 -3.028470672511354e-05 -0.00011647425986926202 -0.00021464837575441671 -0.00040293342597507863 3.1988013534585758e-05 -0.00027359418930721899 -6.194199450868452e-05 3.6358016534386388e-05 0 7.5924825941842128e-05 -8.0340184032018716e-05 0 0 5.3085529649663223e-05 0 2.727991588320467e-05 -0.00012033052852406503 -0.00061029741900464683 -0.00016211985693900122 -8.4602632374203838e-05 0
leaf_weight=36 28 676 23 21 46 626 36 140 32 26 1572 69 75 95 45 71 120 86 25 31 149 40
leaf_count=36 28 676 23 21 46 626 36 140 32 26 1572 69 75 95 45 71 120 86 25 31 149 40
internal_value=-1.85087e-07 1.59921e-05 -0.000137572 -3.10927e-05 -0.000178541 -1.48857e-05 -4.68365e-05 1.08989e-05 -9.40685e-05 -0.000169252 5.56303e-05 6.2124e-05 -3.94943e-05 7.05318e-05 -7.23296e-06 -3.79634e-05 0 -8.07501e-05 -0.000436778 -9.58379e-05 -6.24155e-05 1.9057e-05
internal_weight=4068 3620 448 1620 142 1478 712 766 400 148 2000 1856 96 1667 144 252 189 112 48 59 220 85
internal_count=4068 3620 448 1620 142 1478 712 766 400 148 2000 1856 96 1667 144 252 189 112 48 59 220 85
is_linear=0
shrinkage=0.03


Tree=8
num_leaves=26
num_cat=0
split_feature=35 33 26 20 35 5 5 32 23 34 35 36 33 22 22 34 20 36 23 32 33 32 5 36 29
split_gain=0.00999426 0.00478051 0.00392987 0.00286536 0.00374869 0.00196249 0.00296213 0.00130304 0.0010896 0.00107721 0.000995375 0.00142409 0.00117174 0.000964463 0.000796615 0.000752129 0.000635229 0.00121737 0.00103075 0.000598946 0.000580346 0.000881114 0.000542677 0.000308036 0.000148622
threshold=0.024594575177195908 -0.050337068256813715 4.018210148452102 245.19499855041508 0.043001717866550222 15127467.000000002 9461846.5000000019 -0.0055621071950525116 -1.0932550941402253 -0.031878292384289013 0.017833128353710679 -0.0060184974198284466 0.031324767746783506 33.110455511974592 68.496709785734168 -0.047651929662689545 239.48000030517582 0.00177184667565386 -4.1566599867027909 -0.0095663794377840988 -0.012124033472292793 0.011445814816149704 9242504.0000000019 -1.0000000180025095e-35 89.993626862382868
decision_type=2 2 2 2 2 2 2 2 2 2 2 2 2 2 2 2 2 2 2 2 2 2 2 2 2
left_child=2 5 8 16 9 6 -2 13 20 -5 12 -12 -9 15 -6 -4 18 -18 -3 -15 23 -22 24 -1 -10
right_child=1 3 7 4 14 -7 -8 10 22 -11 11 -13 -14 19 -16 -17 17 -19 -20 -21 21 -23 -24 -25 -26
leaf_value=-6.71229001453879e-05 -0.00032333382381492793 -0.0001230321958454611 -0.00023947779420913011 2.5998752622798149e-06 -0.00016348301121640621 -0.00050702354628761551 0 1.1988781794003793e-05 9.6452611472013598e-05 -7.9327075074182922e-05 -1.1532693063798079e-05 9.2723396337496771e-05 -0.00011134561631738582 0 -0.00052881510577372037 0 0 0.00027938921374193789 4.6879039506803849e-06 -7.0197667450859534e-05 8.8930524798252073e-05 -1.534903286469463e-05 0 0 0
leaf_weight=81 37 62 38 124 82 33 38 514 810 387 118 302 79 440 21 51 23 21 363 129 160 59 30 31 35
leaf_count=81 37 62 38 124 82 33 38 514 810 387 118 302 79 440 21 51 23 21 363 129 160 59 30 31 35
internal_value=-3.30585e-07 -7.4131e-05 2.91796e-05 -5.16774e-05 -9.43899e-05 -0.000271283 -0.000127073 0 7.04527e-05 -5.35803e-05 2.07341e-05 5.62955e-05 0 -3.34694e-05 -0.000267507 -0.0001301 0 0.000111819 -6.9116e-06 -1.30633e-05 1.26455e-05 4.71504e-05 8.88883e-05 -2.8044e-05 9.35924e-05
internal_weight=4068 1191 2877 1083 614 108 75 1671 1206 511 1013 420 593 658 103 89 469 44 425 569 331 219 875 112 845
internal_count=4068 1191 2877 1083 614 108 75 1671 1206 511 1013 420 593 658 103 89 469 44 425 569 331 219 875 112 845
is_linear=0
shrinkage=0.03


Tree=9
num_leaves=22
num_cat=0
split_feature=33 21 5 5 35 1 24 0 24 23 31 24 30 28 5 23 30 20 20 21 19
split_gain=0.00950647 0.00604802 0.00521001 0.00418478 0.00219873 0.00217901 0.00159443 0.0012378 0.00115245 0.00131841 0.0017703 0.0010666 0.000952844 0.000922657 0.00119457 0.000733116 0.000555221 0.000516095 0.000461175 0.000305807 0.000691371
threshold=-0.033463896211940174 239.01333262125652 11213305.000000002 15127467.000000002 0.031606209710471997 333.10000610351568 -10.728583505704743 441.73736572265631 3.5272802816529323 -3.085242003542731 0.013773231635160534 -2.8765441868608885 61.425607104424934 235619776.50000003 8223736.5000000009 -13.506551248766156 85.655778423565195 334.89999923706063 276.34499816894532 226.52499885559084 227.95999603271488
decision_type=2 2 2 2 2 2 2 2 2 2 2 2 2 2 2 2 2 2 2 2 2
left_child=3 8 6 11 -4 -6 15 -8 9 10 -2 13 17 14 -1 -3 -11 -13 -5 20 -10
right_child=1 2 4 18 5 -7 7 -9 19 16 -12 12 -14 -15 -16 -17 -18 -19 -20 -21 -22
leaf_value=-0.00015054036062489356 3.9839714374124623e-05 0 0 -0.00010371371858892331 -5.8141220509335188e-05 -0.00052407123228327484 2.2043158427439283e-07 -0.00021089215980902074 0 7.5900094199192448e-05 -0.00017318056517399833 -4.1063855642820183e-05 -0.00020134311296602649 -0.00035155355898885005 0 -0.00024843314690309011 0 5.5739507312517485e-05 -0.00058006796722422788 7.827118941581811e-05 -0.00014352969485696227
leaf_weight=85 115 28 32 23 36 34 1564 25 155 1386 47 161 29 31 32 36 101 62 25 25 36
leaf_count=85 115 28 32 23 36 34 1564 25 155 1386 47 161 29 31 32 36 101 62 25 25 36
internal_value=-3.91224e-07 1.50016e-05 -2.38017e-05 -0.000131441 -0.0002331 -0.000327671 -9.05864e-06 -1.22624e-06 5.3124e-05 6.18123e-05 -3.52408e-06 -8.9836e-05 -3.57519e-05 -0.000161582 -8.53716e-05 -0.000156415 7.09475e-05 -6.90111e-07 -0.000414875 0 -2.52102e-05
internal_weight=4068 3620 1755 448 102 70 1653 1589 1865 1649 162 400 252 148 117 64 1487 223 48 216 191
internal_count=4068 3620 1755 448 102 70 1653 1589 1865 1649 162 400 252 148 117 64 1487 223 48 216 191
is_linear=0
shrinkage=0.03


Tree=10
num_leaves=27
num_cat=0
split_feature=35 33 20 35 4 2 33 20 24 19 20 31 34 34 20 33 22 32 36 22 33 36 24 5 22 30
split_gain=0.00903861 0.00430308 0.00259419 0.00341333 0.00253415 0.00240001 0.00188052 0.00158554 0.00151696 0.00135022 0.00106706 0.00110199 0.00104124 0.00102539 0.000860182 0.000834846 0.00063589 0.000629008 0.000551371 0.000534759 0.000534411 0.000484121 0.000468493 0.00038541 0.000323206 0.000167652
threshold=0.024594575177195908 -0.050337068256813715 245.19499855041508 0.043001717866550222 248.09999847412112 234.09999847412112 -0.014080533719918296 301.95000305175785 -0.92959960355378579 252.6600006103516 366.12499847412113 0.0061528073523114965 0.08533953934678952 -0.031878292384289013 470.58499832153325 -0.011813256349019917 68.496709785734168 0.016475600729772725 0.00082373077055962116 53.651240770319681 -0.021830930726216665 0.015577720267966779 1.6082886987512997 2911366.5000000005 54.975854337682186 20.114507287384978
decision_type=2 2 2 2 2 2 2 2 2 2 2 2 2 2 2 2 2 2 2 2 2 2 2 2 2 2
left_child=4 5 9 13 6 25 8 -7 18 12 11 20 -3 -4 15 -12 -5 21 -1 -19 -6 -8 -13 -16 -10 -2
right_child=1 2 3 16 10 7 17 -9 24 -11 14 22 -14 -15 23 -17 -18 19 -20 -21 -22 -23 -24 -25 -26 -27
leaf_value=-9.5141012526801458e-05 0 2.6459142601961165e-06 4.1469165298739349e-06 -0.00015508342479321889 0 -0.0006179367909047367 8.2354550911805776e-05 -0.00014340598434918185 6.3854364031591467e-05 0.00023778624653386418 -2.3866361198472748e-06 -5.3842551581425603e-06 -0.00013296812637614397 -7.5888355444668181e-05 0 6.9312313654308367e-05 -0.00050218188155318883 -3.1436748022346065e-05 0 5.2029144403524016e-05 -8.0199179766842548e-05 0 7.2550691013647658e-05 -0.0001196782904112861 0 -8.6646922481760586e-05
leaf_weight=148 22 394 124 82 116 26 1048 40 199 21 130 78 54 387 28 326 21 89 47 152 329 22 91 41 33 20
leaf_count=148 22 394 124 82 116 26 1048 40 199 21 130 78 54 387 28 326 21 89 47 152 329 22 91 41 33 20
internal_value=-5.02364e-07 -7.07158e-05 -4.92325e-05 -8.98716e-05 2.75228e-05 -0.000258149 5.05008e-05 -0.00037638 0 0 -4.90694e-06 -3.38612e-05 -7.03151e-06 -5.06002e-05 2.32425e-05 4.22983e-05 -0.000255367 6.83506e-05 -6.57855e-05 8.76242e-06 -6.06223e-05 7.89663e-05 1.88578e-05 -5.91549e-05 4.73749e-05 -6.45132e-07
internal_weight=4068 1191 1083 614 2877 108 1738 66 427 469 1139 614 448 511 525 456 103 1311 195 241 445 1070 169 69 232 42
internal_count=4068 1191 1083 614 2877 108 1738 66 427 469 1139 614 448 511 525 456 103 1311 195 241 445 1070 169 69 232 42
is_linear=0
shrinkage=0.03


Tree=11
num_leaves=19
num_cat=0
split_feature=33 21 35 36 23 22 33 34 4 20 28 27 24 33 24 34 22 24
split_gain=0.00873697 0.005404 0.00470222 0.00212469 0.00234962 0.00202138 0.00183084 0.00132095 0.00115027 0.000900007 0.00349661 0.00118357 0.000895625 0.00107255 0.000864886 0.000847003 0.00102789 0.000826198
threshold=-0.033463896211940174 239.01333262125652 0.043001717866550222 -0.032199113138671638 -2.292948416250979 68.496709785734168 0.016756740874385837 0.08533953934678952 189.25000000000003 125.61499958038331 -43047682.999999993 0.42942027202921879 5.1443041251500281 -0.0038033003564951757 -10.728583505704743 -0.0043919435610440529 56.06991423575149 -3.1534849439066734
decision_type=2 2 2 2 2 2 2 2 2 2 2 2 2 2 2 2 2 2
left_child=3 7 12 4 -1 6 -4 15 -9 -5 -11 -12 14 -14 -3 16 -2 -17
right_child=1 2 5 9 -6 -7 -8 8 -10 10 11 -13 13 -15 -16 17 -18 -19
leaf_value=-0.00057189783680119683 4.0499551248709372e-05 -0.00011203541746534243 -0.00028958469777804277 0 0 -0.00054359621931312238 0 -0.00017296615181681022 6.061087821601562e-06 -0.00049153364520495776 -3.6580208713482348e-05 -0.00020689070446485347 0 -9.2106970762127166e-05 7.6639852281868902e-06 0 -6.056919768330894e-05 8.26983422727406e-05
leaf_weight=23 634 56 30 25 20 20 49 42 32 23 295 62 111 223 1266 86 85 986
leaf_count=23 634 56 30 25 20 20 49 42 32 23 295 62 111 223 1266 86 85 986
internal_value=-5.79225e-07 1.41455e-05 -2.24698e-05 -0.000126232 -0.000355291 -0.000224545 -0.00010526 5.02091e-05 -5.51594e-05 -9.4425e-05 -0.000107859 -7.46086e-05 -8.56493e-06 -5.26865e-05 3.16303e-07 5.62405e-05 2.43726e-05 7.4812e-05
internal_weight=4068 3620 1755 448 43 99 79 1865 74 405 380 357 1656 334 1322 1791 719 1072
internal_count=4068 3620 1755 448 43 99 79 1865 74 405 380 357 1656 334 1322 1791 719 1072
is_linear=0
shrinkage=0.03


Tree=12
num_leaves=28
num_cat=0
split_feature=35 20 5 26 22 26 30 34 32 0 36 19 21 20 23 26 5 24 5 5 29 32 36 31 35 23 29
split_gain=0.00819369 0.00384794 0.00547605 0.00320034 0.00262088 0.00212788 0.0020022 0.00178744 0.00140377 0.00127418 0.00115816 0.00111414 0.00111149 0.00104168 0.000978956 0.000900454 0.000488264 0.000464442 0.000642747 0.000411922 0.00041 0.000712299 0.000358411 0.00033188 0.000312912 0.000247365 0.00013605
threshold=0.024594575177195908 245.19499855041508 11213305.000000002 4.018210148452102 35.800719704610117 7.855836665754814 24.776849369966044 -0.034530893187357019 -0.029935113246465857 144.43303680419925 0.0037492419083010437 283.81999816894535 255.18499908447268 366.12499847412113 -1.0932550941402253 6.034271143900181 9242504.0000000019 3.7592332095999823 5309495.5000000009 2718645.5000000005 24.46516963709664 0.011445814816149704 -1.0000000180025095e-35 0.021018261801456498 0.021642142930605086 5.612293319348681 89.993626862382868
decision_type=2 2 2 2 2 2 2 2 2 2 2 2 2 2 2 2 2 2 2 2 2 2 2 2 2 2 2
left_child=3 8 4 14 11 -4 -7 -6 9 -2 13 -3 23 15 20 -5 26 18 -10 -15 22 -22 -1 -12 -14 -19 -16
right_child=1 2 5 10 7 6 -8 -9 17 -11 12 -13 24 19 16 -17 -18 25 -20 -21 21 -23 -24 -25 -26 -27 -28
leaf_value=-7.0573495946157992e-05 -0.00021675913210622983 -0.00033210948310943714 0 -1.0410524612747242e-06 8.538552728467512e-05 0 -0.00040425823090274349 -5.962946539233034e-05 -5.0405181794224647e-06 0 0.00010732845500255527 -1.1956677851214897e-05 -1.2590858919089241e-05 7.314103318642584e-05 8.7791273492254777e-05 -7.3524692642965752e-05 0 -0.00010835873566196741 6.290074956203253e-05 0 7.8147427586817565e-05 -1.4528017878161869e-05 0 0 6.1259036969070943e-05 0 0
leaf_weight=77 49 47 25 423 83 24 94 373 107 21 172 40 259 94 810 365 30 27 253 270 157 58 39 24 64 48 35
leaf_count=77 49 47 25 423 83 24 94 373 107 21 172 40 259 94 810 365 30 27 253 270 157 58 39 24 64 48 35
internal_value=-6.54815e-07 -6.7535e-05 -0.000113867 2.59904e-05 -6.31081e-05 -0.000285464 -0.000339051 -2.66438e-05 0 -0.000128648 0 -0.000219539 3.62851e-05 -1.76497e-05 6.32416e-05 -3.8427e-05 8.05776e-05 1.54017e-05 3.43803e-05 1.90886e-05 8.3424e-06 3.92045e-05 -2.30036e-05 9.26629e-05 0 -3.5673e-05 8.51071e-05
internal_weight=4068 1191 686 2877 543 143 118 456 505 70 1671 87 519 1152 1206 788 875 435 360 364 331 215 116 196 323 75 845
internal_count=4068 1191 686 2877 543 143 118 456 505 70 1671 87 519 1152 1206 788 875 435 360 364 331 215 116 196 323 75 845
is_linear=0
shrinkage=0.03


Tree=13
num_leaves=27
num_cat=0
split_feature=35 20 5 0 35 20 32 35 19 27 20 31 20 35 23 32 0 34 23 27 30 28 5 5 5 20
split_gain=0.00776422 0.00363905 0.00566044 0.00287897 0.00201791 0.00198087 0.00162534 0.00238475 0.00156216 0.0014422 0.00127981 0.0012669 0.000804311 0.000794023 0.000970911 0.000791641 0.00141471 0.000950505 0.000738166 0.000677929 0.000641151 0.000560514 0.000539567 0.00035832 0.000196999 0.000109988
threshold=0.024594575177195908 248.8800003051758 11213305.000000002 206.15616607666018 0.031606209710471997 361.21499938964848 0.0013325999329616425 0.043001717866550222 252.6600006103516 0.079236219697897028 366.12499847412113 0.0061528073523114965 470.58499832153325 0.021227950266448695 -1.7300320777808762 -0.029935113246465857 144.43303680419925 0.08533953934678952 0.31819316394967251 0.15044309549932622 24.776849369966044 -43047682.999999993 3532518.5000000005 2911366.5000000005 5173650.0000000009 354.85500030517585
decision_type=2 2 2 2 2 2 2 2 2 2 2 2 2 2 2 2 2 2 2 2 2 2 2 2 2 2
left_child=3 8 6 9 -4 -6 7 -3 15 20 11 19 22 14 -11 16 -2 -17 -13 -5 24 -15 -12 -14 -1 -8
right_child=1 2 4 10 5 -7 25 -9 -10 13 12 18 23 21 -16 17 -18 -19 -20 -21 -22 -23 -24 -25 -26 -27
leaf_value=3.8919092752552293e-05 -0.00021026960323477457 -6.4226005196464683e-05 0 0 -0.00043543167903013037 -2.3709830297965706e-05 1.949427517922986e-05 -0.00038304599655244461 0.00020853336559305318 0 7.7033196861340928e-05 -2.9466189993126262e-05 0 0.00028217280133324875 6.0676231225459515e-05 1.2396517639217383e-05 0 -0.00012367451261602083 7.8371560784282847e-05 -8.7595596175339406e-05 -0.00012525128866851764 7.3273166352845779e-05 0 -0.00011546538007041152 -3.2213367329955893e-05 -2.3018295431761868e-05
leaf_weight=84 49 271 26 103 80 31 125 30 28 255 209 81 28 35 1103 381 21 52 103 352 41 147 247 41 48 97
leaf_count=84 49 271 26 103 80 31 125 30 28 255 209 81 28 35 1103 381 21 52 103 352 41 147 247 41 48 97
internal_value=-7.16811e-07 -6.5837e-05 -0.000113054 2.51998e-05 -0.000290948 -0.000347574 -6.06723e-05 -0.000106082 -1.49092e-06 5.02316e-05 -9.06228e-06 -3.93705e-05 2.21145e-05 6.00455e-05 4.84451e-05 -1.91843e-05 -0.00011316 0 1.46138e-05 -6.77919e-05 -1.97816e-05 0.000130054 4.06916e-05 -5.71219e-05 0 0
internal_weight=4068 1191 660 2877 137 111 523 301 531 1713 1164 639 525 1540 1358 503 70 433 184 455 173 182 456 69 132 222
internal_count=4068 1191 660 2877 137 111 523 301 531 1713 1164 639 525 1540 1358 503 70 433 184 455 173 182 456 69 132 222
is_linear=0
shrinkage=0.03


Tree=14
num_leaves=24
num_cat=0
split_feature=33 26 5 5 26 5 34 36 31 20 22 23 29 25 29 25 25 29 5 20 19 36 30
split_gain=0.00771535 0.00521008 0.00361151 0.00262326 0.00286038 0.00123235 0.00328132 0.00118828 0.00198179 0.00147862 0.000847697 0.00101573 0.000757199 0.000658066 0.000639655 0.00058108 0.000569971 0.000440549 0.00025862 0.000243866 0.000113118 0.000103499 9.90386e-05
threshold=-0.033463896211940174 5.7603135843989532 15127467.000000002 11213305.000000002 10.306749884209372 8223736.5000000009 -0.077820011197215641 -0.0051479821878143211 -0.0084010010302253951 367.42999954223643 34.390485416828767 4.0437121227540027 12.971390983946678 1.0412471432692565 8.6525967258960659 0.67368453969493436 -0.80121383345880026 14.808863131872453 5687572.0000000009 276.34499816894532 307.95999755859378 0.0075012600302279695 23.156252404789893
decision_type=2 2 2 2 2 2 2 2 2 2 2 2 2 2 2 2 2 2 2 2 2 2 2
left_child=2 10 5 7 21 6 -1 9 -9 -3 16 13 -8 -12 -7 -13 18 -16 -2 -4 -6 -5 -18
right_child=1 3 19 4 20 14 12 8 -10 -11 11 15 -14 -15 17 -17 22 -19 -20 -21 -22 -23 -24
leaf_value=-0.00051072052834597211 0 -8.8984429277382657e-05 -9.0027980018080519e-05 -5.3655527196590623e-05 -3.9018057694888673e-05 -0.00013834222658331709 0 0.00016315555837957216 -2.7314835702235031e-06 0 6.6555104622136654e-05 -8.186322808875803e-05 -0.00010810797792285551 0 0.00012467929340634069 2.2331292937506033e-05 4.8954541331101322e-05 0 -0.00015389424474279443 -0.00053095022196031783 -0.00036905972329195235 4.1801204853480963e-06 0
leaf_weight=20 28 324 23 32 25 23 90 68 862 224 1466 69 174 201 34 120 45 59 31 25 43 42 40
leaf_count=20 28 324 23 32 25 23 90 68 862 224 1466 69 174 201 34 120 45 59 31 25 43 42 40
internal_value=-7.16399e-07 1.30747e-05 -0.000118827 -2.57387e-05 -0.000150825 -7.95793e-05 -0.000113237 -1.16819e-05 6.18867e-06 -4.74787e-05 4.60132e-05 5.18386e-05 -7.15831e-05 5.95e-05 0 0 -8.23532e-06 3.78799e-05 -9.23281e-05 -0.000382671 -0.000292009 0 1.49222e-05
internal_weight=4068 3620 448 1620 142 400 284 1478 930 548 2000 1856 264 1667 116 189 144 93 59 48 68 74 85
internal_count=4068 3620 448 1620 142 400 284 1478 930 548 2000 1856 264 1667 116 189 144 93 59 48 68 74 85
is_linear=0
shrinkage=0.03


Tree=15
num_leaves=22
num_cat=0
split_feature=33 26 5 23 24 35 5 5 36 32 32 30 19 20 27 32 32 26 30 20 1
split_gain=0.00733003 0.0049365 0.00341745 0.00224443 0.00181876 0.00137985 0.00116263 0.00170346 0.000953482 0.000934965 0.000784229 0.000771435 0.000617574 0.000514029 0.00040995 0.000356299 0.00101186 0.00032266 0.000203439 0.00015536 5.23343e-05
threshold=-0.033463896211940174 4.6088979691040963 15127467.000000002 16.101340865292688 -10.728583505704743 0.043001717866550222 8223736.5000000009 7693708.5000000009 0.0043572993023255477 0.00091964734736182951 0.037856011380146722 17.078602307551119 443.96000061035164 116.05000000000001 0.030951248612405873 -0.037708428593073988 -0.024238931259236925 3.0776302407548246 41.855391089073002 276.34499816894532 106.50000000000001
decision_type=2 2 2 2 2 2 2 2 2 2 2 2 2 2 2 2 2 2 2 2 2
left_child=2 10 6 4 8 12 7 11 -3 -6 13 -1 -5 20 -15 18 -17 -12 -8 -4 -2
right_child=1 3 19 5 9 -7 15 -9 -10 -11 17 -13 -14 14 -16 16 -18 -19 -20 -21 -22
leaf_value=0 2.5198941069851707e-06 -0.00023258620849857961 -8.7338829550638098e-05 -0.00014540470561694312 -2.5531523016099922e-05 -0.00041430391703392442 9.3907495276036282e-05 -0.00037394681497511783 0 1.6311650459739592e-05 0 -0.00010138667218286659 0 0 6.6055653092273774e-05 -0.00019429736833247182 0 -0.0001006200489022101 0 -0.00051508517242018206 -3.0016467504108571e-05
leaf_weight=61 25 49 23 29 886 21 40 26 31 1011 35 197 25 62 1363 28 28 31 20 25 52
leaf_count=61 25 49 23 29 886 21 40 26 31 1011 35 197 25 62 1363 28 28 31 20 25 52
internal_value=-7.91939e-07 1.26309e-05 -0.000115927 -1.68932e-05 -9.1708e-06 -0.000180225 -7.74822e-05 -0.000110172 -0.000149823 -1.65029e-06 5.318e-05 -7.18319e-05 -3.31442e-05 5.83606e-05 6.25669e-05 0 -5.17325e-05 -1.92423e-05 5.32678e-05 -0.000373101 0
internal_weight=4068 3620 448 2052 1977 75 400 284 80 1897 1568 258 54 1502 1425 116 56 66 60 48 77
internal_count=4068 3620 448 2052 1977 75 400 284 80 1897 1568 258 54 1502 1425 116 56 66 60 48 77
is_linear=0
shrinkage=0.03


Tree=16
num_leaves=24
num_cat=0
split_feature=33 26 5 5 26 5 5 36 5 20 23 23 30 29 29 30 25 23 28 4 27 29 36
split_gain=0.00693131 0.00466462 0.00324495 0.0024497 0.00265438 0.00110725 0.0015856 0.00109909 0.00208269 0.00122999 0.000765937 0.000934495 0.00073256 0.000591895 0.000581395 0.000561312 0.000555498 0.000709767 0.000512977 0.000464825 0.000461237 0.000414531 9.44797e-05
threshold=-0.033463896211940174 5.7603135843989532 15127467.000000002 11213305.000000002 10.306749884209372 8223736.5000000009 7693708.5000000009 -0.011926473550928901 7693708.5000000009 489.24499969482429 4.0437121227540027 -1.0932550941402253 17.078602307551119 8.6525967258960659 77.410679905023386 15.751722019961667 0.67368453969493436 6.583255803372837 172503788.50000003 334.69999694824224 0.97136294214688201 14.808863131872453 0.0075012600302279695
decision_type=2 2 2 2 2 2 2 2 2 2 2 2 2 2 2 2 2 2 2 2 2 2 2
left_child=2 10 5 7 22 6 12 8 -3 -9 11 15 -1 -7 -13 -2 17 -12 -4 -6 -18 -15 -5
right_child=1 3 18 4 19 13 -8 9 -10 -11 16 14 -14 21 -16 -17 20 -19 -20 -21 -22 -23 -24
leaf_value=0 -5.3847951670621398e-05 -0.00011579574377267104 -0.00052703578380628238 -5.1301929153987226e-05 -5.6282061777212517e-05 -0.00013278420367459585 -0.00036277139035937369 6.7971478818033261e-06 8.6359127366311418e-05 -0.00014639515078592428 -0.0001518486495453521 7.6131235414391438e-05 -9.8346614647878001e-05 0.0001209071877701317 9.4142800436518066e-06 2.6834712118747885e-05 7.5236046713414139e-05 0 -7.4606830998035463e-05 -0.00039765443183337223 -1.4973134770060473e-05 0 3.6082638141692457e-06
leaf_weight=61 75 203 24 32 32 23 26 1184 42 49 47 988 197 34 256 492 81 22 24 36 39 59 42
leaf_count=61 75 203 24 32 32 23 26 1184 42 49 47 988 197 34 256 492 81 22 24 36 39 59 42
internal_value=-8.56151e-07 1.21753e-05 -0.000112829 -2.44915e-05 -0.000145368 -7.51293e-05 -0.000107036 -1.08395e-05 -6.88796e-05 0 4.33752e-05 4.95818e-05 -6.95103e-05 0 6.48149e-05 1.08647e-05 -2.27283e-07 -8.04511e-05 -0.000363817 -0.00028138 2.09508e-05 3.67028e-05 0
internal_weight=4068 3620 448 1620 142 400 284 1478 245 1233 2000 1811 258 116 1244 567 189 69 48 68 120 93 74
internal_count=4068 3620 448 1620 142 400 284 1478 245 1233 2000 1811 258 116 1244 567 189 69 48 68 120 93 74
is_linear=0
shrinkage=0.03


Tree=17
num_leaves=27
num_cat=0
split_feature=35 20 35 20 26 19 32 30 36 28 21 34 35 32 23 5 30 5 5 30 36 34 31 35 0 28
split_gain=0.00655435 0.00313371 0.00446224 0.00295277 0.00245291 0.00133398 0.00114667 0.00109992 0.00101767 0.00148107 0.000957888 0.000913212 0.000877213 0.00129585 0.000841708 0.000675555 0.000671677 0.000603956 0.000423795 0.00031839 0.000506314 0.000497742 0.000312432 0.000305059 0.000130509 4.379e-05
threshold=0.024594575177195908 245.19499855041508 0.04365624384773991 294.06000137329107 4.018210148452102 252.6600006103516 -0.040070252489001749 30.231997945196706 0.0037492419083010437 141606328.50000003 255.18499908447268 0.08533953934678952 0.033513300427397204 0.0016866071907066795 -1.0932550941402253 6427978.0000000009 14.953560200797865 12346309.500000002 9242504.0000000019 49.57613756854014 0.0028687580698986219 0.030441047888845611 0.021018261801456498 0.021642142930605086 75.863334655761733 15298666.500000002
decision_type=2 2 2 2 2 2 2 2 2 2 2 2 2 2 2 2 2 2 2 2 2 2 2 2 2 2
left_child=4 5 12 -4 14 6 25 -5 9 16 22 -8 13 -3 19 -11 -6 -14 24 20 -1 -21 -10 -12 -16 -2
right_child=1 2 3 7 8 -7 11 -9 10 15 23 -13 17 -15 18 -17 -18 -19 -20 21 -22 -23 -24 -25 -26 -27
leaf_value=-4.5069216701024927e-05 -0.00022486441137492896 -0.00013159628150875811 -0.0004540099765422556 0 0 0.00022873752645765301 1.6272002613277317e-05 -0.00017018971652373177 0.00010081902570843558 1.2058192883984206e-05 -1.2069188546502923e-05 -0.00011637419695034623 1.6174412379448512e-05 0 0 -6.5306185376054298e-05 -9.969786792482369e-05 -0.00015066619701177824 0 9.9749865368228244e-05 4.2267061541434953e-05 0 0 6.0781562786590022e-05 7.8051558764748665e-05 0
leaf_weight=158 23 221 55 20 34 21 388 57 172 776 259 53 160 151 31 116 226 22 30 74 77 22 24 64 814 20
leaf_count=158 23 221 55 20 34 21 388 57 172 776 259 53 160 151 31 116 226 22 30 74 77 22 24 64 814 20
internal_value=-9.03085e-07 -6.0784e-05 -0.000102591 -0.000266243 2.28445e-05 0 -1.41268e-05 -9.27982e-05 0 -1.64005e-05 3.41678e-05 0 -5.81425e-05 -8.45916e-05 5.54552e-05 0 -7.94747e-05 0 7.13955e-05 4.24751e-06 -3.68632e-06 5.487e-05 8.6525e-05 0 7.56941e-05 -0.000161821
internal_weight=4068 1191 686 132 2877 505 484 77 1671 1152 519 441 554 372 1206 892 260 182 875 331 235 96 196 323 845 43
internal_count=4068 1191 686 132 2877 505 484 77 1671 1152 519 441 554 372 1206 892 260 182 875 331 235 96 196 323 845 43
is_linear=0
shrinkage=0.03


Tree=18
num_leaves=19
num_cat=0
split_feature=33 26 20 20 36 24 26 35 34 28 35 20 28 27 34 33 23 34
split_gain=0.00635644 0.00426381 0.00207449 0.00437002 0.0016416 0.00231468 0.00155947 0.00150655 0.001664 0.000997956 0.000884886 0.000762984 0.0031902 0.00114884 0.000519301 0.000474757 0.000370438 0.000328107
threshold=-0.033463896211940174 8.4303350444777134 273.97499923706056 246.97499923706059 -0.032199113138671638 -0.73360251794599973 4.018210148452102 0.014445365475794432 -0.041367206885864254 141606328.50000003 0.01688034728204553 125.61499958038331 -43047682.999999993 0.42942027202921879 0.087843515861323232 -0.012124033472292793 0.36190293632685672 -0.01346043962246257
decision_type=2 2 2 2 2 2 2 2 2 2 2 2 2 2 2 2 2 2
left_child=4 6 3 -3 5 -1 14 17 -9 10 -8 -6 -13 -14 15 -2 -11 -4
right_child=1 2 7 -5 11 -7 9 8 -10 16 -12 12 13 -15 -16 -17 -18 -19
leaf_value=-0.00055849095661829069 1.0060372213765796e-05 0 0 -0.00043925345581079868 0 0 -9.4980604316400715e-05 9.7074936899956162e-05 -6.2590079419303567e-05 0 0 -0.00045594983799579589 -2.3244908198469706e-05 -0.00018662219353645572 -1.8199516554011401e-05 6.8352800216314787e-05 4.5424400203361455e-05 9.8211557164217946e-05
leaf_weight=20 290 29 24 36 25 23 123 51 639 459 377 23 295 62 24 1017 471 80
leaf_count=20 290 29 24 36 25 23 123 51 639 459 377 23 295 62 24 1017 471 80
internal_value=-9.00875e-07 1.15463e-05 -4.54449e-05 -0.00021582 -0.000108153 -0.000311654 3.03648e-05 -2.7694e-05 -4.64292e-05 6.18053e-06 -2.50625e-05 -7.90698e-05 -9.20317e-05 -6.00639e-05 5.40918e-05 5.77157e-05 2.62042e-05 6.77134e-05
internal_weight=4068 3620 859 65 448 43 2761 794 690 1430 500 405 380 357 1331 1307 930 104
internal_count=4068 3620 859 65 448 43 2761 794 690 1430 500 405 380 357 1331 1307 930 104
is_linear=0
shrinkage=0.03


Tree=19
num_leaves=24
num_cat=0
split_feature=5 21 26 34 5 20 5 21 32 32 27 25 23 34 31 23 29 34 22 32 33 5 32
split_gain=0.00609428 0.00436121 0.00422704 0.00251638 0.00335701 0.00204127 0.00103001 0.00114246 0.00105435 0.00184804 0.000954512 0.000985151 0.000907377 0.000512786 0.000641021 0.000489946 0.000363427 0.000373511 0.00029171 0.000199904 0.00066897 0.000104569 2.76676e-05
threshold=11213305.000000002 239.58999926249189 4.018210148452102 -0.077820011197215641 8223736.5000000009 506.62500000000006 15841409.000000002 297.01666641235357 0.022805620855499979 -0.031351064243348596 0.61217641591253458 -1.4246381875473981 -8.122140617735452 0.087843515861323232 0.035141659220464978 -1.6784886944660753 92.930691899689791 -0.0038228985447049664 75.943932101721856 0.011445814816149704 0.0023064882637491295 4520847.0000000009 0.046548406844067032
decision_type=2 2 2 2 2 2 2 2 2 2 2 2 2 2 2 2 2 2 2 2 2 2 2
left_child=2 10 15 4 -4 12 8 -8 9 -3 11 -2 -5 18 -15 19 17 -17 -12 20 -1 -21 -10
right_child=1 6 3 5 -6 -7 7 -9 22 -11 13 -13 -14 14 -16 16 -18 -19 -20 21 -22 -23 -24
leaf_value=0 0 0 -0.00048106571391956201 -7.2641024431159161e-05 0 -0.00030400891809407573 -0.00050969143612877854 -2.9468863269596507e-05 0 -0.00040440248575693142 0.0001227260944554014 -0.00023063790072219809 0 -0.00016908734546211519 1.1579026501202038e-05 3.11181234162318e-05 0 8.3689115310232369e-05 0 -6.5636955473204658e-05 0.00013485941256292792 0 -3.214387782497709e-05
leaf_weight=150 20 29 24 162 21 21 36 22 21 26 54 31 2183 20 21 444 20 621 20 34 40 24 24
leaf_count=150 20 29 24 162 21 21 36 22 21 26 54 31 2183 20 21 444 20 621 20 34 40 24 24
internal_value=-8.9072e-07 -0.000126342 9.1675e-06 -1.35539e-05 -0.000238064 -8.0061e-06 -0.000239894 -0.000379537 -0.000128632 -0.000217442 -1.22592e-07 -0.00012257 -4.06321e-06 2.81751e-05 -3.75519e-06 5.25121e-05 6.15957e-05 6.45938e-05 8.63332e-05 6.71062e-07 2.58702e-05 -3.01452e-05 0
internal_weight=4068 324 3744 2411 45 2366 158 58 100 55 166 51 2345 115 41 1333 1085 1065 74 248 190 58 45
internal_count=4068 324 3744 2411 45 2366 158 58 100 55 166 51 2345 115 41 1333 1085 1065 74 248 190 58 45
is_linear=0
shrinkage=0.03


Tree=20
num_leaves=21
num_cat=0
split_feature=33 21 35 5 5 24 5 33 34 4 36 31 36 24 27 24 30 35 35 32
split_gain=0.00584132 0.00357113 0.00393734 0.00160491 0.00169013 0.00145567 0.00118646 0.00105151 0.00113764 0.00104663 0.00100594 0.00117599 0.000945706 0.000852585 0.000707244 0.000701631 0.000640868 0.000530928 0.00018014 0.000137617
threshold=-0.052991664392439845 239.01333262125652 0.043001717866550222 15841409.000000002 9461846.5000000019 -10.728583505704743 11213305.000000002 -0.01232443506742331 0.08533953934678952 189.25000000000003 0.017188356964079953 -0.018602743765638027 0.0043572993023255477 -0.96121709116900533 0.14543264848953466 3.5272802816529323 35.334183254565396 0.017999078619700976 0.044394891041960011 0.053050406723326955
decision_type=2 2 2 2 2 2 2 2 2 2 2 2 2 2 2 2 2 2 2 2
left_child=3 7 5 4 16 12 -7 13 15 -10 11 -4 -3 14 -2 -9 -1 -15 -6 -12
right_child=1 2 10 -5 18 6 -8 8 9 -11 19 -13 -14 17 -16 -17 -18 -19 -20 -21
leaf_value=-0.00031118341260799284 -9.9244448501849551e-05 -0.00021234880129345504 -2.3671855391531252e-05 -0.0004281232735573335 0 0 -0.00013139939766612947 6.1577476592883943e-05 -0.00016261584614209979 8.1346125807613076e-06 0 -0.00044215551812515076 0 6.2116235142828534e-05 0 0 0 0 8.7656709511755503e-05 -8.7290358481026872e-05
leaf_weight=31 120 52 29 31 22 1706 63 1238 42 32 32 32 21 181 68 156 23 146 21 22
leaf_count=31 120 52 29 31 22 1706 63 1238 42 32 32 32 21 181 68 156 23 146 21 22
internal_value=-9.29865e-07 4.80974e-06 -2.30389e-05 -0.000200887 -9.70033e-05 -1.067e-05 -3.49905e-06 3.38058e-05 4.67798e-05 -4.83806e-05 -0.000194911 -0.000292668 -0.00014316 0 -5.38966e-05 5.39864e-05 -0.000212145 2.59886e-05 0 -2.86923e-05
internal_weight=4068 3940 1957 128 97 1842 1769 1983 1468 74 115 61 73 515 188 1394 54 327 43 54
internal_count=4068 3940 1957 128 97 1842 1769 1983 1468 74 115 61 73 515 188 1394 54 327 43 54
is_linear=0
shrinkage=0.03


Tree=21
num_leaves=23
num_cat=0
split_feature=33 26 5 5 26 35 33 5 34 4 29 2 31 29 31 32 33 5 24 29 34 20
split_gain=0.00558294 0.00370465 0.00279251 0.0026281 0.00126947 0.0011558 0.00110139 0.00106266 0.00270755 0.000956029 0.000651925 0.000584039 0.00131794 0.000565964 0.000552757 0.000546668 0.00090958 0.000686424 0.000508895 0.000398321 0.00029331 0.00028851
threshold=-0.033463896211940174 8.4303350444777134 11213305.000000002 15127467.000000002 4.018210148452102 0.014445365475794432 0.014683102500100966 8223736.5000000009 -0.077820011197215641 342.30000305175787 12.971390983946678 198.79999542236331 0.024592826471283694 8.6525967258960659 0.015326978739711785 0.010293714403037392 0.0029873530981945344 4103107.0000000005 8.0472471313475182 14.808863131872453 -0.01346043962246257 276.34499816894532
decision_type=2 2 2 2 2 2 2 2 2 2 2 2 2 2 2 2 2 2 2 2 2 2
left_child=3 4 5 7 15 20 -7 8 -1 18 -10 12 -6 -9 -13 16 -2 -17 -4 -15 -3 -5
right_child=1 2 9 21 11 6 -8 13 10 -11 -12 14 -14 19 -16 17 -18 -19 -20 -21 -22 -23
leaf_value=-0.00045963365024254561 3.652278612557236e-05 0 0 -5.0945413025253289e-05 0 -6.7485508478805172e-05 2.2765748501711688e-06 -0.00012100192495735981 0 -0.00035753233722434977 -9.3223634465866182e-05 3.7775650670526491e-06 -0.00020096137411289373 0.0001246271731828331 6.3308750696668454e-05 -3.7811146238277965e-05 0.00011312053649038401 4.4046363114232277e-05 -0.00015034572276870193 0 9.1459579706871272e-05 -0.00046415840109543079
leaf_weight=20 683 24 27 23 177 421 245 23 90 35 174 1020 36 34 197 124 286 238 26 59 81 25
leaf_count=20 683 24 27 23 177 421 245 23 90 35 174 1020 36 34 197 124 286 238 26 59 81 25
internal_value=-1.0172e-06 1.05997e-05 -4.24363e-05 -0.000101563 2.81877e-05 -1.97906e-05 -3.7322e-05 -6.66907e-05 -9.81329e-05 -0.000206543 -5.92235e-05 6.09852e-06 -3.57117e-05 0 1.58834e-05 4.96639e-05 6.22356e-05 7.71907e-06 -4.985e-05 4.28759e-05 6.27934e-05 -0.000329048
internal_weight=4068 3620 859 448 2761 771 666 400 284 88 264 1430 213 116 1217 1331 969 362 53 93 105 48
internal_count=4068 3620 859 448 2761 771 666 400 284 88 264 1430 213 116 1217 1331 969 362 53 93 105 48
is_linear=0
shrinkage=0.03


Tree=22
num_leaves=29
num_cat=0
split_feature=35 27 24 25 4 0 27 22 2 22 2 31 27 5 22 32 2 31 34 35 32 25 23 27 0 24 22 31
split_gain=0.00531438 0.00252149 0.00293207 0.0027193 0.00251609 0.00186556 0.00171751 0.0025104 0.00230902 0.00148673 0.0011008 0.000795909 0.000821012 0.000692373 0.000930944 0.00061842 0.000529293 0.000517292 0.00071389 0.000478377 0.000534264 0.000343889 0.000300136 0.000294427 0.000289611 0.000211031 0.000177713 0.00011202
threshold=0.024594575177195908 0.22320715544695122 8.0472471313475182 -1.4904163110684301 325.89999389648443 206.15616607666018 0.20670555703493099 35.800719704610117 230.09999847412112 34.390485416828767 364.50000000000006 0.0082220877266542276 0.1537716180010387 5345004.0000000009 32.745082533420188 -0.023483370013994528 457.89999389648443 0.041285262419303866 0.087843515861323232 0.021119871297923986 0.01543246094154649 -2.1305736123838286 4.0437121227540027 0.085876111892119092 225.15212249755862 -0.73360251794599973 46.124669185879533 -0.0076198084242355404
decision_type=2 2 2 2 2 2 2 2 2 2 2 2 2 2 2 2 2 2 2 2 2 2 2 2 2 2 2 2
left_child=5 6 17 21 -5 9 7 8 -2 13 11 12 -7 27 -15 26 -17 18 -3 20 -11 -4 -21 -9 -13 -19 -12 -1
right_child=1 2 3 4 -6 10 -8 23 -10 19 15 24 -14 14 -16 16 -18 25 -20 22 -22 -23 -24 -25 -26 -27 -28 -29
leaf_value=-2.1669002381362409e-05 0 6.1750663100819106e-07 0 0 -0.00027642267815317399 0 -0.00041220498243458122 7.5256605783071952e-05 -0.00025577704779157273 4.9023861044108384e-05 0 6.6018738830388298e-05 -7.8382953028765709e-05 -0.00018858605165462819 0 5.2843846001659781e-05 -4.7585037280825667e-07 0 -0.00011999225248185144 0.00012168815161173456 0 0.00011697842717785154 0 -1.5914216344151795e-05 0 0.00013797039905637419 -0.0001322696049377989 3.3358692371584322e-05
leaf_weight=39 73 559 26 54 103 109 25 44 106 1132 26 63 366 46 20 386 114 38 45 164 215 24 23 60 80 34 20 74
leaf_count=39 73 559 26 54 103 109 25 44 106 1132 26 63 366 46 20 386 114 38 45 164 215 24 23 60 80 34 20 74
internal_value=-1.00673e-06 -5.49886e-05 -2.49128e-05 -0.000124037 -0.000189026 2.02987e-05 -0.000131439 -9.5903e-05 -0.000164782 4.04992e-05 -6.85315e-06 -3.6165e-05 -5.63831e-05 -3.15739e-05 -0.000110129 2.08311e-05 3.46905e-05 1.01692e-06 -3.42063e-06 5.08664e-05 4.07777e-05 2.01211e-05 0.000107443 0 1.00209e-05 7.9805e-05 -6.44875e-05 0
internal_weight=4068 1191 883 207 157 2877 308 283 179 1713 1164 618 475 179 66 546 500 676 604 1534 1347 50 187 104 143 72 46 113
internal_count=4068 1191 883 207 157 2877 308 283 179 1713 1164 618 475 179 66 546 500 676 604 1534 1347 50 187 104 143 72 46 113
is_linear=0
shrinkage=0.03


Tree=23
num_leaves=22
num_cat=0
split_feature=5 21 26 35 24 27 34 21 20 35 23 24 2 36 34 23 21 33 32 33 32
split_gain=0.00519497 0.00375775 0.00344457 0.00253954 0.00246804 0.00172435 0.00262499 0.00159124 0.00147715 0.0012726 0.00127144 0.0010418 0.00101905 0.000764608 0.000655302 0.000413323 0.000389066 0.000296857 0.000177223 0.000542552 0.000104136
threshold=11213305.000000002 239.58999926249189 4.018210148452102 0.027387929572977181 -10.728583505704743 0.0066207865314672791 -0.077820011197215641 330.03999913533534 506.62500000000006 0.052521571933743245 -0.55459980434056877 -4.7149085325968132 221.19999694824222 0.0043572993023255477 0.087843515861323232 -1.7300320777808762 120.53166681925457 -0.031401809155833398 0.011445814816149704 0.0023064882637491295 0.023686730385868774
decision_type=2 2 2 2 2 2 2 2 2 2 2 2 2 2 2 2 2 2 2 2 2
left_child=2 9 15 -3 12 6 -6 11 -7 10 -2 -5 -4 -14 -12 18 -17 -18 19 -1 -20
right_child=1 3 4 7 5 8 -8 -9 -10 -11 14 -13 13 -15 -16 16 17 -19 20 -21 -22
leaf_value=0 -0.00026789667801741857 0 0 0 -0.00044284443732786751 3.8082258507829106e-06 -1.5232000458229965e-05 -1.5644621778660868e-05 -0.00023206160481800843 0.00014363845996524528 2.3219064635579765e-05 -0.00041562356213259481 -0.00028178746370069549 0 -0.00014720400376291759 0 0 6.4514118534586415e-05 -6.7967639404582553e-05 0.00012429441116368911 0
leaf_weight=146 22 26 20 22 20 2178 90 38 24 34 85 72 52 27 25 100 37 957 33 38 22
leaf_count=146 22 26 20 22 20 2178 90 38 24 34 85 72 52 27 25 100 37 957 33 38 22
internal_value=-1.01027e-06 -0.00011687 8.21768e-06 -0.000222241 -1.21982e-05 -4.57228e-06 -0.000120559 -0.000276432 0 0 -5.78304e-05 -0.000349847 -0.000159833 -0.000208808 0 4.73924e-05 5.54678e-05 6.11425e-05 0 2.33429e-05 -3.27745e-05
internal_weight=4068 324 3744 158 2411 2312 110 132 2202 166 132 94 99 79 110 1333 1094 994 239 184 55
internal_count=4068 324 3744 158 2411 2312 110 132 2202 166 132 94 99 79 110 1333 1094 994 239 184 55
is_linear=0
shrinkage=0.03


Tree=24
num_leaves=20
num_cat=0
split_feature=33 26 24 24 5 5 29 26 26 19 33 32 5 5 35 34 25 35 36
split_gain=0.00498452 0.00342952 0.00202069 0.00190628 0.00138737 0.00153617 0.00125571 0.00114981 0.0011512 0.00091447 0.000563986 0.00092586 0.000641262 0.000532451 0.000412407 0.000381121 0.000457019 0.000201625 6.8577e-05
threshold=-0.052991664392439845 4.018210148452102 -10.728583505704743 5.1443041251500281 15841409.000000002 9461846.5000000019 27.223030811388654 13.791462634503327 8.1137080094503737 137.10999908447266 -0.012124033472292793 0.010293714403037392 4103107.0000000005 7693708.5000000009 0.025929515448320624 -0.0051209540975118975 -0.2166048109676115 0.044394891041960011 -0.0015824910357796552
decision_type=2 2 2 2 2 2 2 2 2 2 2 2 2 2 2 2 2 2 2
left_child=4 10 7 9 5 13 -5 8 -3 -4 15 14 -13 -1 -12 16 -2 -7 -17
right_child=1 2 3 6 -6 17 -8 -9 -10 -11 11 12 -14 -15 -16 18 -18 -19 -20
leaf_value=0 7.3272083020096034e-06 0 -0.00012145934759235188 2.0979273342115358e-05 -0.0003987139171338266 0 -8.4673251332044295e-05 0 -0.00028524210901817801 7.8285526437496972e-06 8.0341645030355824e-05 -3.8574117542039335e-05 4.1328165045950629e-05 -0.00029325945953377505 0 0.00010490290498763445 -6.8841045022529813e-05 9.2736844056709632e-05 0
leaf_weight=24 200 28 49 79 31 22 416 22 53 1907 656 124 236 30 25 36 86 21 23
leaf_count=24 200 28 49 79 31 22 416 22 53 1907 656 124 236 30 25 36 86 21 23
internal_value=-1.07538e-06 4.16904e-06 -1.55968e-05 -8.81519e-06 -0.000185801 -8.65207e-05 -6.17513e-05 -0.00014771 -0.000201238 3.05004e-06 4.27547e-05 5.40487e-05 5.47218e-06 -0.000197462 7.53187e-05 0 -5.10674e-06 0 7.535e-05
internal_weight=4068 3940 2554 2451 128 97 495 103 81 1956 1386 1041 360 54 681 345 286 43 59
internal_count=4068 3940 2554 2451 128 97 495 103 81 1956 1386 1041 360 54 681 345 286 43 59
is_linear=0
shrinkage=0.03


Tree=25
num_leaves=19
num_cat=0
split_feature=33 24 5 24 31 32 33 5 5 36 28 20 35 28 31 30 29 29
split_gain=0.00477365 0.00272974 0.00225614 0.00205651 0.00139345 0.00200711 0.00141511 0.00105178 0.00127096 0.000794116 0.000786456 0.000957645 0.00093296 0.000777263 0.000644382 0.0006442 0.000536188 0.000373805
threshold=-0.033463896211940174 5.1443041251500281 15127467.000000002 -10.728583505704743 0.043300396692962047 -0.0029353788506032981 -0.023255826479535831 8223736.5000000009 7693708.5000000009 0.0043572993023255477 -67234916.999999985 119.1059997558594 0.019316609112657108 172503788.50000003 0.01675592884156674 17.078602307551119 8.6525967258960659 14.808863131872453
decision_type=2 2 2 2 2 2 2 2 2 2 2 2 2 2 2 2 2 2
left_child=2 3 7 9 5 6 -3 8 15 -2 12 -12 -5 -4 -7 -1 -9 -18
right_child=1 4 13 10 -6 14 -8 16 -10 -11 11 -13 -14 -15 -16 -17 17 -19
leaf_value=0 -0.0001985191705793402 0 -0.00046412668495218718 2.4614518379004407e-05 -0.00027844032723443364 -1.6090662637594772e-05 -0.0001783250665208888 -0.00010895298317667435 -0.00032303774319910282 0 -0.0001055584630778427 2.244825695629296e-05 0.00018676458009120518 -2.2110117679554574e-05 7.8565305780557007e-05 -8.5446889673663036e-05 0.00012639592883731526 0
leaf_weight=61 49 39 24 181 28 212 114 23 26 31 46 2768 67 24 85 197 34 59
leaf_count=61 49 39 24 181 28 212 114 23 26 31 46 2768 67 24 85 197 34 59
internal_value=-1.06121e-06 9.6233e-06 -9.40737e-05 2.04881e-05 -5.55079e-05 -3.49126e-05 -0.000124018 -6.1075e-05 -9.2656e-05 -0.00012343 2.52318e-05 1.9286e-05 8.05707e-05 -0.000305994 9.19145e-07 -5.76997e-05 0 4.73071e-05
internal_weight=4068 3620 448 3142 478 450 153 400 284 80 3062 2814 248 48 297 258 116 93
internal_count=4068 3620 448 3142 478 450 153 400 284 80 3062 2814 248 48 297 258 116 93
is_linear=0
shrinkage=0.03


Tree=26
num_leaves=23
num_cat=0
split_feature=5 21 26 24 27 20 20 2 20 27 5 33 32 36 23 21 33 22 32 33 5 5
split_gain=0.00463676 0.0034951 0.00297958 0.00209781 0.00158251 0.00216713 0.00135959 0.000955955 0.000830442 0.00119368 0.000722637 0.00104942 0.00251038 0.000666984 0.000385105 0.000327029 0.000262137 0.000207866 0.000160612 0.000527683 9.19919e-05 4.27052e-05
threshold=11213305.000000002 239.58999926249189 4.018210148452102 -10.728583505704743 0.0066207865314672791 286.15500183105473 506.62500000000006 221.19999694824222 221.28499870300297 0.88133758201752943 19863452.000000004 -0.057778747975586402 0.022805620855499979 0.0043572993023255477 -1.6784886944660753 120.53166681925457 -0.031401809155833398 76.984062590168662 0.011445814816149704 0.0023064882637491295 4520847.0000000009 15841409.000000002
decision_type=2 2 2 2 2 2 2 2 2 2 2 2 2 2 2 2 2 2 2 2 2 2
left_child=2 8 14 7 5 -5 -6 -4 9 -2 11 -3 -13 -9 18 -16 -17 -11 19 -1 -20 -10
right_child=1 10 3 4 6 -7 -8 13 21 17 -12 12 -14 -15 15 16 -18 -19 20 -21 -22 -23
leaf_value=0 -0.00016876059373970351 0 0 -0.00023265596688023979 3.8296288072038916e-06 0 -0.00022236849181474808 -0.00026351491471865869 0 6.1145826786531597e-05 -0.00041270017025728749 -0.00034682580564897 0 0 0 0 6.0346667568796752e-05 -2.862009714697779e-05 -6.376149972250051e-05 0.00011855561943188253 0 0.00013408522356371104
leaf_weight=150 50 23 20 63 2178 47 24 52 21 44 31 47 57 27 98 36 951 27 34 40 24 24
leaf_count=150 50 23 20 63 2178 47 24 52 21 44 31 47 57 27 98 36 951 27 34 40 24 24
internal_value=-1.09479e-06 -0.000110576 7.58098e-06 -1.13391e-05 -4.20332e-06 -0.000115356 0 -0.000147539 0 -5.39552e-05 -0.000212041 -0.000139171 -0.000180889 -0.000195316 4.40504e-05 5.19936e-05 5.7183e-05 0 0 2.16019e-05 -3.10021e-05 9.35688e-05
internal_weight=4068 324 3744 2411 2312 110 2202 99 166 121 158 127 104 79 1333 1085 987 71 248 190 58 45
internal_count=4068 324 3744 2411 2312 110 2202 99 166 121 158 127 104 79 1333 1085 987 71 248 190 58 45
is_linear=0
shrinkage=0.03


Tree=27
num_leaves=24
num_cat=0
split_feature=5 21 26 24 27 34 23 2 34 25 26 36 36 36 23 25 21 33 32 33 25 31 5
split_gain=0.00438385 0.00332476 0.00280445 0.00198062 0.00147495 0.00240735 0.00102437 0.000912789 0.000823845 0.00147528 0.00146341 0.000745486 0.00119152 0.000605914 0.000362612 0.000323142 0.000307476 0.000250159 0.000149501 0.00050084 0.000126324 9.32788e-05 8.73142e-05
threshold=11213305.000000002 239.58999926249189 4.018210148452102 -10.728583505704743 0.0066207865314672791 -0.077820011197215641 -3.7195959305665691 221.19999694824222 -0.091977256895321588 -2.0042405138749229 13.068035088713094 0.0014290616038427934 -0.011406040878890725 0.0043572993023255477 -1.6784886944660753 1.2006604854808964 120.53166681925457 -0.031401809155833398 0.011445814816149704 -0.012124033472292793 2.0074655696293084 0.026549682519266597 4520847.0000000009
decision_type=2 2 2 2 2 2 2 2 2 2 2 2 2 2 2 2 2 2 2 2 2 2 2
left_child=2 11 14 7 5 -5 -6 -4 -3 -10 -11 12 -2 -9 18 21 -16 -18 19 -1 -17 -13 -20
right_child=1 8 3 4 6 -7 -8 13 9 10 -12 15 -14 -15 16 20 17 -19 22 -21 -22 -23 -24
leaf_value=-2.4582249934962109e-06 0 0 0 -0.00041872315703015496 3.8982633624849428e-05 -9.3748942065361729e-06 -9.7544816688212818e-06 -0.0002556246445323662 -0.00051523623166631804 -3.2588969303025913e-05 -0.0003673042619853202 0.00014354128037923289 -0.0002593903906278807 0 0 -6.1497650134146914e-05 0 5.8536457560265674e-05 -6.1854261199891138e-05 7.4079440870436424e-05 2.1557788300826458e-05 0 0
leaf_weight=93 37 33 20 20 500 90 1702 52 25 75 25 24 24 27 98 27 36 951 34 97 24 30 24
leaf_count=93 37 33 20 20 500 90 1702 52 25 75 25 24 24 27 98 27 36 951 34 97 24 30 24
internal_value=-1.11109e-06 -0.000107577 7.30368e-06 -1.10236e-05 -4.05212e-06 -0.000111363 0 -0.000143391 -0.00020652 -0.000244598 -0.000146521 0 -9.48043e-05 -0.000190119 4.2701e-05 3.40398e-05 5.0407e-05 5.54388e-05 0 2.08535e-05 0 8.73313e-05 -2.98828e-05
internal_weight=4068 324 3744 2411 2312 110 2202 99 158 125 100 166 61 79 1333 105 1085 987 248 190 51 54 58
internal_count=4068 324 3744 2411 2312 110 2202 99 158 125 100 166 61 79 1333 105 1085 987 248 190 51 54 58
is_linear=0
shrinkage=0.03


Tree=28
num_leaves=19
num_cat=0
split_feature=33 26 5 2 30 5 21 30 32 35 25 33 32 5 35 34 25 31
split_gain=0.00421368 0.00277085 0.00138263 0.00208307 0.00123548 0.00221876 0.00114777 0.00114409 0.00109299 0.0038 0.000654575 0.000491798 0.000847218 0.000578349 0.000376161 0.000336983 0.00045183 7.09772e-05
threshold=-0.052991664392439845 4.018210148452102 11213305.000000002 350.89999389648443 15.751722019961667 15127467.000000002 285.86333312988285 54.897495550771666 0.00091964734736182951 0.042174958018533597 0.52642234067860605 -0.012124033472292793 0.010293714403037392 4103107.0000000005 0.025929515448320624 -0.0051209540975118975 -0.2166048109676115 -0.00098966403699868289
decision_type=2 2 2 2 2 2 2 2 2 2 2 2 2 2 2 2 2 2
left_child=4 11 8 7 -1 6 -6 -4 9 -3 -10 15 14 -14 -13 16 -2 -17
right_child=1 2 3 -5 5 -7 -8 -9 10 -11 -12 12 13 -15 -16 17 -18 -19
leaf_value=0 5.6202289669363782e-06 -1.4818353235147234e-05 -0.00014126432271679984 -0.00030800738331921129 -0.00020009497356097289 -0.00051228260235470634 0 5.9057191549738565e-06 3.72608408674144e-05 -0.00034280223554803216 -5.5491143319600072e-06 7.3824488782662988e-05 -3.9837369767948138e-05 3.712682857185844e-05 0 9.5343941310837448e-05 -6.9179199194354705e-05 0
leaf_weight=33 200 1229 57 36 39 24 32 113 569 34 516 656 124 236 25 39 86 20
leaf_count=33 200 1229 57 36 39 24 32 113 569 34 516 656 124 236 25 39 86 20
internal_value=-1.20305e-06 3.55789e-06 -1.41259e-05 -8.98463e-05 -0.000171058 -0.000226068 -8.6541e-05 -2.58569e-05 -6.20142e-06 -2.60492e-05 1.41381e-05 3.8307e-05 4.87734e-05 2.28222e-06 6.89417e-05 0 -6.40238e-06 7.02374e-05
internal_weight=4068 3940 2554 206 128 95 71 170 2348 1263 1085 1386 1041 360 681 345 286 59
internal_count=4068 3940 2554 206 128 95 71 170 2348 1263 1085 1386 1041 360 681 345 286 59
is_linear=0
shrinkage=0.03


Tree=29
num_leaves=29
num_cat=0
split_feature=35 20 35 20 26 0 20 31 23 35 24 2 21 36 34 23 27 34 32 32 0 31 23 0 26 32 34 34
split_gain=0.00396153 0.00207036 0.00336926 0.0034044 0.00212978 0.0013657 0.00107576 0.000997691 0.000868291 0.000830846 0.00103907 0.000798166 0.000729764 0.00072178 0.000903304 0.000694994 0.000665025 0.000498421 0.000464027 0.000395474 0.000900362 0.000513879 0.000387954 0.000325171 0.00018321 0.000167679 0.000167407 0.000122281
threshold=0.024594575177195908 248.8800003051758 0.04365624384773991 287.66500015258799 16.565307623116109 206.15616607666018 366.12499847412113 0.0061528073523114965 -1.0932550941402253 0.033513300427397204 0.81690955451027991 256.59999084472662 438.39500071207686 0.0009950566300422918 -0.05405407162324815 0.31819316394967251 0.15044309549932622 0.030441047888845611 0.0069656237459612145 -0.029935113246465857 144.43303680419925 0.00081333293100671622 4.0437121227540027 226.37223815917972 5.7603135843989532 -0.0039890515220348246 -1.0000000180025095e-35 -0.049750815343431003
decision_type=2 2 2 2 2 2 2 2 2 2 2 2 2 2 2 2 2 2 2 2 2 2 2 2 2 2 2 2
left_child=5 11 9 -4 -5 8 7 16 13 10 -3 19 18 14 -1 -9 -7 -15 -8 20 -2 -21 24 -13 -10 -14 -24 -11
right_child=1 2 3 4 -6 6 12 15 22 27 -12 23 25 17 -16 -17 -18 -19 -20 21 -22 -23 26 -25 -26 -27 -28 -29
leaf_value=-0.00022357224410316388 -0.00016049759303471653 -3.4639217938483731e-06 -0.00048317066469417931 0 -0.00033395490832458251 0 7.7798218548832788e-05 -2.9915181359961744e-05 5.6967454872534765e-05 5.5910476401814399e-05 -0.0001259159969229159 0 -5.0069258381510223e-05 6.6617447904613792e-05 -1.786541487870785e-06 7.5145363689682103e-05 -7.9142794200917063e-05 -1.2809865668775929e-05 0 3.5175409291123449e-05 0 -3.1478659105837473e-05 -6.285662103496561e-05 0.00021306407380737919 0 0 1.871033583712325e-05 -1.5163609117290832e-06
leaf_weight=20 49 186 39 64 22 103 215 81 1024 35 170 20 77 203 317 103 352 25 136 179 20 243 32 20 24 97 68 144
leaf_count=20 49 186 39 64 22 103 215 81 1024 35 170 20 77 203 317 103 352 25 136 179 20 243 32 20 24 97 68 144
internal_value=-1.21074e-06 -4.78973e-05 -8.3441e-05 -0.000229899 -7.97729e-05 1.70745e-05 -5.85599e-06 -3.3987e-05 3.44066e-05 -4.35788e-05 -7.03818e-05 0 2.26702e-05 0 -2.39108e-05 1.26093e-05 -5.94209e-05 4.47544e-05 5.01857e-05 -1.4165e-05 -8.10982e-05 0 4.94676e-05 0.000124325 5.48968e-05 -1.56008e-05 0 0
internal_weight=4068 1191 660 125 86 2877 1164 639 1713 535 356 531 525 565 337 184 455 228 351 491 69 422 1148 40 1048 174 100 179
internal_count=4068 1191 660 125 86 2877 1164 639 1713 535 356 531 525 565 337 184 455 228 351 491 69 422 1148 40 1048 174 100 179
is_linear=0
shrinkage=0.03


Tree=30
num_leaves=19
num_cat=0
split_feature=33 26 24 24 0 30 21 22 26 26 19 33 32 36 35 34 29 36
split_gain=0.00382291 0.00247497 0.00154864 0.00148319 0.0013912 0.00115794 0.0020369 0.00129253 0.00106688 0.0010481 0.000837584 0.00044809 0.000785332 0.000465811 0.00035152 0.000310317 0.00039481 6.6855e-05
threshold=-0.052991664392439845 4.018210148452102 -10.728583505704743 5.1443041251500281 310.37072753906256 15.751722019961667 302.13500137329106 31.186372076439401 13.791462634503327 8.1137080094503737 137.10999908447266 -0.012124033472292793 0.010293714403037392 -0.0018198975651166334 0.025929515448320624 -0.0051209540975118975 12.32169131281818 -0.0015824910357796552
decision_type=2 2 2 2 2 2 2 2 2 2 2 2 2 2 2 2 2 2
left_child=5 11 8 10 -5 -1 7 -7 9 -3 -4 15 14 -14 -13 16 -2 -17
right_child=1 2 3 4 -6 6 -8 -9 -10 -11 -12 12 13 -15 -16 17 -18 -19
leaf_value=0 3.1787061108127861e-05 0 -0.00011597882939195315 0 -0.00010561951562273085 -0.00054527939947400376 0 -8.9026102303670565e-05 0 -0.00026130197367152082 7.6235987736934183e-06 7.0224929410558183e-05 -5.5535028462626918e-05 2.6010855290470934e-05 0 9.5176391304829181e-05 -3.7406896456040606e-05 0
leaf_weight=33 84 28 49 253 242 24 36 35 22 53 1907 656 73 287 25 36 202 23
leaf_count=33 84 28 49 253 242 24 36 35 22 53 1907 656 73 287 25 36 202 23
internal_value=-1.24491e-06 3.25402e-06 -1.34144e-05 -7.31787e-06 -5.40926e-05 -0.000163041 -0.000216252 -0.000325991 -0.000129242 -0.000181863 2.98778e-06 3.61322e-05 4.61034e-05 1.13331e-06 6.54678e-05 0 -6.59434e-06 6.71947e-05
internal_weight=4068 3940 2554 2451 495 128 95 59 103 81 1956 1386 1041 360 681 345 286 59
internal_count=4068 3940 2554 2451 495 128 95 59 103 81 1956 1386 1041 360 681 345 286 59
is_linear=0
shrinkage=0.03


Tree=31
num_leaves=27
num_cat=0
split_feature=33 26 35 29 33 35 22 26 30 2 21 26 0 31 32 30 32 33 30 27 35 26 26 32 33 33
split_gain=0.00367673 0.00237286 0.001504 0.00114095 0.00124027 0.000952421 0.000902389 0.0018966 0.00149409 0.00199798 0.00381364 0.000628905 0.00054092 0.00109444 0.000663877 0.00048329 0.000410719 0.000785613 0.000371202 0.000327566 0.000293007 0.000286002 0.000259108 0.000685707 0.000303286 5.70308e-05
threshold=-0.033463896211940174 8.4303350444777134 0.014445365475794432 24.768449656365402 0.014683102500100966 0.028421511628280004 36.454074999469505 12.330153620229643 17.078602307551119 278.40000915527349 261.9483334859213 4.018210148452102 159.29298400878909 0.024592826471283694 -0.0065640732130123327 11.593824146808512 0.010293714403037392 0.0029873530981945344 33.703350543801569 0.57299976227614235 0.028743142364603343 8.8654078775398979 8.0653672059692294 -0.028685841561895294 -0.047258199904363633 0.018577425229907133
decision_type=2 2 2 2 2 2 2 2 2 2 2 2 2 2 2 2 2 2 2 2 2 2 2 2 2 2
left_child=6 11 21 5 -5 -4 8 22 15 10 -10 16 13 -13 -14 -1 17 -2 -9 -18 -17 -3 24 -24 -8 -23
right_child=1 2 3 4 -6 -7 7 18 9 -11 -12 12 14 -15 -16 20 19 -19 -20 -21 -22 25 23 -25 -26 -27
leaf_value=-0.00011246709845578058 2.4457392487139194e-05 0 0 -0.00010826399631403017 -1.179312010031292e-05 0.00018616812742561442 1.5229485824893604e-05 0 -4.1363316370244493e-05 0 -0.00056326750170865975 0 -1.0415824895172559e-05 -0.00017313096733552463 3.3605555341292715e-05 0 -3.3006580345402182e-05 9.4428344648870137e-05 -0.00032581657408493881 2.6506717072412245e-05 0.0001005213572603554 0.00010766725916800155 0.00013749417936230311 0 -5.4405852508199618e-05 0
leaf_weight=35 683 25 78 344 306 26 27 20 45 30 32 240 375 40 775 31 105 286 21 257 26 59 43 36 102 21
leaf_count=35 683 25 78 344 306 26 27 20 45 30 32 240 375 40 775 31 105 286 21 257 26 59 43 36 102 21
internal_value=-1.25422e-06 8.0277e-06 -3.41666e-05 -5.12425e-05 -6.7472e-05 2.13407e-05 -8.29354e-05 -2.82555e-05 -0.000136238 -0.000216738 -0.000297618 2.22424e-05 5.83522e-06 -2.7832e-05 1.66426e-05 -9.90491e-06 3.76145e-05 4.82126e-05 -0.000215338 9.55221e-07 6.19134e-07 5.98422e-05 0 4.99879e-05 -1.65927e-05 8.8951e-05
internal_weight=4068 3620 859 754 650 104 448 249 199 107 77 2761 1430 280 1150 92 1331 969 41 362 57 105 208 79 129 80
internal_count=4068 3620 859 754 650 104 448 249 199 107 77 2761 1430 280 1150 92 1331 969 41 362 57 105 208 79 129 80
is_linear=0
shrinkage=0.03


Tree=32
num_leaves=20
num_cat=0
split_feature=5 21 24 35 34 26 27 34 20 35 23 32 2 34 1 21 34 26 31
split_gain=0.0036394 0.00290059 0.00221738 0.00215191 0.00164773 0.00158396 0.00126936 0.00210656 0.00118433 0.00115223 0.00103186 0.000956297 0.000831719 0.000612314 0.000455533 0.000317917 0.000397263 0.000185572 1.93141e-05
threshold=11213305.000000002 239.58999926249189 -10.728583505704743 0.027387929572977181 -0.091977256895321588 4.018210148452102 0.0066207865314672791 -0.077820011197215641 506.62500000000006 0.052521571933743245 -0.55459980434056877 -0.0028279462347302049 221.19999694824222 0.087843515861323232 363.50000000000006 120.53166681925457 -0.0038228985447049664 8.3799130913599633 -0.0038941975383111056
decision_type=2 2 2 2 2 2 2 2 2 2 2 2 2 2 2 2 2 2 2
left_child=2 9 12 -3 -5 15 7 -7 -8 10 -2 -6 -1 -12 17 18 -17 -14 -4
right_child=1 3 5 4 11 6 8 -9 -10 -11 13 -13 14 -15 -16 16 -18 -19 -20
leaf_value=0 -0.00023893259101172241 0 0 0 -0.00048121647274176871 -0.0003898656268173189 4.3344528864792455e-06 -5.2504992403491044e-06 -0.00020632676068931059 0.00014368602683046653 2.5555163093484974e-05 -0.00014952287754601862 0 -0.00014050376271867039 0 1.478171835860951e-05 5.9386912174735238e-05 -0.00028620640863193764 -1.5635938039304932e-05
leaf_weight=20 22 26 43 31 37 20 2178 90 24 34 85 64 20 25 22 550 669 37 71
leaf_count=20 22 26 43 31 37 20 2178 90 24 34 85 64 20 25 22 550 669 37 71
internal_value=-1.29356e-06 -9.83267e-05 6.30468e-06 -0.000190608 -0.000241129 1.08739e-05 -2.95877e-06 -0.000102719 6.66817e-07 0 -5.02067e-05 -0.000301064 -0.000131493 0 -0.000176424 3.71144e-05 4.17252e-05 -0.000224271 0
internal_weight=4068 324 3744 158 132 3645 2312 110 2202 166 132 101 99 110 79 1333 1219 57 114
internal_count=4068 324 3744 158 132 3645 2312 110 2202 166 132 101 99 110 79 1333 1219 57 114
is_linear=0
shrinkage=0.03


Tree=33
num_leaves=20
num_cat=0
split_feature=5 21 24 35 20 26 36 27 34 20 35 23 2 36 26 34 28 28 30
split_gain=0.00343773 0.00274553 0.00210837 0.00206064 0.00161678 0.00149983 0.00140138 0.0012139 0.00196277 0.00111474 0.00108438 0.000971133 0.000800285 0.000607612 0.000583093 0.000576258 0.000360036 0.000725177 0.000428894
threshold=11213305.000000002 239.58999926249189 -10.728583505704743 0.027387929572977181 361.21499938964848 4.018210148452102 0.016735754678415701 0.0066207865314672791 -0.077820011197215641 506.62500000000006 0.052521571933743245 -0.55459980434056877 221.19999694824222 0.0043572993023255477 10.996984237697108 0.087843515861323232 36577134.500000007 -67234916.999999985 87.643787449105659
decision_type=2 2 2 2 2 2 2 2 2 2 2 2 2 2 2 2 2 2 2
left_child=2 10 12 -3 6 16 -5 8 -7 -9 11 -2 -1 14 -14 -13 17 -4 -18
right_child=1 3 5 4 -6 7 -8 9 -10 -11 -12 15 13 -15 -16 -17 18 -19 -20
leaf_value=0 -0.00023179704894952272 0 6.2529373040045709e-05 -0.00039136365393213158 0 -0.00037822785067941934 -3.1586905322475432e-05 4.2044251727318663e-06 -5.0931599888626005e-06 -0.00020016264761662828 0.00013938809060518931 2.4789408950691744e-05 -0.00034901149398027886 0 0 -0.00013630544132523938 7.0298812731233858e-05 0 0
leaf_weight=20 22 26 252 65 32 20 35 2178 90 24 34 85 28 27 24 25 427 628 26
leaf_count=20 22 26 252 65 32 20 35 2178 90 24 34 85 28 27 24 25 427 628 26
internal_value=-1.31784e-06 -9.56344e-05 6.04524e-06 -0.000185413 -0.000234912 1.05202e-05 -0.000295569 -2.90971e-06 -0.000100466 6.05667e-07 0 -4.87086e-05 -0.000128287 -0.000172408 -0.000235849 0 3.60624e-05 1.94526e-05 6.16962e-05
internal_weight=4068 324 3744 158 132 3645 100 2312 110 2202 166 132 99 79 52 110 1333 880 453
internal_count=4068 324 3744 158 132 3645 100 2312 110 2202 166 132 99 79 52 110 1333 880 453
is_linear=0
shrinkage=0.03


Tree=34
num_leaves=23
num_cat=0
split_feature=5 21 35 26 34 22 34 35 20 25 36 36 33 36 26 32 33 21 5 21 36 31
split_gain=0.00324724 0.00259925 0.00197392 0.00190237 0.00158271 0.00141321 0.00376666 0.00102053 0.00100945 0.000991462 0.00092355 0.000847145 0.000638687 0.000586068 0.000501802 0.000321785 0.000699589 0.000589348 0.000584389 0.000498502 0.000355483 0.000277442
threshold=11213305.000000002 239.58999926249189 0.027387929572977181 4.018210148452102 -0.091977256895321588 33.832196539556847 -0.077820011197215641 0.052521571933743245 506.62500000000006 -2.0042405138749229 -1.0000000180025095e-35 0.01520133802566874 0.05185243634252746 -0.012631954029879938 8.3799130913599633 0.010293714403037392 0.0029873530981945344 174.78666763305668 4103107.0000000005 120.53166681925457 -0.0018198975651166334 0.0054235515401823706
decision_type=2 2 2 2 2 2 2 2 2 2 2 2 2 2 2 2 2 2 2 2 2 2
left_child=3 7 -3 15 -4 6 -5 10 9 -7 13 -6 -12 -2 -8 16 17 -1 21 -18 -20 -17
right_child=1 2 4 5 11 8 14 -9 -10 -11 12 -13 -14 -15 -16 18 19 -19 20 -21 -22 -23
leaf_value=0 0 0 0 -0.00039374554045993416 -0.00039281569092433356 5.8200963810212438e-05 0 0.00013521870408723363 -0.00019418267792098499 -5.5388760223667128e-06 8.0201199351125709e-05 -8.1998460631513466e-05 -8.4826545536112124e-05 -0.00028682876468867185 -0.0001168458693899592 -8.4287070237915908e-05 0 6.1703201494794715e-05 0 0.00010061236672325458 6.3735484800937282e-05 0
leaf_weight=499 27 26 31 31 57 246 154 34 24 1920 50 44 35 20 36 66 24 234 37 261 154 58
leaf_count=499 27 26 31 31 57 246 154 34 24 1920 50 44 35 20 36 66 24 234 37 261 154 58
internal_value=-1.34828e-06 -9.30236e-05 -0.000180376 5.78617e-06 -0.000228884 -9.14002e-06 -8.16181e-05 0 -4.52829e-07 3.1765e-07 -4.72551e-05 -0.000287299 0 -0.00015463 -1.47306e-05 3.50323e-05 4.34906e-05 2.21868e-05 0 8.77327e-05 4.00191e-05 -4.20944e-05
internal_weight=4068 324 158 3744 132 2411 221 166 2190 2166 132 101 85 47 190 1333 1018 733 315 285 191 124
internal_count=4068 324 158 3744 132 2411 221 166 2190 2166 132 101 85 47 190 1333 1018 733 315 285 191 124
is_linear=0
shrinkage=0.03


Tree=35
num_leaves=28
num_cat=0
split_feature=35 20 35 20 26 19 0 22 20 31 35 29 21 23 35 36 28 29 0 32 26 23 35 23 30 24 22
split_gain=0.00305831 0.00168828 0.00282366 0.00307697 0.0019779 0.00146571 0.00104071 0.00103888 0.00102092 0.000911879 0.000801691 0.000751765 0.000667141 0.00065179 0.00063472 0.000608984 0.00054408 0.000481348 0.000447153 0.000428795 0.000323161 0.000743032 0.000520681 0.000277245 0.000247022 0.000153479 5.58086e-06
threshold=0.024594575177195908 248.8800003051758 0.04365624384773991 287.66500015258799 16.565307623116109 252.6600006103516 206.15616607666018 34.390485416828767 366.12499847412113 0.0061528073523114965 0.038221958574974353 28.074454747066635 438.39500071207686 0.31819316394967251 0.021119871297923986 0.0009950566300422918 47704036.000000007 13.284234433958884 168.9765548706055 0.0069656237459612145 4.2663977598948621 1.3399869887442153 0.052521571933743245 4.0437121227540027 73.801020258109233 -0.54543770726986951 30.785184117427196
decision_type=2 2 2 2 2 2 2 2 2 2 2 2 2 2 2 2 2 2 2 2 2 2 2 2 2 2 2
left_child=6 5 10 -4 -5 20 7 15 9 17 11 -3 19 -11 16 18 -9 -8 -1 -10 21 -2 -22 -16 -12 -14 -17
right_child=1 2 3 4 -6 -7 8 14 12 13 24 -13 25 -15 23 26 -18 -19 -20 -21 22 -23 -24 -25 -26 -27 -28
leaf_value=-0.00010103269846366876 6.4427775963831382e-05 0 -0.00044837053976548103 0 -0.00031139905660358414 0.00020799884355537511 0 6.0124053472591754e-06 7.5454878133669363e-05 -2.9419873760793239e-05 7.5860040223461899e-05 -7.9130551303923421e-05 0 7.2356951635834069e-05 0.00011158501015530549 3.3828153601861328e-05 5.0229464687356556e-05 -6.827798199402544e-05 0 0 -5.7671509191215678e-05 -4.2751875719767905e-05 2.5934958213574096e-05 0 0 -5.7375487821661211e-05 0
leaf_weight=106 118 132 39 64 22 28 45 738 215 81 52 331 123 103 164 27 609 410 25 136 252 98 35 23 20 51 21
leaf_count=106 118 132 39 64 22 28 45 738 215 81 52 331 123 103 164 27 609 410 25 136 252 98 35 23 20 51 21
internal_value=-1.35908e-06 -4.24466e-05 -7.45178e-05 -0.000208802 -6.49228e-05 0 1.46082e-05 2.97847e-05 -5.14984e-06 -3.26501e-05 -3.75034e-05 -5.49168e-05 2.26086e-05 1.12659e-05 3.86885e-05 -2.97479e-05 2.82329e-05 -5.70001e-05 -7.20512e-05 4.88764e-05 -1.43385e-05 1.92023e-06 -3.70208e-05 9.79131e-05 3.27861e-05 -1.31461e-05 2.32446e-05
internal_weight=4068 1191 660 125 86 531 2877 1713 1164 639 535 463 525 184 1534 179 1347 455 131 351 503 216 287 187 72 174 48
internal_count=4068 1191 660 125 86 531 2877 1713 1164 639 535 463 525 184 1534 179 1347 455 131 351 503 216 287 187 72 174 48
is_linear=0
shrinkage=0.03


Tree=36
num_leaves=23
num_cat=0
split_feature=33 26 5 5 5 28 5 35 33 26 28 35 19 33 29 31 30 27 33 4 0 35
split_gain=0.00302167 0.00191131 0.00171092 0.00162968 0.0011966 0.00104004 0.000953603 0.000823984 0.000949476 0.000798223 0.000638985 0.00131029 0.00115407 0.000660445 0.000624436 0.000608988 0.000557548 0.000494197 0.000481598 0.000315679 0.000276059 0.000121061
threshold=-0.033463896211940174 8.4303350444777134 11213305.000000002 15127467.000000002 8223736.5000000009 172503788.50000003 7693708.5000000009 0.014445365475794432 0.014683102500100966 10.306749884209372 -64441585.999999993 0.019316609112657108 118.97000122070314 -0.0062695904463083143 8.6525967258960659 0.013614289382277158 17.078602307551119 0.30493904374393599 0.047434687138124938 334.69999694824224 387.66406250000006 0.011995408366577335
decision_type=2 2 2 2 2 2 2 2 2 2 2 2 2 2 2 2 2 2 2 2 2 2
left_child=3 10 7 4 6 -5 16 20 -9 -4 11 21 15 -13 -6 -12 -1 -16 -14 -11 -3 -2
right_child=1 2 9 5 14 -7 -8 8 -10 19 12 13 18 -15 17 -17 -18 -19 -20 -21 -22 -23
leaf_value=0 4.0464247253785606e-05 0 0 -0.00041231262995629602 -7.5325927927306921e-05 0 -0.0002852475157960307 -5.6325558762856338e-05 9.7289380705143086e-06 -1.1764446830498831e-05 0 0 2.1583961340435947e-05 0.00023619667553253428 0.00011690936582509053 -0.00025521827625360949 -7.5851052448782882e-05 0 -2.6600781700111128e-05 -0.00029920941012820157 9.1003127012711176e-05 0
leaf_weight=61 75 33 20 24 23 24 26 421 245 32 21 20 2308 53 66 20 197 27 149 36 72 115
leaf_count=61 75 33 20 24 23 24 26 421 245 32 21 20 2308 53 66 20 197 27 149 36 72 115
internal_value=-1.2332e-06 7.10975e-06 -3.06243e-05 -7.53287e-05 -4.60489e-05 -0.000256354 -8.17275e-05 -1.20358e-05 -2.75246e-05 -0.000159234 1.99367e-05 6.76121e-05 1.37139e-05 0.000179983 1.54575e-05 -0.000136086 -4.94917e-05 7.01895e-05 1.744e-05 -0.00020821 5.7596e-05 8.58493e-06
internal_weight=4068 3620 859 448 400 48 284 771 666 88 2761 263 2498 73 116 41 258 93 2457 68 105 190
internal_count=4068 3620 859 448 400 48 284 771 666 88 2761 263 2498 73 116 41 258 93 2457 68 105 190
is_linear=0
shrinkage=0.03


Tree=37
num_leaves=19
num_cat=0
split_feature=33 26 24 24 0 30 5 26 21 26 19 33 31 35 26 24 22 20
split_gain=0.00289272 0.00172172 0.00116768 0.00121467 0.00118681 0.00108101 0.00187631 0.000922459 0.000912541 0.000883579 0.000764779 0.000344601 0.000404707 0.00045831 0.000209049 0.000118489 0.00022345 0.000131815
threshold=-0.052991664392439845 4.018210148452102 -10.728583505704743 5.1443041251500281 310.37072753906256 15.751722019961667 15127467.000000002 13.791462634503327 285.86333312988285 8.1137080094503737 137.10999908447266 -0.012124033472292793 0.023505611757706938 0.020363532682990324 2.7602941632298434 -0.92959960355378579 49.757443350521704 123.10750045776369
decision_type=2 2 2 2 2 2 2 2 2 2 2 2 2 2 2 2 2 2
left_child=5 11 7 10 -5 -1 8 9 -7 -3 -4 15 13 -13 -14 17 -17 -2
right_child=1 2 3 4 -6 6 -8 -9 -10 -11 -12 12 14 -15 -16 16 -18 -19
leaf_value=0 0 0 -0.00010973584092062823 0 -9.5738121712576145e-05 -0.00016772802368037476 -0.00045398994499655184 0 0 -0.00023435321816053808 7.9477633745713092e-06 2.9629786887081262e-05 0 9.9790626226467226e-05 -6.7658796651547188e-05 4.2250911483316297e-05 0 -4.1283304165211929e-05
leaf_weight=33 27 28 49 253 242 39 24 22 32 53 1907 805 31 164 41 147 75 96
leaf_count=33 27 28 49 253 242 39 24 22 32 53 1907 805 31 164 41 147 75 96
internal_value=-1.26347e-06 2.55191e-06 -1.12126e-05 -5.7532e-06 -4.82141e-05 -0.000142035 -0.000193403 -0.000111896 -6.26087e-05 -0.000161723 3.46053e-06 3.00793e-05 3.87619e-05 4.4609e-05 0 0 1.66389e-05 -1.91515e-05
internal_weight=4068 3940 2554 2451 495 128 95 103 71 81 1956 1386 1041 969 72 345 222 123
internal_count=4068 3940 2554 2451 495 128 95 103 71 81 1956 1386 1041 969 72 345 222 123
is_linear=0
shrinkage=0.03


Tree=38
num_leaves=22
num_cat=0
split_feature=5 21 24 26 27 20 34 25 24 22 2 20 27 1 28 28 29 25 25 28 26
split_gain=0.0027825 0.00225306 0.00178046 0.00116344 0.0012229 0.00182149 0.000985112 0.00125565 0.00161182 0.000959245 0.000749945 0.000696825 0.000908857 0.000393179 0.000291951 0.000655561 0.000511902 0.000262789 0.000225586 0.000197448 0.000167825
threshold=11213305.000000002 239.58999926249189 -10.728583505704743 3.9831946641627831 0.0066207865314672791 286.15500183105473 -0.091977256895321588 -2.0042405138749229 12.446027562960383 66.218140364579639 221.19999694824222 221.28499870300297 0.88133758201752943 363.50000000000006 36577134.500000007 -67234916.999999985 79.700132405171999 1.424310994952082 -0.80121383345880026 250140616.50000003 8.3799130913599633
decision_type=2 2 2 2 2 2 2 2 2 2 2 2 2 2 2 2 2 2 2 2 2
left_child=2 11 10 14 5 -5 -3 -8 -9 -6 -1 12 18 20 15 -4 -16 -14 -2 -13 -12
right_child=1 6 3 4 9 -7 7 8 -10 -11 13 19 17 -15 16 -17 -18 -19 -20 -21 -22
leaf_value=0 0 0 5.7588589164167368e-05 -0.0002069488432766527 8.6969550628805735e-06 0 -0.00045267024419763945 -5.9403212091447002e-06 -0.00034528213900014265 -6.2458992560975499e-05 0 0.00015117050081885639 7.7676215734801435e-05 0 7.1136041235136621e-05 0 0 -2.6173906342269602e-05 -0.000221030147292587 0 -0.00026267537766204007
leaf_weight=20 24 33 252 64 2033 47 25 77 23 183 20 24 35 22 364 623 79 36 26 21 37
leaf_count=20 24 33 252 64 2033 47 25 77 23 183 20 24 35 22 364 623 79 36 26 21 37
internal_value=-1.23725e-06 -8.61403e-05 5.31098e-06 9.48647e-06 -2.07943e-06 -9.97712e-05 -0.000167442 -0.000206203 -0.000114226 1.46453e-06 -0.000118005 0 -4.58068e-05 -0.00016118 3.21813e-05 1.67688e-05 5.58425e-05 0 -0.000146283 9.09475e-05 -0.000205391
internal_weight=4068 324 3744 3645 2327 111 158 125 100 2216 99 166 121 79 1318 875 443 71 50 45 57
internal_count=4068 324 3744 3645 2327 111 158 125 100 2216 99 166 121 79 1318 875 443 71 50 45 57
is_linear=0
shrinkage=0.03


Tree=39
num_leaves=15
num_cat=0
split_feature=31 23 29 22 25 31 24 19 34 26 19 23 1 0
split_gain=0.00223276 0.00184194 0.00163088 0.00296463 0.00145103 0.00188613 0.00134517 0.00116569 0.000975554 0.000884993 0.000958475 0.000386041 0.000326846 0.000251385
threshold=-0.032466775186414935 14.321926752882861 12.044704152638948 35.800719704610117 -1.1363890920536435 -0.0080730357428180893 -9.9628063968247869 352.90000305175789 0.046511658374632232 3.9831946641627831 137.10999908447266 1.724148328258764 212.09999847412112 286.09794616699224
decision_type=2 2 2 2 2 2 2 2 2 2 2 2 2 2
left_child=2 6 -1 -4 -3 -6 8 -7 12 11 -11 -8 -2 -5
right_child=1 4 3 13 5 7 9 -9 -10 10 -12 -13 -14 -15
leaf_value=0 0 0 -0.00040144442322601629 0 0 -4.154286676172891e-06 3.8103501107151939e-05 -0.00040483907855845048 0 -0.00013356483896967728 1.4040655242860442e-06 0 -0.00016946461638545781 -9.3104586215293683e-05
leaf_weight=21 25 22 38 27 21 29 1035 34 22 48 2312 333 75 26
leaf_count=21 25 22 38 27 21 29 1035 34 22 48 2312 333 75 26
internal_value=-1.26405e-06 1.73062e-06 -0.000133709 -0.000195221 -0.000120349 -0.000183851 5.87402e-06 -0.000268239 -8.97983e-05 9.81195e-06 -7.54751e-08 2.90608e-05 -0.000136408 0
internal_weight=4068 3956 112 91 106 84 3850 63 122 3728 2360 1368 100 53
internal_count=4068 3956 112 91 106 84 3850 63 122 3728 2360 1368 100 53
is_linear=0
shrinkage=0.03


Tree=40
num_leaves=20
num_cat=0
split_feature=33 24 31 32 35 24 36 24 25 31 20 28 35 36 36 28 35 19 1
split_gain=0.00256605 0.00157602 0.00113182 0.00171163 0.00119567 0.00104021 0.000731956 0.00207671 0.000725045 0.00109564 0.000702743 0.00213485 0.000688666 0.000626688 0.000564634 0.000524154 0.00125154 0.00108315 8.26929e-05
threshold=-0.033463896211940174 5.1443041251500281 0.043300396692962047 0.00091964734736182951 0.020703764163491557 -10.728583505704743 -0.032199113138671638 -0.73360251794599973 -2.8198615963119544 -0.020431994563503305 125.61499958038331 -43047682.999999993 0.025735781764236458 0.0043572993023255477 -0.001943179129270146 -64441585.999999993 0.019316609112657108 118.97000122070314 290.40000915527349
decision_type=2 2 2 2 2 2 2 2 2 2 2 2 2 2 2 2 2 2 2
left_child=6 5 3 4 -3 13 7 -1 9 -8 -10 -12 -11 18 -5 16 -7 -17 -2
right_child=1 2 -4 14 -6 15 8 -9 10 12 11 -13 -14 -15 -16 17 -18 -19 -20
leaf_value=-0.00043478305747822872 -0.00020874094024723769 0 -0.00024162125380774394 -2.590628943619308e-05 -0.00015431869244176007 4.6491367418128156e-06 0.00021569756219401884 0 9.9740687486867663e-06 5.5546527891735809e-06 -0.00038332919584883548 -4.8941705602382449e-05 -0.00016198325778562494 0 5.5173731551690192e-05 -0.00013189877026517242 0.000171315865288186 1.6517655022914806e-05 0
leaf_weight=20 28 76 28 82 117 190 21 23 25 22 23 290 24 31 175 41 73 2758 21
leaf_count=20 28 76 28 82 117 190 21 23 25 22 23 290 24 31 175 41 73 2758 21
internal_value=-1.20507e-06 6.42299e-06 -4.27537e-05 -2.36636e-05 -9.41739e-05 1.48603e-05 -6.95252e-05 -0.000211644 -4.69819e-05 1.14781e-05 -6.74432e-05 -8.32095e-05 -1.69423e-05 -8.55293e-05 1.76352e-05 1.84655e-05 6.23603e-05 1.32672e-05 -0.000153039
internal_weight=4068 3620 478 450 193 3142 448 43 405 67 338 313 46 80 257 3062 263 2799 49
internal_count=4068 3620 478 450 193 3142 448 43 405 67 338 313 46 80 257 3062 263 2799 49
is_linear=0
shrinkage=0.03


Tree=41
num_leaves=16
num_cat=0
split_feature=5 21 35 34 24 20 34 35 20 28 23 2 36 34 4
split_gain=0.00252184 0.00208911 0.00170005 0.00162331 0.00154151 0.00102249 0.00109308 0.000951515 0.000951227 0.000881307 0.00080709 0.000698142 0.000593184 0.000524473 4.82971e-05
threshold=11213305.000000002 239.58999926249189 0.027387929572977181 -0.091977256895321588 -10.728583505704743 506.62500000000006 -0.091977256895321588 0.052521571933743245 361.21499938964848 -67234916.999999985 -0.55459980434056877 221.19999694824222 0.0043572993023255477 0.087843515861323232 340.89999389648443
decision_type=2 2 2 2 2 2 2 2 2 2 2 2 2 2 2
left_child=4 7 -3 -4 11 6 -6 10 -5 -8 -2 -1 14 -12 -13
right_child=1 2 3 8 5 -7 9 -9 -10 -11 13 12 -14 -15 -16
leaf_value=0 -0.00021055509824078207 0 0 -0.00031823518708355431 -0.000195822011705894 -0.00017898051679729484 6.8247289471161179e-05 0.00013297576208833961 0 7.9142801707415422e-06 2.482822230590516e-05 -0.00027318273480572502 0 -0.00012928958307159506 0
leaf_weight=20 22 26 31 78 21 24 257 34 23 3343 85 32 27 25 20
leaf_count=20 22 26 31 78 21 24 257 34 23 3343 85 32 27 25 20
internal_value=-1.20294e-06 -8.20545e-05 -0.000160296 -0.000205753 4.99457e-06 8.93236e-06 1.10112e-05 0 -0.000264133 1.30565e-05 -4.37968e-05 -0.000109578 -0.000151614 0 -0.000212476
internal_weight=4068 324 158 132 3744 3645 3621 166 101 3600 132 99 79 110 52
internal_count=4068 324 158 132 3744 3645 3621 166 101 3600 132 99 79 110 52
is_linear=0
shrinkage=0.03


Tree=42
num_leaves=18
num_cat=0
split_feature=33 35 30 21 22 0 2 35 7 24 0 0 24 33 23 31 32
split_gain=0.00236767 0.00130944 0.000987563 0.00171564 0.00104167 0.00088497 0.00087201 0.000813572 0.00075999 0.00104445 0.00280008 0.00100528 0.000784947 0.00074002 0.000635646 0.000597402 0.000533337
threshold=-0.052991664392439845 0.024594575177195908 15.751722019961667 302.13500137329106 31.186372076439401 206.15616607666018 364.50000000000006 0.021227950266448695 -1.0000000180025095e-35 1.0458138563080983 310.37072753906256 182.35643005371097 -1.6359417409972707 -0.012124033472292793 -1.0932550941402253 0.0082220877266542276 -0.0046220580017376492
decision_type=2 2 2 2 2 2 2 2 2 2 2 2 2 2 2 2 2
left_child=2 5 -1 4 -4 7 15 14 11 12 -11 -3 -10 -8 -2 -7 -9
right_child=1 8 3 -5 -6 6 13 16 9 10 -12 -13 -14 -15 -16 -17 -18
leaf_value=0 -6.6991827335066673e-06 0 -0.00047213581506701729 0 -5.760457231384566e-05 -4.9394705114335811e-05 -2.700334911282756e-05 3.5578977663371693e-07 -1.0083525784745007e-05 0 -0.00014794992506274936 -0.00022487638484828287 6.2176897627068685e-05 4.3972918527536358e-05 3.1216335332534073e-05 5.9291197914023432e-06 0.00013574023350139294
leaf_weight=33 470 26 24 36 35 463 143 98 379 297 167 40 182 400 1020 143 112
leaf_count=33 470 26 24 36 35 463 143 98 379 297 167 40 182 400 1020 143 112
internal_value=-1.20878e-06 2.17133e-06 -0.000128593 -0.000177821 -0.000277502 1.35653e-05 -4.60956e-06 2.76136e-05 -2.48316e-05 -1.50988e-05 -4.95098e-05 -0.000130348 8.01951e-06 1.97558e-05 1.72435e-05 -3.13912e-05 8.687e-05
internal_weight=4068 3940 128 95 59 2849 1149 1700 1091 1025 464 66 561 543 1490 606 210
internal_count=4068 3940 128 95 59 2849 1149 1700 1091 1025 464 66 561 543 1490 606 210
is_linear=0
shrinkage=0.03


Tree=43
num_leaves=18
num_cat=0
split_feature=33 23 28 26 32 28 29 30 27 25 35 34 32 22 21 35 1
split_gain=0.00226869 0.00143251 0.00134788 0.000817666 0.000960694 0.00152343 0.000853601 0.000626308 0.0018195 0.00085591 0.000831262 0.000593956 0.000570455 0.000551762 0.000411873 0.000423357 0.000136689
threshold=-0.033463896211940174 16.101340865292688 375573809.50000006 5.7603135843989532 0.00091964734736182951 268174062.00000003 67.468576470275124 15.286565505664194 -0.14143176209211825 -3.2555777280434968 0.028421511628280004 -0.0041125211545089959 0.016475600729772725 56.06991423575149 241.34250017801924 0.025735781764236458 330.69999694824224
decision_type=2 2 2 2 2 2 2 2 2 2 2 2 2 2 2 2 2
left_child=7 3 16 11 5 -5 -6 14 -9 -10 -11 13 -13 -2 -1 -16 -3
right_child=1 2 -4 4 6 -7 -8 8 9 10 -12 12 -14 -15 15 -17 -18
leaf_value=7.6036233111793298e-05 1.0802918583587876e-05 0 0 -7.2355879592867679e-05 4.5078385543975696e-05 8.8538757172724176e-06 -1.1926850716197581e-05 -0.00035517045281886821 4.0274970989642485e-05 -1.5824829380801717e-05 -0.00014606578399416339 4.9169504803042103e-05 0 -7.0488927395058365e-05 0 -0.00013142054721456255 -0.00034803816169472548
leaf_weight=40 717 20 35 399 432 317 397 25 35 182 111 851 349 83 25 30 20
leaf_count=40 717 20 35 399 432 317 397 25 35 182 111 851 349 83 25 30 20
internal_value=-1.17987e-06 5.94674e-06 -0.000120949 9.48099e-06 -5.38959e-06 -3.22157e-05 1.41626e-05 -6.54489e-05 -8.38594e-05 -5.39346e-05 -7.54337e-05 2.24681e-05 3.58715e-05 0 0 -5.01987e-05 -0.000240101
internal_weight=4068 3620 75 3545 1545 716 829 448 353 328 293 2000 1200 800 95 55 40
internal_count=4068 3620 75 3545 1545 716 829 448 353 328 293 2000 1200 800 95 55 40
is_linear=0
shrinkage=0.03


Tree=44
num_leaves=25
num_cat=0
split_feature=5 21 26 32 28 28 28 23 29 20 27 31 5 29 32 33 5 21 21 36 30 25 25 28
split_gain=0.00226457 0.00187626 0.00118885 0.00108219 0.00141238 0.00114131 0.000957134 0.00233316 0.000922385 0.000645024 0.000774584 0.000539405 0.000505207 0.000382198 0.000337895 0.000615147 0.000521019 0.000514427 0.000453734 0.000306833 0.000265965 0.000263558 0.000223594 0.000174848
threshold=11213305.000000002 239.58999926249189 4.018210148452102 0.00091964734736182951 359848032.00000006 280510599.00000006 164354029.50000003 12.559970514323171 85.656629203463368 221.28499870300297 0.88133758201752943 0.0027037805383646201 2966202.5000000005 26.759450505805017 0.010293714403037392 0.0029873530981945344 4103107.0000000005 174.78666763305668 120.53166681925457 -0.0018198975651166334 48.215661787293115 -0.80121383345880026 1.424310994952082 250140616.50000003
decision_type=2 2 2 2 2 2 2 2 2 2 2 2 2 2 2 2 2 2 2 2 2 2 2 2
left_child=2 9 14 4 5 -4 -3 13 12 10 21 -10 -5 -8 15 17 20 -1 -17 -18 -16 -2 -12 -11
right_child=1 6 3 8 -6 -7 7 -9 11 23 22 -13 -14 -15 16 18 19 -19 -20 -21 -22 -23 -24 -25
leaf_value=0 0 -0.00035239330114863966 -3.6301164380600593e-05 -7.4044771797019179e-06 -0.00020897750937097712 2.3946586594461804e-05 9.3546052024325144e-05 -0.00028052642621332778 0 0.00014607154875940589 7.1241712578498694e-05 -9.8319561999009997e-05 3.7900716068370777e-05 -4.0824141889315117e-05 0 0 0 5.2973314903944849e-05 8.9857628247114763e-05 5.5186760885948299e-05 -0.00010242594492371817 -0.00021063602911830265 -2.5289886035853886e-05 0
leaf_weight=499 24 29 942 170 40 343 27 38 57 24 35 88 771 64 75 24 37 234 261 154 49 26 36 21
leaf_count=499 24 29 942 170 40 343 27 38 57 24 35 88 771 64 75 24 37 234 261 154 49 26 36 21
internal_value=-1.16504e-06 -7.78065e-05 4.66803e-06 -6.92077e-06 -2.59326e-05 -1.78844e-05 -0.000151957 -8.3422e-05 1.35131e-05 0 -4.29761e-05 -5.02355e-05 2.65283e-05 0 2.78781e-05 3.62815e-05 0 1.6265e-05 7.72162e-05 3.17939e-05 -4.71375e-05 -0.000135569 0 8.89525e-05
internal_weight=4068 324 3744 2411 1325 1285 158 129 1086 166 121 145 941 91 1333 1018 315 733 285 191 124 50 71 45
internal_count=4068 324 3744 2411 1325 1285 158 129 1086 166 121 145 941 91 1333 1018 315 733 285 191 124 50 71 45
is_linear=0
shrinkage=0.03


Tree=45
num_leaves=21
num_cat=0
split_feature=5 31 24 33 24 25 29 33 20 34 33 28 2 35 36 26 29 30 27 31
split_gain=0.00214758 0.00178221 0.00140955 0.00136406 0.00195741 0.00125227 0.00145845 0.00353678 0.000925426 0.000970824 0.000818016 0.000758269 0.000668567 0.00064989 0.000550017 0.000562286 0.000510148 0.000251742 0.000228059 1.88755e-05
threshold=11213305.000000002 -0.0095802391830999683 -10.728583505704743 0.050116028063170399 8.4893667249542926 -3.0571839162509526 40.441892886314584 -0.057778747975586402 489.24499969482429 -0.091977256895321588 0.0025851194262661585 -67234916.999999985 221.19999694824222 0.049330671130541057 0.0043572993023255477 10.996984237697108 49.766828040662453 75.914404302098276 1.067036354104369 0.017185658009022057
decision_type=2 2 2 2 2 2 2 2 2 2 2 2 2 2 2 2 2 2 2 2
left_child=2 5 12 16 13 -2 7 -7 9 -4 -10 -11 -1 -5 15 -14 19 -8 -18 -3
right_child=1 3 8 4 -6 6 17 -9 10 11 -12 -13 14 -15 -16 -17 18 -19 -20 -21
leaf_value=0 0 0 -0.00018276396906003354 -8.8165108202574512e-05 -0.00036041386058317912 0 0 -0.00060137413275628481 -0.00020100175668321592 6.4566532976407072e-05 0 8.1748243251997e-06 -0.00030978952094521441 8.0018471983415505e-05 0 0 0.00013872365197873521 -0.00010620306942737033 0 -2.9071860781865559e-05
leaf_weight=20 24 20 21 52 21 26 20 25 34 257 33 3300 28 28 27 24 48 20 20 20
leaf_count=20 24 20 21 52 21 26 20 25 34 257 33 3300 28 28 27 24 48 20 20 20
internal_value=-1.18675e-06 -7.58298e-05 4.47334e-06 -7.82046e-06 -9.84136e-05 -0.000173251 -0.000224266 -0.000339631 8.27432e-06 1.11013e-05 -9.77758e-05 1.30943e-05 -0.000105066 0 -0.000146414 -0.000205055 4.91615e-05 -1.88174e-06 0.000102852 0
internal_weight=4068 324 3744 209 101 115 91 51 3645 3578 67 3557 99 80 79 52 108 40 68 40
internal_count=4068 324 3744 209 101 115 91 51 3645 3578 67 3557 99 80 79 52 108 40 68 40
is_linear=0
shrinkage=0.03


Tree=46
num_leaves=18
num_cat=0
split_feature=5 21 35 34 34 21 35 33 34 35 36 36 33 20 28 0 35
split_gain=0.00203548 0.00174848 0.0015177 0.00156461 0.000991707 0.00110016 0.000913574 0.00377312 0.000900274 0.000855152 0.000710217 0.000593657 0.000558618 0.000544867 0.000431161 0.00111281 0.000586015
threshold=11213305.000000002 239.58999926249189 0.027387929572977181 -0.091977256895321588 -0.091977256895321588 245.35499992370606 0.043001717866550222 0.017869434334126803 0.046511658374632232 0.052521571933743245 -1.0000000180025095e-35 -0.012631954029879938 0.05185243634252746 371.67000198364263 -67234916.999999985 98.60465240478517 0.019316609112657108
decision_type=2 2 2 2 2 2 2 2 2 2 2 2 2 2 2 2 2
left_child=4 9 -3 -4 -1 14 13 -8 -5 10 11 -2 -12 -7 16 -16 -6
right_child=1 2 3 8 5 6 7 -9 -10 -11 12 -13 -14 -15 15 -17 -18
leaf_value=-0.00017287467229626797 0 0 0 -0.00034571752556623734 1.5373910260728358e-05 -1.8328416666563433e-05 -0.00035541435343806042 4.178833710033588e-05 -4.8250767580933588e-05 0.00012769873936959648 7.5545356206832567e-05 -0.00026269326608110245 -7.8597143232726887e-05 1.5710466737330419e-05 -2.205435822828188e-05 3.0222266956808841e-05 0.00014587430877460915
leaf_weight=27 27 26 31 57 187 1052 34 30 44 34 50 20 35 645 454 1245 70
leaf_count=27 27 26 31 57 187 1052 34 30 44 34 50 20 35 645 454 1245 70
internal_value=-1.21057e-06 -7.38866e-05 -0.000145412 -0.000188803 4.27924e-06 6.37777e-06 -9.65891e-06 -0.000122649 -0.000245978 0 -4.02085e-05 -0.000134556 0 -3.62295e-06 2.23491e-05 1.4487e-05 6.26303e-05
internal_weight=4068 324 158 132 3744 3717 1761 64 101 166 132 47 85 1697 1956 1699 257
internal_count=4068 324 158 132 3744 3717 1761 64 101 166 132 47 85 1697 1956 1699 257
is_linear=0
shrinkage=0.03


Tree=47
num_leaves=27
num_cat=0
split_feature=35 27 27 22 36 2 21 23 23 35 24 26 26 0 0 2 26 19 35 23 27 31 35 35 25 32
split_gain=0.00186367 0.00134256 0.00194313 0.00150895 0.00208749 0.00146206 0.0042464 0.000708231 0.00103809 0.000811942 0.00148202 0.00167732 0.000770401 0.00179499 0.000697176 0.00129248 0.000660055 0.000546659 0.000526346 0.000481437 0.00041451 0.000825625 0.000754389 0.000247792 0.000217324 0.000132743
threshold=0.024594575177195908 0.22320715544695122 0.20670555703493099 35.800719704610117 -0.032199113138671638 378.50000000000006 345.41999944051111 -0.97580550084661855 -0.37458975962097435 0.017999078619700976 -3.2825413728025947 7.8979386311556761 4.7412204417626009 173.68229675292972 225.15212249755862 364.50000000000006 6.9115816620634325 513.72999877929703 0.0369859953003027 -0.17496886648217466 0.33911692521334685 0.0005730559386546431 0.064830555251102193 0.0086900201515837019 -1.200759314257887 0.012759561279002908
decision_type=2 2 2 2 2 2 2 2 2 2 2 2 2 2 2 2 2 2 2 2 2 2 2 2 2 2
left_child=7 2 3 4 -2 20 -7 9 23 12 11 -11 25 -14 19 -16 -12 -8 -5 -10 21 -3 -22 -9 -25 -1
right_child=1 5 -4 18 -6 6 17 8 14 10 16 -13 13 -15 15 -17 -18 -19 -20 -21 22 -23 -24 24 -26 -27
leaf_value=1.4509488028804107e-05 -0.00037198674302321353 0.00015504968880933773 -0.00036634671122421963 0 -4.3140873611737974e-05 -0.00050763731624291675 0 0 -3.0094825206835305e-05 0.00014132442419119 -6.9060254295439814e-05 0 -0.00030820627029034967 -2.9432380469532502e-05 -8.371220867352437e-05 1.5467530958680322e-05 2.3016061523302408e-05 -0.00016283237703280078 0.00013497047048754561 3.3225469827831101e-05 -1.0829226123665727e-05 0 0.00014723568474994043 0 0.00010872969406560792 -3.7246838296914858e-05
leaf_weight=257 27 47 25 77 152 20 137 21 71 147 142 77 27 328 170 291 73 20 27 1031 595 36 28 20 175 47
leaf_count=257 27 47 25 77 152 20 137 21 71 147 142 77 27 328 170 291 73 20 27 1031 595 36 28 20 175 47
internal_value=-1.16883e-06 -3.33772e-05 -8.89193e-05 -5.36939e-05 -0.000109674 -1.05985e-05 -8.8875e-05 1.11226e-05 2.31991e-05 -5.71236e-06 2.22281e-05 7.98364e-05 -2.88774e-05 -5.9164e-05 1.23998e-05 -1.46104e-05 -2.3854e-05 -1.61442e-05 1.38505e-05 2.64214e-05 4.78713e-06 6.84397e-05 0 8.7419e-05 9.8019e-05 0
internal_weight=4068 1191 308 283 179 883 177 2877 1779 1098 439 224 659 355 1563 461 215 157 104 1102 706 83 623 216 195 304
internal_count=4068 1191 308 283 179 883 177 2877 1779 1098 439 224 659 355 1563 461 215 157 104 1102 706 83 623 216 195 304
is_linear=0
shrinkage=0.03


Tree=48
num_leaves=12
num_cat=0
split_feature=33 24 25 30 21 22 20 33 34 33 33
split_gain=0.00188003 0.0010101 0.00116659 0.000911556 0.00162888 0.000891566 0.000716594 0.000657386 0.000559628 0.000437438 0.000525115
threshold=-0.052991664392439845 -10.728583505704743 5.9186979196605103 15.751722019961667 302.13500137329106 31.186372076439401 489.24499969482429 0.0025851194262661585 -0.0038228985447049664 -0.024048268811809933 0.031324767746783506
decision_type=2 2 2 2 2 2 2 2 2 2 2
left_child=3 9 6 -1 5 -5 8 -8 -3 -2 -11
right_child=1 2 -4 4 -6 -7 7 -9 -10 10 -12
leaf_value=0 0 -2.0500108753935027e-06 -0.00020827877147919159 -0.00044134804391335011 0 -4.8061436555611003e-05 -0.00017865741040620436 0 1.9891075746637742e-05 -0.00019376267175558756 0
leaf_weight=33 34 1651 22 24 36 35 34 33 2097 45 24
leaf_count=33 34 1651 22 24 36 35 34 33 2097 45 24
internal_value=-1.22421e-06 1.70525e-06 4.93923e-06 -0.000114747 -0.000162365 -0.00025928 6.96058e-06 -8.60434e-05 9.42579e-06 -8.95584e-05 -0.000132909
internal_weight=4068 3940 3837 128 95 59 3815 67 3748 103 69
internal_count=4068 3940 3837 128 95 59 3815 67 3748 103 69
is_linear=0
shrinkage=0.03


Tree=49
num_leaves=22
num_cat=0
split_feature=5 36 35 20 26 32 29 5 19 35 33 33 35 34 32 27 25 29 35 5 24
split_gain=0.00189327 0.00234171 0.00125944 0.00147276 0.00111026 0.00118455 0.00127072 0.00117537 0.00128484 0.000793549 0.000628866 0.00048914 0.000401176 0.000308995 0.000581767 0.000475979 0.000392417 0.000297329 0.000228349 0.000141564 5.96494e-05
threshold=15841409.000000002 0.031925971557785336 0.032436696397362526 267.31999855041505 4.018210148452102 0.00091964734736182951 85.656629203463368 2984495.5000000005 478.66000061035157 0.018329998067869072 0.034081205269605237 -0.0057581899866630528 0.047858059025702789 -0.0038228985447049664 0.010293714403037392 0.57299976227614235 -0.024371103604108543 33.970912167820309 0.025929515448320624 3548311.0000000005 3.4361210753913709
decision_type=2 2 2 2 2 2 2 2 2 2 2 2 2 2 2 2 2 2 2 2 2
left_child=4 2 -2 12 13 7 9 11 -9 -7 -8 -6 -4 16 18 -16 17 -1 -15 -18 -3
right_child=1 20 3 -5 5 6 10 8 -10 -11 -12 -13 -14 14 15 -17 19 -19 -20 -21 -22
leaf_value=3.4731451426166925e-05 0 5.6409983577370024e-05 -0.00014779330957541935 -0.00043853621935323924 6.3135339552072899e-05 0 0 -3.2952111917458447e-05 -0.00021901913595301787 4.9020275777471987e-05 -0.0001009218633847967 -2.5340908762747635e-06 0 6.419304790041531e-05 -6.3645152015663422e-05 2.534722975628802e-05 0 -5.9391154901560909e-06 0 -6.8235119402280746e-05 0
leaf_weight=373 22 21 20 32 143 414 58 1094 42 588 114 110 20 438 69 231 73 99 23 64 20
leaf_count=373 22 21 20 32 143 414 58 1094 42 588 114 110 20 438 69 231 73 99 23 64 20
internal_value=-1.27344e-06 -0.000112116 -0.00020075 -0.000261378 1.77122e-06 -9.04397e-06 1.13596e-05 -2.84486e-05 -4.24906e-05 2.6411e-05 -5.88558e-05 2.27407e-05 -4.4099e-05 2.41931e-05 3.76032e-05 0 2.50731e-06 1.98469e-05 5.89024e-05 -3.53212e-05 1.80951e-05
internal_weight=4068 135 94 72 3933 2563 1174 1389 1136 1002 172 253 40 1370 761 300 609 472 461 137 41
internal_count=4068 135 94 72 3933 2563 1174 1389 1136 1002 172 253 40 1370 761 300 609 472 461 137 41
is_linear=0
shrinkage=0.03


Tree=50
num_leaves=21
num_cat=0
split_feature=5 21 21 26 32 5 19 20 22 35 33 22 21 1 24 20 23 33 5 32
split_gain=0.00177469 0.00179558 0.00124737 0.00104171 0.00103182 0.00124119 0.00120068 0.000700007 0.00057993 0.000587661 0.000511263 0.000349187 0.000304889 0.00036579 0.000396684 0.000355005 0.000317816 0.000257056 0.000194718 5.80579e-06
threshold=15841409.000000002 239.58999926249189 297.01666641235357 3.9831946641627831 0.00091964734736182951 2984495.5000000005 478.66000061035157 221.28499870300297 67.908831392191004 0.017833128353710679 -0.0057581899866630528 66.894371658727778 172.52749951680502 132.05000305175784 0.90329939281173799 116.05000000000001 1.0390811945000709 0.039030855355154166 2090664.0000000002 0.0049199544767187806
decision_type=2 2 2 2 2 2 2 2 2 2 2 2 2 2 2 2 2 2 2 2
left_child=3 7 -3 12 5 10 -7 11 9 -6 -5 -2 13 15 -15 -1 18 -10 -14 -18
right_child=1 2 -4 4 8 6 -8 -9 17 -11 -12 -13 16 14 -16 -17 19 -19 -20 -21
leaf_value=-3.9176396853275479e-06 -0.0001611937260460834 -0.00034641845319471697 0 6.5540649369918188e-05 -1.2354185632253874e-06 -3.2002890193992979e-05 -0.00021246416903777831 0.00011948329338911847 0 3.8956713174800558e-05 0 0 0 -5.6916900754325886e-05 2.2170917004961227e-06 3.9552220473015614e-05 8.0267810021942224e-06 -8.4714469428692887e-05 6.90436018575603e-05 0
leaf_weight=93 23 36 22 147 411 1101 42 24 79 622 113 30 28 119 235 437 81 64 298 63
leaf_count=93 23 36 22 147 411 1101 42 24 79 622 113 30 28 119 235 437 81 64 298 63
internal_value=-1.29258e-06 -0.000108606 -0.000235037 1.63087e-06 -8.72117e-06 -2.67262e-05 -4.12765e-05 0 1.0209e-05 2.0063e-05 2.56962e-05 -7.33832e-05 2.35634e-05 8.67094e-06 -9.19956e-06 2.62659e-05 4.51843e-05 -3.99743e-05 6.18086e-05 0
internal_weight=4068 135 58 3933 2579 1403 1143 77 1176 1033 260 53 1354 884 354 530 470 143 326 144
internal_count=4068 135 58 3933 2579 1403 1143 77 1176 1033 260 53 1354 884 354 530 470 143 326 144
is_linear=0
shrinkage=0.03


Tree=51
num_leaves=21
num_cat=0
split_feature=5 36 26 32 29 5 19 36 23 28 31 29 34 32 27 29 25 29 25 24
split_gain=0.00167777 0.00218038 0.000984675 0.00096831 0.00128428 0.0011659 0.00112194 0.00076613 0.00101394 0.000737849 0.000482558 0.000324693 0.000301374 0.000452396 0.000497654 0.000441948 0.000276233 9.03129e-05 8.87454e-05 5.58549e-05
threshold=15841409.000000002 0.031925971557785336 3.9831946641627831 0.00091964734736182951 85.656629203463368 2984495.5000000005 478.66000061035157 0.0076669119172326347 -0.97580550084661855 82617914.000000015 0.0027037805383646201 42.305931887251056 -0.0038228985447049664 0.010293714403037392 0.57299976227614235 31.134132206061178 -0.30279946902597116 50.508465839808999 -0.70888580398244072 3.4361210753913709
decision_type=2 2 2 2 2 2 2 2 2 2 2 2 2 2 2 2 2 2 2 2
left_child=2 7 12 5 9 11 -7 8 -2 -5 -6 -4 15 18 -15 16 -1 -17 -14 -3
right_child=1 19 3 4 10 6 -8 -9 -10 -11 -12 -13 13 14 -16 17 -18 -19 -20 -21
leaf_value=4.302820990093639e-05 -0.00025998113044440295 5.5226277067851243e-05 5.6841985021370026e-05 -2.7336674516656505e-05 0 -3.1042891196700677e-05 -0.00020610538351536461 -0.00039181248600791784 0 3.7043589037115461e-05 -9.7201233998822157e-05 0 0 -6.2623575680879757e-05 2.778748962899442e-05 -3.9421431084387961e-05 0 0 5.8217923275575312e-05 0
leaf_weight=260 20 21 139 142 59 1101 42 24 50 861 114 121 22 69 229 159 139 44 432 20
leaf_count=260 20 21 139 142 59 1101 42 24 50 861 114 121 22 69 229 159 139 44 432 20
internal_value=-1.30998e-06 -0.000105651 1.51134e-06 -8.53247e-06 9.74213e-06 -2.5988e-05 -4.01175e-05 -0.00019165 -7.97654e-05 2.49364e-05 -6.09819e-05 2.4585e-05 2.28568e-05 3.60513e-05 0 1.38877e-06 2.41595e-05 -2.85862e-05 5.52199e-05 1.85118e-05
internal_weight=4068 135 3933 2579 1176 1403 1143 94 70 1003 173 260 1354 752 298 602 399 203 454 41
internal_count=4068 135 3933 2579 1176 1403 1143 94 70 1003 173 260 1354 752 298 602 399 203 454 41
is_linear=0
shrinkage=0.03


Tree=52
num_leaves=18
num_cat=0
split_feature=5 1 27 21 24 35 27 29 34 2 3 34 29 34 29 1 26
split_gain=0.00160338 0.00148392 0.00204438 0.00137409 0.00119894 0.00106401 0.000652788 0.000993297 0.00102884 0.000644631 0.000590453 0.000778836 0.00046136 0.00040619 0.000347685 0.000306015 0.000254326
threshold=11213305.000000002 333.10000610351568 -0.11417128885567558 330.03999913533534 -10.728583505704743 0.064830555251102193 1.0000000180025095e-35 12.796200724299936 -0.05942273291347349 221.19999694824222 460.30000305175787 0.024110417636240559 77.410679905023386 0.08533953934678952 9.0524970960783708 363.50000000000006 8.3799130913599633
decision_type=2 2 2 2 2 2 2 2 2 2 2 2 2 2 2 2 2
left_child=4 2 -2 -3 9 13 7 14 -9 -1 12 -12 -8 -4 -6 16 -11
right_child=1 3 5 -5 6 -7 10 8 -10 15 11 -13 -14 -15 -16 -17 -18
leaf_value=0 -0.00029119245097186268 -0.00038449058464417853 0 0 -2.1519609420259911e-05 0.00015952303160160855 1.9347555014600332e-05 -0.00032967745662673806 -1.4869376336640168e-05 0 -0.00010563920544580977 0 -6.70406025934388e-06 -9.9392447796073957e-05 8.4560274649547385e-05 0 -0.0002337992468828742
leaf_weight=20 23 26 159 36 41 34 2741 20 69 20 88 55 590 46 41 22 37
leaf_count=20 23 26 159 36 41 34 2741 20 69 20 88 55 590 46 41 22 37
internal_value=-1.3149e-06 -6.58415e-05 -2.12876e-05 -0.000205471 3.46948e-06 0 7.03948e-06 -4.71246e-05 -0.000119573 -9.75734e-05 1.05704e-05 -4.44087e-05 1.38325e-05 -2.09297e-05 0 -0.000138789 -0.000177503
internal_weight=4068 324 262 62 3744 239 3645 171 89 99 3474 143 3331 205 82 79 57
internal_count=4068 324 262 62 3744 239 3645 171 89 99 3474 143 3331 205 82 79 57
is_linear=0
shrinkage=0.03


Tree=53
num_leaves=19
num_cat=0
split_feature=33 23 5 5 34 30 32 24 29 1 25 36 32 24 23 29 0 1
split_gain=0.00152856 0.00107982 0.000974165 0.00131737 0.00145894 0.000883299 0.00076565 0.000621294 0.000567206 0.0005353 0.000516737 0.000505375 0.000497965 0.00038942 0.00131767 0.000426846 0.000327385 8.26587e-05
threshold=-0.033463896211940174 16.101340865292688 15127467.000000002 8223736.5000000009 -0.077820011197215641 66.523765460614456 -0.037708428593073988 -10.728583505704743 36.810552881599087 370.10000610351568 -1.4246381875473981 0.0043572993023255477 -0.024238931259236925 5.1443041251500281 6.4228515999800502 77.410679905023386 196.94541168212893 290.40000915527349
decision_type=2 2 2 2 2 2 2 2 2 2 2 2 2 2 2 2 2 2
left_child=2 7 3 4 -1 -3 10 11 -6 -7 -5 17 -8 15 -15 -9 -4 -2
right_child=1 5 16 6 8 9 12 13 -10 -11 -12 -13 -14 14 -16 -17 -18 -19
leaf_value=-0.00033824858912475292 -0.00018185667009726729 0 -0.00030401182741942727 0.00020150753888554778 -6.5127056677385761e-06 0 -0.00012245309213041724 2.0065692879789431e-05 -0.00016389576216646094 -0.00030272146351272597 0 0 3.0891937253420029e-05 -0.00012459342280994476 4.4800786782045674e-06 -4.9755269443289558e-06 0 0
leaf_weight=20 28 28 23 33 232 24 28 2481 32 23 27 31 28 81 322 581 25 21
leaf_count=20 28 28 23 33 232 24 28 2481 32 23 27 31 28 81 322 581 25 21
internal_value=-1.3905e-06 4.31699e-06 -5.41947e-05 -2.9683e-05 -6.88893e-05 -0.000105769 4.04418e-05 7.49519e-06 -3.70036e-05 -0.000186322 0.000120934 -7.06744e-05 0 1.01677e-05 -1.40449e-05 1.43345e-05 -0.000195603 -0.000131954
internal_weight=4068 3620 448 400 284 75 116 3545 264 47 60 80 56 3465 403 3062 48 49
internal_count=4068 3620 448 400 284 75 116 3545 264 47 60 80 56 3465 403 3062 48 49
is_linear=0
shrinkage=0.03


Tree=54
num_leaves=17
num_cat=0
split_feature=5 31 23 24 31 35 28 24 20 27 29 2 36 26 24 36
split_gain=0.0014909 0.00143881 0.0012527 0.00108644 0.00107377 0.000857633 0.000732947 0.00120717 0.000675333 0.000670876 0.000943705 0.000621094 0.000508285 0.000529869 0.000481351 0.000469839
threshold=11213305.000000002 -0.0095802391830999683 14.321926752882861 -10.728583505704743 -0.021144797494271447 0.064830555251102193 181122227.00000003 -0.81317394669690202 506.62500000000006 1.0000000180025095e-35 12.796200724299936 221.19999694824222 0.0043572993023255477 10.996984237697108 -1.4932070448029486 0.0016158988406580288
decision_type=2 2 2 2 2 2 2 2 2 2 2 2 2 2 2 2
left_child=3 4 5 11 6 14 7 -2 9 10 -5 -1 13 -13 -3 -11
right_child=1 2 -4 8 -6 -7 -8 -9 -10 15 -12 12 -14 -15 -16 -17
leaf_value=0 -0.00029896814274700669 -0.00012204544381130802 -0.00019784697413517433 0 -0.00031283284288245993 0.00018607662978594177 0 0 -0.00014535932285765271 1.2155396508430281e-06 -0.00011672334853416273 -0.00028923872557097509 0 0 1.0616456277670801e-05 2.5528223771098284e-05
leaf_weight=20 21 28 28 82 35 23 36 23 24 2047 89 28 27 24 130 1403
leaf_count=20 21 28 28 82 35 23 36 23 24 2047 89 28 27 24 130 1403
internal_value=-1.46249e-06 -6.36742e-05 -1.4797e-06 3.12151e-06 -0.000150542 1.24246e-05 -4.17848e-05 -0.000134645 6.55828e-06 8.39765e-06 -4.61615e-05 -9.30206e-05 -0.000133819 -0.000189653 0 1.19727e-05
internal_weight=4068 324 209 3744 115 181 80 44 3645 3621 171 99 79 52 158 3450
internal_count=4068 324 209 3744 115 181 80 44 3645 3621 171 99 79 52 158 3450
is_linear=0
shrinkage=0.03


Tree=55
num_leaves=19
num_cat=0
split_feature=5 20 26 36 25 24 22 25 25 29 23 23 5 31 32 24 24 32
split_gain=0.00144455 0.00119275 0.000895316 0.000878158 0.00153842 0.00171005 0.00137105 0.0013663 0.00139721 0.000772062 0.000317948 0.000329182 0.000567485 0.000228462 0.00021245 0.000319837 0.00014374 0.000125793
threshold=19863452.000000004 250.10000076293946 3.7220590466227539 0.0023800624924219262 -1.9099599456452958 11.190721282733312 30.785184117427196 -1.0874832832799013 -0.64949517859325179 45.987412531623825 -0.97580550084661855 1.724148328258764 2646184.5000000005 -0.00098966403699868289 0.012441361937691077 -2.2806505719483798 1.6315498195797173 0.023686730385868774
decision_type=2 2 2 2 2 2 2 2 2 2 2 2 2 2 2 2 2 2
left_child=2 16 10 4 6 -6 -4 9 -9 -5 14 12 -12 -13 15 -1 -2 -16
right_child=1 -3 3 7 5 -7 -8 8 -10 -11 11 13 -14 -15 17 -17 -18 -19
leaf_value=5.5371921751912714e-05 -7.9903736460342319e-05 -0.00028128828781431051 -6.0970526438472581e-05 -7.5415997667609898e-05 -2.5341538829051232e-05 -0.00017333201347060527 8.1828587039480398e-05 0.00016086519199810372 1.5502020452379921e-05 1.420499666159078e-05 0 3.5719899042615909e-05 6.5320662000848363e-05 -1.5891200612640436e-05 -8.1440176137802104e-05 0 6.4218677190759431e-06 0
leaf_weight=102 20 30 62 204 1324 85 207 76 692 68 198 126 397 177 42 208 25 25
leaf_count=102 20 30 62 204 1324 85 207 76 692 68 198 126 397 177 42 208 25 25
internal_value=-1.43155e-06 -0.000131979 2.72466e-07 -8.68221e-06 -2.2731e-05 -3.641e-05 3.77571e-05 1.11006e-05 3.38117e-05 -4.19884e-05 2.17137e-05 3.14328e-05 4.45973e-05 0 0 9.01289e-06 0 -4.97407e-05
internal_weight=4068 75 3993 2718 1678 1409 269 1040 768 272 1275 898 595 303 377 310 45 67
internal_count=4068 75 3993 2718 1678 1409 269 1040 768 272 1275 898 595 303 377 310 45 67
is_linear=0
shrinkage=0.03


Tree=56
num_leaves=21
num_cat=0
split_feature=5 36 21 26 32 28 28 26 28 33 20 32 28 34 32 27 25 21 21 21
split_gain=0.0013624 0.00195842 0.000882377 0.000814112 0.000926368 0.000952378 0.00116107 0.000805945 0.000522385 0.000587415 0.000499534 0.000408161 0.000372749 0.000293075 0.00051023 0.000415309 0.000339244 0.00033053 0.000281338 0.000172744
threshold=15841409.000000002 0.031925971557785336 241.34250017801924 4.018210148452102 0.00091964734736182951 359848032.00000006 280510599.00000006 11.180218046411222 82617914.000000015 0.047434687138124938 176.08750000000003 -0.016411469426239941 -35423212.499999993 -0.0038228985447049664 0.010293714403037392 0.57299976227614235 -0.024371103604108543 129.12083346048993 120.53166681925457 126.56599998474123
decision_type=2 2 2 2 2 2 2 2 2 2 2 2 2 2 2 2 2 2 2 2
left_child=3 2 10 13 5 6 -5 -4 12 -10 -2 -7 -6 16 18 -16 17 -1 -15 -18
right_child=1 -3 7 4 8 11 -8 -9 9 -11 -12 -13 -14 14 15 -17 19 -19 -20 -21
leaf_value=6.014133507303577e-05 -0.00015290611743259784 2.0516937603684557e-05 0 -3.6396581553776559e-05 0 0 2.2980668230400291e-05 -0.0004400768497969268 3.0846733811216485e-05 -2.4926947273407682e-05 0 -0.00026817025455276556 -6.2711051421347272e-05 0 -6.1773587464790944e-05 2.1826433400760176e-05 -8.3419363880072553e-05 0 6.024422845866466e-05 0
leaf_weight=117 20 41 20 987 22 20 359 23 866 152 31 23 134 35 69 231 48 355 426 89
leaf_count=117 20 41 20 987 22 20 359 23 866 152 31 23 134 35 69 231 48 355 426 89
internal_value=-1.38272e-06 -9.53904e-05 -0.000177795 1.08368e-06 -8.0725e-06 -2.52987e-05 -1.83305e-05 -0.000294905 9.7537e-06 1.95707e-05 -1.99623e-05 -0.000173265 -3.50618e-05 2.0402e-05 3.31038e-05 0 0 1.63415e-05 5.29599e-05 -3.61584e-05
internal_weight=4068 135 94 3933 2563 1389 1346 43 1174 1018 51 43 156 1370 761 300 609 472 461 137
internal_count=4068 135 94 3933 2563 1389 1346 43 1174 1018 51 43 156 1370 761 300 609 472 461 137
is_linear=0
shrinkage=0.03


Tree=57
num_leaves=18
num_cat=0
split_feature=22 34 35 23 25 31 34 20 28 21 22 22 33 27 33 26 27
split_gain=0.00133282 0.00192304 0.0015791 0.00121663 0.00161186 0.00148807 0.000882274 0.00139979 0.000610131 0.000601462 0.000478954 0.000195076 0.00050829 0.000732471 0.000411069 0.000221277 0.00018897
threshold=32.745082533420188 -0.064564748585398332 0.052521571933743245 14.321926752882861 -1.1363890920536435 -0.0099009859439731489 -0.072970934078677815 493.55000000000001 -64441585.999999993 245.35499992370606 25.507152842729706 29.752993322549955 -0.012124033472292793 0.011027599882969684 -0.024048268811809933 5.3110860541789835 0.10231091245042827
decision_type=2 2 2 2 2 2 2 2 2 2 2 2 2 2 2 2 2
left_child=1 2 10 6 -5 -6 -2 8 -8 -7 -1 14 13 -13 15 -3 -16
right_child=3 11 -4 4 5 9 7 -9 -10 -11 -12 12 -14 -15 16 -17 -18
leaf_value=-4.3584348736232385e-05 0.00016172867204141843 0 0 4.4879227135351836e-05 0 0 5.4334709801826058e-05 -0.00017559388961211207 3.0478677577063923e-06 -0.00029667117842037443 -0.00037643881232950416 0 0 -0.00017501627717077546 -8.0531641147202785e-05 0.0001155486236009375 0
leaf_weight=33 34 41 26 26 26 20 241 37 3295 48 33 33 38 42 32 40 23
leaf_count=33 34 41 26 26 26 20 241 37 3295 48 33 33 38 42 32 40 23
internal_value=-1.36662e-06 -5.86183e-05 -0.000177481 3.06811e-06 -8.91623e-05 -0.000158127 6.97057e-06 4.65383e-06 7.39321e-06 -0.000232844 -0.000255715 -2.60418e-06 -3.90954e-05 -9.16143e-05 5.67956e-06 6.43899e-05 -2.62982e-05
internal_weight=4068 341 92 3727 120 94 3607 3573 3536 68 66 249 113 75 136 81 55
internal_count=4068 341 92 3727 120 94 3607 3573 3536 68 66 249 113 75 136 81 55
is_linear=0
shrinkage=0.03


Tree=58
num_leaves=19
num_cat=0
split_feature=5 31 26 0 20 25 7 22 30 0 34 30 25 5 26 35 29 1
split_gain=0.00129992 0.00108437 0.000763184 0.000938933 0.00111444 0.0010175 0.000954711 0.00114754 0.000742911 0.000728749 0.000619657 0.000811968 0.000594871 0.000510288 0.000854073 0.000468316 0.000467104 0.000350788
threshold=19863452.000000004 0.046915287548386704 6.0740194134456642 349.20295715332037 489.24499969482429 -0.115574080576049 -1.0000000180025095e-35 44.23101144341166 48.215661787293115 293.56204223632818 -0.0041125211545089959 86.921765394833855 1.6351514362715667 3548311.0000000005 5.6959820547248681 0.046508282606670649 33.970912167820309 114.75000000000001
decision_type=2 2 2 2 2 2 2 2 2 2 2 2 2 2 2 2 2 2
left_child=2 15 10 6 8 -6 7 -4 -5 -8 13 17 -13 16 -15 -2 -1 -12
right_child=1 -3 3 4 5 -7 9 -9 -10 -11 11 12 -14 14 -16 -17 -18 -19
leaf_value=4.1630217965223913e-05 0 0 -0.00035076085231336413 7.0139879398599338e-05 0 -0.00024844345211580827 -6.6810312298131118e-07 0 0 -5.9135547717668273e-05 -1.4254705149192947e-05 0 -0.00014289992997367165 -3.7409625631050229e-05 8.8008919572405122e-05 -0.00032679834629648606 -1.8843560391793505e-05 4.0113979341018112e-05
leaf_weight=310 27 24 20 242 50 24 725 31 319 332 32 81 34 539 42 24 103 1109
leaf_count=310 27 24 20 242 50 24 725 31 319 332 32 81 34 539 42 24 103 1109
internal_value=-1.29213e-06 -0.000125157 2.86188e-07 -1.38204e-05 1.1985e-05 -8.78446e-05 -3.13167e-05 -0.00016788 3.05132e-05 -2.18743e-05 1.25475e-05 2.68519e-05 -3.73947e-05 -2.51041e-06 -2.3167e-05 -0.000205231 1.92853e-05 3.5959e-05
internal_weight=4068 75 3993 1743 635 74 1108 51 561 1057 2250 1256 115 994 581 51 413 1141
internal_count=4068 75 3993 1743 635 74 1108 51 561 1057 2250 1256 115 994 581 51 413 1141
is_linear=0
shrinkage=0.03


Tree=59
num_leaves=18
num_cat=0
split_feature=5 1 27 21 35 24 2 27 30 22 3 34 36 26 29 34 29
split_gain=0.0012495 0.00135772 0.00169216 0.0012203 0.00100334 0.000975028 0.000600875 0.00053192 0.00100521 0.000590781 0.000462516 0.00073526 0.000458009 0.000467879 0.000423465 0.000381315 8.91828e-05
threshold=11213305.000000002 333.10000610351568 -0.11417128885567558 330.03999913533534 0.064830555251102193 -10.728583505704743 221.19999694824222 1.0000000180025095e-35 19.202018145441027 36.454074999469505 460.30000305175787 0.024110417636240559 0.0043572993023255477 10.996984237697108 77.410679905023386 0.08533953934678952 13.284234433958884
decision_type=2 2 2 2 2 2 2 2 2 2 2 2 2 2 2 2 2
left_child=5 2 -2 -3 15 6 -1 8 16 -10 14 -12 13 -8 -9 -4 -7
right_child=1 3 4 -5 -6 7 12 10 9 -11 11 -13 -14 -15 -16 -17 -18
leaf_value=0 -0.00026200660728160045 -0.00035884224281153884 0 0 0.00015763077207586981 3.3821249390775758e-05 -0.00027636286370900335 1.7630402299563958e-05 -0.00018673833898438734 0 -9.9704151855986234e-05 4.2872496987498604e-06 0 0 -7.4188432358465428e-06 -9.3020350488622202e-05 -1.7713286878682042e-06
leaf_weight=20 23 26 159 36 34 70 28 2741 50 26 88 55 27 24 590 46 25
leaf_count=20 23 26 159 36 34 70 28 2741 50 26 88 55 27 24 590 46 25
internal_value=-1.3637e-06 -5.83489e-05 -1.54803e-05 -0.000190878 0 2.76789e-06 -8.82668e-05 6.06581e-06 -4.26104e-05 -0.000126374 9.32648e-06 -3.87681e-05 -0.000128832 -0.000181964 1.22929e-05 -1.64809e-05 0
internal_weight=4068 324 262 62 239 3744 99 3645 171 76 3474 143 79 52 3331 205 95
internal_count=4068 324 262 62 239 3744 99 3645 171 76 3474 143 79 52 3331 205 95
is_linear=0
shrinkage=0.03


Tree=60
num_leaves=16
num_cat=0
split_feature=33 25 30 27 25 28 28 35 20 29 20 31 21 35 30
split_gain=0.00119083 0.000834291 0.000573565 0.00139421 0.000795738 0.00085317 0.000526933 0.00120618 0.000801223 0.000567756 0.000468937 0.000418088 0.000523263 0.000321582 4.71301e-05
threshold=-0.033463896211940174 5.9186979196605103 15.286565505664194 -0.14143176209211825 -2.8198615963119544 235619776.50000003 -64441585.999999993 0.019316609112657108 119.1059997558594 50.127164004561898 506.62500000000006 -0.024390238046174791 241.34250017801924 0.027752069979514748 22.286073117350323
decision_type=2 2 2 2 2 2 2 2 2 2 2 2 2 2 2
left_child=2 6 11 -4 5 -5 7 14 -8 -9 -10 -1 -13 -6 -2
right_child=1 -3 3 4 13 -7 8 9 10 -11 -12 12 -14 -15 -16
leaf_value=0.00010964689058606925 2.7115399828460237e-05 -0.00016525551716637502 -0.00030316687701084459 0.00020154421865472224 -1.3951329334541716e-05 0 -0.00013720839526865455 0 5.5787153808991559e-06 0.00024545858467095775 -0.00013529438949398583 0 -0.00011737701020634362 -0.00011103052237114792 -1.8070642382450878e-06
leaf_weight=29 57 25 25 21 170 25 36 37 3276 36 20 30 36 112 133
leaf_count=29 57 25 25 21 170 25 36 37 3276 36 20 30 36 112 133
internal_value=-1.41076e-06 3.53381e-06 -4.80515e-05 -6.62729e-05 -3.89865e-05 4.39953e-05 5.54663e-06 4.68905e-05 1.38165e-06 0.000150877 3.80966e-06 0 -1.99948e-05 -6.31678e-05 0
internal_weight=4068 3620 448 353 328 46 3595 263 3332 73 3296 95 66 282 190
internal_count=4068 3620 448 353 328 46 3595 263 3332 73 3296 95 66 282 190
is_linear=0
shrinkage=0.03


Tree=61
num_leaves=21
num_cat=0
split_feature=5 36 35 35 26 32 29 5 3 35 33 33 21 29 36 30 27 30 5 24
split_gain=0.00116791 0.00179887 0.00110704 0.00140385 0.000678088 0.000765463 0.00110388 0.000977363 0.000910855 0.000746004 0.00046587 0.000453635 0.000295496 0.0005963 0.00041185 0.00031382 0.000662041 0.000313342 0.000166982 4.0193e-05
threshold=15841409.000000002 0.031925971557785336 0.032436696397362526 0.049330671130541057 3.9831946641627831 0.00091964734736182951 85.656629203463368 2984495.5000000005 460.30000305175787 0.018329998067869072 -0.0057581899866630528 0.034081205269605237 172.52749951680502 79.700132405171999 -1.0000000180025095e-35 77.574858560965808 0.94757891175063491 21.958572779291156 1936158.0000000002 3.4361210753913709
decision_type=2 2 2 2 2 2 2 2 2 2 2 2 2 2 2 2 2 2 2 2
left_child=4 2 -2 -4 12 7 9 10 -9 -7 -6 -8 15 18 -15 17 -17 -1 -14 -3
right_child=1 19 3 -5 5 6 11 8 -10 -11 -12 -13 13 14 -16 16 -18 -19 -20 -21
leaf_value=2.8934247479417795e-05 0 5.0792464637749273e-05 -0.00037963808310024241 -7.4561642630458358e-06 6.1448638326617853e-05 -1.3547029367442302e-06 0 -2.6653177744094861e-05 -0.00016667188738494733 4.5104386873861188e-05 -7.6608896389509598e-07 -9.1852316258630125e-05 0 -0.00011667873324120824 0 0.000102571427525808 0 -1.4893474807202024e-05 6.0779041156016409e-05 0
leaf_weight=191 22 21 34 38 147 414 59 1088 55 589 113 114 22 28 42 85 58 550 378 20
leaf_count=191 22 21 34 38 147 414 59 1088 55 589 113 114 22 28 42 85 58 550 378 20
internal_value=-1.39189e-06 -8.84215e-05 -0.000168035 -0.0002251 8.34811e-07 -7.37408e-06 8.68463e-06 -2.29723e-05 -3.60292e-05 2.29389e-05 2.28852e-05 -5.65917e-05 1.86854e-05 3.91808e-05 -1.30215e-05 4.39202e-06 4.57481e-05 0 5.58153e-05 2.1079e-05
internal_weight=4068 135 94 72 3933 2579 1176 1403 1143 1003 260 173 1354 470 70 884 143 741 400 41
internal_count=4068 135 94 72 3933 2579 1176 1403 1143 1003 260 173 1354 470 70 884 143 741 400 41
is_linear=0
shrinkage=0.03


Tree=62
num_leaves=17
num_cat=0
split_feature=22 5 31 36 25 26 25 35 28 35 20 36 28 25 20 31
split_gain=0.00114653 0.00119627 0.00103194 0.0013212 0.00167346 0.00100796 0.00073203 0.000614578 0.000462974 0.000772872 0.000724821 0.000200657 0.0010671 0.000305128 0.000203623 6.227e-06
threshold=32.745082533420188 5345004.0000000009 -0.0050950012285623783 -0.032199113138671638 -2.2038835561939729 18.516852164655468 5.9186979196605103 0.040506340541881694 -64441585.999999993 0.019528570997974528 118.30250015258791 -0.0067739079778966899 200890183.50000003 -0.34604253558297288 296.11500015258792 -0.012809660730515258
decision_type=2 2 2 2 2 2 2 2 2 2 2 2 2 2 2 2
left_child=1 11 3 -3 -5 6 8 -7 9 -2 -10 14 13 -13 15 -1
right_child=5 2 -4 4 -6 7 -8 -9 10 -11 -12 12 -14 -15 -16 -17
leaf_value=0 0 -0.00025011199008150877 -0.00024755971114314817 0.00019123169504797795 -6.622125903418664e-05 0 -0.00014254633432960143 -0.00025635208220605105 -0.00014480135413102169 0.0001361027394156259 5.4893586930419327e-06 0.0001430630902461689 -9.472184950755896e-05 0 0 -0.000115243648491633
leaf_weight=21 174 22 46 31 84 26 28 21 28 68 3382 56 21 20 20 20
leaf_count=21 174 22 46 31 84 26 28 21 28 68 3382 56 21 20 20 20
internal_value=-1.39154e-06 -5.45038e-05 -0.000106837 -3.75593e-05 0 2.66436e-06 5.21615e-06 -0.000133027 7.17436e-06 4.83472e-05 3.37135e-06 0 3.24911e-05 0.000107142 -3.5749e-05 -7.97419e-05
internal_weight=4068 341 183 137 115 3727 3680 47 3652 242 3410 158 97 76 61 41
internal_count=4068 341 183 137 115 3727 3680 47 3652 242 3410 158 97 76 61 41
is_linear=0
shrinkage=0.03


Tree=63
num_leaves=15
num_cat=0
split_feature=22 34 30 26 34 25 35 35 28 30 31 29 35 28
split_gain=0.00109782 0.00170418 0.00296665 0.000956566 0.000897235 0.000920519 0.000717441 0.000571075 0.000554572 0.000343113 0.000787211 0.000245305 0.000569811 9.61822e-05
threshold=32.745082533420188 -0.064564748585398332 14.953560200797865 18.516852164655468 -0.072970934078677815 5.9186979196605103 0.03738611834926929 0.040506340541881694 -64441585.999999993 14.114522084227961 -0.012809660730515258 18.083440658258969 0.016238723662597366 165313478.50000003
decision_type=2 2 2 2 2 2 2 2 2 2 2 2 2 2
left_child=1 2 6 4 -2 8 -1 -5 -6 10 -3 12 -11 -13
right_child=3 9 -4 7 5 -7 -8 -9 -10 11 -12 13 -14 -15
leaf_value=-9.9456233438104368e-05 0.00016485667865827818 0 -0.00031825080526256367 0 4.9245734549688497e-05 -0.00016849158072287414 0.00014553005597995531 -0.00024869797013642625 8.8866858604474656e-07 0 -0.00016497001129643727 0 0.00012163370668547908 -4.7052228444284461e-05
leaf_weight=20 32 22 51 26 241 27 21 21 3380 22 37 79 50 39
leaf_count=20 32 22 51 26 241 27 21 21 3380 22 37 79 50 39
internal_value=-1.40322e-06 -5.33774e-05 -0.00016494 2.54853e-06 5.05495e-06 2.82635e-06 0 -0.000129599 4.93688e-06 -6.43873e-08 -7.13882e-05 6.32828e-06 5.62819e-05 0
internal_weight=4068 341 92 3727 3680 3648 41 47 3621 249 59 190 72 118
internal_count=4068 341 92 3727 3680 3648 41 47 3621 249 59 190 72 118
is_linear=0
shrinkage=0.03


Tree=64
num_leaves=26
num_cat=0
split_feature=35 27 27 19 2 2 21 30 36 36 22 30 35 33 33 22 30 19 4 27 0 28 20 21 28
split_gain=0.00105149 0.000904798 0.00193841 0.00119621 0.00313539 0.00114285 0.0037082 0.00108972 0.000908159 0.000557859 0.000745007 0.00072679 0.000675565 0.000642796 0.000585702 0.000559839 0.00054745 0.000472985 0.00116989 0.000672211 0.000455541 0.000343573 0.000342215 0.000289194 1.34233e-06
threshold=0.024594575177195908 0.22320715544695122 0.20670555703493099 278.21999511718758 232.09999847412112 378.50000000000006 345.41999944051111 56.904426162461029 -0.0063174263267750221 0.0016158988406580288 32.745082533420188 21.745575453250577 0.022479254416506483 0.033306302239215053 -0.0052587861100676916 57.821692200837468 73.801020258109233 251.57999877929691 265.59999084472662 0.33911692521334685 225.15212249755862 118729956.50000001 369.39499816894539 130.48333333333338 200890183.50000003
decision_type=2 2 2 2 2 2 2 2 2 2 2 2 2 2 2 2 2 2 2 2 2 2 2 2 2
left_child=9 2 3 4 -2 17 -7 -8 -5 10 21 14 13 20 -12 -15 -13 19 -19 -3 -11 23 -14 -1 -23
right_child=1 5 -4 8 -6 6 7 -9 -10 12 11 16 22 15 -16 -17 -18 18 -20 -21 -22 24 -24 -25 -26
leaf_value=0 0 7.3666564493320559e-05 -0.0003415220799444028 8.8152068658358708e-05 -0.00024582190088032299 -0.00046571974305491617 6.4956102950650479e-05 -8.7649241724259628e-05 -8.5591044858170185e-05 3.9043352007686426e-05 7.7915658587838157e-05 -1.5523544846705625e-05 0.00012852861217783846 -0.00012848935155053426 0 0 2.8268635425080017e-05 0.00024598816968838746 8.9161312883745868e-06 -3.1071478528280397e-05 0 0 0 -0.00013331238145651244 -6.0414007768260678e-06
leaf_weight=21 101 56 25 85 70 20 63 94 27 608 194 1077 85 45 53 61 313 24 282 344 275 23 20 69 33
leaf_count=21 101 56 25 85 70 20 63 94 27 608 194 1077 85 45 53 61 313 24 282 344 275 23 20 69 33
internal_value=-1.35421e-06 -2.5666e-05 -7.12277e-05 -3.6641e-05 -9.09134e-05 -6.37015e-06 -7.62848e-05 -7.31422e-06 1.94668e-05 7.66803e-06 -1.11785e-06 2.94165e-06 2.4728e-05 1.34601e-05 5.13366e-05 -4.76323e-05 -3.50299e-06 6.91765e-06 3.7385e-05 -8.89528e-06 2.41956e-05 -6.71391e-05 0.000102203 -0.00010364 0
internal_weight=4068 1191 308 283 171 883 177 157 112 2877 1783 1637 1094 989 247 106 1390 706 306 400 883 146 105 90 56
internal_count=4068 1191 308 283 171 883 177 157 112 2877 1783 1637 1094 989 247 106 1390 706 306 400 883 146 105 90 56
is_linear=0
shrinkage=0.03


Tree=65
num_leaves=18
num_cat=0
split_feature=5 31 31 33 24 24 36 25 2 20 34 28 35 36 26 30 36
split_gain=0.0010258 0.0011794 0.00119914 0.00105157 0.00148831 0.00085098 0.000675404 0.000816081 0.000560757 0.000475449 0.000609811 0.000496936 0.00045451 0.000430911 0.000431481 0.000375753 0.000419334
threshold=11213305.000000002 -0.0095802391830999683 -0.021144797494271447 0.050116028063170399 8.4893667249542926 -10.728583505704743 -0.032199113138671638 -0.80121383345880026 221.19999694824222 506.62500000000006 -0.091977256895321588 -67234916.999999985 0.049330671130541057 0.0043572993023255477 10.996984237697108 32.968269455098486 0.0061906139372889697
decision_type=2 2 2 2 2 2 2 2 2 2 2 2 2 2 2 2 2
left_child=5 2 6 15 12 8 -2 -8 -1 10 -7 -12 -5 14 -10 -3 -17
right_child=1 3 -4 4 -6 9 7 -9 13 -11 11 -13 -14 -15 -16 16 -18
leaf_value=0 -0.0001358221426136537 0 -0.00029286352515570883 -6.9588018391439899e-05 -0.00030538913986691979 -0.00014602026009989539 0.00018788335942176738 -3.1521850396819639e-05 -0.00026394452321631257 -0.00012088180347674242 5.047151534503175e-05 4.7950604614284094e-06 7.4691614347387395e-05 0 0 0 0.00013696430293278134
leaf_weight=20 35 33 35 52 21 21 20 25 28 24 257 3343 28 27 24 20 55
leaf_count=20 35 33 35 52 21 21 20 25 28 24 257 3343 28 27 24 20 55
internal_value=-1.31408e-06 -5.29726e-05 -0.000130857 0 -7.88369e-05 2.35641e-06 -2.22484e-05 0 -8.26406e-05 5.4902e-06 7.15958e-06 8.89047e-06 0 -0.000122215 -0.000173554 5.42423e-05 9.34779e-05
internal_weight=4068 324 115 209 101 3744 80 45 99 3645 3621 3600 80 79 52 108 75
internal_count=4068 324 115 209 101 3744 80 45 99 3645 3621 3600 80 79 52 108 75
is_linear=0
shrinkage=0.03


Tree=66
num_leaves=19
num_cat=0
split_feature=5 24 23 26 36 25 24 25 25 23 27 28 3 25 28 20 20 5
split_gain=0.000997354 0.00104994 0.00157704 0.00058935 0.000751561 0.00148678 0.00145477 0.00123101 0.00127033 0.00119557 0.000698148 0.000294719 0.00038159 0.000524061 0.000350035 0.000308355 0.00020723 3.02998e-06
threshold=19863452.000000004 1.6315498195797173 13.493600277506944 3.7220590466227539 0.0023800624924219262 -1.9099599456452958 11.190721282733312 -1.0874832832799013 -0.64949517859325179 -1.3345389962903764 0.62474223952731778 36577134.500000007 199.55000305175784 -0.64949517859325179 -67234916.999999985 119.1059997558594 125.61499958038331 4367577.5000000009
decision_type=2 2 2 2 2 2 2 2 2 2 2 2 2 2 2 2 2 2
left_child=3 -2 -3 11 5 9 -7 10 -9 -5 -6 14 13 -13 16 -16 -1 -14
right_child=1 2 -4 4 7 6 -8 8 -10 -11 -12 12 17 -15 15 -17 -18 -19
leaf_value=5.0877841721549124e-05 -0.00026126586317473064 0.00011955387092417509 -0.0002250155979253129 -8.2310445386934831e-07 -6.2619773464941215e-05 -2.3375036701024631e-05 -0.0001606022865030221 0.00015416592727896569 1.5000234318635933e-05 0.00010885141756781894 5.5316444966442792e-05 0 0 7.2441650848185845e-05 -8.8490982100021114e-05 0 0 -1.0221641287930173e-05
leaf_weight=193 27 28 20 143 243 1324 85 76 692 126 29 60 42 278 37 576 63 26
leaf_count=193 27 28 20 143 243 1324 85 76 692 126 29 60 42 278 37 576 63 26
internal_value=-1.33769e-06 -0.000109769 0 0 -7.17753e-06 -2.02668e-05 -3.37933e-05 1.10571e-05 3.26959e-05 3.94217e-05 -3.90046e-05 1.74975e-05 3.98324e-05 5.40508e-05 3.60733e-06 -4.60439e-06 3.49788e-05 0
internal_weight=4068 75 48 3993 2718 1678 1409 1040 768 269 272 1275 406 338 869 613 256 68
internal_count=4068 75 48 3993 2718 1678 1409 1040 768 269 272 1275 406 338 869 613 256 68
is_linear=0
shrinkage=0.03


Tree=67
num_leaves=18
num_cat=0
split_feature=22 26 36 36 26 33 35 25 23 35 0 26 31 31 36 22 33
split_gain=0.000960212 0.00118584 0.00108576 0.00106844 0.00103372 0.000684332 0.00089147 0.00101141 0.000692015 0.00134323 0.000740265 0.000591185 0.000754536 0.00101483 0.000717856 0.000682865 0.000586737
threshold=34.390485416828767 8.3799130913599633 -0.020462305507220235 -0.005570484183491659 18.516852164655468 0.05185243634252746 0.064830555251102193 1.5332120843907839 -3.5851883285074844 0.018329998067869072 225.15212249755862 7.4808930579446216 -0.0076198084242355404 0.011124618280138667 -0.0033009141873435932 29.752993322549955 -0.009829611635280287
decision_type=2 2 2 2 2 2 2 2 2 2 2 2 2 2 2 2 2
left_child=1 11 -3 -4 5 8 7 -7 9 -2 -10 12 14 -14 -1 -13 -6
right_child=4 2 3 -5 16 6 -8 -9 10 -11 -12 15 13 -15 -16 -17 -18
leaf_value=-0.00011182893112812369 -4.5643051777156845e-06 -0.00037413304920113689 3.9520177594107742e-05 -0.00018983013910541159 -0.00023930299047504342 0 9.8479883675810982e-05 -0.00013475944643465384 1.4766735334185297e-05 8.9243354859941236e-05 -1.6710431628427323e-05 0.00016693443660000239 5.4557346428451517e-05 -0.00015548898427866987 0 0 0
leaf_weight=137 171 20 25 26 24 109 20 106 1959 265 971 29 111 24 21 28 22
leaf_count=137 171 20 25 26 24 109 20 106 1959 265 971 29 111 24 21 28 22
internal_value=-1.30593e-06 -4.46861e-05 -0.0001615 -1.88378e-05 2.88028e-06 5.49054e-06 -4.17162e-05 -6.87444e-05 9.6787e-06 4.55801e-05 3.31115e-06 -1.23811e-05 -3.64484e-05 0 -8.22079e-05 5.86411e-05 -0.000135951
internal_weight=4068 421 71 51 3647 3601 235 215 3366 436 2930 350 293 135 158 57 46
internal_count=4068 421 71 51 3647 3601 235 215 3366 436 2930 350 293 135 158 57 46
is_linear=0
shrinkage=0.03


Tree=68
num_leaves=19
num_cat=0
split_feature=5 24 23 21 28 21 28 25 31 3 28 31 26 26 31 25 29 31
split_gain=0.000909085 0.000995148 0.00146604 0.000605519 0.000890645 0.000945105 0.00137225 0.00127315 0.000937603 0.00095592 0.000528006 0.00065794 0.00125147 0.000646835 0.000528631 0.000434287 0.000416077 0.000182959
threshold=19863452.000000004 1.6315498195797173 13.493600277506944 245.35499992370606 280510599.00000006 439.17333424886073 348579973.50000006 -1.5538355002087965 0.013129434795221441 338.19999694824224 29140289.500000004 0.02397326591849747 2.7602941632298434 5.8289053082103903 -0.0085443898227983133 -1.8671411330500292 75.073427090810739 -0.012488366810094574
decision_type=2 2 2 2 2 2 2 2 2 2 2 2 2 2 2 2 2 2
left_child=3 -2 -3 10 8 7 -7 -6 9 -5 11 13 -13 -1 17 -10 -16 -12
right_child=1 2 -4 4 5 6 -8 -9 15 -11 14 12 -14 -15 16 -17 -18 -19
leaf_value=0 -0.00025197274138810753 0.00011709950351424752 -0.00021557801681111995 -2.5810030775477092e-05 0.00013753280808911339 0 -0.00014559125828338712 6.1800098208251555e-06 -4.5684033391428848e-05 -0.00012379226548452061 0 0 -0.00019689656612914701 0.00015659802658019655 5.3194182138552998e-05 4.6810618157820681e-05 0 -4.6721871148867712e-05
leaf_weight=989 27 28 20 780 97 194 69 407 33 136 143 23 44 24 570 179 229 76
leaf_count=989 27 28 20 780 97 194 69 407 33 136 143 23 44 24 570 179 229 76
internal_value=-1.29064e-06 -0.000104808 0 0 -1.16163e-05 1.05551e-05 -2.95457e-05 3.74337e-05 -2.9351e-05 -4.36443e-05 1.17414e-05 -2.42556e-07 -9.32409e-05 2.95576e-06 2.74007e-05 1.82538e-05 3.93715e-05 -2.57935e-06
internal_weight=4068 75 48 3993 1895 767 263 504 1128 916 2098 1080 67 1013 1018 212 799 219
internal_count=4068 75 48 3993 1895 767 263 504 1128 916 2098 1080 67 1013 1018 212 799 219
is_linear=0
shrinkage=0.03


Tree=69
num_leaves=17
num_cat=0
split_feature=22 34 30 0 36 26 34 34 25 33 36 34 36 28 24 28
split_gain=0.000882277 0.00125013 0.00229168 0.00158027 0.00111099 0.000962796 0.000954881 0.000879038 0.000789569 0.000534121 0.000477101 0.000452309 0.00038661 0.000361442 0.000192391 5.35158e-06
threshold=34.691178939591914 -0.063070969198089952 14.953560200797865 200.90485382080081 -0.011605087208508775 18.516852164655468 -0.072970934078677815 -0.039830572401921165 5.9186979196605103 -0.009829611635280287 -0.0053050250451311979 -0.0038228985447049664 -1.0000000180025095e-35 211086133.50000003 -2.1131694810133461 175355315.50000003
decision_type=2 2 2 2 2 2 2 2 2 2 2 2 2 2 2 2
left_child=1 2 4 -4 -1 6 -2 12 11 -7 13 -8 14 -9 -3 -12
right_child=5 7 3 -5 -6 9 8 10 -10 -11 15 -13 -14 -15 -16 -17
leaf_value=0.00015496087165695958 0.00017576186928551556 0.00010312792188054336 -0.00039133720911848236 0 -0.00012837432252428652 -0.00022970215396190454 -6.7360163546100571e-06 -0.0001290273085720783 -0.00015488995921306611 0 0 1.4326062122327679e-05 0 0 0 -1.4439635568407247e-05
leaf_weight=25 30 74 35 21 24 24 1386 77 27 22 78 2142 40 20 20 23
leaf_count=25 30 74 35 21 24 24 1386 77 27 22 78 2142 40 20 20 23
internal_value=-1.215e-06 -4.19779e-05 -0.000134123 -0.000265454 0 2.86574e-06 5.42355e-06 -3.77072e-06 3.13734e-06 -0.00013098 -5.16695e-05 5.2014e-06 4.46195e-05 -9.93422e-05 8.08384e-05 0
internal_weight=4068 437 105 56 49 3631 3585 332 3555 46 198 3528 134 97 94 101
internal_count=4068 437 105 56 49 3631 3585 332 3555 46 198 3528 134 97 94 101
is_linear=0
shrinkage=0.03


Tree=70
num_leaves=16
num_cat=0
split_feature=5 1 23 29 34 24 0 2 20 34 28 20 34 5 0
split_gain=0.000855207 0.00124688 0.00155602 0.001181 0.00132289 0.000754055 0.000692216 0.000525931 0.000401979 0.000524233 0.000444859 0.000396574 0.000250603 0.000188312 3.31648e-05
threshold=11213305.000000002 333.10000610351568 13.493600277506944 40.441892886314584 -0.091977256895321588 -10.728583505704743 241.85626220703128 221.19999694824222 506.62500000000006 -0.091977256895321588 -67234916.999999985 287.66500015258799 0.08533953934678952 4949267.5000000009 349.20295715332037
decision_type=2 2 2 2 2 2 2 2 2 2 2 2 2 2 2
left_child=5 3 14 4 -2 7 12 -1 9 -7 -11 -9 -5 -13 -3
right_child=1 2 -4 6 -6 8 -8 11 -10 10 -12 13 -14 -15 -16
leaf_value=0 0 -3.7611317092561602e-05 -0.00040324671284309516 2.6692145529113497e-05 -0.0001943957694257875 -0.00013475900088322139 0.00017086744365519825 -0.000238742328645936 -0.00011057041285953702 4.7697202453672033e-05 4.3893780154383796e-06 0 -5.7571956785188663e-05 -8.0809607939933819e-05 0
leaf_weight=20 32 21 20 102 57 21 25 25 24 257 3343 28 46 26 21
leaf_count=20 32 21 20 102 57 21 25 25 24 257 3343 28 46 26 21
internal_value=-1.22524e-06 -4.84222e-05 -0.000173437 -7.33756e-06 -0.000104188 2.05903e-06 2.51876e-05 -7.78981e-05 5.05581e-06 6.65369e-06 8.31562e-06 -0.000116561 0 -4.20584e-06 0
internal_weight=4068 324 62 262 89 3744 173 99 3645 3621 3600 79 148 54 42
internal_count=4068 324 62 262 89 3744 173 99 3645 3621 3600 79 148 54 42
is_linear=0
shrinkage=0.03


Tree=71
num_leaves=17
num_cat=0
split_feature=22 34 22 22 4 26 34 34 25 33 36 34 27 36 24 5
split_gain=0.00081943 0.00114363 0.00125761 0.00210739 0.00156868 0.000872179 0.000918417 0.000826487 0.00072524 0.000494424 0.00044155 0.000423587 0.000411768 0.000367792 0.000178007 6.59177e-05
threshold=34.691178939591914 -0.063070969198089952 25.507152842729706 29.372251165847 231.90000152587893 18.516852164655468 -0.072970934078677815 -0.039830572401921165 5.9186979196605103 -0.009829611635280287 -0.0053050250451311979 -0.0038228985447049664 0.018514835494882618 -1.0000000180025095e-35 -2.1131694810133461 5484389.0000000009
decision_type=2 2 2 2 2 2 2 2 2 2 2 2 2 2 2 2
left_child=1 2 4 -4 -1 6 -2 13 11 -7 12 -8 -9 14 -3 -12
right_child=5 7 3 -5 -6 9 8 10 -10 -11 15 -13 -14 -15 -16 -17
leaf_value=0.00011161260373465164 0.00017216883491464824 9.9920495520468413e-05 -0.00042753354874412773 0 -0.00022033892794273862 -0.00021944373526274226 -6.5928990678755264e-06 0 -0.00014846184545255013 0 7.3865488851253216e-06 1.3775603541108547e-05 -0.00013077984990666127 0 0 -4.6884560124091498e-05
leaf_weight=31 30 74 26 27 21 24 1386 23 27 22 76 2142 74 40 20 25
leaf_count=31 30 74 26 27 21 24 1386 23 27 22 76 2142 74 40 20 25
internal_value=-1.20894e-06 -4.0503e-05 -0.00012875 -0.000232648 0 2.69499e-06 5.16841e-06 -3.52987e-06 2.91046e-06 -0.000124588 -5.02077e-05 4.92342e-06 -9.61016e-05 4.30565e-05 7.84829e-05 0
internal_weight=4068 437 105 53 52 3631 3585 332 3555 46 198 3528 97 134 94 101
internal_count=4068 437 105 53 52 3631 3585 332 3555 46 198 3528 97 134 94 101
is_linear=0
shrinkage=0.03


Tree=72
num_leaves=18
num_cat=0
split_feature=5 24 23 21 28 21 24 31 3 31 36 31 30 36 30 36 24
split_gain=0.000789907 0.000969982 0.00126855 0.0005367 0.000825143 0.000873144 0.00130611 0.000863748 0.000889566 0.000735631 0.000496562 0.000506935 0.000471681 0.000474018 0.000450254 0.000368994 0.000355681
threshold=19863452.000000004 1.6315498195797173 13.493600277506944 245.35499992370606 280510599.00000006 439.17333424886073 1.3027532744775894 0.013129434795221441 338.19999694824224 -0.00054347262650517026 0.00090663984741628796 0.012929067114578309 85.995231286170608 0.016735754678415701 89.312578168417147 0.028547439817999103 -5.9752194456485466
decision_type=2 2 2 2 2 2 2 2 2 2 2 2 2 2 2 2 2
left_child=3 -2 -3 10 7 9 -7 8 -5 -6 11 16 13 -12 -14 -9 -1
right_child=1 2 -4 4 5 6 -8 15 -10 -11 12 -13 14 -15 -16 -17 -18
leaf_value=0.0001109482848684935 -0.00024221640063030471 0.00011340495703155272 -0.00019703194401713445 -2.4467659055084051e-05 7.600349666138297e-05 0 -0.00014795713706715224 4.5676132657861192e-05 -0.00011928979595922731 0 4.6850967841187924e-05 -0.00014035772490364273 -0.00010599974236141035 0 0 -3.0008904283757122e-05 0
leaf_weight=26 27 28 20 780 229 200 63 172 136 275 687 23 40 147 32 40 1143
leaf_count=26 27 28 20 780 229 200 63 172 136 275 687 23 40 147 32 40 1143
internal_value=-1.21692e-06 -9.77061e-05 0 0 -1.09575e-05 1.02979e-05 -2.79709e-05 -2.80694e-05 -4.18323e-05 3.62204e-05 1.10351e-05 0 2.78422e-05 3.60097e-05 -2.50749e-05 1.72442e-05 9.98336e-07
internal_weight=4068 75 48 3993 1895 767 263 1128 916 504 2098 1192 906 834 72 212 1169
internal_count=4068 75 48 3993 1895 767 263 1128 916 504 2098 1192 906 834 72 212 1169
is_linear=0
shrinkage=0.03


Tree=73
num_leaves=22
num_cat=0
split_feature=35 7 35 5 21 26 35 26 36 35 2 22 5 25 26 28 31 36 34 5 34
split_gain=0.000765299 0.000861081 0.000673802 0.00140305 0.0011297 0.00064466 0.000568136 0.000451472 0.000451447 0.000664219 0.000753259 0.000611756 0.000480552 0.000426783 0.000610016 0.000582227 0.000365441 0.00030245 0.000589027 0.000274564 2.20332e-05
threshold=0.024594575177195908 -89.999999999999986 0.064830555251102193 15841409.000000002 245.35499992370606 6.0740194134456642 0.027087010670727631 10.377469265131584 0.0016158988406580288 0.021642142930605086 416.89999389648443 32.745082533420188 3682099.5000000005 -2.0634410011418987 3.0536585460889918 211086133.50000003 -0.012809660730515258 0.0066293704218495578 -0.015110218301912169 2033110.0000000002 0.043946444938698044
decision_type=2 2 2 2 2 2 2 2 2 2 2 2 2 2 2 2 2 2 2 2 2
left_child=8 5 3 6 -5 -2 -3 -4 11 17 20 12 -1 15 -15 -13 -14 19 -19 -10 -11
right_child=1 2 7 4 -6 -7 -8 -9 9 10 -12 13 16 14 -16 -17 -18 18 -20 -21 -22
leaf_value=0 0 -4.9941362618102729e-05 0.00017587625874202558 -7.4346898452385631e-06 -0.00030434473808950831 -0.00022508339072107214 1.2872088639194619e-06 0 -2.4318186269613737e-06 0.00012418969576719492 0 0 0 2.6025593931282101e-05 -1.465989869318117e-05 0.00011592771866759348 -0.00014755106957520074 -7.0351324181216002e-05 7.6494234803212013e-06 3.6751254614638869e-05 0
leaf_weight=42 21 226 24 61 29 34 765 31 51 113 20 39 44 476 1054 68 60 104 353 432 21
leaf_count=42 21 226 24 61 29 34 765 31 51 113 20 39 44 476 1054 68 60 104 353 432 21
internal_value=-1.21492e-06 -2.2035e-05 -1.34625e-05 -2.09209e-05 -0.000136634 -0.000144305 -7.37251e-06 7.84546e-05 6.36179e-06 2.17832e-05 8.24112e-05 -1.41857e-06 -6.11918e-05 2.08337e-06 -4.066e-08 6.04379e-05 -9.70041e-05 8.65162e-06 -3.54969e-06 2.64044e-05 0.000113402
internal_weight=4068 1191 1136 1081 90 55 991 55 2877 1094 154 1783 146 1637 1530 107 104 940 457 483 134
internal_count=4068 1191 1136 1081 90 55 991 55 2877 1094 154 1783 146 1637 1530 107 104 940 457 483 134
is_linear=0
shrinkage=0.03


Tree=74
num_leaves=14
num_cat=0
split_feature=5 1 23 27 35 33 34 35 33 35 29 32 20
split_gain=0.000737552 0.00114013 0.00141266 0.00119291 0.000995816 0.000541811 0.000466192 0.000457753 0.0029546 0.00045385 0.000425398 0.000386016 2.16446e-05
threshold=11213305.000000002 333.10000610351568 13.493600277506944 -0.11417128885567558 0.064830555251102193 0.05185243634252746 -0.091977256895321588 0.04365624384773991 0.017869434334126803 0.038221958574974353 69.439851902967931 0.032110329697187752 371.67000198364263
decision_type=2 2 2 2 2 2 2 2 2 2 2 2 2
left_child=6 3 12 -2 5 -5 -1 9 -9 11 -11 -8 -3
right_child=1 2 -4 4 -6 -7 7 8 -10 10 -12 -13 -14
leaf_value=-0.00011942303948262463 -0.0002161815712325178 -2.9689302858664765e-05 -0.00038295165343738317 7.9021784846563046e-06 0.00016068577258424323 -8.3567138590220214e-05 6.3900577422078283e-06 -0.00026414848804927343 7.6174479521759112e-05 0.0001186500763178804 0 -3.5617625831696627e-05 0
leaf_weight=27 23 22 20 134 34 71 3365 40 34 62 21 195 20
leaf_count=27 23 22 20 134 34 71 3365 40 34 62 21 195 20
internal_value=-1.20108e-06 -4.50455e-05 -0.000164298 -5.32755e-06 2.49872e-06 -9.17573e-06 1.79298e-06 3.48376e-06 -6.74063e-05 5.74903e-06 7.68964e-05 3.24547e-06 0
internal_weight=4068 324 62 262 239 205 3744 3717 74 3643 83 3560 42
internal_count=4068 324 62 262 239 205 3744 3717 74 3643 83 3560 42
is_linear=0
shrinkage=0.03


Tree=75
num_leaves=14
num_cat=0
split_feature=22 25 36 31 35 20 33 33 35 5 23 35 23
split_gain=0.000724283 0.00100168 0.000915081 0.00112776 0.00147858 0.000699697 0.000915409 0.000647131 0.000864394 0.000722144 0.000599299 0.00110196 0.000498437
threshold=34.691178939591914 -0.024371103604108543 -0.025515972705597568 0.012481847294379513 0.029175334746702582 489.24499969482429 -0.012563345632644328 0.05185243634252746 0.064830555251102193 7693708.5000000009 -3.5851883285074844 0.018329998067869072 -0.97580550084661855
decision_type=2 2 2 2 2 2 2 2 2 2 2 2 2
left_child=1 2 -1 4 -4 7 -7 10 9 -9 11 -2 -12
right_child=5 -3 3 -5 -6 6 -8 8 -10 -11 12 -13 -14
leaf_value=-0.0001632584302577584 -1.9466990624809179e-06 -0.00025502281105399603 -1.0852333703882295e-05 -0.0001809401958412626 0.00014276136069082173 -0.00022167507177500508 0 0 9.5797491871487718e-05 -0.00010612201007403743 -1.8411359648468366e-05 8.2231852637137685e-05 1.0764580027474141e-05
leaf_weight=37 162 21 284 30 65 28 47 67 20 145 643 264 2255
leaf_count=37 162 21 284 30 65 28 47 67 20 145 643 264 2255
internal_value=-1.18646e-06 -3.81459e-05 -1.99293e-05 0 9.19684e-06 2.43643e-06 -8.61177e-05 5.15012e-06 -4.10271e-05 -6.81184e-05 9.27672e-06 4.31867e-05 3.25553e-06
internal_weight=4068 437 416 379 349 3631 75 3556 232 212 3324 426 2898
internal_count=4068 437 416 379 349 3631 75 3556 232 212 3324 426 2898
is_linear=0
shrinkage=0.03


Tree=76
num_leaves=20
num_cat=0
split_feature=22 28 0 24 0 32 32 32 29 0 2 25 24 23 30 5 29 22 26
split_gain=0.000700483 0.0011471 0.00143799 0.000640411 0.00112643 0.00162778 0.00186591 0.000706947 0.000872063 0.000594399 0.00183634 0.000781163 0.000399964 0.000544882 0.000414673 0.000654895 0.000406171 0.000256102 8.84767e-05
threshold=32.745082533420188 231496811.00000003 349.20295715332037 5.1443041251500281 310.37072753906256 0.053050406723326955 -0.0039890515220348246 -0.03346665890525418 57.083055077771242 209.98652648925784 234.90000152587893 -1.8671411330500292 -10.728583505704743 -13.506551248766156 46.988913906552909 5542946.0000000009 57.469900391268126 30.180843862775173 7.5359626903840518
decision_type=2 2 2 2 2 2 2 2 2 2 2 2 2 2 2 2 2 2 2
left_child=1 9 -3 12 7 6 -6 -5 -9 10 11 -1 13 -2 15 -14 -16 18 -11
right_child=3 2 -4 4 5 -7 -8 8 -10 17 -12 -13 14 -15 16 -17 -18 -19 -20
leaf_value=0.00016260971880178031 0 -0.00037161382895362479 0 0.0001458767408341095 -0.00013924119491311976 -0.00035511220442635045 1.6156907703596483e-05 -6.7919613497817094e-05 3.6754970105043924e-05 0 -0.0002541521458917028 -2.912334492392669e-05 8.5483793106464436e-06 -0.00013092948352910283 -2.51008606109215e-05 6.4239425367347458e-05 8.7136445259459515e-06 0 0.00012594391538439914
leaf_weight=21 23 21 21 30 102 20 138 127 147 20 32 171 1117 42 428 291 1262 26 29
leaf_count=21 23 21 21 30 102 20 138 127 147 20 32 171 1117 42 428 291 1262 26 29
internal_value=-1.21245e-06 -4.27885e-05 -0.000196141 1.78766e-06 -2.65167e-05 -7.35218e-05 -3.7423e-05 3.83086e-06 -8.24249e-07 -1.11588e-05 -4.33299e-05 0 7.78377e-06 -5.96079e-05 1.01679e-05 2.21927e-05 0 4.49085e-05 8.81989e-05
internal_weight=4068 341 42 3727 564 260 240 304 274 299 224 192 3163 65 3098 1408 1690 75 49
internal_count=4068 341 42 3727 564 260 240 304 274 299 224 192 3163 65 3098 1408 1690 75 49
is_linear=0
shrinkage=0.03


Tree=77
num_leaves=18
num_cat=0
split_feature=33 23 28 5 5 28 34 29 27 29 24 0 29 28 19 36 1
split_gain=0.000690807 0.000517014 0.00113275 0.000501738 0.00140171 0.00103125 0.000964948 0.000838939 0.000603894 0.000500732 0.0003428 0.000387259 0.000385683 0.000272634 0.00075178 0.000513672 8.23428e-05
threshold=-0.033463896211940174 16.101340865292688 375573809.50000006 15127467.000000002 8223736.5000000009 172503788.50000003 -0.077820011197215641 8.6525967258960659 0.30493904374393599 36.810552881599087 -10.728583505704743 315.48075866699224 39.19071905655094 -64441585.999999993 118.97000122070314 -0.0078654515537678934 330.69999694824224
decision_type=2 2 2 2 2 2 2 2 2 2 2 2 2 2 2 2 2
left_child=3 10 16 4 6 -5 -1 -6 -9 -8 11 12 -2 15 -15 -12 -3
right_child=1 2 -4 5 7 -7 9 8 -10 -11 13 -13 -14 14 -16 -17 -18
leaf_value=-0.00028215438895511314 0 0 0 -0.00027869995897906324 -2.1102409898651177e-05 0 -9.7002004559784941e-07 0.00016007021508065481 0 -0.00014643045901712549 0.00012453635585151762 0 -0.00016384477662079614 -0.00012061709806622161 6.1673230268423435e-06 1.0603722469253828e-06 -0.00027280316507415981
leaf_weight=20 26 20 35 24 23 24 232 66 27 32 54 20 34 41 3161 209 20
leaf_count=20 26 20 35 24 23 24 232 66 27 32 54 20 34 41 3161 209 20
internal_value=-1.14774e-06 2.43228e-06 -7.31896e-05 -3.67646e-05 -1.6837e-05 -0.000140078 -5.84191e-05 5.90903e-05 0.000111148 -3.00097e-05 4.88044e-06 -5.23803e-05 -9.72418e-05 7.06972e-06 3.60331e-06 3.78531e-05 -0.000188296
internal_weight=4068 3620 75 448 400 48 284 116 93 264 3545 80 60 3465 3202 263 40
internal_count=4068 3620 75 448 400 48 284 116 93 264 3545 80 60 3465 3202 263 40
is_linear=0
shrinkage=0.03


Tree=78
num_leaves=18
num_cat=0
split_feature=33 23 28 30 27 33 36 31 33 21 33 28 35 19 22 1 22
split_gain=0.000671441 0.000487346 0.00109123 0.000486345 0.00104001 0.000539012 0.000487752 0.000431858 0.000374217 0.000354176 0.000325106 0.000339974 0.00132656 0.000688145 0.000253717 5.23432e-05 2.42261e-05
threshold=-0.033463896211940174 16.101340865292688 375573809.50000006 15.286565505664194 -0.14143176209211825 -0.045081004107045013 -0.0060184974198284466 -0.024390238046174791 -0.050337068256813715 241.34250017801924 -0.029873305232616273 -64441585.999999993 0.020703764163491557 118.97000122070314 36.781950730512001 330.69999694824224 31.658257201546267
decision_type=2 2 2 2 2 2 2 2 2 2 2 2 2 2 2 2 2
left_child=3 10 15 7 -5 8 -7 -1 -6 -9 14 12 -12 -13 16 -3 -2
right_child=1 2 -4 4 5 6 -8 9 -10 -11 11 13 -14 -15 -16 -17 -18
leaf_value=0.0001148799172429771 2.3623865082786558e-05 0 0 -0.00025917991591372573 -1.3747896113871301e-05 0 -0.0001148520870188928 0 8.4153236450881436e-05 -9.4647094726025882e-05 0 -0.00012390070539107195 0.00016018918576546316 1.0917247599639773e-06 9.5460110861210007e-05 -0.00026465978716680802 -1.9442031551911001e-05
leaf_weight=29 24 20 35 25 92 100 91 30 45 36 198 40 59 3138 64 20 22
leaf_count=29 24 20 35 25 92 100 91 30 45 36 198 40 59 3138 64 20 22
internal_value=-1.17212e-06 2.34552e-06 -7.10101e-05 -3.6285e-05 -5.39486e-05 -2.90882e-05 -6.31762e-05 0 0 -8.36727e-06 4.74567e-06 2.20233e-06 3.54247e-05 0 5.68452e-05 -0.000184214 0
internal_weight=4068 3620 75 448 353 328 191 95 137 66 3545 3435 257 3178 110 40 46
internal_count=4068 3620 75 448 353 328 191 95 137 66 3545 3435 257 3178 110 40 46
is_linear=0
shrinkage=0.03


Tree=79
num_leaves=19
num_cat=0
split_feature=35 7 35 5 36 35 0 36 35 0 4 36 34 5 21 28 33 36
split_gain=0.000657565 0.000815856 0.000629002 0.00124065 0.00100457 0.000540739 0.000487766 0.000432875 0.000667161 0.000564397 0.000409575 0.000393358 0.000427912 0.00039239 0.000351869 0.000380637 0.000305793 0.000278426
threshold=0.024594575177195908 -89.999999999999986 0.064830555251102193 15841409.000000002 0.034008946954061467 0.027087010670727631 185.633171081543 0.0029862017809198674 0.021998076807760534 358.93751525878912 261.50000000000006 0.0066293704218495578 -0.015110218301912169 9988861.5000000019 123.06599992116294 36577134.500000007 -0.0015463894735695536 -0.010150007363365464
decision_type=2 2 2 2 2 2 2 2 2 2 2 2 2 2 2 2 2 2
left_child=7 6 3 5 -5 -3 -2 13 11 -10 -4 16 -13 14 17 -16 -9 -1
right_child=1 2 10 4 -6 -7 -8 8 9 -11 -12 12 -14 -15 15 -17 -18 -19
leaf_value=0.00016713748646052134 0 -4.8186693755169756e-05 0 -0.00018854374424631613 0 1.9599930385029083e-06 -0.00020719906765321848 7.0336267552754134e-05 0.00012197291301823934 0 0.00016631837059517362 -5.9923924187280458e-05 4.4810936779597883e-06 -0.00010195010547223022 -2.4762112478274122e-05 4.9907057950394017e-06 0 0
leaf_weight=20 20 226 30 67 23 765 35 138 103 22 25 107 364 34 515 1305 204 65
leaf_count=20 20 226 30 67 23 765 35 138 103 22 25 107 364 34 515 1305 204 65
internal_value=-1.13076e-06 -2.04704e-05 -1.20689e-05 -1.93763e-05 -0.000128217 -6.45285e-06 -0.000139216 5.83306e-06 2.27658e-05 9.05575e-05 7.68828e-05 8.64332e-06 -3.79173e-06 -8.11885e-07 0 -1.781e-06 3.45343e-05 6.04438e-05
internal_weight=4068 1191 1136 1081 90 991 55 2877 938 125 55 813 471 1939 1905 1820 342 85
internal_count=4068 1191 1136 1081 90 991 55 2877 938 125 55 813 471 1939 1905 1820 342 85
is_linear=0
shrinkage=0.03


Tree=80
num_leaves=18
num_cat=0
split_feature=22 34 30 0 36 34 31 26 34 24 29 33 36 29 19 24 5
split_gain=0.000632829 0.00100073 0.00206783 0.00147394 0.00101008 0.000753569 0.000726931 0.000721339 0.000914986 0.000566329 0.000769577 0.000412414 0.000358806 0.000344272 0.000285701 0.000159363 4.2283e-05
threshold=34.691178939591914 -0.063070969198089952 14.953560200797865 200.90485382080081 -0.011605087208508775 -0.039830572401921165 -0.0073015058504801713 18.516852164655468 -0.072970934078677815 5.1443041251500281 46.696645028770078 -0.009829611635280287 -1.0000000180025095e-35 77.410679905023386 305.16000061035157 -8.2119912302400397 4661966.0000000009
decision_type=2 2 2 2 2 2 2 2 2 2 2 2 2 2 2 2 2
left_child=1 2 4 -4 -1 12 14 8 -2 13 -11 -9 15 -10 -7 -3 -8
right_child=7 5 3 -5 -6 6 16 11 9 10 -12 -13 -14 -15 -16 -17 -18
leaf_value=0.00015663693236944032 0.00017101406067164234 0 -0.00036368606755366687 0 -0.00011030705821511037 -0.00012805295871169066 2.3070224852677887e-05 -0.00019987511114894578 1.360400808267714e-05 -7.7114262920452995e-05 0 0 0 -9.7511940330485127e-06 0 9.8997227666590388e-05 -6.9954140572112801e-06
leaf_weight=25 30 20 35 21 24 81 69 24 2448 172 348 22 40 587 22 74 26
leaf_count=25 30 20 35 21 24 81 69 24 2448 172 348 22 40 587 22 74 26
internal_value=-1.02758e-06 -3.56162e-05 -0.00011766 -0.000243124 0 -6.0749e-07 -4.59612e-05 2.30991e-06 4.63306e-06 2.38037e-06 -2.52194e-05 -0.000113285 4.40207e-05 8.09827e-06 -0.000102003 7.86973e-05 0
internal_weight=4068 437 105 56 49 332 198 3631 3585 3555 520 46 134 3035 103 94 95
internal_count=4068 437 105 56 49 332 198 3631 3585 3555 520 46 134 3035 103 94 95
is_linear=0
shrinkage=0.03


Tree=81
num_leaves=22
num_cat=0
split_feature=26 20 20 30 34 0 34 30 22 30 34 30 34 22 29 22 31 33 24 29 36
split_gain=0.000605463 0.00120243 0.00263919 0.00101911 0.00120151 0.000973379 0.000660088 0.00148043 0.000951447 0.000627618 0.000524975 0.000500224 0.000376856 0.000782792 0.000665965 0.000669645 0.000502438 0.000442582 0.000323667 0.000237347 0.000222892
threshold=9.527346363755461 281.74000091552739 246.97499923706059 57.21984817145735 0.020778091719192763 312.55122375488287 -0.063070969198089952 14.953560200797865 29.372251165847 53.750409503441112 -0.00071972808037429326 47.471659321912973 -0.0038228985447049664 55.802546599778729 43.41223610863441 51.901613869663031 -0.012301636165297168 0.0097695908114486824 2.7843162837154414 79.700132405171999 -0.010305168835595596
decision_type=2 2 2 2 2 2 2 2 2 2 2 2 2 2 2 2 2 2 2 2 2
left_child=6 2 -2 9 5 -5 7 20 -9 11 -4 -3 13 17 18 -16 -15 -8 -14 -6 -1
right_child=1 3 10 4 19 -7 12 8 -10 -11 -12 -13 14 16 15 -17 -18 -19 -20 -21 -22
leaf_value=8.3073057071065764e-05 0 2.0589269941182555e-05 -4.6022263352546104e-05 0 1.6535820218913202e-05 -0.00019189607614727278 -3.3266156173475588e-07 -0.00028401597742388004 0 0.00015118618940538492 -0.0004639099026793864 -8.0785362544272618e-05 9.1687560763794372e-05 0 -1.6987362367749849e-05 2.2708340138759711e-05 -0.00010885583403400573 6.7284989914690666e-05 0 -4.5866282237372888e-05 0
leaf_weight=29 26 306 27 20 111 76 1207 33 26 30 20 49 151 30 511 1089 98 89 32 87 21
leaf_count=29 26 306 27 20 111 76 1207 33 26 30 20 49 151 30 511 1089 98 89 32 87 21
internal_value=-1.03902e-06 -2.58892e-05 -0.000144929 -8.6541e-06 -5.35992e-05 -0.000141578 3.69242e-06 -6.64361e-05 -0.000175182 1.78824e-05 -0.000288148 0 7.01338e-06 -2.77015e-06 1.65092e-05 8.15537e-06 -7.44614e-05 2.00103e-06 7.31195e-05 0 2.09767e-06
internal_weight=4068 752 73 679 294 96 3316 109 59 385 47 355 3207 1424 1783 1600 128 1296 183 198 50
internal_count=4068 752 73 679 294 96 3316 109 59 385 47 355 3207 1424 1783 1600 128 1296 183 198 50
is_linear=0
shrinkage=0.03


Tree=82
num_leaves=19
num_cat=0
split_feature=5 24 23 36 27 24 27 34 25 24 31 23 27 30 35 5 31 33
split_gain=0.000593245 0.000900802 0.00109531 0.00040189 0.000971036 0.001938 0.00117105 0.00115245 0.000892677 0.00163291 0.00127718 0.00105855 0.000704594 0.000612455 0.000587399 0.000334134 0.000317218 0.00020844
threshold=19863452.000000004 1.6315498195797173 13.493600277506944 0.0022783350630390495 0.57016153316312479 5.1443041251500281 0.80864967390375486 -0.01991572922279394 -1.9099599456452958 11.190721282733312 -0.011729025487190124 -1.3345389962903764 0.5448833785226227 79.093729125942232 0.022841414537512744 3779910.5000000005 -0.012488366810094574 -0.0030231151952418429
decision_type=2 2 2 2 2 2 2 2 2 2 2 2 2 2 2 2 2 2
left_child=3 -2 -3 8 5 12 14 -7 11 13 -11 16 -5 -10 -6 -8 -1 -13
right_child=1 2 -4 4 6 7 15 -9 9 10 -12 17 -14 -15 -16 -17 -18 -19
leaf_value=2.8713687888094574e-05 -0.00022310106462637491 0.00011436992341667425 -0.00017537692242906662 1.0347128380266324e-05 2.893663391020086e-05 -0.00033006377185322881 6.5058779141074507e-05 0 -1.4946006331372557e-05 0 -0.00025563895514606861 0.00012821331331803641 -0.0001305218856615363 3.1345500319404822e-05 0.00014465180004662355 -3.1584587757607071e-06 -5.5533842900522836e-05 0
leaf_weight=69 27 28 20 656 198 26 70 21 1834 40 45 98 33 268 118 415 74 28
leaf_count=69 27 28 20 656 198 26 70 21 1834 40 45 98 33 268 118 415 74 28
internal_value=-1.02034e-06 -8.46514e-05 0 0 1.25628e-05 -9.17665e-06 3.62817e-05 -0.000195826 -6.96384e-06 -1.43469e-05 -0.00014535 4.18958e-05 0 -7.61559e-06 8.16695e-05 5.14418e-07 0 0.000106305
internal_weight=4068 75 48 3993 1537 736 801 47 2456 2187 85 269 689 2102 316 485 143 126
internal_count=4068 75 48 3993 1537 736 801 47 2456 2187 85 269 689 2102 316 485 143 126
is_linear=0
shrinkage=0.03


Tree=83
num_leaves=23
num_cat=0
split_feature=35 7 35 5 21 26 35 36 35 0 22 22 36 22 30 33 30 22 30 4 22 31
split_gain=0.000590189 0.000760915 0.00062759 0.00114163 0.00101915 0.000539789 0.000516608 0.000385958 0.000615381 0.000528258 0.000442148 0.000820059 0.000452068 0.000413353 0.000568405 0.000709958 0.000455482 0.000402472 0.000714042 0.000383415 8.3712e-05 8.2797e-05
threshold=0.024594575177195908 -89.999999999999986 0.064830555251102193 15841409.000000002 245.35499992370606 6.0740194134456642 0.027087010670727631 0.0029862017809198674 0.021998076807760534 358.93751525878912 41.2564875664929 51.801943535956859 0.0093149238236408614 32.745082533420188 21.745575453250577 -0.0052587861100676916 74.07011800639161 29.752993322549955 29.965736312755876 261.50000000000006 27.118104150282019 0.021018261801456498
decision_type=2 2 2 2 2 2 2 2 2 2 2 2 2 2 2 2 2 2 2 2 2 2
left_child=7 5 3 6 -5 -2 -3 13 10 21 12 -12 -9 17 15 -15 -16 20 -19 -4 -1 -10
right_child=1 2 19 4 -6 -7 -8 8 9 -11 11 -13 -14 14 16 -17 -18 18 -20 -21 -22 -23
leaf_value=-3.3299886962208636e-05 0 -4.6839682453006965e-05 0 0 -0.00027979870954349627 -0.00020798695739956101 2.2319775592039443e-06 8.694698760734961e-05 0.00013724866327519307 0 -4.2201184226189233e-05 2.5117598363650129e-05 0 7.369511436159023e-05 -1.384677044245795e-05 -1.1592257551675669e-05 2.4676134724789507e-05 -0.00016884610081805988 0 0.00016487191548567279 2.6405449159168055e-05 0
leaf_weight=42 21 226 30 61 29 34 765 113 79 22 274 396 30 208 1185 62 330 48 23 25 41 24
leaf_count=42 21 226 30 61 29 34 765 113 79 22 274 396 30 208 1185 62 330 48 23 25 41 24
internal_value=-9.72661e-07 -1.9334e-05 -1.11307e-05 -1.84591e-05 -0.000122901 -0.000133995 -5.93559e-06 5.58614e-06 2.15695e-05 8.66866e-05 7.85865e-06 0 5.59618e-05 -5.99498e-07 1.87769e-06 4.30066e-05 -3.4745e-06 -4.87628e-05 -0.000101233 7.82306e-05 0 0.000117173
internal_weight=4068 1191 1136 1081 90 55 991 2877 938 125 813 670 143 1939 1785 270 1515 154 71 55 83 103
internal_count=4068 1191 1136 1081 90 55 991 2877 938 125 813 670 143 1939 1785 270 1515 154 71 55 83 103
is_linear=0
shrinkage=0.03


Tree=84
num_leaves=24
num_cat=0
split_feature=33 26 22 29 35 33 5 5 29 35 27 31 36 36 36 35 32 23 31 1 35 33 22
split_gain=0.000565318 0.00043439 0.000799279 0.00097007 0.00130613 0.000927935 0.000405594 0.00130637 0.000826065 0.000653983 0.000561576 0.000551741 0.000311101 0.00103043 0.000252353 0.000474879 0.00103786 0.000966412 0.000372833 0.000440438 9.04153e-05 8.29411e-05 4.09886e-05
threshold=-0.033463896211940174 8.4303350444777134 34.956794709735405 24.768449656365402 0.028421511628280004 -0.012124033472292793 8223736.5000000009 15127467.000000002 8.6525967258960659 0.021519643525527817 0.30493904374393599 -0.036403402623588203 0.0021739212083266885 -0.012631954029879938 0.016735754678415701 0.017999078619700976 -0.0061832890938230403 -1.0932550941402253 0.041285262419303866 255.50000000000003 0.013523994795405414 0.048740425564366648 31.658257201546267
decision_type=2 2 2 2 2 2 2 2 2 2 2 2 2 2 2 2 2 2 2 2 2 2 2
left_child=6 14 -3 4 -4 -5 9 8 -8 20 -10 -9 13 -11 15 17 -17 -2 19 -16 -1 -20 -22
right_child=1 2 3 5 -6 -7 7 11 10 12 -12 -13 -14 -15 18 16 -18 -19 21 -21 22 -23 -24
leaf_value=-4.9846038602022705e-05 -3.3545920223212008e-05 -0.00018762793918826665 0 -0.00010096909033176093 0.00026806588943553038 -2.0842183657437537e-06 -1.9580289307987766e-05 0 0.00015764514355935756 -2.1926660594880863e-05 0 -0.00022490443628298977 0 -0.00027291259515441505 -7.1541439120091673e-05 -2.2700140832506911e-06 5.482510157457118e-05 1.7568778366225469e-05 0 0 0 6.4763232296813488e-05 2.1526298816870587e-05
leaf_weight=32 476 25 81 116 24 613 23 23 66 86 27 25 23 35 146 383 578 1082 21 47 25 28 83
leaf_count=32 476 25 81 116 24 613 23 23 66 86 27 25 23 35 146 383 578 1082 21 47 25 28 83
internal_value=-9.5078e-07 2.21562e-06 -1.5206e-05 -6.41888e-06 7.27532e-05 -2.19453e-05 -3.32262e-05 0 5.88942e-05 -5.50104e-05 0.000110525 -0.000126774 -0.000100253 -0.000119464 8.72269e-06 1.22523e-05 2.89509e-05 2.56482e-08 -1.56154e-05 -4.26572e-05 0 2.96662e-05 3.86792e-06
internal_weight=4068 3620 859 834 105 729 448 164 116 284 93 48 144 121 2761 2519 961 1558 242 193 140 49 108
internal_count=4068 3620 859 834 105 729 448 164 116 284 93 48 144 121 2761 2519 961 1558 242 193 140 49 108
is_linear=0
shrinkage=0.03


Tree=85
num_leaves=21
num_cat=0
split_feature=35 7 35 5 21 20 24 35 35 32 35 32 5 21 35 23 23 22 32 27
split_gain=0.000551593 0.00071447 0.000588049 0.00107843 0.000922253 0.000487829 0.00042889 0.000378792 0.000368999 0.000835087 0.000630719 0.000671853 0.000968356 0.000577593 0.000430296 0.000908883 0.000848343 0.000405636 0.000391961 4.00311e-05
threshold=0.024594575177195908 -89.999999999999986 0.064830555251102193 15841409.000000002 245.35499992370606 354.85500030517585 0.69633807024300121 0.079053575429577597 0.022284443500115943 -0.023863518563422888 0.021433569944455524 0.00091964734736182951 5345004.0000000009 323.51666615804044 0.018329998067869072 -1.1381183173241707 -4.0720401722883528 66.218140364579639 -0.03346665890525418 0.30493904374393599
decision_type=2 2 2 2 2 2 2 2 2 2 2 2 2 2 2 2 2 2 2 2
left_child=8 6 3 5 -5 -3 -2 -4 10 18 14 12 -12 17 15 -1 -16 -11 -10 -15
right_child=1 2 7 4 -6 -7 -8 -9 9 13 11 -13 -14 19 16 -17 -18 -19 -20 -21
leaf_value=-3.0895850227507981e-05 -0.00022051207844521917 2.6742529257089778e-06 0.00015264257806472584 0 -0.00026961305478141289 -4.39232271285127e-05 0 0 0 0.00011328714526550258 -0.00021723236665356407 0 0 -3.8741000413357249e-05 0.00011299787714852736 1.2576855198541184e-05 4.0069531274092057e-06 0 -0.00015168629549339467 9.0611630397596192e-06
leaf_weight=641 27 750 28 61 29 241 28 27 23 151 42 47 24 21 94 1303 438 20 20 53
leaf_count=641 27 750 28 61 29 241 28 27 23 151 42 47 24 21 94 1303 438 20 20 53
internal_value=-1.0029e-06 -1.87659e-05 -1.0727e-05 -1.7894e-05 -0.000119437 -5.63408e-06 -0.000130039 7.54672e-05 5.30819e-06 3.78363e-05 5.29738e-07 -6.71846e-05 -0.000129889 6.55861e-05 4.83426e-06 -2.1523e-07 2.89204e-05 9.59173e-05 -5.04528e-05 0
internal_weight=4068 1191 1136 1081 90 991 55 55 2877 288 2589 113 66 245 2476 1944 532 171 43 74
internal_count=4068 1191 1136 1081 90 991 55 55 2877 288 2589 113 66 245 2476 1944 532 171 43 74
is_linear=0
shrinkage=0.03


Tree=86
num_leaves=14
num_cat=0
split_feature=27 31 35 29 27 36 27 26 25 26 23 27 29
split_gain=0.000539733 0.000473821 0.000994875 0.000818762 0.000453746 0.000399572 0.00092423 0.00104448 0.000759217 0.00130628 0.00127111 0.000751488 0.000368384
threshold=-0.176265746992749 0.0326682004124711 0.064830555251102193 70.714315726487328 1.1502617543763847 0.0022783350630390495 0.57016153316312479 11.620576640874765 -1.9099599456452958 11.815466727454037 -1.3345389962903764 0.5448833785226227 61.63143554739667
decision_type=2 2 2 2 2 2 2 2 2 2 2 2 2
left_child=-1 5 3 12 -5 8 11 -8 10 -10 -2 -7 -3
right_child=1 2 -4 4 -6 6 7 -9 9 -11 -12 -13 -14
leaf_value=-0.00011982210792663923 -3.6658883638971482e-06 -5.751848956804384e-05 6.2956893552555554e-05 -0.00022996117493540022 0 0 2.301641471947398e-05 0.00016271177502211648 -3.2712694697307087e-06 -9.7969092257834344e-05 0.00010961605183958447 -0.00013889293113788375 7.8312685802552434e-05
leaf_weight=34 136 61 29 44 25 660 641 66 2034 148 133 36 21
leaf_count=34 136 61 29 44 25 660 641 66 2034 148 133 36 21
internal_value=-9.69697e-07 0 -4.75261e-05 -8.86267e-05 -0.000166853 2.25748e-06 1.55177e-05 4.03211e-05 -4.10932e-06 -1.10734e-05 4.1215e-05 -5.37016e-06 0
internal_weight=4068 4034 180 151 69 3854 1403 707 2451 2182 269 696 82
internal_count=4068 4034 180 151 69 3854 1403 707 2451 2182 269 696 82
is_linear=0
shrinkage=0.03


Tree=87
num_leaves=24
num_cat=0
split_feature=33 24 29 33 36 34 2 5 5 28 34 29 29 22 35 29 36 33 22 34 34 36 35
split_gain=0.000532833 0.000415283 0.00070316 0.0016513 0.00114171 0.000803519 0.000626571 0.000384718 0.00119968 0.000956222 0.000841579 0.000791849 0.000452959 0.00040546 0.000350338 0.00034327 0.000558235 0.000777426 0.000345135 0.000743253 0.000477289 0.000164644 5.75183e-05
threshold=-0.033463896211940174 5.1443041251500281 58.715337279836255 -0.023255826479535831 0.0068806787133836242 0.087843515861323232 337.30000305175787 8223736.5000000009 15127467.000000002 172503788.50000003 -0.077820011197215641 8.6525967258960659 36.810552881599087 48.055209908396456 0.01719674192573158 77.410679905023386 0.042314466967573003 0.02190955553723695 48.055209908396456 -0.0038228985447049664 0.018749456699651227 -0.005570484183491659 0.026353652786901414
decision_type=2 2 2 2 2 2 2 2 2 2 2 2 2 2 2 2 2 2 2 2 2 2 2
left_child=7 15 3 22 -5 14 -7 10 11 -10 -1 -9 21 -13 -4 18 17 -17 20 -20 -2 -12 -3
right_child=1 2 5 4 -6 6 -8 8 9 -11 12 13 -14 -15 -16 16 -18 -19 19 -21 -22 -23 -24
leaf_value=-0.00026296464594275645 6.4355773436836601e-06 0 0 -0.00018087877235109859 0 0 -0.00021067122765043865 -1.9062126090133236e-05 -0.00025514032900395234 0 9.5708506484735776e-06 0.0001454483681165568 -0.0001354547831987109 0 5.4693831787038409e-05 1.0848325315802051e-05 0.00012558716304127626 -5.2540994740198349e-05 -7.4269338745558195e-06 3.9472083961789884e-05 -6.5750357601764876e-05 -3.6043235250534026e-05 9.9837003108948008e-05
leaf_weight=20 1280 21 57 99 58 21 24 23 24 24 127 68 32 25 178 234 20 338 323 860 87 105 20
leaf_count=20 1280 21 57 99 58 21 24 23 24 24 127 68 32 25 178 234 20 338 323 860 87 105 20
internal_value=-9.63717e-07 2.08673e-06 -2.26046e-05 -6.65413e-05 -0.000118733 0 -0.000105891 -3.23023e-05 0 -0.000121343 -5.35212e-05 5.6566e-05 -2.62014e-05 0.000107493 3.04137e-05 6.79845e-06 -1.1316e-05 -2.13678e-05 1.21806e-05 2.41318e-05 0 0 6.01253e-05
internal_weight=4068 3620 478 198 157 280 45 448 164 48 284 116 264 93 235 3142 592 572 2550 1183 1367 232 41
internal_count=4068 3620 478 198 157 280 45 448 164 48 284 116 264 93 235 3142 592 572 2550 1183 1367 232 41
is_linear=0
shrinkage=0.03


Tree=88
num_leaves=16
num_cat=0
split_feature=5 1 20 25 35 33 34 35 33 5 35 26 21 32 26
split_gain=0.000518284 0.000947911 0.00110367 0.000877458 0.00100149 0.000534304 0.00181695 0.000368093 0.00230351 0.00134552 0.000379637 0.000362771 0.000976589 0.000298749 0.000133824
threshold=11213305.000000002 333.10000610351568 361.21499938964848 2.0074655696293084 0.047858059025702789 -0.057778747975586402 -0.05405407162324815 0.04365624384773991 0.017869434334126803 8223736.5000000009 0.038221958574974353 3.9831946641627831 159.5441672007243 0.010293714403037392 5.8899292436596014
decision_type=2 2 2 2 2 2 2 2 2 2 2 2 2 2 2
left_child=7 3 -3 5 -5 -2 -7 10 9 -9 11 13 -13 -1 -12
right_child=1 2 -4 4 -6 6 -8 8 -10 -11 14 12 -14 -15 -16
leaf_value=2.3250342526277648e-05 1.2015792832401076e-05 -0.00027697346373182721 0 0 0.0002377801189485056 -0.00033136709527917436 -9.2655912283603217e-06 -0.00034179303759094518 7.178147191310142e-05 0 0 -0.00011168719990304194 -3.6100886628529552e-08 -4.0524349258028643e-06 8.6691011244433919e-05
leaf_weight=995 37 30 32 31 24 22 148 29 34 20 20 75 2197 307 67
leaf_count=995 37 30 32 31 24 22 148 29 34 20 20 75 2197 307 67
internal_value=-9.73235e-07 -3.77899e-05 -0.000145562 -7.9472e-07 9.14948e-05 -3.98342e-05 -6.87563e-05 1.41248e-06 -5.91874e-05 -0.000211125 3.60737e-06 1.23804e-06 -5.04688e-06 1.45088e-05 6.63842e-05
internal_weight=4068 324 62 262 55 207 170 3744 83 49 3661 3574 2272 1302 87
internal_count=4068 324 62 262 55 207 170 3744 83 49 3661 3574 2272 1302 87
is_linear=0
shrinkage=0.03


Tree=89
num_leaves=12
num_cat=0
split_feature=22 25 34 30 26 34 25 1 33 35 34
split_gain=0.000511747 0.000887528 0.000954728 0.0023579 0.000604876 0.000887353 0.000520071 0.000421065 0.000363948 0.000349513 0.000341616
threshold=34.691178939591914 -0.024371103604108543 -0.083444739828477374 14.953560200797865 18.516852164655468 -0.072970934078677815 5.9186979196605103 114.75000000000001 -0.009829611635280287 0.014658842650909784 -0.0038228985447049664
decision_type=2 2 2 2 2 2 2 2 2 2 2
left_child=1 2 3 -1 5 -2 10 -4 -6 -9 -7
right_child=4 -3 7 -5 8 6 -8 9 -10 -11 -12
leaf_value=0 0.0001677534104157796 -0.00023451791668905729 0.00012637419886161365 -0.00031938817983251871 -0.00018493522894501112 -6.5298110546916382e-06 -0.00012619742707390596 -6.0966757655969199e-05 0 1.8441609986722486e-06 1.1790346105690889e-05
leaf_weight=24 30 21 23 30 24 1386 27 87 22 252 2142
leaf_count=24 30 21 23 30 24 1386 27 87 22 252 2142
internal_value=-9.80253e-07 -3.21144e-05 -1.46332e-05 -0.0001324 1.9414e-06 4.13784e-06 1.90858e-06 0 -0.000103799 -5.44173e-06 3.74284e-06
internal_weight=4068 437 416 54 3631 3585 3555 362 46 339 3528
internal_count=4068 437 416 54 3631 3585 3555 362 46 339 3528
is_linear=0
shrinkage=0.03


Tree=90
num_leaves=29
num_cat=0
split_feature=21 35 20 20 26 35 28 24 28 21 27 28 21 26 31 33 36 35 30 29 21 30 22 29 29 26 24 30
split_gain=0.000483609 0.00122821 0.00136397 0.00191672 0.000785078 0.000826162 0.000650688 0.00073716 0.00167589 0.000702352 0.000836855 0.000633861 0.000522297 0.000614765 0.00147106 0.000547294 0.00044353 0.000389362 0.000358408 0.000533959 0.000302507 0.00055916 0.000380132 0.00027718 0.00037909 0.000318856 0.000167889 0.000117473
threshold=245.35499992370606 0.043001717866550222 287.66500015258799 250.10000076293946 16.565307623116109 0.054991415128787656 300185352.00000006 -0.62390417498611506 224130921.00000003 438.39500071207686 0.7249086241529018 342225850.50000006 172.52749951680502 2.7602941632298434 0.02397326591849747 0.012154191383504489 0.00082373077055962116 0.017999078619700976 77.574858560965808 92.113679762197023 230.55999959309898 35.817239797518894 59.847464867608345 18.687416659000085 8.2975834896897833 3.7220590466227539 -0.84804568239900624 21.958572779291156
decision_type=2 2 2 2 2 2 2 2 2 2 2 2 2 2 2 2 2 2 2 2 2 2 2 2 2 2 2 2
left_child=12 6 3 -3 5 -4 7 17 -9 10 -8 -11 13 18 15 -15 23 -2 27 -20 22 -22 -18 24 -14 -25 -16 -1
right_child=1 2 4 -5 -6 -7 9 8 -10 11 -12 -13 16 14 26 -17 20 -19 19 -21 21 -23 -24 25 -26 -27 -28 -29
leaf_value=2.4073869662777164e-05 -3.0384620818618599e-05 0 0 -0.00036740792346204342 -0.00017080902143127536 0.00017244660134973193 8.4261515039028419e-05 -0.00011702933703043998 0 7.6663050423010203e-06 0 -8.1485705046082941e-05 0 -3.5145816620653731e-05 -0.00031273257665409104 4.0015405869918419e-05 4.4346769650038375e-05 1.8162632748148409e-05 0.00011006069505021615 0 0 0.00013527958686520325 -3.1346847092976958e-06 1.8134684544751165e-05 7.6340247673884078e-05 -2.7301229477960839e-05 0 -8.099398500344966e-06
leaf_weight=141 224 21 44 32 23 26 219 188 286 164 168 90 23 281 20 103 264 435 72 21 20 86 124 193 100 310 25 365
leaf_count=141 224 21 44 32 23 26 219 188 286 164 168 90 23 281 20 103 264 435 72 21 20 86 124 193 100 310 25 365
internal_value=-9.57776e-07 -1.25351e-05 -9.72065e-05 -0.000221622 0 2.15688e-05 -3.87054e-06 -1.88928e-05 -4.74601e-05 1.80015e-05 4.55297e-05 -1.21363e-05 7.99416e-06 -5.16832e-06 -3.44923e-05 -7.16975e-06 2.27532e-05 0 1.08281e-05 6.49556e-05 4.45051e-05 0.000100537 2.14454e-05 7.91929e-07 4.43552e-05 -3.9044e-06 -0.000200593 0
internal_weight=4068 1920 146 53 93 70 1774 1133 474 641 387 254 2148 1028 429 384 1120 659 599 93 494 106 388 626 123 503 45 506
internal_count=4068 1920 146 53 93 70 1774 1133 474 641 387 254 2148 1028 429 384 1120 659 599 93 494 106 388 626 123 503 45 506
is_linear=0
shrinkage=0.03


Tree=91
num_leaves=8
num_cat=0
split_feature=5 27 0 28 33 32 0
split_gain=0.000470715 0.000623766 0.000348529 0.000499817 0.000378627 0.000468743 0.000299644
threshold=19863452.000000004 1.0390695227480922 441.73736572265631 380222174.00000006 0.094165439534761877 0.071310280361729608 196.94541168212893
decision_type=2 2 2 2 2 2 2
left_child=2 6 3 4 5 -1 -2
right_child=1 -3 -4 -5 -6 -7 -8
leaf_value=0 -0.0002502311555905017 0 -0.00010666986026997055 0.0001250642727515612 -0.00010753377211116944 0.00013582122451686238 0
leaf_weight=3885 20 29 27 29 29 23 26
leaf_count=3885 20 29 27 29 29 23 26
internal_value=-9.74331e-07 -7.54485e-05 0 1.15813e-06 0 1.04478e-06 -0.000146462
internal_weight=4068 75 3993 3966 3937 3908 46
internal_count=4068 75 3993 3966 3937 3908 46
is_linear=0
shrinkage=0.03


Tree=92
num_leaves=17
num_cat=0
split_feature=22 2 0 0 33 22 34 25 30 21 27 21 24 0 35 28
split_gain=0.000467317 0.000848043 0.00148634 0.00102894 0.000605824 0.000789457 0.000598004 0.000881156 0.000509826 0.00067331 0.000424642 0.000374888 0.00192419 0.000528561 0.000267834 0.000250436
threshold=34.691178939591914 232.09999847412112 195.06770324707034 168.9765548706055 -0.012124033472292793 25.507152842729706 -0.072970934078677815 5.9186979196605103 23.527572577019118 340.45666656494149 0.18754798060477251 439.17333424886073 0.69633807024300121 349.20295715332037 0.018329998067869072 202453000.00000003
decision_type=2 2 2 2 2 2 2 2 2 2 2 2 2 2 2 2
left_child=1 3 -3 4 5 -1 10 11 15 -10 -2 13 -13 -8 -6 -4
right_child=6 2 8 -5 14 -7 7 -9 9 -11 -12 12 -14 -15 -16 -17
leaf_value=0 0.00021020555468187865 -0.00033512010144166892 5.0160931055445863e-05 0.00016398141868347214 0 -0.00011005620462256102 6.6607384347708824e-08 -0.00016672640708705999 -0.00021116225184001562 0 0 4.7988976759268947e-06 -0.00016952740950641315 3.9900044525246006e-05 0.00012089535884333433 -3.7307195327821063e-05
leaf_weight=49 21 21 59 32 40 102 2965 28 27 30 20 172 69 356 22 55
leaf_count=49 21 21 59 32 40 102 2965 28 27 30 20 172 69 356 22 55
internal_value=-9.42972e-07 -3.07108e-05 -7.8225e-05 0 -1.71772e-05 -5.90102e-05 1.81421e-06 0 -2.89655e-05 -0.000102712 0.000115697 1.82967e-06 -3.27186e-05 5.24101e-06 3.63284e-05 0
internal_weight=4068 437 192 245 213 151 3631 3590 171 57 41 3562 241 3321 62 114
internal_count=4068 437 192 245 213 151 3631 3590 171 57 41 3562 241 3321 62 114
is_linear=0
shrinkage=0.03


Tree=93
num_leaves=28
num_cat=0
split_feature=21 35 20 20 35 36 28 24 28 25 21 25 21 34 30 20 36 36 35 20 22 30 29 29 5 20 36
split_gain=0.000456102 0.0011422 0.0012409 0.001773 0.000720334 0.00104067 0.000604983 0.00070794 0.00157065 0.000682397 0.000744722 0.000570616 0.000493937 0.00060187 0.000901098 0.000675068 0.000592839 0.000414379 0.000372378 0.000281686 0.000318948 0.000280893 0.000254742 0.000359735 0.000264243 0.000186616 4.21005e-05
threshold=245.35499992370606 0.043001717866550222 287.66500015258799 250.10000076293946 0.054991415128787656 -0.014522147587504355 300185352.00000006 -0.62390417498611506 224130921.00000003 -0.14760289962177128 468.79583282470708 1.3627261033588123 172.52749951680502 0.08533953934678952 77.574858560965808 126.03250007629396 0.0023800624924219262 0.00082373077055962116 0.017999078619700976 230.63500022888186 59.847464867608345 46.679869944714149 18.687416659000085 8.2975834896897833 3040725.5000000005 125.08749942779544 -0.0094075932716137529
decision_type=2 2 2 2 2 2 2 2 2 2 2 2 2 2 2 2 2 2 2 2 2 2 2 2 2 2 2
left_child=12 6 3 -3 5 -4 7 18 -9 10 -8 -11 13 14 15 -1 -16 22 -2 20 -19 -21 23 -14 -24 -15 -6
right_child=1 2 4 -5 26 -7 9 8 -10 11 -12 -13 17 25 16 -17 -18 19 -20 21 -22 -23 24 -25 -26 -27 -28
leaf_value=1.8619071200475456e-05 -2.939036793067398e-05 0 0 -0.00035292757629355954 0 -0.00021717640513088551 7.8165993830379667e-05 -0.00011360333322564633 0 -4.7741412753262527e-05 0 2.7364156800541976e-05 0 -0.00018656692575769258 0.00012532198786507177 -3.3578517706217952e-05 0 4.0748040017822291e-05 1.8037728252785838e-05 0 -4.6509406345034138e-07 0.00012685968123839051 2.5659996757474874e-05 7.3937425464640739e-05 -2.0719295858452774e-05 0 0.00010052363970316944
leaf_weight=297 224 21 22 32 21 30 240 188 286 182 75 144 23 21 78 552 60 277 435 24 115 78 122 100 381 20 20
leaf_count=297 224 21 22 32 21 30 240 188 286 182 75 144 23 21 78 552 60 277 435 24 115 78 122 100 381 20 20
internal_value=-8.55407e-07 -1.2122e-05 -9.38126e-05 -0.000212713 0 -9.62922e-05 -3.703e-06 -1.82364e-05 -4.62465e-05 1.73048e-05 5.02846e-05 -5.3681e-06 7.81883e-06 -4.91097e-06 0 -1.17854e-05 7.08412e-05 2.21807e-05 0 4.32359e-05 2.10093e-05 9.91684e-05 7.69461e-07 4.2606e-05 -3.50435e-06 -0.000117401 6.34031e-05
internal_weight=4068 1920 146 53 93 52 1774 1133 474 641 315 326 2148 1028 987 849 138 1120 659 494 392 102 626 123 503 41 41
internal_count=4068 1920 146 53 93 52 1774 1133 474 641 315 326 2148 1028 987 849 138 1120 659 494 392 102 626 123 503 41 41
is_linear=0
shrinkage=0.03


Tree=94
num_leaves=19
num_cat=0
split_feature=5 1 23 0 24 35 24 24 2 1 30 27 1 23 5 25 25 0
split_gain=0.000435696 0.000882004 0.00114557 0.000955295 0.000807145 0.00142001 0.000479999 0.000468683 0.000434532 0.000284646 0.000276817 0.000769373 0.000870625 0.000610069 0.000512948 0.000690744 0.000268064 0.000176843
threshold=11213305.000000002 333.10000610351568 12.559970514323171 229.90200805664065 -1.2210625726311009 0.052521571933743245 -10.728583505704743 6.5686686363868443 221.19999694824222 363.50000000000006 21.958572779291156 0.054626753856090567 265.50000000000006 -3.7195959305665691 9461846.5000000019 -1.2901271319232464 -0.29343736107267487 216.66602325439456
decision_type=2 2 2 2 2 2 2 2 2 2 2 2 2 2 2 2 2 2
left_child=6 3 -3 4 5 -2 8 -5 -1 16 14 12 -12 -13 15 -8 -10 -6
right_child=1 2 -4 7 17 -7 10 -9 9 -11 11 13 -14 -15 -16 -17 -18 -19
leaf_value=0 -0.00029175413033806437 0 -0.00030953455720907194 0.00019369860265361163 7.7185325685581874e-06 0 -1.9420291234299406e-05 0 0 0 -0.00014819229973993321 3.9115588113247589e-05 0 -1.2857970663662879e-06 0.00017550077040709249 3.9389051024034192e-05 -0.00024558948382726422 -8.6637438368747244e-05
leaf_weight=20 27 39 23 26 139 25 259 25 36 22 66 372 44 2490 22 392 21 20
leaf_count=20 27 39 23 26 139 25 259 25 36 22 66 372 44 2490 22 392 21 20
internal_value=-8.16537e-07 -3.46192e-05 -0.000137977 0 -3.78439e-05 -0.00014052 1.30828e-06 0.000104445 -6.22576e-05 -9.89956e-05 3.85944e-06 0 -7.78956e-05 2.91854e-06 2.12319e-05 1.13848e-05 -0.000134397 0
internal_weight=4068 324 62 262 211 52 3744 51 99 79 3645 2972 110 2862 673 651 57 159
internal_count=4068 324 62 262 211 52 3744 51 99 79 3645 2972 110 2862 673 651 57 159
is_linear=0
shrinkage=0.03


Tree=95
num_leaves=25
num_cat=0
split_feature=21 35 34 33 28 24 28 25 21 25 21 34 30 36 21 36 33 35 33 30 32 32 22 29
split_gain=0.000428508 0.00104369 0.00114195 0.00247115 0.00056437 0.000661479 0.00147294 0.000628482 0.000721038 0.000536797 0.000466477 0.000572734 0.000846583 0.000564777 0.000429301 0.000390211 0.00036027 0.000350024 0.000299265 0.000397764 0.00023965 0.000659037 0.000393092 0.000190533
threshold=245.35499992370606 0.043001717866550222 -0.091977256895321588 0.016756740874385837 300185352.00000006 -0.62390417498611506 224130921.00000003 -0.14760289962177128 445.97999954223638 1.3627261033588123 172.52749951680502 0.08533953934678952 77.574858560965808 -0.0040241523712890035 141.75333321889244 0.00082373077055962116 0.05185243634252746 0.017999078619700976 0.034081205269605237 18.639493422581328 0.01543246094154649 0.023686730385868774 64.343998877207142 88.525615659571528
decision_type=2 2 2 2 2 2 2 2 2 2 2 2 2 2 2 2 2 2 2 2 2 2 2 2
left_child=10 4 -3 -4 5 17 -7 8 -6 -9 11 12 14 -14 -1 20 -5 -2 19 -17 22 -22 -12 -20
right_child=1 2 3 16 7 6 -8 9 -10 -11 15 -13 13 -15 -16 18 -18 -19 23 -21 21 -23 -24 -25
leaf_value=0 -2.8590980038821224e-05 0 -0.00029170157284788242 7.1547584843068341e-05 8.3553071767561001e-05 -0.00011000422541088843 0 -4.6213387510238178e-05 0 2.6592260920292376e-05 2.3686642285736535e-05 -0.00011447277372995268 0.00015372767122466392 0 -5.0305234247874895e-05 0 -7.4864762340703253e-05 1.7406723445128719e-05 -2.5750445131140968e-05 6.5978968478887633e-05 -0.0001559696051465584 0 -5.6587280098972484e-05 6.4902538466814143e-05
leaf_weight=653 224 34 52 27 198 188 286 182 117 144 510 41 49 89 196 42 33 435 80 344 30 41 45 28
leaf_count=653 224 34 52 27 198 188 286 182 117 144 510 41 49 89 196 42 33 435 80 344 30 41 45 28
internal_value=-8.16999e-07 -1.17573e-05 -8.99229e-05 -0.000140381 -3.62854e-06 -1.77055e-05 -4.47766e-05 1.65727e-05 4.82649e-05 -4.85591e-06 7.56552e-06 -4.74155e-06 0 6.87133e-05 -1.13759e-05 2.15394e-05 0 0 4.19765e-05 5.43368e-05 6.16017e-07 -4.42304e-05 1.17645e-05 0
internal_weight=4068 1920 146 112 1774 1133 474 641 315 326 2148 1028 987 138 849 1120 60 659 494 386 626 71 555 108
internal_count=4068 1920 146 112 1774 1133 474 641 315 326 2148 1028 987 138 849 1120 60 659 494 386 626 71 555 108
is_linear=0
shrinkage=0.03


Tree=96
num_leaves=23
num_cat=0
split_feature=22 28 0 30 33 25 25 23 31 28 22 5 0 23 35 36 26 30 36 29 29 33
split_gain=0.000421989 0.00112525 0.00124196 0.000492035 0.000900237 0.00151861 0.00142596 0.000764097 0.00119021 0.000917586 0.00044563 0.00122815 0.0010252 0.000539475 0.000439994 0.000379735 0.000622257 0.000408827 0.00025384 0.000204353 0.000164684 7.76206e-05
threshold=32.745082533420188 231496811.00000003 349.20295715332037 21.958572779291156 -0.0041192250278710421 -2.8198615963119544 -1.2618345057688094 14.321926752882861 -0.011105637742214456 380222174.00000006 25.507152842729706 5345004.0000000009 192.86758422851565 -9.7635583018397636 0.024827249528046328 0.00090663984741628796 11.324575948988828 79.093729125942232 -0.0067739079778966899 13.284234433958884 26.512810207798132 0.0027781940107199925
decision_type=2 2 2 2 2 2 2 2 2 2 2 2 2 2 2 2 2 2 2 2 2 2
left_child=1 10 -3 4 5 -2 20 15 -9 -10 13 18 -13 -1 -7 17 -17 -5 -12 -15 -6 -8
right_child=3 2 -4 7 6 14 21 8 9 -11 11 12 -14 19 -16 16 -18 -19 -20 -21 -22 -23
leaf_value=0.00016953411231837253 0.00021341713602308183 -0.00034451671960704041 0 -1.6363992672823904e-05 -0.00022878248079533247 4.3495259386092557e-05 0 0 -0.00023253938813912615 0 -5.0842713891423185e-06 -0.00018689557812326862 0 6.3552644515902485e-05 -2.1826178971373472e-05 3.194476492153628e-06 7.6640478621724459e-05 2.1438693578132078e-05 5.6613079446465304e-05 -4.4245157381978361e-05 0 4.4653790596443917e-05
leaf_weight=22 52 21 21 1448 28 276 36 34 48 27 45 65 28 26 71 1249 128 254 73 40 22 54
leaf_count=22 52 21 21 1448 28 276 36 34 48 27 45 65 28 26 71 1249 128 254 73 40 22 54
internal_value=-7.95094e-07 -3.31761e-05 -0.000181485 1.36348e-06 2.83562e-05 5.40622e-05 -2.34789e-05 -2.25997e-06 -8.03276e-05 -0.000153744 -2.25966e-06 -3.46142e-05 -0.000120475 4.12168e-05 2.14843e-05 0 1.22053e-05 -8.95901e-06 7.69784e-06 0 -0.000162477 2.05406e-05
internal_weight=4068 341 42 3727 539 399 140 3188 109 75 299 211 93 88 347 3079 1377 1702 118 66 50 90
internal_count=4068 341 42 3727 539 399 140 3188 109 75 299 211 93 88 347 3079 1377 1702 118 66 50 90
is_linear=0
shrinkage=0.03


Tree=97
num_leaves=24
num_cat=0
split_feature=21 35 20 20 26 35 28 24 28 21 27 28 21 34 26 31 20 35 0 35 35 1 35
split_gain=0.000405717 0.000962302 0.00118972 0.00164429 0.000693096 0.000741927 0.000522942 0.000633915 0.00139137 0.000598576 0.00073786 0.000580225 0.000452771 0.000750388 0.000571046 0.000566138 0.000436101 0.000830645 0.000644585 0.000369332 0.000332028 0.000297391 1.20987e-05
threshold=245.35499992370606 0.043001717866550222 287.66500015258799 250.10000076293946 16.565307623116109 0.054991415128787656 300185352.00000006 -0.62390417498611506 224130921.00000003 438.39500071207686 0.7249086241529018 342225850.50000006 226.52499885559084 0.08533953934678952 5.5475819166929918 -0.01024376510095437 126.03250007629396 0.017124895255674722 98.60465240478517 0.012599074164480225 0.017999078619700976 235.70000457763675 0.020590054876897641
decision_type=2 2 2 2 2 2 2 2 2 2 2 2 2 2 2 2 2 2 2 2 2 2 2
left_child=12 6 3 -3 5 -4 7 20 -9 10 -8 -11 13 16 -15 22 17 -1 -18 -17 -2 -21 -14
right_child=1 2 4 -5 -6 -7 9 8 -10 11 -12 -13 15 14 -16 19 18 -19 -20 21 -22 -23 -24
leaf_value=0 -2.7575099214677228e-05 0 0 -0.00033692235106419532 -0.00015851688846437768 0.00016505804747187842 7.7924376094144442e-05 -0.0001070217488433752 0 6.8235058382994585e-06 0 -7.7972906387706174e-05 0 0 -0.00022090520470874841 0 -3.6272328528100748e-05 8.3873373541552604e-05 9.7779756350141311e-06 0 1.7180145150916878e-05 0.00012072124449549915 -1.8417845359376721e-05
leaf_weight=191 224 21 44 32 23 26 219 188 286 164 168 90 20 38 23 25 359 171 1126 51 435 112 32
leaf_count=191 224 21 44 32 23 26 219 188 286 164 168 90 20 38 23 25 359 171 1126 51 435 112 32
internal_value=-7.21937e-07 -1.13898e-05 -8.65047e-05 -0.000201876 0 2.48644e-05 -3.51235e-06 -1.7109e-05 -4.36232e-05 1.58399e-05 4.14895e-05 -1.1435e-05 7.41711e-06 8.9865e-07 -0.000100189 4.67221e-05 5.86665e-06 3.54894e-05 0 7.41298e-05 0 9.1518e-05 0
internal_weight=4068 1920 146 53 93 70 1774 1133 474 641 387 254 2148 1908 61 240 1847 362 1485 188 659 163 52
internal_count=4068 1920 146 53 93 70 1774 1133 474 641 387 254 2148 1908 61 240 1847 362 1485 188 659 163 52
is_linear=0
shrinkage=0.03


Tree=98
num_leaves=13
num_cat=0
split_feature=22 25 31 2 0 35 34 20 33 25 20 27
split_gain=0.000391652 0.000815418 0.000854683 0.0007211 0.00168191 0.00119631 0.000604821 0.00101906 0.00234925 0.000806515 0.000435173 0.000356547
threshold=34.691178939591914 -0.024371103604108543 0.012481847294379513 232.09999847412112 195.06770324707034 0.02652688176809392 -0.072970934078677815 489.24499969482429 -0.0091617064312406443 5.9186979196605103 371.67000198364263 0.18754798060477251
decision_type=2 2 2 2 2 2 2 2 2 2 2 2
left_child=1 2 3 5 -5 -1 11 9 -9 10 -8 -2
right_child=6 -3 -4 4 -6 -7 7 8 -10 -11 -12 -13
leaf_value=0 0.00020375606469297998 -0.00022060045969776775 -0.00016507460039953675 -0.00030354157906831863 0 0.00015587826031802511 0 -0.00038684645104708509 0 -0.00015464387148008863 2.8459126501268817e-05 0
leaf_weight=153 21 21 30 20 156 57 2918 20 45 28 579 20
leaf_count=153 21 21 30 20 156 57 2918 20 45 28 579 20
internal_value=-7.39552e-07 -2.80513e-05 -1.10708e-05 0 -4.38266e-05 3.84581e-05 1.72198e-06 0 -0.000117163 2.58248e-06 4.70361e-06 0.000116216
internal_weight=4068 437 416 386 176 210 3631 3590 65 3525 3497 41
internal_count=4068 437 416 386 176 210 3631 3590 65 3525 3497 41
is_linear=0
shrinkage=0.03


Tree=99
num_leaves=16
num_cat=0
split_feature=22 28 0 34 20 34 24 25 27 20 0 2 25 22 34
split_gain=0.000381196 0.00105766 0.00114493 0.000665266 0.000948157 0.00115228 0.00150909 0.00074986 0.000612813 0.000510679 0.000408192 0.00143418 0.000763364 0.000248499 0.000179976
threshold=32.745082533420188 231496811.00000003 349.20295715332037 -0.072970934078677815 489.24499969482429 0.024687257578463909 0.44982673197904305 5.9186979196605103 0.19253246655400211 371.67000198364263 209.98652648925784 234.90000152587893 -1.8671411330500292 30.180843862775173 -0.044164076583596105
decision_type=2 2 2 2 2 2 2 2 2 2 2 2 2 2 2
left_child=1 10 -3 8 7 6 -6 9 -2 -5 11 12 -1 14 -12
right_child=3 2 -4 4 5 -7 -8 -9 -10 -11 13 -13 -14 -15 -16
leaf_value=0.00017074144666052258 0.00021903069365259521 -0.00033168346834064447 0 -8.877502912605793e-08 0 0 -0.00038261538409370914 -0.00015002106573039936 0 2.9600635321010171e-05 0.00013679319314572228 -0.00021615001005251134 -2.0500237426150236e-05 0 0
leaf_weight=21 24 21 21 3002 22 21 22 28 20 588 29 32 171 26 20
leaf_count=21 24 21 21 3002 22 21 22 28 20 588 29 32 171 26 20
internal_value=-7.53705e-07 -3.15473e-05 -0.000175105 1.2596e-06 0 -0.000113598 -0.000206314 1.91427e-06 0.000117094 3.93906e-06 -1.30011e-06 -3.05371e-05 0 4.59987e-05 8.82682e-05
internal_weight=4068 341 42 3727 3683 65 44 3618 44 3590 299 224 192 75 49
internal_count=4068 341 42 3727 3683 65 44 3618 44 3590 299 224 192 75 49
is_linear=0
shrinkage=0.03


Tree=100
num_leaves=28
num_cat=0
split_feature=21 35 20 20 26 35 35 28 24 25 21 26 31 25 36 36 0 33 30 24 32 26 36 29 20 24 36
split_gain=0.000385718 0.000884592 0.00109692 0.00151598 0.000633586 0.000696717 0.000487243 0.000446474 0.000725302 0.000675679 0.000429143 0.000556567 0.00133308 0.000551719 0.00036032 0.000341971 0.000472249 0.000275226 0.000376801 0.000265782 0.000264128 0.000221255 0.000231422 0.000186646 0.00017746 0.000127371 0.000120613
threshold=245.35499992370606 0.043001717866550222 287.66500015258799 250.10000076293946 16.565307623116109 0.054991415128787656 0.038221958574974353 280510599.00000006 -0.62390417498611506 -1.6864649966691907 172.52749951680502 2.7602941632298434 0.02397326591849747 -1.0346564898020276 0.00082373077055962116 0.010775664298141233 89.319896697998061 0.034081205269605237 18.639493422581328 -4.6493814131674442 -0.0026218640651041731 2.9378726668174124 -0.0054024749816201341 88.929121388411701 341.78499908447276 -0.84804568239900624 -0.0057129423290472169
decision_type=2 2 2 2 2 2 2 2 2 2 2 2 2 2 2 2 2 2 2 2 2 2 2 2 2 2 2
left_child=10 6 3 -3 5 -4 7 8 -2 -9 11 15 13 -13 21 20 -17 18 -16 -8 -1 26 -23 -19 -21 -14 -12
right_child=1 2 4 -5 -6 -7 19 9 -10 -11 14 12 25 -15 17 16 -18 23 -20 24 -22 22 -24 -25 -26 -27 -28
leaf_value=2.2405194263097551e-05 0 0 0 -0.00032377107429566195 -0.00015171229316211944 0.00015969190522621923 0 7.0196303491058012e-05 -5.3580674296923404e-05 -2.0027163379680915e-06 0 6.1249818207048442e-05 -0.00029554044361288807 -2.9090845264389025e-05 0 0.00013943366764366529 0 -2.3779815350845583e-05 6.3464736253265319e-05 0 -1.9888918846954869e-05 6.7196139103757022e-06 -3.0732400236265303e-05 6.9428522406939945e-05 0.00017578044528512599 0 6.3664336200833292e-05
leaf_weight=274 610 21 44 32 23 26 20 130 395 574 29 64 20 320 42 41 31 83 344 21 253 313 209 25 24 25 75
leaf_count=274 610 21 44 32 23 26 20 130 395 574 29 64 20 320 42 41 31 83 344 21 253 313 209 25 24 25 75
internal_value=-7.53278e-07 -1.11661e-05 -8.3283e-05 -0.000194102 0 2.34487e-05 -3.5355e-06 -8.20115e-06 -2.18877e-05 7.07681e-06 7.15775e-06 -4.56012e-06 -3.26e-05 -6.21158e-06 2.05909e-05 1.05165e-05 7.20256e-05 4.02163e-05 5.20702e-05 7.28763e-05 0 3.0819e-07 -2.53253e-06 0 0.000113886 -0.00019075 4.33736e-05
internal_weight=4068 1920 146 53 93 70 1774 1709 1005 704 2148 1028 429 384 1120 599 72 494 386 65 527 626 522 108 45 45 104
internal_count=4068 1920 146 53 93 70 1774 1709 1005 704 2148 1028 429 384 1120 599 72 494 386 65 527 626 522 108 45 45 104
is_linear=0
shrinkage=0.03


Tree=101
num_leaves=22
num_cat=0
split_feature=31 24 31 27 36 27 24 27 22 24 5 25 22 24 31 32 24 33 25 26 29
split_gain=0.000373643 0.00120111 0.000899169 0.000421674 0.000419222 0.000777278 0.00122307 0.00112962 0.00112226 0.00057139 0.000558004 0.000544353 0.00178122 0.00109796 0.0015592 0.00109675 0.000905974 0.000609337 0.000361211 0.000240135 0.000213849
threshold=0.0326682004124711 6.5686686363868443 0.038830355186457728 0.99797936734332382 0.0022783350630390495 0.57016153316312479 5.1443041251500281 0.44698362876393949 65.567543476270188 3.8989036331784206 2825122.0000000005 -1.9099599456452958 30.785184117427196 11.190721282733312 -0.011729025487190124 -0.028204434113088202 -6.3035811327951654 -0.033463896211940174 1.975417229296998 11.085148646253968 77.777767877153437
decision_type=2 2 2 2 2 2 2 2 2 2 2 2 2 2 2 2 2 2 2 2 2
left_child=4 2 -2 -4 11 6 10 -8 9 -7 -6 12 16 17 -15 -14 -1 -13 -5 -10 -3
right_child=1 20 3 18 5 8 7 -9 19 -11 -12 13 15 14 -16 -17 -18 -19 -20 -21 -22
leaf_value=0 -0.00010607240180405053 0 0 0 -4.0451436900037324e-05 3.9769225986295376e-05 -0.00031052728391640157 0 -2.8503260434479502e-05 0.00015956506963583165 2.1612627724082128e-05 -5.1728939308288448e-05 0.00020670315906639572 0 -0.00023657069319898448 1.8821084665867018e-05 -0.00018202914322233373 0 0.00021594164970273509 5.1927949761512207e-05 -0.00028312374754294522
leaf_weight=28 47 23 43 26 168 409 22 21 203 72 488 235 54 46 47 160 39 1873 21 23 20
leaf_count=28 47 23 43 26 168 409 22 21 203 72 488 235 54 46 47 160 39 1873 21 23 20
internal_value=-7.45204e-07 -4.33043e-05 0 5.5678e-05 4.54602e-07 1.42263e-05 -4.55032e-06 -0.000160797 3.70312e-05 6.39664e-05 1.14196e-06 -6.13839e-06 3.0308e-05 -1.21556e-05 -0.000115068 8.03171e-05 -8.45948e-05 -6.18702e-06 0.00011827 -7.02997e-06 -0.000181431
internal_weight=4068 180 137 90 3888 1406 699 43 707 481 656 2482 281 2201 93 214 67 2108 47 226 43
internal_count=4068 180 137 90 3888 1406 699 43 707 481 656 2482 281 2201 93 214 67 2108 47 226 43
is_linear=0
shrinkage=0.03


Tree=102
num_leaves=18
num_cat=0
split_feature=26 1 31 36 24 35 31 1 23 21 21 34 32 21 4 25 32
split_gain=0.000367408 0.000488651 0.0011318 0.000710897 0.00233031 0.000960915 0.000896971 0.000504442 0.000439181 0.000222075 0.000233908 0.000210686 0.000237485 0.000210587 0.000217421 0.00017056 6.68841e-05
threshold=3.1147343321262988 152.84999847412112 0.024592826471283694 -0.032199113138671638 -0.73360251794599973 0.064830555251102193 0.0326682004124711 122.64999771118165 1.8807571995773176 120.53166681925457 123.06599992116294 0.03541681359610472 -0.0031637047782118728 171.86083361307783 199.59999847412112 0.62336313064283544 -0.0031637047782118728
decision_type=2 2 2 2 2 2 2 2 2 2 2 2 2 2 2 2 2
left_child=9 2 7 4 -3 6 -5 -2 -9 15 11 12 -11 16 -15 -1 -12
right_child=1 3 -4 5 -6 -7 -8 8 -10 10 13 -13 -14 14 -16 -17 -18
leaf_value=0 7.1458140045035972e-05 -0.00035313672685313008 -0.00027883128249155939 9.6077623322186866e-08 0 0.00016263722257148588 -8.2780514757201657e-05 -0.00010269854452506807 0 0 1.2217355876587737e-05 0 0.00016933007984627275 4.9009211883963911e-05 0 -8.9304410472900648e-05 -8.7031651133222587e-06
leaf_weight=89 29 22 20 2714 32 32 120 67 52 20 258 23 31 206 46 21 286
leaf_count=89 29 22 20 2714 32 32 120 67 52 20 258 23 31 206 46 21 286
internal_value=-7.28744e-07 -6.4944e-06 -5.72588e-05 -2.54448e-06 -0.000110344 0 -2.35742e-06 -6.89195e-06 -5.12185e-05 1.43768e-05 2.11081e-05 8.11827e-05 0.000115186 1.17454e-05 3.44593e-05 -1.1584e-05 0
internal_weight=4068 3088 168 2920 54 2866 2834 148 119 980 870 74 51 796 252 110 544
internal_count=4068 3088 168 2920 54 2866 2834 148 119 980 870 74 51 796 252 110 544
is_linear=0
shrinkage=0.03


Tree=103
num_leaves=21
num_cat=0
split_feature=21 35 34 33 35 32 5 25 21 34 31 26 20 35 0 35 33 1 31 5
split_gain=0.000358096 0.000816343 0.00108415 0.00218203 0.000470845 0.000441222 0.000729364 0.000725781 0.000420926 0.000649593 0.000533393 0.000510689 0.000411153 0.000782976 0.000572811 0.000351482 0.000319249 0.000275601 0.000137183 3.51555e-05
threshold=245.35499992370606 0.043001717866550222 -0.091977256895321588 0.016756740874385837 0.038221958574974353 0.00091964734736182951 11213305.000000002 -0.071460587180712895 226.52499885559084 0.08533953934678952 -0.01024376510095437 5.5475819166929918 126.03250007629396 0.017124895255674722 98.60465240478517 0.012599074164480225 0.05185243634252746 235.70000457763675 0.022787128210534194 5646069.5000000009
decision_type=2 2 2 2 2 2 2 2 2 2 2 2 2 2 2 2 2 2 2 2
left_child=8 4 -3 -4 5 6 -2 -7 9 12 19 -11 13 -1 -14 -12 -5 -17 -6 -10
right_child=1 2 3 16 18 7 -8 -9 10 11 15 -13 14 -15 -16 17 -18 -19 -20 -21
leaf_value=0 -1.4656536046184749e-05 0 -0.00027274004517649541 6.8809756193167394e-05 0.00010319950809408402 4.4017362782255438e-05 -0.00020076907064853379 -1.3472273772355674e-05 -3.3555589065293763e-05 0 0 -0.00020727950626040818 -3.4555717602924901e-05 8.1164808110768404e-05 8.7759831332272463e-06 0 -6.9310607896965444e-05 0.00011666446155775006 0 0
leaf_weight=191 933 34 52 27 43 311 23 442 28 38 25 23 359 171 1126 51 33 112 22 24
leaf_count=191 933 34 52 27 43 311 23 442 28 38 25 23 359 171 1126 51 33 112 22 24
internal_value=-6.66135e-07 -1.07267e-05 -8.00411e-05 -0.00013059 -3.32689e-06 -7.9434e-06 -2.22924e-05 6.29094e-06 6.93e-06 5.9548e-07 4.47734e-05 -9.33875e-05 5.32847e-06 3.41578e-05 0 7.1491e-05 0 8.85093e-05 7.17946e-05 0
internal_weight=4068 1920 146 112 1774 1709 956 753 2148 1908 240 61 1847 362 1485 188 60 163 65 52
internal_count=4068 1920 146 112 1774 1709 956 753 2148 1908 240 61 1847 362 1485 188 60 163 65 52
is_linear=0
shrinkage=0.03


Tree=104
num_leaves=20
num_cat=0
split_feature=26 27 31 35 29 31 27 24 21 21 34 29 21 1 30 30 36 36 35
split_gain=0.000337168 0.000607531 0.000424576 0.00117018 0.000864002 0.000315852 0.000467485 0.000333033 0.000216671 0.000212849 0.000199572 0.000243574 0.00019119 0.000200132 0.00012077 8.3127e-05 7.17023e-05 4.81749e-05 3.59585e-05
threshold=3.1147343321262988 -0.14143176209211825 0.0326682004124711 0.064830555251102193 70.714315726487328 0.028021595749798459 1.0958797442397439 3.1188737696664179 120.53166681925457 123.06599992116294 0.03541681359610472 66.330093358840003 171.86083361307783 200.70000457763675 21.488147008631802 19.429899986592101 -0.0077812994725352013 0.0098867907499459312 0.013602358252978931
decision_type=2 2 2 2 2 2 2 2 2 2 2 2 2 2 2 2 2 2 2
left_child=8 15 5 4 -4 6 -3 -7 14 10 11 -10 17 -14 -1 -2 -16 -11 -18
right_child=1 2 3 -5 -6 7 -8 -9 9 12 -12 -13 13 -15 16 -17 18 -19 -20
leaf_value=0 0 0 0 7.8053566120061792e-05 -0.000189877142668854 0 -0.00010582247589086002 0.00016390896609750401 0 -2.1185874230873902e-06 0 0.00018083193750206334 4.6077686420057234e-05 0 0 -0.00018657136360989573 0 2.4081996828956207e-05 -7.0067330583729436e-05
leaf_weight=21 20 2790 75 26 58 39 39 21 25 473 23 26 214 38 22 20 22 71 45
leaf_count=21 20 2790 75 26 58 39 39 21 25 473 23 26 214 38 22 20 22 71 45
internal_value=-6.51261e-07 -6.20492e-06 -3.65992e-06 -5.15594e-05 -9.94763e-05 0 -2.46001e-06 6.6671e-05 1.37864e-05 2.04943e-05 7.83297e-05 0.00011141 1.13401e-05 3.29947e-05 -1.199e-05 -0.000124828 -3.73837e-05 0 -5.30799e-05
internal_weight=4068 3088 3048 159 133 2889 2829 60 980 870 74 51 796 252 110 40 89 544 67
internal_count=4068 3088 3048 159 133 2889 2829 60 980 870 74 51 796 252 110 40 89 544 67
is_linear=0
shrinkage=0.03


Tree=105
num_leaves=24
num_cat=0
split_feature=21 5 21 32 32 35 5 29 23 30 21 21 20 26 22 27 33 21 3 28 36 32 29
split_gain=0.000328556 0.000778798 0.00101212 0.000540823 0.000795641 0.00215126 0.000828451 0.000732996 0.00070651 0.000408777 0.00040063 0.000482587 0.00057228 0.000325066 0.000772265 0.000557831 0.000424017 0.000224248 0.00030495 0.000224304 9.37854e-05 0.000275517 6.54973e-05
threshold=245.35499992370606 15841409.000000002 297.01666641235357 0.00091964734736182951 -0.037708428593073988 0.042174958018533597 8223736.5000000009 85.656629203463368 4.0437121227540027 90.512874030172313 226.52499885559084 238.0199994405111 227.70999870300295 3.7220590466227539 59.692979789485939 0.065622042067199168 -0.011813256349019917 172.52749951680502 197.70000457763675 -67234916.999999985 0.0037492419083010437 0.022262410908492129 31.741495877345567
decision_type=2 2 2 2 2 2 2 2 2 2 2 2 2 2 2 2 2 2 2 2 2 2 2
left_child=10 3 -3 4 6 -6 -2 8 -5 -9 13 12 -12 17 15 -15 -16 19 -19 -1 22 -22 -13
right_child=1 2 -4 7 5 -7 -8 9 -10 -11 11 20 -14 14 16 -17 -18 18 -20 -21 21 -23 -24
leaf_value=2.5388319618567464e-05 0 -0.00025022017466255672 0 1.7549112774312311e-06 -2.0313332781693322e-05 -0.00029917492737348961 0.00013155627547499331 -8.2908807601640944e-05 7.8013596924666638e-05 0 0 0 0.00014912231534807286 -9.2230628203164268e-05 0 1.6491212871669692e-05 -9.0161938247411343e-05 4.4196813706326876e-05 0 -7.6727638517765123e-06 9.0806110302948617e-05 0 -3.2787974568053641e-05
leaf_weight=256 50 28 22 544 896 28 56 99 175 22 33 20 63 46 23 404 151 316 87 625 39 21 64
leaf_count=256 50 28 22 544 896 28 56 99 175 22 33 20 63 46 23 404 151 316 87 625 39 21 64
internal_value=-6.418e-07 -1.03039e-05 -0.000130134 -5.48888e-06 -2.10855e-05 -3.20415e-05 4.60831e-05 1.00648e-05 2.44959e-05 -5.08638e-05 6.59818e-06 4.34748e-05 9.6134e-05 3.85328e-07 -1.55889e-05 0 -6.97375e-05 1.04854e-05 2.91703e-05 0 0 3.51946e-05 -1.08844e-05
internal_weight=4068 1920 50 1870 1030 924 106 840 719 121 2148 240 96 1908 624 450 174 1284 403 881 144 60 84
internal_count=4068 1920 50 1870 1030 924 106 840 719 121 2148 240 96 1908 624 450 174 1284 403 881 144 60 84
is_linear=0
shrinkage=0.03


Tree=106
num_leaves=28
num_cat=0
split_feature=26 30 2 21 34 20 27 36 25 36 36 23 34 30 23 36 36 33 25 36 32 28 25 28 25 33 33
split_gain=0.000312181 0.000767555 0.00095452 0.00177146 0.00154433 0.000854964 0.000551061 0.00171951 0.00108099 0.000520257 0.000707487 0.000421333 0.000723826 0.000879192 0.000689052 0.000534275 0.00134894 0.000579924 0.000437811 0.000416788 0.000470518 0.000410521 0.000395806 0.000358704 0.000356504 0.000159772 0.000145974
threshold=9.527346363755461 57.21984817145735 378.50000000000006 345.41999944051111 0.020778091719192763 321.08499755859378 0.23373133823865186 0.0021739212083266885 -0.10832071972866465 -1.0000000180025095e-35 -0.010638279275076415 -0.97580550084661855 -0.063070969198089952 14.953560200797865 -0.37458975962097435 0.0085664132710072845 0.0016158988406580288 0.0068536043714438897 2.0074655696293084 -0.0021459173011276673 -0.024471905672718727 94337955.000000015 -2.2759963425895444 247569356.00000003 0.62336313064283544 0.016756740874385837 -0.026471517762552074
decision_type=2 2 2 2 2 2 2 2 2 2 2 2 2 2 2 2 2 2 2 2 2 2 2 2 2 2 2
left_child=11 5 9 -4 -5 19 7 -7 -8 10 -3 12 13 -1 25 16 -14 -17 24 20 -2 -20 -15 -11 -16 26 -13
right_child=1 2 3 4 -6 6 8 -9 -10 23 -12 14 15 22 18 17 -18 -19 21 -21 -22 -23 -24 -25 -26 -27 -28
leaf_value=0 0 0 -0.00037428328086836979 -0.00016806546680366981 0 3.6018744829668414e-05 0.00011221860232054891 -0.00021496286045771519 0 0.00012348005698312303 -0.00014500772612701963 0 -1.0245925044375783e-05 0 8.5059939101250726e-06 -9.5098404527977064e-05 7.1078469677255353e-05 0 0 0 -0.00025396008968853678 7.8707340154509246e-05 -0.00028794343760176616 0 -2.1753304674364175e-05 0 8.3615299315920836e-05
leaf_weight=36 20 42 22 60 105 87 138 31 93 41 38 30 739 21 1131 107 232 138 22 34 20 127 23 21 505 40 165
leaf_count=36 20 42 22 60 105 87 138 31 93 41 38 30 739 21 1131 107 232 138 22 34 20 127 23 21 505 40 165
internal_value=-6.08583e-07 -1.86131e-05 -5.37348e-05 -9.83379e-05 -4.31699e-05 1.6195e-06 2.79536e-05 -4.64109e-06 5.75799e-05 0 -4.53037e-05 2.57023e-06 -9.55207e-06 -9.79028e-05 1.18329e-05 -1.26504e-06 6.10086e-06 -4.26886e-05 3.65643e-06 -8.19622e-05 -0.00014754 5.29414e-05 -0.000188022 6.99472e-05 0 6.11505e-05 7.24091e-05
internal_weight=4068 752 329 187 165 423 349 118 231 142 80 3316 1296 80 2020 1216 971 245 1785 74 40 149 44 62 1636 235 195
internal_count=4068 752 329 187 165 423 349 118 231 142 80 3316 1296 80 2020 1216 971 245 1785 74 40 149 44 62 1636 235 195
is_linear=0
shrinkage=0.03


Tree=107
num_leaves=14
num_cat=0
split_feature=27 31 24 31 21 27 25 27 28 20 33 21 22
split_gain=0.000305282 0.000316198 0.0011352 0.000830103 0.000792337 0.000406547 0.000323044 0.00100182 0.000930623 0.000904069 0.000711115 0.000645994 0.000486919
threshold=-0.176265746992749 0.0326682004124711 6.5686686363868443 0.038830355186457728 273.74166692097987 0.99797936734332382 -0.16145042130048412 0.16227443877460102 320597825.50000006 489.24499969482429 0.02708950584215775 468.79583282470708 36.454074999469505
decision_type=2 2 2 2 2 2 2 2 2 2 2 2 2
left_child=-1 6 3 -3 -4 -5 8 12 10 -9 -2 -10 -8
right_child=1 2 4 5 -6 -7 7 9 11 -11 -12 -13 -14
leaf_value=-9.0024281406496525e-05 -1.5208267665419412e-06 -9.8388300718113802e-05 -0.00030824477851095107 0 0 0.00011811013010553502 -0.00021515525876363795 4.4446739112089222e-07 9.7603577327669077e-05 -0.00018371494930368917 8.9328559925422172e-05 0 0
leaf_weight=34 1446 47 21 43 22 47 30 2013 175 24 80 64 22
leaf_count=34 1446 47 21 43 22 47 30 2013 175 24 80 64 22
internal_value=-6.28187e-07 0 -3.87213e-05 0 -0.000173119 5.68458e-05 1.94287e-06 -5.06778e-06 1.19399e-05 -2.61535e-07 1.28167e-06 6.7416e-05 -0.0001354
internal_weight=4068 4034 180 137 43 90 3854 2089 1765 2037 1526 239 52
internal_count=4068 4034 180 137 43 90 3854 2089 1765 2037 1526 239 52
is_linear=0
shrinkage=0.03


Tree=108
num_leaves=21
num_cat=0
split_feature=21 5 21 32 32 35 5 29 23 5 21 34 31 26 20 35 0 35 28 5
split_gain=0.000308526 0.00071494 0.000932387 0.000496179 0.000744967 0.00196688 0.00078532 0.00066989 0.000575578 0.000426706 0.000372859 0.000576591 0.000491014 0.000468546 0.000372927 0.000753821 0.000513203 0.000333325 0.000209239 3.29957e-05
threshold=245.35499992370606 15841409.000000002 297.01666641235357 0.00091964734736182951 -0.037708428593073988 0.042174958018533597 8223736.5000000009 84.208304412062333 4.0437121227540027 3779910.5000000005 226.52499885559084 0.08533953934678952 -0.01024376510095437 5.5475819166929918 126.03250007629396 0.017124895255674722 98.60465240478517 0.012599074164480225 82617914.000000015 5646069.5000000009
decision_type=2 2 2 2 2 2 2 2 2 2 2 2 2 2 2 2 2 2 2 2
left_child=10 3 -3 4 6 -6 -2 8 -5 -9 11 14 19 -13 15 -1 -16 -14 -19 -12
right_child=1 2 -4 7 5 -7 -8 9 -10 -11 12 13 17 -15 16 -17 -18 18 -20 -21
leaf_value=0 0 -0.00024028364738393107 0 2.8857820134706757e-06 -1.9607508814000014e-05 -0.00028689014578935795 0.00012773403565599807 0 7.4305075643574291e-05 -7.5985927548242164e-05 -3.2508483105189954e-05 0 0 -0.00019711693428311639 -3.2922575293996666e-05 7.8609282716858407e-05 8.0324309524175881e-06 0 0.00010077813636432148 0
leaf_weight=191 50 28 22 531 896 28 56 29 168 112 28 38 25 23 359 171 1126 30 133 24
leaf_count=191 50 28 22 531 896 28 56 29 168 112 28 38 25 23 359 171 1126 30 133 24
internal_value=-6.53641e-07 -1.00324e-05 -0.000125034 -5.34676e-06 -2.03165e-05 -3.09836e-05 4.43339e-05 9.43828e-06 2.43503e-05 -4.31908e-05 6.33309e-06 2.8473e-07 4.19026e-05 -8.8251e-05 4.83754e-06 3.23463e-05 0 6.77538e-05 8.44602e-05 0
internal_weight=4068 1920 50 1870 1030 924 106 840 699 141 2148 1908 240 61 1847 362 1485 188 163 52
internal_count=4068 1920 50 1870 1030 924 106 840 699 141 2148 1908 240 61 1847 362 1485 188 163 52
is_linear=0
shrinkage=0.03


Tree=109
num_leaves=24
num_cat=0
split_feature=21 5 21 32 32 24 5 29 23 25 0 31 32 4 29 36 27 29 5 0 24 36 32
split_gain=0.000287914 0.000668193 0.000881402 0.000472619 0.000696793 0.000799895 0.000745978 0.000628857 0.000620494 0.000519373 0.000353176 0.000667038 0.00198797 0.000623445 0.000361442 0.000239832 0.000372522 0.000281875 0.000272821 0.00019723 0.00023915 0.000169587 8.59083e-06
threshold=245.35499992370606 15841409.000000002 297.01666641235357 0.00091964734736182951 -0.037708428593073988 -0.81317394669690202 8223736.5000000009 85.656629203463368 4.0437121227540027 3.5530483950257219 142.46826171875003 0.02397326591849747 0.023142972704221058 185.80000305175784 67.96864518361663 1.0000000180025095e-35 0.93233110351102144 88.929121388411701 2817518.0000000005 204.65981292724612 4.5978633222578358 -0.01482092894420123 0.041609875233997513
decision_type=2 2 2 2 2 2 2 2 2 2 2 2 2 2 2 2 2 2 2 2 2 2 2
left_child=10 3 -3 4 6 -6 -2 8 -5 -9 11 13 -13 14 -1 19 18 -18 -17 20 -12 -21 -14
right_child=1 2 -4 7 5 -7 -8 9 -10 -11 15 12 22 -15 -16 16 17 -19 -20 21 -22 -23 -24
leaf_value=0 0 -0.0002331007992620066 0 1.1653335059181941e-06 0 -5.9004398613156771e-05 0.00012390884333122071 0 7.2964003639680857e-05 -0.00018608931816178613 2.8318369925530992e-05 -0.00033610543570485648 6.0244026981399295e-06 -0.00011100049745781248 3.6329547871074277e-05 0 -3.6007283269160457e-05 7.2681840596787765e-05 7.5334120015427833e-05 0 -4.1973357449144434e-05 -7.307306092921905e-05 -1.2558005606941432e-05
leaf_weight=937 50 28 22 544 476 448 56 100 175 21 320 21 30 39 312 43 77 29 210 20 21 47 42
leaf_count=937 50 28 22 544 476 448 56 100 175 21 320 21 30 39 312 43 77 29 210 20 21 47 42
internal_value=-6.45944e-07 -9.72504e-06 -0.000121005 -5.13913e-06 -1.97793e-05 -3.01524e-05 4.23113e-05 9.24169e-06 2.28203e-05 -4.66235e-05 6.07294e-06 -9.97274e-07 -7.99053e-05 2.37703e-06 8.32757e-06 2.27123e-05 4.12678e-05 0 6.11631e-05 0 1.51834e-05 -3.83859e-05 0
internal_weight=4068 1920 50 1870 1030 924 106 840 719 121 2148 1381 93 1288 1249 767 359 106 253 408 341 67 72
internal_count=4068 1920 50 1870 1030 924 106 840 719 121 2148 1381 93 1288 1249 767 359 106 253 408 341 67 72
is_linear=0
shrinkage=0.03


Tree=110
num_leaves=18
num_cat=0
split_feature=26 3 3 36 24 36 22 35 31 21 21 34 29 25 21 4 32
split_gain=0.000286088 0.0005155 0.00126988 0.00057352 0.000982365 0.000562597 0.00214111 0.000916187 0.000756744 0.000201032 0.000194504 0.000190448 0.000226651 0.000157107 0.000152796 0.000187722 7.05805e-05
threshold=3.1147343321262988 147.55000305175784 120.54999923706056 -0.013211585103394773 1.4716268011375535 -0.032199113138671638 36.454074999469505 0.064830555251102193 0.0326682004124711 120.53166681925457 123.06599992116294 0.03541681359610472 66.330093358840003 0.62336313064283544 171.86083361307783 199.59999847412112 -0.0031637047782118728
decision_type=2 2 2 2 2 2 2 2 2 2 2 2 2 2 2 2 2
left_child=9 2 -2 -4 -5 6 -3 8 -7 13 11 12 -11 -1 16 -16 -12
right_child=1 5 3 4 -6 7 -8 -9 -10 10 14 -13 -14 -15 15 -17 -18
leaf_value=0 5.4396738358696042e-05 -0.00033250976960718358 0 -0.00023338412470575795 0 3.1030520847863842e-07 0 0.00015932164203362521 -7.5828460161768058e-05 0 1.2540641211575905e-05 0 0.00017352502264521326 -8.6541146931560665e-05 4.3475213077233151e-05 0 -8.9527988190941953e-06
leaf_weight=89 34 22 30 55 45 2718 32 32 120 25 258 23 26 21 206 46 286
leaf_count=89 34 22 30 55 45 2718 32 32 120 25 258 23 26 21 206 46 286
internal_value=-6.67884e-07 -5.83271e-06 -5.836e-05 -0.000110929 -0.000145429 -1.85873e-06 -9.77037e-05 0 -1.85461e-06 1.25446e-05 1.91335e-05 7.44305e-05 0.000106713 -1.22897e-05 1.02157e-05 2.95811e-05 0
internal_weight=4068 3088 164 130 100 2924 54 2870 2838 980 870 74 51 110 796 252 544
internal_count=4068 3088 164 130 100 2924 54 2870 2838 980 870 74 51 110 796 252 544
is_linear=0
shrinkage=0.03


Tree=111
num_leaves=25
num_cat=0
split_feature=26 5 34 33 29 29 35 33 23 23 34 29 35 23 26 28 26 1 34 5 29 21 19 1
split_gain=0.000282263 0.000761308 0.000883357 0.0015673 0.0011212 0.000963834 0.000611449 0.000959646 0.000370185 0.000645567 0.000641217 0.00094796 0.000640247 0.000999483 0.000492711 0.000382346 0.00055683 0.000425465 0.000360902 0.000296987 0.000253798 0.000218091 0.000231331 0.000203222
threshold=9.527346363755461 3247502.5000000005 -0.041367206885864254 0.014683102500100966 35.128228889001122 84.951030858390268 0.030331795284519601 -0.052991664392439845 -0.97580550084661855 -0.37458975962097435 -0.063070969198089952 13.284234433958884 0.017999078619700976 -2.1329892909052428 3.5144377511046856 195752264.50000003 3.7220590466227539 271.10000610351568 -0.057746288264576111 8396371.5000000019 71.517488636353207 342.34999847412115 460.23999938964852 122.64999771118165
decision_type=2 2 2 2 2 2 2 2 2 2 2 2 2 2 2 2 2 2 2 2 2 2 2 2
left_child=8 21 6 4 -4 -5 18 -8 10 20 11 -1 14 -14 -12 16 -11 -17 -3 -13 23 -2 -23 -10
right_child=1 2 3 5 -6 -7 7 -9 9 15 12 19 13 -15 -16 17 -18 -19 -20 -21 -22 22 -24 -25
leaf_value=0 0 -0.0001271262971567921 0 3.4138540586145418e-05 -0.00014858982577556254 -0.00010845585772269628 0 0.00018405291447062 0 8.5019741322136605e-06 0 -0.00027908079199154268 4.0032834364955652e-05 -4.597023670390765e-05 -4.9735278990897059e-05 6.3935263218504234e-05 -3.1786616056378583e-05 0 0 0 0 0.00010133268502145358 0 8.4086021620752885e-05
leaf_weight=37 21 22 70 178 177 56 39 42 23 775 244 23 501 134 337 177 461 372 31 20 39 57 59 173
leaf_count=37 21 22 70 178 177 56 39 42 23 775 244 23 501 134 337 177 461 372 31 20 39 57 59 173
internal_value=-6.00522e-07 -1.77398e-05 -3.46857e-05 -5.56611e-05 -0.000108354 0 1.82208e-05 8.32802e-05 2.38206e-06 1.11077e-05 -8.90329e-06 -9.20509e-05 -9.59029e-07 1.71561e-05 -2.592e-05 3.14665e-06 -4.09913e-06 2.49208e-05 -2.4682e-05 -0.000188527 5.87904e-05 3.64188e-05 5.7069e-05 7.28594e-05
internal_weight=4068 752 615 481 247 234 134 81 3316 2020 1296 80 1216 635 581 1785 1236 549 53 43 235 137 116 196
internal_count=4068 752 615 481 247 234 134 81 3316 2020 1296 80 1216 635 581 1785 1236 549 53 43 235 137 116 196
is_linear=0
shrinkage=0.03


Tree=112
num_leaves=24
num_cat=0
split_feature=22 28 0 29 33 20 32 33 26 32 5 25 22 24 5 0 0 30 32 33 36 29 25
split_gain=0.000264746 0.00102386 0.000997808 0.000443753 0.00108899 0.00169087 0.00161272 0.000817169 0.00124073 0.00120607 0.000817129 0.000660339 0.000359281 0.00127268 0.00103546 0.000984791 0.000434515 0.000300658 0.000795422 0.000307211 0.000259394 0.000206445 0.000138082
threshold=32.745082533420188 231496811.00000003 349.20295715332037 35.128228889001122 -0.01232443506742331 267.31999855041505 -0.016942609051493748 -0.0044204609417658461 10.996984237697108 0.0054022891421192662 5345004.0000000009 1.6351514362715667 25.507152842729706 -5.9752194456485466 5345004.0000000009 192.86758422851565 93.379932403564467 85.655778423565195 0.0092861184828840777 0.011681944588277539 -0.0067739079778966899 21.412313321058679 -0.70888580398244072
decision_type=2 2 2 2 2 2 2 2 2 2 2 2 2 2 2 2 2 2 2 2 2 2 2
left_child=1 12 -3 7 5 11 -7 9 22 10 -2 -5 13 -1 20 -16 -15 19 -19 -6 -14 -11 -9
right_child=3 2 -4 4 17 6 -8 8 -10 21 -12 -13 14 16 15 -17 -18 18 -20 -21 -22 -23 -24
leaf_value=0.00021984472204982625 0 -0.00031209790886057562 0 -1.4304287910236405e-05 -4.1093921101520513e-06 -1.3239346884104016e-05 -0.00026243789001436513 -2.7879691775162854e-05 -0.00022169749200311967 0 6.3522336252954184e-05 0.00016364124188874405 -3.6073079902653576e-07 4.5356783848144172e-05 -0.00017371295232965274 0 -9.9162468061949019e-05 1.3012412705156803e-05 -8.0492542337694516e-05 1.7551009789404664e-05 5.8031086459074763e-05 0.00021502142236100674 2.1246985080898945e-05
leaf_weight=27 608 21 21 143 951 89 58 97 26 23 251 21 45 27 65 28 34 98 139 1074 73 41 108
leaf_count=27 608 21 21 143 951 89 58 97 26 23 251 21 45 27 65 28 34 98 139 1074 73 41 108
internal_value=-5.48369e-07 -2.62896e-05 -0.000165793 1.00254e-06 -5.0516e-06 -5.79279e-05 -0.000132068 1.70998e-05 -2.68136e-05 3.13416e-05 1.79821e-05 0 0 4.31955e-05 -2.7442e-05 -0.000107613 0 8.94347e-07 -2.9186e-05 5.89753e-06 1.03794e-05 0.000163542 0
internal_weight=4068 341 42 3727 2573 311 147 1154 231 923 859 164 299 88 211 93 61 2262 237 2025 118 64 205
internal_count=4068 341 42 3727 2573 311 147 1154 231 923 859 164 299 88 211 93 61 2262 237 2025 118 64 205
is_linear=0
shrinkage=0.03


Tree=113
num_leaves=20
num_cat=0
split_feature=5 1 20 0 22 33 30 5 24 2 36 36 35 24 5 31 35 33 30
split_gain=0.000261176 0.000824403 0.000843305 0.000802445 0.000607827 0.00139024 0.000476804 0.000398248 0.000356822 0.000377489 0.000352863 0.000431248 0.000292375 0.00100795 0.000649964 0.000630053 0.000443339 0.000510809 0.000341077
threshold=11213305.000000002 333.10000610351568 361.21499938964848 229.90200805664065 56.252397604375552 -0.057778747975586402 85.114503639115114 14702567.000000002 -10.728583505704743 221.19999694824222 0.0043572993023255477 -0.0075539271898480411 0.028924946002771051 -6.4583679512300955 6854935.0000000009 -0.011928601515446722 0.024594575177195908 0.010056405399533232 70.820912471708169
decision_type=2 2 2 2 2 2 2 2 2 2 2 2 2 2 2 2 2 2 2
left_child=8 3 -3 4 5 -2 -6 -5 9 -1 11 -11 16 14 -14 -15 18 -18 -10
right_child=1 2 -4 7 6 -7 -8 -9 12 10 -12 -13 13 15 -16 -17 17 -19 -20
leaf_value=0 0 -0.00024001070262479016 0 0 5.3903774784542359e-05 -0.0001845413581045383 -6.9637527289675665e-05 0.00018938567548752779 -3.9880821772905735e-07 0 0 -0.00025120696804918771 0.0002906786607494533 5.5129114496328143e-05 0 -1.460763403314152e-05 -5.7967086357204573e-05 0 2.3725656159885717e-05
leaf_weight=20 31 30 32 26 84 58 38 25 2177 31 27 21 21 170 20 285 243 110 619
leaf_count=20 31 30 32 26 84 58 38 25 2177 31 27 21 21 170 20 285 243 110 619
internal_value=-5.39294e-07 -2.68113e-05 -0.000125298 0 -2.92301e-05 -9.03546e-05 0 0.000102973 9.33638e-07 -5.37282e-05 -8.89477e-05 -0.000134563 3.24274e-06 2.4651e-05 0.000170719 4.86229e-06 0 -3.18028e-05 3.86979e-06
internal_weight=4068 324 62 262 211 89 122 51 3744 99 79 52 3645 496 41 455 3149 353 2796
internal_count=4068 324 62 262 211 89 122 51 3744 99 79 52 3645 496 41 455 3149 353 2796
is_linear=0
shrinkage=0.03


Tree=114
num_leaves=22
num_cat=0
split_feature=31 24 31 21 27 25 36 27 26 19 24 27 22 25 22 32 24 31 24 22 33
split_gain=0.000253159 0.00104474 0.000754405 0.000723119 0.000379625 0.000351342 0.000330944 0.000683856 0.00113145 0.00210025 0.00112855 0.00101805 0.00097649 0.000565049 0.00152708 0.000985715 0.000895006 0.00144435 0.000792467 0.000562361 0.000506254
threshold=0.0326682004124711 6.5686686363868443 0.038830355186457728 273.74166692097987 0.99797936734332382 1.975417229296998 0.0022783350630390495 0.57016153316312479 11.620576640874765 355.07999877929689 5.1443041251500281 0.44698362876393949 66.218140364579639 -1.9099599456452958 30.785184117427196 -0.028204434113088202 11.190721282733312 -0.011729025487190124 -6.3035811327951654 41.2564875664929 -0.033463896211940174
decision_type=2 2 2 2 2 2 2 2 2 2 2 2 2 2 2 2 2 2 2 2 2
left_child=6 2 -2 -3 -4 -6 13 10 12 -10 19 -12 -9 14 18 -16 20 -18 -1 -8 -15
right_child=1 3 4 -5 5 -7 7 8 9 -11 11 -13 -14 16 15 -17 17 -19 -20 -21 -22
leaf_value=0 -9.2067277254714695e-05 -0.00029364811935709228 0 0 0 0.00021079823733373624 4.0208966749706701e-05 4.3561488060108331e-05 0.00039237488690134763 0 -0.00029687268920485096 0 -3.2306212144808914e-05 -4.7554996151098532e-05 0.0001992643688346626 1.884431909272736e-05 0 -0.00022208058299937221 -0.00016444829255675948 -1.6156263735814738e-05 0
leaf_weight=28 47 21 43 22 26 21 247 453 23 43 22 21 188 235 54 160 46 47 39 409 1873
leaf_count=28 47 21 43 22 26 21 247 453 23 43 22 21 188 235 54 160 46 47 39 409 1873
internal_value=-4.98604e-07 -3.56086e-05 0 -0.000164664 5.57192e-05 0.000114861 3.56147e-07 1.2669e-05 3.41613e-05 0.000158768 -4.7798e-06 -0.000154702 1.66291e-05 -5.41042e-06 3.19871e-05 7.84548e-05 -1.15491e-05 -0.000104827 -7.16186e-05 4.9704e-07 -6.00606e-06
internal_weight=4068 180 137 43 90 47 3888 1406 707 66 699 43 641 2482 281 214 2201 93 67 656 2108
internal_count=4068 180 137 43 90 47 3888 1406 707 66 699 43 641 2482 281 214 2201 93 67 656 2108
is_linear=0
shrinkage=0.03


Tree=115
num_leaves=18
num_cat=0
split_feature=5 24 26 29 29 29 25 24 24 19 34 25 36 20 36 21 27
split_gain=0.000246447 0.000704112 0.000490644 0.000282218 0.000867919 0.000673721 0.00158657 0.000407474 0.000856686 0.000367175 0.00134004 0.000348214 0.000565906 0.000326574 0.000274565 0.000234787 1.13291e-05
threshold=19863452.000000004 1.6315498195797173 10.377469265131584 13.284234433958884 14.512260540673696 9.0524970960783708 -0.37107439487942767 -0.17716968368855884 -2.5224144694418529 478.66000061035157 0.024110417636240559 -0.84146411894148754 -0.010450338658939825 371.67000198364263 0.0059361741277003466 136.27416655222578 0.10231091245042827
decision_type=2 2 2 2 2 2 2 2 2 2 2 2 2 2 2 2 2
left_child=3 -2 -3 5 7 11 14 8 -5 13 -11 12 -1 -6 -7 -8 -13
right_child=1 2 -4 4 9 6 15 -9 -10 10 -12 16 -14 -15 -16 -17 -18
leaf_value=0 -0.00017777725023207185 0.00010576481024634491 -8.3434484134029051e-05 0 -1.4484362965566748e-06 0.00013026339702637026 0 0 -0.00030263791202845587 -0.00016756872949572391 1.510117459349105e-05 0 -0.00014976680439594389 2.3311504160379796e-05 0 -9.3496172153558838e-05 2.1774518008841888e-05
leaf_weight=38 27 25 23 21 2945 142 21 20 21 54 39 20 37 545 22 35 33
leaf_count=38 27 25 23 21 2945 142 21 20 21 54 39 20 37 545 22 35 33
internal_value=-4.92399e-07 -5.44661e-05 0 0 -1.93661e-06 2.62753e-05 6.14725e-05 -0.000113131 -0.000166101 0 -5.88079e-05 -1.08014e-05 -6.55653e-05 1.55907e-06 0.000114838 -4.12633e-05 1.0175e-05
internal_weight=4068 75 48 3993 3645 348 220 62 42 3583 93 128 75 3490 164 56 53
internal_count=4068 75 48 3993 3645 348 220 62 42 3583 93 128 75 3490 164 56 53
is_linear=0
shrinkage=0.03


Tree=116
num_leaves=20
num_cat=0
split_feature=26 27 31 35 29 35 33 23 21 21 34 32 21 4 20 31 35 30 32
split_gain=0.000247941 0.000491997 0.000330426 0.00100702 0.000778743 0.000305944 0.000330505 0.00029003 0.00018499 0.000184081 0.000182012 0.000206509 0.000141514 0.00017731 0.000119672 0.000267506 0.000181512 0.000108471 6.64613e-05
threshold=3.1147343321262988 -0.14143176209211825 0.0326682004124711 0.064830555251102193 70.714315726487328 0.0097265198173338667 0.011681944588277539 2.558202976020127 120.53166681925457 123.06599992116294 0.03541681359610472 -0.0031637047782118728 171.86083361307783 199.59999847412112 106.74000015258791 -0.0084010010302253951 0.015803242119472233 19.429899986592101 -0.0031637047782118728
decision_type=2 2 2 2 2 2 2 2 2 2 2 2 2 2 2 2 2 2 2
left_child=8 17 5 4 -4 7 -7 -3 14 10 11 -10 18 -14 -1 -16 -17 -2 -11
right_child=1 2 3 -5 -6 6 -8 -9 9 12 -12 -13 13 -15 15 16 -18 -19 -20
leaf_value=0 0 -7.5520286912971295e-05 0 7.2272469603386954e-05 -0.00017577043072366207 -4.365089736980261e-06 1.7564081816638618e-05 0 0 1.1787912927082788e-05 0 0.00015344005475307167 4.1638044989471902e-05 0 0 0 -0.00012809334126971314 -0.00017308240749442307 -9.1495940977775565e-06
leaf_weight=34 20 93 75 26 58 1904 864 28 20 258 23 31 206 46 21 23 32 20 286
leaf_count=34 20 93 75 26 58 1904 864 28 20 258 23 31 206 46 21 23 32 20 286
internal_value=-4.9204e-07 -5.35327e-06 -2.96365e-06 -4.51379e-05 -9.06668e-05 0 1.39647e-06 -4.7214e-05 1.17639e-05 1.81697e-05 7.18509e-05 0.000103402 9.40243e-06 2.80068e-05 -1.16228e-05 -4.01341e-05 -8.12038e-05 -0.000112168 0
internal_weight=4068 3088 3048 159 133 2889 2768 121 980 870 74 51 796 252 110 76 55 40 544
internal_count=4068 3088 3048 159 133 2889 2768 121 980 870 74 51 796 252 110 76 55 40 544
is_linear=0
shrinkage=0.03


Tree=117
num_leaves=20
num_cat=0
split_feature=21 35 34 33 35 35 33 20 31 33 24 5 5 32 27 31 25 20 23
split_gain=0.000241727 0.000616491 0.000959348 0.00186286 0.000457083 0.000366596 0.000357763 0.000309308 0.000297728 0.000270563 0.000261581 0.00022012 0.00031347 0.000197277 0.000354444 0.000273447 0.000176129 0.000118599 4.17942e-05
threshold=245.35499992370606 0.043001717866550222 -0.091977256895321588 0.016756740874385837 0.038221958574974353 0.03548721287194289 -0.052991664392439845 371.67000198364263 0.031107371247170671 0.05185243634252746 -4.6493814131674442 7613313.5000000009 18559941.500000004 0.016475600729772725 0.57299976227614235 -0.020431994563503305 3.4327668065036172 341.78499908447276 -3.2610981393526113
decision_type=2 2 2 2 2 2 2 2 2 2 2 2 2 2 2 2 2 2 2
left_child=5 4 -3 -4 6 8 18 -8 13 -5 -6 -7 -13 15 -15 -1 -14 -12 -2
right_child=1 2 3 9 10 11 7 -9 -10 -11 17 12 16 14 -16 -17 -18 -19 -20
leaf_value=-3.5138014504587996e-05 0 3.9002442421102055e-06 -0.00024923250177624794 6.6202370113971522e-05 0 0 -1.4175528892794471e-05 1.1433897268637149e-05 -8.897883105960186e-05 -6.1387363368444126e-05 0 9.5568395056022865e-05 -5.3367523895762105e-05 -6.8117513518041836e-05 0 1.3299207435616441e-05 6.5801285499178636e-05 0.00016835533889663631 -0.00014564409685006654
leaf_weight=84 23 34 52 27 20 32 1038 628 31 33 21 96 25 84 246 1530 20 24 20
leaf_count=84 23 34 52 27 20 32 1038 628 31 33 21 96 25 84 246 1530 20 24 20
internal_value=-4.7525e-07 -8.85689e-06 -6.90613e-05 -0.000117956 -2.20747e-06 5.6202e-06 -6.80317e-06 -2.72132e-06 3.93874e-07 0 7.23659e-05 4.79192e-05 6.49696e-05 3.36669e-06 -1.4689e-05 8.91767e-06 0 0.000113045 -9.49723e-05
internal_weight=4068 1920 146 112 1774 2148 1709 1666 1975 60 65 173 141 1944 330 1614 45 45 43
internal_count=4068 1920 146 112 1774 2148 1709 1666 1975 60 65 173 141 1944 330 1614 45 45 43
is_linear=0
shrinkage=0.03


Tree=118
num_leaves=13
num_cat=0
split_feature=22 25 31 34 20 33 25 35 32 20 27 5
split_gain=0.000236228 0.000740167 0.000737715 0.000532755 0.000707276 0.00196965 0.000576472 0.000399105 0.00123509 0.000365236 0.00033368 0.000297709
threshold=34.691178939591914 -0.024371103604108543 0.012481847294379513 -0.072970934078677815 489.24499969482429 -0.0091617064312406443 5.9186979196605103 0.015133672849762509 -0.011268136633201751 371.67000198364263 0.018514835494882618 13393923.500000002
decision_type=2 2 2 2 2 2 2 2 2 2 2 2
left_child=1 2 7 11 6 -6 9 10 -9 -5 -1 -2
right_child=3 -3 -4 4 5 -7 -8 8 -10 -11 -12 -13
leaf_value=0 0.0001935952438263973 -0.00020205421213108062 -0.00014988789920450691 0 -0.0003453376657440702 0 -0.00013083350113356895 0 0.00013511513017927325 2.5571793614999637e-05 -8.8474878437007291e-05 0
leaf_weight=27 20 21 30 2918 20 45 28 225 69 579 65 21
leaf_count=27 20 21 30 2918 20 45 28 225 69 579 65 21
internal_value=-4.64929e-07 -2.17918e-05 -5.43583e-06 1.27615e-06 0 -9.7936e-05 1.8561e-06 0 2.25775e-05 3.78009e-06 -4.76686e-05 0.000108674
internal_weight=4068 437 416 3631 3590 65 3525 386 294 3497 92 41
internal_count=4068 437 416 3631 3590 65 3525 386 294 3497 92 41
is_linear=0
shrinkage=0.03


Tree=119
num_leaves=20
num_cat=0
split_feature=26 3 3 2 24 32 35 29 32 35 21 29 29 30 30 24 25 31 29
split_gain=0.000231004 0.000477461 0.00119524 0.000489106 0.000398625 0.000394858 0.000612599 0.000379629 0.000371965 0.00029619 0.000172708 0.000181172 0.000392641 0.000197302 0.000302619 0.000173975 0.000144387 0.000104705 4.48328e-06
threshold=3.1147343321262988 147.55000305175784 120.54999923706056 173.65000152587893 3.3631776156616859 0.00091964734736182951 0.043001717866550222 85.656629203463368 0.018542155381763962 0.017124895255674722 120.53166681925457 63.762714295583322 77.410679905023386 19.664579405975967 11.593824146808512 1.6082886987512997 0.62336313064283544 -0.0062238001990531635 82.616386292167036
decision_type=2 2 2 2 2 2 2 2 2 2 2 2 2 2 2 2 2 2 2
left_child=10 2 -2 8 -4 6 -5 -7 9 -3 16 13 15 14 -12 -13 -1 -15 -14
right_child=1 3 4 5 -6 7 -8 -9 -10 -11 11 12 18 17 -16 -17 -18 -19 -20
leaf_value=0 5.2524343585490334e-05 0 -0.00014090302281953104 -8.9373088608589629e-06 0 1.4441681279402771e-05 -9.9846226304721889e-05 -2.6486249144722912e-05 0 0.00014441663481830472 0 9.5397557356498663e-05 0 -2.5931430344410982e-05 6.5528947604714016e-05 0 -8.224937763568278e-05 0 6.2864644770591666e-06
leaf_weight=89 34 39 93 1407 37 1108 82 215 26 47 36 103 53 142 105 25 21 304 102
leaf_count=89 34 39 93 1407 37 1108 82 215 26 47 36 103 53 142 105 25 21 304 102
internal_value=-4.86612e-07 -5.20136e-06 -5.56373e-05 -1.34477e-06 -0.000107004 -4.7891e-06 -1.59647e-05 5.5216e-06 5.82978e-05 9.1176e-05 1.13078e-05 1.75491e-05 3.88971e-05 2.14226e-06 3.56122e-05 7.81172e-05 -1.07789e-05 -1.71969e-06 0
internal_weight=4068 3088 164 2924 130 2812 1489 1323 112 86 980 870 283 587 141 128 110 446 155
internal_count=4068 3088 164 2924 130 2812 1489 1323 112 86 980 870 283 587 141 128 110 446 155
is_linear=0
shrinkage=0.03


Tree=120
num_leaves=12
num_cat=0
split_feature=22 25 31 36 35 34 25 5 34 27 29
split_gain=0.000224238 0.000690516 0.000697209 0.000554634 0.00166214 0.000513385 0.000502897 0.000272497 0.00021342 0.000758495 0.000518806
threshold=34.691178939591914 -0.024371103604108543 0.011124618280138667 -0.025515972705597568 0.029175334746702582 -0.072970934078677815 5.9186979196605103 13393923.500000002 -0.0038228985447049664 0.63022838354333566 41.35779644494032
decision_type=2 2 2 2 2 2 2 2 2 2 2
left_child=1 2 3 -1 -5 7 8 -2 9 -7 -10
right_child=5 -3 -4 4 -6 6 -8 -9 10 -11 -12
leaf_value=-0.00010055913591149922 0.00018829223679017217 -0.00019564109749571192 -0.00012947495178847505 -2.1660889915918756e-06 0.0001601620139546763 0 -0.00012641108596077671 0 5.8718207713128628e-05 -7.3557933792471895e-05 1.7524322234500462e-06
leaf_weight=37 20 21 38 278 63 1263 28 21 170 139 1990
leaf_count=37 20 21 38 278 63 1263 28 21 170 139 1990
internal_value=-4.64137e-07 -2.1249e-05 -5.19083e-06 0 1.90672e-05 1.21169e-06 0 0.000106638 1.00196e-06 -7.06539e-06 7.62719e-06
internal_weight=4068 437 416 378 341 3631 3590 41 3562 1402 2160
internal_count=4068 437 416 378 341 3631 3590 41 3562 1402 2160
is_linear=0
shrinkage=0.03


Tree=121
num_leaves=25
num_cat=0
split_feature=21 5 21 32 33 5 5 29 35 25 35 28 30 28 32 36 30 24 25 30 33 36 32 24
split_gain=0.000225649 0.000557457 0.000791531 0.000383817 0.000657007 0.00183809 0.000723855 0.000549039 0.000541567 0.00052576 0.00035459 0.000237419 0.00093454 0.000274636 0.000490226 0.000236084 0.000641419 0.000479664 0.000446451 0.000400955 0.000397393 0.000345583 0.000167433 7.38646e-05
threshold=245.35499992370606 15841409.000000002 297.01666641235357 0.00091964734736182951 -0.023255826479535831 8586518.0000000019 8223736.5000000009 84.208304412062333 0.018329998067869072 3.5530483950257219 0.03548721287194289 103759890.50000001 66.863906289352499 -22676472.499999996 0.017755383756678959 0.00090663984741628796 85.995231286170608 -0.35279927798623739 0.78669792916199255 23.782150698284834 -0.012124033472292793 0.016735754678415701 0.0043969695204979517 6.7492598812832085
decision_type=2 2 2 2 2 2 2 2 2 2 2 2 2 2 2 2 2 2 2 2 2 2 2 2
left_child=10 3 -3 4 6 -6 -2 8 -5 -9 15 13 -13 14 -12 17 21 20 -18 -19 -1 -17 -15 -14
right_child=1 2 -4 7 5 -7 -8 9 -10 -11 11 12 23 22 -16 16 18 19 -20 -21 -22 -23 -24 -25
leaf_value=-6.6812932484734187e-05 -8.6970642114035672e-06 -0.00021687761585483344 0 0 -2.1455932669482556e-05 -0.00029003780759609822 7.9253625456949777e-05 0 4.5049368046369465e-05 -0.00016475692875609097 0 0 0.00027343082914142795 0 0.00017124717515720498 3.3561689820437282e-05 0 5.3804935418463827e-05 -0.00012589954235212847 -1.3020486124479076e-06 0 -9.3552603690050624e-06 -7.8361414738262943e-05 0
leaf_weight=186 313 28 22 288 588 27 102 116 411 25 30 27 20 23 22 671 20 129 43 595 236 95 31 20
leaf_count=186 313 28 22 288 588 27 102 116 411 25 30 27 20 23 22 671 20 129 43 595 236 95 31 20
internal_value=-4.65686e-07 -8.58353e-06 -0.000110283 -4.25436e-06 -1.75803e-05 -3.81698e-05 5.70644e-06 8.51499e-06 2.22756e-05 -3.84084e-05 5.39397e-06 4.69474e-05 9.41825e-05 0 6.30163e-05 2.32992e-07 1.3774e-05 -6.94517e-06 -6.67753e-05 4.37974e-06 -3.34784e-05 2.43226e-05 -2.72865e-05 0.000189255
internal_weight=4068 1920 50 1870 1030 615 415 840 699 141 2148 173 67 106 52 1975 829 1146 63 724 422 766 54 40
internal_count=4068 1920 50 1870 1030 615 415 840 699 141 2148 173 67 106 52 1975 829 1146 63 724 422 766 54 40
is_linear=0
shrinkage=0.03


Tree=122
num_leaves=22
num_cat=0
split_feature=31 24 31 21 27 25 36 27 24 22 34 23 25 22 32 24 31 24 22 33 23
split_gain=0.000220148 0.000955083 0.00070222 0.000661553 0.000367941 0.000319568 0.000278358 0.000627415 0.00103451 0.000949566 0.000946392 0.000556618 0.000545305 0.00141769 0.000916411 0.000787964 0.00137723 0.000737496 0.000537851 0.00044498 0.000232219
threshold=0.0326682004124711 6.5686686363868443 0.038830355186457728 273.74166692097987 0.99797936734332382 1.975417229296998 0.0022783350630390495 0.57016153316312479 5.1443041251500281 65.567543476270188 -0.01991572922279394 4.8493167917640685 -1.9099599456452958 30.785184117427196 -0.028204434113088202 11.190721282733312 -0.011729025487190124 -6.3035811327951654 41.2564875664929 -0.033463896211940174 11.369319896327314
decision_type=2 2 2 2 2 2 2 2 2 2 2 2 2 2 2 2 2 2 2 2 2
left_child=6 2 -2 -3 -4 -6 12 8 18 11 -10 -9 13 17 -15 19 -17 -1 -8 -14 -11
right_child=1 3 4 -5 5 -7 7 9 10 20 -12 -13 15 14 -16 16 -18 -19 -20 -21 -22
leaf_value=0 -8.7969056831132964e-05 -0.00027999039982959747 0 0 0 0.00020494710334016103 3.8854381680468187e-05 3.3882197295123359e-05 -0.00027919776194922427 -3.2274441721898157e-05 0 0.00015131808151610558 -4.4757907006502658e-05 0.00019367435719717171 1.8338659399814834e-05 0 -0.00021357437261309073 -0.00015705728379395001 -1.6474122707775383e-05 0 2.7110912606013142e-05
leaf_weight=28 47 21 43 22 26 21 247 411 23 183 20 70 235 54 160 46 47 39 409 1873 43
leaf_count=28 47 21 43 22 26 21 247 411 23 183 20 70 235 54 160 46 47 39 409 1873 43
internal_value=-5.39442e-07 -3.32536e-05 0 -0.000156731 5.44891e-05 0.00011274 2.04332e-07 1.1565e-05 -5.05486e-06 3.22379e-05 -0.000148381 5.72363e-05 -5.0228e-06 3.17385e-05 7.66642e-05 -1.10803e-05 -9.88068e-05 -6.69467e-05 0 -5.78239e-06 -7.7e-06
internal_weight=4068 180 137 43 90 47 3888 1406 699 707 43 481 2482 281 214 2201 93 67 656 2108 226
internal_count=4068 180 137 43 90 47 3888 1406 699 707 43 481 2482 281 214 2201 93 67 656 2108 226
is_linear=0
shrinkage=0.03


Tree=123
num_leaves=28
num_cat=0
split_feature=26 29 24 32 32 28 2 32 29 29 22 24 36 34 31 36 32 35 36 34 23 27 3 26 24 27 20
split_gain=0.000218461 0.000654352 0.00134065 0.00143687 0.00103785 0.00101916 0.00093854 0.000611281 0.000505448 0.000783081 0.000496043 0.000350084 0.000507799 0.00109757 0.000809056 0.00050144 0.000484483 0.000463749 0.000411526 0.000391767 0.0011915 0.000682848 0.00031811 0.000417564 0.000209695 9.98777e-05 0.00030542
threshold=9.527346363755461 25.248062030479883 0.1989403203552958 0.00091964734736182951 0.053050406723326955 253034050.00000003 352.90000915527349 -0.0061832890938230403 18.687416659000085 11.810622490637144 42.11133801427286 1.4423073361801844 0.00082373077055962116 -0.083444739828477374 -0.0029297097538983903 -0.00097322692076176945 -0.0069954894047625218 0.025333069453934626 -0.010305168835595596 0.0022560351653598825 3.9480429763223417 0.82291127890629712 460.30000305175787 10.377469265131584 -7.1843549727130451 0.86903406039305586 179.70000152587895
decision_type=2 2 2 2 2 2 2 2 2 2 2 2 2 2 2 2 2 2 2 2 2 2 2 2 2 2 2
left_child=11 5 7 6 -5 8 -4 10 9 -2 -3 12 13 -1 17 -15 -16 -14 25 20 -20 -21 23 -7 -9 26 -13
right_child=1 2 3 4 -6 22 -8 24 -10 -11 -12 18 14 15 16 -17 -18 -19 19 21 -22 -23 -24 -25 -26 -27 -28
leaf_value=-0.00021599723711267284 0 0 0 1.2332043811755313e-05 -0.00018336236606630396 0 -0.00019189552118292378 -6.7358190747339041e-05 0 -0.00021557493483742707 0.00014731790995176823 0 1.9956913714274605e-05 -3.7847700146838149e-07 -5.7525311342554184e-05 -6.0041238603174541e-05 9.3729101746544587e-06 0.00022522798766424546 4.230275198605327e-06 6.6907796428211075e-05 -0.00011864663671747736 0 0 0.00018906123137365724 0 0.00015562294106415321 5.3486728550168093e-05
leaf_weight=26 23 28 36 151 27 21 108 44 31 26 46 42 108 1113 113 163 703 24 272 199 82 309 28 46 137 26 136
leaf_count=26 23 28 36 151 27 21 108 44 31 26 46 42 108 1113 113 163 703 24 272 199 82 309 28 46 137 26 136
internal_value=-5.1891e-07 -1.56549e-05 -3.36e-05 -7.56397e-05 -5.93758e-07 2.63651e-05 -0.000147521 7.73412e-06 -2.57855e-05 -0.000101733 8.647e-05 2.00931e-06 -3.63638e-06 -1.67818e-05 1.12534e-05 -1.0355e-05 0 8.01312e-05 1.67389e-05 3.79087e-06 -1.5786e-05 2.33378e-05 0.000101808 0.000137683 -7.92076e-06 5.67231e-05 2.53533e-05
internal_weight=4068 752 577 322 178 175 144 255 80 49 74 3316 2250 1302 948 1276 816 132 1066 862 354 508 95 67 181 204 178
internal_count=4068 752 577 322 178 175 144 255 80 49 74 3316 2250 1302 948 1276 816 132 1066 862 354 508 95 67 181 204 178
is_linear=0
shrinkage=0.03


Tree=124
num_leaves=22
num_cat=0
split_feature=21 28 23 36 31 0 31 28 33 35 5 31 36 33 5 28 28 27 28 32 32
split_gain=0.000209941 0.000530748 0.000900585 0.00114635 0.000973388 0.000875744 0.000442742 0.000393204 0.0012166 0.000348958 0.000307453 0.000257383 0.00033342 0.000351417 0.000330199 0.000223894 0.000343486 0.000718345 0.000258472 0.000452219 0.000160713
threshold=245.35499992370606 300185352.00000006 14.321926752882861 -0.032199113138671638 -0.021824535075918857 311.76573181152349 0.0020768646178237486 342225850.50000006 -0.012563345632644328 0.03548721287194289 5542946.0000000009 0.031107371247170671 0.0022783350630390495 -0.040210735238121735 2799599.5000000005 103759890.50000001 250140616.50000003 0.88133758201752943 -22676472.499999996 0.017755383756678959 0.0043969695204979517
decision_type=2 2 2 2 2 2 2 2 2 2 2 2 2 2 2 2 2 2 2 2 2
left_child=9 2 3 -2 -5 6 -3 10 -9 11 -7 12 13 -1 -14 18 17 -17 19 -11 -20
right_child=1 5 -4 4 -6 7 -8 8 -10 15 -12 -13 14 -15 -16 16 -18 -19 20 -21 -22
leaf_value=-7.8884410898910206e-05 -0.00021165494179023201 0.00019202115116442916 -0.00019190841488636086 7.129231302504731e-05 -1.8217824451484847e-05 0 0 -0.00014262664957624368 0 0 7.4430286124625217e-05 -8.3165818266121372e-05 -5.3771152482173359e-06 0 3.2061639458531221e-05 0 0 0.00025184821555619436 0 0.00016533214004701887 -7.6112753713138132e-05
leaf_weight=55 27 34 30 114 1070 273 28 64 204 30 76 31 147 1175 567 20 23 24 23 22 31
leaf_count=55 27 34 30 114 1070 273 28 64 204 30 76 31 147 1175 567 20 23 24 23 22 31
internal_value=-4.52346e-07 -8.3035e-06 -2.08466e-05 -1.41163e-05 -7.06059e-06 1.02035e-05 0.000117603 0 -2.79211e-05 5.16892e-06 2.03715e-05 4.29086e-08 2.91714e-06 -4.65001e-06 2.01529e-05 4.63236e-05 9.24057e-05 0.000141429 0 6.1507e-05 -2.56253e-05
internal_weight=4068 1920 1241 1211 1184 679 62 617 268 2148 349 1975 1944 1230 714 173 67 44 106 52 54
internal_count=4068 1920 1241 1211 1184 679 62 617 268 2148 349 1975 1944 1230 714 173 67 44 106 52 54
is_linear=0
shrinkage=0.03


Tree=125
num_leaves=15
num_cat=0
split_feature=31 28 0 27 35 31 27 25 28 27 20 3 4 35
split_gain=0.000201496 0.000641971 0.00082307 0.000671309 0.000587974 0.000340266 0.000195527 0.000310705 0.000847147 0.000832765 0.000687588 0.000682917 0.000626815 0.000600291
threshold=0.0326682004124711 265946903.50000003 373.62655639648443 0.97136294214688201 0.040506340541881694 0.051488667988450205 -0.176265746992749 -0.16145042130048412 320597825.50000006 0.16227443877460102 489.24499969482429 457.19999694824224 295.10000610351568 0.01688034728204553
decision_type=2 2 2 2 2 2 2 2 2 2 2 2 2 2
left_child=6 3 -3 5 -5 -2 -1 8 12 13 -11 -10 -8 -9
right_child=1 2 -4 4 -6 -7 7 9 11 10 -12 -13 -14 -15
leaf_value=-6.973686645796134e-05 -0.00010651099026442956 -0.00026056269740019986 0 0 0.00015324266971342485 0 1.3260581178747999e-05 0 9.6927163038255289e-05 0 -0.00016037858792685 0 -3.2637408220887221e-05 -0.00021146781140964701
leaf_weight=34 50 22 24 24 37 23 1191 22 171 2013 24 68 335 30
leaf_count=34 50 22 24 24 37 23 1191 22 171 2013 24 68 335 30
internal_value=-4.37697e-07 -3.17801e-05 -0.00012837 0 7.48216e-05 -5.98818e-05 2.42536e-07 1.64008e-06 1.14811e-05 -5.23873e-06 -7.19158e-07 6.44391e-05 1.21741e-06 -0.000124362
internal_weight=4068 180 46 134 61 73 3888 3854 1765 2089 2037 239 1526 52
internal_count=4068 180 46 134 61 73 3888 3854 1765 2089 2037 239 1526 52
is_linear=0
shrinkage=0.03


Tree=126
num_leaves=19
num_cat=0
split_feature=30 27 31 26 25 24 36 30 29 26 29 30 29 36 26 26 30 24
split_gain=0.000210939 0.000762708 0.000515878 0.00077116 0.000597727 0.000524868 0.000750992 0.000514573 0.000435298 0.000398674 0.000315592 0.000312794 0.000333097 0.000316828 0.000309368 0.000288472 0.000218832 0.000159775
threshold=22.286073117350323 -0.14143176209211825 -0.011105637742214456 7.5838226989676487 -1.2901271319232464 3.5272802816529323 0.0026143835522808366 14.343424038084139 27.223030811388654 18.516852164655468 12.971390983946678 26.117591770836139 33.970912167820309 -0.015384604206015338 11.085148646253968 6.7508243768163592 14.343424038084139 -5.2153512906125394
decision_type=2 2 2 2 2 2 2 2 2 2 2 2 2 2 2 2 2 2
left_child=2 -2 3 15 5 8 -7 10 -4 11 -6 13 -13 -3 -5 16 -1 -9
right_child=1 9 4 14 7 6 -8 17 -10 -11 -12 12 -14 -15 -16 -17 -18 -19
leaf_value=7.542994109658281e-05 -0.00019098858477168977 0 -8.8165138230313311e-05 0.00018406259251173602 0 0.00017721314872644691 -2.1546040595624318e-05 0 0 -0.00010084941315482246 -8.4735415740416425e-05 2.4480532472256448e-05 -2.2649055267584621e-06 -5.8992057965862199e-05 0 -7.6985521048325494e-05 0 5.9806108983744057e-05
leaf_weight=54 20 20 157 46 60 21 29 23 20 37 42 483 2574 162 23 25 57 215
leaf_count=54 20 20 157 46 60 21 29 23 20 37 42 483 2574 162 23 25 57 215
internal_value=-4.63377e-07 -4.46328e-06 1.27268e-05 5.36047e-05 0 -3.96625e-05 2.23967e-06 2.30502e-05 -6.84335e-05 -2.40302e-06 -1.33693e-05 -3.4918e-07 9.80162e-07 -3.91405e-05 0.000136283 0 3.1589e-05 5.12574e-05
internal_weight=4068 3296 772 205 567 227 50 340 177 3276 102 3239 3057 182 69 136 111 238
internal_count=4068 3296 772 205 567 227 50 340 177 3276 102 3239 3057 182 69 136 111 238
is_linear=0
shrinkage=0.03


Tree=127
num_leaves=22
num_cat=0
split_feature=30 33 35 32 28 35 28 28 28 36 30 23 29 29 21 33 21 28 24 33 33
split_gain=0.000200058 0.000706572 0.00139917 0.00068614 0.000532465 0.000505172 0.000734506 0.000468335 0.000407818 0.000397095 0.000335942 0.000730528 0.000396744 0.000310514 0.000404284 0.00073801 0.000668558 0.000281853 0.000768154 0.00056336 0.000204154
threshold=22.286073117350323 -0.01232443506742331 0.04365624384773991 -0.054720041099474308 323942445.00000006 0.025424898934198418 178672404.00000003 -75383316.999999985 342225850.50000006 0.0033538214209186887 9.6073461394145792 -1.2517083534272613 13.284234433958884 76.35125491393714 239.01333262125652 0.034081205269605237 225.29833285013839 199369342.00000003 3.4361210753913709 0.026334576958634951 -0.0078063797116085234
decision_type=2 2 2 2 2 2 2 2 2 2 2 2 2 2 2 2 2 2 2 2 2
left_child=4 2 5 -4 7 8 -7 20 -2 -6 11 -9 -12 17 16 -16 -15 18 -3 -19 -1
right_child=1 13 3 -5 9 6 -8 10 -10 -11 12 -13 -14 14 15 -17 -18 19 -20 -21 -22
leaf_value=0.00011543525409915209 -1.9293859166273685e-05 1.013600272994239e-05 0 -0.00031445502787074884 0.0001603762933424601 7.8577518656793447e-05 -1.9665273501344354e-05 -0.00016124662652616752 -0.00015221804280180111 0 3.8584519270503998e-05 0 -1.2953696675267483e-05 -3.948605629358758e-06 0 -8.2372288713624883e-05 0.00010721028238168922 7.0891758220090145e-06 -7.1230369871135802e-05 9.174069343329051e-05 0
leaf_weight=45 504 946 20 24 37 107 115 37 33 22 196 23 388 372 206 166 52 524 117 110 24
leaf_count=45 504 946 20 24 37 107 115 37 33 22 196 23 388 372 206 166 52 524 117 110 24
internal_value=-4.4904e-07 -4.36213e-06 -2.9182e-05 -0.000200087 1.23705e-05 -1.52974e-05 1.41926e-05 8.58361e-07 -3.30748e-05 0.000100493 -2.72835e-06 -7.14879e-05 0 2.42994e-06 -1.13134e-05 -3.52673e-05 2.63235e-06 1.06444e-05 0 2.65196e-05 7.77051e-05
internal_weight=4068 3296 803 44 772 759 222 713 537 59 644 60 584 2493 796 372 424 1697 1063 634 69
internal_count=4068 3296 803 44 772 759 222 713 537 59 644 60 584 2493 796 372 424 1697 1063 634 69
is_linear=0
shrinkage=0.03


Tree=128
num_leaves=21
num_cat=0
split_feature=30 27 31 26 25 22 33 32 30 33 20 32 29 29 21 27 26 26 30 24
split_gain=0.000190808 0.000715752 0.000484416 0.000729464 0.000552551 0.000496125 0.00139852 0.000696496 0.000478319 0.000371125 0.00138698 0.00050627 0.000296584 0.000293737 0.000379058 0.000290307 0.000286635 0.000264363 0.00020833 0.000150715
threshold=22.286073117350323 -0.14143176209211825 -0.011105637742214456 7.5838226989676487 -1.2901271319232464 32.745082533420188 -0.0041192250278710421 -0.0065640732130123327 14.343424038084139 -0.01232443506742331 493.55000000000001 -0.019617470221533869 12.971390983946678 76.35125491393714 239.01333262125652 0.41005726566667838 11.085148646253968 6.7508243768163592 14.343424038084139 -5.2153512906125394
decision_type=2 2 2 2 2 2 2 2 2 2 2 2 2 2 2 2 2 2 2 2
left_child=2 -2 3 17 5 7 -7 -4 12 10 11 -3 -6 15 -15 -11 -5 18 -1 -10
right_child=1 9 4 16 8 6 -8 -9 19 13 -12 -13 -14 14 -16 -17 -18 -19 -20 -21
leaf_value=7.2945982923785211e-05 -0.00018496879984610781 8.9695044285572348e-06 -0.00017869320737481511 0.00017814249974721437 0 4.7162814137948667e-05 -0.00014305877946687069 0 0 -3.449920479480956e-06 -0.00026744365091854923 -3.5934592228729895e-05 -8.2003291637687599e-05 2.3418956401241274e-06 -3.4164887510224404e-05 1.946416585647871e-05 0 -7.4027873554468265e-05 0 5.7551102683362469e-05
leaf_weight=54 20 374 44 46 60 114 49 20 23 542 21 388 42 424 372 1155 23 25 57 215
leaf_count=54 20 374 44 46 60 114 49 20 23 542 21 388 42 424 372 1155 23 25 57 215
internal_value=-4.27242e-07 -4.26515e-06 1.20714e-05 5.17129e-05 0 -3.83964e-05 0 -0.000110404 2.18577e-05 -2.24062e-06 -2.07302e-05 -9.96027e-06 -1.25876e-05 2.36384e-06 -1.09528e-05 1.03782e-05 0.000132055 0 3.00578e-05 4.92188e-05
internal_weight=4068 3296 772 205 567 227 163 64 340 3276 783 762 102 2493 796 1697 69 136 111 238
internal_count=4068 3296 772 205 567 227 163 64 340 3276 783 762 102 2493 796 1697 69 136 111 238
is_linear=0
shrinkage=0.03


Tree=129
num_leaves=22
num_cat=0
split_feature=31 24 31 21 34 36 25 22 32 24 24 31 23 24 35 31 19 30 1 29 32
split_gain=0.000185933 0.000850984 0.000626397 0.000593803 0.000290786 0.000240619 0.000518982 0.0012742 0.000835453 0.00067587 0.000663394 0.00128899 0.000455349 0.00111432 0.000707307 0.000696638 0.000589575 0.000420501 0.000305343 6.10761e-05 5.61153e-06
threshold=0.0326682004124711 6.5686686363868443 0.038830355186457728 273.74166692097987 0.10431520737670387 0.0022783350630390495 -1.9099599456452958 30.785184117427196 -0.028204434113088202 -6.3035811327951654 11.190721282733312 -0.011729025487190124 6.583255803372837 5.1443041251500281 0.028609005381562393 -0.0038168011175139789 352.90000305175789 79.093729125942232 366.50000000000006 70.714315726487328 1.0000000180025095e-35
decision_type=2 2 2 2 2 2 2 2 2 2 2 2 2 2 2 2 2 2 2 2 2
left_child=5 2 -2 -3 19 6 7 9 -9 -1 17 -12 13 15 20 -7 -16 -8 -15 -4 -14
right_child=1 3 4 -5 -6 12 10 8 -10 -11 11 -13 14 18 16 -17 -18 -19 -20 -21 -22
leaf_value=0 -8.2087922740466652e-05 -0.00026378512896033465 3.4870627615497567e-05 0 0.00015899012150215122 8.0617064266766677e-05 -1.1843419440942999e-05 0.00018635221208379452 1.7363525135428069e-05 -0.00014787507875848685 0 -0.00020277940775683019 0 -0.00024119606177294762 0.00022233835136931804 0 0 2.6204351816919962e-05 0 -2.2640131716338101e-06 8.487951138505867e-06
leaf_weight=28 47 21 45 22 20 114 1838 54 160 39 46 47 28 20 35 1096 23 270 20 25 70
leaf_count=28 47 21 45 22 20 114 1838 54 160 39 46 47 28 20 35 1096 23 270 20 25 70
internal_value=-4.17712e-07 -3.05316e-05 0 -0.000147191 5.22923e-05 2.05612e-07 -4.5937e-06 3.128e-05 7.40848e-05 -6.06372e-05 -1.05378e-05 -9.13343e-05 1.08111e-05 2.22835e-06 6.0319e-05 9.73047e-06 0.000143986 -5.54603e-06 -0.000149356 0 0
internal_weight=4068 180 137 43 90 3888 2482 281 214 67 2201 93 1406 1250 156 1210 58 2108 40 70 98
internal_count=4068 180 137 43 90 3888 2482 281 214 67 2201 93 1406 1250 156 1210 58 2108 40 70 98
is_linear=0
shrinkage=0.03


Tree=130
num_leaves=15
num_cat=0
split_feature=30 27 28 1 3 26 30 29 36 29 31 36 25 30
split_gain=0.000179507 0.000666439 0.000489899 0.000504917 0.000482181 0.000354019 0.000283351 0.000331046 0.000299706 0.000265986 0.000227488 0.000632283 0.000556731 0.000189532
threshold=22.286073117350323 -0.14143176209211825 323942445.00000006 124.25000000000001 460.30000305175787 18.516852164655468 26.117591770836139 33.970912167820309 -0.015384604206015338 12.796200724299936 -0.011105637742214456 -0.0025000127156575517 -1.2901271319232464 16.348945891914124
decision_type=2 2 2 2 2 2 2 2 2 2 2 2 2 2
left_child=2 -2 3 9 -4 6 8 -8 -3 -1 11 -5 -12 -11
right_child=1 5 4 10 -6 -7 7 -9 -10 13 12 -13 -14 -15
leaf_value=0.00013505250778740504 -0.00017851245127368105 0 0.00015842835904266375 0 0 -9.4764055291973951e-05 2.4501585965248282e-05 -2.1254557989224055e-06 -5.6697917969068336e-05 -2.3661111337468788e-05 -5.9750621846177635e-05 0.00017420063782205329 0 6.6299738109203312e-05
leaf_weight=37 20 20 39 153 20 37 483 2574 162 29 191 20 248 35
leaf_count=37 20 20 39 153 20 37 483 2574 162 29 191 20 248 35
internal_value=-3.50512e-07 -4.09691e-06 1.17574e-05 5.46802e-07 9.62432e-05 -2.11096e-06 -1.23482e-07 1.10091e-06 -3.71529e-05 6.57669e-05 -5.32447e-06 1.53709e-05 -2.03138e-05 0
internal_weight=4068 3296 772 713 59 3276 3239 3057 182 101 612 173 439 64
internal_count=4068 3296 772 713 59 3276 3239 3057 182 101 612 173 439 64
is_linear=0
shrinkage=0.03


Tree=131
num_leaves=21
num_cat=0
split_feature=31 24 31 21 27 25 36 26 20 2 21 25 22 32 28 24 31 28 33 22
split_gain=0.000174277 0.000805882 0.000589959 0.00055029 0.000313183 0.000281493 0.000228393 0.000666671 0.00270282 0.000673576 0.000789608 0.000498911 0.00119959 0.000769966 0.000658593 0.000611618 0.00122006 0.00039125 0.000390236 0.000141583
threshold=0.0326682004124711 6.5686686363868443 0.038830355186457728 273.74166692097987 0.99797936734332382 1.975417229296998 0.0022783350630390495 11.620576640874765 351.17000122070323 274.10000610351568 367.15999984741217 -1.9099599456452958 30.785184117427196 -0.028204434113088202 231496811.00000003 11.190721282733312 -0.011729025487190124 29140289.500000004 -0.033463896211940174 49.880401110862579
decision_type=2 2 2 2 2 2 2 2 2 2 2 2 2 2 2 2 2 2 2 2
left_child=6 2 -2 -3 -4 -6 11 9 -9 17 -11 12 14 -14 -1 18 -17 -8 -13 -10
right_child=1 3 4 -5 5 -7 7 8 19 10 -12 15 13 -15 -16 16 -18 -19 -20 -21
leaf_value=0 -7.942228844970653e-05 -0.00025551030508317582 0 0 0 0.00019091565607742389 0 0.00027836116520266462 -6.61728792771644e-05 -7.0146206020650479e-05 2.329664622003268e-06 -4.1870862930298179e-05 0.00018089413637288479 1.7016243190409499e-05 -0.00020134615110678234 0 -0.00019646686830099636 3.6031909351959707e-05 0 0
leaf_weight=47 47 21 43 22 26 21 385 41 29 205 194 235 54 160 20 46 47 512 1873 40
leaf_count=47 47 21 43 22 26 21 385 41 29 205 194 235 54 160 20 46 47 512 1873 40
internal_value=-3.13518e-07 -2.95224e-05 0 -0.000143074 5.09467e-05 0.00010464 2.67883e-07 1.06071e-05 8.26498e-05 2.17184e-06 -2.73986e-05 -4.38061e-06 3.0772e-05 7.24459e-05 -5.75358e-05 -1.02327e-05 -8.79392e-05 1.8671e-05 -5.37735e-06 0
internal_weight=4068 180 137 43 90 47 3888 1406 110 1296 399 2482 281 214 67 2201 93 897 2108 69
internal_count=4068 180 137 43 90 47 3888 1406 110 1296 399 2482 281 214 67 2201 93 897 2108 69
is_linear=0
shrinkage=0.03


Tree=132
num_leaves=23
num_cat=0
split_feature=30 33 35 32 35 28 28 2 28 36 29 33 35 34 27 20 22 33 25 28 31 30
split_gain=0.000173873 0.00063524 0.00129515 0.000617043 0.000468994 0.000687867 0.000449121 0.000450137 0.000370563 0.000355174 0.000278324 0.000304892 0.000536918 0.000456242 0.000277325 0.000518845 0.000434357 0.000254314 0.000924553 0.000358048 0.000236321 0.000326159
threshold=22.286073117350323 -0.01232443506742331 0.04365624384773991 -0.054720041099474308 0.025424898934198418 175355315.50000003 323942445.00000006 125.85000228881837 342225850.50000006 0.0033538214209186887 76.35125491393714 0.02190955553723695 0.03548721287194289 0.043946444938698044 0.41005726566667838 328.73999938964852 40.30932576723405 -0.0044204609417658461 -1.3277351416527383 16104778.500000002 -0.0026723685029630402 16.348945891914124
decision_type=2 2 2 2 2 2 2 2 2 2 2 2 2 2 2 2 2 2 2 2 2 2
left_child=6 2 4 -4 8 -6 7 20 -2 -8 14 13 -13 -12 16 -16 -3 19 -19 -9 -1 -22
right_child=1 10 3 -5 5 -7 9 17 -10 -11 11 12 -14 -15 15 -17 -18 18 -20 -21 21 -23
leaf_value=0.00010764874269697152 -1.7885577064160063e-05 2.6538958930008061e-05 0 -0.00030084659672956676 7.6999229950212394e-05 -1.733673279872615e-05 0.00014935744246825664 -4.5641501576820394e-05 -0.000145369740072891 0 -3.8752491262923444e-06 -4.4457207902452129e-05 2.0163114986583114e-05 7.362346523980417e-05 3.523528401888783e-06 5.4795560480963236e-05 -2.7300242103691471e-05 -0.0001561566984636723 0 1.7930755806688221e-05 -4.6660295185832135e-05 9.8875134642078687e-05
leaf_weight=52 504 187 20 24 106 116 37 95 33 22 226 404 89 77 863 292 355 44 82 386 31 23
leaf_count=52 504 187 20 24 106 116 37 95 33 22 226 404 89 77 863 292 355 44 82 386 31 23
internal_value=-3.01093e-07 -4.00145e-06 -2.75667e-05 -0.000192013 -1.40575e-05 1.42135e-05 1.16103e-05 6.80457e-07 -3.1331e-05 9.27086e-05 2.38643e-06 -1.05118e-05 -2.67058e-05 5.93921e-06 1.02045e-05 1.90866e-05 -3.18922e-06 -4.86929e-06 -4.39231e-05 0 6.07105e-05 0
internal_weight=4068 3296 803 44 759 222 772 713 537 59 2493 796 493 303 1697 1155 542 607 126 481 106 54
internal_count=4068 3296 803 44 759 222 772 713 537 59 2493 796 493 303 1697 1155 542 607 126 481 106 54
is_linear=0
shrinkage=0.03


Tree=133
num_leaves=16
num_cat=0
split_feature=30 23 29 30 29 24 25 24 24 25 19 24 20 29 34
split_gain=0.00017341 0.000705316 0.000518592 0.00104872 0.000750067 0.000589798 0.0010316 0.000412701 0.000799278 0.000368106 0.000305685 0.000229463 0.000445477 0.0003277 1.8233e-05
threshold=9.6073461394145792 -1.2517083534272613 13.284234433958884 14.589330923796107 14.512260540673696 18.550050136727382 0.51220763134172664 -0.17716968368855884 -2.5224144694418529 -0.43234233965905194 478.66000061035157 0.39912831059257087 137.59749946594241 9.0524970960783708 -0.037159616630080043
decision_type=2 2 2 2 2 2 2 2 2 2 2 2 2 2 2
left_child=1 -1 3 9 7 10 -7 8 -4 14 -6 12 -5 -13 -2
right_child=2 -3 4 11 5 6 -8 -9 -10 -11 -12 13 -14 -15 -16
leaf_value=-0.0001404614580504566 0.00015100924870988745 0 0 0 2.8072772520816072e-06 0 -0.00023189835179927051 0 -0.0002983172682683859 0 -5.8395232648633945e-05 0 -8.3882896947693819e-05 9.0334912133244728e-05 0
leaf_weight=40 76 28 22 23 3521 24 27 21 20 21 73 26 77 44 25
leaf_count=40 76 28 22 23 3521 24 27 21 20 21 73 26 77 44 25
internal_value=-2.69562e-07 -4.79177e-05 0 3.89793e-05 -2.48625e-06 0 -0.000101738 -0.000105174 -0.000159379 0.000106607 7.27863e-07 0 -3.76074e-05 3.04375e-05 0.000130394
internal_weight=4068 68 4000 292 3708 3645 51 63 42 122 3594 170 100 70 101
internal_count=4068 68 4000 292 3708 3645 51 63 42 122 3594 170 100 70 101
is_linear=0
shrinkage=0.03


Tree=134
num_leaves=25
num_cat=0
split_feature=26 3 3 36 24 2 36 22 35 32 35 32 5 33 32 36 0 33 0 32 25 35 30 33
split_gain=0.000167989 0.000432895 0.00110794 0.000561831 0.000860116 0.000456593 0.000417321 0.00219879 0.000925701 0.000356867 0.000269831 0.000143365 0.000301883 0.000271647 0.000232136 0.000202279 0.000186394 0.000182253 0.000141491 0.000137427 0.000247877 0.000110085 2.75536e-05 6.49712e-07
threshold=3.1147343321262988 147.55000305175784 120.54999923706056 -0.013211585103394773 1.4716268011375535 173.65000152587893 -0.032199113138671638 36.454074999469505 0.064830555251102193 0.018542155381763962 0.017124895255674722 0.0095478117342187047 4103107.0000000005 0.0025851194262661585 -0.0048918536087688138 0.011990384677232178 82.897468566894545 0.022758971006623278 89.319896697998061 -0.0031637047782118728 -0.14053697438063772 0.013756147844128751 83.725378100560278 0.019640355380562639
decision_type=2 2 2 2 2 2 2 2 2 2 2 2 2 2 2 2 2 2 2 2 2 2 2 2
left_child=11 2 -2 -4 -5 9 7 -7 -8 10 -3 13 16 19 -15 22 -13 -16 -17 20 -1 -21 -14 -18
right_child=1 5 3 4 -6 6 8 -9 -10 -11 -12 12 15 14 17 18 23 -19 -20 21 -22 -23 -24 -25
leaf_value=3.7113904534672873e-05 5.0484866909131388e-05 0 0 -0.00021878304762090514 0 -0.00034521490682972898 -4.2968144680260925e-06 0 0.00015664971926441048 0 0.00014055009821769453 -0.00012851334387525558 0 0 7.7357846134220982e-05 0.00012304958114105514 -3.0935793055253609e-06 0 0 -3.6489573671846174e-05 0 0 -3.428223358314942e-05 0
leaf_weight=223 34 39 30 55 45 20 2728 32 32 26 47 25 55 30 140 22 61 28 36 104 161 54 21 20
leaf_count=223 34 39 30 55 45 20 2728 32 32 26 47 25 55 30 140 22 61 28 36 104 161 54 21 20
internal_value=-2.45728e-07 -4.37542e-06 -5.22168e-05 -0.000102155 -0.000136435 -6.6446e-07 -4.03677e-06 -8.94074e-05 -1.33824e-06 5.71709e-05 8.93635e-05 9.70521e-06 -1.15681e-06 1.72812e-05 4.84719e-05 1.37159e-05 -4.82286e-05 6.33378e-05 5.97296e-05 3.45951e-07 1.48074e-05 -1.58127e-05 0 0
internal_weight=4068 3088 164 130 100 2924 2812 52 2760 112 86 980 240 740 198 134 106 168 58 542 384 158 76 81
internal_count=4068 3088 164 130 100 2924 2812 52 2760 112 86 980 240 740 198 134 106 168 58 542 384 158 76 81
is_linear=0
shrinkage=0.03


Tree=135
num_leaves=22
num_cat=0
split_feature=31 24 31 21 27 25 36 26 20 2 28 25 22 28 24 24 31 30 28 22 0
split_gain=0.000169387 0.000758195 0.000548307 0.000501461 0.000295449 0.000259158 0.000215402 0.0006326 0.00253402 0.000630623 0.000745308 0.00047302 0.0011207 0.000708962 0.000622332 0.000544658 0.00114119 0.000398763 0.000372398 0.000129983 2.30707e-06
threshold=0.0326682004124711 6.5686686363868443 0.038830355186457728 273.74166692097987 0.99797936734332382 1.975417229296998 0.0022783350630390495 11.620576640874765 351.17000122070323 274.10000610351568 297631915.50000006 -1.9099599456452958 30.785184117427196 226172411.50000003 -6.3035811327951654 11.190721282733312 -0.011729025487190124 79.093729125942232 29140289.500000004 49.880401110862579 219.57508087158206
decision_type=2 2 2 2 2 2 2 2 2 2 2 2 2 2 2 2 2 2 2 2 2
left_child=6 2 20 -3 -4 -6 11 9 -9 18 -11 12 14 -14 -1 17 -17 -13 -8 -10 -2
right_child=1 3 4 -5 5 -7 7 8 19 10 -12 15 13 -15 -16 16 -18 -19 -20 -21 -22
leaf_value=0 -0.00010387124156515144 -0.00024686429979526811 0 0 0 0.00018383739275584145 0 0.00026999152948685591 -6.3404236468918534e-05 -6.9030060736226956e-05 1.035650628187792e-06 -1.1367662748633197e-05 0 0.00011807782567407665 -0.00013926478337420296 0 -0.00018856144763338737 2.569245085903795e-05 3.5083355040532553e-05 0 0
leaf_weight=28 26 21 43 22 26 21 385 41 29 199 200 1838 92 122 39 46 47 270 512 40 21
leaf_count=28 26 21 43 22 26 21 385 41 29 199 200 1838 92 122 39 46 47 270 512 40 21
internal_value=-2.20458e-07 -2.90689e-05 0 -0.000139152 4.87301e-05 0.000100936 3.44249e-07 1.03907e-05 8.06073e-05 2.11061e-06 -2.6401e-05 -4.13841e-06 3.00538e-05 7.05055e-05 -5.43534e-05 -9.86783e-06 -8.34017e-05 -5.1968e-06 1.81387e-05 0 -7.70368e-05
internal_weight=4068 180 137 43 90 47 3888 1406 110 1296 399 2482 281 214 67 2201 93 2108 897 69 47
internal_count=4068 180 137 43 90 47 3888 1406 110 1296 399 2482 281 214 67 2201 93 2108 897 69 47
is_linear=0
shrinkage=0.03


Tree=136
num_leaves=21
num_cat=0
split_feature=30 27 31 28 25 28 4 30 23 31 28 30 30 36 36 30 30 31 31 23
split_gain=0.000165372 0.000601019 0.000437253 0.000628863 0.000485119 0.000507223 0.000473126 0.000434231 0.00028858 0.000831644 0.000779758 0.000246102 0.000222328 0.00036273 0.0002859 0.000209911 0.000820854 0.000402306 0.000197172 0.0001261
threshold=22.286073117350323 -0.14143176209211825 -0.011105637742214456 177369422.50000003 -1.2901271319232464 320597825.50000006 288.10000610351568 14.343424038084139 14.321926752882861 -0.011105637742214456 375573809.50000006 14.343424038084139 25.681037705775129 0.00090663984741628796 -0.013449466103846583 14.343424038084139 12.676225843346861 -0.015103197698229929 0.0024777779342927135 -5.6111791683931918
decision_type=2 2 2 2 2 2 2 2 2 2 2 2 2 2 2 2 2 2 2 2
left_child=2 -2 3 15 5 6 -4 18 12 -10 -11 -5 14 -14 -3 16 -1 -17 -6 -9
right_child=1 8 4 11 7 -7 -8 19 9 10 -12 -13 13 -15 -16 17 -18 -19 -20 -21
leaf_value=0 -0.00016948199843112098 0 0 0 0 2.03295097224669e-05 -0.00012972247979395896 0 8.7664689576113949e-06 -0.00019310530369046777 0 0.00017449270510236397 -6.4554814580237463e-06 1.4134872635969092e-05 -5.5262351976511312e-05 -9.6013055499868783e-05 0.00019143784482042201 0 -7.1748638410052787e-05 5.4220822561016587e-05
leaf_weight=37 20 22 123 32 65 35 69 23 34 46 29 42 1672 1326 147 44 24 26 37 215
leaf_count=37 20 22 123 32 65 35 69 23 34 46 29 42 1672 1326 147 44 24 26 37 215
internal_value=-1.89445e-07 -3.82118e-06 1.1429e-05 4.90962e-05 0 -3.60416e-05 -6.19397e-05 2.0405e-05 -1.88896e-06 -4.98772e-05 -0.000116385 0.000119624 0 1.65106e-06 -3.36892e-05 0 4.86241e-05 -2.51843e-05 -1.15121e-05 4.66826e-05
internal_weight=4068 3296 772 205 567 227 192 340 3276 109 75 74 3167 2998 169 131 61 70 102 238
internal_count=4068 3296 772 205 567 227 192 340 3276 109 75 74 3167 2998 169 131 61 70 102 238
is_linear=0
shrinkage=0.03


Tree=137
num_leaves=27
num_cat=0
split_feature=35 35 33 29 35 32 21 35 32 5 35 23 33 32 22 5 1 25 21 31 5 30 30 23 22 32
split_gain=0.000161496 0.000759137 0.000785387 0.000384713 0.000366361 0.000641248 0.000511235 0.000471215 0.00052328 0.000817246 0.000427609 0.00079196 0.000603841 0.000335831 0.000327202 0.000243818 0.000965141 0.00102141 0.000975329 0.000548973 0.00130324 0.0004362 0.00021557 0.000117197 4.76615e-05 3.8982e-05
threshold=0.024594575177195908 0.026353652786901414 0.012154191383504489 41.35779644494032 0.022284443500115943 -0.023863518563422888 323.51666615804044 0.021433569944455524 0.00091964734736182951 5345004.0000000009 0.018329998067869072 -4.0720401722883528 0.02190955553723695 -0.03346665890525418 66.218140364579639 11213305.000000002 333.10000610351568 3.135822936558025 330.03999913533534 -0.012809660730515258 8023406.0000000009 75.620014167142713 26.66963283134471 1.724148328258764 45.537108877564854 -0.0082667636544428973
decision_type=2 2 2 2 2 2 2 2 2 2 2 2 2 2 2 2 2 2 2 2 2 2 2 2 2 2
left_child=4 2 3 22 7 13 14 10 9 -9 12 -12 -1 -6 -7 19 17 -17 -18 20 -3 -21 -2 -4 -8 -5
right_child=1 15 23 25 5 6 24 8 -10 -11 11 -13 -14 -15 -16 16 18 -19 -20 21 -22 -23 -24 -25 -26 -27
leaf_value=1.7691041880283441e-06 -7.5534076568247455e-05 0 6.4824987047507721e-05 -1.4013504552224836e-05 0 0.0001038634217815202 -4.437563194825535e-05 -0.00019616766740134398 0 0 0.00010746574824392983 2.3754538638817647e-06 -4.6278743589735806e-05 -0.00013344692229640793 0 -2.1489351269933548e-05 -0.00028145658071597273 0.0001666196041579584 0 2.5545632724773613e-06 0.00014802595203205473 -6.2787242211633149e-05 0 0 7.8273135774390985e-06 -0.00029807653395079459
leaf_weight=1684 36 187 25 30 23 151 20 42 47 24 94 438 260 20 20 181 24 30 34 379 78 102 36 28 54 21
leaf_count=1684 36 187 25 30 23 151 20 42 47 24 94 438 260 20 20 181 24 30 34 379 78 102 36 28 54 21
internal_value=-1.62258e-07 -1.00871e-05 -6.75866e-05 -0.0001108 2.90383e-06 3.50527e-05 5.97634e-05 0 -6.04732e-05 -0.000115681 2.05786e-06 2.65988e-05 -3.11597e-06 -3.59474e-05 8.83489e-05 0 -2.45908e-05 0 -0.000133234 8.71825e-06 4.50654e-05 -5.07616e-06 -1.28752e-05 0 0 -0.000190043
internal_weight=4068 1191 176 123 2877 288 245 2589 113 66 2476 532 1944 43 171 1015 269 211 58 746 265 481 72 53 74 51
internal_count=4068 1191 176 123 2877 288 245 2589 113 66 2476 532 1944 43 171 1015 269 211 58 746 265 481 72 53 74 51
is_linear=0
shrinkage=0.03


Tree=138
num_leaves=22
num_cat=0
split_feature=33 33 29 24 25 24 34 34 5 5 29 28 34 27 29 4 29 20 36 36 36
split_gain=0.000156519 0.000427423 0.000589354 0.000532309 0.000424967 0.000372509 0.000507769 0.000373559 0.000369243 0.000694914 0.000727807 0.00069521 0.000599298 0.000478992 0.000371904 0.000369217 0.00024149 0.000210463 0.000149433 0.000100957 8.52214e-05
threshold=-0.033463896211940174 -0.024422007562937605 24.096629864930012 -10.728583505704743 -0.35783235794395563 -4.241157032804149 -0.0016863625761276977 0.029580854222033052 8223736.5000000009 15127467.000000002 8.6525967258960659 172503788.50000003 -0.077820011197215641 0.30493904374393599 36.810552881599087 320.10000610351568 30.436777481486214 248.8800003051758 -0.005570484183491659 -0.010764432411572277 -0.014522147587504355
decision_type=2 2 2 2 2 2 2 2 2 2 2 2 2 2 2 2 2 2 2 2 2
left_child=8 2 4 15 20 7 -7 -5 12 10 -10 -11 -1 -12 18 17 -4 -3 -14 -18 -2
right_child=1 3 16 5 -6 6 -8 -9 9 11 13 -13 14 -15 -16 -17 19 -19 -20 -21 -22
leaf_value=-0.00021620428346014065 0 0 -8.0429454229622962e-05 4.8239518326770505e-05 0 -1.9740621401015524e-05 5.6215338021564393e-06 0 -2.1809429782986952e-06 -0.00018692072975561328 0.00015054036237393845 0 1.9309665834739236e-05 0 -0.00011164060955928098 0 5.1772650857988346e-05 -0.00021815645324189866 -2.8787567236757152e-05 0 0.00011495664756696791
leaf_weight=20 23 20 33 278 49 1089 1800 96 23 24 66 24 127 27 32 28 35 21 105 44 104
leaf_count=20 23 20 33 278 49 1089 1800 96 23 24 66 24 127 27 32 28 35 21 105 44 104
internal_value=-1.55509e-07 1.15411e-06 3.6608e-05 -1.011e-06 7.21423e-05 0 -2.90062e-06 2.88305e-05 -1.74306e-05 4.20506e-06 5.95689e-05 -6.70664e-05 -4.04811e-05 0.00010705 -1.57326e-05 -8.35608e-05 0 -0.000140799 0 6.38084e-06 0.000101095
internal_weight=4068 3620 288 3332 176 3263 2889 374 448 164 116 48 284 93 264 69 112 41 232 79 127
internal_count=4068 3620 288 3332 176 3263 2889 374 448 164 116 48 284 93 264 69 112 41 232 79 127
is_linear=0
shrinkage=0.03


Tree=139
num_leaves=13
num_cat=0
split_feature=22 25 31 34 20 33 25 35 36 26 27 27
split_gain=0.000165099 0.000614966 0.000608444 0.000443918 0.000493753 0.00163907 0.000452057 0.000426757 0.000873707 0.000362781 0.000299362 0.000205029
threshold=34.691178939591914 -0.024371103604108543 0.011124618280138667 -0.072970934078677815 489.24499969482429 -0.0091617064312406443 5.9186979196605103 0.015133672849762509 -0.025515972705597568 13.36276498518602 0.018514835494882618 0.18754798060477251
decision_type=2 2 2 2 2 2 2 2 2 2 2 2
left_child=1 2 7 11 6 -6 9 10 -9 -5 -1 -2
right_child=3 -3 -4 4 5 -7 -8 8 -10 -11 -12 -13
leaf_value=0 0.00016704366546812778 -0.00018143188424344433 -0.00012014357407493003 7.862780569711541e-07 -0.00030836589212195748 0 -0.00011572738621364017 -8.153949250125719e-05 5.4376985506441003e-05 6.0843041292868776e-05 -8.4182217113027861e-05 0
leaf_weight=27 21 21 38 3399 20 45 28 37 250 98 64 20
leaf_count=27 21 21 38 3399 20 45 28 37 250 98 64 20
internal_value=-1.96041e-07 -1.81526e-05 -2.65872e-06 1.13932e-06 0 -8.18505e-05 1.52886e-06 1.24617e-06 2.6383e-05 3.32886e-06 -4.50427e-05 9.91742e-05
internal_weight=4068 437 416 3631 3590 65 3525 378 287 3497 91 41
internal_count=4068 437 416 3631 3590 65 3525 378 287 3497 91 41
is_linear=0
shrinkage=0.03


Tree=140
num_leaves=15
num_cat=0
split_feature=22 26 33 34 20 33 25 26 31 25 31 5 27 2
split_gain=0.000161067 0.000606308 0.000491889 0.000421231 0.000460142 0.00154724 0.000426077 0.000340715 0.000307048 0.000665392 0.000724707 0.00020065 0.00018944 1.22991e-05
threshold=34.691178939591914 8.3799130913599633 -0.039174229218201233 -0.072970934078677815 489.24499969482429 -0.0091617064312406443 5.9186979196605103 13.36276498518602 0.0093929059683907096 -2.3918279557443807 -0.015696008773299183 6934061.5000000009 0.18754798060477251 322.09999084472662
decision_type=2 2 2 2 2 2 2 2 2 2 2 2 2 2
left_child=1 8 13 12 6 -6 7 -5 9 11 -11 -1 -2 -3
right_child=3 2 -4 4 5 -7 -8 -9 -10 10 -12 -13 -14 -15
leaf_value=0 0.00016205610336638738 -2.2904271551218069e-05 -0.00019052815544598665 7.6269066293690539e-07 -0.0002991609468729471 0 -0.00011226791019917685 5.901961106533221e-05 -8.2434475056159724e-05 -7.9453419668598768e-05 2.2078109453726401e-05 0.00019433625878863281 0 0
leaf_weight=20 21 21 31 3399 20 45 28 98 38 88 197 21 20 21
leaf_count=20 21 21 31 3399 20 45 28 98 38 88 197 21 20 21
internal_value=-1.92719e-07 -1.7934e-05 -9.68915e-05 1.11672e-06 0 -7.90084e-05 1.48295e-06 3.25478e-06 0 7.31246e-06 0 0.000122454 9.66137e-05 0
internal_weight=4068 437 73 3631 3590 65 3525 3497 364 326 285 41 41 42
internal_count=4068 437 73 3631 3590 65 3525 3497 364 326 285 41 41 42
is_linear=0
shrinkage=0.03


Tree=141
num_leaves=21
num_cat=0
split_feature=31 28 29 27 35 21 36 26 20 2 21 25 22 28 28 26 28 30 22 22
split_gain=0.000157117 0.000570295 0.000895219 0.000554258 0.000505637 0.00031018 0.000198083 0.000609361 0.00236624 0.000567422 0.000706726 0.000427474 0.00103784 0.000664751 0.00062686 0.000469864 0.000454105 0.00036258 0.000298692 0.000110266
threshold=0.0326682004124711 265946903.50000003 77.058482632145669 0.97136294214688201 0.040506340541881694 223.45416603088381 0.0022783350630390495 11.620576640874765 351.17000122070323 274.10000610351568 367.15999984741217 -1.9099599456452958 30.785184117427196 226172411.50000003 231496811.00000003 3.6770766504449335 197679511.50000003 83.725378100560278 70.265115862289946 49.880401110862579
decision_type=2 2 2 2 2 2 2 2 2 2 2 2 2 2 2 2 2 2 2 2
left_child=6 3 -3 5 -5 -2 11 9 -9 17 -11 12 14 -14 -1 18 -17 -8 -13 -10
right_child=1 2 -4 4 -6 -7 7 8 19 10 -12 15 13 -15 -16 16 -18 -19 -20 -21
leaf_value=0 -0.00013813644870225175 0 -0.00026304330038992574 0 0.00014257135747673336 0 2.527333832833375e-05 0.00026169544008533286 -5.8397667370904047e-05 -6.570842666546079e-05 2.4477531149462676e-06 0 0 0.00011373477213940509 -0.00019254994040021476 -3.8293246667835342e-05 0 -2.9422794498140099e-05 9.2720418315754913e-05 0
leaf_weight=47 25 25 21 24 37 48 819 41 29 205 194 750 92 122 20 677 739 78 35 40
leaf_count=47 25 25 21 24 37 48 819 41 29 205 194 750 92 122 20 677 739 78 35 40
internal_value=-1.52687e-07 -2.79787e-05 -0.00011913 0 6.99595e-05 -5.22789e-05 3.64654e-07 1.00184e-05 7.8883e-05 1.85308e-06 -2.50606e-05 -3.89549e-06 2.84891e-05 6.76958e-05 -5.19433e-05 -9.39406e-06 -2.03109e-05 1.71703e-05 6.47686e-06 0
internal_weight=4068 180 46 134 61 73 3888 1406 110 1296 399 2482 281 214 67 2201 1416 897 785 69
internal_count=4068 180 46 134 61 73 3888 1406 110 1296 399 2482 281 214 67 2201 1416 897 785 69
is_linear=0
shrinkage=0.03


Tree=142
num_leaves=27
num_cat=0
split_feature=5 33 29 26 29 30 22 31 5 30 22 33 33 26 28 36 36 28 31 1 36 31 29 29 20 27
split_gain=0.000154336 0.000508828 0.000817131 0.00145735 0.0011334 0.00064555 0.000632948 0.00116182 0.00073712 0.000544267 0.000512025 0.00100743 0.000427427 0.000470789 0.000528077 0.000350768 0.000696215 0.000340637 0.000717791 0.000356833 0.000312198 0.00031112 0.000285276 7.90867e-05 2.07617e-05 6.97582e-06
threshold=3374485.5000000005 0.0051226390846867984 36.810552881599087 9.527346363755461 47.660773093353633 85.655778423565195 32.745082533420188 0.011124618280138667 5345004.0000000009 64.354138534324804 71.513098316121997 0.034622316237150182 0.013893094147640174 6.4497872152356388 -41670243.499999993 -0.011926473550928901 -0.01118264427797042 255674298.00000003 0.0027037805383646201 353.69999694824224 -1.0000000180025095e-35 -0.0016722895670117641 59.460288041261784 93.512018592416965 374.03499984741217 0.20347229125332025
decision_type=2 2 2 2 2 2 2 2 2 2 2 2 2 2 2 2 2 2 2 2 2 2 2 2 2 2
left_child=12 2 6 9 -5 17 7 -2 -8 -4 11 -7 15 14 -14 22 -17 19 -19 -3 24 -18 25 -12 -15 -1
right_child=1 5 3 4 -6 10 8 -9 -10 -11 23 -13 13 20 -16 16 21 18 -20 -21 -22 -23 -24 -25 -26 -27
leaf_value=0 -8.2092914659292766e-06 2.1062997977079816e-05 -4.7285276305758335e-05 -0.0002947598377549306 -3.8909601020688238e-05 0 -5.0779116747287227e-06 -0.00026202335386532599 5.2076552645509712e-05 1.2892572571040371e-05 2.4211490485622142e-05 -0.00020819866925287319 0 -3.1556251978828212e-05 -0.00011669308747485841 0.00017731167085389867 0 5.4002053031172609e-05 -4.353163798515946e-05 0.00016788684547570373 8.9911201605545978e-05 3.057967280091606e-05 0 -3.2077120837434004e-05 0 -0.00010700861279811881
leaf_weight=22 243 788 230 38 93 52 413 21 296 212 72 38 31 24 77 30 392 96 193 23 34 552 21 28 20 29
leaf_count=22 243 788 230 38 93 52 413 21 296 212 72 38 31 24 77 30 392 96 193 23 34 552 21 28 20 29
internal_value=-1.38584e-07 -4.68495e-06 -1.69464e-05 -4.5365e-05 -0.000136177 7.68457e-06 0 -3.98499e-05 1.45567e-05 -1.16395e-05 -3.86518e-05 -9.09211e-05 7.89158e-06 -2.84766e-05 -7.29085e-05 1.72285e-05 2.38911e-05 1.84179e-05 -7.48398e-07 2.89458e-05 0 1.58196e-05 -3.12017e-05 0 -1.09764e-05 -7.99879e-05
internal_weight=4068 2836 1546 573 131 1290 973 264 709 442 190 90 1232 186 108 1046 974 1100 289 811 78 944 72 100 44 51
internal_count=4068 2836 1546 573 131 1290 973 264 709 442 190 90 1232 186 108 1046 974 1100 289 811 78 944 72 100 44 51
is_linear=0
shrinkage=0.03


Tree=143
num_leaves=16
num_cat=0
split_feature=31 35 29 27 33 27 34 29 23 0 25 0 23 5 31
split_gain=0.00014828 0.000525826 0.000566004 0.000353489 0.000268775 0.000166648 0.000465151 0.000378113 0.00086517 0.000297098 0.000789893 0.000334431 0.000226825 9.07355e-05 7.75609e-05
threshold=0.0326682004124711 0.064830555251102193 70.714315726487328 1.1502617543763847 0.026334576958634951 1.0958797442397439 0.072626574186838613 89.49189736117026 7.6733128079501407 416.13883972167974 0.53629890497275767 338.11524963378912 1.7518498771540438 9609363.0000000019 0.021559764160802745
decision_type=2 2 2 2 2 2 2 2 2 2 2 2 2 2 2
left_child=5 2 4 -4 -2 6 9 8 -8 11 -11 -1 -7 -6 -14
right_child=1 -3 3 -5 13 12 7 -9 -10 10 -12 -13 14 -15 -16
leaf_value=-9.7781017412871665e-07 -9.0510439904429831e-05 4.2769588720888733e-05 -0.00017694719355920851 0 6.172968103519424e-05 0 0.00016934677469049187 0 0 0 -0.00012198151584167044 2.5858693507095991e-05 -0.0001332861727085448 0 0
leaf_weight=3105 24 29 44 25 33 25 54 37 30 66 65 460 23 25 23
leaf_count=3105 24 29 44 25 33 25 54 37 30 66 65 460 23 25 23
internal_value=-1.78729e-07 -2.71983e-05 -6.05097e-05 -0.000124009 0 3.01261e-07 1.90874e-06 5.97644e-05 9.58624e-05 0 -4.43404e-05 1.6441e-06 -4.38045e-05 2.76651e-05 -8.59515e-05
internal_weight=4068 180 151 69 82 3888 3817 121 84 3696 131 3565 71 58 46
internal_count=4068 180 151 69 82 3888 3817 121 84 3696 131 3565 71 58 46
is_linear=0
shrinkage=0.03


Tree=144
num_leaves=15
num_cat=0
split_feature=30 23 29 30 29 26 28 0 20 22 35 33 35 27
split_gain=0.000152689 0.000644702 0.000456257 0.000976968 0.000723168 0.000492051 0.000406676 0.000310004 0.000629241 0.000244262 0.000159294 0.000127444 9.81593e-05 0.000240671
threshold=9.6073461394145792 -1.2517083534272613 13.284234433958884 14.589330923796107 14.512260540673696 18.516852164655468 147381651.50000003 216.66602325439456 137.59749946594241 34.691178939591914 0.038221958574974353 -0.040210735238121735 0.013602358252978931 0.14180799276742953
decision_type=2 2 2 2 2 2 2 2 2 2 2 2 2 2
left_child=1 -1 3 12 6 9 -4 8 -5 -6 -7 -9 -2 -14
right_child=2 -3 4 7 5 10 -8 11 -10 -11 -12 -13 13 -15
leaf_value=-0.00013379045671326433 0 0 -0.00016938600202872728 0 -2.5667445923057618e-05 0 0 8.7617441025927975e-05 -0.00010231503064425875 3.6606669461515949e-06 -0.00017055642401882958 0 0.00014993784341282916 0
leaf_weight=40 30 28 36 34 268 20 27 28 71 3337 20 37 70 22
leaf_count=40 30 28 36 34 268 20 27 28 71 3337 20 37 70 22
internal_value=-1.81153e-07 -4.49431e-05 0 3.66205e-05 -2.25808e-06 0 -0.000103025 0 -4.11518e-05 6.47574e-07 -0.000104909 3.93923e-05 0.000102027 0.000121488
internal_weight=4068 68 4000 292 3708 3645 63 170 105 3605 40 65 122 92
internal_count=4068 68 4000 292 3708 3645 63 170 105 3605 40 65 122 92
is_linear=0
shrinkage=0.03


Tree=145
num_leaves=23
num_cat=0
split_feature=21 5 35 19 3 23 23 35 3 36 32 36 3 21 29 26 5 23 26 21 21 22
split_gain=0.000145188 0.000432253 0.000747801 0.000360126 0.000760918 0.000465286 0.000733574 0.000449274 0.000350192 0.00027693 0.000340536 0.00026516 0.000231952 0.000353892 0.000519116 0.000266967 0.000172585 5.32112e-05 3.96162e-05 3.75811e-05 0.000197311 4.83524e-05
threshold=245.35499992370606 15841409.000000002 0.061688149382627837 254.59999847412112 249.09999847412112 -3.5851883285074844 -5.6111791683931918 0.013668846349645375 233.90000152587893 0.0037492419083010437 0.03143762464384748 0.0016158988406580288 220.09999847412112 209.80166791280112 57.469900391268126 3.7220590466227539 3344656.0000000005 -0.69497879330342005 5.6636448202010792 239.01333262125652 223.45416603088381 56.784284512498047
decision_type=2 2 2 2 2 2 2 2 2 2 2 2 2 2 2 2 2 2 2 2 2 2
left_child=8 3 -3 4 11 6 -5 -7 12 19 18 -2 13 15 -15 -1 -14 -18 -11 20 -10 -21
right_child=1 2 -4 5 -6 7 -8 -9 9 10 -12 -13 16 14 -16 -17 17 -19 -20 21 -22 -23
leaf_value=6.7949999343068454e-06 -3.8702685492828716e-05 -0.00019761041658282393 0 0 -0.00019340810130996373 2.8654625561430487e-05 7.539327305914321e-05 -1.7076373528723899e-05 0 0 0 1.3887585081693436e-05 0 9.6822608446252937e-05 0 -2.061706985817832e-05 0 -8.1985525249081962e-05 0.0002171958944892316 0 8.1104247951303439e-05 -3.6364000426391499e-05
leaf_weight=1281 152 29 21 224 27 207 181 978 20 31 30 101 42 86 32 426 34 58 20 23 32 33
leaf_count=1281 152 29 21 224 27 207 181 978 20 31 30 101 42 86 32 426 34 58 20 23 32 33
internal_value=-1.5284e-07 -6.81251e-06 -9.61671e-05 -2.81414e-06 -3.47162e-05 9.18982e-07 3.01884e-05 -6.55474e-06 4.40339e-06 4.34392e-05 8.64466e-05 -5.85794e-06 0 3.42797e-06 5.36516e-05 0 -3.73737e-05 -6.0994e-05 0.000133634 0 2.53841e-05 -2.12082e-06
internal_weight=4068 1920 50 1870 280 1590 405 1185 2148 189 81 253 1959 1825 118 1707 134 92 51 108 52 56
internal_count=4068 1920 50 1870 280 1590 405 1185 2148 189 81 253 1959 1825 118 1707 134 92 51 108 52 56
is_linear=0
shrinkage=0.03


Tree=146
num_leaves=22
num_cat=0
split_feature=30 22 30 29 29 25 4 26 2 26 35 2 19 5 25 25 5 29 0 25 29
split_gain=0.00014132 0.000561292 0.000400744 0.000441167 0.000673853 0.000595132 0.000462652 0.000707917 0.000313552 0.000282956 0.000340783 0.00044143 0.00036973 0.000271027 0.000437403 0.000214581 0.000129216 0.000289574 8.6433e-05 3.18025e-05 1.74399e-05
threshold=22.286073117350323 28.718251700743064 18.454865139155057 13.284234433958884 9.0524970960783708 -0.37107439487942767 353.50000000000006 4.3540555367774516 232.09999847412112 18.516852164655468 0.038221958574974353 377.69999694824224 115.29000091552736 5646069.5000000009 -2.4405225187106843 -0.67635984057563325 3974124.0000000005 20.389577268066187 391.42620849609381 -1.2618345057688094 20.389577268066187
decision_type=2 2 2 2 2 2 2 2 2 2 2 2 2 2 2 2 2 2 2 2 2
left_child=2 8 3 4 15 -6 7 -5 -2 10 12 -12 -3 16 -15 -1 17 -4 -8 -16 -18
right_child=1 9 13 6 5 -7 18 -9 -10 -11 11 -13 -14 14 19 -17 20 -19 -20 -21 -22
leaf_value=-5.6291994026823222e-05 0 -7.4267778879574456e-05 0 0 0.00010010570708347557 0 6.5469835527721628e-05 -0.00010084968106345734 -0.00020250597732391815 -8.3561500733984355e-05 5.8365096486036535e-05 -7.4584292134841806e-06 -3.7041730383733301e-07 0.00022146740482121332 0 0 0 7.5760567303954023e-05 0 2.9860638581416521e-05 -2.5689334268969733e-05
leaf_weight=67 24 65 51 107 127 23 22 126 20 37 198 44 2908 22 20 32 21 65 28 32 29
leaf_count=67 24 65 51 107 127 23 22 126 20 37 198 44 2908 22 20 32 21 65 28 32 29
internal_value=-1.28331e-07 -3.54003e-06 1.05508e-05 0 2.46294e-05 7.01226e-05 -2.94747e-05 -5.26189e-05 -0.000110869 -1.16201e-06 0 3.40075e-05 -2.99756e-06 4.31293e-05 9.65179e-05 -1.40286e-05 1.22437e-06 3.12026e-05 1.83868e-05 0 -8.36827e-06
internal_weight=4068 3296 772 532 249 150 283 233 44 3252 3215 242 2973 240 74 99 166 116 50 52 50
internal_count=4068 3296 772 532 249 150 283 233 44 3252 3215 242 2973 240 74 99 166 116 50 52 50
is_linear=0
shrinkage=0.03


Tree=147
num_leaves=21
num_cat=0
split_feature=33 33 5 5 29 34 31 22 33 31 5 22 30 19 25 24 34 26 5 31
split_gain=0.000145361 0.00040996 0.000348172 0.000620924 0.000680093 0.000529355 0.000523258 0.000362229 0.0003525 0.000259859 0.000233063 0.0016123 0.00129611 0.000582353 0.000299631 0.000991409 0.000388944 0.000227855 0.000233016 0.000227364
threshold=-0.033463896211940174 -0.029873305232616273 8223736.5000000009 15127467.000000002 8.6525967258960659 -0.077820011197215641 -0.036403402623588203 48.055209908396456 -0.045081004107045013 -0.014308197483084649 8396371.5000000019 47.754179966952201 30.231997945196706 352.90000305175789 -0.16145042130048412 14.43540691585528 -0.0038228985447049664 2.7350387466873074 4168276.0000000005 -0.011105637742214456
decision_type=2 2 2 2 2 2 2 2 2 2 2 2 2 2 2 2 2 2 2 2
left_child=2 17 5 4 -4 -1 -5 -6 9 -7 14 12 -12 -13 15 -3 -16 -2 -19 -10
right_child=1 10 3 6 7 8 -8 -9 19 -11 11 13 -14 -15 16 -17 -18 18 -20 -21
leaf_value=-0.00020605033284414612 0 7.7167141961284225e-06 0 0 0.00013888429895213638 0 -0.00016173636204047326 0 0 9.0706022630349819e-05 0 1.7557320180289642e-05 -0.00028305839502419802 -9.2577900393998053e-05 -3.1541049563048681e-05 0.00021000406985737273 8.2182327043748991e-07 0 0.00011449261294833202 -7.7614423411995345e-05
leaf_weight=20 22 1279 23 23 68 41 25 25 99 31 35 335 35 49 389 24 1362 30 60 93
leaf_count=20 22 1279 23 23 68 41 25 25 99 31 35 335 35 49 389 24 1362 30 60 93
internal_value=-1.71575e-07 1.06126e-06 -1.68263e-05 3.74317e-06 5.68693e-05 -3.92612e-05 -6.21262e-05 0.000102993 -1.51931e-05 1.747e-05 0 -2.07072e-05 -0.000153224 0 2.21942e-06 1.37607e-05 -4.65605e-06 5.76867e-05 8.01019e-05 -4.30613e-05
internal_weight=4068 3620 448 164 116 284 48 93 264 72 3508 454 70 384 3054 1303 1751 112 90 192
internal_count=4068 3620 448 164 116 284 48 93 264 72 3508 454 70 384 3054 1303 1751 112 90 192
is_linear=0
shrinkage=0.03


Tree=148
num_leaves=19
num_cat=0
split_feature=26 20 20 0 0 20 34 28 29 25 28 34 25 34 35 24 35 24
split_gain=0.000143273 0.000576687 0.00178232 0.000719673 0.000635874 0.000730312 0.000587072 0.000491444 0.000395646 0.000337378 0.000548096 0.000363206 0.000326721 0.000674971 0.000232439 9.1693e-05 6.50082e-05 2.36876e-05
threshold=9.527346363755461 281.74000091552739 246.97499923706059 292.27247619628912 349.20295715332037 354.85500030517585 -0.00071972808037429326 177369422.50000003 22.256270425857107 2.0506905148528252 127188714.00000001 0.08533953934678952 -3.2555777280434968 -0.063070969198089952 0.033513300427397204 -1.0254019014865137 0.015133672849762509 8.0472471313475182
decision_type=2 2 2 2 2 2 2 2 2 2 2 2 2 2 2 2 2 2
left_child=9 2 -2 7 5 -5 -4 -3 -6 11 15 12 -1 -14 -13 -11 -12 -18
right_child=1 3 6 4 8 -7 -8 -9 -10 10 16 14 13 -15 -16 -17 17 -19
leaf_value=9.1765548304543207e-05 1.6510680367388682e-05 0 0 0 7.7293619798167115e-05 -0.00010263743502056129 -0.00037077959586949595 0.00014439350817809104 0 -6.1107310935290207e-05 0 -0.0001355345648132533 -7.9855420461017539e-05 2.1602166134431936e-06 0 0 0.00010208571001602234 0
leaf_weight=35 26 28 27 138 61 128 20 46 278 22 32 29 93 2954 20 25 85 21
leaf_count=35 26 28 27 138 61 128 20 46 278 22 32 29 93 2954 20 25 85 21
internal_value=-1.63765e-07 -1.25755e-05 -9.34194e-05 0 -1.45921e-05 -5.1002e-05 -0.000217832 8.36791e-05 5.13703e-06 1.74657e-06 4.11711e-05 0 7.03393e-07 0 -8.14032e-05 0 7.64454e-05 9.03209e-05
internal_weight=4068 752 73 679 605 266 47 74 339 3316 185 3131 3082 3047 49 47 138 106
internal_count=4068 752 73 679 605 266 47 74 339 3316 185 3131 3082 3047 49 47 138 106
is_linear=0
shrinkage=0.03


Tree=149
num_leaves=20
num_cat=0
split_feature=21 28 0 23 32 32 35 25 25 3 28 35 31 21 3 28 34 5 23
split_gain=0.000137805 0.000460058 0.000811854 0.00071072 0.000492501 0.000796385 0.000419125 0.000361929 0.000600002 0.000326703 0.00041287 0.000470898 0.000325898 0.000285212 0.000220901 0.000657273 0.00062261 0.000165877 4.66652e-05
threshold=245.35499992370606 300185352.00000006 311.76573181152349 14.321926752882861 0.00082235808185393566 -0.013898152040067667 0.017833128353710679 -0.10832071972866465 1.8422373653682917 233.90000152587893 287287134.00000006 0.01267826631540305 0.0020768646178237486 468.79583282470708 220.09999847412112 150902738.00000003 0.08533953934678952 3344656.0000000005 -0.69497879330342005
decision_type=2 2 2 2 2 2 2 2 2 2 2 2 2 2 2 2 2 2 2
left_child=9 3 12 4 5 -2 -6 13 -9 14 11 -11 -3 -4 15 16 -1 -16 -19
right_child=1 2 7 -5 6 -7 -8 8 -10 10 -12 -13 -14 -15 17 -17 -18 18 -20
leaf_value=3.9544055205175036e-06 0 0.00017956453687125609 4.3704756420378808e-05 -0.00017127025018015294 -2.3467159172864028e-05 -6.722497799830378e-05 2.9588980538835757e-05 -5.6554410084814137e-05 1.7600460631741091e-05 0 0 9.2788633052099843e-05 0 0 0 0.00014261298948292466 -0.00010526959824384521 0 -7.9743251278227039e-05
leaf_weight=1747 404 34 221 30 177 293 337 209 101 25 33 131 28 86 42 30 48 34 58
leaf_count=1747 404 34 221 30 177 293 337 209 101 25 33 131 28 86 42 30 48 34 58
internal_value=-1.40182e-07 -6.64533e-06 1.05457e-05 -1.84685e-05 -1.21922e-05 -2.95287e-05 5.48222e-06 0 -2.27221e-05 4.27793e-06 4.19856e-05 6.72002e-05 0.000113939 2.32239e-05 0 3.36306e-06 0 -3.64503e-05 -5.96277e-05
internal_weight=4068 1920 679 1241 1211 697 514 617 310 2148 189 156 62 307 1959 1825 1795 134 92
internal_count=4068 1920 679 1241 1211 697 514 617 310 2148 189 156 62 307 1959 1825 1795 134 92
is_linear=0
shrinkage=0.03


Tree=150
num_leaves=22
num_cat=0
split_feature=33 33 29 24 26 25 24 35 34 25 30 27 25 28 36 33 29 35 36 30 35
split_gain=0.000138482 0.000390938 0.000526365 0.000453977 0.000388311 0.000372682 0.000368595 0.00118005 0.0004835 0.000250532 0.000249266 0.000463757 0.000384797 0.000643981 0.000270978 0.000661088 0.000211395 0.000125923 9.8572e-05 9.79825e-05 7.81685e-05
threshold=-0.033463896211940174 -0.024422007562937605 24.096629864930012 -10.728583505704743 13.36276498518602 -0.35783235794395563 -4.241157032804149 0.018329998067869072 -0.0016863625761276977 0.1371626227732812 15.286565505664194 -0.14143176209211825 -2.8198615963119544 235619776.50000003 -0.010305168835595596 -0.047258199904363633 30.436777481486214 0.027752069979514748 -0.010764432411572277 14.114522084227961 0.022479254416506483
decision_type=2 2 2 2 2 2 2 2 2 2 2 2 2 2 2 2 2 2 2 2 2
left_child=10 2 5 4 9 19 7 -5 -8 -3 14 -12 13 -13 15 -1 -4 -14 -18 -2 -16
right_child=1 3 16 6 -6 -7 8 -9 -10 -11 11 12 17 -15 20 -17 18 -19 -20 -21 -22
leaf_value=0.00018701358875105177 0 -0.00018414942384457463 -7.5173608804321375e-05 -2.5608308280943304e-05 0 0 -1.9427038485708634e-05 7.3826723553875636e-05 5.2749056984576445e-06 0 -0.00016889073173571154 0.00018018791850814064 0 0 0 0 5.1174093051276233e-05 -5.9487269046890027e-05 0 0.00012048278501155288 -5.9161477000278806e-05
leaf_weight=24 41 29 33 140 20 49 1089 234 1800 20 25 21 170 25 26 25 35 112 44 86 20
leaf_count=24 41 29 33 140 20 49 1089 234 1800 20 25 21 170 25 26 25 35 112 44 86 20
internal_value=-1.429e-07 1.04289e-06 3.49795e-05 -9.9103e-07 -7.72025e-05 6.84972e-05 0 2.85889e-05 -2.99838e-06 -0.000124522 -1.64176e-05 -3.10809e-05 -1.13853e-05 4.7835e-05 6.49806e-06 7.10549e-05 0 -3.16934e-05 6.3651e-06 9.56016e-05 0
internal_weight=4068 3620 288 3332 69 176 3263 374 2889 49 448 353 328 46 95 49 112 282 79 127 46
internal_count=4068 3620 288 3332 69 176 3263 374 2889 49 448 353 328 46 95 49 112 282 79 127 46
is_linear=0
shrinkage=0.03


Tree=151
num_leaves=20
num_cat=0
split_feature=5 35 36 36 1 0 29 29 5 29 30 19 24 32 31 35 32 29 36
split_gain=0.000141179 0.000411296 0.000582293 0.00055306 0.000480571 0.000333258 0.0004035 0.000831844 0.00122705 0.000663108 0.000583298 0.000576804 0.000314522 0.000309838 0.000347022 0.000307302 0.000292094 0.000273535 0.000190603
threshold=3374485.5000000005 0.017999078619700976 -0.011926473550928901 0.016334787538374682 455.50000000000006 441.73736572265631 49.766828040662453 35.128228889001122 10717376.000000002 55.107689387978716 59.907143883859725 281.88000183105476 -4.4741714332689577 -0.009754668129136777 -0.0015447956713017794 0.012921632207406318 -0.0051590735380275801 62.970503238121431 0.0026143835522808366
decision_type=2 2 2 2 2 2 2 2 2 2 2 2 2 2 2 2 2 2 2
left_child=1 12 17 4 -4 6 7 11 -9 10 -8 -2 15 18 -15 -1 -11 -3 -14
right_child=5 2 3 -5 -6 -7 9 8 -10 16 -12 -13 13 14 -16 -17 -18 -19 -20
leaf_value=0 -1.64250377823278e-05 -7.6716198331893567e-05 9.7568210262182541e-05 0 0 -0.00011892911160743458 0.0001134427253175782 -2.7927183255991804e-05 -0.00026302282762781602 -2.9611647533462734e-05 0 3.220406837968724e-05 5.7007640035703966e-05 -3.327933953613451e-05 8.6523776818277521e-06 -0.000114847085001515 7.1815463316543696e-06 0 0
leaf_weight=28 659 43 198 25 25 24 93 362 27 238 55 329 138 259 418 42 1049 21 35
leaf_count=28 659 43 198 25 25 24 93 362 27 238 55 329 138 259 418 42 1049 21 35
internal_value=-1.61814e-07 7.47285e-06 3.75034e-05 6.20604e-05 8.07104e-05 -4.53636e-06 -2.48902e-06 -1.48629e-05 -5.20184e-05 7.29451e-06 6.74188e-05 0 0 2.26172e-06 -2.96133e-06 -6.30559e-05 0 -1.08014e-05 4.0022e-05
internal_weight=4068 1232 312 248 223 2836 2812 1377 389 1435 148 988 920 850 677 70 1287 64 173
internal_count=4068 1232 312 248 223 2836 2812 1377 389 1435 148 988 920 850 677 70 1287 64 173
is_linear=0
shrinkage=0.03


Tree=152
num_leaves=14
num_cat=0
split_feature=30 23 29 30 29 24 35 28 25 35 23 29 35
split_gain=0.000135358 0.000605985 0.000401669 0.000901416 0.000672302 0.000480962 0.000998538 0.000365928 0.000317579 0.000221499 0.000197052 0.000227984 0.000185182
threshold=9.6073461394145792 -1.2517083534272613 13.284234433958884 14.589330923796107 14.512260540673696 18.550050136727382 0.032997654828626412 147381651.50000003 -0.43234233965905194 0.038221958574974353 -6.4798853063778656 9.6986287079173277 0.013602358252978931
decision_type=2 2 2 2 2 2 2 2 2 2 2 2 2
left_child=1 -1 3 8 7 9 -7 -4 12 -6 -5 -12 -2
right_child=2 -3 4 10 5 6 -8 -9 -10 -11 11 -13 -14
leaf_value=-0.00012900614878725222 0 0 -0.00016234560983469632 -9.3929198059712092e-05 -4.4928996761190693e-07 0 -0.00023010816960520176 0 0 2.684876543376461e-05 -2.2835987386541572e-05 4.2446393444574988e-05 0.00014258818271747697
leaf_weight=40 22 28 36 20 3315 26 25 27 21 279 51 99 79
leaf_count=40 22 28 36 20 3315 26 25 27 21 279 51 99 79
internal_value=-1.97226e-07 -4.23226e-05 0 3.434e-05 -2.14419e-06 0 -9.17705e-05 -9.92939e-05 9.72904e-05 8.35828e-07 0 2.63282e-07 0.00011941
internal_weight=4068 68 4000 292 3708 3645 51 63 122 3594 170 150 101
internal_count=4068 68 4000 292 3708 3645 51 63 122 3594 170 150 101
is_linear=0
shrinkage=0.03


Tree=153
num_leaves=20
num_cat=0
split_feature=21 28 0 22 36 22 30 29 5 22 3 28 30 25 3 28 29 30 33
split_gain=0.000133567 0.000446729 0.000770414 0.000617424 0.000681883 0.000511081 0.000410902 0.00171287 0.000426268 0.000311604 0.000295184 0.000388612 0.000213056 0.000689537 0.000245849 0.000554159 0.000160178 5.75052e-05 5.91945e-05
threshold=245.35499992370606 300185352.00000006 311.76573181152349 69.198626070589867 -0.032199113138671638 62.154462529171219 57.538067029711151 55.422700086595022 4341155.5000000009 68.496709785734168 233.90000152587893 287287134.00000006 86.921765394833855 1.6351514362715667 220.09999847412112 150902738.00000003 52.232024039123836 57.538067029711151 -0.0024769892396340749
decision_type=2 2 2 2 2 2 2 2 2 2 2 2 2 2 2 2 2 2 2
left_child=10 3 9 4 -2 -6 8 -8 -4 -3 12 17 14 -14 15 -1 -16 18 -12
right_child=1 2 6 -5 5 -7 7 -9 -10 -11 11 -13 13 -15 16 -17 -18 -19 -20
leaf_value=3.2484329414504831e-06 -0.00015761156852644838 0.00016787306942769596 0 -0.00015082850587120453 -1.4009444369536555e-05 5.2984322805617129e-05 -0.00020563094873944922 0 6.2838472648042582e-05 0 5.1483018080523191e-05 0 0 -0.00019437289444213261 -7.3608217845107869e-05 0.00013804991807586718 0 7.8873136141016309e-05 0
leaf_weight=1704 30 37 190 35 1074 102 41 245 141 25 20 33 71 21 53 30 80 113 23
leaf_count=1704 30 37 190 35 1074 102 41 245 141 25 20 33 71 21 53 30 80 113 23
internal_value=-2.09523e-07 -6.61294e-06 1.02761e-05 -1.82709e-05 -1.19243e-05 -5.64395e-06 0 -2.61937e-05 2.28924e-05 0.000110996 4.11766e-06 3.99687e-05 0 -4.37881e-05 2.84931e-06 7.31847e-06 -3.28401e-05 6.46202e-05 0
internal_weight=4068 1920 679 1241 1206 1176 617 286 331 62 2148 189 1959 92 1867 1734 133 156 43
internal_count=4068 1920 679 1241 1206 1176 617 286 331 62 2148 189 1959 92 1867 1734 133 156 43
is_linear=0
shrinkage=0.03


Tree=154
num_leaves=21
num_cat=0
split_feature=26 3 3 36 24 2 28 36 29 35 33 21 29 29 34 30 30 25 21 29
split_gain=0.00013847 0.000363435 0.00103511 0.000549072 0.000761791 0.000439224 0.000386276 0.000406859 0.000273108 0.000230156 0.000341265 0.000154472 0.000174556 0.000353498 0.000342512 0.000141413 0.000233 0.000122532 8.81303e-05 2.77869e-06
threshold=3.1147343321262988 147.55000305175784 120.54999923706056 -0.013211585103394773 1.4716268011375535 173.65000152587893 103759890.50000001 -1.0000000180025095e-35 85.656629203463368 0.01733041387178735 0.0064776028102974123 120.53166681925457 63.762714295583322 77.410679905023386 0.023351894498845342 19.664579405975967 11.593824146808512 0.62336313064283544 171.86083361307783 82.616386292167036
decision_type=2 2 2 2 2 2 2 2 2 2 2 2 2 2 2 2 2 2 2 2
left_child=11 2 -2 -4 -5 9 7 -7 -8 -3 -11 17 15 14 -14 16 -13 -1 -17 -15
right_child=1 5 3 4 -6 6 8 -9 -10 10 -12 12 13 19 -16 18 -18 -19 -20 -21
leaf_value=0 5.0976010681439973e-05 0 0 -0.00020864959953888613 0 -5.0002149954180868e-05 4.9370679470340528e-06 0 -3.0759710009763055e-05 0.00015301324034265349 0 0 9.0824982903188895e-07 0 0.00015819234340904218 -1.6024639151343862e-05 5.6375727713137743e-05 -7.829468631101726e-05 5.2671679262700367e-06 4.9491230029615958e-06
leaf_weight=89 34 50 30 55 45 302 2056 247 207 37 25 36 89 53 39 305 105 21 141 102
leaf_count=89 34 50 30 55 45 302 2056 247 207 37 25 36 89 53 39 305 105 21 141 102
internal_value=-1.99403e-07 -4.01197e-06 -4.78669e-05 -9.67966e-05 -0.000130822 -5.24744e-07 -3.85368e-06 -2.66212e-05 3.45e-07 5.62225e-05 9.50875e-05 8.75234e-06 1.49718e-05 3.52683e-05 7.2336e-05 7.24482e-08 2.96843e-05 -1.31592e-05 -2.56875e-06 0
internal_weight=4068 3088 164 130 100 2924 2812 549 2263 112 62 980 870 283 128 587 141 110 446 155
internal_count=4068 3088 164 130 100 2924 2812 549 2263 112 62 980 870 283 128 587 141 110 446 155
is_linear=0
shrinkage=0.03


Tree=155
num_leaves=21
num_cat=0
split_feature=31 28 0 27 26 31 36 26 20 2 28 27 34 26 22 28 5 36 36 22
split_gain=0.000133867 0.000508085 0.000664652 0.000501045 0.000277527 0.000272876 0.000168973 0.000590446 0.00218202 0.000523439 0.000667712 0.000394306 0.000902352 0.000616085 0.000576228 0.000451666 0.0010036 0.000566783 0.000372837 9.67685e-05
threshold=0.0326682004124711 265946903.50000003 373.62655639648443 0.97136294214688201 4.1093305399594069 0.051488667988450205 0.0022783350630390495 11.620576640874765 351.17000122070323 274.10000610351568 297631915.50000006 0.62474223952731778 -0.0016863625761276977 9.527346363755461 56.404293110375122 193294922.00000003 14702567.000000002 -0.010450338658939825 0.0045641169534004567 49.880401110862579
decision_type=2 2 2 2 2 2 2 2 2 2 2 2 2 2 2 2 2 2 2 2
left_child=6 3 -3 5 -5 -2 11 9 -9 18 -11 15 14 -14 -13 16 -1 -17 -8 -10
right_child=1 2 -4 4 -6 -7 7 8 19 10 -12 12 13 -15 -16 17 -18 -19 -20 -21
leaf_value=0 -9.1767467545836185e-05 -0.00023065020263350958 0 0 0.00012400901281681793 0 5.4785246544963561e-05 0.00025218018206995467 -5.4706848352804246e-05 -6.5075721703766637e-05 6.1467234569528675e-07 0 6.8350623623659238e-06 -6.3182318390490899e-05 -0.00014203113524241024 6.0300831806631842e-05 -0.00018366915121628135 0 1.5226865309692923e-06 0
leaf_weight=1062 50 22 24 27 34 23 188 41 29 199 200 42 525 134 84 244 28 363 709 40
leaf_count=1062 50 22 24 27 34 23 188 41 29 199 200 42 525 134 84 244 28 363 709 40
internal_value=-1.36625e-07 -2.58392e-05 -0.000111927 0 6.70422e-05 -4.91121e-05 2.82357e-07 9.25283e-06 7.68314e-05 1.19687e-06 -2.46394e-05 -3.59074e-06 -2.1744e-05 -2.85792e-06 -9.66501e-05 3.03969e-06 -6.40291e-06 2.49357e-05 1.60348e-05 0
internal_weight=4068 180 46 134 61 73 3888 1406 110 1296 399 2482 785 659 126 1697 1090 607 897 69
internal_count=4068 180 46 134 61 73 3888 1406 110 1296 399 2482 785 659 126 1697 1090 607 897 69
is_linear=0
shrinkage=0.03


Tree=156
num_leaves=22
num_cat=0
split_feature=5 33 33 30 1 0 22 33 33 21 28 31 36 36 28 31 1 31 30 0 24
split_gain=0.000130605 0.000460995 0.000759525 0.000585042 0.000508769 0.00048698 0.00047352 0.000914601 0.000400369 0.000601227 0.000423405 0.00039384 0.000322225 0.000634293 0.000306572 0.000653334 0.000335287 0.000288832 0.000198471 0.00010603 1.37371e-05
threshold=3374485.5000000005 0.0051226390846867984 0.0042373333984383485 85.655778423565195 479.19999694824224 373.62655639648443 71.513098316121997 0.034622316237150182 0.013893094147640174 360.6933336893718 -41670243.499999993 0.0056129468367358557 -0.011926473550928901 -0.01118264427797042 255674298.00000003 0.0027037805383646201 353.69999694824224 -0.0016722895670117641 66.242799386057158 395.67866516113287 8.4893667249542926
decision_type=2 2 2 2 2 2 2 2 2 2 2 2 2 2 2 2 2 2 2 2 2
left_child=8 2 4 14 5 -2 7 -5 12 10 -10 -12 18 -14 16 -16 -3 -15 -1 -11 -8
right_child=1 3 -4 6 -6 -7 20 -9 9 19 11 -13 13 17 15 -17 -18 -19 -20 -21 -22
leaf_value=-7.0083568137245284e-05 -1.4314645190441053e-05 1.9877467168554956e-05 -0.00016776871719510753 0 -0.00013861667603129392 3.5635676887204097e-05 1.35659368533673e-05 -0.00019856580745751464 0 7.4506482320520784e-05 -0.00012675893386481237 0 0.00016969722791758992 0 5.1956874730962382e-05 -4.1250352589457088e-05 0.00016250991026641097 2.9205718251680624e-05 0 0 -6.6647945489632614e-07
leaf_weight=49 1304 788 32 52 30 180 67 38 31 24 86 23 30 392 96 193 23 552 23 22 33
leaf_count=49 1304 788 32 52 30 180 67 38 31 24 86 23 30 392 96 193 23 552 23 22 33
internal_value=-9.69555e-08 -4.33494e-06 -1.60452e-05 7.37396e-06 -1.08461e-05 -6.23256e-06 -3.64749e-05 -8.68157e-05 7.22337e-06 -2.79298e-05 -6.80051e-05 -9.71162e-05 1.63442e-05 2.2812e-05 1.76775e-05 0 2.76407e-05 1.49489e-05 -2.94521e-05 2.88453e-05 0
internal_weight=4068 2836 1546 1290 1514 1484 190 90 1232 186 140 109 1046 974 1100 289 811 944 72 46 100
internal_count=4068 2836 1546 1290 1514 1484 190 90 1232 186 140 109 1046 974 1100 289 811 944 72 46 100
is_linear=0
shrinkage=0.03


Tree=157
num_leaves=23
num_cat=0
split_feature=26 5 34 33 29 29 35 36 25 2 5 25 25 35 29 34 29 34 33 29 19 33
split_gain=0.000128841 0.000546111 0.000682748 0.00119925 0.00078887 0.000632971 0.000569795 0.00116331 0.000316419 0.000359581 0.000435807 0.000316582 0.00057326 0.000620513 0.000505123 0.000329932 0.000296112 0.00023931 0.000210898 0.000221789 0.000133895 5.0383e-05
threshold=9.527346363755461 3247502.5000000005 -0.041367206885864254 0.014683102500100966 35.128228889001122 84.951030858390268 0.030331795284519601 -0.021089013240499981 2.0506905148528252 189.94999694824222 5957625.0000000009 -2.3918279557443807 -1.5861031489831081 0.020363532682990324 36.810552881599087 0.08533953934678952 23.283475471604799 -0.057746288264576111 0.0029873530981945344 18.687416659000085 464.97999877929698 0.025615711733064876
decision_type=2 2 2 2 2 2 2 2 2 2 2 2 2 2 2 2 2 2 2 2 2 2
left_child=8 18 6 4 -4 -5 17 -8 11 -10 21 14 13 -13 16 -14 -1 -3 19 -2 -21 -11
right_child=1 2 3 5 -6 -7 7 -9 9 10 -12 12 15 -15 -16 -17 -18 -19 -20 20 -22 -23
leaf_value=4.5696820240565455e-05 0 -0.00010365129498022394 0 3.0500496394197827e-05 -0.00012575113514809935 -8.4860246788983032e-05 0 0.00018544043286515647 0 2.4682835930565506e-05 0.00011230483425742763 0 2.2536676649887709e-06 -0.00010350977066268299 0.00018049753551019514 -7.5909980662146196e-05 -5.7418418768174514e-05 0 0 0.00012553576737141231 0 -1.8748717012893788e-05
leaf_weight=80 21 22 70 178 177 56 35 46 21 61 80 90 2758 102 22 49 30 31 48 42 26 23
leaf_count=80 21 22 70 178 177 56 35 46 21 61 80 90 2758 102 22 49 30 31 48 42 26 23
internal_value=-7.22912e-08 -1.18915e-05 -2.68764e-05 -4.58467e-05 -9.19804e-05 0 1.88305e-05 8.14716e-05 1.70367e-06 3.98811e-05 6.13689e-05 0 -2.55192e-06 -5.27961e-05 4.48222e-05 0 0 -2.03799e-05 3.34651e-05 6.20767e-05 8.92914e-05 0
internal_weight=4068 752 615 481 247 234 134 81 3316 185 164 3131 2999 192 132 2807 110 53 137 89 68 84
internal_count=4068 752 615 481 247 234 134 81 3316 185 164 3131 2999 192 132 2807 110 53 137 89 68 84
is_linear=0
shrinkage=0.03


Tree=158
num_leaves=21
num_cat=0
split_feature=31 24 31 27 25 36 26 20 22 27 36 27 34 26 22 24 36 29 22 0
split_gain=0.000125083 0.000624326 0.000459233 0.000248823 0.00022662 0.000156635 0.000558788 0.00203783 0.000494173 0.00141971 0.000404843 0.000364657 0.000844863 0.000551288 0.0005384 0.000519693 0.000533753 0.000129989 9.00515e-05 2.45762e-06
threshold=0.0326682004124711 6.5686686363868443 0.038830355186457728 0.99797936734332382 1.975417229296998 0.0022783350630390495 11.620576640874765 351.17000122070323 41.2564875664929 0.22986268850941002 0.0093149238236408614 0.62474223952731778 -0.0016863625761276977 9.527346363755461 56.404293110375122 13.82539475768875 -0.032199113138671638 77.777767877153437 49.880401110862579 219.57508087158206
decision_type=2 2 2 2 2 2 2 2 2 2 2 2 2 2 2 2 2 2 2 2
left_child=5 2 19 -4 -5 11 8 -8 10 -10 -7 15 14 -14 -13 16 -1 -3 -9 -2
right_child=1 17 3 4 -6 6 7 18 9 -11 -12 12 13 -15 -16 -17 -18 -19 -20 -21
leaf_value=-9.8594454633202516e-05 -9.2945277166349441e-05 0 0 0 0.00017113324394339244 7.1720920020773647e-05 0.00024408949235705727 -5.2774030057840595e-05 -0.00015123193327891239 1.5642204982215635e-07 0 0 6.4746360287454115e-06 -5.9707472085716021e-05 -0.00013717412146903418 0.0001334424586732514 3.7252438690975173e-06 -0.00019838401788859554 0 0
leaf_weight=47 26 23 43 26 21 152 41 29 57 1006 81 42 525 134 84 27 1623 20 40 21
leaf_count=47 26 23 43 26 21 152 41 29 57 1006 81 42 525 134 84 27 1623 20 40 21
internal_value=-5.63801e-08 -2.49571e-05 0 4.59272e-05 9.37528e-05 3.25456e-07 8.97506e-06 7.47187e-05 1.075e-06 -5.15282e-06 4.23478e-05 -3.36587e-06 -2.08551e-05 -2.43808e-06 -9.33102e-05 2.95736e-06 0 -0.000125059 0 -6.88488e-05
internal_weight=4068 180 137 90 47 3888 1406 110 1296 1063 233 2482 785 659 126 1697 1670 43 69 47
internal_count=4068 180 137 90 47 3888 1406 110 1296 1063 233 2482 785 659 126 1697 1670 43 69 47
is_linear=0
shrinkage=0.03


Tree=159
num_leaves=14
num_cat=0
split_feature=30 23 30 22 31 36 25 22 30 28 5 26 35
split_gain=0.000124699 0.000573828 0.000311176 0.000498724 0.000496738 0.00106755 0.000420052 0.00040816 0.000330494 0.000248576 0.000236179 0.000235542 0.000331763
threshold=9.6073461394145792 -1.2517083534272613 22.286073117350323 28.718251700743064 -0.011105637742214456 -0.0025000127156575517 -1.3277351416527383 33.468784848057005 15.751722019961667 177369422.50000003 7292326.5000000009 18.516852164655468 0.038221958574974353
decision_type=2 2 2 2 2 2 2 2 2 2 2 2 2
left_child=1 -1 4 10 5 9 7 -6 -8 -2 -4 12 -5
right_child=2 -3 3 11 6 -7 8 -9 -10 -11 -12 -13 -14
leaf_value=-0.00012521097033121737 0 0 0 -2.7879581789896927e-06 -9.5882450936889257e-05 0.00027108046446786769 0 0 4.9470634724496113e-05 6.7273065242991054e-05 -0.0001856120075307675 -7.6064464273408166e-05 3.3732305759869289e-05
leaf_weight=40 102 28 24 2973 59 22 114 147 204 56 20 37 242
leaf_count=40 102 28 24 2973 59 22 114 147 204 56 20 37 242
internal_value=-3.43772e-08 -4.05965e-05 0 -3.19916e-06 1.87041e-05 6.20485e-05 0 -2.92215e-05 2.52033e-05 1.38144e-05 -0.000104319 -9.05347e-07 0
internal_weight=4068 68 4000 3296 704 180 524 206 318 158 44 3252 3215
internal_count=4068 68 4000 3296 704 180 524 206 318 158 44 3252 3215
is_linear=0
shrinkage=0.03


Tree=160
num_leaves=21
num_cat=0
split_feature=31 24 21 31 27 25 28 25 33 3 33 33 21 36 31 35 34 0 34 27
split_gain=0.000125559 0.000597256 0.000443971 0.000432568 0.000236364 0.000208593 0.000159266 0.000706203 0.000689382 0.000562822 0.000455975 0.000349985 0.000349637 0.000663261 0.000899972 0.000298357 0.00036437 0.000281264 0.000278366 0.000111656
threshold=0.0326682004124711 6.5686686363868443 273.74166692097987 0.038830355186457728 0.99797936734332382 1.975417229296998 320597825.50000006 -0.10017498299363435 -0.009829611635280287 457.19999694824224 0.018577425229907133 -0.021830930726216665 269.38333282470711 -0.032199113138671638 -0.021144797494271447 0.03548721287194289 0.028650137337075558 225.15212249755862 0.069792555083144761 0.29425363839327312
decision_type=2 2 2 2 2 2 2 2 2 2 2 2 2 2 2 2 2 2 2 2
left_child=6 3 -3 -2 -5 -6 12 9 11 10 -8 -9 15 -14 -15 17 -17 -1 -10 -11
right_child=1 2 -4 4 5 -7 7 8 18 19 -12 -13 13 14 -16 16 -18 -19 -20 -21
leaf_value=3.2832599151876321e-06 -6.7482501065216149e-05 -0.00022304355544512604 0 0 0 0.00016512025836237231 0.00010556712813087821 0 0 -5.3494040961996761e-05 0 -0.0001720597849376543 -0.00018282282367132263 7.2107425919917776e-05 -2.4340276101928031e-05 7.8982296214638671e-05 0 -4.1321191066025468e-05 0.00010054854179854945 1.2307495087766501e-05
leaf_weight=2242 47 21 22 43 26 21 150 26 193 33 30 32 24 89 726 100 46 134 25 38
leaf_count=2242 47 21 22 43 26 21 150 26 193 33 30 32 24 89 726 100 46 134 25 38
internal_value=-5.28544e-08 -2.50028e-05 -0.000122817 0 4.40491e-05 9.07098e-05 3.31262e-07 1.62031e-05 -8.09849e-06 5.48652e-05 8.37224e-05 -0.00010457 -1.26527e-06 -1.86566e-05 -1.01199e-05 3.33137e-06 4.50501e-05 0 3.84934e-06 0
internal_weight=4068 180 43 137 90 47 3888 527 276 251 180 58 3361 839 815 2522 146 2376 218 71
internal_count=4068 180 43 137 90 47 3888 527 276 251 180 58 3361 839 815 2522 146 2376 218 71
is_linear=0
shrinkage=0.03


Tree=161
num_leaves=21
num_cat=0
split_feature=33 33 5 5 29 28 34 33 23 31 26 0 5 32 32 28 25 24 25 31
split_gain=0.000124916 0.000372167 0.000336508 0.000518091 0.000634139 0.000594866 0.000464444 0.000323251 0.000272752 0.000234302 0.000214241 0.000225187 0.000213572 0.000492539 0.0011016 0.000265304 0.000253848 0.000874448 0.000379991 0.000204075
threshold=-0.033463896211940174 -0.029873305232616273 8223736.5000000009 15127467.000000002 8.6525967258960659 172503788.50000003 -0.077820011197215641 -0.045081004107045013 6.583255803372837 -0.014308197483084649 2.7350387466873074 260.39839172363287 8396371.5000000019 -0.0043980389599939098 -0.015116755989580176 250140616.50000003 -0.16145042130048412 14.43540691585528 0.080735989693933502 -0.011105637742214456
decision_type=2 2 2 2 2 2 2 2 2 2 2 2 2 2 2 2 2 2 2 2
left_child=2 10 6 4 -4 -5 -1 9 -6 -8 -2 -12 16 14 -14 -15 17 -3 -18 -9
right_child=1 12 3 5 8 -7 7 19 -10 -11 11 -13 13 15 -16 -17 18 -19 -20 -21
leaf_value=-0.00019575402905135897 0 6.9783564922509082e-06 0 -0.00016613717886514927 0.00012844016053497969 0 0 0 0 8.5682599517813239e-05 0.00011440510890679434 0 0 9.9999081787141119e-06 -0.0002586966810434722 -4.5091833776116013e-05 -3.5095036553132458e-05 0.00019731108749409 3.0448846828902696e-07 -7.4203213078540551e-05
leaf_weight=20 22 1279 23 24 70 24 41 99 23 31 56 34 55 271 24 104 301 24 1450 93
leaf_count=20 22 1279 23 24 70 24 41 99 23 31 56 34 55 271 24 104 301 24 1450 93
internal_value=-6.19854e-08 1.02872e-06 -1.55685e-05 4.79034e-06 5.41339e-05 -5.19512e-05 -3.78822e-05 -1.44933e-05 9.89176e-05 1.55568e-05 5.49739e-05 7.68121e-05 0 -1.98065e-05 -8.86354e-05 0 2.1465e-06 1.28012e-05 -4.0692e-06 -4.13812e-05
internal_weight=4068 3620 448 164 116 48 284 264 93 72 112 90 3508 454 79 375 3054 1303 1751 192
internal_count=4068 3620 448 164 116 48 284 264 93 72 112 90 3508 454 79 375 3054 1303 1751 192
is_linear=0
shrinkage=0.03


Tree=162
num_leaves=21
num_cat=0
split_feature=33 33 5 5 29 28 34 27 33 31 26 0 5 22 34 28 25 24 25 31
split_gain=0.000121548 0.000349173 0.000317943 0.000474306 0.000607469 0.000564842 0.000430454 0.000402516 0.000305837 0.000222013 0.000205003 0.000209407 0.000202405 0.0014744 0.00120409 0.000559151 0.000240147 0.000820513 0.000358325 0.000189238
threshold=-0.033463896211940174 -0.029873305232616273 8223736.5000000009 15127467.000000002 8.6525967258960659 172503788.50000003 -0.077820011197215641 0.30493904374393599 -0.045081004107045013 -0.014308197483084649 2.7350387466873074 260.39839172363287 8396371.5000000019 47.754179966952201 -0.031878292384289013 254008527.50000003 -0.16145042130048412 14.43540691585528 0.080735989693933502 -0.011105637742214456
decision_type=2 2 2 2 2 2 2 2 2 2 2 2 2 2 2 2 2 2 2 2
left_child=2 10 6 4 -4 -5 -1 -6 9 -8 -2 -12 16 14 -14 -15 17 -3 -18 -10
right_child=1 12 3 5 7 -7 8 -9 19 -11 11 -13 13 15 -16 -17 18 -19 -20 -21
leaf_value=-0.0001899106259138059 0 6.7690224898339764e-06 0 -0.00016117374853258061 0.00013589169516414122 0 0 0 0 8.31203888338119e-05 0.00011097907263631209 0 0 2.7412304763589129e-05 -0.00025683418974759009 -5.114032733318107e-05 -3.404253486974364e-05 0.00019141631651475551 2.953545546321768e-07 -7.1979507071600783e-05
leaf_weight=20 22 1279 23 24 66 24 41 27 99 31 56 34 31 269 39 115 301 24 1450 93
leaf_count=20 22 1279 23 24 66 24 41 27 99 31 56 34 31 269 39 115 301 24 1450 93
internal_value=-5.16667e-08 1.01416e-06 -1.53572e-05 3.87562e-06 5.18107e-05 -4.94644e-05 -3.70205e-05 9.60204e-05 -1.40111e-05 1.44516e-05 5.32594e-05 7.46789e-05 0 -1.92656e-05 -0.000146061 0 2.11174e-06 1.24867e-05 -3.89579e-06 -4.03035e-05
internal_weight=4068 3620 448 164 116 48 284 93 264 72 112 90 3508 454 70 384 3054 1303 1751 192
internal_count=4068 3620 448 164 116 48 284 93 264 72 112 90 3508 454 70 384 3054 1303 1751 192
is_linear=0
shrinkage=0.03


Tree=163
num_leaves=24
num_cat=0
split_feature=21 20 35 24 19 0 24 5 35 35 35 0 26 5 24 32 27 30 21 21 27 31 26
split_gain=0.000119772 0.000363213 0.000825662 0.0016998 0.000523003 0.000336272 0.000719647 0.000665708 0.000308752 0.000308571 0.000258733 0.000398746 0.00021177 0.00036486 0.00026492 0.000207085 0.000320432 0.000212388 0.000208964 0.000367908 0.00033898 0.000167471 3.30747e-06
threshold=245.35499992370606 289.46499862670902 0.046508282606670649 -6.3035811327951654 290.10000610351568 225.15212249755862 1.8586317530744185 5542946.0000000009 0.020363532682990324 0.03548721287194289 0.054991415128787656 349.20295715332037 4.1093305399594069 8023406.0000000009 3.6749210147010785 0.016475600729772725 0.57299976227614235 83.725378100560278 172.52749951680502 128.18499959309898 0.82801720816610491 0.020114029483982779 2.9856326666792712
decision_type=2 2 2 2 2 2 2 2 2 2 2 2 2 2 2 2 2 2 2 2 2 2 2
left_child=9 2 5 -4 8 6 -2 -7 -3 15 11 -6 22 -14 -15 18 21 -18 19 -1 -20 -17 -11
right_child=1 4 3 -5 10 7 -8 -9 -10 12 -12 -13 13 14 -16 16 17 -19 20 -21 -22 -23 -24
leaf_value=1.5960768881357718e-05 -1.2138033533773565e-05 0.00018847656338608057 0 -0.00031052472239542355 -2.5146962315419123e-05 -8.7957487655779878e-05 9.1185007499784094e-05 0 0 0 7.1410684574060751e-05 7.7117391741924215e-06 0 0.00014195789176889162 0 -9.1732870212255061e-05 1.2301954256673542e-05 -4.8294926242324676e-05 2.68531343775129e-05 -2.3506059180557385e-05 -1.5318243567051132e-05 0 -9.6297912706542597e-06
leaf_weight=341 327 21 20 27 562 124 72 77 27 23 39 624 23 53 42 69 198 69 694 453 130 21 32
leaf_count=341 327 21 20 27 562 124 72 77 27 23 39 624 23 53 42 69 198 69 694 453 130 21 32
internal_value=-3.91983e-08 -6.15902e-06 -2.48169e-05 -0.000151658 9.68546e-07 -9.85817e-06 0 -4.23669e-05 9.90251e-05 4.03448e-06 -4.32661e-07 -5.33025e-06 4.25011e-05 6.52794e-05 9.35145e-05 0 -1.99663e-05 0 5.21567e-06 -2.77846e-06 1.65585e-05 -6.91431e-05 0
internal_weight=4068 1920 647 47 1273 600 399 201 48 2148 1225 1186 173 118 95 1975 357 267 1618 794 824 90 55
internal_count=4068 1920 647 47 1273 600 399 201 48 2148 1225 1186 173 118 95 1975 357 267 1618 794 824 90 55
is_linear=0
shrinkage=0.03


Tree=164
num_leaves=22
num_cat=0
split_feature=26 3 3 36 26 2 35 28 32 5 35 21 29 29 29 30 26 26 36 3 29
split_gain=0.00011863 0.000335718 0.000981901 0.000522569 0.000573721 0.000414021 0.000381343 0.000483763 0.000333447 0.000276894 0.000235238 0.000149056 0.000170848 0.000339 0.000123416 0.00014013 0.000116766 0.000116293 0.000203164 7.29576e-05 2.56246e-06
threshold=3.1147343321262988 147.55000305175784 120.54999923706056 -0.013211585103394773 3.5679106106597627 173.65000152587893 0.010094400911118606 241707822.00000003 0.018542155381763962 3021228.0000000005 0.017124895255674722 120.53166681925457 63.762714295583322 77.410679905023386 12.32169131281818 11.593824146808512 2.3078605855760119 2.60982334807492 0.00082373077055962116 167.65000152587893 82.616386292167036
decision_type=2 2 2 2 2 2 2 2 2 2 2 2 2 2 2 2 2 2 2 2 2
left_child=11 2 -2 -4 -5 8 7 -7 10 -8 -3 17 14 16 15 -13 -14 -1 -19 -16 -15
right_child=1 5 3 4 -6 6 9 -9 -10 -11 -12 12 13 20 19 -17 -18 18 -20 -21 -22
leaf_value=0 4.9751542791617681e-05 0 0 0 -0.00018509273151282203 -0.00010069759644799925 2.1766310145868827e-05 0 0 -5.0534104957645025e-06 0.00013441093372786121 0 0 0 -1.2034244998395563e-05 7.7886279723595082e-05 8.9994925277863937e-05 0 -0.00010642789402656382 9.1738358998860422e-06 4.7526655541210677e-06
leaf_weight=56 34 39 30 38 62 80 403 49 26 2280 47 29 36 53 362 39 92 27 27 157 102
leaf_count=56 34 39 30 38 62 80 403 49 26 2280 47 29 36 53 362 39 92 27 27 157 102
internal_value=0 -3.5763e-06 -4.56209e-05 -9.36428e-05 -0.000126868 -1.90687e-07 -3.4576e-06 -5.40267e-05 5.50003e-05 0 8.61628e-05 8.28469e-06 1.44617e-05 3.44373e-05 0 4.03862e-05 7.07293e-05 -1.32905e-05 -4.78969e-05 0 0
internal_weight=4068 3088 164 130 100 2924 2812 129 112 2683 86 980 870 283 587 68 128 110 54 519 155
internal_count=4068 3088 164 130 100 2924 2812 129 112 2683 86 980 870 283 587 68 128 110 54 519 155
is_linear=0
shrinkage=0.03


Tree=165
num_leaves=21
num_cat=0
split_feature=31 24 31 21 28 36 26 20 2 28 36 28 26 20 5 0 33 33 23 0
split_gain=0.000116737 0.000557646 0.00040224 0.000400649 0.000238685 0.000153358 0.000518797 0.00192008 0.000474454 0.000610743 0.000342524 0.000260797 0.000806615 0.000620716 0.000584005 0.000599137 0.000362504 0.000154326 4.81634e-05 3.46393e-06
threshold=0.0326682004124711 6.5686686363868443 0.038830355186457728 273.74166692097987 188905619.00000003 0.0022783350630390495 11.620576640874765 351.17000122070323 274.10000610351568 297631915.50000006 0.0045641169534004567 247569356.00000003 6.3114297582686616 286.15500183105473 7240921.5000000009 229.90200805664065 -0.010767904000596571 -0.040210735238121735 2.558202976020127 219.57508087158206
decision_type=2 2 2 2 2 2 2 2 2 2 2 2 2 2 2 2 2 2 2 2
left_child=5 2 19 -3 -4 11 8 -8 10 -10 -7 12 17 -14 16 -16 -13 -1 -9 -2
right_child=1 3 4 -5 -6 6 7 18 9 -11 -12 14 13 -15 15 -17 -18 -19 -20 -21
leaf_value=-3.6168206614725617e-05 -8.7938848963200003e-05 -0.00021405813881484771 0 0 0.00010687994925633038 5.267062682290552e-05 0.00023687598564401592 -3.1713292824067687e-05 -6.1938018944692836e-05 4.3161410680607001e-07 1.3784983388371793e-06 -3.6787528860009326e-05 -8.532781575355614e-05 -3.3202013477694815e-06 0 0.00011979770384273712 1.6604981117568704e-05 4.6086284944387e-06 0 0
leaf_weight=85 26 21 57 22 33 188 41 43 199 200 709 178 200 291 41 80 309 1298 26 21
leaf_count=85 26 21 57 22 33 188 41 43 199 200 709 178 200 291 41 80 309 1298 26 21
internal_value=0 -2.40713e-05 0 -0.000118599 4.25721e-05 4.26663e-07 8.9731e-06 7.24589e-05 1.26483e-06 -2.31659e-05 1.54775e-05 -3.20622e-06 -9.67721e-06 -4.28438e-05 1.18038e-05 7.09922e-05 0 0 0 -6.49547e-05
internal_weight=4068 180 137 43 90 3888 1406 110 1296 399 897 2482 1874 491 608 121 487 1383 69 47
internal_count=4068 180 137 43 90 3888 1406 110 1296 399 897 2482 1874 491 608 121 487 1383 69 47
is_linear=0
shrinkage=0.03


Tree=166
num_leaves=26
num_cat=0
split_feature=26 5 34 24 32 22 24 24 34 26 34 5 3 28 22 34 31 30 19 31 23 21 19 24 26
split_gain=0.000121399 0.000508503 0.000627376 0.000632771 0.0016429 0.00043613 0.000377839 0.000297417 0.000522589 0.000879097 0.000581969 0.000588181 0.000433915 0.000344456 0.000781383 0.00033241 0.000466125 0.000282289 0.000246154 0.000212829 0.0002121 0.000189895 0.000162956 0.000133146 8.4969e-05
threshold=9.527346363755461 3247502.5000000005 -0.041367206885864254 0.69633807024300121 0.00091964734736182951 52.788665845454723 -10.728583505704743 1.4423073361801844 0.030007867727394947 3.0062015438381624 0.012567984293987091 2984495.5000000005 253.70000457763675 216637643.50000003 53.651240770319681 0.0022560351653598825 0.00072280466402885335 53.750409503441112 418.54000244140633 -0.0045335738742523493 3.9480429763223417 342.34999847412115 460.23999938964852 0.39912831059257087 11.431087175596803
decision_type=2 2 2 2 2 2 2 2 2 2 2 2 2 2 2 2 2 2 2 2 2 2 2 2 2
left_child=7 21 5 6 -5 24 -4 8 10 23 12 -12 -1 15 18 20 -17 -16 -15 -11 -9 -2 -23 -10 -3
right_child=1 2 3 4 -6 -7 -8 13 9 19 11 -13 -14 14 17 16 -18 -19 -20 -21 -22 22 -24 -25 -26
leaf_value=2.2018742961486632e-06 0 -3.2287777084639608e-05 -8.0829451201550116e-05 -0.00015842348556982524 0 0.00014302637374389394 1.8181447556148532e-05 0 4.272932730635976e-05 0 -3.6848130720285576e-06 6.3130618373763152e-05 -3.3067505209707538e-05 0.00012135163969837008 -3.8515941077458412e-05 6.6231137854661751e-05 0 2.5752357907151294e-05 0 -8.3537303826674685e-05 -7.0256581073970217e-05 8.9560346215602089e-05 0 0 1.8098197501511814e-05
leaf_weight=1169 21 55 44 119 161 21 157 249 77 45 80 257 381 101 75 134 201 215 26 208 65 57 59 33 58
leaf_count=1169 21 55 44 119 161 21 157 249 77 45 80 257 381 101 75 134 201 215 26 208 65 57 59 33 58
internal_value=0 -1.14342e-05 -2.59918e-05 -4.42276e-05 -7.34367e-05 1.70791e-05 0 1.81539e-06 -3.30497e-06 -3.67514e-05 1.54094e-06 3.83736e-05 -4.53378e-06 1.54362e-05 3.67734e-05 0 2.2439e-05 0 9.98536e-05 -7.05758e-05 -2.03787e-05 3.20053e-05 5.17849e-05 1.37902e-05 0
internal_weight=4068 752 615 481 280 134 201 3316 2250 363 1887 337 1550 1066 417 649 335 290 127 253 314 137 116 110 113
internal_count=4068 752 615 481 280 134 201 3316 2250 363 1887 337 1550 1066 417 649 335 290 127 253 314 137 116 110 113
is_linear=0
shrinkage=0.03


Tree=167
num_leaves=15
num_cat=0
split_feature=30 23 29 30 29 23 25 29 26 26 28 35 28 29
split_gain=0.000113768 0.000537844 0.000344437 0.000839688 0.000643396 0.000548919 0.000429887 0.000463946 0.000390097 0.000369512 0.000313349 0.000184443 0.000160124 3.28125e-05
threshold=9.6073461394145792 -1.2517083534272613 13.284234433958884 17.356421457860048 14.512260540673696 1.0724440075871373 -0.4077890724672581 9.0524970960783708 18.516852164655468 3.1963004671444963 147381651.50000003 0.038221958574974353 333022842.00000006 9.6986287079173277
decision_type=2 2 2 2 2 2 2 2 2 2 2 2 2 2
left_child=1 -1 3 6 10 9 7 -2 11 -5 -4 -6 -10 -7
right_child=2 -3 4 5 8 13 -8 -9 12 -11 -12 -13 -14 -15
leaf_value=-0.0001209324010052112 0 0 -0.00015538610760161233 0 -9.4766320028117946e-08 0 0 0.00013604776079790992 0 -0.00011484764905865817 0 2.4600692356158839e-05 -0.00015639802611280065 6.895250533465536e-05
leaf_weight=40 41 28 36 23 3325 21 27 100 20 57 27 280 20 23
leaf_count=40 41 28 36 23 3325 21 27 100 20 57 27 280 20 23
internal_value=0 -3.87751e-05 2.37851e-08 3.20175e-05 -1.68743e-06 -7.43312e-06 7.89694e-05 0.000100854 0 -7.24622e-05 -9.66651e-05 9.91802e-07 -9.3096e-05 4.26706e-05
internal_weight=4068 68 4000 292 3708 124 168 141 3645 80 63 3605 40 44
internal_count=4068 68 4000 292 3708 124 168 141 3645 80 63 3605 40 44
is_linear=0
shrinkage=0.03


Tree=168
num_leaves=23
num_cat=0
split_feature=26 5 34 33 32 29 35 36 25 2 5 25 25 2 29 34 29 34 33 29 19 33
split_gain=0.000111552 0.000478557 0.000595481 0.00106382 0.00073205 0.000573873 0.000496619 0.00106082 0.000298207 0.00034795 0.000389866 0.000301499 0.000533953 0.000568815 0.000469529 0.000294795 0.000263573 0.000203879 0.000202603 0.000213292 0.000108869 4.91301e-05
threshold=9.527346363755461 3247502.5000000005 -0.041367206885864254 0.014683102500100966 -1.0000000180025095e-35 84.951030858390268 0.030331795284519601 -0.021089013240499981 2.0506905148528252 189.94999694824222 5957625.0000000009 -2.3918279557443807 -1.5861031489831081 340.19999694824224 36.810552881599087 0.08533953934678952 23.283475471604799 -0.057746288264576111 0.0029873530981945344 18.687416659000085 464.97999877929698 0.025615711733064876
decision_type=2 2 2 2 2 2 2 2 2 2 2 2 2 2 2 2 2 2 2 2 2 2
left_child=8 18 6 4 -4 -5 17 -8 11 -10 21 14 13 -13 16 -14 -1 -3 19 -2 -21 -11
right_child=1 2 3 5 -6 -7 7 -9 9 10 -12 12 15 -15 -16 -17 -18 -19 -20 20 -22 -23
leaf_value=4.3797819621857493e-05 0 -9.5237578874178907e-05 -0.00012321697529778011 2.9174198726552963e-05 0 -8.0650023397625995e-05 0 0.0001755558574399729 0 2.5055234045571064e-05 0.00010845055457789711 -8.2871872541171544e-05 2.1775829095005866e-06 0 0.00017491697266853803 -7.1674296465254708e-05 -5.2689866940312497e-05 0 0 0.00011970357206412822 0 -1.592820128516668e-05
leaf_weight=80 21 22 165 178 82 56 35 46 21 61 80 147 2758 45 22 49 30 31 48 42 26 23
leaf_count=80 21 22 165 178 82 56 35 46 21 61 80 147 2758 45 22 49 30 31 48 42 26 23
internal_value=0 -1.09828e-05 -2.5195e-05 -4.30189e-05 -8.64745e-05 0 1.63976e-05 7.58067e-05 1.70832e-06 3.87587e-05 6.00233e-05 0 -2.43312e-06 -5.09316e-05 4.38146e-05 0 0 -1.7872e-05 3.09067e-05 5.92986e-05 8.61364e-05 0
internal_weight=4068 752 615 481 247 234 134 81 3316 185 164 3131 2999 192 132 2807 110 53 137 89 68 84
internal_count=4068 752 615 481 247 234 134 81 3316 185 164 3131 2999 192 132 2807 110 53 137 89 68 84
is_linear=0
shrinkage=0.03


Tree=169
num_leaves=17
num_cat=0
split_feature=31 24 31 21 28 27 5 25 19 29 35 25 35 23 31 0
split_gain=0.000114088 0.000533643 0.0003743 0.000373564 0.000217267 0.000160505 0.000293017 0.000700901 0.000512442 0.000426773 0.000398181 0.000797075 0.000283858 0.000208643 7.35634e-05 1.16079e-06
threshold=0.0326682004124711 6.5686686363868443 0.038830355186457728 273.74166692097987 188905619.00000003 1.0958797442397439 5992197.5000000009 2.0074655696293084 176.83000030517579 84.208304412062333 0.024594575177195908 -0.41646391700094365 0.018254792257765901 1.7518498771540438 0.021559764160802745 219.57508087158206
decision_type=2 2 2 2 2 2 2 2 2 2 2 2 2 2 2 2
left_child=5 2 15 -3 -4 6 10 8 -8 -9 12 -12 -1 -7 -15 -2
right_child=1 3 4 -5 -6 13 7 9 -10 -11 11 -13 -14 14 -16 -17
leaf_value=-3.4521779440498714e-06 -8.4670784390777687e-05 -0.00020862434936634382 0 0 0.00010229104776591346 0 4.8196050187110168e-05 0.00012854747978357982 -5.1833249713750086e-06 0 7.064657841982671e-06 -6.4686127337820759e-05 1.8752948822323413e-05 -0.00012881380585800891 0 0
leaf_weight=1724 26 21 57 22 33 25 195 77 669 43 167 256 686 23 23 21
leaf_count=1724 26 21 57 22 33 25 195 77 669 43 167 256 686 23 23 21
internal_value=0 -2.37833e-05 0 -0.00011622 4.09109e-05 4.55223e-07 2.044e-06 1.65362e-05 3.39647e-06 8.60813e-05 -1.93114e-06 -2.92735e-05 1.62421e-06 -4.26467e-05 -8.29357e-05 -6.28532e-05
internal_weight=4068 180 137 43 90 3888 3817 984 864 120 2833 423 2410 71 46 47
internal_count=4068 180 137 43 90 3888 3817 984 864 120 2833 423 2410 71 46 47
is_linear=0
shrinkage=0.03


Tree=170
num_leaves=23
num_cat=0
split_feature=26 5 34 24 32 32 24 25 22 28 34 26 36 34 5 33 34 32 24 25 5 24
split_gain=0.000105412 0.000458616 0.000442313 0.000825271 0.00169023 0.000512877 0.000269686 0.000743167 0.000632879 0.000795715 0.000490636 0.000831766 0.00055487 0.00083325 0.000563778 0.000436727 0.000328508 0.00029925 0.000259685 0.00024421 0.000168646 0.000127315
threshold=9.527346363755461 2302036.5000000005 -0.041367206885864254 0.10157965182830792 -0.0041528896541935248 -0.0061832890938230403 1.4423073361801844 1.3378256929896934 53.383957007286817 217781964.00000003 0.030007867727394947 3.0062015438381624 0.00082373077055962116 -0.083444739828477374 2825122.0000000005 0.05309997857533167 0.0022560351653598825 -0.0031637047782118728 8.7880840671839646 2.9603334779936641 8223736.5000000009 0.39912831059257087
decision_type=2 2 2 2 2 2 2 2 2 2 2 2 2 2 2 2 2 2 2 2 2 2
left_child=6 -2 18 5 -5 -4 10 8 9 -8 12 21 13 -1 -14 17 -10 -9 20 -13 -3 -12
right_child=1 2 3 4 -6 -7 7 15 16 -11 11 19 14 -15 -16 -17 -18 -19 -20 -21 -22 -23
leaf_value=-0.00018014603414861805 7.6930480618460649e-05 -4.2620952957234738e-05 7.6139091743723672e-05 -0.00015479008142454893 0 -1.785883271075921e-05 0 0 -4.3104748046483608e-05 9.8149940672991878e-05 4.1557916000454614e-05 -7.8279039033746206e-05 -1.1064484771374696e-05 -3.067747932977693e-06 4.0130325781832877e-05 0 0 0.00012611379362578685 8.2677248170893498e-05 0 3.2754344179612638e-05 0
leaf_weight=26 38 58 70 121 210 173 163 35 218 122 77 230 180 1134 547 37 393 98 39 23 43 33
leaf_count=26 38 58 70 121 210 173 163 35 218 122 77 230 180 1134 547 37 393 98 39 23 43 33
internal_value=0 -1.06809e-05 -1.95549e-05 -3.33257e-05 -6.45675e-05 0 1.65373e-06 1.46594e-05 3.0136e-07 4.01722e-05 -3.17516e-06 -3.55992e-05 1.47403e-06 -9.63791e-06 2.33291e-05 7.26532e-05 -1.33907e-05 9.84831e-05 1.54755e-05 -6.85739e-05 0 1.29882e-05
internal_weight=4068 752 714 574 331 243 3316 1066 896 285 2250 363 1887 1160 727 170 611 133 140 253 101 110
internal_count=4068 752 714 574 331 243 3316 1066 896 285 2250 363 1887 1160 727 170 611 133 140 253 101 110
is_linear=0
shrinkage=0.03


Tree=171
num_leaves=17
num_cat=0
split_feature=31 24 31 21 27 25 27 5 25 24 8 35 25 35 23 31
split_gain=0.000107589 0.000508105 0.000356138 0.000348181 0.00021554 0.000189242 0.000151773 0.000276611 0.000655533 0.00041646 0.000413754 0.000361108 0.000747711 0.000267823 0.000200753 6.33411e-05
threshold=0.0326682004124711 6.5686686363868443 0.038830355186457728 273.74166692097987 0.99797936734332382 1.975417229296998 1.0958797442397439 5992197.5000000009 2.0074655696293084 8.0472471313475182 1.0000000180025095e-35 0.024594575177195908 -0.41646391700094365 0.018254792257765901 1.7518498771540438 0.021559764160802745
decision_type=2 2 2 2 2 2 2 2 2 2 2 2 2 2 2 2
left_child=6 2 -2 -3 -4 -6 7 11 10 -10 -9 13 -13 -1 -8 -16
right_child=1 3 4 -5 5 -7 14 8 9 -11 -12 12 -14 -15 15 -17
leaf_value=-3.4277238553995154e-06 -6.1188612817667987e-05 -0.00020268712036633835 0 0 0 0.00015523771727810748 0 9.7818306704639375e-06 0.00013044387506879084 0 -0.00012230682252808959 6.8885861876697807e-06 -6.2318589924811036e-05 1.8148924435603977e-05 -0.00012484066364470286 0
leaf_weight=1724 47 21 43 22 26 21 25 844 71 49 20 167 256 686 23 23
leaf_count=1724 47 21 43 22 26 21 25 844 71 49 20 167 256 686 23 23
internal_value=0 -2.31085e-05 0 -0.00011332 4.00027e-05 8.47334e-05 4.10721e-07 1.97693e-06 1.60681e-05 8.33817e-05 3.2386e-06 -1.85891e-06 -2.791e-05 1.46975e-06 -4.14799e-05 -8.10735e-05
internal_weight=4068 180 137 43 90 47 3888 3817 984 120 864 2833 423 2410 71 46
internal_count=4068 180 137 43 90 47 3888 3817 984 120 864 2833 423 2410 71 46
is_linear=0
shrinkage=0.03


Tree=172
num_leaves=23
num_cat=0
split_feature=30 32 22 24 33 5 22 5 5 32 1 31 34 31 27 27 30 28 32 36 36 25
split_gain=0.000105168 0.000616993 0.000484641 0.000347911 0.000286228 0.000491313 0.00103428 0.00154015 0.000366955 0.000373731 0.000383489 0.000354364 0.000350808 0.000380743 0.000293283 0.000273214 0.000242202 0.000267417 0.000235028 2.19267e-05 9.13368e-05 6.03987e-06
threshold=85.655778423565195 0.0092861184828840777 71.513098316121997 1.2229843106001737 0.011681944588277539 3374485.5000000005 67.5922717109122 8347800.5000000009 2966202.5000000005 0.016475600729772725 374.69999694824224 0.013773231635160534 0.027726296947402477 -0.0060401995659340449 0.7249086241529018 0.24654260873179024 73.801020258109233 261528040.50000003 0.0016866071907066795 0.015577720267966779 -0.0044045693817097225 1.3944696691236387
decision_type=2 2 2 2 2 2 2 2 2 2 2 2 2 2 2 2 2 2 2 2 2 2
left_child=4 3 -3 21 5 12 15 -8 16 11 -11 -10 13 -1 -14 -7 17 -6 -5 20 -4 -2
right_child=1 2 19 18 8 6 7 -9 9 10 -12 -13 14 -15 -16 -17 -18 -19 -20 -21 -22 -23
leaf_value=-2.4589407051743496e-05 0 -0.00013508354629054921 0 0 -7.8853916154497777e-05 -2.1300848397642791e-05 -0.00023140786320400441 0 6.0394376604751146e-05 1.8477519750486156e-05 -3.8315505721331648e-05 0 0 1.7389339935723219e-05 0.00014700038368905082 5.0693042343671791e-07 0 0 0.00014507938949819438 0 -6.2495117027569415e-05 -1.5683351337437708e-05
leaf_weight=235 30 58 20 23 85 755 48 21 310 484 124 68 20 706 32 891 26 23 26 35 26 22
leaf_count=235 30 58 20 23 85 755 48 21 310 484 124 68 20 706 32 891 26 23 26 35 26 22
internal_value=0 -1.97255e-05 -6.69778e-05 1.56333e-05 5.66657e-07 -3.86613e-06 -1.44009e-05 -0.000131208 1.39622e-05 2.20197e-05 1.95694e-06 4.63464e-05 1.13072e-05 3.71655e-06 9.08161e-05 -7.67423e-06 -2.2927e-05 -5.16581e-05 8.29483e-05 0 -2.06899e-05 0
internal_weight=4068 240 139 101 3828 2708 1715 69 1120 986 608 378 993 941 52 1646 134 108 49 81 46 52
internal_count=4068 240 139 101 3828 2708 1715 69 1120 986 608 378 993 941 52 1646 134 108 49 81 46 52
is_linear=0
shrinkage=0.03


Tree=173
num_leaves=22
num_cat=0
split_feature=31 24 31 21 28 28 0 33 29 21 20 3 28 35 34 30 30 0 31 25 0
split_gain=0.000101621 0.000480269 0.000335066 0.000327468 0.000202346 0.000140754 0.000675377 0.000378345 0.00160459 0.00027312 0.000489475 0.00132952 0.00116632 0.000269847 0.00033963 0.000251292 0.000311923 0.000239606 0.000174773 8.15967e-05 2.93147e-06
threshold=0.0326682004124711 6.5686686363868443 0.038830355186457728 273.74166692097987 188905619.00000003 320597825.50000006 399.38139343261724 -0.012563345632644328 18.860858144209733 269.38333282470711 287.66500015258799 250.29999542236331 154952753.50000003 0.03548721287194289 0.028650137337075558 48.215661787293115 74.44573579041564 225.15212249755862 0.0082220877266542276 -0.115574080576049 219.57508087158206
decision_type=2 2 2 2 2 2 2 2 2 2 2 2 2 2 2 2 2 2 2 2 2
left_child=5 2 20 -3 -4 9 15 8 -8 13 11 -11 -12 17 -15 19 -17 -1 -9 -7 -2
right_child=1 3 4 -5 -6 6 7 18 -10 10 12 -13 -14 14 -16 16 -18 -19 -20 -21 -22
leaf_value=2.817050233473651e-06 -8.0315442862866922e-05 -0.00019686316660554609 0 0 9.8008725601280084e-05 0.00011398294848323146 2.0657020667418114e-05 3.0484272827597118e-05 -0.00020358034502600077 1.0784051431103422e-05 9.6169199543456039e-05 -0.00013623857016888699 -2.0203679612861348e-05 7.5469235052551416e-05 0 -2.9155206770165538e-06 7.4974584733386945e-05 -3.8411074338305817e-05 -1.8765946170010207e-05 0 0
leaf_weight=2242 26 21 57 22 33 78 31 143 43 52 87 100 600 100 46 92 50 134 69 21 21
leaf_count=2242 26 21 57 22 33 78 31 143 43 52 87 100 600 100 46 92 50 134 69 21 21
internal_value=0 -2.24499e-05 0 -0.000110158 3.88283e-05 4.21041e-07 1.53281e-05 -7.22232e-06 -6.92561e-05 -1.02418e-06 -1.64742e-05 -6.62435e-05 -1.08847e-06 2.92658e-06 4.25459e-05 5.4524e-05 3.43214e-06 0 3.09159e-07 9.74574e-05 -5.9317e-05
internal_weight=4068 180 137 43 90 3888 527 286 74 3361 839 152 687 2522 146 241 142 2376 212 99 47
internal_count=4068 180 137 43 90 3888 527 286 74 3361 839 152 687 2522 146 241 142 2376 212 99 47
is_linear=0
shrinkage=0.03


Tree=174
num_leaves=15
num_cat=0
split_feature=5 1 0 20 24 24 5 34 28 24 20 31 24 36
split_gain=9.93455e-05 0.000610274 0.000728492 0.000576979 0.000427688 0.000502403 0.000276861 0.000195957 0.000273547 0.000829112 0.000322456 0.000287722 8.88069e-05 8.3624e-05
threshold=11213305.000000002 333.10000610351568 229.90200805664065 361.21499938964848 -1.2210625726311009 -5.8272645840112727 14702567.000000002 -0.091977256895321588 -67234916.999999985 -2.9918100913046026 118.30250015258791 -0.012809660730515258 0.49398247725565769 -0.0078654515537678934
decision_type=2 2 2 2 2 2 2 2 2 2 2 2 2 2
left_child=7 2 4 -3 5 -2 -4 -1 9 -9 -10 -12 -6 -11
right_child=1 3 6 -5 12 -7 -8 8 10 13 11 -13 -14 -15
leaf_value=-7.7104989355051971e-05 0 -0.00019593105503695201 0 0 4.0553320880045756e-05 -0.00019233437917571869 0.00018001632054326627 0.0002239165311234433 -8.5701393828455766e-05 3.8214664798398301e-05 2.0509763456409436e-05 -2.1017811493561613e-06 -9.5544238466315917e-06 0
leaf_weight=27 27 30 26 32 42 25 25 20 39 53 593 2828 117 184
leaf_count=27 27 30 26 32 42 25 25 20 39 53 593 2828 117 184
internal_value=0 -1.63822e-05 0 -0.000101219 -2.08113e-05 -9.56189e-05 0.000105078 8.05632e-07 2.18071e-06 3.20363e-05 0 9.41304e-07 0 3.10343e-06
internal_weight=4068 324 262 62 211 52 51 3744 3717 257 3460 3421 159 237
internal_count=4068 324 262 62 211 52 51 3744 3717 257 3460 3421 159 237
is_linear=0
shrinkage=0.03


Tree=175
num_leaves=16
num_cat=0
split_feature=30 23 29 30 29 24 35 24 24 25 35 35 24 30 29
split_gain=9.92706e-05 0.000505473 0.000323139 0.000793689 0.000610001 0.000386806 0.000876062 0.000296332 0.000725837 0.000276334 0.000214043 0.000165249 0.00016197 0.000332352 0.000236721
threshold=9.6073461394145792 -1.2517083534272613 13.284234433958884 14.589330923796107 14.512260540673696 18.550050136727382 0.032997654828626412 -0.17716968368855884 -2.5224144694418529 -0.43234233965905194 0.038221958574974353 0.013602358252978931 0.39912831059257087 17.356421457860048 9.0524970960783708
decision_type=2 2 2 2 2 2 2 2 2 2 2 2 2 2 2
left_child=1 -1 3 9 7 10 -7 8 -4 11 -6 -2 13 -5 -14
right_child=2 -3 4 12 5 6 -8 -9 -10 -11 -12 -13 14 -15 -16
leaf_value=-0.00011650194478844827 0 0 0 0 -7.2908148700013373e-08 0 -0.00021233984281898444 0 -0.00027121205049664225 0 2.6600540315731978e-05 0.00013270745731278102 0 -7.7503235760824173e-05 7.4211179819686618e-05
leaf_weight=40 22 28 22 31 3315 26 25 21 20 21 279 79 26 69 44
leaf_count=40 22 28 22 31 3315 26 25 21 20 21 279 79 26 69 44
internal_value=0 -3.622e-05 3.06384e-08 3.1033e-05 -1.60249e-06 0 -8.19597e-05 -9.40819e-05 -0.000140005 9.03005e-05 1.16372e-06 0.000110941 0 -3.40344e-05 2.06262e-05
internal_weight=4068 68 4000 292 3708 3645 51 63 42 122 3594 101 170 100 70
internal_count=4068 68 4000 292 3708 3645 51 63 42 122 3594 101 170 100 70
is_linear=0
shrinkage=0.03


Tree=176
num_leaves=24
num_cat=0
split_feature=33 33 32 25 24 24 34 26 34 5 5 28 32 34 33 22 36 25 32 25 21 33 34
split_gain=9.77318e-05 0.000348024 0.000436308 0.000444806 0.000370677 0.000365826 0.000423654 0.000355316 0.000336155 0.000274753 0.000421591 0.000530879 0.000515214 0.000385459 0.000273779 0.000254553 0.000252454 0.000236621 0.00018564 0.000154776 0.000144262 0.000142151 0.000120785
threshold=-0.033463896211940174 -0.024422007562937605 -0.017682686206896 -0.16145042130048412 -10.728583505704743 -4.241157032804149 -0.0016863625761276977 13.36276498518602 0.029580854222033052 8223736.5000000009 15127467.000000002 172503788.50000003 -0.037708428593073988 -0.077820011197215641 -0.045081004107045013 42.309553496397847 -0.0064721747839757747 0.1371626227732812 -0.024238931259236925 -2.0042405138749229 253.4283335367839 -0.052991664392439845 -0.043062047497953553
decision_type=2 2 2 2 2 2 2 2 2 2 2 2 2 2 2 2 2 2 2 2 2 2 2
left_child=9 2 16 -4 7 8 -7 17 -6 13 12 -12 15 -1 21 -11 20 -3 -14 -16 -2 -15 -18
right_child=1 4 3 -5 5 6 -8 -9 -10 10 11 -13 18 14 19 -17 22 -19 -20 -21 -22 -23 -24
leaf_value=-0.00017848343414657593 0 -0.00017276851220306044 0.0001183499440073369 0 4.6691675919550362e-05 -1.8366607099423112e-05 4.6780275420306017e-06 0 0 0.00015592350319528397 -0.00015471485436650541 0 -6.900209962312476e-05 0 0 0 0 0 3.4416091290312505e-05 -4.9889110739869351e-05 6.9088799261876613e-05 5.5253233015018211e-05 -7.327019354612663e-05
leaf_weight=20 63 29 79 33 278 1089 1800 20 96 40 24 24 28 25 29 20 21 20 28 163 49 47 43
leaf_count=20 63 29 79 33 278 1089 1800 20 96 40 24 24 28 25 29 20 21 20 28 163 49 47 43
internal_value=0 1.04569e-06 3.30623e-05 7.94498e-05 -8.22233e-07 0 -2.97053e-06 -6.97174e-05 2.84947e-05 -1.36916e-05 3.29125e-06 -4.53866e-05 4.92953e-05 -3.40559e-05 -1.16916e-05 0.000111399 0 -0.000115556 0 -3.72566e-05 3.05366e-05 1.48298e-05 -4.37474e-05
internal_weight=4068 3620 288 112 3332 3263 2889 69 374 448 164 48 116 284 264 60 176 49 56 192 112 72 64
internal_count=4068 3620 288 112 3332 3263 2889 69 374 448 164 48 116 284 264 60 176 49 56 192 112 72 64
is_linear=0
shrinkage=0.03


Tree=177
num_leaves=24
num_cat=0
split_feature=26 3 3 23 20 3 35 24 22 32 5 5 27 23 23 34 24 35 31 25 31 24 31
split_gain=9.98383e-05 0.000303283 0.000931666 0.000410258 0.000995863 0.000323603 0.000282059 0.000433205 0.000285832 0.000148218 0.000299957 0.000244068 0.000177461 0.000139094 0.000464502 0.000134045 0.000361108 0.000129131 7.18604e-05 6.61343e-05 6.15257e-05 5.193e-05 3.83312e-05
threshold=3.1147343321262988 147.55000305175784 120.54999923706056 1.8807571995773176 141.09750099182131 166.65000152587893 0.010094400911118606 3.1188737696664179 34.956794709735405 0.0023942918861812328 2799599.5000000005 3477946.0000000005 0.30104786296418889 -1.1803765118530831 1.3399869887442153 -0.039456583951457784 -0.052323076436772496 0.01733041387178735 -0.01070178400876237 0.49720013775484462 -0.0054966994342979794 -2.5224144694418529 0.0039904585764163345
decision_type=2 2 2 2 2 2 2 2 2 2 2 2 2 2 2 2 2 2 2 2 2 2 2
left_child=9 2 -2 4 -4 17 7 -7 -8 11 12 18 -11 21 -15 -13 -17 -3 -1 -14 -5 -12 -20
right_child=1 5 3 20 -6 6 8 -9 -10 10 13 15 19 14 -16 16 -18 -19 22 -21 -22 -23 -24
leaf_value=0 4.9190870756754517e-05 0 -0.0002503883360126972 2.8635099123556477e-06 0 -7.8587363138903128e-05 -2.8715434227671315e-05 0 2.9613640249449094e-06 0 0 4.1914704535221808e-05 -8.5664230455860922e-05 6.5586939682927395e-05 0 -7.0681342191423902e-05 0 9.2961996850018648e-05 4.3238300546504657e-05 0 -4.2126715719292585e-05 -3.591186416589317e-05 0
leaf_weight=25 34 23 37 22 40 107 286 30 2433 24 28 40 64 130 106 75 113 45 273 22 31 38 42
leaf_count=25 34 23 37 22 40 107 286 30 2433 24 28 40 64 130 106 75 113 45 273 22 31 38 42
internal_value=0 -3.19432e-06 -4.30739e-05 -9.02831e-05 -0.000136174 0 -2.49008e-06 -4.45057e-05 0 7.71551e-06 0 1.83715e-05 -4.77613e-05 7.89026e-06 2.44891e-05 0 -1.63351e-05 6.3377e-05 3.478e-05 -6.90796e-05 0 -6.0246e-06 3.887e-05
internal_weight=4068 3088 164 130 77 2924 2856 137 2719 980 412 568 110 302 236 228 188 68 340 86 53 66 315
internal_count=4068 3088 164 130 77 2924 2856 137 2719 980 412 568 110 302 236 228 188 68 340 86 53 66 315
is_linear=0
shrinkage=0.03


Tree=178
num_leaves=24
num_cat=0
split_feature=30 32 22 24 33 35 30 36 34 23 25 36 36 23 0 28 36 32 33 29 26 36 36
split_gain=0.00010007 0.000580744 0.000452108 0.000327184 0.000260294 0.000606368 0.000504211 0.000500232 0.000588067 0.000458238 0.000715201 0.000686002 0.000530101 0.000473794 0.000430538 0.000370271 0.000259097 0.000219422 9.28938e-05 6.33209e-05 3.42619e-05 2.07055e-05 8.56645e-05
threshold=85.655778423565195 0.0092861184828840777 71.513098316121997 1.2229843106001737 0.011681944588277539 0.018329998067869072 77.194158943803231 0.016735754678415701 0.022193017802482399 3.6510493205101544 -1.4451416365805982 0.006471030281338541 0.0088452747330917316 2.9916443004359086 196.94541168212893 218710541.50000003 -0.032199113138671638 0.0016866071907066795 0.078994317100845382 87.562444085632208 3.0952696633773251 0.015577720267966779 -0.0044045693817097225
decision_type=2 2 2 2 2 2 2 2 2 2 2 2 2 2 2 2 2 2 2 2 2 2 2
left_child=4 3 -3 20 9 6 15 8 -7 13 11 -11 -12 16 -15 -6 -1 -5 -9 -8 -2 22 -4
right_child=1 2 21 17 5 7 19 18 -10 10 12 -13 -14 14 -16 -17 -18 -19 -20 -21 -22 -23 -24
leaf_value=-7.8752921054535722e-05 0 -0.00013101198359652264 0 0 -5.0485197829656447e-05 0.0001017293345285675 5.7969537125397803e-05 4.0172781575248512e-06 1.0715655919979442e-05 8.222245536832539e-05 -7.4271826399451658e-05 -6.679781753738442e-05 0 0.00010996225226327677 0 0 0 0.00014016837823665001 -6.1613657220456545e-05 0 -3.200689443631524e-05 0 -6.0563465291313043e-05
leaf_weight=38 22 58 20 23 253 161 68 217 260 78 279 26 40 67 40 115 2140 26 21 25 30 35 26
leaf_count=38 22 58 20 23 253 161 68 217 260 78 279 26 40 67 40 115 2140 26 21 25 30 35 26
internal_value=0 -1.92006e-05 -6.51459e-05 1.43594e-05 6.35806e-07 1.34218e-05 -8.05472e-06 3.29963e-05 5.26615e-05 -3.54488e-06 -3.24629e-05 1.61206e-05 -5.77036e-05 4.96779e-07 6.29102e-05 -2.91063e-05 -1.19484e-06 8.01363e-05 0 4.29646e-05 0 0 -2.01055e-05
internal_weight=4068 240 139 101 3828 1120 461 659 421 2708 423 104 319 2285 107 368 2178 49 238 93 52 81 46
internal_count=4068 240 139 101 3828 1120 461 659 421 2708 423 104 319 2285 107 368 2178 49 238 93 52 81 46
is_linear=0
shrinkage=0.03


Tree=179
num_leaves=21
num_cat=0
split_feature=30 27 30 22 30 33 5 29 29 4 26 23 3 26 35 2 32 29 29 0
split_gain=9.72911e-05 0.000461265 0.000837894 0.000584724 0.000337341 0.000347973 0.000384056 0.000333969 0.000473812 0.000371965 0.000609404 0.00031207 0.000209761 0.000200753 0.00021715 0.000419537 0.000360389 0.000130323 0.000107189 6.82816e-05
threshold=22.286073117350323 0.0066207865314672791 35.334183254565396 30.484171769278152 18.454865139155057 -0.022964410638709683 4491128.0000000009 13.284234433958884 9.0524970960783708 353.50000000000006 4.3540555367774516 -6.4798853063778656 123.85000228881837 18.516852164655468 0.038221958574974353 377.69999694824224 0.027480693454715158 6.5688044992039307 25.528894157081023 391.42620849609381
decision_type=2 2 2 2 2 2 2 2 2 2 2 2 2 2 2 2 2 2 2 2
left_child=4 2 3 -2 7 6 -6 8 17 10 -9 -10 -7 14 16 -16 -3 -1 -14 -11
right_child=1 13 -4 -5 5 12 -8 9 11 19 -12 -13 18 -15 15 -17 -18 -19 -20 -21
leaf_value=0 -0.00028548296361111136 1.3070498345519987e-06 0 0 0 9.0401969946824089e-05 0.00013644626747491152 0 0 5.5650046260656598e-05 -9.2257502535690423e-05 8.324554823367564e-05 -3.6578664884562813e-05 -6.978560338861175e-05 5.3849247730441804e-05 -1.5961357315705261e-05 -3.1431899966868177e-05 -4.5723164051376408e-05 0 0
leaf_weight=40 21 2612 34 29 22 23 55 107 34 22 126 116 72 37 192 42 329 59 68 28
leaf_count=40 21 2612 34 29 22 23 55 107 34 22 126 116 72 37 192 42 329 59 68 28
internal_value=0 -2.70773e-06 -7.22745e-05 -0.000154339 9.06135e-06 3.90965e-05 9.39256e-05 0 2.03858e-05 -2.63827e-05 -4.74502e-05 5.90672e-05 0 0 0 2.85026e-05 -1.33627e-06 -7.95027e-06 0 1.18107e-05
internal_weight=4068 3296 84 50 772 240 77 532 249 283 233 150 163 3212 3175 234 2941 99 140 50
internal_count=4068 3296 84 50 772 240 77 532 249 283 233 150 163 3212 3175 234 2941 99 140 50
is_linear=0
shrinkage=0.03


Tree=180
num_leaves=22
num_cat=0
split_feature=5 33 33 30 1 25 22 33 33 21 28 30 36 36 27 20 5 29 5 20 29
split_gain=9.65327e-05 0.000349751 0.000703002 0.000485289 0.000415219 0.000698864 0.000383185 0.000785107 0.000330973 0.000511971 0.000389001 0.000368023 0.000299462 0.00056236 0.000273277 0.000343199 0.000330642 0.000260309 0.000243542 6.9574e-05 4.77005e-05
threshold=3374485.5000000005 0.0051226390846867984 0.0042373333984383485 85.655778423565195 479.19999694824224 -2.8198615963119544 71.513098316121997 0.034622316237150182 0.013893094147640174 360.6933336893718 -41670243.499999993 73.502747406807103 -0.011926473550928901 -0.01118264427797042 1.0958797442397439 191.59999923706059 4632162.0000000009 59.460288041261784 2469279.5000000005 409.10500106811531 93.512018592416965
decision_type=2 2 2 2 2 2 2 2 2 2 2 2 2 2 2 2 2 2 2 2 2
left_child=8 2 4 14 5 -2 7 -5 12 10 -10 -12 17 -14 16 -16 -3 -1 -15 -11 -8
right_child=1 3 -4 6 -6 -7 20 -9 9 19 11 -13 13 18 15 -17 -18 -19 -20 -21 -22
leaf_value=-7.6053300564320406e-05 5.9686345722278128e-05 0 -0.00015898678105794517 0 -0.00012371720108534268 -1.2482549608359005e-05 1.9750873477572131e-05 -0.00018173800958283829 0 6.2530272528408206e-05 -0.00012093154737744473 0 0.00016008138367632578 0 0 -8.4792247596666352e-05 3.3648573652189689e-05 0 2.6644455650174798e-05 0 -2.2953162334355585e-05
leaf_weight=51 125 320 32 52 30 1359 72 38 31 23 84 25 30 385 33 48 699 21 559 23 28
leaf_count=51 125 320 32 52 30 1359 72 38 31 23 84 25 30 385 33 48 699 21 559 23 28
internal_value=0 -3.48793e-06 -1.37932e-05 6.5371e-06 -8.73269e-06 -4.37859e-06 -3.2993e-05 -7.82578e-05 6.51996e-06 -2.49153e-05 -6.25758e-05 -9.07598e-05 1.49794e-05 2.13244e-05 1.60944e-05 -2.13442e-05 2.2016e-05 -2.91559e-05 1.37206e-05 2.45149e-05 0
internal_weight=4068 2836 1546 1290 1514 1484 190 90 1232 186 140 109 1046 974 1100 81 1019 72 944 46 100
internal_count=4068 2836 1546 1290 1514 1484 190 90 1232 186 140 109 1046 974 1100 81 1019 72 944 46 100
is_linear=0
shrinkage=0.03


Tree=181
num_leaves=20
num_cat=0
split_feature=31 24 31 21 27 25 24 29 29 21 36 5 30 33 27 5 29 24 0
split_gain=9.85721e-05 0.000443463 0.000311259 0.000306662 0.000205571 0.000177156 0.000140713 0.000698626 0.000686033 0.000553572 0.0002594 0.000246868 0.000665225 0.00300548 0.000277282 0.000436726 0.000201044 0.000199491 1.2951e-06
threshold=0.0326682004124711 6.5686686363868443 0.038830355186457728 273.74166692097987 0.99797936734332382 1.975417229296998 9.0632266151788112 30.085314573863347 40.441892886314584 255.18499908447268 0.0060418262783439808 11213305.000000002 50.664795617487137 -0.057778747975586402 0.90868402356868605 9461846.5000000019 75.678758985922897 0.49398247725565769 219.57508087158206
decision_type=2 2 2 2 2 2 2 2 2 2 2 2 2 2 2 2 2 2 2
left_child=6 2 18 -3 -4 -6 11 9 -9 -8 -10 14 13 -13 15 -1 -16 -14 -2
right_child=1 3 4 -5 5 -7 7 8 10 -11 -12 12 17 -15 16 -17 -18 -19 -20
leaf_value=1.56508304794264e-06 -7.7889960475972477e-05 -0.00019012930757896884 0 0 0 0.00014883567020186701 0 -0.00014679555286085981 0 0.00019180871170564469 7.370505729803402e-05 3.5595755115392389e-05 7.718608591843246e-05 -0.00027767958606081188 0 7.999816720531283e-05 -3.8972158860558855e-05 -2.0722203545026935e-06 0
leaf_weight=3062 26 21 43 22 26 21 21 26 127 34 53 37 30 45 87 69 247 50 21
leaf_count=3062 26 21 43 22 26 21 21 26 127 34 53 37 30 45 87 69 247 50 21
internal_value=0 -2.20586e-05 0 -0.000106271 3.6941e-05 8.08616e-05 5.27324e-07 2.21049e-05 0 0.000117161 1.74756e-05 -1.98861e-07 -3.69109e-05 -9.99117e-05 6.52788e-07 4.2542e-06 -2.41195e-05 0 -5.77679e-05
internal_weight=4068 180 137 43 90 47 3888 261 206 55 180 3627 162 82 3465 3131 334 80 47
internal_count=4068 180 137 43 90 47 3888 261 206 55 180 3627 162 82 3465 3131 334 80 47
is_linear=0
shrinkage=0.03


Tree=182
num_leaves=24
num_cat=0
split_feature=26 20 20 0 0 5 28 34 3 24 25 22 28 34 26 36 34 29 33 34 35 35 24
split_gain=9.67754e-05 0.000447025 0.00153327 0.000600621 0.000570794 0.00067415 0.000473868 0.000471209 0.000333032 0.000257056 0.000686555 0.000573739 0.000743103 0.000444691 0.000767955 0.000506805 0.000736829 0.000558333 0.000422472 0.000301704 0.000291933 0.000189354 0.00011794
threshold=9.527346363755461 281.74000091552739 246.97499923706059 292.27247619628912 349.20295715332037 3974124.0000000005 177369422.50000003 -0.00071972808037429326 457.19999694824224 1.4423073361801844 1.3378256929896934 53.383957007286817 217781964.00000003 0.030007867727394947 3.0062015438381624 0.00082373077055962116 -0.083444739828477374 26.512810207798132 0.05309997857533167 0.0022560351653598825 0.044394891041960011 0.014998054835536342 0.39912831059257087
decision_type=2 2 2 2 2 2 2 2 2 2 2 2 2 2 2 2 2 2 2 2 2 2 2
left_child=9 2 -2 6 5 -5 -3 -4 -6 13 11 12 -11 15 22 16 -1 -17 21 -13 -16 -12 -15
right_child=1 3 7 4 8 -7 -8 -9 -10 10 18 19 -14 14 20 17 -18 -19 -20 -21 -22 -23 -24
leaf_value=-0.00016958393774733975 1.6163702761144207e-05 0 0 0 4.1500239604092019e-05 -7.8399723730429108e-05 0.00013778979809365866 -0.00033653389829308236 -1.1253343311047365e-05 0 0 -4.0891426468997119e-05 9.4579635569122129e-05 3.981620916735031e-05 -7.7197150863744592e-05 -8.5678857005592941e-06 -2.7627691998633068e-06 4.0454797385755761e-05 0 0 0 0.00011558064587027779 0
leaf_weight=26 26 28 27 71 169 195 46 20 170 163 29 218 122 77 227 207 1134 520 37 393 26 104 33
leaf_count=26 26 28 27 71 169 195 46 20 170 163 29 218 122 77 227 207 1134 520 37 393 26 104 33
internal_value=0 -1.01109e-05 -8.09663e-05 0 -1.2316e-05 -4.7185e-05 7.78225e-05 -0.000198312 6.20318e-06 1.75471e-06 1.44413e-05 4.93595e-07 3.85382e-05 -2.923e-06 -3.38303e-05 1.43434e-06 -9.10214e-06 2.23712e-05 7.02735e-05 -1.23465e-05 -6.56439e-05 9.57489e-05 1.20863e-05
internal_weight=4068 752 73 679 605 266 74 47 339 3316 1066 896 285 2250 363 1887 1160 727 170 611 253 133 110
internal_count=4068 752 73 679 605 266 74 47 339 3316 1066 896 285 2250 363 1887 1160 727 170 611 253 133 110
is_linear=0
shrinkage=0.03


Tree=183
num_leaves=24
num_cat=0
split_feature=30 27 30 22 31 26 34 35 22 24 36 26 30 24 0 30 30 32 32 26 26 30 26
split_gain=9.43469e-05 0.000424439 0.000797274 0.000527956 0.000364835 0.000542979 0.000403228 0.000484385 0.000459179 0.000358097 0.000481207 0.000244133 0.000214386 0.00038661 0.00032003 0.000192102 0.000299567 0.00108326 0.000281311 0.000350141 0.00019494 0.000146611 1.32378e-05
threshold=22.286073117350323 0.0066207865314672791 35.334183254565396 30.484171769278152 -0.011105637742214456 7.4808930579446216 -0.05405407162324815 0.032188002339789752 33.832196539556847 1.4040205838774986 -0.020462305507220235 6.7508243768163592 14.114522084227961 -0.31681980913785729 202.94822692871097 25.681037705775129 28.977220072234285 0.018929743197433128 -0.010442559048260689 9.185344715469796 18.516852164655468 14.343424038084139 6.9686725102458622
decision_type=2 2 2 2 2 2 2 2 2 2 2 2 2 2 2 2 2 2 2 2 2 2 2
left_child=4 2 3 -2 5 11 7 8 -6 10 -7 21 13 -8 -14 18 17 -17 22 -20 -18 -1 -3
right_child=1 15 -4 -5 6 9 12 -9 -10 -11 -12 -13 14 -15 -16 16 20 -19 19 -21 -22 -23 -24
leaf_value=6.0054295946578812e-05 -0.00027518933370788864 0 0 0 -0.00020961708881088095 0 -7.4327413911601969e-05 0 0 0 0.00022922584964815896 -8.8254897429524396e-05 4.853578313812278e-05 2.2963178191644928e-06 0 0 0 0.00023744553125463292 0 -0.00018293032948176873 -7.5150899723070363e-05 0 1.9572621289877606e-05
leaf_weight=54 21 24 34 29 27 21 68 20 34 22 31 20 201 61 156 111 2893 22 78 22 31 57 31
leaf_count=54 21 24 34 29 27 21 68 20 34 22 31 20 201 61 156 111 2893 22 78 22 31 57 31
internal_value=0 -2.65214e-06 -6.94105e-05 -0.000149699 8.94138e-06 4.36107e-05 0 -6.48956e-05 -0.000112805 0.0001089 0.000151831 0 6.62849e-06 -1.4883e-05 2.28045e-05 0 7.35746e-07 4.51285e-05 -3.32271e-05 -6.51147e-05 -2.59005e-07 2.38437e-05 0
internal_weight=4068 3296 84 50 772 205 567 81 61 74 52 131 486 129 357 3212 3057 133 155 100 2924 111 55
internal_count=4068 3296 84 50 772 205 567 81 61 74 52 131 486 129 357 3212 3057 133 155 100 2924 111 55
is_linear=0
shrinkage=0.03


Tree=184
num_leaves=19
num_cat=0
split_feature=31 28 29 27 21 25 24 29 29 21 27 24 33 33 27 36 20 29
split_gain=9.13708e-05 0.000422412 0.00065739 0.000383596 0.000219782 0.000138908 0.000138065 0.000651233 0.00063797 0.000520533 0.000256413 0.000232833 0.000854471 0.00148438 0.000275462 0.000234198 0.000948501 0.000268651
threshold=0.0326682004124711 265946903.50000003 77.058482632145669 0.97136294214688201 223.45416603088381 1.975417229296998 9.0632266151788112 30.085314573863347 40.441892886314584 255.18499908447268 0.7295806471425712 5.1443041251500281 0.014683102500100966 -0.0028116721762687087 0.91273289793717527 -0.032199113138671638 251.14500083923343 77.410679905023386
decision_type=2 2 2 2 2 2 2 2 2 2 2 2 2 2 2 2 2 2
left_child=6 3 -3 4 -2 -5 11 9 -9 -8 -10 15 13 -13 -14 16 -1 -17
right_child=1 2 -4 5 -6 -7 7 8 10 -11 -12 12 14 -15 -16 17 -18 -19
leaf_value=0 -0.0001121912315484151 0 -0.00022340372213332411 0 0 0.00011844395856981524 0 -0.00014108690589762708 7.5477197333057768e-05 0.00018599464771436127 0 0 8.0813162547481633e-05 -0.00020429747459859985 0 7.3320635878650246e-06 -0.00020369490437892326 -1.477660940622983e-05
leaf_weight=21 25 25 21 36 48 25 21 26 50 34 130 112 46 54 41 2785 25 543
leaf_count=21 25 25 21 36 48 25 21 26 50 34 130 112 46 54 41 2785 25 543
internal_value=0 -2.12416e-05 -0.000100047 0 -4.01991e-05 6.09674e-05 4.99898e-07 2.1886e-05 0 0.000113609 1.74178e-05 -2.12506e-07 -2.85415e-05 -7.45062e-05 2.47031e-05 1.0234e-06 -6.3824e-05 2.82304e-06
internal_weight=4068 180 46 134 73 61 3888 261 206 55 180 3627 253 166 87 3374 46 3328
internal_count=4068 180 46 134 73 61 3888 261 206 55 180 3627 253 166 87 3374 46 3328
is_linear=0
shrinkage=0.03


Tree=185
num_leaves=14
num_cat=0
split_feature=35 36 5 35 36 36 29 30 31 33 32 30 30
split_gain=9.84446e-05 0.000741915 0.000455011 0.000501803 0.000954408 0.00134308 0.000164362 0.000415475 0.000362776 0.000354976 0.000272474 0.000259418 0.000167337
threshold=0.064830555251102193 -0.024623202840402172 15841409.000000002 0.032436696397362526 0.034008946954061467 -0.022222229286476415 85.656629203463368 77.945958413701689 -0.010551590285322042 0.02190955553723695 0.039852352840374146 81.58155210973193 83.389734285684895
decision_type=2 2 2 2 2 2 2 2 2 2 2 2 2
left_child=2 -2 6 -4 5 -5 7 10 -9 12 -1 -11 -8
right_child=1 -3 3 4 -6 -7 9 8 -10 11 -12 -13 -14
leaf_value=-2.4791661584053605e-06 -7.9443639859345211e-06 0.00013855443548058607 0 0 0 -0.0003022886732501787 0 9.7813518277956014e-05 2.9502165461741701e-06 0 4.2483363915022635e-05 -6.8198006136726706e-05 4.9801220912047674e-05
leaf_weight=3163 21 39 23 20 23 32 22 75 234 83 125 145 63
leaf_count=3163 21 39 23 20 23 32 22 75 234 83 125 145 63
internal_value=0 3.74351e-05 -1.04496e-06 -6.4954e-05 -0.000107353 -0.000181932 0 2.36559e-06 3.57051e-05 -2.02031e-05 0 -4.39889e-05 8.32304e-06
internal_weight=4068 60 4008 98 75 52 3910 3597 309 313 3288 228 85
internal_count=4068 60 4008 98 75 52 3910 3597 309 313 3288 228 85
is_linear=0
shrinkage=0.03


Tree=186
num_leaves=24
num_cat=0
split_feature=30 30 36 24 31 26 28 25 28 30 28 26 29 33 36 29 29 35 30 29 30 30 24
split_gain=8.69899e-05 0.000396982 0.000367176 0.000554989 0.000350977 0.00051872 0.000818763 0.000407279 0.000387401 0.000340028 0.000273916 0.000225602 0.00022134 0.00018641 0.000178316 0.000605322 0.000649051 0.000535218 0.000278857 0.000735027 0.000350425 0.000138299 0.000117782
threshold=22.286073117350323 26.117591770836139 -0.0080923674422729245 -0.37053795794858407 -0.011105637742214456 7.4808930579446216 177369422.50000003 -1.2901271319232464 320597825.50000006 14.343424038084139 218710541.50000003 6.7508243768163592 12.971390983946678 -0.010488610918109041 0.00090663984741628796 33.970912167820309 39.498976409087796 0.012828936600238686 79.093729125942232 79.16667392492694 80.028051939905012 14.343424038084139 -5.2153512906125394
decision_type=2 2 2 2 2 2 2 2 2 2 2 2 2 2 2 2 2 2 2 2 2 2 2
left_child=4 2 -2 13 5 11 -7 8 10 12 -6 21 -9 -4 18 17 -17 -16 19 -3 -20 -1 -11
right_child=1 14 3 -5 7 6 -8 9 -10 22 -12 -13 -14 -15 15 16 -18 -19 20 -21 -22 -23 -24
leaf_value=5.8220711020475619e-05 0 -4.6005111408429303e-06 -0.00020707046902503502 0 -7.0778917375975771e-06 0 0.000177390548718806 0 1.9351663028136739e-06 0 -0.00012371158578690985 -8.4679728033326882e-05 -7.0318001958671113e-05 0 0 -8.3738693356862447e-05 7.048244907504786e-06 0.00010261379057498781 0.00011867975264297153 -9.2028215630908129e-05 0 0 4.8177764388731236e-05
leaf_weight=54 53 1356 32 72 136 24 50 60 35 23 56 20 42 35 29 75 1158 106 28 103 249 57 215
leaf_count=54 53 1356 32 72 136 24 50 60 35 23 56 20 42 35 29 75 1158 106 28 103 249 57 215
internal_value=0 -2.54727e-06 -4.43984e-05 -7.14002e-05 8.58487e-06 4.26329e-05 0.000106447 0 -3.45028e-05 1.68185e-05 -5.67596e-05 0 -9.36938e-06 -0.00013421 0 8.14239e-06 0 6.85848e-05 -6.33992e-06 -1.28345e-05 1.7034e-05 2.30272e-05 4.06408e-05
internal_weight=4068 3296 192 139 772 205 74 567 227 340 192 131 102 67 3104 1368 1233 135 1736 1459 277 111 238
internal_count=4068 3296 192 139 772 205 74 567 227 340 192 131 102 67 3104 1368 1233 135 1736 1459 277 111 238
is_linear=0
shrinkage=0.03


Tree=187
num_leaves=17
num_cat=0
split_feature=21 28 20 3 29 28 32 31 23 24 35 26 4 5 29 34
split_gain=8.90649e-05 0.000654895 0.000453052 0.00108187 0.000485295 0.000358158 0.000349887 0.00031537 0.000283366 0.000825304 0.000556419 0.000158924 0.000491358 0.000332684 0.000149294 3.44404e-05
threshold=439.17333424886073 367687850.50000006 371.67000198364263 367.10000610351568 85.656629203463368 371336128.00000006 0.010293714403037392 0.017771427867443682 6.7032853982423726 5.1443041251500281 0.029387751277510522 10.478509416012789 458.10000610351568 2436695.5000000005 62.330983852398056 0.037373011253753148
decision_type=2 2 2 2 2 2 2 2 2 2 2 2 2 2 2 2
left_child=2 11 3 8 5 7 -5 -4 9 -1 -10 13 -13 -2 -7 -14
right_child=1 -3 4 6 -6 14 -8 -9 10 -11 -12 12 15 -15 -16 -17
leaf_value=0 0 -0.00018224584025594944 3.7780564987920734e-05 0 -4.1080821578144126e-05 0 -0.0002235492677916237 -2.560585193231562e-05 0 -9.6081981848545437e-05 7.2254510359809064e-05 0.00010862236871542479 -1.6065103979063972e-05 -9.9106873034555886e-05 0.00022122679506395433 0
leaf_weight=2921 22 20 321 26 35 21 26 32 170 83 140 39 120 43 21 28
leaf_count=2921 22 20 321 26 35 21 26 32 170 83 140 39 120 43 21 28
internal_value=0 -1.69513e-05 7.20625e-07 -2.1632e-06 3.02653e-05 4.41889e-05 -0.000137808 2.35327e-05 0 -2.84907e-06 2.72723e-05 0 1.01068e-05 -4.36296e-05 0.000146073 0
internal_weight=4068 272 3796 3366 430 395 52 353 3314 3004 310 252 187 65 42 148
internal_count=4068 272 3796 3366 430 395 52 353 3314 3004 310 252 187 65 42 148
is_linear=0
shrinkage=0.03


Tree=188
num_leaves=18
num_cat=0
split_feature=31 24 21 31 28 24 21 35 28 36 26 21 32 3 26 4 0
split_gain=8.9168e-05 0.000414218 0.000280229 0.000278026 0.00019464 0.000128668 0.000372102 0.000724221 0.000511094 0.000237622 0.00022174 0.00103915 0.00128195 0.000262578 0.000166662 0.000409634 0.000260566
threshold=0.0326682004124711 6.5686686363868443 273.74166692097987 0.038830355186457728 188905619.00000003 9.0632266151788112 432.22000045776377 0.030331795284519601 271529130.50000006 -0.0025000127156575517 8.3799130913599633 330.03999913533534 -0.0099679593523085402 322.50000000000006 7.3625961828198543 293.89999389648443 206.15616607666018
decision_type=2 2 2 2 2 2 2 2 2 2 2 2 2 2 2 2 2
left_child=5 3 -3 -2 -5 10 7 9 -9 -7 14 12 -12 -13 16 -16 -1
right_child=1 2 -4 4 -6 6 -8 8 -10 -11 11 13 -14 -15 15 -17 -18
leaf_value=4.7692187081557343e-06 -5.4115462636873173e-05 -0.00018272119987771459 0 0 9.3192309897331075e-05 -3.9173709251239749e-05 -5.4428381821216769e-05 0 0.00018240777182695043 3.6123272962205925e-05 0 8.6097732531445806e-05 -0.00016931688926369895 -3.1624450560064222e-06 5.9766235357983838e-05 0 -1.9590979233953521e-05
leaf_weight=2057 47 21 22 57 33 72 21 44 45 79 59 31 79 578 151 183 489
leaf_count=2057 47 21 22 57 33 72 21 44 45 79 59 31 79 578 151 183 489
internal_value=0 -2.10054e-05 -0.000102437 0 3.5303e-05 4.49777e-07 2.11165e-05 4.02414e-05 0.00010807 0 -2.10842e-07 -1.54643e-05 -8.98102e-05 0 2.70429e-06 2.26274e-05 0
internal_weight=4068 180 43 137 90 3888 261 240 89 151 3627 747 138 609 2880 334 2546
internal_count=4068 180 43 137 90 3888 261 240 89 151 3627 747 138 609 2880 334 2546
is_linear=0
shrinkage=0.03


Tree=189
num_leaves=15
num_cat=0
split_feature=30 23 29 30 29 24 35 28 25 0 3 35 3 36
split_gain=8.71892e-05 0.000470334 0.000277509 0.000729675 0.00056671 0.000330499 0.000799797 0.00027684 0.000255958 0.000230178 0.00049841 0.000198715 0.000152678 8.76529e-05
threshold=9.6073461394145792 -1.2517083534272613 13.284234433958884 14.589330923796107 14.512260540673696 18.550050136727382 0.032997654828626412 147381651.50000003 -0.43234233965905194 216.66602325439456 217.90000152587893 0.038221958574974353 282.30000305175787 -1.0000000180025095e-35
decision_type=2 2 2 2 2 2 2 2 2 2 2 2 2 2
left_child=1 -1 3 8 7 11 -7 -4 12 10 -5 -6 -2 -11
right_child=2 -3 4 9 5 6 -8 -9 -10 13 -12 -13 -14 -15
leaf_value=-0.00011185955876040914 0.00012989209796681494 0 -0.00014570157974152218 0 0 0 -0.0002007786269959218 0 0 5.4794575545643585e-05 -0.00016466155602929615 2.5695417030996393e-05 0 0
leaf_weight=40 75 28 36 83 3315 26 25 27 21 45 22 279 26 20
leaf_count=40 75 28 36 83 3315 26 25 27 21 45 22 279 26 20
internal_value=0 -3.39416e-05 6.54312e-08 2.88193e-05 -1.39058e-06 0 -7.55949e-05 -9.05354e-05 8.58217e-05 0 -3.78586e-05 1.2296e-06 0.000105706 2.9466e-05
internal_weight=4068 68 4000 292 3708 3645 51 63 122 170 105 3594 101 65
internal_count=4068 68 4000 292 3708 3645 51 63 122 170 105 3594 101 65
is_linear=0
shrinkage=0.03


Tree=190
num_leaves=21
num_cat=0
split_feature=31 35 26 36 27 26 19 22 22 34 21 27 5 35 36 23 30 25 26 26
split_gain=8.67622e-05 0.000380393 0.000421873 0.000119197 0.000544454 0.00090501 0.00137853 0.00082167 0.000796039 0.000795966 0.0003631 0.000313236 0.000755142 0.00164457 0.000457846 0.00039145 0.000446681 0.000371355 6.01508e-05 0.000137406
threshold=0.0326682004124711 0.064830555251102193 12.330153620229643 0.0022783350630390495 0.57016153316312479 11.620576640874765 355.07999877929689 41.2564875664929 66.218140364579639 -0.020365638096198787 340.45666656494149 0.62474223952731778 7530035.0000000009 0.021433569944455524 -0.011725814602671058 1.0724440075871373 47.829294817893718 0.22543103889309182 8.1492976977003426 3.7220590466227539
decision_type=2 2 2 2 2 2 2 2 2 2 2 2 2 2 2 2 2 2 2 2
left_child=3 2 18 11 7 8 -7 10 -6 -9 -5 15 13 -13 -14 17 -17 -1 19 -2
right_child=1 -3 -4 4 5 6 -8 9 -10 -11 -12 12 14 -15 -16 16 -18 -19 -20 -21
leaf_value=-1.2354361402298059e-05 0 3.2242692078332604e-05 -0.00017498459769004724 5.3144139854210364e-05 3.6449037201171901e-05 0.00032966850324236795 0 -0.00011336964188839255 -3.2575646582757868e-05 -4.7091796190781604e-06 0 -9.3509628534052294e-07 9.0085492054526602e-05 -0.00011874214348645272 0 5.683666705162388e-05 0 2.6199921489688687e-05 0 -5.4485917222312646e-05
leaf_weight=1064 22 29 25 196 453 23 43 98 188 353 52 477 70 162 76 236 135 262 44 60
leaf_count=1064 22 29 25 196 453 23 43 98 188 353 52 477 70 162 76 236 135 262 44 60
internal_value=0 -2.07284e-05 -5.07707e-05 4.25156e-07 8.01542e-06 2.76472e-05 0.000138605 -7.55096e-06 1.15233e-05 -3.49909e-05 3.02519e-05 -2.66606e-06 -1.89881e-05 -3.55097e-05 3.27632e-05 3.11714e-06 3.11759e-05 -2.47287e-06 -2.21522e-06 -2.58249e-05
internal_weight=4068 180 151 3888 1406 707 66 699 641 451 248 2482 785 639 146 1697 371 1326 126 82
internal_count=4068 180 151 3888 1406 707 66 699 641 451 248 2482 785 639 146 1697 371 1326 126 82
is_linear=0
shrinkage=0.03


Tree=191
num_leaves=21
num_cat=0
split_feature=26 5 34 24 32 32 35 33 25 25 28 29 5 24 25 25 29 31 2 27
split_gain=8.40131e-05 0.000408061 0.00037692 0.000725221 0.00157606 0.000477724 0.000428984 0.000704148 0.000253722 0.000534002 0.000534085 0.000393842 0.000327771 0.00026988 0.00058592 0.000453465 0.00023611 0.000492235 0.000196311 6.21359e-06
threshold=9.527346363755461 2302036.5000000005 -0.041367206885864254 0.10157965182830792 -0.0041528896541935248 -0.0061832890938230403 0.030331795284519601 -0.046403265665932274 -2.3918279557443807 -1.5861031489831081 271529130.50000006 36.810552881599087 9060657.0000000019 1.4423073361801844 1.3378256929896934 0.93905056001055198 23.283475471604799 -0.0095802391830999683 348.89999389648443 0.18344408064120651
decision_type=2 2 2 2 2 2 2 2 2 2 2 2 2 2 2 2 2 2 2 2
left_child=8 -2 6 5 -5 -4 18 -8 11 10 12 16 -10 15 -15 -11 17 -1 -3 -12
right_child=1 2 3 4 -6 -7 7 -9 9 13 19 -13 -14 14 -16 -17 -18 -19 -20 -21
leaf_value=0.00012756496907545285 7.2700592490301753e-05 0 7.3548434277300245e-05 -0.00014709972586612733 0 -1.7123344522662096e-05 0 0.00017392963428074858 -0.00010122529321128329 3.5746029281724725e-06 1.5907298912593403e-05 0.00016343796184566713 0 1.4346094321747441e-06 6.8012397243855674e-05 -3.0908589084354359e-05 -4.7552026947012684e-05 0 -7.5537634468665532e-05 0
leaf_weight=36 38 26 70 121 210 173 47 34 120 1638 22 22 22 771 170 413 30 44 33 28
leaf_count=36 38 26 70 121 210 173 47 34 120 1638 22 22 22 771 170 413 30 44 33 28
internal_value=0 -9.51455e-06 -1.81008e-05 -3.09308e-05 -6.02509e-05 0 1.30734e-05 7.004e-05 1.50657e-06 0 -4.86647e-05 4.22562e-05 -8.11432e-05 2.9285e-06 1.66562e-05 -1.90765e-06 0 4.24643e-05 -1.43596e-05 0
internal_weight=4068 752 714 574 331 243 140 81 3316 3184 192 132 142 2992 941 2051 110 80 59 50
internal_count=4068 752 714 574 331 243 140 81 3316 3184 192 132 142 2992 941 2051 110 80 59 50
is_linear=0
shrinkage=0.03


Tree=192
num_leaves=28
num_cat=0
split_feature=30 33 35 35 28 30 33 29 29 1 26 28 35 23 35 28 21 33 35 30 28 25 36 29 27 1 35
split_gain=8.10138e-05 0.000387802 0.000885031 0.000444845 0.00060012 0.000304221 0.000330343 0.000284482 0.000428558 0.00032505 0.000539142 0.000271206 0.000261162 0.000231742 0.000223895 0.000989627 0.00105733 0.000495702 0.000469367 0.000312178 0.000301022 0.000193322 0.000301746 0.00010323 4.16487e-05 4.11833e-05 3.16306e-05
threshold=22.286073117350323 -0.01232443506742331 0.04365624384773991 0.025424898934198418 175355315.50000003 18.454865139155057 -0.022964410638709683 13.284234433958884 12.32169131281818 351.10000610351568 4.3540555367774516 342225850.50000006 0.025587589396160192 -7.8326595853473853 0.018329998067869072 -61022630.499999993 121.87083307902019 0.02190955553723695 0.019699263346243747 70.820912471708169 331378760.00000006 -1.2901271319232464 -0.00053346030922112053 26.512810207798132 0.085876111892119092 423.69999694824224 0.054991415128787656
decision_type=2 2 2 2 2 2 2 2 2 2 2 2 2 2 2 2 2 2 2 2 2 2 2 2 2 2 2
left_child=5 2 3 11 -5 7 12 8 13 10 -9 -2 -7 -1 17 16 -16 19 -17 -3 -19 23 -23 -8 -10 -11 -4
right_child=1 14 26 4 -6 6 21 9 24 25 -12 -13 -14 -15 15 18 -18 20 -20 -21 -22 22 -24 -25 -26 -27 -28
leaf_value=-6.7524208368437304e-05 -1.4171042358671241e-05 -5.0790197850548124e-06 -0.00022484276664961648 7.6346000365810725e-05 -6.7974002819775421e-06 0 -7.3034940072040319e-05 0 0.00015120406045127506 3.9718208718113595e-05 -8.7106218848380826e-05 -0.00012582427177262903 0.00014816976199775116 1.5221145635547383e-05 0 5.4973288827894778e-05 0.0002585738297223896 -5.7363251666844773e-05 -9.2033226569718609e-07 3.0710549129261928e-05 0 0 7.3927428514287353e-05 0 0 0 0
leaf_weight=37 504 744 22 106 116 38 28 107 22 25 125 33 39 170 29 144 30 226 1005 281 34 41 71 23 20 26 22
leaf_count=37 504 744 22 106 116 38 28 107 22 25 125 33 39 170 29 144 30 226 1005 281 34 41 71 23 20 26 22
internal_value=0 -2.50321e-06 -2.10766e-05 -9.21785e-06 1.94108e-05 8.22702e-06 3.68511e-05 0 1.81522e-05 -2.47884e-05 -4.47102e-05 -2.66401e-05 8.99175e-05 0 2.27658e-06 1.23458e-05 0.000133981 -4.85501e-06 3.47805e-06 1.80805e-06 -4.26475e-05 0 3.23077e-05 -3.3393e-05 0.00010541 7.03807e-06 -0.000157127
internal_weight=4068 3296 803 759 222 772 240 532 249 283 232 537 77 207 2493 1208 59 1285 1149 1025 260 163 112 51 42 51 44
internal_count=4068 3296 803 759 222 772 240 532 249 283 232 537 77 207 2493 1208 59 1285 1149 1025 260 163 112 51 42 51 44
is_linear=0
shrinkage=0.03


Tree=193
num_leaves=27
num_cat=0
split_feature=35 35 33 29 35 36 35 32 35 23 24 36 28 24 21 31 34 22 35 30 31 23 29 24 36 32
split_gain=8.18766e-05 0.000671034 0.000634536 0.000403726 0.000319333 0.00061582 0.000394291 0.00045677 0.000336614 0.000670169 0.000517046 0.000276664 0.000255347 0.000217532 0.000729845 0.000833308 0.000470859 0.000599156 0.000510302 0.000177347 0.00013543 8.71572e-05 8.62713e-05 7.87601e-05 0.000324255 2.10936e-05
threshold=0.024594575177195908 0.026353652786901414 0.012154191383504489 41.35779644494032 0.022284443500115943 -0.0018198975651166334 0.021433569944455524 0.00091964734736182951 0.018254792257765901 -4.0720401722883528 -3.0288847964524299 -0.013211585103394773 323942445.00000006 -6.3035811327951654 289.32166595458989 0.0075528258292127956 0.087843515861323232 54.623918289241644 0.049330671130541057 26.66963283134471 0.021018261801456498 1.724148328258764 27.907490802916662 -4.5682902696520005 -0.013449466103846583 -0.0082667636544428973
decision_type=2 2 2 2 2 2 2 2 2 2 2 2 2 2 2 2 2 2 2 2 2 2 2 2 2 2
left_child=4 2 3 19 6 23 8 11 10 -10 -1 -8 20 14 15 -3 17 -15 -18 -2 -7 -4 -16 -6 -25 -5
right_child=1 13 21 25 5 12 7 -9 9 -11 -12 -13 -14 16 22 -17 18 -19 -20 -21 -22 -23 -24 24 -26 -27
leaf_value=-3.9773849413499139e-05 -6.6742685186828884e-05 0.00020720557753638224 5.5903108253429417e-05 -6.507973796208429e-06 2.8440128448526313e-05 0.0001115358725021894 0 0 9.4841587756982213e-05 3.8284378777998857e-07 1.8046584875658554e-06 -0.00015134701383344475 0 -1.9847295622243168e-05 -4.5747502978057703e-05 0 -0.0001250379275177457 3.2372202520509891e-05 0 0 0 0 0 0 -6.7443639358665821e-05 -0.00027656966236489492
leaf_weight=303 36 37 25 30 26 97 22 47 99 449 1625 44 22 419 37 35 57 357 30 36 23 28 43 45 75 21
leaf_count=303 36 37 25 30 26 97 22 47 99 449 1625 44 22 419 37 35 57 357 30 36 23 28 43 45 75 21
internal_value=0 -7.04266e-06 -6.13592e-05 -0.000100125 2.25356e-06 3.23773e-05 0 -5.5634e-05 1.39253e-06 2.29351e-05 -3.17551e-06 -0.000107309 7.76253e-05 0 3.49715e-05 0.000108122 -3.36267e-06 3.1196e-07 -7.05446e-05 -4.07674e-06 9.50946e-05 0 0 0 -2.03576e-05 -0.000176742
internal_weight=4068 1191 176 123 2877 288 2589 113 2476 548 1928 66 142 1015 152 72 863 776 87 72 120 53 80 146 120 51
internal_count=4068 1191 176 123 2877 288 2589 113 2476 548 1928 66 142 1015 152 72 863 776 87 72 120 53 80 146 120 51
is_linear=0
shrinkage=0.03


Tree=194
num_leaves=17
num_cat=0
split_feature=30 27 1 28 29 36 30 29 29 26 32 21 33 25 28 30
split_gain=7.99061e-05 0.00037931 0.000287578 0.000313516 0.000243284 0.000241833 0.000199811 0.000272671 0.000643553 0.000423756 0.000264037 0.000467114 0.000145108 0.000752277 0.000349544 0.00011106
threshold=22.286073117350323 -0.14143176209211825 124.25000000000001 323942445.00000006 12.796200724299936 0.0033538214209186887 26.117591770836139 35.128228889001122 39.498976409087796 5.4069405246152806 -0.021974775739911908 272.04833335876469 -0.0044204609417658461 -1.3277351416527383 16104778.500000002 16.348945891914124
decision_type=2 2 2 2 2 2 2 2 2 2 2 2 2 2 2 2
left_child=2 -2 4 12 -1 -5 10 9 -9 -8 -3 -12 14 -14 -4 -6
right_child=1 6 3 5 15 -7 7 8 -10 -11 11 -13 13 -15 -16 -17
leaf_value=0.00011949752950714523 -0.00013373988058501437 0 -4.8044509252971921e-05 0.00011407563745262566 -2.0154201840866619e-05 0 0 -6.0338972920189749e-05 0 4.7769517682603216e-05 0 -0.00012457639425064439 -0.00013674781523521381 0 1.5109682445776726e-05 5.010920420535799e-05
leaf_weight=37 20 37 98 37 29 22 265 165 2395 265 95 54 44 84 386 35
leaf_count=37 20 37 98 37 29 22 265 165 2395 265 95 54 44 84 386 35
internal_value=0 -2.45806e-06 8.20664e-06 0 5.54471e-05 6.69801e-05 -7.36806e-07 1.29083e-07 -2.9246e-06 2.0536e-05 -3.12344e-05 -5.30233e-05 -5.27345e-06 -3.39466e-05 0 0
internal_weight=4068 3296 772 671 101 59 3276 3090 2560 530 186 149 612 128 484 64
internal_count=4068 3296 772 671 101 59 3276 3090 2560 530 186 149 612 128 484 64
is_linear=0
shrinkage=0.03


Tree=195
num_leaves=22
num_cat=0
split_feature=33 33 5 35 5 29 28 22 36 36 26 5 5 22 30 28 5 36 32 35 22
split_gain=8.32367e-05 0.000317067 0.000246927 0.000382933 0.000352805 0.000521883 0.000465254 0.000277134 0.000204475 0.000770674 0.000195425 0.000187181 0.000182228 0.00134742 0.00111761 0.000493314 0.000198598 0.000486331 0.000435592 7.85349e-05 5.16574e-05
threshold=-0.033463896211940174 -0.029873305232616273 8223736.5000000009 0.021519643525527817 15127467.000000002 8.6525967258960659 172503788.50000003 48.055209908396456 0.00068645646084684235 -0.012631954029879938 2.7350387466873074 4168276.0000000005 8396371.5000000019 47.754179966952201 30.231997945196706 254008527.50000003 5992197.5000000009 -0.011926473550928901 0.026094531099265409 0.013523994795405414 31.658257201546267
decision_type=2 2 2 2 2 2 2 2 2 2 2 2 2 2 2 2 2 2 2 2 2
left_child=2 10 3 19 5 -4 -6 -7 9 -5 -2 -12 16 14 -14 -15 17 -3 -18 -1 -21
right_child=1 12 4 8 6 7 -8 -9 -10 -11 11 -13 13 15 -16 -17 18 -19 -20 20 -22
leaf_value=-3.735636765132962e-05 0 -3.8104961316154053e-05 0 0 -0.00014281590940639437 0.00011905038259057202 0 0 0 -0.00021385698099873866 0 0.00010270383250442474 0 2.6023464853545981e-05 -0.00025978249416245804 -4.7686969371212441e-05 4.035802099980281e-05 3.3958970241164011e-06 -1.3441126448726143e-05 0 2.9512191221811631e-05
leaf_weight=32 22 283 23 86 24 68 24 25 25 33 30 60 35 269 35 115 346 2310 115 25 83
leaf_count=32 22 283 23 86 24 68 24 25 25 33 30 60 35 269 35 115 346 2310 115 25 83
internal_value=0 1.08158e-06 -1.2559e-05 -3.20346e-05 2.88443e-06 4.60372e-05 -3.89103e-05 8.76817e-05 -6.64447e-05 -8.29866e-05 5.08268e-05 7.18765e-05 0 -1.81908e-05 -0.000139438 0 2.12114e-06 0 2.04312e-05 0 1.54746e-05
internal_weight=4068 3620 448 284 164 116 48 93 144 119 112 90 3508 454 70 384 3054 2593 461 140 108
internal_count=4068 3620 448 284 164 116 48 93 144 119 112 90 3508 454 70 384 3054 2593 461 140 108
is_linear=0
shrinkage=0.03


Tree=196
num_leaves=17
num_cat=0
split_feature=33 33 33 29 26 0 35 34 22 24 24 23 31 34 23 34
split_gain=8.17255e-05 0.000297088 0.000234574 0.000335633 0.00018686 0.000184055 0.000103557 0.000500019 0.000525654 0.000145685 0.000103289 0.000294479 0.000302719 0.000265456 0.000258612 2.52597e-05
threshold=-0.033463896211940174 -0.029873305232616273 -0.03540820055145371 18.687416659000085 2.7350387466873074 260.39839172363287 0.061688149382627837 -0.083444739828477374 32.198670967125089 -9.3224718260411148 -10.728583505704743 -5.8494994075691684 0.023505611757706938 -0.0038228985447049664 -13.506551248766156 0.0077220126299826228
decision_type=2 2 2 2 2 2 2 2 2 2 2 2 2 2 2 2
left_child=2 4 6 -4 -2 -6 7 8 -1 -9 14 12 -12 -13 -3 -16
right_child=1 10 3 -5 5 -7 -8 9 -10 -11 11 13 -14 -15 15 -17
leaf_value=-0.00018096586942586317 0 0 0 -0.0001466742648746422 0.00010384160897664645 0 4.5122811510871454e-05 -5.7090473587543107e-05 0 1.1181569179947869e-05 5.636854931649269e-05 -1.3045998742751424e-05 0 4.4356518208677233e-06 0 -0.00012553502422835405
leaf_weight=29 22 31 21 27 56 34 31 29 21 290 168 1187 27 2053 20 22
leaf_count=29 22 31 21 27 56 34 31 29 21 290 168 1187 27 2053 20 22
internal_value=0 1.01474e-06 -1.2483e-05 -7.6425e-05 4.91777e-05 6.98247e-05 0 -8.99731e-06 -9.78712e-05 0 0 2.2272e-07 3.66229e-05 -1.0432e-06 -3.5628e-05 -8.7935e-05
internal_weight=4068 3620 448 48 112 90 400 369 50 319 3508 3435 195 3240 73 42
internal_count=4068 3620 448 48 112 90 400 369 50 319 3508 3435 195 3240 73 42
is_linear=0
shrinkage=0.03


Tree=197
num_leaves=26
num_cat=0
split_feature=5 33 33 30 31 25 31 22 33 33 21 20 29 28 31 22 31 29 5 23 29 23 29 0 29
split_gain=8.11949e-05 0.000334674 0.000636112 0.000435101 0.000424214 0.000584838 0.000530289 0.000336028 0.000704255 0.000292541 0.000475987 0.000358786 0.000528078 0.000260444 0.000598213 0.000287803 0.000209559 0.000448028 0.000426005 0.000422922 0.000352031 0.00030644 0.000280918 8.10178e-05 3.42393e-05
threshold=3374485.5000000005 0.0051226390846867984 0.0042373333984383485 85.655778423565195 -0.010368928710727308 -1.8671411330500292 0.0054235515401823706 71.513098316121997 0.034622316237150182 0.013893094147640174 360.6933336893718 126.43750019073487 83.853078821834188 255674298.00000003 0.0027037805383646201 69.198626070589867 -0.0060401995659340449 61.63143554739667 2469279.5000000005 -3.9083698795773922 76.35125491393714 -1.1381183173241707 33.970912167820309 395.67866516113287 93.512018592416965
decision_type=2 2 2 2 2 2 2 2 2 2 2 2 2 2 2 2 2 2 2 2 2 2 2 2 2
left_child=9 2 4 13 5 -2 -6 8 -5 16 11 -11 -13 15 -15 -3 17 19 22 -1 -20 -19 -18 -12 -9
right_child=1 3 -4 7 6 -7 -8 24 -10 10 23 12 -14 14 -16 -17 18 21 20 -21 -22 -23 -24 -25 -26
leaf_value=6.213558729591255e-06 6.3940224391983796e-05 3.3071731348193861e-05 -0.00015188894895009836 0 -4.1396463732515456e-05 -2.8929355042058412e-06 4.3173779081056797e-07 1.7556076800423557e-05 -0.00017091481959241931 0 6.3630421153227187e-05 -0.00012163599585425442 0 4.903711289415498e-05 -3.9892777296491756e-05 0 2.8604946922338259e-05 0 5.0963710827993851e-05 -6.2574075657772569e-05 0 9.3961989445172961e-05 -2.6535129429886343e-05 0 -1.748714654033612e-05
leaf_weight=31 133 698 32 52 551 551 279 72 38 31 24 88 21 96 193 113 141 20 421 155 32 51 195 22 28
leaf_count=31 133 698 32 52 551 551 279 72 38 31 24 88 21 96 193 113 141 20 421 155 32 51 195 22 28
internal_value=0 -3.24757e-06 -1.33579e-05 6.5438e-06 -8.43864e-06 5.72452e-06 -2.37238e-05 -3.04894e-05 -7.29239e-05 5.91885e-06 -2.33611e-05 -6.00553e-05 -8.71273e-05 1.56697e-05 0 2.49402e-05 1.3995e-05 0 2.23307e-05 -3.49919e-05 4.1408e-05 4.96625e-05 0 2.31288e-05 0
internal_weight=4068 2836 1546 1290 1514 684 830 190 90 1232 186 140 109 1100 289 811 1046 257 789 186 453 71 336 46 100
internal_count=4068 2836 1546 1290 1514 684 830 190 90 1232 186 140 109 1100 289 811 1046 257 789 186 453 71 336 46 100
is_linear=0
shrinkage=0.03


Tree=198
num_leaves=27
num_cat=0
split_feature=35 35 33 29 35 27 35 26 33 35 23 23 22 26 24 21 31 24 21 5 30 22 27 31 23 29
split_gain=7.83849e-05 0.000642521 0.000599828 0.000395739 0.000305222 0.00048406 0.000368108 0.000430956 0.000451355 0.000319241 0.000664569 0.000488826 0.000314936 0.000254729 0.000210712 0.000689156 0.000783351 0.000416291 0.00160767 0.000343797 0.00016588 0.000147003 0.000102005 9.19872e-05 7.92545e-05 3.08749e-05
threshold=0.024594575177195908 0.026353652786901414 0.012154191383504489 41.35779644494032 0.022284443500115943 0.26672361583992615 0.021433569944455524 3.5996643736744121 0.014683102500100966 0.018329998067869072 -4.0720401722883528 -1.1381183173241707 51.801943535956859 4.3540555367774516 -6.3035811327951654 289.32166595458989 0.0075528258292127956 -5.0064811198682033 276.84999987284351 17316457.000000004 26.66963283134471 59.058562602395547 0.41005726566667838 -0.0050950012285623783 1.724148328258764 20.389577268066187
decision_type=2 2 2 2 2 2 2 2 2 2 2 2 2 2 2 2 2 2 2 2 2 2 2 2 2 2
left_child=4 2 3 20 6 23 9 -8 -9 11 -11 -1 13 -7 15 16 -3 18 -16 -19 -2 -14 -17 25 -4 -6
right_child=1 14 24 -5 5 12 7 8 -10 10 -12 -13 21 -15 17 22 -18 19 -20 -21 -22 -23 -24 -25 -26 -27
leaf_value=-2.5423096377058539e-05 -6.4407217531101227e-05 0.00020142941584909768 5.3308495935850368e-05 -0.00017306786028309699 0 0 0 -0.00013772838478636111 0 9.6282379019571978e-05 4.4129875034476758e-08 5.7426915292022005e-06 0 0.0001471523105879616 -0.00027010217927715392 -3.9750529238160719e-05 0 8.3451457222923606e-06 0 -5.4801125953902648e-05 0 4.4808519984851599e-05 0 0 0 -6.3877175789759429e-05
leaf_weight=641 36 37 25 51 29 20 30 59 24 94 438 1303 57 57 25 58 35 730 22 86 36 66 22 32 28 27
leaf_count=641 36 37 25 51 29 20 30 59 24 94 438 1303 57 57 25 58 35 730 22 86 36 66 22 32 28 27
internal_value=0 -6.90277e-06 -6.00503e-05 -9.76935e-05 2.1895e-06 3.16443e-05 0 -5.37699e-05 -9.27488e-05 1.31823e-06 2.27016e-05 -2.99133e-06 6.01575e-05 0.000114295 0 3.44041e-05 0.000105354 -3.33669e-06 -9.03252e-05 0 -2.52838e-06 1.83103e-06 0 0 0 -3.84152e-05
internal_weight=4068 1191 176 123 2877 288 2589 113 83 2476 532 1944 200 77 1015 152 72 863 47 816 72 123 80 88 53 56
internal_count=4068 1191 176 123 2877 288 2589 113 83 2476 532 1944 200 77 1015 152 72 863 47 816 72 123 80 88 53 56
is_linear=0
shrinkage=0.03


Tree=199
num_leaves=14
num_cat=0
split_feature=35 36 5 29 29 33 27 21 34 36 34 28 34
split_gain=7.81863e-05 0.000683849 0.000409503 0.000516054 0.00199824 0.00104174 0.000739313 0.000385088 0.000357522 0.000336111 0.00023013 0.000361361 0.000215516
threshold=0.064830555251102193 -0.024623202840402172 11213305.000000002 48.028745131477343 23.7094623353107 0.05185243634252746 1.0127048911144729 269.38333282470711 -0.091977256895321588 -0.0099954584479073506 -0.040517356563296018 -51108346.999999993 -0.037692063791631474
decision_type=2 2 2 2 2 2 2 2 2 2 2 2 2
left_child=2 -2 8 4 7 9 -7 -4 -1 -5 11 -10 -12
right_child=1 -3 3 5 -6 6 -8 -9 10 -11 12 -13 -14
leaf_value=-0.00010976382807654093 -7.33896712573924e-06 0.00013200360448787445 -5.1504211901498952e-05 0 -0.00029090066270459549 -0.00021414713090804586 0 0.00010425484123981104 0.0001581065775716227 9.937694552634276e-05 -4.9690908933799449e-05 8.5265302886844435e-06 1.0531044347165851e-06
leaf_weight=25 21 39 40 27 31 27 59 22 21 67 77 375 3237
leaf_count=25 21 39 40 27 31 27 59 22 21 67 77 375 3237
internal_value=0 3.33858e-05 -9.18227e-07 -3.67538e-05 -9.46111e-05 0 -8.18909e-05 0 8.98802e-07 6.18666e-05 2.45605e-06 2.40706e-05 0
internal_weight=4068 60 4008 273 93 180 86 62 3735 94 3710 396 3314
internal_count=4068 60 4008 273 93 180 86 62 3735 94 3710 396 3314
is_linear=0
shrinkage=0.03


Tree=200
num_leaves=24
num_cat=0
split_feature=5 35 23 33 30 21 34 32 33 33 30 30 1 0 32 24 33 28 34 5 30 30 27
split_gain=7.74206e-05 0.000351434 0.000787908 0.000395179 0.00034591 0.00033411 0.000317477 0.000573293 0.000299164 0.000598614 0.000421029 0.000882696 0.000363655 0.000395227 0.000292762 0.000289431 0.000256724 0.000617756 0.00039346 0.000231459 0.000203544 0.000176942 0.000142297
threshold=3374485.5000000005 0.017999078619700976 -4.4034914727235437 0.013893094147640174 73.801020258109233 360.6933336893718 0.027726296947402477 -0.00081039972435842367 0.0051226390846867984 0.0042373333984383485 63.798103752019536 53.343751039998267 479.19999694824224 373.62655639648443 0.0079862182543742905 -5.2153512906125394 0.039030855355154166 285442108.50000006 0.065984037157841305 2033110.0000000002 46.988913906552909 49.57613756854014 0.93686224164097587
decision_type=2 2 2 2 2 2 2 2 2 2 2 2 2 2 2 2 2 2 2 2 2 2 2
left_child=1 3 21 15 5 -5 20 -8 9 12 11 14 13 -2 -10 -1 18 -18 -12 -17 -4 -3 -13
right_child=8 2 6 4 -6 -7 7 -9 10 -11 16 22 -14 -15 -16 19 17 -19 -20 -21 -22 -23 -24
leaf_value=-7.3228348470858734e-05 -1.1222794412149722e-05 0.00019248814333660744 2.1605493426562332e-06 -0.00010836917223795245 0 0 0.00019478839749836701 0 5.3401392762774241e-05 -0.00014710351501626319 -1.3122665280310819e-06 0.00010820164001189063 -0.00011546737718308092 3.4273633276828453e-05 -7.9150751152424508e-06 -8.1519626752995738e-06 0 -0.00012010943300817859 7.8895681036347538e-05 2.2770369915669541e-05 -4.8492064633348271e-05 0 0
leaf_weight=32 1304 33 138 81 36 21 21 21 85 32 409 113 30 180 332 170 208 56 57 580 78 21 30
leaf_count=32 1304 33 138 81 36 21 21 21 85 32 409 113 30 180 332 170 208 56 57 580 78 21 30
internal_value=0 5.83262e-06 3.38705e-05 -4.18016e-07 -4.96483e-05 -7.98952e-05 0 8.22231e-05 -3.12877e-06 -1.27162e-05 6.03601e-06 2.67783e-05 -7.8849e-06 -3.681e-06 0 4.43909e-06 -5.76836e-06 -3.09715e-05 2.07701e-06 1.17617e-05 -2.26219e-06 0.000140448 9.14233e-05
internal_weight=4068 1232 312 920 138 102 258 42 2836 1546 1290 560 1514 1484 417 782 730 264 466 750 216 54 143
internal_count=4068 1232 312 920 138 102 258 42 2836 1546 1290 560 1514 1484 417 782 730 264 466 750 216 54 143
is_linear=0
shrinkage=0.03


Tree=201
num_leaves=23
num_cat=0
split_feature=30 33 31 26 28 34 35 22 33 36 29 33 36 26 30 36 33 29 31 29 31 29
split_gain=7.5775e-05 0.000354331 0.000291705 0.000474761 0.000756306 0.00035331 0.000431949 0.000400542 0.000255446 0.000594562 0.000230505 0.000275709 0.000208378 0.000204829 0.000171339 0.000335264 0.000334692 0.00029577 0.000724978 0.000474453 0.000130621 3.21589e-05
threshold=22.286073117350323 -0.052991664392439845 -0.011105637742214456 7.4808930579446216 177369422.50000003 -0.05405407162324815 0.032188002339789752 33.832196539556847 -0.072969881027376601 -0.01482092894420123 26.512810207798132 -0.0062695904463083143 0.01520133802566874 6.7508243768163592 26.117591770836139 -0.0077812994725352013 -0.010488610918109041 33.970912167820309 -0.0031323805770211983 49.766828040662453 -0.020431994563503305 24.46516963709664
decision_type=2 2 2 2 2 2 2 2 2 2 2 2 2 2 2 2 2 2 2 2 2 2
left_child=2 8 3 13 -5 6 7 -4 -2 -10 11 -7 -12 20 15 21 -17 18 -16 -19 -1 -3
right_child=1 14 5 4 -6 10 -8 -9 9 -11 12 -13 -14 -15 17 16 -18 19 -20 -21 -22 -23
leaf_value=0 0 3.3957452417733471e-05 -0.0001966173765490113 0 0.00016833461837461051 1.1387077032639547e-05 0 0 -0.00021392750997469213 0 8.042142963250383e-05 -4.4686659896630197e-05 0 -8.2937875856409083e-05 0 -0.00011403898448040531 0 -2.6894615461455041e-05 6.8397241893833132e-05 3.3972435837547738e-06 4.6679822492184418e-05 0
leaf_weight=36 27 25 27 24 50 295 20 34 24 20 64 105 22 20 264 58 74 575 194 2014 75 21
leaf_count=36 27 25 27 24 50 295 20 34 24 20 64 105 22 20 264 58 74 575 194 2014 75 21
internal_value=0 -2.4029e-06 7.97987e-06 3.8984e-05 9.9864e-05 0 -6.06582e-05 -0.000106049 -6.89411e-05 -0.000113472 6.34648e-06 0 5.13504e-05 0 -5.73208e-09 -2.92738e-05 -5.86474e-05 7.20413e-07 2.3619e-05 -2.17246e-06 2.03667e-05 0
internal_weight=4068 3296 772 205 74 567 81 61 71 44 486 400 86 131 3225 178 132 3047 458 2589 111 46
internal_count=4068 3296 772 205 74 567 81 61 71 44 486 400 86 131 3225 178 132 3047 458 2589 111 46
is_linear=0
shrinkage=0.03


Tree=202
num_leaves=16
num_cat=0
split_feature=30 24 29 30 29 26 24 24 25 0 34 35 35 28 33
split_gain=7.41267e-05 0.000410252 0.000234091 0.000666115 0.000525521 0.000299812 0.000250119 0.0006701 0.000245781 0.00021151 0.000530722 0.000174914 0.000144492 0.000126454 9.96604e-05
threshold=9.6073461394145792 -0.44632774084011134 13.284234433958884 14.589330923796107 14.512260540673696 18.516852164655468 -0.17716968368855884 -2.5224144694418529 -0.43234233965905194 216.66602325439456 -0.05942273291347349 0.038221958574974353 0.013602358252978931 333022842.00000006 -0.040210735238121735
decision_type=2 2 2 2 2 2 2 2 2 2 2 2 2 2 2
left_child=1 -1 3 8 6 11 7 -4 12 10 -5 -6 -2 -7 -11
right_child=2 -3 4 9 5 13 -8 -9 -10 14 -12 -13 -14 -15 -16
leaf_value=-0.0001069646547814303 0 0 0 -0.00017592945295983727 0 0 0 -0.00025495120630001842 0 6.9462914014437304e-05 0 2.409072962660695e-05 0.00012089620428377652 -0.00013722608560946448 0
leaf_weight=38 22 30 22 20 3325 20 21 20 21 28 85 280 79 20 37
leaf_count=38 22 30 22 20 3325 20 21 20 21 28 85 280 79 20 37
internal_value=0 -3.12942e-05 7.42106e-08 2.65155e-05 -1.19963e-06 0 -8.70639e-05 -0.00012926 8.11905e-05 0 -3.70753e-05 1.19368e-06 0.000100743 -8.12456e-05 2.65505e-05
internal_weight=4068 68 4000 292 3708 3645 63 42 122 170 105 3605 101 40 65
internal_count=4068 68 4000 292 3708 3645 63 42 122 170 105 3605 101 40 65
is_linear=0
shrinkage=0.03


Tree=203
num_leaves=24
num_cat=0
split_feature=26 20 20 32 0 0 5 28 3 24 32 28 35 5 29 33 32 33 30 26 0 0 24
split_gain=7.37258e-05 0.000410393 0.0014207 0.000631242 0.000518878 0.000506338 0.000626827 0.000408001 0.00028573 0.00022359 0.000294008 0.000324318 0.000372671 0.000279291 0.000733492 0.000359689 0.000432399 0.000285014 0.000275847 0.000236405 0.000210761 0.00024281 0.000200011
threshold=9.527346363755461 281.74000091552739 246.97499923706059 -0.003660121016262285 292.27247619628912 349.20295715332037 3974124.0000000005 177369422.50000003 457.19999694824224 1.4423073361801844 0.0047783198804727265 74451688.000000015 0.034438828979558724 2436695.5000000005 33.970912167820309 -0.0094470525608993921 0.016475600729772725 -0.016472184013132159 78.246521683665591 2.9530454273496658 85.286144256591811 225.15212249755862 0.10157965182830792
decision_type=2 2 2 2 2 2 2 2 2 2 2 2 2 2 2 2 2 2 2 2 2 2 2
left_child=9 2 -2 -4 7 6 -6 -3 -7 13 20 19 -13 14 22 17 -17 -15 -16 -12 -11 -22 -1
right_child=1 4 3 -5 5 8 -8 -9 -10 10 11 12 -14 15 18 16 -18 -19 -20 -21 21 -23 -24
leaf_value=4.6309019027075122e-05 1.3642993878744448e-05 0 0 -0.00031352832943636484 0 3.909987832642388e-05 -7.4270647733560397e-05 0.00012874212234754241 -8.5358772275626903e-06 0 0 0 9.0683728003225993e-05 0 -8.3903790818529313e-05 2.6292495036694456e-05 -7.6691224553412524e-06 -4.8137598229476322e-05 0 -8.123286392511249e-05 4.4624130404307515e-05 0 -1.5764913384047659e-07
leaf_weight=88 26 28 24 23 71 169 195 46 170 23 61 279 45 565 166 763 417 180 30 71 433 154 41
leaf_count=88 26 28 24 23 71 169 195 46 170 23 61 279 45 565 166 763 417 180 30 71 433 154 41
internal_value=0 -8.89381e-06 -7.65934e-05 -0.000190129 0 -1.07636e-05 -4.38667e-05 7.31852e-05 6.36932e-06 1.43853e-06 1.33364e-05 0 1.04626e-05 -2.8655e-06 -2.881e-05 0 1.1749e-05 -1.46914e-05 -6.85337e-05 -4.4057e-05 2.72857e-05 3.31174e-05 8.31406e-06
internal_weight=4068 752 73 47 679 605 266 74 339 3316 1066 456 324 2250 325 1925 1180 745 196 132 610 587 129
internal_count=4068 752 73 47 679 605 266 74 339 3316 1066 456 324 2250 325 1925 1180 745 196 132 610 587 129
is_linear=0
shrinkage=0.03


Tree=204
num_leaves=18
num_cat=0
split_feature=21 24 32 20 2 21 26 0 23 35 24 26 5 26 3 23 26
split_gain=7.52095e-05 0.000448699 0.000686007 0.000397316 0.0014848 0.000739149 0.000512523 0.000435059 0.000395323 0.0008329 0.000766529 0.000364692 0.000313944 6.86078e-05 0.000133411 0.000182288 9.66889e-10
threshold=445.97999954223638 1.4423073361801844 -0.0065640732130123327 371.67000198364263 378.50000000000006 346.88999913533536 10.996984237697108 394.49014282226568 6.7032853982423726 0.029387751277510522 5.1443041251500281 9.527346363755461 3745273.5000000005 9.185344715469796 457.19999694824224 -8.122140617735452 13.515151271740972
decision_type=2 2 2 2 2 2 2 2 2 2 2 2 2 2 2 2 2
left_child=3 13 -3 4 8 -6 7 11 10 -10 -1 -5 -9 -2 15 -15 -16
right_child=1 2 -4 6 5 -7 -8 12 9 -11 -12 -13 -14 14 16 -17 -18
leaf_value=0 -4.1666116231857828e-05 -0.00018128710628868418 0 7.8097840939792161e-05 -0.00029552918462711681 0 0.00015133612543897381 1.7888532652413369e-05 0 8.9552014997391498e-05 -9.3072536330004408e-05 0 -4.307975998971325e-05 0 -1.2134327916640903e-07 7.3798829104120768e-05 0
leaf_weight=2926 20 33 30 124 23 23 33 92 177 134 83 56 141 21 59 57 36
leaf_count=2926 20 33 30 124 23 23 33 92 177 134 83 56 141 21 59 57 36
internal_value=0 -1.61259e-05 -8.63438e-05 5.35057e-07 -2.17621e-06 -0.000171269 2.77181e-05 1.05442e-05 0 3.23619e-05 -3.1563e-06 4.87886e-05 -6.13908e-06 0 1.24549e-05 4.33729e-05 0
internal_weight=4068 256 63 3812 3366 46 446 413 3320 311 3009 180 233 193 173 78 95
internal_count=4068 256 63 3812 3366 46 446 413 3320 311 3009 180 233 193 173 78 95
is_linear=0
shrinkage=0.03


Tree=205
num_leaves=17
num_cat=0
split_feature=28 28 29 26 31 20 23 4 28 19 1 2 22 29 22 20
split_gain=7.4999e-05 0.000410896 0.000728067 0.000978645 0.000501019 0.000257883 0.000715504 0.000293714 0.000178298 0.000193908 0.000757684 0.000244539 0.000137521 9.97451e-05 4.59797e-05 3.0294e-05
threshold=-64441585.999999993 -45684876.499999993 37.737630068929725 2.7151251415019764 0.0014164203029699565 125.39049968719483 -2.1860461080579507 125.25000000000001 -43047682.999999993 139.45000000000002 132.05000305175784 173.65000152587893 62.281127920334875 23.283475471604799 42.4682115626496 112.62249965667725
decision_type=2 2 2 2 2 2 2 2 2 2 2 2 2 2 2 2
left_child=5 2 13 -4 -5 6 -1 -7 -3 10 -10 -11 15 -2 -9 -8
right_child=1 8 3 4 -6 7 12 14 9 11 -12 -13 -14 -15 -16 -17
leaf_value=0.00018187750769933198 0 7.0450785733045676e-05 0 0 -0.00033495408333744192 -8.8623307178976803e-05 -2.0786669971856761e-05 4.143773235141055e-05 0 2.8028242999401742e-05 -9.0687397142948716e-05 -8.6162174165904904e-07 7.6588692846465224e-05 6.3733970087940256e-05 0 0
leaf_weight=28 27 32 21 21 21 34 63 24 196 279 104 3055 21 22 29 91
leaf_count=28 27 32 21 21 21 34 63 24 196 279 104 3055 21 22 29 91
internal_value=0 -1.66979e-06 -5.82484e-05 -0.00012811 -0.000213354 1.4013e-05 3.74979e-05 -6.32227e-06 0 -5.61478e-07 -2.40947e-05 6.56952e-07 0 0 0 0
internal_weight=4068 3778 112 63 42 290 203 87 3666 3634 300 3334 175 49 53 154
internal_count=4068 3778 112 63 42 290 203 87 3666 3634 300 3334 175 49 53 154
is_linear=0
shrinkage=0.03


Tree=206
num_leaves=20
num_cat=0
split_feature=22 25 31 2 35 0 23 33 32 0 28 26 28 33 27 35 35 23 28
split_gain=7.6085e-05 0.000474373 0.000444076 0.000399878 0.000970748 0.000883606 0.000260994 0.000583341 0.000342095 0.000365339 0.000847663 0.000354039 0.000522989 0.000286895 0.000531446 0.000223445 0.000306158 0.000221443 0.000204435
threshold=34.691178939591914 -0.024371103604108543 0.011124618280138667 232.09999847412112 0.02652688176809392 196.94541168212893 -3.5851883285074844 -0.0032277029394494057 -0.037708428593073988 311.76573181152349 171342418.50000003 6.0740194134456642 239189779.50000003 -0.041075952766736083 0.36390638807402226 0.018329998067869072 0.028609005381562393 -4.7394301523225684 47704036.000000007
decision_type=2 2 2 2 2 2 2 2 2 2 2 2 2 2 2 2 2 2 2
left_child=1 2 3 4 -1 -5 7 13 9 10 -8 18 -13 -2 -15 17 -17 -9 -10
right_child=6 -3 -4 5 -6 -7 8 15 11 -11 -12 12 -14 14 -16 16 -18 -19 -20
leaf_value=0 0 -0.00015278219620551539 -0.00010139814708620221 -0.0002014700403427087 0.00014377305622226044 0 0 -7.8637561098102781e-05 -5.1840201532284249e-06 0 0.00021586445201015499 -4.5042145015736636e-05 0 0.00010713160715131017 0 5.5144238533644503e-05 0 0 1.3404825408548997e-05
leaf_weight=150 20 21 38 21 57 150 38 59 935 25 29 407 753 130 39 102 100 37 957
leaf_count=150 20 21 38 21 57 150 38 59 935 25 29 407 753 130 39 102 100 37 957
internal_value=0 -1.22496e-05 0 4.58253e-06 3.8478e-05 -1.89137e-05 8.91825e-07 2.18084e-05 -1.39454e-06 5.35681e-05 9.40154e-05 -4.03597e-06 -1.74988e-05 6.3257e-05 7.74703e-05 0 1.31472e-05 -4.15826e-05 2.63315e-06
internal_weight=4068 437 416 378 207 171 3631 487 3144 92 67 3052 1160 189 169 298 202 96 1892
internal_count=4068 437 416 378 207 171 3631 487 3144 92 67 3052 1160 189 169 298 202 96 1892
is_linear=0
shrinkage=0.03


Tree=207
num_leaves=20
num_cat=0
split_feature=21 24 32 21 2 26 31 26 36 26 0 19 33 26 24 26 30 29 36
split_gain=7.5596e-05 0.000413873 0.000648623 0.000281911 0.00110259 0.000778815 0.000533329 0.000444529 0.00106196 0.000638205 0.00040362 0.000327286 0.000277841 0.00024682 0.000193749 6.26147e-05 0.00020246 0.000168047 2.65746e-05
threshold=445.97999954223638 1.4423073361801844 -0.0065640732130123327 367.15999984741217 377.69999694824224 10.692691686303826 -0.00054347262650517026 11.620576640874765 0.0012693035654407693 10.996984237697108 338.11524963378912 429.75999755859385 -0.0021632144992222431 7.7692910438706244 0.77137724260669527 9.185344715469796 45.443482858095273 17.805153378765606 -0.01217485384975742
decision_type=2 2 2 2 2 2 2 2 2 2 2 2 2 2 2 2 2 2 2
left_child=3 15 -3 4 7 -6 11 9 -9 -1 14 13 -12 -5 -8 -2 17 -17 -18
right_child=1 2 -4 6 5 -7 10 8 -10 -11 12 -13 -14 -15 -16 16 18 -19 -20
leaf_value=0 -4.1356014223324479e-05 -0.00017583915946535269 0 0 0 -0.00022350720856222667 -0.00012612644905576952 0 0.00013962108755624731 -0.00012372061844427489 6.96558803768976e-05 0 0 0.00010081748454481152 0 0 0 7.9597052648031012e-05 -1.8471218069308514e-05
leaf_weight=3092 20 33 30 53 34 34 32 81 69 38 57 44 135 122 21 26 21 56 70
leaf_count=3092 20 33 30 53 34 34 32 81 69 38 57 44 135 122 21 26 21 56 70
internal_value=0 -1.6197e-05 -8.34737e-05 4.72264e-07 -1.74691e-06 -0.000121333 2.29458e-05 0 5.10562e-05 -1.67713e-06 0 5.7498e-05 1.1853e-05 7.62824e-05 -7.95786e-05 0 1.12674e-05 4.98707e-05 0
internal_weight=4068 256 63 3812 3348 68 464 3280 150 3130 245 219 192 175 53 193 173 82 91
internal_count=4068 256 63 3812 3348 68 464 3280 150 3130 245 219 192 175 53 193 173 82 91
is_linear=0
shrinkage=0.03


Tree=208
num_leaves=29
num_cat=0
split_feature=5 32 27 22 2 0 32 26 24 5 35 36 26 5 36 21 22 27 27 35 24 31 31 36 35 30 5 36
split_gain=7.419e-05 0.000449021 0.000379957 0.000490492 0.000481815 0.00108006 0.00129024 0.000776727 0.000380814 0.00037475 0.000406324 0.000358985 0.000757264 0.000753201 0.000345723 0.000277872 0.000262245 0.000254069 0.00022654 0.000194318 0.000262788 0.000240371 0.000204889 0.000185981 0.000137888 0.000102857 7.92867e-05 3.58252e-07
threshold=3021228.0000000005 0.0023942918861812328 0.24654260873179024 44.38196371895382 232.09999847412112 192.86758422851565 -0.010919763586652363 5.4485950808939903 -9.9628063968247869 8476982.0000000019 0.019316609112657108 -0.001943179129270146 15.660529270434274 7613313.5000000009 0.00090663984741628796 299.75833663940438 47.223208843496529 0.57016153316312479 0.27344856519157457 0.017999078619700976 -0.88433412087964791 -0.012099807192801846 0.0041716136929963463 0.0054810746777519499 0.015803242119472233 68.519576134092162 2601135.0000000005 0.0025007744068443155
decision_type=2 2 2 2 2 2 2 2 2 2 2 2 2 2 2 2 2 2 2 2 2 2 2 2 2 2 2 2
left_child=1 19 4 9 7 -6 -7 14 -9 10 -4 13 -13 -5 -2 17 26 18 -3 20 25 -21 -22 -23 -18 -1 -17 -19
right_child=2 15 3 11 5 6 -8 8 -10 -11 -12 12 -14 -15 -16 16 24 27 -20 21 22 23 -24 -25 -26 -27 -28 -29
leaf_value=-2.9576091276548415e-05 -3.7312676627518017e-05 0 0 -3.5593947771131524e-05 -0.0002566293741549159 5.7254539172218016e-06 -9.3120551308954248e-05 0 0.00016437217318278753 0 9.5436776012153759e-05 1.4182744377060007e-05 -0.00012332993230435591 2.6629797020389752e-05 1.8366758972467868e-05 0 0 -8.4293055226703548e-07 -8.6433708875631565e-05 0 4.0524102051800835e-05 0.00010357362899255091 0 0 -6.6455589817402696e-05 0 0.00012098145419599319 2.6450123720552499e-06
leaf_weight=134 250 35 85 625 23 286 160 29 36 21 127 1188 34 189 87 21 29 49 103 22 256 83 43 30 28 33 21 41
leaf_count=134 250 35 85 625 23 286 160 29 36 21 127 1188 34 189 87 21 29 49 103 22 256 83 43 30 28 33 21 41
internal_value=0 6.74143e-06 -2.79848e-06 2.5234e-06 -2.01049e-05 -4.09266e-05 -2.3023e-05 0 9.85786e-05 4.41655e-05 6.11055e-05 -7.70647e-07 7.89213e-06 -1.74599e-05 -1.40378e-05 -1.65003e-05 3.82709e-06 -3.84765e-05 -6.40393e-05 2.43786e-05 7.23391e-06 6.13045e-05 2.80997e-05 8.00128e-05 0 -1.21658e-05 7.51044e-05 0
internal_weight=4068 928 3140 2269 871 469 446 402 65 233 212 2036 1222 814 337 327 99 228 138 601 466 135 299 113 57 167 42 90
internal_count=4068 928 3140 2269 871 469 446 402 65 233 212 2036 1222 814 337 327 99 228 138 601 466 135 299 113 57 167 42 90
is_linear=0
shrinkage=0.03


Tree=209
num_leaves=25
num_cat=0
split_feature=33 33 32 25 31 24 24 35 34 21 31 32 5 35 5 29 28 36 23 36 36 28 35 31
split_gain=7.14689e-05 0.000289784 0.000388484 0.000382259 0.000310947 0.000294052 0.000306107 0.000918201 0.000363889 0.000282121 0.000273857 0.000272213 0.000229601 0.00034863 0.000312448 0.000488778 0.000421215 0.000215526 0.000211262 0.00019832 0.00068177 0.000154866 7.16298e-05 2.86578e-05
threshold=-0.033463896211940174 -0.024422007562937605 -0.017682686206896 -0.16145042130048412 0.0022497710466931058 -10.728583505704743 -4.241157032804149 0.018329998067869072 -0.0016863625761276977 372.90166702270511 -0.010368928710727308 -0.021974775739911908 8223736.5000000009 0.021519643525527817 15127467.000000002 8.6525967258960659 172503788.50000003 -0.0064721747839757747 6.583255803372837 0.00068645646084684235 -0.012631954029879938 156148067.00000003 0.013523994795405414 -0.0159595824909835
decision_type=2 2 2 2 2 2 2 2 2 2 2 2 2 2 2 2 2 2 2 2 2 2 2 2
left_child=12 2 10 4 -4 9 7 -7 -8 21 11 -2 13 22 15 -14 -16 -12 -17 20 -15 -3 -1 -24
right_child=1 5 3 -5 -6 6 8 -9 -10 -11 17 -13 14 19 16 18 -18 -19 -20 -21 -22 -23 23 -25
leaf_value=-3.5828662275719654e-05 6.3469274155253809e-05 0 0.00014576398926944518 0 0 -1.9745242522713603e-05 -1.7124423396571347e-05 6.6144550242271054e-05 4.1612384492804705e-06 0 0 0 0 0 -0.00013459594405345091 0.00011043633173001313 0 -8.4676098458796184e-05 0 0 -0.00020368324016963672 -0.00017688470628328832 0 2.4295670691342176e-05
leaf_weight=32 88 20 58 33 21 140 1089 234 1800 28 22 20 23 86 24 70 24 46 23 25 33 21 25 83
leaf_count=32 88 20 58 33 21 140 1089 234 1800 28 22 20 23 86 24 70 24 46 23 25 33 21 25 83
internal_value=0 8.10622e-07 3.00952e-05 7.38017e-05 0.000109856 -8.21069e-07 0 2.59774e-05 -2.82426e-06 -6.21483e-05 0 3.18858e-05 -1.17574e-05 -3.06774e-05 2.72376e-06 4.40144e-05 -3.4576e-05 -4.47813e-05 8.45038e-05 -6.35047e-05 -7.98625e-05 -0.000112568 0 1.46688e-05
internal_weight=4068 3620 288 112 79 3332 3263 374 2889 69 176 108 448 284 164 116 48 68 93 144 119 41 140 108
internal_count=4068 3620 288 112 79 3332 3263 374 2889 69 176 108 448 284 164 116 48 68 93 144 119 41 140 108
is_linear=0
shrinkage=0.03


Tree=210
num_leaves=29
num_cat=0
split_feature=5 35 23 33 30 34 32 25 33 29 30 35 0 22 31 5 30 30 32 23 0 35 33 27 4 20 30 27
split_gain=7.52031e-05 0.000316961 0.000690923 0.000348929 0.000316438 0.000293509 0.000532531 0.000518499 0.000276708 0.000561851 0.00106666 0.00115069 0.000550363 0.000448964 0.000975021 0.000541828 0.000396075 0.000823528 0.000270792 0.000263422 0.000253178 0.000252161 0.000519221 0.000405168 0.000243641 0.000243184 0.000170356 0.000130832
threshold=3374485.5000000005 0.017999078619700976 -4.4034914727235437 0.013893094147640174 73.801020258109233 0.027726296947402477 -0.00081039972435842367 -0.93061156348500906 0.0051226390846867984 36.810552881599087 61.961736619282391 0.016408100762718723 315.48075866699224 32.745082533420188 0.011124618280138667 5345004.0000000009 63.798103752019536 53.343751039998267 0.0079862182543742905 -1.1381183173241707 127.92708206176759 0.051008522863150607 0.039030855355154166 1.0958797442397439 190.55000305175784 366.12499847412113 49.57613756854014 0.93686224164097587
decision_type=2 2 2 2 2 2 2 2 2 2 2 2 2 2 2 2 2 2 2 2 2 2 2 2 2 2 2 2
left_child=1 3 26 19 25 7 -7 -4 9 13 11 -11 -12 14 -2 -15 17 18 -10 24 -21 22 -18 -23 -1 -5 -3 -19
right_child=8 2 5 4 -6 6 -8 -9 16 10 12 -13 -14 15 -16 -17 21 27 -20 20 -22 23 -24 -25 -26 -27 -28 -29
leaf_value=0 -2.0917230406052241e-06 0.00018209259766097715 5.6131073997957903e-05 -0.00010023621116740429 0 0.0001875909438943799 0 -4.2421381199993967e-05 5.1243531879310672e-05 0 2.2150966286221708e-05 -0.00012479767227365979 -6.8049732551165126e-05 -1.8620577132013761e-06 -0.00023296567987677111 4.5817118087681308e-05 0 0.0001041832000306622 -7.8084607881537038e-06 0 3.6451877048366631e-05 0.00014795972527915027 -5.133185240750618e-05 0 -4.4322220653526612e-05 0 0 0
leaf_weight=116 243 33 58 80 36 21 21 158 85 72 244 176 81 413 21 296 460 113 332 209 316 22 228 20 141 22 21 30
leaf_count=116 243 33 58 80 36 21 21 158 85 72 244 176 81 413 21 296 460 113 332 209 316 22 228 20 141 22 21 30
internal_value=0 5.49322e-06 3.21388e-05 -2.85112e-07 -4.6696e-05 0 7.90741e-05 -2.06203e-06 -3.27955e-06 -1.24947e-05 -3.61042e-05 -8.29484e-05 0 0 -3.18973e-05 1.38164e-05 5.4391e-06 2.56562e-05 0 4.07414e-06 1.91295e-05 -5.96225e-06 -1.39411e-05 5.32025e-05 -1.50078e-05 -7.57543e-05 0.000132109 8.8067e-05
internal_weight=4068 1232 312 920 138 258 42 216 2836 1546 573 248 325 973 264 709 1290 560 417 782 525 730 688 42 257 102 54 143
internal_count=4068 1232 312 920 138 258 42 216 2836 1546 573 248 325 973 264 709 1290 560 417 782 525 730 688 42 257 102 54 143
is_linear=0
shrinkage=0.03


Tree=211
num_leaves=25
num_cat=0
split_feature=26 28 35 36 32 32 35 31 32 36 30 0 30 25 36 32 26 28 1 2 26 20 25 22
split_gain=7.63003e-05 0.000276387 0.000385884 0.000625235 0.000279203 0.000380286 0.000857889 0.000689012 0.000271372 0.000605781 0.000256691 0.00067069 0.000288396 0.000237338 0.000151981 0.000436953 0.000208973 8.70237e-05 0.000146769 0.00012311 0.00016011 0.000101018 7.43331e-05 5.1181e-07
threshold=3.1147343321262988 87252110.000000015 0.015715448198525807 0.0029862017809198674 0.00091964734736182951 -0.029935113246465857 0.043001717866550222 -0.011729025487190124 -0.049378145490795548 0.0073971171832226575 81.58155210973193 367.44801330566412 77.574858560965808 -0.3214404105567793 -0.010150007363365464 -0.024471905672718727 2.60982334807492 31741985.000000004 132.05000305175784 203.70000457763675 2.9716724235062695 116.05000000000001 -0.29343736107267487 49.368076085332014
decision_type=2 2 2 2 2 2 2 2 2 2 2 2 2 2 2 2 2 2 2 2 2 2 2 2
left_child=14 2 3 13 5 7 -7 -3 -4 -10 12 -12 -6 -2 15 -1 -17 18 21 20 -19 -16 -20 -5
right_child=1 4 8 23 10 6 -8 -9 9 -11 11 -13 -14 -15 17 16 -18 19 22 -21 -22 -23 -24 -25
leaf_value=0 0 5.9811321545424808e-05 -0.00010069103881215138 0 1.1272888742978877e-05 -9.8960215339661485e-06 -0.00020583589549188488 -4.5767021325243462e-05 2.7054675612838358e-05 -4.4769618866519389e-05 0 -0.00013544568216395387 8.4804877037180574e-05 -0.00014113972803035137 -2.2224692302464887e-05 0 0.00013139171704765152 4.6370419737752169e-05 0 0 0 1.2575060405384583e-05 -4.0708543767030878e-05 4.3718708573774786e-06
leaf_weight=28 56 174 24 24 898 1000 23 52 331 151 153 34 74 70 69 56 44 151 72 29 47 359 125 24
leaf_count=28 56 174 24 24 898 1000 23 52 331 151 153 34 74 70 69 56 44 151 72 29 47 359 125 24
internal_value=0 -2.871e-06 -2.00323e-05 -5.96807e-05 7.30046e-07 -7.70405e-06 -1.72533e-05 2.2241e-05 -4.61451e-07 0 1.24072e-05 -1.08341e-05 1.99653e-05 -9.68504e-05 6.64031e-06 3.74853e-05 7.56759e-05 0 -3.64867e-06 1.75565e-05 3.02103e-05 0 -2.66908e-05 0
internal_weight=4068 3088 680 174 2408 1249 1023 226 506 482 1159 187 972 126 980 128 100 852 625 227 198 428 197 48
internal_count=4068 3088 680 174 2408 1249 1023 226 506 482 1159 187 972 126 980 128 100 852 625 227 198 428 197 48
is_linear=0
shrinkage=0.03


Tree=212
num_leaves=22
num_cat=0
split_feature=33 33 20 5 24 24 35 34 4 33 29 30 21 25 34 5 5 5 33 33 5
split_gain=7.27941e-05 0.000269932 0.00033616 0.000480218 0.000231359 0.000329095 0.000779949 0.00036635 0.000246803 0.000226002 0.000314917 0.000101508 9.72398e-05 8.50007e-05 0.000356358 0.000134441 0.000518241 6.75224e-05 0.000150308 7.66777e-05 2.06597e-05
threshold=-0.033463896211940174 -0.023614923953531815 258.26000289916999 3932809.0000000005 -10.728583505704743 -4.241157032804149 0.018329998067869072 -0.0016863625761276977 328.30000305175787 -0.03540820055145371 18.687416659000085 54.897495550771666 289.32166595458989 0.1371626227732812 -0.030859899745064475 19863452.000000004 9242504.0000000019 4900822.0000000009 -0.0304591491835518 -0.026471517762552074 3096222.5000000005
decision_type=2 2 2 2 2 2 2 2 2 2 2 2 2 2 2 2 2 2 2 2 2
left_child=9 2 17 20 8 6 -6 -7 12 13 -11 -5 -3 15 -15 16 -1 19 -19 -2 -4
right_child=1 4 3 11 5 7 -8 -9 -10 10 -12 -13 -14 14 -16 -17 -18 18 -20 -21 -22
leaf_value=0 4.1494454655484267e-05 0 3.967313226392679e-06 0.00012525697041555241 -1.3086647791205485e-05 -1.766588218877309e-05 6.4087959071663326e-05 3.7553868281338115e-06 0 0 -0.00014248518347443763 0 -0.00015707826006813283 -0.00010624049957264532 0 -4.9690431159351589e-05 7.9389725324931581e-05 0 -5.0084378717446804e-05 0 -2.6915013689020887e-05
leaf_weight=222 59 23 26 68 139 1069 230 1794 24 21 27 20 21 35 37 21 85 27 65 30 25
leaf_count=222 59 23 26 68 139 1069 230 1794 24 21 27 20 21 35 37 21 85 27 65 30 25
internal_value=0 7.71923e-07 2.75153e-05 6.25879e-05 -9.13062e-07 0 2.68932e-05 -3.19551e-06 -5.56597e-05 -1.18908e-05 -7.44711e-05 0.000105312 -9.90999e-05 0 -3.23498e-05 1.78665e-06 1.50917e-05 0 -1.7443e-05 1.91713e-05 0
internal_weight=4068 3620 320 139 3300 3232 369 2863 68 448 48 88 44 400 72 328 307 181 92 89 51
internal_count=4068 3620 320 139 3300 3232 369 2863 68 448 48 88 44 400 72 328 307 181 92 89 51
is_linear=0
shrinkage=0.03


Tree=213
num_leaves=16
num_cat=0
split_feature=28 28 29 26 31 33 28 29 33 36 28 32 24 34 29
split_gain=7.63385e-05 0.000386873 0.000682142 0.000941255 0.00044166 0.000322569 0.000659116 0.000245736 0.000741479 0.000314609 0.00016147 0.000183019 0.000789335 0.000280005 9.02474e-05
threshold=-64441585.999999993 -45684876.499999993 37.737630068929725 2.7151251415019764 0.0014164203029699565 0.018213994058062569 -81280726.999999985 12.796200724299936 -0.021120692908275947 -0.010150007363365464 -43047682.999999993 0.053050406723326955 8.4893667249542926 0.063112029625154067 23.283475471604799
decision_type=2 2 2 2 2 2 2 2 2 2 2 2 2 2 2
left_child=5 2 14 -4 -5 7 -7 -1 -9 -10 -3 13 -13 -12 -2
right_child=1 10 3 4 -6 6 -8 8 9 -11 11 12 -14 -15 -16
leaf_value=7.3900528761566183e-05 0 6.6893457774525478e-05 0 0 -0.00032425958893573023 0 0.00019356302742148742 -0.00014968373391431399 9.9899313443989121e-05 -4.2379152492293675e-06 -1.3392505065685999e-06 0 -0.0001766435438506073 3.780848907182596e-05 6.062368831778474e-05
leaf_weight=35 27 32 21 21 21 20 25 31 28 151 3340 94 28 172 22
leaf_count=35 27 32 21 21 21 20 25 31 28 151 3340 94 28 172 22
internal_value=0 -1.76787e-06 -5.66689e-05 -0.000124236 -0.000207979 1.40046e-05 8.77419e-05 0 -1.18436e-05 0 0 -6.80744e-07 -3.69165e-05 0 0
internal_weight=4068 3778 112 63 42 290 45 245 210 179 3666 3634 122 3512 49
internal_count=4068 3778 112 63 42 290 45 245 210 179 3666 3634 122 3512 49
is_linear=0
shrinkage=0.03


Tree=214
num_leaves=24
num_cat=0
split_feature=5 33 33 34 21 25 33 20 36 28 36 33 33 21 20 36 36 0 34 2 21 36 0
split_gain=7.41544e-05 0.000261616 0.000549694 0.000357561 0.00038757 0.000304838 0.00052638 0.000296963 0.000267895 0.000261581 0.000239421 0.000278997 0.000220176 0.000385531 0.000325795 0.00024962 0.000498914 0.000204371 0.000154459 0.000143886 0.000252247 8.69828e-05 7.20714e-05
threshold=3374485.5000000005 0.0051226390846867984 0.0042373333984383485 0.025724884125061912 372.90166702270511 -2.8198615963119544 -0.052991664392439845 265.95499839782718 0.021868019306901989 323942445.00000006 0.034008946954061467 0.046439724094094033 0.013893094147640174 360.6933336893718 126.43750019073487 -0.011926473550928901 -0.01118264427797042 127.92708206176759 0.065984037157841305 359.50000000000006 232.94666608174643 0.0037492419083010437 392.60867309570318
decision_type=2 2 2 2 2 2 2 2 2 2 2 2 2 2 2 2 2 2 2 2 2 2 2
left_child=12 2 5 4 8 6 -2 -7 -3 -6 11 -5 15 14 -14 19 -17 -18 -12 20 -1 -16 -15
right_child=1 3 -4 10 9 7 -8 -9 -10 -11 18 -13 13 22 21 16 17 -19 -20 -21 -22 -23 -24
leaf_value=0 -6.4185216734825934e-06 4.7909538151444873e-05 -0.00014127273753363742 0 -7.6586736415438071e-05 0 8.125311948374888e-05 -3.1647028587312473e-05 0 0 0 -4.3375322427121153e-05 0 6.2704295928532616e-05 -0.00010042932865165669 0.00014887265925430244 0 2.2647239356889315e-05 6.9331742044018534e-05 0 -0.00014268210631666648 0 0
leaf_weight=32 45 400 32 453 41 870 89 510 49 68 22 208 31 21 76 30 349 595 49 20 20 33 25
leaf_count=32 45 400 32 453 41 870 89 510 49 68 22 208 31 21 76 30 349 595 49 20 20 33 25
internal_value=0 -3.27027e-06 -1.22378e-05 5.15154e-06 2.44667e-05 -7.51996e-06 2.9457e-05 -1.32861e-05 3.88333e-05 -7.19652e-06 -5.47587e-06 -1.45744e-05 5.43593e-06 -1.8998e-05 -5.31686e-05 1.265e-05 1.86655e-05 1.13346e-05 3.69371e-05 -2.70306e-05 -5.91328e-05 -7.94841e-05 1.98133e-05
internal_weight=4068 2836 1546 1290 558 1514 134 1380 449 109 732 661 1232 186 140 1046 974 944 71 72 52 109 46
internal_count=4068 2836 1546 1290 558 1514 134 1380 449 109 732 661 1232 186 140 1046 974 944 71 72 52 109 46
is_linear=0
shrinkage=0.03


Tree=215
num_leaves=18
num_cat=0
split_feature=21 21 31 20 2 36 26 25 0 26 5 28 3 29 29 31 31
split_gain=7.16882e-05 0.000403769 0.000388335 0.000371629 0.00131727 0.00088734 0.00048689 0.00039253 0.000390191 0.000337789 0.000281341 0.000230801 0.00012707 0.000154294 0.000384726 7.65773e-05 1.17787e-05
threshold=445.97999954223638 463.08166554768883 -0.0019291849266291348 371.67000198364263 378.50000000000006 -0.005570484183491659 10.996984237697108 4.7038512295747719 394.49014282226568 9.527346363755461 3745273.5000000005 297631915.50000006 457.19999694824224 48.028745131477343 17.805153378765606 -0.0057558326953959229 0.0082220877266542276
decision_type=2 2 2 2 2 2 2 2 2 2 2 2 2 2 2 2 2
left_child=3 2 -2 4 7 -6 8 11 9 -5 -10 -1 15 14 -14 -3 -15
right_child=1 12 -4 6 5 -7 -8 -9 10 -11 -12 -13 13 16 -16 -17 -18
leaf_value=-3.2597766597231673e-06 -0.00016628265385830844 0 0 7.4437686092680667e-05 0 -0.00027690751775804814 0.0001471315294806986 0.00010274777041179805 1.6222649957871495e-05 0 -4.0892981553357325e-05 4.56744371792991e-05 0 1.2961475994244581e-05 -0.00011413641986163223 6.8292952160536345e-05 0
leaf_weight=3202 28 28 20 124 20 26 33 33 92 56 141 85 20 63 39 34 24
leaf_count=3202 28 28 20 124 20 26 33 33 92 56 141 85 20 63 39 34 24
internal_value=0 -1.58169e-05 -9.42705e-05 3.43616e-07 -2.25672e-06 -0.00016152 2.66896e-05 0 9.77048e-06 4.61526e-05 -5.47359e-06 -1.08036e-06 0 -1.28814e-05 -5.25343e-05 3.80948e-05 0
internal_weight=4068 256 48 3812 3366 46 446 3320 413 180 233 3287 208 146 59 62 87
internal_count=4068 256 48 3812 3366 46 446 3320 413 180 233 3287 208 146 59 62 87
is_linear=0
shrinkage=0.03


Tree=216
num_leaves=17
num_cat=0
split_feature=28 28 29 26 35 33 26 3 34 19 33 2 29 29 26 35
split_gain=7.04943e-05 0.000368459 0.000646712 0.00090285 0.000319943 0.000932079 0.000946553 0.000157708 0.000593833 0.000234596 0.000306829 0.000217887 8.38668e-05 7.88168e-05 0.00017801 0.000164388
threshold=-64441585.999999993 -45684876.499999993 37.737630068929725 2.7151251415019764 0.018786871766415924 -0.015708709799502448 2.6663786779581122 122.75000000000001 -0.011154577362275707 139.45000000000002 -0.017577900444392721 173.65000152587893 23.283475471604799 13.284234433958884 2.0574845430286457 0.01190003325596972
decision_type=2 2 2 2 2 2 2 2 2 2 2 2 2 2 2 2
left_child=4 2 12 -4 13 -6 -7 8 -3 10 -9 -11 -2 -1 -15 -16
right_child=1 7 3 -5 5 6 -8 9 -10 11 -12 -13 -14 14 15 -17
leaf_value=3.031706549083218e-05 0 0 0 -0.00020313549136981863 -1.357097381394998e-06 0 0.00031025960207232641 0 0.000149559163955656 2.6104243045060558e-05 -4.7509711255886573e-05 -1.0773873079091546e-06 5.8441343675135745e-05 0 0 -7.3010360421584675e-05
leaf_weight=29 27 39 21 42 31 44 21 42 30 283 217 3055 22 74 25 66
leaf_count=29 27 39 21 42 31 44 21 42 30 283 217 3055 22 74 25 66
internal_value=0 -1.7061e-06 -5.52837e-05 -0.000121053 1.34459e-05 5.95156e-05 0.000134588 0 4.48224e-05 -9.30122e-07 -2.87315e-05 3.29105e-07 0 0 -1.63599e-05 -4.73673e-05
internal_weight=4068 3778 112 63 290 96 65 3666 69 3597 259 3338 49 194 165 91
internal_count=4068 3778 112 63 290 96 65 3666 69 3597 259 3338 49 194 165 91
is_linear=0
shrinkage=0.03


Tree=217
num_leaves=14
num_cat=0
split_feature=22 25 28 22 24 34 22 34 20 33 25 25 27
split_gain=7.13429e-05 0.000423166 0.000449403 0.00149337 0.000530553 0.000863174 0.000796701 0.000303207 0.000242727 0.00110491 0.000217158 0.000280594 9.32264e-05
threshold=34.691178939591914 -0.024371103604108543 231496811.00000003 30.785184117427196 -6.3035811327951654 -0.083444739828477374 28.231954275083385 -0.072970934078677815 489.24499969482429 -0.0091617064312406443 5.9186979196605103 4.7038512295747719 0.18754798060477251
decision_type=2 2 2 2 2 2 2 2 2 2 2 2 2
left_child=1 2 4 -4 6 -6 -1 12 10 -10 11 -9 -2
right_child=7 -3 3 -5 5 -7 -8 8 9 -11 -12 -13 -14
leaf_value=0.0001714690019687716 0.00013044410778024183 -0.00014486754573528516 -0.00023588086509855513 0 -0.00017634517899102185 1.4636308177288233e-06 0 7.8168075768044278e-07 -0.00024534541047560463 0 -7.9565513995061765e-05 9.8192458823190661e-05 0
leaf_weight=41 21 21 31 26 25 245 48 3469 20 45 28 28 20
leaf_count=41 21 21 31 26 25 245 48 3469 20 45 28 28 20
internal_value=0 -1.19067e-05 0 -8.22586e-05 7.09896e-06 -3.95234e-06 7.42622e-05 7.85556e-07 0 -5.75332e-05 9.17746e-07 2.42227e-06 8.18174e-05
internal_weight=4068 437 416 57 359 270 89 3631 3590 65 3525 3497 41
internal_count=4068 437 416 57 359 270 89 3631 3590 65 3525 3497 41
is_linear=0
shrinkage=0.03


Tree=218
num_leaves=21
num_cat=0
split_feature=5 34 29 33 35 2 33 31 30 27 35 4 27 32 31 26 23 23 20 32
split_gain=6.97614e-05 0.000505743 0.00184864 0.000681125 0.000992972 0.000562045 0.000314327 0.000144537 0.000907703 0.00111332 0.000696323 0.000604531 0.000545793 0.000362262 0.000251728 0.000585575 0.000474464 8.85143e-05 0.000212424 5.5882e-05
threshold=11213305.000000002 -0.091977256895321588 48.028745131477343 -0.057778747975586402 0.031606209710471997 377.69999694824224 0.05185243634252746 -0.010551590285322042 79.093729125942232 0.62474223952731778 0.029667495766564102 264.10000610351568 0.88461719966312458 -0.026488815088207825 -0.0078063695625798504 7.855836665754814 5.3265846145213525 -1.5353517800669179 256.6749988555909 -0.07234928860763766
decision_type=2 2 2 2 2 2 2 2 2 2 2 2 2 2 2 2 2 2 2 2
left_child=7 19 3 -3 -5 6 -4 8 9 11 -11 -1 -10 17 15 -15 -16 18 -9 -2
right_child=1 2 5 4 -6 -7 -8 13 12 10 -12 -13 -14 14 16 -17 -18 -19 -20 -21
leaf_value=-1.3305722482302995e-06 0 0 6.7587905121010858e-05 0 -0.00031694761310250332 -0.00013446818435683657 0 0 0.00015976155037931939 -0.0001398577117210307 0 5.0886418988180489e-05 0 0 -3.4993834872889558e-07 -0.00011212913508217607 3.8976318844052202e-05 0 -0.00015839402598649631 0.00010253169254135728
leaf_weight=362 21 20 93 22 35 20 93 20 56 74 27 279 20 186 2297 58 296 45 24 20
leaf_count=362 21 20 93 22 35 20 93 20 56 74 27 279 20 186 2297 58 296 45 24 20
internal_value=0 -1.37613e-05 -3.5438e-05 -0.000161836 -0.00021471 0 2.76617e-05 6.13575e-07 1.22983e-05 0 -9.02091e-05 1.67222e-05 0.00011118 -1.62809e-06 0 -2.88713e-05 2.9837e-06 -6.12067e-05 -9.68267e-05 6.25905e-05
internal_weight=4068 324 283 77 57 206 186 3744 818 742 101 641 76 2926 2837 244 2593 89 44 41
internal_count=4068 324 283 77 57 206 186 3744 818 742 101 641 76 2926 2837 244 2593 89 44 41
is_linear=0
shrinkage=0.03


Tree=219
num_leaves=22
num_cat=0
split_feature=30 32 22 24 33 35 31 36 30 31 22 25 0 2 36 25 32 32 26 30 30
split_gain=7.02531e-05 0.000465833 0.000360641 0.000280936 0.000220912 0.000441699 0.000474798 0.00110097 0.000412638 0.000574704 0.00036664 0.000925888 0.000615094 0.000342159 0.000210148 0.000270794 0.000205037 0.000170205 2.40293e-05 1.39135e-05 3.00619e-05
threshold=85.655778423565195 0.0092861184828840777 71.513098316121997 1.2229843106001737 0.011681944588277539 0.018329998067869072 0.00081333293100671622 -0.0039110392942001042 73.801020258109233 0.0020768646178237486 67.5922717109122 1.1420897594954214 146.77803039550784 378.50000000000006 -0.034421974758529934 -3.0571839162509526 0.0016866071907066795 0.014407036205664416 3.0952696633773251 92.113208581371296 89.312578168417147
decision_type=2 2 2 2 2 2 2 2 2 2 2 2 2 2 2 2 2 2 2 2 2
left_child=4 3 -3 18 10 8 7 -7 9 -6 14 12 -12 -8 -1 -16 -5 -10 -2 20 -4
right_child=1 2 19 16 5 6 13 -9 17 -11 11 -13 -14 -15 15 -17 -18 -19 -20 -21 -22
leaf_value=-6.9588426479121751e-05 0 -0.00011679002559217248 0 0 -7.992626052565142e-05 0 2.4281173343121083e-05 0.0001970068848424195 5.9700536248819798e-05 0 0 0 -0.00028782967785834023 -3.2008491595001681e-05 4.540220712259224e-05 -1.3332574691475724e-06 0.00013150560062100318 0 -2.6804544809011371e-05 -2.3282691957308091e-05 3.1596909470880239e-05
leaf_weight=39 22 58 31 23 123 112 401 50 75 201 26 36 21 96 116 2470 26 62 30 23 27
leaf_count=39 22 58 31 23 123 112 401 50 75 201 26 36 21 96 116 2470 26 62 30 23 27
internal_value=0 -1.61525e-05 -5.79981e-05 1.17638e-05 3.90957e-07 1.22471e-05 2.8973e-05 7.66991e-05 -5.15741e-06 -2.88179e-05 -3.40511e-06 -6.59254e-05 -0.000159249 7.36907e-06 -2.83033e-07 0 7.3719e-05 2.8897e-05 0 0 0
internal_weight=4068 240 139 101 3828 1120 659 162 461 324 2708 83 47 497 2625 2586 49 137 52 81 58
internal_count=4068 240 139 101 3828 1120 659 162 461 324 2708 83 47 497 2625 2586 49 137 52 81 58
is_linear=0
shrinkage=0.03


Tree=220
num_leaves=26
num_cat=0
split_feature=5 35 23 34 25 25 27 31 4 23 28 27 25 19 31 21 35 25 24 35 30 5 31 1 34
split_gain=7.25731e-05 0.000294469 0.000636638 0.000265554 0.000486045 0.000379818 0.000248948 0.000465279 0.000524529 0.000512939 0.000799939 0.000451092 0.00155879 0.000449709 0.000829925 0.000617421 0.000380944 0.000268895 0.000188563 0.000253988 0.000160503 0.000159061 0.000304693 0.00018809 6.27122e-05
threshold=3374485.5000000005 0.017999078619700976 -4.4034914727235437 0.027726296947402477 -0.93061156348500906 1.3050428955140323 0.24654260873179024 -0.013022176945312212 389.10000610351568 16.101340865292688 380222174.00000006 0.21026528544805054 -1.5538355002087965 281.88000183105476 -0.0085443898227983133 283.32583427429205 0.01846151498647837 0.62336313064283544 -4.4741714332689577 0.012921632207406318 49.57613756854014 2033110.0000000002 -0.0082328554447555474 370.10000610351568 -0.002695416752871493
decision_type=2 2 2 2 2 2 2 2 2 2 2 2 2 2 2 2 2 2 2 2 2 2 2 2 2
left_child=1 18 20 4 -4 -5 11 8 16 17 -11 13 -13 15 -15 -2 -8 -9 19 -1 -3 23 -23 -20 -10
right_child=6 2 3 5 -6 -7 7 9 24 10 -12 12 -14 14 -16 -17 -18 -19 21 -21 -22 22 -24 -25 -26
leaf_value=0 -6.9776312389655438e-06 0.00017543153978006356 5.4223786696083134e-05 0 -4.1108680704281184e-05 0.00016990945216636657 0 1.0665817345326854e-05 -5.3986232742607821e-05 -0.00018294112064161044 0 -0.00023808263448631993 0 8.2265346004151382e-05 -1.9787570505270936e-05 -0.00014839190050408574 7.0177425524704437e-05 -1.3658035261555601e-05 -3.8158217029949679e-05 -9.7239304117651291e-05 0 -3.1152565853332326e-05 2.1869073649463322e-05 0 0
leaf_weight=28 434 33 58 22 158 20 48 871 25 36 27 36 63 125 93 37 242 766 162 42 21 79 573 36 33
leaf_count=28 434 33 58 22 158 20 48 871 25 36 27 36 63 125 93 37 242 766 162 42 21 79 573 36 33
internal_value=0 5.42371e-06 3.10691e-05 0 -1.61444e-06 7.52565e-05 -3.20165e-06 9.71524e-07 3.36473e-05 -3.95439e-06 -8.79625e-05 -1.7853e-05 -8.05732e-05 -4.47708e-06 2.49847e-05 -2.44838e-05 5.41126e-05 0 -1.53258e-08 -4.91709e-05 0.000127121 5.09094e-07 1.08404e-05 -1.83555e-05 -1.69607e-05
internal_weight=4068 1232 312 258 216 42 2836 2048 348 1700 63 788 99 689 218 471 290 1637 920 70 54 850 652 198 58
internal_count=4068 1232 312 258 216 42 2836 2048 348 1700 63 788 99 689 218 471 290 1637 920 70 54 850 652 198 58
is_linear=0
shrinkage=0.03


Tree=221
num_leaves=23
num_cat=0
split_feature=26 3 3 36 24 2 32 32 33 1 32 5 5 27 2 23 31 25 21 31 24 26
split_gain=7.1736e-05 0.000230394 0.000813615 0.000448496 0.000579556 0.000323462 0.000316103 0.000230541 0.000379759 0.000198812 0.000132672 0.000244012 0.000187469 0.000151569 0.000119787 0.000314855 6.03352e-05 5.11983e-05 4.63707e-05 4.50192e-05 0.000167795 0.000112019
threshold=3.1147343321262988 147.55000305175784 120.54999923706056 -0.013211585103394773 1.4716268011375535 173.65000152587893 0.018542155381763962 0.00091964734736182951 -0.0015463894735695536 236.90000152587893 0.0023942918861812328 2799599.5000000005 3477946.0000000005 0.30104786296418889 117.35000228881837 1.3399869887442153 -0.01070178400876237 0.49720013775484462 117.52083320617676 -0.0080730357428180893 1.0000000180025095e-35 2.4921639947932497
decision_type=2 2 2 2 2 2 2 2 2 2 2 2 2 2 2 2 2 2 2 2 2 2
left_child=10 2 -2 -4 -5 6 -3 8 -7 -9 12 13 16 -12 -13 -16 -1 -15 -18 21 -21 -14
right_child=1 5 3 4 -6 7 -8 9 -10 -11 11 14 19 17 15 -17 18 -19 -20 20 -22 -23
leaf_value=0 4.6607395176587298e-05 8.0097488767831698e-05 0 -0.00018153004232390925 0 -5.4979964598507443e-07 0 -9.4159613721381445e-06 -3.9658764361408889e-05 1.3610201853036952e-05 0 -2.1104994545490518e-05 0 -7.8422150690131789e-05 4.8432935156191829e-05 0 0 0 3.8345354653619961e-05 -6.8238000314336657e-05 0 3.7755449225905498e-05
leaf_weight=25 34 86 30 55 45 1144 26 381 345 942 24 32 58 64 164 106 27 22 288 40 56 74
leaf_count=25 34 86 30 55 45 1144 26 381 345 942 24 32 58 64 164 106 27 22 288 40 56 74
internal_value=0 -2.84174e-06 -3.76239e-05 -8.27316e-05 -0.000113703 0 4.8885e-05 -2.87384e-06 -1.1628e-05 4.71147e-06 6.35838e-06 -6.5013e-07 1.6722e-05 -4.38525e-05 5.16464e-06 1.93917e-05 3.10351e-05 -6.35879e-05 3.48128e-05 0 -1.92759e-05 6.03434e-06
internal_weight=4068 3088 164 130 100 2924 112 2812 1489 1323 980 412 568 110 302 270 340 86 315 228 96 132
internal_count=4068 3088 164 130 100 2924 112 2812 1489 1323 980 412 568 110 302 270 340 86 315 228 96 132
is_linear=0
shrinkage=0.03


Tree=222
num_leaves=15
num_cat=0
split_feature=35 36 5 22 29 29 34 33 34 28 24 20 36 25
split_gain=7.56375e-05 0.000625587 0.000381314 0.000454373 0.00127911 0.00111102 0.000847117 0.000414772 0.000292513 0.000212026 0.000636027 0.000249545 0.000176746 7.728e-05
threshold=0.064830555251102193 -0.024623202840402172 11213305.000000002 56.252397604375552 20.389577268066187 43.876838254515512 0.087843515861323232 0.078994317100845382 -0.091977256895321588 -67234916.999999985 -2.4137224497678322 118.30250015258791 0.0061906139372889697 -1.9691880485236062
decision_type=2 2 2 2 2 2 2 2 2 2 2 2 2 2
left_child=2 -2 8 4 13 -6 12 -8 -1 10 -10 -11 -5 -4
right_child=1 -3 3 6 5 -7 7 -9 9 11 -12 -13 -14 -15
leaf_value=-9.960192104475015e-05 -2.9926684848363136e-07 0.00012649318417105488 5.6099453993664188e-05 0 -0.00031080131081746663 0 -0.00021638577106580911 0 0.00016950503072007196 -7.5275739017740599e-05 0 9.4253008727188779e-07 6.2677153138662649e-05 0
leaf_weight=25 21 39 22 49 30 24 21 29 27 39 230 3414 78 20
leaf_count=25 21 39 22 49 30 24 21 29 27 39 230 3414 78 20
internal_value=0 3.22724e-05 -1.16921e-06 -3.56727e-05 -8.87224e-05 -0.000187781 0 -0.000110765 5.50422e-07 2.03657e-06 2.83208e-05 0 3.40938e-05 0
internal_weight=4068 60 4008 273 96 54 177 50 3735 3710 257 3453 127 42
internal_count=4068 60 4008 273 96 54 177 50 3735 3710 257 3453 127 42
is_linear=0
shrinkage=0.03


Tree=223
num_leaves=29
num_cat=0
split_feature=5 35 23 32 34 5 27 31 0 23 28 27 25 19 31 21 35 36 23 26 21 29 0 20 35 34 23 32
split_gain=6.95513e-05 0.000288043 0.000597408 0.00027329 0.000921094 0.000280809 0.000233167 0.00043563 0.000505622 0.000478107 0.000756708 0.000418953 0.00145952 0.000421253 0.000787301 0.000574537 0.000397759 0.000362298 0.000179296 0.00046762 0.000600882 0.000370497 0.000282655 0.000194257 0.000162591 5.91281e-05 4.67332e-05 9.1996e-06
threshold=3374485.5000000005 0.017999078619700976 -4.4034914727235437 0.0047783198804727265 0.027726296947402477 3117249.5000000005 0.24654260873179024 -0.013022176945312212 317.45520019531256 16.101340865292688 380222174.00000006 0.21026528544805054 -1.5538355002087965 281.88000183105476 -0.0085443898227983133 283.32583427429205 0.01846151498647837 -0.001943179129270146 -1.1381183173241707 3.1147343321262988 417.07499974568691 76.718356470724132 119.14598846435548 366.12499847412113 0.020703764163491557 0.0042043698505693792 3.5794894850568402 -0.0031637047782118728
decision_type=2 2 2 2 2 2 2 2 2 2 2 2 2 2 2 2 2 2 2 2 2 2 2 2 2 2 2 2
left_child=1 18 24 4 -4 -5 11 8 16 17 -11 13 -13 15 -15 -2 -8 -9 19 25 -21 22 -20 -23 -3 -1 -10 -14
right_child=6 2 3 5 -6 -7 7 9 26 10 -12 12 27 14 -16 -17 -18 -19 21 20 -22 23 -24 -25 -26 -27 -28 -29
leaf_value=2.5860860772591222e-05 -6.6291291855936787e-06 0.00018981617466440058 0 -8.1248308517473496e-05 0.00019863562456673507 0 0 -2.2383895234777855e-05 0 -0.00017754673754984712 0 -0.00023037131527636116 0 7.9982832157359033e-05 -1.905162905791282e-05 -0.00014354262302099032 7.310697131568755e-05 8.377642561961267e-06 0 -9.303373948095351e-05 0 -7.7251452912255181e-05 3.6724960240720152e-05 0 0 0 -2.7946100587092603e-05 1.9355736429512288e-05
leaf_weight=85 434 27 156 51 25 26 48 490 22 36 27 36 41 125 93 37 220 1147 210 127 61 57 327 20 27 33 58 22
leaf_count=85 434 27 156 51 25 26 48 490 22 36 27 36 41 125 93 37 220 1147 210 127 61 57 327 20 27 33 58 22
internal_value=0 5.19148e-06 3.06095e-05 0 2.98499e-05 -3.31248e-05 -3.2191e-06 7.65117e-07 3.24533e-05 -3.95857e-06 -8.50969e-05 -1.73794e-05 -7.79589e-05 -4.31141e-06 2.39897e-05 -2.37808e-05 5.52492e-05 0 -1.70421e-07 -2.15484e-05 -5.45287e-05 5.60033e-06 1.86481e-05 -4.63911e-05 0.000123869 5.59592e-06 -6.43345e-06 0
internal_weight=4068 1232 312 258 181 77 2836 2048 348 1700 63 788 99 689 218 471 268 1637 920 306 188 614 537 77 54 118 80 63
internal_count=4068 1232 312 258 181 77 2836 2048 348 1700 63 788 99 689 218 471 268 1637 920 306 188 614 537 77 54 118 80 63
is_linear=0
shrinkage=0.03


Tree=224
num_leaves=19
num_cat=0
split_feature=30 27 30 22 28 28 33 25 33 30 20 26 1 19 26 1 34 0
split_gain=7.30824e-05 0.000325282 0.000715535 0.000404729 0.000260271 0.000263367 0.000187971 0.000185739 0.00046987 0.000355032 0.000145031 0.000357087 0.0002248 0.000542542 0.000417702 8.72132e-05 5.75767e-05 1.10156e-07
threshold=22.286073117350323 0.0066207865314672791 35.334183254565396 30.484171769278152 -75383316.999999985 323942445.00000006 -0.0078063797116085234 -1.2901271319232464 -0.0041192250278710421 14.343424038084139 118.30250015258791 2.60982334807492 132.05000305175784 133.50999755859377 2.3819905911900783 463.80000305175787 -0.0019738600010512637 75.863334655761733
decision_type=2 2 2 2 2 2 2 2 2 2 2 2 2 2 2 2 2 2
left_child=4 2 3 -2 6 7 -1 8 -6 -9 11 17 14 -14 -12 -7 -13 -3
right_child=1 10 -4 -5 5 15 -8 9 -10 -11 12 16 13 -15 -16 -17 -18 -19
leaf_value=9.9527066192246899e-05 -0.00025043800283417594 0 0 0 0 8.9836548688440154e-05 0 -2.5141099458180582e-05 -0.00011186922508125804 3.309077447057238e-05 0 0 -0.00011874809782080447 0 6.0905771277296675e-05 0 -0.00011979858739735383 2.028230844351506e-06
leaf_weight=45 21 29 34 29 248 38 24 117 47 232 148 24 35 2763 154 21 35 24
leaf_count=45 21 29 34 29 248 38 24 117 47 232 148 24 35 2763 154 21 35 24
internal_value=0 -2.60964e-06 -6.12141e-05 -0.000138362 7.49104e-06 0 6.33793e-05 -3.5313e-06 -2.37576e-05 4.97378e-06 -1.41198e-07 -3.41257e-05 1.19978e-07 -1.54289e-06 2.54522e-05 6.22476e-05 -8.7446e-05 0
internal_weight=4068 3296 84 50 772 703 69 644 295 349 3212 112 3100 2798 302 59 59 53
internal_count=4068 3296 84 50 772 703 69 644 295 349 3212 112 3100 2798 302 59 59 53
is_linear=0
shrinkage=0.03


Tree=225
num_leaves=14
num_cat=0
split_feature=35 5 22 33 34 29 33 30 34 30 34 25 34
split_gain=7.11411e-05 0.000356466 0.000425057 0.00122574 0.000795989 0.000696197 0.000382009 0.000281603 0.000271052 0.000264299 0.000201404 0.000309987 0.000188885
threshold=0.064830555251102193 11213305.000000002 56.252397604375552 -0.057778747975586402 0.087843515861323232 49.766828040662453 0.078994317100845382 49.57613756854014 -0.091977256895321588 82.522413237025205 -0.040517356563296018 0.12706528327822617 -0.037692063791631474
decision_type=2 2 2 2 2 2 2 2 2 2 2 2 2
left_child=1 8 3 -3 9 -5 -6 -2 -1 -4 11 -10 -12
right_child=7 2 4 5 6 -7 -8 -9 10 -11 12 -13 -14
leaf_value=-9.5985603882407984e-05 0 0 6.3938571063191889e-05 -0.00024064951115608605 -0.00020898651130832904 0 0 0.00010533043778720195 3.5738752073843986e-05 0 -4.6804509072311779e-05 -2.2124811793663907e-05 5.8187516271244618e-07
leaf_weight=25 32 34 92 42 21 20 29 28 355 35 77 41 3237
leaf_count=25 32 34 92 42 21 20 29 28 355 35 77 41 3237
internal_value=0 -1.19398e-06 -3.45397e-05 -8.58548e-05 0 -0.000170796 -0.000107386 3.11491e-05 4.41012e-07 3.30282e-05 1.90196e-06 2.21699e-05 0
internal_weight=4068 4008 273 96 177 62 50 60 3735 127 3710 396 3314
internal_count=4068 4008 273 96 177 62 50 60 3735 127 3710 396 3314
is_linear=0
shrinkage=0.03


Tree=226
num_leaves=25
num_cat=0
split_feature=30 33 20 30 23 31 30 33 5 31 5 28 23 23 29 1 4 34 34 34 33 24 36 30
split_gain=6.95314e-05 0.000312838 0.000672216 0.000399879 0.000453207 0.000252746 0.000248724 0.000304201 0.000319321 0.000213299 0.000231939 0.000209839 0.000291755 0.000251174 0.000182956 0.000370708 0.00115648 0.000537642 0.000286581 0.00043642 0.000333257 0.000173933 0.000153379 0.0001436
threshold=22.286073117350323 -0.01232443506742331 493.55000000000001 27.743880010250006 1.0724440075871373 0.00096711149299077992 18.454865139155057 -0.022964410638709683 4598355.5000000009 0.0039904585764163345 4821957.0000000009 -75383316.999999985 -1.3345389962903764 -3.2610981393526113 76.35125491393714 351.10000610351568 342.30000305175787 0.03541681359610472 0.043946444938698044 0.030007867727394947 0.02190955553723695 -0.40621242476104119 0.00068645646084684235 14.343424038084139
decision_type=2 2 2 2 2 2 2 2 2 2 2 2 2 2 2 2 2 2 2 2 2 2 2 2
left_child=6 2 3 4 -2 -5 11 8 -8 21 -11 23 13 -13 15 16 -3 -17 19 -16 -20 -9 -14 -1
right_child=1 14 -4 5 -6 -7 7 9 -10 10 -12 12 22 -15 18 17 -18 -19 20 -21 -22 -23 -24 -25
leaf_value=0.00010351543956662553 -9.8027849482899213e-05 4.1707253536673498e-06 -0.00019643957773968353 6.9502660086326943e-06 0 -4.2721547387960317e-05 0 0 0.00012586661789659229 9.2385985053645698e-05 0 0 3.410270221117022e-05 -8.3848656008274111e-05 0 1.2612914424471767e-05 -0.00022505861555865557 0.0001557767656069846 6.2613236456964487e-05 -6.3692986380566079e-05 -1.9117364655766688e-06 -6.2748586327314801e-05 0 0
leaf_weight=25 89 1307 21 549 34 110 25 47 52 43 25 211 127 75 216 334 20 36 77 174 329 48 74 20
leaf_count=25 89 1307 21 549 34 110 25 47 52 43 25 211 127 75 216 334 20 36 77 174 329 48 74 20
internal_value=0 -2.59586e-06 -1.92516e-05 -1.0633e-05 -6.03481e-05 0 7.23069e-06 3.31731e-05 8.35341e-05 0 4.83382e-05 0 -1.00437e-05 -3.24864e-05 1.56623e-06 8.11113e-06 0 3.46866e-05 -8.61778e-06 -2.8349e-05 2.95082e-06 -1.85851e-05 6.97204e-06 5.56593e-05
internal_weight=4068 3296 803 782 123 659 772 240 77 163 68 532 487 286 2493 1697 1327 370 796 390 406 95 201 45
internal_count=4068 3296 803 782 123 659 772 240 77 163 68 532 487 286 2493 1697 1327 370 796 390 406 95 201 45
is_linear=0
shrinkage=0.03


Tree=227
num_leaves=27
num_cat=0
split_feature=28 25 21 25 28 5 19 0 0 21 36 36 27 25 35 21 36 19 36 25 21 2 0 27 35 30
split_gain=6.54184e-05 0.000390828 0.000450673 0.000327192 0.000612264 0.000662792 0.000237348 0.000456443 0.000534078 0.00040799 0.00104523 0.000363405 0.000480799 0.000836981 0.000702038 0.000463147 0.000384618 0.0002512 0.000231142 0.000208878 0.000143878 7.87983e-05 6.87863e-05 3.53643e-05 2.898e-05 1.76328e-06
threshold=320597825.50000006 -0.10017498299363435 468.79583282470708 1.8422373653682917 344517675.50000006 4598355.5000000009 295.63999938964849 255.01079559326175 262.49241638183599 269.38333282470711 -0.021626143837050086 -0.0077812994725352013 0.24654260873179024 2.5248096180568038 0.021519643525527817 335.49833297729498 -0.022653717209942421 404.4999969482422 0.01520133802566874 -2.3918279557443807 409.15666681925461 472.50000000000006 269.92001342773443 0.26237457072081477 0.018660522272661302 80.028051939905012
decision_type=2 2 2 2 2 2 2 2 2 2 2 2 2 2 2 2 2 2 2 2 2 2 2 2 2 2
left_child=6 2 18 4 24 -6 7 9 -9 19 -11 15 14 -14 -13 16 -8 -17 -2 -1 -5 -4 -10 -23 -3 -22
right_child=1 3 21 20 5 -7 11 8 22 10 -12 12 13 -15 -16 17 -18 -19 -20 -21 25 23 -24 -25 -26 -27
leaf_value=5.1125504430663732e-05 7.724784411011476e-05 0 0 6.5493691150249355e-05 0 -0.000173884893972004 0 0.00015097345667950752 -1.5717705224095926e-05 -0.00021559144023248404 0 -9.6534609057924027e-06 9.2187652992529911e-06 -0.00010505470377844154 -0.00022347844487859072 7.3841302453584435e-05 -8.0631636013209486e-05 0 0 0 0 -6.3980314495650463e-05 4.3323760042489027e-05 0 2.3785903785587209e-05 -8.8855500485914765e-06
leaf_weight=73 166 50 32 38 39 47 24 39 37 28 133 93 255 67 32 99 69 33 21 2502 52 25 28 20 46 20
leaf_count=73 166 50 32 38 39 47 24 39 37 28 133 93 255 67 32 99 69 33 21 2502 52 25 28 20 46 20
internal_value=0 8.67027e-06 3.78083e-05 -7.40719e-06 -3.8971e-05 -9.80413e-05 -2.20478e-06 5.92004e-07 6.27986e-05 -6.78332e-07 -4.76232e-05 -1.84865e-05 -3.52714e-05 -5.26999e-06 -8.85084e-05 1.53307e-06 -3.3277e-05 4.8775e-05 6.46963e-05 1.09359e-06 1.75566e-05 0 0 -3.96544e-05 0 0
internal_weight=4068 556 264 292 182 86 3512 2840 104 2736 161 672 447 322 125 225 93 132 187 2575 110 77 65 45 96 72
internal_count=4068 556 264 292 182 86 3512 2840 104 2736 161 672 447 322 125 225 93 132 187 2575 110 77 65 45 96 72
is_linear=0
shrinkage=0.03


Tree=228
num_leaves=21
num_cat=0
split_feature=30 33 20 30 24 1 29 29 0 5 0 33 20 32 5 32 5 32 30 30
split_gain=6.40222e-05 0.000298645 0.000619316 0.000370311 0.000437956 0.0002346 0.000215328 0.000200442 0.000194729 0.000904338 0.00021678 0.000175296 0.000386204 0.000401303 0.000302467 0.000266054 0.000418377 0.000321334 0.000154557 8.11462e-05
threshold=22.286073117350323 -0.01232443506742331 493.55000000000001 27.743880010250006 -1.1801848105617718 124.25000000000001 12.796200724299936 34.841419615404256 367.44801330566412 5542946.0000000009 293.56204223632818 -0.0015463894735695536 316.029997253418 -0.0093879809185004031 4598355.5000000009 -0.0041528896541935248 7748069.5000000009 -0.0029353788506032981 21.488147008631802 16.348945891914124
decision_type=2 2 2 2 2 2 2 2 2 2 2 2 2 2 2 2 2 2 2 2
left_child=5 2 3 4 -2 6 -1 -5 10 -10 18 12 13 -3 -14 16 -13 -17 -7 -8
right_child=1 11 -4 7 -6 8 19 -9 9 -11 -12 15 14 -15 -16 17 -18 -19 -20 -21
leaf_value=0.00010913613616335744 -0.00012724535659647092 4.3989741503453313e-05 -0.00018943438509487991 1.4269091161273278e-05 0 -4.7986117608520342e-06 -1.8267302729487027e-05 -1.8737688702381128e-05 0 0.00017950763321014437 -7.0521767573886881e-05 -2.242215099998109e-06 8.7871697415405685e-05 -1.9504388332483389e-05 0 7.8211338434144736e-05 -0.00013025964919456416 0 6.0257540635653158e-05 4.2473748061382083e-05
leaf_weight=37 50 136 21 346 73 506 29 313 57 30 43 252 101 257 32 48 36 1631 35 35
leaf_count=37 50 136 21 346 73 506 29 313 57 30 43 252 101 257 32 48 36 1631 35 35
internal_value=0 -2.50408e-06 -1.879e-05 -1.0348e-05 -5.82041e-05 6.91802e-06 4.95371e-05 0 0 4.23218e-05 -5.7405e-06 1.53885e-06 1.74845e-05 0 6.18046e-05 -1.20081e-06 -2.86971e-05 1.73041e-06 0 0
internal_weight=4068 3296 803 782 123 772 101 659 671 87 584 2493 526 393 133 1967 288 1679 541 64
internal_count=4068 3296 803 782 123 772 101 659 671 87 584 2493 526 393 133 1967 288 1679 541 64
is_linear=0
shrinkage=0.03


Tree=229
num_leaves=22
num_cat=0
split_feature=31 28 29 32 21 30 28 25 34 28 3 33 21 28 21 4 21 30 25 22 21
split_gain=6.40819e-05 0.000346388 0.000519897 0.000210578 0.000231525 0.0001391 0.000123929 0.0004928 0.000475631 0.000406699 0.00038867 0.000391202 0.000193387 0.000488996 0.00087579 0.000774191 0.000189906 0.00017754 0.000137604 4.10134e-05 5.00292e-06
threshold=0.0326682004124711 265946903.50000003 77.058482632145669 0.032110329697187752 223.45416603088381 43.558577592874833 320597825.50000006 -0.10017498299363435 0.069792555083144761 342225850.50000006 457.19999694824224 0.018577425229907133 269.38333282470711 154952753.50000003 289.32166595458989 255.09999847412112 264.48499959309902 64.596456159386918 -2.6650027854870317 46.914099766778087 139.65833314259848
decision_type=2 2 2 2 2 2 2 2 2 2 2 2 2 2 2 2 2 2 2 2 2
left_child=6 3 -3 -2 20 -6 12 10 9 -9 11 -8 16 14 -14 -15 18 -18 -1 -12 -5
right_child=1 2 -4 4 5 -7 7 8 -10 -11 19 -13 13 15 -16 -17 17 -19 -20 -21 -22
leaf_value=4.7199711295059406e-05 -6.8503456854598658e-05 0 -0.00019920711546818508 0 0 0.0001083875330823236 9.1115841651329168e-05 0 9.7912282324342527e-05 -6.3062731944694565e-05 -2.808844792612251e-05 0 -5.0785693381923102e-05 0.00011217719688818351 8.3247045350352404e-05 -3.7172476109922689e-05 7.7780570329371137e-05 0 -6.7549881518532474e-07 8.8424162983866789e-06 -1.1843509589121714e-05
leaf_weight=55 26 25 21 22 20 34 150 112 26 138 44 30 46 24 110 659 56 20 2391 27 32
leaf_count=55 26 25 21 22 20 34 150 112 26 138 44 30 46 24 110 659 56 20 2391 27 32
internal_value=-8.71746e-09 -1.78937e-05 -8.95171e-05 0 2.49031e-05 7.13498e-05 4.81434e-08 1.41856e-05 -4.39364e-06 -2.70635e-05 4.65564e-05 7.04575e-05 -1.27638e-06 -1.42684e-05 2.44989e-05 -2.75171e-05 1.85662e-06 4.85816e-05 0 0 0
internal_weight=4068 180 46 134 108 54 3888 527 276 250 251 180 3361 839 156 683 2522 76 2446 71 54
internal_count=4068 180 46 134 108 54 3888 527 276 250 251 180 3361 839 156 683 2522 76 2446 71 54
is_linear=0
shrinkage=0.03


Tree=230
num_leaves=15
num_cat=0
split_feature=30 23 29 30 29 26 28 0 21 29 0 22 28 36
split_gain=6.16767e-05 0.00037506 0.000181704 0.000599897 0.000483269 0.0002643 0.000216704 0.000194937 0.000800957 0.00016568 0.00010336 0.000119119 8.16426e-05 7.21754e-05
threshold=9.6073461394145792 -1.2517083534272613 13.284234433958884 14.589330923796107 14.512260540673696 18.516852164655468 147381651.50000003 216.66602325439456 145.63999983469648 35.128228889001122 284.52395629882818 40.647325878331166 333022842.00000006 -1.0000000180025095e-35
decision_type=2 2 2 2 2 2 2 2 2 2 2 2 2 2
left_child=1 -1 3 10 6 9 -4 8 -5 -6 11 -2 -7 -9
right_child=2 -3 4 7 5 12 -8 13 -10 -11 -12 -13 -14 -15
leaf_value=-9.9005350059808741e-05 0.00010861154186330387 0 -0.00013272526576583611 1.1349467287860993e-05 1.1747190378624155e-05 0 0 4.6335929764528649e-05 -0.00011667673299756939 -2.0947610655378053e-06 0 0 -0.00012372294941277642 0
leaf_weight=40 76 28 36 42 1025 20 27 45 63 2580 22 24 20 20
leaf_count=40 76 28 36 42 1025 20 27 45 63 2580 22 24 20 20
internal_value=0 -2.85501e-05 0 2.3226e-05 -1.26797e-06 0 -8.35906e-05 0 -3.69599e-05 1.00895e-06 7.55802e-05 8.88659e-05 -7.64225e-05 2.21268e-05
internal_weight=4068 68 4000 292 3708 3645 63 170 105 3605 122 100 40 65
internal_count=4068 68 4000 292 3708 3645 63 170 105 3605 122 100 40 65
is_linear=0
shrinkage=0.03


Tree=231
num_leaves=12
num_cat=0
split_feature=35 36 31 26 31 31 21 31 22 5 22
split_gain=7.04526e-05 0.000583597 0.000331711 0.00035086 0.000304321 0.000605828 0.00052994 0.000329174 9.97076e-05 0.000145273 1.13616e-05
threshold=0.064830555251102193 -0.024623202840402172 0.0326682004124711 12.330153620229643 -0.047537407576011707 -0.032466775186414935 327.20666580200196 -0.027420024059129241 65.567543476270188 9609363.0000000019 73.497585643445959
decision_type=2 2 2 2 2 2 2 2 2 2 2
left_child=2 -2 4 8 -1 6 -6 -7 9 -4 -10
right_child=1 -3 3 -5 5 7 -8 -9 10 -11 -12
leaf_value=0.00011672802189993366 0 0.00012212395053648668 0 -0.00015714222275414522 -0.00014268355905160259 6.8779278595646959e-05 0 0 1.942482755568421e-05 -8.8579632408232166e-05 0
leaf_weight=20 21 39 47 25 50 63 20 3704 27 28 24
leaf_count=20 21 39 47 25 50 63 20 3704 27 28 24
internal_value=0 3.10413e-05 -1.17112e-06 -4.48571e-05 0 -6.83572e-08 -8.80134e-05 7.71799e-07 0 -3.45673e-05 0
internal_weight=4068 60 4008 151 3857 3837 70 3767 126 75 51
internal_count=4068 60 4008 151 3857 3837 70 3767 126 75 51
is_linear=0
shrinkage=0.03


Tree=232
num_leaves=15
num_cat=0
split_feature=35 36 5 27 29 27 34 33 34 35 31 36 36 36
split_gain=6.0488e-05 0.000554879 0.000315878 0.000384375 0.00132898 0.000789955 0.000751062 0.000352876 0.000252022 0.000203565 0.000956944 0.000238243 0.000155557 9.58185e-05
threshold=0.064830555251102193 -0.024623202840402172 11213305.000000002 0.61217641591253458 20.389577268066187 0.18056054860239243 0.087843515861323232 0.078994317100845382 -0.091977256895321588 0.028924946002771051 -0.011928601515446722 -0.011926473550928901 0.0061906139372889697 -0.015127208105075941
decision_type=2 2 2 2 2 2 2 2 2 2 2 2 2 2
left_child=2 -2 8 4 13 -6 12 -8 -1 11 -11 -10 -5 -4
right_child=1 -3 3 6 5 -7 7 -9 9 10 -12 -13 -14 -15
leaf_value=-9.2598748972186757e-05 0 0.00011846960602028061 6.3930005099959835e-05 0 0 -0.00027711417841005102 -0.00020074696178543622 0 -2.3778580361404549e-05 7.4836398737177933e-05 -3.0462660021873617e-06 1.8537653046322712e-06 6.0220325907530438e-05 0
leaf_weight=25 21 39 21 46 21 33 21 29 362 188 331 2829 78 24
leaf_count=25 21 39 21 46 21 33 21 29 362 188 331 2829 78 24
internal_value=0 2.86639e-05 -1.12359e-06 -3.25214e-05 -8.0034e-05 -0.000183963 0 -0.000103118 3.68971e-07 1.80652e-06 1.93953e-05 -1.14611e-07 3.39725e-05 0
internal_weight=4068 60 4008 273 99 54 174 50 3735 3710 519 3191 124 45
internal_count=4068 60 4008 273 99 54 174 50 3735 3710 519 3191 124 45
is_linear=0
shrinkage=0.03


Tree=233
num_leaves=22
num_cat=0
split_feature=21 21 5 29 19 5 34 26 29 35 34 20 31 32 35 23 26 31 32 23 35
split_gain=6.07409e-05 0.000589794 0.000530697 0.000247553 0.000683042 0.00095021 0.000469149 0.000763318 0.000458476 0.00038997 0.00133897 0.000257737 0.000231517 0.0010012 0.000208367 0.000429985 0.000214625 0.000184265 9.48473e-05 5.67782e-05 1.57022e-06
threshold=238.0199994405111 228.11333287556968 4857353.5000000009 85.656629203463368 352.90000305175789 5687572.0000000009 0.046511658374632232 10.996984237697108 72.108908455412219 0.043001717866550222 -0.091977256895321588 253.97999992370606 0.02397326591849747 0.021179804175034293 0.035845246955529979 -3.2610981393526113 4.018210148452102 0.0052031650564685625 0.0584380216579743 3.5186894734711562 0.023276663683365281
decision_type=2 2 2 2 2 2 2 2 2 2 2 2 2 2 2 2 2 2 2 2 2
left_child=1 12 -3 6 11 -6 9 20 -9 17 -11 -5 14 -14 16 -16 -1 -2 -15 -13 -8
right_child=3 2 -4 4 5 -7 7 8 -10 10 -12 19 13 18 15 -17 -18 -19 -20 -21 -22
leaf_value=6.1698618202391021e-06 -8.3290621139688021e-06 0 0.00014030732299807175 -5.6674147231711272e-05 0 -0.00026794018421932679 -6.7409543040540862e-06 0 0.00017657689784396184 2.8270318049039696e-05 -0.00014909412604346501 0 -0.00022302158845992806 1.8036041770126571e-05 0.00015910167482911379 0 -1.8619130439422307e-05 1.314420223830445e-05 -4.3133759795156304e-05 6.2146822463076185e-05 0
leaf_weight=1303 1155 28 52 35 36 24 31 23 47 36 71 21 22 73 23 56 414 496 33 44 45
leaf_count=1303 1155 28 52 35 36 24 31 23 47 36 71 21 22 73 23 56 414 496 33 44 45
internal_value=0 2.93007e-06 8.27146e-05 -4.26014e-06 -4.03188e-05 -0.000120661 0 5.02516e-05 0.000122732 -5.506e-06 -6.14382e-05 0 0 -3.93292e-05 2.3856e-06 5.00002e-05 0 -6.06026e-08 0 4.27948e-05 0
internal_weight=4068 2004 80 2064 160 60 1904 146 70 1758 107 100 1924 128 1796 79 1717 1651 106 65 76
internal_count=4068 2004 80 2064 160 60 1904 146 70 1758 107 100 1924 128 1796 79 1717 1651 106 65 76
is_linear=0
shrinkage=0.03


Tree=234
num_leaves=16
num_cat=0
split_feature=21 21 32 20 2 21 26 25 0 26 5 28 4 29 29
split_gain=5.96903e-05 0.000373959 0.000421529 0.000332117 0.00117946 0.00061709 0.000424877 0.000366233 0.000352588 0.000312259 0.000263331 0.000207584 0.000108154 8.49599e-05 0.000324357
threshold=445.97999954223638 463.08166554768883 -0.0028279462347302049 371.67000198364263 378.50000000000006 346.88999913533536 10.996984237697108 4.7038512295747719 394.49014282226568 9.527346363755461 3745273.5000000005 297631915.50000006 458.10000610351568 25.248062030479883 44.681412733091967
decision_type=2 2 2 2 2 2 2 2 2 2 2 2 2 2 2
left_child=3 2 -2 4 7 -6 8 11 9 -5 -10 -1 -3 -14 -15
right_child=1 12 -4 6 5 -7 -8 -9 10 -11 -12 -13 13 14 -16
leaf_value=-3.1979553051446771e-06 -0.00017508649103532717 4.5550700874098812e-05 0 7.0942276049958621e-05 -0.00026587204231790645 0 0.0001382967672693076 9.9199859571736011e-05 1.513037935962236e-05 0 -3.9678405137173404e-05 4.308375430766156e-05 0 -0.00010237778738847935 0
leaf_weight=3202 25 42 23 124 23 23 33 33 92 56 141 85 31 36 99
leaf_count=3202 25 42 23 124 23 23 33 33 92 56 141 85 31 36 99
internal_value=0 -1.44546e-05 -9.00533e-05 2.36137e-07 -2.18002e-06 -0.000152883 2.51924e-05 0 8.86156e-06 4.36748e-05 -5.16995e-06 -1.0872e-06 0 -7.7541e-06 -2.52963e-05
internal_weight=4068 256 48 3812 3366 46 446 3320 413 180 233 3287 208 166 135
internal_count=4068 256 48 3812 3366 46 446 3320 413 180 233 3287 208 166 135
is_linear=0
shrinkage=0.03


Tree=235
num_leaves=16
num_cat=0
split_feature=22 26 33 34 26 22 28 34 20 33 29 29 34 30 27
split_gain=5.84278e-05 0.000392325 0.000406767 0.000315181 0.000247695 0.000613439 0.000233914 0.000498714 0.00018437 0.000920286 0.000206614 0.000448527 0.000390075 0.000134984 5.86229e-05
threshold=34.691178939591914 8.3799130913599633 -0.039174229218201233 -0.072970934078677815 7.4808930579446216 29.752993322549955 -75383316.999999985 -0.060839460238444713 489.24499969482429 -0.0091617064312406443 35.128228889001122 26.512810207798132 -0.0065493976463429906 19.202018145441027 0.18754798060477251
decision_type=2 2 2 2 2 2 2 2 2 2 2 2 2 2 2
left_child=1 4 -3 14 6 -6 13 -8 10 -10 11 -5 -12 -1 -2
right_child=3 2 -4 8 5 -7 7 -9 9 -11 12 -13 -14 -15 -16
leaf_value=8.1208524534757005e-05 0.00012650424616755606 0 -0.00015740266776496955 0 0.00016055672819253306 0 -0.00012250123454772124 0 -0.00022227639965747772 0 -3.240260629242194e-05 4.1775278158265741e-05 3.1874047290524775e-07 0 0
leaf_weight=24 21 42 31 704 29 31 43 212 20 45 358 324 2139 25 20
leaf_count=24 21 42 31 704 29 31 43 212 20 45 358 324 2139 25 20
internal_value=0 -1.08375e-05 -7.43813e-05 5.85979e-07 0 5.74063e-05 -9.04285e-06 -2.78555e-05 0 -5.03169e-05 5.6209e-07 1.25503e-05 -3.1723e-06 2.76175e-05 8.32593e-05
internal_weight=4068 437 73 3631 364 60 304 255 3590 65 3525 1028 2497 49 41
internal_count=4068 437 73 3631 364 60 304 255 3590 65 3525 1028 2497 49 41
is_linear=0
shrinkage=0.03


Tree=236
num_leaves=26
num_cat=0
split_feature=28 25 21 25 28 5 29 27 3 30 30 23 36 35 36 2 4 26 24 36 36 28 3 29 35
split_gain=5.93639e-05 0.000341584 0.000382525 0.000285747 0.000546488 0.000601385 0.000296569 0.000486647 0.000216772 0.000642866 0.000811334 0.00058951 0.00123203 0.000505109 0.000369364 0.000267192 0.000361997 0.000294364 0.000224484 0.000209576 0.000204606 0.00013868 5.98181e-05 5.56124e-05 2.89692e-05
threshold=320597825.50000006 -0.10017498299363435 468.79583282470708 1.8422373653682917 344517675.50000006 4598355.5000000009 84.208304412062333 0.8049821521543078 322.50000000000006 36.037987469291004 51.791323831810494 6.2534569844072516 -0.0013132493946649978 0.026353652786901414 0.022867426495802885 314.50000000000006 298.69999694824224 9.4875459216098772 -2.4688755209438993 0.01520133802566874 0.00090663984741628796 197679511.50000003 457.19999694824224 48.56619238458466 0.018660522272661302
decision_type=2 2 2 2 2 2 2 2 2 2 2 2 2 2 2 2 2 2 2 2 2 2 2 2 2
left_child=8 2 19 4 24 -6 7 -5 15 11 13 12 -10 -11 -12 16 20 -17 -18 -2 -1 -19 -4 -24 -3
right_child=1 3 22 6 5 -7 -8 -9 9 10 14 -13 -14 -15 -16 17 18 21 -20 -21 -22 -23 23 -25 -26
leaf_value=-5.7735963842793139e-06 7.230550697783186e-05 0 0 0 0 -0.00016427649853986118 0 0.00011763427027706373 0 0.00013801257886747221 -4.420848854030052e-05 0 -0.00020441359747427247 0 4.6473878849325549e-05 0 0 0 -9.9821347864292078e-05 0 1.0254002162770767e-05 0.00014960475110491775 -5.7796495936667222e-05 0 2.3781490976874985e-05
leaf_weight=1632 166 50 24 22 39 47 35 53 78 55 217 20 58 23 20 37 29 28 53 21 1234 28 31 22 46
leaf_count=1632 166 50 24 22 39 47 35 53 78 55 217 20 58 23 20 37 29 28 53 21 1234 28 31 22 46
internal_value=0 8.35101e-06 3.56417e-05 -6.05607e-06 -3.61515e-05 -9.20682e-05 1.64778e-05 6.28661e-05 -2.04206e-06 -2.11001e-05 0 -7.1064e-05 -9.84404e-05 8.72776e-05 -2.38867e-05 0 -6.61629e-07 5.06862e-05 -6.31172e-05 6.02758e-05 8.0729e-08 9.47941e-05 0 -3.18413e-05 0
internal_weight=4068 556 264 292 182 86 110 75 3512 471 315 156 136 78 237 3041 2948 93 82 187 2866 56 77 53 96
internal_count=4068 556 264 292 182 86 110 75 3512 471 315 156 136 78 237 3041 2948 93 82 187 2866 56 77 53 96
is_linear=0
shrinkage=0.03


Tree=237
num_leaves=19
num_cat=0
split_feature=31 24 23 31 28 24 29 29 20 23 34 32 36 36 25 31 24 2
split_gain=5.79436e-05 0.000326641 0.000201664 0.000219194 0.000160907 0.000137625 0.000481311 0.000442565 0.000396591 0.000208274 0.00057829 0.000924289 0.000193229 0.000153512 0.000565191 0.000329764 0.000137422 9.25368e-07
threshold=0.0326682004124711 6.5686686363868443 4.587335226593539 0.041285262419303866 285442108.50000006 9.0632266151788112 30.085314573863347 40.441892886314584 321.08499755859378 3.6510493205101544 0.0025532636956064896 -0.008687129251744528 0.0060418262783439808 -0.032199113138671638 -1.5192913143012765 -0.027420024059129241 4.0112915622347858 250.09999847412112
decision_type=2 2 2 2 2 2 2 2 2 2 2 2 2 2 2 2 2 2
left_child=5 2 3 -2 -3 9 8 -8 -7 13 11 -11 -9 14 -1 -15 -12 -5
right_child=1 4 -4 17 -6 6 7 12 -10 10 16 -13 -14 15 -16 -17 -18 -19
leaf_value=-0.00017186284731738089 -6.6825198024440146e-05 0 8.3602177765591367e-05 0 -0.0001457716199991693 0 -0.00011482817632007014 0 0.00017414651996381825 0 -1.9387313050233975e-05 -0.00014796795706698452 6.5537370954466559e-05 6.0161572514612482e-05 0 3.9119017780282995e-07 1.9132431561610682e-05 6.1387852744549034e-06
leaf_weight=21 47 20 24 44 23 25 26 127 30 90 137 70 53 90 21 3001 197 22
leaf_count=21 47 20 24 44 23 25 26 127 30 90 137 70 53 90 21 3001 197 22
internal_value=0 -1.7003e-05 0 -1.07439e-05 -8.96039e-05 1.44999e-07 2.16808e-05 0 0.000100445 -5.7817e-07 -1.92179e-05 -6.62621e-05 1.73424e-05 1.40387e-06 -5.21635e-05 3.10393e-06 0 0
internal_weight=4068 180 137 113 43 3888 261 206 55 3627 494 160 180 3133 42 3091 334 66
internal_count=4068 180 137 113 43 3888 261 206 55 3627 494 160 180 3133 42 3091 334 66
is_linear=0
shrinkage=0.03


Tree=238
num_leaves=24
num_cat=0
split_feature=30 32 22 23 33 35 31 33 30 31 23 25 23 23 0 33 3 25 32 32 30 30 25
split_gain=5.57028e-05 0.000426748 0.000318647 0.000274373 0.000214699 0.000419633 0.000443636 0.000895623 0.000395313 0.000520313 0.000325578 0.000553403 0.000422618 0.000385933 0.000373224 0.000324528 0.000320346 0.000173819 0.000171609 0.000164539 9.47748e-06 2.60881e-05 4.59396e-06
threshold=85.655778423565195 0.0092861184828840777 71.513098316121997 1.5791840961744585 0.011681944588277539 0.018329998067869072 0.00081333293100671622 0.031324767746783506 73.801020258109233 0.0020768646178237486 3.6510493205101544 -1.4451416365805982 2.9916443004359086 6.0248354042739019 196.94541168212893 0.078994317100845382 278.10000610351568 -0.70888580398244072 -0.0029353788506032981 0.014407036205664416 92.113208581371296 89.312578168417147 1.0180678422290139
decision_type=2 2 2 2 2 2 2 2 2 2 2 2 2 2 2 2 2 2 2 2 2 2 2
left_child=4 3 -3 22 10 8 7 -7 9 -6 12 13 17 -12 -14 -8 -13 -1 -5 -10 21 -4 -2
right_child=1 2 20 18 5 6 15 -9 19 -11 11 16 14 -15 -16 -17 -18 -19 -20 -21 -22 -23 -24
leaf_value=-1.3502053096138816e-05 0 -0.00011029433699638506 0 0 -7.6705202794699346e-05 0 1.9508647159188164e-05 0.00016719828783383947 5.8672765240655439e-05 0 -2.4768448082043279e-05 0 0.00010280483127582053 6.827936102782267e-05 0 -6.055115180907655e-05 -7.9306307328961355e-05 3.112208053425545e-06 0.00010440116116179401 0 -1.9215941308187191e-05 2.9434604947008461e-05 -1.4342229327694295e-05
leaf_weight=825 23 58 31 20 123 101 458 61 75 201 30 145 67 74 40 39 174 1353 38 62 23 27 20
leaf_count=825 23 58 31 20 123 101 458 61 75 201 30 145 67 74 40 39 174 1353 38 62 23 27 20
internal_value=0 -1.44037e-05 -5.49488e-05 1.17217e-05 2.89175e-07 1.20024e-05 2.83133e-05 7.45956e-05 -4.80909e-06 -2.81048e-05 -3.44775e-06 -2.77243e-05 0 1.26222e-05 5.90358e-05 7.18037e-06 -5.02793e-05 -1.80406e-06 6.7002e-05 2.83829e-05 0 0 0
internal_weight=4068 240 139 101 3828 1120 659 162 461 324 2708 423 2285 104 107 497 319 2178 58 137 81 58 43
internal_count=4068 240 139 101 3828 1120 659 162 461 324 2708 423 2285 104 107 497 319 2178 58 137 81 58 43
is_linear=0
shrinkage=0.03


Tree=239
num_leaves=15
num_cat=0
split_feature=27 27 31 21 26 34 27 27 27 24 32 25 36 30
split_gain=5.94551e-05 0.000315183 0.000277277 0.000593972 0.000501339 0.000261804 0.000429152 0.000296665 0.0002186 0.000169893 0.000167563 0.000102612 1.52431e-06 5.74945e-07
threshold=1.0958797442397439 1.0127048911144729 0.031107371247170671 302.13500137329106 5.6636448202010792 0.072626574186838613 0.90868402356868605 0.96340812317640168 1.1502617543763847 2.0388377802845552 0.029843682336326952 1.2006604854808964 0.0060418262783439808 83.725378100560278
decision_type=2 2 2 2 2 2 2 2 2 2 2 2 2 2
left_child=1 2 5 4 -4 6 -1 -7 9 -2 12 -12 -3 -13
right_child=8 10 3 -5 -6 7 -8 -9 -10 -11 11 13 -14 -15
leaf_value=1.1536551741993163e-06 0 0 0 0 -0.00014720947812811621 8.3989981269141665e-05 -4.3095153771224601e-05 0 0 -0.00013506217540201743 0 0.00016165893146100993 5.923371363515768e-06 0
leaf_weight=3403 24 27 23 39 57 71 206 20 75 22 22 20 39 20
leaf_count=3403 24 27 23 39 57 71 206 20 75 22 22 20 39 20
internal_value=0 5.03391e-08 -7.3512e-07 -4.59632e-05 -9.90711e-05 0 -5.41938e-07 5.07424e-05 -2.10186e-05 -7.36763e-05 4.68867e-05 8.3446e-05 0 0.000114396
internal_weight=4068 3947 3819 119 80 3700 3609 91 121 46 128 62 66 40
internal_count=4068 3947 3819 119 80 3700 3609 91 121 46 128 62 66 40
is_linear=0
shrinkage=0.03


Tree=240
num_leaves=21
num_cat=0
split_feature=30 22 2 30 33 5 28 32 36 32 32 33 28 1 25 22 25 0 3 5
split_gain=5.59886e-05 0.000277335 0.000257063 0.000223081 0.000284615 0.000294464 0.000174378 0.000370159 0.000551286 0.000167304 0.000156204 0.000139662 0.000662479 0.000441052 0.000318133 0.000253513 0.000382441 0.00020826 0.000129175 8.30287e-05
threshold=22.286073117350323 28.718251700743064 232.09999847412112 18.454865139155057 -0.022964410638709683 4491128.0000000009 -75383316.999999985 -0.031351064243348596 -0.010305168835595596 -0.019163316985067343 -0.0063784366560928887 -0.01232443506742331 329247296.00000006 371.30000305175787 1.4972510677514377 37.083149850647345 -0.65846831692118524 255.01079559326175 123.85000228881837 3564793.0000000005
decision_type=2 2 2 2 2 2 2 2 2 2 2 2 2 2 2 2 2 2 2 2
left_child=3 2 -2 6 5 -5 10 8 -8 -9 -1 12 14 -14 -3 16 -13 -17 -6 -20
right_child=1 11 -4 4 18 -7 7 9 -10 -11 -12 15 13 -15 -16 17 -18 -19 19 -21
leaf_value=0.00010051832016069529 0 -7.9347447000841108e-06 -0.00015721955322730004 0 7.0775484860954635e-05 0.00011715247852929226 0 3.9604157790054998e-05 -0.00016493332457498026 -8.0778901013391661e-06 0 0.00014172484159719235 0 -0.00012140767837172343 6.583251736802497e-05 -5.6259825387957053e-06 0 1.3241389516779341e-05 0 -3.2089006563780122e-05
leaf_weight=25 24 617 20 22 23 55 39 82 32 334 20 29 20 75 57 1628 51 775 67 73
leaf_count=25 24 617 20 22 23 55 39 82 32 334 20 29 20 75 57 1628 51 775 67 73
internal_value=0 -2.21027e-06 -7.75876e-05 6.66392e-06 3.12891e-05 7.98193e-05 0 -9.49507e-06 -7.28232e-05 0 5.00609e-05 -2.6557e-07 -1.21632e-05 -8.64059e-05 0 2.21136e-06 5.47727e-05 0 0 -1.97334e-06
internal_weight=4068 3296 44 772 240 77 532 487 71 416 45 3252 769 95 674 2483 80 2403 163 140
internal_count=4068 3296 44 772 240 77 532 487 71 416 45 3252 769 95 674 2483 80 2403 163 140
is_linear=0
shrinkage=0.03


Tree=241
num_leaves=25
num_cat=0
split_feature=28 25 36 33 29 23 1 3 2 19 22 33 25 4 31 4 0 33 3 29 35 5 2 35
split_gain=5.5713e-05 0.000328403 0.000494846 0.000434011 0.000708111 0.000375777 0.000303618 0.000557343 0.00047303 0.000411755 0.00104627 0.000387285 0.00145705 0.000339463 0.000260031 0.000324856 0.000215493 0.000172229 0.000445164 0.000133965 0.000122562 7.51675e-05 5.79983e-05 9.43189e-06
threshold=320597825.50000006 -1.4451416365805982 0.0096781023105872808 -0.009829611635280287 27.907490802916662 0.5419755275312782 328.09999084472662 357.59999084472662 314.50000000000006 365.96000671386724 66.218140364579639 -0.0065172941176140356 -1.5192913143012765 298.69999694824224 0.0079707645697447722 433.60000610351568 255.01079559326175 0.011107015220908513 468.10000610351568 80.986704645422108 0.029175334746702582 2692565.0000000005 356.50000000000006 0.024475702932318395
decision_type=2 2 2 2 2 2 2 2 2 2 2 2 2 2 2 2 2 2 2 2 2 2 2 2
left_child=6 2 17 4 -3 -6 8 11 13 -9 -11 22 -13 16 15 -5 -1 18 -2 -16 23 -15 -8 -10
right_child=1 3 -4 14 5 -7 7 9 20 10 -12 12 -14 21 19 -17 -18 -19 -20 -21 -22 -23 -24 -25
leaf_value=-5.3387138519726958e-07 0.00014428118358140264 0 0 8.8634917291729152e-05 0 -0.00017278654048241647 1.1361339677344319e-06 0.000126335742725091 1.4199710140256936e-05 0 -0.00019953200369756917 -0.00032510418948708341 -7.1517771338307333e-06 0 0 0 3.9459251368862611e-05 0 0 -5.3242394474298275e-05 0.00012541886122045148 -7.8880548867096375e-05 -4.7503060887283451e-05 0
leaf_weight=2742 64 39 26 73 22 44 56 22 42 231 24 23 86 22 82 123 124 20 20 43 34 60 23 23
leaf_count=2742 64 39 26 73 22 44 56 22 42 231 24 23 86 22 82 123 124 20 20 43 34 60 23 23
internal_value=0 8.24421e-06 5.06195e-05 0 -5.69703e-05 -0.000121664 -1.87485e-06 -2.4728e-05 6.28904e-07 0 -8.36438e-06 -6.46425e-05 -0.000101977 -5.36527e-07 1.24154e-05 3.79157e-05 1.51064e-07 8.64899e-05 0.000105369 -3.58655e-06 6.55708e-05 -6.10804e-05 0 0
internal_weight=4068 556 130 426 105 66 3512 465 3047 277 255 188 109 2948 321 196 2866 104 84 125 99 82 79 65
internal_count=4068 556 130 426 105 66 3512 465 3047 277 255 188 109 2948 321 196 2866 104 84 125 99 82 79 65
is_linear=0
shrinkage=0.03


Tree=242
num_leaves=15
num_cat=0
split_feature=27 29 29 27 29 31 21 26 34 27 27 25 35 35
split_gain=5.49043e-05 0.000315051 0.000596421 0.000304794 0.000321329 0.000251275 0.00056573 0.000475516 0.000237619 0.000400061 0.000282094 0.000223845 3.40073e-05 4.01682e-05
threshold=1.0958797442397439 88.929121388411701 72.450648608504068 1.0127048911144729 80.766352821875287 0.031107371247170671 302.13500137329106 5.6636448202010792 0.072626574186838613 0.90868402356868605 0.96340812317640168 1.3627261033588123 0.035845246955529979 0.022758208887683162
decision_type=2 2 2 2 2 2 2 2 2 2 2 2 2 2
left_child=3 2 -2 5 -5 8 7 -7 9 -1 -10 -4 13 -6
right_child=1 -3 11 4 12 6 -8 -9 10 -11 -12 -13 -14 -15
leaf_value=1.1619430033734025e-06 0 0 0 0.00012477644829471642 0 0 0 -0.000142825841914438 8.1046264157394726e-05 -4.1571592599561225e-05 0 -0.00019880979583724109 3.7214441911835738e-05 -4.1392466038331969e-05
leaf_weight=3403 24 44 26 36 49 23 39 57 71 206 20 27 22 21
leaf_count=3403 24 44 26 36 49 23 39 57 71 206 20 27 22 21
internal_value=0 -2.01872e-05 -6.57095e-05 1.26034e-07 4.61517e-05 -6.32235e-07 -4.37221e-05 -9.59109e-05 0 -4.47119e-07 4.83691e-05 -0.000127977 0 0
internal_weight=4068 121 77 3947 128 3819 119 80 3700 3609 91 53 92 70
internal_count=4068 121 77 3947 128 3819 119 80 3700 3609 91 53 92 70
is_linear=0
shrinkage=0.03


Tree=243
num_leaves=22
num_cat=0
split_feature=27 34 19 5 34 32 5 34 27 27 36 27 31 26 32 33 36 28 5 23 27
split_gain=5.40985e-05 0.0003834 0.00102049 0.000433755 0.00171439 0.000836272 0.000618712 0.00106388 0.000407213 0.000333095 0.000773043 0.000384734 0.000542016 0.000268863 0.000196292 0.000209575 0.000156243 0.000392849 0.000360893 9.7881e-05 1.03174e-06
threshold=0.57016153316312479 0.028650137337075558 278.21999511718758 11213305.000000002 -0.091977256895321588 -0.028204434113088202 9461846.5000000019 -0.083444739828477374 0.46595550272509278 0.75504994212241505 0.0023800624924219262 0.76783614078854534 -0.021824535075918857 8.4303350444777134 0.037856011380146722 -0.016021706807735233 -0.01217485384975742 161125674.50000003 7240921.5000000009 3.7968819708391242 0.38835570198940023
decision_type=2 2 2 2 2 2 2 2 2 2 2 2 2 2 2 2 2 2 2 2 2
left_child=1 3 8 6 -5 -6 7 -1 20 10 16 19 -13 -14 15 -12 18 -18 -2 -11 -3
right_child=9 2 -4 4 5 -7 -8 -9 -10 11 14 12 13 -15 -16 -17 17 -19 -20 -21 -22
leaf_value=-0.00019432139089442342 -7.5155180964593009e-05 -6.6338422525038426e-06 2.0017979464006922e-05 5.3489853869444771e-05 0 -0.00027816924670629562 0.00010077510621912438 2.1986701583333055e-06 -0.00020245522010126185 0 0 0.00015360845654243741 1.9866728808936848e-06 -3.0633135342367904e-05 0 8.622001904496989e-05 -9.7151874405437781e-06 5.0607104553600185e-05 0 -0.00014361313388817752 0
leaf_weight=25 79 21 33 39 42 33 56 2006 40 26 28 20 760 269 25 183 169 139 33 22 20
leaf_count=25 79 21 33 39 42 33 56 2006 40 26 28 20 760 269 25 183 169 139 33 22 20
internal_value=0 -3.40837e-06 -5.70956e-05 0 -5.75188e-05 -0.000155184 2.48516e-06 0 -0.000125489 3.52587e-06 2.13879e-05 -4.422e-06 0 -3.62774e-06 6.4946e-05 7.45277e-05 0 7.77868e-06 -3.29864e-05 -8.74344e-05 0
internal_weight=4068 2315 114 2201 114 75 2087 2031 81 1753 656 1097 1049 1029 236 211 420 308 112 48 41
internal_count=4068 2315 114 2201 114 75 2087 2031 81 1753 656 1097 1049 1029 236 211 420 308 112 48 41
is_linear=0
shrinkage=0.03


Tree=244
num_leaves=10
num_cat=0
split_feature=35 36 31 5 22 35 35 36 34
split_gain=5.53527e-05 0.00053812 0.000289053 0.000822891 0.000813837 0.000113784 0.000308546 0.000135339 1.62359e-05
threshold=0.064830555251102193 -0.024623202840402172 -0.047537407576011707 15841409.000000002 64.826047806315032 0.049330671130541057 0.032188002339789752 0.011610760614751249 0.095409275894724935
decision_type=2 2 2 2 2 2 2 2 2
left_child=2 -2 -1 5 -5 6 -4 -7 -6
right_child=1 -3 3 4 8 7 -8 -9 -10
leaf_value=0.00011029639434236198 0 0.00011656981463993057 -1.53700324530713e-06 -0.00019285840705208983 0 0 2.6044095381366898e-05 -8.4689819544832241e-05 -2.6315887716832732e-05
leaf_weight=20 21 39 3443 40 30 24 399 31 21
leaf_count=20 21 39 3443 40 30 24 399 31 21
internal_value=0 2.79658e-05 -8.37927e-07 -2.15026e-06 -9.12795e-05 0 5.47134e-07 -4.28681e-05 0
internal_weight=4068 60 4008 3988 91 3897 3842 55 51
internal_count=4068 60 4008 3988 91 3897 3842 55 51
is_linear=0
shrinkage=0.03


Tree=245
num_leaves=15
num_cat=0
split_feature=26 26 29 36 21 24 34 30 24 36 34 25 26 34
split_gain=5.37459e-05 0.000120384 0.000679568 0.00087707 0.00030396 0.000157436 0.000147019 0.000656334 0.000942298 0.000324919 0.000164785 0.000410683 0.000247058 0.000115962
threshold=18.516852164655468 13.515151271740972 84.951030858390268 -0.0025734114862995313 475.60833307902027 1.8586317530744185 -0.064564748585398332 14.953560200797865 -1.06386961195715 -0.010305168835595596 -0.040517356563296018 0.12706528327822617 9.527346363755461 -0.041367206885864254
decision_type=2 2 2 2 2 2 2 2 2 2 2 2 2 2
left_child=1 6 3 5 -5 -3 7 9 -9 -1 11 -8 -12 -2
right_child=13 2 -4 4 -6 -7 10 8 -10 -11 12 -13 -14 -15
leaf_value=9.1156105886006512e-05 0 3.5985192669580819e-05 -7.0160808232189569e-05 0.00020400272448897882 0 -5.9351102845029566e-05 3.853943906285414e-05 -0.00018462382761535279 0 -5.5825683400677123e-06 1.115707891925971e-06 -4.3818277276702825e-05 -2.1993718540298175e-05 -7.3725680979731009e-05
leaf_weight=35 20 22 23 40 27 32 299 46 27 26 2946 36 461 28
leaf_count=35 20 22 23 40 27 32 299 46 27 26 2946 36 461 28
internal_value=0 0 2.7379e-05 7.07351e-05 0.000144201 0 -2.90629e-07 -3.14504e-05 -9.94716e-05 8.81739e-07 2.43152e-08 2.07261e-05 -1.13126e-06 -3.17118e-05
internal_weight=4068 4020 144 121 67 54 3876 134 73 61 3742 335 3407 48
internal_count=4068 4020 144 121 67 54 3876 134 73 61 3742 335 3407 48
is_linear=0
shrinkage=0.03


Tree=246
num_leaves=22
num_cat=0
split_feature=22 26 33 26 22 31 5 28 27 5 26 22 36 27 31 31 24 29 21 27 36
split_gain=5.272e-05 0.000354741 0.000377623 0.000232776 0.000579314 0.000367956 0.000519961 0.00041381 0.000208836 0.000637993 0.000346257 0.000271679 0.000707503 0.000534573 0.00172309 0.000359063 8.10905e-05 0.000226117 0.000132179 9.49128e-07 2.37005e-09
threshold=34.691178939591914 8.3799130913599633 -0.039174229218201233 7.4808930579446216 29.752993322549955 -0.0076198084242355404 5484389.0000000009 -75383316.999999985 0.10938729738533783 5422117.0000000009 7.3955065128968593 36.921132652828653 -0.00097322692076176945 0.24654260873179024 -0.015696008773299183 -0.013321212798281133 -1.0254019014865137 23.283475471604799 269.38333282470711 0.0066207865314672791 -0.0094075932716137529
decision_type=2 2 2 2 2 2 2 2 2 2 2 2 2 2 2 2 2 2 2 2 2
left_child=1 3 -3 5 -5 7 -7 -1 9 16 19 12 20 14 -13 -15 17 -2 -18 -11 -10
right_child=8 2 -4 4 -6 6 -8 -9 11 10 -12 13 -14 15 -16 -17 18 -19 -20 -21 -22
leaf_value=0 -0.00010665327456685098 0 -0.00015051258883627664 0.00015597491195370181 0 6.6644048341162285e-05 -3.7169689510044468e-05 -7.0454214815715441e-05 0 0 0.00016377317996700281 -0.00019284799518345195 0.00014655803669400238 2.9295018854587637e-05 -9.6157993571805608e-07 -1.9627040881025785e-06 4.0191304109994933e-05 0 0 5.833734834726255e-06 -3.257633965295559e-07
leaf_weight=21 24 42 31 29 31 96 45 142 20 20 40 55 40 368 335 2559 75 26 24 25 20
leaf_count=21 24 42 31 29 31 96 45 142 20 20 40 55 40 368 335 2559 75 26 24 25 20
internal_value=0 -1.0193e-05 -7.06313e-05 0 5.57161e-05 -8.68376e-06 1.22476e-05 -4.51801e-05 7.48585e-07 2.84682e-05 9.47454e-05 -2.78536e-07 5.29488e-05 -2.46824e-06 -3.57553e-05 9.43166e-07 0 -3.75472e-05 4.87063e-06 0 0
internal_weight=4068 437 73 364 60 304 141 163 3631 234 85 3397 80 3317 390 2927 149 50 99 45 40
internal_count=4068 437 73 364 60 304 141 163 3631 234 85 3397 80 3317 390 2927 149 50 99 45 40
is_linear=0
shrinkage=0.03


Tree=247
num_leaves=26
num_cat=0
split_feature=28 25 21 1 3 32 26 2 4 21 4 26 25 28 24 0 31 28 28 29 3 29 27 35 2
split_gain=5.22741e-05 0.000307543 0.000345607 0.000281445 0.000529059 0.000533402 0.000723468 0.000446485 0.000356464 0.000364354 0.000325506 0.000317456 0.000256553 0.000790849 0.000199671 0.000199648 0.000184995 0.00011543 0.000178577 6.06588e-05 5.04381e-05 4.69526e-05 3.28401e-05 2.52818e-05 2.22889e-09
threshold=320597825.50000006 -0.10017498299363435 468.79583282470708 328.09999084472662 357.59999084472662 -0.019617470221533869 11.620576640874765 314.50000000000006 368.30000305175787 346.88999913533536 298.69999694824224 8.721935404419602 0.99904431438700947 359848032.00000006 -2.4688755209438993 255.01079559326175 0.018462662104893338 364818846.00000006 334885927.50000006 81.419772421884844 457.19999694824224 48.56619238458466 0.28573969464344329 0.018660522272661302 348.89999389648443
decision_type=2 2 2 2 2 2 2 2 2 2 2 2 2 2 2 2 2 2 2 2 2 2 2 2 2
left_child=3 2 16 7 5 24 -7 10 -6 -10 15 -9 13 23 -12 -1 22 18 -14 -19 -4 -22 -2 -3 -5
right_child=1 12 20 4 8 6 -8 11 9 -11 14 -13 17 -15 -16 -17 -18 19 -20 -21 21 -23 -24 -25 -26
leaf_value=-4.8187627613024605e-07 0 -1.2091904621387264e-05 0 3.0127929194884385e-07 0.00012078719532436697 -0.00013952446125189451 0 0 -0.00011653988575864307 0 0 9.835666551240936e-05 4.2934345282743504e-05 -0.00017743685456036133 -9.441922761442002e-05 3.7989415604113487e-05 0 8.7423933475715271e-05 -3.0678811736564386e-05 0 -5.3088441341396687e-05 0 8.9176072370482397e-05 2.0965484187850709e-05 0
leaf_weight=2742 58 50 24 22 21 96 46 28 25 231 29 71 37 30 53 124 27 21 98 21 31 22 102 35 24
leaf_count=2742 58 50 24 22 21 96 46 28 25 231 29 71 37 30 53 124 27 21 98 21 31 22 102 35 24
internal_value=0 8.0279e-06 3.39744e-05 -1.78637e-06 -2.38e-05 -6.27054e-05 -9.26453e-05 5.8923e-07 0 -7.11864e-06 -5.14635e-07 6.36997e-05 -5.16367e-06 -4.52716e-05 -5.98091e-05 1.37167e-07 5.73737e-05 3.96644e-06 0 5.03369e-05 0 -2.92384e-05 6.99058e-05 0 0
internal_weight=4068 556 264 3512 465 188 142 3047 277 256 2948 99 292 115 82 2866 187 177 135 42 77 53 160 85 46
internal_count=4068 556 264 3512 465 188 142 3047 277 256 2948 99 292 115 82 2866 187 177 135 42 77 53 160 85 46
is_linear=0
shrinkage=0.03


Tree=248
num_leaves=21
num_cat=0
split_feature=27 25 5 33 30 5 25 25 36 25 20 20 25 28 33 33 36 1 36 5
split_gain=5.28497e-05 0.000469382 0.000305554 0.00112248 0.000669976 0.000609277 0.000375997 0.000346552 0.00031243 0.000292844 0.000261074 0.000601282 0.000536036 0.0004229 0.00044237 0.000259626 0.000189772 0.000140889 0.000133839 8.03443e-05
threshold=0.57016153316312479 -0.48181713483140237 11213305.000000002 -0.057778747975586402 39.150778324415946 9461846.5000000019 -1.0141198781889142 -2.0634410011418987 0.016735754678415701 0.080735989693933502 265.95499839782718 273.22250061035157 0.99904431438700947 165313478.50000003 0.019305127527442626 0.028916815428688628 -0.0057946972820501078 132.05000305175784 0.019238171826568853 4491128.0000000009
decision_type=2 2 2 2 2 2 2 2 2 2 2 2 2 2 2 2 2 2 2 2
left_child=2 16 5 7 -5 8 -7 -4 9 -1 13 -12 -13 17 -15 -10 -2 -3 19 -18
right_child=1 10 3 4 -6 6 -8 -9 15 -11 11 12 -14 14 -16 -17 18 -19 -20 -21
leaf_value=-6.4683849586273258e-06 0 1.9081188843994952e-05 0.0001071234811776818 -0.00019690818554966459 0 0.00014654559086548963 0 0 -8.7183237392386573e-05 2.2387706001377796e-05 -0.00017765429324988796 -5.2925487034869817e-05 8.5203727442542971e-06 7.418489739092224e-05 0 0 0 -9.9822620622784281e-06 0 0.0001384913370567938
leaf_weight=1650 30 179 28 49 24 40 21 20 71 388 22 168 363 153 120 24 37 618 21 42
leaf_count=1650 30 179 28 49 24 40 21 20 71 388 22 168 363 153 120 24 37 618 21 42
internal_value=0 3.49941e-06 -3.35742e-06 -4.98631e-05 -0.000133396 0 9.24989e-05 1.48188e-05 -3.46258e-06 0 0 -1.75903e-05 -5.27778e-06 7.72309e-06 4.03408e-05 -5.6795e-05 5.8413e-05 0 7.83641e-05 9.64058e-05
internal_weight=4068 1753 2315 121 73 2194 61 48 2133 2038 1623 553 531 1070 273 95 130 797 100 79
internal_count=4068 1753 2315 121 73 2194 61 48 2133 2038 1623 553 531 1070 273 95 130 797 100 79
is_linear=0
shrinkage=0.03


Tree=249
num_leaves=18
num_cat=0
split_feature=33 33 33 29 22 5 22 30 23 35 35 36 35 33 5 36 22
split_gain=5.09848e-05 0.000241862 0.00022046 0.000278404 0.000168562 0.000127216 0.00103685 0.00106323 0.00036748 0.000199609 0.000449044 0.000424368 6.73819e-05 0.000385621 0.000236535 0.000164495 3.19233e-05
threshold=-0.033463896211940174 -0.029873305232616273 -0.03540820055145371 18.687416659000085 36.781950730512001 8396371.5000000019 47.754179966952201 30.231997945196706 1.7518498771540438 0.028192881164372345 0.04365624384773991 -0.011926473550928901 0.061688149382627837 -0.052991664392439845 15127467.000000002 -0.006896527921429212 31.658257201546267
decision_type=2 2 2 2 2 2 2 2 2 2 2 2 2 2 2 2 2
left_child=2 4 12 -4 16 9 7 -7 -8 11 -11 -3 13 14 -1 -15 -2
right_child=1 5 3 -5 -6 6 8 -9 -10 10 -12 -13 -14 15 -16 -17 -18
leaf_value=0 2.408188171163046e-05 -3.8646376176332287e-05 0 -0.00013481279118168055 7.4990345196835077e-05 0 5.1450494684935088e-05 -0.00023850844820272812 -1.3717283797779877e-05 4.0548495101551139e-05 -4.4524451314359944e-05 2.5424489753743766e-06 3.9000120073844374e-05 3.2085978036889888e-05 -0.0001643821056623241 -5.6378919770441243e-06 -2.5838436327065538e-05
leaf_weight=84 24 245 21 27 66 35 105 35 279 315 37 2457 31 143 21 121 22
leaf_count=84 24 245 21 27 66 35 105 35 279 315 37 2457 31 143 21 121 22
internal_value=0 8.03124e-07 -9.85855e-06 -7.09257e-05 4.43016e-05 0 -1.5324e-05 -0.000121791 0 1.60433e-06 2.30758e-05 -8.33335e-08 0 -6.0119e-06 -5.8304e-05 3.44095e-06 0
internal_weight=4068 3620 448 48 112 3508 454 70 384 3054 352 2702 400 369 105 264 46
internal_count=4068 3620 448 48 112 3508 454 70 384 3054 352 2702 400 369 105 264 46
is_linear=0
shrinkage=0.03


Tree=250
num_leaves=15
num_cat=0
split_feature=26 20 3 23 24 31 32 0 22 21 25 22 30 30
split_gain=5.34579e-05 0.000109001 0.000736273 0.000323193 0.000669095 0.000481597 0.000262223 0.000212529 0.000431392 0.00023302 0.000104269 0.000221779 9.60995e-05 5.27691e-05
threshold=18.516852164655468 371.67000198364263 367.10000610351568 6.7032853982423726 5.1443041251500281 0.017185658009022057 0.0072642144042158749 401.14152526855474 30.785184117427196 370.11166712443043 -0.87162087868479976 56.784284512498047 19.817572549176095 35.334183254565396
decision_type=2 2 2 2 2 2 2 2 2 2 2 2 2 2
left_child=1 2 3 4 -1 -5 -4 8 -3 -10 12 -12 -9 -2
right_child=13 7 6 5 -6 -7 -8 10 9 -11 11 -13 -14 -15
leaf_value=0 0 -4.6507857964407507e-05 0 0 -8.6613351245711653e-05 9.3109765779496895e-05 -0.0001795349724207975 0 0 5.5196953994285083e-05 -4.8369671258229581e-05 0 4.3267611908561938e-05 -5.8329159168533148e-05
leaf_weight=2921 20 25 24 220 83 81 28 20 48 271 111 124 64 28
leaf_count=2921 20 25 24 220 83 81 28 20 48 271 111 124 64 28
internal_value=0 0 -1.45382e-06 0 -2.65778e-06 2.99259e-05 -0.00011338 1.1715e-05 2.86417e-05 4.39453e-05 0 -1.60193e-05 1.99617e-05 -3.16268e-05
internal_weight=4068 4020 3357 3305 3004 301 52 663 344 319 319 235 84 48
internal_count=4068 4020 3357 3305 3004 301 52 663 344 319 319 235 84 48
is_linear=0
shrinkage=0.03


Tree=251
num_leaves=22
num_cat=0
split_feature=30 32 22 28 30 31 32 31 32 24 22 23 36 34 0 25 22 24 2 36 36
split_gain=5.01872e-05 0.000391937 0.000292799 0.000271614 0.000196459 0.000422218 0.000450167 0.000194299 0.000719944 0.00182676 0.00054171 0.000216183 0.000454439 0.000310937 0.000176286 5.82882e-05 5.63485e-05 4.12743e-05 2.79918e-05 1.0673e-05 5.44762e-05
threshold=85.655778423565195 0.0095478117342187047 71.513098316121997 243291966.00000003 78.605038375570174 0.0019531648287076657 -0.0039890515220348246 -0.0078063695625798504 -0.016411469426239941 5.1443041251500281 35.984087841709048 6.583255803372837 -0.001943179129270146 0.039677764003976386 398.09893798828131 1.7876374793147185 66.593878367621429 1.0000000180025095e-35 270.50000000000006 0.015577720267966779 -0.0044045693817097225
decision_type=2 2 2 2 2 2 2 2 2 2 2 2 2 2 2 2 2 2 2 2 2
left_child=4 3 -3 17 7 6 18 8 10 -10 -1 13 -13 -9 16 -8 -7 -2 -6 20 -4
right_child=1 2 19 -5 5 14 15 11 9 -11 -12 12 -14 -15 -16 -17 -18 -19 -20 -21 -22
leaf_value=-2.6085408304004903e-05 -4.2989545505243656e-05 -0.00010672001998967183 0 8.2902435189479519e-05 2.0063748807708532e-05 2.5814875110375248e-05 0.00013200772886738348 3.6003832546996415e-06 -1.0664389167780687e-05 -0.00019904134752551952 3.0675609526538644e-05 -5.4639623146994027e-06 6.3355650738259047e-05 -3.6801410274581007e-05 -8.8844739342431534e-05 0 0 0 -1.3476368137765842e-05 0 -4.739751461251028e-05
leaf_weight=209 20 57 20 37 48 76 58 2040 423 60 388 46 155 187 20 27 59 45 32 35 26
leaf_count=209 20 57 20 37 48 76 58 2040 423 60 388 46 155 187 20 27 59 45 32 35 26
internal_value=0 -1.36273e-05 -5.29234e-05 1.01548e-05 3.89653e-07 2.33715e-05 5.79711e-05 -8.52191e-07 -1.20579e-05 -4.03115e-05 5.77917e-06 2.89699e-06 3.26931e-05 0 0 0.000106211 0 0 0 0 -1.44349e-05
internal_weight=4068 240 138 102 3828 320 165 3508 1080 483 597 2428 201 2227 155 85 135 65 80 81 46
internal_count=4068 240 138 102 3828 320 165 3508 1080 483 597 2428 201 2227 155 85 135 65 80 81 46
is_linear=0
shrinkage=0.03


Tree=252
num_leaves=18
num_cat=0
split_feature=26 35 1 3 30 26 26 1 5 31 32 25 32 31 34 23 34
split_gain=4.97849e-05 0.000119788 0.000474981 0.00115433 0.000499423 0.000458754 0.000434346 0.000361307 0.000185513 0.000398465 0.000504536 0.000326849 0.000251127 0.000411788 0.000272966 0.000170234 0.000108005
threshold=18.516852164655468 0.038221958574974353 244.09999847412112 207.29999542236331 77.194158943803231 5.3542612896244393 10.639408520510628 335.50000000000006 9609363.0000000019 -0.0011198630826717013 -0.029935113246465857 0.45784476535155377 0.032110329697187752 0.026549682519266597 0.063112029625154067 -5.2001958935688739 -0.041367206885864254
decision_type=2 2 2 2 2 2 2 2 2 2 2 2 2 2 2 2 2
left_child=1 8 3 5 6 -3 -4 -6 12 10 -10 -11 14 -14 -1 -5 -2
right_child=16 2 4 15 7 -7 -8 -9 9 11 -12 -13 13 -15 -16 -17 -18
leaf_value=2.8297139092168224e-07 0 0 0 -0.00021166766339734906 3.7263753497895723e-05 0.00012725528580232511 0.00013958813112425737 -0.00011075878425504309 0 7.2015627733982939e-05 -0.00014442470326209974 -2.4836984363380813e-05 -6.8216526433167294e-05 0 5.4359982777367095e-05 0 -7.1089953425762097e-05
leaf_weight=3209 20 63 59 25 30 30 70 23 44 44 47 106 123 36 91 20 28
leaf_count=3209 20 63 59 25 30 30 70 23 44 44 47 106 123 36 91 20 28
internal_value=0 0 1.81136e-05 -7.12605e-06 5.37192e-05 2.82991e-05 8.69028e-05 0 -8.67328e-07 -2.6533e-05 -7.61558e-05 0 5.43229e-08 -3.56529e-05 2.68485e-06 -0.000146757 -3.05209e-05
internal_weight=4068 4020 320 138 182 93 129 53 3700 241 91 150 3459 159 3300 45 48
internal_count=4068 4020 320 138 182 93 129 53 3700 241 91 150 3459 159 3300 45 48
is_linear=0
shrinkage=0.03


Tree=253
num_leaves=20
num_cat=0
split_feature=21 21 5 19 19 2 36 5 21 21 1 20 34 26 35 26 26 19 4
split_gain=4.90038e-05 0.000547308 0.0005017 0.000214368 0.000544831 0.000522049 0.000750369 0.0003429 0.000304692 0.00079672 0.000467623 0.000254419 0.000205566 0.000373653 0.000201884 0.000288512 0.000177519 0.000173898 7.15607e-05
threshold=238.0199994405111 228.11333287556968 4857353.5000000009 254.59999847412112 257.79999694824227 232.09999847412112 0.0016158988406580288 7173626.0000000009 289.32166595458989 275.30000038146977 289.10000610351568 236.28499946594241 0.08533953934678952 5.5475819166929918 0.03548721287194289 5.3542612896244393 4.018210148452102 250.2799987792969 256.30000305175787
decision_type=2 2 2 2 2 2 2 2 2 2 2 2 2 2 2 2 2 2 2
left_child=1 12 -3 5 18 11 17 -8 9 -6 -10 -2 14 -14 16 -16 -1 -7 -5
right_child=3 2 -4 4 8 6 7 -9 10 -11 -12 -13 13 -15 15 -17 -18 -19 -20
leaf_value=4.3070626178297976e-06 0 0 0.00013579388633513405 0.00015098839009681104 0 -4.4121155119335975e-05 3.7799583813761869e-05 -6.7052917660848319e-05 7.7193822219927076e-05 -0.00011284960100449014 0 0.00010224180694819351 0 -0.00014965398001254762 0 0.0001110637651393938 -1.7814276821308727e-05 -0.00020954555054315504 0
leaf_weight=1323 54 28 52 24 317 148 96 38 73 77 1163 26 38 23 78 36 426 27 21
leaf_count=1323 54 28 52 24 317 148 96 38 73 77 1163 26 38 23 78 36 426 27 21
internal_value=0 2.87941e-06 7.97306e-05 -3.64924e-06 0 -2.38009e-05 -4.57302e-05 0 -1.80875e-06 -2.59224e-05 3.45243e-06 2.33992e-05 0 -5.44376e-05 1.45474e-06 4.03359e-05 0 -8.68819e-05 0.000103703
internal_weight=4068 2004 80 2064 1675 389 309 134 1630 394 1236 80 1924 61 1863 114 1749 175 45
internal_count=4068 2004 80 2064 1675 389 309 134 1630 394 1236 80 1924 61 1863 114 1749 175 45
is_linear=0
shrinkage=0.03


Tree=254
num_leaves=20
num_cat=0
split_feature=27 25 26 35 5 34 19 27 5 34 32 5 34 25 26 36 26 36 27
split_gain=4.95226e-05 0.000442086 0.000368443 0.000492109 0.000452622 0.00034979 0.000951683 0.000379451 0.000357934 0.00153921 0.000742834 0.000542827 0.000967695 0.000457944 0.000250619 0.000166555 0.000169498 0.000279769 2.11983e-07
threshold=0.57016153316312479 -0.48181713483140237 15.660529270434274 0.038221958574974353 7240921.5000000009 0.028650137337075558 278.21999511718758 0.46595550272509278 11213305.000000002 -0.091977256895321588 -0.028204434113088202 9461846.5000000019 -0.083444739828477374 -1.0141198781889142 8.4303350444777134 -0.0057946972820501078 5.3110860541789835 0.019238171826568853 0.38835570198940023
decision_type=2 2 2 2 2 2 2 2 2 2 2 2 2 2 2 2 2 2 2
left_child=5 15 3 14 -5 8 7 18 11 -10 -11 12 -1 -13 -3 -2 -17 -18 -7
right_child=1 2 -4 4 -6 6 -8 -9 9 10 -12 13 -14 -15 -16 16 17 -19 -20
leaf_value=-0.00018543027179961303 0 1.6535164258665938e-06 -0.00010838124515767144 0 8.2413931397371418e-05 -3.0069794258658836e-06 1.7580203611749779e-05 -0.00019516765134154466 5.0740024426837667e-05 0 -0.00026159688101636859 0.0001588460757663 1.9815406195376627e-06 0 -2.7357615086299665e-05 0 0.00013161979108784858 0 0
leaf_weight=25 30 1134 28 28 124 21 33 40 39 42 33 36 2006 20 309 24 56 20 20
leaf_count=25 30 1134 28 28 124 21 33 40 39 42 33 36 2006 20 309 24 56 20 20
internal_value=0 3.35615e-06 0 9.76806e-07 5.35114e-05 -3.27454e-06 -5.45586e-05 -0.000120925 0 -5.22883e-05 -0.000145806 2.20898e-06 0 9.42867e-05 -2.48145e-06 5.6657e-05 7.52965e-05 9.72737e-05 0
internal_weight=4068 1753 1623 1595 152 2315 114 81 2201 114 75 2087 2031 56 1443 130 100 76 41
internal_count=4068 1753 1623 1595 152 2315 114 81 2201 114 75 2087 2031 56 1443 130 100 76 41
is_linear=0
shrinkage=0.03


Tree=255
num_leaves=25
num_cat=0
split_feature=33 33 29 25 29 28 35 26 0 21 27 5 35 5 29 28 27 36 36 30 30 35 32 22
split_gain=4.92438e-05 0.000228493 0.000285143 0.000239503 0.000226658 0.000214515 0.000843199 0.00091735 0.000420329 0.000653493 0.000371905 0.000213829 0.000315129 0.000243069 0.000439331 0.00033303 0.000275762 0.000186722 0.0005665 0.000130119 0.000127288 6.92617e-05 2.11125e-05 1.8446e-05
threshold=-0.033463896211940174 -0.023614923953531815 24.096629864930012 -0.35783235794395563 30.436777481486214 -64441585.999999993 0.020703764163491557 2.6663786779581122 100.44519042968751 128.18499959309898 0.28146306422049355 8223736.5000000009 0.021519643525527817 15127467.000000002 8.6525967258960659 172503788.50000003 0.497702033165006 0.00068645646084684235 -0.012631954029879938 70.820912471708169 14.114522084227961 0.013523994795405414 -0.023161837578798136 49.096372330003177
decision_type=2 2 2 2 2 2 2 2 2 2 2 2 2 2 2 2 2 2 2 2 2 2 2 2
left_child=11 2 3 20 -4 6 23 -8 9 -7 -10 12 21 14 -13 -15 -16 18 -14 -6 -2 -1 -23 -3
right_child=1 5 4 -5 19 8 7 -9 10 -11 -12 13 17 15 16 -17 -18 -19 -20 -21 -22 22 -24 -25
leaf_value=-3.4502438311987314e-05 0 0 -7.2768990760226334e-05 0 4.2434811368727244e-05 0 0 0.00029386685394904391 -2.2141613724362089e-05 -7.2699301440529726e-05 5.9613419371900937e-06 0 0 -0.00011574890190171254 0.00010810617169871637 0 0 0 -0.00018983584423155558 0 9.1291901623866568e-05 2.6352135219908168e-05 0 -1.5280518623340074e-05
leaf_weight=32 42 117 35 52 75 189 38 20 527 191 2147 23 86 24 72 24 21 25 33 21 95 62 46 71
leaf_count=32 42 117 35 52 75 189 38 20 527 191 2147 23 86 24 72 24 21 25 33 21 95 62 46 71
internal_value=0 7.41741e-07 2.53586e-05 4.94534e-05 0 -7.3698e-07 2.47947e-05 0.000125163 -3.77659e-06 -3.33145e-05 0 -9.71908e-06 -2.85352e-05 4.58094e-06 4.14057e-05 -2.19432e-05 7.99062e-05 -5.97791e-05 -7.57274e-05 1.37339e-05 7.0324e-05 0 1.49384e-05 0
internal_weight=4068 3620 320 189 131 3300 246 58 3054 380 2674 448 284 164 116 48 93 144 119 96 137 140 108 188
internal_count=4068 3620 320 189 131 3300 246 58 3054 380 2674 448 284 164 116 48 93 144 119 96 137 140 108 188
is_linear=0
shrinkage=0.03


Tree=256
num_leaves=19
num_cat=0
split_feature=33 33 33 29 26 0 5 27 30 28 35 35 35 26 29 36 26 25
split_gain=4.87065e-05 0.000217238 0.000203388 0.000260142 0.000172276 0.000196425 0.000119028 0.000718767 0.0010609 0.000313041 0.000185477 0.000429844 0.000392198 7.15485e-05 0.000304537 0.000413871 0.000300333 0.000168245
threshold=-0.033463896211940174 -0.029873305232616273 -0.03540820055145371 18.687416659000085 2.7350387466873074 260.39839172363287 8396371.5000000019 0.41005726566667838 30.231997945196706 247569356.00000003 0.028192881164372345 0.04365624384773991 0.024594575177195908 12.330153620229643 14.808863131872453 -0.010450338658939825 5.7935131188326237 -2.7584284822779126
decision_type=2 2 2 2 2 2 2 2 2 2 2 2 2 2 2 2 2 2
left_child=2 4 13 -4 -2 -6 10 8 -8 -9 12 -12 -3 14 15 -1 -16 -15
right_child=1 6 3 -5 5 -7 7 9 -10 -11 11 -13 -14 17 16 -17 -18 -19
leaf_value=2.8431231192264751e-06 0 2.1773505994006116e-06 0 -0.00013015473613728565 9.7131497029932256e-05 0 0 2.0832949772571347e-05 -0.00022018264606993041 -3.790876952583123e-05 3.9477120798443739e-05 -4.3399507902196106e-05 -3.9827340116319762e-05 0 0 -6.9601141111085883e-05 6.4786430799708284e-05 -8.8953326913318492e-05
leaf_weight=75 22 2487 21 27 56 34 43 258 35 118 315 37 215 21 72 87 118 27
leaf_count=75 22 2487 21 27 56 34 43 258 35 118 315 37 215 21 72 87 118 27
internal_value=0 7.3059e-07 -9.67026e-06 -6.8387e-05 4.19684e-05 6.25481e-05 0 -1.48368e-05 -9.77894e-05 0 1.53156e-06 2.22355e-05 -5.60942e-08 0 1.97992e-06 -1.7574e-05 3.44338e-05 -3.61946e-05
internal_weight=4068 3620 448 48 112 90 3508 454 78 376 3054 352 2702 400 352 162 190 48
internal_count=4068 3620 448 48 112 90 3508 454 78 376 3054 352 2702 400 352 162 190 48
is_linear=0
shrinkage=0.03


Tree=257
num_leaves=15
num_cat=0
split_feature=27 29 29 27 29 31 21 26 34 27 27 26 5 5
split_gain=4.8196e-05 0.000294436 0.000560681 0.000282211 0.000284996 0.000227535 0.00052304 0.000423187 0.000218649 0.000370205 0.000267218 0.000156855 3.08091e-05 4.01741e-08
threshold=1.0958797442397439 88.929121388411701 72.450648608504068 1.0127048911144729 80.766352821875287 0.031107371247170671 302.13500137329106 5.6636448202010792 0.072626574186838613 0.90868402356868605 0.96340812317640168 3.7538476532452276 10335346.500000002 6545600.5000000009
decision_type=2 2 2 2 2 2 2 2 2 2 2 2 2 2
left_child=3 2 -2 5 -5 8 7 -7 9 -1 -10 -4 13 -6
right_child=1 -3 11 4 12 6 -8 -9 10 -11 -12 -13 -14 -15
leaf_value=1.1196104900309514e-06 0 0 0 0.00011878214774016739 0 0 0 -0.00013609535760742054 7.8372507702283183e-05 -3.9983328333222128e-05 0 -0.00017515074782214991 2.9859382624010221e-05 -1.0451545366972318e-06
leaf_weight=3403 24 44 22 36 28 23 39 57 71 206 20 31 31 33
leaf_count=3403 24 44 22 36 28 23 39 57 71 206 20 31 31 33
internal_value=0 -1.891e-05 -6.32349e-05 1.35661e-07 4.44276e-05 -5.64456e-07 -4.15888e-05 -9.19164e-05 0 -3.96336e-07 4.64098e-05 -0.00012373 0 0
internal_weight=4068 121 77 3947 128 3819 119 80 3700 3609 91 53 92 61
internal_count=4068 121 77 3947 128 3819 119 80 3700 3609 91 53 92 61
is_linear=0
shrinkage=0.03


Tree=258
num_leaves=25
num_cat=0
split_feature=30 30 36 24 30 5 34 35 35 34 24 27 36 32 35 35 32 25 36 35 27 24 34 32
split_gain=4.74928e-05 0.00026765 0.000324576 0.000441578 0.000202476 0.000179427 0.000201007 0.000160925 0.000456821 0.000673078 0.000229998 0.000264168 0.000137808 0.000127177 0.000853286 0.00085956 0.000525194 0.000493663 0.000484997 0.000259349 0.000119303 0.00034021 0.00011781 3.65139e-05
threshold=22.286073117350323 26.117591770836139 -0.0080923674422729245 -0.37053795794858407 18.454865139155057 5646069.5000000009 -0.04563531652713753 0.025735781764236458 0.03738611834926929 -0.049750815343431003 -0.31681980913785729 0.42389068906660204 -0.0034904186727301068 -0.0041528896541935248 0.04365624384773991 0.054991415128787656 -0.0082667636544428973 -0.90998072700497912 -0.0090168468566471666 0.017735279011116382 0.49051491113625229 -0.40621242476104119 -0.077820011197215641 -0.02159310954540616
decision_type=2 2 2 2 2 2 2 2 2 2 2 2 2 2 2 2 2 2 2 2 2 2 2 2
left_child=4 2 23 -4 7 20 -7 10 9 -9 12 -12 -1 14 16 -16 -3 18 -15 -19 21 -6 -10 -2
right_child=1 13 3 -5 5 6 -8 8 22 -11 11 -13 -14 17 15 -17 -18 19 -20 -21 -22 -23 -24 -25
leaf_value=-3.6496554670432663e-05 3.7717616439542977e-05 8.2220045614393765e-06 -0.00011853615028142442 0 1.77527922077444e-05 0.00012574300902266786 0 -0.00015469275533537265 6.0362302909422774e-05 0 5.4946770073829125e-05 0 0 0 -0.00023519956065130599 0 -4.2643575964129836e-05 -1.2074272745283469e-05 7.235014420848349e-05 1.1094825901983933e-05 6.9702780958026943e-05 -6.7695124483592144e-05 0 0
leaf_weight=97 23 883 67 72 83 35 39 48 29 41 149 27 118 29 29 21 227 857 177 881 22 61 23 30
leaf_count=97 23 883 67 72 83 35 39 48 29 41 149 27 118 29 29 21 227 857 177 881 22 61 23 30
internal_value=0 -1.93849e-06 -3.63102e-05 -6.26167e-05 6.27042e-06 2.97558e-05 7.10506e-05 0 -3.08303e-05 -7.82278e-05 5.23443e-06 3.47297e-05 -4.96848e-06 0 -7.66824e-06 -0.00012919 0 4.87715e-06 4.87864e-05 0 0 0 0 0
internal_weight=4068 3296 192 139 772 240 74 532 141 89 391 176 215 3104 1160 50 1110 1944 206 1738 166 144 52 53
internal_count=4068 3296 192 139 772 240 74 532 141 89 391 176 215 3104 1160 50 1110 1944 206 1738 166 144 52 53
is_linear=0
shrinkage=0.03


Tree=259
num_leaves=21
num_cat=0
split_feature=21 21 5 28 29 29 2 5 33 33 26 31 32 24 23 28 23 34 34 32
split_gain=4.75535e-05 0.000504361 0.000469885 0.000305592 0.00041873 0.000206235 0.000807586 0.00104601 0.00045421 0.000427045 0.000363947 0.000199592 0.000889837 0.000190536 0.000189277 0.000995682 0.000161426 0.000148976 0.000166869 7.66016e-05
threshold=238.0199994405111 228.11333287556968 4857353.5000000009 101662796.00000001 62.330983852398056 85.656629203463368 378.50000000000006 5687572.0000000009 0.014683102500100966 -0.0015463894735695536 8.1492976977003426 0.02397326591849747 0.021179804175034293 3.4361210753913709 -4.3309515155051477 -57312809.999999993 -3.085242003542731 -0.01346043962246257 -0.034530893187357019 0.0584380216579743
decision_type=2 2 2 2 2 2 2 2 2 2 2 2 2 2 2 2 2 2 2 2
left_child=1 11 -3 4 17 8 13 -8 9 -5 -10 14 -13 -7 15 -1 -16 18 -2 -14
right_child=3 2 -4 5 -6 6 7 -9 10 -11 -12 12 19 -15 16 -17 -18 -19 -20 -21
leaf_value=0.0001993455155323022 0 0 0.00013097279206375929 4.0571627404230826e-06 -0.00013702340287329251 -1.2814627981663752e-05 0 -0.00027636705355161287 0 -3.2132874038484096e-05 5.134620491500971e-05 -0.00020950623623851886 1.6906703624341009e-05 6.1297138023574821e-05 -4.1851367882367049e-05 0 2.2784994527297989e-06 2.9750661974231525e-05 -8.6168534664540945e-05 -3.8099414443884189e-05
leaf_weight=27 53 28 52 941 36 58 32 24 154 378 276 22 73 43 78 56 1635 35 34 33
leaf_count=27 53 28 52 941 36 58 32 24 154 378 276 22 73 43 78 56 1635 35 34 33
internal_value=0 2.90351e-06 7.66675e-05 -3.54249e-06 -4.36285e-05 0 -3.31353e-05 -0.000126612 2.73922e-06 -4.04158e-06 3.05101e-05 0 -3.63411e-05 0 2.41254e-06 4.66447e-05 0 0 -3.43901e-05 0
internal_weight=4068 2004 80 2064 158 1906 157 56 1749 1319 430 1924 128 101 1796 83 1713 122 87 106
internal_count=4068 2004 80 2064 158 1906 157 56 1749 1319 430 1924 128 101 1796 83 1713 122 87 106
is_linear=0
shrinkage=0.03


Tree=260
num_leaves=16
num_cat=0
split_feature=21 21 32 20 2 36 26 25 5 30 28 25 4 29 29
split_gain=4.80629e-05 0.000355412 0.000372719 0.000303031 0.00102352 0.000740005 0.000358362 0.000299905 0.000219806 0.000296127 0.000171938 0.000137858 8.8777e-05 6.53991e-05 0.000264823
threshold=445.97999954223638 463.08166554768883 -0.0028279462347302049 371.67000198364263 378.50000000000006 -0.005570484183491659 10.996984237697108 4.7038512295747719 3745273.5000000005 27.743880010250006 297631915.50000006 -1.6864649966691907 458.10000610351568 25.248062030479883 44.681412733091967
decision_type=2 2 2 2 2 2 2 2 2 2 2 2 2 2 2
left_child=3 2 -2 4 7 -6 8 10 9 -5 -1 -10 -3 -14 -15
right_child=1 12 -4 6 5 -7 -8 -9 11 -11 -12 -13 13 14 -16
leaf_value=-2.7676525515944076e-06 -0.00016673381404628401 4.2213091980779293e-05 0 0 0 -0.00024745232960203897 0.00012946152946088051 8.9981499018310768e-05 3.1440010773351507e-05 6.0732243227435419e-05 3.9403848023100217e-05 -1.9222764097087414e-05 0 -9.147589013349377e-05 0
leaf_weight=3202 25 42 23 24 20 26 33 33 48 134 85 207 31 36 99
leaf_count=3202 25 42 23 24 20 26 33 33 48 134 85 207 31 36 99
internal_value=0 -1.28771e-05 -8.67928e-05 4.5529e-07 -1.80803e-06 -0.000142199 2.42583e-05 0 8.56076e-06 3.79837e-05 -7.63297e-07 0 0 -5.42e-06 -2.17207e-05
internal_weight=4068 256 48 3812 3366 46 446 3320 413 158 3287 255 208 166 135
internal_count=4068 256 48 3812 3366 46 446 3320 413 158 3287 255 208 166 135
is_linear=0
shrinkage=0.03


Tree=261
num_leaves=14
num_cat=0
split_feature=26 34 26 29 33 24 23 26 2 35 24 23 32
split_gain=4.69933e-05 0.000105618 0.000104447 0.000615417 0.000533704 0.000334007 0.000132893 0.000415667 0.000428538 0.000208611 0.000596212 0.000278047 0.000187696
threshold=18.516852164655468 -0.041367206885864254 13.515151271740972 84.951030858390268 0.014480340572221808 1.8586317530744185 -7.2927697846851052 8.3799130913599633 237.70000457763675 0.033513300427397204 -0.77642754855204676 -3.7195959305665691 -0.012504596315602077
decision_type=2 2 2 2 2 2 2 2 2 2 2 2 2
left_child=2 -2 6 4 5 -4 7 12 -9 11 -11 -8 -1
right_child=1 -3 3 -5 -6 -7 9 8 -10 10 -12 -13 -14
leaf_value=-2.6805031208986362e-05 0 -6.9913671458027315e-05 8.4844756975909258e-05 -6.4618962215162905e-05 0.00014495156837206202 -4.1640390339481665e-05 2.0378033530176069e-05 0 -0.00011359863686638795 -1.6584176007052092e-05 5.260870236732288e-05 -5.2940381946320152e-06 3.9527588835199197e-05
leaf_weight=63 20 28 32 23 49 40 419 23 68 115 249 2860 79
leaf_count=63 20 28 32 23 49 40 419 23 68 115 249 2860 79
internal_value=0 -2.96529e-05 1.4534e-09 2.55251e-05 6.7472e-05 0 -1.73452e-07 -2.25966e-05 -7.3573e-05 4.37799e-07 2.25103e-05 -1.09818e-06 0
internal_weight=4068 48 4020 144 121 72 3876 233 91 3643 364 3279 142
internal_count=4068 48 4020 144 121 72 3876 233 91 3643 364 3279 142
is_linear=0
shrinkage=0.03


Tree=262
num_leaves=19
num_cat=0
split_feature=21 21 5 28 25 22 25 28 27 33 33 5 34 26 35 26 26 36
split_gain=4.65128e-05 0.000468894 0.00044237 0.000285917 0.000636604 0.000207341 0.000981784 0.000640078 0.000271842 0.000837814 0.000262969 0.000200651 0.000199764 0.000345723 0.000173179 0.00026367 0.000168575 5.62807e-05
threshold=238.0199994405111 228.11333287556968 4857353.5000000009 101662796.00000001 -0.65846831692118524 67.908831392191004 1.1197729139387147 301951310.50000006 0.41005726566667838 -0.0041192250278710421 -0.034079503341638055 4020438.5000000005 0.08533953934678952 5.5475819166929918 0.03548721287194289 5.3542612896244393 4.018210148452102 -0.011926473550928901
decision_type=2 2 2 2 2 2 2 2 2 2 2 2 2 2 2 2 2 2
left_child=1 12 -3 4 17 8 -7 -8 9 -5 -10 -6 14 -14 16 -16 -1 -2
right_child=3 2 -4 5 11 6 7 -9 10 -11 -12 -13 13 -15 15 -17 -18 -19
leaf_value=4.5800485901536489e-06 0 0 0.00012671513966018344 6.95105364848547e-06 0 -0.00022393516189820391 -6.9282305177773872e-05 6.2570661022891323e-05 -3.6884647648350722e-05 -5.8106863859453821e-05 2.0566158919319252e-05 -0.00012918040689864369 0 -0.00014502645978196099 0 0.0001050321948766151 -1.7056534871622058e-05 3.55409225565091e-05
leaf_weight=1323 20 28 52 574 36 21 66 66 44 230 905 62 38 23 78 36 426 40
leaf_count=1323 20 28 52 574 36 21 66 66 44 230 905 62 38 23 78 36 426 40
internal_value=0 2.86223e-06 7.39827e-05 -3.51091e-06 -4.22912e-05 0 -3.37601e-05 0 2.6285e-06 -7.93407e-06 1.4738e-05 -9.33962e-05 0 -5.34726e-05 1.65174e-06 3.75573e-05 0 0
internal_weight=4068 2004 80 2064 158 1906 153 132 1753 804 949 98 1924 61 1863 114 1749 60
internal_count=4068 2004 80 2064 158 1906 153 132 1753 804 949 98 1924 61 1863 114 1749 60
is_linear=0
shrinkage=0.03


Tree=263
num_leaves=23
num_cat=0
split_feature=30 27 30 33 29 21 29 29 25 4 25 25 30 36 21 29 29 36 33 21 0 29
split_gain=4.79521e-05 0.000259554 0.000196464 0.00023534 0.000221707 0.000219846 0.000179968 0.000320644 0.000384499 0.000252317 0.000254031 0.000138421 0.000125914 0.000207987 0.000298293 0.000201076 0.000456575 0.00036058 7.41877e-05 5.4966e-05 4.12377e-05 6.33063e-08
threshold=22.286073117350323 -0.14143176209211825 18.454865139155057 -0.0083746140473622815 13.854555739413913 256.07166709899906 13.284234433958884 9.0524970960783708 -0.4077890724672581 353.50000000000006 -1.3896739596063461 -0.67635984057563325 26.117591770836139 -0.015384604206015338 272.04833335876469 35.128228889001122 39.498976409087796 -0.00061297310954777943 0.0027781940107199925 243.54000002543134 391.42620849609381 11.530303868069629
decision_type=2 2 2 2 2 2 2 2 2 2 2 2 2 2 2 2 2 2 2 2 2 2
left_child=2 -2 6 4 21 -6 7 11 -9 10 -8 -1 13 -3 -15 17 -17 -14 19 -5 -11 -4
right_child=1 12 3 18 5 -7 9 8 -10 20 -12 -13 15 14 -16 16 -18 -19 -20 -21 -22 -23
leaf_value=-4.3711701605639711e-05 -0.00011055751721054981 0 1.3758191561165435e-06 0 0 0.00013167654035856153 -7.8544434668505357e-05 7.3404815159224779e-05 0 4.1548614527153607e-05 0 0 0 0 -9.8152652839056867e-05 -5.0737914494875875e-05 0 5.1113920506270773e-05 1.4394469117590885e-05 -7.2214968029910039e-05 0 0
leaf_weight=67 20 23 30 21 46 47 92 126 24 22 141 32 342 104 59 165 2395 188 55 20 28 21
leaf_count=67 20 23 30 21 46 47 92 126 24 22 141 32 342 104 59 165 2395 188 55 20 28 21
internal_value=0 -1.94933e-06 6.29871e-06 2.93941e-05 5.39396e-05 8.15263e-05 0 1.3948e-05 4.71302e-05 -2.00238e-05 -3.81668e-05 -6.0525e-06 -3.67203e-07 -2.47191e-05 -4.29522e-05 1.28549e-07 -2.34726e-06 1.77447e-05 0 -3.66983e-05 4.54967e-06 0
internal_weight=4068 3296 772 240 144 93 532 249 150 283 233 99 3276 186 163 3090 2560 530 96 41 50 51
internal_count=4068 3296 772 240 144 93 532 249 150 283 233 99 3276 186 163 3090 2560 530 96 41 50 51
is_linear=0
shrinkage=0.03


Tree=264
num_leaves=22
num_cat=0
split_feature=30 33 22 33 35 36 34 30 22 22 29 35 29 24 29 34 1 33 29 33 36
split_gain=4.68201e-05 0.000341884 0.000483768 0.000195726 0.000395645 0.000409472 0.000510782 0.000367385 0.000291287 0.000615576 0.000274485 0.000154214 0.000260236 0.000256209 0.000154047 9.5295e-05 7.48756e-05 6.62724e-05 2.34402e-05 2.22528e-06 6.49648e-05
threshold=85.655778423565195 0.02190955553723695 71.513098316121997 0.011681944588277539 0.018329998067869072 0.016735754678415701 0.022193017802482399 73.801020258109233 67.5922717109122 69.830948731263945 79.16667392492694 0.019699263346243747 35.930109859593259 -6.1564235804490277 91.101090828222453 0.032626449518059049 139.34999847412112 0.026334576958634951 87.247602507491521 0.078994317100845382 0.017543662891652736
decision_type=2 2 2 2 2 2 2 2 2 2 2 2 2 2 2 2 2 2 2 2 2
left_child=3 15 14 8 7 6 -6 10 11 -10 -5 13 -13 -1 -3 -2 -9 -7 -17 20 -4
right_child=1 2 19 4 5 17 -8 16 9 -11 -12 12 -14 -15 -16 18 -18 -19 -20 -21 -22
leaf_value=-4.7102536409846524e-05 0 -0.00016866162728309351 -3.7900222185829197e-05 -1.2181612298018305e-06 9.0403372987244601e-05 -2.9051505514175933e-05 5.8895894380314786e-06 0 -0.00015949204447151659 0 -8.8503419775639517e-05 0 -2.7759749007249571e-05 9.0417878465033499e-06 0 0 3.8024190570319847e-05 5.2115477956879871e-06 7.1136603425196425e-05 8.0550455791681795e-06 0
leaf_weight=65 35 32 41 262 161 65 260 21 33 50 62 651 440 1469 33 33 116 173 23 22 21
leaf_count=65 35 32 41 262 161 65 260 21 33 50 62 651 440 1469 33 33 116 173 23 22 21
internal_value=0 -1.31384e-05 -4.76903e-05 4.25259e-07 1.16087e-05 2.74719e-05 4.53476e-05 -4.56274e-06 -3.09254e-06 -5.88671e-05 -2.71995e-05 -1.84016e-07 -9.8066e-06 4.70433e-06 -0.000109074 1.04949e-05 2.70712e-05 0 4.13238e-05 0 -3.0265e-06
internal_weight=4068 240 149 3828 1120 659 421 461 2708 83 324 2625 1091 1534 65 91 137 238 56 84 62
internal_count=4068 240 149 3828 1120 659 421 461 2708 83 324 2625 1091 1534 65 91 137 238 56 84 62
is_linear=0
shrinkage=0.03


Tree=265
num_leaves=17
num_cat=0
split_feature=21 21 32 20 2 36 32 25 22 2 28 4 5 34 21 21
split_gain=4.64702e-05 0.000329183 0.000344075 0.000280663 0.000970173 0.00121283 0.000262608 0.000239658 0.000210566 0.000147928 0.000143521 8.46097e-05 7.01803e-05 0.000160095 4.5963e-05 0.00011622
threshold=445.97999954223638 463.08166554768883 -0.0028279462347302049 371.67000198364263 377.69999694824224 -0.0058935218456982333 0.0069656237459612145 4.7038512295747719 58.201808396525657 416.89999389648443 297631915.50000006 458.10000610351568 3769487.0000000005 0.050533406069196325 472.21499938964848 488.0966664632162
decision_type=2 2 2 2 2 2 2 2 2 2 2 2 2 2 2 2
left_child=3 2 -2 4 7 -6 8 10 9 -5 -1 -3 -8 -14 -13 -16
right_child=1 11 -4 6 5 -7 12 -9 -10 -11 -12 14 13 -15 15 -17
leaf_value=-2.3685129574210175e-06 -0.00016055396603108698 4.1010340199680799e-05 0 3.2870206965748625e-05 0 -0.00025612141387815592 2.2800243410845088e-05 8.1837082708202208e-05 0.00011058251811814853 0 3.6701694990248531e-05 0 -4.1923116811192763e-05 0 -5.0598350731741046e-05 0
leaf_weight=3198 25 42 23 153 23 30 50 32 52 67 83 45 103 21 59 62
leaf_count=3198 25 42 23 153 23 30 50 32 52 67 83 45 103 21 59 62
internal_value=0 -1.26659e-05 -8.37467e-05 4.40135e-07 -1.70676e-06 -0.000128951 2.33647e-05 0 4.19953e-05 1.21107e-05 -4.64731e-07 0 0 -1.72944e-05 -5.67158e-06 -1.96395e-05
internal_weight=4068 256 48 3812 3366 53 446 3313 272 220 3281 208 174 124 166 121
internal_count=4068 256 48 3812 3366 53 446 3313 272 220 3281 208 174 124 166 121
is_linear=0
shrinkage=0.03


Tree=266
num_leaves=13
num_cat=0
split_feature=22 25 28 22 24 35 34 34 25 25 5 5
split_gain=4.43017e-05 0.000354445 0.000349275 0.00121736 0.000458103 0.000697664 0.00061965 0.000277708 0.000164602 0.000148761 0.000500155 0.000249476
threshold=34.691178939591914 -0.024371103604108543 231496811.00000003 30.785184117427196 -6.3035811327951654 0.029175334746702582 -0.083444739828477374 -0.072970934078677815 5.9186979196605103 1.975417229296998 6024422.0000000009 8396371.5000000019
decision_type=2 2 2 2 2 2 2 2 2 2 2 2
left_child=1 2 4 -4 5 -1 -6 -2 9 11 -11 -9
right_child=7 -3 3 -5 6 -7 -8 8 -10 10 -12 -13
leaf_value=0 7.8298963536678316e-05 -0.00013004492278656616 -0.00021130766618511729 0 -0.00014910686056155605 0.00015169287743512161 1.2225897760002786e-06 1.441074974361229e-06 -7.2445597448237098e-05 0 6.0161680075924438e-05 -2.3611667457759806e-05
leaf_weight=43 41 21 31 26 25 46 245 2819 28 187 161 395
leaf_count=43 41 21 31 26 25 46 245 2819 28 187 161 395
internal_value=0 -9.30381e-06 0 -7.16355e-05 7.70716e-06 6.97033e-05 -1.63986e-06 7.4877e-07 0 4.31345e-07 1.9543e-05 -7.05154e-07
internal_weight=4068 437 416 57 359 89 270 3631 3590 3562 348 3214
internal_count=4068 437 416 57 359 89 270 3631 3590 3562 348 3214
is_linear=0
shrinkage=0.03


Tree=267
num_leaves=22
num_cat=0
split_feature=30 33 33 31 25 34 35 5 29 33 31 30 28 29 29 31 29 22 5 0 31
split_gain=4.40859e-05 0.000247296 0.000268349 0.000202485 0.000425484 0.000265008 0.000345042 0.000253327 0.000192775 0.000215958 0.000120973 0.000107381 0.000221936 0.000330885 0.000220769 0.000648959 0.000365939 9.6699e-05 0.000344317 1.78166e-05 1.22635e-05
threshold=22.286073117350323 -0.052991664392439845 -0.072969881027376601 -0.011105637742214456 -2.9243386120367227 -0.05405407162324815 0.03120281928126779 4632162.0000000009 26.512810207798132 -0.0062695904463083143 0.017771427867443682 26.117591770836139 147381651.50000003 18.083440658258969 33.970912167820309 -0.0031323805770211983 49.766828040662453 25.507152842729706 7880819.0000000009 138.24195098876956 -0.025920469266753617
decision_type=2 2 2 2 2 2 2 2 2 2 2 2 2 2 2 2 2 2 2 2 2
left_child=3 2 -2 4 -1 6 7 -5 9 -7 -10 12 19 -14 15 -13 -16 -6 -19 -3 -4
right_child=1 11 20 5 17 8 -8 -9 10 -11 -12 14 13 -15 16 -17 -18 18 -20 -21 -22
leaf_value=0.00012483794589097954 0 0 -0.00014832355242171976 0 4.7177147629963768e-05 8.9738798843106655e-06 0 -0.00014763988284334444 7.5892246163239665e-05 -4.0288907766253996e-05 0 0 0 -9.5414595017510081e-05 -2.3477748910258592e-05 6.32807690034591e-05 3.0997531876152772e-06 2.9572368039114273e-07 -0.00010146466257480712 1.9068425552140233e-05 0
leaf_weight=38 27 49 22 24 39 295 22 35 51 105 35 264 20 65 575 194 2014 98 30 44 22
leaf_count=38 27 49 22 24 39 295 22 35 51 105 35 264 20 65 575 194 2014 98 30 44 22
internal_value=0 -1.83338e-06 -5.7325e-05 6.08601e-06 3.20618e-05 0 -5.28546e-05 -9.53309e-05 4.9571e-06 0 4.6409e-05 0 -2.31112e-05 -5.88641e-05 7.05231e-07 2.05365e-05 -1.64491e-06 0 -1.95752e-07 0 -0.000103801
internal_weight=4068 3296 71 772 205 567 81 59 486 400 86 3225 178 85 3047 458 2589 167 128 93 44
internal_count=4068 3296 71 772 205 567 81 59 486 400 86 3225 178 85 3047 458 2589 167 128 93 44
is_linear=0
shrinkage=0.03


Tree=268
num_leaves=21
num_cat=0
split_feature=30 32 22 28 30 0 5 36 30 31 32 24 22 31 23 22 31 24 36 36
split_gain=4.4267e-05 0.000365399 0.000248026 0.00024137 0.000176833 0.000341902 0.000403491 0.00032921 0.000178394 0.000147134 0.000703427 0.00166275 0.000544054 0.00023184 0.000292173 0.000242362 6.56409e-05 3.37678e-05 9.58583e-06 4.93947e-05
threshold=85.655778423565195 0.0095478117342187047 71.513098316121997 243291966.00000003 78.246521683665591 398.09893798828131 7693708.5000000009 0.010899229535695042 80.438861226106994 -0.0078063695625798504 -0.016411469426239941 5.1443041251500281 35.984087841709048 -0.0038941975383111056 -0.37458975962097435 32.745082533420188 0.013999125876996811 1.0000000180025095e-35 0.015577720267966779 -0.0044045693817097225
decision_type=2 2 2 2 2 2 2 2 2 2 2 2 2 2 2 2 2 2 2 2
left_child=4 3 -3 17 9 6 7 -6 -7 10 12 -12 -1 14 -11 -15 -8 -2 19 -4
right_child=1 2 18 -5 5 8 16 -9 -10 13 11 -13 -14 15 -16 -17 -18 -19 -20 -21
leaf_value=-2.4559514508661153e-05 -3.8884301789786042e-05 -0.00010093533566903367 0 7.8148308669460419e-05 7.6281859889197306e-05 0 -3.8870508549437207e-05 0 -7.9799995832049186e-05 4.8632923020290596e-05 -1.0110465805112775e-05 -0.00019199305900070003 3.1900198838867825e-05 -4.5693969636349014e-05 0 6.7479077615865528e-07 0 0 0 -4.5097815501771261e-05
leaf_weight=209 20 57 20 37 189 20 39 28 29 205 416 59 386 104 174 1923 47 45 35 26
leaf_count=209 20 57 20 37 189 20 39 28 29 205 416 59 386 104 174 1923 47 45 35 26
internal_value=0 -1.27434e-05 -5.0951e-05 9.56556e-06 4.7105e-07 2.11815e-05 3.81409e-05 6.08579e-05 -2.24542e-05 -7.63722e-07 -1.06275e-05 -3.90523e-05 7.02617e-06 2.37634e-06 2.42067e-05 -2.26458e-07 0 0 0 -1.368e-05
internal_weight=4068 240 138 102 3828 352 303 217 49 3476 1070 475 595 2406 379 2027 86 65 81 46
internal_count=4068 240 138 102 3828 352 303 217 49 3476 1070 475 595 2406 379 2027 86 65 81 46
is_linear=0
shrinkage=0.03


Tree=269
num_leaves=25
num_cat=0
split_feature=30 33 35 32 35 28 0 31 36 34 35 30 20 29 33 35 28 28 33 35 30 28 36 4
split_gain=4.52243e-05 0.000247073 0.00058565 0.00041034 0.000395876 0.000466056 0.000279896 0.000197482 0.000440091 0.000243407 0.000330384 0.00024897 0.000216647 0.00018201 0.00020271 0.000177094 0.000715963 0.000766318 0.000364358 0.000350509 0.000237725 0.000231651 0.000166475 0.000112275
threshold=22.286073117350323 -0.01232443506742331 0.04365624384773991 -0.054720041099474308 0.025424898934198418 175355315.50000003 117.73695755004884 -0.011105637742214456 -0.001943179129270146 -0.05405407162324815 0.03120281928126779 14.953560200797865 361.21499938964848 26.512810207798132 -0.0062695904463083143 0.018329998067869072 -61022630.499999993 -81280726.999999985 0.02190955553723695 0.019699263346243747 70.820912471708169 331378760.00000006 0.01520133802566874 231.90000152587893
decision_type=2 2 2 2 2 2 2 2 2 2 2 2 2 2 2 2 2 2 2 2 2 2 2 2
left_child=7 2 4 -4 6 -6 -2 8 12 10 11 -9 23 14 -11 18 17 -17 20 -18 -3 -20 -15 -1
right_child=1 15 3 -5 5 -7 -8 9 -10 13 -12 -13 -14 22 -16 16 19 -19 21 -21 -22 -23 -24 -25
leaf_value=0 -6.1465476253836276e-05 -4.8305835063531061e-06 0 -0.00021284555745817315 6.9778384447290227e-05 0 -1.7322110202423044e-06 0 0.00016519759568581736 8.6898375257284922e-06 0 -0.00016714600758525359 7.9180286363234365e-05 7.1199418524317966e-05 -3.9036323457733014e-05 0 4.7464380000976783e-05 0.000210454665868982 -4.9820860254117778e-05 -5.3795017936624856e-07 2.6493012331189891e-05 0 0 -4.1004027066226988e-05
leaf_weight=92 143 744 20 24 106 116 394 33 22 295 22 26 31 64 105 26 144 33 226 1005 281 34 22 60
leaf_count=92 143 744 20 24 106 116 394 33 22 295 22 26 31 64 105 26 144 33 226 1005 281 34 22 60
internal_value=0 -1.86001e-06 -1.67823e-05 -0.000127997 -6.367e-06 2.09148e-05 -2.32329e-05 6.16008e-06 3.17714e-05 0 -5.06136e-05 -9.24477e-05 0 4.8234e-06 0 1.74364e-06 1.08208e-05 0.000114613 -4.45529e-06 2.87088e-06 8.31869e-07 -3.68252e-05 4.50987e-05 0
internal_weight=4068 3296 803 44 759 222 537 772 205 567 81 59 183 486 400 2493 1208 59 1285 1149 1025 260 86 152
internal_count=4068 3296 803 44 759 222 537 772 205 567 81 59 183 486 400 2493 1208 59 1285 1149 1025 260 86 152
is_linear=0
shrinkage=0.03


Tree=270
num_leaves=25
num_cat=0
split_feature=30 33 35 32 35 0 20 31 36 34 35 22 20 35 1 31 33 4 30 4 30 25 24 4
split_gain=4.41176e-05 0.000238603 0.00054975 0.000381936 0.000372181 0.000258845 0.000252522 0.000190799 0.000408285 0.000228023 0.000318675 0.000248059 0.000203883 0.000166194 0.000444292 0.000445621 0.000339162 0.000328209 0.000223832 0.000221838 0.000151066 0.000316405 0.000303742 0.000105651
threshold=22.286073117350323 -0.01232443506742331 0.04365624384773991 -0.054720041099474308 0.025424898934198418 117.73695755004884 244.06999969482425 -0.011105637742214456 -0.001943179129270146 -0.05405407162324815 0.032188002339789752 33.832196539556847 361.21499938964848 0.018329998067869072 131.34999847412112 0.018462662104893338 0.02190955553723695 136.94999694824222 70.820912471708169 416.69999694824224 14.114522084227961 -1.3277351416527383 -0.31681980913785729 231.90000152587893
decision_type=2 2 2 2 2 2 2 2 2 2 2 2 2 2 2 2 2 2 2 2 2 2 2 2
left_child=7 2 4 -4 5 -2 -6 8 12 10 11 -9 23 16 15 -15 18 -16 -3 -18 22 -22 -11 -1
right_child=1 13 3 -5 6 -7 -8 9 -10 20 -12 -13 -14 14 17 -17 19 -19 -20 -21 21 -23 -24 -25
leaf_value=0 -5.9622801397440521e-05 -4.6856851840357502e-06 0 -0.00020648668139508277 6.4801582048142382e-05 -1.680257499807123e-06 0 -0.00016127139871499271 0.00016026409818818243 -6.5399497478948039e-05 0 0 7.6812520335724875e-05 0.00011202826386181874 -8.5284555841904139e-05 0 -4.7899663991497734e-05 7.4119900106563399e-06 2.5698503575975688e-05 0 -1.2038145651472311e-06 4.165321158388268e-05 0 -3.9775949478042485e-05
leaf_weight=92 143 744 20 24 75 394 147 27 22 68 20 34 31 74 33 35 230 1066 281 30 119 238 61 60
leaf_count=92 143 744 20 24 75 394 147 27 22 68 20 34 31 74 33 35 230 1066 281 30 119 238 61 60
internal_value=0 -1.84769e-06 -1.65139e-05 -0.000124522 -6.28497e-06 -2.27038e-05 1.99158e-05 6.07055e-06 3.12406e-05 0 -4.90061e-05 -8.87794e-05 0 1.67349e-06 1.0492e-05 6.96278e-05 -4.28234e-06 1.89155e-06 7.1918e-07 -3.55266e-05 4.63693e-06 1.89702e-05 -1.17757e-05 0
internal_weight=4068 3296 803 44 759 537 222 772 205 567 81 61 183 2493 1208 109 1285 1099 1025 260 486 357 129 152
internal_count=4068 3296 803 44 759 537 222 772 205 567 81 61 183 2493 1208 109 1285 1099 1025 260 486 357 129 152
is_linear=0
shrinkage=0.03


Tree=271
num_leaves=21
num_cat=0
split_feature=28 4 1 19 1 25 28 4 28 32 5 5 32 32 32 22 35 27 30 35
split_gain=4.34677e-05 0.00040101 0.00025586 0.000695156 0.000288746 0.00045681 0.000327105 0.000183514 0.000296578 0.000130984 0.000195774 0.000119037 0.000233692 0.000515027 0.000218268 0.000154492 0.000322268 0.000121325 0.000110715 9.51061e-05
threshold=29140289.500000004 173.25000000000003 132.05000305175784 133.50999755859377 126.45000076293947 0.054303450887446265 -22676472.499999996 124.90000152587892 -75383316.999999985 0.036045849966669381 4390365.0000000009 3040725.5000000005 0.00091964734736182951 -0.010442559048260689 0.016475600729772725 47.53570153251345 0.017999078619700976 0.5780393946306287 26.438588231336421 0.01719674192573158
decision_type=2 2 2 2 2 2 2 2 2 2 2 2 2 2 2 2 2 2 2 2
left_child=2 19 4 -4 7 -6 -7 18 -9 10 -5 15 13 -13 -14 16 -3 -17 -1 -2
right_child=1 11 3 9 5 6 -8 8 -10 -11 -12 12 14 -15 -16 17 -18 -19 -20 -21
leaf_value=2.830107802753619e-05 0 0 -0.00014865854845323544 -2.0218948555989701e-05 0 0.0001185849484184443 0 0 -9.3290428479388902e-05 -6.8479800448517601e-05 1.9477548792635152e-05 0 2.0041767780961052e-05 -4.0021087770919237e-05 -3.8779112172102328e-06 -2.5186637543630955e-05 7.9823989296429659e-05 1.2530005064833242e-05 -5.1218062379252229e-06 9.0702611543348025e-05
leaf_weight=117 25 171 39 235 78 69 22 20 50 28 211 770 525 422 607 123 80 198 223 55
leaf_count=117 25 171 39 235 78 69 22 20 50 28 211 770 525 422 607 123 80 198 223 55
internal_value=0 1.5117e-06 -5.44006e-06 -2.21762e-05 4.20913e-06 3.96755e-05 8.62257e-05 -3.10077e-06 -4.91156e-05 -5.41246e-06 0 0 -3.33385e-06 -1.33528e-05 4.56643e-06 1.19211e-05 2.9623e-05 0 0 6.77543e-05
internal_weight=4068 2976 1092 513 579 169 91 410 70 474 446 2896 2324 1192 1132 572 251 321 340 80
internal_count=4068 2976 1092 513 579 169 91 410 70 474 446 2896 2324 1192 1132 572 251 321 340 80
is_linear=0
shrinkage=0.03


Tree=272
num_leaves=22
num_cat=0
split_feature=30 32 23 22 30 0 5 22 30 32 31 32 24 22 31 23 22 36 36 36 26
split_gain=4.34489e-05 0.000343791 0.000226676 0.000217868 0.000155433 0.000320803 0.000371917 0.000328229 0.000172094 0.000150214 0.000144635 0.000662818 0.00153964 0.000518112 0.000220024 0.000276283 0.000218052 6.15391e-05 8.90422e-06 4.58095e-05 5.57587e-07
threshold=85.655778423565195 0.0092861184828840777 1.5791840961744585 71.513098316121997 78.246521683665591 398.09893798828131 7693708.5000000009 63.055352718626672 80.438861226106994 -0.0029353788506032981 -0.0078063695625798504 -0.016411469426239941 5.1443041251500281 35.984087841709048 -0.0038941975383111056 -0.37458975962097435 32.745082533420188 0.0076669119172326347 0.015577720267966779 -0.0044045693817097225 3.4560868651116929
decision_type=2 2 2 2 2 2 2 2 2 2 2 2 2 2 2 2 2 2 2 2 2
left_child=4 2 20 -3 10 6 7 -6 -7 -4 11 13 -13 -1 15 -12 -16 -8 19 -5 -2
right_child=1 3 9 18 5 8 17 -9 -10 -11 14 12 -14 -15 16 -17 -18 -19 -20 -21 -22
leaf_value=-2.4210490249020515e-05 0 -9.6122533184750297e-05 0 0 1.0750924799290103e-05 0 -3.7164195595155847e-05 0.00012692234229363602 -7.8291925409635925e-05 9.533751093668818e-05 4.7401458680403713e-05 -9.9232424337285265e-06 -0.00018550111819560955 3.0912056681360843e-05 -4.3310001427918314e-05 0 7.1712256483347755e-07 0 0 -4.3435943628736259e-05 -4.6609197183838646e-06
leaf_weight=209 20 58 20 20 154 20 40 63 29 38 205 416 59 386 104 174 1923 46 35 26 23
leaf_count=209 20 58 20 20 154 20 40 63 29 38 205 416 59 386 104 174 1923 46 35 26 23
internal_value=0 -1.26503e-05 8.37947e-06 -4.94932e-05 4.21675e-07 1.98647e-05 3.65168e-05 5.83396e-05 -2.18713e-05 6.02787e-05 -6.84714e-07 -1.04845e-05 -3.80808e-05 6.5077e-06 2.42688e-06 2.36581e-05 -6.38709e-08 0 0 -1.31847e-05 0
internal_weight=4068 240 101 139 3828 352 303 217 49 58 3476 1070 475 595 2406 379 2027 86 81 46 43
internal_count=4068 240 101 139 3828 352 303 217 49 58 3476 1070 475 595 2406 379 2027 86 81 46 43
is_linear=0
shrinkage=0.03


Tree=273
num_leaves=22
num_cat=0
split_feature=28 4 28 24 35 33 28 26 29 33 25 29 29 34 34 33 33 26 2 35 23
split_gain=4.38711e-05 0.000376916 0.000179574 0.000330872 0.000722005 0.000263481 0.000529919 0.000263451 0.000167116 0.000601274 0.00015867 0.000273805 0.000140798 0.000463596 0.000428064 0.000331728 0.000379167 0.000328306 0.000191846 8.74884e-05 4.52365e-05
threshold=29140289.500000004 173.25000000000003 -64441585.999999993 -2.7487550335862911 0.01733041387178735 0.018213994058062569 -81280726.999999985 4.9353632634066402 12.796200724299936 -0.021120692908275947 -0.94882227280157105 27.223030811388654 79.700132405171999 0.043085494349034754 0.03371775178450765 0.022758971006623278 0.065354182691791843 4.0499202912659378 378.50000000000006 0.01719674192573158 -1.215202308981844
decision_type=2 2 2 2 2 2 2 2 2 2 2 2 2 2 2 2 2 2 2 2 2
left_child=2 19 5 4 -4 8 -7 -6 -1 -10 20 -12 15 14 -14 17 -17 -3 -15 -2 -5
right_child=1 12 3 10 7 6 -8 -9 9 -11 11 -13 13 18 -16 16 -18 -19 -20 -21 -22
leaf_value=5.7063123433150215e-05 0 2.4511423603668923e-05 -0.00016689277783575051 7.863353447099237e-05 -5.4619431051094944e-05 0 0.00017157900162909431 3.1852280305755006e-05 -0.00013624016699378177 0 -4.6238609065767378e-05 0 0 2.2512057934235158e-05 -0.00012988107402029132 4.9653585332265114e-05 -1.2367313039486353e-05 -6.7639521186403901e-06 -3.3652103126200724e-05 8.7805587087188262e-05 0
leaf_weight=35 25 356 40 21 62 20 25 51 31 179 140 446 135 213 54 264 34 1783 57 55 42
leaf_count=35 25 356 40 21 62 20 25 51 31 179 140 446 135 213 54 264 34 1783 57 55 42
internal_value=0 1.51679e-06 -5.46668e-06 -1.4532e-05 -5.52359e-05 9.25858e-06 7.6219e-05 0 0 -1.31103e-05 -3.07296e-07 -9.5193e-06 0 -1.54877e-05 -5.2809e-05 2.60945e-06 3.25119e-05 -1.55339e-07 0 6.57305e-05 3.77147e-05
internal_weight=4068 2976 1092 802 153 290 45 113 245 210 649 586 2896 459 189 2437 298 2139 270 80 63
internal_count=4068 2976 1092 802 153 290 45 113 245 210 649 586 2896 459 189 2437 298 2139 270 80 63
is_linear=0
shrinkage=0.03


Tree=274
num_leaves=24
num_cat=0
split_feature=29 29 5 0 29 35 26 27 21 23 29 36 0 29 23 36 29 1 19 35 29 19 25
split_gain=4.47486e-05 0.000386636 0.000778765 0.000494633 0.000430334 0.000366699 0.000320208 0.000256176 0.000583732 0.000525333 0.000249454 0.000596696 0.000487441 0.000363706 0.000323922 0.000461577 0.000193406 0.000162424 0.000790364 0.00073629 0.000161605 0.000155025 9.29909e-05
threshold=35.128228889001122 49.766828040662453 10717376.000000002 98.60465240478517 50.860438503795343 0.015286726659485451 8.0082241242718197 0.49051491113625229 280.86083450317386 4.3483893657579538 26.759450505805017 -0.010450338658939825 212.91563415527347 18.083440658258969 -0.13722048771351322 -0.010638279275076415 37.737630068929725 132.05000305175784 133.50999755859377 0.020703764163491557 27.907490802916662 129.99000015258792 -1.0346564898020276
decision_type=2 2 2 2 2 2 2 2 2 2 2 2 2 2 2 2 2 2 2 2 2 2 2
left_child=7 2 3 16 5 -3 -5 10 9 21 11 13 -13 -1 15 -12 -2 19 -19 -6 -10 -9 -16
right_child=1 4 -4 6 17 -7 -8 8 20 -11 14 12 -14 -15 22 -17 -18 18 -20 -21 -22 -23 -24
leaf_value=5.031090854797148e-05 0 0 -0.00019073782258880121 2.215682854502452e-05 0 0.00016089839757017432 -2.9322958498748058e-05 0 0.00014804953873774694 -8.3087804529684842e-05 0 0 -5.9203558929990672e-05 -1.2929328973695727e-06 0 7.6637280599915568e-05 -8.855633130341993e-05 -0.00015062337077987621 0 0.0001055362926789816 0 5.3932119744651238e-05 -4.686828391827224e-05
leaf_weight=189 21 20 27 282 168 28 174 20 42 46 50 435 256 82 31 146 88 32 1697 71 24 101 38
leaf_count=189 21 20 27 282 168 28 174 20 42 46 50 435 256 82 31 146 88 32 1697 71 24 101 38
internal_value=0 -2.68904e-06 -2.45445e-05 -1.12614e-05 2.2417e-06 9.0899e-05 0 3.8297e-06 3.2878e-05 0 0 -8.73288e-06 -2.57699e-05 2.36357e-05 2.3877e-05 4.75116e-05 -6.88277e-05 0 -3.12979e-06 2.32496e-05 0.000108443 3.57235e-05 0
internal_weight=4068 2608 592 565 2016 48 456 1460 233 167 1227 962 691 271 265 196 109 1968 1729 239 66 121 69
internal_count=4068 2608 592 565 2016 48 456 1460 233 167 1227 962 691 271 265 196 109 1968 1729 239 66 121 69
is_linear=0
shrinkage=0.03


Tree=275
num_leaves=23
num_cat=0
split_feature=30 33 33 36 33 25 25 29 30 23 3 25 5 35 25 5 5 31 34 36 33 33
split_gain=4.33007e-05 0.000229026 0.000259475 0.000475143 0.000184805 0.000564899 0.00048436 0.000523896 0.000156857 0.00028656 0.000217211 0.000120793 0.000640532 0.000282826 0.000192262 0.000272378 0.000259695 0.000107494 7.68661e-05 4.92097e-05 2.27622e-05 1.52515e-05
threshold=22.286073117350323 -0.052991664392439845 -0.072969881027376601 -0.01482092894420123 -0.0041192250278710421 -1.3277351416527383 -2.8198615963119544 13.481866189998016 11.593824146808512 -1.2517083534272613 118.09999847412111 -1.4451416365805982 10987276.000000002 0.013036678282359689 -1.1127230284099432 3579217.5000000005 6024422.0000000009 0.013614289382277158 -0.01991572922279394 0.014564910488961757 -0.052991664392439845 0.0033085553849637743
decision_type=2 2 2 2 2 2 2 2 2 2 2 2 2 2 2 2 2 2 2 2 2 2
left_child=4 2 -2 -4 6 18 7 20 9 -8 -10 12 13 -3 15 -13 -16 21 -6 -19 -1 -7
right_child=1 11 3 -5 5 17 8 -9 10 -11 -12 14 -14 -15 16 -17 -18 19 -20 -21 -22 -23
leaf_value=-1.0089750006636021e-05 0 0 -0.00019097896917873828 0 -0.00013390096234256 -1.9234914556672824e-05 -7.3777324986385576e-05 0.00015555496839172883 9.0342272425540402e-05 0 0 0 -0.00011022144272014215 5.3186319315478785e-05 -6.4779713913626713e-06 -7.247767237731423e-05 1.3816790821050822e-05 8.3794006035287861e-05 0 0 2.7029519544476524e-05 0
leaf_weight=21 27 28 24 20 34 37 61 44 32 39 392 36 21 235 2048 83 774 20 20 20 25 27
leaf_count=21 27 28 24 20 34 37 61 44 32 39 392 36 21 235 2048 83 774 20 20 20 25 27
internal_value=0 -1.88556e-06 -5.53524e-05 -0.000101169 5.94103e-06 -1.4644e-05 1.61249e-05 8.13043e-05 0 -2.7312e-05 1.25223e-05 0 1.78346e-05 3.95001e-05 -2.49779e-06 -4.00865e-05 0 9.68889e-07 -0.000100112 4.91428e-05 0 0
internal_weight=4068 3296 71 44 772 158 614 90 524 100 424 3225 284 263 2941 119 2822 104 54 40 46 64
internal_count=4068 3296 71 44 772 158 614 90 524 100 424 3225 284 263 2941 119 2822 104 54 40 46 64
is_linear=0
shrinkage=0.03


Tree=276
num_leaves=22
num_cat=0
split_feature=30 32 28 22 30 31 32 31 32 24 22 20 30 23 0 35 22 24 2 36 36
split_gain=4.31655e-05 0.000328136 0.000222533 0.000199157 0.000148064 0.000376933 0.000404273 0.000149228 0.000611303 0.00143923 0.000464857 0.00016645 0.000374777 0.000227481 0.000147377 6.24879e-05 4.47293e-05 3.47692e-05 1.76847e-05 8.53913e-06 4.29301e-05
threshold=85.655778423565195 0.0095478117342187047 243291966.00000003 71.513098316121997 78.605038375570174 0.0019531648287076657 -0.0039890515220348246 -0.0078063695625798504 -0.016411469426239941 5.1443041251500281 35.984087841709048 163.93500022888188 59.316784779554446 5.3265846145213525 398.09893798828131 0.011632403075681972 66.593878367621429 1.0000000180025095e-35 270.50000000000006 0.015577720267966779 -0.0044045693817097225
decision_type=2 2 2 2 2 2 2 2 2 2 2 2 2 2 2 2 2 2 2 2 2
left_child=4 2 17 -3 7 6 18 8 10 -10 -1 12 -9 -13 16 -8 -7 -2 -6 20 -5
right_child=1 3 -4 19 5 14 15 11 9 -11 -12 13 -14 -15 -16 -17 -18 -19 -20 -21 -22
leaf_value=-2.3212061294457551e-05 -3.9456676180933162e-05 -9.4322854061341867e-05 7.4361561237996929e-05 0 1.5688808740764319e-05 2.2999857233660709e-05 0 0 -9.5000652489851383e-06 -0.00017815780774969143 2.892756044970136e-05 1.7103603810589818e-06 -5.1145158215380005e-05 3.5531458307222037e-05 -8.1233997705892932e-05 0.00011704770535858852 0 0 -1.12698159439524e-05 0 -4.2128374829524373e-05
leaf_weight=209 20 57 37 20 48 76 20 393 423 60 388 1638 149 248 20 65 59 45 32 35 26
leaf_count=209 20 57 37 20 48 76 20 393 423 60 388 1638 149 248 20 65 59 45 32 35 26
internal_value=0 -1.26323e-05 6.90638e-06 -4.87918e-05 3.73917e-07 2.03497e-05 5.34569e-05 -5.93636e-07 -1.05116e-05 -3.66938e-05 5.64921e-06 2.58271e-06 -9.86168e-06 7.74991e-06 0 9.90935e-05 0 0 0 0 -1.29115e-05
internal_weight=4068 240 102 138 3828 320 165 3508 1080 483 597 2428 542 1886 155 85 135 65 80 81 46
internal_count=4068 240 102 138 3828 320 165 3508 1080 483 597 2428 542 1886 155 85 135 65 80 81 46
is_linear=0
shrinkage=0.03


Tree=277
num_leaves=18
num_cat=0
split_feature=21 21 32 20 2 36 26 26 26 36 0 26 5 20 31 2 30
split_gain=4.31662e-05 0.000304915 0.000307477 0.000269796 0.000898943 0.000657809 0.000313612 0.000302528 0.000781068 0.000652511 0.000289909 0.000262715 0.000199207 3.87989e-05 8.46947e-05 5.4247e-05 9.06176e-05
threshold=445.97999954223638 463.08166554768883 -0.0028279462347302049 371.67000198364263 378.50000000000006 -0.005570484183491659 10.996984237697108 11.620576640874765 11.085148646253968 0.0009950566300422918 394.49014282226568 9.527346363755461 3745273.5000000005 470.58499832153325 -0.0065240466708191827 472.50000000000006 66.863906289352499
decision_type=2 2 2 2 2 2 2 2 2 2 2 2 2 2 2 2 2
left_child=3 2 -2 4 7 -6 10 8 -1 -9 11 -5 -12 14 -3 -15 -17
right_child=1 13 -4 6 5 -7 -8 9 -10 -11 12 -13 -14 15 -16 16 -18
leaf_value=0 -0.00015323512569678373 0 0 6.4610498238417408e-05 0 -0.00023247910394525988 0.00012187674249806566 0 -0.00012877116357937904 0.00010625018842970429 1.0764820464046409e-05 0 -3.4955767857005301e-05 0 4.2570597973448604e-05 -4.6100735622550784e-05 0
leaf_weight=3112 25 29 23 124 20 26 33 90 43 75 92 56 141 32 58 64 25
leaf_count=3112 25 29 23 124 20 26 33 90 43 75 92 56 141 32 58 64 25
internal_value=0 -1.22164e-05 -8.06218e-05 4.06298e-07 -1.6833e-06 -0.000133254 2.28985e-05 0 -1.92763e-06 3.97258e-05 7.70003e-06 3.9543e-05 -4.03612e-06 0 1.82679e-05 -6.95162e-06 -2.47716e-05
internal_weight=4068 256 48 3812 3366 46 446 3320 3155 165 413 180 233 208 87 121 89
internal_count=4068 256 48 3812 3366 46 446 3320 3155 165 413 180 233 208 87 121 89
is_linear=0
shrinkage=0.03


Tree=278
num_leaves=21
num_cat=0
split_feature=30 27 31 26 24 34 35 5 29 33 26 31 30 32 21 29 31 29 23 26
split_gain=4.26534e-05 0.00021918 0.000183985 0.000318322 0.000324868 0.000208072 0.000301358 0.000224874 0.00014812 0.000185654 0.000126606 0.00011383 0.000104852 0.000197816 0.00034447 0.000175375 0.000504317 0.000391461 7.31589e-05 7.25075e-05
threshold=22.286073117350323 -0.14143176209211825 -0.011105637742214456 7.4808930579446216 1.4040205838774986 -0.05405407162324815 0.032188002339789752 4632162.0000000009 26.512810207798132 -0.0062695904463083143 6.7508243768163592 0.017771427867443682 26.117591770836139 -0.021974775739911908 272.04833335876469 35.128228889001122 -0.0025692838989042062 39.498976409087796 -3.2610981393526113 9.8297386076462114
decision_type=2 2 2 2 2 2 2 2 2 2 2 2 2 2 2 2 2 2 2 2
left_child=2 -2 3 10 19 6 7 -4 9 -7 18 -10 13 -3 -15 16 -14 -17 -1 -5
right_child=1 12 5 4 -6 8 -8 -9 11 -11 -12 -13 15 14 -16 17 -18 -19 -20 -21
leaf_value=4.757411617720661e-05 -0.00010181186072625663 0 0 0.00017570594126123219 0 8.4621610733042438e-06 0 -0.00013256497353938534 6.919339310692566e-05 -3.726586323766681e-05 -6.6553495151908188e-05 0 0 0 -0.00010379039698748205 -4.7012130458347633e-05 5.4048510415470945e-05 0 0 0
leaf_weight=40 20 37 24 27 22 295 20 37 51 105 20 35 325 95 54 165 205 2395 71 25
leaf_count=40 20 37 24 27 22 295 20 37 51 105 20 35 325 95 54 165 205 2395 71 25
internal_value=0 -1.8643e-06 5.90606e-06 3.06375e-05 8.04012e-05 0 -4.68972e-05 -8.57803e-05 4.27828e-06 0 0 4.06403e-05 -3.35312e-07 -2.25619e-05 -4.27717e-05 3.24418e-08 1.65537e-05 -2.21667e-06 1.49753e-05 0.00012168
internal_weight=4068 3296 772 205 74 567 81 61 486 400 131 86 3276 186 149 3090 530 2560 111 52
internal_count=4068 3296 772 205 74 567 81 61 486 400 131 86 3276 186 149 3090 530 2560 111 52
is_linear=0
shrinkage=0.03


Tree=279
num_leaves=25
num_cat=0
split_feature=30 33 28 22 31 36 29 33 26 32 31 29 29 1 4 34 34 21 33 1 33 36 34 22
split_gain=4.11371e-05 0.000217678 0.000440281 0.000459171 0.000497757 0.000419695 0.000392458 0.000174309 0.000326119 0.000321453 0.000316021 0.00026373 0.000163706 0.000289174 0.000910167 0.000421795 0.000244973 0.000397927 0.000247042 0.00012959 9.73392e-05 0.000182432 0.000111848 4.06885e-05
threshold=22.286073117350323 -0.01232443506742331 329247296.00000006 35.984087841709048 -0.014511461627524867 0.0057529828613293839 20.997795849683726 -0.0041192250278710421 10.219793053584752 0.010756116744612522 0.011592977199368139 18.687416659000085 76.35125491393714 351.10000610351568 342.30000305175787 0.03541681359610472 0.043946444938698044 175.93666725158695 0.02190955553723695 423.69999694824224 0.0036664244591106958 0.01520133802566874 -0.017539635481689516 39.374029754166635
decision_type=2 2 2 2 2 2 2 2 2 2 2 2 2 2 2 2 2 2 2 2 2 2 2 2
left_child=7 2 3 4 -2 -5 -4 9 20 10 11 -1 13 14 -3 -15 17 -14 -18 -8 22 -22 -9 -12
right_child=1 12 6 5 -6 -7 19 8 -10 -11 23 -13 16 15 -16 -17 18 -19 -20 -21 21 -23 -24 -25
leaf_value=0 -0.00011583943812744314 4.2394481541800398e-06 0 1.8774800038985571e-05 0 -5.104038500881314e-05 0 -6.0284761093792835e-05 -0.00012390315693514023 0.0001321937655257177 -9.8309686907858973e-05 6.3609678220379902e-05 0 1.0554262088146442e-05 -0.00019895974326003063 0.00013963961893650044 5.3888207640324934e-05 -4.7533822718593712e-05 -8.9615172623345065e-07 -0.0001484856831748232 6.7264149830726952e-05 0 0 0
leaf_weight=455 64 1307 22 495 68 81 25 37 21 24 20 95 112 334 20 36 77 278 329 48 48 22 30 20
leaf_count=455 64 1307 22 495 68 81 25 37 21 24 20 95 112 334 20 36 77 278 329 48 48 22 30 20
internal_value=0 -1.825e-06 -1.58356e-05 -3.13906e-06 -5.58577e-05 3.74245e-06 -7.88099e-05 5.80801e-06 -1.38712e-05 1.57587e-05 5.91685e-06 1.63712e-05 1.48498e-06 7.72462e-06 0 3.12542e-05 -8.04832e-06 -2.63192e-05 2.11735e-06 -0.000113632 0 2.761e-05 -2.25655e-05 -6.26996e-05
internal_weight=4068 3296 803 708 132 576 95 772 158 614 590 550 2493 1697 1327 370 796 390 406 73 137 70 67 40
internal_count=4068 3296 803 708 132 576 95 772 158 614 590 550 2493 1697 1327 370 796 390 406 73 137 70 67 40
is_linear=0
shrinkage=0.03


Tree=280
num_leaves=9
num_cat=0
split_feature=35 31 33 27 22 5 30 33
split_gain=4.08893e-05 0.000263871 0.000799429 0.000517386 0.000321504 0.000203927 0.000201265 0.000183967
threshold=0.064830555251102193 -0.047537407576011707 -0.052991664392439845 -0.097571628179887418 43.654746400570268 20689506.000000004 49.57613756854014 -0.045081004107045013
decision_type=2 2 2 2 2 2 2 2
left_child=1 -1 3 -3 -5 7 -2 -4
right_child=6 2 5 4 -6 -7 -8 -9
leaf_value=0.0001054466113538495 0 -0.00024417995301478386 4.6319146239070253e-05 0 -9.3943192046754657e-05 -7.5203602650490036e-05 8.7646363182714216e-05 0
leaf_weight=20 32 20 78 42 33 32 28 3783
leaf_count=20 32 20 78 42 33 32 28 3783
internal_value=0 -7.20077e-07 -2.00738e-06 -8.79464e-05 -6.06766e-06 0 2.40362e-05 7.17961e-07
internal_weight=4068 4008 3988 95 75 3893 60 3861
internal_count=4068 4008 3988 95 75 3893 60 3861
is_linear=0
shrinkage=0.03


Tree=281
num_leaves=26
num_cat=0
split_feature=35 35 33 35 36 35 32 26 35 23 23 28 24 21 31 34 23 21 26 33 31 23 24 23 26
split_gain=4.01478e-05 0.000541934 0.000449474 0.000242674 0.000451205 0.000280316 0.000363862 0.00029107 0.000213418 0.000475743 0.000361102 0.000205138 0.000190909 0.000541962 0.000553562 0.000349112 0.000449947 0.000368644 0.000151352 0.00046552 0.000107014 5.24777e-05 4.99164e-05 0.000273815 1.13163e-05
threshold=0.024594575177195908 0.026353652786901414 0.012154191383504489 0.022284443500115943 -0.0018198975651166334 0.021433569944455524 0.00091964734736182951 4.1997536377972589 0.018329998067869072 -4.0720401722883528 -1.1381183173241707 323942445.00000006 -6.3035811327951654 289.32166595458989 0.0075528258292127956 0.087843515861323232 4.8493167917640685 246.54166615804039 9.9848354910025012 -0.023255826479535831 0.021018261801456498 1.724148328258764 -4.5682902696520005 -0.97580550084661855 13.791462634503327
decision_type=2 2 2 2 2 2 2 2 2 2 2 2 2 2 2 2 2 2 2 2 2 2 2 2 2
left_child=3 2 18 5 22 8 7 -7 10 -10 -1 20 13 14 -3 16 -14 -17 19 -2 -6 -4 -5 -24 -15
right_child=1 12 21 4 11 6 -8 -9 9 -11 -12 -13 15 24 -16 17 -18 -19 -20 -21 -22 -23 23 -25 -26
leaf_value=-2.1976970596783613e-05 0 0.00017650668493928912 4.3378229212642922e-05 2.1675526640838237e-05 9.6934318614595621e-05 0 0 -0.00013651989393578709 8.0419783639438527e-05 0 4.65988466426265e-06 0 -1.0303035355674996e-05 -1.3127447602925298e-05 0 0 3.7686689449452456e-05 -0.00013986410032198102 0 -0.000154174323849479 0 0 -8.0470753514809272e-05 0 0
leaf_weight=641 40 37 25 26 97 21 47 45 94 438 1303 22 530 59 35 54 246 33 21 62 23 28 43 77 21
leaf_count=641 40 37 25 26 97 21 47 45 94 438 1303 22 530 59 35 54 246 33 21 62 23 28 43 77 21
internal_value=0 -4.93998e-06 -5.41513e-05 1.56716e-06 2.79681e-05 -2.11942e-07 -4.71204e-05 -9.35593e-05 7.19107e-07 1.84133e-05 -2.5807e-06 6.66606e-05 6.42331e-07 3.34185e-05 9.55044e-05 -1.65789e-06 1.04762e-06 -6.02064e-05 -8.6493e-05 -0.000101754 8.2431e-05 0 0 -1.64912e-05 0
internal_weight=4068 1191 176 2877 288 2589 113 66 2476 532 1944 142 1015 152 72 863 776 87 123 102 120 53 146 120 80
internal_count=4068 1191 176 2877 288 2589 113 66 2476 532 1944 142 1015 152 72 863 776 87 123 102 120 53 146 120 80
is_linear=0
shrinkage=0.03


Tree=282
num_leaves=27
num_cat=0
split_feature=35 35 33 29 35 36 35 32 5 35 23 23 28 31 31 19 2 31 19 5 30 25 36 27 23 32
split_gain=3.90076e-05 0.000512711 0.000425283 0.000389005 0.000230604 0.000422025 0.000261449 0.00034508 0.000562548 0.000202877 0.000444993 0.00034026 0.000195366 0.000126387 0.000524451 0.000447833 0.000943093 0.000342683 0.000302479 0.000106582 9.33764e-05 5.07144e-05 0.000272974 9.57064e-05 4.93885e-05 2.47675e-05
threshold=0.024594575177195908 0.026353652786901414 0.012154191383504489 41.35779644494032 0.022284443500115943 -0.0018198975651166334 0.021433569944455524 0.00091964734736182951 5345004.0000000009 0.018329998067869072 -4.0720401722883528 -1.1381183173241707 323942445.00000006 -0.022464383203234736 -0.019380885723044302 281.88000183105476 234.09999847412112 -0.034063618887423423 350.79999694824227 3477946.0000000005 26.66963283134471 0.14725267556035196 -0.013449466103846583 0.81850289910669038 1.724148328258764 -0.0082667636544428973
decision_type=2 2 2 2 2 2 2 2 2 2 2 2 2 2 2 2 2 2 2 2 2 2 2 2 2 2
left_child=4 2 3 20 6 21 9 8 -8 11 -11 -1 19 15 -15 16 -3 -17 -16 -7 -2 22 -6 -23 -4 -5
right_child=1 13 24 25 5 12 7 -9 -10 10 -12 -13 -14 14 18 17 -18 -19 -20 -21 -22 23 -24 -25 -26 -27
leaf_value=-2.131776390799441e-05 -4.8248763234867935e-05 3.7350183325137582e-05 4.2082069565048547e-05 0 0 0 -0.00015799493342043495 0 0 7.8009753668627349e-05 0 4.52009850468812e-06 0 -0.0001130386984344155 1.4108012962801159e-05 0 -0.00014798809373423543 0.00011514981949908864 -2.8894821556114498e-05 9.3963941873953012e-05 0 4.6410219045079388e-05 -7.4191181566307015e-05 0 0 -0.00024284762970499597
leaf_weight=641 36 73 25 30 32 22 42 47 24 94 438 1303 22 37 587 36 34 62 186 98 36 42 52 20 28 21
leaf_count=641 36 73 25 30 32 22 42 47 24 94 438 1303 22 37 587 36 34 62 186 98 36 42 52 20 28 21
internal_value=0 -4.85124e-06 -5.27076e-05 -8.41634e-05 1.56813e-06 2.72906e-05 -1.35475e-07 -4.54909e-05 -9.07711e-05 7.24631e-07 1.79871e-05 -2.45701e-06 6.46755e-05 4.96009e-07 -1.59023e-06 2.3363e-05 0 7.24551e-05 0 8.00823e-05 0 0 -2.21064e-05 8.55385e-06 0 -0.000154646
internal_weight=4068 1191 176 123 2877 288 2589 113 66 2476 532 1944 142 1015 810 205 107 98 773 120 72 146 84 62 53 51
internal_count=4068 1191 176 123 2877 288 2589 113 66 2476 532 1944 142 1015 810 205 107 98 773 120 72 146 84 62 53 51
is_linear=0
shrinkage=0.03


Tree=283
num_leaves=24
num_cat=0
split_feature=30 33 35 36 36 28 33 26 30 23 34 30 21 0 33 5 27 34 33 36 34 35 35
split_gain=4.02834e-05 0.000205669 0.000496618 0.000349693 0.000800724 0.000512136 0.000171989 0.000302461 0.000300451 0.000324214 0.000195992 0.000179703 0.000151748 0.000823911 0.00025109 0.000367115 0.000252409 0.000224151 8.55945e-05 0.000171197 0.000106282 7.871e-05 2.86533e-05
threshold=22.286073117350323 -0.01232443506742331 0.04365624384773991 0.0057529828613293839 0.0016528955645922982 202453000.00000003 -0.0041192250278710421 10.219793053584752 9.6073461394145792 -1.2517083534272613 -0.027247541292125973 20.336746834164675 330.03999913533534 327.46440124511724 -0.0028116721762687087 4520847.0000000009 0.41005726566667838 -0.021442561441379345 0.0036664244591106958 0.01520133802566874 -0.017539635481689516 0.01662925150717821 0.054991415128787656
decision_type=2 2 2 2 2 2 2 2 2 2 2 2 2 2 2 2 2 2 2 2 2 2 2
left_child=6 2 3 4 -2 -5 8 18 9 -1 11 -10 13 17 15 -14 -16 -3 20 -20 -8 -12 -4
right_child=1 12 22 5 -6 -7 7 -9 10 -11 21 -13 14 -15 16 -17 -18 -19 19 -21 -22 -23 -24
leaf_value=-9.2895147442767669e-05 -6.3716750495353315e-06 5.0460661770555301e-05 -0.00017016106919381276 0 0.00012156842940466204 -0.000123778116838073 -5.8327195801925298e-05 -0.00011952257219710831 1.9254737511441297e-05 0 1.3160855739446327e-05 0.0001157660620611727 8.9342114479849333e-05 -0.00018354515279580023 -3.8552039165401777e-05 0 1.5705446226750123e-05 -1.2605090689169637e-06 6.4571077648504043e-05 0 0 -3.1865643275737318e-05 0
leaf_weight=39 605 78 22 55 47 52 37 21 370 26 80 43 87 22 89 26 384 1807 48 22 30 56 22
leaf_count=39 605 78 22 55 47 52 37 21 370 26 80 43 87 22 89 26 384 1807 48 22 30 56 22
internal_value=0 -1.73426e-06 -1.53706e-05 -5.45389e-06 0 -5.61197e-05 5.84095e-06 -1.35931e-05 1.57285e-05 -2.64723e-05 2.61923e-05 3.65909e-05 1.45514e-06 -1.25491e-06 1.53916e-05 5.67955e-05 0 0 0 2.57476e-05 -2.13421e-05 0 -0.000118006
internal_weight=4068 3296 803 759 652 107 772 158 614 65 549 413 2493 1907 586 113 473 1885 137 70 67 136 44
internal_count=4068 3296 803 759 652 107 772 158 614 65 549 413 2493 1907 586 113 473 1885 137 70 67 136 44
is_linear=0
shrinkage=0.03


Tree=284
num_leaves=21
num_cat=0
split_feature=29 29 5 0 29 35 34 33 26 32 29 32 26 23 29 32 32 26 33 35
split_gain=3.8868e-05 0.000350388 0.000698522 0.000456938 0.000408757 0.000352251 0.000290256 0.000299028 0.000627966 0.000454714 0.000393963 0.000343543 0.000288039 0.000186933 0.000182837 0.000156373 0.000540269 0.000343178 8.75621e-05 3.0497e-05
threshold=35.128228889001122 49.766828040662453 10717376.000000002 98.60465240478517 50.860438503795343 0.015286726659485451 -0.0088662126306046623 -0.0041192250278710421 10.996984237697108 0.0054022891421192662 18.687416659000085 0.0023942918861812328 8.0082241242718197 -0.014863990474616172 37.737630068929725 -0.0041528896541935248 -0.0029353788506032981 5.6154886784279006 0.0034737372239770363 0.011261861124256591
decision_type=2 2 2 2 2 2 2 2 2 2 2 2 2 2 2 2 2 2 2 2
left_child=6 2 3 14 5 -3 7 9 18 11 -11 -1 -5 19 -2 17 -17 -6 -9 -8
right_child=1 4 -4 12 15 -7 13 8 -10 10 -12 -13 -14 -15 -16 16 -18 -19 -20 -21
leaf_value=3.3396634959005606e-06 0 0 -0.00018118284803358116 2.1378589081847017e-05 0 0.00015714283785614968 0 -2.9177158640194018e-05 -0.00019611792160546785 0 0.00014368158067905667 -8.7279988782871284e-05 -2.7357574558395021e-05 0 -8.5082423933237266e-05 0.00010401775909013166 0 -4.1595124953942996e-05 2.4433448223151443e-06 8.1765804150464005e-05
leaf_weight=1016 21 20 27 282 238 28 26 92 21 21 38 39 174 69 88 48 1442 240 67 71
leaf_count=1016 21 20 27 282 238 28 26 92 21 21 38 39 174 69 88 48 1442 240 67 71
internal_value=0 -2.51899e-06 -2.33529e-05 -1.04711e-05 2.11175e-06 8.85166e-05 3.553e-06 0 -3.6987e-05 4.51803e-06 8.54949e-05 0 0 4.10329e-05 -6.58585e-05 0 4.78975e-06 -1.49286e-05 0 6.79175e-05
internal_weight=4068 2608 592 565 2016 48 1460 1294 180 1114 59 1055 456 166 109 1968 1490 478 159 97
internal_count=4068 2608 592 565 2016 48 1460 1294 180 1114 59 1055 456 166 109 1968 1490 478 159 97
is_linear=0
shrinkage=0.03


Tree=285
num_leaves=25
num_cat=0
split_feature=28 25 36 27 33 33 28 1 3 32 36 2 4 22 26 4 0 28 22 25 28 25 22 26
split_gain=3.91554e-05 0.000282161 0.000311153 0.000340673 0.000292756 0.000268362 0.000261198 0.000240147 0.000472771 0.000466768 0.000694945 0.000433736 0.000303598 0.000724388 0.000300793 0.000287754 0.000171828 8.89628e-05 0.000181769 0.000120372 7.17721e-05 6.35431e-05 5.94977e-05 2.99903e-05
threshold=320597825.50000006 -0.10017498299363435 0.0057529828613293839 0.28573969464344329 -0.009829611635280287 -0.021830930726216665 333022842.00000006 328.09999084472662 357.59999084472662 -0.019617470221533869 0.0095012176195332382 314.50000000000006 368.30000305175787 67.5922717109122 8.721935404419602 298.69999694824224 255.01079559326175 344517675.50000006 68.253450951015836 0.424638926361814 336205255.00000006 1.09544941522088 39.037295053406609 10.562748989976134
decision_type=2 2 2 2 2 2 2 2 2 2 2 2 2 2 2 2 2 2 2 2 2 2 2 2
left_child=7 2 3 22 5 -3 -5 11 9 -9 -11 15 -10 -14 -13 16 -1 19 -19 -6 -4 -17 -2 -22
right_child=1 4 20 6 17 -7 -8 8 12 10 -12 14 13 -15 -16 21 -18 18 -20 -21 23 -23 -24 -25
leaf_value=-3.3852364356260651e-07 4.8848288454409315e-05 0 7.4541674059053638e-06 0 0 -0.00012646362392877 0.00011692697123436028 0 0.00011197642434523019 -0.00014023325594936302 0 0 0 -0.00018129164606694184 9.6493370432891974e-05 -7.6494087166430056e-05 3.5272822096211402e-05 -4.8677329740921479e-05 0 4.8787201716813221e-05 0 0 -3.5632630998476465e-06 -5.1460379155631281e-05
leaf_weight=2742 22 26 23 21 35 32 80 46 21 86 56 28 236 20 71 54 124 70 51 78 20 28 64 34
leaf_count=2742 22 26 23 21 35 32 80 46 21 86 56 28 236 20 71 54 124 70 51 78 20 28 64 34
internal_value=0 7.07361e-06 3.21747e-05 5.43872e-05 -5.35328e-06 -6.84034e-05 9.22326e-05 -1.45301e-06 -2.18551e-05 -5.86779e-05 -8.66833e-05 6.76606e-07 0 -5.81876e-06 6.28371e-05 -3.9533e-07 1.56691e-07 0 -4.55144e-06 2.61868e-05 0 -5.62066e-05 0 -3.42091e-05
internal_weight=4068 556 264 187 292 58 101 3512 465 188 142 3047 277 256 99 2948 2866 234 121 113 77 82 86 54
internal_count=4068 556 264 187 292 58 101 3512 465 188 142 3047 277 256 99 2948 2866 234 121 113 77 82 86 54
is_linear=0
shrinkage=0.03


Tree=286
num_leaves=21
num_cat=0
split_feature=30 32 28 29 30 0 32 22 30 30 28 20 31 27 21 28 31 23 22 24
split_gain=3.8162e-05 0.000302479 0.000220004 0.000200833 0.00013833 0.000291936 0.000342662 0.00028726 0.000161406 0.000151617 0.000120806 0.000183015 0.000110727 0.000621761 0.00097468 0.000518832 0.000210744 0.000272017 0.00019714 3.36321e-05
threshold=85.655778423565195 0.0092861184828840777 243291966.00000003 95.238732898504296 78.246521683665591 398.09893798828131 -0.0041528896541935248 71.513098316121997 81.234138884394284 83.389734285684895 311499020.00000006 242.0250011444092 -0.0078063695625798504 0.62474223952731778 249.53666610717775 188905619.00000003 -0.0038941975383111056 -0.37458975962097435 32.745082533420188 1.0000000180025095e-35
decision_type=2 2 2 2 2 2 2 2 2 2 2 2 2 2 2 2 2 2 2 2
left_child=4 2 19 10 12 6 9 -8 -7 -6 11 -3 13 15 -15 -1 17 -14 -18 -2
right_child=1 3 -4 -5 5 8 7 -9 -10 -11 -12 -13 16 14 -16 -17 18 -19 -20 -21
leaf_value=-1.7919418800814926e-05 -3.8806140086606636e-05 0 7.4813626256740412e-05 0 -3.6184676564637042e-05 0 7.3939761875787296e-05 0 -7.7741645419165974e-05 4.6258145960140536e-05 0 -0.00016117356331135654 4.6550098737003172e-05 0 -0.0001555751595362392 2.8354228144404986e-05 -4.1296786416633324e-05 0 2.9038791614761339e-07 0
leaf_weight=555 20 67 36 22 68 22 171 42 27 22 21 29 205 93 63 359 104 174 1923 45
leaf_count=555 20 67 36 22 68 22 171 42 27 22 21 29 205 93 63 359 104 174 1923 45
internal_value=0 -1.18226e-05 6.33021e-06 -4.6575e-05 4.53219e-07 1.87864e-05 3.48674e-05 5.63593e-05 -1.94216e-05 0 -6.41897e-05 -7.84352e-05 -5.40759e-07 -9.19385e-06 -6.45309e-05 0 2.06085e-06 2.29469e-05 -3.65325e-07 0
internal_weight=4068 240 101 139 3828 352 303 213 49 90 117 96 3476 1070 156 914 2406 379 2027 65
internal_count=4068 240 101 139 3828 352 303 213 49 90 117 96 3476 1070 156 914 2406 379 2027 65
is_linear=0
shrinkage=0.03


Tree=287
num_leaves=25
num_cat=0
split_feature=28 4 1 32 34 33 33 36 29 30 36 28 26 28 29 1 29 34 34 33 2 20 2 20
split_gain=3.82368e-05 0.000340727 0.000231133 0.000329296 0.00042653 0.000359317 0.000290244 0.000272714 0.000269204 0.000286898 0.000275989 0.000382876 0.000290761 0.000252987 0.000207347 0.0001824 0.000132625 0.000427823 0.000401707 0.000299405 0.000370747 0.000330211 0.000162203 2.65664e-05
threshold=29140289.500000004 173.25000000000003 132.05000305175784 -0.008687129251744528 -0.024540060582880104 0.00071618993266009412 -0.031401809155833398 -0.0016319956628030386 50.127164004561898 21.958572779291156 -0.0088768523316403395 -47325210.999999993 2.6663786779581122 -45684876.499999993 15.698439856919899 124.25000000000001 79.700132405171999 0.043085494349034754 0.03371775178450765 0.022758971006623278 257.89999389648443 248.8800003051758 378.50000000000006 173.55000038146974
decision_type=2 2 2 2 2 2 2 2 2 2 2 2 2 2 2 2 2 2 2 2 2 2 2 2
left_child=2 23 8 6 -5 -6 14 -8 9 15 12 -12 -10 -11 -4 -1 19 18 -18 21 -21 -3 -19 -2
right_child=1 16 3 4 5 -7 7 -9 10 13 11 -13 -14 -15 -16 -17 17 22 -20 20 -22 -23 -24 -25
leaf_value=4.2017774603637303e-05 7.8197886168560811e-05 1.3683870621526309e-05 -9.6608056358844519e-05 1.5143531209675801e-05 -0.0001130072355483877 -1.5009499378218967e-05 7.0021925647034323e-05 0 0 -6.6588137602390413e-05 -1.7833345935044232e-05 6.1121399357301514e-05 0.00017577186506531389 0 0 0 0 2.0913156644039836e-05 -0.00012534482782240096 0 5.7832895986327522e-05 -1.047959543960281e-05 -3.0403330898884479e-05 0
leaf_weight=101 55 804 30 27 92 215 84 44 22 110 119 82 24 69 21 52 135 213 54 113 185 1335 57 25
leaf_count=101 55 804 30 27 92 215 84 44 22 110 119 82 24 69 21 52 135 213 54 113 185 1335 57 25
internal_value=0 1.46271e-06 -5.06759e-06 -2.10437e-05 -3.95873e-05 -5.41729e-05 0 3.60961e-05 3.90816e-06 -7.07359e-06 3.08068e-05 0 0.000102348 -3.81374e-05 -4.29614e-05 9.67512e-06 0 -1.50079e-05 -5.08233e-05 2.55878e-06 3.0943e-05 0 0 6.25131e-05
internal_weight=4068 2976 1092 513 334 307 179 128 579 332 247 201 46 179 51 153 2896 459 189 2437 298 2139 270 80
internal_count=4068 2976 1092 513 334 307 179 128 579 332 247 201 46 179 51 153 2896 459 189 2437 298 2139 270 80
is_linear=0
shrinkage=0.03


Tree=288
num_leaves=24
num_cat=0
split_feature=35 26 24 30 35 31 36 26 35 33 36 27 27 34 34 33 33 32 24 33 1 26 19
split_gain=4.09386e-05 0.000233948 0.000370163 0.000330232 0.000112957 0.000198685 0.000376116 0.000145754 0.000111684 0.000460884 0.000304477 0.00030358 0.000956591 0.000846112 0.000273807 9.51844e-05 0.000135304 6.99827e-05 8.45193e-05 6.56278e-05 2.4695e-05 1.93414e-05 2.01864e-06
threshold=0.010094400911118606 3.0952696633773251 3.1188737696664179 21.745575453250577 0.013602358252978931 -1.0000000180025095e-35 0.0045641169534004567 2.4771802139267289 0.018254792257765901 -0.00075417066688626677 0.013233867632437654 0.22320715544695122 0.21026528544805054 -0.029966717899428393 -0.0043919435610440529 -0.033463896211940174 -0.0071393133925854438 -0.0038714593455357878 -0.54543770726986951 -0.0052587861100676916 308.50000000000006 6.9686725102458622 127.56999969482423
decision_type=2 2 2 2 2 2 2 2 2 2 2 2 2 2 2 2 2 2 2 2 2 2 2
left_child=1 17 3 -3 5 15 7 -7 9 14 -11 12 -10 -13 -6 -2 -17 18 -1 -19 -5 -8 -21
right_child=4 2 -4 20 8 6 21 -9 11 10 -12 13 -14 -15 -16 16 -18 19 -20 22 -22 -23 -24
leaf_value=0 -6.3718116579586143e-05 0 0 -0.00011242360903740024 -4.5362861119305438e-07 0 -1.3253441658731787e-05 6.6948416506208195e-05 0 -4.1355480290176248e-05 1.3162631889633048e-05 7.2165285626112603e-05 -0.00015914916884592647 0 4.4672719377225685e-05 2.9393938530608388e-05 -5.9120656037787481e-06 -5.2908301635941047e-05 5.2682882210401487e-05 0 0 0 4.7624974311216037e-06
leaf_weight=20 21 20 32 71 346 31 99 167 533 448 21 175 39 1393 131 134 169 21 50 21 24 22 80
leaf_count=20 21 20 32 71 346 31 99 167 533 448 21 175 39 1393 131 134 169 21 50 21 24 22 80
internal_value=0 -1.02324e-05 -4.08989e-05 -7.09378e-05 5.99563e-07 1.24984e-05 2.95837e-05 5.58437e-05 -9.07898e-07 -1.00984e-05 -3.25169e-05 1.75328e-06 -1.50401e-05 9.79314e-06 5.65834e-06 0 0 0 2.99749e-05 0 -9.59984e-05 0 0
internal_weight=4068 339 147 115 3729 643 319 198 3086 946 469 2140 572 1568 477 324 303 192 70 122 95 121 101
internal_count=4068 339 147 115 3729 643 319 198 3086 946 469 2140 572 1568 477 324 303 192 70 122 95 121 101
is_linear=0
shrinkage=0.03


Tree=289
num_leaves=19
num_cat=0
split_feature=20 2 36 26 26 36 19 25 21 28 29 23 31 21 25 26 5 21
split_gain=3.81638e-05 0.000816209 0.000597555 0.0002941 0.00106752 0.000622779 0.000569134 0.000355613 0.000260229 0.000366228 0.000287754 0.000319327 0.000302498 0.000292241 0.000182903 0.000113746 0.000186513 0.000179164
threshold=371.67000198364263 378.50000000000006 -0.005570484183491659 11.431087175596803 11.085148646253968 0.0009950566300422918 350.79999694824227 -2.3918279557443807 439.17333424886073 367687850.50000006 85.656629203463368 -1.2517083534272613 -0.0095802391830999683 367.15999984741217 -1.4451416365805982 10.861126968181052 2436695.5000000005 472.21499938964848
decision_type=2 2 2 2 2 2 2 2 2 2 2 2 2 2 2 2 2 2
left_child=1 3 -3 4 7 14 -7 -1 10 15 11 12 -2 -13 -5 16 -10 -17
right_child=8 2 -4 5 -6 6 -8 -9 9 -11 -12 13 -14 -15 -16 17 -18 -19
leaf_value=4.7713974477204749e-05 6.9080021467876829e-05 0 -0.00022155827259238078 2.9912123014440317e-05 -0.00017690585331184267 0.00014972536977235585 0 -2.3911626228882202e-06 0 -0.00013335544296276211 -2.0662512442168702e-05 0 -2.9108189171607097e-05 6.8755474062659315e-05 -4.7998787220837898e-05 6.7579113488547984e-05 -6.1469556848689505e-05 0
leaf_weight=133 39 20 26 42 31 59 21 2979 29 20 35 38 101 217 55 43 62 118
leaf_count=133 39 20 26 42 31 59 21 2979 29 20 35 38 101 217 55 43 62 118
internal_value=0 -1.61789e-06 -0.000126987 0 -1.99629e-06 3.77339e-05 0.000100726 0 6.03088e-06 -1.01163e-05 2.322e-05 3.47056e-05 0 5.47e-05 0 0 -2.70755e-05 1.48627e-05
internal_weight=4068 3366 46 3320 3143 177 80 3112 702 272 430 395 140 255 97 252 91 161
internal_count=4068 3366 46 3320 3143 177 80 3112 702 272 430 395 140 255 97 252 91 161
is_linear=0
shrinkage=0.03


Tree=290
num_leaves=22
num_cat=0
split_feature=26 3 25 36 29 2 5 20 0 4 4 36 0 0 33 33 28 26 21 24 33
split_gain=3.77825e-05 0.000236249 0.000348304 0.000480954 0.000534266 0.000330805 0.000244283 0.00029044 0.000239995 0.000386242 0.000283978 0.000119352 0.000377516 8.2515e-05 0.000121233 0.000237488 0.000115792 0.000116755 2.14928e-05 1.22945e-05 5.91222e-06
threshold=2.7602941632298434 147.55000305175784 -1.0346564898020276 -0.013211585103394773 37.737630068929725 173.65000152587893 3513154.0000000005 173.98500061035159 142.46826171875003 185.80000305175784 218.90000152587893 0.011990384677232178 89.319896697998061 88.015159606933608 0.013893094147640174 0.0025851194262661585 -92562378.999999985 2.60982334807492 125.05166695912679 0.95918854079352689 -0.0078063797116085234
decision_type=2 2 2 2 2 2 2 2 2 2 2 2 2 2 2 2 2 2 2 2 2
left_child=11 2 -2 18 -5 6 -3 -8 9 -7 -10 13 -13 16 15 -15 20 -18 -4 -16 -1
right_child=1 5 3 4 -6 8 7 -9 10 -11 -12 12 -14 14 19 -17 17 -19 -20 -21 -22
leaf_value=1.2491640890538796e-05 1.336596748802559e-05 0 3.0277964683311377e-05 0 -0.00010613306105369703 -2.4215680617478364e-06 9.4198624155289757e-05 0 2.571887428695165e-05 -0.00011749670625840404 -2.3161022399028511e-06 0.00011278647255099745 0 0 -1.5327315332640883e-05 6.6728175724199679e-05 -3.9279319160700819e-05 0 0 0 0
leaf_weight=34 34 23 21 56 128 287 87 32 369 41 2249 37 33 223 47 82 156 39 33 25 32
leaf_count=34 34 23 21 56 128 287 87 32 369 41 2249 37 33 223 47 82 156 39 33 25 32
internal_value=0 -1.65863e-06 -2.8555e-05 -4.71466e-05 -7.22911e-05 0 4.53014e-05 6.55324e-05 -1.43941e-06 -2.59809e-05 4.90314e-07 5.91333e-06 4.34229e-05 0 1.06428e-05 2.23074e-05 -1.09924e-05 -2.63791e-05 0 0 0
internal_weight=4068 3360 272 238 184 3088 142 119 2946 328 2618 708 70 638 377 305 261 195 54 72 66
internal_count=4068 3360 272 238 184 3088 142 119 2946 328 2618 708 70 638 377 305 261 195 54 72 66
is_linear=0
shrinkage=0.03


Tree=291
num_leaves=20
num_cat=0
split_feature=35 26 23 30 35 5 28 23 25 5 20 33 3 31 28 32 21 23 28
split_gain=3.70943e-05 0.000216943 0.00024919 0.000289288 0.000101432 0.000461239 0.000241794 0.000131263 0.000132303 0.000107531 0.000147504 0.000272664 0.000232236 9.97621e-05 7.77076e-05 6.56496e-05 6.29593e-05 0.000131272 2.66643e-06
threshold=0.010094400911118606 3.0952696633773251 2.558202976020127 21.745575453250577 0.013602358252978931 4574433.0000000009 126124438.00000001 2.0744108436856128 0.59292787965398686 1639298.0000000002 142.11750030517581 -0.0081121752070405489 166.65000152587893 0.0005730559386546431 239189779.50000003 -0.0038714593455357878 174.3033334096273 1.1082530230158059 62282915.500000007
decision_type=2 2 2 2 2 2 2 2 2 2 2 2 2 2 2 2 2 2 2
left_child=1 15 3 -3 5 7 18 13 -9 -6 11 -11 -12 -2 -5 -1 17 -17 -7
right_child=4 2 -4 14 9 6 -8 8 -10 10 12 -13 -14 -15 -16 16 -18 -19 -20
leaf_value=2.9032093909709913e-05 0 0 0 -0.00011133353071927097 5.6251151351413364e-05 7.3767894869876138e-06 0.00011667566351088731 0 -6.6831515534106437e-05 -4.5800082594807921e-05 3.9713039047655189e-05 0 -1.4892670869124094e-06 2.6064156635023026e-05 0 -6.9586872454933217e-05 0 0 0
leaf_weight=70 242 20 37 63 26 44 53 65 48 188 129 306 2437 165 27 36 59 27 26
leaf_count=70 242 20 37 63 26 44 53 65 48 188 129 306 2437 165 27 36 59 27 26
internal_value=0 -9.76257e-06 -3.93322e-05 -6.40616e-05 5.34669e-07 1.18386e-05 6.40653e-05 0 -2.90984e-05 -8.4882e-07 -2.31617e-06 -1.73753e-05 0 7.41332e-06 -8.89074e-05 0 0 -2.99665e-05 0
internal_weight=4068 339 147 110 3729 643 123 520 113 3086 3060 494 2566 407 90 192 122 63 70
internal_count=4068 339 147 110 3729 643 123 520 113 3086 3060 494 2566 407 90 192 122 63 70
is_linear=0
shrinkage=0.03


Tree=292
num_leaves=25
num_cat=0
split_feature=27 25 24 32 36 23 29 32 5 35 27 30 20 25 5 31 36 27 29 29 1 35 31 30
split_gain=3.67283e-05 0.000384005 0.000370291 0.000307401 0.000246277 0.000469404 0.000368727 0.000321206 0.000548821 0.000561412 0.000544129 0.000361974 0.000318957 0.000220104 0.000612316 0.00021617 0.000181895 0.00017971 0.000163056 0.00030989 0.000187838 0.000109229 7.47739e-05 2.72721e-05
threshold=0.57016153316312479 0.16891628846157961 18.550050136727382 -0.010919763586652363 0.0057529828613293839 -2.1860461080579507 45.456035017991134 -0.0099679593523085402 8396371.5000000019 0.01768278439418557 1.0000000180025095e-35 17.356421457860048 377.49500045776375 1.975417229296998 6024422.0000000009 -0.0078063695625798504 0.0067787253400534977 0.90868402356868605 41.35779644494032 26.759450505805017 260.10000610351568 0.010318462424938257 -0.0096939301335464672 58.68854394180515
decision_type=2 2 2 2 2 2 2 2 2 2 2 2 2 2 2 2 2 2 2 2 2 2 2 2
left_child=4 3 13 22 7 18 16 10 9 -9 11 -1 -12 17 -15 -5 -7 -3 19 -6 -20 -17 -2 -8
right_child=1 2 -4 15 5 6 23 8 -10 -11 12 -13 -14 14 -16 21 -18 -19 20 -21 -22 -23 -24 -25
leaf_value=0 0 0 -0.00010812353621208174 0 0 0 1.778112513268703e-05 -2.3256366447478199e-05 -0.00013695711584408375 2.7054948121210502e-05 3.7676835381292498e-05 -6.4453576700014499e-05 0 -2.8703328127899843e-06 6.5644216275953388e-05 0 -9.0502975296118899e-05 -2.5510917256880874e-05 -5.5567207694631301e-05 7.3684216758538535e-05 0 6.1515792825466312e-05 -5.7862646175798628e-05 -1.87366263408639e-05
leaf_weight=90 20 697 29 25 88 20 43 544 31 293 617 102 129 179 162 53 141 324 71 69 46 244 20 31
leaf_count=90 20 697 29 25 88 20 43 544 31 293 617 102 129 179 162 53 141 324 71 69 46 244 20 31
internal_value=0 2.97673e-06 -2.23314e-06 3.1276e-05 -2.75105e-06 -2.16078e-05 -5.29906e-05 9.03363e-07 -1.03483e-05 -2.05947e-06 1.45133e-05 -2.26296e-05 2.80955e-05 0 2.08937e-05 4.4256e-05 -7.84714e-05 -6.94053e-06 0 2.47544e-05 -2.07631e-05 5.2709e-05 0 0
internal_weight=4068 1753 1391 362 2315 509 235 1806 868 837 938 192 746 1362 341 322 161 1021 274 157 117 297 40 74
internal_count=4068 1753 1391 362 2315 509 235 1806 868 837 938 192 746 1362 341 322 161 1021 274 157 117 297 40 74
is_linear=0
shrinkage=0.03


Tree=293
num_leaves=19
num_cat=0
split_feature=31 28 29 27 35 21 28 25 34 28 27 27 31 28 0 23 36 3
split_gain=3.69315e-05 0.000246854 0.000372571 0.00019121 0.000245649 0.000140147 8.87394e-05 0.000365739 0.000321904 0.000290272 0.000282297 0.000151903 0.0003487 0.000443776 0.000277411 0.00024286 0.000148563 5.18354e-05
threshold=0.0326682004124711 265946903.50000003 77.058482632145669 0.97136294214688201 0.040506340541881694 223.45416603088381 320597825.50000006 -0.10017498299363435 0.069792555083144761 342225850.50000006 0.28573969464344329 1.0958797442397439 0.015326978739711785 -6899994.4999999991 207.09783172607425 1.7518498771540438 0.0057529828613293839 457.19999694824224
decision_type=2 2 2 2 2 2 2 2 2 2 2 2 2 2 2 2 2 2
left_child=6 3 -3 5 -5 -2 11 10 9 -9 17 12 14 -14 -1 -13 -12 -8
right_child=1 2 -4 4 -6 -7 7 8 -10 -11 16 15 13 -15 -16 -17 -18 -19
leaf_value=2.3169408862147975e-06 -8.2417347614998466e-05 0 -0.00016728272441425909 0 9.6963439149295053e-05 0 1.688635455703722e-05 0 7.8468933178315283e-05 -5.3268612456220483e-05 8.9047254859706503e-05 0 -7.6896933686501578e-06 5.0702383171947103e-05 -1.5990164297933231e-05 -9.9445901241703615e-05 0 -2.7922797776048918e-05
leaf_weight=1912 25 25 21 24 37 48 73 112 26 138 100 21 75 264 1053 36 45 33
leaf_count=1912 25 25 21 24 37 48 73 112 26 138 100 21 75 264 1053 36 45 33
internal_value=0 -1.35302e-05 -7.43939e-05 0 4.57214e-05 -2.46348e-05 2.6266e-07 1.21965e-05 -2.41783e-06 -2.28533e-05 4.02085e-05 -7.16299e-07 0 2.89384e-05 -3.17326e-06 -4.92388e-05 6.74446e-05 0
internal_weight=4068 180 46 134 61 73 3888 527 276 250 251 3361 3304 339 2965 57 145 106
internal_count=4068 180 46 134 61 73 3888 527 276 250 251 3361 3304 339 2965 57 145 106
is_linear=0
shrinkage=0.03


Tree=294
num_leaves=25
num_cat=0
split_feature=26 35 26 23 20 28 20 28 35 25 29 26 32 5 29 5 34 34 23 23 33 27 28 23
split_gain=3.84125e-05 0.000221889 0.000336562 0.00027554 0.000242886 0.000208495 0.000384711 0.000324529 0.000296887 0.000246136 0.000604803 0.000245535 0.00011055 0.000176506 0.000235749 0.000152857 0.000110403 0.000190354 0.000106237 0.000244283 6.13304e-05 5.10274e-05 4.0737e-05 2.85984e-05
threshold=3.1147343321262988 0.010676133394274189 8.6864398611814213 2.558202976020127 177.88500175476076 103759890.50000001 248.8800003051758 154952753.50000003 0.042174958018533597 -0.93061156348500906 37.495025526090252 5.6154886784279006 -0.0029353788506032981 2799599.5000000005 34.266312475489904 3579217.5000000005 -0.039043870350720093 -0.010467750962326992 -0.97580550084661855 1.0390811945000709 -0.017577900444392721 0.65443918850136285 67328121.000000015 -2.0725374562994143
decision_type=2 2 2 2 2 2 2 2 2 2 2 2 2 2 2 2 2 2 2 2 2 2 2 2
left_child=12 2 3 4 -2 9 8 -8 -7 10 -3 -11 15 14 -14 20 -17 -18 23 -20 -1 -16 -22 -15
right_child=1 5 -4 -5 -6 6 7 -9 -10 11 -12 -13 13 18 21 16 17 -19 19 -21 22 -23 -24 -25
leaf_value=0 0 -1.4621091838769932e-07 0 0 -9.8513737708123413e-05 1.3435039592550634e-05 3.8531805751139781e-05 -6.2621876369457898e-06 0.00011933633599627462 -5.8758905745404365e-06 0.00013314311351429465 -6.3960108467056792e-05 0 0 -6.9838973213779535e-05 3.8619359906756034e-05 -4.8206692287055839e-05 0 5.0695338017344822e-05 0 4.5194143678599029e-05 0 0 -2.3977997286526325e-05
leaf_weight=55 21 148 24 40 101 437 157 1502 41 450 31 136 62 44 82 41 90 54 129 151 172 34 21 45
leaf_count=55 21 148 24 40 101 437 157 1502 41 450 31 136 62 44 82 41 90 54 129 151 172 34 21 45
internal_value=0 -1.96982e-06 -3.37264e-05 -5.63428e-05 -7.90284e-05 0 4.87768e-06 -2.12817e-07 2.88165e-05 -1.33716e-05 6.24845e-06 -2.44834e-05 4.80078e-06 0 -2.82706e-05 1.67894e-05 0 -1.62526e-05 6.6886e-06 1.99905e-05 3.23508e-05 -5.52589e-05 4.03797e-05 -1.46567e-06
internal_weight=4068 3088 186 162 122 2902 2137 1659 478 765 179 586 980 547 178 433 185 144 369 280 248 116 193 89
internal_count=4068 3088 186 162 122 2902 2137 1659 478 765 179 586 980 547 178 433 185 144 369 280 248 116 193 89
is_linear=0
shrinkage=0.03


Tree=295
num_leaves=20
num_cat=0
split_feature=20 2 36 23 35 24 32 23 21 28 29 23 21 36 5 23 5 5 29
split_gain=3.77742e-05 0.000762182 0.000559903 0.000251345 0.00070263 0.000438685 0.00110234 0.000424934 0.00024481 0.000336784 0.00027157 0.000295008 0.000281409 0.000210125 0.00019189 4.54662e-05 3.19998e-05 0.000243587 0.000125531
threshold=371.67000198364263 378.50000000000006 -0.005570484183491659 6.8400676852742786 0.029667495766564102 5.1443041251500281 -0.021195223598455434 17.414645195690841 439.17333424886073 367687850.50000006 85.656629203463368 -1.2517083534272613 367.15999984741217 -0.0025000127156575517 18559941.500000004 -3.4884288593150496 3974124.0000000005 3096222.5000000005 37.161626418618567
decision_type=2 2 2 2 2 2 2 2 2 2 2 2 2 2 2 2 2 2 2
left_child=1 3 -3 5 13 14 -7 -6 10 16 11 15 -13 -5 -1 -2 17 -10 -18
right_child=8 2 -4 4 7 6 -8 -9 9 -11 -12 12 -14 -15 -16 -17 18 -19 -20
leaf_value=4.2551338271106541e-07 1.2630757719243314e-05 0 -0.00021430204762614211 -4.651172833267795e-05 0.00010938142494268416 0 -0.00015558358122355812 0 0 -0.00012756418832925271 -1.8153189209839085e-05 0 6.6953060989420106e-05 1.3109652520930875e-05 -6.1113858579581193e-05 -2.2276540148925935e-05 4.9775351776702111e-05 -6.8038365298960191e-05 0
leaf_weight=2884 85 20 26 80 102 31 58 27 90 20 35 38 217 92 46 55 52 50 60
leaf_count=2884 85 20 26 80 102 31 58 27 90 20 35 38 217 92 46 55 52 50 60
internal_value=0 -1.61463e-06 -0.000122761 0 2.62038e-05 -2.53906e-06 -6.81881e-05 8.06209e-05 5.99355e-06 -9.38658e-06 2.26974e-05 3.39138e-05 5.31239e-05 0 0 0 0 -9.51933e-06 1.19858e-05
internal_weight=4068 3366 46 3320 301 3019 89 129 702 272 430 395 255 172 2930 140 252 140 112
internal_count=4068 3366 46 3320 301 3019 89 129 702 272 430 395 255 172 2930 140 252 140 112
is_linear=0
shrinkage=0.03


Tree=296
num_leaves=19
num_cat=0
split_feature=31 35 29 27 26 36 20 25 33 26 1 36 25 22 36 29 33 22
split_gain=3.68018e-05 0.000188065 0.000352983 0.00028788 9.61181e-05 0.000464747 0.00108995 0.000585095 0.00064277 0.000430897 0.00173537 0.000350352 0.00032944 0.000308094 0.000181943 9.33617e-05 0.000152906 1.20447e-05
threshold=0.0326682004124711 0.064830555251102193 70.714315726487328 1.1502617543763847 11.431087175596803 0.0021739212083266885 351.17000122070323 -1.4451416365805982 0.014683102500100966 11.085148646253968 367.89999389648443 -0.021626143837050086 -2.3918279557443807 31.186372076439401 0.016735754678415701 61.63143554739667 0.028329094426792326 49.880401110862579
decision_type=2 2 2 2 2 2 2 2 2 2 2 2 2 2 2 2 2 2
left_child=4 2 15 -4 9 7 -7 11 -9 12 -11 -6 13 -1 -14 16 -2 -8
right_child=1 -3 3 -5 5 6 17 8 -10 10 -12 -13 14 -15 -16 -17 -18 -19
leaf_value=0 -7.3796380605510795e-05 3.1305738417527662e-06 -0.00013286907075378459 0 0 0.00018353840831018673 -1.8314219943106982e-05 -9.7815287206786482e-05 0 -0.00029055331623697252 0 9.5517036486133397e-05 0 6.8497115705861374e-05 -2.8875639564351034e-05 5.924375669289184e-05 0 3.1542531907198106e-06
leaf_weight=54 27 29 44 25 25 44 31 92 50 23 21 59 3124 121 203 21 34 41
leaf_count=54 27 29 44 25 25 44 31 92 50 23 21 59 3124 121 203 21 34 41
internal_value=0 -1.34952e-05 -3.65426e-05 -8.67034e-05 2.87641e-07 1.58865e-05 6.59269e-05 0 -4.61543e-05 -3.71222e-07 -9.38345e-05 5.15955e-05 0 4.07594e-05 -1.29701e-06 0 -1.27729e-05 0
internal_weight=4068 180 151 69 3888 342 116 226 142 3546 44 84 3502 175 3327 82 61 72
internal_count=4068 180 151 69 3888 342 116 226 142 3546 44 84 3502 175 3327 82 61 72
is_linear=0
shrinkage=0.03


Tree=297
num_leaves=25
num_cat=0
split_feature=26 35 24 0 20 35 29 27 32 22 32 23 36 32 31 26 36 5 23 5 36 22 5 5
split_gain=3.58819e-05 0.000204968 0.000376149 0.000231568 0.000311277 0.000199055 0.000255708 0.000272582 0.00017534 0.000633105 0.000471855 0.000167499 0.000121698 0.000384796 0.000172892 0.000109078 5.21525e-05 0.000197476 0.000163957 0.000123681 0.000214978 8.99451e-05 2.88302e-05 1.39825e-06
threshold=3.1147343321262988 0.010676133394274189 1.6315498195797173 367.44801330566412 177.88500175476076 0.013668846349645375 28.074454747066635 0.82801720816610491 -0.016942609051493748 28.718251700743064 0.00091964734736182951 -4.3309515155051477 -0.010150007363365464 -0.024471905672718727 -0.0080730357428180893 2.536751287325417 -0.0018198975651166334 3601798.0000000005 -1.1803765118530831 2783531.5000000005 0.0045641169534004567 39.559425101543823 2530565.5000000005 3374485.5000000005
decision_type=2 2 2 2 2 2 2 2 2 2 2 2 2 2 2 2 2 2 2 2 2 2 2 2
left_child=12 2 3 4 -2 6 11 -8 9 -7 -10 -3 13 -1 15 -15 17 22 -19 21 -21 -18 -14 -4
right_child=1 5 23 -5 -6 8 7 -9 10 -11 -12 -13 16 14 -16 -17 19 18 -20 20 -22 -23 -24 -25
leaf_value=0 0 -7.908941036924965e-05 5.8240615204227609e-06 0 -0.0001253066724615573 -5.496489505014332e-05 5.7199089031628199e-05 0 -2.7899321039682975e-05 2.414516238492446e-05 9.6457244125964051e-07 0 0 0 0 0.00013025884208583548 0 -0.00010159302893579881 0 4.7237931630047205e-05 0 -2.372552292872121e-05 1.5565034892863492e-05 0
leaf_weight=28 20 24 37 33 65 94 194 67 711 571 1185 56 84 32 25 43 46 34 76 145 214 146 107 31
leaf_count=28 20 24 37 33 65 94 194 67 711 571 1185 56 84 32 25 43 46 34 76 145 214 146 107 31
internal_value=0 -1.85439e-06 -3.23776e-05 -6.72191e-05 -9.33786e-05 0 2.16298e-05 3.86343e-05 -2.76404e-06 8.44551e-06 -8.27809e-06 0 4.70261e-06 3.20035e-05 6.90683e-05 9.18172e-05 0 -9.40999e-06 -4.3086e-05 6.06555e-06 1.90486e-05 -2.59051e-06 0 0
internal_weight=4068 3088 186 118 85 2902 341 261 2561 665 1896 80 980 128 100 75 852 301 110 551 359 192 191 68
internal_count=4068 3088 186 118 85 2902 341 261 2561 665 1896 80 980 128 100 75 852 301 110 551 359 192 191 68
is_linear=0
shrinkage=0.03


Tree=298
num_leaves=23
num_cat=0
split_feature=29 29 5 29 4 35 26 27 20 24 31 29 36 29 31 33 33 1 19 35 28 32
split_gain=3.62672e-05 0.000331291 0.000647218 0.00038037 0.000363081 0.00033511 0.000270083 0.000221518 0.000524847 0.000371366 0.000237142 0.000211981 0.000546344 0.000339792 0.000252326 0.000249506 0.000304405 0.000142842 0.000705385 0.000669383 0.000138984 2.1105e-05
threshold=35.128228889001122 49.766828040662453 10717376.000000002 50.860438503795343 146.55000305175784 0.015286726659485451 8.0082241242718197 0.49051491113625229 321.08499755859378 4.756326041820004 -0.0015447956713017794 26.759450505805017 -0.010450338658939825 18.083440658258969 -0.01092042892591044 -0.024824703896196006 -0.0034579023124860493 132.05000305175784 133.50999755859377 0.020703764163491557 -79288999.499999985 -0.025101473231413537
decision_type=2 2 2 2 2 2 2 2 2 2 2 2 2 2 2 2 2 2 2 2 2 2
left_child=7 2 4 5 20 -3 -6 11 9 10 -9 12 13 -1 -14 21 -17 19 -19 -5 -2 -13
right_child=1 3 -4 17 6 -7 -8 8 -10 -11 -12 15 14 -15 -16 16 -18 18 -20 -21 -22 -23
leaf_value=4.8512362896191178e-05 0 0 -0.00017495351750532512 0 2.0883143151611025e-05 0.0001524175086462194 -2.6684988670221989e-05 0 0.00011732903414341051 -6.5965626913162221e-05 6.582373320120683e-05 -2.2938230327766516e-05 0 -3.6365084822860038e-07 -3.3234568742205655e-05 7.0175682524525136e-05 0 -0.00014228356437470381 0 0.00010035071518067822 -7.5150344746402334e-05 0
leaf_weight=189 28 20 27 168 273 28 174 57 50 46 80 36 109 82 582 127 78 32 1697 71 90 24
leaf_count=189 28 20 27 168 273 28 174 57 50 46 80 36 109 82 582 127 78 32 1697 71 90 24
internal_value=0 -2.37307e-06 -2.26585e-05 2.09656e-06 -1.00422e-05 8.5448e-05 0 3.50653e-06 3.05336e-05 0 3.12196e-05 0 -8.11663e-06 2.26626e-05 -2.45302e-05 2.1922e-05 4.14249e-05 0 -2.94591e-06 2.17925e-05 -5.7004e-05 0
internal_weight=4068 2608 592 2016 565 48 447 1460 233 183 137 1227 962 271 691 265 205 1968 1729 239 118 60
internal_count=4068 2608 592 2016 565 48 447 1460 233 183 137 1227 962 271 691 265 205 1968 1729 239 118 60
is_linear=0
shrinkage=0.03


Tree=299
num_leaves=23
num_cat=0
split_feature=30 30 31 25 31 35 5 21 0 5 25 5 23 30 31 24 30 30 21 34 3 5
split_gain=3.79195e-05 0.00019476 0.00016438 0.000355003 0.000206257 0.000268088 0.000198797 0.000313939 0.000177918 0.000152312 0.00026728 0.000197498 0.000136007 0.000120289 0.000528786 0.000822191 0.000132239 0.000423864 0.000154074 0.000107571 5.55698e-05 0.000291358
threshold=22.286073117350323 26.117591770836139 -0.011105637742214456 -2.9243386120367227 -0.0076198084242355404 0.023472630129272507 3713710.5000000005 317.22666689554859 376.57260131835943 2436695.5000000005 -1.9099599456452958 4491128.0000000009 -1.2517083534272613 28.977220072234285 -0.0016116004637445889 -2.8199112319031916 34.740391173132174 33.349201142001156 439.17333424886073 -0.024105713599937236 136.65000152587893 7693708.5000000009
decision_type=2 2 2 2 2 2 2 2 2 2 2 2 2 2 2 2 2 2 2 2 2 2
left_child=2 9 3 -1 5 12 7 -6 -8 -2 -11 -12 -4 14 19 -16 17 -15 -18 -3 -5 -22
right_child=1 13 4 20 6 -7 8 -9 -10 10 11 -13 -14 16 15 -17 18 -19 -20 -21 21 -23
leaf_value=0.00011367373080469491 0 -6.0904375518318892e-05 -0.00013856702555033952 3.6715871137563713e-05 4.9600878931195592e-05 0 -2.5151418156680262e-05 0 3.3428523540688842e-05 0 -9.9927120919099936e-05 0 0 0 0.00025632580940319747 0 2.844314159690939e-06 -8.8672278011380146e-05 -2.6525880124157871e-05 0 7.8150036238072603e-06 -7.5491754140161763e-05
leaf_weight=38 21 26 28 37 188 25 215 55 29 40 74 57 27 224 20 54 2520 64 168 28 85 45
leaf_count=38 21 26 28 37 188 25 215 55 29 40 74 57 27 224 20 54 2520 64 168 28 85 45
internal_value=0 -1.6757e-06 5.67571e-06 2.90273e-05 0 -4.68559e-05 4.4793e-06 2.72282e-05 -5.88816e-06 -3.09942e-05 -4.33557e-05 -6.54837e-05 -8.70089e-05 0 2.85957e-05 8.85219e-05 -1.08612e-06 -2.06226e-05 0 0 0 0
internal_weight=4068 3296 772 205 567 80 487 243 244 192 171 131 55 3104 128 74 2976 288 2688 54 167 130
internal_count=4068 3296 772 205 567 80 487 243 244 192 171 131 55 3104 128 74 2976 288 2688 54 167 130
is_linear=0
shrinkage=0.03


Tree=300
num_leaves=14
num_cat=0
split_feature=21 3 26 3 26 33 34 27 26 36 23 5 4
split_gain=3.73834e-05 0.000167321 0.000478549 0.00012187 0.000293908 0.000131219 0.000434658 0.000320435 0.000106194 7.43967e-05 4.2515e-05 6.81302e-05 1.25159e-05
threshold=120.53166681925457 120.54999923706056 3.0062015438381624 126.14999771118165 2.6969637936340312 0.05185243634252746 0.090962142615384059 1.0127048911144729 2.60982334807492 0.00082373077055962116 -2.3470080447052619 3779910.5000000005 124.90000152587892
decision_type=2 2 2 2 2 2 2 2 2 2 2 2 2
left_child=8 2 10 4 12 6 -5 -7 -1 -10 11 -2 -3
right_child=1 3 -4 5 -6 7 -8 -9 9 -11 -12 -13 -14
leaf_value=0 0 0 0.00012689579049179086 4.0231673833335807e-07 -0.00010798570759557446 -5.7719602632048736e-05 0.00010662540161680336 0 0 -8.3509491790944424e-05 1.7567561828844627e-05 -5.3186579981582226e-05 -1.3577867035526145e-05
leaf_weight=56 22 82 36 3368 32 116 36 106 32 28 65 28 61
leaf_count=56 22 82 36 3368 32 116 36 106 32 28 65 28 61
internal_value=0 2.31523e-07 3.15713e-05 -2.25044e-07 -2.50411e-05 1.45967e-07 2.4101e-06 -2.10488e-05 -1.69697e-05 -4.63309e-05 0 -1.90453e-05 0
internal_weight=4068 3952 151 3801 175 3626 3404 222 116 60 115 50 143
internal_count=4068 3952 151 3801 175 3626 3404 222 116 60 115 50 143
is_linear=0
shrinkage=0.03


Tree=301
num_leaves=22
num_cat=0
split_feature=30 32 28 29 33 21 33 35 31 36 30 31 1 22 5 24 33 34 32 32 24
split_gain=3.63376e-05 0.00028671 0.000199904 0.000197553 0.000248521 0.000224928 0.000156069 0.000315355 0.00042632 0.000861379 0.000305483 0.000444105 0.000288438 0.000254383 0.000563975 0.00137421 0.000132993 0.000638428 0.000438589 0.000126756 3.27064e-05
threshold=85.655778423565195 0.0095478117342187047 243291966.00000003 95.238732898504296 0.021559473920345521 248.12999979654953 0.011681944588277539 0.018329998067869072 0.00081333293100671622 -0.0039110392942001042 73.801020258109233 0.0020768646178237486 374.69999694824224 67.5922717109122 8347800.5000000009 3.7592332095999823 -0.00075417066688626677 -0.016058796443537245 0.010756116744612522 0.014407036205664416 1.0000000180025095e-35
decision_type=2 2 2 2 2 2 2 2 2 2 2 2 2 2 2 2 2 2 2 2 2
left_child=6 2 20 4 -3 -6 13 10 9 -9 11 -8 -10 16 15 -15 18 -18 -1 -12 -2
right_child=1 3 -4 -5 5 -7 7 8 12 -11 19 -13 -14 14 -16 -17 17 -19 -20 -21 -22
leaf_value=0 -3.8268330946578566e-05 0 7.0172453142584591e-05 0 -0.00011978236095252073 0 -6.9481418215084126e-05 0 2.0588521855579454e-05 0.00017604951704935936 5.1532812106836037e-05 0 -3.1665306352722076e-05 0 0 -0.00021747200995952726 -8.4375196203739282e-05 0 6.9990207003088308e-05 0 0
leaf_weight=1880 20 21 37 22 62 33 123 112 398 50 75 201 99 20 21 42 95 566 84 62 45
leaf_count=1880 20 21 37 22 62 33 123 112 398 50 75 201 99 20 21 42 95 566 84 62 45
internal_value=0 -1.15143e-05 5.21154e-06 -4.55951e-05 -6.32793e-05 -8.50907e-05 4.77131e-07 1.05029e-05 2.47078e-05 6.92575e-05 -3.29775e-06 -2.45032e-05 4.14053e-06 -2.56187e-06 -5.44879e-05 -0.000110211 0 -1.24486e-05 2.96313e-06 2.49518e-05 0
internal_weight=4068 240 102 138 116 95 3828 1120 659 162 461 324 497 2708 83 62 2625 661 1964 137 65
internal_count=4068 240 102 138 116 95 3828 1120 659 162 461 324 497 2708 83 62 2625 661 1964 137 65
is_linear=0
shrinkage=0.03


Tree=302
num_leaves=9
num_cat=0
split_feature=35 36 31 33 27 22 5 33
split_gain=3.54278e-05 0.000420762 0.000240547 0.000763556 0.000426336 0.000313185 0.000180503 0.000158743
threshold=0.064830555251102193 -0.024623202840402172 -0.047537407576011707 -0.052991664392439845 -0.097571628179887418 43.654746400570268 20689506.000000004 -0.045081004107045013
decision_type=2 2 2 2 2 2 2 2
left_child=2 -2 -1 4 -4 -6 7 -5
right_child=1 -3 3 6 5 -7 -8 -9
leaf_value=0.00010097198801222881 0 0.00010233875747848674 -0.00023182468579164634 4.3196436515982443e-05 0 -9.2819876822198419e-05 -7.051034756527047e-05 0
leaf_weight=20 21 39 20 78 42 33 32 3783
leaf_count=20 21 39 20 78 42 33 32 3783
internal_value=0 2.26445e-05 -5.16069e-07 -1.77979e-06 -8.57842e-05 -6.63644e-06 0 8.60755e-07
internal_weight=4068 60 4008 3988 95 75 3893 3861
internal_count=4068 60 4008 3988 95 75 3893 3861
is_linear=0
shrinkage=0.03


Tree=303
num_leaves=21
num_cat=0
split_feature=29 29 5 29 21 35 26 34 33 26 32 29 32 23 29 32 32 26 33 35
split_gain=3.4891e-05 0.000313321 0.000598155 0.000356985 0.000349759 0.000314285 0.000266499 0.000259081 0.000260058 0.000556169 0.000406113 0.000363516 0.000309322 0.000180511 0.00017347 0.000143593 0.000497764 0.000309868 7.76084e-05 1.52332e-05
threshold=35.128228889001122 49.766828040662453 10717376.000000002 50.860438503795343 159.5441672007243 0.015286726659485451 8.0082241242718197 -0.0088662126306046623 -0.0041192250278710421 10.996984237697108 0.0054022891421192662 18.687416659000085 0.0023942918861812328 -0.014863990474616172 43.41223610863441 -0.0041528896541935248 -0.0029353788506032981 5.6154886784279006 0.0034737372239770363 0.011261861124256591
decision_type=2 2 2 2 2 2 2 2 2 2 2 2 2 2 2 2 2 2 2 2
left_child=7 2 4 5 14 -3 -6 8 10 18 12 -12 -1 19 -2 17 -17 -5 -10 -9
right_child=1 3 -4 15 6 -7 -8 13 9 -11 11 -13 -14 -15 -16 16 -18 -19 -20 -21
leaf_value=3.2875161081838721e-06 0 0 -0.00016881238169988747 0 2.1506307721655158e-05 0.00014767107899090292 -2.5795455335791857e-05 0 -2.7402584459587128e-05 -0.00018384374584616445 0 0.00013690631558161179 -8.2698685274568983e-05 0 -0.00010121201668898328 9.996756095735194e-05 0 -3.9542042432033956e-05 3.205654913239108e-06 7.75508323890272e-05
leaf_weight=1016 72 20 27 238 268 28 174 26 92 21 21 38 39 69 51 48 1442 240 67 71
leaf_count=1016 72 20 27 238 268 28 174 26 92 21 21 38 39 69 51 48 1442 240 67 71
internal_value=0 -2.24456e-06 -2.19971e-05 2.06859e-06 -9.64375e-06 8.28185e-05 0 3.53659e-06 0 -3.43575e-05 4.38838e-06 8.09166e-05 0 3.89071e-05 -5.46266e-05 0 4.68456e-06 -1.42095e-05 0 6.52883e-05
internal_weight=4068 2608 592 2016 565 48 442 1460 1294 180 1114 59 1055 166 123 1968 1490 478 159 97
internal_count=4068 2608 592 2016 565 48 442 1460 1294 180 1114 59 1055 166 123 1968 1490 478 159 97
is_linear=0
shrinkage=0.03


Tree=304
num_leaves=26
num_cat=0
split_feature=28 28 33 29 33 24 1 30 31 32 29 32 32 2 26 19 5 32 24 26 32 0 32 5 5
split_gain=3.56919e-05 0.000252711 0.000348281 0.000601377 0.000334658 0.000211741 0.000210681 0.000475923 0.000774182 0.000692586 0.000684769 0.000848666 0.000406333 0.000401359 0.000281304 0.000272481 0.000172102 0.000502894 0.000294857 0.00015962 0.000156949 0.00015562 2.7612e-05 4.56336e-05 6.59754e-06
threshold=320597825.50000006 342225850.50000006 -0.012563345632644328 28.818017959355117 0.034081205269605237 2.5825093209491965 328.09999084472662 36.037987469291004 -0.021144797494271447 1.0000000180025095e-35 66.679623968539929 0.046548406844067032 -0.009754668129136777 314.50000000000006 8.721935404419602 298.67999877929691 3911005.0000000005 0.004141023184317639 1.6315498195797173 7.6719679410969235 0.043240964701678382 255.01079559326175 0.0054022891421192662 2580708.5000000005 3205592.5000000005
decision_type=2 2 2 2 2 2 2 2 2 2 2 2 2 2 2 2 2 2 2 2 2 2 2 2 2
left_child=6 16 3 -3 5 -4 13 8 -8 -10 12 -12 -9 15 -15 21 22 18 -18 -17 -6 -1 23 -2 -24
right_child=1 2 4 -5 20 -7 7 10 9 -11 11 -13 -14 14 -16 19 17 -19 -20 -21 -22 -23 24 -25 -26
leaf_value=-1.9814181851155533e-07 0 0 0 -0.00015001135823036375 -7.3007821457155242e-05 6.5025930776759305e-05 1.9754606494415207e-05 0 -0.00014987021793938082 0 0 -0.00022241978870232484 9.303505117776742e-05 0 9.3045492602742127e-05 0 0.00016941712547615859 0 0 -8.5595244706850387e-05 0 3.3733280863390464e-05 3.3101023846385438e-05 -2.7810990626892165e-05 0
leaf_weight=2742 44 36 64 38 42 97 21 67 86 47 142 21 81 28 71 30 39 50 22 53 21 123 28 53 22
leaf_count=2742 44 36 64 38 42 97 21 67 86 47 142 21 81 28 71 30 39 50 22 53 21 123 28 53 22
internal_value=0 6.91564e-06 -3.94872e-06 -6.53177e-05 2.95817e-06 3.69549e-05 -1.25443e-06 -2.04082e-05 -6.35343e-05 -9.92296e-05 0 -4.14357e-05 4.76499e-05 6.84639e-07 6.04701e-05 -3.0746e-07 3.10845e-05 6.03231e-05 0.000118424 -5.43401e-05 -3.62996e-05 2.12643e-07 0 0 2.22716e-05
internal_weight=4068 556 298 74 224 161 3512 465 154 133 311 163 148 3047 99 2948 258 111 61 83 63 2865 147 97 50
internal_count=4068 556 298 74 224 161 3512 465 154 133 311 163 148 3047 99 2948 258 111 61 83 63 2865 147 97 50
is_linear=0
shrinkage=0.03


Tree=305
num_leaves=23
num_cat=0
split_feature=30 33 35 35 28 0 31 25 31 35 5 22 21 21 0 29 34 29 34 22 5 35
split_gain=3.67153e-05 0.000179541 0.000454753 0.000349169 0.000390287 0.000210823 0.000160567 0.00032641 0.000191215 0.00025553 0.000186869 0.000305742 0.00029623 0.000144753 0.000686144 0.000323223 0.000385039 0.000216128 0.000214429 8.80688e-05 0.000306568 2.65309e-05
threshold=22.286073117350323 -0.01232443506742331 0.04365624384773991 0.025424898934198418 175355315.50000003 117.73695755004884 -0.011105637742214456 -2.9243386120367227 -0.0076198084242355404 0.023472630129272507 3713710.5000000005 32.512981613095242 317.22666689554859 330.03999913533534 327.46440124511724 67.468576470275124 -0.0019738600010512637 69.786810009310727 -0.021442561441379345 25.507152842729706 7880819.0000000009 0.054991415128787656
decision_type=2 2 2 2 2 2 2 2 2 2 2 2 2 2 2 2 2 2 2 2 2 2
left_child=6 2 3 5 -5 -2 7 -1 9 -8 12 -12 -10 14 18 16 -15 -17 -3 -9 -21 -4
right_child=1 13 21 4 -6 -7 8 19 10 -11 11 -13 -14 15 -16 17 -18 -19 -20 20 -22 -23
leaf_value=0.00011032974184307408 -5.4321513775798575e-05 4.9277189720294436e-05 -0.00016213892760994205 6.504906642237111e-05 0 -1.0461240626472398e-06 -8.4416769813256461e-05 4.5016326962316953e-05 4.8215768644885369e-05 0 -6.6338026691438828e-05 0 0 0 -0.00016753882255059625 -8.6328922342723103e-05 6.6881151756356856e-05 0 -1.3596818779405059e-06 0 -9.5746496497371849e-05 0
leaf_weight=38 143 78 22 106 116 394 55 39 188 25 64 180 55 132 22 26 172 256 1807 98 30 22
leaf_count=38 143 78 22 106 116 394 55 39 188 25 64 180 55 132 22 26 172 256 1807 98 30 22
internal_value=0 -1.51299e-06 -1.43e-05 -4.64716e-06 2.09727e-05 -2.08261e-05 5.74673e-06 2.87907e-05 0 -4.50656e-05 4.3971e-06 -5.32418e-06 2.64972e-05 1.40281e-06 -1.21186e-06 1.5029e-05 3.73085e-05 0 0 0 -4.5842e-07 -0.000112396
internal_weight=4068 3296 803 759 222 537 772 205 567 80 487 244 243 2493 1907 586 304 282 1885 167 128 44
internal_count=4068 3296 803 759 222 537 772 205 567 80 487 244 243 2493 1907 586 304 282 1885 167 128 44
is_linear=0
shrinkage=0.03


Tree=306
num_leaves=23
num_cat=0
split_feature=30 30 31 25 31 24 23 5 22 21 32 28 30 32 30 28 21 25 22 5 25 20
split_gain=3.56971e-05 0.0001766 0.000155941 0.000301892 0.00017617 0.000193675 0.000247402 0.000171126 0.00028868 0.000283204 0.000146284 0.000452677 0.000113368 0.000984014 0.000122772 0.000436556 0.000146254 0.000109059 8.28489e-05 0.000288538 5.06297e-05 3.16846e-06
threshold=22.286073117350323 26.117591770836139 -0.011105637742214456 -2.9243386120367227 -0.0076198084242355404 -3.3921520675501484 -1.2517083534272613 3713710.5000000005 32.512981613095242 317.22666689554859 -0.030562138627468646 147381651.50000003 28.977220072234285 0.018929743197433128 34.740391173132174 164354029.50000003 439.17333424886073 -1.9691880485236062 25.507152842729706 7880819.0000000009 -1.3896739596063461 182.98249893188481
decision_type=2 2 2 2 2 2 2 2 2 2 2 2 2 2 2 2 2 2 2 2 2 2
left_child=2 10 3 -1 5 -4 -7 9 -9 -6 -2 21 13 20 15 -14 -16 -13 -5 -20 -3 -12
right_child=1 12 4 18 7 6 -8 8 -10 -11 11 17 14 -15 16 -17 -18 -19 19 -21 -22 -23
leaf_value=0.0001070285349163982 0 -3.9557497156303864e-05 0 4.3669290939772306e-05 4.6770064136856526e-05 -0.00015070143696770873 0 -6.4350995012666504e-05 0 0 0 0 -5.5659673568376304e-05 0.00021108542625905314 2.8150859042057211e-06 2.8902208974151645e-06 -2.57727361157393e-05 -0.0001197067325508949 0 -9.2883637918320244e-05 6.3634985910206532e-07 8.0413024434598026e-06
leaf_weight=38 22 29 20 39 188 24 36 64 180 55 45 25 163 22 2520 125 168 56 98 30 77 44
leaf_count=38 22 29 20 39 188 24 36 64 180 55 45 25 163 22 2520 125 168 56 98 30 77 44
internal_value=0 -1.53218e-06 5.62038e-06 2.83408e-05 0 -4.33267e-05 -7.34996e-05 4.1003e-06 -4.80239e-06 2.53785e-05 -2.94561e-05 -4.18792e-05 0 2.78136e-05 -9.92784e-07 -1.98422e-05 0 -9.32852e-05 0 0 0 0
internal_weight=4068 3296 772 205 567 80 60 487 244 243 192 170 3104 128 2976 288 2688 81 167 128 106 89
internal_count=4068 3296 772 205 567 80 60 487 244 243 192 170 3104 128 2976 288 2688 81 167 128 106 89
is_linear=0
shrinkage=0.03


Tree=307
num_leaves=22
num_cat=0
split_feature=29 29 5 0 29 35 26 34 33 26 26 20 36 24 29 1 19 35 29 33 30
split_gain=3.63827e-05 0.000303314 0.000548207 0.000355486 0.000330396 0.000293634 0.000240608 0.000237747 0.000252096 0.000507619 0.000270091 0.000431769 0.00018211 0.000161801 0.000161403 0.000130382 0.000658808 0.000621678 0.000128016 7.5608e-05 6.22291e-05
threshold=35.128228889001122 49.766828040662453 10717376.000000002 98.60465240478517 50.860438503795343 0.015286726659485451 8.0082241242718197 -0.0088662126306046623 -0.0041192250278710421 10.996984237697108 10.478509416012789 321.08499755859378 0.0067787253400534977 2.7843162837154414 37.737630068929725 132.05000305175784 139.45000000000002 0.020703764163491557 25.528894157081023 0.0034737372239770363 24.390117175039538
decision_type=2 2 2 2 2 2 2 2 2 2 2 2 2 2 2 2 2 2 2 2 2
left_child=7 2 3 14 5 -3 -5 8 10 19 12 -12 -1 18 -2 17 -17 -6 -9 -10 -20
right_child=1 4 -4 6 15 -7 -8 13 9 -11 11 -13 -14 -15 -16 16 -18 -19 20 -21 -22
leaf_value=3.8365756264254334e-06 0 0 -0.00016298141081755587 1.9109271749485896e-05 0 0.00014234430576116176 -2.5536648712328169e-05 0 -2.7086878942814125e-05 -0.00017685569277298314 0 7.3267720252783821e-05 -3.4402103714843388e-05 0 -7.6627587158080779e-05 -9.3022939879344252e-05 0 9.6579112828697392e-05 0 2.6564028222878201e-06 8.6171856939531405e-05
leaf_weight=835 21 20 27 282 168 28 174 42 92 21 29 122 128 28 88 70 1659 71 22 67 74
leaf_count=835 21 20 27 282 168 28 174 42 92 21 29 122 128 28 88 70 1659 71 22 67 74
internal_value=0 -2.26012e-06 -2.16906e-05 -9.60221e-06 1.95843e-06 7.96417e-05 0 3.64715e-06 0 -3.3582e-05 4.61989e-06 4.20252e-05 0 3.74852e-05 -5.8396e-05 0 -2.81143e-06 2.08234e-05 5.2388e-05 0 7.17138e-05
internal_weight=4068 2608 592 565 2016 48 456 1460 1294 180 1114 151 963 166 109 1968 1729 239 138 159 96
internal_count=4068 2608 592 565 2016 48 456 1460 1294 180 1114 151 963 166 109 1968 1729 239 138 159 96
is_linear=0
shrinkage=0.03


Tree=308
num_leaves=17
num_cat=0
split_feature=21 20 35 28 29 0 35 0 32 31 36 20 31 23 35 22
split_gain=3.5353e-05 0.000174535 0.000468399 0.000910525 0.000628563 0.00030344 0.000286444 0.00022488 0.0001395 0.000397819 0.000315012 0.000114437 0.000166768 0.000107521 0.000102469 2.4825e-05
threshold=120.53166681925457 126.03250007629396 0.017124895255674722 -32072880.999999996 19.398876926681147 85.897575378417983 0.012132250261601236 81.072719573974624 -0.02159310954540616 -0.0078063695625798504 -0.032199113138671638 106.74000015258791 -0.0092302639967249394 -2.5249861543171117 0.015803242119472233 48.591409514600009
decision_type=2 2 2 2 2 2 2 2 2 2 2 2 2 2 2 2
left_child=11 2 13 4 -4 6 -3 -8 10 -10 -7 -1 -13 -2 -14 -15
right_child=1 5 3 -5 -6 8 7 -9 9 -11 -12 12 14 15 -16 -17
leaf_value=0 -6.9385664607050682e-05 0 0 -3.2758587367095431e-06 0.00015460103623178787 -4.1680567939930952e-05 0 -0.00015130283566687914 -2.3673681281997276e-05 2.5570476570500112e-06 2.4664465815461361e-05 0 0 1.8967937005055021e-05 -0.00010215336379338406 0
leaf_weight=34 20 25 20 33 82 45 21 32 631 2388 525 23 23 62 36 68
leaf_count=34 20 25 20 33 82 45 21 32 631 2388 525 23 23 62 36 68
internal_value=0 3.22241e-07 2.33865e-05 6.53798e-05 0.000116956 -6.52822e-07 -5.93022e-05 -0.000100137 0 -1.93236e-06 1.41581e-05 -1.64475e-05 -4.04603e-05 0 -6.93811e-05 0
internal_weight=4068 3952 285 135 102 3667 78 53 3589 3019 570 116 82 150 59 130
internal_count=4068 3952 285 135 102 3667 78 53 3589 3019 570 116 82 150 59 130
is_linear=0
shrinkage=0.03


Tree=309
num_leaves=25
num_cat=0
split_feature=30 33 28 22 31 36 29 20 31 36 34 30 20 21 0 29 30 34 29 34 36 25 4 21
split_gain=3.40574e-05 0.000175602 0.000367393 0.000400643 0.000444443 0.00036769 0.000330351 0.000185907 0.000149466 0.000397332 0.000164263 0.00024307 0.000142418 0.000138527 0.000639719 0.000304241 0.000367817 0.000209248 0.000202361 0.000120693 0.000257914 0.000127477 0.000101533 4.96265e-05
threshold=22.286073117350323 -0.01232443506742331 329247296.00000006 35.984087841709048 -0.014511461627524867 0.0057529828613293839 19.064869408242771 378.85999908447269 -0.011105637742214456 -0.001943179129270146 -0.05405407162324815 13.310908644915555 361.21499938964848 330.03999913533534 327.46440124511724 67.468576470275124 35.817239797518894 -0.021442561441379345 69.786810009310727 -0.040517356563296018 -1.0000000180025095e-35 -1.2901271319232464 231.90000152587893 283.32583427429205
decision_type=2 2 2 2 2 2 2 2 2 2 2 2 2 2 2 2 2 2 2 2 2 2 2 2
left_child=8 2 3 4 -2 -5 -4 -8 9 12 11 -10 22 14 17 16 -15 -3 -17 20 -12 -21 -1 -13
right_child=1 13 6 5 -6 -7 7 -9 10 -11 19 23 -14 15 -16 18 -18 -19 -20 21 -22 -23 -24 -25
leaf_value=0 -0.00010852659657964769 4.8657006269741791e-05 0 1.827453674795896e-05 0 -4.64041437673797e-05 0 -0.00013397126089155706 0 0.00015266759249980125 8.0977104968288748e-05 -0.0001243861444769815 6.4198338550925722e-05 0 -0.00016178152287943599 -8.3534173231207933e-05 5.8309596467020693e-05 -1.3758961906404714e-06 0 -2.8545506819139471e-05 0 7.5669536552804829e-06 -3.8993029673885979e-05 0
leaf_weight=92 64 78 20 495 68 81 22 53 34 22 53 26 31 89 22 26 215 1807 256 122 45 266 60 21
leaf_count=92 64 78 20 495 68 81 22 53 34 22 53 26 31 89 22 26 215 1807 256 122 45 266 60 21
internal_value=0 -1.5261e-06 -1.41686e-05 -2.2079e-06 -5.18377e-05 3.96519e-06 -7.16651e-05 -0.000102287 5.45496e-06 2.77109e-05 0 -4.16062e-05 0 1.34314e-06 -1.18591e-06 1.46907e-05 3.62817e-05 0 0 3.91389e-06 3.43974e-05 0 0 -8.73231e-05
internal_weight=4068 3296 803 708 132 576 95 75 772 205 567 81 183 2493 1907 586 304 1885 282 486 98 388 152 47
internal_count=4068 3296 803 708 132 576 95 75 772 205 567 81 183 2493 1907 586 304 1885 282 486 98 388 152 47
is_linear=0
shrinkage=0.03


Tree=310
num_leaves=9
num_cat=0
split_feature=35 36 31 33 21 31 5 33
split_gain=3.36441e-05 0.00039413 0.000229909 0.000728865 0.000422459 0.000764531 0.000158514 0.000148347
threshold=0.064830555251102193 -0.024623202840402172 -0.047537407576011707 -0.052991664392439845 291.10333607991544 -0.015696008773299183 20689506.000000004 -0.045081004107045013
decision_type=2 2 2 2 2 2 2 2
left_child=2 -2 -1 4 5 -4 7 -5
right_child=1 -3 3 6 -6 -7 -8 -9
leaf_value=9.8546368422667795e-05 0 9.9073811673887937e-05 -0.0002257081187163586 4.1686511923169295e-05 0 0 -6.6147960029394471e-05 0
leaf_weight=20 21 39 34 78 39 22 32 3783
leaf_count=20 21 39 34 78 39 22 32 3783
internal_value=0 2.19943e-05 -5.48602e-07 -1.80026e-06 -8.38671e-05 -0.000136751 0 7.56125e-07
internal_weight=4068 60 4008 3988 95 56 3893 3861
internal_count=4068 60 4008 3988 95 56 3893 3861
is_linear=0
shrinkage=0.03


Tree=311
num_leaves=21
num_cat=0
split_feature=29 29 5 29 4 36 22 34 33 26 32 29 23 23 32 31 32 29 33 26
split_gain=3.40123e-05 0.000289912 0.000494995 0.000306225 0.000299839 0.000280877 0.000256113 0.000221876 0.000238703 0.000473719 0.000379563 0.000343058 0.000294108 0.000166064 0.000134798 0.000563397 0.000463295 0.000122521 7.23423e-05 2.02688e-06
threshold=35.128228889001122 49.766828040662453 10717376.000000002 50.860438503795343 146.55000305175784 -0.0016319956628030386 47.853397427334407 -0.0088662126306046623 -0.0041192250278710421 10.996984237697108 0.0054022891421192662 18.687416659000085 -1.2517083534272613 -0.014863990474616172 -0.0041528896541935248 -0.00064246249239452425 -0.0029353788506032981 43.41223610863441 0.0034737372239770363 2.4031054006382182
decision_type=2 2 2 2 2 2 2 2 2 2 2 2 2 2 2 2 2 2 2 2
left_child=7 2 4 5 17 -3 -6 8 10 18 12 -12 -1 19 15 -5 -16 -2 -10 -9
right_child=1 3 -4 14 6 -7 -8 13 9 -11 11 -13 -14 -15 16 -17 -18 -19 -20 -21
leaf_value=-1.4958252403091342e-05 0 0.00015561488038771761 -0.00015633374081006979 0 2.6168355519267614e-05 0 -1.9218702815542026e-05 0 -2.6510186504393643e-05 -0.00017133788178234593 0 0.00013281853563394249 1.6737460668588524e-05 0 9.6348807431216268e-05 -7.442812311496336e-05 0 -9.4628308413769528e-05 2.383288139561385e-06 6.9567726424169495e-05
leaf_weight=548 70 22 27 370 207 26 240 21 92 21 21 38 507 69 48 108 1442 48 67 76
leaf_count=548 70 22 27 370 207 26 240 21 92 21 21 38 507 69 48 108 1442 48 67 76
internal_value=0 -2.25676e-06 -2.12521e-05 1.83399e-06 -9.46155e-06 7.66209e-05 0 3.44496e-06 0 -3.27424e-05 4.41883e-06 7.84107e-05 0 3.61461e-05 0 -1.38543e-05 4.45325e-06 -5.20895e-05 0 6.14345e-05
internal_weight=4068 2608 592 2016 565 48 447 1460 1294 180 1114 59 1055 166 1968 478 1490 118 159 97
internal_count=4068 2608 592 2016 565 48 447 1460 1294 180 1114 59 1055 166 1968 478 1490 118 159 97
is_linear=0
shrinkage=0.03


Tree=312
num_leaves=23
num_cat=0
split_feature=26 3 34 36 25 2 32 5 20 3 3 2 33 36 32 33 19 20 26 28 35 5
split_gain=3.32912e-05 0.000200551 0.000407067 0.000472683 0.000532089 0.000301367 0.000235139 0.000408243 0.00020468 0.000235005 0.000199484 0.000208269 0.000169458 9.93896e-05 0.000214493 0.00020902 0.000174164 0.000143073 0.000107409 8.82262e-05 4.1124e-05 3.26854e-06
threshold=2.7602941632298434 147.55000305175784 -0.019059116092705438 -0.013211585103394773 -0.18573104869010756 173.65000152587893 0.018542155381763962 3513154.0000000005 126.03250007629396 128.84999847412112 188.34999847412112 232.09999847412112 0.02708950584215775 0.011990384677232178 -0.0026218640651041731 -0.011171110290635942 139.45000000000002 126.03250007629396 1.8711749014937731 58604500.500000007 0.015803242119472233 2646184.5000000005
decision_type=2 2 2 2 2 2 2 2 2 2 2 2 2 2 2 2 2 2 2 2 2 2
left_child=13 2 8 -4 -5 6 7 -3 -2 -10 12 -12 -7 14 15 20 18 -15 -16 -17 -1 -18
right_child=1 5 3 4 -6 10 -8 -9 9 -11 11 -13 -14 17 16 19 21 -19 -20 -21 -22 -23
leaf_value=8.0353400135977115e-06 7.5754229932431568e-05 0 0 0 -0.00011722602504677502 -3.4296581266038433e-05 0 9.6861618418374052e-05 -9.1795828010222722e-05 0 1.8695613734476963e-05 -2.4944984666027035e-06 0 7.8559744117014539e-05 0 5.4891846440972401e-05 0 0 -4.186975494131934e-05 0 -2.1092507527607415e-05 6.3007045829965431e-06
leaf_weight=97 32 23 34 41 106 286 29 90 25 34 500 2106 54 39 26 128 34 31 187 23 69 74
leaf_count=97 32 23 34 41 106 286 29 90 25 34 500 2106 54 39 26 128 34 31 187 23 69 74
internal_value=0 -1.42963e-06 -2.62409e-05 -5.52952e-05 -8.15861e-05 0 4.32893e-05 6.50046e-05 0 0 -1.29492e-06 4.20557e-07 -2.32607e-05 5.71094e-06 0 1.93279e-05 -1.52407e-05 4.00686e-05 -3.29478e-05 4.5044e-05 0 0
internal_weight=4068 3360 272 181 147 3088 142 113 91 59 2946 2606 340 708 638 317 321 70 213 151 166 108
internal_count=4068 3360 272 181 147 3088 142 113 91 59 2946 2606 340 708 638 317 321 70 213 151 166 108
is_linear=0
shrinkage=0.03


Tree=313
num_leaves=20
num_cat=0
split_feature=27 25 34 19 27 24 34 5 33 25 33 5 33 26 35 27 35 27 26
split_gain=3.52877e-05 0.000342163 0.000338002 0.000845867 0.000331945 0.000259459 0.000332914 0.000351867 0.000327397 0.000255888 0.000785564 0.000403718 0.000334636 0.000780636 0.000300556 0.000281033 0.000132263 0.000133204 9.30566e-05
threshold=0.57016153316312479 -0.48181713483140237 0.028650137337075558 278.21999511718758 0.46595550272509278 18.550050136727382 -0.0041125211545089959 3056529.0000000005 0.00082473094570767469 0.16891628846157961 -0.0059770233230030936 2358724.5000000005 -0.0044204609417658461 10.562748989976134 0.019699263346243747 0.53146187638649189 0.034758603155782948 0.75504994212241505 5.3110860541789835
decision_type=2 2 2 2 2 2 2 2 2 2 2 2 2 2 2 2 2 2 2
left_child=2 16 9 4 -4 6 7 -3 -8 12 15 -12 14 -14 -1 -11 17 18 -2
right_child=1 5 3 -5 -6 -7 8 -9 -10 10 11 -13 13 -15 -16 -17 -18 -19 -20
leaf_value=1.8388331845986129e-05 0 0 0 9.4319248095075912e-06 -0.00018527348400116837 -8.6361021737394378e-05 3.649629456973732e-05 -6.1810835394073504e-05 0 -3.0791057076620181e-05 0 0.00010835873850885777 -5.6826762835243408e-06 -0.00012328162601028475 -9.8187277251833312e-06 6.454246877538756e-05 0 0 0.00010377101166276089
leaf_weight=672 24 53 41 33 40 31 286 139 1114 152 21 108 588 66 568 26 20 26 60
leaf_count=672 24 53 41 33 40 31 286 139 1114 152 21 108 588 66 568 26 20 26 60
internal_value=0 3.07379e-06 -2.56194e-06 -5.29082e-05 -0.000115278 0 9.90449e-07 -3.34361e-05 7.85656e-06 0 2.54503e-05 8.37688e-05 -4.0706e-06 -2.21539e-05 3.04877e-06 0 4.99431e-05 6.34712e-05 8.18507e-05
internal_weight=4068 1753 2315 114 81 1623 1592 192 1400 2201 307 129 1894 654 1240 178 130 110 84
internal_count=4068 1753 2315 114 81 1623 1592 192 1400 2201 307 129 1894 654 1240 178 130 110 84
is_linear=0
shrinkage=0.03


Tree=314
num_leaves=22
num_cat=0
split_feature=27 34 19 27 27 36 27 36 26 5 34 32 5 34 32 33 36 36 5 29 23
split_gain=3.36738e-05 0.000313927 0.000813997 0.000298055 0.000265529 0.000598621 0.000336133 0.000271757 0.000250975 0.00024871 0.00129471 0.00064578 0.000441851 0.00078695 0.00017821 0.000167238 9.0865e-05 0.000369838 0.000320499 8.82415e-05 8.40725e-05
threshold=0.57016153316312479 0.028650137337075558 278.21999511718758 0.46595550272509278 0.75504994212241505 0.0023800624924219262 0.76783614078854534 -0.016856909751158632 8.4303350444777134 11213305.000000002 -0.091977256895321588 -0.028204434113088202 9461846.5000000019 -0.083444739828477374 0.037856011380146722 -0.016021706807735233 -0.01217485384975742 -0.0022455331082179802 7240921.5000000009 79.16667392492694 3.7968819708391242
decision_type=2 2 2 2 2 2 2 2 2 2 2 2 2 2 2 2 2 2 2 2 2
left_child=1 9 3 -3 5 16 20 19 -9 12 -11 -12 13 -1 15 -7 18 -18 -2 -8 -6
right_child=4 2 -4 -5 6 14 7 8 -10 10 11 -13 -14 -15 -16 -17 17 -19 -20 -21 -22
leaf_value=-0.00016688108543468362 -6.7453818117131813e-05 0 9.1498218029399772e-06 -0.00017972913991510077 0 0 9.8180569791034828e-05 1.3665228209970479e-06 -3.0553027596984828e-05 4.8643618130156064e-05 0 -0.00023744761970019378 8.5406057708239339e-05 2.1458383815664326e-06 0 7.7071524546421227e-05 3.6616730705047735e-05 -2.5842428353000484e-05 0 0 -0.00013365540866280707
leaf_weight=25 79 41 33 40 26 28 32 741 256 39 42 33 56 2006 25 183 204 104 33 20 22
leaf_count=25 79 41 33 40 26 28 32 741 256 39 42 33 56 2006 25 183 204 104 33 20 22
internal_value=0 -2.52181e-06 -5.10415e-05 -0.000112536 2.98147e-06 1.90442e-05 -3.89033e-06 0 -3.82299e-06 0 -4.31353e-05 -0.000130808 2.35127e-06 0 5.73565e-05 6.66269e-05 0 5.78798e-06 -2.52476e-05 6.64435e-05 -8.1453e-05
internal_weight=4068 2315 114 81 1753 656 1097 1049 997 2201 114 75 2087 2031 236 211 420 308 112 52 48
internal_count=4068 2315 114 81 1753 656 1097 1049 997 2201 114 75 2087 2031 236 211 420 308 112 52 48
is_linear=0
shrinkage=0.03


Tree=315
num_leaves=28
num_cat=0
split_feature=28 28 21 5 32 29 20 1 30 31 0 29 32 2 32 19 20 5 32 24 24 35 32 5 30 35 5
split_gain=3.33261e-05 0.000236052 0.000244313 0.000296243 0.00027242 0.000208997 0.000432137 0.000200718 0.000436006 0.000713571 0.000666267 0.000599037 0.00078131 0.000386183 0.000369434 0.000252156 0.000175683 0.000154753 0.000467333 0.000272031 0.000112029 0.000106374 2.54621e-05 4.02751e-05 1.65181e-05 4.9603e-06 4.65925e-06
threshold=320597825.50000006 342225850.50000006 438.39500071207686 3205592.5000000005 0.02489717955116855 80.986704645422108 382.78000106811527 328.09999084472662 36.037987469291004 -0.021144797494271447 373.62655639648443 66.679623968539929 0.046548406844067032 314.50000000000006 -0.009754668129136777 298.67999877929691 290.50000076293946 3911005.0000000005 0.004141023184317639 1.6315498195797173 -0.57547068627816789 0.029175334746702582 0.0054022891421192662 2580708.5000000005 85.655778423565195 0.024475702932318395 3205592.5000000005
decision_type=2 2 2 2 2 2 2 2 2 2 2 2 2 2 2 2 2 2 2 2 2 2 2 2 2 2 2
left_child=7 17 5 -4 -5 6 -3 13 9 -9 -11 14 -13 15 -10 16 -1 22 19 -19 -17 25 23 -2 -7 -15 -24
right_child=1 2 3 4 -6 24 -8 8 11 10 -12 12 -14 21 -16 20 -18 18 -20 -21 -22 -23 26 -25 -26 -27 -28
leaf_value=-1.6492126291393833e-07 0 0 0 -0.00011039120854384508 0 -4.6835027951170608e-05 8.3280639020201705e-05 1.3678065761570672e-05 0 -0.00015545674733949031 0 0 -0.00021251862826666095 1.0297557462422171e-05 8.7564628971476482e-05 0 4.0561487523545236e-05 0.0001629475339462765 0 0 -9.1586749016097667e-05 0.00011414655598626086 3.1060299442938501e-05 -2.6127164821682421e-05 0 0 0
leaf_weight=2769 44 72 23 60 22 21 79 21 67 75 58 142 21 42 81 44 96 39 50 22 39 34 28 53 21 23 22
leaf_count=2769 44 72 23 60 22 21 79 21 67 75 58 142 21 42 81 44 96 39 50 22 39 34 28 53 21 23 22
internal_value=0 6.67098e-06 -3.53232e-06 -4.58137e-05 -7.7035e-05 3.94634e-06 3.2509e-05 -1.22216e-06 -1.99232e-05 -6.11919e-05 -9.55543e-05 0 -3.91342e-05 6.47808e-07 4.42011e-05 -3.06432e-07 1.54017e-07 3.00764e-05 5.79233e-05 0.000113949 -5.22824e-05 5.9307e-05 0 0 -2.73175e-05 0 2.1387e-05
internal_weight=4068 556 298 105 82 193 151 3512 465 154 133 311 163 3047 148 2948 2865 258 111 61 83 99 147 97 42 65 50
internal_count=4068 556 298 105 82 193 151 3512 465 154 133 311 163 3047 148 2948 2865 258 111 61 83 99 147 97 42 65 50
is_linear=0
shrinkage=0.03


Tree=316
num_leaves=25
num_cat=0
split_feature=30 33 35 35 28 5 31 36 31 35 36 33 30 35 28 28 35 33 5 26 20 23 4 35
split_gain=3.44058e-05 0.000167744 0.000408975 0.000343004 0.000363609 0.000189534 0.000149934 0.000372387 0.000163861 0.00024415 0.000203546 0.000328321 0.000173098 0.000140428 0.000549355 0.000646918 0.000287751 0.000268771 0.000239115 0.000225751 0.00013467 0.000106208 9.1642e-05 2.98303e-05
threshold=22.286073117350323 -0.01232443506742331 0.04365624384773991 0.025424898934198418 175355315.50000003 2302036.5000000005 -0.011105637742214456 -0.001943179129270146 -0.0076198084242355404 0.023472630129272507 -1.0000000180025095e-35 -0.0065172941176140356 17.078602307551119 0.018329998067869072 -61022630.499999993 -81280726.999999985 0.019699263346243747 0.02190955553723695 2469279.5000000005 3.5144377511046856 361.21499938964848 -1.2517083534272613 231.90000152587893 0.054991415128787656
decision_type=2 2 2 2 2 2 2 2 2 2 2 2 2 2 2 2 2 2 2 2 2 2 2 2
left_child=6 2 3 5 -5 -2 7 20 9 21 11 -10 -12 17 15 -15 -16 18 -3 -19 22 -8 -1 -4
right_child=1 13 23 4 -6 -7 8 -9 10 -11 12 -13 -14 14 16 -17 -18 19 -20 -21 -22 -23 -24 -25
leaf_value=0 0 -2.1748251536105254e-05 -0.00015540387213853823 6.32427402538685e-05 0 -2.8589581876105222e-05 -0.00012727484922339058 0.00014948618086265626 6.2962331293547376e-05 0 -2.9846940547758026e-05 0 7.9824298903870202e-06 0 4.2819549933831754e-05 0.00018883105804946756 -6.2461169761056622e-07 0 1.1100689236776038e-05 -5.1320609959359859e-05 6.2427511981499775e-05 0 -3.7045152547975339e-05 0
leaf_weight=92 51 254 22 106 116 486 28 22 122 25 167 54 144 26 144 33 1005 83 771 177 31 27 60 22
leaf_count=92 51 254 22 106 116 486 28 22 122 25 167 54 144 26 144 33 1005 83 771 177 31 27 60 22
internal_value=0 -1.47848e-06 -1.38453e-05 -4.46746e-06 2.09106e-05 -2.05464e-05 5.54739e-06 2.78168e-05 0 -4.1787e-05 3.95206e-06 3.27212e-05 -2.69095e-06 1.30198e-06 9.50875e-06 0.000100593 2.2126e-06 -4.07872e-06 3.26902e-08 -3.1815e-05 0 -8.07858e-05 0 -0.000107209
internal_weight=4068 3296 803 759 222 537 772 205 567 80 487 176 311 2493 1208 59 1149 1285 1025 260 183 55 152 44
internal_count=4068 3296 803 759 222 537 772 205 567 80 487 176 311 2493 1208 59 1149 1285 1025 260 183 55 152 44
is_linear=0
shrinkage=0.03


Tree=317
num_leaves=23
num_cat=0
split_feature=25 33 35 33 4 36 25 33 30 31 30 0 36 22 33 29 5 24 1 23 31 24
split_gain=3.52264e-05 0.000243905 0.000574156 0.000344513 0.000317647 0.000195554 0.000181851 0.00019541 0.000104708 0.000303688 0.000262055 0.000675725 0.000314014 0.000242937 0.000140418 6.78382e-05 6.22206e-05 0.000155358 6.18936e-05 0.000148976 4.64321e-05 3.34776e-06
threshold=1.975417229296998 0.038378142881777329 0.028421511628280004 0.056559516180024423 385.59999084472662 -0.0087563805745686802 1.7187143651758146 -0.0015463894735695536 78.246521683665591 0.0019531648287076657 58.988142675701305 315.48075866699224 -0.021626143837050086 65.936659938932451 0.015904595356521337 84.208304412062333 10335346.500000002 2.7843162837154414 328.09999084472662 2.8856872322143521 0.0039904585764163345 3.5272802816529323
decision_type=2 2 2 2 2 2 2 2 2 2 2 2 2 2 2 2 2 2 2 2 2 2
left_child=6 2 5 20 21 -2 8 -8 10 13 12 -12 -1 -10 -11 -7 -5 -18 19 -9 -3 -4
right_child=1 3 4 16 -6 15 7 18 9 14 11 -13 -14 -15 -16 -17 17 -19 -20 -21 -22 -23
leaf_value=-3.9813108645875418e-05 -5.957456043296344e-05 0 0 0 0 2.9871348335697874e-05 0 0 0 -4.4305284142798588e-05 0 -7.3171353631969012e-05 5.9819602270673852e-06 0.00010955322363972711 2.18768473979584e-06 0 9.0140723560538702e-05 0 0 -0.0001429329318898976 -0.00012623697153236655 0.00018874594030815375
leaf_weight=134 37 23 22 24 21 118 20 24 138 64 649 157 2287 48 115 28 24 31 26 26 23 29
leaf_count=134 37 23 22 24 21 118 20 24 138 64 649 157 2287 48 115 28 24 31 26 26 23 29
internal_value=0 8.55263e-06 3.00954e-05 -1.14026e-05 0.000101841 0 -1.02838e-06 -4.17572e-05 0 1.52878e-05 -1.66139e-06 -1.70002e-05 2.2066e-06 4.38997e-05 0 1.74182e-05 0 3.18796e-05 -6.71785e-05 -8.92573e-05 -8.41349e-05 0.000142227
internal_weight=4068 380 255 125 72 183 3688 96 3592 365 3227 806 2421 186 179 146 79 55 76 50 46 51
internal_count=4068 380 255 125 72 183 3688 96 3592 365 3227 806 2421 186 179 146 79 55 76 50 46 51
is_linear=0
shrinkage=0.03


Tree=318
num_leaves=27
num_cat=0
split_feature=28 20 20 24 24 0 19 19 4 35 3 28 35 31 32 0 25 35 31 35 5 19 35 32 29 5
split_gain=3.64826e-05 0.000237538 0.000425124 0.000587674 0.00100053 0.000726164 0.000409066 0.000339289 0.000441493 0.000780804 0.000250965 0.000735481 0.000454041 0.000187511 0.000715613 0.000254874 0.000460237 0.000355467 0.000394815 0.00026758 0.000172216 0.000128747 9.22919e-05 6.79141e-05 4.59439e-05 3.78223e-05
threshold=111666764.00000001 265.95499839782718 290.50000076293946 1.4040205838774986 -1.5884643994000465 225.15212249755862 290.10000610351568 254.59999847412112 267.10000610351568 0.015715448198525807 220.09999847412112 150902738.00000003 0.02500001362391881 0.023505611757706938 0.023142972704221058 157.61402893066409 -0.65846831692118524 0.016042746152190621 -0.017139587352575755 0.013241073101759289 7240921.5000000009 248.44000244140628 0.020017114628831253 0.041609875233997513 83.853078821834188 15127467.000000002
decision_type=2 2 2 2 2 2 2 2 2 2 2 2 2 2 2 2 2 2 2 2 2 2 2 2 2 2
left_child=13 7 3 4 -3 -5 -4 10 9 -9 11 -2 -12 15 -15 17 22 19 -19 -1 -8 -18 -17 -16 -25 -10
right_child=1 2 6 5 -6 -7 20 8 25 -11 12 -13 -14 14 23 16 21 18 -20 -21 -22 -23 -24 24 -26 -27
leaf_value=0 0 0 9.9468205209961698e-05 5.7879953854149115e-05 -0.00018661463795066231 -6.3070237497539651e-05 -5.8801542918836124e-06 0 -4.1906474702709529e-06 0.00018749484447272465 0 0.00015845954914526434 -7.0307876227614828e-05 -0.00017863080040324243 2.8416032496749178e-05 5.5362851628724378e-05 -7.8800492575793865e-05 -1.2915114880367493e-05 3.2716414732204447e-05 -3.427396772591671e-05 2.2731807893857702e-05 0 0 -4.4687151679775118e-05 0 4.0498786395651957e-05
leaf_weight=506 194 55 38 88 52 90 984 35 61 46 252 34 89 26 40 27 119 130 584 246 234 20 43 35 20 20
leaf_count=506 194 55 38 88 52 90 984 35 61 46 252 34 89 26 40 27 119 130 584 246 234 20 43 35 20 20
internal_value=0 2.37551e-06 -2.69431e-06 -3.67478e-05 -9.23753e-05 0 2.64676e-06 1.71654e-05 5.66681e-05 0.000106386 6.39101e-07 2.91859e-05 -9.65577e-06 -3.33802e-06 -3.94818e-05 0 -3.16506e-05 3.68595e-06 2.02064e-05 -8.01147e-06 0 -6.69604e-05 0 0 -2.28397e-05 0
internal_weight=4068 2272 1541 285 107 178 1256 731 162 81 569 228 341 1796 121 1675 209 1466 714 752 1218 139 70 95 55 81
internal_count=4068 2272 1541 285 107 178 1256 731 162 81 569 228 341 1796 121 1675 209 1466 714 752 1218 139 70 95 55 81
is_linear=0
shrinkage=0.03


Tree=319
num_leaves=24
num_cat=0
split_feature=28 4 1 32 34 33 29 1 25 28 33 27 27 27 26 28 32 4 28 29 29 35 20
split_gain=3.65964e-05 0.000305285 0.000201838 0.000283559 0.000386794 0.000343289 0.00026306 0.000233213 0.000377594 0.000271177 0.000175042 0.000154832 0.000568842 0.000208575 0.000518213 0.000181571 0.00015011 0.000146926 0.000257648 0.000175672 8.38882e-05 7.75635e-05 7.26911e-05
threshold=29140289.500000004 173.25000000000003 132.05000305175784 -0.008687129251744528 -0.024540060582880104 0.00071618993266009412 16.876559474072518 126.45000076293947 0.054303450887446265 -22676472.499999996 -0.030758224416816079 0.03534116419179132 0.0066207865314672791 0.24654260873179024 10.692691686303826 111666764.00000001 -0.022816942088416999 124.90000152587892 -75383316.999999985 12.796200724299936 13.481866189998016 0.01719674192573158 286.15500183105473
decision_type=2 2 2 2 2 2 2 2 2 2 2 2 2 2 2 2 2 2 2 2 2 2 2
left_child=2 21 7 6 -5 -6 10 17 -9 -10 -4 12 22 14 -13 -15 -8 19 -19 -1 -14 -2 -3
right_child=1 11 3 4 5 -7 16 8 9 -11 -12 13 20 15 -16 -17 -18 18 -20 -21 -22 -23 -24
leaf_value=6.3412699611172578e-05 0 -2.5844286636812869e-05 -8.8450776044746472e-05 1.2232330894077059e-05 -0.00010801275974406532 -1.2680208529080731e-05 8.3429984000904891e-05 0 0.00010739095066556122 0 0 0 0 -1.3856407127118228e-05 -8.7636176447865947e-05 6.7870874789097196e-06 0 0 -8.5604667975873997e-05 -1.7067357621707049e-06 0.00014948861387195978 7.9941919561308175e-05 1.5207367728072439e-05
leaf_weight=39 25 76 31 27 92 215 41 78 69 22 23 458 25 455 86 1701 84 20 50 301 32 55 63
leaf_count=39 25 76 31 27 92 215 41 78 69 22 23 458 25 455 86 1701 84 20 50 301 32 55 63
internal_value=0 1.59425e-06 -4.82005e-06 -1.97859e-05 -3.6947e-05 -5.10436e-05 0 3.26055e-06 3.54929e-05 7.79018e-05 -3.98181e-05 0 2.57351e-05 -1.87305e-06 -1.89246e-05 1.03866e-06 3.47401e-05 -2.71561e-06 -4.3926e-05 0 0.000106021 5.93684e-05 0
internal_weight=4068 2976 1092 513 334 307 179 579 169 91 54 2896 196 2700 544 2156 125 410 70 340 57 80 139
internal_count=4068 2976 1092 513 334 307 179 579 169 91 54 2896 196 2700 544 2156 125 410 70 340 57 80 139
is_linear=0
shrinkage=0.03


Tree=320
num_leaves=25
num_cat=0
split_feature=28 28 33 29 33 24 26 4 35 28 36 0 36 26 26 36 22 25 22 31 20 28 32 33
split_gain=3.45035e-05 0.000227558 0.000296784 0.000526284 0.000294762 0.00018679 0.000163199 0.000341623 0.000270128 0.000154838 0.000401196 0.000541472 0.0004644 0.000171324 0.0012365 0.000515749 0.000528864 0.000284205 0.000274203 0.000149144 8.37698e-05 2.88877e-05 8.41976e-06 1.50907e-06
threshold=320597825.50000006 342225850.50000006 -0.012563345632644328 28.818017959355117 0.034081205269605237 2.5825093209491965 9.185344715469796 456.10000610351568 0.016155184436897004 261528040.50000003 -0.010638279275076415 373.62655639648443 0.01520133802566874 11.620576640874765 11.085148646253968 -0.0027939862599120715 49.880401110862579 -2.3918279557443807 53.383957007286817 0.0079707645697447722 410.52499847412116 285442108.50000006 0.0068597133224933557 -1.0000000180025095e-35
decision_type=2 2 2 2 2 2 2 2 2 2 2 2 2 2 2 2 2 2 2 2 2 2 2 2
left_child=9 6 3 -3 5 -4 -2 8 -8 13 20 12 -12 14 17 18 -17 -1 -15 -6 21 -11 -13 -9
right_child=1 2 4 -5 19 -7 7 23 -10 10 11 22 -14 15 -16 16 -18 -19 -20 -21 -22 -23 -24 -25
leaf_value=4.6770277797056789e-05 0 0 0 -0.00013954288770782019 0 6.1436324712679352e-05 0 4.9203270962237676e-06 0.000132017818999432 0 -0.00011848390600711694 0 0 2.4870529311639442e-05 -0.00016876603450725577 0 0.000139570545985981 -3.5587895993120829e-07 -7.2164555834368585e-05 -7.0211892364628218e-05 0 7.4891825888434612e-05 -1.1136545223788296e-05 0
leaf_weight=117 87 36 64 38 22 97 21 56 53 20 98 102 26 36 39 28 56 2840 43 41 22 24 61 41
leaf_count=117 87 36 64 38 22 97 21 56 53 20 98 102 26 36 39 28 56 2840 43 41 22 24 61 41
internal_value=0 6.81376e-06 -2.95939e-06 -6.01657e-05 2.57067e-06 3.50919e-05 2.97223e-05 4.68087e-05 9.59609e-05 -1.22088e-06 -2.02358e-05 -4.05417e-05 -8.79166e-05 0 -7.1182e-07 3.05953e-05 8.56428e-05 4.95779e-07 0 -3.29196e-05 2.26063e-05 4.97551e-05 0 0
internal_weight=4068 556 298 74 224 161 258 171 74 3512 353 287 124 3159 2996 163 84 2957 79 63 66 44 163 97
internal_count=4068 556 298 74 224 161 258 171 74 3512 353 287 124 3159 2996 163 84 2957 79 63 66 44 163 97
is_linear=0
shrinkage=0.03


Tree=321
num_leaves=18
num_cat=0
split_feature=28 4 31 24 25 0 29 21 23 36 31 20 23 22 36 35 5
split_gain=3.40423e-05 0.000288664 0.000275541 0.000309965 0.000288319 0.000374029 0.000224222 0.000479954 0.000138611 0.00115581 0.000791027 0.000467668 0.000305145 0.000368742 0.000314436 7.16341e-05 6.82005e-05
threshold=29140289.500000004 173.25000000000003 0.024592826471283694 -0.84804568239900624 -1.0346564898020276 95.039268493652358 16.666421802018153 145.63999983469648 -3.6475581393950445 -0.021626143837050086 -0.012809660730515258 267.31999855041505 -1.3345389962903764 52.175876247619065 -0.016666684416211528 0.01719674192573158 2436695.5000000005
decision_type=2 2 2 2 2 2 2 2 2 2 2 2 2 2 2 2 2
left_child=2 15 4 -4 5 -1 7 -6 9 11 -11 -3 13 -10 -14 -2 -8
right_child=1 8 3 -5 6 -7 16 -9 12 10 -12 -13 14 -15 -16 -17 -18
leaf_value=0.0001290249060970851 0 0 -0.00012180312471075179 0 0 0 -1.5918797859863551e-05 -0.00015631779257682359 -4.4817440754828991e-05 0.00010021119038518897 4.1178812523669442e-06 -0.00020580693003560959 3.8074488385622418e-05 7.9796833886641487e-06 -2.641736701497341e-06 7.7558673474413802e-05 5.0383506484948913e-06
leaf_weight=34 25 20 37 31 104 50 179 27 314 115 491 26 187 58 1685 55 630
leaf_count=34 25 20 37 31 104 50 179 27 314 115 491 26 187 58 1685 55 630
internal_value=0 1.55294e-06 -4.6349e-06 -6.31349e-05 0 5.2415e-05 -5.49983e-06 -4.19069e-05 0 1.21741e-05 2.73166e-05 -0.000121862 -3.53879e-06 -2.85234e-05 0 5.77323e-05 0
internal_weight=4068 2976 1092 68 1024 84 940 131 2896 652 606 46 2244 372 1872 80 809
internal_count=4068 2976 1092 68 1024 84 940 131 2896 652 606 46 2244 372 1872 80 809
is_linear=0
shrinkage=0.03


Tree=322
num_leaves=9
num_cat=0
split_feature=35 36 31 33 27 22 5 33
split_gain=3.29749e-05 0.000377966 0.000217692 0.00067967 0.000360035 0.000272177 0.000142737 0.000136962
threshold=0.064830555251102193 -0.024623202840402172 -0.047537407576011707 -0.052991664392439845 -0.097571628179887418 43.654746400570268 20689506.000000004 -0.045081004107045013
decision_type=2 2 2 2 2 2 2 2
left_child=2 -2 -1 4 -4 -6 7 -5
right_child=1 -3 3 6 5 -7 -8 -9
leaf_value=9.6106845520631338e-05 0 9.7164199849807405e-05 -0.00021685258283821946 4.0124357114104785e-05 0 -8.6290940299089922e-05 -6.2649246777416525e-05 0
leaf_weight=20 21 39 20 78 42 33 32 3783
leaf_count=20 21 39 20 78 42 33 32 3783
internal_value=0 2.19549e-05 -4.20314e-07 -1.65904e-06 -8.09174e-05 -4.48083e-06 0 8.00259e-07
internal_weight=4068 60 4008 3988 95 75 3893 3861
internal_count=4068 60 4008 3988 95 75 3893 3861
is_linear=0
shrinkage=0.03


Tree=323
num_leaves=26
num_cat=0
split_feature=28 20 20 24 24 22 1 19 36 35 25 4 35 24 34 26 3 4 25 21 30 36 20 31 30
split_gain=3.32599e-05 0.00022309 0.000395301 0.000550199 0.000923257 0.000690487 0.000387222 0.000319949 0.000559013 0.00030544 0.000241046 0.00036795 0.000246112 0.000215546 0.000192174 0.000177849 0.000393563 0.000879421 0.000329735 8.11295e-05 0.000202668 0.000256397 0.000105872 0.000154682 9.51242e-05
threshold=111666764.00000001 265.95499839782718 290.50000076293946 1.4040205838774986 -1.5884643994000465 53.383957007286817 291.89999389648443 254.59999847412112 -0.0090168468566471666 0.015715448198525807 1.0830891813854981 241.70000457763675 0.025587589396160192 -2.6963374018852613 0.019199085096480387 3.5402472231932687 120.54999923706056 131.94999694824222 -0.67635984057563325 120.53166681925457 77.945958413701689 -0.0045274576634573823 106.74000015258791 -0.0092302639967249394 72.356156481421237
decision_type=2 2 2 2 2 2 2 2 2 2 2 2 2 2 2 2 2 2 2 2 2 2 2 2 2
left_child=15 7 3 4 -3 -5 13 10 -9 -10 12 -12 -2 -4 -8 19 -17 -18 -19 22 24 -22 -1 -24 -21
right_child=1 2 6 5 -6 -7 14 8 9 -11 11 -13 -14 -15 -16 16 17 18 -20 20 21 -23 23 -25 -26
leaf_value=0 3.0801576847199766e-05 0 0.00013305561493489278 7.760727735897661e-05 -0.00017976812540371179 -4.6163462135126782e-05 -9.3842097250432066e-06 0 0 0.00012913202413106302 0 -9.2695151933436067e-05 -6.5023861209322489e-06 0 1.6208941714076278e-05 7.2634650823467733e-05 -0.00020782730543514734 1.0598544084837621e-05 -2.9157228968372395e-05 4.4032590730942433e-06 0.00010010717593333199 0 0 -6.670325136519518e-05 -3.1026743113769728e-05
leaf_weight=34 344 55 31 62 52 116 812 43 43 76 75 51 99 27 386 27 25 191 432 786 46 100 23 59 73
leaf_count=34 344 55 31 62 52 116 812 43 43 76 75 51 99 27 386 27 25 191 432 786 46 100 23 59 73
internal_value=0 2.32331e-06 -2.53572e-06 -3.54152e-05 -8.92317e-05 0 2.53888e-06 1.66688e-05 5.50344e-05 9.13596e-05 4.66543e-07 -2.9254e-05 1.5695e-05 7.83431e-05 0 -3.13653e-06 -1.60295e-05 -2.43634e-05 -1.21545e-05 1.95166e-06 6.9701e-06 3.9783e-05 -1.56558e-05 -3.88227e-05 0
internal_weight=4068 2272 1541 285 107 178 1256 731 162 119 569 126 443 58 1198 1796 675 648 623 1121 1005 146 116 82 859
internal_count=4068 2272 1541 285 107 178 1256 731 162 119 569 126 443 58 1198 1796 675 648 623 1121 1005 146 116 82 859
is_linear=0
shrinkage=0.03


Tree=324
num_leaves=23
num_cat=0
split_feature=28 28 33 29 27 27 28 26 2 23 28 36 0 36 26 26 36 27 27 34 19 32
split_gain=3.16512e-05 0.000219162 0.000272942 0.000498943 0.000303645 0.000306914 0.000209517 0.000152533 0.000260334 0.000183114 0.000138881 0.000379882 0.000507901 0.000433845 0.000158898 0.00116042 0.000477199 0.000582942 0.000332483 0.000158609 7.98119e-05 7.741e-06
threshold=320597825.50000006 342225850.50000006 -0.012563345632644328 28.818017959355117 0.71386894197415607 0.57299976227614235 371336128.00000006 9.185344715469796 465.10000610351568 2.4929184844610366 261528040.50000003 -0.010638279275076415 373.62655639648443 0.01520133802566874 11.620576640874765 11.085148646253968 -0.0027939862599120715 0.37527244899297379 0.58787975270279846 0.036505321328236702 409.34000244140628 0.0068597133224933557
decision_type=2 2 2 2 2 2 2 2 2 2 2 2 2 2 2 2 2 2 2 2 2 2
left_child=10 7 3 -3 5 -4 -6 -2 9 -9 14 20 13 -13 15 19 18 -18 -16 -1 -12 -14
right_child=1 2 4 -5 6 -7 -8 8 -10 -11 11 12 21 -15 16 -17 17 -19 -20 -21 -22 -23
leaf_value=4.3573532488227813e-06 0 0 0 -0.00013518875698315154 -4.8181614360048184e-05 0.00012365355941419226 0 0.00011028792374207218 0 0 4.863800780513469e-05 -0.00011450790288389607 0 0 3.0645925746900648e-05 -0.00016347748120622787 0 0.00013075243854385261 -8.0062677203439654e-05 -1.4697520764906807e-05 0 -1.0678230623904964e-05
leaf_weight=2514 87 36 53 38 87 35 49 62 86 23 44 98 102 26 38 39 20 64 41 443 22 61
leaf_count=2514 87 36 53 38 87 35 49 62 86 23 44 98 102 26 38 39 20 64 41 443 22 61
internal_value=0 6.59098e-06 -2.85947e-06 -5.77662e-05 1.91017e-06 5.43733e-05 -1.0009e-05 2.91269e-05 4.56299e-05 8.33033e-05 -1.11016e-06 -1.91376e-05 -3.90911e-05 -8.49625e-05 0 -6.50719e-07 2.94794e-05 8.24144e-05 0 4.87758e-07 2.2172e-05 0
internal_weight=4068 556 298 74 224 88 136 258 171 85 3512 353 287 124 3159 2996 163 84 79 2957 66 163
internal_count=4068 556 298 74 224 88 136 258 171 85 3512 353 287 124 3159 2996 163 84 79 2957 66 163
is_linear=0
shrinkage=0.03


Tree=325
num_leaves=25
num_cat=0
split_feature=28 4 27 27 27 5 27 21 27 26 21 21 32 27 30 34 30 30 27 34 32 35 20 0
split_gain=3.19273e-05 0.000273894 0.000149105 0.000531277 0.000201791 0.000476765 0.000167345 0.000132788 0.000219649 0.000210656 0.000203234 0.000252074 0.000190265 0.000422055 0.000293822 0.000217221 0.000308229 0.000175709 0.000173473 0.000129377 7.34181e-05 6.52657e-05 6.31507e-05 1.27692e-05
threshold=29140289.500000004 173.25000000000003 0.03534116419179132 0.0066207865314672791 0.24654260873179024 3056529.0000000005 0.75504994212241505 127.68750000000001 0.37527244899297379 2.9378726668174124 120.53166681925457 125.05166695912679 -0.012833768316466708 0.070856411224573257 15.751722019961667 -0.024540060582880104 65.670049056460329 16.348945891914124 0.6027225353342841 -1.0000000180025095e-35 -0.010919763586652363 0.01719674192573158 286.15500183105473 282.74955749511724
decision_type=2 2 2 2 2 2 2 2 2 2 2 2 2 2 2 2 2 2 2 2 2 2 2 2
left_child=7 21 3 22 5 -4 -6 8 10 18 -1 -12 13 14 -9 17 -17 -14 -10 -15 -11 -2 -3 -5
right_child=1 2 4 23 6 -7 -8 12 9 20 11 -13 15 19 -16 16 -18 -19 -20 -21 -22 -23 -24 -25
leaf_value=0 0 -2.3930072356853754e-05 1.9666858378417917e-05 0.00012879123154875752 8.7384056484593115e-06 -3.6728933271973792e-05 -7.8854563233094713e-06 0 -2.2983309215268628e-05 0 0.00010264397827601228 0 -1.4956528536936972e-05 6.6679176281540922e-05 -8.1831511324548833e-05 -5.4317121999823975e-05 0 6.1491899641737e-05 2.6694332199211016e-05 0 -7.3064749399189178e-05 7.5328861616345662e-05 1.4494728076894559e-05 0
leaf_weight=34 25 76 122 37 1343 422 813 41 66 20 58 40 29 85 57 264 106 40 170 34 48 55 63 20
leaf_count=34 25 76 122 37 1343 422 813 41 66 20 58 40 29 85 57 264 106 40 170 34 48 55 63 20
internal_value=0 1.57875e-06 0 2.53223e-05 -1.76922e-06 -1.85664e-05 1.07828e-06 -4.41803e-06 3.64124e-06 -1.91459e-06 3.91383e-05 6.26677e-05 -1.43467e-05 0 -3.4671e-05 -2.64107e-05 -3.68212e-05 0 9.11019e-08 4.68957e-05 -5.29183e-05 5.63033e-05 0 0.00010284
internal_weight=4068 2976 2896 196 2700 544 2156 1092 436 304 132 98 656 217 98 439 370 69 236 119 68 80 139 57
internal_count=4068 2976 2896 196 2700 544 2156 1092 436 304 132 98 656 217 98 439 370 69 236 119 68 80 139 57
is_linear=0
shrinkage=0.03


Tree=326
num_leaves=26
num_cat=0
split_feature=28 20 20 24 24 0 19 19 36 33 3 28 35 31 32 0 25 36 35 33 35 5 19 32 29
split_gain=3.11978e-05 0.000207371 0.000365791 0.000521408 0.000862329 0.000670506 0.000366223 0.000306823 0.000537243 0.000344166 0.000227783 0.000684377 0.000423955 0.000164249 0.000652393 0.000228807 0.000423571 0.000472836 0.000320649 0.000391724 0.000250077 0.00016193 8.80748e-05 6.35096e-05 4.07429e-05
threshold=111666764.00000001 265.95499839782718 290.50000076293946 1.4040205838774986 -1.5884643994000465 225.15212249755862 290.10000610351568 254.59999847412112 -0.0090168468566471666 0.039623829219932578 220.09999847412112 150902738.00000003 0.02500001362391881 0.023505611757706938 0.023142972704221058 157.61402893066409 -0.65846831692118524 0.00177184667565386 0.016042746152190621 -0.0074352647771824812 0.013241073101759289 7240921.5000000009 248.44000244140628 0.041609875233997513 83.853078821834188
decision_type=2 2 2 2 2 2 2 2 2 2 2 2 2 2 2 2 2 2 2 2 2 2 2 2 2
left_child=13 7 3 4 -3 -5 -4 10 -9 -10 11 -2 -12 15 -15 18 22 -18 20 -20 -1 -8 -17 -16 -25
right_child=1 2 6 5 -6 -7 21 8 9 -11 12 -13 -14 14 23 16 17 -19 19 -21 -22 -23 -24 24 -26
leaf_value=0 0 0 9.4147995861401174e-05 5.6334559247201621e-05 -0.00017383461019335737 -5.9953970703645604e-05 -5.6565955671497672e-06 0 0.00012243102466386903 0 0 0.0001523014692684548 -6.796330943200362e-05 -0.00016957801642249624 2.8487172681965861e-05 4.1023868782694924e-05 -0.00011203349063176764 0 0 4.0117302065827221e-05 -3.2795041851508817e-05 2.2091483034859807e-05 0 -4.1785401731936461e-05 0
leaf_weight=506 194 55 38 88 52 90 984 43 84 35 252 34 89 26 40 47 79 60 328 386 246 234 23 35 20
leaf_count=506 194 55 38 88 52 90 984 43 84 35 252 34 89 26 40 47 79 60 328 386 246 234 23 35 20
internal_value=0 2.34611e-06 -2.2667e-06 -3.39713e-05 -8.63345e-05 0 2.5412e-06 1.61726e-05 5.36937e-05 8.93514e-05 2.10943e-07 2.77013e-05 -9.37736e-06 -2.94445e-06 -3.67324e-05 0 -2.98296e-05 -6.38604e-05 3.68128e-06 1.94028e-05 -7.25759e-06 0 0 0 -2.11368e-05
internal_weight=4068 2272 1541 285 107 178 1256 731 162 119 569 228 341 1796 121 1675 209 139 1466 714 752 1218 70 95 55
internal_count=4068 2272 1541 285 107 178 1256 731 162 119 569 228 341 1796 121 1675 209 139 1466 714 752 1218 70 95 55
is_linear=0
shrinkage=0.03


Tree=327
num_leaves=23
num_cat=0
split_feature=30 24 26 33 35 31 33 30 31 1 33 24 30 26 36 36 27 31 33 33 36 27
split_gain=3.17821e-05 0.000259288 0.000162165 0.000157234 0.000288993 0.000384348 0.00077059 0.000278842 0.000408554 0.000274241 0.000237141 0.000734106 0.00105894 0.000223536 0.000186327 0.000741357 0.000265114 7.25459e-05 7.1837e-05 0.000161495 0.000236431 3.93619e-05
threshold=85.655778423565195 -0.20801324203112212 6.3114297582686616 0.011681944588277539 0.018329998067869072 0.00081333293100671622 0.031324767746783506 73.801020258109233 0.0020768646178237486 374.69999694824224 -0.00075417066688626677 5.1443041251500281 56.904426162461029 2.6788182601998107 0.0027559412343320243 0.0056114963896523604 0.62474223952731778 0.0041716136929963463 0.02190955553723695 0.078994317100845382 0.020383551682861833 0.86578266792356418
decision_type=2 2 2 2 2 2 2 2 2 2 2 2 2 2 2 2 2 2 2 2 2 2
left_child=3 2 -2 10 7 6 -6 8 -5 -7 14 13 -13 -12 16 -16 -1 -9 21 20 -20 -3
right_child=1 18 -4 4 5 9 -8 17 -10 -11 11 12 -14 -15 15 -17 -18 -19 19 -21 -22 -23
leaf_value=1.3326620870139961e-06 -0.00010913249633052724 6.0114727312720359e-05 0 -6.5974601596973276e-05 0 2.040074073553805e-05 0.00015226905533579773 4.4134163353429085e-05 0 -3.0180138914235498e-05 2.2039130507412776e-05 -0.00029456299465365914 0 -1.6676348335177422e-05 7.6912311471536332e-05 0 -3.2050280451736297e-05 0 -6.9609175301927749e-05 0 0 0
leaf_weight=1291 34 26 20 123 101 398 61 77 201 99 145 21 43 493 141 339 235 60 75 20 21 44
leaf_count=1291 34 26 20 123 101 398 61 77 201 99 145 21 43 493 141 339 235 60 75 20 21 44
internal_value=0 -1.0569e-05 -6.93486e-05 6.82655e-07 1.07021e-05 2.42109e-05 6.67906e-05 -2.10364e-06 -2.27751e-05 4.28623e-06 -2.35375e-06 -1.78409e-05 -0.000117019 -3.17384e-06 1.57118e-06 1.86761e-05 -1.84419e-06 2.48828e-05 0 -7.04319e-06 -3.96531e-05 2.89852e-05
internal_weight=4068 240 54 3828 1120 659 162 461 324 497 2708 702 64 638 2006 480 1526 137 186 116 96 70
internal_count=4068 240 54 3828 1120 659 162 461 324 497 2708 702 64 638 2006 480 1526 137 186 116 96 70
is_linear=0
shrinkage=0.03


Tree=328
num_leaves=21
num_cat=0
split_feature=27 25 26 35 23 34 19 27 25 33 5 33 26 35 35 31 34 22 33 27
split_gain=3.05755e-05 0.000323209 0.000350411 0.00033598 0.000414936 0.000286169 0.000758564 0.000248518 0.000235032 0.000720409 0.00037333 0.000315037 0.000679304 0.000275825 0.000269833 0.000222461 0.000192413 0.000192192 0.000244864 8.98448e-05
threshold=0.57016153316312479 0.16891628846157961 15.660529270434274 0.038221958574974353 5.7844915171517508 0.028650137337075558 278.21999511718758 0.46595550272509278 0.16891628846157961 -0.0059770233230030936 2358724.5000000005 -0.0044204609417658461 10.562748989976134 0.019699263346243747 0.015976606928749703 -0.0078063695625798504 -0.0038228985447049664 64.200191969071753 -0.015057830435752371 0.62474223952731778
decision_type=2 2 2 2 2 2 2 2 2 2 2 2 2 2 2 2 2 2 2 2
left_child=5 15 3 16 -5 8 7 -7 11 14 -11 13 -13 -1 -10 19 -3 18 -17 -2
right_child=1 2 -4 4 -6 6 -8 -9 9 10 -12 12 -14 -15 -16 17 -18 -19 -20 -21
leaf_value=1.7832157174471346e-05 0 -3.806152794522481e-05 -0.0001105091071218632 0 0.00010152426629525382 0 7.1859284897765306e-06 -0.00017107435218912046 -7.0699173980707142e-05 0 0.00010399547926986816 -5.602485777622175e-06 -0.00011612098496687303 -9.0433782125781261e-06 4.3197448972208512e-06 0 0 0 6.1515845008795883e-05 -5.1830377067327859e-05
leaf_weight=672 21 137 26 80 63 41 33 40 48 21 108 588 66 568 130 23 1085 51 237 30
leaf_count=672 21 137 26 80 63 41 33 40 48 21 108 588 66 568 130 23 1085 51 237 30
internal_value=0 3.03519e-06 -1.5564e-06 0 4.39919e-05 -2.21591e-06 -4.85477e-05 -0.000108226 0 2.45269e-05 8.03319e-05 -3.76061e-06 -2.13582e-05 3.10253e-06 0 2.89591e-05 -4.56269e-06 4.02453e-05 5.10127e-05 0
internal_weight=4068 1753 1391 1365 143 2315 114 81 2201 307 129 1894 654 1240 178 362 1222 311 260 51
internal_count=4068 1753 1391 1365 143 2315 114 81 2201 307 129 1894 654 1240 178 362 1222 311 260 51
is_linear=0
shrinkage=0.03


Tree=329
num_leaves=21
num_cat=0
split_feature=20 2 21 26 26 26 5 25 21 0 21 26 25 27 33 5 27 26 20 5
split_gain=3.08457e-05 0.000656915 0.000445654 0.000258711 0.000708848 0.000396019 0.000412495 0.000316115 0.000195013 0.000373586 0.000368537 0.000293867 0.000134021 0.000278772 0.000242898 0.000589406 0.000147641 0.000102629 5.28815e-05 0.000167342
threshold=371.67000198364263 378.50000000000006 346.88999913533536 11.431087175596803 11.085148646253968 12.867896489133537 4180124.5000000005 -2.3918279557443807 428.66000061035163 394.49014282226568 370.11166712443043 7.8110746500484431 0.53629890497275767 0.41429225740726067 0.022758971006623278 3287771.0000000005 0.030951248612405873 13.36276498518602 430.97500000000008 4020438.5000000005
decision_type=2 2 2 2 2 2 2 2 2 2 2 2 2 2 2 2 2 2 2 2
left_child=1 3 -3 4 7 6 -5 -1 9 10 -2 -12 13 16 15 -14 -10 -7 19 -11
right_child=8 2 -4 5 -6 17 -8 -9 12 18 11 -13 14 -15 -16 -17 -18 -19 -20 -21
leaf_value=4.5010703116421644e-05 0 -0.00020777744241058825 0 0 -0.0001441662786326332 -6.3474806598321428e-05 0.00012482961610467563 -2.2324886717507629e-06 8.8313842353113307e-06 0 0 0.000109923031724504 0 6.7293667278876042e-05 0 -0.00015158580826002117 -3.0451604076684416e-05 9.9612997972306503e-06 2.5088539234681885e-05 -4.6479797663525726e-05
leaf_weight=133 42 23 23 21 31 21 61 2979 29 76 40 93 29 53 35 38 152 74 33 82
leaf_count=133 42 23 23 21 31 21 61 2979 29 76 40 93 29 53 35 38 152 74 33 82
internal_value=0 -1.21254e-06 -0.00011372 0 -1.63643e-06 3.55979e-05 8.41118e-05 0 5.7001e-06 2.29332e-05 5.49529e-05 8.04035e-05 -4.14697e-06 0 -3.51851e-05 -7.17055e-05 -7.59081e-06 0 0 -1.30098e-05
internal_weight=4068 3366 46 3320 3143 177 82 3112 702 366 175 133 336 234 102 67 181 95 191 158
internal_count=4068 3366 46 3320 3143 177 82 3112 702 366 175 133 336 234 102 67 181 95 191 158
is_linear=0
shrinkage=0.03


Tree=330
num_leaves=23
num_cat=0
split_feature=28 25 33 29 23 33 4 26 1 3 32 26 19 22 4 26 20 28 1 0 24 0
split_gain=3.40026e-05 0.000220222 0.000262424 0.00045493 0.000241124 0.000220737 0.000306612 0.000233847 0.00017593 0.000415969 0.000405101 0.000524229 0.000372105 0.000631096 0.000308882 0.000164527 0.000318929 0.000106173 0.000102683 0.000366133 0.000362906 4.74106e-05
threshold=320597825.50000006 -1.4451416365805982 -0.009829611635280287 27.907490802916662 0.5419755275312782 0.018577425229907133 472.89999389648443 9.4875459216098772 328.09999084472662 357.59999084472662 -0.019617470221533869 11.620576640874765 365.96000671386724 66.218140364579639 318.19999694824224 9.527346363755461 406.93500061035166 197679511.50000003 289.10000610351568 255.01079559326175 -3.1534849439066734 404.53211975097662
decision_type=2 2 2 2 2 2 2 2 2 2 2 2 2 2 2 2 2 2 2 2 2 2
left_child=8 5 3 -3 -5 6 7 -2 14 10 -10 -12 -11 -14 18 16 -4 -16 19 -1 -20 -17
right_child=1 2 15 4 -6 -7 -8 -9 9 12 11 -13 13 -15 17 21 -18 -19 20 -21 -22 -23
leaf_value=0 0 0 8.0286150996156046e-05 0 -0.00013743633409707347 0 0 0.000132136689239544 0 0.00012184022481960708 -0.0001194953189442799 0 0 -0.00015443718480381 0 -2.2388579033003419e-05 0 9.7885367563193832e-05 7.9092831256756294e-06 7.8993091987193383e-05 -5.1269714431704192e-05 3.6844986278011038e-07
leaf_weight=2709 26 39 72 22 44 21 31 52 46 22 96 46 231 24 21 85 66 39 68 53 157 98
leaf_count=2709 26 39 72 22 44 21 31 52 46 22 96 46 231 24 21 85 66 39 68 53 157 98
internal_value=0 6.88943e-06 0 -4.43308e-05 -9.65347e-05 4.1549e-05 6.22859e-05 9.46189e-05 -1.09453e-06 -1.86317e-05 -5.33726e-05 -7.96022e-05 0 -5.17013e-06 5.97786e-07 9.60714e-06 3.58724e-05 6.81442e-05 0 8.11663e-07 -2.00615e-05 0
internal_weight=4068 556 426 105 66 130 109 78 3512 465 188 142 277 255 3047 321 138 60 2987 2762 225 183
internal_count=4068 556 426 105 66 130 109 78 3512 465 188 142 277 255 3047 321 138 60 2987 2762 225 183
is_linear=0
shrinkage=0.03


Tree=331
num_leaves=18
num_cat=0
split_feature=28 4 31 32 25 19 27 21 27 27 31 31 32 29 31 29 35
split_gain=3.40553e-05 0.000257265 0.000237612 0.000490025 0.000268887 0.000347685 0.000226881 0.000407079 0.000135603 0.00049402 0.000205321 0.000199521 0.000676747 0.000173714 9.96524e-05 5.78962e-05 5.71627e-05
threshold=29140289.500000004 173.25000000000003 0.024592826471283694 0.026915751744765907 -1.0346564898020276 150.72000122070315 0.03534116419179132 145.63999983469648 0.03534116419179132 0.0066207865314672791 -0.01092042892591044 -0.0078063695625798504 -0.016411469426239941 75.678758985922897 -0.004909446283547946 11.530303868069629 0.01719674192573158
decision_type=2 2 2 2 2 2 2 2 2 2 2 2 2 2 2 2 2
left_child=2 16 4 -4 5 -1 7 -6 9 15 -11 12 -10 -13 -8 -3 -2
right_child=1 8 3 -5 6 -7 14 -9 11 10 -12 13 -14 -15 -16 -17 -18
leaf_value=0.00011322961979967126 0 1.9149089018535459e-05 -0.00018349710593013952 0 0 0 1.2485737069905413e-05 -0.00017256302123110906 9.1221185071727216e-06 0.00015006058579458491 0 8.6063333146075196e-06 -4.3807067959305978e-05 -1.056353600830478e-05 -8.641455834889592e-06 -1.9448299309032505e-05 7.276197762804669e-05
leaf_weight=41 25 47 20 48 51 43 305 20 329 33 24 1467 395 509 564 92 55
leaf_count=41 25 47 20 48 51 43 305 20 329 33 24 1467 395 509 564 92 55
internal_value=0 1.71287e-06 -4.47993e-06 -5.88396e-05 0 5.04468e-05 -5.45488e-06 -5.71433e-05 0 2.43157e-05 9.90819e-05 -1.50277e-06 -1.5614e-05 2.14992e-06 0 0 5.47688e-05
internal_weight=4068 2976 1092 68 1024 84 940 71 2896 196 57 2700 724 1976 869 139 80
internal_count=4068 2976 1092 68 1024 84 940 71 2896 196 57 2700 724 1976 869 139 80
is_linear=0
shrinkage=0.03


Tree=332
num_leaves=24
num_cat=0
split_feature=28 20 20 32 35 19 19 4 35 34 20 35 27 5 5 35 33 2 33 26 35 32 5
split_gain=3.33557e-05 0.000190211 0.000345956 0.000433612 0.000419528 0.000334102 0.000279865 0.000400849 0.000706547 0.000215475 0.000334142 0.000202583 0.000202509 0.000157684 0.00014818 0.000115139 0.000252315 0.000469374 0.000283462 0.000164071 0.000179028 8.31993e-05 2.61609e-05
threshold=111666764.00000001 265.95499839782718 290.50000076293946 -0.021195223598455434 0.013602358252978931 290.10000610351568 254.59999847412112 267.10000610351568 0.015715448198525807 0.022541604347792735 248.8800003051758 0.033513300427397204 -0.044264239792046266 18559941.500000004 7240921.5000000009 0.020773743899989452 0.0064776028102974123 204.90000152587893 -0.020629874690693713 3.1147343321262988 0.015634340575659732 0.0029368843997974463 15127467.000000002
decision_type=2 2 2 2 2 2 2 2 2 2 2 2 2 2 2 2 2 2 2 2 2 2 2
left_child=13 6 3 12 -5 -4 9 8 -8 10 -2 -11 -3 15 -7 19 18 -18 -17 21 -21 -1 -9
right_child=1 2 5 4 -6 14 7 22 -10 11 -12 -13 -14 -15 -16 16 17 -19 -20 20 -22 -23 -24
leaf_value=9.6819049616666142e-06 3.2921657506829709e-05 -1.8288051574082673e-05 9.0284527175854448e-05 0 -8.0673521270843335e-05 -5.0359437390200254e-06 0 -5.1478718228542115e-06 0.00017603275861082006 -4.1187942022806573e-05 -3.4021137897011638e-05 0 5.6388845741243846e-05 -7.3660818608501714e-05 2.1519032492395745e-05 1.5669826679520691e-05 6.1574944407907526e-05 -5.4019747380305726e-06 -3.7301297099378181e-05 -3.9723928450864109e-05 0 -1.0621358316772245e-05 3.3027638208621463e-05
leaf_weight=458 342 21 38 44 165 984 35 61 46 151 43 33 55 29 234 177 183 51 152 232 231 283 20
leaf_count=458 342 21 38 44 165 984 35 61 46 151 43 33 55 29 234 177 183 51 152 232 231 283 20
internal_value=0 2.48355e-06 -1.83575e-06 -3.27978e-05 -5.77322e-05 2.80358e-06 1.56914e-05 5.1616e-05 9.88612e-05 1.84476e-07 1.76479e-05 -2.005e-05 0 -2.9852e-06 0 -1.23474e-07 9.05688e-06 3.41663e-05 0 -6.90817e-06 -2.10462e-05 0 0
internal_weight=4068 2272 1541 285 209 1256 731 162 81 569 385 184 76 1796 1218 1767 563 234 329 1204 463 741 81
internal_count=4068 2272 1541 285 209 1256 731 162 81 569 385 184 76 1796 1218 1767 563 234 329 1204 463 741 81
is_linear=0
shrinkage=0.03


Tree=333
num_leaves=23
num_cat=0
split_feature=25 33 5 2 33 32 25 33 29 36 26 26 30 30 27 19 5 0 1 23 27 27
split_gain=3.49264e-05 0.000251481 0.000507432 0.000467524 0.000322444 0.000304113 0.000160924 0.000185272 0.000126739 0.000102555 0.000355215 0.0002419 0.00022477 0.000384982 0.000242391 8.42085e-05 0.000182619 7.58884e-05 5.94764e-05 0.000141583 5.02775e-05 0.000106727
threshold=1.975417229296998 0.038378142881777329 5992197.5000000009 382.69999694824224 0.056559516180024423 0.03357200868513089 1.7187143651758146 -0.0015463894735695536 82.954894034788722 0.016735754678415701 13.515151271740972 2.9530454273496658 70.820912471708169 58.988142675701305 0.95355368161993115 373.3200012207032 3548311.0000000005 407.63150024414068 328.09999084472662 2.8856872322143521 1.0958797442397439 0.99797936734332382
decision_type=2 2 2 2 2 2 2 2 2 2 2 2 2 2 2 2 2 2 2 2 2 2
left_child=6 2 15 8 5 -3 9 -8 -4 12 11 -11 13 -1 -14 16 -2 -17 19 -9 21 -6
right_child=1 4 3 -5 20 -7 7 18 -10 10 -12 -13 14 -15 -16 17 -18 -19 -20 -21 -22 -23
leaf_value=3.0633184154468505e-06 0 0 0.00016695124742600331 0 0 -0.00016599066151201617 0 0 0 0 6.7371454929547202e-05 -4.7734433660388057e-05 2.9547946403611855e-05 -2.6473578583439164e-05 -2.2731935785224007e-06 4.3304461794736867e-05 -6.2745346539366033e-05 0 0 -0.00013773896599632697 0 7.9961485032948784e-05
leaf_weight=2225 30 25 44 26 27 21 20 24 20 48 20 232 489 468 110 55 52 28 26 26 30 22
leaf_count=2225 30 25 44 26 27 21 20 24 20 48 20 232 489 468 110 55 52 28 26 26 30 22
internal_value=0 8.7036e-06 3.05228e-05 8.77863e-05 -1.18155e-05 -8.16936e-05 -8.46079e-07 -3.91735e-05 0.000131896 0 -1.65991e-05 -3.33293e-05 1.7088e-06 -9.56553e-07 1.86974e-05 0 -2.22814e-05 2.05309e-05 -6.42572e-05 -8.56751e-05 0 3.03576e-05
internal_weight=4068 380 255 90 125 46 3688 96 64 3592 300 280 3292 2693 599 165 82 83 76 50 79 49
internal_count=4068 380 255 90 125 46 3688 96 64 3592 300 280 3292 2693 599 165 82 83 76 50 79 49
is_linear=0
shrinkage=0.03


Tree=334
num_leaves=20
num_cat=0
split_feature=28 4 31 24 33 35 27 28 30 29 27 27 27 31 31 28 2 35 35
split_gain=3.41899e-05 0.000244344 0.000229022 0.000266757 0.000127096 0.000411418 0.000529562 0.000148308 0.000196238 0.000182781 0.000126842 0.000466176 0.000193114 0.000611636 0.000186147 0.000161152 5.76966e-05 5.25938e-05 5.00214e-05
threshold=29140289.500000004 173.25000000000003 0.024592826471283694 -0.84804568239900624 0.0029873530981945344 0.020363532682990324 0.8776359535828836 -77251176.999999985 61.961736619282391 12.796200724299936 0.03534116419179132 0.0066207865314672791 0.24654260873179024 -0.014787290988850286 -0.01092042892591044 111666764.00000001 234.09999847412112 0.013241073101759289 0.01719674192573158
decision_type=2 2 2 2 2 2 2 2 2 2 2 2 2 2 2 2 2 2 2
left_child=2 18 4 -4 7 17 -7 9 -9 -1 11 16 13 -12 -13 -14 -3 -6 -2
right_child=1 10 3 -5 5 6 -8 8 -10 -11 12 14 15 -15 -16 -17 -18 -19 -20
leaf_value=8.0334098986885224e-05 0 2.7778454946946957e-05 -0.00011234497773227114 0 4.8257118365555888e-06 0.00010448819909552416 0 -3.0346027790210739e-05 0 0 -7.7726974672506408e-05 0.0001449957855356705 -1.2401023827776078e-05 0 0 6.8191462420699449e-06 -1.6073618755263067e-05 -1.6542079015907256e-05 7.0472431715413878e-05
leaf_weight=26 25 31 37 31 116 83 31 391 107 107 120 33 455 424 24 1701 108 163 55
leaf_count=26 25 31 37 31 116 83 31 391 107 107 120 33 455 424 24 1701 108 163 55
internal_value=0 1.71154e-06 -4.49367e-06 -5.78839e-05 0 1.23942e-05 6.14364e-05 -9.25017e-06 -1.9196e-05 5.43751e-06 0 2.35543e-05 -1.40908e-06 -1.79397e-05 9.61933e-05 1.37115e-06 0 0 5.34254e-05
internal_weight=4068 2976 1092 68 1024 393 114 631 498 133 2896 196 2700 544 57 2156 139 279 80
internal_count=4068 2976 1092 68 1024 393 114 631 498 133 2896 196 2700 544 57 2156 139 279 80
is_linear=0
shrinkage=0.03


Tree=335
num_leaves=18
num_cat=0
split_feature=28 31 32 25 20 27 21 3 20 27 27 27 31 25 31 5 20
split_gain=3.15266e-05 0.000215401 0.000454001 0.000254998 0.000322133 0.000215356 0.000374437 0.000192706 0.00020456 0.00011966 0.000441954 0.000183551 0.000575024 0.000184894 0.00017087 0.000102717 5.43532e-05
threshold=29140289.500000004 0.024592826471283694 0.026915751744765907 -1.0346564898020276 158.24499931335453 0.03534116419179132 145.63999983469648 172.15000152587893 173.98500061035159 0.03534116419179132 0.0066207865314672791 0.24654260873179024 -0.014787290988850286 -2.6650027854870317 -0.01092042892591044 2436695.5000000005 286.15500183105473
decision_type=2 2 2 2 2 2 2 2 2 2 2 2 2 2 2 2 2
left_child=1 3 -3 4 -1 6 -5 8 -2 10 16 12 -11 -13 -12 -7 -9
right_child=7 2 -4 5 -6 15 -8 9 -10 11 14 13 -14 -15 -16 -17 -18
leaf_value=0.00010950351998984922 7.6750602137583076e-05 -0.00017599254650230614 0 0 0 -2.0050628549035424e-05 -0.00016652730794201268 -2.2232636347015019e-05 0 -7.5397106250797003e-05 0.00014065905356655891 5.5167696236870568e-05 0 0 0 4.3679032970830504e-06 1.338351484729979e-05
leaf_weight=41 62 20 48 51 43 198 20 76 21 120 33 56 424 2097 24 671 63
leaf_count=41 62 20 48 51 43 198 20 76 21 120 33 56 424 2097 24 671 63
internal_value=0 -4.29046e-06 -5.60528e-05 0 4.91197e-05 -5.31793e-06 -5.56773e-05 1.66702e-06 4.6761e-05 0 2.29561e-05 -1.27036e-06 -1.74255e-05 1.41884e-06 9.36794e-05 0 0
internal_weight=4068 1092 68 1024 84 940 71 2976 83 2893 196 2697 544 2153 57 869 139
internal_count=4068 1092 68 1024 84 940 71 2976 83 2893 196 2697 544 2153 57 869 139
is_linear=0
shrinkage=0.03


Tree=336
num_leaves=18
num_cat=0
split_feature=35 24 27 25 29 25 36 29 25 30 29 24 30 5 26 36 33
split_gain=3.17163e-05 0.000193253 0.000154963 0.000110822 9.80783e-05 0.000281837 0.000513544 0.000234607 0.000590484 0.000435258 0.000298814 0.00028356 0.000156943 3.37264e-05 9.34347e-05 7.46313e-05 7.19268e-05
threshold=0.010094400911118606 -0.35279927798623739 0.11849249407920905 0.31797964331803191 9.0524970960783708 -0.67635984057563325 -0.010450338658939825 13.284234433958884 -0.37107439487942767 17.356421457860048 14.512260540673696 18.550050136727382 17.971430209781378 3360390.5000000005 3.143036152539231 -0.0042784983717813309 0.0094046328628455429
decision_type=2 2 2 2 2 2 2 2 2 2 2 2 2 2 2 2 2
left_child=1 2 -1 -4 5 6 -2 8 9 -6 12 -12 -9 15 -15 -3 -17
right_child=4 13 3 -5 7 -7 -8 10 -10 -11 11 -13 -14 14 -16 16 -18
leaf_value=0 0 0 -9.2671022744969598e-05 0 0.00010268995001333057 0 -0.00014160238472935968 -0.0001170927000750509 -1.9384052697493368e-05 0 3.7683083344109977e-06 -6.6192914100229991e-05 0 0 -5.4425268290569213e-05 3.885130951236244e-05 0
leaf_weight=23 40 25 51 36 108 40 39 29 46 46 3302 50 29 41 29 106 28
leaf_count=23 40 25 51 36 108 40 39 29 46 46 3302 50 29 41 29 106 28
internal_value=0 -8.70706e-06 -4.2582e-05 -6.2396e-05 8.72144e-07 -2.39228e-05 -6.37843e-05 2.52113e-06 3.42035e-05 6.96802e-05 0 1.82783e-06 -6.66035e-05 0 -5.48134e-06 1.33247e-05 2.66745e-05
internal_weight=4068 339 110 87 3729 119 79 3610 200 154 3410 3352 58 229 70 159 134
internal_count=4068 339 110 87 3729 119 79 3610 200 154 3410 3352 58 229 70 159 134
is_linear=0
shrinkage=0.03


Tree=337
num_leaves=21
num_cat=0
split_feature=25 33 35 33 32 2 36 25 33 32 36 34 33 30 35 30 1 24 5 24
split_gain=3.15007e-05 0.000239074 0.000498324 0.00030648 0.000284355 0.000265812 0.000173907 0.00015395 0.000180484 0.000145161 9.38515e-05 0.000285613 0.000430427 0.000203132 0.000286044 0.000173707 5.43992e-05 6.52351e-05 4.71932e-05 0.000148199
threshold=1.975417229296998 0.038378142881777329 0.028421511628280004 0.056559516180024423 0.03357200868513089 384.89999389648443 -0.0087563805745686802 1.7187143651758146 -0.0015463894735695536 -0.0063784366560928887 0.016735754678415701 -0.030859899745064475 0.02190955553723695 78.605038375570174 0.015715448198525807 44.471598299732143 328.09999084472662 1.1916811923532145 10335346.500000002 2.7843162837154414
decision_type=2 2 2 2 2 2 2 2 2 2 2 2 2 2 2 2 2 2 2 2
left_child=7 2 6 4 -3 -4 -2 10 -9 -8 13 -12 -13 15 -15 -1 17 -10 -5 -20
right_child=1 3 5 18 -6 -7 9 8 16 -11 11 12 -14 14 -16 -17 -18 -19 19 -21
leaf_value=5.6021308424846138e-06 -5.4354340508278964e-05 0 0.00013771054208297533 0 -0.0001611930468813207 0 0 0 0 3.8449680859178028e-05 3.1720783912704092e-05 -7.7813840994806857e-05 0 0 5.2309387960042161e-05 -8.8955689552706873e-06 0 -0.0001279985933426389 8.5421272039537091e-05 0
leaf_weight=1673 37 25 48 24 21 24 26 20 25 120 35 113 152 143 164 1312 26 25 24 31
leaf_count=1673 37 25 48 24 21 24 26 20 25 120 35 113 152 143 164 1312 26 25 24 31
internal_value=0 8.23595e-06 2.96626e-05 -1.14824e-05 -7.96312e-05 9.66101e-05 0 -8.34459e-07 -3.8321e-05 1.79185e-05 0 -1.58826e-05 -3.34959e-05 1.63162e-06 2.49769e-05 0 -6.31581e-05 -8.38826e-05 0 2.77642e-05
internal_weight=4068 380 255 125 46 72 183 3688 96 146 3592 300 265 3292 307 2985 76 50 79 55
internal_count=4068 380 255 125 46 72 183 3688 96 146 3592 300 265 3292 307 2985 76 50 79 55
is_linear=0
shrinkage=0.03


Tree=338
num_leaves=23
num_cat=0
split_feature=28 25 21 33 25 28 1 20 30 33 30 4 33 28 1 24 20 28 29 28 35 3
split_gain=3.13011e-05 0.000210459 0.000217129 0.000273874 0.000184784 0.000564022 0.000165061 0.000397169 0.000546698 0.000635799 0.000485614 0.000286974 0.000129032 0.000101643 9.10204e-05 0.000342039 0.000233683 7.99731e-05 0.000296933 0.000229726 2.181e-05 1.45775e-05
threshold=320597825.50000006 -0.10017498299363435 468.79583282470708 0.018577425229907133 0.99904431438700947 359848032.00000006 328.09999084472662 321.08499755859378 36.037987469291004 -0.0041192250278710421 51.791323831810494 318.19999694824224 -0.031401809155833398 197679511.50000003 289.10000610351568 -3.1534849439066734 289.46499862670902 353184144.00000006 86.107108570401422 344517675.50000006 0.018660522272661302 457.19999694824224
decision_type=2 2 2 2 2 2 2 2 2 2 2 2 2 2 2 2 2 2 2 2 2 2
left_child=6 2 3 12 5 20 11 -8 9 -9 -10 14 -2 -13 16 -16 -1 19 -19 -6 -3 -4
right_child=1 4 21 -5 17 -7 7 8 10 -11 -12 13 -14 -15 15 -17 -18 18 -20 -21 -22 -23
leaf_value=0 0 -1.1169463821302001e-05 0 0 7.6860715023282898e-06 -0.00014966635009509038 -0.00014131533223170917 0 7.8907636815164751e-05 -0.00015275330914790876 0 0 7.8427952665531179e-05 9.4703830244867272e-05 7.560632237369635e-06 -4.9467484467942671e-05 6.2561926090400804e-05 8.510021826142599e-05 0 -8.7927355977637016e-05 1.9523317499770814e-05 -1.5718677873466036e-05
leaf_weight=2708 27 50 24 35 84 30 25 109 77 44 210 21 125 39 68 157 54 47 20 26 35 53
leaf_count=2708 27 50 24 35 84 30 25 109 77 44 210 21 125 39 68 157 54 47 20 26 35 53
internal_value=0 6.60192e-06 2.82957e-05 4.66326e-05 -2.74416e-06 -3.80476e-05 -1.05825e-06 -1.80519e-05 -4.20117e-06 -5.46225e-05 1.22388e-05 5.51107e-07 6.55405e-05 6.56722e-05 0 -1.89092e-05 7.20046e-07 3.26205e-06 3.31776e-05 0 0 0
internal_weight=4068 556 264 187 292 115 3512 465 440 153 287 3047 152 60 2987 225 2762 177 67 110 85 77
internal_count=4068 556 264 187 292 115 3512 465 440 153 287 3047 152 60 2987 225 2762 177 67 110 85 77
is_linear=0
shrinkage=0.03


Tree=339
num_leaves=20
num_cat=0
split_feature=27 25 34 19 24 34 5 33 25 33 5 33 26 35 27 27 35 27 26
split_gain=3.11678e-05 0.000313403 0.000254454 0.000716578 0.000238736 0.000285306 0.000323644 0.000307168 0.000228617 0.000676191 0.000353749 0.000288591 0.000616194 0.000257382 0.000248444 0.000219738 0.000128961 0.000109461 8.16219e-05
threshold=0.57016153316312479 -0.48181713483140237 0.028650137337075558 278.21999511718758 18.550050136727382 -0.0041125211545089959 3056529.0000000005 0.00082473094570767469 0.16891628846157961 -0.0059770233230030936 2358724.5000000005 -0.0044204609417658461 10.562748989976134 0.019699263346243747 0.53146187638649189 0.46595550272509278 0.034758603155782948 0.75504994212241505 5.3110860541789835
decision_type=2 2 2 2 2 2 2 2 2 2 2 2 2 2 2 2 2 2 2
left_child=2 16 8 15 5 6 -3 -7 11 14 -11 13 -13 -1 -10 -4 17 18 -2
right_child=1 4 3 -5 -6 7 -8 -9 9 10 -12 12 -14 -15 -16 -17 -18 -19 -20
leaf_value=1.6863693534786486e-05 0 0 0 6.7294670727520319e-06 -8.2811798018454259e-05 3.5212665209940979e-05 -5.8211214411868186e-05 0 -2.8451411480624119e-05 0 0.00010102358439275574 -5.4630531011382183e-06 -0.00011127577915135348 -9.2159781767960568e-06 6.2046032311962156e-05 -0.00016430938494572603 0 0 9.8722597113721364e-05
leaf_weight=672 24 53 41 33 31 286 139 1114 152 21 108 588 66 568 26 40 20 26 60
leaf_count=672 24 53 41 33 31 286 139 1114 152 21 108 588 66 568 26 40 20 26 60
internal_value=0 2.98699e-06 -2.31524e-06 -4.59983e-05 0 9.97731e-07 -3.06164e-05 7.47796e-06 0 2.39598e-05 7.79714e-05 -3.94365e-06 -2.07432e-05 2.49858e-06 0 -0.000104453 4.78359e-05 6.13035e-05 7.80472e-05
internal_weight=4068 1753 2315 114 1623 1592 192 1400 2201 307 129 1894 654 1240 178 81 130 110 84
internal_count=4068 1753 2315 114 1623 1592 192 1400 2201 307 129 1894 654 1240 178 81 130 110 84
is_linear=0
shrinkage=0.03


Tree=340
num_leaves=22
num_cat=0
split_feature=28 4 1 19 1 25 28 4 28 36 28 0 23 36 35 20 27 27 22 27 35
split_gain=3.13095e-05 0.000217103 0.000165013 0.000504233 0.000209817 0.00034798 0.000252952 0.000134353 0.000238836 0.000130014 0.000160068 0.000136418 0.00011637 0.00107304 0.000570311 0.000433991 0.000402291 0.000791201 0.000272119 6.30855e-05 4.71441e-05
threshold=29140289.500000004 173.25000000000003 132.05000305175784 133.50999755859377 126.45000076293947 0.054303450887446265 -22676472.499999996 124.90000152587892 -75383316.999999985 -0.010764432411572277 -4962442.4999999991 92.573764801025405 -3.6475581393950445 -0.021626143837050086 0.013174725440869074 267.31999855041505 0.10582851354302393 0.24290081896269197 35.984087841709048 0.46595550272509278 0.01719674192573158
decision_type=2 2 2 2 2 2 2 2 2 2 2 2 2 2 2 2 2 2 2 2 2
left_child=2 20 4 -4 7 -6 -7 19 -9 10 -5 -11 13 15 -15 -3 18 -18 -14 -1 -2
right_child=1 12 3 9 5 6 -8 8 -10 11 -12 -13 16 14 -16 -17 17 -19 -20 -21 -22
leaf_value=1.4155093362385784e-05 0 0 -0.00012553538903510648 5.8617134213845337e-05 0 0.00010275478836550955 0 0 -8.2317675647889055e-05 0 0 -2.3931391813074293e-05 0 -3.3601588348699179e-05 3.9767012432129498e-05 -0.00019841377537740371 -6.147830861628724e-05 0 6.919237166029466e-05 -1.0456448441890024e-05 6.6669985572528599e-05
leaf_weight=215 25 20 39 51 78 69 22 20 50 23 30 370 33 72 534 26 220 1885 106 125 55
leaf_count=215 25 20 39 51 78 69 22 20 50 23 30 370 33 72 534 26 220 1885 106 125 55
internal_value=0 1.54353e-06 -4.39427e-06 -1.799e-05 2.47228e-06 3.34103e-05 7.42278e-05 -2.96996e-06 -4.21489e-05 -2.78897e-06 1.97132e-05 -1.50623e-05 0 1.13453e-05 2.60962e-05 -0.000117541 -3.04435e-06 -7.544e-06 4.34871e-05 0 5.02781e-05
internal_weight=4068 2976 1092 513 579 169 91 410 70 474 81 393 2896 652 606 46 2244 2105 139 340 80
internal_count=4068 2976 1092 513 579 169 91 410 70 474 81 393 2896 652 606 46 2244 2105 139 340 80
is_linear=0
shrinkage=0.03


Tree=341
num_leaves=20
num_cat=0
split_feature=27 25 34 19 25 34 5 25 30 36 27 26 34 22 29 32 22 22 34
split_gain=3.06005e-05 0.000296609 0.000238591 0.000693322 0.000211231 0.000444074 0.000204408 0.000198089 0.000423796 0.000260179 0.000191831 0.00019156 0.00027113 0.000336088 0.000317351 0.000118134 0.000132574 0.000130535 9.31313e-05
threshold=0.57016153316312479 -0.48181713483140237 0.028650137337075558 278.21999511718758 0.16891628846157961 -0.033471089323113982 2358724.5000000005 -0.095136379398767942 52.164411242687486 -0.023846863106606494 0.46595550272509278 15.660529270434274 -0.0038228985447049664 56.252397604375552 66.009616095413676 -0.0065640732130123327 61.711712415866906 57.600939201044405 -0.044164076583596105
decision_type=2 2 2 2 2 2 2 2 2 2 2 2 2 2 2 2 2 2 2
left_child=2 15 4 10 7 18 -7 9 -9 -1 -4 12 13 -3 -14 -2 17 -17 -6
right_child=1 11 3 -5 5 6 -8 8 -10 -11 -12 -13 14 -15 -16 16 -18 -19 -20
leaf_value=-4.9804497553035867e-05 0 0 0 6.2999995727812273e-06 0 0 5.6658134318962493e-05 -6.8587084331943907e-05 0 2.2615015503993237e-06 -0.00015971061570524582 -7.8114394072212895e-05 2.9473182432431121e-05 -7.2214126438487728e-05 0 0 0 0.00012182432331015949 -6.6807918189245921e-05
leaf_weight=91 20 106 41 33 24 36 219 125 77 1601 40 28 412 91 986 28 40 42 28
leaf_count=91 20 106 41 33 24 36 219 125 77 1601 40 28 412 91 986 28 40 42 28
internal_value=0 2.90031e-06 -2.35079e-06 -4.46553e-05 0 2.29187e-05 4.51217e-05 -3.89921e-06 -3.20098e-05 0 -0.000102388 0 7.68443e-07 -2.95919e-05 7.19427e-06 4.65319e-05 5.9365e-05 8.50721e-05 -2.82573e-05
internal_weight=4068 1753 2315 114 2201 307 255 1894 202 1692 81 1623 1595 197 1398 130 110 70 52
internal_count=4068 1753 2315 114 2201 307 255 1894 202 1692 81 1623 1595 197 1398 130 110 70 52
is_linear=0
shrinkage=0.03


Tree=342
num_leaves=14
num_cat=0
split_feature=35 36 5 35 36 36 35 23 26 22 35 5 35
split_gain=3.01304e-05 0.000347622 0.000177553 0.000331289 0.00054852 0.000913137 6.78953e-05 0.000263488 0.000843112 0.000271424 0.000173768 0.000418919 0.000199017
threshold=0.064830555251102193 -0.024623202840402172 15841409.000000002 0.032436696397362526 0.034008946954061467 -0.022222229286476415 0.030331795284519601 4.8493167917640685 12.20325976392594 40.30932576723405 0.024594575177195908 3247502.5000000005 0.022284443500115943
decision_type=2 2 2 2 2 2 2 2 2 2 2 2 2
left_child=2 -2 6 -4 5 -5 10 9 -9 -8 12 -12 -1
right_child=1 -3 3 4 -6 -7 7 8 -10 -11 11 -13 -14
leaf_value=-7.0223574102204231e-07 0 9.3146294048285631e-05 0 0 0 -0.00023509694650664787 2.983154839025566e-05 0.00010935555563981091 0 -2.1163530003802701e-05 4.4915526011620586e-05 -3.1764504740776027e-05 2.5195155150453156e-05
leaf_weight=2586 21 39 23 20 23 32 145 88 68 257 47 436 283
leaf_count=2586 21 39 23 20 23 32 145 88 68 257 47 436 283
internal_value=0 2.09511e-05 -4.28665e-07 -4.04529e-05 -7.81523e-05 -0.000135202 0 1.01605e-05 4.3454e-05 0 -1.02034e-06 -1.80852e-05 8.07465e-07
internal_weight=4068 60 4008 98 75 52 3910 558 156 402 3352 483 2869
internal_count=4068 60 4008 98 75 52 3910 558 156 402 3352 483 2869
is_linear=0
shrinkage=0.03


Tree=343
num_leaves=21
num_cat=0
split_feature=25 33 35 33 32 26 36 25 33 32 30 31 30 0 33 33 33 27 31 1
split_gain=2.98006e-05 0.000219366 0.000478299 0.000285349 0.000262026 0.000209804 0.000158491 0.000145335 0.000174155 0.00013776 8.61965e-05 0.000263679 0.000225921 0.000624294 0.000308663 0.000175827 0.000125546 4.72623e-05 0.000140465 4.54475e-05
threshold=1.975417229296998 0.038378142881777329 0.028421511628280004 0.056559516180024423 0.03357200868513089 13.36276498518602 -0.0087563805745686802 1.7187143651758146 -0.0015463894735695536 -0.0063784366560928887 78.246521683665591 0.0019531648287076657 58.988142675701305 315.48075866699224 0.028329094426792326 0.024619695520023192 0.015904595356521337 1.0958797442397439 0.018198498005877032 328.09999084472662
decision_type=2 2 2 2 2 2 2 2 2 2 2 2 2 2 2 2 2 2 2 2
left_child=7 2 6 4 -3 -4 -2 10 -9 -8 12 15 14 -14 -1 -12 -13 18 -5 -10
right_child=1 3 5 17 -6 -7 9 8 19 -11 11 16 13 -15 -16 -17 -18 -19 -20 -21
leaf_value=0 -5.2386377335618924e-05 0 0.00012979969456727562 0 -0.0001548279290693322 0 0 0 -8.1354120467764366e-05 3.7044368687781395e-05 5.6461604970693306e-05 -4.192948657289211e-05 0 -6.9684169342436753e-05 3.7624481028319713e-05 0 1.6103716615504927e-06 0 8.2044297614991939e-05 0
leaf_weight=2218 37 25 49 24 21 23 26 20 50 120 146 64 649 157 203 40 115 30 25 26
leaf_count=2218 37 25 49 24 21 23 26 20 50 120 146 64 649 157 203 40 115 30 25 26
internal_value=0 7.89255e-06 2.85507e-05 -1.02583e-05 -7.6527e-05 9.40985e-05 0 -9.23183e-07 -3.73337e-05 1.67167e-05 0 1.38662e-05 -1.51206e-06 -1.57906e-05 2.00289e-06 4.06496e-05 0 0 2.94332e-05 -6.18042e-05
internal_weight=4068 380 255 125 46 72 183 3688 96 146 3592 365 3227 806 2421 186 179 79 49 76
internal_count=4068 380 255 125 46 72 183 3688 96 146 3592 365 3227 806 2421 186 179 79 49 76
is_linear=0
shrinkage=0.03


Tree=344
num_leaves=15
num_cat=0
split_feature=20 2 31 26 26 5 26 25 34 0 22 22 26 22
split_gain=2.89745e-05 0.000617901 0.000419445 0.000239347 0.000649336 0.000364948 0.000358559 0.000290267 0.000173052 0.000159702 0.000236037 0.000223347 0.000115729 0.000106202
threshold=371.67000198364263 378.50000000000006 0.0020768646178237486 11.431087175596803 11.085148646253968 4341155.5000000009 12.867896489133537 -2.3918279557443807 0.069792555083144761 400.27272033691412 30.785184117427196 67.5922717109122 7.8110746500484431 57.118979550275064
decision_type=2 2 2 2 2 2 2 2 2 2 2 2 2 2
left_child=1 3 -3 4 7 -5 -7 -1 9 10 -2 13 -12 -11
right_child=8 2 -4 5 -6 6 -8 -9 -10 11 12 -13 -14 -15
leaf_value=4.2985297225782705e-05 -3.0732290006235263e-05 0 -0.00018970504240576114 0 -0.00013813550864949736 0.00012148949028524368 0 -2.266712488035128e-06 8.5493116209638988e-05 -1.6341111309155623e-05 0 -0.0001015970810527898 3.9197159274114538e-05 1.978741521289891e-05
leaf_weight=133 25 20 26 38 31 58 81 2979 24 214 64 24 253 98
leaf_count=133 25 20 26 38 31 58 81 2979 24 214 64 24 253 98
internal_value=0 -1.29847e-06 -0.000110391 0 -1.69496e-06 3.41371e-05 6.20078e-05 0 5.39055e-06 0 1.67504e-05 -1.1919e-05 2.99643e-05 0
internal_weight=4068 3366 46 3320 3143 177 139 3112 702 678 342 336 317 312
internal_count=4068 3366 46 3320 3143 177 139 3112 702 678 342 336 317 312
is_linear=0
shrinkage=0.03


Tree=345
num_leaves=23
num_cat=0
split_feature=28 28 33 29 27 22 27 5 32 24 19 20 31 34 0 31 20 24 19 32 5 5
split_gain=2.81031e-05 0.000198797 0.000235335 0.000436816 0.000271024 0.000321253 0.000261811 0.000130249 0.000421392 0.000246938 0.00011459 0.00043116 0.000348775 0.000517136 0.000324115 0.000323854 0.00014333 0.000710641 0.000301608 1.96064e-05 3.68885e-05 3.75816e-06
threshold=320597825.50000006 342225850.50000006 -0.012563345632644328 28.818017959355117 0.71386894197415607 66.593878367621429 0.57299976227614235 3911005.0000000005 0.004141023184317639 1.6315498195797173 287.51999816894539 273.22250061035157 -0.021144797494271447 0.0091975791455586337 255.01079559326175 -0.034063618887423423 273.97499923706056 1.2681219321850203 254.59999847412112 0.0054022891421192662 2580708.5000000005 3205592.5000000005
decision_type=2 2 2 2 2 2 2 2 2 2 2 2 2 2 2 2 2 2 2 2 2 2
left_child=10 7 3 -3 6 -6 -4 19 9 -9 14 -12 15 -14 16 -13 18 -18 -1 20 -2 -21
right_child=1 2 4 -5 5 -7 -8 8 -10 -11 11 12 13 -15 -16 -17 17 -19 -20 21 -22 -23
leaf_value=-8.5467264360998932e-07 0 0 0 -0.00012618620913864415 -6.3988102540048838e-05 5.9729401001348038e-06 0.00011538774381057381 0.00015307913167716855 0 0 -0.00015132647364122254 0 -3.7760869846473602e-05 9.8949082350835414e-06 9.0123306063533978e-05 8.4458718441533136e-05 -0.00012121972524203028 0 3.5042805124836884e-05 2.7355649319516315e-05 -2.5004573830003493e-05 0
leaf_weight=2346 44 36 53 38 73 63 35 39 50 22 21 21 410 263 36 66 52 75 222 28 53 22
leaf_count=2346 44 36 53 38 73 63 35 39 50 22 21 21 410 263 36 66 52 75 222 28 53 22
internal_value=0 6.07744e-06 -2.55056e-06 -5.3681e-05 9.70281e-07 -9.55649e-06 5.12835e-05 2.76636e-05 5.32255e-05 0.000106575 -1.16334e-06 -1.16699e-05 -3.84474e-06 -1.46819e-05 7.43147e-07 4.5465e-05 0 -3.14847e-05 1.08168e-06 0 0 1.87673e-05
internal_weight=4068 556 298 74 224 136 88 258 111 61 3512 781 760 673 2731 87 2695 127 2568 147 97 50
internal_count=4068 556 298 74 224 136 88 258 111 61 3512 781 760 673 2731 87 2695 127 2568 147 97 50
is_linear=0
shrinkage=0.03


Tree=346
num_leaves=20
num_cat=0
split_feature=35 35 26 1 4 21 24 36 34 31 25 33 35 36 36 33 32 36 20
split_gain=2.82602e-05 0.000304487 0.000319883 0.000350445 0.000976072 0.000357497 0.000240148 0.000177529 0.000214643 0.000232363 0.00022741 0.000203203 0.000269974 0.000518812 0.000174904 0.000337954 0.000191116 0.000154646 2.65653e-05
threshold=0.038221958574974353 0.04365624384773991 15.660529270434274 244.09999847412112 225.70000457763675 275.30000038146977 -3.6598858165721611 0.016735754678415701 -0.027247541292125973 0.020610302572217524 0.99904431438700947 -0.052991664392439845 0.023276663683365281 -0.015550775421230753 0.012425812547663758 0.00071618993266009412 -0.010442559048260689 0.029790490930479412 212.32749938964847
decision_type=2 2 2 2 2 2 2 2 2 2 2 2 2 2 2 2 2 2 2
left_child=7 6 3 4 -3 -5 -2 11 -9 10 -10 12 -1 -14 16 -16 -13 -8 -11
right_child=1 2 -4 5 -6 -7 17 8 9 18 -12 14 13 -15 15 -17 -18 -19 -20
leaf_value=0 0 0 -0.00010505125550125007 0.0001187027658693239 -0.00021746949377858925 0 0.00010083655877486154 0 -0.00010404134024438578 -2.0462605249908977e-05 0 1.0877885758931812e-05 0 -0.00020936131889805014 0 6.1025552508833606e-05 -4.7432988747928676e-06 0 0
leaf_weight=24 36 71 26 40 20 68 64 20 71 57 21 1035 21 20 53 127 2201 20 73
leaf_count=24 36 71 26 40 20 68 64 20 71 57 21 1035 21 20 53 127 2201 20 73
internal_value=0 8.0845e-06 -7.86177e-07 0 -2.81372e-05 4.74391e-05 4.9683e-05 -8.79325e-07 -2.592e-05 -4.00266e-05 -7.83211e-05 4.10218e-10 -5.12695e-05 -0.000100376 1.85565e-06 3.06488e-05 0 7.80704e-05 0
internal_weight=4068 345 225 199 91 108 120 3723 242 222 92 3481 65 41 3416 180 3236 84 130
internal_count=4068 345 225 199 91 108 120 3723 242 222 92 3481 65 41 3416 180 3236 84 130
is_linear=0
shrinkage=0.03


Tree=347
num_leaves=23
num_cat=0
split_feature=30 32 28 29 33 21 33 35 31 33 30 31 1 33 24 30 32 32 32 35 32 22
split_gain=2.83093e-05 0.000238101 0.000176757 0.00017613 0.000219682 0.000242961 0.000149598 0.000261331 0.000332551 0.00072582 0.000253595 0.00037443 0.000247769 0.000215819 0.000682045 0.000923543 0.00030068 0.000272905 0.000203341 0.000172879 0.000108425 2.36004e-05
threshold=85.655778423565195 0.0095478117342187047 243291966.00000003 95.238732898504296 0.021559473920345521 248.12999979654953 0.011681944588277539 0.018329998067869072 0.00081333293100671622 0.031324767746783506 73.801020258109233 0.0020768646178237486 374.69999694824224 -0.00075417066688626677 5.1443041251500281 56.904426162461029 0.010756116744612522 0.026094531099265409 0.0023942918861812328 0.030331795284519601 0.014407036205664416 62.281127920334875
decision_type=2 2 2 2 2 2 2 2 2 2 2 2 2 2 2 2 2 2 2 2 2 2
left_child=6 2 21 4 -3 -6 13 10 9 -9 11 -8 -10 16 17 -16 18 -15 -1 -18 -12 -2
right_child=1 3 -4 -5 5 -7 7 8 12 -11 20 -13 -14 14 15 -17 19 -19 -20 -21 -22 -23
leaf_value=1.817754074320702e-06 -2.7016818528807688e-05 0 6.5670987621977079e-05 0 -0.00011440239855985871 0 -6.2932667230393224e-05 0 1.9644950076784328e-05 0.00014573515592422641 4.8455176695179284e-05 0 -2.801270656166732e-05 0 -0.00027940340190066543 0 0 -9.9979917814702792e-05 -3.1636201355026931e-05 0.00014612481872891699 0 0
leaf_weight=1742 29 21 37 22 62 33 123 101 398 61 75 201 99 613 21 43 67 25 177 20 62 36
leaf_count=1742 29 21 37 22 62 33 123 101 398 61 75 201 99 613 21 43 67 25 177 20 62 36
internal_value=0 -1.01e-05 3.00094e-06 -4.15018e-05 -5.84306e-05 -7.90383e-05 5.07477e-07 1.03257e-05 2.3161e-05 6.30525e-05 -1.51717e-06 -2.15528e-05 4.11305e-06 -2.44569e-06 -1.71894e-05 -0.000112828 1.21905e-06 -2.87792e-06 0 5.60459e-05 2.39658e-05 0
internal_weight=4068 240 102 138 116 95 3828 1120 659 162 461 324 497 2708 702 64 2006 638 1919 87 137 65
internal_count=4068 240 102 138 116 95 3828 1120 659 162 461 324 497 2708 702 64 2006 638 1919 87 137 65
is_linear=0
shrinkage=0.03


Tree=348
num_leaves=17
num_cat=0
split_feature=21 21 0 2 25 1 35 32 33 25 4 26 31 36 0 32
split_gain=2.75206e-05 0.000124883 0.000300044 0.000284388 0.000270432 0.000464301 0.000243302 0.000210913 0.000446824 0.000178176 0.000127988 8.19139e-05 4.5757e-05 4.10218e-05 0.000112542 3.96514e-05
threshold=120.53166681925457 128.18499959309898 100.44519042968751 173.65000152587893 -1.0346564898020276 133.05000305175784 0.016042746152190621 0.0051568387872511509 0.0076936997682320882 -0.14053697438063772 175.05000305175784 2.60982334807492 -0.0065240466708191827 0.0029862017809198674 90.045421600341811 0.018929743197433128
decision_type=2 2 2 2 2 2 2 2 2 2 2 2 2 2 2 2
left_child=11 7 4 6 -3 -6 -4 8 9 -2 -5 -1 -13 15 -15 -9
right_child=1 2 3 10 5 -7 -8 13 -10 -11 -12 12 -14 14 -16 -17
leaf_value=0 4.9189482305916423e-05 0 0 -4.1131577232061774e-05 0 -9.4315357556095579e-05 6.5806212606950911e-05 -4.3079428929452068e-05 0.00015552245967987845 -2.1417176705154891e-06 0 0 -5.8926906467309706e-05 4.5898362110550909e-05 0 0
leaf_weight=56 66 34 120 68 192 104 111 39 29 95 2987 20 40 48 37 22
leaf_count=56 66 34 120 68 192 104 111 39 29 95 2987 20 40 48 37 22
internal_value=0 3.29829e-07 -5.05828e-07 1.37529e-06 -2.83201e-05 -4.14259e-05 3.36797e-05 1.82465e-05 3.98393e-05 2.96384e-07 -8.64257e-08 -1.44788e-05 -4.03935e-05 0 7.08037e-07 -2.45673e-05
internal_weight=4068 3952 3616 3286 330 296 231 336 190 161 3055 116 60 146 85 61
internal_count=4068 3952 3616 3286 330 296 231 336 190 161 3055 116 60 146 85 61
is_linear=0
shrinkage=0.03


Tree=349
num_leaves=26
num_cat=0
split_feature=28 28 33 29 27 22 27 26 4 23 28 30 30 30 22 34 26 26 36 27 27 30 5 33 34
split_gain=2.73318e-05 0.000187756 0.00021972 0.000413205 0.000255918 0.000303675 0.000239899 0.000151476 0.000271228 0.00023622 0.000109927 0.000382073 0.000423822 0.000335857 0.000284774 0.000168216 0.000133656 0.00140033 0.000435453 0.000455402 0.000313766 0.00016319 2.3748e-05 1.99667e-06 4.99746e-08
threshold=320597825.50000006 342225850.50000006 -0.012563345632644328 28.818017959355117 0.71386894197415607 66.593878367621429 0.57299976227614235 9.185344715469796 456.10000610351568 2.4929184844610366 261528040.50000003 29.965736312755876 17.664752177806793 51.083928860820606 54.424913677107405 0.057486973575606733 11.431087175596803 11.085148646253968 -0.0027939862599120715 0.37527244899297379 0.58787975270279846 28.977220072234285 5542946.0000000009 -1.0000000180025095e-35 0.011832790521141614
decision_type=2 2 2 2 2 2 2 2 2 2 2 2 2 2 2 2 2 2 2 2 2 2 2 2 2
left_child=10 7 3 -3 6 -6 -4 24 9 -9 16 12 -12 14 -13 -15 17 21 20 -20 -18 -1 -14 -10 -2
right_child=1 2 4 -5 5 -7 -8 8 23 -11 11 13 22 15 -16 -17 18 -19 19 -21 -22 -23 -24 -25 -26
leaf_value=1.2124111262691234e-05 -9.117951987194152e-07 0 0 -0.00012237154863092782 -6.2011967517797703e-05 5.8486611490345767e-06 0.00011152238035813355 0.00012365819749030467 5.659699683727564e-06 0 0 8.8582484952474309e-05 -0.00017706717441813861 0 0 -9.5317047611274145e-05 2.3835200234712255e-05 -0.0002119128072959142 0 0.00011711341796141679 -7.9127823505686579e-05 -3.1853469724065902e-06 0 0 0
leaf_weight=855 54 36 53 38 73 63 35 51 56 23 33 59 27 160 26 27 44 28 22 67 41 2102 21 41 33
leaf_count=855 54 36 53 38 73 63 35 51 56 23 33 59 27 160 26 27 44 28 22 67 41 2102 21 41 33
internal_value=0 6.07904e-06 -1.98544e-06 -5.17775e-05 1.09261e-06 -8.55271e-06 5.0044e-05 2.70144e-05 4.35618e-05 8.76126e-05 -1.07359e-06 -1.70778e-05 -7.42283e-05 0 4.93736e-05 -2.25118e-05 0 -7.64912e-07 2.6094e-05 7.569e-05 0 2.2705e-07 -0.000131225 0 0
internal_weight=4068 556 298 74 224 136 88 258 171 74 3512 353 81 272 85 187 3159 2985 174 89 85 2957 48 97 87
internal_count=4068 556 298 74 224 136 88 258 171 74 3512 353 81 272 85 187 3159 2985 174 89 85 2957 48 97 87
is_linear=0
shrinkage=0.03


Tree=350
num_leaves=21
num_cat=0
split_feature=27 25 26 32 26 26 31 34 19 25 34 5 25 30 36 31 27 36 34 31
split_gain=2.80424e-05 0.000282168 0.000278446 0.00025213 0.000241556 0.000608757 0.000512388 0.000224769 0.000659835 0.00019428 0.000417731 0.000196454 0.000179903 0.00027269 0.000258855 0.000177193 0.000163426 0.000102702 8.71666e-05 5.84031e-05
threshold=0.57016153316312479 0.16891628846157961 15.660529270434274 -0.010919763586652363 10.639408520510628 9.527346363755461 0.017448375187890556 0.028650137337075558 278.21999511718758 0.16891628846157961 -0.033471089323113982 2358724.5000000005 -0.14760289962177128 53.750409503441112 -0.023846863106606494 -0.0078063695625798504 0.46595550272509278 0.019238171826568853 -0.044164076583596105 -0.0096939301335464672
decision_type=2 2 2 2 2 2 2 2 2 2 2 2 2 2 2 2 2 2 2 2
left_child=7 3 4 19 5 -3 -6 9 16 12 18 -12 14 -14 -1 -5 -9 -17 -11 -2
right_child=1 2 -4 15 6 -7 -8 8 -10 10 11 -13 13 -15 -16 17 -18 -19 -20 -21
leaf_value=-4.9646524535068916e-05 0 0 -9.8535282715978399e-05 0 0 -8.2288637152938315e-05 0.00012642903121937759 0 4.4488643817997441e-06 0 0 5.5038585320432514e-05 -4.9218191054520561e-05 0 2.9537067016980655e-06 5.3868022078120175e-05 -0.00015429295855733981 0 -6.4205342598816232e-05 -5.1137702364722991e-05
leaf_weight=89 20 1116 26 25 124 84 41 41 33 24 36 219 179 95 1531 256 40 41 28 20
leaf_count=89 20 1116 26 25 124 84 41 41 33 24 36 219 179 95 1531 256 40 41 28 20
internal_value=0 2.74161e-06 -1.42105e-06 2.70178e-05 0 -4.24196e-06 3.44381e-05 -2.28249e-06 -4.33433e-05 0 2.19772e-05 4.36882e-05 -3.7421e-06 -2.62197e-05 0 3.90526e-05 -9.97871e-05 4.67996e-05 -2.67882e-05 0
internal_weight=4068 1753 1391 362 1365 1200 165 2315 114 2201 307 255 1894 274 1620 322 81 297 52 40
internal_count=4068 1753 1391 362 1365 1200 165 2315 114 2201 307 255 1894 274 1620 322 81 297 52 40
is_linear=0
shrinkage=0.03


Tree=351
num_leaves=10
num_cat=0
split_feature=35 36 31 35 24 36 35 32 36
split_gain=2.75934e-05 0.00031522 0.000198274 0.000424991 0.000320386 0.000374487 0.000104756 0.000287532 0.000160858
threshold=0.064830555251102193 -0.024623202840402172 -0.047537407576011707 0.046508282606670649 -6.3035811327951654 0.035784106438194553 0.038221958574974353 0.028847272805960226 0.016735754678415701
decision_type=2 2 2 2 2 2 2 2 2
left_child=2 -2 -1 6 -5 -6 8 -8 -4
right_child=1 -3 3 4 5 -7 7 -9 -10
leaf_value=9.1479039314870162e-05 0 8.8714009244352223e-05 0 0 -0.00013598653838586082 0 0 7.6209801980579021e-05 -2.4789477835332597e-05
leaf_weight=20 21 39 3476 20 55 35 100 60 242
leaf_count=20 21 39 3476 20 55 35 100 60 242
internal_value=0 1.99942e-05 -4.48982e-07 -1.66453e-06 -5.97863e-05 -8.69951e-05 0 2.37462e-05 -1.03752e-06
internal_weight=4068 60 4008 3988 110 90 3878 160 3718
internal_count=4068 60 4008 3988 110 90 3878 160 3718
is_linear=0
shrinkage=0.03


Tree=352
num_leaves=18
num_cat=0
split_feature=28 4 31 26 31 25 0 29 28 23 36 31 26 23 5 36 5
split_gain=2.70193e-05 0.00021435 0.00019604 0.000431189 0.000234497 0.000226822 0.000301112 0.000199156 0.000339343 0.000105513 0.000969163 0.000699386 0.000324525 0.000293446 0.000356815 0.000308953 5.12781e-05
threshold=29140289.500000004 173.25000000000003 0.024592826471283694 2.8254539870840536 0.036837246198202396 -1.0346564898020276 95.039268493652358 16.666421802018153 -73953908.499999985 -3.6475581393950445 -0.021626143837050086 -0.012809660730515258 9.6868408377039046 -1.3345389962903764 6321222.0000000009 -0.016666684416211528 2436695.5000000005
decision_type=2 2 2 2 2 2 2 2 2 2 2 2 2 2 2 2 2
left_child=2 -2 5 -4 -5 6 -1 8 -7 10 12 -12 -3 14 -11 -15 -9
right_child=1 9 3 4 -6 7 -8 16 -10 13 11 -13 -14 15 -16 -17 -18
leaf_value=0.00011498711149746282 4.9769901138580359e-05 0 0 -0.00018155339483366851 0 0 0 -1.365597055257447e-05 -7.4742102986441881e-05 -4.4451221949083141e-05 9.3237052768935938e-05 2.7291423932725779e-06 -0.00018927510280090359 3.7992694570432133e-05 4.6366174253862163e-06 -2.1900804007432456e-06 4.4984556511987592e-06
leaf_weight=34 80 22 24 24 20 40 50 179 91 306 115 491 24 187 66 1685 630
leaf_count=34 80 22 24 24 20 40 50 179 91 306 115 491 24 187 66 1685 630
internal_value=0 1.35893e-06 -4.1514e-06 -5.35464e-05 -0.00011501 0 4.62468e-05 -5.08095e-06 -3.93996e-05 0 1.06423e-05 2.4867e-05 -0.000111323 -3.06676e-06 -2.76808e-05 2.23241e-07 0
internal_weight=4068 2976 1092 68 44 1024 84 940 131 2896 652 606 46 2244 372 1872 809
internal_count=4068 2976 1092 68 44 1024 84 940 131 2896 652 606 46 2244 372 1872 809
is_linear=0
shrinkage=0.03


Tree=353
num_leaves=27
num_cat=0
split_feature=28 25 36 33 30 31 4 26 33 28 30 30 30 22 36 36 26 3 28 22 27 25 22 5 26 5
split_gain=2.7178e-05 0.000190383 0.000332449 0.000230108 0.000469032 0.00018069 0.000205256 0.000165341 0.000206373 0.000107347 0.000363666 0.000408084 0.000312936 0.000272248 0.000139626 0.000130181 0.000267402 0.000565265 0.000378776 0.000235372 0.000317701 0.000257225 9.95779e-05 7.06058e-05 3.23919e-05 6.68402e-06
threshold=320597825.50000006 -1.4451416365805982 0.0096781023105872808 -0.009829611635280287 44.471598299732143 0.0079707645697447722 433.60000610351568 9.3716745622879021 -0.029873305232616273 261528040.50000003 29.965736312755876 17.664752177806793 51.083928860820606 54.424913677107405 0.01520133802566874 0.0022783350630390495 11.620576640874765 298.10000610351568 217781964.00000003 70.265115862289946 0.61982796851728772 1.424310994952082 47.754179966952201 4878540.0000000009 10.306749884209372 5542946.0000000009
decision_type=2 2 2 2 2 2 2 2 2 2 2 2 2 2 2 2 2 2 2 2 2 2 2 2 2 2
left_child=9 2 7 4 24 6 -5 -2 -9 15 11 -11 13 -12 -14 19 17 -17 -18 20 -1 -21 -6 -7 -3 -13
right_child=1 3 -4 5 22 23 -8 8 -10 10 12 25 14 -15 -16 16 18 -19 -20 21 -22 -23 -24 -25 -26 -27
leaf_value=0 0 0 0 7.121080109131651e-05 0 0 0 0 0.00011920770094800089 0 8.594941504321319e-05 -0.0001719355079469123 -3.6481532599724338e-05 0 0 1.0790226432285062e-05 0.00012388539866189387 -6.7907562712959832e-05 0 0 -2.7229539975035151e-05 9.6260282375068535e-05 -0.0001350546429230736 -2.811782973976318e-05 3.8083922951968739e-05 0
leaf_weight=1367 26 24 26 73 23 44 123 20 58 33 59 27 162 26 25 1047 43 85 23 29 525 40 38 81 20 21
leaf_count=1367 26 24 26 73 23 44 123 20 58 33 59 27 162 26 25 1047 43 85 23 29 525 40 38 81 20 21
internal_value=0 6.07712e-06 3.84042e-05 0 -4.17489e-05 8.62942e-06 3.07942e-05 6.86837e-05 9.05166e-05 -1.05683e-06 -1.68736e-05 -7.26319e-05 0 4.74455e-05 -2.19415e-05 0 8.44907e-06 2.22552e-06 6.96417e-05 -4.01634e-06 -7.39257e-06 4.50222e-05 -9.95337e-05 -2.14099e-06 0 -0.00012857
internal_weight=4068 556 130 426 105 321 196 104 78 3512 353 81 272 85 187 3159 1198 1132 66 1961 1892 69 61 125 44 48
internal_count=4068 556 130 426 105 321 196 104 78 3512 353 81 272 85 187 3159 1198 1132 66 1961 1892 69 61 125 44 48
is_linear=0
shrinkage=0.03


Tree=354
num_leaves=30
num_cat=0
split_feature=28 20 20 24 24 22 28 26 19 36 33 28 2 35 21 26 36 30 34 36 23 5 34 21 30 36 30 20 31
split_gain=2.6776e-05 0.000167929 0.00031856 0.000474388 0.000792733 0.000579614 0.000310503 0.000413254 0.000239113 0.000483877 0.000301544 0.000202332 0.000192915 0.000433343 0.000288223 0.000152291 0.000282241 0.000675098 0.001345 0.000576284 0.000593798 0.000244255 0.000120515 6.86514e-05 0.000163614 0.000229625 9.92319e-05 9.2665e-05 0.00013303
threshold=111666764.00000001 265.95499839782718 290.50000076293946 1.4040205838774986 -1.5884643994000465 53.383957007286817 154952753.50000003 7.9425977405411485 254.59999847412112 -0.0090168468566471666 0.039623829219932578 239189779.50000003 229.29999542236331 0.02500001362391881 176.28083394368494 3.5402472231932687 0.00082373077055962116 14.953560200797865 -0.056784653079473217 0.0071847708139821239 0.67260064034886125 4547962.5000000009 -0.05942273291347349 120.53166681925457 77.945958413701689 0.00076574397637855271 72.356156481421237 106.74000015258791 -0.0092302639967249394
decision_type=2 2 2 2 2 2 2 2 2 2 2 2 2 2 2 2 2 2 2 2 2 2 2 2 2 2 2 2 2
left_child=15 8 3 4 -3 -5 7 -4 12 -10 -11 -8 14 -14 -2 23 17 22 -19 20 -18 -21 -17 27 26 -26 -25 -1 -29
right_child=1 2 6 5 -6 -7 11 -9 9 10 -12 -13 13 -15 -16 16 19 18 -20 21 -22 -23 -24 24 25 -27 -28 28 -30
leaf_value=0 0 0 0.0001479547491944565 7.2377796862994266e-05 -0.00016539254369172951 -4.1123193014339116e-05 -2.1588269663595494e-05 0 0 0.00011318727833643562 0 6.3114309011278965e-06 0 -6.9468031601296375e-05 4.6615690332271856e-05 9.6590110391580664e-05 0.00011221256861505045 -0.00024481783689244498 -2.1204716037724666e-05 0 0 -5.1147406427787838e-05 0 4.5644405392615939e-06 7.2186796775146e-05 0 -3.1586207276611353e-05 0 -6.1784082906070128e-05
leaf_weight=34 89 55 30 62 52 116 316 37 43 84 35 873 209 88 183 22 75 33 308 49 38 125 25 786 76 70 73 23 59
leaf_count=34 89 55 30 62 52 116 316 37 43 84 35 873 209 88 183 22 75 33 308 49 38 125 25 786 76 70 73 23 59
internal_value=0 2.07809e-06 -1.90499e-06 -3.16045e-05 -8.15192e-05 0 2.44778e-06 6.53979e-05 1.45772e-05 4.78119e-05 8.22667e-05 0 0 -1.08762e-05 2.25594e-05 -2.82031e-06 -1.48074e-05 -3.21857e-05 -5.17052e-05 0 6.02981e-05 -2.48418e-05 4.55496e-05 1.72236e-06 6.51308e-06 3.60516e-05 0 -1.39136e-05 -3.59106e-05
internal_weight=4068 2272 1541 285 107 178 1256 67 731 162 119 1189 569 297 272 1796 675 388 341 287 113 174 47 1121 1005 146 859 116 82
internal_count=4068 2272 1541 285 107 178 1256 67 731 162 119 1189 569 297 272 1796 675 388 341 287 113 174 47 1121 1005 146 859 116 82
is_linear=0
shrinkage=0.03


Tree=355
num_leaves=19
num_cat=0
split_feature=27 25 34 19 33 27 36 26 1 24 34 5 33 25 27 32 22 22
split_gain=2.90739e-05 0.000263227 0.000208177 0.000631616 0.000203097 0.000733983 0.00031408 0.000635669 0.000269259 0.000199131 0.000239121 0.000294357 0.000288122 0.000161656 0.000136651 0.000106731 0.000116792 0.000114214
threshold=0.57016153316312479 -0.48181713483140237 0.028650137337075558 278.21999511718758 0.028329094426792326 0.36051831371560639 0.01302457525062369 4.3950106074279942 260.10000610351568 18.550050136727382 -0.0041125211545089959 3056529.0000000005 0.00082473094570767469 0.080735989693933502 0.46595550272509278 -0.0065640732130123327 61.711712415866906 57.600939201044405
decision_type=2 2 2 2 2 2 2 2 2 2 2 2 2 2 2 2 2 2
left_child=2 15 4 14 6 -6 13 -8 -7 10 11 -3 -12 -1 -4 -2 17 -17
right_child=1 9 3 -5 5 8 7 -9 -10 -11 12 -13 -14 -15 -16 16 -18 -19
leaf_value=-2.7018891955614873e-06 0 0 0 3.6003467770366459e-06 0.00016125230190983892 -9.4065198518289428e-05 0 -9.1074899805776657e-05 3.338477352664848e-05 -7.5566720788453555e-05 3.3938799814534887e-05 -5.4391954846728372e-05 0 2.007953348064742e-05 -0.00014901374701725231 0 0 0.00011481471916763945
leaf_weight=1643 20 53 41 33 32 24 41 104 26 31 286 139 1114 331 40 28 40 42
leaf_count=1643 20 53 41 33 32 24 41 104 26 31 286 139 1114 331 40 28 40 42
internal_value=0 2.83722e-06 -2.28185e-06 -4.18056e-05 0 4.60484e-05 -2.02599e-06 -4.48114e-05 0 0 1.01086e-06 -2.76254e-05 7.08253e-06 0 -9.72773e-05 4.39251e-05 5.61458e-05 8.03156e-05
internal_weight=4068 1753 2315 114 2201 82 2119 145 50 1623 1592 192 1400 1974 81 130 110 70
internal_count=4068 1753 2315 114 2201 82 2119 145 50 1623 1592 192 1400 1974 81 130 110 70
is_linear=0
shrinkage=0.03


Tree=356
num_leaves=24
num_cat=0
split_feature=35 24 27 28 33 30 33 24 34 32 36 36 32 32 5 1 36 33 5 26 36 33 1
split_gain=2.83543e-05 0.000176451 0.000145257 0.000111493 8.28024e-05 0.00030102 0.000214496 0.000372534 0.00114214 0.000256061 0.000383831 0.000265289 0.000245443 0.000191202 0.000251198 0.000189997 0.000171913 0.000226622 2.86278e-05 8.61205e-05 6.98437e-05 6.7878e-05 1.90356e-08
threshold=0.010094400911118606 -0.35279927798623739 0.11849249407920905 45491616.500000007 0.011681944588277539 83.124523304252406 -0.00075417066688626677 5.1443041251500281 0.0025532636956064896 0.010756116744612522 0.0012693035654407693 0.0085664132710072845 0.026094531099265409 0.016475600729772725 2966202.5000000005 378.30000305175787 0.031925971557785336 0.021559473920345521 3360390.5000000005 3.143036152539231 -0.0042784983717813309 0.0094046328628455429 196.44999694824222
decision_type=2 2 2 2 2 2 2 2 2 2 2 2 2 2 2 2 2 2 2 2 2 2 2
left_child=1 2 -1 -4 6 13 9 12 -9 11 -11 -2 -8 14 -6 -15 17 -7 20 -20 -3 -22 -5
right_child=4 18 3 22 5 16 7 8 -10 10 -12 -13 -14 15 -16 -17 -18 -19 19 -21 21 -23 -24
leaf_value=0 3.9710979835709442e-06 0 -0.00011349707188532973 0 0 0 0 -0.00025856072675775393 0 0 0.00010926203431880248 -3.3459007764253005e-05 -9.5311750002034676e-05 1.3152116874048021e-05 4.4720714524367806e-05 -2.8257201677942742e-05 0 -5.1139698297353229e-05 0 -5.2081963044984889e-05 3.7384855157564478e-05 0 -7.0880577883128225e-07
leaf_weight=23 1574 25 32 21 67 52 553 23 47 35 49 191 25 471 336 112 31 163 41 29 106 28 34
leaf_count=23 1574 25 32 21 67 52 553 23 47 35 49 191 25 471 336 112 31 163 41 29 106 28 34
internal_value=0 -8.34558e-06 -4.07049e-05 -5.99612e-05 7.13978e-07 7.58973e-06 -1.47724e-06 -1.70422e-05 -8.58286e-05 2.35588e-06 5.35003e-05 0 -3.50888e-06 1.66699e-05 3.32668e-05 4.85851e-08 -1.66066e-05 -3.21686e-05 0 -4.51061e-06 1.23684e-05 2.54999e-05 0
internal_weight=4068 339 110 87 3729 1232 2497 648 70 1849 84 1765 578 986 403 583 246 215 229 70 159 134 55
internal_count=4068 339 110 87 3729 1232 2497 648 70 1849 84 1765 578 986 403 583 246 215 229 70 159 134 55
is_linear=0
shrinkage=0.03


Tree=357
num_leaves=23
num_cat=0
split_feature=25 33 5 0 30 33 32 25 33 30 31 30 0 33 32 33 19 5 0 5 27 0
split_gain=2.82206e-05 0.000213784 0.000455731 0.000420197 0.000304625 0.000262115 0.000242177 0.000126427 0.00016232 7.92239e-05 0.000290672 0.000206745 0.000605916 0.000265502 0.000152148 0.000110076 7.05795e-05 0.000169987 6.87982e-05 4.03003e-05 0.000234803 1.53809e-05
threshold=1.975417229296998 0.038378142881777329 5992197.5000000009 314.24983215332037 79.093729125942232 0.056559516180024423 0.03357200868513089 1.7187143651758146 0.0027781940107199925 78.605038375570174 0.0019531648287076657 58.988142675701305 315.48075866699224 0.028329094426792326 -0.014310465271476112 0.015904595356521337 373.3200012207032 3548311.0000000005 407.63150024414068 10335346.500000002 1.0958797442397439 274.09886169433599
decision_type=2 2 2 2 2 2 2 2 2 2 2 2 2 2 2 2 2 2 2 2 2 2
left_child=7 2 16 4 -4 6 -3 9 -9 11 14 13 -13 -1 -11 -12 17 -2 -18 -7 -21 -10
right_child=1 5 3 -5 -6 19 -8 8 21 10 15 12 -14 -15 -16 -17 18 -19 -20 20 -22 -23
leaf_value=0 0 0 0.00025084806938695633 0 0 0 -0.00014869161325499139 0 -7.7458079187523566e-05 0 -4.0266762939914319e-05 0 -6.7687944875031709e-05 3.4944770324977745e-05 5.6308475771082955e-05 0 4.0122756591797107e-05 -6.0345548336463846e-05 0 8.648779735094345e-05 0 0
leaf_weight=2218 30 25 20 36 34 24 21 30 46 30 61 667 159 203 146 108 55 52 28 33 22 20
leaf_count=2218 30 25 20 36 34 24 21 30 46 30 61 667 159 203 146 108 55 52 28 33 22 20
internal_value=0 7.69806e-06 2.81599e-05 8.24464e-05 0.000135318 -1.00524e-05 -7.34264e-05 -8.82716e-07 -3.48414e-05 0 1.36917e-05 -1.42659e-06 -1.49087e-05 1.93458e-06 4.30455e-05 0 0 -2.11537e-05 1.79529e-05 0 2.56566e-05 -6.30474e-05
internal_weight=4068 380 255 90 54 125 46 3688 96 3592 345 3247 826 2421 176 169 165 82 83 79 55 66
internal_count=4068 380 255 90 54 125 46 3688 96 3592 345 3247 826 2421 176 169 165 82 83 79 55 66
is_linear=0
shrinkage=0.03


Tree=358
num_leaves=19
num_cat=0
split_feature=35 24 27 28 29 25 36 29 25 30 29 24 30 5 36 33 5 1
split_gain=2.72836e-05 0.000167339 0.000140606 0.00010035 8.13818e-05 0.00025913 0.00047211 0.000215059 0.000533372 0.000386422 0.000284499 0.000237574 0.000140988 2.52193e-05 6.65284e-05 6.47453e-05 4.75055e-05 6.5705e-09
threshold=0.010094400911118606 -0.35279927798623739 0.11849249407920905 45491616.500000007 9.0524970960783708 -0.67635984057563325 -0.010450338658939825 13.284234433958884 -0.37107439487942767 17.356421457860048 14.512260540673696 18.550050136727382 17.971430209781378 3360390.5000000005 -0.0042784983717813309 0.0094046328628455429 4151165.0000000005 196.44999694824222
decision_type=2 2 2 2 2 2 2 2 2 2 2 2 2 2 2 2 2 2
left_child=1 2 -1 -4 5 6 -2 8 9 -6 12 -12 -9 14 -3 -16 -15 -5
right_child=4 13 3 17 7 -7 -8 10 -10 -11 11 -13 -14 16 15 -17 -18 -19
leaf_value=0 0 0 -0.00011029329927198623 0 9.7492636453417835e-05 0 -0.00013524310427106458 -0.00011345617513930827 -1.5881419416800856e-05 0 3.4289348393250571e-06 -6.0494594833803843e-05 0 -3.5856187486897498e-05 3.6293573251104246e-05 0 0 -4.1643122864526116e-07
leaf_weight=23 40 25 32 21 108 40 39 29 46 46 3302 50 29 34 106 28 36 34
leaf_count=23 40 25 32 21 108 40 39 29 46 46 3302 50 29 34 106 28 36 34
internal_value=0 -8.23902e-06 -3.9711e-05 -5.87048e-05 6.41932e-07 -2.18863e-05 -6.05774e-05 2.21614e-06 3.24944e-05 6.64132e-05 0 1.57868e-06 -6.52936e-05 0 1.16548e-05 2.46507e-05 -3.93649e-06 0
internal_weight=4068 339 110 87 3729 119 79 3610 200 154 3410 3352 58 229 159 134 70 55
internal_count=4068 339 110 87 3729 119 79 3610 200 154 3410 3352 58 229 159 134 70 55
is_linear=0
shrinkage=0.03


Tree=359
num_leaves=21
num_cat=0
split_feature=27 25 26 32 26 26 31 22 27 25 5 33 30 5 25 25 25 36 31 31
split_gain=2.72319e-05 0.000253696 0.000244328 0.000230716 0.000228048 0.000552183 0.000464284 0.000220198 0.000196984 0.000383641 0.000140936 0.000803525 0.000602016 0.000453983 0.000292955 0.00017311 0.000165086 9.98604e-05 5.13979e-05 2.42481e-06
threshold=0.57016153316312479 0.16891628846157961 15.660529270434274 -0.010919763586652363 10.639408520510628 9.527346363755461 0.017448375187890556 64.200191969071753 0.55394070679102003 0.16891628846157961 11213305.000000002 -0.057778747975586402 39.150778324415946 9461846.5000000019 -2.0634410011418987 -1.1127230284099432 -1.1605702666031947 0.019238171826568853 -0.0096939301335464672 0.0036809228568079892
decision_type=2 2 2 2 2 2 2 2 2 2 2 2 2 2 2 2 2 2 2 2
left_child=8 3 4 18 5 -3 -6 17 10 -10 13 14 -13 15 -12 -1 -15 -5 -2 -9
right_child=1 2 -4 7 6 -7 -8 19 9 -11 11 12 -14 16 -16 -17 -18 -19 -20 -21
leaf_value=-1.3984466323438257e-05 0 0 -9.2194348119731818e-05 5.5537877583785027e-05 0 -7.8332882999374975e-05 0.00012122876449729431 -1.0419866024975224e-05 -0.00012005572973385281 0 9.9948212625359389e-05 -0.00016720894550337494 0 0.00012114533408376291 0 4.4355132377264245e-06 0 0 -4.7972871235193006e-05 0
leaf_weight=654 20 1116 26 238 124 84 41 20 37 27 28 49 24 38 20 1417 21 31 20 33
leaf_count=654 20 1116 26 238 124 84 41 20 37 27 28 49 24 38 20 1417 21 31 20 33
internal_value=0 2.65259e-06 -1.1839e-06 2.56757e-05 0 -3.9869e-06 3.35798e-05 3.72259e-05 -2.2931e-06 -5.43662e-05 0 -3.21075e-05 -0.000106618 9.69128e-07 1.88272e-05 0 8.33505e-05 4.89403e-05 0 0
internal_weight=4068 1753 1391 362 1365 1200 165 322 2315 64 2251 121 73 2130 48 2071 59 269 40 53
internal_count=4068 1753 1391 362 1365 1200 165 322 2315 64 2251 121 73 2130 48 2071 59 269 40 53
is_linear=0
shrinkage=0.03


Tree=360
num_leaves=18
num_cat=0
split_feature=35 26 24 34 21 20 0 34 35 33 32 31 20 32 24 33 0
split_gain=2.74672e-05 0.000159604 0.000301308 0.000212357 7.59528e-05 0.000192825 0.000422366 0.000325425 0.000438363 0.000287575 0.000123421 8.15041e-05 9.37364e-05 4.2025e-05 5.72629e-05 5.42999e-05 8.40786e-08
threshold=0.010094400911118606 3.0952696633773251 3.1188737696664179 -0.018344151910825553 120.53166681925457 126.03250007629396 85.897575378417983 0.078614621452382419 0.017124895255674722 -0.022551146436173338 -0.02159310954540616 -0.0092302639967249394 106.74000015258791 -0.0038714593455357878 -0.54543770726986951 -0.0052587861100676916 90.045421600341811
decision_type=2 2 2 2 2 2 2 2 2 2 2 2 2 2 2 2 2
left_child=1 13 3 -3 11 7 9 8 -6 -7 -8 -2 -13 14 -1 -15 -17
right_child=4 2 -4 -5 5 6 10 -9 -10 -11 -12 12 -14 15 -16 16 -18
leaf_value=0 0 0 0 -8.6000498592375845e-05 0 -0.00014227569775530091 1.4680072967920926e-05 -2.2849004486011017e-05 8.6714851010174992e-05 0 0 0 -5.9787168416908466e-05 -4.812596759469781e-05 4.2232872374860486e-05 0 9.6594740027439858e-07
leaf_weight=20 29 30 32 85 116 31 559 22 115 33 2740 25 59 21 50 20 81
leaf_count=20 29 30 32 85 116 31 559 22 115 33 2740 25 59 21 50 20 81
internal_value=0 -8.31851e-06 -3.37049e-05 -6.17079e-05 5.80251e-07 2.10849e-06 0 2.73713e-05 4.51434e-05 -7.60491e-05 1.68882e-06 -2.17568e-05 -3.88433e-05 0 2.32282e-05 0 0
internal_weight=4068 339 147 115 3729 3616 3363 253 231 64 3299 113 84 192 70 122 101
internal_count=4068 339 147 115 3729 3616 3363 253 231 64 3299 113 84 192 70 122 101
is_linear=0
shrinkage=0.03


Tree=361
num_leaves=21
num_cat=0
split_feature=20 2 31 23 35 24 32 23 20 33 31 31 31 5 26 23 0 26 30 31
split_gain=2.75077e-05 0.000565458 0.000386856 0.000207733 0.000548362 0.000398911 0.00114494 0.000341222 0.000179321 0.00016793 0.000284645 0.000284299 0.000332234 0.000334943 0.000167211 0.000165653 0.000144885 0.000171382 0.000141942 0.000129438
threshold=371.67000198364263 378.50000000000006 0.0020768646178237486 6.7032853982423726 0.029667495766564102 5.1443041251500281 -0.014934732642574276 17.414645195690841 283.77999992370616 -0.010767904000596571 0.0079707645697447722 -0.023567597368647938 0.0078238882416044059 2783531.5000000005 6.9686725102458622 -5.4975397737390912 398.09893798828131 9.0023901920888907 85.655778423565195 0.024592826471283694
decision_type=2 2 2 2 2 2 2 2 2 2 2 2 2 2 2 2 2 2 2 2
left_child=1 3 -3 5 8 18 -7 -6 -5 11 14 -2 13 -13 -11 -16 17 -12 -1 -18
right_child=9 2 -4 4 7 6 -8 -9 -10 10 16 12 -14 -15 15 -17 19 -19 -20 -21
leaf_value=1.0623713316789061e-06 3.9286674865249949e-05 0 -0.00018182479062561885 -3.7801381781337324e-05 9.6629746478005331e-05 0 -0.00017457978171902486 0 1.768385519860523e-05 0 8.6131146379977075e-05 0 0 -7.5279731820229493e-05 0 5.24815750882707e-05 -5.8167986996721319e-05 0 -2.9508754996564805e-05 0
leaf_weight=2783 39 20 26 94 104 37 46 27 86 20 22 24 28 143 30 258 70 37 143 31
leaf_count=2783 39 20 26 94 104 37 46 27 86 20 22 24 28 143 30 258 70 37 143 31
internal_value=0 -1.31145e-06 -0.000105664 0 2.34715e-05 -2.27487e-06 -6.71396e-05 7.12166e-05 0 5.19764e-06 1.82045e-05 -7.99776e-06 -3.28467e-05 -5.52186e-05 3.65375e-05 4.4159e-05 0 1.28159e-05 0 -3.45509e-05
internal_weight=4068 3366 46 3320 311 3009 83 131 180 702 468 234 195 167 308 288 160 59 2926 101
internal_count=4068 3366 46 3320 311 3009 83 131 180 702 468 234 195 167 308 288 160 59 2926 101
is_linear=0
shrinkage=0.03


Tree=362
num_leaves=25
num_cat=0
split_feature=29 29 5 19 29 29 3 36 27 20 24 31 5 34 0 27 29 0 32 31 32 29 36 29
split_gain=2.69716e-05 0.000221956 0.000382855 0.000351955 0.000703513 0.000259053 0.000248813 0.000246607 0.000200375 0.000409852 0.000273919 0.000194516 0.000183047 0.000645669 0.000418445 0.000483132 0.000272568 0.000154268 0.000134459 0.000491306 0.000403144 0.00010044 0.000304312 0.000222557
threshold=35.128228889001122 49.766828040662453 4239251.0000000009 287.51999816894539 45.030579454736021 50.860438503795343 229.29999542236331 -0.0016319956628030386 0.49051491113625229 321.08499755859378 4.756326041820004 -0.0015447956713017794 9461846.5000000019 -0.083444739828477374 196.94541168212893 0.10938729738533783 26.759450505805017 125.47479248046876 -0.0041528896541935248 -0.00064246249239452425 -0.0029353788506032981 44.681412733091967 -0.0082720937752567784 38.709291183747744
decision_type=2 2 2 2 2 2 2 2 2 2 2 2 2 2 2 2 2 2 2 2 2 2 2 2
left_child=8 2 21 6 -5 7 -4 -3 12 10 11 -10 13 -1 17 -16 -15 -14 19 -7 -20 23 -23 -2
right_child=1 5 3 4 -6 18 -8 -9 9 -11 -12 -13 14 16 15 -17 -18 -19 20 -21 -22 22 -24 -25
leaf_value=-0.00015646850829387446 0 0.00014414336223405997 -3.6941283894458144e-05 -0.0001542017726391748 0 0 3.2502823173959479e-05 0 0 0.00010602790383415709 -5.4090757235084653e-05 5.9828225515385185e-05 1.9604667336624329e-05 -1.0174053451075203e-05 0.00015940889058448874 0 2.510339357599791e-05 -6.3440939529840268e-05 8.9915167933939604e-05 -7.0490694891975434e-05 0 -0.00011228754534154193 0 4.4181969174580213e-05
leaf_weight=25 94 22 126 63 34 370 49 26 57 50 46 80 25 835 37 21 252 32 48 108 1442 25 74 127
leaf_count=25 94 22 126 63 34 370 49 26 57 50 46 80 25 835 37 21 252 32 48 108 1442 25 74 127
internal_value=0 -1.98331e-06 -1.86495e-05 -4.49797e-05 -9.45062e-05 1.42339e-06 -3.56409e-07 7.02286e-05 3.09821e-06 2.88752e-05 0 2.85368e-05 0 -5.48075e-06 3.37796e-05 9.35011e-05 0 0 0 -1.40937e-05 4.18087e-06 0 -2.07313e-05 1.4704e-05
internal_weight=4068 2608 592 272 97 2016 175 48 1460 233 183 137 1227 1112 115 58 1087 57 1968 478 1490 320 99 221
internal_count=4068 2608 592 272 97 2016 175 48 1460 233 183 137 1227 1112 115 58 1087 57 1968 478 1490 320 99 221
is_linear=0
shrinkage=0.03


Tree=363
num_leaves=26
num_cat=0
split_feature=25 29 2 0 34 31 2 29 25 25 24 31 34 35 19 35 36 29 31 28 36 25 24 34 25
split_gain=2.61549e-05 0.00015835 0.00075176 0.000394649 0.000389919 0.000335758 0.000307142 0.000171625 0.00011693 0.00025887 0.000549946 0.000177175 0.0004245 0.000318856 0.000408806 0.000285182 0.000229444 0.000176093 0.000171528 0.00107083 0.000182455 6.26288e-05 6.06604e-05 3.94697e-05 3.01867e-05
threshold=1.975417229296998 84.208304412062333 378.50000000000006 327.46440124511724 0.0074711435482480723 -0.015384588486109017 310.10000610351568 87.247602507491521 0.62336313064283544 0.47299443732152319 0.86136588401265068 0.0079707645697447722 0.030007867727394947 0.015533953422867366 178.1299987792969 0.038221958574974353 -0.0044045693817097225 79.16667392492694 -0.020431994563503305 197679511.50000003 -0.0077812994725352013 1.3378256929896934 -3.2018015604382626 0.081722375369062142 0.52642234067860605
decision_type=2 2 2 2 2 2 2 2 2 2 2 2 2 2 2 2 2 2 2 2 2 2 2 2 2
left_child=8 3 7 5 -5 -2 -7 -3 9 18 17 13 21 16 -15 -14 -10 -11 19 -1 -20 -13 -6 -9 -12
right_child=1 2 -4 4 22 6 -8 23 11 10 24 12 15 14 -16 -17 -18 -19 20 -21 -22 -23 -24 -25 -26
leaf_value=-8.7416792801089471e-05 8.5077151441548902e-05 0 -0.00015226942637680844 0 0 0 -8.6541274655889148e-05 0 0 9.8852354052989531e-05 0 2.3991366680371587e-05 -7.8869827596868985e-05 6.7478494442639657e-05 0 0 -5.3915354157709203e-05 0 1.7120727416570526e-05 2.8863445950888648e-05 -1.9478179188941494e-06 -1.1426574898461349e-05 0.00011619478590029503 6.9948115779151974e-05 -2.5403159417515071e-05
leaf_weight=135 28 24 29 25 20 75 50 21 57 91 20 91 145 99 284 33 141 23 547 99 1851 30 68 40 42
leaf_count=135 28 24 29 25 20 75 50 21 57 91 20 91 145 99 284 33 141 23 547 99 1851 30 68 40 42
internal_value=0 7.35381e-06 -6.16876e-06 2.44233e-05 6.74083e-05 0 -2.81016e-05 8.54506e-06 -8.99517e-07 1.16404e-06 3.66681e-05 -1.08922e-05 -2.97023e-05 0 1.47467e-05 -6.02225e-05 -3.20634e-05 8.00814e-05 -7.16147e-08 -2.5415e-05 1.15139e-06 0 9.90786e-05 5.12808e-05 0
internal_weight=4068 380 114 266 113 153 125 85 3688 2808 176 880 299 581 383 178 198 114 2632 234 2398 121 88 61 62
internal_count=4068 380 114 266 113 153 125 85 3688 2808 176 880 299 581 383 178 198 114 2632 234 2398 121 88 61 62
is_linear=0
shrinkage=0.03


Tree=364
num_leaves=24
num_cat=0
split_feature=30 30 36 24 31 36 31 35 36 22 30 0 4 30 32 30 28 29 23 36 22 32 32
split_gain=2.6771e-05 0.000151238 0.000264483 0.000346372 0.000131341 0.00032069 0.000137423 0.000225274 0.000169812 0.000170071 0.000160032 0.000107867 0.00014144 0.000106991 0.000863345 9.76324e-05 0.000388085 0.000114888 9.48676e-05 9.41027e-05 6.99258e-05 3.10365e-05 2.38866e-05
threshold=22.286073117350323 26.117591770836139 -0.0080923674422729245 -0.37053795794858407 -0.011105637742214456 -0.001943179129270146 -0.0076198084242355404 0.023472630129272507 -1.0000000180025095e-35 28.231954275083385 17.078602307551119 268.39170837402349 231.90000152587893 28.977220072234285 0.018929743197433128 34.740391173132174 164354029.50000003 33.970912167820309 -1.2517083534272613 -0.0016949109438448974 42.757575585600598 -0.02159310954540616 -0.025101473231413537
decision_type=2 2 2 2 2 2 2 2 2 2 2 2 2 2 2 2 2 2 2 2 2 2 2
left_child=4 2 21 20 5 11 7 18 9 -8 -10 12 -1 14 19 16 -15 -17 -6 -3 -4 -2 -13
right_child=1 13 3 -5 6 -7 8 -9 10 -11 -12 22 -14 15 -16 17 -18 -19 -20 -21 -22 -23 -24
leaf_value=0 3.4773737077250486e-05 -3.3084749449132626e-05 -0.0001279183246739577 0 -0.00012030971662416468 0.00013874029217744076 0 0 -2.8631092541765095e-05 4.4527628601777492e-05 7.6895197826079094e-06 7.1646665194972901e-05 -5.1444055677852402e-05 -5.1835508149852309e-05 0.00019854262839869502 1.9366810333362762e-05 2.8944765701270214e-06 -1.0837551971996043e-06 0 2.0942496367693408e-05 0 0 0
leaf_weight=92 23 58 46 72 28 22 20 25 167 156 144 23 48 163 22 268 125 2420 27 48 21 30 20
leaf_count=92 23 58 46 72 28 22 20 25 167 156 144 23 48 163 22 268 125 2420 27 48 21 30 20
internal_value=0 -1.29428e-06 -2.71533e-05 -5.22444e-05 4.90453e-06 2.58242e-05 0 -3.84799e-05 3.22824e-06 2.98051e-05 -2.17356e-06 0 0 0 2.71109e-05 -8.47695e-07 -1.76754e-05 0 -7.63684e-05 0 -0.000101509 0 4.74598e-05
internal_weight=4068 3296 192 139 772 205 567 80 487 176 311 183 140 3104 128 2976 288 2688 55 106 67 53 43
internal_count=4068 3296 192 139 772 205 567 80 487 176 311 183 140 3104 128 2976 288 2688 55 106 67 53 43
is_linear=0
shrinkage=0.03


Tree=365
num_leaves=22
num_cat=0
split_feature=30 30 25 31 25 33 32 30 32 28 35 25 30 32 30 28 25 25 31 31 33
split_gain=2.54776e-05 0.00014277 0.000132135 0.000330573 0.000162781 0.000416952 0.000305977 0.000181467 0.000131299 0.000389651 0.000112047 0.000106642 0.000100539 0.000812543 8.86313e-05 0.000368559 0.000115299 7.01718e-05 6.13123e-05 2.97851e-05 1.12936e-05
threshold=22.286073117350323 26.117591770836139 -2.8198615963119544 -0.011729025487190124 -1.2901271319232464 -0.050337068256813715 -0.0069954894047625218 16.348945891914124 -0.030562138627468646 147381651.50000003 0.024701568323880371 -1.9691880485236062 28.977220072234285 0.018929743197433128 34.740391173132174 164354029.50000003 -1.4451416365805982 -3.5251590956149568 0.0024777779342927135 -0.0063661770686884714 -0.0094470525608993921
decision_type=2 2 2 2 2 2 2 2 2 2 2 2 2 2 2 2 2 2 2 2 2
left_child=2 8 3 -1 5 -4 -7 18 -2 20 -9 -11 13 19 15 -14 -16 -5 -6 -3 -10
right_child=1 12 4 17 7 6 -8 10 9 11 -12 -13 14 -15 16 -17 -18 -19 -20 -21 -22
leaf_value=0.00010407970127596768 0 -2.5705004310086734e-05 6.5908959072861635e-05 -2.9249665570397767e-05 0 -7.5690238165050048e-05 0 4.1909902405802638e-05 -6.4257464000446945e-06 0 0 -0.00011156847360568807 -5.028139626263121e-05 0.0001926133007035544 2.558639162634443e-05 2.8077133618580214e-06 -6.0337608574235278e-07 3.4080577417203372e-05 -3.0556349349704564e-05 2.1677933264223962e-06 1.2780698723739171e-05
leaf_weight=40 22 40 20 41 150 115 99 179 36 25 45 56 163 22 157 125 2531 24 59 66 53
leaf_count=40 22 40 20 41 150 115 99 179 36 25 45 56 163 22 157 125 2531 24 59 66 53
internal_value=0 -1.2292e-06 4.82159e-06 3.60873e-05 0 -2.02597e-05 -4.2352e-05 1.07891e-05 -2.63593e-05 -3.84627e-05 3.08829e-05 -8.61799e-05 0 2.63019e-05 -7.92055e-07 -1.68332e-05 0 0 0 0 0
internal_weight=4068 3296 772 105 667 234 214 433 192 170 224 81 3104 128 2976 288 2688 65 209 106 89
internal_count=4068 3296 772 105 667 234 214 433 192 170 224 81 3104 128 2976 288 2688 65 209 106 89
is_linear=0
shrinkage=0.03


Tree=366
num_leaves=26
num_cat=0
split_feature=29 29 35 30 36 29 35 27 21 23 29 36 0 29 23 36 36 36 30 19 29 25 28 23 35
split_gain=2.56866e-05 0.000213 0.00031498 0.000377776 0.000366584 0.000240582 0.00024607 0.000182279 0.000422406 0.000322692 0.000162412 0.000447574 0.000350992 0.000278924 0.00024725 0.000381095 0.000133546 0.000378111 0.000230968 0.000110736 9.70664e-05 8.67586e-05 6.06129e-05 6.39386e-05 3.18165e-05
threshold=35.128228889001122 49.766828040662453 0.014146260042369109 33.349201142001156 -0.022222229286476415 50.860438503795343 0.015286726659485451 0.49051491113625229 280.86083450317386 4.3483893657579538 26.759450505805017 -0.010450338658939825 212.91563415527347 18.083440658258969 -0.13722048771351322 -0.010638279275076415 0.0021739212083266885 0.0043572993023255477 79.093729125942232 129.99000015258792 27.907490802916662 -1.0346564898020276 24284253.000000004 2.3921397990561393 0.016680939742803821
decision_type=2 2 2 2 2 2 2 2 2 2 2 2 2 2 2 2 2 2 2 2 2 2 2 2 2
left_child=7 2 22 24 -5 6 -3 10 9 19 11 13 -13 -1 15 -12 18 -18 -7 -9 -10 -16 -2 -24 -4
right_child=1 5 3 4 -6 16 -8 8 20 -11 14 12 -14 -15 21 -17 17 -19 -20 -21 -22 -23 23 -25 -26
leaf_value=4.3708115910399818e-05 0 0 -1.7659933392005524e-05 0 -6.5391736010868759e-05 -1.7530712295001173e-05 0.00012548829088616432 0 0.00012387592002866685 -6.5216383321762251e-05 0 0 -5.0694687410713414e-05 0 0 6.7313804106869453e-05 5.4887002349624894e-05 0 9.3534272619921015e-06 4.3806769202521367e-05 0 -4.5270483471511854e-05 3.7879577339004445e-05 0 1.3586284312576317e-05
leaf_weight=189 50 20 23 30 268 775 28 20 42 46 50 435 256 82 31 146 134 760 299 101 24 38 80 25 116
leaf_count=189 50 20 23 30 268 775 28 20 42 46 50 435 256 82 31 146 134 760 299 101 24 38 80 25 116
internal_value=0 -1.82211e-06 -1.8187e-05 -3.3017e-05 -5.23353e-05 1.49609e-06 6.77891e-05 3.14684e-06 2.76732e-05 0 0 -7.1859e-06 -2.22544e-05 2.01639e-05 1.90782e-05 4.03336e-05 0 8.43983e-06 -7.253e-06 2.79127e-05 9.19346e-05 0 4.27616e-06 2.33673e-05 0
internal_weight=4068 2608 592 437 298 2016 48 1460 233 167 1227 962 691 271 265 196 1968 894 1074 121 66 69 155 105 139
internal_count=4068 2608 592 437 298 2016 48 1460 233 167 1227 962 691 271 265 196 1968 894 1074 121 66 69 155 105 139
is_linear=0
shrinkage=0.03


Tree=367
num_leaves=19
num_cat=0
split_feature=28 4 31 26 25 0 31 27 35 23 36 31 20 27 27 22 33 35
split_gain=2.59741e-05 0.000206909 0.000173915 0.000395886 0.000221332 0.000278865 0.000201986 0.000188837 0.000338512 0.000102429 0.000943933 0.000619455 0.000414592 0.000371596 0.000700135 0.000256568 9.12914e-05 4.62455e-05
threshold=29140289.500000004 173.25000000000003 0.024592826471283694 2.8254539870840536 -1.0346564898020276 95.039268493652358 0.036837246198202396 0.03534116419179132 0.013174725440869074 -3.6475581393950445 -0.021626143837050086 -0.012809660730515258 267.31999855041505 0.10582851354302393 0.28146306422049355 35.984087841709048 -0.025161225992936961 0.01719674192573158
decision_type=2 2 2 2 2 2 2 2 2 2 2 2 2 2 2 2 2 2
left_child=2 17 4 -4 5 -1 -5 8 -6 10 12 -12 -3 15 -15 -11 -9 -2
right_child=1 9 3 6 7 -7 -8 16 -10 13 11 -13 -14 14 -16 -17 -18 -19
leaf_value=0.00011181001342174833 0 0 0 -0.00017186291738755273 0 0 0 2.7738763228950039e-05 -0.00010076000526784056 0 8.9446640896106378e-05 3.3785071286493231e-06 -0.00018843573598383828 -5.174783208463211e-05 0 6.6737809388700371e-05 -4.400393643799119e-06 6.5165654228562441e-05
leaf_weight=34 25 20 24 24 22 50 20 87 49 33 115 491 26 277 1828 106 782 55
leaf_count=34 25 20 24 24 22 50 20 87 49 33 115 491 26 277 1828 106 782 55
internal_value=0 1.43716e-06 -3.97199e-06 -5.05118e-05 0 4.56583e-05 -0.000109633 -5.03971e-06 -5.22127e-05 0 1.05851e-05 2.46733e-05 -0.000109587 -2.91911e-06 -7.2911e-06 4.16803e-05 0 4.90057e-05
internal_weight=4068 2976 1092 68 1024 84 44 940 71 2896 652 606 46 2244 2105 139 869 80
internal_count=4068 2976 1092 68 1024 84 44 940 71 2896 652 606 46 2244 2105 139 869 80
is_linear=0
shrinkage=0.03


Tree=368
num_leaves=23
num_cat=0
split_feature=35 24 27 28 35 5 21 33 23 36 35 23 27 23 27 27 24 36 5 26 36 33
split_gain=2.53545e-05 0.000151289 0.000131593 9.54548e-05 7.80123e-05 0.000441496 0.000179027 0.000206769 0.000109511 0.000164261 8.31599e-05 0.000408335 0.000471288 0.000345734 0.000226471 0.000755948 0.000573174 7.275e-05 2.11605e-05 7.35552e-05 6.20175e-05 6.01026e-05
threshold=0.010094400911118606 -0.35279927798623739 0.11849249407920905 45491616.500000007 0.013602358252978931 4574433.0000000009 168.21583404541019 -0.012124033472292793 2.0744108436856128 0.0016158988406580288 0.018254792257765901 -1.1381183173241707 0.3676835496476682 -0.37458975962097435 0.22320715544695122 0.21026528544805054 -3.2825413728025947 -0.0026910687358301061 3360390.5000000005 3.143036152539231 -0.0042784983717813309 0.0094046328628455429
decision_type=2 2 2 2 2 2 2 2 2 2 2 2 2 2 2 2 2 2 2 2 2 2
left_child=1 2 -1 -4 5 8 -7 -8 17 -10 11 12 -6 -13 15 -12 -16 -2 20 -20 -3 -22
right_child=4 18 3 -5 10 6 7 -9 9 -11 14 13 -14 -15 16 -17 -18 -19 19 -21 21 -23
leaf_value=0 0 0 -0.0001061041203814898 0 0 0 0 0.0001111292392493623 0 -6.6292138950189565e-05 0 6.239783288937145e-05 -8.4152847952391832e-05 -1.64434860811876e-06 4.4443440416374879e-05 -0.00014006247331821203 0 1.7753575872439671e-05 0 -4.792971056378949e-05 3.4774344779957442e-05 0
leaf_weight=23 158 25 32 55 220 27 30 66 60 53 533 80 121 525 324 39 1244 249 41 29 106 28
leaf_count=23 158 25 32 55 220 27 30 66 60 53 533 80 121 525 324 39 1244 249 41 29 106 28
internal_value=0 -7.84728e-06 -3.77671e-05 -5.62383e-05 7.20781e-07 1.05628e-05 6.1731e-05 8.09815e-05 0 -2.74983e-05 -3.58085e-07 -8.48168e-06 -3.56468e-05 1.87509e-06 1.83143e-06 -1.23098e-05 8.90367e-06 5.65934e-06 0 -3.0463e-06 1.07523e-05 2.35242e-05
internal_weight=4068 339 110 87 3729 643 123 96 520 113 3086 946 341 605 2140 572 1568 407 229 70 159 134
internal_count=4068 339 110 87 3729 643 123 96 520 113 3086 946 341 605 2140 572 1568 407 229 70 159 134
is_linear=0
shrinkage=0.03


Tree=369
num_leaves=29
num_cat=0
split_feature=28 20 34 35 36 22 21 35 27 5 27 23 31 30 0 25 36 31 32 35 32 36 36 32 31 0 25 28
split_gain=2.46331e-05 0.000150294 0.000330181 0.000472357 0.000406196 0.000305296 0.000627346 0.000507059 0.000392718 0.000703398 0.00033164 0.000211717 0.000246452 0.000176123 0.000139545 0.000505628 0.000396662 0.000207013 0.000792569 0.000220401 0.000553972 0.000157076 0.000178335 0.000128504 0.000112016 2.78943e-05 2.36403e-05 1.37614e-09
threshold=111666764.00000001 248.8800003051758 0.022541604347792735 0.028924946002771051 0.0059361741277003466 35.984087841709048 307.46499773661304 0.02217467225804055 0.10938729738533783 4465120.0000000009 0.28573969464344329 3.5186894734711562 0.010786506011156606 71.545541850585607 157.61402893066409 -0.65846831692118524 0.00177184667565386 0.024592826471283694 0.023142972704221058 0.020590054876897641 -0.0051590735380275801 -0.0063174263267750221 0.0076669119172326347 -0.0031637047782118728 -0.0046293044319997137 161.24350738525393 0.36108219480574194 -22676472.499999996
decision_type=2 2 2 2 2 2 2 2 2 2 2 2 2 2 2 2 2 2 2 2 2 2 2 2 2 2 2 2
left_child=14 2 11 4 -4 6 7 -3 9 -7 -10 12 -2 -5 17 21 -17 19 -19 23 -21 -16 -23 -1 -8 -18 -13 -20
right_child=1 5 3 13 -6 8 24 -9 10 -11 -12 26 -14 -15 15 16 25 18 27 20 -22 22 -24 -25 -26 -27 -28 -29
leaf_value=6.3695671546383554e-06 5.778320970412635e-05 0 -8.4445711548731403e-05 0 0 0 1.74376685404575e-05 -0.00018168647708210502 -3.3119444765158919e-05 0.00013184146743179393 4.6187093003918228e-06 -3.1027844162708288e-05 0 8.4525398148672419e-05 0 -0.00010848143598134435 -3.0410403414056767e-05 -0.00020471259990212685 1.964265987642545e-07 0 6.2115161898374871e-05 0.0001031966321650393 0 -1.2934952497844341e-05 -3.8588601761415041e-05 9.6573284524139015e-07 0 0
leaf_weight=487 255 20 92 20 47 37 91 39 249 57 1183 22 45 41 28 80 27 21 32 218 184 29 22 585 49 46 25 37
leaf_count=487 255 20 92 20 47 37 91 39 249 57 1183 22 45 41 28 80 27 21 32 218 184 29 22 585 49 46 25 37
internal_value=0 2.00734e-06 1.61922e-05 -2.45369e-06 -4.5754e-05 -7.52349e-07 -3.68066e-05 -0.000118817 1.98566e-06 6.18063e-05 0 3.55798e-05 4.58162e-05 4.70278e-05 -2.69183e-06 -2.44373e-05 -6.18482e-05 0 -4.3556e-05 3.23009e-06 2.29473e-05 1.00768e-05 5.40711e-05 -1.36706e-06 0 0 0 0
internal_weight=4068 2272 547 200 139 1725 199 59 1526 94 1432 347 300 61 1796 232 153 1564 90 1474 402 79 51 1072 140 73 47 69
internal_count=4068 2272 547 200 139 1725 199 59 1526 94 1432 347 300 61 1796 232 153 1564 90 1474 402 79 51 1072 140 73 47 69
is_linear=0
shrinkage=0.03


Tree=370
num_leaves=17
num_cat=0
split_feature=20 0 29 24 36 4 34 0 22 30 5 36 36 22 24 33
split_gain=2.3917e-05 0.00035269 0.000398458 0.000498397 0.000322401 0.000221587 0.000156586 0.000127281 0.000217094 0.000202531 0.000390725 0.000135639 0.000102045 0.000484257 0.000259831 4.44284e-05
threshold=371.67000198364263 310.37072753906256 35.128228889001122 -1.0254019014865137 0.01520133802566874 347.89999389648443 0.069792555083144761 400.27272033691412 30.785184117427196 58.988142675701305 4020438.5000000005 -0.020462305507220235 0.00090663984741628796 36.921132652828653 1.4423073361801844 -0.010488610918109041
decision_type=2 2 2 2 2 2 2 2 2 2 2 2 2 2 2 2
left_child=1 5 -3 -4 -5 12 7 8 -2 15 -11 -10 14 -14 -1 -9
right_child=6 2 3 4 -6 -7 -8 9 11 10 -12 -13 13 -15 -16 -17
leaf_value=-1.3882012061928301e-05 -3.0510775256527212e-05 0 0 -0.00013146603836600832 0 7.2380627292817023e-05 8.0986664151285929e-05 0 0 0 -8.2003354129737694e-05 3.5364547483955343e-05 5.7788751013889379e-05 0 8.6788480504531637e-06 1.9322203372635144e-05
leaf_weight=1252 25 37 26 82 34 38 24 71 21 73 85 296 143 1192 562 107
leaf_count=1252 25 37 26 82 34 38 24 71 21 73 85 296 143 1192 562 107
internal_value=0 -1.14137e-06 -4.23771e-05 -6.91887e-05 -9.86035e-05 2.34629e-07 4.94094e-06 0 1.49269e-05 -1.0679e-05 -3.73546e-05 2.79795e-05 0 5.61259e-06 -5.23857e-06 0
internal_weight=4068 3366 179 142 116 3187 702 678 342 336 158 317 3149 1335 1814 178
internal_count=4068 3366 179 142 116 3187 702 678 342 336 158 317 3149 1335 1814 178
is_linear=0
shrinkage=0.03


Tree=371
num_leaves=22
num_cat=0
split_feature=27 27 27 31 31 33 32 22 32 28 34 19 5 33 31 32 23 23 35 31 23
split_gain=2.53152e-05 0.000216911 0.000285887 0.000320238 0.000256732 0.000388816 0.000239933 0.00022212 0.000312371 0.000306629 0.000189794 0.000596016 0.000177593 0.000177007 0.000230537 0.000176827 0.000320726 0.000271473 0.000166462 0.000140877 7.13133e-05
threshold=0.57016153316312479 0.75504994212241505 0.76783614078854534 -0.021824535075918857 -0.0011198630826717013 -0.011171110290635942 0.02489717955116855 58.432311078332624 -0.0043980389599939098 237516661.50000003 0.028650137337075558 278.21999511718758 3307742.5000000005 0.034622316237150182 0.013614289382277158 -0.010442559048260689 -3.7195959305665691 -5.6111791683931918 0.024594575177195908 -0.0045335738742523493 3.7968819708391242
decision_type=2 2 2 2 2 2 2 2 2 2 2 2 2 2 2 2 2 2 2 2 2
left_child=10 4 20 -4 7 12 -7 8 -2 -9 13 19 -6 15 -15 17 -17 -1 -5 -12 -3
right_child=1 2 3 18 5 6 -8 9 -10 -11 11 -13 -14 14 -16 16 -18 -19 -20 -21 -22
leaf_value=-2.1088641156440306e-05 0 0 0.0001185449109449218 2.8671644822513972e-06 0 6.3624519388766492e-05 0 0 -6.4665256842670387e-05 0.00011885756176496189 0 2.4575964629289915e-06 -7.5490542520102746e-05 0.00013102868072560576 0 1.0368101363888172e-05 -2.1158191736424714e-05 1.5649350988032152e-05 -2.04140542384253e-05 -0.00011951130885172275 -0.00012286604345750855
leaf_weight=180 132 26 20 669 21 245 63 53 86 28 22 33 28 21 29 294 859 818 360 59 22
leaf_count=180 132 26 20 669 21 245 63 53 86 28 22 33 28 21 29 294 859 818 360 59 22
internal_value=0 2.66795e-06 -3.3269e-06 0 1.72643e-05 3.45639e-05 5.01942e-05 0 -1.90202e-05 3.86272e-05 -2.10981e-06 -3.98419e-05 -2.48622e-06 0 5.55811e-05 -1.45185e-06 -1.05175e-05 6.0161e-06 -2.36389e-06 -9.40481e-05 -7.48444e-05
internal_weight=4068 1753 1097 1049 656 357 308 299 218 81 2315 114 49 2201 50 2151 1153 998 1029 81 48
internal_count=4068 1753 1097 1049 656 357 308 299 218 81 2315 114 49 2201 50 2151 1153 998 1029 81 48
is_linear=0
shrinkage=0.03


Tree=372
num_leaves=23
num_cat=0
split_feature=35 26 24 30 33 30 33 26 28 26 36 36 36 30 30 23 36 33 28 24 31 35
split_gain=2.38474e-05 0.000145351 0.000285654 0.000256688 7.36434e-05 0.000267955 0.000206113 0.000349966 0.00034427 0.000257142 0.000188218 0.000733984 0.000330786 0.000184523 0.00035458 0.000180309 0.000158644 0.000212744 4.76918e-05 2.89775e-05 9.76207e-05 6.09383e-05
threshold=0.010094400911118606 3.0952696633773251 3.1188737696664179 21.745575453250577 0.011681944588277539 83.124523304252406 -0.00075417066688626677 2.6788182601998107 239189779.50000003 2.3687870318852258 0.0022783350630390495 0.0056114963896523604 -0.0026910687358301061 53.343751039998267 58.988142675701305 -3.9899034101001969 0.031925971557785336 0.021559473920345521 255674298.00000003 -0.57547068627816789 0.0035741763936015807 0.0075592575351260309
decision_type=2 2 2 2 2 2 2 2 2 2 2 2 2 2 2 2 2 2 2 2 2 2
left_child=1 19 3 -3 6 13 10 9 -9 -8 12 -12 -2 15 -15 -6 17 -7 -5 -1 21 -21
right_child=4 2 -4 18 5 16 7 8 -10 -11 11 -13 -14 14 -16 -17 -18 -19 -20 20 -22 -23
leaf_value=0 3.6139490437482727e-06 0 0 -9.8606370254923777e-05 3.3817709090942903e-05 0 0 -4.7198478086625645e-05 0 7.5736928789221336e-05 7.8493863104057838e-05 0 -3.2686851473640841e-05 8.9626547923613516e-05 9.8572321846261946e-06 -1.1961911017972015e-05 0 -4.9011190959970048e-05 0 0 0 4.304323114269325e-05
leaf_weight=45 1109 20 32 70 105 52 67 346 189 46 136 337 267 85 502 294 31 163 25 24 32 91
leaf_count=45 1109 20 32 70 105 52 67 346 189 46 136 337 267 85 502 294 31 163 25 24 32 91
internal_value=0 -7.63183e-06 -3.19932e-05 -5.95126e-05 6.77529e-07 7.18283e-06 -1.3309e-06 -1.66283e-05 -2.93569e-05 1.70829e-05 2.40841e-06 1.93951e-05 -1.25167e-06 1.58329e-05 2.65313e-05 0 -1.52898e-05 -3.05164e-05 -8.19501e-05 0 1.33151e-05 3.14628e-05
internal_weight=4068 339 147 115 3729 1232 2497 648 535 113 1849 473 1376 986 587 399 246 215 95 192 147 115
internal_count=4068 339 147 115 3729 1232 2497 648 535 113 1849 473 1376 986 587 399 246 215 95 192 147 115
is_linear=0
shrinkage=0.03


Tree=373
num_leaves=18
num_cat=0
split_feature=27 25 24 36 22 22 27 25 35 21 0 3 27 21 2 27 26
split_gain=2.41594e-05 0.000232466 0.000175742 0.000174619 0.00042438 0.00040063 0.000172518 0.000354727 0.000126592 0.000103435 0.00031582 0.000478516 0.000212711 0.00027843 0.000117375 9.0125e-05 7.62677e-05
threshold=0.57016153316312479 -0.48181713483140237 18.550050136727382 0.0022783350630390495 66.218140364579639 64.034502224839713 0.55394070679102003 0.16891628846157961 0.034758603155782948 125.05166695912679 85.621162414550795 118.09999847412111 0.33911692521334685 114.9625000635783 232.09999847412112 0.75504994212241505 5.3110860541789835
decision_type=2 2 2 2 2 2 2 2 2 2 2 2 2 2 2 2 2
left_child=6 8 3 5 -5 -3 9 -8 15 12 11 -11 13 -1 -12 16 -2
right_child=1 2 -4 4 -6 -7 7 -9 -10 10 14 -13 -14 -15 -16 -17 -18
leaf_value=0 0 -2.2132988390442456e-05 -7.098040853251202e-05 3.1139732887714791e-05 -1.0606679423729303e-05 2.0133526907534004e-05 -0.00011417931132340197 0 0 0 8.8379219445888756e-06 -0.00010643077565097561 0 9.6639338090149227e-05 -5.8408102192403786e-06 0 8.9878801767230402e-05
leaf_weight=23 24 596 31 495 253 248 37 27 20 56 864 64 70 56 1118 26 60
leaf_count=23 24 596 31 495 253 248 37 27 20 56 864 64 70 56 1118 26 60
internal_value=0 2.68031e-06 0 9.63749e-07 1.30099e-05 -6.15845e-06 -1.98794e-06 -5.06457e-05 4.1291e-05 0 -2.30739e-06 -4.9597e-05 2.3437e-05 5.87846e-05 0 5.5222e-05 7.04039e-05
internal_weight=4068 1753 1623 1592 748 844 2315 64 130 2251 2102 120 149 79 1982 110 84
internal_count=4068 1753 1623 1592 748 844 2315 64 130 2251 2102 120 149 79 1982 110 84
is_linear=0
shrinkage=0.03


Tree=374
num_leaves=20
num_cat=0
split_feature=28 4 31 26 25 1 31 27 35 31 23 27 27 35 35 30 28 33 35
split_gain=2.46696e-05 0.000202057 0.000148053 0.000368187 0.000204135 0.000264978 0.000192547 0.000175496 0.000322278 0.00017333 9.2763e-05 0.000322144 0.000649625 0.000272126 0.000463586 0.00042035 0.000231366 8.46999e-05 3.81277e-05
threshold=29140289.500000004 173.25000000000003 0.024592826471283694 2.8254539870840536 -1.0346564898020276 168.05000305175784 -0.0096939301335464672 0.03534116419179132 0.013174725440869074 0.036837246198202396 -3.6475581393950445 0.10582851354302393 0.28146306422049355 0.013174725440869074 0.03376640825726579 37.458412838602634 230135810.50000003 -0.025161225992936961 0.01719674192573158
decision_type=2 2 2 2 2 2 2 2 2 2 2 2 2 2 2 2 2 2 2
left_child=2 18 4 -4 5 6 -1 8 -6 -5 13 16 -13 15 -15 -3 -12 -9 -2
right_child=1 10 3 9 7 -7 -8 17 -10 -11 11 12 -14 14 -16 -17 -18 -19 -20
leaf_value=0 0 -0.00011304878196420353 0 -0.00016255925278105921 0 0 0.00014268282170364386 2.6536893985580135e-05 -9.7985838065345912e-05 0 0 -4.9747881668384374e-05 0 3.6990996467334763e-05 -1.6537825905287894e-05 0 9.6933030924081887e-05 -4.3638244843508579e-06 6.349285551253452e-05
leaf_weight=23 25 35 24 24 22 33 28 87 49 20 95 277 1828 456 124 37 44 782 55
leaf_count=23 25 35 24 24 22 33 28 87 49 20 95 277 1828 456 124 37 44 782 55
internal_value=0 1.41526e-06 -3.85641e-06 -4.68523e-05 0 4.36582e-05 8.83396e-05 -4.99159e-06 -5.05065e-05 -0.000104421 0 -2.77846e-06 -6.93073e-06 1.00728e-05 2.03745e-05 -3.12176e-05 3.84957e-05 0 4.84223e-05
internal_weight=4068 2976 1092 68 1024 84 51 940 71 44 2896 2244 2105 652 580 72 139 869 80
internal_count=4068 2976 1092 68 1024 84 51 940 71 44 2896 2244 2105 652 580 72 139 869 80
is_linear=0
shrinkage=0.03


Tree=375
num_leaves=23
num_cat=0
split_feature=25 33 5 4 35 33 32 25 33 32 30 31 30 0 33 32 33 19 5 0 5 24
split_gain=2.3675e-05 0.000208094 0.00043759 0.000403282 0.000616107 0.000238624 0.000227624 0.000106364 0.000149144 0.000168814 8.08457e-05 0.000258023 0.000182279 0.000567131 0.000232284 0.000146132 9.34744e-05 5.23034e-05 0.000154272 5.80543e-05 2.89082e-05 0.000122921
threshold=1.975417229296998 0.038378142881777329 5992197.5000000009 385.59999084472662 0.025735781764236458 0.056559516180024423 0.03357200868513089 1.7187143651758146 0.0027781940107199925 0.011445814816149704 78.605038375570174 0.0019531648287076657 58.988142675701305 315.48075866699224 0.028329094426792326 -0.014310465271476112 0.015904595356521337 373.3200012207032 3548311.0000000005 407.63150024414068 9796239.0000000019 2.7843162837154414
decision_type=2 2 2 2 2 2 2 2 2 2 2 2 2 2 2 2 2 2 2 2 2 2
left_child=7 2 17 4 -4 6 -3 10 -9 -10 12 15 14 -14 -1 -12 -13 18 -2 -19 -7 -22
right_child=1 5 3 -5 -6 20 -8 8 9 -11 11 16 13 -15 -16 -17 -18 19 -20 -21 21 -23
leaf_value=0 0 0 0 0 0.00018263357154497909 0 -0.00014329130343664702 0 -0.00013178908718660393 0 0 -3.7106234352973192e-05 0 -6.5051553739975813e-05 3.2632142497794741e-05 5.4281956320905824e-05 0 3.599000890813632e-05 -5.6581595124258527e-05 0 7.378387732191967e-05 0
leaf_weight=2218 30 25 24 21 45 23 21 30 22 44 30 61 667 159 203 146 108 55 52 28 25 31
leaf_count=2218 30 25 24 21 45 23 21 30 22 44 30 61 667 159 203 146 108 55 52 28 25 31
internal_value=0 7.13605e-06 2.75079e-05 8.07059e-05 0.000117241 -1.04305e-05 -7.03836e-05 -7.27427e-07 -3.18815e-05 -5.92322e-05 0 1.39075e-05 -1.36075e-06 -1.40402e-05 1.72654e-06 4.12034e-05 0 0 -1.84516e-05 1.5169e-05 0 2.15353e-05
internal_weight=4068 380 255 90 69 125 46 3688 96 66 3592 345 3247 826 2421 176 169 165 82 83 79 56
internal_count=4068 380 255 90 69 125 46 3688 96 66 3592 345 3247 826 2421 176 169 165 82 83 79 56
is_linear=0
shrinkage=0.03


Tree=376
num_leaves=20
num_cat=0
split_feature=21 28 1 19 3 26 30 26 32 31 34 33 28 0 35 32 36 35 27
split_gain=2.40829e-05 0.000223512 0.000187469 0.000412379 0.000189367 0.000191782 0.000105676 0.00025362 8.71945e-05 0.000394166 0.000459068 0.000351759 0.000266048 0.000720674 0.000165008 8.20643e-05 0.00014603 0.000109488 3.48505e-05
threshold=170.91583404541018 -21352021.999999996 132.05000305175784 133.50999755859377 128.84999847412112 2.3930922416757272 72.882877738020369 4.0736438324043744 -0.029935113246465857 -0.0078063695625798504 0.043946444938698044 -0.0044204609417658461 171342418.50000003 310.37072753906256 0.043001717866550222 -0.026488815088207825 -0.0096069050122840442 0.019316609112657108 0.97136294214688201
decision_type=2 2 2 2 2 2 2 2 2 2 2 2 2 2 2 2 2 2 2
left_child=2 -2 4 -4 15 -6 7 -5 12 10 -10 -11 14 -14 -3 16 -1 -17 -8
right_child=1 8 3 6 5 -7 18 -9 9 11 -12 -13 13 -15 -16 17 -18 -19 -20
leaf_value=-8.2583900158559622e-05 8.4148334782119339e-05 0 -0.00011880767245269605 -4.0074218013818949e-05 0 9.5325800540717673e-05 2.5424132284075688e-05 3.2322683732417007e-06 -3.1380075269173904e-05 2.3099540058448981e-05 4.3048134767831862e-05 -2.1556615931425369e-06 0.00010226506701549385 0 -8.5955929956329377e-05 -2.7722572536394302e-06 0 2.5824688248694448e-05 0
leaf_weight=30 29 84 39 196 30 38 63 55 645 651 53 1456 92 74 20 317 20 144 32
leaf_count=30 29 84 39 196 30 38 63 55 645 651 53 1456 92 74 20 317 20 144 32
internal_value=0 1.25567e-06 -4.17195e-06 -2.17587e-05 2.34345e-06 5.04911e-05 -2.12046e-06 -1.86398e-05 0 -1.08951e-06 -2.14259e-05 4.22441e-06 1.66797e-05 4.35198e-05 0 0 -3.83954e-05 0 9.95338e-06
internal_weight=4068 3104 964 385 579 68 346 251 3075 2805 698 2107 270 166 104 511 50 461 95
internal_count=4068 3104 964 385 579 68 346 251 3075 2805 698 2107 270 166 104 511 50 461 95
is_linear=0
shrinkage=0.03


Tree=377
num_leaves=14
num_cat=0
split_feature=26 26 30 32 29 33 31 25 30 30 23 29 34
split_gain=2.32763e-05 9.81233e-05 0.000506884 0.000379227 0.000315561 0.000146809 9.5738e-05 0.000779136 0.000433218 0.000180465 0.00046522 0.000133468 8.69883e-05
threshold=18.516852164655468 13.515151271740972 65.516603089830269 0.036045849966669381 75.073427090810739 -0.031401809155833398 -0.027420024059129241 -0.19826665271830221 15.751722019961667 9.6073461394145792 -1.2517083534272613 33.970912167820309 -0.041367206885864254
decision_type=2 2 2 2 2 2 2 2 2 2 2 2 2
left_child=1 6 5 4 -4 -3 7 8 -1 10 -8 -11 -2
right_child=12 2 3 -5 -6 -7 9 -9 -10 11 -12 -13 -14
leaf_value=5.7636819092085812e-05 0 0 -3.540152544850725e-06 -0.00013030860586953695 0.00010048866479117356 0.00010984193469070267 -0.00012975368264012103 0.0001177062507268081 -6.4880052466911352e-05 7.3229857067811698e-06 0 -4.7494649202698713e-06 -5.9359573835885688e-05
leaf_weight=26 20 20 20 20 28 56 35 56 72 1208 26 2453 28
leaf_count=26 20 20 20 20 28 56 35 56 72 1208 26 2453 28
internal_value=0 2.37191e-07 2.47874e-05 0 0 8.46057e-05 0 2.22569e-05 -1.76892e-06 -1.62492e-06 -5.3095e-05 0 -2.07563e-05
internal_weight=4068 4020 144 68 48 76 3876 154 98 3722 61 3661 48
internal_count=4068 4020 144 68 48 76 3876 154 98 3722 61 3661 48
is_linear=0
shrinkage=0.03


Tree=378
num_leaves=19
num_cat=0
split_feature=31 24 21 23 24 34 4 19 27 23 25 25 24 23 32 23 31 32
split_gain=2.25595e-05 0.000275203 0.000236816 0.000133269 0.000126785 0.000275474 0.000248853 0.00030165 0.000139673 0.000110499 0.000357311 0.000328418 0.000134849 0.000117907 0.000357927 9.46331e-05 8.19398e-05 4.61491e-05
threshold=0.0326682004124711 6.5686686363868443 273.74166692097987 4.587335226593539 9.0632266151788112 -0.034530893187357019 289.50000000000006 352.90000305175789 0.54924498936967536 3.6510493205101544 0.75649610540960099 -0.19826665271830221 3.6749210147010785 2.8856872322143521 -0.0013472933730228618 2.6517274038583598 0.055598148438148261 0.032110329697187752
decision_type=2 2 2 2 2 2 2 2 2 2 2 2 2 2 2 2 2 2
left_child=4 3 -3 16 9 8 -7 -8 -6 13 11 -11 -12 15 -15 -1 17 -2
right_child=1 2 -4 -5 5 6 7 -9 -10 10 12 -13 -14 14 -16 -17 -18 -19
leaf_value=3.0042977699157026e-07 -7.4004570885133252e-05 -0.00015087136476834729 0 7.0464983263682885e-05 0 -7.848750715267696e-05 6.1769197220220025e-05 0 0.00014236509633787687 0 -9.376002537207096e-06 -7.7071991723978215e-05 2.7572314735840014e-05 7.2065511115722441e-05 0 -3.6683152741495654e-05 0 0
leaf_weight=2870 21 21 22 24 29 27 86 95 24 111 117 120 146 83 117 63 25 67
leaf_count=2870 21 21 22 24 29 27 86 95 24 111 117 120 146 83 117 63 25 67
internal_value=0 -1.03959e-05 -7.87293e-05 0 4.64621e-07 2.09706e-05 0 1.77448e-05 8.26525e-05 -1.84423e-07 -1.39569e-05 -4.25206e-05 0 1.03003e-06 2.33865e-05 0 -1.56741e-06 -2.89866e-05
internal_weight=4068 180 43 137 3888 261 208 181 53 3627 494 231 263 3133 200 2933 113 88
internal_count=4068 180 43 137 3888 261 208 181 53 3627 494 231 263 3133 200 2933 113 88
is_linear=0
shrinkage=0.03


Tree=379
num_leaves=28
num_cat=0
split_feature=27 25 26 19 0 35 28 22 36 32 26 29 36 23 35 36 0 30 24 35 27 27 35 27 0 26 35
split_gain=2.22509e-05 0.000215033 0.000172312 0.000643269 0.000469747 0.000213967 0.000356314 0.000168744 0.000304457 0.000514982 0.000509755 0.000212797 0.000360826 0.000402199 0.00034141 0.000268749 0.000384597 0.000224664 0.000167322 0.000295766 0.000193144 0.000124028 0.000119532 8.35502e-05 7.00481e-05 6.35384e-05 1.45527e-05
threshold=0.57016153316312479 -0.48181713483140237 12.867896489133537 373.3200012207032 300.95111083984381 0.037782775601376155 103759890.50000001 47.132058022901511 0.0039447960607987735 0.012248608730965562 5.3867685238862153 26.759450505805017 -0.021626143837050086 -5.3134449254098959 0.012352926819059628 -0.010450338658939825 212.91563415527347 17.078602307551119 1.4423073361801844 0.012132250261601236 0.50354112959999642 0.83664149947319455 0.034758603155782948 0.75504994212241505 434.96400451660162 5.3110860541789835 0.019140351656578729
decision_type=2 2 2 2 2 2 2 2 2 2 2 2 2 2 2 2 2 2 2 2 2 2 2 2 2 2 2
left_child=7 22 5 4 -4 21 -7 11 18 10 -10 15 13 -13 -14 17 -17 -1 19 -9 -20 -3 23 25 -5 -2 -11
right_child=1 2 3 24 -6 6 -8 8 9 26 -12 12 14 -15 -16 16 -18 -19 20 -21 -22 -23 -24 -25 -26 -27 -28
leaf_value=4.8469585011762828e-05 0 6.7638987623121589e-06 0 4.067775394169862e-05 -0.00023344397040578351 0 7.7727736648860085e-05 0 0 0 -0.00016596696160656879 -0.00014998964905204754 -6.1789993965325198e-06 0 3.3124343065257785e-05 0 -5.1174334065734726e-05 0 3.5393640420691817e-05 -5.0597920222851448e-05 0 -1.1053639516285415e-05 0 0 0 8.6011738011092614e-05 1.5279611084005731e-05
leaf_weight=105 24 749 25 38 21 48 86 68 79 29 49 21 125 28 615 381 221 143 183 141 71 633 20 26 23 60 56
leaf_count=105 24 749 25 38 21 48 86 68 79 29 49 21 125 28 615 381 221 143 183 141 71 633 20 26 23 60 56
internal_value=0 2.52001e-06 0 -3.71929e-05 -0.000125587 2.13778e-06 3.85706e-05 -1.9599e-06 -1.5199e-05 -4.49306e-05 -8.35251e-05 1.67085e-06 1.4256e-05 -4.79106e-05 2.24318e-05 -6.4824e-06 -1.96668e-05 1.34248e-05 0 -2.13204e-05 1.47845e-05 0 3.96625e-05 5.32539e-05 0 6.78738e-05 0
internal_weight=4068 1753 1623 107 46 1516 134 2315 676 213 128 1639 789 49 740 850 602 248 463 209 254 1382 130 110 61 84 85
internal_count=4068 1753 1623 107 46 1516 134 2315 676 213 128 1639 789 49 740 850 602 248 463 209 254 1382 130 110 61 84 85
is_linear=0
shrinkage=0.03


Tree=380
num_leaves=21
num_cat=0
split_feature=30 30 36 24 31 36 32 5 0 21 30 32 1 26 1 36 33 0 4 32
split_gain=2.21897e-05 0.000140631 0.000250921 0.000321556 0.000115 0.000299379 0.000129495 0.000190864 0.000283216 0.000119951 9.16216e-05 0.000744849 9.01061e-05 0.000221788 0.000212573 8.73347e-05 8.02278e-05 7.81416e-05 0.000148326 2.60037e-05
threshold=22.286073117350323 26.117591770836139 -0.0080923674422729245 -0.37053795794858407 -0.011105637742214456 -0.0025000127156575517 0.026543301758308772 3682099.5000000005 373.62655639648443 289.32166595458989 28.977220072234285 0.018929743197433128 122.25000000000001 2.7151251415019764 132.05000305175784 -0.0016949109438448974 -0.010488610918109041 268.39170837402349 231.90000152587893 -0.02159310954540616
decision_type=2 2 2 2 2 2 2 2 2 2 2 2 2 2 2 2 2 2 2 2
left_child=4 2 19 16 5 17 7 9 -9 -6 11 15 13 -12 -14 -3 -4 18 -1 -2
right_child=1 10 3 -5 6 -7 -8 8 -10 -11 12 -13 14 -15 -16 -17 -18 -19 -20 -21
leaf_value=0 3.1829745079354405e-05 -3.1681360030739532e-05 -0.00014960835774039638 0 2.3044092008721576e-05 0.00012439986224087053 5.7995083211373877e-05 -4.4149541727778081e-05 0 -8.7447840024755293e-06 0 0.00018439259449635288 2.8958239855747246e-05 -6.5829683393497481e-05 -1.8021520080545132e-06 2.0536354295435025e-05 0 4.1365803372438643e-05 -5.3237631109136792e-05 0
leaf_weight=92 23 58 32 72 197 25 29 227 36 78 100 22 218 65 2593 48 35 41 47 30
leaf_count=92 23 58 32 72 197 25 29 227 36 78 100 22 218 65 2593 48 35 41 47 30
internal_value=0 -1.16603e-06 -2.61188e-05 -5.0652e-05 4.47898e-06 2.40864e-05 0 -5.89027e-06 -2.67145e-05 3.12258e-06 0 2.51537e-05 -6.88186e-07 -2.23546e-05 0 0 -9.81406e-05 0 0 0
internal_weight=4068 3296 192 139 772 205 567 538 263 275 3104 128 2976 165 2811 106 67 180 139 53
internal_count=4068 3296 192 139 772 205 567 538 263 275 3104 128 2976 165 2811 106 67 180 139 53
is_linear=0
shrinkage=0.03


Tree=381
num_leaves=22
num_cat=0
split_feature=28 19 35 28 0 2 3 29 31 26 25 1 36 29 21 31 35 32 36 28 34
split_gain=2.34169e-05 0.000185759 0.000216667 0.000407975 0.000192278 0.000186323 0.000649508 0.000397539 0.000137761 0.000350851 0.000189199 0.000252285 0.000411306 0.00016954 0.000357353 0.000152548 0.000111973 8.45952e-05 4.51413e-05 9.75847e-07 2.77344e-07
threshold=29140289.500000004 178.1299987792969 0.016042746152190621 109307725.00000001 138.24195098876956 232.09999847412112 233.90000152587893 62.970503238121431 0.024592826471283694 2.8254539870840536 -1.0346564898020276 168.05000305175784 -0.0090168468566471666 16.666421802018153 145.63999983469648 0.036837246198202396 0.016680939742803821 0.0039077387413004603 0.015577720267966779 111666764.00000001 -0.0079684982708574919
decision_type=2 2 2 2 2 2 2 2 2 2 2 2 2 2 2 2 2 2 2 2 2
left_child=8 2 19 18 16 7 -7 -6 10 -10 11 12 -1 14 -12 -11 -3 -15 -4 -2 -18
right_child=1 4 3 -5 5 6 -8 -9 9 15 13 -13 -14 17 -16 -17 20 -19 -20 -21 -22
leaf_value=0 -4.8654745920415525e-06 0 0.00012082711372545546 0 3.6278246350729306e-05 -6.6252813383275909e-05 1.1089633339413172e-06 -7.4452687503073061e-06 0 -0.00015684786040617992 0 0 0.00016000512360892804 8.2447266545482272e-06 -0.00013538347835982442 0 -9.6439254402960682e-05 -1.1505490760301901e-05 0 0 0
leaf_weight=22 37 67 53 34 389 134 1972 186 24 24 104 33 29 481 27 20 29 328 21 28 26
leaf_count=22 37 67 53 34 389 134 1972 186 24 24 104 33 29 481 27 20 29 328 21 28 26
internal_value=0 1.32553e-06 3.15599e-05 5.82994e-05 0 1.13117e-06 -1.75562e-06 1.69193e-05 -3.80917e-06 -4.53136e-05 0 4.19183e-05 8.56462e-05 -4.89253e-06 -3.6545e-05 -0.000101642 -3.72718e-05 0 9.95665e-05 0 -7.00526e-05
internal_weight=4068 2976 173 108 2803 2681 2106 575 1092 68 1024 84 51 940 131 44 122 809 74 65 55
internal_count=4068 2976 173 108 2803 2681 2106 575 1092 68 1024 84 51 940 131 44 122 809 74 65 55
is_linear=0
shrinkage=0.03


Tree=382
num_leaves=24
num_cat=0
split_feature=28 21 25 5 32 31 23 30 25 32 35 23 24 25 27 5 2 34 35 35 20 25 36
split_gain=2.32652e-05 0.000168327 0.000469344 0.000234007 0.000146682 0.000458059 0.000482076 0.000476853 0.000281742 0.000270166 0.000415681 0.000752831 0.000207386 0.000179856 0.000146379 0.000174061 0.000140554 0.000103187 0.000170022 0.00034308 0.00016878 0.000151531 4.68878e-05
threshold=103759890.50000001 238.0199994405111 -0.65846831692118524 4020438.5000000005 -0.029935113246465857 -0.011729025487190124 -2.0181157524152264 34.392705176496897 -2.7584284822779126 0.00091964734736182951 0.020703764163491557 1.8364840187004037 3.2923755777276242 -0.37107439487942767 0.77872977068630833 2984495.5000000005 377.69999694824224 0.08533953934678952 0.016042746152190621 0.013241073101759289 125.08749942779544 0.67368453969493436 -0.0063174263267750221
decision_type=2 2 2 2 2 2 2 2 2 2 2 2 2 2 2 2 2 2 2 2 2 2 2
left_child=1 17 22 -4 5 7 -7 8 -2 10 12 -12 -6 -9 15 -11 -16 18 19 -1 -19 -20 -3
right_child=4 2 3 -5 9 6 -8 13 -10 14 11 -13 -14 -15 16 -17 -18 20 21 -21 -22 -23 -24
leaf_value=3.2023710641788795e-06 0.00020452764869389152 0 0 -0.00011153384000854785 -4.8743683528457165e-06 -0.00013689354585828567 0 -2.25726278954766e-05 0 0 0 -8.6302452916886695e-05 3.6215642392753844e-05 5.4179791423846675e-05 8.8029368012834816e-06 2.9366997237065112e-05 -2.402477242892682e-05 -0.00010684287631266277 0 -3.5902810539405325e-05 0 3.641409004029083e-05 3.3725949733535631e-05
leaf_weight=517 29 25 38 64 453 24 25 52 39 142 247 160 134 46 343 453 173 21 565 256 24 201 37
leaf_count=517 29 25 38 64 453 24 25 52 39 142 247 160 134 46 343 453 173 21 565 256 24 201 37
internal_value=0 -2.71448e-06 -3.16493e-05 -7.581e-05 1.86363e-06 2.55185e-05 -1.90197e-05 5.67302e-05 0.000118961 0 -1.19003e-05 -3.55639e-05 0 0 9.5985e-06 1.98341e-05 0 0 1.59283e-06 -5.87086e-06 -4.44137e-05 1.30405e-05 0
internal_weight=4068 1748 164 102 2320 215 49 166 68 2105 994 407 587 98 1111 595 516 1584 1539 773 45 766 62
internal_count=4068 1748 164 102 2320 215 49 166 68 2105 994 407 587 98 1111 595 516 1584 1539 773 45 766 62
is_linear=0
shrinkage=0.03


Tree=383
num_leaves=21
num_cat=0
split_feature=21 28 1 19 29 34 29 30 35 36 29 1 32 29 36 1 30 29 32 33
split_gain=2.25575e-05 0.000212786 0.000174447 0.000382491 0.000227687 0.000298996 0.000208432 0.000301933 0.000274484 0.000129519 0.000125103 0.000292246 0.000212344 0.000112332 0.000439751 0.00041835 0.000410706 0.000734536 0.000304209 0.000182919
threshold=170.91583404541018 -21352021.999999996 132.05000305175784 133.50999755859377 67.96864518361663 -0.012507116236337655 65.359334529393649 85.655778423565195 0.017262526012602312 0.016735754678415701 12.796200724299936 123.85000228881837 -0.026488815088207825 66.009616095413676 -0.0028901687287040713 363.50000000000006 66.242799386057158 55.807440344926711 0.01543246094154649 0.025615711733064876
decision_type=2 2 2 2 2 2 2 2 2 2 2 2 2 2 2 2 2 2 2 2
left_child=2 -2 6 -4 5 -5 10 8 -8 -6 11 -1 -12 16 15 -15 19 -18 -16 -3
right_child=1 13 3 4 9 -7 7 -9 -10 -11 12 -13 -14 14 18 -17 17 -19 -20 -21
leaf_value=8.6292643884933469e-05 8.2011690330883655e-05 -2.1411858143960975e-06 -0.00011463618565760457 0 4.2377901765193155e-05 -5.668862832767242e-05 0 0 0.0001186407045006381 0 -8.4488806075087803e-05 0 0 -5.903301334159057e-05 2.7221132054481986e-05 0 -2.9925632215255537e-06 9.1728724780033421e-05 -1.17952146830184e-05 3.5792207009993103e-05
leaf_weight=39 29 1790 39 101 93 132 73 33 50 20 39 28 317 238 314 107 50 127 327 122
leaf_count=39 29 1790 39 101 93 132 73 33 50 20 39 28 317 238 314 107 50 127 327 122
internal_value=0 1.16557e-06 -4.08456e-06 -2.10551e-05 -1.80885e-06 -2.58216e-05 2.02106e-06 3.45571e-05 6.10065e-05 2.1158e-05 -2.89287e-06 2.04762e-05 -1.57201e-05 0 -7.92472e-06 -3.62403e-05 4.33014e-06 4.80451e-05 2.63912e-06 0
internal_weight=4068 3104 964 385 346 233 579 156 123 113 423 67 356 3075 986 345 2089 177 641 1912
internal_count=4068 3104 964 385 346 233 579 156 123 113 423 67 356 3075 986 345 2089 177 641 1912
is_linear=0
shrinkage=0.03


Tree=384
num_leaves=19
num_cat=0
split_feature=31 24 21 23 24 34 4 19 22 23 25 25 24 23 32 23 31 23
split_gain=2.29266e-05 0.000257821 0.00022071 0.000122096 0.000117628 0.000264735 0.000230944 0.000287759 0.000121537 0.000103319 0.000335549 0.000307278 0.000123473 0.000108827 0.000337393 9.13048e-05 8.4329e-05 3.48982e-05
threshold=0.0326682004124711 6.5686686363868443 273.74166692097987 4.587335226593539 9.0632266151788112 -0.034530893187357019 289.50000000000006 352.90000305175789 52.788665845454723 3.6510493205101544 0.75649610540960099 -0.19826665271830221 3.6749210147010785 2.8856872322143521 -0.0013472933730228618 2.6517274038583598 0.055598148438148261 -4.1566599867027909
decision_type=2 2 2 2 2 2 2 2 2 2 2 2 2 2 2 2 2 2
left_child=4 3 -3 16 9 8 -7 -8 -6 13 11 -11 -12 15 -15 -1 17 -2
right_child=1 2 -4 -5 5 6 7 -9 -10 10 12 -13 -14 14 -16 -17 -18 -19
leaf_value=2.4206455637981105e-07 -5.8865516640805894e-05 -0.00014615795561840749 0 6.7382822986073875e-05 0 -7.5991222127151699e-05 6.0036688634526646e-05 0 0.00011710427527729522 0 -8.7545607325747791e-06 -7.4634833559824264e-05 2.6442079934527539e-05 6.9750779357130238e-05 0 -3.6050278747880411e-05 0 0
leaf_weight=2870 31 21 22 24 20 27 86 95 33 111 117 120 146 83 117 63 25 57
leaf_count=2870 31 21 22 24 20 27 86 95 33 111 117 120 146 83 117 63 25 57
internal_value=0 -1.05546e-05 -7.64803e-05 0 3.83154e-07 2.01744e-05 0 1.68398e-05 8.05503e-05 -2.14441e-07 -1.35304e-05 -4.1209e-05 0 9.28018e-07 2.24268e-05 0 -2.02044e-06 -2.94401e-05
internal_weight=4068 180 43 137 3888 261 208 181 53 3627 494 231 263 3133 200 2933 113 88
internal_count=4068 180 43 137 3888 261 208 181 53 3627 494 231 263 3133 200 2933 113 88
is_linear=0
shrinkage=0.03


Tree=385
num_leaves=15
num_cat=0
split_feature=26 26 30 32 29 33 24 24 34 5 33 34 2 34
split_gain=2.17197e-05 9.00277e-05 0.000467041 0.00033635 0.000297384 0.00013553 9.39546e-05 0.000265134 0.000318344 0.000263861 0.000254993 0.000876655 0.000315922 8.42029e-05
threshold=18.516852164655468 13.515151271740972 65.516603089830269 0.036045849966669381 75.073427090810739 -0.031401809155833398 1.4423073361801844 0.36907627751711941 -0.063070969198089952 2930879.5000000005 -0.0071393133925854438 -0.020365638096198787 359.50000000000006 -0.041367206885864254
decision_type=2 2 2 2 2 2 2 2 2 2 2 2 2 2
left_child=1 6 5 4 -4 -3 7 8 -1 -9 12 -12 -8 -2
right_child=13 2 3 -5 -6 -7 10 9 -10 -11 11 -13 -14 -15
leaf_value=-4.9753988363195767e-05 0 0 -1.7100231506541954e-06 -0.00012272103918966516 9.7584144934826245e-05 0.00010541504288819383 3.9204433372700904e-05 -6.7421930771854478e-05 2.8510788388700953e-06 -1.5483871835973641e-07 -0.00012371688599590545 3.0727226477243338e-06 0 -5.822624528066551e-05
leaf_weight=109 20 20 20 20 28 56 361 114 2022 296 51 811 112 28
leaf_count=109 20 20 20 20 28 56 361 114 2022 296 51 811 112 28
internal_value=0 1.25171e-07 2.37217e-05 0 0 8.11728e-05 0 -4.09338e-06 0 -2.61855e-05 5.60751e-06 -9.62356e-07 2.39193e-05 -2.01268e-05
internal_weight=4068 4020 144 68 48 76 3876 2541 2131 410 1335 862 473 48
internal_count=4068 4020 144 68 48 76 3876 2541 2131 410 1335 862 473 48
is_linear=0
shrinkage=0.03


Tree=386
num_leaves=22
num_cat=0
split_feature=30 30 36 24 25 31 25 36 24 30 35 30 32 1 1 31 36 25 31 35 32
split_gain=2.31367e-05 0.000135813 0.000241124 0.000304478 0.000116776 0.000274533 0.000144428 0.000267726 0.000539888 0.000159822 0.000101453 8.56871e-05 0.000691056 8.37935e-05 0.000200471 0.000136546 8.2338e-05 5.56612e-05 5.4719e-05 4.36961e-05 2.24722e-05
threshold=22.286073117350323 26.117591770836139 -0.0080923674422729245 -0.37053795794858407 -2.8198615963119544 -0.011729025487190124 -1.2901271319232464 -0.0056485827203801653 -3.7666087652284692 16.348945891914124 0.024701568323880371 28.977220072234285 0.018929743197433128 122.25000000000001 132.05000305175784 -0.0041667390058854883 -0.0016949109438448974 -3.5251590956149568 0.0024777779342927135 0.01768278439418557 -0.02159310954540616
decision_type=2 2 2 2 2 2 2 2 2 2 2 2 2 2 2 2 2 2 2 2 2
left_child=4 2 20 -4 5 -1 7 8 -6 18 -11 12 16 15 -15 -13 -3 -7 -8 -9 -2
right_child=1 11 3 -5 6 17 9 19 -10 10 -12 13 -14 14 -16 -17 -18 -19 -20 -21 -22
leaf_value=9.5765482745495639e-05 2.9589525127614076e-05 -3.0702136284816737e-05 -9.6009538426801661e-05 0 0 -2.5248139090564122e-05 0 -7.9927423101410175e-06 -0.00010615362170574878 3.9505604811206063e-05 0 0 0.00017762491123422101 2.8027502644432073e-05 -1.8730774770971444e-06 -4.5396285068780143e-05 2.0050829105328941e-05 3.1488103167969272e-05 -2.8866667851219468e-05 2.1473278999527921e-05 0
leaf_weight=40 23 58 67 72 26 41 150 59 72 179 45 68 22 218 2593 97 48 24 59 77 30
leaf_count=40 23 58 67 72 26 41 150 59 72 179 45 68 22 218 2593 97 48 24 59 77 30
internal_value=0 -1.26121e-06 -2.57601e-05 -4.97648e-05 4.49208e-06 3.38854e-05 0 -1.91236e-05 -5.76967e-05 1.01219e-05 2.89803e-05 0 2.42479e-05 -7.77773e-07 0 -2.1626e-05 0 0 0 0 0
internal_weight=4068 3296 192 139 772 105 667 234 98 433 224 3104 128 2976 2811 165 106 65 209 136 53
internal_count=4068 3296 192 139 772 105 667 234 98 433 224 3104 128 2976 2811 165 106 65 209 136 53
is_linear=0
shrinkage=0.03


Tree=387
num_leaves=19
num_cat=0
split_feature=21 21 32 0 29 22 22 1 28 36 2 31 1 26 33 4 29 29
split_gain=2.284e-05 0.000208669 0.000222974 0.00016294 0.000483199 0.000514225 0.000471817 0.000193769 0.00051805 0.000535562 0.000397754 0.000276491 0.00025506 0.000167891 5.17005e-05 2.81118e-05 3.7077e-05 0.000162785
threshold=445.97999954223638 463.08166554768883 -0.0053562331012555467 334.31896972656256 85.656629203463368 57.44995462548836 67.5922717109122 328.09999084472662 241707822.00000003 0.015577720267966779 314.50000000000006 -0.00064246249239452425 295.69999694824224 8.721935404419602 -0.0021632144992222431 458.10000610351568 25.248062030479883 44.681412733091967
decision_type=2 2 2 2 2 2 2 2 2 2 2 2 2 2 2 2 2 2
left_child=3 2 -2 7 5 14 -6 10 9 -9 12 -10 -1 -12 -5 -3 -17 -18
right_child=1 15 -4 4 6 -7 -8 8 11 -11 13 -13 -14 -15 -16 16 17 -19
leaf_value=2.2765549596559311e-07 -0.00013016222898859945 2.4470121896233417e-05 0 1.6707738329302507e-05 0 8.1034037552065241e-05 -0.0001573020223806279 -0.00010496248714917159 4.4175483641812461e-05 0 0 -2.5651657134531217e-05 -4.3609484294863939e-05 8.4598520833911487e-05 -7.8336228705709011e-06 0 -7.060633684070574e-05 0
leaf_weight=2844 24 42 24 147 22 140 22 102 94 29 32 99 121 71 89 31 36 99
leaf_count=2844 24 42 24 147 22 140 22 102 94 29 32 99 121 71 89 31 36 99
internal_value=0 -8.79913e-06 -6.57012e-05 4.36859e-07 1.85459e-05 3.48647e-05 -5.26412e-05 -9.21486e-07 -2.33428e-05 -7.00246e-05 4.69223e-07 0 -5.50954e-07 5.89065e-05 0 0 -7.43059e-07 -1.57377e-05
internal_weight=4068 256 48 3812 420 376 44 3392 324 131 3068 193 2965 103 236 208 166 135
internal_count=4068 256 48 3812 420 376 44 3392 324 131 3068 193 2965 103 236 208 166 135
is_linear=0
shrinkage=0.03


Tree=388
num_leaves=27
num_cat=0
split_feature=30 33 25 0 25 29 22 21 0 29 30 23 33 25 29 25 30 0 25 25 31 27 28 33 36 33
split_gain=2.228e-05 0.000126443 0.000301815 0.000875311 0.000431803 0.00045267 0.000351133 0.000113562 0.00047088 0.000236516 0.000291978 0.000232218 0.00011131 0.000283138 0.000463895 0.000183967 0.000154926 0.000169076 0.00015757 0.000106052 7.80247e-05 4.95869e-05 4.28995e-05 2.54959e-05 1.30478e-05 1.21636e-06
threshold=22.286073117350323 -0.01232443506742331 1.4972510677514377 258.69703674316412 0.85620063368042543 47.154951751737521 35.984087841709048 330.03999913533534 327.46440124511724 67.468576470275124 35.334183254565396 4.8493167917640685 -0.0065172941176140356 -2.8198615963119544 13.481866189998016 -1.3277351416527383 11.593824146808512 134.61263275146487 -1.5861031489831081 -1.2618345057688094 0.013614289382277158 0.66196579918605158 247569356.00000003 0.0033085553849637743 0.014564910488961757 -0.052991664392439845
decision_type=2 2 2 2 2 2 2 2 2 2 2 2 2 2 2 2 2 2 2 2 2 2 2 2 2 2
left_child=12 2 4 -4 6 -6 -2 8 19 10 -9 -11 13 14 25 22 17 -15 -18 -3 23 -5 -14 -17 -22 -1
right_child=1 7 3 21 5 -7 -8 9 -10 11 -12 -13 15 16 -16 20 18 -19 -20 -21 24 -23 -24 -25 -26 -27
leaf_value=-6.1323855434195605e-06 -5.1820380326363958e-05 2.9730235211388142e-05 0.00018249847659247058 0 0 -0.00016530520339553599 0 0 -0.00013884609270676531 -2.8198078013396961e-05 5.1739518574807418e-05 2.5599833045913572e-05 -6.8786747418313033e-05 0 0.00013934464634574969 -1.8774398671214205e-05 0 -6.5104219146449867e-05 2.6946405232961796e-05 -1.1969571007545153e-06 6.3858224815730713e-05 -4.5990021601407578e-05 0 0 0 3.5354274583988097e-06
leaf_weight=21 130 105 26 21 42 39 524 88 22 172 216 110 45 40 40 65 112 54 281 1780 20 21 21 27 22 24
leaf_count=21 130 105 26 21 42 39 524 88 22 172 216 110 45 40 40 65 112 54 281 1780 20 21 21 27 22 24
internal_value=0 -1.1974e-06 -1.19988e-05 3.4594e-05 -2.03946e-05 -9.02822e-05 -7.1399e-06 1.07878e-06 -1.08781e-06 1.3247e-05 3.2221e-05 0 4.45533e-06 1.36304e-05 6.51414e-05 -6.78655e-06 0 -2.86311e-05 1.25887e-05 0 0 0 -5.14225e-05 0 4.0841e-05 0
internal_weight=4068 3296 803 68 735 81 654 2493 1907 586 304 282 772 572 85 200 487 94 393 1885 134 42 66 92 42 45
internal_count=4068 3296 803 68 735 81 654 2493 1907 586 304 282 772 572 85 200 487 94 393 1885 134 42 66 92 42 45
is_linear=0
shrinkage=0.03


Tree=389
num_leaves=26
num_cat=0
split_feature=32 0 29 22 2 0 2 29 21 24 31 2 33 26 0 25 31 25 5 34 27 20 26 36 33
split_gain=2.1535e-05 0.000315819 0.000490116 0.000284246 0.000376537 0.000764391 0.000373425 0.000482182 0.000254123 0.00021201 0.00012266 0.00054703 0.000542278 0.000904133 0.000330342 0.00025223 0.000397778 0.000288964 0.000619539 0.000246039 0.00020097 0.000196639 0.000170926 9.43781e-05 2.68667e-05
threshold=-0.02159310954540616 85.621162414550795 18.083440658258969 36.22236066602462 232.09999847412112 201.91355895996097 389.89999389648443 22.256270425857107 248.87999916076663 -1.8649214310235471 -0.0078063695625798504 236.90000152587893 0.0051226390846867984 7.855836665754814 274.09886169433599 -1.4904163110684301 0.020114029483982779 -1.1127230284099432 3622142.5000000005 0.00327108316894742 0.89459558768403336 145.21499977111822 4.8154252763017018 -0.011605087208508775 0.012603542479456832
decision_type=2 2 2 2 2 2 2 2 2 2 2 2 2 2 2 2 2 2 2 2 2 2 2 2 2
left_child=1 2 -1 4 9 -6 8 -8 -5 -3 11 19 13 -13 -14 16 22 18 -17 23 -21 -19 -12 -2 -18
right_child=10 3 -4 6 5 -7 7 -9 -10 -11 15 12 14 -15 -16 17 24 21 -20 20 -22 -23 -24 -25 -26
leaf_value=0 6.7053860980539903e-06 6.7762473318290045e-05 -0.00013432035411692581 0 -0.00019182786795880373 0 6.2788270123593208e-05 -8.1916301510772437e-05 7.7582464944726861e-05 0 0 0 -4.0533710373346572e-05 -0.00011409492702922175 5.7026805519233651e-05 0 0 -1.4016877962493638e-05 -9.9388278574720181e-05 6.3537695218328529e-05 0 6.3453532996743741e-06 5.8534877163461616e-05 -2.3337257058901702e-05 -3.2297513200947849e-05
leaf_weight=25 83 56 33 152 26 89 23 51 160 25 22 96 52 145 65 63 21 545 83 104 20 1737 213 149 30
leaf_count=25 83 56 33 152 26 89 23 51 160 25 22 96 52 145 65 63 21 545 83 104 20 1737 213 149 30
internal_value=0 4.88264e-06 -5.18312e-05 1.56962e-05 -1.39117e-06 -4.86547e-05 3.21408e-05 0 4.85264e-05 2.86973e-05 -1.09647e-06 -1.25633e-05 -4.04903e-05 -6.67781e-05 0 8.15255e-07 2.80769e-05 -1.16145e-06 -4.24505e-05 7.09935e-06 4.39198e-05 1.67352e-07 4.95113e-05 0 -1.18851e-05
internal_weight=4068 640 58 582 196 115 386 74 312 81 3428 714 358 241 117 2714 286 2428 146 356 124 2282 235 232 51
internal_count=4068 640 58 582 196 115 386 74 312 81 3428 714 358 241 117 2714 286 2428 146 356 124 2282 235 232 51
is_linear=0
shrinkage=0.03


Tree=390
num_leaves=21
num_cat=0
split_feature=31 31 34 31 27 34 24 0 31 35 33 26 20 26 34 1 32 32 27 35
split_gain=2.27805e-05 0.000280274 0.000299229 0.000369138 0.000600365 0.000316466 0.000538813 0.000531697 0.000238547 0.000153526 0.000140039 0.000146538 0.000126311 0.00052668 0.00119272 0.0002774 0.000272486 0.000178531 0.00010759 6.81909e-05
threshold=-0.0038941975383111056 -0.0060401995659340449 0.045636829941294817 -0.01070178400876237 0.90355586965749435 -0.044929767817089676 5.1443041251500281 198.18453216552737 -0.0034228189724493925 0.011819838532811282 -0.029253717059205649 2.5961781196563725 142.11750030517581 2.9530454273496658 -0.024540060582880104 172.94999694824222 -0.011741828665671803 0.027480693454715158 0.47859502708198404 0.014720089399851366
decision_type=2 2 2 2 2 2 2 2 2 2 2 2 2 2 2 2 2 2 2 2
left_child=1 2 5 4 -4 7 -7 -1 19 -3 -11 -12 13 18 -15 17 -17 -14 -10 -2
right_child=8 9 3 -5 -6 6 -8 -9 12 10 11 -13 15 14 -16 16 -18 -19 -20 -21
leaf_value=-1.01878540329364e-05 0 0 0.00019357459300399285 0 0 -2.9233141950831549e-06 -6.9288615068683449e-05 6.0107745512625617e-05 -1.728519961353545e-05 0 0 6.8559610848619183e-05 5.7484978351993394e-05 3.5575771002349107e-05 -0.0001450761370288375 -3.327320537999369e-05 3.4873035206759532e-06 0 1.6352747752272612e-05 -0.00010669094341087238
leaf_weight=127 20 59 29 33 22 872 152 152 144 22 34 140 128 20 77 204 1585 22 201 25
leaf_count=127 20 59 29 33 22 872 152 152 144 22 34 140 128 20 77 204 1585 22 201 25
internal_value=0 2.57099e-06 -6.92315e-07 5.08965e-05 0.000103754 -6.32393e-06 -1.57096e-05 1.73684e-05 -1.9942e-06 3.20742e-05 4.51983e-05 5.49996e-05 0 -1.50929e-05 -7.69341e-05 2.5864e-06 0 4.18296e-05 0 -7.05286e-05
internal_weight=4068 1642 1387 84 51 1303 1024 279 2426 255 196 174 2381 442 97 1939 1789 150 345 45
internal_count=4068 1642 1387 84 51 1303 1024 279 2426 255 196 174 2381 442 97 1939 1789 150 345 45
is_linear=0
shrinkage=0.03


Tree=391
num_leaves=22
num_cat=0
split_feature=35 33 26 35 31 26 25 30 30 31 27 33 33 25 27 33 35 27 35 33 33
split_gain=2.13641e-05 0.000132042 9.22967e-05 7.51423e-05 0.000147809 0.000208411 7.6877e-05 7.39807e-05 0.000308798 0.000257108 0.000516989 0.000173383 0.000127682 7.94272e-05 7.31246e-05 0.000115281 0.000127596 9.35798e-05 0.00010095 6.68342e-05 0.000121761
threshold=0.010094400911118606 0.013893094147640174 3.2214637128373549 0.013602358252978931 -1.0000000180025095e-35 7.3625961828198543 -0.57411165900856009 81.58155210973193 78.605038375570174 -0.0073015058504801713 0.84758295390784599 0.0076936997682320882 0.028329094426792326 0.93905056001055198 0.3676835496476682 -0.021120692908275947 0.0080032247077455702 0.7339653675857406 0.009171786678469341 -0.033463896211940174 -0.0071393133925854438
decision_type=2 2 2 2 2 2 2 2 2 2 2 2 2 2 2 2 2 2 2 2 2
left_child=1 14 -3 4 19 6 -6 8 12 13 -11 -10 -5 -9 15 -1 -17 18 -16 -2 -21
right_child=3 2 -4 7 5 -7 -8 9 11 10 -12 -13 -14 -15 17 16 -18 -19 -20 20 -22
leaf_value=0 -5.3392411827582019e-05 0 -7.7057333840082346e-05 -4.6031355127427582e-06 -9.5354398634987801e-06 7.9681524268005485e-05 1.7723346032907887e-05 0 0 -0.00012294299525580322 0 8.4809860231636853e-05 1.3161398018689259e-05 3.5008616971037987e-05 5.2584887299675801e-05 0 -6.0583849499299117e-05 0 0 2.7783913696238141e-05 -5.9896858140766082e-06
leaf_weight=24 21 29 37 2248 53 61 205 26 35 50 205 60 398 64 77 34 67 43 28 134 169
leaf_count=24 21 29 37 2248 53 61 205 26 35 50 205 60 398 64 77 34 67 43 28 134 169
internal_value=0 -7.36401e-06 -4.55636e-05 4.74261e-07 1.02374e-05 2.50619e-05 4.98746e-07 -5.88149e-07 6.08797e-09 -1.40011e-05 -3.3831e-05 5.38953e-05 -7.9693e-07 8.86242e-06 0 -1.48788e-05 -3.60579e-05 1.6043e-05 3.41179e-05 0 0
internal_weight=4068 339 66 3729 643 319 258 3086 2741 345 255 95 2646 90 273 125 101 148 105 324 303
internal_count=4068 339 66 3729 643 319 258 3086 2741 345 255 95 2646 90 273 125 101 148 105 324 303
is_linear=0
shrinkage=0.03


Tree=392
num_leaves=25
num_cat=0
split_feature=29 29 5 19 29 34 3 32 5 32 34 23 29 24 21 26 29 26 32 26 29 23 35 5
split_gain=2.18152e-05 0.000195232 0.000348568 0.000344377 0.00062681 0.000231349 0.000217849 0.000174576 0.000529702 0.000366147 0.000155498 0.000248681 0.00023161 0.000154907 0.000366344 0.000225081 0.000123035 0.0001179 0.000344057 0.000144781 8.47745e-05 0.000241834 0.000122737 3.38831e-06
threshold=35.128228889001122 49.766828040662453 4239251.0000000009 287.51999816894539 45.030579454736021 -0.014765836464735503 229.29999542236331 -0.0041528896541935248 6739389.5000000009 -0.0029353788506032981 -0.013171971232138866 -0.13722048771351322 25.528894157081023 9.0632266151788112 252.47833201090498 13.068035088713094 55.107689387978716 8.3799130913599633 -0.0099679593523085402 7.3625961828198543 44.681412733091967 -2.602654667664225 0.013831808554917295 4257784.0000000009
decision_type=2 2 2 2 2 2 2 2 2 2 2 2 2 2 2 2 2 2 2 2 2 2 2 2
left_child=10 2 20 6 -5 16 -4 8 -7 -9 13 12 -12 17 -15 -16 -3 19 -19 -1 21 -2 -22 -13
right_child=1 5 3 4 -6 7 -8 9 -10 -11 11 23 -14 14 15 -17 -18 18 -20 -21 22 -23 -24 -25
leaf_value=-4.2003940960033807e-06 7.0017444957731716e-05 0.00011562903260732942 -3.4185279941002222e-05 -0.0001472953358822297 0 0 3.1493480503624308e-05 8.6905879868637837e-05 -9.1870733988564656e-05 0 0 -6.248670373290534e-06 8.3762833002325567e-05 0 0.00016087917691705173 0 0 0 -6.6134770198083886e-05 3.010188812382936e-05 0 0 -4.7412242641140002e-05 0
leaf_weight=755 53 24 126 63 34 398 49 48 71 1455 57 78 83 22 25 21 20 156 100 129 35 168 64 34
leaf_count=755 53 24 126 63 34 398 49 48 71 1455 57 78 83 22 25 21 20 156 100 129 35 168 64 34
internal_value=0 -1.83658e-06 -1.74953e-05 -4.26495e-05 -9.10451e-05 1.27422e-06 0 0 -1.6217e-05 4.73848e-06 2.72429e-06 2.44564e-05 5.17087e-05 0 4.1513e-05 9.84773e-05 6.92505e-05 -4.39852e-06 -2.23709e-05 0 0 1.38919e-05 -1.8421e-05 0
internal_weight=4068 2608 592 272 97 2016 175 1972 469 1503 1460 252 140 1208 68 46 44 1140 256 884 320 221 99 112
internal_count=4068 2608 592 272 97 2016 175 1972 469 1503 1460 252 140 1208 68 46 44 1140 256 884 320 221 99 112
is_linear=0
shrinkage=0.03


Tree=393
num_leaves=25
num_cat=0
split_feature=32 0 29 23 23 31 36 27 23 31 19 5 32 35 23 23 35 28 30 35 27 34 29 1
split_gain=2.19883e-05 0.000292397 0.000463664 0.000276687 0.000341225 0.000361627 0.000282133 0.000268786 0.000477943 0.000110198 0.000556336 0.000441523 0.000465455 0.000308001 0.000289374 0.000409986 0.000395059 0.000367667 0.000226938 0.000233609 0.000149338 0.000126865 8.131e-05 5.68003e-05
threshold=-0.02159310954540616 85.621162414550795 18.083440658258969 -5.6111791683931918 6.583255803372837 -0.032466775186414935 -0.0097213311317443426 0.085876111892119092 -11.811216755627312 -0.0078063695625798504 232.58000335693362 3021228.0000000005 0.0047783198804727265 0.018786871766415924 6.583255803372837 16.101340865292688 0.016929071443210174 380222174.00000006 82.522413237025205 0.014658842650909784 0.88461719966312458 -0.043062047497953553 52.59913823163491 396.10000610351568
decision_type=2 2 2 2 2 2 2 2 2 2 2 2 2 2 2 2 2 2 2 2 2 2 2 2
left_child=1 2 -1 7 5 -5 -6 8 -3 10 13 23 -13 22 18 16 -16 -17 21 -20 -15 -11 -2 -12
right_child=9 3 -4 4 6 -7 -8 -9 -10 14 11 12 -14 20 15 17 -18 -19 19 -21 -22 -23 -24 -25
leaf_value=0 -2.8964209306116312e-05 0 -0.00012968604177806498 0 1.6000636690164659e-06 5.4443509410720617e-05 -8.6269065330142646e-05 3.5801094798005762e-06 -0.00011572987372645698 -3.0939561372974483e-05 3.5704626967807345e-05 -7.9059748595743462e-05 0 5.1605452563518255e-05 0 -0.0001076336916219251 7.2519421508396872e-05 0 0 -5.5818627347875762e-05 0 2.7954593991605106e-06 0 0
leaf_weight=25 99 24 33 39 53 340 34 41 51 102 40 223 78 160 59 29 185 24 76 135 20 2104 72 22
leaf_count=25 99 24 33 39 53 340 34 41 51 102 40 223 78 160 59 29 185 24 76 135 20 2104 72 22
internal_value=0 4.93907e-06 -4.89817e-05 1.54739e-05 2.83843e-05 4.2434e-05 0 -1.05305e-05 -5.81855e-05 -1.10353e-06 -1.19638e-05 -3.99047e-05 -5.6921e-05 8.39086e-06 6.48597e-07 2.93045e-05 5.03124e-05 -1.08264e-05 -1.63254e-06 -3.15917e-05 4.0263e-05 0 -7.62908e-06 0
internal_weight=4068 640 58 582 466 379 87 116 75 3428 714 363 301 351 2714 297 244 53 2417 211 180 2206 171 62
internal_count=4068 640 58 582 466 379 87 116 75 3428 714 363 301 351 2714 297 244 53 2417 211 180 2206 171 62
is_linear=0
shrinkage=0.03


Tree=394
num_leaves=23
num_cat=0
split_feature=29 34 29 29 27 21 23 20 26 29 29 26 23 32 25 33 28 34 19 29 23 4
split_gain=2.10273e-05 0.000185898 0.000444229 0.000248493 0.000146919 0.000361652 0.000285216 0.000145371 0.000536618 0.000132096 0.000305045 0.000624981 0.000221153 0.000241976 0.000156713 0.000103051 0.000330813 0.000323761 9.6822e-05 8.91395e-05 8.00825e-05 4.26532e-05
threshold=35.128228889001122 -0.031878292384289013 40.441892886314584 49.766828040662453 0.49051491113625229 280.86083450317386 4.3483893657579538 371.67000198364263 9.6868408377039046 26.759450505805017 22.256270425857107 4.7014683226262184 -0.13722048771351322 -0.019972912921386417 -2.8198615963119544 0.046439724094094033 285442108.50000006 0.075591256970922963 129.99000015258792 27.907490802916662 2.8856872322143521 454.30000305175787
decision_type=2 2 2 2 2 2 2 2 2 2 2 2 2 2 2 2 2 2 2 2 2 2
left_child=4 2 -2 7 9 6 18 8 -3 10 14 -12 13 -11 -1 17 -17 -5 -6 -7 -14 -9
right_child=1 3 -4 15 5 19 -8 21 -10 12 11 -13 20 -15 -16 16 -18 -19 -20 -21 -22 -23
leaf_value=3.5551848236047305e-05 0 -9.0997881597449566e-06 0.00015218148872221505 0 0 0.00011416779572366473 -6.2222378603934636e-05 2.3207287851643224e-05 -0.0001249321873231779 0 0 -9.5619302207318652e-05 -3.8709493658070691e-05 5.7955156661932582e-05 -3.9373977601615564e-06 0 -7.753486156314245e-05 6.8467392783262248e-05 4.0441737845346597e-05 0 0 -8.0958738101474959e-06
leaf_weight=103 25 402 23 1661 20 42 46 68 54 49 71 96 48 147 692 221 61 67 101 24 21 26
leaf_count=103 25 402 23 1661 20 42 46 68 54 49 71 96 48 147 692 221 61 67 101 24 21 26
internal_value=0 -1.76458e-06 5.30114e-05 -3.96549e-06 2.72016e-06 2.4771e-05 0 -2.19028e-05 -2.94187e-05 0 -6.57746e-06 -4.34979e-05 1.70719e-05 3.75364e-05 0 0 -1.57051e-05 3.66131e-06 2.54136e-05 8.41904e-05 0 0
internal_weight=4068 2608 48 2560 1460 233 167 550 456 1227 962 167 265 196 795 2010 282 1728 121 66 69 94
internal_count=4068 2608 48 2560 1460 233 167 550 456 1227 962 167 265 196 795 2010 282 1728 121 66 69 94
is_linear=0
shrinkage=0.03


Tree=395
num_leaves=21
num_cat=0
split_feature=31 31 34 31 27 34 0 24 31 35 25 30 22 27 22 2 29 26 32 35
split_gain=2.3495e-05 0.00025673 0.000270554 0.000345936 0.000566144 0.000293603 0.000505027 0.000484501 0.000223393 0.000144515 0.000111667 0.000287642 0.000304518 0.000263979 0.000243886 0.000215834 0.00015927 9.34398e-05 0.000153806 5.97914e-05
threshold=-0.0038941975383111056 -0.0060401995659340449 0.045636829941294817 -0.01070178400876237 0.90355586965749435 -0.044929767817089676 198.18453216552737 5.1443041251500281 -0.0034228189724493925 0.0098479367507859853 -0.16145042130048412 17.078602307551119 32.512981613095242 0.47859502708198404 43.037161930394355 256.59999084472662 66.009616095413676 2.5961781196563725 -0.023161837578798136 0.014720089399851366
decision_type=2 2 2 2 2 2 2 2 2 2 2 2 2 2 2 2 2 2 2 2
left_child=1 2 5 4 -4 6 -1 -7 19 -3 11 12 -10 15 -13 -12 -15 -11 -19 -2
right_child=8 9 3 -5 -6 7 -8 -9 10 17 13 14 -14 16 -16 -17 -18 18 -20 -21
leaf_value=-9.5324723603589314e-06 0 0 0.00018719541633828091 0 0 -2.6700705332921398e-06 5.8589485128129113e-05 -6.5863074245897112e-05 -8.5592248098628789e-05 0 -6.0334043805770841e-05 4.398263134018653e-05 0 1.2589599070204867e-05 2.4493974566515172e-08 0 -9.5161846324765558e-06 0 6.1525667767867943e-05 -0.00010270100694977161
leaf_weight=127 20 27 29 33 22 872 152 152 46 48 133 239 171 466 514 45 767 23 157 25
leaf_count=127 20 27 29 33 22 872 152 152 46 48 133 239 171 466 514 45 767 23 157 25
internal_value=0 2.61968e-06 -4.01566e-07 4.8626e-05 9.99213e-05 -5.8679e-06 1.68394e-05 -1.49852e-05 -2.01763e-06 3.08067e-05 0 7.02105e-06 -1.71245e-05 -6.10998e-06 1.79642e-05 -4.03703e-05 0 4.0393e-05 5.03327e-05 -6.83881e-05
internal_weight=4068 1642 1387 84 51 1303 279 1024 2426 255 2381 970 217 1411 753 178 1233 228 180 45
internal_count=4068 1642 1387 84 51 1303 279 1024 2426 255 2381 970 217 1411 753 178 1233 228 180 45
is_linear=0
shrinkage=0.03


Tree=396
num_leaves=28
num_cat=0
split_feature=25 33 5 2 35 33 25 25 25 5 3 30 23 35 26 25 30 35 33 3 5 0 25 27 27 27 29
split_gain=2.13849e-05 0.000179285 0.000396747 0.000378209 0.000488347 0.000225587 0.000104462 0.000239461 0.000500961 0.000185086 0.000397261 0.000394539 0.000167052 0.000162758 0.0002916 0.00021652 0.000157988 0.000308868 0.00017431 4.07389e-05 0.000142284 4.91471e-05 3.61954e-05 3.19704e-05 9.20178e-05 3.04704e-05 2.41943e-05
threshold=1.975417229296998 0.038378142881777329 5992197.5000000009 382.69999694824224 0.025735781764236458 0.056559516180024423 0.62336313064283544 0.47299443732152319 0.51220763134172664 6629764.5000000009 176.94999694824222 72.15262147240675 1.8364840187004037 0.017465580363847894 5.7603135843989532 0.90643039989883722 69.940271562181422 0.023086809605848354 -0.0041192250278710421 369.89999389648443 3548311.0000000005 407.63150024414068 3.135822936558025 1.0958797442397439 0.99797936734332382 0.94757891175063491 62.970503238121431
decision_type=2 2 2 2 2 2 2 2 2 2 2 2 2 2 2 2 2 2 2 2 2 2 2 2 2 2 2
left_child=6 2 19 4 -4 22 7 16 26 13 25 -12 -10 14 -8 -15 18 -18 -1 20 -2 -21 -3 24 -7 -11 -9
right_child=1 5 3 -5 -6 23 9 8 12 10 11 -13 -14 15 -16 -17 17 -19 -20 21 -22 -23 -24 -25 -26 -27 -28
leaf_value=1.5105911908915026e-06 0 0 0 0 0.00017610769277557977 0 0 0.00016271272767201362 2.7468852971020664e-05 2.8783675146730906e-05 0 -0.00010510031580886668 -4.5376616796940881e-05 -3.3500139392211065e-06 -6.081613840432272e-05 3.3101712638963588e-05 4.7479358912086274e-05 -1.8627943647174408e-06 -1.3524689945094783e-05 3.2009888816385818e-05 -5.4444480011214122e-05 0 -0.0001076787137713336 0 7.1058377968063108e-05 0 0
leaf_weight=1397 30 25 22 26 42 27 210 26 87 33 84 88 41 91 95 229 173 59 1003 56 51 28 21 30 22 50 22
leaf_count=1397 30 25 22 26 42 27 210 26 87 33 84 88 41 91 95 229 173 59 1003 56 51 28 21 30 22 50 22
internal_value=0 6.56857e-06 2.57169e-05 7.63909e-05 0.000116245 -8.50251e-06 -8.78536e-07 1.01621e-06 3.52141e-05 -1.03326e-05 -3.19581e-05 -5.9928e-05 0 0 -1.7108e-05 1.33659e-05 -1.32056e-07 2.20103e-05 -3.52326e-06 0 -1.69919e-05 1.25517e-05 -6.78253e-05 0 2.42077e-05 0 0.000117955
internal_weight=4068 380 255 90 64 125 3688 2808 176 880 255 172 128 625 305 320 2632 232 2400 165 81 84 46 79 49 83 48
internal_count=4068 380 255 90 64 125 3688 2808 176 880 255 172 128 625 305 320 2632 232 2400 165 81 84 46 79 49 83 48
is_linear=0
shrinkage=0.03


Tree=397
num_leaves=23
num_cat=0
split_feature=30 30 36 24 1 28 35 19 20 19 25 29 30 32 30 30 25 36 22 32 30 35
split_gain=2.11816e-05 0.000126197 0.000231555 0.000271659 0.000102657 0.000139523 0.000205507 0.000179571 0.000182893 0.000171192 0.000146715 0.000123793 8.20861e-05 0.000643424 7.9321e-05 0.000327933 9.51588e-05 7.17186e-05 6.46891e-05 2.24312e-05 1.97794e-05 6.1617e-06
threshold=22.286073117350323 26.117591770836139 -0.0080923674422729245 -0.37053795794858407 124.25000000000001 87252110.000000015 0.012599074164480225 272.47999572753912 268.23499794006352 281.88000183105476 -0.93061156348500906 12.796200724299936 28.977220072234285 0.018929743197433128 34.740391173132174 33.349201142001156 -1.4451416365805982 -0.0016949109438448974 42.757575585600598 -0.02159310954540616 15.513954299437325 0.0099793068762508916
decision_type=2 2 2 2 2 2 2 2 2 2 2 2 2 2 2 2 2 2 2 2 2 2
left_child=4 2 19 18 11 6 21 8 -7 -9 -8 -1 13 17 15 -14 -16 -3 -4 -2 -13 -6
right_child=1 12 3 -5 5 7 10 9 -10 -11 -12 20 14 -15 16 -17 -18 -19 -20 -21 -22 -23
leaf_value=7.6635841669240502e-05 2.9562519494347363e-05 -2.8587635219812056e-05 -0.000116870642367661 0 0 0 0 -8.3184769878593759e-05 0.00010188364730167545 2.2277982247125796e-06 -6.4371124924728288e-05 -1.2776895234925487e-05 0 0.0001716509382598675 2.3246084872557557e-05 -7.5803843375721113e-05 -5.4402794515025945e-07 1.8835284281219494e-05 0 0 1.8596084088207845e-05 1.2064488828328881e-05
leaf_weight=37 23 58 46 72 33 124 92 22 36 231 95 24 224 22 157 64 2531 48 21 30 40 38
leaf_count=37 23 58 46 72 33 124 92 22 36 231 95 24 224 22 157 64 2531 48 21 30 40 38
internal_value=0 -1.22897e-06 -2.48426e-05 -4.8482e-05 4.27113e-06 0 -1.72792e-05 1.08364e-05 3.62278e-05 0 -3.74221e-05 3.24527e-05 0 2.37199e-05 -7.7856e-07 -1.59391e-05 0 0 -9.22842e-05 0 0 0
internal_weight=4068 3296 192 139 772 671 258 413 160 253 187 101 3104 128 2976 288 2688 106 67 53 64 71
internal_count=4068 3296 192 139 772 671 258 413 160 253 187 101 3104 128 2976 288 2688 106 67 53 64 71
is_linear=0
shrinkage=0.03


Tree=398
num_leaves=23
num_cat=0
split_feature=30 30 36 24 31 36 34 30 29 30 0 30 36 23 5 36 5 21 0 4 22 31
split_gain=2.08477e-05 0.000118877 0.000222049 0.000256183 9.83237e-05 0.000268788 0.000116304 0.000179247 9.84351e-05 0.000195276 0.000163674 7.72465e-05 0.000414708 0.000291301 7.44201e-05 0.000309418 0.000216719 6.70266e-05 5.90551e-05 0.000141834 5.60734e-05 2.43824e-05
threshold=22.286073117350323 26.117591770836139 -0.0080923674422729245 -0.37053795794858407 -0.011105637742214456 -0.0025000127156575517 -0.05405407162324815 13.310908644915555 18.687416659000085 17.078602307551119 252.11206054687503 28.977220072234285 -1.0000000180025095e-35 -1.964241672295344 2386520.5000000005 -0.0015824910357796552 3189471.0000000005 283.32583427429205 268.39170837402349 231.90000152587893 42.757575585600598 -0.0029297097538983903
decision_type=2 2 2 2 2 2 2 2 2 2 2 2 2 2 2 2 2 2 2 2 2 2
left_child=4 2 -2 20 5 18 7 -6 10 -10 -8 12 21 -14 15 -13 -16 -9 19 -1 -4 -3
right_child=1 11 3 -5 6 -7 8 17 9 -11 -12 14 13 -15 16 -17 -18 -19 -20 -21 -22 -23
leaf_value=0 0 -2.2564254379172192e-05 -0.0001133721290482511 0 0 0.00011715310093862341 1.2064409568982722e-06 -0.00011095956315476466 0 4.2788232505148344e-05 -4.5796100863706608e-05 8.9620935424369184e-07 0.00015037414461929781 0 1.9707716344201259e-05 -4.4391509549394495e-05 -2.9417985610450508e-06 0 3.5960778662687193e-05 -5.2059552027765287e-05 0 0
leaf_weight=92 53 43 46 72 34 25 197 26 72 147 70 144 31 33 453 176 2203 21 41 47 21 21
leaf_count=92 53 43 46 72 34 25 197 26 72 147 70 144 31 33 453 176 2203 21 41 47 21 21
internal_value=0 -1.19027e-06 -2.41092e-05 -4.73225e-05 4.27236e-06 2.23644e-05 0 -3.50617e-05 3.19943e-06 2.06653e-05 0 0 2.30121e-05 8.2952e-05 -7.52566e-07 -1.46461e-05 0 -7.44434e-05 0 0 -8.98806e-05 0
internal_weight=4068 3296 192 139 772 205 567 81 486 219 267 3104 128 64 2976 320 2656 47 180 139 67 64
internal_count=4068 3296 192 139 772 205 567 81 486 219 267 3104 128 64 2976 320 2656 47 180 139 67 64
is_linear=0
shrinkage=0.03


Tree=399
num_leaves=21
num_cat=0
split_feature=31 31 30 33 0 24 35 27 31 35 33 26 20 26 30 3 31 32 27 35
split_gain=2.04917e-05 0.000241822 0.000232322 0.00035068 0.000644766 0.000600174 0.000294925 0.000227731 0.000210343 0.000140784 0.00012808 0.000133148 0.000112174 0.000479736 0.00113929 0.000194483 0.000276561 0.000256502 9.71386e-05 5.23287e-05
threshold=-0.0038941975383111056 -0.0060401995659340449 79.093729125942232 -0.023255826479535831 196.94541168212893 5.1443041251500281 0.038221958574974353 0.89459558768403336 -0.0034228189724493925 0.011819838532811282 -0.029253717059205649 2.5961781196563725 142.11750030517581 2.9530454273496658 47.829294817893718 172.15000152587893 0.0011848616631040534 -0.011741828665671803 0.47859502708198404 0.014720089399851366
decision_type=2 2 2 2 2 2 2 2 2 2 2 2 2 2 2 2 2 2 2 2
left_child=1 2 3 4 -1 -5 7 -4 19 -3 -11 -12 13 18 -15 16 -14 -17 -10 -2
right_child=8 9 6 5 -6 -7 -8 -9 12 10 11 -13 15 14 -16 17 -18 -19 -20 -21
leaf_value=-2.1048575346999809e-05 0 0 8.37638120521495e-05 -5.8072468203280932e-06 4.141141947991066e-05 -9.6407838421652824e-05 0 0 -1.6189212953547561e-05 0 0 6.4848755934770279e-05 0.00011138949385716312 0 -0.00016907441461103316 -3.2122912731930036e-05 0 3.5988257175767275e-06 1.5713984983011546e-05 -9.8775214658478684e-05
leaf_weight=239 20 59 89 619 296 92 20 32 144 22 34 140 35 43 54 204 137 1563 201 25
leaf_count=239 20 59 89 619 296 92 20 32 144 22 34 140 35 43 54 204 137 1563 201 25
internal_value=0 2.46248e-06 -4.12462e-07 -6.61682e-06 7.90358e-06 -2.17613e-05 3.3119e-05 5.89056e-05 -1.87015e-06 2.9854e-05 4.24916e-05 5.1921e-05 0 -1.42195e-05 -7.3261e-05 2.44236e-06 3.29282e-05 0 0 -6.62243e-05
internal_weight=4068 1642 1387 1246 535 711 141 121 2426 255 196 174 2381 442 97 1939 172 1767 345 45
internal_count=4068 1642 1387 1246 535 711 141 121 2426 255 196 174 2381 442 97 1939 172 1767 345 45
is_linear=0
shrinkage=0.03


end of trees

feature_importances:
daily_range_pct=553
return_lag3=524
close_to_open_pct=485
STOCH_K=466
Volume=464
ATR14=440
STOCH_D=427
return_lag1=427
MACD_HIST=399
return_lag2=392
OBV=387
MACD_SIGNAL=378
return_lag5=370
BB_PCT=343
MA60=303
RSI14=288
MACD=280
MA20=253
Adj_Close=235
High=123
Close=118
MA5=108
Open=94
Low=84
CDLENGULFING=6
CDLHAMMER=1

parameters:
[boosting: gbdt]
[objective: regression]
[metric: l2]
[tree_learner: serial]
[device_type: cpu]
[data_sample_strategy: bagging]
[data: ]
[valid: ]
[num_iterations: 400]
[learning_rate: 0.03]
[num_leaves: 31]
[num_threads: 1]
[seed: 0]
[deterministic: 0]
[force_col_wise: 0]
[force_row_wise: 0]
[histogram_pool_size: -1]
[max_depth: 5]
[min_data_in_leaf: 20]
[min_sum_hessian_in_leaf: 0.001]
[bagging_fraction: 0.8]
[pos_bagging_fraction: 1]
[neg_bagging_fraction: 1]
[bagging_freq: 0]
[bagging_seed: 3]
[bagging_by_query: 0]
[feature_fraction: 0.8]
[feature_fraction_bynode: 1]
[feature_fraction_seed: 2]
[extra_trees: 0]
[extra_seed: 6]
[early_stopping_round: 0]
[early_stopping_min_delta: 0]
[first_metric_only: 0]
[max_delta_step: 0]
[lambda_l1: 0.1]
[lambda_l2: 0.1]
[linear_lambda: 0]
[min_gain_to_split: 0]
[drop_rate: 0.1]
[max_drop: 50]
[skip_drop: 0.5]
[xgboost_dart_mode: 0]
[uniform_drop: 0]
[drop_seed: 4]
[top_rate: 0.2]
[other_rate: 0.1]
[min_data_per_group: 100]
[max_cat_threshold: 32]
[cat_l2: 10]
[cat_smooth: 10]
[max_cat_to_onehot: 4]
[top_k: 20]
[monotone_constraints: ]
[monotone_constraints_method: basic]
[monotone_penalty: 0]
[feature_contri: ]
[forcedsplits_filename: ]
[refit_decay_rate: 0.9]
[cegb_tradeoff: 1]
[cegb_penalty_split: 0]
[cegb_penalty_feature_lazy: ]
[cegb_penalty_feature_coupled: ]
[path_smooth: 0]
[interaction_constraints: ]
[verbosity: -1]
[saved_feature_importance_type: 0]
[use_quantized_grad: 0]
[num_grad_quant_bins: 4]
[quant_train_renew_leaf: 0]
[stochastic_rounding: 1]
[linear_tree: 0]
[max_bin: 255]
[max_bin_by_feature: ]
[min_data_in_bin: 3]
[bin_construct_sample_cnt: 200000]
[data_random_seed: 1]
[is_enable_sparse: 1]
[enable_bundle: 1]
[use_missing: 1]
[zero_as_missing: 0]
[feature_pre_filter: 1]
[pre_partition: 0]
[two_round: 0]
[header: 0]
[label_column: ]
[weight_column: ]
[group_column: ]
[ignore_column: ]
[categorical_feature: ]
[forcedbins_filename: ]
[precise_float_parser: 0]
[parser_config_file: ]
[objective_seed: 5]
[num_class: 1]
[is_unbalance: 0]
[scale_pos_weight: 1]
[sigmoid: 1]
[boost_from_average: 1]
[reg_sqrt: 0]
[alpha: 0.9]
[fair_c: 1]
[poisson_max_delta_step: 0.7]
[tweedie_variance_power: 1.5]
[lambdarank_truncation_level: 30]
[lambdarank_norm: 1]
[label_gain: ]
[lambdarank_position_bias_regularization: 0]
[eval_at: ]
[multi_error_top_k: 1]
[auc_mu_weights: ]
[num_machines: 1]
[local_listen_port: 12400]
[time_out: 120]
[machine_list_filename: ]
[machines: ]
[gpu_platform_id: -1]
[gpu_device_id: -1]
[gpu_use_dp: 0]
[num_gpu: 1]

end of parameters

pandas_categorical:[]
