tree
version=v4
num_class=1
num_tree_per_iteration=1
label_index=0
max_feature_idx=41
objective=regression
feature_names=Adj_Close Close High Low Open Volume CDLDOJI CDLENGULFING CDLHAMMER CDLMORNINGSTAR CDLEVENINGSTAR CDL3WHITESOLDIERS CDLDARKCLOUDCOVER CDLHARAMI CDLSHOOTINGSTAR CDLPIERCING us_futures_return vix_level vix_change MA5 MA20 MA60 RSI14 MACD MACD_SIGNAL MACD_HIST ATR14 BB_PCT OBV STOCH_K STOCH_D return_lag1 return_lag2 return_lag3 return_lag5 daily_range_pct close_to_open_pct ccass_top10_change market_sentiment stock_sentiment RSI_x_VIX MACD_x_USFutures
feature_infos=[27.241245269775391:83.171913146972656] [41.5:116.09999847412109] [42.5:118] [39:115.5] [39:116.19999694824219] [0:1078582648] [0:100] [-100:100] [0:100] [0:100] [-100:0] none none [-100:100] [-100:0] none none none none [44.240000915527347:115.2] [44.327500152587888:111.34499969482422] [46.235833485921226:106.02999979654948] [12.764896060848308:87.057959683268109] [-3.9142541726837763:3.9183010699291572] [-3.0008401240163081:3.6639851291966261] [-1.2000923160133032:1.2992054129242696] [0.56351193639643882:3.7178827883046188] [-0.43544916806657563:1.3885397539528395] [-3497484516:598318449] [0.40649801356567422:99.163415447559487] [0.93189550216988459:98.33628847811876] [-0.077422578602772019:0.135751279524571] [-0.11039659930175916:0.12771082498941078] [-0.10750693521852206:0.17305696319421959] [-0.15204170488268665:0.17202070957638438] [0:0.11171361999225807] [-0.05623786114975126:0.085983454548444541] none none none none none
tree_sizes=2533 2308 2285 2470 2248 2286 2267 2012 2419 2291 2254 2060 2598 2238 2450 2398 2384 2762 2309 2118 2627 2237 2078 2089 2578 2656 2276 2388 2487 2247 2081 2056 1958 2404 2625 2066 2397 2263 2184 2689 2040 1884 2163 2071 2660 1693 1985 1977 1685 1780 2208 1842 1596 1994 1948 1829 1449 2063 2579 1893 1172 1964 2065 2159 1808 1313 1293 1774 1621 2165 2231 1832 2362 2309 1687 2439 1190 2653 1500 2181 2505 2182 2614 2204 2406 1207 2551 2064 1544 2066 1623 2334 1834 1134 2335 1696 2523 2233 1375 1536 2176 2071 2287 1507 1906 2139 1344 1837 1665 2324 1345 2241 1713 1534 2086 2157 1338 1770 2352 1835 1957 1530 1856 2401 2131 2300 2422 2190 1493 1440 1907 1763 1984 1558 2089 1413 2021 1805 2241 1447 2172 2073 1627 1938 2516 1806 1915 1637 1949 1652 1738 1628 2120 2306 1746 1654 1701 1665 2010 1711 1892 2296 1763 1868 2425 1533 1917 2124 2215 2156 1878 2189 1639 2151 2225 2143 2071 2265 2243 1998 2063 1672 2628 2486 2040 2190 2344 2145 2157 2081 1992 2122 2183 2142 2110 1850 1964 1856 1948 1802 2082 2220 2185 2367 1977 1856 2122 1831 2563 2686 2318 1877 2210 1988 2409 2180 1557 2226 2155 2135 2003 2057 2368 2270 2403 2342 2113 2141 1879 2217 2443 1586 1844 2015 2279 2152 2378 2431 1885 2484 2001 2399 2514 2114 1463 1557 2391 2107 1838 2204 2300 2041 1726 1349 1975 2210 1418 2064 2136 2108 2434 2266 2163 1633 2283 1701 2482 2284 2009 2173 1337 1920 2283 2564 2085 1507 2178 2389 2382 2136 1842 2390 2503 2232 1868 2358 1333 2052 1551 1573 2301 2255 1566 2165 2242 1590 1900 1904 2297 1216 1977 1653 2278 2125 2155 1534 2500 2196 2286 2323 1552 2062 2473 2150 2353 1871 2546 2334 2060 2293 1896 2208 2426 2231 1930 2320 2226 2171 2266 2180 1896 2531 2342 1443 2359 1375 1895 2411 2530 2472 2348 2541 2264 2312 2119 1375 2252 2164 2759 2277 1584 2414 2377 2238 1539 2574 2499 2259 2552 1617 2281 2317 1899 2273 1897 2457 1704 1509 2231 1828 2757 2231 1677 1884 2377 1547 1985 1969 1967 2099 2190 1915 2146 2230 1697 2026 1117 1522 1638 2455 2431 2366 2088 2116 1885 2441 2373 2239 2601 1623

Tree=0
num_leaves=26
num_cat=0
split_feature=26 35 29 35 22 22 7 25 4 4 2 28 26 23 0 21 20 25 31 25 2 23 32 20 30
split_gain=0.011134 0.00253069 0.00306908 0.00156942 0.00147691 0.00193234 0.00149152 0.000710673 0.000996965 0.000703742 0.00061109 0.00054195 0.000486248 0.000460325 0.00050628 0.000445063 0.000441341 0.000394873 0.000306883 0.000273015 0.00025033 0.000213912 0.000212997 0.000179837 5.52173e-05
threshold=1.3648402757351892 0.021104569417634021 56.516716830310905 0.01807115327907001 39.349437438030861 31.082798883226644 1.0000000180025095e-35 0.19196333817179145 75.862499237060561 96.174999237060561 88.125000000000014 -2904959859.9999995 1.7714278150303888 -0.92494562016541682 56.946161270141609 76.437499618530282 77.203749084472676 -0.36965358302049928 -0.012271705215872562 -0.32169535286634249 69.825000762939467 -0.5858347429908618 0.025909395965970864 75.821250534057626 63.730604738221544
decision_type=2 2 2 2 2 2 2 2 2 2 2 2 2 2 2 2 2 2 2 2 2 2 2 2 2
left_child=3 2 9 10 5 -3 11 18 22 15 16 -6 -7 -4 -15 -2 23 -18 20 -11 -5 -20 -9 -1 -12
right_child=1 4 13 7 6 12 -8 8 -10 19 24 -13 -14 14 -16 -17 17 -19 21 -21 -22 -23 -24 -25 -26
leaf_value=-0.008179021663485898 -0.0082174770822444048 -0.0084727877243401615 -0.0082174770822444048 -0.0082867044240328459 -0.0082174770822444048 -0.0082174770822444048 -0.0082174770822444048 -0.0082421673153140317 -0.0082174770822444048 -0.0082174770822444048 -0.0082545797714079893 -0.0083736151839581708 -0.0080486047210180534 -0.0083315864784575307 -0.0082174770822444048 -0.0081659491350278765 -0.0082174770822444048 -0.0081371504292524193 -0.0082174770822444048 -0.0083514006023201852 -0.0082174770822444048 -0.0081702573496990564 -0.0084633431334347146 -0.0082174770822444048 -0.0082174770822444048
leaf_weight=960 187 21 27 54 36 45 41 55 48 23 36 448 28 326 31 308 73 818 86 31 39 221 27 52 47
leaf_count=960 187 21 27 54 36 45 41 55 48 23 36 448 28 326 31 308 73 818 86 31 39 221 27 52 47
internal_value=-0.00821748 -0.00828067 -0.00824507 -0.0081785 -0.00832947 -0.00821748 -0.00834908 -0.00821914 -0.00828441 -0.00820424 -0.00816614 -0.00836431 -0.00814694 -0.00831123 -0.0083205 -0.00818844 -0.00816235 -0.00814315 -0.00820541 -0.00829343 -0.00823658 -0.0081862 -0.00835175 -0.00818222 -0.00821748
internal_weight=4068 1552 933 2516 619 94 525 530 130 549 1986 484 73 384 357 495 1903 891 400 54 93 307 82 1012 83
internal_count=4068 1552 933 2516 619 94 525 530 130 549 1986 484 73 384 357 495 1903 891 400 54 93 307 82 1012 83
is_linear=0
shrinkage=1


Tree=1
num_leaves=26
num_cat=0
split_feature=26 5 28 0 33 5 22 5 25 19 5 19 1 22 31 22 26 26 33 19 28 21 31 31 1
split_gain=0.0104794 0.00464908 0.00212821 0.00182665 0.00178786 0.00153684 0.00130683 0.00102198 0.00089817 0.000734303 0.000680617 0.000695503 0.000898203 0.000568984 0.000459671 0.00042588 0.000401448 0.000327774 0.000408491 0.000325081 0.000303422 0.000183813 0.000165586 0.000150175 8.37158e-05
threshold=1.3648402757351892 31421472.000000004 -2598932320.9999995 33.590461730957038 -0.0033840604292305616 30027782.500000004 39.349437438030861 18194832.500000004 0.19196333817179145 70.675000762939462 11739817.000000002 76.774999237060555 87.825000762939467 42.106458559917407 -0.0038207505935625714 34.73943844549057 1.0931163176890675 1.2380799862620637 -0.019334122357905766 53.869999694824223 -2866388925.9999995 76.744166755676289 0.012559012118341208 0.0094283674117979794 72.075000762939467
decision_type=2 2 2 2 2 2 2 2 2 2 2 2 2 2 2 2 2 2 2 2 2 2 2 2 2
left_child=5 3 19 23 7 10 15 -5 14 -10 17 20 -13 -6 16 -4 -7 18 -1 -3 -12 -8 -16 -2 -21
right_child=1 2 6 4 13 8 21 -9 9 -11 11 12 -14 -15 22 -17 -18 -19 -20 24 -22 -23 -24 -25 -26
leaf_value=0 0.00010772356210509316 0 -0.00013946126322018733 2.4990768113530096e-05 0 0 -0.00036709958700164148 -5.8196923985514731e-05 -0.00021015061324115874 0 3.5802910386323375e-05 6.8115703404503841e-05 -1.4732167065505412e-05 -8.8432659620407418e-05 9.404784547795638e-05 0 -0.00010230767099881655 0 0.000103035756245976 -0.00012598277589149725 0 -9.4729733743198843e-05 0 0 0
leaf_weight=20 66 35 20 340 56 33 83 209 37 40 362 733 73 620 51 21 45 76 368 24 640 38 38 20 20
leaf_count=20 66 35 20 340 56 33 83 209 37 40 362 733 73 620 51 21 45 76 368 24 640 38 38 20 20
internal_value=0 -6.13334e-05 -0.000185607 -3.61877e-05 -4.71976e-05 3.77878e-05 -0.000250929 -1.21948e-06 -2.63304e-05 -0.000112603 4.59949e-05 3.46752e-05 5.68896e-05 -8.00948e-05 0 -1.36355e-05 -3.76574e-05 8.36215e-05 9.55091e-05 -1.3581e-05 1.38086e-05 -0.000306484 5.83107e-05 8.56682e-05 -8.34574e-05
internal_weight=4068 1552 241 1311 1225 2516 162 549 244 77 2272 1808 806 676 167 41 78 464 388 79 1002 121 89 86 44
internal_count=4068 1552 241 1311 1225 2516 162 549 244 77 2272 1808 806 676 167 41 78 464 388 79 1002 121 89 86 44
is_linear=0
shrinkage=0.03


Tree=2
num_leaves=26
num_cat=0
split_feature=26 5 0 33 5 23 29 25 5 25 19 5 19 23 21 22 31 36 26 26 33 24 20 1 36
split_gain=0.0098828 0.00440805 0.00172732 0.00168053 0.0014511 0.00120782 0.00252638 0.00145663 0.000972725 0.000853659 0.000684583 0.000632985 0.000642198 0.000868545 0.000592841 0.000538909 0.000429997 0.000410723 0.000381804 0.000298332 0.000389666 0.000154687 0.000149493 0.000142695 3.9436e-06
threshold=1.3648402757351892 31421472.000000004 33.590461730957038 -0.0033840604292305616 30027782.500000004 -0.5676148577692145 20.057116799646582 -0.48071507956675402 15898018.000000002 0.19196333817179145 70.675000762939462 11739817.000000002 76.774999237060555 0.66859895317634266 47.270000108083096 42.106458559917407 -0.0038207505935625714 -0.0022833609345979124 1.0931163176890675 1.2380799862620637 -0.019334122357905766 -0.56594286513410397 76.927500152587911 56.175001144409187 -0.0013615322041747781
decision_type=2 2 2 2 2 2 2 2 2 2 2 2 2 2 2 2 2 2 2 2 2 2 2 2 2
left_child=4 2 22 8 11 7 -7 -3 -4 16 -11 19 17 -14 -8 -5 18 -13 -6 20 -1 -18 -2 -9 -21
right_child=1 5 3 15 9 6 14 23 -10 10 -12 12 13 -15 -16 -17 21 -19 -20 24 -22 -23 -24 -25 -26
leaf_value=0 0.00010758982909580284 -0.00024835455849933532 3.8399038856590244e-05 0 0 0 0 9.9996873142837122e-05 -4.108622364015321e-05 -0.00020386309536315773 0 3.8399390031082765e-05 7.2721728524739312e-05 0 -0.00030299895425778061 -8.5780107071039286e-05 0 0 -9.9245246903487607e-05 0 9.994552270313481e-05 8.212917233432056e-05 0 0 9.6517362641940549e-06
leaf_weight=20 63 20 239 56 33 26 27 20 310 37 40 373 610 196 128 620 26 629 45 38 368 63 23 20 38
leaf_count=20 63 20 239 56 33 26 27 20 310 37 40 373 610 196 128 620 26 629 45 38 368 63 23 20 38
internal_value=0 -5.95693e-05 -3.50119e-05 -4.57652e-05 3.66891e-05 -0.000180645 -0.000222348 -4.76099e-06 -1.01917e-06 -2.53984e-05 -0.000109578 4.46781e-05 3.36496e-05 5.50715e-05 -0.000269047 -7.7662e-05 0 1.34206e-05 -3.58889e-05 8.11705e-05 9.25781e-05 5.66957e-05 8.31909e-05 4.25384e-05 0
internal_weight=4068 1552 1311 1225 2516 241 181 60 549 244 77 2272 1808 806 155 676 167 1002 78 464 388 89 86 40 76
internal_count=4068 1552 1311 1225 2516 241 181 60 549 244 77 2272 1808 806 155 676 167 1002 78 464 388 89 86 40 76
is_linear=0
shrinkage=0.03


Tree=3
num_leaves=28
num_cat=0
split_feature=26 5 28 36 5 22 7 25 29 21 19 5 19 4 5 36 22 33 26 19 20 36 24 29 21 24 32
split_gain=0.00930947 0.00415656 0.00199704 0.0015849 0.00137285 0.00121676 0.000822685 0.000810676 0.000704045 0.000872772 0.000637966 0.000586595 0.000598903 0.000865146 0.000492232 0.000387217 0.000372709 0.00027908 0.000442152 0.000269682 0.000231389 0.00019784 0.000287415 0.000209343 0.00019004 0.00016963 7.09695e-06
threshold=1.3648402757351892 31421472.000000004 -2598932320.9999995 0.0024390372649017804 30027782.500000004 39.349437438030861 1.0000000180025095e-35 0.19196333817179145 19.523786687300507 93.773333040873226 70.675000762939462 11739817.000000002 76.774999237060555 87.875000000000014 10570938.500000002 -0.0022833609345979124 34.73943844549057 -0.022164039759731687 1.1544282549493599 53.869999694824223 72.621250152587905 -0.0063324651384273397 -0.85477013290186632 29.27744585269371 76.744166755676289 1.0491463581363034 0.013344036579112208
decision_type=2 2 2 2 2 2 2 2 2 2 2 2 2 2 2 2 2 2 2 2 2 2 2 2 2 2 2
left_child=4 3 19 8 11 16 14 21 25 -10 -9 17 15 -14 -5 -13 -4 -1 -19 -3 -21 23 -23 -6 -7 -2 -8
right_child=1 2 5 6 7 24 26 10 9 -11 -12 12 13 -15 -16 -17 -18 18 -20 20 -22 22 -24 -25 -26 -27 -28
leaf_value=0 6.626557235512013e-05 0 -0.00012965651004880998 0 0 -0.00035048516171972609 1.2947761299689918e-05 -0.000197763678838133 0 -8.9629291164110568e-05 0 3.7247716772986096e-05 6.4572799528336296e-05 -1.7455899866986459e-05 -9.9360166382221718e-05 0 0 0.0001091840300732181 1.5126667589582977e-05 -0.00013761213082623091 0 0 6.9336263683058666e-05 -9.2213704005679321e-05 -8.406512534583178e-05 0 0
leaf_weight=20 123 35 20 51 33 83 38 37 509 129 40 373 733 73 416 629 21 293 151 24 20 25 82 27 38 23 22
leaf_count=20 123 35 20 51 33 83 38 37 509 129 40 373 733 73 416 629 21 293 151 24 20 25 82 27 38 23 22
internal_value=0 -5.77966e-05 -0.000175449 -3.38687e-05 3.56279e-05 -0.000238409 -7.44868e-05 -2.45584e-05 -2.73337e-06 -1.98576e-05 -0.000106643 4.34128e-05 3.26759e-05 5.34205e-05 -8.85782e-05 1.29918e-05 -7.73488e-06 7.87693e-05 8.39619e-05 -8.27778e-06 -7.50108e-05 0 3.56379e-05 -2.64458e-05 -0.000291727 5.15257e-05 0
internal_weight=4068 1552 241 1311 2516 162 527 244 784 638 77 2272 1808 806 467 1002 41 464 444 79 44 167 107 60 121 146 60
internal_count=4068 1552 241 1311 2516 162 527 244 784 638 77 2272 1808 806 467 1002 41 464 444 79 44 167 107 60 121 146 60
is_linear=0
shrinkage=0.03


Tree=4
num_leaves=25
num_cat=0
split_feature=26 5 28 0 33 5 29 5 25 19 5 19 4 0 31 36 26 33 26 20 20 29 31 31
split_gain=0.00878543 0.00393085 0.00188905 0.00161849 0.00154473 0.00130816 0.00103337 0.000915233 0.000766027 0.000594264 0.000549329 0.000554275 0.000824381 0.000405161 0.000379587 0.00036538 0.00036033 0.000267329 0.000399722 0.000256435 0.000228374 0.000222713 0.000158422 0.000138161
threshold=1.3648402757351892 31421472.000000004 -2598932320.9999995 33.590461730957038 -0.0033840604292305616 30027782.500000004 20.057116799646582 18194832.500000004 0.19196333817179145 70.675000762939462 11739817.000000002 76.774999237060555 87.875000000000014 62.913625717163093 -0.0038207505935625714 -0.0020209050105350367 1.0931163176890675 -0.022164039759731687 1.1544282549493599 53.989999961853037 72.621250152587905 73.498562124115438 0.012559012118341208 0.0094283674117979794
decision_type=2 2 2 2 2 2 2 2 2 2 2 2 2 2 2 2 2 2 2 2 2 2 2 2
left_child=5 3 19 23 7 10 -4 -5 14 -10 17 15 -13 -6 16 -12 -7 -1 -19 -3 -21 -8 -16 -2
right_child=1 2 6 4 13 8 21 -9 9 -11 11 12 -14 -15 22 -17 -18 18 -20 20 -22 -23 -24 -25
leaf_value=0 0.00010258446423279713 0 0 2.4324607895617053e-05 -8.0483373216191494e-05 0 -0.00033324699363530071 -5.4562782115133288e-05 -0.00019184676900576932 0 3.5031615614124751e-05 6.2635879648111336e-05 -1.6932939991441577e-05 0 8.8051645802388618e-05 0 -9.561590836543441e-05 0.00010590962619547338 1.4673168455227986e-05 -0.00013804953868214382 0 -9.2297752156474027e-05 0 0
leaf_weight=20 66 36 30 340 626 33 85 209 37 40 397 733 73 50 51 605 45 293 151 23 20 47 38 20
leaf_count=20 66 36 30 340 626 33 85 209 37 40 397 733 73 50 51 605 45 293 151 23 20 47 38 20
internal_value=0 -5.62032e-05 -0.000170699 -3.28561e-05 -4.33359e-05 3.45536e-05 -0.000231954 -2.48185e-07 -2.40519e-05 -0.000103795 4.21687e-05 3.16812e-05 5.17064e-05 -7.38864e-05 0 1.25759e-05 -3.35721e-05 7.65537e-05 8.16465e-05 -7.02518e-06 -7.37928e-05 -0.000270299 5.33505e-05 8.14548e-05
internal_weight=4068 1552 241 1311 1225 2516 162 549 244 77 2272 1808 806 676 167 1002 78 464 444 79 43 132 89 86
internal_count=4068 1552 241 1311 1225 2516 162 549 244 77 2272 1808 806 676 167 1002 78 464 444 79 43 132 89 86
is_linear=0
shrinkage=0.03


Tree=5
num_leaves=26
num_cat=0
split_feature=26 5 0 33 35 35 23 29 25 32 25 1 29 1 33 2 22 5 4 33 31 32 32 5 5
split_gain=0.00828763 0.00373264 0.00153071 0.0014526 0.00123921 0.00121001 0.00116028 0.00227864 0.00133281 0.00108368 0.000571336 0.000870256 0.000546981 0.000527269 0.000473603 0.000347318 0.000289458 0.000420308 0.000200752 0.00017345 0.000128784 0.000119961 7.72736e-05 1.35998e-05 4.46257e-06
threshold=1.3648402757351892 31421472.000000004 33.590461730957038 0.0063836584239922453 0.01807115327907001 0.014756981933887369 -0.5676148577692145 20.057116799646582 -0.48071507956675402 -0.0034799374899687203 0.19196333817179145 76.875000000000014 85.554795030199955 87.825000762939467 -0.0070967387809236495 57.424999237060554 31.663635408258777 26888621.500000004 69.350002288818374 0.031728029041713353 0.0094283674117979794 0.025909395965970864 0.0010045558930834588 15937118.000000002 19132886.500000004
decision_type=2 2 2 2 2 2 2 2 2 2 2 2 2 2 2 2 2 2 2 2 2 2 2 2 2
left_child=4 2 20 5 13 -4 8 -8 -3 -5 14 21 -9 16 18 -10 24 -18 -6 -16 -2 -12 -15 -24 -1
right_child=1 6 3 9 10 -7 7 12 15 -11 11 -13 -14 22 19 -17 17 -19 -20 -21 -22 -23 23 -25 -26
leaf_value=0 9.951158340392214e-05 -0.00023407574214819651 3.6743698636854115e-05 0 -4.8160212561458486e-05 -4.1013527546243548e-05 0 -0.00028177577185596679 0.0001429624328695571 -0.00010195079777523052 -2.2344337955207745e-05 0 0 0 5.2426805517766566e-05 0 5.5344756081206897e-05 0 0 0 0 -0.00022262663216947841 0 -5.9173041123788623e-05 7.9780909526750811e-06
leaf_weight=68 66 20 248 51 99 508 26 129 20 418 57 46 26 25 207 20 1650 133 73 21 20 27 23 24 63
leaf_count=68 66 20 248 51 99 508 26 129 20 418 57 46 26 25 207 20 1650 133 73 21 20 27 23 24 63
internal_value=0 -5.4607e-05 -3.17865e-05 -4.20255e-05 3.35411e-05 -1.15367e-05 -0.000166239 -0.000206295 0 -8.47634e-05 -2.09009e-06 -6.07701e-05 -0.000250826 4.456e-05 9.49321e-06 4.94918e-05 4.80297e-05 5.12096e-05 -1.69039e-05 4.25576e-05 7.90957e-05 -0.000122581 -6.00372e-06 -3.91375e-05 0
internal_weight=4068 1552 1311 1225 2516 756 241 181 60 469 530 130 155 1986 400 40 1914 1783 172 228 86 84 72 47 131
internal_count=4068 1552 1311 1225 2516 756 241 181 60 469 530 130 155 1986 400 40 1914 1783 172 228 86 84 72 47 131
is_linear=0
shrinkage=0.03


Tree=6
num_leaves=26
num_cat=0
split_feature=26 5 28 33 34 22 35 32 21 5 5 33 4 21 22 32 30 22 29 19 20 19 21 32 2
split_gain=0.00778323 0.00352427 0.00183124 0.00136844 0.00119912 0.00112949 0.00110197 0.000835989 0.000828253 0.000764999 0.000567584 0.000551067 0.000519296 0.000380933 0.000308288 0.000296089 0.000231656 0.00022273 0.000666903 0.000209623 0.000201481 0.000190465 0.000180915 0.00017987 0.000137544
threshold=1.3648402757351892 31421472.000000004 -2598932320.9999995 0.005782979915263998 0.041601320026548934 39.349437438030861 0.014756981933887369 -0.0034799374899687203 74.673750178019219 27907739.000000004 28274114.000000004 -0.022559802315628649 87.724998474121108 95.525416628519707 34.73943844549057 0.018079586393376926 72.389714712839606 56.408338005143939 28.918435971692542 53.869999694824223 72.621250152587905 66.840000152587905 76.744166755676289 0.0067983465140137875 86.424999237060561
decision_type=2 2 2 2 2 2 2 2 2 2 2 2 2 2 2 2 2 2 2 2 2 2 2 2 2
left_child=4 3 19 6 9 14 13 24 -8 11 -9 21 -13 -2 -4 -6 -17 18 -11 -3 -21 -1 -7 -19 -5
right_child=1 2 5 7 15 22 8 10 -10 17 -12 12 -14 -15 -16 16 -18 23 -20 20 -22 -23 -24 -25 -26
leaf_value=-5.7621845171415983e-05 5.7202907561143275e-05 0 -0.00011749016499814033 6.1154562332002677e-05 0 -0.0003277155837159275 -8.8603753595280856e-05 -9.3498472951792616e-05 0 0 0 5.0898526700294842e-05 0 0 0 0 -0.00016848250042683478 0 -9.5445068540166752e-05 -0.00012391510815649482 0 7.3034293367160172e-06 -7.0674853531394415e-05 5.4952105126180329e-05 0
leaf_weight=50 253 35 20 33 33 83 160 426 374 91 23 1932 86 20 21 20 30 28 83 24 20 95 38 68 22
leaf_count=50 253 35 20 33 33 83 160 426 374 91 23 1932 86 20 21 20 30 28 83 24 20 95 38 68 22
internal_value=0 -5.29459e-05 -0.00016149 -3.06934e-05 3.24775e-05 -0.000221259 -2.49643e-06 -6.98815e-05 -3.09452e-05 3.71263e-05 -8.4598e-05 4.32279e-05 4.74202e-05 4.21566e-05 0 -6.75743e-05 -0.000113547 -6.45133e-07 -3.00113e-05 -8.73603e-07 -6.5417e-05 0 -0.00027189 2.13394e-05 0
internal_weight=4068 1552 241 1311 2516 162 807 504 534 2433 449 2163 2018 273 41 83 50 270 174 79 44 145 121 96 55
internal_count=4068 1552 241 1311 2516 162 807 504 534 2433 449 2163 2018 273 41 83 50 270 174 79 44 145 121 96 55
is_linear=0
shrinkage=0.03


Tree=7
num_leaves=22
num_cat=0
split_feature=26 5 0 33 34 19 25 35 21 5 5 33 2 0 32 31 29 30 2 25 20
split_gain=0.00734476 0.00332795 0.00142585 0.00133264 0.00113768 0.000888528 0.000934802 0.000836902 0.000959924 0.000834194 0.000716212 0.000519827 0.000489982 0.00037391 0.0002808 0.000245081 0.000497455 0.000213484 0.000209206 0.000203535 0.000149269
threshold=1.3648402757351892 31421472.000000004 33.590461730957038 -0.0033840604292305616 0.041601320026548934 51.660000228881842 0.06235749767428473 0.041729467096975566 77.159999593098973 15898018.000000002 27907739.000000004 -0.020401470131059748 88.125000000000014 62.913625717163093 0.018079586393376926 -0.0038207505935625714 25.983779988735005 72.389714712839606 66.224998474121108 0.22742704209060152 76.927500152587911
decision_type=2 2 2 2 2 2 2 2 2 2 2 2 2 2 2 2 2 2 2 2 2
left_child=4 2 20 9 10 6 -3 8 -7 -4 11 18 -13 -5 -6 16 -12 -16 -1 -17 -2
right_child=1 5 3 13 14 7 -8 -9 -10 -11 15 12 -14 -15 17 19 -18 -19 -20 -21 -22
leaf_value=-5.1929801630663153e-05 0.00010110147646997306 0.00010226218902971594 3.6861088375284587e-05 -7.4505977434675047e-05 0 -0.00017298374455687035 -0.00016253000173669356 -0.000369794257298191 0 -3.705978561614996e-05 0 5.0000710945814049e-05 0 0 0 4.1609627951681824e-05 -0.00010386706649927428 -0.00016344481898868915 1.4906834916470801e-05 -3.0240583409762377e-06 0
leaf_weight=59 63 22 239 626 33 110 23 37 49 310 55 1882 92 50 20 117 60 30 130 38 23
leaf_count=59 63 22 239 626 33 110 23 37 49 310 55 1882 92 50 20 117 60 30 130 38 23
internal_value=0 -5.15402e-05 -2.9835e-05 -3.97905e-05 3.14413e-05 -0.000157108 0 -0.00018554 -0.000123602 0 3.59924e-05 4.18945e-05 4.64777e-05 -6.81387e-05 -6.57496e-05 -1.80284e-07 -4.17547e-05 -0.000110521 0 1.13299e-05 7.70111e-05
internal_weight=4068 1552 1311 1225 2516 241 45 196 159 549 2433 2163 1974 676 83 270 115 50 189 155 86
internal_count=4068 1552 1311 1225 2516 241 45 196 159 549 2433 2163 1974 676 83 270 115 50 189 155 86
is_linear=0
shrinkage=0.03


Tree=8
num_leaves=28
num_cat=0
split_feature=26 5 28 36 35 22 34 2 7 2 5 2 26 30 0 5 4 22 20 20 31 28 26 30 31 30 26
split_gain=0.00690498 0.00315183 0.00174207 0.00139218 0.00108999 0.001074 0.000850094 0.000940869 0.00076141 0.000450864 0.000433891 0.000430627 0.000504763 0.000430434 0.000359787 0.000344447 0.000429365 0.000261494 0.00016902 0.000190873 0.000168462 0.000147895 0.000131634 0.000117103 8.60927e-05 5.55682e-05 1.15563e-05
threshold=1.3648402757351892 31421472.000000004 -2598932320.9999995 0.0024390372649017804 0.01807115327907001 39.349437438030861 -0.017753895465299704 68.474998474121108 1.0000000180025095e-35 88.125000000000014 10570938.500000002 78.224998474121108 1.0875066815115011 21.686985874291448 47.445304870605476 11739817.000000002 75.77500152587892 34.73943844549057 53.989999961853037 72.621250152587905 0.036133147502239178 -2682532532.4999995 1.2380799862620637 69.337902064929935 0.017951089554415715 63.730604738221544 1.5450496627650929
decision_type=2 2 2 2 2 2 2 2 2 2 2 2 2 2 2 2 2 2 2 2 2 2 2 2 2 2 2
left_child=4 3 18 6 9 17 14 -8 10 15 -5 12 23 -14 -2 22 -17 -4 -3 -20 -7 -13 -1 -6 -23 -11 -10
right_child=1 2 5 8 11 20 7 -9 26 25 -12 21 13 -15 -16 16 -18 -19 19 -21 -22 24 -24 -25 -26 -27 -28
leaf_value=8.2698029170781188e-05 6.4615642894597954e-05 0 -0.00010820661820888294 0 3.0586052057811683e-05 -0.00029120921861132556 -0.00012121013793379469 -1.1390918167443204e-06 0 -3.722186204512961e-05 -9.0661845494100898e-05 0 0 -7.0111727885992372e-05 0 1.1230934712361442e-05 5.0925870881300015e-05 0 -0.00011841378679314576 0 0 6.8219326586433764e-05 0 0 0 0 1.6973690378771178e-05
leaf_weight=368 178 36 20 51 118 98 81 433 24 36 416 20 47 213 92 733 738 21 23 20 23 84 64 27 21 47 36
leaf_count=368 178 36 20 51 118 98 81 433 24 36 416 20 47 213 92 733 738 21 23 20 23 84 64 27 21 47 36
internal_value=0 -5.0049e-05 -0.000152853 -2.88522e-05 3.04088e-05 -0.000210767 0 -2.59161e-05 -6.66912e-05 4.07833e-05 -8.05364e-05 -2.80725e-06 -2.28191e-05 -5.03786e-05 3.94234e-05 4.41479e-05 3.31873e-05 0 0 -5.9409e-05 -0.000259701 3.80166e-05 7.45107e-05 5.92337e-06 5.46512e-05 -2.17999e-07 0
internal_weight=4068 1552 241 1311 2516 162 784 514 527 1986 467 530 405 260 270 1903 1471 41 79 43 121 125 432 145 105 83 60
internal_count=4068 1552 241 1311 2516 162 784 514 527 1986 467 530 405 260 270 1903 1471 41 79 43 121 125 432 145 105 83 60
is_linear=0
shrinkage=0.03


Tree=9
num_leaves=25
num_cat=0
split_feature=35 1 34 25 22 25 35 4 33 29 28 29 29 19 20 33 25 33 23 32 23 25 25 32
split_gain=0.00553653 0.00209737 0.00166024 0.00145494 0.00124921 0.000853605 0.000818888 0.000817926 0.000694391 0.000691374 0.000691327 0.000634349 0.000608057 0.00060526 0.000603515 0.000454904 0.000394302 0.000390523 0.000257179 0.000243229 0.000221064 0.000328303 0.000221905 0.000210438
threshold=0.018775581072877561 88.224998474121108 0.032638715944053327 -0.13230151729945985 42.106458559917407 0.11277755271331331 0.028793027863923713 68.924999237060561 0.008917556776916637 21.541457528706903 -2923025652.9999995 18.670533303149501 85.554795030199955 97.264999389648452 77.331249618530293 -0.030513109504799404 0.015807505140192305 -0.013603217157572787 0.87413570849230038 -1.0000000180025095e-35 1.1327450507903267 -0.12041441736160689 0.16584984351859747 0.017826686056826139
decision_type=2 2 2 2 2 2 2 2 2 2 2 2 2 2 2 2 2 2 2 2 2 2 2 2
left_child=1 8 3 4 7 18 -7 -2 14 -3 -4 -6 19 16 17 -16 -11 -1 -5 -12 21 -10 -22 -14
right_child=2 9 10 5 11 6 -8 -9 20 13 12 -13 23 -15 15 -17 -18 -19 -20 -21 22 -23 -24 -25
leaf_value=-2.376196533788045e-06 -8.5996956142639491e-05 2.6117727383042617e-05 0 4.9645708317590565e-05 0 0 -0.0001135452226520328 1.9527712039090254e-05 -2.4761376609213845e-05 0 0 -0.0001503997026197002 0 -0.00018314702471444234 0 6.7095809799364644e-05 -6.6770859847808676e-05 3.2501187970834528e-05 0 -0.0002503243457536178 0 2.4774423921788759e-05 -8.473538960673493e-05 -7.4998700195873439e-05
leaf_weight=246 96 34 35 228 36 193 91 139 103 82 21 183 24 50 52 855 120 693 70 82 29 516 44 46
leaf_count=246 96 34 35 228 36 193 91 139 103 82 21 183 24 50 52 855 120 693 70 82 29 516 44 46
internal_value=0 2.29408e-05 -5.30147e-05 -3.35279e-05 -7.38137e-05 0 -3.92426e-05 -1.0838e-05 3.23522e-05 -5.00738e-05 -0.000135595 -0.000127662 -0.000160306 -7.22599e-05 4.21448e-05 6.15827e-05 -2.98914e-05 2.01702e-05 3.33088e-05 -0.000218576 1.8922e-06 1.16834e-05 -3.99944e-05 -3.15798e-05
internal_weight=4068 2824 1244 1036 454 582 284 235 2538 286 208 219 173 252 1846 907 202 939 298 103 692 619 73 70
internal_count=4068 2824 1244 1036 454 582 284 235 2538 286 208 219 173 252 1846 907 202 939 298 103 692 619 73 70
is_linear=0
shrinkage=0.03


Tree=10
num_leaves=25
num_cat=0
split_feature=26 29 35 25 26 34 30 21 32 4 26 2 4 25 1 36 33 0 32 36 4 30 24 32
split_gain=0.00628945 0.00178191 0.00198598 0.00184909 0.00109069 0.00101726 0.000892563 0.000758374 0.0007112 0.000609825 0.000642142 0.000695116 0.000609266 0.000399422 0.000364989 0.000610649 0.000340215 0.000268584 0.000255794 0.000199779 0.000198627 0.000195571 0.000137545 5.71673e-05
threshold=1.3648402757351892 50.430355384269717 0.021104569417634021 -0.09420249817135827 1.4157642786480713 0.041601320026548934 47.61370037376026 79.775833129882827 -0.023737113800701534 76.52500152587892 1.090917234017994 60.175001144409187 87.724998474121108 -0.36965358302049928 95.075000762939467 -0.00062323766505068543 -0.018026450241084121 48.458337783813484 0.018079586393376926 -0.00056496947667975005 97.974998474121108 72.389714712839606 0.50359777906635605 -0.0028587555549887118
decision_type=2 2 2 2 2 2 2 2 2 2 2 2 2 2 2 2 2 2 2 2 2 2 2 2
left_child=5 2 14 8 22 9 17 -8 -4 10 16 -12 13 -11 15 -2 -1 -6 -7 -5 -16 -20 -3 -14
right_child=1 4 3 19 6 18 7 -9 -10 12 11 -13 23 -15 20 -17 -18 -19 21 -21 -22 -23 -24 -25
leaf_value=0 6.8644645748518313e-05 4.3683260544595943e-05 0 5.8920656141461956e-05 3.3564999917326591e-05 0 -0.00015660743921539923 -6.0196972526565753e-05 -0.00016229363197265139 0 -6.7576237134071241e-05 9.4098445405911819e-06 0 6.3826356013627455e-05 -8.4363982087021303e-05 0 4.4960832498049558e-05 -7.8325035097317501e-05 0 0 0 -0.00015593962327239142 -2.4747534983866437e-05 -2.8783876958116434e-05
leaf_weight=76 224 58 69 53 56 33 259 315 152 81 127 519 27 934 30 202 607 29 20 52 32 30 21 62
leaf_count=76 224 58 69 53 56 33 259 315 152 81 127 519 27 934 30 202 607 29 20 52 32 30 21 62
internal_value=0 -4.78772e-05 -1.2756e-05 -7.23395e-05 -8.25437e-05 2.89088e-05 -9.54959e-05 -0.000108945 -0.000123387 3.32662e-05 1.60852e-05 -1.09006e-06 5.12282e-05 5.82632e-05 2.0908e-05 3.44738e-05 3.67196e-05 0 -6.26067e-05 6.57476e-06 -2.3898e-05 -0.00010534 0 0
internal_weight=4068 1552 814 326 738 2516 659 574 221 2433 1329 646 1104 1015 488 426 683 85 83 105 62 50 79 89
internal_count=4068 1552 814 326 738 2516 659 574 221 2433 1329 646 1104 1015 488 426 683 85 83 105 62 50 79 89
is_linear=0
shrinkage=0.03


Tree=11
num_leaves=23
num_cat=0
split_feature=26 5 36 23 29 20 34 34 2 5 21 33 4 5 24 35 32 27 29 4 35 31
split_gain=0.00593417 0.00287372 0.00123513 0.00107018 0.00198748 0.00122642 0.000965715 0.000740602 0.000878166 0.000618181 0.000601482 0.000452299 0.000457977 0.00044681 0.000333044 0.000311524 0.00024264 0.000223651 0.000381705 0.000213258 0.000173825 4.52225e-06
threshold=1.3648402757351892 31421472.000000004 0.0024390372649017804 -0.5676148577692145 20.057116799646582 59.026249694824223 0.041601320026548934 -0.017753895465299704 68.474998474121108 27907739.000000004 47.270000108083096 -0.020401470131059748 87.724998474121108 10570938.500000002 -0.83813690096726623 0.011352197010745886 0.018079586393376926 1.0056831079036299 25.983779988735005 65.625000000000014 0.023729227689443258 0.0037136942953097667
decision_type=2 2 2 2 2 2 2 2 2 2 2 2 2 2 2 2 2 2 2 2 2 2
left_child=6 2 7 5 -5 -3 9 14 -9 11 -6 19 -13 21 -2 -15 -8 18 -11 -1 -18 -4
right_child=1 3 13 4 10 -7 16 8 -10 17 -12 12 -14 15 -16 -17 20 -19 -20 -21 -22 -23
leaf_value=-5.2573092769174375e-05 0 0.00012425341057605981 1.0768240873193667e-05 0 0 -0.00014285052535979823 0 -0.00011494873545235788 0 1.5921820549583217e-06 -0.00025524088513693364 4.5482466419250535e-05 0 0 5.5537159279779165e-05 -7.8825495382986902e-05 0 5.3670323909129491e-05 -5.5089664698448844e-05 1.4142036068453045e-05 -0.00017582397510790648 0
leaf_weight=60 48 25 35 26 27 35 33 81 433 89 128 1889 85 37 222 434 28 33 148 129 22 21
leaf_count=60 48 25 35 26 27 35 33 81 433 89 128 1889 85 37 222 434 28 33 148 129 22 21
internal_value=0 -4.65899e-05 -2.62459e-05 -0.000144758 -0.000182252 0 2.79937e-05 0 -2.33892e-05 3.22623e-05 -0.000224314 3.77873e-05 4.20808e-05 -6.18252e-05 3.77691e-05 -7.16262e-05 -6.09178e-05 -8.90145e-07 -2.11595e-05 0 -0.000102538 0
internal_weight=4068 1552 1311 241 181 60 2516 784 514 2433 155 2163 1974 527 270 471 83 270 237 189 50 56
internal_count=4068 1552 1311 241 181 60 2516 784 514 2433 155 2163 1974 527 270 471 83 270 237 189 50 56
is_linear=0
shrinkage=0.03


Tree=12
num_leaves=29
num_cat=0
split_feature=26 29 35 25 35 20 30 7 35 24 28 26 2 4 1 33 26 25 0 33 25 31 33 0 30 33 31 33
split_gain=0.00560305 0.00234295 0.00155009 0.00176543 0.00103812 0.000927122 0.000843183 0.000601545 0.000896267 0.000549937 0.000416318 0.000412609 0.000409946 0.00103554 0.000355727 0.000352418 0.000292873 0.00026778 0.000249704 0.000240554 0.000216277 0.000213441 0.000186791 9.74133e-05 8.80604e-05 7.4506e-05 0.000213753 0.000177567
threshold=1.4157642786480713 50.430355384269717 0.021104569417634021 -0.090482438596136472 0.018775581072877561 59.026249694824223 47.61370037376026 1.0000000180025095e-35 0.027131275776664996 0.55419382171330733 -36735609.499999993 1.7393224377658834 57.049999237060554 49.625000000000007 76.325000762939467 0.0099616280755087123 0.99134241940208567 0.1188126648797023 48.458337783813484 -0.014071830613893497 -0.36965358302049928 0.017951089554415715 -0.01085989386642716 51.459938049316413 35.076005477476109 0.00720078012457226 0.0026221650140764168 -0.010500984912472531
decision_type=2 2 2 2 2 2 2 2 2 2 2 2 2 2 2 2 2 2 2 2 2 2 2 2 2 2 2 2
left_child=4 2 10 5 9 -4 18 8 -8 14 15 -12 13 24 19 -2 -15 -5 -3 -1 -16 22 -14 -23 -6 27 -27 -11
right_child=1 6 3 17 12 -7 7 -9 -10 25 11 -13 21 16 20 -17 -18 -19 -20 -21 -22 23 -24 -25 -26 26 -28 -29
leaf_value=0 5.4943141744740977e-05 3.4211508831367843e-05 0 7.474660509252164e-05 0 -0.00014159783014128241 -7.6646240169142424e-05 0 -0.00019763561281215995 -5.826347220947994e-07 2.6946463527191659e-05 -7.3458397262435594e-05 0 0 0 0 -0.00014116267595625019 0 -7.3935123635743993e-05 3.1068267618100052e-05 6.4230804096622728e-05 -5.8500720749730419e-05 4.0909677258398713e-05 0 4.8324995943838644e-05 0 -5.1215159956990765e-05 3.0802933371831173e-05
leaf_weight=177 307 56 24 48 36 179 415 28 131 81 33 66 112 26 64 25 80 51 29 733 744 45 177 20 35 51 83 212
leaf_count=177 307 56 24 48 36 179 415 28 131 81 33 66 112 26 64 25 80 51 29 733 744 45 177 20 35 51 83 212
internal_value=0 -4.93374e-05 -7.82332e-06 -6.29041e-05 2.48618e-05 -0.0001165 -9.09534e-05 -0.000104015 -0.000111199 3.44866e-05 2.38182e-05 -9.72424e-06 -8.36886e-06 -4.77198e-05 4.21069e-05 4.28537e-05 -0.000112069 1.67294e-05 0 2.32299e-05 5.96488e-05 2.84233e-06 2.10649e-05 -3.20031e-05 6.17932e-06 0 -1.38149e-05 1.18937e-05
internal_weight=4068 1392 733 302 2676 203 659 574 546 2145 431 99 531 177 1718 332 106 99 85 910 808 354 289 65 71 427 134 293
internal_count=4068 1392 733 302 2676 203 659 574 546 2145 431 99 531 177 1718 332 106 99 85 910 808 354 289 65 71 427 134 293
is_linear=0
shrinkage=0.03


Tree=13
num_leaves=25
num_cat=0
split_feature=26 35 29 25 25 34 34 29 36 32 20 4 26 2 33 30 25 35 24 32 30 20 36 32
split_gain=0.00528867 0.0014538 0.00136004 0.000990172 0.00125976 0.000908634 0.000830656 0.000653909 0.000590152 0.000567002 0.000558938 0.000567306 0.000511639 0.000562095 0.00030322 0.000303004 0.000287019 0.000235127 0.000302139 0.000228566 0.000185376 0.00011344 5.66064e-05 5.61626e-05
threshold=1.3610645235072532 0.014756981933887369 62.420555212669818 0.3429200453248169 -0.13230151729945985 0.041601320026548934 -0.014890874926138773 12.229562321056996 -0.00059412289213656882 -0.013547164874015137 77.331249618530293 87.724998474121108 1.090917234017994 60.175001144409187 -0.018026450241084121 72.946393627333322 -0.36965358302049928 0.013841967044745796 -0.37687152033294785 0.018079586393376926 72.389714712839606 93.618750190734872 1.0000000180025095e-35 -0.0028587555549887118
decision_type=2 2 2 2 2 2 2 2 2 2 2 2 2 2 2 2 2 2 2 2 2 2 2 2
left_child=5 2 8 4 7 10 -6 -3 21 -5 12 16 14 -14 -1 -11 -12 18 -4 -7 -21 -2 -10 -13
right_child=1 3 17 9 6 19 -8 -9 22 15 11 23 13 -15 -16 -17 -18 -19 -20 20 -22 -23 -24 -25
leaf_value=0 9.6799692287188587e-05 0 0 0 6.8213789233914353e-05 0 -2.8961616481263065e-05 -9.5830117988477071e-05 -3.7271571632797984e-05 -0.00023567833512814284 0 0 -6.1561655043097132e-05 8.5363682890024672e-06 4.0675198829845674e-05 -6.5495972538587988e-05 6.0750301982298535e-05 0 -0.00011216490806119741 0 -0.00014887661871803339 0 8.6128749486361001e-06 -2.8529817136938135e-05
leaf_weight=75 118 68 40 28 95 33 367 382 30 68 86 27 123 540 619 95 885 35 98 20 30 21 123 62
leaf_count=75 118 68 40 28 95 33 367 382 30 68 86 27 123 540 619 95 885 35 98 20 30 21 123 62
internal_value=0 -4.3721e-05 0 -6.24774e-05 -4.42942e-05 2.65502e-05 -2.47712e-06 -8.05511e-05 4.0257e-05 -0.000133533 3.075e-05 4.85392e-05 1.46411e-05 0 3.29019e-05 -0.000154987 5.56575e-05 -6.58523e-05 -8.3474e-05 -5.95406e-05 -9.99306e-05 8.49799e-05 0 0
internal_weight=4068 1568 465 1103 912 2500 462 450 292 191 2417 1060 1357 663 694 163 971 173 138 83 50 139 153 89
internal_count=4068 1568 465 1103 912 2500 462 450 292 191 2417 1060 1357 663 694 163 971 173 138 83 50 139 153 89
is_linear=0
shrinkage=0.03


Tree=14
num_leaves=28
num_cat=0
split_feature=26 5 28 30 5 22 32 31 0 20 23 4 29 31 23 0 3 2 21 33 1 26 23 28 30 21 20
split_gain=0.0049989 0.00232944 0.00207828 0.00128163 0.00112032 0.00110308 0.00108399 0.000672011 0.000736288 0.000582163 0.000560667 0.000680348 0.000488607 0.000448643 0.000420055 0.00040537 0.000539331 0.000560041 0.00038536 0.000369603 0.000165035 0.00013862 4.27334e-05 4.10774e-05 3.5023e-05 2.72773e-05 2.57312e-08
threshold=1.4565484651076723 31421472.000000004 -2598932320.9999995 63.108039649333847 30027782.500000004 39.349437438030861 -0.01145127210981167 -0.0086398793826034642 50.192155838012702 93.618750190734872 0.66859895317634266 75.862499237060561 85.554795030199955 0.010204067084529924 -0.92494562016541682 43.171030044555671 50.024999618530281 77.825000762939467 87.809999720255547 -0.014071830613893497 87.825000762939467 1.1946387722321936 0.16026869708901972 -2814432119.9999995 73.29615463076324 49.701666609446214 48.4399998664856
decision_type=2 2 2 2 2 2 2 2 2 2 2 2 2 2 2 2 2 2 2 2 2 2 2 2 2 2 2
left_child=4 3 22 7 10 -4 24 8 -2 -9 11 19 -7 20 -8 16 26 -18 -13 -1 -12 -15 -3 -17 -5 -24 -6
right_child=1 2 5 6 15 12 14 9 -10 -11 13 18 -14 21 -16 23 17 -19 -20 -21 -22 -23 25 -25 -26 -27 -28
leaf_value=-8.3037813680084815e-06 7.9476967121515219e-05 3.057941252282305e-05 0 0 0 -0.00029392495734624171 0 0 -3.2703420545300856e-05 -7.6673950121521338e-05 2.3283006311430911e-05 6.1576665247182056e-05 0 0 -0.00011522067311722497 0 -0.00013565115787406441 0 0 2.6459759652500323e-05 -1.2371645486284842e-05 -0.00010638092992652535 0 2.9633422131233152e-05 2.7693427906262877e-05 -4.1158565817850406e-05 7.6959682854792374e-07
leaf_weight=238 153 20 34 29 31 89 20 419 35 134 355 866 23 22 252 39 87 40 39 879 53 42 21 42 41 26 39
leaf_count=238 153 20 34 29 31 89 20 419 35 134 355 866 23 22 252 39 87 40 39 879 53 42 21 42 41 26 39
internal_value=0 -4.92152e-05 -0.000143604 -2.78699e-05 2.2147e-05 -0.000207079 -7.63304e-05 -1.44815e-06 4.26371e-05 -2.18645e-05 2.91514e-05 3.60237e-05 -0.000254448 0 -0.000104454 -2.98913e-05 -5.57825e-05 -9.29756e-05 5.69659e-05 1.63671e-05 1.12984e-05 -7.40708e-05 0 0 0 -2.0433e-05 0
internal_weight=4068 1296 213 1083 2772 146 342 741 188 553 2494 2022 112 472 272 278 197 127 905 1117 408 64 67 81 70 47 70
internal_count=4068 1296 213 1083 2772 146 342 741 188 553 2494 2022 112 472 272 278 197 127 905 1117 408 64 67 81 70 47 70
is_linear=0
shrinkage=0.03


Tree=15
num_leaves=26
num_cat=0
split_feature=35 1 34 25 4 21 25 0 31 22 28 29 34 22 34 19 33 33 25 24 35 25 27 28 35
split_gain=0.00408681 0.00163947 0.00134765 0.00123209 0.000967041 0.00097083 0.000768043 0.000764679 0.000662269 0.000619266 0.000591961 0.000623803 0.000584796 0.000480374 0.000510037 0.000409871 0.000389797 0.000371473 0.000362368 0.000266771 0.000101345 7.60827e-05 4.09196e-05 3.12749e-05 5.63414e-05
threshold=0.018775581072877561 88.224998474121108 0.032638715944053327 -0.12041441736160689 49.824998855590827 65.344166533152276 0.11277755271331331 33.244243621826179 0.0042407763395221352 47.46174665291575 -2923025652.9999995 85.554795030199955 -0.010896752333301894 58.010095075488735 0.033511195061873396 77.570000457763683 -0.024977202187580757 0.009248761193951795 0.015807505140192305 1.1757203430708121 0.02529131649530356 -0.24093013394744231 0.070358533816275021 37214220.500000007 0.015091821924474133
decision_type=2 2 2 2 2 2 2 2 2 2 2 2 2 2 2 2 2 2 2 2 2 2 2 2 2
left_child=1 9 3 4 -2 -6 19 -8 12 16 -4 -12 21 15 -15 -11 22 -18 -14 -5 -13 -3 -1 24 -10
right_child=2 8 10 6 5 -7 7 -9 23 13 11 20 18 14 -16 -17 17 -19 -20 -21 -22 -23 -24 -25 -26
leaf_value=1.0125222596183235e-05 6.8496386817744884e-05 -3.3171017197796475e-05 0 5.1046973433926868e-05 -0.0001569755481364101 -3.6622871028370527e-05 -0.00019851972291012296 -5.3099633031475281e-06 3.890405405630516e-05 -2.3030122958764909e-05 -0.00019932705696338427 0 0 4.7743173835151555e-05 -7.565496859656196e-06 1.917823652409008e-05 5.7702487476661072e-05 0 -0.00016213372814664274 0 -5.6209165593278263e-05 3.4437799664353407e-05 -2.2921367850296698e-05 0 0
leaf_weight=87 23 34 35 239 127 321 25 259 52 446 103 34 44 459 98 360 909 126 77 42 36 26 53 26 27
leaf_count=87 23 34 35 239 127 321 25 259 52 446 103 34 44 459 98 360 909 126 77 42 36 26 53 26 27
internal_value=0 1.92644e-05 -4.59786e-05 -2.80979e-05 -6.39544e-05 -7.74631e-05 0 -3.29414e-05 -4.49577e-05 2.76848e-05 -0.000120566 -0.000143363 -8.05251e-05 1.08643e-05 3.26274e-05 -4.56091e-07 4.46411e-05 5.10028e-05 -0.000118504 3.69098e-05 -1.80532e-05 0 0 0 1.88639e-05
internal_weight=4068 2824 1244 1036 471 448 565 284 286 2538 208 173 181 1363 557 806 1175 1035 121 281 70 60 140 105 79
internal_count=4068 2824 1244 1036 471 448 565 284 286 2538 208 173 181 1363 557 806 1175 1035 121 281 70 60 140 105 79
is_linear=0
shrinkage=0.03


Tree=16
num_leaves=27
num_cat=0
split_feature=26 5 28 0 33 5 5 29 23 25 5 28 27 19 23 36 0 31 26 33 26 24 23 28 31 35
split_gain=0.00457408 0.00220382 0.00156186 0.00114997 0.000993963 0.00083695 0.000704726 0.000695307 0.0011837 0.000663091 0.000449306 0.000373767 0.000405462 0.000369539 0.00062679 0.000343697 0.000317789 0.000293838 0.000282119 0.000200421 0.000353824 0.000172697 9.08317e-05 0.00010249 8.37313e-05 0.000120246
threshold=1.3610645235072532 31421472.000000004 -2598932320.9999995 33.590461730957038 -0.0033840604292305616 30027782.500000004 15898018.000000002 20.057116799646582 -0.5676148577692145 0.19196333817179145 11739817.000000002 -396600689.49999994 1.0261850703942685 76.670000457763692 0.66859895317634266 -0.0022833609345979124 62.913625717163093 -0.0038207505935625714 1.0931163176890675 -0.022164039759731687 1.1544282549493599 -0.56594286513410397 0.12034346995639568 -2732083858.9999995 0.0094283674117979794 0.012081976411084857
decision_type=2 2 2 2 2 2 2 2 2 2 2 2 2 2 2 2 2 2 2 2 2 2 2 2 2 2
left_child=5 3 22 24 6 10 -5 -4 -9 17 19 12 -11 15 -15 -12 -6 18 -7 -1 -21 -19 -3 -24 25 -2
right_child=1 2 7 4 16 9 -8 8 -10 11 13 -13 -14 14 -16 -17 -18 21 -20 20 -22 -23 23 -25 -26 -27
leaf_value=0 0 1.7542730766041293e-05 0 3.6603550623368442e-05 -6.2334764402914179e-05 0 -3.1612854490385535e-05 0 -0.00025842929945361014 -0.00022849266410880886 2.9617567387218651e-05 0 0 5.2199254180261995e-05 0 -4.6423201398281347e-06 0 0 -8.3226634595004169e-05 8.7031158617958721e-05 3.3456209452822914e-06 7.6907900550346291e-05 -7.5307836088222272e-05 0 0 0.00011410705185934659
leaf_weight=20 20 29 30 239 630 33 314 29 105 27 366 25 24 616 198 618 51 25 45 293 149 61 29 23 20 49
leaf_count=20 20 29 30 239 630 33 314 29 105 27 366 25 24 616 198 618 51 25 45 293 149 61 29 23 20 49
internal_value=-4.18143e-08 -4.09337e-05 -0.000126504 -2.28116e-05 -3.2051e-05 2.44062e-05 0 -0.00018019 -0.00021071 -2.20534e-05 3.06681e-05 -9.68326e-05 -0.000143342 2.11872e-05 3.70019e-05 5.05393e-06 -5.63449e-05 0 -2.73653e-05 6.10609e-05 6.56134e-05 4.89102e-05 0 -3.73789e-05 7.15174e-05 8.76681e-05
internal_weight=4068 1568 245 1323 1234 2500 553 164 134 240 2260 76 51 1798 814 984 681 164 78 462 442 86 81 52 89 69
internal_count=4068 1568 245 1323 1234 2500 553 164 134 240 2260 76 51 1798 814 984 681 164 78 462 442 86 81 52 89 69
is_linear=0
shrinkage=0.03


Tree=17
num_leaves=31
num_cat=0
split_feature=35 5 28 1 21 33 28 31 30 22 36 0 22 28 22 34 19 30 19 34 33 5 35 28 5 29 30 2 35 22
split_gain=0.00370185 0.00191869 0.00163562 0.00150486 0.00118907 0.000858369 0.000902944 0.000627973 0.000746145 0.00061991 0.000601191 0.000582321 0.000565932 0.000563654 0.000453488 0.000476969 0.000402296 0.000393161 0.000381161 0.000370756 0.000356742 0.000385715 0.000265314 0.000227326 0.0002084 0.00015031 7.3832e-05 6.53106e-05 2.09458e-05 3.33853e-07
threshold=0.018775581072877561 31421472.000000004 -2521718408.9999995 88.224998474121108 76.744166755676289 0.018174902546121089 -1319935238.9999998 0.0042407763395221352 28.763336020505502 39.349437438030861 -0.0079114912172674034 38.650733947753913 47.46174665291575 -597856560.49999988 58.010095075488735 0.033511195061873396 50.669999313354502 34.202959913868121 77.570000457763683 -0.012089187138688005 -0.024977202187580757 16719106.500000002 0.033545472581059402 9040197.0000000019 19849371.500000004 37.331059053961688 60.354994989074449 95.974998474121108 0.014570011118325425 65.485988362591726
decision_type=2 2 2 2 2 2 2 2 2 2 2 2 2 2 2 2 2 2 2 2 2 2 2 2 2 2 2 2 2 2
left_child=3 5 16 12 9 13 29 8 -5 -4 -10 -8 20 19 18 -16 22 -15 -14 -2 24 -22 -3 -6 -1 -18 27 -9 -28 -7
right_child=1 2 4 7 23 6 11 26 10 -11 -12 -13 14 17 15 -17 25 -19 -20 -21 21 -23 -24 -25 -26 -27 28 -29 -30 -31
leaf_value=-3.6413443273865929e-05 -7.1090246314503298e-05 0 0 0 0 2.6403430575427069e-06 0 5.6984352137708717e-05 0 -0.00027539241447981669 -0.00013645973271069492 -0.00015080731699041407 -2.2627729227824652e-05 -6.2353614212790003e-07 4.6020692697503812e-05 -6.7574595276646188e-06 0 4.5061112990721794e-05 1.788345297913127e-05 0 6.6973947916821667e-05 1.7050040125230447e-05 0.00010762880513617321 -9.8470233786868808e-05 3.6762643229669125e-05 -7.8225804550520963e-05 0 0 -3.1827102595968022e-05 0
leaf_weight=75 131 26 31 34 31 43 36 38 23 91 124 104 446 163 459 98 32 262 360 144 595 440 22 21 65 87 23 24 20 20
leaf_count=75 131 26 31 34 31 43 36 38 23 91 124 104 446 163 459 98 32 262 360 144 595 440 22 21 65 87 23 24 20 20
internal_value=-2.14108e-08 -4.386e-05 -0.000106404 1.82285e-05 -0.000174165 -1.69106e-05 -7.12411e-05 -4.31672e-05 -7.78754e-05 -0.000228071 -0.000109688 -0.000114708 2.63304e-05 0 1.01319e-05 3.13502e-05 -1.7787e-05 2.04865e-05 -8.11808e-07 -3.45757e-05 4.25653e-05 4.86522e-05 1.89227e-05 0 0 -5.77866e-05 0 3.23376e-05 -5.91772e-06 0
internal_weight=4068 1244 341 2824 174 903 203 286 181 122 147 140 2538 700 1363 557 167 425 806 275 1175 1035 48 52 140 119 105 62 43 63
internal_count=4068 1244 341 2824 174 903 203 286 181 122 147 140 2538 700 1363 557 167 425 806 275 1175 1035 48 52 140 119 105 62 43 63
is_linear=0
shrinkage=0.03


Tree=18
num_leaves=26
num_cat=0
split_feature=26 5 28 0 33 5 22 5 25 5 22 28 27 20 24 31 26 29 28 33 26 20 24 23 36
split_gain=0.00416637 0.00197479 0.00141702 0.00107139 0.000912309 0.000753997 0.000681611 0.000655827 0.000612081 0.00041171 0.000366352 0.00035963 0.000375521 0.000355743 0.000633097 0.000276641 0.000266257 0.000247404 0.000238005 0.00018678 0.000321856 0.000182129 0.000161925 8.3748e-05 0.000104049
threshold=1.3610645235072532 31421472.000000004 -2598932320.9999995 33.590461730957038 -0.0033840604292305616 30027782.500000004 38.738710913462675 15898018.000000002 0.19196333817179145 11739817.000000002 42.106458559917407 -507201638.49999994 1.0261850703942685 73.954999542236337 0.61654827027099801 -0.0038207505935625714 1.0931163176890675 85.554795030199955 -2866388925.9999995 -0.022164039759731687 1.1544282549493599 76.927500152587911 -0.56594286513410397 0.12034346995639568 -0.0042761106431662334
decision_type=2 2 2 2 2 2 2 2 2 2 2 2 2 2 2 2 2 2 2 2 2 2 2 2 2
left_child=5 3 23 21 7 9 -4 -5 15 19 -6 12 -10 18 -15 16 -7 -8 -11 -1 -21 -2 -17 -3 -25
right_child=1 2 6 4 10 8 17 -9 11 13 -12 -13 -14 14 -16 22 -18 -19 -20 20 -22 -23 -24 24 -26
leaf_value=0 9.5011316687657288e-05 1.7438806568214796e-05 0 3.5250773478278913e-05 0 0 -0.00023657589309326532 -3.0549168676794383e-05 -0.00022011126275684438 2.3099174638383395e-05 -6.092042912099457e-05 0 0 4.7104471229548527e-05 0 0 -8.0292741542846208e-05 0 -7.3153648647171302e-06 8.3321957294362389e-05 2.4285539595285603e-06 0 7.4988728497128203e-05 0 -7.5497767716908016e-05
leaf_weight=20 65 29 36 239 56 33 101 314 27 358 625 28 21 725 222 25 45 27 493 293 149 24 61 24 28
leaf_count=20 65 29 36 239 56 33 101 314 27 358 625 28 21 725 222 25 45 27 493 293 149 24 61 24 28
internal_value=-4.85491e-08 -3.91078e-05 -0.000120297 -2.17973e-05 -3.07792e-05 2.325e-05 -0.000171424 0 -2.04548e-05 2.92193e-05 -5.40561e-05 -9.25142e-05 -0.000142374 2.00408e-05 3.31229e-05 0 -2.55854e-05 -0.000205994 1.95583e-06 5.84361e-05 6.2845e-05 6.89631e-05 4.79367e-05 0 -3.5733e-05
internal_weight=4068 1568 245 1323 1234 2500 164 553 240 2260 681 76 48 1798 947 164 78 128 851 462 442 89 86 81 52
internal_count=4068 1568 245 1323 1234 2500 164 553 240 2260 681 76 48 1798 947 164 78 128 851 462 442 89 86 81 52
is_linear=0
shrinkage=0.03


Tree=19
num_leaves=23
num_cat=0
split_feature=5 21 28 29 22 21 21 19 5 24 4 24 24 29 23 21 36 28 34 21 4 33
split_gain=0.00332038 0.00186966 0.0012881 0.00118362 0.000976776 0.00167664 0.0015065 0.0013547 0.000885593 0.000963432 0.000875108 0.000651636 0.000883511 0.000505031 0.000497294 0.000270466 0.000250587 0.000366931 0.000215525 0.000150206 0.000115198 3.26694e-05
threshold=31421472.000000004 95.990416717529314 -2521718408.9999995 16.5380848967222 38.738710913462675 63.41541630427043 76.744166755676289 73.615000152587911 12023309.500000002 0.61654827027099801 77.625000000000014 -1.6833391906230435 -0.88057323906075513 63.896332915930721 1.4164700299530113 85.01541646321617 0.0030816871617995747 -2682532532.4999995 0.0093167781578427106 52.695833206176765 87.424999237060561 -0.0046925392652102929
decision_type=2 2 2 2 2 2 2 2 2 2 2 2 2 2 2 2 2 2 2 2 2 2
left_child=1 8 14 -3 5 -4 -6 -7 15 10 -10 -5 -13 -11 16 18 17 -2 -1 -18 -8 -17
right_child=2 3 4 11 6 7 20 -9 9 13 -12 12 -14 -15 -16 21 19 -19 -20 -21 -22 -23
leaf_value=7.0584489455284585e-05 -6.1753557285119002e-05 2.6050262646307379e-05 0.00018976058066629204 0 -0.00023511989800230448 -0.00031293893186896759 0 0 0 0 3.7967308688691888e-05 -0.00033032603580594494 -5.9712434590881152e-05 -5.8713072089760273e-05 -0.00013607720439544918 1.9897037802019835e-05 8.8971987032962076e-05 2.5763029303207847e-05 5.3477693825185366e-06 0 -6.3026675379242281e-05 -9.0779387582749712e-07
leaf_weight=371 94 23 21 22 110 20 33 24 1196 390 918 31 85 250 25 74 40 22 176 36 26 81
leaf_count=371 94 23 21 22 110 20 33 24 1196 390 918 31 85 250 25 74 40 22 176 36 26 81
internal_value=-4.88267e-08 8.78102e-06 -7.75005e-05 -8.86377e-05 -0.000128267 0 -0.000167258 -0.000130339 1.41898e-05 5.26668e-06 1.59207e-05 -0.000129481 -0.000158094 -2.52351e-05 -8.90409e-06 4.49172e-05 0 -1.93079e-05 5.50825e-05 4.8937e-05 0 0
internal_weight=4068 3617 451 161 234 65 169 44 3456 2754 2114 138 116 640 217 702 192 116 547 76 59 155
internal_count=4068 3617 451 161 234 65 169 44 3456 2754 2114 138 116 640 217 702 192 116 547 76 59 155
is_linear=0
shrinkage=0.03


Tree=20
num_leaves=29
num_cat=0
split_feature=26 29 5 5 30 25 5 28 31 5 24 25 3 19 20 28 25 31 26 31 25 20 36 26 27 5 28 5
split_gain=0.00381655 0.00183189 0.000901905 0.00086204 0.000816022 0.000737839 0.00155835 0.00206526 0.000693736 0.000684548 0.000526222 0.000470559 0.000450575 0.00042625 0.000397502 0.000328863 0.00026754 0.000223951 0.00033026 0.000226492 0.000113042 0.000275268 0.000112225 0.000293283 0.000285644 7.08577e-05 4.01683e-05 3.43921e-05
threshold=1.4157642786480713 50.430355384269717 12222302.000000002 30027782.500000004 46.66729882365334 -0.12041441736160689 34923481.500000007 -1027035204.4999999 -0.010738188960057236 31421472.000000004 0.50359777906635605 0.19196333817179145 90.424999237060561 70.675000762939462 73.954999542236337 -2866388925.9999995 -0.16793481155224169 -0.0031662036765289776 1.0931163176890675 0.012559012118341208 0.16584984351859747 91.848749542236348 -0.001975316640343124 1.1793206169297694 0.81231539683090437 13697809.000000002 -62245213.999999993 19849371.500000004
decision_type=2 2 2 2 2 2 2 2 2 2 2 2 2 2 2 2 2 2 2 2 2 2 2 2 2 2 2 2
left_child=3 5 20 10 27 6 12 -8 -7 -6 14 17 -2 -13 15 -1 -16 18 -5 -19 21 -3 24 -24 -12 -10 -22 -4
right_child=1 2 4 11 9 8 7 -9 25 -11 22 13 -14 -15 16 -17 -18 19 -20 -21 26 -23 23 -25 -26 -27 -28 -29
leaf_value=3.7030256121318642e-05 9.115837018386376e-06 8.0713836690426806e-05 -1.6621688499130425e-05 0 -7.4902213690662003e-05 0.00011325494468823437 0 -0.00033887465934869703 -2.1814071342993031e-05 -0.00019992825946527415 0 -0.00016046700944370539 -5.8927911607173016e-05 0 8.8175821682645307e-06 0 6.093091715366294e-05 7.9478545369515892e-05 -8.3642075774126404e-05 0 -6.0236763752089645e-05 0 4.9414807497034791e-06 -4.0973781191283918e-05 9.1785181723498381e-05 1.528982803002082e-05 0 2.5504985570997622e-05
leaf_weight=363 297 44 34 35 375 68 26 32 70 101 165 38 110 45 271 557 684 49 56 45 27 20 153 177 38 130 25 33
leaf_count=363 297 44 34 35 375 68 26 32 70 101 165 38 110 45 271 557 684 49 56 45 27 20 153 177 38 130 25 33
internal_value=-4.2406e-08 -4.1053e-05 -7.77403e-05 2.01702e-05 -9.39627e-05 -3.97109e-06 -3.02815e-05 -0.000177354 3.04838e-05 -0.000107768 2.64964e-05 -2.54708e-05 -1.91513e-06 -8.47902e-05 3.39735e-05 1.4814e-05 4.92862e-05 0 -3.23336e-05 3.36124e-05 0 2.4842e-05 0 -1.06026e-05 1.77368e-05 0 -3.45467e-05 0
internal_weight=4068 1392 659 2676 543 733 465 58 268 476 2408 268 407 83 1875 920 955 185 91 94 116 64 533 330 203 200 52 67
internal_count=4068 1392 659 2676 543 733 465 58 268 476 2408 268 407 83 1875 920 955 185 91 94 116 64 533 330 203 200 52 67
is_linear=0
shrinkage=0.03


Tree=21
num_leaves=25
num_cat=0
split_feature=35 5 4 33 0 0 22 5 25 33 29 21 32 20 5 34 33 22 23 1 19 31 32 4
split_gain=0.00308783 0.00151692 0.00137665 0.000758812 0.000794093 0.000853233 0.000726974 0.000637294 0.00122046 0.000790098 0.000743999 0.000478004 0.000624467 0.000475057 0.000426025 0.000377792 0.000281692 0.000292304 0.000268505 0.000243709 0.000107181 6.34221e-05 1.98963e-05 6.14902e-07
threshold=0.018775581072877561 31421472.000000004 96.174999237060561 0.018174902546121089 38.650733947753913 55.518568038940437 46.919178306491823 40992717.500000007 0.1951099458033963 0.043954684234013948 68.275495085181547 75.0529172261556 -0.01510403865871107 59.026249694824223 11041665.500000002 -0.007241996988893439 0.0099616280755087123 31.663635408258777 0.1411973139255274 87.825000762939467 51.660000228881842 -0.0048600881690169509 0.01917851400884674 73.02500152587892
decision_type=2 2 2 2 2 2 2 2 2 2 2 2 2 2 2 2 2 2 2 2 2 2 2 2
left_child=2 3 6 11 22 -6 16 9 20 13 -10 15 -13 -3 18 -2 17 -1 -8 -16 -9 -4 -5 -18
right_child=1 7 21 4 5 -7 14 8 10 -11 -12 12 -14 -15 19 -17 23 -19 -20 -21 -22 -23 -24 -25
leaf_value=0 -5.8012789314415816e-05 -1.8825515478284163e-05 -0.00018073848575479403 2.7258311481895187e-05 -0.00013758521535960791 0 0 4.610788934572228e-05 -0.00026659129779069976 0 0 7.7373314224089395e-05 0 -0.00023272339098663397 2.4930018390710729e-06 0 0 5.0496301016212315e-05 6.2087426654176565e-05 -3.825220102596329e-05 0 -5.0297206473862118e-06 0 -3.0600631105486596e-06
leaf_weight=161 175 49 26 24 126 23 102 46 28 20 47 124 258 85 1130 143 53 921 173 145 66 54 30 59
leaf_count=161 175 49 26 24 126 23 102 46 28 20 47 124 258 85 1130 143 53 921 173 145 66 54 30 59
internal_value=-6.09712e-09 -4.01061e-05 1.65969e-05 -1.56613e-05 -6.67321e-05 -0.000104208 2.10854e-05 -9.60195e-05 -3.51089e-05 -0.000150444 -0.000132952 0 2.17598e-05 -0.000176951 5.21751e-06 -2.7994e-05 3.917e-05 4.39019e-05 3.93338e-05 0 3.70972e-06 -9.97426e-05 0 0
internal_weight=4068 1244 2824 903 203 149 2744 341 187 154 75 700 382 134 1550 318 1194 1082 275 1275 112 80 54 112
internal_count=4068 1244 2824 903 203 149 2744 341 187 154 75 700 382 134 1550 318 1194 1082 275 1275 112 80 54 112
is_linear=0
shrinkage=0.03


Tree=22
num_leaves=23
num_cat=0
split_feature=26 5 28 0 33 22 34 5 20 5 33 4 22 27 29 32 4 20 30 19 19 33
split_gain=0.00352704 0.00154079 0.00124776 0.000967764 0.000796888 0.000727675 0.000676679 0.000607178 0.000414856 0.000411265 0.00035277 0.000336584 0.000326618 0.000220105 0.000378194 0.000191467 0.000177258 0.000170256 0.00016212 0.0001618 0.000253825 0.000148184
threshold=1.3610645235072532 31421472.000000004 -2521718408.9999995 33.590461730957038 -0.0033840604292305616 39.349437438030861 0.041601320026548934 15898018.000000002 79.411250495910664 27907739.000000004 -0.020401470131059748 87.724998474121108 42.106458559917407 1.0056831079036299 28.918435971692542 0.018079586393376926 65.625000000000014 76.927500152587911 72.389714712839606 53.869999694824223 74.609999847412126 -0.049467375814226881
decision_type=2 2 2 2 2 2 2 2 2 2 2 2 2 2 2 2 2 2 2 2 2 2
left_child=6 3 19 17 7 21 9 -5 -7 10 16 -12 -6 14 -11 -8 -1 -2 -17 -3 -21 -4
right_child=1 2 5 4 12 8 15 -9 -10 13 11 -13 -14 -15 -16 18 -18 -19 -20 20 -22 -23
leaf_value=-5.0344845471235792e-05 9.0659733586137244e-05 2.0632566063752846e-05 -8.1456057021894775e-05 3.3717403803006477e-05 0 -0.00025529433117911282 0 -2.956956927802175e-05 -1.4708069108066009e-06 0 3.6569794290366473e-05 0 -5.7274729429880105e-05 5.3445728642730951e-05 -5.690795717246406e-05 0 7.4983157825615876e-06 0 -0.00013431354508227806 -0.00010243994681505332 0 0
leaf_weight=60 65 38 20 239 56 77 33 314 34 96 1878 85 625 33 137 20 128 24 30 34 21 21
leaf_count=60 65 38 20 239 56 77 33 314 34 96 1878 85 625 33 137 20 128 24 30 34 21 21
internal_value=-5.09366e-08 -3.60453e-05 -0.000108282 -2.03935e-05 -2.90215e-05 -0.000162103 2.13253e-05 0 -0.000204621 2.50868e-05 2.96514e-05 3.3543e-05 -5.07847e-05 -5.47704e-07 -2.10845e-05 -5.2009e-05 0 6.54638e-05 -8.90289e-05 0 -4.8461e-05 0
internal_weight=4068 1568 245 1323 1234 152 2500 553 111 2417 2151 1963 681 266 233 83 188 89 50 93 55 41
internal_count=4068 1568 245 1323 1234 152 2500 553 111 2417 2151 1963 681 266 233 83 188 89 50 93 55 41
is_linear=0
shrinkage=0.03


Tree=23
num_leaves=23
num_cat=0
split_feature=26 5 36 23 29 20 31 31 31 34 7 20 31 5 3 24 26 26 33 2 1 26
split_gain=0.00331826 0.00164086 0.000974091 0.000900156 0.00151928 0.00103585 0.000659561 0.000657235 0.000997037 0.000638409 0.000630687 0.000628035 0.00038931 0.000374854 0.000466887 0.000440737 0.000267372 0.000173677 0.000205088 0.000107866 0.000149496 3.93537e-05
threshold=1.3648402757351892 31421472.000000004 0.0024390372649017804 -0.5676148577692145 20.057116799646582 59.026249694824223 0.03355099209390467 -0.0016025712301477311 -0.0084634470100012887 0.041601320026548934 1.0000000180025095e-35 65.473749637603774 -0.0030165915264233618 12023309.500000002 75.724998474121108 0.54031458755808404 0.98212667987755808 1.2380799862620637 -0.019738014236947429 53.625000000000007 75.075000762939467 1.5450496627650929
decision_type=2 2 2 2 2 2 2 2 2 2 2 2 2 2 2 2 2 2 2 2 2 2
left_child=9 2 7 5 -5 -3 -6 8 -2 13 12 -9 -4 17 16 -16 -15 18 -1 -11 -21 -12
right_child=1 3 10 4 6 -7 -8 11 -10 19 21 -13 -14 14 15 -17 -18 -19 -20 20 -22 -23
leaf_value=0 9.0243144814431419e-06 0.00013768783738962799 0 0 -0.00020922527045627511 -0.00011403302266560972 0 -4.0697092533152561e-05 -6.9445604141559706e-05 0 0 6.3461675541376386e-05 -7.5369706115957985e-05 2.6388359645443382e-05 4.5062275979517739e-05 0 -6.9713830165220934e-06 0 6.339749626076614e-05 -0.00011760959794696433 0 3.1687135236090111e-05
leaf_weight=20 305 25 66 26 130 35 25 30 214 20 24 235 401 292 636 232 766 84 403 32 31 36
leaf_count=20 305 25 66 26 130 35 25 30 214 20 24 235 401 292 636 232 766 84 403 32 31 36
internal_value=-6.11806e-08 -3.52805e-05 -1.9226e-05 -0.000110127 -0.000143595 0 -0.000181362 0 -1.75592e-05 2.04722e-05 -5.08198e-05 4.03427e-05 -6.42481e-05 2.41302e-05 1.57007e-05 3.21091e-05 0 5.02266e-05 5.82495e-05 -5.05544e-05 -7.00307e-05 3.71348e-06
internal_weight=4068 1552 1311 241 181 60 155 784 519 2516 527 265 467 2433 1926 868 1058 507 423 83 63 60
internal_count=4068 1552 1311 241 181 60 155 784 519 2516 527 265 467 2433 1926 868 1058 507 423 83 63 60
is_linear=0
shrinkage=0.03


Tree=24
num_leaves=29
num_cat=0
split_feature=26 29 35 25 32 30 3 26 3 3 23 7 36 28 26 36 34 24 25 25 36 36 28 19 28 28 29 33
split_gain=0.00312985 0.00143923 0.000998764 0.00152241 0.000781102 0.000730575 0.000690244 0.000948217 0.000817212 0.0011207 0.000631719 0.000609549 0.000609731 0.000351562 0.000329383 0.00027669 0.000250155 0.00031943 0.000241127 0.000232568 0.000229618 0.000169488 0.000186438 0.00016557 0.000160537 0.000109253 0.000108935 3.93638e-05
threshold=1.4565484651076723 50.430355384269717 0.021104569417634021 -0.090482438596136472 -0.023101011650026867 47.61370037376026 67.700000762939467 0.98848266258063233 59.049999237060554 50.225000381469734 0.66859895317634266 1.0000000180025095e-35 -0.011217019530652904 -36735609.499999993 1.7393224377658834 -0.0028555567987125787 -0.036264581978975856 -1.1289033984021082 0.1188126648797023 -0.28673955711025345 -0.0075188014455881648 -0.0020765181772976608 -2436328310.9999995 91.715000152587905 -2866388925.9999995 -1174993575.9999998 51.949582264022368 -0.012257796889480197
decision_type=2 2 2 2 2 2 2 2 2 2 2 2 2 2 2 2 2 2 2 2 2 2 2 2 2 2 2 2
left_child=6 2 13 4 -4 23 7 20 9 -9 16 12 -7 15 -15 -2 19 -18 -5 -8 -1 26 -23 25 -10 -3 -12 -22
right_child=1 5 3 18 -6 11 10 8 24 -11 21 -13 -14 14 -16 -17 17 -19 -20 -21 27 22 -24 -25 -26 -27 -28 -29
leaf_value=0 8.0198520437466987e-05 0 0 7.5623896304545087e-05 -0.00014608369651495916 0 1.8768855635420305e-05 0 4.1419353637552609e-05 -0.0001273369555935776 0 0 -0.00010987274167095913 2.7325041511834687e-05 -6.5177721382865867e-05 0 0 4.5446944450964435e-05 0 -8.1081673018058227e-05 0 0 -3.6772237843116837e-05 -5.510369363744075e-05 -7.5352825702055518e-06 6.9356265225297377e-05 4.1369776473641057e-05 5.061660796228136e-05
leaf_weight=40 117 20 64 48 128 98 51 119 77 136 52 26 417 26 66 179 180 1220 48 29 38 82 194 21 215 38 91 248
leaf_count=40 117 20 64 48 128 98 51 119 77 136 52 26 417 26 66 179 180 1220 48 29 38 82 194 21 215 38 91 248
internal_value=-4.32132e-08 -3.92466e-05 -4.09092e-06 -4.99434e-05 -0.000102816 -7.27328e-05 1.72042e-05 -1.81172e-06 -2.90815e-05 -6.85343e-05 2.75254e-05 -8.53086e-05 -9.3327e-05 2.2218e-05 -6.46106e-06 4.12627e-05 3.68274e-05 3.99319e-05 2.45815e-05 0 3.474e-05 0 -1.85168e-05 0 0 3.82366e-05 2.01101e-05 4.58031e-05
internal_weight=4068 1296 676 288 192 620 2772 873 547 255 1899 541 515 388 92 296 1480 1400 96 80 326 419 276 79 292 58 143 286
internal_count=4068 1296 676 288 192 620 2772 873 547 255 1899 541 515 388 92 296 1480 1400 96 80 326 419 276 79 292 58 143 286
is_linear=0
shrinkage=0.03


Tree=25
num_leaves=30
num_cat=0
split_feature=26 29 35 25 20 5 30 5 5 24 25 19 1 20 33 25 3 33 25 30 30 27 25 0 5 27 30 35 5
split_gain=0.00294003 0.00155476 0.00103275 0.00141294 0.000801822 0.000799516 0.00072097 0.000689594 0.000508731 0.000436295 0.000412271 0.000385776 0.000335494 0.000324445 0.000294767 0.000265815 0.00025132 0.000234139 0.000230428 0.000102251 0.000382831 0.00015521 0.000100276 0.000485046 9.50858e-05 0.000201108 0.000107645 7.48126e-05 3.76819e-05
threshold=1.4157642786480713 50.430355384269717 0.021104569417634021 -0.090482438596136472 59.026249694824223 12222302.000000002 46.66729882365334 30027782.500000004 31421472.000000004 0.50359777906635605 0.19196333817179145 70.675000762939462 95.075000762939467 73.954999542236337 0.0099616280755087123 -0.16793481155224169 95.799999237060561 -0.014575681523953663 0.1188126648797023 38.119140127932589 22.054217753954863 0.38359416578139083 0.16584984351859747 50.451776504516609 15838695.500000002 0.79419507003391265 82.227973184388233 0.015668334280899313 19849371.500000004
decision_type=2 2 2 2 2 2 2 2 2 2 2 2 2 2 2 2 2 2 2 2 2 2 2 2 2 2 2 2 2
left_child=7 2 12 4 -4 22 28 9 -8 13 19 -12 14 17 -2 -15 -14 -1 -5 20 -9 -21 23 -3 26 -26 -11 -24 -7
right_child=1 5 3 18 -6 6 8 10 -10 24 11 -13 16 15 -16 -17 -18 -19 -20 21 -22 -23 27 -25 25 -27 -28 -29 -30
leaf_value=-8.8284262204741901e-06 4.8580908192927918e-05 0.00010460949814415119 0 7.3359896608709641e-05 -0.00012122270542253869 -1.3606033980177225e-05 -6.7614637298102725e-05 0 -0.00018123939002844027 2.5591913748437025e-05 -0.00014988028116645215 0 -0.00010597510041389832 4.8122326285894439e-06 0 5.5284610850318998e-05 0 2.1320782027323221e-05 0 0 -8.3530831279942879e-05 5.8493008760336847e-05 -6.4151763213227917e-05 0 -3.6015244574677161e-05 0 0 0 2.8876732947625592e-05
leaf_weight=170 338 44 24 48 179 34 375 46 101 214 38 45 21 271 31 684 41 750 51 27 54 58 27 20 172 122 25 25 33
leaf_count=170 338 44 24 48 179 34 375 46 101 214 38 45 21 271 31 684 41 750 51 27 54 58 27 20 172 122 25 25 33
internal_value=0 -3.60807e-05 -1.68454e-06 -4.77932e-05 -9.69811e-05 -6.97816e-05 -8.50556e-05 1.76511e-05 -9.80583e-05 2.33839e-05 -2.26581e-05 -7.82391e-05 2.36683e-05 3.01935e-05 3.79886e-05 4.41051e-05 -1.31756e-05 1.24889e-05 2.27905e-05 0 -1.81373e-05 2.63521e-05 0 2.68035e-05 0 -1.19834e-05 1.3464e-05 -2.91259e-05 0
internal_weight=4068 1392 733 302 203 659 543 2676 476 2408 268 83 431 1875 369 955 62 920 99 185 100 85 116 64 533 294 239 52 67
internal_count=4068 1392 733 302 203 659 543 2676 476 2408 268 83 431 1875 369 955 62 920 99 185 100 85 116 64 533 294 239 52 67
is_linear=0
shrinkage=0.03


Tree=26
num_leaves=25
num_cat=0
split_feature=26 5 28 36 3 23 34 31 31 20 7 28 3 26 23 25 23 36 19 19 35 26 26 36
split_gain=0.00278875 0.00129036 0.00120686 0.00085298 0.000735958 0.000898 0.000580784 0.000572546 0.000908191 0.000575892 0.000535208 0.000400223 0.000352317 0.000593513 0.00035873 0.000310649 0.000293547 0.000170776 0.000118124 0.000221504 0.000114498 0.000166838 4.21024e-05 3.42527e-05
threshold=1.3610645235072532 31421472.000000004 -2521718408.9999995 0.0024390372649017804 51.625000000000007 -0.5676148577692145 0.036322418012593179 -0.0016025712301477311 -0.0084634470100012887 65.473749637603774 1.0000000180025095e-35 -2598932320.9999995 67.700000762939467 0.98848266258063233 0.66859895317634266 0.11277755271331331 -0.95928127954920928 -0.0075188014455881648 53.869999694824223 74.609999847412126 0.017869146459496429 1.2654407105346108 1.5450496627650929 -0.0020765181772976608
decision_type=2 2 2 2 2 2 2 2 2 2 2 2 2 2 2 2 2 2 2 2 2 2 2 2
left_child=6 3 18 7 -4 -6 12 8 -2 -9 11 -5 13 17 16 -15 -14 -1 -3 -20 -8 -22 -12 -16
right_child=1 2 4 10 5 -7 20 9 -10 -11 22 -13 14 15 23 -17 -18 -19 19 -21 21 -23 -24 -25
leaf_value=0 9.0862862906164703e-06 2.5127067919967205e-05 -0.00037251052162209653 0 0 -0.000141300104934098 0 -3.8097236739422043e-05 -6.5406869786166814e-05 6.0133210759753699e-05 0 -7.1280971898276792e-05 0 0 1.5509086330721231e-05 -6.0159252957523293e-05 4.5413937430531604e-05 4.6286285889510786e-05 -9.0875576557594961e-05 0 0 -0.00013499333866665399 3.2398224933397982e-05 -4.0221748044904726e-06
leaf_weight=36 308 38 22 74 37 93 61 30 216 237 25 397 243 335 114 109 1052 268 34 21 51 22 36 209
leaf_count=36 308 38 22 74 37 93 61 30 216 237 25 397 243 335 114 109 1052 268 34 21 51 22 36 209
internal_value=-1.12492e-08 -3.20974e-05 -9.83079e-05 -1.75622e-05 -0.000150715 -8.98632e-05 1.89137e-05 0 -1.59033e-05 3.78542e-05 -4.70072e-05 -5.9315e-05 2.31453e-05 1.54526e-06 3.12762e-05 -1.61104e-05 3.83596e-05 3.71938e-05 0 -3.86375e-05 -3.33926e-05 -5.87813e-05 0 0
internal_weight=4068 1568 245 1323 152 130 2500 791 524 267 532 471 2366 748 1618 444 1295 304 93 55 134 73 61 323
internal_count=4068 1568 245 1323 152 130 2500 791 524 267 532 471 2366 748 1618 444 1295 304 93 55 134 73 61 323
is_linear=0
shrinkage=0.03


Tree=27
num_leaves=27
num_cat=0
split_feature=26 29 35 22 33 5 3 26 4 3 7 33 4 1 36 3 36 36 29 32 0 33 29 4 2 0
split_gain=0.00263559 0.00128846 0.00085438 0.000744124 0.000951986 0.000729935 0.000598898 0.00083554 0.000783191 0.0010563 0.000478089 0.000479063 0.000395968 0.000307541 0.000412905 0.00023611 0.000215302 0.000209251 0.000207388 0.000148586 0.000106417 8.02606e-05 3.64174e-05 3.47169e-05 2.90914e-05 1.91341e-05
threshold=1.4565484651076723 50.430355384269717 0.021104569417634021 56.543894486114944 -0.012028058581203647 12222302.000000002 67.700000762939467 0.98848266258063233 60.074998855590827 50.225000381469734 1.0000000180025095e-35 0.056591170932496666 87.724998474121108 95.075000762939467 -0.001975316640343124 95.799999237060561 0.015663098695922237 -0.0075188014455881648 90.279756895174827 -0.0029815340870640856 43.31294250488282 -0.022559802315628649 74.990353937889793 85.724998474121108 77.474998474121108 78.00638580322267
decision_type=2 2 2 2 2 2 2 2 2 2 2 2 2 2 2 2 2 2 2 2 2 2 2 2 2 2
left_child=6 2 13 4 -4 20 7 17 9 -9 11 -7 16 14 -2 -15 18 -1 -8 -14 -3 -10 -19 -22 -18 -21
right_child=1 5 3 -5 -6 10 12 8 21 -11 -12 -13 19 15 -16 -17 24 22 -20 25 23 -23 -24 -25 -26 -27
leaf_value=0 7.5869400039961445e-05 3.9803768608236849e-05 -7.381275791109365e-07 7.4319078929291384e-05 -0.00013897343708627646 -9.9298031208616688e-05 3.3900277445431766e-05 0 -3.539771864196885e-05 -0.0001220273780366531 0 0 0 -0.00010243096098389862 0 0 -3.2297326774226004e-05 4.6951543675630481e-05 0 -6.2172701027540542e-05 0 1.1542420809309675e-05 0 -3.5412505790257237e-05 0 0
leaf_weight=40 142 42 164 20 104 442 1681 119 30 139 26 42 30 21 184 41 25 254 54 46 20 259 32 48 39 24
leaf_count=40 142 42 164 20 104 442 1681 119 30 139 26 42 30 21 184 41 25 254 54 46 20 259 32 48 39 24
internal_value=-3.15764e-08 -3.60649e-05 -2.62207e-06 -4.54511e-05 -6.56034e-05 -6.76842e-05 1.57337e-05 -1.79445e-06 -2.75665e-05 -6.58924e-05 -8.28065e-05 -9.00778e-05 2.5371e-05 2.14421e-05 3.69961e-05 -1.19608e-05 2.93667e-05 3.22445e-05 3.17158e-05 -1.64991e-05 0 0 4.29339e-05 -2.06625e-05 0 -4.79206e-05
internal_weight=4068 1296 676 288 268 620 2772 873 547 258 510 484 1899 388 326 62 1799 326 1735 100 110 289 286 68 64 70
internal_count=4068 1296 676 288 268 620 2772 873 547 258 510 484 1899 388 326 62 1799 326 1735 100 110 289 286 68 64 70
is_linear=0
shrinkage=0.03


Tree=28
num_leaves=28
num_cat=0
split_feature=26 29 35 25 32 30 3 26 4 3 7 36 23 28 26 0 36 36 21 36 34 36 28 28 29 4 34
split_gain=0.00246931 0.00120717 0.000803934 0.00133459 0.000716712 0.00064428 0.000561608 0.000783485 0.000737011 0.00099378 0.000545077 0.000589448 0.00052898 0.000320265 0.000308124 0.000264752 0.00023002 0.000224457 0.000219214 0.000200814 0.00019325 0.000155719 0.000178538 0.000144668 0.00010228 5.12269e-05 3.42247e-05
threshold=1.4565484651076723 50.430355384269717 0.021104569417634021 -0.090482438596136472 -0.023101011650026867 47.61370037376026 67.700000762939467 0.98848266258063233 60.074998855590827 50.225000381469734 1.0000000180025095e-35 -0.011217019530652904 0.66859895317634266 -36735609.499999993 1.7393224377658834 48.458337783813484 -0.0028555567987125787 -0.00056496947667975005 87.809999720255547 -0.0075188014455881648 -0.036264581978975856 -0.0020765181772976608 -2436328310.9999995 -2866388925.9999995 51.949582264022368 85.125000000000014 0.032638715944053327
decision_type=2 2 2 2 2 2 2 2 2 2 2 2 2 2 2 2 2 2 2 2 2 2 2 2 2 2 2
left_child=6 2 13 4 -4 15 7 19 9 -9 11 -7 18 16 -15 -3 -2 -5 20 -1 -8 24 -23 -10 -14 -20 -21
right_child=1 5 3 17 -6 10 12 8 23 -11 -12 -13 21 14 -16 -17 -18 -19 25 26 -22 22 -24 -25 -26 -27 -28
leaf_value=0 7.5067355541526943e-05 5.4738072504393328e-05 0 7.2176797471628211e-05 -0.00013536278189140371 0 0 0 3.9980440417216077e-05 -0.00011836919032594144 0 -0.00010113409352465717 0 2.520128081006736e-05 -6.3153902101228309e-05 -5.5053524552426848e-05 0 0 0 4.5051255401757231e-05 3.8264027520422713e-05 0 -3.6014778284497509e-05 -5.7291308587424488e-06 3.9358661067678461e-05 -4.5674523871762841e-05 0
leaf_weight=40 117 51 64 50 128 98 78 119 77 139 26 417 52 26 66 28 179 46 21 260 1359 82 194 212 91 22 26
leaf_count=40 117 51 64 50 128 98 78 119 77 139 26 417 52 26 66 28 179 46 21 260 1359 82 194 212 91 22 26
internal_value=-4.50508e-08 -3.4945e-05 -2.42393e-06 -4.40882e-05 -9.41315e-05 -6.55595e-05 1.51903e-05 -1.68764e-06 -2.67422e-05 -6.39209e-05 -7.74414e-05 -8.51602e-05 2.45287e-05 2.07756e-05 -5.61042e-06 0 3.91074e-05 2.47746e-05 3.30702e-05 3.11474e-05 3.55478e-05 0 -1.81622e-05 0 1.8518e-05 0 4.16834e-05
internal_weight=4068 1296 676 288 192 620 2772 873 547 258 541 515 1899 388 92 79 296 96 1480 326 1437 419 276 289 143 43 286
internal_count=4068 1296 676 288 192 620 2772 873 547 258 541 515 1899 388 92 79 296 96 1480 326 1437 419 276 289 143 43 286
is_linear=0
shrinkage=0.03


Tree=29
num_leaves=25
num_cat=0
split_feature=26 21 28 21 28 29 21 34 20 23 36 33 33 23 33 29 30 4 21 34 23 31 26 36
split_gain=0.00231795 0.00127056 0.00143036 0.00142512 0.00142133 0.00139828 0.00121286 0.00161289 0.00140082 0.000645118 0.000852506 0.000533655 0.000402631 0.00028654 0.000277115 0.000285375 0.000670282 0.000265054 0.000227453 0.000226827 0.0001199 6.20991e-05 4.15959e-05 0.00014977
threshold=1.3610645235072532 65.549999809265145 -34707013.999999993 84.154583231608086 -2904959859.9999995 16.5380848967222 63.41541630427043 -0.016091301715897895 66.078749847412126 0.067195264721306117 0.014902928561999878 0.037370038888916553 0.0099616280755087123 0.39005072939713875 -0.0085548311740680765 23.157531379174561 42.598283643164088 87.724998474121108 82.615833218892433 -0.030203404101351358 0.4156120798945509 -0.00058983666275630442 1.4643705699189764 0.0045841215963651266
decision_type=2 2 2 2 2 2 2 2 2 2 2 2 2 2 2 2 2 2 2 2 2 2 2 2
left_child=11 4 9 18 22 -5 7 -6 -8 12 -11 14 -3 -13 15 20 -17 19 -4 -16 -1 -19 -2 -24
right_child=1 2 3 5 6 -7 8 -9 -10 10 -12 13 -14 -15 17 16 -18 21 -20 -21 -22 -23 23 -25
leaf_value=2.8439583041631291e-05 0 4.7962501244215187e-05 -1.2411649580468373e-05 1.0399589210900642e-05 1.3691225956872335e-05 -0.000136804778642461 -0.00047191374443341847 -0.00013300031147218003 0 0 -0.00015250080430200154 -0.00014313306957301864 0 0 0 -8.5969088290244476e-05 0 0 6.1341810401272531e-05 3.2202826430794425e-05 0 -3.3402160092565076e-05 0 9.2566853055535845e-05
leaf_weight=346 21 363 105 31 69 213 22 138 20 305 39 23 137 35 24 93 232 33 50 1634 30 50 35 20
leaf_count=346 21 363 105 31 69 213 22 138 20 305 39 23 137 35 24 93 232 33 50 1634 30 50 35 20
internal_value=-1.07171e-08 -2.93258e-05 -1.2609e-05 -6.02879e-05 -8.40097e-05 -0.000105816 -0.000119776 -6.96344e-05 -0.000294889 6.38151e-06 -2.03196e-05 1.71762e-05 3.0751e-05 -6.08835e-05 2.02611e-05 0 -1.61524e-05 2.68148e-05 0 2.99815e-05 2.13863e-05 -3.01713e-07 0 2.60658e-05
internal_weight=4068 1568 1243 399 325 244 249 207 42 844 344 2500 500 58 2442 701 325 1741 155 1658 376 83 76 55
internal_count=4068 1568 1243 399 325 244 249 207 42 844 344 2500 500 58 2442 701 325 1741 155 1658 376 83 76 55
is_linear=0
shrinkage=0.03


Tree=30
num_leaves=23
num_cat=0
split_feature=5 25 28 23 21 29 19 29 5 24 3 29 0 22 29 31 21 28 35 0 27 24
split_gain=0.00206673 0.00153379 0.00133249 0.00196325 0.00128523 0.000999006 0.000665869 0.000847939 0.000637747 0.000625183 0.000724075 0.000488991 0.000475724 0.000597649 0.000442159 0.000362801 0.000280418 0.000235098 0.00013579 0.000104269 2.85314e-05 3.48295e-06
threshold=31421472.000000004 0.1951099458033963 -1027035204.4999999 -1.4183028588039759 95.990416717529314 34.91854374825639 79.905001068115254 85.554795030199955 12023309.500000002 0.61654827027099801 77.325000762939467 19.16598029103405 34.725721359252937 38.27441472953177 81.758163775984897 0.0031338140993186774 85.381249682108574 -2968903776.4999995 0.014798473475288997 41.115730285644538 0.24400188971201239 -1.5763246469278902
decision_type=2 2 2 2 2 2 2 2 2 2 2 2 2 2 2 2 2 2 2 2 2 2
left_child=4 2 12 -4 8 20 7 17 15 10 -10 -5 13 -2 -11 16 -1 -3 -17 -14 -6 -7
right_child=1 6 3 11 5 21 -8 -9 9 14 -12 -13 19 -15 -16 18 -18 -19 -20 -21 -22 -23
leaf_value=6.1801379541551223e-05 0.00020118304908041911 0 -0.00037721224984070702 6.4719579373062995e-05 0 0 0 0 -2.3655967366984371e-07 -3.9384852440387449e-06 3.3103992606612794e-05 -7.4971050988888863e-05 -4.8990331571120424e-05 0 -8.1816820257616364e-05 1.6582469385024069e-05 0 -0.00027514254264146738 -4.1543345857211988e-05 0 3.1984958360729958e-05 -0.00014990364487769197
leaf_weight=409 27 24 20 23 36 21 40 33 1223 541 891 61 39 58 99 155 92 61 46 65 25 79
leaf_count=409 27 24 20 23 36 21 40 33 1223 541 891 61 39 58 99 155 92 61 46 65 25 79
internal_value=-6.95047e-08 -6.13129e-05 -9.19077e-06 -0.000102475 6.73896e-06 -7.37075e-05 -0.000138927 -0.000175819 1.13567e-05 3.62023e-06 1.23975e-05 -1.01913e-06 2.63028e-05 8.10462e-05 -2.0683e-05 3.74296e-05 5.11325e-05 -0.000227744 0 0 0 -0.000133137
internal_weight=4068 451 293 104 3617 161 158 118 3456 2754 2114 84 189 85 640 702 501 85 201 104 61 100
internal_count=4068 451 293 104 3617 161 158 118 3456 2754 2114 84 189 85 640 702 501 85 201 104 61 100
is_linear=0
shrinkage=0.03


Tree=31
num_leaves=23
num_cat=0
split_feature=26 5 28 0 22 28 19 21 34 31 5 3 24 26 26 32 32 30 20 23 24 1
split_gain=0.00211439 0.00126001 0.00108985 0.000791644 0.000626882 0.000570221 0.00133465 0.000848546 0.000491761 0.000348329 0.000297901 0.000355872 0.000293887 0.000199176 0.000182017 0.000175922 0.000161777 0.000159469 0.000124803 3.33964e-05 2.35296e-05 3.26306e-07
threshold=1.3648402757351892 31421472.000000004 -2598932320.9999995 33.590461730957038 38.738710913462675 -34707013.999999993 77.570000457763683 84.154583231608086 0.041601320026548934 0.036133147502239178 11739817.000000002 75.724998474121108 0.48021703424733592 1.1641980095002482 0.98212667987755808 -0.006417774026511113 0.018079586393376926 72.389714712839606 76.927500152587911 0.12034346995639568 0.15678245268723154 53.175001144409187
decision_type=2 2 2 2 2 2 2 2 2 2 2 2 2 2 2 2 2 2 2 2 2 2
left_child=8 3 19 18 -4 6 -5 -7 10 -6 13 14 -13 15 -12 -1 -10 -18 -2 -3 -15 -21
right_child=1 2 4 5 9 7 -8 -9 16 -11 11 12 -14 20 -16 -17 17 -19 -20 21 -22 -23
leaf_value=0 8.7646716558902106e-05 2.4267938883173548e-05 0 -5.0727489176758492e-05 -0.00019659901201115492 0 2.1781519735120132e-05 -9.0331197034790149e-05 0 0 2.0399893927234423e-05 3.7178163736330479e-05 0 0 -6.9657848068948941e-06 7.1273338990011592e-05 0 -0.00012412815288821561 0 0 1.7020418148773429e-05 -2.2237678934560757e-05
leaf_weight=68 63 27 36 384 103 101 514 226 33 23 302 633 250 79 785 243 20 30 23 23 73 29
leaf_count=68 63 27 36 384 103 101 514 226 33 23 302 633 250 79 785 243 20 30 23 23 73 29
internal_value=-1.43085e-07 -2.83953e-05 -9.39123e-05 -1.4057e-05 -0.000138451 -2.21146e-05 -5.88637e-06 -5.74933e-05 1.60925e-05 -0.000170632 1.94402e-05 1.21389e-05 2.62946e-05 4.40189e-05 0 5.88268e-05 -4.58446e-05 -7.99516e-05 6.5767e-05 0 0 -1.6449e-05
internal_weight=4068 1552 241 1311 162 1225 898 327 2516 126 2433 1970 883 463 1087 311 83 50 86 79 152 52
internal_count=4068 1552 241 1311 162 1225 898 327 2516 126 2433 1970 883 463 1087 311 83 50 86 79 152 52
is_linear=0
shrinkage=0.03


Tree=32
num_leaves=21
num_cat=0
split_feature=26 5 28 0 31 23 33 5 33 31 5 26 2 23 26 32 34 20 23 35
split_gain=0.00199215 0.00119466 0.00103048 0.00074746 0.000616611 0.00118317 0.000603609 0.000535222 0.000471262 0.000339138 0.000302545 0.000289749 0.000436216 0.000274464 0.000149029 0.000196888 0.000146027 0.000116878 3.1653e-05 1.48178e-05
threshold=1.3648402757351892 31421472.000000004 -2598932320.9999995 33.590461730957038 -0.032785624838081721 -0.55118049495346699 -0.0033840604292305616 18454126.500000004 0.037370038888916553 -0.0024106040629350285 12023309.500000002 0.98212667987755808 70.52500152587892 0.45046293290585032 1.2380799862620637 -0.0051445646721028906 -0.024244928760679182 76.927500152587911 0.12034346995639568 0.033545472581059402
decision_type=2 2 2 2 2 2 2 2 2 2 2 2 2 2 2 2 2 2 2 2
left_child=8 3 18 17 -4 -6 7 -5 10 -8 14 16 -13 -10 15 -1 -12 -2 -3 -20
right_child=1 2 4 6 5 -7 9 -9 13 -11 11 12 -14 -15 -16 -17 -18 -19 19 -21
leaf_value=0 8.5021483484464105e-05 2.3542587737059819e-05 -0.00034843391809453609 2.4726957269756966e-05 0 -0.0001420422890209466 -8.0457018065670967e-05 -3.6418431858275997e-05 -0.00013207789770683709 -1.8206737479861177e-05 0 -1.9500950724652484e-05 1.4714503644116497e-05 0 0 6.1984403751744326e-05 3.9583672607492174e-05 0 -2.8896335491727785e-05 0
leaf_weight=113 63 27 21 345 42 99 193 204 25 483 33 449 1074 33 84 311 394 23 32 20
leaf_count=113 63 27 21 345 42 99 193 204 25 483 33 449 1074 33 84 311 394 23 32 20
internal_value=-1.10994e-07 -2.75561e-05 -9.13939e-05 -1.35266e-05 -0.000134703 -8.13853e-05 -2.14118e-05 0 1.56267e-05 -4.04259e-05 1.85705e-05 1.10022e-05 2.65706e-06 -5.73124e-05 4.17097e-05 4.89953e-05 3.37356e-05 6.3843e-05 0 -1.60777e-05
internal_weight=4068 1552 241 1311 162 141 1225 549 2516 676 2458 1950 1523 58 508 424 427 86 79 52
internal_count=4068 1552 241 1311 162 141 1225 549 2516 676 2458 1950 1523 58 508 424 427 86 79 52
is_linear=0
shrinkage=0.03


Tree=33
num_leaves=26
num_cat=0
split_feature=26 21 28 21 29 36 28 31 31 21 22 31 26 22 5 4 1 28 36 26 33 26 5 5 35
split_gain=0.00188941 0.00195642 0.00126932 0.001296 0.00113825 0.000931144 0.000745721 0.00079203 0.00132977 0.000564296 0.000416929 0.000357936 0.000346365 0.000273512 0.000209099 0.000217094 0.000264354 0.000258234 0.000171456 0.00015977 0.000198172 9.49482e-05 6.04533e-05 0.00015767 7.23482e-05
threshold=1.2593775119838666 70.345833524068212 -34707013.999999993 84.154583231608086 15.730531301782792 -0.0035315262270730154 -2904959859.9999995 -0.026960529293093612 -0.011166457634689817 79.574166679382344 47.269599497394999 -0.010963052568643604 1.3914682421327942 65.485988362591726 11739817.000000002 74.724998474121108 87.825000762939467 -1932861086.4999998 -0.003331689517728313 1.1544282549493599 -0.01531393556218885 1.6304360251852781 23899760.500000004 19757902.500000004 0.019399801767245057
decision_type=2 2 2 2 2 2 2 2 2 2 2 2 2 2 2 2 2 2 2 2 2 2 2 2 2
left_child=11 6 5 13 -5 10 12 -8 -9 -7 -3 18 -2 -4 19 17 -17 -16 22 20 -13 -14 23 -1 -24
right_child=1 2 3 4 -6 9 7 8 -10 -11 -12 14 21 -15 15 16 -18 -19 -20 -21 -22 -23 24 -25 -26
leaf_value=0 -7.2751315152209215e-05 7.3250253916313531e-05 2.9463884779565103e-05 1.8905079528441632e-05 -0.00011500187444784364 -3.7850335048894552e-05 -0.00033844601430707788 1.1295640342148287e-05 -0.00011028358864253631 1.3247308223485533e-05 0 0 6.8307129032392459e-05 -5.5579443596344733e-05 1.6874157427956841e-05 3.5338853967607511e-05 0 -1.7948180484375239e-05 -8.4525084140405236e-05 0 6.6809252136749024e-05 0 0 7.193313875925405e-05 -4.758465769529262e-05
leaf_weight=73 44 245 155 28 243 333 20 60 241 363 186 20 35 36 500 631 51 280 24 97 276 27 26 32 42
leaf_count=73 44 245 155 28 243 333 20 60 241 363 186 20 35 36 500 631 51 280 24 97 276 27 26 32 42
internal_value=-1.04254e-07 -2.1451e-05 -4.10993e-06 -4.73107e-05 -9.00986e-05 1.09407e-05 -7.89423e-05 -0.000101879 -7.60894e-05 -6.89247e-06 4.66923e-05 1.94061e-05 0 0 2.40958e-05 1.55833e-05 2.84017e-05 5.27472e-07 -9.52232e-06 4.81195e-05 5.96628e-05 3.55129e-05 0 1.51724e-05 -2.10634e-05
internal_weight=4068 2016 1589 462 271 1127 427 321 301 696 431 2052 106 191 1855 1462 682 780 197 393 296 62 173 105 68
internal_count=4068 2016 1589 462 271 1127 427 321 301 696 431 2052 106 191 1855 1462 682 780 197 393 296 62 173 105 68
is_linear=0
shrinkage=0.03


Tree=34
num_leaves=30
num_cat=0
split_feature=26 29 35 25 20 3 23 4 29 26 2 19 23 3 25 19 31 24 31 25 21 22 31 4 21 29 31 32 4
split_gain=0.00177613 0.00120843 0.000693819 0.00120807 0.00071257 0.000433656 0.0004027 0.00048809 0.000683601 0.000388877 0.000831491 0.000688882 0.000377728 0.000360941 0.000289504 0.000271875 0.000271774 0.000498503 0.000289148 0.000218354 0.000156751 0.000140126 0.000205196 7.78789e-05 1.03077e-05 9.68881e-06 3.39285e-06 5.23715e-05 3.73754e-05
threshold=1.4157642786480713 50.430355384269717 0.021104569417634021 -0.090482438596136472 59.026249694824223 75.724998474121108 -0.92494562016541682 73.825000762939467 85.554795030199955 1.090917234017994 60.175001144409187 50.370000457763673 0.66859895317634266 74.719997406005874 -0.36965358302049928 74.740000152587911 -0.0083494571460648297 0.97685091583696615 -0.0060181596447001487 0.1188126648797023 87.809999720255547 34.051512476671526 0.0075122628405164269 48.524999618530281 87.809999720255547 17.067676844872199 0.0027347786235386588 0.0066159508750714977 80.52500152587892
decision_type=2 2 2 2 2 2 2 2 2 2 2 2 2 2 2 2 2 2 2 2 2 2 2 2 2 2 2 2 2
left_child=5 2 16 4 -4 9 24 8 -8 21 11 -11 14 -9 25 -12 17 -2 -18 -5 -16 23 -23 -1 -3 -7 28 -28 -14
right_child=1 6 3 19 -6 12 7 13 -10 10 15 -13 26 -15 20 -17 18 -19 -20 -21 -22 22 -24 -25 -26 -27 27 -29 -30
leaf_value=0 0.00010554480271974251 1.7271167669786652e-05 0 7.6250755528216538e-05 -0.0001069487465263674 0 -0.00015613434023776225 4.4040786254813363e-09 0 0 1.3649345688004173e-05 -0.00011113490591713066 0 -4.9637306908982568e-05 4.4836335661769202e-05 -3.7843291152070379e-05 -6.1617871972338467e-05 0 1.8831073051224083e-05 0 0 3.2648599045652862e-05 0 -4.4686625758633731e-05 0 -1.4061675641406956e-05 -2.9902278370586408e-05 0 1.5556798870787411e-05
leaf_weight=21 82 31 24 48 179 39 118 28 21 47 490 120 37 431 805 107 42 24 283 51 22 512 124 35 30 44 56 78 139
leaf_count=21 82 31 24 48 179 39 118 28 21 47 490 120 37 431 805 107 42 24 283 51 22 512 124 35 30 44 56 78 139
internal_value=-6.18175e-08 -2.82606e-05 0 -3.65292e-05 -8.32394e-05 1.34861e-05 -5.77666e-05 -6.54468e-05 -0.000127572 2.6137e-07 -1.22688e-05 -7.18798e-05 2.68089e-05 -4.00752e-05 3.65659e-05 0 2.2658e-05 6.62669e-05 0 2.89653e-05 4.22641e-05 1.84297e-05 2.38289e-05 0 0 0 0 -4.75128e-06 3.86491e-07
internal_weight=4068 1392 733 302 203 2676 659 598 139 1456 764 167 1220 459 910 597 431 106 325 99 827 692 636 56 61 83 310 134 176
internal_count=4068 1392 733 302 203 2676 659 598 139 1456 764 167 1220 459 910 597 431 106 325 99 827 692 636 56 61 83 310 134 176
is_linear=0
shrinkage=0.03


Tree=35
num_leaves=23
num_cat=0
split_feature=5 25 28 23 26 30 19 36 0 22 26 1 36 24 7 30 35 28 5 28 26 0
split_gain=0.0016692 0.00141962 0.00114898 0.0019029 0.0011142 0.000880221 0.000643964 0.000512748 0.000464811 0.000523191 0.000455703 0.000431003 0.000414529 0.000463104 0.00036716 0.00033874 0.000329095 0.000308992 0.000263464 0.000168755 0.000417252 8.01388e-05
threshold=31421472.000000004 0.1951099458033963 -1027035204.4999999 -1.4183028588039759 2.5691536236133112 28.153014515219763 79.905001068115254 0.0024390372649017804 34.725721359252937 38.27441472953177 1.3610645235072532 67.625000000000014 -0.013065186373048611 -0.88057323906075513 1.0000000180025095e-35 21.686985874291448 0.017654930851967558 51482399.000000007 11739817.000000002 -3057914048.4999995 1.2778199185017125 41.115730285644538
decision_type=2 2 2 2 2 2 2 2 2 2 2 2 2 2 2 2 2 2 2 2 2 2
left_child=4 2 8 -4 7 -6 19 11 9 -2 18 16 -7 -14 -12 -5 -1 -13 -9 -3 -21 -10
right_child=1 6 3 15 5 12 -8 10 21 -11 14 17 13 -15 -16 -17 -18 -19 -20 20 -22 -23
leaf_value=1.2253780884763874e-05 0.00019529058593900948 0 -0.00036030636172491441 5.4744110873579594e-05 0 0 0 4.8147224723637226e-05 -4.294911148193318e-05 0 -4.0092092989242752e-05 3.0860296605521617e-05 -0.00025273682721080933 0 1.3753477034789805e-05 -6.2216484498661841e-05 -3.5424367118237345e-05 -5.5557739264883906e-07 0 0 -0.00022964271361387498 0
leaf_weight=367 27 20 20 24 29 23 40 124 39 58 431 1532 37 38 57 60 192 123 664 27 71 65
leaf_count=367 27 20 20 24 29 23 40 124 39 58 431 1532 37 38 57 60 192 123 664 27 71 65
internal_value=-4.00434e-08 -5.51479e-05 -4.90425e-06 -9.28149e-05 6.00325e-06 -7.87255e-05 -0.000129284 9.94824e-06 2.76288e-05 8.13141e-05 -3.28005e-06 1.89269e-05 -0.000126907 -0.000161262 -2.76549e-05 0 0 2.6713e-05 8.01004e-06 -0.000165175 -0.000185454 0
internal_weight=4068 451 293 104 3617 127 158 3490 189 85 1276 2214 98 75 488 84 559 1655 788 118 98 104
internal_count=4068 451 293 104 3617 127 158 3490 189 85 1276 2214 98 75 488 84 559 1655 788 118 98 104
is_linear=0
shrinkage=0.03


Tree=36
num_leaves=27
num_cat=0
split_feature=5 25 28 23 3 20 0 34 19 0 28 22 0 22 28 23 25 30 25 28 28 34 31 5 0 25
split_gain=0.00157835 0.00135993 0.0010856 0.00179106 0.000845155 0.000703393 0.000804297 0.000629548 0.00060552 0.000485447 0.000450518 0.000477271 0.000443113 0.000483824 0.00042888 0.000413976 0.00032887 0.000318765 0.000186675 0.00018494 0.00107404 0.000181303 0.000142522 0.000134509 7.54145e-05 1.78907e-05
threshold=31421472.000000004 0.1951099458033963 -1027035204.4999999 -1.4183028588039759 87.974998474121108 77.203749084472676 33.289602279663093 -0.010896752333301894 79.905001068115254 45.863304138183601 -7045787.9999999991 63.531834531563696 34.725721359252937 38.27441472953177 -2820674575.4999995 1.5020854936029979 -0.052605636887436434 21.686985874291448 -0.12404365450353426 -1142628905.4999998 -2521718408.9999995 -0.019567122228145047 0.010204067084529924 19583565.500000004 41.115730285644538 0.053393769135436843
decision_type=2 2 2 2 2 2 2 2 2 2 2 2 2 2 2 2 2 2 2 2 2 2 2 2 2 2
left_child=4 2 12 -4 5 6 22 18 19 25 16 -12 13 -2 -8 -11 -7 -5 23 20 -3 -20 -1 -6 -14 -9
right_child=1 8 3 17 7 10 14 9 -10 15 11 -13 24 -15 -16 -17 -18 -19 21 -21 -22 -23 -24 -25 -26 -27
leaf_value=5.2546780659438936e-05 0.00018945348820635337 -5.7351295327304312e-05 -0.00034955094109720251 5.3108603030798704e-05 0 1.0565496845208873e-05 6.5907139398252533e-06 2.5327855067613313e-05 0 -9.6768014093994681e-05 0 -0.00014629559744316247 -4.1663931346858085e-05 0 -2.4110242024230699e-05 0 5.0904559007210617e-05 -6.0353099647250815e-05 0.00011512960148678416 0 -0.00038377489300094189 0 0 -6.2390156475815111e-05 0 0
leaf_weight=255 27 62 20 24 76 565 550 25 40 192 183 20 39 58 877 69 667 60 25 29 27 22 36 31 65 24
leaf_count=255 27 62 20 24 76 565 550 25 40 192 183 20 39 58 877 69 667 60 25 29 27 22 36 31 65 24
internal_value=-5.99285e-08 -5.36628e-05 -4.28732e-06 -9.00411e-05 5.79566e-06 1.20503e-05 0 -3.02356e-05 -0.00012619 -5.64839e-05 2.75711e-05 -1.78079e-06 2.7058e-05 7.94553e-05 -1.01756e-05 -7.39086e-05 3.48421e-05 0 3.13646e-06 -0.000161034 -0.000190368 5.99935e-05 4.44866e-05 0 0 0
internal_weight=4068 451 293 104 3617 3153 1718 464 158 310 1435 203 189 85 1427 261 1232 84 154 118 89 47 291 107 104 49
internal_count=4068 451 293 104 3617 3153 1718 464 158 310 1435 203 189 85 1427 261 1232 84 154 118 89 47 291 107 104 49
is_linear=0
shrinkage=0.03


Tree=37
num_leaves=26
num_cat=0
split_feature=26 21 29 26 24 2 28 25 21 29 26 5 1 24 28 28 36 36 0 34 0 30 26 26 5
split_gain=0.0015109 0.00167892 0.00112069 0.00152557 0.00121582 0.00101164 0.000676201 0.000683391 0.00159516 0.000528058 0.000312277 0.00027116 0.00028148 0.000337344 0.000355543 0.000224453 0.000278903 0.000167332 0.000143528 0.000133317 0.000101298 0.000112437 9.03994e-05 6.23517e-05 5.78158e-05
threshold=1.2593775119838666 70.345833524068212 20.292056561475079 2.5691536236133112 -0.5569652047747079 94.724998474121108 -2904959859.9999995 0.1951099458033963 63.41541630427043 50.88102552839198 1.3914682421327942 11739817.000000002 75.075000762939467 0.5982904001121877 -2790495519.9999995 -2753500443.9999995 -0.0031609053824810064 -0.0049122075878584573 40.794057846069343 -0.01744700437928642 52.837669372558601 9.9099358706994867 1.6304360251852781 1.1793206169297694 17395587.500000004
decision_type=2 2 2 2 2 2 2 2 2 2 2 2 2 2 2 2 2 2 2 2 2 2 2 2 2
left_child=11 6 20 4 -4 -5 10 8 -8 -9 -2 17 15 14 -14 18 -17 -1 -13 -19 21 -3 -12 -21 -15
right_child=1 2 3 5 -6 -7 7 9 -10 -11 22 12 13 24 -16 16 -18 19 -20 23 -22 -23 -24 -25 -26
leaf_value=0 -6.7025964246543278e-05 0 4.9749430790883029e-05 0 -2.1151748511791717e-05 -0.00016420522253989686 0 0 -0.00015762183144137922 -0.00021060357924948734 6.8415234016620699e-05 0 0 0 4.5566227935653076e-05 0 -4.2377810995594971e-05 0 3.07955623727085e-05 6.5427547311738582e-05 0 7.1145349400637746e-05 0 0 -2.4727464873078589e-05
leaf_weight=75 44 34 273 21 960 96 145 22 75 79 35 343 87 76 493 145 220 35 197 243 28 177 27 53 85
leaf_count=75 44 34 273 21 960 96 145 22 75 79 35 343 87 76 493 145 220 35 197 243 28 177 27 53 85
internal_value=-3.1238e-08 -1.91975e-05 -3.00517e-06 -1.53693e-05 -3.01778e-06 -0.000119803 -7.24152e-05 -9.41827e-05 -4.421e-05 -0.000173209 0 1.73369e-05 9.44624e-06 2.32385e-05 3.48322e-05 0 -1.98778e-05 4.19294e-05 1.03402e-05 5.10994e-05 5.42643e-05 6.13764e-05 3.65437e-05 5.76629e-05 0
internal_weight=4068 2016 1589 1350 1233 117 427 321 220 101 106 2052 1646 741 580 905 365 406 540 331 239 211 62 296 161
internal_count=4068 2016 1589 1350 1233 117 427 321 220 101 106 2052 1646 741 580 905 365 406 540 331 239 211 62 296 161
is_linear=0
shrinkage=0.03


Tree=38
num_leaves=25
num_cat=0
split_feature=5 26 28 35 2 26 30 0 20 26 28 36 24 28 21 22 19 35 19 21 35 28 2 35
split_gain=0.0014591 0.000943496 0.000826636 0.00118896 0.000943897 0.00209632 0.000803521 0.000471949 0.000683779 0.0008003 0.000571373 0.000390912 0.000431241 0.000239268 0.000157526 0.000649861 0.000154384 0.000328698 0.000258007 0.000123429 9.53255e-05 0.000107488 5.70193e-06 1.51202e-06
threshold=31421472.000000004 2.5691536236133112 -2521718408.9999995 0.027777771236801984 59.375000000000007 2.0251624584858035 28.153014515219763 33.289602279663093 77.203749084472676 1.1917532564334381 51482399.000000007 -0.013065186373048611 -0.88057323906075513 -40053310.499999993 78.112916437784847 40.461564597366568 51.160000228881842 0.033545472581059402 74.130000305175798 49.701666609446214 0.0071783203809940013 -138743471.49999997 80.825000762939467 0.017345922828171673
decision_type=2 2 2 2 2 2 2 2 2 2 2 2 2 2 2 2 2 2 2 2 2 2 2 2
left_child=1 7 16 14 5 -5 -3 20 9 -9 -10 -8 -13 -6 15 -4 17 -2 19 -18 -1 -22 -20 -16
right_child=2 6 3 4 13 -7 11 8 10 -11 -12 12 -14 -15 23 -17 18 -19 22 -21 21 -23 -24 -25
leaf_value=0 0 0 0 -0.00047673982963247958 0 0 0 9.5959346747631192e-06 2.4222553460336348e-05 -3.3310855907494935e-05 -3.2773957304976582e-05 -0.00023927749097416292 0 -0.00010576224247864507 0 -0.00011820856542400246 0 0.00011942413834568991 1.2643863131492348e-05 -7.6561446199952421e-05 6.2487500390551843e-05 0 0 8.9278052267340366e-06
leaf_weight=20 42 29 36 25 37 21 23 721 1564 706 134 37 38 23 20 52 21 24 32 74 217 128 24 20
leaf_count=20 42 29 36 25 37 21 23 721 1564 706 134 37 38 23 20 52 21 24 32 74 217 128 24 20
internal_value=0 5.61451e-06 -5.15589e-05 -9.11069e-05 -0.000168477 -0.000287787 -7.21157e-05 9.30465e-06 4.44477e-06 -9.53063e-06 1.79563e-05 -0.000118785 -0.000152039 -2.6763e-05 -3.53382e-06 -4.0307e-05 0 2.69165e-05 -2.45484e-05 -5.83025e-05 4.26837e-05 4.66486e-05 0 2.45289e-06
internal_weight=4068 3617 451 234 106 46 127 3490 3125 1427 1698 98 75 60 128 88 217 66 151 95 365 345 56 40
internal_count=4068 3617 451 234 106 46 127 3490 3125 1427 1698 98 75 60 128 88 217 66 151 95 365 345 56 40
is_linear=0
shrinkage=0.03


Tree=39
num_leaves=31
num_cat=0
split_feature=26 29 5 30 30 35 25 32 5 36 29 23 24 28 33 26 22 36 33 25 1 36 27 26 35 25 30 5 33 19
split_gain=0.00138008 0.0010366 0.000591436 0.00057357 0.000581393 0.000572393 0.00110338 0.000697009 0.000402604 0.000344189 0.000605443 0.000296768 0.000285796 0.000274931 0.000289821 0.000224144 0.000204042 0.000201661 0.000171017 9.28629e-05 0.000239346 9.07594e-05 0.000256419 0.000223944 8.0364e-05 7.16383e-05 0.000258219 5.61748e-05 3.67682e-05 3.22453e-05
threshold=1.4157642786480713 50.430355384269717 12222302.000000002 46.66729882365334 70.539238042145527 0.021104569417634021 -0.090482438596136472 -0.023101011650026867 30027782.500000004 -0.0064280242247655864 32.183354238479588 0.63438484481928736 0.50359777906635605 -36735609.499999993 0.0099616280755087123 1.7393224377658834 31.663635408258777 -0.00056496947667975005 -0.022559802315628649 0.16584984351859747 91.52500152587892 -0.001975316640343124 0.81231539683090437 1.1793206169297694 0.015668334280899313 0.22742704209060152 38.119140127932589 19849371.500000004 -0.013143466838876681 71.340000152587905
decision_type=2 2 2 2 2 2 2 2 2 2 2 2 2 2 2 2 2 2 2 2 2 2 2 2 2 2 2 2 2 2
left_child=8 5 19 27 -5 13 7 -7 12 10 -10 -12 16 14 -2 -15 28 -8 -18 20 -3 22 -14 -23 -21 26 -11 -4 -1 -27
right_child=1 2 3 4 -6 6 17 -9 9 25 11 -13 21 15 -16 -17 18 -19 -20 24 -22 23 -24 -25 -26 29 -28 -29 -30 -31
leaf_value=0 4.8198047832655082e-05 8.097335224042823e-05 -1.5778899869794124e-06 -0.00012154631660179405 -3.0752958917391299e-05 0 7.3077824475232747e-05 -0.00011624093776058053 0 0 -0.00021526157002275186 0 0 2.0262639029823754e-05 0 -5.3350588750122713e-05 0 0 2.7513396677027321e-05 -5.7217828401903929e-05 0 0 8.2725271347767611e-05 -3.7816861155866877e-05 0 -4.7300273023334238e-05 6.4369314087985065e-05 3.9049293251505556e-05 -2.366267071107903e-05 0
leaf_weight=86 307 43 34 211 265 67 51 136 36 62 26 22 165 33 25 66 83 48 1647 27 21 153 38 177 25 25 65 33 59 32
leaf_count=86 307 43 34 211 265 67 51 136 36 62 26 22 165 33 25 66 83 48 1647 27 21 153 38 177 25 25 65 33 59 32
internal_value=0 -2.49229e-05 -5.22248e-05 -6.54986e-05 -7.73179e-05 0 -3.20347e-05 -7.72391e-05 1.1875e-05 -1.80812e-05 -6.87428e-05 -0.000139967 1.64554e-05 2.18136e-05 3.69155e-05 0 2.2021e-05 3.03691e-05 2.51338e-05 0 3.23741e-05 0 1.21454e-05 -1.25177e-05 -1.77391e-05 0 1.71398e-05 0 0 -2.17999e-05
internal_weight=4068 1392 659 543 476 733 302 203 2676 268 84 48 2408 431 332 99 1875 99 1730 116 64 533 203 330 52 184 127 67 145 57
internal_count=4068 1392 659 543 476 733 302 203 2676 268 84 48 2408 431 332 99 1875 99 1730 116 64 533 203 330 52 184 127 67 145 57
is_linear=0
shrinkage=0.03


Tree=40
num_leaves=23
num_cat=0
split_feature=5 25 28 23 26 30 29 4 36 0 22 34 34 36 24 29 21 26 26 32 22 0
split_gain=0.0013377 0.00125028 0.000984848 0.00165642 0.000860432 0.000773473 0.000590933 0.000732624 0.00044242 0.000429082 0.000439585 0.000410089 0.00041486 0.000367983 0.000386391 0.00034132 0.000339472 0.000312364 0.000291441 0.000270195 0.000132721 6.02832e-05
threshold=31421472.000000004 0.1951099458033963 -1027035204.4999999 -1.4183028588039759 2.5691536236133112 28.153014515219763 85.554795030199955 80.974998474121108 0.0024390372649017804 34.725721359252937 38.27441472953177 -0.036264581978975856 0.033511195061873396 -0.013065186373048611 -0.88057323906075513 19.16598029103405 65.902083492279061 1.1131699166797162 1.1458429419439768 0.0046155777422617348 37.070690398006334 41.115730285644538
decision_type=2 2 2 2 2 2 2 2 2 2 2 2 2 2 2 2 2 2 2 2 2 2
left_child=4 2 9 -4 8 -6 7 18 16 10 -2 20 -13 -7 -15 -5 17 -1 -3 -18 -10 -11
right_child=1 6 3 15 5 13 -8 -9 11 21 -12 12 -14 14 -16 -17 19 -19 -20 -21 -22 -23
leaf_value=1.6612429542744746e-05 0.00018500349673183073 0 -0.00033326285797407598 6.4777264450132453e-05 0 0 0 0 0 -3.7250415400585245e-05 0 6.6240093604267205e-06 -4.7404726235738602e-05 -0.00023085104733971612 0 -5.8661851673423659e-05 3.0823001897180702e-05 -2.9139410623907906e-05 -0.00023418940644433971 0 -0.00012513796445014929 0
leaf_weight=286 27 20 20 23 29 23 45 26 21 39 58 1078 145 37 38 61 1270 238 67 420 32 65
leaf_count=286 27 20 20 23 29 23 45 26 21 39 58 1078 145 37 38 61 1270 238 67 420 32 65
internal_value=-3.11914e-08 -4.94328e-05 -1.83178e-06 -8.44041e-05 5.30045e-06 -6.88262e-05 -0.000118673 -0.00015617 8.85937e-06 2.77608e-05 7.90593e-05 -3.32895e-06 0 -0.000115037 -0.000147297 0 1.72387e-05 0 -0.00019809 2.38764e-05 -8.49528e-05 0
internal_weight=4068 451 293 104 3617 127 158 113 3490 189 85 1276 1223 98 75 84 2214 524 87 1690 53 104
internal_count=4068 451 293 104 3617 127 158 113 3490 189 85 1276 1223 98 75 84 2214 524 87 1690 53 104
is_linear=0
shrinkage=0.03


Tree=41
num_leaves=21
num_cat=0
split_feature=5 25 25 5 31 26 34 29 19 0 4 26 29 26 36 36 31 27 0 36
split_gain=0.00126122 0.00119507 0.000922421 0.0012215 0.00139772 0.000811061 0.000720154 0.000552329 0.000752127 0.000436108 0.000630291 0.00078028 0.000525136 0.000284216 0.000178784 0.000132282 0.000128932 0.000367077 9.61679e-05 4.86269e-05
threshold=31421472.000000004 0.1951099458033963 -0.12041441736160689 50171193.000000007 -0.015800635081474054 2.5691536236133112 -0.016396945720005659 85.554795030199955 79.905001068115254 33.289602279663093 77.875000000000014 1.1917532564334381 82.39252541490923 1.1458429419439768 -0.0073740238413297684 -0.0094088251459287595 0.010204067084529924 0.47630062178628985 32.147947311401374 -0.0045141000683537012
decision_type=2 2 2 2 2 2 2 2 2 2 2 2 2 2 2 2 2 2 2 2
left_child=5 2 3 4 -2 9 19 8 13 16 11 -11 -12 -3 -4 -8 17 -1 -16 -7
right_child=1 7 14 -5 -6 6 15 -9 -10 10 12 -13 -14 -15 18 -17 -18 -19 -20 -21
leaf_value=6.750829077631674e-05 -0.00026395858160090926 0 0 5.6325652922470993e-05 0 0 0 0 0 9.0872548480365858e-06 2.4825908761432293e-05 -3.2801299774648654e-05 -1.8433623425040878e-05 -0.0002333902538018269 0 -0.0001502685317790551 0 0 7.5558689537922851e-05 4.5542636360990763e-05
leaf_weight=230 41 20 42 27 78 24 23 45 28 752 1438 710 225 65 20 59 41 94 85 21
leaf_count=230 41 20 42 27 78 24 23 45 28 752 1438 710 225 65 20 59 41 94 85 21
internal_value=-5.9068e-08 -4.80428e-05 -1.29836e-06 -6.36707e-05 -0.00011611 5.09574e-06 -6.68101e-05 -0.000115696 -0.000152008 8.57378e-06 3.87029e-06 -9.20435e-06 1.71684e-05 -0.00019663 4.02566e-05 -0.000121674 4.06144e-05 4.70769e-05 6.16375e-05 0
internal_weight=4068 451 293 146 119 3617 127 158 113 3490 3125 1462 1663 85 147 82 365 324 105 45
internal_count=4068 451 293 146 119 3617 127 158 113 3490 3125 1462 1663 85 147 82 365 324 105 45
is_linear=0
shrinkage=0.03


Tree=42
num_leaves=24
num_cat=0
split_feature=5 25 28 23 21 29 29 19 5 23 23 22 31 29 19 21 5 31 35 28 22 23 5
split_gain=0.00119653 0.00113638 0.000904342 0.00155791 0.000723052 0.00075879 0.000516183 0.000707668 0.000435324 0.000403257 0.000376771 0.000808854 0.000327995 0.000322146 0.000317798 0.000252467 0.000244626 0.000178553 9.61319e-05 7.46493e-05 5.65551e-05 1.96432e-05 1.71629e-05
threshold=31421472.000000004 0.1951099458033963 -1027035204.4999999 -1.4183028588039759 95.990416717529314 16.5380848967222 85.554795030199955 79.905001068115254 12023309.500000002 0.37715002509038703 -0.73699131221007252 38.738710913462675 0.0031338140993186774 19.16598029103405 75.739999389648446 85.381249682108574 14377374.500000002 -0.012078343011055368 0.014798473475288997 -2968903776.4999995 43.175720434302995 1.2142952833442637 11591760.500000002
decision_type=2 2 2 2 2 2 2 2 2 2 2 2 2 2 2 2 2 2 2 2 2 2 2
left_child=4 2 10 -4 8 -6 7 19 12 14 11 -2 15 -5 -10 -1 22 -11 -14 -3 -12 -18 -7
right_child=1 6 3 13 5 16 -8 -9 9 17 20 -13 18 -15 -16 -17 21 -19 -20 -21 -22 -23 -24
leaf_value=5.3170109081801034e-05 0.00018018818977605825 0 -0.00032159679960250959 6.4949384654642303e-05 3.1796844474677983e-05 -2.3445738471209252e-05 0 0 0 6.6208191384792969e-06 -3.0347926144481353e-05 0 8.8477605057779121e-06 -5.6127957746232616e-05 2.4200991759566651e-05 0 -0.00014351258066043208 -1.9820789673454885e-05 -4.0166954609394091e-05 -0.00022816814982359727 1.2033366570151e-05 0 0
leaf_weight=409 37 24 20 23 23 28 45 28 984 120 41 21 155 61 866 92 67 784 46 61 90 20 23
leaf_count=409 37 24 20 23 23 28 45 28 984 120 41 21 155 61 866 92 67 784 46 61 90 20 23
internal_value=-9.34687e-08 -4.68424e-05 -1.00369e-06 -8.06262e-05 4.90735e-06 -5.4845e-05 -0.000112817 -0.000147985 8.56049e-06 1.99176e-06 2.69646e-05 9.05696e-05 3.00532e-05 0 1.09355e-05 4.30648e-05 -9.10212e-05 -1.29923e-05 0 -0.000191283 0 -0.000125154 0
internal_weight=4068 451 293 104 3617 161 158 113 3456 2754 189 58 702 84 1850 501 138 904 201 85 131 87 51
internal_count=4068 451 293 104 3617 161 158 113 3456 2754 189 58 702 84 1850 501 138 904 201 85 131 87 51
is_linear=0
shrinkage=0.03


Tree=43
num_leaves=23
num_cat=0
split_feature=26 5 23 25 30 31 0 33 5 31 33 23 33 2 4 24 35 30 25 31 26 31
split_gain=0.00116118 0.00074113 0.000713968 0.000755027 0.000633094 0.000624417 0.00057698 0.000458631 0.000439608 0.000364164 0.000332886 0.000250995 0.000241153 0.000215462 0.000204909 0.000214475 0.000156022 0.000213093 0.000130529 7.771e-05 9.97655e-05 6.70812e-05
threshold=1.3648402757351892 31421472.000000004 -0.5676148577692145 -0.48071507956675402 21.686985874291448 0.03355099209390467 33.590461730957038 -0.0033840604292305616 18454126.500000004 -0.0024106040629350285 0.037370038888916553 0.45046293290585032 -0.0085548311740680765 57.424999237060554 87.724998474121108 -1.1289033984021082 0.01807115327907001 21.686985874291448 0.012918762554533949 0.0094283674117979794 1.4323085890376179 -0.00058983666275630442
decision_type=2 2 2 2 2 2 2 2 2 2 2 2 2 2 2 2 2 2 2 2 2 2
left_child=10 6 3 -3 -4 -6 19 8 -8 -9 12 -12 16 -5 15 -14 18 -18 -1 20 -2 -16
right_child=1 2 4 13 5 -7 7 9 -10 -11 11 -13 14 -15 21 -17 17 -19 -20 -21 -22 -23
leaf_value=0 0 -0.0001282250565766016 0 0.00016435653727098518 -0.00014732533238771294 0 2.4147831362746143e-05 -7.2782127600616917e-05 -3.0863240072970258e-05 -1.1638244515438529e-05 -0.00012036039926245272 0 0 0 0 2.6635595925696944e-05 0 -4.9332138152689295e-05 3.1364917821866048e-05 0 0.0001090006598214826 -3.5018533634504263e-05
leaf_weight=386 28 20 21 20 139 21 345 193 204 483 25 33 117 20 33 1552 46 124 150 20 38 50
leaf_count=386 28 20 21 20 139 21 345 193 204 483 25 33 117 20 33 1552 46 124 150 20 38 50
internal_value=-1.0946e-07 -2.12256e-05 -7.1854e-05 0 -0.000102087 -0.000123886 -9.62569e-06 -1.68496e-05 0 -3.35404e-05 1.17241e-05 -4.86865e-05 1.43719e-05 9.32975e-05 2.03385e-05 2.33254e-05 0 -2.54569e-05 7.50379e-06 5.83298e-05 7.40939e-05 -3.57897e-06
internal_weight=4068 1552 241 60 181 160 1311 1225 549 676 2516 58 2458 40 1752 1669 706 170 536 86 66 83
internal_count=4068 1552 241 60 181 160 1311 1225 549 676 2516 58 2458 40 1752 1669 706 170 536 86 66 83
is_linear=0
shrinkage=0.03


Tree=44
num_leaves=30
num_cat=0
split_feature=26 29 5 30 30 30 30 4 3 5 3 31 24 28 33 33 26 22 32 33 3 26 35 30 33 21 33 31 31
split_gain=0.00109092 0.000907739 0.00051334 0.000519138 0.000562048 0.000504714 0.000741041 0.001342 0.000771005 0.00035625 0.000329062 0.000320565 0.000281278 0.000351373 0.000241911 0.000342002 0.000280303 0.000215425 0.000146956 0.000213828 0.000274885 9.60666e-05 6.79938e-05 5.40579e-05 4.87198e-05 1.04405e-05 8.18254e-06 8.05623e-06 1.48803e-07
threshold=1.4157642786480713 50.430355384269717 12222302.000000002 46.66729882365334 70.539238042145527 34.202959913868121 28.153014515219763 85.924999237060561 62.975000381469734 12023309.500000002 75.724998474121108 -0.010738188960057236 0.48021703424733592 -2772454190.4999995 0.00065530043638195601 0.021543011165497176 1.0588167005513391 46.352293537860227 -0.0051445646721028906 0.009248761193951795 82.325000762939467 2.1517804742431785 0.011307356481676007 62.059540497766889 0.0012515943471681503 72.869583320617693 0.017579649054507377 -0.0045901518175717184 -0.00062445326441501459
decision_type=2 2 2 2 2 2 2 2 2 2 2 2 2 2 2 2 2 2 2 2 2 2 2 2 2 2 2 2 2
left_child=9 5 23 26 -5 6 8 -8 -2 18 14 21 13 -12 16 -16 -11 -13 25 20 -20 -7 -14 -3 -25 27 -4 -1 -27
right_child=1 2 3 4 -6 11 7 -9 -10 10 12 17 22 -15 15 -17 -18 -19 19 -21 -22 -23 -24 24 -26 28 -28 -29 -30
leaf_value=0 -8.4524149314374849e-05 3.4150482035568318e-05 0 -0.0001144929396223565 -2.6151818125073537e-05 9.6976056776441473e-05 0 -0.000241912619323215 2.8067576279616692e-05 0 -2.2930599743779427e-06 4.899023658954106e-05 -2.6506169182347321e-05 3.852424275232429e-05 2.3147541628218547e-05 -2.4084537081185436e-05 -3.660993160645117e-05 -1.2239962224432619e-05 7.7702072996609987e-05 0 0 0 0 -4.0552835373252595e-05 0 1.2489170366415176e-05 1.292248520913825e-05 -1.4800393617686633e-05 0
leaf_weight=30 70 41 23 211 265 69 76 35 245 254 92 72 87 577 422 164 365 139 191 101 84 27 195 27 48 61 44 33 20
leaf_count=30 70 41 23 211 265 69 76 35 245 254 92 72 87 577 422 164 365 139 191 101 84 27 195 27 48 61 44 33 20
internal_value=-1.23612e-07 -2.23679e-05 -4.79193e-05 -6.03108e-05 -7.16285e-05 0 -2.05173e-05 -8.72785e-05 0 1.03268e-05 3.35882e-06 2.99175e-05 1.73887e-05 2.8428e-05 -5.22485e-06 4.80857e-06 -1.95684e-05 0 3.34427e-05 4.35694e-05 5.74001e-05 7.65666e-05 0 0 -3.09426e-06 0 0 0 1.07639e-05
internal_weight=4068 1392 659 543 476 733 426 111 315 2676 2156 307 951 669 1205 586 619 211 520 376 275 96 282 116 75 144 67 63 81
internal_count=4068 1392 659 543 476 733 426 111 315 2676 2156 307 951 669 1205 586 619 211 520 376 275 96 282 116 75 144 67 63 81
is_linear=0
shrinkage=0.03


Tree=45
num_leaves=18
num_cat=0
split_feature=34 31 24 36 23 26 29 29 5 22 36 26 33 36 5 27 22
split_gain=0.00107075 0.000881982 0.00089364 0.000524373 0.000505121 0.000446757 0.000527901 0.000898885 0.000335042 0.000327106 0.000285838 0.000274937 0.000253858 0.000224004 0.00018428 0.000237788 0.000233155
threshold=0.032638715944053327 -0.032785624838081721 -0.1577341172842521 0.01668119409705637 0.044741514255179034 1.3561948158338053 19.523786687300507 21.816286639858749 16896523.500000004 72.044908464066637 0.0030816871617995747 1.2593775119838666 0.040711121897451637 0.010406503996469446 17231535.500000004 0.81231539683090437 32.04497264726654
decision_type=2 2 2 2 2 2 2 2 2 2 2 2 2 2 2 2 2
left_child=1 2 -1 4 8 14 10 -8 -2 -5 -7 -6 -10 -13 16 -16 -3
right_child=3 5 -4 9 11 6 7 -9 12 -11 -12 13 -14 -15 15 -17 -18
leaf_value=-0.00027316078021531612 0 -4.1202574954186196e-06 0 -0.00017157991220119933 0 5.2642205751838644e-05 -0.00014413905232408622 -7.0761362769658901e-06 0.00011967343846312187 0 0 -8.4020276003802968e-05 0 0 -2.5670088906855186e-06 2.9631539683338198e-05 2.7171828343813671e-05
leaf_weight=20 43 69 28 52 65 177 50 1035 39 21 41 142 20 24 787 243 1212
leaf_count=20 43 69 28 52 65 177 50 1035 39 21 41 142 20 24 787 243 1212
internal_value=-1.09435e-07 4.27077e-06 -0.000120249 -4.69962e-05 -1.9714e-05 6.75797e-06 -5.68584e-06 -1.61698e-05 1.71328e-05 -0.000130211 3.27219e-05 -4.89657e-05 7.4895e-05 -6.94668e-05 1.50721e-05 2.11915e-06 2.31444e-05
internal_weight=4068 3662 48 406 333 3614 1303 1085 102 73 218 231 59 166 2311 1030 1281
internal_count=4068 3662 48 406 333 3614 1303 1085 102 73 218 231 59 166 2311 1030 1281
is_linear=0
shrinkage=0.03


Tree=46
num_leaves=22
num_cat=0
split_feature=5 25 25 28 0 21 29 24 24 29 19 0 4 28 28 0 36 31 27 30 28
split_gain=0.00101511 0.00106194 0.000826113 0.00118266 0.00143168 0.000632632 0.00070146 0.000573162 0.000721714 0.000492471 0.000665958 0.000386722 0.000599716 0.000434149 0.000361866 0.000236638 0.000172769 0.000118011 0.000345865 0.000116572 3.22543e-05
threshold=31421472.000000004 0.1951099458033963 -0.12041441736160689 -1027035204.4999999 35.812461853027351 95.990416717529314 16.5380848967222 -1.6833391906230435 -0.88057323906075513 85.554795030199955 79.905001068115254 33.289602279663093 77.875000000000014 54245099.500000007 -2820674575.4999995 34.725721359252937 -0.0073740238413297684 0.010204067084529924 0.47630062178628985 33.227304639981583 -2968903776.4999995
decision_type=2 2 2 2 2 2 2 2 2 2 2 2 2 2 2 2 2 2 2 2 2
left_child=5 2 3 15 -5 11 -7 -8 -9 10 20 17 14 -14 -13 -2 -4 18 -1 -18 -3
right_child=1 9 16 4 -6 6 7 8 -10 -11 -12 12 13 -15 -16 -17 19 -19 -20 -21 -22
leaf_value=6.4036265058660223e-05 7.6747565992871944e-05 0 0 -0.00029380348888071101 0 2.9530136720519261e-05 0 -0.0002624765888078833 -2.6633656655135101e-05 0 0 5.5633533060790695e-06 2.1924755534556083e-05 -3.0870204253164398e-05 -2.2026316383908833e-05 -1.6966103884098921e-05 0 0 0 7.7537642240785713e-05 -0.00021682554600343455
leaf_weight=230 34 24 42 33 37 23 22 31 85 45 28 561 1519 110 901 42 22 41 94 83 61
leaf_count=230 34 24 42 33 37 23 22 31 85 45 28 561 1519 110 901 42 22 41 94 83 61
internal_value=-1.90305e-07 -4.32844e-05 0 -5.87518e-05 -0.000149593 4.35471e-06 -5.14477e-05 -8.6679e-05 -0.000115672 -0.000106728 -0.000140861 7.82374e-06 3.29358e-06 1.65165e-05 -9.38808e-06 0 4.03247e-05 3.79591e-05 4.41687e-05 6.12811e-05 -0.000182793
internal_weight=4068 451 293 146 70 3617 161 138 116 158 113 3456 3091 1629 1462 76 147 365 324 105 85
internal_count=4068 451 293 146 70 3617 161 138 116 158 113 3456 3091 1629 1462 76 147 365 324 105 85
is_linear=0
shrinkage=0.03


Tree=47
num_leaves=22
num_cat=0
split_feature=5 25 25 5 28 26 30 29 4 36 36 24 23 26 21 35 35 24 36 30 29
split_gain=0.000968244 0.00101057 0.000778964 0.00116738 0.0014189 0.000628956 0.000655065 0.000462814 0.000582379 0.000380194 0.000343847 0.000339649 0.000337315 0.000312663 0.000287936 0.000321355 0.000268597 0.000254073 0.000163891 0.000109702 5.88316e-05
threshold=31421472.000000004 0.1951099458033963 -0.12041441736160689 50171193.000000007 -1142628905.4999998 2.5691536236133112 28.153014515219763 85.554795030199955 80.974998474121108 0.0024390372649017804 -0.013065186373048611 -0.88057323906075513 0.37715002509038703 1.52563540664963 65.902083492279061 0.017654930851967558 0.011649339830551768 1.0688166133973702 -0.0073740238413297684 33.227304639981583 58.247517672760587
decision_type=2 2 2 2 2 2 2 2 2 2 2 2 2 2 2 2 2 2 2 2 2
left_child=5 2 3 4 -2 9 -7 8 20 14 -8 -12 13 -11 15 -1 -16 -14 -4 -20 -3
right_child=1 7 18 -5 -6 6 10 -9 -10 12 11 -13 17 -15 16 -17 -18 -19 19 -21 -22
leaf_value=1.1946508905465649e-05 0 0 0 6.1800661499502918e-05 -0.00021562615315920373 0 0 0 0 1.7491355361467871e-05 -0.00021060619415987392 0 -4.1870941447499078e-05 -2.3207011742714409e-05 2.6178739595641087e-06 -3.6603984838923976e-05 3.2298307153514681e-05 0 0 7.5214311385120422e-05 -0.00020099674890389677
leaf_weight=345 61 20 42 27 58 29 23 45 26 638 37 38 305 191 724 179 966 142 22 83 67
leaf_count=345 61 20 42 27 58 29 23 45 26 638 37 38 305 191 724 179 966 142 22 83 67
internal_value=-2.16858e-07 -4.23141e-05 0 -5.71505e-05 -0.000109358 4.20384e-06 -5.88952e-05 -0.000104218 -0.000137353 7.36119e-06 -0.000102488 -0.000133571 -3.89835e-06 4.49448e-06 1.52053e-05 0 2.13591e-05 -2.6171e-05 3.90122e-05 5.94441e-05 -0.000174686
internal_weight=4068 451 293 146 119 3617 127 158 113 3490 98 75 1276 829 2214 524 1690 447 147 105 87
internal_count=4068 451 293 146 119 3617 127 158 113 3490 98 75 1276 829 2214 524 1690 447 147 105 87
is_linear=0
shrinkage=0.03


Tree=48
num_leaves=18
num_cat=0
split_feature=34 31 24 25 30 36 23 23 25 22 22 24 22 26 36 30 24
split_gain=0.000964172 0.000789479 0.000816968 0.000482108 0.000548038 0.000478111 0.000459325 0.000437285 0.000402584 0.000535155 0.000309409 0.000272412 0.000260437 0.000257778 0.000207025 9.81029e-05 0.000120888
threshold=0.032638715944053327 -0.032785624838081721 -0.1577341172842521 -0.10118169967485326 14.72520762084404 0.01668119409705637 0.044741514255179034 -1.8905959540640891 0.18727093682517137 52.477616201891443 72.044908464066637 -0.82207797129452864 47.46174665291575 1.2593775119838666 0.010406503996469446 69.964915804845035 -0.90310002249335464
decision_type=2 2 2 2 2 2 2 2 2 2 2 2 2 2 2 2 2
left_child=1 2 -1 4 11 6 15 -6 12 -10 -7 -3 -5 -8 -15 -2 -17
right_child=5 3 -4 8 7 10 13 -9 9 -11 -12 -13 -14 14 -16 16 -18
leaf_value=-0.00025993459910995313 0 0 0 4.0823895843062382e-05 5.5737512170679842e-05 -0.00016453349922386834 0 -2.2871109197999322e-05 -4.9258936860906062e-05 1.087486990617044e-05 0 5.1502632162265578e-05 8.9532315150202866e-06 -8.0255552854794981e-05 0 0 7.3806020621563814e-05
leaf_weight=20 32 64 28 630 48 52 65 1077 171 562 21 178 884 142 24 29 41
leaf_count=20 32 64 28 630 48 52 65 1077 171 562 21 178 884 142 24 29 41
internal_value=-2.07767e-07 3.90861e-06 -0.00011379 6.30503e-06 -6.24405e-06 -4.47154e-05 -1.82002e-05 -1.68461e-05 1.52745e-05 0 -0.000124438 3.06371e-05 2.41983e-05 -4.63715e-05 -6.62461e-05 1.61994e-05 4.05184e-05
internal_weight=4068 3662 48 3614 1367 406 333 1125 2247 733 73 242 1514 231 166 102 70
internal_count=4068 3662 48 3614 1367 406 333 1125 2247 733 73 242 1514 231 166 102 70
is_linear=0
shrinkage=0.03


Tree=49
num_leaves=19
num_cat=0
split_feature=34 31 24 25 29 5 36 23 25 22 5 22 24 22 22 33 24 36
split_gain=0.000911041 0.000746335 0.0007671 0.00045314 0.000521258 0.000866751 0.000447941 0.000431423 0.000380531 0.000503544 0.000311958 0.000286943 0.000247635 0.000346937 0.000240348 0.000238347 0.000237773 0.000228158
threshold=0.032638715944053327 -0.032785624838081721 -0.1577341172842521 -0.10118169967485326 19.523786687300507 20155492.000000004 0.01668119409705637 0.044741514255179034 0.18727093682517137 52.477616201891443 16896523.500000004 72.044908464066637 0.27617925840151475 66.403163561796163 47.46174665291575 0.040711121897451637 0.60769561206818801 0.0029293791061874102
decision_type=2 2 2 2 2 2 2 2 2 2 2 2 2 2 2 2 2 2
left_child=1 2 -1 4 17 -6 7 10 14 -10 -2 -8 13 -9 -5 -12 -14 -3
right_child=6 3 -4 8 5 -7 11 12 9 -11 15 -13 16 -15 -16 -17 -18 -19
leaf_value=-0.00025217534785368302 0 2.9436779800081343e-05 0 3.9599373119800158e-05 0 -6.0311901698326424e-05 -0.0001596069697405957 -0.00013124914468789939 -4.7782032641275741e-05 1.0548682936335436e-05 0.00011523434511788398 0 2.6583183802480939e-05 0 8.6846658074710344e-06 0 -4.170215509950861e-05 -5.9584601644506458e-06
leaf_weight=20 43 379 28 630 581 322 52 58 171 562 39 21 49 21 884 20 103 85
leaf_count=20 43 379 28 630 581 322 52 58 171 562 39 21 49 21 884 20 103 85
internal_value=-1.81278e-07 3.79937e-06 -0.000110547 6.15119e-06 -5.9634e-06 -2.08227e-05 -4.3465e-05 -1.74464e-05 1.48563e-05 0 1.53103e-05 -0.000120927 -4.48921e-05 -9.33034e-05 2.35319e-05 7.18023e-05 0 1.64887e-05
internal_weight=4068 3662 48 3614 1367 903 406 333 2247 733 102 73 231 79 1514 59 152 464
internal_count=4068 3662 48 3614 1367 903 406 333 2247 733 102 73 231 79 1514 59 152 464
is_linear=0
shrinkage=0.03


Tree=50
num_leaves=24
num_cat=0
split_feature=26 20 29 21 24 24 19 3 3 20 31 23 1 36 29 20 33 23 32 24 20 34 32
split_gain=0.000867287 0.00126096 0.000776324 0.000973762 0.000871172 0.000732928 0.000661782 0.000532803 0.000902273 0.000318288 0.000245839 0.000227937 0.000161092 0.000158614 0.000138265 0.000134647 0.000106516 9.59658e-05 9.15409e-05 0.000138764 0.000123479 4.98078e-05 9.51935e-05
threshold=1.2593775119838666 65.671250057220476 20.292056561475079 95.990416717529314 -0.5569652047747079 -1.5763246469278902 50.979999923706067 51.225000381469734 53.925001144409187 47.505000114440925 -0.010963052568643604 -0.84854880689542955 87.825000762939467 -0.003331689517728313 38.673466923108741 73.954999542236337 -0.012028058581203647 0.87413570849230038 0.009932224880275899 -1.0587523281906004 73.706249809265145 0.0035192913167756417 -0.013547164874015137
decision_type=2 2 2 2 2 2 2 2 2 2 2 2 2 2 2 2 2 2 2 2 2 2 2
left_child=10 6 15 4 -4 -5 9 -8 -9 -2 13 18 14 21 -13 -3 -17 -14 19 -12 -20 22 -1
right_child=1 2 3 5 -6 -7 7 8 -10 -11 11 12 17 -15 -16 16 -18 -19 20 -21 -22 -23 -24
leaf_value=0 -2.0824311657917568e-05 0 4.2622638606149013e-05 0 -1.6951230331788853e-05 -0.00012328544341902217 -0.00027990080181164971 0 -9.2993658331416246e-05 0.00010494575493823387 2.9952858571908136e-05 4.3116036152357441e-06 0 -8.3296402923654589e-05 3.1567529040574516e-05 6.2260585448215992e-05 0 -5.8660068914694959e-05 -8.7805888244503737e-05 -1.5809737796069313e-05 0 -3.4109211602076608e-05 4.3284530124756031e-05
leaf_weight=91 23 26 276 26 995 115 21 75 209 25 114 545 35 24 999 182 43 25 25 90 22 33 49
leaf_count=91 23 26 276 26 995 115 21 75 209 25 114 545 35 24 999 182 43 25 25 90 22 33 49
internal_value=-1.97193e-07 -1.4879e-05 -2.05721e-06 -1.23933e-05 -1.65216e-06 -8.78842e-05 -6.6769e-05 -8.43305e-05 -5.92162e-05 0 1.27651e-05 1.69214e-05 2.14249e-05 -1.114e-05 2.38905e-05 4.41226e-05 5.20578e-05 0 0 0 -4.18233e-05 0 6.71496e-06
internal_weight=4068 2016 1663 1412 1271 141 353 305 284 48 2052 1855 1604 197 1544 251 225 60 251 204 47 173 140
internal_count=4068 2016 1663 1412 1271 141 353 305 284 48 2052 1855 1604 197 1544 251 225 60 251 204 47 173 140
is_linear=0
shrinkage=0.03


Tree=51
num_leaves=20
num_cat=0
split_feature=34 31 5 36 25 4 29 23 25 22 34 5 30 22 22 24 22 24 30
split_gain=0.000851695 0.000689204 0.000707982 0.000413259 0.000411432 0.000499489 0.000824128 0.000393162 0.000361085 0.000511394 0.000312416 0.000294333 0.000269843 0.00026369 0.000261725 0.000237423 0.000325593 0.000215909 4.45878e-05
threshold=0.032638715944053327 -0.026960529293093612 26047914.500000004 0.01668119409705637 -0.097009495403288501 96.174999237060561 17.431246041171963 0.044741514255179034 0.18727093682517137 52.477616201891443 -0.045013871229467921 16896523.500000004 14.72520762084404 47.46174665291575 72.044908464066637 0.27617925840151475 66.403163561796163 0.60769561206818801 72.389714712839606
decision_type=2 2 2 2 2 2 2 2 2 2 2 2 2 2 2 2 2 2 2
left_child=1 2 -1 7 5 12 -7 11 13 -10 -4 -2 -3 -6 -5 16 -9 -17 -13
right_child=3 4 10 14 8 6 -8 15 9 -11 -12 18 -14 -15 -16 17 -18 -19 -20
leaf_value=0 0 2.9009223448544301e-05 0 -0.00015389476597555795 4.0120689210677016e-05 0 -0.00014155505131225143 -0.00012676658852080167 -4.8254992405760253e-05 1.1095123608176113e-05 -0.00020833963537507819 0 -6.8070928866858835e-06 8.0413241127346552e-06 0 2.5811009243277206e-05 0 -3.9591461687498285e-05 9.3459028457580097e-05
leaf_weight=34 43 231 24 52 617 21 61 58 168 559 33 22 1044 870 21 49 21 103 37
leaf_count=34 43 231 24 52 617 21 61 58 168 559 33 22 1044 870 21 49 21 103 37
internal_value=-1.97887e-07 3.62557e-06 -7.54322e-05 -4.20641e-05 6.48234e-06 -4.93537e-06 -7.66691e-05 -1.66297e-05 1.48353e-05 0 -0.000142258 1.36503e-05 0 2.33711e-05 -0.000116865 -4.29816e-05 -8.99937e-05 0 6.93119e-05
internal_weight=4068 3662 91 406 3571 1357 82 333 2214 727 57 102 1275 1487 73 231 79 152 59
internal_count=4068 3662 91 406 3571 1357 82 333 2214 727 57 102 1275 1487 73 231 79 152 59
is_linear=0
shrinkage=0.03


Tree=52
num_leaves=16
num_cat=0
split_feature=34 32 35 29 26 3 3 34 26 0 0 32 27 25 35
split_gain=0.000807673 0.000627335 0.000807715 0.000390413 0.00103246 0.00036316 0.000579968 0.000609396 0.000474205 0.000608053 0.000341294 0.000411993 0.000273931 0.00024833 0.000219609
threshold=0.032638715944053327 -0.041337854561385605 0.031978995084651816 71.406797441310786 1.4259458751776106 77.125000000000014 87.974998474121108 -0.010896752333301894 1.5189237323086913 33.760036468505866 33.671211242675788 -0.0023330111057149878 0.7918426371112991 -0.044009262676690232 0.011006254116488852
decision_type=2 2 2 2 2 2 2 2 2 2 2 2 2 2 2
left_child=1 2 -1 4 -2 8 13 -8 12 -10 -5 -12 -3 -7 -13
right_child=3 5 -4 10 -6 6 7 -9 9 -11 11 14 -14 -15 -16
leaf_value=-0.00017814987085623975 0 -2.5239112869637486e-07 0 4.6504235900842487e-05 -0.00023259172638020645 5.5670140731744548e-06 2.482666648512135e-05 -4.5088814729885688e-05 2.3197981172198046e-05 -6.0792033214137112e-05 1.5003347365456098e-05 0 3.2247464977887158e-05 3.9095273522156839e-05 -6.0962295451650839e-05
leaf_weight=38 23 1300 26 29 34 606 153 246 50 254 37 35 251 738 248
leaf_count=38 23 1300 26 29 34 606 153 246 50 254 37 35 251 738 248
internal_value=-1.92135e-07 3.51145e-06 -8.67376e-05 -4.09774e-05 -0.000126626 5.95291e-06 1.6026e-05 -1.07627e-05 -1.89523e-06 -3.71096e-05 -1.83631e-05 -3.36264e-05 3.07472e-06 2.62111e-05 -5.05844e-05
internal_weight=4068 3662 64 406 57 3598 1743 399 1855 304 349 320 1551 1344 283
internal_count=4068 3662 64 406 57 3598 1743 399 1855 304 349 320 1551 1344 283
is_linear=0
shrinkage=0.03


Tree=53
num_leaves=22
num_cat=0
split_feature=5 25 25 5 28 34 19 21 29 24 24 5 36 2 24 31 21 28 36 30 35
split_gain=0.000782322 0.000919602 0.000667721 0.0010982 0.00129511 0.000466925 0.000758557 0.000462312 0.000579556 0.000513595 0.000638705 0.00034052 0.000400676 0.000483755 0.000400389 0.000292722 0.000219705 0.000177732 0.000160679 0.000109514 8.35447e-05
threshold=31421472.000000004 0.1951099458033963 -0.12041441736160689 50171193.000000007 -1142628905.4999998 0.066004006616997471 79.905001068115254 95.990416717529314 16.5380848967222 -1.6833391906230435 -0.88057323906075513 12023309.500000002 -0.010973713643867693 68.174999237060561 0.60769561206818801 0.0031338140993186774 85.381249682108574 -507201638.49999994 -0.0073740238413297684 33.227304639981583 0.014798473475288997
decision_type=2 2 2 2 2 2 2 2 2 2 2 2 2 2 2 2 2 2 2 2 2
left_child=7 2 3 4 -2 6 17 11 -9 -10 -11 15 13 -13 -14 16 -1 -3 -4 -20 -17
right_child=1 5 18 -5 -6 -7 -8 8 9 10 -12 12 14 -15 -16 20 -18 -19 19 -21 -22
leaf_value=4.7612563872234391e-05 0 -0.00020218989643807511 0 6.4642948071202554e-05 -0.0002043229592671512 0 0 2.5031300436995623e-05 0 -0.00024176504818379724 -1.9354149765451405e-05 0 3.1596519164743864e-06 5.7993856149435992e-05 -2.5075334838065643e-05 5.0479899401163105e-06 0 0 0 7.434499735550178e-05 -3.9310202412504226e-05
leaf_weight=409 61 67 42 27 58 41 30 23 22 31 85 95 1864 234 561 155 92 20 22 83 46
leaf_count=409 61 67 42 27 58 41 30 23 22 31 85 95 1864 234 561 155 92 20 22 83 46
internal_value=-1.22259e-07 -3.80343e-05 0 -5.13217e-05 -0.000102854 -9.67598e-05 -0.000127394 3.77648e-06 -4.3546e-05 -7.67088e-05 -0.000104788 6.85025e-06 9.37754e-07 3.27029e-05 -2.13594e-06 2.57691e-05 3.81595e-05 -0.000172213 3.83315e-05 5.85868e-05 0
internal_weight=4068 451 293 146 119 158 117 3617 161 138 116 3456 2754 329 2425 702 501 87 147 105 201
internal_count=4068 451 293 146 119 158 117 3617 161 138 116 3456 2754 329 2425 702 501 87 147 105 201
is_linear=0
shrinkage=0.03


Tree=54
num_leaves=22
num_cat=0
split_feature=5 25 25 5 31 26 30 29 19 0 20 26 29 36 24 26 36 26 36 30 25
split_gain=0.000734908 0.000877026 0.000618335 0.00104459 0.0011535 0.000465692 0.000558631 0.000425126 0.000551028 0.000335702 0.000488974 0.000523931 0.000343434 0.000332218 0.000312328 0.000200271 0.00015245 0.000152157 0.000150718 0.000103127 3.81965e-05
threshold=31421472.000000004 0.1951099458033963 -0.12041441736160689 50171193.000000007 -0.015800635081474054 2.5691536236133112 28.153014515219763 85.554795030199955 79.905001068115254 33.289602279663093 77.203749084472676 1.1917532564334381 82.39252541490923 -0.013065186373048611 -0.88057323906075513 1.1458429419439768 -0.0073740238413297684 1.1268353970591669 0.0019826113547230595 33.227304639981583 0.09798848946822393
decision_type=2 2 2 2 2 2 2 2 2 2 2 2 2 2 2 2 2 2 2 2 2
left_child=5 2 3 4 -2 9 -7 8 15 17 11 -11 -12 -8 -15 -3 -4 20 -19 -18 -1
right_child=1 7 16 -5 -6 6 13 -9 -10 10 12 -13 -14 14 -16 -17 19 18 -20 -21 -22
leaf_value=1.5608795600382887e-05 -0.00023272571417360302 0 0 6.2710818128163714e-05 0 0 0 0 0 5.1411262767875278e-06 1.9859077258772378e-05 -2.86879460896106e-05 -1.5184839275835955e-05 -0.00019453097932477483 0 -0.00019444619025525421 0 7.4484948331404209e-05 0 7.2117329488361509e-05 0
leaf_weight=141 41 20 42 27 78 29 23 45 28 721 1494 706 204 37 38 65 22 127 56 83 41
leaf_count=141 41 20 42 27 78 29 23 45 28 721 1494 706 204 37 38 65 22 127 56 83 41
internal_value=-1.05999e-07 -3.68717e-05 0 -4.92466e-05 -9.9869e-05 3.64978e-06 -5.02621e-05 -9.41893e-05 -0.000125636 6.47257e-06 2.24727e-06 -9.49428e-06 1.38815e-05 -9.16414e-05 -0.000122276 -0.000163724 3.7073e-05 3.44207e-05 5.57705e-05 5.68254e-05 0
internal_weight=4068 451 293 146 119 3617 127 158 113 3490 3125 1427 1698 98 75 85 147 365 183 105 182
internal_count=4068 451 293 146 119 3617 127 158 113 3490 3125 1427 1698 98 75 85 147 365 183 105 182
is_linear=0
shrinkage=0.03


Tree=55
num_leaves=20
num_cat=0
split_feature=34 31 24 36 25 30 5 23 20 26 5 3 24 24 33 24 26 25 36
split_gain=0.000710808 0.000609454 0.000705511 0.000379491 0.000376304 0.000447444 0.000722257 0.000351215 0.000334626 0.000451182 0.000286991 0.000271109 0.000251301 0.000235951 0.000219408 0.000181614 0.000144464 0.000355974 0.000118813
threshold=0.032638715944053327 -0.032785624838081721 -0.1577341172842521 0.01668119409705637 -0.097009495403288501 14.72520762084404 20239842.000000004 0.044741514255179034 67.948750209808352 0.98848266258063233 16896523.500000004 87.77500152587892 -0.82207797129452864 0.27617925840151475 0.040711121897451637 0.60769561206818801 1.2802131947391597 0.47151758130432947 0.0072284035244659052
decision_type=2 2 2 2 2 2 2 2 2 2 2 2 2 2 2 2 2 2 2
left_child=1 2 -1 7 5 12 -7 10 9 -6 -2 -10 -3 18 -12 -15 -5 -18 -9
right_child=3 4 -4 16 8 6 -8 13 11 -11 14 -13 -14 15 -16 -17 17 -19 -20
leaf_value=-0.00023537699639325467 0 0 0 0 2.7440432602220879e-05 0 -4.6906231748960559e-05 -0.00010886420520643223 2.6654618994062986e-05 -2.303733480515449e-05 0.00011053375515115001 0 4.8148502809352314e-05 2.6152059371531471e-05 0 -3.5491785907426393e-05 -0.00020664033804903363 0 0
leaf_weight=20 43 65 28 21 241 729 411 57 1345 423 39 222 178 49 20 103 31 21 22
leaf_count=20 43 65 28 21 241 729 411 57 1345 423 39 222 178 49 20 103 31 21 22
internal_value=-1.05894e-07 3.32325e-06 -9.9753e-05 -3.84163e-05 5.52509e-06 -5.27487e-06 -1.49398e-05 -1.37839e-05 1.35646e-05 -1.97573e-07 1.46633e-05 2.13101e-05 2.77138e-05 -3.93274e-05 6.88613e-05 0 -0.000109568 -0.000139067 -8.48725e-05
internal_weight=4068 3662 48 406 3614 1383 1140 333 2231 664 102 1567 243 231 59 152 73 52 79
internal_count=4068 3662 48 406 3614 1383 1140 333 2231 664 102 1567 243 231 59 152 73 52 79
is_linear=0
shrinkage=0.03


Tree=56
num_leaves=15
num_cat=0
split_feature=34 31 24 29 3 3 28 4 0 0 32 28 0 19
split_gain=0.000679941 0.000574387 0.000663589 0.000358102 0.000304041 0.000534682 0.00044518 0.00117891 0.000411105 0.000300822 0.00037974 0.000219979 0.000219571 0.00013067
threshold=0.032638715944053327 -0.032785624838081721 -0.1577341172842521 71.406797441310786 90.424999237060561 77.125000000000014 -34707013.999999993 97.974998474121108 33.289602279663093 33.671211242675788 -0.0023330111057149878 -2889679733.9999995 73.658248901367202 94.090000152587905
decision_type=2 2 2 2 2 2 2 2 2 2 2 2 2 2
left_child=1 2 -1 -2 5 8 13 -8 -3 -5 -11 -12 -7 -6
right_child=3 4 -4 9 6 12 7 -9 -10 10 11 -13 -14 -15
leaf_value=-0.00022835082211618572 -0.00011920938016308531 2.4974593975427073e-05 0 4.4687985797825532e-05 0 2.8370918665363081e-05 -0.00016148251939584758 0 -9.3292539589044328e-06 1.5893837183571445e-05 0 -5.8390197002157305e-05 0 4.4185005474152379e-05
leaf_weight=20 57 388 28 29 51 1145 61 112 1477 37 40 243 319 61
leaf_count=20 57 388 28 29 51 1145 61 112 1477 37 40 243 319 61
internal_value=-1.54777e-07 3.18151e-06 -9.68169e-05 -3.76278e-05 5.34238e-06 8.5525e-06 -2.16213e-05 -5.54514e-05 -5.83133e-07 -1.56797e-05 -3.05349e-05 -4.72055e-05 2.22387e-05 3.87507e-06
internal_weight=4068 3662 48 406 3614 3329 285 173 1865 349 320 283 1464 112
internal_count=4068 3662 48 406 3614 3329 285 173 1865 349 320 283 1464 112
is_linear=0
shrinkage=0.03


Tree=57
num_leaves=23
num_cat=0
split_feature=5 25 28 23 26 30 29 19 0 22 31 36 23 29 1 31 26 26 35 26 23 0
split_gain=0.000647624 0.000825559 0.000570716 0.00130578 0.000408255 0.000521889 0.000402202 0.000508368 0.000383066 0.000390705 0.00032178 0.000300082 0.000274273 0.000261538 0.000255554 0.000322097 0.000251008 0.000244576 0.000177067 0.000169189 0.000138432 4.07313e-05
threshold=31421472.000000004 0.1951099458033963 -1027035204.4999999 -1.4183028588039759 2.5691536236133112 28.153014515219763 85.554795030199955 79.905001068115254 34.725721359252937 38.27441472953177 -0.010582011898796371 0.0024390372649017804 0.37715002509038703 19.16598029103405 67.625000000000014 -0.015217285872694273 1.5408811398937059 1.52563540664963 0.017654930851967558 1.1458429419439768 -0.79601886309827552 41.115730285644538
decision_type=2 2 2 2 2 2 2 2 2 2 2 2 2 2 2 2 2 2 2 2 2 2
left_child=4 2 8 -4 11 -6 7 19 9 -2 -7 14 17 -5 18 -16 -14 -13 -1 -3 -12 -10
right_child=1 6 3 13 5 10 -8 -9 21 -11 20 12 16 -15 15 -17 -18 -19 -20 -21 -22 -23
leaf_value=6.6836117379750674e-06 0.00017452418102092485 0 -0.00027857241967698185 7.6182780140260969e-05 0 0 0 0 -3.0619422041708621e-05 0 -0.00020358219254120613 1.5269918399695464e-05 -3.923257398454544e-05 -4.0721006982684672e-05 6.7670401273266955e-05 1.2562184879799229e-05 0 -2.0571716868203843e-05 -2.7280085706696754e-05 -0.00018621179455655069 0 0
leaf_weight=367 27 20 20 23 29 34 45 28 39 58 28 638 313 61 144 1511 134 191 192 65 36 65
leaf_count=367 27 20 20 23 29 34 45 28 39 58 28 638 313 61 144 1511 134 191 192 65 36 65
internal_value=-1.36884e-07 -3.46802e-05 0 -6.07833e-05 3.34173e-06 -4.69974e-05 -9.01734e-05 -0.000120694 2.61222e-05 7.46158e-05 -8.74624e-05 6.03443e-06 -3.82911e-06 0 1.3074e-05 1.91735e-05 -2.39293e-05 3.39221e-06 0 -0.000157278 -0.000127378 0
internal_weight=4068 451 293 104 3617 127 158 113 189 85 98 3490 1276 84 2214 1655 447 829 559 85 64 104
internal_count=4068 451 293 104 3617 127 158 113 189 85 98 3490 1276 84 2214 1655 447 829 559 85 64 104
is_linear=0
shrinkage=0.03


Tree=58
num_leaves=28
num_cat=0
split_feature=26 20 28 23 21 29 28 21 34 2 22 1 23 25 26 21 32 3 1 29 22 30 35 25 25 23 31
split_gain=0.00062394 0.00101485 0.000670063 0.000849383 0.000784575 0.000749701 0.00058566 0.000947243 0.00110112 0.000423965 0.000253463 0.000278012 0.000253583 0.000278665 0.00024554 0.00022509 0.000211438 0.000210587 0.000201466 0.000199315 0.000187107 0.000152583 0.000136812 0.000127097 0.000100611 9.0018e-05 8.02815e-05
threshold=1.2593775119838666 65.671250057220476 -34707013.999999993 -0.099489159216439291 84.154583231608086 15.730531301782792 -2898349226.4999995 63.41541630427043 -0.014890874926138773 78.52500152587892 56.408338005143939 88.125000000000014 0.37715002509038703 0.18727093682517137 1.3914682421327942 82.615833218892433 0.0097071131900863267 64.075000762939467 85.974998474121108 77.992068718847761 31.663635408258777 77.830873267024188 0.022560238129476277 -0.15056183757770272 -0.090482438596136472 0.84602356419237534 0.0045873443160567859
decision_type=2 2 2 2 2 2 2 2 2 2 2 2 2 2 2 2 2 2 2 2 2 2 2 2 2 2 2
left_child=10 6 3 16 15 -6 14 8 -8 -5 12 19 13 20 -2 -4 -3 -9 23 24 -1 -15 -16 -14 -12 -13 -21
right_child=1 2 4 9 5 -7 7 17 -10 -11 11 25 18 21 22 -17 -18 -19 -20 26 -22 -23 -24 -25 -26 -27 -28
leaf_value=-5.0564655814867019e-06 -5.2085650649417062e-05 4.9065707663924549e-05 -2.6416276135988425e-06 -4.2436026943972259e-05 9.5324072899011779e-06 -8.8135208280607234e-05 2.9212266751690551e-05 -0.00034329537869987221 -9.5166305264373421e-05 1.7407993853051675e-06 0 0 0 -4.6052121881469183e-05 0 6.343401666635836e-05 0 0 0 2.6358846773091879e-05 1.9332938703030438e-05 0 8.5834673780578943e-05 -8.2321934314026889e-05 5.6482069542738327e-05 -6.3551648671099381e-05 -4.5735542030849224e-06
leaf_weight=149 45 403 141 255 28 243 69 21 138 391 21 27 25 108 29 50 152 21 22 101 1065 44 30 67 307 20 96
leaf_count=149 45 403 141 255 28 243 69 21 138 391 21 27 25 108 29 50 152 21 22 101 1065 44 30 67 307 20 96
internal_value=-1.28662e-07 -1.26877e-05 -1.01439e-06 8.87975e-06 -3.32233e-05 -6.69783e-05 -5.91693e-05 -8.41349e-05 -3.92269e-05 -1.1058e-05 1.07482e-05 2.83478e-05 1.91781e-06 7.39199e-06 0 0 3.74889e-05 -0.000233589 -3.73325e-05 3.67656e-05 1.38684e-05 -2.45852e-05 4.08525e-05 -6.07895e-05 5.20581e-05 -1.86576e-06 0
internal_weight=4068 2016 1663 1201 462 271 353 249 207 646 2052 572 1480 1366 104 191 555 42 114 525 1214 152 59 92 328 47 197
internal_count=4068 2016 1663 1201 462 271 353 249 207 646 2052 572 1480 1366 104 191 555 42 114 525 1214 152 59 92 328 47 197
is_linear=0
shrinkage=0.03


Tree=59
num_leaves=21
num_cat=0
split_feature=5 24 4 26 19 34 25 22 22 30 5 2 23 5 4 24 3 3 25 21
split_gain=0.00059881 0.000925753 0.000945358 0.00173109 0.000707771 0.000456023 0.000262688 0.000416629 0.000504474 0.000325239 0.000765778 0.000258661 0.000257145 0.000238745 0.000226974 0.00018186 0.000282953 0.000155871 6.89119e-05 1.4639e-05
threshold=34923481.500000007 0.24236243318805858 49.225000381469734 1.6350129823366062 53.134999847412111 0.051773875710624535 -0.097009495403288501 47.46174665291575 52.551382561224514 28.153014515219763 19417695.500000004 47.475000381469734 0.88790275066060087 26288340.500000004 60.074998855590827 1.1589154151294456 56.774999618530281 55.574998855590827 0.26042851167746423 81.824583435058614
decision_type=2 2 2 2 2 2 2 2 2 2 2 2 2 2 2 2 2 2 2 2
left_child=5 2 11 4 -4 6 9 14 -9 13 -11 -2 19 -1 -8 16 -3 -17 -18 -7
right_child=1 15 3 -5 -6 12 7 8 -10 10 -12 -13 -14 -15 -16 17 18 -19 -20 -21
leaf_value=0 -2.9367883663926939e-05 0 -0.00015525384131607778 -0.00032430374163300454 0 0 0 -2.5991908679537426e-05 1.242744946695568e-05 0 -6.4289899056515468e-05 9.7345290355262129e-05 -0.00011677203854763572 5.0702258875951481e-05 4.1077865099944344e-05 0 0.00010268558048917756 -7.1988924835942396e-05 0 -2.4988267289902741e-05
leaf_weight=562 27 44 29 35 65 32 162 394 1233 427 233 22 42 99 524 20 42 34 21 21
leaf_count=562 27 44 29 35 65 32 162 394 1233 427 233 22 42 99 524 20 42 34 21 21
internal_value=-1.34753e-07 -3.89334e-05 -8.69725e-05 -0.000130482 -2.61659e-05 2.58886e-06 5.0528e-06 1.15351e-05 1.27889e-06 -4.02662e-06 -2.03829e-05 0 -6.00239e-05 7.76763e-06 3.14839e-05 0 3.44678e-05 -2.59518e-05 7.77961e-05 0
internal_weight=4068 339 178 129 94 3729 3634 2313 1627 1321 660 49 95 661 686 161 107 54 63 53
internal_count=4068 339 178 129 94 3729 3634 2313 1627 1321 660 49 95 661 686 161 107 54 63 53
is_linear=0
shrinkage=0.03


Tree=60
num_leaves=12
num_cat=0
split_feature=31 31 24 24 26 26 29 23 29 26 23
split_gain=0.00057084 0.000462126 0.000590297 0.000501753 0.000535885 0.000482583 0.000473731 0.00043647 0.000183807 3.06165e-05 1.51533e-05
threshold=0.02982749388521622 -0.032785624838081721 -0.1577341172842521 -1.5763246469278902 1.2593775119838666 1.9846724747307956 19.523786687300507 0.30862363626471284 34.029228135447617 1.4412597430491043 1.1566524886126361
decision_type=2 2 2 2 2 2 2 2 2 2 2
left_child=1 2 -1 5 8 9 -6 -2 -5 -3 -9
right_child=7 3 -4 4 6 -7 -8 10 -10 -11 -12
leaf_value=-0.00021408539324470639 -0.00013708702943979019 2.2779889888193265e-05 0 0 2.0468517483163326e-05 0.00015493245063877596 -1.8611648524375273e-05 1.3679937848737871e-05 1.8057078403437056e-05 0 -2.113991364840906e-05
leaf_weight=20 48 53 28 687 274 38 1535 20 1311 32 22
leaf_count=20 48 53 28 687 274 38 1535 20 1311 32 22
internal_value=-1.24272e-07 8.24655e-07 -9.00412e-05 2.70007e-06 0 6.24591e-05 -1.10333e-05 -7.53176e-05 1.14525e-05 0 0
internal_weight=4068 3978 48 3930 3807 123 1809 90 1998 85 42
internal_count=4068 3978 48 3930 3807 123 1809 90 1998 85 42
is_linear=0
shrinkage=0.03


Tree=61
num_leaves=21
num_cat=0
split_feature=34 31 29 36 25 23 26 34 29 26 23 5 22 24 22 33 23 32 24 19
split_gain=0.000558734 0.000485139 0.000707536 0.000345504 0.000315153 0.000398567 0.00076994 0.000314516 0.0004515 0.000346769 0.000296604 0.000283942 0.000236378 0.000231938 0.000289051 0.000200758 0.000193859 0.000171772 0.000148372 6.25889e-05
threshold=0.032638715944053327 -0.026960529293093612 54.858002558771588 0.01668119409705637 -0.10118169967485326 -1.8905959540640891 2.631889831302209 -0.014710767054957772 31.530594427262901 1.52563540664963 0.044741514255179034 16896523.500000004 72.044908464066637 0.27617925840151475 66.403163561796163 0.040711121897451637 -0.97846879202851145 -0.014233572743992394 0.60769561206818801 74.130000305175798
decision_type=2 2 2 2 2 2 2 2 2 2 2 2 2 2 2 2 2 2 2 2
left_child=1 2 16 10 5 17 -7 8 -6 -9 11 -2 -5 14 -12 -13 -1 -3 -15 -18
right_child=3 4 -4 12 7 6 -8 9 -10 -11 13 15 -14 18 -16 -17 19 -19 -20 -21
leaf_value=-9.0773968310998868e-05 0 0.00013316304649698074 -0.00021769636289671203 -0.00013579171866396594 2.1978257382055117e-06 -3.6180951226711699e-06 -0.00014758252133169735 1.3668308276677399e-05 0.00010468057707243069 -1.6514972449974693e-05 -0.00011346052861131791 0.00010848821760119532 0 2.7323574301466157e-05 0 0 5.430810545925134e-05 0 -3.0653706475009257e-05 0
leaf_weight=20 43 23 21 52 198 1245 37 1582 88 362 58 39 21 49 21 20 22 36 103 28
leaf_count=20 43 23 21 52 198 1245 37 1582 88 362 58 39 21 49 21 20 22 36 103 28
internal_value=-1.00332e-07 2.85419e-06 -6.31398e-05 -3.41307e-05 5.37772e-06 -4.54697e-06 -1.01242e-05 1.2691e-05 4.42424e-05 6.50407e-06 -1.04059e-05 1.53206e-05 -0.000101153 -3.47488e-05 -7.85288e-05 6.87713e-05 0 6.56896e-05 0 1.32917e-05
internal_weight=4068 3662 91 406 3571 1341 1282 2230 286 1944 333 102 73 231 79 59 70 59 152 50
internal_count=4068 3662 91 406 3571 1341 1282 2230 286 1944 333 102 73 231 79 59 70 59 152 50
is_linear=0
shrinkage=0.03


Tree=62
num_leaves=23
num_cat=0
split_feature=5 31 0 28 34 3 26 3 23 26 27 29 26 28 31 36 27 23 27 36 1 19
split_gain=0.000537659 0.000674897 0.000360372 0.000346774 0.000649005 0.000433508 0.000469174 0.00042526 0.000310724 0.00053873 0.000470885 0.00032916 0.00016672 0.000262873 0.000142521 6.34003e-05 5.65255e-05 5.27054e-05 3.20342e-05 6.83154e-05 1.55854e-06 3.59763e-07
threshold=31421472.000000004 -0.032785624838081721 33.289602279663093 54245099.500000007 0.025307633087982565 77.125000000000014 1.1917532564334381 83.575000762939467 -0.68063593199646266 1.2778199185017125 0.30725695602370023 75.732949109695127 1.1268353970591669 -138743471.49999997 0.0010019927503900352 -0.013704508911901484 0.69876563152313076 0.30376875698082989 0.47630062178628985 0.00099948525594725237 76.174999237060561 70.455001831054702
decision_type=2 2 2 2 2 2 2 2 2 2 2 2 2 2 2 2 2 2 2 2 2 2
left_child=2 -2 12 5 16 6 -4 -7 10 17 15 -11 18 14 -14 -3 -5 -10 19 -1 -15 -20
right_child=1 8 3 4 -6 7 -8 -9 9 11 -12 -13 13 20 -16 -17 -18 -19 21 -21 -22 -23
leaf_value=0 -0.00017496748429736138 0 4.8547678325829144e-06 -2.0425390495009563e-05 -0.00013688217700981076 3.0434804527334706e-05 -2.677664156176772e-05 0 0 -9.0609744282854341e-05 -4.0943355070915891e-05 0 0.00012811281633797483 0 0 9.4255273319000771e-05 2.0366414946229284e-05 2.7203181246913064e-05 0 4.3635227210273977e-05 5.139644678003325e-06 -5.9469466783257476e-06
leaf_weight=88 32 21 746 77 47 734 713 890 57 135 22 67 53 42 35 53 45 64 20 47 53 27
leaf_count=88 32 21 746 77 47 734 713 890 57 135 22 67 53 42 35 53 45 64 20 47 53 27
internal_value=-1.14845e-07 -3.16424e-05 2.98766e-06 0 -4.20072e-05 2.1081e-06 -8.54793e-06 1.35286e-05 -1.3499e-05 -3.18659e-05 1.70493e-05 -6.3423e-05 3.12534e-05 5.2604e-05 9.18504e-05 7.48082e-05 0 0 0 1.44466e-05 0 -3.67073e-06
internal_weight=4068 451 3617 3252 169 3083 1459 1624 419 323 96 202 365 183 88 74 122 121 182 135 95 47
internal_count=4068 451 3617 3252 169 3083 1459 1624 419 323 96 202 365 183 88 74 122 121 182 135 95 47
is_linear=0
shrinkage=0.03


Tree=63
num_leaves=24
num_cat=0
split_feature=5 25 22 30 26 36 28 0 29 20 20 23 31 0 33 5 29 35 29 21 32 25 21
split_gain=0.000511908 0.000703169 0.00117172 0.00057943 0.000850629 0.000573933 0.000312141 0.000618844 0.000772346 0.00043894 0.000380225 0.00034489 0.000300235 0.000161342 0.00031033 0.000100573 0.000108995 0.000105444 7.9322e-05 9.6835e-05 5.88161e-05 8.61815e-06 1.48262e-06
threshold=34923481.500000007 0.1951099458033963 58.755394616035396 34.202959913868121 1.6453568329567847 0.00893312731176636 -34707013.999999993 41.381650924682624 15.730531301782792 77.203749084472676 76.47875022888185 1.5900133998422279 0.0076380075444028037 73.658248901367202 0.009248761193951795 21924432.000000004 82.39252541490923 0.016190681222785611 85.554795030199955 74.230416933695494 -0.0046399676030978157 -0.1473303476810465 72.532500330607107
decision_type=2 2 2 2 2 2 2 2 2 2 2 2 2 2 2 2 2 2 2 2 2 2 2
left_child=6 3 -3 4 22 21 9 15 -9 10 12 -10 -1 14 -11 16 -8 -17 19 -4 -15 -5 -2
right_child=1 2 18 5 -6 -7 7 8 11 13 -12 -13 -14 20 -16 17 -18 -19 -20 -21 -22 -23 -24
leaf_value=6.9177562000138088e-06 0 -0.00027468570239810451 -5.9280610535068392e-05 -1.9644011939708967e-05 -0.00018340562023091885 0.00012530445102289106 2.8376234778282801e-05 5.4469442212130964e-05 -0.00010261994095668761 3.469147672289629e-05 -9.1949525073826659e-05 0 -2.4192787959549417e-05 -1.8966255671363005e-05 0 -4.8792322456708399e-05 0 0 0 0 9.0875268749984533e-06 0 7.2911955946738635e-06
leaf_weight=1340 42 28 47 20 32 46 223 21 157 798 41 67 352 94 283 44 33 45 29 20 231 50 25
leaf_count=1340 42 28 47 20 32 46 223 21 157 798 41 67 352 94 283 44 33 45 29 20 231 50 25
internal_value=-9.07784e-08 -3.60127e-05 -9.29694e-05 0 -5.63077e-05 4.22541e-05 2.37124e-06 -1.62408e-05 -5.3878e-05 6.82562e-06 -1.74654e-06 -7.74423e-05 0 1.95244e-05 2.51021e-05 1.8018e-06 1.78443e-05 -1.06411e-05 -8.52069e-06 -3.41747e-05 0 0 0
internal_weight=4068 339 124 215 99 116 3729 590 245 3139 1733 224 1692 1406 1081 345 256 89 96 67 325 70 67
internal_count=4068 339 124 215 99 116 3729 590 245 3139 1733 224 1692 1406 1081 345 256 89 96 67 325 70 67
is_linear=0
shrinkage=0.03


Tree=64
num_leaves=19
num_cat=0
split_feature=34 31 29 29 25 23 21 34 29 28 3 0 29 23 23 31 1 33
split_gain=0.00050472 0.00042177 0.00065938 0.000335249 0.000299289 0.000384066 0.000522812 0.000301756 0.000423628 0.000279365 0.000279069 0.000248058 0.000351616 0.000248285 0.00017653 0.00013735 0.000103231 7.28179e-05
threshold=0.032638715944053327 -0.026960529293093612 54.858002558771588 72.031485185429617 -0.10118169967485326 -1.8905959540640891 96.989999898274746 -0.014710767054957772 31.530594427262901 -2561011961.9999995 87.974998474121108 33.760036468505866 79.029629849914429 0.024248300270194537 -0.97846879202851145 -0.0057914312068322307 71.474998474121108 0.0324790546303605
decision_type=2 2 2 2 2 2 2 2 2 2 2 2 2 2 2 2 2 2
left_child=1 2 14 9 5 15 -7 8 -6 -2 -9 -5 17 -14 -1 -3 -16 -13
right_child=3 4 -4 11 7 6 -8 10 -10 -11 -12 12 13 -15 16 -17 -18 -19
leaf_value=-8.5705891216813164e-05 0 0.00013507685410779716 -0.00020737776784496642 4.5574917409991468e-05 1.8433150689852823e-06 -3.4772829795837208e-06 -0.00010317410656463137 1.1004200711286658e-05 0.00010173197297445685 -0.00015148984247064014 -2.4649970240359752e-05 4.1003143544441396e-05 0 -6.2454659786509494e-05 7.1979898563238651e-05 0 0 0
leaf_weight=20 21 20 21 29 198 1227 55 1762 88 41 182 41 65 189 20 39 30 20
leaf_count=20 21 20 21 29 198 1227 55 1762 88 41 182 41 65 189 20 39 30 20
internal_value=-1.15886e-07 2.65423e-06 -5.87068e-05 -3.24833e-05 5.05957e-06 -4.59419e-06 -1.01021e-05 1.221e-05 4.30889e-05 -0.000105545 6.12198e-06 -1.05699e-05 -2.52724e-05 -4.49821e-05 0 6.41388e-05 1.49735e-05 7.63698e-06
internal_weight=4068 3662 91 406 3571 1341 1282 2230 286 62 1944 344 315 254 70 59 50 61
internal_count=4068 3662 91 406 3571 1341 1282 2230 286 62 1944 344 315 254 70 59 50 61
is_linear=0
shrinkage=0.03


Tree=65
num_leaves=13
num_cat=0
split_feature=31 23 32 36 22 26 36 22 25 33 30 23
split_gain=0.000483296 0.000401576 0.000390493 0.00101654 0.000266541 0.000337113 0.000422042 0.00034951 0.00033047 0.000212033 0.000162467 1.21346e-05
threshold=0.02982749388521622 0.30862363626471284 -0.041337854561385605 -0.010817646812882248 47.46174665291575 1.2654407105346108 0.014902928561999878 56.408338005143939 -0.090482438596136472 -0.024977202187580757 18.859213010908565 1.1566524886126361
decision_type=2 2 2 2 2 2 2 2 2 2 2 2
left_child=2 -2 3 -1 8 7 -7 -6 10 -10 -4 -3
right_child=1 11 4 -5 5 6 -8 -9 9 -11 -12 -13
leaf_value=0 -0.00012851095335314093 1.5267083358798001e-05 1.709642347910354e-05 -0.00019659231225394199 -6.7446327956810622e-06 -5.9177592211278703e-06 -7.1942806954089931e-05 2.444176918532661e-05 0 3.3896503564978136e-05 -7.7765837130687654e-06 -1.6798209330505299e-05
leaf_weight=32 48 20 364 32 525 984 120 570 55 638 658 22
leaf_count=32 48 20 364 32 525 984 120 570 55 638 658 22
internal_value=-9.62645e-08 -6.93202e-05 7.17462e-07 -7.12856e-05 2.66307e-06 -3.21557e-06 -1.58174e-05 6.75066e-06 1.19497e-05 2.79727e-05 0 0
internal_weight=4068 90 3978 64 3914 2199 1104 1095 1715 693 1022 42
internal_count=4068 90 3978 64 3914 2199 1104 1095 1715 693 1022 42
is_linear=0
shrinkage=0.03


Tree=66
num_leaves=13
num_cat=0
split_feature=31 23 32 35 29 33 2 26 22 23 33 23
split_gain=0.000454322 0.000377891 0.000358542 0.000736387 0.000275215 0.00043515 0.000633103 0.000334796 0.000160619 0.000199715 4.60021e-05 1.14208e-05
threshold=0.02982749388521622 0.30862363626471284 -0.041337854561385605 0.031978995084651816 19.523786687300507 -0.022559802315628649 73.974998474121108 1.2593775119838666 31.347296470650338 -0.5676148577692145 -0.017193652398049038 1.1566524886126361
decision_type=2 2 2 2 2 2 2 2 2 2 2 2
left_child=2 -2 3 -1 8 6 -6 -7 10 -10 -4 -3
right_child=1 11 4 -5 5 7 -8 -9 9 -11 -12 -13
leaf_value=-0.00015891112411013384 -0.00012466364338792658 1.4811354731001061e-05 1.1470134150849619e-06 0 -0.00010506410786933964 1.1823165535543042e-05 0 -7.3951976967992409e-06 6.7160181302623157e-05 6.6180362097921922e-06 -3.2492646198842401e-05 -1.6296544919270861e-05
leaf_weight=38 48 20 92 26 86 1663 113 1460 129 332 39 22
leaf_count=38 48 20 92 26 86 1663 113 1460 129 332 39 22
internal_value=-1.41566e-07 -6.72449e-05 6.24133e-07 -6.83413e-05 2.52e-06 0 -4.3723e-05 1.87806e-06 2.14548e-05 3.00764e-05 0 0
internal_weight=4068 90 3978 64 3914 3322 199 3123 592 461 131 42
internal_count=4068 90 3978 64 3914 3322 199 3123 592 461 131 42
is_linear=0
shrinkage=0.03


Tree=67
num_leaves=19
num_cat=0
split_feature=34 32 36 36 1 32 32 25 30 24 23 24 28 29 24 36 36 24
split_gain=0.000453757 0.000362274 0.000943508 0.000315768 0.00025835 0.000348119 0.000348043 0.000364798 0.000330713 0.00027882 0.000253099 0.000221885 0.000214212 0.000133029 0.00012469 0.000104418 8.60724e-05 0.000109902
threshold=0.032638715944053327 -0.041337854561385605 -0.010817646812882248 0.01668119409705637 67.625000000000014 -0.01698249454963113 -0.016716345921169103 -0.097009495403288501 14.72520762084404 -0.018570330296609438 0.044741514255179034 0.27617925840151475 -2866388925.9999995 85.554795030199955 0.60769561206818801 0.0072284035244659052 0.0068099238512916343 -1.0825579350430492
decision_type=2 2 2 2 2 2 2 2 2 2 2 2 2 2 2 2 2 2
left_child=1 2 -1 10 5 8 9 -8 -3 -6 16 15 -7 -5 -13 -12 17 -2
right_child=3 4 -4 13 6 12 7 -9 -10 -11 11 14 -14 -15 -16 -17 -18 -19
leaf_value=0 0 0 -0.0001871485662729279 -0.00013060637725209465 6.8844058863482793e-05 1.33193373787097e-05 -9.5325388129447903e-06 1.4226285801511166e-05 -7.1691782036364094e-05 0 -9.5258304848018236e-05 2.7722877084133291e-05 -1.7798996330866776e-05 0 -2.6878422915110785e-05 0 0 7.5581505599642618e-05
leaf_weight=32 21 23 32 45 165 490 838 1443 128 177 57 49 334 28 103 22 46 35
leaf_count=32 21 23 32 45 165 490 838 1443 128 177 57 49 334 28 103 22 46 35
internal_value=-1.22716e-07 2.46423e-06 -6.55151e-05 -3.08384e-05 4.50899e-06 -6.97563e-06 9.92174e-06 4.18251e-06 -4.88623e-05 3.94183e-05 -7.90316e-06 -3.11652e-05 0 -9.42673e-05 0 -7.32277e-05 1.53746e-05 4.25563e-05
internal_weight=4068 3662 64 406 3598 975 2623 2281 151 342 333 231 824 73 152 79 102 56
internal_count=4068 3662 64 406 3598 975 2623 2281 151 342 333 231 824 73 152 79 102 56
is_linear=0
shrinkage=0.03


Tree=68
num_leaves=17
num_cat=0
split_feature=34 32 36 29 26 1 26 30 32 25 24 0 29 23 32 30
split_gain=0.000431799 0.000333648 0.000895504 0.000305196 0.000758574 0.000243374 0.000433473 0.000465903 0.000330732 0.000344048 0.00025694 0.000224789 0.000325566 0.00022705 0.000153175 7.32364e-05
threshold=0.032638715944053327 -0.041337854561385605 -0.010817646812882248 72.031485185429617 1.4259458751776106 67.625000000000014 0.98848266258063233 14.360360556384778 -0.016716345921169103 -0.097009495403288501 -0.018570330296609438 33.760036468505866 79.029629849914429 0.024248300270194537 -1.0000000180025095e-35 77.830873267024188
decision_type=2 2 2 2 2 2 2 2 2 2 2 2 2 2 2 2
left_child=1 2 -1 4 -2 6 14 -8 10 -10 -7 -5 15 -14 -3 -13
right_child=3 5 -4 11 -6 8 7 -9 9 -11 -12 12 13 -15 -16 -17
leaf_value=0 0 0 -0.00018155160363302259 4.4715476675995992e-05 -0.00019232879652498431 6.6779988737063854e-05 3.6146128590068541e-05 -3.2961926785686808e-05 -9.24659691917394e-06 1.3799526680965401e-05 0 0 0 -5.9284034327798793e-05 4.1634399471588276e-05 5.1642506525198776e-05
leaf_weight=32 27 158 32 29 35 165 63 616 838 1443 177 35 65 189 138 26
leaf_count=32 27 158 32 29 35 165 63 616 838 1443 177 35 65 189 138 26
internal_value=-1.17142e-07 2.38792e-06 -6.27123e-05 -3.00944e-05 -9.95679e-05 4.38138e-06 -6.7112e-06 -2.21278e-05 9.6484e-06 4.01759e-06 3.84221e-05 -8.8293e-06 -2.32922e-05 -4.256e-05 1.85172e-05 7.77608e-06
internal_weight=4068 3662 64 406 62 3598 975 679 2623 2281 342 344 315 254 296 61
internal_count=4068 3662 64 406 62 3598 975 679 2623 2281 342 344 315 254 296 61
is_linear=0
shrinkage=0.03


Tree=69
num_leaves=24
num_cat=0
split_feature=5 24 4 26 19 24 5 24 1 3 29 28 2 30 2 0 22 22 24 1 0 3 23
split_gain=0.000409912 0.000817011 0.000845739 0.00147628 0.000619003 0.000287753 0.000520939 0.000455766 0.000491972 0.000307002 0.000435827 0.0005002 0.000392156 0.00027291 0.000256304 0.000206535 0.000200458 0.000198728 0.000179328 0.000282271 0.000136196 0.000132421 4.84495e-05
threshold=34923481.500000007 0.24236243318805858 49.225000381469734 1.6350129823366062 53.134999847412111 0.60769561206818801 15707166.000000002 1.1062837267564707 76.724998474121108 88.174999237060561 21.541457528706903 -34707013.999999993 78.375000000000014 80.392276398341423 47.475000381469734 33.289602279663093 53.776998184133262 32.487391530026422 1.1589154151294456 58.625000000000007 47.070035934448249 55.574998855590827 1.0101385524309701
decision_type=2 2 2 2 2 2 2 2 2 2 2 2 2 2 2 2 2 2 2 2 2 2 2
left_child=5 2 14 4 -4 9 13 8 -8 12 -11 -12 15 16 -2 -1 -7 -14 19 -3 -9 -20 -21
right_child=1 18 3 -5 -6 6 7 20 -10 10 11 -13 17 -15 -16 -17 -18 -19 21 22 -22 -23 -24
leaf_value=2.2463149693397226e-05 -2.3978950017186842e-05 0 -0.00014333106219749321 -0.00029896119887080902 0 0 0 -3.1821749800166467e-05 -9.3307090781180228e-05 4.7936051222631046e-05 0 -8.5068750848809241e-05 0 -3.8998426614090132e-05 9.8654221447302669e-05 -3.8734516792947327e-06 4.1984964163981439e-05 3.0319483353711286e-05 0 0.00010130072236950416 1.6318910239090805e-05 -6.3138355086543899e-05 0
leaf_weight=332 27 44 29 35 65 68 131 82 161 37 133 118 89 39 22 1220 231 940 20 43 148 34 20
leaf_count=332 27 44 29 35 65 68 131 82 161 37 133 118 89 39 22 1220 231 940 20 43 148 34 20
internal_value=-4.18821e-08 -3.22531e-05 -7.81619e-05 -0.000119683 -2.08026e-05 2.08271e-06 -1.18885e-05 -3.24451e-05 -5.73223e-05 7.31657e-06 -1.83944e-05 -4.01348e-05 1.13484e-05 1.09856e-05 0 0 2.75463e-05 2.58064e-05 0 3.67489e-05 0 -1.76006e-05 7.94873e-05
internal_weight=4068 339 178 129 94 3729 860 522 292 2869 288 251 2581 338 49 1552 299 1029 161 107 230 54 63
internal_count=4068 339 178 129 94 3729 860 522 292 2869 288 251 2581 338 49 1552 299 1029 161 107 230 54 63
is_linear=0
shrinkage=0.03


Tree=70
num_leaves=24
num_cat=0
split_feature=25 5 25 4 25 21 4 28 28 22 23 36 29 24 0 35 21 21 26 28 35 23 24
split_gain=0.000395124 0.000715662 0.000633857 0.000377367 0.000815592 0.00037623 0.000665023 0.00035315 0.0009828 0.00024495 0.000262542 0.000249895 0.000304896 0.000229823 0.000193071 0.000179276 0.000217776 0.000195022 0.000167693 0.000162592 0.000147121 1.8423e-05 7.91983e-06
threshold=0.19196333817179145 31421472.000000004 -0.097009495403288501 96.174999237060561 -0.32169535286634249 76.437499618530282 50.475000381469734 -1142628905.4999998 -2521718408.9999995 51.863627403310566 -1.2629298320658824 0.0060240887716521705 79.470345673671204 -0.35948661241899077 40.968511581420906 0.0053386787407861749 72.768333498636892 88.333333333333357 1.0998449897305573 -2814432119.9999995 0.020578134138075473 -0.14559672551621358 0.57715274699842112
decision_type=2 2 2 2 2 2 2 2 2 2 2 2 2 2 2 2 2 2 2 2 2 2 2
left_child=2 9 3 5 21 6 -1 8 19 10 -2 12 -11 -12 -13 -4 18 -18 -17 -3 -7 -5 -9
right_child=1 7 15 4 -6 20 -8 22 -10 11 13 14 -14 -15 -16 16 17 -19 -20 -21 -22 -23 -24
leaf_value=3.7320232410243599e-05 0 -5.6744408763444077e-05 -1.4884453606021798e-05 2.7324714796929462e-05 -0.00017313884526682906 1.7815098951152717e-05 -3.830171973266655e-05 0 -0.00027542338870611586 3.929310425864976e-05 -8.2927911072108856e-05 0 0 0 -4.1725558655285001e-05 1.7946039006736206e-05 3.6604400771909553e-05 0 -9.2977086064003205e-06 0 -6.1545295590388071e-06 -1.7177511289684774e-06 -1.6217898659930451e-05
leaf_weight=94 26 46 38 22 39 605 510 34 28 267 97 80 216 22 150 411 782 113 272 25 137 27 27
leaf_count=94 26 46 38 22 39 605 510 34 28 267 97 80 216 22 150 411 782 113 272 25 137 27 27
internal_value=-7.9056e-08 -1.69378e-05 4.56471e-06 -8.5783e-06 -7.05154e-05 -2.29533e-06 -2.15624e-05 -7.62717e-05 -0.000112274 -2.36957e-06 -3.93462e-05 9.47702e-07 1.69002e-05 -6.22095e-05 -1.95076e-05 1.80836e-05 2.07795e-05 3.12193e-05 2.70489e-06 -5.44218e-06 9.34662e-06 0 0
internal_weight=4068 1018 3050 1434 88 1346 604 160 99 858 145 713 483 119 230 1616 1578 895 683 71 742 49 61
internal_count=4068 1018 3050 1434 88 1346 604 160 99 858 145 713 483 119 230 1616 1578 895 683 71 742 49 61
is_linear=0
shrinkage=0.03


Tree=71
num_leaves=20
num_cat=0
split_feature=34 31 29 36 23 25 26 36 26 23 5 23 29 22 33 23 19 23 26
split_gain=0.000372957 0.000338551 0.000617904 0.00029604 0.000292545 0.000355216 0.000627106 0.000254562 0.000241738 0.000215378 0.000274342 0.000222029 0.000331659 0.000203128 0.000183243 0.000154119 6.74683e-05 6.13144e-05 2.57242e-05
threshold=0.032638715944053327 -0.026960529293093612 54.858002558771588 0.01668119409705637 -1.8905959540640891 -0.10118169967485326 2.631889831302209 -0.0042761106431662334 1.9846724747307956 0.044741514255179034 16896523.500000004 0.2954696136742499 86.932061332515588 72.044908464066637 0.040711121897451637 -0.97846879202851145 74.130000305175798 1.0958421265499541 1.6009446179332951
decision_type=2 2 2 2 2 2 2 2 2 2 2 2 2 2 2 2 2 2 2
left_child=1 2 15 9 8 6 -6 -7 18 10 -2 12 -11 -5 -12 -1 -17 -13 -3
right_child=3 4 -4 13 5 7 -8 -9 -10 11 14 17 -14 -15 -16 16 -18 -19 -20
leaf_value=-7.8065285368808599e-05 0 2.820626662122373e-05 -0.00019580267079329552 -0.00012055722116383198 -3.0165659593392112e-06 2.6262503382357384e-05 -0.00013336884301542391 1.4342237351502185e-06 0.00015511638234154534 -0.00017528476910607686 0.00010557167995137535 0 0 0 0 5.9001847576956794e-05 0 -2.5170584356269412e-05 0
leaf_weight=20 43 29 21 52 1245 662 37 1555 22 22 39 102 20 21 20 22 28 87 21
leaf_count=20 43 29 21 52 1245 662 37 1555 22 22 39 102 20 21 20 22 28 87 21
internal_value=-1.23641e-07 2.15043e-06 -5.26814e-05 -2.80179e-05 4.38922e-06 2.26197e-06 -9.1287e-06 1.0202e-05 6.60124e-05 -5.69842e-06 1.53184e-05 -2.79626e-05 -9.50714e-05 -8.86445e-05 6.76992e-05 0 1.79895e-05 0 0
internal_weight=4068 3662 91 406 3571 3499 1282 2217 72 333 102 231 42 73 59 70 50 189 50
internal_count=4068 3662 91 406 3571 3499 1282 2217 72 333 102 231 42 73 59 70 50 189 50
is_linear=0
shrinkage=0.03


Tree=72
num_leaves=26
num_cat=0
split_feature=25 5 25 34 19 22 2 19 21 28 22 30 34 30 28 35 30 21 25 36 25 34 5 0 5
split_gain=0.000370105 0.000664515 0.000576826 0.000567537 0.000621721 0.000423965 0.000355267 0.00106378 0.000929414 0.000438005 0.0002277 0.00027128 0.000248758 0.000220193 0.000201802 0.000194268 0.000274814 0.000197833 0.00017933 0.000120653 8.15435e-05 0.000189763 8.28955e-05 8.00671e-05 3.92147e-05
threshold=0.19196333817179145 31421472.000000004 -0.10118169967485326 0.066004006616997471 79.905001068115254 59.693060931853957 50.850000381469734 61.759999847412111 63.242916456858325 -42911406.499999993 51.863627403310566 72.389714712839606 0.015828581897004982 58.173297011686664 -15810663.499999998 0.013270190272351412 36.401371285555747 88.333333333333357 -0.18156847347379537 0.0083806883947662864 0.002936502137675379 0.0101258842148253 11041665.500000002 35.429193496704109 25180375.000000004
decision_type=2 2 2 2 2 2 2 2 2 2 2 2 2 2 2 2 2 2 2 2 2 2 2 2 2
left_child=2 10 6 4 5 -3 18 8 -8 -9 11 13 19 -2 -14 20 23 -18 24 -12 22 -22 -4 -17 -1
right_child=1 3 15 -5 -6 -7 7 9 -10 -11 12 -13 14 -15 -16 16 17 -19 -20 -21 21 -23 -24 -25 -26
leaf_value=0 0 -0.00027842553259238367 0 0 0 -3.3356596199118385e-05 -2.9159838499134356e-05 4.1509758632275079e-06 -0.0002968208453400962 -4.028889944397212e-05 3.6730228706020013e-05 0 0 -0.00012017722702595485 -5.1625399689722719e-05 -2.6311673069770463e-05 4.1956150503683907e-05 0 0 0 2.7047348716698089e-05 -9.9140717470591252e-07 -1.9948674162722703e-05 1.1413950655058652e-05 0.00011674816127991618
leaf_weight=20 62 29 68 42 30 59 117 954 22 236 225 38 371 45 79 78 612 51 43 38 323 152 210 138 26
leaf_count=20 62 29 68 42 30 59 117 954 22 236 225 38 371 45 79 78 612 51 43 38 323 152 210 138 26
internal_value=-1.42692e-07 -1.64697e-05 4.32358e-06 -7.37042e-05 -0.000108117 -0.000148395 -8.29389e-06 -1.39388e-05 -9.32736e-05 -2.14416e-06 -2.29319e-06 -3.79555e-05 7.56639e-07 -6.50494e-05 -8.05362e-06 1.71245e-05 2.72358e-05 3.68296e-05 4.2251e-05 2.72311e-05 1.33563e-06 1.17622e-05 -5.68983e-06 0 8.33742e-05
internal_weight=4068 1018 3050 160 118 88 1418 1329 139 1190 858 145 713 107 450 1632 879 663 89 263 753 475 278 216 46
internal_count=4068 1018 3050 160 118 88 1418 1329 139 1190 858 145 713 107 450 1632 879 663 89 263 753 475 278 216 46
is_linear=0
shrinkage=0.03


Tree=73
num_leaves=25
num_cat=0
split_feature=25 25 35 28 28 22 35 4 3 35 26 4 30 24 28 35 27 25 36 27 24 21 22 25
split_gain=0.000353723 0.000564506 0.000373296 0.000418241 0.000716842 0.000369991 0.000336429 0.000529312 0.000834142 0.00028112 0.000229475 0.000221956 0.000178861 0.000215303 0.000214174 0.000204425 0.000169696 0.000164407 0.000146599 0.00022229 0.000192903 0.000140548 9.97099e-05 5.29832e-05
threshold=0.18431742644632845 -0.097009495403288501 0.027131275776664996 -2521718408.9999995 -1218208600.4999998 51.863627403310566 0.018775581072877561 50.024999618530281 51.225000381469734 0.019785507637633034 1.055602336707351 96.174999237060561 54.467201162233131 -0.025917077781534559 54245099.500000007 0.015975017429075134 0.89889368695774985 -0.2102259321273143 0.0060240887716521705 0.95374497305331907 0.99554709627138416 67.595833555857368 55.267806417248629 0.039358710263697423
decision_type=2 2 2 2 2 2 2 2 2 2 2 2 2 2 2 2 2 2 2 2 2 2 2 2
left_child=1 6 5 -4 -5 9 11 -8 -9 10 -2 17 13 21 16 -15 -14 -1 20 -20 -7 -3 -6 -16
right_child=2 12 3 4 22 18 7 8 -10 -11 -12 -13 14 15 23 -17 -18 -19 19 -21 -22 -23 -24 -25
leaf_value=1.825132873863566e-05 0 0 0 -0.00025140960677648639 0 2.3747193828425429e-05 5.8579120709382373e-05 -0.00022925907908262551 -2.317809005549211e-05 0 -9.32982223338475e-05 -7.2865883334785703e-05 4.1217716648517658e-05 -3.4166134021552663e-05 0 1.2470188433918528e-06 0 -3.533486477940753e-06 -4.509111045727035e-05 0 -1.0809576361713572e-05 2.867838395234519e-05 -4.2573574468775583e-05 -4.3586653304359103e-05
leaf_weight=518 30 227 47 25 32 440 32 24 451 27 93 32 568 189 27 110 58 377 122 113 79 364 58 25
leaf_count=518 30 227 47 25 32 440 32 24 451 27 93 32 568 189 27 110 58 377 122 113 79 364 58 25
internal_value=-1.86034e-07 4.32046e-06 -1.56902e-05 -5.98417e-05 -9.11792e-05 -4.45409e-06 -7.89056e-06 -2.78059e-05 -3.99511e-05 -4.83477e-05 -7.00393e-05 0 1.74009e-05 4.25537e-06 3.02295e-05 -1.11117e-05 3.6022e-05 5.72398e-06 3.05063e-07 -1.43175e-05 1.27068e-05 1.71058e-05 -1.31448e-05 0
internal_weight=4068 3002 1066 162 115 904 1434 507 475 150 123 927 1568 890 678 299 626 895 754 235 519 591 90 52
internal_count=4068 3002 1066 162 115 904 1434 507 475 150 123 927 1568 890 678 299 626 895 754 235 519 591 90 52
is_linear=0
shrinkage=0.03


Tree=74
num_leaves=18
num_cat=0
split_feature=34 33 5 22 29 29 26 0 32 33 33 28 3 28 26 36 34
split_gain=0.000340033 0.000299398 0.000377803 0.000533116 0.000749789 0.000279395 0.000678092 0.000204198 0.00028017 0.000304288 0.000210947 0.000187351 0.000180413 0.000294939 0.000291289 7.72437e-05 4.8552e-05
threshold=0.032638715944053327 0.04243112540457273 34923481.500000007 55.073479349067568 20.057116799646582 72.031485185429617 1.4259458751776106 40.104272842407234 -0.0034799374899687203 0.04243112540457273 0.036273034222874208 13467529.000000002 77.125000000000014 -34707013.999999993 1.5189237323086913 0.010636767279222943 0.025008514633340088
decision_type=2 2 2 2 2 2 2 2 2 2 2 2 2 2 2 2 2
left_child=1 2 12 4 -4 6 -2 10 -9 -10 11 -7 14 -14 -1 -12 -5
right_child=5 -3 3 16 -6 7 -8 8 9 -11 15 -13 13 -15 -16 -17 -18
leaf_value=1.3763273886073119e-06 0 0.00010401823337125623 0 0 -0.00011412880915395445 6.7373516325639884e-05 -0.00018029396791353376 0 -7.5767731285658542e-05 0 -5.0486884572388378e-05 0 1.901088319307815e-05 -5.3654132196852498e-06 -3.3004457497750205e-05 0 4.7242767646658539e-05
leaf_weight=1452 27 26 63 42 111 79 35 20 125 46 29 22 1263 442 243 23 20
leaf_count=1452 27 26 63 42 111 79 35 20 125 46 29 22 1263 442 243 23 20
internal_value=-2.21524e-07 1.91253e-06 3.54496e-07 -3.52681e-05 -6.66034e-05 -2.68531e-05 -9.24418e-05 -6.29004e-06 -3.171e-05 -5.09586e-05 5.84831e-06 4.34007e-05 3.71041e-06 1.09323e-05 -1.78445e-06 -9.45173e-06 4.32946e-06
internal_weight=4068 3662 3636 236 174 406 62 344 191 171 153 101 3400 1705 1695 52 62
internal_count=4068 3662 3636 236 174 406 62 344 191 171 153 101 3400 1705 1695 52 62
is_linear=0
shrinkage=0.03


Tree=75
num_leaves=27
num_cat=0
split_feature=25 5 25 26 2 1 27 32 22 25 30 28 23 26 31 27 26 32 33 23 23 26 5 25 5 36
split_gain=0.000329676 0.000571098 0.00053495 0.000335575 0.000323786 0.000890441 0.000691006 0.000445772 0.000234538 0.000176315 0.000163307 0.000202005 0.000189566 0.000278585 0.000193147 0.00016091 0.000142502 0.000246167 0.000385593 0.000138377 0.000224881 0.000106725 5.96789e-05 5.40151e-05 3.28526e-05 3.14097e-05
threshold=0.18431742644632845 31421472.000000004 -0.097009495403288501 2.056689332372494 50.850000381469734 60.625000000000007 0.20511079525082637 0.01136006124730027 58.755394616035396 -0.18156847347379537 54.467201162233131 54245099.500000007 -0.074845042381781454 1.1745349014757869 -0.0077910556375877507 0.89889368695774985 1.2358471825997703 -0.013719616675474054 -0.0052032438741215206 0.096645164165543931 0.88790275066060087 1.2778199185017125 13420419.500000002 0.32179882832145074 25180375.000000004 -0.0035315262270730154
decision_type=2 2 2 2 2 2 2 2 2 2 2 2 2 2 2 2 2 2 2 2 2 2 2 2 2 2
left_child=2 16 4 8 9 6 -6 -7 -3 24 12 15 13 -4 -14 -12 19 25 -19 23 -21 -10 -13 -2 -1 -18
right_child=1 3 10 -5 5 7 -8 -9 21 -11 11 22 14 -15 -16 -17 17 18 -20 20 -22 -23 -24 -25 -26 -27
leaf_value=0 -1.9962423900013598e-05 -0.00019599354630983747 0 0 -0.0001481743855417375 2.212697855042175e-06 0 -4.9393409105683208e-05 0 0 3.9936457454250314e-05 0 2.1918443295537952e-05 4.5015457232167379e-05 -2.3699118962683977e-05 0 3.8855182093769133e-05 -0.00010088129062888179 -6.4866905035015266e-06 4.5989849778602218e-05 0 -5.492012447585416e-05 -4.0905255204919069e-05 0 0.00011290376581754748 0
leaf_weight=20 122 31 330 32 75 1043 61 165 45 44 568 20 59 205 296 58 35 63 392 163 67 56 32 35 26 25
leaf_count=20 122 31 330 32 75 1043 61 165 45 44 568 20 59 205 296 58 35 63 392 163 67 56 32 35 26 25
internal_value=-1.82261e-07 -1.51707e-05 4.1411e-06 -6.78168e-05 -7.71324e-06 -1.31458e-05 -8.68657e-05 -2.35642e-06 -8.94399e-05 4.00405e-05 1.68953e-05 2.92322e-05 4.12447e-06 1.7554e-05 -7.66525e-06 3.48693e-05 -2.26661e-06 -1.49293e-05 -2.6168e-05 6.83386e-06 2.48921e-05 -2.69002e-05 0 -5.238e-07 8.10902e-05 2.0282e-05
internal_weight=4068 1066 3002 164 1434 1344 136 1208 132 90 1568 678 890 535 355 626 902 515 455 387 230 101 52 157 46 60
internal_count=4068 1066 3002 164 1434 1344 136 1208 132 90 1568 678 890 535 355 626 902 515 455 387 230 101 52 157 46 60
is_linear=0
shrinkage=0.03


Tree=76
num_leaves=12
num_cat=0
split_feature=31 23 31 26 24 26 26 29 5 26 23
split_gain=0.000317259 0.000340459 0.000255715 0.00052868 0.00046494 0.000508605 0.000288763 0.00038898 0.000184536 1.90987e-05 7.55682e-06
threshold=0.02982749388521622 0.30862363626471284 -0.032785624838081721 1.7714278150303888 -1.5763246469278902 1.9846724747307956 1.2593775119838666 19.523786687300507 11739817.000000002 1.4412597430491043 1.1566524886126361
decision_type=2 2 2 2 2 2 2 2 2 2 2
left_child=2 -2 3 -1 5 9 8 -8 -6 -4 -3
right_child=1 10 4 -5 6 -7 7 -9 -10 -11 -12
leaf_value=-0.0001597757530450216 -0.00011090390130310181 1.7851500549534353e-05 1.7991830699414137e-05 0 2.6847704329801038e-05 0.00015290599698604149 1.9871073351935867e-05 -1.5650258638996177e-05 1.3038005921330407e-06 0 -4.2316709472313105e-06
leaf_weight=27 48 20 53 21 401 38 274 1535 1597 32 22
leaf_count=27 48 20 53 21 401 38 274 1535 1597 32 22
internal_value=-1.76604e-07 -5.62617e-05 3.39544e-07 -6.70131e-05 1.92719e-06 5.93112e-05 0 -8.61094e-06 7.93299e-06 0 0
internal_weight=4068 90 3978 48 3930 123 3807 1809 1998 85 42
internal_count=4068 90 3978 48 3930 123 3807 1809 1998 85 42
is_linear=0
shrinkage=0.03


Tree=77
num_leaves=30
num_cat=0
split_feature=25 25 19 30 28 31 30 21 31 21 24 34 30 35 30 21 34 1 24 32 23 25 0 31 24 20 33 25 0
split_gain=0.000311404 0.000482898 0.000388244 0.000529882 0.000609831 0.000423063 0.0003322 0.000473136 0.00107914 0.000372829 0.00027279 0.000361293 0.000237688 0.000198707 0.000251178 0.000191509 0.000185407 0.000280959 0.000230581 0.000345032 0.000191524 0.000120824 7.19279e-05 6.84256e-05 6.49958e-05 0.000165279 0.000103864 1.42524e-05 0.000172321
threshold=0.19196333817179145 -0.10118169967485326 70.675000762939462 80.669883584654357 -3161410898.4999995 -0.010738188960057236 25.707063350087939 96.989999898274746 -0.0099581027513899727 78.481667073567721 -0.82207797129452864 -0.053596088415686187 13.956735118725609 0.013270190272351412 36.401371285555747 88.333333333333357 0.022661794149531626 80.625000000000014 -0.36903358018731552 -0.0045347838811443655 2.2595142375091197 0.39523837452901522 35.429193496704109 0.0073602671071231205 -0.032506019615850666 77.331249618530293 0.010971311975578548 0.48195019059979854 38.52403640747071
decision_type=2 2 2 2 2 2 2 2 2 2 2 2 2 2 2 2 2 2 2 2 2 2 2 2 2 2 2 2 2
left_child=1 6 3 4 -2 -6 10 9 -9 -8 11 -1 -12 24 22 -16 18 23 19 -4 -19 -20 -15 -18 25 -3 -26 28 -5
right_child=2 13 16 27 5 -7 7 8 -10 -11 12 -13 -14 14 15 -17 17 20 21 -21 -22 -23 -24 -25 26 -27 -28 -29 -30
leaf_value=-0.00014278188483561943 0 0 -9.756128940406279e-05 7.469010950093995e-05 0 -0.0001246201539213688 -3.3284292479676094e-05 0 -0.00025316023328020396 4.3124210516711345e-06 4.9378623774666828e-05 0 0 -2.5255852074451176e-05 3.9987179225522385e-05 0 3.2010551977099946e-05 -5.2844848685945974e-05 3.869400054586982e-05 0 0 0 1.0393570368202211e-05 0 -1.9803487945747575e-05 3.0908050222167817e-05 5.8641302537459377e-06 0 0
leaf_weight=20 28 225 34 30 33 128 376 22 26 353 160 111 350 78 612 51 60 200 224 95 27 63 138 50 254 208 66 24 22
leaf_count=20 28 225 34 30 33 128 376 22 26 353 160 111 350 78 612 51 60 200 224 95 27 63 138 50 254 208 66 24 22
internal_value=-1.15103e-07 3.91792e-06 -1.51442e-05 -4.6892e-05 -7.48632e-05 -9.99273e-05 -7.50853e-06 -2.16245e-05 -0.000120768 -1.09663e-05 4.9237e-06 -2.54042e-05 1.85985e-05 1.5684e-05 2.56929e-05 3.48722e-05 0 -1.99049e-05 8.94668e-06 -1.04291e-05 -4.12499e-05 2.81056e-05 0 0 1.49987e-08 1.07498e-05 -5.13729e-06 0 1.56908e-05
internal_weight=4068 3050 1018 265 189 161 1418 777 48 729 641 131 510 1632 879 663 753 337 416 129 227 287 216 110 753 433 320 76 52
internal_count=4068 3050 1018 265 189 161 1418 777 48 729 641 131 510 1632 879 663 753 337 416 129 227 287 216 110 753 433 320 76 52
is_linear=0
shrinkage=0.03


Tree=78
num_leaves=16
num_cat=0
split_feature=34 33 5 23 29 29 28 0 29 23 33 25 5 33 23
split_gain=0.00029291 0.000297522 0.000326075 0.000445426 0.000714541 0.000260805 0.000214595 0.000178235 0.000278586 0.000198178 0.000165198 0.000229097 0.000177877 6.68217e-05 4.96169e-05
threshold=0.032638715944053327 0.04243112540457273 34923481.500000007 0.23331773490997423 32.183354238479588 72.031485185429617 -2561011961.9999995 33.760036468505866 79.029629849914429 0.024248300270194537 0.016324516942926252 -0.12868040037284992 20155492.000000004 0.0324790546303605 0.5600160462867515
decision_type=2 2 2 2 2 2 2 2 2 2 2 2 2 2 2
left_child=1 2 10 4 -4 6 -2 -7 13 -10 12 -12 -1 -9 -5
right_child=5 -3 3 14 -6 7 -8 8 9 -11 11 -13 -14 -15 -16
leaf_value=1.142224954114874e-05 0 0.00010355738552297923 0 3.9173249364110448e-05 -0.00014336765874597862 4.4084943629340404e-05 -0.00012778736824292118 4.0008974105228467e-05 0 -5.3201348848699034e-05 -5.7244251007268731e-05 0 -2.6681656314758759e-06 0 0
leaf_weight=2178 21 26 78 29 63 29 41 41 65 189 81 328 813 20 66
leaf_count=2178 21 26 78 29 63 29 41 41 65 189 81 328 813 20 66
internal_value=-8.69607e-08 1.84232e-06 2.87093e-07 -3.27353e-05 -6.80751e-05 -2.4872e-05 -8.77351e-05 -4.8014e-06 -1.88354e-05 -3.74757e-05 3.46246e-06 -1.2067e-05 6.58932e-06 9.61619e-06 0
internal_weight=4068 3662 3636 236 141 406 62 344 315 254 3400 409 2991 61 95
internal_count=4068 3662 3636 236 141 406 62 344 315 254 3400 409 2991 61 95
is_linear=0
shrinkage=0.03


Tree=79
num_leaves=24
num_cat=0
split_feature=25 5 34 19 25 5 32 32 22 21 21 21 23 35 28 31 22 30 30 36 25 32 35
split_gain=0.000284578 0.000515182 0.000493221 0.000526325 0.000469262 0.000326885 0.00112469 0.000387248 0.00027929 0.000165182 0.000213896 0.000207 0.000142237 0.000136076 0.000211223 0.000179894 0.00012697 0.000245277 0.000246947 0.000177096 0.000149522 0.000143882 4.66791e-06
threshold=0.18431742644632845 31421472.000000004 0.066004006616997471 79.905001068115254 -0.097009495403288501 50171193.000000007 -0.041337854561385605 0.01136006124730027 60.183493763765988 72.768333498636892 84.154583231608086 81.369166819254573 0.87413570849230038 0.015451879117490871 -2866388925.9999995 0.0078119133433526286 51.863627403310566 72.389714712839606 58.173297011686664 0.0061133309836524886 0.23152275282915943 0.0085733200877342614 0.015163173278947997
decision_type=2 2 2 2 2 2 2 2 2 2 2 2 2 2 2 2 2 2 2 2 2 2 2
left_child=4 16 3 8 5 6 -1 -8 -3 13 11 -11 -12 15 -15 -6 17 18 -2 21 -21 -18 -19
right_child=1 2 -4 -5 9 -7 7 -9 -10 10 12 -13 -14 14 -16 -17 19 22 -20 20 -22 -23 -24
leaf_value=-0.00018406004996310038 0 -0.00023708069155201593 0 0 0 8.4971893491563678e-05 0 -4.4420504597139678e-05 -2.4797538602019589e-05 1.6190915722162183e-05 1.0293635833517752e-05 7.7274244959281069e-05 -6.2253252062547675e-05 4.3641828394537887e-05 0 -7.708161825447423e-05 0 0 -0.00010677280860406283 0 -3.3018231868605785e-05 3.5783966477112756e-05 1.4457207723909895e-05
leaf_weight=34 73 32 42 30 319 27 1182 191 60 439 290 135 25 152 177 31 333 22 49 47 185 173 20
leaf_count=34 73 32 42 30 319 27 1182 191 60 439 290 135 25 152 177 31 333 22 49 47 185 173 20
internal_value=-9.05926e-08 -1.4071e-05 -6.40049e-05 -9.56103e-05 3.8748e-06 -7.13695e-06 -1.10425e-05 -4.56004e-06 -0.000131386 1.58585e-05 2.47135e-05 3.57937e-05 0 0 1.73958e-05 -8.08376e-06 -1.66044e-06 -2.66743e-05 -5.25757e-05 0 -1.7019e-05 1.34943e-05 0
internal_weight=4068 1066 164 122 3002 1434 1407 1373 92 1568 889 574 315 679 329 350 902 164 122 738 232 506 42
internal_count=4068 1066 164 122 3002 1434 1407 1373 92 1568 889 574 315 679 329 350 902 164 122 738 232 506 42
is_linear=0
shrinkage=0.03


Tree=80
num_leaves=28
num_cat=0
split_feature=20 28 31 35 35 35 30 28 21 29 25 25 36 28 1 1 30 21 29 22 34 20 21 35 31 35 30
split_gain=0.000274676 0.000781554 0.000702029 0.000604702 0.000623792 0.0004347 0.000431708 0.000357685 0.000555296 0.00053327 0.000529454 0.000351077 0.000260051 0.000471051 0.000268256 0.000669947 0.000184585 0.000262453 0.000170827 0.000161792 0.000147867 0.000142268 0.000130408 0.00012937 0.000305741 4.47708e-05 3.35185e-05
threshold=65.671250057220476 -2898349226.4999995 0.0035857506805874188 0.0267857183404509 0.031622430187895012 0.0267857183404509 82.227973184388233 -34707013.999999993 84.154583231608086 15.730531301782792 -0.055052521521601887 0.13990302596554297 -0.0035315262270730154 -2732083858.9999995 77.674999237060561 76.174999237060561 74.644133773336875 80.983333651224783 81.158493186219118 56.275851088586471 0.041601320026548934 73.856250381469735 63.41541630427043 0.017869146459496429 0.0010019927503900352 0.014851939122983691 67.869316924063938
decision_type=2 2 2 2 2 2 2 2 2 2 2 2 2 2 2 2 2 2 2 2 2 2 2 2 2 2 2
left_child=1 5 3 22 -5 23 11 12 16 -10 -11 -4 13 21 15 -14 17 -9 -15 -16 -18 -2 -3 25 -25 -1 -7
right_child=7 2 6 4 -6 26 -8 8 9 10 -12 -13 14 18 19 -17 20 -19 -20 -21 -22 -23 -24 24 -26 -27 -28
leaf_value=0 0 2.9388446425509807e-05 -2.5810491483489596e-05 -0.00022403562730136093 0 9.1636427382381277e-05 0 0 1.9475874386322149e-05 -0.00011720159618890728 -6.5517789236847173e-06 -0.0001947271951674867 0 3.7478251818034194e-05 2.2217211311520349e-05 -9.0968698772331489e-05 -5.2305239336477972e-05 9.2049516025837701e-05 0 0 0 -5.2994616714436146e-05 0 -7.3668585720821779e-05 0 2.4276790303906955e-05 0
leaf_weight=260 59 144 81 22 46 52 23 183 29 114 163 57 551 709 579 85 56 46 49 344 27 60 94 71 65 78 21
leaf_count=260 59 144 81 22 46 52 23 183 29 114 163 57 551 709 579 85 56 46 49 344 27 60 94 71 65 78 21
internal_value=-6.7213e-08 -1.42608e-05 -4.37373e-05 -5.9089e-06 -8.96911e-05 5.42456e-06 -9.69644e-05 3.66343e-06 -1.49312e-05 -4.53269e-05 -6.29422e-05 -0.000117394 9.61268e-06 2.28779e-05 2.25311e-07 -1.2618e-05 5.27257e-06 2.59606e-05 3.33321e-05 1.23254e-05 -1.5668e-05 -1.84963e-05 5.45673e-06 0 -2.85194e-05 4.11873e-06 7.46473e-05
internal_weight=4068 1014 467 306 68 547 161 3054 618 306 277 138 2436 877 1559 636 312 229 758 923 83 119 238 474 136 338 73
internal_count=4068 1014 467 306 68 547 161 3054 618 306 277 138 2436 877 1559 636 312 229 758 923 83 119 238 474 136 338 73
is_linear=0
shrinkage=0.03


Tree=81
num_leaves=24
num_cat=0
split_feature=25 5 34 19 25 5 5 28 33 22 30 28 24 33 27 22 30 30 36 29 25 21 5
split_gain=0.000259502 0.000479565 0.000471738 0.000495738 0.000437254 0.000313289 0.00108518 0.00137711 0.000309898 0.000240255 0.000153723 0.000182909 0.000179256 0.000194971 0.000149005 0.000120304 0.000235255 0.000228239 0.000161273 0.000160701 0.000142004 0.000114156 5.72504e-05
threshold=0.18431742644632845 31421472.000000004 0.066004006616997471 79.905001068115254 -0.097009495403288501 50171193.000000007 34340384.500000007 -1265135050.9999998 0.015729859674024963 60.183493763765988 54.467201162233131 54245099.500000007 -0.025917077781534559 0.0074518777895284946 0.89889368695774985 51.863627403310566 72.389714712839606 58.173297011686664 0.0061133309836524886 79.470345673671204 0.23152275282915943 67.595833555857368 13420419.500000002
decision_type=2 2 2 2 2 2 2 2 2 2 2 2 2 2 2 2 2 2 2 2 2 2 2
left_child=4 15 3 9 5 6 8 -8 -1 -3 12 14 21 -14 -12 16 17 -2 19 -17 -20 -6 -13
right_child=1 2 -4 -5 10 -7 7 -9 -10 -11 11 22 13 -15 -16 18 -18 -19 20 -21 -22 -23 -24
leaf_value=4.0130587028134383e-07 0 -0.00022864029196604526 0 0 0 8.3043160046084781e-05 0 -0.00024651031110711427 -4.8926044461797137e-05 -2.3144372785773849e-05 3.7394501280656207e-05 0 -3.1865329827309711e-05 3.4845809014066611e-06 0 2.8844330667913539e-05 0 -0.00010361491689501047 0 0 -3.1645873046547666e-05 2.5440108096342235e-05 -4.0064330574393781e-05
leaf_weight=1203 73 32 42 30 227 27 47 39 118 60 568 20 207 92 58 279 42 49 47 227 185 364 32
leaf_count=1203 73 32 42 30 227 27 47 39 118 60 568 20 207 92 58 279 42 49 47 227 185 364 32
internal_value=-9.30691e-08 -1.34695e-05 -6.16306e-05 -9.26395e-05 3.65785e-06 -6.92936e-06 -1.07937e-05 -0.000114896 -1.73746e-06 -0.000127365 1.52532e-05 2.70367e-05 2.90419e-06 -1.09608e-05 3.24749e-05 -1.3815e-06 -2.589e-05 -5.13316e-05 3.12474e-09 1.31547e-05 -1.57488e-05 1.49947e-05 0
internal_weight=4068 1066 164 122 3002 1434 1407 86 1321 92 1568 678 890 299 626 902 164 122 738 506 232 591 52
internal_count=4068 1066 164 122 3002 1434 1407 86 1321 92 1568 678 890 299 626 902 164 122 738 506 232 591 52
is_linear=0
shrinkage=0.03


Tree=82
num_leaves=29
num_cat=0
split_feature=20 28 31 35 26 35 30 28 26 4 29 25 24 36 28 30 24 25 35 29 5 2 24 5 26 21 28 29
split_gain=0.000255976 0.000743585 0.000658144 0.00056388 0.00144746 0.000413958 0.000412425 0.000325941 0.000629125 0.000705184 0.000414836 0.000300777 0.000275354 0.000360862 0.000623555 0.000265869 0.000449204 0.000257286 0.000319349 0.000254526 0.000237147 0.000251077 0.000183406 0.000178304 0.000153233 0.000125006 0.000111149 4.04376e-05
threshold=65.671250057220476 -2898349226.4999995 0.0035857506805874188 0.0267857183404509 1.9846724747307956 0.0267857183404509 82.227973184388233 -34707013.999999993 1.7297239671300173 97.974998474121108 61.366070913128176 0.13990302596554297 0.84983983323302625 -0.003249919127456482 -2598932320.9999995 74.05965381654174 0.51847330989264184 0.20646353761351846 0.013942190907903348 35.529222024878152 20684947.500000004 50.850000381469734 0.20175452649295081 47958087.000000007 1.4379352610777774 63.41541630427043 -2732083858.9999995 74.71918248019071
decision_type=2 2 2 2 2 2 2 2 2 2 2 2 2 2 2 2 2 2 2 2 2 2 2 2 2 2 2 2
left_child=1 5 3 25 -5 20 11 12 15 10 -10 -4 17 26 -15 24 -17 18 -2 -11 27 -22 -19 -7 -9 -3 -14 -1
right_child=7 2 6 4 -6 23 -8 8 9 19 -12 -13 13 14 -16 16 -18 22 -20 -21 21 -23 -24 -25 -26 -27 -28 -29
leaf_value=1.8153362298402166e-05 3.6483571707206742e-06 2.8665371530051964e-05 -2.5013131456715616e-05 -0.00021819515925590094 0 0.00010162034305758013 0 0 -0.00015323711868217953 4.7059818600261339e-05 0 -0.00018813258551869332 0 6.1624544313274852e-06 -7.3692621196467378e-05 0 -9.0714710174457055e-05 -1.8540303398201472e-05 3.5271768951972349e-05 -3.5710371448355556e-05 0 -5.8105089371901861e-05 1.9136181745945006e-05 0 6.4969483760886826e-05 0 3.6803366381871978e-05 0
leaf_weight=244 880 144 81 38 30 53 23 193 72 48 37 57 24 63 165 40 57 317 738 96 87 117 153 20 75 94 96 26
leaf_count=244 880 144 81 38 30 53 23 193 72 48 37 57 24 63 165 40 57 317 738 96 87 117 153 20 75 94 96 26
internal_value=-8.34177e-08 -1.38031e-05 -4.25862e-05 -5.602e-06 -8.66403e-05 5.29031e-06 -9.42101e-05 3.48984e-06 -1.41754e-05 -5.20237e-05 -0.000109982 -0.000114199 9.20331e-06 -1.11332e-05 -3.84822e-05 3.84922e-06 -2.59925e-05 1.40298e-05 1.99277e-05 0 0 -2.88081e-05 0 7.28428e-05 2.58457e-05 4.97873e-06 1.58397e-05 1.27703e-05
internal_weight=4068 1014 467 306 68 547 161 3054 618 253 109 138 2436 348 228 365 97 2088 1618 144 474 204 470 73 268 238 120 270
internal_count=4068 1014 467 306 68 547 161 3054 618 253 109 138 2436 348 228 365 97 2088 1618 144 474 204 470 73 268 238 120 270
is_linear=0
shrinkage=0.03


Tree=83
num_leaves=25
num_cat=0
split_feature=34 34 32 5 5 35 0 31 21 1 35 2 26 3 30 32 30 30 23 1 28 32 32 22
split_gain=0.000242109 0.000301671 0.000930564 0.00045228 0.000502769 0.00122865 0.000246173 0.000287467 0.000236016 0.000258102 0.000253373 0.000221151 0.000273471 0.00022058 0.000171039 0.000166799 0.000162268 0.000136586 8.28157e-05 7.71781e-05 0.000175806 2.86637e-05 0.000173959 7.76364e-06
threshold=0.032638715944053327 0.025008514633340088 0.029918881218565011 34340384.500000007 40992717.500000007 0.018775581072877561 40.104272842407234 0.0068526917560793885 76.563332939147969 74.724998474121108 0.0096943882451571515 84.52500152587892 1.4259458751776106 80.224998474121108 77.830873267024188 0.027268325251410767 58.173297011686664 59.479676319241825 1.0101385524309701 60.625000000000007 -2943360699.9999995 0.016063202545522185 -0.0034799374899687203 67.040145488339093
decision_type=2 2 2 2 2 2 2 2 2 2 2 2 2 2 2 2 2 2 2 2 2 2 2 2
left_child=1 3 11 8 5 -5 14 21 9 -1 -10 17 -13 -9 19 18 -6 -3 -16 20 -2 22 -8 -15
right_child=6 2 -4 4 16 -7 7 13 10 -11 -12 12 -14 23 15 -17 -18 -19 -20 -21 -22 -23 -24 -25
leaf_value=0 0 0 0.0001995688767905274 0 8.174470575007231e-06 -0.00020129325518165783 0 -0.00014342110066741093 -5.4477418063175956e-06 -3.3142360484176122e-05 1.7407472129070944e-05 0 -0.00010041622384424745 -1.3723563948254574e-05 7.4325881729590386e-05 0 -6.7812818979714483e-05 4.292799843592649e-05 0 0 -0.00011687554052148046 1.0407045748169444e-05 -5.8560267302875521e-05 0
leaf_weight=1216 26 20 28 33 114 48 21 43 399 249 1332 24 31 37 55 32 30 138 21 31 22 34 52 32
leaf_count=1216 26 20 28 33 114 48 21 43 399 249 1332 24 31 37 55 32 30 138 21 31 22 34 52 32
internal_value=-2.18934e-08 1.66466e-06 3.41789e-05 0 -4.16604e-05 -0.000101964 -2.26181e-05 -4.42652e-05 2.26319e-06 -5.31085e-06 1.04063e-05 0 -3.4993e-05 -7.8343e-05 0 2.71593e-05 0 2.88473e-05 5.49587e-05 -3.06271e-05 -5.46502e-05 0 -1.73891e-05 0
internal_weight=4068 3662 241 3421 225 81 406 219 3196 1465 1731 213 55 112 187 108 144 158 76 79 48 107 73 69
internal_count=4068 3662 241 3421 225 81 406 219 3196 1465 1731 213 55 112 187 108 144 158 76 79 48 107 73 69
is_linear=0
shrinkage=0.03


Tree=84
num_leaves=27
num_cat=0
split_feature=5 0 25 21 28 21 26 25 35 28 3 36 20 5 3 28 0 23 23 32 36 25 33 23 35 32
split_gain=0.000239003 0.000418964 0.000334341 0.000261063 0.000641573 0.000434591 0.00119102 0.000711863 0.000426408 0.000368104 0.000549238 0.000473166 0.000428683 0.000312662 0.000228698 0.000193334 0.000177393 0.00012691 9.93488e-05 9.26243e-05 7.10143e-05 5.88301e-05 6.37353e-05 3.14823e-05 2.92262e-05 1.27999e-05
threshold=12222302.000000002 42.834110260009773 0.12598336410149802 65.549999809265145 -2904959859.9999995 63.41541630427043 1.2654407105346108 0.16584984351859747 0.0267857183404509 -34707013.999999993 80.075000762939467 -0.010973713643867693 100.01749916076662 31195957.500000004 77.325000762939467 -2753500443.9999995 40.794057846069343 -0.43422487342371591 -0.13770448093558227 -0.012618445368498486 0.0099732168459668816 -0.29794122354124775 0.013921305814910802 -0.5858347429908618 0.013841967044745796 -0.0061833674638461225
decision_type=2 2 2 2 2 2 2 2 2 2 2 2 2 2 2 2 2 2 2 2 2 2 2 2 2 2
left_child=1 2 21 4 8 7 -7 -6 16 11 17 13 -12 -5 -13 24 -2 -11 23 -10 -20 -1 -23 -17 25 -3
right_child=3 15 -4 9 5 6 -8 -9 19 10 12 14 -14 -15 -16 18 -18 -19 20 -21 -22 22 -24 -25 -26 -27
leaf_value=0 -2.0010413957019426e-05 0 0 6.412525353229203e-05 1.0873885679046781e-05 0 -0.00022020315577366513 -7.2602281509850526e-05 0 0 -6.1607953902332213e-05 -1.1908561726195759e-05 0 0 1.1043908435183038e-05 -1.2971655170051268e-05 2.1956833672858338e-05 3.7607805506272612e-05 -4.2541003009075334e-05 9.2968450369850051e-05 0 6.9497174713141838e-05 0 1.6028549582274465e-05 0 3.6324176157462057e-05
leaf_weight=22 327 20 110 196 195 91 47 127 20 45 285 672 86 54 906 75 77 102 144 53 20 195 28 61 31 79
leaf_count=22 327 20 110 196 195 91 47 127 20 45 285 672 86 54 906 75 77 102 144 53 20 195 28 61 31 79
internal_value=-4.06664e-08 1.40064e-05 3.8673e-05 -4.31357e-06 -1.7774e-05 -4.3563e-05 -9.36789e-05 -1.27484e-05 8.1171e-07 0 -2.11686e-05 7.36372e-06 -4.33163e-05 4.58156e-05 0 0 -4.58435e-06 1.4325e-05 -1.89227e-05 7.16799e-05 -3.46366e-05 5.82625e-05 6.29808e-05 0 2.26161e-05 3.06091e-05
internal_weight=4068 785 355 3283 937 460 138 322 477 2346 518 1828 371 250 1578 430 404 147 300 73 164 245 223 136 130 99
internal_count=4068 785 355 3283 937 460 138 322 477 2346 518 1828 371 250 1578 430 404 147 300 73 164 245 223 136 130 99
is_linear=0
shrinkage=0.03


Tree=85
num_leaves=13
num_cat=0
split_feature=31 23 24 21 29 32 5 2 21 22 35 23
split_gain=0.000228881 0.000301345 0.000224612 0.000272903 0.000539725 0.000984922 0.000317579 0.00026567 0.000157958 6.80614e-05 0.000331399 7.188e-06
threshold=0.02982749388521622 0.30862363626471284 -1.5763246469278902 95.990416717529314 21.541457528706903 0.019469499573860575 12023309.500000002 70.52500152587892 84.263749885559093 31.082798883226644 0.017869146459496429 1.1566524886126361
decision_type=2 2 2 2 2 2 2 2 2 2 2 2
left_child=2 -2 9 6 -5 -6 8 -8 -4 -1 -11 -3
right_child=1 11 3 4 5 -7 7 -9 -10 10 -12 -13
leaf_value=0 -9.9558483281249273e-05 1.7940197383234294e-05 2.8839639340785862e-05 0 -0.0001386506706812584 0 -1.5607280558130169e-05 2.3654009385027298e-06 0 0 0.00010808954491200633 0
leaf_weight=35 48 20 488 34 84 21 1031 1993 201 43 48 22
leaf_count=35 48 20 488 34 84 21 1031 1993 201 43 48 22
internal_value=0 -4.77637e-05 3.33029e-07 -1.88949e-07 -4.19302e-05 -8.33589e-05 5.66814e-07 -2.77047e-06 1.95658e-05 4.00688e-05 5.38027e-05 0
internal_weight=4068 90 3978 3852 139 105 3713 3024 689 126 91 42
internal_count=4068 90 3978 3852 139 105 3713 3024 689 126 91 42
is_linear=0
shrinkage=0.03


Tree=86
num_leaves=28
num_cat=0
split_feature=20 28 29 35 35 28 26 4 24 29 4 28 24 36 28 30 24 25 35 29 5 4 24 5 4 28 36
split_gain=0.000216064 0.000674172 0.000441119 0.000682644 0.000375879 0.000275861 0.000559944 0.000676562 0.000395169 0.000260745 0.000251982 0.000310399 0.000246676 0.000332959 0.000595265 0.000244064 0.000418212 0.000238173 0.00030135 0.000219813 0.000208909 0.000291369 0.000174314 0.000162768 0.000154518 0.000103732 4.6091e-05
threshold=65.671250057220476 -2898349226.4999995 70.717874573878589 0.041729467096975566 0.0267857183404509 -34707013.999999993 1.7297239671300173 97.974998474121108 1.823353739707448 58.247517672760587 53.250000000000007 -1218208600.4999998 0.84983983323302625 -0.003249919127456482 -2598932320.9999995 74.05965381654174 0.51847330989264184 0.20646353761351846 0.013942190907903348 35.529222024878152 22521576.000000004 50.975000381469734 0.20175452649295081 47958087.000000007 79.424999237060561 -2732083858.9999995 0.0082824119435818949
decision_type=2 2 2 2 2 2 2 2 2 2 2 2 2 2 2 2 2 2 2 2 2 2 2 2 2 2 2
left_child=1 4 3 9 20 12 15 8 -8 -3 -4 -12 17 25 -15 24 -17 18 -2 -9 26 -22 -19 -6 -7 -14 -1
right_child=5 2 10 -5 23 6 7 19 -10 -11 11 -13 13 14 -16 16 -18 22 -20 -21 21 -23 -24 -25 -26 -27 -28
leaf_value=1.6430733908421256e-05 3.0411921508783015e-06 -9.3178258760218766e-06 0.00010233819633643682 -0.00023822458947117965 9.710685660935001e-05 0 -0.00013478025954708747 4.5911443777108392e-05 0 -0.00010308730573547945 -7.9516384398680586e-05 0 0 6.1163438628715464e-06 -7.1505549551609488e-05 0 -8.6988160191129839e-05 -1.8298243933179479e-05 3.3774480388063657e-05 -3.1679254812402257e-05 0 -7.2448986275832266e-05 1.819943718462569e-05 0 4.4600639146707565e-05 3.5346332717549756e-05 0
leaf_weight=264 880 273 21 24 53 113 86 48 23 57 45 47 24 63 165 40 57 317 738 96 88 80 153 20 155 96 42
leaf_count=264 880 273 21 24 53 113 86 48 23 57 45 47 24 63 165 40 57 317 738 96 88 80 153 20 155 96 42
internal_value=0 -1.26132e-05 -4.01281e-05 -5.69675e-05 5.3972e-06 3.2932e-06 -1.27859e-05 -4.8669e-05 -0.000105244 -3.46289e-05 0 -7.93657e-06 8.60422e-06 -1.04244e-05 -3.6912e-05 3.87609e-06 -2.39466e-05 1.32127e-05 1.89145e-05 0 0 -3.06776e-05 -3.41189e-08 6.96118e-05 2.51413e-05 1.49117e-05 9.86961e-06
internal_weight=4068 1014 467 354 547 3054 618 253 109 330 113 92 2436 348 228 365 97 2088 1618 144 474 168 470 73 268 120 306
internal_count=4068 1014 467 354 547 3054 618 253 109 330 113 92 2436 348 228 365 97 2088 1618 144 474 168 470 73 268 120 306
is_linear=0
shrinkage=0.03


Tree=87
num_leaves=23
num_cat=0
split_feature=5 0 25 24 0 31 5 31 0 0 4 28 27 31 25 23 36 25 33 24 5 24
split_gain=0.00020819 0.000381308 0.000314788 0.000255286 0.000369522 0.000569599 0.000630612 0.000243811 0.000208591 0.00045452 0.000264956 0.000176301 0.000110383 0.000190579 0.000180734 9.05825e-05 6.88865e-05 5.43884e-05 5.86238e-05 3.06794e-05 2.34927e-05 6.73116e-07
threshold=12222302.000000002 42.834110260009773 0.12598336410149802 0.55419382171330733 39.442333221435554 -0.016414734768432356 16213596.000000002 -0.032785624838081721 33.34442329406739 32.309312820434577 77.875000000000014 -2753500443.9999995 0.91725882192203845 0.019198464891116766 -0.10945651821203238 -0.13770448093558227 0.0099732168459668816 -0.29794122354124775 0.013921305814910802 -0.46688355388423375 11041665.500000002 1.0312593421025518
decision_type=2 2 2 2 2 2 2 2 2 2 2 2 2 2 2 2 2 2 2 2 2 2
left_child=1 2 17 7 5 21 -7 -2 9 -9 -10 20 14 -14 -6 19 -17 -1 -19 -13 -3 -5
right_child=3 11 -4 4 12 6 -8 8 10 -11 -12 15 13 -15 -16 16 -18 18 -20 -21 -22 -23
leaf_value=0 -7.903864508385001e-05 2.9034065606905447e-05 0 0 -1.590675171501526e-05 0 -0.00010036195933342249 0 -1.2328724966294676e-05 5.7378050358715995e-05 9.3812955717593138e-06 -1.1323200411818851e-05 0 -9.0423582639707678e-05 1.8909406263274583e-05 -4.1079225476670047e-05 0 6.657653160431487e-05 0 1.7972355292381687e-05 0 5.7577749340778043e-06
leaf_weight=22 33 95 110 21 180 55 168 202 1008 185 969 84 79 33 328 144 20 195 28 52 35 22
leaf_count=22 33 95 110 21 180 55 168 202 1008 185 969 84 79 33 328 144 20 195 28 52 35 22
internal_value=0 1.31891e-05 3.67563e-05 -3.93362e-06 -1.77938e-05 -4.80013e-05 -7.10313e-05 0 2.31329e-06 2.27487e-05 -1.7054e-07 0 0 -2.97354e-05 6.6792e-07 -1.82221e-05 -3.32269e-05 5.57965e-05 6.03295e-05 0 2.12998e-05 1.71559e-06
internal_weight=4068 785 355 3283 886 266 223 2397 2364 387 1977 430 620 112 508 300 164 245 223 136 130 43
internal_count=4068 785 355 3283 886 266 223 2397 2364 387 1977 430 620 112 508 300 164 245 223 136 130 43
is_linear=0
shrinkage=0.03


Tree=88
num_leaves=16
num_cat=0
split_feature=34 33 36 3 28 22 34 32 22 33 33 28 5 1 30
split_gain=0.00019939 0.000309162 0.00023976 0.00023161 0.00090797 0.00058351 0.000289798 0.000264862 0.000163449 0.000110633 0.000163343 0.000220524 0.00016127 0.00012073 9.71569e-05
threshold=0.032638715944053327 0.04243112540457273 0.01668119409705637 59.049999237060554 -1027035204.4999999 36.909322410493019 -0.061710846132556278 -0.038691631805436215 72.044908464066637 0.021543011165497176 0.03893802474847375 41470116.500000007 16289573.500000002 88.974998474121108 79.689788363353003
decision_type=2 2 2 2 2 2 2 2 2 2 2 2 2 2 2
left_child=1 3 9 4 5 -1 -5 -8 -4 12 11 -11 -2 -12 -14
right_child=2 -3 8 6 -6 -7 7 -9 -10 10 13 -13 14 -15 -16
leaf_value=5.568932348839639e-05 -7.113831699220753e-05 0.00010494801382756329 -0.00010115608862992697 8.7840172503550845e-05 -0.00021357408324719992 -2.1398088760556028e-05 -7.4862192330560741e-05 4.11630554682308e-06 0 5.8151302090224193e-05 -4.1448006694558753e-05 0 -4.5878287893947821e-05 0 2.3765244240967363e-05
leaf_weight=98 48 26 52 39 21 501 36 2941 21 101 66 20 28 20 50
leaf_count=98 48 26 52 39 21 501 36 2941 21 101 66 20 28 20 50
internal_value=0 1.587e-06 -2.04738e-05 1.99717e-08 -1.57489e-05 -3.77142e-06 4.25665e-06 2.15107e-06 -7.26677e-05 -7.2225e-09 2.50067e-06 3.44121e-05 -2.79167e-05 -7.5426e-06 0
internal_weight=4068 3662 406 3636 620 599 3016 2977 73 333 207 121 126 86 78
internal_count=4068 3662 406 3636 620 599 3016 2977 73 333 207 121 126 86 78
is_linear=0
shrinkage=0.03


Tree=89
num_leaves=23
num_cat=0
split_feature=29 21 34 5 34 25 23 27 5 22 22 20 21 29 32 23 5 5 22 22 33 25
split_gain=0.000198987 0.000381341 0.000525818 0.000314702 0.000503673 0.00065315 0.000623127 0.00029184 0.000290714 0.000385075 0.00028204 0.000195512 0.000162606 0.00032687 0.000244702 0.000128715 6.45125e-05 6.1549e-05 5.73369e-05 8.02236e-05 4.30557e-05 4.99637e-05
threshold=19.523786687300507 93.773333040873226 -0.010658758928220767 20601893.000000004 -0.0010224835695099019 0.22023309625874804 -0.77257032250293622 0.098404455146633873 11041665.500000002 64.879618102489815 31.347296470650338 69.920000267028811 79.832082939147952 28.706860595919181 0.011050272479580571 -0.99533603341514965 16940591.500000004 17773152.500000004 52.751194313914375 42.71667048743911 -0.018322336363894184 -0.27758316446965919
decision_type=2 2 2 2 2 2 2 2 2 2 2 2 2 2 2 2 2 2 2 2 2 2
left_child=10 3 7 12 6 -6 -5 -3 -4 -10 11 -1 14 -14 -2 17 -9 -12 19 -17 21 -13
right_child=1 2 8 4 5 -7 -8 16 9 -11 15 20 13 -15 -16 18 -18 -19 -20 -21 -22 -23
leaf_value=-7.7366002365928787e-05 5.2343933606466468e-06 -4.7009457945739377e-05 0 0 3.0510171351073112e-05 -2.8815365154238763e-05 -6.2086854192931938e-05 0 -0.00011748732010192134 0 0 3.9547367021356021e-05 -1.7050024896216156e-05 2.4603964010937044e-05 -2.8675788222180372e-05 0 0.00010016196544090546 0.00013905499495674094 0 3.782560674219825e-05 -9.98338629440294e-06 0
leaf_weight=31 982 22 28 114 353 312 317 22 106 20 21 51 128 790 235 257 27 24 21 148 38 21
leaf_count=31 982 22 28 114 353 312 317 22 106 20 21 51 128 790 235 257 27 24 21 148 38 21
internal_value=0 -3.39667e-06 -4.12532e-05 0 -1.37831e-05 0 -3.91731e-05 0 -7.45446e-05 -9.41576e-05 1.5081e-05 -8.4973e-06 5.92689e-06 1.55272e-05 0 2.85078e-05 6.59904e-05 9.54172e-05 1.43786e-05 1.857e-05 0 2.20178e-05
internal_weight=4068 3456 225 3231 1096 665 431 71 154 126 612 141 2135 918 1217 471 49 45 426 405 110 72
internal_count=4068 3456 225 3231 1096 665 431 71 154 126 612 141 2135 918 1217 471 49 45 426 405 110 72
is_linear=0
shrinkage=0.03


Tree=90
num_leaves=18
num_cat=0
split_feature=29 29 5 26 22 4 0 35 34 20 23 22 22 5 33 5 23
split_gain=0.000187976 0.000365871 0.000608019 0.000305175 0.00027291 0.000251914 0.00034368 0.000447041 0.000410357 0.000183754 0.000119252 5.57764e-05 7.31714e-05 5.20553e-05 3.99029e-05 1.19048e-06 4.58729e-07
threshold=19.523786687300507 22.513360561801111 18004590.000000004 1.3676129879013701 31.347296470650338 46.324998855590827 33.34442329406739 0.025078338417018259 0.051773875710624535 69.920000267028811 -0.99533603341514965 52.751194313914375 42.71667048743911 17773152.500000004 -0.018322336363894184 15898018.000000002 0.067195264721306117
decision_type=2 2 2 2 2 2 2 2 2 2 2 2 2 2 2 2 2
left_child=4 2 16 -4 9 -3 7 -7 -8 -1 13 12 -12 -6 15 -11 -2
right_child=1 5 3 -5 10 6 8 -9 -10 14 11 -13 -14 -15 -16 -17 -18
leaf_value=-7.5052490491956051e-05 2.737306114660147e-06 -0.00010369173308472496 0 -0.000166042855706578 0 3.9025975157911738e-06 0 0.00011918094145392333 -5.3953515458093753e-05 0 0 0 3.6691604564640047e-05 0.00013490064565239171 -9.684671287371692e-06 2.5823947827137052e-05 0
leaf_weight=31 55 21 39 43 21 294 2798 48 135 22 257 21 148 24 38 50 23
leaf_count=31 55 21 39 43 21 294 2798 48 135 22 257 21 148 24 38 50 23
internal_value=0 -3.28358e-06 -4.78392e-05 -0.00010549 1.46803e-05 -2.0913e-07 0 2.88815e-05 -2.85765e-06 -8.33554e-06 2.79388e-05 1.39844e-05 1.81554e-05 9.31973e-05 0 2.11785e-05 0
internal_weight=4068 3456 160 82 612 3296 3275 342 2933 141 471 426 405 45 110 72 78
internal_count=4068 3456 160 82 612 3296 3275 342 2933 141 471 426 405 45 110 72 78
is_linear=0
shrinkage=0.03


Tree=91
num_leaves=27
num_cat=0
split_feature=5 0 25 24 0 31 5 24 5 5 32 5 19 27 5 25 36 21 5 1 25 33 1 27 20 20
split_gain=0.000185775 0.000358209 0.000299088 0.00023415 0.000330924 0.000544278 0.000590829 0.000241052 0.000686198 0.00062168 0.000443679 0.000391807 0.000149933 9.87094e-05 0.000173686 0.000170187 8.77367e-05 5.58169e-05 8.97563e-05 9.85119e-05 5.00618e-05 5.23699e-05 4.36896e-05 6.31399e-05 3.99312e-05 5.68335e-06
threshold=12222302.000000002 42.834110260009773 0.12598336410149802 0.55419382171330733 39.442333221435554 -0.016414734768432356 16213596.000000002 0.28586454282409762 34923481.500000007 40992717.500000007 0.0020000095911967279 32299966.500000004 87.695001220703134 0.91725882192203845 35485912.500000007 -0.10945651821203238 -0.0011444747617580296 85.01541646321617 11591760.500000002 84.424999237060561 -0.29794122354124775 0.013921305814910802 76.724998474121108 0.84322347165753186 73.39375057220461 74.993750381469752
decision_type=2 2 2 2 2 2 2 2 2 2 2 2 2 2 2 2 2 2 2 2 2 2 2 2 2 2
left_child=1 2 20 7 5 25 -7 8 11 -10 16 -2 -12 15 -15 -6 -9 22 19 -19 -1 -22 24 -24 -3 -5
right_child=3 17 -4 4 13 6 -8 10 9 -11 12 -13 -14 14 -16 -17 -18 18 -20 -21 21 -23 23 -25 -26 -27
leaf_value=0 0 0 0 1.6065511181597454e-05 -1.5416644484325438e-05 0 -9.6778857928421936e-05 2.2354406191445863e-06 -0.00013618542256023353 0 6.8917909992982176e-05 8.8772154391222852e-05 0 -5.3660229652523328e-05 0 1.8350181123380158e-05 -3.6421552713225275e-05 0 0 -4.1553276969581723e-05 6.428791327086482e-05 0 2.8809691849330112e-05 0 -3.9443130916371549e-05 0
leaf_weight=22 1821 92 110 21 180 55 168 113 64 119 155 45 21 85 27 328 59 20 32 127 195 28 116 20 23 22
leaf_count=22 1821 92 110 21 180 55 168 113 64 119 155 45 21 85 27 328 59 20 32 127 195 28 116 20 23 22
internal_value=0 1.24953e-05 3.53989e-05 -3.68648e-06 -1.69757e-05 -4.55945e-05 -6.83645e-05 0 -2.66221e-06 -5.8626e-05 2.41145e-05 1.22142e-06 5.84552e-05 0 -2.81327e-05 4.80529e-07 0 0 -1.67117e-05 -2.98193e-05 5.39787e-05 5.8335e-05 9.27909e-07 1.7044e-05 0 2.77085e-06
internal_weight=4068 785 355 3283 886 266 223 2397 2049 183 348 1866 176 620 112 508 172 430 179 147 245 223 251 136 115 43
internal_count=4068 785 355 3283 886 266 223 2397 2049 183 348 1866 176 620 112 508 172 430 179 147 245 223 251 136 115 43
is_linear=0
shrinkage=0.03


Tree=92
num_leaves=20
num_cat=0
split_feature=29 21 34 5 34 25 23 5 29 26 23 25 25 36 21 24 5 3 26
split_gain=0.000180772 0.00034648 0.000490296 0.000278689 0.000465116 0.000603996 0.00058907 0.000277765 0.000358903 0.000188262 0.000382802 0.000422458 0.00017907 0.000154213 0.000457295 0.000151525 0.000119425 9.00856e-05 0.000118808
threshold=19.523786687300507 93.773333040873226 -0.010658758928220767 20601893.000000004 -0.0010224835695099019 0.22023309625874804 -0.77257032250293622 11041665.500000002 72.758503347008244 2.0698378965120656 -1.3907624928643185 -0.40878142063627904 -0.23074306381301063 -0.0082466683456536745 72.407083002726253 0.64369414023797256 11739817.000000002 83.674999237060561 0.96615180390113975
decision_type=2 2 2 2 2 2 2 2 2 2 2 2 2 2 2 2 2 2 2
left_child=9 3 12 13 6 -6 -5 -4 -9 10 11 -1 -3 14 -2 -11 -15 18 -12
right_child=1 2 7 4 5 -7 -8 8 -10 15 17 -13 -14 16 -16 -17 -18 -19 -20
leaf_value=-0.00013781957533230821 -7.9933625510808194e-06 -6.2214986283857415e-06 0 0 2.9638789844269788e-05 -2.734736642970064e-05 -5.9753797184887393e-05 -0.00012157410560691492 0 0.00013844443029488066 0 0 6.6533599137051218e-05 1.4556012711968032e-05 5.2358573775498633e-05 0 -2.2024726316032844e-06 0 3.14734662152392e-05
leaf_weight=30 87 35 28 114 353 312 317 92 34 22 65 40 36 479 223 20 1346 81 354
leaf_count=30 87 35 28 114 353 312 317 92 34 22 65 40 36 479 223 20 1346 81 354
internal_value=0 -3.18969e-06 -3.92621e-05 0 -1.29368e-05 0 -3.73703e-05 -7.1521e-05 -9.07389e-05 1.44344e-05 4.13605e-06 -5.22687e-05 0 5.61754e-06 2.57497e-05 8.25966e-05 5.52867e-07 1.80404e-05 2.41208e-05
internal_weight=4068 3456 225 3231 1096 665 431 154 126 612 570 70 71 2135 310 42 1825 500 419
internal_count=4068 3456 225 3231 1096 665 431 154 126 612 570 70 71 2135 310 42 1825 500 419
is_linear=0
shrinkage=0.03


Tree=93
num_leaves=12
num_cat=0
split_feature=31 23 31 26 23 28 0 0 3 23 27
split_gain=0.000175967 0.000283506 0.000165651 0.000466358 0.000300541 0.000401815 0.000168737 0.000358829 0.000307206 7.67424e-06 7.46273e-07
threshold=0.02982749388521622 0.30862363626471284 -0.032785624838081721 1.7714278150303888 -1.8416742168631826 -255955484.49999997 33.289602279663093 32.309312820434577 77.125000000000014 1.1566524886126361 0.17935861337263606
decision_type=2 2 2 2 2 2 2 2 2 2 2
left_child=2 -2 3 -1 5 -4 7 -6 -8 -3 -7
right_child=1 9 4 -5 6 10 8 -9 -10 -11 -12
leaf_value=-0.00014328310197834405 -9.2647918682737111e-05 1.853706395086734e-05 0.00013187590178290212 0 0 5.1728905404943793e-06 -1.2023411817106835e-05 4.4556142689506483e-05 5.6399554646300481e-06 0 0
leaf_weight=27 48 20 37 21 213 25 1584 234 1809 22 28
leaf_count=27 48 20 37 21 213 25 1584 234 1809 22 28
internal_value=0 -4.18387e-05 4.0482e-07 -5.32991e-05 1.82542e-06 5.61018e-05 0 1.78089e-05 -1.72204e-06 0 0
internal_weight=4068 90 3978 48 3930 90 3840 447 3393 42 53
internal_count=4068 90 3978 48 3930 90 3840 447 3393 42 53
is_linear=0
shrinkage=0.03


Tree=94
num_leaves=26
num_cat=0
split_feature=20 28 31 31 30 28 26 4 31 25 28 3 25 30 23 31 29 23 29 31 29 25 3 30 34
split_gain=0.000167556 0.000625353 0.00060479 0.000430644 0.000382612 0.000240206 0.000480726 0.000629791 0.000401889 0.000231322 0.000229681 0.00036073 0.000225833 0.000212432 0.000310004 0.000206981 0.000192777 0.000188748 0.000175673 0.000163392 0.000109309 0.000105361 0.000441624 5.39153e-05 4.61207e-05
threshold=65.671250057220476 -2898349226.4999995 0.0035857506805874188 -0.02334932704628195 82.227973184388233 -34707013.999999993 1.7297239671300173 97.974998474121108 -0.010738188960057236 -0.64593558798302497 -87308874.499999985 87.974998474121108 0.13990302596554297 74.05965381654174 0.96801703516494098 0.0008957417275784475 37.865434759218779 0.40387565340511605 35.529222024878152 0.0031338140993186774 75.330540087583202 -0.13765984506312121 50.225000381469734 33.9550528565184 -0.0089874691567404779
decision_type=2 2 2 2 2 2 2 2 2 2 2 2 2 2 2 2 2 2 2 2 2 2 2 2 2
left_child=1 19 3 -3 12 9 13 8 -8 -2 11 -11 -4 17 -15 -5 -12 -7 -9 21 23 22 -1 -21 -23
right_child=5 2 4 15 -6 6 7 18 -10 10 16 -13 -14 14 -16 -17 -18 -19 -20 20 -22 24 -24 -25 -26
leaf_value=0 8.3513170937817271e-05 -0.00010681685112816003 -2.1405534852824647e-05 0 0 0 0 4.2538798360077542e-05 -0.00012958712006366115 4.6500040410598582e-06 0 -6.0024962243514476e-05 -0.00017347948308650814 0 -8.8227809859758269e-05 7.1834424691630445e-05 5.6563829521402299e-05 5.0833517659181802e-05 -2.7193776209793623e-05 0 0 2.1696780717962501e-05 -0.00012994590340501425 5.7286245333012403e-05 0
leaf_weight=43 42 34 81 236 23 146 23 48 86 2088 88 78 57 55 42 36 140 122 96 53 31 90 29 96 205
leaf_count=43 42 34 81 236 23 146 23 48 86 2088 88 78 57 55 42 36 140 122 96 53 31 90 29 96 205
internal_value=0 -1.10479e-05 -3.77366e-05 -2.21043e-06 -8.65933e-05 2.97467e-06 -1.19222e-05 -4.52112e-05 -9.96861e-05 7.98573e-06 5.40417e-06 9.33347e-07 -0.000106022 2.94134e-06 -2.23973e-05 0 3.47059e-05 2.33072e-05 0 6.25691e-06 3.05848e-05 0 -3.60918e-05 4.23052e-05 1.75212e-06
internal_weight=4068 1014 467 306 161 3054 618 253 109 2436 2394 2166 138 365 97 272 228 268 144 547 180 367 72 149 295
internal_count=4068 1014 467 306 161 3054 618 253 109 2436 2394 2166 138 365 97 272 228 268 144 547 180 367 72 149 295
is_linear=0
shrinkage=0.03


Tree=95
num_leaves=19
num_cat=0
split_feature=29 29 5 36 26 1 32 26 4 0 26 23 5 24 33 33 29 24
split_gain=0.000161658 0.000342302 0.000563655 0.000324927 0.000328203 0.000231211 0.000454998 0.000435663 0.000242189 0.000273546 0.000176211 0.000359872 0.000405862 0.000141246 9.04439e-05 0.000165883 7.25463e-05 8.40431e-07
threshold=19.523786687300507 22.513360561801111 18004590.000000004 0.0052925536627031504 1.1220623764454247 99.850002288818374 0.019469499573860575 2.4243381586723811 46.324998855590827 33.34442329406739 2.0698378965120656 -1.3907624928643185 16507369.000000002 0.64369414023797256 -0.036555006943202954 -0.029474209212520138 12.959018585659747 0.053133401658995084
decision_type=2 2 2 2 2 2 2 2 2 2 2 2 2 2 2 2 2 2
left_child=10 2 17 4 -4 8 7 -7 -3 -10 11 12 -1 -12 -13 -16 -14 -2
right_child=1 5 3 -5 -6 6 -8 -9 9 -11 13 14 16 -15 15 -17 -18 -19
leaf_value=0 3.8855589226008119e-06 -9.8681268599480195e-05 0 0 -0.00019664338589840471 0 0 -0.00015481965840966833 2.7529879391900872e-05 0 0.0001332967877345859 5.6386054425887813e-05 -0.00016300725950194254 0 -3.0056890913933093e-05 1.6794271705487769e-05 0 0
leaf_weight=22 50 21 23 22 37 24 28 42 342 2839 22 70 23 20 55 375 25 28
leaf_count=22 50 21 23 22 37 24 28 42 342 2839 22 70 23 20 55 375 25 28
internal_value=0 -3.01554e-06 -4.60494e-05 -0.000101558 -0.000137679 -1.50149e-08 -4.69591e-05 -9.66147e-05 4.27645e-07 2.02808e-06 1.36509e-05 3.52944e-06 -5.11259e-05 7.94207e-05 1.71887e-05 3.82096e-06 -0.000106787 0
internal_weight=4068 3456 160 82 60 3296 94 66 3202 3181 612 570 70 42 500 430 48 78
internal_count=4068 3456 160 82 60 3296 94 66 3202 3181 612 570 70 42 500 430 48 78
is_linear=0
shrinkage=0.03


Tree=96
num_leaves=28
num_cat=0
split_feature=20 28 29 35 35 29 4 28 28 26 4 29 24 23 23 35 33 30 24 23 5 4 30 0 5 21 0
split_gain=0.000160045 0.000594926 0.000427899 0.000567808 0.000373446 0.000240882 0.000226169 0.000265228 0.000222058 0.000437894 0.000605187 0.000400986 0.000211151 0.000640848 0.000232415 0.000218656 0.000198479 0.000195859 0.000376338 0.000180479 0.000174765 0.000249424 0.000161201 0.000158912 0.000146739 8.71104e-05 4.32302e-05
threshold=65.671250057220476 -2898349226.4999995 70.717874573878589 0.041729467096975566 0.0267857183404509 54.584871672300814 53.250000000000007 -1218208600.4999998 -34707013.999999993 1.7297239671300173 97.974998474121108 61.366070913128176 0.84983983323302625 0.89902804415365989 0.72608694201595381 0.010177271349489337 0.0042305846104004905 74.05965381654174 0.51847330989264184 0.40387565340511605 22521576.000000004 50.975000381469734 78.710137979381855 50.337730407714851 47958087.000000007 87.28333358764651 35.951692581176765
decision_type=2 2 2 2 2 2 2 2 2 2 2 2 2 2 2 2 2 2 2 2 2 2 2 2 2 2 2
left_child=1 4 3 5 20 -3 -4 -8 12 17 11 -11 15 14 -14 25 -15 19 -19 -10 26 -22 -17 -12 -6 -2 -1
right_child=8 2 6 -5 24 -7 7 -9 9 10 23 -13 13 16 -16 22 -18 18 -20 -21 21 -23 -24 -25 -26 -27 -28
leaf_value=0 0 -5.4903872787921264e-06 9.8010241532625435e-05 -0.00022191432565890241 9.582146602289126e-05 -8.8796678710643847e-05 -7.2883235278643627e-05 1.0123218622526902e-07 0 -0.00013819208437059076 5.4748650232531838e-05 0 0 3.1012847172275298e-05 -0.00015265043998539097 2.1625056786723755e-05 -1.4761831973655335e-05 0 -8.193169150142864e-05 4.9268506166632591e-05 0 -6.6598615443860684e-05 0 -1.9856902059108105e-05 0 -4.726098383215661e-05 1.8451795083683533e-05
leaf_weight=114 481 260 21 24 53 70 45 47 146 72 33 37 33 158 35 1381 122 40 57 122 88 80 191 111 20 35 192
leaf_count=114 481 260 21 24 53 70 45 47 146 72 33 37 33 158 35 1381 122 40 57 122 88 80 191 111 20 35 192
internal_value=0 -1.08061e-05 -3.68552e-05 -5.36595e-05 5.95255e-06 -3.22711e-05 0 -3.06478e-06 2.89649e-06 -1.13421e-05 -4.31541e-05 -9.65021e-05 7.74053e-06 -9.58868e-06 -9.45452e-05 1.20658e-05 3.59555e-07 2.49731e-06 -2.1431e-05 2.23526e-05 0 -2.78937e-05 1.78478e-05 0 6.97353e-05 0 9.30391e-06
internal_weight=4068 1014 467 354 547 330 113 92 3054 618 253 109 2436 348 68 2088 280 365 97 268 474 168 1572 144 73 516 306
internal_count=4068 1014 467 354 547 330 113 92 3054 618 253 109 2436 348 68 2088 280 365 97 268 474 168 1572 144 73 516 306
is_linear=0
shrinkage=0.03


Tree=97
num_leaves=26
num_cat=0
split_feature=5 21 26 20 29 34 24 24 35 34 32 24 24 4 31 34 32 22 36 35 24 30 26 21 30
split_gain=0.000157923 0.000213344 0.000207815 0.000436193 0.000344888 0.000368107 0.00028938 0.000369719 0.000246296 0.00016822 0.000154108 0.000115472 0.000163865 0.000110268 0.000108187 0.000105742 9.465e-05 7.21142e-05 6.28589e-05 6.82005e-05 6.25566e-05 0.000138888 5.73037e-05 3.2552e-05 2.27948e-05
threshold=12222302.000000002 84.263749885559093 0.98212667987755808 65.671250057220476 70.717874573878589 -0.014890874926138773 0.79181071454040963 1.0889140678899487 0.0089422395623098162 0.0070108529460451994 -0.015604240454133887 -0.46688355388423375 -1.2453920069002538 52.149999618530281 0.0023661748146106558 -0.0012243600698265131 -0.0021721774604380735 59.093276978242322 -0.0075188014455881648 0.008419093017414012 0.18682818215803559 69.337902064929935 0.75019709626339492 73.404583104451504 56.329694469762067
decision_type=2 2 2 2 2 2 2 2 2 2 2 2 2 2 2 2 2 2 2 2 2 2 2 2 2
left_child=1 9 18 4 5 -4 8 -8 -5 10 -1 12 -3 -6 -12 -14 23 -18 -2 -20 21 -13 -21 -11 -22
right_child=2 11 3 6 13 -7 7 -9 -10 16 14 20 15 -15 -16 -17 17 -19 19 22 24 -23 -24 -25 -26
leaf_value=0 0 0 0 -2.6749119608785405e-05 5.6489340832211379e-05 -6.6273368618463628e-05 -5.3673584639902102e-05 0 9.7123864632506321e-06 -6.579729599295563e-05 5.6971153721711555e-05 5.1222448279990512e-05 -9.8094277640474413e-05 0 0 0 0 4.1507012639476929e-05 0 0 -2.0870285065678553e-05 0 3.1817049257771572e-05 0 0
leaf_weight=34 63 21 210 155 31 268 192 300 1595 21 210 69 36 106 90 30 100 51 63 51 47 21 249 21 34
leaf_count=34 63 21 210 155 31 268 192 300 1595 21 210 69 36 106 90 30 100 51 63 51 47 21 249 21 34
internal_value=0 1.1468e-05 -3.4412e-06 -7.0813e-06 -2.95152e-05 -4.20715e-05 0 -2.11758e-05 4.76741e-06 2.36356e-05 3.65309e-05 -1.76218e-06 -3.46751e-05 0 4.41347e-05 -6.17697e-05 0 1.23735e-05 1.39267e-05 1.95809e-05 0 2.49974e-05 2.58541e-05 -3.83914e-05 0
internal_weight=4068 785 3283 2857 615 478 2242 492 1750 527 334 258 87 137 300 66 193 151 426 363 171 90 300 42 81
internal_count=4068 785 3283 2857 615 478 2242 492 1750 527 334 258 87 137 300 66 193 151 426 363 171 90 300 42 81
is_linear=0
shrinkage=0.03


Tree=98
num_leaves=14
num_cat=0
split_feature=34 33 29 26 3 28 22 34 32 32 23 1 24
split_gain=0.000154376 0.000308839 0.000255344 0.00054049 0.000179171 0.000813303 0.000524682 0.000270722 0.000221106 6.85542e-05 0.000137453 0.000307047 6.18351e-05
threshold=0.032638715944053327 0.04243112540457273 72.031485185429617 1.4259458751776106 59.049999237060554 -1027035204.4999999 36.909322410493019 -0.061710846132556278 -0.038691631805436215 -0.0021721774604380735 1.1566524886126361 89.974998474121108 0.27617925840151475
decision_type=2 2 2 2 2 2 2 2 2 2 2 2 2
left_child=1 4 3 -2 5 6 -1 -6 -9 -4 12 -12 -11
right_child=2 -3 9 -5 7 -7 -8 8 -10 10 11 -13 -14
leaf_value=5.3971330817259812e-05 0 0.00010440593633543826 2.3866440362010997e-05 -0.0001554919074490491 8.3981938036384958e-05 -0.00020076338379418747 -1.9473970171185286e-05 -6.8933103338220616e-05 3.4264540776667143e-06 -1.0042331352976993e-05 -9.9891822182867967e-05 0 2.3962268584673516e-05
leaf_weight=98 27 26 38 35 39 21 501 36 2941 164 44 30 68
leaf_count=98 27 26 38 35 39 21 501 36 2941 164 44 30 68
internal_value=0 1.33744e-06 -1.80554e-05 -7.63707e-05 0 -1.40299e-05 -2.44336e-06 3.6049e-06 1.54145e-06 0 -1.14309e-05 -4.70025e-05 0
internal_weight=4068 3662 406 62 3636 620 599 3016 2977 344 306 74 232
internal_count=4068 3662 406 62 3636 620 599 3016 2977 344 306 74 232
is_linear=0
shrinkage=0.03


Tree=99
num_leaves=17
num_cat=0
split_feature=29 29 35 26 22 1 32 26 4 0 20 23 22 22 33 36
split_gain=0.000146543 0.000323774 0.000388664 0.000324962 0.000237305 0.000205393 0.00042991 0.000407683 0.000212132 0.000251962 0.00015644 0.000116597 4.85381e-05 7.99758e-05 3.35232e-05 2.89288e-06
threshold=19.523786687300507 22.513360561801111 0.015091821924474133 1.3676129879013701 31.347296470650338 99.850002288818374 0.019469499573860575 2.4243381586723811 46.324998855590827 33.34442329406739 69.920000267028811 -0.99533603341514965 52.751194313914375 43.458355586176012 -0.018322336363894184 -0.0045141000683537012
decision_type=2 2 2 2 2 2 2 2 2 2 2 2 2 2 2 2
left_child=4 2 -2 -4 10 8 7 -7 -3 -10 -1 -6 13 -13 15 -12
right_child=1 5 3 -5 11 6 -8 -9 9 -11 14 12 -14 -15 -16 -17
leaf_value=-6.9384927301026776e-05 0 -9.2282818508405065e-05 0 -0.00013472393705768739 8.8339571349587104e-05 0 0 -0.00014928853961101548 2.639821119179855e-05 0 2.614063622645105e-05 0 0 3.6680821062834842e-05 -9.3388267690554115e-06 0
leaf_weight=31 78 21 29 53 45 24 28 42 342 2839 43 275 21 130 38 29
leaf_count=31 78 21 29 53 45 24 28 42 342 2839 43 275 21 130 38 29
internal_value=0 -2.95279e-06 -4.48141e-05 -9.04265e-05 1.28934e-05 -9.22565e-09 -4.42738e-05 -9.29733e-05 3.5469e-07 1.91221e-06 -7.95443e-06 2.55029e-05 1.18054e-05 1.59508e-05 0 1.9297e-05
internal_weight=4068 3456 160 82 612 3296 94 66 3202 3181 141 471 426 405 110 72
internal_count=4068 3456 160 82 612 3296 94 66 3202 3181 141 471 426 405 110 72
is_linear=0
shrinkage=0.03


Tree=100
num_leaves=24
num_cat=0
split_feature=25 25 5 5 32 32 26 24 24 26 5 23 5 5 28 22 35 24 36 5 0 5 19
split_gain=0.000146749 0.000370884 0.000364732 0.000327854 0.000885194 0.000328641 0.0003123 0.000617337 0.000239898 0.000171744 0.000354714 0.000387054 0.000172711 0.000159055 0.000148394 0.000103205 0.000233505 0.000320072 0.000137568 0.000146613 0.000115355 9.46232e-05 1.83464e-05
threshold=0.18431742644632845 -0.097009495403288501 31421472.000000004 50171193.000000007 -0.041337854561385605 0.0097071131900863267 2.0251624584858035 -0.35451774720039192 0.5982904001121877 1.2358471825997703 13765753.500000002 0.91479470155027098 11821373.000000002 7861440.5000000009 -2466429354.9999995 51.863627403310566 0.018181807124724659 -1.0366570996277429 0.0061133309836524886 14458628.000000002 42.834110260009773 9492862.5000000019 79.295000457763692
decision_type=2 2 2 2 2 2 2 2 2 2 2 2 2 2 2 2 2 2 2 2 2 2 2
left_child=1 3 15 4 -1 -6 7 -4 -9 12 21 -12 13 -3 -14 16 17 -2 19 -17 -20 -11 -18
right_child=2 9 6 -5 5 -7 -8 8 -10 10 11 -13 14 -15 -16 18 22 -19 20 -21 -22 -23 -24
leaf_value=-0.00016510143118778713 0 0 -0.00024369264713938727 8.5663632361941724e-05 0 -3.8648856505616289e-05 0 0 -6.608973401633061e-05 3.1206937064780499e-05 6.0365345632148142e-05 0 5.9358238049722341e-06 4.3470004873301533e-05 -1.8958585981374765e-05 0 0 -9.5765652601674715e-05 0 2.6916498648007093e-05 -3.1687108743472292e-05 -1.5664319580537267e-05 2.3041816618835543e-05
leaf_weight=34 43 47 21 27 1154 219 35 54 54 46 304 107 406 159 335 187 26 64 101 319 131 164 31
leaf_count=34 43 47 21 27 1154 219 35 54 54 46 304 107 406 159 335 187 26 64 101 319 131 164 31
internal_value=0 2.80175e-06 -1.00886e-05 -6.89294e-06 -1.08071e-05 -4.78966e-06 -5.15906e-05 -7.45675e-05 -1.3735e-05 1.35809e-05 2.66325e-05 4.29904e-05 1.85283e-06 2.76434e-05 -1.27174e-06 0 -2.33728e-05 -5.2908e-05 2.09458e-06 1.40028e-05 -1.0947e-05 0 0
internal_weight=4068 3002 1066 1434 1407 1373 164 129 108 1568 621 411 947 206 741 902 164 107 738 506 232 210 57
internal_count=4068 3002 1066 1434 1407 1373 164 129 108 1568 621 411 947 206 741 902 164 107 738 506 232 210 57
is_linear=0
shrinkage=0.03


Tree=101
num_leaves=24
num_cat=0
split_feature=5 21 26 20 29 28 29 26 29 32 2 34 5 26 31 5 5 4 36 35 31 26 21
split_gain=0.000143071 0.000197931 0.000193851 0.000396335 0.000326422 0.000353462 0.000285597 0.000491716 0.000356391 0.000156653 0.00011418 9.74894e-05 9.29339e-05 8.46196e-05 7.02965e-05 6.59058e-05 0.000147613 0.000101402 5.96811e-05 6.51746e-05 5.90151e-05 5.43519e-05 3.03518e-05
threshold=12222302.000000002 84.263749885559093 0.98212667987755808 65.671250057220476 70.717874573878589 -2857359586.4999995 52.640364732587649 1.4565484651076723 37.865434759218779 -0.0021721774604380735 63.225000381469734 0.0070108529460451994 11821373.000000002 1.5408811398937059 0.0035857506805874188 11105539.500000002 9170300.5000000019 95.52500152587892 -0.0075188014455881648 0.008419093017414012 0.0057468000553727592 0.75019709626339492 73.404583104451504
decision_type=2 2 2 2 2 2 2 2 2 2 2 2 2 2 2 2 2 2 2 2 2 2 2
left_child=1 9 18 4 5 -4 8 -8 -5 11 -6 14 13 -11 -1 16 -3 -18 -2 -20 -17 -21 -13
right_child=2 15 3 6 10 -7 7 -9 -10 12 -12 22 -14 -15 -16 20 17 -19 19 21 -22 -23 -24
leaf_value=2.4309042938971691e-05 0 0 0 0 3.4112968225483799e-05 -6.3304491272877145e-05 0 -3.9706225637837417e-05 3.3495042669627147e-05 4.8177998908055667e-05 -1.2932710012444657e-05 -6.3871847122457412e-05 0 0 0 2.8563558977941686e-05 -5.9549297913506739e-05 0 0 0 0 3.0893548054615623e-05 0
leaf_weight=156 63 68 203 836 80 275 652 383 371 246 57 21 36 25 22 65 80 23 63 51 22 249 21
leaf_count=156 63 68 203 836 80 275 652 383 371 246 57 21 36 25 22 65 80 23 63 51 22 249 21
internal_value=0 1.0879e-05 -3.30425e-06 -6.84468e-06 -2.82404e-05 -4.05034e-05 0 -1.24888e-05 8.89896e-06 2.26512e-05 0 0 3.66022e-05 4.27335e-05 1.27555e-05 -1.54333e-06 -1.87153e-05 -4.32418e-05 1.33953e-05 1.8934e-05 0 2.50841e-05 -3.73604e-05
internal_weight=4068 785 3283 2857 615 478 2242 1035 1207 527 137 220 307 271 178 258 171 103 426 363 87 300 42
internal_count=4068 785 3283 2857 615 478 2242 1035 1207 527 137 220 307 271 178 258 171 103 426 363 87 300 42
is_linear=0
shrinkage=0.03


Tree=102
num_leaves=26
num_cat=0
split_feature=25 25 22 30 30 36 25 2 19 21 4 30 26 21 23 25 25 33 26 35 0 31 26 35 19
split_gain=0.000135358 0.000344325 0.000309036 0.000473668 0.000631489 0.000369666 0.000305574 0.000279262 0.00062325 0.000641544 0.000286065 0.000260808 0.000169806 0.000227894 0.000280849 0.000167961 0.000137794 0.000117186 8.3041e-05 0.000170061 7.60439e-05 7.11805e-05 4.45329e-05 1.26365e-05 7.15699e-06
threshold=0.18431742644632845 -0.097009495403288501 52.477616201891443 71.236080986564318 58.173297011686664 0.015203770108482536 0.24398100308111173 50.850000381469734 61.759999847412111 63.242916456858325 96.174999237060561 53.554713905225263 1.2358471825997703 88.333333333333357 0.91479470155027098 -0.18156847347379537 0.23152275282915943 0.014471285987813111 0.99443579008814709 0.008419093017414012 36.146537780761726 0.03355099209390467 2.1871330282230335 0.015163173278947997 83.950000762939467
decision_type=2 2 2 2 2 2 2 2 2 2 2 2 2 2 2 2 2 2 2 2 2 2 2 2 2
left_child=1 7 3 4 24 11 -7 15 9 -9 -10 17 18 14 -14 -1 -13 -4 19 -3 -20 -8 -15 -5 -2
right_child=2 12 5 23 -6 6 21 8 10 -11 -12 16 13 22 -16 -17 -18 -19 20 -21 -22 -23 -24 -25 -26
leaf_value=7.7634735499208666e-05 -1.0352594502496463e-05 0 9.1694056201891495e-05 0 -0.0001593195073236195 0 -0.00010484032388445613 -1.5390951567579354e-05 0 -0.00023649290780077212 -5.4631655742372341e-05 -2.9877247220488549e-05 4.8226059534716711e-05 -2.4439969844396132e-05 0 0 6.0448757980032128e-06 0 -2.1763841795953407e-05 2.826454821245431e-05 0 0 0 1.8822684863399462e-05 0
leaf_weight=46 60 76 43 31 54 22 59 120 1113 23 88 115 377 67 134 44 582 20 147 286 438 27 43 32 21
leaf_count=46 60 76 43 31 54 22 59 120 1113 23 88 115 377 67 134 44 582 20 147 286 438 27 43 32 21
internal_value=0 2.66934e-06 -9.70589e-06 -4.37147e-05 -7.71851e-05 0 -5.35958e-05 -6.62429e-06 -1.18134e-05 -7.20576e-05 -2.1372e-06 5.40209e-06 1.30818e-05 2.59786e-05 3.49491e-05 3.74976e-05 0 6.38079e-05 1.4552e-06 1.44403e-05 -1.45379e-06 -8.2466e-05 0 0 0
internal_weight=4068 3002 1066 198 135 868 108 1434 1344 143 1201 760 1568 621 511 90 697 63 947 362 585 86 110 63 81
internal_count=4068 3002 1066 198 135 868 108 1434 1344 143 1201 760 1568 621 511 90 697 63 947 362 585 86 110 63 81
is_linear=0
shrinkage=0.03


Tree=103
num_leaves=16
num_cat=0
split_feature=34 33 0 36 33 23 5 34 23 3 28 22 34 32 33
split_gain=0.000134243 0.000297067 0.000199597 0.000391817 0.000314719 0.000438482 0.000206555 0.00018688 0.00017809 0.000166205 0.000695938 0.000495416 0.000258064 0.000192611 7.22247e-05
threshold=0.032638715944053327 0.04243112540457273 40.104272842407234 0.0046670544334028088 0.03893802474847375 0.3329063856550683 19757902.500000004 0.054622645858974146 0.58970446708558211 59.049999237060554 -1027035204.4999999 36.909322410493019 -0.061710846132556278 -0.038691631805436215 0.021543011165497176
decision_type=2 2 2 2 2 2 2 2 2 2 2 2 2 2 2
left_child=1 9 4 -4 6 -6 -2 14 -8 10 11 -1 -11 -14 -5
right_child=2 -3 3 7 5 -7 8 -9 -10 12 -12 -13 13 -15 -16
leaf_value=5.2035358780799204e-05 0 0.00010222895208735488 0 -5.4959319007785228e-05 -0.00012808805421800872 0 0.00010443722857732553 -0.00014074256841219062 0 8.1774417650820375e-05 -0.00018696096409068073 -1.9161949704012906e-05 -6.4266055716034607e-05 3.1775121071679862e-06 0
leaf_weight=98 49 26 89 22 33 26 44 41 35 39 21 501 36 2941 67
leaf_count=98 49 26 89 22 33 26 44 41 35 39 21 501 36 2941 67
internal_value=0 1.21479e-06 -1.68583e-05 -3.66968e-05 0 -5.01137e-05 3.24421e-05 -7.05576e-05 6.36762e-05 0 -1.36144e-05 -2.49939e-06 3.3894e-06 1.35211e-06 -4.43356e-06
internal_weight=4068 3662 406 219 187 59 128 130 79 3636 620 599 3016 2977 89
internal_count=4068 3662 406 219 187 59 128 130 79 3636 620 599 3016 2977 89
is_linear=0
shrinkage=0.03


Tree=104
num_leaves=22
num_cat=0
split_feature=29 29 5 36 26 34 21 34 32 26 24 26 35 4 24 21 26 26 26 28 24
split_gain=0.000138771 0.000302332 0.000511125 0.000307147 0.000268811 0.000202954 0.000482244 0.000431082 0.000273853 0.00027127 0.000463155 0.000173974 0.000240015 0.000540907 0.00012202 0.000115544 0.000108592 0.000223784 2.8414e-05 2.38057e-05 3.51252e-07
threshold=19.523786687300507 22.513360561801111 18004590.000000004 0.0052925536627031504 1.1220623764454247 -0.020947016856315 93.773333040873226 -0.012334682599477174 -0.021007953730427572 1.2694317319572648 0.33166429726512958 2.0698378965120656 0.021236376505197465 69.575000762939467 0.64369414023797256 63.41541630427043 1.6833131015137937 1.1268353970591669 1.090917234017994 -239473512.99999997 0.053133401658995084
decision_type=2 2 2 2 2 2 2 2 2 2 2 2 2 2 2 2 2 2 2 2 2
left_child=11 2 20 4 -4 9 7 -7 -8 18 -11 12 16 15 -13 -14 17 -1 -3 -15 -2
right_child=1 5 3 -5 -6 6 8 -9 -10 10 -12 14 13 19 -16 -17 -18 -19 -20 -21 -22
leaf_value=0 2.5119547253616765e-06 0 0 0 -0.00018570127517085038 -3.6381018022423427e-05 0 3.6468099118988252e-06 -6.7632609316417179e-05 8.3055327006279419e-05 0 0.00012741744809054948 0 3.0454806934334568e-05 0 -0.00017306645833977869 0 4.27895294493663e-05 -2.5907468382318636e-05 0 0
leaf_weight=210 50 29 23 22 37 267 24 2590 155 118 75 22 28 23 20 23 38 228 38 20 28
leaf_count=210 50 29 23 22 37 267 24 2590 155 118 75 22 28 23 20 23 38 228 38 20 28
internal_value=0 -2.89266e-06 -4.33611e-05 -9.62785e-05 -0.000131386 -1.67549e-08 -3.08878e-06 0 -5.08436e-05 2.43085e-05 4.53901e-05 1.25218e-05 2.50311e-06 -3.27755e-05 7.69026e-05 -0.000107261 1.57765e-05 2.22164e-05 0 0 0
internal_weight=4068 3456 160 82 60 3296 3036 2857 179 260 193 612 570 94 42 51 476 438 67 43 78
internal_count=4068 3456 160 82 60 3296 3036 2857 179 260 193 612 570 94 42 51 476 438 67 43 78
is_linear=0
shrinkage=0.03


Tree=105
num_leaves=25
num_cat=0
split_feature=5 0 25 26 20 29 34 29 26 29 28 0 1 0 26 36 1 25 19 32 22 19 28 1
split_gain=0.000131521 0.000301904 0.000266985 0.000173179 0.000360486 0.00030478 0.000361164 0.000255691 0.000445175 0.000340368 0.000148691 0.000137177 8.87224e-05 6.15797e-05 5.69903e-05 4.42127e-05 4.23388e-05 6.16576e-05 3.31338e-05 1.90096e-05 8.38408e-06 5.19344e-05 7.2114e-06 3.1848e-09
threshold=12222302.000000002 42.834110260009773 0.12598336410149802 0.98212667987755808 65.671250057220476 70.717874573878589 -0.014890874926138773 52.640364732587649 1.4565484651076723 37.865434759218779 -2753500443.9999995 34.528108596801765 76.724998474121108 40.311479568481452 0.93214743979545922 0.0069374572531435757 86.474998474121108 0.1951099458033963 84.170000457763692 -0.0067896733358542285 57.599952853849665 49.624999618530275 -3182351017.4999995 81.174999237060561
decision_type=2 2 2 2 2 2 2 2 2 2 2 2 2 2 2 2 2 2 2 2 2 2 2 2
left_child=1 2 14 13 5 6 -5 9 -9 -6 19 -7 -12 20 -1 -16 17 -15 -14 -3 21 -2 -22 -4
right_child=3 10 23 4 7 11 -8 8 -10 -11 12 -13 18 16 15 -17 -18 -19 -20 -21 22 -23 -24 -25
leaf_value=0 0 0 -2.0823865586823888e-07 0 0 7.4742120314730276e-05 -6.2507204237020894e-05 0 -3.776849978398533e-05 3.2444382510719242e-05 -7.1615249550453447e-05 0 0 4.1602431360473083e-05 6.1457831961019558e-05 0 0 0 -1.2426980227398192e-05 2.3401161028932466e-05 1.9718188886953784e-05 -2.4621903323088246e-05 0 0
leaf_weight=41 114 28 66 210 836 22 268 652 383 371 34 115 73 124 182 22 20 27 193 102 36 77 28 44
leaf_count=41 114 28 66 210 836 22 268 652 383 371 34 115 73 124 182 22 20 27 193 102 36 77 28 44
internal_value=0 1.03893e-05 3.16821e-05 -3.20041e-06 -6.58047e-06 -2.69925e-05 -3.88729e-05 0 -1.18691e-05 8.35696e-06 -2.17914e-07 0 -1.77959e-05 1.24238e-05 4.93417e-05 5.63469e-05 2.6614e-05 3.24691e-05 0 1.727e-05 0 0 1.08498e-05 0
internal_weight=4068 785 355 3283 2857 615 478 2242 1035 1207 430 137 300 426 245 204 171 151 266 130 255 191 64 110
internal_count=4068 785 355 3283 2857 615 478 2242 1035 1207 430 137 300 426 245 204 171 151 266 130 255 191 64 110
is_linear=0
shrinkage=0.03


Tree=106
num_leaves=14
num_cat=0
split_feature=28 3 20 34 22 27 35 26 36 34 25 0 35
split_gain=0.000128769 0.000338414 0.000798801 0.000495967 0.000455961 0.000571678 0.000439054 0.000310247 0.000268955 0.000225114 0.000250153 9.82774e-05 1.92267e-05
threshold=-3276791023.4999995 59.049999237060554 59.026249694824223 0.054622645858974146 38.575715138694342 0.7558988578673963 0.020495575493723234 1.4565484651076723 0.0038945140168804861 -0.061710846132556278 -0.10343531268701765 36.474998474121101 0.0090850317762356716
decision_type=2 2 2 2 2 2 2 2 2 2 2 2 2
left_child=11 2 4 9 6 -6 -2 -5 -9 -3 -11 12 -1
right_child=1 3 -4 7 5 -7 -8 8 -10 10 -12 -13 -14
leaf_value=0 0 7.8600411732976448e-05 -0.00019655488396204442 0 -4.9439337015226197e-05 7.5155216137789686e-06 0.00013515770895579872 0 -0.00016409725789765927 -7.5678656271798496e-06 9.2244760863897531e-06 0 5.2250610650764109e-05
leaf_weight=20 58 39 25 23 334 156 30 26 34 1147 2078 20 78
leaf_count=20 58 39 25 23 334 156 30 26 34 1147 2078 20 78
internal_value=0 -1.46024e-06 -2.25273e-05 1.43948e-06 -9.77802e-06 -2.51877e-05 4.1905e-05 -6.91151e-05 -0.000106071 4.15476e-06 2.32188e-06 3.01659e-05 4.46893e-05
internal_weight=4068 3950 603 3347 578 490 88 83 60 3264 3225 118 98
internal_count=4068 3950 603 3347 578 490 88 83 60 3264 3225 118 98
is_linear=0
shrinkage=0.03


Tree=107
num_leaves=20
num_cat=0
split_feature=29 29 35 26 22 34 26 25 35 34 23 22 20 23 22 22 32 25 25
split_gain=0.000127207 0.000286129 0.000345407 0.000290053 0.000213055 0.000184212 0.00034454 0.000331695 0.000390577 0.000294659 0.000256113 0.000246373 0.000118819 0.000106009 4.49419e-05 7.81648e-05 1.39124e-05 1.90992e-06 1.35228e-07
threshold=19.523786687300507 22.513360561801111 0.015091821924474133 1.3676129879013701 31.347296470650338 -0.020947016856315 1.2593775119838666 -0.11216722003982442 0.012806447164865564 -0.012334682599477174 -0.77257032250293622 56.408338005143939 69.920000267028811 -0.99533603341514965 52.751194313914375 43.458355586176012 -0.01145127210981167 -0.29263540568212482 -0.32169535286634249
decision_type=2 2 2 2 2 2 2 2 2 2 2 2 2 2 2 2 2 2 2
left_child=4 2 -2 -4 12 7 11 10 -9 -8 -3 -7 -1 -6 15 -15 17 -14 -18
right_child=1 5 3 -5 13 6 9 8 -10 -11 -12 -13 16 14 -16 -17 18 -19 -20
leaf_value=-6.0494644267909767e-05 0 4.9978299446254015e-05 0 -0.00012691151164644752 8.427844602746802e-05 -6.743118202520204e-07 -5.2781528387935018e-05 0 0.00010061086147201395 -6.2088691641595043e-06 -3.0229016973804003e-05 2.1739281002792612e-05 1.7766757886492831e-05 0 0 3.5002793512899487e-05 0 0 -2.3324418054778636e-06
leaf_weight=31 78 53 29 53 45 1021 181 22 78 1266 107 568 45 275 21 130 21 21 23
leaf_count=31 78 53 29 53 45 1021 181 22 78 1266 107 568 45 275 21 130 21 21 23
internal_value=0 -2.73364e-06 -4.20688e-05 -8.50742e-05 1.20351e-05 0 -2.8847e-06 2.32439e-05 6.62279e-05 -1.41108e-05 0 5.4506e-06 -6.98085e-06 2.40962e-05 1.068e-05 1.48264e-05 0 1.37611e-05 -2.99872e-07
internal_weight=4068 3456 160 82 612 3296 3036 260 100 1447 160 1589 141 471 426 405 110 66 44
internal_count=4068 3456 160 82 612 3296 3036 260 100 1447 160 1589 141 471 426 405 110 66 44
is_linear=0
shrinkage=0.03


Tree=108
num_leaves=19
num_cat=0
split_feature=29 29 5 36 26 22 4 4 33 35 24 30 4 22 33 33 29 24
split_gain=0.000120561 0.00026849 0.000473155 0.000294516 0.000233474 0.000204986 0.000173026 0.000172598 0.000271928 0.000241685 0.000133788 0.000256288 0.000313196 9.85617e-05 7.19546e-05 0.000141536 6.06627e-05 3.16156e-07
threshold=19.523786687300507 22.513360561801111 18004590.000000004 0.0052925536627031504 1.1220623764454247 31.347296470650338 46.324998855590827 87.424999237060561 -0.0012492006756540384 0.023244527623317999 -0.71351551276644776 16.920628569171452 70.875000000000014 52.751194313914375 -0.035264492578164323 -0.029474209212520138 14.332252806980675 0.053133401658995084
decision_type=2 2 2 2 2 2 2 2 2 2 2 2 2 2 2 2 2 2
left_child=5 2 17 4 -4 10 -3 9 -9 -8 11 12 -1 14 16 -16 -7 -2
right_child=1 6 3 -5 -6 13 7 8 -10 -11 -12 -13 -14 -15 15 -17 -18 -19
leaf_value=-0.00016287823911964952 2.383160259167543e-06 -8.5908408141631486e-05 0 0 -0.00017740637680024255 9.110077906305508e-05 0 0 -3.4262732636586962e-05 2.3497497952470983e-05 0 0 0 0 -5.9919059404880715e-06 2.308860444060277e-05 0 0
leaf_weight=24 50 21 23 22 37 50 2316 191 311 457 44 26 47 21 43 337 20 28
leaf_count=24 50 21 23 22 37 50 2316 191 311 457 44 26 47 21 43 337 20 28
internal_value=0 -2.68834e-06 -4.08084e-05 -9.18386e-05 -0.000126223 1.16816e-05 0 0 -1.54901e-05 3.54568e-06 -6.74071e-06 -3.61397e-05 -7.09073e-05 2.35649e-05 2.78979e-05 1.19045e-05 7.1782e-05 0
internal_weight=4068 3456 160 82 60 612 3296 3275 502 2773 141 97 71 471 450 380 70 78
internal_count=4068 3456 160 82 60 612 3296 3275 502 2773 141 97 71 471 450 380 70 78
is_linear=0
shrinkage=0.03


Tree=109
num_leaves=26
num_cat=0
split_feature=5 0 28 19 34 3 28 36 35 31 31 31 23 28 33 23 36 33 34 35 23 35 23 20 31
split_gain=0.000119487 0.000282352 0.000160332 0.000478343 0.000577721 0.000317375 0.00033463 0.000718641 0.000252036 0.000215624 0.000357858 0.000185223 0.000157342 0.000138083 8.96419e-05 8.6116e-05 7.00888e-05 5.4643e-05 7.2427e-05 5.12268e-05 6.15956e-05 2.41879e-05 1.89943e-05 1.12316e-05 3.92134e-06
threshold=12222302.000000002 42.834110260009773 41470116.500000007 81.459999847412121 -0.0095023826817567918 77.325000762939467 -2521718408.9999995 -0.003249919127456482 0.027777771236801984 0.0056349660785403053 -0.0068969324168187121 0.02982749388521622 2.2595142375091197 -2753500443.9999995 -0.023381119960146798 -0.13770448093558227 0.0099732168459668816 0.018174902546121089 0.020537155415559453 0.013942190907903348 -0.39165280691585019 0.012173898776130372 -0.5858347429908618 79.411250495910664 -0.0095213174106299463
decision_type=2 2 2 2 2 2 2 2 2 2 2 2 2 2 2 2 2 2 2 2 2 2 2 2 2
left_child=1 14 5 19 24 6 8 -8 -2 10 -7 -11 -6 21 -1 22 -17 18 -16 -4 -21 23 -15 -3 -5
right_child=2 13 3 4 12 9 7 -9 -10 11 -12 -13 -14 15 17 16 -18 -19 -20 20 -22 -23 -24 -25 -26
leaf_value=0 -2.5129362070364883e-06 3.2009347979187767e-05 0 0 -0.00011790216579435509 2.6995528870969816e-05 1.614660444723701e-06 -4.6734859702292276e-05 4.0314095363867133e-05 3.748456773846849e-05 -1.2084784107761962e-05 0 0 -9.7097903796799952e-06 4.375179594348382e-05 -3.9955004187187685e-05 0 0 0 0 4.9129698069234135e-05 0 1.2802438497613449e-05 0 1.0828171451374931e-05
leaf_weight=24 726 65 46 20 91 328 373 502 137 353 568 23 24 75 275 144 20 27 29 20 42 45 61 20 30
leaf_count=24 726 65 46 20 91 328 373 502 137 353 568 23 24 75 275 144 20 27 29 20 42 45 61 20 30
internal_value=0 9.93233e-06 -3.02727e-06 -2.52694e-05 -6.05255e-05 -1.25414e-08 -9.29793e-06 -2.26981e-05 8.13833e-07 1.0316e-05 0 2.95961e-05 -9.88538e-05 -1.22788e-07 3.05567e-05 -1.72653e-05 -3.18973e-05 3.52854e-05 3.89528e-05 8.48205e-07 2.72703e-05 1.63606e-05 0 2.57879e-05 0
internal_weight=4068 785 3283 273 165 3010 1738 875 863 1272 896 376 115 430 355 300 164 331 304 108 62 130 136 85 50
internal_count=4068 785 3283 273 165 3010 1738 875 863 1272 896 376 115 430 355 300 164 331 304 108 62 130 136 85 50
is_linear=0
shrinkage=0.03


Tree=110
num_leaves=14
num_cat=0
split_feature=28 3 20 34 26 31 26 26 34 25 30 35 33
split_gain=0.000115952 0.000316712 0.000730436 0.000456302 0.000436573 0.000691602 0.000556048 0.000290695 0.000202425 0.000232412 6.80434e-05 6.34593e-05 1.2189e-05
threshold=-3276791023.4999995 59.049999237060554 59.026249694824223 0.054622645858974146 1.6123652999936402 -0.010582011898796371 0.98848266258063233 1.4565484651076723 -0.061710846132556278 -0.10343531268701765 31.146233932675369 0.012913605803225916 0.052779350836972723
decision_type=2 2 2 2 2 2 2 2 2 2 2 2 2
left_child=10 2 4 8 6 -6 -2 -5 -3 -10 -1 -12 -9
right_child=1 3 -4 7 5 -7 -8 12 9 -11 11 -13 -14
leaf_value=0 5.5112717455219878e-07 7.4879427445321325e-05 -0.00018860378431571846 0 0.00017947469994713671 0 -5.2358112004123196e-05 -0.00012924119880547614 -7.2164094174587435e-06 8.9352799982002253e-06 0 7.0678362023358696e-05 0
leaf_weight=42 207 39 25 23 24 59 288 38 1147 2078 33 43 22
leaf_count=42 207 39 25 23 24 59 288 38 1147 2078 33 43 22
internal_value=0 -1.36926e-06 -2.17686e-05 1.41015e-06 -9.33171e-06 4.30274e-05 -2.41774e-05 -6.61653e-05 4.04958e-06 2.26054e-06 2.86517e-05 4.55928e-05 -0.000102012
internal_weight=4068 3950 603 3347 578 83 495 83 3264 3225 118 76 60
internal_count=4068 3950 603 3347 578 83 495 83 3264 3225 118 76 60
is_linear=0
shrinkage=0.03


Tree=111
num_leaves=25
num_cat=0
split_feature=25 5 26 24 25 5 5 26 33 24 26 5 22 5 28 5 5 22 24 24 36 32 25 32
split_gain=0.000118479 0.00032772 0.000305631 0.000576148 0.000295894 0.00030091 0.000837707 0.00196415 0.000231928 0.000213298 0.000176345 0.000312794 0.00030538 0.000104065 0.000136354 0.000124064 8.33727e-05 8.28759e-05 0.000202929 0.000272137 0.000119785 0.000159 8.62009e-05 2.42734e-05
threshold=0.18431742644632845 31421472.000000004 2.0251624584858035 -0.35451774720039192 -0.10118169967485326 50171193.000000007 34340384.500000007 1.6453568329567847 0.015729859674024963 0.5982904001121877 1.2358471825997703 13765753.500000002 55.957881595956657 11821373.000000002 -2466429354.9999995 7861440.5000000009 9492862.5000000019 51.863627403310566 -1.0366570996277429 -0.39673669079030432 0.0060240887716521705 0.0085733200877342614 0.23152275282915943 0.0075056103296711205
decision_type=2 2 2 2 2 2 2 2 2 2 2 2 2 2 2 2 2 2 2 2 2 2 2 2
left_child=4 17 3 -3 5 6 8 -8 -1 -5 13 16 -13 15 -15 -6 -12 18 23 -20 21 -19 -22 -2
right_child=1 2 -4 9 10 -7 7 -9 -10 -11 11 12 -14 14 -16 -17 -18 20 19 -21 22 -23 -24 -25
leaf_value=0 2.2008886972252285e-05 -0.00023453803635183358 0 0 0 8.2748083724654042e-05 0 -0.00032524363199004023 -4.2382768878963287e-05 -6.1803928920921687e-05 2.9175449282288322e-05 5.8527502384270249e-05 0 5.5714090783738124e-06 -1.8123282506205057e-05 3.5767879609005043e-05 -1.4548233473238544e-05 0 -8.4913313339251076e-05 0 0 3.7239837991274943e-05 -2.2591194384701648e-05 0
leaf_weight=1188 45 21 35 54 47 27 60 25 118 54 47 277 137 414 337 160 165 331 69 25 48 170 189 25
leaf_count=1188 45 21 35 54 47 27 60 25 118 54 47 277 137 414 337 160 165 331 69 25 48 170 189 25
internal_value=0 -9.02324e-06 -4.82319e-05 -7.13278e-05 2.57012e-06 -6.03455e-06 -9.92025e-06 -0.000102118 -1.61537e-06 -1.16528e-05 1.21668e-05 2.50488e-05 4.03545e-05 6.16125e-07 -1.06808e-06 2.12098e-05 0 0 -2.07522e-05 -5.18833e-05 2.30404e-06 1.36083e-05 -8.935e-06 0
internal_weight=4068 1066 164 129 3002 1418 1391 85 1306 108 1584 626 414 958 751 207 212 902 164 94 738 501 237 70
internal_count=4068 1066 164 129 3002 1418 1391 85 1306 108 1584 626 414 958 751 207 212 902 164 94 738 501 237 70
is_linear=0
shrinkage=0.03


Tree=112
num_leaves=19
num_cat=0
split_feature=29 29 35 26 34 21 34 26 24 32 26 23 28 24 33 33 26 35
split_gain=0.000115694 0.000253036 0.000313366 0.000265543 0.000171639 0.000409842 0.000385885 0.000251098 0.000425328 0.000248445 0.000158386 0.000281487 0.000255016 0.000108103 9.53944e-05 0.000137386 2.76036e-05 7.72853e-06
threshold=19.523786687300507 22.513360561801111 0.015091821924474133 1.3676129879013701 -0.020947016856315 93.773333040873226 -0.012334682599477174 1.2694317319572648 0.33166429726512958 -0.021007953730427572 2.0698378965120656 -1.3907624928643185 -495199928.99999994 0.64369414023797256 -0.036555006943202954 -0.029474209212520138 1.090917234017994 0.014570011118325425
decision_type=2 2 2 2 2 2 2 2 2 2 2 2 2 2 2 2 2 2
left_child=10 2 -2 -4 7 6 -6 16 -9 -7 11 12 -1 -12 17 -16 -3 -13
right_child=1 4 3 -5 5 9 -8 8 -10 -11 13 14 -14 -15 15 -17 -18 -19
leaf_value=-0.00012549067935044102 0 0 0 -0.00012052023389355651 -3.4320796294373102e-05 0 3.551794545330694e-06 7.9174684019203784e-05 0 -6.2989710489124947e-05 0.00012026572827570038 0 0 0 -3.0276558314990536e-05 1.4043209798851083e-05 -2.553532643341752e-05 6.4686487318916757e-05
leaf_weight=24 78 29 29 53 267 24 2590 118 75 155 22 23 46 20 55 375 38 47
leaf_count=24 78 29 29 53 267 24 2590 118 75 155 22 23 46 20 55 375 38 47
internal_value=0 -2.55344e-06 -3.95372e-05 -8.05202e-05 0 -2.74837e-06 0 2.24886e-05 4.30294e-05 -4.67713e-05 1.15454e-05 1.7669e-06 -4.62596e-05 7.26751e-05 1.44973e-05 1.39356e-06 0 5.2079e-05
internal_weight=4068 3456 160 82 3296 3036 2857 260 193 179 612 570 70 42 500 430 67 70
internal_count=4068 3456 160 82 3296 3036 2857 260 193 179 612 570 70 42 500 430 67 70
is_linear=0
shrinkage=0.03


Tree=113
num_leaves=17
num_cat=0
split_feature=31 26 0 0 26 34 32 31 3 28 21 2 23 22 31 22
split_gain=0.000111385 0.000429011 0.000227223 0.000432605 0.000573351 0.000260356 0.000245126 0.000590955 0.000193954 0.000570003 0.000264596 0.000120591 0.000119252 0.000341804 0.00014169 2.24988e-05
threshold=-0.032785624838081721 1.7714278150303888 33.289602279663093 32.309312820434577 1.2063974796816201 0.051773875710624535 0.052297145225166049 0.018204682138838527 77.125000000000014 -357382742.49999994 84.154583231608086 78.825000762939467 -0.88931470713896477 44.279689381732631 -0.0057914312068322307 48.867957635583331
decision_type=2 2 2 2 2 2 2 2 2 2 2 2 2 2 2 2
left_child=1 -1 3 12 15 8 7 -7 9 -4 -10 -6 14 -14 -2 -5
right_child=2 -3 5 4 11 6 -8 -9 10 -11 -12 -13 13 -15 -16 -17
leaf_value=-0.00013395747125605841 8.7948019300073142e-05 0 0 1.3039019342581681e-05 0.00013623201451639855 0 0 -0.00018510166493234865 1.9578015508043005e-05 -5.9621000879083302e-05 -1.1101010275275958e-06 0 -8.2326055530987954e-05 0 0 0
leaf_weight=27 20 21 1420 119 65 87 20 29 825 171 1002 21 57 109 39 36
leaf_count=27 20 21 1420 119 65 87 20 29 825 171 1002 21 57 109 39 36
internal_value=0 -4.56391e-05 1.19715e-07 2.04177e-05 4.92016e-05 -1.69816e-06 -4.23908e-05 -6.32988e-05 0 -7.73517e-06 6.59044e-06 0.000113013 0 -2.18606e-05 2.17469e-05 0
internal_weight=4068 48 4020 466 241 3554 136 116 3418 1591 1827 86 225 166 59 155
internal_count=4068 48 4020 466 241 3554 136 116 3418 1591 1827 86 225 166 59 155
is_linear=0
shrinkage=0.03


Tree=114
num_leaves=23
num_cat=0
split_feature=29 30 5 28 5 23 26 28 26 28 0 26 22 22 27 24 24 30 23 5 24 36
split_gain=0.000109739 0.000240928 0.000433296 0.000376081 0.000467474 0.000352287 0.000461582 0.000641514 0.000296871 0.000419719 0.000223407 0.000213578 0.000195514 0.000178907 0.000131905 0.00011388 0.0002385 0.000170186 0.000100724 5.94777e-05 3.99823e-05 0.000122778
threshold=19.523786687300507 34.202959913868121 34340384.500000007 -251565835.99999997 23301978.500000004 -0.73699131221007252 1.3245229345535405 -21572616.499999996 1.2654407105346108 -243217197.99999997 38.000099182128913 1.4379352610777774 56.408338005143939 31.347296470650338 0.23718979399006168 -0.71351551276644776 -1.4794892035107499 16.449010082550505 -0.99533603341514965 17773152.500000004 -0.35948661241899077 -0.0017487792008688465
decision_type=2 2 2 2 2 2 2 2 2 2 2 2 2 2 2 2 2 2 2 2 2 2
left_child=13 2 3 10 -5 6 14 -8 12 -10 -2 -4 -7 15 -3 16 -1 -18 19 -15 -20 -22
right_child=1 5 11 4 -6 8 7 -9 9 -11 -12 -13 -14 18 -16 -17 17 -19 20 -21 21 -23
leaf_value=0 -1.664196915189462e-05 2.9902915864075591e-05 0 -6.4167092535454475e-05 8.8317906501002362e-07 -1.2878323203070362e-06 9.5067735847678285e-05 0 -3.4707539306733235e-05 0 2.3671340111158015e-05 -0.00019751138957356336 1.97567608431741e-05 0 -2.1401115500876096e-05 0 -9.4416740864757331e-05 0 0 0.00011935671662942686 2.9667032234719392e-05 0
leaf_weight=22 152 65 25 192 41 636 143 47 513 638 291 20 561 21 132 44 53 22 79 24 207 140
leaf_count=22 152 65 25 192 41 636 143 47 513 638 291 20 561 21 132 44 53 22 79 24 207 140
internal_value=0 -2.51095e-06 -1.81631e-05 -7.29288e-06 -3.9855e-05 5.18922e-07 2.78634e-05 6.13695e-05 -2.71139e-06 -1.44496e-05 3.06812e-06 -0.00011456 6.06994e-06 1.12141e-05 0 -4.65131e-06 -3.29691e-05 -6.5296e-05 2.23316e-05 8.01605e-05 9.16497e-06 1.438e-05
internal_weight=4068 3456 721 676 233 2735 387 190 2348 1151 443 45 1197 612 197 141 97 75 471 45 426 347
internal_count=4068 3456 721 676 233 2735 387 190 2348 1151 443 45 1197 612 197 141 97 75 471 45 426 347
is_linear=0
shrinkage=0.03


Tree=115
num_leaves=24
num_cat=0
split_feature=25 5 28 28 25 5 32 29 35 30 21 30 0 35 28 30 5 25 0 29 28 0 1
split_gain=0.000109785 0.000296381 0.000283143 0.000766936 0.000272633 0.000279422 0.000773637 0.000325143 0.00017145 0.000188855 0.00015334 7.82453e-05 0.000192013 0.000231142 0.000143101 0.000212077 7.7043e-05 0.000266542 0.000118929 5.05207e-05 4.88484e-05 3.92234e-05 7.22765e-06
threshold=0.18431742644632845 31421472.000000004 -1142628905.4999998 -2521718408.9999995 -0.097009495403288501 50171193.000000007 -0.041337854561385605 29.665218639667145 0.013270190272351412 36.401371285555747 88.333333333333357 81.850308991890117 40.032712936401374 0.012722678194273132 -1319935238.9999998 53.554713905225263 13259311.000000002 0.12197877358902244 45.743539810180671 74.71918248019071 -2814432119.9999995 35.429193496704109 92.899997711181655
decision_type=2 2 2 2 2 2 2 2 2 2 2 2 2 2 2 2 2 2 2 2 2 2 2
left_child=4 11 3 20 5 6 -1 -8 16 21 -11 14 13 -13 19 -16 18 -18 -6 -2 -3 -10 -14
right_child=1 2 -4 -5 8 -7 7 -9 9 10 -12 12 22 -15 15 -17 17 -19 -20 -21 -22 -23 -24
leaf_value=-0.00015336547574737447 2.3430469710633203e-05 -3.0232497254118369e-05 0 -0.00021441465892060076 2.5877946929019639e-05 7.9832997274451026e-05 6.8823079577613658e-06 -2.0980445423923154e-05 -2.0016312620075734e-05 3.412656609799974e-05 0 0 -7.0439877492818944e-06 8.854080052088713e-05 0 -3.0317607848299212e-05 -2.4347808125146007e-05 2.9907533645979619e-05 0 0 0 5.6928004425617434e-06 0
leaf_weight=34 94 48 63 28 229 27 748 625 77 585 47 47 131 53 104 379 336 71 87 64 25 136 30
leaf_count=34 94 48 63 28 229 27 748 625 77 585 47 47 131 53 104 379 336 71 87 64 25 136 30
internal_value=0 -8.665e-06 -4.59703e-05 -7.71408e-05 2.49986e-06 -5.60108e-06 -9.37814e-06 -3.6168e-06 1.18215e-05 2.10213e-05 2.93206e-05 0 1.165e-05 4.56115e-05 -7.38704e-06 -1.80608e-05 0 -7.5089e-06 1.21137e-05 6.2577e-06 0 0 0
internal_weight=4068 1066 164 101 3002 1434 1407 1373 1568 845 632 902 261 100 641 483 723 407 316 158 73 213 161
internal_count=4068 1066 164 101 3002 1434 1407 1373 1568 845 632 902 261 100 641 483 723 407 316 158 73 213 161
is_linear=0
shrinkage=0.03


Tree=116
num_leaves=14
num_cat=0
split_feature=28 3 28 22 27 35 34 34 32 5 22 0 35
split_gain=0.00010408 0.000284352 0.000473736 0.000541204 0.000540297 0.000509695 0.000409531 0.000186752 0.000171686 0.000147194 0.000127334 9.19987e-05 1.76259e-05
threshold=-3276791023.4999995 59.049999237060554 -1027035204.4999999 38.575715138694342 0.7558988578673963 0.020495575493723234 0.054622645858974146 -0.061710846132556278 -0.038691631805436215 21496960.000000004 70.976198715571215 36.474998474121101 0.0090850317762356716
decision_type=2 2 2 2 2 2 2 2 2 2 2 2 2
left_child=11 2 3 5 -5 -2 7 -3 -9 -8 -11 12 -1
right_child=1 6 -4 4 -6 -7 9 8 -10 10 -12 -13 -14
leaf_value=0 0 7.2082617756156741e-05 -0.00015852072252984717 -4.9468986729755271e-05 4.7723981037301787e-06 0.00014616661364814546 0 -5.8550214420685119e-05 3.7928595628945428e-06 -0.00013143325987724963 0 0 4.8865214738377437e-05
leaf_weight=20 59 39 25 333 155 31 26 36 3189 33 24 20 78
leaf_count=20 59 39 25 333 155 31 26 36 3189 33 24 20 78
internal_value=0 -1.21658e-06 -2.05796e-05 -9.39749e-06 -2.60969e-05 4.77828e-05 1.37611e-06 3.92162e-06 2.16494e-06 -6.25104e-05 -8.94811e-05 2.72701e-05 4.17048e-05
internal_weight=4068 3950 603 578 488 90 3347 3264 3225 83 57 118 98
internal_count=4068 3950 603 578 488 90 3347 3264 3225 83 57 118 98
is_linear=0
shrinkage=0.03


Tree=117
num_leaves=19
num_cat=0
split_feature=0 26 5 29 34 32 33 0 27 21 25 30 32 26 28 27 33 26
split_gain=0.000101914 0.000409852 0.00035234 0.00022253 0.000221007 0.000234907 0.000444071 0.000200382 0.000295041 0.000306855 0.000171421 0.000452619 0.000169512 0.000120079 0.000131129 0.000117194 8.63346e-05 1.28153e-05
threshold=33.289602279663093 1.6123652999936402 42824987.500000007 43.955436958687635 0.051773875710624535 0.052297145225166049 0.034665068101045755 36.042226791381843 0.70872803732825995 76.744166755676289 -0.13230151729945985 28.639544043069389 -0.013719616675474054 1.1917532564334381 -135352581.49999997 0.85999761999328339 0.018433844732519414 1.0406835102002387
decision_type=2 2 2 2 2 2 2 2 2 2 2 2 2 2 2 2 2 2
left_child=1 2 13 -3 7 6 16 8 9 -2 11 -9 -12 17 -15 -10 -6 -1
right_child=4 3 -4 -5 5 -7 -8 10 15 -11 12 -13 -14 14 -16 -17 -18 -19
leaf_value=2.8889964187426651e-06 -5.3571529259839188e-05 0 -8.5738803956402209e-05 0.00015151313930441556 -4.4918727459927704e-05 0 -0.00012025818865743811 8.2146701005458253e-06 3.7044738419920187e-05 0 3.2436912130791788e-05 -3.0650746241442812e-05 2.7403045282186749e-06 6.6532697201361212e-05 0 0 2.8168480079266023e-05 -1.0282841097831936e-05
leaf_weight=139 246 30 37 28 25 20 57 513 77 95 254 441 1765 61 86 62 34 98
leaf_count=139 246 30 37 28 25 20 57 513 77 95 254 441 1765 61 86 62 34 98
internal_value=0 1.25888e-05 0 8.74966e-05 -2.09789e-06 -3.97181e-05 -6.05828e-05 0 -1.85335e-05 -3.55101e-05 2.27844e-06 -6.60842e-06 7.96351e-06 1.07489e-05 3.21926e-05 1.54256e-06 0 0
internal_weight=4068 479 421 58 3589 136 116 3453 480 341 2973 954 2019 384 147 139 59 237
internal_count=4068 479 421 58 3589 136 116 3453 480 341 2973 954 2019 384 147 139 59 237
is_linear=0
shrinkage=0.03


Tree=118
num_leaves=26
num_cat=0
split_feature=25 22 28 30 36 25 21 25 5 5 28 33 30 35 30 21 27 35 29 25 5 28 36 35 0
split_gain=0.000100926 0.000278462 0.00054734 0.000385565 0.000280659 0.000321711 0.000308049 0.000249467 0.000266533 0.000751166 0.00102052 0.000204636 0.000192516 0.000184038 0.000201047 0.000155408 0.000136846 0.000108042 0.000102415 7.30158e-05 0.000152965 7.19528e-05 6.81999e-05 5.99043e-05 4.36897e-05
threshold=0.18431742644632845 52.477616201891443 -578255530.49999988 72.946393627333322 0.0061133309836524886 0.22742704209060152 82.071666781107595 -0.10118169967485326 50171193.000000007 34340384.500000007 -1265135050.9999998 0.015729859674024963 64.527805029189139 0.013270190272351412 36.401371285555747 88.333333333333357 0.89889368695774985 0.018181807124724659 67.322248973317016 0.1432823481508794 13259311.000000002 -344520058.99999994 -0.0047045169454450943 0.019067098436459474 35.429193496704109
decision_type=2 2 2 2 2 2 2 2 2 2 2 2 2 2 2 2 2 2 2 2 2 2 2 2 2
left_child=7 2 3 -2 12 23 -7 8 9 11 -11 -1 16 19 24 -16 -3 21 -14 20 -9 -4 -21 -6 -15
right_child=1 4 17 -5 5 6 -8 13 -10 10 -12 -13 18 14 15 -17 -18 -19 -20 22 -22 -23 -24 -25 -26
leaf_value=2.5144146370988502e-07 -0.00019331033392869224 6.5865509755440936e-05 0 0 0 -6.8537724465073216e-05 0 6.6702080154676156e-06 7.8133914814712094e-05 0 -0.00020892382436848777 -3.9638605970145294e-05 -2.887298403070121e-05 -2.1386862485106109e-05 3.4240396551475736e-05 0 0 2.1259753501142209e-05 9.1490857986346121e-06 0 -1.9085102638033761e-05 -5.15492931067552e-05 3.9971921949172402e-05 4.6353018065103458e-05 5.1042397183695381e-06
leaf_weight=1188 31 86 43 20 26 157 97 273 27 46 39 118 72 78 589 47 20 52 383 20 364 52 75 27 138
leaf_count=1188 31 86 43 20 26 157 97 273 27 46 39 118 72 78 589 47 20 52 383 20 364 52 75 27 138
internal_value=0 -8.21468e-06 -4.03516e-05 -0.000126303 0 -2.39051e-05 -4.2581e-05 2.50857e-06 -5.25719e-06 -9.03792e-06 -9.62405e-05 -1.05856e-06 1.17221e-05 1.13542e-05 2.08339e-05 2.94261e-05 4.85766e-05 0 0 0 -3.33896e-06 -2.78363e-05 2.48257e-05 9.01272e-06 0
internal_weight=4068 1066 198 51 868 307 254 3002 1418 1391 85 1306 561 1584 852 636 106 147 455 732 637 95 95 53 216
internal_count=4068 1066 198 51 868 307 254 3002 1418 1391 85 1306 561 1584 852 636 106 147 455 732 637 95 95 53 216
is_linear=0
shrinkage=0.03


Tree=119
num_leaves=20
num_cat=0
split_feature=29 29 35 26 34 21 34 25 35 31 23 22 23 21 0 21 33 25 0
split_gain=0.000102694 0.000231787 0.000288787 0.000236938 0.000166964 0.000363625 0.000354242 0.000283353 0.000359981 0.000237362 0.000222356 0.000165039 9.3699e-05 8.09061e-05 3.87269e-05 4.1576e-05 2.94831e-05 4.14886e-05 1.62107e-05
threshold=19.523786687300507 22.513360561801111 0.015091821924474133 1.3676129879013701 -0.020947016856315 93.773333040873226 -0.012334682599477174 -0.11216722003982442 0.012806447164865564 -0.0084634470100012887 -0.77257032250293622 31.347296470650338 -0.99533603341514965 70.622916920979833 46.304162979125984 96.264999961853036 -0.018322336363894184 -0.27758316446965919 44.834480285644538
decision_type=2 2 2 2 2 2 2 2 2 2 2 2 2 2 2 2 2 2 2
left_child=11 2 -2 -4 7 6 -6 10 -9 -7 -3 13 -13 -1 18 -16 17 -15 -14
right_child=1 4 3 -5 5 9 -8 8 -10 -11 -12 12 14 16 15 -17 -18 -19 -20
leaf_value=-4.889018248566021e-05 0 4.7697836969252986e-05 0 -0.00011479277876047891 -3.2826532577322684e-05 0 3.4593567574554005e-06 0 9.5332841628568583e-05 -6.7468840920562674e-05 -2.7213176557173329e-05 7.7895392860469727e-05 4.6243339266183387e-06 3.4806631573062483e-05 3.108110718734019e-05 0 -7.1849434498576471e-06 0 -1.8034070114625742e-05
leaf_weight=31 78 53 29 53 267 56 2590 22 78 123 107 45 270 51 108 21 38 21 27
leaf_count=31 78 53 29 53 267 56 2590 22 78 123 107 45 270 51 108 21 38 21 27
internal_value=0 -2.2795e-06 -3.76186e-05 -7.69766e-05 0 -2.53226e-06 0 2.2425e-05 6.20831e-05 -4.39996e-05 0 1.10298e-05 2.16825e-05 -3.28356e-06 8.68708e-06 2.27828e-05 0 1.84594e-05 0
internal_weight=4068 3456 160 82 3296 3036 2857 260 100 179 160 612 471 141 426 129 110 72 297
internal_count=4068 3456 160 82 3296 3036 2857 260 100 179 160 612 471 141 426 129 110 72 297
is_linear=0
shrinkage=0.03


Tree=120
num_leaves=21
num_cat=0
split_feature=0 26 5 4 26 29 30 1 25 25 22 29 29 26 29 0 21 26 20 33
split_gain=9.82161e-05 0.000389705 0.0003253 0.000216759 0.000457574 0.000473603 0.000417867 0.000324418 0.000323377 0.000300561 0.000203309 0.000197464 0.000156743 0.000149396 0.000138776 0.000288164 0.000225417 0.000113816 0.000168121 1.20815e-05
threshold=33.289602279663093 1.6123652999936402 42824987.500000007 77.875000000000014 1.1917532564334381 56.113286155148721 66.756719557233751 78.52500152587892 -0.022070842531215478 -0.17873420314000241 57.189767845098508 43.955436958687635 77.992068718847761 1.1720395547127687 21.224208737411445 45.863304138183601 91.61166655222577 1.1917532564334381 75.821250534057626 -0.018026450241084121
decision_type=2 2 2 2 2 2 2 2 2 2 2 2 2 2 2 2 2 2 2 2
left_child=1 2 17 4 10 9 -7 8 -5 -6 13 -3 -12 -2 16 -16 -9 19 -19 -1
right_child=3 11 -4 7 5 6 -8 14 -10 -11 12 -13 -14 -15 15 -17 -18 18 -20 -21
leaf_value=-1.6875154454848637e-05 -1.1738268190615185e-05 0 -8.2119524707506845e-05 0 -3.0334178987241062e-05 -9.7788253729860791e-05 -7.3702095484372736e-06 0 9.7635538193674017e-05 1.2939329117582729e-05 4.3138954883898968e-05 0.0001464611754108061 0 4.2163672574145922e-05 7.7030185033156998e-06 -1.734562187158871e-05 6.7176207210107995e-05 5.5529259579364232e-05 0 3.4405422818064343e-07
leaf_weight=38 534 30 37 34 246 144 195 234 64 273 174 28 74 37 760 750 70 96 51 199
leaf_count=38 534 30 37 34 246 144 195 234 64 273 174 28 74 37 760 750 70 96 51 199
internal_value=0 1.24546e-05 0 -1.98047e-06 -1.03924e-05 -2.6175e-05 -5.46423e-05 3.82877e-06 5.71144e-05 -1.79447e-06 2.4803e-06 8.55328e-05 2.71534e-05 -2.98571e-06 0 -2.75206e-06 1.93159e-05 1.0529e-05 3.13979e-05 0
internal_weight=4068 479 421 3589 1677 858 339 1912 98 519 819 58 248 571 1814 1510 304 384 147 237
internal_count=4068 479 421 3589 1677 858 339 1912 98 519 819 58 248 571 1814 1510 304 384 147 237
is_linear=0
shrinkage=0.03


Tree=121
num_leaves=16
num_cat=0
split_feature=28 20 31 31 23 28 32 23 32 19 27 32 0 5 30
split_gain=9.67334e-05 0.000258904 0.000600753 0.000184717 0.000549558 0.000310078 0.000167108 0.000264628 0.000200542 0.000143417 0.000198534 0.000144107 8.97636e-05 1.07686e-05 4.6525e-07
threshold=-3276791023.4999995 65.671250057220476 -0.030251547102336847 -0.011166457634689817 -0.88931470713896477 -2898349226.4999995 -0.016716345921169103 -1.622852727614198 -0.024443607373677841 87.695001220703134 0.30725695602370023 -0.0028035103440476879 36.474998474121101 11962391.000000002 32.219986733009449
decision_type=2 2 2 2 2 2 2 2 2 2 2 2 2 2 2
left_child=12 2 -2 4 -4 -5 7 -3 -9 11 -11 -8 13 -1 -15
right_child=1 6 3 5 -6 -7 9 8 -10 10 -12 -13 -14 14 -16
leaf_value=0 -0.00018668974026926416 0.00011120257123425671 0.0001501048272233698 0 0 -3.6483440055106445e-05 -5.8063252663212937e-06 -7.3851797584983828e-06 2.9650749138172437e-05 1.2862213148503187e-07 -2.8802530262568751e-05 9.1107204450580144e-06 0 0 6.3499483679504431e-05
leaf_weight=23 20 32 23 378 114 361 746 177 203 96 352 1448 20 32 43
leaf_count=23 20 32 23 378 114 361 746 177 203 96 352 1448 20 32 43
internal_value=0 -1.02753e-06 -1.57067e-05 -8.3578e-06 1.37378e-05 -1.65143e-05 2.2972e-06 2.01013e-05 4.50974e-06 0 -1.59094e-05 2.67132e-06 2.64926e-05 4.08469e-05 4.80469e-05
internal_weight=4068 3950 896 876 137 739 3054 412 380 2642 448 2194 118 98 75
internal_count=4068 3950 896 876 137 739 3054 412 380 2642 448 2194 118 98 75
is_linear=0
shrinkage=0.03


Tree=122
num_leaves=21
num_cat=0
split_feature=25 5 26 22 28 5 22 32 30 25 32 22 30 0 35 28 30 36 23 2
split_gain=9.35366e-05 0.000265207 0.0002913 0.00024599 0.000463053 0.000233185 0.000613832 0.000538541 0.00111998 0.000215724 0.000232403 0.000175416 7.04093e-05 0.000173635 0.000219528 0.000128465 0.000199973 6.8368e-05 1.21703e-05 5.92312e-06
threshold=0.18431742644632845 31421472.000000004 2.0251624584858035 68.862688139906254 -507201638.49999994 50171193.000000007 40.461564597366568 -0.041337854561385605 33.666759040840724 1.0000000180025095e-35 0.011603785919832356 48.3773600595039 81.850308991890117 40.032712936401374 0.012722678194273132 -1319935238.9999998 53.554713905225263 0.0088439487397886044 1.0958421265499541 93.250000000000014
decision_type=2 2 2 2 2 2 2 2 2 2 2 2 2 2 2 2 2 2 2 2
left_child=5 12 3 4 -3 7 -7 8 -1 10 -9 -11 15 14 -14 17 -17 -2 -5 -15
right_child=1 2 -4 18 -6 6 -8 9 -10 11 -12 -13 13 19 -16 16 -18 -19 -20 -21
leaf_value=-0.00027039200828563584 2.3098308888958585e-05 -0.0001566131755353052 0 0 0 0.00019711266766100728 0 9.0544398233833739e-07 0 3.2238972468881076e-05 -2.7779926215819834e-05 0 0 -6.3766882631920255e-06 8.5536878915124764e-05 0 -2.9011987924108779e-05 0 -1.7665160708447798e-05 0
leaf_weight=20 125 49 35 23 22 20 40 1646 22 356 276 622 47 131 53 104 379 33 35 30
leaf_count=20 125 49 35 23 22 20 40 1646 22 356 276 622 47 131 53 104 379 33 35 30
internal_value=0 -7.82726e-06 -4.30411e-05 -6.62233e-05 -0.000105246 2.50693e-06 6.1661e-05 2.78788e-07 -0.000104707 2.83728e-06 -1.65423e-06 1.47306e-05 0 1.15219e-05 4.36741e-05 -6.69154e-06 -1.69693e-05 5.74256e-06 0 0
internal_weight=4068 1066 164 129 71 3002 60 2942 42 2900 1922 978 902 261 100 641 483 158 58 161
internal_count=4068 1066 164 129 71 3002 60 2942 42 2900 1922 978 902 261 100 641 483 158 58 161
is_linear=0
shrinkage=0.03


Tree=123
num_leaves=27
num_cat=0
split_feature=5 0 25 24 0 31 5 30 30 26 19 25 35 30 28 1 3 24 26 34 27 30 35 0 35 1
split_gain=9.16658e-05 0.000247852 0.000245369 0.000150977 0.000304722 0.000511393 0.000509763 0.000220185 0.000672126 0.000436169 0.000431695 0.000333171 0.000570747 0.000328852 0.000119554 8.36522e-05 7.64835e-05 0.000170938 5.913e-05 4.85138e-05 4.13964e-05 2.91433e-05 2.23665e-05 8.56948e-06 3.99412e-06 2.00867e-07
threshold=12222302.000000002 42.834110260009773 0.12598336410149802 0.55419382171330733 39.442333221435554 -0.016414734768432356 16213596.000000002 33.666759040840724 28.153014515219763 1.6401532809075612 87.925000762939462 0.20280198816352893 0.014756981933887369 66.756719557233751 -2753500443.9999995 76.724998474121108 64.52500152587892 1.0889140678899487 0.93214743979545922 -0.019871054134128537 0.89889368695774985 34.715242971857755 0.012173898776130372 78.86041641235353 0.028456880142707853 81.174999237060561
decision_type=2 2 2 2 2 2 2 2 2 2 2 2 2 2 2 2 2 2 2 2 2 2 2 2 2 2
left_child=1 2 18 7 5 24 -7 8 10 -10 -2 12 -9 -13 22 -16 20 -18 -1 -20 -6 -17 23 -3 -5 -4
right_child=3 14 25 4 16 6 -8 11 9 -11 -12 13 -14 -15 15 21 17 -19 19 -21 -22 -23 -24 -25 -26 -27
leaf_value=0 -2.7440054687527868e-06 2.9717277114570786e-05 -1.6537693085845637e-06 0 3.8096325201631726e-05 0 -8.9394115560711477e-05 0 -1.3233672665439375e-05 -0.00015489449097337771 7.9922702554446759e-05 -4.5113682435961595e-05 4.1092471438443736e-05 1.323945037042032e-06 -6.7420642276067836e-05 -1.7061931085864548e-05 -2.4789197877903044e-05 2.9038015332141185e-06 0 6.0369501689923516e-05 0 0 0 0 1.8148449127081225e-05 0
leaf_weight=41 617 63 66 22 61 55 168 452 163 44 60 157 532 372 34 90 275 262 38 166 22 176 45 22 21 44
leaf_count=41 617 63 66 22 61 55 168 452 163 44 60 157 532 372 34 90 275 262 38 166 22 176 45 22 21 44
internal_value=0 9.06879e-06 2.84607e-05 -2.33696e-06 -1.31576e-05 -4.00889e-05 -6.29668e-05 4.11535e-07 -1.00432e-05 -5.78912e-05 1.625e-07 8.50289e-06 1.97749e-05 -6.79403e-06 0 -1.62982e-05 0 -5.69432e-06 4.5547e-05 5.24596e-05 2.4875e-05 0 1.46395e-05 2.37526e-05 8.82272e-06 0
internal_weight=4068 785 355 3283 886 266 223 2397 884 207 677 1513 984 529 430 300 620 537 245 204 83 266 130 85 43 110
internal_count=4068 785 355 3283 886 266 223 2397 884 207 677 1513 984 529 430 300 620 537 245 204 83 266 130 85 43 110
is_linear=0
shrinkage=0.03


Tree=124
num_leaves=24
num_cat=0
split_feature=29 33 29 29 24 26 32 0 21 20 26 2 0 36 31 33 24 23 32 29 23 24 29
split_gain=9.25199e-05 0.000226604 0.000408183 0.000483177 0.000746957 0.000436303 0.000324267 0.000236222 0.000257298 0.000306526 0.000236773 0.000412971 0.000218892 0.000137209 0.000145518 0.000215295 0.000296423 0.000125705 6.68941e-05 0.000155071 3.04416e-05 1.43491e-05 9.72977e-06
threshold=19.523786687300507 -0.010293326475461549 24.166647593180631 54.205807949746578 -0.19351507430282669 1.3003061616296463 -0.0086762243256752174 33.34442329406739 50.611666679382331 75.438749885559091 1.1917532564334381 78.375000000000014 49.372877120971687 0.0029293791061874102 -0.012271705215872562 -0.018609473104941762 0.31741592095170296 0.067195264721306117 0.002304968406950048 16.064819257414218 -0.70926991316139254 0.45100507755976166 67.322248973317016
decision_type=2 2 2 2 2 2 2 2 2 2 2 2 2 2 2 2 2 2 2 2 2 2 2
left_child=13 2 6 5 -5 -4 12 8 22 -10 17 -12 -2 14 21 16 -16 -9 19 -15 -17 -1 -3
right_child=1 7 3 4 -6 -7 -8 10 9 -11 11 -13 -14 18 15 20 -18 -19 -20 -21 -22 -23 -24
leaf_value=-1.2777502168072841e-05 -0.00014081142890755977 -1.1688088325314314e-05 -1.8806022518169383e-05 -0.0002087138012001491 0 3.6145873385951892e-05 0 0 7.4874415493200028e-05 0 -3.0927645861301307e-05 0 0 -6.2718117463132704e-05 7.9420069065136363e-05 -1.5708247649310841e-06 0 1.8636126172154239e-05 0 0 1.3000237940641741e-05 0 0
leaf_weight=79 54 64 200 25 58 257 49 537 128 84 542 887 25 51 124 69 46 526 24 29 161 29 20
leaf_count=79 54 64 200 25 58 257 49 537 128 84 542 887 25 51 124 69 46 526 24 29 161 29 20
internal_value=0 -2.03154e-06 -1.80121e-05 -7.1417e-07 -7.11882e-05 5.53494e-06 -6.75109e-05 7.21874e-07 2.66762e-05 4.56644e-05 -1.15812e-06 -1.01371e-05 -0.000105217 1.06176e-05 1.94014e-05 2.83787e-05 5.50766e-05 8.09027e-06 -3.44667e-06 -2.76958e-05 0 0 0
internal_weight=4068 3456 668 540 83 457 128 2788 296 212 2492 1429 79 612 508 400 170 1063 104 80 230 108 84
internal_count=4068 3456 668 540 83 457 128 2788 296 212 2492 1429 79 612 508 400 170 1063 104 80 230 108 84
is_linear=0
shrinkage=0.03


Tree=125
num_leaves=26
num_cat=0
split_feature=29 33 30 29 34 36 31 0 0 26 0 26 4 22 22 24 24 30 33 25 22 33 24 26 27
split_gain=8.64926e-05 0.000218562 0.000388821 0.000544186 0.000726384 0.000401728 0.000436881 0.000220771 0.000220343 0.000248335 0.000334647 0.000220962 0.000410888 0.00015804 0.000120977 0.000104945 0.000227093 0.000152328 9.4973e-05 8.97465e-05 8.00209e-05 7.2413e-05 6.90018e-05 1.57242e-05 1.53679e-05
threshold=19.523786687300507 -0.010293326475461549 42.292294039734237 54.205807949746578 -1.0000000180025095e-35 0.00085108936074920251 -0.016414734768432356 50.337730407714851 33.34442329406739 1.1917532564334381 32.147947311401374 1.1917532564334381 77.875000000000014 31.347296470650338 56.408338005143939 -0.71351551276644776 -1.4794892035107499 16.449010082550505 -0.035264492578164323 -0.17510162732941156 38.738710913462675 -0.029474209212520138 0.12606361312340111 1.4763037675170751 0.54268787791685102
decision_type=2 2 2 2 2 2 2 2 2 2 2 2 2 2 2 2 2 2 2 2 2 2 2 2 2
left_child=13 2 5 7 -5 6 -2 -4 9 24 -11 14 -13 15 -10 16 -1 -18 20 -7 -15 23 -23 -20 -3
right_child=1 8 3 4 -6 19 -8 -9 11 10 -12 12 -14 18 -16 -17 17 -19 21 -21 -22 22 -24 -25 -26
leaf_value=0 0 6.3675030910074301e-06 3.2680021120979327e-05 -0.00017571674078795785 0 3.4977671752452567e-05 -0.00010546587684260174 -3.4286560846542633e-06 0 0 0.00010003385425054386 -3.0458747870732515e-05 0 9.4344262059752957e-05 2.0195309235330558e-05 0 -9.0823088227350279e-05 0 -2.4751351863544958e-05 -2.6886139322019545e-05 0 2.5979562087271458e-05 0 0 -1.3509776303807723e-05
leaf_weight=22 43 102 270 34 49 44 118 73 637 69 72 546 883 39 426 44 53 22 23 37 33 209 145 22 53
leaf_count=22 43 102 270 34 49 44 118 73 637 69 72 546 883 39 426 44 53 22 23 37 33 209 145 22 53
internal_value=0 -1.98452e-06 -1.76846e-05 0 -6.93045e-05 -4.80467e-05 -7.55875e-05 1.62525e-05 7.01691e-07 2.5781e-05 5.45782e-05 -1.07434e-06 -9.78521e-06 1.02439e-05 7.81364e-06 -3.84288e-06 -3.15305e-05 -6.33001e-05 2.08289e-05 0 6.18714e-05 5.89223e-06 1.49392e-05 0 0
internal_weight=4068 3456 668 426 83 242 161 343 2788 296 141 2492 1429 612 1063 141 97 75 471 81 72 399 354 45 155
internal_count=4068 3456 668 426 83 242 161 343 2788 296 141 2492 1429 612 1063 141 97 75 471 81 72 399 354 45 155
is_linear=0
shrinkage=0.03


Tree=126
num_leaves=27
num_cat=0
split_feature=5 0 25 24 29 2 26 35 5 35 30 30 19 29 35 25 2 26 24 33 24 34 30 34 24 2
split_gain=8.37536e-05 0.00023191 0.000229923 0.000135715 0.0003452 0.000421171 0.000609726 0.000262916 0.000364417 0.000318773 0.000201378 0.000568332 0.000463914 0.000420701 0.000293303 0.000592738 0.000180714 5.51911e-05 5.33694e-05 0.000125339 8.73449e-05 0.000168099 8.56953e-05 4.61946e-05 8.59631e-06 1.065e-07
threshold=12222302.000000002 42.834110260009773 0.12598336410149802 0.60769561206818801 58.632398918550798 93.250000000000014 1.0168017464643557 0.026249540272160313 23586312.000000004 0.017260746752745949 33.666759040840724 28.153014515219763 87.925000762939462 20.884068118266473 0.014705894727607759 0.1951099458033963 76.375000000000014 0.93214743979545922 0.29943398755520734 -0.0074704468999237097 -0.47589786597385697 -0.0019342451715266826 77.830873267024188 -0.019871054134128537 2.2455276952248706 81.575000762939467
decision_type=2 2 2 2 2 2 2 2 2 2 2 2 2 2 2 2 2 2 2 2 2 2 2 2 2 2
left_child=1 2 17 10 7 6 -6 9 -9 -5 11 12 -2 -13 16 -16 -12 -1 20 -20 21 -3 -22 -19 -7 -4
right_child=3 18 25 4 5 24 -8 8 -10 -11 14 13 -14 -15 15 -17 -18 23 19 -21 22 -23 -24 -25 -26 -27
leaf_value=0 -3.9790884312329745e-06 -5.4942921201036158e-05 -1.2041886163006813e-06 5.5861532447459931e-06 6.4522645605313101e-06 1.9785731358062535e-05 -6.9972769298422559e-05 0 9.3439270838358601e-05 -4.596553369557303e-05 -2.2938859405658254e-05 0 8.1675731063113156e-05 -7.5318570509488961e-05 4.0075778480546274e-05 -4.4033482880989789e-06 4.5864775555645289e-06 0 0 -4.9705371229426796e-05 3.027364688508082e-05 0 0 5.8393371922355538e-05 0 0
leaf_weight=41 627 53 66 214 43 28 280 28 63 139 308 42 61 172 547 324 386 38 52 65 160 80 20 166 21 44
leaf_count=41 627 53 66 214 43 28 280 28 63 139 308 42 61 172 547 324 386 38 52 65 160 80 20 166 21 44
internal_value=0 8.70323e-06 2.74817e-05 -2.20136e-06 -1.30034e-05 -3.47244e-05 -5.05146e-05 0 4.94697e-05 -6.22433e-06 1.55969e-07 -9.77377e-06 0 -5.28352e-05 7.79612e-06 2.00876e-05 -3.30878e-06 4.4028e-05 0 -2.0253e-05 0 -8.22558e-06 1.96591e-05 5.07074e-05 8.15303e-06 0
internal_weight=4068 785 355 3283 816 372 323 444 91 353 2467 902 688 214 1565 871 694 245 430 117 313 133 180 204 49 110
internal_count=4068 785 355 3283 816 372 323 444 91 353 2467 902 688 214 1565 871 694 245 430 117 313 133 180 204 49 110
is_linear=0
shrinkage=0.03


Tree=127
num_leaves=24
num_cat=0
split_feature=29 33 29 34 29 24 26 32 34 5 23 35 4 25 26 23 5 25 32 33 33 3 35
split_gain=8.05706e-05 0.000214551 0.000363109 0.000493543 0.000426468 0.000704683 0.00040471 0.000137653 0.000381389 0.000533862 0.000298475 0.000315003 0.000218604 0.000201713 0.000128789 0.00023459 0.000322563 0.000203884 0.000117521 0.000106373 0.000118966 0.000105178 9.47436e-06
threshold=19.523786687300507 -0.010293326475461549 24.166647593180631 -0.017081573741906216 54.205807949746578 -0.19351507430282669 1.3003061616296463 0.01214308084334337 0.0010639315439201493 18454126.500000004 -0.5605283133619422 0.025078338417018259 88.02500152587892 0.23152275282915943 2.0698378965120656 -1.3907624928643185 16507369.000000002 -0.36965358302049928 -0.0081632769532416476 -0.036555006943202954 -0.029474209212520138 98.625000000000014 0.014570011118325425
decision_type=2 2 2 2 2 2 2 2 2 2 2 2 2 2 2 2 2 2 2 2 2 2 2
left_child=14 2 3 18 6 -6 -4 10 9 -9 11 -3 -12 -10 15 16 -1 -18 -2 22 -21 -16 -17
right_child=1 7 4 -5 5 -7 -8 8 13 -11 12 -13 -14 -15 21 19 17 -19 -20 20 -22 -23 -24
leaf_value=0 -0.00012976109730544706 1.1980288390019236e-05 -1.8505224759756874e-05 0 -0.00020040529655557926 0 3.4498496068688881e-05 -0.00010519635646887166 1.5772120676821645e-05 0 3.825705795308035e-06 0.00012698497702805404 -3.2225614095407525e-05 -1.6469728039248494e-05 0.00011077223710422887 0 -0.00016163095476672007 0 0 -3.0652674806907791e-05 1.2141782391360118e-05 0 6.2836143470179821e-05
leaf_weight=22 64 420 200 41 25 58 257 79 397 79 1302 35 171 305 22 23 23 25 23 55 375 20 47
leaf_count=22 64 420 200 41 25 58 257 79 397 79 1302 35 171 305 22 23 23 25 23 55 375 20 47
internal_value=0 -1.83649e-06 -1.74253e-05 -6.42834e-05 -7.53872e-07 -6.70738e-05 4.74003e-06 8.23058e-07 -7.74674e-06 -4.99758e-05 6.20183e-06 2.74447e-05 0 0 9.97113e-06 6.61768e-07 -4.30099e-05 -9.34421e-05 -0.000105723 1.2782e-05 0 6.47519e-05 5.03117e-05
internal_weight=4068 3456 668 128 540 83 457 2788 860 158 1928 455 1473 702 612 570 70 48 87 500 430 42 70
internal_count=4068 3456 668 128 540 83 457 2788 860 158 1928 455 1473 702 612 570 70 48 87 500 430 42 70
is_linear=0
shrinkage=0.03


Tree=128
num_leaves=16
num_cat=0
split_feature=28 3 20 26 31 26 36 1 36 25 29 25 0 21 35
split_gain=8.96007e-05 0.000240798 0.000593913 0.000416679 0.000600743 0.000465197 0.000228722 0.000200908 0.000195254 0.000173971 0.000316819 0.000174255 8.68441e-05 5.98327e-05 1.3998e-05
threshold=-3276791023.4999995 59.049999237060554 59.026249694824223 1.6123652999936402 -0.010582011898796371 0.98848266258063233 0.015663098695922237 77.674999237060561 0.019343636807162844 -0.64593558798302497 11.798424126846301 -0.43872443276434542 36.474998474121101 83.69541657765707 0.0090850317762356716
decision_type=2 2 2 2 2 2 2 2 2 2 2 2 2 2 2
left_child=12 2 3 5 -5 -2 9 8 -8 10 -3 -11 14 -9 -1
right_child=1 6 -4 4 -6 -7 7 13 -10 11 -12 -13 -14 -15 -16
leaf_value=0 0 0.00012140767314341873 -0.00016910373017125097 0.00017150163565978746 0 -4.7642769394350309e-05 -0.00010868700498038699 2.2467367676038423e-05 0 -2.6254598190879544e-05 0 4.7528268383395024e-06 0 -1.9075594398968559e-05 4.6484946912657183e-05
leaf_weight=20 207 33 25 24 59 288 43 51 45 154 50 2894 20 77 78
leaf_count=20 207 33 25 24 59 288 43 51 45 154 50 2894 20 77 78
internal_value=0 -8.16914e-07 -1.87342e-05 -7.01277e-06 4.4987e-05 -2.17986e-05 1.51525e-06 -2.65726e-05 -6.15175e-05 4.41188e-06 4.93948e-05 2.20115e-06 2.57001e-05 0 3.98985e-05
internal_weight=4068 3950 603 578 83 495 3347 216 88 3131 83 3048 118 128 98
internal_count=4068 3950 603 578 83 495 3347 216 88 3131 83 3048 118 128 98
is_linear=0
shrinkage=0.03


Tree=129
num_leaves=15
num_cat=0
split_feature=28 20 31 31 26 28 23 32 23 34 28 0 35 35
split_gain=8.3228e-05 0.000225131 0.000521423 0.000162447 0.000678076 0.00028252 0.000155478 0.000425736 0.000260737 0.000612079 0.000137224 8.34347e-05 1.89545e-05 1.24402e-05
threshold=-3276791023.4999995 65.671250057220476 -0.030251547102336847 -0.011166457634689817 1.5706815934085399 -2898349226.4999995 -1.622852727614198 -0.01510403865871107 -1.3907624928643185 -0.024683306137981639 41470116.500000007 36.474998474121101 0.023068645250047929 0.0090850317762356716
decision_type=2 2 2 2 2 2 2 2 2 2 2 2 2 2
left_child=11 2 -2 4 -4 -5 7 -3 9 -8 -10 13 -9 -1
right_child=1 6 3 5 -6 -7 8 12 10 -11 -12 -13 -14 -15
leaf_value=0 -0.00017420330342885328 0.00011739900818897311 -4.1563593026335778e-06 0 0.00012244662693303493 -3.4363255451281035e-05 -0.00017888734876989729 8.1035524809606694e-06 5.4473295754906436e-06 0 -1.4220905194868739e-05 0 -2.2040420917764415e-05 4.5092184624226105e-05
leaf_weight=20 20 39 95 378 42 361 24 74 2531 51 310 20 25 78
leaf_count=20 20 39 95 378 42 361 24 74 2531 51 310 20 25 78
internal_value=0 -7.78095e-07 -1.45308e-05 -7.44155e-06 1.28354e-05 -1.52608e-05 2.2748e-06 3.35812e-05 0 -5.41667e-05 2.24485e-06 2.47791e-05 0 3.87897e-05
internal_weight=4068 3950 896 876 137 739 3054 138 2916 75 2841 118 99 98
internal_count=4068 3950 896 876 137 739 3054 138 2916 75 2841 118 99 98
is_linear=0
shrinkage=0.03


Tree=130
num_leaves=21
num_cat=0
split_feature=29 33 24 26 23 28 31 23 23 32 26 22 24 24 30 22 33 33 29 32
split_gain=7.78822e-05 0.00020823 0.000497354 0.000374398 0.000270361 0.000175735 0.000155434 0.000412837 0.000219572 0.000399714 0.000285515 0.000138096 8.65557e-05 0.00020644 0.000143757 8.51028e-05 7.09495e-05 0.000114114 5.09314e-05 1.85049e-08
threshold=19.523786687300507 -0.022559802315628649 -0.8670224964524027 1.7454355703967097 -0.59817656130026353 -135352581.49999997 0.02982749388521622 0.30862363626471284 -0.73699131221007252 0.0097071131900863267 1.2593775119838666 31.347296470650338 -0.71351551276644776 -1.4794892035107499 16.449010082550505 52.751194313914375 -0.035264492578164323 -0.029474209212520138 14.332252806980675 0.043041885148349064
decision_type=2 2 2 2 2 2 2 2 2 2 2 2 2 2 2 2 2 2 2 2
left_child=11 2 -2 4 -4 -5 8 -8 9 -3 -10 12 13 -1 -15 16 18 -18 -13 -9
right_child=1 6 3 5 -6 -7 7 19 10 -11 -12 15 -14 14 -16 -17 17 -19 -20 -21
leaf_value=0 -0.00014188348147017166 3.8689896477895392e-05 0 9.4406738408821478e-05 -5.9776388892059558e-05 0 -0.00010590766990408114 0 6.5267707176859225e-06 -6.5806012094057286e-06 -1.3036714095319599e-05 8.2516003543689479e-05 0 -8.6095498231539516e-05 0 0 -7.4248990131731255e-06 1.9498835273856329e-05 0 9.102617918666536e-07
leaf_weight=22 32 369 24 33 124 33 45 21 1421 157 1177 50 44 53 22 21 43 337 20 20
leaf_count=22 32 369 24 33 124 33 45 21 1421 157 1177 50 44 53 22 21 43 337 20 20
internal_value=0 -1.79829e-06 -2.84064e-05 0 -3.67585e-05 4.55006e-05 0 -3.94957e-05 1.3368e-06 1.94766e-05 -1.18176e-06 9.81095e-06 -1.92505e-06 -2.84192e-05 -5.93147e-05 1.9692e-05 2.40007e-05 8.55839e-06 6.49028e-05 0
internal_weight=4068 3456 246 214 148 66 3210 86 3124 526 2598 612 141 97 75 471 450 380 70 41
internal_count=4068 3456 246 214 148 66 3210 86 3124 526 2598 612 141 97 75 471 450 380 70 41
is_linear=0
shrinkage=0.03


Tree=131
num_leaves=19
num_cat=0
split_feature=34 34 32 29 26 5 5 26 20 5 30 21 1 30 32 23 1 24
split_gain=7.36564e-05 0.00028055 0.000830815 0.000245221 0.000432102 0.000209115 0.000483652 0.000292725 0.00018055 0.00017854 0.000139364 0.000135013 0.000248427 0.000168507 3.57959e-05 7.84675e-05 0.000266585 5.06789e-05
threshold=0.032638715944053327 0.025008514633340088 0.029918881218565011 72.031485185429617 1.4259458751776106 34923481.500000007 40992717.500000007 1.6062391955397797 84.475000190734875 23586312.000000004 58.173297011686664 76.563332939147969 74.724998474121108 33.9550528565184 -0.0021721774604380735 1.1566524886126361 89.974998474121108 0.27617925840151475
decision_type=2 2 2 2 2 2 2 2 2 2 2 2 2 2 2 2 2 2
left_child=1 5 8 4 -2 11 7 -7 9 -3 -8 12 -1 -13 -5 17 -17 -16
right_child=3 2 -4 14 -6 6 10 -9 -10 -11 -12 13 -14 -15 15 16 -18 -19
leaf_value=0 0 4.5682955034138951e-05 0.00018924673126087218 2.4463767607469018e-05 -0.00013813169561147402 0 1.740207559526853e-05 -0.00020969420965107627 -4.4776189043336804e-05 0 -5.4946124069841314e-05 -5.391986807912204e-07 -3.1655836307689022e-05 1.5213239648464962e-05 -5.6165444795118887e-06 -8.5178493314421068e-05 0 2.4366987430214129e-05
leaf_weight=1218 27 122 28 38 35 51 114 20 34 57 30 672 253 1063 164 44 30 68
leaf_count=1218 27 122 28 38 35 51 114 20 34 57 30 672 253 1063 164 44 30 68
internal_value=0 1.29697e-06 3.27534e-05 -1.21683e-05 -6.72474e-05 -4.30281e-08 -2.9334e-05 -9.341e-05 0 2.29251e-05 0 9.86416e-07 -4.51924e-06 7.38332e-06 0 -5.54579e-06 -3.28648e-05 0
internal_weight=4068 3662 241 406 62 3421 215 71 213 179 144 3206 1471 1735 344 306 74 232
internal_count=4068 3662 241 406 62 3421 215 71 213 179 144 3206 1471 1735 344 306 74 232
is_linear=0
shrinkage=0.03


Tree=132
num_leaves=22
num_cat=0
split_feature=0 26 5 4 28 32 34 28 29 5 0 5 29 5 26 29 30 32 26 20 30
split_gain=7.72711e-05 0.000359099 0.000268495 0.000175068 0.000405847 0.000515208 0.000315686 0.000252958 0.00023254 0.000451514 0.000191219 0.000290102 0.000172067 0.000170905 0.000145507 0.000292621 0.00015025 0.000101486 9.7872e-05 0.000148008 1.18959e-05
threshold=33.289602279663093 1.6123652999936402 42824987.500000007 77.875000000000014 -357382742.49999994 -0.014461842738738127 0.02626122865873837 -34707013.999999993 20.292056561475079 15898018.000000002 73.658248901367202 15214030.000000002 43.955436958687635 16289573.500000002 1.1917532564334381 46.196343646737979 45.255652436872843 -0.0046399676030978157 1.1917532564334381 75.821250534057626 24.809545575660618
decision_type=2 2 2 2 2 2 2 2 2 2 2 2 2 2 2 2 2 2 2 2 2
left_child=1 2 18 4 14 -6 -7 10 13 -10 11 -5 -3 -9 16 -16 -2 -12 20 -20 -1
right_child=3 12 -4 7 5 6 -8 8 9 -11 17 -13 -14 -15 15 -17 -18 -19 19 -21 -22
leaf_value=5.2506013579138146e-06 -4.6146078747729119e-06 0 -7.5351806535420689e-05 0 0 -0.00010329137925880967 0 0 0 -5.1670708840502359e-05 -3.1189172308879061e-05 3.3356276723249848e-05 0.00013841428977186254 6.7812517373021358e-05 0 -3.2697279157817517e-05 1.7890779753758649e-05 0 5.1237326184722317e-05 0 -7.354823921188055e-06
leaf_weight=80 357 30 37 540 34 117 21 23 186 247 95 547 28 40 346 363 439 234 96 51 157
leaf_count=80 357 30 37 540 34 117 21 23 186 247 95 547 28 40 346 363 439 234 96 51 157
internal_value=0 1.12193e-05 0 -1.60439e-06 -9.23692e-06 -5.39841e-05 -8.36026e-05 3.52122e-06 -1.22677e-05 -2.41866e-05 1.11708e-05 1.78824e-05 8.1244e-05 2.20166e-05 -2.12649e-06 -1.32683e-05 4.0296e-06 -1.88719e-06 8.98316e-06 2.84521e-05 0
internal_weight=4068 479 421 3589 1677 172 138 1912 496 433 1416 1087 58 63 1505 709 796 329 384 147 237
internal_count=4068 479 421 3589 1677 172 138 1912 496 433 1416 1087 58 63 1505 709 796 329 384 147 237
is_linear=0
shrinkage=0.03


Tree=133
num_leaves=17
num_cat=0
split_feature=28 4 27 27 22 30 23 34 29 26 34 25 26 0 22 35
split_gain=7.55623e-05 0.000214771 0.000346897 0.000383579 0.00034108 0.0003475 0.000322167 0.000246375 0.000235053 0.000209103 0.000161804 0.000177616 9.95502e-05 7.95347e-05 2.84751e-05 1.09846e-05
threshold=-3276791023.4999995 59.07500076293946 0.7558988578673963 0.89889368695774985 38.575715138694342 17.243050764830514 0.2798098552352784 0.054622645858974146 23.861006845947454 1.4565484651076723 -0.061710846132556278 -0.10343531268701765 1.8705306586200139 36.474998474121101 67.35182959398287 0.0090850317762356716
decision_type=2 2 2 2 2 2 2 2 2 2 2 2 2 2 2 2
left_child=13 2 4 14 8 -6 -5 10 -2 -9 -3 -12 -11 15 -4 -1
right_child=1 7 3 6 5 -7 -8 9 -10 12 11 -13 -14 -15 -16 -17
leaf_value=0 -8.3201331805686647e-06 6.7046373443025372e-05 8.7762298941911865e-05 -0.00010499021657003686 0 -6.0092395641392667e-05 0 0 8.7274865478636314e-05 -0.00013095085549286851 -6.2453963236873451e-06 7.7842412068065275e-06 0 0 0 4.3423474819737816e-05
leaf_weight=20 74 39 48 27 32 308 55 23 27 27 1152 2080 34 20 24 78
leaf_count=20 74 39 48 27 32 308 55 23 27 27 1152 2080 34 20 24 78
internal_value=0 -7.47693e-07 -1.78235e-05 7.38294e-06 -3.34266e-05 -4.84948e-05 -1.03366e-05 1.38693e-06 0 -4.71452e-05 3.55177e-06 1.85535e-06 -7.83545e-05 2.36037e-05 6.91587e-05 3.74219e-05
internal_weight=4068 3950 595 154 441 340 82 3355 101 84 3271 3232 61 118 72 98
internal_count=4068 3950 595 154 441 340 82 3355 101 84 3271 3232 61 118 72 98
is_linear=0
shrinkage=0.03


Tree=134
num_leaves=24
num_cat=0
split_feature=29 33 30 29 34 36 31 30 22 35 34 34 29 5 26 22 24 24 30 5 29 32 22
split_gain=7.12118e-05 0.0001943 0.000344394 0.000466994 0.000673129 0.000366662 0.000411946 0.000177003 0.000125911 0.000123494 0.000216502 0.000283117 0.000206511 0.000146717 0.000181386 8.11669e-05 7.75511e-05 0.000196306 0.000134449 6.83699e-05 7.17822e-05 1.0093e-05 5.52795e-06
threshold=19.523786687300507 -0.010293326475461549 42.292294039734237 54.205807949746578 -1.0000000180025095e-35 0.00085108936074920251 -0.016414734768432356 52.15320289632178 31.347296470650338 0.010177271349489337 0.032638715944053327 0.025008514633340088 72.031485185429617 12546627.500000002 0.97065795604832206 52.751194313914375 -0.71351551276644776 -1.4794892035107499 16.449010082550505 10960284.500000002 9.7619961289963779 0.0054067899633014624 41.819108041794173
decision_type=2 2 2 2 2 2 2 2 2 2 2 2 2 2 2 2 2 2 2 2 2 2 2
left_child=8 2 5 7 -5 6 -2 -4 16 13 11 -11 -12 21 -15 19 17 -1 -19 -10 -21 -3 -7
right_child=1 9 3 4 -6 22 -8 -9 15 10 12 -13 -14 14 -16 -17 -18 18 -20 20 -22 -23 -24
leaf_value=0 0 7.2232431278952596e-06 0 -0.00016667972839709856 0 1.1280148701328878e-05 -0.00010053008526778559 3.4405008783594769e-05 0 3.9802500142418982e-06 -6.569573066716005e-05 4.5706606393252715e-05 0 0 -3.7281506150526633e-05 0 0 -8.3200385793056968e-05 0 0 3.6915576717426427e-05 0 0
leaf_weight=22 43 174 142 34 49 39 118 201 60 1648 57 200 304 78 254 21 44 53 22 121 269 73 42
leaf_count=22 43 174 142 34 49 39 118 201 60 1648 57 200 304 78 254 21 44 53 22 121 269 73 42
internal_value=0 -1.68218e-06 -1.65435e-05 0 -6.41105e-05 -4.51171e-05 -7.14661e-05 1.51492e-05 9.41959e-06 8.03046e-07 4.99237e-06 1.01216e-05 -1.29523e-05 -9.99772e-06 -2.39145e-05 1.88578e-05 -8.37675e-07 -2.68296e-05 -5.72995e-05 2.31194e-05 2.7829e-05 0 0
internal_weight=4068 3456 668 426 83 242 161 343 612 2788 2209 1848 361 579 332 471 141 97 75 450 390 247 81
internal_count=4068 3456 668 426 83 242 161 343 612 2788 2209 1848 361 579 332 471 141 97 75 450 390 247 81
is_linear=0
shrinkage=0.03


Tree=135
num_leaves=15
num_cat=0
split_feature=28 3 28 23 24 31 36 5 7 25 29 25 30 35
split_gain=6.98633e-05 0.000197112 0.000396633 0.000488453 0.000760973 0.000607289 0.000200336 0.000255999 0.000343465 0.000158224 0.00028917 0.000158778 5.1261e-05 5.50151e-05
threshold=-3276791023.4999995 59.049999237060554 -1027035204.4999999 -0.88931470713896477 -0.67819594728575594 -0.010582011898796371 0.015663098695922237 37226710.500000007 1.0000000180025095e-35 -0.64593558798302497 11.798424126846301 -0.43872443276434542 31.146233932675369 0.012913605803225916
decision_type=2 2 2 2 2 2 2 2 2 2 2 2 2 2
left_child=12 2 3 5 -5 -2 9 8 -8 10 -3 -11 -1 -14
right_child=1 6 -4 4 -6 -7 7 -9 -10 11 -12 -13 13 -15
leaf_value=0 0.00019751971474598479 0.00011581133247431919 -0.00014213317138814474 -0.00015802462362436644 -4.2259292855852556e-06 0 -6.8335076313340455e-05 0 0 -2.515839442497725e-05 0 4.4410318570643594e-06 0 6.029175366547818e-05
leaf_weight=42 20 33 25 36 473 49 144 34 38 154 50 2894 33 43
leaf_count=42 20 33 25 36 473 49 144 34 38 154 50 2894 33 43
internal_value=0 -6.84872e-07 -1.69448e-05 -6.317e-06 -2.10253e-05 5.86414e-05 1.34866e-06 -2.48442e-05 -4.46958e-05 4.1145e-06 4.7016e-05 1.96053e-06 2.27314e-05 3.75251e-05
internal_weight=4068 3950 603 578 509 69 3347 216 182 3131 83 3048 118 76
internal_count=4068 3950 603 578 509 69 3347 216 182 3131 83 3048 118 76
is_linear=0
shrinkage=0.03


Tree=136
num_leaves=23
num_cat=0
split_feature=0 0 24 35 4 1 1 33 27 34 33 1 21 28 30 31 0 35 21 4 35 33
split_gain=7.50664e-05 0.00033393 0.000189395 0.000270565 0.000158596 0.000404509 0.000287859 0.000278813 0.000407949 0.000257646 0.000231665 0.000207214 0.000257967 0.000133617 0.000294588 0.000184051 0.000117949 0.000406546 7.37059e-05 5.11922e-05 0.000139212 1.5668e-05
threshold=33.289602279663093 32.309312820434577 0.60769561206818801 0.015975017429075134 77.875000000000014 76.02500152587892 78.52500152587892 0.034665068101045755 0.76661712811788152 -0.019567122228145047 0.046076716949990056 77.674999237060561 80.625000190734866 41470116.500000007 60.044051908508131 0.0083586946901012 31.685307502746586 0.01807115327907001 51.877916526794444 46.324998855590827 0.014178868547677467 -0.018026450241084121
decision_type=2 2 2 2 2 2 2 2 2 2 2 2 2 2 2 2 2 2 2 2 2 2
left_child=1 16 3 21 5 7 9 8 -2 -6 -9 12 -7 15 -15 -8 19 -18 -5 -1 -21 -3
right_child=4 2 -4 18 6 11 13 10 -10 -11 -12 -13 -14 14 -16 -17 17 -19 -20 20 -22 -23
leaf_value=-2.6074286492127549e-05 -6.9827032344702961e-06 0 0 0 0 -9.373008725314675e-05 0 -0.00010643020131555449 3.2287622948602531e-05 8.4891967848852045e-05 0 0 0 0 -5.5953669826340984e-05 2.4129863774981543e-05 0 -0.00013021007792947951 0.0001278669518496524 0 4.2298797268152878e-05 1.0818761228051067e-05
leaf_weight=28 1135 23 24 22 27 103 1264 41 299 71 48 28 23 112 116 322 21 28 51 71 85 126
leaf_count=28 1135 23 24 22 27 103 1264 41 299 71 48 28 23 112 116 322 21 28 51 71 85 126
internal_value=0 1.11615e-05 3.80253e-05 4.8679e-05 -1.48117e-06 -8.77616e-06 3.34839e-06 -2.00554e-06 0 5.34738e-05 -5.37126e-05 -5.62224e-05 -7.30874e-05 0 -2.07655e-05 3.71558e-06 -4.33527e-06 -4.7447e-05 0.000102576 0 1.3144e-05 2.1012e-06
internal_weight=4068 479 246 222 3589 1677 1912 1523 1434 98 89 154 126 1814 228 1586 233 49 73 184 156 149
internal_count=4068 479 246 222 3589 1677 1912 1523 1434 98 89 154 126 1814 228 1586 233 49 73 184 156 149
is_linear=0
shrinkage=0.03


Tree=137
num_leaves=20
num_cat=0
split_feature=0 26 5 23 4 1 26 23 1 33 27 34 33 28 30 31 36 35 36
split_gain=6.94007e-05 0.000343752 0.000241665 0.000166345 0.000150377 0.000376718 0.000332862 0.000337126 0.000268346 0.000265966 0.000297768 0.000245162 0.000216578 0.000122929 0.00027954 0.000173626 9.30868e-05 4.93239e-05 2.61657e-05
threshold=33.289602279663093 1.6123652999936402 42824987.500000007 0.2427587230038242 77.875000000000014 75.875000000000014 1.108309011491363 -1.1095206027604403 78.52500152587892 0.034665068101045755 0.76661712811788152 -0.019567122228145047 0.046076716949990056 41470116.500000007 60.044051908508131 0.0083586946901012 0.004111647585153067 0.012872848992628172 -0.0045141000683537012
decision_type=2 2 2 2 2 2 2 2 2 2 2 2 2 2 2 2 2 2 2
left_child=1 2 16 -3 5 9 -7 -8 11 10 -2 -6 -11 15 -15 -10 18 -18 -1
right_child=4 3 -4 -5 8 6 7 -9 13 12 -12 -13 -14 14 -16 -17 17 -19 -20
leaf_value=9.9104461646951923e-06 -5.4122045265053815e-06 0.0001161624217478331 -7.173794157547134e-05 0 0 0 0 -9.5596427574106408e-05 0 -0.00010324506180651526 2.8280075930802939e-05 8.2348789370517199e-05 0 0 -5.4276506333070517e-05 2.3406192654539873e-05 0 4.9917649841588435e-05 -8.0893158957632372e-06
leaf_weight=133 1119 38 37 20 27 33 26 116 1264 41 294 71 48 112 116 322 29 62 160
leaf_count=133 1119 38 37 20 27 33 26 116 1264 41 294 71 48 112 116 322 29 62 160
internal_value=0 1.07167e-05 0 7.91956e-05 -1.43952e-06 -8.55633e-06 -5.1144e-05 -7.30162e-05 3.23375e-06 -1.59411e-06 0 5.16305e-05 -5.22434e-05 0 -1.99118e-05 3.56862e-06 8.31704e-06 3.48034e-05 0
internal_weight=4068 479 421 58 3589 1677 175 142 1912 1502 1413 98 89 1814 228 1586 384 91 293
internal_count=4068 479 421 58 3589 1677 175 142 1912 1502 1413 98 89 1814 228 1586 384 91 293
is_linear=0
shrinkage=0.03


Tree=138
num_leaves=26
num_cat=0
split_feature=5 0 25 28 19 20 4 1 26 32 0 5 4 26 28 23 4 26 25 5 36 35 23 20 1
split_gain=6.81256e-05 0.000220961 0.000218526 0.00012019 0.000355443 0.000383225 0.000196485 0.000270602 0.000257284 0.000180543 0.000176139 0.000231643 0.000154305 0.00013007 0.000116147 7.50714e-05 9.30365e-05 5.71594e-05 4.72058e-05 5.27307e-05 3.46321e-05 1.94441e-05 1.55494e-05 1.00454e-05 1.8009e-08
threshold=12222302.000000002 42.834110260009773 0.12598336410149802 41470116.500000007 81.459999847412121 100.01749916076662 77.875000000000014 76.02500152587892 1.108309011491363 -0.011226954393127207 73.658248901367202 15172609.500000002 84.52500152587892 1.7393224377658834 -2753500443.9999995 -0.14559672551621358 87.224998474121108 0.93214743979545922 -0.061064680638114648 19678638.500000004 0.0069374572531435757 0.012173898776130372 -0.5858347429908618 79.411250495910664 81.174999237060561
decision_type=2 2 2 2 2 2 2 2 2 2 2 2 2 2 2 2 2 2 2 2 2 2 2 2 2
left_child=1 2 17 6 18 9 7 13 -9 -6 11 -8 -12 -2 21 22 -17 -1 -5 -20 -19 23 -16 -3 -4
right_child=3 14 24 4 5 -7 10 8 -10 -11 12 -13 -14 -15 15 16 -18 20 19 -21 -22 -23 -24 -25 -26
leaf_value=0 -5.5392048073943976e-06 2.7838182581421241e-05 -4.9518278018682502e-07 0 0 0 0 0 -6.9596055547119505e-05 -0.00011383690526153163 -3.7337564438216711e-05 2.5119514711008337e-05 0 2.3470229285357391e-05 -8.902512726564016e-06 -4.9916955865729526e-05 0 5.382543677210776e-05 0 5.2933549926241971e-05 0 0 1.156793639127563e-05 0 0
leaf_weight=41 1436 65 66 47 25 67 321 36 114 73 108 717 142 136 75 93 72 182 29 32 22 45 60 20 44
leaf_count=41 1436 65 66 47 25 67 321 36 114 73 108 717 142 136 75 93 72 182 29 32 22 45 60 20 44
internal_value=0 7.93898e-06 2.64426e-05 -1.89826e-06 -2.0962e-05 -5.16183e-05 0 -6.79576e-06 -4.6252e-05 -8.94428e-05 8.6915e-06 1.53313e-05 -6.87683e-06 -1.11987e-06 -3.64764e-07 -1.63965e-05 -2.99651e-05 4.2608e-05 0 2.63693e-05 4.93171e-05 1.35565e-05 0 2.20589e-05 0
internal_weight=4068 785 355 3283 273 165 3010 1722 150 98 1288 1038 250 1572 430 300 165 245 108 61 204 130 135 85 110
internal_count=4068 785 355 3283 273 165 3010 1722 150 98 1288 1038 250 1572 430 300 165 245 108 61 204 130 135 85 110
is_linear=0
shrinkage=0.03


Tree=139
num_leaves=15
num_cat=0
split_feature=28 20 31 23 32 24 35 23 31 26 28 0 35 5
split_gain=6.69229e-05 0.000189631 0.000475294 0.000154908 0.000395358 0.000322999 0.00047162 0.000174767 0.000141375 0.000615828 0.000255992 7.61314e-05 1.56673e-05 1.05038e-05
threshold=-3276791023.4999995 65.671250057220476 -0.030251547102336847 -1.622852727614198 -0.01510403865871107 -0.97756632699519252 0.015091821924474133 0.034319221001691609 -0.011166457634689817 1.5706815934085399 -2898349226.4999995 36.474998474121101 0.023068645250047929 11962391.000000002
decision_type=2 2 2 2 2 2 2 2 2 2 2 2 2 2
left_child=11 2 -2 4 -3 6 -5 -7 9 -4 -10 13 -6 -1
right_child=1 3 8 5 12 7 -8 -9 10 -11 -12 -13 -14 -15
leaf_value=0 -0.00016559157482306678 0.00011400226557649947 -2.6620239495337934e-06 0 8.2004567804305164e-06 1.2569218971490242e-05 -8.2008805170341592e-05 -1.5852193819639571e-06 0 0.00011673555893031547 -3.2168136013888806e-05 0 -1.9059113066354051e-05 4.2616071116932052e-05
leaf_weight=23 20 39 95 149 74 1195 101 1471 378 42 361 20 25 75
leaf_count=23 20 39 95 149 74 1195 101 1471 378 42 361 20 25 75
internal_value=0 -6.77101e-07 -1.33437e-05 2.05713e-06 3.32133e-05 0 -3.19613e-05 3.63432e-06 -6.42496e-06 1.21182e-05 -1.39228e-05 2.2241e-05 0 3.59717e-05
internal_weight=4068 3950 896 3054 138 2916 250 2666 876 137 739 118 99 98
internal_count=4068 3950 896 3054 138 2916 250 2666 876 137 739 118 99 98
is_linear=0
shrinkage=0.03


Tree=140
num_leaves=25
num_cat=0
split_feature=5 0 25 28 19 34 4 31 31 1 26 31 24 4 28 5 26 26 27 34 5 31 0 1
split_gain=6.35738e-05 0.000207388 0.000206208 0.000111894 0.000335132 0.000467212 0.000180586 0.00026703 0.000338467 0.000254323 0.000244338 0.00016792 0.000131714 0.000122831 0.000110914 7.22206e-05 7.57423e-05 5.29377e-05 4.92373e-05 4.33172e-05 1.69609e-05 5.19634e-06 1.19049e-06 2.61916e-09
threshold=12222302.000000002 42.834110260009773 0.12598336410149802 41470116.500000007 81.459999847412121 -0.0095023826817567918 77.875000000000014 0.0056349660785403053 -0.0068969324168187121 76.02500152587892 1.108309011491363 0.02982749388521622 0.15678245268723154 74.724998474121108 -2753500443.9999995 11591760.500000002 1.1720395547127687 0.93214743979545922 0.62569111221374862 -0.019871054134128537 11041665.500000002 -0.0095213174106299463 78.86041641235353 81.174999237060561
decision_type=2 2 2 2 2 2 2 2 2 2 2 2 2 2 2 2 2 2 2 2 2 2 2 2
left_child=1 2 17 6 18 21 9 8 -8 13 -11 -9 -7 -2 20 16 -16 -1 -5 -19 22 -6 -3 -4
right_child=3 14 23 4 5 12 7 11 -10 10 -12 -13 -14 -15 15 -17 -18 19 -20 -21 -22 -23 -24 -25
leaf_value=0 -5.1929287685860604e-06 2.2829516479154838e-05 -1.8884332773698813e-07 0 0 0 2.3312944297113258e-05 3.6723799734741105e-05 -1.4567606872810197e-05 0 -6.7573932554313879e-05 0 -0.00010170696163322499 2.4445267744646672e-05 0 0 -3.5050409103207397e-05 0 3.134586383173543e-05 5.5123474366456991e-05 0 1.2464841717136306e-05 0 0
leaf_weight=41 1450 75 66 63 20 23 337 356 572 36 114 23 92 122 78 51 171 38 45 166 35 30 20 44
leaf_count=41 1450 75 66 63 20 23 337 356 572 36 114 23 92 122 78 51 171 38 45 166 35 30 20 44
internal_value=0 7.64299e-06 2.55877e-05 -1.8597e-06 -2.02564e-05 -5.00561e-05 0 8.30271e-06 0 -6.54333e-06 -4.47886e-05 2.94647e-05 -8.51313e-05 -9.83079e-07 -1.99178e-07 -1.60218e-05 -2.38786e-05 4.13008e-05 0 4.77687e-05 1.32396e-05 0 2.00078e-05 0
internal_weight=4068 785 355 3283 273 165 3010 1288 909 1722 150 379 115 1572 430 300 249 245 108 204 130 50 95 110
internal_count=4068 785 355 3283 273 165 3010 1288 909 1722 150 379 115 1572 430 300 249 245 108 204 130 50 95 110
is_linear=0
shrinkage=0.03


Tree=141
num_leaves=23
num_cat=0
split_feature=0 26 5 23 0 27 21 1 27 5 29 25 0 26 23 1 0 21 26 20 19 30
split_gain=6.26522e-05 0.00032097 0.00021971 0.000155303 0.000132995 0.000217219 0.000226769 0.000643066 0.000113405 0.000117096 0.000105705 0.000302697 0.000280095 0.000329056 0.000283657 0.000180314 9.18106e-05 9.06537e-05 8.56929e-05 0.000138197 1.98797e-05 1.25196e-05
threshold=33.289602279663093 1.6123652999936402 42824987.500000007 0.2427587230038242 36.042226791381843 0.70872803732825995 76.744166755676289 54.774999618530281 0.85999761999328339 14989921.000000002 52.174703425485831 0.021806424827055585 38.378276824951179 1.1793206169297694 1.1732338745683111 95.375000000000014 38.150091171264656 48.774583466847744 1.1917532564334381 75.821250534057626 80.340000152587905 24.809545575660618
decision_type=2 2 2 2 2 2 2 2 2 2 2 2 2 2 2 2 2 2 2 2 2 2
left_child=1 2 18 -3 5 6 7 -2 9 -7 11 15 14 -14 -12 -6 -13 -10 21 -20 -8 -1
right_child=4 3 -4 -5 10 8 20 -9 17 -11 12 16 13 -15 -16 -17 -18 -19 19 -21 -22 -23
leaf_value=4.6237253261100449e-06 0 0.00011204503895073218 -6.8582869832629252e-05 0 2.2465914702703399e-06 0 1.5040317249601243e-05 -0.00010204160970315433 0 5.8650800313439505e-05 5.2233053853940038e-05 0 3.2091052769930208e-06 -2.3573512551705227e-05 0 -4.3918318267332894e-05 3.5573428444534184e-05 -3.9368880972102417e-05 4.8358624540331764e-05 0 -7.3162844589132268e-06 -7.798863285778633e-06
leaf_weight=80 148 38 37 20 1160 20 74 106 22 60 139 29 504 812 30 81 330 53 96 51 21 157
leaf_count=80 148 38 37 20 1160 20 74 106 22 60 139 29 504 812 30 81 330 53 96 51 21 157
internal_value=0 1.01815e-05 0 7.63336e-05 -1.36857e-06 -1.58359e-05 -3.03665e-05 -4.54981e-05 0 3.55715e-05 2.30023e-08 6.2585e-06 -4.67528e-06 -1.10374e-05 2.71028e-05 0 3.05478e-05 -3.07879e-06 7.77763e-06 2.61198e-05 0 0
internal_weight=4068 479 421 58 3589 504 349 254 155 80 3085 1600 1485 1316 169 1241 359 75 384 147 95 237
internal_count=4068 479 421 58 3589 504 349 254 155 80 3085 1600 1485 1316 169 1241 359 75 384 147 95 237
is_linear=0
shrinkage=0.03


Tree=142
num_leaves=18
num_cat=0
split_feature=28 4 32 35 24 36 5 7 35 28 30 23 24 0 0 27 5
split_gain=6.18802e-05 0.000180844 0.000384972 0.000255116 0.00033938 0.000166194 0.000236935 0.000323642 0.000150301 0.000495873 0.000210059 0.000147079 0.000269386 0.000264279 7.36306e-05 1.92581e-05 9.22193e-06
threshold=-3276791023.4999995 59.07500076293946 -0.01698249454963113 0.02529131649530356 0.45100507755976166 0.015663098695922237 37226710.500000007 1.0000000180025095e-35 0.025531592889318406 -2436328310.9999995 77.830873267024188 -1.622852727614198 -0.95992024232146334 41.115730285644538 36.474998474121101 0.083729112161182312 11962391.000000002
decision_type=2 2 2 2 2 2 2 2 2 2 2 2 2 2 2 2 2
left_child=14 2 3 15 -5 11 7 -7 10 -10 -4 13 -13 -3 16 -2 -1
right_child=1 5 8 4 -6 6 -8 -9 9 -11 -12 12 -14 -15 -16 -17 -18
leaf_value=0 0 9.8724307883929044e-05 -2.6059730762716288e-05 -0.00021223430367573706 0 -6.522128561957666e-05 0 0 8.8709216051351946e-05 0 3.4104452653946461e-05 -2.5782146153630964e-05 5.1640472871960578e-06 0 0 -1.9603751982720212e-05 4.1395330127863156e-05
leaf_weight=23 24 42 339 23 20 144 34 38 65 55 24 264 2747 86 20 45 75
leaf_count=23 24 42 339 23 20 144 34 38 65 55 24 264 2747 86 20 45 75
internal_value=0 -6.30468e-07 -1.63447e-05 -6.71489e-05 -0.000130594 1.26266e-06 -2.24026e-05 -4.20309e-05 0 2.34437e-05 -1.38114e-05 3.84745e-06 1.45365e-06 3.66936e-05 2.14073e-05 0 3.50316e-05
internal_weight=4068 3950 595 112 43 3355 216 182 483 120 363 3139 3011 128 118 69 98
internal_count=4068 3950 595 112 43 3355 216 182 483 120 363 3139 3011 128 118 69 98
is_linear=0
shrinkage=0.03


Tree=143
num_leaves=22
num_cat=0
split_feature=29 29 5 34 21 34 25 35 5 24 26 22 23 5 28 24 25 22 27 22 24
split_gain=6.14115e-05 0.000181595 0.00037147 0.000160203 0.000281935 0.000318344 0.000260845 0.000344249 0.000241961 0.000201935 0.000153616 0.000113719 8.82676e-05 0.000136768 0.000166289 6.98349e-05 0.000186192 3.64261e-05 9.62734e-05 8.37112e-05 4.3954e-07
threshold=19.523786687300507 22.513360561801111 18004590.000000004 -0.020947016856315 93.773333040873226 -0.012334682599477174 -0.11216722003982442 0.012806447164865564 22715518.500000004 0.33166429726512958 1.3676129879013701 31.347296470650338 -0.5676148577692145 15529853.000000002 -1292617241.4999998 -0.71351551276644776 -0.40878142063627904 43.458355586176012 0.062420718942467229 52.751194313914375 0.053133401658995084
decision_type=2 2 2 2 2 2 2 2 2 2 2 2 2 2 2 2 2 2 2 2 2
left_child=11 2 20 6 5 -5 9 -8 -6 -3 -4 15 13 -13 -15 16 -1 18 -14 -19 -2
right_child=1 3 10 4 8 -7 7 -9 -10 -11 -12 12 17 14 -16 -17 -18 19 -20 -21 -22
leaf_value=-8.6076653600293063e-05 2.8099705817869378e-06 2.2854132671287708e-05 0 -3.0815385665713946e-05 -5.8712811661928813e-05 3.56263638480997e-06 0 9.3126274070257702e-05 0 -4.8322017618729672e-05 -0.00012223868459849908 0 7.5422576382713221e-06 0 9.3745534914185244e-05 0 0 2.8939895810796255e-05 -2.7889302116604114e-05 0 0
leaf_weight=31 50 106 39 267 140 2590 22 78 39 54 43 43 86 30 57 44 66 129 105 21 28
leaf_count=31 50 106 39 267 140 2590 22 78 39 54 43 43 86 30 57 44 66 129 105 21 28
internal_value=0 -1.52138e-06 -3.27231e-05 0 -1.94159e-06 0 2.25905e-05 6.05913e-05 -3.84794e-05 0 -7.84874e-05 8.78791e-06 1.7821e-05 4.19597e-05 6.35848e-05 -1.16166e-07 -2.54422e-05 0 0 1.47787e-05 0
internal_weight=4068 3456 160 3296 3036 2857 260 100 179 160 82 612 471 130 87 141 97 341 191 150 78
internal_count=4068 3456 160 3296 3036 2857 260 100 179 160 82 612 471 130 87 141 97 341 191 150 78
is_linear=0
shrinkage=0.03


Tree=144
num_leaves=28
num_cat=0
split_feature=5 31 36 24 24 31 22 29 2 22 25 25 5 24 3 23 29 26 35 24 27 35 22 31 27 34 5
split_gain=5.96054e-05 0.000126861 0.000173323 0.000174727 9.49299e-05 0.000288475 0.000241187 0.000209412 0.000441237 0.000168955 0.000367421 0.000398254 0.000353705 0.000180473 0.000215911 0.000157592 8.44841e-05 8.21398e-05 7.37105e-05 6.36354e-05 0.000117875 5.40526e-05 1.85926e-05 5.69875e-05 2.40753e-05 1.81805e-05 4.04838e-06
threshold=12222302.000000002 0.0031338140993186774 0.00063876387614499746 -0.13242563862654769 0.60769561206818801 -0.017018872043584207 47.962432235904103 58.632398918550798 93.250000000000014 57.010888597430686 0.19196333817179145 0.12921578509324141 37226710.500000007 0.28586454282409762 87.174999237060561 0.86285008695508492 56.852836055348853 0.93800063615085683 0.014798473475288997 0.80294338320137559 0.41329309381753393 0.019399801767245057 48.968644547743573 0.0078119133433526286 0.31524579171866635 0.033511195061873396 10645434.500000002
decision_type=2 2 2 2 2 2 2 2 2 2 2 2 2 2 2 2 2 2 2 2 2 2 2 2 2 2 2
left_child=1 2 19 17 9 6 -6 15 -9 10 11 -2 -12 25 -15 -7 -8 -4 22 20 -1 -20 24 -24 -3 -11 -5
right_child=4 18 3 26 5 7 16 8 -10 13 12 -13 -14 14 -16 -17 -18 -19 21 -21 -22 -23 23 -25 -26 -27 -28
leaf_value=6.6306190737223892e-06 -1.468598418190045e-06 0 0 7.9881083899672596e-06 0 -2.6209714352894115e-05 0.00011585747240183399 -5.3947698793386312e-05 7.0936416089938766e-06 8.90862743836137e-06 -1.187079923021352e-05 4.9096101091995898e-05 -0.00017177124076271294 5.8582882097975862e-05 0 1.189945007246817e-05 0 9.514263355357285e-05 -5.6694054875653124e-05 3.4153080614598543e-05 -2.5234140172163487e-05 0 0 4.6767568259898245e-05 -2.3540643339432103e-05 -6.2440826485037752e-06 0
leaf_weight=181 1616 30 20 57 32 161 27 298 46 151 250 148 21 145 24 220 32 60 36 49 154 22 70 31 39 112 36
leaf_count=181 1616 30 20 57 32 161 27 298 46 151 250 148 21 145 24 220 32 60 36 49 154 22 70 31 39 112 36
internal_value=0 7.46347e-06 1.678e-05 4.25129e-05 -1.73757e-06 -1.08087e-05 2.78498e-05 -1.98016e-05 -3.70671e-05 4.717e-08 -2.30727e-06 1.07575e-06 -3.53864e-05 1.80789e-05 4.23759e-05 0 6.97744e-05 7.66094e-05 -2.14187e-06 0 0 -3.40562e-05 0 1.28652e-05 0 0 0
internal_weight=4068 785 557 173 3283 816 91 725 344 2467 2035 1764 271 432 169 381 59 80 228 384 335 58 170 101 69 263 93
internal_count=4068 785 557 173 3283 816 91 725 344 2467 2035 1764 271 432 169 381 59 80 228 384 335 58 170 101 69 263 93
is_linear=0
shrinkage=0.03


Tree=145
num_leaves=20
num_cat=0
split_feature=0 26 5 29 4 28 32 1 33 27 29 24 24 31 33 33 36 35 36
split_gain=5.892e-05 0.000310753 0.000198057 0.000148451 0.000131062 0.000310984 0.000449833 0.000235513 0.000226122 0.000216138 0.000149745 0.0001113 0.000221938 0.000144422 0.000100282 9.98576e-05 8.68074e-05 4.58205e-05 2.498e-05
threshold=33.289602279663093 1.6123652999936402 42824987.500000007 43.955436958687635 77.875000000000014 -357382742.49999994 -0.014461842738738127 78.52500152587892 0.034665068101045755 0.76661712811788152 83.810398081636706 -0.8670224964524027 -1.4258239016115246 0.0099607786993819464 0.046076716949990056 -0.01085989386642716 0.004111647585153067 0.012872848992628172 -0.0045141000683537012
decision_type=2 2 2 2 2 2 2 2 2 2 2 2 2 2 2 2 2 2 2
left_child=1 2 16 -3 5 8 -7 15 9 -2 -8 12 -9 -13 -10 -6 18 -18 -1
right_child=4 3 -4 -5 7 6 10 11 14 -11 -12 13 -14 -15 -16 -17 17 -19 -20
leaf_value=8.968287283575292e-06 -4.6988649895253976e-06 0 -6.5161111505185627e-05 0.00012803386366247525 0 0 -8.8366022431139846e-05 0 -8.3015182748960378e-05 2.3281912887623485e-05 0 0 -4.1452231377724532e-05 2.3625348796502204e-05 0 7.1730490534618072e-05 0 4.74961804321507e-05 -8.5766445692677204e-06
leaf_weight=133 1099 30 37 28 36 34 118 86 43 314 20 1297 163 268 49 62 29 62 160
leaf_count=133 1099 30 37 28 36 34 118 86 43 314 20 1297 163 268 49 62 29 62 160
internal_value=0 9.9414e-06 0 7.50247e-05 -1.25777e-06 -7.94812e-06 -4.71482e-05 3.04142e-06 -1.47204e-06 0 -7.55103e-05 0 -1.79777e-05 3.54439e-06 -4.73822e-05 4.83836e-05 7.34565e-06 3.29408e-05 0
internal_weight=4068 479 421 58 3589 1677 172 1912 1505 1413 138 1814 249 1565 92 98 384 91 293
internal_count=4068 479 421 58 3589 1677 172 1912 1505 1413 138 1814 249 1565 92 98 384 91 293
is_linear=0
shrinkage=0.03


Tree=146
num_leaves=21
num_cat=0
split_feature=29 33 24 26 34 34 31 29 33 27 29 19 36 34 31 33 24 34 24 27
split_gain=5.92678e-05 0.000182573 0.000466184 0.000331251 0.000206455 0.000202925 0.000268641 0.000218554 0.000306004 0.000191111 0.000168201 0.000117142 0.000109634 0.000338932 0.000139026 0.000209904 0.000280441 2.93312e-05 1.74275e-05 3.22606e-06
threshold=19.523786687300507 -0.022559802315628649 -0.8670224964524027 1.7454355703967097 -0.012089187138688005 -0.023088990981800835 0.001793721517801883 37.865434759218779 1.0000000180025095e-35 0.0443689393778103 44.827682973111123 84.740000152587911 0.0029293791061874102 -0.036264581978975856 -0.012271705215872562 -0.018609473104941762 0.31741592095170296 -0.019567122228145047 0.45100507755976166 0.11703291234916789
decision_type=2 2 2 2 2 2 2 2 2 2 2 2 2 2 2 2 2 2 2 2
left_child=12 2 -2 4 -4 6 9 8 -7 -3 -9 -5 14 -14 18 16 -16 -17 -1 -15
right_child=1 5 3 11 -6 7 -8 10 -10 -11 -12 -13 13 19 15 17 -18 -19 -20 -21
leaf_value=-1.4081561707636321e-05 -0.00013568621495451392 0 -5.7470422012711618e-05 9.09275866198118e-05 0 -3.2088988675815541e-05 0 2.3645508239527688e-05 3.9084277457501899e-06 7.9712090882743793e-05 0 0 -8.8311357697879266e-05 0 7.5679667876368811e-05 -9.4185874059113844e-07 0 1.5740587634070003e-05 0 9.0046606238830009e-06
leaf_weight=79 32 24 108 28 40 454 46 283 161 93 2149 38 39 21 124 124 46 106 29 44
leaf_count=79 32 24 108 28 40 454 46 283 161 93 2149 38 39 21 124 124 46 106 29 44
internal_value=0 -1.4336e-06 -2.63921e-05 0 -3.40024e-05 0 3.30154e-05 -1.26166e-06 -1.77889e-05 5.98575e-05 1.68478e-06 4.38154e-05 8.69137e-06 -2.34161e-06 1.68545e-05 2.59516e-05 5.19109e-05 0 0 3.21371e-06
internal_weight=4068 3456 246 214 148 3210 163 3047 615 117 2432 66 612 104 508 400 170 230 108 65
internal_count=4068 3456 246 214 148 3210 163 3047 615 117 2432 66 612 104 508 400 170 230 108 65
is_linear=0
shrinkage=0.03


Tree=147
num_leaves=18
num_cat=0
split_feature=24 24 25 23 23 26 32 26 3 22 26 32 0 29 26 26 28
split_gain=5.95058e-05 0.0002216 0.000317709 0.000510521 0.000206817 0.000177973 0.000223525 0.000155652 0.000266582 0.00018107 0.000136443 0.000272063 3.80212e-05 0.00011203 2.53305e-05 2.8115e-05 8.64397e-06
threshold=-1.5763246469278902 -1.145903695405831 -0.16302986146760981 -1.8416742168631826 -0.73699131221007252 1.1246000288847009 0.0097071131900863267 1.2559761383839154 77.125000000000014 56.408338005143939 2.0866448540902796 0.0079598763633874654 38.078571319580085 21.816286639858749 1.4412597430491043 1.2104864730550127 -2635444098.4999995
decision_type=2 2 2 2 2 2 2 2 2 2 2 2 2 2 2 2 2
left_child=10 2 3 -2 5 16 -7 9 -9 -6 14 -12 -4 -14 15 -1 -3
right_child=1 4 12 -5 7 6 -8 8 -10 -11 11 -13 13 -15 -16 -17 -18
leaf_value=0 0 0 1.6146228115400692e-05 -0.00016904165635583216 -1.1054814057421286e-06 4.4123054689393135e-05 0 -2.3149728611643202e-05 0 1.7970009781935447e-05 0.00014106913122141033 0 0 -3.8238704907411761e-05 -1.8829983473869216e-05 3.3551020728752161e-05 -8.562889094010229e-06
leaf_weight=23 24 27 35 33 1105 277 75 685 889 566 21 22 24 86 40 30 106
leaf_count=23 24 27 35 33 1105 277 75 685 889 566 21 22 24 86 40 30 106
internal_value=0 -5.77151e-07 -3.14917e-05 -9.2292e-05 2.93574e-07 1.91622e-05 3.09968e-05 -1.60257e-06 -8.99031e-06 3.56122e-06 1.95927e-05 6.37286e-05 0 -1.50894e-05 0 1.27109e-05 0
internal_weight=4068 3932 202 57 3730 485 352 3245 1574 1671 136 43 145 110 93 53 133
internal_count=4068 3932 202 57 3730 485 352 3245 1574 1671 136 43 145 110 93 53 133
is_linear=0
shrinkage=0.03


Tree=148
num_leaves=22
num_cat=0
split_feature=25 22 28 30 5 22 32 30 36 25 21 25 29 25 22 30 5 5 33 32 32
split_gain=5.96423e-05 0.000229711 0.000454358 0.00033664 0.000210901 0.000545642 0.000455789 0.000975897 0.000209423 0.000267149 0.000269418 0.00018166 0.000224889 0.000170047 0.000221379 0.000178619 6.76159e-05 5.07691e-05 1.02001e-05 0.000143639 8.41927e-06
threshold=0.18431742644632845 52.477616201891443 -578255530.49999988 72.946393627333322 50171193.000000007 40.461564597366568 -0.041337854561385605 33.666759040840724 0.0061133309836524886 0.22742704209060152 82.071666781107595 0.22395386752039229 79.029629849914429 0.021806424827055585 48.3773600595039 14.360360556384778 20155492.000000004 22620441.000000004 0.0042305846104004905 -0.013547164874015137 0.0069812394801898056
decision_type=2 2 2 2 2 2 2 2 2 2 2 2 2 2 2 2 2 2 2 2 2
left_child=4 2 3 -2 6 -6 7 -1 11 17 -11 16 -13 15 -15 -8 -3 -10 19 -4 -20
right_child=1 8 18 -5 5 -7 13 -9 9 10 -12 12 -14 14 -16 -17 -18 -19 20 -21 -22
leaf_value=-0.00025135508531690641 -0.00017540910742410316 0 0 0 0.00018612030232429446 0 2.0405298751494574e-05 0 0 -6.1360221996085775e-05 0 4.1764591168570018e-05 0 3.5575884548771832e-05 0 -5.4762219610173588e-06 -4.8673710042908394e-05 4.6821182046400054e-05 1.5866286850838367e-05 -4.7602937944060408e-05 0
leaf_weight=20 31 66 27 20 20 40 259 22 30 157 97 248 218 292 545 1804 29 23 30 61 29
leaf_count=20 31 66 27 20 20 40 259 22 30 157 97 248 218 292 545 1804 29 23 30 61 29
internal_value=0 -5.99045e-06 -3.51672e-05 -0.000113123 2.2664e-06 5.84324e-05 9.93096e-08 -9.64449e-05 0 -1.92273e-05 -3.70613e-05 1.15575e-05 2.22311e-05 2.53526e-06 1.42697e-05 -7.71964e-07 -9.22176e-06 9.6533e-06 0 -1.02079e-05 0
internal_weight=4068 1066 198 51 3002 60 2942 42 868 307 254 561 466 2900 837 2063 95 53 147 88 59
internal_count=4068 1066 198 51 3002 60 2942 42 868 307 254 561 466 2900 837 2063 95 53 147 88 59
is_linear=0
shrinkage=0.03


Tree=149
num_leaves=18
num_cat=0
split_feature=28 20 32 2 35 23 32 24 35 35 3 28 0 5 35 35 5
split_gain=5.64663e-05 0.000171027 0.000201121 0.00040916 0.000291867 0.000146584 0.000368716 0.000271498 0.000430457 0.000151473 0.000101273 0.000116799 7.08203e-05 6.41283e-05 2.88418e-05 1.33462e-05 7.56401e-06
threshold=-3276791023.4999995 65.671250057220476 -0.01698249454963113 56.725000381469734 0.014501487315886722 -1.622852727614198 -0.01510403865871107 -0.97756632699519252 0.015091821924474133 0.0099058963620783681 64.52500152587892 -2436328310.9999995 36.474998474121101 12023309.500000002 0.021910492136713984 0.023068645250047929 11962391.000000002
decision_type=2 2 2 2 2 2 2 2 2 2 2 2 2 2 2 2 2
left_child=12 2 3 4 -2 6 -3 8 -7 -9 11 -4 16 -12 -5 -8 -1
right_child=1 5 10 14 -6 7 15 9 -10 -11 13 -13 -14 -15 -16 -17 -18
leaf_value=0 0 0.00011044667162986047 1.0550582663702652e-05 0 -0.00011108349659027179 0 7.9314073093842532e-06 -8.3597671205268038e-06 -7.7052858580582315e-05 7.8231454441919188e-06 0 -1.6160663271478106e-05 0 -5.0138394674191813e-05 3.0393424486675961e-05 -1.7112385791418436e-05 4.0045278448364714e-05
leaf_weight=23 21 39 456 26 77 149 74 537 101 2129 20 208 20 60 28 25 75
leaf_count=23 21 39 456 26 77 149 74 537 101 2129 20 208 20 60 28 25 75
internal_value=0 -4.86091e-07 -1.25735e-05 -4.59006e-05 -8.37876e-05 2.0782e-06 3.24161e-05 0 -2.91718e-05 3.43807e-06 -1.72778e-06 0 2.05526e-05 -3.41414e-05 0 0 3.40331e-05
internal_weight=4068 3950 896 152 98 3054 138 2916 250 2666 744 664 118 80 54 99 98
internal_count=4068 3950 896 152 98 3054 138 2916 250 2666 744 664 118 80 54 99 98
is_linear=0
shrinkage=0.03


Tree=150
num_leaves=19
num_cat=0
split_feature=23 30 35 32 24 26 5 23 23 24 19 2 26 30 31 30 30 34
split_gain=5.80061e-05 0.000303706 0.000476536 0.000668919 0.00045806 0.000542106 0.000719759 0.000263196 0.000173375 0.000165785 0.000147286 0.000165318 7.89081e-05 6.62614e-05 8.75086e-05 6.15874e-05 5.66902e-05 3.41598e-05
threshold=-0.5605283133619422 32.873527231833684 0.020710039191842788 0.016745234604434781 -0.45237866218835648 1.4972920225832091 21772231.500000004 -0.55118049495346699 -0.62415339869719577 -0.79454398819429917 47.860000228881844 78.375000000000014 2.5691536236133112 65.402386969617439 -0.0036386071474359678 60.354994989074449 20.336233900425242 -0.01664414853982343
decision_type=2 2 2 2 2 2 2 2 2 2 2 2 2 2 2 2 2 2
left_child=1 4 13 12 5 16 -7 -2 17 -9 -11 -12 -4 15 -15 -3 -1 -6
right_child=7 2 3 -5 8 6 -8 9 -10 10 11 -13 -14 14 -16 -17 -18 -19
leaf_value=5.4668535653984309e-06 -8.8148203000609063e-05 0 0.00014529932149238002 0 8.31921296694058e-05 0 -0.00019332103632833567 -6.7146496408824024e-05 0 4.2214418420846656e-05 -8.5558546175526972e-06 5.6274635292442479e-06 0 0 4.4763924256381585e-05 -3.8142097757773564e-05 -1.7288074210717433e-05 0
leaf_weight=176 32 299 66 38 53 66 37 33 25 74 1425 1420 23 21 69 38 153 20
leaf_count=176 32 299 66 38 53 66 37 33 25 74 1425 1420 23 21 69 38 153 20
internal_value=0 6.04628e-06 2.30204e-05 7.53931e-05 -6.0382e-06 -2.40949e-05 -8.46489e-05 -2.05268e-06 4.29209e-05 -1.00216e-07 0 -4.22265e-07 0.000121922 4.05412e-07 2.57421e-05 0 0 6.78735e-05
internal_weight=4068 1084 554 127 530 432 103 2984 98 2952 2919 2845 89 427 90 337 329 73
internal_count=4068 1084 554 127 530 432 103 2984 98 2952 2919 2845 89 427 90 337 329 73
is_linear=0
shrinkage=0.03


Tree=151
num_leaves=18
num_cat=0
split_feature=24 24 25 23 23 33 26 26 2 26 32 34 30 0 29 26 26
split_gain=5.55224e-05 0.000199595 0.00030817 0.000474128 0.000190821 0.000272631 0.000230461 0.000144533 0.000262617 0.000131756 0.000250707 0.000102695 9.17408e-05 3.10946e-05 0.000102871 2.16987e-05 2.56452e-05
threshold=-1.5763246469278902 -1.145903695405831 -0.16302986146760981 -1.8416742168631826 -0.73699131221007252 0.0094006542538588329 1.1246000288847009 1.2559761383839154 78.52500152587892 2.0866448540902796 0.0079598763633874654 0.028214959825985434 33.481414493115807 38.078571319580085 21.816286639858749 1.4412597430491043 1.2104864730550127
decision_type=2 2 2 2 2 2 2 2 2 2 2 2 2 2 2 2 2
left_child=9 2 3 -2 5 6 -3 11 -9 15 -11 -6 -7 -4 -15 16 -1
right_child=1 4 13 -5 7 12 -8 8 -10 10 -12 -13 -14 14 -16 -17 -18
leaf_value=0 0 0 1.5434485583558163e-05 -0.00016348681929647876 0 -5.1018336157910968e-05 4.7828099941160779e-05 -2.272291972087845e-05 0 0.00013647409005342181 0 2.5594047112953996e-05 0 0 -3.6100223779083646e-05 -1.7774508984560872e-05 3.1538951253994942e-05
leaf_weight=23 24 118 35 33 1501 33 268 688 886 21 22 170 66 24 86 40 30
leaf_count=23 24 118 35 33 1501 33 268 688 886 21 22 170 66 24 86 40 30
internal_value=0 -5.51304e-07 -2.98956e-05 -8.95581e-05 2.34341e-07 1.8392e-05 3.24223e-05 -1.55552e-06 -8.69229e-06 1.89308e-05 6.23133e-05 3.37185e-06 -6.01736e-06 0 -1.33504e-05 0 1.13661e-05
internal_weight=4068 3932 202 57 3730 485 386 3245 1574 136 43 1671 99 145 110 93 53
internal_count=4068 3932 202 57 3730 485 386 3245 1574 136 43 1671 99 145 110 93 53
is_linear=0
shrinkage=0.03


Tree=152
num_leaves=24
num_cat=0
split_feature=5 0 25 28 32 4 32 4 31 31 1 22 32 4 28 5 25 25 25 33 35 27 0
split_gain=5.5711e-05 0.000192271 0.000190743 0.000107672 0.000299911 0.000381276 0.000328421 0.000146203 0.000250871 0.000306915 0.000226256 0.000230481 0.000203312 0.000113659 0.000102192 8.91209e-05 7.08892e-05 0.000146212 4.33916e-05 4.04925e-05 1.69684e-05 9.27281e-06 7.79727e-06
threshold=12222302.000000002 42.834110260009773 0.12598336410149802 41470116.500000007 0.01917851400884674 80.375000000000014 -0.01196800176943502 77.875000000000014 0.0058860378200722438 -0.0068969324168187121 76.02500152587892 65.485988362591726 0.018356764793892037 74.724998474121108 -2753500443.9999995 28274114.000000004 0.094356099131835555 -0.26380197746667983 -0.29794122354124775 0.013921305814910802 0.012173898776130372 0.84322347165753186 78.86041641235353
decision_type=2 2 2 2 2 2 2 2 2 2 2 2 2 2 2 2 2 2 2 2 2 2 2
left_child=1 2 18 7 5 -5 -7 10 9 -9 13 -12 -10 -2 20 -6 17 -16 -1 -20 22 -18 -3
right_child=3 14 -4 4 15 6 -8 8 12 -11 11 -13 -14 -15 16 -17 21 -19 19 -21 -22 -23 -24
leaf_value=0 -4.4869215019476098e-06 2.6041624113432268e-05 0 0 0 0 -0.00010572219632593626 2.2186442098551558e-05 4.4859873897183627e-05 -1.3706039276074227e-05 -5.9851880636077095e-05 0 0 2.4496246566475398e-05 0 5.7692593906941844e-05 7.8146699957665034e-06 -4.4609504586223186e-05 4.8671348098392669e-05 0 0 -1.0768210341593233e-05 0
leaf_weight=22 1450 63 110 81 29 47 90 337 241 587 130 20 123 122 53 26 87 134 195 28 45 26 22
leaf_count=22 1450 63 110 81 29 47 90 337 241 587 130 20 123 122 53 26 87 134 195 28 45 26 22
internal_value=0 7.31098e-06 2.46066e-05 -1.57807e-06 -1.96156e-05 -4.10956e-05 -7.20384e-05 0 7.70281e-06 0 -5.65933e-06 -4.15086e-05 2.88101e-05 -3.27901e-07 0 1.09969e-05 -1.54322e-05 -2.68883e-05 3.97194e-05 4.36834e-05 1.25537e-05 0 2.05033e-05
internal_weight=4068 785 355 3283 273 218 137 3010 1288 924 1722 150 364 1572 430 55 300 187 245 223 130 113 85
internal_count=4068 785 355 3283 273 218 137 3010 1288 924 1722 150 364 1572 430 55 300 187 245 223 130 113 85
is_linear=0
shrinkage=0.03


Tree=153
num_leaves=26
num_cat=0
split_feature=29 33 30 29 24 36 31 30 35 34 34 29 22 33 25 28 31 22 24 24 36 33 26 28 22
split_gain=5.39183e-05 0.000167174 0.000307178 0.000414355 0.000642658 0.000337706 0.000385184 0.000164165 0.000130774 0.000183065 0.000249306 0.000190571 0.000102986 9.77242e-05 7.88977e-05 7.04744e-05 0.000140801 7.04027e-05 5.65359e-05 0.0001654 0.000102797 4.66906e-05 5.45814e-05 5.10369e-05 2.18732e-05
threshold=19.523786687300507 -0.010293326475461549 42.292294039734237 54.205807949746578 -0.19351507430282669 0.00085108936074920251 -0.016414734768432356 52.15320289632178 0.010177271349489337 0.032638715944053327 0.025008514633340088 72.031485185429617 31.347296470650338 -0.035264492578164323 -0.17510162732941156 -2466429354.9999995 0.0076380075444028037 38.738710913462675 -0.65472019711072782 -1.4794892035107499 -0.010817646812882248 -0.029474209212520138 0.96615180390113975 -293923127.49999994 56.030182664490461
decision_type=2 2 2 2 2 2 2 2 2 2 2 2 2 2 2 2 2 2 2 2 2 2 2 2 2
left_child=12 2 5 7 -5 6 -2 -4 15 10 -10 -11 18 17 -7 24 -17 -14 19 -1 -21 23 -23 -15 -3
right_child=1 8 3 4 -6 14 -8 -9 9 11 -12 -13 13 21 -16 16 -18 -19 -20 20 -22 22 -24 -25 -26
leaf_value=0 0 -1.8172706656650136e-06 0 -0.00018691008508185005 0 3.4299340459089921e-05 -9.5658699213727985e-05 3.3239047513172295e-05 4.064971034568552e-06 -6.1072949274204951e-05 4.3631828129741833e-05 0 8.5270053459308447e-05 -4.7804115427207924e-05 -2.2705595760237208e-05 -2.8118017902280967e-05 0 0 0 0 -7.0321884520084773e-05 0 1.7843552855137658e-05 0 1.6684869240058226e-05
leaf_weight=22 43 136 142 25 58 44 118 201 1648 57 200 304 39 20 37 316 58 33 40 20 59 60 294 25 69
leaf_count=22 43 136 142 25 58 44 118 201 1648 57 200 304 39 20 37 316 58 33 40 20 59 60 294 25 69
internal_value=0 -1.28853e-06 -1.51638e-05 0 -5.99323e-05 -4.21482e-05 -6.75003e-05 1.47291e-05 9.60379e-07 5.23326e-06 9.97252e-06 -1.07156e-05 8.36087e-06 1.6958e-05 0 -1.01591e-05 -1.81469e-05 5.53557e-05 0 -2.24341e-05 -5.02513e-05 2.50001e-06 1.12123e-05 0 0
internal_weight=4068 3456 668 426 83 242 161 343 2788 2209 1848 361 612 471 81 579 374 72 141 101 79 399 354 45 205
internal_count=4068 3456 668 426 83 242 161 343 2788 2209 1848 361 612 471 81 579 374 72 141 101 79 399 354 45 205
is_linear=0
shrinkage=0.03


Tree=154
num_leaves=19
num_cat=0
split_feature=0 26 5 29 0 34 36 33 34 33 21 5 21 5 5 36 32 31
split_gain=5.57084e-05 0.000300195 0.000176408 0.000128194 0.000117461 0.000205799 0.000408384 0.000181277 0.000221576 0.000193604 0.000173742 0.000459359 0.000233016 0.000224529 0.000101953 8.16802e-05 3.03703e-05 2.46693e-05
threshold=33.289602279663093 1.6123652999936402 42824987.500000007 43.955436958687635 36.042226791381843 0.054622645858974146 0.0048887430697648103 0.029471082371687943 0.023207645721889384 0.016324516942926252 48.774583466847744 27465266.500000004 78.385000419616702 19906426.500000004 24082509.000000004 0.004111647585153067 -0.0020433948858712965 -0.0076384546738796901
decision_type=2 2 2 2 2 2 2 2 2 2 2 2 2 2 2 2 2 2
left_child=1 2 15 -3 10 7 -7 9 -9 -6 14 13 -13 -12 -2 17 -17 -1
right_child=4 3 -4 -5 5 6 -8 8 -10 -11 11 12 -14 -15 -16 16 -18 -19
leaf_value=1.3758990708304909e-05 0 0 -6.1455804714525105e-05 0.00012388624024893956 3.7005126056860796e-06 0 -9.7617588428043335e-05 0 5.7271843445511385e-05 -1.9690448232665434e-05 -2.4866597278968368e-05 -9.4616033482463645e-05 0 2.5221796450386607e-05 5.8944702270437309e-05 0 4.1286814563440032e-05 -5.9328876292264419e-06
leaf_weight=77 33 30 37 28 2472 36 56 43 116 362 198 99 22 125 27 21 70 216
leaf_count=77 33 30 37 28 2472 36 56 43 116 362 198 99 22 125 27 21 70 216
internal_value=0 9.76908e-06 0 7.37371e-05 -1.10906e-06 1.51689e-07 -4.25877e-05 2.46911e-06 3.3766e-05 0 -1.47759e-05 -2.43827e-05 -7.47939e-05 0 6.32028e-06 6.9676e-06 3.18061e-05 0
internal_weight=4068 479 421 58 3589 3085 92 2993 159 2834 504 444 121 323 60 384 91 293
internal_count=4068 479 421 58 3589 3085 92 2993 159 2834 504 444 121 323 60 384 91 293
is_linear=0
shrinkage=0.03


Tree=155
num_leaves=18
num_cat=0
split_feature=24 24 25 31 27 26 27 26 26 26 32 28 0 29 26 26 29
split_gain=5.32396e-05 0.000179282 0.00028605 0.000488704 0.000152898 0.000401047 0.000373314 0.000482094 0.000203347 0.000125159 0.000235111 0.000100949 2.80307e-05 9.86576e-05 2.0372e-05 2.44375e-05 1.35014e-05
threshold=-1.5763246469278902 -1.145903695405831 -0.16302986146760981 -0.0019848054528012189 0.062420718942467229 1.4379352610777774 0.1234905166105089 1.311051052087298 2.0251624584858035 2.0866448540902796 0.0079598763633874654 -2598932320.9999995 38.078571319580085 21.816286639858749 1.4412597430491043 1.2104864730550127 7.7409845729597082
decision_type=2 2 2 2 2 2 2 2 2 2 2 2 2 2 2 2 2
left_child=9 2 3 -2 5 16 7 -6 -7 14 -11 -8 -4 -14 15 -1 -3
right_child=1 4 12 -5 6 8 11 -9 -10 10 -12 -13 13 -15 -16 -17 -18
leaf_value=0 -0.00015217834811706617 8.9801857055158898e-06 1.5361126269508369e-05 0 0 8.6853216831619137e-05 9.0920197845466616e-06 -9.5708698052489387e-05 0 0.0001326671873729111 0 -1.8537314572618948e-06 0 -3.5043894260290618e-05 -1.708231698051025e-05 3.0839409612651375e-05 -7.0282481652210511e-06
leaf_weight=23 37 47 35 20 106 90 1028 84 21 21 22 2185 24 86 40 30 169
leaf_count=23 37 47 35 20 106 90 1028 84 21 21 22 2185 24 86 40 30 169
internal_value=0 -4.47146e-07 -2.83028e-05 -8.56966e-05 2.57842e-07 2.0369e-05 -7.93669e-07 -4.20718e-05 6.68607e-05 1.86088e-05 6.08853e-05 7.1486e-07 0 -1.2406e-05 0 1.11769e-05 0
internal_weight=4068 3932 202 57 3730 327 3403 190 111 136 43 3213 145 110 93 53 216
internal_count=4068 3932 202 57 3730 327 3403 190 111 136 43 3213 145 110 93 53 216
is_linear=0
shrinkage=0.03


Tree=156
num_leaves=18
num_cat=0
split_feature=23 30 29 35 35 32 23 32 24 24 4 2 2 26 30 29 32
split_gain=5.68966e-05 0.000281268 0.000552391 0.000879379 0.000443158 0.000625985 0.000245572 0.000237265 0.000208438 0.00015052 0.00010912 0.00013515 8.23169e-05 6.60773e-05 6.10452e-05 0.000123756 6.30291e-05
threshold=-0.5605283133619422 32.873527231833684 33.050682133432275 0.019067098436459474 0.020710039191842788 0.016745234604434781 -0.55118049495346699 -0.0012642519379540971 -0.65472019711072782 -0.79454398819429917 47.274999618530281 78.375000000000014 70.02500152587892 2.5691536236133112 65.402386969617439 52.640364732587649 0.0054067899633014624
decision_type=2 2 2 2 2 2 2 2 2 2 2 2 2 2 2 2 2
left_child=1 2 7 -4 14 13 -2 8 -1 -8 -11 -12 -9 -6 15 -3 -16
right_child=6 4 3 -5 5 -7 9 12 -10 10 11 -13 -14 -15 16 -17 -18
leaf_value=-3.1970599190193651e-05 -8.5057131951526849e-05 9.1097887933523436e-06 0 -0.00017554248395935723 0.00014022316549592122 0 -6.3974325492029753e-05 0 1.2720513253409136e-05 4.5662125179382435e-05 -7.4226471262300973e-06 5.414525615853344e-06 5.5162664289047413e-05 0 4.5867011120074581e-05 -2.5270466899672465e-05 0
leaf_weight=165 32 187 68 42 66 38 33 33 126 47 1452 1420 96 23 53 150 37
leaf_count=165 32 187 68 42 66 38 33 33 126 47 1452 1420 96 23 53 150 37
internal_value=0 6.07326e-06 -5.3351e-06 -6.77843e-05 2.24006e-05 7.29742e-05 -1.9391e-06 3.89172e-06 -2.31635e-06 -1.90109e-08 0 -3.10776e-08 4.11247e-05 0.000117981 3.21072e-07 0 2.47035e-05
internal_weight=4068 1084 530 110 554 127 2984 420 291 2952 2919 2872 129 89 427 337 90
internal_count=4068 1084 530 110 554 127 2984 420 291 2952 2919 2872 129 89 427 337 90
is_linear=0
shrinkage=0.03


Tree=157
num_leaves=18
num_cat=0
split_feature=23 30 29 35 35 22 23 33 25 24 19 2 26 30 29 26 22
split_gain=5.46163e-05 0.000266662 0.000521135 0.000827211 0.000412969 0.00053574 0.000231103 0.000224234 0.000260192 0.000141652 0.000129555 0.00014289 6.65011e-05 5.71143e-05 0.000116447 4.53886e-05 8.81836e-06
threshold=-0.5605283133619422 32.873527231833684 33.050682133432275 0.019067098436459474 0.020710039191842788 48.505283984842613 -0.55118049495346699 -0.044011748063531801 -0.29263540568212482 -0.79454398819429917 47.860000228881844 78.375000000000014 2.6905423444289434 65.402386969617439 52.640364732587649 1.4763037675170751 39.95980549340716
decision_type=2 2 2 2 2 2 2 2 2 2 2 2 2 2 2 2 2
left_child=1 2 7 -4 13 12 -2 -1 -9 -8 16 -12 -6 14 -3 -15 -11
right_child=6 4 3 -5 5 -7 9 8 -10 10 11 -13 -14 15 -16 -17 -18
leaf_value=-6.1461476010876928e-05 -8.2513362595759246e-05 8.8366393067762696e-06 0 -0.00017028871723691292 0.0001213192197005657 0 -6.2060894038713896e-05 4.3423406802190926e-05 0 0 -7.9327846599670872e-06 5.2521013364057049e-06 0 3.8243991584288657e-05 -2.4512859283100134e-05 0 4.9317144649148842e-05
leaf_weight=28 32 187 68 42 80 25 33 178 214 23 1425 1420 22 63 150 27 51
leaf_count=28 32 187 68 42 80 25 33 178 214 23 1425 1420 22 63 150 27 51
internal_value=0 5.96674e-06 -5.00972e-06 -6.57753e-05 2.18809e-05 7.07898e-05 -1.88103e-06 3.7758e-06 1.61012e-05 0 0 -2.9753e-07 0.000104693 2.96914e-07 0 2.38941e-05 3.96251e-05
internal_weight=4068 1084 530 110 554 127 2984 420 392 2952 2919 2845 102 427 337 90 74
internal_count=4068 1084 530 110 554 127 2984 420 392 2952 2919 2845 102 427 337 90 74
is_linear=0
shrinkage=0.03


Tree=158
num_leaves=23
num_cat=0
split_feature=5 0 25 28 32 4 32 4 31 31 1 22 32 26 28 5 5 34 26 34 5 0
split_gain=5.23857e-05 0.00018423 0.000179654 0.000100763 0.000288608 0.00036414 0.000307627 0.000126516 0.000233784 0.000292054 0.000209377 0.000218494 0.000182741 0.000107965 9.47679e-05 8.42697e-05 6.79718e-05 7.41472e-05 5.53966e-05 3.98149e-05 1.60294e-05 1.25164e-06
threshold=12222302.000000002 42.834110260009773 0.12598336410149802 41470116.500000007 0.01917851400884674 80.375000000000014 -0.01196800176943502 77.875000000000014 0.0056349660785403053 -0.0068969324168187121 76.02500152587892 65.485988362591726 0.018356764793892037 1.7393224377658834 -2753500443.9999995 28274114.000000004 11591760.500000002 -0.0027035751971918871 0.93214743979545922 -0.019871054134128537 11041665.500000002 78.86041641235353
decision_type=2 2 2 2 2 2 2 2 2 2 2 2 2 2 2 2 2 2 2 2 2 2
left_child=1 2 18 7 5 -5 -7 10 9 -9 13 -12 -10 -2 20 -6 17 -16 -1 -20 21 -3
right_child=3 14 -4 4 15 6 -8 8 12 -11 11 -13 -14 -15 16 -17 -18 -19 19 -21 -22 -23
leaf_value=0 -4.2725453324677628e-06 2.1218114467947703e-05 0 0 0 0 -0.00010300354539388564 2.105461213088411e-05 4.1790245634199909e-05 -1.4079770034595092e-05 -5.7610619245242891e-05 0 0 2.2832799654682888e-05 -4.2078223016635798e-05 5.6071794664101855e-05 0 0 0 5.2235077771830124e-05 0 0
leaf_weight=41 1436 75 110 81 29 47 90 337 253 572 130 20 126 136 110 26 51 139 38 166 35 20
leaf_count=41 1436 75 110 81 29 47 90 337 253 572 130 20 126 136 110 26 51 139 38 166 35 20
internal_value=0 7.13952e-06 2.40755e-05 -1.47351e-06 -1.89253e-05 -4.01365e-05 -7.03784e-05 0 7.22007e-06 0 -5.20839e-06 -3.9581e-05 2.7058e-05 -1.79749e-08 0 1.06221e-05 -1.49456e-05 -2.26867e-05 3.87227e-05 4.52209e-05 1.18464e-05 1.85387e-05
internal_weight=4068 785 355 3283 273 218 137 3010 1288 909 1722 150 379 1572 430 55 300 249 245 204 130 95
internal_count=4068 785 355 3283 273 218 137 3010 1288 909 1722 150 379 1572 430 55 300 249 245 204 130 95
is_linear=0
shrinkage=0.03


Tree=159
num_leaves=19
num_cat=0
split_feature=29 33 24 26 23 28 36 31 33 24 4 0 20 0 32 29 24 28
split_gain=5.29624e-05 0.000167573 0.000415628 0.000302137 0.000221265 0.000143942 0.000103447 0.000131633 0.0001884 0.000255397 9.81993e-05 0.000195059 0.000243177 0.000181952 5.46361e-05 0.000127678 1.63028e-05 8.62428e-06
threshold=19.523786687300507 -0.022559802315628649 -0.8670224964524027 1.7454355703967097 -0.59817656130026353 -135352581.49999997 0.0029293791061874102 -0.012271705215872562 -0.018609473104941762 0.31741592095170296 46.324998855590827 33.289602279663093 75.438749885559091 36.042226791381843 0.002304968406950048 16.064819257414218 0.45100507755976166 -507201638.49999994
decision_type=2 2 2 2 2 2 2 2 2 2 2 2 2 2 2 2 2 2
left_child=6 2 -2 4 -4 -5 7 16 9 -9 -3 12 -12 -13 15 -8 -1 -10
right_child=1 10 3 5 -6 -7 14 8 17 -11 11 13 -14 -15 -16 -17 -18 -19
leaf_value=-1.3619579555668105e-05 -0.00012850434442102977 -6.5043846192185882e-05 0 8.5905201401100046e-05 -5.3585421600789507e-05 0 -5.6725885590799e-05 7.2544925266791559e-05 8.2119268399946875e-06 0 4.1636923003631505e-05 -2.0006052745323386e-05 0 1.4777518893628155e-06 0 0 0 0
leaf_weight=79 32 20 24 33 124 33 51 124 115 46 229 397 91 2473 24 29 29 115
leaf_count=79 32 20 24 33 124 33 51 124 115 46 229 397 91 2473 24 29 29 115
internal_value=0 -1.22637e-06 -2.51782e-05 0 -3.25801e-05 4.16601e-05 8.32954e-06 1.63136e-05 2.51808e-05 4.98824e-05 0 1.02357e-06 2.36022e-05 -4.49383e-07 -1.82915e-06 -2.48644e-05 0 0
internal_weight=4068 3456 246 214 148 66 612 508 400 170 3210 3190 320 2870 104 80 108 230
internal_count=4068 3456 246 214 148 66 612 508 400 170 3210 3190 320 2870 104 80 108 230
is_linear=0
shrinkage=0.03


Tree=160
num_leaves=21
num_cat=0
split_feature=25 22 30 30 5 22 25 5 26 31 22 22 31 33 24 0 35 0 5 35
split_gain=5.05398e-05 0.00020818 0.000369291 0.000519751 0.000199349 0.000497387 0.000220729 0.000193726 0.0015046 0.000210131 0.000186218 0.000172559 0.000163411 0.000152137 0.000151594 0.000203796 6.07177e-05 5.55734e-05 2.40688e-05 1.74284e-05
threshold=0.18431742644632845 52.477616201891443 71.236080986564318 58.173297011686664 50171193.000000007 40.461564597366568 1.0000000180025095e-35 34340384.500000007 1.6453568329567847 -0.0073332839827131005 54.010467089836148 57.480200145142895 0.020122796784290967 0.0053292567132385846 -0.2392332927792927 32.411344528198249 0.018276485464741376 37.13194656372071 12462577.500000002 0.015163173278947997
decision_type=2 2 2 2 2 2 2 2 2 2 2 2 2 2 2 2 2 2 2 2
left_child=4 2 3 -2 6 -6 7 9 -9 -1 18 17 -13 -5 15 -8 -16 -12 -3 -4
right_child=1 10 19 13 5 -7 14 8 -10 -11 11 12 -14 -15 16 -17 -18 -19 -20 -21
leaf_value=1.4260583689048298e-05 0 0 0 -0.00019593590077396055 0.00017863474819729269 0 0 0 -0.00022843721528472593 -8.1919690837608459e-06 0 9.4096613608825604e-06 -3.4558696881322468e-05 0 -3.2318489980042265e-06 3.4773741411232057e-05 1.9281454160907643e-05 -4.2636480451942814e-05 6.2781701314817588e-05 2.2105362625884008e-05
leaf_weight=483 81 21 31 30 20 40 30 80 30 1368 36 567 81 24 423 393 135 117 46 32
leaf_count=483 81 21 31 30 20 40 30 80 30 1368 36 567 81 24 423 393 135 117 46 32
internal_value=0 -5.40472e-06 -3.32114e-05 -6.38551e-05 2.18586e-06 5.67785e-05 5.09109e-08 -4.69197e-06 -4.4353e-05 -7.12087e-07 0 -3.07055e-06 0 -0.000137218 1.25891e-05 2.62672e-05 0 -3.26148e-05 4.88379e-05 0
internal_weight=4068 1066 198 135 3002 60 2942 1961 110 1851 868 801 648 54 981 423 558 153 67 63
internal_count=4068 1066 198 135 3002 60 2942 1961 110 1851 868 801 648 54 981 423 558 153 67 63
is_linear=0
shrinkage=0.03


Tree=161
num_leaves=26
num_cat=0
split_feature=27 27 21 32 23 1 36 0 27 5 33 32 32 30 23 0 5 35 23 35 30 33 34 32 32
split_gain=5.15936e-05 0.000286227 0.000299735 0.000368306 0.000253389 0.000405982 0.000524306 0.000218827 0.000154421 0.000487877 0.000689021 0.000351118 0.000427109 0.000335756 0.000124279 0.00030854 0.000229269 0.000135302 9.63777e-05 6.99949e-05 9.76323e-05 7.45131e-05 6.75514e-06 7.55318e-07 1.72598e-07
threshold=0.89477545326882524 0.76187025570478706 73.89166666666668 0.0055524537703309793 1.1174823773471625 87.424999237060561 0.0073461882177114652 51.198415756225593 0.60230165135065861 15838695.500000002 0.0097278408320846683 0.0097071131900863267 0.00060491081517632949 18.859213010908565 0.3212746139204477 38.590871810913093 34340384.500000007 0.014434978303863576 0.79914076126733857 0.0099966617484156702 74.915219768077876 0.010141992361302867 0.019206766596288064 0.02912624844304024 0.016063202545522185
decision_type=2 2 2 2 2 2 2 2 2 2 2 2 2 2 2 2 2 2 2 2 2 2 2 2 2
left_child=1 8 3 22 14 6 -6 -5 11 18 -11 12 -1 -13 16 17 24 -16 -10 21 -21 -4 -3 -17 -2
right_child=4 2 19 7 5 -7 -8 -9 9 10 -12 13 -14 -15 15 23 -18 -19 -20 20 -22 -23 -24 -25 -26
leaf_value=0 -1.2375480645411358e-06 9.8944741643173364e-06 -4.1232203020724175e-05 0.00012379734789570707 0 0 -0.00015645791133354621 0 0 -7.8570439362677115e-05 0 1.4380360948107699e-05 3.1618648935337705e-05 -4.2183199543685584e-05 0 -2.1281186002390002e-06 -9.3127954631237319e-05 0.00010771615729589441 3.1373690515053718e-05 2.8573801925602934e-05 0 0 0 0 8.3582785167812063e-07
leaf_weight=1593 73 62 56 69 35 43 45 26 214 194 94 43 480 290 20 150 29 40 90 150 106 26 49 29 62
leaf_count=1593 73 62 56 69 35 43 45 26 214 194 94 43 480 290 20 150 29 40 90 150 106 26 49 29 62
internal_value=0 1.47799e-06 2.18947e-05 5.07389e-05 -8.57636e-06 -4.65501e-05 -8.88356e-05 9.52095e-05 -1.22669e-06 -1.54305e-05 -4.47959e-05 1.02183e-06 6.78992e-06 -2.58708e-05 0 1.65909e-05 -1.67494e-05 7.56007e-05 2.52982e-06 0 1.16372e-05 -1.85706e-05 0 0 0
internal_weight=4068 3542 544 206 526 123 80 95 2998 592 288 2406 2073 333 403 239 164 60 304 338 256 82 111 179 135
internal_count=4068 3542 544 206 526 123 80 95 2998 592 288 2406 2073 333 403 239 164 60 304 338 256 82 111 179 135
is_linear=0
shrinkage=0.03


Tree=162
num_leaves=19
num_cat=0
split_feature=24 24 31 25 23 33 26 33 5 30 26 32 32 26 26 0 36 25
split_gain=4.84976e-05 0.000164697 0.000262908 0.000450829 0.000166978 0.000239487 0.00020478 0.000128849 0.000500492 0.000239052 0.000114457 0.000212766 7.24776e-05 1.82605e-05 2.30187e-05 1.68566e-05 9.35899e-06 6.30375e-06
threshold=-1.5763246469278902 -1.145903695405831 -0.0025300067069304317 -0.14384025682222934 -0.73699131221007252 0.0094006542538588329 1.1246000288847009 1.0000000180025095e-35 33218095.500000004 46.199263699098687 2.0866448540902796 0.0079598763633874654 0.0034944148645474908 1.4412597430491043 1.2104864730550127 41.653602600097663 0.0014175020573615174 0.1188126648797023
decision_type=2 2 2 2 2 2 2 2 2 2 2 2 2 2 2 2 2 2
left_child=10 2 3 -2 5 6 -3 8 -6 -9 13 -12 -7 14 -1 -4 -17 -5
right_child=1 4 15 17 7 12 -8 9 -10 -11 11 -13 -14 -15 -16 16 -18 -19
leaf_value=0 -0.0001460182311017577 0 1.613305755819403e-05 0 -1.1204559833366797e-06 0 4.4986977813908828e-05 2.2813541088134686e-05 -6.7019187261321714e-05 -1.3965237934006984e-06 0.0001264732940783459 0 -3.022937374062888e-05 -1.6199748616484441e-05 2.9742963564894667e-05 0 -1.8896345000256682e-05 -1.5671651813431405e-05
leaf_weight=23 37 118 52 34 1472 26 268 443 123 1207 21 22 73 40 30 28 28 23
leaf_count=23 37 118 52 34 1472 26 268 443 123 1207 21 22 73 40 30 28 28 23
internal_value=0 -4.04534e-07 -2.71213e-05 -6.39868e-05 2.38748e-07 1.72482e-05 3.04625e-05 -1.37948e-06 -8.08694e-06 3.28643e-06 1.77757e-05 5.82052e-05 -3.98037e-06 0 1.05507e-05 0 -5.35816e-06 0
internal_weight=4068 3932 202 94 3730 485 386 3245 1595 1650 136 43 99 93 53 108 56 57
internal_count=4068 3932 202 94 3730 485 386 3245 1595 1650 136 43 99 93 53 108 56 57
is_linear=0
shrinkage=0.03


Tree=163
num_leaves=21
num_cat=0
split_feature=29 29 5 36 34 21 34 25 35 5 24 26 26 23 25 5 26 34 24 24
split_gain=4.91851e-05 0.000152782 0.000330776 0.000224915 0.000146616 0.00025172 0.000281577 0.000239223 0.000321124 0.000228736 0.000168781 0.000140266 9.91441e-05 0.00012912 0.000254954 0.000122061 0.000174255 0.000115085 8.88582e-05 5.35043e-07
threshold=19.523786687300507 22.513360561801111 18004590.000000004 0.0052925536627031504 -0.020947016856315 93.773333040873226 -0.012334682599477174 -0.11216722003982442 0.012806447164865564 22715518.500000004 0.33166429726512958 1.1220623764454247 2.1182806291976832 -1.3907624928643185 -0.40878142063627904 23301978.500000004 1.351686120121504 -0.023088990981800835 0.60769561206818801 0.053133401658995084
decision_type=2 2 2 2 2 2 2 2 2 2 2 2 2 2 2 2 2 2 2 2
left_child=12 2 19 11 7 6 -6 10 -9 -7 -3 -4 13 14 -1 17 -17 -15 -14 -2
right_child=1 4 3 -5 5 9 -8 8 -10 -11 -12 -13 18 15 -16 16 -18 -19 -20 -21
leaf_value=-9.9693052950268758e-05 3.1002513502451171e-06 2.0987505187468319e-05 0 0 -2.8809777726236539e-05 -5.6107768274350615e-05 3.4997953576038446e-06 0 8.9645109034445087e-05 0 -4.4090318089776476e-05 -0.00014397690231275474 0.00010179366874717063 -1.4284759513553852e-05 0 0 7.1595880554386129e-05 2.0925528824238235e-05 0 0
leaf_weight=30 50 106 23 22 267 140 2590 22 78 39 54 37 20 209 40 93 61 139 20 28
leaf_count=30 50 106 23 22 267 140 2590 22 78 39 54 37 20 209 40 93 61 139 20 28
internal_value=0 -1.22583e-06 -2.98547e-05 -7.32403e-05 0 -1.6865e-06 0 2.17743e-05 5.81619e-05 -3.62373e-05 0 -0.000103421 7.98966e-06 0 -3.15315e-05 9.62474e-06 3.18545e-05 0 5.65648e-05 0
internal_weight=4068 3456 160 82 3296 3036 2857 260 100 179 160 60 612 572 70 502 154 348 40 78
internal_count=4068 3456 160 82 3296 3036 2857 260 100 179 160 60 612 572 70 502 154 348 40 78
is_linear=0
shrinkage=0.03


Tree=164
num_leaves=28
num_cat=0
split_feature=27 27 5 3 28 27 5 33 32 32 30 24 20 28 22 22 0 24 24 35 26 22 33 28 28 30 33
split_gain=4.84372e-05 0.000270786 0.000286009 0.000383483 0.000155889 0.000142865 0.000454568 0.000650766 0.000326147 0.000392927 0.000320254 0.000126386 0.000258375 0.000301866 0.000250143 0.000221464 0.000126576 0.000180962 0.000119136 4.8132e-05 0.000103498 6.00873e-05 3.50578e-05 1.04429e-05 7.17159e-06 3.43541e-06 1.74672e-06
threshold=0.89477545326882524 0.76187025570478706 14333375.000000002 87.77500152587892 65192927.000000007 0.60230165135065861 15838695.500000002 0.0097278408320846683 0.0097071131900863267 0.00060491081517632949 18.859213010908565 0.5876121396564743 84.611249732971203 -2898349226.4999995 65.919802777277795 59.487153678508705 40.514371871948249 -0.12005298364240799 0.68738968964118785 0.012530276522835995 1.1793206169297694 57.189767845098508 0.021224138094506521 -130844623.99999999 -2598932320.9999995 78.710137979381855 0.022901118691287751
decision_type=2 2 2 2 2 2 2 2 2 2 2 2 2 2 2 2 2 2 2 2 2 2 2 2 2 2 2
left_child=1 5 19 4 -4 8 18 -8 9 -1 -10 15 13 -13 -15 23 17 -17 -7 20 -3 -21 -5 24 -2 -18 -14
right_child=11 2 3 22 -6 6 7 -9 10 -11 -12 12 26 14 -16 16 25 -19 -20 21 -22 -23 -24 -25 -26 -27 -28
leaf_value=0 0 0 5.881503812161391e-05 -2.99819503200905e-05 0 0 -7.6094964909300864e-05 0 1.3614652984669717e-05 3.0359509883135383e-05 -4.0974267299975995e-05 0 0 0 -0.00010478129529266459 0 3.4181954206578829e-06 6.8731185335644499e-05 3.2783238502087276e-05 0 -5.0105694950387813e-05 3.3049727148727734e-05 0 0 -5.2189757929482059e-05 -5.6008859303363411e-06 7.9139898692543339e-06
leaf_weight=1593 25 52 286 35 20 203 194 94 43 480 290 25 21 21 80 30 79 74 101 27 54 50 20 25 52 69 25
leaf_count=1593 25 52 286 35 20 203 194 94 43 480 290 25 21 21 80 30 79 74 101 27 54 50 20 25 52 69 25
internal_value=0 1.4315e-06 2.12993e-05 3.73686e-05 5.26768e-05 -1.17355e-06 -1.48493e-05 -4.3223e-05 9.45032e-07 6.54753e-06 -2.4917e-05 -8.31053e-06 -2.95308e-05 -5.50841e-05 -8.04475e-05 0 1.70472e-05 4.24038e-05 2.17125e-06 0 -2.0055e-05 2.89211e-06 0 -3.51373e-05 -4.19149e-05 0 0
internal_weight=4068 3542 544 361 306 2998 592 288 2406 2073 333 526 172 126 101 354 252 104 304 183 106 77 55 102 77 148 46
internal_count=4068 3542 544 361 306 2998 592 288 2406 2073 333 526 172 126 101 354 252 104 304 183 106 77 55 102 77 148 46
is_linear=0
shrinkage=0.03


Tree=165
num_leaves=17
num_cat=0
split_feature=24 24 25 27 23 33 22 22 5 22 30 23 33 30 23 20
split_gain=4.82877e-05 0.000202568 0.000604487 0.000180836 0.000156322 0.000222981 0.00023283 0.000129014 0.000419457 0.00020862 0.000101007 6.62461e-05 2.83311e-05 6.56371e-05 7.37154e-06 1.1628e-08
threshold=-1.4794892035107499 -1.145903695405831 -0.16302986146760981 0.29347577849725243 -0.73699131221007252 0.0094006542538588329 25.741489778249896 52.477616201891443 33218095.500000004 54.994491562474956 17.243050764830514 -0.91435205573120004 0.011200658003204135 63.957138945977356 -1.7090572098050882 80.153750038146981
decision_type=2 2 2 2 2 2 2 2 2 2 2 2 2 2 2 2
left_child=3 2 14 10 5 6 -3 8 -6 -9 -1 -7 -5 -14 -2 -4
right_child=1 4 15 12 7 11 -8 9 -10 -11 -12 -13 13 -15 -16 -17
leaf_value=0 0 0 4.0405861054097916e-07 0 -2.0362349055909715e-06 -3.4392438876502298e-05 3.8916252362914343e-05 2.4911629372639263e-05 -6.9359049697803176e-05 0 6.3642882741390494e-05 0 -5.6923477583960887e-05 0 -0.00019108712221860689 0
leaf_weight=21 25 27 64 28 1475 51 359 330 99 1341 73 48 26 22 20 59
leaf_count=21 25 27 64 28 1475 51 359 330 99 1341 73 48 26 22 20 59
internal_value=0 -5.14723e-07 -3.30184e-05 1.5793e-05 1.45826e-07 1.66475e-05 2.94252e-05 -1.39649e-06 -8.18063e-06 3.19872e-06 4.66951e-05 -2.87946e-06 0 -2.3024e-05 -0.00012699 0
internal_weight=4068 3898 168 170 3730 485 386 3245 1574 1671 94 99 76 48 45 123
internal_count=4068 3898 168 170 3730 485 386 3245 1574 1671 94 99 76 48 45 123
is_linear=0
shrinkage=0.03


Tree=166
num_leaves=22
num_cat=0
split_feature=20 21 26 21 23 31 24 20 23 5 24 25 24 24 31 5 27 34 0 33 35
split_gain=4.62108e-05 0.000358586 0.000714317 0.000198036 0.000174971 0.000574242 0.000413382 0.000515805 0.000151778 0.000232025 0.00022594 0.000319043 0.000147326 0.000134136 0.0002525 0.000104778 7.76878e-05 5.34939e-05 2.1759e-05 8.69823e-06 5.97096e-06
threshold=65.671250057220476 63.41541630427043 1.4379352610777774 65.477916431427005 -0.88931470713896477 -0.010582011898796371 -0.68796515564572081 50.26875019073487 -1.622852727614198 16940591.500000004 -0.95992024232146334 -0.19219994124737813 -0.51417213059698197 -0.71351551276644776 -0.012078343011055368 40992717.500000007 0.72772627668943357 -0.015528107344870921 51.750581741333015 0.0068089969556935923 0.015337423073588449
decision_type=2 2 2 2 2 2 2 2 2 2 2 2 2 2 2 2 2 2 2 2 2
left_child=1 4 18 -4 5 -1 7 -6 9 -2 11 -10 -8 14 -12 -15 -13 -11 19 -3 -20
right_child=8 2 3 -5 6 -7 12 -9 10 17 13 16 -14 15 -16 -17 -18 -19 20 -21 -22
leaf_value=0.0001830870939032939 0 9.6480314281978651e-06 -0.00023588021777700452 0 -0.00019455561060900903 0 4.2926406755004579e-05 0 -0.00011047963255397171 9.6937853710217018e-05 0 0 0 -2.9563907410424963e-08 4.4915349647437481e-05 3.3686131586502256e-05 -4.8196378719093321e-05 0 0 0 -3.2180073310928299e-05
leaf_weight=20 65 84 21 23 22 55 72 22 38 43 21 194 626 2365 185 83 30 30 20 25 24
leaf_count=20 65 84 21 23 22 55 72 22 38 43 21 194 626 2365 185 83 30 30 20 25 24
internal_value=0 -5.45248e-06 -4.23124e-05 -0.000150265 0 4.57154e-05 -8.3926e-07 -9.18816e-05 1.93549e-06 3.27412e-05 0 -2.60528e-05 6.1476e-07 3.09636e-06 2.6631e-05 0 0 6.98703e-05 0 0 -2.10727e-05
internal_weight=4068 1014 197 44 817 75 742 44 3054 138 2916 262 698 2654 206 2448 224 73 153 109 44
internal_count=4068 1014 197 44 817 75 742 44 3054 138 2916 262 698 2654 206 2448 224 73 153 109 44
is_linear=0
shrinkage=0.03


Tree=167
num_leaves=24
num_cat=0
split_feature=29 33 30 36 5 29 29 29 0 21 27 0 29 34 36 34 26 3 0 29 34 2 27
split_gain=4.64079e-05 0.000143943 0.000286211 0.00047297 0.000325096 0.000324821 0.000646387 0.000228915 0.000131261 0.0001984 0.000251423 0.000136696 0.000343434 0.000224518 9.38436e-05 0.000295331 0.000125669 0.000122796 0.000178599 1.11073e-05 7.68604e-06 6.95483e-06 2.65881e-06
threshold=19.523786687300507 -0.010293326475461549 35.076005477476109 0.0038945140168804861 22884568.000000004 54.858002558771588 60.533135584348337 33.668704752916447 33.34442329406739 50.611666679382331 0.43483439306660387 36.042226791381843 46.38177392153046 0.054622645858974146 0.0029293791061874102 -0.036264581978975856 1.0998449897305573 59.049999237060554 43.31294250488282 67.322248973317016 -0.01744700437928642 50.850000381469734 0.11703291234916789
decision_type=2 2 2 2 2 2 2 2 2 2 2 2 2 2 2 2 2 2 2 2 2 2 2
left_child=14 2 3 4 -2 7 -7 -4 9 19 -11 12 -10 -13 16 -16 20 21 -19 -3 -1 -18 -17
right_child=1 8 5 -5 -6 6 -8 -9 11 10 -12 13 -14 -15 15 22 17 18 -20 -21 -22 -23 -24
leaf_value=-8.3129562203744215e-06 0 -1.2488124303954873e-05 -7.2684985840416883e-06 0 -0.00015864650583445874 -0.00016057326802307943 0 2.9566869981430112e-05 -6.5534150939806985e-05 7.2711865157251953e-05 0 4.4677323452648904e-06 0 -4.2355768602265631e-05 -8.2452332105516145e-05 0 0 5.9170858422109462e-05 0 0 0 -1.3353984184069632e-05 7.5783407542106911e-06
leaf_weight=100 73 64 185 39 44 33 46 248 100 99 113 2066 235 91 39 21 20 144 144 20 65 35 44
leaf_count=100 73 64 185 39 44 33 46 248 100 99 113 2066 235 91 39 21 20 144 144 20 65 35 44
internal_value=0 -1.30696e-06 -1.4167e-05 -5.00916e-05 -8.35462e-05 0 -5.86074e-05 6.90404e-06 6.98689e-07 2.00559e-05 3.74621e-05 -3.97466e-07 -1.89875e-05 1.0997e-06 7.65448e-06 -1.2343e-06 1.53785e-05 2.60745e-05 3.45438e-05 0 0 0 1.46537e-06
internal_weight=4068 3456 668 156 117 512 79 433 2788 296 212 2492 335 2157 612 104 508 343 288 84 165 55 65
internal_count=4068 3456 668 156 117 512 79 433 2788 296 212 2492 335 2157 612 104 508 343 288 84 165 55 65
is_linear=0
shrinkage=0.03


Tree=168
num_leaves=25
num_cat=0
split_feature=28 21 23 31 31 26 28 26 32 35 35 27 35 26 21 5 30 30 27 28 36 33 36 26
split_gain=4.89506e-05 0.00045101 0.000910557 0.00029608 0.000623828 0.000529971 0.000343614 0.000349055 0.000245149 0.000256277 0.000249142 0.000218943 0.000313569 0.000216787 0.000185211 0.000178022 0.000152965 0.000138374 0.000206037 0.000126163 1.721e-05 5.6798e-05 6.76644e-06 4.58258e-06
threshold=-2466429354.9999995 52.482916673024498 -0.88931470713896477 -0.0068969324168187121 -0.0053026999689233514 1.7023271974172918 51482399.000000007 1.1720395547127687 -0.0028035103440476879 0.018181807124724659 0.033545472581059402 0.91725882192203845 0.023244527623317999 1.0875066815115011 78.285833422342947 24342067.000000004 70.539238042145527 74.915219768077876 1.0261850703942685 -2889679733.9999995 -0.00059412289213656882 -0.0048476135266692357 0.0038945140168804861 1.1458429419439768
decision_type=2 2 2 2 2 2 2 2 2 2 2 2 2 2 2 2 2 2 2 2 2 2 2 2
left_child=8 2 -2 6 5 -5 7 -3 9 20 13 12 19 -11 -8 -14 -6 23 -19 -10 21 -1 -22 -13
right_child=1 3 -4 4 16 -7 14 -9 11 10 -12 17 15 -15 -16 -17 -18 18 -20 -21 22 -23 -24 -25
leaf_value=1.984672582483988e-05 0 0 -0.00019353880097152624 -1.0767439554617666e-05 -6.882467397596982e-06 -0.00021926764194850199 0 3.905417468210281e-05 0 0 0 7.899062059216134e-06 0 -7.611897786778286e-05 -6.2631997428336462e-05 0.00011166837696094457 1.2730814681240736e-05 -8.684460136378319e-05 0 2.6023448264113177e-05 -8.0446367400299256e-06 0 0 0
leaf_weight=169 21 142 33 109 1364 23 25 490 290 35 26 66 24 117 57 64 452 41 32 259 94 67 46 22
leaf_count=169 21 142 33 109 1364 23 25 490 290 35 26 66 24 117 57 64 452 41 32 259 94 67 46 22
internal_value=0 -2.30454e-06 -8.81452e-05 0 -6.60776e-06 -6.99456e-05 1.59388e-05 2.61839e-05 4.68129e-06 -7.17217e-06 -3.81457e-05 1.66692e-05 2.5639e-05 -5.63741e-05 -2.64185e-05 8.51716e-05 -3.48424e-07 -1.9217e-07 -4.12762e-05 1.06192e-05 0 8.09961e-06 0 0
internal_weight=4068 2716 54 2662 1948 132 714 632 1352 554 178 798 637 152 82 88 1816 161 73 549 376 236 140 88
internal_count=4068 2716 54 2662 1948 132 714 632 1352 554 178 798 637 152 82 88 1816 161 73 549 376 236 140 88
is_linear=0
shrinkage=0.03


Tree=169
num_leaves=24
num_cat=0
split_feature=28 21 22 31 31 0 28 26 32 19 27 31 25 5 36 28 31 27 36 34 22 31 24
split_gain=4.74463e-05 0.000414336 0.000566486 0.000275589 0.000599344 0.000560775 0.000320858 0.000332803 0.000231698 0.000213371 0.00020741 0.000136301 0.000124379 0.000236861 0.000221166 0.000110556 0.000170506 9.97358e-05 0.000191787 4.32498e-05 4.54332e-05 1.57861e-05 4.65154e-06
threshold=-2466429354.9999995 52.482916673024498 40.461564597366568 -0.0068969324168187121 -0.0053026999689233514 44.834480285644538 51482399.000000007 1.1720395547127687 -0.0028035103440476879 82.920000457763692 0.91725882192203845 0.0021269129837375726 -0.13593295403883923 16896523.500000004 -0.010817646812882248 -3046651512.9999995 0.0015248354300042568 1.0261850703942685 0.0074933934114211178 -0.023463019601362486 59.329753048004015 0.02363001238634144 -0.32640567629930323
decision_type=2 2 2 2 2 2 2 2 2 2 2 2 2 2 2 2 2 2 2 2 2 2 2
left_child=8 2 -2 6 5 -5 7 -3 12 -8 15 -6 13 -1 -15 22 -17 18 -12 -14 -21 -19 -10
right_child=1 3 -4 4 11 -7 9 -9 10 -11 17 -13 19 14 -16 16 -18 21 -20 20 -22 -23 -24
leaf_value=0 0 0 -0.00016462648580036493 -1.3686854968148677e-06 7.8066204581191236e-06 -0.0001901907361939982 0 3.7882788291612305e-05 7.0138200411636508e-06 -7.1196425948175833e-05 0 -8.4922064815497869e-06 2.8447273946761703e-05 0 -6.6043679360548873e-05 0 5.1108554256744178e-05 1.6057694067186779e-05 -8.298408482993739e-05 -1.3257336270180973e-05 4.1733359666675049e-06 0 0
leaf_weight=55 21 142 33 101 730 31 34 490 85 48 48 1086 48 33 126 192 249 55 38 226 66 20 111
leaf_count=55 21 142 33 101 730 31 34 490 85 48 48 1086 48 33 126 192 249 55 38 226 66 20 111
internal_value=0 -2.29713e-06 -8.46036e-05 0 -6.45607e-06 -6.85337e-05 1.52848e-05 2.52757e-05 4.58057e-06 -2.51139e-05 1.62614e-05 -2.88405e-07 -6.83064e-06 -2.53692e-05 -4.69677e-05 2.49851e-05 3.3574e-05 0 -3.22883e-05 0 0 0 0
internal_weight=4068 2716 54 2662 1948 132 714 632 1352 82 798 1816 554 214 159 637 441 161 86 340 292 75 196
internal_count=4068 2716 54 2662 1948 132 714 632 1352 82 798 1816 554 214 159 637 441 161 86 340 292 75 196
is_linear=0
shrinkage=0.03


Tree=170
num_leaves=21
num_cat=0
split_feature=28 21 23 5 32 32 32 35 33 35 21 29 21 0 33 25 20 26 5 1
split_gain=4.70514e-05 0.000384217 0.000839202 0.000227251 0.000542991 0.000291689 0.000216051 0.000233484 0.000240774 0.000197569 0.000246779 0.000136359 0.000230202 0.000124742 2.94222e-05 1.59767e-05 1.55817e-05 5.24315e-05 1.14237e-05 6.0793e-06
threshold=-2466429354.9999995 52.482916673024498 -0.88931470713896477 50171193.000000007 -0.041337854561385605 -0.0074626461056775941 -0.0028035103440476879 0.018181807124724659 -0.011292729220973794 0.027777771236801984 65.477916431427005 77.591972369761422 74.074583498636898 40.794057846069343 0.0036087682727576902 0.28183558330206609 80.681249809265154 0.80793779858730796 40992717.500000007 85.224998474121108
decision_type=2 2 2 2 2 2 2 2 2 2 2 2 2 2 2 2 2 2 2 2
left_child=6 2 -2 4 -3 -6 7 16 18 11 15 13 -13 -8 -10 -11 17 -1 -9 -18
right_child=1 3 -4 -5 5 -7 9 8 14 10 -12 12 -14 -15 -16 -17 19 -19 -20 -21
leaf_value=0 0 -0.00011882796766396231 -0.00018357235079879513 8.102403241642858e-05 1.5016197752180623e-05 -6.751989070396687e-06 0 -1.1056728516008364e-05 -0.00010887676750384084 0.000108759858597399 0 -4.8972101812326749e-05 2.1678794722372429e-07 2.6142134246788316e-05 0 0 -9.87567375269332e-06 1.7403423211612892e-05 0 0
leaf_weight=76 21 35 33 30 801 1796 188 84 40 50 21 92 71 356 20 20 56 202 34 42
leaf_count=76 21 35 33 30 801 1796 188 84 40 50 21 92 71 356 20 20 56 202 34 42
internal_value=0 -2.29884e-06 -8.1591e-05 0 -1.62176e-06 0 4.55006e-06 -6.30672e-06 -3.61057e-05 1.5846e-05 6.25245e-05 5.5872e-06 -9.16565e-06 1.55222e-05 -8.64219e-05 9.08228e-05 0 7.10113e-06 0 0
internal_weight=4068 2716 54 2662 2632 2597 1352 554 178 798 91 707 163 544 60 70 376 278 118 98
internal_count=4068 2716 54 2662 2632 2597 1352 554 178 798 91 707 163 544 60 70 376 278 118 98
is_linear=0
shrinkage=0.03


Tree=171
num_leaves=25
num_cat=0
split_feature=0 0 24 35 25 30 0 33 25 34 32 24 24 29 29 5 31 31 35 31 4 21 34 33
split_gain=4.66435e-05 0.000266871 0.000166179 0.00025107 0.000152284 0.000883749 0.000349796 0.000167309 0.000100919 0.000264266 0.000237365 0.000376995 0.000456446 0.000308921 0.000527353 0.00023271 0.000210362 0.000122951 0.000232018 0.000115363 6.84078e-05 4.1677e-05 7.83294e-06 6.76886e-06
threshold=33.289602279663093 32.309312820434577 0.60769561206818801 0.015975017429075134 0.053393769135436843 61.708509669868313 31.06590557098389 0.0025764996446427939 -0.10343531268701765 -0.014710767054957772 0.0097071131900863267 -1.4794892035107499 -1.1672685771676643 29.27744585269371 52.640364732587649 13765753.500000002 -0.024556694532105291 -0.0053026999689233514 0.017549160448220042 0.0073602671071231205 70.27500152587892 51.877916526794444 -0.019567122228145047 -0.018026450241084121
decision_type=2 2 2 2 2 2 2 2 2 2 2 2 2 2 2 2 2 2 2 2 2 2 2 2
left_child=1 4 3 23 6 -6 20 -8 10 15 11 -2 -13 -12 -15 22 -17 18 -11 -19 -1 -5 -10 -3
right_child=8 2 -4 21 5 -7 7 -9 9 17 13 12 -14 14 -16 16 -18 19 -20 -21 -22 -23 -24 -25
leaf_value=7.6050666179204078e-05 8.3013282017296139e-05 0 0 0 -0.00015679321108224013 0 -7.4093241512649638e-05 0 -1.2502455038640348e-05 -3.4080567557120935e-05 0 -0.00010629630246097476 0 -0.00010491038834966565 0 0 6.2446623926848627e-05 8.9177015695933282e-06 0 -6.3256727009377442e-06 0 0.0001158507080735535 0 6.9505887257817475e-06
leaf_weight=52 43 23 24 22 38 46 41 20 45 273 33 40 946 96 65 22 164 1041 181 613 36 51 27 126
leaf_count=52 43 23 24 22 38 46 41 20 45 273 33 40 946 96 65 22 164 1041 181 613 36 51 27 126
internal_value=0 8.76903e-06 3.3294e-05 4.36081e-05 -4.25744e-06 -4.09867e-05 0 -3.50479e-05 -1.19652e-06 1.38617e-06 -8.64545e-06 0 -6.54836e-06 -3.96434e-05 -6.0161e-05 3.05672e-05 4.92063e-05 -7.6352e-07 -1.54493e-05 1.45454e-06 5.2168e-05 9.41753e-05 0 0
internal_weight=4068 479 246 222 233 84 149 61 3589 2366 1223 1029 986 194 161 258 186 2108 454 1654 88 73 72 149
internal_count=4068 479 246 222 233 84 149 61 3589 2366 1223 1029 986 194 161 258 186 2108 454 1654 88 73 72 149
is_linear=0
shrinkage=0.03


Tree=172
num_leaves=18
num_cat=0
split_feature=0 26 5 29 5 24 32 24 26 3 26 32 29 29 26 28 30
split_gain=4.52412e-05 0.000271284 0.000129019 0.000115043 9.50488e-05 9.21269e-05 0.00022749 0.000158304 0.000479594 0.000130021 0.000120955 7.95585e-05 9.47862e-05 0.000131517 6.79246e-05 0.000103789 1.52453e-05
threshold=33.289602279663093 1.6123652999936402 42824987.500000007 43.955436958687635 9170300.5000000019 -1.5763246469278902 0.0171552890725758 -0.8670224964524027 2.056689332372494 77.125000000000014 1.2434829524537621 0.010478915154523151 82.39252541490923 23.861006845947454 1.1917532564334381 -135352581.49999997 24.809545575660618
decision_type=2 2 2 2 2 2 2 2 2 2 2 2 2 2 2 2 2
left_child=1 2 14 -3 11 6 10 8 -7 -9 -6 12 13 -2 16 -16 -1
right_child=4 3 -4 -5 5 7 -8 9 -10 -11 -12 -13 -14 -15 15 -17 -18
leaf_value=3.0976616650382005e-06 0 0 -5.3144166948313936e-05 0.00011684214451378338 0 -2.8670759884574547e-06 0 -8.8204839556542838e-06 -0.00013534372292534132 3.2466598364033577e-06 7.304654374999401e-05 0 0 4.8668954413727211e-05 5.2104282684343464e-05 0 -9.0799464136931175e-06
leaf_weight=80 32 30 37 28 26 315 32 1377 35 1519 66 26 21 140 61 86 157
leaf_count=80 32 30 37 28 26 315 32 1377 35 1519 66 26 21 140 61 86 157
internal_value=0 8.65989e-06 0 6.94316e-05 -1.15495e-06 -3.16488e-06 1.77493e-05 -4.88853e-06 -2.47186e-05 -1.4553e-06 5.14541e-05 1.60691e-05 2.57641e-05 3.52203e-05 5.43252e-06 2.21956e-05 0
internal_weight=4068 479 421 58 3589 3370 124 3246 350 2896 92 219 193 172 384 147 237
internal_count=4068 479 421 58 3589 3370 124 3246 350 2896 92 219 193 172 384 147 237
is_linear=0
shrinkage=0.03


Tree=173
num_leaves=24
num_cat=0
split_feature=28 3 23 31 29 31 19 28 32 35 35 35 19 26 29 27 29 29 31 31 19 27 25
split_gain=4.51966e-05 0.000337783 0.000598849 0.000281966 0.000404062 0.000382774 0.000503983 0.000280215 0.000231644 0.000245532 0.000226469 0.00023259 0.000220452 0.000207016 0.000124763 0.000124494 0.000123997 0.000121873 9.20956e-05 9.09472e-06 7.15676e-06 6.53326e-05 1.51839e-07
threshold=-2436328310.9999995 51.225000381469734 -0.88931470713896477 -0.0068969324168187121 74.413143226956365 -0.0053026999689233514 87.08499908447267 51482399.000000007 -0.0028035103440476879 0.027777771236801984 0.018181807124724659 0.033545472581059402 50.979999923706067 1.0875066815115011 72.758503347008244 0.89889368695774985 78.370759022986604 60.173889218482536 -0.014469546065824566 0.025804495545250331 80.545000457763692 0.18792621133394763 -0.25236663199095871
decision_type=2 2 2 2 2 2 2 2 2 2 2 2 2 2 2 2 2 2 2 2 2 2 2
left_child=8 2 -2 4 7 6 -5 -3 10 15 20 13 -11 -12 -7 17 -17 -10 -6 -14 21 -1 -22
right_child=1 3 -4 5 18 14 -8 -9 9 12 11 -13 19 -15 -16 16 -18 -19 -20 -21 22 -23 -24
leaf_value=2.5402863146543767e-05 0 3.5377351772132714e-05 -0.00016339320628648126 0 0 -7.4900809800272725e-06 -0.00019054104901050287 -2.3144285887676323e-07 0 0.00013959740164279458 0 0 1.4112211749944185e-05 -7.2555834334208044e-05 9.2159772994918156e-06 0 -3.8576133538275142e-05 3.1833769584435856e-05 -5.7082234987474344e-05 0 -2.2881917639410636e-06 0 0
leaf_weight=101 44 557 32 104 20 1277 24 69 352 31 35 27 41 119 503 63 84 226 54 20 26 184 75
leaf_count=101 44 557 32 104 20 1277 24 69 352 31 35 27 41 119 503 63 84 226 54 20 26 184 75
internal_value=0 -2.28514e-06 -6.46451e-05 0 1.58007e-05 -6.43368e-06 -5.73543e-05 2.66614e-05 4.38889e-06 1.59405e-05 -6.96577e-06 -3.57409e-05 6.65296e-05 -5.34756e-05 -1.08366e-06 5.37521e-06 -9.59896e-06 1.43739e-05 -3.55015e-05 0 0 4.75314e-06 0
internal_weight=4068 2684 76 2608 700 1908 128 626 1384 817 567 181 92 154 1780 725 147 578 74 61 386 285 101
internal_count=4068 2684 76 2608 700 1908 128 626 1384 817 567 181 92 154 1780 725 147 578 74 61 386 285 101
is_linear=0
shrinkage=0.03


Tree=174
num_leaves=25
num_cat=0
split_feature=28 21 23 31 31 0 28 26 32 19 29 22 29 29 0 33 24 29 21 28 25 28 36 24
split_gain=4.46897e-05 0.000447661 0.000954274 0.000248377 0.000542875 0.000511561 0.000295099 0.000327983 0.000220339 0.000213336 0.000171416 0.000534292 0.000165679 0.000113655 0.000117341 9.54889e-05 6.24648e-05 3.07006e-05 0.000111519 3.85464e-05 2.39993e-05 5.92491e-05 3.24242e-05 2.11061e-06
threshold=-2436328310.9999995 52.482916673024498 -0.88931470713896477 -0.0068969324168187121 -0.0053026999689233514 44.834480285644538 46457542.000000007 1.1720395547127687 -0.0028035103440476879 82.920000457763692 47.983090807579153 59.329753048004015 72.758503347008244 77.992068718847761 78.652561187744155 -0.0077170800370690009 -0.2220314759509435 82.961744659227762 74.074583498636898 -2831540515.9999995 -0.10118169967485326 -2820674575.4999995 0.0038945140168804861 1.0129037066024444
decision_type=2 2 2 2 2 2 2 2 2 2 2 2 2 2 2 2 2 2 2 2 2 2 2 2
left_child=8 2 -2 6 5 -5 7 -3 10 -8 20 16 -6 14 15 -10 -12 18 -15 -19 22 -22 -1 -13
right_child=1 3 -4 4 12 -7 9 -9 13 -11 11 23 -14 17 -16 -17 -18 19 -20 -21 21 -23 -24 -25
leaf_value=-1.2410691556918206e-05 0 0 -0.00020255730464572379 -9.3649195639129004e-07 -7.4304169530959358e-06 -0.00018739919924386055 0 3.7011999722328347e-05 0 -6.9321101058256485e-05 0 8.3966377633698579e-06 1.2438426752983656e-05 -5.3746271312243115e-05 0 3.1718521033331596e-05 -9.7647268997675678e-05 0 0 2.443932783364455e-05 2.3337684698865294e-05 0 0 0
leaf_weight=191 21 138 31 101 1289 29 35 487 55 49 37 31 504 44 88 490 75 60 21 59 137 40 32 24
leaf_count=191 21 138 31 101 1289 29 35 487 55 49 37 31 504 44 88 490 75 60 21 59 137 40 32 24
internal_value=0 -2.3061e-06 -8.94823e-05 0 -6.16522e-06 -6.57033e-05 1.45657e-05 2.43976e-05 4.32967e-06 -2.28587e-05 -6.6416e-06 -3.27559e-05 -1.71959e-07 1.56151e-05 2.18236e-05 2.73294e-05 -7.67225e-05 0 -2.0374e-05 2.25848e-06 0 1.09789e-05 -1.06366e-06 2.30643e-06
internal_weight=4068 2684 52 2632 1923 130 709 625 1384 84 567 167 1793 817 633 545 112 184 65 119 400 177 223 55
internal_count=4068 2684 52 2632 1923 130 709 625 1384 84 567 167 1793 817 633 545 112 184 65 119 400 177 223 55
is_linear=0
shrinkage=0.03


Tree=175
num_leaves=25
num_cat=0
split_feature=0 0 24 35 25 29 35 0 33 28 0 27 28 19 34 36 33 34 33 27 5 20 27 33
split_gain=4.5647e-05 0.000243111 0.000158987 0.000229976 0.000137854 0.000440352 0.000584313 0.000331116 0.000159248 0.000108679 9.54405e-05 0.000181989 0.000195741 0.000205496 0.000148634 0.000361406 0.000182876 0.00020439 0.000162502 0.000101708 0.000107122 6.03207e-05 1.93577e-05 5.68515e-06
threshold=33.289602279663093 32.309312820434577 0.60769561206818801 0.015975017429075134 0.053393769135436843 75.732949109695127 0.017869146459496429 31.06590557098389 0.0025764996446427939 -236636849.49999997 36.042226791381843 0.70872803732825995 -3276791023.4999995 77.465000915527355 0.054622645858974146 0.0048887430697648103 0.029471082371687943 0.023207645721889384 0.016324516942926252 0.85999761999328339 14989921.000000002 49.451250076293952 0.13426060595869529 -0.018026450241084121
decision_type=2 2 2 2 2 2 2 2 2 2 2 2 2 2 2 2 2 2 2 2 2 2 2 2
left_child=1 4 3 23 7 6 -6 9 -9 -1 11 12 -2 -14 16 -16 18 -18 -12 20 -13 -21 -5 -3
right_child=10 2 -4 22 5 -7 -8 8 -10 -11 14 19 13 -15 15 -17 17 -19 -20 21 -22 -23 -24 -25
leaf_value=7.0606608292667005e-05 0 0 0 0 0 0 -0.00018665801040654956 -7.1414427406470666e-05 0 0 2.8688558306489084e-06 0 -4.9851124785545464e-05 0 0 -8.9411671481339283e-05 0 5.5613910168383327e-05 -1.8646976058031315e-05 0 5.5914277403880588e-05 -3.293322769591785e-05 0.00010798227937683583 6.3699319097129191e-06
leaf_weight=66 24 23 24 20 31 23 30 41 20 22 2472 20 248 77 36 56 43 116 362 25 60 50 53 126
leaf_count=66 24 23 24 20 31 23 30 41 20 22 2472 20 248 77 36 56 43 116 362 25 60 50 53 126
internal_value=0 8.58617e-06 3.19784e-05 4.21589e-05 -3.24438e-06 -3.87869e-05 -9.25046e-05 0 -3.29378e-05 5.12851e-05 -1.26705e-06 -1.34843e-05 -2.70506e-05 -3.64368e-05 0 -3.65777e-05 1.87721e-06 3.31781e-05 0 0 3.37959e-05 -8.13748e-07 9.07284e-05 0
internal_weight=4068 479 246 222 233 84 61 149 61 88 3589 504 349 325 3085 92 2993 159 2834 155 80 75 73 149
internal_count=4068 479 246 222 233 84 61 149 61 88 3589 504 349 325 3085 92 2993 159 2834 155 80 75 73 149
is_linear=0
shrinkage=0.03


Tree=176
num_leaves=23
num_cat=0
split_feature=29 29 33 23 23 28 33 26 1 31 35 27 32 24 22 35 30 35 19 28 35 26
split_gain=4.49611e-05 0.000550185 0.000639542 0.000231296 0.000256099 0.000241645 0.000197381 0.000184751 0.000315448 0.00017107 0.000164909 0.000172342 0.000415516 0.000159941 0.000275135 0.000115613 0.000459468 0.000146873 9.55197e-05 4.38045e-05 2.29216e-05 5.83649e-06
threshold=56.852836055348853 60.533135584348337 -0.010193111243337492 0.86285008695508492 0.73628173700370791 78084265.500000015 -0.0020640197856798821 1.3965297730349395 95.674999237060561 0.0023661748146106558 0.012872848992628172 0.89889368695774985 0.0049904666800744133 -0.44153839453232008 57.711217255747947 0.021236376505197465 33.227304639981583 0.015337423073588449 69.055000305175795 -130844623.99999999 0.011956172201442881 1.2654407105346108
decision_type=2 2 2 2 2 2 2 2 2 2 2 2 2 2 2 2 2 2 2 2 2 2
left_child=3 2 -2 4 15 7 -4 21 -9 -8 13 12 -12 20 -15 17 -17 -1 -13 -6 -3 -5
right_child=1 10 6 5 19 -7 9 8 -10 -11 11 18 -14 14 -16 16 -18 -19 -20 -21 -22 -23
leaf_value=0 -0.00022649805150615142 1.3360793818534859e-05 3.0484768425454691e-06 8.4769247119186264e-06 -8.1730115752431435e-05 0 0 9.4852578247343812e-05 0 -8.0518893250343149e-05 0 -2.8257337027692661e-05 4.7293277230412383e-05 -5.9295648951859224e-05 0 -4.0200647666505274e-05 1.460902265082352e-05 1.989720414213714e-05 0 0 0 0
leaf_weight=1137 21 118 35 73 40 36 51 99 23 53 349 108 273 130 286 260 192 481 214 21 25 43
leaf_count=1137 21 118 35 73 40 36 51 99 23 53 349 108 273 130 286 260 192 481 214 21 25 43
internal_value=0 -3.85283e-06 -5.6983e-05 2.56124e-06 0 2.85835e-05 -9.66116e-06 4.30575e-05 7.05484e-05 -4.27557e-05 0 9.3256e-06 1.95129e-05 -1.08907e-05 -2.24549e-05 9.9574e-07 -1.02849e-05 6.00153e-06 -1.03896e-06 -6.11452e-05 1.77862e-06 0
internal_weight=4068 1663 160 2405 2131 274 139 238 122 104 1503 944 622 559 416 2070 452 1618 322 61 143 116
internal_count=4068 1663 160 2405 2131 274 139 238 122 104 1503 944 622 559 416 2070 452 1618 322 61 143 116
is_linear=0
shrinkage=0.03


Tree=177
num_leaves=26
num_cat=0
split_feature=0 0 24 35 25 23 0 33 21 25 34 32 24 24 24 5 32 31 34 0 25 4 21 34 33
split_gain=4.47915e-05 0.000229948 0.000155136 0.000209118 0.000124425 0.000344311 0.000308675 0.000150651 0.000132038 9.17773e-05 0.000240894 0.000216603 0.000340105 0.000424303 0.000274881 0.000214354 0.000213523 0.000200944 0.000121643 0.000201268 0.000151943 6.34928e-05 3.75336e-05 7.13568e-06 5.65575e-06
threshold=33.289602279663093 32.309312820434577 0.60769561206818801 0.015975017429075134 0.053393769135436843 -0.13254479922430915 31.06590557098389 0.0025764996446427939 74.230416933695494 -0.10343531268701765 -0.014710767054957772 0.0097071131900863267 -1.4794892035107499 -1.1672685771676643 0.29943398755520734 13765753.500000002 0.017826686056826139 -0.024556694532105291 -0.0032154345177475281 40.032712936401374 0.19196333817179145 70.27500152587892 51.877916526794444 -0.019567122228145047 -0.018026450241084121
decision_type=2 2 2 2 2 2 2 2 2 2 2 2 2 2 2 2 2 2 2 2 2 2 2 2 2
left_child=1 4 3 24 6 8 21 -8 -6 11 15 12 -2 -14 16 23 -13 -17 19 -12 -20 -1 -5 -11 -3
right_child=9 2 -4 22 5 -7 7 -9 -10 10 18 14 13 -15 -16 17 -18 -19 20 -21 -22 -23 -24 -25 -26
leaf_value=7.2749168985496905e-05 7.8702968112211944e-05 0 0 0 -0.00015000160703342792 0 -6.8845334847331932e-05 0 0 -1.1933025148945769e-05 -4.8032912789864009e-05 -9.6595005506297369e-05 -0.00010246329460025386 0 0 0 0 6.0078669467113469e-05 1.0753216556078617e-05 0 -6.2278732357960574e-06 0 0.00010852373489460785 0 6.3534380121146267e-06
leaf_weight=52 43 23 24 22 24 40 41 20 20 45 126 77 40 946 59 22 58 164 906 222 854 36 51 27 126
leaf_count=52 43 23 24 22 24 40 41 20 20 45 126 77 40 946 59 22 58 164 906 222 854 36 51 27 126
internal_value=0 8.52611e-06 3.12425e-05 4.13547e-05 -2.59078e-06 -3.67443e-05 0 -3.11312e-05 -9.79874e-05 -1.23615e-06 1.16331e-06 -8.3306e-06 0 -6.29901e-06 -3.79691e-05 2.90986e-05 -6.24694e-05 4.70209e-05 -8.33857e-07 -1.77596e-05 8.09194e-07 4.98115e-05 8.81521e-05 0 0
internal_weight=4068 479 246 222 233 84 149 61 44 3589 2366 1223 1029 986 194 258 135 186 2108 348 1760 88 73 72 149
internal_count=4068 479 246 222 233 84 149 61 44 3589 2366 1223 1029 986 194 258 135 186 2108 348 1760 88 73 72 149
is_linear=0
shrinkage=0.03


Tree=178
num_leaves=26
num_cat=0
split_feature=29 22 22 22 22 5 30 30 30 27 30 27 0 30 34 5 2 34 0 0 3 28 36 5 33
split_gain=4.29009e-05 0.000135693 0.000388478 0.000271723 0.000368867 0.000252927 0.00025264 0.000406893 0.000349288 0.000247228 0.000376868 0.000162545 0.000226683 0.000145378 8.98573e-05 0.000126382 0.000247818 0.000320364 0.000198702 0.00030935 0.000103461 6.1893e-05 6.77711e-05 7.5042e-05 1.75172e-05
threshold=19.523786687300507 52.477616201891443 51.061238018365934 54.994491562474956 56.543894486114944 15529853.000000002 33.227304639981583 38.812064841101922 28.153014515219763 0.42418222942235057 61.708509669868313 0.87765459774377919 45.668699264526374 46.199263699098687 -0.023088990981800835 20601893.000000004 59.375000000000007 -0.031327964258757938 46.198127746582038 39.208454132080085 47.175001144409187 -2950867589.9999995 -0.009586170522337711 10645434.500000002 -0.019334122357905766
decision_type=2 2 2 2 2 2 2 2 2 2 2 2 2 2 2 2 2 2 2 2 2 2 2 2 2
left_child=14 2 6 11 5 -5 8 -8 -2 -4 -11 12 -3 -6 15 18 20 -18 19 -1 -17 -16 -23 -24 -20
right_child=1 3 9 4 13 -7 7 -9 -10 10 -12 -13 -14 -15 21 16 17 -19 24 -21 -22 22 23 -25 -26
leaf_value=0 0 5.7089976171189321e-05 0 0 3.462325718647639e-05 -7.2219813642229107e-05 4.4825196314215886e-05 -6.4930556201942302e-07 -5.2241603139230695e-05 -0.00012297507077066894 0 0 0 0 0 0 7.9372233480863886e-05 0 2.0080049032219763e-05 -8.4493222438772932e-05 -4.7029376540425941e-05 0 0 4.8911272134494159e-05 0
leaf_weight=87 359 189 25 84 123 104 194 891 191 67 60 20 116 1033 21 20 90 30 39 72 42 31 29 124 27
leaf_count=87 359 189 25 84 123 104 194 891 191 67 60 20 116 1033 21 20 90 30 39 72 42 31 29 124 27
internal_value=0 -1.40597e-06 -7.75284e-06 3.59232e-06 -2.25959e-07 -4.09432e-05 -1.56192e-06 4.72028e-06 -1.94071e-05 -5.45773e-05 -7.29055e-05 2.86055e-05 3.67614e-05 3.80391e-06 7.20541e-06 0 1.75773e-05 4.82239e-05 -1.59801e-05 -3.85398e-05 0 2.3436e-05 3.02402e-05 3.87044e-05 0
internal_weight=4068 3456 1787 1669 1344 188 1635 1085 550 152 127 325 305 1156 612 407 182 120 225 159 62 205 184 153 66
internal_count=4068 3456 1787 1669 1344 188 1635 1085 550 152 127 325 305 1156 612 407 182 120 225 159 62 205 184 153 66
is_linear=0
shrinkage=0.03


Tree=179
num_leaves=22
num_cat=0
split_feature=0 26 29 5 25 32 29 29 32 36 5 27 35 36 29 32 26 36 35 31 33
split_gain=4.24474e-05 0.000244458 0.000106487 0.00010625 8.75083e-05 0.000199165 0.000288693 0.000487506 0.00025645 0.00034406 0.000285769 0.000132397 0.000300905 0.000162539 0.000140853 0.000151621 8.54897e-05 7.44822e-05 3.04983e-05 2.05348e-05 9.65208e-06
threshold=33.289602279663093 1.6123652999936402 43.955436958687635 42824987.500000007 -0.10343531268701765 0.0097071131900863267 29.27744585269371 52.640364732587649 -0.0028035103440476879 -0.0069606974724002292 17958205.500000004 0.89477545326882524 0.017549160448220042 -0.0091020380741790551 79.029629849914429 0.02912624844304024 1.4763037675170751 0.004111647585153067 0.012872848992628172 -0.0076384546738796901 0.013921305814910802
decision_type=2 2 2 2 2 2 2 2 2 2 2 2 2 2 2 2 2 2 2 2 2
left_child=1 3 -3 17 5 8 -7 -8 10 -10 -2 12 16 -14 20 -16 -6 19 -19 -1 -13
right_child=4 2 -4 -5 11 6 7 -9 9 -11 -12 14 13 -15 15 -17 -18 18 -20 -21 -22
leaf_value=1.0115297230288742e-05 0 0 0.00011135080351483478 -4.8190477932952374e-05 1.5538761531619197e-06 0 -9.9926297111329156e-05 0 -2.3528473802952692e-05 3.8137725987606888e-05 -3.1897567828979057e-05 0 0 3.6917757840239828e-05 -3.7180885654056318e-05 0 -1.7006295490311831e-05 0 4.0913267532961916e-05 -7.0012041621269157e-06 8.1401133021188976e-06
leaf_weight=77 338 30 28 37 1070 33 96 65 53 272 366 69 200 352 233 54 257 29 62 216 131
leaf_count=77 338 30 28 37 1070 33 96 65 53 272 366 69 200 352 233 54 257 29 62 216 131
internal_value=0 8.24404e-06 6.59335e-05 0 -1.25368e-06 -8.1758e-06 -3.66701e-05 -5.68591e-05 0 1.88493e-05 -1.27966e-05 1.0567e-06 5.78031e-06 2.45812e-05 -1.10071e-05 -2.54382e-05 0 4.96447e-06 2.89783e-05 0 0
internal_weight=4068 479 58 421 3589 1223 194 161 1029 325 704 2366 1879 552 487 287 1327 384 91 293 200
internal_count=4068 479 58 421 3589 1223 194 161 1029 325 704 2366 1879 552 487 287 1327 384 91 293 200
is_linear=0
shrinkage=0.03


Tree=180
num_leaves=23
num_cat=0
split_feature=29 29 33 23 23 28 33 26 1 31 27 31 30 29 27 32 32 23 24 24 28 26
split_gain=4.23647e-05 0.000521581 0.000593099 0.000205503 0.000241879 0.000228884 0.000189157 0.000174173 0.000299666 0.000171838 0.000104228 0.000200461 0.000404867 0.000140046 9.37394e-05 0.000181567 9.15777e-05 9.74905e-05 9.17969e-05 8.40086e-05 4.0118e-05 4.61965e-06
threshold=56.852836055348853 60.533135584348337 -0.010193111243337492 0.86285008695508492 0.73628173700370791 78084265.500000015 -0.0020640197856798821 1.3965297730349395 95.674999237060561 0.010580657137404416 0.89477545326882524 -0.0014254957688374923 66.384213216478017 70.133070847573222 0.70229515435223666 0.01136006124730027 0.029918881218565011 0.3212746139204477 0.63154973395932656 -0.26273647304429326 -130844623.99999999 1.2654407105346108
decision_type=2 2 2 2 2 2 2 2 2 2 2 2 2 2 2 2 2 2 2 2 2 2
left_child=3 2 -2 4 14 7 -4 21 -9 -8 11 13 -13 -3 15 -1 18 -18 -12 -16 -6 -5
right_child=1 10 6 5 20 -7 9 8 -10 -11 16 12 -14 -15 19 -17 17 -19 -20 -21 -22 -23
leaf_value=2.7791690423475382e-06 -0.0002193804507770562 7.2752256514549103e-06 2.5432965365978719e-06 7.5416639630355322e-06 -7.9207693113703871e-05 0 -6.5591338985941967e-05 9.1622393718024571e-05 0 0 0 0 4.3221674514036244e-05 -2.1417529858110202e-05 0 -2.5929692731864444e-05 0 3.6161059852480965e-05 -4.2699577587723613e-05 4.219401446479075e-05 0 0
leaf_weight=1736 21 188 35 73 40 36 78 99 23 26 277 252 317 260 20 223 28 67 114 91 21 43
leaf_count=1736 21 188 35 73 40 36 78 99 23 26 277 252 317 260 20 223 28 67 114 91 21 43
internal_value=0 -3.76861e-06 -5.54941e-05 2.45607e-06 0 2.69758e-05 -9.02711e-06 4.1266e-05 6.78566e-05 -4.17381e-05 0 7.06787e-06 2.00157e-05 -2.68295e-06 1.03448e-06 0 -9.40485e-06 0 -1.79074e-05 2.7916e-05 -5.93852e-05 0
internal_weight=4068 1663 160 2405 2131 274 139 238 122 104 1503 1017 569 448 2070 1959 486 95 391 111 61 116
internal_count=4068 1663 160 2405 2131 274 139 238 122 104 1503 1017 569 448 2070 1959 486 95 391 111 61 116
is_linear=0
shrinkage=0.03


Tree=181
num_leaves=18
num_cat=0
split_feature=23 30 29 35 35 32 31 26 23 26 24 19 2 30 29 31 26
split_gain=4.24016e-05 0.000221259 0.000412178 0.000688318 0.000388757 0.000537228 0.000234332 0.000271502 0.000204462 0.000199745 0.000114063 0.00010601 0.000128307 3.84842e-05 0.000103321 6.85624e-05 2.71472e-05
threshold=-0.5605283133619422 32.873527231833684 33.050682133432275 0.019067098436459474 0.020710039191842788 0.016745234604434781 -0.00213982307121463 1.6249150736011788 -0.55118049495346699 1.1720395547127687 -0.79454398819429917 47.860000228881844 78.375000000000014 65.402386969617439 52.640364732587649 -0.0036386071474359678 2.5691536236133112
decision_type=2 2 2 2 2 2 2 2 2 2 2 2 2 2 2 2 2
left_child=1 2 6 -4 13 16 7 -1 -2 -8 -10 -12 -13 14 -3 -15 -6
right_child=8 4 3 -5 5 -7 9 -9 10 -11 11 12 -14 15 -16 -17 -18
leaf_value=0 -7.8078189779891163e-05 6.5264683365323751e-06 0 -0.00015414454439235186 0.00012731133556168148 0 0 -7.5439915687644762e-05 -5.5705665679665392e-05 6.1499103172209994e-05 3.5784591308080376e-05 -7.6821067623670629e-06 4.7391722368854043e-06 0 -2.3799576932376839e-05 3.7339511323549558e-05 0
leaf_weight=189 32 187 68 42 66 38 86 46 33 99 74 1425 1420 21 150 69 23
leaf_count=189 32 187 68 42 66 38 86 46 33 99 74 1425 1420 21 150 69 23
internal_value=0 4.93778e-06 -4.76253e-06 -5.8813e-05 1.96312e-05 6.65801e-05 2.26302e-06 -8.75279e-06 -1.98257e-06 3.24607e-05 -1.38847e-07 0 -4.27989e-07 0 0 1.96065e-05 0.000108398
internal_weight=4068 1084 530 110 554 127 420 235 2984 185 2952 2919 2845 427 337 90 89
internal_count=4068 1084 530 110 554 127 420 235 2984 185 2952 2919 2845 427 337 90 89
is_linear=0
shrinkage=0.03


Tree=182
num_leaves=30
num_cat=0
split_feature=33 21 27 33 27 26 27 5 5 35 1 24 22 28 33 5 32 20 27 27 24 22 22 32 29 20 34 35 5
split_gain=4.43702e-05 0.00028299 0.000207735 0.000198236 0.000319493 0.000443213 0.000348907 0.000215216 0.00021331 0.00017882 0.000175837 0.000169635 0.000207417 0.000203992 0.000163701 0.000162095 0.000226717 0.000191463 0.000158234 0.000334567 0.000140415 0.00013052 8.19176e-05 8.04886e-05 0.000160441 0.00015752 3.77637e-05 8.92468e-06 1.30312e-07
threshold=1.0000000180025095e-35 84.057499885559096 0.89477545326882524 -0.002822112353908834 0.48250566173948745 0.99134241940208567 0.80236363073691574 16378823.000000002 16378823.000000002 0.010499004889335582 66.02500152587892 0.5876121396564743 65.485988362591726 -2889679733.9999995 -0.024977202187580757 16289573.500000002 0.0069812394801898056 84.475000190734875 -0.04537947003404643 0.28918647948294629 -0.64693524627276933 47.46174665291575 27.686269697584507 0.015804561078836214 59.339024525035065 94.636249923706075 0.00077285627037382298 0.0088795549446016569 13533217.500000002
decision_type=2 2 2 2 2 2 2 2 2 2 2 2 2 2 2 2 2 2 2 2 2 2 2 2 2 2 2 2 2
left_child=3 2 9 7 8 -6 -7 14 27 26 -11 12 -4 -13 20 16 28 -18 22 -20 -1 -16 -9 24 -17 -25 -2 -5 -3
right_child=1 15 11 4 5 6 -8 18 -10 10 -12 13 -14 -15 21 23 17 -19 19 -21 -22 -23 -24 25 -26 -27 -28 -29 -30
leaf_value=-7.9064311493316127e-05 -2.2712774388056231e-05 0 -2.3337247316408294e-06 0 0 -0.00012725681684881088 0 0 4.2688334350309011e-05 0 3.54025986853048e-05 0 4.4254099373387333e-05 -5.4668097214293099e-05 3.1467737172019129e-05 0 0 -8.2825020951874208e-05 -3.0665005547579261e-05 0 0 0 3.4891363084055756e-05 5.6979784898132028e-05 -4.732276309062707e-05 0 2.1605148155728945e-06 -3.3065473343938768e-05 -1.5950093324305735e-06
leaf_weight=21 64 95 180 22 26 74 28 23 67 299 539 25 96 112 380 57 25 91 529 365 82 317 79 62 70 26 197 71 46
leaf_count=21 64 95 180 22 26 74 28 23 67 299 539 25 96 112 380 57 25 91 529 365 82 317 79 62 70 26 197 71 46
internal_value=0 3.07817e-06 1.06279e-05 -3.18439e-06 -2.63178e-05 -6.16637e-05 -9.31535e-05 0 0 1.80096e-05 2.48471e-05 -1.75238e-06 3.01527e-06 -3.32343e-05 1.20983e-05 -1.4749e-05 -3.10945e-05 -6.24388e-05 -8.76844e-06 -1.4822e-05 -7.32101e-06 1.92722e-05 1.48684e-05 0 -9.95181e-06 2.60646e-05 0 -2.73622e-05 0
internal_weight=4068 1984 1512 2084 288 128 102 1796 160 1099 838 413 276 137 800 472 257 116 996 894 103 697 102 215 127 88 261 93 141
internal_count=4068 1984 1512 2084 288 128 102 1796 160 1099 838 413 276 137 800 472 257 116 996 894 103 697 102 215 127 88 261 93 141
is_linear=0
shrinkage=0.03


Tree=183
num_leaves=28
num_cat=0
split_feature=33 21 27 23 26 33 27 27 24 0 31 34 24 35 19 33 27 36 31 26 34 20 31 4 35 36 35
split_gain=4.0195e-05 0.00026652 0.000197101 0.000263311 0.000264881 0.000185381 0.000299898 0.000416799 0.000200533 0.000209107 0.000177335 0.000425397 0.000173441 0.000169026 0.000172361 0.000156116 0.000266539 0.000190136 0.000149106 6.70603e-05 3.55352e-05 4.9078e-06 4.39355e-06 2.77302e-06 1.18741e-06 1.0982e-05 5.75197e-06
threshold=1.0000000180025095e-35 84.057499885559096 0.89477545326882524 1.1174823773471625 1.3648402757351892 -0.002822112353908834 0.53833554194277078 0.68108257064745625 1.465376964556045 51.459938049316413 -0.024556694532105291 -0.045013871229467921 -0.091579033390575229 0.010499004889335582 65.895000457763686 0.029471082371687943 0.31524579171866635 0.0035736055660719147 -0.0068969324168187121 2.4243381586723811 0.00077285627037382298 84.96750030517579 -0.0084634470100012887 75.375000000000014 0.016862239432728361 -0.003249919127456482 0.0088795549446016569
decision_type=2 2 2 2 2 2 2 2 2 2 2 2 2 2 2 2 2 2 2 2 2 2 2 2 2 2 2
left_child=5 2 13 12 -5 8 24 -8 10 22 11 -1 -4 20 -15 16 21 -18 -12 -17 -2 -3 -10 -9 26 -26 -7
right_child=1 15 3 4 -6 6 7 23 9 -11 18 -13 -14 14 -16 19 17 -19 -20 -21 -22 -23 -24 -25 25 -27 -28
leaf_value=0 -2.2032454859319344e-05 0 -1.311996145634176e-05 0 -0.00010479444451859703 0 -0.00015842506979603399 -1.0176291864684628e-05 0.00012370035666740533 0 1.2821884754035673e-05 -9.0231915335406873e-05 2.5774324848007788e-05 0 3.5201870659947259e-05 3.7881717357139936e-05 -6.2259106319548178e-05 0 -5.9586085754320405e-06 0 2.0957333504191447e-06 8.795214027148829e-06 0 0 0 2.0379900337596678e-05 -7.664574672692562e-06
leaf_weight=36 64 22 110 49 43 32 33 24 24 24 595 67 211 318 520 42 167 160 1024 24 197 57 26 57 20 25 97
leaf_count=36 64 22 110 49 43 32 33 24 24 24 595 67 211 318 520 42 167 160 1024 24 197 57 26 57 20 25 97
internal_value=0 2.95163e-06 1.03152e-05 -1.58575e-06 -5.05052e-05 -3.01061e-06 -2.53906e-05 -6.3193e-05 0 4.88219e-05 -1.49648e-06 -3.98174e-05 3.10325e-06 1.75168e-05 2.41641e-05 -1.42793e-05 -2.41428e-05 -3.81709e-05 0 9.54793e-07 0 0 8.53335e-05 0 0 3.46421e-06 -2.02126e-06
internal_weight=4068 1984 1512 413 92 2084 288 114 1796 74 1722 103 321 1099 838 472 406 327 1619 66 261 79 50 81 174 45 129
internal_count=4068 1984 1512 413 92 2084 288 114 1796 74 1722 103 321 1099 838 472 406 327 1619 66 261 79 50 81 174 45 129
is_linear=0
shrinkage=0.03


Tree=184
num_leaves=23
num_cat=0
split_feature=29 29 5 36 34 33 35 21 34 5 5 36 34 31 33 24 4 24 35 30 1 24
split_gain=4.11519e-05 0.000134288 0.00029296 0.00019397 0.000128984 0.000207658 0.000328126 0.000192694 0.00025808 0.000204638 0.000128082 8.41465e-05 0.00026391 0.000122945 0.000183276 0.000224007 7.94576e-05 2.08699e-05 1.79451e-05 6.0103e-06 1.37062e-06 1.70615e-07
threshold=19.523786687300507 22.513360561801111 18004590.000000004 0.0052925536627031504 -0.020947016856315 -0.019334122357905766 0.013333340599423366 93.773333040873226 -0.012334682599477174 22715518.500000004 25818658.500000004 0.0029293791061874102 -0.036264581978975856 -0.012271705215872562 -0.018609473104941762 0.31741592095170296 66.625000000000014 0.45100507755976166 0.011779343626311731 12.898103004822572 70.474998474121108 0.053133401658995084
decision_type=2 2 2 2 2 2 2 2 2 2 2 2 2 2 2 2 2 2 2 2 2 2
left_child=11 2 21 10 5 16 -7 8 -6 -9 -4 13 -13 17 15 -15 -3 19 -16 -1 -14 -2
right_child=1 4 3 -5 7 6 -8 9 -10 -11 -12 12 20 14 18 -17 -18 -19 -20 -21 -22 -23
leaf_value=0 1.7506960837984659e-06 2.4901927127804089e-05 -0.00013928592111517348 0 -2.7997659406568746e-05 0 7.6662300706521944e-05 -5.1222871945815632e-05 2.9734540903719996e-06 0 0 -7.7940274489676705e-05 0 6.8562841381873731e-05 -3.7286307097957458e-07 0 -2.3874407836685988e-05 0 1.2389644325525188e-05 -2.2197115337012599e-05 5.4260869698506024e-06 0
leaf_weight=30 50 37 35 22 267 38 100 140 2590 39 25 39 23 124 125 46 85 29 105 49 42 28
leaf_count=30 50 37 35 22 267 38 100 140 2590 39 25 39 23 124 125 46 85 29 105 49 42 28
internal_value=0 -1.38081e-06 -2.82145e-05 -6.90207e-05 0 2.01963e-05 4.60602e-05 -1.81421e-06 0 -3.20017e-05 -9.70176e-05 7.05282e-06 -2.66577e-07 1.44554e-05 2.32792e-05 4.7375e-05 0 0 0 -1.54097e-05 3.02828e-07 0
internal_weight=4068 3456 160 82 3296 260 138 3036 2857 179 60 612 104 508 400 170 122 108 230 79 65 78
internal_count=4068 3456 160 82 3296 260 138 3036 2857 179 60 612 104 508 400 170 122 108 230 79 65 78
is_linear=0
shrinkage=0.03


Tree=185
num_leaves=24
num_cat=0
split_feature=23 23 36 32 26 28 1 35 31 33 1 28 36 36 35 35 35 28 28 20 33 21 33
split_gain=3.92721e-05 0.000192387 0.000172637 0.000292016 0.000371228 0.00031258 0.000164459 0.000285804 0.000261975 0.000137598 0.000136994 0.000583157 0.000252487 0.000134514 0.000266847 0.000535363 0.000309031 0.000159709 0.00024053 0.000102194 7.59271e-05 0.000216531 1.00278e-05
threshold=-0.5605283133619422 -0.55118049495346699 -0.0057082984682691679 0.0097071131900863267 1.2971099671830062 18262115.500000004 78.52500152587892 0.023846762573625672 -0.00062445326441501459 -0.012956149463915155 67.325000762939467 -1027035204.4999999 -0.0082466683456536745 -0.0042761106431662334 0.022940539391624801 0.021104569417634021 0.033545472581059402 -2732083858.9999995 -55159531.499999993 64.114999389648446 0.0086772877651040154 74.558333269755067 0.00065530043638195601
decision_type=2 2 2 2 2 2 2 2 2 2 2 2 2 2 2 2 2 2 2 2 2 2 2
left_child=2 -2 6 4 9 -6 10 8 -8 -4 11 -1 -12 17 15 -15 -16 19 -19 -3 22 -22 -5
right_child=1 13 3 20 5 -7 7 -9 -10 -11 12 -13 -14 14 16 -17 -18 18 -20 -21 21 -23 -24
leaf_value=0 -7.5672622574232161e-05 0 -2.0732462154926257e-05 0 7.6779399527090425e-05 0 -8.6205995830333714e-05 0 0 1.8780012516323938e-05 6.4019263734101857e-05 -0.00014477984887753859 0 -5.3601750665129825e-06 4.0554324122107942e-05 -8.9649708860862066e-05 -9.4479803179561228e-06 2.9322168106151942e-05 0 -3.1756458743285951e-05 0 -5.2821693062553651e-05 1.676761057275721e-05
leaf_weight=61 32 136 91 23 175 25 89 26 20 240 80 26 40 1646 219 80 78 485 211 97 60 96 32
leaf_count=61 32 136 91 23 175 25 89 26 20 240 80 26 40 1646 219 80 78 485 211 97 60 96 32
internal_value=0 -1.89212e-06 4.76952e-06 1.46331e-05 2.8014e-05 6.12589e-05 -7.85914e-06 -3.53834e-05 -6.25143e-05 0 0 -1.59815e-05 2.90064e-05 -7.35683e-08 -5.3664e-06 -1.101e-05 1.7326e-05 8.22256e-06 1.69761e-05 -5.05131e-06 -4.82716e-06 -2.16627e-05 0
internal_weight=4068 2984 1084 742 531 200 342 135 109 331 207 87 120 2952 2023 1726 297 929 696 233 211 156 55
internal_count=4068 2984 1084 742 531 200 342 135 109 331 207 87 120 2952 2023 1726 297 929 696 233 211 156 55
is_linear=0
shrinkage=0.03


Tree=186
num_leaves=26
num_cat=0
split_feature=29 29 33 0 33 35 29 29 25 35 32 27 32 21 33 31 21 36 0 35 27 2 34 20 27
split_gain=4.04903e-05 0.000482026 0.000547889 0.000202465 0.000251296 0.000198254 0.000186897 0.000210078 0.000287595 0.000265979 0.000188617 0.000302604 0.000184852 0.00022873 0.00017696 0.00016726 0.000165488 0.000132734 0.000130664 0.000265784 0.000121578 0.000100246 6.96519e-05 5.0224e-05 1.47383e-05
threshold=56.852836055348853 60.533135584348337 -0.010193111243337492 39.947271347045906 0.0042305846104004905 0.012872848992628172 38.673466923108741 32.743602450249263 0.012918762554533949 0.012081976411084857 0.0010045558930834588 0.39009796630169918 0.014088977374820623 95.990416717529314 -0.0020640197856798821 0.0023661748146106558 52.482916673024498 -0.0022833609345979124 56.946161270141609 0.014216712584930973 0.42883562459266383 76.474998474121108 0.0025356799489395514 82.748749732971206 0.71146760126689113
decision_type=2 2 2 2 2 2 2 2 2 2 2 2 2 2 2 2 2 2 2 2 2 2 2 2 2
left_child=6 2 -2 4 23 -6 7 10 9 -9 17 -12 13 16 -4 -16 -8 -1 19 -5 -14 -20 -22 -3 -10
right_child=1 3 14 18 5 -7 12 8 24 -11 11 -13 20 -15 15 -17 -18 -19 21 -21 22 -23 -24 -25 -26
leaf_value=2.0380171968592678e-06 -0.00021125918159358448 -2.0272588456553635e-05 2.2851456630563028e-06 -3.800241586119824e-05 0 4.2687559933841216e-05 0 0 1.4498741492808374e-05 -6.9201241763161659e-05 4.7241853208387619e-05 0 -4.1316084455966243e-05 -1.8189482767055639e-05 0 -7.7422398423452845e-05 3.4886894073210728e-05 -1.7473150510112508e-05 3.5827494776260687e-05 0 0 0 2.6982748547961565e-05 0 0
leaf_weight=580 21 119 35 278 151 294 81 43 63 145 194 96 64 27 51 53 563 414 72 382 28 186 86 21 21
leaf_count=580 21 119 35 278 151 294 81 43 63 145 194 96 64 27 51 53 563 414 72 382 28 186 86 21 21
internal_value=0 -3.75564e-06 -5.34437e-05 0 1.51936e-05 2.83402e-05 2.32343e-06 -2.27312e-06 -2.68826e-05 -4.92083e-05 6.05535e-07 2.35469e-05 1.42801e-05 2.24925e-05 -7.89908e-06 -4.01438e-05 2.88583e-05 -3.0715e-06 -7.16638e-06 -1.56862e-05 0 3.00268e-06 0 -5.17081e-06 0
internal_weight=4068 1663 160 1503 585 445 2405 1556 272 188 1284 290 849 671 139 104 644 994 918 660 178 258 114 140 84
internal_count=4068 1663 160 1503 585 445 2405 1556 272 188 1284 290 849 671 139 104 644 994 918 660 178 258 114 140 84
is_linear=0
shrinkage=0.03


Tree=187
num_leaves=24
num_cat=0
split_feature=28 20 31 31 0 29 30 32 35 0 35 34 22 29 22 27 30 30 31 20 27 3 27
split_gain=4.04185e-05 0.000307719 0.000209929 0.000494824 0.000451502 0.000348403 0.000379693 0.000191694 0.00022607 0.000227304 0.000201647 0.000226352 0.000205542 0.000147702 0.00013543 9.78104e-05 0.000169938 0.000111936 9.03628e-05 1.50503e-05 8.7968e-05 4.63966e-06 6.70467e-08
threshold=-2436328310.9999995 48.911250019073499 -0.0068969324168187121 -0.0053026999689233514 44.834480285644538 74.413143226956365 32.873527231833684 -0.0028035103440476879 0.027777771236801984 53.243150711059577 0.018181807124724659 -0.023463019601362486 59.329753048004015 72.758503347008244 67.35182959398287 0.89889368695774985 74.915219768077876 66.756719557233751 -0.014469546065824566 80.681249809265154 0.18792621133394763 85.02500152587892 0.29347577849725243
decision_type=2 2 2 2 2 2 2 2 2 2 2 2 2 2 2 2 2 2 2 2 2 2 2
left_child=7 -2 5 4 -4 6 -3 10 15 14 19 22 -13 -5 -10 17 -17 -9 -7 20 -1 -21 -12
right_child=1 2 3 13 -6 18 -8 8 9 -11 11 12 -14 -15 -16 16 -18 -19 -20 21 -22 -23 -24
leaf_value=3.1728423248422074e-05 -9.5338164650558732e-05 0 -4.3345643235390211e-07 -7.4048544883355175e-06 -0.00017861892543637105 0 4.0915533241027679e-05 0 0.00011975218397913705 0 0 -8.2374829867352565e-05 0 1.110339283287734e-05 0 0 -4.6812791007557725e-05 3.8048641707612252e-05 -5.6379212379965167e-05 -8.6274556609407221e-06 0 0 1.7326538548318222e-06
leaf_weight=92 32 243 101 1296 29 20 402 445 48 24 53 87 21 506 20 73 74 133 55 56 186 52 20
leaf_count=92 32 243 101 1296 29 20 402 445 48 24 53 87 21 506 20 73 74 133 55 56 186 52 20
internal_value=0 -2.35176e-06 -9.50242e-08 -6.32454e-06 -6.33484e-05 1.24533e-05 2.26662e-05 3.94414e-06 1.45598e-05 6.28081e-05 -6.062e-06 -3.34243e-05 -6.12874e-05 -5.42703e-07 9.13189e-05 4.29213e-06 -8.01134e-06 1.26115e-05 -3.53441e-05 0 6.979e-06 0 0
internal_weight=4068 2684 2652 1932 130 720 645 1384 817 92 567 181 108 1802 68 725 147 578 75 386 278 108 73
internal_count=4068 2684 2652 1932 130 720 645 1384 817 92 567 181 108 1802 68 725 147 578 75 386 278 108 73
is_linear=0
shrinkage=0.03


Tree=188
num_leaves=24
num_cat=0
split_feature=28 20 23 31 31 20 28 20 20 32 35 19 35 35 26 31 19 33 25 20 27 25 31
split_gain=3.98992e-05 0.000291027 0.00130068 0.000229809 0.00047551 0.000402351 0.000272529 0.000303204 0.000244875 0.000183463 0.00020897 0.000200065 0.000187895 0.000213665 0.000195959 0.000130306 9.29294e-05 0.000167999 7.03618e-05 1.37228e-05 8.32136e-05 5.38834e-06 4.28403e-06
threshold=-2436328310.9999995 50.26875019073487 -0.88931470713896477 -0.0068969324168187121 -0.0053026999689233514 87.165000152587908 46457542.000000007 73.954999542236337 81.009999275207534 -0.0028035103440476879 0.027777771236801984 50.979999923706067 0.018181807124724659 0.033545472581059402 1.0875066815115011 0.0021269129837375726 68.20999908447267 0.028629718362304882 0.35896189947588197 80.681249809265154 0.18792621133394763 -0.25236663199095871 0.025804495545250331
decision_type=2 2 2 2 2 2 2 2 2 2 2 2 2 2 2 2 2 2 2 2 2 2 2
left_child=9 2 -2 6 5 -5 7 -3 -8 12 16 -12 19 14 -14 -6 17 -11 -18 20 -1 -21 -13
right_child=1 3 -4 4 15 -7 8 -9 -10 10 11 22 13 -15 -16 -17 18 -19 -20 21 -22 -23 -24
leaf_value=3.0777603783151772e-05 6.0413546464840009e-07 0 -0.00020603246671076632 -8.4969689776684053e-06 7.346958687077439e-06 -0.00020643806067615077 0 3.701968324542506e-05 -6.8752933885693409e-05 0 0.00012956034648905948 9.6856018576777766e-06 0 0 -6.8382632401678018e-05 -8.5877652993269257e-06 2.249203142975012e-05 -5.9229236096076193e-05 0 -1.2291252943409697e-05 0 0 0
leaf_weight=92 24 178 34 110 719 20 29 445 55 339 31 41 35 27 119 1070 316 43 27 32 186 76 20
leaf_count=92 24 178 34 110 719 20 29 445 55 339 31 41 35 27 119 1070 316 43 27 32 186 76 20
internal_value=0 -2.36399e-06 -6.90387e-05 0 -6.2485e-06 -6.21439e-05 1.36578e-05 2.32597e-05 -2.18275e-05 3.88674e-06 1.42902e-05 6.09357e-05 -5.81357e-06 -3.22429e-05 -4.96954e-05 -5.06718e-07 4.22608e-06 0 1.67783e-05 0 6.66411e-06 0 0
internal_weight=4068 2684 58 2626 1919 130 707 623 84 1384 817 92 567 181 154 1789 725 382 343 386 278 108 61
internal_count=4068 2684 58 2626 1919 130 707 623 84 1384 817 92 567 181 154 1789 725 382 343 386 278 108 61
is_linear=0
shrinkage=0.03


Tree=189
num_leaves=23
num_cat=0
split_feature=23 30 24 26 5 35 32 23 23 36 26 32 28 28 35 20 29 36 36 34 34 26
split_gain=3.92059e-05 0.000204771 0.000382118 0.000435312 0.000570861 0.000376021 0.00051576 0.000177079 0.000161337 0.000123714 0.000245693 0.000375188 0.00014135 0.000222549 0.000124058 9.28994e-05 7.29786e-05 3.24585e-05 0.000208176 8.66689e-05 1.42044e-05 8.49971e-06
threshold=-0.5605283133619422 32.873527231833684 -0.45237866218835648 1.4972920225832091 21772231.500000004 0.020710039191842788 0.016745234604434781 -0.55118049495346699 -0.62415339869719577 -0.0042761106431662334 1.2593775119838666 0.0020000095911967279 -2732083858.9999995 -55159531.499999993 0.014216712584930973 64.114999389648446 25.983779988735005 -1.0000000180025095e-35 -0.005153146468584717 0.013109290017823462 -0.01664414853982343 2.5691536236133112
decision_type=2 2 2 2 2 2 2 2 2 2 2 2 2 2 2 2 2 2 2 2 2 2
left_child=1 2 3 16 -5 17 21 -2 20 12 14 -12 15 -14 -11 -9 -1 18 -3 -19 -4 -7
right_child=7 5 8 4 -6 6 -8 9 -10 10 11 -13 13 -15 -16 -17 -18 19 -20 -21 -22 -23
leaf_value=4.627460788313917e-06 -7.3039738703997809e-05 0 7.6707603667134627e-05 0 -0.00017265942588453543 0.00012341724147139725 0 0 0 -1.7211787788369846e-06 -3.9733762019196889e-05 0 2.7898353342717112e-05 0 1.7574613289674136e-05 -3.0089930896062199e-05 -2.4068162933582476e-05 -2.4551528296572083e-05 4.8445102037023051e-05 0 0 0
leaf_weight=224 32 123 53 66 37 66 38 136 25 714 387 552 485 211 370 97 105 130 92 82 20 23
leaf_count=224 32 123 53 66 37 66 38 136 25 714 387 552 485 211 370 97 105 130 92 82 20 23
internal_value=0 4.63287e-06 -4.55378e-06 -2.15379e-05 -7.57903e-05 1.8835e-05 6.48783e-05 -2.00672e-06 3.96796e-05 -2.1804e-07 -5.31377e-06 -1.70648e-05 7.64893e-06 1.5958e-05 2.09876e-06 -4.29762e-06 0 0 1.15698e-05 -1.40615e-06 6.40258e-05 0.000105896
internal_weight=4068 1084 530 432 103 554 127 2984 98 2952 2023 939 929 696 1084 233 329 427 215 212 73 89
internal_count=4068 1084 530 432 103 554 127 2984 98 2952 2023 939 929 696 1084 233 329 427 215 212 73 89
is_linear=0
shrinkage=0.03


Tree=190
num_leaves=22
num_cat=0
split_feature=29 29 33 23 23 28 33 31 35 27 34 25 1 30 31 21 35 30 35 4 31
split_gain=3.95792e-05 0.000453227 0.000508168 0.000191714 0.000223815 0.000217345 0.000169677 0.000162461 0.000134513 0.000278478 0.000352693 0.000277429 0.000253134 0.000163856 0.000124866 0.00010231 9.88718e-05 0.000375456 0.000142486 9.1445e-05 3.82217e-05
threshold=56.852836055348853 60.533135584348337 -0.010193111243337492 0.86285008695508492 0.73628173700370791 78084265.500000015 -0.0020640197856798821 0.010580657137404416 0.014216712584930973 0.89889368695774985 0.016794016772815782 0.3429200453248169 85.125000000000014 58.914263554164329 0.015049287226234666 74.673750178019219 0.021236376505197465 33.227304639981583 0.015337423073588449 96.174999237060561 0.0007785606932382284
decision_type=2 2 2 2 2 2 2 2 2 2 2 2 2 2 2 2 2 2 2 2 2
left_child=3 2 -2 4 16 14 -4 -8 11 10 -10 13 -13 -3 19 -11 18 -18 -1 -5 -6
right_child=1 8 6 5 20 -7 7 -9 9 15 -12 12 -14 -15 -16 -17 17 -19 -20 -21 -22
leaf_value=0 -0.00020447181612343187 0 2.1593220025484011e-06 5.4117645845714769e-05 -8.0599584094302878e-05 0 -6.2592785824878774e-05 0 0 -2.6713936278786533e-05 4.9343510367780019e-05 4.7279955428610555e-05 0 -2.9868946184299137e-05 0 0 -3.6782202477053266e-05 1.1820554289382351e-05 1.9219357159063582e-05 0 0
leaf_weight=1137 21 112 35 196 36 36 78 26 231 144 260 124 48 440 22 144 260 192 481 20 25
leaf_count=1137 21 112 35 196 36 36 78 26 231 144 260 124 48 440 22 144 260 192 481 20 25
internal_value=0 -3.80932e-06 -5.19475e-05 2.18555e-06 0 2.59114e-05 -7.20667e-06 -3.91762e-05 0 9.87599e-06 2.53609e-05 -7.88959e-06 1.69751e-05 -2.10728e-05 3.99307e-05 -6.11022e-06 7.97484e-07 -9.50304e-06 5.52944e-06 4.77161e-05 -5.72296e-05
internal_weight=4068 1663 160 2405 2131 274 139 104 1503 779 491 724 172 552 238 288 2070 452 1618 216 61
internal_count=4068 1663 160 2405 2131 274 139 104 1503 779 491 724 172 552 238 288 2070 452 1618 216 61
is_linear=0
shrinkage=0.03


Tree=191
num_leaves=24
num_cat=0
split_feature=29 33 29 29 24 26 36 28 35 24 33 26 5 26 26 23 5 33 29 33 24 22 26
split_gain=3.98449e-05 0.000122233 0.00023522 0.000220061 0.000524317 0.000347487 0.00019776 0.000236387 0.000111513 0.000165608 0.000369949 0.000204738 0.00012511 0.000161019 0.00010543 0.000100337 0.00022555 0.000125421 8.89012e-05 7.81059e-05 7.62326e-05 6.23723e-05 5.36578e-06
threshold=19.523786687300507 -0.010293326475461549 24.166647593180631 54.205807949746578 -0.19351507430282669 1.3003061616296463 0.005231161834287402 -2898349226.4999995 0.010177271349489337 -0.51417213059698197 0.0094006542538588329 1.2593775119838666 12546627.500000002 0.97065795604832206 2.1182806291976832 -1.3907624928643185 16507369.000000002 -0.036555006943202954 12.959018585659747 -0.029474209212520138 0.60769561206818801 38.738710913462675 0.93214743979545922
decision_type=2 2 2 2 2 2 2 2 2 2 2 2 2 2 2 2 2 2 2 2 2 2 2
left_child=14 2 6 5 -5 -4 7 -2 12 10 -10 -11 22 -14 15 16 -1 21 -18 -19 -16 -17 -3
right_child=1 8 3 4 -6 -7 -8 -9 9 11 -12 -13 13 -15 20 17 18 19 -20 -21 -22 -23 -24
leaf_value=0 0 0 -1.7533308463204696e-05 -0.00016267208280681863 0 3.1614356856433054e-05 0 -9.3104867794959056e-05 4.1460281364687374e-05 1.0557189337899736e-05 0 -1.0765926890398648e-05 0 -3.53358513834636e-05 9.7560299371035551e-05 6.3828164062791198e-05 -0.00012172782611458669 -3.1374134565428904e-05 0 6.5430000585608331e-06 0 0 5.2367025059453492e-06
leaf_weight=22 22 71 200 25 58 257 23 83 304 766 286 853 78 254 20 49 23 55 25 375 20 23 176
leaf_count=22 22 71 200 25 58 257 23 83 304 766 286 853 78 254 20 49 23 55 25 375 20 23 176
internal_value=0 -1.52566e-06 -1.32856e-05 0 -4.81069e-05 3.54329e-06 -5.07263e-05 -6.94963e-05 2.16365e-07 4.29404e-06 1.79334e-05 0 -1.01584e-05 -2.27814e-05 6.74116e-06 0 -2.90805e-05 7.86022e-06 -7.38427e-05 0 5.53165e-05 4.46748e-05 0
internal_weight=4068 3456 668 540 83 457 128 105 2788 2209 590 1619 579 332 612 572 70 502 48 430 40 72 247
internal_count=4068 3456 668 540 83 457 128 105 2788 2209 590 1619 579 332 612 572 70 502 48 430 40 72 247
is_linear=0
shrinkage=0.03


Tree=192
num_leaves=25
num_cat=0
split_feature=0 26 0 27 33 33 36 30 0 22 3 22 5 26 27 27 5 21 30 24 26 22 19 26
split_gain=3.96751e-05 0.000219971 9.44763e-05 0.000162532 0.00019357 0.000226212 9.0218e-05 0.000387478 0.0003638 0.000104644 0.000151151 0.000126191 8.90269e-05 0.000283838 8.17347e-05 7.97204e-05 9.3567e-05 6.79185e-05 5.59666e-05 5.41559e-05 6.20077e-05 2.82539e-05 1.96154e-05 3.56035e-08
threshold=33.289602279663093 1.6123652999936402 36.042226791381843 0.70872803732825995 -0.018026450241084121 0.0018762271238191854 0.0086628336115164746 79.086555977575998 45.863304138183601 57.010888597430686 87.474998474121108 54.88083547472521 27042192.500000004 1.3914682421327942 0.55656125524239897 0.85999761999328339 14989921.000000002 48.774583466847744 40.701784554106034 -0.17678208764160433 1.1268353970591669 38.575715138694342 54.915000534057619 1.1720395547127687
decision_type=2 2 2 2 2 2 2 2 2 2 2 2 2 2 2 2 2 2 2 2 2 2 2 2
left_child=1 12 3 4 22 -6 9 14 -9 11 -11 -4 19 23 -8 16 -5 -17 -3 21 -21 -1 -2 -14
right_child=2 18 6 15 5 -7 7 8 -10 10 -12 -13 13 -15 -16 17 -18 -19 -20 20 -22 -23 -24 -25
leaf_value=1.7370395437800151e-05 2.3825375686648183e-05 0 1.7104161935107674e-06 0 -6.7759147176662906e-05 0 -1.5169281180673173e-05 0 -0.000126205098640008 2.196299681910795e-05 0 -2.6374594771806281e-05 0 -0.00010396553682326578 1.0522203105915131e-05 0 5.0927579805147235e-05 -3.3951577543686162e-05 9.297249965325092e-05 0 4.3922308958478895e-05 -6.7711349666876809e-06 0 1.0317735834413793e-06
leaf_weight=60 31 26 1704 20 134 124 180 43 46 525 141 156 45 29 290 22 60 53 32 33 65 159 60 30
leaf_count=60 31 26 1704 20 134 124 180 43 46 525 141 156 45 29 290 22 60 53 32 33 65 159 60 30
internal_value=0 7.79688e-06 -1.35427e-06 -1.34808e-05 -2.61044e-05 -3.99585e-05 0 -1.01955e-05 -6.75736e-05 3.0226e-06 1.32679e-05 0 0 -2.38234e-05 0 0 2.99117e-05 -1.04615e-06 6.25201e-05 8.14597e-06 2.66709e-05 0 0 0
internal_weight=4068 479 3589 504 349 258 3085 559 89 2526 666 1860 421 104 470 155 80 75 58 317 98 219 91 75
internal_count=4068 479 3589 504 349 258 3085 559 89 2526 666 1860 421 104 470 155 80 75 58 317 98 219 91 75
is_linear=0
shrinkage=0.03


Tree=193
num_leaves=24
num_cat=0
split_feature=29 29 29 0 31 33 5 3 24 26 28 22 26 26 23 20 3 5 23 26 27 5 28
split_gain=3.85599e-05 0.000116978 0.000274031 0.000248173 0.000244638 0.000212778 0.000305186 0.000316651 0.000199202 0.000175514 0.000286808 0.000142837 9.9606e-05 9.75167e-05 0.000186733 0.000307535 9.2602e-05 8.88571e-05 0.0001724 8.42851e-05 0.000118477 6.02674e-05 3.87217e-05
threshold=19.523786687300507 38.673466923108741 46.196343646737979 34.528108596801765 -0.0046665253102906026 0.0021849477260373899 17476363.000000004 48.574998855590827 -1.1289033984021082 1.2559761383839154 -246375945.99999997 56.408338005143939 2.1182806291976832 1.6401532809075612 0.23331773490997423 87.276250076293962 98.625000000000014 16638036.500000002 -0.39931453277073098 1.1268353970591669 0.15798393750187595 14019274.500000002 -671178248.99999988
decision_type=2 2 2 2 2 2 2 2 2 2 2 2 2 2 2 2 2 2 2 2 2 2 2
left_child=12 5 3 4 -3 6 21 -8 -5 11 -11 -4 13 19 15 -15 -14 -7 -19 22 -21 -2 -1
right_child=1 2 9 8 -6 17 7 -9 -10 10 -12 -13 16 14 -16 -17 -18 18 -20 20 -22 -23 -24
leaf_value=3.2469931118502276e-06 -1.0734076249706552e-05 3.4128395945839479e-05 -1.0471496014450829e-06 0 -6.0976736570295764e-05 0 0 -4.9623050546387235e-05 5.1217607179910403e-05 -2.9079685939599565e-05 0 1.7423973728632806e-05 9.9718697124105211e-05 -0.00012694633420604697 0 0 0 0 7.9404698789178933e-05 3.4559034455851e-05 0 1.2914095638167408e-05 -1.7892425979539546e-05
leaf_weight=114 223 29 559 29 50 76 46 343 245 471 623 506 20 31 23 21 20 45 40 179 99 171 105
leaf_count=114 223 29 559 29 50 76 46 343 245 471 623 506 20 31 23 21 20 45 40 179 99 171 105
internal_value=0 -1.50425e-06 8.18939e-07 2.60883e-05 0 -1.08633e-05 -1.90843e-05 -3.7933e-05 4.11294e-05 -1.92419e-06 -1.13219e-05 4.91298e-06 6.62723e-06 0 -2.73914e-05 -6.56295e-05 5.39069e-05 1.04829e-05 3.38787e-05 7.95003e-06 1.96403e-05 0 0
internal_weight=4068 3456 2512 353 79 944 783 389 274 2159 1094 1065 612 572 75 52 40 161 85 497 278 394 219
internal_count=4068 3456 2512 353 79 944 783 389 274 2159 1094 1065 612 572 75 52 40 161 85 497 278 394 219
is_linear=0
shrinkage=0.03


Tree=194
num_leaves=23
num_cat=0
split_feature=23 30 24 26 31 26 20 23 23 33 36 32 26 23 22 29 29 29 5 30 30 34
split_gain=3.89059e-05 0.000189703 0.000358469 0.000407302 0.000579658 0.000250241 0.000295608 0.000162821 0.000156151 0.000137888 0.000114703 0.00021928 0.000375195 0.000177196 0.000107964 0.000189998 0.000104797 6.78994e-05 5.8049e-05 2.65639e-05 7.57324e-05 9.58001e-06
threshold=-0.5605283133619422 32.873527231833684 -0.45237866218835648 1.4972920225832091 -0.00099848728238127716 1.3245229345535405 74.14624996185303 -0.55118049495346699 -0.62415339869719577 0.013921305814910802 -0.0042761106431662334 0.0011441506513505397 1.2217258928995156 0.66859895317634266 59.487153678508705 52.174703425485831 83.420338357053609 25.983779988735005 17476363.000000004 71.236080986564318 39.515379556776985 -0.01664414853982343
decision_type=2 2 2 2 2 2 2 2 2 2 2 2 2 2 2 2 2 2 2 2 2 2
left_child=1 2 3 17 -5 19 18 -2 21 -8 14 12 -12 -13 15 -9 -16 -1 -7 20 -3 -4
right_child=7 5 8 4 -6 6 9 10 -10 -11 11 13 -14 -15 16 -17 -18 -19 -20 -21 -22 -23
leaf_value=4.6588503516019207e-06 -7.0218484996704836e-05 0 7.4666855717998637e-05 -0.00014631479594111999 0 0 2.7875451470607277e-05 1.3087383485043363e-05 0 -2.2309602382338952e-05 0 1.1273980732025815e-05 -3.8405360951568733e-05 -1.1890280193660692e-05 4.3180439991118711e-05 -1.7846783696539204e-05 0 -2.3133541687970338e-05 0.00010500452810158368 2.2891987859126099e-05 -1.94436786603784e-05 0
leaf_weight=224 32 64 53 50 53 20 132 509 25 43 413 786 399 425 129 263 28 105 66 37 192 20
leaf_count=224 32 64 53 50 53 20 132 509 25 43 413 786 399 425 129 263 28 105 66 37 192 20
internal_value=0 4.6173e-06 -4.01327e-06 -2.06512e-05 -7.30949e-05 1.82874e-05 3.96521e-05 -1.99719e-06 3.86946e-05 0 -2.39089e-07 -5.17464e-06 -1.758e-05 6.67094e-07 7.2791e-06 0 3.05265e-05 0 8.86452e-05 0 -4.1757e-06 6.27044e-05
internal_weight=4068 1084 530 432 103 554 261 2984 98 175 2952 2023 812 1211 929 772 157 329 86 293 256 73
internal_count=4068 1084 530 432 103 554 261 2984 98 175 2952 2023 812 1211 929 772 157 329 86 293 256 73
is_linear=0
shrinkage=0.03


Tree=195
num_leaves=21
num_cat=0
split_feature=0 26 23 4 28 32 20 31 0 22 32 35 29 30 35 25 5 36 30 22
split_gain=3.90916e-05 0.000214684 0.000119405 9.10261e-05 0.000235623 0.000391555 0.000139275 0.000158654 0.00026109 0.00015738 0.000151316 0.000161365 0.000131309 8.43259e-05 0.000331867 0.00024502 7.18657e-05 0.00013123 9.31121e-05 3.35051e-05
threshold=33.289602279663093 1.6123652999936402 0.2427587230038242 77.875000000000014 -357382742.49999994 -0.014461842738738127 80.153750038146981 0.0099607786993819464 47.273595809936531 61.354508935206304 0.0047635762903719412 0.010869588161953657 83.810398081636706 18.859213010908565 0.019067098436459474 0.084312492171731521 11041665.500000002 -0.0057082984682691679 50.895683085953245 51.987770161763144
decision_type=2 2 2 2 2 2 2 2 2 2 2 2 2 2 2 2 2 2 2 2
left_child=1 13 -3 4 16 -6 10 9 -9 -8 11 -5 -7 -1 19 -16 17 -2 -18 -15
right_child=3 2 -4 6 5 12 7 8 -10 -11 -12 -13 -14 14 15 -17 18 -19 -20 -21
leaf_value=3.0918909949127432e-05 0 9.3070172974482301e-05 0 0 0 -8.0256575947606934e-05 0 4.7858249397370609e-05 0 -2.9377969652188123e-05 0 6.6409722351227615e-05 0 0 0 -0.0001349544393084103 -1.2946615186602891e-05 3.2420301347788924e-05 0 2.1042788620742801e-05
leaf_weight=68 32 38 20 69 34 118 1124 146 115 214 150 94 20 207 49 29 708 142 623 68
leaf_count=68 32 38 20 69 34 118 1124 146 115 214 150 94 20 207 49 29 708 142 623 68
internal_value=0 7.82613e-06 6.18921e-05 -1.27541e-06 -6.88574e-06 -4.10579e-05 2.07651e-06 0 1.95358e-05 -5.67801e-06 2.06561e-05 4.067e-05 -6.82096e-05 0 -5.52821e-06 -6.29485e-05 -9.84654e-07 1.33978e-05 -5.1195e-06 0
internal_weight=4068 479 58 3589 1677 172 1912 1599 261 1338 313 163 138 421 353 78 1505 174 1331 275
internal_count=4068 479 58 3589 1677 172 1912 1599 261 1338 313 163 138 421 353 78 1505 174 1331 275
is_linear=0
shrinkage=0.03


Tree=196
num_leaves=21
num_cat=0
split_feature=23 30 29 35 35 32 31 35 23 24 36 35 35 35 28 35 20 30 29 31
split_gain=3.70913e-05 0.000180946 0.000347348 0.000604461 0.000336417 0.000488624 0.000206653 0.000155916 0.000153017 0.000148706 0.000106994 0.000243713 0.000496449 0.000294057 0.000131838 0.000209449 8.86348e-05 2.83565e-05 8.77097e-05 6.06723e-05
threshold=-0.5605283133619422 32.873527231833684 33.050682133432275 0.019067098436459474 0.020710039191842788 0.016745234604434781 -0.00213982307121463 0.0093850864039738257 -0.55118049495346699 -0.82207797129452864 -0.0042761106431662334 0.022940539391624801 0.022018450095023626 0.033545472581059402 -2732083858.9999995 0.02275282811287441 64.114999389648446 65.402386969617439 52.640364732587649 -0.0036386071474359678
decision_type=2 2 2 2 2 2 2 2 2 2 2 2 2 2 2 2 2 2 2 2
left_child=1 2 6 -4 17 -6 9 -8 -2 -1 14 12 -12 -13 16 -16 -10 18 -3 -19
right_child=8 4 3 -5 5 -7 7 -9 10 -11 11 13 -14 -15 15 -17 -18 19 -20 -21
leaf_value=-3.5885503558147335e-05 -6.798975920646285e-05 5.0116779641174851e-06 0 -0.00014308605388383712 0.00010164882011880464 0 0 4.5832283678154356e-05 0 0 -6.1472891234729739e-06 3.940828945168838e-05 -0.00012398729279917864 -8.9789432881605077e-06 2.5863400226308688e-05 0 -2.9436071578906726e-05 0 -2.2239590673887553e-05 3.4052377364674196e-05
leaf_weight=114 32 187 68 42 89 38 35 150 136 121 1689 219 37 78 522 174 97 21 150 69
leaf_count=114 32 187 68 42 89 38 35 150 136 121 1689 219 37 78 522 174 97 21 150 69
internal_value=0 4.56919e-06 -3.73557e-06 -5.37364e-05 1.79276e-05 6.15088e-05 2.2284e-06 3.07457e-05 -1.89791e-06 -7.46442e-06 -1.62959e-07 -4.96773e-06 -1.04185e-05 1.66042e-05 7.07044e-06 1.51957e-05 -4.32691e-06 0 0 1.683e-05
internal_weight=4068 1084 530 110 554 127 420 185 2984 235 2952 2023 1726 297 929 696 233 427 337 90
internal_count=4068 1084 530 110 554 127 420 185 2984 235 2952 2023 1726 297 929 696 233 427 337 90
is_linear=0
shrinkage=0.03


Tree=197
num_leaves=21
num_cat=0
split_feature=28 21 23 5 32 32 32 35 21 22 35 34 22 21 26 29 20 26 25 25
split_gain=3.81043e-05 0.000342352 0.000813718 0.000205756 0.000495521 0.00025882 0.000167799 0.000192016 0.00023458 0.000198793 0.000167104 0.000212317 0.000188313 9.45486e-05 9.28852e-05 7.82119e-05 1.30597e-05 4.89482e-05 5.37407e-06 2.24698e-07
threshold=-2436328310.9999995 52.482916673024498 -0.88931470713896477 50171193.000000007 -0.041337854561385605 -0.0074626461056775941 -0.0028035103440476879 0.027777771236801984 65.477916431427005 67.721597514023998 0.018181807124724659 -0.023463019601362486 59.329753048004015 65.902083492279061 1.0048011110040587 77.591972369761422 80.681249809265154 0.80793779858730796 -0.25236663199095871 -0.1473303476810465
decision_type=2 2 2 2 2 2 2 2 2 2 2 2 2 2 2 2 2 2 2 2
left_child=6 2 -2 4 -3 -6 10 13 9 -9 16 19 -13 15 -15 -8 17 -1 -18 -12
right_child=1 3 -4 -5 5 -7 7 8 -10 -11 11 12 -14 14 -16 -17 18 -19 -20 -21
leaf_value=0 0 -0.00011365766346237708 -0.00018415867462544627 7.6840575680985998e-05 1.4096001891875435e-05 -6.5238899245954207e-06 0 0.00011877338669179523 0 0 0 -7.7770408598134598e-05 0 0 2.5124835732891086e-05 -3.3399741519428857e-05 -1.2274973386045643e-05 1.6617335752195625e-05 0 2.8967580282712802e-06
leaf_weight=76 21 35 31 30 792 1775 307 50 21 21 49 87 21 70 285 63 32 202 76 24
leaf_count=76 21 35 31 30 792 1775 307 50 21 21 49 87 21 70 285 63 32 202 76 24
internal_value=0 -2.30616e-06 -7.86635e-05 0 -1.69267e-06 0 3.80308e-06 1.37817e-05 5.86428e-05 8.61631e-05 -5.28516e-06 -3.02971e-05 -5.74931e-05 3.94436e-06 1.64743e-05 0 0 6.5011e-06 0 0
internal_weight=4068 2684 52 2632 2602 2567 1384 817 92 71 567 181 108 725 355 370 386 278 108 73
internal_count=4068 2684 52 2632 2602 2567 1384 817 92 71 567 181 108 725 355 370 386 278 108 73
is_linear=0
shrinkage=0.03


Tree=198
num_leaves=22
num_cat=0
split_feature=0 0 26 34 30 29 0 2 5 21 35 5 34 36 32 5 23 1 0 29 34
split_gain=3.77359e-05 0.000196602 0.000178942 0.00018143 8.80058e-05 0.000273109 8.6493e-05 0.000144978 0.000289238 0.000274637 0.000246115 0.000151239 0.000116772 0.00033069 9.01322e-05 0.000172369 9.71998e-05 6.54434e-05 2.5537e-05 1.53842e-05 1.82606e-06
threshold=33.289602279663093 32.309312820434577 1.2063974796816201 -0.011275667794175324 21.686985874291448 43.221775141218899 36.042226791381843 54.774999618530281 27465266.500000004 78.385000419616702 0.027371385576570508 19906426.500000004 0.054622645858974146 0.0048887430697648103 0.01917851400884674 17476363.000000004 -1.7984172931347471 52.024999618530281 31.204001426696781 57.867478917065235 -0.0032154345177475281
decision_type=2 2 2 2 2 2 2 2 2 2 2 2 2 2 2 2 2 2 2 2 2
left_child=1 4 20 -4 18 -6 7 10 11 -10 17 -9 14 -14 16 -16 -8 -2 -1 -7 -3
right_child=6 2 3 -5 5 19 12 8 9 -11 -12 -13 13 -15 15 -17 -18 -19 -20 -21 -22
leaf_value=2.5706737273375212e-05 -2.3676625881039919e-05 4.5016143146877038e-06 0 0.00010171097044882212 -6.8499336959125745e-05 2.0150284562294045e-05 3.3127471660246283e-05 -2.627321607801921e-05 -0.00011444309096241042 0 8.4907820261086625e-05 1.9501189875306411e-05 0 -8.3876604768061592e-05 0 3.4596287224971494e-05 -1.0452489619969773e-06 0 0 0 0
leaf_weight=37 113 81 40 51 69 34 77 148 55 22 30 89 36 56 87 204 2625 47 20 73 74
leaf_count=37 113 81 40 51 69 34 77 148 55 22 30 89 36 56 87 204 2625 47 20 73 74
internal_value=0 7.66075e-06 2.88123e-05 6.33278e-05 -1.80374e-06 -2.11038e-05 -1.27618e-06 -1.28847e-05 -2.61123e-05 -7.84483e-05 0 0 0 -3.24628e-05 1.63867e-06 1.75007e-05 0 -5.30329e-06 5.18268e-06 0 0
internal_weight=4068 479 246 91 233 176 3589 504 314 77 190 237 3085 92 2993 291 2702 160 57 107 155
internal_count=4068 479 246 91 233 176 3589 504 314 77 190 237 3085 92 2993 291 2702 160 57 107 155
is_linear=0
shrinkage=0.03


Tree=199
num_leaves=20
num_cat=0
split_feature=0 26 23 4 1 22 21 1 25 31 0 4 27 27 0 30 35 25 22
split_gain=3.59576e-05 0.000190595 0.000108014 8.03062e-05 0.00024744 0.000237775 0.000342329 0.000174371 0.000276112 8.51959e-05 0.000216229 9.95168e-05 8.01871e-05 0.000358031 0.000160616 7.64314e-05 0.00030873 0.00022357 2.94676e-05
threshold=33.289602279663093 1.6123652999936402 0.2427587230038242 77.875000000000014 76.02500152587892 65.485988362591726 78.285833422342947 78.52500152587892 -0.022070842531215478 0.0099607786993819464 47.273595809936531 85.02500152587892 0.76661712811788152 0.89477545326882524 39.351671218872077 18.859213010908565 0.019067098436459474 0.084312492171731521 51.987770161763144
decision_type=2 2 2 2 2 2 2 2 2 2 2 2 2 2 2 2 2 2 2
left_child=1 15 -3 4 12 6 -6 8 -5 11 -11 -9 14 -14 -2 -1 18 -18 -17
right_child=3 2 -4 7 5 -7 -8 9 -10 10 -12 -13 13 -15 -16 16 17 -19 -20
leaf_value=2.9554716180620246e-05 -1.9637365747302174e-05 8.810411014937425e-05 0 0 -9.843923749990334e-05 0 0 1.3666138827151799e-06 8.0167714522233637e-05 3.7031377078179613e-05 0 -1.1720470943563756e-05 4.2526377428386016e-05 -9.4093148416626362e-06 0 0 0 -0.00012954776276058404 1.9734241279910854e-05
leaf_weight=68 495 38 20 34 84 22 48 732 64 186 137 759 184 181 663 207 49 29 68
leaf_count=68 495 38 20 34 84 22 48 732 64 186 137 759 184 181 663 207 49 29 68
internal_value=0 7.50661e-06 5.84558e-05 -1.22262e-06 -6.51174e-06 -4.35942e-05 -6.19429e-05 1.84757e-06 4.082e-05 0 1.36948e-05 -3.28383e-06 -7.89818e-07 8.55952e-06 -6.32765e-06 0 -5.13322e-06 -6.0637e-05 0
internal_weight=4068 479 58 3589 1677 154 132 1912 98 1814 323 1491 1523 365 1158 421 353 78 275
internal_count=4068 479 58 3589 1677 154 132 1912 98 1814 323 1491 1523 365 1158 421 353 78 275
is_linear=0
shrinkage=0.03


Tree=200
num_leaves=23
num_cat=0
split_feature=29 29 33 0 24 23 23 23 28 26 33 31 26 23 4 35 35 35 5 27 0 26
split_gain=3.67358e-05 0.000417695 0.000459024 0.000178792 0.000254823 0.000287886 0.000175865 0.000208769 0.000205187 0.000176505 0.000158519 0.00016261 0.000156313 0.000253664 0.000138715 8.74681e-05 0.000301128 0.000135715 7.26325e-05 5.32984e-05 3.98353e-05 1.30401e-06
threshold=56.852836055348853 60.533135584348337 -0.010193111243337492 39.947271347045906 0.5982904001121877 0.2954696136742499 0.86285008695508492 0.73628173700370791 78084265.500000015 1.3965297730349395 -0.0020640197856798821 0.0023661748146106558 1.1793206169297694 1.2950778718286993 96.875000000000014 0.021236376505197465 0.024163225849861681 0.015337423073588449 16213596.000000002 0.88992282565929492 47.273595809936531 1.2654407105346108
decision_type=2 2 2 2 2 2 2 2 2 2 2 2 2 2 2 2 2 2 2 2 2 2
left_child=6 2 -2 4 5 -3 7 15 9 21 -4 -12 19 -14 -11 17 -17 -1 -6 -5 -9 -8
right_child=1 3 10 12 18 -7 8 20 -10 14 11 -13 13 -15 -16 16 -18 -19 -20 -21 -22 -23
leaf_value=0 -0.00019534291381455548 2.2480557347726078e-06 1.9576036894662085e-06 1.5217167099141131e-05 0 6.8387244476011532e-05 4.0068560304769444e-06 -7.4418482296354592e-05 0 7.9071962323540206e-05 0 -7.4423946665527912e-05 -3.1350759900129105e-05 0 0 -4.400809555949323e-05 1.2441171430940823e-07 1.8758132216619501e-05 -3.1721757888672566e-05 0 0 0
leaf_weight=1137 21 332 35 216 51 127 73 40 36 102 51 53 417 149 20 157 295 481 75 136 21 43
leaf_count=1137 21 332 35 216 51 127 73 40 36 102 51 53 417 149 20 157 295 481 75 136 21 43
internal_value=0 -3.58209e-06 -4.98132e-05 0 1.41931e-05 2.70934e-05 2.2077e-06 0 2.49041e-05 3.85951e-05 -6.13488e-06 -3.7676e-05 -6.84748e-06 -1.79135e-05 6.48519e-05 8.96927e-07 -8.57544e-06 5.3975e-06 -8.99451e-06 2.42587e-06 -5.52078e-05 0
internal_weight=4068 1663 160 1503 585 459 2405 2131 274 238 139 104 918 566 122 2070 452 1618 126 352 61 116
internal_count=4068 1663 160 1503 585 459 2405 2131 274 238 139 104 918 566 122 2070 452 1618 126 352 61 116
is_linear=0
shrinkage=0.03


Tree=201
num_leaves=24
num_cat=0
split_feature=23 36 33 22 35 21 4 32 1 35 31 23 19 2 36 36 35 35 35 28 28 20 36
split_gain=3.57168e-05 0.000163317 0.000261519 0.000335888 0.000278083 0.000159584 0.000222064 0.000174323 0.000155238 0.000269058 0.000245178 0.000142242 0.000116104 0.000315133 0.000130311 0.000102317 0.000224803 0.000451198 0.000277021 0.00012404 0.000207704 8.35658e-05 4.0877e-05
threshold=-0.5605283133619422 -0.0056603891642957775 0.008917556776916637 31.663635408258777 0.027131275776664996 74.558333269755067 51.425001144409187 0.0055524537703309793 78.52500152587892 0.025078338417018259 -0.00062445326441501459 -0.55118049495346699 69.925001525878926 51.625000000000007 -0.0082466683456536745 -0.0042761106431662334 0.022940539391624801 0.022018450095023626 0.033545472581059402 -2732083858.9999995 -55159531.499999993 64.114999389648446 0.0016592993624379839
decision_type=2 2 2 2 2 2 2 2 2 2 2 2 2 2 2 2 2 2 2 2 2 2 2
left_child=1 8 3 22 -5 6 -4 -7 12 10 -10 -2 13 -1 -14 19 17 -17 -18 21 -21 -13 -3
right_child=11 2 5 4 -6 7 -8 -9 9 -11 -12 15 14 -15 -16 16 18 -19 -20 20 -22 -23 -24
leaf_value=1.261847508988046e-05 -6.5554967756648584e-05 0 0 2.2868922708053713e-05 0.00014215363263788899 0 5.9354646320183389e-05 -5.2360399203986084e-05 -8.219484182912516e-05 0 0 0 5.5160259991664713e-05 -6.4305377576791476e-05 0 -5.9522074627184158e-06 3.8023787002945504e-05 -0.00011870904087034754 -8.5570747320446014e-06 2.6473182873332358e-05 0 -2.8434512860632772e-05 -2.8249463470503197e-05
leaf_weight=33 32 78 22 356 37 34 59 107 92 24 20 136 69 70 37 1689 219 37 78 485 211 97 46
leaf_count=33 32 78 22 356 37 34 59 107 92 24 20 136 69 70 37 1689 219 37 78 485 211 97 46
internal_value=0 4.5225e-06 1.42203e-05 2.72282e-05 4.17642e-05 -2.5641e-06 1.01472e-05 -3.11299e-05 -7.55546e-06 -3.42243e-05 -5.98517e-05 -1.82804e-06 0 -1.05736e-05 2.96011e-05 -1.18808e-07 -4.84172e-06 -1.01141e-05 1.56941e-05 6.93633e-06 1.48274e-05 -3.76157e-06 0
internal_weight=4068 1084 739 517 393 222 81 141 345 136 112 2984 209 103 106 2952 2023 1726 297 929 696 233 124
internal_count=4068 1084 739 517 393 222 81 141 345 136 112 2984 209 103 106 2952 2023 1726 297 929 696 233 124
is_linear=0
shrinkage=0.03


Tree=202
num_leaves=25
num_cat=0
split_feature=5 35 26 33 30 31 36 26 34 5 34 30 33 30 22 35 35 35 25 5 5 22 31 27
split_gain=3.60186e-05 0.000106372 0.000137225 0.000145352 0.000165382 8.8157e-05 0.000238603 0.000157758 0.000133964 6.52286e-05 0.000196309 0.000158862 0.000138737 0.000300022 0.000169348 5.378e-05 4.8248e-05 7.26832e-05 2.01745e-05 0.000108001 3.25009e-05 6.82061e-06 4.10069e-05 2.92516e-05
threshold=12395275.500000002 0.0091556114152277681 0.95767596460126125 -0.0092146710585883623 76.35720253698743 0.0032425228742700711 0.00063876387614499746 0.90896534621472347 -0.01744700437928642 14377374.500000002 0.025760076338229857 59.690716356450956 -0.0084148291241497013 45.47584809727261 33.723664194049249 0.015975017429075134 0.014798473475288997 0.020047464300978233 0.1188126648797023 11537152.000000002 8308523.0000000009 48.968644547743573 0.0078119133433526286 0.26335799438830593
decision_type=2 2 2 2 2 2 2 2 2 2 2 2 2 2 2 2 2 2 2 2 2 2 2 2
left_child=5 2 -2 -4 -5 6 18 -8 -9 10 11 -3 14 -14 -11 -12 21 -18 20 -20 -1 23 -23 -7
right_child=1 9 3 4 -6 16 7 8 -10 12 15 -13 13 -15 -16 -17 17 -19 19 -21 -22 22 -24 -25
leaf_value=0 0 -1.615631172632012e-05 0 -6.2192584923848157e-05 0 0 0 0 6.7055227602950607e-05 1.2047593085929384e-05 -0.00011397155320660266 2.6216848042566635e-05 2.5116929249386767e-05 0 -1.5051754963438489e-05 0 -5.154934511214059e-05 0 -3.2958597474100344e-05 0 1.2432184556834751e-05 0 3.5019218852011171e-05 -2.2697893601027541e-05
leaf_weight=46 71 263 58 131 41 24 34 21 129 184 21 108 593 1055 689 21 41 20 100 27 232 73 35 51
leaf_count=46 71 263 58 131 41 24 34 21 129 184 21 108 593 1055 689 21 41 20 100 27 232 73 35 51
internal_value=0 -1.59066e-06 -1.85778e-05 -3.14383e-05 -4.56243e-05 5.39311e-06 1.32353e-05 4.15569e-05 5.53541e-05 0 -1.0891e-05 0 1.9622e-06 7.94921e-06 -5.90334e-06 -7.32154e-05 -1.24498e-06 -2.67747e-05 0 -9.52644e-06 4.87985e-06 0 7.53564e-06 0
internal_weight=4068 3235 301 230 172 833 589 184 150 2934 413 371 2521 1648 873 42 244 61 405 127 278 183 108 75
internal_count=4068 3235 301 230 172 833 589 184 150 2934 413 371 2521 1648 873 42 244 61 405 127 278 183 108 75
is_linear=0
shrinkage=0.03


Tree=203
num_leaves=26
num_cat=0
split_feature=23 30 30 5 5 24 19 30 0 35 33 5 0 30 30 5 28 24 28 36 23 23 30 33 36
split_gain=3.46745e-05 0.000247584 0.000333226 0.000448739 0.000231713 0.000324575 0.000212269 0.000212027 0.000150357 0.000144759 9.59168e-05 0.000357166 0.000420394 0.000706615 0.000205 0.000471801 0.000264498 0.000203235 0.00024269 0.000234486 0.000167402 0.000229678 0.000149087 5.15172e-05 2.26103e-05
threshold=-0.73699131221007252 32.873527231833684 25.473522942311796 20239842.000000004 19132886.500000004 -1.1672685771676643 87.925000762939462 39.515379556776985 46.499315261840827 0.030004869370441292 1.0000000180025095e-35 33218095.500000004 52.837669372558601 21.686985874291448 46.199263699098687 18004590.000000004 -2935481190.4999995 -0.44153839453232008 -2883686107.4999995 -0.0035315262270730154 1.1174823773471625 1.691788681540402 66.170715551841781 0.016324516942926252 -1.0000000180025095e-35
decision_type=2 2 2 2 2 2 2 2 2 2 2 2 2 2 2 2 2 2 2 2 2 2 2 2 2
left_child=1 2 4 -4 6 -6 -1 8 -3 24 11 17 13 -13 15 23 -17 18 -2 -19 22 -22 -16 -12 -9
right_child=10 7 3 -5 5 -7 -8 9 -10 -11 14 12 -14 -15 20 16 -18 19 -20 -21 21 -23 -24 -25 -26
leaf_value=-4.2694371227554259e-05 0 9.3890527212455791e-05 0 -0.00011199602736662721 0 7.3040832251562851e-05 1.2213946063095672e-05 2.9245429170145671e-06 0 6.8502342764727736e-05 0 0 0 -0.00013314163884520957 -1.0431396715994842e-05 0 7.9045859610707715e-05 1.655399877200375e-05 -5.7148532539897938e-05 -8.3407164451353583e-06 -4.5069929406858445e-05 0 1.2509077420882412e-05 -3.1375225199976706e-05 -1.1494758049105142e-05
leaf_weight=112 64 63 65 57 52 91 23 153 24 28 210 22 21 80 369 50 136 600 123 686 178 66 604 47 144
leaf_count=112 64 63 65 57 52 91 23 153 24 28 210 22 21 80 369 50 136 600 123 686 178 66 604 47 144
internal_value=0 5.368e-06 -6.02833e-06 -5.05778e-05 2.74585e-06 3.681e-05 -1.11317e-05 2.3711e-05 6.9518e-05 2.20323e-06 -1.54834e-06 -7.34033e-06 -5.74011e-05 -8.76259e-05 2.21333e-06 2.05826e-05 5.73618e-05 -1.11997e-06 -3.13272e-05 9.41987e-07 -2.00955e-06 -2.52041e-05 7.26035e-07 0 0
internal_weight=4068 812 400 122 278 143 135 412 87 325 3256 1596 123 102 1660 443 186 1473 187 1286 1217 244 973 257 297
internal_count=4068 812 400 122 278 143 135 412 87 325 3256 1596 123 102 1660 443 186 1473 187 1286 1217 244 973 257 297
is_linear=0
shrinkage=0.03


Tree=204
num_leaves=22
num_cat=0
split_feature=28 20 21 26 22 20 29 26 23 32 24 25 26 5 30 23 5 24 24 5 5
split_gain=3.502e-05 0.000225906 0.000481833 0.000562002 0.000278034 0.000331895 0.000298952 0.000210625 0.000127388 0.000310141 0.000166814 0.000391263 0.000122951 0.000238349 0.000182351 0.000104459 9.72045e-05 9.22123e-05 8.57381e-05 7.17468e-05 2.80205e-05
threshold=-2904959859.9999995 65.671250057220476 63.41541630427043 1.4379352610777774 38.738710913462675 53.989999961853037 70.717874573878589 1.3914682421327942 -1.622852727614198 -0.01510403865871107 -1.1289033984021082 -0.12868040037284992 1.1659084703273972 20239842.000000004 27.799037100116667 0.034319221001691609 22347521.000000004 0.13268291109040301 -0.51417213059698197 28941038.500000004 10960284.500000002
decision_type=2 2 2 2 2 2 2 2 2 2 2 2 2 2 2 2 2 2 2 2 2
left_child=7 2 4 20 5 -2 -6 12 9 -3 11 -10 17 -14 -15 -12 -9 18 -1 -19 -4
right_child=1 8 3 -5 6 -7 -8 16 10 -11 15 -13 13 14 -16 -17 -18 19 -20 -21 -22
leaf_value=2.1351016068942654e-05 0 0.00010189751094146667 0 -0.00018584403531992345 -3.9546952255143225e-05 0.00015940966381719195 1.2732246109080087e-05 0 -0.00015746178347697746 0 8.5430662878579925e-06 0 0 0 -0.00010942813028302162 -2.7660962669068859e-06 8.2784467810356261e-05 3.8614945531913569e-05 -1.076765710037811e-05 0 -1.7834371719444897e-05
leaf_weight=102 27 38 26 33 187 20 90 22 20 92 1191 137 36 21 39 1436 44 113 264 38 92
leaf_count=102 27 38 26 33 187 20 90 22 20 92 1191 137 36 21 39 1436 44 113 264 38 92
internal_value=0 -1.36729e-06 -2.09152e-05 -6.51568e-05 0 6.71001e-05 -1.1736e-05 6.08948e-06 7.90283e-07 2.99204e-05 0 -3.05088e-05 0 -3.05301e-05 -7.11316e-05 1.21931e-06 5.69982e-05 6.38509e-06 0 2.62444e-05 -5.87429e-06
internal_weight=4068 3389 475 151 324 47 277 679 2914 130 2784 157 613 96 60 2627 66 517 366 151 118
internal_count=4068 3389 475 151 324 47 277 679 2914 130 2784 157 613 96 60 2627 66 517 366 151 118
is_linear=0
shrinkage=0.03


Tree=205
num_leaves=21
num_cat=0
split_feature=28 21 23 5 32 32 32 35 21 22 35 33 27 21 33 27 20 27 25 5
split_gain=3.47235e-05 0.000308323 0.000752659 0.000189311 0.000454921 0.000246538 0.000150135 0.000164813 0.000216181 0.000170797 0.000145809 0.000211959 0.000343513 8.72353e-05 0.00015176 7.67502e-05 1.2885e-05 7.70285e-05 4.91008e-06 2.34011e-06
threshold=-2436328310.9999995 52.482916673024498 -0.88931470713896477 50171193.000000007 -0.041337854561385605 -0.0074626461056775941 -0.0028035103440476879 0.027777771236801984 65.477916431427005 67.721597514023998 0.018181807124724659 -0.011292729220973794 0.67401190405589884 65.902083492279061 0.028629718362304882 0.9615449557726955 80.681249809265154 0.18792621133394763 -0.25236663199095871 40992717.500000007
decision_type=2 2 2 2 2 2 2 2 2 2 2 2 2 2 2 2 2 2 2 2
left_child=6 2 -2 4 -3 -6 10 13 9 -9 16 19 -13 14 -8 -15 17 -1 -18 -12
right_child=1 3 -4 -5 5 -7 7 8 -10 -11 11 12 -14 15 -16 -17 18 -19 -20 -21
leaf_value=2.9641749243083614e-05 0 -0.00010880714624736589 -0.00017631237293291128 7.3872548075504225e-05 1.3850184431456575e-05 -6.276863356557161e-06 0 0.00011204635283162449 0 0 -4.945817694127986e-06 -0.00012992883731077577 0 2.2807807933150754e-05 -5.6293918142768307e-05 0 -1.1733101749673419e-05 0 0 0
leaf_weight=92 21 35 31 30 792 1775 327 50 21 21 86 38 23 303 43 52 32 186 76 34
leaf_count=92 21 35 31 30 792 1775 327 50 21 21 86 38 23 303 43 52 32 186 76 34
internal_value=0 -2.10491e-06 -7.45277e-05 0 -1.53355e-06 0 3.73987e-06 1.32035e-05 5.52061e-05 8.17579e-05 -4.60632e-06 -2.81257e-05 -7.39381e-05 3.7293e-06 0 1.57955e-05 0 6.45748e-06 0 0
internal_weight=4068 2684 52 2632 2602 2567 1384 817 92 71 567 181 61 725 370 355 386 278 108 120
internal_count=4068 2684 52 2632 2602 2567 1384 817 92 71 567 181 61 725 370 355 386 278 108 120
is_linear=0
shrinkage=0.03


Tree=206
num_leaves=25
num_cat=0
split_feature=5 0 23 26 35 26 0 30 28 21 30 21 21 31 28 5 34 34 24 35 20 34 34 21
split_gain=3.35872e-05 0.000111503 0.000117196 0.000132619 9.82615e-05 0.000129333 0.000140629 0.000175582 7.54993e-05 0.000167008 0.000216669 0.000124553 0.000383394 0.00016529 4.43229e-05 9.76785e-05 5.92184e-05 3.77451e-05 0.000155305 1.86437e-05 1.27993e-05 9.02839e-06 6.29669e-06 2.80313e-06
threshold=12395275.500000002 42.834110260009773 0.15328245847936731 1.0197784311047415 0.0091556114152277681 0.95767596460126125 34.075208663940437 76.35720253698743 41470116.500000007 76.065416526794451 32.873527231833684 65.549999809265145 63.41541630427043 -0.0086398793826034642 -2753500443.9999995 11591760.500000002 -0.0027035751971918871 0.006811162230454638 -0.12005298364240799 0.012173898776130372 79.123749923706072 -0.007241996988893439 0.011920750196590004 86.169583193461122
decision_type=2 2 2 2 2 2 2 2 2 2 2 2 2 2 2 2 2 2 2 2 2 2 2 2
left_child=1 2 17 -4 5 -2 -7 -8 11 -10 -11 12 -6 -13 19 16 -16 18 -1 20 -3 -5 -19 -17
right_child=4 14 3 21 8 6 7 -9 9 10 -12 13 -14 -15 15 23 -18 22 -20 -21 -22 -23 -24 -25
leaf_value=3.6293108707474357e-05 0 2.4182172022653114e-05 0 0 0 0 -5.6957351685967603e-05 0 0 0 -4.8425914770771229e-05 2.3709144808648657e-05 -4.8308936290241768e-05 0 -3.991601649097131e-05 0 0 -2.5207640649449344e-05 0 0 0 6.08889429567096e-05 0 8.4779149843738006e-06
leaf_weight=124 71 58 24 21 716 40 153 37 29 50 173 422 161 1383 110 37 139 25 41 49 29 96 45 35
leaf_count=124 71 58 24 21 716 40 153 37 29 50 173 422 161 1383 110 37 139 25 41 49 29 96 45 35
internal_value=0 5.2515e-06 1.81084e-05 4.02688e-05 -1.49733e-06 -1.78268e-05 -3.03598e-05 -4.22073e-05 0 -1.55071e-05 -3.07482e-05 1.65281e-06 -5.93671e-06 7.00243e-06 0 -1.03224e-05 -2.21419e-05 0 1.19783e-05 6.45838e-06 1.60568e-05 5.45271e-05 -1.21111e-05 0
internal_weight=4068 833 376 141 3235 301 230 190 2934 252 223 2682 877 1805 457 321 249 235 165 136 87 117 70 72
internal_count=4068 833 376 141 3235 301 230 190 2934 252 223 2682 877 1805 457 321 249 235 165 136 87 117 70 72
is_linear=0
shrinkage=0.03


Tree=207
num_leaves=20
num_cat=0
split_feature=28 21 29 31 31 26 29 33 29 19 31 26 36 5 36 21 25 5 25
split_gain=3.26842e-05 0.00028322 0.000597047 0.000190619 0.000457294 0.000366258 0.000239792 0.000290904 0.000141459 0.000134046 0.000132848 0.000160069 0.000325967 0.000122077 7.60726e-05 0.000169872 6.75221e-05 4.56336e-05 1.96266e-06
threshold=-2436328310.9999995 52.482916673024498 49.790888884195788 -0.0068969324168187121 -0.0053026999689233514 1.671943268749243 74.413143226956365 -0.022559802315628649 72.758503347008244 47.860000228881844 -0.0057914312068322307 1.1421370106607402 -0.015117155260647571 15214030.000000002 0.0070644757994521501 51.091666634877534 0.22742704209060152 26534622.500000004 0.076095966360407399
decision_type=2 2 2 2 2 2 2 2 2 2 2 2 2 2 2 2 2 2 2
left_child=9 2 -2 6 5 -5 7 -3 -6 17 11 18 -13 -8 15 -12 -16 -1 -11
right_child=1 3 -4 4 8 -7 13 -9 -10 10 14 12 -14 -15 16 -17 -18 -19 -20
leaf_value=0 0 0 -0.00019059890528510816 -1.5921473965810046e-06 -6.7213355778551934e-06 -0.00017172418527023321 -7.2419049224097033e-05 3.6647266091742333e-05 1.1705924305212588e-05 4.1192477878767868e-06 -1.7922856845132703e-06 0 -6.4527754289502658e-05 0 0 2.2123969544067699e-05 -3.1282290559574722e-05 8.4805673767953524e-05 0
leaf_weight=58 30 224 22 103 1289 27 28 412 504 104 136 46 123 45 241 542 62 25 47
leaf_count=58 30 224 22 103 1289 27 28 412 504 104 136 46 123 45 241 542 62 25 47
internal_value=0 -1.98798e-06 -7.13868e-05 0 -5.50226e-06 -6.00913e-05 1.26424e-05 2.14124e-05 0 3.68628e-06 0 -1.53207e-05 -3.60036e-05 -2.265e-05 6.72937e-06 1.29029e-05 0 4.09645e-05 0
internal_weight=4068 2684 52 2632 1923 130 709 636 1793 1384 1301 320 169 73 981 678 303 83 151
internal_count=4068 2684 52 2632 1923 130 709 636 1793 1384 1301 320 169 73 981 678 303 83 151
is_linear=0
shrinkage=0.03


Tree=208
num_leaves=29
num_cat=0
split_feature=23 30 29 31 25 31 26 31 29 29 29 33 3 29 34 26 36 30 34 28 23 23 23 26 23 26 21 0
split_gain=3.27684e-05 0.000234341 0.000454283 0.000299908 0.000261291 0.000219817 0.000244336 0.000127738 0.000107038 0.000140166 0.000123259 8.9459e-05 0.000197772 0.000272007 0.000355442 0.000209065 0.000221908 0.000192747 0.000181971 0.000310604 0.000146762 0.000223572 0.000145546 0.000136418 7.55772e-05 5.7314e-05 4.99629e-05 1.25868e-05
threshold=-0.73699131221007252 32.873527231833684 33.050682133432275 -0.0086398793826034642 0.1693246774301396 -0.0028671561685724707 1.1685485181168616 -0.0068969324168187121 46.922689621553438 34.029228135447617 63.311330144880792 1.0000000180025095e-35 85.02500152587892 56.852836055348853 0.016471645443034592 2.7608668648835741 0.0016592993624379839 46.199263699098687 -0.0080117405079568865 -330632447.49999994 1.1174823773471625 1.691788681540402 0.30862363626471284 1.5706815934085399 -0.91435205573120004 1.3676129879013701 87.459583218892433 50.922161102294929
decision_type=2 2 2 2 2 2 2 2 2 2 2 2 2 2 2 2 2 2 2 2 2 2 2 2 2 2 2 2
left_child=1 2 5 4 26 7 -7 -1 9 -5 -10 12 13 23 -15 16 -14 18 27 -20 22 -22 -19 -2 25 -4 -3 -13
right_child=11 3 24 8 -6 6 -8 -9 10 -11 -12 17 15 14 -16 -17 -18 20 19 -21 21 -23 -24 -25 -26 -27 -28 -29
leaf_value=0 -1.1337496564628554e-05 0.0001132652018194027 0 0 0 0 6.855464699732477e-05 -4.5264503655131611e-05 -3.5065774322028192e-05 6.1558777064773471e-05 0 -1.0914126215432842e-05 3.9299873943982162e-05 -7.2571788801603971e-05 0 -3.733809346048613e-05 0 -6.1696373635826582e-06 0 7.3405586675484688e-05 -4.3520964370800708e-05 0 1.6096895764267066e-05 1.2538022487549758e-05 0 -0.00013175345224396092 0 0
leaf_weight=109 859 60 30 39 24 60 86 63 92 58 117 95 237 148 61 33 66 547 207 115 178 66 426 192 21 31 22 26
leaf_count=109 859 60 30 39 24 60 86 63 92 58 117 95 237 148 61 33 66 547 207 115 178 66 426 192 21 31 22 26
internal_value=0 5.28784e-06 -5.61993e-06 2.31565e-05 6.802e-05 1.96615e-06 3.556e-05 -9.12189e-06 0 3.11172e-05 -3.32668e-06 -1.44344e-06 -7.06243e-06 -1.36021e-05 -4.6908e-05 8.53203e-06 2.34362e-05 2.15188e-06 1.998e-05 3.25211e-05 -1.87395e-06 -2.36144e-05 4.96844e-07 -4.12091e-06 -7.15465e-05 -8.93953e-05 9.40402e-05 0
internal_weight=4068 812 400 412 106 318 146 172 306 97 209 3256 1596 1260 209 336 303 1660 443 322 1217 244 973 1051 82 61 82 121
internal_count=4068 812 400 412 106 318 146 172 306 97 209 3256 1596 1260 209 336 303 1660 443 322 1217 244 973 1051 82 61 82 121
is_linear=0
shrinkage=0.03


Tree=209
num_leaves=31
num_cat=0
split_feature=28 28 34 24 31 31 31 0 28 28 21 32 27 35 21 35 33 27 0 21 31 21 27 36 22 36 33 31 36 25
split_gain=3.42667e-05 0.000199472 0.000322246 0.000511566 0.000390209 0.000132183 0.000400329 0.000430723 0.000246567 0.000247196 0.000141624 0.000122643 0.000143536 0.000198704 0.000275699 0.000126201 0.000207685 0.000323608 0.000114965 0.000114631 0.000428106 0.000106583 8.05114e-05 0.000179248 6.55001e-05 1.59838e-05 5.02262e-05 1.35438e-05 4.88901e-06 4.70456e-10
threshold=-2466429354.9999995 -655057180.49999988 -0.018127976248897722 -0.9947308691907063 0.012771859842646173 -0.0068969324168187121 -0.0053026999689233514 44.834480285644538 51482399.000000007 -265519586.99999997 78.285833422342947 -0.0028035103440476879 0.91725882192203845 0.023244527623317999 65.206249745686861 0.018181807124724659 -0.011292729220973794 0.67401190405589884 42.104167938232429 63.41541630427043 -0.0097656527757102301 52.695833206176765 1.0261850703942685 0.0074933934114211178 40.729367588198606 -0.00059412289213656882 -0.0048476135266692357 0.02363001238634144 0.0038945140168804861 -0.09420249817135827
decision_type=2 2 2 2 2 2 2 2 2 2 2 2 2 2 2 2 2 2 2 2 2 2 2 2 2 2 2 2 2 2
left_child=11 2 19 24 -5 8 7 -7 9 -3 -10 15 13 21 -15 25 29 -18 -8 20 -2 -13 23 -14 -4 26 -1 -24 -27 -17
right_child=1 5 3 4 -6 6 18 -9 10 -11 -12 12 22 14 -16 16 17 -19 -20 -21 -22 -23 27 -25 -26 28 -28 -29 -30 -31
leaf_value=1.8772030855452537e-05 0.00012912970218692242 0 4.8462455378904687e-05 -0.00010164113546635374 0 0 7.7676045708384722e-06 -0.0001623369355118334 0 3.885248898168104e-05 -5.2935490368283997e-05 -9.0387151106118091e-07 0 0.00010031406583990323 0 -7.5086289230848471e-08 -0.00012524286264876326 0 -8.0290419507217886e-06 -9.6012372137982598e-06 0 1.7628958665405511e-05 1.4873575094344425e-05 -7.8332985219211994e-05 0 -6.8381259735417808e-06 0 0 0 0
leaf_weight=169 29 205 25 125 29 93 908 29 25 339 57 160 48 65 23 75 38 22 755 35 38 389 55 38 24 94 67 20 46 43
leaf_count=169 29 205 25 125 29 93 908 29 25 339 57 160 48 65 23 75 38 22 755 35 38 389 55 38 24 94 67 20 46 43
internal_value=0 -2.03569e-06 -2.50061e-05 -4.8655e-05 -7.81523e-05 0 -3.25677e-06 -5.57305e-05 1.264e-05 2.30627e-05 -1.9909e-05 3.80584e-06 1.24688e-05 1.9938e-05 6.7966e-05 -3.25833e-06 -2.58992e-05 -7.13992e-05 0 0 3.85915e-05 6.7651e-06 0 -2.901e-05 0 0 7.80573e-06 0 0 0
internal_weight=4068 2716 305 203 154 2411 1785 122 626 544 82 1352 798 637 88 554 178 60 1663 102 67 549 161 86 49 376 236 75 140 118
internal_count=4068 2716 305 203 154 2411 1785 122 626 544 82 1352 798 637 88 554 178 60 1663 102 67 549 161 86 49 376 236 75 140 118
is_linear=0
shrinkage=0.03


Tree=210
num_leaves=26
num_cat=0
split_feature=33 21 33 26 34 34 24 0 5 22 33 34 33 33 30 26 26 35 33 25 5 25 34 36 26
split_gain=3.14895e-05 0.000215988 0.000172223 0.000276565 0.000257022 0.000258213 0.000194297 0.000184142 0.000182927 0.000211863 0.000158138 0.000249987 0.000147841 0.000277259 0.000189667 0.000147833 0.000141874 0.000105734 0.000105059 0.000103464 9.38311e-05 8.72796e-05 2.74025e-05 2.80826e-07 2.00805e-07
threshold=1.0000000180025095e-35 84.057499885559096 -0.002822112353908834 0.98848266258063233 -0.015284984090240648 0.016471645443034592 1.465376964556045 51.459938049316413 16378823.000000002 37.070690398006334 0.034665068101045755 0.044784454818976978 0.021543011165497176 0.0068089969556935923 49.977621902410512 1.2838866718552462 2.4243381586723811 0.010499004889335582 0.046076716949990056 0.081915833349221562 14377374.500000002 -0.30959294217998951 0.00077285627037382298 -0.0035315262270730154 0.80793779858730796
decision_type=2 2 2 2 2 2 2 2 2 2 2 2 2 2 2 2 2 2 2 2 2 2 2 2 2
left_child=2 10 6 24 -5 -6 8 -8 19 -10 17 18 13 23 -15 -13 20 22 -12 -1 -14 -19 -2 -3 -4
right_child=1 12 3 4 5 -7 7 -9 9 -11 11 15 16 14 -16 -17 -18 21 -20 -21 -22 -23 -24 -25 -26
leaf_value=1.550737114310684e-05 -1.8648385844935882e-05 0 0 0 -8.0548399015271875e-05 0 8.2101903613210602e-05 0 6.5630251747384939e-07 -2.2358956550632504e-05 0 0 0 0 -7.0664044944869047e-05 -7.9587547626786009e-05 -1.6096104294835175e-05 0 6.5409686127719687e-05 -1.0477309508127449e-07 5.6137234142041796e-05 2.0898426539757875e-05 2.8612568871271143e-06 1.6656384691092527e-06 2.071891340381194e-06
leaf_weight=562 65 42 23 49 136 38 50 24 319 632 51 24 21 89 126 59 39 58 22 209 64 986 247 91 42
leaf_count=562 65 42 23 49 136 38 50 24 319 632 51 24 21 89 126 59 39 58 22 209 64 986 247 91 42
internal_value=0 2.55363e-06 -2.71852e-06 -2.43202e-05 -4.33529e-05 -6.11319e-05 0 4.81763e-05 -1.29428e-06 -1.14853e-05 9.30594e-06 -1.02223e-05 -1.27195e-05 -2.45286e-05 -4.61925e-05 -5.38862e-05 0 1.37654e-05 0 7.38527e-06 3.7167e-05 1.83643e-05 0 0 0
internal_weight=4068 1984 2084 288 223 174 1796 74 1722 951 1512 156 472 348 215 83 124 1356 73 771 85 1044 312 133 65
internal_count=4068 1984 2084 288 223 174 1796 74 1722 951 1512 156 472 348 215 83 124 1356 73 771 85 1044 312 133 65
is_linear=0
shrinkage=0.03


Tree=211
num_leaves=21
num_cat=0
split_feature=28 21 23 5 32 32 32 29 27 31 27 33 26 27 30 36 27 33 0 25
split_gain=3.19753e-05 0.00025634 0.000672235 0.00017656 0.000432763 0.000221919 0.000130882 0.000142176 0.000290999 0.000155472 0.00012987 0.000115496 0.000104076 5.71313e-05 0.000214053 3.34902e-05 8.39735e-05 1.86176e-05 1.4593e-05 3.82127e-06
threshold=-2436328310.9999995 52.482916673024498 -0.88931470713896477 50171193.000000007 -0.041337854561385605 -0.0074626461056775941 0.0010045558930834588 47.983090807579153 0.65430557562392244 -0.0024106040629350285 0.91725882192203845 -0.0070967387809236495 0.83372148391980505 1.0261850703942685 74.915219768077876 -0.00059412289213656882 0.28918647948294629 -0.026137158047721761 49.112291336059577 0.24838928618968692
decision_type=2 2 2 2 2 2 2 2 2 2 2 2 2 2 2 2 2 2 2 2
left_child=6 2 -2 4 -3 -6 7 15 9 -9 11 -8 -13 14 -12 16 -1 -17 -15 -10
right_child=1 3 -4 -5 5 -7 10 8 19 -11 13 12 -14 18 -16 17 -18 -19 -20 -21
leaf_value=0 0 -0.00010620470172903473 -0.00016502667734829161 7.1174740268031979e-05 1.3062243350488811e-05 -6.0315623199522914e-06 0 -8.0304249748669142e-05 0 0 0 0 3.3610397603136814e-05 2.0458513216684384e-05 -7.8686512330078927e-05 0 3.0427410807311178e-05 -1.0074182428290693e-05 0 8.9327719414648788e-06
leaf_weight=198 21 35 31 30 792 1775 23 82 77 34 48 59 396 36 39 25 117 165 42 43
leaf_count=198 21 35 31 30 792 1775 23 82 77 34 48 59 396 36 39 25 117 165 42 43
internal_value=0 -2.0476e-06 -6.81479e-05 0 -1.57097e-06 0 3.55825e-06 -1.78383e-06 -2.32493e-05 -5.79226e-05 1.43787e-05 2.28599e-05 2.78817e-05 0 -2.38254e-05 2.31078e-06 1.02086e-05 0 5.02999e-06 0
internal_weight=4068 2684 52 2632 2602 2567 1384 741 236 116 643 478 455 165 87 505 315 190 78 120
internal_count=4068 2684 52 2632 2602 2567 1384 741 236 116 643 478 455 165 87 505 315 190 78 120
is_linear=0
shrinkage=0.03


Tree=212
num_leaves=26
num_cat=0
split_feature=0 0 26 34 25 29 35 0 26 28 0 27 27 26 34 36 33 21 33 27 5 21 22 34 4
split_gain=3.2238e-05 0.00018043 0.000162694 0.000165147 0.000107988 0.000352357 0.00049292 0.000268719 0.000136372 9.44032e-05 7.87296e-05 0.000142728 0.00018005 0.000100115 9.17191e-05 0.000301674 0.000166948 0.000198006 0.0001339 7.01658e-05 8.46785e-05 6.06464e-05 4.97193e-06 1.36673e-05 1.41951e-06
threshold=33.289602279663093 32.309312820434577 1.2063974796816201 -0.011275667794175324 0.053393769135436843 75.732949109695127 0.017869146459496429 31.06590557098389 1.3462362938406323 -236636849.49999997 36.042226791381843 0.70872803732825995 0.63467355012124982 1.5189237323086913 0.054622645858974146 0.0048887430697648103 0.029471082371687943 68.100000286102315 0.016324516942926252 0.85999761999328339 14989921.000000002 48.774583466847744 48.867957635583331 0.00063979810459036124 77.974998474121108
decision_type=2 2 2 2 2 2 2 2 2 2 2 2 2 2 2 2 2 2 2 2 2 2 2 2 2
left_child=1 4 22 -4 7 6 -6 9 -9 -1 11 12 13 -2 16 -16 18 -18 -12 20 -13 -21 23 -3 -5
right_child=10 2 3 24 5 -7 -8 8 -10 -11 14 19 -14 -15 15 -17 17 -19 -20 21 -22 -23 -24 -25 -26
leaf_value=6.536425194741701e-05 0 1.3569878590557493e-05 0 0.00012459518299385653 0 0 -0.00016887770688580502 0 -8.1600849611770007e-05 0 2.4188804715853119e-06 0 -0.00010182861463013828 -3.1350162316392833e-05 0 -7.8575755908393008e-05 0 5.4277353719778317e-05 -1.7113263390178219e-05 0 4.8153925887895926e-05 -3.2060949821952502e-05 0 0 0
leaf_weight=66 211 91 40 31 31 23 30 36 25 22 2472 20 34 104 36 56 45 114 362 22 60 53 36 28 20
leaf_count=66 211 91 40 31 31 23 30 36 25 22 2472 20 34 104 36 56 45 114 362 22 60 53 36 28 20
internal_value=0 7.16222e-06 2.75256e-05 6.04488e-05 -1.4699e-06 -3.40827e-05 -8.2396e-05 0 -2.69564e-05 4.73412e-05 -1.11194e-06 -1.22214e-05 -2.41587e-05 -6.22485e-06 0 -2.85104e-05 1.60227e-06 3.1507e-05 0 0 2.80781e-05 0 0 6.12954e-06 9.70724e-05
internal_weight=4068 479 246 91 233 84 61 149 61 88 3589 504 349 315 3085 92 2993 159 2834 155 80 75 155 119 51
internal_count=4068 479 246 91 233 84 61 149 61 88 3589 504 349 315 3085 92 2993 159 2834 155 80 75 155 119 51
is_linear=0
shrinkage=0.03


Tree=213
num_leaves=22
num_cat=0
split_feature=25 2 3 5 24 24 34 26 29 25 34 0 33 25 5 21 23 29 4 1 35
split_gain=3.19923e-05 0.000214555 0.000257593 0.000367329 0.000241199 0.000425343 0.000197613 0.000400836 0.000177515 0.000134547 0.000127449 0.0001516 0.000234831 0.000119951 0.000162439 0.000104922 9.90682e-05 2.0995e-05 1.46751e-05 5.86897e-05 2.93234e-05
threshold=-0.10343531268701765 50.850000381469734 51.625000000000007 28941038.500000004 -1.4794892035107499 -1.145903695405831 -0.014890874926138773 1.7393224377658834 29.665218639667145 -0.18156847347379537 -0.0010224835695099019 39.754680633544929 0.0051613283360186788 0.18431742644632845 19849371.500000004 84.476249885559099 0.30376875698082989 14.646831872917039 63.750000000000007 49.074998855590827 0.017869146459496429
decision_type=2 2 2 2 2 2 2 2 2 2 2 2 2 2 2 2 2 2 2 2 2
left_child=1 9 3 -3 8 -6 7 18 -4 17 11 12 -8 14 -12 -13 -15 -1 19 -2 -20
right_child=6 2 4 -5 5 -7 10 -9 -10 -11 13 15 -14 16 -16 -17 -18 -19 20 -21 -22
leaf_value=0 0 0 0.00010733070630772873 -0.00016721974550323049 -9.4088728071517962e-05 -2.2517688763660029e-06 -4.6722521335499975e-05 9.7899088757629453e-05 0 0 0 1.3661338914310538e-05 0 -1.522633514369181e-05 3.0863215441806098e-05 -2.3060488798117775e-05 1.592336569020642e-06 0.00010035603452213913 0 3.9140517907670913e-05 -2.5654075887318966e-05
leaf_weight=21 29 24 26 23 53 1151 206 57 36 43 609 195 38 403 274 109 530 25 133 43 40
leaf_count=21 29 24 26 23 53 1151 206 57 36 43 609 195 38 403 274 109 530 25 133 43 40
internal_value=0 -3.78977e-06 -8.74566e-06 -8.18232e-05 -3.65694e-06 -8.79339e-06 1.80182e-06 2.48469e-05 4.76341e-05 3.55812e-05 0 -1.36503e-05 -3.12623e-05 2.63163e-06 1.14063e-05 0 -2.45808e-06 7.12295e-05 0 1.35346e-05 0
internal_weight=4068 1402 1313 47 1266 1204 2666 302 62 89 2364 548 244 1816 883 304 933 46 245 72 173
internal_count=4068 1402 1313 47 1266 1204 2666 302 62 89 2364 548 244 1816 883 304 933 46 245 72 173
is_linear=0
shrinkage=0.03


Tree=214
num_leaves=28
num_cat=0
split_feature=0 0 26 19 25 30 0 26 25 35 25 5 24 23 30 0 35 31 36 0 5 5 0 30 30 22 27
split_gain=3.16187e-05 0.000173058 0.000155303 0.000117649 9.67678e-05 0.000649156 0.000253293 0.000128706 7.49781e-05 0.000144791 0.000461014 0.000481166 0.000182064 0.00030386 0.000258953 0.000175192 0.000105337 0.000379681 0.000251505 0.000227636 7.36742e-05 0.000144362 7.76672e-05 5.84519e-05 4.03769e-05 4.80103e-06 2.1798e-06
threshold=33.289602279663093 32.309312820434577 1.2063974796816201 78.085001373291036 0.053393769135436843 61.708509669868313 31.06590557098389 1.3462362938406323 -0.10343531268701765 0.01666668622921675 -0.29263540568212482 22211104.500000004 -0.069100992217158153 0.89902804415365989 32.873527231833684 73.953014373779311 0.016190681222785611 0.014717481996220807 -0.009011704855945107 38.922140121459968 9170300.5000000019 14694943.500000002 38.922140121459968 17.243050764830514 35.311936558677033 48.867957635583331 0.18339113547571498
decision_type=2 2 2 2 2 2 2 2 2 2 2 2 2 2 2 2 2 2 2 2 2 2 2 2 2 2 2
left_child=1 4 25 24 6 -6 23 -8 9 10 15 -12 14 -14 -11 -2 20 18 -18 -19 22 -22 -10 -1 -4 26 -3
right_child=8 2 3 -5 5 -7 7 -9 16 12 11 -13 13 -15 -16 -17 17 19 -20 -21 21 -23 -24 -25 -26 -27 -28
leaf_value=0 4.329562018471606e-05 0 0 0 -0.00013276339684591048 0 0 -7.8999520083740933e-05 0 -2.2011241704168988e-05 0 -0.00010566732695840167 -5.2369722488751517e-05 0 4.3654467197093288e-05 0 0 0 3.6279865547916329e-05 -4.2247440142952423e-05 -1.8054515256147418e-05 0 2.6847124923686039e-05 5.9335414723581371e-05 9.6034906037057008e-05 0 9.6050839222934788e-06
leaf_weight=20 232 51 20 21 38 46 36 25 25 158 354 51 232 73 82 41 248 74 448 152 565 728 126 68 50 36 68
leaf_count=20 232 51 20 21 38 46 36 25 25 158 354 51 232 73 82 41 248 74 448 152 565 728 126 68 50 36 68
internal_value=0 7.156e-06 2.70492e-05 5.9252e-05 -9.79753e-07 -3.22215e-05 0 -2.58447e-05 -1.04547e-06 -7.50607e-06 0 -1.84242e-05 -1.91175e-05 -3.44969e-05 0 3.18708e-05 1.02633e-06 9.78774e-06 2.28499e-05 -1.71631e-05 -2.49074e-06 -6.47878e-06 1.17858e-05 4.60903e-05 7.79295e-05 0 6.02327e-06
internal_weight=4068 479 246 91 233 84 149 61 3589 1223 678 405 545 305 240 273 2366 922 696 226 1444 1293 151 88 70 155 119
internal_count=4068 479 246 91 233 84 149 61 3589 1223 678 405 545 305 240 273 2366 922 696 226 1444 1293 151 88 70 155 119
is_linear=0
shrinkage=0.03


Tree=215
num_leaves=25
num_cat=0
split_feature=0 0 26 34 25 30 0 26 28 0 30 25 33 36 30 0 32 35 27 34 33 33 22 34
split_gain=3.01533e-05 0.00016435 0.000146304 0.000151467 8.639e-05 0.000615706 0.000237741 0.000121799 8.99429e-05 7.28616e-05 0.000217005 0.000345385 9.66192e-05 8.44399e-05 0.000321791 0.000319247 0.000162007 0.000183659 9.40311e-05 7.82688e-05 5.33017e-05 0.000140508 4.54234e-06 1.34763e-05
threshold=33.289602279663093 32.309312820434577 1.2063974796816201 -0.011275667794175324 0.053393769135436843 61.708509669868313 31.06590557098389 1.3462362938406323 -236636849.49999997 35.812461853027351 27.799037100116667 -0.3371214540386116 -0.014818889510339437 0.0086628336115164746 78.710137979381855 45.863304138183601 0.015502651759230159 0.012665069312690279 0.55656125524239897 -0.037824926313589739 -0.023381119960146798 0.003828535351228957 48.867957635583331 0.00063979810459036124
decision_type=2 2 2 2 2 2 2 2 2 2 2 2 2 2 2 2 2 2 2 2 2 2 2 2
left_child=1 4 22 -4 6 -6 8 -8 -1 10 11 -2 -13 16 18 -16 19 -18 -15 -11 -12 -22 23 -3
right_child=9 2 3 -5 5 -7 7 -9 -10 13 20 12 -14 14 15 -17 17 -19 -20 -21 21 -23 -24 -25
leaf_value=6.2367484476898115e-05 0 1.3342056313591458e-05 0 9.272054385366747e-05 -0.00012879094522351059 0 0 -7.6638978495333513e-05 0 2.0294065926901595e-05 3.4722432289620696e-05 0 -0.00015930125464406932 -1.6549388756669197e-05 0 -0.00011569221989065556 0 4.6229406147570498e-05 1.0877497686722789e-05 -9.7213102480729595e-07 -3.0905536439144925e-05 0 0 0
leaf_weight=66 46 91 40 51 38 46 36 25 22 166 32 24 26 184 44 47 80 156 289 2152 142 201 36 28
leaf_count=66 46 91 40 51 38 46 36 25 22 166 32 24 26 184 44 47 80 156 289 2152 142 201 36 28
internal_value=0 7.00135e-06 2.63843e-05 5.76708e-05 -5.95558e-07 -3.04219e-05 0 -2.4875e-05 4.47164e-05 -1.00887e-06 -1.21223e-05 -5.24661e-05 -0.000107166 0 -9.73723e-06 -6.1369e-05 2.96882e-06 2.67003e-05 0 0 0 -5.19798e-06 0 5.85875e-06
internal_weight=4068 479 246 91 233 84 149 61 88 3589 471 96 50 3118 564 91 2554 236 473 2318 375 343 155 119
internal_count=4068 479 246 91 233 84 149 61 88 3589 471 96 50 3118 564 91 2554 236 473 2318 375 343 155 119
is_linear=0
shrinkage=0.03


Tree=216
num_leaves=17
num_cat=0
split_feature=28 21 23 5 5 30 31 19 31 26 36 36 21 30 5 26
split_gain=2.97236e-05 0.000234489 0.000618159 0.000162928 0.000137727 0.000876614 0.000172948 0.000125914 0.000111038 0.000144611 0.000305577 6.9041e-05 0.000157748 9.20542e-05 3.78308e-05 4.92777e-09
threshold=-2436328310.9999995 52.482916673024498 -0.88931470713896477 50171193.000000007 34923481.500000007 34.202959913868121 -0.0068969324168187121 47.860000228881844 -0.0057914312068322307 1.1421370106607402 -0.015117155260647571 0.0070644757994521501 51.091666634877534 76.014397988110986 26534622.500000004 1.0431977838999724
decision_type=2 2 2 2 2 2 2 2 2 2 2 2 2 2 2 2
left_child=7 2 -2 4 6 -6 -3 14 9 15 -11 12 -10 -13 -1 -9
right_child=1 3 -4 -5 5 -7 -8 8 11 10 -12 13 -14 -15 -16 -17
leaf_value=0 0 1.3055946894093326e-05 -0.00015806935318645352 6.8486407497801827e-05 -0.00017467206558274516 0 -4.8285275900071811e-06 0 -1.618178584542337e-06 0 -6.1647069606317957e-05 0 2.108617876022455e-05 -3.9499884459458413e-05 8.0941347514308857e-05 2.6941762015519696e-07
leaf_weight=58 21 660 31 30 30 62 1850 90 136 46 123 250 542 53 25 61
leaf_count=58 21 660 31 30 30 62 1850 90 136 46 123 250 542 53 25 61
internal_value=0 -1.89896e-06 -6.50881e-05 0 -1.44781e-06 -3.74845e-05 0 3.51206e-06 0 -1.39906e-05 -3.37666e-05 6.16415e-06 1.21082e-05 0 3.96123e-05 0
internal_weight=4068 2684 52 2632 2602 92 2510 1384 1301 320 169 981 678 303 83 151
internal_count=4068 2684 52 2632 2602 92 2510 1384 1301 320 169 981 678 303 83 151
is_linear=0
shrinkage=0.03


Tree=217
num_leaves=26
num_cat=0
split_feature=35 28 28 26 0 35 36 26 22 5 0 5 24 26 0 0 36 19 23 36 5 36 28 1 36
split_gain=3.03582e-05 0.00036901 0.000513753 0.000520827 0.000363737 0.000339769 0.000241802 0.000240161 0.000142252 0.000204389 7.70389e-05 0.000227348 0.000373326 0.000274548 0.000178661 0.000146431 0.000157314 0.000126802 0.000126728 6.34814e-05 0.000134005 0.000101088 5.465e-05 3.33732e-05 2.7744e-05
threshold=0.024163225849861681 -2857359586.4999995 -611367842.49999988 1.9846724747307956 47.445304870605476 0.036732541135915224 -0.015117155260647571 1.4259458751776106 68.280663217821811 25180375.000000004 48.458337783813484 22521576.000000004 0.98422511880890517 1.6350129823366062 50.337730407714851 44.703519821166999 -0.0041999533281893318 95.125000000000014 0.87413570849230038 0.0086628336115164746 18368764.000000004 0.00063876387614499746 -453582694.99999994 54.774999618530281 -0.012349328045924675
decision_type=2 2 2 2 2 2 2 2 2 2 2 2 2 2 2 2 2 2 2 2 2 2 2 2 2
left_child=10 8 3 7 6 -6 -4 -3 9 -2 11 15 13 -13 17 16 -1 -12 -17 21 -21 -16 -14 -5 -11
right_child=1 2 4 23 5 -7 -8 -9 -10 24 14 12 22 -15 19 18 -18 -19 -20 20 -22 -23 -24 -25 -26
leaf_value=1.8192996930741601e-05 0 0 0 3.5303011225030221e-05 0 -0.00011871684195029462 7.0943282880250936e-05 -0.00011857527216259195 0 0 0 0 0 -6.8739934541617466e-05 0 -2.7083527463330193e-05 0 8.197937429990289e-05 0 -5.0768145158002262e-05 0 1.8338874533668149e-05 -0.00012632957795858019 0 0.00011106749961758405
leaf_weight=512 20 66 77 24 73 22 128 74 20 25 58 429 21 56 428 297 1063 44 73 65 64 300 39 34 56
leaf_count=512 20 66 77 24 73 22 128 74 20 25 58 429 21 56 428 297 1063 44 73 65 64 300 39 34 56
internal_value=0 6.09427e-06 0 -4.24492e-05 1.87421e-05 -7.72751e-06 4.56332e-05 -7.67705e-05 5.41508e-05 6.91283e-05 -1.12031e-06 -4.57858e-06 -2.17056e-05 -6.08963e-06 4.73056e-06 0 4.20981e-06 4.22503e-05 -1.6753e-05 0 -1.91177e-05 3.6965e-06 -9.77976e-05 0 9.0694e-05
internal_weight=4068 619 498 198 300 95 205 140 121 101 3449 2490 545 485 959 1945 1575 102 370 857 129 728 60 58 81
internal_count=4068 619 498 198 300 95 205 140 121 101 3449 2490 545 485 959 1945 1575 102 370 857 129 728 60 58 81
is_linear=0
shrinkage=0.03


Tree=218
num_leaves=24
num_cat=0
split_feature=29 29 29 32 0 36 0 32 2 0 4 5 3 31 36 32 36 25 28 23 36 5 32
split_gain=2.93021e-05 0.000106953 0.000241433 0.000252473 0.00023281 0.000193211 0.000188494 0.000333019 0.000144361 0.000130422 0.000212296 0.000283053 8.48025e-05 0.000349516 0.000122393 7.96904e-05 6.31818e-05 8.64008e-05 0.000158629 8.1241e-05 4.51503e-05 3.92568e-05 1.25152e-09
threshold=19.523786687300507 38.673466923108741 45.74391410736385 -0.0091617064312406443 37.729421615600593 -0.012814751845059943 38.459785461425788 -0.015297477044396544 78.224998474121108 39.095605850219734 50.975000381469734 20239842.000000004 88.950000762939467 -0.0080785174891121452 0.0065952302723694643 0.0021378893799217651 -0.0021421277701848007 -0.13593295403883923 -213523243.99999997 -0.19534486386531566 -0.010657615072921317 24921015.000000004 -0.02242475580773173
decision_type=2 2 2 2 2 2 2 2 2 2 2 2 2 2 2 2 2 2 2 2 2 2 2
left_child=15 9 3 5 -5 -3 7 -4 -8 10 21 -12 14 -14 -11 16 19 18 -18 22 -21 -2 -1
right_child=1 2 6 4 -6 -7 8 -9 -10 12 11 -13 13 -15 -16 -17 17 -19 -20 20 -22 -23 -24
leaf_value=0 -2.2577484528977084e-06 0 -4.8645093280188789e-05 -3.1871405332745138e-05 2.8057142154820571e-05 9.256505919313613e-05 -1.9985990466693579e-05 1.9897391877119709e-05 0 0 0 -7.746960015203652e-05 0 -7.2338843331818764e-05 3.6887258698430822e-05 4.0887307969924556e-05 -4.7879086114084268e-05 0 0 0 4.3577462041678402e-05 2.8140745059385903e-05 -8.5494573513470299e-08
leaf_weight=55 80 22 52 79 164 72 588 618 917 383 134 110 33 73 87 56 105 62 53 48 79 44 154
leaf_count=55 80 22 52 79 164 72 588 618 917 383 134 110 33 73 87 56 105 62 53 48 79 44 154
internal_value=0 -1.11631e-06 1.09068e-06 2.53518e-05 0 6.86815e-05 -1.29014e-06 1.00943e-05 -8.35184e-06 -1.01663e-05 -2.41653e-05 -4.07841e-05 0 -2.53089e-05 4.21724e-06 6.004e-06 0 -9.62857e-06 -2.49181e-05 1.04151e-05 2.93619e-05 0 0
internal_weight=4068 3456 2512 337 243 94 2175 670 1505 944 368 244 576 106 470 612 556 220 158 336 127 124 209
internal_count=4068 3456 2512 337 243 94 2175 670 1505 944 368 244 576 106 470 612 556 220 158 336 127 124 209
is_linear=0
shrinkage=0.03


Tree=219
num_leaves=24
num_cat=0
split_feature=35 28 28 20 28 0 35 25 26 22 0 1 31 30 31 0 30 28 19 26 31 20 28
split_gain=2.95405e-05 0.000348369 0.000484809 0.000503262 0.000658356 0.000344308 0.000317703 0.000278378 0.000161048 0.000135538 7.47214e-05 0.000213714 0.000389457 0.000213578 0.000193055 0.000170886 0.000141044 0.000131299 0.000118556 4.89886e-05 0.000127046 5.74299e-05 1.10117e-05
threshold=0.024163225849861681 -2857359586.4999995 -611367842.49999988 59.026249694824223 -2540887151.4999995 47.445304870605476 0.036732541135915224 -0.071457089537293253 1.3079878046590259 68.280663217821811 48.458337783813484 88.224998474121108 -0.0016025712301477311 82.227973184388233 0.0030525042754769864 50.337730407714851 29.514213996756663 9040197.0000000019 95.125000000000014 1.1917532564334381 -0.00064955734196636683 78.842500114440938 -155693167.99999997
decision_type=2 2 2 2 2 2 2 2 2 2 2 2 2 2 2 2 2 2 2 2 2 2 2
left_child=10 9 3 7 -5 8 -7 -3 -4 -2 11 13 16 14 -1 18 -13 -15 -12 21 -21 -17 -14
right_child=1 2 5 4 -6 6 -8 -9 -10 -11 15 12 22 17 -16 19 -18 -19 -20 20 -22 -23 -24
leaf_value=0 6.7294198464776172e-05 8.2796398819094013e-05 0 0 -0.00022575643060924791 0 -0.00011458226535492996 -2.6397785585413983e-05 5.642985637388037e-05 0 0 0 -1.543868505326028e-05 4.2181235833365032e-05 -1.7718904361266391e-05 1.7721470178049918e-05 -0.00010359211459214767 0 7.9823435056712279e-05 -2.9285850805044867e-05 0 0 7.2186783427700932e-06
leaf_weight=1426 101 28 32 60 27 73 22 83 173 20 58 22 22 151 688 229 67 25 44 161 203 264 89
leaf_count=1426 101 28 32 60 27 73 22 83 173 20 58 22 22 151 688 229 67 25 44 161 203 264 89
internal_value=0 6.00389e-06 0 -4.11668e-05 -9.51557e-05 1.83097e-05 -6.66133e-06 0 4.45063e-05 5.26623e-05 -1.11265e-06 -4.52655e-06 -3.4821e-05 -5.69351e-07 -4.47235e-06 4.623e-06 -8.159e-05 2.92512e-05 4.13171e-05 0 -8.08967e-06 6.41024e-06 0
internal_weight=4068 619 498 198 87 300 95 111 205 121 3449 2490 200 2290 2114 959 89 176 102 857 364 493 111
internal_count=4068 619 498 198 87 300 95 111 205 121 3449 2490 200 2290 2114 959 89 176 102 857 364 493 111
is_linear=0
shrinkage=0.03


Tree=220
num_leaves=22
num_cat=0
split_feature=23 30 29 35 35 32 32 23 31 26 26 26 19 35 5 24 31 26 30 29 31
split_gain=3.10274e-05 0.000155864 0.000268613 0.000519029 0.000243784 0.000422861 0.000180568 0.000126858 0.000105575 0.000375577 0.000254287 0.000212608 0.000247603 0.000198679 0.000175894 0.000103567 9.73981e-05 9.32333e-05 2.32425e-05 0.000116188 5.67629e-05
threshold=-0.5605283133619422 33.666759040840724 32.443847231205211 0.019067098436459474 0.020710039191842788 0.016745234604434781 -0.0012642519379540971 -0.55118049495346699 -0.017018872043584207 1.6123652999936402 2.1871330282230335 1.2559761383839154 78.085001373291036 0.015451879117490871 26047914.500000004 -0.65472019711072782 -0.0028671561685724707 2.5691536236133112 65.402386969617439 52.640364732587649 -0.0036386071474359678
decision_type=2 2 2 2 2 2 2 2 2 2 2 2 2 2 2 2 2 2 2 2 2
left_child=1 2 6 -4 18 17 15 -2 9 14 -11 13 -13 -10 -9 -1 -8 -6 19 -3 -20
right_child=7 4 3 -5 5 -7 16 8 11 10 -12 12 -14 -15 -16 -17 -18 -19 20 -21 -22
leaf_value=-2.374186579855456e-05 -6.1595335910934507e-05 9.4001196448455613e-06 0 -0.00012551147500548652 0.00011634033262602542 0 0 0 -2.9156585021847017e-07 8.9761722900064079e-05 0 -2.7115602883051418e-05 0 2.2195065067557279e-05 -6.6220669792337017e-05 2.5695741124241988e-06 4.9129021830416635e-05 0 0 -2.4561873354074872e-05 3.2280615548639969e-05
leaf_weight=166 32 179 78 45 62 37 26 53 1034 80 30 554 755 410 36 129 104 21 21 147 69
leaf_count=166 32 179 78 45 62 37 26 53 1034 80 30 554 755 410 36 129 104 21 21 147 69
internal_value=0 4.3283e-06 -2.6845e-06 -4.44609e-05 1.70932e-05 5.59561e-05 2.35653e-06 -1.59744e-06 0 1.98565e-05 6.1507e-05 -2.44929e-06 -1.18737e-05 4.01682e-06 0 -2.07317e-06 3.54616e-05 9.54197e-05 0 0 1.5237e-05
internal_weight=4068 1084 548 123 536 120 425 2984 2952 199 110 2753 1309 1444 89 295 130 83 416 326 90
internal_count=4068 1084 548 123 536 120 425 2984 2952 199 110 2753 1309 1444 89 295 130 83 416 326 90
is_linear=0
shrinkage=0.03


Tree=221
num_leaves=23
num_cat=0
split_feature=29 22 22 22 22 5 27 30 33 29 23 27 0 5 26 23 5 33 29 33 28 0
split_gain=3.00335e-05 0.000105472 0.000352037 0.000241887 0.000342256 0.000242843 0.000226151 0.000316095 0.000166658 0.000328967 0.00015499 0.000142658 0.000188716 0.000121933 8.05447e-05 7.46199e-05 0.000197194 0.000123124 7.6291e-05 6.66582e-05 5.60289e-05 4.50808e-05
threshold=19.523786687300507 52.477616201891443 51.061238018365934 54.994491562474956 56.543894486114944 15529853.000000002 0.42418222942235057 61.708509669868313 -0.022559802315628649 34.029228135447617 0.65818379966701823 0.87765459774377919 45.863304138183601 21772231.500000004 2.1182806291976832 -1.3907624928643185 16507369.000000002 -0.036555006943202954 12.959018585659747 -0.029474209212520138 27830660.500000004 41.653602600097663
decision_type=2 2 2 2 2 2 2 2 2 2 2 2 2 2 2 2 2 2 2 2 2 2
left_child=14 2 8 11 5 -5 -4 -8 9 -2 -6 12 -3 -10 15 16 -1 21 -18 -19 -16 -17
right_child=1 3 6 4 10 -7 7 -9 13 -11 -12 -13 -14 -15 20 17 18 19 -20 -21 -22 -23
leaf_value=0 -6.2272671770832811e-05 5.2523179897926795e-05 0 0 1.9428991647472214e-05 -7.0182131150237859e-05 -0.00011490831423731975 0 7.2561766097260676e-06 0 -1.1064662600290805e-06 0 0 -1.2727788134859794e-05 8.5152143581228233e-05 5.9860017031135474e-05 -0.00011180188850040074 -2.982214601865095e-05 0 5.4125102328988986e-06 0 0
leaf_weight=22 115 193 25 84 404 104 67 60 1121 81 752 20 112 318 20 49 23 55 25 375 20 23
leaf_count=22 115 193 25 84 404 104 67 60 1121 81 752 20 112 318 20 49 23 55 25 375 20 23
internal_value=0 -1.10285e-06 -6.78329e-06 3.18188e-06 -3.12331e-07 -3.95475e-05 -5.11512e-05 -6.8793e-05 -8.20945e-07 -2.76824e-05 3.47641e-06 2.68554e-05 3.44863e-05 7.5477e-07 6.10674e-06 0 -2.46533e-05 6.9928e-06 -6.76423e-05 0 4.87543e-05 4.33294e-05
internal_weight=4068 3456 1787 1669 1344 188 152 127 1635 196 1156 325 305 1439 612 572 70 502 48 430 40 72
internal_count=4068 3456 1787 1669 1344 188 152 127 1635 196 1156 325 305 1439 612 572 70 502 48 430 40 72
is_linear=0
shrinkage=0.03


Tree=222
num_leaves=27
num_cat=0
split_feature=23 30 30 26 31 27 5 24 19 22 5 30 27 22 22 28 26 23 27 31 35 30 31 26 21 26
split_gain=3.12396e-05 0.000207067 0.000280788 0.000422972 0.000266848 0.000326649 0.00022493 0.00028958 0.000202638 0.000105468 0.000245192 0.000663797 0.000201171 0.000151529 0.000260298 0.00015898 0.000199911 0.000154353 0.000129959 8.76555e-05 8.08949e-05 4.62646e-05 6.76693e-05 3.49075e-05 2.90702e-05 1.70325e-05
threshold=-0.73699131221007252 32.873527231833684 25.473522942311796 1.52563540664963 -0.0086398793826034642 0.30335999599657099 19132886.500000004 -1.1672685771676643 87.925000762939462 52.477616201891443 33218095.500000004 21.686985874291448 0.63844595335078091 54.994491562474956 56.543894486114944 -3074559906.4999995 1.7140806437440521 0.65818379966701823 0.58275058487884557 -0.0040701220326175283 0.01666668622921675 39.515379556776985 0.0037136942953097667 1.3363662724406165 87.459583218892433 1.2512557079143887
decision_type=2 2 2 2 2 2 2 2 2 2 2 2 2 2 2 2 2 2 2 2 2 2 2 2 2 2
left_child=1 2 6 -4 5 24 8 -8 -1 10 12 -12 19 15 18 -11 -17 -16 -15 -2 -14 22 -6 -23 -3 -13
right_child=9 4 3 -5 21 -7 7 -9 -10 13 11 25 20 14 17 16 -18 -19 -20 -21 -22 23 -24 -25 -26 -27
leaf_value=-4.1667451957885816e-05 9.3602339127643244e-06 0.00011540878682904761 0 -0.00012789247493209588 0 0 0 7.0309682647891483e-05 1.0810199604889781e-05 0 0 0 -5.8242519660617301e-05 0 1.9381718926399999e-05 4.4302905907852643e-05 0 -1.173822871671595e-06 -4.6837610391219698e-05 -5.85005685761444e-06 0 -1.5306149627405903e-05 5.4836596874042224e-05 0 0 -0.00013249773324570919
leaf_weight=112 596 57 83 39 28 25 52 91 23 24 27 20 77 35 402 240 69 756 154 779 25 134 34 110 24 52
leaf_count=112 596 57 83 39 28 25 52 91 23 24 27 20 77 35 402 240 69 756 154 779 25 134 34 110 24 52
internal_value=0 5.23426e-06 -4.58057e-06 -4.60445e-05 2.20418e-05 6.44251e-05 2.83836e-06 3.6412e-05 -1.05197e-05 -1.34223e-06 -7.51072e-06 -5.51946e-05 -2.28005e-06 2.65889e-06 0 2.10968e-05 3.07007e-05 3.37265e-06 -3.41935e-05 0 -4.29943e-05 0 2.5894e-05 0 9.51579e-05 -0.000111684
internal_weight=4068 812 400 122 412 106 278 143 135 3256 1576 99 1477 1680 1347 333 309 1158 189 1375 102 306 62 244 81 72
internal_count=4068 812 400 122 412 106 278 143 135 3256 1576 99 1477 1680 1347 333 309 1158 189 1375 102 306 62 244 81 72
is_linear=0
shrinkage=0.03


Tree=223
num_leaves=26
num_cat=0
split_feature=29 29 31 30 25 25 0 0 24 30 26 23 30 0 24 1 25 25 25 29 0 23 30 24 24
split_gain=3.05337e-05 0.00037103 0.000308411 0.000337385 0.000407128 0.000163198 0.000188682 0.000146213 0.000208133 0.000258984 0.000124531 0.000245927 0.000123073 0.000112165 0.000116805 0.000109798 0.000429118 0.000562164 9.20712e-05 0.000301215 8.25976e-05 0.000180519 4.92223e-05 3.59744e-06 2.08475e-06
threshold=56.852836055348853 60.533135584348337 0.010580657137404416 71.236080986564318 0.16584984351859747 0.021806424827055585 35.249132156372077 39.947271347045906 0.5982904001121877 78.09473304195383 1.1793206169297694 1.2950778718286993 64.728233466207726 54.281652450561531 -1.1289033984021082 95.375000000000014 -0.32169535286634249 -0.13230151729945985 0.094356099131835555 36.464130888510802 30.239558219909672 -2.0005125841551457 78.710137979381855 0.5876121396564743 -0.37687152033294785
decision_type=2 2 2 2 2 2 2 2 2 2 2 2 2 2 2 2 2 2 2 2 2 2 2 2 2
left_child=5 2 3 4 -2 15 18 8 9 -3 22 -12 -10 14 -8 20 23 -18 24 -20 -1 -22 -9 -17 -7
right_child=1 7 -4 -5 -6 6 13 10 12 -11 11 -13 -14 -15 -16 16 17 -19 19 -21 21 -23 -24 -25 -26
leaf_value=5.3361353712643478e-05 -1.4084247415776951e-05 0 0 0 -0.00021752367872655444 0 0 1.443700984098035e-05 0 5.6563879205349177e-05 -2.9535192163660897e-05 2.1195350610932145e-06 -3.500002581487864e-05 0 3.9363131366978055e-05 1.2103811942032484e-05 -0.00021691413543857986 0 -9.7505635791520935e-05 0 -6.6179307387900755e-05 0 0 0 9.5513019549641205e-06
leaf_weight=26 81 298 29 23 27 20 54 217 32 161 417 149 94 77 343 22 21 20 37 60 37 1627 135 27 34
leaf_count=26 81 298 29 23 27 20 54 217 32 161 417 149 94 77 343 22 21 20 37 60 37 1627 135 27 34
internal_value=0 -3.17897e-06 -4.68051e-05 -6.92283e-05 -9.28504e-05 2.10661e-06 1.57839e-05 0 1.3043e-05 2.47993e-05 -5.90884e-06 -1.59037e-05 -5.97864e-06 2.62042e-05 3.27723e-05 -1.01112e-06 -3.34209e-05 -0.000108836 0 -2.89944e-05 0 -1.09002e-07 1.64216e-06 0 4.77707e-06
internal_weight=4068 1663 160 131 108 2405 625 1503 585 459 918 566 126 474 397 1780 90 41 151 97 1690 1664 352 49 54
internal_count=4068 1663 160 131 108 2405 625 1503 585 459 918 566 126 474 397 1780 90 41 151 97 1690 1664 352 49 54
is_linear=0
shrinkage=0.03


Tree=224
num_leaves=27
num_cat=0
split_feature=23 30 29 35 26 28 31 5 24 1 22 5 29 27 36 26 22 22 32 28 26 23 36 30 27 29
split_gain=3.1227e-05 0.000199412 0.000388082 0.000584329 0.000257209 0.000456022 0.00019717 0.000260163 0.00016163 0.000119118 9.93261e-05 0.000221865 0.000835888 0.000188875 0.000306472 0.000169848 0.000137881 0.000243817 0.000193003 0.000152067 0.000189016 0.000142529 9.5413e-05 3.12077e-05 9.80747e-05 1.26586e-05
threshold=-0.73699131221007252 32.873527231833684 33.050682133432275 0.019067098436459474 1.3245229345535405 -233860609.99999997 -0.0028671561685724707 17395587.500000004 -0.65472019711072782 80.02500152587892 52.477616201891443 33218095.500000004 17.809419204051995 0.63844595335078091 0.0061133309836524886 1.311051052087298 54.994491562474956 56.543894486114944 -0.0054570015738571445 -3074559906.4999995 1.7140806437440521 0.65818379966701823 0.0017916107722901363 39.515379556776985 0.23718979399006168 37.865434759218779
decision_type=2 2 2 2 2 2 2 2 2 2 2 2 2 2 2 2 2 2 2 2 2 2 2 2 2 2
left_child=1 2 6 -4 23 9 8 -8 -1 -6 11 13 -13 22 -15 -14 19 18 -18 -12 -21 -19 -2 25 -25 -3
right_child=10 4 3 -5 5 -7 7 -9 -10 -11 16 12 15 14 -16 -17 17 21 -20 20 -22 -23 -24 24 -26 -27
leaf_value=-3.4399161819596955e-05 5.768559315429029e-06 0 0 -0.00016071681210107534 0.00011136237218317151 0 0 7.0554726678850004e-05 4.7696423243992259e-06 0 0 6.3186093414143489e-06 0 -7.4298332357267547e-05 0 -0.00015833455894237301 0 1.8653566016426904e-05 -5.0036875116319105e-05 4.2889108549754311e-05 0 -9.5524136934442246e-07 -1.1512355979348737e-05 0 -2.8673626515301842e-05 3.5179260590681761e-05
leaf_weight=130 971 21 48 34 76 107 65 81 42 20 24 30 22 82 20 47 37 402 152 240 69 756 404 45 119 24
leaf_count=130 971 21 48 34 76 107 65 81 42 20 24 30 22 82 20 47 37 402 152 240 69 756 404 45 119 24
internal_value=0 5.24701e-06 -4.23676e-06 -6.57481e-05 2.17331e-05 4.58056e-05 2.20934e-06 3.40679e-05 -7.40575e-06 9.33008e-05 -1.32845e-06 -7.32425e-06 -5.28529e-05 -2.23818e-06 -4.1682e-05 -0.000121967 2.51068e-06 0 -3.30943e-05 2.0108e-05 2.96395e-05 3.26253e-06 0 0 -7.67007e-06 2.02166e-05
internal_weight=4068 812 400 82 412 203 318 146 172 96 3256 1576 99 1477 102 69 1680 1347 189 333 309 1158 1375 209 164 45
internal_count=4068 812 400 82 412 203 318 146 172 96 3256 1576 99 1477 102 69 1680 1347 189 333 309 1158 1375 209 164 45
is_linear=0
shrinkage=0.03


Tree=225
num_leaves=26
num_cat=0
split_feature=23 30 29 35 31 27 31 5 24 22 5 29 27 36 26 22 22 32 28 26 23 29 29 29 36
split_gain=3.03187e-05 0.00019051 0.000365383 0.000550245 0.000243057 0.000311237 0.000182617 0.000246441 0.000153468 9.20976e-05 0.000202048 0.000801124 0.000173058 0.000293313 0.00015218 0.000125931 0.000225909 0.000184487 0.000145551 0.000180022 0.000134732 9.0075e-05 0.000126431 0.000116079 9.00547e-05
threshold=-0.73699131221007252 32.873527231833684 33.050682133432275 0.019067098436459474 -0.0086398793826034642 0.30335999599657099 -0.0028671561685724707 17395587.500000004 -0.65472019711072782 52.477616201891443 33218095.500000004 17.809419204051995 0.63844595335078091 0.0061133309836524886 1.311051052087298 54.994491562474956 56.543894486114944 -0.0054570015738571445 -3074559906.4999995 1.7140806437440521 0.65818379966701823 46.922689621553438 34.029228135447617 63.311330144880792 0.0029293791061874102
decision_type=2 2 2 2 2 2 2 2 2 2 2 2 2 2 2 2 2 2 2 2 2 2 2 2 2
left_child=1 2 6 -4 5 -3 8 -8 -1 10 12 -12 24 -14 -13 18 17 -17 -11 -20 -18 22 -6 -23 -2
right_child=9 4 3 -5 21 -7 7 -9 -10 15 11 14 13 -15 -16 16 20 -19 19 -21 -22 23 -24 -25 -26
leaf_value=-3.3367980906627443e-05 5.0364724387544439e-06 9.1964389843052035e-05 0 -0.00015590944733608772 0 0 0 6.8440693889588978e-05 4.6268934903847728e-06 0 6.1296826678158374e-06 0 -7.2072097375403622e-05 0 -0.00015359460712102046 0 1.8094098386054295e-05 -4.8536755481437423e-05 4.1602971211024342e-05 0 -9.2658723791147037e-07 -3.3921938370484766e-05 5.7687416877886092e-05 0 -1.2724426626885794e-05
leaf_weight=130 1037 81 48 34 39 25 65 81 42 24 30 22 82 20 47 37 402 152 240 69 756 92 58 117 338
leaf_count=130 1037 81 48 34 39 25 65 81 42 24 30 22 82 20 47 37 402 152 240 69 756 92 58 117 338
internal_value=0 5.17776e-06 -3.93526e-06 -6.37514e-05 2.13039e-05 6.18431e-05 2.07322e-06 3.28944e-05 -6.66114e-06 -1.30145e-06 -7.08833e-06 -5.06575e-05 -2.13375e-06 -3.98918e-05 -0.000118736 2.34168e-06 0 -3.18877e-05 1.9181e-05 2.86404e-05 3.08699e-06 0 2.86243e-05 -2.68586e-06 0
internal_weight=4068 812 400 82 412 106 318 146 172 3256 1576 99 1477 102 69 1680 1347 189 333 309 1158 306 97 209 1375
internal_count=4068 812 400 82 412 106 318 146 172 3256 1576 99 1477 102 69 1680 1347 189 333 309 1158 306 97 209 1375
is_linear=0
shrinkage=0.03


Tree=226
num_leaves=24
num_cat=0
split_feature=0 0 24 28 20 0 30 1 21 30 5 5 30 28 34 0 30 36 34 33 33 0 33
split_gain=2.96319e-05 0.000153808 0.000123459 0.000138335 0.000117984 6.93954e-05 0.000188121 0.000147466 0.000352862 7.33912e-05 0.000469734 0.000228346 0.000365276 0.000159096 0.000109783 0.000106635 5.76018e-05 0.000205048 0.000248823 4.74822e-05 0.000125987 1.37484e-05 1.06606e-05
threshold=33.289602279663093 32.309312820434577 0.60769561206818801 -3006855016.9999995 77.064999961853047 35.812461853027351 27.799037100116667 54.299999237060554 75.977083396911638 28.639544043069389 27700134.500000004 19906426.500000004 35.076005477476109 -2747265269.4999995 -0.021452295876994983 45.863304138183601 21.686985874291448 0.0042720133600705583 0.016992020744388329 -0.023381119960146798 0.003828535351228957 31.204001426696781 0.015126480309646697
decision_type=2 2 2 2 2 2 2 2 2 2 2 2 2 2 2 2 2 2 2 2 2 2 2
left_child=1 16 3 -3 -5 6 7 -2 -9 10 14 15 -13 -12 -7 -11 21 18 -18 -8 -21 -1 -19
right_child=5 2 -4 4 -6 9 19 8 -10 11 13 12 -14 -15 -16 -17 17 22 -20 20 -22 -23 -24
leaf_value=1.8306918369450491e-05 0 0 0 7.8805367784309357e-05 0 -1.1976844820542936e-05 3.2006329225776623e-05 -0.00018464735889835141 0 1.0509413773450957e-05 0 -8.3880507028180729e-05 -4.5191378348722765e-06 0.00011391878917304073 1.2851322915186904e-05 -2.8918433635343362e-06 -6.5863728117419171e-05 1.9173034113542782e-05 0 -2.9449381445880082e-05 0 0 0
leaf_weight=37 47 77 24 81 64 319 32 20 29 942 31 73 668 48 321 716 106 26 24 142 201 20 20
leaf_count=37 47 77 24 81 64 319 32 20 29 942 31 73 668 48 321 716 106 26 24 142 201 20 20
internal_value=0 6.99272e-06 2.56452e-05 3.50575e-05 5.23381e-05 -9.50358e-07 -1.18091e-05 -4.94514e-05 -8.6541e-05 0 9.00178e-06 -1.80102e-06 -1.63958e-05 7.79827e-05 0 2.91301e-06 0 -1.71478e-05 -4.26202e-05 0 -5.35821e-06 1.02696e-06 0
internal_weight=4068 479 246 222 145 3589 471 96 49 3118 719 2399 741 79 640 1658 233 176 130 375 343 57 46
internal_count=4068 479 246 222 145 3589 471 96 49 3118 719 2399 741 79 640 1658 233 176 130 375 343 57 46
is_linear=0
shrinkage=0.03


Tree=227
num_leaves=24
num_cat=0
split_feature=29 29 33 25 4 20 0 0 24 30 33 31 30 3 22 30 24 0 24 0 25 29 24
split_gain=2.98094e-05 0.000343291 0.000403879 0.00015403 0.000192388 0.000608857 0.000175053 0.000135341 0.000193563 0.000233262 0.00013236 0.000151156 0.000116007 0.000115099 0.000113143 0.00017301 0.000152221 0.000104415 0.000111626 8.68149e-05 8.26627e-05 0.000282388 1.74105e-06
threshold=56.852836055348853 60.533135584348337 -0.010193111243337492 0.021806424827055585 96.174999237060561 100.01749916076662 35.249132156372077 39.947271347045906 0.5982904001121877 78.09473304195383 -0.0020640197856798821 0.0023661748146106558 64.728233466207726 92.625000000000014 59.093276978242322 78.710137979381855 -0.44153839453232008 54.281652450561531 -1.1289033984021082 30.239558219909672 0.094356099131835555 36.464130888510802 -0.37687152033294785
decision_type=2 2 2 2 2 2 2 2 2 2 2 2 2 2 2 2 2 2 2 2 2 2 2
left_child=3 2 -2 4 13 -6 20 8 9 -3 -4 -12 -10 19 16 -16 -9 18 -8 -1 22 -22 -5
right_child=1 7 10 6 5 -7 17 14 12 -11 11 -13 -14 -15 15 -17 -18 -19 -20 -21 21 -23 -24
leaf_value=5.1179274370701139e-05 -0.00018046242118177502 0 3.6489453841335066e-06 0 -0.00018079501494677836 0 0 0 0 5.4157255981882755e-05 0 -6.9416377585385214e-05 -3.3844203480704186e-05 5.4325432878317954e-05 2.2364517151131388e-05 -1.2810139237558308e-05 -3.1435721948452436e-05 0 3.8186258892157166e-05 -2.4413351545122924e-06 -9.3934917976236284e-05 0 8.9811411965501786e-06
leaf_weight=26 21 298 35 20 22 58 54 187 32 161 51 53 94 35 239 220 272 77 343 1639 37 60 34
leaf_count=26 21 298 35 20 22 58 54 187 32 161 51 53 94 35 239 220 272 77 343 1639 37 60 34
internal_value=0 -3.08975e-06 -4.50441e-05 2.1339e-06 -8.40766e-07 -4.66624e-05 1.54037e-05 0 1.2522e-05 2.3915e-05 -2.90298e-06 -3.39278e-05 -5.1764e-06 0 -5.72228e-06 0 -1.69494e-05 2.53999e-05 3.17317e-05 0 0 -2.7459e-05 4.67737e-06
internal_weight=4068 1663 160 2405 1780 80 625 1503 585 459 139 104 126 1700 918 459 459 474 397 1665 151 97 54
internal_count=4068 1663 160 2405 1780 80 625 1503 585 459 139 104 126 1700 918 459 459 474 397 1665 151 97 54
is_linear=0
shrinkage=0.03


Tree=228
num_leaves=21
num_cat=0
split_feature=0 26 23 4 1 22 21 33 33 1 25 27 31 0 29 19 22 4 32 3
split_gain=2.94376e-05 0.000167435 8.16924e-05 6.969e-05 0.000226758 0.000223555 0.00030904 0.000148538 0.000190498 0.000144067 0.000251742 0.000142908 8.59148e-05 0.000188771 0.000101021 5.58299e-05 0.000139981 7.33315e-05 7.63962e-05 5.65346e-05
threshold=33.289602279663093 1.6123652999936402 0.2427587230038242 77.875000000000014 75.875000000000014 65.485988362591726 78.285833422342947 0.034665068101045755 0.046076716949990056 78.52500152587892 -0.022070842531215478 0.76661712811788152 0.0099607786993819464 47.273595809936531 21.541457528706903 46.90500030517579 39.643463681189608 72.875000000000014 -0.025717069895422103 73.974998474121108
decision_type=2 2 2 2 2 2 2 2 2 2 2 2 2 2 2 2 2 2 2 2
left_child=1 15 -3 4 7 6 -6 11 -9 10 -5 -2 14 -14 -11 16 -1 18 -17 -19
right_child=3 2 -4 9 5 -7 -8 8 -10 12 -12 -13 13 -15 -16 17 -18 19 -20 -21
leaf_value=0 -2.4026178354712672e-06 8.0631961915403675e-05 0 0 -8.610645562746961e-05 0 0 -8.6156032776823742e-05 0 8.3960299665441732e-06 7.527178936338636e-05 2.0385919764903758e-05 3.5412047148744042e-05 0 -8.3782877794160826e-06 0 -8.7641718727852539e-05 -3.2867587087705581e-05 2.75483366152431e-05 0
leaf_weight=22 1119 38 20 34 100 23 52 41 48 295 64 294 186 137 1196 20 22 47 186 124
leaf_count=22 1119 38 20 34 100 23 52 41 48 295 64 294 186 137 1196 20 22 47 186 124
internal_value=0 7.00253e-06 5.47541e-05 -9.14398e-07 -5.91967e-06 -3.87437e-05 -5.52347e-05 -9.57701e-08 -3.87271e-05 1.90681e-06 3.73174e-05 2.17061e-07 0 1.40166e-05 -3.04715e-06 0 -3.15037e-05 4.14482e-06 1.87526e-05 0
internal_weight=4068 479 58 3589 1677 175 152 1502 89 1912 98 1413 1814 323 1491 421 44 377 206 171
internal_count=4068 479 58 3589 1677 175 152 1502 89 1912 98 1413 1814 323 1491 421 44 377 206 171
is_linear=0
shrinkage=0.03


Tree=229
num_leaves=25
num_cat=0
split_feature=35 28 28 26 31 0 35 36 31 22 0 1 31 0 31 26 1 19 36 36 31 31 25 28
split_gain=3.06928e-05 0.000322813 0.000455015 0.000479831 0.000357062 0.000315174 0.000279247 0.00022211 0.00019795 0.000128038 7.79072e-05 0.000193505 0.000358416 0.000163926 0.000161714 0.000330215 0.000225642 0.000104398 7.06401e-05 5.82318e-05 0.000136085 0.000130337 3.52635e-05 1.00869e-05
threshold=0.024163225849861681 -2857359586.4999995 -611367842.49999988 1.9846724747307956 -1.0000000180025095e-35 47.445304870605476 0.036732541135915224 -0.015117155260647571 -0.010582011898796371 68.280663217821811 48.458337783813484 88.224998474121108 -0.0016025712301477311 50.337730407714851 0.0030525042754769864 1.3868345536852849 85.924999237060561 95.125000000000014 -0.012532185028514572 0.0086628336115164746 -1.0000000180025095e-35 0.0096030889142701987 -0.28673955711025345 -155693167.99999997
decision_type=2 2 2 2 2 2 2 2 2 2 2 2 2 2 2 2 2 2 2 2 2 2 2 2
left_child=10 9 3 4 -3 7 -7 -4 -5 18 11 14 22 17 16 -16 -1 -12 -2 20 -15 -21 -13 -14
right_child=1 2 5 8 -6 6 -8 -9 -10 -11 13 12 23 19 15 -17 -18 -19 -20 21 -22 -23 -24 -25
leaf_value=0 0 -0.00012491400426177776 0 9.4145865304701346e-05 0 0 -0.0001069507397039255 6.741615967432188e-05 0 0 0 0 -1.495439791854373e-05 -2.0219993821064356e-06 0 -4.5674354125183655e-05 4.7488539080418641e-05 7.7342155788823959e-05 8.3262595893419247e-05 -5.8741839704468792e-05 1.9958152798428984e-05 0 -9.1548129757741605e-05 6.8131272716530789e-06
leaf_weight=1427 30 68 77 20 72 73 22 128 38 20 58 20 22 398 561 204 98 44 71 46 330 83 69 89
leaf_count=1427 30 68 77 20 72 73 22 128 38 20 58 20 22 398 561 204 98 44 71 46 330 83 69 89
internal_value=0 6.17021e-06 0 -3.95198e-05 -7.2738e-05 1.82652e-05 -3.92885e-06 4.31741e-05 0 5.09288e-05 -1.08407e-06 -4.5638e-06 -3.35192e-05 4.82251e-06 -7.23604e-07 -1.29641e-05 3.45008e-06 4.07855e-05 6.51663e-05 0 3.82259e-06 -1.79873e-05 -7.83811e-05 0
internal_weight=4068 619 498 198 140 300 95 205 58 121 3449 2490 200 959 2290 765 1525 102 101 857 728 129 89 111
internal_count=4068 619 498 198 140 300 95 205 58 121 3449 2490 200 959 2290 765 1525 102 101 857 728 129 89 111
is_linear=0
shrinkage=0.03


Tree=230
num_leaves=28
num_cat=0
split_feature=23 30 29 26 28 22 24 5 33 22 29 5 22 26 22 22 32 28 26 23 23 4 36 20 30 33 0
split_gain=2.84667e-05 0.000182633 0.000340124 0.000238059 0.000426603 0.000297383 0.000134374 0.000201949 0.000134437 8.3857e-05 0.000185151 0.000745937 0.000129367 0.000119515 0.000117585 0.000206325 0.000174597 0.000140989 0.000173734 0.000122529 7.30274e-05 6.41315e-05 5.43983e-05 3.34468e-05 2.81142e-05 7.3819e-05 1.22448e-05
threshold=-0.73699131221007252 32.873527231833684 33.050682133432275 1.3245229345535405 18262115.500000004 48.505283984842613 -0.65472019711072782 14921603.500000002 -0.0424494525782027 52.477616201891443 19.523786687300507 33218095.500000004 47.46174665291575 1.3245229345535405 54.994491562474956 56.543894486114944 -0.0054570015738571445 -3074559906.4999995 1.7714278150303888 0.65818379966701823 -0.91435205573120004 70.02500152587892 0.0030000526674350898 80.681249809265154 39.515379556776985 -0.0050330010348694212 43.645309448242195
decision_type=2 2 2 2 2 2 2 2 2 2 2 2 2 2 2 2 2 2 2 2 2 2 2 2 2 2 2
left_child=1 2 6 24 5 -5 8 -8 -1 10 21 12 -12 -13 17 16 -16 -11 -19 -17 -4 22 -2 -23 26 -26 -3
right_child=9 3 20 4 -6 -7 7 -9 -10 14 11 13 -14 -15 15 19 -18 18 -20 -21 -22 23 -24 -25 25 -27 -28
leaf_value=-7.7585971431195057e-05 3.3879934266666701e-05 3.30774625763297e-05 -7.8506521856238517e-05 8.4005169982576686e-05 0 0 0 7.3567680486311067e-05 0 0 0 0 -1.7494135806695559e-05 -0.00014678761700917853 0 1.7199350068431375e-05 -4.6832903165144508e-05 4.0163995882562513e-05 0 -8.5583735175121954e-07 0 -1.7462573925035426e-05 0 5.2433392174424448e-06 0 -2.5466848703631312e-05 0
leaf_weight=20 108 25 61 148 32 23 21 56 221 24 653 21 475 45 37 402 152 246 63 756 21 84 28 162 48 116 20
leaf_count=20 108 25 61 148 32 23 21 56 221 24 653 21 475 45 37 402 152 246 63 756 21 84 28 162 48 116 20
internal_value=0 5.03481e-06 -3.76582e-06 2.08577e-05 4.40187e-05 6.74092e-05 1.71366e-06 3.97578e-05 0 -1.24337e-06 -6.78635e-06 -1.36294e-05 -5.06773e-06 -0.000114341 2.17097e-06 0 -3.05482e-05 1.8479e-05 2.79016e-05 2.82252e-06 -6.15325e-05 6.74929e-06 2.34942e-05 0 0 -7.34819e-06 1.90937e-05
internal_weight=4068 812 400 412 203 171 318 77 241 3256 1576 1194 1128 66 1680 1347 189 333 309 1158 82 382 136 246 209 164 45
internal_count=4068 812 400 412 203 171 318 77 241 3256 1576 1194 1128 66 1680 1347 189 333 309 1158 82 382 136 246 209 164 45
is_linear=0
shrinkage=0.03


Tree=231
num_leaves=18
num_cat=0
split_feature=5 5 4 29 33 32 28 0 30 29 5 31 31 5 36 36 0
split_gain=2.84516e-05 0.000359083 0.000145773 0.000145219 0.000388262 6.76448e-05 5.8911e-05 0.000151413 0.000127747 8.66892e-05 4.9523e-05 0.000180213 0.000147706 0.00014602 0.000220955 0.000117037 0.000105046
threshold=40992717.500000007 36422404.500000007 62.875000000000007 32.183354238479588 0.018433844732519414 -0.004972043716252871 -2370648789.4999995 35.951692581176765 40.701784554106034 34.029228135447617 24721671.500000004 -0.017491994993681589 0.020122796784290967 22884568.000000004 -0.010973713643867693 0.0081177657638570721 39.541013717651374
decision_type=2 2 2 2 2 2 2 2 2 2 2 2 2 2 2 2 2
left_child=1 10 6 -3 -5 -4 7 8 -2 -8 13 16 -13 15 -15 -1 -12
right_child=2 3 5 4 -6 -7 9 -9 -10 -11 11 12 -14 14 -16 -17 -18
leaf_value=3.3920417295687783e-06 0 0 0 -0.00018666306237860993 0 6.2067028585470268e-05 0 0 8.3425078171639431e-05 -6.9536590223575194e-05 -5.8701973495691481e-05 2.6521122923275748e-05 0 0 -4.5536054091010038e-05 -1.2947044280136754e-05 0
leaf_weight=2539 20 23 42 23 34 56 20 26 36 27 36 438 68 32 160 454 34
leaf_count=2539 20 23 42 23 34 56 20 26 36 27 36 438 68 32 160 454 34
internal_value=0 -6.38743e-07 1.02885e-05 -6.36727e-05 -8.93094e-05 3.97795e-05 0 1.75089e-07 4.92862e-05 -3.35505e-05 0 8.62697e-06 1.86064e-05 -7.29425e-07 -2.63236e-05 0 -2.06377e-05
internal_weight=4068 3841 227 80 57 98 129 82 56 47 3761 576 506 3185 192 2993 70
internal_count=4068 3841 227 80 57 98 129 82 56 47 3761 576 506 3185 192 2993 70
is_linear=0
shrinkage=0.03


Tree=232
num_leaves=20
num_cat=0
split_feature=34 29 26 34 32 29 29 28 23 22 23 21 29 0 29 32 0 29 30
split_gain=2.81774e-05 0.000195315 0.0002924 0.000162025 0.000424198 0.00012549 0.000309167 0.000365349 0.000121886 0.000161236 0.000135915 8.76135e-05 0.000146327 6.76416e-05 5.76007e-05 3.29387e-05 8.22877e-05 0.00012043 2.9894e-05
threshold=0.032638715944053327 72.031485185429617 1.4259458751776106 0.016471645443034592 0.028455941881427197 56.852836055348853 61.089486826584128 -163264374.49999997 0.87413570849230038 61.457157878365273 0.63438484481928736 75.185000546773281 78.670356490481524 49.112291336059577 70.435537709739663 -0.0021721774604380735 40.032712936401374 85.892204308273605 77.016992792417724
decision_type=2 2 2 2 2 2 2 2 2 2 2 2 2 2 2 2 2 2 2
left_child=3 2 -2 5 11 8 7 -7 10 -10 -1 12 -5 -13 -8 -3 18 -18 -17
right_child=1 15 -4 4 -6 6 14 -9 9 -11 -12 13 -14 -15 -16 16 17 -19 -20
leaf_value=6.7246517227901392e-07 0 2.7340275856966924e-05 -0.00011474836708253456 3.5759615845384475e-05 0.00010222491538807371 -8.4018795887584144e-05 6.4324578507019557e-06 0 3.9056675454885553e-05 0 -3.0670543786602583e-05 -1.7202556091287881e-05 0 2.0149805342209702e-06 -1.1830176868197172e-05 0 -4.8486902078703967e-05 0 1.7091614778518769e-05
leaf_weight=1949 27 38 35 166 50 102 302 52 169 85 129 206 84 87 281 43 78 93 92
leaf_count=1949 27 38 35 166 50 102 302 52 169 85 129 206 84 87 281 43 78 93 92
internal_value=0 -7.56234e-06 -5.66095e-05 7.63582e-07 1.55863e-05 -1.12344e-06 -1.24185e-05 -5.04313e-05 1.16021e-06 2.10728e-05 0 2.06738e-06 1.79638e-05 -1.26217e-06 0 0 -1.95126e-06 -2.09679e-05 0
internal_weight=4068 406 62 3662 593 3069 737 154 2332 254 2078 543 250 293 583 344 306 171 135
internal_count=4068 406 62 3662 593 3069 737 154 2332 254 2078 543 250 293 583 344 306 171 135
is_linear=0
shrinkage=0.03


Tree=233
num_leaves=23
num_cat=0
split_feature=0 0 24 28 20 4 1 22 23 33 27 33 1 34 24 23 24 0 22 36 36 28
split_gain=2.7524e-05 0.000138806 0.000116167 0.000132459 0.000105517 6.81625e-05 0.000208149 0.000217477 0.00029108 0.000140941 0.000180139 0.000178526 0.000131659 0.000194163 7.13625e-05 0.000165943 0.000141557 5.19051e-05 0.000236129 0.000107853 9.75111e-05 2.11125e-05
threshold=33.289602279663093 32.309312820434577 0.60769561206818801 -3006855016.9999995 77.064999961853047 77.875000000000014 76.02500152587892 65.485988362591726 -1.1095206027604403 0.034665068101045755 0.76661712811788152 0.046076716949990056 78.52500152587892 -0.017081573741906216 -0.8670224964524027 0.024248300270194537 -1.4258239016115246 31.685307502746586 48.968644547743573 -0.0046202894103664037 0.0042720133600705583 -233860609.99999997
decision_type=2 2 2 2 2 2 2 2 2 2 2 2 2 2 2 2 2 2 2 2 2 2
left_child=1 17 3 -3 -5 6 9 8 -8 10 -2 -11 13 -7 16 -16 -14 19 -19 21 -21 -1
right_child=5 2 -4 4 -6 12 7 -9 -10 11 -12 -13 14 -15 15 -17 -18 18 -20 20 -22 -23
leaf_value=4.730220513855526e-05 -3.537374079738458e-06 0 0 7.5739956062267563e-05 0 0 0 0 -8.0633974014624732e-05 -8.3690777352592988e-05 2.2238622225457058e-05 0 0 6.6329763872992036e-05 1.570739106730534e-05 -2.9517848429267058e-06 -3.3482085893353962e-05 -0.00010371331827974918 0 -3.7422094924112396e-05 0 0
leaf_weight=49 1135 77 24 81 64 30 24 22 108 41 299 48 86 68 607 958 163 24 25 67 45 23
leaf_count=49 1135 77 24 81 64 30 24 22 108 41 299 48 86 68 607 958 163 24 25 67 45 23
internal_value=0 6.71126e-06 2.43989e-05 3.3621e-05 5.05155e-05 -9.43127e-07 -5.88904e-06 -3.98852e-05 -5.77706e-05 -4.79412e-07 0 -3.77833e-05 1.82602e-06 3.56773e-05 0 2.36908e-06 -1.49188e-05 0 -3.0845e-05 0 -7.44155e-06 3.54992e-05
internal_weight=4068 479 246 222 145 3589 1677 154 132 1523 1434 89 1912 98 1814 1565 249 233 49 184 112 72
internal_count=4068 479 246 222 145 3589 1677 154 132 1523 1434 89 1912 98 1814 1565 249 233 49 184 112 72
is_linear=0
shrinkage=0.03


Tree=234
num_leaves=26
num_cat=0
split_feature=35 28 28 26 31 31 36 31 31 5 5 35 33 32 4 30 32 29 32 5 32 32 33 26 31
split_gain=2.87078e-05 0.000296622 0.000427824 0.000452556 0.000324791 0.000222579 0.000252674 0.000186029 0.000123195 0.000119432 6.81939e-05 6.75411e-05 0.0002622 0.000286453 9.12756e-05 0.000236565 8.80595e-05 8.30439e-05 0.000176422 0.00014395 0.000471994 0.000157078 8.72049e-05 7.89888e-05 1.34085e-05
threshold=0.024163225849861681 -2857359586.4999995 -611367842.49999988 1.9846724747307956 -1.0000000180025095e-35 0.019672466496447719 -0.015447869530336103 -0.010582011898796371 0.019198464891116766 25818658.500000004 37226710.500000007 0.021104569417634021 -1.0000000180025095e-35 -0.018654799157196863 66.625000000000014 33.666759040840724 0.008298726713576789 21.224208737411445 0.00076118068552477613 22884568.000000004 0.0087778775005608062 -0.0083226859568867311 -0.012780222151504371 1.2156638902344816 0.00068287058399518774
decision_type=2 2 2 2 2 2 2 2 2 2 2 2 2 2 2 2 2 2 2 2 2 2 2 2 2
left_child=11 8 3 4 -3 6 -4 -5 9 -2 -7 17 13 -13 16 -16 -14 18 22 21 -21 -19 -1 -15 -20
right_child=1 2 5 7 -6 10 -8 -9 -10 -11 -12 12 14 23 15 -17 -18 19 24 20 -22 -23 -24 -25 -26
leaf_value=1.1667131742913874e-05 0 -0.00012056979835382152 0 9.1266966695938959e-05 0 -3.3374771198169902e-05 6.4110872235780599e-05 0 0 8.892968989049292e-05 0 0 0 0 0 5.690211951758114e-05 -5.0918287819172625e-05 1.7090163392577494e-05 0 -4.8499360719074284e-05 6.8745748997185058e-06 -2.978726603813778e-06 -1.5092312347682218e-05 -9.8365473719651733e-05 6.1998240964322807e-05
leaf_weight=332 23 68 97 20 72 55 127 38 34 64 21 62 20 30 22 89 33 431 23 237 156 1742 146 65 61
leaf_count=332 23 68 97 20 72 55 127 38 34 64 21 62 20 30 22 89 33 431 23 237 156 1742 146 65 61
internal_value=0 5.908e-06 0 -3.8285e-05 -7.05673e-05 1.77621e-05 3.62819e-05 0 4.8815e-05 6.77204e-05 0 -1.10712e-06 -1.42294e-05 -4.37715e-05 0 2.6083e-05 -1.11181e-05 0 1.06711e-05 -2.04503e-06 -1.88911e-05 0 0 -7.66547e-05 5.14692e-05
internal_weight=4068 619 498 198 140 300 224 58 121 87 76 3449 321 157 164 111 53 3128 562 2566 393 2173 478 95 84
internal_count=4068 619 498 198 140 300 224 58 121 87 76 3449 321 157 164 111 53 3128 562 2566 393 2173 478 95 84
is_linear=0
shrinkage=0.03


Tree=235
num_leaves=24
num_cat=0
split_feature=23 36 33 22 26 30 1 35 31 21 23 31 26 26 26 2 35 1 2 36 23 36 4
split_gain=2.72683e-05 0.000160015 0.000216988 0.000303119 0.000233947 0.000161242 0.000140235 0.000241167 0.000231994 0.000117203 0.000110167 0.000116274 0.000357954 0.000254763 0.000174195 0.000262155 0.000173716 7.76555e-05 0.000347607 0.000191123 6.8028e-05 3.42846e-05 1.76795e-05
threshold=-0.5605283133619422 -0.0056603891642957775 0.008917556776916637 31.663635408258777 1.661618883178489 32.219986733009449 78.52500152587892 0.023846762573625672 -0.00062445326441501459 74.558333269755067 -0.55118049495346699 -0.017018872043584207 1.6123652999936402 2.1871330282230335 1.2559761383839154 78.375000000000014 0.015451879117490871 67.325000762939467 51.625000000000007 -0.0082466683456536745 -0.91435205573120004 0.0016592993624379839 74.724998474121108
decision_type=2 2 2 2 2 2 2 2 2 2 2 2 2 2 2 2 2 2 2 2 2 2 2
left_child=1 6 3 21 -5 20 17 8 -8 -7 -2 12 22 -14 16 -16 -13 18 -1 -19 -4 -3 -12
right_child=10 2 5 4 -6 9 7 -9 -10 -11 11 14 13 -15 15 -17 -18 19 -20 -21 -22 -23 -24
leaf_value=7.4938647113135453e-06 -5.747286803861557e-05 0 -7.5603453916500105e-05 1.6117549572156726e-05 0.00010093952622902405 4.1549958929525451e-05 -7.9841228997350078e-05 0 0 0 -1.7475807224246717e-05 -7.4998194270620117e-07 8.9316467147613517e-05 0 -2.7153751768860205e-05 0 2.0377878605490735e-05 5.3751594920292555e-05 -7.6381495484859155e-05 0 0 -2.5871428183770843e-05 0
leaf_weight=33 32 78 36 321 72 61 90 26 20 105 52 1034 80 30 536 773 410 80 55 41 20 46 37
leaf_count=33 32 78 36 321 72 61 90 26 20 105 52 1034 80 30 536 773 410 80 55 41 20 46 37
internal_value=0 4.03621e-06 1.37324e-05 2.54401e-05 3.93108e-05 -2.47712e-08 -8.03805e-06 -3.30329e-05 -5.76215e-05 0 -1.51846e-06 0 2.09694e-05 6.10018e-05 -2.49222e-06 -1.10326e-05 3.1725e-06 0 -1.09032e-05 2.21504e-05 -5.08604e-05 0 0
internal_weight=4068 1084 739 517 393 222 345 136 110 166 2984 2952 199 110 2753 1309 1444 209 88 121 56 124 89
internal_count=4068 1084 739 517 393 222 345 136 110 166 2984 2952 199 110 2753 1309 1444 209 88 121 56 124 89
is_linear=0
shrinkage=0.03


Tree=236
num_leaves=27
num_cat=0
split_feature=23 30 29 31 25 31 5 24 23 5 29 23 28 33 30 23 23 26 29 29 29 31 25 28 21 20
split_gain=2.68947e-05 0.000170349 0.000306989 0.000228509 0.000224107 0.000157168 0.000225949 0.000138102 7.90108e-05 0.000295359 0.000484971 0.000220974 0.000212956 0.000129777 0.000314314 0.000190923 9.56939e-05 0.000283952 7.2657e-05 0.000116247 0.000105651 7.1129e-05 6.83631e-05 6.66738e-05 3.90798e-05 3.3378e-05
threshold=-0.73699131221007252 32.873527231833684 33.050682133432275 -0.0086398793826034642 0.1693246774301396 -0.0028671561685724707 17395587.500000004 -0.82207797129452864 0.2954696136742499 34923481.500000007 32.183354238479588 0.37715002509038703 -2561011961.9999995 0.010689696631576486 72.179399343990909 0.96801703516494098 -0.025477960983167233 1.1880987135540231 46.922689621553438 34.029228135447617 63.311330144880792 0.010204067084529924 -0.23551496683136233 -2831540515.9999995 87.459583218892433 85.307500076293948
decision_type=2 2 2 2 2 2 2 2 2 2 2 2 2 2 2 2 2 2 2 2 2 2 2 2 2 2
left_child=1 2 5 4 24 7 -7 -1 9 16 -11 23 -12 15 -15 -13 21 -18 19 -5 -20 -2 -4 -10 -3 -25
right_child=8 3 22 18 -6 6 -8 -9 11 10 12 13 -14 14 -16 -17 17 -19 20 -21 -22 -23 -24 25 -26 -27
leaf_value=-3.5077364593884722e-05 0 0.00010074798997004241 -9.8717897517495163e-05 0 0 0 6.466202526050419e-05 0 0 0 0 -2.2301293570818305e-05 -0.00017011734628765012 3.915953873649548e-05 -1.9164678521339126e-06 6.7418932936841336e-07 0 -3.7310974433057417e-05 -3.2318771640176307e-05 5.3917297934343882e-05 0 1.9885655016978645e-05 0 5.8564308753566459e-05 0 0
leaf_weight=106 1037 60 35 39 24 65 81 66 27 35 35 459 33 223 240 398 240 246 92 58 117 166 47 87 22 30
leaf_count=106 1037 60 35 39 24 65 81 66 27 35 35 459 33 223 240 398 240 246 92 58 117 166 47 87 22 30
internal_value=0 4.83282e-06 -3.45776e-06 2.01606e-05 5.93045e-05 1.30672e-06 3.04809e-05 -6.02897e-06 -1.2683e-06 -6.09325e-06 -5.65563e-05 2.58862e-06 -0.000106075 0 1.13935e-05 -8.13222e-06 -1.23662e-06 -1.33813e-05 0 2.57291e-05 -2.30664e-06 1.17688e-06 -5.84546e-05 3.80554e-05 8.36771e-05 4.79016e-05
internal_weight=4068 812 400 412 106 318 146 172 3256 1792 103 1464 68 1320 463 857 1689 486 306 97 209 1203 82 144 82 117
internal_count=4068 812 400 412 106 318 146 172 3256 1792 103 1464 68 1320 463 857 1689 486 306 97 209 1203 82 144 82 117
is_linear=0
shrinkage=0.03


Tree=237
num_leaves=28
num_cat=0
split_feature=5 35 22 31 25 31 31 26 5 31 35 30 31 36 26 2 23 22 27 30 27 1 21 5 5 30 26
split_gain=2.75463e-05 9.67049e-05 0.000160828 0.000341189 0.000118995 0.000107383 0.000511684 0.000376769 0.000371003 0.000352814 0.000272878 0.000109839 7.46327e-05 0.000225977 0.000168461 0.000184045 5.98188e-05 0.000201247 4.18732e-05 0.000153738 8.97827e-05 1.15424e-05 9.07687e-05 4.48059e-05 8.21316e-06 5.82424e-06 4.90411e-05
threshold=12395275.500000002 0.010648377106047059 45.587509785197248 -0.0071856977927744472 0.12197877358902244 -0.0073332839827131005 -0.0053026999689233514 1.7714278150303888 23708659.500000004 -0.010738188960057236 0.014705894727607759 25.707063350087939 0.0032425228742700711 -0.00076216963622288897 0.91918157101535269 88.375000000000014 0.36040991572335207 47.015530107343132 0.54736678682681272 37.523071963496335 0.36831221819676824 77.674999237060561 87.063750139872255 18284570.000000004 10387005.000000002 60.354994989074449 1.1516661735281439
decision_type=2 2 2 2 2 2 2 2 2 2 2 2 2 2 2 2 2 2 2 2 2 2 2 2 2 2 2
left_child=12 2 21 -4 -5 7 10 8 -3 -9 -7 -8 13 16 -15 -16 17 -1 19 -14 -21 23 -23 -2 -18 26 -20
right_child=1 5 3 4 -6 6 11 9 -10 -11 -12 -13 18 14 15 -17 24 -19 25 20 -22 22 -24 -25 -26 -27 -28
leaf_value=0 -2.415736698429774e-05 1.9037669365035358e-05 -0.00012557715696710791 -3.0864800261427418e-05 0 0 1.677780233537171e-05 7.1899297090910626e-05 -2.8706046398353712e-05 0 -8.6059200739637041e-05 -1.3277552464251041e-06 0 0 5.8724235170559766e-05 0 0 -4.9626416094639283e-05 0 0 -8.5552521035051296e-05 3.0482166683940881e-05 0 0 2.7154287583378211e-05 0 3.8623927294570671e-05
leaf_weight=168 69 348 34 119 160 74 344 143 252 34 97 1401 65 44 176 34 40 86 21 20 35 99 20 41 41 70 33
leaf_count=168 69 348 34 119 160 74 344 143 252 34 97 1401 65 44 176 34 40 86 21 20 35 99 20 41 41 70 33
internal_value=0 -1.27483e-06 -1.3048e-05 -2.75148e-05 -4.77505e-06 0 -2.65562e-06 1.0343e-05 0 4.88272e-05 -5.26088e-05 5.23136e-07 4.84225e-06 1.21282e-05 3.37848e-05 4.58484e-05 0 -1.10317e-05 -4.53386e-07 -1.77258e-05 -5.65334e-05 0 9.33927e-06 0 1.68087e-05 0 9.84333e-06
internal_weight=4068 3235 542 313 279 2693 1916 777 600 177 171 1745 833 589 254 210 335 254 244 120 55 229 119 110 81 124 54
internal_count=4068 3235 542 313 279 2693 1916 777 600 177 171 1745 833 589 254 210 335 254 244 120 55 229 119 110 81 124 54
is_linear=0
shrinkage=0.03


Tree=238
num_leaves=21
num_cat=0
split_feature=0 26 4 1 22 21 33 33 27 1 31 0 4 33 29 5 26 24 26 22
split_gain=2.67866e-05 0.00014758 5.88565e-05 0.00019036 0.000206549 0.000284838 0.000130972 0.000167756 0.000164511 0.000119086 7.68131e-05 0.000176098 9.07948e-05 7.52272e-05 5.63669e-05 4.83301e-05 0.000179233 4.91191e-05 4.94388e-05 1.06432e-05
threshold=33.289602279663093 1.6123652999936402 77.875000000000014 76.02500152587892 65.485988362591726 78.285833422342947 0.034665068101045755 0.046076716949990056 0.76661712811788152 78.52500152587892 0.0099607786993819464 47.273595809936531 85.02500152587892 -0.01085989386642716 43.955436958687635 27042192.500000004 1.3914682421327942 -0.17678208764160433 1.1268353970591669 38.575715138694342
decision_type=2 2 2 2 2 2 2 2 2 2 2 2 2 2 2 2 2 2 2 2
left_child=1 15 3 6 5 -5 8 -8 -2 13 12 -12 -11 -4 -3 17 -17 19 -19 -1
right_child=2 14 9 4 -6 -7 7 -9 -10 10 11 -13 -14 -15 -16 16 -18 18 -20 -21
leaf_value=8.6657040343370369e-06 -3.1705317614803739e-06 0 0 -8.8929868266388043e-05 0 0 -8.0899296412975205e-05 0 2.1374479688808168e-05 1.2128288372007173e-06 3.3867570292637102e-05 0 -1.1175141899908264e-05 5.3743728096844348e-05 8.530417174366849e-05 0 -8.1325743591038446e-05 0 3.9397417641435814e-05 -5.6426755062934868e-06
leaf_weight=60 1135 30 36 84 22 48 41 48 299 732 186 137 759 62 28 75 29 33 65 159
leaf_count=60 1135 30 36 84 22 48 41 48 299 732 186 137 759 62 28 75 29 33 65 159
internal_value=0 6.60885e-06 -9.41633e-07 -5.55041e-06 -3.80288e-05 -5.56261e-05 -2.94367e-07 -3.63927e-05 0 1.53181e-06 0 1.30436e-05 -3.08171e-06 3.37383e-05 5.14419e-05 0 -1.72994e-05 6.23902e-06 2.40095e-05 0
internal_weight=4068 479 3589 1677 154 132 1523 89 1434 1912 1814 323 1491 98 58 421 104 317 98 219
internal_count=4068 479 3589 1677 154 132 1523 89 1434 1912 1814 323 1491 98 58 421 104 317 98 219
is_linear=0
shrinkage=0.03


Tree=239
num_leaves=29
num_cat=0
split_feature=5 0 23 26 5 0 21 3 33 25 25 34 23 33 30 1 26 28 32 28 28 5 34 24 3 5 5 0
split_gain=2.63188e-05 9.6424e-05 0.000108977 0.000126666 8.07904e-05 0.000156772 0.000106209 8.71846e-05 0.000212688 0.000155038 8.25985e-05 0.00030017 0.000261788 0.000245134 0.000193908 9.47333e-05 8.65495e-05 7.33484e-05 3.64569e-05 3.14021e-05 9.25431e-05 8.57642e-05 3.01026e-05 0.000138604 1.46218e-05 9.00564e-06 5.39044e-06 1.20233e-06
threshold=12395275.500000002 42.834110260009773 0.15328245847936731 1.0197784311047415 14458628.000000002 37.847860336303718 53.877499961853033 83.575000762939467 -0.0011363697757241218 -0.041460263405958937 -0.09420249817135827 -0.022614434936039481 -0.62415339869719577 -0.044011748063531801 32.219986733009449 49.875000000000007 1.2380799862620637 -419157928.49999994 -0.0074626461056775941 -2753500443.9999995 -87308874.499999985 11105539.500000002 0.006811162230454638 -0.12005298364240799 99.02500152587892 11041665.500000002 10570938.500000002 78.86041641235353
decision_type=2 2 2 2 2 2 2 2 2 2 2 2 2 2 2 2 2 2 2 2 2 2 2 2 2 2 2 2
left_child=1 2 22 -4 5 6 -2 9 -9 -7 12 15 13 -6 -14 -12 -13 -8 -5 25 21 -21 23 -1 -22 27 -24 -3
right_child=4 19 3 18 10 7 17 8 -10 -11 11 16 14 -15 -16 -17 -18 -19 -20 20 24 -23 26 -25 -26 -27 -28 -29
leaf_value=3.3931414161984775e-05 0 1.2281996155234105e-05 0 0 -5.4923236449630223e-05 4.2378704539822892e-05 -0.00011434208658720683 0 -5.4206597555480665e-05 0 0 -5.2685669762772554e-06 0 2.0691058500707773e-05 -3.9520549776393845e-05 6.6616134985090597e-05 8.4434116971828879e-06 0 6.2010721730815382e-05 -3.4463890680586623e-05 1.4557146820451179e-05 0 -1.879086369461596e-05 0 0 0 0 0
leaf_weight=124 30 75 24 26 28 87 29 85 86 139 21 800 356 381 267 89 781 56 91 157 62 79 39 41 23 41 31 20
leaf_count=124 30 75 24 26 28 87 29 85 86 139 21 800 356 381 267 89 781 56 91 157 62 79 39 41 23 41 31 20
internal_value=0 4.7299e-06 1.67421e-05 3.79767e-05 -1.24926e-06 -1.23226e-05 -4.36054e-05 0 -1.89701e-05 8.64386e-06 0 4.86267e-06 -5.76916e-06 8.1692e-06 -1.97342e-05 5.30744e-05 0 -6.07864e-05 5.20706e-05 0 -9.01925e-06 -2.15268e-05 0 1.04813e-05 0 3.96667e-06 -1.13023e-05 1.038e-05
internal_weight=4068 833 376 141 3235 512 115 397 171 226 2723 1691 1032 409 623 110 1581 85 117 457 321 236 235 165 85 136 70 95
internal_count=4068 833 376 141 3235 512 115 397 171 226 2723 1691 1032 409 623 110 1581 85 117 457 321 236 235 165 85 136 70 95
is_linear=0
shrinkage=0.03


Tree=240
num_leaves=23
num_cat=0
split_feature=28 1 5 21 4 5 35 31 0 31 36 21 25 23 5 0 30 21 4 30 28 0
split_gain=2.62607e-05 0.000282214 0.000287484 0.000144896 0.000428954 0.000598343 0.000131263 0.000455742 0.000753948 0.000419553 0.000393333 0.000131006 0.000192429 0.000125733 0.000120343 0.000178594 0.000100369 0.00027853 9.40847e-05 7.70487e-05 5.84858e-05 4.27554e-05
threshold=-34707013.999999993 93.450000762939467 13697809.000000002 84.154583231608086 97.974998474121108 21496960.000000004 0.031978995084651816 -0.02334932704628195 34.605464935302741 -0.010582011898796371 -0.019641406445310844 82.615833218892433 0.18980565383141634 -0.5605283133619422 23181511.000000004 51.459938049316413 49.536860280462676 76.17791690826418 79.424999237060561 46.66729882365334 -2436328310.9999995 46.198127746582038
decision_type=2 2 2 2 2 2 2 2 2 2 2 2 2 2 2 2 2 2 2 2 2 2
left_child=1 6 -3 11 5 19 7 8 -1 10 -8 16 -13 -9 15 -6 18 -18 -2 -5 -11 -7
right_child=3 2 -4 4 14 21 9 13 -10 20 -12 12 -14 -15 -16 -17 17 -19 -20 -21 -22 -23
leaf_value=-0.00021356041409863595 0 0 0.00011203471891561617 -4.1075518302089211e-05 8.554153284742768e-06 0 0 9.4251746401557765e-06 0 0 0.00015247736004609459 0.00010181048622949784 0 -3.9490956509018666e-06 6.7038399594738338e-05 -5.8056981019284024e-05 0 -5.267682686874098e-05 4.6998118174138355e-05 0 -3.2742026336908395e-05 -0.00022974973338751574
leaf_weight=24 69 41 41 41 73 20 47 881 41 53 36 28 27 2237 24 46 26 119 43 81 49 21
leaf_count=24 69 41 41 41 73 20 47 881 41 53 36 28 27 2237 24 46 26 119 43 81 49 21
internal_value=0 9.55622e-07 5.59649e-05 -5.75675e-06 -2.21894e-05 -5.73678e-05 0 -1.8104e-06 -8.03793e-05 2.41219e-05 7.64197e-05 7.49568e-07 4.62928e-05 0 0 0 0 -2.34525e-05 9.6892e-06 0 0 -0.000161749
internal_weight=4068 3450 82 618 306 163 3368 3183 65 185 83 312 55 3118 143 119 257 145 112 122 102 41
internal_count=4068 3450 82 618 306 163 3368 3183 65 185 83 312 55 3118 143 119 257 145 112 122 102 41
is_linear=0
shrinkage=0.03


Tree=241
num_leaves=27
num_cat=0
split_feature=33 0 29 29 26 24 26 28 31 0 33 26 27 27 24 0 5 32 5 29 33 29 31 28 22 26
split_gain=2.62389e-05 0.000151769 0.000262639 0.000205775 0.000233536 0.000319656 0.000195332 0.000208921 0.000183583 0.000163755 0.000150769 0.000250268 0.000342892 0.00027897 0.000168786 0.000160076 0.000137175 0.000180523 0.000111472 9.31832e-05 9.11456e-05 8.51034e-05 6.18353e-05 1.7705e-05 1.19465e-06 4.73895e-09
threshold=1.0000000180025095e-35 38.459785461425788 44.827682973111123 42.803200850615305 1.1793206169297694 0.95720775335840846 1.1917532564334381 -107238732.49999999 -0.0027173921070781644 54.281652450561531 -0.002822112353908834 0.98848266258063233 0.48250566173948745 0.7709169554550156 1.465376964556045 51.459938049316413 16378823.000000002 -0.0061833674638461225 16378823.000000002 63.311330144880792 -0.024977202187580757 32.743602450249263 0.0032425228742700711 -3146524205.9999995 40.461564597366568 0.80793779858730796
decision_type=2 2 2 2 2 2 2 2 2 2 2 2 2 2 2 2 2 2 2 2 2 2 2 2 2 2
left_child=10 3 8 21 23 -6 19 -8 -3 -10 14 25 18 -14 16 -16 20 -18 -13 -4 -1 24 -23 -5 -2 -12
right_child=1 2 6 4 5 -7 7 -9 9 -11 11 12 13 -15 15 -17 17 -19 -20 -21 -22 22 -24 -25 -26 -27
leaf_value=-7.0094885668147803e-06 0 0 -1.2988854101482583e-05 1.0947254942122413e-05 5.3175131341093774e-05 0 -3.2651919226690835e-05 0 5.4313995351360381e-05 0 0 -3.2890352766105496e-05 -0.00012155597875695993 0 7.6626142728125713e-05 0 0 -3.1031662499732409e-05 2.3293879966030543e-05 1.356763504135375e-05 1.2601589204025906e-05 0 -6.040354209419871e-05 -7.3574452140380504e-06 6.0784938227932491e-06 3.1828864989069066e-07
leaf_weight=99 20 24 127 75 292 40 432 224 154 43 23 64 63 39 50 24 683 268 57 339 672 20 37 128 29 42
leaf_count=99 20 24 127 75 292 40 432 224 154 43 23 64 63 39 50 24 683 268 57 339 672 20 37 128 29 42
internal_value=0 2.44566e-06 -1.35651e-06 1.50902e-05 2.47608e-05 4.02585e-05 -9.29061e-06 -2.03855e-05 2.53418e-05 3.94802e-05 -2.37419e-06 -2.26223e-05 -4.08714e-05 -8.16867e-05 0 4.50067e-05 -1.02525e-06 -1.0031e-05 0 0 6.19231e-06 -5.42081e-06 -3.73629e-05 0 0 0
internal_weight=4068 1984 1343 641 535 332 1122 656 221 197 2084 288 223 102 1796 74 1722 951 121 466 771 106 57 203 49 65
internal_count=4068 1984 1343 641 535 332 1122 656 221 197 2084 288 223 102 1796 74 1722 951 121 466 771 106 57 203 49 65
is_linear=0
shrinkage=0.03


Tree=242
num_leaves=28
num_cat=0
split_feature=35 25 5 0 31 29 0 26 21 25 0 25 5 0 22 22 5 0 21 33 26 20 26 0 20 33 20
split_gain=2.5366e-05 0.000225741 0.000273639 0.000453622 0.000375907 0.000155619 0.000429717 0.000322976 0.000137196 0.000111875 0.000506001 0.000208773 0.000350453 0.000186398 9.76991e-05 0.000149709 7.94985e-05 6.95323e-05 5.58512e-05 5.07285e-05 3.99012e-05 0.000253868 4.27165e-05 2.58041e-05 1.08769e-05 8.77783e-06 2.60944e-06
threshold=0.015975017429075134 -0.29263540568212482 22211104.500000004 48.894268035888679 0.0076380075444028037 72.566765879156534 38.229415893554695 1.3462362938406323 81.590416590372726 0.19196333817179145 33.863971710205085 -0.36412750523708598 43632924.500000007 50.337730407714851 63.992602081870537 46.919178306491823 13697809.000000002 33.212558746337898 83.919166501363136 0.0191517666165858 1.4565484651076723 84.96750030517579 1.0624136620928522 73.953014373779311 82.676249694824236 0.028629718362304882 93.618750190734872
decision_type=2 2 2 2 2 2 2 2 2 2 2 2 2 2 2 2 2 2 2 2 2 2 2 2 2 2 2
left_child=1 8 14 4 -4 9 7 25 17 11 -11 12 -2 -13 15 -3 -16 -1 24 -12 22 -22 -8 -5 -10 -7 -20
right_child=5 2 3 23 -6 6 20 -9 18 10 19 13 -14 -15 16 -17 -18 -19 26 -21 21 -23 -24 -25 -26 -27 -28
leaf_value=0 -3.7712889775281172e-05 2.9373689166006064e-06 -8.4168295958759003e-05 2.1112836564606366e-05 0 1.6462999268809384e-05 0 0.00011039451693799061 0 -0.00015154284628927396 2.5560637237565493e-06 2.0016476958940167e-05 4.8129456010700635e-05 -4.2363537637327367e-06 0 -1.3390663337571953e-05 2.8966002940964377e-05 5.8404532909229479e-05 1.7504800463734413e-05 -3.146422396702051e-05 -6.1492748729709905e-05 0 2.321933764542114e-05 0 -3.4563798820198046e-05 -7.8689018970628246e-07 0
leaf_weight=20 240 648 153 52 47 29 26 68 25 24 154 669 26 204 55 910 150 90 94 45 66 71 98 32 28 21 23
leaf_count=20 240 648 153 52 47 29 26 68 25 24 154 669 26 204 55 910 150 90 94 45 66 71 98 32 28 21 23
internal_value=0 -2.1118e-06 -6.71335e-06 -3.44939e-05 -6.10704e-05 2.67419e-06 2.00572e-05 6.75727e-05 2.08087e-05 0 -2.09652e-05 1.51848e-06 -1.80334e-05 1.09133e-05 -5.34953e-07 -4.67437e-06 1.62845e-05 4.71495e-05 0 0 0 -1.2513e-05 1.07886e-05 0 -2.11624e-05 0 1.50392e-05
internal_weight=4068 2327 2047 284 200 1741 379 118 280 1362 223 1139 266 873 1763 1558 205 110 170 199 261 137 124 84 53 50 117
internal_count=4068 2327 2047 284 200 1741 379 118 280 1362 223 1139 266 873 1763 1558 205 110 170 199 261 137 124 84 53 50 117
is_linear=0
shrinkage=0.03


Tree=243
num_leaves=24
num_cat=0
split_feature=0 26 23 0 5 21 5 26 29 31 36 32 25 0 31 23 19 22 36 32 36 3 21
split_gain=2.52743e-05 0.000132498 7.8629e-05 5.85344e-05 0.000158196 0.000493417 0.00028755 0.000204342 0.000179297 0.00011428 7.2212e-05 0.00015299 0.000142021 0.000116002 0.000123668 8.58146e-05 4.46795e-05 0.00012332 7.29859e-05 7.23069e-05 3.48797e-05 2.33087e-05 3.31416e-06
threshold=33.289602279663093 1.6123652999936402 0.2427587230038242 35.812461853027351 27465266.500000004 51.374583212534596 19906426.500000004 1.1246000288847009 32.743602450249263 -0.0095213174106299463 0.0086628336115164746 0.015502651759230159 -0.047969629525032746 50.451776504516609 0.02363001238634144 -1.7984172931347471 46.90500030517579 39.643463681189608 0.004111647585153067 -0.0020433948858712965 -0.0041999533281893318 80.875000000000014 48.853749974568693
decision_type=2 2 2 2 2 2 2 2 2 2 2 2 2 2 2 2 2 2 2 2 2 2 2
left_child=1 16 -3 4 6 22 9 -8 -7 -2 11 15 -13 21 -15 -5 17 -1 20 -20 -18 -12 -6
right_child=3 2 -4 10 5 8 7 -9 -10 -11 13 12 -14 14 -16 -17 18 -19 19 -21 -22 -23 -24
leaf_value=0 0 7.4230906591149346e-05 0 3.4009587443602781e-05 1.1889585613833634e-05 0 0 5.8194024060295489e-05 -0.0001137362309071575 -3.3399259895734176e-05 -6.2060562631884064e-06 0 3.9116830846627801e-05 -4.0665528951090168e-05 0 -5.8790373413686815e-07 6.0263619757212488e-06 -8.1113683306338141e-05 0 4.445478213309444e-05 -1.3529674271590211e-05 8.7170515623523862e-06 0
leaf_weight=22 37 38 20 66 21 23 24 102 62 179 207 50 186 158 28 2252 143 22 22 69 143 171 23
leaf_count=22 37 38 20 66 21 23 24 102 62 179 207 50 186 158 28 2252 143 22 22 69 143 171 23
internal_value=0 6.44899e-06 4.8943e-05 -8.86611e-07 -1.08542e-05 -3.91504e-05 0 3.5827e-05 -8.68535e-05 -2.11795e-05 0 2.74505e-06 2.57819e-05 -9.0052e-06 -2.84043e-05 0 0 -2.79365e-05 3.91972e-06 2.80115e-05 0 0 0
internal_weight=4068 479 58 3589 471 129 342 126 85 216 3118 2554 236 564 186 2318 421 44 377 91 286 378 44
internal_count=4068 479 58 3589 471 129 342 126 85 216 3118 2554 236 564 186 2318 421 44 377 91 286 378 44
is_linear=0
shrinkage=0.03


Tree=244
num_leaves=16
num_cat=0
split_feature=34 33 29 26 34 35 25 26 29 21 23 32 0 33 33
split_gain=2.77694e-05 0.0002214 0.000179093 0.000278251 6.04797e-05 0.00033867 0.000292769 0.000158917 0.000145297 0.00026782 0.000114015 3.02829e-05 7.44373e-05 0.000231134 6.16639e-05
threshold=0.032638715944053327 0.04243112540457273 72.031485185429617 1.4259458751776106 0.016471645443034592 0.014216712584930973 0.43409820343220668 1.4849570065898308 56.852836055348853 76.563332939147969 0.87413570849230038 -0.0021721774604380735 40.032712936401374 0.04243112540457273 0.036273034222874208
decision_type=2 2 2 2 2 2 2 2 2 2 2 2 2 2 2
left_child=1 4 3 -2 8 7 -7 -6 10 -10 -1 -4 14 -14 -13
right_child=2 -3 11 -5 5 6 -8 -9 9 -11 -12 12 13 -15 -16
leaf_value=0 0 8.7908767979998849e-05 2.6076890481910919e-05 -0.00011121732316131137 0 4.7280639807317025e-05 0 -5.9075442876768996e-05 -3.4229383021408915e-05 0 2.032756697806404e-05 2.568849321281836e-05 -4.7001246149636074e-05 0 0
leaf_weight=2076 27 26 38 35 225 269 40 45 321 406 254 84 125 46 51
leaf_count=2076 27 26 38 35 225 269 40 45 321 406 254 84 125 46 51
internal_value=0 8.16202e-07 -7.45219e-06 -5.43941e-05 0 9.06974e-06 3.30715e-05 -7.29399e-06 -1.49086e-06 -1.36351e-05 1.01128e-06 0 -2.09732e-06 -1.99854e-05 0
internal_weight=4068 3662 406 62 3636 579 309 270 3057 727 2330 344 306 171 135
internal_count=4068 3662 406 62 3636 579 309 270 3057 727 2330 344 306 171 135
is_linear=0
shrinkage=0.03


Tree=245
num_leaves=17
num_cat=0
split_feature=28 20 5 5 25 33 30 19 5 28 35 28 29 0 5 25
split_gain=2.5606e-05 0.000165499 0.000147287 0.000186294 0.000712732 0.000133574 0.000130211 0.000105719 0.00010002 0.000182928 0.000193497 9.40278e-05 7.92166e-05 7.40094e-05 1.55935e-05 4.78886e-08
threshold=-2436328310.9999995 48.911250019073499 50171193.000000007 34923481.500000007 -0.058739941142121659 0.0094006542538588329 51.528304799839248 47.860000228881844 15586352.500000002 -2732083858.9999995 0.024697013876977401 -2617020919.4999995 68.676593270000822 79.449848175048842 26534622.500000004 0.22742704209060152
decision_type=2 2 2 2 2 2 2 2 2 2 2 2 2 2 2 2
left_child=7 -2 3 5 -5 -3 -4 14 12 10 -10 -11 13 -9 -1 -14
right_child=1 2 6 4 -6 -7 -8 8 9 11 -12 -13 15 -15 -16 -17
leaf_value=0 -6.9905861292282438e-05 4.2878106985097846e-06 0.00010957991266049749 -0.00014103510692362148 0 -1.0845796886862381e-05 0 2.874358627235358e-05 -2.3545948467535857e-05 4.0530236947082404e-05 2.535799418799022e-06 0 -8.1366724452681692e-07 0 7.0374295439207509e-05 0
leaf_weight=58 32 1765 20 41 57 746 23 256 560 78 143 125 65 33 25 41
leaf_count=58 32 1765 20 41 57 746 23 256 560 78 143 125 65 33 25 41
internal_value=0 -1.71757e-06 0 -1.79353e-06 -4.23636e-05 0 5.36738e-05 3.30594e-06 0 -4.24574e-06 -1.39741e-05 1.46634e-05 1.36564e-05 2.23939e-05 3.64282e-05 0
internal_weight=4068 2684 2652 2609 98 2511 43 1384 1301 906 703 203 395 289 83 106
internal_count=4068 2684 2652 2609 98 2511 43 1384 1301 906 703 203 395 289 83 106
is_linear=0
shrinkage=0.03


Tree=246
num_leaves=27
num_cat=0
split_feature=33 33 27 27 24 4 31 32 28 27 19 4 28 1 5 5 32 28 33 27 27 27 23 27 5 4
split_gain=2.51522e-05 0.000139752 0.000216076 0.000313323 0.000153679 0.000137369 0.000223971 0.000195644 0.000328739 0.000489988 0.000180428 0.00033187 0.000180199 0.000295882 0.00013456 0.000120359 0.000170577 0.00011809 8.53097e-05 8.52376e-05 5.45968e-05 0.000404283 0.000278914 3.92707e-05 1.17112e-06 8.61732e-07
threshold=1.0000000180025095e-35 -0.002822112353908834 0.53833554194277078 0.68108257064745625 1.465376964556045 85.02500152587892 0.0099607786993819464 0.0052791938965864879 -688478741.49999988 0.76661712811788152 91.294998931884777 86.27500152587892 -2436328310.9999995 93.450000762939467 16378823.000000002 16378823.000000002 -0.0061833674638461225 41470116.500000007 -0.024977202187580757 0.7709169554550156 0.89477545326882524 0.72290324176529863 1.1174823773471625 0.81231539683090437 14087458.500000002 75.375000000000014
decision_type=2 2 2 2 2 2 2 2 2 2 2 2 2 2 2 2 2 2 2 2 2 2 2 2 2 2
left_child=1 4 14 -4 15 7 12 8 23 -10 11 -8 -7 -14 24 18 -17 -6 -1 -12 21 -9 -22 -2 -3 -5
right_child=5 2 3 25 17 6 10 20 9 -11 19 -13 13 -15 -16 16 -18 -19 -20 -21 22 -23 -24 -25 -26 -27
leaf_value=-6.9759286814754554e-06 -1.0326276078508073e-05 -2.6743242110635286e-05 -0.0001360720399101729 -5.6728193445853167e-06 6.8303441583901105e-05 0 0 -5.0580957039698757e-06 6.8045586837260917e-05 0 -4.8141845463623148e-05 9.6441025639758417e-05 -5.9790575121741296e-05 0 3.0649680930548882e-05 0 -2.9830694000868442e-05 0 1.1998073010682555e-05 0 0 4.4089199378939212e-05 -6.7214057244387748e-05 1.4514751152204116e-05 0 0
leaf_weight=99 181 76 33 24 52 57 21 444 218 85 33 51 183 90 72 683 268 22 672 31 262 189 63 76 26 57
leaf_count=99 181 76 33 24 52 57 21 444 218 85 33 51 183 90 72 683 268 22 672 31 262 189 63 76 26 57
internal_value=0 -2.25844e-06 -2.17594e-05 -5.38505e-05 0 2.45999e-06 -9.11516e-06 7.98988e-06 2.20771e-05 4.3322e-05 1.02167e-05 4.949e-05 -2.61711e-05 -3.77058e-05 0 -9.41639e-07 -9.45662e-06 4.29644e-05 5.67059e-06 0 0 4.88227e-06 -1.02335e-05 0 -2.28637e-05 0
internal_weight=4068 2084 288 114 1796 1984 466 1518 560 303 136 72 330 273 174 1722 951 74 771 64 958 633 325 257 102 81
internal_count=4068 2084 288 114 1796 1984 466 1518 560 303 136 72 330 273 174 1722 951 74 771 64 958 633 325 257 102 81
is_linear=0
shrinkage=0.03


Tree=247
num_leaves=24
num_cat=0
split_feature=28 21 23 31 31 24 29 30 29 31 29 35 35 26 29 31 30 33 21 32 35 26 34
split_gain=2.60407e-05 0.000176718 0.000531367 0.000146266 0.000366725 0.000302529 0.000207629 0.000272124 0.000117952 0.00010794 0.000156371 0.000125328 0.000217936 0.000188007 8.70897e-05 0.000104896 8.41245e-05 7.15249e-05 6.44601e-05 5.28048e-05 6.77942e-05 1.23544e-05 1.17274e-05
threshold=-2436328310.9999995 52.482916673024498 -0.88931470713896477 -0.0068969324168187121 -0.0053026999689233514 -0.47589786597385697 74.413143226956365 32.873527231833684 72.758503347008244 0.002921713440476315 78.670356490481524 0.017965070115139228 0.033545472581059402 1.1268353970591669 85.554795030199955 0.0066788508039977721 83.840728569333848 0.03893802474847375 84.263749885559093 0.0039973775877502069 0.0099519185702004794 1.0678009185146715 -0.0097247539023942991
decision_type=2 2 2 2 2 2 2 2 2 2 2 2 2 2 2 2 2 2 2 2 2 2 2
left_child=9 2 -2 6 5 -5 7 -3 -6 11 17 19 13 -13 15 -12 -8 18 -11 22 -21 -16 -1
right_child=1 3 -4 4 8 -7 16 -9 -10 10 14 12 -14 -15 21 -17 -18 -19 -20 20 -22 -23 -24
leaf_value=4.15222747063026e-06 0 0 -0.00014404778384212013 -0.00011614813169326754 -6.1075199806439505e-06 0 -5.1469290182912162e-05 3.4988937272113726e-05 1.0733034905920106e-05 3.3432147311819618e-05 0 0 0 -5.8183505522408346e-05 0 -7.4537530572489001e-05 0 0 0 0 3.5456522244274472e-05 1.8328098573910456e-05 -4.7881451208113027e-06
leaf_weight=221 21 241 31 48 1289 82 41 395 504 336 21 68 34 139 22 31 32 21 36 36 92 33 294
leaf_count=221 21 241 31 48 1289 82 41 395 504 336 21 68 34 139 22 31 32 21 36 36 92 33 294
internal_value=0 -1.73083e-06 -5.66308e-05 0 -4.92043e-06 -5.38032e-05 1.09537e-05 1.93748e-05 0 3.33515e-06 1.50013e-05 0 -2.09233e-05 -3.81673e-05 0 -3.8787e-05 -2.13002e-05 2.53831e-05 2.92175e-05 3.35663e-06 2.06775e-05 0 0
internal_weight=4068 2684 52 2632 1923 130 709 636 1793 1384 500 884 241 207 107 52 73 393 372 643 128 55 515
internal_count=4068 2684 52 2632 1923 130 709 636 1793 1384 500 884 241 207 107 52 73 393 372 643 128 55 515
is_linear=0
shrinkage=0.03


Tree=248
num_leaves=21
num_cat=0
split_feature=28 1 5 25 29 5 25 4 23 23 3 31 23 33 25 27 20 22 33 25
split_gain=2.54909e-05 0.000258788 0.000269333 0.000107466 0.000256904 0.000337021 0.000100785 0.000107587 9.94922e-05 0.000288484 9.81549e-05 0.000325998 0.000277102 9.7782e-05 0.000220275 0.000176816 5.53966e-05 2.4077e-05 1.97459e-05 3.32661e-06
threshold=-34707013.999999993 93.450000762939467 13697809.000000002 -0.061064680638114648 21.224208737411445 22521576.000000004 0.10907749622063413 86.474998474121108 0.79914076126733857 1.637184152726306 87.974998474121108 0.0042407763395221352 0.034319221001691609 0.00065530043638195601 0.18727093682517137 0.89477545326882524 93.618750190734872 43.736695479557532 -0.021160629588235499 0.17454807011840368
decision_type=2 2 2 2 2 2 2 2 2 2 2 2 2 2 2 2 2 2 2 2
left_child=1 10 -3 4 18 17 7 -5 19 -10 13 12 -12 14 -1 -15 -9 -6 -2 -8
right_child=3 2 -4 6 5 -7 8 16 9 -11 11 -13 -14 15 -16 -17 -18 -19 -20 -21
leaf_value=0 2.1886341187492952e-05 0 0.00010790779930454453 0 0 -0.00014023390154915599 0 7.632838245784944e-05 -6.7777307376626402e-05 0 0 0 -0.00014707274621108919 1.3834027854621977e-05 -3.2182451745923666e-05 -5.8698756183692545e-06 0 -1.5174951606915568e-05 0 5.4689639753062345e-06
leaf_weight=1499 37 41 41 73 40 33 22 39 78 45 63 40 29 1146 207 384 23 94 34 100
leaf_count=1499 37 41 41 73 40 33 22 39 78 45 63 40 29 1146 207 384 23 94 34 100
internal_value=0 9.72578e-07 5.36343e-05 -5.64241e-06 -2.21102e-05 -4.56098e-05 0 2.45028e-05 -6.25651e-06 -2.83785e-05 0 -2.5612e-05 -6.4238e-05 7.21688e-07 -3.08605e-06 6.92802e-06 5.35293e-05 0 0 0
internal_weight=4068 3450 82 618 238 167 380 135 245 123 3368 132 92 3236 1706 1530 62 134 71 122
internal_count=4068 3450 82 618 238 167 380 135 245 123 3368 132 92 3236 1706 1530 62 134 71 122
is_linear=0
shrinkage=0.03


Tree=249
num_leaves=25
num_cat=0
split_feature=0 0 26 34 25 30 0 26 28 25 27 35 7 31 25 30 27 32 30 32 34 27 27 34
split_gain=2.51206e-05 0.000123984 0.000115741 0.000121873 6.0813e-05 0.000499879 0.000198005 9.33943e-05 7.80707e-05 5.74679e-05 0.000174759 0.000267811 0.000221443 0.00016225 0.000113201 0.000174324 9.18309e-05 0.000281065 0.000239012 0.000166781 7.30251e-05 2.97952e-05 1.85395e-06 7.65634e-06
threshold=33.289602279663093 32.309312820434577 1.2063974796816201 -0.011275667794175324 0.053393769135436843 61.708509669868313 31.06590557098389 1.3462362938406323 -236636849.49999997 0.002936502137675379 0.89477545326882524 0.020710039191842788 -1.0000000180025095e-35 -0.0039219520283711442 0.57842177897210367 74.644133773336875 0.74209166232589097 0.0097071131900863267 18.556341386982492 -0.0028035103440476879 0.0052087337266144571 1.020428190835885 0.51334675486265258 -0.0032154345177475281
decision_type=2 2 2 2 2 2 2 2 2 2 2 2 2 2 2 2 2 2 2 2 2 2 2 2
left_child=1 4 22 -4 6 -6 8 -8 -1 16 11 13 -13 -11 15 -12 17 19 -19 -2 -18 -16 23 -3
right_child=9 2 3 -5 5 -7 7 -9 -10 10 14 12 -14 -15 21 -17 20 18 -20 -21 -22 -23 -24 -25
leaf_value=5.848351834872137e-05 -9.9464749550969085e-06 1.0675744937696231e-05 0 8.2188292389185163e-05 -0.00011508562866099705 0 0 -6.5119952641509132e-05 0 -1.5251690600222511e-05 0 0 4.6646607274161574e-05 9.335502183626124e-06 2.2060683016994239e-05 -3.9067823807792074e-05 0 0 -5.2658174778629615e-05 1.1012750093573004e-05 4.1907639627800714e-05 0 0 0
leaf_weight=66 946 75 40 51 38 46 36 25 22 344 184 36 247 757 55 212 20 32 208 474 50 24 36 44
leaf_count=66 946 75 40 51 38 46 36 25 22 344 184 36 247 757 55 212 20 32 208 474 50 24 36 44
internal_value=0 6.41853e-06 2.31002e-05 5.08426e-05 0 -2.55107e-05 0 -1.91405e-05 4.20555e-05 -8.94345e-07 1.64162e-06 8.38605e-06 3.4572e-05 0 -1.16927e-05 -2.05231e-05 -5.35335e-06 -8.13876e-06 -3.88252e-05 -8.37416e-07 1.78221e-05 0 0 3.74296e-06
internal_weight=4068 479 246 91 233 84 149 61 88 3589 1859 1384 283 1101 475 396 1730 1660 240 1420 70 79 155 119
internal_count=4068 479 246 91 233 84 149 61 88 3589 1859 1384 283 1101 475 396 1730 1660 240 1420 70 79 155 119
is_linear=0
shrinkage=0.03


Tree=250
num_leaves=26
num_cat=0
split_feature=28 3 23 31 29 30 31 20 31 29 35 5 25 28 5 23 29 31 31 22 22 5 30 35 4
split_gain=2.47008e-05 0.000149266 0.000274509 0.000143726 0.000280174 0.000273304 0.000220213 0.000440398 9.91152e-05 0.000144183 0.00011419 0.000261442 0.000151131 9.21987e-05 8.78109e-05 9.93762e-05 7.99883e-05 9.8777e-05 7.10115e-05 5.4528e-05 0.000125532 4.02064e-05 3.42194e-05 3.3249e-05 1.64092e-05
threshold=-2436328310.9999995 51.225000381469734 -0.88931470713896477 -0.0068969324168187121 74.413143226956365 32.873527231833684 -0.0053026999689233514 87.165000152587908 0.002921713440476315 78.670356490481524 0.017965070115139228 40992717.500000007 -0.13593295403883923 -107238732.49999999 23899760.500000004 1.0706607089976219 85.554795030199955 0.0066788508039977721 -0.014469546065824566 60.846231495328091 46.919178306491823 16213596.000000002 59.156029113849137 0.021910492136713984 48.975000381469734
decision_type=2 2 2 2 2 2 2 2 2 2 2 2 2 2 2 2 2 2 2 2 2 2 2 2 2
left_child=8 2 24 4 5 -3 7 -5 10 14 19 12 -12 -8 23 -16 17 -11 -6 20 -1 -21 -13 -10 -2
right_child=1 3 -4 6 18 -7 13 -9 9 16 11 22 -14 -15 15 -17 -18 -19 -20 21 -22 -23 -24 -25 -26
leaf_value=1.1855066105685574e-05 2.1483654948410326e-05 0 -0.00011008336846733021 0 0 3.6179154809020855e-05 -6.7657479956196707e-06 -0.00017803211435814622 1.1691977176366293e-05 0 -7.9946523531992697e-05 3.0974554732740001e-05 0 6.9538018940628123e-06 5.9886826022938216e-05 0 0 -7.1925471989375033e-05 -4.9317565443409105e-05 0 -1.740424723538718e-05 3.8517872032575569e-05 0 0 -1.346637724217638e-05
leaf_weight=310 24 231 32 108 20 395 1155 20 219 21 73 32 110 625 112 23 55 31 54 42 229 62 26 39 20
leaf_count=310 24 231 32 108 20 395 1155 20 219 21 73 32 110 625 112 23 55 31 54 42 229 62 26 39 20
internal_value=0 -1.68285e-06 -4.31878e-05 0 1.11284e-05 2.08119e-05 -4.72792e-06 -4.33493e-05 3.2511e-06 1.44092e-05 0 -1.99438e-05 -4.25303e-05 -2.63072e-07 2.43772e-05 4.81024e-05 0 -3.7172e-05 -3.02203e-05 3.26896e-06 0 2.31827e-05 0 3.25531e-07 0
internal_weight=4068 2684 76 2608 700 626 1908 128 1384 500 884 241 183 1780 393 135 107 52 74 643 539 104 58 258 44
internal_count=4068 2684 76 2608 700 626 1908 128 1384 500 884 241 183 1780 393 135 107 52 74 643 539 104 58 258 44
is_linear=0
shrinkage=0.03


Tree=251
num_leaves=23
num_cat=0
split_feature=28 2 5 21 4 5 21 25 5 0 33 25 0 0 2 29 33 4 25 23 32 25
split_gain=2.50658e-05 0.000199059 0.000243761 0.000134133 0.000407858 0.000537867 0.000117054 0.000171424 0.000114105 0.000164872 7.91826e-05 0.000226692 0.000321593 0.000195572 0.000185153 0.000183672 9.48842e-05 7.40161e-05 9.79017e-05 5.4535e-05 3.78741e-05 3.63489e-05
threshold=-34707013.999999993 93.974998474121108 13697809.000000002 84.154583231608086 97.974998474121108 21496960.000000004 82.615833218892433 0.18980565383141634 23181511.000000004 51.459938049316413 0.00065530043638195601 0.18727093682517137 44.247859954833991 33.953756332397468 47.774999618530281 38.673466923108741 0.03893802474847375 80.52500152587892 -0.050219047035207041 -0.43422487342371591 0.0073733468776051589 -0.27309050240994276
decision_type=2 2 2 2 2 2 2 2 2 2 2 2 2 2 2 2 2 2 2 2 2 2
left_child=1 10 -3 6 5 20 17 -8 9 -6 11 15 -13 14 -12 -1 -15 19 -19 -2 -5 -7
right_child=3 2 -4 4 8 21 7 -9 -10 -11 13 12 -14 16 -16 -17 -18 18 -20 -21 -22 -23
leaf_value=-7.0065066716400256e-06 0 0 8.7803075942608579e-05 0 7.5409054250450644e-06 0 9.6126468587017124e-05 0 6.5277839931842941e-05 -5.5933753192812903e-05 0 -6.34239622580726e-05 0 2.8992339309244164e-06 4.7434962684983772e-05 1.602692305576724e-05 -2.6753534597609063e-05 0 -4.6596250264465278e-05 2.128639999858388e-05 -2.7491873779843664e-05 -0.00022571095001314539
leaf_weight=1122 49 44 52 77 73 21 28 27 24 46 23 132 82 1295 167 429 104 28 71 109 45 20
leaf_count=1122 49 44 52 77 73 21 28 27 24 46 23 132 82 1295 167 429 104 28 71 109 45 20
internal_value=0 9.51091e-07 4.35512e-05 -5.6079e-06 -2.13965e-05 -5.57656e-05 2.66694e-07 4.37304e-05 0 0 0 -4.63554e-06 -3.36167e-05 4.58013e-06 3.31853e-05 0 0 0 -2.58579e-05 1.49406e-06 0 -0.000155303
internal_weight=4068 3450 96 618 306 163 312 55 143 119 3354 1765 214 1589 190 1551 1399 257 99 158 122 41
internal_count=4068 3450 96 618 306 163 312 55 143 119 3354 1765 214 1589 190 1551 1399 257 99 158 122 41
is_linear=0
shrinkage=0.03


Tree=252
num_leaves=19
num_cat=0
split_feature=27 27 32 21 24 30 32 5 5 31 2 30 32 25 22 1 35 31
split_gain=2.46459e-05 0.000130191 0.000205963 0.000352573 0.00020504 0.000171027 0.000109299 0.000176691 0.000177391 0.000100871 0.000226151 0.000134098 8.30556e-05 6.27685e-05 6.91508e-05 6.25496e-05 5.76751e-05 2.02286e-05
threshold=-0.04537947003404643 0.1234905166105089 -0.012618445368498486 64.738333066304548 -0.70267535025804095 18.556341386982492 -0.012382144441125729 27700134.500000004 17476363.000000004 -0.0012646512684573728 88.674999237060561 25.473522942311796 -0.0091617064312406443 -0.25236663199095871 27.686269697584507 72.325000762939467 0.015841556460943949 -0.021219313580372597
decision_type=2 2 2 2 2 2 2 2 2 2 2 2 2 2 2 2 2 2
left_child=13 2 3 4 -2 -5 7 8 -3 10 -8 -11 -4 14 -1 -9 -14 -16
right_child=1 6 12 5 -6 -7 9 15 -10 11 -12 -13 16 -15 17 -17 -18 -19
leaf_value=0 -0.00019993712431872816 0 3.2681408749524822e-05 2.984199168866162e-05 0 -3.0676722207178625e-05 -1.3150455401916881e-07 0 5.143191202731885e-05 2.1659938865949297e-05 -4.844318303559754e-05 0 0 0 0 -3.7468081956236917e-05 -3.1401559155253837e-05 6.2047846617013973e-05
leaf_weight=22 20 209 63 49 41 117 879 62 158 280 121 1721 114 50 21 40 60 41
leaf_count=22 20 209 63 49 41 117 879 62 158 280 121 1721 114 50 21 40 60 41
internal_value=0 -4.73518e-07 -1.58285e-05 -3.6445e-05 -0.000100649 0 7.15587e-07 1.45668e-05 2.65393e-05 -4.4987e-07 -8.98118e-06 2.31471e-06 0 1.26028e-05 3.04135e-05 0 -6.49946e-06 4.74853e-05
internal_weight=4068 3934 464 227 61 166 3470 469 367 3001 1000 2001 237 134 84 102 174 62
internal_count=4068 3934 464 227 61 166 3470 469 367 3001 1000 2001 237 134 84 102 174 62
is_linear=0
shrinkage=0.03


Tree=253
num_leaves=15
num_cat=0
split_feature=5 5 24 24 32 24 32 29 24 27 28 5 29 28
split_gain=2.4077e-05 0.000305613 0.000205982 0.000149155 0.000241728 6.80565e-05 0.00012552 0.000110184 9.5966e-05 0.000223251 6.56072e-05 6.35144e-05 5.71534e-05 1.78201e-07
threshold=40992717.500000007 36422404.500000007 0.33166429726512958 -0.45237866218835648 -0.025717069895422103 -1.5763246469278902 0.0171552890725758 59.768937195093706 -1.145903695405831 0.055088109440527069 -2702935453.4999995 24721671.500000004 44.827682973111123 -2923025652.9999995
decision_type=2 2 2 2 2 2 2 2 2 2 2 2 2 2
left_child=1 5 -3 12 -5 6 7 -1 9 -7 13 -10 -2 -6
right_child=3 2 -4 4 10 8 -8 -9 11 -11 -12 -13 -14 -15
leaf_value=6.4303942112591673e-05 0 -9.5079423145048395e-05 0 0 2.3083034473505318e-06 -9.9356886882757394e-05 0 0 -6.3067947038330657e-07 0 7.6785324665311838e-05 1.0394314105604842e-05 -4.7188509428002796e-05 0
leaf_weight=66 34 51 29 42 30 29 30 29 2930 158 73 519 23 25
leaf_count=66 34 51 29 42 30 29 30 29 2930 158 73 519 23 25
internal_value=0 -6.27822e-07 -5.87601e-05 9.42075e-06 3.01276e-05 0 2.21162e-05 4.27939e-05 -1.29694e-07 -2.14822e-05 5.3885e-05 1.58805e-07 0 0
internal_weight=4068 3841 80 227 170 3761 125 95 3636 187 128 3449 57 55
internal_count=4068 3841 80 227 170 3761 125 95 3636 187 128 3449 57 55
is_linear=0
shrinkage=0.03


Tree=254
num_leaves=21
num_cat=0
split_feature=35 25 34 31 29 29 34 26 0 5 0 20 25 5 31 29 28 0 20 26
split_gain=2.43722e-05 0.000210584 0.000448782 0.000269356 0.000154708 0.000407873 0.000262716 0.000381135 0.000216837 0.000117597 0.000257505 0.000115806 0.000109092 0.000477301 0.000131097 7.60103e-05 6.09696e-05 5.6294e-05 4.35698e-05 6.47019e-06
threshold=0.015975017429075134 -0.29263540568212482 -0.035094278258116778 -0.0067819609067372713 72.566765879156534 74.71918248019071 0.03087275268108625 1.2778199185017125 33.953756332397468 22211104.500000004 48.894268035888679 82.361250495910653 -0.36412750523708598 43632924.500000007 0.0078119133433526286 21.224208737411445 -187324163.99999997 33.212558746337898 85.507499885559099 1.2838866718552462
decision_type=2 2 2 2 2 2 2 2 2 2 2 2 2 2 2 2 2 2 2 2
left_child=1 11 3 -3 6 -6 12 -8 -7 15 -11 17 13 -2 -14 -4 -10 -1 -13 -20
right_child=4 2 9 -5 5 8 7 -9 16 10 -12 18 14 -15 -16 -17 -18 -19 19 -21
leaf_value=0 -3.5658105020322526e-05 0 1.8278833517347821e-05 -0.00014134821313345635 0.00011975853377888675 7.6817187408176658e-05 0 -0.00011589172378810675 -1.5496882312475595e-05 -4.36930156855333e-05 0 -2.0124548826573e-05 1.5091067364576076e-05 8.2377567734250197e-05 -2.7310317397988103e-06 -1.9598307621703339e-06 7.6568928441880508e-06 5.0545148952794995e-05 0 1.8525979275448343e-05
leaf_weight=20 240 21 187 36 36 33 23 43 202 184 84 50 740 25 291 1535 108 104 34 72
leaf_count=20 240 21 187 36 36 33 23 43 202 184 84 50 740 25 291 1535 108 104 34 72
internal_value=0 -2.10776e-06 -6.58618e-06 -9.15744e-05 2.58078e-06 1.99465e-05 -5.0157e-08 -5.97334e-05 6.94955e-07 -2.6399e-06 -2.11305e-05 1.99129e-05 6.79007e-07 -1.31793e-05 7.15148e-06 0 0 4.16512e-05 0 1.33546e-05
internal_weight=4068 2327 2047 57 1741 379 1362 66 343 1990 268 280 1296 265 1031 1722 310 124 156 106
internal_count=4068 2327 2047 57 1741 379 1362 66 343 1990 268 280 1296 265 1031 1722 310 124 156 106
is_linear=0
shrinkage=0.03


Tree=255
num_leaves=25
num_cat=0
split_feature=35 28 28 20 28 0 35 22 28 31 5 0 1 31 30 21 0 28 30 19 5 5 0 28
split_gain=2.37576e-05 0.00026406 0.000389726 0.000400644 0.000587351 0.000283228 0.000240478 0.000146764 0.000119447 0.000117034 0.000101896 7.33825e-05 0.000175287 0.000314824 0.000169887 0.00022873 0.000144681 0.000119635 0.00010786 8.04557e-05 5.65822e-05 0.000246349 0.000178121 5.00889e-06
threshold=0.024163225849861681 -2857359586.4999995 -611367842.49999988 59.026249694824223 -2540887151.4999995 47.445304870605476 0.036732541135915224 40.995545993742873 9040197.0000000019 0.019198464891116766 25818658.500000004 48.458337783813484 88.224998474121108 -0.0016025712301477311 82.227973184388233 79.334583473205569 50.337730407714851 9040197.0000000019 29.514213996756663 95.125000000000014 18946231.000000004 16566130.000000002 73.658248901367202 -155693167.99999997
decision_type=2 2 2 2 2 2 2 2 2 2 2 2 2 2 2 2 2 2 2 2 2 2 2 2
left_child=11 9 3 7 -5 8 -7 -3 -4 10 -2 12 14 18 15 -1 19 -16 -14 -13 21 -18 -22 -15
right_child=1 2 5 4 -6 6 -8 -9 -10 -11 -12 16 13 23 17 -17 20 -19 -20 -21 22 -23 -24 -25
leaf_value=-1.285992376230301e-05 0 7.2272286575339429e-05 5.0424177242852729e-05 0 -0.00020654871498794735 0 -9.9188167544142893e-05 -1.5582167681076097e-05 0 0 8.400174935637373e-05 0 0 -1.0670192257345253e-05 3.8354038750704128e-05 5.9305176809722795e-06 0 0 -9.3460187873120899e-05 7.1161359678843003e-05 3.2418493234914812e-05 -4.4358022718336873e-05 0 4.7281348279376281e-06
leaf_weight=1313 23 21 175 60 27 73 22 90 30 34 64 58 22 22 151 801 427 25 67 44 187 120 123 89
leaf_count=1313 23 21 175 60 27 73 22 90 30 34 64 58 22 22 151 801 427 25 67 44 187 120 123 89
internal_value=0 5.33452e-06 0 -3.67094e-05 -8.48809e-05 1.67102e-05 -3.2359e-06 0 4.05777e-05 4.59124e-05 6.43436e-05 -1.04467e-06 -4.44101e-06 -3.20615e-05 -7.17463e-07 -4.32119e-06 4.6454e-06 2.55103e-05 -7.40849e-05 3.84455e-05 0 -5.16566e-06 1.08231e-05 0
internal_weight=4068 619 498 198 87 300 95 111 205 121 87 3449 2490 200 2290 2114 959 176 89 102 857 547 310 111
internal_count=4068 619 498 198 87 300 95 111 205 121 87 3449 2490 200 2290 2114 959 176 89 102 857 547 310 111
is_linear=0
shrinkage=0.03


Tree=256
num_leaves=16
num_cat=0
split_feature=28 19 19 5 22 24 23 5 36 7 24 20 32 36 5
split_gain=2.23437e-05 0.000173856 0.0005766 0.000250236 0.00016828 0.000420693 0.000178514 8.01742e-05 0.000140526 0.000272029 0.000126027 0.000162327 9.11758e-05 5.95185e-05 5.9467e-05
threshold=-3182351017.4999995 52.679999923706063 51.660000228881842 24342067.000000004 40.230295080840193 -0.72274407308226352 -0.76330487162331895 39548638.000000007 0.014902928561999878 1.0000000180025095e-35 1.1757203430708121 71.327499771118184 0.014722879939860435 -0.009011704855945107 23708659.500000004
decision_type=2 2 2 2 2 2 2 2 2 2 2 2 2 2 2
left_child=13 2 4 -4 6 -6 -2 8 12 -10 11 -9 -3 -1 -15
right_child=1 7 3 -5 5 -7 -8 10 9 -11 -12 -13 -14 14 -16
leaf_value=0 8.2700682154002899e-05 0 0 -0.00020673657279744105 -0.00013140498861220887 0 0 0 -4.5220715764178014e-05 0 0 6.3588272360735651e-05 1.4196377317221009e-05 0 4.6921351540429206e-05
leaf_weight=31 35 2766 23 21 26 122 33 21 180 49 42 82 422 158 57
leaf_count=31 35 2766 23 21 26 122 33 21 180 49 42 82 422 158 57
internal_value=0 -6.2315e-07 -2.46203e-05 -0.000123865 0 -2.20569e-05 3.41458e-05 2.86906e-07 0 -2.32143e-05 2.23453e-05 4.246e-05 9.71766e-07 8.69948e-06 1.83199e-05
internal_weight=4068 3822 260 44 216 148 68 3562 3417 229 145 103 3188 246 215
internal_count=4068 3822 260 44 216 148 68 3562 3417 229 145 103 3188 246 215
is_linear=0
shrinkage=0.03


Tree=257
num_leaves=22
num_cat=0
split_feature=35 25 34 31 29 29 34 0 21 28 25 32 31 29 22 23 0 28 21 32 20
split_gain=2.27129e-05 0.000197558 0.000421277 0.00025373 0.00014841 0.000379915 0.0002414 0.000202757 0.000122661 0.000103162 9.95621e-05 0.000282051 0.000121758 9.85548e-05 0.000114246 6.46595e-05 6.40713e-05 5.85751e-05 5.13259e-05 5.86696e-05 8.37014e-06
threshold=0.015975017429075134 -0.29263540568212482 -0.035094278258116778 -0.0067819609067372713 72.566765879156534 74.71918248019071 0.03087275268108625 33.953756332397468 81.590416590372726 -2561011961.9999995 -0.36412750523708598 -0.023737113800701534 0.0078119133433526286 21.224208737411445 63.219586248947607 0.36950389927720911 33.212558746337898 -187324163.99999997 83.919166501363136 -0.0036776516041558955 82.676249694824236
decision_type=2 2 2 2 2 2 2 2 2 2 2 2 2 2 2 2 2 2 2 2 2
left_child=1 8 3 -3 6 -6 10 -7 16 -8 11 -2 -12 15 -15 -4 -1 -9 20 -20 -10
right_child=4 2 13 -5 5 7 9 17 18 -11 12 -13 -14 14 -16 -17 -18 -19 19 -21 -22
leaf_value=0 1.272595086196575e-05 0 2.0939613042168991e-05 -0.00013707287830476056 0.00011608283801992368 7.4277181669667327e-05 0 -1.5164920866370978e-05 0 -8.3793470557608004e-05 1.4550673694233363e-05 -3.876889943435047e-05 -2.3427129264448881e-06 -1.0555247904363216e-05 5.0407613641135085e-06 0 5.4936763073912574e-05 7.5974765050322511e-06 0 3.892117919899456e-05 -3.3018208815257574e-05
leaf_weight=20 77 21 211 36 36 33 22 202 25 44 740 188 291 1454 301 24 90 108 67 50 28
leaf_count=20 77 21 211 36 36 33 22 202 25 44 740 188 291 1454 301 24 90 108 67 50 28
internal_value=0 -2.00375e-06 -6.37816e-06 -8.87671e-05 2.52474e-06 1.95347e-05 -7.18971e-09 6.26731e-07 1.92568e-05 -5.72696e-05 5.98511e-07 -1.24906e-05 6.87323e-06 -2.50648e-06 -6.17094e-06 1.20905e-05 4.41142e-05 0 0 1.40427e-05 -2.0858e-05
internal_weight=4068 2327 2047 57 1741 379 1362 343 280 66 1296 265 1031 1990 1755 235 110 310 170 117 53
internal_count=4068 2327 2047 57 1741 379 1362 343 280 66 1296 265 1031 1990 1755 235 110 310 170 117 53
is_linear=0
shrinkage=0.03


Tree=258
num_leaves=25
num_cat=0
split_feature=28 28 31 26 21 4 26 25 21 25 35 31 0 31 36 30 28 30 21 4 0 23 34 31
split_gain=2.21402e-05 0.000190302 0.000185231 0.00020812 0.000122216 0.000390149 0.000466491 0.000276614 0.000108669 0.000163023 0.000100654 0.000460152 0.000628008 0.00044211 0.00044154 0.000122588 9.62034e-05 8.89233e-05 0.000255046 8.40374e-05 6.62894e-05 0.000104194 8.48957e-05 4.46355e-07
threshold=-34707013.999999993 -80996069.999999985 0.002921713440476315 1.3409033254956315 84.154583231608086 97.974998474121108 1.490737582404424 0.23988440389906532 82.615833218892433 0.18980565383141634 0.031978995084651816 -0.02334932704628195 34.605464935302741 -0.010582011898796371 -0.019641406445310844 20.336233900425242 -2436328310.9999995 49.536860280462676 76.17791690826418 79.424999237060561 51.459938049316413 -0.14559672551621358 -0.010658758928220767 -0.0026350071286252992
decision_type=2 2 2 2 2 2 2 2 2 2 2 2 2 2 2 2 2 2 2 2 2 2 2 2
left_child=1 10 23 -4 8 6 -6 -8 17 -10 11 12 -1 14 -12 -13 -15 19 -19 -2 21 -7 -22 -3
right_child=4 2 3 -5 5 20 7 -9 9 -11 13 15 -14 16 -16 -17 -18 18 -20 -21 22 -23 -24 -25
leaf_value=-0.00020314795256851244 0 1.9933604757931588e-06 0 9.2966660966804405e-05 0 5.8327615147179288e-05 -0.00012613186061891874 0 9.328390456101395e-05 0 0 1.4123387074741773e-05 0 0 0.00015978702337513854 -3.0505048143980159e-06 -4.2427153401115512e-05 0 -5.0371891442643508e-05 4.388606641441583e-05 0 0 -4.2601314485581878e-05 0
leaf_weight=24 69 101 21 61 67 45 72 24 28 27 44 434 38 53 34 2551 48 26 119 43 21 35 42 41
leaf_count=24 69 101 21 61 67 45 72 24 28 27 44 434 38 53 34 2551 48 26 119 43 21 35 42 41
internal_value=0 8.9975e-07 2.78694e-05 6.44254e-05 -5.26489e-06 -2.03793e-05 -5.41509e-05 -9.66722e-05 0 4.21307e-05 -4.37979e-08 -2.23653e-06 -8.31523e-05 2.05117e-05 7.78432e-05 0 0 0 -2.23768e-05 8.11185e-06 0 2.72915e-05 0 0
internal_weight=4068 3450 224 82 618 306 163 96 312 55 3226 3047 62 179 78 2985 101 257 145 112 143 80 63 142
internal_count=4068 3450 224 82 618 306 163 96 312 55 3226 3047 62 179 78 2985 101 257 145 112 143 80 63 142
is_linear=0
shrinkage=0.03


Tree=259
num_leaves=24
num_cat=0
split_feature=5 0 25 5 0 0 25 23 33 30 32 22 31 22 33 5 28 25 25 26 33 5 0
split_gain=2.25799e-05 0.00012902 0.0001249 7.46122e-05 0.00020687 0.000178237 7.55236e-05 0.000246844 0.000219201 0.00017644 0.000158879 0.000178763 8.01947e-05 7.33134e-05 0.000148017 0.000126458 5.19271e-05 7.06311e-05 0.000126373 4.99741e-05 2.9467e-05 7.22112e-06 1.52584e-06
threshold=12222302.000000002 42.834110260009773 0.12598336410149802 14458628.000000002 35.429193496704109 33.34442329406739 -0.09420249817135827 -0.62415339869719577 -0.044011748063531801 32.219986733009449 -0.0074626461056775941 43.736695479557532 -0.0018535400443222547 47.588882917154706 -0.00060385635080767431 13344891.000000002 -2753500443.9999995 0.094356099131835555 -0.26380197746667983 0.93214743979545922 0.0099616280755087123 11041665.500000002 78.652561187744155
decision_type=2 2 2 2 2 2 2 2 2 2 2 2 2 2 2 2 2 2 2 2 2 2 2
left_child=1 2 19 4 5 -2 7 8 -5 -9 11 -8 -12 15 -15 -6 21 18 -18 -1 -21 22 -3
right_child=3 16 -4 6 13 -7 10 9 -10 -11 12 -13 -14 14 -16 -17 17 -19 -20 20 -22 -23 -24
leaf_value=0 0 1.1449549986341305e-05 0 -4.903369398830703e-05 3.6572218565210393e-05 -9.730647249760256e-05 0 0 2.0326412452016248e-05 -3.7799170417115331e-05 -1.3011480230475667e-05 3.5078939377575169e-05 4.088835831635266e-06 0 -3.2381794821263527e-05 0 0 0 -4.0755826065155846e-05 4.417832352278986e-05 0 0 0
leaf_weight=41 39 71 110 28 99 44 126 356 381 267 332 279 954 105 172 101 53 113 134 162 42 35 24
leaf_count=41 39 71 110 28 99 44 126 356 381 267 332 279 954 105 172 101 53 113 134 162 42 35 24
internal_value=0 4.58512e-06 1.93143e-05 -1.07818e-06 -1.12563e-05 -5.56279e-05 0 -5.24632e-06 8.23405e-06 -1.89107e-05 4.83687e-06 2.12283e-05 0 0 -1.30576e-05 9.67651e-06 -6.0159e-07 -1.23053e-05 -2.41377e-05 3.16084e-05 3.7685e-05 3.3366e-06 9.1416e-06
internal_weight=4068 785 355 3283 560 83 2723 1032 409 623 1691 405 1286 477 277 200 430 300 187 245 204 130 95
internal_count=4068 785 355 3283 560 83 2723 1032 409 623 1691 405 1286 477 277 200 430 300 187 245 204 130 95
is_linear=0
shrinkage=0.03


Tree=260
num_leaves=27
num_cat=0
split_feature=33 21 27 23 26 33 33 0 26 33 26 27 27 24 0 35 19 24 5 22 5 32 33 34 36 26
split_gain=2.26767e-05 0.000145911 0.000148581 0.000141576 0.00019715 0.000128584 0.000219524 0.000177367 0.000128012 0.000127332 0.000231419 0.000302051 0.000254912 0.00014139 0.000139893 0.000126888 0.00015346 0.000112452 0.000111923 0.000154616 9.57152e-05 7.77259e-05 7.6792e-05 3.11525e-05 1.02725e-07 1.73145e-08
threshold=1.0000000180025095e-35 84.057499885559096 0.89477545326882524 1.1174823773471625 1.3648402757351892 0.021543011165497176 0.0068089969556935923 51.198415756225593 2.4243381586723811 -0.002822112353908834 0.98848266258063233 0.48250566173948745 0.80236363073691574 1.465376964556045 51.459938049316413 0.010499004889335582 65.895000457763686 -0.10104299993254307 16378823.000000002 37.070690398006334 16378823.000000002 0.013847839063719782 -0.024977202187580757 0.00077285627037382298 -0.0035315262270730154 0.80793779858730796
decision_type=2 2 2 2 2 2 2 2 2 2 2 2 2 2 2 2 2 2 2 2 2 2 2 2 2 2
left_child=9 2 15 17 -5 6 24 -8 21 13 25 20 -13 18 -15 23 -17 -4 22 -20 -12 -7 -1 -2 -3 -11
right_child=1 5 3 4 -6 8 7 -9 -10 10 11 12 -14 14 -16 16 -18 -19 19 -21 -22 -23 -24 -25 -26 -27
leaf_value=-5.7110158024909288e-06 -2.0799769866211242e-05 0 -1.3606035029083776e-05 0 -8.4292423362268893e-05 0 -5.5641216332827741e-05 0 -5.7797613443539951e-06 0 -3.0725334766936558e-05 -0.00010609568670702636 0 7.0871241881461915e-05 0 0 3.0443439603387102e-05 1.951964621702869e-05 1.2633582403161225e-07 -1.8629813044010664e-05 2.1186498624367243e-05 5.3143580196707507e-05 1.1435637907613251e-05 1.2452061492616151e-06 1.007396126938849e-06 6.0839453314468216e-07
leaf_weight=99 64 42 108 49 43 20 167 48 39 23 64 74 28 50 24 318 520 213 319 632 57 65 672 197 91 42
leaf_count=99 64 42 108 49 43 20 167 48 39 23 64 74 28 50 24 318 520 213 319 632 57 65 672 197 91 42
internal_value=0 2.29611e-06 8.02481e-06 -1.82853e-06 -3.73962e-05 -9.69837e-06 -2.14479e-05 -4.07794e-05 0 -2.18485e-06 -2.0792e-05 -3.8624e-05 -7.69567e-05 0 4.11927e-05 1.4457e-05 2.02571e-05 0 -9.38192e-07 -9.18472e-06 0 3.65853e-05 5.34293e-06 0 0 0
internal_weight=4068 1984 1512 413 92 472 348 215 124 2084 288 223 102 1796 74 1099 838 321 1722 951 121 85 771 261 133 65
internal_count=4068 1984 1512 413 92 472 348 215 124 2084 288 223 102 1796 74 1099 838 321 1722 951 121 85 771 261 133 65
is_linear=0
shrinkage=0.03


Tree=261
num_leaves=26
num_cat=0
split_feature=35 0 36 31 20 2 26 34 31 29 1 0 1 31 31 26 1 0 30 26 36 30 31 22 1
split_gain=2.26751e-05 0.000157666 0.000241916 0.000473327 0.000402511 0.000237854 0.000198821 0.000194181 0.000129513 0.000127836 0.00020462 6.86285e-05 0.000161599 0.000292309 0.000162653 0.000298953 0.000211558 0.000136155 9.83415e-05 6.24145e-05 4.85668e-05 0.00020989 0.000118097 2.86261e-05 9.40136e-06
threshold=0.024163225849861681 50.451776504516609 -0.0024638224202087849 0.019672466496447719 49.792499828338627 63.975000381469734 1.331062893683465 -0.015284984090240648 -0.0080785174891121452 70.717874573878589 73.52500152587892 48.458337783813484 88.224998474121108 -0.0016025712301477311 0.0030525042754769864 1.3868345536852849 85.924999237060561 50.337730407714851 29.514213996756663 1.6781052268363694 0.0086628336115164746 77.830873267024188 -1.0000000180025095e-35 51.863627403310566 51.824998855590827
decision_type=2 2 2 2 2 2 2 2 2 2 2 2 2 2 2 2 2 2 2 2 2 2 2 2 2
left_child=11 2 5 4 -4 6 -2 -3 -7 10 -9 12 14 18 16 -16 -1 19 -14 -13 22 -22 -19 -21 -5
right_child=1 7 3 24 -6 8 -8 9 -10 -11 -12 17 13 -15 15 -17 -18 20 -20 23 21 -23 -24 -25 -26
leaf_value=0 0 0 0 1.5384269450534041e-06 9.7436114878478143e-05 3.702853217578876e-05 -8.1416433219808234e-05 0 0 0 -0.00010760395527815147 0 0 0 0 -4.4091247392445073e-05 4.6262425367015481e-05 -1.3124051514485112e-06 -8.9801506952987418e-05 0.00010073927943847601 0 -0.0001053322505886986 1.8681558196768043e-05 0 -9.0752198502474265e-06
leaf_weight=1427 27 38 25 22 120 110 54 21 28 29 43 49 22 111 561 204 98 398 67 22 109 20 330 31 102
leaf_count=1427 27 38 25 22 120 110 54 21 28 29 43 49 22 111 561 204 98 398 67 22 109 20 330 31 102
internal_value=0 5.30035e-06 1.65831e-05 3.61647e-05 7.32219e-05 0 -4.70682e-05 -1.38273e-05 1.57822e-05 -4.6329e-05 -7.0088e-05 -9.34921e-07 -4.24996e-06 -3.07762e-05 -6.22031e-07 -1.29203e-05 3.58061e-06 4.54404e-06 -7.12725e-05 3.73384e-05 0 -1.62538e-05 3.6318e-06 6.11436e-05 0
internal_weight=4068 619 488 269 145 219 81 131 138 93 64 3449 2490 200 2290 765 1525 959 89 102 857 129 728 53 124
internal_count=4068 619 488 269 145 219 81 131 138 93 64 3449 2490 200 2290 765 1525 959 89 102 857 129 728 53 124
is_linear=0
shrinkage=0.03


Tree=262
num_leaves=24
num_cat=0
split_feature=28 21 23 31 31 24 28 26 21 31 32 27 34 26 22 34 23 25 1 27 30 0 34
split_gain=2.10913e-05 0.000145333 0.000472733 0.000124807 0.000323865 0.00028019 0.000188523 0.000271659 0.000125993 0.000107665 9.48467e-05 0.000105556 0.00010543 0.000109249 7.67194e-05 0.00021294 0.000152057 6.45938e-05 3.39563e-05 3.1563e-05 0.000147323 6.24804e-06 1.19697e-07
threshold=-2436328310.9999995 52.482916673024498 -0.88931470713896477 -0.0068969324168187121 -0.0053026999689233514 -0.47589786597385697 51482399.000000007 1.1720395547127687 78.285833422342947 0.0021269129837375726 0.0011441506513505397 0.89889368695774985 -0.003781861693474275 1.0048011110040587 59.865961793784315 -0.0032154345177475281 -0.48113232100500619 -0.09420249817135827 82.52500152587892 1.0261850703942685 74.915219768077876 49.112291336059577 -0.0097247539023942991
decision_type=2 2 2 2 2 2 2 2 2 2 2 2 2 2 2 2 2 2 2 2 2 2 2
left_child=10 2 -2 6 5 -5 7 -3 -8 -6 14 12 22 -14 15 17 -17 -1 -16 20 -13 -21 -12
right_child=1 3 -4 4 9 -7 8 -9 -10 -11 11 19 13 -15 18 16 -18 -19 -20 21 -22 -23 -24
leaf_value=-5.4244646547877832e-06 0 -2.3822886483073569e-06 -0.00013450767044630239 -0.00011007513797681258 7.6752174737321583e-06 0 0 3.0719032041420036e-05 -4.9398848373583966e-05 -7.1251088597238056e-06 0 0 0 4.0238167577408388e-05 2.7416142428222841e-05 0 -4.8023636118498362e-05 1.6534965656297663e-05 0 1.3387576911348194e-05 -5.8311427899660045e-05 0 -1.7040262106715624e-06
leaf_weight=265 21 139 31 48 720 82 25 488 57 1073 68 59 108 238 76 42 161 184 21 36 47 42 37
leaf_count=265 21 139 31 48 720 82 25 488 57 1073 68 59 108 238 76 42 161 184 21 36 47 42 37
internal_value=0 -1.54548e-06 -5.13187e-05 0 -4.51233e-06 -5.04122e-05 1.01581e-05 1.85976e-05 -1.77766e-05 0 3.01373e-06 1.23775e-05 2.06468e-05 2.88058e-05 -9.20604e-07 -8.12444e-06 -3.39931e-05 0 1.65636e-05 0 -1.61169e-05 3.29293e-06 0
internal_weight=4068 2684 52 2632 1923 130 709 627 82 1793 1384 635 451 346 749 652 203 449 97 184 106 78 105
internal_count=4068 2684 52 2632 1923 130 709 627 82 1793 1384 635 451 346 749 652 203 449 97 184 106 78 105
is_linear=0
shrinkage=0.03


Tree=263
num_leaves=18
num_cat=0
split_feature=28 4 32 22 36 32 35 26 22 36 36 3 36 5 35 34 4
split_gain=2.1233e-05 0.000145487 0.000243782 0.000283778 0.000180662 8.65632e-05 0.000273514 0.000527773 0.000152208 0.000133772 0.000199912 0.000144628 5.8302e-05 5.03198e-05 3.29843e-05 4.76533e-05 3.97456e-06
threshold=-3182351017.4999995 52.524999618530281 0.0049904666800744133 40.230295080840193 -0.0046202894103664037 -0.018654799157196863 0.019890845969136029 1.7454355703967097 43.736695479557532 -0.017066999861467692 -0.025589340017498959 64.52500152587892 -0.009011704855945107 23708659.500000004 0.026249540272160313 0.02626122865873837 49.824998855590827
decision_type=2 2 2 2 2 2 2 2 2 2 2 2 2 2 2 2 2
left_child=12 2 3 16 -5 6 8 -8 -3 10 -7 -11 -1 -14 -4 -16 -2
right_child=1 5 14 4 -6 9 7 -9 -10 11 -12 -13 13 -15 15 -17 -18
leaf_value=0 3.0774442795736308e-06 -3.0350339812412346e-05 0 0 -0.00011817405454950919 0 0 9.7392579047575519e-05 1.4623691761989002e-05 1.830747237007208e-05 -6.2971505815739666e-05 -1.9446879109446871e-06 0 4.5000044083599512e-05 5.7305163978830773e-05 0 -1.1432608096817833e-05
leaf_weight=31 45 127 55 32 55 23 126 84 93 358 76 2682 158 57 22 20 24
leaf_count=31 45 127 55 32 55 23 126 84 93 358 76 2682 158 57 22 20 24
internal_value=0 -5.69952e-07 -2.28439e-05 -4.74515e-05 -8.34724e-05 1.69052e-07 1.33416e-05 3.91922e-05 0 -6.80085e-07 -3.50647e-05 0 8.52086e-06 1.80834e-05 0 2.65542e-05 0
internal_weight=4068 3822 253 156 87 3569 430 210 220 3139 99 3040 246 215 97 42 69
internal_count=4068 3822 253 156 87 3569 430 210 220 3139 99 3040 246 215 97 42 69
is_linear=0
shrinkage=0.03


Tree=264
num_leaves=26
num_cat=0
split_feature=0 0 26 34 4 28 32 34 21 21 28 0 32 29 33 33 29 29 25 30 0 26 28 27 34
split_gain=2.2048e-05 0.000110168 0.00010105 0.000108986 5.80564e-05 0.00014648 0.000307873 0.000232624 0.000100238 0.000294096 0.000311862 0.000262763 0.000274632 0.000212838 9.10106e-05 7.75017e-05 7.63507e-05 6.98753e-05 5.12431e-05 0.000445604 0.000183821 8.36662e-05 7.52099e-05 1.10569e-06 6.3923e-06
threshold=33.289602279663093 32.309312820434577 1.2063974796816201 -0.011275667794175324 77.875000000000014 -357382742.49999994 -0.014461842738738127 0.02626122865873837 84.154583231608086 84.404166857401535 -182481570.99999997 73.658248901367202 0.002304968406950048 89.124499300151811 0.034665068101045755 0.046076716949990056 22.513360561801111 21.541457528706903 0.053393769135436843 61.708509669868313 31.06590557098389 1.3462362938406323 -236636849.49999997 0.51334675486265258 -0.0032154345177475281
decision_type=2 2 2 2 2 2 2 2 2 2 2 2 2 2 2 2 2 2 2 2 2 2 2 2 2
left_child=1 18 23 -4 5 14 -7 -8 11 10 -10 13 -13 -6 16 -16 -2 -11 20 -20 22 -22 -1 24 -3
right_child=4 2 3 -5 8 6 7 -9 9 17 -12 12 -14 -15 15 -17 -18 -19 19 -21 21 -23 -24 -25 -26
leaf_value=5.6875006661255654e-05 -1.2831434970216954e-05 9.4792415194471302e-06 0 7.7332896407130447e-05 2.7512698121344605e-05 0 -7.5503809265186939e-05 0 0 1.6101239422387441e-05 -0.00016169803480229283 -5.6540694459767352e-05 0 -6.0273454816992028e-06 -5.9355500014012633e-05 0 4.7772995574781501e-06 -3.0509475565161861e-06 -0.00010833529731640077 0 0 -6.1394482009452333e-05 0 0 0
leaf_weight=66 257 75 40 51 635 34 117 21 27 214 21 88 81 53 43 49 1156 793 38 46 36 25 22 36 44
leaf_count=66 257 75 40 51 635 34 117 21 27 214 21 88 81 53 43 49 1156 793 38 46 36 25 22 36 44
internal_value=0 6.02888e-06 2.17635e-05 4.77266e-05 -8.22698e-07 -5.43121e-06 -3.24408e-05 -5.76014e-05 1.6505e-06 -2.44803e-06 -7.5062e-05 1.01958e-05 -1.42781e-05 2.05686e-05 -3.4922e-07 -2.98554e-05 0 0 0 -2.34175e-05 0 -1.77772e-05 4.07268e-05 0 2.89056e-06
internal_weight=4068 479 246 91 3589 1677 172 138 1912 1055 48 857 169 688 1505 92 1413 1007 233 84 149 61 88 155 119
internal_count=4068 479 246 91 3589 1677 172 138 1912 1055 48 857 169 688 1505 92 1413 1007 233 84 149 61 88 155 119
is_linear=0
shrinkage=0.03


Tree=265
num_leaves=19
num_cat=0
split_feature=28 21 23 5 32 32 32 35 21 22 35 33 27 21 33 26 1 26
split_gain=2.1487e-05 0.000130605 0.000442095 0.000123313 0.000333507 0.000177115 8.95356e-05 0.000107352 0.000153749 9.82808e-05 9.42941e-05 0.00015507 0.000254845 7.37358e-05 0.000113017 8.40165e-05 6.02366e-06 3.17881e-05
threshold=-2436328310.9999995 52.482916673024498 -0.88931470713896477 50171193.000000007 -0.041337854561385605 -0.021544828082227348 -0.0028035103440476879 0.027777771236801984 65.477916431427005 67.721597514023998 0.018181807124724659 -0.011292729220973794 0.67401190405589884 65.902083492279061 0.028629718362304882 1.0048011110040587 79.27500152587892 0.80793779858730796
decision_type=2 2 2 2 2 2 2 2 2 2 2 2 2 2 2 2 2 2
left_child=6 2 -2 4 -3 -6 10 13 9 -9 16 -12 -13 14 -8 -15 17 -1
right_child=1 3 -4 -5 5 -7 7 8 -10 -11 11 12 -14 15 -16 -17 -18 -19
leaf_value=0 0 -9.321807520029681e-05 -0.00012959938140741736 5.9380168106833911e-05 2.5183026638549266e-05 -2.5636838078596405e-06 0 9.0471650939304041e-05 0 0 0 -0.00010955383243476608 0 0 -4.8735141452983136e-05 2.2489666695446762e-05 0 1.2881067707361086e-05
leaf_weight=76 21 35 31 30 227 2340 327 50 21 21 120 38 23 70 43 285 105 205
leaf_count=76 21 35 31 30 227 2340 327 50 21 21 120 38 23 70 43 285 105 205
internal_value=0 -1.60626e-06 -4.8878e-05 0 -1.36511e-06 0 2.99473e-06 1.04661e-05 4.46056e-05 6.72571e-05 -2.48082e-06 -2.2088e-05 -6.10757e-05 1.99104e-06 -1.32751e-06 1.38975e-05 0 4.39158e-06
internal_weight=4068 2684 52 2632 2602 2567 1384 817 92 71 567 181 61 725 370 355 386 281
internal_count=4068 2684 52 2632 2602 2567 1384 817 92 71 567 181 61 725 370 355 386 281
is_linear=0
shrinkage=0.03


Tree=266
num_leaves=28
num_cat=0
split_feature=33 21 27 35 19 33 33 4 33 27 25 4 24 5 20 32 32 28 24 5 24 35 5 34 5 25 36
split_gain=2.11723e-05 0.000130513 0.000135522 0.000119552 0.000146282 0.000119041 0.000205338 0.000171148 0.000115294 0.000185995 0.000294553 0.000129331 0.000127836 0.000117138 0.000109463 0.000107829 0.000190157 0.000102917 7.52242e-05 0.000149753 0.000112668 6.42972e-05 6.11382e-05 2.86458e-05 1.57751e-06 1.01283e-06 9.20605e-08
threshold=1.0000000180025095e-35 84.057499885559096 0.89477545326882524 0.010499004889335582 65.895000457763686 0.021543011165497176 0.0068089969556935923 85.52500152587892 -0.002822112353908834 0.53833554194277078 -0.0026295076072357921 75.375000000000014 1.465376964556045 16378823.000000002 94.636249923706075 0.0049904666800744133 -0.0067896733358542285 41470116.500000007 0.60769561206818801 35485912.500000007 -0.10104299993254307 0.015775043954716472 14377374.500000002 0.00077285627037382298 14087458.500000002 -0.12404365450353426 -0.0035315262270730154
decision_type=2 2 2 2 2 2 2 2 2 2 2 2 2 2 2 2 2 2 2 2 2 2 2 2 2 2 2
left_child=8 2 3 23 -5 6 26 -8 12 13 -11 -12 15 24 22 16 -1 -14 20 -20 -4 -17 -7 -2 -10 -16 -3
right_child=1 5 18 4 -6 14 7 -9 9 10 11 -13 17 -15 25 21 -18 -19 19 -21 -22 -23 -24 -25 -26 -27 -28
leaf_value=3.395993650901815e-07 -2.0008437748461366e-05 0 -1.2818174004640578e-05 0 2.9369740858528056e-05 0 0 -5.7979997350722708e-05 -2.4704827125923192e-05 -0.0001648172214557764 -5.6012526913374998e-05 0 6.2883672492816372e-05 2.8942955605202609e-05 -6.7342739376767597e-06 5.0737694424344463e-05 -1.9141927174337525e-05 0 -4.6004882308813909e-05 0 2.2045273593684613e-05 0 5.1407249077575288e-05 7.7883600469037464e-07 0 0 9.5367119069958311e-07
leaf_weight=1064 64 42 108 318 520 20 71 144 76 20 37 57 52 72 20 48 556 22 96 37 172 54 58 197 26 26 91
leaf_count=1064 64 42 108 318 520 20 71 144 76 20 37 57 52 72 20 48 556 22 96 37 172 54 58 197 26 26 91
internal_value=0 2.16525e-06 7.64255e-06 1.38022e-05 1.94475e-05 -9.02399e-06 -2.04503e-05 -3.91913e-05 -2.16326e-06 -1.985e-05 -4.96185e-05 0 0 0 0 -9.80444e-07 -4.49568e-06 3.91194e-05 -1.48546e-06 -2.27047e-05 0 2.54166e-05 3.55165e-05 0 -2.1e-05 0 0
internal_weight=4068 1984 1512 1099 838 472 348 215 2084 288 114 94 1796 174 124 1722 1620 74 413 133 280 102 78 261 102 46 133
internal_count=4068 1984 1512 1099 838 472 348 215 2084 288 114 94 1796 174 124 1722 1620 74 413 133 280 102 78 261 102 46 133
is_linear=0
shrinkage=0.03


Tree=267
num_leaves=26
num_cat=0
split_feature=5 5 26 33 25 25 23 33 23 26 22 31 36 26 24 24 22 24 25 20 26 5 25 26 30
split_gain=2.20541e-05 7.81584e-05 0.000130361 0.000189112 0.000139869 7.3989e-05 0.000235696 0.000208194 0.000167292 0.00015287 0.000450053 6.611e-05 0.00021599 0.000134948 0.00013012 7.47993e-05 0.000143286 4.87157e-05 4.56057e-05 4.14607e-05 3.08491e-05 7.70136e-06 1.55195e-06 1.37952e-06 1.37947e-05
threshold=12395275.500000002 14458628.000000002 1.0048011110040587 -0.012956149463915155 0.45893820401123403 -0.09420249817135827 -0.62415339869719577 -0.044011748063531801 0.89902804415365989 1.2380799862620637 54.994491562474956 0.0032425228742700711 0.00063876387614499746 0.90896534621472347 0.42453291059136339 0.80294338320137559 41.495051220532929 -0.55065618939494676 -0.045854154578399781 74.993750381469752 1.1611983580842777 10387005.000000002 0.17454807011840368 1.3213736457071461 50.56276730099939
decision_type=2 2 2 2 2 2 2 2 2 2 2 2 2 2 2 2 2 2 2 2 2 2 2 2 2
left_child=11 2 22 19 -5 6 7 -3 -8 18 -11 12 15 -14 -15 16 -1 20 -7 -4 -13 -17 -2 -19 -25
right_child=1 5 3 4 -6 9 8 -9 -10 10 -12 17 13 14 -16 21 -18 23 -20 -21 -22 -23 -24 24 -26
leaf_value=6.207512167241213e-06 4.7048462470222185e-06 -4.7872746644998987e-05 0 -3.9417683296582732e-05 0 8.2709991423637089e-06 -2.6167222313673074e-05 1.9647466617696434e-05 0 4.1058275055409864e-05 0 0 0 6.9195302010049284e-05 0 0 -2.3762894030722525e-05 0 -6.9175089361250624e-06 2.3759570019953684e-05 -4.5828281790845096e-05 4.68705730737283e-05 0 1.8689017399543798e-05 0
leaf_weight=109 63 28 28 314 20 110 537 381 86 343 504 33 34 106 44 25 243 99 734 66 34 28 21 39 39
leaf_count=109 63 28 28 314 20 110 537 381 86 343 504 33 34 106 44 25 243 99 734 66 34 28 21 39 39
internal_value=0 -1.15075e-06 -1.20717e-05 -2.1175e-05 -3.29236e-05 0 -5.32032e-06 7.68131e-06 -1.86704e-05 4.70122e-06 1.4305e-05 4.32236e-06 1.12874e-05 3.82567e-05 5.10319e-05 0 -5.96285e-06 -1.98378e-07 -1.38314e-06 0 -2.55648e-05 3.21251e-05 0 0 3.98713e-06
internal_weight=4068 3235 512 428 334 2723 1032 409 623 1691 847 833 589 184 150 405 352 244 844 94 67 53 84 177 78
internal_count=4068 3235 512 428 334 2723 1032 409 623 1691 847 833 589 184 150 405 352 244 844 94 67 53 84 177 78
is_linear=0
shrinkage=0.03


Tree=268
num_leaves=23
num_cat=0
split_feature=0 0 24 26 2 1 35 33 1 25 33 33 27 24 23 24 25 30 0 25 30 34
split_gain=2.07064e-05 0.000105192 0.000102868 0.00016767 5.27499e-05 0.000174553 0.000187506 0.00014516 9.60119e-05 0.000297636 9.42034e-05 0.000143962 0.00013562 7.7649e-05 0.000173414 0.000146688 4.6201e-05 0.000420845 0.000171752 7.88554e-05 5.18272e-05 4.23633e-05
threshold=33.289602279663093 32.309312820434577 0.60769561206818801 1.1389613450858487 78.375000000000014 76.02500152587892 0.015668334280899313 0.011200658003204135 78.77500152587892 -0.024370782745969596 0.034665068101045755 0.046076716949990056 0.76661712811788152 -0.8670224964524027 0.024248300270194537 -1.4258239016115246 0.053393769135436843 61.708509669868313 31.06590557098389 -0.17873420314000241 17.243050764830514 -0.011275667794175324
decision_type=2 2 2 2 2 2 2 2 2 2 2 2 2 2 2 2 2 2 2 2 2 2
left_child=1 16 3 -3 5 10 -7 -8 9 -6 12 -12 -2 15 -15 -10 18 -18 20 -20 -1 -5
right_child=4 2 -4 21 8 6 7 -9 13 -11 11 -13 -14 14 -16 -17 17 -19 19 -21 -22 -23
leaf_value=0 -2.803253181050217e-06 0 0 0 0 0 -0.00012128019228700855 0 0 6.7349803082008549e-05 -7.2218463666920605e-05 0 1.9448279319672468e-05 1.6106871350127788e-05 -3.184452096970516e-06 -3.4672657058028391e-05 -0.00010503612403706537 0 -5.0863014312892537e-05 0 5.1976011145197366e-05 8.6007375951848474e-05
leaf_weight=20 1136 131 24 38 38 92 34 28 85 79 41 48 299 596 952 161 38 46 34 27 68 53
leaf_count=20 1136 131 24 38 38 92 34 28 85 79 41 48 299 596 952 161 38 46 34 27 68 53
internal_value=0 5.87063e-06 2.12552e-05 3.02894e-05 -7.69259e-07 -5.18329e-06 -3.6221e-05 -7.72857e-05 1.53688e-06 2.78652e-05 -7.63891e-08 -3.08488e-05 0 0 2.30566e-06 -1.5828e-05 0 -2.22356e-05 0 -1.68017e-05 3.94813e-05 6.23953e-05
internal_weight=4068 479 246 222 3589 1678 154 62 1911 117 1524 89 1435 1794 1548 246 233 84 149 61 88 91
internal_count=4068 479 246 222 3589 1678 154 62 1911 117 1524 89 1435 1794 1548 246 233 84 149 61 88 91
is_linear=0
shrinkage=0.03


Tree=269
num_leaves=25
num_cat=0
split_feature=28 28 35 26 5 35 22 31 35 0 35 28 19 5 28 22 28 29 32 33 34 32 26 32
split_gain=2.13272e-05 0.000117244 0.000359853 0.000448927 0.000927762 0.000223268 0.000232511 0.000229719 0.000117153 0.000277869 0.000219429 0.000170953 9.31926e-05 8.75966e-05 0.000170433 0.000174649 7.60719e-05 7.51186e-05 7.01616e-05 0.000310328 0.000124798 4.70593e-05 5.55179e-06 1.59446e-06
threshold=-2436328310.9999995 -611367842.49999988 0.02275282811287441 2.0866448540902796 34923481.500000007 0.015451879117490871 42.71667048743911 0.0035857506805874188 0.02357530813648229 47.445304870605476 0.036732541135915224 9040197.0000000019 47.860000228881844 15586352.500000002 -2732083858.9999995 57.010888597430686 -2617020919.4999995 66.248045696159181 0.016063202545522185 0.0094006542538588329 0.0053821258151679494 -0.008969980097311812 0.99443579008814709 0.0076482105160720079
decision_type=2 2 2 2 2 2 2 2 2 2 2 2 2 2 2 2 2 2 2 2 2 2 2 2
left_child=12 2 5 4 -4 6 -2 -7 18 11 -11 -10 22 17 15 -15 -16 21 19 -3 -20 -14 -1 -19
right_child=1 8 3 -5 -6 7 -8 -9 9 10 -12 -13 13 14 16 -17 -18 23 20 -21 -22 -23 -24 -25
leaf_value=0 0 0 0 0 -0.00022163703337723468 7.245404682662913e-05 -7.5775283425283729e-05 0 5.0426180777670714e-05 0 -9.4675844265527291e-05 0 0 -2.5325844037355076e-05 3.7175991582771346e-05 0 0 -4.4306655982623893e-06 0 -2.9772716063451093e-05 2.4674435323937394e-05 2.754059859376066e-05 6.3553182923038336e-05 0
leaf_weight=58 54 1385 63 28 34 67 46 29 197 79 22 33 46 446 78 257 125 73 57 371 219 229 25 47
leaf_count=58 54 1385 63 28 34 67 46 29 197 79 22 33 46 446 78 257 125 73 57 371 219 229 25 47
internal_value=0 -1.5782e-06 -1.86933e-05 -5.90406e-05 -9.3016e-05 0 -2.35342e-05 3.89108e-05 0 1.71913e-05 -2.45079e-06 3.88519e-05 3.00628e-06 0 -4.07254e-06 -1.35423e-05 1.39412e-05 1.27083e-05 -1.93183e-06 -5.31742e-06 8.73688e-06 2.18564e-05 3.40564e-05 0
internal_weight=4068 2684 321 125 97 196 100 96 2363 331 101 230 1384 1301 906 703 203 395 2032 1756 276 275 83 120
internal_count=4068 2684 321 125 97 196 100 96 2363 331 101 230 1384 1301 906 703 203 395 2032 1756 276 275 83 120
is_linear=0
shrinkage=0.03


Tree=270
num_leaves=15
num_cat=0
split_feature=28 19 19 5 22 24 24 20 1 4 34 22 36 5
split_gain=2.12636e-05 0.00013889 0.000536825 0.000225618 0.000139719 0.000361615 9.42563e-05 7.27147e-05 0.000433256 7.3594e-05 0.000130859 8.97641e-05 5.70376e-05 4.49844e-05
threshold=-3182351017.4999995 52.679999923706063 51.660000228881842 24342067.000000004 40.230295080840193 -0.72274407308226352 -0.51918438750531282 54.475000095367442 55.024999618530281 59.07500076293946 -0.061710846132556278 63.219586248947607 -0.009011704855945107 23708659.500000004
decision_type=2 2 2 2 2 2 2 2 2 2 2 2 2 2
left_child=12 2 4 -4 6 -6 -2 8 -3 11 -11 -9 -1 -14
right_child=1 7 3 -5 5 -7 -8 9 -10 10 -12 -13 13 -15
leaf_value=0 6.3651239974638608e-05 9.7313776584206577e-05 0 -0.00019619074692040395 -0.0001202834789887413 0 0 -3.8080218629722407e-05 0 5.4979735170788772e-05 0 0 0 4.3865150694356944e-05
leaf_weight=31 39 48 23 21 26 122 29 101 36 39 3316 22 158 57
leaf_count=31 39 48 23 21 26 122 29 101 36 39 3316 22 158 57
internal_value=0 -5.33533e-07 -2.2006e-05 -0.000117524 0 -1.87677e-05 3.2871e-05 1.92178e-07 2.79235e-05 0 3.52483e-07 -2.31229e-05 8.56394e-06 1.796e-05
internal_weight=4068 3822 260 44 216 148 68 3562 84 3478 3355 123 246 215
internal_count=4068 3822 260 44 216 148 68 3562 84 3478 3355 123 246 215
is_linear=0
shrinkage=0.03


Tree=271
num_leaves=21
num_cat=0
split_feature=0 23 24 25 27 5 0 25 29 31 27 32 29 32 34 23 32 31 27 5
split_gain=2.08343e-05 0.000102331 0.000240521 5.20039e-05 0.000139126 0.000142599 0.000179106 0.000102284 0.000170448 8.55097e-05 8.49704e-05 0.000254872 0.000241497 0.000152175 6.86605e-05 3.73583e-05 0.000117398 7.07846e-05 3.0508e-05 2.10869e-06
threshold=33.289602279663093 0.60247745530748997 -0.081880023382115613 0.002936502137675379 0.89477545326882524 17958205.500000004 73.658248901367202 0.57842177897210367 77.992068718847761 -0.0034710349826606031 0.74209166232589097 0.0097071131900863267 29.27744585269371 -0.0028035103440476879 0.0052087337266144571 -0.61433811222421031 -0.013719616675474054 0.0056349660785403053 1.020428190835885 14333375.000000002
decision_type=2 2 2 2 2 2 2 2 2 2 2 2 2 2 2 2 2 2 2 2
left_child=1 2 15 10 5 9 -7 8 -6 -5 11 13 -13 -2 -12 17 -17 -1 -9 -4
right_child=3 -3 19 4 7 6 -8 18 -10 -11 14 12 -14 -15 -16 16 -18 -19 -20 -21
leaf_value=2.9762246861980226e-05 -9.5162314283828577e-06 -1.8153623253836724e-05 0 -1.2133606060946291e-05 0 2.8889977295437797e-05 0 2.2322989752403215e-05 -3.4983822107293523e-05 7.3254832464551388e-06 0 0 -5.1376913856099278e-05 1.0476564004890266e-05 4.0403211185951579e-05 -5.6178267039239208e-05 0 0 0 6.4714509779795109e-05
leaf_weight=104 946 38 21 309 157 446 43 55 239 586 20 33 207 474 50 35 164 42 24 75
leaf_count=104 946 38 21 309 157 446 43 55 239 586 20 33 207 474 50 35 164 42 24 75
internal_value=0 5.88763e-06 1.4764e-05 -7.72764e-07 1.59813e-06 7.73422e-06 2.07769e-05 -9.96391e-06 -1.8748e-05 0 -5.05439e-06 -7.7877e-06 -3.70345e-05 -7.29785e-07 1.68867e-05 0 -5.06992e-06 1.3968e-05 0 5.70356e-05
internal_weight=4068 479 441 3589 1859 1384 489 475 396 895 1730 1660 240 1420 70 345 199 146 79 96
internal_count=4068 479 441 3589 1859 1384 489 475 396 895 1730 1660 240 1420 70 345 199 146 79 96
is_linear=0
shrinkage=0.03


Tree=272
num_leaves=26
num_cat=0
split_feature=33 0 29 29 27 34 24 32 5 0 33 27 36 22 24 0 5 22 5 34 33 29 36 5 22
split_gain=2.12751e-05 0.00011846 0.000219049 0.000177418 0.000164574 0.000146515 0.000208036 0.000132215 0.00011532 0.000148752 0.000111005 0.00017716 0.000123395 0.000138452 0.000116503 0.000123422 0.000102042 0.000143706 7.8055e-05 7.41292e-05 7.31891e-05 7.24646e-05 3.0648e-05 6.07782e-05 2.80446e-06
threshold=1.0000000180025095e-35 38.459785461425788 44.827682973111123 42.803200850615305 0.4461207359476671 0.035125380026232896 0.99554709627138416 0.020556700347674765 12626291.000000002 54.281652450561531 -0.002822112353908834 0.2968257301399338 -0.004128289063166272 62.754249558676342 1.465376964556045 51.459938049316413 16378823.000000002 37.070690398006334 11041665.500000002 0.066004006616997471 -0.024977202187580757 31.89948615535744 -0.003249919127456482 13837287.000000002 43.458355586176012
decision_type=2 2 2 2 2 2 2 2 2 2 2 2 2 2 2 2 2 2 2 2 2 2 2 2 2
left_child=10 3 8 21 7 6 -5 -4 -3 -10 14 22 -13 -14 16 -16 20 -18 -6 -7 -1 -2 -12 -24 -23
right_child=1 2 4 5 18 19 -8 -9 9 -11 11 12 13 -15 15 -17 17 -19 -20 -21 -22 24 23 -25 -26
leaf_value=-5.711609678944896e-06 0 0 -4.9942390543972139e-05 3.936804717433738e-05 1.4987999728251654e-05 -1.9954607114683656e-05 0 0 5.3307260693234222e-05 0 0 0 -6.7670288992318405e-05 0 6.5442690894866492e-05 0 0 -1.7933612547806358e-05 -6.7757102207561569e-06 3.0326290685490744e-05 1.1037885762986566e-05 0 0 4.9122362409559917e-05 -4.1755160315083029e-05
leaf_weight=99 46 57 138 382 146 91 29 20 126 38 39 60 110 22 50 24 319 632 818 33 672 20 23 34 40
leaf_count=99 46 57 138 382 146 91 29 20 126 38 39 60 110 22 50 24 319 632 818 33 672 20 23 34 40
internal_value=0 2.24285e-06 -8.62615e-07 1.34279e-05 -8.30928e-06 2.25914e-05 3.13858e-05 -3.77634e-05 2.33617e-05 3.69839e-05 -2.09726e-06 -1.94573e-05 -3.7387e-05 -5.36037e-05 0 3.73707e-05 -8.91009e-07 -8.81816e-06 -3.66624e-07 0 4.99616e-06 -4.52443e-06 0 2.19788e-05 -3.34858e-05
internal_weight=4068 1984 1343 641 1122 535 411 158 221 164 2084 288 192 132 1796 74 1722 951 964 124 771 106 96 57 60
internal_count=4068 1984 1343 641 1122 535 411 158 221 164 2084 288 192 132 1796 74 1722 951 964 124 771 106 96 57 60
is_linear=0
shrinkage=0.03


Tree=273
num_leaves=30
num_cat=0
split_feature=28 28 35 26 5 35 24 31 35 31 28 33 31 26 22 35 5 26 32 33 31 23 22 22 5 30 29 30 5
split_gain=2.22763e-05 0.000108882 0.00033673 0.000426924 0.000851235 0.000206179 0.000286504 0.000215997 0.000106996 0.000235164 0.000294085 0.000126862 8.57882e-05 0.000137653 0.00032895 0.00010801 0.000232455 0.000187887 6.53815e-05 0.000291478 0.000110321 5.27041e-05 4.60646e-05 0.000108716 3.56188e-05 2.34518e-05 1.56424e-05 7.1559e-05 4.33417e-05
threshold=-2436328310.9999995 -611367842.49999988 0.02275282811287441 2.0866448540902796 34923481.500000007 0.015451879117490871 -0.9947308691907063 0.0035857506805874188 0.02357530813648229 0.019672466496447719 27830660.500000004 0.022901118691287751 0.002921713440476315 1.3868345536852849 63.80247008122921 0.017965070115139228 40992717.500000007 1.1111770042673805 0.016063202545522185 0.0094006542538588329 0.0088641521742226521 -0.21175210421031207 60.846231495328091 46.919178306491823 16213596.000000002 59.156029113849137 78.670356490481524 36.763574586737342 23586312.000000004
decision_type=2 2 2 2 2 2 2 2 2 2 2 2 2 2 2 2 2 2 2 2 2 2 2 2 2 2 2 2 2
left_child=12 2 5 4 -4 6 -2 -7 18 10 -10 -11 15 26 21 22 17 -17 19 -3 -20 -15 23 -1 -24 -18 27 -14 -28
right_child=1 8 3 -5 -6 7 -8 -9 9 11 -12 -13 13 14 -16 16 25 -19 20 -21 -22 -23 24 -25 -26 -27 28 -29 -30
leaf_value=1.1481525114314566e-05 0 0 0 0 -0.00021376230771241291 7.0035674432885939e-05 -6.2868576870233109e-05 0 5.5223571896472958e-05 -5.7204521209415454e-05 0 0 0 0 0 0 2.5642315319099535e-05 -6.1159981821222036e-05 0 -2.8904997436114324e-05 2.8209803186421361e-05 9.9718904655450387e-05 0 -1.5768563084829546e-05 3.6135798427450652e-05 0 0 1.9913985477786571e-05 -3.614544624809261e-05
leaf_weight=310 22 1385 63 28 34 67 78 29 185 35 65 46 115 27 25 58 32 125 128 371 148 56 42 229 62 26 50 197 30
leaf_count=310 22 1385 63 28 34 67 78 29 185 35 65 46 115 27 25 58 32 125 128 371 148 56 42 229 62 26 50 197 30
internal_value=0 -1.58973e-06 -1.80639e-05 -5.70969e-05 -9.03173e-05 0 -2.25349e-05 3.74427e-05 0 1.63812e-05 3.46233e-05 -2.90344e-06 3.09582e-06 1.34504e-05 4.45309e-05 0 -1.92814e-05 -4.03997e-05 -1.9145e-06 -5.21306e-06 8.20063e-06 7.83722e-05 3.432e-06 0 2.17029e-05 0 0 6.63996e-06 -1.99222e-06
internal_weight=4068 2684 321 125 97 196 100 96 2363 331 250 81 1384 500 108 884 241 183 2032 1756 276 83 643 539 104 58 392 312 80
internal_count=4068 2684 321 125 97 196 100 96 2363 331 250 81 1384 500 108 884 241 183 2032 1756 276 83 643 539 104 58 392 312 80
is_linear=0
shrinkage=0.03


Tree=274
num_leaves=24
num_cat=0
split_feature=28 32 36 32 28 22 31 31 32 29 27 33 21 27 28 5 27 30 36 22 33 0 24
split_gain=2.09015e-05 0.000105913 0.000316078 0.000193252 0.000120331 0.000255775 9.20717e-05 0.000158147 7.96558e-05 8.65161e-05 0.000340588 8.37866e-05 7.12687e-05 7.03548e-05 8.52861e-05 0.000159879 4.04673e-05 0.00014357 2.0512e-05 7.86156e-05 2.9278e-05 5.9685e-06 9.55784e-08
threshold=-2436328310.9999995 -0.041337854561385605 -0.010817646812882248 -0.029022524257516166 -597856560.49999988 55.073479349067568 -0.0083494571460648297 -0.022413776803908599 -0.0028035103440476879 47.983090807579153 0.66949244589514056 -0.011771594133680117 84.154583231608086 0.91725882192203845 -3046651512.9999995 18063691.000000004 1.0261850703942685 74.915219768077876 -0.00059412289213656882 42.800635485953336 -0.026137158047721761 49.112291336059577 -0.32640567629930323
decision_type=2 2 2 2 2 2 2 2 2 2 2 2 2 2 2 2 2 2 2 2 2 2 2
left_child=8 2 -2 6 5 -5 7 -3 9 18 11 -11 -6 14 22 -16 17 -15 19 -1 -20 -18 -10
right_child=1 3 -4 4 12 -7 -8 -9 13 10 -12 -13 -14 16 15 -17 21 -19 20 -21 -22 -23 -24
leaf_value=0 0 0 -0.00012401519919941813 0 4.2128546048229213e-06 -8.0681342135360823e-05 0 9.3490669929872252e-05 0 0 0 -8.1739741421176377e-05 -6.8660842260320953e-06 0 0 4.3222288934514898e-05 1.3201325997023985e-05 -6.2549504509661343e-05 0 2.6287873537467408e-05 -1.506524261841322e-05 0 -8.799216800433645e-07
leaf_weight=133 23 35 25 248 1401 54 21 44 85 20 78 69 833 48 257 196 36 42 22 129 116 42 111
leaf_count=133 23 35 25 248 1401 54 21 44 85 20 78 69 833 48 257 196 36 42 22 129 116 42 111
internal_value=0 -1.52475e-06 -4.59508e-05 0 -2.32151e-06 -2.00929e-05 4.00124e-05 5.54403e-05 3.01373e-06 -1.82172e-06 -2.18458e-05 -6.5843e-05 0 1.00409e-05 1.49821e-05 2.21577e-05 0 -1.98498e-05 0 8.3925e-06 0 3.43157e-06 0
internal_weight=4068 2684 48 2636 2536 302 100 79 1384 567 167 89 2234 817 649 453 168 90 400 262 138 78 196
internal_count=4068 2684 48 2636 2536 302 100 79 1384 567 167 89 2234 817 649 453 168 90 400 262 138 78 196
is_linear=0
shrinkage=0.03


Tree=275
num_leaves=17
num_cat=0
split_feature=5 5 35 33 35 20 26 29 25 35 32 25 35 28 26 1
split_gain=2.13957e-05 0.000262546 0.000454549 0.000576768 0.000101977 0.000272463 0.000150241 0.000177355 5.35708e-05 0.000206071 0.000297463 0.000198729 0.00015104 9.32449e-05 6.90194e-05 8.65254e-09
threshold=40992717.500000007 36422404.500000007 0.018775581072877561 0.018433844732519414 0.019890845969136029 47.71625022888184 1.1220623764454247 84.44895089852092 -0.37910316077029943 0.016541981410943461 -0.022119034990117744 -0.32169535286634249 0.015975017429075134 -2807356026.9999995 1.2838866718552462 75.575000762939467
decision_type=2 2 2 2 2 2 2 2 2 2 2 2 2 2 2 2
left_child=1 8 -3 -4 15 -6 -7 -8 9 14 -11 13 -13 -10 -1 -2
right_child=4 2 3 -5 5 6 7 -9 11 10 -12 12 -14 -15 -16 -17
leaf_value=0 -5.9360421957485296e-07 0 -0.00021548126726626951 0 0 0 7.8277703966099263e-05 0 0 0 -5.7531832543001378e-05 -4.5276733388372823e-06 8.8008992309126245e-06 5.2577117863009291e-05 2.3650424333849229e-05 0
leaf_weight=56 22 29 25 26 31 26 106 20 22 59 148 2055 1211 99 111 22
leaf_count=56 22 29 25 26 31 26 106 20 22 59 148 2055 1211 99 111 22
internal_value=0 -5.02721e-07 -5.4425e-05 -0.000112467 8.97311e-06 2.45177e-05 4.83305e-05 6.23679e-05 0 -9.95087e-06 -3.27761e-05 1.81602e-06 0 3.96128e-05 3.90826e-07 0
internal_weight=4068 3841 80 51 227 183 152 126 3761 374 207 3387 3266 121 167 44
internal_count=4068 3841 80 51 227 183 152 126 3761 374 207 3387 3266 121 167 44
is_linear=0
shrinkage=0.03


Tree=276
num_leaves=24
num_cat=0
split_feature=28 31 31 24 35 31 29 1 26 31 35 28 19 31 26 36 36 21 25 26 25 26 23
split_gain=2.03387e-05 9.87895e-05 0.00031332 0.000286097 0.00036416 0.00021363 0.000347609 0.000335779 0.000324335 0.000130014 0.000431901 0.000212627 8.20878e-05 6.73116e-05 0.000115071 0.000233078 5.7703e-05 0.000133315 3.96196e-05 3.20283e-05 3.01012e-06 6.64121e-07 3.45515e-07
threshold=-2436328310.9999995 -0.0068969324168187121 -0.0053026999689233514 -0.47589786597385697 0.012254284429820055 -0.026960529293093612 74.413143226956365 68.974998474121108 1.1793206169297694 0.0026221650140764168 0.013892749293855715 -107238732.49999999 47.860000228881844 -0.0057914312068322307 1.1421370106607402 -0.015117155260647571 0.0070644757994521501 51.091666634877534 0.22742704209060152 1.331062893683465 0.076095966360407399 0.99443579008814709 0.13278772486204107
decision_type=2 2 2 2 2 2 2 2 2 2 2 2 2 2 2 2 2 2 2 2 2 2 2
left_child=12 5 3 4 -3 7 8 -2 -7 10 -4 -11 21 14 20 -16 17 -15 -18 -8 -14 -1 -5
right_child=1 2 9 22 -6 6 19 -9 -10 11 -12 -13 13 16 15 -17 18 -19 -20 -21 -22 -23 -24
leaf_value=0 -0.00013025369571271133 0 -6.4568641416758664e-06 0 -0.00017612465207102982 0 0 0 3.9192486550729014e-05 -2.0499027378407587e-05 3.6631448029793185e-05 2.3194566855105414e-06 5.1013814856654541e-06 -9.4687242159181176e-07 0 -5.3322879685210799e-05 0 1.8999827529558478e-05 -2.3962397064793184e-05 -4.7499038101661766e-05 0 5.8722607422697967e-05 -2.6258286686269261e-06
leaf_weight=58 22 21 471 37 30 140 28 54 443 659 298 392 104 136 46 123 241 542 62 44 47 25 45
leaf_count=58 22 21 471 37 30 140 28 54 443 659 298 392 104 136 46 123 241 542 62 44 47 25 45
internal_value=0 -1.52328e-06 -5.90539e-06 -5.11673e-05 -0.000108895 6.08011e-06 1.49566e-05 -3.09185e-05 2.58195e-05 -9.46895e-07 6.34249e-06 -9.13467e-06 2.95386e-06 0 -1.07047e-05 -2.87985e-05 4.93566e-06 1.0575e-05 0 -3.13079e-05 0 3.21615e-05 0
internal_weight=4068 2684 1953 133 51 731 655 76 583 1820 769 1051 1384 1301 320 169 981 678 303 72 151 83 82
internal_count=4068 2684 1953 133 51 731 655 76 583 1820 769 1051 1384 1301 320 169 981 678 303 72 151 83 82
is_linear=0
shrinkage=0.03


Tree=277
num_leaves=27
num_cat=0
split_feature=5 0 23 35 22 31 31 31 35 31 32 35 24 27 32 34 24 36 24 24 34 24 27 1 21 5
split_gain=2.09603e-05 8.07595e-05 0.00011291 7.65777e-05 0.000130543 0.000298845 7.6158e-05 0.000401511 0.000248218 0.000181675 0.000271053 0.000172897 0.000104797 6.9547e-05 3.82602e-05 3.36963e-05 0.000129358 2.71979e-05 2.51852e-05 6.02641e-05 0.000123491 5.69515e-05 4.29106e-05 7.20406e-06 7.97573e-05 4.02582e-05
threshold=12395275.500000002 43.31294250488282 0.15328245847936731 0.010648377106047059 45.587509785197248 -0.0071856977927744472 -0.0073332839827131005 -0.0053026999689233514 0.014705894727607759 -0.012956059413208152 -0.0083226859568867311 0.031978995084651816 -0.51417213059698197 0.56783336549797225 -0.0074626461056775941 0.006811162230454638 -0.12005298364240799 0.0030816871617995747 0.29943398755520734 -0.47589786597385697 -0.0023945956969808608 0.54031458755808404 0.84322347165753186 77.674999237060561 87.063750139872255 18284570.000000004
decision_type=2 2 2 2 2 2 2 2 2 2 2 2 2 2 2 2 2 2 2 2 2 2 2 2 2 2
left_child=1 2 15 4 23 -6 9 8 -8 11 -11 -5 -9 -7 -4 16 -1 -17 19 20 -3 -20 -21 25 -25 -2
right_child=3 18 14 6 5 13 7 12 -10 10 -12 -13 -14 -15 -16 17 -18 -19 21 22 -22 -23 -24 24 -26 -27
leaf_value=3.1998018153965182e-05 -2.2898616942009476e-05 -4.7077214506328732e-05 0 -1.5431478772363791e-05 -0.00011581847369752802 -3.2033390005225404e-05 0 1.3756843829298648e-05 -7.8184581821048014e-05 4.7709862265170411e-05 0 2.8740819504078228e-05 -2.1128984510715935e-06 0 4.4055744019478295e-05 -2.5581515532693393e-05 0 0 -4.3481188156949276e-05 2.3738902678568441e-05 0 0 0 2.8102675263961873e-05 0 0
leaf_weight=130 69 52 28 320 34 63 74 470 97 205 156 96 1275 216 115 58 41 21 39 157 78 84 30 99 20 41
leaf_count=130 69 52 28 320 34 63 74 470 97 205 156 96 1275 216 115 58 41 21 39 157 78 84 30 99 20 41
internal_value=0 4.19511e-06 1.49062e-05 -1.13977e-06 -1.16141e-05 -2.46736e-05 0 -2.18431e-06 -4.65125e-05 8.74289e-06 2.48455e-05 0 4.42918e-07 -2.78e-06 3.63388e-05 0 9.90408e-06 -1.3085e-05 0 0 -5.76625e-06 -1.35695e-05 1.6333e-05 0 7.37826e-06 0
internal_weight=4068 833 393 3235 542 313 2693 1916 171 777 361 416 1745 279 143 250 171 79 440 317 130 123 187 229 119 110
internal_count=4068 833 393 3235 542 313 2693 1916 171 777 361 416 1745 279 143 250 171 79 440 317 130 123 187 229 119 110
is_linear=0
shrinkage=0.03


Tree=278
num_leaves=27
num_cat=0
split_feature=33 0 31 36 31 26 23 30 33 26 27 27 24 0 5 22 5 36 30 35 33 31 22 26 22 26
split_gain=2.193e-05 0.000109425 0.000180709 0.000151591 0.000233664 0.000147128 0.000156668 0.000209827 0.000104135 0.00021365 0.000258524 0.000229136 0.000104713 0.000114321 9.40692e-05 0.000137546 7.9718e-05 7.72234e-05 0.000205864 0.000156803 6.77631e-05 1.44646e-05 1.37349e-05 0.000130121 2.92001e-05 7.38869e-09
threshold=1.0000000180025095e-35 38.459785461425788 -0.0053026999689233514 -0.0036652931285211386 -0.017018872043584207 1.1793206169297694 1.1732338745683111 27.652589752272572 -0.002822112353908834 0.98848266258063233 0.48250566173948745 0.7709169554550156 1.465376964556045 51.459938049316413 16378823.000000002 37.070690398006334 16378823.000000002 0.0063353890320624849 78.710137979381855 0.0090850317762356716 -0.024977202187580757 -0.0084634470100012887 47.588882917154706 0.91536703770329819 39.064398325656022 0.80793779858730796
decision_type=2 2 2 2 2 2 2 2 2 2 2 2 2 2 2 2 2 2 2 2 2 2 2 2 2 2
left_child=8 5 3 4 -3 22 7 -7 12 25 16 -12 14 21 20 -16 -11 19 -19 -4 -1 -14 24 -24 -2 -10
right_child=1 2 17 -5 -6 6 -8 -9 9 10 11 -13 13 -15 15 -17 -18 18 -20 -21 -22 -23 23 -25 -26 -27
leaf_value=-5.7780146484610538e-06 0 0 -3.9330716237048624e-06 0 -7.0590199189061119e-05 0 0 4.2777055975333981e-05 0 -2.8597399147873774e-05 -0.00010795384328548535 0 9.2957290469116178e-05 0 0 -1.7569137308615908e-05 1.8396540088236535e-05 0 -4.3094568519846161e-05 1.9695554471791286e-05 1.0415944789893094e-05 0 0 -3.9235862291320568e-05 1.7370864342161075e-05 3.974329354393537e-07
leaf_weight=99 25 21 170 47 102 38 36 311 23 64 63 39 24 24 319 632 57 384 105 514 672 26 60 84 87 42
leaf_count=99 25 21 170 47 102 38 36 311 23 64 63 39 24 24 319 632 57 384 105 514 672 26 60 84 87 42
internal_value=0 2.16119e-06 -7.4071e-07 -3.08637e-05 -4.92399e-05 1.29198e-05 2.49345e-05 3.30113e-05 -2.24134e-06 -1.90171e-05 -3.6454e-05 -7.19905e-05 0 3.53015e-05 -1.04999e-06 -8.6596e-06 0 1.06987e-06 -4.50092e-06 9.4379e-06 4.44554e-06 6.24246e-05 0 -9.26116e-06 1.34884e-07 0
internal_weight=4068 1984 1343 170 123 641 385 349 2084 288 223 102 1796 74 1722 951 121 1173 489 684 771 50 256 144 112 65
internal_count=4068 1984 1343 170 123 641 385 349 2084 288 223 102 1796 74 1722 951 121 1173 489 684 771 50 256 144 112 65
is_linear=0
shrinkage=0.03


Tree=279
num_leaves=24
num_cat=0
split_feature=28 28 34 24 31 21 31 19 5 28 35 29 28 31 31 20 28 28 20 25 20 4 32
split_gain=2.19056e-05 9.63687e-05 0.000293246 0.000309889 0.000230313 0.000113778 0.000310297 7.64914e-05 7.80032e-05 0.000153638 0.000167231 6.84392e-05 6.8387e-05 6.31667e-05 0.000244427 0.000336301 0.000172647 0.000203963 0.000184663 9.88756e-05 4.37212e-05 1.19174e-06 1.09685e-06
threshold=-2436328310.9999995 -655057180.49999988 -0.014890874926138773 -1.1289033984021082 0.01219826864954743 63.41541630427043 -0.0097656527757102301 47.860000228881844 15586352.500000002 -2732083858.9999995 0.024697013876977401 66.248045696159181 -2617020919.4999995 -0.0068969324168187121 -0.0053026999689233514 87.165000152587908 51482399.000000007 -265519586.99999997 81.009999275207534 -0.035125445348164162 49.451250076293952 47.274999618530281 0.0076482105160720079
decision_type=2 2 2 2 2 2 2 2 2 2 2 2 2 2 2 2 2 2 2 2 2 2 2
left_child=7 2 5 -4 -5 6 -2 21 11 10 -10 20 -11 16 15 -15 17 -3 -18 -16 -9 -1 -13
right_child=1 13 3 4 -6 -7 -8 8 9 12 -12 22 -14 14 19 -17 18 -19 -20 -21 -22 -23 -24
leaf_value=3.8970406629857832e-05 0.00010552483413653868 0 0 -9.2771535385228281e-05 0 -7.6703847142560992e-06 0 0 -2.1738642706709048e-05 3.5282416369746954e-05 1.429236915007344e-06 -3.6748263689660016e-06 0 0 -8.8154160137849368e-06 -0.000163140539966051 0 3.2480640850724118e-05 -5.9564785482366203e-05 6.184098333487694e-06 2.5286572402514952e-05 0 0
leaf_weight=54 34 205 33 98 31 33 44 26 560 78 143 73 125 102 643 20 28 339 54 1020 249 29 47
leaf_count=54 34 205 33 98 31 33 44 26 560 78 143 73 125 102 643 20 28 339 54 1020 249 29 47
internal_value=0 -1.6681e-06 -1.85723e-05 -4.70028e-05 -7.02448e-05 0 3.58637e-05 2.97454e-06 0 -3.61941e-06 -1.27596e-05 1.21507e-05 1.32533e-05 0 -2.6253e-06 -4.36169e-05 8.43502e-06 1.78921e-05 -1.77092e-05 0 2.08793e-05 3.12377e-05 0
internal_weight=4068 2684 273 162 129 111 78 1384 1301 906 703 395 203 2411 1785 122 626 544 82 1663 275 83 120
internal_count=4068 2684 273 162 129 111 78 1384 1301 906 703 395 203 2411 1785 122 626 544 82 1663 275 83 120
is_linear=0
shrinkage=0.03


Tree=280
num_leaves=21
num_cat=0
split_feature=28 32 25 32 28 22 31 31 31 26 22 36 5 25 30 5 21 29 29 5
split_gain=2.20566e-05 9.54869e-05 0.000303291 0.000175652 0.000108188 0.000234949 8.44889e-05 0.000145048 7.4978e-05 0.000122248 0.000308541 8.93711e-05 9.0742e-05 8.87166e-05 0.000125047 7.44785e-05 6.72567e-05 1.22041e-05 6.86399e-05 3.86e-05
threshold=-2436328310.9999995 -0.041337854561385605 -0.30466458814627279 -0.029022524257516166 -597856560.49999988 55.073479349067568 -0.0083494571460648297 -0.022413776803908599 0.002921713440476315 1.3868345536852849 63.80247008122921 0.0059155890340512668 21924432.000000004 -0.21982514084867358 15.313254195886499 26047914.500000004 84.154583231608086 78.670356490481524 60.173889218482536 23586312.000000004
decision_type=2 2 2 2 2 2 2 2 2 2 2 2 2 2 2 2 2 2 2 2
left_child=8 2 -2 6 5 -5 7 -3 11 17 -11 13 -13 14 -1 -15 -6 18 -10 -19
right_child=1 3 -4 4 16 -7 -8 -9 9 10 -12 12 -14 15 -16 -17 -18 19 -20 -21
leaf_value=0 0 0 -0.0001349978063667346 0 3.8750656649259844e-06 -7.7343864864351259e-05 0 8.9069722542225619e-05 0 7.5015559125757222e-05 0 -7.5952281620895326e-05 0 1.4307557529882071e-05 -3.2819344106726585e-05 0 -6.8850266908662549e-06 0 2.481405857751232e-05 -3.399285063939632e-05
leaf_weight=22 28 35 20 248 1401 54 21 44 194 83 25 28 20 530 140 144 833 50 118 30
leaf_count=22 28 35 20 248 1401 54 21 44 194 83 25 28 20 530 140 144 833 50 118 30
internal_value=0 -1.66155e-06 -4.40535e-05 0 -2.41628e-06 -1.92697e-05 3.78335e-05 5.26564e-05 2.99806e-06 1.26416e-05 4.1918e-05 0 -4.08928e-05 0 -1.53834e-05 7.84475e-06 0 0 5.92127e-06 -7.15369e-07
internal_weight=4068 2684 48 2636 2536 302 100 79 1384 500 108 884 48 836 162 674 2234 392 312 80
internal_count=4068 2684 48 2636 2536 302 100 79 1384 500 108 884 48 836 162 674 2234 392 312 80
is_linear=0
shrinkage=0.03


Tree=281
num_leaves=27
num_cat=0
split_feature=33 21 27 35 1 33 33 0 26 33 1 5 34 5 29 26 5 26 31 34 32 24 22 5 34 36
split_gain=1.96938e-05 0.000107846 0.00011274 0.000109025 0.000122665 0.000105029 0.000176882 0.000164071 0.000119638 9.82453e-05 9.45699e-05 0.000220296 0.000227862 0.000151564 0.000142795 0.000220226 0.000196501 8.03981e-05 0.000141312 0.000173895 6.73972e-05 6.3898e-05 0.000141361 0.000140278 2.86023e-05 8.56975e-09
threshold=1.0000000180025095e-35 84.057499885559096 0.89477545326882524 0.010499004889335582 66.02500152587892 0.021543011165497176 0.0068089969556935923 51.198415756225593 2.4243381586723811 -0.0011363697757241218 85.474998474121108 18284570.000000004 0.013346082788620263 25180375.000000004 54.205807949746578 1.2512557079143887 50171193.000000007 0.98212667987755808 0.0048059804099543921 0.0073731929725872067 0.013847839063719782 0.60769561206818801 65.485988362591726 35485912.500000007 0.00077285627037382298 -0.0035315262270730154
decision_type=2 2 2 2 2 2 2 2 2 2 2 2 2 2 2 2 2 2 2 2 2 2 2 2 2 2
left_child=9 2 3 24 -5 6 25 -8 20 10 14 12 -12 -13 16 -16 -1 -11 19 -19 -7 22 -4 -23 -2 -3
right_child=1 5 21 4 -6 8 7 -9 -10 17 11 13 -14 -15 15 -17 -18 18 -20 -21 -22 23 -24 -25 -26 -27
leaf_value=-2.0464725238523677e-06 -2.0034784854221915e-05 0 -5.2600590127237827e-06 0 2.675067524519558e-05 0 -5.0762249448850715e-05 0 -4.2761754660802796e-06 0 4.2001186698652367e-05 -4.5199652464130215e-05 0 0 0 -5.4057812514968251e-05 6.3813065835844392e-05 -9.3360688004608296e-05 0 0 5.0742001940684297e-05 -4.3745175004368854e-05 3.5117514875875343e-05 0 2.5472772536094711e-07 2.9096861862404547e-07
leaf_weight=1293 64 42 181 299 539 20 167 48 39 33 262 69 28 27 106 119 42 52 31 22 65 96 99 37 197 91
leaf_count=1293 64 42 181 299 539 20 167 48 39 33 262 69 28 27 106 119 42 52 31 22 65 96 99 37 197 91
internal_value=0 2.01729e-06 7.08647e-06 1.26994e-05 1.81267e-05 -7.86473e-06 -1.8853e-05 -3.6267e-05 0 -2.15184e-06 0 1.28539e-05 2.97811e-05 -7.04087e-06 -3.69679e-06 -2.58001e-05 0 -2.66485e-05 -4.0269e-05 -6.33745e-05 3.54522e-05 -5.87077e-07 0 -2.08119e-05 0 0
internal_weight=4068 1984 1512 1099 838 472 348 215 124 2084 1946 386 290 96 1560 225 1335 138 105 74 85 413 280 133 261 133
internal_count=4068 1984 1512 1099 838 472 348 215 124 2084 1946 386 290 96 1560 225 1335 138 105 74 85 413 280 133 261 133
is_linear=0
shrinkage=0.03


Tree=282
num_leaves=29
num_cat=0
split_feature=27 0 24 20 22 0 1 30 27 5 33 23 32 32 32 30 21 21 27 24 34 31 30 23 0 32 31 30
split_gain=1.91837e-05 0.000146573 0.000204574 0.000202874 0.000202093 0.000122899 0.000138487 0.000191123 0.00011019 0.000319008 0.000351149 0.000212967 0.00017916 0.000239681 0.000209898 0.000329369 0.000149492 8.98487e-05 7.26815e-05 6.59297e-05 8.93957e-05 5.88872e-05 4.29677e-05 3.56142e-05 3.28792e-05 3.12493e-05 7.09617e-06 2.00385e-06
threshold=0.7558988578673963 41.570104598999031 -0.10104299993254307 76.47875022888185 69.311857853897095 56.946161270141609 92.100002288818374 75.586902130755263 0.60230165135065861 15838695.500000002 0.0097278408320846683 -0.35640163775644135 0.0097071131900863267 0.00060491081517632949 0.017449120009166656 18.859213010908565 84.897083028157553 94.155416615804043 0.50212591893683611 0.72178749370718365 0.003024804578521834 0.0081799476065975724 82.910482009852373 0.87413570849230038 43.645309448242195 0.025909395965970864 0.026624997052316361 78.09473304195383
decision_type=2 2 2 2 2 2 2 2 2 2 2 2 2 2 2 2 2 2 2 2 2 2 2 2 2 2 2 2
left_child=8 2 25 4 -4 6 7 -3 12 19 11 -11 13 18 15 -14 -15 -8 -1 24 -21 22 -7 -5 -10 27 -16 -2
right_child=1 5 3 23 -6 21 17 -9 9 10 -12 -13 14 16 26 -17 -18 -19 -20 20 -22 -23 -24 -25 -26 -27 -28 -29
leaf_value=-3.0084416238064086e-06 0 0 7.4473992466573771e-05 1.9208234568929296e-05 0 3.4555652629042385e-05 3.9780181611627479e-05 -5.2865253391610553e-05 -1.632018659152935e-05 0 0 -7.3149740328982811e-05 0 3.3016581172650468e-05 7.2620817556344398e-06 -6.0844978213639732e-05 0 0 1.7989799584711501e-05 4.744567986097465e-05 0 0 0 -8.6353723853853581e-06 0 -2.8306595670431447e-05 0 6.0605623349015649e-06
leaf_weight=1431 62 204 124 72 52 93 51 140 111 20 93 168 25 364 121 162 116 40 162 62 26 52 39 73 96 35 25 49
leaf_count=1431 62 204 124 72 52 93 51 140 111 20 93 168 25 364 121 162 116 40 162 62 26 52 39 73 96 35 25 49
internal_value=0 3.26644e-06 1.72951e-05 3.17572e-05 5.36261e-05 -2.47268e-06 -1.47681e-05 -2.52584e-05 -1.37975e-06 -1.34792e-05 -3.73328e-05 -6.1343e-05 2.70497e-07 4.74359e-06 -1.85622e-05 -4.02876e-05 2.33767e-05 0 0 0 2.59522e-05 1.0292e-05 2.34269e-05 0 0 0 0 0
internal_weight=4068 1086 467 321 176 619 435 344 2982 576 281 188 2406 2073 333 187 480 91 1593 295 88 184 132 145 207 146 146 111
internal_count=4068 1086 467 321 176 619 435 344 2982 576 281 188 2406 2073 333 187 480 91 1593 295 88 184 132 145 207 146 146 111
is_linear=0
shrinkage=0.03


Tree=283
num_leaves=25
num_cat=0
split_feature=35 25 34 31 29 0 26 34 26 25 30 31 31 21 0 33 21 29 29 26 0 21 32 20
split_gain=1.99059e-05 0.000173656 0.000379749 0.000233658 0.000152396 0.000332996 0.000265133 0.000223077 0.000333449 0.000191902 0.00015041 0.000195271 0.000166946 0.000118435 8.22928e-05 0.000281312 0.000185154 8.16405e-05 0.000119736 7.9234e-05 6.30117e-05 4.47273e-05 5.54709e-05 6.67833e-06
threshold=0.015975017429075134 -0.29263540568212482 -0.035094278258116778 -0.0067819609067372713 72.566765879156534 38.229415893554695 1.1832195799396101 0.03087275268108625 1.2778199185017125 0.52052219032107405 78.710137979381855 -0.00091504549491167031 0.014717481996220807 81.590416590372726 39.541013717651374 0.016324516942926252 63.41541630427043 21.224208737411445 37.865434759218779 1.1268353970591669 33.212558746337898 83.919166501363136 -0.0036776516041558955 82.676249694824236
decision_type=2 2 2 2 2 2 2 2 2 2 2 2 2 2 2 2 2 2 2 2 2 2 2 2
left_child=1 13 3 -3 7 6 -6 14 -9 -8 11 -7 -12 20 16 -16 -2 19 -19 -4 -1 23 -23 -15
right_child=4 2 17 -5 5 10 9 8 -10 -11 12 -13 -14 21 15 -17 -18 18 -20 -21 -22 22 -24 -25
leaf_value=0 2.8900850661475124e-06 0 0 -0.000130766141209029 0 0 0.00010476807625805537 0 -0.00010781356198767878 0 0 4.9421993718663562e-05 -7.9297469462857975e-05 0 1.9160405885961881e-05 -2.6461024085409993e-05 -2.6029940843695511e-05 -2.140002946512112e-05 0 3.2665955067886844e-05 5.289766423832666e-05 0 3.6756045705761507e-05 -3.1848979701231698e-05
leaf_weight=20 282 21 144 36 20 31 78 23 43 20 95 101 34 25 638 106 270 363 1392 91 90 67 50 28
leaf_count=20 282 21 144 36 20 31 78 23 43 20 95 101 34 25 638 106 270 363 1392 91 90 67 50 28
internal_value=0 -1.93393e-06 -6.10037e-06 -8.44276e-05 2.30017e-06 1.96397e-05 6.14475e-05 -3.23452e-07 -5.51274e-05 8.35344e-05 0 2.32155e-05 -2.22952e-05 1.78066e-05 1.56891e-07 8.62618e-06 -5.82393e-06 -2.34523e-06 -5.77449e-06 1.04958e-05 4.21282e-05 0 1.23158e-05 -2.05814e-05
internal_weight=4068 2327 2047 57 1741 379 118 1362 66 98 261 132 129 280 1296 744 552 1990 1755 235 110 170 117 53
internal_count=4068 2327 2047 57 1741 379 118 1362 66 98 261 132 129 280 1296 744 552 1990 1755 235 110 170 117 53
is_linear=0
shrinkage=0.03


Tree=284
num_leaves=22
num_cat=0
split_feature=28 1 5 26 4 24 5 30 24 4 21 5 1 3 31 21 3 20 30 5 21
split_gain=1.97027e-05 0.000213191 0.000238033 0.000105244 0.000478653 0.000266413 0.000362791 9.32754e-05 0.000194366 0.000144138 0.00010235 8.51253e-05 8.03624e-05 7.78886e-05 0.000293662 0.000180201 9.27929e-05 0.00010027 7.8823e-05 3.24392e-05 3.69815e-06
threshold=-34707013.999999993 93.450000762939467 13765753.500000002 1.7297239671300173 97.974998474121108 1.823353739707448 13969470.500000002 74.05965381654174 0.51847330989264184 79.424999237060561 84.154583231608086 23181511.000000004 103.09999847412111 87.974998474121108 0.0042407763395221352 92.881666437784844 85.924999237060561 87.165000152587908 80.669883584654357 13420419.500000002 76.17791690826418
decision_type=2 2 2 2 2 2 2 2 2 2 2 2 2 2 2 2 2 2 2 2 2
left_child=1 13 -3 7 5 6 -5 9 -9 20 -11 12 -6 16 15 -15 18 -18 -1 -10 -2
right_child=3 2 -4 4 11 -7 -8 8 19 10 -12 -13 -14 14 -16 -17 17 -19 -20 -21 -22
leaf_value=-2.3426104610516266e-06 0 0 0.00010085582475647088 0 0 0 -0.00013044478170426719 0 0 5.3657153622073082e-05 0 5.5247642068782312e-05 -4.0497528782096955e-05 -9.8507169846202922e-05 0 0 3.8934086487650975e-05 0 1.3845003562978318e-05 -7.9287843326247229e-05 -6.0778651613903348e-06
leaf_weight=2759 23 42 40 21 75 23 65 40 20 96 59 25 44 51 40 41 115 71 291 37 90
leaf_count=2759 23 42 40 21 75 23 65 40 20 96 59 25 44 51 40 41 115 71 291 37 90
internal_value=0 7.20591e-07 4.85682e-05 -5.07842e-06 -2.09098e-05 -7.04475e-05 -9.52544e-05 0 -1.73135e-05 1.43023e-05 3.44961e-05 0 0 0 -2.29174e-05 -6.01912e-05 4.71571e-07 2.12749e-05 0 -5.97772e-05 0
internal_weight=4068 3450 82 618 253 109 86 365 97 268 155 144 119 3368 132 92 3236 186 3050 57 113
internal_count=4068 3450 82 618 253 109 86 365 97 268 155 144 119 3368 132 92 3236 186 3050 57 113
is_linear=0
shrinkage=0.03


Tree=285
num_leaves=27
num_cat=0
split_feature=35 36 31 0 20 34 22 22 30 0 35 35 33 32 4 30 32 29 31 36 29 33 29 36 31 31
split_gain=2.02948e-05 0.000139149 0.000476218 0.000272035 0.000358026 0.000207022 0.000262984 0.000266951 0.000247522 0.000147183 7.29955e-05 6.48532e-05 0.000231304 0.000253305 6.69862e-05 0.000201908 6.95323e-05 5.89968e-05 0.000156979 0.000132882 0.000119362 0.000133279 0.000126042 0.000117749 5.7609e-05 3.67818e-05
threshold=0.024163225849861681 -0.0029615609959668912 0.019672466496447719 51.596380233764656 49.792499828338627 -0.045013871229467921 59.865961793784315 40.995545993742873 17.243050764830514 47.070035934448249 0.036732541135915224 0.021104569417634021 -1.0000000180025095e-35 -0.018654799157196863 66.625000000000014 33.666759040840724 0.008298726713576789 54.205807949746578 -0.0041784423000219553 -0.0079114912172674034 38.673466923108741 0.014179040420863044 21.224208737411445 0.0024390372649017804 0.025804495545250331 -0.01141941816910663
decision_type=2 2 2 2 2 2 2 2 2 2 2 2 2 2 2 2 2 2 2 2 2 2 2 2 2 2
left_child=11 5 3 4 -3 8 7 -7 -2 24 -11 17 13 -13 16 -16 -14 20 19 -19 22 -22 -1 -20 -4 -15
right_child=1 2 9 -5 -6 6 -8 -9 -10 10 -12 12 14 25 15 -17 -18 18 23 -21 21 -23 -24 -25 -26 -27
leaf_value=8.9048413769131261e-06 0 0 0 0 9.0830675963093262e-05 0 0 -6.654056676847873e-05 8.9462273057735892e-05 0 -9.5107770183574546e-05 0 0 0 0 5.1704944751519582e-05 -4.4783498484387111e-05 0 1.1336698606934147e-05 -3.6409330707071316e-05 2.2945565284062369e-05 0 -1.0380461536879198e-05 -8.4462709731712832e-06 2.6632236771791326e-05 -8.7046034807822904e-05
leaf_weight=562 20 25 30 30 137 51 29 139 34 29 22 62 20 25 22 89 33 103 523 216 484 58 639 543 73 70
leaf_count=562 20 25 30 30 137 51 29 139 34 29 22 62 20 25 22 89 33 103 523 216 484 58 639 543 73 70
internal_value=0 4.87886e-06 1.991e-05 5.4187e-05 7.064e-05 -3.18696e-06 -2.51826e-05 -4.44518e-05 3.04462e-05 -3.36443e-06 -5.12485e-05 -1.01148e-06 -1.3884e-05 -4.1462e-05 0 2.25476e-05 -8.46507e-06 0 -4.29877e-06 -2.28683e-05 3.97205e-06 1.57765e-05 0 0 0 -7.23676e-05
internal_weight=4068 619 346 192 162 273 219 190 54 154 51 3449 321 157 164 111 53 3128 1385 319 1743 542 1201 1066 103 95
internal_count=4068 619 346 192 162 273 219 190 54 154 51 3449 321 157 164 111 53 3128 1385 319 1743 542 1201 1066 103 95
is_linear=0
shrinkage=0.03


Tree=286
num_leaves=15
num_cat=0
split_feature=28 19 19 5 22 24 23 20 1 4 34 33 36 5
split_gain=1.91889e-05 0.000130436 0.000494818 0.000208591 0.000129054 0.000314225 0.00014423 6.38166e-05 0.000396144 6.10636e-05 0.000117966 0.000110932 5.33776e-05 4.21378e-05
threshold=-3182351017.4999995 52.679999923706063 51.660000228881842 24342067.000000004 40.230295080840193 -0.72274407308226352 -0.76330487162331895 54.475000095367442 55.024999618530281 59.07500076293946 -0.061710846132556278 -0.021649025953731745 -0.009011704855945107 23708659.500000004
decision_type=2 2 2 2 2 2 2 2 2 2 2 2 2 2
left_child=12 2 4 -4 6 -6 -2 8 -3 11 -11 -9 -1 -14
right_child=1 7 3 -5 5 -7 -8 9 -10 10 -12 -13 13 -15
leaf_value=0 7.4810078177607559e-05 9.2770355078827379e-05 0 -0.00018881434704931849 -0.00011283863539240139 0 0 -7.2925203016565456e-05 0 5.2118642428202681e-05 0 0 0 4.2153237769404671e-05
leaf_weight=31 35 48 23 21 26 122 33 29 36 39 3316 94 158 57
leaf_count=31 35 48 23 21 26 122 33 29 36 39 3316 94 158 57
internal_value=0 -6.81118e-07 -2.14045e-05 -0.000113139 0 -1.82852e-05 3.12799e-05 0 2.6133e-05 0 1.09173e-07 -2.11215e-05 7.93534e-06 1.71867e-05
internal_weight=4068 3822 260 44 216 148 68 3562 84 3478 3355 123 246 215
internal_count=4068 3822 260 44 216 148 68 3562 84 3478 3355 123 246 215
is_linear=0
shrinkage=0.03


Tree=287
num_leaves=22
num_cat=0
split_feature=35 25 34 31 29 29 34 26 0 5 0 20 25 5 31 22 0 28 20 32 26
split_gain=1.90704e-05 0.000164362 0.000357907 0.000220302 0.000139091 0.000330307 0.000204013 0.000315639 0.000142017 0.000109774 0.000243059 0.000102245 7.79032e-05 0.0004025 0.000106712 6.15044e-05 5.04309e-05 4.53085e-05 3.74281e-05 2.33309e-05 1.66144e-06
threshold=0.015975017429075134 -0.29263540568212482 -0.035094278258116778 -0.0067819609067372713 72.566765879156534 74.71918248019071 0.03087275268108625 1.2778199185017125 33.953756332397468 22211104.500000004 48.894268035888679 82.361250495910653 -0.36412750523708598 43632924.500000007 0.0078119133433526286 66.792559368396851 33.212558746337898 -187324163.99999997 85.041249275207534 -0.0036776516041558955 1.3026600758377029
decision_type=2 2 2 2 2 2 2 2 2 2 2 2 2 2 2 2 2 2 2 2 2
left_child=1 11 3 -3 6 -6 12 -8 -7 15 -11 16 13 -2 -14 -4 -1 -10 20 -20 -13
right_child=4 2 9 -5 5 8 7 -9 17 10 -12 18 14 -15 -16 -17 -18 -19 19 -21 -22
leaf_value=0 -3.2674629667351943e-05 0 -1.1034544080427507e-06 -0.00012717958806415406 0.00010921998123942752 6.216126446057535e-05 0 -0.00010417383231085955 -1.3192307988573064e-05 -4.2234751981506844e-05 0 -3.2996116594457647e-05 1.331052624154659e-05 7.4497971398963683e-05 -2.3901134525468596e-06 2.0999869528402667e-05 4.5950978645710652e-05 7.2005759274353899e-06 0 2.5319192990030487e-05 0
leaf_weight=20 240 21 1601 36 36 33 23 43 202 184 84 22 740 25 291 121 104 108 64 50 20
leaf_count=20 240 21 1601 36 36 33 23 43 202 184 84 22 740 25 291 121 104 108 64 50 20
internal_value=0 -1.94822e-06 -6.02698e-06 -8.21805e-05 2.18741e-06 1.87618e-05 -2.23262e-07 -5.27108e-05 4.94767e-07 -2.33422e-06 -2.02225e-05 1.71515e-05 1.38939e-07 -1.12232e-05 5.9697e-06 0 3.74896e-05 0 0 9.87181e-06 -2.31518e-05
internal_weight=4068 2327 2047 57 1741 379 1362 66 343 1990 268 280 1296 265 1031 1722 124 310 156 114 42
internal_count=4068 2327 2047 57 1741 379 1362 66 343 1990 268 280 1296 265 1031 1722 124 310 156 114 42
is_linear=0
shrinkage=0.03


Tree=288
num_leaves=17
num_cat=0
split_feature=24 24 0 35 23 5 27 26 33 23 5 23 29 35 26 26
split_gain=1.89874e-05 0.000122593 0.00011733 0.000168226 0.000105605 0.000158985 0.000152317 8.50052e-05 0.000104261 7.00277e-05 0.000232749 0.000197829 6.72914e-05 4.21049e-05 9.55695e-06 4.78421e-06
threshold=-1.5763246469278902 -1.145903695405831 41.653602600097663 0.015091821924474133 -0.73699131221007252 33675423.000000007 0.13062772309018653 2.0866448540902796 0.015126480309646697 0.2954696136742499 34923481.500000007 0.37715002509038703 27.771805441121689 0.02357530813648229 1.4412597430491043 1.2104864730550127
decision_type=2 2 2 2 2 2 2 2 2 2 2 2 2 2 2 2
left_child=7 2 -2 -4 5 12 -7 14 -9 10 -6 -11 -3 -5 15 -1
right_child=1 4 3 13 9 6 -8 8 -10 11 -12 -13 -14 -15 -16 -17
leaf_value=0 0 -3.4983626888775499e-06 0 -0.00012984920323524945 -1.2500405018736933e-06 0.00012145933136483096 0 9.1817114329412222e-05 0 3.5912281365287038e-05 -5.0881769510438154e-05 0 1.5221540845711184e-05 0 -1.4582498307093656e-05 1.2062700057094385e-05
leaf_weight=23 94 183 63 24 1678 25 25 22 21 144 103 1320 252 21 40 30
leaf_count=23 94 183 63 24 1678 25 25 22 21 144 103 1320 252 21 40 30
internal_value=0 -5.32951e-07 -2.34832e-05 -4.4809e-05 0 1.36361e-05 6.82252e-05 1.0833e-05 4.63209e-05 -1.2217e-06 -5.80742e-06 2.30795e-06 4.5231e-07 -9.03861e-05 0 1.1807e-06
internal_weight=4068 3932 202 108 3730 485 50 136 43 3245 1781 1464 435 45 93 53
internal_count=4068 3932 202 108 3730 485 50 136 43 3245 1781 1464 435 45 93 53
is_linear=0
shrinkage=0.03


Tree=289
num_leaves=17
num_cat=0
split_feature=28 3 22 24 24 25 27 27 19 5 22 24 24 29 20 5
split_gain=1.88392e-05 8.9641e-05 0.00014897 9.5836e-05 9.37995e-05 9.90717e-05 9.19316e-05 8.70165e-05 7.15923e-05 6.55115e-05 0.000144872 0.000182255 0.000157985 6.38267e-05 4.03576e-05 1.32527e-06
threshold=-2436328310.9999995 51.625000000000007 40.461564597366568 -1.5763246469278902 -1.1289033984021082 -0.19219994124737813 0.062420718942467229 0.28918647948294629 47.860000228881844 15586352.500000002 59.865961793784315 0.28586454282409762 -0.54130660488755522 66.248045696159181 49.451250076293952 26534622.500000004
decision_type=2 2 2 2 2 2 2 2 2 2 2 2 2 2 2 2
left_child=8 2 -2 7 5 -5 -6 -3 15 13 12 -12 -11 14 -10 -1
right_child=1 3 -4 4 6 -7 -8 -9 9 10 11 -13 -14 -15 -16 -17
leaf_value=0 0 4.8074912387931829e-05 -8.314568628818144e-05 -5.7641176749373641e-05 1.8508967079454718e-05 0 -2.2311413873510003e-06 0 0 2.6366770148454134e-07 -1.270611535032244e-05 2.8726700116098609e-05 -2.2267119557086716e-05 0 2.3853541890410026e-05 5.4814885566391377e-05
leaf_weight=58 46 67 32 55 211 123 2093 57 26 110 55 216 525 120 249 25
leaf_count=58 46 67 32 55 211 123 2093 57 26 110 55 216 525 120 249 25
internal_value=0 -1.6337e-06 -3.35369e-05 0 -1.95493e-06 -2.29622e-05 0 2.48714e-05 2.65974e-06 0 -3.48273e-06 9.25021e-06 -1.36411e-05 1.10187e-05 1.95751e-05 2.98864e-05
internal_weight=4068 2684 78 2606 2482 178 2304 124 1384 1301 906 271 635 395 275 83
internal_count=4068 2684 78 2606 2482 178 2304 124 1384 1301 906 271 635 395 275 83
is_linear=0
shrinkage=0.03


Tree=290
num_leaves=26
num_cat=0
split_feature=35 36 31 20 29 34 22 22 30 19 24 35 27 24 36 21 29 29 35 29 29 19 35 22 36
split_gain=1.92535e-05 0.000128083 0.000443896 0.000228722 0.000286785 0.000186277 0.00024942 0.000250855 0.000232072 0.000139042 0.000152278 6.20564e-05 0.000209722 0.000159435 5.58862e-05 9.63225e-05 5.47276e-05 0.000153375 0.000267922 0.000109001 0.000119014 0.000116508 9.20823e-05 3.94834e-05 2.69546e-08
threshold=0.024163225849861681 -0.0029615609959668912 0.019672466496447719 49.792499828338627 22.222040939421557 -0.045013871229467921 59.865961793784315 40.995545993742873 17.243050764830514 50.979999923706067 0.22215061693239249 0.021104569417634021 0.36083512709675319 -0.075009054597196326 -0.0041999533281893318 71.375416819254568 54.205807949746578 60.533135584348337 0.014097042345880701 38.673466923108741 21.224208737411445 51.660000228881842 0.012872848992628172 60.373685858114065 -0.0075188014455881648
decision_type=2 2 2 2 2 2 2 2 2 2 2 2 2 2 2 2 2 2 2 2 2 2 2 2 2
left_child=11 5 3 -3 -5 8 7 -7 -2 -4 -11 16 13 24 23 -16 19 18 -18 20 -1 -21 -19 -14 -13
right_child=1 2 9 4 -6 6 -8 -9 -10 10 -12 12 14 -15 15 -17 17 22 -20 21 -22 -23 -24 -25 -26
leaf_value=8.6743064304517362e-06 0 0 1.8934299376240339e-05 0 8.2575476245167883e-05 0 0 -6.4366241536076432e-05 8.6028510383726287e-05 -6.1563082584708772e-05 0 -7.1767451957899978e-07 4.0831413955851533e-05 -8.5094315274105348e-05 -4.2146963150045985e-05 0 0 -8.5402302080945232e-06 -6.4121855437806845e-05 0 -1.0070818526309905e-05 2.1636560310856171e-05 8.3684739283882298e-06 0 0
leaf_weight=562 20 25 25 22 145 51 29 139 34 67 62 47 50 54 50 66 127 559 98 55 639 487 601 23 31
leaf_count=562 20 25 25 22 145 51 29 139 34 67 62 47 50 54 50 66 127 559 98 55 639 487 601 23 31
internal_value=0 4.70069e-06 1.91597e-05 5.22994e-05 6.6154e-05 -2.64e-06 -2.39852e-05 -4.29406e-05 2.83581e-05 -2.69656e-06 -3.01378e-05 -1.02847e-06 -1.36124e-05 -4.33503e-05 0 -4.45638e-06 0 -4.1783e-06 -2.6845e-05 3.79268e-06 0 1.50737e-05 0 2.56227e-05 0
internal_weight=4068 619 346 192 167 273 219 190 54 154 129 3449 321 132 189 116 3128 1385 225 1743 1201 542 1160 73 78
internal_count=4068 619 346 192 167 273 219 190 54 154 129 3449 321 132 189 116 3128 1385 225 1743 1201 542 1160 73 78
is_linear=0
shrinkage=0.03


Tree=291
num_leaves=25
num_cat=0
split_feature=35 25 34 31 29 0 34 34 30 28 31 21 5 0 0 33 21 28 22 0 21 32 34 20
split_gain=1.92994e-05 0.000153554 0.000337189 0.000206526 0.000131893 0.000308752 0.000186674 0.000140467 0.000138466 0.000199428 0.000181505 0.000106806 9.87145e-05 0.000229964 7.72661e-05 0.00026184 0.000176615 7.63544e-05 5.72712e-05 5.67108e-05 4.10807e-05 5.04181e-05 1.52516e-05 5.05605e-06
threshold=0.015975017429075134 -0.29263540568212482 -0.035094278258116778 -0.0067819609067372713 72.566765879156534 38.229415893554695 0.03087275268108625 0.02941178507452025 78.710137979381855 -192960853.99999997 -0.00091504549491167031 81.590416590372726 22211104.500000004 48.894268035888679 39.541013717651374 0.016324516942926252 63.41541630427043 -2561011961.9999995 66.792559368396851 33.212558746337898 83.919166501363136 -0.0036776516041558955 0.066004006616997471 82.676249694824236
decision_type=2 2 2 2 2 2 2 2 2 2 2 2 2 2 2 2 2 2 2 2 2 2 2 2
left_child=1 11 3 -3 6 7 14 -6 10 -10 -7 19 18 -14 16 -16 -2 -8 -4 -1 23 -22 -9 -13
right_child=4 2 12 -5 5 8 17 22 9 -11 -12 20 13 -15 15 -17 -18 -19 -20 -21 21 -23 -24 -25
leaf_value=0 2.8811655453114425e-06 0 -1.1479834404605588e-06 -0.00012350153199260295 0.00011811997334236336 0 0 0 -5.713264165429195e-05 0 4.7236832077583443e-05 0 -4.0783414537568177e-05 0 1.8685088328952359e-05 -2.4915616045346962e-05 -2.532346960033424e-05 -7.3259302912292632e-05 2.0204177881401833e-05 4.9690238064897013e-05 0 3.4727434442806594e-05 2.1718640292072947e-05 -3.0697136083992729e-05
leaf_weight=20 282 21 1601 36 38 31 22 51 74 55 101 25 184 84 638 106 270 44 121 90 67 50 29 28
leaf_count=20 282 21 1601 36 38 31 22 51 74 55 101 25 184 84 638 106 270 44 121 90 67 50 29 28
internal_value=0 -1.94257e-06 -5.91725e-06 -7.9924e-05 2.22093e-06 1.83238e-05 -5.85114e-08 5.8572e-05 0 -2.1983e-05 2.17048e-05 1.63964e-05 -2.28608e-06 -1.92399e-05 1.94673e-07 8.43893e-06 -5.48287e-06 -5.04087e-05 0 3.94591e-05 0 1.13345e-05 0 -2.03216e-05
internal_weight=4068 2327 2047 57 1741 379 1362 118 261 129 132 280 1990 268 1296 744 552 66 1722 110 170 117 80 53
internal_count=4068 2327 2047 57 1741 379 1362 118 261 129 132 280 1990 268 1296 744 552 66 1722 110 170 117 80 53
is_linear=0
shrinkage=0.03


Tree=292
num_leaves=17
num_cat=0
split_feature=28 19 19 5 22 24 23 25 29 5 5 32 22 30 36 5
split_gain=1.92738e-05 0.000115156 0.000478553 0.000187895 0.00011565 0.000284417 0.000133255 6.25036e-05 0.000121632 0.000231101 0.000173925 0.000114345 0.000197675 9.045e-05 5.36924e-05 3.81086e-05
threshold=-3182351017.4999995 52.679999923706063 51.660000228881842 24342067.000000004 40.230295080840193 -0.72274407308226352 -0.76330487162331895 -0.10343531268701765 29.665218639667145 20913443.000000004 23301978.500000004 -0.018654799157196863 43.736695479557532 39.515379556776985 -0.009011704855945107 23708659.500000004
decision_type=2 2 2 2 2 2 2 2 2 2 2 2 2 2 2 2
left_child=14 2 4 -4 6 -6 -2 8 10 -10 -3 12 -9 -13 -1 -16
right_child=1 7 3 -5 5 -7 -8 11 9 -11 -12 13 -14 -15 15 -17
leaf_value=0 7.2283329954942965e-05 -4.5885888646348705e-06 0 -0.00018281824403482163 -0.00010660134678727934 0 0 0 0 -4.7667079179217663e-05 2.7240477700469147e-05 1.3923221680714289e-05 4.8898864653087483e-05 -1.2748952120482269e-06 0 4.1469377791753683e-05
leaf_weight=31 35 489 23 21 26 122 33 49 427 151 197 406 130 1713 158 57
leaf_count=31 35 489 23 21 26 122 33 49 427 151 197 406 130 1713 158 57
internal_value=0 -6.80891e-07 -2.01315e-05 -0.000110257 0 -1.65615e-05 3.05274e-05 0 -4.52515e-06 -1.53002e-05 1.81926e-07 3.63518e-06 2.72686e-05 2.21885e-07 7.95519e-06 1.72354e-05
internal_weight=4068 3822 260 44 216 148 68 3562 1264 578 686 2298 179 2119 246 215
internal_count=4068 3822 260 44 216 148 68 3562 1264 578 686 2298 179 2119 246 215
is_linear=0
shrinkage=0.03


Tree=293
num_leaves=25
num_cat=0
split_feature=35 28 28 20 28 0 36 35 25 31 5 35 33 32 2 30 32 36 5 35 28 21 35 26
split_gain=1.87331e-05 0.000217709 0.000292426 0.000396467 0.000479676 0.000219177 0.000195357 0.000182518 0.000165418 9.96859e-05 7.94456e-05 5.91259e-05 0.000217054 0.000239846 5.70648e-05 0.00018082 6.92241e-05 5.23506e-05 0.000101851 0.000162379 9.15395e-05 0.000161096 0.00012362 4.72837e-05
threshold=0.024163225849861681 -2857359586.4999995 -611367842.49999988 59.026249694824223 -2540887151.4999995 47.445304870605476 -0.015117155260647571 0.036732541135915224 -0.071457089537293253 0.019198464891116766 25818658.500000004 0.021104569417634021 -1.0000000180025095e-35 -0.018654799157196863 66.924999237060561 33.666759040840724 0.008298726713576789 -0.010973713643867693 13200036.000000002 0.01930769258960556 -557960180.99999988 77.629166539510109 0.015451879117490871 1.2156638902344816
decision_type=2 2 2 2 2 2 2 2 2 2 2 2 2 2 2 2 2 2 2 2 2 2 2 2
left_child=11 9 3 8 -5 6 -4 -7 -3 10 -2 17 13 -13 16 -16 -14 18 -1 -20 22 -22 -19 -15
right_child=1 2 5 4 -6 7 -8 -9 -10 -11 -12 12 14 23 15 -17 -18 20 19 -21 21 -23 -24 -25
leaf_value=0 0 6.7791275469968629e-05 0 0 -0.00019145624853869917 0 5.8031455811742362e-05 -8.6222471146764237e-05 -1.541174441104879e-05 0 7.599932221331098e-05 0 0 0 0 4.7928528117660795e-05 -4.7200222164524484e-05 0 5.2921167004410494e-05 0 -2.0294382579381975e-05 0 1.9329330109229083e-05 -8.8576308722111013e-05
leaf_weight=41 23 28 77 60 27 73 128 22 83 34 64 62 20 30 23 92 29 909 101 50 507 1168 352 65
leaf_count=41 23 28 77 60 27 73 128 22 83 34 64 62 20 30 23 92 29 909 101 50 507 1168 352 65
internal_value=0 4.59626e-06 0 -3.21559e-05 -8.03019e-05 1.39438e-05 3.53001e-05 -5.83861e-07 0 4.1545e-05 5.85643e-05 -1.047e-06 -1.33228e-05 -4.00781e-05 0 2.05969e-05 -7.17691e-06 0 1.53627e-05 3.01117e-05 -7.78052e-07 -6.1748e-06 4.01156e-06 -7.01661e-05
internal_weight=4068 619 498 198 87 300 205 95 111 121 87 3449 321 157 164 115 49 3128 192 151 2936 1675 1261 95
internal_count=4068 619 498 198 87 300 205 95 111 121 87 3449 321 157 164 115 49 3128 192 151 2936 1675 1261 95
is_linear=0
shrinkage=0.03


Tree=294
num_leaves=26
num_cat=0
split_feature=27 27 23 5 0 24 31 29 32 5 5 27 32 5 29 35 0 34 19 31 31 34 29 5 24
split_gain=1.877e-05 0.000175761 0.000297337 0.000310502 0.000186158 0.000143315 0.000289501 0.00015874 8.33568e-05 0.000152486 0.000174286 0.000187997 8.60494e-05 0.00014544 0.000163153 7.5824e-05 0.000160872 0.00010224 5.23814e-05 2.98391e-05 1.98953e-05 1.80019e-05 9.23059e-07 5.15619e-07 4.81393e-07
threshold=0.1234905166105089 0.062420718942467229 -0.62415339869719577 14519496.000000002 49.372877120971687 -0.82207797129452864 -0.0067819609067372713 11.798424126846301 -0.012382144441125729 27700134.500000004 17476363.000000004 0.21980728409316372 -0.010113117377503698 13911475.500000002 59.768937195093706 0.012872848992628172 33.671211242675788 0.0101258842148253 75.059999847412129 -0.022413776803908599 -0.0060181596447001487 -0.035094278258116778 28.074895590330296 19132886.500000004 -0.032506019615850666
decision_type=2 2 2 2 2 2 2 2 2 2 2 2 2 2 2 2 2 2 2 2 2 2 2 2 2
left_child=1 5 23 -4 -5 6 19 21 9 10 20 -12 13 -10 -15 17 -17 -14 24 -1 -2 -7 -9 -3 -11
right_child=8 2 3 4 -6 7 -8 22 12 18 11 -13 15 14 -16 16 -18 -19 -20 -21 -22 -23 -24 -25 -26
leaf_value=0 -1.6167969253648187e-07 0 0 -0.00011420837621843558 0 6.1767697338375893e-05 -0.00010051977178476365 0 0 0 0 6.6739303590278865e-05 0 -7.5651916664302933e-05 0 3.0620279358544525e-05 0 -1.6903613100168952e-05 -3.5646972030346625e-05 3.0914416389201767e-05 1.4677616707276255e-05 0 3.8143261387779458e-06 3.0742901438551249e-06 3.1343826605957342e-06
leaf_weight=20 126 54 32 68 21 64 30 145 46 21 37 121 746 62 20 196 1507 424 37 28 83 30 57 49 44
leaf_count=20 126 54 32 68 21 64 30 145 46 21 37 121 746 62 20 196 1507 424 37 28 83 30 57 49 44
internal_value=0 -5.10334e-06 -2.78382e-05 -6.03645e-05 -8.99385e-05 4.97785e-07 -2.36238e-05 1.69917e-05 6.15837e-07 1.2737e-05 2.41071e-05 4.83895e-05 -2.79209e-07 -2.4625e-05 -5.04033e-05 0 4.79014e-06 -4.99236e-06 0 0 0 4.92619e-05 0 0 0
internal_weight=4068 598 224 121 89 374 78 296 3470 469 367 158 3001 128 82 2873 1703 1170 102 48 209 94 202 103 65
internal_count=4068 598 224 121 89 374 78 296 3470 469 367 158 3001 128 82 2873 1703 1170 102 48 209 94 202 103 65
is_linear=0
shrinkage=0.03


Tree=295
num_leaves=17
num_cat=0
split_feature=28 19 19 5 25 29 25 29 28 5 32 27 33 36 5 30
split_gain=1.77869e-05 0.000112608 0.000450677 0.000166713 0.00010908 0.000160996 5.8966e-05 0.000117327 0.000220079 0.000159458 9.90146e-05 0.000104939 8.76494e-05 5.22204e-05 3.29128e-05 1.55539e-05
threshold=-3182351017.4999995 52.679999923706063 51.660000228881842 24342067.000000004 -0.074090684396116366 72.031485185429617 -0.10343531268701765 29.665218639667145 9040197.0000000019 23301978.500000004 -0.018654799157196863 0.23496077159815501 -0.0064563369439178944 -0.009011704855945107 23708659.500000004 22.995823650261247
decision_type=2 2 2 2 2 2 2 2 2 2 2 2 2 2 2 2
left_child=13 2 4 -4 15 -6 7 9 -9 -3 11 -8 -12 -1 -15 -2
right_child=1 6 3 -5 5 -7 10 8 -10 -11 12 -13 -14 14 -16 -17
leaf_value=0 4.2526783821943555e-05 -4.2116153411563582e-06 0 -0.00017670980878659826 -4.0413474157555322e-05 0 0 -7.9768032575257193e-07 -6.2080804686695141e-05 2.6156671473731538e-05 -1.0423302660533366e-05 3.8478400531875075e-05 4.5123054959965954e-06 0 3.9866220458017599e-05 0
leaf_weight=31 39 489 23 21 114 31 36 493 85 197 406 143 1713 158 57 32
leaf_count=31 39 489 23 21 114 31 36 493 85 197 406 143 1713 158 57 32
internal_value=0 -7.01005e-07 -1.99215e-05 -0.000107416 0 -1.6903e-05 0 -4.41487e-06 -1.50085e-05 1.39308e-07 3.5173e-06 2.56057e-05 2.34594e-07 7.57731e-06 1.68578e-05 2.82432e-05
internal_weight=4068 3822 260 44 216 145 3562 1264 578 686 2298 179 2119 246 215 71
internal_count=4068 3822 260 44 216 145 3562 1264 578 686 2298 179 2119 246 215 71
is_linear=0
shrinkage=0.03


Tree=296
num_leaves=21
num_cat=0
split_feature=0 23 24 0 30 25 33 29 30 34 30 5 25 5 28 31 34 23 21 28
split_gain=1.80685e-05 9.36442e-05 0.000209295 5.30146e-05 0.000146947 0.000262869 5.62092e-05 5.3541e-05 8.58794e-05 7.94705e-05 4.20904e-05 0.00041367 0.000269417 0.000643328 0.000124166 9.49121e-05 8.7754e-05 2.96944e-05 6.64982e-05 6.16736e-05
threshold=33.289602279663093 0.60247745530748997 -0.081880023382115613 35.812461853027351 27.799037100116667 -0.3371214540386116 -0.014818889510339437 66.627347228277515 82.227973184388233 -0.0032154345177475281 28.639544043069389 27700134.500000004 -0.13230151729945985 19849371.500000004 -2747265269.4999995 0.0073602671071231205 -0.021452295876994983 -0.61433811222421031 63.41541630427043 -2370648789.4999995
decision_type=2 2 2 2 2 2 2 2 2 2 2 2 2 2 2 2 2 2 2 2
left_child=1 2 17 4 5 -2 -7 9 -9 -6 11 16 13 -12 -13 -14 -5 18 -1 -19
right_child=3 -3 -4 10 7 6 -8 8 -10 -11 12 14 15 -15 -16 -17 -18 19 -20 -21
leaf_value=3.6599674957505183e-05 0 -1.724224776571788e-05 5.3435449605239756e-05 -1.2292966279117571e-05 0 0 -0.00013423784363656249 -3.7264334914521525e-05 0 2.4221393066178517e-05 0 0 7.0816676137081607e-06 -7.6411676920184617e-05 0.00010369595892924869 -6.4657897222544171e-06 9.787074855370481e-06 0 0 -2.2620347836258664e-05
leaf_weight=62 46 38 96 319 102 24 26 83 51 139 309 31 1447 140 48 503 321 84 84 115
leaf_count=62 46 38 96 319 102 24 26 83 51 139 309 31 1447 140 48 503 321 84 84 115
internal_value=0 5.22515e-06 1.39658e-05 -9.4146e-07 -1.03939e-05 -4.36554e-05 -9.15304e-05 0 -1.68566e-05 6.46697e-06 0 6.79066e-06 -1.40286e-06 -2.30696e-05 7.15957e-05 2.04858e-06 0 0 1.26385e-05 -4.12522e-06
internal_weight=4068 479 441 3589 471 96 50 375 134 241 3118 719 2399 449 79 1950 640 345 146 199
internal_count=4068 479 441 3589 471 96 50 375 134 241 3118 719 2399 449 79 1950 640 345 146 199
is_linear=0
shrinkage=0.03


Tree=297
num_leaves=21
num_cat=0
split_feature=28 3 35 31 31 34 31 4 36 26 19 31 26 35 36 21 30 36 25 4
split_gain=1.73161e-05 8.45504e-05 0.000106524 0.000180296 0.000313749 0.000202655 0.000133051 0.000238388 8.47931e-05 0.000118899 6.72346e-05 5.08392e-05 0.00010406 0.000145834 4.75154e-05 0.000115867 5.22801e-05 9.25009e-06 6.58939e-06 1.37533e-06
threshold=-2436328310.9999995 51.625000000000007 0.010177271349489337 0.0021269129837375726 -0.0016025712301477311 0.004694109101597733 0.0076380075444028037 87.724998474121108 -0.009586170522337711 1.0931163176890675 47.860000228881844 -0.0057914312068322307 1.1057458590725819 0.034329551361010138 0.0070644757994521501 51.091666634877534 76.014397988110986 0.0028666918585784473 0.076095966360407399 47.274999618530281
decision_type=2 2 2 2 2 2 2 2 2 2 2 2 2 2 2 2 2 2 2 2
left_child=10 8 6 4 -4 -5 7 -3 -2 -10 19 12 18 -14 15 -13 -16 -8 -12 -1
right_child=1 2 3 5 -6 -7 17 -9 9 -11 11 14 13 -15 16 -17 -18 -19 -20 -21
leaf_value=3.6040986666469631e-05 0 -4.2045589484434507e-06 0 -2.5030034220699288e-05 4.1208216076668713e-05 4.2601174021387397e-07 1.3739628254809748e-05 -8.5037355320389504e-05 0 -8.3631169336011955e-05 8.0683459238349595e-06 -4.7583962021757947e-07 -3.9562639262012511e-05 0 0 1.7390843758164433e-05 -2.9767484694856118e-05 0 0 0
leaf_weight=54 20 378 994 345 248 520 44 57 20 38 91 136 162 23 250 542 53 20 44 29
leaf_count=54 20 378 994 345 248 520 44 57 20 38 91 136 162 23 250 542 53 20 44 29
internal_value=0 -1.62183e-06 0 2.24006e-06 1.05759e-05 -6.26089e-06 -1.30731e-05 -2.17085e-05 -3.26302e-05 -5.23902e-05 2.48169e-06 0 -9.48781e-06 -2.57223e-05 4.15532e-06 9.3833e-06 0 0 0 2.88228e-05
internal_weight=4068 2684 2606 2107 1242 865 499 435 78 58 1384 1301 320 185 981 678 303 64 135 83
internal_count=4068 2684 2606 2107 1242 865 499 435 78 58 1384 1301 320 185 981 678 303 64 135 83
is_linear=0
shrinkage=0.03


Tree=298
num_leaves=26
num_cat=0
split_feature=35 28 28 20 28 0 36 35 25 31 5 35 27 23 24 29 32 5 32 32 30 36 23 22 31
split_gain=1.80371e-05 0.000212204 0.000274354 0.000374393 0.000444314 0.000204175 0.000184752 0.000168471 0.000155181 9.48731e-05 7.12089e-05 5.7048e-05 0.000192872 0.000174863 5.16903e-05 5.01246e-05 0.000143838 0.000101755 0.000365077 0.000122891 5.59311e-05 4.81248e-05 9.49827e-05 3.48445e-05 1.09152e-05
threshold=0.024163225849861681 -2857359586.4999995 -611367842.49999988 59.026249694824223 -2540887151.4999995 47.445304870605476 -0.015117155260647571 0.036732541135915224 -0.071457089537293253 0.019198464891116766 25818658.500000004 0.021104569417634021 0.36083512709675319 -0.61433811222421031 -0.075009054597196326 21.224208737411445 0.00076118068552477613 22884568.000000004 0.0087778775005608062 -0.0083226859568867311 22.594425330200725 -0.0041999533281893318 0.68379616572061519 60.373685858114065 0.00068287058399518774
decision_type=2 2 2 2 2 2 2 2 2 2 2 2 2 2 2 2 2 2 2 2 2 2 2 2 2
left_child=11 9 3 8 -5 6 -4 -7 -3 10 -2 15 13 -13 -15 16 20 19 -19 -17 -1 23 -23 -14 -18
right_child=1 2 5 4 -6 7 -8 -9 -10 -11 -12 12 21 14 -16 17 24 18 -20 -21 -22 22 -24 -25 -26
leaf_value=-5.1989640763183889e-06 0 6.56718769459985e-05 0 0 -0.00018527848820452922 0 5.6123643119375616e-05 -8.283007642669324e-05 -1.4909995099600438e-05 0 7.4201712900198431e-05 0 3.8147280236683826e-05 0 -9.0258950879661674e-05 1.5190908660964521e-05 0 -4.2210937456253078e-05 5.1340211974024347e-06 -2.5264850984076179e-06 1.623786839418779e-05 0 -4.664572174550542e-05 0 5.3969819481996785e-05
leaf_weight=320 23 28 77 60 27 73 128 22 83 34 64 53 50 26 53 431 23 237 156 1742 158 76 40 23 61
leaf_count=320 23 28 77 60 27 73 128 22 83 34 64 53 50 26 53 431 23 237 156 1742 158 76 40 23 61
internal_value=0 4.48816e-06 0 -3.12499e-05 -7.80363e-05 1.33473e-05 3.4009e-05 0 0 4.09884e-05 5.75863e-05 -1.04444e-06 -1.31002e-05 -4.16076e-05 -6.98624e-05 0 8.29651e-06 -1.58193e-06 -1.57893e-05 0 0 0 -3.90024e-06 2.384e-05 4.4714e-05
internal_weight=4068 619 498 198 87 300 205 95 111 121 87 3449 321 132 79 3128 562 2566 393 2173 478 189 116 73 84
internal_count=4068 619 498 198 87 300 205 95 111 121 87 3449 321 132 79 3128 562 2566 393 2173 478 189 116 73 84
is_linear=0
shrinkage=0.03


Tree=299
num_leaves=13
num_cat=0
split_feature=32 24 32 28 26 23 30 24 29 0 27 30
split_gain=1.73548e-05 6.05927e-05 4.21331e-05 6.50161e-05 7.18119e-05 4.9723e-05 4.19432e-05 0.000200344 0.00012726 0.000233093 9.723e-05 2.29359e-05
threshold=0.043041885148349064 -0.80622585223095877 0.025909395965970864 -2521718408.9999995 1.3868345536852849 -0.11096772642846985 83.286859913176826 -0.32001562830572255 81.158493186219118 56.946161270141609 0.76187025570478706 85.012661333877432
decision_type=2 2 2 2 2 2 2 2 2 2 2 2
left_child=2 -2 6 -4 -5 -6 8 -8 10 -10 -1 -9
right_child=1 -3 3 4 5 -7 7 11 9 -11 -12 -13
leaf_value=-1.3421843638761713e-06 0 3.5797981307549179e-05 0 0 0 -6.7689069440846338e-05 6.0552288670279553e-05 1.2307545951565443e-05 -4.2762634765464897e-05 0 1.2452467785343866e-05 -8.6198773397630813e-06
leaf_weight=2774 20 54 62 53 35 45 59 65 178 46 532 145
leaf_count=2774 20 54 62 53 35 45 59 65 178 46 532 145
internal_value=0 1.41304e-05 -4.5416e-07 -1.4092e-05 -2.70317e-05 -4.49565e-05 0 1.16281e-05 -6.21437e-07 -2.27414e-05 0 0
internal_weight=4068 74 3994 195 133 80 3799 269 3530 224 3306 210
internal_count=4068 74 3994 195 133 80 3799 269 3530 224 3306 210
is_linear=0
shrinkage=0.03


Tree=300
num_leaves=22
num_cat=0
split_feature=35 25 34 31 29 29 34 26 0 21 21 4 21 29 29 26 0 28 21 20 20
split_gain=1.73902e-05 0.000145479 0.000316529 0.000192803 0.000124814 0.000301144 0.000178002 0.000293578 0.000122318 0.000100653 7.15576e-05 0.000380409 0.000184465 7.15324e-05 0.000101497 7.46288e-05 5.40705e-05 4.19791e-05 3.75972e-05 4.31602e-06 2.30468e-06
threshold=0.015975017429075134 -0.29263540568212482 -0.035094278258116778 -0.0067819609067372713 72.566765879156534 74.71918248019071 0.03087275268108625 1.2778199185017125 33.953756332397468 81.590416590372726 63.41541630427043 63.175001144409187 54.577916812896738 21.224208737411445 38.673466923108741 1.1268353970591669 33.212558746337898 -187324163.99999997 83.919166501363136 82.676249694824236 93.618750190734872
decision_type=2 2 2 2 2 2 2 2 2 2 2 2 2 2 2 2 2 2 2 2 2
left_child=1 9 3 -3 6 -6 10 -8 -7 16 12 -12 -2 15 -15 -4 -1 -10 19 -11 -20
right_child=4 2 13 -5 5 8 7 -9 17 18 11 -13 -14 14 -16 -17 -18 -19 20 -21 -22
leaf_value=0 0 0 0 -0.00011963967691173058 0.00010406745325224447 5.7670282332924416e-05 0 -9.9232717740850912e-05 -1.2876541479451526e-05 0 -9.638003155374472e-05 0 4.2538354795076793e-05 -1.9534357689260399e-05 0 3.11775397946437e-05 4.8317024032587991e-05 6.2863855807010606e-06 1.3008380407131227e-05 -2.9147264600053647e-05 0
leaf_weight=20 217 21 144 36 36 33 23 43 202 25 37 916 126 377 1378 91 90 108 94 28 23
leaf_count=20 217 21 144 36 36 33 23 43 202 25 37 916 126 377 1378 91 90 108 94 28 23
internal_value=0 -1.85891e-06 -5.75849e-06 -7.75274e-05 2.09062e-06 1.77867e-05 -7.55822e-08 -4.92288e-05 0 1.59312e-05 1.16559e-07 -1.53929e-06 1.34601e-05 -2.19154e-06 -5.47189e-06 9.53777e-06 3.83206e-05 0 0 -1.94017e-05 1.08751e-05
internal_weight=4068 2327 2047 57 1741 379 1362 66 343 280 1296 953 343 1990 1755 235 110 310 170 53 117
internal_count=4068 2327 2047 57 1741 379 1362 66 343 280 1296 953 343 1990 1755 235 110 310 170 53 117
is_linear=0
shrinkage=0.03


Tree=301
num_leaves=18
num_cat=0
split_feature=24 24 31 35 36 26 32 29 29 29 28 31 29 35 26 0 26
split_gain=1.69026e-05 0.000114359 0.00016114 0.000228906 0.0002213 7.96297e-05 0.000103617 6.03342e-05 0.000252491 0.000215737 0.00018419 0.00018334 8.35418e-05 7.49946e-05 8.35172e-06 7.54896e-06 3.80668e-06
threshold=-1.5763246469278902 -1.145903695405831 -0.0025300067069304317 0.015091821924474133 -0.014093735010766587 2.0866448540902796 0.0079598763633874654 56.113286155148721 60.533135584348337 38.673466923108741 73008534.000000015 0.010580657137404416 32.743602450249263 0.012872848992628172 1.4412597430491043 41.653602600097663 1.2104864730550127
decision_type=2 2 2 2 2 2 2 2 2 2 2 2 2 2 2 2 2
left_child=5 2 3 -2 -5 14 -7 9 11 12 -11 -9 -3 -10 16 -4 -1
right_child=1 7 15 4 -6 6 -8 8 13 10 -12 -13 -14 -15 -16 -17 -18
leaf_value=0 0 0 1.0220206221082957e-05 0 -0.00015536434482460893 9.2137745251631906e-05 0 -5.4141440394285488e-05 -8.2493685440099547e-06 2.3457776685968645e-05 -1.2076806106449977e-05 0 -1.7561963981993564e-05 5.959854710563197e-06 -1.3686984620972106e-05 -4.9093062725319787e-06 1.0675655100092384e-05
leaf_weight=23 47 1156 52 20 27 21 22 141 536 700 41 34 249 873 40 56 30
leaf_count=23 47 1156 52 20 27 21 22 141 536 700 41 34 249 873 40 56 30
internal_value=0 -5.06472e-07 -2.26772e-05 -5.1436e-05 -9.82838e-05 1.02158e-05 4.46358e-05 0 -3.6719e-06 3.91791e-06 1.74422e-05 -3.76797e-05 -1.0805e-06 0 0 0 2.90255e-07
internal_weight=4068 3932 202 94 47 136 43 3730 1584 2146 741 175 1405 1409 93 108 53
internal_count=4068 3932 202 94 47 136 43 3730 1584 2146 741 175 1405 1409 93 108 53
is_linear=0
shrinkage=0.03


Tree=302
num_leaves=26
num_cat=0
split_feature=0 0 24 26 34 36 0 32 24 35 36 0 35 22 33 22 32 29 25 30 0 25 28 5 28
split_gain=1.66415e-05 9.12173e-05 9.39047e-05 0.000139202 6.30937e-05 5.57985e-05 0.000206944 0.000229398 0.000257621 0.000110884 0.000335 0.00049911 0.000184656 9.68853e-05 9.49685e-05 6.93159e-05 6.02824e-05 5.95209e-05 4.04944e-05 0.000356754 0.000149377 6.92973e-05 6.86991e-05 3.35121e-05 2.98789e-05
threshold=33.289602279663093 32.309312820434577 0.60769561206818801 1.1268353970591669 -0.011275667794175324 -0.0065220194959039789 39.541013717651374 -0.0083226859568867311 0.79181071454040963 0.023068645250047929 0.017301038480957598 54.281652450561531 0.022018450095023626 58.925001610083861 -0.0048476135266692357 67.721597514023998 0.012024647487814068 73.498562124115438 0.053393769135436843 61.708509669868313 31.06590557098389 -0.17873420314000241 -236636849.49999997 25180375.000000004 -1174993575.9999998
decision_type=2 2 2 2 2 2 2 2 2 2 2 2 2 2 2 2 2 2 2 2 2 2 2 2 2
left_child=1 18 3 -3 -5 6 7 23 -9 12 11 -11 17 14 -8 -15 -12 -7 20 -20 22 -22 -1 -2 -14
right_child=5 2 -4 4 -6 9 13 8 -10 10 16 -13 24 15 -16 -17 -18 -19 19 -21 21 -23 -24 -25 -26
leaf_value=5.2590133825178942e-05 6.3624795194842661e-06 0 0 0 8.0939527232214273e-05 3.0663592847210199e-06 0 -7.9154847215899427e-05 0 6.9235760735044833e-05 0 -1.3629889676170372e-05 -8.8251540619384606e-05 5.1368996844923291e-05 -2.3763037240304552e-05 0 -2.0114168975558505e-05 -7.9651275800349518e-06 -9.6870072884485108e-05 0 -4.7154052142406152e-05 0 0 -1.8165743973434023e-05 0
leaf_weight=66 92 127 24 40 55 1702 335 108 23 176 43 22 25 56 154 23 134 592 38 46 34 27 22 80 24
leaf_count=66 92 127 24 40 55 1702 335 108 23 176 43 22 25 56 154 23 134 592 38 46 34 27 22 80 24
internal_value=0 5.06599e-06 1.95844e-05 2.83817e-05 5.65562e-05 -8.64373e-07 -7.78046e-06 -2.80795e-05 -5.82899e-05 2.48421e-07 1.61272e-05 4.48824e-05 -1.01322e-06 0 -1.77782e-06 3.29062e-05 0 0 0 -2.08171e-05 0 -1.4839e-05 3.70576e-05 0 -5.85981e-05
internal_weight=4068 479 246 222 95 3589 871 303 131 2718 375 198 2343 568 489 79 177 2294 233 84 149 61 88 172 49
internal_count=4068 479 246 222 95 3589 871 303 131 2718 375 198 2343 568 489 79 177 2294 233 84 149 61 88 172 49
is_linear=0
shrinkage=0.03


Tree=303
num_leaves=24
num_cat=0
split_feature=23 36 5 26 34 1 35 31 23 31 26 26 26 19 35 5 31 34 28 19 28 36 35
split_gain=1.83549e-05 0.000136181 0.00019279 0.00043563 0.000272782 0.000128989 0.000212136 0.000202058 8.35083e-05 8.10877e-05 0.000254386 0.000230686 0.000153029 0.00019221 0.000131359 8.46266e-05 7.98532e-05 0.000101445 7.46342e-05 4.4664e-05 0.000189684 8.86942e-05 1.27578e-05
threshold=-0.5605283133619422 -0.0056603891642957775 15445882.000000002 1.2971099671830062 0.03087275268108625 78.52500152587892 0.025078338417018259 -0.00062445326441501459 -0.55118049495346699 -0.017018872043584207 1.6123652999936402 2.1871330282230335 1.2559761383839154 78.085001373291036 0.015451879117490871 26047914.500000004 -1.0000000180025095e-35 -0.0010224835695099019 -158784572.49999997 69.925001525878926 -1027035204.4999999 -0.0082466683456536745 0.012806447164865564
decision_type=2 2 2 2 2 2 2 2 2 2 2 2 2 2 2 2 2 2 2 2 2 2 2
left_child=1 5 16 22 -5 19 7 -7 -2 10 15 -12 14 -14 -11 -10 18 -18 -3 20 -1 -21 -4
right_child=8 2 3 4 -6 6 -8 -9 9 12 11 -13 13 -15 -16 -17 17 -19 -20 21 -22 -23 -24
leaf_value=0 -5.0173145079676261e-05 3.0771567931204412e-05 4.5452449134096233e-06 7.3257454862085341e-05 0 -7.4397952143020975e-05 0 0 0 0 7.8743715584801322e-05 0 -2.3651692745512373e-05 0 1.7930728219597358e-05 -4.5932620593106079e-05 -4.0737488840139069e-05 0 0 4.1413762308355605e-05 -6.4733165960391824e-05 0 -8.7227284134862147e-06
leaf_weight=62 32 87 106 172 28 92 24 20 53 1034 80 30 554 755 410 36 89 103 32 69 41 37 122
leaf_count=62 32 87 106 172 28 92 24 20 53 1034 80 30 554 755 410 36 89 103 32 69 41 37 122
internal_value=0 3.16653e-06 1.23385e-05 2.58484e-05 5.82133e-05 -7.78477e-06 -3.17276e-05 -5.40861e-05 -1.37591e-06 0 1.73741e-05 5.12379e-05 -2.16282e-06 -1.02291e-05 3.07208e-06 0 0 -1.71597e-05 1.13354e-05 0 -3.82579e-06 1.90956e-05 0
internal_weight=4068 1084 739 428 200 345 136 112 2984 2952 199 110 2753 1309 1444 89 311 192 119 209 103 106 228
internal_count=4068 1084 739 428 200 345 136 112 2984 2952 199 110 2753 1309 1444 89 311 192 119 209 103 106 228
is_linear=0
shrinkage=0.03


Tree=304
num_leaves=24
num_cat=0
split_feature=23 36 5 26 34 1 36 31 23 31 26 20 26 33 26 5 31 34 28 1 28 36 5
split_gain=1.7192e-05 0.000124839 0.000181358 0.000407895 0.000260274 0.000118174 0.000168596 0.000247025 7.84645e-05 7.49976e-05 0.000238501 0.000220551 0.000143574 0.00024438 9.00426e-05 7.96389e-05 7.38111e-05 9.58253e-05 7.11875e-05 4.11204e-05 0.000307218 0.0001521 1.86577e-06
threshold=-0.5605283133619422 -0.0056603891642957775 15445882.000000002 1.2971099671830062 0.03087275268108625 78.52500152587892 -0.013704508911901484 -0.00062445326441501459 -0.55118049495346699 -0.017018872043584207 1.6123652999936402 78.388750457763692 1.2559761383839154 0.012785298903659982 1.0714783564152384 26047914.500000004 -1.0000000180025095e-35 -0.0010224835695099019 -158784572.49999997 67.325000762939467 -1027035204.4999999 -0.0082466683456536745 17231535.500000004
decision_type=2 2 2 2 2 2 2 2 2 2 2 2 2 2 2 2 2 2 2 2 2 2 2
left_child=1 5 16 22 -5 19 -7 -8 -2 10 15 -12 14 -14 -11 -10 18 -18 -3 20 -1 -21 -4
right_child=8 2 3 4 -6 6 7 -9 9 12 11 -13 13 -15 -16 -17 17 -19 -20 21 -22 -23 -24
leaf_value=0 -4.8672642415197926e-05 2.9849479670995779e-05 1.5932870945138943e-07 7.1061008156517199e-05 0 0 -8.1459940245285758e-05 0 0 -6.5476008791619395e-07 0.00010081034281226419 0 -1.9951462055541376e-05 2.9453636269423591e-06 1.2016319148450331e-05 -4.4558459184098001e-05 -3.9516737064705716e-05 0 0 4.6311543983290573e-05 -0.00010331648569179418 0 -2.940527777550266e-06
leaf_weight=62 32 87 34 172 28 41 75 20 53 800 46 64 867 442 644 36 89 103 32 80 26 41 194
leaf_count=62 32 87 34 172 28 41 75 20 53 800 46 64 867 442 644 36 89 103 32 80 26 41 194
internal_value=0 3.04399e-06 1.18892e-05 2.50062e-05 5.63242e-05 -7.20745e-06 -3.02189e-05 -5.38741e-05 -1.34865e-06 0 1.66741e-05 4.95214e-05 -2.10015e-06 -9.92878e-06 2.91935e-06 0 0 -1.65935e-05 1.0661e-05 0 -4.88611e-06 1.69774e-05 0
internal_weight=4068 1084 739 428 200 345 136 95 2984 2952 199 110 2753 1309 1444 89 311 192 119 209 88 121 228
internal_count=4068 1084 739 428 200 345 136 95 2984 2952 199 110 2753 1309 1444 89 311 192 119 209 88 121 228
is_linear=0
shrinkage=0.03


Tree=305
num_leaves=17
num_cat=0
split_feature=28 4 32 22 36 31 34 23 34 21 36 31 36 5 33 4
split_gain=1.60218e-05 9.6582e-05 0.000204721 0.000215028 0.000143232 6.696e-05 0.000216881 0.000274344 0.000190051 9.1378e-05 0.000157722 9.03919e-05 4.91399e-05 2.7549e-05 1.738e-05 5.21058e-07
threshold=-3182351017.4999995 52.524999618530281 0.0049904666800744133 40.230295080840193 -0.0046202894103664037 0.015049287226234666 0.013346082788620263 -0.57690713336812027 0.047547678716475923 63.992916488647467 -0.010657615072921317 0.0099607786993819464 -0.009011704855945107 23708659.500000004 0.015729859674024963 49.824998855590827
decision_type=2 2 2 2 2 2 2 2 2 2 2 2 2 2 2 2
left_child=12 2 3 15 -5 9 7 -7 -8 10 -3 -11 -1 -14 -4 -2
right_child=1 5 14 4 -6 6 8 -9 -10 11 -12 -13 13 -15 -16 -17
leaf_value=0 0 0 2.0533335107394187e-05 0 -0.00010393183458076296 0 2.2311504307346998e-05 -8.0219013977467864e-05 -3.7921204307606611e-05 -1.2844979158142334e-06 3.2655743008424255e-05 1.7404032116016736e-05 0 3.7864550495326138e-05 0 -4.411189757959902e-06
leaf_weight=31 45 82 37 32 55 49 167 76 61 2658 222 254 158 57 60 24
leaf_count=31 45 82 37 32 55 49 167 76 61 2658 222 254 158 57 60 24
internal_value=0 -6.41728e-07 -1.86991e-05 -4.18002e-05 -7.31662e-05 0 -1.16115e-05 -4.40551e-05 0 1.98377e-06 1.76651e-05 0 7.22474e-06 1.62888e-05 0 0
internal_weight=4068 3822 253 156 87 3569 353 125 228 3216 304 2912 246 215 97 69
internal_count=4068 3822 253 156 87 3569 353 125 228 3216 304 2912 246 215 97 69
is_linear=0
shrinkage=0.03


Tree=306
num_leaves=29
num_cat=0
split_feature=5 5 0 21 0 23 3 25 33 25 34 23 33 23 19 5 0 34 34 24 5 29 34 5 21 36 33 5
split_gain=1.56897e-05 7.39745e-05 0.000128543 0.000102138 7.38363e-05 0.000103243 6.06592e-05 0.000146989 0.000143779 5.88334e-05 0.000223887 0.00016519 0.000160365 0.000139682 9.96593e-05 6.04975e-05 5.21758e-05 3.04341e-05 2.87689e-05 0.000121026 2.61346e-05 9.05212e-05 0.000128391 3.71078e-05 3.01118e-05 2.53028e-05 5.7276e-06 3.93574e-06
threshold=12395275.500000002 14458628.000000002 37.639163970947273 53.877499961853033 43.31294250488282 0.15328245847936731 83.575000762939467 -0.041460263405958937 -0.012028058581203647 -0.090482438596136472 -0.022614434936039481 -0.62415339869719577 -0.044011748063531801 0.89902804415365989 50.979999923706067 15529853.000000002 33.152118682861335 -0.007241996988893439 0.006811162230454638 -0.12005298364240799 9045723.0000000019 24.835628807731378 0.016119098259447798 7336101.5000000009 80.315416590372735 0.0030816871617995747 -0.0063013674086194729 10960284.500000002
decision_type=2 2 2 2 2 2 2 2 2 2 2 2 2 2 2 2 2 2 2 2 2 2 2 2 2 2 2 2
left_child=4 2 3 -2 5 18 7 -4 -8 11 14 12 -3 -13 -11 -12 -5 -7 19 -1 23 27 -23 -6 -25 -20 -19 -22
right_child=1 9 6 16 20 17 8 -9 -10 10 15 13 -14 -15 -16 -17 -18 26 25 -21 21 22 -24 24 -26 -27 -28 -29
leaf_value=3.0716940530046838e-05 0 -4.2046194795015334e-05 3.9894462446739967e-05 0 0 0 0 0 -3.5967481155405235e-05 0 1.775096261942799e-05 -2.2908489224643975e-05 1.6657205346723698e-05 0 6.0466551845607846e-05 -6.1799197286420701e-07 -7.3553739304298558e-05 0 -2.4485838899309902e-05 0 0 -3.5082873435498143e-05 0 0 3.4105538658097455e-05 0 4.4925905848187124e-05 9.6421043285879984e-06
leaf_weight=130 30 28 88 20 48 23 36 142 136 21 171 542 384 89 88 1400 60 20 58 41 32 179 62 29 52 21 100 38
leaf_count=130 30 28 88 20 48 23 36 142 136 21 171 542 384 89 88 1400 60 20 58 41 32 179 62 29 52 21 100 38
internal_value=0 -1.11224e-06 -1.17398e-05 -4.11316e-05 3.48508e-06 1.39567e-05 0 5.86952e-06 -1.64668e-05 0 4.28992e-06 -4.59567e-06 5.37863e-06 -1.58616e-05 4.61554e-05 0 -5.89327e-05 3.44154e-05 0 8.99064e-06 0 -8.67587e-06 -2.08574e-05 8.99458e-07 2.03246e-05 -1.23486e-05 4.04883e-05 0
internal_weight=4068 3235 512 110 833 393 402 230 172 2723 1680 1043 412 631 109 1571 80 143 250 171 440 311 241 129 81 79 120 70
internal_count=4068 3235 512 110 833 393 402 230 172 2723 1680 1043 412 631 109 1571 80 143 250 171 440 311 241 129 81 79 120 70
is_linear=0
shrinkage=0.03


Tree=307
num_leaves=25
num_cat=0
split_feature=28 32 35 32 31 26 5 5 5 31 26 22 35 5 26 20 27 32 35 22 30 29 30 4
split_gain=1.61198e-05 8.78772e-05 0.000342269 0.000158455 0.000228989 0.000155723 0.000123617 0.000219036 0.000105644 6.30703e-05 0.000112143 0.00027 8.78317e-05 0.000191799 0.000158508 6.29833e-05 6.21195e-05 4.00608e-05 6.1644e-05 4.3858e-05 1.21346e-05 7.17845e-06 5.25656e-05 4.051e-05
threshold=-2436328310.9999995 -0.041337854561385605 0.031978995084651816 -0.0074626461056775941 -0.0061156969113102524 1.1745349014757869 12395275.500000002 15214030.000000002 11591760.500000002 0.002921713440476315 1.3213736457071461 65.254792303962645 0.017965070115139228 40992717.500000007 1.1111770042673805 81.141249847412126 0.27573500832995895 0.0039973775877502069 0.0099519185702004794 46.919178306491823 59.156029113849137 77.992068718847761 36.401371285555747 77.02500152587892
decision_type=2 2 2 2 2 2 2 2 2 2 2 2 2 2 2 2 2 2 2 2 2 2 2 2
left_child=9 2 -2 4 5 -3 8 -8 -5 12 21 16 17 14 -14 -6 -12 19 -19 -1 -15 22 -11 -23
right_child=1 3 -4 6 15 -7 7 -9 -10 10 11 -13 13 20 -16 -17 -18 18 -20 -21 -22 23 -24 -25
leaf_value=7.150128178635998e-06 -0.00012045405104256325 0 0 0 -1.8645606576136886e-05 3.4357369414242641e-05 -3.075169577072227e-05 -2.2567220296241385e-07 3.1301738986421187e-05 0 0 0 0 1.8445121131832738e-05 -5.573670248191574e-05 0 7.1058368425230804e-05 0 3.2490796727437946e-05 -1.036652557865813e-05 0 -2.6745185185171972e-05 1.7007278165801972e-05 0
leaf_weight=282 27 122 21 356 166 364 381 986 103 101 20 21 58 32 125 158 92 36 92 233 26 52 183 31
leaf_count=282 27 122 21 356 166 364 381 986 103 101 20 21 58 32 125 158 92 36 92 233 26 52 183 31
internal_value=0 -1.50349e-06 -4.20763e-05 0 1.02201e-05 2.44101e-05 -5.63547e-06 -1.09297e-05 3.59631e-06 2.46945e-06 1.14185e-05 3.53295e-05 0 -1.74431e-05 -3.66524e-05 -1.80946e-06 6.04128e-05 2.97483e-06 1.80523e-05 0 0 0 4.4604e-06 -3.11894e-06
internal_weight=4068 2684 48 2636 810 486 1826 1367 459 1384 500 133 884 241 183 324 112 643 128 515 58 367 284 83
internal_count=4068 2684 48 2636 810 486 1826 1367 459 1384 500 133 884 241 183 324 112 643 128 515 58 367 284 83
is_linear=0
shrinkage=0.03


Tree=308
num_leaves=26
num_cat=0
split_feature=28 21 21 28 25 25 21 35 5 35 28 5 25 28 5 35 26 28 5 28 26 28 28 30 4
split_gain=1.51442e-05 8.20612e-05 0.000177725 0.000260367 0.000256918 0.00024257 0.000138087 0.000118455 0.000119443 0.000142393 0.000100717 0.000156417 9.78331e-05 6.13224e-05 8.7493e-05 0.000162367 0.000223741 0.000210687 5.53722e-05 0.00010197 3.33316e-05 4.58078e-05 2.6762e-05 4.42657e-06 3.73283e-06
threshold=-2436328310.9999995 70.961250432332363 63.41541630427043 -624745237.99999988 0.16584984351859747 0.39523837452901522 60.270833015441902 0.010177271349489337 13344891.000000002 0.0099966617484156702 -34707013.999999993 15214030.000000002 -0.10118169967485326 -2702935453.4999995 15707166.000000002 0.024697013876977401 1.1544282549493599 -2857359586.4999995 12164916.000000002 -2598932320.9999995 0.80793779858730796 -2764212461.9999995 -557960180.99999988 29.514213996756663 84.52500152587892
decision_type=2 2 2 2 2 2 2 2 2 2 2 2 2 2 2 2 2 2 2 2 2 2 2 2 2
left_child=13 2 4 -4 6 -6 -2 8 23 -10 11 -9 -12 14 20 16 -16 -17 -15 -20 -1 -22 -5 -3 -21
right_child=1 7 3 22 5 -7 -8 10 9 -11 12 -13 -14 18 15 17 -18 -19 19 24 21 -23 -24 -25 -26
leaf_value=0 0 -1.7940430914649832e-06 -0.00012548606007202582 0 -8.3082942710352857e-05 0 9.3462194463949982e-05 0 -3.7333326798583796e-05 0 -2.1664691756170098e-05 1.8790359902186593e-05 0 0 0 4.2339681898642182e-05 -4.128011008975783e-05 -2.6799312138608205e-06 5.2545023287895327e-05 0 2.1130518923693921e-05 0 -2.0720451661848762e-05 4.6414244426985537e-06 5.5239107891186369e-06
leaf_weight=75 125 59 30 69 50 48 26 540 222 23 198 734 328 32 393 117 210 46 74 41 266 20 56 176 110
leaf_count=75 125 59 30 69 50 48 26 540 222 23 198 734 328 32 393 117 210 46 74 41 266 20 56 176 110
internal_value=0 -1.47492e-06 -1.40433e-05 -3.93079e-05 0 -3.60535e-05 2.61986e-05 0 -1.24071e-05 -2.72052e-05 4.26239e-06 9.64072e-06 -3.06125e-06 2.37252e-06 0 -6.37715e-06 -1.61167e-05 1.12473e-05 1.56514e-05 2.23871e-05 1.14798e-05 1.64677e-05 0 0 0
internal_weight=4068 2684 404 155 249 98 151 2280 480 245 1800 1274 526 1384 1127 766 603 163 257 225 361 286 125 235 151
internal_count=4068 2684 404 155 249 98 151 2280 480 245 1800 1274 526 1384 1127 766 603 163 257 225 361 286 125 235 151
is_linear=0
shrinkage=0.03


Tree=309
num_leaves=26
num_cat=0
split_feature=29 29 33 25 4 25 33 31 29 36 30 35 0 30 31 24 22 3 30 29 0 25 21 23 36
split_gain=1.53327e-05 0.000240727 0.000315228 0.000108651 0.000118232 0.000385114 0.000100444 0.000139435 9.42104e-05 0.000184502 0.000178441 8.16246e-05 0.000141543 0.000141082 0.000129352 0.000111739 0.000224325 7.36264e-05 5.87324e-05 3.44768e-05 0.000105504 3.0164e-05 9.29034e-06 6.56444e-06 4.55669e-06
threshold=56.852836055348853 60.533135584348337 -0.010193111243337492 0.012918762554533949 96.174999237060561 -0.32169535286634249 -0.0020640197856798821 0.0023661748146106558 34.029228135447617 0.0063353890320624849 63.108039649333847 0.012872848992628172 42.104167938232429 77.830873267024188 0.012051834613504566 -0.44153839453232008 57.711217255747947 92.625000000000014 39.515379556776985 21.541457528706903 35.429193496704109 0.18727093682517137 72.272083091735865 -0.14559672551621358 0.018382827397654566
decision_type=2 2 2 2 2 2 2 2 2 2 2 2 2 2 2 2 2 2 2 2 2 2 2 2 2
left_child=3 2 -2 4 17 23 -4 -8 19 10 -10 15 13 -13 -14 21 -17 18 -1 22 -21 -3 -5 -6 -11
right_child=1 11 6 8 5 -7 7 -9 9 24 -12 12 14 -15 -16 16 -18 -19 -20 20 -22 -23 -24 -25 -26
leaf_value=8.1163107848501558e-07 -0.00015543777275861127 1.8858235875341192e-05 8.264132300252487e-06 0 1.7144397577034551e-05 -0.00011907279509376455 0 -6.3408195589653252e-05 4.3842000920757839e-05 -7.8178071974593287e-06 0 0 3.1181533354720297e-06 4.2089673741468767e-05 -3.1031270157264271e-05 -5.0667011661379512e-05 0 4.3393032029310915e-05 -1.1525492704044416e-05 -6.0321231651180809e-05 0 0 1.7843594128192446e-05 0 0
leaf_weight=1234 21 77 35 26 20 32 51 53 266 67 78 284 376 167 117 130 286 35 393 32 109 66 55 26 32
leaf_count=1234 21 77 35 26 20 32 51 53 266 67 78 284 376 167 117 130 286 35 393 32 109 66 55 26 32
internal_value=0 -2.38191e-06 -3.7579e-05 1.34701e-06 -1.10179e-06 -3.72763e-05 0 -2.90752e-05 1.22642e-05 2.04236e-05 3.19328e-05 0 6.64295e-06 1.93585e-05 0 -7.54171e-06 -1.78173e-05 0 -3.25141e-07 0 -1.24432e-05 1.37803e-06 1.06405e-05 0 0
internal_weight=4068 1663 160 2405 1740 78 139 104 665 443 344 1503 944 451 493 559 416 1662 1627 222 141 143 81 46 99
internal_count=4068 1663 160 2405 1740 78 139 104 665 443 344 1503 944 451 493 559 416 1662 1627 222 141 143 81 46 99
is_linear=0
shrinkage=0.03


Tree=310
num_leaves=17
num_cat=0
split_feature=32 34 31 1 28 26 28 5 32 28 21 23 26 28 23 33
split_gain=1.51732e-05 0.000124427 4.25228e-05 0.000194197 0.000313428 0.000171572 6.97286e-05 5.21585e-05 0.000113126 0.000101519 0.000195401 8.65019e-05 7.91598e-05 4.49589e-05 2.80255e-05 1.1812e-05
threshold=0.043041885148349064 0.035125380026232896 0.015049287226234666 55.024999618530281 -91330862.999999985 1.3718184500831458 -34707013.999999993 12395275.500000002 -0.0033259925074586301 54245099.500000007 76.065416526794451 1.691788681540402 0.95767596460126125 -239473512.99999997 0.30862363626471284 0.024139575244416903
decision_type=2 2 2 2 2 2 2 2 2 2 2 2 2 2 2 2
left_child=2 -2 7 15 5 -5 -6 8 13 11 -11 -9 -10 -1 -3 -4
right_child=1 14 3 4 6 -7 -8 9 12 10 -12 -13 -14 -15 -16 -17
leaf_value=-1.5030771382907687e-05 7.3552223772124992e-05 -3.3765172841853337e-05 3.2185788595306539e-05 0 4.9035034039400334e-05 -7.6095144741692165e-05 0 -6.7864946465110885e-07 0 0 -4.0245271638593399e-05 3.3309705223630052e-05 2.2783787085024691e-05 0 9.6443817907578884e-07 0
leaf_weight=179 23 22 28 98 26 109 67 2568 106 27 168 69 414 113 29 22
leaf_count=179 23 22 28 98 26 109 67 2568 106 27 168 69 414 113 29 22
internal_value=0 1.32377e-05 -4.0985e-07 -1.05465e-05 -2.55066e-05 -4.80084e-05 0 0 7.18316e-06 -1.33402e-06 -2.22293e-05 0 1.6623e-05 0 0 1.92051e-05
internal_weight=4068 74 3994 350 300 207 93 3644 812 2832 195 2637 520 292 51 50
internal_count=4068 74 3994 350 300 207 93 3644 812 2832 195 2637 520 292 51 50
is_linear=0
shrinkage=0.03


Tree=311
num_leaves=23
num_cat=0
split_feature=35 29 0 26 34 26 36 36 0 26 0 33 21 26 36 5 27 36 26 2 26 33
split_gain=1.49463e-05 0.000113238 0.00028299 0.000236058 0.000163637 0.000270524 8.11297e-05 0.000230742 0.0001416 0.000146014 6.99794e-05 0.000241067 0.00015109 6.01781e-05 9.0595e-05 5.14909e-05 0.000117329 0.00010674 2.68386e-05 0.000198315 3.59257e-05 1.40195e-06
threshold=0.015975017429075134 72.566765879156534 38.229415893554695 1.3462362938406323 0.03087275268108625 1.2778199185017125 -0.0087930803644471651 -0.0065220194959039789 34.283428192138679 0.93214743979545922 39.541013717651374 0.016324516942926252 63.41541630427043 1.0998449897305573 -0.012119331725563948 11821373.000000002 0.54268787791685102 0.00063876387614499746 1.4565484651076723 88.575000762939467 1.0624136620928522 0.028629718362304882
decision_type=2 2 2 2 2 2 2 2 2 2 2 2 2 2 2 2 2 2 2 2 2 2
left_child=6 4 3 21 10 -6 13 8 -8 -10 12 -12 -2 -1 -15 17 -17 -9 20 -20 -4 -3
right_child=1 2 18 -5 5 -7 7 15 9 -11 11 -13 -14 14 -16 16 -18 -19 19 -21 -22 -23
leaf_value=0 1.7885626198778005e-06 6.5847785816979096e-06 0 9.1953324929694132e-05 0 -9.5214038859596883e-05 0 0 0 -6.2678770156664529e-05 1.7993494164660562e-05 -2.3494530683549024e-05 -2.3555785804841895e-05 0 4.8561425854146541e-05 9.3419899450216744e-07 -1.3414159121244192e-05 2.2630810816076899e-05 -5.3385046586406802e-05 0 2.1115468598203379e-05 0
leaf_weight=55 282 29 26 68 23 43 48 269 20 129 638 106 270 25 74 763 711 233 67 70 98 21
leaf_count=55 282 29 26 68 23 43 48 269 20 129 638 106 270 25 74 763 711 233 67 70 98 21
internal_value=0 1.96977e-06 1.69308e-05 5.54682e-05 0 -4.72e-05 -1.69631e-06 -4.32585e-06 -3.54955e-05 -5.02023e-05 1.01084e-07 8.04849e-06 -5.17635e-06 1.59183e-05 3.06683e-05 0 -3.95219e-06 6.81457e-06 0 -9.64307e-06 9.58695e-06 0
internal_weight=4068 1741 379 118 1362 66 2327 2173 197 149 1296 744 552 154 99 1976 1474 502 261 137 124 50
internal_count=4068 1741 379 118 1362 66 2327 2173 197 149 1296 744 552 154 99 1976 1474 502 261 137 124 50
is_linear=0
shrinkage=0.03


Tree=312
num_leaves=29
num_cat=0
split_feature=27 0 24 20 22 0 26 33 27 5 33 26 32 32 32 30 26 26 24 34 21 31 30 35 0 32 26 25
split_gain=1.5481e-05 0.000129889 0.000186214 0.000178142 0.0001819 0.000110165 0.000152027 0.000150516 0.000102454 0.000292568 0.000320664 0.000275112 0.000159655 0.000210291 0.000196775 0.00030975 0.000180187 0.000157719 5.49069e-05 8.04399e-05 5.27988e-05 5.13549e-05 3.91741e-05 2.9771e-05 2.88177e-05 2.49448e-05 7.12157e-06 2.6544e-06
threshold=0.7558988578673963 41.570104598999031 -0.10104299993254307 76.47875022888185 69.311857853897095 56.946161270141609 1.6781052268363694 0.0063836584239922453 0.60230165135065861 15838695.500000002 0.0097278408320846683 1.1576790011203528 0.0097071131900863267 0.00060491081517632949 0.017449120009166656 18.859213010908565 1.6934729461567499 1.6665341533207991 0.72178749370718365 0.003024804578521834 94.155416615804043 0.0081799476065975724 82.910482009852373 0.020900280233711946 43.645309448242195 0.025909395965970864 1.2802131947391597 0.17671394140197613
decision_type=2 2 2 2 2 2 2 2 2 2 2 2 2 2 2 2 2 2 2 2 2 2 2 2 2 2 2 2
left_child=8 2 25 4 -4 6 7 -3 12 18 11 -11 13 17 15 -14 -15 -1 24 -20 -8 22 -7 -16 -10 26 -2 -5
right_child=1 5 3 27 -6 21 20 -9 9 10 -12 -13 14 16 23 -17 -18 -19 19 -21 -22 -23 -24 -25 -26 -27 -28 -29
leaf_value=-5.2756187859502623e-06 0 0 7.0398763294015517e-05 6.7715160968171736e-06 0 3.2423537830178449e-05 2.363025515255146e-05 -3.9973211690813579e-05 -1.5278969575628144e-05 0 0 -8.6726749061510948e-05 0 3.058609168622319e-05 1.901555246945003e-05 -5.8537948487036923e-05 0 1.8454495398275485e-05 4.4289367732643668e-05 0 0 0 0 0 0 -2.5290492543966591e-05 1.2055632192443508e-05 0
leaf_weight=1281 67 88 124 52 52 93 85 224 111 69 93 119 25 423 74 162 57 312 62 26 38 52 39 72 96 35 44 93
leaf_count=1281 67 88 124 52 52 93 85 224 111 69 93 119 25 423 74 162 57 312 62 26 38 52 39 72 96 35 44 93
internal_value=0 2.96496e-06 1.62542e-05 3.01041e-05 5.06251e-05 -2.21627e-06 -1.40419e-05 -2.67073e-05 -1.21261e-06 -1.29293e-05 -3.57676e-05 -5.87036e-05 3.45982e-07 4.627e-06 -1.72914e-05 -3.84558e-05 2.20604e-05 0 0 2.36836e-05 0 9.43794e-06 2.1772e-05 0 0 0 0 0
internal_weight=4068 1086 467 321 176 619 435 312 2982 576 281 188 2406 2073 333 187 480 1593 295 88 123 184 132 146 207 146 111 145
internal_count=4068 1086 467 321 176 619 435 312 2982 576 281 188 2406 2073 333 187 480 1593 295 88 123 184 132 146 207 146 111 145
is_linear=0
shrinkage=0.03


Tree=313
num_leaves=24
num_cat=0
split_feature=34 27 35 25 30 31 25 32 30 0 34 27 22 22 30 1 30 24 30 28 2 30 30
split_gain=1.49222e-05 0.000130184 0.00027603 0.000295502 0.000198087 0.000138607 9.99716e-05 8.73802e-05 0.000105506 0.000180312 7.39922e-05 6.37561e-05 0.000104868 0.00014071 8.58119e-05 0.000304227 0.000211952 5.24185e-05 5.54688e-05 1.83015e-05 1.60677e-05 9.4974e-06 4.80679e-07
threshold=0.016471645443034592 0.89477545326882524 0.013841967044745796 0.3429200453248169 40.416909289166561 -0.0041784423000219553 0.041187088887622222 0.02912624844304024 79.689788363353003 62.595575332641609 0.015076051109572776 0.7558988578673963 64.879618102489815 62.456384480202281 39.515379556776985 85.125000000000014 35.076005477476109 -0.081880023382115613 80.669883584654357 -192960853.99999997 76.674999237060561 82.227973184388233 87.293344313035064
decision_type=2 2 2 2 2 2 2 2 2 2 2 2 2 2 2 2 2 2 2 2 2 2 2
left_child=10 2 5 4 -4 -2 -7 8 9 -3 11 14 13 -13 16 -16 -1 -9 -19 -14 -12 -5 -10
right_child=1 7 3 21 -6 6 -8 17 22 -11 20 12 19 -15 15 -17 -18 18 -20 -21 -22 -23 -24
leaf_value=-1.3853318801368929e-06 -5.961570704682196e-05 -5.1176962189369554e-05 0 -1.4421240688215794e-05 5.7619777523127098e-05 -2.0921318878005939e-05 2.2410611619622475e-05 0 1.8298633096453705e-06 0 -4.8512412545366662e-05 0 0 7.1630700271944873e-05 -1.8656066386102421e-05 1.4728322345372671e-05 3.0119795560331711e-05 4.1542457089528618e-05 0 -2.2652258674361712e-05 0 0 -1.1823077370227264e-06
leaf_weight=1309 35 131 22 41 244 47 138 31 99 35 36 203 72 52 884 244 209 57 20 32 28 27 72
leaf_count=1309 35 131 22 41 244 47 138 31 99 35 36 203 72 52 884 244 209 57 20 32 28 27 72
internal_value=0 3.08752e-06 1.45785e-05 3.31067e-05 4.874e-05 0 0 -4.47811e-06 -1.5984e-05 -3.3018e-05 -1.1281e-06 0 1.13552e-05 2.34837e-05 -2.04608e-06 -8.77462e-06 9.77875e-07 3.65393e-06 2.51119e-05 0 -3.31636e-05 0 0
internal_weight=4068 999 554 334 266 220 185 445 337 166 3069 3005 359 255 2646 1128 1518 108 77 104 64 68 171
internal_count=4068 999 554 334 266 220 185 445 337 166 3069 3005 359 255 2646 1128 1518 108 77 104 64 68 171
is_linear=0
shrinkage=0.03


Tree=314
num_leaves=27
num_cat=0
split_feature=27 27 26 24 26 31 26 35 21 32 5 5 25 26 20 32 5 29 35 31 34 31 31 34 36 26
split_gain=1.41753e-05 0.000153132 0.000284675 0.000128198 0.000303076 0.000274379 0.000186981 7.49484e-05 7.79894e-05 7.3054e-05 0.00013996 0.000163849 0.000195907 9.0879e-05 0.00010477 7.54788e-05 0.000132777 0.000153379 6.50815e-05 0.000142906 8.95187e-05 2.81407e-05 1.84882e-05 4.11653e-06 2.42755e-06 9.17819e-05
threshold=0.1234905166105089 0.062420718942467229 1.3245229345535405 -0.82207797129452864 1.3718184500831458 -0.0067819609067372713 2.0251624584858035 0.014756981933887369 84.568750127156591 -0.012382144441125729 27700134.500000004 17476363.000000004 -0.17873420314000241 1.6401532809075612 52.730000019073493 -0.010113117377503698 13911475.500000002 59.768937195093706 0.012872848992628172 0.0073602671071231205 0.0101258842148253 -0.022413776803908599 -0.0060181596447001487 -0.035094278258116778 -0.0021421277701848007 1.1324819034279472
decision_type=2 2 2 2 2 2 2 2 2 2 2 2 2 2 2 2 2 2 2 2 2 2 2 2 2 2
left_child=1 3 24 5 23 21 -6 -4 -9 10 11 22 -13 14 -12 16 -11 -18 20 -20 -17 -1 -2 -5 25 -3
right_child=9 2 7 4 6 -7 -8 8 -10 15 13 12 -14 -15 -16 18 17 -19 19 -21 -22 -23 -24 -25 -26 -27
leaf_value=0 -7.3631333515327065e-07 0 0 0 7.4767167044276561e-05 -9.6965121605009622e-05 0 -0.0001163656421565412 0 0 0 0 6.5597107074263005e-05 0 -6.8892706538590712e-05 0 -7.240246876706999e-05 0 1.2680990091999888e-05 -2.541250891372971e-06 -1.5654747602025841e-05 3.0021725058409762e-05 1.412127640527851e-05 -5.5541197989585439e-06 -2.2770326432640743e-06 4.4801708412049176e-05
leaf_weight=20 126 37 26 62 93 30 21 40 24 46 23 38 120 42 37 746 62 20 990 713 424 28 83 120 55 42
leaf_count=20 126 37 26 62 93 30 21 40 24 46 23 38 120 42 37 746 62 20 990 713 424 28 83 120 55 42
internal_value=0 -4.36572e-06 -2.57975e-05 4.54635e-07 1.63742e-05 -2.14895e-05 5.55553e-05 -6.70736e-05 -8.58837e-05 6.25629e-07 1.19549e-05 2.29295e-05 4.64061e-05 0 -3.68906e-05 -1.45624e-07 -2.30389e-05 -4.77884e-05 0 4.54658e-06 -4.46887e-06 0 0 0 0 4.89989e-06
internal_weight=4068 598 224 374 296 78 114 90 64 3470 469 367 158 102 60 3001 128 82 2873 1703 1170 48 209 182 134 79
internal_count=4068 598 224 374 296 78 114 90 64 3470 469 367 158 102 60 3001 128 82 2873 1703 1170 48 209 182 134 79
is_linear=0
shrinkage=0.03


Tree=315
num_leaves=21
num_cat=0
split_feature=0 23 24 26 20 0 1 5 30 5 35 0 35 36 7 33 4 23 28 20
split_gain=1.50548e-05 8.63541e-05 0.00019577 7.07525e-05 6.64128e-05 5.20928e-05 9.65748e-05 0.000228749 0.000163314 0.000113728 0.00011072 5.5353e-05 7.7359e-05 6.69145e-05 8.90079e-05 8.74116e-05 4.08292e-05 3.27554e-05 0.00013024 6.29849e-05
threshold=33.289602279663093 0.60247745530748997 -0.1503680573858649 1.0782912718791102 78.177500152587911 36.042226791381843 54.299999237060554 27465266.500000004 68.439568706766181 19906426.500000004 0.027371385576570508 36.627868652343757 0.011829060702751753 0.011418501666066059 1.0000000180025095e-35 0.018827951857581241 52.149999618530281 -0.61433811222421031 -2370648789.4999995 59.026249694824223
decision_type=2 2 2 2 2 2 2 2 2 2 2 2 2 2 2 2 2 2 2 2
left_child=1 2 17 -4 -5 6 10 9 -9 -8 16 12 -7 15 -15 -13 -2 19 -19 -1
right_child=5 -3 3 4 -6 11 7 8 -10 -11 -12 13 -14 14 -16 -17 -18 18 -20 -21
leaf_value=3.5095994660500342e-05 -1.7763356866266114e-05 -1.5880296760290035e-05 0 7.0098127276502575e-05 0 0 -2.1619133171053385e-05 -9.5083276787901881e-05 0 2.0028378279333712e-05 5.6457411356710513e-05 -1.0932818722979591e-07 4.4213585994159113e-05 -2.1149581116087562e-05 0 1.5940884164139272e-05 0 0 -3.6337543475936124e-05 0
leaf_weight=62 118 38 20 77 22 20 145 54 20 86 31 2309 61 311 70 314 50 80 96 84
leaf_count=62 118 38 20 77 22 20 145 54 20 86 31 2309 61 311 70 314 50 80 96 84
internal_value=0 4.81292e-06 1.34004e-05 4.6308e-05 5.67429e-05 -8.26434e-07 -9.89279e-06 -2.11325e-05 -6.79491e-05 0 0 0 2.47846e-05 0 -1.24477e-05 6.68896e-07 -1.75643e-06 0 -7.41256e-06 1.16426e-05
internal_weight=4068 479 441 119 99 3589 504 305 74 231 199 3085 81 3004 381 2623 168 322 176 146
internal_count=4068 479 441 119 99 3589 504 305 74 231 199 3085 81 3004 381 2623 168 322 176 146
is_linear=0
shrinkage=0.03


Tree=316
num_leaves=29
num_cat=0
split_feature=27 27 26 0 23 27 26 36 31 21 25 21 5 25 0 28 28 21 25 27 27 36 27 26 29 23 36 26
split_gain=1.43591e-05 0.000147559 0.000268799 0.000232737 9.22819e-05 6.66962e-05 0.000145783 0.000258759 0.00038287 7.70996e-05 0.000434078 0.000232335 0.000201456 0.000194561 0.000160884 8.45377e-05 6.56395e-05 0.000195546 0.000188444 0.000132582 0.000100509 4.54443e-05 3.59719e-05 0.000142148 3.37232e-05 1.33785e-05 1.82738e-06 8.63098e-05
threshold=0.1234905166105089 0.062420718942467229 1.3245229345535405 48.894268035888679 -0.62415339869719577 0.30725695602370023 1.6123652999936402 -0.010657615072921317 0.010413297989430361 84.154583231608086 0.12921578509324141 81.518333498636892 9170300.5000000019 0.43409820343220668 73.953014373779311 -2598932320.9999995 -419157928.49999994 63.41541630427043 -0.27309050240994276 -0.073066909579785969 0.032418300200266738 -0.0038910282996348941 0.18990127119265257 1.3462362938406323 13.918361367788382 -0.28095751100280703 -0.0021421277701848007 1.1324819034279472
decision_type=2 2 2 2 2 2 2 2 2 2 2 2 2 2 2 2 2 2 2 2 2 2 2 2 2 2 2 2
left_child=1 16 26 4 -4 6 22 -8 -9 11 12 15 -11 -12 -13 -7 17 25 20 -19 -18 -20 24 -24 -2 -1 27 -3
right_child=5 2 3 -5 -6 9 7 8 -10 10 13 14 -14 -15 -16 -17 18 19 21 -21 -22 -23 23 -25 -26 -27 -28 -29
leaf_value=2.9897214537586269e-05 0 0 0 0 -0.00013713861447359096 3.43322381253436e-06 0 8.9432230709724769e-05 0 0 2.8311467504037209e-05 4.0476869945968578e-05 -4.7096166322704169e-05 -1.1256322913051986e-05 0 -8.446920372380351e-06 5.7307419134214002e-05 0 -3.3202744305580641e-05 -5.3090467216152873e-05 0 0 0 -3.6874842359964957e-05 1.8675086722092845e-05 0 -2.1869272718182458e-06 4.3334829254073662e-05
leaf_weight=41 43 37 32 22 36 768 44 96 35 20 219 214 283 101 62 1003 97 35 37 96 27 20 317 97 168 21 55 42
leaf_count=41 43 37 32 22 36 768 44 96 35 20 219 214 283 101 62 1003 97 35 37 96 27 20 317 97 168 21 55 42
internal_value=0 -4.4227e-06 -2.53926e-05 -6.54885e-05 -9.35417e-05 5.93957e-07 8.65601e-06 3.30406e-05 5.68722e-05 -6.9832e-07 -1.05438e-05 8.33014e-07 -3.83863e-05 6.4512e-06 2.73137e-05 -1.60129e-06 1.21009e-07 -1.13349e-06 1.8024e-05 -3.39991e-05 4.29035e-05 0 0 -3.14629e-06 1.15734e-05 1.99421e-05 0 4.17856e-06
internal_weight=4068 598 224 90 68 3470 800 175 131 2670 623 2047 303 320 276 1771 374 193 181 131 124 57 625 414 211 62 134 79
internal_count=4068 598 224 90 68 3470 800 175 131 2670 623 2047 303 320 276 1771 374 193 181 131 124 57 625 414 211 62 134 79
is_linear=0
shrinkage=0.03


Tree=317
num_leaves=27
num_cat=0
split_feature=33 33 3 5 34 23 26 23 5 30 5 3 26 30 31 0 0 23 26 29 20 30 26 31 34 4
split_gain=1.46041e-05 8.89949e-05 0.000102344 0.000226734 0.000218331 0.000160593 0.000227373 0.000172593 0.000140743 8.849e-05 0.000255983 0.000312023 0.000258116 0.000143676 0.00018859 0.000170692 0.000161851 0.000129783 0.000134049 8.20693e-05 7.98339e-05 8.51026e-05 7.22956e-05 0.000129864 0.000148561 6.66864e-05
threshold=1.0000000180025095e-35 -0.0011363697757241218 85.02500152587892 18284570.000000004 0.013346082788620263 0.37715002509038703 1.5706815934085399 0.15328245847936731 23181511.000000004 46.199263699098687 18004590.000000004 61.375000000000007 1.2482051949658299 66.384213216478017 -0.0022711710445395546 50.833730697631843 38.150091171264656 0.11310293394355143 1.0278012669075898 79.029629849914429 87.827499961853036 32.49449093273774 0.98212667987755808 0.0048059804099543921 0.0073731929725872067 83.724998474121108
decision_type=2 2 2 2 2 2 2 2 2 2 2 2 2 2 2 2 2 2 2 2 2 2 2 2 2 2
left_child=1 2 5 4 -4 7 -7 -1 -5 10 20 -12 -13 14 16 -16 -11 18 -15 -19 25 -22 -3 24 -24 -2
right_child=9 22 3 8 -6 6 -8 -9 -10 13 11 12 -14 17 15 -17 -18 19 -20 -21 21 -23 23 -25 -26 -27
leaf_value=-2.014597286618322e-06 0 0 4.2337134140640949e-05 -4.8674604595180745e-05 0 -3.7078213572760869e-05 0 3.5024773510585575e-05 0 6.0270680920969902e-05 0 0 8.2023802316948281e-05 0 -3.7276915437463559e-05 0 0 1.1546178844003552e-05 3.4160251481383547e-05 -1.1858381577005233e-05 -7.0225755613300309e-05 0 -8.7971271718664525e-05 0 0 3.4962230505950151e-05
leaf_weight=1065 245 33 261 55 27 269 105 123 41 40 88 68 123 62 313 97 92 172 219 362 30 24 52 31 22 49
leaf_count=1065 245 33 261 55 27 269 105 123 41 40 88 68 123 62 313 97 92 172 219 362 30 24 52 31 22 49
internal_value=0 -1.8913e-06 0 1.36266e-05 3.06986e-05 -3.64796e-06 -2.10218e-05 0 -6.35044e-06 1.69328e-06 1.16215e-05 3.35993e-05 5.58414e-05 -6.83943e-07 -1.43557e-05 -2.61973e-05 0 4.72833e-06 2.19171e-05 0 0 -3.64432e-05 -2.51786e-05 -3.81065e-05 -6.03067e-05 0
internal_weight=4068 2084 1946 384 288 1562 374 1188 96 1984 627 279 191 1357 542 410 132 815 281 534 348 54 138 105 74 294
internal_count=4068 2084 1946 384 288 1562 374 1188 96 1984 627 279 191 1357 542 410 132 815 281 534 348 54 138 105 74 294
is_linear=0
shrinkage=0.03


Tree=318
num_leaves=24
num_cat=0
split_feature=22 22 5 5 31 22 28 5 22 31 25 23 23 29 0 31 26 5 35 0 21 23 29
split_gain=1.46784e-05 0.000225319 0.00023652 0.000301927 0.000151911 0.000150435 0.000203771 0.00029156 0.000125447 0.000203487 0.000119545 8.85088e-05 0.000115687 0.00014484 0.000136256 5.67649e-05 0.000188291 0.000289783 6.54737e-05 0.000172689 4.35226e-05 7.95996e-06 3.08812e-08
threshold=57.010888597430686 54.994491562474956 15529853.000000002 30704021.000000004 0.0096030889142701987 53.107996314176454 -2494744698.9999995 15838695.500000002 51.061238018365934 -0.0099581027513899727 0.19196333817179145 0.65818379966701823 0.3212746139204477 86.497814227078578 45.863304138183601 0.015049287226234666 1.5876806349661126 35485912.500000007 0.023389517244140366 38.713668823242195 84.154583231608086 0.10471564646027788 35.80688406002195
decision_type=2 2 2 2 2 2 2 2 2 2 2 2 2 2 2 2 2 2 2 2 2 2 2
left_child=1 5 -3 4 -4 8 22 -8 10 -10 -1 12 21 14 -14 18 17 -17 20 -20 -13 -2 -7
right_child=11 2 3 -5 -6 6 7 -9 9 -11 -12 15 13 -15 -16 16 -18 -19 19 -21 -22 -23 -24
leaf_value=3.0377405466956373e-06 3.5269535116598813e-06 0 -0.00010721083964339372 0 0 0 0 8.3952458487914638e-05 0 -3.8251312971860603e-05 -2.4861723404403242e-05 0 6.5092311982894183e-05 0 0 -9.9012925789374734e-05 0 0 0 5.9720159480636844e-05 -1.9982242007990473e-05 -8.1750208864417754e-06 -6.8576414927575204e-07
leaf_weight=2074 81 111 72 24 33 24 94 82 36 204 143 436 105 31 64 49 43 24 29 60 98 92 59
leaf_count=2074 81 111 72 24 33 24 94 82 36 204 143 436 105 31 64 49 43 24 29 60 98 92 59
internal_value=0 -1.25605e-06 -2.93911e-05 -5.70563e-05 -8.11436e-05 1.26578e-07 2.26432e-05 4.23767e-05 -1.02684e-06 -2.19322e-05 0 2.77223e-06 1.53756e-05 3.10022e-05 4.36831e-05 0 -2.09771e-05 -5.49282e-05 0 2.57167e-05 0 0 0
internal_weight=4068 2956 240 129 105 2716 259 176 2457 240 2217 1112 373 200 169 739 116 73 623 89 534 173 83
internal_count=4068 2956 240 129 105 2716 259 176 2457 240 2217 1112 373 200 169 739 116 73 623 89 534 173 83
is_linear=0
shrinkage=0.03


Tree=319
num_leaves=27
num_cat=0
split_feature=27 27 32 22 0 24 26 26 24 25 32 5 5 25 26 20 32 5 29 27 29 2 25 25 30 28
split_gain=1.4229e-05 0.000143779 0.000264011 0.000359015 0.000615685 0.000116062 0.000277 0.000191937 0.000168033 0.000177057 6.74196e-05 0.000131222 0.000155492 0.000186898 8.32151e-05 9.68714e-05 6.89344e-05 0.00012518 0.000145773 5.12119e-05 8.64131e-05 6.69242e-05 1.05239e-05 1.01554e-05 7.84172e-06 3.71929e-06
threshold=0.1234905166105089 0.062420718942467229 -0.012618445368498486 37.31120500951188 48.458337783813484 -0.82207797129452864 1.4037526066864141 2.0251624584858035 -1.4258239016115246 -0.19500471348719003 -0.012382144441125729 27700134.500000004 17476363.000000004 -0.17873420314000241 1.6401532809075612 52.730000019073493 -0.010113117377503698 13911475.500000002 59.768937195093706 0.30725695602370023 30.466106149553017 77.825000762939467 -0.071457089537293253 -0.38809922282991322 14.72520762084404 -2772454190.4999995
decision_type=2 2 2 2 2 2 2 2 2 2 2 2 2 2 2 2 2 2 2 2 2 2 2 2 2 2
left_child=1 5 3 -3 -5 8 24 -8 -1 -10 11 12 22 -14 15 -13 17 -12 -19 20 -18 -21 -2 -4 -7 -25
right_child=10 2 23 4 -6 6 7 -9 9 -11 16 14 13 -15 -16 -17 19 18 -20 21 -22 -23 -24 25 -26 -27
leaf_value=0 1.154182950771052e-05 0 -6.2338301232842986e-06 -0.0001891498976590064 0 0 7.5703908812833911e-05 0 -0.00010189081260827552 0 0 0 0 6.3753509099231668e-05 0 -6.609595748482928e-05 2.1167360503439518e-05 -7.0188317469271696e-05 0 -7.2369529675850589e-06 0 2.09218548471341e-06 0 0 -7.1747727285246756e-06 1.3932662883419838e-05
leaf_weight=24 71 45 41 35 20 52 86 21 33 21 46 23 38 120 42 37 270 62 20 1106 322 1175 138 27 137 56
leaf_count=24 71 45 41 35 20 52 86 21 33 21 46 23 38 120 42 37 270 62 20 1106 322 1175 138 27 137 56
internal_value=0 -4.39559e-06 -2.50797e-05 -6.1497e-05 -0.000112848 0 1.55287e-05 5.47213e-05 -2.05724e-05 -5.8364e-05 6.00201e-07 1.14868e-05 2.21432e-05 4.4985e-05 0 -3.53008e-05 -1.01869e-07 -2.20127e-05 -4.61336e-05 0 8.54649e-06 -1.11625e-06 0 0 0 9.52716e-06
internal_weight=4068 598 224 100 55 374 296 107 78 54 3470 469 367 158 102 60 3001 128 82 2873 592 2281 209 124 189 83
internal_count=4068 598 224 100 55 374 296 107 78 54 3470 469 367 158 102 60 3001 128 82 2873 592 2281 209 124 189 83
is_linear=0
shrinkage=0.03


Tree=320
num_leaves=21
num_cat=0
split_feature=28 32 35 32 31 26 5 5 5 28 5 35 26 28 21 5 28 32 26 4
split_gain=1.44017e-05 7.92474e-05 0.000322716 0.000146829 0.00021352 0.000141903 0.000107873 0.00019782 9.84434e-05 5.83561e-05 7.82377e-05 0.00014737 0.000205413 0.000196971 5.65109e-05 5.4005e-05 9.05018e-05 3.58864e-05 5.68719e-05 3.6098e-06
threshold=-2436328310.9999995 -0.041337854561385605 0.031978995084651816 -0.0074626461056775941 -0.0061156969113102524 1.1745349014757869 12395275.500000002 15214030.000000002 11591760.500000002 -2702935453.4999995 15707166.000000002 0.024697013876977401 1.1544282549493599 -2857359586.4999995 80.625000190734866 12164916.000000002 -2598932320.9999995 -0.013719616675474054 0.80793779858730796 84.52500152587892
decision_type=2 2 2 2 2 2 2 2 2 2 2 2 2 2 2 2 2 2 2 2
left_child=9 2 -2 4 5 -3 8 -8 -5 10 17 12 -12 -13 -6 -11 -17 -1 -19 -18
right_child=1 3 -4 6 14 -7 7 -9 -10 15 11 13 -14 -15 -16 16 19 18 -20 -21
leaf_value=0 -0.00011637383710457237 0 0 0 -1.7719137557046707e-05 3.3076667563055785e-05 -2.9176445368667364e-05 -2.7472419269152717e-08 2.9923893396912467e-05 0 0 4.0752886444615335e-05 -3.9495513293638815e-05 -1.924018977664977e-06 0 5.0676109091103502e-05 0 0 2.1785266762275168e-05 5.4321208348141198e-06
leaf_weight=22 27 122 21 356 164 364 381 986 103 32 393 117 210 46 160 74 41 73 266 110
leaf_count=22 27 122 21 356 164 364 381 986 103 32 393 117 210 46 160 74 41 73 266 110
internal_value=0 -1.3978e-06 -3.98977e-05 0 9.88336e-06 2.35956e-05 -5.38813e-06 -1.03476e-05 2.84682e-06 2.36127e-06 0 -6.00286e-06 -1.53909e-05 1.03217e-05 -1.42949e-06 1.53068e-05 2.19893e-05 1.0888e-05 1.48824e-05 0
internal_weight=4068 2684 48 2636 810 486 1826 1367 459 1384 1127 766 603 163 324 257 225 361 339 151
internal_count=4068 2684 48 2636 810 486 1826 1367 459 1384 1127 766 603 163 324 257 225 361 339 151
is_linear=0
shrinkage=0.03


Tree=321
num_leaves=25
num_cat=0
split_feature=0 0 4 28 36 0 33 25 35 36 0 35 27 36 36 27 27 5 25 0 4 28 25 28
split_gain=1.45578e-05 8.355e-05 9.05896e-05 0.000127511 5.1653e-05 0.00018031 0.000199828 0.000235853 9.76656e-05 0.000295959 0.000468847 0.000164034 9.55928e-05 0.000166422 0.000106874 6.35736e-05 5.85106e-05 5.39415e-05 3.51031e-05 0.000131432 0.000122298 6.53273e-05 6.10747e-05 2.73534e-05
threshold=33.289602279663093 32.309312820434577 77.02500152587892 -3006855016.9999995 -0.0065220194959039789 39.541013717651374 -0.014818889510339437 0.23633416183559161 0.023068645250047929 0.017301038480957598 54.281652450561531 0.022018450095023626 0.44154782713725116 -0.0091020380741790551 -0.0070517536011616136 0.52667526997260072 0.56252587259854048 24539930.000000004 0.053393769135436843 31.06590557098389 71.974998474121108 -236636849.49999997 -0.17873420314000241 -1174993575.9999998
decision_type=2 2 2 2 2 2 2 2 2 2 2 2 2 2 2 2 2 2 2 2 2 2 2 2
left_child=1 18 3 -3 5 6 17 -8 11 10 -10 15 13 -7 -14 -6 -11 -2 19 21 -20 -1 -21 -13
right_child=4 2 -4 -5 8 12 7 -9 9 16 -12 23 14 -15 -16 -17 -18 -19 20 22 -22 -23 -24 -25
leaf_value=5.0263523882178872e-05 2.7288534491783712e-05 0 0 5.4195578875135894e-05 5.5484604231472952e-06 0 -6.4917490812343962e-05 0 6.6154217330521354e-05 -3.343707418616469e-05 -1.3226606115083542e-05 -8.3276698229723924e-05 2.8108839950938338e-05 -3.8492606731767167e-05 0 -4.438728871940208e-06 0 -1.2753731709286331e-05 -5.8708894563614496e-05 -4.367762912492215e-05 0 0 0 0
leaf_weight=66 50 77 73 96 1084 227 143 41 176 47 22 25 208 113 20 1210 130 69 41 34 43 22 27 24
leaf_count=66 50 77 73 96 1084 227 143 41 176 47 22 25 208 113 20 1210 130 69 41 34 43 22 27 24
internal_value=0 4.74253e-06 1.86904e-05 3.11072e-05 -8.05078e-07 -7.47488e-06 -2.63814e-05 -4.60732e-05 2.28787e-07 1.51612e-05 4.2188e-05 -8.81353e-07 0 -7.23419e-06 1.72958e-05 0 0 0 0 0 -1.93819e-05 3.50453e-05 -1.28485e-05 -5.51707e-05
internal_weight=4068 479 246 173 3589 871 303 184 2718 375 198 2343 568 340 228 2294 177 119 233 149 84 88 61 49
internal_count=4068 479 246 173 3589 871 303 184 2718 375 198 2343 568 340 228 2294 177 119 233 149 84 88 61 49
is_linear=0
shrinkage=0.03


Tree=322
num_leaves=28
num_cat=0
split_feature=33 33 26 27 27 23 27 23 25 23 30 5 3 26 30 31 28 23 26 26 20 30 5 4 28 28 20
split_gain=1.46564e-05 8.20188e-05 0.0001824 0.000233129 0.00019086 8.89905e-05 0.00019645 0.000101884 0.000151689 0.000149723 7.95277e-05 0.000238835 0.000296561 0.000239187 0.000131505 0.000176039 0.000199927 0.00012336 0.000127601 7.91211e-05 7.39866e-05 8.0285e-05 6.79228e-05 6.20705e-05 5.44425e-05 6.72715e-06 6.41879e-06
threshold=1.0000000180025095e-35 -0.002822112353908834 0.98848266258063233 0.48250566173948745 0.7709169554550156 1.0237665767480417 0.64888643780658017 0.37715002509038703 0.012918762554533949 0.15328245847936731 46.199263699098687 18004590.000000004 61.375000000000007 1.2482051949658299 66.384213216478017 -0.0022711710445395546 -2370648789.4999995 0.11310293394355143 1.0278012669075898 1.2593775119838666 87.827499961853036 32.49449093273774 16378823.000000002 83.724998474121108 -2682532532.4999995 54245099.500000007 82.580000114440935
decision_type=2 2 2 2 2 2 2 2 2 2 2 2 2 2 2 2 2 2 2 2 2 2 2 2 2 2 2
left_child=1 5 -3 22 -5 7 25 9 -9 -1 11 20 -13 -14 15 24 -17 18 -16 -19 23 -22 -4 -2 -12 -7 -8
right_child=10 2 3 4 -6 6 26 8 -10 -11 14 12 13 -15 17 16 -18 19 -20 -21 21 -23 -24 -25 -26 -27 -28
leaf_value=-1.7771344611155705e-06 0 0 -2.5528049813935824e-05 -9.9715460193992495e-05 0 6.5432412047872784e-05 -8.9511801964813558e-06 -3.6969864876148114e-05 0 2.9458142664470886e-05 0 0 0 7.9279337022300351e-05 0 0 -4.0580938292761584e-05 7.4371202283375295e-06 3.3307032621287519e-05 -1.4121618857094025e-05 -6.7917380524115426e-05 0 1.8412363942795723e-05 3.3730523622628381e-05 2.3319970791388461e-05 0 0
leaf_weight=1149 245 65 64 63 39 60 72 171 130 151 42 88 68 123 62 143 267 245 219 289 30 24 57 49 90 21 42
leaf_count=1149 245 65 64 63 39 60 72 171 130 151 42 88 68 123 62 143 267 245 219 289 30 24 57 49 90 21 42
internal_value=0 -1.94031e-06 -1.68361e-05 -3.31942e-05 -6.68033e-05 0 1.9535e-05 -1.87658e-06 -1.79795e-05 0 1.64124e-06 1.1051e-05 3.23196e-05 5.40578e-05 -4.9644e-07 -1.3683e-05 -2.51758e-05 4.59307e-06 2.13573e-05 0 0 -3.50832e-05 0 0 0 5.56608e-05 0
internal_weight=4068 2084 288 223 102 1796 195 1601 301 1300 1984 627 279 191 1357 542 410 815 281 534 348 54 121 294 132 81 114
internal_count=4068 2084 288 223 102 1796 195 1601 301 1300 1984 627 279 191 1357 542 410 815 281 534 348 54 121 294 132 81 114
is_linear=0
shrinkage=0.03


Tree=323
num_leaves=25
num_cat=0
split_feature=23 23 26 27 23 26 23 5 33 30 33 36 23 25 28 26 24 36 36 28 28 20 23 28
split_gain=1.56007e-05 0.000196108 0.000628662 0.000395461 0.000168637 0.000135477 0.00013979 0.000210297 0.000132376 0.000251578 0.000153879 0.000305462 0.000173908 0.000138182 0.000131146 7.7305e-05 6.58981e-05 6.58102e-05 5.96234e-05 0.000122526 5.23968e-05 2.32575e-05 4.50829e-05 5.59181e-06
threshold=0.2954696136742499 0.034319221001691609 1.1880987135540231 0.098404455146633873 0.37715002509038703 1.1246000288847009 -0.21175210421031207 14766746.500000002 0.010689696631576486 72.179399343990909 0.0040572455351036716 -0.0046202894103664037 0.94944227137804316 0.29541430128668017 -2561011961.9999995 1.4157642786480713 0.60769561206818801 -0.0076756549251172012 0.0059155890340512668 -466041000.99999994 -289612261.99999994 51.497499942779548 0.088552191296003016 -2503366930.4999995
decision_type=2 2 2 2 2 2 2 2 2 2 2 2 2 2 2 2 2 2 2 2 2 2 2 2
left_child=1 5 21 -4 17 18 15 -8 10 13 12 -12 -6 -10 -5 -7 -11 -2 20 -20 -1 -3 -23 -19
right_child=4 2 3 14 8 6 7 -9 9 16 11 -13 -14 -15 -16 -17 -18 23 19 -21 -22 22 -24 -25
leaf_value=0 0 0 0 0 -1.5906978295664723e-05 1.0116917554260227e-05 0 5.0712391426379975e-05 4.8523517114183081e-05 9.7122906716416938e-07 0 -6.0253496326258705e-05 1.4210881150191453e-05 0 -8.6904604550118496e-05 -4.606774662000943e-06 -2.175360705559164e-05 0 -4.3831041110620809e-05 0 -2.1924979671515845e-05 0 2.2310050512315208e-05 5.3863239809571753e-05
leaf_weight=590 21 37 26 29 359 569 98 154 176 115 44 129 325 47 161 537 125 46 107 35 98 30 133 77
leaf_count=590 21 37 26 29 359 569 98 154 176 115 44 129 325 47 161 537 125 46 107 35 98 30 133 77
internal_value=0 -1.56646e-06 -2.08964e-05 -5.86264e-05 2.28595e-06 7.38438e-07 7.73715e-06 2.86576e-05 0 1.1742e-05 -8.0316e-06 -3.34584e-05 0 3.60704e-05 -7.60223e-05 2.5607e-07 0 3.32618e-05 -7.09799e-06 -2.59218e-05 0 4.8684e-06 1.25465e-05 4.21453e-05
internal_weight=4068 2604 416 216 1464 2188 1358 252 1320 463 857 173 684 223 190 1106 240 144 830 142 688 200 163 123
internal_count=4068 2604 416 216 1464 2188 1358 252 1320 463 857 173 684 223 190 1106 240 144 830 142 688 200 163 123
is_linear=0
shrinkage=0.03


Tree=324
num_leaves=21
num_cat=0
split_feature=25 2 5 5 0 34 31 28 33 28 21 28 30 21 32 22 25 34 22 1
split_gain=1.51195e-05 0.00014082 0.000139914 0.00051107 0.000406673 0.000124135 0.000134602 0.000135723 0.000107546 0.000343783 0.000106928 0.000157293 0.000203943 0.000105061 0.000126449 0.00011515 9.49645e-05 8.2777e-05 5.08732e-05 4.76251e-05
threshold=-0.10343531268701765 50.850000381469734 34340384.500000007 46338283.000000007 35.951692581176765 -0.014890874926138773 0.0011876370239597425 -671178248.99999988 0.0094006542538588329 -357382742.49999994 67.595833555857368 -2883686107.4999995 79.689788363353003 84.057499885559096 0.014501806725227275 47.724856416552932 -0.1473303476810465 -0.026633435038968586 57.315746770487017 88.974998474121108
decision_type=2 2 2 2 2 2 2 2 2 2 2 2 2 2 2 2 2 2 2 2
left_child=1 16 8 4 -4 6 7 -2 17 -10 11 18 -13 15 -15 -12 -1 -3 -7 -9
right_child=5 2 3 -5 -6 10 -8 19 9 -11 13 12 -14 14 -16 -17 -18 -19 -20 -21
leaf_value=4.9106843758083144e-05 5.9865628665191706e-05 -9.4488479141162121e-06 -0.00020501186785237913 0 0 -6.7604561979741507e-06 0 0 0 -5.9190367617634231e-05 2.8527863440674638e-05 -4.0353815538877781e-05 0 -1.7108096300528393e-05 9.7010616681420343e-06 5.4883331782336461e-07 0 7.9797634974771983e-06 1.4993136770142785e-05 4.4039585142990576e-05
leaf_weight=65 100 345 24 34 28 229 59 121 79 117 244 250 65 396 119 904 24 686 157 22
leaf_count=65 100 345 24 34 28 229 59 121 79 117 244 250 65 396 119 904 24 686 157 22
internal_value=0 -2.65371e-06 -7.04069e-06 -4.65974e-05 -0.000111431 1.1834e-06 1.95493e-05 3.11969e-05 -1.81981e-06 -2.26783e-05 0 -1.08251e-05 -2.66458e-05 2.90946e-06 -5.08857e-06 9.11058e-06 2.83317e-05 0 0 0
internal_weight=4068 1402 1313 86 52 2666 302 243 1227 196 2364 701 315 1663 515 1148 89 1031 386 143
internal_count=4068 1402 1313 86 52 2666 302 243 1227 196 2364 701 315 1663 515 1148 89 1031 386 143
is_linear=0
shrinkage=0.03


Tree=325
num_leaves=27
num_cat=0
split_feature=34 32 32 30 1 4 30 28 30 34 33 35 30 34 33 29 33 30 32 0 3 27 25 36 22 27
split_gain=1.52437e-05 9.90473e-05 0.000368682 9.6723e-05 0.000301009 0.000208125 0.000126684 0.000208157 0.000187363 0.000134448 0.000120871 0.00011973 8.59637e-05 0.00014139 8.23174e-05 0.0002246 0.00017292 0.000169441 0.000156442 0.000115061 8.20596e-05 7.41003e-05 8.25194e-06 7.4106e-06 5.02215e-06 1.253e-06
threshold=-0.0010224835695099019 0.012024647487814068 0.017449120009166656 45.805525087422474 64.649997711181655 95.174999237060561 56.61880146305483 -557960180.99999988 49.06200802301462 0.003024804578521834 -0.0017222445844926047 0.010949948772875676 40.925901070291083 0.0056883080504055447 0.0021849477260373899 52.640364732587649 -0.010193111243337492 47.905625931970953 0.0064448689741307694 44.465511322021491 74.625000000000014 0.75215510233160543 0.16584984351859747 0.015663098695922237 44.822908885182919 0.39009796630169918
decision_type=2 2 2 2 2 2 2 2 2 2 2 2 2 2 2 2 2 2 2 2 2 2 2 2 2 2
left_child=1 14 20 4 12 10 7 22 -9 11 -6 -8 13 -2 15 17 -17 -1 19 -16 -3 -11 -5 24 -4 -20
right_child=3 2 23 6 5 -7 9 8 -10 21 -12 -13 -14 -15 18 16 -18 -19 25 -21 -22 -23 -24 -25 -26 -27
leaf_value=-3.812050235607004e-06 0 0 0 9.0290094495161592e-06 0 0 0 0 -6.2550965299851827e-05 -1.0178110779019726e-05 5.7683419380068558e-05 5.273517440278507e-05 0 -7.7141481415621328e-05 5.3964018359840443e-05 -9.4525463639904674e-05 0 2.3608036630046295e-05 0 0 -0.00010674566482774854 4.7977250081532011e-06 0 0 1.6916727612498913e-05 -6.5731833623347453e-06
leaf_weight=1247 43 27 22 91 34 20 30 49 118 453 197 85 34 35 106 41 69 241 35 62 44 858 40 22 39 26
leaf_count=1247 43 27 22 91 34 20 30 49 118 453 197 85 34 35 106 41 69 241 35 62 44 858 40 22 39 26
internal_value=0 -1.97067e-06 -2.50679e-05 1.69915e-06 1.60106e-05 3.78499e-05 0 -1.8867e-05 -4.19065e-05 2.35405e-06 4.86531e-05 3.34656e-05 -6.16122e-06 -3.23281e-05 0 -2.43343e-06 -4.38397e-05 0 1.6795e-05 3.49573e-05 -7.76455e-05 0 0 0 1.04479e-05 0
internal_weight=4068 1981 154 2087 363 251 1724 298 167 1426 231 115 112 78 1827 1598 110 1488 229 168 71 1311 131 83 61 61
internal_count=4068 1981 154 2087 363 251 1724 298 167 1426 231 115 112 78 1827 1598 110 1488 229 168 71 1311 131 83 61 61
is_linear=0
shrinkage=0.03


Tree=326
num_leaves=25
num_cat=0
split_feature=34 27 35 26 31 34 32 32 23 23 30 0 34 27 5 20 30 1 30 19 30 5 2 30
split_gain=1.46051e-05 0.000121005 0.000255078 0.000264117 0.00020386 0.000172166 0.00014649 7.7859e-05 0.000125734 0.000108447 9.97556e-05 0.000170207 6.55752e-05 6.27152e-05 8.4902e-05 0.000137635 7.46176e-05 0.000273863 0.000189495 2.37843e-05 2.25943e-05 1.74463e-05 1.4872e-05 3.43226e-07
threshold=0.016471645443034592 0.89477545326882524 0.013841967044745796 1.4763037675170751 0.0049875103995712386 0.032638715944053327 -0.0045347838811443655 0.02912624844304024 0.2954696136742499 1.0706607089976219 79.689788363353003 62.595575332641609 0.015076051109572776 0.7558988578673963 13130071.500000002 86.434999847412129 39.515379556776985 85.125000000000014 35.076005477476109 73.869999694824244 72.389714712839606 9170300.5000000019 76.674999237060561 87.293344313035064
decision_type=2 2 2 2 2 2 2 2 2 2 2 2 2 2 2 2 2 2 2 2 2 2 2 2
left_child=12 2 3 19 -5 6 -4 10 -9 -10 11 -3 13 16 21 -16 18 -18 -1 -2 -7 -15 -14 -12
right_child=1 7 5 4 -6 20 -8 8 9 -11 23 -13 22 14 15 -17 17 -19 -20 -21 -22 -23 -24 -25
leaf_value=-1.5693119485382247e-06 0 -4.9383512983358094e-05 0 -0.00010752399852833132 0 -1.5014263605720547e-05 5.9840157386012259e-05 0 7.0044815134750817e-05 0 1.7653470860326512e-06 0 -4.6012788208671054e-05 0 3.3684951091073402e-05 0 -1.7776312007112235e-05 1.3620470745551011e-05 2.8329826277193655e-05 1.6199157560684181e-05 1.2220973326542899e-05 -1.4179076683755531e-05 0 -2.950077465109554e-08
leaf_weight=1309 68 131 45 36 20 43 175 32 43 33 99 35 36 26 216 39 884 244 209 96 71 78 28 72
leaf_count=1309 68 131 45 36 20 43 175 32 43 33 99 35 36 26 216 39 884 244 209 96 71 78 28 72
internal_value=0 3.0208e-06 1.4131e-05 0 -6.45695e-05 3.19109e-05 4.74313e-05 -4.0708e-06 2.54048e-06 3.86804e-05 -1.50891e-05 -3.16638e-05 -1.14556e-06 0 1.11845e-05 2.18089e-05 -2.08681e-06 -8.32487e-06 5.72677e-07 4.81972e-06 0 0 -3.13615e-05 0
internal_weight=4068 999 554 220 56 334 220 445 108 76 337 166 3069 3005 359 255 2646 1128 1518 164 114 104 64 171
internal_count=4068 999 554 220 56 334 220 445 108 76 337 166 3069 3005 359 255 2646 1128 1518 164 114 104 64 171
is_linear=0
shrinkage=0.03


Tree=327
num_leaves=24
num_cat=0
split_feature=25 19 5 26 33 28 23 35 21 28 31 30 35 22 22 0 25 5 28 21 0 21 21
split_gain=1.3207e-05 0.000130154 0.00012599 0.000536204 9.4033e-05 0.000329339 9.36456e-05 9.15576e-05 6.19915e-05 0.000115321 0.000254983 0.000280941 8.23783e-05 9.28221e-05 0.000279954 5.41979e-05 4.79298e-05 4.34643e-05 0.000104961 3.37837e-05 3.14839e-05 1.83285e-05 9.03794e-06
threshold=-0.10343531268701765 51.450000381469735 34340384.500000007 1.6453568329567847 0.0094006542538588329 -357382742.49999994 -1.8416742168631826 0.027131275776664996 67.595833555857368 -2898349226.4999995 0.0044505232147087357 82.227973184388233 0.010380631819827613 45.249077978981724 47.724856416552932 40.794057846069343 0.1693246774301396 13259311.000000002 -2436328310.9999995 65.084583504994725 44.402315139770515 48.721666812896736 76.493750127156588
decision_type=2 2 2 2 2 2 2 2 2 2 2 2 2 2 2 2 2 2 2 2 2 2 2
left_child=1 7 4 -4 6 -6 -3 -1 9 15 16 -12 17 22 -15 21 -11 20 -19 -17 -10 -2 -14
right_child=8 2 3 -5 5 -7 -8 -9 12 10 11 -13 13 14 -16 19 -18 18 -20 -21 -22 -23 -24
leaf_value=0 2.6910148068340787e-06 4.1404161412579942e-05 0 -0.00013294778944362165 0 -5.741386339178267e-05 -3.3529002114423161e-07 8.4473428224324601e-05 1.4757969796795003e-05 1.224415843655144e-05 -6.9468540847415932e-05 0 0 6.4780834762007998e-05 5.427508690763685e-06 3.3240779892558581e-05 -1.5187999333092708e-05 0 -2.731798399391325e-05 0 0 -8.1457201992715519e-06 -6.3441417321708297e-06
leaf_weight=95 87 49 41 37 76 117 967 20 130 149 124 25 52 101 1030 72 90 70 180 23 92 239 202
leaf_count=95 87 49 41 37 76 117 967 20 130 149 124 25 52 101 1030 72 90 70 180 23 92 239 202
internal_value=0 -2.48054e-06 -7.09214e-06 -4.70871e-05 -2.02695e-06 -2.15405e-05 0 2.30263e-05 1.10563e-06 -4.04726e-06 -1.73301e-05 -4.81756e-05 4.966e-06 9.27359e-06 1.33854e-05 1.07143e-06 0 -1.31857e-06 -1.26369e-05 2.27595e-05 0 0 0
internal_weight=4068 1402 1287 78 1209 193 1016 115 2666 809 388 149 1857 1385 1131 421 239 472 250 95 222 326 254
internal_count=4068 1402 1287 78 1209 193 1016 115 2666 809 388 149 1857 1385 1131 421 239 472 250 95 222 326 254
is_linear=0
shrinkage=0.03


Tree=328
num_leaves=26
num_cat=0
split_feature=33 0 30 35 33 26 1 31 30 33 0 34 0 33 3 24 36 23 26 23 35 26 31 34 35
split_gain=1.3651e-05 8.53054e-05 9.69749e-05 0.000158903 0.000308125 0.000101447 0.000180323 8.59037e-05 0.000121682 0.000109464 0.000179203 0.000106959 9.68237e-05 7.86411e-05 8.49592e-05 0.000149004 0.000167194 0.000139614 0.000213439 0.000158598 0.000113708 6.61236e-05 0.000121485 0.000136464 5.90939e-05
threshold=1.0000000180025095e-35 41.570104598999031 77.830873267024188 0.012722678194273132 0.03893802474847375 1.2512557079143887 64.875000000000014 -0.0076384546738796901 53.248775854419812 0.0040572455351036716 52.546520233154304 0.027530436607796419 71.749664306640639 -0.0011363697757241218 85.02500152587892 -0.44153839453232008 0.0048887430697648103 0.37715002509038703 1.5706815934085399 0.15328245847936731 0.016451207241882388 0.98212667987755808 0.0048059804099543921 0.0073731929725872067 0.02529131649530356
decision_type=2 2 2 2 2 2 2 2 2 2 2 2 2 2 2 2 2 2 2 2 2 2 2 2 2
left_child=13 2 5 -4 -5 24 -7 8 -3 12 -11 -10 -9 14 17 20 -17 19 -19 -1 -16 -15 23 -23 -2
right_child=1 7 3 4 -6 6 -8 9 11 10 -12 -13 -14 21 15 16 -18 18 -20 -21 -22 22 -24 -25 -26
leaf_value=-1.8874023427628541e-06 -1.3973678239081402e-05 0 0 7.3598175925130335e-05 0 0 3.1564570745012705e-05 3.7522827813364553e-05 -8.0770832255995837e-05 -1.7954056481461135e-05 7.9186160981060422e-06 0 0 0 -5.1159853158254272e-05 3.6712679482890658e-05 0 -3.528087156905687e-05 0 3.3596223403339761e-05 0 -8.4151586933175308e-05 0 0 0
leaf_weight=1065 351 29 82 108 27 96 239 123 44 478 311 20 35 33 39 255 47 269 105 123 43 52 31 22 41
leaf_count=1065 351 29 82 108 27 96 239 123 44 478 311 20 35 33 39 255 47 269 105 123 43 52 31 22 41
internal_value=0 1.70718e-06 9.0861e-06 2.75868e-05 4.77652e-05 0 1.50529e-05 -2.10649e-06 -2.96649e-05 0 -3.95432e-06 -5.46499e-05 2.33472e-05 -1.76647e-06 0 1.24202e-05 2.52989e-05 -3.3194e-06 -1.9542e-05 0 0 -2.36558e-05 -3.60768e-05 -5.7633e-05 -6.26146e-06
internal_weight=4068 1984 944 217 135 727 335 1040 93 947 789 64 158 2084 1946 384 302 1562 374 1188 82 138 105 74 392
internal_count=4068 1984 944 217 135 727 335 1040 93 947 789 64 158 2084 1946 384 302 1562 374 1188 82 138 105 74 392
is_linear=0
shrinkage=0.03


Tree=329
num_leaves=25
num_cat=0
split_feature=0 0 4 1 36 0 32 24 35 31 0 33 35 27 36 36 27 25 29 35 0 25 4 31
split_gain=1.33079e-05 8.00268e-05 8.5244e-05 8.93421e-05 4.66866e-05 0.000166214 0.000214114 0.000229779 8.93229e-05 0.000470068 0.000379767 0.000205559 0.000155181 8.71623e-05 0.000157893 0.000103127 5.85829e-05 3.26904e-05 0.000147414 0.000316281 0.000122541 5.44105e-05 3.33662e-05 3.19448e-06
threshold=33.289602279663093 32.309312820434577 77.02500152587892 48.774999618530281 -0.0065220194959039789 39.541013717651374 -0.0083226859568867311 0.79181071454040963 0.023068645250047929 0.019672466496447719 51.596380233764656 0.022030126172024937 0.022018450095023626 0.44154782713725116 -0.0091020380741790551 -0.0070517536011616136 0.52667526997260072 0.053393769135436843 75.732949109695127 0.017869146459496429 31.06590557098389 -0.17873420314000241 70.27500152587892 -0.018869112512013949
decision_type=2 2 2 2 2 2 2 2 2 2 2 2 2 2 2 2 2 2 2 2 2 2 2 2
left_child=1 17 3 -3 5 6 23 -8 12 10 -10 -11 16 14 -7 -15 -6 20 19 -19 22 -22 -1 -2
right_child=4 2 -4 -5 8 13 7 -9 9 11 -12 -13 -14 15 -16 -17 -18 18 -20 -21 21 -23 -24 -25
leaf_value=5.0332899318617851e-05 -7.2899241220010591e-06 0 0 4.939332131471019e-05 5.4056762381619495e-06 0 -7.4050422464243612e-05 0 6.5826669451703656e-05 -6.1673871610193651e-05 0 0 -5.3602083550413773e-05 2.735252726894816e-05 -3.7337555360130528e-05 0 -4.1703448920142745e-06 0 0 -0.0001218281138129068 -4.0990551431797149e-05 0 0 0
leaf_weight=52 54 75 73 98 1084 227 108 23 189 55 36 95 49 208 113 20 1210 31 23 30 34 27 36 118
leaf_count=52 54 75 73 98 1084 227 108 23 189 55 36 95 49 208 113 20 1210 31 23 30 34 27 36 118
internal_value=0 4.61024e-06 1.82767e-05 3.03005e-05 -7.07035e-07 -7.08008e-06 -2.52509e-05 -5.42588e-05 2.31721e-07 1.4524e-05 4.60626e-05 -1.27964e-05 -7.75939e-07 0 -6.76579e-06 1.6603e-05 0 0 -1.8704e-05 -5.15066e-05 0 -1.16736e-05 3.40195e-05 0
internal_weight=4068 479 246 173 3589 871 303 131 2718 375 225 150 2343 568 340 228 2294 233 84 61 149 61 88 172
internal_count=4068 479 246 173 3589 871 303 131 2718 375 225 150 2343 568 340 228 2294 233 84 61 149 61 88 172
is_linear=0
shrinkage=0.03


Tree=330
num_leaves=21
num_cat=0
split_feature=23 23 28 27 0 23 33 30 33 36 23 25 30 25 30 30 36 24 35 28
split_gain=1.35192e-05 0.000182783 0.000220345 0.000304545 0.000226717 0.000152874 0.000121959 0.00023982 0.000143626 0.000289888 0.000156223 0.000130955 9.78404e-05 0.000140801 0.000160953 0.00012004 6.34153e-05 6.2523e-05 1.77104e-05 6.79097e-05
threshold=0.2954696136742499 0.034319221001691609 -2456458165.4999995 0.098404455146633873 32.812829971313484 0.37715002509038703 0.010689696631576486 72.179399343990909 0.0040572455351036716 -0.0046202894103664037 0.94944227137804316 0.29541430128668017 84.408925482979541 0.19840129230627535 69.688153716718844 33.666759040840724 -0.0076756549251172012 0.60769561206818801 0.011428573190047801 -2790495519.9999995
decision_type=2 2 2 2 2 2 2 2 2 2 2 2 2 2 2 2 2 2 2 2
left_child=1 12 -3 -4 -5 16 8 11 10 -10 -7 -8 13 15 -15 -1 -2 -9 -18 -20
right_child=5 2 3 4 -6 6 7 17 9 -11 -12 -13 -14 14 -16 -17 18 -19 19 -21
leaf_value=-2.608512448836096e-06 0 0 0 0 -6.4173519678988519e-05 -1.5032597981013332e-05 4.7236971533564765e-05 4.9017328803306411e-07 0 -5.8425341582073279e-05 1.3522983873598463e-05 0 3.9574676581432926e-05 -4.3812976319820962e-05 0 1.1061037623890287e-05 0 -2.1203415659150193e-05 0 7.1134785182407279e-05
leaf_weight=953 21 169 21 21 205 359 176 115 44 129 325 47 57 135 113 930 46 125 22 55
leaf_count=953 21 169 21 21 205 359 176 115 44 129 325 47 57 135 113 930 46 125 22 55
internal_value=0 -1.39546e-06 -2.01057e-05 -3.85132e-05 -5.32286e-05 2.20157e-06 0 1.13102e-05 -7.67764e-06 -3.22277e-05 0 3.51138e-05 7.9159e-07 0 -2.14806e-05 2.54989e-06 3.16867e-05 0 4.04841e-05 5.31371e-05
internal_weight=4068 2604 416 247 226 1464 1320 463 857 173 684 223 2188 2131 248 1883 144 240 123 77
internal_count=4068 2604 416 247 226 1464 1320 463 857 173 684 223 2188 2131 248 1883 144 240 123 77
is_linear=0
shrinkage=0.03


Tree=331
num_leaves=29
num_cat=0
split_feature=34 0 36 23 26 24 26 30 36 35 29 33 30 34 29 23 5 29 26 31 34 23 35 25 30 5 31 35
split_gain=1.31426e-05 9.62621e-05 0.000127994 0.000120083 0.000211059 0.000101968 0.000192516 0.000275826 0.000141511 0.000188398 9.25283e-05 0.000281673 0.000158143 0.000211989 0.000175542 0.000198153 0.000123854 9.97166e-05 3.9579e-05 3.55175e-05 2.894e-05 2.18709e-05 8.52319e-05 4.12152e-05 1.76224e-05 1.73055e-06 1.5163e-06 8.77314e-08
threshold=-0.0010224835695099019 38.459785461425788 -0.0065220194959039789 1.0101385524309701 1.1641980095002482 1.0889140678899487 1.1917532564334381 44.720543127820214 0.01668119409705637 0.011428573190047801 52.640364732587649 -0.010193111243337492 47.905625931970953 -0.0054226294927203758 29.27744585269371 -0.30680970282196535 23301978.500000004 28.918435971692542 1.0714783564152384 -0.0082015793683793952 0.0070108529460451994 -0.067356871506142099 0.015528777678295663 -0.004363056803829867 68.797435221262177 27233236.500000004 0.0030525042754769864 0.015163173278947997
decision_type=2 2 2 2 2 2 2 2 2 2 2 2 2 2 2 2 2 2 2 2 2 2 2 2 2 2 2 2
left_child=10 2 19 4 -4 6 18 -8 9 -7 12 24 14 17 16 -16 -1 -14 -3 25 -21 22 -13 -23 -12 -2 -5 -15
right_child=1 5 3 26 -6 8 7 -9 -10 -11 11 21 13 27 15 -17 -18 -19 -20 20 -22 23 -24 -25 -26 -27 -28 -29
leaf_value=-2.3581700374201031e-06 6.2321994785786076e-06 0 0 0 4.4807676932146655e-05 0 8.4396164116795677e-06 -2.9138667645344498e-05 0 4.7818601955408684e-05 -0.00013364464842102752 0 0 0 -3.7239216830700239e-05 0 1.859706379555595e-05 5.0431283130430097e-05 1.303146638825515e-05 0 -3.4728461297218282e-05 -3.5190698206356724e-05 5.1532335121969163e-05 0 0 0 -6.0649464883392183e-06 -1.8488125219433071e-06
leaf_weight=755 40 343 205 25 251 44 105 539 30 150 20 37 20 45 253 210 313 160 227 23 48 41 31 52 21 20 37 23
leaf_count=755 40 343 205 25 251 44 105 539 30 150 20 37 20 45 253 210 313 160 227 23 48 41 31 52 21 20 37 23
internal_value=0 1.61824e-06 1.1835e-05 1.99455e-05 2.62461e-05 -9.07221e-07 -6.19879e-06 -1.83538e-05 1.43743e-05 2.99117e-05 -1.79214e-06 -2.10603e-05 0 2.25937e-05 -3.20008e-06 -1.93084e-05 9.75645e-07 4.1983e-05 2.27277e-06 0 -2.12035e-05 0 9.29205e-06 -1.21766e-05 -9.13728e-05 0 0 0
internal_weight=4068 2087 649 518 456 1438 1214 644 224 194 1981 202 1779 248 1531 463 1068 180 570 131 71 161 68 93 41 60 62 68
internal_count=4068 2087 649 518 456 1438 1214 644 224 194 1981 202 1779 248 1531 463 1068 180 570 131 71 161 68 93 41 60 62 68
is_linear=0
shrinkage=0.03


Tree=332
num_leaves=26
num_cat=0
split_feature=33 0 32 26 28 28 32 33 5 33 26 27 25 32 32 0 27 35 5 25 5 21 27 5 34
split_gain=1.34173e-05 7.68741e-05 0.000120877 0.0001006 0.000134038 7.44727e-05 0.000218536 0.000260912 0.000162274 7.14202e-05 0.000169744 0.000222847 0.000173335 7.53392e-05 0.000124552 0.000245516 0.000128747 0.00010905 6.17497e-05 5.46815e-05 9.8664e-05 8.78417e-05 1.42486e-05 6.77246e-05 5.18303e-05
threshold=1.0000000180025095e-35 41.570104598999031 0.011050272479580571 0.93214743979545922 113869541.50000001 -353186856.49999994 0.015804561078836214 0.0068089969556935923 17162716.000000004 -0.002822112353908834 0.98848266258063233 0.48250566173948745 0.36293320063677853 0.0046155777422617348 -0.0067896733358542285 38.229415893554695 0.22798619581680449 0.015841556460943949 16378823.000000002 0.010360319676380557 19132886.500000004 73.89166666666668 0.72290324176529863 21675490.000000004 0.035125380026232896
decision_type=2 2 2 2 2 2 2 2 2 2 2 2 2 2 2 2 2 2 2 2 2 2 2 2 2
left_child=9 2 3 -2 -5 19 7 -7 -8 13 -11 18 -13 14 16 -16 -1 -15 -12 20 -3 -21 23 -4 -24
right_child=1 5 22 4 -6 6 8 -9 -10 10 11 12 -14 17 15 -17 -18 -19 -20 21 -22 -23 24 -25 -26
leaf_value=-3.0857837485605135e-06 0 0 -2.7138989695580324e-05 3.135596393172776e-05 0 0 -7.6911299706432614e-06 -5.0272715821679637e-05 3.8263384362877642e-05 0 -2.3831022123195226e-05 -8.4571843766165214e-05 0 5.2610857620230176e-05 -4.4461662169968658e-05 0 1.5276529123538933e-05 0 1.8323409267268188e-05 -1.9404716245986765e-05 4.5863062316539825e-05 6.4947859430833315e-06 1.8523168709381171e-05 0 0
leaf_weight=606 86 132 100 398 33 95 69 198 97 65 64 81 21 59 166 399 502 64 57 188 66 195 136 88 103
leaf_count=606 86 132 100 398 33 95 69 198 97 65 64 81 21 59 166 399 502 64 57 188 66 195 136 88 103
internal_value=0 1.68415e-06 8.69927e-06 1.86696e-05 2.5062e-05 -1.79931e-06 -1.22921e-05 -3.01167e-05 1.10727e-06 -1.75894e-06 -1.56682e-05 -3.16508e-05 -6.44466e-05 0 -1.18942e-06 -1.37853e-05 2.52689e-06 2.30562e-05 0 1.32821e-06 1.59249e-05 0 0 -8.2408e-06 4.56075e-07
internal_weight=4068 1984 944 517 431 1040 459 293 166 2084 288 223 102 1796 1673 565 1108 123 121 581 198 383 427 188 239
internal_count=4068 1984 944 517 431 1040 459 293 166 2084 288 223 102 1796 1673 565 1108 123 121 581 198 383 427 188 239
is_linear=0
shrinkage=0.03


Tree=333
num_leaves=16
num_cat=0
split_feature=28 19 19 5 22 24 24 5 24 20 36 7 32 36 5
split_gain=1.29862e-05 0.000107932 0.000395021 0.000150155 8.81911e-05 0.000228639 5.76234e-05 4.7839e-05 0.000103391 0.000115422 0.000102843 0.000232838 7.19599e-05 4.56785e-05 1.77485e-05
threshold=-3182351017.4999995 52.679999923706063 51.660000228881842 24342067.000000004 40.230295080840193 -0.72274407308226352 -0.51918438750531282 39548638.000000007 1.1757203430708121 71.327499771118184 0.014902928561999878 1.0000000180025095e-35 0.014722879939860435 -0.009011704855945107 23708659.500000004
decision_type=2 2 2 2 2 2 2 2 2 2 2 2 2 2 2
left_child=13 2 4 -4 6 -6 -2 10 9 -9 12 -12 -3 -1 -15
right_child=1 7 3 -5 5 -7 -8 8 -10 -11 11 -13 -14 14 -16
leaf_value=0 4.9406753638704165e-05 -4.435569462300866e-08 0 -0.00016704791551014467 -9.6204666923945651e-05 0 0 0 0 5.4065973173602045e-05 -4.0857228147561355e-05 0 1.2526024898281899e-05 0 3.4451037371121733e-05
leaf_weight=31 39 2766 23 21 26 122 29 21 42 82 180 49 422 158 57
leaf_count=31 39 2766 23 21 26 122 29 21 42 82 180 49 422 158 57
internal_value=0 -5.1187e-07 -1.94244e-05 -0.000101425 0 -1.55452e-05 2.5298e-05 2.69131e-08 1.72263e-05 3.63341e-05 0 -1.99398e-05 6.78944e-07 6.58954e-06 1.55178e-05
internal_weight=4068 3822 260 44 216 148 68 3562 145 103 3417 229 3188 246 215
internal_count=4068 3822 260 44 216 148 68 3562 145 103 3417 229 3188 246 215
is_linear=0
shrinkage=0.03


Tree=334
num_leaves=27
num_cat=0
split_feature=27 0 24 28 22 0 23 36 33 36 23 28 0 35 33 36 22 36 24 30 23 25 0 32 27 25
split_gain=1.28327e-05 0.000105355 0.000169768 0.000183528 9.10164e-05 0.000352365 0.000158476 0.000143584 0.000154553 0.000115184 9.62841e-05 0.000102016 8.60228e-05 0.000129639 0.000138577 7.31494e-05 6.09095e-05 5.0614e-05 4.36893e-05 6.21146e-05 3.57842e-05 2.42727e-05 6.82556e-05 2.15127e-05 1.07497e-05 3.74036e-06
threshold=0.7558988578673963 41.570104598999031 -0.10104299993254307 -122137645.49999999 55.531130241672223 40.409706115722663 0.87413570849230038 -0.0069606974724002292 0.010141992361302867 -0.010657615072921317 0.37715002509038703 -42911406.499999993 56.946161270141609 0.014216712584930973 0.0036087682727576902 -0.017685456454259181 68.611685396980974 0.01668119409705637 0.33827053027497395 82.910482009852373 0.87413570849230038 -0.004363056803829867 54.73260688781739 0.025909395965970864 0.58593985529220372 0.30587051120271797
decision_type=2 2 2 2 2 2 2 2 2 2 2 2 2 2 2 2 2 2 2 2 2 2 2 2 2 2
left_child=4 2 23 16 6 7 10 -6 -9 -8 11 -1 13 14 -3 -12 -4 -15 -14 -20 -5 24 -23 25 -7 -2
right_child=1 12 3 20 5 21 9 8 -10 -11 15 -13 18 17 -16 -17 -18 -19 19 -21 -22 22 -24 -25 -26 -27
leaf_value=3.3328283719516506e-06 0 0 6.1076189754528967e-05 1.7085100396815796e-05 0 0 0 -0.00010840081024039112 0 6.1329187319559273e-05 0 -1.6049132479004924e-05 0 7.9546528011067063e-06 -4.9865699520721653e-05 -2.7067145878670519e-05 0 -2.2263863081156182e-05 3.6303476732387583e-05 0 -1.4378309597745629e-05 4.036901897383351e-05 0 -2.348630669184474e-05 -1.1059398151811695e-05 7.3040452209801603e-06
leaf_weight=2072 48 43 127 62 38 28 36 57 20 65 24 267 78 202 124 210 64 66 81 25 68 51 35 35 79 63
leaf_count=2072 48 43 127 62 38 28 36 57 20 65 24 267 78 202 124 210 64 66 81 25 68 51 35 35 79 63
internal_value=0 2.70534e-06 1.47291e-05 2.81323e-05 -1.09879e-06 -1.666e-05 0 -5.91456e-05 -8.30568e-05 3.73706e-05 -7.46932e-07 0 -1.52109e-06 -1.24269e-05 -3.31713e-05 -1.93984e-05 4.68418e-05 0 7.95888e-06 2.19205e-05 0 0 1.59286e-05 0 0 0
internal_weight=4068 1086 467 321 2982 308 2674 115 77 101 2573 2339 619 435 167 234 191 268 184 106 130 193 86 146 107 111
internal_count=4068 1086 467 321 2982 308 2674 115 77 101 2573 2339 619 435 167 234 191 268 184 106 130 193 86 146 107 111
is_linear=0
shrinkage=0.03


Tree=335
num_leaves=15
num_cat=0
split_feature=24 24 31 25 34 36 36 25 32 31 29 36 0 25
split_gain=1.25984e-05 0.000112416 0.000144202 0.000218797 5.34699e-05 5.57887e-05 0.000106708 8.70128e-05 4.62657e-05 8.87555e-05 9.15427e-05 8.13411e-06 5.98364e-06 7.89584e-08
threshold=-1.5763246469278902 -1.145903695405831 -0.0025300067069304317 -0.14384025682222934 -0.061710846132556278 -0.017066999861467692 -0.010973713643867693 -0.090482438596136472 0.0171552890725758 -0.01164344308599846 59.768937195093706 -0.0064280242247655864 41.653602600097663 0.1188126648797023
decision_type=2 2 2 2 2 2 2 2 2 2 2 2 2 2
left_child=8 2 3 -2 11 7 -7 -6 9 -1 -11 -3 -4 -5
right_child=1 4 12 13 5 6 -8 -9 -10 10 -12 -13 -14 -15
leaf_value=0 -0.00010746897605791903 4.2918308454711119e-05 8.4338988438463113e-06 0 -4.1009086366551931e-05 1.8548672486479808e-05 -2.5395484906500351e-07 0 0 6.026320167412971e-05 0 0 -5.4713134120192272e-06 -1.7539383813303325e-06
leaf_weight=20 37 30 52 34 76 280 3225 99 35 59 22 20 56 23
leaf_count=20 37 30 52 34 76 280 3225 99 35 59 22 20 56 23
internal_value=0 -3.95593e-07 -2.24424e-05 -4.96076e-05 0 0 3.927e-07 -1.68423e-05 8.87632e-06 2.2758e-05 4.03808e-05 3.09925e-05 0 0
internal_weight=4068 3932 202 94 3730 3680 3505 175 136 101 81 50 108 57
internal_count=4068 3932 202 94 3730 3680 3505 175 136 101 81 50 108 57
is_linear=0
shrinkage=0.03


Tree=336
num_leaves=21
num_cat=0
split_feature=23 36 33 22 26 1 35 31 21 32 4 23 24 31 26 25 19 19 36 36
split_gain=1.25891e-05 9.9059e-05 0.000152775 0.00024747 0.000143402 0.000105838 0.000183386 0.000184173 8.10578e-05 0.000130026 0.00012153 6.82281e-05 7.54309e-05 6.35388e-05 0.000236106 0.000106168 3.77514e-05 0.000133385 7.57122e-05 3.28404e-05
threshold=-0.5605283133619422 -0.0056603891642957775 0.008917556776916637 31.663635408258777 1.661618883178489 78.52500152587892 0.025078338417018259 -0.00062445326441501459 74.558333269755067 0.0055524537703309793 51.425001144409187 -0.55118049495346699 -0.79454398819429917 -0.017018872043584207 1.6123652999936402 -0.37910316077029943 69.925001525878926 51.955000305175794 -0.0082466683456536745 -0.0025477846158918605
decision_type=2 2 2 2 2 2 2 2 2 2 2 2 2 2 2 2 2 2 2 2
left_child=1 5 3 19 -5 16 7 -7 10 -10 -4 -2 -13 14 -14 -15 17 -1 -18 -3
right_child=11 2 8 4 -6 6 -8 -9 9 -11 -12 12 13 15 -16 -17 18 -19 -20 -21
leaf_value=0 -4.5017810477483486e-05 0 0 1.2745206381497528e-05 8.5085857953926629e-05 -6.8964733734024614e-05 0 0 0 -4.1931257098086136e-05 4.334687137430259e-05 -4.5287864707150767e-05 0 -2.2426827532817477e-05 4.9930256363336143e-05 2.1953876306259555e-07 3.8420859281071049e-05 -4.170062237162434e-05 0 -1.8316290695898768e-05
leaf_weight=34 32 36 22 321 72 92 24 20 34 107 59 33 89 190 108 2532 69 69 37 88
leaf_count=34 32 36 22 321 72 92 24 20 34 107 59 33 89 190 108 2532 69 69 37 88
internal_value=0 2.66189e-06 1.07147e-05 2.07363e-05 3.36484e-05 -5.89246e-06 -2.807e-05 -4.92843e-05 0 -2.24765e-05 4.5368e-06 -1.10576e-06 0 0 1.70058e-05 -2.5989e-07 0 -1.05348e-06 1.78648e-05 0
internal_weight=4068 1084 739 517 393 345 136 112 222 141 81 2984 2952 2919 197 2722 209 103 106 124
internal_count=4068 1084 739 517 393 345 136 112 222 141 81 2984 2952 2919 197 2722 209 103 106 124
is_linear=0
shrinkage=0.03


Tree=337
num_leaves=27
num_cat=0
split_feature=33 30 27 26 33 30 31 0 0 31 27 26 27 20 33 26 31 34 31 31 32 22 36 30 35 31
split_gain=1.26432e-05 7.12854e-05 0.000188329 0.000135544 0.000123833 0.000117534 0.000163572 0.000148778 0.000140395 0.000114195 0.000292878 9.34093e-05 8.24609e-05 8.21075e-05 6.64671e-05 6.01264e-05 0.000114493 0.000128658 5.91837e-05 0.000247269 0.000470441 0.00020469 0.000193877 0.000169778 8.90885e-05 5.70592e-05
threshold=1.0000000180025095e-35 46.199263699098687 0.4498768711190298 1.1659084703273972 0.0097278408320846683 66.384213216478017 -0.0022711710445395546 50.833730697631843 38.150091171264656 -0.0053026999689233514 0.91420773680865142 1.4099802530678793 0.39744817578789321 92.703750419616711 -0.0011363697757241218 0.98848266258063233 0.0048059804099543921 0.0073731929725872067 -0.0068969324168187121 -0.012271705215872562 -0.021544828082227348 47.962432235904103 -0.0057836918778217663 14.72520762084404 0.027131275776664996 -0.017018872043584207
decision_type=2 2 2 2 2 2 2 2 2 2 2 2 2 2 2 2 2 2 2 2 2 2 2 2 2 2
left_child=14 2 4 -4 12 6 8 -8 -3 25 -11 -6 -2 -5 18 -16 17 -17 19 21 -21 -1 23 -20 -24 -7
right_child=1 5 3 13 11 9 7 -9 -10 10 -12 -13 -14 -15 15 16 -18 -19 22 20 -22 -23 24 -25 -26 -27
leaf_value=-2.1966907613172965e-05 2.1551021313985107e-05 5.6133953668786776e-05 0 5.3632343322372102e-05 0 0 -3.4425879320265293e-05 0 0 3.1443181854645509e-05 -9.1260417714777767e-07 -5.2724633626124061e-05 0 0 0 -8.1444201800054465e-05 0 0 0 0.00010387771952996291 0 1.9542132203120748e-05 -4.8827800338305316e-07 -4.1991262834235921e-05 3.9177477197661711e-05 -2.5471726275142207e-05
leaf_weight=304 197 40 100 151 67 20 313 97 92 366 319 64 20 28 34 51 31 22 42 62 283 112 892 199 52 110
leaf_count=304 197 40 100 151 67 20 313 97 92 366 319 64 20 28 34 51 31 22 42 62 283 112 892 199 52 110
internal_value=0 1.61806e-06 1.05082e-05 2.92472e-05 0 -2.79477e-07 -1.28816e-05 -2.40482e-05 0 4.42132e-06 1.19984e-05 -2.67945e-05 8.93385e-06 4.48791e-05 -1.7226e-06 -2.1862e-05 -3.39687e-05 -5.52524e-05 0 6.22445e-06 2.67369e-05 -3.57958e-06 -4.47924e-06 -2.86765e-05 0 -1.24237e-05
internal_weight=4068 1984 627 279 348 1357 542 410 132 815 685 131 217 179 2084 138 104 73 1946 761 345 416 1185 241 944 130
internal_count=4068 1984 627 279 348 1357 542 410 132 815 685 131 217 179 2084 138 104 73 1946 761 345 416 1185 241 944 130
is_linear=0
shrinkage=0.03


Tree=338
num_leaves=28
num_cat=0
split_feature=29 29 33 25 32 22 26 33 35 33 33 31 29 34 22 34 35 31 32 35 26 2 29 25 31 21 34
split_gain=1.20375e-05 0.000212146 0.000271725 0.000109147 8.86563e-05 0.000259555 0.000308983 0.000100563 0.000172141 0.000149134 8.56281e-05 0.000121402 8.53623e-05 0.000181185 0.000168246 6.58663e-05 5.85034e-05 0.000101213 0.000329286 0.000100662 0.000154826 7.00036e-05 2.71852e-05 5.11762e-05 1.96239e-05 7.66342e-06 1.44854e-08
threshold=56.852836055348853 60.533135584348337 -0.010193111243337492 0.012918762554533949 0.012024647487814068 51.354080844029177 1.3561948158338053 -0.0085548311740680765 0.010114395349091946 -0.011477807072745148 -0.0020640197856798821 0.0023661748146106558 34.029228135447617 -0.0092640526669062733 45.249077978981724 -0.0027035751971918871 0.012872848992628172 0.0066788508039977721 0.0049904666800744133 0.010949948772875676 1.1057458590725819 77.77500152587892 21.541457528706903 0.10284527249605632 1.0000000180025095e-35 72.272083091735865 0.0014220427817482897
decision_type=2 2 2 2 2 2 2 2 2 2 2 2 2 2 2 2 2 2 2 2 2 2 2 2 2 2 2
left_child=3 2 -2 4 7 6 -6 9 -9 -1 -4 -12 22 14 -14 -15 19 18 -18 24 -21 -19 25 -24 -3 -5 -7
right_child=1 16 10 12 5 26 -8 8 -10 -11 11 -13 13 15 -16 -17 17 21 -20 20 -22 -23 23 -25 -26 -27 -28
leaf_value=0 -0.00014481328347445711 -3.3125758645026645e-06 6.5714653209996015e-06 0 0 0 -8.834957967404614e-05 -3.9748014638352358e-06 2.1607456938980697e-05 -3.3905892841150081e-05 0 -5.8995231796624287e-05 0 -5.1623032174679474e-06 9.4276826279706891e-05 1.436670241491875e-05 0 -1.8464270708215957e-05 4.2455373572545937e-05 0 -4.316761827990163e-05 2.5620302520542049e-06 0 -3.1949442049371048e-05 8.7694555517301346e-06 1.6528876710308292e-05 5.7018364888808253e-07
leaf_weight=778 21 158 35 26 55 22 76 162 470 137 51 53 25 81 55 282 338 181 233 60 134 192 80 61 207 55 40
leaf_count=778 21 158 35 26 55 22 76 162 470 137 51 53 25 81 55 282 338 181 233 60 134 192 80 61 207 55 40
internal_value=0 -2.05184e-06 -3.51612e-05 1.26224e-06 -1.20701e-06 -2.06479e-05 -4.90897e-05 0 1.03043e-05 -5.05579e-06 0 -2.69396e-05 1.2233e-05 1.995e-05 6.49896e-05 1.74658e-06 0 5.8856e-06 1.4723e-05 -5.97336e-06 -2.38647e-05 0 0 -1.07514e-05 0 1.00286e-05 0
internal_weight=4068 1663 160 2405 1740 193 131 1547 632 915 139 104 665 443 80 363 1503 944 571 559 194 373 222 141 365 81 62
internal_count=4068 1663 160 2405 1740 193 131 1547 632 915 139 104 665 443 80 363 1503 944 571 559 194 373 222 141 365 81 62
is_linear=0
shrinkage=0.03


Tree=339
num_leaves=28
num_cat=0
split_feature=23 30 24 26 19 35 0 32 29 2 26 26 35 32 33 30 20 35 25 30 19 34 35 23 0 23 26
split_gain=1.41779e-05 9.36262e-05 0.000165404 0.00022671 0.000188994 0.000160954 0.000260022 9.39021e-05 0.000129142 7.02829e-05 0.000140345 0.000229888 0.000394537 0.00012924 8.84737e-05 0.000178737 0.000203619 7.80324e-05 0.000119492 9.59858e-05 7.10906e-05 0.000202711 0.000139437 6.29699e-05 5.26539e-05 4.49431e-05 2.87281e-05
threshold=-0.5605283133619422 33.666759040840724 -0.45237866218835648 1.3965297730349395 87.925000762939462 0.030004869370441292 40.968511581420906 0.0040945829497356376 33.317724214057542 78.375000000000014 1.2104864730550127 1.6123652999936402 0.014851939122983691 -0.011635005357977844 0.021543011165497176 87.016341337483198 94.636249923706075 0.015451879117490871 0.1188126648797023 45.255652436872843 84.170000457763692 0.023207645721889384 0.011428573190047801 -0.62415339869719577 46.740093231201179 -1.622852727614198 1.3785487973642396
decision_type=2 2 2 2 2 2 2 2 2 2 2 2 2 2 2 2 2 2 2 2 2 2 2 2 2 2 2
left_child=1 2 3 25 -5 7 -7 8 -3 10 17 12 -12 -13 20 16 -16 19 -19 -2 22 -22 -11 26 -9 -1 -4
right_child=9 5 23 4 -6 6 -8 24 -10 14 11 13 -14 -15 15 -17 -18 18 -20 -21 21 -23 -24 -25 -26 -27 -28
leaf_value=2.8200292502791375e-05 -2.0562480812837858e-05 0 0 -7.7716492845820008e-05 0 0.00014562946588340386 0 -1.9382924566311303e-05 2.8324569237891285e-05 -6.5099020821503638e-08 0 3.7442048128962667e-05 -4.9626824973198054e-05 -5.194626849166246e-06 5.2683294926463748e-05 0 0 3.0948721648748113e-05 0 0 0 -5.2142799443603239e-05 2.2738714882152205e-05 0 0 -4.7985167884401507e-06 5.6004364388009337e-05
leaf_weight=43 228 63 31 77 58 22 20 143 244 197 174 80 304 149 155 41 32 175 115 307 649 80 298 26 44 268 45
leaf_count=43 228 63 31 77 58 22 20 143 244 197 174 80 304 149 155 41 32 175 115 307 649 80 298 26 44 268 45
internal_value=0 2.821e-06 -1.7103e-06 -1.43247e-05 -4.67744e-05 1.30492e-05 7.46608e-05 1.72524e-06 1.61005e-05 -1.17684e-06 -6.29176e-06 -1.62605e-05 -2.8702e-05 0 2.15399e-06 1.94582e-05 3.63506e-05 0 1.4402e-05 -4.33529e-06 0 -6.96226e-06 7.6057e-06 2.4024e-05 -5.83664e-06 0 3.89751e-05
internal_weight=4068 1084 548 446 135 536 42 494 307 2984 1532 707 478 229 1452 228 187 825 290 535 1224 729 495 102 187 311 76
internal_count=4068 1084 548 446 135 536 42 494 307 2984 1532 707 478 229 1452 228 187 825 290 535 1224 729 495 102 187 311 76
is_linear=0
shrinkage=0.03


Tree=340
num_leaves=27
num_cat=0
split_feature=5 0 25 29 29 30 26 29 19 0 29 25 19 27 24 1 0 5 34 27 33 26 5 34 5 5
split_gain=1.2029e-05 0.000105663 0.000106982 4.85225e-05 0.00014805 0.000234754 0.000301846 0.000120499 0.000162775 0.000189725 0.000110612 0.000239178 7.10321e-05 6.75362e-05 6.38956e-05 0.000172924 0.000146704 4.76003e-05 7.3565e-05 0.000130434 4.4145e-05 3.68675e-05 2.79822e-05 2.59377e-05 6.21348e-06 1.90343e-06
threshold=12222302.000000002 43.31294250488282 0.12598336410149802 52.640364732587649 60.533135584348337 45.255652436872843 1.5189237323086913 38.673466923108741 51.660000228881842 51.198415756225593 32.743602450249263 0.012918762554533949 48.315000152587899 0.1234905166105089 0.61654827027099801 92.899997711181655 39.489788055419929 9045723.0000000019 0.016119098259447798 0.30725695602370023 0.0099616280755087123 0.93214743979545922 7336101.5000000009 0.012653420471444023 10246771.500000002 16344193.000000002
decision_type=2 2 2 2 2 2 2 2 2 2 2 2 2 2 2 2 2 2 2 2 2 2 2 2 2 2
left_child=1 2 20 7 5 25 -7 10 12 -10 13 -12 -9 -2 16 -16 -6 22 19 -19 21 -1 -3 -24 -4 -5
right_child=3 17 24 4 14 6 -8 8 9 -11 11 -13 -14 -15 15 -17 -18 18 -20 -21 -22 -23 23 -25 -26 -27
leaf_value=0 -6.2583907059100799e-06 0 -9.8962507915280187e-06 0 1.9926131392541899e-05 0 -0.0001048246503632497 0 3.4519735044595895e-05 0 -4.5830442114247291e-05 0 -4.0349307129777342e-05 8.3843315718786448e-06 -2.5335554499959465e-05 1.297635674942481e-05 -2.1165115418007009e-06 0 0 -4.1186191418384752e-05 0 4.065849518538448e-05 2.8415696804695285e-05 0 0 6.0959141817622645e-06
leaf_weight=39 446 48 57 33 355 144 60 25 354 108 152 71 40 616 302 48 483 96 54 134 49 164 60 21 63 46
leaf_count=39 446 48 57 33 355 144 60 25 354 108 152 71 40 616 302 48 483 96 54 134 49 164 60 21 63 46
internal_value=0 3.19603e-06 1.65631e-05 -9.24596e-07 -5.48174e-06 -2.50363e-05 -4.36418e-05 1.1195e-06 1.41848e-05 2.33152e-05 -1.90502e-06 -2.1613e-05 -4.56487e-06 0 0 -1.15102e-05 3.6431e-06 -1.58302e-06 -1.24273e-05 -2.18728e-05 2.80508e-05 3.42389e-05 0 1.76219e-05 0 0
internal_weight=4068 785 372 3283 1471 283 204 1812 527 462 1285 223 65 1062 1188 350 838 413 284 230 252 203 129 81 120 79
internal_count=4068 785 372 3283 1471 283 204 1812 527 462 1285 223 65 1062 1188 350 838 413 284 230 252 203 129 81 120 79
is_linear=0
shrinkage=0.03


Tree=341
num_leaves=29
num_cat=0
split_feature=23 36 5 26 34 3 35 31 23 5 29 28 23 33 29 33 5 35 36 31 34 28 28 3 28 36 35 35
split_gain=1.25969e-05 8.97375e-05 0.000153313 0.000364955 0.000235685 8.43673e-05 0.000166968 0.000171865 6.30102e-05 0.000145672 0.000293866 0.000243213 0.000142265 0.000111537 0.00020283 0.000131385 8.0298e-05 8.2144e-05 6.1552e-05 5.97006e-05 8.30903e-05 6.16912e-05 4.5453e-05 2.62131e-05 0.000242104 0.000119924 1.59281e-05 1.26409e-05
threshold=-0.5605283133619422 -0.0056603891642957775 15445882.000000002 1.2971099671830062 0.03087275268108625 78.474998474121108 0.025078338417018259 -0.00062445326441501459 0.2954696136742499 33675423.000000007 36.066388143572702 -2561011961.9999995 0.37715002509038703 0.010689696631576486 77.992068718847761 0.0040572455351036716 25180375.000000004 0.017448402028116667 -0.0076756549251172012 -1.0000000180025095e-35 -0.0010224835695099019 -158784572.49999997 -36735609.499999993 66.825000762939467 -1027035204.4999999 -0.0082466683456536745 0.011428573190047801 0.012806447164865564
decision_type=2 2 2 2 2 2 2 2 2 2 2 2 2 2 2 2 2 2 2 2 2 2 2 2 2 2 2 2
left_child=1 5 19 27 -5 23 7 -7 9 16 -11 -12 18 15 -15 -14 17 -2 -10 21 -21 -3 -18 24 -1 -25 -20 -4
right_child=8 2 3 4 -6 6 -8 -9 12 10 11 -13 13 14 -16 -17 22 -19 26 20 -22 -23 -24 25 -26 -27 -28 -29
leaf_value=0 -1.092607594488282e-05 2.6978411026158393e-05 2.9934077261906263e-06 6.6341275046823052e-05 0 -6.544698230672012e-05 0 0 0 0 0 -0.00015406606963328564 0 3.3360072921190854e-05 0 -3.1093806693668559e-05 2.5139617437185189e-05 8.5284103594681661e-07 0 -3.6796449769056252e-05 0 0 0 4.0255531960742031e-05 -9.1390567403500775e-05 0 5.1312311622676542e-05 -9.2406737954522802e-06
leaf_weight=62 964 87 106 172 28 91 24 20 21 35 31 28 684 210 253 173 118 312 46 89 103 32 32 81 26 41 77 122
leaf_count=62 964 87 106 172 28 91 24 20 21 35 31 28 684 210 253 173 118 312 46 89 103 32 32 81 26 41 77 122
internal_value=0 2.62092e-06 1.03309e-05 2.25072e-05 5.2204e-05 -5.19915e-06 -2.51213e-05 -4.60433e-05 -1.14178e-06 -6.03532e-06 -4.41739e-05 -8.7075e-05 1.88996e-06 0 1.05221e-05 -7.56963e-06 -1.41471e-06 -5.69521e-06 3.04111e-05 0 -1.54506e-05 8.13008e-06 1.49909e-05 0 -1.06638e-06 1.38707e-05 3.91487e-05 0
internal_weight=4068 1084 739 428 200 345 135 111 2984 1520 94 59 1464 1320 463 857 1426 1276 144 311 192 119 150 210 88 122 123 228
internal_count=4068 1084 739 428 200 345 135 111 2984 1520 94 59 1464 1320 463 857 1426 1276 144 311 192 119 150 210 88 122 123 228
is_linear=0
shrinkage=0.03


Tree=342
num_leaves=27
num_cat=0
split_feature=5 24 1 5 28 19 36 5 26 19 25 35 28 19 2 33 26 23 28 34 34 24 25 2 25 21
split_gain=1.26428e-05 6.0457e-05 0.000103944 0.000128882 8.93658e-05 7.02108e-05 6.12501e-05 4.48947e-05 9.54209e-05 0.000150436 0.000176126 4.66669e-05 0.000104915 0.000189924 0.000148272 9.91636e-05 8.62859e-05 4.0212e-05 4.47005e-05 3.92431e-05 3.19895e-05 3.94221e-05 2.65504e-05 1.32469e-05 1.07149e-06 5.89311e-07
threshold=12222302.000000002 -0.47589786597385697 80.625000000000014 11537152.000000002 -122137645.49999999 95.77500000000002 0.0027624005873672941 14458628.000000002 1.0048011110040587 94.090000152587905 -0.28673955711025345 0.0086138390032465279 41470116.500000007 82.465000152587905 86.924999237060561 -0.011074208055897426 0.95767596460126125 -0.16874278323400557 -2753500443.9999995 0.0073731929725872067 0.0071986210977605944 -0.61601320325650666 0.031677361551320317 84.075000762939467 0.17454807011840368 51.091666634877534
decision_type=2 2 2 2 2 2 2 2 2 2 2 2 2 2 2 2 2 2 2 2 2 2 2 2 2 2
left_child=1 2 20 6 17 23 -4 8 24 10 -10 15 14 -14 -13 -9 -17 19 -19 -3 21 -1 -11 -6 25 -2
right_child=7 4 3 -5 5 -7 -8 11 9 22 -12 12 13 -15 -16 16 -18 18 -20 -21 -22 -23 -24 -25 -26 -27
leaf_value=3.3549626320696329e-05 0 2.6724716426781341e-05 -7.5006499615124154e-05 0 0 0 0 0 0 0 -3.3857695385946177e-05 0 0 -4.3170425759566961e-05 2.3663381040531003e-05 0 -4.4245342015744116e-05 0 -1.3642044622359404e-05 0 0 0 3.4479347479863276e-05 5.7440517273228353e-05 0 5.5174663832406156e-06
leaf_weight=57 21 99 47 20 20 40 25 34 55 24 369 2011 99 120 325 31 103 80 220 22 54 35 20 66 22 49
leaf_count=57 21 99 47 20 20 40 25 34 55 24 369 2011 99 120 325 31 103 80 220 22 54 35 20 66 22 49
internal_value=0 3.28133e-06 -1.14954e-06 -3.19242e-05 1.06925e-05 3.36728e-05 -5.39505e-05 -9.4392e-07 -8.79556e-06 -1.66141e-05 -2.49783e-05 0 1.66355e-06 -1.5538e-05 4.56099e-06 -1.44149e-05 -3.04302e-05 0 -1.56111e-06 1.71117e-05 0 1.76805e-05 0 4.89339e-05 0 3.709e-06
internal_weight=4068 785 238 92 547 126 72 3283 560 468 424 2723 2555 219 2336 168 134 421 300 121 146 92 44 86 92 70
internal_count=4068 785 238 92 547 126 72 3283 560 468 424 2723 2555 219 2336 168 134 421 300 121 146 92 44 86 92 70
is_linear=0
shrinkage=0.03


Tree=343
num_leaves=27
num_cat=0
split_feature=27 30 34 0 5 25 35 26 29 22 0 5 23 31 36 23 28 5 5 28 36 27 25 0 31 23
split_gain=1.20276e-05 9.82349e-05 0.000117809 0.00021308 0.000157583 0.000110382 0.000200997 0.000378822 8.88215e-05 8.63047e-05 0.00033508 0.000185619 0.000144816 0.000137852 0.000108879 9.30916e-05 9.69053e-05 7.24096e-05 5.36263e-05 4.42285e-05 2.78427e-05 8.74291e-05 2.20706e-05 6.40783e-05 1.46474e-05 1.16001e-05
threshold=0.7558988578673963 74.644133773336875 0.035125380026232896 42.269647598266609 14207633.000000002 0.32179882832145074 0.021775442542086843 1.2358471825997703 79.87248847404949 55.531130241672223 40.409706115722663 13697809.000000002 0.87413570849230038 -0.010051583612842916 -0.010657615072921317 0.37715002509038703 -42911406.499999993 10845857.000000002 24230322.000000004 -2561011961.9999995 -0.003331689517728313 1.020428190835885 -0.004363056803829867 54.73260688781739 0.0060068042298656596 0.73628173700370791
decision_type=2 2 2 2 2 2 2 2 2 2 2 2 2 2 2 2 2 2 2 2 2 2 2 2 2 2
left_child=9 2 3 4 -2 6 7 -3 19 12 11 -11 15 -13 -14 16 -1 -17 -5 -4 25 -22 24 -24 -12 -7
right_child=1 5 8 18 -6 20 -8 -9 -10 10 22 13 14 -15 -16 17 -18 -19 -20 -21 21 -23 23 -25 -26 -27
leaf_value=3.3362470819689209e-06 0 0 0 -3.8542193329200952e-06 5.8213356107645745e-05 -1.6553464909835793e-05 0 -9.8654334448175596e-05 0 0 -1.2828777157511886e-05 0 0 -0.00010499070933143533 5.9079368994946802e-05 0 -1.5497634397327433e-05 -2.6535734405922001e-05 3.0281708812350099e-05 -6.4147866430653956e-05 2.6550926165274408e-05 0 3.8952544032994275e-05 0 0 0
leaf_weight=2072 56 121 21 218 157 38 38 64 31 34 80 20 36 61 65 21 267 213 49 29 148 65 51 35 27 51
leaf_count=2072 56 121 21 218 157 38 38 64 31 34 80 20 36 61 65 21 267 213 49 29 148 65 51 35 27 51
internal_value=0 2.66025e-06 1.28572e-05 2.03481e-05 4.28104e-05 -2.52315e-06 -2.1385e-05 -3.9096e-05 0 -1.02591e-06 -1.61955e-05 -5.76385e-05 0 -8.23095e-05 3.57528e-05 -6.54513e-07 0 -1.90421e-05 0 -3.99449e-05 1.47663e-06 1.09855e-05 0 1.51889e-05 0 0
internal_weight=4068 1086 561 480 213 525 223 185 81 2982 308 115 2674 81 101 2573 2339 234 267 50 302 213 193 86 107 89
internal_count=4068 1086 561 480 213 525 223 185 81 2982 308 115 2674 81 101 2573 2339 234 267 50 302 213 193 86 107 89
is_linear=0
shrinkage=0.03


Tree=344
num_leaves=24
num_cat=0
split_feature=22 22 5 5 0 22 22 25 28 26 25 23 36 25 29 25 26 23 29 0 5 5 23
split_gain=1.15606e-05 0.000201988 0.000225744 0.000282201 0.000144039 0.000135388 0.000223501 0.000242147 0.000137778 0.000159874 0.000102752 7.8077e-05 9.82356e-05 0.000146934 0.000145162 0.000100847 0.000238008 9.32244e-05 0.000135826 0.000115386 6.87111e-05 4.51871e-05 4.90778e-06
threshold=57.010888597430686 54.994491562474956 15529853.000000002 30704021.000000004 63.316967010498054 52.477616201891443 51.061238018365934 -0.18156847347379537 -3074559906.4999995 1.7140806437440521 0.19196333817179145 0.65818379966701823 0.0046670544334028088 0.22395386752039229 85.554795030199955 0.24398100308111173 1.311051052087298 0.3212746139204477 86.497814227078578 45.863304138183601 13420419.500000002 18566854.000000004 0.10471564646027788
decision_type=2 2 2 2 2 2 2 2 2 2 2 2 2 2 2 2 2 2 2 2 2 2 2
left_child=1 5 -3 4 -4 6 10 -8 -7 -10 -1 17 15 21 -15 20 -17 22 19 -19 -13 -14 -2
right_child=11 2 3 -5 -6 8 7 -9 9 -11 -12 12 13 14 -16 16 -18 18 -20 -21 -22 -23 -24
leaf_value=3.0110346356584538e-06 3.2860393093967898e-06 0 -9.6355858241566826e-05 0 0 0 0 -5.6533488635513801e-05 3.9887172297754114e-05 0 -2.2689873678829379e-05 1.1163259374843456e-05 -1.2803364009909549e-05 -6.0073991282187369e-05 0 0 5.5691934212767813e-05 6.0724934776847274e-05 0 0 -1.7658600417894652e-05 1.8356774032330108e-05 -6.2008403290551538e-06
leaf_weight=2074 81 111 83 24 22 24 28 132 243 72 143 68 71 94 49 98 102 105 31 64 171 86 92
leaf_count=2074 81 111 83 24 22 24 28 132 243 72 143 68 71 94 49 98 102 105 31 64 171 86 92
internal_value=0 -1.02547e-06 -2.77395e-05 -5.48162e-05 -7.81508e-05 2.31538e-07 -1.1444e-06 -3.57191e-05 1.87238e-05 2.77634e-05 0 2.56135e-06 0 -1.59879e-05 -3.82122e-05 5.16256e-06 2.26289e-05 1.44185e-05 2.84066e-05 4.09606e-05 0 0 0
internal_weight=4068 2956 240 129 105 2716 2377 160 339 315 2217 1112 739 300 143 439 200 373 200 169 239 157 173
internal_count=4068 2956 240 129 105 2716 2377 160 339 315 2217 1112 739 300 143 439 200 373 200 169 239 157 173
is_linear=0
shrinkage=0.03


Tree=345
num_leaves=15
num_cat=0
split_feature=24 24 31 25 26 32 34 36 36 25 36 26 26 25
split_gain=1.14785e-05 0.000107519 0.000133174 0.000201057 6.89767e-05 9.83977e-05 4.84885e-05 5.21135e-05 0.000101917 7.94888e-05 8.61034e-06 5.3286e-06 1.21515e-06 4.01695e-08
threshold=-1.5763246469278902 -1.145903695405831 -0.0025300067069304317 -0.14384025682222934 2.0866448540902796 0.0079598763633874654 -0.061710846132556278 -0.017066999861467692 -0.010973713643867693 -0.090482438596136472 -0.0064280242247655864 1.4412597430491043 1.2104864730550127 0.1188126648797023
decision_type=2 2 2 2 2 2 2 2 2 2 2 2 2 2
left_child=4 2 3 -2 11 -6 10 9 -9 -8 -3 12 -1 -5
right_child=1 6 -4 13 5 -7 7 8 -10 -11 -12 -13 -14 -15
leaf_value=0 -0.00010358361106769449 4.1319352112079269e-05 0 0 8.7209090682064381e-05 0 -3.9356557579537297e-05 1.8138471215969325e-05 -2.0767679702035666e-07 0 0 -1.093592346231325e-05 6.0277069014562012e-06 -1.2510173875451401e-06
leaf_weight=23 37 30 108 34 21 22 76 280 3225 99 20 40 30 23
leaf_count=23 37 30 108 34 21 22 76 280 3225 99 20 40 30 23
internal_value=0 -3.5412e-07 -2.19373e-05 -4.80342e-05 8.50187e-06 4.08485e-05 1.10152e-08 0 4.02501e-07 -1.6267e-05 2.95137e-05 0 0 0
internal_weight=4068 3932 202 94 136 43 3730 3680 3505 175 50 93 53 57
internal_count=4068 3932 202 94 136 43 3730 3680 3505 175 50 93 53 57
is_linear=0
shrinkage=0.03


Tree=346
num_leaves=26
num_cat=0
split_feature=23 30 29 30 0 32 23 0 26 3 27 22 22 25 30 22 22 5 22 22 21 5 0 23 5
split_gain=1.15613e-05 0.000126624 0.00022151 0.000156731 0.000127524 9.22846e-05 8.12123e-05 7.42575e-05 6.58977e-05 0.00020144 7.94545e-05 5.58442e-05 0.000132115 0.000222626 0.00023197 0.00011176 0.000341841 0.000188654 8.53733e-05 0.000137194 0.000122608 0.000112197 0.000154291 0.000102598 4.86776e-05
threshold=-0.73699131221007252 32.873527231833684 33.050682133432275 39.515379556776985 46.499315261840827 0.0021378893799217651 -0.95928127954920928 39.095605850219734 1.3363662724406165 79.575000762939467 0.23718979399006168 52.477616201891443 51.061238018365934 -0.18156847347379537 61.708509669868313 48.767705174455337 47.46174665291575 16213596.000000002 54.994491562474956 56.408338005143939 81.072916666666671 28503487.000000004 45.863304138183601 0.65818379966701823 23301978.500000004
decision_type=2 2 2 2 2 2 2 2 2 2 2 2 2 2 2 2 2 2 2 2 2 2 2 2 2
left_child=1 2 5 4 -3 24 -4 -7 10 -10 -5 12 15 -14 -15 16 -2 -17 21 20 -20 22 -13 -21 -1
right_child=11 3 6 8 -6 7 -8 -9 9 -11 -12 18 13 14 -16 17 -18 -19 19 23 -22 -23 -24 -25 -26
leaf_value=-1.6806603784434679e-05 0 7.6876301891950851e-05 -7.2958695000858041e-05 0 0 0 0 6.0389630809208763e-05 5.3096333975841673e-05 0 -2.4888969542155646e-05 4.1131032965022567e-05 0 -8.9969853445679299e-05 0 0 -5.0455016784474056e-05 4.4520114590500331e-05 -4.5059725502436424e-05 1.5251001881925639e-05 0 0 0 -1.3391090394122849e-06 0
leaf_weight=155 1023 63 52 46 24 33 30 41 84 74 121 190 28 71 56 146 139 113 113 409 61 31 112 764 89
leaf_count=155 1023 63 52 46 24 33 30 41 84 74 121 190 28 71 56 146 139 113 113 409 61 31 112 764 89
internal_value=0 3.13946e-06 -3.4912e-06 1.68561e-05 5.44408e-05 0 -4.98763e-05 3.34793e-05 0 1.87868e-05 -4.58164e-06 -8.58702e-07 -5.50318e-06 -3.27533e-05 -5.37171e-05 -4.17662e-07 -6.32235e-06 1.44873e-05 1.71273e-06 0 -2.61758e-05 1.56673e-05 2.45948e-05 1.88899e-06 0
internal_weight=4068 812 400 412 87 318 82 74 325 158 167 3256 1576 155 127 1421 1162 259 1680 1347 174 333 302 1173 244
internal_count=4068 812 400 412 87 318 82 74 325 158 167 3256 1576 155 127 1421 1162 259 1680 1347 174 333 302 1173 244
is_linear=0
shrinkage=0.03


Tree=347
num_leaves=25
num_cat=0
split_feature=5 0 23 26 35 26 33 32 28 32 32 3 31 25 4 32 24 33 24 34 30 34 24 5
split_gain=1.12232e-05 6.3913e-05 9.20069e-05 0.000107314 4.51562e-05 9.11679e-05 0.000116793 0.000155136 3.57286e-05 0.000206637 0.000225252 8.2309e-05 0.000243663 7.57453e-05 7.26585e-05 2.97486e-05 2.07412e-05 9.97085e-05 4.50543e-05 9.9243e-05 4.38239e-05 2.03988e-05 0.000107504 2.3302e-05
threshold=12395275.500000002 43.31294250488282 0.15328245847936731 1.0197784311047415 0.0091556114152277681 0.95767596460126125 -0.0092146710585883623 0.0049904666800744133 41470116.500000007 0.01917851400884674 -0.0072809557864744736 85.924999237060561 0.006499251830309861 0.30147309933323935 85.02500152587892 -0.0074626461056775941 0.29943398755520734 -0.0074704468999237097 -0.47589786597385697 -0.0023945956969808608 77.830873267024188 0.006811162230454638 -0.12005298364240799 10737158.000000002
decision_type=2 2 2 2 2 2 2 2 2 2 2 2 2 2 2 2 2 2 2 2 2 2 2 2
left_child=1 2 21 -4 5 -2 -7 -8 11 10 -10 14 -13 -11 -6 -5 18 -18 19 -3 -20 22 -1 -23
right_child=4 16 3 15 8 6 7 -9 9 13 -12 12 -14 -15 -16 -17 17 -19 20 -21 -22 23 -24 -25
leaf_value=2.8603468319144512e-05 0 -4.2176594628517612e-05 0 0 3.7966206554904191e-07 0 -6.4431960180618168e-05 0 0 5.1067612580436752e-05 -5.9403296002992645e-05 0 5.0860871914270741e-05 0 -2.2992567376048375e-05 5.4276046964957727e-05 0 -3.9608187555221243e-05 2.1609548868575701e-05 0 0 -2.5357298051154058e-05 0 0
leaf_weight=130 71 52 25 26 2184 58 89 83 85 30 115 260 115 22 123 92 54 69 164 78 23 46 41 33
leaf_count=130 71 52 25 26 2184 58 89 83 85 30 115 260 115 22 123 92 54 69 164 78 23 46 41 33
internal_value=0 3.02672e-06 1.28741e-05 3.21553e-05 -8.73576e-07 -1.19655e-05 -2.33225e-05 -3.6579e-05 0 -1.04985e-05 -3.1885e-05 1.27638e-06 1.44616e-05 1.40789e-05 0 4.55043e-05 0 -1.23143e-05 0 -5.08209e-06 1.40984e-05 0 7.52506e-06 -1.04695e-05
internal_weight=4068 833 393 143 3235 301 230 172 2934 252 200 2682 375 52 2307 118 440 123 317 130 187 250 171 79
internal_count=4068 833 393 143 3235 301 230 172 2934 252 200 2682 375 52 2307 118 440 123 317 130 187 250 171 79
is_linear=0
shrinkage=0.03


Tree=348
num_leaves=31
num_cat=0
split_feature=23 36 5 26 34 1 35 31 2 26 26 31 35 23 23 26 23 2 35 35 25 22 31 24 28 19 2 36 35 36
split_gain=1.11587e-05 8.26305e-05 0.00014109 0.000332824 0.000223642 8.55325e-05 0.000166186 0.0001677 6.47142e-05 0.000129663 0.00021363 0.000406507 0.000372402 7.55006e-05 0.000161817 0.000452327 0.000153073 0.000142467 0.000106153 6.63353e-05 0.000112634 9.77887e-05 5.47989e-05 8.82292e-05 5.88841e-05 3.0854e-05 0.00013828 6.78647e-05 1.19421e-05 8.20674e-06
threshold=-0.5605283133619422 -0.0056603891642957775 15351823.500000002 1.2971099671830062 0.03087275268108625 78.52500152587892 0.025078338417018259 -0.00062445326441501459 78.375000000000014 1.2104864730550127 1.6123652999936402 -0.01164344308599846 0.014851939122983691 0.024248300270194537 0.2954696136742499 1.5450496627650929 -0.33208142534981272 86.325000762939467 0.010648377106047059 0.015451879117490871 0.1188126648797023 56.408338005143939 -1.0000000180025095e-35 -0.46688355388423375 -158784572.49999997 69.925001525878926 51.625000000000007 -0.0082466683456536745 0.012806447164865564 -0.0083289556557893264
decision_type=2 2 2 2 2 2 2 2 2 2 2 2 2 2 2 2 2 2 2 2 2 2 2 2 2 2 2 2 2 2
left_child=1 5 22 28 -5 25 7 -7 9 19 12 -12 -11 16 15 -15 29 -18 -16 21 -21 -2 24 -24 -3 26 -1 -27 -4 -10
right_child=8 2 3 4 -6 6 -8 -9 13 10 11 -13 -14 14 18 -17 17 -19 -20 20 -22 -23 23 -25 -26 27 -28 -29 -30 -31
leaf_value=1.0297397469708705e-07 -1.5525483358952057e-05 2.6313225805925363e-05 3.3751074707351254e-06 6.3842844715300532e-05 0 -6.4668164329752346e-05 0 0 0 0 7.3871262811288938e-05 -1.3890848999578728e-05 -4.7934077002866064e-05 0 -9.5454891342988037e-06 -9.3648242311448679e-05 4.5700980896737803e-05 0 1.1549883024713892e-05 2.9598877183415148e-05 0 5.3759586301246586e-06 -2.6875145150396882e-05 0 0 3.5857665138140555e-05 -4.2134786037601646e-05 0 -8.8029643082855051e-06 -7.5059424522245923e-06
leaf_weight=33 378 87 106 172 28 92 24 20 30 174 61 168 304 128 193 62 163 100 645 175 115 157 168 23 32 69 70 37 123 131
leaf_count=33 378 87 106 172 28 92 24 20 30 174 61 168 304 128 193 62 163 100 645 175 115 157 168 23 32 69 70 37 123 131
internal_value=0 2.53702e-06 9.98327e-06 2.16239e-05 4.99968e-05 -4.7182e-06 -2.4941e-05 -4.57107e-05 -1.01348e-06 -5.96955e-06 -1.55644e-05 0 -2.75759e-05 2.14973e-06 0 -2.68965e-05 1.32682e-05 2.84148e-05 3.11132e-06 0 1.33927e-05 -3.7855e-06 0 -1.48264e-05 7.83493e-06 0 0 1.61778e-05 0 0
internal_weight=4068 1084 739 429 200 345 136 112 2984 1532 707 229 478 1452 1028 190 424 263 838 825 290 535 310 191 119 209 103 106 229 161
internal_count=4068 1084 739 429 200 345 136 112 2984 1532 707 229 478 1452 1028 190 424 263 838 825 290 535 310 191 119 209 103 106 229 161
is_linear=0
shrinkage=0.03


Tree=349
num_leaves=25
num_cat=0
split_feature=29 29 33 25 4 20 33 34 29 34 22 34 25 34 34 35 0 28 35 26 36 29 0 0
split_gain=1.1093e-05 0.000191859 0.000248645 0.000102073 0.000103964 0.000356949 7.76937e-05 0.000101725 7.68429e-05 0.000167433 0.000157292 6.09223e-05 6.00161e-05 0.000148477 0.000128089 5.13354e-05 9.86037e-05 0.000163825 9.42561e-05 0.000146361 5.05462e-05 2.49335e-05 8.43479e-05 8.22444e-06
threshold=56.852836055348853 60.533135584348337 -0.010193111243337492 0.012918762554533949 96.174999237060561 100.01749916076662 -0.0020640197856798821 0.00063979810459036124 34.029228135447617 -0.0092640526669062733 45.249077978981724 -0.0027035751971918871 -0.041460263405958937 -0.0061798253430740959 -0.012089187138688005 0.012872848992628172 42.104167938232429 -541212361.49999988 0.010949948772875676 1.1057458590725819 0.01668119409705637 21.541457528706903 35.429193496704109 37.356622695922859
decision_type=2 2 2 2 2 2 2 2 2 2 2 2 2 2 2 2 2 2 2 2 2 2 2 2
left_child=3 2 -2 4 12 -6 -4 -8 21 10 -10 -11 13 -1 -14 18 17 -17 23 -20 -18 -5 -23 -3
right_child=1 15 6 8 5 -7 7 -9 9 11 -12 -13 14 -15 -16 16 20 -19 19 -21 -22 22 -24 -25
leaf_value=-5.3579189967558295e-08 -0.00013812818283643306 -1.0515562339759088e-06 6.6212515367103421e-06 1.0070427632014294e-05 -0.00014054507498797113 0 0 -4.6148379202330668e-05 0 -4.8936224651401472e-06 9.0823298092460513e-05 1.377756657298745e-05 0 2.0558907325669941e-05 -3.3032633203763469e-05 0 0 3.2637475717928489e-05 0 -4.1737154042046158e-05 -2.5845921356313029e-05 -5.2988160136112258e-05 0 5.0647929615312671e-06
leaf_weight=1098 21 80 35 81 21 57 29 75 25 81 55 282 77 342 145 202 425 249 60 134 68 32 109 285
leaf_count=1098 21 80 35 81 21 57 29 75 25 81 55 282 77 342 145 202 425 249 60 134 68 32 109 285
internal_value=0 -1.91852e-06 -3.34181e-05 1.26723e-06 -1.06267e-06 -3.49744e-05 0 -2.56305e-05 1.18733e-05 1.91751e-05 6.2506e-05 1.34888e-06 0 2.75979e-06 -1.39217e-05 0 5.55725e-06 1.61667e-05 -5.52148e-06 -2.29099e-05 0 0 -1.00373e-05 0
internal_weight=4068 1663 160 2405 1740 78 139 104 665 443 80 363 1662 1440 222 1503 944 451 559 194 493 222 141 365
internal_count=4068 1663 160 2405 1740 78 139 104 665 443 80 363 1662 1440 222 1503 944 451 559 194 493 222 141 365
is_linear=0
shrinkage=0.03


Tree=350
num_leaves=18
num_cat=0
split_feature=28 19 19 5 25 21 26 21 20 28 23 36 23 35 36 33 26
split_gain=1.13132e-05 0.000105329 0.00036271 0.000240561 7.27542e-05 8.30936e-05 5.55563e-05 4.53777e-05 0.000162309 0.00022285 0.000141423 0.000214931 8.25318e-05 4.60665e-05 4.46503e-05 1.48852e-05 3.86827e-06
threshold=-3182351017.4999995 52.679999923706063 51.450000381469735 20778510.000000004 -0.077121225524028683 47.270000108083096 1.1421370106607402 63.41541630427043 65.671250057220476 -2904959859.9999995 1.1732338745683111 -0.013405180887726596 -1.622852727614198 0.022560238129476277 -0.009011704855945107 -0.0043995394953917346 0.72947496589014316
decision_type=2 2 2 2 2 2 2 2 2 2 2 2 2 2 2 2 2
left_child=14 2 4 -4 6 -6 -2 10 9 -9 11 -3 -10 -12 -1 16 -16
right_child=1 7 3 -5 5 -7 -8 8 12 -11 13 -13 -14 -15 15 -17 -18
leaf_value=0 0 0 0 -0.000138891041474037 0 -2.9646797569756184e-05 4.9247040195610069e-05 0 2.33757257374131e-05 -4.7978384360928583e-05 -3.5938598785688656e-05 4.1481149428879147e-05 0 0 0 0 3.5712134765953557e-05
leaf_weight=31 32 38 21 33 23 114 37 46 138 150 32 210 2897 51 23 140 52
leaf_count=31 32 38 21 33 23 114 37 46 138 150 32 210 2897 51 23 140 52
internal_value=0 -4.57258e-07 -1.91695e-05 -8.83216e-05 0 -1.36385e-05 2.40528e-05 6.69017e-08 -1.35245e-07 -2.7188e-05 1.11003e-05 2.60281e-05 6.2422e-07 0 6.17459e-06 1.51803e-05 2.89553e-05
internal_weight=4068 3822 260 54 206 137 69 3562 3231 196 331 248 3035 83 246 215 75
internal_count=4068 3822 260 54 206 137 69 3562 3231 196 331 248 3035 83 246 215 75
is_linear=0
shrinkage=0.03


Tree=351
num_leaves=28
num_cat=0
split_feature=5 0 23 26 35 22 31 25 31 31 26 5 31 35 30 32 23 31 5 29 29 5 28 1 26 30 5
split_gain=1.10209e-05 5.88252e-05 8.39403e-05 0.000102642 4.16449e-05 9.53719e-05 0.000253282 7.10234e-05 6.16104e-05 0.000293454 0.000212497 0.000256256 0.000250418 0.000208556 8.24673e-05 2.70488e-05 1.82416e-05 4.55026e-05 1.78713e-05 7.33716e-05 9.68421e-05 2.53098e-05 1.40663e-05 0.000120532 1.19927e-05 6.15971e-06 2.30741e-06
threshold=12395275.500000002 43.31294250488282 0.15328245847936731 1.0197784311047415 0.010648377106047059 45.587509785197248 -0.0071856977927744472 0.12197877358902244 -0.0073332839827131005 -0.0053026999689233514 1.7714278150303888 23708659.500000004 -0.010738188960057236 0.014705894727607759 25.707063350087939 -0.0074626461056775941 -0.099489159216439291 0.00060956539931755771 9045723.0000000019 24.835628807731378 67.589639142895379 7336101.5000000009 -155693167.99999997 77.674999237060561 0.97065795604832206 27.652589752272572 10960284.500000002
decision_type=2 2 2 2 2 2 2 2 2 2 2 2 2 2 2 2 2 2 2 2 2 2 2 2 2 2 2
left_child=1 2 16 -4 5 22 -7 -8 10 13 11 -6 -12 -10 -11 -5 17 -1 21 26 -21 -3 23 -2 -23 -24 -20
right_child=4 18 3 15 8 6 7 -9 9 14 12 -13 -14 -15 -16 -17 -18 -19 19 20 -22 24 25 -25 -26 -27 -28
leaf_value=2.0286614907765692e-05 0 0 0 0 1.5886173261034609e-05 -0.00010182609306274547 -2.3166795529113431e-05 0 0 1.4338994129318719e-05 5.6898717498990068e-05 -2.3798427578501178e-05 0 -6.8873656463682705e-05 -1.5740216841932855e-06 5.2394450446215369e-05 -1.3698752921775394e-05 0 0 -3.3808102901263355e-05 0 0 -1.5838175195024859e-05 3.8180446813105975e-05 2.3440651507780856e-05 0 7.382806740686528e-06
leaf_weight=116 103 48 25 26 348 34 119 160 74 344 143 252 34 97 1401 92 51 83 32 148 93 20 22 83 61 21 38
leaf_count=116 103 48 25 26 348 34 119 160 74 344 143 252 34 97 1401 92 51 83 32 148 93 20 22 83 61 21 38
internal_value=0 3.02438e-06 1.24123e-05 3.08407e-05 -8.42915e-07 -8.56617e-06 -2.00298e-05 0 0 -2.14215e-06 7.74852e-06 0 3.66515e-05 -3.99372e-05 0 4.39851e-05 0 5.85624e-06 0 -7.19033e-06 -1.84553e-05 0 0 8.24779e-06 1.67593e-05 0 0
internal_weight=4068 833 393 143 3235 542 313 279 2693 1916 777 600 177 171 1745 118 250 199 440 311 241 129 229 186 81 43 70
internal_count=4068 833 393 143 3235 542 313 279 2693 1916 777 600 177 171 1745 118 250 199 440 311 241 129 229 186 81 43 70
is_linear=0
shrinkage=0.03


Tree=352
num_leaves=27
num_cat=0
split_feature=28 28 34 23 31 29 5 5 34 4 21 29 4 30 25 25 32 26 35 31 30 26 32 23 2 32
split_gain=1.13499e-05 7.6455e-05 0.000237176 0.000227179 0.000270633 9.34312e-05 5.21603e-05 9.66683e-05 0.000141813 0.000149902 9.39541e-05 6.9393e-05 6.16937e-05 5.81851e-05 4.56773e-05 0.000219218 0.000280842 0.000119453 6.65477e-05 0.00024298 8.57689e-05 4.43366e-05 5.9151e-05 3.53878e-05 1.28919e-05 1.62629e-07
threshold=-2436328310.9999995 -655057180.49999988 -0.018127976248897722 -0.88931470713896477 0.012771859842646173 17.431246041171963 15707166.000000002 18368764.000000004 0.022319170010012605 83.724998474121108 48.774583466847744 68.676593270000822 57.049999237060554 39.234705090609005 -0.090482438596136472 -0.20167157520656878 0.0018524426428553344 1.1220623764454247 0.017761923883053029 0.013823521393583895 63.108039649333847 0.80793779858730796 -0.013719616675474054 -0.68917530017429118 54.774999618530281 0.0085733200877342614
decision_type=2 2 2 2 2 2 2 2 2 2 2 2 2 2 2 2 2 2 2 2 2 2 2 2 2 2
left_child=6 2 5 24 -5 23 11 8 9 -8 13 21 -12 -9 15 17 -17 -3 20 -20 -16 -1 -23 -2 -4 -13
right_child=1 14 3 4 -6 -7 7 10 -10 -11 12 25 -14 -15 18 16 -18 -19 19 -21 -22 22 -24 -25 -26 -27
leaf_value=0 -3.0122731294150609e-05 -2.9028901930368387e-05 2.194177467546027e-05 -8.9287839494137482e-05 0 4.8945613006618902e-05 -5.0627363035779588e-05 0 0 0 -1.2923199479247925e-05 -1.4347789981274722e-06 5.878141628656018e-06 5.0900206249756583e-05 7.8163931622232226e-06 0 -6.9263070032843569e-05 9.8475095916551494e-06 3.1681838650613511e-05 -4.495592175421209e-06 -8.9497824990382999e-06 0 2.9551253435377768e-05 0 0 0
leaf_weight=65 35 65 24 92 29 35 134 28 28 32 244 71 427 55 571 183 98 547 295 124 528 22 239 28 30 39
leaf_count=65 35 65 24 92 29 35 134 28 28 32 244 71 427 55 571 183 98 547 295 124 528 22 239 28 30 39
internal_value=0 -1.21331e-06 -1.63225e-05 -4.04302e-05 -6.36542e-05 0 2.1273e-06 0 -2.04499e-05 -3.54556e-05 2.78036e-06 1.10457e-05 0 3.29804e-05 0 -4.84595e-06 -2.78396e-05 8.13251e-07 3.64203e-06 1.38187e-05 0 1.8833e-05 2.44091e-05 0 0 0
internal_weight=4068 2684 273 175 121 98 1384 948 194 166 754 436 671 83 2411 893 281 612 1518 419 1099 326 261 63 54 110
internal_count=4068 2684 273 175 121 98 1384 948 194 166 754 436 671 83 2411 893 281 612 1518 419 1099 326 261 63 54 110
is_linear=0
shrinkage=0.03


Tree=353
num_leaves=26
num_cat=0
split_feature=34 32 32 26 30 1 4 0 30 28 24 34 35 31 30 34 31 34 0 23 25 5 36 5 23
split_gain=1.13635e-05 8.37873e-05 0.000326635 0.000344076 7.80288e-05 0.000258559 0.000217873 0.000133371 0.000114828 0.00018131 0.000195615 0.000118034 0.000108126 0.0001072 7.88148e-05 0.000126056 7.43054e-05 0.000388259 0.00025481 0.00019474 8.2597e-05 4.05531e-05 6.34337e-06 2.92668e-05 2.62558e-06
threshold=-0.0010224835695099019 0.012024647487814068 0.017449120009166656 1.3003061616296463 46.199263699098687 64.649997711181655 95.174999237060561 62.595575332641609 56.61880146305483 -557960180.99999988 -0.46688355388423375 0.003024804578521834 0.010949948772875676 -0.0053026999689233514 40.925901070291083 0.0056883080504055447 -0.024556694532105291 -0.045013871229467921 42.104167938232429 -1.8416742168631826 0.002936502137675379 17893407.500000004 0.015663098695922237 18730471.000000004 0.77684028445322195
decision_type=2 2 2 2 2 2 2 2 2 2 2 2 2 2 2 2 2 2 2 2 2 2 2 2 2
left_child=1 16 3 -3 5 14 7 -7 9 24 -11 12 -10 -13 15 -2 17 -1 -19 21 -21 -18 23 -4 -6
right_child=4 2 22 -5 8 6 -8 -9 11 10 -12 13 -14 -15 -16 -17 19 18 -20 20 -22 -23 -24 -25 -26
leaf_value=0 0 0 0 -0.00013406765894042179 4.7416849441743781e-06 5.7141562134024205e-05 0 0 0 0 -6.6000269215947554e-05 -1.81541214019e-05 4.9685539376475168e-05 3.7201792927381276e-06 0 -7.3027113658643685e-05 0 -0.00013713219961120071 0 -4.1719827509526151e-06 1.1213696190677306e-05 8.6183167523560438e-05 0 3.0657117469427429e-05 0
leaf_weight=39 43 33 27 38 105 190 21 46 30 63 100 248 85 1063 38 35 29 34 34 1243 419 29 22 34 20
leaf_count=39 43 33 27 38 105 190 21 46 30 63 100 248 85 1063 38 35 29 34 34 1243 419 29 22 34 20
internal_value=0 -1.70604e-06 -2.29514e-05 -7.26383e-05 1.46199e-06 1.41485e-05 3.44195e-05 4.60499e-05 0 -1.83308e-05 -3.99252e-05 2.14124e-06 3.13009e-05 0 -4.91349e-06 -3.07266e-05 0 -2.41566e-05 -7.77747e-05 1.59534e-06 0 5.56055e-05 0 9.66631e-06 0
internal_weight=4068 1981 154 71 2087 373 257 236 1714 288 163 1426 115 1311 116 78 1827 107 68 1720 1662 58 83 61 125
internal_count=4068 1981 154 71 2087 373 257 236 1714 288 163 1426 115 1311 116 78 1827 107 68 1720 1662 58 83 61 125
is_linear=0
shrinkage=0.03


Tree=354
num_leaves=17
num_cat=0
split_feature=28 19 19 5 22 24 23 31 34 23 27 21 33 31 21 5
split_gain=1.12758e-05 9.29109e-05 0.000344635 0.0001327 8.15114e-05 0.000201114 9.37897e-05 4.58449e-05 0.00018851 0.00023991 0.000145258 0.000112031 8.22915e-05 7.78833e-05 2.45207e-05 2.85009e-05
threshold=-3182351017.4999995 52.679999923706063 51.660000228881842 24342067.000000004 40.230295080840193 -0.72274407308226352 -0.76330487162331895 0.015049287226234666 0.013109290017823462 -0.57690713336812027 0.91420773680865142 63.41541630427043 -0.01385908959190396 0.0099607786993819464 50.779583390553803 17820688.500000004
decision_type=2 2 2 2 2 2 2 2 2 2 2 2 2 2 2 2
left_child=14 2 4 -4 6 -6 -2 11 9 -9 -10 12 -3 -13 15 -1
right_child=1 7 3 -5 5 -7 -8 8 10 -11 -12 13 -14 -15 -16 -17
leaf_value=0 5.9784975049133667e-05 0 0 -0.00015609029963252824 -9.0405139536864443e-05 0 0 0 3.4493310361824392e-05 -7.4362381894943488e-05 -1.1670307530096344e-05 -1.3096514809983894e-06 3.1567218145136569e-05 1.592891947387609e-05 0 2.6677304943333499e-05
leaf_weight=81 35 82 23 21 26 122 33 50 95 75 129 2686 187 258 85 80
leaf_count=81 35 82 23 21 26 122 33 50 95 75 129 2686 187 258 85 80
internal_value=0 -4.74967e-07 -1.80224e-05 -9.45995e-05 0 -1.47715e-05 2.45504e-05 0 -9.22484e-06 -3.99206e-05 0 1.89619e-06 2.04357e-05 0 6.14269e-06 1.39509e-05
internal_weight=4068 3822 260 44 216 148 68 3562 349 125 224 3213 269 2944 246 161
internal_count=4068 3822 260 44 216 148 68 3562 349 125 224 3213 269 2944 246 161
is_linear=0
shrinkage=0.03


Tree=355
num_leaves=30
num_cat=0
split_feature=28 31 28 26 28 0 1 36 22 30 35 1 31 32 31 26 22 35 5 26 27 3 36 0 26 30 29 30 4
split_gain=1.0494e-05 7.00467e-05 0.000185641 0.000559083 0.000232187 0.00019522 0.000191532 0.000171694 0.000301111 0.000391214 0.000146109 0.000122341 0.000122005 5.83293e-05 5.03757e-05 9.67486e-05 0.000229514 8.79506e-05 0.000172635 0.00013667 5.54919e-05 4.74001e-05 3.38232e-05 5.99912e-05 1.25221e-05 4.64173e-06 4.0645e-06 4.61711e-05 3.75354e-05
threshold=-2436328310.9999995 0.0026221650140764168 -107238732.49999999 1.3868345536852849 -40053310.499999993 41.867162704467781 87.174999237060561 0.0042720133600705583 56.694505113596811 17.846446405723253 0.013640333691556728 82.27500152587892 -0.0016025712301477311 0.0079598763633874654 0.002921713440476315 1.3213736457071461 65.254792303962645 0.017965070115139228 40992717.500000007 1.1111770042673805 0.27573500832995895 84.27500152587892 0.0059155890340512668 73.658248901367202 1.4643705699189764 59.156029113849137 77.02743867219327 36.401371285555747 77.02500152587892
decision_type=2 2 2 2 2 2 2 2 2 2 2 2 2 2 2 2 2 2 2 2 2 2 2 2 2 2 2 2 2
left_child=14 7 3 21 5 -4 -5 10 9 -9 11 -2 -12 -6 17 26 20 22 19 -19 -17 -3 23 -1 -10 -20 27 -16 -28
right_child=1 2 4 6 13 -7 -8 8 24 -11 12 -13 -14 -15 15 16 -18 18 25 -21 -22 -23 -24 -25 -26 -27 28 -29 -30
leaf_value=1.4776860374839465e-05 -2.3497614761858436e-05 5.8870963802392944e-06 0 -6.4977808524460407e-05 0 8.3046383663319678e-05 0 0 0 8.0261205845371343e-05 0 0 3.5127073451000671e-05 -1.717156934306944e-05 0 0 0 0 1.1407980306681118e-05 -5.3010282298594402e-05 6.5459668160327452e-05 -2.4402316946893211e-05 0 0 -2.2087905634581647e-05 0 -2.4679096986509775e-05 1.5954541705024052e-05 0
leaf_weight=414 386 370 39 214 117 56 25 21 22 121 690 258 112 180 101 20 21 58 32 125 92 50 34 195 23 26 56 176 34
leaf_count=414 386 370 39 214 117 56 25 21 22 121 690 258 112 180 101 20 21 58 32 125 92 50 34 195 23 26 56 176 34
internal_value=0 -1.17661e-06 -7.81363e-06 -1.86155e-05 2.69464e-06 4.71264e-05 -5.53146e-05 1.2582e-06 2.89692e-05 5.48824e-05 -2.52663e-07 -1.26502e-05 5.96261e-06 -1.431e-06 2.03444e-06 1.01051e-05 3.2216e-05 0 -1.74205e-05 -3.53294e-05 5.54523e-05 0 3.05144e-06 7.73355e-06 0 0 0 3.43618e-06 -2.07046e-06
internal_weight=4068 2684 1051 659 392 95 239 1633 187 142 1446 644 802 297 1384 500 133 884 241 183 112 420 643 609 45 58 367 277 90
internal_count=4068 2684 1051 659 392 95 239 1633 187 142 1446 644 802 297 1384 500 133 884 241 183 112 420 643 609 45 58 367 277 90
is_linear=0
shrinkage=0.03


Tree=356
num_leaves=29
num_cat=0
split_feature=34 27 35 25 26 30 25 32 23 23 30 0 34 20 27 22 25 35 34 21 27 34 5 31 19 30 21 30
split_gain=1.07279e-05 0.000106568 0.000224167 0.00027092 0.000227814 0.000183804 0.000179123 7.05059e-05 0.000105232 9.47702e-05 9.11987e-05 0.000153242 6.23666e-05 0.000122259 0.00015585 0.00024743 4.94377e-05 0.000202964 0.0002021 0.00012218 0.000111473 0.000153253 5.02799e-05 2.29454e-05 2.19867e-05 8.76611e-06 2.06791e-06 1.91572e-07
threshold=0.016471645443034592 0.89477545326882524 0.013841967044745796 0.3429200453248169 1.4763037675170751 40.416909289166561 0.13614204270958871 0.02912624844304024 0.3212746139204477 1.0706607089976219 79.689788363353003 62.595575332641609 0.0098662489447066699 84.890000343322768 0.75215510233160543 42.71667048743911 0.002936502137675379 0.014756981933887369 -0.022614434936039481 86.945416641235354 0.38359416578139083 0.00077285627037382298 50171193.000000007 0.0044505232147087357 73.869999694824244 82.227973184388233 74.558333269755067 87.293344313035064
decision_type=2 2 2 2 2 2 2 2 2 2 2 2 2 2 2 2 2 2 2 2 2 2 2 2 2 2 2 2
left_child=12 2 4 5 24 -4 -6 10 -9 -10 11 -3 16 14 15 -14 20 19 -19 -18 22 -22 -1 -15 -2 -5 -16 -12
right_child=1 7 3 25 6 -7 -8 8 9 -11 27 -13 13 23 26 -17 17 18 -20 -21 21 -23 -24 -25 -26 -27 -28 -29
leaf_value=0 0 -4.7006995447280497e-05 0 -1.3854913375286013e-05 -0.00011173725498122517 5.3828487747589049e-05 0 0 6.5427046056810284e-05 0 1.319016697457083e-06 0 0 0 2.3830867835338549e-06 -6.4950029556443955e-05 2.5598590807615854e-05 3.3769870251335758e-05 -1.9560785286758098e-05 0 -3.0264209185408545e-05 0 4.3332138858955399e-05 2.2981627746299826e-05 1.5373207151678532e-05 0 -4.5625140147778788e-06 0
leaf_weight=1369 68 131 22 41 29 244 27 33 42 33 99 35 24 41 67 126 487 53 340 49 270 109 24 39 96 27 71 72
leaf_count=1369 68 131 22 41 29 244 27 33 42 33 99 35 24 41 67 126 487 53 340 49 270 109 24 39 96 27 71 72
internal_value=0 2.61205e-06 1.31817e-05 2.9867e-05 0 4.51253e-05 -6.00221e-05 -3.80652e-06 1.41163e-06 3.55524e-05 -1.43782e-05 -3.02277e-05 -9.61691e-07 -1.26569e-05 -2.422e-05 -4.53917e-05 0 6.16884e-06 -4.7302e-06 1.97555e-05 -2.27075e-06 -1.69925e-05 0 0 4.22102e-06 0 0 0
internal_weight=4068 999 554 334 220 266 56 445 108 75 337 166 3069 368 288 150 2701 929 393 536 1772 379 1393 80 164 68 138 171
internal_count=4068 999 554 334 220 266 56 445 108 75 337 166 3069 368 288 150 2701 929 393 536 1772 379 1393 80 164 68 138 171
is_linear=0
shrinkage=0.03


Tree=357
num_leaves=26
num_cat=0
split_feature=22 22 32 31 0 22 22 25 28 26 25 23 36 25 29 32 31 23 29 0 35 33 23 32 32
split_gain=1.03314e-05 0.000179103 0.000119152 0.000136032 0.000155784 0.000113631 0.00019008 0.000219153 0.000127577 0.000148233 9.48979e-05 6.97177e-05 9.01352e-05 0.00013522 0.000133004 0.00011524 8.89567e-05 8.51551e-05 0.000129415 0.000107949 2.96339e-05 1.46432e-05 4.65577e-06 1.99198e-05 3.52712e-07
threshold=57.010888597430686 54.994491562474956 -0.00716041713224047 0.017520397396211255 54.281652450561531 52.477616201891443 51.061238018365934 -0.18156847347379537 -3074559906.4999995 1.7140806437440521 0.19196333817179145 0.65818379966701823 0.0046670544334028088 0.22395386752039229 85.554795030199955 0.0097071131900863267 0.00060956539931755771 0.3212746139204477 86.497814227078578 45.863304138183601 0.02357530813648229 0.0055607186560908692 0.10471564646027788 0.024924262864388206 0.016340746751078331
decision_type=2 2 2 2 2 2 2 2 2 2 2 2 2 2 2 2 2 2 2 2 2 2 2 2 2
left_child=1 5 -3 4 -4 6 10 -8 -7 -10 -1 17 15 20 -15 21 -17 22 19 -19 -14 -13 24 -24 -2
right_child=11 2 3 -5 -6 8 7 -9 9 -11 -12 12 13 14 -16 16 -18 18 -20 -21 -22 -23 23 -25 -26
leaf_value=2.8354750129144311e-06 0 0 -6.3108187584396332e-05 0 0 0 0 -5.2995196693403823e-05 3.7826299976683874e-05 0 -2.1916002326667411e-05 0 -3.7354804441685065e-06 -5.7569234891601379e-05 0 0 5.1929894780666516e-05 5.8467032348018356e-05 0 0 2.3594069030825582e-05 -1.0891378742639976e-05 0 -2.9199756271450723e-05 4.7371788184616043e-06
leaf_weight=2074 35 38 134 22 46 24 28 132 243 72 143 216 112 94 49 40 72 105 31 64 45 111 67 25 46
leaf_count=2074 35 38 134 22 46 24 28 132 243 72 143 216 112 94 49 40 72 105 31 64 45 111 67 25 46
internal_value=0 -1.01375e-06 -2.61513e-05 -3.66482e-05 -4.67647e-05 1.03891e-07 -1.06413e-06 -3.29446e-05 1.71387e-05 2.60864e-05 0 2.3726e-06 0 -1.53235e-05 -3.66451e-05 4.92614e-06 3.19416e-05 1.35998e-05 2.6979e-05 3.93711e-05 0 0 0 -6.14086e-06 2.97354e-06
internal_weight=4068 2956 240 202 180 2716 2377 160 339 315 2217 1112 739 300 143 439 112 373 200 169 157 327 173 92 81
internal_count=4068 2956 240 202 180 2716 2377 160 339 315 2217 1112 739 300 143 439 112 373 200 169 157 327 173 92 81
is_linear=0
shrinkage=0.03


Tree=358
num_leaves=29
num_cat=0
split_feature=33 0 29 27 25 31 0 29 26 24 31 36 28 36 34 36 29 30 30 0 29 26 35 0 35 29 31 33
split_gain=1.01524e-05 6.33517e-05 0.000161373 0.000156314 0.000213202 0.000144497 0.000167165 0.000120016 0.000144177 0.000217248 6.07609e-05 0.000185058 0.000402416 0.000198033 0.000183534 0.000163352 0.000204654 0.000210595 0.000156956 7.84227e-05 6.21556e-05 5.9504e-05 5.28871e-05 0.000154706 0.000111787 4.96055e-05 9.6483e-06 6.33148e-06
threshold=1.0000000180025095e-35 38.459785461425788 44.827682973111123 0.4461207359476671 -0.32169535286634249 -0.0027173921070781644 54.281652450561531 42.803200850615305 1.1793206169297694 0.95720775335840846 -0.0068969324168187121 -0.0047045169454450943 -299637442.49999994 -0.0166666757492792 -0.0010224835695099019 -0.005153146468584717 17.067676844872199 35.076005477476109 16.122789360007289 39.541013717651374 39.414404567446745 1.1685485181168616 0.024163225849861681 50.451776504516609 0.020710039191842788 31.89948615535744 0.0032425228742700711 0.008917556776916637
decision_type=2 2 2 2 2 2 2 2 2 2 2 2 2 2 2 2 2 2 2 2 2 2 2 2 2 2 2 2
left_child=10 7 5 4 -4 -3 -7 25 27 -10 11 13 14 19 -13 16 -12 -18 -15 -1 -14 -5 24 -24 -17 -2 -27 -9
right_child=1 2 3 21 -6 6 -8 8 9 -11 15 12 20 18 -16 22 17 -19 -20 -21 -22 -23 23 -25 -26 26 -28 -29
leaf_value=-3.2926952962072626e-05 0 0 0 6.1703171493646768e-06 -5.4791263586062961e-05 4.9055916151487299e-05 0 3.7586203632878025e-06 4.1116311855311679e-05 0 0 -8.146479240221835e-05 3.4949356874474268e-05 0 0 0 -0.00010501030764601508 -9.2785600973547333e-07 3.3958455904186469e-05 0 0 -8.2136123302314747e-06 5.1678814517539525e-05 0 -4.2795219806574431e-05 0 -3.711829565184386e-05 -6.0755820932780632e-06
leaf_weight=65 46 24 29 391 129 154 43 79 292 40 93 87 48 52 23 865 52 140 380 94 39 573 67 20 59 21 39 124
leaf_count=65 46 24 29 391 129 154 43 79 292 40 93 87 48 52 23 865 52 140 380 94 39 573 67 20 59 21 39 124
internal_value=0 1.44625e-06 -2.88056e-07 -7.00135e-06 -3.51815e-05 2.0214e-05 3.3439e-05 9.75884e-06 1.77467e-05 2.99697e-05 -1.54692e-06 2.70758e-06 -1.64749e-05 1.41787e-05 -6.12361e-05 -6.44841e-06 -2.65463e-05 -4.47737e-05 2.62199e-05 0 5.68201e-06 0 0 2.14216e-05 -2.87335e-06 -2.26078e-06 -2.74202e-05 0
internal_weight=4068 1984 1343 1122 158 221 197 641 535 332 2084 788 197 591 110 1296 285 192 432 159 87 964 1011 87 924 106 60 203
internal_count=4068 1984 1343 1122 158 221 197 641 535 332 2084 788 197 591 110 1296 285 192 432 159 87 964 1011 87 924 106 60 203
is_linear=0
shrinkage=0.03


Tree=359
num_leaves=18
num_cat=0
split_feature=28 19 19 5 30 22 36 31 34 23 27 21 36 31 30 33 26
split_gain=1.01571e-05 9.43698e-05 0.000327712 0.000213612 6.42366e-05 0.000106841 4.23859e-05 4.23603e-05 0.000175176 0.000223672 0.000132613 0.000105319 8.88774e-05 7.37164e-05 3.35423e-05 1.42495e-05 2.93619e-06
threshold=-3182351017.4999995 52.679999923706063 51.450000381469735 20778510.000000004 21.686985874291448 40.353490587795257 -0.009011704855945107 0.015049287226234666 0.013109290017823462 -0.57690713336812027 0.91420773680865142 63.41541630427043 -0.019172736208504248 0.0099607786993819464 13.349650190651344 -0.0043995394953917346 0.72947496589014316
decision_type=2 2 2 2 2 2 2 2 2 2 2 2 2 2 2 2 2
left_child=6 2 4 -4 14 -6 -1 11 9 -9 -10 12 -3 -13 -2 16 -8
right_child=1 7 3 -5 5 -7 15 8 10 -11 -12 13 -14 -15 -16 -17 -18
leaf_value=0 0 0 0 -0.00013159562811185816 0 -3.0384213869384556e-05 0 0 3.2993775560782798e-05 -7.17485723863076e-05 -1.1072355274307703e-05 -1.3071698080947541e-06 2.7719911397975563e-05 1.5468281226505348e-05 5.0419900582703917e-05 0 3.4406058003275958e-05
leaf_weight=31 21 28 21 33 35 122 23 50 95 75 129 2686 241 258 28 140 52
leaf_count=31 21 28 21 33 35 122 23 50 95 75 129 2686 241 258 28 140 52
internal_value=0 -5.31836e-07 -1.8185e-05 -8.39147e-05 0 -1.02689e-05 5.72296e-06 0 -8.8983e-06 -3.84865e-05 0 1.80623e-06 1.97786e-05 0 2.89837e-05 1.46567e-05 2.80365e-05
internal_weight=4068 3822 260 54 206 157 246 3562 349 125 224 3213 269 2944 49 215 75
internal_count=4068 3822 260 54 206 157 246 3562 349 125 224 3213 269 2944 49 215 75
is_linear=0
shrinkage=0.03


Tree=360
num_leaves=25
num_cat=0
split_feature=33 33 28 29 31 31 32 22 36 5 35 21 29 2 1 35 33 33 26 32 24 25 29 24
split_gain=9.75805e-06 5.88713e-05 6.5617e-05 0.00012709 5.74863e-05 0.000239084 0.000415489 0.000181864 0.000165591 0.000198635 7.30274e-05 5.71454e-05 8.82166e-05 0.000219402 0.000144125 0.000126424 7.96756e-05 0.000135488 0.000106799 5.89312e-05 5.27149e-05 0.000173753 0.000115712 3.68719e-05
threshold=1.0000000180025095e-35 -0.0011363697757241218 -2950867589.9999995 37.331059053961688 -0.0068969324168187121 -0.012271705215872562 -0.021544828082227348 47.962432235904103 -0.0057836918778217663 16378823.000000002 0.027131275776664996 84.057499885559096 77.992068718847761 80.52500152587892 74.724998474121108 0.0096943882451571515 0.021543011165497176 0.016324516942926252 2.4243381586723811 0.013847839063719782 0.60769561206818801 0.17671394140197613 82.961744659227762 0.29943398755520734
decision_type=2 2 2 2 2 2 2 2 2 2 2 2 2 2 2 2 2 2 2 2 2 2 2 2
left_child=1 4 -3 -4 5 7 -7 -1 9 -6 -10 12 13 14 -2 -15 17 23 19 -18 22 -22 -14 -13
right_child=11 2 3 -5 8 6 -8 -9 10 -11 -12 16 20 15 -16 -17 18 -19 -20 -21 21 -23 -24 -25
leaf_value=-2.0922543929034345e-05 1.1499034958869327e-05 0 -7.9002932418394136e-05 0 0 9.9420668146036484e-05 0 1.7700712084436324e-05 -6.4405908642079425e-07 -5.3126730575122662e-05 3.5417603525861438e-05 0 -1.3068057471856927e-05 0 -1.4990872459252188e-05 5.3745871455678773e-05 0 -6.2232820563298499e-05 0 4.7866933617006166e-05 0 -4.5816469959742993e-05 1.9119699718515864e-05 -1.9864186519591081e-05
leaf_weight=304 589 27 37 74 117 62 283 112 892 124 52 211 130 41 231 150 20 53 39 65 50 97 224 84
leaf_count=304 589 27 37 74 117 62 283 112 892 124 52 211 130 41 231 150 20 53 39 65 50 97 224 84
internal_value=0 -1.57015e-06 -2.05151e-05 -3.24762e-05 0 6.20194e-06 2.63651e-05 -3.31241e-06 -4.35364e-06 -2.66702e-05 0 1.35524e-06 5.33685e-06 1.10051e-05 3.77626e-07 4.09081e-05 -5.04323e-06 -1.55076e-05 1.39324e-07 3.36083e-05 -1.14503e-07 -1.79602e-05 0 0
internal_weight=4068 2084 138 111 1946 761 345 416 1185 241 944 1984 1512 1011 820 191 472 348 124 85 501 147 354 295
internal_count=4068 2084 138 111 1946 761 345 416 1185 241 944 1984 1512 1011 820 191 472 348 124 85 501 147 354 295
is_linear=0
shrinkage=0.03


Tree=361
num_leaves=26
num_cat=0
split_feature=29 29 33 25 4 25 29 36 30 33 34 25 34 5 35 0 28 21 0 30 29 0 34 35 23
split_gain=9.73906e-06 0.000175356 0.000222103 9.1163e-05 9.7311e-05 0.000329064 7.35216e-05 0.00015447 0.000153424 7.07976e-05 9.58702e-05 5.39451e-05 0.000221949 8.69635e-05 4.42437e-05 8.84257e-05 0.000145255 8.65353e-05 0.000167022 8.4787e-05 2.33648e-05 7.49134e-05 2.2087e-05 1.63044e-05 3.67786e-06
threshold=56.852836055348853 60.533135584348337 -0.010193111243337492 0.012918762554533949 96.174999237060561 -0.32169535286634249 34.029228135447617 0.0063353890320624849 63.108039649333847 -0.0020640197856798821 0.00063979810459036124 -0.068714348371610376 -0.0061798253430740959 31421472.000000004 0.012872848992628172 42.104167938232429 -541212361.49999988 81.518333498636892 62.913625717163093 78.477494720423323 21.541457528706903 35.429193496704109 0.012653420471444023 0.012125086058660422 -0.14559672551621358
decision_type=2 2 2 2 2 2 2 2 2 2 2 2 2 2 2 2 2 2 2 2 2 2 2 2 2
left_child=3 2 -2 4 11 24 20 8 -8 -4 -11 12 -1 -13 17 16 -16 18 -3 -17 -5 -22 -9 -19 -6
right_child=1 14 9 6 5 -7 7 22 -10 10 -12 13 -14 -15 15 19 -18 23 -20 -21 21 -23 -24 -25 -26
leaf_value=-4.4859179793035704e-07 -0.00013130164259969658 -2.9785753295381517e-05 5.7134278798694711e-06 8.961491490833554e-06 1.2832774277672219e-05 -0.00010962081327272804 4.0012794832829819e-05 -1.683955333649331e-05 0 0 -4.4520701220185901e-05 -1.8505268225127791e-05 2.7570129101516988e-05 0 0 4.655535035329029e-06 3.0724871373514881e-05 8.6503699686354955e-06 0 -1.9856878471515855e-05 -5.0522954394675291e-05 0 0 0 0
leaf_weight=1023 21 274 35 81 20 32 266 70 78 29 75 329 281 29 202 317 249 196 64 176 32 109 29 25 26
leaf_count=1023 21 274 35 81 20 32 266 70 78 29 75 329 281 29 202 317 249 196 64 176 32 109 29 25 26
internal_value=0 -1.90789e-06 -3.19933e-05 1.06177e-06 -1.07202e-06 -3.38672e-05 1.11548e-05 1.83331e-05 2.89279e-05 0 -2.45169e-05 0 3.2904e-06 -9.80563e-06 0 5.12961e-06 1.52148e-05 -5.17574e-06 -1.65726e-05 0 0 -1.01426e-05 0 0 0
internal_weight=4068 1663 160 2405 1740 78 665 443 344 139 104 1662 1304 358 1503 944 451 559 338 493 222 141 99 221 46
internal_count=4068 1663 160 2405 1740 78 665 443 344 139 104 1662 1304 358 1503 944 451 559 338 493 222 141 99 221 46
is_linear=0
shrinkage=0.03


Tree=362
num_leaves=22
num_cat=0
split_feature=0 23 24 26 20 0 21 21 30 35 33 0 35 36 31 33 30 23 20 33 19
split_gain=9.77891e-06 7.47854e-05 0.000181432 5.49334e-05 5.28962e-05 4.96897e-05 0.00010861 0.000203045 0.000123032 4.90067e-05 0.000116952 4.698e-05 6.62542e-05 5.84442e-05 0.000144724 7.48381e-05 3.96521e-05 1.87758e-05 4.92823e-05 3.77297e-05 1.44971e-05
threshold=33.289602279663093 0.60247745530748997 -0.1503680573858649 1.0782912718791102 78.177500152587911 36.042226791381843 57.441666539510102 79.334583473205569 71.830545755973048 0.015337423073588449 0.028629718362304882 36.627868652343757 0.011829060702751753 0.011418501666066059 0.02363001238634144 0.018827951857581241 57.432264411218036 -0.61433811222421031 59.026249694824223 -0.011771594133680117 80.340000152587905
decision_type=2 2 2 2 2 2 2 2 2 2 2 2 2 2 2 2 2 2 2 2 2
left_child=1 2 17 -4 -5 6 9 8 -8 16 -11 12 -7 15 -15 -13 -2 18 -1 -19 -9
right_child=5 -3 3 4 -6 11 7 20 -10 10 -12 13 -14 14 -16 -17 -18 19 -20 -21 -22
leaf_value=2.9719843929377608e-05 -2.9329967937646586e-05 -1.4663059994308858e-05 0 6.5081673805649008e-05 0 0 -5.3118430795774008e-05 1.4985597253568296e-05 0 3.6175430163947118e-05 0 0 4.0840362105766265e-05 -2.513741069862472e-05 0 1.4798953976222411e-05 0 -2.9272114550123863e-05 0 0 0
leaf_weight=62 46 38 20 77 22 20 155 58 67 111 20 2309 61 287 94 314 25 47 84 129 22
leaf_count=62 46 38 20 77 22 20 155 58 67 111 20 2309 61 287 94 314 25 47 84 129 22
internal_value=0 3.85383e-06 1.22535e-05 4.3899e-05 5.3056e-05 -6.85267e-07 -9.59465e-06 -2.18444e-05 -3.83646e-05 0 1.7497e-05 0 2.28332e-05 0 -1.15867e-05 7.4e-07 -7.47289e-06 0 8.47631e-06 -6.02909e-06 0
internal_weight=4068 479 441 119 99 3589 504 302 222 202 131 3085 81 3004 381 2623 71 322 146 176 80
internal_count=4068 479 441 119 99 3589 504 302 222 202 131 3085 81 3004 381 2623 71 322 146 176 80
is_linear=0
shrinkage=0.03


Tree=363
num_leaves=26
num_cat=0
split_feature=5 0 23 26 5 0 0 34 28 20 19 23 30 30 23 3 32 24 33 24 34 30 23 34 33
split_gain=9.68484e-06 5.33434e-05 7.68757e-05 9.86302e-05 4.21116e-05 0.000115607 0.000136579 5.59137e-05 4.14171e-05 0.000310951 0.000139312 0.000333447 6.8508e-05 5.57636e-05 4.54903e-05 2.92156e-05 2.30962e-05 1.65949e-05 8.9747e-05 4.10975e-05 8.93871e-05 4.10139e-05 1.61069e-05 6.82163e-05 1.25778e-05
threshold=12395275.500000002 43.31294250488282 0.15328245847936731 1.0197784311047415 14458628.000000002 35.429193496704109 33.34442329406739 0.025760076338229857 -36735609.499999993 89.809999465942397 81.459999847412121 1.5900133998422279 54.978442955737108 80.038405456837651 -0.43422487342371591 83.575000762939467 -0.0074626461056775941 0.29943398755520734 -0.0074704468999237097 -0.47589786597385697 -0.0023945956969808608 77.830873267024188 -0.099489159216439291 0.006811162230454638 0.018433844732519414
decision_type=2 2 2 2 2 2 2 2 2 2 2 2 2 2 2 2 2 2 2 2 2 2 2 2 2
left_child=1 2 22 -4 5 6 -2 15 9 13 14 -12 -11 -6 -10 -7 -5 19 -19 20 -3 -21 23 -1 -9
right_child=4 17 3 16 8 7 -8 24 10 12 11 -13 -14 -15 -16 -17 -18 18 -20 21 -22 -23 -24 -25 -26
leaf_value=2.19062043358153e-05 0 -3.9845460264665569e-05 0 0 -1.7938789479600477e-06 1.047196578395851e-05 -7.9701678124039359e-05 -5.5313162008689616e-05 0 7.1959592172355985e-05 -4.4849229086927546e-05 6.2381016485962228e-06 0 1.2854009337726927e-05 1.9634781905149265e-05 0 5.0287059350800019e-05 0 -3.7216399436457811e-05 2.0892851011198901e-05 0 0 -1.3017691294808455e-05 0 0
leaf_weight=140 35 52 25 26 1933 241 42 20 40 68 223 65 21 266 107 152 92 54 69 164 78 23 51 59 22
leaf_count=140 35 52 25 26 1933 241 42 20 40 68 223 65 21 266 107 152 92 54 69 164 78 23 51 59 22
internal_value=0 2.7171e-06 1.17378e-05 2.93593e-05 -8.90586e-07 -8.88934e-06 -4.32938e-05 0 0 2.20465e-06 -7.7531e-06 -2.29079e-05 5.71466e-05 0 1.53902e-06 6.08366e-07 4.238e-05 0 -1.10149e-05 0 -4.17593e-06 1.36222e-05 0 5.41441e-06 -3.45232e-05
internal_weight=4068 833 393 143 3235 512 77 435 2723 2288 435 288 89 2199 147 393 118 440 123 317 130 187 250 199 42
internal_count=4068 833 393 143 3235 512 77 435 2723 2288 435 288 89 2199 147 393 118 440 123 317 130 187 250 199 42
is_linear=0
shrinkage=0.03


Tree=364
num_leaves=21
num_cat=0
split_feature=25 2 5 5 26 34 26 29 34 21 26 30 25 35 31 35 28 31 32 25
split_gain=9.87714e-06 0.000102942 0.000111078 0.00045264 0.000812928 9.83038e-05 0.00017889 9.13192e-05 9.08642e-05 8.5467e-05 0.000144551 0.000205952 8.29699e-05 7.69288e-05 0.000182531 0.000150724 3.89831e-05 0.000155773 4.36893e-05 8.1903e-06
threshold=-0.10343531268701765 50.850000381469734 34340384.500000007 46338283.000000007 1.5641412582029821 -0.014890874926138773 1.7393224377658834 74.71918248019071 -0.0061798253430740959 67.595833555857368 0.98848266258063233 80.669883584654357 -0.1473303476810465 0.017761923883053029 0.013823521393583895 0.015337423073588449 -671178248.99999988 0.00068287058399518774 -0.01145127210981167 1.0000000180025095e-35
decision_type=2 2 2 2 2 2 2 2 2 2 2 2 2 2 2 2 2 2 2 2
left_child=1 12 7 4 -4 6 16 8 -3 10 19 -12 -1 15 -15 -11 17 -2 -18 -7
right_child=5 2 3 -5 -6 9 -8 -9 -10 13 11 -13 -14 14 -16 -17 18 -19 -20 -21
leaf_value=4.3543373929105446e-05 4.5418213528735171e-05 -5.0513790293762153e-06 0 0 -0.00023608979079630464 0 6.6387523226380828e-05 -5.121817766627836e-05 1.3448604981012702e-05 2.9733112767574963e-06 -3.1477744232292822e-05 0 0 2.8812468643821095e-05 0 -2.5854343808164162e-05 0 0 -2.5131945722400583e-05 6.6818626518144794e-06
leaf_weight=65 84 865 29 34 23 84 57 32 330 1046 386 66 24 293 135 189 68 28 65 165
leaf_count=65 84 865 29 34 23 84 57 32 330 1046 386 66 24 293 135 189 68 28 65 165
internal_value=0 -2.18717e-06 -6.20741e-06 -4.15363e-05 -0.000103297 9.04705e-07 1.7323e-05 -1.28324e-06 0 0 -9.78403e-06 -2.08856e-05 2.3393e-05 2.42821e-06 1.3588e-05 0 0 1.7232e-05 -3.67516e-06 0
internal_weight=4068 1402 1313 86 52 2666 302 1227 1195 2364 701 452 89 1663 428 1235 245 112 133 249
internal_count=4068 1402 1313 86 52 2666 302 1227 1195 2364 701 452 89 1663 428 1235 245 112 133 249
is_linear=0
shrinkage=0.03


Tree=365
num_leaves=29
num_cat=0
split_feature=27 30 29 29 30 25 35 26 22 5 31 30 23 36 23 5 29 27 25 36 27 23 20 25 35 33 21 26
split_gain=9.45661e-06 8.76315e-05 0.000110096 0.000117813 0.000122652 9.88934e-05 0.000193237 0.000345125 7.51538e-05 0.000209029 0.000182919 0.000263054 0.000131113 0.000102918 8.79388e-05 6.80321e-05 6.71449e-05 6.66019e-05 5.57598e-05 2.44366e-05 8.28286e-05 1.08672e-05 8.09925e-06 0.00013656 1.95341e-05 5.07729e-06 1.06864e-06 5.1195e-08
threshold=0.7558988578673963 74.644133773336875 67.322248973317016 57.226583209338067 56.003909320568987 0.32179882832145074 0.021775442542086843 1.2358471825997703 55.531130241672223 16289573.500000002 -0.011166457634689817 33.227304639981583 0.87413570849230038 -0.010657615072921317 0.37715002509038703 10845857.000000002 40.836918673482565 0.88992282565929492 0.19196333817179145 -0.003331689517728313 1.020428190835885 0.73628173700370791 82.580000114440935 -0.12868040037284992 0.014930236833887342 -0.011771594133680117 83.69541657765707 1.2482051949658299
decision_type=2 2 2 2 2 2 2 2 2 2 2 2 2 2 2 2 2 2 2 2 2 2 2 2 2 2 2 2
left_child=8 2 3 16 -5 6 7 -3 12 22 -11 -12 14 -14 18 -16 -2 27 -1 21 -21 -7 24 -24 -10 -15 -19 -4
right_child=1 5 17 4 -6 19 -8 -9 9 10 11 -13 13 25 15 -17 -18 26 -20 20 -22 -23 23 -25 -26 -27 -28 -29
leaf_value=2.446307258296545e-06 0 0 0 -6.145199546970579e-05 0 -1.6022054276861773e-05 0 -9.4845475837239244e-05 -1.7862513696457072e-05 0 0 -7.7086118960743762e-05 0 7.4938654932367609e-05 0 -2.5778246563994217e-05 3.0562308039775955e-05 2.8181497017726249e-06 -1.3871164153861004e-05 2.5553389858279331e-05 0 0 0 5.3142760974989389e-05 0 0 0 6.0736509817888449e-05
leaf_weight=2145 24 121 54 44 105 38 38 64 55 28 20 111 36 38 21 213 118 121 194 148 65 51 22 46 26 27 30 65
leaf_count=2145 24 121 54 44 105 38 38 64 55 28 20 111 36 38 21 213 118 121 194 148 65 51 22 46 26 27 30 65
internal_value=0 2.24332e-06 1.20205e-05 0 -1.9406e-05 -2.4914e-06 -2.03176e-05 -3.79093e-05 -1.01052e-06 -1.51465e-05 -4.03325e-05 -5.6832e-05 0 3.39847e-05 -6.9281e-07 -1.85299e-05 1.87358e-05 2.58267e-05 0 7.435e-07 1.01975e-05 0 0 1.03459e-05 0 5.6714e-05 0 4.48996e-05
internal_weight=4068 1086 561 291 149 525 223 185 2982 308 159 131 2674 101 2573 234 142 270 2339 302 213 89 149 68 81 65 151 119
internal_count=4068 1086 561 291 149 525 223 185 2982 308 159 131 2674 101 2573 234 142 270 2339 302 213 89 149 68 81 65 151 119
is_linear=0
shrinkage=0.03


Tree=366
num_leaves=19
num_cat=0
split_feature=28 21 23 5 32 32 5 27 24 24 29 23 21 29 21 26 32 32
split_gain=1.01839e-05 6.78594e-05 0.000281456 8.41299e-05 0.000243684 9.84074e-05 4.46849e-05 8.92904e-05 0.000138401 0.000115738 0.000134553 0.000100164 9.13718e-05 6.28328e-05 4.34089e-05 4.31129e-05 5.62389e-05 6.68667e-08
threshold=-2436328310.9999995 52.482916673024498 -0.88931470713896477 50171193.000000007 -0.041337854561385605 -0.021544828082227348 15707166.000000002 0.72290324176529863 0.33827053027497395 -0.54130660488755522 37.331059053961688 1.5900133998422279 82.922083409627291 68.676593270000822 52.104166571299238 0.80793779858730796 -0.013719616675474054 0.0085733200877342614
decision_type=2 2 2 2 2 2 2 2 2 2 2 2 2 2 2 2 2 2
left_child=6 2 -2 4 -3 -6 13 9 14 12 -11 -10 -8 15 -9 -1 -17 -15
right_child=1 3 -4 -5 5 -7 7 8 11 10 -12 -13 -14 17 -16 16 -18 -19
leaf_value=0 0 -7.95916470641302e-05 -0.00010113942179992837 4.9138637089427311e-05 1.8847578603202535e-05 -1.8366252552444854e-06 3.5359908667207041e-05 0 3.820196899966532e-05 0 -3.4783576143700831e-05 0 0 -9.2000772003555752e-07 -2.1553249246810405e-05 0 2.8308261583001585e-05 0
leaf_weight=65 21 35 31 30 227 2340 67 53 172 287 221 23 41 71 84 22 239 39
leaf_count=65 21 35 31 30 227 2340 67 53 172 287 221 23 41 71 84 22 239 39
internal_value=0 -1.18097e-06 -3.52716e-05 0 -1.08038e-06 0 1.97924e-06 0 1.04768e-05 -8.44208e-06 -1.69751e-05 2.87278e-05 3.92109e-06 1.02299e-05 0 1.77021e-05 2.32375e-05 0
internal_weight=4068 2684 52 2632 2602 2567 1384 948 332 616 508 195 108 436 137 326 261 110
internal_count=4068 2684 52 2632 2602 2567 1384 948 332 616 508 195 108 436 137 326 261 110
is_linear=0
shrinkage=0.03


Tree=367
num_leaves=16
num_cat=0
split_feature=7 26 5 26 32 32 1 2 23 0 23 26 33 5 26
split_gain=9.72963e-06 0.000181656 9.93677e-05 3.98198e-05 0.000138991 0.000221192 0.000283259 0.000197311 8.19957e-05 9.12216e-05 7.98234e-05 9.44494e-05 7.47769e-05 7.35454e-05 7.00766e-06
threshold=1.0000000180025095e-35 1.4477991732813984 16896523.500000004 1.4849570065898308 0.043041885148349064 -0.016206847965681167 55.549999237060554 56.725000381469734 -1.622852727614198 43.171030044555671 -0.95928127954920928 1.2971099671830062 -0.014071830613893497 32792080.500000004 1.1389613450858487
decision_type=2 2 2 2 2 2 2 2 2 2 2 2 2 2 2
left_child=3 14 -3 8 5 7 -7 -5 9 -1 11 -10 -12 -6 -2
right_child=1 2 -4 4 13 6 -8 -9 10 -11 12 -13 -14 -15 -16
leaf_value=6.3389022486246249e-05 0 0 8.8798886102067114e-05 -3.5179310549769219e-05 0 2.8127645432325597e-05 -2.5599290687502799e-05 2.3206403930018625e-05 -2.6447763979163656e-05 0 -7.7474118254705037e-06 0 5.0172669585594246e-06 6.6279005439697704e-05 -1.1109574078814598e-05
leaf_weight=39 55 23 33 38 20 48 784 260 215 27 395 68 1985 27 51
leaf_count=39 55 23 33 38 20 48 784 260 215 27 395 68 1985 27 51
internal_value=0 7.06037e-06 5.53019e-05 -4.16058e-07 -5.47615e-06 -9.75472e-06 -1.88913e-05 5.68821e-06 6.67183e-07 3.36869e-05 0 -1.52055e-05 1.63807e-06 3.34997e-05 0
internal_weight=4068 162 56 3906 1177 1130 832 298 2729 66 2663 283 2380 47 106
internal_count=4068 162 56 3906 1177 1130 832 298 2729 66 2663 283 2380 47 106
is_linear=0
shrinkage=0.03


Tree=368
num_leaves=25
num_cat=0
split_feature=23 23 26 0 27 23 26 23 5 0 28 33 30 33 36 23 25 26 33 35 0 35 35 0
split_gain=9.42162e-06 0.000138016 0.000525744 0.000513645 0.000310746 0.000125476 0.000122033 0.000130919 0.000186148 9.64766e-05 0.000116166 9.48545e-05 0.000209992 0.000120841 0.000261931 0.000125095 0.00011408 6.00622e-05 5.91946e-05 7.42111e-05 5.64283e-05 0.000111653 5.36882e-05 1.83645e-06
threshold=0.2954696136742499 0.034319221001691609 1.1880987135540231 32.812829971313484 0.098404455146633873 0.37715002509038703 1.1246000288847009 -0.21175210421031207 14766746.500000002 42.515625000000007 -3276791023.4999995 0.010689696631576486 72.179399343990909 0.0040572455351036716 -0.0046202894103664037 0.94944227137804316 0.29541430128668017 1.4157642786480713 0.0095716584595850768 0.011428573190047801 37.356622695922859 0.010697094412597979 0.02275282811287441 44.703519821166999
decision_type=2 2 2 2 2 2 2 2 2 2 2 2 2 2 2 2 2 2 2 2 2 2 2 2
left_child=1 6 20 -4 -5 18 9 17 -9 10 -1 13 16 15 -15 -7 -13 -8 19 -2 -3 -22 -14 -11
right_child=5 2 3 4 -6 11 7 8 -10 23 -12 12 22 14 -16 -17 -18 -19 -20 -21 21 -23 -24 -25
leaf_value=0 0 0 1.1534561067642961e-06 0 -8.8636096610494273e-05 -1.3383300510993628e-05 8.96172769892607e-06 0 4.8171680252600753e-05 4.4331591131154739e-06 -2.3960931414141626e-05 4.3673340897643041e-05 -1.6503761694098902e-05 0 -5.4654940933665065e-05 1.2184685206642545e-05 0 -3.942930276772877e-06 0 6.2929899754037938e-05 0 4.2945530977809846e-05 3.1025606904432054e-06 0
leaf_weight=105 38 47 21 25 170 359 569 98 154 84 400 176 175 44 129 325 47 537 46 60 68 85 65 241
leaf_count=105 38 47 21 25 170 359 569 98 154 84 400 176 175 44 129 325 47 537 46 60 68 85 65 241
internal_value=0 -1.15371e-06 -1.7467e-05 -5.24478e-05 -7.35946e-05 1.85044e-06 5.77516e-07 7.29279e-06 2.74572e-05 -6.79517e-06 -1.57413e-05 0 9.77188e-06 -6.92879e-06 -2.94279e-05 0 3.23316e-05 0 2.86089e-05 4.17771e-05 5.32704e-06 1.92042e-05 0 0
internal_weight=4068 2604 416 216 195 1464 2188 1358 252 830 505 1320 463 857 173 684 223 1106 144 98 200 153 240 325
internal_count=4068 2604 416 216 195 1464 2188 1358 252 830 505 1320 463 857 173 684 223 1106 144 98 200 153 240 325
is_linear=0
shrinkage=0.03


Tree=369
num_leaves=21
num_cat=0
split_feature=25 2 5 5 0 33 28 25 23 4 25 5 31 20 0 3 25 35 23 29
split_gain=9.74075e-06 9.69668e-05 0.000101445 0.000424031 0.00036236 8.49794e-05 0.000278032 7.9533e-05 7.3545e-05 5.68657e-05 0.000145337 0.000355419 8.60134e-05 0.000269289 0.000275301 0.000174226 0.000214556 0.000128695 6.1428e-05 3.62744e-05
threshold=-0.10343531268701765 50.850000381469734 34340384.500000007 46338283.000000007 35.951692581176765 0.0094006542538588329 -357382742.49999994 -0.1473303476810465 -1.8416742168631826 92.02500152587892 0.3429200453248169 13596603.000000002 0.0073602671071231205 75.225000572204607 36.627868652343757 87.77500152587892 0.055863164857883792 0.012722678194273132 0.93001776742529796 71.635261751314445
decision_type=2 2 2 2 2 2 2 2 2 2 2 2 2 2 2 2 2 2 2 2
left_child=1 7 5 4 -4 8 -7 -1 -3 12 11 -11 15 14 -14 17 -17 -2 -15 -12
right_child=9 2 3 -5 -6 6 -8 -9 -10 10 19 -13 13 18 -16 16 -18 -19 -20 -21
leaf_value=4.2483300337540821e-05 0 3.6716147818149281e-05 -0.00018719335217067497 0 0 0 -5.2956023300203908e-05 0 0 0 -3.239971443795871e-05 8.8747504145737346e-05 0 1.568804956405513e-05 -5.1783327289847509e-05 0 -7.1898975395871421e-05 1.4431625171900894e-05 0 0
leaf_weight=65 826 49 24 34 28 79 117 24 982 39 31 64 123 232 204 31 56 932 80 48
leaf_count=65 826 49 24 34 28 79 117 24 982 39 31 64 123 232 204 31 56 932 80 48
internal_value=0 -2.02803e-06 -5.9905e-06 -3.98523e-05 -9.97476e-05 -1.1693e-06 -1.99642e-05 2.27006e-05 0 1.06076e-06 1.72489e-05 4.2358e-05 0 -9.60853e-06 -3.02606e-05 3.15858e-06 -3.33555e-05 6.67377e-06 2.42683e-06 0
internal_weight=4068 1402 1313 86 52 1227 196 89 1031 2666 182 103 2484 639 327 1845 87 1758 312 79
internal_count=4068 1402 1313 86 52 1227 196 89 1031 2666 182 103 2484 639 327 1845 87 1758 312 79
is_linear=0
shrinkage=0.03


Tree=370
num_leaves=31
num_cat=0
split_feature=34 27 35 26 31 29 32 30 29 29 29 35 35 29 29 34 32 32 34 30 4 27 5 1 19 34 5 29 30 27
split_gain=9.27942e-06 9.87707e-05 0.00020496 0.0002056 0.000165044 0.000164789 6.29505e-05 8.64422e-05 0.000120692 5.76308e-05 0.00017584 0.000126834 0.000245341 5.374e-05 0.000144326 0.000172404 0.000104839 8.97988e-05 0.00018425 8.85154e-05 4.07425e-05 0.000136283 5.33714e-05 3.4222e-05 2.02115e-05 1.59899e-05 1.07348e-05 4.41779e-06 1.58393e-06 3.35106e-07
threshold=0.016471645443034592 0.89477545326882524 0.013841967044745796 1.4763037675170751 0.0049875103995712386 72.031485185429617 0.02912624844304024 79.689788363353003 86.497814227078578 56.852836055348853 61.089486826584128 0.014097042345880701 0.018181807124724659 38.673466923108741 32.743602450249263 -0.015284984090240648 0.0010045558930834588 0.0069812394801898056 -1.0000000180025095e-35 62.531496104589763 82.424999237060561 0.78887781940868218 21082249.500000004 81.174999237060561 73.869999694824244 0.019206766596288064 15214030.000000002 84.44895089852092 57.021103062587734 1.1058578944412056
decision_type=2 2 2 2 2 2 2 2 2 2 2 2 2 2 2 2 2 2 2 2 2 2 2 2 2 2 2 2 2 2
left_child=9 2 3 24 -5 25 7 8 -3 13 11 28 -13 14 16 -16 -1 19 -19 -15 21 -12 -22 29 -2 -4 -7 -9 -11 -8
right_child=1 6 5 4 -6 26 23 27 -10 10 20 12 -14 17 15 -17 -18 18 -20 -21 22 -23 -24 -25 -26 -27 -28 -29 -30 -31
leaf_value=-1.4216543202942052e-06 0 -4.2115073894344744e-05 1.7846320313608016e-05 -9.5723752074918785e-05 0 0 0 8.3908281354287209e-06 0 -5.5014623727969742e-06 -2.4142763349723669e-05 -0.0001305332569996761 0 2.1706693594491735e-05 0 -3.8701978244272792e-05 1.7916744365650819e-05 -4.2133427344956247e-05 9.1062000143610618e-06 0 1.8161300815846995e-05 2.2734148711757004e-06 0 2.73767550806022e-05 1.4777097048002424e-05 -5.0638046646871575e-07 5.6767997502210511e-05 -1.6077594062277062e-06 0 -3.065206425995604e-06
leaf_weight=994 68 140 45 36 20 50 35 52 26 47 242 32 46 437 77 192 289 87 135 121 199 111 31 41 96 105 134 119 29 32
leaf_count=994 68 140 45 36 20 50 35 52 26 47 242 32 46 437 77 192 289 87 135 121 199 111 31 41 96 105 134 119 29 32
internal_value=0 2.49961e-06 1.27245e-05 0 -5.69964e-05 2.8647e-05 -3.48971e-06 -1.35696e-05 -2.90186e-05 -8.28967e-07 -8.53826e-06 -3.70902e-05 -6.46217e-05 3.21327e-07 -1.42157e-06 -2.21958e-05 5.97353e-07 7.63464e-06 0 1.50427e-05 0 -7.34179e-06 8.75458e-06 1.94719e-07 4.1265e-06 0 4.79051e-05 0 0 0
internal_weight=4068 999 554 220 56 334 445 337 166 3069 737 154 78 2332 1552 269 1283 780 222 558 583 353 230 108 164 150 184 171 76 67
internal_count=4068 999 554 220 56 334 445 337 166 3069 737 154 78 2332 1552 269 1283 780 222 558 583 353 230 108 164 150 184 171 76 67
is_linear=0
shrinkage=0.03


Tree=371
num_leaves=25
num_cat=0
split_feature=33 33 26 27 27 32 24 34 26 35 0 29 27 31 0 32 29 26 24 5 5 29 31 33
split_gain=9.27996e-06 5.66903e-05 0.000149687 0.000194821 0.000156697 6.62464e-05 0.00011127 0.000179015 0.000126471 9.43127e-05 5.57721e-05 0.000144602 0.000145977 0.000138046 0.00016285 0.000111473 0.00011138 0.000128258 0.000202683 5.26562e-05 4.66729e-05 4.5092e-05 6.76281e-06 5.21952e-06
threshold=1.0000000180025095e-35 -0.002822112353908834 0.98848266258063233 0.48250566173948745 0.7709169554550156 0.0046155777422617348 -0.45237866218835648 -0.011275667794175324 1.3965297730349395 0.015841556460943949 38.459785461425788 44.827682973111123 0.4461207359476671 -0.0027173921070781644 54.281652450561531 0.020556700347674765 42.803200850615305 1.1793206169297694 0.95720775335840846 12395275.500000002 16378823.000000002 31.89948615535744 0.0032425228742700711 0.008917556776916637
decision_type=2 2 2 2 2 2 2 2 2 2 2 2 2 2 2 2 2 2 2 2 2 2 2 2
left_child=1 5 -3 20 -5 6 7 -1 -8 -7 16 13 15 -12 -15 -13 21 23 -19 -14 -4 -2 -23 -18
right_child=10 2 3 4 -6 9 8 -9 -10 -11 11 12 19 14 -16 -17 17 18 -20 -21 -22 22 -24 -25
leaf_value=-2.8766146617210389e-05 0 0 -2.0604265773329808e-05 -8.9565736185760221e-05 0 4.9182873749325453e-05 -2.5329129437690479e-06 0 1.5875128959548491e-05 0 0 -4.4942608703543107e-05 1.0629903132670758e-05 4.7909778548274791e-05 0 0 3.7020724301721516e-06 3.9347876735656406e-05 0 -5.5905225978576876e-06 1.6095638678573482e-05 0 -3.4661772595408851e-05 -5.396057398219106e-06
leaf_weight=312 46 65 64 63 39 59 729 181 451 64 24 138 211 154 43 20 79 292 40 753 57 21 39 124
leaf_count=312 46 65 64 63 39 59 729 181 451 64 24 138 211 154 43 20 79 292 40 753 57 21 39 124
internal_value=0 -1.39976e-06 -1.383e-05 -2.91692e-05 -5.9804e-05 0 -9.60294e-07 -1.40361e-05 1.96129e-06 2.1721e-05 1.46675e-06 0 -6.48808e-06 1.93643e-05 3.24188e-05 -3.36118e-05 9.217e-06 1.69865e-05 2.85044e-05 0 0 -1.70088e-06 -2.60837e-05 0
internal_weight=4068 2084 288 223 102 1796 1673 493 1180 123 1984 1343 1122 221 197 158 641 535 332 964 121 106 60 203
internal_count=4068 2084 288 223 102 1796 1673 493 1180 123 1984 1343 1122 221 197 158 641 535 332 964 121 106 60 203
is_linear=0
shrinkage=0.03


Tree=372
num_leaves=19
num_cat=0
split_feature=34 33 33 33 32 24 34 28 30 30 33 32 25 27 20 24 32 24
split_gain=8.73327e-06 0.000141105 9.00724e-05 0.000188967 0.000137918 0.000119387 0.000101584 6.39634e-05 5.99215e-05 5.21813e-05 4.12578e-05 9.04127e-05 0.000199073 8.58095e-05 0.000107703 8.05864e-05 4.01657e-05 4.99287e-06
threshold=0.032638715944053327 0.04243112540457273 0.021543011165497176 0.034665068101045755 -0.0021721774604380735 0.14631179667868865 0.03782875835065392 -145020430.99999997 87.016341337483198 89.296469236372459 0.016324516942926252 -0.0015828045550863032 0.13240374935407792 0.96572803083641101 81.141249847412126 -0.45237866218835648 0.019469499573860575 0.89811880855082427
decision_type=2 2 2 2 2 2 2 2 2 2 2 2 2 2 2 2 2 2
left_child=1 10 4 6 -2 7 -4 -5 -6 -8 11 15 -13 14 -12 -1 -15 -7
right_child=2 -3 3 5 8 17 9 -9 -10 -11 13 12 -14 16 -16 -17 -18 -19
leaf_value=-1.2345938671731134e-05 0 6.9953490509624833e-05 0 -6.1354845930627504e-05 -6.1629719978408316e-05 1.0585814092872646e-05 6.4826757174461631e-05 0 0 0 -2.9306344865102675e-05 0 2.4635954577309969e-05 0 0 0 2.7703747188874106e-05 0
leaf_weight=528 39 26 35 53 70 40 65 20 23 20 241 979 423 43 122 1253 47 41
leaf_count=528 39 26 35 53 70 40 65 20 23 20 241 979 423 43 122 1253 47 41
internal_value=0 4.45123e-07 -4.19142e-06 0 -2.58394e-05 -1.50438e-05 3.35512e-05 -4.41245e-05 -4.77559e-05 5.16041e-05 0 1.15166e-06 7.44075e-06 -8.52252e-06 -1.74163e-05 -2.11488e-06 0 0
internal_weight=4068 3662 406 274 132 154 120 73 93 85 3636 3183 1402 453 363 1781 90 81
internal_count=4068 3662 406 274 132 154 120 73 93 85 3636 3183 1402 453 363 1781 90 81
is_linear=0
shrinkage=0.03


Tree=373
num_leaves=21
num_cat=0
split_feature=23 30 24 26 31 32 29 0 23 23 24 31 26 25 23 19 33 5 26 23
split_gain=1.04788e-05 7.70726e-05 0.000144467 0.000223902 0.000270998 0.000134411 0.00018858 7.23708e-05 5.88255e-05 5.69244e-05 6.42689e-05 5.55542e-05 0.000199705 9.17415e-05 3.32792e-05 2.76961e-05 6.56238e-05 4.07228e-05 2.279e-05 3.26554e-06
threshold=-0.5605283133619422 33.666759040840724 -0.45237866218835648 1.3965297730349395 -0.0012646512684573728 0.0040945829497356376 33.317724214057542 50.337730407714851 -0.62415339869719577 -0.55118049495346699 -0.79454398819429917 -0.017018872043584207 1.6123652999936402 -0.37910316077029943 -1.622852727614198 72.275000762939456 0.022901118691287751 13533217.500000002 1.3785487973642396 -1.053550988063044
decision_type=2 2 2 2 2 2 2 2 2 2 2 2 2 2 2 2 2 2 2 2
left_child=1 2 3 14 -5 6 19 -8 18 -2 -11 12 -12 -13 -1 16 -7 -17 -4 -3
right_child=9 5 8 4 -6 15 7 -9 -10 10 11 13 -14 -15 -16 17 -18 -19 -20 -21
leaf_value=2.5128007832949157e-05 -4.0909557153958228e-05 0 0 -8.9730353814588369e-05 0 0 4.4273249724709974e-05 0 0 -4.1803035239183986e-05 0 -2.0811071318070726e-05 4.6098787187526275e-05 3.1124467827512107e-07 -3.1952807177191229e-06 0 4.225443570232412e-05 -2.7213208107336585e-05 5.2738261279782189e-05 -8.4562538544905256e-06
leaf_weight=43 32 26 31 65 70 56 220 41 26 33 89 190 108 2532 268 36 33 83 45 41
leaf_count=43 32 26 31 65 70 56 220 41 26 33 89 190 108 2532 268 36 33 83 45 41
internal_value=0 2.53026e-06 -1.13683e-06 -1.3286e-05 -4.5546e-05 1.18749e-05 2.44767e-05 3.74549e-05 2.25642e-05 -9.13527e-07 0 0 1.59254e-05 -6.17472e-08 0 0 6.40753e-07 -1.44562e-05 3.71322e-05 0
internal_weight=4068 1084 548 446 135 536 328 261 102 2984 2952 2919 197 2722 311 208 89 119 76 67
internal_count=4068 1084 548 446 135 536 328 261 102 2984 2952 2919 197 2722 311 208 89 119 76 67
is_linear=0
shrinkage=0.03


Tree=374
num_leaves=27
num_cat=0
split_feature=23 23 21 22 30 30 25 30 19 22 27 5 23 30 5 19 25 21 24 27 27 36 28 0 22 27
split_gain=9.59306e-06 0.000111307 0.000151516 0.00015477 0.000113776 0.000229623 0.000313772 0.000153283 7.27589e-05 4.88145e-05 0.000129493 0.000194066 0.000103636 9.19417e-05 0.000168252 0.000352941 0.000158805 0.000164499 5.31129e-05 4.1148e-05 3.50125e-05 3.42926e-05 2.54533e-05 1.00515e-05 5.63241e-06 9.29205e-07
threshold=-0.73699131221007252 -0.91435205573120004 82.615833218892433 42.576716489881285 32.873527231833684 25.707063350087939 -0.21501251142848132 39.515379556776985 87.925000762939462 43.175720434302995 0.062420718942467229 14519496.000000002 -0.62415339869719577 46.199263699098687 17675307.000000004 78.960000610351571 -0.044009262676690232 63.992916488647467 -0.21493697314848867 0.63844595335078091 0.37898071271825995 -0.014424663271941408 -2866388925.9999995 38.078571319580085 41.364191129357224 0.386314109633834
decision_type=2 2 2 2 2 2 2 2 2 2 2 2 2 2 2 2 2 2 2 2 2 2 2 2 2 2
left_child=1 4 3 -3 5 8 -7 -6 -1 10 18 24 -13 14 20 -16 17 -15 22 -18 -11 -20 -2 -9 -12 -5
right_child=9 2 -4 25 7 6 -8 23 -10 13 11 12 -14 16 15 -17 19 -19 21 -21 -22 -23 -24 -25 -26 -27
leaf_value=-7.3728760186841674e-06 0 6.1824429743897744e-05 0 -6.4502881645266603e-06 5.5447523046982956e-05 -0.0001149226899589401 0 6.1433439786946689e-06 4.0677356339563404e-05 7.83441375072103e-06 7.2628463303478742e-06 0 -4.6961470072541716e-05 0 0 6.5341649313154185e-05 1.0694565832283048e-05 -3.7884108912990279e-05 0 -1.4617697015362123e-06 -8.2681451106099764e-06 2.5700106404017085e-05 -2.4848839666729701e-05 -6.5131450377737673e-06 0 0
leaf_weight=197 20 100 75 20 52 43 41 81 33 159 96 39 195 42 245 126 300 212 25 1268 318 119 37 141 55 29
leaf_count=197 20 100 75 20 52 43 41 81 33 159 96 39 195 42 245 126 300 212 25 1268 318 119 37 141 55 29
internal_value=0 2.88809e-06 2.18459e-05 4.03967e-05 0 -1.59767e-05 -5.84009e-05 9.00415e-06 0 -7.55799e-07 -8.83922e-06 -2.05316e-05 -3.79413e-05 0 9.04039e-06 2.43891e-05 -2.71524e-06 -2.4806e-05 0 0 0 1.82133e-05 0 0 0 0
internal_weight=4068 812 224 149 588 314 84 274 230 3256 586 385 234 2670 848 371 1822 254 201 1568 477 144 57 222 151 49
internal_count=4068 812 224 149 588 314 84 274 230 3256 586 385 234 2670 848 371 1822 254 201 1568 477 144 57 222 151 49
is_linear=0
shrinkage=0.03


Tree=375
num_leaves=17
num_cat=0
split_feature=28 20 5 32 32 30 28 24 1 22 30 5 28 36 32 4
split_gain=9.43184e-06 6.44759e-05 0.000117127 0.000225724 9.31616e-05 4.27164e-05 4.24396e-05 6.38513e-05 0.000215611 0.000132834 0.000171437 4.46609e-05 7.66944e-05 3.75053e-05 9.25867e-06 9.96638e-07
threshold=-2436328310.9999995 48.911250019073499 50171193.000000007 -0.041337854561385605 -0.0074626461056775941 51.528304799839248 -2702935453.4999995 -0.51417213059698197 78.625000000000014 56.030182664490461 34.715242971857755 12164916.000000002 -2598932320.9999995 0.0090908892742999192 0.016745234604434781 84.52500152587892
decision_type=2 2 2 2 2 2 2 2 2 2 2 2 2 2 2 2
left_child=6 -2 3 -3 -5 -4 7 8 14 10 -9 -8 -13 -11 -1 -14
right_child=1 2 5 4 -6 -7 11 9 -10 13 -12 12 15 -15 -16 -17
leaf_value=4.47500741901031e-05 -4.3579831123177961e-05 -7.6947687696227716e-05 8.3214361909099267e-05 8.2328417619987784e-06 -4.1101973565264668e-06 0 0 0 0 1.2474094201395251e-05 -3.0900153279981351e-05 4.5435076607671671e-05 0 0 0 2.8542783611332879e-06
leaf_weight=123 32 35 20 793 1781 23 32 260 53 270 292 74 41 109 20 110
leaf_count=123 32 35 20 793 1781 23 32 260 53 270 292 74 41 109 20 110
internal_value=0 -1.04588e-06 0 -1.33842e-06 0 4.83463e-05 2.00292e-06 0 1.50018e-05 -3.7841e-06 -1.50234e-05 1.30446e-05 1.9311e-05 4.67166e-06 4.07977e-05 0
internal_weight=4068 2684 2652 2609 2574 43 1384 1127 196 931 552 257 225 379 143 151
internal_count=4068 2684 2652 2609 2574 43 1384 1127 196 931 552 257 225 379 143 151
is_linear=0
shrinkage=0.03


Tree=376
num_leaves=23
num_cat=0
split_feature=28 1 5 26 4 29 34 30 24 4 31 35 31 36 31 0 3 5 0 28 5 21
split_gain=9.08996e-06 0.000176029 0.000177953 7.79385e-05 0.000421481 0.000288576 0.000390596 8.10888e-05 0.000149272 0.000124628 9.72689e-05 7.28624e-05 0.00025408 0.000286253 0.000235301 0.000428516 8.58229e-05 7.00092e-05 8.52788e-05 1.48597e-05 1.01352e-05 6.88957e-07
threshold=-34707013.999999993 93.450000762939467 13765753.500000002 1.7297239671300173 97.974998474121108 61.366070913128176 -0.038545935111203793 74.05965381654174 0.51847330989264184 79.424999237060561 -0.0097656527757102301 0.031978995084651816 -0.010582011898796371 -0.019641406445310844 -0.02334932704628195 34.605464935302741 87.974998474121108 23181511.000000004 51.459938049316413 -2436328310.9999995 13420419.500000002 76.17791690826418
decision_type=2 2 2 2 2 2 2 2 2 2 2 2 2 2 2 2 2 2 2 2 2 2
left_child=1 11 -3 7 5 6 -5 9 -9 21 -11 14 13 -13 15 -1 -16 18 -6 -14 -10 -2
right_child=3 2 -4 4 17 -7 -8 8 20 10 -12 12 19 -15 16 -17 -18 -19 -20 -21 -22 -23
leaf_value=-0.00015842557284199434 0 0 8.9300717878912527e-05 0 3.4398527398053154e-06 0 -0.0001459852387343706 0 0 0 4.3693610815937695e-05 0 0 0.0001228057199681482 6.4425415765857855e-07 0 -2.5155012334895582e-05 5.0102790142316731e-05 -4.0572353799316271e-05 -1.6503835011836965e-05 -6.6478066389559387e-05 -2.623341175819669e-06
leaf_weight=24 23 42 40 22 73 37 50 40 20 23 132 47 53 36 2998 41 120 25 46 49 37 90
leaf_count=24 23 42 40 22 73 37 50 40 20 23 132 47 53 36 2998 41 120 25 46 49 37 90
internal_value=0 5.89312e-07 4.40938e-05 -3.36113e-06 -1.74565e-05 -6.46829e-05 -9.96651e-05 0 -1.45269e-05 1.39922e-05 3.25822e-05 0 1.77219e-05 5.8748e-05 -1.52909e-06 -5.80287e-05 0 0 0 0 -5.20736e-05 0
internal_weight=4068 3450 82 618 253 109 72 365 97 268 155 3368 185 83 3183 65 3118 144 119 102 57 113
internal_count=4068 3450 82 618 253 109 72 365 97 268 155 3368 185 83 3183 65 3118 144 119 102 57 113
is_linear=0
shrinkage=0.03


Tree=377
num_leaves=22
num_cat=0
split_feature=25 30 28 5 29 5 32 30 27 2 25 22 30 35 22 32 34 36 5 29 22
split_gain=8.83642e-06 9.88076e-05 0.000159775 0.000239757 0.000162842 0.00010283 0.00044038 0.000139829 9.51667e-05 8.09148e-05 0.000243851 0.000124747 0.000183092 0.000147847 8.56495e-05 0.000109393 7.65416e-05 7.42443e-05 5.84705e-05 3.32196e-05 2.1223e-05
threshold=0.18431742644632845 54.467201162233131 54245099.500000007 12756383.500000002 62.684636003959362 50171193.000000007 -0.041337854561385605 39.515379556776985 0.33627462677483305 93.250000000000014 0.3429200453248169 52.265349964355771 71.236080986564318 0.012254284429820055 54.010467089836148 0.025909395965970864 0.024484222124211755 -0.0066646660494143212 12023309.500000002 71.635261751314445 52.850893988086995
decision_type=2 2 2 2 2 2 2 2 2 2 2 2 2 2 2 2 2 2 2 2 2
left_child=1 5 4 -4 18 6 -1 -8 -7 11 -11 12 13 -2 20 -16 -6 -5 -3 -12 -13
right_child=9 2 3 17 16 8 7 -9 -10 10 19 14 -14 -15 15 -17 -18 -19 -20 -21 -22
leaf_value=-0.00011865473696203944 0 0 0 0 -2.7922904421881808e-06 8.5539966005108067e-05 2.8342480848227657e-06 -1.3736929030122865e-05 0 8.4627620599989124e-05 -3.1005452111718261e-05 0 0 -7.8087082619469195e-05 0 -3.2120022265983745e-05 2.1770245025290385e-05 -0.00010207255387117067 4.094261519620984e-05 0 4.1021044018106352e-05
leaf_weight=30 41 70 20 20 319 21 1482 607 20 34 31 21 51 76 604 115 140 29 244 48 45
leaf_count=30 41 70 20 20 319 21 1482 607 20 34 31 21 51 76 604 115 140 29 244 48 45
internal_value=0 8.39212e-07 1.01521e-05 -1.72602e-05 1.64814e-05 -1.40258e-06 -3.6386e-06 -5.45235e-07 4.08964e-05 -2.34019e-06 1.47938e-05 -7.52077e-06 -3.14418e-05 -5.31634e-05 0 -5.31242e-06 0 -6.9383e-05 3.36925e-05 0 2.93114e-05
internal_weight=4068 3002 842 69 773 2160 2119 2089 41 1066 113 953 168 117 785 719 459 49 314 79 66
internal_count=4068 3002 842 69 773 2160 2119 2089 41 1066 113 953 168 117 785 719 459 49 314 79 66
is_linear=0
shrinkage=0.03


Tree=378
num_leaves=22
num_cat=0
split_feature=23 30 35 32 29 35 32 26 23 31 26 26 26 33 35 28 28 36 36 34 1
split_gain=9.07572e-06 6.98384e-05 0.000136975 0.000292261 0.00011352 0.000271155 0.000115678 5.51479e-05 5.18184e-05 4.32671e-05 0.000156002 0.000199996 0.000104905 0.000196431 9.70393e-05 2.83329e-05 1.74481e-05 1.39431e-05 0.000105317 5.80126e-05 1.99872e-07
threshold=-0.5605283133619422 33.666759040840724 0.020710039191842788 0.016745234604434781 26.233090222603014 0.019067098436459474 -0.0012642519379540971 2.5691536236133112 -0.55118049495346699 -0.017018872043584207 1.6123652999936402 2.1182806291976832 1.2559761383839154 0.012785298903659982 0.015451879117490871 -239473512.99999997 -158784572.49999997 -1.0000000180025095e-35 -0.0049122075878584573 0.013109290017823462 74.875000000000014
decision_type=2 2 2 2 2 2 2 2 2 2 2 2 2 2 2 2 2 2 2 2 2
left_child=1 4 17 7 6 -6 15 -4 -2 10 20 -12 14 -14 -11 -1 -7 18 -3 -19 -10
right_child=8 2 3 -5 5 16 -8 -9 9 12 11 -13 13 -15 -16 -17 -18 19 -20 -21 -22
leaf_value=0 -3.8945089996287536e-05 0 9.0132018981882754e-05 0 0 -8.3157181140245873e-05 3.4914119428306347e-05 0 -1.7595816434284069e-06 0 6.8662347243825952e-05 0 -1.7376978127174468e-05 2.9102776831746556e-06 1.5477674198507221e-05 -1.7310210840708711e-05 0 -2.0615888268408462e-05 3.5017041087541654e-05 0 0
leaf_weight=188 32 124 62 37 116 52 87 21 58 1034 75 35 867 442 410 85 20 124 87 81 31
leaf_count=188 32 124 62 37 116 52 87 21 58 1034 75 35 867 442 410 85 20 124 87 81 31
internal_value=0 2.37558e-06 1.13071e-05 3.99644e-05 -8.87393e-07 -2.31187e-05 2.39447e-06 7.39836e-05 -8.28869e-07 0 1.30027e-05 3.97613e-05 -1.38467e-06 -8.23539e-06 2.7483e-06 0 -6.91312e-05 0 7.54452e-06 -1.61204e-06 0
internal_weight=4068 1084 536 120 548 188 360 83 2984 2952 199 110 2753 1309 1444 273 72 416 211 205 89
internal_count=4068 1084 536 120 548 188 360 83 2984 2952 199 110 2753 1309 1444 273 72 416 211 205 89
is_linear=0
shrinkage=0.03


Tree=379
num_leaves=24
num_cat=0
split_feature=5 24 0 23 27 24 19 26 5 0 0 5 25 25 30 33 30 3 26 25 31 27 24
split_gain=8.95763e-06 5.36199e-05 6.52462e-05 4.69561e-05 0.000129328 8.99835e-05 5.73362e-05 4.40541e-05 4.12692e-05 0.000105829 0.000124969 3.97028e-05 9.46121e-05 0.000124307 6.97651e-05 0.000248007 0.000191169 3.35837e-05 0.000111462 8.66601e-05 2.0664e-05 5.86369e-06 1.5388e-06
threshold=12395275.500000002 0.70199715520694772 42.269647598266609 -0.14559672551621358 0.71146760126689113 -0.47589786597385697 64.935000228881847 1.6123652999936402 14458628.000000002 35.429193496704109 33.34442329406739 15586352.500000002 -0.22744713358156218 0.29214058592142067 45.47584809727261 -0.00080514277628052067 79.689788363353003 83.575000762939467 2.2423539968036938 -0.068714348371610376 0.0032425228742700711 0.84322347165753186 0.79181071454040963
decision_type=2 2 2 2 2 2 2 2 2 2 2 2 2 2 2 2 2 2 2 2 2 2 2
left_child=1 3 22 5 6 20 -5 -7 9 10 -2 12 -10 -14 15 -13 -16 19 -19 -11 -1 -6 -3
right_child=8 2 -4 4 21 7 -8 -9 11 17 -12 14 13 -15 16 -17 -18 18 -20 -21 -22 -23 -24
leaf_value=0 0 0 0 0 8.803053716985333e-06 0 -3.4981727439249146e-05 7.089260743709273e-05 0 2.9856379105525225e-05 -7.6501185501396936e-05 -3.0991257467324346e-06 3.4336419274461793e-05 0 -1.4110614618212665e-05 2.4523809577651874e-05 9.22941269018738e-06 -2.9829272539731928e-05 0 0 -1.5531048026472211e-05 0 5.2873615496689918e-05
leaf_weight=168 35 20 73 20 68 122 159 27 55 91 42 765 197 36 979 382 309 143 29 172 77 58 41
leaf_count=168 35 20 73 20 68 122 159 27 55 91 42 765 197 36 979 382 309 143 29 172 77 58 41
internal_value=0 2.80087e-06 2.02139e-05 0 -9.35413e-06 6.28436e-06 -2.82657e-05 2.5447e-05 -6.86873e-07 -8.68964e-06 -4.16761e-05 0 1.10772e-05 2.27366e-05 -3.95665e-07 3.48654e-06 -6.18189e-06 0 -1.25283e-05 3.49444e-06 0 0 4.31029e-05
internal_weight=4068 833 134 699 305 394 179 149 3235 512 77 2723 288 233 2435 1147 1288 435 172 263 245 126 61
internal_count=4068 833 134 699 305 394 179 149 3235 512 77 2723 288 233 2435 1147 1288 435 172 263 245 126 61
is_linear=0
shrinkage=0.03


Tree=380
num_leaves=25
num_cat=0
split_feature=5 24 0 36 31 22 0 31 5 5 0 21 25 34 23 35 24 19 5 0 3 21 5 24
split_gain=9.26204e-06 5.03405e-05 6.19801e-05 4.70273e-05 0.000181956 0.000107126 7.44696e-05 6.14989e-05 5.79766e-05 3.86437e-05 0.00010039 7.8294e-05 3.92708e-05 0.000175578 0.000128512 0.000117224 9.09629e-05 8.54687e-05 5.42487e-05 3.81527e-05 3.67677e-05 9.04151e-05 6.03098e-05 4.17193e-07
threshold=12395275.500000002 0.70199715520694772 42.269647598266609 -0.0020765181772976608 0.0032425228742700711 40.353490587795257 76.525650024414077 0.0053403260408075868 9045723.0000000019 14458628.000000002 37.639163970947273 53.877499961853033 -0.090482438596136472 -0.022614434936039481 -0.62415339869719577 0.027371385576570508 -1.1672685771676643 51.160000228881842 15529853.000000002 33.152118682861335 83.575000762939467 96.264999961853036 13765753.500000002 0.80294338320137559
decision_type=2 2 2 2 2 2 2 2 2 2 2 2 2 2 2 2 2 2 2 2 2 2 2 2
left_child=1 3 23 5 6 -1 -5 -7 -6 10 11 -2 14 17 16 -16 -11 -14 -15 -13 22 -22 -12 -3
right_child=9 2 -4 4 8 7 -8 -9 -10 12 20 19 13 18 15 -17 -18 -19 -20 -21 21 -23 -24 -25
leaf_value=0 0 0 0 3.1118083620206499e-05 0 -3.2384541181299603e-05 0 0 -2.2195801621162496e-05 -3.6361404377324572e-06 2.0701478528800394e-05 0 0 1.6682163654640967e-05 -2.0419531658374581e-05 0 1.6944942428956518e-05 5.4235439840797761e-05 -9.2872202054549085e-07 -6.2047506684671431e-05 -2.6395518488563011e-05 0 0 5.3328422533428854e-05
leaf_weight=63 30 23 73 242 45 172 31 20 126 101 148 20 22 171 543 88 311 87 1400 60 151 21 82 38
leaf_count=63 30 23 73 242 45 172 31 20 126 101 148 20 22 171 543 88 311 87 1400 60 151 21 82 38
internal_value=0 2.87568e-06 1.97289e-05 0 5.53305e-06 -1.06121e-05 2.47589e-05 -2.55234e-05 -7.62378e-06 -6.68674e-07 -8.41069e-06 -3.39065e-05 0 3.55731e-06 -3.67438e-06 -1.38436e-05 4.62014e-06 4.05373e-05 0 -4.95978e-05 0 -1.17847e-05 6.31962e-06 4.20385e-05
internal_weight=4068 833 134 699 444 255 273 192 171 3235 512 110 2723 1680 1043 631 412 109 1571 80 402 172 230 61
internal_count=4068 833 134 699 444 255 273 192 171 3235 512 110 2723 1680 1043 631 412 109 1571 80 402 172 230 61
is_linear=0
shrinkage=0.03


Tree=381
num_leaves=22
num_cat=0
split_feature=5 24 23 32 24 22 5 26 35 26 33 32 28 32 21 3 31 25 32 31 24
split_gain=8.83875e-06 4.79323e-05 4.3176e-05 9.10579e-05 8.73052e-05 7.76588e-05 4.27935e-05 3.90951e-05 3.79638e-05 8.16103e-05 0.000106852 0.000140772 3.13269e-05 0.000182651 0.000192936 7.02182e-05 0.000217177 6.69222e-05 6.04793e-05 1.82608e-05 1.40793e-05
threshold=12395275.500000002 0.70199715520694772 -0.14559672551621358 -0.0021721774604380735 -0.47589786597385697 53.470264341962412 8308523.0000000009 1.6123652999936402 0.0091556114152277681 0.95767596460126125 -0.0092146710585883623 0.0049904666800744133 41470116.500000007 0.01917851400884674 76.065416526794451 85.924999237060561 0.006499251830309861 0.30147309933323935 0.01214308084334337 0.0032425228742700711 1.1062837267564707
decision_type=2 2 2 2 2 2 2 2 2 2 2 2 2 2 2 2 2 2 2 2 2
left_child=1 2 4 5 19 -4 -3 -6 9 -2 -11 -12 15 14 -14 18 -17 -15 -10 -1 -8
right_child=8 6 3 -5 7 -7 20 -9 12 10 11 -13 13 17 -16 16 -18 -19 -20 -21 -22
leaf_value=0 0 0 -4.4368505359334111e-05 0 0 0 3.8513134171214932e-05 6.9011089420358454e-05 2.0902221319878075e-06 0 -6.101899429470197e-05 0 0 4.7194990555700096e-05 -4.4861924101747702e-05 0 4.7860030167608469e-05 0 -9.2191584059127199e-06 -1.460005715483725e-05 0
leaf_weight=168 71 27 89 177 122 39 68 27 1757 58 89 83 24 30 176 260 115 22 550 77 39
leaf_count=168 71 27 89 177 122 39 68 27 1757 58 89 83 24 30 176 260 115 22 550 77 39
internal_value=0 2.83282e-06 0 -8.78641e-06 6.23167e-06 -2.86988e-05 1.92756e-05 2.50926e-05 -6.26397e-07 -1.08486e-05 -2.17534e-05 -3.45177e-05 0 -9.59379e-06 -3.0057e-05 1.36409e-06 1.34827e-05 1.1436e-05 0 0 2.87198e-05
internal_weight=4068 833 699 305 394 128 134 149 3235 301 230 172 2934 252 200 2682 375 52 2307 245 107
internal_count=4068 833 699 305 394 128 134 149 3235 301 230 172 2934 252 200 2682 375 52 2307 245 107
is_linear=0
shrinkage=0.03


Tree=382
num_leaves=24
num_cat=0
split_feature=34 27 35 25 4 31 25 32 30 0 34 27 22 22 30 3 30 0 30 29 28 2 29
split_gain=8.72183e-06 9.42087e-05 0.000194982 0.000248842 0.00017404 8.74062e-05 8.27355e-05 5.88113e-05 7.62817e-05 0.000139354 5.4969e-05 4.3975e-05 9.43377e-05 0.000126163 6.4127e-05 0.000205975 0.000149521 3.68929e-05 0.00011417 1.56735e-05 1.28109e-05 9.32809e-06 3.87137e-06
threshold=0.016471645443034592 0.89477545326882524 0.013841967044745796 0.3429200453248169 51.925001144409187 -0.0041784423000219553 0.041187088887622222 0.02912624844304024 79.689788363353003 55.518568038940437 0.015076051109572776 0.7558988578673963 64.879618102489815 62.456384480202281 39.515379556776985 84.724998474121108 35.076005477476109 37.356622695922859 80.392276398341423 70.717874573878589 -192960853.99999997 76.674999237060561 84.44895089852092
decision_type=2 2 2 2 2 2 2 2 2 2 2 2 2 2 2 2 2 2 2 2 2 2 2
left_child=10 2 5 4 -4 -2 -7 8 9 -3 11 14 13 -13 16 -16 -1 -9 -19 -5 -14 -12 -10
right_child=1 7 3 19 -6 6 -8 17 22 -11 21 12 20 -15 15 -17 -18 18 -20 -21 -22 -23 -24
leaf_value=-5.4680310744419577e-07 -4.734114983564831e-05 -4.4819269038026882e-05 0 -2.3706488412632356e-05 5.3691403710828945e-05 -1.5269354836471006e-05 2.1439919730728354e-05 0 7.6861905480150435e-06 0 -4.0475611840671438e-05 0 0 6.6857226527980415e-05 -1.5611161143202362e-05 1.1103556734786233e-05 2.5493246770242137e-05 4.7562384788156521e-05 0 0 -1.8952156381168022e-05 0 -1.8469787718177178e-06
leaf_weight=1309 35 125 43 25 223 47 138 28 52 41 36 203 72 52 892 236 209 60 20 43 32 28 119
leaf_count=1309 35 125 43 25 223 47 138 28 52 41 36 203 72 52 892 236 209 60 20 43 32 28 119
internal_value=0 2.56539e-06 1.25353e-05 2.8033e-05 4.27586e-05 0 0 -3.10654e-06 -1.30291e-05 -2.7529e-05 -6.44375e-07 0 9.79188e-06 2.16286e-05 -1.39464e-06 -7.36208e-06 1.06371e-06 8.6698e-08 2.03602e-05 0 0 -2.81367e-05 0
internal_weight=4068 999 554 334 266 220 185 445 337 166 3069 3005 359 255 2646 1128 1518 108 80 68 104 64 171
internal_count=4068 999 554 334 266 220 185 445 337 166 3069 3005 359 255 2646 1128 1518 108 80 68 104 64 171
is_linear=0
shrinkage=0.03


Tree=383
num_leaves=26
num_cat=0
split_feature=5 0 25 32 5 0 0 34 28 1 30 19 23 35 23 30 33 5 29 34 5 21 33 5 5
split_gain=9.07883e-06 4.97099e-05 6.32369e-05 4.88264e-05 3.57415e-05 9.58653e-05 0.000115267 4.82244e-05 3.7536e-05 0.000254205 0.000155919 0.000127844 0.000309109 5.18479e-05 4.28029e-05 2.70108e-05 1.47983e-05 1.25803e-05 6.26442e-05 0.000104436 2.01917e-05 2.49938e-05 1.08075e-05 7.03657e-06 1.49143e-06
threshold=12395275.500000002 43.31294250488282 0.12598336410149802 0.013847839063719782 14458628.000000002 35.429193496704109 33.34442329406739 0.025760076338229857 -36735609.499999993 91.075000762939467 54.978442955737108 81.459999847412121 1.5900133998422279 0.0086138390032465279 -0.43422487342371591 47.61370037376026 -0.023829118973750948 9045723.0000000019 24.835628807731378 0.016119098259447798 7336101.5000000009 80.315416590372735 0.018433844732519414 10246771.500000002 10960284.500000002
decision_type=2 2 2 2 2 2 2 2 2 2 2 2 2 2 2 2 2 2 2 2 2 2 2 2 2
left_child=1 2 3 16 5 6 -2 15 9 13 -11 14 -13 -6 -10 -7 -1 20 24 -20 -3 -22 -9 -4 -19
right_child=4 17 23 -5 8 7 -8 22 11 10 -12 12 -14 -15 -16 -17 -18 18 19 -21 21 -23 -24 -25 -26
leaf_value=0 0 0 -1.0531344653042286e-05 0 -1.6528170388688247e-05 0 -7.2839210840147274e-05 -5.1332865859062132e-05 0 9.6303748225686585e-05 0 -4.3028229947215683e-05 5.0433673901930807e-06 1.7673121039125636e-06 1.9030529090267908e-05 1.1689634150660665e-05 2.7088385146397629e-05 0 -3.0046872060310957e-05 0 0 2.7938416747098351e-05 0 0 5.9355318263965048e-06
leaf_weight=20 35 48 57 23 147 214 42 20 40 41 26 223 65 2074 107 179 226 32 179 62 29 52 22 67 38
leaf_count=20 35 48 57 23 147 214 42 20 40 41 26 223 65 2074 107 179 226 32 179 62 29 52 22 67 38
internal_value=0 2.89731e-06 1.14717e-05 2.00932e-05 -6.03324e-07 -8.06933e-06 -3.93896e-05 0 0 2.29639e-06 5.99119e-05 -7.06478e-06 -2.17677e-05 0 1.34188e-06 6.45705e-07 2.49004e-05 0 -6.03278e-06 -1.67572e-05 0 1.49691e-05 -3.20473e-05 0 0
internal_weight=4068 833 393 269 3235 512 77 435 2723 2288 67 435 288 2221 147 393 246 440 311 241 129 81 42 124 70
internal_count=4068 833 393 269 3235 512 77 435 2723 2288 67 435 288 2221 147 393 246 440 311 241 129 81 42 124 70
is_linear=0
shrinkage=0.03


Tree=384
num_leaves=19
num_cat=0
split_feature=34 33 33 33 32 24 0 34 28 30 33 22 32 3 29 24 23 23
split_gain=8.59133e-06 0.000125935 8.29123e-05 0.000176799 0.00012918 0.000110144 0.000105384 9.59969e-05 5.77287e-05 4.83555e-05 3.81939e-05 0.000170539 8.54347e-05 0.00014626 8.00939e-05 7.95918e-05 5.16613e-05 1.73191e-05
threshold=0.032638715944053327 0.04243112540457273 0.021543011165497176 0.034665068101045755 -0.0021721774604380735 0.14631179667868865 40.032712936401374 0.03782875835065392 -145020430.99999997 89.296469236372459 0.015729859674024963 58.429245740470414 -0.0015828045550863032 74.719997406005874 82.961744659227762 -0.45237866218835648 0.77684028445322195 1.0706607089976219
decision_type=2 2 2 2 2 2 2 2 2 2 2 2 2 2 2 2 2 2
left_child=1 10 4 7 -2 8 -6 -4 -5 -9 12 14 15 -14 -12 -1 -13 -7
right_child=2 -3 3 5 6 17 -8 9 -10 -11 11 16 13 -15 -16 -17 -18 -19
leaf_value=-1.20775380974194e-05 0 6.6263947475985241e-05 0 -5.8830637862316546e-05 0 2.1073180114010613e-05 -7.4889386663936879e-05 6.2750565083397007e-05 0 0 -3.1203243614611759e-05 2.1943089627964121e-05 1.9210658979446346e-05 0 0 2.0856331967817625e-07 0 0
leaf_weight=528 39 26 35 53 41 35 52 65 20 20 260 99 565 807 28 1253 96 46
leaf_count=528 39 26 35 53 41 35 52 65 20 20 260 99 565 807 28 1253 96 46
internal_value=0 5.86961e-07 -3.99166e-06 0 -2.47763e-05 -1.45662e-05 -4.60413e-05 3.24445e-05 -4.2466e-05 5.00082e-05 0 -7.73391e-06 1.31816e-06 7.48712e-06 -2.50761e-05 -1.74993e-06 2.50211e-06 0
internal_weight=4068 3662 406 274 132 154 93 120 73 85 3636 483 3153 1372 288 1781 195 81
internal_count=4068 3662 406 274 132 154 93 120 73 85 3636 483 3153 1372 288 1781 195 81
is_linear=0
shrinkage=0.03


Tree=385
num_leaves=23
num_cat=0
split_feature=5 24 5 22 32 22 19 5 26 33 28 25 34 32 29 27 19 5 22 24 24 25
split_gain=8.57896e-06 4.38878e-05 4.13971e-05 4.03362e-05 0.000158543 6.60463e-05 5.21303e-05 3.4726e-05 8.50249e-05 0.000127972 0.000117614 3.65611e-05 0.000165388 0.000121542 0.000174031 0.000154971 8.18889e-05 5.10542e-05 2.7215e-05 2.01938e-05 1.28727e-05 2.62386e-08
threshold=12395275.500000002 0.70199715520694772 8523267.0000000019 41.495051220532929 -0.0021721774604380735 53.470264341962412 78.960000610351571 14458628.000000002 1.0048011110040587 -0.012956149463915155 -2466429354.9999995 -0.090482438596136472 -0.022614434936039481 -0.00064411320344176504 32.743602450249263 -0.04537947003404643 51.160000228881842 15529853.000000002 36.63955469088588 -0.55065618939494676 1.1062837267564707 0.17454807011840368
decision_type=2 2 2 2 2 2 2 2 2 2 2 2 2 2 2 2 2 2 2 2 2 2
left_child=1 3 -3 6 5 -5 -1 8 21 18 -11 13 16 15 -15 -9 -13 -14 -10 -6 -4 -2
right_child=7 2 20 4 19 -7 -8 11 9 10 -12 12 17 14 -16 -17 -18 -19 -20 -21 -22 -23
leaf_value=2.8523527883455394e-05 6.117541798672327e-07 0 3.7641564732221064e-05 -3.9327461089922413e-05 0 0 0 2.7282832273975257e-06 0 0 -3.5072943926259976e-05 0 1.6202783302183809e-05 3.3854169722698343e-05 0 -2.1001269669236778e-05 5.2825785728198735e-05 -8.5763797711977614e-07 1.9702021716673238e-05 8.4077492725659188e-06 0 0
leaf_weight=90 63 28 67 137 87 42 86 102 31 66 268 22 171 146 229 566 87 1400 63 257 39 21
leaf_count=90 63 28 67 137 87 42 86 102 31 66 268 22 171 146 229 566 87 1400 63 257 39 21
internal_value=0 2.84252e-06 1.85673e-05 0 -4.35371e-06 -2.91901e-05 1.2241e-05 -5.53104e-07 -7.93489e-06 -1.59394e-05 -2.58898e-05 0 3.49384e-06 -3.44731e-06 5.37022e-06 -1.28877e-05 3.93995e-05 0 0 0 2.80513e-05 0
internal_weight=4068 833 134 699 523 179 176 3235 512 428 334 2723 1680 1043 375 668 109 1571 94 344 106 84
internal_count=4068 833 134 699 523 179 176 3235 512 428 334 2723 1680 1043 375 668 109 1571 94 344 106 84
is_linear=0
shrinkage=0.03


Tree=386
num_leaves=12
num_cat=0
split_feature=36 35 35 28 5 21 0 35 36 30 32
split_gain=8.09039e-06 0.000354948 8.00741e-05 0.000280761 6.96228e-05 6.85169e-05 0.00010251 4.75206e-05 0.00019182 5.29407e-05 1.9019e-05
threshold=-0.0166666757492792 0.050596392328530283 0.036732541135915224 -2370648789.4999995 28274114.000000004 52.104166571299238 39.819772720336921 0.027371385576570508 -0.0029615609959668912 81.850308991890117 -0.015297477044396544
decision_type=2 2 2 2 2 2 2 2 2 2 2
left_child=4 2 7 -4 10 -6 -7 9 -9 -2 -1
right_child=1 -3 3 -5 5 6 -8 8 -10 -11 -12
leaf_value=1.6341265584284062e-05 -1.7105793791940294e-06 0.00010318188137526428 0 -9.1092313659246974e-05 0 -7.750482573155111e-05 0 0 3.6479352475278986e-05 1.088180227138059e-05 0
leaf_weight=64 3208 30 29 39 21 37 34 53 162 323 68
leaf_count=64 3208 30 29 39 21 37 34 53 162 323 68
internal_value=0 5.11768e-07 0 -3.24614e-05 -5.2914e-06 -2.73584e-05 -4.28585e-05 2.862e-07 1.41512e-05 0 0
internal_weight=4068 3844 3814 68 224 92 71 3746 215 3531 132
internal_count=4068 3844 3814 68 224 92 71 3746 215 3531 132
is_linear=0
shrinkage=0.03


Tree=387
num_leaves=17
num_cat=0
split_feature=34 33 35 28 29 26 33 26 0 34 29 35 32 33 33 34
split_gain=8.69848e-06 0.000119161 0.000280229 0.000144018 8.20872e-05 0.000156294 7.80558e-05 0.000126054 9.12843e-05 7.70884e-05 0.000170241 0.000110402 1.53211e-05 4.17735e-05 0.000125131 1.38505e-05
threshold=0.032638715944053327 0.030004639080903898 0.014097042345880701 -1218208600.4999998 72.031485185429617 1.4565484651076723 0.016324516942926252 0.99443579008814709 35.152057647705085 -0.0010224835695099019 52.640364732587649 0.016613330758199835 -0.0021721774604380735 0.049543256784662655 0.034665068101045755 0.071676657522651413
decision_type=2 2 2 2 2 2 2 2 2 2 2 2 2 2 2 2
left_child=1 6 -3 -4 5 -2 9 -8 -9 10 -1 -11 -6 14 -14 -15
right_child=4 2 3 -5 12 -7 7 8 -10 11 -12 -13 13 15 -16 -17
leaf_value=0 0 0 0 0.00010315595661495042 1.9003106304077704e-05 -8.0482742484873002e-05 0 0 -3.0065628527658797e-05 0 -2.9782595002069913e-05 2.171308124657894e-05 0 1.9706152267993432e-05 -5.0852447037369477e-05 0
leaf_weight=1738 28 22 25 46 38 34 40 58 288 906 176 363 184 32 58 32
leaf_count=1738 28 22 25 46 38 34 40 58 288 906 176 363 184 32 58 32
internal_value=0 6.37918e-07 3.41751e-05 7.12497e-05 -3.95069e-06 -3.59407e-05 0 -1.29571e-05 -2.26954e-05 1.30601e-06 -1.24873e-06 7.52294e-06 0 -3.15164e-07 -1.24667e-05 0
internal_weight=4068 3662 93 71 406 62 3569 386 346 3183 1914 1269 344 306 242 64
internal_count=4068 3662 93 71 406 62 3569 386 346 3183 1914 1269 344 306 242 64
is_linear=0
shrinkage=0.03


Tree=388
num_leaves=18
num_cat=0
split_feature=20 21 5 22 20 24 3 27 33 3 25 25 19 21 21 21 5
split_gain=8.37587e-06 0.000199483 0.000166581 0.000109218 0.000234562 9.48544e-05 8.15228e-05 7.58532e-05 8.68302e-05 7.3574e-05 5.67576e-05 9.17651e-05 0.000161486 6.4979e-05 0.000168946 8.72058e-05 5.91559e-05
threshold=65.671250057220476 63.41541630427043 9717907.0000000019 38.575715138694342 54.300000000000004 -0.1857267062602643 64.52500152587892 0.76661712811788152 0.034665068101045755 59.049999237060554 -0.061064680638114648 -0.20167157520656878 73.109999847412126 81.518333498636892 84.057499885559096 76.28291664123536 23301978.500000004
decision_type=2 2 2 2 2 2 2 2 2 2 2 2 2 2 2 2 2
left_child=1 3 -3 4 -1 -4 -2 9 -9 -5 11 16 -13 15 -15 -12 -8
right_child=6 2 5 7 -6 -7 10 8 -10 -11 13 12 -14 14 -16 -17 -18
leaf_value=0 4.4778611171370962e-05 0 -5.9024621565325295e-05 -1.7251055956754446e-05 0.00011849835089395216 0 -2.2715923391826286e-06 2.3741719632415468e-05 0 0 5.7069808273478465e-06 0 -2.5447472051199513e-05 2.9562257805240154e-05 0 -1.2452357543349955e-05 1.6893500276147886e-05
leaf_weight=116 38 23 120 396 22 54 578 168 65 50 581 91 390 271 545 384 176
leaf_count=116 38 23 120 396 22 54 578 168 65 50 581 91 390 271 545 384 176
internal_value=0 -2.10969e-06 -3.04811e-05 1.06277e-06 2.68041e-05 -4.37375e-05 9.95181e-07 0 8.44026e-06 -1.07614e-05 0 -4.47128e-06 -1.49329e-05 3.84919e-06 1.01978e-05 0 0
internal_weight=4068 1014 197 817 138 174 3054 679 233 446 3016 1235 481 1781 816 965 754
internal_count=4068 1014 197 817 138 174 3054 679 233 446 3016 1235 481 1781 816 965 754
is_linear=0
shrinkage=0.03


Tree=389
num_leaves=28
num_cat=0
split_feature=5 0 23 26 29 29 0 5 29 19 0 29 34 24 24 22 27 19 32 34 24 5 24 33 24 34 27
split_gain=8.69812e-06 4.51177e-05 6.03872e-05 9.1054e-05 3.27729e-05 0.000127178 0.000137458 0.000151165 0.000114141 0.000142743 0.000171182 8.64913e-05 0.000103311 5.61852e-05 5.28891e-05 0.000200901 0.000150787 4.65216e-05 2.03152e-05 1.30971e-05 9.30295e-05 1.98451e-05 1.11922e-05 7.96514e-05 4.02697e-05 7.74093e-05 3.20645e-05
threshold=12395275.500000002 43.31294250488282 0.15328245847936731 1.0197784311047415 52.640364732587649 60.533135584348337 67.317680358886733 14151690.000000002 38.673466923108741 51.660000228881842 51.198415756225593 32.443847231205211 -0.015284984090240648 -0.65472019711072782 -0.44153839453232008 60.01874199912077 0.91725882192203845 48.315000152587899 -0.0074626461056775941 0.006811162230454638 -0.12005298364240799 10737158.000000002 0.29943398755520734 -0.0074704468999237097 -0.47589786597385697 -0.0023945956969808608 0.84322347165753186
decision_type=2 2 2 2 2 2 2 2 2 2 2 2 2 2 2 2 2 2 2 2 2 2 2 2 2 2 2
left_child=1 2 19 -4 8 6 7 -6 11 17 -11 13 -13 -2 16 -16 -7 -10 -5 20 -1 -21 24 -24 25 -3 -26
right_child=4 22 3 18 5 14 -8 -9 9 10 -12 12 -14 -15 15 -17 -18 -19 -20 21 -22 -23 23 -25 26 -27 -28
leaf_value=2.6442804357470395e-05 -9.64580481108322e-06 -3.6794901064933578e-05 0 0 0 2.6763307570234223e-05 0 -4.5049471945584374e-05 0 3.3099798375075817e-05 0 0 -3.2632812773482152e-05 5.8636422357129892e-06 -2.2782618605157539e-05 3.6021642955593121e-06 -4.3097988010834268e-06 -3.3150206065157382e-05 4.6885497715431859e-05 -2.2046001476177347e-05 0 0 0 -3.4397700607115213e-05 2.0220433158260138e-05 0 0
leaf_weight=130 254 52 25 26 48 238 30 198 25 350 105 70 164 783 358 529 45 38 92 46 41 33 54 69 157 78 30
leaf_count=130 254 52 25 26 48 238 30 198 25 350 105 70 164 783 358 529 45 38 92 46 41 33 54 69 157 78 30
internal_value=0 2.95449e-06 1.10361e-05 2.67277e-05 -4.14627e-07 -4.38566e-06 -2.27002e-05 -3.28756e-05 1.1183e-06 1.39647e-05 2.24565e-05 -1.75783e-06 -1.86894e-05 0 0 -3.6665e-06 1.12256e-05 0 3.94903e-05 0 6.50596e-06 -7.58033e-06 0 -9.04585e-06 0 -2.58293e-06 1.37502e-05
internal_weight=4068 833 393 143 3235 1446 276 246 1789 518 455 1271 234 1037 1170 887 283 63 118 250 171 79 440 123 317 130 187
internal_count=4068 833 393 143 3235 1446 276 246 1789 518 455 1271 234 1037 1170 887 283 63 118 250 171 79 440 123 317 130 187
is_linear=0
shrinkage=0.03


Tree=390
num_leaves=28
num_cat=0
split_feature=25 24 5 36 25 26 34 35 26 34 26 25 1 26 35 22 22 0 5 5 34 0 5 25 24 35 24
split_gain=9.25351e-06 7.70504e-05 0.000148478 6.2763e-05 0.000143435 0.000144843 6.23796e-05 9.22204e-05 0.000192338 0.000155652 0.000174127 5.83405e-05 9.3996e-05 5.73334e-05 4.2741e-05 4.24971e-05 0.000168652 0.000227468 0.000177278 0.000148696 9.04022e-05 2.74414e-05 0.000114903 3.12389e-05 1.49397e-05 5.25588e-06 6.68971e-07
threshold=0.18431742644632845 -0.081880023382115613 34923481.500000007 0.0046670544334028088 0.22395386752039229 1.311051052087298 0.016471645443034592 0.014635429174626411 1.490737582404424 0.031592505731436245 1.0588167005513391 0.23152275282915943 92.100002288818374 1.2654407105346108 0.011607680277411313 50.929884349183098 53.470264341962412 55.138040542602546 16147226.000000002 50171193.000000007 -0.019567122228145047 40.19563293457032 14989921.000000002 0.30147309933323935 -0.42004482684229255 0.018383519406686626 0.14631179667868865
decision_type=2 2 2 2 2 2 2 2 2 2 2 2 2 2 2 2 2 2 2 2 2 2 2 2 2 2 2
left_child=6 2 21 4 13 -6 15 8 14 10 -9 25 -13 -3 -8 19 17 -17 -18 20 -1 23 -23 -2 -4 -5 -11
right_child=1 3 24 11 5 -7 7 9 -10 26 -12 12 -14 -15 -16 16 18 -19 -20 -21 -22 22 -24 -25 -26 -27 -28
leaf_value=-7.7581990276005977e-06 0 0 -0.00010479675748371587 0 0 4.8463365908110045e-05 3.107243340754722e-05 0 -6.2468182307470321e-05 -4.0838642278363636e-06 5.9271569143784207e-05 -2.9757186980403803e-05 0 -3.5871783345606767e-05 0 -5.388864259608734e-05 1.948316105210143e-05 0 -1.5698675366997415e-05 6.483942824306832e-05 5.6484497408048198e-06 0 -3.6322970529775126e-05 1.7664715573468144e-05 0 1.4309947539193475e-05 0
leaf_weight=724 90 30 20 21 173 133 61 27 39 36 125 159 33 40 58 134 252 34 259 33 1184 136 97 90 21 23 36
leaf_count=724 90 30 20 21 173 133 61 27 39 36 125 159 33 40 58 134 252 34 259 33 1184 136 97 90 21 23 36
internal_value=0 -2.11702e-06 -1.27371e-05 8.60875e-07 1.18891e-05 2.44009e-05 1.08745e-06 1.24988e-05 0 2.52334e-05 4.31179e-05 -4.00058e-06 -1.71172e-05 0 1.31276e-05 0 -6.96209e-06 -3.31477e-05 0 1.65721e-06 0 0 -1.02933e-05 0 -7.10196e-05 0 0
internal_weight=4068 1066 454 612 376 306 3002 382 158 224 152 236 192 70 119 2620 679 168 511 1941 1908 413 233 180 41 44 72
internal_count=4068 1066 454 612 376 306 3002 382 158 224 152 236 192 70 119 2620 679 168 511 1941 1908 413 233 180 41 44 72
is_linear=0
shrinkage=0.03


Tree=391
num_leaves=27
num_cat=0
split_feature=25 30 29 0 30 34 36 31 4 33 25 23 30 30 22 23 29 0 4 31 23 29 34 31 23 30
split_gain=8.52821e-06 9.21547e-05 0.000140762 9.1242e-05 0.000142442 0.000255051 0.000116618 0.000150682 0.0001151 8.36605e-05 0.000121777 7.64101e-05 0.00016268 0.000342656 0.00015165 0.000131883 0.000114248 0.000154499 6.04413e-05 0.000123782 4.70219e-05 3.48295e-05 6.7552e-05 4.48436e-05 3.04439e-05 3.69675e-05
threshold=0.18431742644632845 54.467201162233131 66.627347228277515 33.289602279663093 39.515379556776985 0.011418807561221935 -0.015117155260647571 -0.0076384546738796901 95.924999237060561 -0.0011363697757241218 0.15650718301987301 0.30376875698082989 69.964915804845035 58.173297011686664 50.830858086518447 0.65818379966701823 88.184083943850041 45.863304138183601 89.350002288818374 -0.011823078966547827 2.9423040640241642 75.732949109695127 0.025307633087982565 0.0033472570625292524 -0.3756476350601296 75.389289488783248
decision_type=2 2 2 2 2 2 2 2 2 2 2 2 2 2 2 2 2 2 2 2 2 2 2 2 2 2
left_child=1 3 9 6 8 -6 -1 -8 -5 10 -3 12 13 -2 -15 16 17 -13 19 -17 -20 22 -4 -23 -14 -26
right_child=11 2 21 4 5 -7 7 -9 -10 -11 -12 15 24 14 -16 18 -18 -19 20 -21 -22 23 -24 -25 25 -27
leaf_value=0 0 3.7847758796395155e-05 -2.384874200370302e-05 2.671472351167651e-06 -2.9869807478478401e-05 5.9070352890152042e-06 6.4834307516344172e-05 0 -3.8166988308676664e-05 0 0 6.1853923645654486e-05 1.9664594568699061e-05 -0.00013751032651784136 0 0 0 0 2.651960632982685e-05 -2.3117643939770059e-05 0 1.9209627200981562e-05 0 0 0 -1.5159200080958564e-05
leaf_weight=24 110 276 153 1227 445 103 67 229 65 121 26 94 67 35 53 46 20 49 65 306 21 123 22 121 49 151
leaf_count=24 110 276 153 1227 445 103 67 229 65 121 26 94 67 35 53 46 20 49 65 306 21 123 22 121 49 151
internal_value=0 1.05193e-06 9.98281e-06 -1.04093e-06 -4.83264e-06 -1.7672e-05 1.1384e-05 2.22388e-05 0 2.23108e-05 3.07633e-05 -2.02075e-06 -1.24784e-05 -3.32364e-05 -7.73588e-05 1.08031e-06 2.69142e-05 3.92958e-05 -1.68986e-06 -1.2174e-05 6.34326e-06 0 -1.22511e-05 4.55555e-06 0 -2.69395e-06
internal_weight=4068 3002 842 2160 1840 548 320 296 1292 423 302 1066 465 198 88 601 163 143 438 352 86 419 175 244 267 200
internal_count=4068 3002 842 2160 1840 548 320 296 1292 423 302 1066 465 198 88 601 163 143 438 352 86 419 175 244 267 200
is_linear=0
shrinkage=0.03


Tree=392
num_leaves=24
num_cat=0
split_feature=28 28 34 24 22 29 24 28 5 35 26 28 5 28 23 29 24 25 29 26 28 22 4
split_gain=9.10799e-06 6.36617e-05 0.00020949 0.000352505 0.00020314 8.01347e-05 4.20521e-05 4.1931e-05 6.12894e-05 0.00010769 0.000177225 0.000155682 4.25091e-05 6.6738e-05 4.08274e-05 0.000174198 9.98704e-05 0.000166831 5.19856e-05 2.77855e-05 3.80554e-05 1.21017e-05 1.27379e-06
threshold=-2436328310.9999995 -655057180.49999988 -0.018127976248897722 -0.9947308691907063 64.575333081473815 17.431246041171963 -0.63080011897408339 -2702935453.4999995 15707166.000000002 0.024697013876977401 1.1544282549493599 -2857359586.4999995 12164916.000000002 -2598932320.9999995 -1.622852727614198 29.665218639667145 -1.1289033984021082 -0.12868040037284992 37.865434759218779 0.80793779858730796 -2764212461.9999995 40.729367588198606 84.52500152587892
decision_type=2 2 2 2 2 2 2 2 2 2 2 2 2 2 2 2 2 2 2 2 2 2 2
left_child=7 2 5 21 -5 6 -2 8 19 10 -10 -11 -9 -14 15 -3 17 -16 -18 -1 -21 -4 -15
right_child=1 14 3 4 -6 -7 -8 12 9 11 -12 -13 13 22 16 -17 18 -19 -20 20 -22 -23 -24
leaf_value=0 -3.6699646211592174e-05 5.7222399178674899e-05 2.0830860607621932e-05 -8.3926528472101484e-05 0 4.5329198727790164e-05 0 0 0 3.5633151402063096e-05 -3.5691229138558911e-05 0 4.3905527131037639e-05 0 -0.00010924255758621241 0 -4.3247283100305405e-06 0 4.87998815734006e-06 1.8857899497960311e-05 0 0 3.2268377257255177e-06
leaf_weight=75 28 59 25 106 20 35 35 32 393 117 210 46 74 41 20 69 739 133 1391 266 20 24 110
leaf_count=75 28 59 25 106 20 35 35 32 393 117 210 46 74 41 20 69 739 133 1391 266 20 24 110
internal_value=0 -7.26136e-07 -1.46622e-05 -3.75774e-05 -6.69078e-05 0 0 2.21357e-06 0 -5.0821e-06 -1.33903e-05 7.24905e-06 1.31591e-05 1.91765e-05 0 1.69351e-05 -5.00091e-08 -2.42085e-05 2.77989e-07 9.89753e-06 1.45275e-05 0 0
internal_weight=4068 2684 273 175 126 98 63 1384 1127 766 603 163 257 225 2411 128 2283 153 2130 361 286 49 151
internal_count=4068 2684 273 175 126 98 63 1384 1127 766 603 163 257 225 2411 128 2283 153 2130 361 286 49 151
is_linear=0
shrinkage=0.03


Tree=393
num_leaves=24
num_cat=0
split_feature=23 23 1 34 33 22 33 20 28 34 22 27 23 22 22 26 33 31 32 2 24 36 28
split_gain=8.47163e-06 0.000100912 0.000135165 0.00016198 7.6643e-05 0.000151498 0.000119089 7.35546e-05 5.10777e-05 4.35329e-05 4.34209e-05 0.000119023 0.000110406 9.28195e-05 0.000200737 0.000156158 0.00012746 0.000142264 8.24393e-05 6.31126e-05 5.02639e-05 3.29507e-05 2.21947e-05
threshold=-0.73699131221007252 -0.91435205573120004 79.27500152587892 0.0101258842148253 0.013921305814910802 39.643463681189608 0.024790234781458479 80.153750038146981 -283823570.49999994 -0.018127976248897722 43.175720434302995 0.062420718942467229 -0.63767387647510165 46.500825681484862 48.767705174455337 1.1659084703273972 -0.024977202187580757 -0.0040701220326175283 -0.014754733166189025 77.825000762939467 -0.21493697314848867 -0.014424663271941408 -2866388925.9999995
decision_type=2 2 2 2 2 2 2 2 2 2 2 2 2 2 2 2 2 2 2 2 2 2 2
left_child=1 4 3 -3 5 9 7 -6 -7 -1 11 20 -13 16 15 -15 -12 -18 -14 -16 22 -22 -2
right_child=10 2 -4 -5 6 8 -8 -9 -10 -11 13 12 18 14 19 -17 17 -19 -20 -21 21 -23 -24
leaf_value=-1.3840835711991672e-05 0 5.4924096661692856e-05 0 0 0 0 0 -0.00010713384065763821 5.0514670682200116e-05 0 0 0 -6.3290071779326039e-05 0 -2.7684235649211102e-06 -4.5633807485601498e-05 5.2911161095534457e-05 0 -3.727176876295421e-06 6.748570407668148e-06 0 2.5076404652588762e-05 -2.3203772902043122e-05
leaf_weight=210 20 121 72 31 32 43 44 21 71 167 39 62 79 89 975 154 116 178 244 1119 25 119 37
leaf_count=210 20 121 72 31 32 43 44 21 71 167 39 62 79 89 975 154 116 178 244 1119 25 119 37
internal_value=0 2.94972e-06 2.08998e-05 3.79916e-05 0 6.03713e-07 -2.66185e-05 -5.75684e-05 3.44556e-05 -1.68364e-06 -4.14152e-07 -8.21523e-06 -1.95161e-05 1.74684e-07 -7.56835e-07 -2.72383e-05 1.57167e-05 2.58809e-05 -2.75953e-05 8.84788e-07 0 1.77181e-05 0
internal_weight=4068 812 224 152 588 491 97 53 114 377 3256 586 385 2670 2337 243 333 294 323 2094 201 144 57
internal_count=4068 812 224 152 588 491 97 53 114 377 3256 586 385 2670 2337 243 333 294 323 2094 201 144 57
is_linear=0
shrinkage=0.03


Tree=394
num_leaves=22
num_cat=0
split_feature=29 29 5 34 33 35 34 33 30 21 30 28 5 24 4 4 21 29 31 31 29
split_gain=8.42925e-06 7.90781e-05 0.000154073 0.000100394 0.000143108 0.000231474 8.42142e-05 9.87469e-05 7.8949e-05 7.51983e-05 5.55224e-05 6.70542e-05 5.7681e-05 3.35313e-05 0.000100834 7.52969e-05 0.000432225 2.98153e-05 1.94913e-05 1.69792e-05 3.39029e-06
threshold=19.523786687300507 22.513360561801111 18004590.000000004 -0.022270336601851345 -0.021160629588235499 0.013333340599423366 -0.0010224835695099019 -0.0096605702972233348 46.199263699098687 75.906249872843446 22.995823650261247 -2852283359.9999995 10845857.000000002 -0.39673669079030432 71.474998474121108 50.024999618530281 70.622916920979833 10.748617672994737 0.00068287058399518774 0.0010019927503900352 34.029228135447617
decision_type=2 2 2 2 2 2 2 2 2 2 2 2 2 2 2 2 2 2 2 2 2
left_child=10 2 -2 4 20 -6 7 -5 -8 -4 13 -12 -13 15 19 -1 -17 -14 -16 -15 -3
right_child=1 3 9 6 5 -7 8 -9 -10 -11 11 12 17 14 18 16 -18 -19 -20 -21 -22
leaf_value=0 0 -6.8993873612892708e-06 -7.8502396490613807e-05 -2.2743846431679584e-05 0 6.6549422874731531e-05 1.4411940390886038e-05 0 0 0 0 0 0 3.9911304078494648e-05 -1.1794622464747663e-05 -0.00012860820415074522 0 4.6158845339983655e-05 0 0 0
leaf_weight=25 78 64 45 313 36 96 364 669 1714 37 26 20 23 70 126 29 135 92 46 20 40
leaf_count=25 78 64 45 313 36 96 364 669 1714 37 26 20 23 70 126 29 135 92 46 20 40
internal_value=0 -3.48677e-07 -2.11462e-05 0 1.93594e-05 4.05567e-05 -7.81122e-07 -8.62677e-06 1.4831e-06 -5.06061e-05 3.42162e-06 1.88325e-05 2.94893e-05 0 4.63536e-06 -1.13933e-05 -2.3718e-05 3.83634e-05 0 3.27066e-05 0
internal_weight=4068 3456 160 3296 236 132 3060 982 2078 82 612 161 135 451 262 189 164 115 172 90 104
internal_count=4068 3456 160 3296 236 132 3060 982 2078 82 612 161 135 451 262 189 164 115 172 90 104
is_linear=0
shrinkage=0.03


Tree=395
num_leaves=28
num_cat=0
split_feature=31 20 23 28 5 1 23 25 24 5 30 31 3 5 5 0 33 35 28 5 25 27 31 5 34 20 30
split_gain=8.21524e-06 0.000152601 0.000285043 0.00013876 0.000191081 0.000245339 0.000140978 0.000137933 8.42222e-05 0.00016787 0.000146147 7.60466e-05 4.70026e-05 0.000204265 0.000510381 0.000398731 0.000181394 0.000237933 0.000204938 0.000166228 9.32858e-05 8.56953e-05 0.000174862 7.47417e-05 5.80013e-05 1.99808e-05 1.89052e-05
threshold=0.0073602671071231205 77.466250228881862 1.0855286647289122 -34707013.999999993 15898018.000000002 86.575000762939467 0.40387565340511605 0.13990302596554297 0.30998366090882618 25818658.500000004 18.859213010908565 0.010413297989430361 83.575000762939467 19906426.500000004 25180375.000000004 48.458337783813484 0.0030737659095054774 0.011829060702751753 -2772454190.4999995 16896523.500000004 0.28730715108561677 0.60230165135065861 0.00060956539931755771 18194832.500000004 -0.007241996988893439 89.331250190734877 66.756719557233751
decision_type=2 2 2 2 2 2 2 2 2 2 2 2 2 2 2 2 2 2 2 2 2 2 2 2 2 2 2
left_child=12 2 8 4 -3 -6 7 -5 10 -10 -2 -8 16 19 15 -15 21 26 -19 20 -14 24 -23 -21 -1 -16 -18
right_child=1 3 -4 6 5 -7 11 -9 9 -11 -12 -13 13 14 25 -17 17 18 -20 23 -22 22 -24 -25 -26 -27 -28
leaf_value=0 5.6828449303478383e-07 0 -8.3998684642140104e-05 -7.2530772773091027e-05 0 9.9189019475352566e-05 0 0 0 5.6751741500698488e-05 -2.5729437827608014e-05 3.147184829431985e-05 0 -0.00013944974403306412 0 0 -1.0646847216173933e-05 0 4.4704271892626161e-05 5.8126460057727562e-05 -3.0680549992863628e-05 -3.2558573801629484e-05 0 0 1.2213013555906858e-05 2.5759846276201546e-05 0
leaf_weight=915 34 101 54 48 132 54 25 25 59 51 293 69 433 52 24 56 150 174 298 63 93 219 95 46 365 27 113
leaf_count=915 34 101 54 48 132 54 25 25 59 51 293 69 433 52 24 56 150 174 298 63 93 219 95 46 365 27 113
internal_value=0 -2.22208e-06 -1.59788e-05 6.04957e-06 2.20416e-05 4.09096e-05 -3.4772e-06 -4.19922e-05 -6.92909e-07 1.10722e-05 -1.38243e-05 0 9.3446e-07 -3.74017e-06 -3.50045e-05 -7.77987e-05 3.81627e-06 1.63771e-05 2.95164e-05 0 -2.64385e-06 -9.4302e-08 -1.54404e-05 3.65726e-05 1.32764e-06 0 0
internal_weight=4068 945 491 454 287 186 167 73 437 110 327 94 3123 794 159 108 2329 735 472 635 526 1594 314 109 1280 51 263
internal_count=4068 945 491 454 287 186 167 73 437 110 327 94 3123 794 159 108 2329 735 472 635 526 1594 314 109 1280 51 263
is_linear=0
shrinkage=0.03


Tree=396
num_leaves=27
num_cat=0
split_feature=29 29 33 25 32 22 26 33 33 25 29 34 22 31 31 34 22 24 5 36 32 0 30 29 0 5
split_gain=8.14742e-06 0.000139381 0.000202927 7.33003e-05 7.57619e-05 0.000222303 0.000269485 7.78061e-05 0.000138938 0.000128118 6.56916e-05 0.000140803 0.000138012 5.27181e-05 0.000353752 4.56469e-05 3.57586e-05 0.000150572 0.000265989 9.33826e-05 0.000125755 8.06289e-05 2.41419e-05 1.75954e-05 5.97762e-05 1.67119e-06
threshold=56.852836055348853 60.533135584348337 -0.010193111243337492 0.012918762554533949 0.012024647487814068 51.354080844029177 1.3561948158338053 -0.0085548311740680765 -0.011477807072745148 -0.079941800195262411 34.029228135447617 -0.0092640526669062733 45.249077978981724 0.0023661748146106558 0.010580657137404416 -0.0027035751971918871 59.865961793784315 -0.42004482684229255 15529853.000000002 0.0046670544334028088 0.02139539835504323 38.078571319580085 78.710137979381855 21.541457528706903 35.429193496704109 20913443.000000004
decision_type=2 2 2 2 2 2 2 2 2 2 2 2 2 2 2 2 2 2 2 2 2 2 2 2 2 2
left_child=3 2 -2 4 7 6 -6 8 -1 -9 23 12 -12 25 -15 -13 17 21 -19 20 -18 -3 -21 -5 -25 -4
right_child=1 16 13 10 5 -7 -8 9 -10 -11 11 15 -14 14 -16 -17 19 18 -20 22 -22 -23 -24 24 -26 -27
leaf_value=0 -0.00012145275562633074 2.470546293472585e-05 5.0879814567974645e-06 6.8822902465513606e-06 0 0 -8.194728651583934e-05 2.014679978198437e-05 -3.1472563805476752e-05 0 0 -3.915840908119903e-06 8.3039716538337618e-05 -0.00010845637642194507 0 1.1884171137523632e-05 2.7796006393156881e-05 0 -3.9554765788606146e-05 0 0 0 -1.2873765248997088e-05 -4.5272812147180876e-05 0 0
leaf_weight=778 21 148 58 81 55 62 76 430 137 202 25 81 55 31 29 282 291 242 231 171 48 241 131 32 109 21
leaf_count=778 21 148 58 81 55 62 76 430 137 202 25 81 55 31 29 282 291 242 231 171 48 241 131 32 109 21
internal_value=0 -1.37926e-06 -2.83424e-05 1.31656e-06 -3.74513e-07 -1.88248e-05 -4.52556e-05 0 -3.42847e-06 9.68325e-06 1.02513e-05 1.70637e-05 5.65041e-05 0 -2.80973e-05 9.62544e-08 0 -2.28416e-06 -1.60706e-05 6.5714e-06 1.81518e-05 6.76899e-06 0 0 -9.21991e-06 0
internal_weight=4068 1663 160 2405 1740 193 131 1547 915 632 665 443 80 139 60 363 1503 862 473 641 339 389 302 222 141 79
internal_count=4068 1663 160 2405 1740 193 131 1547 915 632 665 443 80 139 60 363 1503 862 473 641 339 389 302 222 141 79
is_linear=0
shrinkage=0.03


Tree=397
num_leaves=25
num_cat=0
split_feature=25 2 25 26 5 5 35 34 31 31 32 3 35 35 26 26 34 1 25 35 29 24 24 25
split_gain=8.0837e-06 7.05484e-05 0.000218016 0.000109416 0.000280512 0.000208045 0.000107978 5.66289e-05 9.6954e-05 0.000140341 0.000317407 0.000129508 0.000270349 8.83089e-05 0.000214438 0.000135759 0.000172888 8.68524e-05 7.68863e-05 4.48776e-05 2.76169e-05 2.00706e-05 8.20232e-05 5.49811e-05
threshold=0.18431742644632845 93.250000000000014 0.3429200453248169 1.2358471825997703 14458628.000000002 19678638.500000004 0.01930769258960556 0.016471645443034592 -0.0073332839827131005 -0.012271705215872562 -0.021544828082227348 90.424999237060561 0.014434978303863576 0.013841967044745796 1.490737582404424 1.0831932125190091 0.031592505731436245 90.200000762939467 -0.11216722003982442 0.011607680277411313 71.635261751314445 -0.21493697314848867 0.3765467293065744 0.32179882832145074
decision_type=2 2 2 2 2 2 2 2 2 2 2 2 2 2 2 2 2 2 2 2 2 2 2 2
left_child=7 3 -3 21 6 -6 -5 8 9 18 -11 17 -13 14 19 -15 -17 -10 -1 -9 -4 23 -23 -2
right_child=1 2 20 4 5 -7 -8 13 11 10 -12 12 -14 15 -16 16 -18 -19 -20 -21 -22 22 -24 -25
leaf_value=-1.4602514064036863e-05 -2.0187980517947402e-05 7.9813518553229371e-05 -2.8270180352104049e-05 -6.9281414961384769e-05 2.394949109007321e-05 -2.0558484526920541e-05 0 2.9868945700315366e-05 -2.7439024310301604e-06 9.0372534092611928e-05 0 0 -6.9574591398212447e-05 0 -7.4648393038442674e-05 5.6438971496884015e-05 0 5.434524239466537e-05 1.093669935683287e-05 0 0 2.495475138237899e-05 0 0
leaf_weight=229 122 34 31 103 145 246 23 61 1737 57 281 43 81 52 32 129 64 22 170 44 48 147 126 41
leaf_count=229 122 34 31 103 145 246 23 61 1737 57 281 43 81 52 32 129 64 22 170 44 48 147 126 41
internal_value=0 -2.00182e-06 1.36293e-05 -7.0041e-06 -1.67588e-05 0 -5.61585e-05 1.00018e-06 0 8.58878e-06 2.31171e-05 -4.17889e-06 -3.46806e-05 1.18846e-05 0 2.33337e-05 3.63844e-05 -3.21416e-07 0 1.15912e-05 0 0 8.06967e-06 -1.30889e-06
internal_weight=4068 1066 113 953 517 391 126 3002 2620 737 338 1883 124 382 137 245 193 1759 399 105 79 436 273 163
internal_count=4068 1066 113 953 517 391 126 3002 2620 737 338 1883 124 382 137 245 193 1759 399 105 79 436 273 163
is_linear=0
shrinkage=0.03


Tree=398
num_leaves=30
num_cat=0
split_feature=23 36 32 26 5 1 35 31 2 2 31 33 24 28 35 23 23 23 26 2 27 33 24 27 27 32 31 0 36
split_gain=8.33574e-06 6.77095e-05 0.000126127 0.000197097 0.000154996 7.16572e-05 0.000146326 0.000152155 4.51906e-05 0.000125135 0.000256897 0.000258237 8.11364e-05 0.000104715 8.85952e-05 6.48472e-05 0.000137936 0.000134529 0.00022524 0.000130177 5.49494e-05 3.51794e-05 3.23129e-05 0.000174514 3.2153e-05 2.69351e-05 0.000144132 1.03583e-05 7.07514e-06
threshold=-0.5605283133619422 -0.0056603891642957775 0.0097071131900863267 1.1516661735281439 15529853.000000002 78.52500152587892 0.025078338417018259 -0.00062445326441501459 78.375000000000014 76.02500152587892 -0.0099581027513899727 0.012264539690928668 -0.35451774720039192 -2370648789.4999995 0.031978995084651816 0.024248300270194537 -0.33208142534981272 0.12034346995639568 1.5450496627650929 86.325000762939467 0.47630062178628985 -0.0096605702972233348 -0.91878329158005367 0.31524579171866635 0.386314109633834 -0.0083226859568867311 -0.024556694532105291 39.754680633544929 -0.0083289556557893264
decision_type=2 2 2 2 2 2 2 2 2 2 2 2 2 2 2 2 2 2 2 2 2 2 2 2 2 2 2 2 2
left_child=1 5 3 21 -5 25 7 -7 9 12 -11 -12 13 -2 -14 16 28 18 -17 -18 -19 -3 23 -4 -24 26 -1 -27 -10
right_child=8 2 22 4 -6 6 -8 -9 15 10 11 -13 14 -15 -16 17 19 20 -20 -21 -22 -23 24 -25 -26 27 -28 -29 -30
leaf_value=0 0 -1.8884094826369803e-05 0 0 5.1935412193972019e-05 -6.0504615222102377e-05 0 0 0 0 -6.7836255214003365e-05 0 0 -3.8241202781482424e-05 3.2087391048548435e-05 0 4.324464444902503e-05 -9.3129955245787377e-06 -0.00011584344391671927 0 6.6808132072468548e-06 4.9650399095604535e-06 0 -4.5965986522928111e-05 2.5616073593866315e-05 -1.3506892284172457e-05 3.8093182112898501e-05 0 -6.9692725231042502e-06
leaf_weight=20 128 79 24 126 183 92 24 20 30 32 133 52 994 111 82 51 163 173 24 100 780 140 55 88 44 51 106 32 131
leaf_count=20 128 79 24 126 183 92 24 20 30 32 133 52 994 111 82 51 163 173 24 100 780 140 55 88 44 51 106 32 131
internal_value=0 2.46222e-06 9.26725e-06 1.8307e-05 3.38597e-05 -3.41967e-06 -2.24389e-05 -4.22622e-05 -5.5819e-07 -4.86435e-06 -2.61866e-05 -4.53142e-05 0 -1.68924e-05 2.11079e-06 1.91927e-06 1.22567e-05 0 -4.00896e-05 2.67208e-05 6.29129e-07 0 0 -1.61067e-05 0 0 1.38651e-05 0 0
internal_weight=4068 1084 739 528 309 345 136 112 2984 1532 217 185 1315 239 1076 1452 424 1028 75 263 953 219 211 112 99 209 126 83 161
internal_count=4068 1084 739 528 309 345 136 112 2984 1532 217 185 1315 239 1076 1452 424 1028 75 263 953 219 211 112 99 209 126 83 161
is_linear=0
shrinkage=0.03


Tree=399
num_leaves=18
num_cat=0
split_feature=24 24 31 35 36 23 5 27 26 32 22 27 22 34 26 0 26
split_gain=7.96884e-06 9.57641e-05 0.000111723 0.000193358 0.000165848 7.66061e-05 0.000105376 0.000109851 6.19628e-05 9.04919e-05 4.2061e-05 0.000113684 8.59961e-05 1.7404e-05 3.22272e-06 2.79556e-06 7.91359e-08
threshold=-1.5763246469278902 -1.145903695405831 -0.0025300067069304317 0.015091821924474133 -0.014093735010766587 -0.73699131221007252 33675423.000000007 0.13062772309018653 2.0866448540902796 0.0079598763633874654 43.175720434302995 0.062420718942467229 46.500825681484862 -0.0084905637329556454 1.4412597430491043 41.653602600097663 1.2104864730550127
decision_type=2 2 2 2 2 2 2 2 2 2 2 2 2 2 2 2 2
left_child=8 2 3 -2 -5 6 13 -8 14 -10 11 -7 -12 -3 16 -4 -1
right_child=1 5 15 4 -6 10 7 -9 9 -11 12 -13 -14 -15 -16 -17 -18
leaf_value=0 0 0 5.2136203516625468e-06 0 -0.00013713568415942969 0 0.00010221704123152114 0 8.2720678941880765e-05 0 1.5097867810213179e-05 -1.9130114710300152e-05 -7.9743773254242397e-07 8.9601773246774727e-06 -8.5047321219027381e-06 -4.4277311439933579e-06 1.5382424319484694e-06
leaf_weight=23 47 240 52 20 27 201 25 25 21 22 333 385 2326 195 40 56 30
leaf_count=23 47 240 52 20 27 201 25 25 21 22 333 385 2326 195 40 56 30
internal_value=0 0 -2.06059e-05 -4.45025e-05 -8.74728e-05 3.17235e-07 1.18873e-05 5.71071e-05 7.25921e-06 3.82137e-05 -4.87877e-07 -8.11703e-06 6.55033e-08 0 0 0 0
internal_weight=4068 3932 202 94 47 3730 485 50 136 43 3245 586 2659 435 93 108 53
internal_count=4068 3932 202 94 47 3730 485 50 136 43 3245 586 2659 435 93 108 53
is_linear=0
shrinkage=0.03


end of trees

feature_importances:
Volume=681
ATR14=654
STOCH_K=512
OBV=491
Adj_Close=490
return_lag1=479
MACD_HIST=466
MACD=455
daily_range_pct=452
return_lag3=437
STOCH_D=428
MACD_SIGNAL=407
return_lag2=376
return_lag5=367
RSI14=365
close_to_open_pct=361
MA60=283
BB_PCT=268
MA20=176
Open=171
MA5=156
Close=151
Low=109
High=90
CDLENGULFING=17

parameters:
[boosting: gbdt]
[objective: regression]
[metric: l2]
[tree_learner: serial]
[device_type: cpu]
[data_sample_strategy: bagging]
[data: ]
[valid: ]
[num_iterations: 400]
[learning_rate: 0.03]
[num_leaves: 31]
[num_threads: 1]
[seed: 0]
[deterministic: 0]
[force_col_wise: 0]
[force_row_wise: 0]
[histogram_pool_size: -1]
[max_depth: 5]
[min_data_in_leaf: 20]
[min_sum_hessian_in_leaf: 0.001]
[bagging_fraction: 0.8]
[pos_bagging_fraction: 1]
[neg_bagging_fraction: 1]
[bagging_freq: 0]
[bagging_seed: 3]
[bagging_by_query: 0]
[feature_fraction: 0.8]
[feature_fraction_bynode: 1]
[feature_fraction_seed: 2]
[extra_trees: 0]
[extra_seed: 6]
[early_stopping_round: 0]
[early_stopping_min_delta: 0]
[first_metric_only: 0]
[max_delta_step: 0]
[lambda_l1: 0.1]
[lambda_l2: 0.1]
[linear_lambda: 0]
[min_gain_to_split: 0]
[drop_rate: 0.1]
[max_drop: 50]
[skip_drop: 0.5]
[xgboost_dart_mode: 0]
[uniform_drop: 0]
[drop_seed: 4]
[top_rate: 0.2]
[other_rate: 0.1]
[min_data_per_group: 100]
[max_cat_threshold: 32]
[cat_l2: 10]
[cat_smooth: 10]
[max_cat_to_onehot: 4]
[top_k: 20]
[monotone_constraints: ]
[monotone_constraints_method: basic]
[monotone_penalty: 0]
[feature_contri: ]
[forcedsplits_filename: ]
[refit_decay_rate: 0.9]
[cegb_tradeoff: 1]
[cegb_penalty_split: 0]
[cegb_penalty_feature_lazy: ]
[cegb_penalty_feature_coupled: ]
[path_smooth: 0]
[interaction_constraints: ]
[verbosity: -1]
[saved_feature_importance_type: 0]
[use_quantized_grad: 0]
[num_grad_quant_bins: 4]
[quant_train_renew_leaf: 0]
[stochastic_rounding: 1]
[linear_tree: 0]
[max_bin: 255]
[max_bin_by_feature: ]
[min_data_in_bin: 3]
[bin_construct_sample_cnt: 200000]
[data_random_seed: 1]
[is_enable_sparse: 1]
[enable_bundle: 1]
[use_missing: 1]
[zero_as_missing: 0]
[feature_pre_filter: 1]
[pre_partition: 0]
[two_round: 0]
[header: 0]
[label_column: ]
[weight_column: ]
[group_column: ]
[ignore_column: ]
[categorical_feature: ]
[forcedbins_filename: ]
[precise_float_parser: 0]
[parser_config_file: ]
[objective_seed: 5]
[num_class: 1]
[is_unbalance: 0]
[scale_pos_weight: 1]
[sigmoid: 1]
[boost_from_average: 1]
[reg_sqrt: 0]
[alpha: 0.9]
[fair_c: 1]
[poisson_max_delta_step: 0.7]
[tweedie_variance_power: 1.5]
[lambdarank_truncation_level: 30]
[lambdarank_norm: 1]
[label_gain: ]
[lambdarank_position_bias_regularization: 0]
[eval_at: ]
[multi_error_top_k: 1]
[auc_mu_weights: ]
[num_machines: 1]
[local_listen_port: 12400]
[time_out: 120]
[machine_list_filename: ]
[machines: ]
[gpu_platform_id: -1]
[gpu_device_id: -1]
[gpu_use_dp: 0]
[num_gpu: 1]

end of parameters

pandas_categorical:[]
