tree
version=v4
num_class=1
num_tree_per_iteration=1
label_index=0
max_feature_idx=41
objective=regression
feature_names=Adj_Close Close High Low Open Volume CDLDOJI CDLENGULFING CDLHAMMER CDLMORNINGSTAR CDLEVENINGSTAR CDL3WHITESOLDIERS CDLDARKCLOUDCOVER CDLHARAMI CDLSHOOTINGSTAR CDLPIERCING us_futures_return vix_level vix_change MA5 MA20 MA60 RSI14 MACD MACD_SIGNAL MACD_HIST ATR14 BB_PCT OBV STOCH_K STOCH_D return_lag1 return_lag2 return_lag3 return_lag5 daily_range_pct close_to_open_pct ccass_top10_change market_sentiment stock_sentiment RSI_x_VIX MACD_x_USFutures
feature_infos=[1.4316565990447998:7.7100000381469727] [3.3599998950958252:7.7100000381469727] [3.4000000953674316:7.7699999809265137] [3.3499999046325684:7.5850000381469727] [3.3599998950958252:7.7199997901916504] [0:4173376315] [0:100] [-100:100] [0:100] [0:100] none none none [-100:100] none none none none none [3.4020000457763673:7.647999954223633] [3.5129999995231627:7.5815000057220461] [3.6369999885559081:7.3687500079472859] [12.714862651208847:86.173218288918534] [-0.36693156055321552:0.35011331158714398] [-0.30642980468506503:0.30090364215566662] [-0.12821762200934506:0.13143204092895891] [0.058976286521288869:0.2642185531175183] [-0.51486048623266523:1.4791359901074965] [-10399456290:13385747856] [1.0752679902231763:99.999999999999901] [2.0875575977535226:98.753499221479501] [-0.10948905913998763:0.10672854855081892] [-0.12649163822240117:0.14285714285714279] [-0.14285712663819117:0.15428570338657921] [-0.16981130943782696:0.24571432386125847] [0:0.099999947981400925] [-0.069958877211393586:0.072386053497549396] none none none none none
tree_sizes=1992 1852 1892 1942 1831 1565 1616 2006 2020 1945 1170 1981 1950 1614 2127 2065 1362 1646 1528 2066 1568 2052 1364 2074 1539 2076 1656 1541 1656 2060 1481 1926 1988 1564 1987 1333 1489 1875 1621 1557 1613 2044 1401 1575 1340 1407 1890 1525 1519 1267 1508 2088 1611 1567 1261 1350 2075 1196 1591 1622 1795 1569 1182 1527 1686 1355 1629 1547 1218 1494 1961 1988 1477 1795 1511 1211 1901 1190 1502 1211 1724 1868 1854 1562 1248 1890 1600 1784 1158 1768 1199 1422 1611 1685 1247 1032 1718 1502 1695 1681 926 1457 1233 1683 1585 1127 1181 1140 1587 1857 1469 1659 1001 2019 1124 1171 1632 1568 1121 1665 1506 1678 1111 1475 1569 1653 2197 1545 1988 1635 1105 1575 2070 1744 1913 2340 1472 1642 2356 1093 1097 2431 2087 1424 2411 1818 1723 1693 2211 980 2157 2261 1604 2235 2082 2351 1692 2284 2223 1568 1082 1519 1621 1904 2218 1100 2125 2412 1753 2210 1634 2166 1451 1670 2444 2265 1509 2279 2080 2295 2119 2060 2097 1908 2067 1199 1904 2414 2227 2091 1881 2177 2095 1233 1605 2223 1625 2177 2480 2038 1669 1737 1301 1641 1970 2149 2779 2179 1156 2228 1627 1880 1221 1934 1236 1902 1675 1893 1829 1370 1114 1822 1397 1647 2380 2322 2045 1792 1262 1608 1937 1529 2041 2765 1302 2532 2021 2044 1982 2319 2119 1878 1807 1946 2201 2294 2062 1917 1757 1416 2333 2006 2194 2066 2117 2325 2069 1608 1806 1454 1062 1787 1138 2088 1538 1178 2045 2030 1637 2276 2108 1886 2011 2020 2225 2101 2318 2757 2614 2389 2280 2665 2391 1651 2377 2210 2126 2271 1654 2216 2271 2110 1967 1678 1522 1801 1925 2437 2821 1759 2192 2270 2367 1630 2286 2322 2317 2344 2024 2155 1450 2363 2452 2746 2246 1211 2240 2552 2309 2815 2382 1520 2063 2218 2652 2281 1627 1387 2321 2497 1078 2421 2519 2259 2187 1637 2062 2358 2296 2220 1538 2288 2067 1410 1562 2217 1202 2314 1708 2057 2090 1609 1790 1405 2403 2380 2073 2307 2254 2178 2274 1633 2066 1557 1938 2074 2216 1864 2239 1318 1138 2375 1496 1853 2447 2275 2246 1625 2304 1976 1414 2402 2372 1750 1766 2078 2326 2198 1193 1901 1932 2321 2371 2362 2102 2119 2431 2430 2211 1862

Tree=0
num_leaves=21
num_cat=0
split_feature=35 35 23 25 2 21 0 21 5 0 5 26 20 0 33 26 0 21 35 26
split_gain=0.011106 0.00498868 0.00280866 0.00205071 0.00190408 0.00135366 0.00147509 0.00120185 0.00116977 0.00117709 0.00107169 0.001033 0.00134465 0.000849909 0.000821154 0.000791515 0.000680311 0.000544729 0.00045648 0.00030023
threshold=0.038379742002546256 0.021276604019355678 -0.2196520755234119 -0.012901071770458994 4.7249999046325692 3.9501666724681859 3.7540562152862553 5.0926666378974925 400775862.00000006 2.3645088672637944 327324237.00000006 0.11025880876738735 4.7057499766349808 3.1162607669830327 -0.024256493167270406 0.12573177785916936 3.4126442670822148 4.7940833171208714 0.017790032335100986 0.10394665181277575
decision_type=2 2 2 2 2 2 2 2 2 2 2 2 2 2 2 2 2 2 2 2
left_child=1 3 -2 7 13 18 -7 14 19 -10 -4 -12 -13 17 -1 -9 -15 -3 -5 -6
right_child=2 4 10 5 8 6 -8 15 9 -11 11 12 -14 16 -16 -17 -18 -19 -20 -21
leaf_value=0.01009142810829426 0.010676463935972706 0.010235043134975964 0.01009142810829426 0.010176935778713161 0.010043457376719524 0.010021294801595894 0.01009142810829426 0.010040915947358736 0.010085791633177519 0.010221455314671382 0.01009142810829426 0.010562795344350086 0.010203018749706508 0.010076234933197098 0.010181550575675564 0.010115365964847483 0.010203908307641351 0.01009142810829426 0.01009142810829426 0.01009142810829426
leaf_weight=71 24 227 33 71 128 1513 260 323 36 126 25 27 73 94 201 151 47 46 53 539
leaf_count=71 24 227 33 71 128 1513 260 323 36 126 25 27 73 94 201 151 47 46 53 539
internal_value=0.0100914 0.0100807 0.0103204 0.0100568 0.0101291 0.0100401 0.0100327 0.0100953 0.0100988 0.0101728 0.010247 0.0102871 0.0103305 0.0101825 0.0101488 0.010071 0.0100976 0.0102153 0.0101211 0.0100854
internal_weight=4068 3886 182 2643 1243 1897 1773 746 829 162 158 125 100 414 272 474 141 273 124 667
internal_count=4068 3886 182 2643 1243 1897 1773 746 829 162 158 125 100 414 272 474 141 273 124 667
is_linear=0
shrinkage=1


Tree=1
num_leaves=20
num_cat=0
split_feature=5 19 25 28 21 2 34 27 27 25 0 0 20 33 30 0 32 5 5
split_gain=0.00890667 0.00450092 0.00394097 0.00324231 0.00175231 0.00174798 0.00150153 0.00125658 0.0013494 0.00122786 0.00104997 0.00116114 0.000783994 0.000701861 0.000597472 0.000498797 0.000369155 0.0002449 0.00015434
threshold=409991037.00000006 4.5930000305175787 -0.065059009170616675 183075065.00000003 4.5811666329701746 3.8249999284744267 -0.031194118586148841 0.0072685207278513639 0.12479640140867947 -0.03966173037238243 3.7540562152862553 3.2888162136077885 6.2252322554588329 0.034477419264838501 16.131694512910951 2.7935962677001958 -0.029796621623877525 299516537.50000006 211877265.00000003
decision_type=2 2 2 2 2 2 2 2 2 2 2 2 2 2 2 2 2 2 2
left_child=1 3 -2 5 -5 14 7 16 -9 -4 11 -8 15 -7 -1 -11 -3 -12 -6
right_child=2 6 9 4 18 13 10 8 -10 12 17 -13 -14 -15 -16 -17 -18 -19 -20
leaf_value=0 0.00053051544037050163 0 -1.1847464366200252e-05 0.00033452107501125101 0 -9.1440039751756651e-06 -3.660115073606964e-05 0.00015159655380585788 0 5.7393361849015301e-05 -1.4096223730671315e-05 -9.8171765672817567e-05 0 0.00010212292693159837 0.00013741583789165341 0.00018513414000226544 -9.882364630844555e-05 4.1428330032796973e-05 8.3131024252567701e-05
leaf_weight=21 25 38 30 51 20 682 1354 90 172 142 400 492 35 55 127 161 71 82 20
leaf_count=21 25 38 30 51 20 682 1354 90 172 142 400 492 35 55 127 161 71 82 20
internal_value=0 -1.44201e-05 0.000135822 3.93614e-05 0.000213209 1.80741e-05 -3.49806e-05 1.53449e-05 5.7154e-05 0.000100722 -4.42896e-05 -5.46406e-05 0.000119587 0 0.000112137 0.000135205 -5.7613e-05 0 0
internal_weight=4068 3675 393 976 91 885 2699 371 262 368 2328 1846 338 737 148 303 109 482 40
internal_count=4068 3675 393 976 91 885 2699 371 262 368 2328 1846 338 737 148 303 109 482 40
is_linear=0
shrinkage=0.03


Tree=2
num_leaves=20
num_cat=0
split_feature=35 35 23 19 34 5 0 21 2 0 5 27 30 27 0 33 0 21 34
split_gain=0.0102113 0.00455028 0.00256854 0.00252994 0.00140978 0.00128416 0.00114291 0.00107564 0.00119412 0.000988257 0.000980756 0.000929171 0.000959425 0.000926243 0.000465515 0.000367929 0.000338297 0.000301791 0.000237152
threshold=0.038379742002546256 0.021276604019355678 -0.2196520755234119 4.5930000305175787 -0.031194118586148841 400775862.00000006 2.3105014562606816 4.062583367029827 6.4649999141693124 3.1215580701828007 327324237.00000006 0.0072685207278513639 29.645075897098941 0.21325204556250418 2.0695891380310063 0.010223221843753684 3.4126442670822148 5.0926666378974925 0.010204034205386627
decision_type=2 2 2 2 2 2 2 2 2 2 2 2 2 2 2 2 2 2 2
left_child=1 4 -2 9 11 18 -7 15 -9 14 -4 17 -13 -12 -3 -6 -11 -1 -5
right_child=2 3 10 5 7 6 -8 8 -10 16 13 12 -14 -15 -16 -17 -18 -19 -20
leaf_value=0 0.00056238629785988281 2.2474405304044743e-05 0 -2.353704720900581e-05 0 -6.6528311519046414e-06 0.00012698052436488569 -5.5457146081947084e-05 1.1133286638256994e-05 0 0 9.5960614089623955e-05 -1.856972564599432e-05 0.00022898794288991826 0.00017693646071253983 7.8899073416349461e-05 8.7913176743894284e-05 -8.0286457161764292e-05 6.7510675232921049e-06
leaf_weight=42 24 75 33 469 109 34 133 1946 194 85 26 179 44 99 164 63 40 66 243
leaf_count=42 24 75 33 469 109 34 133 1946 194 85 26 179 44 99 164 63 40 66 243
internal_value=0 -1.01392e-05 0.000219713 3.60577e-05 -3.30011e-05 4.86202e-06 8.18327e-05 -4.17398e-05 -4.80184e-05 0.000103129 0.000148364 1.89712e-05 5.99176e-05 0.000186746 0.000141042 1.89291e-05 6.603e-06 -3.78007e-05 -8.98756e-06
internal_weight=4068 3886 182 1243 2643 879 167 2312 2140 364 158 331 223 125 239 172 125 108 712
internal_count=4068 3886 182 1243 2643 879 167 2312 2140 364 158 331 223 125 239 172 125 108 712
is_linear=0
shrinkage=0.03


Tree=3
num_leaves=21
num_cat=0
split_feature=35 35 26 1 25 2 5 21 26 21 5 32 33 5 31 30 35 23 26 20
split_gain=0.00965673 0.00428959 0.00240718 0.00475231 0.00186686 0.00162413 0.00140487 0.00116075 0.00132162 0.00107755 0.000908367 0.000917258 0.000797268 0.000748791 0.000669427 0.000733734 0.000418521 0.000339454 0.000271681 1.09567e-05
threshold=0.038379742002546256 0.021276604019355678 0.11986905739270398 4.9349999427795419 -0.012901071770458994 4.7249999046325692 551980846.00000012 3.9501666724681859 0.13150341184920952 5.0926666378974925 400775862.00000006 0.0027210908243306968 -0.024256493167270406 163515857.50000003 -0.0049080372250768214 16.131694512910951 0.017790032335100986 -0.051729235394972754 0.18383865866357293 4.2570000350475317
decision_type=2 2 2 2 2 2 2 2 2 2 2 2 2 2 2 2 2 2 2 2
left_child=1 4 19 -4 9 14 -5 16 -9 12 18 -12 -1 -11 17 -16 -6 -3 -7 -2
right_child=2 5 3 6 7 10 -8 8 -10 13 11 -13 -14 -15 15 -17 -18 -19 -20 -21
leaf_value=0 2.2149426261407882e-05 0.0002136373517123313 0.00049996620669105502 0 8.0320682872247887e-05 -1.416617920645911e-05 0.00026987136847868992 -6.5317968256371143e-05 0 -8.7530828227075163e-05 0 0.00012841224683564096 8.7774967763923513e-05 0 -7.1831436490990566e-05 6.0863752135265321e-05 0 5.4253583319374978e-05 5.092505960758317e-05 0
leaf_weight=71 20 72 57 55 71 615 24 1528 245 108 61 101 201 366 27 212 53 103 52 26
leaf_count=71 20 72 57 55 71 615 24 1528 245 108 61 101 201 366 27 212 53 103 52 26
internal_value=0 -9.76672e-06 0.000213755 0.000277583 -3.19826e-05 3.50566e-05 7.87735e-05 -4.79809e-05 -5.48277e-05 4.67931e-06 6.77779e-06 7.20536e-05 5.52906e-05 -1.80412e-05 8.44225e-05 3.33023e-05 2.57094e-05 0.000137046 -4.58765e-06 0
internal_weight=4068 3886 182 136 2643 1243 79 1897 1773 746 829 162 272 474 414 239 124 175 667 46
internal_count=4068 3886 182 136 2643 1243 79 1897 1773 746 829 162 272 474 414 239 124 175 667 46
is_linear=0
shrinkage=0.03


Tree=4
num_leaves=20
num_cat=0
split_feature=35 35 19 26 1 5 35 5 5 0 5 0 30 20 32 26 26 0 4
split_gain=0.00912882 0.00404972 0.00229725 0.00226677 0.00442142 0.00132356 0.00124647 0.00151657 0.00112296 0.0010736 0.000940156 0.000931011 0.000925898 0.000585213 0.000442044 0.000414717 0.000386941 0.0003087 1.90083e-05
threshold=0.038379742002546256 0.021276604019355678 4.5930000305175787 0.11986905739270398 4.9349999427795419 551980846.00000012 0.010679923281060514 261652358.00000003 400775862.00000006 2.3105014562606816 290711394.00000006 3.1215580701828007 19.305602053621694 4.2350000500679021 0.027702941807100204 0.11556140305638486 0.10394665181277575 3.4126442670822148 4.3350000381469735
decision_type=2 2 2 2 2 2 2 2 2 2 2 2 2 2 2 2 2 2 2
left_child=1 6 11 18 -5 -6 13 12 16 -10 -9 14 -8 -1 -3 -15 -4 -13 -2
right_child=3 2 8 4 5 -7 7 10 9 -11 -12 17 -14 15 -16 -17 -18 -19 -20
leaf_value=0 2.9173927649216184e-05 0.0001545646643894407 -5.1421869006588837e-05 0.00048499349724950315 0 0.00026180881987561573 2.0977202155379322e-05 6.8218852695800609e-05 -8.7658195847954638e-06 0.0001206898293392327 -4.2400708971170244e-06 0 -4.5244161362280365e-05 -0.00011248810609078341 0 0 0 8.3534091908747123e-05 0
leaf_weight=29 20 198 151 57 55 24 152 208 34 133 452 85 1475 280 41 47 561 40 26
leaf_count=29 20 198 151 57 55 24 152 208 34 133 452 85 1475 280 41 47 561 40 26
internal_value=0 -9.40331e-06 3.41193e-05 0.00020792 0.000269874 7.63171e-05 -3.10075e-05 -2.11052e-05 4.23304e-06 7.63908e-05 1.40576e-05 9.80291e-05 -3.72129e-05 -8.61731e-05 0.000134647 -9.84599e-05 -8.48706e-06 3.98381e-06 0
internal_weight=4068 3886 1243 182 136 79 2643 2287 879 167 660 364 1627 356 239 327 712 125 46
internal_count=4068 3886 1243 182 136 79 2643 2287 879 167 660 364 1627 356 239 327 712 125 46
is_linear=0
shrinkage=0.03


Tree=5
num_leaves=17
num_cat=0
split_feature=25 4 26 26 2 28 32 33 30 29 21 0 22 33 28 24
split_gain=0.00779873 0.00358849 0.00591139 0.00264844 0.00184391 0.00175181 0.0019453 0.00152806 0.00110876 0.000735548 0.000642528 0.000701396 0.000701147 0.000514533 0.000207843 3.25995e-05
threshold=-0.073966259599290721 4.9649999141693124 0.13197203454650899 0.10240409874407962 3.8249999284744267 1771401932.0000002 -0.025800050084048173 0.034477419264838501 23.18622548274524 30.158519193137675 5.1602499922116607 2.866296768188477 63.256835429147706 0.015775653403986793 183075065.00000003 0.02943460686036066
decision_type=2 2 2 2 2 2 2 2 2 2 2 2 2 2 2 2
left_child=-1 2 4 8 9 6 -4 -6 14 -2 12 -12 -5 -10 -3 -7
right_child=1 3 5 10 7 15 -8 -9 13 -11 11 -13 -14 -15 -16 -17
leaf_value=0.00045213436561054892 0 8.4658234150031166e-05 0 8.4540892596884332e-05 -1.121528511598406e-05 3.7289389568575208e-05 0.00035648157416154824 0.00010263041330466645 -0.00011482478899697416 0.00016464523610755334 -4.4797688269658224e-05 0 0 -1.3330301900084118e-05 0 0
leaf_weight=34 62 26 29 130 1295 21 78 115 426 90 495 969 95 130 43 30
leaf_count=34 62 26 29 130 1295 21 78 115 426 90 495 969 95 130 43 30
internal_value=0 -3.44761e-06 2.85103e-05 -2.84986e-05 8.79842e-06 0.000204279 0.000276265 0 -8.17753e-05 0.000108193 -7.00419e-06 -1.57313e-05 3.64345e-05 -9.64954e-05 0 0
internal_weight=4068 4034 1720 2314 1562 158 107 1410 625 152 1689 1464 225 556 69 51
internal_count=4068 4034 1720 2314 1562 158 107 1410 625 152 1689 1464 225 556 69 51
is_linear=0
shrinkage=0.03


Tree=6
num_leaves=17
num_cat=0
split_feature=25 26 1 19 28 21 2 28 27 26 36 0 19 3 21 24
split_gain=0.00733803 0.00341534 0.00375659 0.00317642 0.0017964 0.00274636 0.00175278 0.0015614 0.00222488 0.00152412 0.00118683 0.000886512 0.00149616 0.000668938 0.000555928 1.21671e-06
threshold=-0.073966259599290721 0.14098426744556303 4.9349999427795419 4.6029999256134042 351243130.00000006 4.4468333085378022 3.8249999284744267 1705649787.5000002 0.18618145709176367 0.10030254178184098 0.0085616814344142717 3.0351039171218877 6.7730000019073495 5.0350000858306894 5.7679999868075056 0.02943460686036066
decision_type=2 2 2 2 2 2 2 2 2 2 2 2 2 2 2 2
left_child=-1 3 7 4 6 -6 -2 8 -3 13 -11 14 -13 -5 -4 -9
right_child=1 2 11 9 5 -7 -8 15 -10 10 -12 12 -14 -15 -16 -17
leaf_value=0.00043861011330132533 0.0001052703637757414 0 0 -2.8850748340151575e-05 0.00039094152393091282 0 -3.3612562083462453e-06 7.3810396524868919e-06 0.00035186228644580261 -2.969745805388188e-05 2.9511322340419377e-05 0.0001083673979679271 -9.3519953652328032e-06 -9.674313129893458e-05 -0.00012396038195512839 0
leaf_weight=34 152 23 70 419 31 66 775 20 73 1220 361 165 140 446 49 24
leaf_count=34 152 23 70 419 31 66 775 20 73 1220 361 165 140 446 49 24
internal_value=0 -3.30672e-06 6.41659e-05 -1.51395e-05 2.76244e-05 0.000153284 1.12246e-05 0.000200688 0.000270812 -3.42692e-05 -1.42795e-05 1.19773e-05 4.45141e-05 -6.73315e-05 -4.61938e-05 0
internal_weight=4068 4034 564 3470 1024 97 927 140 96 2446 1581 424 305 865 119 44
internal_count=4068 4034 564 3470 1024 97 927 140 96 2446 1581 424 305 865 119 44
is_linear=0
shrinkage=0.03


Tree=7
num_leaves=22
num_cat=0
split_feature=35 35 26 1 19 5 34 26 21 5 0 27 0 31 19 0 26 33 0 4 21
split_gain=0.00814073 0.00353996 0.00206248 0.00395825 0.00205982 0.00123234 0.00120615 0.00119013 0.001117 0.000999045 0.0010686 0.000878681 0.000813024 0.000600158 0.000556907 0.000475221 0.000381459 0.000283486 0.000281884 1.30819e-05 1.63831e-06
threshold=0.038379742002546256 0.021276604019355678 0.11986905739270398 4.9349999427795419 4.5930000305175787 551980846.00000012 -0.031194118586148841 0.13435092217419339 4.062583367029827 413852945.50000006 2.3105014562606816 0.0072685207278513639 3.1215580701828007 -0.018202509546002717 4.9889999866485608 2.0695891380310063 0.10394665181277575 -0.024256493167270406 3.4126442670822148 4.3350000381469735 5.9486666758855193
decision_type=2 2 2 2 2 2 2 2 2 2 2 2 2 2 2 2 2 2 2 2 2
left_child=1 6 19 -4 12 20 11 8 -8 16 -11 17 15 -13 -9 -3 -6 -1 -14 -2 -5
right_child=2 4 3 5 9 -7 7 14 -10 10 -12 13 18 -15 -16 -17 -18 -19 -20 -21 -22
leaf_value=-7.0082198637485337e-05 2.4202430964822856e-05 1.1517239262358583e-05 0.00045958063613921857 0 -5.014998838362503e-05 0.00024914480684927942 1.5660195226793518e-05 0.00013243595779326441 -5.2373610286850503e-05 -1.913160593804051e-05 0.00012106647976117666 0 0 8.1537021051826883e-05 0 0.00016100757836758043 0 0 7.9684307928803243e-05 0 -8.5648790491855981e-06
leaf_weight=80 20 75 57 35 153 24 172 32 1882 28 124 26 85 197 226 164 574 28 40 26 20
leaf_count=80 20 75 57 35 153 24 172 32 1882 28 124 26 85 197 226 164 574 28 40 26 20
internal_value=0 -8.75866e-06 0.000196462 0.000255502 3.18591e-05 6.99336e-05 -2.89967e-05 -3.71453e-05 -4.52155e-05 3.38749e-06 7.55211e-05 1.8854e-05 9.2354e-05 5.87573e-05 1.54732e-05 0.000126668 -7.57641e-06 -3.5765e-05 2.71613e-06 0 0
internal_weight=4068 3886 182 136 1243 79 2643 2312 2054 879 152 331 364 223 258 239 727 108 125 46 55
internal_count=4068 3886 182 136 1243 79 2643 2312 2054 879 152 331 364 223 258 239 727 108 125 46 55
is_linear=0
shrinkage=0.03


Tree=8
num_leaves=22
num_cat=0
split_feature=35 35 26 1 2 5 34 26 21 26 1 33 35 0 33 0 2 0 26 20 21
split_gain=0.00769586 0.00333265 0.00194458 0.00367862 0.00128146 0.00116116 0.00112448 0.0011246 0.00105976 0.000737721 0.00133205 0.000666687 0.000745806 0.000659173 0.000769736 0.000614033 0.000451376 0.00042223 0.000327582 5.39334e-06 1.54196e-06
threshold=0.038379742002546256 0.021276604019355678 0.11986905739270398 4.9349999427795419 4.7249999046325692 551980846.00000012 -0.031194118586148841 0.13435092217419339 4.062583367029827 0.18383865866357293 6.805000066757203 -0.024256493167270406 0.018922719802971267 3.001126885414124 -0.0069104734101612655 2.7058383226394658 4.8949999809265146 3.4126442670822148 0.10240409874407962 4.2570000350475317 5.9486666758855193
decision_type=2 2 2 2 2 2 2 2 2 2 2 2 2 2 2 2 2 2 2 2 2
left_child=1 6 19 -4 13 20 11 8 -8 15 -11 18 -13 14 -3 -6 -9 -15 -1 -2 -5
right_child=2 4 3 5 9 -7 7 16 -10 10 -12 12 -14 17 -16 -17 -18 -19 -20 -21 -22
leaf_value=-6.7363357141158564e-05 1.554004436205905e-05 2.3573308964475141e-05 0.00044581736189039216 0 -3.4015787472979916e-05 0.00024170147134300275 1.5190664473613958e-05 0.00014175175602605273 -5.0802485488299274e-05 0.00019807193315856102 0 0.00010480794560557831 0 0 0.00018389378391434015 2.0072719021052964e-05 0 9.6712262007470128e-05 2.2826825506093964e-07 0 -8.3092042877436034e-06
leaf_weight=68 20 107 57 35 326 24 172 23 1882 48 20 124 35 157 103 435 235 47 104 26 20
leaf_count=68 20 107 57 35 326 24 172 23 1882 48 20 124 35 157 103 435 235 47 104 26 20
internal_value=0 -8.41961e-06 0.000191109 0.000248447 3.09599e-05 6.77308e-05 -2.80752e-05 -3.59563e-05 -4.38153e-05 5.41209e-06 0.00010053 1.79066e-05 6.59494e-05 7.48589e-05 0.000116536 0 1.49806e-05 1.72215e-05 -9.08589e-06 0 0
internal_weight=4068 3886 182 136 1243 79 2643 2312 2054 829 68 331 159 414 210 761 258 204 172 46 55
internal_count=4068 3886 182 136 1243 79 2643 2312 2054 829 68 331 159 414 210 761 258 204 172 46 55
is_linear=0
shrinkage=0.03


Tree=9
num_leaves=21
num_cat=0
split_feature=35 35 19 23 25 21 34 21 5 0 5 27 22 0 5 19 32 25 0 30
split_gain=0.00727533 0.00314186 0.00187864 0.00182145 0.00162996 0.000969244 0.000959397 0.00103041 0.000919016 0.000970794 0.000812569 0.000902261 0.000756508 0.000749221 0.000666817 0.000572991 0.000463139 0.000273006 0.000246897 7.55044e-05
threshold=0.038379742002546256 0.021276604019355678 4.5930000305175787 -0.2196520755234119 -0.012901071770458994 5.0926666378974925 0.051318596855688521 3.9501666724681859 400775862.00000006 2.3105014562606816 327324237.00000006 0.21325204556250418 58.136355152201723 3.1215580701828007 163515857.50000003 4.7369999885559091 0.027702941807100204 -0.0068247878503539727 3.4126442670822148 80.19022059778257
decision_type=2 2 2 2 2 2 2 2 2 2 2 2 2 2 2 2 2 2 2 2
left_child=1 4 13 -2 5 15 7 -6 17 -10 -5 -12 -8 16 -7 -1 -3 -4 -15 -13
right_child=3 2 8 10 6 14 12 -9 9 -11 11 19 -14 18 -16 -17 -18 -19 -20 -21
leaf_value=6.3042445217256952e-06 0.00048165319608215287 0.00014040934211722702 -3.0272087349857085e-05 0 2.1560920944776704e-05 -8.0049716070368479e-05 0.00017872843526195562 -5.4825220099387139e-05 -1.1381484789854385e-05 0.00011145523252132437 0 0.0002236278678185169 0 0 0 0.00012336463187523155 0 1.926141183006017e-06 7.446294212426427e-05 0
leaf_weight=185 24 198 321 33 116 108 24 1672 34 133 26 79 85 85 366 87 41 391 40 20
leaf_count=185 24 198 321 33 116 108 24 1672 34 133 26 79 85 85 366 87 41 391 40 20
internal_value=0 -8.04799e-06 3.01596e-05 0.000185943 -2.71525e-05 7.08671e-06 -4.21982e-05 -4.81908e-05 2.82053e-06 6.85014e-05 0.000121774 0.0001568 2.85599e-05 8.79207e-05 -1.3973e-05 5.48033e-05 0.000120793 -8.37952e-06 1.04245e-06 0.000198068
internal_weight=4068 3886 1243 182 2643 746 1897 1788 879 167 158 125 109 364 474 272 239 712 125 99
internal_count=4068 3886 1243 182 2643 746 1897 1788 879 167 158 125 109 364 474 272 239 712 125 99
is_linear=0
shrinkage=0.03


Tree=10
num_leaves=12
num_cat=0
split_feature=25 5 4 26 1 25 24 26 30 20 2
split_gain=0.0065496 0.00354513 0.00250841 0.00265572 0.00173056 0.000941661 0.000837391 0.000669838 0.000933055 0.000599451 0.000342423
threshold=-0.073966259599290721 413852945.50000006 4.2049999237060556 0.10030254178184098 5.5713350772857675 -0.03966173037238243 -0.05884065093779204 0.067510216174899537 57.214736098349114 6.2252322554588329 4.4349999427795419
decision_type=2 2 2 2 2 2 2 2 2 2 2
left_child=-1 2 7 6 -5 -3 -4 -2 -9 10 -7
right_child=1 5 3 4 -6 9 -8 8 -10 -11 -12
leaf_value=0.00041469527046944499 -4.4617424370989809e-05 0 0 2.5827902122145826e-05 -2.9743304110412813e-05 0 -6.889578081548735e-05 8.8188470485578722e-05 0 0 0.00012853629947532223
leaf_weight=34 29 36 149 1005 1003 26 1010 327 151 34 264
leaf_count=34 29 36 149 1005 1003 26 1010 327 151 34 264
internal_value=1.70497e-08 -2.74454e-06 -1.22666e-05 -2.2833e-05 -4.36175e-07 8.60786e-05 -5.90445e-05 4.78125e-05 5.97032e-05 0.000104151 0.000118231
internal_weight=4068 4034 3674 3167 2008 360 1159 507 478 324 290
internal_count=4068 4034 3674 3167 2008 360 1159 507 478 324 290
is_linear=0
shrinkage=0.03


Tree=11
num_leaves=21
num_cat=0
split_feature=35 35 26 19 5 19 35 5 5 21 5 0 0 33 33 0 3 0 21 4
split_gain=0.00669619 0.00284498 0.00178817 0.00330903 0.00180515 0.00174119 0.00104966 0.00134615 0.000903391 0.000828238 0.000783696 0.000802142 0.000695016 0.000670543 0.000612197 0.000499772 0.000288169 0.000225643 6.69409e-05 8.27661e-06
threshold=0.038379742002546256 0.021276604019355678 0.11986905739270398 4.6500000476837169 551980846.00000012 4.5930000305175787 0.010679923281060514 261652358.00000003 290711394.00000006 5.0842499693234773 371184257.00000006 2.360127449035645 3.1215580701828007 0.024011907374488776 0.003481328999318634 2.0695891380310063 4.7349998950958261 3.4126442670822148 5.9486666758855193 4.3350000381469735
decision_type=2 2 2 2 2 2 2 2 2 2 2 2 2 2 2 2 2 2 2 2
left_child=1 6 19 -4 18 12 13 9 -9 -8 16 -12 15 14 -1 -3 -7 -14 -5 -2
right_child=2 5 3 4 -6 10 7 8 -10 -11 11 -13 17 -15 -16 -17 -18 -19 -20 -21
leaf_value=-3.3612145405352143e-05 1.9250829441736984e-05 2.6909636393110039e-06 0.00053176446489241222 3.4384983998341889e-05 0.00028526669732550382 -5.8359465701481313e-05 -4.2693707848213687e-06 6.9141720303308909e-05 -9.3387100275346854e-07 -5.2269064977522532e-05 -8.6536764897307069e-06 8.9960286190086765e-05 0 0 -0.00015228359506812996 0.0001493885316444296 0 7.1163959245384645e-05 -1.2961669647788147e-05 0
leaf_weight=185 20 75 32 48 36 96 751 208 452 876 46 168 85 41 130 164 569 40 20 26
leaf_count=185 20 75 32 48 36 96 751 208 452 876 46 168 85 41 130 164 569 40 20 26
internal_value=1.43993e-09 -7.59127e-06 0.000178508 0.000233366 0.00011231 2.8714e-05 -2.58011e-05 -1.66296e-05 1.66129e-05 -3.19585e-05 2.27608e-06 5.47566e-05 8.42995e-05 -7.62744e-05 -9.21412e-05 0.000115921 -1.01075e-05 0 0 0
internal_weight=4068 3886 182 136 104 1243 2643 2287 660 1627 879 214 364 356 315 239 665 125 68 46
internal_count=4068 3886 182 136 104 1243 2643 2287 660 1627 879 214 364 356 315 239 665 125 68 46
is_linear=0
shrinkage=0.03


Tree=12
num_leaves=21
num_cat=0
split_feature=35 35 26 1 19 5 35 5 5 21 5 0 0 33 33 0 26 0 31 4
split_gain=0.00634278 0.00268447 0.00168928 0.00320575 0.00165626 0.00100378 0.000984572 0.00126637 0.000853234 0.000800718 0.000730411 0.000873416 0.000659407 0.000643271 0.000558158 0.000447739 0.000275643 0.00021234 8.2434e-06 7.78986e-06
threshold=0.038379742002546256 0.021276604019355678 0.11986905739270398 4.9349999427795419 4.5930000305175787 551980846.00000012 0.010679923281060514 261652358.00000003 290711394.00000006 3.7492500106493636 400775862.00000006 2.3105014562606816 3.1215580701828007 0.024011907374488776 0.003481328999318634 2.0695891380310063 0.10394665181277575 3.4126442670822148 0.010070542256671812 4.3350000381469735
decision_type=2 2 2 2 2 2 2 2 2 2 2 2 2 2 2 2 2 2 2 2
left_child=1 6 19 -4 12 18 13 9 -9 -8 16 -12 15 14 -1 -3 -6 -14 -5 -2
right_child=2 4 3 5 10 -7 7 8 -10 -11 11 -13 17 -15 -16 -17 -18 -19 -20 -21
leaf_value=-3.2604326399415283e-05 1.8676185473076878e-05 2.6103409987498555e-06 0.00041117906780188576 -1.5445220541700091e-05 -4.3786482704982245e-05 0.00021850762673831421 5.2072437680705039e-05 6.7068465889938176e-05 -9.058611556148844e-07 -3.6722182334563685e-05 -1.3860938790639381e-05 0.00010251052217086768 0 0 -0.00014771859963644808 0.00014490960860040491 0 6.9034364995085903e-05 0 0
leaf_weight=185 20 75 57 31 151 24 70 208 452 1557 34 133 85 41 130 164 561 40 24 26
leaf_count=185 20 75 57 31 151 24 70 208 452 1557 34 133 85 41 130 164 561 40 24 26
internal_value=0 -7.40299e-06 0.00017372 0.000227045 2.78292e-05 5.59104e-05 -2.51081e-05 -1.617e-05 1.59785e-05 -3.10551e-05 1.9651e-06 6.08707e-05 8.20297e-05 -7.40827e-05 -8.96644e-05 0.000112822 -7.64496e-06 0 0 0
internal_weight=4068 3886 182 136 1243 79 2643 2287 660 1627 879 167 364 356 315 239 712 125 55 46
internal_count=4068 3886 182 136 1243 79 2643 2287 660 1627 879 167 364 356 315 239 712 125 55 46
is_linear=0
shrinkage=0.03


Tree=13
num_leaves=17
num_cat=0
split_feature=25 4 26 26 30 28 19 28 30 33 28 23 33 23 33 28
split_gain=0.00599378 0.00256769 0.00424864 0.00198075 0.00160018 0.0019505 0.00132307 0.00123951 0.000942121 0.000939332 0.000662229 0.000625321 0.000619174 0.000600689 0.000518812 0.000215201
threshold=-0.073966259599290721 4.9649999141693124 0.13197203454650899 0.10240409874407962 30.254183936666557 1857250649.5000002 3.6790000677108767 495561526.50000006 23.18622548274524 -0.0059643504688426932 750247717.00000012 0.055570471579196486 0.0036199089523475396 0.067271697287755408 0.015775653403986793 183075065.00000003
decision_type=2 2 2 2 2 2 2 2 2 2 2 2 2 2 2 2
left_child=-1 2 6 8 10 -6 9 -8 15 -2 -4 12 -5 -13 -10 -3
right_child=1 3 4 11 5 -7 7 -9 14 -11 -12 13 -14 -15 -16 -17
leaf_value=0.00039671504411565087 0 8.6143665221765956e-05 0.00012357157365360091 -3.9601918986693813e-05 0.00033209508698475298 0 -1.3001419865021724e-05 5.579040222740408e-05 -0.00010133899318150787 0.00019790033479235152 -9.6738424010892594e-05 9.119672402220322e-05 4.0063582349248085e-07 0 -3.4778431839952815e-06 0
leaf_weight=34 30 26 26 630 72 39 1184 294 426 54 21 86 469 504 130 43
leaf_count=34 30 26 26 630 72 39 1184 294 426 54 21 86 469 504 130 43
internal_value=0 -2.61794e-06 2.42911e-05 -2.3916e-05 0.000173444 0.000236161 7.27326e-06 0 -6.99956e-05 0.000123051 0 -5.08544e-06 -1.98028e-05 1.72435e-05 -8.38572e-05 0
internal_weight=4068 4034 1720 2314 158 111 1562 1478 625 84 47 1689 1099 590 556 69
internal_count=4068 4034 1720 2314 158 111 1562 1478 625 84 47 1689 1099 590 556 69
is_linear=0
shrinkage=0.03


Tree=14
num_leaves=22
num_cat=0
split_feature=35 35 28 24 25 3 0 21 21 5 33 31 33 5 5 0 31 23 23 31 23
split_gain=0.00583418 0.00245949 0.00156509 0.00187853 0.00146961 0.00114931 0.000910849 0.00101345 0.000869683 0.000787613 0.000767339 0.000581384 0.000956008 0.000579539 0.000502775 0.00080301 0.000407575 0.000295917 0.000250771 0.000223501 0.00019369
threshold=0.038379742002546256 0.021276604019355678 5495231890.500001 -0.041569559692871121 -0.012901071770458994 4.5850000381469735 3.7540562152862553 3.9501666724681859 5.0926666378974925 427406506.00000006 -0.024256493167270406 -0.0049080372250768214 -0.0083420439570195942 163515857.50000003 400775862.00000006 2.360127449035645 -0.027777781624317151 0.0042251633002403652 -0.051729235394972754 0.031955668582185466 0.10223551703909274
decision_type=2 2 2 2 2 2 2 2 2 2 2 2 2 2 2 2 2 2 2 2 2
left_child=1 4 3 16 8 11 7 -6 10 -5 -1 18 -13 -10 20 -16 -2 -8 -3 -18 -7
right_child=2 5 -4 9 6 14 17 -9 13 -11 -12 12 -14 -15 15 -17 19 -19 -20 -21 -22
leaf_value=0 9.161702656089806e-06 0.00018539520779348241 0 0 1.9517592845102253e-05 -1.4954771942587353e-05 5.8345477547900995e-05 -5.4327846870358362e-05 -7.3164294843891116e-05 0.00014037350309792671 8.5513677472796428e-05 -7.5259664901205958e-05 6.1807462918182912e-05 0 -1.6025646012940716e-05 9.5986928361520469e-05 0.00052693076991202291 -2.9380740151925545e-06 3.988958031073135e-05 7.4154066422314773e-05 2.2701764936242527e-05
leaf_weight=71 20 70 33 30 124 569 79 1513 108 49 201 47 179 366 36 126 30 181 101 20 115
leaf_count=71 20 70 33 30 124 569 79 1513 108 49 201 47 179 366 36 126 30 181 101 20 115
internal_value=5.10584e-08 -6.98658e-06 0.000166712 0.000208306 -2.39613e-05 2.66927e-05 -3.83207e-05 -4.69008e-05 8.53249e-06 5.71831e-05 5.35391e-05 6.93881e-05 2.00132e-05 -1.09722e-05 3.10559e-06 5.25936e-05 0.000335738 4.16394e-06 0.00011706 0.00040621 -4.23591e-06
internal_weight=4068 3886 182 149 2643 1243 1897 1637 746 79 272 397 226 474 846 162 70 260 171 50 684
internal_count=4068 3886 182 149 2643 1243 1897 1637 746 79 272 397 226 474 846 162 70 260 171 50 684
is_linear=0
shrinkage=0.03


Tree=15
num_leaves=22
num_cat=0
split_feature=35 35 26 1 25 3 5 4 21 21 33 26 1 26 33 30 31 21 20 31 4
split_gain=0.00555015 0.0023187 0.00155389 0.00289082 0.00137849 0.00108913 0.000924495 0.000892106 0.000919413 0.000808937 0.000731083 0.00064319 0.00121801 0.000601843 0.00056263 0.000936427 0.000526405 0.000440965 0.000125537 1.13551e-05 3.56482e-06
threshold=0.038379742002546256 0.021276604019355678 0.11986905739270398 4.9349999427795419 -0.012901071770458994 4.5850000381469735 551980846.00000012 6.2850000858306894 3.9501666724681859 5.0926666378974925 -0.024256493167270406 0.18383865866357293 6.805000066757203 0.12573177785916936 -0.0070505876448128104 37.763116330731627 -0.0049080372250768214 6.5454999804496774 6.8472500205039983 0.010070542256671812 4.3350000381469735
decision_type=2 2 2 2 2 2 2 2 2 2 2 2 2 2 2 2 2 2 2 2 2
left_child=1 4 20 -4 9 14 19 8 -6 10 -1 17 -13 -11 16 -16 -3 -7 -9 -5 -2
right_child=2 5 3 6 7 11 -8 18 -10 13 -12 12 -14 -15 15 -17 -18 -19 -20 -21 -22
leaf_value=0 1.263403436238529e-05 5.5115083541517206e-05 0.00038873743653136764 -1.8127467064037194e-05 1.8932537318501973e-05 5.844592458255155e-07 0.00020612367723983445 3.5745312618306727e-05 -5.068862892983625e-05 -3.8092516037458127e-05 8.294954282144332e-05 0.00018696034482342086 0 2.8741538117751898e-05 0.00020557462605600414 3.5054269894970285e-05 -4.8093060524818496e-05 -9.2864035660270415e-05 0 0 0
leaf_weight=71 20 117 57 31 124 732 24 132 1613 323 201 48 20 151 70 157 53 46 28 24 26
leaf_count=71 20 117 57 31 124 732 24 132 1613 323 201 48 20 151 70 157 53 46 28 24 26
internal_value=1.38885e-07 -6.70664e-06 0.0001627 0.000213761 -2.32075e-05 2.5965e-05 4.92537e-05 -3.71237e-05 -4.39907e-05 8.15909e-06 5.1644e-05 2.90636e-06 9.26905e-05 -1.04721e-05 6.75347e-05 0.000100915 5.29239e-06 -1.09645e-06 1.86697e-05 0 0
internal_weight=4068 3886 182 136 2643 1243 79 1897 1737 746 272 846 68 474 397 227 170 778 160 55 46
internal_count=4068 3886 182 136 2643 1243 79 1897 1737 746 272 846 68 474 397 227 170 778 160 55 46
is_linear=0
shrinkage=0.03


Tree=16
num_leaves=14
num_cat=0
split_feature=25 5 19 26 32 26 27 3 0 26 19 30 25
split_gain=0.00540859 0.00261112 0.00238659 0.00326943 0.00168432 0.00147184 0.00144678 0.0012363 0.00113286 0.00105696 0.00104738 0.000885334 0.00027401
threshold=-0.073966259599290721 469336686.00000006 4.6029999256134042 0.1126132733391043 -0.0021857929099937663 0.13324223808850783 0.18618145709176367 5.4821856021881112 4.2054102420806894 0.1504020345395399 3.6790000677108767 37.357412515639744 -0.039032965142465979
decision_type=2 2 2 2 2 2 2 2 2 2 2 2 2
left_child=-1 2 3 10 -5 11 12 -7 9 -8 -2 -4 -3
right_child=1 6 5 4 -6 7 8 -9 -10 -11 -12 -13 -14
leaf_value=0.00037705080938058472 0.00011077938352108035 -0.00011098705160904173 -3.4660067251203131e-06 0 0.00030394598758815553 6.6383676494657931e-05 8.7252968874556225e-05 -1.52993729774862e-05 0 0.00034438632691129693 0 -4.9585085632727072e-05 0
leaf_weight=34 81 20 703 47 57 257 124 377 22 37 830 1456 23
leaf_count=34 81 20 703 47 57 257 124 377 22 37 830 1456 23
internal_value=2.14595e-07 -2.22712e-06 -8.83218e-06 2.92642e-05 0.00019003 -2.37514e-05 9.57514e-05 1.3086e-05 0.000135748 0.000165145 7.59961e-06 -3.59584e-05 -4.78062e-06
internal_weight=4068 4034 3808 1015 104 2793 226 634 183 161 911 2159 43
internal_count=4068 4034 3808 1015 104 2793 226 634 183 161 911 2159 43
is_linear=0
shrinkage=0.03


Tree=17
num_leaves=17
num_cat=0
split_feature=25 35 19 5 25 26 4 21 32 21 33 32 26 32 34 24
split_gain=0.00508885 0.00323085 0.00218915 0.00186106 0.00121516 0.000983197 0.000838739 0.000852411 0.000745039 0.000717434 0.000738895 0.000674748 0.000579983 0.000421758 0.000379562 0.000102595
threshold=-0.073966259599290721 0.021276604019355678 4.5930000305175787 476538228.50000006 -0.012901071770458994 0.11556140305638486 6.2850000858306894 3.9501666724681859 0.0081816052870521423 5.0926666378974925 -0.024256493167270406 -0.02013230519539316 0.12573177785916936 0.018240496274228527 0.037548093003431655 0.10059043727504789
decision_type=2 2 2 2 2 2 2 2 2 2 2 2 2 2 2 2
left_child=-1 4 5 14 9 13 7 -6 -5 10 -2 -7 -11 -3 -4 -8
right_child=1 2 3 8 6 11 15 -9 -10 12 -12 -13 -14 -15 -16 -17
leaf_value=0.00036577245846573027 -9.2256206050235955e-07 7.4804777077775334e-05 0 0 1.796900668298457e-05 0 3.6903460956244077e-05 -4.8542853433570576e-05 0.00017204442905688111 -3.7525114348219035e-05 8.0274400151641109e-05 0.00025455655989007676 2.8500935551912234e-05 0 -5.6815748356521843e-05 0
leaf_weight=34 70 248 727 59 124 23 108 1613 79 322 201 62 147 80 119 52
leaf_count=34 70 248 727 59 124 23 108 1613 79 322 201 62 147 80 119 52
internal_value=2.35834e-07 -2.11037e-06 3.39365e-05 6.26814e-06 -2.23451e-05 9.25786e-05 -3.53752e-05 -4.2067e-05 0.000109992 7.00467e-06 4.82424e-05 0.000200374 -1.04335e-05 5.54476e-05 -7.11668e-06 1.85149e-05
internal_weight=4068 4034 1397 984 2637 413 1897 1737 138 740 271 85 469 328 846 160
internal_count=4068 4034 1397 984 2637 413 1897 1737 138 740 271 85 469 328 846 160
is_linear=0
shrinkage=0.03


Tree=18
num_leaves=16
num_cat=0
split_feature=25 5 2 26 26 33 31 0 21 3 29 36 2 26 24
split_gain=0.00478687 0.00235534 0.00171993 0.00185918 0.00166212 0.00164136 0.00148199 0.00100139 0.000861486 0.000663918 0.000656238 0.000548462 0.000395782 0.000475205 0.00024866
threshold=-0.073966259599290721 413852945.50000006 4.6749999523162851 0.098909655770327357 0.13324223808850783 -0.009365501968846111 0.019230716439997412 2.5500261783599858 6.4005833188692742 4.1849999427795419 88.248114172270661 -0.018126889674538862 5.1749999523162851 0.11062164255800298 0.014608183563206834
decision_type=2 2 2 2 2 2 2 2 2 2 2 2 2 2 2
left_child=-1 2 3 9 10 -5 -6 12 11 -2 -4 -9 13 -3 -14
right_child=1 7 4 5 6 -7 -8 8 -10 -11 -12 -13 14 -15 -16
leaf_value=0.00035483146384201363 1.9235587322851582e-05 0 -2.9332243180382294e-05 0 3.8619394945709082e-05 0.00014596812563580404 -0.00011012395944000194 0 0 -3.7782739948358281e-05 -0.00010342949193960925 0.00014452161755069788 -0.0001392709682706602 0.00011648858632879698 0
leaf_weight=34 434 25 1889 131 524 170 61 26 20 306 159 189 21 44 35
leaf_count=34 434 25 1889 131 524 170 61 26 20 306 159 189 21 44 35
internal_value=3.1185e-07 -1.94123e-06 -9.83767e-06 2.13339e-05 -2.33016e-05 8.44432e-05 1.79659e-05 7.02957e-05 0.000106782 -2.90675e-07 -3.65545e-05 0.000126756 0 4.97075e-05 -5.74983e-05
internal_weight=4068 4034 3674 1041 2633 301 585 360 235 740 2048 215 125 69 56
internal_count=4068 4034 3674 1041 2633 301 585 360 235 740 2048 215 125 69 56
is_linear=0
shrinkage=0.03


Tree=19
num_leaves=22
num_cat=0
split_feature=35 35 28 24 19 35 34 31 33 34 33 0 0 31 33 33 31 0 0 21 21
split_gain=0.00470156 0.0018926 0.00140251 0.00168196 0.00122944 0.000848991 0.000817764 0.000743643 0.000742957 0.000660624 0.000583245 0.000581876 0.000519655 0.000743998 0.000490841 0.000455441 0.000424305 0.000853508 0.000280809 0.000570132 0.000549345
threshold=0.038379742002546256 0.021276604019355678 5495231890.500001 -0.041569559692871121 4.5930000305175787 0.010679923281060514 -0.031194118586148841 0.0022988056463989497 -0.024256493167270406 0.051318596855688521 0.024011907374488776 3.001126885414124 2.6047160625457768 -0.019844298103777577 0.003481328999318634 -0.0083420439570195942 -0.027777781624317151 2.0695891380310063 2.8219473361968999 6.5454999804496774 5.8830832997957874
decision_type=2 2 2 2 2 2 2 2 2 2 2 2 2 2 2 2 2 2 2 2 2
left_child=1 5 3 16 7 10 8 11 -7 -8 14 -3 -5 -14 -1 -9 -2 -18 20 -20 -6
right_child=2 4 -4 12 18 6 9 15 -10 -11 -12 -13 13 -15 -16 -17 17 -19 19 -21 -22
leaf_value=-2.6970031200753408e-05 0 0.00017521056472096094 0 0 0 0 -2.5495939203622893e-05 -8.3359426749228673e-05 8.0139377578378597e-05 4.5619648860387849e-05 0 1.6377678802742557e-05 0 0.0001923561505684788 -0.00013561786334338147 4.0217078041723913e-05 0.00060754073345894684 0.00012077466148087919 3.7688033794063789e-05 -3.7405554983697709e-05 -9.2429154206916759e-05
leaf_weight=185 20 96 33 24 327 158 1887 24 145 97 41 89 20 35 130 155 20 30 404 81 67
leaf_count=185 20 96 33 24 327 158 1887 24 145 97 41 89 20 35 130 155 20 30 404 81 67
internal_value=2.76113e-07 -5.96462e-06 0.000149931 0.000189527 2.34477e-05 -2.09326e-05 -1.25712e-05 7.01063e-05 2.94689e-05 -2.05049e-05 -6.62042e-05 0.000115057 4.51775e-05 0.000106855 -8.13584e-05 6.86045e-06 0.000309342 0.000376185 7.07773e-07 1.89572e-05 -1.41435e-05
internal_weight=4068 3886 182 149 1243 2643 2287 364 303 1984 356 185 79 55 315 179 70 50 879 485 394
internal_count=4068 3886 182 149 1243 2643 2287 364 303 1984 356 185 79 55 315 179 70 50 879 485 394
is_linear=0
shrinkage=0.03


Tree=20
num_leaves=16
num_cat=0
split_feature=25 5 4 26 19 21 26 2 23 0 26 0 29 27 31
split_gain=0.00441774 0.00220997 0.00192822 0.00116621 0.00132199 0.00110628 0.0010839 0.00127363 0.000977202 0.000829291 0.000576116 0.000506636 0.000435692 0.000348115 0.00030282
threshold=-0.073966259599290721 261652358.00000003 4.2049999237060556 0.097215229626920821 5.0059999942779552 5.8878333051999414 0.10438257105369844 5.1150000095367441 0.08078755978518927 3.0630956888198857 0.067510216174899537 3.1690959930419926 30.158519193137675 0.92822898829904099 -0.0090171527750946816
decision_type=2 2 2 2 2 2 2 2 2 2 2 2 2 2 2
left_child=-1 2 10 4 9 8 14 -8 -5 -3 -2 -7 -12 -6 -4
right_child=1 3 6 5 13 11 7 -9 -10 -11 12 -13 -14 -15 -16
leaf_value=0.0003408976173495377 -4.3996847483239981e-05 7.2063007063879908e-05 0 7.3082272220144907e-05 -0.00012070849441228066 -6.9673395927710087e-05 5.2172298487816361e-05 -2.7012147277610705e-05 0 -2.7041362754921924e-05 0 1.22318349275446e-05 7.8394227360708855e-05 0 -6.3677859050217172e-05
leaf_weight=34 28 142 162 714 104 89 217 864 220 110 104 181 232 38 829
leaf_count=34 28 142 162 714 104 89 217 864 220 110 104 181 232 38 829
internal_value=3.03137e-07 -1.83223e-06 -2.05001e-05 2.47475e-05 -1.47536e-05 4.01655e-05 -3.25026e-05 -8.33835e-06 5.60497e-05 1.69096e-05 3.95725e-05 -3.67536e-06 5.54735e-05 -9.20289e-05 -5.5831e-05
internal_weight=4068 4034 2436 1598 394 1204 2072 1081 934 252 364 270 336 142 991
internal_count=4068 4034 2436 1598 394 1204 2072 1081 934 252 364 270 336 142 991
is_linear=0
shrinkage=0.03


Tree=21
num_leaves=22
num_cat=0
split_feature=35 35 26 1 3 5 35 5 5 1 31 33 5 33 26 1 0 23 0 31 4
split_gain=0.00436047 0.00170723 0.00136811 0.00253739 0.000808233 0.000788226 0.000770469 0.00106532 0.000808529 0.000603206 0.000588211 0.000772067 0.000562266 0.000584662 0.000529044 0.00108124 0.000410039 0.000236525 0.000184599 1.97706e-05 2.7888e-07
threshold=0.038379742002546256 0.021276604019355678 0.11986905739270398 4.9349999427795419 4.5850000381469735 551980846.00000012 0.010679923281060514 261652358.00000003 290711394.00000006 5.0950000286102304 -0.0049080372250768214 -0.0083420439570195942 170850428.50000003 0.025641021809329704 0.18383865866357293 6.805000066757203 2.7058383226394658 -0.051729235394972754 3.2667838335037236 0.010070542256671812 4.3350000381469735
decision_type=2 2 2 2 2 2 2 2 2 2 2 2 2 2 2 2 2 2 2 2 2
left_child=1 6 20 -4 10 19 12 9 -9 -8 17 -12 18 -14 16 -16 -6 -3 -1 -5 -2
right_child=2 4 3 5 14 -7 7 8 -10 -11 11 -13 13 -15 15 -17 -18 -19 -20 -21 -22
leaf_value=0 3.5337166888500239e-06 0.00016738007267350506 0.00035528812153369266 -2.3919461314473593e-05 -2.9710871164712561e-05 0.00018375921860280255 -2.7392358886082706e-06 6.6937783768589404e-05 0 -4.3996643061099681e-05 -7.6694517666296027e-05 4.9600901018941355e-05 -0.00012080509105956213 0 0.00017363265667700412 0 1.3014322209079573e-05 2.9816477499399277e-05 -5.2781627286376063e-05 0 0
leaf_weight=108 20 70 57 31 335 24 792 208 452 835 47 179 168 20 48 20 443 101 60 24 26
leaf_count=108 20 70 57 31 335 24 792 208 452 835 47 179 168 20 48 20 443 101 60 24 26
internal_value=2.54182e-07 -5.72853e-06 0.000144402 0.000192215 2.21455e-05 3.63284e-05 -1.9973e-05 -1.19303e-05 1.7612e-05 -2.57583e-05 5.79678e-05 1.00452e-05 -6.31986e-05 -0.000101216 1.78475e-06 8.36938e-05 -1.52868e-06 0.000103728 -2.77369e-06 0 0
internal_weight=4068 3886 182 136 1243 79 2643 2287 660 1627 397 226 356 188 846 68 778 171 168 55 46
internal_count=4068 3886 182 136 1243 79 2643 2287 660 1627 397 226 356 188 846 68 778 171 168 55 46
is_linear=0
shrinkage=0.03


Tree=22
num_leaves=14
num_cat=0
split_feature=25 5 19 26 32 27 26 0 26 19 3 30 25
split_gain=0.00407591 0.00199467 0.0018129 0.00274634 0.0014739 0.00129429 0.00123194 0.00105958 0.000917968 0.00090152 0.000829335 0.000513936 0.00029748
threshold=-0.073966259599290721 469336686.00000006 4.6029999256134042 0.1126132733391043 -0.0021857929099937663 0.18618145709176367 0.10030254178184098 4.2054102420806894 0.1504020345395399 3.6790000677108767 5.5515241622924814 36.901818624979441 -0.039032965142465979
decision_type=2 2 2 2 2 2 2 2 2 2 2 2 2
left_child=-1 2 3 9 -5 12 11 8 -7 -2 -8 -4 -3
right_child=1 5 6 4 -6 7 10 -9 -10 -11 -12 -13 -14
leaf_value=0.00032743602450336181 0.00010157065205116678 -0.00011657790273928374 0 0 0.00027847215352619093 7.6986995374270147e-05 1.2222247184093661e-05 0 0.00031960662290883172 -5.0085058728934344e-07 -2.5910422792066027e-05 -6.6196556693050152e-05 0
leaf_weight=34 81 20 230 47 57 124 948 22 37 830 998 617 23
leaf_count=34 81 20 230 47 57 124 948 22 37 830 998 617 23
internal_value=2.56441e-07 -1.76553e-06 -7.63088e-06 2.54062e-05 0.000172605 8.37541e-05 -2.07114e-05 0.000122451 0.00015153 5.29209e-06 -5.79275e-06 -5.1441e-05 -1.12301e-05
internal_weight=4068 4034 3808 1015 104 226 2793 183 161 911 1946 847 43
internal_count=4068 4034 3808 1015 104 226 2793 183 161 911 1946 847 43
is_linear=0
shrinkage=0.03


Tree=23
num_leaves=22
num_cat=0
split_feature=35 35 5 26 1 25 19 0 21 31 21 33 0 5 5 0 33 23 3 29 21
split_gain=0.00395839 0.00156039 0.00126661 0.00123665 0.00186378 0.0010988 0.00105385 0.000779227 0.00076122 0.000728103 0.000634183 0.000669362 0.000515959 0.00049726 0.000445977 0.000656589 0.000387562 0.000320443 0.000299831 0.000214209 0.00012215
threshold=0.038379742002546256 0.021276604019355678 327324237.00000006 0.11556140305638486 4.9349999427795419 -0.012901071770458994 4.5930000305175787 3.7314640283584599 3.9501666724681859 0.0022988056463989497 5.0926666378974925 -0.024256493167270406 3.001126885414124 163515857.50000003 371184257.00000006 2.360127449035645 -0.0083420439570195942 0.0042251633002403652 4.7349998950958261 51.10502483765989 5.1284166534741731
decision_type=2 2 2 2 2 2 2 2 2 2 2 2 2 2 2 2 2 2 2 2 2
left_child=1 5 -2 -4 20 10 9 8 -7 12 11 -1 -3 -12 18 -16 -11 -9 -8 -6 -5
right_child=2 6 3 4 19 7 14 17 -10 16 13 -13 -14 -15 15 -17 -18 -19 -20 -21 -22
leaf_value=0 0 0.00016482589568743634 0 0.00049623231720371348 0.00011125897282799226 1.5660520250627652e-05 -5.76603015538055e-05 6.1008586313859154e-05 -4.6360738986892502e-05 -8.1953571351434378e-05 -6.5832792529653614e-05 7.7496658926828687e-05 1.3054454830370885e-05 2.2574378395281631e-06 -1.7656887542565475e-05 7.431141460457886e-05 3.4810385161382999e-05 -2.3347725353934792e-07 0 0 7.1248288456156333e-05
leaf_weight=71 35 96 31 29 33 124 96 81 1504 24 108 201 89 366 46 168 155 188 569 33 21
leaf_count=71 35 96 31 29 33 124 96 81 1504 24 108 201 89 366 46 168 155 188 569 33 21
internal_value=2.65716e-07 -5.3993e-06 0.000137634 0.000176635 0.000221624 -1.90458e-05 2.12033e-05 -3.1566e-05 -3.97935e-05 6.4342e-05 8.77073e-06 4.71662e-05 0.000108065 -6.93963e-06 0 4.05314e-05 2.36745e-06 7.07499e-06 -8.64067e-06 5.7289e-05 0.000378118
internal_weight=4068 3886 182 147 116 2643 1243 1897 1628 364 746 272 185 474 879 214 179 269 665 66 50
internal_count=4068 3886 182 147 116 2643 1243 1897 1628 364 746 272 185 474 879 214 179 269 665 66 50
is_linear=0
shrinkage=0.03


Tree=24
num_leaves=16
num_cat=0
split_feature=25 35 19 28 5 25 22 4 19 0 21 19 5 20 20
split_gain=0.00378702 0.00227088 0.00166892 0.00191516 0.00141671 0.000997001 0.000807371 0.000747925 0.000755501 0.00067544 0.000565326 0.000674322 0.000465958 0.000403401 0.00013331
threshold=-0.073966259599290721 0.021276604019355678 4.5930000305175787 899577541.50000012 476538228.50000006 -0.012901071770458994 47.018972838086064 6.2850000858306894 5.7730000495910652 2.3645088672637944 5.0926666378974925 4.7609999656677253 163515857.50000003 6.1582499861717235 6.8472500205039983
decision_type=2 2 2 2 2 2 2 2 2 2 2 2 2 2 2
left_child=-1 5 3 6 13 10 -3 8 -7 -6 11 -2 -12 -4 -9
right_child=1 2 4 -5 9 7 -8 14 -10 -11 12 -13 -14 -15 -16
leaf_value=0.00031568922207600648 0 9.2900869186137759e-05 0 0.00029393812602236658 0 -2.6420152609858955e-05 0 3.7662733468645533e-05 -9.3574780499834124e-05 0.0001263271735627123 -6.3859636243860832e-05 0.00011561443931025046 1.7867407301978319e-06 -4.8036677772192068e-05 0
leaf_weight=34 186 186 669 40 22 1508 187 132 229 116 108 85 361 177 28
leaf_count=34 186 186 669 40 22 1508 187 132 229 116 108 85 361 177 28
internal_value=3.20911e-07 -1.60123e-06 2.8489e-05 7.9646e-05 3.96327e-06 -1.86802e-05 4.85522e-05 -3.05715e-05 -3.70055e-05 9.49443e-05 7.74993e-06 4.42411e-05 -6.94529e-06 -7.3414e-06 2.05183e-05
internal_weight=4068 4034 1397 413 984 2637 373 1897 1737 138 740 271 469 846 160
internal_count=4068 4034 1397 413 984 2637 373 1897 1737 138 740 271 469 846 160
is_linear=0
shrinkage=0.03


Tree=25
num_leaves=22
num_cat=0
split_feature=35 35 26 1 25 0 21 5 3 33 30 21 33 26 26 1 32 31 23 31 4
split_gain=0.00362231 0.00137432 0.00120568 0.00222005 0.000975597 0.000713855 0.000714901 0.000679684 0.000654462 0.000586889 0.000900759 0.000559264 0.000628302 0.000476188 0.000463193 0.000998607 0.000388176 0.000349771 0.000308867 2.48248e-05 7.40861e-08
threshold=0.038379742002546256 0.021276604019355678 0.11986905739270398 4.9349999427795419 -0.012901071770458994 3.7314640283584599 3.9501666724681859 551980846.00000012 4.5850000381469735 -0.0070505876448128104 37.763116330731627 5.0926666378974925 -0.024256493167270406 0.12573177785916936 0.18383865866357293 6.805000066757203 -0.012584281734033252 -0.0049080372250768214 0.0042251633002403652 0.010070542256671812 4.3350000381469735
decision_type=2 2 2 2 2 2 2 2 2 2 2 2 2 2 2 2 2 2 2 2 2
left_child=1 4 20 -4 11 6 -6 19 9 17 -11 12 -1 -13 16 -16 -10 -3 -7 -5 -2
right_child=2 8 3 7 5 18 -8 -9 14 10 -12 13 -14 -15 15 -17 -18 -19 -20 -21 -22
leaf_value=0 0 3.7639244370791584e-05 0.00032902844051215565 -2.6803057063580556e-05 1.5983051342852752e-05 5.9929503086017291e-05 -4.4001852162830631e-05 0.00016749716167486971 -3.7601373761788109e-05 0.00018309575752874962 2.0824276060875232e-05 -3.1728378293769667e-05 7.3965603181672647e-05 2.839228752594662e-05 0.00016532235919565705 0 7.5985842554443015e-06 -5.2953677336697851e-05 0 0 -1.5983401915465213e-06
leaf_weight=71 20 117 57 31 124 81 1504 24 226 70 157 323 201 151 48 20 552 53 188 24 26
leaf_count=71 20 117 57 31 124 81 1504 24 226 70 157 323 201 151 48 20 552 53 188 24 26
internal_value=3.71068e-07 -5.01523e-06 0.000131791 0.00017667 -1.78606e-05 -2.96812e-05 -3.75896e-05 2.85372e-05 1.98839e-05 5.21335e-05 8.41326e-05 8.17713e-06 4.43305e-05 -6.24629e-06 1.20011e-06 7.81484e-05 -1.67908e-06 0 7.02869e-06 0 0
internal_weight=4068 3886 182 136 2643 1897 1628 79 1243 397 227 746 272 474 846 68 778 170 269 55 46
internal_count=4068 3886 182 136 2643 1897 1628 79 1243 397 227 746 272 474 846 68 778 170 269 55 46
is_linear=0
shrinkage=0.03


Tree=26
num_leaves=17
num_cat=0
split_feature=25 5 4 26 2 26 19 21 23 0 26 22 0 33 33 31
split_gain=0.00349205 0.00172339 0.00156598 0.000973443 0.00107228 0.00096899 0.00113027 0.000951367 0.000872647 0.00077906 0.000521944 0.000633403 0.00046749 0.000375776 0.000269914 0.000259219
threshold=-0.073966259599290721 261652358.00000003 4.2049999237060556 0.10438257105369844 5.1150000095367441 0.097215229626920821 5.0059999942779552 5.8878333051999414 0.08078755978518927 3.0630956888198857 0.085639528386256838 42.404417621549669 3.1690959930419926 0.018666221407021569 0.0027210908243306968 -0.0090171527750946816
decision_type=2 2 2 2 2 2 2 2 2 2 2 2 2 2 2 2
left_child=-1 2 10 15 -5 6 9 8 -7 -3 14 -12 -9 -8 -2 -4
right_child=1 5 3 4 -6 7 13 12 -10 -11 11 -13 -14 -15 -16 -17
leaf_value=0.00030324565684368231 -1.8362178434093067e-05 6.8871266094234956e-05 0 4.9542768660156109e-05 -2.3323044785800126e-05 6.7038658023299495e-05 -0.00011481674827208544 -6.7381174904286472e-05 0 -2.7491484480188039e-05 0 0.00012797194767563417 1.0639426962411814e-05 0 4.9163404112964822e-05 -5.8097126874015203e-05
leaf_weight=34 139 142 162 217 864 714 104 89 220 110 52 92 181 38 81 829
leaf_count=34 139 142 162 217 864 714 104 89 220 110 52 92 181 38 81 829
internal_value=4.24304e-07 -1.39178e-06 -1.79625e-05 -2.88688e-05 -5.91778e-06 2.19911e-05 -1.36071e-05 3.6132e-05 5.09403e-05 1.49139e-05 3.58708e-05 8.06911e-05 -3.9869e-06 -8.53085e-05 0 -5.08741e-05
internal_weight=4068 4034 2436 2072 1081 1598 394 1204 934 252 364 144 270 142 220 991
internal_count=4068 4034 2436 2072 1081 1598 394 1204 934 252 364 144 270 142 220 991
is_linear=0
shrinkage=0.03


Tree=27
num_leaves=16
num_cat=0
split_feature=25 26 4 30 2 5 31 31 29 0 19 26 4 32 0
split_gain=0.00328633 0.0016185 0.00201093 0.0016036 0.00132042 0.00109429 0.00103094 0.000949029 0.000638259 0.00060261 0.00107079 0.000696481 0.000559926 0.000273862 0.000122846
threshold=-0.073966259599290721 0.14098426744556303 4.9549999237060556 30.254183936666557 3.8249999284744267 261652358.00000003 0.018299642408788123 -0.018202509546002717 30.158519193137675 3.0351039171218877 6.8030000209808366 0.15384975519789068 5.0750000476837167 -0.010989033062138774 2.099010825157166
decision_type=2 2 2 2 2 2 2 2 2 2 2 2 2 2 2
left_child=-1 4 3 14 8 12 -5 -7 -2 11 -11 -4 -6 -10 -3
right_child=1 2 9 6 5 7 -8 -9 13 10 -12 -13 -14 -15 -16
leaf_value=0.00029417496248314984 0 -5.0699441322739919e-05 0 0.00028122815915509011 -8.5155182247773154e-06 -5.7170085511698135e-05 0 1.8318930368719812e-05 0 8.4753155810759795e-05 -1.4890140940515465e-05 -0.00012838792205208851 -4.4372238078927112e-05 0.00015656303315966124 4.9179127107985973e-05
leaf_weight=34 62 24 69 67 1030 164 29 1076 23 177 127 51 1048 67 20
leaf_count=34 62 24 69 67 1030 164 29 1076 23 177 127 51 1048 67 20
internal_value=3.90677e-07 -1.34901e-06 4.48695e-05 0.000144759 -9.72679e-06 -1.44501e-05 0.000213466 5.91193e-06 7.35967e-05 4.78705e-06 3.32695e-05 -4.23569e-05 -2.80441e-05 0.000124576 0
internal_weight=4068 4034 564 140 3470 3318 96 1240 152 424 304 120 2078 90 44
internal_count=4068 4034 564 140 3470 3318 96 1240 152 424 304 120 2078 90 44
is_linear=0
shrinkage=0.03


Tree=28
num_leaves=17
num_cat=0
split_feature=25 5 4 26 2 26 21 23 2 0 26 22 33 0 33 31
split_gain=0.00309232 0.00153587 0.00142884 0.000915741 0.000966547 0.000912494 0.000885822 0.000821731 0.000816914 0.000739189 0.000487933 0.000595781 0.000483496 0.000434294 0.000247764 0.000239136
threshold=-0.073966259599290721 261652358.00000003 4.2049999237060556 0.10438257105369844 5.1150000095367441 0.097215229626920821 5.8878333051999414 0.08078755978518927 5.1150000095367441 3.0630956888198857 0.085639528386256838 42.404417621549669 0.018666221407021569 3.1690959930419926 0.0027210908243306968 -0.0090171527750946816
decision_type=2 2 2 2 2 2 2 2 2 2 2 2 2 2 2 2
left_child=-1 2 10 15 -5 8 7 -7 9 -3 14 -12 -10 -8 -2 -4
right_child=1 5 3 4 -6 6 13 -9 12 -11 11 -13 -14 -15 -16 -17
leaf_value=0.0002853756004881627 -1.7909203179560247e-05 5.6878535458923986e-05 0 4.7431247534763581e-05 -2.1772648270463739e-05 6.4465543559493911e-05 -6.5138783377026102e-05 0 -0.00012426946768258118 -3.7865986580102299e-05 0 0.00012347777484247239 0 9.6650468383212208e-06 4.6897921396842005e-05 -5.5666943472090112e-05
leaf_weight=34 139 156 162 217 864 714 89 220 80 117 52 92 41 181 81 829
leaf_count=34 139 156 162 217 864 714 89 220 80 117 52 92 41 181 81 829
internal_value=3.85328e-07 -1.28003e-06 -1.69623e-05 -2.74205e-05 -5.1026e-06 2.07484e-05 3.45216e-05 4.88395e-05 -1.37259e-05 5.28976e-06 3.4321e-05 7.76129e-05 -8.13709e-05 -3.9005e-06 0 -4.87354e-05
internal_weight=4068 4034 2436 2072 1081 1598 1204 934 394 273 364 144 121 270 220 991
internal_count=4068 4034 2436 2072 1081 1598 1204 934 394 273 364 144 121 270 220 991
is_linear=0
shrinkage=0.03


Tree=29
num_leaves=22
num_cat=0
split_feature=35 0 26 19 35 19 31 27 34 27 32 5 34 0 5 35 33 19 3 0 5
split_gain=0.00317294 0.00114232 0.00116167 0.00162511 0.00114184 0.000846905 0.000749823 0.000644787 0.000944365 0.000582271 0.000670523 0.000497077 0.000487596 0.000455238 0.000331689 0.000619773 0.00032141 0.000306353 0.000300991 0.000195767 6.35247e-05
threshold=0.038379742002546256 3.2839072942733769 0.11025880876738735 4.6500000476837169 0.021276604019355678 4.5930000305175787 0.0022988056463989497 0.71308119743348541 0.028179496224088999 1.0047256700657707 -0.0052863354501034845 157978606.00000003 -0.031194118586148841 3.001126885414124 371184257.00000006 0.034839668599361807 -0.0083420439570195942 4.945999956130982 4.7349998950958261 3.1058416366577153 551980846.00000012
decision_type=2 2 2 2 2 2 2 2 2 2 2 2 2 2 2 2 2 2 2 2 2
left_child=4 2 -2 -4 7 6 13 8 12 10 -9 -10 -1 -6 18 -16 -8 -5 -7 -11 -3
right_child=1 20 3 17 5 14 16 9 11 19 -12 -13 -14 -15 15 -17 -18 -19 -20 -21 -22
leaf_value=1.6956833777516215e-05 0 -8.2741945763828175e-07 0.00043221652172679932 0 0.00015269671003514723 -5.752514558202227e-05 -8.544704052271837e-05 8.7100024279881531e-07 0 5.7490116913584283e-05 -6.0249928677210279e-05 0.00012059314414480129 -2.0195611823455657e-05 8.6284684929024612e-06 6.0839979336748949e-05 -6.6901142984822877e-05 2.7028908552822602e-05 0.00011958948425765074 0 0 4.3573333012354723e-05
leaf_weight=331 25 34 32 20 96 96 24 91 24 54 657 77 1349 89 193 21 155 41 569 60 30
leaf_count=331 25 34 32 20 96 96 24 91 24 54 657 77 1349 89 193 21 155 41 569 60 30
internal_value=3.54453e-07 0.000123391 0.000179392 0.000228151 -4.63898e-06 1.79507e-05 5.65116e-05 -1.63982e-05 -4.1421e-06 -3.82375e-05 -4.88048e-05 8.1642e-05 -1.10895e-05 9.96378e-05 0 3.42671e-05 0 7.14681e-05 -8.41675e-06 4.78848e-06 0
internal_weight=4068 182 118 93 3886 1243 364 2643 1781 862 748 101 1680 185 879 214 179 61 665 114 64
internal_count=4068 182 118 93 3886 1243 364 2643 1781 862 748 101 1680 185 879 214 179 61 665 114 64
is_linear=0
shrinkage=0.03


Tree=30
num_leaves=15
num_cat=0
split_feature=23 26 31 20 2 36 33 30 33 27 29 29 32 36
split_gain=0.00289351 0.00146912 0.0014968 0.00162674 0.00119302 0.0010168 0.000995902 0.00117511 0.00078606 0.000923716 0.00067128 0.000593702 0.000260382 4.82857e-11
threshold=-0.23925160948150778 0.14098426744556303 -0.010700927861038765 4.6972499966621415 3.8249999284744267 -0.0082645072118005484 0.012972997880415506 37.357412515639744 0.052585541298682988 0.60475452237997229 81.879575305736026 30.158519193137675 -0.010989033062138774 -0.0058982349751343375
decision_type=2 2 2 2 2 2 2 2 2 2 2 2 2 2
left_child=-1 4 3 -3 11 -5 7 -6 9 -4 -8 13 -13 -2
right_child=1 2 8 5 6 -7 10 -9 -10 -11 -12 12 -14 -15
leaf_value=0.00027608208330976298 0 0.00040028138295030092 3.6762590935911889e-05 0.00011860999343960536 0 -1.4495995415936677e-05 3.4055875006350672e-05 -4.3180133810652849e-05 0.00015157619538571732 -5.665807973326359e-05 -1.3065766503441584e-05 0 0.00015010305281295465 -3.6794074297503159e-08
leaf_weight=34 30 21 192 97 1014 40 534 1333 31 178 442 23 67 32
leaf_count=34 30 21 192 97 1014 40 534 1333 31 178 442 23 67 32
internal_value=4.01298e-07 -1.18536e-06 4.30459e-05 0.000122591 -9.16488e-06 5.78829e-05 -1.36862e-05 -2.46659e-05 4.20172e-06 -7.75744e-08 9.64334e-06 6.98994e-05 0.000119073 0
internal_weight=4068 4034 559 158 3475 137 3323 2347 401 370 976 152 90 62
internal_count=4068 4034 559 158 3475 137 3323 2347 401 370 976 152 90 62
is_linear=0
shrinkage=0.03


Tree=31
num_leaves=20
num_cat=0
split_feature=35 22 27 35 26 19 21 26 21 26 22 2 33 33 31 24 21 31 35
split_gain=0.00291313 0.0033039 0.00115107 0.0010003 0.00088316 0.00196268 0.000635689 0.00101483 0.00108836 0.000647593 0.000829951 0.000500988 0.000485702 0.000463966 0.00037765 0.00036538 0.000344721 0.000307039 0.000268623
threshold=0.032772742411385537 32.037726957927369 0.18618145709176367 0.010679923281060514 0.12105725463966562 4.7529999732971202 5.1180833419164031 0.13197203454650899 4.6174999753634145 0.1820300051288439 50.592244721287983 3.8249999284744267 0.024011907374488776 0.0038314280106818148 -0.027777781624317151 -0.025810680189220236 5.4705833315849315 -0.0109329314557412 0.0082389996945582637
decision_type=2 2 2 2 2 2 2 2 2 2 2 2 2 2 2 2 2 2 2
left_child=3 14 -3 12 17 -6 7 11 -9 16 -11 -5 13 18 -2 -15 -8 -4 -1
right_child=1 2 4 6 5 -7 9 8 -10 10 -12 -13 -14 15 -16 -17 -18 -19 -20
leaf_value=2.618419794107797e-06 3.8658979512150807e-05 -9.6113851689021344e-05 -0.00011337492350878107 5.7874214914030659e-05 0.0003072901243732612 2.1671053618834829e-05 -4.0550341432175531e-05 0 0.00017144210979080243 0.00013479072998321475 0 -1.6891521808011092e-07 0 0 0.0004834624109094261 -0.00014286578485986785 -6.4287773043027499e-06 1.7741169299744391e-05 -4.6390781581164509e-05
leaf_weight=49 21 33 20 139 38 121 540 60 72 57 31 1400 41 20 23 106 1100 57 140
leaf_count=49 21 33 20 139 38 121 540 60 72 57 31 1400 41 20 23 106 1100 57 140
internal_value=4.35976e-07 8.90087e-05 3.67333e-05 -6.15031e-06 6.80487e-05 0.000108939 -2.44533e-07 1.20182e-05 9.28832e-05 -1.38388e-05 5.74197e-05 3.12768e-06 -5.40967e-05 -6.85165e-05 0.000339766 -0.000120688 -1.94949e-05 0 -1.78254e-05
internal_weight=4068 313 269 3755 236 159 3399 1671 132 1728 88 1539 356 315 44 126 1640 77 189
internal_count=4068 313 269 3755 236 159 3399 1671 132 1728 88 1539 356 315 44 126 1640 77 189
is_linear=0
shrinkage=0.03


Tree=32
num_leaves=22
num_cat=0
split_feature=35 28 26 35 5 31 31 31 31 30 33 5 33 34 22 29 31 30 26 5 31
split_gain=0.00277771 0.00120309 0.0019023 0.00100613 0.000944355 0.000903056 0.00109659 0.000828073 0.000759848 0.000603902 0.000668716 0.000580248 0.000516533 0.000395042 0.000387319 0.000283156 0.00019946 0.000182994 0.000373535 0.000168811 3.57095e-06
threshold=0.038379742002546256 1705649787.5000002 0.13879755348113354 0.010679923281060514 261652358.00000003 -0.005886655653931371 -0.0015094333554037662 0.01565609742268215 -0.025423774500284931 60.604254578680788 -0.025597348842542608 170850428.50000003 0.025641021809329704 -0.017005772600620968 50.898440125160256 18.062378167094721 0.010233649149769099 59.961881379397731 0.09068635452682898 142558265.50000003 0.023095205212593676
decision_type=2 2 2 2 2 2 2 2 2 2 2 2 2 2 2 2 2 2 2 2 2
left_child=3 2 20 11 5 13 -7 8 -4 10 -6 17 15 -5 -11 -13 -3 18 -1 -19 -2
right_child=1 16 7 4 9 6 -8 -9 -10 14 -12 12 -14 -15 -16 -17 -18 19 -20 -21 -22
leaf_value=0 0 -2.1260494153623971e-05 4.7158673562026058e-05 4.5530077274753463e-05 0 -6.8244841565757056e-05 -6.6034076542762049e-06 0 0.0005735493344780398 -6.6328571994073626e-05 5.4303888881584926e-05 0 0 0 5.3310232840044432e-06 -0.00012314065521426627 6.6139787953517021e-05 -8.0306703013475518e-05 8.5970076847058588e-05 0 1.2341606556504109e-05
leaf_weight=49 25 38 20 246 255 407 1110 21 20 76 575 22 20 376 485 146 37 46 48 25 21
leaf_count=49 25 38 20 246 255 407 1110 21 20 76 575 22 20 376 485 146 37 46 48 25 21
internal_value=4.42181e-07 0.000115584 0.000181177 -4.18131e-06 0 -1.18298e-05 -2.51222e-05 0.000292504 0.000385941 1.98941e-05 3.63043e-05 -5.22846e-05 -8.91714e-05 1.57656e-05 0 -0.000107996 0 0 1.41052e-05 -4.52181e-05 0
internal_weight=4068 182 107 3886 3530 2139 1517 61 40 1391 830 356 188 622 561 168 75 168 97 71 46
internal_count=4068 182 107 3886 3530 2139 1517 61 40 1391 830 356 188 622 561 168 75 168 97 71 46
is_linear=0
shrinkage=0.03


Tree=33
num_leaves=16
num_cat=0
split_feature=25 35 19 28 5 25 32 4 19 28 21 19 26 34 1
split_gain=0.0026827 0.00148166 0.00133506 0.0017173 0.00110391 0.000804096 0.000704858 0.000666895 0.000668619 0.000549338 0.000451666 0.000655716 0.000442751 0.000394025 0.000108183
threshold=-0.073966259599290721 0.021276604019355678 4.5930000305175787 899577541.50000012 476538228.50000006 -0.012901071770458994 0.0081816052870521423 6.2850000858306894 5.7730000495910652 -53688781.999999993 5.0926666378974925 4.7609999656677253 0.12573177785916936 0.037548093003431655 7.1624999046325692
decision_type=2 2 2 2 2 2 2 2 2 2 2 2 2 2 2
left_child=-1 5 3 9 13 10 -6 8 -7 -3 11 -2 -12 -4 -9
right_child=1 2 4 -5 6 7 -8 14 -10 -11 12 -13 -14 -15 -16
leaf_value=0.00026587795167464949 0 5.369971772964256e-05 0 0.0002701282864735529 0 -2.1970522659894868e-05 0.00014059498303160118 3.6719281082049372e-05 -8.4943018818281843e-05 -4.6930960268227456e-05 -2.8732616362897236e-05 0.0001108192417615495 3.0736233980702284e-05 -5.9368027128620305e-05 0
leaf_weight=34 186 348 727 40 59 1508 79 134 229 25 322 85 147 119 26
leaf_count=34 186 348 727 40 59 1508 79 134 229 25 322 85 147 119 26
internal_value=4.30155e-07 -1.07001e-06 2.30837e-05 6.86203e-05 9.17813e-07 -1.50039e-05 8.20269e-05 -2.57968e-05 -3.2004e-05 3.89035e-05 8.61015e-06 4.09659e-05 -3.69532e-06 -8.7752e-06 2.28296e-05
internal_weight=4068 4034 1397 413 984 2637 138 1897 1737 373 740 271 469 846 160
internal_count=4068 4034 1397 413 984 2637 138 1897 1737 373 740 271 469 846 160
is_linear=0
shrinkage=0.03


Tree=34
num_leaves=21
num_cat=0
split_feature=35 22 27 5 0 19 26 1 26 3 0 28 26 30 35 0 0 31 31 22
split_gain=0.00257107 0.00308007 0.00107151 0.000908512 0.0010989 0.000828028 0.00112495 0.000866247 0.000823933 0.00211475 0.000764787 0.00128462 0.000629571 0.000672829 0.000599311 0.000385337 0.00035743 0.000285305 0.00026304 0.000140916
threshold=0.032772742411385537 32.037726957927369 0.18618145709176367 409991037.00000006 2.3551521301269536 4.166000032424928 0.10240409874407962 5.5713350772857675 0.12105725463966562 4.5450000762939462 2.8219473361968999 -8333155118.999999 0.13087057061243526 48.556614358533459 0.027857219470978318 2.1304060220718388 3.1215580701828007 -0.0109329314557412 -0.027777781624317151 48.793476404015045
decision_type=2 2 2 2 2 2 2 2 2 2 2 2 2 2 2 2 2 2 2 2
left_child=3 18 -3 5 15 10 16 -8 17 -10 11 -1 14 -14 -6 -5 -7 -4 -2 -12
right_child=1 2 8 4 12 6 7 -9 9 -11 19 -13 13 -15 -16 -17 -18 -19 -20 -21
leaf_value=0 3.4788630260551837e-05 -9.5447595368401114e-05 -0.00011051001576289755 0 0.00015842246478295989 -2.0484805575366988e-05 2.0443385378679527e-05 -2.1094907904693535e-05 0.00040276240537156046 3.5653887191613034e-05 -1.7990425263363588e-05 0.00018418666987831921 0.00013640829592633907 -8.7706212385981472e-05 0 -0.00010399165041456022 -6.3611253333114724e-05 1.4070335479172665e-05 0.00045987442265077211 2.1991547922698488e-05
leaf_weight=52 21 33 20 20 104 843 875 930 21 138 157 63 20 30 23 37 444 57 23 157
leaf_count=52 21 33 20 20 104 843 875 930 21 138 157 63 20 30 23 37 444 57 23 157
internal_value=4.41775e-07 8.3686e-05 3.28686e-05 -5.70022e-06 4.94338e-05 -1.02176e-05 -1.62514e-05 0 6.35504e-05 0.000103219 2.62725e-05 9.24844e-05 9.2236e-05 0 0.000127719 -3.08677e-05 -3.76975e-05 0 0.000325559 0
internal_weight=4068 313 269 3755 234 3521 3092 1805 236 159 429 115 177 50 127 57 1287 77 44 314
internal_count=4068 313 269 3755 234 3521 3092 1805 236 159 429 115 177 50 127 57 1287 77 44 314
is_linear=0
shrinkage=0.03


Tree=35
num_leaves=14
num_cat=0
split_feature=23 5 19 26 0 28 0 0 1 24 1 4 24
split_gain=0.00247724 0.00191837 0.00103674 0.00113162 0.00112859 0.00123835 0.00101698 0.00121624 0.000908486 0.000441897 0.000375867 0.000192096 0.000152976
threshold=-0.23925160948150778 476538228.50000006 4.166000032424928 0.10030254178184098 2.8219473361968999 -8333155118.999999 2.5500261783599858 4.2054102420806894 5.4821856021881112 -0.05884065093779204 4.8650000095367441 5.1250000000000009 -0.025810680189220236
decision_type=2 2 2 2 2 2 2 2 2 2 2 2 2
left_child=-1 2 4 9 5 -2 11 10 -5 -4 -8 -3 -6
right_child=1 6 3 8 12 -7 7 -9 -10 -11 -12 -13 -14
leaf_value=0.00025553640240360913 0 4.1707752019255278e-05 0 2.2137554333362475e-05 -2.4034605367181043e-05 0.00018694742318093368 0 0 -1.7251084377344536e-05 -4.3108540789498761e-05 0.00021319194301913774 -5.7362748612980271e-05 1.8412400016917051e-05
leaf_weight=34 57 31 157 945 112 76 36 24 1191 1068 86 36 215
leaf_count=34 57 31 157 945 112 76 36 24 1191 1068 86 36 215
internal_value=4.57684e-07 -9.54832e-07 -6.57264e-06 -1.30082e-05 3.39208e-05 0.000107744 8.57008e-05 0.000130298 0 -3.59939e-05 0.000171113 0 0
internal_weight=4068 4034 3821 3361 460 133 213 146 2136 1225 122 67 327
internal_count=4068 4034 3821 3361 460 133 213 146 2136 1225 122 67 327
is_linear=0
shrinkage=0.03


Tree=36
num_leaves=16
num_cat=0
split_feature=23 26 31 21 33 2 33 30 36 22 29 29 31 21 36
split_gain=0.00233056 0.00116703 0.00136148 0.00127699 0.00134433 0.000989732 0.000882632 0.00100008 0.000680465 0.000833938 0.000605655 0.00056188 0.000258702 4.81788e-05 3.12278e-07
threshold=-0.23925160948150778 0.14098426744556303 -0.010700927861038765 6.5454999804496774 -0.048795043658958363 3.8249999284744267 0.012972997880415506 37.357412515639744 -0.0088235447963641838 48.688386657527651 81.879575305736026 30.158519193137675 0.010836225600178719 5.4566666682561245 -0.0058982349751343375
decision_type=2 2 2 2 2 2 2 2 2 2 2 2 2 2 2
left_child=-1 5 3 4 -3 11 7 -7 13 -10 -8 14 -13 -4 -2
right_child=1 2 8 -5 -6 6 10 -9 9 -11 -12 12 -14 -15 -16
leaf_value=0.00024789279065971591 0 0 0 0 0.00022252003935099854 0 3.2855479969045462e-05 -3.9704806626339397e-05 8.8925649638005411e-05 0 -1.1597519576286679e-05 0.00014218917880509183 0 -0.00013211878077882958 -2.9589628402136046e-06
leaf_weight=34 30 27 21 42 89 1014 534 1333 118 235 442 67 23 27 32
leaf_count=34 30 27 21 42 89 1014 534 1333 118 235 442 67 23 27 32
internal_value=4.86743e-07 -8.60917e-07 3.8481e-05 0.000113943 0.000166069 -8.05379e-06 -1.22427e-05 -2.26256e-05 1.24732e-06 2.27881e-05 9.65152e-06 6.37471e-05 0.000111681 -9.45148e-05 0
internal_weight=4068 4034 559 158 116 3475 3323 2347 401 353 976 152 90 48 62
internal_count=4068 4034 559 158 116 3475 3323 2347 401 353 976 152 90 48 62
is_linear=0
shrinkage=0.03


Tree=37
num_leaves=20
num_cat=0
split_feature=35 28 26 35 31 30 29 2 35 23 31 36 33 33 28 35 31 35 32
split_gain=0.00229744 0.00111581 0.00167833 0.000864547 0.000795893 0.000710232 0.000915066 0.000890264 0.000872411 0.000866752 0.000694495 0.000514394 0.00042482 0.000442625 0.000265305 0.000225037 0.000153784 0.000119332 8.19316e-06
threshold=0.038379742002546256 1705649787.5000002 0.13879755348113354 0.010679923281060514 0.01565609742268215 37.357412515639744 26.634681306442719 3.8249999284744267 0.02119801214058277 0.022136330772603911 -0.025423774500284931 0.01091307645004033 0.024011907374488776 0.0038314280106818148 5218195411.500001 0.0082389996945582637 0.010233649149769099 0.023863710782041976 -1.0000000180025095e-35
decision_type=2 2 2 2 2 2 2 2 2 2 2 2 2 2 2 2 2 2 2
left_child=3 2 18 12 10 6 11 17 -8 -9 -4 -5 13 15 -15 -1 -3 -7 -2
right_child=1 16 4 5 -6 7 8 9 -10 -11 -12 -13 -14 14 -16 -17 -18 -19 -20
leaf_value=5.513592614875742e-06 0 -2.3804036799568941e-05 3.2904523793163128e-05 7.2326160146287643e-06 0 0.0001208989126355666 4.5109551684614209e-06 -3.3650908353553763e-05 0.0001034822994046444 1.7046795577900715e-06 0.00053949583102879458 -7.689644484726386e-05 0 -0.00013977261680406797 0 -4.0729182222793254e-05 5.6113405119030881e-05 0 1.7139969822167747e-05
leaf_weight=49 21 38 20 700 21 47 261 1044 192 1190 20 72 41 93 33 140 37 24 25
leaf_count=49 21 38 20 700 21 47 261 1044 192 1190 20 72 41 93 33 140 37 24 25
internal_value=4.56635e-07 0.000105216 0.000167926 -3.68034e-06 0.000272307 0 1.92442e-05 -8.97086e-06 5.30937e-05 -1.34758e-05 0.000361727 0 -4.82996e-05 -6.20466e-05 -0.000111939 -1.28791e-05 0 9.04e-05 0
internal_weight=4068 182 107 3886 61 3530 1225 2305 453 2234 40 772 356 315 126 189 75 71 46
internal_count=4068 182 107 3886 61 3530 1225 2305 453 2234 40 772 356 315 126 189 75 71 46
is_linear=0
shrinkage=0.03


Tree=38
num_leaves=17
num_cat=0
split_feature=25 26 4 30 19 28 23 5 28 0 19 0 22 20 29 28
split_gain=0.00232658 0.00104318 0.00160461 0.00168756 0.000953335 0.00133632 0.00137824 0.000998936 0.000904308 0.000738053 0.000730483 0.000588355 0.00085172 0.000755303 0.000516893 0.000417331
threshold=-0.073966259599290721 0.13324223808850783 4.9549999237060556 35.362880558212176 4.6029999256134042 351243130.00000006 -0.057936825577449717 409991037.00000006 2036193434.5000002 2.3551521301269536 3.6630000114440926 3.0351039171218877 48.688386657527651 5.5717500209808355 85.541034946792806 1059684482.0000001
decision_type=2 2 2 2 2 2 2 2 2 2 2 2 2 2 2 2
left_child=-1 4 3 15 5 10 -7 14 -5 -9 -2 13 -13 -4 -6 -3
right_child=1 2 11 8 7 6 -8 9 -10 -11 -12 12 -14 -15 -16 -17
leaf_value=0.00024772047486393148 9.6566111540051579e-05 4.9699748768796057e-05 0 0.00024693361340622866 -1.9226141918036918e-05 0 0.00024145607264986586 -4.2028241128796615e-05 0 8.0689706564324463e-05 -5.1093783561017342e-06 8.6866857204739772e-05 0 -0.00010016445088927771 -7.3343906379564467e-05 -0.00011675256592057205
leaf_weight=34 68 30 111 73 1847 52 45 28 26 143 858 144 258 89 240 22
leaf_count=34 68 30 111 73 1847 52 45 28 26 143 858 144 258 89 240 22
internal_value=5.46832e-07 -7.98865e-07 3.01806e-05 0.000118581 -8.82378e-06 1.34934e-05 0.000119601 -2.02634e-05 0.000191744 4.30491e-05 0 3.00856e-06 2.8246e-05 -3.27149e-05 -2.68902e-05 0
internal_weight=4068 4034 753 151 3281 1023 97 2258 99 171 926 602 402 200 2087 52
internal_count=4068 4034 753 151 3281 1023 97 2258 99 171 926 602 402 200 2087 52
is_linear=0
shrinkage=0.03


Tree=39
num_leaves=16
num_cat=0
split_feature=25 35 19 5 25 33 27 32 1 33 20 27 30 20 33
split_gain=0.00218907 0.00111009 0.00116621 0.00086697 0.000740696 0.000740459 0.00175064 0.000670289 0.000449403 0.00138494 0.000913755 0.00038621 0.000501987 0.000376704 0.000302939
threshold=-0.073966259599290721 0.021276604019355678 4.5930000305175787 476538228.50000006 -0.035157645136021966 -0.0070505876448128104 0.3719959695175053 0.0081816052870521423 5.0950000286102304 0.034477419264838501 5.2262500047683726 0.0072685207278513639 20.420178892834922 6.1582499861717235 -0.032384799808673197
decision_type=2 2 2 2 2 2 2 2 2 2 2 2 2 2 2
left_child=-1 4 5 13 11 14 -7 -5 9 -6 -10 -2 -13 -4 -3
right_child=1 2 3 7 8 6 -8 -9 10 -11 -12 12 -14 -15 -16
leaf_value=0.00024031066073632531 0 6.9621761521877421e-05 0 0 -1.1471043574586626e-05 0.00023016080599683094 2.7317909401023015e-05 0.00012888635271642691 -9.1288291203639162e-05 0.00013792482601707019 -1.5934876763348738e-05 0.00014334217456295095 0 -4.8031953298586359e-05 -1.8156843556950292e-05
leaf_weight=34 46 49 669 59 1087 70 189 79 208 58 1116 54 68 177 105
leaf_count=34 46 49 669 59 1087 70 189 79 208 58 1116 54 68 177 105
internal_value=5.52274e-07 -7.30743e-07 2.00747e-05 0 -1.28908e-05 6.24794e-05 9.37865e-05 7.17388e-05 -1.7917e-05 -1.27215e-06 -3.00446e-05 4.30966e-05 7.35105e-05 -9.06634e-06 0
internal_weight=4068 4034 1397 984 2637 413 259 138 2469 1145 1324 168 122 846 154
internal_count=4068 4034 1397 984 2637 413 259 138 2469 1145 1324 168 122 846 154
is_linear=0
shrinkage=0.03


Tree=40
num_leaves=17
num_cat=0
split_feature=23 35 19 28 25 33 31 27 13 21 32 32 21 0 25 27
split_gain=0.00207392 0.000999614 0.00103629 0.0011157 0.00073473 0.000601468 0.000750463 0.000571035 0.000545501 0.000501835 0.000481223 0.00110359 0.000588577 0.000433391 0.000791208 0.000298996
threshold=-0.23925160948150778 0.021276604019355678 4.5930000305175787 899577541.50000012 -0.012280365090859198 0.012972997880415506 -0.0044994390397773412 0.33841254699581552 -1.0000000180025095e-35 4.4776666680971795 -0.032663673220800431 -0.012584281734033252 5.5033333381017053 3.2839072942733769 -0.025223426544044757 0.048028627401056005
decision_type=2 2 2 2 2 2 2 2 2 2 2 2 2 2 2 2
left_child=-1 4 3 7 13 6 -6 -3 -7 -5 12 -12 -4 14 -2 -15
right_child=1 2 10 9 5 8 -8 -9 -10 -11 11 -13 -14 15 -16 -17
leaf_value=0.00023392522101265943 0 8.0320388928833329e-05 0 0.00033018380903575398 0 -8.2234303352773333e-05 -5.3621391583840292e-05 0 9.2703704744253271e-06 0 -6.5404776344391943e-05 1.0730293741732231e-05 0.00013855187245360111 -8.7465244007181814e-05 6.9372795122607701e-05 0
leaf_weight=34 269 138 60 23 443 65 765 222 590 20 219 662 49 42 233 234
leaf_count=34 269 138 60 23 443 65 765 222 590 20 219 662 49 42 233 234
internal_value=5.58689e-07 -6.70298e-07 1.90763e-05 5.97608e-05 -1.22219e-05 -2.29713e-05 -3.55225e-05 3.23564e-05 0 0.00021898 0 -4.79589e-06 6.15143e-05 9.66275e-06 2.85662e-05 -1.38518e-05
internal_weight=4068 4034 1393 403 2641 1863 1208 360 655 43 990 881 109 778 502 276
internal_count=4068 4034 1393 403 2641 1863 1208 360 655 43 990 881 109 778 502 276
is_linear=0
shrinkage=0.03


Tree=41
num_leaves=22
num_cat=0
split_feature=35 28 26 21 35 5 31 31 5 33 31 26 32 29 34 29 31 0 28 28 31
split_gain=0.00198591 0.00104235 0.00153225 0.000822214 0.000760835 0.000722854 0.000801386 0.00098309 0.000550594 0.000455414 0.000417928 0.00104565 0.000597367 0.000399002 0.00034075 0.000248769 0.00012724 9.5539e-05 0.00081382 8.16755e-05 5.24137e-08
threshold=0.038379742002546256 1705649787.5000002 0.13879755348113354 5.1284166534741731 0.010679923281060514 261652358.00000003 -0.005886655653931371 -0.0015094333554037662 170850428.50000003 0.025641021809329704 0.02844164105170555 0.11231308297202387 -0.016208278728722599 35.501922662860501 -0.017005772600620968 18.062378167094721 0.010233649149769099 3.2667838335037236 899577541.50000012 6713260793.000001 0.023095205212593676
decision_type=2 2 2 2 2 2 2 2 2 2 2 2 2 2 2 2 2 2 2 2 2
left_child=4 2 20 -4 8 6 14 -8 17 15 12 -12 -7 -5 -6 -10 -3 18 -1 -19 -2
right_child=1 16 3 13 5 10 7 -9 9 -11 11 -13 -14 -15 -16 -17 -18 19 -20 -21 -22
leaf_value=-4.868760923014046e-06 0 -2.5018188381919588e-05 0.00047620430084835012 0.00016955057735683685 4.3576049419521187e-05 -2.8660651275307172e-06 -6.3252018714385751e-05 -4.9028804294873482e-06 0 0 4.6828407431384169e-05 -0.00014578769473984815 3.5893755452122974e-05 0 0 -0.00011265562426715274 4.9435845825491993e-05 -6.0463458504815204e-05 0.00016265514849443183 0 1.495211242843782e-06
leaf_weight=80 25 38 20 21 246 358 407 1110 22 20 23 47 963 20 376 146 37 40 28 20 21
leaf_count=80 25 38 20 21 246 358 407 1110 22 20 23 47 963 20 376 146 37 40 28 20 21
internal_value=5.7495e-07 9.79871e-05 0.000158381 0.000257953 -3.21775e-06 1.59238e-07 -9.90882e-06 -2.25381e-05 -4.51183e-05 -8.05494e-05 1.77975e-05 -3.9727e-05 2.31193e-05 7.75959e-05 1.60692e-05 -9.84806e-05 0 0 1.09216e-05 -3.48734e-05 0
internal_weight=4068 182 107 61 3886 3530 2139 1517 356 188 1391 70 1321 41 622 168 75 168 108 60 46
internal_count=4068 182 107 61 3886 3530 2139 1517 356 188 1391 70 1321 41 622 168 75 168 108 60 46
is_linear=0
shrinkage=0.03


Tree=42
num_leaves=15
num_cat=0
split_feature=25 35 19 28 5 25 32 22 34 22 32 27 30 34
split_gain=0.00200448 0.000954935 0.00103627 0.00142816 0.000785488 0.000687752 0.000638826 0.000563673 0.000416514 0.000558452 0.000436043 0.000368372 0.000464342 0.000365757
threshold=-0.073966259599290721 0.021276604019355678 4.5930000305175787 899577541.50000012 476538228.50000006 -0.035157645136021966 0.0081816052870521423 46.888324568920446 0.051318596855688521 58.136355152201723 -0.0054005392524734677 0.0072685207278513639 20.420178892834922 0.037548093003431655
decision_type=2 2 2 2 2 2 2 2 2 2 2 2 2 2
left_child=-1 5 3 7 13 11 -6 -3 10 -10 -7 -2 -13 -4
right_child=1 2 4 -5 6 8 -8 -9 9 -11 -12 12 -14 -15
leaf_value=0.00022996579159305177 0 6.8158444218401626e-05 0 0.00024192783117010967 0 0 0.00012384776891926507 0 0.00014910524402576671 0 -2.9827217426981731e-05 0.00013894230318930328 0 -5.7793638710704071e-05
leaf_weight=34 46 185 727 40 59 816 79 188 27 85 1541 54 68 119
leaf_count=34 46 185 727 40 59 816 79 188 27 85 1541 54 68 119
internal_value=5.2634e-07 -6.6945e-07 1.85669e-05 5.8511e-05 0 -1.19982e-05 6.79861e-05 3.07413e-05 -1.68814e-05 2.98511e-05 -2.0376e-05 4.18885e-05 7.16308e-05 -9.006e-06
internal_weight=4068 4034 1397 413 984 2637 138 373 2469 112 2357 168 122 846
internal_count=4068 4034 1397 413 984 2637 138 373 2469 112 2357 168 122 846
is_linear=0
shrinkage=0.03


Tree=43
num_leaves=17
num_cat=0
split_feature=25 26 19 31 30 2 1 23 5 0 30 29 21 28 31 36
split_gain=0.00188596 0.000931429 0.00136665 0.00110248 0.000981313 0.000844403 0.00071231 0.000885377 0.000694654 0.000793642 0.000665129 0.000522481 0.000416445 0.000298247 0.000248177 1.05497e-06
threshold=-0.073966259599290721 0.13324223808850783 5.519000005722047 0.021213965127311777 24.808672628792923 3.8249999284744267 6.0450000762939462 -0.022755080403897839 409991037.00000006 2.3551521301269536 37.357412515639744 30.158519193137675 5.349583327770234 2036193434.5000002 0.010836225600178719 -0.0058982349751343375
decision_type=2 2 2 2 2 2 2 2 2 2 2 2 2 2 2 2
left_child=-1 5 3 4 -3 11 12 -8 10 -10 -7 15 -4 -5 -13 -2
right_child=1 2 6 13 -6 8 7 -9 9 -11 -12 14 -14 -15 -16 -17
leaf_value=0.00022308704855551745 0 0 0 0 0.00012583430790719612 0 0.00012297423808335509 0 -5.0631447932699914e-05 6.7800770759141293e-05 -2.7535327427215481e-05 0.00013351359895615104 -9.5815028596428004e-05 -0.00010562651276712099 0 -5.4386149325938932e-06
leaf_weight=34 30 36 29 32 235 996 59 238 41 189 1903 67 100 24 23 32
leaf_count=34 30 36 29 32 235 996 59 238 41 189 1903 67 100 24 23 32
internal_value=5.36835e-07 -6.00721e-07 2.86393e-05 7.51577e-05 0.000102342 -8.22639e-06 -3.71942e-08 1.80606e-05 -1.23787e-05 3.36383e-05 -1.70654e-05 5.74797e-05 -6.49238e-05 -2.86568e-06 0.000103906 0
internal_weight=4068 4034 753 327 271 3281 426 297 3129 230 2899 152 129 56 90 62
internal_count=4068 4034 753 327 271 3281 426 297 3129 230 2899 152 129 56 90 62
is_linear=0
shrinkage=0.03


Tree=44
num_leaves=14
num_cat=0
split_feature=23 5 0 0 31 19 0 28 26 1 24 35 24
split_gain=0.00185717 0.00137277 0.00088342 0.00110287 0.001183 0.000821701 0.000999253 0.00110893 0.000902989 0.000723227 0.000378816 0.000303326 0.000151737
threshold=-0.23925160948150778 476538228.50000006 2.5500261783599858 4.2054102420806894 -0.019844298103777577 4.166000032424928 2.8219473361968999 -8333155118.999999 0.10030254178184098 5.5713350772857675 -0.05884065093779204 0.028074944678289301 -0.025810680189220236
decision_type=2 2 2 2 2 2 2 2 2 2 2 2 2
left_child=-1 5 11 4 -4 6 7 -2 10 -10 -7 -3 -8
right_child=1 2 3 -5 -6 8 12 -9 9 -11 -12 -13 -14
leaf_value=0.00022138468661383779 0 -8.4474060061751557e-05 0 0 0.00020131518552631613 0 -2.5898360340749255e-05 0.00017476836695704023 1.7695455763597136e-05 -1.7204716659372823e-05 -3.8455923702016118e-05 3.7611344144898881e-05 1.6891836140876651e-05
leaf_weight=34 57 31 24 24 98 157 112 76 1085 1051 1068 36 215
leaf_count=34 57 31 24 24 98 157 112 76 1085 1051 1068 36 215
internal_value=5.41223e-07 -5.81907e-07 7.26069e-05 0.000114592 0.000154408 -5.4487e-06 3.04651e-05 9.98254e-05 -1.12573e-05 0 -3.1797e-05 0 0
internal_weight=4068 4034 213 146 122 3821 460 133 3361 2136 1225 67 327
internal_count=4068 4034 213 146 122 3821 460 133 3361 2136 1225 67 327
is_linear=0
shrinkage=0.03


Tree=45
num_leaves=14
num_cat=0
split_feature=23 5 4 26 23 26 26 33 26 31 23 29 36
split_gain=0.00174747 0.00127602 0.000774762 0.000793307 0.00101107 0.000639377 0.000587201 0.000991612 0.000819202 0.000528205 0.000451175 0.000266723 0.000246332
threshold=-0.23925160948150778 476538228.50000006 5.0750000476837167 0.095224674894130973 -0.092552590498295548 0.10030254178184098 0.14098426744556303 0.0040120841818722672 0.11231308297202387 0.0204528766394142 -0.092552590498295548 88.248114172270661 -0.0076849182232970126
decision_type=2 2 2 2 2 2 2 2 2 2 2 2 2
left_child=-1 2 3 10 -5 12 7 8 -3 -7 -2 -9 -4
right_child=1 6 5 4 -6 9 -8 11 -10 -11 -12 -13 -14
leaf_value=0.00021476261765468056 3.9495673654289484e-05 0 0 -2.1183775406990861e-05 4.9121674212854294e-05 -6.5074689742026836e-07 0.00014618017618855267 0.00012143641589721969 -0.00018347567678537199 -7.5373224150343155e-05 -1.8326962358969943e-05 0 -6.3030558902074874e-05
leaf_weight=34 118 21 87 187 656 1461 73 61 29 98 860 29 354
leaf_count=34 118 21 87 187 656 1461 73 61 29 98 860 29 354
internal_value=5.40844e-07 -5.26312e-07 -5.24504e-06 7.77918e-06 2.99671e-05 -1.86033e-05 7.00076e-05 8.79973e-06 -6.95468e-05 -7.27658e-06 -8.27991e-06 8.56508e-05 -5.1833e-05
internal_weight=4068 4034 3821 1821 843 2000 213 140 50 1559 978 90 441
internal_count=4068 4034 3821 1821 843 2000 213 140 50 1559 978 90 441
is_linear=0
shrinkage=0.03


Tree=46
num_leaves=20
num_cat=0
split_feature=26 22 22 22 36 19 28 21 19 5 27 0 30 27 0 26 33 22 20
split_gain=0.0014595 0.00219223 0.00114031 0.00131476 0.00142659 0.000752222 0.00102459 0.00180945 0.000578466 0.000532209 0.000530827 0.000669576 0.000545289 0.000753812 0.000452176 0.000433169 0.000408472 0.000250221 3.19133e-05
threshold=0.14098426744556303 28.275551550681762 34.512793167717852 48.688386657527651 0.014612114701264884 4.6029999256134042 351243130.00000006 4.4468333085378022 3.6630000114440926 476538228.50000006 1.0047256700657707 3.3118786811828618 36.422926904776681 0.0072685207278513639 2.5500261783599858 0.085233091480080306 -0.0059643504688426932 32.832338839403327 5.6327586054801957
decision_type=2 2 2 2 2 2 2 2 2 2 2 2 2 2 2 2 2 2 2
left_child=5 -2 -3 4 -4 6 8 -8 16 -5 12 14 13 -7 -12 -14 -1 -10 -13
right_child=1 2 3 9 -6 10 7 -9 17 -11 11 18 15 -15 -16 -17 -18 -19 -20
leaf_value=0 0.00028024277510185959 -0.00011220259155796931 0.00014262417871904325 -1.0338261866483904e-05 -2.0378490892375082e-05 -6.9198079599704551e-05 0.00029725825386174278 0 3.9216620324572781e-05 0.00010573372338605844 0 -2.6435406661267815e-05 -8.5461569161411537e-05 1.319992472803567e-05 0.00018451800051485281 -2.205383189224718e-05 0.00013999057936785688 -1.1083391271428979e-05 0
leaf_weight=23 36 40 162 287 27 118 31 66 88 40 45 41 157 648 34 1379 45 772 29
leaf_count=23 36 40 162 287 27 118 31 66 88 40 45 41 157 648 34 1379 45 772 29
internal_value=4.92383e-07 4.46823e-05 2.39878e-05 4.03777e-05 0.000103475 -6.17166e-06 1.3904e-05 0.000107378 8.90643e-07 0 -1.57914e-05 3.18681e-05 -2.01806e-05 0 9.76358e-05 -3.04931e-05 8.70647e-05 -2.44449e-06 0
internal_weight=4068 592 556 516 189 3476 1025 97 928 327 2451 149 2302 766 79 1536 68 860 70
internal_count=4068 592 556 516 189 3476 1025 97 928 327 2451 149 2302 766 79 1536 68 860 70
is_linear=0
shrinkage=0.03


Tree=47
num_leaves=16
num_cat=0
split_feature=25 26 19 31 35 19 1 23 33 5 31 21 1 19 31
split_gain=0.00167885 0.000750902 0.00119088 0.00102272 0.000872975 0.000725851 0.000681791 0.000825983 0.000645799 0.000583317 0.000775281 0.000406636 0.000369502 0.000291493 0.000155657
threshold=-0.073966259599290721 0.13324223808850783 5.519000005722047 0.021213965127311777 0.047438458546336756 3.6790000677108767 6.0450000762939462 -0.022755080403897839 -0.0059643504688426932 261652358.00000003 -0.018202509546002717 5.349583327770234 5.0850000381469735 4.7369999885559091 0.011025360944514563
decision_type=2 2 2 2 2 2 2 2 2 2 2 2 2 2 2
left_child=-1 5 3 4 -3 8 11 -8 -2 12 -11 -4 -7 -5 -10
right_child=1 2 6 13 -6 9 7 -9 14 10 -12 -13 -14 -15 -16
leaf_value=0.00021047925438303118 0 0.00011434079847119274 0 0 0 -5.0449506706308108e-06 0.00011819472783984192 0 0.00019034689686840028 -5.5245686353852141e-05 1.6027458126039662e-05 -9.4695286270480249e-05 -3.4921479805459144e-05 -8.8019653655659627e-05 0
leaf_weight=34 30 250 29 22 21 1074 59 238 33 150 1016 100 957 34 21
leaf_count=34 30 250 29 22 21 1074 59 238 33 150 1016 100 957 34 21
internal_value=4.80766e-07 -5.5069e-07 2.56106e-05 6.91804e-05 9.57235e-05 -7.46972e-06 -8.01609e-07 1.66377e-05 7.53878e-05 -1.05874e-05 4.2819e-06 -6.41723e-05 -2.06007e-05 -5.73465e-06 0.000139922
internal_weight=4068 4034 753 327 271 3281 426 297 84 3197 1166 129 2031 56 54
internal_count=4068 4034 753 327 271 3281 426 297 84 3197 1166 129 2031 56 54
is_linear=0
shrinkage=0.03


Tree=48
num_leaves=16
num_cat=0
split_feature=25 35 4 31 26 5 0 33 27 29 22 30 25 24 31
split_gain=0.00158006 0.0007205 0.0012032 0.000978477 0.00097868 0.000592939 0.00121053 0.000795227 0.000458645 0.00133105 0.000727345 0.000452627 0.000828071 0.000550674 9.18542e-05
threshold=-0.073966259599290721 0.027560752459841933 4.7149999141693124 -0.023477817561858235 0.11889846799533178 413852945.50000006 2.7766529321670537 0.018056432485771937 0.56961537388225569 68.765298287382052 50.592244721287983 64.734385450465822 0.013338110454668503 0.10291796669342031 -0.0091742813241021386
decision_type=2 2 2 2 2 2 2 2 2 2 2 2 2 2 2
left_child=-1 5 3 -3 -5 8 14 -8 9 -2 -10 12 -4 -13 -7
right_child=1 2 11 4 -6 6 7 -9 10 -11 -12 13 -14 -15 -16
leaf_value=0.00020418339728649508 -8.258942402597692e-06 0 0 4.4737854639324346e-05 0.00024722796965078716 0 0 0.00025912859870956464 -0.00011093524923071589 8.0123958464987355e-05 -1.460749015191626e-05 -9.4046929760355241e-05 0.00014241801850993973 0 -3.7402634036598423e-05
leaf_weight=34 1647 33 222 141 50 21 43 32 90 169 1365 92 41 29 59
leaf_count=34 1647 33 222 141 50 21 43 32 90 169 1365 92 41 29 59
internal_value=4.38782e-07 -5.39809e-07 2.86828e-05 8.40508e-05 0.000113546 -6.60217e-06 4.75217e-05 0.000138459 -1.00854e-05 0 -2.26348e-05 0 1.83263e-05 -5.13245e-05 -3.45273e-07
internal_weight=4068 4034 608 224 191 3426 155 75 3271 1816 1455 384 263 121 80
internal_count=4068 4034 608 224 191 3426 155 75 3271 1816 1455 384 263 121 80
is_linear=0
shrinkage=0.03


Tree=49
num_leaves=13
num_cat=0
split_feature=23 5 19 26 4 29 26 36 27 35 20 23
split_gain=0.00152201 0.0010963 0.000733951 0.000754612 0.000612934 0.000511801 0.000368821 0.000600233 0.000361333 0.000254884 0.000248817 0.000213003
threshold=-0.23925160948150778 476538228.50000006 4.166000032424928 0.10030254178184098 5.6050000190734872 18.062378167094721 0.087630292222924608 0.0077594567805805053 1.0473371099854709 0.017997466386505848 4.616499984264375 -0.090682720636482181
decision_type=2 2 2 2 2 2 2 2 2 2 2 2
left_child=-1 2 6 8 -5 -3 11 -8 -4 -7 -11 -2
right_child=1 5 3 4 -6 9 7 -9 -10 10 -12 -13
leaf_value=0.00020041103798607937 8.2585971828987573e-05 0 -3.3710948348390466e-05 1.5426585288134589e-05 -1.6766463961096696e-05 0 0.00010320443373898879 0 2.5509649837146797e-05 0 0.00012221724159191638 -4.3077447228152406e-07
leaf_weight=34 28 25 1183 1133 1003 20 118 54 42 47 121 260
leaf_count=34 28 25 1183 1133 1003 20 118 54 42 47 121 260
internal_value=4.46902e-07 -4.99734e-07 -4.92678e-06 -1.04573e-05 0 6.4804e-05 2.89553e-05 6.45771e-05 -2.92298e-05 8.48912e-05 9.71008e-05 0
internal_weight=4068 4034 3821 3361 2136 213 460 172 1225 188 168 288
internal_count=4068 4034 3821 3361 2136 213 460 172 1225 188 168 288
is_linear=0
shrinkage=0.03


Tree=50
num_leaves=16
num_cat=0
split_feature=25 26 4 1 26 20 23 2 33 25 25 21 33 19 22
split_gain=0.00147169 0.000662039 0.00110904 0.00106754 0.000942639 0.00151565 0.000780831 0.000669647 0.000586791 0.000756836 0.000586995 0.000358195 0.000345628 0.000413543 0.00023967
threshold=-0.073966259599290721 0.13324223808850783 5.6050000190734872 6.0450000762939462 0.16878254762606029 4.616499984264375 -0.022755080403897839 3.8249999284744267 0.011872763356010731 -0.021430162724387528 -0.00076548088162402262 4.5652499675750748 -0.0059643504688426932 3.6790000677108767 58.247832502932958
decision_type=2 2 2 2 2 2 2 2 2 2 2 2 2 2 2
left_child=-1 7 4 14 11 -6 -5 12 10 -10 -9 -3 -2 -14 -4
right_child=1 2 3 6 5 -7 -8 8 9 -11 -12 -13 13 -15 -16
leaf_value=0.00019708672061216363 0 0 -0.00012041584387231612 0.00011498967076144723 0.00013083972366315856 -0.00011013310740376627 0 -4.0281328122615922e-06 0.00012622521421865626 0 -3.9214377488301008e-05 0.00010842494378560269 0.00014414535807510444 0 0
leaf_weight=34 71 40 76 59 37 60 238 1259 45 939 886 221 52 29 22
leaf_count=34 71 40 76 59 37 60 238 1259 45 939 886 221 52 29 22
internal_value=4.62877e-07 -4.55523e-07 2.40619e-05 -3.78723e-06 6.31593e-05 0 1.62765e-05 -6.99723e-06 -1.07863e-05 6.16619e-06 -1.99616e-05 9.33825e-05 5.12355e-05 9.35885e-05 -9.51283e-05
internal_weight=4068 4034 753 395 358 97 297 3281 3129 984 2145 261 152 81 98
internal_count=4068 4034 753 395 358 97 297 3281 3129 984 2145 261 152 81 98
is_linear=0
shrinkage=0.03


Tree=51
num_leaves=22
num_cat=0
split_feature=35 22 27 4 26 35 5 31 31 32 5 32 5 33 27 2 31 29 30 0 5
split_gain=0.00138949 0.00241182 0.000885767 0.000722302 0.0020696 0.000552122 0.000527386 0.000630595 0.000840083 0.000581781 0.000749585 0.000629767 0.000508203 0.000412429 0.000340819 0.000334225 0.000282165 0.000222061 0.000115824 0.000429716 0.000144606
threshold=0.032772742411385537 32.037726957927369 0.18618145709176367 4.555000066757203 0.11025880876738735 0.010679923281060514 261652358.00000003 -0.005886655653931371 -0.0015094333554037662 -0.016208278728722599 277637818.00000006 0.02313354665239831 170850428.50000003 0.025641021809329704 0.7171366616133078 4.8949999809265146 -0.027777781624317151 18.062378167094721 59.961881379397731 3.2667838335037236 142558265.50000003
decision_type=2 2 2 2 2 2 2 2 2 2 2 2 2 2 2 2 2 2 2 2 2
left_child=5 16 -3 4 -4 12 7 14 -9 10 -8 -11 18 17 -7 -5 -2 -14 19 -1 -20
right_child=1 2 3 15 -6 6 9 8 -10 11 -12 -13 13 -15 -16 -17 -18 -19 20 -21 -22
leaf_value=8.1184950721253636e-05 8.4297060061644328e-08 -0.00010598332625113882 0 -6.8395083477763925e-05 0.00036883465473738189 2.5833467734130641e-05 6.8903738095512946e-05 -5.8248417997238278e-05 -3.9735594838321769e-06 4.2623428349197856e-05 -4.2064186268144391e-05 -4.2314336073014111e-06 0 0 -2.833313857531343e-05 3.254054542122027e-05 0.00039212748763611078 -0.0001040268830781952 -6.5250386753667002e-05 -8.4670604747548378e-06 0
leaf_weight=64 21 33 33 30 22 528 55 406 1100 723 269 235 22 20 83 151 23 146 46 33 25
leaf_count=64 21 33 33 30 22 528 55 406 1100 723 269 235 22 20 83 151 23 146 46 33 25
internal_value=4.63695e-07 6.17977e-05 1.59381e-05 4.57306e-05 0.00014408 -3.85143e-06 0 -9.32305e-06 -2.06002e-05 1.5056e-05 -1.39552e-05 2.79994e-05 -3.93934e-05 -7.32765e-05 1.35627e-05 0 0.000273468 -9.06445e-05 0 1.98115e-05 -3.04977e-05
internal_weight=4068 313 269 236 55 3755 3399 2117 1506 1282 324 958 356 188 611 181 44 168 168 97 71
internal_count=4068 313 269 236 55 3755 3399 2117 1506 1282 324 958 356 188 611 181 44 168 168 97 71
is_linear=0
shrinkage=0.03


Tree=52
num_leaves=16
num_cat=0
split_feature=25 2 26 20 28 26 5 34 0 19 28 35 32 29 21
split_gain=0.00134317 0.000618229 0.0012301 0.000926805 0.00124512 0.000858857 0.00057592 0.000681363 0.000468843 0.000450489 0.000579546 0.000348933 0.000340966 0.000275295 2.52357e-05
threshold=-0.073966259599290721 5.1150000095367441 0.13197203454650899 5.0004999876022351 2036193434.5000002 0.10030254178184098 273444499.00000006 0.035714280772574776 3.7098116874694829 3.6630000114440926 495561526.50000006 0.017283933320036842 0.0016299913490380737 30.848276682593291 5.6287499705950426
decision_type=2 2 2 2 2 2 2 2 2 2 2 2 2 2 2
left_child=-1 2 9 4 -4 11 8 -8 -7 13 -11 12 -3 -2 -13
right_child=1 5 3 -5 -6 6 7 -9 -10 10 -12 14 -14 -15 -16
leaf_value=0.00018827049265190775 0 -7.1172495305311389e-06 9.7951803194464346e-05 0.0003093158431462387 -7.0758953518197521e-05 -3.22395788854389e-05 4.0159118479665369e-05 -2.2514272896531234e-05 4.3688444859595053e-06 -1.1347356518098368e-05 3.0301355950708318e-05 -1.1930855776514823e-05 -9.814001922540445e-05 0.00012966924913279958 1.8651842777677742e-05
leaf_weight=34 29 150 123 20 38 657 484 164 368 1269 390 103 177 39 23
leaf_count=34 29 150 123 20 38 657 484 164 368 1269 390 103 177 39 23
internal_value=3.9886e-07 -4.45557e-07 1.11528e-05 8.60254e-05 3.94907e-05 -1.22657e-05 -4.96096e-07 1.96674e-05 -1.61706e-05 1.56419e-06 0 -4.9102e-05 -6.55729e-05 7.75607e-05 0
internal_weight=4068 4034 1908 181 161 2126 1673 648 1025 1727 1659 453 327 68 126
internal_count=4068 4034 1908 181 161 2126 1673 648 1025 1727 1659 453 327 68 126
is_linear=0
shrinkage=0.03


Tree=53
num_leaves=15
num_cat=0
split_feature=23 33 29 32 24 35 27 33 23 33 24 35 0 33
split_gain=0.00130923 0.000755119 0.00129586 0.00129754 0.000738228 0.000683452 0.000665833 0.000530354 0.000626424 0.000548414 0.000460454 0.000363175 0.000293425 5.87365e-05
threshold=-0.23925160948150778 0.01605960851599331 81.879575305736026 0.01845328238460409 -0.079419518143292719 0.010176348190427753 0.97721939776370703 -0.013829448649301522 0.010917394459817766 -0.0042689831777323875 -0.078542718115512958 0.0082389996945582637 2.152673721313477 0.0038314280106818148
decision_type=2 2 2 2 2 2 2 2 2 2 2 2 2 2
left_child=-1 5 3 12 -4 11 -6 8 -7 -9 -5 13 -3 -2
right_child=1 2 4 10 6 7 -8 9 -10 -11 -12 -13 -14 -15
leaf_value=0.00018587623860945109 9.9074922314970176e-06 0.00025068655067457632 0.00013271493977322181 -5.9536412465207883e-05 -6.1270098064152923e-05 -2.4717286287887991e-06 1.3467806114454225e-06 -3.9225833181362531e-05 4.1619754514744868e-05 -3.5972871293332283e-07 2.812756363136028e-05 -9.1585147116236048e-05 7.0793565322224144e-05 -4.3750154146687134e-05
leaf_weight=34 49 30 24 60 239 652 195 563 405 1182 256 135 219 25
leaf_count=34 49 30 24 60 239 652 195 563 405 1182 256 135 219 25
internal_value=3.88873e-07 -4.3539e-07 2.10081e-05 5.2525e-05 -1.13261e-05 -8.71767e-06 -2.62311e-05 -3.66331e-06 1.15867e-05 -1.462e-05 1.97827e-06 -6.20986e-05 0.000104603 0
internal_weight=4068 4034 1023 565 458 3011 434 2802 1057 1745 316 209 249 74
internal_count=4068 4034 1023 565 458 3011 434 2802 1057 1745 316 209 249 74
is_linear=0
shrinkage=0.03


Tree=54
num_leaves=13
num_cat=0
split_feature=25 21 0 22 28 27 29 22 29 19 33 23
split_gain=0.00125533 0.00060988 0.001059 0.000778842 0.00083528 0.000700906 0.000621606 0.00100972 0.000596853 0.000573676 0.000436733 2.50182e-05
threshold=-0.073966259599290721 5.0926666378974925 1.7643836140632632 74.379172156598358 495561526.50000006 0.0072685207278513639 22.622809515260034 36.240644371853499 19.612020711405368 5.7060498714447023 0.012744664212143377 0.1313414008833749
decision_type=2 2 2 2 2 2 2 2 2 2 2 2
left_child=-1 2 -2 4 -4 8 7 -7 9 -3 -8 -5
right_child=1 5 3 11 -6 6 10 -9 -10 -11 -12 -13
leaf_value=0.00018201260775504522 0.00023294245417198554 -0.0001673215629793057 0 -0.00011588689160637767 4.5644167764646256e-05 0.00013961463176829803 -2.5540186796291433e-05 0 0 0 2.5089686672340038e-06 0
leaf_weight=34 20 69 1352 41 489 62 1093 208 47 33 600 20
leaf_count=34 20 69 1352 41 489 62 1093 208 47 33 600 20
internal_value=3.77519e-07 -4.14181e-07 1.10169e-05 7.09402e-06 1.20478e-05 -1.22374e-05 -5.79943e-06 3.34227e-05 -7.68722e-05 -0.000117859 -1.38281e-05 -9.30874e-05
internal_weight=4068 4034 1922 1902 1841 2112 1963 270 149 102 1693 61
internal_count=4068 4034 1922 1902 1841 2112 1963 270 149 102 1693 61
is_linear=0
shrinkage=0.03


Tree=55
num_leaves=14
num_cat=0
split_feature=0 5 20 26 1 0 28 0 0 31 0 24 1
split_gain=0.00105891 0.00114865 0.000619966 0.000668127 0.00068467 0.000659257 0.000565008 0.000562733 0.001004 0.00105475 0.000331261 0.000331049 0.000216423
threshold=1.7643836140632632 476538228.50000006 4.1792500138282778 0.10240409874407962 5.5713350772857675 2.8219473361968999 -6828287345.499999 2.5500261783599858 4.2054102420806894 -0.019844298103777577 3.1215580701828007 -0.025810680189220236 5.0050001144409189
decision_type=2 2 2 2 2 2 2 2 2 2 2 2 2
left_child=-1 2 5 10 -5 6 -2 12 9 -9 -4 -7 -3
right_child=1 7 3 4 -6 11 -8 8 -10 -11 -12 -13 -14
leaf_value=0.0001671998950436334 0 5.5870233847472675e-05 -1.1033912592131166e-05 1.8398238810301726e-05 -1.6377454430048491e-05 -4.093147223445095e-05 0.00017169922558066055 0 0 0.00018354269206333074 -4.9825436397626055e-05 2.3735339507668455e-05 -5.0780011783562392e-05
leaf_weight=34 67 30 883 1012 1020 97 48 24 24 98 452 240 39
leaf_count=34 67 30 883 1012 1020 97 48 24 24 98 452 240 39
internal_value=3.84032e-07 -2.82402e-07 -4.81788e-06 -9.90642e-06 0 2.64454e-05 8.88928e-05 6.6298e-05 9.96887e-05 0.000138894 -2.64176e-05 0 0
internal_weight=4068 4034 3819 3367 2032 452 115 215 146 122 1335 337 69
internal_count=4068 4034 3819 3367 2032 452 115 215 146 122 1335 337 69
is_linear=0
shrinkage=0.03


Tree=56
num_leaves=22
num_cat=0
split_feature=35 19 26 5 31 33 29 29 36 26 19 24 31 33 24 0 27 21 30 35 26
split_gain=0.00117096 0.0007923 0.00140333 0.000649341 0.000550553 0.000703942 0.00106311 0.000576769 0.000671037 0.000518 0.000673426 0.000813615 0.000529533 0.000586264 0.000486854 0.000413483 0.000378145 0.000346879 0.000133569 0.000121337 0.000111514
threshold=0.038379742002546256 4.6500000476837169 0.11025880876738735 551980846.00000012 -0.0053908346964566803 0.01605960851599331 81.879575305736026 47.619070595922786 0.0017668469994192449 0.13324223808850783 5.55900001525879 -0.13342854775929633 -0.018202509546002717 -0.041668351510874883 -0.10126971362515612 3.0920076370239262 0.97721939776370703 4.8127499977747616 62.365364119638109 0.030396117369037537 0.18671980824332071
decision_type=2 2 2 2 2 2 2 2 2 2 2 2 2 2 2 2 2 2 2 2 2
left_child=4 2 -2 20 9 7 14 8 -6 12 11 -11 13 -1 -7 -9 -8 -14 -5 -12 -3
right_child=1 3 -4 18 5 6 16 15 -10 10 19 -13 17 -15 -16 -17 -18 -19 -20 -21 -22
leaf_value=1.2239645863772585e-05 0 0 0.00029272925411152022 0.00017069374259512916 -3.2002094441744751e-05 -3.9853430329434643e-06 -4.8934445484463367e-05 -6.9509549124468053e-05 1.5543611580066534e-05 0 -9.6859502762613119e-06 0.00015771367549181385 3.7992276967264991e-05 -7.3388976444525384e-05 5.5133267205103701e-05 -1.2836450477741329e-05 0 0 0 5.8648539755070939e-05 -7.9302184161800726e-05
leaf_weight=42 27 56 35 23 476 54 225 346 541 29 97 81 329 155 417 426 170 469 20 29 21
leaf_count=42 27 56 35 23 476 54 225 346 541 29 97 81 329 155 417 426 170 469 20 29 21
internal_value=3.62017e-07 7.52967e-05 0.000167618 2.51851e-06 -2.3774e-06 -1.07085e-05 9.14483e-06 -2.19956e-05 -3.76123e-06 1.31535e-05 5.3624e-05 0.000108033 5.35273e-07 -3.99155e-05 4.19879e-05 -4.21278e-05 -2.24251e-05 1.42839e-05 0.000113256 0 -2.04779e-05
internal_weight=4068 182 62 120 3886 2655 866 1789 1017 1231 236 110 995 197 471 772 395 798 43 126 77
internal_count=4068 182 62 120 3886 2655 866 1789 1017 1231 236 110 995 197 471 772 395 798 43 126 77
is_linear=0
shrinkage=0.03


Tree=57
num_leaves=12
num_cat=0
split_feature=23 5 19 26 21 29 27 26 32 26 35
split_gain=0.00113821 0.000832587 0.000612635 0.000574375 0.000692677 0.000469338 0.000324 0.000321754 0.000424058 0.000221237 0.000360245
threshold=-0.23925160948150778 476538228.50000006 4.166000032424928 0.10030254178184098 5.1950833241144823 18.062378167094721 1.0473371099854709 0.067510216174899537 0.019171648672562828 0.14098426744556303 0.030396117369037537
decision_type=2 2 2 2 2 2 2 2 2 2 2
left_child=-1 2 7 6 -5 -3 -4 -2 -9 10 -7
right_child=1 5 3 4 -6 9 -8 8 -10 -11 -12
leaf_value=0.0001733133389112332 -2.6786216923525337e-05 0 -3.0206089741161488e-05 2.5464442865353892e-05 -1.1489539499520783e-05 7.3376122763927073e-05 2.621386618479381e-05 5.1638791505906907e-05 0 0.00014167866535745742 0
leaf_weight=34 29 25 1183 661 1475 70 42 365 66 62 56
leaf_count=34 29 25 1183 661 1475 70 42 365 66 62 56
internal_value=3.39134e-07 -3.79355e-07 -4.3318e-06 -9.44539e-06 0 5.64144e-05 -2.58209e-05 2.65043e-05 3.70543e-05 7.64932e-05 2.05402e-05
internal_weight=4068 4034 3821 3361 2136 213 1225 460 431 188 126
internal_count=4068 4034 3821 3361 2136 213 1225 460 431 188 126
is_linear=0
shrinkage=0.03


Tree=58
num_leaves=16
num_cat=0
split_feature=25 21 26 22 32 27 34 25 25 33 5 26 22 31 21
split_gain=0.00112331 0.000518287 0.00116678 0.00124242 0.00128734 0.000673975 0.000690391 0.000867248 0.000655877 0.000644598 0.000630211 0.000614158 0.000506162 0.000310861 0.000299544
threshold=-0.073966259599290721 5.0926666378974925 0.13197203454650899 58.433586288777569 -0.025800050084048173 0.0072685207278513639 -0.031194118586148841 0.0065494822586909243 -0.012662210282133711 -0.024256493167270406 476538228.50000006 0.13118407267611543 48.793476404015045 -0.019844298103777577 4.6507500092188527
decision_type=2 2 2 2 2 2 2 2 2 2 2 2 2 2 2
left_child=-1 2 8 4 -4 11 7 -7 9 -2 -8 13 -10 -3 -5
right_child=1 5 3 14 -6 6 10 -9 12 -11 -12 -13 -14 -15 -16
leaf_value=0.00017216630304470187 -4.0397927917272138e-06 0 0 -9.3525593358389559e-05 0.00022408432843440615 7.345789770301415e-05 -1.7943731691458081e-05 -8.2189239197035573e-05 -3.5784653149796951e-05 5.9651712890857337e-05 6.1384535169386231e-05 0 1.9415074253065422e-06 -0.00013733111709940713 3.4959320858239021e-05
leaf_weight=34 120 26 25 24 70 190 1670 22 411 308 81 35 916 88 48
leaf_count=34 120 26 25 24 70 190 1670 22 411 308 81 35 916 88 48
internal_value=3.16004e-07 -3.92984e-07 1.00797e-05 8.62546e-05 0.000157577 -1.13439e-05 -5.01328e-06 4.31304e-05 1.11735e-06 3.47898e-05 -1.25576e-05 -7.45671e-05 -7.48433e-06 -0.000110046 0
internal_weight=4068 4034 1922 167 95 2112 1963 212 1755 428 1751 149 1327 114 72
internal_count=4068 4034 1922 167 95 2112 1963 212 1755 428 1751 149 1327 114 72
is_linear=0
shrinkage=0.03


Tree=59
num_leaves=16
num_cat=0
split_feature=23 33 29 32 31 24 27 29 21 26 21 31 24 32 31
split_gain=0.00104303 0.000636989 0.00113608 0.0012627 0.000922506 0.000665142 0.000591363 0.000558692 0.000544437 0.00082047 0.000466901 0.000415438 0.000412626 0.000388682 0.000288278
threshold=-0.23925160948150778 0.01605960851599331 81.879575305736026 0.01845328238460409 -0.0053908346964566803 -0.079419518143292719 0.93250218405478336 47.619070595922786 5.1692499876022344 0.13197203454650899 5.4858333746592214 -0.0033869594177942659 -0.078542718115512958 -0.0023781223544586112 0.0085653418957962763
decision_type=2 2 2 2 2 2 2 2 2 2 2 2 2 2 2
left_child=-1 4 3 14 8 -4 -7 11 9 -2 -10 -6 -5 -9 -3
right_child=1 2 5 12 7 6 -8 13 10 -11 -12 -13 -14 -15 -16
leaf_value=0.00016590870760399654 1.3793725696759041e-05 0.00012923954973824986 0.00012503105944169381 -5.9799045830761266e-05 -5.0413311481561044e-05 -6.7672682616675626e-05 0 0 -4.9227723704424643e-05 0.00014268923757381361 5.5862227153938114e-06 5.2590872328806532e-07 2.4716285278593641e-05 -5.4574587512890798e-05 8.0084087351446041e-06
leaf_weight=34 549 164 24 60 154 176 258 206 176 61 411 877 256 577 85
leaf_count=34 549 164 24 60 154 176 258 206 176 61 411 877 256 577 85
internal_value=3.08617e-07 -3.47538e-07 1.92826e-05 4.88863e-05 -8.01369e-06 -1.06912e-05 -2.51345e-05 -2.2077e-05 1.07927e-05 3.16218e-05 -5.74435e-06 -4.1775e-06 0 -4.18114e-05 9.99186e-05
internal_weight=4068 4034 1023 565 3011 458 434 1814 1197 610 587 1031 316 783 249
internal_count=4068 4034 1023 565 3011 458 434 1814 1197 610 587 1031 316 783 249
is_linear=0
shrinkage=0.03


Tree=60
num_leaves=20
num_cat=0
split_feature=35 22 27 4 21 35 33 33 36 0 33 28 0 20 19 2 31 4 20
split_gain=0.00101495 0.00214479 0.000790183 0.000634602 0.00105576 0.000421946 0.000377185 0.00058248 0.000834588 0.000476054 0.000430403 0.000359664 0.000458457 0.000515395 0.000399564 0.000322164 0.000280036 0.000259342 0.000166025
threshold=0.032772742411385537 32.037726957927369 0.18618145709176367 4.555000066757203 4.3770833472410846 0.010679923281060514 -0.053470220858956079 -0.039278741074804883 -0.0073474889106778995 2.3105014562606816 0.0020790856335568546 899577541.50000012 3.3179122209548955 5.1055000305175797 4.2200000286102304 4.8949999809265146 -0.027777781624317151 5.6802954673767099 5.6030468344688424
decision_type=2 2 2 2 2 2 2 2 2 2 2 2 2 2 2 2 2 2 2
left_child=5 16 -3 4 -4 11 9 8 -8 -7 -9 14 13 -13 -1 -5 -2 -14 -16
right_child=1 2 3 15 -6 6 7 10 -10 -11 -12 12 17 -15 18 -17 -18 -19 -20
leaf_value=0 0 -0.00010809554381146912 0 -7.5645807916236609e-05 0.00027284130660109256 -0.00018561937888779748 0.00015685435545393007 -1.1315301312153516e-05 0 0 1.0503543119403708e-05 0.00013988417490585662 -0.00013093616650605515 0 -0.00010293279003574358 2.791055442558315e-05 0.00036245620452690045 0 0
leaf_weight=25 21 33 30 30 25 22 52 1675 44 39 1567 32 28 60 118 151 23 62 31
leaf_count=25 21 33 30 30 25 22 52 1675 44 39 1567 32 28 60 118 151 23 62 31
internal_value=3.64195e-07 5.28698e-05 9.19998e-06 3.83468e-05 0.000129099 -3.21481e-06 0 1.3922e-06 7.43128e-05 -7.38243e-05 0 -3.42841e-05 0 4.2232e-05 -6.52947e-05 0 0.000251198 -5.25009e-05 -8.59658e-05
internal_weight=4068 313 269 236 55 3755 3399 3338 96 61 3242 356 182 92 174 181 44 90 149
internal_count=4068 313 269 236 55 3755 3399 3338 96 61 3242 356 182 92 174 181 44 90 149
is_linear=0
shrinkage=0.03


Tree=61
num_leaves=16
num_cat=0
split_feature=25 4 28 24 5 35 22 22 19 33 20 33 30 24 0
split_gain=0.00101962 0.000473887 0.00103016 0.00120346 0.00114213 0.000473613 0.000535549 0.000521118 0.00043719 0.000452789 0.000327865 0.000320544 0.000237979 0.00073733 0.00050219
threshold=-0.073966259599290721 4.9649999141693124 495561526.50000006 0.064333649109132432 203215363.00000003 0.01391881756938697 67.36532188447778 50.487688151659235 3.6630000114440926 0.034477419264838501 4.6887499928474439 -0.0059643504688426932 37.357412515639744 0.020410467777329699 3.0351039171218877
decision_type=2 2 2 2 2 2 2 2 2 2 2 2 2 2 2
left_child=-1 2 8 4 -4 6 7 -3 11 -10 -5 -2 14 -14 -7
right_child=1 5 3 10 -6 12 -8 -9 9 -11 -12 -13 13 -15 -16
leaf_value=0.00016405267167328262 0 -4.9461928875163757e-05 0 0 0.00012713781898129135 -7.3453878962798802e-06 -0.00011457835158902704 1.7302015235957968e-08 -1.2843781643080087e-05 5.1416573691924184e-05 -9.2229215705910464e-05 0.00011931643074730972 -3.6343822303470271e-05 9.8460877055637998e-06 4.5390200597498408e-05
leaf_weight=34 23 252 103 44 198 214 75 354 1172 96 39 45 520 622 277
leaf_count=34 23 252 103 44 198 214 75 354 1172 96 39 45 520 622 277
internal_value=3.36333e-07 -3.03899e-07 1.08216e-05 5.42057e-05 8.49752e-05 -9.87004e-06 -3.09324e-05 -1.56133e-05 0 -5.60923e-06 -2.12472e-05 7.20552e-05 0 -8.5607e-06 1.63001e-05
internal_weight=4068 4034 1720 384 301 2314 681 606 1336 1268 83 68 1633 1142 491
internal_count=4068 4034 1720 384 301 2314 681 606 1336 1268 83 68 1633 1142 491
is_linear=0
shrinkage=0.03


Tree=62
num_leaves=12
num_cat=0
split_feature=32 33 28 26 31 4 24 31 5 25 24
split_gain=0.000975067 0.000728946 0.00107457 0.00073545 0.00152538 0.00165262 0.000561098 0.000459353 0.000721114 0.00070658 0.000417593
threshold=-0.056250085204911864 -0.053470220858956079 972234313.00000012 0.13324223808850783 -0.010700927861038765 5.5911459922790536 -0.041569559692871121 -0.018202509546002717 262542772.50000003 -0.00076548088162402262 0.11915599032388911
decision_type=2 2 2 2 2 2 2 2 2 2 2
left_child=6 2 -2 7 5 -5 -1 9 -9 -3 -6
right_child=1 3 -4 4 10 -7 -8 8 -10 -11 -12
leaf_value=0.0002622051094712971 0 0 -0.00022851519011690241 0.00020589854533455696 1.4261227707445838e-05 0 0 -1.2395029690206905e-05 1.8409622572871392e-05 -0.00012100496721306295 -5.974768753863797e-05
leaf_weight=20 26 116 31 81 477 92 28 2037 1005 77 78
leaf_count=20 26 116 31 81 477 92 28 2037 1005 77 78
internal_value=3.39419e-07 -5.25808e-07 -0.000107259 2.55023e-07 2.81747e-05 0.00010616 0.000135023 -5.10132e-06 -1.23152e-06 -5.05276e-05 0
internal_weight=4068 4020 57 3963 728 173 48 3235 3042 193 555
internal_count=4068 4020 57 3963 728 173 48 3235 3042 193 555
is_linear=0
shrinkage=0.03


Tree=63
num_leaves=16
num_cat=0
split_feature=25 20 0 26 32 21 21 30 30 29 28 32 27 34 2
split_gain=0.00095061 0.000470251 0.000771057 0.000653361 0.000562741 0.000558726 0.000916598 0.00072287 0.000544974 0.000382126 0.000348617 0.000312105 0.000170407 0.000238922 0.000176965
threshold=-0.073966259599290721 4.1660000205039989 2.8219473361968999 0.096544493839315265 -0.0058997050023670275 5.1950833241144823 5.4125000158945733 69.907803486178537 78.783132197732996 30.848276682593291 -6721838769.499999 -0.016208278728722599 0.20199438151163843 -0.02534340216976649 3.8249999284744267
decision_type=2 2 2 2 2 2 2 2 2 2 2 2 2 2 2
left_child=-1 2 8 4 11 7 -7 -5 9 -2 -6 -3 13 -4 -14
right_child=1 3 12 5 10 6 -8 -9 -10 -11 -12 -13 14 -15 -16
leaf_value=0.00015841282494475411 0 -2.9536005964140826e-05 0 4.1977305795274663e-05 0 -5.7858819675348992e-05 1.1034229444813118e-06 -9.0941564635353751e-06 0 0.00016593326093095132 -4.9056974261051987e-05 2.7961968634196302e-05 5.0837716944774254e-05 -8.7601131047737634e-05 0
leaf_weight=34 29 130 29 609 57 267 1408 285 20 68 611 214 85 40 182
leaf_count=34 29 130 29 609 57 267 1408 285 20 68 611 214 85 40 182
internal_value=3.32666e-07 -2.59924e-07 2.76623e-05 -4.63052e-06 -2.53509e-05 2.36475e-06 -6.50729e-06 2.23416e-05 9.42708e-05 0.000125574 -4.1613e-05 0 0 -3.66262e-05 1.50713e-05
internal_weight=4068 4034 453 3581 1012 2569 1675 894 117 97 668 344 336 69 267
internal_count=4068 4034 453 3581 1012 2569 1675 894 117 97 668 344 336 69 267
is_linear=0
shrinkage=0.03


Tree=64
num_leaves=18
num_cat=0
split_feature=32 19 28 22 32 35 27 24 35 27 28 28 0 0 28 27 32
split_gain=0.000916135 0.000529266 0.00168569 0.00195043 0.00131691 0.000894936 0.000645594 0.000512017 0.000506779 0.000488817 0.000577345 0.0010329 0.00050822 0.00113599 0.000483161 4.82658e-06 5.26841e-07
threshold=-0.056250085204911864 4.6029999256134042 351243130.00000006 41.416170592703054 0.022372924066256687 0.027560752459841933 0.3719959695175053 -0.041569559692871121 0.017690428097189171 1.0281785935349981 3201694462.5000005 2036193434.5000002 3.3055887222290044 2.5500261783599858 4493475594.500001 1.096482659673047 -0.011660834374153271
decision_type=2 2 2 2 2 2 2 2 2 2 2 2 2 2 2 2 2
left_child=7 2 5 16 -5 8 -7 -1 -2 10 11 -3 13 -11 -12 -14 -4
right_child=1 9 3 4 -6 6 -8 -9 -10 12 14 -13 15 -15 -16 -17 -18
leaf_value=0.00025283568496155593 9.2305124318679935e-06 -1.2091452717969856e-05 0 0.00045374633708073723 9.7591370928945868e-06 0.00013743277851180954 0 0 -3.5216610542731982e-05 0 3.7351928537049647e-05 -9.4683709135029738e-05 0 0.00022929221823223475 -6.3562944875919918e-06 -1.3155405835408072e-05 3.843337779420762e-06
leaf_weight=20 401 1174 24 23 30 70 89 28 391 41 277 182 34 33 1194 25 32
leaf_count=20 401 1174 24 23 30 70 89 28 391 41 277 182 34 33 1194 25 32
internal_value=3.41997e-07 -4.73787e-07 1.68719e-05 0.000129095 0.000259422 8.42846e-07 6.83375e-05 0.000130893 -8.92672e-06 -7.69927e-06 -1.12052e-05 -2.53952e-05 4.42352e-05 9.8425e-05 0 0 0
internal_weight=4068 4020 1060 109 53 951 159 48 792 2960 2827 1356 133 74 1471 59 56
internal_count=4068 4020 1060 109 53 951 159 48 792 2960 2827 1356 133 74 1471 59 56
is_linear=0
shrinkage=0.03


Tree=65
num_leaves=14
num_cat=0
split_feature=23 5 0 0 31 19 0 32 33 25 30 35 24
split_gain=0.000876302 0.000654476 0.000669143 0.000909214 0.000973683 0.000517305 0.000744986 0.00103103 0.00055086 0.000604684 0.000367704 0.000252985 0.000147019
threshold=-0.23925160948150778 476538228.50000006 2.5500261783599858 4.2054102420806894 -0.019844298103777577 4.166000032424928 2.8219473361968999 0.014865953028999181 -0.057212620211721958 -0.012280365090859198 35.945243365755623 0.028074944678289301 -0.025810680189220236
decision_type=2 2 2 2 2 2 2 2 2 2 2 2 2
left_child=-1 5 11 4 -4 6 7 -2 10 -10 -7 -3 -8
right_child=1 2 3 -5 -6 8 12 -9 9 -11 -12 -13 -14
leaf_value=0.00015212892155952291 0.00013753627422252788 -8.4630609109568767e-05 0 0 0.00016992050240140992 -0.00021660390841677336 -2.7709644704442977e-05 0 1.0979989957496989e-05 -1.5494882681994653e-05 0 1.1695187775562629e-05 1.4662419027110263e-05
leaf_weight=34 99 31 24 24 98 20 112 34 1055 2264 22 36 215
leaf_count=34 99 31 24 24 98 20 112 34 1055 2264 22 36 215
internal_value=3.86039e-07 -1.52983e-07 5.01337e-05 8.82498e-05 0.000126573 -3.74254e-06 2.45006e-05 8.43357e-05 -8.50119e-06 -6.17546e-06 -0.000120579 0 0
internal_weight=4068 4034 213 146 122 3821 460 133 3361 3319 42 67 327
internal_count=4068 4034 213 146 122 3821 460 133 3361 3319 42 67 327
is_linear=0
shrinkage=0.03


Tree=66
num_leaves=17
num_cat=0
split_feature=1 26 31 21 33 24 33 36 36 5 27 26 36 26 31 36
split_gain=0.000862897 0.00067629 0.00132354 0.000965378 0.000659237 0.000543858 0.000577962 0.000492967 0.00112523 0.000635561 0.000469068 0.000448079 0.00037973 0.000288154 0.000267204 0.000255034
threshold=3.6149998903274541 0.13324223808850783 -0.010700927861038765 6.5454999804496774 -0.041668351510874883 0.11915599032388911 0.0068610497002765678 -0.0088235447963641838 -0.0042507978402670839 171854334.00000003 0.0072685207278513639 0.10939357998513759 0.0072072933481855828 0.093387717680257068 -0.027777781624317151 -0.0058982349751343375
decision_type=2 2 2 2 2 2 2 2 2 2 2 2 2 2 2 2
left_child=15 7 3 4 -3 6 -4 11 9 -9 -10 13 -7 -2 -13 -1
right_child=1 2 5 -5 -6 12 -8 8 10 -11 -12 14 -14 -15 -16 -17
leaf_value=0.00021333881349176929 -3.4812129947252663e-05 0 -1.1923789741968952e-05 0 0.00016187067757276162 -0.00012083510221354452 4.7255261322424631e-05 0 -9.3363121514467156e-05 6.2318052216744934e-05 -6.6117968459171913e-06 0 0 1.3560441105022101e-05 -7.5468603454650633e-05 0
leaf_weight=22 186 46 242 46 118 52 249 128 66 345 2076 22 29 194 220 27
leaf_count=22 186 46 242 46 118 52 249 128 66 345 2076 22 29 194 220 27
internal_value=3.45786e-07 -4.39704e-07 2.37494e-05 8.81433e-05 0.000123457 0 1.19824e-05 -7.21065e-06 -3.18923e-07 4.0296e-05 -1.06895e-05 -3.13576e-05 -7.18748e-05 -2.22693e-06 -6.46887e-05 0.000125741
internal_weight=4068 4019 782 210 164 572 491 3237 2615 473 2142 622 81 380 242 49
internal_count=4068 4019 782 210 164 572 491 3237 2615 473 2142 622 81 380 242 49
is_linear=0
shrinkage=0.03


Tree=67
num_leaves=16
num_cat=0
split_feature=25 21 26 23 31 27 34 26 22 26 35 25 21 31 21
split_gain=0.000867766 0.000422219 0.000954789 0.00136936 0.00145871 0.000646137 0.000586249 0.000810306 0.000562756 0.000543479 0.000492622 0.000423064 0.000378381 0.000278437 6.59889e-06
threshold=-0.073966259599290721 5.0926666378974925 0.13197203454650899 0.041141533775151735 0.011529606828581731 0.0072685207278513639 -0.031194118586148841 0.11889846799533178 74.379172156598358 0.13118407267611543 0.017910841433841574 -0.012662210282133711 4.5930833379427609 -0.019844298103777577 4.3864167074362443
decision_type=2 2 2 2 2 2 2 2 2 2 2 2 2 2 2
left_child=-1 2 8 4 -4 9 7 -7 11 13 -8 -2 -5 -3 -10
right_child=1 5 3 12 -6 6 10 -9 14 -11 -12 -13 -14 -15 -16
leaf_value=0.00015134714673037018 3.1910086590863092e-05 0 0.00036951591543740882 -4.2226869223676535e-05 0 0.00012288843032526726 -2.5913656837890743e-05 0 0 0 3.3869015554709638e-06 -7.3515596961972055e-07 6.0065266060747525e-05 -0.00013090884575565987 -0.00011761601922463475
leaf_weight=34 428 26 26 45 24 71 966 141 27 35 785 1267 72 88 33
leaf_count=34 428 26 26 45 24 71 966 141 27 35 785 1267 72 88 33
internal_value=2.90064e-07 -2.43159e-07 9.13743e-06 7.80707e-05 0.000211963 -1.02003e-05 -3.98797e-06 4.02986e-05 8.64595e-07 -7.18658e-05 -1.10651e-05 5.7396e-06 0 -0.000105052 -8.67178e-05
internal_weight=4068 4034 1922 167 50 2112 1963 212 1755 149 1751 1695 117 114 60
internal_count=4068 4034 1922 167 50 2112 1963 212 1755 149 1751 1695 117 114 60
is_linear=0
shrinkage=0.03


Tree=68
num_leaves=12
num_cat=0
split_feature=32 33 24 2 25 34 2 5 0 24 23
split_gain=0.00084582 0.000672798 0.00100209 0.000484124 0.000763141 0.00105196 0.00061626 0.000708496 0.000605545 0.000445445 0.000439132
threshold=-0.056250085204911864 -0.053470220858956079 -0.038736910809670067 5.1150000095367441 -0.010726883800496001 0.035714280772574776 5.3150000572204599 272009108.50000006 2.0787149667739873 -0.041569559692871121 0.1178133108145878
decision_type=2 2 2 2 2 2 2 2 2 2 2
left_child=9 2 -2 4 8 -6 10 -8 -3 -1 -5
right_child=1 3 -4 6 5 -7 7 -9 -10 -11 -12
leaf_value=0.00024039490034616091 0 -3.3993024073946133e-06 -0.00021029572959687515 -2.6102469542674122e-05 -1.3433883058883205e-05 5.5785447675641622e-05 -1.5455656957582475e-05 2.4330358479544696e-05 5.6930034334778332e-05 0 -0.00020988608820801736
leaf_weight=20 23 92 34 333 1054 243 1140 617 464 28 20
leaf_count=20 23 92 34 333 1054 243 1140 617 464 28 20
internal_value=2.83769e-07 -4.7124e-07 -0.000103033 2.49493e-07 1.21466e-05 0 -8.77692e-06 0 4.1554e-05 0.000125755 -4.50678e-05
internal_weight=4068 4020 57 3963 1853 1297 2110 1757 556 48 353
internal_count=4068 4020 57 3963 1853 1297 2110 1757 556 48 353
is_linear=0
shrinkage=0.03


Tree=69
num_leaves=15
num_cat=0
split_feature=25 33 29 32 13 32 29 35 34 23 27 23 25 23
split_gain=0.000812781 0.000407176 0.000802708 0.00105142 0.000748187 0.00106338 0.00113876 0.000962799 0.000861572 0.000707327 0.000481693 0.000474217 0.000823397 0.00062737
threshold=-0.073966259599290721 0.012744664212143377 50.877170967820085 -0.0023781223544586112 -89.999999999999986 0.011882877919059844 83.963890657370143 0.046161010642381643 0.033163726227884334 0.00064355405336247184 0.5728636807907016 -0.08526731527318486 -0.026919006471222053 0.010917394459817766
decision_type=2 2 2 2 2 2 2 2 2 2 2 2 2 2
left_child=-1 2 11 9 8 6 -6 -7 -3 -4 -5 12 -2 -13
right_child=1 4 3 10 5 7 -8 -9 -10 -11 -12 13 -14 -15
leaf_value=0.00014645661507177375 -7.0851366446297322e-06 -0.00022201081407710488 -5.375928068361252e-05 0 9.803069609123181e-05 -5.6350834908432879e-06 0 0.00017626733494865814 0 2.9237047862921032e-05 -8.2610428613019856e-05 -2.1943346295814008e-05 7.1769211155066004e-05 1.5752664401021739e-05
leaf_weight=34 128 24 132 161 256 772 123 27 23 298 328 843 225 694
leaf_count=34 128 24 132 161 256 772 123 27 23 298 328 843 225 694
internal_value=2.27283e-07 -2.6513e-07 -7.26999e-06 -3.05769e-05 1.33479e-05 2.01681e-05 6.15513e-05 0 -9.35778e-05 0 -6.0759e-05 2.47666e-06 3.4686e-05 -2.97086e-06
internal_weight=4068 4034 2809 919 1225 1178 379 799 47 430 489 1890 353 1537
internal_count=4068 4034 2809 919 1225 1178 379 799 47 430 489 1890 353 1537
is_linear=0
shrinkage=0.03


Tree=70
num_leaves=21
num_cat=0
split_feature=3 0 26 21 21 32 23 22 19 26 32 33 26 35 27 21 24 27 20 0
split_gain=0.000804613 0.00174064 0.000528204 0.000555411 0.000828782 0.000942034 0.000676264 0.00123929 0.000812688 0.00061511 0.000476184 0.000463419 0.000465495 0.000414532 0.000387459 0.000370809 0.000151708 0.000252186 0.000149459 3.80529e-05
threshold=3.7350000143051152 2.7766529321670537 0.096544493839315265 5.1950833241144823 5.4125000158945733 -0.032663673220800431 0.079595495400421004 41.74215852398661 4.828000020980836 0.11231308297202387 -0.0058997050023670275 -0.025234013209484037 0.084749690777784284 0.027857219470978318 0.9423127993276017 3.7256666660308841 -0.096337890667885159 0.4517579172799645 4.4017499685287484 3.1463842391967778
decision_type=2 2 2 2 2 2 2 2 2 2 2 2 2 2 2 2 2 2 2 2
left_child=1 -1 10 6 9 -6 7 -4 -8 -5 11 18 -13 14 -12 -3 -17 -18 -2 -15
right_child=2 15 3 4 5 -7 8 -9 -10 -11 13 12 -14 19 -16 16 17 -19 -20 -21
leaf_value=0.00030754544504597408 0 0.00010348733719490719 -1.6296359977380398e-05 0 0.00010728185269185628 -1.4141113681704445e-07 -0.00012941424568727158 6.2612272504283044e-05 1.3230235395254678e-07 -9.5913876794390213e-05 -4.7609321859339864e-05 0 6.1925199088513674e-05 4.8412340826986496e-05 0 0 -8.8878706980945126e-05 0 -7.0965226937986966e-05 0
leaf_weight=24 23 31 187 129 75 1355 46 555 167 142 680 155 164 26 124 22 46 28 68 21
leaf_count=24 23 31 187 129 75 1355 46 555 167 142 680 155 164 26 124 22 46 28 68 21
internal_value=1.73069e-07 6.86882e-05 -1.704e-06 5.02035e-06 -3.77908e-06 3.40203e-06 2.38332e-05 3.86835e-05 -1.38146e-05 -5.27253e-05 -1.82454e-05 2.0358e-06 2.56739e-05 -3.15405e-05 -3.85154e-05 0 -2.61723e-06 -4.3029e-05 -4.78337e-05 2.39091e-05
internal_weight=4068 151 3917 2656 1701 1430 955 742 213 271 1261 410 319 851 804 127 96 74 91 47
internal_count=4068 151 3917 2656 1701 1430 955 742 213 271 1261 410 319 851 804 127 96 74 91 47
is_linear=0
shrinkage=0.03


Tree=71
num_leaves=21
num_cat=0
split_feature=3 0 26 21 21 32 22 22 30 26 32 27 28 21 32 0 34 24 27 29
split_gain=0.000774485 0.00162106 0.00049147 0.00052027 0.000781287 0.000887086 0.000658044 0.00131387 0.00120711 0.000576516 0.000442078 0.000362748 0.000465868 0.000348467 0.000299504 0.000454842 0.000253246 0.000140745 0.000239826 4.60478e-05
threshold=3.7350000143051152 2.7766529321670537 0.096544493839315265 5.1950833241144823 5.4125000158945733 -0.032663673220800431 59.255220193543657 41.74215852398661 69.907803486178537 0.11231308297202387 -0.0058997050023670275 0.93250218405478336 -6721838769.499999 3.7256666660308841 -0.020601015989681223 3.0920076370239262 -0.037310777491688756 -0.096337890667885159 0.4517579172799645 84.251691432155468
decision_type=2 2 2 2 2 2 2 2 2 2 2 2 2 2 2 2 2 2 2 2
left_child=1 -1 10 6 9 -6 7 -4 -8 -5 14 12 -12 -3 15 -2 -16 -15 -19 -13
right_child=2 13 3 4 5 -7 8 -9 -10 -11 11 19 -14 17 16 -17 -18 18 -20 -21
leaf_value=0.0002983573666885804 0 0.0001003927029455919 -1.5807728947993116e-05 0 0.00010406768662990202 -1.3716914928945277e-07 7.0759604514847459e-05 6.6990167710544488e-05 -5.9780038820689522e-05 -9.3038486200098058e-05 2.8141580536419971e-06 2.6480865626812194e-05 -4.9302426816217132e-05 0 -1.8399168206275712e-05 -0.00011808238156308514 3.523091583250376e-05 -8.6218129586313312e-05 0 0
leaf_weight=24 49 31 187 129 75 1355 86 494 188 142 68 59 631 22 27 38 296 46 28 93
leaf_count=24 49 31 187 129 75 1355 86 494 188 142 68 59 631 22 27 38 296 46 28 93
internal_value=1.67749e-07 6.73975e-05 -1.65973e-06 4.79438e-06 -3.6774e-06 3.23726e-06 2.30238e-05 3.98506e-05 -7.85196e-06 -5.12181e-05 -1.7632e-05 -3.04438e-05 -3.99415e-05 0 1.64589e-06 -3.74085e-05 2.14585e-05 -1.34093e-06 -4.13738e-05 0
internal_weight=4068 151 3917 2656 1701 1430 955 681 274 271 1261 851 699 127 410 87 323 96 74 152
internal_count=4068 151 3917 2656 1701 1430 955 681 274 271 1261 851 699 127 410 87 323 96 74 152
is_linear=0
shrinkage=0.03


Tree=72
num_leaves=15
num_cat=0
split_feature=32 4 23 28 32 26 30 26 31 5 32 35 26 32
split_gain=0.000749173 0.000399503 0.000820073 0.000592209 0.000991324 0.000543212 0.000476058 0.000279192 0.000468638 0.000392971 0.000278157 0.000353064 0.000234088 0.000183262
threshold=-0.056250085204911864 5.0750000476837167 -0.19780919271196981 495561526.50000006 -0.014497224386569084 0.10030254178184098 16.131694512910951 0.11231308297202387 0.019507932017050814 226078214.50000003 0.0050890865337855926 0.017593967172639505 0.16152068421934196 -0.01542137541601629
decision_type=2 2 2 2 2 2 2 2 2 2 2 2 2 2
left_child=12 2 -2 6 -5 10 -4 9 -9 -7 13 -12 -1 -3
right_child=1 5 3 4 -6 7 -8 8 -10 -11 11 -13 -14 -15
leaf_value=0 0.00015519211816991495 -5.6150594188285789e-05 -6.0915962862727506e-05 -2.8278964573353163e-05 5.9705579621170652e-05 0 0 -5.2644219398517355e-07 -6.6299003650675421e-05 4.7831385200188956e-05 -9.5791196616950251e-05 0 0.00020971126067313126 0
leaf_weight=28 35 55 121 113 378 229 1265 1094 121 216 138 48 20 207
leaf_count=28 35 55 121 113 378 229 1265 1094 121 216 138 48 20 207
internal_value=1.54574e-07 -5.12923e-07 8.59714e-06 4.25728e-06 3.33462e-05 -1.0199e-05 -3.88499e-06 -4.15846e-07 -9.55048e-06 1.77813e-05 -3.97461e-05 -7.14268e-05 0.000118312 -5.79065e-06
internal_weight=4068 4020 1912 1877 491 2108 1386 1660 1215 445 448 186 48 262
internal_count=4068 4020 1912 1877 491 2108 1386 1660 1215 445 448 186 48 262
is_linear=0
shrinkage=0.03


Tree=73
num_leaves=19
num_cat=0
split_feature=3 0 5 35 1 3 0 32 5 0 34 27 29 21 32 32 32 28
split_gain=0.000749012 0.00149946 0.000412649 0.000661638 0.000545034 0.000788716 0.000481427 0.000449653 0.000436175 0.000731175 0.000526748 0.00039166 0.000854065 0.000329414 0.000261715 0.000143644 1.27276e-05 6.60627e-07
threshold=3.7350000143051152 2.7935962677001958 261652358.00000003 0.011323777644057011 4.305000066757203 4.3450000286102304 3.2949796915054326 -0.03020638267961295 239661510.00000003 2.845230340957642 0.028544192114358439 0.72826093639595324 66.911956789570155 3.7256666660308841 -0.0052863354501034845 0.0027210908243306968 0.0094229109841035292 6565508529.500001
decision_type=2 2 2 2 2 2 2 2 2 2 2 2 2 2 2 2 2 2
left_child=1 -1 8 6 7 -6 16 -5 11 10 -10 12 -2 -3 -13 -15 -4 -11
right_child=2 13 3 4 5 -7 -8 -9 9 17 -12 14 -14 15 -16 -17 -18 -19
leaf_value=0.00027768677057719772 -5.4555610204205353e-06 9.7508127117975694e-05 0 -0.00013801522854569754 0.00013886431244968577 1.5666863984395575e-05 -0.00019962695743471604 0 -0.00011865678887029723 2.9925310346200892e-08 0 0 5.5119488350707995e-05 -4.8584051026891704e-05 -3.7040059584132974e-05 0 -2.1362751768716411e-05 -3.3778783329226214e-06
leaf_weight=26 1274 31 43 28 58 1266 20 140 124 112 22 68 243 55 442 39 25 52
leaf_count=26 1274 31 43 28 58 1266 20 140 124 112 22 68 243 55 442 39 25 52
internal_value=1.02552e-07 6.62436e-05 -1.68293e-06 9.19384e-06 1.55612e-05 2.33395e-05 -6.46056e-05 -2.78697e-05 -1.03202e-05 -4.45381e-05 -9.33514e-05 -3.60522e-06 2.27316e-06 0 -2.69687e-05 -2.87693e-06 0 0
internal_weight=4068 151 3917 1580 1492 1324 88 168 2337 310 146 2027 1517 125 510 94 68 164
internal_count=4068 151 3917 1580 1492 1324 88 168 2337 310 146 2027 1517 125 510 94 68 164
is_linear=0
shrinkage=0.03


Tree=74
num_leaves=16
num_cat=0
split_feature=25 20 0 32 28 26 32 21 21 20 33 28 23 23 26
split_gain=0.000721317 0.000385916 0.000572833 0.000490425 0.00100805 0.000477235 0.000437917 0.000384224 0.000765019 0.000628445 0.000359438 0.000309978 0.000197275 0.000378403 0.000138313
threshold=-0.073966259599290721 4.1660000205039989 2.8219473361968999 -0.013540186062870439 -6828287345.499999 0.096544493839315265 -0.0058997050023670275 5.1950833241144823 5.4125000158945733 4.9374999642372144 -0.024256493167270406 -6422537918.999999 -0.046597098967170229 -0.090682720636482181 0.083094696959740588
decision_type=2 2 2 2 2 2 2 2 2 2 2 2 2 2 2
left_child=-1 2 3 -2 -5 6 10 9 -9 -7 -3 -8 13 -4 -14
right_child=1 5 12 4 -6 7 11 8 -10 -11 -12 -13 14 -15 -16
leaf_value=0.00013793203696032269 0 -4.3934453475965542e-05 0 0 0.0002403890547945699 0 0 -5.2693043661639027e-05 1.0665346853520758e-06 5.6286226693382486e-05 2.4042066895225271e-05 -4.4288793764806868e-05 4.2790962219569717e-05 -8.548186842263822e-05 0
leaf_weight=34 27 92 23 53 37 622 74 267 1408 272 252 594 111 60 142
leaf_count=34 27 92 23 53 37 622 74 267 1408 272 252 594 111 60 142
internal_value=8.59298e-08 -3.35617e-07 2.48464e-05 8.24097e-05 0.000117155 -4.3595e-06 -2.2053e-05 1.44332e-06 -5.7146e-06 1.82089e-05 0 -3.64234e-05 0 -3.44455e-05 1.76616e-05
internal_weight=4068 4034 453 117 90 3581 1012 2569 1675 894 344 668 336 83 253
internal_count=4068 4034 453 117 90 3581 1012 2569 1675 894 344 668 336 83 253
is_linear=0
shrinkage=0.03


Tree=75
num_leaves=12
num_cat=0
split_feature=23 5 0 0 20 24 23 26 22 29 35
split_gain=0.000694737 0.000528714 0.000594728 0.000842957 0.000577354 0.000534392 0.000731038 0.000685104 0.00035751 0.000299593 0.000223476
threshold=-0.23925160948150778 476538228.50000006 2.5500261783599858 4.2054102420806894 5.4412500143051163 -0.16543031874497385 -0.083916348330467891 0.13051774233180111 74.379172156598358 68.765298287382052 0.028074944678289301
decision_type=2 2 2 2 2 2 2 2 2 2 2
left_child=-1 5 10 4 -4 9 7 -7 -8 -2 -3
right_child=1 2 3 -5 -6 6 8 -9 -10 -11 -12
leaf_value=0.00013539296415118263 -0.00012225444219469769 -8.0234580240229214e-05 5.8417445589214316e-06 0 0.00020158978297414018 5.3761610216131937e-06 -4.1895979759425482e-06 0.00011151367344641045 -7.2830546179338551e-05 0 5.0456258094252922e-06
leaf_weight=34 53 31 67 24 55 341 3239 90 78 20 36
leaf_count=34 53 31 67 24 55 341 3239 90 78 20 36
internal_value=1.47458e-07 -2.52107e-07 4.48122e-05 8.11952e-05 0.000118752 -3.55042e-06 -1.1679e-06 3.45191e-05 -6.71026e-06 -8.46662e-05 0
internal_weight=4068 4034 213 146 122 3821 3748 431 3317 73 67
internal_count=4068 4034 213 146 122 3821 3748 431 3317 73 67
is_linear=0
shrinkage=0.03


Tree=76
num_leaves=20
num_cat=0
split_feature=3 23 26 3 34 22 1 23 20 36 36 5 26 32 27 26 22 22 32
split_gain=0.000690366 0.00143225 0.000422196 0.000757425 0.000739745 0.000941544 0.000690031 0.000782944 0.000539958 0.000444689 0.000657971 0.000542133 0.00042764 0.000491187 0.000423293 0.000218005 0.000171598 4.68198e-05 1.61426e-05
threshold=3.7350000143051152 -0.083916348330467891 0.13324223808850783 5.4821856021881112 -0.069823495087000628 58.433586288777569 6.0450000762939462 -0.012457916131060285 5.5052499890327464 -0.0088235447963641838 -0.0042507978402670839 185315928.50000003 0.10939357998513759 -0.021998164630347424 0.0072685207278513639 0.092855645772802684 48.793476404015045 55.012620523483136 0.0027210908243306968
decision_type=2 2 2 2 2 2 2 2 2 2 2 2 2 2 2 2 2 2 2
left_child=1 -1 9 4 -4 -6 8 -8 -5 12 11 -11 15 -14 -12 -2 18 -18 -3
right_child=2 16 3 6 5 -7 7 -9 -10 10 14 -13 13 -15 -16 -17 17 -19 -20
leaf_value=0.00022948831087300797 -3.2272532630888693e-05 -2.3640610598617014e-05 -3.0042101816076218e-05 0 9.7441593281567067e-05 0 0.00010342584877328613 -2.0709149675559731e-06 -0.00010426441766731072 0 -8.6477468308677257e-05 5.5204572636644939e-05 0 -9.2480814783531005e-05 -4.6391628226855593e-06 1.0999898007695715e-05 9.5006687021049742e-05 0 0
leaf_weight=36 166 53 38 21 251 66 70 236 98 148 66 303 79 162 2020 193 20 21 21
leaf_count=36 166 53 38 21 251 66 70 236 98 148 66 303 79 162 2020 193 20 21 21
internal_value=1.4808e-07 6.36514e-05 -1.53566e-06 1.71476e-05 5.04942e-05 6.96156e-05 -3.65471e-06 1.22875e-05 -6.98138e-05 -7.13786e-06 -4.20498e-07 3.10815e-05 -3.05372e-05 -6.25838e-05 -8.6706e-06 -6.58277e-07 0 5.82156e-05 -1.42978e-05
internal_weight=4068 151 3917 780 355 317 425 306 119 3137 2537 451 600 241 2086 359 115 41 74
internal_count=4068 151 3917 780 355 317 425 306 119 3137 2537 451 600 241 2086 359 115 41 74
is_linear=0
shrinkage=0.03


Tree=77
num_leaves=12
num_cat=0
split_feature=32 33 28 26 31 4 31 25 31 24 24
split_gain=0.000671459 0.000664766 0.000978722 0.000501936 0.00130067 0.00146267 0.000470706 0.000636212 0.000450225 0.000354867 0.000341634
threshold=-0.056250085204911864 -0.053470220858956079 972234313.00000012 0.13324223808850783 -0.010700927861038765 5.5911459922790536 -0.018202509546002717 -0.00076548088162402262 -0.0053908346964566803 -0.041569559692871121 0.11915599032388911
decision_type=2 2 2 2 2 2 2 2 2 2 2
left_child=9 2 -2 6 5 -5 7 -3 -8 -1 -6
right_child=1 3 -4 4 10 -7 8 -9 -10 -11 -12
leaf_value=0.00021423911846089939 0 0 -0.00021815986161223549 0.00018858127933168962 1.0470429470709012e-05 0 1.8165679165720879e-05 -0.00011674263444593257 -8.0138636661679452e-06 0 -5.7159213013429777e-05
leaf_weight=20 26 116 31 81 477 92 790 77 2252 28 78
leaf_count=20 26 116 31 81 477 92 790 77 2252 28 78
internal_value=5.81825e-08 -5.34729e-07 -0.000102449 1.7668e-07 2.33551e-05 9.51677e-05 -4.11259e-06 -4.97635e-05 -2.28566e-07 0.000111982 0
internal_weight=4068 4020 57 3963 728 173 3235 193 3042 48 555
internal_count=4068 4020 57 3963 728 173 3235 193 3042 48 555
is_linear=0
shrinkage=0.03


Tree=78
num_leaves=16
num_cat=0
split_feature=25 20 0 32 26 0 0 25 0 25 23 35 22 35 35
split_gain=0.000655999 0.000361693 0.000539893 0.000471176 0.000427512 0.000388246 0.00077939 0.000634581 0.000306454 0.000544218 0.000434284 0.000244436 0.000195276 0.000484968 0.000315229
threshold=-0.073966259599290721 4.1660000205039989 2.8219473361968999 -0.013540186062870439 0.10240409874407962 2.5500261783599858 3.2667838335037236 -0.026014838302258755 3.1382182836532597 -0.03966173037238243 0.011945068355391887 0.019073583377898769 48.793476404015045 0.017511437899978031 0.022041363702308022
decision_type=2 2 2 2 2 2 2 2 2 2 2 2 2 2 2
left_child=-1 2 3 -2 8 7 -7 -6 9 -3 -10 -5 14 -14 -4
right_child=1 4 12 11 5 6 -8 -9 10 -11 -12 -13 13 -15 -16
leaf_value=0.0001315385687145844 0 0.00011611529839580359 -5.8362197084087021e-05 0 -6.7938566065371998e-05 4.8704378713749603e-05 0 0 -6.6235187139215533e-05 -1.1177757249017755e-05 0 0.00015476989721327944 8.8789267451151957e-05 0 0
leaf_weight=34 27 29 103 32 150 399 1046 609 247 892 209 58 69 127 37
leaf_count=34 27 29 103 32 150 399 1046 609 247 892 209 58 69 127 37
internal_value=5.34086e-08 -3.14368e-07 2.40354e-05 7.9905e-05 -4.23296e-06 2.81982e-06 1.30276e-05 -1.26611e-05 -1.76994e-05 -3.90047e-06 -3.89851e-05 0.000114038 0 2.34983e-05 -2.19446e-05
internal_weight=4068 4034 453 117 3581 2204 1445 759 1377 921 456 90 336 196 140
internal_count=4068 4034 453 117 3581 2204 1445 759 1377 921 456 90 336 196 140
is_linear=0
shrinkage=0.03


Tree=79
num_leaves=12
num_cat=0
split_feature=32 33 24 25 19 28 5 0 29 22 24
split_gain=0.000636513 0.00062364 0.000933243 0.000416234 0.000614225 0.000615364 0.000515868 0.000453712 0.000406444 0.000373318 0.000322492
threshold=-0.056250085204911864 -0.053470220858956079 -0.038736910809670067 -0.012280365090859198 5.5840000629425059 6916473569.000001 476538228.50000006 2.0787149667739873 11.996567902129529 63.462694684215357 -0.041569559692871121
decision_type=2 2 2 2 2 2 2 2 2 2 2
left_child=10 2 -2 4 7 -6 8 -3 -5 -8 -1
right_child=1 3 -4 6 5 -7 9 -9 -10 -11 -12
leaf_value=0.00020710028767057537 0 -7.0912249575727728e-06 -0.00020277461579856063 6.9968078026993481e-05 -4.3597905538857213e-05 2.3528322167301421e-05 0 4.2933730960216709e-05 -1.2123428265630211e-05 8.6540392912485799e-05 0
leaf_weight=20 23 90 34 46 247 194 66 665 2569 86 28
leaf_count=20 23 90 34 46 247 194 66 665 2569 86 28
internal_value=5.45659e-08 -5.03138e-07 -9.92255e-05 1.62275e-07 1.56426e-05 -7.26864e-06 -5.44505e-06 3.29974e-05 -9.52957e-06 4.5061e-05 0.000109036
internal_weight=4068 4020 57 3963 1196 441 2767 755 2615 152 48
internal_count=4068 4020 57 3963 1196 441 2767 755 2615 152 48
is_linear=0
shrinkage=0.03


Tree=80
num_leaves=17
num_cat=0
split_feature=25 33 32 23 22 30 24 31 23 23 33 7 30 32 36 22
split_gain=0.000616921 0.000362163 0.000709982 0.000877568 0.000776205 0.00058237 0.000573239 0.000521845 0.000633358 0.000643949 0.000498643 0.000433208 0.000416533 0.000711247 0.000524588 0.000351924
threshold=-0.073966259599290721 0.012744664212143377 0.012964429018979652 -0.090682720636482181 54.333190975823179 53.466056211653232 -0.070620489870070483 -0.0053908346964566803 0.017979395182564421 -0.032006602115012932 0.040956081118376682 -1.0000000180025095e-35 70.7478579854277 0.010649629281747177 0.0019979702994228584 61.367639032042511
decision_type=2 2 2 2 2 2 2 2 2 2 2 2 2 2 2 2
left_child=-1 7 4 10 5 -3 -5 8 9 -2 -4 -10 14 -14 -9 -6
right_child=1 2 3 6 15 -7 -8 12 11 -11 -12 -13 13 -15 -16 -17
leaf_value=0.00012757103786396841 9.3833173248990994e-06 0.000176840928621367 -0.00017925251757462075 9.4797955632022442e-05 -2.1383810866114232e-05 1.3005944247002782e-05 0 -2.9057493897537793e-05 -7.41013424129165e-06 -4.6403138630781214e-05 0 4.8837316626804176e-05 -1.8715349697819262e-05 -0.00017315910373901021 6.0128885166639729e-06 4.1816242205724641e-05
leaf_weight=34 431 65 38 59 131 98 660 645 57 272 27 404 249 46 705 147
leaf_count=34 431 65 38 59 131 98 660 645 57 272 27 404 249 46 705 147
internal_value=6.5833e-08 -2.68302e-07 1.25187e-05 -1.01939e-06 4.33824e-05 9.68009e-05 4.59694e-06 -6.9129e-06 6.64109e-06 -7.93791e-06 -0.000109139 3.53764e-05 -1.83271e-05 -5.30147e-05 -8.52181e-06 1.25046e-06
internal_weight=4068 4034 1225 784 441 163 719 2809 1164 703 65 461 1645 295 1350 278
internal_count=4068 4034 1225 784 441 163 719 2809 1164 703 65 461 1645 295 1350 278
is_linear=0
shrinkage=0.03


Tree=81
num_leaves=20
num_cat=0
split_feature=3 23 26 21 21 23 22 23 2 26 21 3 0 21 5 5 34 30 22
split_gain=0.000640861 0.00132164 0.000361671 0.000433704 0.000697929 0.000601438 0.00105988 0.000574121 0.000570939 0.000555792 0.000335485 0.000257718 0.000504497 0.000740486 0.000431067 0.000235694 0.000164038 0.000139694 8.9398e-05
threshold=3.7350000143051152 -0.083916348330467891 0.096544493839315265 5.1950833241144823 5.4125000158945733 0.079595495400421004 41.74215852398661 0.08509966776834689 5.1250000000000009 0.11231308297202387 3.7256666660308841 5.0850000381469735 3.0351039171218877 4.1490833441416433 231016453.50000003 261652358.00000003 0.029411774924709925 65.450697368125347 50.026159106015164
decision_type=2 2 2 2 2 2 2 2 2 2 2 2 2 2 2 2 2 2 2
left_child=1 -1 11 5 9 6 -4 -7 -6 -5 -3 12 15 -14 17 -2 -16 -13 -12
right_child=2 10 3 4 8 7 -8 -9 -10 -11 18 14 13 -15 16 -17 -18 -19 -20
leaf_value=0.0002206033251160908 0 9.337542720447471e-05 -1.5275251381956164e-05 0 0.00011724076402927271 -0.00014422046883861666 5.7100335176089105e-05 0 0 -8.9683097528400559e-05 -4.266779983328364e-05 -3.0050225628517265e-05 7.6103587219259812e-06 -5.6642619130905998e-05 -0.00011227103252495919 4.6812762706189084e-05 0 1.7505319620077867e-05 0
leaf_weight=36 310 31 187 129 38 27 555 186 1392 142 61 115 187 319 83 143 33 71 23
leaf_count=36 310 31 187 129 38 27 555 186 1392 142 61 115 187 319 83 143 33 71 23
internal_value=4.492e-08 6.12768e-05 -1.55119e-06 3.85121e-06 -3.7892e-06 2.06e-05 3.48179e-05 -1.48446e-05 2.62506e-06 -4.86902e-05 0 -1.53084e-05 -4.03525e-06 -2.69725e-05 -4.11625e-05 1.49648e-05 -8.80364e-05 0 -1.913e-05
internal_weight=4068 151 3917 2656 1701 955 742 213 1430 271 115 1261 959 506 302 453 116 186 84
internal_count=4068 151 3917 2656 1701 955 742 213 1430 271 115 1261 959 506 302 453 116 186 84
is_linear=0
shrinkage=0.03


Tree=82
num_leaves=20
num_cat=0
split_feature=3 0 26 31 34 2 31 31 35 5 35 34 31 31 26 32 31 23 23
split_gain=0.000607188 0.00128912 0.000344379 0.000840895 0.00060923 0.00101383 0.000485363 0.00067274 0.000561394 0.000502919 0.000655353 0.000430017 0.000299849 0.000671621 0.000616781 0.000170962 0.000247639 7.57111e-05 1.61523e-05
threshold=3.7350000143051152 2.7766529321670537 0.13324223808850783 -0.010700927861038765 -0.069823495087000628 5.6208624839782724 -0.018202509546002717 -0.028781703934558419 0.018867927614726117 262542772.50000003 0.010309299072705853 -0.011555106668862057 -0.0016792703004687712 0.021213965127311777 0.15384975519789068 0.0027210908243306968 0.010836225600178719 0.0062526032883303282 0.0032418803313127857
decision_type=2 2 2 2 2 2 2 2 2 2 2 2 2 2 2 2 2 2 2
left_child=1 -1 6 4 -4 -6 7 18 -9 11 -11 -8 14 -14 -5 17 -17 -3 -2
right_child=2 15 3 12 5 -7 9 8 -10 10 -12 -13 13 -15 -16 16 -18 -19 -20
leaf_value=0.00026541296186899431 0 -3.4965541780886438e-05 0 0 0.00016887542560395564 0 4.7176790320451349e-06 0 -0.00012038412775833109 -7.2605461065378504e-05 2.2192833773898488e-05 -2.2369993387828762e-05 3.632711286813871e-05 -4.7195927970281473e-05 -0.00011008315960541883 0.00010999757899486018 0 0 2.5647332450918574e-05
leaf_weight=24 26 56 32 89 84 93 619 40 115 59 935 1321 318 99 65 31 20 20 22
leaf_count=24 26 56 32 89 84 93 619 40 115 59 935 1321 318 99 65 31 20 20 22
internal_value=1.97657e-08 5.96421e-05 -1.51426e-06 1.52271e-05 6.69655e-05 9.16007e-05 -6.63357e-06 -5.23851e-05 -8.65863e-05 -2.44393e-06 1.35414e-05 -1.2181e-05 0 9.29882e-06 -3.89511e-05 0 5.47934e-05 -2.42419e-06 0
internal_weight=4068 151 3917 780 209 177 3137 203 155 2934 994 1940 571 417 154 127 51 76 48
internal_count=4068 151 3917 780 209 177 3137 203 155 2934 994 1940 571 417 154 127 51 76 48
is_linear=0
shrinkage=0.03


Tree=83
num_leaves=17
num_cat=0
split_feature=32 19 28 22 32 4 5 7 28 4 22 27 25 5 36 32
split_gain=0.000583887 0.000371048 0.00152909 0.0015358 0.00151344 0.000426911 0.000742228 0.000421103 0.000437526 0.000435957 0.000389634 0.00074402 0.000622742 0.000215383 2.82316e-06 4.52013e-08
threshold=-0.062057450894363923 4.5930000305175787 407564444.50000006 41.416170592703054 0.036705217589033119 4.6549999713897714 285020053.50000006 -1.0000000180025095e-35 6777282112.000001 4.9649999141693124 32.037726957927369 0.18294053586524833 -0.026014838302258755 371184257.00000006 0.0064935262645422443 -0.013540186062870439
decision_type=2 2 2 2 2 2 2 2 2 2 2 2 2 2 2 2
left_child=-1 2 10 15 -5 6 14 8 -7 -9 12 -12 -2 -8 -3 -4
right_child=1 5 3 4 -6 7 13 9 -10 -11 11 -13 -14 -15 -16 -17
leaf_value=0.0001279197368020394 0 -6.8531532744933387e-06 0 0.00042410134745537613 0 -8.0044286525419447e-05 -0.00023137558345308161 2.5089328079704493e-05 0 -5.7976804552441813e-06 -7.0866054403445204e-05 4.3948992516146842e-06 0.00012435570445865283 0 0 1.1437110302646342e-06
leaf_weight=32 40 54 20 24 23 124 25 506 34 2195 133 717 58 20 32 31
leaf_count=32 40 54 20 24 23 124 25 506 34 2195 133 717 58 20 32 31
internal_value=3.23935e-08 -2.41432e-07 1.43086e-05 0.000127325 0.000251221 -6.33513e-06 -6.06267e-05 -2.79616e-06 -5.03841e-05 0 0 -3.85918e-06 5.8699e-05 -0.000159675 0 0
internal_weight=4068 4036 1046 98 47 2990 131 2859 158 2701 948 850 98 45 86 51
internal_count=4068 4036 1046 98 47 2990 131 2859 158 2701 948 850 98 45 86 51
is_linear=0
shrinkage=0.03


Tree=84
num_leaves=13
num_cat=0
split_feature=23 5 33 28 30 29 1 36 33 36 3 30
split_gain=0.000571556 0.000434645 0.000477011 0.000559312 0.000537048 0.00059567 0.00038718 0.000421366 0.000382157 0.000345134 0.000663919 0.000379661
threshold=-0.23925160948150778 476538228.50000006 -0.057212620211721958 972234313.00000012 37.357412515639744 30.848276682593291 5.9549999237060556 -1.0000000180025095e-35 -0.030059054878820764 -0.012207508631842046 4.6849999427795419 69.192035780047632
decision_type=2 2 2 2 2 2 2 2 2 2 2 2
left_child=-1 2 3 -2 5 -4 9 -8 -6 10 -3 -11
right_child=1 6 4 -5 8 -7 7 -9 -10 11 -12 -13
leaf_value=0.00012279058469301005 0 0 0 -0.00019257534513431973 3.6875889045827085e-05 4.5228733254570399e-05 0.00023149879690982509 0 -1.3754263663189088e-05 8.4572216999782471e-05 -0.00018830128851582976 0
leaf_weight=34 20 20 920 26 114 375 20 29 2366 75 20 49
leaf_count=34 20 20 920 26 114 375 20 29 2366 75 20 49
internal_value=3.8771e-08 -2.55183e-07 -3.31306e-06 -0.000100384 -1.33291e-06 1.33616e-05 4.04979e-05 0.000119227 -1.02159e-05 0 -5.35907e-05 3.9686e-05
internal_weight=4068 4034 3821 46 3775 1295 213 49 2480 164 40 124
internal_count=4068 4034 3821 46 3775 1295 213 49 2480 164 40 124
is_linear=0
shrinkage=0.03


Tree=85
num_leaves=20
num_cat=0
split_feature=3 23 26 21 21 32 22 22 26 20 32 33 26 35 27 21 1 22 29
split_gain=0.000565851 0.00120251 0.000319725 0.000385962 0.000662089 0.000734113 0.000572396 0.00120003 0.000530421 0.00049168 0.000370279 0.000396767 0.000428555 0.000343254 0.000331799 0.000319632 0.00013119 9.07067e-05 2.06474e-06
threshold=3.7350000143051152 -0.083916348330467891 0.096544493839315265 5.1950833241144823 5.4125000158945733 -0.032663673220800431 59.255220193543657 53.080811147732469 0.11231308297202387 4.6417500257492081 -0.0058997050023670275 -0.025234013209484037 0.085365091317687034 0.027857219470978318 0.9423127993276017 3.7256666660308841 4.2650001049041757 50.026159106015164 56.240167445244431
decision_type=2 2 2 2 2 2 2 2 2 2 2 2 2 2 2 2 2 2 2
left_child=1 -1 10 6 8 -6 7 -4 -5 -8 11 16 -13 14 -12 -3 -2 -17 -15
right_child=2 15 3 4 5 -7 9 -9 -10 -11 13 12 -14 18 -16 17 -18 -19 -20
leaf_value=0.0002094776462927276 0 9.047683077966165e-05 3.2550926659973186e-06 0 9.4550101393579535e-05 -1.3970745907951219e-07 -6.7553887411858524e-05 9.8684075809509893e-05 -8.730227781286234e-05 7.1362573165999631e-06 -4.1494664939568562e-05 0 6.2479572561978606e-05 3.4426558844430678e-05 0 -4.3330764093222132e-05 -6.6553734636309899e-05 0 0
leaf_weight=36 29 31 483 129 75 1355 100 198 142 174 680 168 151 23 124 61 62 23 24
leaf_count=36 29 31 483 129 75 1355 100 198 142 174 680 168 151 23 124 61 62 23 24
internal_value=7.56664e-08 5.76305e-05 -1.37861e-06 3.65184e-06 -3.4698e-06 2.73505e-06 1.94766e-05 3.5416e-05 -4.72662e-05 -9.19271e-06 -1.43524e-05 3.14403e-06 2.52936e-05 -2.63062e-05 -3.29381e-05 0 -4.15129e-05 -1.98336e-05 2.3277e-05
internal_weight=4068 151 3917 2656 1701 1430 955 681 271 274 1261 410 319 851 804 115 91 84 47
internal_count=4068 151 3917 2656 1701 1430 955 681 271 274 1261 410 319 851 804 115 91 84 47
is_linear=0
shrinkage=0.03


Tree=86
num_leaves=16
num_cat=0
split_feature=25 33 32 29 35 23 29 36 34 22 23 31 31 34 33
split_gain=0.000555901 0.000322519 0.000685085 0.00117876 0.000902477 0.00147155 0.000655041 0.000954893 0.00056083 0.000384396 0.000888662 0.000418335 0.000294683 0.000244892 0.000221229
threshold=-0.073966259599290721 0.012744664212143377 0.012964429018979652 82.139406272332792 0.046161010642381643 -0.090682720636482181 50.877170967820085 0.0052980175202570331 0.026064160199161693 47.018972838086064 -0.08526731527318486 -0.0050934022559568906 -0.0046171751071783498 0.031637836191283804 0.015775653403986793
decision_type=2 2 2 2 2 2 2 2 2 2 2 2 2 2 2
left_child=-1 6 3 8 5 -4 9 12 -3 10 -2 -11 -8 -9 -5
right_child=1 2 4 14 -6 -7 7 13 -10 11 -12 -13 -14 -15 -16
leaf_value=0.00012111883407699003 3.0323539143224949e-05 3.717688513837082e-05 -0.00015372641794706525 3.7394451490509382e-05 0.00016276241516029869 0 6.279072550210222e-06 -0.00010059433065646771 0.00018075380466729538 5.5582480000519045e-05 -2.4655213961068989e-05 0 -2.8648816343174839e-05 0 -3.0721844311661993e-05
leaf_weight=34 353 187 60 43 27 697 370 173 64 222 856 459 338 38 147
leaf_count=34 353 187 60 43 27 697 370 173 64 222 856 459 338 38 147
internal_value=1.07455e-07 -1.71789e-07 1.18567e-05 4.22458e-05 -1.41431e-06 -1.12532e-05 -6.4856e-06 -2.75718e-05 8.5791e-05 2.18114e-06 -6.12033e-06 2.13223e-05 -6.16054e-06 -8.5168e-05 0
internal_weight=4068 4034 1225 441 784 757 2809 919 251 1890 1209 681 708 211 190
internal_count=4068 4034 1225 441 784 757 2809 919 251 1890 1209 681 708 211 190
is_linear=0
shrinkage=0.03


Tree=87
num_leaves=19
num_cat=0
split_feature=3 0 33 32 30 32 22 31 26 0 19 26 36 19 21 36 30 19
split_gain=0.000535499 0.00119296 0.000299009 0.000638266 0.000524393 0.000670542 0.000828995 0.000581774 0.000438386 0.00155278 0.000396454 0.000348418 0.000297664 0.000396136 0.000270948 0.000259641 0.000182897 4.30701e-05
threshold=3.7350000143051152 2.7935962677001958 0.01605960851599331 0.01845328238460409 62.365364119638109 0.01845328238460409 51.286031293633243 -0.001888573939795468 0.14098426744556303 1.9127405285835268 5.5840000629425059 0.10557152947292769 0.0021482280999509267 4.7279999256134042 3.7256666660308841 0.02874258614741353 44.04301706839118 3.6790000677108767
decision_type=2 2 2 2 2 2 2 2 2 2 2 2 2 2 2 2 2 2
left_child=1 -1 3 8 5 6 -4 -7 10 -10 -2 -5 13 -6 -3 -14 -16 -18
right_child=2 14 4 11 12 7 -8 -9 9 -11 -12 -13 15 -15 16 -17 17 -19
leaf_value=0.00024368086266438421 0 8.7829656890365862e-05 0.00016853052064428188 0 8.1855762985465222e-05 -0.00013132600515911521 0 2.3175768340267543e-05 -0.00017193421612345919 4.8493248541612765e-05 -2.7754498151328549e-05 -0.0001176095597106091 -3.6606552365952506e-05 0 -5.919649597118088e-05 1.8363407531456078e-05 3.9298169238797092e-05 0
leaf_weight=26 1739 31 69 35 64 23 77 233 27 356 693 72 315 192 48 22 25 21
leaf_count=26 1739 31 69 35 64 23 77 233 27 356 693 72 315 192 48 22 25 21
internal_value=1.65882e-07 5.61364e-05 -1.22728e-06 -6.74232e-06 1.19529e-05 3.90458e-05 9.12503e-05 0 -2.89317e-06 2.50823e-05 -8.53319e-06 -7.98991e-05 -1.35889e-06 1.68799e-05 0 -2.41142e-05 -6.47566e-06 0
internal_weight=4068 151 3917 2922 995 402 146 256 2815 383 2432 107 593 256 125 337 94 46
internal_count=4068 151 3917 2922 995 402 146 256 2815 383 2432 107 593 256 125 337 94 46
is_linear=0
shrinkage=0.03


Tree=88
num_leaves=11
num_cat=0
split_feature=32 33 24 31 33 30 25 23 29 34
split_gain=0.000521217 0.000481412 0.000741184 0.000427747 0.000625905 0.000690691 0.000545566 0.000709351 0.000427587 0.000389744
threshold=-0.062057450894363923 -0.053470220858956079 -0.038736910809670067 -0.0053908346964566803 0.01605960851599331 62.867834644167594 0.00056732090935785189 0.1109243867221701 47.619070595922786 -0.011860484898257416
decision_type=2 2 2 2 2 2 2 2 2 2
left_child=-1 2 -2 6 8 -6 9 -8 -5 -3
right_child=1 3 -4 4 5 -7 7 -9 -10 -11
leaf_value=0.00012089922578916142 0 4.6812543653535091e-05 -0.00016555776893326134 -3.9141767757162372e-07 4.4554191953619944e-05 -4.0457641040790135e-06 -2.2866516837575512e-05 7.422976956435603e-05 -3.3209571782752053e-05 0
leaf_weight=32 28 524 40 1020 388 541 437 75 785 198
leaf_count=32 28 524 40 1020 388 541 437 75 785 198
internal_value=1.64121e-07 -5.28239e-08 -7.96514e-05 5.57209e-07 -5.25577e-06 1.30259e-05 1.58665e-05 -2.77348e-06 -1.63271e-05 3.3238e-05
internal_weight=4068 4036 68 3968 2734 929 1234 512 1805 722
internal_count=4068 4036 68 3968 2734 929 1234 512 1805 722
is_linear=0
shrinkage=0.03


Tree=89
num_leaves=19
num_cat=0
split_feature=3 0 27 27 26 30 0 35 33 33 22 26 21 0 30 28 19 32
split_gain=0.000503566 0.00111483 0.000312045 0.000523677 0.000469904 0.00040282 0.000512652 0.000980418 0.000735836 0.000490811 0.00069996 0.000398036 0.000249829 0.00019331 0.000133129 0.000126394 4.06763e-05 8.48724e-06
threshold=3.7350000143051152 2.7766529321670537 1.0281785935349981 1.096482659673047 0.099534809893592133 37.357412515639744 2.5736911296844487 0.015497210810086268 -0.024256493167270406 -0.02887337647297444 41.74215852398661 0.11760388351626125 3.7256666660308841 3.32476818561554 44.04301706839118 972234313.00000012 3.6790000677108767 0.033585213234090368
decision_type=2 2 2 2 2 2 2 2 2 2 2 2 2 2 2 2 2 2
left_child=1 -1 5 4 -4 6 8 -8 -2 11 -11 -7 -3 -6 -14 17 -16 -5
right_child=2 12 3 15 13 9 7 -9 -10 10 -12 -13 14 -15 16 -17 -18 -19
leaf_value=0.00024536276171447638 -6.6889482588316154e-05 8.4816626915719406e-05 0 0 0.00022763473853706361 0 -1.4226930878780467e-05 4.9779324108289583e-05 5.2747842930855575e-06 -7.4804887953792645e-05 -9.5433212904642551e-06 7.4083850170437958e-05 -4.9628698035110372e-05 0 3.8190472349747117e-05 -4.6940491398333734e-05 0 2.96011857701377e-05
leaf_weight=24 160 31 40 22 25 72 264 531 363 185 2064 97 49 27 25 47 22 20
leaf_count=24 160 31 40 22 25 72 264 531 363 185 2064 97 49 27 25 47 22 20
internal_value=1.2002e-07 5.44234e-05 -1.20883e-06 3.58242e-05 8.74123e-05 -3.80688e-06 8.25941e-06 2.47522e-05 -1.10758e-05 -1.16247e-05 -1.62486e-05 3.21415e-05 0 0.000147053 -3.40964e-06 0 0 1.53917e-05
internal_weight=4068 151 3917 181 92 3736 1318 795 523 2418 2249 169 127 52 96 89 47 42
internal_count=4068 151 3917 181 92 3736 1318 795 523 2418 2249 169 127 52 96 89 47 42
is_linear=0
shrinkage=0.03


Tree=90
num_leaves=12
num_cat=0
split_feature=23 5 24 23 31 27 26 34 36 35 21
split_gain=0.000502539 0.000383257 0.000530647 0.000584637 0.00077736 0.000367222 0.000330067 0.000283846 0.000228773 0.000200465 1.11176e-06
threshold=-0.23925160948150778 476538228.50000006 -0.16543031874497385 -0.083916348330467891 -0.012165949926298545 0.13894254470089715 0.14098426744556303 -0.069823495087000628 0.0021097119090189528 0.030396117369037537 5.6115833441416436
decision_type=2 2 2 2 2 2 2 2 2 2 2
left_child=-1 2 8 4 -4 10 9 -5 -2 -7 -3
right_child=1 5 3 7 -6 6 -8 -9 -10 -11 -12
leaf_value=0.00011517098222659828 -0.000123355722123057 -6.8862796777647381e-06 0.0001139870084527489 -0.00010197231895387005 1.8726105045314556e-06 5.1878264959412321e-05 0.00013525958453877346 -3.8969024923183354e-06 0 0 0
leaf_weight=34 47 21 86 30 345 68 51 3287 26 53 20
leaf_count=34 47 21 86 30 345 68 51 3287 26 53 20
internal_value=1.29925e-07 -9.88527e-08 -3.01719e-06 -6.45222e-07 3.12237e-05 3.81521e-05 6.10143e-05 -5.69138e-06 -8.3593e-05 4.86212e-06 0
internal_weight=4068 4034 3821 3748 431 213 172 3317 73 121 41
internal_count=4068 4034 3821 3748 431 213 172 3317 73 121 41
is_linear=0
shrinkage=0.03


Tree=91
num_leaves=15
num_cat=0
split_feature=25 20 0 28 34 0 5 0 25 23 23 35 24 29
split_gain=0.000517404 0.000284606 0.000435786 0.000315736 0.000294042 0.00103259 0.000399077 0.000464159 0.000421864 0.000194199 0.000301978 0.00022745 0.000127182 6.932e-05
threshold=-0.073966259599290721 4.1660000205039989 2.8219473361968999 -6828287345.499999 -0.073720119842869233 2.3105014562606816 476538228.50000006 4.2054102420806894 -0.012280365090859198 -0.046597098967170229 -0.090682720636482181 0.017790032335100986 -0.073826695342387547 54.49223391430629
decision_type=2 2 2 2 2 2 2 2 2 2 2 2 2 2
left_child=-1 2 3 13 5 -3 8 -8 -6 10 -4 -11 -5 -2
right_child=1 4 9 12 6 -7 7 -9 -10 11 -12 -13 -14 -15
leaf_value=0.00011685484499483481 4.889116999184733e-05 -0.00024757907077767397 0 0.00019555636110244552 8.8847096311443163e-06 0 6.591448452694601e-05 -1.8893226202744144e-05 -1.2875874559559013e-05 5.1734213032650199e-05 -7.9025329217917518e-05 0 0 0
leaf_weight=34 26 20 23 26 1087 34 161 20 2259 103 60 150 25 40
leaf_count=34 26 20 23 26 1087 34 161 20 2259 103 60 150 25 40
internal_value=1.07949e-07 -1.35248e-07 2.13891e-05 7.15509e-05 -3.69635e-06 -7.48013e-05 -1.75505e-06 3.99728e-05 -4.90999e-06 0 -3.5299e-05 1.67765e-05 0.000131502 0
internal_weight=4068 4034 453 117 3581 54 3527 181 3346 336 83 253 51 66
internal_count=4068 4034 453 117 3581 54 3527 181 3346 336 83 253 51 66
is_linear=0
shrinkage=0.03


Tree=92
num_leaves=16
num_cat=0
split_feature=23 33 29 24 27 26 24 31 27 21 31 23 36 36 23
split_gain=0.000480924 0.000373194 0.000849935 0.000589614 0.00135166 0.00065714 0.00054828 0.000547146 0.00050959 0.000402469 0.000631291 0.000371569 0.000443905 0.000420658 0.000367077
threshold=-0.23925160948150778 0.01605960851599331 81.879575305736026 -0.10126971362515612 0.35981410807721331 0.1504020345395399 -0.079419518143292719 -0.0053908346964566803 0.93250218405478336 5.1692499876022344 -0.018202509546002717 0.11322153774441636 0.0078921339860321734 -1.0000000180025095e-35 0.017373055745659286
decision_type=2 2 2 2 2 2 2 2 2 2 2 2 2 2 2
left_child=-1 7 3 5 -5 -3 -4 9 -8 10 -2 13 -13 -9 -11
right_child=1 2 6 4 -6 -7 8 11 -10 14 -12 12 -14 -15 -16
leaf_value=0.00011266939216388984 -1.4733754850871079e-05 -0.00010220615366040896 0.00010971726249725675 0.00021955560351711562 3.0246975350154647e-05 5.4828265191503859e-05 -6.367932433826497e-05 -3.2508201290167329e-05 0 -2.7605851259834125e-05 4.5274287010350857e-05 -0.00010347497712456135 0 0 1.7677919131352283e-05
leaf_weight=34 144 50 24 47 443 25 176 549 258 371 466 99 40 1126 216
leaf_count=34 144 50 24 47 443 25 176 549 258 371 466 99 40 1126 216
internal_value=1.31771e-07 -7.58461e-08 1.47714e-05 4.06993e-05 5.45674e-05 -9.9113e-06 -1.06671e-05 -6.11688e-06 -2.42589e-05 7.98169e-06 2.61911e-05 -1.70737e-05 -6.89636e-05 -1.09728e-05 -5.83262e-06
internal_weight=4068 4034 1023 565 490 75 458 3011 434 1197 610 1814 139 1675 587
internal_count=4068 4034 1023 565 490 75 458 3011 434 1197 610 1814 139 1675 587
is_linear=0
shrinkage=0.03


Tree=93
num_leaves=17
num_cat=0
split_feature=25 33 32 29 23 29 36 34 36 33 22 23 21 26 34 33
split_gain=0.000482707 0.000268859 0.000660045 0.00104997 0.000792809 0.000550009 0.000903722 0.000546681 0.000464766 0.000435793 0.000372045 0.000816925 0.000354829 0.000274761 0.000232021 0.000202296
threshold=-0.073966259599290721 0.012744664212143377 0.012964429018979652 82.139406272332792 -0.090682720636482181 50.877170967820085 0.0052980175202570331 0.02564105925880578 0.030705000350177581 0.040956081118376682 47.018972838086064 -0.08526731527318486 5.6814089099566152 0.10728181675391874 0.031637836191283804 0.015775653403986793
decision_type=2 2 2 2 2 2 2 2 2 2 2 2 2 2 2 2
left_child=-1 5 3 7 9 10 13 -3 -6 -4 11 -2 -12 -7 -8 -5
right_child=1 2 4 15 8 6 14 -9 -10 -11 12 -13 -14 -15 -16 -17
leaf_value=0.00011287842214734311 2.8482639518582167e-05 3.2729260248016033e-05 -0.00017017889729385654 3.8234304992816715e-05 0 5.6651426194067578e-06 -9.5978838920868058e-05 0.00017152397421765702 0.00010553795373155257 0 3.5205575877836986e-05 -2.4067236782394498e-05 -1.4154908400802617e-06 -2.9207465316109462e-05 0 -2.844963323527201e-05
leaf_weight=34 353 184 38 43 681 418 173 67 38 27 495 856 186 290 38 147
leaf_count=34 353 184 38 43 681 418 173 67 38 27 495 856 186 290 38 147
internal_value=1.34004e-07 -7.53605e-08 1.08432e-05 4.08018e-05 -2.18549e-06 -5.90511e-06 -2.5251e-05 8.1779e-05 2.90736e-06 -0.000104521 1.9153e-06 -6.24162e-06 2.08e-05 -4.38425e-06 -8.10217e-05 0
internal_weight=4068 4034 1225 441 784 2809 919 251 719 65 1890 1209 681 708 211 190
internal_count=4068 4034 1225 441 784 2809 919 251 719 65 1890 1209 681 708 211 190
is_linear=0
shrinkage=0.03


Tree=94
num_leaves=12
num_cat=0
split_feature=32 33 28 31 33 30 25 30 36 23 27
split_gain=0.000474229 0.000556303 0.00086057 0.0003303 0.000515109 0.000607711 0.000449605 0.000689293 0.000502864 0.000397358 0.000156052
threshold=-0.056250085204911864 -0.053470220858956079 972234313.00000012 -0.0053908346964566803 0.01605960851599331 62.867834644167594 0.00056732090935785189 72.742489298174235 -0.018126889674538862 0.11322153774441636 -0.087422558735633038
decision_type=2 2 2 2 2 2 2 2 2 2 2
left_child=10 2 -2 6 9 -6 8 -8 -3 -5 -1
right_child=1 3 -4 4 5 -7 7 -9 -10 -11 -12
leaf_value=0 0 -8.6327540584935633e-06 -0.00020247416900189357 -8.6470274340748961e-06 4.1443484366187691e-05 -4.0022553378894505e-06 -3.7017667941148214e-05 3.1763456392255403e-05 4.2478936255909961e-05 -6.7679646883445953e-05 0.00014465613749026012
leaf_weight=21 26 120 31 1666 388 541 299 212 600 137 27
leaf_count=21 26 120 31 1666 388 541 299 212 600 137 27
internal_value=1.32031e-07 -2.46982e-07 -9.36192e-05 3.4134e-07 -4.673e-06 1.17518e-05 1.39061e-05 -2.61193e-06 2.97942e-05 -1.47999e-05 9.4179e-05
internal_weight=4068 4020 57 3963 2732 929 1231 511 720 1803 48
internal_count=4068 4020 57 3963 2732 929 1231 511 720 1803 48
is_linear=0
shrinkage=0.03


Tree=95
num_leaves=10
num_cat=0
split_feature=0 25 34 24 30 0 33 32 22
split_gain=0.00046262 0.000361903 0.000311187 0.000460615 0.00124903 0.000856173 0.000357201 0.000780587 0.00044213
threshold=1.7643836140632632 0.07123884933832271 -0.031194118586148841 -0.068041454260747439 16.400764720357049 2.301033735275269 -0.0042689831777323875 -0.0032921979760481275 46.301498433820221
decision_type=2 2 2 2 2 2 2 2 2
left_child=-1 2 3 4 -2 -5 8 -8 -4
right_child=1 -3 6 5 -6 -7 7 -9 -10
leaf_value=0.00011049411115864745 0 0.00010594286125035643 -3.9343226262032343e-05 -7.5516767073014469e-05 0.00014720556108833218 2.3648427884944041e-05 4.183638959400934e-05 -6.477065758523933e-06 0
leaf_weight=34 72 28 539 100 79 357 356 1889 614
leaf_count=34 72 28 539 100 79 357 356 1889 614
internal_value=7.31624e-08 -1.16561e-07 -1.60935e-06 1.69823e-05 6.24838e-05 0 -5.81918e-06 0 -1.94573e-05
internal_weight=4068 4034 4006 608 151 457 3398 2245 1153
internal_count=4068 4034 4006 608 151 457 3398 2245 1153
is_linear=0
shrinkage=0.03


Tree=96
num_leaves=19
num_cat=0
split_feature=3 23 27 27 26 32 26 3 31 36 33 23 21 0 27 0 35 0
split_gain=0.000455556 0.00106794 0.000278446 0.000497646 0.000434603 0.000426557 0.000540291 0.000917425 0.000485153 0.000474984 0.000799883 0.000467593 0.000263941 0.000156723 8.84164e-05 1.69499e-05 1.73802e-05 2.11737e-06
threshold=3.7350000143051152 -0.083916348330467891 1.0281785935349981 1.096482659673047 0.099534809893592133 0.021074869706332103 0.13197203454650899 5.4821856021881112 -0.017839468735871385 0.0059113300475694807 0.047673188769766013 -0.087372818937493588 3.7256666660308841 3.32476818561554 0.64628906049154555 3.022836565971375 0.026845612526011049 2.4844835996627812
decision_type=2 2 2 2 2 2 2 2 2 2 2 2 2 2 2 2 2 2
left_child=1 -1 5 4 -4 6 8 -8 -2 10 -7 -11 -3 -6 -14 17 -17 -5
right_child=2 12 3 15 13 9 7 -9 -10 11 -12 -13 14 -15 -16 16 -18 -19
leaf_value=0.00019451560048109763 -5.0995225140276385e-05 8.0728656542384481e-05 0 0 0.00021737897993098808 -0.00011153607719253059 6.4194576497468675e-05 0 -1.1525174033706166e-06 -9.7684282257145305e-05 0 9.2336250326720353e-06 -4.3278024771138172e-05 0 0 -3.5805559395406678e-05 0 9.0826709162105125e-06
leaf_weight=36 205 31 40 20 25 127 294 375 2445 42 24 224 61 27 23 24 22 23
leaf_count=36 205 31 40 20 25 127 294 375 2445 42 24 224 61 27 23 24 22 23
internal_value=6.80307e-08 5.1756e-05 -1.15993e-06 3.3726e-05 8.42591e-05 -3.6539e-06 0 2.40275e-05 -6.14209e-06 -3.22489e-05 -7.54982e-05 0 0 0.000141626 -2.03608e-05 0 -1.81909e-05 0
internal_weight=4068 151 3917 181 92 3736 3319 669 2650 417 151 266 115 52 84 89 46 43
internal_count=4068 151 3917 181 92 3736 3319 669 2650 417 151 266 115 52 84 89 46 43
is_linear=0
shrinkage=0.03


Tree=97
num_leaves=16
num_cat=0
split_feature=25 20 0 32 28 27 33 2 27 25 23 23 26 31 22
split_gain=0.000436762 0.00025691 0.000416849 0.00045132 0.000757373 0.00038604 0.000553691 0.00054609 0.000514284 0.00048514 0.00017844 0.000274888 0.000155321 0.000132457 0.00010358
threshold=-0.073966259599290721 4.1660000205039989 2.8219473361968999 -0.013540186062870439 -6828287345.499999 0.0072685207278513639 -0.02887337647297444 4.6649999618530282 -0.035692410636258436 -0.012662210282133711 -0.046597098967170229 -0.090682720636482181 0.083094696959740588 -0.010405804001666628 29.505554386759226
decision_type=2 2 2 2 2 2 2 2 2 2 2 2 2 2 2
left_child=-1 2 3 -2 -5 8 7 -7 14 -8 11 -4 -12 -10 -3
right_child=1 5 10 4 -6 6 9 -9 13 -11 12 -13 -14 -15 -16
leaf_value=0.00010736210913536659 0 -4.2806710285984614e-05 0 0 0.00021087697596469589 0 1.3293812015709011e-05 6.9645024207772453e-05 0 -1.2429824139618489e-05 4.2593266614311449e-05 -7.5900405404694869e-05 0 -0.00015987914486757963 7.3109619129942683e-06
leaf_weight=34 27 48 23 53 37 64 843 191 33 2269 111 60 142 38 95
leaf_count=34 27 48 23 53 37 64 843 191 33 2269 111 60 142 38 95
internal_value=6.028e-08 -1.03077e-07 2.03053e-05 6.92758e-05 0.00010366 -3.52298e-06 -1.35745e-07 4.13149e-05 -4.27794e-05 -4.49745e-06 0 -3.44859e-05 1.56219e-05 -0.000109639 0
internal_weight=4068 4034 453 117 90 3581 3367 255 214 3112 336 83 253 71 143
internal_count=4068 4034 453 117 90 3581 3367 255 214 3112 336 83 253 71 143
is_linear=0
shrinkage=0.03


Tree=98
num_leaves=18
num_cat=0
split_feature=32 2 28 24 28 20 1 4 24 36 31 0 32 32 35 24 28
split_gain=0.000420218 0.000271693 0.000681518 0.00121937 0.000844395 0.000561875 0.00051156 0.000462064 0.000593153 0.000447739 0.00042015 0.000409201 0.00031826 0.000508894 0.000326348 0.000241402 0.000129396
threshold=-0.056250085204911864 5.1150000095367441 495561526.50000006 0.06318724910911111 2036193434.5000002 4.6417500257492081 5.3250000476837167 5.6050000190734872 0.066544847123693587 0.009615436931100391 -0.0094831833392696723 3.6513006687164311 0.018240496274228527 0.0023952106907336739 0.016128967871699179 -0.041569559692871121 4833008416.500001
decision_type=2 2 2 2 2 2 2 2 2 2 2 2 2 2 2 2 2
left_child=15 2 12 4 -4 -5 9 8 -8 10 -3 -9 13 -2 -14 -1 -11
right_child=1 6 3 5 -6 -7 7 11 -10 16 -12 -13 14 -15 -16 -17 -18
leaf_value=0.00017208202196451928 -8.6899050821015872e-06 0 0.00012172154699394269 0 1.3312871782331161e-05 -0.00011467758337724469 0 -2.6369794418306784e-05 7.978512146322775e-05 5.0815122941314776e-05 -7.2639052746764036e-05 5.4564219609868307e-06 0 3.1920440493824372e-05 -5.6870824584236988e-05 0 0
leaf_weight=20 786 87 159 41 239 51 374 720 126 45 263 488 42 398 178 28 23
leaf_count=20 786 87 159 41 239 51 374 720 126 45 263 488 42 398 178 28 23
internal_value=5.66174e-08 -2.57051e-07 7.19539e-06 3.80231e-05 6.41774e-05 -4.24962e-05 -8.3073e-06 0 2.3187e-05 -3.81066e-05 -5.37137e-05 -1.10302e-05 -1.4289e-06 2.42918e-06 -3.58142e-05 8.86423e-05 0
internal_weight=4068 4020 1894 490 398 92 2126 1708 500 418 350 1208 1404 1184 220 48 68
internal_count=4068 4020 1894 490 398 92 2126 1708 500 418 350 1208 1404 1184 220 48 68
is_linear=0
shrinkage=0.03


Tree=99
num_leaves=18
num_cat=0
split_feature=3 23 27 27 32 34 24 33 27 29 27 35 21 2 28 22 32
split_gain=0.000412109 0.000997089 0.000272201 0.000477413 0.000385805 0.000516789 0.000477255 0.000420991 0.00120523 0.00049852 0.000357568 0.00029845 0.00024964 0.000230352 0.000121594 8.85053e-05 6.2017e-06
threshold=3.7350000143051152 -0.083916348330467891 1.0281785935349981 1.096482659673047 0.021074869706332103 0.0042964959664891786 -0.05573707413952244 0.012972997880415506 0.64229358601793762 50.877170967820085 0.3719959695175053 0.013640775665733204 3.7256666660308841 4.8450000286102304 972234313.00000012 50.026159106015164 0.033585213234090368
decision_type=2 2 2 2 2 2 2 2 2 2 2 2 2 2 2 2 2
left_child=1 -1 4 11 7 6 -6 9 -9 -2 -7 -4 -3 -13 16 -14 -5
right_child=2 12 3 14 5 10 -8 8 -10 -11 -12 13 15 -15 -16 -17 -18
leaf_value=0.00018713803179521175 2.3037580227826909e-06 7.7938580072025974e-05 0 0 -0.00023479178577340989 9.5009121002625913e-05 0 7.9594593735636689e-05 -1.2766073011682162e-06 -2.4111323377601742e-05 -2.1667444245491187e-05 0 -4.3462280097312963e-05 0.00014877761826044629 -4.6215875646704503e-05 0 2.677967716720816e-05
leaf_weight=36 1799 31 20 22 23 20 45 219 417 884 329 22 61 50 47 23 20
leaf_count=36 1799 31 20 22 23 20 45 219 417 884 329 22 61 50 47 23 20
internal_value=1.09775e-07 4.92743e-05 -1.02085e-06 3.35098e-05 -3.49761e-06 -3.06928e-05 -0.00011132 0 2.18624e-05 -5.282e-06 -6.36228e-06 8.29053e-05 0 0.000111827 0 -2.06209e-05 1.4485e-05
internal_weight=4068 151 3917 181 3736 417 68 3319 636 2683 349 92 115 72 89 84 42
internal_count=4068 151 3917 181 3736 417 68 3319 636 2683 349 92 115 72 89 84 42
is_linear=0
shrinkage=0.03


Tree=100
num_leaves=9
num_cat=0
split_feature=0 5 28 33 28 34 25 27
split_gain=0.000407269 0.000416579 0.000774524 0.000301333 0.000546227 0.000434154 0.00058984 0.0005859
threshold=1.7643836140632632 650641957.00000012 1857250649.5000002 -0.053470220858956079 972234313.00000012 -0.031194118586148841 0.0057363168428838695 0.18618145709176367
decision_type=2 2 2 2 2 2 2 2
left_child=-1 3 -3 4 -2 6 -5 -7
right_child=1 2 -4 5 -6 7 -8 -9
leaf_value=0.00010368268367427446 0 0.00016222224419412814 0 3.7497998588138622e-05 -0.00014302961757465255 -3.9404299178241863e-05 -6.3332769542980428e-05 0
leaf_weight=34 33 40 30 487 38 391 39 2976
leaf_count=34 33 40 30 487 38 391 39 2976
internal_value=9.94178e-08 -3.25074e-08 7.14834e-05 -2.05397e-06 -6.36252e-05 -1.58837e-07 2.4309e-05 -4.87284e-06
internal_weight=4068 4034 70 3964 71 3893 526 3367
internal_count=4068 4034 70 3964 71 3893 526 3367
is_linear=0
shrinkage=0.03


Tree=101
num_leaves=15
num_cat=0
split_feature=23 33 29 32 24 27 32 35 28 24 0 24 20 0
split_gain=0.000397838 0.000324279 0.000751614 0.00102277 0.000506178 0.000466968 0.000414114 0.000359209 0.000354499 0.000321144 0.000302736 0.000298925 0.000268863 0.000244833
threshold=-0.23925160948150778 0.01605960851599331 81.879575305736026 0.01845328238460409 -0.079419518143292719 0.93250218405478336 0.01845328238460409 0.010176348190427753 640541819.00000012 -0.16543031874497385 2.3943353891372685 -0.078542718115512958 4.742749965190888 2.152673721313477
decision_type=2 2 2 2 2 2 2 2 2 2 2 2 2 2
left_child=-1 6 3 13 -4 -6 7 8 -2 -9 -8 -5 -12 -3
right_child=1 2 4 11 5 -7 10 9 -10 -11 12 -13 -14 -15
leaf_value=0.00010247037821118869 -8.560398701473012e-05 0.00021326136276005235 0.00010519981737870768 -5.7700521678279961e-05 -6.0945865014937642e-05 0 0 -7.1212733950391547e-05 0 1.9061873167738093e-06 0 1.6406864904816771e-05 -0.00013766184243019998 5.2157631333547468e-05
leaf_weight=34 90 30 24 60 176 258 33 55 113 2643 26 256 51 219
leaf_count=34 90 30 24 60 176 258 33 55 113 2643 26 256 51 219
internal_value=6.28153e-08 -5.91708e-08 1.37241e-05 3.81895e-05 -9.91003e-06 -2.32092e-05 -5.73871e-06 -2.48533e-06 -4.09878e-05 0 -6.42109e-05 0 -9.70651e-05 8.36889e-05
internal_weight=4068 4034 1023 565 458 434 3011 2901 203 2698 110 316 77 249
internal_count=4068 4034 1023 565 458 434 3011 2901 203 2698 110 316 77 249
is_linear=0
shrinkage=0.03


Tree=102
num_leaves=12
num_cat=0
split_feature=32 33 28 31 31 24 25 27 36 24 24
split_gain=0.000394452 0.000525451 0.000794696 0.000303118 0.000470172 0.000626509 0.00040405 0.000662377 0.000480526 0.000389792 0.000207106
threshold=-0.056250085204911864 -0.053470220858956079 972234313.00000012 -0.0053908346964566803 -0.0015990502681376138 0.11915599032388911 0.00056732090935785189 0.5103670510516225 -0.018126889674538862 0.018870136264756542 -0.041569559692871121
decision_type=2 2 2 2 2 2 2 2 2 2 2
left_child=10 2 -2 6 9 -6 8 -8 -3 -5 -1
right_child=1 3 -4 4 5 -7 7 -9 -10 -11 -12
leaf_value=0.00016409301581278218 0 -9.0497441668201806e-06 -0.0001954376702181923 -5.0832734117615822e-05 5.9587435687774109e-06 -6.149054357499156e-05 -5.5423706391933216e-05 1.544094671996004e-05 4.0896683168805858e-05 0 0
leaf_weight=20 26 120 31 320 2044 130 168 343 600 238 28
leaf_count=20 26 120 31 320 2044 130 168 343 600 238 28
internal_value=6.10671e-08 -2.19602e-07 -9.09827e-05 3.31128e-07 -4.43761e-06 5.42913e-07 1.33509e-05 -1.99361e-06 2.84061e-05 -2.9214e-05 8.58887e-05
internal_weight=4068 4020 57 3963 2732 2174 1231 511 720 558 48
internal_count=4068 4020 57 3963 2732 2174 1231 511 720 558 48
is_linear=0
shrinkage=0.03


Tree=103
num_leaves=18
num_cat=0
split_feature=3 23 27 27 32 34 30 33 27 29 35 27 21 2 28 22 32
split_gain=0.00038243 0.00091475 0.00025006 0.000449604 0.000357948 0.000490055 0.000590781 0.000375947 0.0011029 0.000466258 0.000281389 0.000278267 0.000231866 0.000215394 0.000115562 8.32123e-05 5.16938e-06
threshold=3.7350000143051152 -0.083916348330467891 1.0281785935349981 1.096482659673047 0.021074869706332103 0.0042964959664891786 37.19388242282421 0.012972997880415506 0.64229358601793762 50.877170967820085 0.013640775665733204 0.50717342717323521 3.7256666660308841 4.8450000286102304 972234313.00000012 50.026159106015164 0.033585213234090368
decision_type=2 2 2 2 2 2 2 2 2 2 2 2 2 2 2 2 2
left_child=1 -1 4 10 7 11 -7 9 -9 -2 -4 -6 -3 -12 16 -14 -5
right_child=2 12 3 14 5 6 -8 8 -10 -11 13 -13 15 -15 -16 -17 -18
leaf_value=0.00017950877237280085 2.2274904603630582e-06 7.5263609616676368e-05 0 0 -0.0001490499767690606 6.8802978432785811e-05 -3.0562636067629912e-05 7.588070060761508e-05 -1.2698821567679596e-06 -2.3287312479483192e-05 0 0 -4.1926040858893998e-05 0.00014385857713279107 -4.5314222313967901e-05 0 2.4376888957079628e-05
leaf_weight=36 1799 31 20 22 47 57 292 219 417 884 22 21 61 50 47 23 20
leaf_count=36 1799 31 20 22 47 57 292 219 417 884 22 21 61 50 47 23 20
internal_value=2.72935e-08 4.74352e-05 -1.03557e-06 3.19689e-05 -3.43834e-06 -2.96354e-05 -5.72528e-06 0 2.05876e-05 -5.06162e-06 8.00196e-05 -0.000108109 0 0.000108129 0 -1.96613e-05 1.31605e-05
internal_weight=4068 151 3917 181 3736 417 349 3319 636 2683 92 68 115 72 89 84 42
internal_count=4068 151 3917 181 3736 417 349 3319 636 2683 92 68 115 72 89 84 42
is_linear=0
shrinkage=0.03


Tree=104
num_leaves=16
num_cat=0
split_feature=23 33 27 24 31 21 31 21 5 35 36 28 30 35 3
split_gain=0.0003672 0.000295877 0.00061423 0.0012361 0.00044092 0.00035446 0.000583268 0.000355977 0.000342777 0.000446481 0.00031207 0.000557639 0.000336825 0.000225225 6.89536e-05
threshold=-0.23925160948150778 0.01605960851599331 0.3719959695175053 -0.10126971362515612 -0.0053908346964566803 5.1692499876022344 -0.018202509546002717 5.4858333746592214 419721673.50000006 0.030074282452870638 0.0017668469994192449 6916473569.000001 16.131694512910951 0.015124472790709522 5.2349998950958261
decision_type=2 2 2 2 2 2 2 2 2 2 2 2 2 2 2
left_child=-1 4 3 -3 5 6 -2 -7 13 -10 11 -6 -12 -4 -5
right_child=1 2 8 14 10 7 -8 -9 9 -11 12 -13 -14 -15 -16
leaf_value=9.844422248216711e-05 -1.4885018125603717e-05 0 1.6092956205110556e-05 0.00024679530360301736 -4.1295350458038258e-05 -4.3705414944121424e-05 4.270835333626978e-05 3.0994067966667263e-06 9.3954594795214331e-05 0 -5.7901972412846493e-05 1.4636672929696416e-05 1.4395965392918613e-06 -1.6239416592494173e-05 0
leaf_weight=34 144 28 258 31 696 176 466 411 81 79 90 117 911 524 22
leaf_count=34 144 28 258 31 696 176 466 411 81 79 90 117 911 524 22
internal_value=3.25259e-08 -5.56826e-08 1.30714e-05 9.42021e-05 -5.51228e-06 6.96606e-06 2.41951e-05 -5.82926e-06 2.9016e-06 4.42916e-05 -1.54e-05 -2.95557e-05 -9.04357e-07 -1.73569e-06 0.000185753
internal_weight=4068 4034 1023 81 3011 1197 610 587 942 160 1814 813 1001 782 53
internal_count=4068 4034 1023 81 3011 1197 610 587 942 160 1814 813 1001 782 53
is_linear=0
shrinkage=0.03


Tree=105
num_leaves=11
num_cat=0
split_feature=25 34 5 1 31 4 26 21 31 3
split_gain=0.000391329 0.000286611 0.000332061 0.000329845 0.000445095 0.000317574 0.000743384 0.000318316 0.00031439 0.000285671
threshold=-0.073966259599290721 -0.073720119842869233 476538228.50000006 5.9549999237060556 0.013448652696495535 5.6050000190734872 0.13197203454650899 5.4815000216166192 -0.013589604704023593 4.6749999523162851
decision_type=2 2 2 2 2 2 2 2 2 2
left_child=-1 8 5 9 -5 6 -3 -7 -2 -4
right_child=1 2 3 4 -6 7 -8 -9 -10 -11
leaf_value=0.00010163033626860739 -0.0001363205676418297 -7.4785273955235723e-07 6.9623764518587035e-05 0.00020730141282698452 0 -6.58347897272567e-05 4.7565613068181273e-05 -6.1780761975178761e-06 0 -1.2239295170695316e-05
leaf_weight=34 29 2342 50 23 22 115 312 1016 30 95
leaf_count=34 29 2342 50 23 22 115 312 1016 30 95
internal_value=7.18894e-08 -4.29195e-08 1.83734e-07 3.94098e-05 0.000114581 -9.93751e-07 3.80305e-06 -1.49015e-05 -6.60491e-05 0
internal_weight=4068 4034 3975 190 45 3785 2654 1131 59 145
internal_count=4068 4034 3975 190 45 3785 2654 1131 59 145
is_linear=0
shrinkage=0.03


Tree=106
num_leaves=12
num_cat=0
split_feature=32 33 28 26 31 21 31 25 5 31 27
split_gain=0.000372781 0.000491491 0.000758039 0.000313487 0.00102313 0.00121463 0.000429977 0.000533343 0.000455499 0.000312448 0.000134454
threshold=-0.056250085204911864 -0.053470220858956079 972234313.00000012 0.13324223808850783 -0.010700927861038765 6.5454999804496774 -0.018202509546002717 -0.00076548088162402262 262542772.50000003 0.019860973493060711 -0.087422558735633038
decision_type=2 2 2 2 2 2 2 2 2 2 2
left_child=10 2 -2 6 5 -5 7 -3 -8 -6 -1
right_child=1 3 -4 4 9 -7 8 -9 -10 -11 -12
leaf_value=0 0 0 -0.0001901477664541393 0.0001325613745268381 9.7562805108503939e-06 0 -8.3303282180977503e-06 -0.00010773111785441984 1.634695052446869e-05 -4.7407413000023891e-05 0.00012976190218112578
leaf_weight=21 26 116 31 129 449 44 2037 77 1005 106 27
leaf_count=21 26 116 31 129 449 44 2037 77 1005 106 27
internal_value=2.88994e-08 -2.23484e-07 -8.80039e-05 2.84272e-07 1.87006e-05 8.24047e-05 -2.93322e-06 -4.63484e-05 0 0 8.34926e-05
internal_weight=4068 4020 57 3963 728 173 3235 193 3042 555 48
internal_count=4068 4020 57 3963 728 173 3235 193 3042 555 48
is_linear=0
shrinkage=0.03


Tree=107
num_leaves=11
num_cat=0
split_feature=25 34 31 31 26 21 31 31 24 24
split_gain=0.000366217 0.000268295 0.000297625 0.000267615 0.000452413 0.000822504 0.000568235 0.00043934 0.000454217 0.000370073
threshold=-0.073966259599290721 -0.073720119842869233 -0.013589604704023593 -0.0053908346964566803 0.13197203454650899 5.1692499876022344 -0.018202509546002717 -0.0015990502681376138 0.11915599032388911 0.018870136264756542
decision_type=2 2 2 2 2 2 2 2 2 2
left_child=-1 2 -2 4 6 -6 -3 9 -9 -5
right_child=1 3 -4 7 5 -7 -8 8 -10 -11
leaf_value=9.8307871659521193e-05 -0.00013229779623083999 -4.1714117106718651e-05 0 -4.9623677735247747e-05 0.00014431764499641021 1.6618900886498153e-06 1.425519520689725e-05 5.2215351143124679e-06 -5.2139761602588094e-05 0
leaf_weight=34 29 202 30 317 64 202 786 2033 130 241
leaf_count=34 29 202 30 317 64 202 786 2033 130 241
internal_value=0 -9.70755e-08 -6.39197e-05 9.71149e-08 1.22496e-05 4.73004e-05 0 -4.40123e-06 3.84874e-07 -2.83259e-05
internal_weight=4068 4034 59 3975 1254 266 988 2721 2163 558
internal_count=4068 4034 59 3975 1254 266 988 2721 2163 558
is_linear=0
shrinkage=0.03


Tree=108
num_leaves=17
num_cat=0
split_feature=32 5 32 0 23 30 23 23 5 30 31 32 29 23 30 23
split_gain=0.000365952 0.000856805 0.000491924 0.000774396 0.000477722 0.000328639 0.000457687 0.000263795 0.000220348 0.000610659 0.000362451 0.000160223 0.000359692 0.000130807 0.00018284 5.32137e-05
threshold=-0.0337160615067904 340923040.00000006 -0.025351723543983958 1.7643836140632632 0.068181477468416865 52.575683442779727 0.039066920760782782 -0.12921240768228956 413852945.50000006 65.040486629435961 0.006191951066089719 -0.028453245382942912 24.392268843363198 -0.064910666235851164 51.663411297161566 -0.019991893022197168
decision_type=2 2 2 2 2 2 2 2 2 2 2 2 2 2 2 2
left_child=1 13 5 -4 7 11 -7 -3 10 -10 -5 15 -13 -1 -15 -2
right_child=2 4 3 8 -6 6 -8 -9 9 -11 -12 12 -14 14 -16 -17
leaf_value=1.5538684278308362e-05 3.4892461837806914e-05 0.00010451541215713534 0.00018627832643687721 2.7620435443709136e-06 0.00025025114423355771 -0.00017895937188776141 0 0 7.1020377856001758e-05 -1.3539693820693692e-06 -1.7800659960240203e-05 -0.00011671957540082745 0 -9.0991283690956411e-05 0 0
leaf_weight=34 42 23 20 2327 24 36 30 45 143 139 1055 34 20 33 33 30
leaf_count=34 42 23 20 2327 24 36 30 45 143 139 1055 34 20 33 33 30
internal_value=0 4.10127e-05 -1.26847e-06 3.70497e-07 0.000109 -4.83169e-05 -0.00010611 1.47998e-05 0 2.47241e-05 -2.76572e-06 0 -5.10223e-05 0 -4.06997e-05 6.83041e-06
internal_weight=4068 192 3876 3684 92 192 66 68 3664 282 3382 126 54 100 66 72
internal_count=4068 192 3876 3684 92 192 66 68 3664 282 3382 126 54 100 66 72
is_linear=0
shrinkage=0.03


Tree=109
num_leaves=20
num_cat=0
split_feature=3 0 26 32 27 35 0 24 21 23 20 19 0 5 5 21 30 19 29
split_gain=0.000362013 0.000944076 0.000234393 0.00035477 0.000446444 0.000388042 0.000319639 0.000556531 0.000285921 0.000683448 0.000685122 0.000561128 0.000504668 0.000398565 0.000285625 0.000187132 0.000143014 2.38311e-05 2.34116e-06
threshold=3.7350000143051152 2.7766529321670537 0.096544493839315265 0.0081816052870521423 0.9423127993276017 0.027857219470978318 3.0630956888198857 1.0000000180025095e-35 5.0926666378974925 0.076336834333341499 4.964499998092653 4.828000020980836 1.9503872990608218 589471183.50000012 145478181.00000003 3.7256666660308841 44.04301706839118 3.6790000677108767 84.251691432155468
decision_type=2 2 2 2 2 2 2 2 2 2 2 2 2 2 2 2 2 2 2
left_child=1 -1 3 6 5 -5 14 -8 9 10 -4 -11 -10 -14 -2 -3 -17 -18 -6
right_child=2 15 8 4 18 -7 7 -9 12 11 -12 -13 13 -15 -16 16 17 -19 -20
leaf_value=0.00022047424236316371 -1.6750056669057221e-05 7.2757976057920883e-05 1.6557516935858693e-05 -7.1509557829713136e-05 6.7606120366351072e-06 0 -6.010037595063849e-05 0 -0.00015165908345535618 -0.00010475839179845023 0.0001213501215560129 0 -3.0273815049259081e-06 7.6815307005050087e-05 2.8927435570212927e-05 -5.1947244323679583e-05 2.923185625428934e-05 0 0
leaf_weight=24 89 31 565 246 46 20 190 200 20 55 85 140 1733 58 399 49 25 22 71
leaf_count=24 89 31 565 246 46 20 190 200 20 55 85 140 1733 58 399 49 25 22 71
internal_value=2.92066e-09 4.61492e-05 -1.01128e-06 -1.22139e-05 -3.6394e-05 -5.84538e-05 0 -2.18225e-05 3.17823e-06 1.80734e-05 3.48924e-05 -2.26024e-05 -2.11591e-06 0 1.44489e-05 0 -6.27525e-06 0 0
internal_weight=4068 151 3917 1261 383 266 878 390 2656 845 650 195 1811 1791 488 127 96 47 117
internal_count=4068 151 3917 1261 383 266 878 390 2656 845 650 195 1811 1791 488 127 96 47 117
is_linear=0
shrinkage=0.03


Tree=110
num_leaves=16
num_cat=0
split_feature=32 36 26 32 0 30 23 30 29 25 36 29 32 29 26
split_gain=0.000344693 0.000483148 0.000677354 0.000466212 0.000726188 0.000310982 0.000429031 0.000203523 0.000559391 0.000401313 0.000200039 0.000147382 0.000353181 0.000138484 6.46485e-05
threshold=-0.0337160615067904 -0.0023121396515452405 0.12105725463966562 -0.025351723543983958 1.7643836140632632 52.575683442779727 0.039066920760782782 37.357412515639744 33.615555597627385 0.0092137968285488699 -0.028985514185675427 22.622809515260034 -0.028453245382942912 25.998932235954737 0.1117038916864541
decision_type=2 2 2 2 2 2 2 2 2 2 2 2 2 2 2
left_child=1 2 -1 5 -5 11 -7 8 -6 -9 -4 12 -2 -3 -13
right_child=3 13 10 4 7 6 -8 9 -10 -11 -12 14 -14 -15 -16
leaf_value=0 0 -7.6856415451755853e-05 0 0.00018040284714244525 0 -0.00017379335553283412 0 -1.9459705042921094e-05 4.4473941690715463e-05 3.648689094845767e-06 0.00016086475454450485 0 -0.00011325709272552924 0 4.8664731696157928e-05
leaf_weight=67 42 21 20 20 902 36 30 1105 309 1348 59 20 34 25 30
leaf_count=67 42 21 20 20 902 36 30 1105 309 1348 59 20 34 25 30
internal_value=2.38065e-08 3.98377e-05 7.11548e-05 -1.1754e-06 3.99775e-07 -4.70004e-05 -0.000103219 0 9.44004e-06 -5.53835e-06 0.000130608 0 -3.96342e-05 0 1.61708e-05
internal_weight=4068 192 146 3876 3684 192 66 3664 1211 2453 79 126 76 46 50
internal_count=4068 192 146 3876 3684 192 66 3664 1211 2453 79 126 76 46 50
is_linear=0
shrinkage=0.03


Tree=111
num_leaves=18
num_cat=0
split_feature=3 36 24 27 27 26 30 33 23 23 33 22 30 5 26 22 36
split_gain=0.000343266 0.000858214 0.00109709 0.000218703 0.000426913 0.000474265 0.000287302 0.000484996 0.000781976 0.000416782 0.00057996 0.000488 0.000362924 0.000207675 3.93647e-05 1.33469e-05 8.29491e-05
threshold=3.7350000143051152 -0.0058982349751343375 -0.063001132253417427 1.0281785935349981 1.0834092568311189 0.099534809893592133 37.357412515639744 -0.025597348842542608 0.02502482537515727 0.022136330772603911 0.0036199089523475396 59.255220193543657 17.175249126651728 419721673.50000006 0.11195816871421764 48.793476404015045 0.005568463616493523
decision_type=2 2 2 2 2 2 2 2 2 2 2 2 2 2 2 2 2
left_child=1 2 -1 6 5 -5 7 12 -9 10 -8 -11 -2 -7 -6 16 -3
right_child=3 15 -4 4 14 13 9 8 -10 11 -12 -13 -14 -15 -16 -17 -18
leaf_value=0.00029900443061351675 -5.9015432338172238e-05 -4.7693908765479385e-05 0 0 2.6640250776993536e-06 0 -4.5671628206006559e-05 3.467762273961568e-05 -2.2213280953795489e-05 2.4207729865577305e-05 0 -1.355568384358544e-05 0 0.00024013978750583951 -2.8172506985245077e-05 0 0
leaf_weight=23 137 38 34 35 60 22 544 776 235 522 627 725 170 20 44 32 24
leaf_count=23 137 38 34 35 60 22 544 776 235 522 627 725 170 20 44 32 24
internal_value=2.38385e-08 4.49614e-05 0.000137392 -9.43732e-07 2.98294e-05 8.41038e-05 -3.23835e-06 6.74027e-06 1.84858e-05 -9.91818e-06 -2.28783e-05 0 -2.21642e-05 0.000151963 0 0 -1.39081e-05
internal_weight=4068 151 57 3917 181 77 3736 1318 1011 2418 1171 1247 307 42 104 94 62
internal_count=4068 151 57 3917 181 77 3736 1318 1011 2418 1171 1247 307 42 104 94 62
is_linear=0
shrinkage=0.03


Tree=112
num_leaves=10
num_cat=0
split_feature=25 34 0 5 0 0 22 4 1
split_gain=0.00032281 0.000265285 0.000925458 0.000269953 0.000424608 0.000780514 0.000349917 0.000318916 7.64411e-05
threshold=-0.073966259599290721 -0.073720119842869233 2.2751930952072148 476538228.50000006 4.2054102420806894 2.845230340957642 74.379172156598358 5.6050000190734872 6.0050001144409189
decision_type=2 2 2 2 2 2 2 2 2
left_child=-1 2 -2 6 5 -5 7 -3 -8
right_child=1 3 -4 4 -6 -7 8 -9 -10
leaf_value=9.2303581123412344e-05 -0.00023089141039344576 6.2249221424337465e-06 0 0 -2.2230726682386393e-05 0.00011698905683791752 -8.2971772468800746e-05 -1.2998347878642242e-05 0
leaf_weight=34 20 2606 39 74 20 96 56 1101 22
leaf_count=34 20 2606 39 74 20 96 56 1101 22
internal_value=2.12162e-08 -1.51812e-08 -6.35439e-05 1.74638e-07 3.55753e-05 6.00218e-05 -8.10722e-07 0 -6.3751e-05
internal_weight=4068 4034 59 3975 190 170 3785 3707 78
internal_count=4068 4034 59 3975 190 170 3785 3707 78
is_linear=0
shrinkage=0.03


Tree=113
num_leaves=22
num_cat=0
split_feature=3 0 26 25 25 0 25 1 35 25 0 20 33 26 26 36 22 35 24 35 23
split_gain=0.00032557 0.000859613 0.000213545 0.000410606 0.000734047 0.000689291 0.000327606 0.0002548 0.000406616 0.000532595 0.000456687 0.000359967 0.000314099 0.000248836 0.000153783 0.000141075 8.57848e-05 0.000216765 0.000107694 4.61911e-05 2.579e-05
threshold=3.7350000143051152 2.7766529321670537 0.096544493839315265 0.0070950037061164048 0.0015766290536969217 2.7766529321670537 0.017465491159935165 5.5713350772857675 0.016594346884740881 -0.0061574850341702394 2.5736911296844487 5.5374298453330999 0.0040120841818722672 0.078534829792423877 0.077691585627944967 0.0021097119090189528 48.793476404015045 0.021604592436501816 -0.096337890667885159 0.019012095455231016 -0.038345239154387471
decision_type=2 2 2 2 2 2 2 2 2 2 2 2 2 2 2 2 2 2 2 2 2
left_child=1 -1 3 4 13 -6 14 8 9 -4 -10 19 -13 -2 -5 -8 18 -18 -3 -9 -20
right_child=2 16 7 6 5 -7 15 11 10 -11 -12 12 -14 -15 -16 -17 17 -19 20 -21 -22
leaf_value=0.00021003093667428227 2.2231675799207093e-05 0 7.6075206872462106e-05 0 0 -0.00013463380325286754 0 -0.00010171288928412024 -1.6995563537284422e-05 0 2.1974614539931872e-05 -1.58458635823885e-05 1.6077073504783266e-05 -1.9348430132894378e-05 4.7771302318067946e-05 -3.5215877367873747e-05 0.00011626834017241983 0 -6.9348866324519271e-05 0 0
leaf_weight=24 134 22 183 58 73 99 130 39 540 223 528 613 498 459 182 126 20 21 25 32 39
leaf_count=24 134 22 183 58 73 99 130 39 540 223 528 613 498 459 182 126 20 21 25 32 39
internal_value=0 4.37694e-05 -9.50802e-07 -1.16682e-05 -2.63072e-05 -8.26617e-05 4.86382e-06 3.0083e-06 1.20598e-05 3.7803e-05 0 -5.74144e-06 0 -4.89226e-06 3.39761e-05 -1.07174e-05 0 4.31794e-05 -2.58843e-06 -7.14465e-05 -3.90011e-05
internal_weight=4068 151 3917 1261 765 172 496 2656 1474 406 1068 1182 1111 593 240 256 127 41 86 71 64
internal_count=4068 151 3917 1261 765 172 496 2656 1474 406 1068 1182 1111 593 240 256 127 41 86 71 64
is_linear=0
shrinkage=0.03


Tree=114
num_leaves=11
num_cat=0
split_feature=32 33 24 31 32 5 25 31 24 25
split_gain=0.00032201 0.000391937 0.00062139 0.000284567 0.00040745 0.000723346 0.000449799 0.000400032 0.000539434 0.00033187
threshold=-0.062057450894363923 -0.053470220858956079 -0.038736910809670067 -0.0053908346964566803 -0.0337160615067904 340923040.00000006 0.00056732090935785189 -0.0015990502681376138 0.11915599032388911 0.019518070782294925
decision_type=2 2 2 2 2 2 2 2 2 2
left_child=-1 2 -2 4 5 -3 -6 9 -9 -5
right_child=1 3 -4 7 6 -7 -8 8 -10 -11
leaf_value=9.5015888898763973e-05 0 0 -0.000150748715877717 -3.9912596125818088e-05 2.2905189433789437e-05 0.00016892084160558611 -1.367996544193073e-05 5.4482731259393102e-06 -5.7156107370154623e-05 0
leaf_weight=32 28 65 40 443 651 42 476 2045 130 116
leaf_count=32 28 65 40 443 651 42 476 2045 130 116
internal_value=0 -4.97495e-08 -7.18978e-05 4.27269e-07 1.30277e-05 7.16799e-05 4.79153e-06 -4.16298e-06 3.24699e-07 -2.69867e-05
internal_weight=4068 4036 68 3968 1234 107 1127 2734 2175 559
internal_count=4068 4036 68 3968 1234 107 1127 2734 2175 559
is_linear=0
shrinkage=0.03


Tree=115
num_leaves=12
num_cat=0
split_feature=32 33 24 26 31 4 31 25 5 31 24
split_gain=0.000306305 0.000424646 0.000705972 0.000267954 0.000902406 0.0011321 0.000394822 0.000479041 0.000407763 0.000312624 0.000179181
threshold=-0.056250085204911864 -0.053470220858956079 -0.038736910809670067 0.13324223808850783 -0.010700927861038765 5.5911459922790536 -0.018202509546002717 -0.00076548088162402262 262542772.50000003 0.019860973493060711 -0.041569559692871121
decision_type=2 2 2 2 2 2 2 2 2 2 2
left_child=10 2 -2 6 5 -5 7 -3 -8 -6 -1
right_child=1 3 -4 4 9 -7 8 -9 -10 -11 -12
leaf_value=0.00014741526193805593 0 0 -0.00017273708877800294 0.00015895597631855019 9.5659693508038313e-06 0 -7.7566770346047943e-06 -0.00010248242498578524 1.5594313558784189e-05 -4.758698531354978e-05 0
leaf_weight=20 23 116 34 81 449 92 2037 77 1005 106 28
leaf_count=20 23 116 34 81 449 92 2037 77 1005 106 28
internal_value=0 -1.859e-07 -8.18037e-05 2.33064e-07 1.73073e-05 7.71481e-05 -2.68238e-06 -4.42801e-05 0 0 7.56861e-05
internal_weight=4068 4020 57 3963 728 173 3235 193 3042 555 48
internal_count=4068 4020 57 3963 728 173 3235 193 3042 555 48
is_linear=0
shrinkage=0.03


Tree=116
num_leaves=17
num_cat=0
split_feature=3 23 27 27 33 33 0 3 36 20 33 0 21 36 21 22
split_gain=0.000306515 0.000801461 0.000211191 0.000792672 0.000418972 0.000579324 0.000668148 0.000521315 0.00043878 0.000377752 0.000326365 0.000246836 0.000207014 0.000100614 0.000245586 8.24692e-05
threshold=3.7350000143051152 -0.083916348330467891 0.0072685207278513639 -0.035692410636258436 -0.017205373182346991 -0.0042689831777323875 1.9252896308898928 4.6749999523162851 -0.015963517599646041 4.318250000476838 -0.030059054878820764 2.5885571241378789 3.7256666660308841 -1.0000000180025095e-35 5.6424166679382335 50.026159106015164
decision_type=2 2 2 2 2 2 2 2 2 2 2 2 2 2 2 2
left_child=1 -1 3 13 8 6 -6 -7 11 -10 -5 -4 -3 14 -2 -14
right_child=2 12 4 10 5 7 -8 -9 9 -11 -12 -13 15 -15 -16 -17
leaf_value=0.0001659307606264154 0 6.9565688695708415e-05 -7.4463042501822735e-05 -0.00019338244010333108 -0.00018668360176506517 2.7069557997942561e-05 -1.7007822969703789e-05 -4.7246298930413974e-06 -2.0054241481719958e-06 4.5608978408698408e-05 0 0 -4.243603559851466e-05 -2.9399916224911737e-05 8.1607438756635224e-05 0
leaf_weight=36 78 31 45 32 27 609 725 1657 54 499 44 69 61 36 42 23
leaf_count=36 78 31 45 32 27 609 725 1657 54 499 44 69 61 36 42 23
internal_value=0 4.24768e-05 -9.08977e-07 -2.8859e-05 3.73478e-08 -3.88742e-06 -2.71127e-05 2.49719e-06 2.22909e-05 3.5536e-05 -0.000109154 -1.56416e-05 0 0 2.22299e-05 -2.06343e-05
internal_weight=4068 151 3917 232 3685 3018 752 2266 667 553 76 114 115 156 120 84
internal_count=4068 151 3917 232 3685 3018 752 2266 667 553 76 114 115 156 120 84
is_linear=0
shrinkage=0.03


Tree=117
num_leaves=17
num_cat=0
split_feature=32 5 23 32 0 30 23 23 4 2 28 32 29 23 30 23
split_gain=0.000297936 0.000746467 0.000462356 0.000432906 0.000686925 0.000284003 0.000395763 0.000215567 0.000178171 0.000594663 0.000528187 0.000137284 0.000320512 0.000121445 0.000164558 4.99911e-05
threshold=-0.0337160615067904 340923040.00000006 0.068181477468416865 -0.025351723543983958 1.7643836140632632 52.575683442779727 0.015147107720504318 -0.12921240768228956 5.0750000476837167 5.3150000572204599 495561526.50000006 -0.028453245382942912 24.392268843363198 -0.064910666235851164 51.663411297161566 -0.019991893022197168
decision_type=2 2 2 2 2 2 2 2 2 2 2 2 2 2 2 2
left_child=1 13 7 5 -5 11 -7 -3 10 -10 -6 15 -13 -1 -15 -2
right_child=3 2 -4 4 8 6 -8 -9 9 -11 -12 12 -14 14 -16 -17
leaf_value=1.2973934926269802e-05 3.3524033551700534e-05 9.2813528759719475e-05 0.00023629289731978443 0.00017542513709431929 -1.2508116528534025e-06 -0.00017990480889867571 0 0 -4.4654834562632187e-05 0 3.5033007329916196e-05 -0.00010961061897974383 0 -8.7195681070408059e-05 0 0
leaf_weight=34 42 23 24 20 1273 31 35 45 314 1635 442 34 20 33 33 30
leaf_count=34 42 23 24 20 1273 31 35 45 314 1635 442 34 20 33 33 30
internal_value=0 3.69763e-05 0.000100729 -1.19055e-06 2.96906e-07 -4.53332e-05 -9.9194e-05 8.55268e-06 0 -6.83798e-06 6.3528e-06 0 -4.73383e-05 0 -3.95818e-05 5.67564e-06
internal_weight=4068 192 92 3876 3684 192 66 68 3664 1949 1715 126 54 100 66 72
internal_count=4068 192 92 3876 3684 192 66 68 3664 1949 1715 126 54 100 66 72
is_linear=0
shrinkage=0.03


Tree=118
num_leaves=11
num_cat=0
split_feature=25 34 0 19 35 23 33 31 32 32
split_gain=0.000293484 0.000259434 0.000883694 0.00024449 0.00084099 0.000668004 0.000618379 0.000301569 0.0005213 0.000412386
threshold=-0.073966259599290721 -0.073720119842869233 2.2751930952072148 4.6029999256134042 0.027857219470978318 0.0026080414747111651 -0.0021715737892514238 0.012769900576686812 0.039291028824224312 0.011435126036372758
decision_type=2 2 2 2 2 2 2 2 2 2
left_child=-1 2 -2 4 6 -6 -3 8 -5 -9
right_child=1 3 -4 7 5 -7 -8 9 -10 -11
leaf_value=8.7998914052704965e-05 -0.00022624767496625875 -2.4912466168818809e-05 0 -7.651657695981461e-07 0.00012282223882737191 0 2.5601822089259749e-05 4.8127251936882082e-06 0.00014229626268943673 -4.3756367604390361e-05
leaf_weight=34 20 416 39 2453 102 63 455 109 23 354
leaf_count=34 20 416 39 2453 102 63 455 109 23 354
internal_value=0 -1.33333e-07 -6.28637e-05 4.46193e-08 1.32578e-05 7.54155e-05 0 -3.59261e-06 0 -2.58455e-05
internal_weight=4068 4034 59 3975 1036 165 871 2939 2476 463
internal_count=4068 4034 59 3975 1036 165 871 2939 2476 463
is_linear=0
shrinkage=0.03


Tree=119
num_leaves=18
num_cat=0
split_feature=3 0 27 27 26 0 4 19 23 30 36 36 5 21 30 26 19
split_gain=0.000285934 0.000796015 0.000204263 0.000406731 0.000443491 0.00029825 0.000459459 0.000637965 0.000323984 0.000283758 0.000270822 0.000203089 0.000171915 0.000167129 0.000175396 3.81362e-05 1.65912e-05
threshold=3.7350000143051152 2.7935962677001958 1.0281785935349981 1.0834092568311189 0.099534809893592133 3.6513006687164311 5.6050000190734872 5.4269999980926524 -0.0062313056856080342 16.131694512910951 0.0044297410748627359 0.011666938680285946 419721673.50000006 3.7256666660308841 44.04301706839118 0.11195816871421764 3.6790000677108767
decision_type=2 2 2 2 2 2 2 2 2 2 2 2 2 2 2 2 2
left_child=1 -1 5 4 -4 6 7 -2 9 -7 -10 -8 -6 -3 -15 -5 -16
right_child=2 13 3 15 12 8 11 -9 10 -11 -12 -13 -14 14 16 -17 -18
leaf_value=0.00019280883116612807 -7.8651255935117056e-06 6.7367854195353469e-05 0 2.0589625877219715e-06 0 0 -3.5706301984964758e-05 3.6555295231966774e-05 1.5978358437086248e-05 5.9152664353835615e-05 -3.1264616906882218e-05 0 0.00023065688871407578 -5.894557064340552e-05 2.4390654041027394e-05 -2.7794120563275321e-05 0
leaf_weight=26 2024 31 35 60 22 22 615 336 311 190 168 70 20 48 25 44 21
leaf_count=26 2024 31 35 60 22 22 615 336 311 190 168 70 20 48 25 44 21
internal_value=0 4.09888e-05 -9.42497e-07 2.87269e-05 8.17693e-05 -3.18361e-06 -7.85932e-06 -2.68449e-07 1.30779e-05 4.39549e-05 0 -2.9629e-05 0.000147396 0 -9.92601e-06 0 0
internal_weight=4068 151 3917 181 77 3736 3045 2360 691 212 479 685 42 125 94 104 46
internal_count=4068 151 3917 181 77 3736 3045 2360 691 212 479 685 42 125 94 104 46
is_linear=0
shrinkage=0.03


Tree=120
num_leaves=16
num_cat=0
split_feature=32 5 27 32 0 25 5 29 29 20 23 30 33 33 36
split_gain=0.000282796 0.000707367 0.000529338 0.000411878 0.000646752 0.000269356 0.000328166 0.000173554 0.000652294 0.000443299 0.000111824 0.000154791 5.4731e-05 0.000244671 2.67061e-06
threshold=-0.0337160615067904 340923040.00000006 1.0000000180025095e-35 -0.025351723543983958 1.7643836140632632 -0.0095735652766094845 289385026.50000006 49.659637809851013 57.340111893795502 5.7095169544219972 -0.064910666235851164 51.663411297161566 -0.039278741074804883 -0.027478356297115977 -0.018126889674538862
decision_type=2 2 2 2 2 2 2 2 2 2 2 2 2 2 2
left_child=1 10 14 5 -5 12 -7 9 -9 -6 -1 -12 -2 -14 -3
right_child=3 2 -4 4 7 6 -8 8 -10 -11 11 -13 13 -15 -16
leaf_value=1.1972214103274552e-05 -4.4299743947131448e-05 0 0.00016173923041782343 0.00017023524504898585 1.7274401914719572e-05 0 -0.00015684513137468722 -4.5117430725777184e-05 0 -1.5613726850712937e-05 -8.4271654360041325e-05 0 7.1830955376384566e-05 -8.1299470883160123e-06 1.0935235655616348e-05
leaf_weight=34 25 20 52 20 1209 43 37 330 1676 449 33 33 42 45 20
leaf_count=34 25 20 52 20 1209 43 37 330 1676 449 33 33 42 45 20
internal_value=0 3.60663e-05 9.81097e-05 -1.09374e-06 3.38473e-07 -4.4177e-05 -8.77891e-05 0 -6.50472e-06 6.55832e-06 0 -3.80608e-05 0 0 0
internal_weight=4068 192 92 3876 3684 192 80 3664 2006 1658 100 66 112 87 40
internal_count=4068 192 92 3876 3684 192 80 3664 2006 1658 100 66 112 87 40
is_linear=0
shrinkage=0.03


Tree=121
num_leaves=18
num_cat=0
split_feature=3 23 27 27 33 33 32 20 31 23 20 33 21 22 29 29 26
split_gain=0.000269297 0.000745563 0.000199331 0.00076231 0.000377246 0.000544692 0.000774775 0.000553618 0.000397384 0.000416933 0.000347461 0.000301022 0.000187759 8.04545e-05 6.1991e-05 0.000181178 0.000124225
threshold=3.7350000143051152 -0.083916348330467891 0.0072685207278513639 -0.035692410636258436 -0.017205373182346991 -0.0042689831777323875 -0.0032921979760481275 4.7739999890327462 -0.018202509546002717 0.07496381614942306 4.3272500038146982 -0.030059054878820764 3.7256666660308841 50.026159106015164 18.062378167094721 12.843016990410517 0.10924478691762772
decision_type=2 2 2 2 2 2 2 2 2 2 2 2 2 2 2 2 2
left_child=1 -1 3 14 8 7 -7 -6 9 -4 -10 -5 -3 -14 15 -2 -16
right_child=2 12 4 11 5 6 -8 -9 10 -11 -12 -13 13 -15 16 -17 -18
leaf_value=0.00015879789661420019 0 6.5291298928983518e-05 -5.6815899875483703e-05 -0.00018840573370134647 -5.8847752654136743e-05 4.3424629126389916e-05 -3.7428280853395752e-06 0 0 3.5635270597180548e-05 4.5261112508596907e-05 0 -4.220092208922075e-05 0 0 -6.4578088255875431e-05 8.0132599352676957e-05
leaf_weight=36 70 31 102 32 293 363 1903 459 53 44 468 44 61 23 21 39 26
leaf_count=36 70 31 102 32 293 363 1903 459 53 44 468 44 61 23 21 39 26
internal_value=0 3.97975e-05 -8.82305e-07 -2.80369e-05 1.39182e-08 -3.66785e-06 2.49085e-06 -2.62125e-05 2.11681e-05 -8.4147e-06 3.52152e-05 -0.000106831 0 -2.08057e-05 0 0 3.44172e-05
internal_weight=4068 151 3917 232 3685 3018 2266 752 667 146 521 76 115 84 156 109 47
internal_count=4068 151 3917 232 3685 3018 2266 752 667 146 521 76 115 84 156 109 47
is_linear=0
shrinkage=0.03


Tree=122
num_leaves=11
num_cat=0
split_feature=25 34 0 19 28 22 22 31 28 28
split_gain=0.000272007 0.000249628 0.00084027 0.000230946 0.00111531 0.00103137 0.000307558 0.000276796 0.000411711 0.000375405
threshold=-0.073966259599290721 -0.073720119842869233 2.2751930952072148 4.6029999256134042 351243130.00000006 41.416170592703054 60.979926966146969 0.012769900576686812 -1056479396.9999999 3201694462.5000005
decision_type=2 2 2 2 2 2 2 2 2 2
left_child=-1 2 -2 4 6 -6 -3 9 -9 -5
right_child=1 3 -4 7 5 -7 -8 8 -10 -11
leaf_value=8.4716755314047303e-05 -0.00022091827205896595 9.6197527609051745e-06 0 -1.1613931830323314e-05 0 0.00020291938204120084 -3.8866927359154431e-05 9.3147566993543375e-06 -4.2038703984000482e-05 1.1742827644316825e-05
leaf_weight=34 20 802 39 1192 49 51 134 97 366 1284
leaf_count=34 20 802 39 1192 49 51 134 97 366 1284
internal_value=0 -1.34648e-07 -6.16655e-05 2.54699e-08 1.28879e-05 0.000108384 0 -3.48811e-06 -2.48022e-05 0
internal_weight=4068 4034 59 3975 1036 100 936 2939 463 2476
internal_count=4068 4034 59 3975 1036 100 936 2939 463 2476
is_linear=0
shrinkage=0.03


Tree=123
num_leaves=16
num_cat=0
split_feature=32 5 27 32 0 30 23 35 5 5 32 29 23 30 23
split_gain=0.000272492 0.000672371 0.000485744 0.000399004 0.000613996 0.000256109 0.000372468 0.000168358 0.000323067 0.00028589 0.000125505 0.000303234 0.000105706 0.00014616 4.79912e-05
threshold=-0.0337160615067904 340923040.00000006 1.0000000180025095e-35 -0.025351723543983958 1.7643836140632632 52.575683442779727 0.015147107720504318 0.010679923281060514 170850428.50000003 261652358.00000003 -0.028453245382942912 24.392268843363198 -0.064910666235851164 51.663411297161566 -0.019991893022197168
decision_type=2 2 2 2 2 2 2 2 2 2 2 2 2 2 2
left_child=1 12 -3 5 -5 10 -7 8 -6 -9 14 -12 -1 -14 -2
right_child=3 2 -4 4 7 6 -8 9 -10 -11 11 -13 13 -15 -16
leaf_value=1.2061665881588323e-05 3.2689909927984982e-05 0 0.00015689978390778355 0.00016584646686522371 0 -0.00017288358783621902 0 -4.447315377509071e-06 -4.8907878165078589e-05 1.3274519131680171e-05 -0.00010612726184236338 0 -8.1844047236669896e-05 0 0
leaf_weight=34 42 40 52 20 164 31 35 2050 182 1268 34 20 33 33 30
leaf_count=34 42 40 52 20 164 31 35 2050 182 1268 34 20 33 33 30
internal_value=0 3.5366e-05 9.58081e-05 -1.13264e-06 2.63238e-07 -4.35191e-05 -9.4822e-05 0 -2.04556e-05 1.42129e-06 0 -4.53284e-05 0 -3.69352e-05 4.99268e-06
internal_weight=4068 192 92 3876 3684 192 66 3664 346 3318 126 54 100 66 72
internal_count=4068 192 92 3876 3684 192 66 3664 346 3318 126 54 100 66 72
is_linear=0
shrinkage=0.03


Tree=124
num_leaves=17
num_cat=0
split_feature=32 5 23 32 0 25 5 23 32 36 5 23 30 35 30 33
split_gain=0.000258431 0.000634638 0.000396582 0.000377639 0.000577906 0.000245092 0.000305987 0.000188889 0.000161032 0.000641073 0.000341302 9.8841e-05 0.000138184 4.97725e-05 0.000239451 4.93508e-05
threshold=-0.0337160615067904 340923040.00000006 0.068181477468416865 -0.025351723543983958 1.7643836140632632 -0.0095735652766094845 289385026.50000006 -0.12921240768228956 -0.010700927747405607 0.0018198794122274711 409991037.00000006 -0.064910666235851164 51.663411297161566 0.021829732079022023 23.849620396001662 -0.027478356297115977
decision_type=2 2 2 2 2 2 2 2 2 2 2 2 2 2 2 2
left_child=1 11 7 5 -5 13 -7 -3 9 -6 -10 -1 -13 15 -15 -2
right_child=3 2 -4 4 8 6 -8 -9 10 -11 -12 12 -14 14 -16 -17
leaf_value=1.1700872814545985e-05 3.4613196306292093e-05 8.6127779591683429e-05 0.00021889217125437379 0.00016089583542276128 0 0 -0.00015049171045352264 0 -7.906929542636958e-06 6.7963674358917055e-05 2.6728072469230018e-05 -7.9396143647085217e-05 0 -0.00011106292439086175 0 0
leaf_weight=34 37 23 24 20 606 43 37 45 2654 147 257 33 33 21 26 28
leaf_count=34 37 23 24 20 606 43 37 45 2654 147 257 33 33 21 26 28
internal_value=0 3.44496e-05 9.31506e-05 -1.09035e-06 2.45887e-07 -4.23331e-05 -8.39746e-05 4.46204e-06 0 1.16663e-05 -3.8178e-06 0 -3.57094e-05 0 -3.08281e-05 7.09406e-07
internal_weight=4068 192 92 3876 3684 192 80 68 3664 753 2911 100 66 112 47 65
internal_count=4068 192 92 3876 3684 192 80 68 3664 753 2911 100 66 112 47 65
is_linear=0
shrinkage=0.03


Tree=125
num_leaves=18
num_cat=0
split_feature=3 0 27 0 0 2 32 34 33 27 29 30 32 22 24 25 27
split_gain=0.000253083 0.00073678 0.000193216 0.000388293 0.000379394 0.000548298 0.000366809 0.00049577 0.000335508 0.000971506 0.000375726 0.000302545 8.51763e-05 0.000128127 7.25898e-05 1.05971e-05 3.17074e-05
threshold=3.7350000143051152 2.7935962677001958 1.0281785935349981 3.2787308692932133 2.5500261783599858 4.7950000762939462 0.021074869706332103 -0.006908517895970522 0.012972997880415506 0.64229358601793762 50.877170967820085 37.19388242282421 0.0027210908243306968 48.292905147545106 -0.046518659370855815 0.022144260888002115 1.096482659673047
decision_type=2 2 2 2 2 2 2 2 2 2 2 2 2 2 2 2 2
left_child=1 -1 6 4 -4 -6 8 14 10 -10 -2 -9 13 -3 -8 -5 -17
right_child=2 12 3 15 5 -7 7 11 9 -11 -12 -13 -14 -15 -16 16 -18
leaf_value=0.00018445224466401782 2.0319233978395194e-06 -4.8027062334994777e-05 0 0 0 0.00020016595820074735 -0.00020429700943317745 2.6149677268069978e-05 7.1659919178245602e-05 -1.6989288416073027e-07 -2.0784209563828214e-05 -2.927944699734373e-05 3.6260118497168338e-05 0 0 0 -3.6171606232378543e-05
leaf_weight=26 1799 54 50 21 21 33 20 77 219 417 884 300 51 20 20 27 29
leaf_count=26 1799 54 50 21 21 33 20 77 219 417 884 300 51 20 20 27 29
internal_value=0 3.8579e-05 -8.58385e-07 2.79831e-05 6.86969e-05 0.000124066 -3.05937e-06 -2.95859e-05 0 1.98551e-05 -4.36796e-06 -9.999e-06 0 -1.13064e-05 -0.000138894 0 -1.30386e-05
internal_weight=4068 151 3917 181 104 54 3736 417 3319 636 2683 377 125 74 40 77 56
internal_count=4068 151 3917 181 104 54 3736 417 3319 636 2683 377 125 74 40 77 56
is_linear=0
shrinkage=0.03


Tree=126
num_leaves=24
num_cat=0
split_feature=19 26 32 35 4 5 7 3 30 29 27 21 5 22 22 25 24 22 22 32 29 0 34
split_gain=0.00025085 0.00107462 0.000993234 0.00127821 0.000374146 0.000572545 0.000385367 0.000515059 0.000347984 0.000346554 0.000655841 0.000582556 0.000302681 0.000263468 0.000535074 0.000508464 0.000489823 0.000448868 0.00025783 0.000167141 0.000159914 3.91668e-05 2.5864e-06
threshold=4.5930000305175787 0.1151962336067842 0.049228880625704748 0.034346394194293729 4.6549999713897714 285020053.50000006 -1.0000000180025095e-35 5.4821856021881112 52.575683442779727 84.251691432155468 0.93542041910469143 5.0926666378974925 371184257.00000006 48.688386657527651 60.979926966146969 -0.00076548088162402262 0.033526860036656427 66.248221614273703 33.488584701814574 -0.010700927747405607 28.61259204852789 3.022836565971375 -0.017578590191225815
decision_type=2 2 2 2 2 2 2 2 2 2 2 2 2 2 2 2 2 2 2 2 2 2 2
left_child=1 13 3 8 5 21 7 19 -3 11 -11 -8 -7 15 16 20 -15 -16 -17 -6 -1 -2 -9
right_child=4 2 -4 -5 6 12 9 22 -10 10 -12 -13 -14 14 17 18 -18 -19 -20 -21 -22 -23 -24
leaf_value=-3.9501941704323753e-06 1.1354546224204248e-05 8.4594685507047702e-05 0 0.0003404691751541164 0 -0.00021563798865392446 3.2618745571879413e-05 9.8279028787003192e-06 0 -6.6608441224763983e-05 3.538671074638162e-07 -5.2818201056558311e-07 0 7.1211003541407354e-05 -6.9008752897452757e-05 0 0 1.7168131653839003e-05 -7.1411547963953819e-05 -0.00012952529989552632 3.3472818074485541e-05 -2.6499916784987381e-05 0
leaf_weight=203 44 51 21 27 24 25 584 24 20 182 195 1758 22 208 87 23 84 58 150 57 126 42 53
leaf_count=203 44 51 21 27 24 25 584 24 20 182 195 1758 22 208 87 23 84 58 150 57 126 42 53
internal_value=0 1.31316e-05 9.82471e-05 0.00014433 -3.79302e-06 -5.33928e-05 -4.55597e-07 -4.66442e-05 2.71732e-05 1.12672e-06 -2.40264e-05 6.45746e-06 -0.000137827 0 1.91803e-05 -1.23289e-05 4.5864e-05 -1.38745e-05 -5.55111e-05 -9.97858e-05 1.27207e-06 0 0
internal_weight=4068 1058 119 98 3010 133 2877 158 71 2719 377 2342 47 939 437 502 292 145 173 81 329 86 77
internal_count=4068 1058 119 98 3010 133 2877 158 71 2719 377 2342 47 939 437 502 292 145 173 81 329 86 77
is_linear=0
shrinkage=0.03


Tree=127
num_leaves=17
num_cat=0
split_feature=3 36 24 34 3 26 19 36 33 31 20 5 24 36 34 23
split_gain=0.00024137 0.000750974 0.000918091 0.000174466 0.000546421 0.000287435 0.000951567 0.000584035 0.000502127 0.000401631 0.000728952 0.000352075 1.86441e-05 9.19532e-05 3.2414e-06 2.36887e-06
threshold=3.7350000143051152 -0.0058982349751343375 -0.063001132253417427 -0.073720119842869233 4.2850000858306894 0.14098426744556303 4.7320000171661389 0.01091307645004033 -0.012239908560247091 -0.018202509546002717 4.6800000429153448 261652358.00000003 -0.024856150462764799 0.0025907193659190212 -0.0084728410660107039 -0.1088673550591832
decision_type=2 2 2 2 2 2 2 2 2 2 2 2 2 2 2 2
left_child=1 2 -1 4 -2 9 7 -7 -8 10 -5 -11 13 -3 -14 -6
right_child=3 12 -4 5 15 6 8 -9 -10 11 -12 -13 14 -15 -16 -17
leaf_value=0.00027257804877718898 -0.00017577023236566526 -6.7111573510485103e-05 0 -0.00013035294758953137 9.6069565405706224e-06 0.00018069003958265958 4.8085535297258035e-05 0 -1.683235852125133e-05 -7.9239912119841806e-06 0 1.3401497015185587e-05 0 0 1.2047292105158531e-05 0
leaf_weight=23 21 22 34 62 23 49 156 25 321 2017 157 1059 20 32 20 27
leaf_count=23 21 22 34 62 23 49 156 25 321 2017 157 1059 20 32 20 27
internal_value=0 3.76461e-05 0.000124848 -8.88165e-07 -4.74541e-05 0 2.00262e-05 0.000120583 0 -3.38124e-06 -4.26817e-05 0 0 -1.76114e-05 0 0
internal_weight=4068 151 57 3917 71 3846 551 74 477 3295 219 3076 94 54 40 50
internal_count=4068 151 57 3917 71 3846 551 74 477 3295 219 3076 94 54 40 50
is_linear=0
shrinkage=0.03


Tree=128
num_leaves=23
num_cat=0
split_feature=19 26 27 23 5 4 5 7 3 28 21 26 5 31 29 5 22 28 28 34 36 36
split_gain=0.000238556 0.000993348 0.000483097 0.000703394 0.000950405 0.000356422 0.000546676 0.000363521 0.000489589 0.00034606 0.000982173 0.000452445 0.000341051 0.000430166 0.000315929 0.000281559 0.000217924 0.000154853 5.47846e-06 2.34774e-06 1.49734e-06 3.05989e-05
threshold=4.5930000305175787 0.1151962336067842 0.60854330664457579 -0.046597098967170229 439282709.50000006 4.6549999713897714 285020053.50000006 -1.0000000180025095e-35 5.4821856021881112 351243130.00000006 4.5811666329701746 0.10625686177856829 589471183.50000012 0.013448652696495535 26.28060628195043 371184257.00000006 38.121968702697167 1857250649.5000002 -1176112119.9999998 -0.017578590191225815 0.0064935262645422443 -0.0043243252545545506
decision_type=2 2 2 2 2 2 2 2 2 2 2 2 2 2 2 2 2 2 2 2 2 2
left_child=1 9 3 4 -3 6 20 8 18 11 -11 14 13 -9 -1 -8 -13 -14 -7 -10 21 -2
right_child=5 2 -4 -5 -6 7 15 12 19 10 -12 16 17 -15 -16 -17 -18 -19 -20 -21 -22 -23
leaf_value=-2.8083783879796755e-05 0 0.00026967962802707277 0 0 0 0 -0.00021013571767589126 4.3112416540332859e-06 9.363481915735582e-06 0.00019549390370358631 0 0 0.00012215158924057403 -2.9526557975300361e-05 1.4176847688002027e-05 0 -0.00012335359152192203 0 -0.00012161789348683249 0 0 -2.9541622589516739e-05
leaf_weight=208 21 41 27 31 20 29 25 2250 24 31 40 22 30 396 598 22 40 43 52 53 32 33
leaf_count=208 21 41 27 31 20 29 25 2250 24 31 40 22 30 396 598 22 40 43 52 53 32 33
internal_value=0 1.27447e-05 9.46015e-05 0.000127647 0.000186874 -3.77236e-06 -5.22182e-05 -4.88317e-07 -4.53426e-05 0 6.54552e-05 -2.8058e-06 1.01641e-06 0 0 -0.000134728 -8.16531e-05 6.50954e-05 -9.71655e-05 0 0 -4.99094e-06
internal_weight=4068 1058 119 92 61 3010 133 2877 158 939 71 868 2719 2646 806 47 62 73 81 77 86 54
internal_count=4068 1058 119 92 61 3010 133 2877 158 939 71 868 2719 2646 806 47 62 73 81 77 86 54
is_linear=0
shrinkage=0.03


Tree=129
num_leaves=18
num_cat=0
split_feature=32 5 27 32 0 30 5 23 31 24 34 32 29 29 5 22 23
split_gain=0.000232722 0.000576702 0.000429962 0.000359711 0.000501864 0.000238875 0.000351653 0.000354554 0.000157111 0.000358385 0.000287235 0.000111748 0.000285349 8.93659e-05 0.000256475 4.82365e-05 4.61009e-05
threshold=-0.0337160615067904 340923040.00000006 1.0000000180025095e-35 -0.025351723543983958 1.7643836140632632 52.575683442779727 262542772.50000003 0.026221075462979252 -0.005886655653931371 0.11915599032388911 -0.009099180080090195 -0.028453245382942912 24.392268843363198 26.88742659041338 285020053.50000006 43.454542090652076 -0.019991893022197168
decision_type=2 2 2 2 2 2 2 2 2 2 2 2 2 2 2 2 2
left_child=1 13 -3 5 -5 11 -7 -8 10 -10 -6 16 -13 14 -1 -15 -2
right_child=3 2 -4 4 8 6 7 -9 9 -11 -12 12 -14 15 -16 -17 -18
leaf_value=0 3.2075055561862403e-05 0 0.00014601232193950242 0.00014992560714908087 2.6647327623163324e-05 0 -0.00024217977232834906 0 -3.6070191757150299e-07 -4.8206445602167021e-05 -1.726558230081679e-06 -0.00010211337196962944 0 4.003327277840614e-05 -0.0001160753791918978 0 0
leaf_weight=23 42 40 52 20 491 24 20 22 2559 160 454 34 20 27 23 27 30
leaf_count=23 42 40 52 20 491 24 20 22 2559 160 454 34 20 27 23 27 30
internal_value=0 3.26477e-05 8.86493e-05 -1.10073e-06 1.83234e-07 -4.13409e-05 -9.06607e-05 -0.000142907 0 -4.28117e-06 9.84284e-06 0 -4.2724e-05 0 -4.17642e-05 5.9803e-07 5.02709e-06
internal_weight=4068 192 92 3876 3684 192 66 42 3664 2719 945 126 54 100 46 54 72
internal_count=4068 192 92 3876 3684 192 66 42 3664 2719 945 126 54 100 46 54 72
is_linear=0
shrinkage=0.03


Tree=130
num_leaves=11
num_cat=0
split_feature=25 34 0 31 35 24 32 36 0 31
split_gain=0.00022582 0.000251922 0.000820388 0.000212623 0.0004347 0.000354256 0.000722325 0.000432159 0.000352913 0.000242983
threshold=-0.073966259599290721 -0.073720119842869233 2.2751930952072148 -0.0053908346964566803 0.040110776041661862 0.12177462941046001 -0.0038797283902902708 -0.018584222933925865 3.2839072942733769 -0.0015990502681376138
decision_type=2 2 2 2 2 2 2 2 2 2
left_child=-1 2 -2 5 9 7 -7 -3 -6 -5
right_child=1 3 -4 4 8 6 -8 -9 -10 -11
leaf_value=7.7171413933918348e-05 -0.00021913859541458424 -3.5547674611242902e-05 0 -2.4792861115185308e-05 0.00012662571276534501 0.0001341728921785799 0 1.3716543091337468e-05 0 -6.6281416428182603e-07
leaf_weight=34 20 173 39 557 39 61 22 998 24 2101
leaf_count=34 20 173 39 557 39 61 22 998 24 2101
internal_value=0 -1.97665e-07 -6.196e-05 0 -3.96416e-06 1.08853e-05 7.35757e-05 3.87429e-06 7.00136e-05 -6.84878e-06
internal_weight=4068 4034 59 3975 2721 1254 83 1171 63 2658
internal_count=4068 4034 59 3975 2721 1254 83 1171 63 2658
is_linear=0
shrinkage=0.03


Tree=131
num_leaves=17
num_cat=0
split_feature=32 5 27 32 0 25 5 20 20 28 24 32 30 33 33 36
split_gain=0.000221928 0.000546482 0.000393777 0.000342986 0.000478426 0.000226823 0.000269517 0.000148068 0.000511982 0.000296642 8.42743e-05 9.29826e-05 0.000115792 4.27284e-05 0.000231277 1.87279e-06
threshold=-0.0337160615067904 340923040.00000006 1.0000000180025095e-35 -0.025351723543983958 1.7643836140632632 -0.0095735652766094845 289385026.50000006 4.1660000205039989 4.1147500038146978 3201694462.5000005 -0.024856150462764799 -0.038434201559934038 51.663411297161566 -0.039278741074804883 -0.027478356297115977 -0.018126889674538862
decision_type=2 2 2 2 2 2 2 2 2 2 2 2 2 2 2 2
left_child=1 10 15 5 -5 13 -7 8 -6 -9 -1 12 -12 -2 -15 -3
right_child=3 2 -4 4 7 6 -8 9 -10 -11 11 -13 -14 14 -16 -17
leaf_value=8.4538409378783689e-06 -3.914197293758128e-05 0 0.00014135267713997378 0.00014636907464591785 0 0 -0.00014315802836869127 -1.1567265115246882e-05 0.00011343540501231201 6.0061237175178636e-06 -0.00010631415572670565 0 0 7.0006054758471419e-05 -6.3588749927090658e-06 9.1573070763408658e-06
leaf_weight=37 25 20 52 20 378 43 37 1807 44 1435 23 20 20 42 45 20
leaf_count=37 25 20 52 20 378 43 37 1807 44 1435 23 20 20 42 45 20
internal_value=0 3.18406e-05 8.63413e-05 -1.13347e-06 1.00029e-07 -4.04059e-05 -8.03993e-05 0 1.58975e-05 -2.86352e-06 0 -3.40586e-05 -6.03316e-05 0 0 0
internal_weight=4068 192 92 3876 3684 192 80 3664 422 3242 100 63 43 112 87 40
internal_count=4068 192 92 3876 3684 192 80 3664 422 3242 100 63 43 112 87 40
is_linear=0
shrinkage=0.03


Tree=132
num_leaves=23
num_cat=0
split_feature=19 26 32 0 32 4 5 7 28 29 27 21 5 29 36 32 32 26 23 32 21 0
split_gain=0.000217813 0.000921314 0.000845303 0.0013082 0.00110347 0.000338639 0.000533529 0.000346367 0.000364103 0.000314274 0.000618911 0.00055266 0.000273025 0.000238116 0.000408624 0.000362924 0.000389102 0.000288237 0.000284148 0.000234236 3.5428e-05 2.26054e-05
threshold=4.5930000305175787 0.11231308297202387 0.049228880625704748 3.2434936761856084 -1.0000000180025095e-35 4.6549999713897714 290711394.00000006 -1.0000000180025095e-35 6565508529.500001 84.251691432155468 0.93542041910469143 5.0926666378974925 371184257.00000006 28.61259204852789 -0.0024632322452479015 0.017657476947876009 -0.015233226315258528 0.090155901339703762 0.036548183641385464 -0.010700927747405607 4.6768333435058604 3.022836565971375
decision_type=2 2 2 2 2 2 2 2 2 2 2 2 2 2 2 2 2 2 2 2 2 2
left_child=1 13 3 4 -3 6 21 8 19 11 -11 -9 -8 14 20 16 -15 -16 -17 -7 -1 -2
right_child=5 2 -4 -5 -6 7 12 9 -10 10 -12 -13 -14 15 17 18 -18 -19 -20 -21 -22 -23
leaf_value=0 5.192729975396305e-06 0 0 0 0.00034927931496716826 0 -0.00021527677003366796 3.164215715025414e-05 0 -6.4366546930779109e-05 4.7007568981714398e-07 -6.3436274430357171e-07 0 -1.0628267882336472e-05 0 0 4.0423992520466248e-05 -0.00012831402379274973 -8.7276447685877271e-05 -9.867260063733828e-05 3.3685385831217426e-05 -2.1067085706146986e-05
leaf_weight=118 45 35 21 45 32 32 23 584 39 182 195 1758 22 79 78 111 424 46 41 87 28 43
leaf_count=118 45 35 21 45 32 32 23 584 39 182 195 1758 22 79 78 111 424 46 41 87 28 43
internal_value=0 1.2127e-05 8.60167e-05 0.000124786 0.000208713 -3.66463e-06 -5.08862e-05 -4.37225e-07 -4.42468e-05 1.00676e-06 -2.28837e-05 6.1342e-06 -0.000135236 0 -2.20932e-05 1.12198e-05 2.64423e-05 -6.3449e-05 -1.9415e-05 -7.31456e-05 0 0
internal_weight=4068 1058 133 112 67 3010 133 2877 158 2719 377 2342 45 925 270 655 503 124 152 119 146 88
internal_count=4068 1058 133 112 67 3010 133 2877 158 2719 377 2342 45 925 270 655 503 124 152 119 146 88
is_linear=0
shrinkage=0.03


Tree=133
num_leaves=19
num_cat=0
split_feature=3 36 24 36 23 30 30 1 31 23 32 30 23 36 20 24 36 34
split_gain=0.000223886 0.000708718 0.00084389 0.000171145 0.000607099 0.000393702 0.000334964 0.000254491 0.000235744 0.000361268 0.000535132 0.00035983 0.000296765 0.000315413 0.000249004 1.78476e-05 8.76284e-05 2.45086e-06
threshold=3.7350000143051152 -0.0058982349751343375 -0.063001132253417427 -0.018126889674538862 0.11946557134414394 59.239793487711616 45.202199275543997 5.51190209388733 -0.0053908346964566803 0.017979395182564421 -0.0032921979760481275 38.681994870255274 0.11560489910584161 -0.0017137956361014959 5.152500033378602 -0.024856150462764799 0.0025907193659190212 -0.0084728410660107039
decision_type=2 2 2 2 2 2 2 2 2 2 2 2 2 2 2 2 2 2
left_child=1 2 -1 4 5 6 -2 -7 9 11 -11 -5 13 -10 -14 16 -3 -17
right_child=3 15 -4 8 -6 7 -8 -9 12 10 -12 -13 14 -15 -16 17 -18 -19
leaf_value=0.00026275348988688221 -4.263703937913017e-05 -6.5539307681352683e-05 0 1.9943446434436306e-05 7.4140861102947917e-05 -0.0001549833347822781 6.3195698193375518e-05 0 -1.8838840639761311e-05 5.7112833441667614e-05 0 -2.5555447465343141e-05 -9.3815062159242525e-05 5.4429499554201055e-06 0 0 0 1.0475689604350204e-05
leaf_weight=23 104 22 34 323 24 48 28 23 652 298 120 299 61 1770 167 20 32 20
leaf_count=23 104 22 34 323 24 48 28 23 652 298 120 299 61 1770 167 20 32 20
internal_value=0 3.61501e-05 0.00012095 -1.01498e-06 -2.63822e-05 -5.30684e-05 0 -0.000114142 0 1.26182e-05 3.42601e-05 0 -4.19178e-06 0 -3.7082e-05 0 -1.72311e-05 0
internal_weight=4068 151 57 3917 227 203 132 71 3690 1040 418 622 2650 2422 228 94 54 40
internal_count=4068 151 57 3917 227 203 132 71 3690 1040 418 622 2650 2422 228 94 54 40
is_linear=0
shrinkage=0.03


Tree=134
num_leaves=21
num_cat=0
split_feature=3 36 24 28 28 34 28 3 36 26 26 34 33 35 32 28 24 36 19 34
split_gain=0.000212386 0.00067207 0.000787701 0.000167352 0.000853287 0.000711955 0.00066003 0.000552028 0.000576127 0.000529711 0.000419064 0.000360258 0.000553898 0.000351915 0.000330793 0.000267515 1.62297e-05 8.30404e-05 6.10916e-06 2.30673e-06
threshold=3.7350000143051152 -0.0058982349751343375 -0.063001132253417427 3201694462.5000005 2036193434.5000002 0.041313317230227471 4493475594.500001 5.7941620349884042 -0.010628848075508691 0.14905975760825033 0.10054046386073921 0.040692946970568585 0.0036199089523475396 0.010176348190427753 0.014865953028999181 2428647027.0000005 -0.024856150462764799 0.0025907193659190212 5.9829999923706065 -0.0084728410660107039
decision_type=2 2 2 2 2 2 2 2 2 2 2 2 2 2 2 2 2 2 2 2
left_child=1 2 -1 4 5 13 7 8 -5 15 -7 12 -8 -2 -13 -6 17 -3 -9 -18
right_child=3 16 -4 6 9 10 11 18 -10 -11 -12 14 -14 -15 -16 -17 19 -19 -20 -21
leaf_value=0.00025490500893921578 -5.4741488315775026e-05 -6.358202350943778e-05 0 0 0 0 -1.2103691289083334e-05 -1.0691522816660773e-05 9.5327564075882998e-05 -0.00019883332369209736 8.1286312992791645e-05 0 3.0628860178255425e-05 -1.4008048246386344e-06 -7.731916598377815e-05 -5.4622752783738034e-05 0 0 0 1.0162981803904263e-05
leaf_weight=23 133 22 34 45 73 79 678 48 182 31 141 52 429 1771 104 121 20 32 30 20
leaf_count=23 133 22 34 45 73 79 678 48 182 31 141 52 429 1771 104 121 20 32 30 20
internal_value=0 3.51949e-05 0.000117775 -1.00827e-06 -6.69795e-06 0 5.6021e-06 4.57813e-05 7.07353e-05 -6.22881e-05 5.02224e-05 -1.72845e-06 1.74811e-06 -6.70504e-06 -4.56024e-05 -2.49219e-05 0 -1.64315e-05 0 0
internal_weight=4068 151 57 3917 2349 2124 1568 305 227 225 220 1263 1107 1904 156 194 94 54 78 40
internal_count=4068 151 57 3917 2349 2124 1568 305 227 225 220 1263 1107 1904 156 194 94 54 78 40
is_linear=0
shrinkage=0.03


Tree=135
num_leaves=26
num_cat=0
split_feature=36 36 26 31 26 33 24 30 36 22 36 29 24 28 5 0 22 27 20 26 36 21 0 21 5
split_gain=0.000206247 0.000640934 0.0006181 0.000984151 0.000680051 0.000573796 0.000518216 0.000503261 0.0010101 0.000813311 0.000698505 0.000655429 0.000506488 0.00043795 0.000395718 0.000351334 0.000275746 0.000258733 0.000241568 0.000236233 0.000195147 0.000190274 0.000194423 4.16843e-05 4.06225e-05
threshold=-0.0042507978402670839 -0.0088235447963641838 0.13197203454650899 -0.0091742813241021386 0.10939357998513759 -0.0081317344339494873 0.11915599032388911 16.131694512910951 0.0034512503110957276 41.610195084434842 -1.0000000180025095e-35 49.659637809851013 -0.0034126164023267763 -3136782845.9999995 204146120.50000003 5.0354509353637704 37.339715351175343 -0.035692410636258436 4.4202499508857729 0.14402154017170779 0.0072072933481855828 5.1950833241144823 2.3776525259017949 5.6579999963442491 192999350.00000003
decision_type=2 2 2 2 2 2 2 2 2 2 2 2 2 2 2 2 2 2 2 2 2 2 2 2 2
left_child=1 2 4 5 16 -4 7 8 23 -10 12 -12 -9 21 24 20 -1 -6 -16 -5 -8 22 -3 -2 -15
right_child=6 13 3 19 17 -7 15 10 9 -11 11 -13 -14 14 18 -17 -18 -19 -20 -21 -22 -23 -24 -25 -26
leaf_value=3.9773934198307593e-05 2.6093451005149756e-05 5.1485747512973333e-05 0.00011160062713280248 0 0 0 -0.00012897753874052418 -7.5248156117536089e-05 -0.00017619380848813627 0 3.3855978496998305e-05 -2.2601875725887301e-07 0 1.4747581709056353e-05 0 0 -1.5229938542349147e-05 -7.5472860334075301e-05 8.8820716083361844e-05 -9.2901733656245182e-05 0 -8.0997522374422375e-05 -7.7843812991126948e-06 0 0
leaf_weight=116 55 65 123 24 21 52 61 153 67 25 714 1197 248 168 45 42 278 205 210 38 43 26 40 24 28
leaf_count=116 55 65 123 24 21 52 61 153 67 25 714 1197 248 168 45 42 278 205 210 38 43 26 40 24 28
internal_value=0 9.40443e-06 -4.0885e-06 3.2292e-05 -2.28361e-05 7.62019e-05 -4.7108e-06 -2.53987e-07 -5.08258e-05 -0.000121119 2.19092e-06 1.09392e-05 -3.20129e-05 3.44239e-05 4.90194e-05 -5.99212e-05 0 -6.43211e-05 7.51346e-05 -4.3261e-05 -8.98702e-05 0 3.76484e-07 0 0
internal_weight=4068 1439 857 237 620 175 2629 2483 171 92 2312 1911 401 582 451 146 394 226 255 62 104 131 105 79 196
internal_count=4068 1439 857 237 620 175 2629 2483 171 92 2312 1911 401 582 451 146 394 226 255 62 104 131 105 79 196
is_linear=0
shrinkage=0.03


Tree=136
num_leaves=17
num_cat=0
split_feature=32 35 26 32 0 35 0 27 36 21 26 26 30 21 21 31
split_gain=0.000198227 0.000341221 0.000480011 0.000334035 0.000435138 0.000223471 0.00045559 0.000309513 0.000220038 0.000498958 0.000144543 0.000438612 0.000262912 1.6798e-05 3.26837e-06 3.83474e-07
threshold=-0.0337160615067904 0.023554581006157021 0.12105725463966562 -0.025351723543983958 1.7643836140632632 0.01921530601452338 3.3016226291656499 -0.02572727198965229 -0.028985514185675427 5.9367881695429494 0.077691585627944967 0.078534829792423877 74.78422560642754 4.7883333285649625 5.4337500135103864 -0.024630933490664916
decision_type=2 2 2 2 2 2 2 2 2 2 2 2 2 2 2 2
left_child=1 13 15 5 -5 -2 7 -7 -4 -10 12 -12 -6 -1 -15 -3
right_child=3 2 8 4 10 6 -8 -9 9 -11 11 -13 -14 14 -16 -17
leaf_value=0 0 -3.7842588687578292e-06 0 0.00013958414513079114 0 0 0 -0.00012973228632355796 0.00019963598332565534 0 0.00011303803283823023 0 -7.5364752736336891e-05 -2.796081674713096e-05 0 0
leaf_weight=25 72 24 20 20 223 20 29 71 39 20 31 3346 64 23 20 21
leaf_count=25 72 24 20 20 223 20 29 71 39 20 31 3346 64 23 20 21
internal_value=0 2.9932e-05 6.21406e-05 -1.27464e-06 0 -3.99719e-05 -6.50404e-05 -0.000100388 0.00010733 0.000137 -1.84716e-08 8.82867e-07 -2.10701e-05 0 -1.87289e-05 0
internal_weight=4068 192 124 3876 3684 192 120 91 79 59 3664 3377 287 68 43 45
internal_count=4068 192 124 3876 3684 192 120 91 79 59 3664 3377 287 68 43 45
is_linear=0
shrinkage=0.03


Tree=137
num_leaves=18
num_cat=0
split_feature=3 36 24 27 27 32 34 30 24 0 29 3 30 28 0 22 36
split_gain=0.000200787 0.000634957 0.000724557 0.000180296 0.000378931 0.000361416 0.000488322 0.000480018 0.000433263 0.000320431 0.000272397 0.000502288 0.000409641 1.87743e-05 1.6717e-05 1.50453e-05 6.91836e-05
threshold=3.7350000143051152 -0.0058982349751343375 -0.063001132253417427 1.0281785935349981 1.0834092568311189 0.021074869706332103 0.0042964959664891786 37.19388242282421 -0.05573707413952244 3.3632879257202153 85.197180902671121 4.7449998855590829 75.400858569656847 2794711522.5000005 3.1058416366577153 48.793476404015045 0.005568463616493523
decision_type=2 2 2 2 2 2 2 2 2 2 2 2 2 2 2 2 2
left_child=1 2 -1 5 9 10 8 -8 -7 -5 12 -12 -2 14 -6 16 -3
right_child=3 15 -4 4 13 6 7 -9 -10 -11 11 -13 -14 -15 -16 -17 -18
leaf_value=0.00024613838295101537 -6.7189448109813519e-07 -4.4605589967782924e-05 0 0.00012814904653281377 1.9369940108711361e-05 -0.00022628380042385887 5.9559392277355222e-05 -2.870908657034514e-05 0 0 1.2828452136582285e-05 -5.8792950135739138e-05 3.0838850908610308e-05 -2.027601570215579e-05 0 0 0
leaf_weight=23 2658 38 34 46 40 23 57 292 45 31 61 193 407 41 23 32 24
leaf_count=23 2658 38 34 46 40 23 57 292 45 31 61 193 407 41 23 32 24
internal_value=0 3.41223e-05 0.000114408 -1.10439e-06 2.65478e-05 -3.24772e-06 -2.9569e-05 -5.68629e-06 -0.000107902 7.79666e-05 0 -2.97879e-05 2.53451e-06 0 0 0 -1.47664e-05
internal_weight=4068 151 57 3917 181 3736 417 349 68 77 3319 254 3065 104 63 94 62
internal_count=4068 151 57 3917 181 3736 417 349 68 77 3319 254 3065 104 63 94 62
is_linear=0
shrinkage=0.03


Tree=138
num_leaves=26
num_cat=0
split_feature=23 22 35 33 5 4 0 5 21 36 32 27 34 27 26 23 24 36 24 26 23 20 23 2 33
split_gain=0.000200589 0.000714899 0.000658772 0.000566457 0.000649628 0.000507594 0.000423949 0.000382027 0.000537645 0.000657139 0.000787265 0.000651604 0.000586206 0.000364843 0.000288079 0.000282557 0.000814616 0.000798479 0.000272702 0.000246852 0.000239963 0.000202179 0.000124345 7.92837e-05 5.21448e-06
threshold=-0.032006602115012932 47.018972838086064 0.017026408209386095 -0.022884926347478348 180763505.50000003 5.5019965171813974 5.0354509353637704 145478181.00000003 4.7940833171208714 0.01482267296370556 -1.0000000180025095e-35 0.57681853464021093 0.0063426018249271863 0.73654793632982452 0.10789438574290873 0.070501919185069553 0.056422201821049199 0.030705000350177581 0.018162057959208441 0.093387717680257068 -0.083916348330467891 5.7528512239456182 -0.028405620652419469 5.1549999713897714 0.021989013543812778
decision_type=2 2 2 2 2 2 2 2 2 2 2 2 2 2 2 2 2 2 2 2 2 2 2 2 2
left_child=7 2 18 4 -3 -6 14 19 9 10 -9 12 -10 -13 -4 17 -17 -5 22 20 -1 -20 -2 -21 -11
right_child=1 3 6 15 5 -7 -8 8 11 24 -12 13 -14 -15 -16 16 -18 -19 21 23 -22 -23 -24 -25 -26
leaf_value=0 0 0 -1.3711837606885435e-05 0 0.00013925271221755503 0 0 4.4190234773400413e-06 0 0 0.00013562597721824963 -0.00012538417279217657 6.7593114119609367e-05 0 -0.00012975824784764784 -0.00010587855771858521 -9.7217046271521915e-07 0.00017693113514992187 6.8028437233673631e-05 4.1269808759778265e-05 -9.7326583758434559e-05 0 -4.1615193851438774e-05 -1.181521023063076e-05 -1.9996419518091374e-05
leaf_weight=32 21 30 107 1391 80 43 22 147 591 20 116 49 147 37 113 85 635 24 67 39 58 27 132 34 21
leaf_count=32 21 30 107 1391 80 43 22 147 591 20 116 49 147 37 113 85 635 24 67 39 58 27 132 34 21
internal_value=0 -4.33458e-06 -3.75792e-05 1.46079e-06 5.78148e-05 9.43751e-05 -7.28144e-05 9.9706e-06 1.78629e-05 5.26272e-05 7.37218e-05 1.39212e-06 1.39914e-05 -7.17745e-05 -8.69795e-05 -1.17513e-06 -1.7536e-05 5.0305e-06 0 -2.62302e-05 -6.092e-05 3.69634e-05 -2.76281e-05 0 -9.5443e-06
internal_weight=4068 2777 489 2288 153 123 242 1291 1128 304 263 824 738 86 220 2135 720 1415 247 163 90 94 153 73 41
internal_count=4068 2777 489 2288 153 123 242 1291 1128 304 263 824 738 86 220 2135 720 1415 247 163 90 94 153 73 41
is_linear=0
shrinkage=0.03


Tree=139
num_leaves=11
num_cat=0
split_feature=25 34 31 5 35 5 28 30 27 27
split_gain=0.000201433 0.00025771 0.000260454 0.000195989 0.000519269 0.00048968 0.000480798 0.000451979 0.000404759 0.000247742
threshold=-0.073966259599290721 -0.073720119842869233 -0.012165949926298545 261652358.00000003 0.011323777644057011 239661510.00000003 2548950862.5000005 60.604254578680788 0.89723536805469772 0.72826093639595324
decision_type=2 2 2 2 2 2 2 2 2 2
left_child=-1 2 -2 5 8 9 -7 -6 -5 -3
right_child=1 3 -4 4 7 6 -8 -9 -10 -11
leaf_value=7.2758017606962231e-05 -0.00012457509846906128 6.280245285489892e-06 0 -0.0001028224953005521 2.9162469223701265e-05 -7.3075805333887509e-05 0 -4.9115567343610432e-07 0 -1.7551116843863051e-05
leaf_weight=34 30 1591 29 60 850 174 143 610 27 520
leaf_count=34 30 1591 29 60 850 174 143 610 27 520
internal_value=0 -4.3782e-07 -6.27503e-05 0 8.81123e-06 -4.81427e-06 -3.95891e-05 1.47191e-05 -5.57922e-05 0
internal_weight=4068 4034 59 3975 1547 2428 317 1460 87 2111
internal_count=4068 4034 59 3975 1547 2428 317 1460 87 2111
is_linear=0
shrinkage=0.03


Tree=140
num_leaves=11
num_cat=0
split_feature=25 34 0 31 35 30 30 27 0 31
split_gain=0.000189695 0.00024223 0.000767684 0.000184375 0.000377578 0.000350613 0.000727024 0.000660447 0.000315308 0.000210054
threshold=-0.073966259599290721 -0.073720119842869233 2.2751930952072148 -0.0053908346964566803 0.040110776041661862 72.742489298174235 59.439321190474317 0.75678055251121845 3.2839072942733769 -0.0015990502681376138
decision_type=2 2 2 2 2 2 2 2 2 2
left_child=-1 2 -2 5 9 6 -3 -7 -6 -5
right_child=1 3 -4 4 8 7 -8 -9 -10 -11
leaf_value=7.0581678250740355e-05 -0.00021274903935116171 1.4046389062618915e-05 0 -2.3461089602750795e-05 0.00011825323686786138 8.913850291948725e-05 -5.1681443738224627e-05 0 0 -8.1591994684554898e-07
leaf_weight=34 20 824 39 557 39 130 184 116 24 2101
leaf_count=34 20 824 39 557 39 130 184 116 24 2101
internal_value=0 -4.58137e-07 -6.08532e-05 0 -3.93622e-06 9.9347e-06 0 4.22512e-05 6.45587e-05 -6.69068e-06
internal_weight=4068 4034 59 3975 2721 1254 1008 246 63 2658
internal_count=4068 4034 59 3975 2721 1254 1008 246 63 2658
is_linear=0
shrinkage=0.03


Tree=141
num_leaves=27
num_cat=0
split_feature=36 36 33 24 36 27 32 36 28 28 5 24 33 5 32 23 27 0 32 32 36 21 0 5 36 27
split_gain=0.000186694 0.000605587 0.000568862 0.000489445 0.000461207 0.000670834 0.000625696 0.000527496 0.000420694 0.000381211 0.000567703 0.000377871 0.000421241 0.000367142 0.000719703 0.000339713 0.000377048 0.000337819 0.000258973 0.00025127 0.000330241 0.000175563 0.000181488 3.87262e-05 3.25214e-05 2.0906e-05
threshold=-0.0042507978402670839 -0.0088235447963641838 -0.039278741074804883 0.11915599032388911 -1.0000000180025095e-35 0.028532294942094836 -0.029796621623877525 0.0041710119616182031 -3136782845.9999995 -407763443.49999994 368748879.50000006 -0.0034126164023267763 0.022685428013643264 204146120.50000003 -0.011660834374153271 0.10719385984923015 0.028532294942094836 5.0354509353637704 -0.0058997050023670275 -0.004739313287051238 0.0059113300475694807 5.1950833241144823 2.3776525259017949 192999350.00000003 -0.0018051012821873127 0.15291450903686596
decision_type=2 2 2 2 2 2 2 2 2 2 2 2 2 2 2 2 2 2 2 2 2 2 2 2 2 2
left_child=1 2 9 4 11 6 -6 -7 21 10 -1 12 -2 23 -15 16 -4 19 -17 -5 -21 22 -3 -10 -13 -11
right_child=3 8 15 17 5 7 -8 -9 13 25 -12 24 -14 14 -16 18 -18 -19 -20 20 -22 -23 -24 -25 -26 -27
leaf_value=0 -8.6564318043289411e-05 4.9668414262606233e-05 9.8334538250374292e-06 0 0 3.0260848323403994e-05 -0.00014292560663862393 -8.3154897838123963e-08 1.4399254526918036e-05 -1.2083221084941574e-05 0.00021490982758248615 0 0 0 0.00011102246755865081 7.4678058805736043e-05 -3.776374061402725e-05 0 0 -0.00018641887884862044 0 -7.7806867835722074e-05 -8.2673573687363683e-06 0 -2.4415468594961264e-05 2.0430426561560856e-05
leaf_weight=29 146 65 82 24 22 696 51 1286 168 37 25 210 23 93 162 50 570 42 32 38 42 26 40 28 49 32
leaf_count=29 146 65 82 24 22 696 51 1286 168 37 25 210 23 93 162 50 570 42 32 38 42 26 40 28 49 32
internal_value=0 8.81015e-06 -4.24881e-06 -4.62852e-06 -2.61996e-07 4.39376e-06 -8.10946e-05 9.0599e-06 3.31908e-05 4.97967e-05 0.000109472 -2.96197e-05 -6.50554e-05 4.75487e-05 7.27548e-05 -1.73977e-05 -2.71765e-05 -5.83045e-05 2.37534e-05 -8.77015e-05 -0.000113223 0 0 0 0 0
internal_weight=4068 1439 857 2629 2483 2055 73 1982 582 123 54 428 169 451 255 734 652 146 82 104 80 131 105 196 259 69
internal_count=4068 1439 857 2629 2483 2055 73 1982 582 123 54 428 169 451 255 734 652 146 82 104 80 131 105 196 259 69
is_linear=0
shrinkage=0.03


Tree=142
num_leaves=23
num_cat=0
split_feature=23 25 22 35 33 5 4 0 0 25 30 35 23 26 26 35 33 0 34 23 4 5
split_gain=0.000189717 0.000778308 0.000676433 0.000631279 0.000518046 0.000616378 0.000478692 0.000409969 0.000398074 0.00115995 0.000866564 0.000808052 0.000453367 0.000519326 0.000282115 0.000490945 0.000278276 0.000263578 0.000246098 0.000275213 0.000190779 0.000170939
threshold=-0.032006602115012932 -0.073966259599290721 47.018972838086064 0.017026408209386095 -0.022884926347478348 180763505.50000003 5.5019965171813974 5.0354509353637704 2.2831628322601323 -0.02281916719317105 59.439321190474317 0.015324773773910347 -0.13436142286339378 0.095500130669765662 0.16152068421934196 0.019012095455231016 -0.0039177277254466838 2.2906781435012822 -0.032024255116260884 -0.0085146743369728366 5.6208624839782724 160355501.00000003
decision_type=2 2 2 2 2 2 2 2 2 2 2 2 2 2 2 2 2 2 2 2 2 2
left_child=1 -1 3 18 5 -4 -7 16 9 11 -11 -3 20 -14 17 -16 -5 -6 19 -2 -10 -20
right_child=2 8 4 7 14 6 -8 -9 12 10 -12 -13 13 -15 15 -17 -18 -19 21 -21 -22 -23
leaf_value=0.00019441214695758231 0 0 0 -0.00010035885794306707 2.981695142167464e-05 0.00013466842654479447 0 0 0 5.1175744629104501e-05 -6.7065478616867841e-05 -0.00015488856153441394 0 4.4271939527499504e-05 0 -9.2818050216952332e-05 0 -2.5373919792789888e-06 0 9.3523090448686646e-05 -9.2192206522779253e-05 -4.3728525137857006e-05
leaf_weight=21 27 24 30 183 254 80 43 22 81 176 72 79 281 526 42 81 37 1758 52 44 31 124
leaf_count=21 27 24 30 183 254 80 43 22 81 176 72 79 281 526 42 81 37 1758 52 44 31 124
internal_value=0 9.60615e-06 -4.31071e-06 -3.66395e-05 1.28889e-06 5.52352e-05 9.11091e-05 -7.11255e-05 4.17322e-06 -1.93913e-05 4.74255e-06 -0.000106546 1.64386e-05 2.64293e-05 -1.17438e-06 -4.56776e-05 -8.50933e-05 5.7402e-08 0 4.4061e-05 -2.87457e-05 -2.17696e-05
internal_weight=4068 1291 2777 489 2288 153 123 242 1270 351 248 103 919 807 2135 123 220 2012 247 71 112 176
internal_count=4068 1291 2777 489 2288 153 123 242 1270 351 248 103 919 807 2135 123 220 2012 247 71 112 176
is_linear=0
shrinkage=0.03


Tree=143
num_leaves=14
num_cat=0
split_feature=23 33 29 24 27 24 25 27 24 23 22 23 33
split_gain=0.000187661 0.000241256 0.000563864 0.000514522 0.000970592 0.000425127 0.000380571 0.000373407 0.000359311 0.00066365 0.000561253 0.000305214 0.000146321
threshold=-0.23925160948150778 0.01605960851599331 81.879575305736026 -0.10126971362515612 0.35981410807721331 -0.079419518143292719 0.02599673449921663 0.93250218405478336 -0.16543031874497385 -0.11062777717511717 35.105338077675405 0.011945068355391887 -0.023613551192116274
decision_type=2 2 2 2 2 2 2 2 2 2 2 2 2
left_child=-1 8 3 6 -5 -4 -3 -7 12 10 -10 -11 -2
right_child=1 2 5 4 -6 7 -8 -9 9 11 -12 -13 -14
leaf_value=7.0158426412258315e-05 0 -8.2383931521638702e-05 9.5283050791464759e-05 0.0001874483529935075 2.4365282256874088e-05 -5.5096432039179222e-05 7.8178770990938277e-06 0 3.1301344853180748e-06 -1.7663715460162479e-05 0.00015895087655091024 4.3002208538132606e-07 -0.00011387288976841583
leaf_weight=34 20 53 24 47 443 176 22 258 161 1404 38 1348 40
leaf_count=34 20 53 24 47 443 176 22 258 161 1404 38 1348 40
internal_value=0 -5.09566e-07 1.11785e-05 3.26018e-05 4.61642e-05 -8.70231e-06 -1.60028e-05 -2.13841e-05 -5.47719e-06 -2.93505e-06 4.80175e-05 -7.71117e-06 -8.03786e-05
internal_weight=4068 4034 1023 565 490 458 75 434 3011 2951 199 2752 60
internal_count=4068 4034 1023 565 490 458 75 434 3011 2951 199 2752 60
is_linear=0
shrinkage=0.03


Tree=144
num_leaves=27
num_cat=0
split_feature=36 36 26 31 26 21 32 24 30 36 22 36 0 24 32 5 26 0 5 22 32 36 26 5 21 29
split_gain=0.00018767 0.000559471 0.000544457 0.000900307 0.000630279 0.000525348 0.000512927 0.000460281 0.00044828 0.000942558 0.000755678 0.000609262 0.000609345 0.000485327 0.000379238 0.000739294 0.00045889 0.000322919 0.000269065 0.000250807 0.000238277 0.000298486 0.000221626 0.000159307 4.04596e-05 3.14068e-05
threshold=-0.0042507978402670839 -0.0088235447963641838 0.13197203454650899 -0.0091742813241021386 0.10939357998513759 6.5019999861717235 -0.02013230519539316 0.11915599032388911 16.131694512910951 0.0034512503110957276 41.610195084434842 -0.0020855059289597556 2.152673721313477 -0.0015918477810232398 -0.011876484175169842 185315928.50000003 0.090911189351410626 5.0354509353637704 344269318.00000006 37.339715351175343 -0.004739313287051238 0.0059113300475694807 0.14402154017170779 264505266.50000003 5.6579999963442491 70.686100958790504
decision_type=2 2 2 2 2 2 2 2 2 2 2 2 2 2 2 2 2 2 2 2 2 2 2 2 2 2
left_child=1 2 4 5 19 -4 -6 8 9 24 -11 13 -13 -10 18 25 -17 20 23 -1 -9 -22 -5 -3 -2 -16
right_child=7 14 3 22 6 -7 -8 17 11 10 -12 12 -14 -15 15 16 -18 -19 -20 -21 21 -23 -24 -25 -26 -27
leaf_value=3.8568319430038126e-05 2.5707293449082965e-05 0 0.00010101257547653634 0 0 0 -9.6036677382436479e-05 0 -9.3982108645065528e-05 -0.00016931773108185059 0 5.9435897532834156e-05 1.4543486694111229e-06 0 -1.4646822727270288e-05 0 0.00010323530941529393 0 -8.9307067084780836e-05 -1.3808446453309762e-05 -0.00018063959526035594 0 -8.9110426543331802e-05 5.6480517463579684e-05 0 1.3742155953676929e-05
leaf_weight=116 55 117 137 24 84 38 142 24 96 67 25 195 1879 142 99 59 190 42 27 278 38 42 38 53 24 37
leaf_count=116 55 117 137 24 84 38 142 24 96 67 25 195 1879 142 99 59 190 42 27 278 38 42 38 53 24 37
internal_value=0 8.87624e-06 -3.51513e-06 3.03843e-05 -2.13142e-05 7.27251e-05 -6.12764e-05 -4.59535e-06 -3.21925e-07 -4.80626e-05 -0.000116199 1.91347e-06 8.35486e-06 -4.15988e-05 3.22739e-05 4.96058e-05 8.04692e-05 -5.66891e-05 0 0 -8.54519e-05 -0.000110305 -4.07412e-05 1.2367e-05 0 0
internal_weight=4068 1439 857 237 620 175 226 2629 2483 171 92 2312 2074 238 582 385 249 146 197 394 104 80 62 170 79 136
internal_count=4068 1439 857 237 620 175 226 2629 2483 171 92 2312 2074 238 582 385 249 146 197 394 104 80 62 170 79 136
is_linear=0
shrinkage=0.03


Tree=145
num_leaves=20
num_cat=0
split_feature=3 0 28 28 33 30 28 25 30 32 1 21 34 33 32 0 21 30 19
split_gain=0.000186779 0.000586901 0.000163952 0.000797134 0.000643074 0.000696196 0.000606437 0.00058489 0.000600476 0.000528549 0.000495806 0.000431472 0.000318807 0.00050474 0.000310985 0.000145847 0.000141775 0.000136171 6.98375e-06
threshold=3.7350000143051152 2.7766529321670537 3201694462.5000005 2036193434.5000002 0.034477419264838501 49.915274181890695 4493475594.500001 0.01768471687779561 26.346985528571679 0.012790437962402869 5.4722793102264413 4.4614166696866357 0.040692946970568585 0.0036199089523475396 0.014865953028999181 2.3943353891372685 3.7256666660308841 44.04301706839118 3.6790000677108767
decision_type=2 2 2 2 2 2 2 2 2 2 2 2 2 2 2 2 2 2 2
left_child=1 -1 3 4 9 -6 7 8 -4 -2 11 -5 13 -8 -14 -9 -3 -18 -19
right_child=2 16 6 10 5 -7 12 15 -10 -11 -12 -13 14 -15 -16 -17 17 18 -20
leaf_value=0.00016936607494384158 0 6.1260675652090367e-05 0 0 -6.9925221379129089e-06 8.7997012496046208e-05 -1.1519462616591816e-05 0 0.0001032979576451577 -3.933756052890404e-05 0 -0.00010085875212321523 0 2.924560183334774e-05 -7.3809493698786304e-05 -5.1704585448366461e-05 -5.2131319580013548e-05 1.5824449738391124e-05 0
leaf_weight=24 1588 31 76 27 36 146 678 25 155 354 35 163 52 429 104 49 49 25 22
leaf_count=24 1588 31 76 27 36 146 678 25 155 354 35 163 52 429 104 49 49 25 22
internal_value=0 3.28539e-05 -1.13054e-06 -6.75412e-06 0 5.27399e-05 5.38083e-06 4.39063e-05 6.94467e-05 -6.0996e-06 -6.05242e-05 -8.17615e-05 -1.55025e-06 1.56981e-06 -4.2896e-05 0 0 -1.0642e-05 0
internal_weight=4068 151 3917 2349 2124 182 1568 305 231 1942 225 190 1263 1107 156 74 127 96 47
internal_count=4068 151 3917 2349 2124 182 1568 305 231 1942 225 190 1263 1107 156 74 127 96 47
is_linear=0
shrinkage=0.03


Tree=146
num_leaves=19
num_cat=0
split_feature=3 36 24 27 27 26 28 28 28 35 28 3 36 35 26 24 36 34
split_gain=0.000178009 0.000585567 0.000643352 0.000161373 0.000357836 0.000406667 0.000257136 0.000960945 0.000697979 0.000512151 0.000495231 0.000407299 0.000335936 0.000152734 3.75863e-05 1.37968e-05 7.12953e-05 1.57016e-06
threshold=3.7350000143051152 -0.0058982349751343375 -0.063001132253417427 1.0281785935349981 1.0834092568311189 0.099534809893592133 3201694462.5000005 2036193434.5000002 811023221.50000012 0.0096992980978816198 4493475594.500001 5.7941620349884042 0.020069742793326673 0.018142882405537599 0.11195816871421764 -0.024856150462764799 0.0025907193659190212 -0.0084728410660107039
decision_type=2 2 2 2 2 2 2 2 2 2 2 2 2 2 2 2 2 2
left_child=1 2 -1 6 5 -5 7 8 -2 -9 11 -8 -12 -7 -6 16 -3 -17
right_child=3 15 -4 4 14 13 10 9 -10 -11 12 -13 -14 -15 -16 17 -18 -19
leaf_value=0.00023370786890532672 -1.0011424462310992e-05 -5.8866702978882701e-05 0 0 0 0 6.2080833722772774e-05 0 4.3885382037262039e-05 -9.0577412980881206e-05 1.7416672846963402e-07 0 -6.9896668434179057e-05 0.0002060649534834894 -2.7695998113794836e-05 0 0 8.3848605203483896e-06
leaf_weight=23 1791 22 34 35 60 20 221 22 238 188 1140 74 62 22 44 20 32 20
leaf_count=23 1791 22 34 35 60 20 221 22 238 188 1140 74 62 22 44 20 32 20
internal_value=0 3.20985e-05 0.000109344 -1.07515e-06 2.49698e-05 7.51105e-05 -3.14057e-06 -1.00763e-05 -2.20903e-06 -7.17725e-05 5.22896e-06 4.05635e-05 -9.50017e-07 0.000137932 0 0 -1.515e-05 0
internal_weight=4068 151 57 3917 181 77 3736 2239 2029 210 1497 295 1202 42 104 94 54 40
internal_count=4068 151 57 3917 181 77 3736 2239 2029 210 1497 295 1202 42 104 94 54 40
is_linear=0
shrinkage=0.03


Tree=147
num_leaves=19
num_cat=0
split_feature=3 36 26 36 35 35 32 34 33 35 31 21 28 35 33 27 22 36
split_gain=0.00016824 0.00055586 0.000358481 0.000160438 0.000326198 0.000631869 0.00038412 0.000441403 0.000312335 0.000273801 0.000222038 0.00084482 0.000300127 0.000229245 0.00019838 0.000101142 1.24329e-05 6.33838e-05
threshold=3.7350000143051152 -0.0058982349751343375 0.087630292222924608 -0.018126889674538862 0.040110776041661862 0.053381458356396801 0.021074869706332103 0.0042964959664891786 0.012972997880415506 0.046161010642381643 -0.023477817561858235 5.7018425385157272 1307074671.5000002 0.029744029338379441 -0.040243880738592523 0.43438143060134932 48.793476404015045 0.005568463616493523
decision_type=2 2 2 2 2 2 2 2 2 2 2 2 2 2 2 2 2 2
left_child=1 2 -1 10 6 9 8 -8 -5 -6 11 14 13 -12 -2 -14 17 -3
right_child=3 16 -4 4 5 -7 7 -9 -10 -11 12 -13 15 -15 -16 -17 -18 -19
leaf_value=0 0 -4.2319552877580549e-05 0.0001892413718005594 -1.6280329896421584e-06 0 0 -0.00010747995999326956 -7.4478292873088241e-06 2.0791906936987128e-05 0.00022375945805158985 0 0 -7.8679928332209007e-05 0.00010785975156282692 -0.00016529701850625424 0 0 0
leaf_weight=30 25 38 27 2452 31 24 61 429 671 22 32 31 35 30 47 27 32 24
leaf_count=30 25 38 27 2452 31 24 61 429 671 22 32 31 35 30 47 27 32 24
internal_value=0 3.12551e-05 0.00010652 -9.86195e-07 0 6.14784e-05 -7.75384e-07 -2.60414e-05 2.22899e-06 0.000127269 -2.55459e-05 -5.8101e-05 0 4.81301e-05 -0.000123987 -4.50906e-05 0 -1.34234e-05
internal_weight=4068 151 57 3917 3690 77 3613 490 3123 53 227 103 124 62 72 62 94 62
internal_count=4068 151 57 3917 3690 77 3613 490 3123 53 227 103 124 62 72 62 94 62
is_linear=0
shrinkage=0.03


Tree=148
num_leaves=24
num_cat=0
split_feature=23 25 22 35 32 33 22 27 0 33 0 25 25 35 23 26 3 34 23 28 4 28 29
split_gain=0.000173351 0.000713908 0.000611991 0.000597395 0.000489638 0.000474653 0.000466591 0.000448608 0.000392755 0.000384132 0.000366672 0.00107812 0.000845475 0.000768412 0.0004394 0.000472945 0.000278099 0.000225037 0.000258977 0.000213425 0.000174244 0.000162495 0.000126858
threshold=-0.032006602115012932 -0.073966259599290721 47.018972838086064 0.017026408209386095 -0.0051238245887997849 -0.0042689831777323875 52.968014566412073 1.0047256700657707 5.0354509353637704 -0.013829448649301522 2.2831628322601323 -0.02281916719317105 -0.010961910356035026 0.015324773773910347 -0.13436142286339378 0.095500130669765662 4.0450000762939462 -0.032024255116260884 -0.0085146743369728366 6138311604.000001 5.6208624839782724 -3675309702.4999995 18.500910643143872
decision_type=2 2 2 2 2 2 2 2 2 2 2 2 2 2 2 2 2 2 2 2 2 2 2
left_child=1 -1 3 17 5 9 19 -8 16 -4 11 13 -13 -3 20 -16 -5 18 -2 -6 -12 -7 -19
right_child=2 10 4 8 6 21 7 -9 -10 -11 14 12 -14 -15 15 -17 -18 22 -20 -21 -22 -23 -24
leaf_value=0.00018646560238577177 0 0 2.8849334630729462e-05 0 0 0 -2.3454212767728643e-05 1.7038001080395486e-05 0 -2.7090890543139065e-05 0 0.00013383304818329842 -7.5094579274442809e-06 -0.00014989235495133183 0 4.2697099211245015e-05 -9.4261377239604908e-05 0 9.0923476401957214e-05 6.4789824277810876e-05 -8.9443072772486026e-05 7.9560221446478224e-05 -3.7730244287389016e-05
leaf_weight=21 27 24 273 25 218 22 1146 226 22 162 81 42 206 79 281 526 195 46 44 89 31 152 130
leaf_count=21 27 24 273 25 218 22 1146 226 22 162 81 42 206 79 281 526 195 46 44 89 31 152 130
internal_value=0 9.27896e-06 -4.01887e-06 -3.4793e-05 1.24839e-06 2.53e-05 -5.68985e-06 -1.4597e-05 -6.83111e-05 1.12002e-06 3.97263e-06 -1.84931e-05 4.37998e-06 -0.000102615 1.58183e-05 2.57089e-05 -8.20903e-05 0 4.30057e-05 2.43398e-05 -2.86451e-05 6.84833e-05 -2.00842e-05
internal_weight=4068 1291 2777 489 2288 609 1679 1372 242 435 1270 351 248 103 919 807 220 247 71 307 112 174 176
internal_count=4068 1291 2777 489 2288 609 1679 1372 242 435 1270 351 248 103 919 807 220 247 71 307 112 174 176
is_linear=0
shrinkage=0.03


Tree=149
num_leaves=10
num_cat=0
split_feature=23 33 28 33 36 24 32 32 31
split_gain=0.000173114 0.00022576 0.000586912 0.000278266 0.000307161 0.000248696 0.000527692 0.000218386 0.000193075
threshold=-0.23925160948150778 -0.053470220858956079 750247717.00000012 -0.04325906870574963 -0.0073474889106778995 -0.16543031874497385 0.0018066844178297183 -0.056250085204911864 -0.0046171751071783498
decision_type=2 2 2 2 2 2 2 2 2
left_child=-1 2 -2 4 -3 6 -5 -4 -7
right_child=1 3 7 5 -6 8 -8 -9 -10
leaf_value=6.7499287705049128e-05 0 0.00010684705882370086 0 -0.00013206043857221777 0 1.0297872744663403e-05 0 -0.00017562329185124101 -4.0317528163394214e-06
leaf_weight=34 39 46 20 40 33 1249 36 30 2541
leaf_count=34 39 46 20 40 33 1249 36 30 2541
internal_value=0 -3.29316e-07 -4.7805e-05 0 5.62015e-05 -3.91767e-07 -5.43048e-05 -0.000120862 0
internal_weight=4068 4034 89 3945 79 3866 76 50 3790
internal_count=4068 4034 89 3945 79 3866 76 50 3790
is_linear=0
shrinkage=0.03


Tree=150
num_leaves=24
num_cat=0
split_feature=19 28 22 32 27 27 29 22 4 5 29 25 7 3 2 19 28 5 32 0 31 32 34
split_gain=0.000165531 0.000805436 0.00126159 0.00145719 0.000560421 0.000865956 0.000547511 0.000453434 0.000343729 0.000510061 0.000334677 0.000417363 0.000299441 0.000423727 0.000284803 0.000665179 0.00033918 0.000216406 0.000137464 2.07615e-05 2.5595e-06 2.03288e-06 1.26303e-06
threshold=4.5930000305175787 407564444.50000006 41.416170592703054 0.036705217589033119 0.028532294942094836 0.20199438151163843 35.501922662860501 60.979926966146969 4.6549999713897714 290711394.00000006 10.213857290259275 -0.0087145388988169644 -1.0000000180025095e-35 5.4821856021881112 5.1150000095367441 5.2019999980926519 4025131733.5000005 371184257.00000006 -0.010700927747405607 3.022836565971375 -0.0022701483954853381 -0.013540186062870439 -0.017578590191225815
decision_type=2 2 2 2 2 2 2 2 2 2 2 2 2 2 2 2 2 2 2 2 2 2 2
left_child=1 4 21 -4 10 6 -6 -7 9 19 -1 -12 13 18 16 -16 -14 -11 -10 20 -2 -3 -15
right_child=8 2 3 -5 5 7 -8 -9 12 17 11 -13 14 22 15 -17 -18 -19 -20 -21 -22 -23 -24
leaf_value=0 0 -9.3118546467706896e-06 0.00036932103075975882 0 -2.2593347452121042e-05 2.074324421597214e-05 -0.00023305669368249446 -3.7015473950891002e-05 0 -0.00020772220250884333 0.00016201089170751902 0 4.3961443834545101e-06 6.8678350779092583e-06 -5.0366015357657954e-05 1.4540694972671597e-06 7.3645141582533041e-05 0 -0.00011619115278803102 -2.0562213287243651e-05 1.0497624732171774e-05 0 0
leaf_weight=22 20 21 24 23 145 571 22 134 24 23 44 21 593 24 243 1785 98 22 57 43 25 31 53
leaf_count=22 20 21 24 23 145 571 22 134 24 23 44 21 593 24 243 1785 98 22 57 43 25 31 53
internal_value=0 1.0443e-05 9.20823e-05 0.00020481 0 -5.21288e-06 -6.83953e-05 5.50658e-06 -3.34033e-06 -5.07577e-05 7.4288e-05 0.000109593 -1.03887e-07 -4.10026e-05 1.17084e-06 -3.2781e-06 1.85674e-05 -0.000133349 -8.93292e-05 0 3.20225e-06 0 0
internal_weight=4068 1058 99 47 959 872 167 705 3010 133 87 65 2877 158 2719 2028 691 45 81 88 45 52 77
internal_count=4068 1058 99 47 959 872 167 705 3010 133 87 65 2877 158 2719 2028 691 45 81 88 45 52 77
is_linear=0
shrinkage=0.03


Tree=151
num_leaves=25
num_cat=0
split_feature=36 36 26 31 26 33 28 27 23 36 36 29 0 33 27 22 26 0 0 33 25 29 23 19
split_gain=0.000164134 0.000524428 0.000504259 0.000833968 0.000586125 0.000504972 0.000395975 0.000392699 0.000387571 0.000524512 0.000590493 0.000377505 0.000371121 0.000406526 0.000223485 0.000223473 0.000201016 0.000195455 0.000162689 0.000127518 0.000155481 0.000115512 0.00010756 9.29276e-05
threshold=-0.0042507978402670839 -0.0088235447963641838 0.13197203454650899 -0.0091742813241021386 0.10939357998513759 -0.0081317344339494873 -3136782845.9999995 0.0072685207278513639 0.11560489910584161 -1.0000000180025095e-35 0.0041710119616182031 70.686100958790504 4.9340970516204843 -0.0079286423269619415 -0.035692410636258436 37.208967512149087 0.14402154017170779 2.1953628063201909 2.3321515321731572 -0.025234013209484037 -0.042479185869336654 40.602979089051658 0.0062526032883303282 4.6980000019073493
decision_type=2 2 2 2 2 2 2 2 2 2 2 2 2 2 2 2 2 2 2 2 2 2 2 2
left_child=1 2 4 5 15 -4 18 19 9 11 -11 -9 13 -10 -6 -1 -5 -8 23 20 -2 -19 -20 -3
right_child=7 6 3 16 14 -7 17 8 12 10 -12 -13 -14 -15 -16 -17 -18 21 22 -21 -22 -23 -24 -25
leaf_value=3.6446430814856232e-05 0 4.5875608595365296e-05 0.00010313371684250727 0 0 0 0 -4.8179615196137163e-05 0 3.1568226887116184e-05 -1.0544489534646317e-06 0 0 -8.9687418385815424e-05 -6.9695727755946492e-05 -1.3145996675820475e-05 -8.4748001765518418e-05 7.7725249243829994e-05 -8.0518989130103864e-05 0 -0.000123091124090271 1.7353927975335671e-05 0 0
leaf_weight=115 20 44 123 24 21 52 20 284 20 689 1251 112 59 130 205 279 38 186 36 21 43 245 31 20
leaf_count=115 20 44 123 24 21 52 20 284 20 689 1251 112 59 130 205 279 38 186 36 21 43 245 31 20
internal_value=0 8.36442e-06 -3.55518e-06 2.88281e-05 -2.07745e-05 6.98733e-05 3.10675e-05 -4.22971e-06 -9.16453e-07 1.36165e-06 8.98636e-06 -2.84107e-05 -4.07146e-05 -6.73387e-05 -5.93021e-05 0 -3.86422e-05 4.51165e-05 0 -6.88212e-05 -9.01745e-05 5.03784e-05 -4.52256e-05 1.19651e-05
internal_weight=4068 1439 857 237 620 175 582 2629 2545 2336 1940 396 209 150 226 394 62 451 131 84 63 431 67 64
internal_count=4068 1439 857 237 620 175 582 2629 2545 2336 1940 396 209 150 226 394 62 451 131 84 63 431 67 64
is_linear=0
shrinkage=0.03


Tree=152
num_leaves=17
num_cat=0
split_feature=23 33 29 28 0 23 27 23 27 35 28 35 25 25 0 26
split_gain=0.000158502 0.000215988 0.000531139 0.000412052 0.000793329 0.000303564 0.000590039 0.000306086 0.00024003 0.000239568 0.000348116 0.00022883 0.00066604 0.000561416 0.000195295 0.000190801
threshold=-0.23925160948150778 0.01605960851599331 81.879575305736026 899577541.50000012 3.3972218036651616 -0.024183523612389731 0.93250218405478336 -0.039197515807670051 0.63696068377270032 0.010176348190427753 640541819.00000012 0.018922719802971267 -0.03363505243241291 -0.026919006471222053 3.2717462778091435 0.074325191464861703
decision_type=2 2 2 2 2 2 2 2 2 2 2 2 2 2 2 2
left_child=-1 9 3 8 -5 7 -7 -4 -3 10 15 12 -11 -13 -12 -2
right_child=1 2 5 4 -6 6 -8 -9 -10 11 14 13 -14 -15 -16 -17
leaf_value=6.4570913337105517e-05 0 -2.2152598278089556e-05 0 0.0001069038791066077 0 -7.1781855328350812e-05 0 0.00013570573139212911 3.1691753423118672e-05 6.9169909223944061e-05 4.098902848051349e-05 -5.0318694196834431e-05 0 0 -3.7393754388009403e-05 -0.00010200977755869788
leaf_weight=34 20 137 37 144 136 144 257 20 148 133 52 269 1375 1025 63 74
leaf_count=34 20 137 37 144 136 144 257 20 148 133 52 269 1375 1025 63 74
internal_value=0 -3.43253e-07 1.06896e-05 3.15358e-05 5.77095e-05 -8.47933e-06 -2.29608e-05 4.07215e-05 0 -5.08824e-06 -3.69872e-05 -1.63705e-06 4.97842e-06 -1.16646e-05 0 -7.98087e-05
internal_weight=4068 4034 1023 565 280 458 401 57 285 3011 209 2802 1508 1294 115 94
internal_count=4068 4034 1023 565 280 458 401 57 285 3011 209 2802 1508 1294 115 94
is_linear=0
shrinkage=0.03


Tree=153
num_leaves=25
num_cat=0
split_feature=5 35 0 5 0 34 29 24 23 25 24 26 23 5 4 2 26 26 27 31 19 26 26 28
split_gain=0.000165013 0.000426199 0.000441924 0.000409586 0.000648419 0.000471841 0.000765571 0.000353324 0.000584723 0.00116616 0.00053263 0.000667246 0.000474972 0.00028546 0.00022366 0.000398409 0.000411065 0.000171777 0.000344076 0.000172641 5.46527e-05 1.35793e-05 5.08119e-05 1.74053e-05
threshold=261652358.00000003 0.011323777644057011 3.2949796915054326 239661510.00000003 2.866296768188477 0.028544192114358439 43.11951961922383 0.044186778921987462 0.022902373318785422 0.025729768134516814 0.056422201821049199 0.12851212778376278 -0.032006602115012932 476538228.50000006 4.2049999237060556 4.0850000381469735 0.084569192833734472 0.10438257105369844 0.59266156517931001 -0.0042613851504237901 3.6790000677108767 0.1117038916864541 0.096041159356796343 5424268395.000001
decision_type=2 2 2 2 2 2 2 2 2 2 2 2 2 2 2 2 2 2 2 2 2 2 2 2
left_child=3 2 -2 14 5 6 -5 8 12 -10 11 -9 -3 -12 15 20 -17 19 -19 -16 -1 22 -6 -23
right_child=1 7 -4 4 21 -7 -8 10 9 -11 13 -13 -14 -15 17 16 -18 18 -20 -21 -22 23 -24 -25
leaf_value=2.7699360899177896e-05 0 2.7741279293404577e-05 -0.00017569762261918006 0 0 0 -0.00019441010198247106 -0.00013721486587852532 0.00014218807158620402 0 0 0 -1.6340519769177395e-05 5.8192657954453061e-05 0 0 0.00013402393722016512 1.9643465533235291e-05 -1.7024549830863078e-05 -2.3451520251394681e-05 -6.6412945075983914e-06 0 4.3348699428707326e-05 -1.8450808223381543e-05
leaf_weight=54 68 535 20 69 55 24 56 57 103 83 372 20 289 78 291 45 50 564 338 607 174 36 30 50
leaf_count=54 68 535 20 69 55 24 56 57 103 83 372 20 289 78 291 45 50 564 338 607 174 36 30 50
internal_value=0 7.60835e-06 -5.02828e-05 -4.72047e-06 -3.63548e-05 -8.21673e-05 -0.000106964 1.28777e-05 2.37581e-05 7.45712e-05 -2.28375e-06 -7.8454e-05 8.64011e-06 4.09918e-06 0 2.30316e-05 7.46502e-05 -4.07585e-06 2.57719e-06 -1.40984e-05 0 0 1.12813e-05 -4.01926e-06
internal_weight=4068 1625 88 2443 320 149 125 1537 1010 186 527 77 824 450 2123 323 95 1800 902 898 228 171 85 86
internal_count=4068 1625 88 2443 320 149 125 1537 1010 186 527 77 824 450 2123 323 95 1800 902 898 228 171 85 86
is_linear=0
shrinkage=0.03


Tree=154
num_leaves=22
num_cat=0
split_feature=31 23 23 4 33 28 5 25 28 33 35 31 26 31 23 36 36 28 36 36 25
split_gain=0.000152615 0.000376754 0.000467908 0.000818542 0.00056667 0.000416346 0.000391063 0.000339885 0.000322477 0.000292676 0.000295088 0.000422368 0.000502655 0.000300837 0.000265855 0.000449659 0.000224065 0.000619602 0.000284957 0.0002129 2.15167e-06
threshold=-0.0056967121760432273 0.1313414008833749 -0.08526731527318486 4.0850000381469735 -0.048795043658958363 3201694462.5000005 249050306.00000003 1.0000000180025095e-35 1059684482.0000001 0.01605960851599331 0.046161010642381643 0.02844164105170555 0.11231308297202387 -0.0015990502681376138 0.10545193858815029 0.0078921339860321734 -1.0000000180025095e-35 6350191090.000001 0.0068336874530457161 -0.0069686607989562143 0.016625618495220217
decision_type=2 2 2 2 2 2 2 2 2 2 2 2 2 2 2 2 2 2 2 2 2
left_child=1 2 3 -1 8 -5 -3 -6 -4 14 11 13 -13 -11 16 19 17 -2 -18 -16 -17
right_child=9 6 4 5 7 -7 -8 -9 -10 10 -12 12 -14 -15 15 20 18 -19 -20 -21 -22
leaf_value=0.00018610906627892972 -3.7877179700939496e-05 0 0 -6.2171174008282091e-06 1.7164663467967188e-05 8.3554128374336125e-05 0.00012623397702251154 -1.9359644663339084e-05 -0.00015471192897342504 -3.1493022744437401e-05 0.00011152741616998594 0 -0.00011047082217359975 2.0480291324163273e-05 0 0 1.5586919886386223e-05 3.9691037976066143e-05 -1.4461333706156826e-05 -0.00010149542597276028 9.3607953130646748e-06
leaf_weight=33 480 20 22 143 533 53 49 397 34 77 26 32 59 736 22 25 619 80 507 99 22
leaf_count=33 480 20 22 143 533 53 49 397 34 77 26 32 59 736 22 25 619 80 507 99 22
internal_value=0 8.71566e-06 2.25327e-06 4.23713e-05 -4.02527e-06 2.78967e-06 7.89267e-05 0 -9.68285e-05 -3.78138e-06 8.18115e-06 1.87858e-06 -5.4325e-05 1.1865e-05 -1.14002e-05 -5.02556e-05 -5.74643e-06 -2.14347e-05 0 -8.27505e-05 0
internal_weight=4068 1284 1215 229 986 196 69 930 56 2784 930 904 91 813 1854 168 1686 560 1126 121 47
internal_count=4068 1284 1215 229 986 196 69 930 56 2784 930 904 91 813 1854 168 1686 560 1126 121 47
is_linear=0
shrinkage=0.03


Tree=155
num_leaves=27
num_cat=0
split_feature=36 36 33 30 36 22 30 31 36 0 33 28 5 32 36 26 30 30 22 21 0 2 36 5 21 1
split_gain=0.000151746 0.000501617 0.000463289 0.000422112 0.000927366 0.000588981 0.000562244 0.00079187 0.000448943 0.000600277 0.000395628 0.000375802 0.000344755 0.000650064 0.000342185 0.000348955 0.000317576 0.000822328 0.000267945 0.000149855 0.000151137 7.30522e-05 5.56512e-05 2.78303e-05 2.54983e-05 6.9673e-05
threshold=-0.0042507978402670839 -0.0088235447963641838 -0.039278741074804883 16.131694512910951 0.0034512503110957276 41.610195084434842 19.305602053621694 0.0099452699366038306 -0.0020855059289597556 2.1092969179153447 0.010035200330111961 -3136782845.9999995 204146120.50000003 -0.011660834374153271 -0.028985514185675427 0.13324223808850783 77.461867752587111 82.442407369756083 32.037726957927369 5.1950833241144823 2.3776525259017949 5.0750000476837167 0.0017668469994192449 192999350.00000003 5.6579999963442491 4.3250000476837167
decision_type=2 2 2 2 2 2 2 2 2 2 2 2 2 2 2 2 2 2 2 2 2 2 2 2 2 2
left_child=1 2 14 4 24 21 7 22 10 -10 -8 19 23 -14 -1 -16 18 -18 -4 20 -3 -6 -5 -13 25 -2
right_child=3 11 16 6 5 -7 8 -9 9 -11 -12 12 13 -15 15 -17 17 -19 -20 -21 -22 -23 -24 -25 -26 -27
leaf_value=0 0 4.5357664207397307e-05 0 0 -0.00020508236935167006 0 -6.8412913335143892e-05 0 5.8340143639028271e-05 -3.6297571680673048e-06 0 1.2206652677899966e-05 0 0.00010437715072021598 0 0.00015087703509874067 0.00012218427779907596 -1.9741640418485603e-05 -3.4879110716931143e-05 -7.1884615817803061e-05 -7.2233128899062689e-06 0 0.00018022002340624415 0 0 4.8710280314082702e-05
leaf_weight=23 20 65 65 20 44 28 169 30 151 1971 73 168 93 162 62 38 50 62 557 26 40 23 38 28 26 36
leaf_count=23 20 65 65 20 44 28 169 30 151 1971 73 168 93 162 62 38 50 62 557 26 40 23 38 28 26 36
internal_value=0 8.00162e-06 -3.60522e-06 -4.11096e-06 -4.8949e-05 -0.000115058 0 7.34036e-05 -3.64033e-06 0 -4.24068e-05 3.02442e-05 4.39331e-05 6.80396e-05 4.46375e-05 7.43432e-05 -1.57811e-05 1.69088e-05 -2.64915e-05 0 0 -0.000163286 0.000142957 0 0 2.02253e-05
internal_weight=4068 1439 857 2629 177 95 2452 88 2364 2122 242 582 451 255 123 100 734 112 622 131 105 67 58 196 82 56
internal_count=4068 1439 857 2629 177 95 2452 88 2364 2122 242 582 451 255 123 100 734 112 622 131 105 67 58 196 82 56
is_linear=0
shrinkage=0.03


Tree=156
num_leaves=18
num_cat=0
split_feature=32 23 23 36 30 23 33 23 26 19 30 3 35 23 23 32 21
split_gain=0.00014867 0.000731174 0.000665666 0.000632064 0.000531368 0.000521124 0.000453097 0.000921347 0.000911836 0.000395947 0.000359782 0.000343925 0.000261051 0.000242162 0.000489266 0.000434472 0.000144973
threshold=0.01845328238460409 -0.087372818937493588 -0.23925160948150778 0.008826123886219105 68.482309991566694 -0.1808618469132077 0.012972997880415506 -0.069256846251870771 0.12033289907861677 5.3430000305175787 89.624858677523477 4.6150000095367441 0.014131507571170829 0.011945068355391887 -0.032006602115012932 -0.0016708543916736927 4.3957500159740457
decision_type=2 2 2 2 2 2 2 2 2 2 2 2 2 2 2 2 2
left_child=2 5 -1 10 9 -2 13 8 -8 -5 12 -9 -3 14 -4 -15 -6
right_child=1 3 6 4 16 -7 7 11 -10 -11 -12 -13 -14 15 -16 -17 -18
leaf_value=0.0001544530081680451 0 0 0 9.6592377762817907e-05 -6.9387243885368205e-05 -0.0001497686899176498 0 5.0290454661398111e-05 0.00024231580422666812 0 1.0561156781640506e-05 -5.2815861093435768e-07 -7.4551683915406131e-05 2.0339289520861966e-05 -3.3425491192109935e-05 -1.5038504123798613e-05 0
leaf_weight=26 24 80 934 114 27 55 34 130 34 78 20 430 161 760 599 454 108
leaf_count=26 24 80 934 114 27 55 34 130 34 78 20 430 161 760 599 454 108
internal_value=0 -1.27744e-05 2.70807e-06 0 2.65158e-05 -9.8466e-05 6.45666e-07 2.43368e-05 0.000131723 6.0718e-05 -3.60262e-05 5.91971e-06 -5.23381e-05 -3.67907e-06 -1.22221e-05 4.63793e-06 0
internal_weight=4068 667 3401 588 327 79 3375 628 68 192 261 560 241 2747 1533 1214 135
internal_count=4068 667 3401 588 327 79 3375 628 68 192 261 560 241 2747 1533 1214 135
is_linear=0
shrinkage=0.03


Tree=157
num_leaves=25
num_cat=0
split_feature=36 30 30 36 2 36 3 26 32 21 23 31 36 36 26 29 25 32 30 27 23 25 35 33
split_gain=0.000148732 0.000918657 0.000760077 0.000667463 0.000505507 0.000443625 0.000698035 0.000433745 0.000477027 0.000548453 0.000405069 0.0004647 0.000397518 0.000471966 0.000434816 0.000367679 0.000379326 0.000354204 0.000344428 0.000277035 0.000187279 0.00011193 9.2214e-05 2.24749e-05
threshold=0.0041710119616182031 16.131694512910951 37.357412515639744 0.0018001796993170061 5.0750000476837167 0.009782310488130783 4.9349999427795419 0.080635246019646764 0.0094229109841035292 5.7018425385157272 -0.016422783692198181 0.021213965127311777 -0.0042507978402670839 -0.0088235447963641838 0.13197203454650899 66.666528191253732 -0.0124459448938709 -0.011876484175169842 76.582063103758841 0.82025553254537265 -0.040048881978966826 -0.0028887285531408262 0.013480247023367578 0.016682167145104513
decision_type=2 2 2 2 2 2 2 2 2 2 2 2 2 2 2 2 2 2 2 2 2 2 2 2
left_child=3 4 10 12 20 6 -4 22 9 -9 11 -3 13 14 -1 16 -14 -15 -17 -7 -2 -12 -5 -10
right_child=1 2 5 7 -6 19 -8 8 23 -11 21 -13 15 17 -16 18 -18 -19 -20 -21 -22 -23 -24 -25
leaf_value=-1.9613315483548889e-05 -0.00020904404259213189 9.0394691527315095e-05 0 -4.6672086340492572e-05 0 -2.023689907989046e-05 -6.9592278341506792e-05 0.00010713234997867312 -5.3860795762540061e-06 0 -1.4934087778751014e-05 0 0 0 2.6213721016730063e-05 4.8171175951597683e-05 -5.5734617706387395e-05 4.6127764389043043e-05 -1.4299865114150718e-05 2.343870195167702e-05 0 4.2418110036515503e-05 0 1.8236912941973514e-05
leaf_weight=620 35 151 172 38 29 237 260 171 54 35 120 52 246 197 237 117 304 385 187 277 21 41 26 56
leaf_count=620 35 151 172 38 29 237 260 171 54 35 120 52 246 197 237 117 304 385 187 277 21 41 26 56
internal_value=0 -7.73879e-06 0 4.33823e-06 -0.000103428 -1.56659e-05 -3.82278e-05 4.1368e-05 5.73826e-05 8.44586e-05 3.52289e-05 6.34026e-05 -4.91682e-07 7.72971e-06 -3.43827e-06 -1.78566e-05 -3.31152e-05 2.93262e-05 0 0 -0.000156003 0 0 0
internal_weight=4068 1395 1310 2673 85 946 432 380 316 206 364 203 2293 1439 857 854 550 582 304 514 56 161 64 110
internal_count=4068 1395 1310 2673 85 946 432 380 316 206 364 203 2293 1439 857 854 550 582 304 514 56 161 64 110
is_linear=0
shrinkage=0.03


Tree=158
num_leaves=25
num_cat=0
split_feature=5 35 0 5 0 34 29 30 29 35 22 28 0 36 34 29 29 0 22 30 30 36 30 0
split_gain=0.000142235 0.000398338 0.000415893 0.000390188 0.00061035 0.000449361 0.000704447 0.000351833 0.000956072 0.00062816 0.000709086 0.000528795 0.000342507 0.000292527 0.000171288 0.000489126 0.000353692 0.0004474 0.000414278 0.000270457 0.000261204 1.36969e-05 0.000133726 1.30063e-05
threshold=261652358.00000003 0.011323777644057011 3.2949796915054326 239661510.00000003 2.866296768188477 0.028544192114358439 43.11951961922383 60.604254578680788 65.124450999031367 0.017241363068492374 52.263834071655914 4328499638.000001 2.6895761489868169 0.0035304525528683395 -0.017896006109536341 27.253267852121304 68.765298287382052 3.2949796915054326 58.247832502932958 33.48091468729924 19.710211079905324 0.005568463616493523 39.670630330613939 3.6030974388122563
decision_type=2 2 2 2 2 2 2 2 2 2 2 2 2 2 2 2 2 2 2 2 2 2 2 2
left_child=3 2 -2 14 5 6 -5 8 13 12 -11 -10 -9 -3 15 20 17 -16 -18 -17 -1 22 -6 -23
right_child=1 7 -4 4 21 -7 -8 9 11 10 -12 -13 -14 -15 16 19 18 -19 -20 -21 -22 23 -24 -25
leaf_value=2.4930297217478721e-05 0 2.7230153325725636e-05 -0.00017056991499084145 0 0 0 -0.00018817518709097797 8.5751285368779645e-05 0.00019530768215673971 -0.00010676120529372209 0 0 0 -2.3998415126571215e-06 0 0.00011112786901600386 3.8427107333668486e-05 -4.6838669539357402e-05 -6.0926707091169546e-06 0 -2.4872719238174242e-05 -1.915946716914171e-05 4.1831635883236338e-05 0
leaf_weight=171 68 517 20 69 37 24 56 83 46 79 365 20 83 344 708 65 294 311 293 73 208 40 74 20
leaf_count=171 68 517 20 69 37 24 56 83 46 79 365 20 83 344 708 65 294 311 293 73 208 40 74 20
internal_value=0 7.03496e-06 -4.88793e-05 -4.41327e-06 -3.52947e-05 -7.97409e-05 -0.000103977 1.2191e-05 2.42287e-05 -1.18611e-06 -2.43539e-05 0.000139297 4.26967e-05 1.19091e-05 0 1.5254e-05 -4.59005e-06 -1.65712e-05 1.1098e-05 6.37095e-05 0 0 9.15552e-06 -7.08217e-06
internal_weight=4068 1625 88 2443 320 149 125 1537 927 610 444 66 166 861 2123 517 1606 1019 587 138 379 171 111 60
internal_count=4068 1625 88 2443 320 149 125 1537 927 610 444 66 166 861 2123 517 1606 1019 587 138 379 171 111 60
is_linear=0
shrinkage=0.03


Tree=159
num_leaves=16
num_cat=0
split_feature=32 23 34 33 29 34 35 20 5 28 23 32 23 13 23
split_gain=0.000145611 0.000621267 0.000598512 0.00038903 0.000735336 0.000526762 0.000301948 0.000305838 0.00039402 0.000347091 0.000244554 0.000407298 0.000398651 0.000227831 0.000154752
threshold=0.021074869706332103 -0.23925160948150778 0.0042964959664891786 0.012972997880415506 82.139406272332792 0.02564105925880578 0.043638018362406016 4.9374999642372144 377949616.00000006 6387192537.000001 0.011945068355391887 -0.0016708543916736927 -0.032006602115012932 -1.0000000180025095e-35 -0.054050475017577419
decision_type=2 2 2 2 2 2 2 2 2 2 2 2 2 2 2
left_child=1 -1 14 10 5 -5 7 8 -4 -9 12 -12 -3 -6 -2
right_child=2 3 6 4 13 -7 -8 9 -10 -11 11 -13 -14 -15 -16
leaf_value=0.00014881845039112126 -0.00015933486602963114 0 0 1.5039780985166875e-05 -8.0511543517819742e-05 0.00011213838535403915 9.1005177600141218e-05 4.0688793343028838e-05 -0.00010361544330986962 -2.3617419351903037e-05 1.9856820036166935e-05 -1.4085851018703463e-05 -3.1367055652742255e-05 0 0
leaf_weight=26 31 943 144 289 33 109 29 158 61 99 760 464 603 279 40
leaf_count=26 31 943 144 289 33 109 29 158 61 99 760 464 603 279 40
internal_value=0 2.35434e-06 -1.40915e-05 3.93774e-07 2.09259e-05 4.91894e-05 0 -8.15725e-06 -3.83319e-05 4.24898e-06 -3.78655e-06 4.53878e-06 -1.23181e-05 -5.52001e-06 -9.56345e-05
internal_weight=4068 3506 562 3480 710 398 491 462 205 257 2770 1224 1546 312 71
internal_count=4068 3506 562 3480 710 398 491 462 205 257 2770 1224 1546 312 71
is_linear=0
shrinkage=0.03


Tree=160
num_leaves=11
num_cat=0
split_feature=3 0 34 0 0 32 30 24 21 30
split_gain=0.000141662 0.000493069 0.000165566 0.000612607 0.000441368 0.000224703 0.00073925 0.000255886 0.000120566 0.000130258
threshold=3.7350000143051152 2.7766529321670537 -0.073720119842869233 2.2751930952072148 1.7643836140632632 -0.0095530885936727632 75.400858569656847 0.11915599032388911 3.7256666660308841 44.04301706839118
decision_type=2 2 2 2 2 2 2 2 2 2
left_child=1 -1 3 -2 -4 6 -6 -7 -3 -10
right_child=2 8 4 -5 5 7 -8 -9 9 -11
leaf_value=0.00015338937271071435 -0.00015560345392981448 5.5491190276054774e-05 0.00013998548571479073 0 0 -2.5770110879144324e-06 8.2964582953912357e-05 -4.2963479160003025e-05 -5.1450673815587538e-05 0
leaf_weight=24 29 31 20 42 986 2556 111 173 49 47
leaf_count=24 29 31 20 42 986 2556 111 173 49 47
internal_value=0 2.85625e-05 -1.03875e-06 -4.64243e-05 0 -9.36152e-07 9.51806e-06 -6.23798e-06 0 -1.15158e-05
internal_weight=4068 151 3917 71 3846 3826 1097 2729 127 96
internal_count=4068 151 3917 71 3846 3826 1097 2729 127 96
is_linear=0
shrinkage=0.03


Tree=161
num_leaves=16
num_cat=0
split_feature=32 23 34 24 24 23 26 34 35 21 28 22 19 25 32
split_gain=0.000138776 0.000584573 0.000572474 0.000383236 0.000338574 0.000575875 0.000626762 0.000534818 0.000283869 0.000297046 0.000355767 0.000348642 0.000241313 0.000129216 1.71666e-06
threshold=0.021074869706332103 -0.23925160948150778 0.0042964959664891786 -0.05573707413952244 -0.16543031874497385 -0.083916348330467891 0.15219972521663386 -0.069823495087000628 0.043638018362406016 4.9273333191871656 6387192537.000001 57.799527304321153 5.0430000305175797 0.0020683140462584922 0.026216747074415462
decision_type=2 2 2 2 2 2 2 2 2 2 2 2 2 2 2
left_child=1 -1 3 -2 12 6 -6 -7 9 11 -11 -4 -3 -14 -5
right_child=2 4 8 14 5 7 -8 -9 -10 10 -12 -13 13 -15 -16
leaf_value=0.00014440529447198768 -0.00019621883852006606 0 0 -7.6938470780057232e-06 1.4653869820968633e-05 -0.00010859372282443125 0.00015963793531728805 0 8.8256112316061647e-05 4.2660831715920868e-05 -2.2673442594798171e-05 -6.6628041156579785e-05 -0.00017099869362480265 0 0
leaf_weight=26 25 23 76 26 367 41 40 2967 29 151 99 136 21 21 20
leaf_count=26 25 23 76 26 367 41 40 2967 29 151 99 136 21 21 20
internal_value=0 2.30584e-06 -1.3749e-05 -9.34932e-05 3.78018e-07 2.52161e-06 3.63078e-05 -1.05361e-06 0 -7.89699e-06 4.79454e-06 -3.70029e-05 -6.59911e-05 -0.000109053 0
internal_weight=4068 3506 562 71 3480 3415 407 3008 491 462 250 212 65 42 46
internal_count=4068 3506 562 71 3480 3415 407 3008 491 462 250 212 65 42 46
is_linear=0
shrinkage=0.03


Tree=162
num_leaves=18
num_cat=0
split_feature=3 36 24 36 24 7 29 0 33 0 32 24 27 0 24 36 34
split_gain=0.000135708 0.000483858 0.000547567 0.00016659 0.000437959 0.00040354 0.000713284 0.000182351 0.000492117 0.000504946 0.000413755 0.000423684 0.000377103 0.00036493 1.20954e-05 6.59149e-05 8.96184e-07
threshold=3.7350000143051152 -0.0058982349751343375 -0.063001132253417427 -0.018126889674538862 0.10910395820706494 -89.999999999999986 25.135718998712594 3.7098116874694829 0.054982937564356578 3.2839072942733769 -0.0032921979760481275 -0.015293498563312484 0.086025672266493575 2.7512578964233403 -0.024856150462764799 0.0025907193659190212 -0.0084728410660107039
decision_type=2 2 2 2 2 2 2 2 2 2 2 2 2 2 2 2 2
left_child=1 2 -1 4 5 -2 -7 8 9 -5 12 -12 -9 -10 15 -3 -16
right_child=3 14 -4 7 -6 6 -8 10 13 -11 11 -13 -14 -15 16 -17 -18
leaf_value=0.00021285411449717718 0 -5.6363906752427696e-05 0 0 2.9946911068131715e-05 0 -0.00012148404072501106 0 0 -2.8881345886409395e-05 4.7678430853189131e-05 -1.9671993976815354e-05 6.9369676749752164e-05 0.00014818423742615555 0 0 6.3346386209491608e-06
leaf_weight=23 34 22 34 2330 35 55 103 30 44 647 114 315 178 32 20 32 20
leaf_count=23 34 22 34 2330 35 55 103 30 44 647 114 315 178 32 20 32 20
internal_value=0 2.79815e-05 9.84804e-05 -9.88929e-07 -2.60205e-05 -5.18501e-05 -7.45907e-05 0 -2.48434e-06 -5.35325e-06 1.51004e-05 0 4.9875e-05 7.03317e-05 0 -1.41851e-05 0
internal_weight=4068 151 57 3917 227 192 158 3690 3053 2977 637 429 208 76 94 54 40
internal_count=4068 151 57 3917 227 192 158 3690 3053 2977 637 429 208 76 94 54 40
is_linear=0
shrinkage=0.03


Tree=163
num_leaves=21
num_cat=0
split_feature=32 23 23 35 35 35 36 29 34 30 23 35 31 34 32 29 30 27 29 26
split_gain=0.000133877 0.000658343 0.000586522 0.00098786 0.00106184 0.00065202 0.000572568 0.000645168 0.000499247 0.000497177 0.000494405 0.00045262 0.00043848 0.00040565 0.000403289 0.000340462 0.000517701 0.000236345 0.000127731 0.000120677
threshold=0.01845328238460409 -0.087372818937493588 -0.083916348330467891 0.033234442886689315 0.04091024738924335 0.02619233334331245 0.008826123886219105 85.541034946792806 -0.069823495087000628 68.482309991566694 -0.1808618469132077 0.011202411949033321 0.012769900576686812 0.006580742850052613 0.0019102195907988453 85.197180902671121 74.998343608889869 1.0047256700657707 84.944046636044746 0.12573177785916936
decision_type=2 2 2 2 2 2 2 2 2 2 2 2 2 2 2 2 2 2 2 2
left_child=2 10 3 5 -5 12 7 11 -4 13 -2 -3 -1 -8 -7 16 -10 -17 -11 -9
right_child=1 6 8 4 -6 14 9 19 15 18 -12 -13 -14 -15 -16 17 -18 -19 -20 -21
leaf_value=1.4376499171608427e-05 0 0 -0.00010537298477752333 0.00029945643789980607 0 -0.0001095341300190298 0 0 -1.378119438785709e-06 -5.0487124372455395e-05 -0.00014355438147433197 -9.2195297664119109e-05 0.00017684572101147334 8.274846598282233e-05 0 -4.7228060843927155e-05 3.4154124671618981e-05 0 0 6.3911304949624694e-05
leaf_weight=331 24 21 41 26 29 50 43 61 2201 45 55 152 23 149 28 221 418 33 90 27
leaf_count=331 24 21 41 26 29 50 43 61 2201 45 55 152 23 149 28 221 418 33 90 27
internal_value=0 -1.21217e-05 2.5703e-06 3.33975e-05 0.000158534 1.04899e-05 0 -3.42855e-05 -1.55317e-06 2.52405e-05 -9.34335e-05 -7.15225e-05 3.34516e-05 5.84303e-05 -5.52176e-05 0 3.14859e-06 -3.3222e-05 0 4.86499e-06
internal_weight=4068 667 3401 487 55 432 588 261 2914 327 79 173 354 192 78 2873 2619 254 135 88
internal_count=4068 667 3401 487 55 432 588 261 2914 327 79 173 354 192 78 2873 2619 254 135 88
is_linear=0
shrinkage=0.03


Tree=164
num_leaves=25
num_cat=0
split_feature=36 30 30 24 36 31 28 2 26 22 21 36 36 33 28 28 28 24 35 24 21 35 33 36
split_gain=0.000136523 0.000857566 0.000718957 0.000641747 0.000641723 0.000573844 0.000554083 0.000484122 0.000408811 0.000406108 0.000679633 0.000361457 0.000439123 0.000420647 0.000372476 0.0005229 0.000358104 0.000306211 0.000267043 0.000181459 0.000177346 8.28072e-05 7.59091e-05 6.02064e-06
threshold=0.0041710119616182031 16.131694512910951 37.357412515639744 0.020410467777329699 0.0018001796993170061 0.021213965127311777 5379316711.500001 5.0750000476837167 0.080635246019646764 58.247832502932958 5.9104061206181848 -0.0042507978402670839 -0.0088235447963641838 -0.039278741074804883 -4151668514.9999995 1169148242.0000002 -3136782845.9999995 0.070676199640246143 0.012522349075498932 -0.0028105795340245716 5.0314166784286511 0.013480247023367578 -0.015710234733995129 0.0034512503110957276
decision_type=2 2 2 2 2 2 2 2 2 2 2 2 2 2 2 2 2 2 2 2 2 2 2 2
left_child=4 7 3 5 11 -3 18 19 21 10 -10 12 13 -1 20 -16 -14 -8 -4 -2 -13 -6 -5 -11
right_child=1 2 6 22 8 -7 17 -9 9 23 -12 14 16 -15 15 -17 -18 -19 -20 -21 -22 -23 -24 -25
leaf_value=4.2150160089225203e-05 -0.00020025717328016197 9.1710084574819696e-05 -5.9763414036425781e-05 0 -4.4227544957126566e-05 0 -7.205488472810348e-05 0 0.00010310941196180827 8.8553041470400143e-06 0 0 0 -1.5232532653651235e-05 -5.9632314697043524e-05 0 4.1625036273164901e-05 0 6.0800627172845105e-06 0 5.7066189290126561e-05 0 -2.6802669541119987e-05 0
leaf_weight=123 36 181 61 31 38 57 191 29 185 69 29 85 131 734 288 422 451 96 598 20 59 26 95 33
leaf_count=123 36 181 61 31 38 57 191 29 185 69 29 85 131 734 288 422 451 96 598 20 59 26 95 33
internal_value=0 -7.4236e-06 0 3.43317e-05 4.14773e-06 6.50243e-05 -1.51764e-05 -9.98644e-05 4.04787e-05 5.59843e-05 7.959e-05 -5.66327e-07 7.19729e-06 -3.49261e-06 -1.71599e-05 -2.79285e-05 2.80899e-05 -4.99593e-05 0 -0.000151311 1.50988e-05 0 0 0
internal_weight=4068 1395 1310 364 2673 238 946 85 380 316 214 2293 1439 857 854 710 582 287 659 56 144 64 126 102
internal_count=4068 1395 1310 364 2673 238 946 85 380 316 214 2293 1439 857 854 710 582 287 659 56 144 64 126 102
is_linear=0
shrinkage=0.03


Tree=165
num_leaves=11
num_cat=0
split_feature=25 34 0 5 5 24 30 5 0 27
split_gain=0.000132211 0.000225787 0.000670034 0.000142362 0.00043212 0.000545856 0.000429742 0.00040663 0.000571383 0.000199874
threshold=-0.073966259599290721 -0.073720119842869233 2.2751930952072148 261652358.00000003 277637818.00000006 -0.040645090219839843 60.604254578680788 239661510.00000003 2.866296768188477 0.72826093639595324
decision_type=2 2 2 2 2 2 2 2 2 2
left_child=-1 2 -2 7 5 -5 -6 9 -9 -3
right_child=1 3 -4 4 6 -7 -8 8 -10 -11
leaf_value=5.8917791456413575e-05 -0.00020035509957711266 5.9864074416419402e-06 0 0.00013024083149069739 1.5849485221105141e-05 7.616697087119319e-07 -1.8739248320109936e-05 -7.8809683573403025e-05 0 -1.5369987308790457e-05
leaf_weight=34 20 1591 39 57 744 177 569 148 169 520
leaf_count=34 20 1591 39 57 744 177 569 148 169 520
internal_value=0 -3.91628e-07 -5.8727e-05 0 7.56301e-06 4.51587e-05 0 -4.04013e-06 -3.57644e-05 0
internal_weight=4068 4034 59 3975 1547 234 1313 2428 317 2111
internal_count=4068 4034 59 3975 1547 234 1313 2428 317 2111
is_linear=0
shrinkage=0.03


Tree=166
num_leaves=24
num_cat=0
split_feature=36 30 29 24 33 36 35 24 22 24 0 1 22 23 24 29 35 22 29 35 28 20 0
split_gain=0.000127867 0.000815722 0.000674748 0.000773876 0.000768907 0.000599604 0.000588707 0.000539379 0.000464748 0.000394594 0.000828194 0.000435201 0.000352599 0.00100341 0.000866722 0.000343626 0.000317705 0.000293681 0.000211843 0.00016044 0.000148059 0.000137936 6.43576e-07
threshold=0.0041710119616182031 16.131694512910951 47.619070595922786 0.017350195544691551 0.012744664212143377 0.0018001796993170061 0.016769892862061517 -0.0040078074367784775 41.610195084434842 -0.060944852185902891 3.0920076370239262 5.4029409885406503 25.141863247435968 -0.19780919271196981 -0.15421862957632387 65.848223923122859 0.046161010642381643 48.549710262976141 41.498722533075544 0.019960107481565157 1962206358.0000002 5.3034999966621408 2.8219473361968999
decision_type=2 2 2 2 2 2 2 2 2 2 2 2 2 2 2 2 2 2 2 2 2 2 2
left_child=5 8 3 6 7 12 -3 -4 21 10 -7 20 13 -1 18 -16 -6 -13 -14 -5 -11 -2 -15
right_child=1 2 4 19 16 9 -8 -9 -10 11 -12 17 14 22 15 -17 -18 -19 -20 -21 -22 -23 -24
leaf_value=0.00023693720154658449 -0.00018577756074568627 0 0 0 -1.6171935206147826e-06 0.0001857997663319111 9.6448397832506368e-05 -9.3490008414805719e-05 0 0 0 0 0 0 -8.7539276625678906e-06 1.7394935129896135e-05 0.00011610171408944218 9.3104617148445285e-05 -0.00017186673402122584 -4.0849658999397554e-05 -5.5603236508320167e-05 0 -4.1213930861702102e-06
leaf_weight=21 39 81 112 96 579 47 171 162 26 161 20 27 22 25 1520 637 21 82 34 88 43 20 34
leaf_count=21 39 81 112 96 579 47 171 162 26 161 20 27 22 25 1520 637 21 82 34 88 43 20 34
internal_value=0 -7.22897e-06 0 2.90456e-05 -1.6548e-05 3.97209e-06 6.48981e-05 -5.82918e-05 -9.73838e-05 3.91014e-05 0.000114558 1.33363e-05 -5.4278e-07 5.92791e-05 -4.06349e-06 0 0 6.40354e-05 -0.000120648 -3.76985e-06 0 -0.00014399 0
internal_weight=4068 1395 1310 436 874 2673 252 274 85 380 67 313 2293 80 2213 2157 600 109 56 184 204 59 59
internal_count=4068 1395 1310 436 874 2673 252 274 85 380 67 313 2293 80 2213 2157 600 109 56 184 204 59 59
is_linear=0
shrinkage=0.03


Tree=167
num_leaves=27
num_cat=0
split_feature=31 30 27 30 31 36 23 31 21 30 33 29 35 34 0 30 22 31 23 26 31 27 35 34 22 31
split_gain=0.000128419 0.000310357 0.000614182 0.000573786 0.000879209 0.000407758 0.000306706 0.000299485 0.000283629 0.000311489 0.000253854 0.000546425 0.000452364 0.000442463 0.000420669 0.000506615 0.000776367 0.00033386 0.000317652 0.000372881 0.000311374 7.13781e-05 5.16258e-05 3.60681e-05 5.47164e-05 2.43551e-05
threshold=-0.0053908346964566803 72.742489298174235 0.75678055251121845 59.439321190474317 -0.017033715298555515 0.0025907193659190212 -0.083916348330467891 -0.010022518138332047 5.9367881695429494 82.442407369756083 0.0020790856335568546 51.476974100194717 0.011323777644057011 0.007226737826960151 2.1092969179153447 80.858463109133183 41.887794132825881 -0.0043715857060812593 0.17403931379367557 0.10188009819856074 -0.0022701483954853381 0.36912402957059393 0.017910841433841574 0.034101097519396724 64.135293488684894 -0.010700927861038765
decision_type=2 2 2 2 2 2 2 2 2 2 2 2 2 2 2 2 2 2 2 2 2 2 2 2 2 2
left_child=1 3 8 5 -5 6 -1 -7 9 -3 11 13 -13 20 15 16 -12 -14 19 -16 -2 -6 -15 24 -4 -25
right_child=10 2 23 4 21 7 -8 -9 -10 -11 14 12 17 22 18 -17 -18 -19 -20 -21 -22 -23 -24 25 -26 -27
leaf_value=5.5681489105749233e-05 -4.3340386131940267e-05 0.00013616911610721841 -4.3043525817053277e-05 -0.00015348413236277022 2.7198956721095799e-05 -0.00011055028331704818 4.0868793567617586e-06 0 0 0 0 0 0 0 -1.4006760640490541e-05 0 0.00015514744551574567 -9.3241225365664075e-05 -9.5874658060316996e-05 1.580634397928984e-05 0 -1.9567201191995658e-05 0.00011119660683149514 3.0804241904626022e-05 0 0
leaf_weight=186 188 78 44 51 37 35 629 35 22 30 25 39 24 21 684 30 64 167 31 806 644 96 30 23 24 25
leaf_count=186 188 78 44 51 37 35 629 35 22 30 25 39 24 21 684 30 64 167 31 806 644 96 30 23 24 25
internal_value=0 7.82097e-06 3.82342e-05 0 -4.7335e-05 1.08353e-05 1.95478e-05 -4.76904e-05 8.37499e-05 0.000103937 -3.57243e-06 -1.51047e-05 -5.69069e-05 -8.13942e-07 2.42534e-06 5.70952e-05 9.73385e-05 -7.76513e-05 0 1.07019e-07 -9.37206e-06 0 7.98376e-05 0 -2.18328e-05 8.31316e-09
internal_weight=4068 1315 246 1069 184 885 815 70 130 108 2753 1113 230 883 1640 119 89 191 1521 1490 832 133 51 116 68 48
internal_count=4068 1315 246 1069 184 885 815 70 130 108 2753 1113 230 883 1640 119 89 191 1521 1490 832 133 51 116 68 48
is_linear=0
shrinkage=0.03


Tree=168
num_leaves=18
num_cat=0
split_feature=32 23 33 26 36 29 33 29 29 23 24 32 36 20 13 21 21
split_gain=0.000133084 0.000497435 0.000418916 0.000718029 0.000428938 0.000399983 0.000370519 0.000665861 0.000307246 0.000261175 0.000426692 0.000384482 0.00025298 0.000232011 0.000209861 0.000205396 9.92715e-05
threshold=0.021074869706332103 -0.23925160948150778 0.054982937564356578 0.16472553468067128 0.009782310488130783 85.541034946792806 0.012972997880415506 82.139406272332792 59.630545010131847 0.011945068355391887 0.04479839460791521 -0.0019474197068378161 0.010708832951765591 4.9374999642372144 -1.0000000180025095e-35 6.5019999861717235 4.7092499812444055
decision_type=2 2 2 2 2 2 2 2 2 2 2 2 2 2 2 2 2
left_child=1 -1 3 4 5 -2 9 8 -8 11 -11 -3 -4 -6 -9 -5 -14
right_child=2 6 12 15 13 -7 7 14 -10 10 -12 -13 16 -15 -16 -17 -18
leaf_value=0.00013352630549544017 -7.2821268907393246e-05 -2.3906903812429613e-05 9.7175956152542007e-05 -0.00021701708061720775 -1.0708616169284314e-06 0 0 -7.6609803993238004e-05 6.3903670159320481e-05 3.0552872508800386e-05 -4.7464326457913504e-06 3.6532721173894346e-06 4.1649908420516003e-05 4.3483128546526414e-05 0 0 -3.8675698321968134e-05
leaf_weight=26 143 1012 34 25 107 56 112 33 286 426 798 534 22 121 279 20 34
leaf_count=26 143 1012 34 25 107 56 112 33 286 426 798 534 22 121 279 20 34
internal_value=0 2.28624e-06 -1.34344e-05 -2.85253e-05 -8.80437e-06 -4.47587e-05 4.39853e-07 2.04834e-05 4.73306e-05 -3.61522e-06 5.08982e-06 -1.24474e-05 3.23565e-05 9.43059e-06 -4.15599e-06 -0.000148702 0
internal_weight=4068 3506 562 472 427 199 3480 710 398 2770 1224 1546 90 228 312 45 56
internal_count=4068 3506 562 472 427 199 3480 710 398 2770 1224 1546 90 228 312 45 56
is_linear=0
shrinkage=0.03


Tree=169
num_leaves=24
num_cat=0
split_feature=31 21 26 33 33 31 21 5 29 33 32 36 29 32 0 27 23 0 36 31 36 26 31
split_gain=0.000125588 0.000296195 0.000516361 0.000865319 0.000433033 0.000387704 0.000361138 0.000331496 0.0002499 0.000233091 0.000364129 0.000367922 0.000472404 0.000426734 0.000359424 0.000289109 0.00050205 0.000278613 0.000208339 0.000176706 0.000778028 0.000468511 0.000148247
threshold=-0.0053908346964566803 6.5019999861717235 0.13197203454650899 -0.011737629442019169 -0.048795043658958363 -0.018202509546002717 6.8716667095820112 242818383.00000003 58.53368777665991 0.01605960851599331 0.012964429018979652 0.0017668469994192449 52.928223643513341 -0.0015432598943171392 3.5879796743392949 0.3719959695175053 -0.11904788099528173 2.3510196208953862 -0.0017137956361014959 0.02844164105170555 0.035522220268473743 0.11556140305638486 -0.015651403329343779
decision_type=2 2 2 2 2 2 2 2 2 2 2 2 2 2 2 2 2 2 2 2 2 2 2
left_child=1 2 5 4 -4 7 22 -1 -5 10 11 13 -13 -2 17 16 -11 -12 -7 21 -21 -17 -3
right_child=9 6 3 8 -6 18 -8 -9 -10 15 14 12 -14 -15 -16 19 -18 -19 -20 20 -22 -23 -24
leaf_value=0 -3.8179451604100898e-05 0 0 -7.2529179635144158e-05 0.0001315492720040762 2.2318578431007047e-05 0 -5.4291427391398076e-05 1.7404817751812827e-05 0 0 2.837479601299804e-05 -1.5792093604550394e-05 0 0 -5.4952728723627787e-06 0.00012670810873083367 -8.2992498836465943e-05 -6.3396742565238724e-06 -0.00010063506002750852 4.5465772565216762e-05 4.0527305694338807e-05 -0.00013480029443871047
leaf_weight=35 456 28 43 40 107 641 26 173 46 24 56 517 288 300 49 487 47 158 144 76 25 270 32
leaf_count=35 456 28 43 40 107 641 26 173 46 24 56 517 288 300 49 487 47 158 144 76 25 270 32
internal_value=0 7.75014e-06 1.34007e-05 5.38588e-05 9.87483e-05 7.59996e-07 -3.8079e-05 -3.19084e-05 0 -3.5162e-06 -1.04626e-05 -2.84903e-06 8.84723e-06 -1.92706e-05 -4.42309e-05 6.893e-06 6.54254e-05 -6.257e-05 1.32402e-05 0 -3.47887e-05 6.96035e-06 -8.6518e-05
internal_weight=4068 1315 1229 236 150 993 86 208 86 2753 1824 1561 805 756 263 929 71 214 785 858 101 757 60
internal_count=4068 1315 1229 236 150 993 86 208 86 2753 1824 1561 805 756 263 929 71 214 785 858 101 757 60
is_linear=0
shrinkage=0.03


Tree=170
num_leaves=18
num_cat=0
split_feature=32 5 27 32 25 5 20 35 20 26 20 5 26 22 5 26 33
split_gain=0.000124807 0.000429756 0.000366505 0.000283642 0.000196794 0.000258022 0.000170403 0.000300454 0.000480483 0.000326993 0.000276078 0.00101234 0.00049125 9.5664e-05 0.000132112 4.16832e-05 7.99054e-05
threshold=-0.0337160615067904 340923040.00000006 0.0072685207278513639 -0.025351723543983958 -0.0087145388988169644 289385026.50000006 5.8050958275794988 0.020127497435320742 5.9314999699592601 0.11952106981917553 5.5374298453330999 278630846.50000006 0.13197203454650899 43.147214569108527 285020053.50000006 0.13503831135541464 -0.027478356297115977
decision_type=2 2 2 2 2 2 2 2 2 2 2 2 2 2 2 2 2
left_child=1 13 -3 4 15 -6 10 8 -8 -9 12 -12 -5 14 -1 16 -2
right_child=3 2 -4 6 5 -7 7 9 -10 -11 11 -13 -14 -15 -16 -17 -18
leaf_value=5.8202070097486744e-05 3.7152707413105504e-05 0 0.00012704690166524886 -4.886709130994332e-06 0 -0.00013803385995424442 -4.6729196711072594e-05 0 2.0885574135565947e-05 -5.6011740444594076e-05 0 9.3909432676487559e-05 3.5493542480620579e-05 -4.8173531087245932e-05 0 -3.7206369347737598e-05 0
leaf_weight=35 52 41 51 2155 41 35 127 78 355 213 309 137 310 37 28 27 37
leaf_count=35 52 41 51 2155 41 35 127 78 355 213 309 137 310 37 28 27 37
internal_value=0 2.37291e-05 7.33076e-05 -1.03603e-06 -3.67496e-05 -7.57401e-05 1.19025e-08 -1.15906e-05 0 -3.58567e-05 4.12372e-06 2.58448e-05 0 0 0 0 0
internal_weight=4068 192 92 3876 192 76 3684 773 482 291 2911 446 2465 100 63 116 89
internal_count=4068 192 92 3876 192 76 3684 773 482 291 2911 446 2465 100 63 116 89
is_linear=0
shrinkage=0.03


Tree=171
num_leaves=24
num_cat=0
split_feature=36 30 29 24 35 36 2 29 36 26 22 21 36 36 26 28 28 28 0 21 24 35 36
split_gain=0.000125406 0.000768926 0.000633035 0.000917679 0.00094596 0.000565366 0.000436309 0.00038619 0.000369371 0.000366108 0.00036335 0.000643382 0.000325045 0.000416262 0.000375555 0.000342208 0.000484279 0.000337662 0.000271929 0.000162677 0.000154818 7.53979e-05 4.93571e-06
threshold=0.0041710119616182031 16.131694512910951 51.476974100194717 0.02103378859198202 0.016769892862061517 0.0018001796993170061 5.0750000476837167 57.340111893795502 0.0090191687062676704 0.080635246019646764 58.247832502932958 5.9104061206181848 -0.0042507978402670839 -0.0088235447963641838 0.13197203454650899 -4151668514.9999995 1169148242.0000002 -3136782845.9999995 3.2839072942733769 5.0314166784286511 -0.0028105795340245716 0.013480247023367578 0.0034512503110957276
decision_type=2 2 2 2 2 2 2 2 2 2 2 2 2 2 2 2 2 2 2 2 2 2 2
left_child=5 6 3 4 -3 12 20 -4 -9 21 11 -11 13 14 -1 19 -17 -15 -5 -14 -2 -7 -12
right_child=1 2 7 18 -6 9 -8 8 -10 10 22 -13 15 17 -16 16 -18 -19 -20 -21 -22 -23 -24
leaf_value=-1.8691783882962258e-05 -0.00018949871928527996 0 -7.5502713364106362e-05 0 9.6582123671756556e-05 -4.2202517334793453e-05 0 -3.5533964872250531e-05 6.2239867499275487e-06 9.8187038390162306e-05 8.017836950828273e-06 0 0 0 2.3581232037398922e-05 -5.7131319718760045e-05 0 4.0377579475703522e-05 -5.8942699028895626e-05 5.4490513877108741e-05 0 0 0
leaf_weight=620 36 93 103 120 209 38 29 265 439 185 69 29 85 131 237 288 422 451 81 59 20 26 33
leaf_count=620 36 93 103 120 209 38 29 265 439 185 69 29 85 131 237 288 422 451 81 59 20 26 33
internal_value=0 -7.19865e-06 0 2.48332e-05 6.03187e-05 3.89582e-06 -9.47709e-05 -1.79302e-05 -5.23662e-06 3.80025e-05 5.2716e-05 7.50354e-05 -4.49537e-07 6.84447e-06 -3.49978e-06 -1.62519e-05 -2.66546e-05 2.72282e-05 -1.35687e-05 1.42036e-05 -0.000143611 0 0
internal_weight=4068 1395 1310 503 302 2673 85 807 704 380 316 214 2293 1439 857 854 710 582 201 144 56 64 102
internal_count=4068 1395 1310 503 302 2673 85 807 704 380 316 214 2293 1439 857 854 710 582 201 144 56 64 102
is_linear=0
shrinkage=0.03


Tree=172
num_leaves=16
num_cat=0
split_feature=3 36 24 36 23 7 5 35 35 36 36 35 35 22 36
split_gain=0.000123345 0.000451699 0.000496531 0.000150006 0.000477022 0.000325128 0.000323265 0.000239722 0.000564305 0.000241841 0.00054144 0.0005382 0.000185162 1.05804e-05 5.92622e-05
threshold=3.7350000143051152 -0.0058982349751343375 -0.063001132253417427 -0.018126889674538862 0.11946557134414394 -89.999999999999986 469336686.00000006 0.040110776041661862 0.053381458356396801 0.005371501111097552 0.0078921339860321734 0.024801306456103751 0.046161010642381643 48.793476404015045 0.005568463616493523
decision_type=2 2 2 2 2 2 2 2 2 2 2 2 2 2 2
left_child=1 2 -1 4 5 -2 -7 9 12 11 -11 -5 -9 14 -3
right_child=3 13 -4 7 -6 6 -8 8 -10 10 -12 -13 -14 -15 -16
leaf_value=0.00020390358216971363 0 -4.0618033958672296e-05 0 0 5.6691362476169553e-05 -1.911163798317331e-05 -0.00017341139564669417 0 0 -5.1693315882803206e-05 0 4.5753168282908462e-05 0.00020052805409147254 0 0
leaf_weight=23 35 38 34 2245 24 134 34 31 24 252 869 247 22 32 24
leaf_count=23 35 38 34 2245 24 134 34 31 24 252 869 247 22 32 24
internal_value=0 2.66127e-05 9.48354e-05 -1.01006e-06 -2.47401e-05 -4.91616e-05 -6.82701e-05 0 5.2703e-05 -6.64649e-07 -1.28932e-05 3.63273e-06 0.000116608 0 -1.2383e-05
internal_weight=4068 151 57 3917 227 203 168 3690 77 3613 1121 2492 53 94 62
internal_count=4068 151 57 3917 227 203 168 3690 77 3613 1121 2492 53 94 62
is_linear=0
shrinkage=0.03


Tree=173
num_leaves=17
num_cat=0
split_feature=32 34 23 33 29 34 24 23 24 32 35 20 28 0 13 32
split_gain=0.000126002 0.000521419 0.000453515 0.00034221 0.000616728 0.000480432 0.000336558 0.000252421 0.000405124 0.000362663 0.000217429 0.000269211 0.000297172 0.000276278 0.000195104 9.69819e-07
threshold=0.021074869706332103 0.0042964959664891786 -0.23925160948150778 0.012972997880415506 82.139406272332792 0.02564105925880578 -0.05573707413952244 0.011945068355391887 0.04479839460791521 -0.0019474197068378161 0.043638018362406016 4.9374999642372144 6387192537.000001 2.1193070411682133 -1.0000000180025095e-35 0.026216747074415462
decision_type=2 2 2 2 2 2 2 2 2 2 2 2 2 2 2 2
left_child=2 6 -1 7 5 -5 -2 9 -9 -4 11 13 -13 -3 -6 -8
right_child=1 10 3 4 14 -7 15 8 -10 -11 -12 12 -14 -15 -16 -17
leaf_value=0.00012742839003284192 -0.00018612605171738211 0 -2.3348891553865732e-05 1.2524129851333122e-05 -7.3741458129001285e-05 0.00010538275072495791 -5.7829077350211148e-06 2.9830468536563989e-05 -4.4915991099395624e-06 3.24513381585705e-06 7.6941520248098081e-05 3.8219441770917456e-05 -2.0260228910535105e-05 -5.5758599780697978e-05 0 0
leaf_weight=26 25 41 1012 289 33 109 26 426 798 534 29 158 99 164 279 20
leaf_count=26 25 41 1012 289 33 109 26 426 798 534 29 158 99 164 279 20
internal_value=0 -1.31607e-05 2.13919e-06 3.37441e-07 1.96402e-05 4.55111e-05 -8.92723e-05 -3.52773e-06 5.00451e-06 -1.22231e-05 0 -7.11828e-06 4.02452e-06 -3.57097e-05 -3.75356e-06 0
internal_weight=4068 562 3506 3480 710 398 71 2770 1224 1546 491 462 257 205 312 46
internal_count=4068 562 3506 3480 710 398 71 2770 1224 1546 491 462 257 205 312 46
is_linear=0
shrinkage=0.03


Tree=174
num_leaves=28
num_cat=0
split_feature=19 28 22 32 35 29 35 21 19 3 4 29 29 5 5 23 19 32 5 30 34 0 5 5 22 32 33
split_gain=0.000128035 0.000720725 0.00111752 0.00134583 0.000472866 0.000724268 0.000577129 0.000518877 0.000502046 0.000337617 0.000454244 0.000572653 0.000735296 0.000426475 0.000766187 0.000336794 0.000229912 0.000654406 0.000301503 0.00017331 0.000395572 0.000158077 9.9457e-05 6.28763e-05 2.65428e-05 1.67976e-06 1.11014e-06
threshold=4.5930000305175787 407564444.50000006 41.416170592703054 0.036705217589033119 0.027857219470978318 42.405181132167449 0.017511437899978031 3.7425000051657364 4.4419998645782481 4.7449998855590829 4.9649999141693124 61.904664591294697 40.602979089051658 283702492.50000006 368748879.50000006 -0.030195141788115883 5.2019999980926519 0.0099700898766820218 272009108.50000006 65.450697368125347 -0.028908704769827927 3.1431088447570805 232658414.50000003 431234749.50000006 38.280804098959301 -0.013540186062870439 -0.0107050345040105
decision_type=2 2 2 2 2 2 2 2 2 2 2 2 2 2 2 2 2 2 2 2 2 2 2 2 2 2 2
left_child=1 4 25 -4 6 15 7 -1 -8 13 11 12 -11 19 24 -6 17 -12 -18 20 -2 -21 -13 -7 -15 -3 -16
right_child=9 2 3 -5 5 23 8 -9 -10 10 16 22 -14 14 26 -17 18 -19 -20 21 -22 -23 -24 -25 -26 -27 -28
leaf_value=0.00011777544005473296 1.3673060914169057e-05 -8.4645493823363938e-06 0.00034998662803608044 0 0.00016786720300802167 5.8479179024121225e-06 -5.2074596654257837e-05 0 1.3608817426024971e-05 0 0 -5.0499312160238141e-05 0.00015478188683574847 0 0 0 -7.6530064162445137e-06 -7.4510854734315379e-05 1.7207252887213811e-05 7.4022669503536747e-05 -5.5818599804303196e-05 0 0 -4.9596736435430762e-05 -0.0001761243123042957 0 -5.3352762449484933e-06
leaf_weight=38 52 21 24 23 47 65 351 357 59 113 296 35 65 20 38 20 1215 148 676 39 138 38 56 22 46 31 35
leaf_count=38 52 21 24 23 47 65 351 357 59 113 296 35 65 20 38 20 1215 148 676 39 138 38 56 22 46 31 35
internal_value=0 9.03424e-06 8.61213e-05 0.000192248 0 4.9152e-05 -8.13541e-06 1.24761e-05 -3.53063e-05 -3.09705e-06 0 3.77003e-05 7.10024e-05 -2.86238e-05 -7.1773e-05 0.000123543 -3.35893e-06 -2.29184e-05 0 0 -2.10215e-05 3.05534e-05 0 0 -0.000145852 0 0
internal_weight=4068 1058 99 47 959 154 805 395 410 3010 2604 269 178 406 139 67 2335 444 1891 267 190 77 91 87 66 52 73
internal_count=4068 1058 99 47 959 154 805 395 410 3010 2604 269 178 406 139 67 2335 444 1891 267 190 77 91 87 66 52 73
is_linear=0
shrinkage=0.03


Tree=175
num_leaves=26
num_cat=0
split_feature=19 28 22 32 27 27 35 22 4 3 1 20 5 5 22 25 28 35 0 27 5 35 22 32 33
split_gain=0.000124007 0.000675643 0.00105788 0.00125893 0.000472753 0.000795204 0.000461733 0.00039679 0.000331341 0.000316933 0.000454283 0.000561841 0.000410581 0.000727569 0.000259629 0.000293046 0.000199515 0.000181847 0.00016308 0.000171621 8.70725e-05 4.96601e-05 1.06228e-05 1.58095e-06 1.04472e-06
threshold=4.5930000305175787 407564444.50000006 41.416170592703054 0.036705217589033119 0.028532294942094836 0.20199438151163843 0.021372605016548384 60.979926966146969 4.4549999237060556 4.7449998855590829 4.9249999523162851 4.9292499303817765 283702492.50000006 368748879.50000006 30.586740165571275 -0.042479185869336654 -1783235449.4999998 0.01391881756938697 3.1431088447570805 0.43024980975856852 267362274.00000003 0.016769892862061517 38.280804098959301 -0.013540186062870439 -0.0107050345040105
decision_type=2 2 2 2 2 2 2 2 2 2 2 2 2 2 2 2 2 2 2 2 2 2 2 2 2
left_child=1 4 23 -4 6 8 -1 -7 -6 12 11 20 18 22 15 -12 -13 -16 19 -2 -11 -20 -14 -3 -15
right_child=9 2 3 -5 5 7 -8 -9 -10 10 14 16 13 24 17 -17 -18 -19 21 -21 -22 -23 -24 -25 -26
leaf_value=0 0 -8.2118181187341622e-06 0.00033953060640439512 0 -8.3424218453563134e-05 1.9204290073422159e-05 0.00014631637202036808 -3.4756478822311991e-05 0 -2.4468070751377386e-05 0 0 0 0 -1.3470779128652615e-05 -0.00010019697374235948 0.00014820489134557583 4.782005364068988e-06 0 4.8755190318659124e-05 3.0957354109435298e-05 -6.135645165399052e-05 -0.00017085204360731173 0 -5.1756742963583239e-06
leaf_weight=49 98 21 24 23 147 571 38 134 20 57 35 30 20 38 695 51 49 1641 50 74 46 45 46 31 35
leaf_count=49 98 21 24 23 147 571 38 134 20 57 35 30 20 38 695 51 49 1641 50 74 46 45 46 31 35
internal_value=0 8.96617e-06 8.36323e-05 0.000186898 0 -5.39405e-06 6.77761e-05 4.68973e-06 -6.5894e-05 -2.96954e-06 0 4.64705e-05 -2.77083e-05 -6.99854e-05 -2.53852e-06 -5.38068e-05 0.000106603 0 0 1.12243e-05 0 -3.62678e-05 -0.000142174 0 0
internal_weight=4068 1058 99 47 959 872 87 705 167 3010 2604 182 406 139 2422 86 79 2336 267 172 103 95 66 52 73
internal_count=4068 1058 99 47 959 872 87 705 167 3010 2604 182 406 139 2422 86 79 2336 267 172 103 95 66 52 73
is_linear=0
shrinkage=0.03


Tree=176
num_leaves=16
num_cat=0
split_feature=32 34 23 24 23 22 34 24 19 35 21 22 28 25 32
split_gain=0.00011968 0.000499118 0.000406837 0.000322342 0.000479621 0.00055437 0.000459293 0.000308747 0.000218068 0.0002041 0.000250048 0.000309056 0.000304129 0.000114421 1.09077e-06
threshold=0.021074869706332103 0.0042964959664891786 -0.23925160948150778 -0.16543031874497385 -0.083916348330467891 43.625251863205733 -0.069823495087000628 -0.05573707413952244 5.0430000305175797 0.043638018362406016 4.9273333191871656 57.799527304321153 6387192537.000001 0.0020683140462584922 0.026216747074415462
decision_type=2 2 2 2 2 2 2 2 2 2 2 2 2 2 2
left_child=2 7 -1 8 5 -5 -6 -2 -4 10 11 -3 -12 -10 -9
right_child=1 9 3 4 6 -7 -8 14 13 -11 12 -13 -14 -15 -16
leaf_value=0.00012102125889966904 -0.00018052888699284051 0 0 1.444791944511994e-05 -0.0001004301289671222 0.00017028493783900829 0 -6.1329349543599489e-06 -0.00016405534319208836 7.4732912060463804e-05 3.9754231146153934e-05 -6.181617183101428e-05 -1.9890501268274279e-05 0 0
leaf_weight=26 25 76 23 377 41 30 2967 26 21 29 151 136 99 21 20
leaf_count=26 25 76 23 377 41 30 2967 26 21 29 151 136 99 21 20
internal_value=0 -1.272e-05 2.1867e-06 4.33362e-07 2.54462e-06 3.33429e-05 -6.26228e-07 -8.71613e-05 -6.42394e-05 0 -6.76796e-06 -3.37727e-05 4.14121e-06 -0.000105086 0
internal_weight=4068 562 3506 3480 3415 407 3008 71 65 491 462 212 250 42 46
internal_count=4068 562 3506 3480 3415 407 3008 71 65 491 462 212 250 42 46
is_linear=0
shrinkage=0.03


Tree=177
num_leaves=26
num_cat=0
split_feature=19 26 24 24 3 1 22 5 5 28 22 30 25 28 21 26 25 30 34 0 31 5 30 26 33
split_gain=0.000119104 0.000649122 0.000385578 0.000708438 0.000306518 0.000491763 0.000691877 0.000387172 0.000756655 0.000302801 0.000237979 0.000326254 0.000272368 0.000225268 0.000719009 0.000428055 0.000362423 0.000189026 0.000360993 0.000136153 0.000126793 4.16057e-05 8.12509e-06 7.73654e-06 9.178e-07
threshold=4.5930000305175787 0.1151962336067842 -0.21786874857916563 -0.043581874202843512 4.7550001144409189 4.9249999523162851 48.151390358346227 286288580.00000006 368748879.50000006 -6524259946.499999 30.586740165571275 20.420178892834922 -0.042479185869336654 351243130.00000006 4.5811666329701746 0.10625686177856829 -0.00012650462866334981 63.292196971015237 -0.028908704769827927 3.3055887222290044 0.0085653418957962763 305360976.50000006 30.62421757324022 0.14023931725532626 -0.0107050345040105
decision_type=2 2 2 2 2 2 2 2 2 2 2 2 2 2 2 2 2 2 2 2 2 2 2 2 2
left_child=1 13 -3 23 7 6 9 17 -9 -6 12 -12 -7 15 -15 20 -17 18 -2 -19 -1 -8 -5 -4 -10
right_child=4 2 3 22 5 10 21 8 24 -11 11 -13 -14 14 -16 16 -18 19 -20 -21 -22 -23 -24 -25 -26
leaf_value=8.7733394899855863e-06 5.0049732938105164e-06 0 0 1.6426716358645734e-05 0 0 -2.1562165730804397e-05 -0.00014297680910191208 0 0.00015785630350878795 3.6744686433170531e-05 -3.9973749752920142e-06 -9.6304678032812599e-05 0.00016409265466814504 0 0 -0.00014569767130145534 5.8893063342547448e-05 -5.5019839527355182e-05 0 -1.8432663705905281e-05 1.8356722967627522e-05 0 0.00028716256741239727 -4.8511157545627198e-06
leaf_weight=608 58 21 20 27 24 35 55 65 39 53 192 2144 51 31 40 28 34 57 138 29 198 35 31 20 35
leaf_count=608 58 21 20 27 24 35 55 65 39 53 192 2144 51 31 40 28 34 57 138 29 198 35 31 20 35
internal_value=0 8.78749e-06 7.47746e-05 0.000101615 -2.90986e-06 0 5.06078e-05 -2.67513e-05 -6.83485e-05 0.000116736 -2.45677e-06 0 -5.15498e-05 0 5.17354e-05 -3.78527e-06 -8.00249e-05 0 -2.19656e-05 2.96137e-05 0 0 0 0.00020288 0
internal_weight=4068 1058 119 98 3010 2589 167 421 139 77 2422 2336 86 939 71 868 62 282 196 86 806 90 58 40 74
internal_count=4068 1058 119 98 3010 2589 167 421 139 77 2422 2336 86 939 71 868 62 282 196 86 806 90 58 40 74
is_linear=0
shrinkage=0.03


Tree=178
num_leaves=23
num_cat=0
split_feature=32 23 36 29 23 32 34 0 19 25 23 30 34 34 34 29 30 28 27 5 28 19
split_gain=0.000114244 0.000623305 0.000486909 0.000573225 0.000477599 0.000578558 0.000787692 0.000636023 0.000960457 0.000627435 0.000467517 0.000454218 0.000427999 0.000376675 0.000358767 0.00029284 0.000482555 0.000223655 0.000221303 0.000142066 0.00010528 5.23087e-05
threshold=0.01845328238460409 -0.087372818937493588 0.008826123886219105 85.541034946792806 -0.083916348330467891 -1.0000000180025095e-35 -0.033278955215623122 3.0630956888198857 5.0350000858306894 -0.0085503086484274484 -0.1808618469132077 68.482309991566694 -0.069823495087000628 0.006580742850052613 -0.0075353154001374092 85.197180902671121 74.998343608889869 -2641432812.9999995 1.0047256700657707 377949616.00000006 972234313.00000012 5.0130000114440927
decision_type=2 2 2 2 2 2 2 2 2 2 2 2 2 2 2 2 2 2 2 2 2 2
left_child=4 10 3 17 5 6 9 8 -7 -1 -2 13 -6 -4 -8 16 -14 -3 -17 -13 -5 -9
right_child=1 2 11 20 12 7 14 21 -10 -11 -12 19 15 -15 -16 18 -18 -19 -20 -21 -22 -23
leaf_value=9.8112391445306235e-05 0 0 0 5.0346604794745991e-05 -9.7367346863964232e-05 0.00019064004025238872 -7.1756175333692398e-05 -1.9068982555204571e-05 0 0 -0.00013903835602231432 2.3089017460928443e-07 -1.1988059440845706e-06 7.9131876611840868e-05 0 -4.4467039250414428e-05 3.304956762211732e-05 -8.6917405820347265e-05 0 -4.398039121453935e-05 0 3.1155860338520012e-05
leaf_weight=109 24 45 43 38 41 66 106 33 29 37 55 69 2201 149 71 221 418 128 33 66 50 36
leaf_count=109 24 45 43 38 41 66 106 33 29 37 55 69 2201 149 71 221 418 128 33 66 50 36
internal_value=0 -1.11835e-05 0 -3.10902e-05 2.38741e-06 3.02178e-05 0 7.67039e-05 0.000127167 5.76466e-05 -9.02594e-05 2.38357e-05 -1.23513e-06 5.56367e-05 -3.55177e-05 0 3.12296e-06 -6.6542e-05 -3.06053e-05 0 4.54908e-06 0
internal_weight=4068 667 588 261 3401 487 323 164 95 146 79 327 2914 192 177 2873 2619 173 254 135 88 69
internal_count=4068 667 588 261 3401 487 323 164 95 146 79 327 2914 192 177 2873 2619 173 254 135 88 69
is_linear=0
shrinkage=0.03


Tree=179
num_leaves=25
num_cat=0
split_feature=36 35 30 22 29 22 36 24 1 29 36 36 33 29 25 30 33 36 33 33 23 1 33 36
split_gain=0.000116452 0.000562725 0.000354201 0.000498725 0.000822261 0.0004745 0.000348786 0.000291982 0.000340857 0.0002917 0.000286378 0.000395191 0.000357048 0.000304271 0.000345346 0.000302853 0.000294655 0.00027933 0.000261915 0.000357532 0.000254359 0.000252363 2.19042e-05 7.07834e-07
threshold=0.005371501111097552 0.013295390958122353 16.131694512910951 42.57430797231239 51.10502483765989 43.454542090652076 0.0018001796993170061 -0.064335721273539134 5.4029409885406503 39.586499439112494 -0.0042507978402670839 -0.0088235447963641838 -0.039278741074804883 66.666528191253732 -0.0124459448938709 76.582063103758841 -0.0018727769610489828 0.0045819031211458737 0.01898825386816794 -0.0066537888334726172 0.011406366315590334 5.1949999332427987 -0.0079286423269619415 0.0035304525528683395
decision_type=2 2 2 2 2 2 2 2 2 2 2 2 2 2 2 2 2 2 2 2 2 2 2 2
left_child=6 18 21 4 -4 -5 10 9 20 23 11 12 -1 14 -12 -15 -13 -10 19 -2 -9 22 -3 -8
right_child=1 2 3 5 -6 -7 7 8 17 -11 13 16 -14 15 -16 -17 -18 -19 -20 -21 -22 -23 -24 -25
leaf_value=3.7606431600044616e-05 0 -0.00016639261275404755 0.00010354688319364609 -0.00013677396720831656 -6.6271083146009706e-06 0 5.6297472789327512e-06 -3.9532714814560862e-05 7.0282994553588332e-05 0.0001339195157174365 0 0 -1.4717469771953752e-05 4.5712358450566171e-05 -5.0808743866548422e-05 -1.2208949100612369e-05 5.1027971102062768e-05 0 0 -0.00013305509262472173 1.0272084211445709e-05 0 0 0
leaf_weight=123 20 20 111 23 39 881 20 138 118 47 246 326 734 117 304 187 256 51 27 64 151 22 21 22
leaf_count=123 20 20 111 23 39 881 20 138 118 47 246 326 734 117 304 187 256 51 27 64 151 22 21 22
internal_value=0 -7.59545e-06 0 2.94186e-06 5.49296e-05 -2.37134e-06 3.45775e-06 2.52009e-05 7.82619e-06 8.08333e-05 -4.21727e-07 6.33447e-06 -3.70405e-06 -1.53179e-05 -2.93612e-05 2.25659e-07 2.62681e-05 4.43083e-05 -7.2085e-05 -9.83228e-05 -3.13855e-06 -7.0053e-05 -0.000114282 0
internal_weight=4068 1228 1117 1054 150 904 2840 547 458 89 2293 1439 857 854 550 304 582 169 111 84 289 63 41 42
internal_count=4068 1228 1117 1054 150 904 2840 547 458 89 2293 1439 857 854 550 304 582 169 111 84 289 63 41 42
is_linear=0
shrinkage=0.03


Tree=180
num_leaves=23
num_cat=0
split_feature=36 35 30 22 29 22 36 24 1 36 23 36 28 28 29 2 36 33 33 23 31 27
split_gain=0.00011335 0.000524344 0.00033731 0.000459461 0.000784298 0.000446731 0.000331932 0.000273594 0.000318249 0.000271181 0.000380465 0.000366815 0.000320231 0.000446058 0.000270411 0.000269561 0.000265145 0.00024723 0.000338083 0.000239915 0.000135515 9.36661e-07
threshold=0.005371501111097552 0.013295390958122353 16.131694512910951 42.57430797231239 51.10502483765989 43.454542090652076 0.0018001796993170061 -0.064335721273539134 5.4029409885406503 -0.0042507978402670839 0.18887991751308733 -0.0088235447963641838 -4151668514.9999995 1169148242.0000002 39.586499439112494 5.0750000476837167 0.0045819031211458737 0.01898825386816794 -0.0066537888334726172 0.011406366315590334 0.0019323670839986875 0.12885754870966018
decision_type=2 2 2 2 2 2 2 2 2 2 2 2 2 2 2 2 2 2 2 2 2 2
left_child=6 17 15 4 -4 -5 9 14 19 10 11 -1 20 -14 21 -3 -10 18 -2 -9 -11 -8
right_child=1 2 3 5 -6 -7 7 8 16 12 -12 -13 13 -15 -16 -17 -18 -19 -20 -21 -22 -23
leaf_value=-7.9628848370769008e-06 0 -0.00011734856610737806 0.00010044327126193497 -0.00013268851383298923 -6.428803329158312e-06 0 6.3207882243513062e-06 -3.8347592106260795e-05 6.8176288968862964e-05 0 0.00013943275302099478 2.2148996403272854e-05 -5.426087557285223e-05 0 0.00012991045849326593 0 0 0 -0.00012906966347335627 9.9641255208199121e-06 6.0200461856617126e-05 0
leaf_weight=841 20 39 111 23 39 881 21 138 118 102 20 578 288 422 47 24 51 27 64 151 42 21
leaf_count=841 20 39 111 23 39 881 21 138 118 102 20 578 288 422 47 24 51 27 64 151 42 21
internal_value=0 -7.50375e-06 0 2.71163e-06 5.26841e-05 -2.26695e-06 3.40175e-06 2.46089e-05 7.53876e-06 -3.49845e-07 6.19092e-06 2.18924e-06 -1.4883e-05 -2.50835e-05 7.86762e-05 -6.84708e-05 4.2837e-05 -6.97855e-05 -9.52852e-05 -2.73339e-06 1.45749e-05 0
internal_weight=4068 1228 1117 1054 150 904 2840 547 458 2293 1439 1419 854 710 89 63 169 111 84 289 144 42
internal_count=4068 1228 1117 1054 150 904 2840 547 458 2293 1439 1419 854 710 89 63 169 111 84 289 144 42
is_linear=0
shrinkage=0.03


Tree=181
num_leaves=23
num_cat=0
split_feature=19 28 22 32 27 27 35 22 4 4 5 7 3 31 5 32 32 5 0 31 32 34
split_gain=0.000113298 0.000608884 0.000989673 0.00117593 0.000433797 0.000728648 0.000419871 0.000362857 0.000318157 0.000286203 0.000470628 0.000277828 0.000387423 0.000298913 0.000400498 0.00033498 0.000130985 0.000121406 9.78574e-06 3.21144e-06 1.45695e-06 1.9384e-07
threshold=4.5930000305175787 407564444.50000006 41.416170592703054 0.036705217589033119 0.028532294942094836 0.20199438151163843 0.021372605016548384 60.979926966146969 4.2550001144409189 4.6549999713897714 290711394.00000006 -1.0000000180025095e-35 5.4821856021881112 0.012769900576686812 409991037.00000006 0.039291028824224312 -0.010700927747405607 371184257.00000006 3.022836565971375 -0.0022701483954853381 -0.013540186062870439 -0.017578590191225815
decision_type=2 2 2 2 2 2 2 2 2 2 2 2 2 2 2 2 2 2 2 2 2 2
left_child=1 4 20 -4 6 8 -1 -7 -6 10 18 12 16 15 -15 -13 -11 -12 19 -2 -3 -14
right_child=9 2 3 -5 5 7 -8 -9 -10 11 17 13 21 14 -16 -17 -18 -19 -20 -21 -22 -23
leaf_value=0 0 -7.8831937205999715e-06 0.00032682655743638216 0 -9.2566598451796509e-05 1.8379121487843722e-05 0.00013985351579493886 -3.309957290241655e-05 0 0 -0.00018785256521274368 4.2497625649963501e-06 2.6905059686927556e-06 -3.9122103112329746e-05 1.1900514777862882e-05 0.00012590300202575304 -0.00011162851375757859 0 -1.4044247993271849e-05 1.1284751462772392e-05 0 0
leaf_weight=49 20 21 24 23 111 571 38 134 56 24 23 2245 24 335 116 23 57 22 43 25 31 53
leaf_count=49 20 21 24 23 111 571 38 134 56 24 23 2245 24 335 116 23 57 22 43 25 31 53
internal_value=0 8.54255e-06 7.94285e-05 0.000179402 0 -5.14703e-06 6.49396e-05 4.3365e-06 -6.31143e-05 -2.86765e-06 -4.60569e-05 0 -3.93618e-05 1.36859e-06 -1.93486e-05 6.81165e-06 -8.55556e-05 -0.000125108 0 2.60514e-06 0 0
internal_weight=4068 1058 99 47 959 872 87 705 167 3010 133 2877 158 2719 451 2268 81 45 88 45 52 77
internal_count=4068 1058 99 47 959 872 87 705 167 3010 133 2877 158 2719 451 2268 81 45 88 45 52 77
is_linear=0
shrinkage=0.03


Tree=182
num_leaves=23
num_cat=0
split_feature=32 34 24 26 22 32 22 31 31 5 25 32 25 29 30 34 19 32 32 24 25 32
split_gain=0.000111909 0.000454094 0.000283636 0.000241874 0.000453468 0.00128311 0.00030109 0.000272309 0.000463315 0.000337996 0.000317455 0.000566887 0.00029732 0.000150469 0.000142094 0.000330869 0.000271128 0.000241523 0.000227524 0.000141587 0.000177515 5.11112e-07
threshold=0.021074869706332103 0.0042964959664891786 -0.05573707413952244 0.15219972521663386 48.549710262976141 -1.0000000180025095e-35 28.275551550681762 -0.018202509546002717 -0.0053908346964566803 231016453.50000003 0.00030616969138949629 -0.032663673220800431 0.0085206484112257067 39.159813233633223 37.19388242282421 0.056935334624601215 4.5810000419616701 0.046296272891867114 0.033585213234090368 -0.018483829003988424 0.034166002654767984 0.026216747074415462
decision_type=2 2 2 2 2 2 2 2 2 2 2 2 2 2 2 2 2 2 2 2 2 2
left_child=3 2 -2 7 5 6 -5 10 9 -9 13 -12 -10 -1 16 18 -3 -17 -16 -6 -21 -4
right_child=1 14 21 4 19 -7 -8 8 12 -11 11 -13 -14 -15 15 17 -18 -19 -20 20 -22 -23
leaf_value=-2.3290880734372747e-05 -0.00017276475206945104 0 -4.1981591393464534e-06 9.9313723428580362e-05 -7.427226387677931e-05 0.00020654979128113476 -5.7613888229646341e-06 0 -1.4326661729842063e-05 4.1627219131143332e-05 0 -0.00011325353120977089 7.8063297979316936e-06 3.7980215904567003e-05 0 0 9.3881399001535538e-05 7.1898244126026613e-05 -6.909463001938711e-05 0 7.9781501732518014e-05 0
leaf_weight=111 25 20 26 27 23 42 111 456 1265 401 20 80 782 52 200 80 39 52 100 111 25 20
leaf_count=111 25 20 26 27 23 42 111 456 1265 401 20 80 782 52 200 80 39 52 100 111 25 20
internal_value=0 -1.23129e-05 -8.33463e-05 2.10251e-06 2.62233e-05 5.96727e-05 0 0 2.16362e-06 2.13542e-05 -2.96619e-05 -7.18802e-05 -4.40591e-06 0 0 -7.94612e-06 4.1258e-05 1.98313e-05 -3.01674e-05 0 0 0
internal_weight=4068 562 71 3506 339 180 138 3167 2904 857 263 100 2047 163 491 432 59 132 300 159 136 46
internal_count=4068 562 71 3506 339 180 138 3167 2904 857 263 100 2047 163 491 432 59 132 300 159 136 46
is_linear=0
shrinkage=0.03


Tree=183
num_leaves=21
num_cat=0
split_feature=21 0 22 21 5 0 5 27 30 30 36 30 35 28 23 25 29 23 22 30
split_gain=0.000109 0.000513258 0.000332759 0.00035932 0.000675531 0.00028315 0.000377717 0.000513379 0.000542331 0.000464203 0.000330085 0.000295304 0.000269608 0.000193678 0.000180528 0.000463293 6.99685e-05 6.25148e-05 4.80488e-05 2.91881e-05
threshold=5.1242499947547921 1.7643836140632632 74.379172156598358 4.8885833422342948 258970572.50000003 3.6513006687164311 589471183.50000012 0.0072685207278513639 20.064042802732974 22.215422290527822 0.0045819031211458737 24.50984536013684 0.016769892862061517 5424268395.000001 -0.0053469864644577472 0.0020683140462584922 58.53368777665991 0.1313414008833749 41.74215852398661 39.430813452616654
decision_type=2 2 2 2 2 2 2 2 2 2 2 2 2 2 2 2 2 2 2 2
left_child=1 -1 3 12 -5 6 7 8 -2 -9 11 18 -3 -13 16 -16 -12 -4 -7 -8
right_child=5 2 17 4 -6 10 19 9 -10 -11 14 13 -14 -15 15 -17 -18 -19 -20 -21
leaf_value=0.00013440962854749603 -0.00013458728822967101 1.4775683803882534e-05 -8.6319076003979231e-05 0 7.6614686750276664e-05 0 9.6886366427090446e-05 3.1240930433386349e-05 0 -1.7294548928475463e-05 4.097981666266096e-05 0 -1.0800578225871167e-05 5.628061447666715e-05 -0.00011217652830246325 0 0 0 -4.6383597550969283e-05 0
leaf_weight=28 69 601 41 196 168 20 20 174 49 1190 38 38 955 250 47 92 24 20 20 28
leaf_count=28 69 601 41 196 168 20 20 174 49 1190 38 38 955 250 47 92 24 20 20 28
internal_value=0 5.06587e-06 1.71669e-06 5.36901e-06 3.22522e-05 -4.75421e-06 -1.23158e-05 -1.66246e-05 -8.04076e-05 -8.90198e-06 1.14439e-05 3.27594e-05 0 4.63107e-05 -8.42057e-06 -3.55427e-05 4.03562e-06 -6.39625e-05 0 5.81075e-05
internal_weight=4068 2009 1981 1920 364 2059 1530 1482 118 1364 529 328 1556 288 201 139 62 61 40 48
internal_count=4068 2009 1981 1920 364 2059 1530 1482 118 1364 529 328 1556 288 201 139 62 61 40 48
is_linear=0
shrinkage=0.03


Tree=184
num_leaves=23
num_cat=0
split_feature=32 34 24 26 22 32 22 31 31 35 27 24 19 35 30 28 28 24 35 30 30 32
split_gain=0.000107667 0.00043832 0.000259059 0.000217889 0.000425471 0.0012108 0.000281892 0.000248763 0.000438347 0.000586218 0.00028958 0.000407447 0.000235563 0.000182436 0.000226026 0.000360707 0.00019488 0.000139579 0.000675014 0.000223238 1.08739e-05 5.7645e-07
threshold=0.021074869706332103 0.0042964959664891786 -0.05573707413952244 0.15219972521663386 48.549710262976141 -1.0000000180025095e-35 28.275551550681762 -0.018202509546002717 -0.0053908346964566803 0.030074282452870638 0.028532294942094836 0.092705995993070375 5.7730000495910652 0.043638018362406016 37.19388242282421 2036193434.5000002 1616395567.5000002 0.037209755743391394 0.02049647879468159 53.927387054906482 15.823877240426086 0.026216747074415462
decision_type=2 2 2 2 2 2 2 2 2 2 2 2 2 2 2 2 2 2 2 2 2 2
left_child=3 2 -2 7 5 6 -5 10 9 -9 20 -12 -10 14 16 -16 -3 18 -6 -19 -1 -4
right_child=1 13 21 4 17 -7 -8 8 12 -11 11 -13 -14 -15 15 -17 -18 19 -20 -21 -22 -23
leaf_value=0 -0.00016814784911197729 0 -4.4584282053013575e-06 9.5964958835427551e-05 0 0.00019997741239616314 -6.0983265671757695e-06 1.1410763575098474e-05 0 0.00014420636910636949 -7.471663841160496e-05 0 -2.4763616692016138e-05 7.0456651101829764e-05 0 -4.9474251137863598e-05 9.6528434815004336e-05 0 -0.00017049775406926035 6.0361853780792667e-05 1.4117974024197243e-05 0
leaf_weight=22 25 29 26 27 26 42 111 819 1642 38 150 42 405 29 211 196 26 52 25 56 49 20
leaf_count=22 25 29 26 27 26 42 111 819 1642 38 150 42 405 29 211 196 26 52 25 56 49 20
internal_value=0 -1.20803e-05 -8.18661e-05 2.05953e-06 2.4943e-05 5.74246e-05 0 0 2.13726e-06 2.08153e-05 -2.82937e-05 -4.95289e-05 -4.21767e-06 0 -6.53522e-06 -1.95351e-05 3.50787e-05 0 -4.88881e-05 5.68154e-06 0 0
internal_weight=4068 562 71 3506 339 180 138 3167 2904 857 263 192 2047 491 462 407 55 159 51 108 71 46
internal_count=4068 562 71 3506 339 180 138 3167 2904 857 263 192 2047 491 462 407 55 159 51 108 71 46
is_linear=0
shrinkage=0.03


Tree=185
num_leaves=13
num_cat=0
split_feature=3 36 24 24 28 25 25 33 28 25 24 5
split_gain=0.000105322 0.000399145 0.00043072 0.000177334 0.000425116 0.000537236 0.000340191 0.000206641 0.000466144 0.000291267 9.19326e-06 5.1672e-05
threshold=3.7350000143051152 -0.0058982349751343375 -0.063001132253417427 -0.16543031874497385 -5951464310.999999 0.00070672183821773535 0.07123884933832271 -0.053470220858956079 750247717.00000012 -0.036305042397297919 -0.024856150462764799 207278459.50000003
decision_type=2 2 2 2 2 2 2 2 2 2 2 2
left_child=1 2 -1 4 -2 -6 7 8 -5 -9 11 -3
right_child=3 10 -4 6 5 -7 -8 9 -10 -11 -12 -13
leaf_value=0.00019059778538127367 0 -4.3386989789198804e-05 0 0 -0.00015627944906963356 0 0.00010615141874581326 3.2028411207373666e-05 -0.00011112395692246827 -1.6748345250796035e-06 0 0
leaf_weight=23 33 29 34 30 42 37 27 246 49 3453 40 25
leaf_count=23 33 29 34 30 42 37 27 246 49 3453 40 25
internal_value=0 2.47138e-05 8.89241e-05 -7.99336e-07 -3.80271e-05 -8.29838e-05 0 -4.61858e-07 -4.85938e-05 0 0 -1.23668e-05
internal_weight=4068 151 57 3917 112 79 3805 3778 79 3699 94 54
internal_count=4068 151 57 3917 112 79 3805 3778 79 3699 94 54
is_linear=0
shrinkage=0.03


Tree=186
num_leaves=21
num_cat=0
split_feature=31 23 3 31 3 35 0 23 5 5 0 23 35 23 5 5 33 33 5 31
split_gain=0.000102819 0.000514345 0.000375953 0.000307054 0.000659862 0.00054186 0.000295131 0.000259785 0.00038907 0.000479884 0.000381107 0.00054164 0.000353261 0.000350241 0.000284396 0.000489851 0.000172328 0.0001968 0.000147374 0.00010382
threshold=-0.0091742813241021386 0.10928706352927932 3.7350000143051152 -0.018202509546002717 4.1150000095367441 0.029744029338379441 2.9036363363265996 0.11560489910584161 261652358.00000003 239661510.00000003 3.1431088447570805 -0.072841822037123624 0.011323777644057011 0.022136330772603911 350377345.50000006 492041366.00000006 0.01605960851599331 -0.0079286423269619415 350377345.50000006 0.0017905100489862271
decision_type=2 2 2 2 2 2 2 2 2 2 2 2 2 2 2 2 2 2 2 2
left_child=1 2 6 4 -4 -5 -1 8 9 19 11 -10 -12 -11 16 -16 17 -9 -3 -2
right_child=7 18 3 5 -6 -7 -8 14 10 13 12 -13 -14 -15 15 -17 -18 -19 -20 -21
leaf_value=0.00017254478885416884 -9.2460361006890742e-06 0 -0.00018028668284178015 0 -3.5704651941237152e-06 0.00010106815049085977 0 0 0 -7.9201253014361933e-05 -0.00012576835931959879 5.0404184864370069e-05 0 0 -0.00012780503701838064 0 3.69153849225348e-05 -5.2405372927552585e-05 0.00014224152440072267 4.9470603617942502e-06
leaf_weight=20 861 47 26 467 264 50 25 32 151 137 20 420 382 78 58 24 48 97 33 828
leaf_count=20 861 47 26 467 264 50 25 32 151 137 20 420 382 78 58 24 48 97 33 828
internal_value=0 8.91938e-06 0 -2.62578e-06 -2.98119e-05 6.82494e-06 8.59011e-05 -2.42114e-06 0 -7.71507e-06 1.56004e-05 3.18633e-05 -4.07063e-08 -5.03262e-05 -3.11983e-05 -7.86725e-05 0 -2.63368e-05 8.18836e-05 -5.12167e-07
internal_weight=4068 932 852 807 290 517 45 3136 2877 1904 973 571 402 215 259 82 177 129 80 1689
internal_count=4068 932 852 807 290 517 45 3136 2877 1904 973 571 402 215 259 82 177 129 80 1689
is_linear=0
shrinkage=0.03


Tree=187
num_leaves=27
num_cat=0
split_feature=31 34 0 2 30 34 26 24 31 21 31 25 24 5 24 28 28 35 35 20 26 4 0 34 24 21
split_gain=0.000100189 0.000362029 0.000554356 0.000367612 0.000228443 0.000604601 0.000437623 0.000419882 0.000387126 0.000201989 0.000189613 0.000171485 0.000438155 0.000456011 0.00018512 0.000169062 0.000499584 0.00032267 0.00029009 0.000249036 0.00057084 0.000149225 7.07364e-05 3.71193e-05 2.1647e-05 4.99924e-07
threshold=0.010836225600178719 0.048410060278665019 3.2717462778091435 5.3949999809265146 38.979289427897449 0.014196980602975697 0.12629177649444193 0.012508487501080958 0.018299642408788123 4.2774166385332757 0.015175791971890231 -0.023941142113209524 0.02943460686036066 190037235.00000003 -0.05573707413952244 3066752227.5000005 1962206358.0000002 0.0099272191317659672 0.010176348190427753 6.8747499585151681 0.14548620127423548 7.1250000000000009 2.6678915023803715 0.068836193382287872 0.061893608091241593 4.7940833171208714
decision_type=2 2 2 2 2 2 2 2 2 2 2 2 2 2 2 2 2 2 2 2 2 2 2 2 2 2
left_child=1 15 3 9 11 10 7 -7 -8 -3 -6 14 13 -13 -2 16 18 -18 -1 20 -17 -21 -16 -4 -14 -12
right_child=4 2 23 -5 5 6 8 -9 -10 -11 25 12 24 -15 22 19 17 -19 -20 21 -22 -23 -24 -25 -26 -27
leaf_value=-4.4264399880379584e-05 -7.7409501110693214e-05 0 0 0 -0.00013116211540493037 -6.6103522398838902e-06 0 5.3537457784482799e-05 -8.9994646045776588e-05 0.0001584276007740137 0 0 -2.9606617859388883e-05 9.4111288483777998e-05 -8.9893824379168246e-06 4.4560488912491062e-06 0 -7.6388610316135779e-05 2.7322635735637118e-06 -7.6063305054505087e-05 8.2103368552074963e-05 0 3.8851660234007268e-05 -3.887989990820378e-05 0 -4.001474563111926e-06
leaf_weight=127 29 20 37 27 57 136 53 151 84 54 23 26 24 108 20 1013 22 136 1614 37 109 47 41 22 23 28
leaf_count=127 29 20 37 27 57 136 53 151 84 54 23 26 24 108 20 1013 22 136 1614 37 109 47 41 22 23 28
internal_value=0 2.50475e-06 4.6509e-05 9.14349e-05 -9.31509e-06 -2.24227e-05 0 1.45937e-05 -4.92627e-05 0.000125982 -8.66516e-05 5.34918e-06 2.91919e-05 6.38688e-05 -9.28413e-06 0 -5.33954e-06 -5.64482e-05 0 9.01459e-06 1.46795e-05 -3.09086e-05 0 0 -5.90549e-06 0
internal_weight=4068 3265 160 101 803 532 424 287 137 74 108 271 181 134 90 3105 1899 158 1741 1206 1122 84 61 59 47 51
internal_count=4068 3265 160 101 803 532 424 287 137 74 108 271 181 134 90 3105 1899 158 1741 1206 1122 84 61 59 47 51
is_linear=0
shrinkage=0.03


Tree=188
num_leaves=24
num_cat=0
split_feature=32 34 22 31 33 13 3 26 21 36 30 30 5 33 22 26 35 21 30 20 3 21 22
split_gain=0.000105116 0.000413336 0.000271796 0.000471782 0.000239662 0.000608891 0.000635945 0.000668025 0.000398677 0.000253998 0.000193269 0.000430824 0.000366649 0.000361454 0.000523569 0.000239157 0.000235165 0.000176829 0.00044638 0.000483502 0.000301271 0.000245571 8.45271e-05
threshold=0.021074869706332103 0.007471954502334178 55.908560360013404 0.024093492355985461 0.012972997880415506 -1.0000000180025095e-35 4.6849999427795419 0.10394665181277575 5.5143333315849317 -0.0017497810106705898 37.357412515639744 26.346985528571679 297873381.00000006 -0.02887337647297444 50.592244721287983 0.1165439041136192 0.018775297923742263 4.9273333191871656 75.785534099683602 4.1660000205039989 4.2950000762939462 5.0746666828791307 62.564520491722185
decision_type=2 2 2 2 2 2 2 2 2 2 2 2 2 2 2 2 2 2 2 2 2 2 2
left_child=4 2 3 -2 10 9 7 -7 -8 -6 11 16 -13 15 -15 -12 -1 18 20 -20 -3 -19 -23
right_child=1 17 -4 -5 5 6 8 -9 -10 -11 13 12 -14 14 -16 -17 -18 21 19 -21 -22 22 -24
leaf_value=7.826817226846898e-06 -0.00014959250716649379 -3.2590180936093356e-05 0 0 0 2.2966307433970232e-05 -1.307025117478535e-05 0.00020527821080044596 3.8888034638120088e-05 -0.00011997907992195126 0 9.0692064716125689e-06 9.8386495701895861e-05 -3.7802543432227849e-05 0 5.7938599066391769e-05 -2.2608707506630611e-05 0.00010224232871045633 0 -0.00012001761277295236 5.2327314564137036e-05 -8.9930765389697068e-06 2.647495788423588e-05
leaf_weight=402 50 59 20 26 22 144 263 39 212 31 74 355 76 557 850 100 381 28 20 64 76 125 94
leaf_count=402 50 59 20 26 22 144 263 39 212 31 74 355 76 557 850 100 381 28 20 64 76 125 94
internal_value=0 -1.19234e-05 -6.85751e-05 -9.56704e-05 2.04707e-06 1.7908e-05 2.90916e-05 7.8295e-05 3.8084e-06 -6.42332e-05 -9.14883e-07 6.78583e-06 3.1797e-05 -8.72548e-06 -1.51954e-05 2.63392e-05 -3.15287e-06 0 -1.986e-05 -7.61873e-05 0 1.71561e-05 0
internal_weight=4068 562 96 76 3506 711 658 183 475 53 2795 1214 431 1581 1407 174 783 466 219 84 135 247 219
internal_count=4068 562 96 76 3506 711 658 183 475 53 2795 1214 431 1581 1407 174 783 466 219 84 135 247 219
is_linear=0
shrinkage=0.03


Tree=189
num_leaves=24
num_cat=0
split_feature=36 35 36 30 29 22 29 36 0 19 22 0 24 29 36 1 19 3 3 29 30 27 25
split_gain=0.000101905 0.000483184 0.000322808 0.000303825 0.000427779 0.000833384 0.000517292 0.000266616 0.000396187 0.000408605 0.000250502 0.000893566 0.00084025 0.00025392 0.000245441 0.000237358 0.000363797 0.000225577 0.00022457 0.000168337 0.000142948 6.57257e-06 3.48515e-06
threshold=0.005371501111097552 0.013295390958122353 0.0018001796993170061 16.131694512910951 51.476974100194717 42.404417621549669 57.340111893795502 0.0036968667177501033 3.2949796915054326 4.1219999790191659 25.141863247435968 2.2112704515457158 -0.15421862957632387 65.848223923122859 0.0048038798382537698 5.2349998950958261 5.9690000057220471 4.805000066757203 4.9649999141693124 41.498722533075544 61.530254011958988 0.021861329783086046 0.020236714937035067
decision_type=2 2 2 2 2 2 2 2 2 2 2 2 2 2 2 2 2 2 2 2 2 2 2
left_child=2 15 10 18 5 -5 -6 8 9 -4 11 -1 19 -14 17 -2 -17 -9 -3 -12 -16 -13 -10
right_child=1 3 7 4 6 -7 -8 14 22 -11 12 21 13 -15 20 16 -18 -19 -20 -21 -22 -23 -24
leaf_value=0.00021291455167569048 0 -0.00010938200318110722 0 0.00010135438465153401 -7.7149352354250679e-05 0 0 -6.0195835565885961e-05 -6.2971468919219354e-06 8.6918588166373146e-05 0 -1.317078705304889e-05 -7.2381408703335849e-06 1.528718629987338e-05 7.433255484782878e-05 -0.00014997954466240026 0 0 0 -0.00016566810559322974 0 0 0
leaf_weight=22 45 39 38 106 87 298 563 76 79 170 22 34 1520 637 50 46 20 81 24 34 25 24 28
leaf_count=22 45 39 38 106 87 298 563 76 79 170 22 34 1520 637 50 46 20 81 24 34 25 24 28
internal_value=0 -7.05135e-06 3.28517e-06 0 2.71092e-06 2.90018e-05 -9.01712e-06 2.42154e-05 4.21858e-05 6.63938e-05 -4.00344e-07 4.96733e-05 -3.56823e-06 0 0 -6.68117e-05 -0.000103607 -2.15166e-05 -6.489e-05 -0.000118246 4.44174e-05 0 0
internal_weight=4068 1228 2840 1117 1054 404 650 547 315 208 2293 80 2213 2157 232 111 66 157 63 56 75 58 107
internal_count=4068 1228 2840 1117 1054 404 650 547 315 208 2293 80 2213 2157 232 111 66 157 63 56 75 58 107
is_linear=0
shrinkage=0.03


Tree=190
num_leaves=21
num_cat=0
split_feature=19 26 32 0 32 4 5 7 28 4 19 29 28 21 26 25 29 32 5 0
split_gain=9.71216e-05 0.000572836 0.000693491 0.000636054 0.000718261 0.000275794 0.000461142 0.000268818 0.000292773 0.000253409 0.000761059 0.00032034 0.000193907 0.000624906 0.000406188 0.000340274 0.000234876 0.000181234 9.07762e-05 8.63291e-06
threshold=4.5930000305175787 0.1151962336067842 0.049228880625704748 3.3518227338790898 -1.0000000180025095e-35 4.6549999713897714 290711394.00000006 -1.0000000180025095e-35 6565508529.500001 5.0750000476837167 5.2019999980926519 11.688069942825335 351243130.00000006 4.5811666329701746 0.10625686177856829 -0.00012650462866334981 26.28060628195043 -0.010700927747405607 371184257.00000006 3.022836565971375
decision_type=2 2 2 2 2 2 2 2 2 2 2 2 2 2 2 2 2 2 2 2
left_child=1 12 3 4 -3 6 19 8 17 11 -11 -9 14 -14 16 -16 -1 -7 -8 -2
right_child=5 2 -4 -5 -6 7 18 9 -10 10 -12 -13 13 -15 15 -17 -18 -19 -20 -21
leaf_value=-2.5351549441214485e-05 3.0138743121100512e-06 0 0 0 0.0002838685391107234 0 -0.00018203152127430904 0.00011210149550930322 0 -5.5080375933937877e-05 2.3635392625477544e-06 7.9622513673307734e-06 0.0001526120062516942 0 0 -0.00014167158490953599 1.1393630841011039e-05 -8.7178675974670456e-05 0 -1.3067696968824414e-05
leaf_weight=208 45 36 21 32 30 32 23 37 39 227 1781 674 31 40 28 34 598 87 22 43
leaf_count=208 45 36 21 32 30 32 23 37 39 227 1781 674 31 40 28 34 598 87 22 43
internal_value=0 7.95276e-06 6.9933e-05 0.000110905 0.000164057 -2.60894e-06 -4.49311e-05 0 -3.85838e-05 1.55466e-06 -2.63884e-06 1.76154e-05 0 4.77212e-05 -3.80968e-06 -7.80364e-05 0 -6.47193e-05 -0.000123127 0
internal_weight=4068 1058 119 98 66 3010 133 2877 158 2719 2008 711 939 71 868 62 806 119 45 88
internal_count=4068 1058 119 98 66 3010 133 2877 158 2719 2008 711 939 71 868 62 806 119 45 88
is_linear=0
shrinkage=0.03


Tree=191
num_leaves=25
num_cat=0
split_feature=31 34 0 20 5 25 34 23 24 32 29 26 24 32 32 33 29 21 21 25 26 24 0 34
split_gain=0.000102639 0.000333664 0.000520736 0.000351762 0.000225438 0.0005794 0.000429275 0.000284932 0.000651607 0.000275796 0.000275341 0.000243953 0.000410122 0.000220558 0.000419134 0.000376347 0.000343005 0.000316147 0.000215758 0.000208009 0.000176558 6.55048e-05 8.72747e-05 3.30496e-05
threshold=0.010836225600178719 0.048410060278665019 3.2717462778091435 5.0977500557899482 317752329.00000006 0.038179365902120489 0.0882400914894831 0.058257988738541495 0.010469507006022906 0.025316482119243314 42.069290609413315 0.12765097423280017 0.011391960084287058 0.021074869706332103 0.014340551754337129 0.036370185142485141 85.197180902671121 5.4566666682561245 4.2774166385332757 0.028171390495602047 0.14692044286039266 0.11357583843181503 2.5330703258514409 0.068836193382287872
decision_type=2 2 2 2 2 2 2 2 2 2 2 2 2 2 2 2 2 2 2 2 2 2 2 2
left_child=1 13 3 18 7 11 -7 8 10 -10 -2 12 -6 14 16 19 -1 -16 -3 -15 -13 22 -9 -4
right_child=4 2 23 -5 5 6 -8 21 9 -11 -12 20 -14 15 17 -17 -18 -19 -20 -21 -22 -23 -24 -25
leaf_value=1.4592308504688603e-06 2.8141898367962588e-05 0 0 0 0 -0.00014091857615704687 0 0 -0.00012104078353106051 0 -3.287152513396293e-05 -6.3906795645844112e-05 9.102831128085291e-05 -9.0389254681016759e-05 0 0 -4.7019568845302735e-05 0.00010258358378724636 0.00016273253950595764 0 1.9051149948422624e-05 0 4.9072231082907292e-05 -3.6686660045793697e-05
leaf_weight=2629 93 20 37 32 83 34 25 21 93 21 161 34 99 87 133 34 137 64 49 21 54 28 57 22
leaf_count=2629 93 20 37 32 83 34 25 21 93 21 161 34 99 87 133 34 137 64 49 21 54 28 57 22
internal_value=0 2.50764e-06 4.47653e-05 8.83687e-05 -9.45817e-06 2.36602e-06 -7.01475e-05 -2.39918e-05 -3.79212e-05 -9.88886e-05 0 2.93387e-05 4.98239e-05 0 2.07815e-06 -3.61506e-05 0 4.44835e-05 0.000126518 -6.96507e-05 0 0 2.74747e-05 0
internal_weight=4068 3265 160 101 803 329 59 474 368 114 254 270 182 3105 2963 142 2766 197 69 108 88 106 78 59
internal_count=4068 3265 160 101 803 329 59 474 368 114 254 270 182 3105 2963 142 2766 197 69 108 88 106 78 59
is_linear=0
shrinkage=0.03


Tree=192
num_leaves=23
num_cat=0
split_feature=31 34 36 26 34 34 27 30 21 30 32 32 29 30 35 36 36 31 36 35 3 31
split_gain=9.70962e-05 0.000313139 0.000447442 0.000849777 0.000216624 0.000507521 0.000441508 0.000674248 0.000328733 0.000257162 0.000201497 0.000400426 0.000322748 0.000320476 0.000268971 0.000520083 0.000190609 0.000334464 8.38857e-05 0.000412939 4.70306e-05 4.26544e-05
threshold=0.010836225600178719 0.048410060278665019 -0.011183877242974467 0.12537296589573685 0.046399442610868931 0.052128158729717329 0.86362640584631212 38.979289427897449 6.0622067252794904 23.849620396001662 0.021074869706332103 0.014340551754337129 85.197180902671121 77.155025746315502 0.014639209851498644 0.01056711766654723 0.011666938680285946 0.023095205212593676 0.030705000350177581 0.021739109965638447 5.2049999237060556 0.0055788284145990028
decision_type=2 2 2 2 2 2 2 2 2 2 2 2 2 2 2 2 2 2 2 2 2 2
left_child=1 10 -3 20 6 -6 7 9 -9 -2 11 12 -1 -13 21 -16 -8 -18 19 -7 -4 -12
right_child=4 2 3 -5 5 18 16 8 -10 -11 14 13 -14 -15 15 -17 17 -19 -20 -21 -22 -23
leaf_value=1.4154558932128442e-06 -1.2244820421851593e-05 0 2.6731584219647295e-05 0.00017853141606759092 -0.00014113440509199311 9.6180418686866641e-06 0 -7.6493972745928404e-05 0 3.8236149722463741e-05 4.2654226072821137e-05 6.7970468859755465e-05 -4.5610011120416483e-05 0 -0.00010476708875924145 0 0.00010199020289584747 0 2.963508358867517e-05 -7.3433977756910484e-05 -1.7857448966783784e-06 0
leaf_weight=2629 106 25 59 46 36 33 59 173 29 154 21 143 137 54 80 20 72 37 26 78 30 21
leaf_count=2629 106 25 59 46 36 33 59 173 29 154 21 143 137 54 80 20 72 37 26 78 30 21
internal_value=0 2.47766e-06 4.34224e-05 7.2216e-05 -9.15715e-06 -3.89273e-05 0 -1.61106e-05 -5.95632e-05 6.12463e-06 0 2.03806e-06 0 4.34842e-05 -3.44904e-05 -6.40861e-05 4.06241e-05 6.41497e-05 0 -2.17537e-05 0 0
internal_weight=4068 3265 160 135 803 173 630 462 202 260 3105 2963 2766 197 142 100 168 109 137 111 89 42
internal_count=4068 3265 160 135 803 173 630 462 202 260 3105 2963 2766 197 142 100 168 109 137 111 89 42
is_linear=0
shrinkage=0.03


Tree=193
num_leaves=13
num_cat=0
split_feature=3 36 24 24 28 25 25 32 26 33 24 5
split_gain=9.53891e-05 0.000371424 0.000388032 0.000158068 0.000397941 0.000504637 0.00030889 0.000278825 0.000586679 0.000497237 8.19524e-06 4.86098e-05
threshold=3.7350000143051152 -0.0058982349751343375 -0.063001132253417427 -0.16543031874497385 -5951464310.999999 0.00070672183821773535 0.07123884933832271 0.012964429018979652 0.1664315152887898 0.012972997880415506 -0.024856150462764799 207278459.50000003
decision_type=2 2 2 2 2 2 2 2 2 2 2 2
left_child=1 2 -1 4 -2 -6 7 9 -9 -5 11 -3
right_child=3 10 -4 6 5 -7 -8 8 -10 -11 -12 -13
leaf_value=0.00018226479856726748 0 -4.1914864877699716e-05 0 -5.2268549586087579e-07 -0.00015073455835309878 0 0.00010117524934490553 -5.7080689128344599e-06 -0.0001153104081838142 3.4434445871830541e-05 0 0
leaf_weight=23 33 29 34 2464 42 37 27 856 54 404 40 25
leaf_count=23 33 29 34 2464 42 37 27 856 54 404 40 25
internal_value=0 2.35614e-05 8.55766e-05 -7.08963e-07 -3.58695e-05 -7.96942e-05 0 -3.96485e-07 -1.55202e-05 3.35658e-06 0 -1.16763e-05
internal_weight=4068 151 57 3917 112 79 3805 3778 910 2868 94 54
internal_count=4068 151 57 3917 112 79 3805 3778 910 2868 94 54
is_linear=0
shrinkage=0.03


Tree=194
num_leaves=18
num_cat=0
split_feature=19 0 2 0 4 22 22 5 23 30 22 0 32 28 0 30 32
split_gain=9.20967e-05 0.000577977 0.00040317 0.000424588 0.000336695 0.000212167 0.000566657 0.000538631 0.000378023 0.000423864 0.000199668 0.00018486 0.000226986 0.000125065 0.000106984 6.70103e-05 1.22624e-05
threshold=4.3110000133514417 1.7643836140632632 4.4349999427795419 2.301033735275269 4.4349999427795419 48.688386657527651 32.370335258559585 247000652.00000003 0.034827588334285682 78.579106677588044 28.903283955962788 1.9409175515174868 -0.032663673220800431 -3675309702.4999995 3.1058416366577153 73.15488569639227 0.0022753370138121069
decision_type=2 2 2 2 2 2 2 2 2 2 2 2 2 2 2 2 2
left_child=1 -1 3 -2 14 6 10 -8 9 -7 -3 13 -13 -6 -4 -10 -5
right_child=2 5 4 16 11 8 7 -9 15 -11 -12 12 -14 -15 -16 -17 -18
leaf_value=0.00014508237542536478 -0.00016124247962167275 0 0.00014050750678697071 -1.2122411967968857e-05 0 7.861858495847078e-05 0 -0.00010774031421855577 -2.6939619240722539e-05 0 9.7507391611263762e-05 3.6633102548917274e-05 -1.6567685589644951e-06 -9.0845206580356935e-05 0 0 0
leaf_weight=28 29 43 20 75 27 141 205 75 83 31 36 146 2996 34 23 48 28
leaf_count=28 29 43 20 75 27 141 205 75 83 31 36 146 2996 34 23 48 28
internal_value=0 1.01642e-05 -1.85249e-06 -5.32406e-05 0 0 -1.06233e-05 -3.71701e-05 2.22775e-05 5.33941e-05 4.5468e-05 -8.81598e-07 0 -5.25712e-05 8.35044e-05 0 0
internal_weight=4068 690 3378 132 3246 662 359 280 303 172 79 3203 3142 61 43 131 103
internal_count=4068 690 3378 132 3246 662 359 280 303 172 79 3203 3142 61 43 131 103
is_linear=0
shrinkage=0.03


Tree=195
num_leaves=25
num_cat=0
split_feature=31 30 32 30 31 30 30 2 30 22 32 26 27 27 3 34 34 24 0 27 27 36 31 26
split_gain=9.27603e-05 0.000258173 0.000756147 0.000536604 0.000757841 0.000386245 0.000502786 0.000319322 0.000646257 0.000251664 0.000251128 0.00022706 0.000226307 0.000254623 0.000611194 0.00089814 0.000234572 0.000718349 0.000401025 0.000203789 7.78922e-05 6.13397e-05 4.20306e-05 2.41264e-06
threshold=-0.0053908346964566803 72.742489298174235 -0.0080402016129998404 59.439321190474317 -0.017033715298555515 49.915274181890695 38.681994870255274 5.5515241622924814 82.442407369756083 58.896913384447821 0.0068886087046946551 0.1075297134115805 0.0072685207278513639 0.12479640140867947 4.5850000381469735 -0.033278955215623122 -0.0075353154001374092 -0.057889817883940757 2.1092969179153447 -0.02572727198965229 0.36912402957059393 -0.007616623089433382 -0.0085561514467525895 0.088998763230317121
decision_type=2 2 2 2 2 2 2 2 2 2 2 2 2 2 2 2 2 2 2 2 2 2 2 2
left_child=1 3 7 5 -5 6 -1 8 -3 22 -11 -7 19 14 23 -16 17 -15 -18 -2 -6 -9 -4 -14
right_child=12 2 9 4 20 11 -8 21 -10 10 -12 -13 13 16 15 -17 18 -19 -20 -21 -22 -23 -24 -25
leaf_value=1.5748966803266292e-05 0 0.00019771547383735561 4.037347912166058e-05 -0.00014511018166197336 2.6175124993399683e-05 0 -4.07531074608863e-05 3.9658697790159779e-05 0 -0.00011333604780945152 0 8.5784251949594574e-05 0 -8.1390061343873074e-05 0.00020729485777796212 0 5.2657596211995214e-05 0 -2.1720005828379052e-06 -0.0001394396579823836 -2.1563360164582566e-05 0 0 -9.1210968829905433e-06
leaf_weight=538 33 47 32 51 37 68 192 35 25 34 26 87 31 135 36 43 127 500 1801 21 96 20 27 26
leaf_count=538 33 47 32 51 37 68 192 35 25 34 26 87 31 135 36 43 127 500 1801 21 96 20 27 26
internal_value=0 6.71488e-06 3.44253e-05 0 -4.62589e-05 1.00271e-05 0 8.74584e-05 0.000132173 0 -5.93926e-05 5.30568e-05 -2.96401e-06 -6.13914e-07 3.76435e-05 9.6914e-05 -3.81581e-06 -1.97781e-05 0 -6.4754e-05 0 0 1.56614e-05 0
internal_weight=4068 1315 246 1069 184 885 730 127 72 119 60 155 2753 2699 136 79 2563 635 1928 54 133 55 59 57
internal_count=4068 1315 246 1069 184 885 730 127 72 119 60 155 2753 2699 136 79 2563 635 1928 54 133 55 59 57
is_linear=0
shrinkage=0.03


Tree=196
num_leaves=18
num_cat=0
split_feature=3 0 27 27 33 30 0 31 30 30 28 33 21 30 30 0 34
split_gain=8.86421e-05 0.000359357 0.000149102 0.00065404 0.00029327 0.00028651 0.000540746 0.000493424 0.000373972 0.000365617 0.000635798 0.000400014 0.000100417 0.000122199 4.65793e-05 0.00026374 6.18631e-05
threshold=3.7350000143051152 2.7766529321670537 0.0072685207278513639 -0.035692410636258436 -0.030059054878820764 20.064042802732974 2.301033735275269 0.0074073706689266059 11.151210618296568 24.107373172528014 -921466911.49999988 -0.02887337647297444 3.7256666660308841 44.04301706839118 18.250005783387945 3.1802898645401005 -0.057045518594467375
decision_type=2 2 2 2 2 2 2 2 2 2 2 2 2 2 2 2 2
left_child=1 -1 3 14 -5 6 7 -4 -8 10 -7 -11 -3 -14 16 -16 -2
right_child=2 12 5 4 -6 9 8 -9 -10 11 -12 -13 13 -15 15 -17 -18
leaf_value=0.00012900779909440758 -3.4763637590252356e-05 4.9141303435073918e-05 0 -0.00017551644375471875 0 0 0 -0.00012466546929364579 7.6094737298803208e-05 4.2408296855656021e-05 -9.2379034849676819e-05 -2.3433574488491447e-06 -5.0506866148193106e-05 0 8.2428494759794499e-05 0 0
leaf_weight=24 46 31 80 32 44 64 58 29 183 191 107 2973 49 47 41 41 28
leaf_count=24 46 31 80 32 44 64 58 29 183 191 107 2973 49 47 41 41 28
internal_value=0 2.2673e-05 -7.32629e-07 -2.42326e-05 -9.76013e-05 0 2.6462e-05 -8.65661e-06 5.47855e-05 -1.95188e-06 -4.46927e-05 0 0 -1.26065e-05 0 2.25872e-05 -6.92826e-07
internal_weight=4068 151 3917 232 76 3685 350 109 241 3335 171 3164 127 96 156 82 74
internal_count=4068 151 3917 232 76 3685 350 109 241 3335 171 3164 127 96 156 82 74
is_linear=0
shrinkage=0.03


Tree=197
num_leaves=24
num_cat=0
split_feature=36 35 36 30 29 24 29 24 1 36 29 36 36 28 26 28 28 28 33 33 2 31 36
split_gain=8.97748e-05 0.00045301 0.000304927 0.000283443 0.00040544 0.000614915 0.000477979 0.000258056 0.000294574 0.000247345 0.000238322 0.00023459 0.000346515 0.000311182 0.000309835 0.000294062 0.000408339 0.000233144 0.000230304 0.000307791 0.000221771 0.000122034 5.81883e-07
threshold=0.005371501111097552 0.013295390958122353 0.0018001796993170061 16.131694512910951 51.476974100194717 0.02103378859198202 57.340111893795502 -0.064335721273539134 5.4029409885406503 0.0045819031211458737 39.586499439112494 -0.0042507978402670839 -0.0088235447963641838 -3136782845.9999995 0.13197203454650899 -4151668514.9999995 1169148242.0000002 1962206358.0000002 0.01898825386816794 -0.0066537888334726172 5.0750000476837167 0.0019323670839986875 0.0035304525528683395
decision_type=2 2 2 2 2 2 2 2 2 2 2 2 2 2 2 2 2 2 2 2 2 2 2
left_child=2 18 11 20 5 -5 -6 10 17 -10 22 12 14 -14 -1 21 -17 -9 19 -2 -3 -13 -4
right_child=1 3 7 4 6 -7 -8 8 9 -11 -12 15 13 -15 -16 16 -18 -19 -20 -21 -22 -23 -24
leaf_value=-1.7750861426749022e-05 0 -0.00010684810149127548 5.1043580682364337e-06 6.0402939771519178e-05 -7.4011702867884805e-05 -4.9464048003060561e-07 0 0 6.5440982250456533e-05 0 0.00012422135768600613 0 0 3.7157673223685482e-05 2.0093982332654259e-05 -5.1812721490583591e-05 0 -6.4461992041699024e-05 0 -0.0001214883861574381 0 5.7059621484424786e-05 0
leaf_weight=620 20 39 20 241 87 163 563 238 118 51 47 102 131 451 237 288 422 51 27 64 24 42 22
leaf_count=620 20 39 20 241 87 163 563 238 118 51 47 102 131 451 237 288 422 51 27 64 24 42 22
internal_value=0 -6.63624e-06 3.06682e-06 0 2.80715e-06 2.84149e-05 -8.49633e-06 2.34404e-05 6.69726e-06 4.09204e-05 7.58275e-05 -4.85884e-07 5.47723e-06 2.42661e-05 -3.78372e-06 -1.40457e-05 -2.39088e-05 -2.9458e-06 -6.44714e-05 -8.91943e-05 -6.2539e-05 1.37488e-05 0
internal_weight=4068 1228 2840 1117 1054 404 650 547 458 169 89 2293 1439 582 857 854 710 289 111 84 63 144 42
internal_count=4068 1228 2840 1117 1054 404 650 547 458 169 89 2293 1439 582 857 854 710 289 111 84 63 144 42
is_linear=0
shrinkage=0.03


Tree=198
num_leaves=28
num_cat=0
split_feature=21 21 5 30 4 2 31 33 32 20 21 5 5 29 30 33 31 23 25 22 32 35 36 25 30 34 22
split_gain=9.04618e-05 0.000464643 0.000713004 0.000716977 0.000289907 0.000288489 0.000903193 0.000371054 0.000387558 0.000271168 0.000247238 0.000585727 0.000636188 0.0004351 0.0006406 0.000350475 0.000567097 0.000587629 0.000365184 0.00070504 0.000283312 0.00023452 0.000214835 0.000134652 5.38235e-05 0.000181917 9.78154e-05
threshold=5.1242499947547921 4.8885833422342948 258970572.50000003 85.161943401343947 5.5218074321746835 5.1949999332427987 0.0018692278159225808 -0.0021715737892514238 0.016686601048113817 4.7889999747276315 5.4815000216166192 344269318.00000006 589471183.50000012 49.659637809851013 48.951711760966695 0.0074478262252112301 0.006191951066089719 -0.012457916131060285 -0.020499317862226214 53.080811147732469 -0.032663673220800431 0.016037407491207811 -0.0065093553231440424 0.01768471687779561 34.022733332454443 0.0079223723974273259 43.625251863205733
decision_type=2 2 2 2 2 2 2 2 2 2 2 2 2 2 2 2 2 2 2 2 2 2 2 2 2 2 2
left_child=1 5 24 4 -4 7 -7 9 -9 -1 11 13 23 22 -15 16 20 -18 21 -20 -12 -17 -2 -13 26 -26 -3
right_child=10 2 3 -5 -6 6 -8 8 -10 -11 15 12 -14 14 -16 18 17 -19 19 -21 -22 -23 -24 -25 25 -27 -28
leaf_value=-2.30728878999153e-05 0 0 0.00012284451188095569 0 0 0 -0.00018575676054681777 3.1468885596361744e-05 -4.378207792690958e-06 2.1225886877978264e-05 6.1031378588421293e-05 -0.00015561596183304459 0 -0.00013867759516208685 0 -0.00010412331603886769 0 -0.00011592944248649774 9.1064527805123874e-05 0 -2.7793588814521668e-06 0 4.0284212499540882e-05 0 -4.7751851005172226e-05 0 6.4329727848739423e-05
leaf_weight=647 76 43 133 33 20 21 31 543 297 86 67 61 22 45 233 22 86 82 143 319 653 47 182 21 86 44 25
leaf_count=647 76 43 133 33 20 21 31 543 297 86 67 61 22 45 233 22 86 82 143 319 653 47 182 21 86 44 25
internal_value=0 4.63243e-06 3.46321e-05 7.69651e-05 0.000106842 -6.12384e-07 -7.06767e-05 0 1.52244e-05 -1.37811e-05 -4.3129e-06 -2.01572e-05 -8.68856e-05 -1.60011e-06 -3.23367e-05 7.20109e-07 -8.49838e-06 -5.84617e-05 2.17837e-05 3.45671e-05 0 -2.03203e-05 1.98955e-05 -0.000128631 0 -1.58304e-05 1.52501e-05
internal_weight=4068 2009 384 186 153 1625 52 1573 840 733 2059 640 104 536 278 1419 888 168 531 462 720 69 258 82 198 130 68
internal_count=4068 2009 384 186 153 1625 52 1573 840 733 2059 640 104 536 278 1419 888 168 531 462 720 69 258 82 198 130 68
is_linear=0
shrinkage=0.03


Tree=199
num_leaves=23
num_cat=0
split_feature=19 28 32 28 35 29 35 21 2 4 5 24 7 28 2 19 5 32 5 26 36 36
split_gain=9.08695e-05 0.000502112 0.000772234 0.000390927 0.000381319 0.00061784 0.000567956 0.00046937 0.00045451 0.00030276 0.00034658 0.000288005 0.000247283 0.000277274 0.000246399 0.000580722 0.000261413 0.000168498 5.06858e-05 4.00825e-05 1.47618e-08 1.08207e-05
threshold=4.6029999256134042 351243130.00000006 -0.013540186062870439 1307074671.5000002 0.027857219470978318 42.405181132167449 0.017690428097189171 3.7425000051657364 4.4849998950958261 4.6549999713897714 290711394.00000006 -0.01286007569850423 -1.0000000180025095e-35 6565508529.500001 5.1150000095367441 5.2019999980926519 188941767.50000003 -0.010700927747405607 431234749.50000006 0.10188009819856074 0.0064935262645422443 -0.0022198093111984785
decision_type=2 2 2 2 2 2 2 2 2 2 2 2 2 2 2 2 2 2 2 2 2 2
left_child=1 4 -3 -4 6 11 7 -1 -8 10 20 -6 13 17 16 -16 -14 -11 -7 -5 21 -2
right_child=9 2 3 19 5 18 8 -9 -10 12 -12 -13 14 -15 15 -17 -18 -19 -20 -21 -22 -23
leaf_value=0.00011287524904340769 0 0 0.00020234313022572637 0 0.00015524199840546041 2.9000964805415123e-06 -5.0868279653314423e-05 0 8.0800087617322511e-06 0 -0.00012439272560514484 0 0 0 -4.6741397974305649e-05 1.7242046303250201e-06 2.9955033897538527e-05 -8.4251727349895784e-05 -4.515919236759169e-05 3.7910708269049626e-05 0 -1.8629081627735994e-05
leaf_weight=38 22 24 38 24 46 65 348 363 60 32 39 21 191 39 243 1785 500 87 22 25 28 28
leaf_count=38 22 24 38 24 46 65 348 363 60 32 39 21 191 39 243 1785 500 87 22 25 28 28
internal_value=0 7.54667e-06 6.79568e-05 0.000117771 0 4.3809e-05 -7.65675e-06 1.25319e-05 -3.48484e-05 -2.62366e-06 -5.00294e-05 0.00011267 0 -3.70541e-05 1.42003e-06 -2.60587e-06 1.75751e-05 -6.25929e-05 0 0 0 -5.14958e-07
internal_weight=4068 1074 111 87 963 154 809 401 408 2994 117 67 2877 158 2719 2028 691 119 87 49 78 50
internal_count=4068 1074 111 87 963 154 809 401 408 2994 117 67 2877 158 2719 2028 691 119 87 49 78 50
is_linear=0
shrinkage=0.03


Tree=200
num_leaves=18
num_cat=0
split_feature=36 35 23 23 23 23 35 31 31 25 25 34 27 3 5 35 27
split_gain=8.93231e-05 0.000372843 0.000351338 0.000349037 0.00032734 0.000444468 0.00036576 0.000243883 0.000239588 0.000491163 0.000371477 0.000273047 0.000233632 0.000178988 0.00012957 0.000746604 9.26648e-08
threshold=-0.018126889674538862 0.040110776041661862 0.069095495285167022 -0.030195141788115883 0.11946557134414394 -0.017181557556376511 0.031705678284853489 -0.028781703934558419 0.010836225600178719 0.049541989390467521 0.012032311892693224 0.048410060278665019 0.83204860017633075 5.2049999237060556 469336686.00000006 0.03253921539046508 0.22547682806014249
decision_type=2 2 2 2 2 2 2 2 2 2 2 2 2 2 2 2 2
left_child=4 8 3 -3 5 14 16 -8 11 10 -10 12 -2 -13 15 -1 -7
right_child=1 2 -4 -5 -6 6 7 -9 9 -11 -12 13 -14 -15 -16 -17 -18
leaf_value=0 4.8511766470361589e-06 0 0 0.00020966552902219554 4.5621486427069199e-05 0 0 -0.00017564098499196982 -2.5715672545247141e-05 -0.00013825541346444719 1.5681866712461926e-05 7.2755607464611006e-05 -2.0016114826777047e-05 0 -5.4353701720472907e-05 0.00014842315370540006 -1.4604622347201737e-06
leaf_weight=44 2475 39 20 22 24 22 20 41 442 31 269 84 381 62 20 33 39
leaf_count=44 2475 39 20 22 24 22 20 41 442 31 269 84 381 62 20 33 39
internal_value=0 1.21118e-06 6.48597e-05 0.000103726 -1.75388e-05 -3.81705e-05 -7.67505e-05 -0.000130993 0 -1.54274e-05 -5.83449e-06 3.60461e-06 4.82828e-07 4.40959e-05 0 2.72451e-05 0
internal_weight=4068 3825 81 61 243 219 122 61 3744 742 711 3002 2856 146 97 77 61
internal_count=4068 3825 81 61 243 219 122 61 3744 742 711 3002 2856 146 97 77 61
is_linear=0
shrinkage=0.03


Tree=201
num_leaves=20
num_cat=0
split_feature=19 0 5 34 2 0 3 28 22 19 2 26 28 28 28 5 21 4 31
split_gain=8.7801e-05 0.000549339 0.00043036 0.000396078 0.000369504 0.000387592 0.000323496 0.000306653 0.000484275 0.000664125 0.000215289 0.000384643 0.000172671 0.000673864 0.000465751 0.000147396 0.000381188 9.58158e-05 2.63361e-05
threshold=4.3110000133514417 1.9772322773933413 361898296.00000006 -0.023790653710354655 4.4349999427795419 2.301033735275269 4.4149999618530282 -3136782845.9999995 48.688386657527651 3.6630000114440926 4.4549999237060556 0.1012435026032102 3201694462.5000005 2036193434.5000002 4493475594.500001 134793215.00000003 3.9815833548704789 4.2249999046325692 -0.0048019231534406894
decision_type=2 2 2 2 2 2 2 2 2 2 2 2 2 2 2 2 2 2 2
left_child=1 2 3 -1 5 -2 10 8 9 -3 -6 -12 13 -8 -14 18 -17 -10 -9
right_child=4 7 -4 -5 6 -7 12 15 17 -11 11 -13 14 -15 -16 16 -18 -19 -20
leaf_value=0 -0.00015439923991900434 0 0 0.00019012232114195855 0 0 0 0 4.372719782715644e-05 -0.00013346679180175526 0 0.00016840151628748194 3.8369925741316231e-05 -5.9599680353113118e-05 -1.2785019703484593e-06 0 5.7946298298137002e-05 0 -2.1537047118967332e-05
leaf_weight=25 29 45 27 36 24 103 1397 25 45 69 21 29 305 207 1263 179 165 23 51
leaf_count=25 29 45 27 36 24 103 1397 25 45 69 21 29 305 207 1263 179 165 23 51
internal_value=0 9.83041e-06 7.9805e-05 0.000124589 -1.91063e-06 -5.10959e-05 0 0 -3.29199e-05 -7.44947e-05 6.20511e-05 9.77869e-05 -1.35636e-06 -8.97345e-06 4.52254e-06 1.36821e-05 2.47803e-05 0 0
internal_weight=4068 690 88 61 3378 132 3246 602 182 114 74 50 3172 1604 1568 420 344 68 76
internal_count=4068 690 88 61 3378 132 3246 602 182 114 74 50 3172 1604 1568 420 344 68 76
is_linear=0
shrinkage=0.03


Tree=202
num_leaves=14
num_cat=0
split_feature=3 36 24 24 36 29 25 32 23 36 36 24 23
split_gain=8.93506e-05 0.000354032 0.000353772 0.000153768 0.000384682 0.000731663 0.000288101 0.000263886 0.000474682 0.000343983 7.70232e-05 7.22891e-06 2.11302e-05
threshold=3.7350000143051152 -0.0058982349751343375 -0.063001132253417427 -0.16543031874497385 -1.0000000180025095e-35 41.498722533075544 0.07123884933832271 0.012964429018979652 -0.11062777717511717 0.0085616814344142717 0.01091307645004033 -0.024856150462764799 -0.080618487206066888
decision_type=2 2 2 2 2 2 2 2 2 2 2 2 2
left_child=1 2 -1 4 5 -2 7 8 -5 -9 -6 12 -3
right_child=3 11 -4 6 10 -7 -8 9 -10 -11 -12 -13 -14
leaf_value=0.00017589450623332098 0 0 0 5.0115698294686841e-05 4.7193932451062212e-05 -0.0001984348036132791 9.7625690858275875e-05 -3.3891788364937681e-05 0 0 -1.5826059077199804e-06 0 -2.7358369240154919e-05
leaf_weight=23 31 20 34 181 31 29 27 453 2687 457 21 40 34
leaf_count=23 31 20 34 181 31 29 27 453 2687 457 21 40 34
internal_value=0 2.26714e-05 8.33087e-05 -8.38036e-07 -3.54834e-05 -9.00505e-05 0 -5.163e-07 3.10402e-06 -1.52217e-05 0 0 -1.09663e-05
internal_weight=4068 151 57 3917 112 60 3805 3778 2868 910 52 94 54
internal_count=4068 151 57 3917 112 60 3805 3778 2868 910 52 94 54
is_linear=0
shrinkage=0.03


Tree=203
num_leaves=18
num_cat=0
split_feature=36 35 35 24 29 7 32 26 24 0 20 20 35 24 26 34 28
split_gain=8.77315e-05 0.000346594 0.000311367 0.00027755 0.000474729 0.000555928 0.000223237 0.000381503 0.000366168 0.000242405 0.000564938 0.000222142 0.000208499 0.000188641 0.0001216 6.45064e-05 3.58099e-05
threshold=-0.018126889674538862 0.040110776041661862 0.053381458356396801 0.072809277130864034 25.135718998712594 -89.999999999999986 0.021074869706332103 0.16472553468067128 0.056422201821049199 3.7098116874694829 5.7095169544219972 6.8472500205039983 0.036644971267302671 -0.01286007569850423 0.12513020068409311 -0.060598846702406499 3801011379.0000005
decision_type=2 2 2 2 2 2 2 2 2 2 2 2 2 2 2 2 2
left_child=3 6 14 4 15 -6 9 8 -8 10 -2 -11 -7 -9 -3 -1 -5
right_child=1 2 -4 16 5 12 7 13 -10 11 -12 -13 -14 -15 -16 -17 -18
leaf_value=5.0132197886176223e-05 5.516159705445445e-06 0 0 3.8601698458225635e-05 0 -2.1082933043477051e-05 -2.4304411455364673e-05 0 3.4183732155249576e-05 3.1886385686069846e-05 -3.0013528490118257e-05 0 -0.00021259319841625149 -0.00018010770422031316 0.00013993898359300835 0 0
leaf_weight=23 2230 20 25 24 24 66 345 25 112 435 489 87 31 21 36 41 34
leaf_count=23 2230 20 25 24 24 66 345 25 112 435 489 87 31 21 36 41 34
internal_value=0 1.18144e-06 6.2547e-05 -1.74022e-05 -4.15614e-05 -7.85389e-05 0 -1.87368e-05 -3.40288e-06 2.73766e-06 0 2.15496e-05 -0.000113339 -0.000105662 0.000103202 0 7.96109e-06
internal_weight=4068 3825 81 243 185 121 3744 503 457 3241 2719 522 97 46 56 64 58
internal_count=4068 3825 81 243 185 121 3744 503 457 3241 2719 522 97 46 56 64 58
is_linear=0
shrinkage=0.03


Tree=204
num_leaves=22
num_cat=0
split_feature=31 23 3 31 2 0 23 5 5 0 4 24 23 33 36 32 0 5 22 5 2
split_gain=8.70929e-05 0.000460417 0.0003205 0.000287313 0.000342138 0.000235437 0.000230588 0.000342958 0.000432103 0.000347293 0.000536865 0.000342661 0.000316935 0.000262459 0.000462696 0.000461156 0.000216447 0.000114972 0.00010794 7.1961e-05 7.15076e-05
threshold=-0.0091742813241021386 0.10928706352927932 3.7350000143051152 -0.010022518138332047 4.4049999713897714 2.9036363363265996 0.11560489910584161 261652358.00000003 239661510.00000003 3.1431088447570805 4.6250000000000009 0.011391960084287058 0.022136330772603911 0.01605960851599331 0.0076336082937971473 -0.0017683463380872009 2.7935962677001958 350377345.50000006 40.578199149865334 350377345.50000006 6.2399103641510019
decision_type=2 2 2 2 2 2 2 2 2 2 2 2 2 2 2 2 2 2 2 2 2
left_child=1 2 5 4 -4 -1 7 8 18 10 -9 -11 -10 14 15 -8 -5 -3 -2 -15 -21
right_child=6 17 3 16 -6 -7 13 9 12 11 -12 -13 -14 19 -16 -17 -18 -19 -20 20 -22
leaf_value=0.00015683691865250244 -1.817608687386241e-05 0 -6.0838979639131123e-05 0 0 0 0 0 -7.5204824058587095e-05 -3.4715614928988862e-05 5.057417958039797e-05 1.8587022466437399e-05 0 3.393422067141171e-05 0 -0.00014664086963580037 7.7460618644973608e-05 0.00013226809732762258 1.1571678015419375e-06 -4.9493491001656517e-05 0
leaf_weight=20 289 47 113 32 604 25 58 179 137 197 392 205 78 48 41 60 58 33 1400 30 22
leaf_count=20 289 47 113 32 604 25 58 179 137 197 392 205 78 48 41 60 58 33 1400 30 22
internal_value=0 8.10491e-06 0 -2.7099e-06 -1.24248e-05 7.91477e-05 -2.33879e-06 0 -7.30144e-06 1.45904e-05 3.01666e-05 -7.52285e-08 -4.77365e-05 -2.94477e-05 -5.38228e-05 -8.61896e-05 4.13167e-05 7.70561e-05 -3.75677e-07 0 -1.34152e-05
internal_weight=4068 932 852 807 717 45 3136 2877 1904 973 571 402 215 259 159 118 90 80 1689 100 52
internal_count=4068 932 852 807 717 45 3136 2877 1904 973 571 402 215 259 159 118 90 80 1689 100 52
is_linear=0
shrinkage=0.03


Tree=205
num_leaves=24
num_cat=0
split_feature=31 30 32 30 31 30 29 2 30 22 24 31 27 26 27 23 33 5 0 27 27 24 25
split_gain=8.37206e-05 0.000241962 0.000703037 0.000488054 0.000691593 0.000355472 0.000621614 0.00031082 0.000606543 0.000229043 0.000239086 0.000213101 0.000210441 0.000442556 0.000364401 0.000246253 0.000245702 0.000428759 0.000310409 0.000117294 7.24498e-05 3.10497e-05 2.11576e-05
threshold=-0.0053908346964566803 72.742489298174235 -0.0080402016129998404 59.439321190474317 -0.017033715298555515 49.915274181890695 43.11951961922383 5.5515241622924814 82.442407369756083 58.896913384447821 0.067868309286222506 -0.024630933490664916 0.028532294942094836 0.092855645772802684 0.090167917449621285 -0.040048881978966826 -0.0042689831777323875 192999350.00000003 2.1092969179153447 -0.02572727198965229 0.36912402957059393 0.10910395820706494 0.024804573225021744
decision_type=2 2 2 2 2 2 2 2 2 2 2 2 2 2 2 2 2 2 2 2 2 2 2
left_child=1 3 7 5 -5 6 -1 8 -3 22 -11 -7 13 -2 15 -14 17 -16 -18 -15 -6 -9 -4
right_child=12 2 9 4 20 11 -8 21 -10 10 -12 -13 14 19 16 -17 18 -19 -20 -21 -22 -23 -24
leaf_value=1.0904302337391382e-05 0 0.00019154515599566481 2.8290689786728775e-05 -0.00013878338696007251 2.515311311017922e-05 0 -7.3643642238490999e-05 0 0 -0.00011288665756327534 0 6.6037784900732047e-05 0.00011703185098223739 0 0 0 4.6616894581942143e-05 -4.1803274977583468e-05 -9.6983296570663624e-07 -0.00015964512804241807 -2.0838910597081245e-05 3.6392258077427308e-05 0
leaf_weight=641 20 47 39 51 37 20 89 34 25 32 28 135 38 23 295 28 128 363 1830 28 96 21 20
leaf_count=641 20 47 39 51 37 20 89 34 25 32 28 135 38 23 295 28 128 363 1830 28 96 21 20
internal_value=0 6.28529e-06 3.31054e-05 0 -4.43306e-05 9.35465e-06 0 8.42634e-05 0.000128049 0 -5.67984e-05 5.0617e-05 -2.91513e-06 -5.46447e-05 -4.25191e-07 6.73922e-05 -3.28544e-06 -1.94374e-05 6.1117e-07 -0.000109313 0 0 1.43984e-05
internal_weight=4068 1315 246 1069 184 885 730 127 72 119 60 155 2753 71 2682 66 2616 658 1958 51 133 55 59
internal_count=4068 1315 246 1069 184 885 730 127 72 119 60 155 2753 71 2682 66 2616 658 1958 51 133 55 59
is_linear=0
shrinkage=0.03


Tree=206
num_leaves=31
num_cat=0
split_feature=36 36 0 29 1 27 29 36 29 29 36 22 25 34 27 22 5 36 36 2 33 28 28 36 27 23 31 34 35 34
split_gain=8.71186e-05 0.000413277 0.000958765 0.000493849 0.000589949 0.000514106 0.000352051 0.000290841 0.00025128 0.000469998 0.000447193 0.000415856 0.000408779 0.000370826 0.000242565 0.000529808 0.000861949 0.000217961 0.000317589 0.000312819 0.000294044 0.000267612 0.000389103 0.000156726 0.000179702 0.000124625 0.000112371 5.83317e-05 3.32693e-05 2.52103e-05
threshold=0.005371501111097552 0.0085616814344142717 3.2949796915054326 64.73982296946599 5.3350000381469735 0.43438143060134932 83.963890657370143 0.0018001796993170061 31.034820122618637 51.476974100194717 0.01091307645004033 44.649574107705526 -0.016109063731107834 0.0056023578470463251 0.25561951138713784 57.799527304321153 273444499.00000006 -0.0042507978402670839 -0.0088235447963641838 6.6849999427795419 -0.039278741074804883 -4151668514.9999995 1169148242.0000002 0.0025907193659190212 0.12885754870966018 -0.04344032464722946 0.0019323670839986875 -0.028908704769827927 0.015929167554997539 -0.033739792911907755
decision_type=2 2 2 2 2 2 2 2 2 2 2 2 2 2 2 2 2 2 2 2 2 2 2 2 2 2 2 2 2 2
left_child=7 2 3 5 -5 -2 25 17 10 11 27 -10 -12 -11 23 16 -16 18 20 -20 -1 26 -23 29 -25 -4 -19 -3 -17 -9
right_child=1 8 6 4 -6 -7 -8 14 9 13 12 -13 -14 -15 15 28 -18 21 19 -21 -22 22 -24 24 -26 -27 -28 -29 -30 -31
leaf_value=3.3236533110678214e-05 0 4.9240201185151874e-05 0 -0.00011875253308007911 0 0.00010759949359974307 0 4.6316894699138258e-05 0.00012216458682663515 -9.010140476970435e-05 -0.00011308578225802606 0 0 4.1032708213494342e-06 2.2477745438344334e-05 1.1253100785597509e-06 0.0002080025782306334 0 1.0999217214581849e-05 0.0001164431180289882 -1.3775367763587053e-05 -5.0237029768155131e-05 0 0 -8.8439108765170669e-05 -0.00015648593208400505 5.3969483206357195e-05 0 -2.2270466921302954e-05 0
leaf_weight=123 71 22 21 55 33 57 26 20 60 40 70 135 49 487 215 106 38 102 543 39 734 288 422 41 36 70 42 32 60 31
leaf_count=123 71 22 21 55 33 57 26 20 60 40 70 135 49 487 215 106 38 102 543 39 734 288 422 41 36 70 42 32 60 31
internal_value=0 -6.5973e-06 -3.57071e-05 0 -5.28501e-05 3.93535e-05 -0.00010486 2.9642e-06 8.84688e-07 1.17488e-05 -2.71054e-05 5.17591e-05 -6.66183e-05 0 2.28714e-05 3.46953e-05 6.22673e-05 -4.77234e-07 5.21543e-06 2.32376e-05 -3.52477e-06 -1.35814e-05 -2.30385e-05 0 -3.95538e-05 -0.000132709 1.22122e-05 4.47855e-06 0 1.99953e-05
internal_weight=4068 1228 333 216 88 128 117 2840 895 722 173 195 119 527 547 419 253 2293 1439 582 857 854 710 128 77 91 144 54 166 51
internal_count=4068 1228 333 216 88 128 117 2840 895 722 173 195 119 527 547 419 253 2293 1439 582 857 854 710 128 77 91 144 54 166 51
is_linear=0
shrinkage=0.03


Tree=207
num_leaves=24
num_cat=0
split_feature=31 34 0 20 21 34 34 27 26 32 28 36 31 28 28 29 23 23 23 0 36 26 34
split_gain=8.47478e-05 0.000264362 0.000465866 0.000315912 0.000213643 0.000203557 0.000470481 0.000392546 0.00030406 0.000523862 0.00037292 0.000173495 0.000306391 0.000161532 0.000336768 0.000626959 0.00031616 0.000461241 0.00040286 0.000292613 6.48964e-05 0.000357038 3.11187e-05
threshold=0.010836225600178719 0.048410060278665019 3.2717462778091435 5.0977500557899482 4.296583332618078 0.046399442610868931 0.052128158729717329 0.86362640584631212 0.14453468579184195 0.018822158156357353 5922270164.500001 0.011666938680285946 0.023095205212593676 -3067874471.9999995 -4017549918.9999995 68.229810843602664 -0.051729235394972754 0.00064355405336247184 -0.13436142286339378 1.9772322773933413 0.030705000350177581 0.1151962336067842 0.068836193382287872
decision_type=2 2 2 2 2 2 2 2 2 2 2 2 2 2 2 2 2 2 2 2 2 2 2
left_child=1 13 3 4 -3 7 -7 8 10 -10 -2 -9 -13 14 19 -16 18 -18 -15 -1 21 -8 -4
right_child=5 2 22 -5 -6 6 20 11 9 -11 -12 12 -14 16 15 -17 17 -19 -20 -21 -22 -23 -24
leaf_value=5.7166662392174912e-05 -4.757052994024692e-06 0 0 0 0.00015633409323892258 -0.00013578240673487921 0 0 0.00010377491275838488 -5.7879622902487758e-06 -9.7035890047185905e-05 9.7281701788377281e-05 0 -9.9404413123688842e-06 -9.3211599095079832e-05 0 -2.2496991789707235e-05 8.6337747369303167e-06 4.1455196223018379e-05 -9.6922157066642595e-06 2.3937665552286231e-05 -7.5437902327218169e-05 -3.5598825018566377e-05
leaf_weight=67 301 22 37 32 47 36 47 59 46 43 72 72 37 87 112 38 627 1311 394 469 26 64 22
leaf_count=67 301 22 37 32 47 36 47 59 46 43 72 72 37 87 112 38 627 1311 394 469 26 64 22
internal_value=0 2.30424e-06 3.99298e-05 8.16824e-05 0.000117798 -8.5666e-06 -3.7401e-05 0 -1.4919e-05 1.72229e-05 -3.06316e-05 3.85981e-05 6.10467e-05 0 -1.24657e-05 -5.22452e-05 4.00296e-06 0 2.59233e-05 0 0 -1.97762e-05 0
internal_weight=4068 3265 160 101 69 803 173 630 462 89 373 168 109 3105 686 150 2419 1938 481 536 137 111 59
internal_count=4068 3265 160 101 69 803 173 630 462 89 373 168 109 3105 686 150 2419 1938 481 536 137 111 59
is_linear=0
shrinkage=0.03


Tree=208
num_leaves=12
num_cat=0
split_feature=3 36 26 34 0 0 36 23 33 22 23
split_gain=8.38786e-05 0.000330187 0.000233808 0.000147993 0.000525573 0.000290467 0.000142357 0.000400153 0.000229507 4.36873e-06 1.44326e-05
threshold=3.7350000143051152 -0.0058982349751343375 0.087630292222924608 -0.073720119842869233 2.2751930952072148 1.7643836140632632 -0.018126889674538862 0.11946557134414394 -0.017205373182346991 48.793476404015045 -0.080618487206066888
decision_type=2 2 2 2 2 2 2 2 2 2 2
left_child=1 2 -1 4 -2 -5 7 -7 -8 10 -3
right_child=3 9 -4 5 -6 6 8 -9 -10 -11 -12
leaf_value=0 -0.00014456288980262485 0 0.00014644003859911882 0.00011382861845212668 0 -5.0159689715874148e-05 1.6296997342967776e-05 3.9534310080026351e-05 -2.77006069324165e-06 0 -2.0048148734295945e-05
leaf_weight=30 29 20 27 20 42 180 693 23 2930 32 42
leaf_count=30 29 20 27 20 42 180 693 23 2930 32 42
internal_value=0 2.20635e-05 8.05763e-05 -7.02889e-07 -4.35952e-05 0 -5.07468e-07 -2.52118e-05 4.9376e-08 0 -7.95706e-06
internal_weight=4068 151 57 3917 71 3846 3826 203 3623 94 62
internal_count=4068 151 57 3917 71 3846 3826 203 3623 94 62
is_linear=0
shrinkage=0.03


Tree=209
num_leaves=24
num_cat=0
split_feature=36 30 29 33 36 25 2 4 26 32 0 28 26 31 0 26 0 26 33 31 31 35 33
split_gain=8.1082e-05 0.000583027 0.000478511 0.000572465 0.000431067 0.000350347 0.000334314 0.000301217 0.000291051 0.000406432 0.00048684 0.000279776 0.000229006 0.000209544 0.000341671 0.000901686 0.00028568 0.000268946 0.000570308 0.000350362 7.69488e-05 6.27558e-05 1.44342e-05
threshold=0.0041710119616182031 16.131694512910951 47.619070595922786 0.012744664212143377 0.0018001796993170061 0.0088850167821165563 5.0750000476837167 5.4178464412689218 0.080635246019646764 0.0094229109841035292 3.3316169977188115 -3067874471.9999995 0.088525573252261389 -0.0090171527750946816 2.2587331533432011 0.10625686177856829 2.3943353891372685 0.12537296589573685 -0.0081317344339494873 -0.018202509546002717 0.010578022405358658 0.013480247023367578 0.016682167145104513
decision_type=2 2 2 2 2 2 2 2 2 2 2 2 2 2 2 2 2 2 2 2 2 2 2
left_child=4 6 7 5 13 -4 -2 12 21 10 -10 -5 -3 17 15 -15 -16 19 -19 -1 -9 -6 -11
right_child=1 2 3 11 8 -7 -8 20 9 22 -12 -13 -14 14 16 -17 -18 18 -20 -21 -22 -23 -24
leaf_value=-3.7640202872348029e-05 -0.00012458377922489804 0 -8.7600352910804829e-05 -3.6742752433358148e-05 -3.8502202110317359e-05 0 0 9.896729937504703e-06 0.00010356823444867352 -1.1324923476479709e-05 0 1.3303317597583957e-05 6.3215989062865229e-05 0 3.3690239949059954e-05 -0.00011800170749462625 -8.3565314045354954e-06 6.5811955041094979e-05 -6.3048186308001984e-07 1.2876857225646258e-05 -2.8441138714005195e-05 0 1.0386668677929845e-05
leaf_weight=174 56 80 129 124 38 145 29 95 138 54 68 476 187 102 161 88 1066 193 95 414 74 26 56
leaf_count=174 56 80 129 124 38 145 29 95 138 54 68 476 187 102 161 88 1066 193 95 414 74 26 56
internal_value=0 -5.6875e-06 0 -1.35362e-05 3.22753e-06 -4.96386e-05 -8.18307e-05 2.49052e-05 3.30595e-05 4.62914e-05 7.11436e-05 0 4.50298e-05 -4.09223e-07 -8.72618e-06 -4.67358e-05 -3.92307e-07 9.61931e-06 3.34895e-05 0 0 0 0
internal_weight=4068 1395 1310 874 2673 274 85 436 380 316 206 600 267 2293 1417 190 1227 876 288 588 169 64 110
internal_count=4068 1395 1310 874 2673 274 85 436 380 316 206 600 267 2293 1417 190 1227 876 288 588 169 64 110
is_linear=0
shrinkage=0.03


Tree=210
num_leaves=18
num_cat=0
split_feature=19 0 0 22 28 31 36 24 22 22 5 31 36 22 32 33 5
split_gain=8.11636e-05 0.000495998 0.000352581 0.000569435 0.000279331 0.000216194 0.000339738 0.000351495 0.000182814 0.000501769 0.000484198 0.000268539 0.000469639 0.000177196 0.000174171 0.000150973 9.46768e-05
threshold=4.3110000133514417 1.7643836140632632 1.9409175515174868 50.783211198179032 -3462897049.9999995 -0.028781703934558419 -0.021503097039975706 0.071906487884325063 48.688386657527651 32.370335258559585 247000652.00000003 0.009082650816090056 -0.0023612762528476051 28.903283955962788 -0.0095530885936727632 -0.048795043658958363 340923040.00000006
decision_type=2 2 2 2 2 2 2 2 2 2 2 2 2 2 2 2 2
left_child=1 -1 3 4 -2 15 7 -7 9 13 -11 12 -10 -3 -8 -4 -13
right_child=2 8 5 -5 -6 6 14 -9 11 10 -12 16 -14 -15 -16 -17 -18
leaf_value=0.00013455818685950723 0 0 0 0 -0.0002007257756674009 -0.00011206509524532509 1.1638043849534583e-05 0 0 0 -0.0001019933243527565 -3.1688036409634848e-05 9.0466364515285182e-05 9.1133001436211064e-05 -4.2997672079700849e-06 7.5254963116645689e-05 1.2200504735059961e-05
leaf_weight=28 27 43 25 27 27 50 843 20 94 205 75 80 97 36 2302 57 32
leaf_count=28 27 43 25 27 27 50 843 20 94 205 75 80 97 36 2302 57 32
internal_value=0 9.50736e-06 -1.77717e-06 -6.35947e-05 -0.000124642 0 -1.48344e-06 -6.68039e-05 0 -9.76052e-06 -3.5119e-05 2.07356e-05 4.4121e-05 4.21218e-05 0 4.77891e-05 0
internal_weight=4068 690 3378 81 54 3297 3215 70 662 359 280 303 191 79 3145 82 112
internal_count=4068 690 3378 81 54 3297 3215 70 662 359 280 303 191 79 3145 82 112
is_linear=0
shrinkage=0.03


Tree=211
num_leaves=21
num_cat=0
split_feature=22 22 35 27 0 23 30 35 26 22 34 0 31 31 24 26 5 32 5 2
split_gain=7.98869e-05 0.000638335 0.000401468 0.000320306 0.000540321 0.000397974 0.000267903 0.000420962 0.000245664 0.000448835 0.000305144 0.000181053 0.000146584 0.000688422 0.00040426 0.000358922 0.000334796 0.000316108 0.000258277 7.02251e-06
threshold=43.625251863205733 44.317763554458296 0.014059354221211908 0.38273212972955267 2.8038654327392583 -0.032006602115012932 20.420178892834922 0.017026408209386095 0.1361147457138083 36.240644371853499 -0.053874062939733229 3.1431088447570805 0.0063358487694951124 0.0040281976947069706 0.013367648142597078 0.12765097423280017 419721673.50000006 0.024109635729565596 239661510.00000003 4.6649999618530282
decision_type=2 2 2 2 2 2 2 2 2 2 2 2 2 2 2 2 2 2 2 2
left_child=3 2 -2 5 -5 8 19 -8 10 -10 -1 -4 13 14 -3 16 -14 -15 -17 -7
right_child=1 12 11 4 -6 6 7 -9 9 -11 -12 -13 15 17 -16 18 -18 -19 -20 -21
leaf_value=-5.2171841355838974e-05 0 -2.2170917029635455e-05 0.00018137965688640333 -0.00019754306276128028 0 0 0 -0.00010249033221239632 0 0.0001071677627020396 6.9458606455782526e-06 0 -5.6350279979712741e-06 7.1842538206644082e-05 9.7704067120886474e-06 0 5.2674704597106006e-05 0 -5.8702245482138633e-05 1.0909888755903696e-05
leaf_weight=90 20 541 34 21 42 37 77 89 102 58 609 27 655 186 1025 91 101 27 183 53
leaf_count=90 20 541 34 21 42 37 77 89 102 58 609 27 655 186 1025 91 101 27 183 53
internal_value=0 2.8254e-06 8.58391e-05 -6.43781e-06 -7.30914e-05 0 -3.51241e-05 -5.79119e-05 7.01078e-06 4.05554e-05 0 0.000125275 0 5.63293e-06 0 -8.55977e-06 0 5.63237e-05 -3.81296e-05 0
internal_weight=4068 2890 81 1178 63 1115 256 166 859 160 699 61 2809 1779 1566 1030 756 213 274 90
internal_count=4068 2890 81 1178 63 1115 256 166 859 160 699 61 2809 1779 1566 1030 756 213 274 90
is_linear=0
shrinkage=0.03


Tree=212
num_leaves=13
num_cat=0
split_feature=3 0 24 28 28 25 32 26 23 27 28 29
split_gain=8.09581e-05 0.000293773 0.00014711 0.000368763 0.000464893 0.000274467 0.000236565 0.000532751 0.00044106 5.90591e-05 3.2865e-05 0.000103655
threshold=3.7350000143051152 2.7766529321670537 -0.16543031874497385 -6121181483.999999 640541819.00000012 0.07123884933832271 0.012964429018979652 0.14905975760825033 -0.11062777717511717 0.24643313607913139 -3904274581.4999995 41.498722533075544
decision_type=2 2 2 2 2 2 2 2 2 2 2 2
left_child=1 -1 3 -2 -5 6 8 -8 -4 -3 -11 -12
right_child=2 9 5 4 -6 -7 7 -9 -10 10 11 -13
leaf_value=0.00011796069185344185 0 -2.4768179005688254e-05 4.832222890186927e-05 -0.0001356130348094458 0 9.5366901876808675e-05 -2.3715019660821662e-06 -8.1350779710282869e-05 0 0 0 6.1851423129725473e-05
leaf_weight=24 31 43 181 48 33 27 810 100 2687 22 23 39
leaf_count=24 31 43 181 48 33 27 810 100 2687 22 23 39
internal_value=0 2.16691e-05 -6.98924e-07 -3.46142e-05 -7.58185e-05 0 -3.81658e-07 -1.43549e-05 3.00632e-06 0 1.78223e-05 3.01075e-05
internal_weight=4068 151 3917 112 81 3805 3778 910 2868 127 84 62
internal_count=4068 151 3917 112 81 3805 3778 910 2868 127 84 62
is_linear=0
shrinkage=0.03


Tree=213
num_leaves=21
num_cat=0
split_feature=22 22 35 27 23 28 28 2 30 35 26 32 31 31 30 26 24 33 26 3
split_gain=7.81856e-05 0.000604615 0.000385633 0.000302097 0.000372854 0.000357224 0.00110473 0.000301289 0.000252804 0.000394138 0.000247958 0.000187969 0.000135407 0.000748029 0.000449824 0.000444548 0.000380619 0.000342044 0.000326116 1.19171e-05
threshold=43.625251863205733 44.317763554458296 0.014059354221211908 0.38273212972955267 -0.032006602115012932 -1404521344.4999998 -725442624.99999988 4.7349998950958261 20.420178892834922 0.017026408209386095 0.096544493839315265 0.0090354381759628639 0.0060181024311399831 0.0040281976947069706 77.733212809769867 0.12765097423280017 0.013367648142597078 0.06694678678224554 0.099534809893592133 4.555000066757203
decision_type=2 2 2 2 2 2 2 2 2 2 2 2 2 2 2 2 2 2 2 2
left_child=3 2 -2 4 5 7 -7 -1 19 -10 -5 -4 13 16 -15 18 -3 -17 -14 -6
right_child=1 12 11 10 8 6 -8 -9 9 -11 -12 -13 15 14 -16 17 -18 -19 -20 -21
leaf_value=0 0 -2.1510750279944014e-05 0.00016232414520345626 0 -3.4815175057140275e-06 0.00016692668793294403 3.6206962622576938e-06 -5.0135123378900961e-05 0 -9.9369036402202125e-05 -0.00012806508267014161 0 -1.6362385377096578e-05 9.4015621461757503e-05 0 -5.5576978084164846e-05 9.4829519360058299e-06 0 2.1791671266618898e-05 1.3910998175273208e-05
leaf_weight=261 20 541 41 30 37 47 429 122 77 89 33 20 367 128 59 251 1025 27 411 53
leaf_count=261 20 541 41 30 37 47 429 122 77 89 33 20 367 128 59 251 1025 27 411 53
internal_value=0 2.79355e-06 8.35928e-05 -6.37062e-06 -1.23585e-08 6.65294e-06 2.60783e-05 -9.65897e-06 -3.40856e-05 -5.62241e-05 -7.11798e-05 0.000122292 0 5.5603e-06 6.23531e-05 -8.00445e-06 0 -4.10119e-05 0 0
internal_weight=4068 2890 81 1178 1115 859 476 383 256 166 63 61 2809 1753 187 1056 1566 278 778 90
internal_count=4068 2890 81 1178 1115 859 476 383 256 166 63 61 2809 1753 187 1056 1566 278 778 90
is_linear=0
shrinkage=0.03


Tree=214
num_leaves=13
num_cat=0
split_feature=25 22 22 27 29 33 34 22 22 0 29 35
split_gain=7.7227e-05 0.000256341 0.000556411 0.000341397 0.000358793 0.000238392 0.000303333 0.000232215 0.000566091 0.000516708 0.000204779 0.00018551
threshold=-0.073966259599290721 29.505554386759226 32.037726957927369 1.0000000180025095e-35 12.843016990410517 -0.032384799808673197 -0.030467208379011731 43.625251863205733 44.317763554458296 2.0787149667739873 31.750151769664431 0.026845612526011049
decision_type=2 2 2 2 2 2 2 2 2 2 2 2
left_child=-1 3 5 4 -2 -3 -7 9 -9 -4 11 -5
right_child=1 2 7 10 -6 6 -8 8 -10 -11 -12 -13
leaf_value=4.5086429509009252e-05 0 0 -7.5070084447181152e-05 6.2571058706974321e-05 -0.00017807318392979509 0.00017290566882239569 0 8.1130956694639935e-05 0 -1.4154783700426783e-06 -5.9720512808245762e-05 0
leaf_weight=34 39 22 115 54 27 33 40 81 2804 758 39 22
leaf_count=34 39 22 115 54 27 33 40 81 2804 758 39 22
internal_value=0 -2.14883e-07 6.68404e-07 -3.55731e-05 -9.00856e-05 7.26556e-05 9.90081e-05 -3.54999e-07 2.90441e-06 -1.45615e-05 0 2.42766e-05
internal_weight=4068 4034 3853 181 66 95 73 3758 2885 873 115 76
internal_count=4068 4034 3853 181 66 95 73 3758 2885 873 115 76
is_linear=0
shrinkage=0.03


Tree=215
num_leaves=21
num_cat=0
split_feature=31 23 22 34 2 31 23 5 5 0 4 24 23 5 22 36 33 36 22 5
split_gain=7.35136e-05 0.000408136 0.000260378 0.00055387 0.000515025 0.000327519 0.000211334 0.000322529 0.000390591 0.000320888 0.00050734 0.000320773 0.000286564 0.000246557 0.000587155 0.000227269 0.000130114 0.000183298 0.000105038 9.86816e-05
threshold=-0.0091742813241021386 0.10928706352927932 59.255220193543657 0.027922119664981929 4.9049999713897714 -0.010022518138332047 0.11560489910584161 261652358.00000003 239661510.00000003 3.1431088447570805 4.6250000000000009 0.011391960084287058 0.022136330772603911 350377345.50000006 75.873060427295357 0.0072072933481855828 0.01605960851599331 0.0060759209989332229 40.578199149865334 350377345.50000006
decision_type=2 2 2 2 2 2 2 2 2 2 2 2 2 2 2 2 2 2 2 2
left_child=1 2 3 5 -5 -1 7 8 18 10 -9 -11 -10 16 15 -15 17 -8 -2 -3
right_child=6 19 -4 4 -6 -7 13 9 12 11 -12 -13 -14 14 -16 -17 -18 -19 -20 -21
leaf_value=-8.1543139332520783e-06 -1.7861799938757735e-05 0 -8.3427602089307013e-05 0.0002059593929095774 0 5.5382051374970676e-05 -5.0068852848696432e-05 0 -7.1419718117056788e-05 -3.3264869351258582e-05 4.9111858593170293e-05 1.8552487002607435e-05 0 -0.00019614755864443866 0 0 3.2621434457230288e-05 0 1.3006390298192707e-06 0.0001240452530469417
leaf_weight=692 289 47 31 23 25 81 92 179 137 197 392 205 78 30 27 25 48 37 1400 33
leaf_count=692 289 47 31 23 25 81 92 179 137 197 392 205 78 30 27 25 48 37 1400 33
internal_value=0 7.55349e-06 0 4.66638e-06 0.000103611 0 -2.0345e-06 0 -6.87301e-06 1.43481e-05 2.92655e-05 0 -4.53002e-05 -2.80032e-05 -7.19557e-05 -0.00013155 0 -2.25962e-05 -2.02961e-07 7.2455e-05
internal_weight=4068 932 852 821 48 773 3136 2877 1904 973 571 402 215 259 82 55 177 129 1689 80
internal_count=4068 932 852 821 48 773 3136 2877 1904 973 571 402 215 259 82 55 177 129 1689 80
is_linear=0
shrinkage=0.03


Tree=216
num_leaves=19
num_cat=0
split_feature=3 36 24 27 27 33 27 31 4 27 35 33 36 29 23 29 24 5
split_gain=7.65944e-05 0.000320556 0.000294987 0.000131243 0.000601344 0.000264645 0.00023202 0.000901068 0.00065121 0.000539189 0.000222151 0.000176959 0.000160246 5.77847e-05 0.000110021 0.000107734 6.24421e-06 4.0543e-05
threshold=3.7350000143051152 -0.0058982349751343375 -0.063001132253417427 0.0072685207278513639 -0.035692410636258436 -0.030059054878820764 0.12479640140867947 -0.011776286057048444 4.4549999237060556 0.1495401478930406 0.024096362922982489 -0.017205373182346991 0.0049301547500244765 18.062378167094721 -0.039197515807670051 12.843016990410517 -0.024856150462764799 207278459.50000003
decision_type=2 2 2 2 2 2 2 2 2 2 2 2 2 2 2 2 2 2
left_child=1 2 -1 4 13 -6 7 10 -9 12 -5 -11 -8 15 -15 -2 17 -3
right_child=3 16 -4 6 5 -7 9 8 -10 11 -12 -13 -14 14 -16 -17 -18 -19
leaf_value=0.00016400137884457679 0 -3.8039794926214764e-05 0 -5.8497141620765915e-05 -0.00016736224079102048 0 -9.6771945236589235e-05 0 9.9540762326126079e-05 1.7788123963762737e-05 0 -2.3731804743338425e-06 0 8.2666335892926765e-05 0 -4.979776694020136e-05 0 0
leaf_weight=23 70 29 34 79 32 44 68 51 154 453 37 2822 21 22 25 39 40 25
leaf_count=23 70 29 34 79 32 44 68 51 154 453 37 2822 21 22 25 39 40 25
internal_value=0 2.11076e-05 7.894e-05 -6.42139e-07 -2.27128e-05 -9.31944e-05 0 2.49925e-05 6.77272e-05 -1.56617e-06 -2.46837e-05 0 -7.44242e-05 0 3.3229e-05 0 0 -1.0192e-05
internal_weight=4068 151 57 3917 232 76 3685 321 205 3364 116 3275 89 156 47 109 94 54
internal_count=4068 151 57 3917 232 76 3685 321 205 3364 116 3275 89 156 47 109 94 54
is_linear=0
shrinkage=0.03


Tree=217
num_leaves=21
num_cat=0
split_feature=19 28 22 32 35 35 27 31 21 2 4 5 7 3 31 32 32 32 32 34
split_gain=7.47203e-05 0.000437602 0.000937058 0.00112616 0.000341893 0.000567014 0.000543205 0.000480215 0.000429238 0.000419986 0.000281703 0.000317432 0.000218451 0.000339655 0.000214946 0.000355484 0.000305297 0.000100232 1.64085e-05 2.74856e-08
threshold=4.6029999256134042 351243130.00000006 41.416170592703054 0.022372924066256687 0.027560752459841933 0.017690428097189171 0.3719959695175053 -0.01871589103937937 3.7425000051657364 4.4849998950958261 4.6549999713897714 290711394.00000006 -1.0000000180025095e-35 5.4821856021881112 0.012769900576686812 0.010507926990625307 0.039291028824224312 -0.010700927747405607 -0.011660834374153271 -0.018733675011067093
decision_type=2 2 2 2 2 2 2 2 2 2 2 2 2 2 2 2 2 2 2 2
left_child=1 4 18 -4 5 8 7 -6 -1 -7 11 -2 13 17 16 -16 -14 -12 -3 -15
right_child=10 2 3 -5 6 9 -8 -9 -10 -11 12 -13 14 19 15 -17 -18 -19 -20 -21
leaf_value=0.00010817778337559859 0 -2.3786790425428874e-05 0.00031570137499766599 0 0 -5.0900735333494748e-05 0 0.00015354236299980676 0 2.731590950991811e-06 0 -0.00011912838963958758 3.7947331439624716e-06 1.0579801744010171e-06 1.9675393198205658e-05 -3.3167086266657652e-05 0.00011997151158314632 -0.00010129413897054998 0 0
leaf_weight=38 78 26 23 30 27 338 89 50 363 58 24 39 2245 22 93 358 23 57 32 55
leaf_count=38 78 26 23 30 27 338 89 50 363 58 24 39 2245 22 93 358 23 57 32 55
internal_value=0 6.92969e-06 6.33182e-05 0.000155791 0 -7.73255e-06 3.95674e-05 9.85582e-05 1.21845e-05 -3.54729e-05 -2.28766e-06 -4.79469e-05 0 -3.46644e-05 1.56138e-06 -1.56182e-05 6.30082e-06 -7.81779e-05 0 0
internal_weight=4068 1074 111 53 963 797 166 77 401 396 2994 117 2877 158 2719 451 2268 81 58 77
internal_count=4068 1074 111 53 963 797 166 77 401 396 2994 117 2877 158 2719 451 2268 81 58 77
is_linear=0
shrinkage=0.03


Tree=218
num_leaves=21
num_cat=0
split_feature=19 0 32 2 0 3 28 34 5 32 2 26 28 28 28 5 24 24 32 31
split_gain=7.53133e-05 0.0004907 0.000601631 0.000335348 0.000337274 0.000290232 0.00027529 0.000311138 0.000548138 0.000221544 0.000194135 0.000350595 0.000172285 0.000642192 0.000410068 0.000139493 0.000373186 2.78505e-05 7.99728e-06 9.94253e-07
threshold=4.3110000133514417 1.9772322773933413 0.019742733534807603 4.4349999427795419 2.301033735275269 4.4149999618530282 -3136782845.9999995 0.014456334893597657 169895196.00000003 -0.014497224386569084 4.4549999237060556 0.1012435026032102 3201694462.5000005 2036193434.5000002 4493475594.500001 134793215.00000003 0.027532758207645284 0.0088389312036277288 0.0022753370138121069 0.0097340591931067717
decision_type=2 2 2 2 2 2 2 2 2 2 2 2 2 2 2 2 2 2 2 2
left_child=1 2 9 4 -2 10 7 8 -3 -1 -5 -12 13 -7 -14 17 -17 -8 -6 -9
right_child=3 6 -4 5 18 12 15 19 -10 -11 11 -13 14 -15 -16 16 -18 -19 -20 -21
leaf_value=0 -0.00014530904564680048 0 0 0 -9.789766791678427e-06 0 -2.1328568906365244e-05 4.9111449926579447e-06 -0.00010635293661171015 0.00018804669574711024 0 0.00016028456904771784 3.6433479328735498e-05 -5.8166341060186364e-05 -4.6075229940583198e-07 4.847382847758403e-05 0 0 0 0
leaf_weight=32 29 33 21 24 75 1397 55 37 84 35 21 29 305 207 1263 226 118 21 28 28
leaf_count=32 29 33 21 24 75 1397 55 37 84 35 21 29 305 207 1263 226 118 21 28 28
internal_value=0 9.22309e-06 7.53601e-05 -1.63933e-06 -4.85124e-05 0 0 -3.12562e-05 -6.25344e-05 0.000124604 5.89328e-05 9.28671e-05 -1.10219e-06 -8.74643e-06 4.80446e-06 1.28954e-05 2.38299e-05 0 0 0
internal_weight=4068 690 88 3378 132 3246 602 182 117 67 74 50 3172 1604 1568 420 344 76 103 65
internal_count=4068 690 88 3378 132 3246 602 182 117 67 74 50 3172 1604 1568 420 344 76 103 65
is_linear=0
shrinkage=0.03


Tree=219
num_leaves=15
num_cat=0
split_feature=3 36 24 24 36 29 33 32 32 32 0 36 24 5
split_gain=7.62623e-05 0.000309695 0.000281739 0.000129872 0.000339415 0.000653395 0.000173501 0.000383459 0.000211028 0.000403188 0.000336529 7.02604e-05 4.27527e-06 3.78139e-05
threshold=3.7350000143051152 -0.0058982349751343375 -0.063001132253417427 -0.16543031874497385 -1.0000000180025095e-35 41.498722533075544 -0.053470220858956079 -0.056250085204911864 -0.0095530885936727632 -0.014497224386569084 1.9127405285835268 0.01091307645004033 -0.024856150462764799 207278459.50000003
decision_type=2 2 2 2 2 2 2 2 2 2 2 2 2 2
left_child=1 2 -1 4 5 -2 7 -5 9 -8 -10 -6 13 -3
right_child=3 12 -4 6 11 -7 8 -9 10 -11 -12 -13 -14 -15
leaf_value=0.00016106975310203894 0 -3.6079448338156346e-05 0 0 4.5091666070103544e-05 -0.00018648919989066868 0 -0.00010047407644893782 6.7166217575864457e-05 4.148532418967522e-05 -4.9458788570532566e-06 0 0 0
leaf_weight=23 31 29 34 30 31 29 731 49 56 316 2623 21 40 25
leaf_count=23 31 29 34 30 31 29 731 49 56 316 2623 21 40 25
internal_value=0 2.1058e-05 7.78125e-05 -6.45603e-07 -3.25153e-05 -8.39926e-05 0 -4.36271e-05 1.22567e-06 1.3153e-05 -2.31627e-06 0 0 -8.43343e-06
internal_weight=4068 151 57 3917 112 60 3805 79 3726 1047 2679 52 94 54
internal_count=4068 151 57 3917 112 60 3805 79 3726 1047 2679 52 94 54
is_linear=0
shrinkage=0.03


Tree=220
num_leaves=11
num_cat=0
split_feature=25 34 31 31 21 26 21 31 23 33
split_gain=7.4644e-05 0.000214348 0.000194184 8.80305e-05 0.0002321 0.000370735 0.000305141 0.000200238 0.000284315 0.000188978
threshold=-0.073966259599290721 -0.073720119842869233 -0.012165949926298545 -0.0053908346964566803 6.5019999861717235 0.13197203454650899 6.8716667095820112 -0.0015990502681376138 0.00064355405336247184 0.01605960851599331
decision_type=2 2 2 2 2 2 2 2 2 2
left_child=-1 2 -2 4 5 -3 -6 8 -5 -9
right_child=1 3 -4 7 6 -7 -8 9 -10 -11
leaf_value=4.4334718996462268e-05 -0.0001105456199517096 1.5228543222766153e-06 0 -4.2193139319353913e-05 -8.2149248338987031e-05 5.055967869424859e-05 0 -5.1115559737741963e-06 0 1.2667173981354989e-05
leaf_weight=34 30 974 29 253 54 201 25 1314 305 849
leaf_count=34 30 974 29 253 54 201 25 1314 305 849
internal_value=0 -1.95215e-07 -5.71558e-05 0 7.15725e-06 1.24678e-05 -3.38187e-05 -2.34667e-06 -1.86779e-05 4.80145e-07
internal_weight=4068 4034 59 3975 1254 1175 79 2721 558 2163
internal_count=4068 4034 59 3975 1254 1175 79 2721 558 2163
is_linear=0
shrinkage=0.03


Tree=221
num_leaves=20
num_cat=0
split_feature=32 5 27 32 5 25 1 32 34 3 27 31 28 25 22 32 22 5 27
split_gain=7.37029e-05 0.000347706 0.000311043 0.000240584 0.000554968 0.00062295 0.000354017 0.000294362 0.000290642 0.000370349 0.000237559 0.000175411 0.00046592 0.000196731 0.000159623 0.00019819 8.07993e-05 8.86561e-05 4.8622e-05
threshold=-0.0337160615067904 340923040.00000006 0.0072685207278513639 -0.017857126258059849 206569789.50000003 0.00030616969138949629 4.9049999713897714 -0.010700927747405607 -0.044669235620649055 5.5515241622924814 0.6505891706229584 -0.013783664423421381 640541819.00000012 0.0092137968285488699 39.072637137092421 -0.019648564221841355 43.147214569108527 285020053.50000006 0.054272588596343561
decision_type=2 2 2 2 2 2 2 2 2 2 2 2 2 2 2 2 2 2 2
left_child=1 16 -3 4 14 6 -6 8 18 -10 -7 12 -9 -13 -2 -16 17 -1 -5
right_child=3 2 -4 7 5 10 -8 11 9 -11 -12 13 -14 -15 15 -17 -18 -19 -20
leaf_value=4.7678440967455306e-05 0 0 0.00011341076790776153 -3.8687655569639424e-05 2.1747055567892847e-05 -0.00014242458350038873 -4.2660755314784901e-05 0 5.3552913908805551e-05 0 0 -1.1320065587615027e-05 8.5461737352625098e-05 3.4987539569095992e-06 7.0986000063066781e-05 0 -4.427291432096223e-05 0 0
leaf_weight=35 31 41 51 33 98 71 154 53 298 116 26 1584 74 1214 71 33 37 28 20
leaf_count=35 31 41 51 33 98 71 154 53 298 116 26 1584 74 1214 71 33 37 28 20
internal_value=0 1.83059e-05 6.40058e-05 -7.10813e-07 -2.09657e-05 -4.40053e-05 -5.71454e-06 1.29546e-06 2.38553e-05 3.54912e-05 -0.000112478 -1.28149e-06 3.09661e-05 -3.8184e-06 1.63786e-05 4.15713e-05 0 0 -1.04351e-05
internal_weight=4068 192 92 3876 484 349 252 3392 467 414 97 2925 127 2798 135 104 100 63 53
internal_count=4068 192 92 3876 484 349 252 3392 467 414 97 2925 127 2798 135 104 100 63 53
is_linear=0
shrinkage=0.03


Tree=222
num_leaves=15
num_cat=0
split_feature=3 23 24 28 28 23 26 23 31 23 35 23 21 22
split_gain=7.16055e-05 0.000269608 0.000121608 0.000336548 0.000449708 0.000108358 0.000406109 0.00051509 0.000260344 0.00020622 0.000665637 0.000341562 9.89509e-05 5.61462e-05
threshold=3.7350000143051152 -0.083916348330467891 -0.16543031874497385 -5951464310.999999 640541819.00000012 -0.11062777717511717 0.13566783856857537 -0.13436142286339378 0.0021810256341951999 -0.092552590498295548 0.016769892862061517 -0.083916348330467891 3.7256666660308841 50.026159106015164
decision_type=2 2 2 2 2 2 2 2 2 2 2 2 2 2
left_child=1 -1 3 -2 -5 6 8 -8 -4 10 -7 -11 -3 -14
right_child=2 12 5 4 -6 9 7 -9 -10 11 -12 -13 13 -15
leaf_value=9.200494596476657e-05 0 4.3533165901532486e-05 2.6891766192183566e-05 -0.00013325450697473356 0 0 0 0.00019992502212717934 -5.0136815078018814e-05 6.4535927792962335e-05 -9.8569675006666296e-05 -9.3434204348911974e-07 -3.6331039676960991e-05 0
leaf_weight=36 33 31 115 46 33 51 20 23 60 73 81 3382 61 23
leaf_count=36 33 31 115 46 33 51 20 23 60 73 81 3382 61 23
internal_value=0 2.04088e-05 -6.20659e-07 -3.14611e-05 -7.23324e-05 0 2.07856e-05 0.000103279 0 -9.58359e-07 -3.78143e-05 0 0 -1.89238e-05
internal_weight=4068 151 3917 112 79 3805 218 43 175 3587 132 3455 115 84
internal_count=4068 151 3917 112 79 3805 218 43 175 3587 132 3455 115 84
is_linear=0
shrinkage=0.03


Tree=223
num_leaves=18
num_cat=0
split_feature=36 35 35 24 5 5 25 25 32 26 24 0 19 25 24 35 28
split_gain=7.46404e-05 0.000317567 0.000292219 0.000231623 0.000622955 0.00039871 0.000258745 0.000217926 0.000194249 0.000334478 0.000342709 0.000229944 0.000485586 0.000284275 0.000163718 0.000110711 2.90563e-05
threshold=-0.018126889674538862 0.040110776041661862 0.053381458356396801 0.072809277130864034 469336686.00000006 325331797.50000006 -0.0124459448938709 0.0097822594373506641 0.021074869706332103 0.16472553468067128 0.056422201821049199 3.7098116874694829 5.7730000495910652 -0.0070472071738648381 -0.01286007569850423 0.046161010642381643 3801011379.0000005
decision_type=2 2 2 2 2 2 2 2 2 2 2 2 2 2 2 2 2
left_child=3 8 15 4 5 7 -7 -1 11 10 -10 12 -2 -13 -11 -3 -5
right_child=1 2 -4 16 -6 6 -8 -9 9 14 -12 13 -14 -15 -16 -17 -18
leaf_value=-7.3042619115424329e-05 4.4543647049101275e-06 0 0 3.3349153330680972e-05 -0.00016887705526482695 0.00013686204055660191 0 0 -2.3103733328774233e-05 0 3.3705504724460329e-05 0 -3.0885948419026467e-05 4.1264083327370933e-05 -0.00016826803401505386 0.00017204852998088115 0
leaf_weight=77 2309 34 25 24 29 20 29 30 345 25 112 237 410 285 21 22 34
leaf_count=77 2309 34 25 24 29 20 29 30 345 25 112 237 410 285 21 22 34
internal_value=0 1.22366e-06 5.99566e-05 -1.58988e-05 -3.814e-05 0 5.40851e-05 -4.48269e-05 0 -1.73918e-05 -2.61368e-06 2.64353e-06 0 2.09705e-05 -9.88088e-05 9.94222e-05 3.3513e-06
internal_weight=4068 3825 81 243 185 156 49 107 3744 503 457 3241 2719 522 46 56 58
internal_count=4068 3825 81 243 185 156 49 107 3744 503 457 3241 2719 522 46 56 58
is_linear=0
shrinkage=0.03


Tree=224
num_leaves=26
num_cat=0
split_feature=36 30 29 24 35 33 24 36 22 25 32 24 20 1 22 36 36 2 33 29 5 29 31 28 20
split_gain=7.17204e-05 0.000549197 0.000443313 0.00069925 0.000735356 0.000524305 0.000437616 0.000392235 0.000370576 0.000329418 0.0003151 0.00028536 0.000536132 0.000316103 0.000266531 0.000204835 0.000286259 0.000298909 0.000285657 0.000249843 0.000306889 0.000267292 0.000177396 0.000140602 5.14642e-05
threshold=0.0041710119616182031 16.131694512910951 51.476974100194717 0.02103378859198202 0.016769892862061517 0.012744664212143377 -0.0040078074367784775 0.0018001796993170061 41.610195084434842 0.017198248776301103 -0.010247649247149436 -0.060944852185902891 5.2862500190734876 5.4149999618530282 48.549710262976141 -0.0042507978402670839 -0.0088235447963641838 6.6849999427795419 -0.039278741074804883 66.666528191253732 170850428.50000003 74.905439810945239 0.00235576985297048 1962206358.0000002 5.3034999966621408
decision_type=2 2 2 2 2 2 2 2 2 2 2 2 2 2 2 2 2 2 2 2 2 2 2 2 2
left_child=7 8 3 4 -3 6 -4 15 24 -7 -5 12 22 23 -15 16 18 -18 -1 20 -17 -21 -9 -13 -2
right_child=1 2 5 10 -6 9 -8 11 -10 -11 -12 13 -14 14 -16 19 17 -19 -20 21 -22 -23 -24 -25 -26
leaf_value=3.3456202336997634e-05 -0.00015282623883833407 0 0 3.2323712177216257e-05 8.4815711298313754e-05 2.5086283325664396e-05 -8.6676655834331932e-05 0.00022829811446198656 0 -2.0479671153450044e-05 -4.0521816354306265e-05 0 0 0 8.200230441325985e-05 0 1.018887821031474e-05 0.00011321840860867214 -1.3140526143396425e-05 5.766364897332127e-05 -4.1156529620655041e-05 -4.2395753924660491e-06 0 -5.4216779414088978e-05 0
leaf_weight=123 39 93 100 42 209 273 137 24 26 297 159 162 20 27 81 168 543 39 734 71 382 233 23 43 20
leaf_count=123 39 93 100 42 209 273 137 24 26 297 159 162 20 27 81 168 543 39 734 71 382 233 23 43 20
internal_value=0 -5.29404e-06 0 2.15988e-05 5.28055e-05 -1.42669e-05 -5.17984e-05 3.08546e-06 -7.91686e-05 0 -1.03739e-05 3.15444e-05 9.5652e-05 8.21396e-06 5.31582e-05 -3.23712e-07 5.16463e-06 2.22649e-05 -2.94948e-06 -1.30836e-05 -2.59705e-05 3.67117e-07 0.000152574 -8.51371e-07 -0.000121113
internal_weight=4068 1395 1310 503 302 807 237 2673 85 570 201 380 67 313 108 2293 1439 582 857 854 550 304 47 205 59
internal_count=4068 1395 1310 503 302 807 237 2673 85 570 201 380 67 313 108 2293 1439 582 857 854 550 304 47 205 59
is_linear=0
shrinkage=0.03


Tree=225
num_leaves=25
num_cat=0
split_feature=36 30 29 36 24 2 35 36 22 24 0 1 22 23 36 36 2 33 28 28 24 35 31 20
split_gain=6.98451e-05 0.000519706 0.000417558 0.000527976 0.000508801 0.000501178 0.000379284 0.000372078 0.000354093 0.000268902 0.000678883 0.000295168 0.000253895 0.00022983 0.000192657 0.000272119 0.000276974 0.000269345 0.000244727 0.000358133 0.000134193 0.000123166 9.92176e-05 3.91704e-05
threshold=0.0041710119616182031 16.131694512910951 47.619070595922786 0.0090191687062676704 0.017350195544691551 4.7950000762939462 0.016769892862061517 0.0018001796993170061 41.610195084434842 -0.060944852185902891 3.0920076370239262 5.4149999618530282 48.549710262976141 -0.08526731527318486 -0.0042507978402670839 -0.0088235447963641838 6.6849999427795419 -0.039278741074804883 -4151668514.9999995 1169148242.0000002 0.013367648142597078 0.019960107481565157 0.0019323670839986875 5.3034999966621408
decision_type=2 2 2 2 2 2 2 2 2 2 2 2 2 2 2 2 2 2 2 2 2 2 2 2
left_child=7 8 4 5 6 -4 -3 14 23 10 -9 20 -13 -5 15 17 -17 -1 22 -20 -11 -6 -16 -2
right_child=1 2 3 13 21 -7 -8 9 -10 11 -12 12 -14 -15 18 16 -18 -19 19 -21 -22 -23 -24 -25
leaf_value=3.2453330409687365e-05 -0.00014825317730872276 0 0 -5.3403209289221238e-05 8.7960049214178643e-07 -6.9791956951532986e-05 7.7917926888421667e-05 0.0001592091722028318 0 -3.2935126102636168e-05 0 0 7.9545272298475311e-05 1.1877771566834834e-05 0 9.8832680955443236e-06 0.00010983054075152504 -1.2746363389467524e-05 -4.7845368482480518e-05 0 5.0837190253023179e-06 -3.5460874527546384e-05 5.0842515468755576e-05 0
leaf_weight=123 39 81 113 48 96 218 171 47 26 109 20 27 81 495 102 543 39 734 288 422 96 88 42 20
leaf_count=123 39 81 113 48 96 218 171 47 26 109 20 27 81 495 102 543 39 734 288 422 96 88 42 20
internal_value=0 -5.19883e-06 0 -1.24867e-05 2.34354e-05 -4.29678e-05 5.25972e-05 3.06758e-06 -7.70674e-05 3.07717e-05 9.32023e-05 7.80091e-06 5.13149e-05 5.74462e-07 -2.16467e-07 5.07253e-06 2.17522e-05 -2.75592e-06 -1.26405e-05 -2.17911e-05 -5.1037e-07 -2.14956e-07 1.16421e-05 -0.000118087
internal_weight=4068 1395 1310 874 436 331 252 2673 85 380 67 313 108 543 2293 1439 582 857 854 710 205 184 144 59
internal_count=4068 1395 1310 874 436 331 252 2673 85 380 67 313 108 543 2293 1439 582 857 854 710 205 184 144 59
is_linear=0
shrinkage=0.03


Tree=226
num_leaves=23
num_cat=0
split_feature=32 23 36 29 21 19 23 35 23 35 35 35 32 33 29 25 32 32 27 21 28 32
split_gain=6.99863e-05 0.000527445 0.000396784 0.000476645 0.000422449 0.00067333 0.000388343 0.000366656 0.000334736 0.000639824 0.000837731 0.000585553 0.000343635 0.000266293 0.000275368 0.00033315 0.000263071 0.000241262 0.000208405 0.000166638 0.000122742 8.39882e-05
threshold=0.01845328238460409 -0.087372818937493588 0.008826123886219105 85.541034946792806 4.3864167074362443 5.3310000419616701 -0.1808618469132077 0.011202411949033321 -0.083916348330467891 0.033234442886689315 0.04091024738924335 0.02619233334331245 0.0019102195907988453 -0.048795043658958363 85.197180902671121 0.010679557203329021 -0.020601015989681223 -0.056250085204911864 1.0047256700657707 4.7040833195050569 972234313.00000012 0.037554033228469404
decision_type=2 2 2 2 2 2 2 2 2 2 2 2 2 2 2 2 2 2 2 2 2 2
left_child=8 6 3 7 21 -6 -2 -3 9 11 -11 16 -13 17 15 -15 -1 -10 -16 -5 -19 -4
right_child=1 2 4 19 5 -7 -8 -9 13 10 -12 12 -14 14 18 -17 -18 20 -20 -21 -22 -23
leaf_value=0 0 0 -5.2357882066028495e-05 0 9.4791311307185794e-05 0 -0.00012591480176486818 -7.8559511826390642e-05 0 0.0002498407734172611 0 -0.00010680694249153629 0 -1.955609379872268e-06 -4.2662290272008455e-05 2.0651052155396835e-05 4.2567983483756938e-05 0 0 5.2942705767813097e-05 -0.00013531859846968334 0
leaf_weight=70 24 21 38 34 126 142 55 152 25 26 29 50 28 1817 221 764 284 23 33 54 31 21
leaf_count=70 24 21 38 34 126 142 55 152 25 26 29 50 28 1817 221 764 284 23 33 54 31 21
internal_value=0 -8.60323e-06 0 -2.63576e-05 2.31772e-05 4.43386e-05 -8.13971e-05 -5.93003e-05 2.00055e-06 2.53356e-05 0.000126032 5.54638e-06 -5.79477e-05 -8.70556e-07 0 3.57442e-06 2.80212e-05 -5.52974e-05 -2.90783e-05 4.34612e-06 -9.2111e-05 -2.20965e-05
internal_weight=4068 667 588 261 327 268 79 173 3401 487 55 432 78 2914 2835 2581 354 79 254 88 54 59
internal_count=4068 667 588 261 327 268 79 173 3401 487 55 432 78 2914 2835 2581 354 79 254 88 54 59
is_linear=0
shrinkage=0.03


Tree=227
num_leaves=20
num_cat=0
split_feature=19 0 36 0 33 28 21 1 28 31 27 27 27 5 24 33 34 24 25
split_gain=6.95998e-05 0.000454124 0.00111905 0.000306118 0.000312815 0.000257802 0.000338173 0.000299537 0.000255311 0.000194581 0.000413775 0.000498106 0.000251678 0.000132228 0.00035841 0.000128434 4.60592e-05 2.5489e-05 1.57193e-05
threshold=4.3110000133514417 1.9772322773933413 0.0077594567805805053 1.9409175515174868 -1.0000000180025095e-35 -3136782845.9999995 3.8504166762034102 4.1349999904632577 -3675309702.4999995 -0.028781703934558419 0.0072685207278513639 0.12885754870966018 -0.035692410636258436 134793215.00000003 0.027532758207645284 -0.048795043658958363 -0.023790653710354655 0.0088389312036277288 0.00030616969138949629
decision_type=2 2 2 2 2 2 2 2 2 2 2 2 2 2 2 2 2 2 2
left_child=1 2 16 4 8 6 -3 -8 -2 15 12 -12 -11 17 -15 -5 -1 -7 -17
right_child=3 5 -4 9 -6 13 7 -9 -10 10 11 -13 -14 14 -16 18 -18 -19 -20
leaf_value=0 0 4.408108377066842e-07 -3.2910890447669957e-06 0 0 -2.0404291811852144e-05 -8.2377090800031137e-05 0 -0.00015497337511158194 0 4.1646616137523442e-05 -2.414792631730617e-06 -0.00010378064830737053 4.7361970439580856e-05 0 9.658183767998842e-05 0.00022790888720657072 0 0
leaf_weight=32 25 28 27 25 23 55 109 45 33 104 249 2806 56 226 118 32 29 21 25
leaf_count=32 25 28 27 25 23 55 109 45 33 104 249 2806 56 226 118 32 29 21 25
internal_value=0 8.88719e-06 7.25111e-05 -1.55175e-06 -5.9139e-05 0 -3.02304e-05 -5.52716e-05 -9.86287e-05 0 -1.29959e-06 1.95746e-07 -4.85718e-05 1.24965e-05 2.31624e-05 4.54632e-05 0.000155113 0 7.06838e-05
internal_weight=4068 690 88 3378 81 602 182 154 58 3297 3215 3055 160 420 344 82 61 76 57
internal_count=4068 690 88 3378 81 602 182 154 58 3297 3215 3055 160 420 344 82 61 76 57
is_linear=0
shrinkage=0.03


Tree=228
num_leaves=14
num_cat=0
split_feature=25 22 22 5 21 22 22 28 25 23 20 24 34
split_gain=6.98368e-05 0.000248525 0.000513048 0.000303304 0.000306619 0.000216541 0.000502208 0.000370778 0.000192244 0.000363224 4.06064e-05 6.15203e-07 7.11119e-05
threshold=-0.073966259599290721 29.505554386759226 32.037726957927369 282719932.50000006 5.1284166534741731 43.625251863205733 44.317763554458296 -1857009405.4999998 -0.0059444500837694701 -0.08526731527318486 5.5485664486885078 -0.08379778575312706 -0.026295433599477943
decision_type=2 2 2 2 2 2 2 2 2 2 2 2 2
left_child=-1 3 8 11 -5 7 -7 -4 9 -3 -6 12 -2
right_child=1 2 5 4 10 6 -8 -9 -10 -11 -12 -13 -14
leaf_value=4.2895773692668311e-05 4.9732779741458498e-05 0.00015309346042723007 -3.9057671237486318e-05 0 -0.00014189587266444508 7.6589232796410371e-05 0 0 0 0 0 0 0
leaf_weight=34 26 41 331 30 40 81 2804 542 26 28 28 21 36
leaf_count=34 26 41 331 30 40 81 2804 542 26 28 28 21 36
internal_value=0 -1.63228e-07 6.95797e-07 -3.50053e-05 -7.10263e-05 -2.54715e-07 2.86841e-06 -1.40109e-05 6.98025e-05 9.59667e-05 -0.000106392 0 2.98597e-06
internal_weight=4068 4034 3853 181 98 3758 2885 873 95 69 68 83 62
internal_count=4068 4034 3853 181 98 3758 2885 873 95 69 68 83 62
is_linear=0
shrinkage=0.03


Tree=229
num_leaves=17
num_cat=0
split_feature=3 36 24 36 23 7 5 33 33 22 32 33 32 0 24 5
split_gain=7.02803e-05 0.000290497 0.000253193 0.000117662 0.000329113 0.000264506 0.000264669 0.000131019 0.000330692 0.000458106 0.00038881 0.000239671 0.000611765 0.000356441 2.80995e-06 3.14536e-05
threshold=3.7350000143051152 -0.0058982349751343375 -0.063001132253417427 -0.018126889674538862 0.11946557134414394 -89.999999999999986 469336686.00000006 -0.017205373182346991 -0.025597348842542608 47.520176375461169 -0.020601015989681223 -0.0042689831777323875 -0.0032921979760481275 1.9252896308898928 -0.024856150462764799 207278459.50000003
decision_type=2 2 2 2 2 2 2 2 2 2 2 2 2 2 2 2
left_child=1 2 -1 4 5 -2 -7 8 9 -5 -10 13 -13 -9 15 -3
right_child=3 14 -4 7 -6 6 -8 11 10 -11 -12 12 -14 -15 -16 -17
leaf_value=0.00015449764229683808 0 -3.2553002790346267e-05 0 -2.1749553747157342e-05 3.3564717142699716e-05 -1.3803483564696857e-05 -0.00015571624084174035 -0.00015131867900093513 0 5.6444563314733744e-05 5.4542564967851901e-05 3.9411705234729636e-05 -3.6516817131121096e-06 -9.2391086665541307e-06 0 0
leaf_weight=23 35 29 34 332 24 134 34 21 78 80 253 342 1881 703 40 25
leaf_count=23 35 29 34 332 24 134 34 21 78 80 253 342 1881 703 40 25
internal_value=0 2.0267e-05 7.52709e-05 -5.50643e-07 -2.17146e-05 -4.30345e-05 -6.0446e-05 0 1.19092e-05 0 3.48884e-05 -2.06144e-06 1.62546e-06 -1.75236e-05 0 -6.8371e-06
internal_weight=4068 151 57 3917 227 203 168 3690 743 412 331 2947 2223 724 94 54
internal_count=4068 151 57 3917 227 203 168 3690 743 412 331 2947 2223 724 94 54
is_linear=0
shrinkage=0.03


Tree=230
num_leaves=22
num_cat=0
split_feature=32 5 27 32 35 26 0 32 35 5 0 25 23 5 24 30 2 29 5 5 26
split_gain=7.33897e-05 0.000338635 0.000280937 0.000221846 0.000553059 0.000572174 0.000844581 0.000265088 0.000480429 0.000473841 0.000250924 0.000432097 0.000168143 0.000624713 0.000543839 0.000141083 9.93623e-05 7.01703e-05 0.000153046 1.0268e-05 1.10647e-06
threshold=-0.0337160615067904 340923040.00000006 0.0072685207278513639 -0.017857126258059849 0.022765650388093132 0.1117038916864541 3.3016226291656499 -0.010700927747405607 0.01419876991484346 344269318.00000006 2.6374176740646367 -0.012061642952011955 0.069095495285167022 320656761.00000006 0.056422201821049199 68.482309991566694 4.9849998950958261 25.998932235954737 285020053.50000006 263479512.00000003 0.10673073315935726
decision_type=2 2 2 2 2 2 2 2 2 2 2 2 2 2 2 2 2 2 2 2 2
left_child=1 17 -3 4 10 20 -7 8 16 -10 11 -2 13 -9 -14 -12 -5 18 -1 -19 -6
right_child=3 2 -4 7 5 6 -8 12 9 -11 15 -13 14 -15 -16 -17 -18 19 -20 -21 -22
leaf_value=0 8.927396864124188e-05 0 0.00011030449835882465 0 0 -0.00016414764210753455 0 -4.2478596448273997e-06 6.0838666907654639e-05 0 -3.6154710296334079e-05 0 -8.6753069165513771e-05 3.7135987185906374e-05 0 0 -3.5547886781466824e-05 0 -9.5342743501269418e-05 1.7237870169203076e-05 6.8699005799217867e-06
leaf_weight=23 69 41 51 50 46 73 37 1905 293 43 146 65 85 386 549 27 81 24 22 31 21
leaf_count=23 69 41 51 50 46 73 37 1905 293 43 146 65 85 386 549 27 81 24 22 31 21
internal_value=0 1.82702e-05 6.3288e-05 -7.05181e-07 -2.01629e-05 -6.26247e-05 -0.000104812 1.18732e-06 2.26237e-05 4.42602e-05 0 3.47387e-05 -1.21023e-06 1.41662e-06 -1.54323e-05 -1.92287e-05 -9.97944e-06 0 -3.74205e-05 0 0
internal_weight=4068 192 92 3876 484 177 110 3392 467 336 307 134 2925 2291 634 173 131 100 45 55 67
internal_count=4068 192 92 3876 484 177 110 3392 467 336 307 134 2925 2291 634 173 131 100 45 55 67
is_linear=0
shrinkage=0.03


Tree=231
num_leaves=17
num_cat=0
split_feature=32 5 34 32 36 36 25 3 2 5 36 24 28 24 31 30
split_gain=6.88151e-05 0.000408489 0.000242006 0.000390614 0.000223176 0.000205362 0.000195003 0.000259359 0.00039748 0.000364194 0.000200325 0.000265007 0.000157404 0.000108385 8.96277e-05 3.76486e-05
threshold=-0.032663673220800431 340923040.00000006 -0.055684723985558841 -0.013017996399662278 -0.028985514185675427 -0.0098928248959066368 -0.039032965142465979 5.5713350772857675 6.1549999713897714 336506339.50000006 -0.018584222933925865 0.066544847123693587 -7594412327.999999 -0.024856150462764799 -0.016529117429742609 56.874422953931116
decision_type=2 2 2 2 2 2 2 2 2 2 2 2 2 2 2 2
left_child=1 13 3 14 -3 -6 7 9 -9 -4 11 -8 -12 -1 -2 -15
right_child=2 4 6 -5 5 -7 10 8 -10 -11 12 -13 -14 15 -16 -17
leaf_value=0 0 0 0.0001133721167056115 0 0.0001214696751057488 0 -6.5554877944404204e-05 -8.8174476458015768e-05 5.311176049978519e-05 0 2.9842538825458278e-05 0 -8.9308882816013284e-07 -5.7978014866023519e-05 -0.00011525984775678532 0
leaf_weight=39 20 25 57 40 55 20 98 31 41 22 156 31 3315 39 49 30
leaf_count=39 20 25 57 40 55 20 98 31 41 22 156 31 3315 39 49 30
internal_value=0 1.69335e-05 -7.65549e-07 -4.49123e-05 6.53362e-05 9.14572e-05 0 3.38098e-05 0 7.1656e-05 -8.78813e-07 -3.76573e-05 0 -1.50752e-07 -9.09525e-05 -3.75727e-05
internal_weight=4068 208 3860 109 100 75 3751 151 72 79 3600 129 3471 108 69 69
internal_count=4068 208 3860 109 100 75 3751 151 72 79 3600 129 3471 108 69 69
is_linear=0
shrinkage=0.03


Tree=232
num_leaves=23
num_cat=0
split_feature=31 23 3 31 20 23 5 22 5 5 23 0 4 24 0 36 0 36 32 32 22 5
split_gain=6.90404e-05 0.000362477 0.000247347 0.000229325 0.000259087 0.000191713 0.000329113 0.000432093 0.000298516 0.000363188 0.000326734 0.000277233 0.000438136 0.000297393 0.000190465 0.000179974 0.000177538 0.00015799 0.000184308 0.000150707 0.000102571 7.64924e-05
threshold=-0.0091742813241021386 0.10928706352927932 3.7350000143051152 -0.010022518138332047 4.318250000476838 0.10928706352927932 350377345.50000006 77.823757640025434 262542772.50000003 239661510.00000003 0.022136330772603911 3.1431088447570805 4.6250000000000009 0.011391960084287058 2.7935962677001958 0.0072072933481855828 2.9036363363265996 0.0059113300475694807 0.006160135256408906 0.0049607037788558248 40.578199149865334 350377345.50000006
decision_type=2 2 2 2 2 2 2 2 2 2 2 2 2 2 2 2 2 2 2 2 2 2
left_child=1 2 16 4 -4 8 17 15 9 20 -11 12 -10 -13 -5 -8 -1 18 -7 -19 -2 -3
right_child=5 21 3 14 -6 6 7 -9 11 10 -12 13 -14 -15 -16 -17 -18 19 -20 -21 -22 -23
leaf_value=0.00013718900229059048 -1.7485982532946719e-05 0 -6.4055074019785549e-05 0 -4.3811772490078939e-08 0 -0.00017147016933169931 0 0 -6.9685665866176522e-05 0 -3.1406808309591702e-05 4.683237793090354e-05 1.9813164324398274e-05 7.0714925150022306e-05 0 0 0 -6.6760244147390338e-05 7.0975405609330334e-05 1.6832264443558041e-06 0.00011592280980814359
leaf_weight=20 289 47 79 32 638 88 35 20 177 144 78 194 380 194 58 32 25 28 53 41 1383 33
leaf_count=20 289 47 79 32 638 88 35 20 177 144 78 194 380 194 58 32 25 28 53 41 1383 33
internal_value=0 7.30419e-06 0 -2.25334e-06 -1.12881e-05 -1.98907e-06 -2.49503e-05 -7.43244e-05 0 -6.45139e-06 -4.27395e-05 1.41724e-05 2.80824e-05 0 3.636e-05 -0.000113869 6.96068e-05 0 -2.2398e-05 3.2146e-05 0 6.85099e-05
internal_weight=4068 932 852 807 717 3136 297 87 2839 1894 222 945 557 388 90 67 45 210 141 69 1672 80
internal_count=4068 932 852 807 717 3136 297 87 2839 1894 222 945 557 388 90 67 45 210 141 69 1672 80
is_linear=0
shrinkage=0.03


Tree=233
num_leaves=31
num_cat=0
split_feature=36 36 3 29 22 23 30 30 32 5 24 22 29 29 29 36 25 22 34 29 3 21 3 32 22 3 5 33 34 36
split_gain=7.0957e-05 0.000362346 0.000622323 0.000233012 0.000720191 0.000422706 0.000385309 0.000782421 0.000366306 0.000323019 0.000310383 0.000289807 0.000253137 0.000227079 0.00040628 0.00040054 0.000374957 0.000322799 0.000316206 0.000208251 0.000427358 0.000180191 0.000253715 0.000157304 0.000154686 0.00038217 0.000107773 9.3478e-05 4.70272e-05 3.47005e-05
threshold=0.005371501111097552 0.0085616814344142717 4.9349999427795419 65.848223923122859 57.64769366271215 -0.0039024108084189098 59.439321190474317 72.147921425807809 0.019171648672562828 217540678.00000003 -0.028969095972941571 59.998683090804683 84.251691432155468 31.034820122618637 51.476974100194717 0.01091307645004033 -0.016109063731107834 44.649574107705526 0.0056023578470463251 47.619070595922786 6.0120835304260263 4.6587500055631006 4.7550001144409189 0.0080080563581413928 61.367639032042511 4.555000066757203 182215394.50000003 0.014395907209395655 -0.028908704769827927 -0.0058982349751343375
decision_type=2 2 2 2 2 2 2 2 2 2 2 2 2 2 2 2 2 2 2 2 2 2 2 2 2 2 2 2 2 2
left_child=3 2 21 6 5 10 8 11 9 -1 -5 -8 -7 15 17 28 -17 -15 -16 -4 -21 23 -23 -2 25 -6 -10 -26 -3 -9
right_child=1 13 19 4 24 12 7 29 26 -11 -12 -13 -14 14 18 16 -18 -19 -20 20 -22 22 -24 -25 27 -27 -28 -29 -30 -31
leaf_value=-3.8198092124468812e-06 0 4.386395522368527e-05 0 3.6147182692976312e-05 0 0.00011119745996179851 -8.1823999867293662e-05 3.8745317751346884e-05 0 2.0693896669643639e-05 -3.8106253396147961e-05 0 0 0.00011169973300799366 -8.2913817705161527e-05 -0.00010744142195209198 0 0 4.2767740357254162e-06 -0.00011466330582924689 0 0.00012720142574246617 0 -6.8720255141452785e-05 -2.6271252355353294e-06 -6.5925053865336538e-05 -8.6181862940508364e-05 2.0595598749496637e-05 0 0
leaf_weight=782 47 22 60 169 40 119 188 52 20 838 46 41 23 60 40 70 49 135 487 114 30 24 28 30 138 111 48 200 32 25
leaf_count=782 47 22 60 169 40 119 188 52 20 838 46 41 23 60 40 70 49 135 487 114 30 24 28 30 138 111 48 200 32 25
internal_value=0 -5.89468e-06 -3.32386e-05 2.73137e-06 1.63491e-05 4.94422e-05 -1.54234e-06 -3.33934e-05 2.4561e-06 7.00949e-06 6.30307e-06 -6.6019e-05 9.35963e-05 9.30094e-07 1.13904e-05 -2.53753e-05 -6.29361e-05 4.85219e-05 0 -6.74336e-05 -8.79849e-05 0 5.5693e-05 -2.72622e-06 -1.68243e-06 -3.03193e-05 -6.182e-05 2.24304e-06 1.90797e-06 2.46853e-05
internal_weight=4068 1228 333 2840 846 357 1994 306 1688 1620 215 229 142 895 722 173 119 195 527 204 144 129 52 77 489 151 68 338 54 77
internal_count=4068 1228 333 2840 846 357 1994 306 1688 1620 215 229 142 895 722 173 119 195 527 204 144 129 52 77 489 151 68 338 54 77
is_linear=0
shrinkage=0.03


Tree=234
num_leaves=14
num_cat=0
split_feature=25 22 22 25 22 22 0 33 25 22 21 2 25
split_gain=6.67346e-05 0.00023618 0.000475771 0.000290253 0.000204792 0.000465412 0.000461438 0.000203048 0.000252127 0.000193923 0.00015888 0.000129438 9.54057e-05
threshold=-0.073966259599290721 29.505554386759226 32.037726957927369 -0.026014838302258755 43.625251863205733 44.317763554458296 2.0787149667739873 -0.032384799808673197 -0.0098920149175276851 20.30780280900531 4.7668333331743886 4.9249999523162851 -0.011813019853334614
decision_type=2 2 2 2 2 2 2 2 2 2 2 2 2
left_child=-1 3 7 9 6 -6 -4 -3 -9 -2 -11 12 -5
right_child=1 2 4 11 5 -7 -8 8 -10 10 -12 -13 -14
leaf_value=4.1906654273495721e-05 0 0 -7.083624908281855e-05 9.0156682669671601e-05 7.3692847487405311e-05 0 -1.0265080178923003e-06 0.00012813478360843795 0 0 -0.00011465510289524115 -3.5987348226904614e-05 0
leaf_weight=34 24 22 115 20 81 2804 758 51 22 20 60 30 27
leaf_count=34 24 22 115 20 81 2804 758 51 22 20 60 30 27
internal_value=0 -2.08762e-07 6.08341e-07 -3.41588e-05 -2.78271e-07 2.73324e-06 -1.36656e-05 6.719e-05 9.15045e-05 -6.73743e-05 -8.98793e-05 0 4.05672e-05
internal_weight=4068 4034 3853 181 3758 2885 873 95 73 104 80 77 47
internal_count=4068 4034 3853 181 3758 2885 873 95 73 104 80 77 47
is_linear=0
shrinkage=0.03


Tree=235
num_leaves=29
num_cat=0
split_feature=21 21 5 25 23 36 35 35 34 35 0 0 5 25 0 21 23 22 25 24 36 23 23 20 25 22 34 1
split_gain=6.45106e-05 0.000562915 0.000411617 0.000745563 0.000248276 0.000776345 0.000488555 0.000399272 0.000596423 0.0002506 0.000220967 0.000489417 0.000441629 0.000409691 0.000580274 0.000390259 0.000349556 0.000349326 0.000839228 0.000539159 0.000333796 0.000279085 0.000177552 0.000169395 0.000136328 0.000110264 8.25146e-05 6.66723e-05
threshold=5.0926666378974925 4.8885833422342948 264505266.50000003 0.025729768134516814 0.08078755978518927 -1.0000000180025095e-35 0.027857219470978318 0.039118303432567968 0.028544192114358439 0.017790032335100986 2.5500261783599858 2.3943353891372685 476538228.50000006 -0.022530619144283361 2.2751930952072148 5.6287499705950426 0.083328995793085628 53.340392252846662 0.0029714865894430319 0.04008912009273017 0.0062289419885997637 -0.12313476016579326 0.13940391512379427 6.3832500219345105 -0.010464617170446994 63.88563397263966 0.010204034205386627 4.7449998855590829
decision_type=2 2 2 2 2 2 2 2 2 2 2 2 2 2 2 2 2 2 2 2 2 2 2 2 2 2 2 2
left_child=1 4 24 25 7 6 -6 9 -9 -1 11 13 17 14 -2 -14 20 19 -19 -12 -13 -15 -7 -17 27 -4 -26 -3
right_child=10 2 3 -5 5 22 -8 8 -10 -11 12 16 15 21 -16 23 -18 18 -20 -21 -22 -23 -24 -25 26 -27 -28 -29
leaf_value=1.2075268954931479e-05 -8.8216667156577918e-05 0 0.00014658498225061979 0 6.4172392046069892e-05 -0.00010820289022175077 -6.6767078908406142e-05 0 0.00018933492750940523 -1.3639293843335702e-05 0 -0.00011770077374282579 0 8.8820050548707682e-05 0 0.00018271829860973964 0 -7.2524901070302397e-05 0 6.3382735448084279e-05 0 0 0 0 -3.036606138006651e-05 0 0 8.4110307553597518e-05
leaf_weight=642 105 21 78 41 80 92 25 23 25 709 632 92 27 41 46 27 53 187 380 142 45 340 29 22 86 20 33 25
leaf_count=642 105 21 78 41 80 92 25 23 25 709 632 92 27 41 46 27 53 187 380 142 45 340 29 22 86 20 33 25
internal_value=0 4.12757e-06 4.20397e-05 8.07897e-05 -1.12102e-06 -3.13234e-05 4.41822e-06 1.61564e-06 8.68718e-05 0 -3.43187e-06 -1.74711e-05 1.60521e-06 0 -4.42348e-05 7.2597e-05 -5.89621e-05 -1.86326e-07 -2.00869e-05 1.05172e-05 -8.43514e-05 1.3846e-05 -8.70897e-05 0.000123782 0 0.000126866 -6.56268e-06 5.04999e-05
internal_weight=4068 1929 304 139 1625 226 105 1399 48 1351 2139 722 1417 532 151 76 190 1341 567 774 137 381 121 49 165 98 119 46
internal_count=4068 1929 304 139 1625 226 105 1399 48 1351 2139 722 1417 532 151 76 190 1341 567 774 137 381 121 49 165 98 119 46
is_linear=0
shrinkage=0.03


Tree=236
num_leaves=23
num_cat=0
split_feature=31 34 0 2 34 34 25 5 30 22 31 21 34 32 32 30 33 30 27 23 23 34
split_gain=7.10332e-05 0.000229765 0.000423288 0.000288595 0.000186961 0.000418973 0.00037833 0.000285668 0.000284046 0.000527777 0.000217909 0.000181855 0.000164409 0.000131683 0.000410443 0.000304674 0.00029845 0.00022897 0.00021006 4.63112e-05 3.49794e-05 2.59351e-05
threshold=0.010836225600178719 0.048410060278665019 3.2717462778091435 5.3949999809265146 0.046399442610868931 0.052128158729717329 0.012032311892693224 208099367.50000003 38.979289427897449 60.156268399425414 0.02844164105170555 4.2774166385332757 0.0042964959664891786 0.021074869706332103 0.014340551754337129 77.155025746315502 0.036370185142485141 57.214736098349114 0.92822898829904099 0.1109243867221701 -0.041962076424895127 0.068836193382287872
decision_type=2 2 2 2 2 2 2 2 2 2 2 2 2 2 2 2 2 2 2 2 2 2
left_child=1 13 3 11 6 -6 8 -8 12 -10 -9 -3 -2 14 17 -16 18 -1 -15 20 -7 -4
right_child=4 2 21 -5 5 19 7 10 9 -11 -12 -13 -14 16 15 -17 -18 -19 -20 -21 -22 -23
leaf_value=5.1445117672045606e-06 -9.4479080479556597e-06 0 0 0 -0.00012824634370946136 0 0 7.2201254101370352e-05 -7.7791609056369846e-05 0 0 0.00013775883663014047 4.2462209126531116e-05 -8.2137296511293318e-05 6.7515258111212938e-05 0 0 -1.2631315066321412e-05 0 -3.7845816636054773e-05 1.9347717911955306e-05 -3.2498957257405992e-05
leaf_weight=1767 181 20 37 27 36 24 38 132 138 48 20 54 73 84 143 54 34 999 24 29 84 22
leaf_count=1767 181 20 37 27 36 24 38 132 138 48 20 54 73 84 143 54 34 999 24 29 84 22
internal_value=0 2.18089e-06 3.72642e-05 7.72472e-05 -7.76316e-06 -3.5379e-05 0 3.5191e-05 -1.54517e-05 -4.40261e-05 5.69047e-05 0.000107919 0 0 1.72234e-06 4.37979e-05 -2.77879e-05 -1.91273e-07 -5.91592e-05 0 0 0
internal_weight=4068 3265 160 101 803 173 630 190 440 186 152 74 254 3105 2963 197 142 2766 108 137 108 59
internal_count=4068 3265 160 101 803 173 630 190 440 186 152 74 254 3105 2963 197 142 2766 108 137 108 59
is_linear=0
shrinkage=0.03


Tree=237
num_leaves=23
num_cat=0
split_feature=31 33 32 32 33 29 1 28 29 30 27 25 5 24 21 21 25 24 5 0 21 24
split_gain=6.81773e-05 0.000199194 0.00031109 0.000392792 0.000327826 0.000295859 0.00034819 0.000295751 0.000249469 0.000153769 0.000501666 0.000244675 0.00050425 0.000345082 0.000216452 0.000201563 0.000124357 0.000338374 0.000349084 0.000165219 0.000118312 1.27392e-05
threshold=0.010836225600178719 0.044108586586554151 0.021074869706332103 0.014340551754337129 0.024011907374488776 84.944046636044746 4.3250000476837167 1771401932.0000002 85.541034946792806 38.979289427897449 0.74953922306558851 0.026805708469887401 297873381.00000006 -0.018483829003988424 4.4346666375796007 6.0622067252794904 -0.023941142113209524 0.02943460686036066 190037235.00000003 2.6374176740646367 5.5033333381017053 0.061893608091241593
decision_type=2 2 2 2 2 2 2 2 2 2 2 2 2 2 2 2 2 2 2 2 2 2
left_child=1 2 3 8 -5 6 -4 -3 -1 16 14 12 -12 -13 -11 -16 19 18 -18 -2 -21 -19
right_child=9 7 5 4 -6 -7 -8 -9 -10 10 11 13 -14 -15 15 -17 17 21 -20 20 -22 -23
leaf_value=2.4251667138007192e-06 -6.3569237382745175e-05 0.00011450202180158235 0 6.6124951120592271e-05 0 0 -9.3918663396883086e-05 0 -3.5563485448176298e-05 0 -2.9321897458463634e-06 0 6.9347841800929024e-05 -6.4868058783737307e-05 -9.173314371654913e-05 0 0 -2.1812425092098397e-05 8.2031949997791683e-05 6.3872798309185061e-05 0 0
leaf_weight=2671 38 35 22 155 51 38 94 34 165 32 99 38 116 101 120 26 26 24 108 26 26 23
leaf_count=2671 38 35 22 155 51 38 94 34 165 32 99 38 116 101 120 26 26 24 108 26 26 23
internal_value=0 2.12621e-06 8.78744e-08 3.12037e-06 4.31157e-05 -4.03091e-05 -6.67092e-05 5.29875e-05 0 -7.61732e-06 -1.85413e-05 0 2.21325e-05 -2.87333e-05 -5.9684e-05 -7.53378e-05 2.76043e-06 2.45016e-05 5.5513e-05 -7.64591e-06 0 -1.496e-07
internal_weight=4068 3265 3196 3042 206 154 116 69 2836 803 532 354 215 139 178 146 271 181 134 90 52 47
internal_count=4068 3265 3196 3042 206 154 116 69 2836 803 532 354 215 139 178 146 271 181 134 90 52 47
is_linear=0
shrinkage=0.03


Tree=238
num_leaves=22
num_cat=0
split_feature=31 23 24 32 36 5 5 23 3 22 36 27 27 21 26 32 0 30 28 24 3
split_gain=6.6209e-05 0.000217011 0.000253675 0.000282514 0.000234831 0.000357576 0.000395365 0.000333686 0.000496616 0.000268849 0.000158092 0.000469012 0.00068188 0.000243539 0.000263979 0.000453264 0.000126548 0.000122315 0.000112653 7.84176e-05 7.01512e-05
threshold=0.010836225600178719 0.1313414008833749 0.12927104864464697 -0.0058997050023670275 -0.018126889674538862 469336686.00000006 325331797.50000006 -0.12127147426017658 4.8550000190734872 43.625251863205733 0.0062289419885997637 0.5517068514639637 0.89723536805469772 5.6344999829928089 0.10355777855543107 0.051795872191369392 4.1257593631744394 37.763116330731627 4437812061.500001 0.016536259729342986 5.700106382369996
decision_type=2 2 2 2 2 2 2 2 2 2 2 2 2 2 2 2 2 2 2 2 2
left_child=1 4 20 -4 5 6 -1 8 -6 -9 11 17 -13 14 19 -16 18 -2 -15 -12 -3
right_child=10 2 3 -5 7 -7 -8 9 -10 -11 13 12 -14 16 15 -17 -18 -19 -20 -21 -22
leaf_value=-3.9697755700935181e-05 5.3060685878868447e-05 0.00013851351239156491 5.5558826871494722e-05 -3.8716460568137468e-05 9.0743330639669989e-05 -0.0001161296269042861 5.1925197293539079e-05 -1.4855772639807895e-05 0 5.9971212951833161e-06 -2.45105843796186e-05 -0.00014151813050225154 0 0 5.8669857561991739e-05 -1.4166034497897748e-05 0 0 -7.3326022016115692e-05 0 0
leaf_weight=128 39 26 56 54 93 38 57 785 91 1910 118 61 46 50 202 35 61 28 70 93 27
leaf_count=128 39 26 56 54 93 38 57 785 91 1910 118 61 46 50 202 35 61 28 70 93 27
internal_value=0 2.07073e-06 3.58236e-05 0 0 -2.93361e-05 0 2.5922e-06 4.16696e-05 0 -7.53422e-06 -3.28496e-05 -7.54681e-05 0 1.13336e-05 3.52592e-05 -2.98742e-05 0 -4.78966e-05 -1.33277e-06 9.07822e-05
internal_weight=4068 3265 163 110 3102 223 185 2879 184 2695 803 174 107 629 448 237 181 67 120 211 53
internal_count=4068 3265 163 110 3102 223 185 2879 184 2695 803 174 107 629 448 237 181 67 120 211 53
is_linear=0
shrinkage=0.03


Tree=239
num_leaves=26
num_cat=0
split_feature=36 35 36 27 22 5 22 0 24 29 1 1 35 29 29 24 29 4 4 34 36 27 35 34 27
split_gain=6.45369e-05 0.000358942 0.000233928 0.000224934 0.000485323 0.000782169 0.000185896 0.00075729 0.000614876 0.000199644 0.000178739 0.000229732 0.000171774 0.000169862 0.000547538 0.000547845 0.000396742 0.000303382 0.000470668 0.000212691 0.000129378 0.000162831 3.03161e-05 1.61588e-05 2.86228e-06
threshold=0.005371501111097552 0.013295390958122353 0.0018001796993170061 0.25561951138713784 57.799527304321153 273444499.00000006 25.141863247435968 2.2112704515457158 -0.15421862957632387 65.848223923122859 5.2349998950958261 5.9949998855590829 0.023153023998833844 29.004733410929358 51.476974100194717 0.022498759989195448 57.340111893795502 4.9949998855590829 5.4049999713897714 -0.0092606844013079486 0.0025907193659190212 0.12885754870966018 0.014895609701410677 -0.033739792911907755 0.021861329783086046
decision_type=2 2 2 2 2 2 2 2 2 2 2 2 2 2 2 2 2 2 2 2 2 2 2 2 2
left_child=2 10 6 20 5 -5 7 -1 12 -10 -2 -12 -8 17 15 -15 -16 19 -19 -3 23 -22 -6 -4 -9
right_child=1 13 3 4 22 -7 8 24 9 -11 11 -13 -14 14 16 -17 -18 18 -20 -21 21 -23 -24 -25 -26
leaf_value=0.00019333717685057967 0 -8.733316924363431e-05 3.3592365633473896e-05 2.0016874032448379e-05 7.7172370375116816e-07 0.00019755797343343264 0 -8.6916136667009428e-06 -6.5651127439495385e-06 1.3386213032393228e-05 -0.00012575524292923567 0 -0.00014230073122159317 7.6176618260432241e-05 -6.6338756533559351e-05 0 0 0.00011452038382972155 -2.9542763621443747e-05 0 0 -8.4021073232186876e-05 -1.8916379556879182e-05 0 0
leaf_weight=22 45 78 20 215 90 38 20 34 1520 637 46 20 36 169 87 107 563 28 63 22 41 36 76 31 24
leaf_count=22 45 78 20 215 90 38 20 34 1520 637 46 20 36 169 87 107 563 28 63 22 41 36 76 31 24
internal_value=0 -5.5896e-06 2.63456e-06 2.05042e-05 3.21226e-05 5.86037e-05 -3.20713e-07 4.24766e-05 -3.22525e-06 0 -5.70359e-05 -8.88899e-05 -0.000101364 0 4.83694e-06 4.20502e-05 -6.35377e-06 -2.6203e-05 0 -6.35491e-05 0 -3.74792e-05 0 1.26203e-05 0
internal_weight=4068 1228 2840 547 419 253 2293 80 2213 2157 111 66 56 1117 926 276 650 191 91 100 128 77 166 51 58
internal_count=4068 1228 2840 547 419 253 2293 80 2213 2157 111 66 56 1117 926 276 650 191 91 100 128 77 166 51 58
is_linear=0
shrinkage=0.03


Tree=240
num_leaves=23
num_cat=0
split_feature=31 34 36 26 34 34 25 5 30 33 29 34 28 23 23 23 28 29 33 36 35 34
split_gain=6.54458e-05 0.000207673 0.000373983 0.000801341 0.000171862 0.000390942 0.000356863 0.000268109 0.000235073 0.00042301 0.000222651 0.00014458 0.000133377 0.000282512 0.000393647 0.000351766 0.000261216 0.000559821 0.000248261 4.56469e-05 0.000372962 2.19311e-05
threshold=0.010836225600178719 0.048410060278665019 -0.011183877242974467 0.12537296589573685 0.046399442610868931 0.052128158729717329 0.012032311892693224 208099367.50000003 38.979289427897449 0.021645977218738514 80.559684084322768 0.0063426018249271863 -3067874471.9999995 -0.051729235394972754 0.00064355405336247184 -0.13436142286339378 -4017549918.9999995 68.229810843602664 -0.024256493167270406 0.030705000350177581 0.021739109965638447 0.05317926564556142
decision_type=2 2 2 2 2 2 2 2 2 2 2 2 2 2 2 2 2 2 2 2 2 2
left_child=1 12 -3 21 6 -6 8 -8 11 -10 -9 -2 16 15 -15 -14 18 -18 -1 20 -7 -4
right_child=4 2 3 -5 5 19 7 10 9 -11 -12 -13 13 14 -16 -17 17 -19 -20 -21 -22 -23
leaf_value=-3.7132219399006886e-05 -8.9668127482159709e-06 0 2.5607573125276249e-05 0.00016520046354766426 -0.0001236559068842164 1.2815181108701382e-05 0 7.8662154836634305e-05 -7.8244947674766058e-05 0 0 4.2645662027468716e-05 -7.1636604496152751e-06 -2.0960217502906981e-05 7.7514818011342206e-06 3.895373779883453e-05 -8.5909570689514804e-05 0 1.0108911514451792e-05 1.8222747750623121e-05 -6.8142111813870892e-05 0
leaf_weight=132 191 25 30 46 36 33 38 107 113 73 45 63 87 627 1311 394 112 38 404 26 78 59
leaf_count=132 191 25 30 46 36 33 38 107 113 73 45 63 87 627 1311 394 112 38 404 26 78 59
internal_value=0 2.0279e-06 3.53737e-05 6.30414e-05 -7.52483e-06 -3.40039e-05 0 3.40979e-05 -1.50855e-05 -4.09269e-05 5.51324e-05 0 0 3.61561e-06 0 2.43769e-05 -1.13519e-05 -4.64252e-05 0 0 -1.70812e-05 0
internal_weight=4068 3265 160 135 803 173 630 190 440 186 152 254 3105 2419 1938 481 686 150 536 137 111 89
internal_count=4068 3265 160 135 803 173 630 190 440 186 152 254 3105 2419 1938 481 686 150 536 137 111 89
is_linear=0
shrinkage=0.03


Tree=241
num_leaves=21
num_cat=0
split_feature=32 5 27 32 5 1 32 32 35 5 25 22 27 20 0 28 2 22 5 29
split_gain=6.48787e-05 0.000296061 0.00025827 0.000196271 0.000506418 0.000488412 0.000821127 0.000245125 0.000439839 0.000456841 0.000187631 0.000345012 0.00031032 0.000159439 0.000424007 0.00031386 9.21975e-05 6.70169e-05 8.33935e-05 5.83801e-05
threshold=-0.0337160615067904 340923040.00000006 0.0072685207278513639 -0.017857126258059849 338877875.00000006 4.9049999713897714 -0.027447890637042612 -0.010700927747405607 0.01419876991484346 344269318.00000006 -0.012061642952011955 43.006907493965493 1.0000000180025095e-35 4.1660000205039989 1.9905451536178591 3201694462.5000005 4.9849998950958261 43.147214569108527 285020053.50000006 28.61259204852789
decision_type=2 2 2 2 2 2 2 2 2 2 2 2 2 2 2 2 2 2 2 2
left_child=1 17 -3 4 10 -6 -7 8 16 -10 12 -12 -2 14 -9 -15 -5 18 -1 -4
right_child=3 2 19 7 5 6 -8 13 9 -11 11 -13 -14 15 -16 -17 -18 -19 -20 -21
leaf_value=4.6241703288008762e-05 -5.9420713141227488e-06 0 0.00017390339084511703 0 0 0 -0.00022704915507720447 0.00014953594105274046 5.8894015576603689e-05 0 -7.8074440461932672e-05 0 5.1260557987263464e-05 -1.4677458019541905e-05 0 5.1506037284088698e-06 -3.3841495182425178e-05 -4.0320539361429509e-05 0 0
leaf_weight=35 48 41 20 50 37 28 35 21 293 43 68 138 130 1439 321 1144 81 37 28 31
leaf_count=35 48 41 20 50 37 28 35 21 293 43 68 138 130 1439 321 1144 81 37 28 31
internal_value=0 1.71396e-05 5.92101e-05 -7.10762e-07 -1.90179e-05 -7.93874e-05 -0.000130246 1.01754e-06 2.16781e-05 4.24433e-05 0 -2.25283e-05 1.8996e-05 -1.25611e-06 1.62387e-05 -4.73444e-06 -8.69072e-06 0 0 0.000104247
internal_weight=4068 192 92 3876 484 100 63 3392 467 336 384 206 178 2925 342 2583 131 100 63 51
internal_count=4068 192 92 3876 484 100 63 3392 467 336 384 206 178 2925 342 2583 131 100 63 51
is_linear=0
shrinkage=0.03


Tree=242
num_leaves=20
num_cat=0
split_feature=3 0 28 28 1 28 25 27 25 30 19 20 27 27 32 0 27 28 29
split_gain=6.25548e-05 0.000243242 0.000106354 0.000559517 0.000419149 0.000363522 0.000406053 0.000556016 0.000328455 0.000459634 0.000316619 0.000274123 0.000245046 0.000418522 0.000323984 0.000116943 5.17115e-05 2.78055e-05 8.57635e-05
threshold=3.7350000143051152 2.7766529321670537 3201694462.5000005 2036193434.5000002 5.4722793102264413 4493475594.500001 0.01768471687779561 0.42041199571511129 0.034166002654767984 77.155025746315502 4.7199999332427991 5.7370000243186956 0.048028627401056005 0.53355536374467805 -0.028866918504742486 2.3943353891372685 0.24643313607913139 -3904274581.4999995 41.498722533075544
decision_type=2 2 2 2 2 2 2 2 2 2 2 2 2 2 2 2 2 2 2
left_child=1 -1 3 8 10 6 7 -4 11 -10 -5 -2 14 -14 -7 -8 -3 -18 -19
right_child=2 16 5 4 -6 12 15 -9 9 -11 -12 -13 13 -15 -16 -17 17 18 -20
leaf_value=0.00010659679493681368 0 -2.4047009464571561e-05 1.4395016669126497e-06 0 0 0 0 0.00012601902652864804 0.00010548840348060819 0 -9.2427454034160083e-05 -4.8555713267093221e-05 2.3269507506593682e-05 -1.2185567267153045e-05 -9.2241243031588737e-05 -4.6298512484183125e-05 0 0 5.6276061064343355e-05
leaf_weight=24 1847 43 154 46 35 29 25 77 61 99 144 117 517 657 60 49 22 23 39
leaf_count=24 1847 43 154 46 35 29 25 77 61 99 144 117 517 657 60 49 22 23 39
internal_value=0 1.90662e-05 -5.91758e-07 -5.27102e-06 -5.02694e-05 4.50492e-06 3.42962e-05 5.5984e-05 0 4.07793e-05 -7.05455e-05 -3.86704e-06 -3.16362e-07 8.73457e-07 -4.96647e-05 0 0 1.60326e-05 2.74059e-05
internal_weight=4068 151 3917 2349 225 1568 305 231 2124 160 190 1964 1263 1174 89 74 127 84 62
internal_count=4068 151 3917 2349 225 1568 305 231 2124 160 190 1964 1263 1174 89 74 127 84 62
is_linear=0
shrinkage=0.03


Tree=243
num_leaves=22
num_cat=0
split_feature=32 23 23 36 29 21 19 23 33 34 25 27 34 34 29 34 29 21 27 21 23
split_gain=6.19855e-05 0.000494091 0.000366142 0.000333517 0.000421913 0.000392907 0.000615916 0.000290589 0.000451889 0.000783274 0.000538135 0.000416562 0.000320169 0.000236691 0.000229679 0.000297776 0.000197931 0.000197642 0.000194871 0.000158551 7.50591e-05
threshold=0.01845328238460409 -0.087372818937493588 -0.1808618469132077 0.008826123886219105 85.541034946792806 4.3864167074362443 5.3310000419616701 -0.083916348330467891 0.0045300128543048776 -0.032802645978312776 -0.011813019853334614 0.20546095170700585 -0.069823495087000628 -0.0081827413413497734 85.197180902671121 0.034101097519396724 71.94446169112301 4.4346666375796007 1.0047256700657707 4.7040833195050569 0.034827588334285682
decision_type=2 2 2 2 2 2 2 2 2 2 2 2 2 2 2 2 2 2 2 2 2
left_child=7 2 -2 4 17 20 -7 8 9 10 -1 -10 -9 -11 15 -14 -13 -3 -16 -6 -5
right_child=1 3 -4 5 19 6 -8 12 11 13 -12 16 14 -15 18 -17 -18 -19 -20 -21 -22
leaf_value=8.9313724493927257e-05 0 0 -0.00012191879300993465 0 0 9.038971076928752e-05 0 -8.4011250210760333e-05 0 -5.7548536569811401e-05 0 0.00014809106307584833 0 0 -4.0253897026327569e-05 4.4692893519994781e-05 0 -7.2579258908069704e-05 0 5.1552672639966665e-05 -6.0488083409868037e-05
leaf_weight=125 24 39 55 33 34 126 142 41 21 122 44 56 2473 89 221 146 30 134 33 54 26
leaf_count=125 24 39 55 33 34 126 142 41 21 122 44 56 2473 89 221 146 30 134 33 54 26
internal_value=0 -8.19556e-06 -7.86653e-05 0 -2.39598e-05 2.1434e-05 4.2134e-05 1.79674e-06 2.3569e-05 0 5.5111e-05 7.95226e-05 -8.13141e-07 -3.01074e-05 0 3.01638e-06 0.000110547 -5.52568e-05 -2.68277e-05 3.50791e-06 -2.17437e-05
internal_weight=4068 667 79 588 261 327 268 3401 487 380 169 107 2914 211 2873 2619 86 173 254 88 59
internal_count=4068 667 79 588 261 327 268 3401 487 380 169 107 2914 211 2873 2619 86 173 254 88 59
is_linear=0
shrinkage=0.03


Tree=244
num_leaves=24
num_cat=0
split_feature=31 23 25 23 25 31 22 23 26 35 22 33 26 25 27 23 25 23 35 26 27 22 22
split_gain=6.17065e-05 0.000202177 0.000333311 0.000222072 0.000304778 0.00032969 0.00021768 0.000440914 0.000139152 0.000494651 0.000321179 0.000334817 0.000227608 0.000181289 0.000241877 0.000174961 0.000151352 0.000149386 0.000245154 5.44481e-05 4.28577e-05 4.22801e-05 2.31124e-05
threshold=0.010836225600178719 0.1313414008833749 0.038808166511937678 0.070501919185069553 -0.073966259599290721 0.0017905100489862271 51.215095698145277 0.082018575030135224 0.12055901996744213 0.040110776041661862 46.419387957305887 0.041791719331620077 0.10355777855543107 0.012032311892693224 0.36628345568378506 -0.028405620652419469 0.022144260888002115 -0.044407659113725455 0.020042367980969193 0.15846480099379215 0.39620468849525919 68.21126760416108 59.255220193543657
decision_type=2 2 2 2 2 2 2 2 2 2 2 2 2 2 2 2 2 2 2 2 2 2 2
left_child=1 3 21 4 -1 -6 -5 -8 12 10 19 -12 13 14 -2 -11 -15 20 -19 -10 -14 22 -3
right_child=8 2 -4 6 5 -7 7 -9 9 15 11 -13 17 16 -16 -17 -18 18 -20 -21 -22 -23 -24
leaf_value=0.0001145390273289537 0 0 0.00011546172036894789 1.373952190945379e-05 -4.2941822769979361e-06 1.8317290087131471e-05 -8.739578704122207e-05 -2.1580800919823202e-06 0 0 -1.7563012591379468e-05 -0.00015024771398609103 0 4.947159231737094e-05 -6.1631819079425047e-05 0.00010166499035999733 -1.213642720603307e-05 0 7.0120601825298255e-05 4.6058155886538607e-05 -3.77269007860102e-05 -7.6389712247452321e-06 3.0334044874645959e-05
leaf_weight=23 48 20 37 38 1813 802 98 328 35 20 152 48 30 52 118 22 59 69 100 23 27 45 61
leaf_count=23 48 20 37 38 1813 802 98 328 35 20 152 48 30 52 118 22 59 69 100 23 27 45 61
internal_value=0 1.96877e-06 3.45431e-05 0 3.62093e-06 1.49383e-06 -1.88712e-05 -2.88233e-05 -7.30707e-06 -2.36686e-05 -4.584e-05 -6.4459e-05 0 -1.56365e-05 -3.72853e-05 4.10537e-05 0 2.46242e-05 4.00726e-05 0 0 0 2.08985e-05
internal_weight=4068 3265 163 3102 2638 2615 464 426 803 300 258 200 503 277 166 42 111 226 169 58 57 126 81
internal_count=4068 3265 163 3102 2638 2615 464 426 803 300 258 200 503 277 166 42 111 226 169 58 57 126 81
is_linear=0
shrinkage=0.03


Tree=245
num_leaves=25
num_cat=0
split_feature=36 30 36 29 33 24 24 35 22 25 26 32 21 36 36 32 26 29 5 30 35 35 21 33
split_gain=6.41324e-05 0.000468245 0.000345784 0.00034029 0.000469841 0.000436195 0.000433754 0.000326653 0.000310743 0.000282069 0.000242012 0.000349033 0.000421358 0.000170422 0.000252648 0.000264856 0.000257697 0.000219198 0.000286617 0.000246082 0.000116626 5.35321e-05 4.27761e-05 1.2262e-05
threshold=0.0041710119616182031 16.131694512910951 0.0018001796993170061 47.619070595922786 0.012744664212143377 -0.0040078074367784775 0.017350195544691551 0.016769892862061517 41.610195084434842 0.017198248776301103 0.080635246019646764 0.0094229109841035292 5.7018425385157272 -0.0042507978402670839 -0.0088235447963641838 -0.011876484175169842 0.13197203454650899 66.666528191253732 170850428.50000003 76.582063103758841 0.019851126240797077 0.013480247023367578 5.3194166620572423 0.016682167145104513
decision_type=2 2 2 2 2 2 2 2 2 2 2 2 2 2 2 2 2 2 2 2 2 2 2 2
left_child=2 8 13 6 5 -5 7 -3 22 -6 21 12 -12 14 16 -16 -1 18 -15 -19 -8 -4 -2 -13
right_child=1 3 10 4 9 -7 20 -9 -10 -11 11 23 -14 17 15 -17 -18 19 -20 -21 -22 -23 -24 -25
leaf_value=-1.5909087703595752e-05 -0.00014267309993692474 0 -3.5560351489683535e-05 0 2.3751837880228778e-05 -7.5732401269207951e-05 1.1364111149046201e-06 7.1567243091629875e-05 0 -1.6758002843557171e-05 8.5266413355622036e-05 -1.1513724707625629e-05 0 0 0 3.5643593433039007e-05 1.8598621603901229e-05 4.1648025551532893e-05 -3.8901476239658446e-05 -9.9057118787159495e-06 -3.4111899977031015e-05 0 0 8.2991713422031817e-06
leaf_weight=620 38 81 38 112 301 162 94 171 26 299 171 54 35 168 197 385 237 117 382 187 90 26 21 56
leaf_count=620 38 81 38 112 301 162 94 171 26 299 171 54 35 168 197 385 237 117 382 187 90 26 21 56
internal_value=0 -5.07713e-06 2.85296e-06 0 -1.14339e-05 -4.42676e-05 2.09817e-05 4.8063e-05 -7.33119e-05 0 2.95896e-05 4.17358e-05 6.47743e-05 -2.70716e-07 4.60652e-06 2.07606e-05 -2.86488e-06 -1.2001e-05 -2.41295e-05 7.76886e-08 0 0 -0.000111675 0
internal_weight=4068 1395 2673 1310 874 274 436 252 85 600 380 316 206 2293 1439 582 857 854 550 304 184 64 59 110
internal_count=4068 1395 2673 1310 874 274 436 252 85 600 380 316 206 2293 1439 582 857 854 550 304 184 64 59 110
is_linear=0
shrinkage=0.03


Tree=246
num_leaves=23
num_cat=0
split_feature=36 36 0 30 30 1 28 5 29 36 25 29 34 22 28 21 34 20 36 26 34 29
split_gain=6.10043e-05 0.000324283 0.000832555 0.000503848 0.000409531 0.000491854 0.000446413 0.000214889 0.0002066 0.000378146 0.00033595 0.000329283 0.000282762 0.000275701 0.00018061 0.000610593 0.00100486 0.000423534 0.000145158 0.000123348 4.32333e-05 5.82215e-06
threshold=0.005371501111097552 0.0085616814344142717 3.2949796915054326 82.77513861832584 75.400858569656847 5.3350000381469735 -1667615139.4999998 677932034.00000012 31.034820122618637 0.01091307645004033 -0.016109063731107834 51.476974100194717 0.0056023578470463251 44.649574107705526 10443358670.000002 6.3442500392595944 -0.029895857962366542 6.8472500205039983 0.0018001796993170061 0.13879755348113354 -0.028908704769827927 60.452043039151356
decision_type=2 2 2 2 2 2 2 2 2 2 2 2 2 2 2 2 2 2 2 2 2 2
left_child=7 2 4 19 6 -6 -2 14 9 20 -11 13 -13 -10 15 18 -17 -16 -1 -4 -3 -19
right_child=1 8 3 -5 5 -7 -8 -9 11 10 -12 12 -14 -15 17 16 -18 21 -20 -21 -22 -23
leaf_value=-1.1143670616193913e-06 0 4.2020042534344462e-05 -0.00014688350482370429 0 -0.00015500597146306109 0 7.6370348373061155e-05 7.6413618599340685e-05 0.00010245028237413967 -0.00010293710323352203 0 -7.7828976911468835e-05 4.8771046904245559e-06 0 9.5978811451796485e-05 0 -0.00020625801006252833 -1.0900429535505109e-05 1.5948882717538604e-05 0 0 0
leaf_weight=2090 79 22 76 21 29 20 88 36 60 70 49 40 487 135 59 34 34 44 516 20 32 27
leaf_count=2090 79 22 76 21 29 20 88 36 60 70 49 40 487 135 59 34 34 44 516 20 32 27
internal_value=0 -5.4744e-06 -3.13828e-05 -9.59185e-05 0 -7.22793e-05 2.58969e-05 2.52441e-06 8.16116e-07 -2.40605e-05 -6.08109e-05 1.09339e-05 0 4.42884e-05 5.03205e-07 -7.38355e-08 -8.95672e-05 3.54226e-05 1.11357e-06 -0.000126212 1.43651e-06 0
internal_weight=4068 1228 333 117 216 49 167 2840 895 173 119 722 527 195 2804 2674 68 130 2606 96 54 71
internal_count=4068 1228 333 117 216 49 167 2840 895 173 119 722 527 195 2804 2674 68 130 2606 96 54 71
is_linear=0
shrinkage=0.03


Tree=247
num_leaves=21
num_cat=0
split_feature=31 23 22 30 30 20 23 5 5 0 23 23 33 36 32 0 22 5 5 1
split_gain=6.2066e-05 0.000318797 0.00023747 0.000542758 0.00047053 0.000355701 0.000183202 0.000241164 0.00032979 0.000270312 0.000462708 0.000260894 0.000214233 0.000429854 0.000373511 0.000206488 9.82443e-05 6.56383e-05 5.02433e-05 5.36814e-05
threshold=-0.0091742813241021386 0.10928706352927932 59.149788499686657 74.998343608889869 57.214736098349114 5.6698995828628549 0.11560489910584161 261652358.00000003 239661510.00000003 3.1431088447570805 -0.072841822037123624 0.022136330772603911 0.01605960851599331 0.0076336082937971473 -0.0017683463380872009 3.3714641332626347 40.578199149865334 350377345.50000006 350377345.50000006 6.1854770183563241
decision_type=2 2 2 2 2 2 2 2 2 2 2 2 2 2 2 2 2 2 2 2
left_child=1 2 3 4 -1 -5 7 8 16 10 -9 -10 13 14 -8 -11 -2 -3 -14 -20
right_child=6 17 -4 5 -6 -7 12 9 11 15 -12 -13 18 -15 -16 -17 -18 -19 19 -21
leaf_value=8.5996757700691823e-06 -1.7039520900394261e-05 0 -7.4526519742475929e-05 0.00011361200294065814 -4.9862650579774113e-05 0 0 -2.9050985741901153e-06 -6.6056922477753058e-05 -3.4015915706688948e-05 4.3879568275375756e-05 0 2.9052507988222737e-05 0 -0.00013478823830551792 8.0968231700838242e-06 1.7890071732628727e-06 0.00010864211147893051 -4.1935544325548533e-05 0
leaf_weight=579 289 47 35 64 153 21 58 151 137 146 420 78 48 41 60 256 1400 33 30 22
leaf_count=579 289 47 35 64 153 21 58 151 137 146 420 78 48 41 60 256 1400 33 30 22
internal_value=0 6.92437e-06 0 4.79289e-06 0 7.72053e-05 -1.88709e-06 0 -5.91511e-06 1.24332e-05 2.62561e-05 -4.11048e-05 -2.60666e-05 -4.81499e-05 -7.99941e-05 0 0 6.43423e-05 0 -9.41705e-06
internal_weight=4068 932 852 817 732 85 3136 2877 1904 973 571 215 259 159 118 402 1689 80 100 52
internal_count=4068 932 852 817 732 85 3136 2877 1904 973 571 215 259 159 118 402 1689 80 100 52
is_linear=0
shrinkage=0.03


Tree=248
num_leaves=19
num_cat=0
split_feature=32 23 23 23 33 34 26 25 34 26 33 26 23 29 30 27 26 27
split_gain=6.33161e-05 0.000461845 0.000345399 0.000270333 0.000420335 0.000721362 0.000663426 0.000509425 0.000305466 0.000253933 0.000249168 0.000248438 0.000333226 0.000215206 0.00034854 0.000186896 0.000176153 7.23656e-05
threshold=0.01845328238460409 -0.087372818937493588 -0.1808618469132077 -0.083916348330467891 0.0045300128543048776 -0.032802645978312776 0.12288712205559513 -0.011813019853334614 -0.069823495087000628 0.13150341184920952 0.01605960851599331 0.10054046386073921 0.16769245128893487 85.197180902671121 74.998343608889869 1.0047256700657707 0.10557152947292769 1.1083157843554063
decision_type=2 2 2 2 2 2 2 2 2 2 2 2 2 2 2 2 2 2
left_child=3 2 -2 4 5 7 -6 -1 -5 -7 16 17 -13 14 -10 -15 -3 -12
right_child=1 10 -4 8 6 9 -8 -9 13 -11 11 12 -14 15 -16 -17 -18 -19
leaf_value=8.6339318855101422e-05 0 0 -0.00011842430616769524 -8.1999232490063902e-05 0 0 0.00015656091919737661 0 -4.4236296696083453e-07 -8.3356114772024993e-05 -2.7190528649125952e-05 3.9531293013114828e-05 -3.5428249496309186e-05 -3.9103331950878895e-05 2.8393550647020996e-05 0 -7.7213181414706263e-05 0
leaf_weight=125 24 35 55 41 57 153 50 44 2201 58 116 331 22 221 418 33 57 27
leaf_count=125 24 35 55 41 57 153 50 44 2201 58 116 331 22 221 418 33 57 27
internal_value=0 -8.32378e-06 -7.64146e-05 1.77903e-06 2.27738e-05 0 7.67533e-05 5.29481e-05 -7.00889e-07 -2.88048e-05 0 9.24104e-06 2.63547e-05 0 3.01541e-06 -2.58558e-05 -4.44395e-05 -1.20291e-05
internal_weight=4068 667 79 3401 487 380 107 169 2914 211 588 496 353 2873 2619 254 92 143
internal_count=4068 667 79 3401 487 380 107 169 2914 211 588 496 353 2873 2619 254 92 143
is_linear=0
shrinkage=0.03


Tree=249
num_leaves=15
num_cat=0
split_feature=36 5 28 23 23 3 28 22 29 33 33 26 33 30
split_gain=5.77123e-05 0.000246931 0.000409409 0.000211432 0.000359374 0.000242098 0.000281593 0.000150108 0.000208087 0.000142019 0.000242363 0.000435575 0.000212287 0.000172064
threshold=-0.018126889674538862 589471183.50000012 -369326867.49999994 0.11946557134414394 -0.017181557556376511 4.5650000572204599 -849876569.99999988 38.911486861010651 25.580227060997277 -0.053470220858956079 -0.017205373182346991 0.15219972521663386 -0.0042689831777323875 26.097779939804614
decision_type=2 2 2 2 2 2 2 2 2 2 2 2 2 2
left_child=3 9 -3 4 7 -6 -7 8 -1 13 11 -11 -12 -2
right_child=1 2 -4 -5 5 6 -8 -9 -10 10 12 -13 -14 -15
leaf_value=0 -0.00010011208063452188 0.00015087299462375711 0 2.4161797593622094e-05 0 0 -0.00011574589094506603 6.7338824599030088e-05 -9.1867526596899244e-05 4.2332912071569219e-06 -1.6503129898798652e-05 9.3994059608367756e-05 1.1045846470694949e-06 0
leaf_weight=46 28 26 59 24 25 21 76 28 23 627 750 66 2238 31
leaf_count=46 28 26 59 24 25 21 76 28 23 627 750 66 2238 31
internal_value=0 9.42629e-07 5.14921e-05 -1.41308e-05 -3.20288e-05 -6.70056e-05 -8.88238e-05 0 -1.05404e-05 0 5.32688e-07 1.71226e-05 -2.31144e-06 -4.63148e-05
internal_weight=4068 3825 85 243 219 122 97 97 69 3740 3681 693 2988 59
internal_count=4068 3825 85 243 219 122 97 97 69 3740 3681 693 2988 59
is_linear=0
shrinkage=0.03


Tree=250
num_leaves=26
num_cat=0
split_feature=36 30 36 30 28 23 36 28 22 30 26 22 21 36 36 28 33 28 35 21 27 0 25 21 35
split_gain=5.9521e-05 0.000433562 0.00031 0.000307925 0.000348452 0.000352479 0.000331723 0.00029972 0.000295062 0.000231869 0.000228596 0.000477619 0.000672501 0.000158126 0.000232799 0.00025372 0.000244811 0.000211541 0.000340156 0.000124823 8.77927e-05 3.49293e-05 6.80518e-05 3.17724e-05 8.72573e-06
threshold=0.0041710119616182031 16.131694512910951 0.0018001796993170061 37.357412515639744 5379316711.500001 0.07864557617016478 0.018122360926139131 2548950862.5000005 41.610195084434842 68.807834843032978 0.08946042960670908 58.247832502932958 5.9104061206181848 -0.0042507978402670839 -0.0088235447963641838 -3136782845.9999995 -0.039278741074804883 -4151668514.9999995 0.010416681477281723 5.0314166784286511 0.27456028063752963 3.2324265241622929 -0.0095735652766094845 5.3194166620572423 0.014394250024420628
decision_type=2 2 2 2 2 2 2 2 2 2 2 2 2 2 2 2 2 2 2 2 2 2 2 2 2
left_child=2 8 13 6 9 -6 7 -3 23 -5 21 12 -12 14 16 -16 -1 19 -19 -15 -8 22 -4 -2 -13
right_child=1 3 10 4 5 -7 20 -9 -10 -11 11 24 -14 17 15 -17 -18 18 -20 -21 -22 -23 -24 -25 -26
leaf_value=3.0744932520278568e-05 -0.00013728625499668593 0 0 1.8148564547684052e-05 -6.0406679042163689e-05 0 0 8.2476860539724468e-05 0 -1.7334351167775459e-05 0.00010195983986141208 0 0 0 0 3.1979913375348865e-05 -1.2214547667992908e-05 6.6500832619578946e-06 -3.2211419494476286e-05 4.6441993066866117e-05 -3.5125605361257175e-05 -3.423657624891305e-05 2.8195873434648582e-05 0 -1.3498439601897485e-05
leaf_weight=123 38 167 25 367 197 90 21 111 26 292 148 31 29 85 131 451 734 143 567 59 65 26 78 21 43
leaf_count=123 38 167 25 367 197 90 21 111 26 292 148 31 29 85 131 451 734 143 567 59 65 26 78 21 43
internal_value=0 -4.91728e-06 2.72407e-06 0 -9.66479e-06 -3.74184e-05 2.2769e-05 4.18041e-05 -7.05809e-05 0 2.80364e-05 4.48241e-05 7.26356e-05 -1.63508e-07 4.49167e-06 2.00068e-05 -2.54579e-06 -1.15196e-05 -2.01598e-05 1.02468e-05 -3.89689e-06 0 2.86017e-06 -0.000108012 0
internal_weight=4068 1395 2673 1310 946 287 364 278 85 659 380 251 177 2293 1439 582 857 854 710 144 86 129 103 59 74
internal_count=4068 1395 2673 1310 946 287 364 278 85 659 380 251 177 2293 1439 582 857 854 710 144 86 129 103 59 74
is_linear=0
shrinkage=0.03


Tree=251
num_leaves=22
num_cat=0
split_feature=32 23 23 36 23 35 5 35 32 31 33 33 32 26 1 36 35 35 0 28 31
split_gain=6.09074e-05 0.000434221 0.000322883 0.000309237 0.000247503 0.00056909 0.000810076 0.00054035 0.0003112 0.000287893 0.00022844 0.000227362 0.000226102 0.00022547 0.000412893 0.000197582 0.000178367 0.000348944 0.000135568 0.000100429 5.0361e-05
threshold=0.01845328238460409 -0.087372818937493588 -0.1808618469132077 0.008826123886219105 -0.083916348330467891 0.033234442886689315 439282709.50000006 0.02619233334331245 0.0019102195907988453 0.012769900576686812 -0.048795043658958363 -0.040243880738592523 -0.056250085204911864 0.12808637584002319 4.4149999618530282 0.017301055248232413 0.016037407491207811 0.025316474797192578 2.3943353891372685 972234313.00000012 0.0055788284145990028
decision_type=2 2 2 2 2 2 2 2 2 2 2 2 2 2 2 2 2 2 2 2 2
left_child=4 2 -2 16 5 7 -7 9 -9 -1 12 -12 -6 14 -5 -13 20 -18 -15 -14 -3
right_child=1 3 -4 13 10 6 -8 8 -10 -11 11 15 19 18 -16 -17 17 -19 -20 -21 -22
leaf_value=7.761197753508463e-06 0 2.7798976884182213e-05 -0.00011480307308995538 0 0 0.000232852932393922 0 -0.00010476780671927475 0 0.00014098864416108018 6.4509198370213229e-05 4.2825743565349768e-08 0 2.0307628229371635e-05 6.1298963215939756e-05 -4.4217537418309426e-05 -7.6844516095005746e-05 0 -4.0864706863695344e-05 -0.00012686835308454427 -1.1654532313956569e-05
leaf_weight=331 24 45 55 51 25 27 28 50 28 23 49 2695 23 20 188 91 105 34 68 31 77
leaf_count=331 24 45 55 51 25 27 28 50 28 23 49 2695 23 20 188 91 105 34 68 31 77
internal_value=0 -8.1958e-06 -7.42096e-05 0 1.71529e-06 2.18081e-05 0.000115912 2.86031e-06 -5.87789e-05 2.49268e-05 -6.1386e-07 0 -5.11182e-05 2.0109e-05 3.74419e-05 -3.27626e-07 -2.36503e-05 -4.69466e-05 0 -8.70747e-05 0
internal_weight=4068 667 79 588 3401 487 55 432 78 354 2914 2835 79 327 239 2786 261 139 88 54 122
internal_count=4068 667 79 588 3401 487 55 432 78 354 2914 2835 79 327 239 2786 261 139 88 54 122
is_linear=0
shrinkage=0.03


Tree=252
num_leaves=24
num_cat=0
split_feature=31 23 25 36 23 35 23 35 22 34 34 25 31 32 28 2 22 32 25 35 36 27 22
split_gain=6.11526e-05 0.000192267 0.000313354 0.000212934 0.000296802 0.000529567 0.000278355 0.000238394 0.000234709 0.000153276 0.000366577 0.0003244 0.000238378 0.000339916 0.000207802 0.000230701 0.000141691 7.75567e-05 6.37561e-05 3.7996e-05 0.000350635 2.59001e-05 2.83775e-06
threshold=0.010836225600178719 0.1313414008833749 0.038808166511937678 -0.018126889674538862 -0.12127147426017658 0.018467782505363867 -0.017181557556376511 0.031705678284853489 43.625251863205733 0.046399442610868931 0.052128158729717329 0.012032311892693224 0.014941330578437941 0.013500504646898672 -4151668514.9999995 6.2646272182464608 37.208967512149087 -0.0058997050023670275 -0.012662210282133711 0.021739109965638447 0.030705000350177581 0.86362640584631212 65.407691505805019
decision_type=2 2 2 2 2 2 2 2 2 2 2 2 2 2 2 2 2 2 2 2 2 2 2
left_child=1 3 17 6 5 -5 16 -8 -6 11 -11 14 21 -14 18 -16 -1 22 -2 -12 -21 -13 -3
right_child=9 2 -4 4 8 -7 7 -9 -10 10 19 12 13 -15 15 -17 -18 -19 -20 20 -22 -23 -24
leaf_value=-1.4773220938113278e-05 0 4.1311271122449528e-05 0.00011222602920735384 0 -1.3876310360493181e-05 8.1668018477076739e-05 0 -0.00010066640699603675 5.6077026723994057e-06 -0.00011894052924365489 1.291449052922489e-05 -2.5699498085292286e-05 0.00013920773296413635 0 -3.9304372044472638e-05 0 5.6982148452000243e-05 -9.1567701945843335e-06 3.7073442109389763e-05 -6.5770447635679584e-05 1.5667127485483363e-05 4.276636494442453e-06 0
leaf_weight=62 25 39 37 70 785 114 63 63 1910 36 33 34 37 76 312 57 35 67 46 78 26 43 20
leaf_count=62 25 39 37 70 785 114 63 63 1910 36 33 34 37 76 312 57 35 67 46 78 26 43 20
internal_value=0 1.93332e-06 3.37012e-05 0 2.44967e-06 3.9304e-05 -2.79562e-05 -5.80467e-05 0 -7.30308e-06 -3.23168e-05 0 3.2313e-05 6.04309e-05 -1.45734e-05 -2.72714e-05 0 0 9.17193e-06 0 -1.65971e-05 0 3.29525e-05
internal_weight=4068 3265 163 3102 2879 184 223 126 2695 803 173 630 190 113 440 369 97 126 71 137 104 77 59
internal_count=4068 3265 163 3102 2879 184 223 126 2695 803 173 630 190 113 440 369 97 126 71 137 104 77 59
is_linear=0
shrinkage=0.03


Tree=253
num_leaves=23
num_cat=0
split_feature=31 23 22 30 30 19 23 5 5 5 0 23 30 5 22 36 31 31 5 36 36 32
split_gain=5.77199e-05 0.000296634 0.000218567 0.00050562 0.000533881 0.000304724 0.000172067 0.000221962 0.000307835 0.000256643 0.000575755 0.000244288 0.00022648 0.000200231 0.000498997 0.000177394 9.37805e-05 6.28171e-05 0.000100624 4.04496e-05 0.000132995 4.08708e-05
threshold=-0.0091742813241021386 0.10928706352927932 59.149788499686657 73.15488569639227 57.214736098349114 5.8575949668884286 0.11560489910584161 261652358.00000003 239661510.00000003 302416313.00000006 3.2839072942733769 0.022136330772603911 66.467549076937033 350377345.50000006 75.873060427295357 0.0072072933481855828 0.0017905100489862271 -0.012795092134997797 350377345.50000006 0.0059113300475694807 -0.0016421061221244513 0.0056980052460258177
decision_type=2 2 2 2 2 2 2 2 2 2 2 2 2 2 2 2 2 2 2 2 2 2
left_child=1 2 3 4 -1 -5 7 8 16 10 -9 -10 -11 19 15 -15 -2 18 -3 20 -8 -21
right_child=6 17 -4 5 -6 -7 13 9 11 12 -12 -13 -14 14 -16 -17 -18 -19 -20 21 -22 -23
leaf_value=8.2383061401139677e-06 -8.121088267696206e-06 0 -7.1456836806172412e-05 9.7785371738291774e-05 -5.6318613724326701e-05 0 0 6.023372494075769e-05 -6.3762511904922033e-05 1.513810217312068e-05 -5.4680432669158248e-06 0 -2.1497462604172695e-05 -0.00017802172593733346 0 0 5.7743188150255508e-06 0 0.0001230717914301184 0 -4.9852193032485114e-05 3.6260604311844321e-05
leaf_weight=579 861 30 35 78 139 21 56 244 137 385 94 78 250 30 27 25 828 20 30 28 60 33
leaf_count=579 861 30 35 78 139 21 56 244 137 385 94 78 250 30 27 25 828 20 30 28 60 33
internal_value=0 6.70041e-06 0 4.62615e-06 -8.78932e-08 6.90529e-05 -1.79467e-06 0 -5.63638e-06 1.19635e-05 3.30923e-05 -3.96136e-05 0 -2.52323e-05 -6.48402e-05 -0.000120063 0 6.20919e-05 7.79685e-05 0 -1.59854e-05 1.05007e-05
internal_weight=4068 932 852 817 718 99 3136 2877 1904 973 338 215 635 259 82 55 1689 80 60 177 116 61
internal_count=4068 932 852 817 718 99 3136 2877 1904 973 338 215 635 259 82 55 1689 80 60 177 116 61
is_linear=0
shrinkage=0.03


Tree=254
num_leaves=24
num_cat=0
split_feature=28 28 5 31 23 5 25 23 22 0 24 3 3 23 29 29 26 30 24 29 30 22 30
split_gain=5.85442e-05 0.000424738 0.000323433 0.000224093 0.000485526 0.00043625 0.000422935 0.000365921 0.000448054 0.0003397 0.000323817 0.000304166 0.000338268 0.000226002 0.000175302 0.000365655 0.000297779 0.000231706 0.000239158 0.000206361 9.5858e-05 4.0105e-05 3.85563e-05
threshold=-3067874471.9999995 -3462897049.9999995 185315928.50000003 0.0204528766394142 -0.051729235394972754 460863684.00000006 0.051975214081887135 -0.13436142286339378 25.141863247435968 3.1382182836532597 -0.00095623979862411183 5.0850000381469735 5.774350881576539 0.10719385984923015 25.580227060997277 49.659637809851013 0.096041159356796343 22.215422290527822 -0.03118133242067524 57.004682213314098 63.818829895034291 37.339715351175343 71.729254178706654
decision_type=2 2 2 2 2 2 2 2 2 2 2 2 2 2 2 2 2 2 2 2 2 2 2
left_child=1 14 -3 4 7 11 10 8 -2 -9 -6 -5 -13 -8 17 16 -16 18 -1 -17 -7 -19 -4
right_child=3 2 22 5 6 20 13 9 -10 -11 -12 12 -14 -15 15 19 -18 21 -20 -21 -22 -23 -24
leaf_value=-3.1128855592297874e-05 6.6420325840155494e-05 0 -0.00015500585328850449 0 -2.0765428617584854e-05 5.8486432788141556e-05 0 6.749550834210073e-05 -6.0981836011999107e-05 0 2.9071780708152232e-06 -0.00015493030130556116 0 0.00014190218923447711 0 -5.4379008050267059e-05 7.1705320301204632e-05 0 4.4883807614554663e-05 0 0 -8.3188280014539283e-05 0
leaf_weight=95 28 29 31 60 686 26 26 252 75 212 1633 46 44 28 76 63 124 24 61 338 39 52 20
leaf_count=95 28 29 31 60 686 26 26 252 75 212 1633 46 44 28 76 63 124 24 61 338 39 52 20
internal_value=0 -6.55042e-06 -7.2536e-05 2.06933e-06 5.09914e-06 -2.53977e-05 0 3.00889e-05 0 4.26131e-05 -2.80257e-06 -5.93304e-05 -9.43531e-05 8.18486e-05 0 8.34451e-06 4.30054e-05 -2.23479e-05 0 -1.46971e-06 6.79646e-06 -6.52955e-05 -0.000118084
internal_weight=4068 913 80 3155 2940 215 2373 567 103 464 2319 150 90 54 833 601 200 232 156 401 65 76 51
internal_count=4068 913 80 3155 2940 215 2373 567 103 464 2319 150 90 54 833 601 200 232 156 401 65 76 51
is_linear=0
shrinkage=0.03


Tree=255
num_leaves=26
num_cat=0
split_feature=28 28 1 28 25 27 34 19 36 27 27 23 27 20 23 26 0 25 28 23 30 27 0 24 20
split_gain=5.89194e-05 0.000561735 0.000404224 0.000332354 0.000381008 0.000524718 0.000309234 0.000298152 0.000373525 0.000267435 0.000616449 0.000333917 0.000258575 0.000576396 0.000247361 0.000231578 0.000428309 0.000812146 0.000304171 0.00022401 0.000205176 0.000146525 0.000109238 5.08829e-05 3.764e-05
threshold=3201694462.5000005 2036193434.5000002 5.4722793102264413 4493475594.500001 0.01768471687779561 0.42041199571511129 0.041313317230227471 4.7199999332427991 0.012048152394396385 0.040127983619483533 0.0072685207278513639 1.0000000180025095e-35 0.90300185570283109 4.6887499928474439 0.12182610050390609 0.11025880876738735 3.2839072942733769 -0.0014887019296433918 8162569918.500001 0.0026080414747111651 75.785534099683602 0.10553247385266294 2.3943353891372685 0.066544847123693587 4.7817500233650216
decision_type=2 2 2 2 2 2 2 2 2 2 2 2 2 2 2 2 2 2 2 2 2 2 2 2 2
left_child=1 6 7 4 5 21 9 -3 -9 10 -1 -11 13 -8 -7 16 17 -5 20 -20 -17 -2 -6 -18 -14
right_child=3 2 -4 15 22 14 12 8 -10 11 -12 -13 24 -15 -16 18 23 -19 19 -21 -22 -23 -24 -25 -26
leaf_value=0 6.0452686447712742e-05 0 0 0.00016483628462345446 0 0.00015497633062434363 0.00011442327338621731 -0.00010964137563986331 0 -2.1519242305647347e-05 0.00010894999049942239 2.1506921929582264e-06 -8.3133015001015216e-06 0 0 -3.6339684967167633e-05 -7.4861200461488697e-06 0 4.448222229915559e-05 -2.2110601001921667e-07 0 0 -4.4747297088568024e-05 2.069211952933672e-05 2.5350236053559545e-05
leaf_weight=154 36 46 35 45 25 57 78 124 20 833 60 990 80 36 20 416 228 45 106 228 118 118 49 77 44
leaf_count=154 36 46 35 45 25 57 78 124 20 833 60 990 80 36 20 416 228 45 106 228 118 118 49 77 44
internal_value=0 -2.71718e-06 -4.82259e-05 4.69523e-06 3.30711e-05 5.41083e-05 4.66978e-07 -6.83204e-05 -8.95537e-05 -1.94948e-06 2.72162e-05 -7.02006e-06 3.37409e-05 6.64475e-05 0.000122065 0 1.66099e-05 7.4082e-05 -1.07015e-05 4.9959e-06 -2.61357e-05 6.04855e-07 0 0 0
internal_weight=4068 2500 225 1568 305 231 2275 190 144 2037 214 1823 238 114 77 1263 395 90 868 334 534 154 74 305 124
internal_count=4068 2500 225 1568 305 231 2275 190 144 2037 214 1823 238 114 77 1263 395 90 868 334 534 154 74 305 124
is_linear=0
shrinkage=0.03


Tree=256
num_leaves=23
num_cat=0
split_feature=28 28 5 31 23 5 23 22 24 31 1 26 2 35 30 5 22 23 31 35 5 30
split_gain=5.81917e-05 0.000403352 0.000310154 0.000213936 0.000458703 0.000414092 0.000345047 0.000418438 0.000314553 0.000400562 0.000292771 0.000266703 0.000259975 0.000252084 0.000128887 0.000320163 0.000376096 0.000262986 0.000307722 0.000127833 0.000117204 9.01114e-05
threshold=-3067874471.9999995 -3462897049.9999995 185315928.50000003 0.0204528766394142 -0.051729235394972754 460863684.00000006 -0.13436142286339378 25.141863247435968 -0.0015918477810232398 0.0042507978402671629 5.1349999904632577 0.10355777855543107 5.9249999523162851 0.018707468588010475 16.131694512910951 264505266.50000003 63.256835429147706 -0.048754129855804067 -0.015100659545049798 0.021604592436501816 241528040.50000003 63.818829895034291
decision_type=2 2 2 2 2 2 2 2 2 2 2 2 2 2 2 2 2 2 2 2 2 2
left_child=1 14 -3 4 6 10 7 -2 9 -6 -5 -8 -12 -10 17 20 -17 18 -1 -4 -16 -7
right_child=3 2 19 5 8 21 11 -9 13 -11 12 -13 -14 -15 15 16 -18 -19 -20 -21 -22 -23
leaf_value=0 6.4415211071139285e-05 0 -0.0001625515709080396 0 -3.5988748960812181e-05 5.6485430036080007e-05 0 -5.8838979737304856e-05 1.6986535366939772e-05 3.204866651231549e-06 -0.00013711183977781631 5.8381792866850708e-05 0 -4.1484588731044861e-06 0 4.9467114660561501e-05 -4.893691182241998e-06 0 -0.00010489772012292899 0 -4.790933833636977e-05 0
leaf_weight=20 28 29 30 54 444 26 159 75 972 242 53 305 43 715 373 251 52 25 56 21 56 39
leaf_count=20 28 29 30 54 444 26 159 75 972 242 53 305 43 715 373 251 52 25 56 21 56 39
internal_value=0 -6.46191e-06 -7.07676e-05 2.12483e-06 5.10111e-06 -2.46106e-05 2.93748e-05 0 0 -1.77914e-05 -5.77614e-05 4.15152e-05 -8.91797e-05 6.25099e-06 0 4.10519e-06 3.02416e-05 -3.20207e-05 -6.68758e-05 -0.000115381 -7.36616e-06 5.7795e-06
internal_weight=4068 913 80 3155 2940 215 567 103 2373 686 150 464 96 1687 833 732 303 101 76 51 429 65
internal_count=4068 913 80 3155 2940 215 567 103 2373 686 150 464 96 1687 833 732 303 101 76 51 429 65
is_linear=0
shrinkage=0.03


Tree=257
num_leaves=18
num_cat=0
split_feature=19 0 2 0 3 2 26 28 28 28 22 35 22 28 27 21 22
split_gain=5.74296e-05 0.000400244 0.000305346 0.000285242 0.00024823 0.000162365 0.000307996 0.000147106 0.000511443 0.000310835 0.000146447 0.000440184 0.000369635 0.000364622 0.000227356 0.000147234 0.000139267
threshold=4.3110000133514417 1.7643836140632632 4.4349999427795419 2.9632363319396977 4.4149999618530282 4.4549999237060556 0.1012435026032102 3201694462.5000005 2036193434.5000002 4493475594.500001 48.688386657527651 0.016824609966819056 32.370335258559585 -3136782845.9999995 0.90619834539268374 3.7816666901111606 28.903283955962788
decision_type=2 2 2 2 2 2 2 2 2 2 2 2 2 2 2 2 2
left_child=1 -1 3 -2 5 -4 -7 8 -6 -9 12 14 16 -14 -12 -13 -3
right_child=2 10 4 -5 7 6 -8 9 -10 -11 11 15 13 -15 -16 -17 -18
leaf_value=0.00012000999219853966 -0.00011052618749585432 0 0 0 0 0 0.00014877861249860681 3.1935275758482352e-05 -5.2180243325476777e-05 0 9.7948284526892259e-05 -3.4959774681937294e-05 -7.3795520853588525e-05 0 0 1.438023519382283e-05 7.5719230622891591e-05
leaf_weight=28 44 43 24 88 1397 21 29 305 207 1263 73 88 112 168 22 120 36
leaf_count=28 44 43 24 88 1397 21 29 305 207 1263 73 88 112 168 22 120 36
internal_value=0 8.02909e-06 -1.45977e-06 -4.62041e-05 0 5.45879e-05 8.55806e-05 -9.05596e-07 -8.036e-06 4.47542e-06 0 1.82115e-05 -9.33255e-06 -3.17474e-05 7.22692e-05 0 3.21256e-05
internal_weight=4068 690 3378 132 3246 74 50 3172 1604 1568 662 303 359 280 95 208 79
internal_count=4068 690 3378 132 3246 74 50 3172 1604 1568 662 303 359 280 95 208 79
is_linear=0
shrinkage=0.03


Tree=258
num_leaves=20
num_cat=0
split_feature=22 22 35 27 23 28 28 2 30 35 26 32 26 31 31 33 26 35 29
split_gain=5.65416e-05 0.000399056 0.000313327 0.000245045 0.000278223 0.00029017 0.000963381 0.000247836 0.000235432 0.000362882 0.000214798 0.000182809 0.000117197 0.000191042 0.00046398 0.000305492 0.000162655 0.000157131 7.96339e-05
threshold=43.625251863205733 44.317763554458296 0.014059354221211908 0.38273212972955267 -0.032006602115012932 -1404521344.4999998 1307074671.5000002 4.7349998950958261 20.420178892834922 0.017026408209386095 0.096544493839315265 0.0090354381759628639 0.077691585627944967 0.0063358487694951124 0.0040281976947069706 0.0063492579913985167 0.073896469133846079 0.013640775665733204 10.980758511638543
decision_type=2 2 2 2 2 2 2 2 2 2 2 2 2 2 2 2 2 2 2
left_child=3 2 -2 4 5 7 -7 -1 18 -10 -5 -4 16 14 -14 -15 -3 -18 -6
right_child=1 12 11 10 8 6 -8 -9 9 -11 -12 -13 13 15 -16 -17 17 -19 -20
leaf_value=0 0 0 0.0001414386653209642 0 -1.593727084192713e-05 9.3346554238536356e-05 0 -4.5108640924295186e-05 0 -9.2237909669009503e-05 -0.00011636716958868324 0 1.2774694973387241e-06 -3.4768476509567437e-05 5.3694529379089817e-05 0 -8.4663787257767506e-05 0 3.6217360739614364e-05
leaf_weight=261 20 72 41 30 44 130 346 122 77 89 33 20 1442 263 193 707 53 79 46
leaf_count=261 20 72 41 30 44 130 346 122 77 89 33 20 1442 263 193 707 53 79 46
internal_value=0 2.39146e-06 6.80609e-05 -5.40043e-06 0 5.99112e-06 2.36633e-05 -8.14185e-06 -2.92804e-05 -5.09662e-05 -6.35579e-05 0.000103749 0 2.20496e-06 9.30258e-06 -6.66582e-06 -2.13245e-05 -4.2553e-05 0
internal_weight=4068 2890 81 1178 1115 859 476 383 256 166 63 61 2809 2605 1635 970 204 132 90
internal_count=4068 2890 81 1178 1115 859 476 383 256 166 63 61 2809 2605 1635 970 204 132 90
is_linear=0
shrinkage=0.03


Tree=259
num_leaves=16
num_cat=0
split_feature=3 36 24 24 28 28 32 32 23 22 23 36 29 24 24
split_gain=5.93507e-05 0.000259609 0.000205648 0.000103791 0.000277877 0.000362185 9.13606e-05 0.000294382 0.000287794 0.00106601 0.000280844 0.00024016 0.000172441 1.94241e-06 1.01625e-05
threshold=3.7350000143051152 -0.0058982349751343375 -0.063001132253417427 -0.16543031874497385 -6121181483.999999 640541819.00000012 0.012964429018979652 0.014340551754337129 -0.11904788099528173 35.105338077675405 -0.090682720636482181 0.0017079415759665296 65.848223923122859 -0.024856150462764799 -0.088318283195355105
decision_type=2 2 2 2 2 2 2 2 2 2 2 2 2 2 2
left_child=1 2 -1 4 -2 -6 8 11 9 -5 -9 -8 -10 14 -3
right_child=3 13 -4 6 5 -7 7 10 12 -11 -12 -13 -14 -15 -16
leaf_value=0.00014276936452218948 0 0 0 0 -0.00011808992293808539 0 0 -6.6295263165099983e-05 -3.8561996080268042e-06 0.00022250271734732398 1.4986300433512967e-06 -0.00011056416055035528 1.3067705399950242e-05 0 -1.7874157056212418e-05
leaf_weight=23 31 20 34 121 48 33 26 57 1995 25 802 44 735 40 34
leaf_count=23 31 20 34 121 48 33 26 57 1995 25 802 44 735 40 34
internal_value=0 1.85721e-05 7.07437e-05 -5.75565e-07 -2.90666e-05 -6.52038e-05 0 -7.90169e-06 2.90159e-06 4.40295e-05 0 -6.78752e-05 0 0 -5.68452e-06
internal_weight=4068 151 57 3917 112 81 3805 929 2876 146 859 70 2730 94 54
internal_count=4068 151 57 3917 112 81 3805 929 2876 146 859 70 2730 94 54
is_linear=0
shrinkage=0.03


Tree=260
num_leaves=11
num_cat=0
split_feature=3 24 34 0 0 28 28 20 21 22
split_gain=5.58767e-05 0.000210497 0.00010939 0.000433637 0.000205685 0.000106934 0.000444562 0.000283894 6.47572e-05 2.38679e-05
threshold=3.7350000143051152 -0.096337890667885159 -0.073720119842869233 2.2751930952072148 1.7643836140632632 3201694462.5000005 2036193434.5000002 5.0847499847412116 3.7256666660308841 50.026159106015164
decision_type=2 2 2 2 2 2 2 2 2 2
left_child=1 -1 3 -2 -4 6 -6 -7 -3 -10
right_child=2 8 4 -5 5 7 -8 -9 9 -11
leaf_value=9.3836989120590556e-05 -0.00012974121423015733 3.8866496110938399e-05 9.5843681322806845e-05 0 0 3.9337847046788037e-05 -4.6093347903993328e-05 0 -2.1625387457600618e-05 0
leaf_weight=27 29 31 20 42 2055 188 217 1366 70 23
leaf_count=27 29 31 20 42 2055 188 217 1366 70 23
internal_value=0 1.80408e-05 -5.32401e-07 -3.74205e-05 0 -3.53187e-07 -5.18758e-06 4.78436e-06 0 -1.10178e-05
internal_weight=4068 151 3917 71 3846 3826 2272 1554 124 93
internal_count=4068 151 3917 71 3846 3826 2272 1554 124 93
is_linear=0
shrinkage=0.03


Tree=261
num_leaves=20
num_cat=0
split_feature=27 27 1 22 32 5 20 27 33 29 33 27 23 3 0 28 28 1 32
split_gain=5.36561e-05 0.000233339 0.000194506 0.000239301 0.000156282 0.000385126 0.00056286 0.000334677 0.000378535 0.000257565 0.000314591 0.000770624 0.000347064 0.000220641 0.000181023 0.000155276 7.87595e-05 8.35547e-07 2.38732e-07
threshold=1.0281785935349981 1.096482659673047 4.8150000572204599 69.970239851707944 0.01845328238460409 393786870.00000006 4.9862499713897721 0.51541193320725964 0.033602628185446244 85.197180902671121 0.0020790856335568546 0.5728636807907016 0.015147107720504318 4.7449998855590829 3.1058416366577153 5996981126.000001 972234313.00000012 4.5850000381469735 0.03148282740494291
decision_type=2 2 2 2 2 2 2 2 2 2 2 2 2 2 2 2 2 2 2
left_child=4 2 -2 -4 9 7 -7 8 -6 10 12 -12 -1 17 -9 -15 18 -11 -3
right_child=1 16 3 -5 5 6 -8 14 -10 13 11 -13 -14 15 -16 -17 -18 -19 -20
leaf_value=-1.2244552247707552e-05 0 0 0.00012551073835530475 0 -7.6006522566858739e-05 -0.00014830114181048159 0 3.7849208013532522e-05 0 0 4.7492212734998832e-05 -8.0133161655780791e-07 1.1994740473578662e-05 -6.5300152442204667e-05 0 0 -3.8793801973650973e-05 5.7055920743468057e-06 3.0497962596838276e-06
leaf_weight=1277 26 20 41 26 101 45 58 154 26 35 455 537 858 122 139 55 47 23 23
leaf_count=1277 26 20 41 26 101 45 58 154 26 35 455 537 858 122 139 55 47 23 23
internal_value=0 1.6024e-05 5.25422e-05 8.02451e-05 -5.73129e-07 -1.62839e-05 -6.86096e-05 0 -4.37585e-05 9.78979e-07 4.10555e-06 1.83281e-05 -1.09823e-06 -2.7848e-05 1.40473e-05 -4.63763e-05 0 0 0
internal_weight=4068 183 93 67 3885 523 103 420 127 3362 3127 992 2135 235 293 177 90 58 43
internal_count=4068 183 93 67 3885 523 103 420 127 3362 3127 992 2135 235 293 177 90 58 43
is_linear=0
shrinkage=0.03


Tree=262
num_leaves=12
num_cat=0
split_feature=3 36 24 34 0 0 34 25 27 24 24
split_gain=5.34869e-05 0.000246685 0.000186202 9.8539e-05 0.000407835 0.000196781 0.000108745 0.000562338 0.000374974 2.01846e-06 8.96204e-06
threshold=3.7350000143051152 -0.0058982349751343375 -0.063001132253417427 -0.073720119842869233 2.2751930952072148 1.7643836140632632 -0.031194118586148841 0.0057363168428838695 0.18294053586524833 -0.024856150462764799 -0.088318283195355105
decision_type=2 2 2 2 2 2 2 2 2 2 2
left_child=1 2 -1 4 -2 -5 7 -7 -8 10 -3
right_child=3 9 -4 5 -6 6 8 -9 -10 -11 -12
leaf_value=0.0001374895818676654 -0.0001252907157045088 0 0 9.3730972929286004e-05 0 2.5500283568492407e-05 -3.1668472346021836e-05 -8.2350505514146611e-05 0 0 -1.7023749838656904e-05
leaf_weight=23 29 20 34 20 42 473 368 39 2946 40 34
leaf_count=23 29 20 34 20 42 473 368 39 2946 40 34
internal_value=0 1.76498e-05 6.8648e-05 -5.22235e-07 -3.55296e-05 0 -3.66818e-07 1.14124e-05 -3.09217e-06 0 -5.79472e-06
internal_weight=4068 151 57 3917 71 3846 3826 512 3314 94 54
internal_count=4068 151 57 3917 71 3846 3826 512 3314 94 54
is_linear=0
shrinkage=0.03


Tree=263
num_leaves=23
num_cat=0
split_feature=33 33 5 20 32 25 23 33 22 30 30 5 32 3 27 26 21 33 26 22 0 25
split_gain=5.33949e-05 0.000422087 0.00046472 0.000552824 0.000420544 0.000528183 0.000362963 0.000347042 0.000692501 0.000444243 0.000679349 0.000393865 0.000346329 0.000308075 0.000373497 0.000367772 0.000261824 0.000200062 0.000180993 0.000127662 2.42081e-05 6.4858e-05
threshold=-0.013829448649301522 -0.0042689831777323875 186194030.00000003 4.7817500233650216 -0.0032921979760481275 -0.026014838302258755 -0.2196520755234119 -0.025597348842542608 47.520176375461169 20.064042802732974 11.945629238292414 233277069.00000003 -0.027447890637042612 4.5950000286102304 1.0047256700657707 0.11025880876738735 3.9815833548704789 -0.014308467660139377 0.077691585627944967 42.097037472135419 3.3518227338790898 0.016927289914892465
decision_type=2 2 2 2 2 2 2 2 2 2 2 2 2 2 2 2 2 2 2 2 2 2
left_child=6 2 20 16 5 -3 -1 8 12 10 -9 -10 -8 15 -15 -6 -4 -11 -7 -5 21 -2
right_child=1 4 3 19 13 18 7 9 11 17 -12 -13 -14 14 -16 -17 -18 -19 -20 -21 -22 -23
leaf_value=0.00010177515163812706 2.3032728393251303e-05 -3.8774405123681298e-05 0 1.0188470404615476e-05 0 0 0 0 0 0 0.00012781900247447721 8.5721451943379057e-05 -6.3275596113641542e-05 -1.6972666334238369e-05 2.4778784470628595e-05 8.2071860508193476e-05 -0.00011404130087854949 8.305834811689309e-05 5.5702072116687123e-05 -2.5321347905397454e-05 0 0
leaf_weight=35 151 37 28 64 443 24 199 42 36 415 74 73 216 1275 177 70 117 26 314 172 58 22
leaf_count=35 151 37 28 64 443 24 199 42 36 415 74 73 216 1275 177 70 117 26 314 172 58 22
internal_value=0 -1.94347e-06 -2.47057e-05 -4.5583e-05 2.72852e-06 3.23308e-05 5.75032e-06 0 -1.46801e-05 1.89185e-05 7.18412e-05 4.09189e-05 -3.65168e-05 -1.39548e-06 -9.8158e-06 1.65879e-05 -9.419e-05 0 4.89968e-05 -2.98485e-06 0 1.1219e-05
internal_weight=4068 2952 612 381 2340 375 1116 1081 524 557 116 109 415 1965 1452 513 145 441 338 236 231 173
internal_count=4068 2952 612 381 2340 375 1116 1081 524 557 116 109 415 1965 1452 513 145 441 338 236 231 173
is_linear=0
shrinkage=0.03


Tree=264
num_leaves=17
num_cat=0
split_feature=36 35 23 23 23 23 35 31 31 26 22 33 33 22 28 21
split_gain=5.46302e-05 0.000226806 0.000266856 0.000277593 0.000190204 0.000311195 0.000320229 0.000185181 0.000166707 0.000406121 0.000266467 0.00015047 0.000320987 0.000127585 0.000107137 0.000104184
threshold=-0.018126889674538862 0.040110776041661862 0.069095495285167022 -0.030195141788115883 0.11946557134414394 -0.017181557556376511 0.031705678284853489 -0.028781703934558419 0.02844164105170555 0.11231308297202387 54.333190975823179 -0.053470220858956079 -0.037175440486932658 37.208967512149087 972234313.00000012 5.0926666378974925
decision_type=2 2 2 2 2 2 2 2 2 2 2 2 2 2 2 2
left_child=4 8 3 -3 5 13 -7 -8 11 -10 -11 14 -13 15 -2 -1
right_child=1 2 -4 -5 -6 6 7 -9 9 10 -12 12 -14 -15 -16 -17
leaf_value=0 0 0 0 0.00017776402913727185 1.8440363817573883e-05 0 0 -0.00015146235588374616 0 0 -0.00013362536098168734 5.2852538026239759e-05 1.1804358135064183e-07 5.3724722193482394e-05 -7.9876448602524288e-05 -5.4514012050362153e-05
leaf_weight=26 30 39 20 22 24 61 20 41 30 23 42 112 3474 35 33 36
leaf_count=26 30 39 20 22 24 61 20 41 30 23 42 112 3474 35 33 36
internal_value=0 1.05181e-06 5.06867e-05 8.56789e-05 -1.35957e-05 -3.08057e-05 -6.32196e-05 -0.000112711 0 -3.92352e-05 -8.86757e-05 9.98563e-07 2.60307e-06 0 -4.26467e-05 -1.47529e-05
internal_weight=4068 3825 81 61 243 219 122 61 3744 95 65 3649 3586 97 63 62
internal_count=4068 3825 81 61 243 219 122 61 3744 95 65 3649 3586 97 63 62
is_linear=0
shrinkage=0.03


Tree=265
num_leaves=12
num_cat=0
split_feature=32 26 20 23 26 4 1 29 22 25 25
split_gain=5.09373e-05 0.00011548 0.00051402 0.000823377 9.82736e-05 0.000311297 0.000400438 0.000379844 0.000169195 0.000373737 0.00030729
threshold=-0.062057450894363923 0.20026181931384388 4.5984999775886548 0.0014550739865755171 0.13324223808850783 5.6050000190734872 6.0450000762939462 61.594219263162906 48.549710262976141 0.00056732090935785189 0.025264259117048517
decision_type=2 2 2 2 2 2 2 2 2 2 2
left_child=-1 4 -3 -4 8 7 -7 -6 9 -2 -10
right_child=1 2 3 -5 5 6 -8 -9 10 -11 -12
leaf_value=3.7776192520455685e-05 0 0 0 -0.00023792247971302113 0 -6.1018081879478733e-05 8.0879800443839739e-06 8.0953838508879432e-05 1.1443075084953668e-05 -3.7804581064220095e-05 -1.5765055266747707e-05
leaf_weight=32 1084 23 23 23 221 92 274 107 1405 334 450
leaf_count=32 1084 23 23 23 221 92 274 107 1405 334 450
internal_value=0 -9.3839e-08 -3.87891e-05 -0.000110862 0 1.07558e-05 -1.10038e-06 3.31255e-05 -1.57772e-06 -9.97592e-06 3.22506e-06
internal_weight=4068 4036 69 46 3967 694 366 328 3273 1418 1855
internal_count=4068 4036 69 46 3967 694 366 328 3273 1418 1855
is_linear=0
shrinkage=0.03


Tree=266
num_leaves=23
num_cat=0
split_feature=28 28 29 35 29 0 36 20 0 20 34 27 0 34 22 29 30 36 0 28 35 22
split_gain=5.25318e-05 0.000386773 0.000591759 0.000758998 0.000654715 0.000330456 0.000329957 0.000177976 0.000578017 0.000207595 0.000465772 0.000146339 0.000711894 0.000372874 0.000144142 0.000310495 0.000173479 0.000128418 0.000120836 0.000292115 0.000119659 5.58016e-05
threshold=-3067874471.9999995 -4017549918.9999995 68.229810843602664 0.021459224759623589 39.159813233633223 1.9772322773933413 0.0050718026252717105 4.5002500295639045 2.6583603620529179 4.5725000500679025 -0.010723858871761525 1.0047256700657707 3.2667838335037236 0.040692946970568585 29.505554386759226 12.843016990410517 22.215422290527822 -0.0090805933362058701 3.4126442670822148 1771401932.0000002 0.017690428097189171 60.545037302399635
decision_type=2 2 2 2 2 2 2 2 2 2 2 2 2 2 2 2 2 2 2 2 2 2
left_child=1 5 3 4 -3 6 17 8 -2 10 -9 13 -13 -11 15 -7 -16 -1 20 -20 -10 -4
right_child=7 2 21 -5 -6 14 -8 9 18 11 -12 12 -14 -15 16 -17 -18 -19 19 -21 -22 -23
leaf_value=0 0.00014807879847663055 0 3.9554159374576857e-05 0 -0.00023352517683318516 0 0 0 1.4076685226924132e-05 1.4966255091366375e-06 -0.00014687876524334037 0.0001183421939409451 0 -4.3758684628986793e-05 3.9537978765828705e-05 -0.0001257849987743465 -5.3233420447084312e-06 0.00014185779757099225 7.9854734328353832e-05 0 -1.5694030782773312e-05 0
leaf_weight=23 31 48 32 50 40 23 23 43 235 2175 28 55 85 173 91 26 484 35 60 22 248 38
leaf_count=23 31 48 32 50 40 23 23 43 235 2175 28 55 85 173 91 26 484 35 60 22 248 38
internal_value=0 -6.09871e-06 -4.28383e-05 -8.13745e-05 -0.000134661 4.90588e-07 6.0189e-05 2.05441e-06 1.70512e-05 -2.66639e-07 -5.12868e-05 0 3.05743e-05 -5.61866e-07 -2.46021e-06 -5.21446e-05 0 0.000100837 4.52837e-06 3.82856e-05 0 0
internal_weight=4068 913 208 138 88 705 81 3155 596 2559 71 2488 140 2348 624 49 575 58 565 82 483 70
internal_count=4068 913 208 138 88 705 81 3155 596 2559 71 2488 140 2348 624 49 575 58 565 82 483 70
is_linear=0
shrinkage=0.03


Tree=267
num_leaves=23
num_cat=0
split_feature=31 23 3 31 2 35 23 5 5 34 34 23 35 33 36 33 0 31 31 5 5 2
split_gain=5.32468e-05 0.000266544 0.000195756 0.000208928 0.000299205 0.000175014 0.000160695 0.000201636 0.0002738 0.000247818 0.000562646 0.000211065 0.000205092 0.000198666 0.000398913 0.000175084 0.000125177 8.38204e-05 5.6162e-05 8.63933e-05 4.38151e-05 4.05558e-05
threshold=-0.0091742813241021386 0.10928706352927932 3.7350000143051152 -0.010022518138332047 4.4049999713897714 0.023255823266154742 0.11560489910584161 261652358.00000003 239661510.00000003 0.018112304096294388 -0.011185780907279673 0.022136330772603911 0.046161010642381643 0.01605960851599331 0.0076336082937971473 -0.0055274697148595666 2.9036363363265996 0.0017905100489862271 -0.012795092134997797 350377345.50000006 350377345.50000006 6.2399103641510019
decision_type=2 2 2 2 2 2 2 2 2 2 2 2 2 2 2 2 2 2 2 2 2 2
left_child=1 2 16 4 -4 -5 7 8 17 10 -9 -10 -11 14 15 -8 -1 -2 19 -3 -15 -22
right_child=6 18 3 5 -6 -7 13 9 11 12 -12 -13 -14 20 -16 -17 -18 -19 -20 -21 21 -23
leaf_value=0.00011931779919498001 -7.6502374703086823e-06 0 -5.564386189967117e-05 6.2199174976766642e-05 0 0 0 0 -5.975534593919803e-05 -9.1385761662102821e-06 5.6352327415096478e-05 0 8.580778112092902e-05 2.7691139409385358e-05 0 -0.00010491204677307744 0 5.4990613378298503e-06 0 0.00011635794857187362 -3.6018997039881828e-05 0
leaf_weight=20 861 30 113 69 604 21 41 245 137 438 270 78 20 48 41 77 25 828 20 30 30 22
leaf_count=20 861 30 113 69 604 21 41 245 137 438 270 78 20 48 41 77 25 828 20 30 30 22
internal_value=0 6.49659e-06 0 -1.82271e-06 -1.06215e-05 3.49118e-05 -1.65426e-06 0 -5.28404e-06 1.14828e-05 2.61168e-05 -3.73198e-05 0 -2.43168e-05 -4.56813e-05 -7.64932e-05 6.20241e-05 0 5.90424e-05 7.4075e-05 0 -6.99682e-06
internal_weight=4068 932 852 807 717 90 3136 2877 1904 973 515 215 458 259 159 118 45 1689 80 60 100 52
internal_count=4068 932 852 807 717 90 3136 2877 1904 973 515 215 458 259 159 118 45 1689 80 60 100 52
is_linear=0
shrinkage=0.03


Tree=268
num_leaves=18
num_cat=0
split_feature=32 34 27 30 23 35 5 26 32 21 21 30 28 32 19 33 23
split_gain=5.32841e-05 0.000295402 0.000213192 0.000260847 0.000200259 0.000262855 0.000558585 0.000230034 0.000495073 0.000215899 0.000116891 0.000405606 0.000297992 0.000315658 0.000208333 0.000145093 3.93467e-05
threshold=0.021074869706332103 0.0042964959664891786 0.50717342717323521 27.15536232448564 -0.23925160948150778 0.04091024738924335 551980846.00000012 0.15219972521663386 -0.016860735766637765 6.3442500392595944 4.9273333191871656 75.785534099683602 6387192537.000001 0.055494965809056447 4.2710000038146978 0.050979380026003669 0.072537977731006467
decision_type=2 2 2 2 2 2 2 2 2 2 2 2 2 2 2 2 2
left_child=4 2 3 -2 -1 7 -7 9 -9 -6 11 15 13 -12 -13 -3 -14
right_child=1 10 -4 -5 5 6 -8 8 -10 -11 12 14 16 -15 -16 -17 -18
leaf_value=8.5120020422389879e-05 0 0 0 -0.00018619940222805957 1.2349882702097212e-06 -0.0001311319314009129 0 -6.8249747096927124e-06 5.8500327980843953e-05 -4.39711012074721e-05 6.4851051602224995e-05 0 -2.5968636718637043e-05 0 -9.7497036785371141e-05 7.0733410609356143e-05 0
leaf_weight=26 29 118 21 21 3040 42 26 80 194 98 142 20 57 20 64 26 44
leaf_count=26 29 118 21 21 3040 42 26 80 194 98 142 20 57 20 64 26 44
internal_value=0 -8.3344e-06 -6.5486e-05 -9.95779e-05 1.59423e-06 1.05713e-07 -5.69936e-05 2.12454e-06 2.84868e-05 0 0 -1.57757e-05 1.3568e-05 4.39794e-05 -7.0821e-05 0 -5.53247e-06
internal_weight=4068 562 71 50 3506 3480 68 3412 274 3138 491 228 263 162 84 144 101
internal_count=4068 562 71 50 3506 3480 68 3412 274 3138 491 228 263 162 84 144 101
is_linear=0
shrinkage=0.03


Tree=269
num_leaves=25
num_cat=0
split_feature=36 30 29 33 24 24 35 36 28 22 24 19 1 22 31 23 30 29 27 29 24 25 31 21
split_gain=5.38291e-05 0.000397645 0.000298824 0.000418467 0.00040645 0.000403169 0.000293565 0.000287373 0.000270786 0.00026694 0.000216123 0.000384301 0.000248786 0.000235726 0.000149204 0.000216452 0.000321327 0.000185775 0.000322845 0.000179366 0.000127387 0.00011133 6.88667e-05 9.48542e-06
threshold=0.0041710119616182031 16.131694512910951 47.619070595922786 0.012744664212143377 0.017350195544691551 -0.0040078074367784775 0.013961633832170466 0.0018001796993170061 -3067874471.9999995 41.610195084434842 -0.060944852185902891 4.945999956130982 5.4149999618530282 48.549710262976141 -0.0090171527750946816 0.10928706352927932 57.214736098349114 71.94446169112301 0.3559964781902199 86.648868702759373 0.013367648142597078 -0.01887547734780334 -0.012795092134997797 5.3194166620572423
decision_type=2 2 2 2 2 2 2 2 2 2 2 2 2 2 2 2 2 2 2 2 2 2 2 2
left_child=7 9 4 5 6 -4 -3 14 -5 23 11 -9 20 -14 15 16 -1 18 -16 -19 -12 -6 -17 -2
right_child=1 2 3 8 21 -7 -8 10 -10 -11 12 -13 13 -15 17 22 -18 19 -20 -21 -22 -23 -24 -25
leaf_value=1.6310838393902681e-05 -0.00012921338652051602 0 0 -3.5309149064992761e-05 -3.7278600098090839e-05 -7.1906178717952179e-05 6.1571439662309093e-05 0.00014764768589850302 1.3671487987085356e-05 0 -3.2414041162546602e-05 0 0 7.4057563498866559e-05 0 7.2479791651283178e-05 -2.3833008638022931e-05 2.3010477131465856e-05 -3.2013668567209081e-05 -1.2376319405032677e-05 2.2960609189619819e-06 0 0 0
leaf_weight=538 38 41 112 124 72 162 211 37 476 26 109 30 27 81 492 60 257 285 511 129 96 112 21 21
leaf_count=538 38 41 112 124 72 162 211 37 476 26 109 30 27 81 492 60 257 285 511 129 96 112 21 21
internal_value=0 -4.59518e-06 0 -1.06243e-05 1.97599e-05 -4.16412e-05 4.61136e-05 2.6652e-06 0 -6.74653e-05 2.70254e-05 8.30585e-05 5.42675e-06 4.63907e-05 -6.45396e-08 8.202e-06 0 -7.29219e-06 -1.5249e-05 4.7392e-06 -1.53935e-06 -4.31661e-08 5.59355e-05 -0.000103049
internal_weight=4068 1395 1310 874 436 274 252 2673 600 85 380 67 313 108 2293 876 795 1417 1003 414 205 184 81 59
internal_count=4068 1395 1310 874 436 274 252 2673 600 85 380 67 313 108 2293 876 795 1417 1003 414 205 184 81 59
is_linear=0
shrinkage=0.03


Tree=270
num_leaves=22
num_cat=0
split_feature=32 35 2 26 5 33 13 3 28 3 36 29 36 25 32 32 26 5 28 36 33
split_gain=5.40461e-05 0.000214087 0.000265358 0.000405651 0.000289757 0.000135205 0.000505679 0.000409022 0.00108168 0.000380583 0.000207243 0.000148419 0.000374362 0.000464978 0.000334855 0.000387331 0.000237745 0.000226865 0.000130965 8.95609e-05 7.59627e-05
threshold=0.021074869706332103 0.043638018362406016 5.700106382369996 0.10511461869680959 377949616.00000006 0.012972997880415506 -1.0000000180025095e-35 4.6849999427795419 351243130.00000006 4.9849998950958261 -0.0017497810106705898 50.877170967820085 0.0052980175202570331 0.0088850167821165563 -0.0021187020569679578 -0.010247649247149436 0.10728181675391874 398713138.00000006 899577541.50000012 0.0093385406403454687 0.036924099902800329
decision_type=2 2 2 2 2 2 2 2 2 2 2 2 2 2 2 2 2 2 2 2 2
left_child=5 2 3 19 -5 11 10 8 -8 -9 -7 14 16 -14 15 -1 -13 -16 -4 -2 -20
right_child=1 -3 18 4 -6 6 7 9 -10 -11 -12 12 13 -15 17 -17 -18 -19 20 -21 -22
leaf_value=4.1991535359977134e-06 -2.357925552316764e-05 4.6075299358341713e-05 6.7201414621895393e-05 -6.1528362199201852e-06 -0.0001225366927185896 0 1.4632136510278033e-05 -4.6588383087155404e-05 0.00026463895182672202 2.0517122362572528e-05 -0.00011173239428665296 1.32655259035895e-05 -0.0001011072048484036 0 1.2280336465778476e-05 -3.0691985712319061e-05 -2.2121429518972164e-05 0.00012039124639074738 0 2.079817548605821e-05 -3.6577256927959992e-05
leaf_weight=910 74 33 26 123 68 22 159 83 24 392 31 423 85 115 578 370 285 29 96 91 51
leaf_count=910 74 33 26 123 68 22 159 83 24 392 31 423 85 115 578 370 285 29 96 91 51
internal_value=0 -8.44627e-06 -1.75255e-05 -3.35711e-05 -6.3329e-05 1.56083e-06 1.35088e-05 2.41286e-05 6.3931e-05 2.46952e-06 -6.16377e-05 -4.05588e-07 -1.1231e-05 -4.74996e-05 3.21403e-06 -3.54461e-06 0 2.24059e-05 0 0 0
internal_weight=4068 562 529 356 191 3506 711 658 183 475 53 2795 908 200 1887 1280 708 607 173 165 147
internal_count=4068 562 529 356 191 3506 711 658 183 475 53 2795 908 200 1887 1280 708 607 173 165 147
is_linear=0
shrinkage=0.03


Tree=271
num_leaves=21
num_cat=0
split_feature=31 33 28 27 29 26 20 0 22 36 27 27 35 27 28 25 0 35 28 25
split_gain=5.27262e-05 0.000150425 0.000249737 0.000158993 0.000457935 0.000716508 0.000213855 0.000205804 0.000244455 0.000132411 0.000410611 0.000630605 0.000350866 0.000166165 0.000162279 0.000294174 0.000159746 9.54408e-05 1.44805e-05 1.0324e-05
threshold=0.010836225600178719 0.044108586586554151 1771401932.0000002 0.83204860017633075 65.848223923122859 0.12007040849623064 6.8747499585151681 2.2112704515457158 64.332265242555579 0.0062289419885997637 0.5517068514639637 0.89723536805469772 0.022648047355983646 0.2177333169797992 6096552247.500001 0.022144260888002115 4.1257593631744394 0.013863153547879996 1117526601.5000002 0.037368063496585883
decision_type=2 2 2 2 2 2 2 2 2 2 2 2 2 2 2 2 2 2 2 2
left_child=1 3 -3 4 6 -6 -1 19 -9 10 12 17 18 -11 15 -15 -16 -12 -2 -5
right_child=9 2 -4 7 5 -7 -8 8 -10 13 11 -13 -14 14 16 -17 -18 -19 -20 -21
leaf_value=0 -2.3685855799001344e-05 0.00010294062404348076 0 3.2392851931100343e-05 0 8.1753127095797023e-05 -5.4766675140837439e-05 -5.0997122847115144e-05 0 -6.5668887477030472e-05 0 0 0.00012202264232366781 3.3746969892551491e-05 -4.67450181710179e-05 -7.0407996344590594e-06 0 -0.00017817692505760552 0 0
leaf_weight=2151 26 35 34 21 371 163 65 192 213 33 24 46 21 330 82 122 62 37 20 20
leaf_count=2151 26 35 34 21 371 163 65 192 213 33 24 46 21 330 82 122 62 37 20 20
internal_value=0 1.90108e-06 4.61519e-05 5.66932e-09 3.61217e-06 2.88724e-05 -1.12221e-06 -1.55026e-05 -2.6271e-05 -6.66292e-06 -2.98207e-05 -6.99722e-05 0 0 3.37937e-06 1.61031e-05 -1.57235e-05 -0.000133682 -5.91e-06 1.7681e-05
internal_weight=4068 3265 69 3196 2750 534 2216 446 405 803 174 107 67 629 596 452 144 61 46 41
internal_count=4068 3265 69 3196 2750 534 2216 446 405 803 174 107 67 629 596 452 144 61 46 41
is_linear=0
shrinkage=0.03


Tree=272
num_leaves=22
num_cat=0
split_feature=31 23 25 23 24 25 36 24 5 34 34 25 5 29 26 32 32 32 23 21 31
split_gain=5.20287e-05 0.000170446 0.000265835 0.000204119 0.000329944 0.000276999 0.00031005 0.000245207 0.000155423 0.000137482 0.000327067 0.000302388 0.000234811 0.000195055 0.000181415 0.000452645 0.000244311 6.01015e-05 2.93366e-05 7.78097e-05 2.98089e-05
threshold=0.010836225600178719 0.1313414008833749 0.038808166511937678 0.070501919185069553 0.056422201821049199 -0.073966259599290721 -0.018584222933925865 0.074424883849290871 225185141.50000003 0.046399442610868931 0.052128158729717329 0.012032311892693224 208099367.50000003 80.559684084322768 0.14692044286039266 0.020150800778715231 0.020150800778715231 -0.0058997050023670275 0.071525435164105491 4.8325833439826971 0.018903889045721271
decision_type=2 2 2 2 2 2 2 2 2 2 2 2 2 2 2 2 2 2 2 2 2
left_child=1 3 17 5 8 -1 -7 -6 -5 11 -11 14 -13 -14 15 -2 -16 -3 19 -12 -20
right_child=9 2 -4 4 7 6 -8 -9 -10 10 18 12 13 -15 16 -17 -18 -19 20 -21 -22
leaf_value=0.00010941033505580641 -5.2533521497929218e-05 2.9472641585995132e-05 0.0001043492060570759 0 3.4097794726354375e-05 -3.6473162040878235e-05 5.1931510666249848e-06 -1.9413063830234279e-05 -0.00012421626995700799 -0.00011209417555037461 3.9849132992371562e-05 0 7.3286056626491584e-05 0 7.7487939806790602e-05 0 0 -6.4075277138785215e-06 0 0 -4.0102181457626008e-05
leaf_weight=23 236 59 37 22 87 164 2451 317 38 36 44 38 107 45 37 135 32 67 20 40 33
leaf_count=23 236 59 37 22 87 164 2451 317 38 36 44 38 107 45 37 135 32 67 20 40 33
internal_value=0 1.86196e-06 3.17795e-05 0 -1.80453e-05 3.5143e-06 1.43157e-06 -4.60195e-07 -8.6337e-05 -6.64915e-06 -3.03304e-05 0 3.14759e-05 5.12608e-05 -1.37999e-05 -2.56524e-05 6.45879e-06 0 0 0 -2.22987e-05
internal_weight=4068 3265 163 3102 464 2638 2615 404 60 803 173 630 190 152 440 371 69 126 137 84 53
internal_count=4068 3265 163 3102 464 2638 2615 404 60 803 173 630 190 152 440 371 69 126 137 84 53
is_linear=0
shrinkage=0.03


Tree=273
num_leaves=22
num_cat=0
split_feature=32 23 36 36 29 21 26 19 0 0 27 27 32 21 26 31 36 26 21 23 5
split_gain=5.22628e-05 0.000382016 0.00030866 0.000280922 0.000381025 0.000361132 0.000555403 0.000212533 0.000633493 0.000503689 0.000195265 0.000355707 0.000190046 0.000172051 0.000166176 0.000437962 0.000248385 0.000145417 0.000137429 6.50538e-05 3.47061e-05
threshold=0.01845328238460409 -0.087372818937493588 0.013584636813322537 0.008826123886219105 85.541034946792806 4.3864167074362443 0.12629177649444193 4.3110000133514417 1.9772322773933413 1.8775133490562441 0.20199438151163843 0.028532294942094836 -1.0000000180025095e-35 4.4346666375796007 0.15219972521663386 0.0021075321870379642 0.0041710119616182031 0.077691585627944967 4.7040833195050569 0.034827588334285682 297873381.00000006
decision_type=2 2 2 2 2 2 2 2 2 2 2 2 2 2 2 2 2 2 2 2 2
left_child=7 2 20 4 13 19 -7 8 12 -9 11 -10 -1 -3 16 -16 -11 -12 -6 -5 -2
right_child=1 3 -4 5 18 6 -8 9 10 14 17 -13 -14 -15 15 -17 -18 -19 -20 -21 -22
leaf_value=0 -3.5174314829658158e-05 0 -0.00014110946036030093 0 0 7.2675875237296746e-05 0 -0.00014028845292549311 2.719520419369486e-06 2.1930710527869642e-06 0 -6.2031323511266661e-05 0.00019751821545820246 -6.8416095718218457e-05 0 7.3323378854057178e-05 -1.840518183621699e-05 2.9679986799167633e-05 4.7912658273449847e-05 -5.749330208262149e-05 2.9282921736081098e-06
leaf_weight=42 25 39 33 33 34 174 94 23 52 1837 67 98 24 134 210 99 666 283 54 26 21
leaf_count=42 25 39 33 33 34 174 94 23 52 1837 67 98 24 134 210 99 666 283 54 26 21
internal_value=0 -7.49507e-06 -6.94287e-05 0 -2.23503e-05 1.93443e-05 3.95657e-05 1.67669e-06 1.87742e-05 -6.79165e-07 9.95101e-07 -1.96108e-05 0.000107873 -5.22649e-05 0 2.11775e-05 -2.08973e-06 1.83983e-05 2.39947e-06 -2.1659e-05 0
internal_weight=4068 667 79 588 261 327 268 3401 566 2835 500 150 66 173 2812 309 2503 350 88 59 46
internal_count=4068 667 79 588 261 327 268 3401 566 2835 500 150 66 173 2812 309 2503 350 88 59 46
is_linear=0
shrinkage=0.03


Tree=274
num_leaves=24
num_cat=0
split_feature=31 23 24 23 24 24 31 7 22 5 34 34 27 30 21 30 36 31 3 35 30 31 22
split_gain=5.10828e-05 0.000159513 0.000236523 0.000193078 0.000312554 0.000230343 0.000195116 0.000400023 0.000267573 0.000143628 0.000132724 0.000299854 0.000277396 0.00039054 0.000280725 0.000159248 0.000131904 0.00026371 7.77961e-05 3.3527e-05 0.000459634 2.48009e-05 1.77728e-05
threshold=0.010836225600178719 0.1313414008833749 0.12927104864464697 0.070501919185069553 0.056422201821049199 0.074424883849290871 0.0018315499621706091 1.0000000180025095e-35 50.592244721287983 225185141.50000003 0.046399442610868931 0.052128158729717329 0.86362640584631212 38.979289427897449 6.0622067252794904 23.849620396001662 0.011666938680285946 0.023095205212593676 5.700106382369996 0.021739109965638447 80.012334528287454 -0.009756088294657626 68.21126760416108
decision_type=2 2 2 2 2 2 2 2 2 2 2 2 2 2 2 2 2 2 2 2 2 2 2
left_child=1 3 18 6 9 -6 8 -8 -1 -5 12 -12 13 15 -15 -2 -14 -18 -3 -13 -21 -4 -23
right_child=10 2 21 4 5 -7 7 -9 -10 -11 11 19 16 14 -16 -17 17 -19 -20 20 -22 22 -24
leaf_value=-8.8806238386207214e-06 -9.4635240178648286e-06 0.00012943967110370339 2.2839236797815988e-05 0 3.3041373940171882e-05 -1.8813600725509028e-05 2.4707380316719604e-05 -4.4848138213102863e-05 1.6533274370050977e-05 -0.00012049177419884664 -0.00010843230063212425 1.1494769910849862e-05 0 -6.2306584318045415e-05 0 2.9599822112277518e-05 8.6274457852912858e-05 0 0 1.1528040171611562e-07 -9.4607177172048202e-05 0 -2.2588312998687147e-05
leaf_weight=1345 106 26 40 22 87 317 743 56 494 38 36 33 59 173 29 154 72 37 27 55 49 36 34
leaf_count=1345 106 26 40 22 87 317 743 56 494 38 36 33 59 173 29 154 72 37 27 55 49 36 34
internal_value=0 1.82261e-06 3.07687e-05 0 -1.7529e-05 -2.17493e-07 3.43726e-06 1.60732e-05 -4.22074e-07 -8.39817e-05 -6.61367e-06 -2.98832e-05 0 -1.22239e-05 -4.55513e-05 2.14246e-06 3.27781e-05 5.23789e-05 8.3167e-05 0 -1.57431e-05 0 -4.47435e-06
internal_weight=4068 3265 163 3102 464 404 2638 799 1839 60 803 173 630 462 202 260 168 109 53 137 104 110 70
internal_count=4068 3265 163 3102 464 404 2638 799 1839 60 803 173 630 462 202 260 168 109 53 137 104 110 70
is_linear=0
shrinkage=0.03


Tree=275
num_leaves=23
num_cat=0
split_feature=33 33 5 3 32 25 28 23 33 23 32 30 30 1 0 20 21 33 33 36 0 24
split_gain=5.25892e-05 0.000378014 0.000429383 0.000511379 0.000384856 0.000498946 0.000338259 0.000320652 0.000322219 0.000621465 0.000453451 0.000411685 0.000643486 0.000271816 0.000560363 0.000275335 0.000242722 0.000222118 0.000185121 0.000103165 2.36046e-05 0.000105964
threshold=-0.013829448649301522 -0.0042689831777323875 186194030.00000003 4.7550001144409189 -0.0032921979760481275 -0.026014838302258755 -3637515563.9999995 -0.2196520755234119 -0.025597348842542608 0.011406366315590334 -0.029796621623877525 20.064042802732974 11.945629238292414 4.7049999237060556 3.0134993791580205 5.5374298453330999 3.9815833548704789 -0.048795043658958363 -0.014308467660139377 0.0068336874530457161 3.3518227338790898 -0.034321798630860142
decision_type=2 2 2 2 2 2 2 2 2 2 2 2 2 2 2 2 2 2 2 2 2 2
left_child=7 2 20 16 5 -3 -7 -1 9 10 -9 12 -10 14 -6 -15 -4 -11 -13 -5 21 -2
right_child=1 4 3 19 13 6 -8 8 11 17 -12 18 -14 15 -16 -17 -18 -19 -20 -21 -22 -23
leaf_value=9.6216206690077612e-05 0 -3.7618639863709941e-05 0 0 5.271945543069236e-05 0 6.13184362003227e-05 0 0 0 -6.7663807650450675e-05 0 0.0001239673799714017 -2.2155319136373294e-05 -2.4584983130962343e-06 6.6239081972115596e-07 -0.00010986061971748936 4.5632736095109094e-05 7.9896770144716401e-05 -4.6736029686912428e-05 0 3.1829718837560436e-05
leaf_weight=35 58 37 28 194 222 57 281 131 42 42 215 415 74 777 323 643 116 136 26 43 58 115
leaf_count=35 58 37 28 194 222 57 281 131 42 42 215 415 74 777 323 643 116 136 26 43 58 115
internal_value=0 -1.92831e-06 -2.34784e-05 -4.35819e-05 2.42662e-06 3.08046e-05 4.71767e-05 5.70716e-06 0 -1.38744e-05 -4.08203e-05 1.84242e-05 6.94277e-05 -1.46367e-06 1.45196e-05 -9.71123e-06 -9.05991e-05 2.16528e-05 0 -2.33542e-06 0 1.10782e-05
internal_weight=4068 2952 612 381 2340 375 338 1116 1081 524 346 557 116 1965 545 1420 144 178 441 237 231 173
internal_count=4068 2952 612 381 2340 375 338 1116 1081 524 346 557 116 1965 545 1420 144 178 441 237 231 173
is_linear=0
shrinkage=0.03


Tree=276
num_leaves=26
num_cat=0
split_feature=21 21 30 26 35 35 0 3 21 0 22 0 0 23 21 28 36 0 23 27 23 0 24 36 22
split_gain=5.12913e-05 0.000508248 0.000266498 0.000283524 0.000235622 0.000485572 0.000402911 0.000343762 0.000319539 0.000231206 0.000227864 0.000219845 0.000422072 0.000320641 0.000313498 0.000297646 0.000288863 0.000273194 0.000465858 0.000929054 0.000258937 0.000229847 0.000224507 0.000207739 3.99541e-05
threshold=5.0926666378974925 4.8885833422342948 85.906966706984363 0.086269774609634392 0.017857125941283743 0.02119801214058277 3.5603520870208745 4.5850000381469735 3.7492500106493636 2.7285484075546269 41.887794132825881 2.5500261783599858 2.3943353891372685 0.083328995793085628 5.4028333346049005 -4151668514.9999995 0.0062289419885997637 3.1382182836532597 -0.12921240768228956 0.45554137883938545 -0.083916348330467891 3.6513006687164311 0.010952134655589656 0.0034512503110957276 28.275551550681762
decision_type=2 2 2 2 2 2 2 2 2 2 2 2 2 2 2 2 2 2 2 2 2 2 2 2 2
left_child=1 4 3 -3 8 6 -6 -7 -1 -10 -5 12 14 16 15 -2 -14 18 24 -20 -16 22 -19 -23 -13
right_child=11 2 -4 10 5 7 -8 -9 9 -11 -12 17 13 -15 20 -17 -18 21 19 -21 -22 23 -24 -25 -26
leaf_value=8.698292583600392e-05 0 0 0 0 -6.273959653081732e-05 1.7198484865584183e-05 0 -3.0565780275786646e-05 2.3739736533182532e-05 -1.0610270502498332e-05 9.1167490721562577e-05 0 -0.0001112947667200829 0 5.8784792397877509e-05 -7.2348971871267822e-05 0 -3.0968164527083376e-05 0.00013590072407817117 0 0 2.7688465369611587e-05 0 -1.6049959359431158e-06 -4.0169614664915857e-05
leaf_weight=46 107 79 33 50 242 417 35 199 290 396 142 21 92 53 87 92 45 375 81 109 246 311 274 220 26
leaf_count=46 107 79 33 50 242 417 35 199 290 396 142 21 92 53 87 92 45 375 81 109 246 311 274 220 26
internal_value=0 3.6731e-06 3.97695e-05 5.15641e-05 -1.2357e-06 -1.31029e-05 -4.61568e-05 0 9.14367e-06 0 7.12785e-05 -3.06806e-06 -1.71498e-05 -5.58162e-05 0 -3.28003e-05 -8.0154e-05 1.99066e-06 3.23787e-05 5.89978e-05 1.4282e-05 -1.57277e-06 -1.55857e-05 9.90514e-06 -1.14326e-05
internal_weight=4068 1929 304 271 1625 893 277 616 732 686 192 2139 722 190 532 199 137 1417 237 190 333 1180 649 531 47
internal_count=4068 1929 304 271 1625 893 277 616 732 686 192 2139 722 190 532 199 137 1417 237 190 333 1180 649 531 47
is_linear=0
shrinkage=0.03


Tree=277
num_leaves=31
num_cat=0
split_feature=21 21 5 30 35 35 5 0 5 19 0 19 19 0 32 0 5 31 25 29 5 26 29 25 29 26 3 1 30 35
split_gain=4.89061e-05 0.000475239 0.000353184 0.000684916 0.000220097 0.000451773 0.000424584 0.000386246 0.000383325 0.000363267 0.000210703 0.000208543 0.00050572 0.000718804 0.000869389 0.000278367 0.000267525 0.000247859 0.000247032 0.000745395 0.000216311 0.000171184 0.000167271 0.000108132 9.28536e-05 5.86253e-05 0.00010277 5.77157e-05 1.90566e-05 2.04208e-06
threshold=5.0926666378974925 4.8885833422342948 264505266.50000003 70.7478579854277 0.017857125941283743 0.02119801214058277 319301681.50000006 3.5603520870208745 129172326.00000001 4.7199999332427991 2.3510196208953862 5.4269999980926524 5.5327129364013681 3.3585855960845952 0.0018066844178297183 3.6513006687164311 469336686.00000006 0.0046349959482040468 0.020629849759090168 43.356337983476436 161802055.50000003 0.10054046386073921 31.750151769664431 -0.010464617170446994 78.573099662676867 0.14293158553693436 5.305000066757203 4.7449998855590829 56.043207983293293 0.017857125941283743
decision_type=2 2 2 2 2 2 2 2 2 2 2 2 2 2 2 2 2 2 2 2 2 2 2 2 2 2 2 2 2 2
left_child=1 4 23 21 6 7 8 -6 -1 -7 -8 18 13 14 -13 16 -14 -17 19 22 -21 -4 -2 27 -25 26 -20 -3 -15 -5
right_child=11 2 3 29 5 9 10 -9 -10 -11 -12 12 15 28 -16 17 -18 -19 25 20 -22 -23 -24 24 -26 -27 -28 -29 -30 -31
leaf_value=-1.4949544618804755e-05 -1.3968214713176425e-05 0 0 6.9246536286941874e-06 -6.0858185987253389e-05 1.4862472716420726e-05 0 0 3.1847055919975026e-05 -3.8412276611693705e-05 -0.00010477150422739834 0.00016958762611281813 -2.2186774769929525e-05 -2.2426752672807915e-05 0 3.0201862417298295e-05 2.7686553252179067e-05 -3.8948015691330007e-06 5.4050024703750099e-05 0 -8.9829350646805479e-05 0.00017186627179177955 3.6059736641735452e-05 -3.0217011577002915e-05 0 0 0 7.602811467729923e-05 0 -4.2316761219829984e-06
leaf_weight=121 211 21 25 24 242 464 22 35 554 152 35 65 800 34 62 313 60 188 50 31 160 52 84 96 23 39 20 25 22 38
leaf_count=121 211 21 25 24 242 464 22 35 554 152 35 65 800 34 62 313 60 188 50 31 160 52 84 96 23 39 20 25 22 38
internal_value=0 3.58701e-06 3.84924e-05 7.43261e-05 -1.09891e-06 -1.26295e-05 8.86977e-06 -4.4513e-05 1.90136e-05 0 -5.85377e-05 -2.99552e-06 1.06287e-06 4.91823e-05 9.25988e-05 -3.20629e-06 -1.52165e-05 1.14221e-05 -1.85665e-05 -2.9616e-05 -7.57733e-05 0.000134022 0 0 -5.92253e-06 3.18454e-06 2.77212e-05 4.49489e-05 0 0
internal_weight=4068 1929 304 139 1625 893 732 277 675 616 57 2139 1544 183 127 1361 860 501 595 486 191 77 295 165 119 109 70 46 56 62
internal_count=4068 1929 304 139 1625 893 732 277 675 616 57 2139 1544 183 127 1361 860 501 595 486 191 77 295 165 119 109 70 46 56 62
is_linear=0
shrinkage=0.03


Tree=278
num_leaves=29
num_cat=0
split_feature=28 28 29 35 29 33 33 28 23 35 33 28 34 33 28 26 33 26 24 34 24 26 21 28 25 36 28 29
split_gain=4.99636e-05 0.000361264 0.000547947 0.000703204 0.000575275 0.000380632 0.000457873 0.000453744 0.000419711 0.000482592 0.000175496 0.000274304 0.000616042 0.000394071 0.00027227 0.000271544 0.000254394 0.000634586 0.000779272 0.000260012 0.000258952 0.00041909 0.000340758 0.00013515 0.000126628 0.000113047 9.3483e-05 4.30059e-05
threshold=-3067874471.9999995 -4017549918.9999995 68.229810843602664 0.021459224759623589 39.159813233633223 -0.024256493167270406 0.0046984916850697509 -6422537918.999999 -0.1088673550591832 0.014131507571170829 -0.016981517277265708 133157873.50000001 -0.026295433599477943 -0.048795043658958363 -503221716.99999994 0.12573177785916936 0.0036199089523475396 0.11585352383285145 0.056422201821049199 -0.0035149461049905346 -0.041569559692871121 0.16152068421934196 4.6978333393732719 -7003587844.999999 0.019715318068865048 -0.0090805933362058701 -921466911.49999988 82.139406272332792
decision_type=2 2 2 2 2 2 2 2 2 2 2 2 2 2 2 2 2 2 2 2 2 2 2 2 2 2 2 2
left_child=1 5 3 4 -3 8 7 -7 23 -10 11 12 14 25 -2 -15 17 19 -19 -12 22 -22 -18 -1 -8 -13 -14 -4
right_child=10 2 27 -5 -6 6 24 -9 9 -11 16 13 26 15 -16 -17 20 18 -20 -21 21 -23 -24 -25 -26 -27 -28 -29
leaf_value=7.4187923181692441e-05 0.00012164832436962873 0 3.1872973717771116e-05 0 -0.00022344618851154638 0 -2.7358313901522547e-05 8.0795101664094421e-05 0 -0.00011679001468433423 2.0868788275221059e-05 0 -3.7858095761605415e-05 0 0 4.497472848467322e-05 0.00011433178488089766 -8.0161023659421434e-05 0 -1.5222800770885976e-05 4.6017208865651447e-06 -6.7456951141658529e-05 4.8700737853762176e-06 0 2.453466573518336e-06 -0.00010690257152614278 1.8718023041421929e-05 0
leaf_weight=22 82 48 38 50 40 148 156 145 22 75 375 38 51 259 26 165 45 225 151 305 1029 78 263 21 116 32 31 32
leaf_count=22 82 48 38 50 40 148 156 145 22 75 375 38 51 259 26 165 45 225 151 305 1029 78 263 21 116 32 31 32
internal_value=0 -6.03193e-06 -4.14963e-05 -7.85223e-05 -0.000129803 1.8102e-07 1.51852e-05 4.2876e-05 -3.89261e-05 -7.79517e-05 1.92938e-06 1.56983e-05 4.67492e-05 0 9.47219e-05 1.45321e-05 -6.68451e-07 -1.28366e-05 -4.45098e-05 2.69675e-07 6.29279e-06 0 3.06319e-05 0 -3.62288e-06 -6.14961e-05 0 0
internal_weight=4068 913 208 138 88 705 565 293 140 97 3155 684 190 494 108 424 2471 1056 376 680 1415 1107 308 43 272 70 82 70
internal_count=4068 913 208 138 88 705 565 293 140 97 3155 684 190 494 108 424 2471 1056 376 680 1415 1107 308 43 272 70 82 70
is_linear=0
shrinkage=0.03


Tree=279
num_leaves=27
num_cat=0
split_feature=28 28 26 28 3 36 26 34 22 31 4 35 25 26 0 25 33 34 34 28 2 33 24 28 0 19
split_gain=4.83058e-05 0.000428883 0.000400959 0.000295844 0.000356716 0.000389837 0.000453656 0.000263728 0.000299417 0.000568419 0.000248591 0.000414392 0.000343395 0.000208907 0.000392371 0.0007522 0.00029029 0.000467188 0.000448444 0.000163704 6.22123e-05 4.74587e-05 4.60557e-05 4.16749e-05 8.3723e-06 2.29054e-05
threshold=3201694462.5000005 2036193434.5000002 0.14905975760825033 4493475594.500001 5.7941620349884042 -0.010628848075508691 0.10438257105369844 0.041313317230227471 59.868882855272936 0.01665129824435763 5.6208624839782724 0.0096992980978816198 0.016194161925450447 0.11025880876738735 3.2839072942733769 -0.0014887019296433918 -0.0050420662703146704 0.040692946970568585 -0.02305527333328122 2675635382.5000005 5.774350881576539 0.0018382145408214481 0.066544847123693587 2914837641.5000005 2.3943353891372685 5.9829999923706065
decision_type=2 2 2 2 2 2 2 2 2 2 2 2 2 2 2 2 2 2 2 2 2 2 2 2 2 2
left_child=1 7 19 4 5 -2 -7 10 9 -9 11 -1 -12 14 15 -5 18 -18 -15 21 -10 -3 -16 -21 -6 -26
right_child=3 2 -4 13 24 6 -8 8 20 -11 12 -13 -14 16 22 -17 17 -19 -20 23 -22 -23 -24 -25 25 -27
leaf_value=-6.3326630483705849e-05 0 2.6017439660110519e-05 -0.00015497331453285233 0.0001580316514426001 0 0 0.00010281622842603017 0.00011450293619531764 -6.8316876866851833e-06 0 -6.2556667510272739e-05 4.4940973581824643e-06 0 0 -7.4114784368709686e-06 0 1.9497476853474279e-05 -4.6067431919074031e-05 -6.2117270762609587e-05 -6.5751608208992557e-05 5.0183327628799989e-05 0 1.9367623400189532e-05 0 -3.5689668961019957e-05 0
leaf_weight=84 45 63 31 45 36 52 130 77 115 26 138 1767 48 144 228 45 402 126 196 46 20 55 77 30 22 20
leaf_count=84 45 63 31 45 36 52 130 77 115 26 138 1767 48 144 228 45 402 126 196 46 20 55 77 30 22 20
internal_value=0 -2.41762e-06 -4.21817e-05 4.29021e-06 3.11014e-05 5.20883e-05 7.28723e-05 1.9814e-07 3.10667e-05 6.9589e-05 -1.93716e-06 0 -3.52603e-05 0 1.56051e-05 7.06202e-05 -1.02835e-05 0 -3.22198e-05 -8.63173e-06 0 0 0 -4.61096e-05 0 -1.33784e-05
internal_weight=4068 2500 225 1568 305 227 182 2275 238 103 2037 1851 186 1263 395 90 868 528 340 194 135 118 305 76 78 42
internal_count=4068 2500 225 1568 305 227 182 2275 238 103 2037 1851 186 1263 395 90 868 528 340 194 135 118 305 76 78 42
is_linear=0
shrinkage=0.03


Tree=280
num_leaves=26
num_cat=0
split_feature=28 28 29 33 32 34 28 0 33 5 31 23 5 23 22 0 24 0 1 4 28 34 30 22 28
split_gain=4.80934e-05 0.000340371 0.000522251 0.000351577 0.000512057 0.000433902 0.000310474 0.000235661 0.000205724 0.000186479 0.000184186 0.000401196 0.000373822 0.000317984 0.000382654 0.000302649 0.000278124 0.00038402 0.000249348 0.000238591 0.00023002 0.000107413 7.50784e-05 4.6585e-05 3.42435e-05
threshold=-3067874471.9999995 -4017549918.9999995 68.229810843602664 -0.024256493167270406 -0.022462150878657047 -0.033278955215623122 -5453756962.499999 2.1304060220718388 -0.024818762422753157 167830716.00000003 0.0204528766394142 -0.051729235394972754 460863684.00000006 -0.13436142286339378 25.141863247435968 3.1382182836532597 -0.0015918477810232398 3.7781081199646001 5.1349999904632577 5.8189730644226083 -648585402.49999988 -0.043392332358962109 63.818829895034291 60.545037302399635 -6255268849.999999
decision_type=2 2 2 2 2 2 2 2 2 2 2 2 2 2 2 2 2 2 2 2 2 2 2 2 2
left_child=1 3 8 4 24 21 -7 -6 -3 -10 11 13 18 14 -2 -15 17 -13 -12 -20 -18 -5 -14 -4 -1
right_child=10 2 23 5 7 6 -8 -9 9 -11 12 16 22 15 -16 -17 20 -19 19 -21 -22 -23 -24 -25 -26
leaf_value=2.807515705495005e-05 5.9146392179878415e-05 0 3.6140301468277292e-05 0 0 -1.0185388246075976e-05 3.766460910823777e-05 -0.00014914208809938041 0 -0.00011482227717706761 0 -2.9709895607735401e-05 5.1352753706715304e-05 6.2496147066418335e-05 -5.724320760630468e-05 0 2.7339775429506301e-05 1.8346905961541338e-05 -0.00012918682359843014 0 0 0.00013540064930786402 0 0 0
leaf_weight=39 28 23 32 20 25 340 172 39 27 88 54 564 26 252 75 212 353 122 53 43 1334 33 39 38 37
leaf_count=39 28 23 32 20 25 340 172 39 27 88 54 564 26 252 75 212 353 122 53 43 1334 33 39 38 37
internal_value=0 -5.93674e-06 -4.03324e-05 0 -3.74765e-05 1.4551e-05 3.52054e-08 -0.000101288 -7.65164e-05 -9.29156e-05 1.87583e-06 4.70185e-06 -2.28055e-05 2.74103e-05 0 3.91754e-05 0 -1.67894e-05 -5.45744e-05 -8.35893e-05 5.80803e-06 9.80181e-05 4.39568e-06 0 0
internal_weight=4068 913 208 705 140 565 512 64 138 115 3155 2940 215 567 103 464 2373 686 150 96 1687 53 65 70 76
internal_count=4068 913 208 705 140 565 512 64 138 115 3155 2940 215 567 103 464 2373 686 150 96 1687 53 65 70 76
is_linear=0
shrinkage=0.03


Tree=281
num_leaves=30
num_cat=0
split_feature=29 29 35 25 23 22 22 25 23 22 21 23 0 0 34 2 21 20 20 33 19 31 31 23 33 22 25 20 30
split_gain=4.74217e-05 0.00042401 0.000482878 0.000352948 0.000450911 0.000433538 0.000421829 0.000412358 0.000622708 0.000382458 0.000442001 0.000325072 0.000281425 0.000276887 0.000264353 0.000221954 0.00022295 0.000208534 0.000559641 0.00040505 0.000295965 0.000337982 0.000206127 0.000188483 8.00063e-05 6.0556e-05 3.07299e-05 0.000104954 1.54588e-05
threshold=59.630545010131847 50.877170967820085 0.017790032335100986 0.025264259117048517 0.022136330772603911 55.012620523483136 58.433586288777569 0.0092137968285488699 0.11322153774441636 55.908560360013404 4.9964999993642172 0.11322153774441636 3.2787308692932133 3.2382533550262456 0.026064160199161693 5.6802954673767099 4.1796666701634733 5.7095169544219972 5.5245000243186961 -0.025597348842542608 5.8575949668884286 -0.0053908346964566803 0.014371264760401072 -0.0029195665834844671 0.022685428013643264 57.508630053777416 -0.01356852254519237 5.434750044345857 84.632390774219047
decision_type=2 2 2 2 2 2 2 2 2 2 2 2 2 2 2 2 2 2 2 2 2 2 2 2 2 2 2 2 2
left_child=1 17 26 4 5 12 9 25 -9 24 -11 14 -2 -7 -8 16 -4 18 22 -20 21 -19 -1 -22 -5 -6 -3 -28 -13
right_child=3 2 15 6 7 13 11 8 -10 10 -12 28 -14 -15 -16 -17 -18 20 19 -21 23 -23 -24 -25 -26 -27 27 -29 -30
leaf_value=-1.4010706558528304e-06 0 2.9447135156906915e-05 0 -3.3712920231529146e-05 2.4962803795605063e-05 0 0 8.3703696453779868e-05 0 0.00019061771786942384 0 0 4.7400902971853621e-05 -0.00010221106638468906 -6.5273198243705072e-05 0 -0.00010192502889312785 0 0 9.1050361338152166e-05 2.694306459032123e-05 -8.3256356578219321e-05 3.7096729725991132e-05 -1.5175016221517561e-05 8.6675235428751736e-06 -3.0796575941288621e-06 0 -4.082074163217772e-05 1.3988585725135879e-05
leaf_weight=1216 258 31 28 61 85 92 70 228 46 22 35 58 141 55 219 54 118 65 34 118 159 94 133 235 34 155 96 57 71
leaf_count=1216 258 31 28 61 85 92 70 228 46 22 35 58 141 55 219 54 118 65 34 118 159 94 133 235 34 155 96 57 71
internal_value=0 -2.49791e-06 -3.19423e-05 4.10486e-06 1.56837e-05 0 -1.21644e-05 3.60083e-05 6.15293e-05 2.00251e-05 8.42402e-05 -3.1047e-05 1.26383e-05 -4.71078e-05 -4.90511e-05 -6.42682e-05 -8.38111e-05 1.54759e-06 8.59481e-06 6.3563e-05 -1.21547e-05 -4.67741e-05 1.73251e-07 0 0 0 0 -2.12146e-06 0
internal_weight=4068 2438 384 1630 1060 546 570 514 274 152 57 418 399 147 289 200 146 2054 1501 152 553 159 1349 394 95 240 184 153 129
internal_count=4068 2438 384 1630 1060 546 570 514 274 152 57 418 399 147 289 200 146 2054 1501 152 553 159 1349 394 95 240 184 153 129
is_linear=0
shrinkage=0.03


Tree=282
num_leaves=27
num_cat=0
split_feature=31 30 30 31 36 27 35 34 23 5 5 20 20 36 0 33 36 33 23 31 31 5 2 25 31 20
split_gain=4.57875e-05 0.000251463 0.000456649 0.000465291 0.000450345 0.000387959 0.000338708 0.000152928 0.000144138 0.000195087 0.00023762 0.000231927 0.000314662 0.000285761 0.000192315 0.000185363 0.000381551 0.000163561 7.80498e-05 7.66542e-05 4.48202e-05 3.62867e-05 3.19278e-05 8.65776e-06 7.68031e-06 1.05574e-07
threshold=-0.0091742813241021386 72.742489298174235 59.239793487711616 -0.017033715298555515 0.0036968667177501033 0.75678055251121845 0.029744029338379441 0.030811061002640642 0.11560489910584161 261652358.00000003 239661510.00000003 4.6485000491142285 4.5614999771118176 -0.0065093553231440424 2.845230340957642 0.01605960851599331 0.0076336082937971473 -0.0055274697148595666 0.015147107720504318 0.0017905100489862271 -0.015919179927937951 350377345.50000006 6.2399103641510019 0.0092137968285488699 -0.012165949926298545 4.6612499952316293
decision_type=2 2 2 2 2 2 2 2 2 2 2 2 2 2 2 2 2 2 2 2 2 2 2 2 2 2
left_child=1 2 4 23 6 7 -1 18 9 10 19 12 -11 -13 -12 16 17 -10 -3 -2 -7 -17 -23 -4 -22 -5
right_child=8 5 3 25 -6 20 -8 -9 15 11 14 13 -14 -15 -16 21 -18 -19 -20 -21 24 22 -24 -25 -26 -27
leaf_value=9.2593014870708382e-07 -7.5555178407076649e-06 0 -0.00015628505017277651 -1.8069803102371539e-06 -7.5914994333400277e-05 -4.0911892989333475e-05 6.4300576472316894e-05 0 0 0 -6.8360504334397598e-05 -9.7555864835837442e-06 -8.794767008291059e-05 3.0844699125361822e-05 0 2.5590040774608371e-05 0 -0.00010156777858256693 0.00012284032911490027 4.8937653586649365e-06 1.7685378075691089e-05 -3.1514797226078735e-05 0 0 0 0
leaf_weight=466 861 24 32 29 39 24 130 20 41 252 94 77 37 607 121 48 41 77 54 828 22 30 22 20 22 50
leaf_count=466 861 24 32 29 39 24 130 20 41 252 94 77 37 607 121 48 41 77 54 828 22 30 22 20 22 50
internal_value=0 5.94977e-06 0 -5.22192e-05 9.17777e-06 3.95118e-05 1.97904e-05 7.87566e-05 -1.61824e-06 0 -5.26605e-06 1.12325e-05 -3.60877e-06 2.18881e-05 -3.52095e-05 -2.30732e-05 -4.3767e-05 -7.40826e-05 9.77408e-05 0 0 0 -4.71808e-06 -0.000122062 0 0
internal_weight=4068 932 766 131 635 166 596 98 3136 2877 1904 973 289 684 215 259 159 118 78 1689 68 100 52 52 44 79
internal_count=4068 932 766 131 635 166 596 98 3136 2877 1904 973 289 684 215 259 159 118 78 1689 68 100 52 52 44 79
is_linear=0
shrinkage=0.03


Tree=283
num_leaves=18
num_cat=0
split_feature=36 5 36 28 24 5 5 25 25 0 20 20 5 32 23 27 28
split_gain=4.99118e-05 0.000213598 0.00036111 0.000579577 0.000175632 0.000511746 0.00028068 0.000190523 0.000179374 0.000145396 0.000320581 0.000439013 0.000354484 0.000172936 0.000270013 0.000226041 1.7736e-05
threshold=-0.018126889674538862 589471183.50000012 0.022643640255677205 1616395567.5000002 0.072809277130864034 469336686.00000006 325331797.50000006 -0.0124459448938709 0.0097822594373506641 3.7098116874694829 5.7095169544219972 5.5374298453330999 184540194.50000003 -0.0032921979760481275 0.0042251633002403652 0.086025672266493575 3801011379.0000005
decision_type=2 2 2 2 2 2 2 2 2 2 2 2 2 2 2 2 2
left_child=4 9 3 -3 5 6 8 -8 -1 10 11 -2 -12 15 -15 -11 -6
right_child=1 2 -4 -5 16 -7 7 -9 -10 13 12 -13 -14 14 -16 -17 -18
leaf_value=-6.3278047337467658e-05 -2.4743998010682454e-06 0.0001925721912631546 0 0 2.5735978515097993e-05 -0.00015064071832685585 0.00011735079283548043 0 0 0 -7.2821763799863715e-05 3.7942179207812053e-05 -3.355833042919912e-06 3.3908679325823575e-05 -1.6165492746838736e-05 5.1720471346026953e-05 0
leaf_weight=77 2313 28 27 30 24 29 20 29 30 28 118 265 426 151 265 174 34
leaf_count=77 2313 28 27 30 24 29 20 29 30 28 118 265 426 151 265 174 34
internal_value=0 9.1547e-07 4.79232e-05 9.46451e-05 -1.30994e-05 -3.28531e-05 0 4.63166e-05 -3.70833e-05 0 -2.78506e-06 5.17799e-07 -2.39481e-05 1.3135e-05 0 3.60247e-05 0
internal_weight=4068 3825 85 58 243 185 156 49 107 3740 3122 2578 544 618 416 202 58
internal_count=4068 3825 85 58 243 185 156 49 107 3740 3122 2578 544 618 416 202 58
is_linear=0
shrinkage=0.03


Tree=284
num_leaves=27
num_cat=0
split_feature=28 28 33 27 28 3 1 26 30 21 27 27 27 33 25 5 23 35 21 21 29 33 35 23 24 4
split_gain=4.70049e-05 0.000409974 0.000370449 0.000459405 0.000275774 0.000333485 0.000361919 0.000249148 0.000634987 0.000884697 0.000382343 0.000220834 0.000360684 0.00049416 0.000287323 0.00021156 0.000196125 0.000184679 0.000349701 0.00034624 0.000151437 1.64655e-05 7.46907e-05 7.95512e-06 2.88436e-06 1.41539e-07
threshold=3201694462.5000005 2036193434.5000002 0.0018382145408214481 0.92822898829904099 4493475594.500001 5.7941620349884042 4.805000066757203 0.14023931725532626 51.185025985737745 5.6926098148028066 0.26693363545293508 0.040127983619483533 0.53355536374467805 0.010223221843753684 0.0020683140462584922 353680854.00000006 -0.12921240768228956 0.017790032335100986 3.7492500106493636 5.6579999963442491 50.877170967820085 -0.013636332520440051 0.020042367980969193 0.025749472150613077 -0.035344286455777967 4.6050000190734872
decision_type=2 2 2 2 2 2 2 2 2 2 2 2 2 2 2 2 2 2 2 2 2 2 2 2 2 2
left_child=1 7 21 20 5 6 25 17 10 -10 -9 15 13 -13 -14 -6 -8 18 -1 -19 -4 22 -3 24 -7 -2
right_child=4 2 3 -5 11 23 16 8 9 -11 -12 12 14 -15 -16 -17 -18 19 -20 -21 -22 -23 -24 -25 -26 -27
leaf_value=8.6371752715418156e-05 0 0 0 0 -7.6552061729943987e-05 0 0 2.9996046647009117e-05 0.00014323635683970252 0 -6.2059987837916335e-05 1.9236997007247121e-06 -4.8919969600956589e-05 9.146762537851507e-05 0 0 8.3072699081505582e-05 -5.7070909582049832e-06 0 -0.00011141860515324987 -0.00013644090142446707 1.1580874960893225e-05 -4.9889898229316111e-05 0 -2.05503627446226e-05 -2.1291524938264554e-06
leaf_weight=45 20 22 20 32 66 23 23 78 77 41 71 436 139 83 518 21 156 936 992 35 68 53 30 32 23 28
leaf_count=45 20 22 20 32 66 23 23 78 77 41 71 436 139 83 518 21 156 936 992 35 68 53 30 32 23 28
internal_value=0 -2.49957e-06 -4.13347e-05 -7.73198e-05 4.12515e-06 3.00159e-05 5.0319e-05 2.42916e-08 2.83133e-05 8.15601e-05 0 0 1.23514e-06 2.20379e-05 -1.06334e-05 -4.75528e-05 7.09175e-05 -2.24451e-06 4.57622e-06 -1.26179e-05 -0.000113327 0 -1.21549e-05 0 -1.24622e-05 0
internal_weight=4068 2500 225 120 1568 305 227 2275 267 118 149 1263 1176 519 657 87 179 2008 1037 971 88 105 52 78 46 48
internal_count=4068 2500 225 120 1568 305 227 2275 267 118 149 1263 1176 519 657 87 179 2008 1037 971 88 105 52 78 46 48
is_linear=0
shrinkage=0.03


Tree=285
num_leaves=25
num_cat=0
split_feature=28 28 33 32 29 35 29 21 20 29 31 23 25 33 23 26 24 1 30 23 23 20 28 20
split_gain=4.66873e-05 0.000328308 0.000276297 0.000444545 0.000329133 0.000220376 0.000209463 0.00020875 0.000184084 0.000246296 0.0001761 0.000368544 0.00037452 0.000323199 0.000295776 0.000251034 0.000248342 0.000235092 0.000211247 0.000203063 0.00017008 0.000152683 1.18556e-05 5.71294e-07
threshold=-3067874471.9999995 -3462897049.9999995 -0.024256493167270406 -0.021602865505715215 49.659637809851013 0.016336909656044892 57.004682213314098 4.1595833460489917 5.4930000543594373 42.069290609413315 0.0204528766394142 -0.051729235394972754 0.051975214081887135 0.050979380026003669 -0.13436142286339378 0.10355777855543107 -0.00095623979862411183 5.1349999904632577 37.994034480213529 0.023606143263816385 0.10719385984923015 6.4849999904632574 -6255268849.999999 4.7099999785423288
decision_type=2 2 2 2 2 2 2 2 2 2 2 2 2 2 2 2 2 2 2 2 2 2 2 2
left_child=1 2 3 22 7 -5 -6 -4 9 -3 11 14 16 17 18 -16 -13 23 -2 -15 -14 -19 -1 -12
right_child=10 8 4 5 6 -7 -8 -9 -10 -11 13 12 20 19 15 -17 -18 21 -20 -21 -22 -23 -24 -25
leaf_value=1.59178851885752e-05 1.9192545297062041e-06 0 0 0 -5.7171048158614268e-05 -0.00013210029029976799 0 4.7529604575366012e-05 0 -0.00014480374153304703 -3.3040034768592742e-06 -1.8260461759688267e-05 0 0 0 5.3847984500408959e-05 2.3293991528003089e-06 -9.5166811048411689e-05 -7.0596059982119003e-05 8.9862957831499365e-05 0.00013015332241506178 0 -2.4212669511470524e-07 0
leaf_weight=42 65 21 52 20 59 46 335 231 25 34 47 686 26 21 159 305 1633 82 38 23 28 21 48 21
leaf_count=42 65 21 52 20 59 46 335 231 25 34 47 686 26 21 159 305 1633 82 38 23 28 21 48 21
internal_value=0 -5.93779e-06 0 -3.63306e-05 7.93463e-06 -9.57595e-05 -3.43634e-06 3.43582e-05 -6.39591e-05 -9.46238e-05 1.76467e-06 4.54936e-06 0 -2.23518e-05 2.63095e-05 3.76748e-05 -2.46835e-06 -4.8021e-05 0 9.2635e-06 7.72612e-05 -7.66757e-05 0 0
internal_weight=4068 913 833 156 677 66 394 283 80 55 3155 2940 2373 215 567 464 2319 171 103 44 54 103 90 68
internal_count=4068 913 833 156 677 66 394 283 80 55 3155 2940 2373 215 567 464 2319 171 103 44 54 103 90 68
is_linear=0
shrinkage=0.03


Tree=286
num_leaves=23
num_cat=0
split_feature=0 0 24 0 32 24 20 32 34 1 5 30 23 23 27 27 32 30 32 23 31 26
split_gain=4.74679e-05 0.000331347 0.000284078 0.000667022 0.000311492 0.000550437 0.000476854 0.000326154 0.000373115 0.000318461 0.000298358 0.00101783 0.000274851 0.00023284 0.000150427 0.000135219 0.000324478 0.000573236 0.000463653 0.000153697 0.000107356 8.94217e-05
threshold=3.1215580701828007 3.0965428352355961 0.011942954822788497 3.6153928041458134 -0.0015432598943171392 0.044186778921987462 5.9034999847412122 0.049228880625704748 0.063899757748505773 5.0250000953674325 281021107.00000006 35.060911284661948 0.0042251633002403652 0.031311551182834581 0.28575567725263623 0.99537511081066421 0.0084263901065806408 75.785534099683602 -1.0000000180025095e-35 0.023606143263816385 0.0026742722057352401 0.099534809893592133
decision_type=2 2 2 2 2 2 2 2 2 2 2 2 2 2 2 2 2 2 2 2 2 2
left_child=1 15 3 10 5 6 -4 8 -6 -7 14 -12 20 -3 -2 16 18 -18 -1 -17 -5 -21
right_child=2 13 4 12 7 9 -8 -9 -10 -11 11 -13 -14 -15 -16 19 17 -19 -20 21 -22 -23
leaf_value=-2.7130867811263448e-06 -4.2583244935186684e-05 9.2927587834764534e-05 0.00010597105933674551 0 -3.4665153030245888e-06 -4.5378628833496943e-05 0 8.9365379837970534e-05 -0.0001322621500772563 2.2475363307523769e-05 0 -0.0001341217036247123 -2.1604834468105728e-05 0 0 0 0 -7.7747934048487467e-05 3.3997318247743981e-05 0 5.9110529574413735e-05 8.5682488587501075e-05
leaf_weight=1067 117 61 108 122 504 90 43 23 26 200 60 106 52 22 291 25 452 128 385 34 106 46
leaf_count=1067 117 61 108 122 504 90 43 23 26 200 60 106 52 22 291 25 452 128 385 34 106 46
internal_value=0 2.99116e-06 -3.51686e-06 -1.71672e-05 5.19363e-06 2.56136e-05 7.20679e-05 -5.66836e-06 -1.54679e-05 0 -3.73523e-05 -7.7302e-05 1.35004e-05 6.18678e-05 -1.37322e-05 0 -1.00708e-06 -2.11062e-05 4.95643e-06 3.37388e-05 3.4665e-05 5.67496e-05
internal_weight=4068 2220 1848 854 994 441 151 553 530 290 574 166 280 83 408 2137 2032 580 1452 105 228 80
internal_count=4068 2220 1848 854 994 441 151 553 530 290 574 166 280 83 408 2137 2032 580 1452 105 228 80
is_linear=0
shrinkage=0.03


Tree=287
num_leaves=26
num_cat=0
split_feature=28 28 29 35 29 33 32 34 35 28 25 31 23 25 5 23 22 0 1 24 2 23 30 22 28
split_gain=4.49115e-05 0.000311523 0.000495838 0.000667766 0.000498113 0.000310434 0.000461641 0.000414449 0.000347153 0.000283212 0.000256065 0.000161985 0.000351496 0.000354043 0.000341619 0.000279288 0.000344291 0.000295634 0.0002284 0.000227671 0.000206671 0.000159053 7.27428e-05 4.16445e-05 3.01438e-05
threshold=-3067874471.9999995 -4017549918.9999995 68.229810843602664 0.021459224759623589 39.159813233633223 -0.024256493167270406 -0.022462150878657047 -0.033278955215623122 0.015793706628432793 -5453756962.499999 -0.0115676272800128 0.0204528766394142 -0.051729235394972754 0.051975214081887135 460863684.00000006 -0.13436142286339378 25.141863247435968 3.1382182836532597 5.1349999904632577 -0.00095623979862411183 5.9249999523162851 0.10719385984923015 63.818829895034291 60.545037302399635 -6255268849.999999
decision_type=2 2 2 2 2 2 2 2 2 2 2 2 2 2 2 2 2 2 2 2 2 2 2 2 2
left_child=1 5 3 4 -3 6 24 10 -8 -9 -7 12 15 19 18 16 -2 -17 -13 -14 -20 -15 -16 -4 -1
right_child=11 2 23 -5 -6 7 8 9 -10 -11 -12 14 13 21 22 17 -18 -19 20 -21 -22 -23 -24 -25 -26
leaf_value=2.6340979696882649e-05 5.6534633331466458e-05 0 3.4170222167299931e-05 0 -0.00021229356852478517 0.00014844800518318643 0 -1.0306060165056633e-05 -0.00014312562765157622 3.5653346766013255e-05 0 0 -1.7567371113909598e-05 0 5.0330451449972092e-05 5.9441955507075103e-05 -5.4130338391094529e-05 0 -0.00012245656435093763 2.0728288092679844e-06 0 0.00012625663709044587 0 0 0
leaf_weight=39 28 48 32 50 40 32 20 340 44 172 21 54 686 26 26 252 75 212 53 1633 43 28 39 38 37
leaf_count=39 28 48 32 50 40 32 20 340 44 172 21 54 686 26 26 252 75 212 53 1633 43 28 39 38 37
internal_value=0 -5.85795e-06 -3.87022e-05 -7.40842e-05 -0.000124198 0 -3.53903e-05 1.35608e-05 -9.60165e-05 0 9.47713e-05 1.69707e-06 4.4023e-06 0 -2.13332e-05 2.56575e-05 0 3.66881e-05 -5.19252e-05 -2.44398e-06 -7.96887e-05 7.50584e-05 3.15197e-06 0 0
internal_weight=4068 913 208 138 88 705 140 565 64 512 53 3155 2940 2373 215 567 103 464 150 2319 96 54 65 70 76
internal_count=4068 913 208 138 88 705 140 565 64 512 53 3155 2940 2373 215 567 103 464 150 2319 96 54 65 70 76
is_linear=0
shrinkage=0.03


Tree=288
num_leaves=18
num_cat=0
split_feature=36 5 36 28 24 5 5 25 25 0 20 20 5 32 23 27 28
split_gain=4.72036e-05 0.000185074 0.000343316 0.000541705 0.000167054 0.000486269 0.000262797 0.00017893 0.000171134 0.000127389 0.000303585 0.000418452 0.000332881 0.000159198 0.000235998 0.000211853 1.42016e-05
threshold=-0.018126889674538862 589471183.50000012 0.022643640255677205 1616395567.5000002 0.072809277130864034 469336686.00000006 325331797.50000006 -0.0124459448938709 0.0097822594373506641 3.7098116874694829 5.7095169544219972 5.5374298453330999 184540194.50000003 -0.0032921979760481275 0.0042251633002403652 0.086025672266493575 3801011379.0000005
decision_type=2 2 2 2 2 2 2 2 2 2 2 2 2 2 2 2 2
left_child=4 9 3 -3 5 6 8 -8 -1 10 11 -2 -12 15 -15 -11 -6
right_child=1 2 -4 -5 16 -7 7 -9 -10 13 12 -13 -14 14 -16 -17 -18
leaf_value=-6.1598873784009017e-05 -2.3217062081336667e-06 0.00018538955368310397 0 0 2.3029345161130806e-05 -0.00014687844333070876 0.0001135199376444485 0 0 0 -7.0647067928790837e-05 3.7104379258821013e-05 -3.0516247818177571e-06 3.1472548443258852e-05 -1.5382774126559452e-05 4.9534081247864411e-05 0
leaf_weight=77 2313 28 27 30 24 29 20 29 30 28 118 265 426 151 265 174 34
leaf_count=77 2313 28 27 30 24 29 20 29 30 28 118 265 426 151 265 174 34
internal_value=0 8.38863e-07 4.45975e-05 9.07269e-05 -1.27939e-05 -3.20504e-05 0 4.4673e-05 -3.59647e-05 0 -2.61929e-06 5.68648e-07 -2.32379e-05 1.22815e-05 0 3.4209e-05 0
internal_weight=4068 3825 85 58 243 185 156 49 107 3740 3122 2578 544 618 416 202 58
internal_count=4068 3825 85 58 243 185 156 49 107 3740 3122 2578 544 618 416 202 58
is_linear=0
shrinkage=0.03


Tree=289
num_leaves=25
num_cat=0
split_feature=31 30 32 30 32 36 1 27 30 22 23 5 23 22 22 5 23 5 22 36 5 22 33 36
split_gain=4.42522e-05 0.00022509 0.000425952 0.00042571 0.000581046 0.000422448 0.000316363 0.000278538 0.000270087 0.000259352 0.000136342 0.000185542 0.000225369 0.000503491 0.000283392 0.000220738 0.000192399 0.000173765 0.000426642 0.000155951 0.000109565 8.6062e-05 7.31093e-05 0.000145553
threshold=-0.0091742813241021386 72.742489298174235 -0.0067473159471259083 59.239793487711616 -0.014994657785106611 0.0036968667177501033 5.5019965171813974 0.55998734265036298 83.32288881774916 58.896913384447821 0.11560489910584161 261652358.00000003 -0.072841822037123624 57.413485028402015 42.699004590293065 239661510.00000003 0.022136330772603911 350377345.50000006 75.873060427295357 0.0072072933481855828 223233020.50000003 40.578199149865334 0.01605960851599331 0.0060759209989332229
decision_type=2 2 2 2 2 2 2 2 2 2 2 2 2 2 2 2 2 2 2 2 2 2 2 2
left_child=1 3 7 5 20 6 -1 -3 -9 -4 11 15 14 -14 -13 21 -17 22 19 -19 -5 -2 23 -12
right_child=10 2 9 4 -6 -7 -8 8 -10 -11 17 12 13 -15 -16 16 -18 18 -20 -21 -22 -23 -24 -25
leaf_value=3.439573305916945e-05 -1.6074055008797758e-05 0 1.6559848545825678e-05 0 0 -7.2811071853548791e-05 -1.3689244714836665e-06 0.00015520009481769312 0 -8.9732585775208546e-05 -4.2635951301297977e-05 0 4.5012419709322163e-05 0 -7.4804718947281765e-05 -5.5659828916524752e-05 0 -0.00016430087751553057 0 0 -0.00013273635146990521 1.4039081033379294e-06 2.471207014394908e-05 0
leaf_weight=430 289 35 26 20 57 39 166 46 31 28 92 158 373 394 48 137 78 30 27 25 54 1400 48 37
leaf_count=430 289 35 26 20 57 39 166 46 31 28 92 158 373 394 48 137 78 30 27 25 54 1400 48 37
internal_value=0 5.74032e-06 3.74772e-05 0 -5.02954e-05 9.00537e-06 1.94032e-05 7.41681e-05 0.000106064 0 -1.70466e-06 0 1.08271e-05 1.9868e-05 -8.27201e-06 -5.27161e-06 -3.41993e-05 -2.25558e-05 -5.92492e-05 -0.000110451 -0.000107391 0 0 -1.6797e-05
internal_weight=4068 932 166 766 131 635 596 112 77 54 3136 2877 973 767 206 1904 215 259 82 55 74 1689 177 129
internal_count=4068 932 166 766 131 635 596 112 77 54 3136 2877 973 767 206 1904 215 259 82 55 74 1689 177 129
is_linear=0
shrinkage=0.03


Tree=290
num_leaves=26
num_cat=0
split_feature=28 28 26 28 25 27 26 20 21 26 20 5 28 27 27 33 32 25 23 28 27 28 33 24 29
split_gain=4.57365e-05 0.0003793 0.000342148 0.000247858 0.000315732 0.000513549 0.000233518 0.000714926 0.000553335 0.000292502 0.000270155 0.000435792 0.0002306 0.000204934 0.00033528 0.000459003 0.000291323 0.000267051 0.000199332 0.000145672 0.000104404 3.94175e-05 3.74979e-05 6.33886e-06 3.14156e-05
threshold=3201694462.5000005 2036193434.5000002 0.14905975760825033 4493475594.500001 0.01768471687779561 0.42041199571511129 0.14023931725532626 4.616499984264375 4.7744999726613377 0.1664315152887898 5.7370000243186956 299516537.50000006 -2853756597.9999995 0.040127983619483533 0.53355536374467805 0.0036199089523475396 -0.028866918504742486 0.0020683140462584922 0.12182610050390609 2675635382.5000005 0.10553247385266294 2914837641.5000005 0.0018382145408214481 -0.036898367736152744 83.419455311681531
decision_type=2 2 2 2 2 2 2 2 2 2 2 2 2 2 2 2 2 2 2 2 2 2 2 2 2
left_child=1 6 19 4 5 20 10 8 -8 -9 12 -12 -1 16 15 -15 -5 -16 -7 22 -2 -21 -3 -6 -25
right_child=3 2 -4 13 23 18 7 9 -10 -11 11 -13 -14 14 17 -17 -18 -19 -20 21 -22 -23 -24 24 -26
leaf_value=-1.2069184917967155e-05 5.1018382825161815e-05 2.3126498042943805e-05 -0.00014508142294002833 0 0 0.00014336974313564193 0.00023585096509794846 3.6754241684655207e-05 0 -3.1509489316140584e-05 -0.00013199437346881772 0 8.7128791772581022e-06 0 -4.6919929035840516e-05 6.7446793304047064e-05 -8.7480905992556011e-05 0 0 -6.2064044484274575e-05 0 0 0 -3.8353021546907999e-05 0
leaf_weight=855 36 63 31 29 28 57 24 119 21 103 37 23 1093 376 139 143 58 518 20 46 118 30 55 23 23
leaf_count=855 36 63 31 29 28 57 24 119 21 103 37 23 1093 376 139 143 58 518 20 46 118 30 55 23 23
internal_value=0 -2.55361e-06 -3.98617e-05 3.98164e-06 2.85066e-05 4.79836e-05 0 2.73053e-05 0.000136684 0 -2.34284e-06 -6.50307e-05 0 0 1.30311e-06 2.14064e-05 -4.57673e-05 -1.00129e-05 0.000113561 -7.52618e-06 0 -4.32119e-05 0 0 -1.11244e-05
internal_weight=4068 2500 225 1568 305 231 2275 267 45 222 2008 60 1948 1263 1176 519 87 657 77 194 154 76 118 74 46
internal_count=4068 2500 225 1568 305 231 2275 267 45 222 2008 60 1948 1263 1176 519 87 657 77 194 154 76 118 74 46
is_linear=0
shrinkage=0.03


Tree=291
num_leaves=23
num_cat=0
split_feature=0 0 24 0 32 24 25 25 25 1 34 5 30 27 33 25 34 24 30 5 27 2
split_gain=4.70133e-05 0.000301084 0.000265882 0.000614449 0.000281595 0.000511931 0.000534941 0.000311555 0.000769837 0.000304152 0.000273246 0.00027297 0.000958011 0.00017843 0.000263119 0.000173026 0.000269958 0.000170581 0.000142258 0.000128906 4.78842e-05 1.562e-06
threshold=3.1215580701828007 3.0965428352355961 0.011942954822788497 3.6153928041458134 -0.0015432598943171392 0.044186778921987462 -0.020140500506942403 0.0088850167821165563 0.025729768134516814 5.0250000953674325 0.028544192114358439 281021107.00000006 35.060911284661948 0.84795236489242387 0.0027210908243306968 -0.073966259599290721 -0.073720119842869233 0.0092560390955856633 70.174862625810718 261652358.00000003 0.59266156517931001 6.055000066757203
decision_type=2 2 2 2 2 2 2 2 2 2 2 2 2 2 2 2 2 2 2 2 2 2
left_child=1 15 3 11 5 6 -4 10 -9 -7 -6 18 -13 14 -5 -1 -17 20 -2 -18 -3 -15
right_child=2 17 4 13 7 9 -8 8 -10 -11 -12 12 -14 21 -16 16 19 -19 -20 -21 -22 -23
leaf_value=8.2086617786243738e-05 -2.5470947622430834e-05 0.00011446997271963667 0 0 -4.6911347400370588e-05 -4.4825100273407631e-05 0.00010693311162624593 6.1199800684537696e-05 -3.1407803839822734e-05 2.1523629712091682e-05 0 0 -0.00012985070461163611 0 6.4449823972742283e-05 -8.0936640518908243e-05 -4.9386498078241846e-06 0 0 1.0014192997538076e-05 0 -1.2885094673811696e-05
leaf_weight=23 306 37 46 127 236 90 105 157 129 200 31 60 106 22 105 37 1216 26 102 861 20 26
leaf_count=23 306 37 46 127 236 90 105 157 129 200 31 60 106 22 105 37 1216 26 102 861 20 26
internal_value=0 2.88985e-06 -3.58644e-06 -1.67888e-05 4.73913e-06 2.42597e-05 6.90456e-05 -5.40547e-06 8.94702e-06 0 -3.20086e-05 -3.61837e-05 -7.46964e-05 1.22592e-05 2.93367e-05 0 -1.82309e-07 5.9025e-05 -1.31487e-05 0 8.80852e-05 -7.80142e-06
internal_weight=4068 2220 1848 854 994 441 151 553 286 290 267 574 166 280 232 2137 2114 83 408 2077 57 48
internal_count=4068 2220 1848 854 994 441 151 553 286 290 267 574 166 280 232 2137 2114 83 408 2077 57 48
is_linear=0
shrinkage=0.03


Tree=292
num_leaves=21
num_cat=0
split_feature=0 0 24 0 32 24 25 32 34 5 23 23 21 23 25 34 30 5 31 27
split_gain=4.37806e-05 0.000285726 0.000249506 0.000574808 0.00026322 0.00047938 0.000506946 0.000298481 0.000346185 0.00025008 0.000952751 0.000244234 0.00022451 0.000210322 0.000162843 0.000254046 0.000135905 0.000121289 9.51942e-05 2.10634e-06
threshold=3.1215580701828007 3.0965428352355961 0.011942954822788497 3.6153928041458134 -0.0015432598943171392 0.044186778921987462 -0.020140500506942403 0.049228880625704748 0.063899757748505773 281021107.00000006 -0.032006602115012932 0.0042251633002403652 4.551916635036469 0.031311551182834581 -0.073966259599290721 -0.073720119842869233 70.174862625810718 261652358.00000003 0.0026742722057352401 0.57681853464021093
decision_type=2 2 2 2 2 2 2 2 2 2 2 2 2 2 2 2 2 2 2 2
left_child=1 14 3 9 5 6 -4 8 -6 16 -11 18 -7 19 -1 -16 -2 -17 -5 -3
right_child=2 13 4 11 7 12 -8 -9 -10 10 -12 -13 -14 -15 15 17 -18 -19 -20 -21
leaf_value=7.9634681717468436e-05 -2.4707069594944593e-05 0.00010646923034617921 0 0 -2.9323324045133736e-06 -4.4551641047182433e-05 0.00010372816954326678 8.5377924625426143e-05 -0.00012714094840974983 0 -0.00017223739897231262 -2.0721933092553727e-05 1.619874291708165e-05 0 -7.8515087229556169e-05 -4.7905027046924729e-06 0 9.7138020381102236e-06 5.4970733523989864e-05 0
leaf_weight=23 306 41 46 122 504 73 105 23 26 108 58 52 217 22 37 1216 102 861 106 20
leaf_count=23 306 41 46 122 504 73 105 23 26 108 58 52 217 22 37 1216 102 861 106 20
internal_value=0 2.81221e-06 -3.43804e-06 -1.62575e-05 4.55854e-06 2.34776e-05 6.68164e-05 -5.10638e-06 -1.47077e-05 -3.50572e-05 -7.22104e-05 1.15703e-05 0 5.7496e-05 0 -1.76948e-07 -1.25758e-05 0 3.20932e-05 8.71443e-05
internal_weight=4068 2220 1848 854 994 441 151 553 530 574 166 280 290 83 2137 2114 408 2077 228 61
internal_count=4068 2220 1848 854 994 441 151 553 530 574 166 280 290 83 2137 2114 408 2077 228 61
is_linear=0
shrinkage=0.03


Tree=293
num_leaves=18
num_cat=0
split_feature=3 0 34 32 32 33 33 29 22 33 25 32 21 33 30 28 0
split_gain=4.42707e-05 0.000183383 9.43507e-05 0.000196101 0.000281505 0.000135106 0.000290374 0.000544694 0.000284626 0.000180042 0.000352758 0.00033543 4.42411e-05 7.46196e-05 1.38662e-05 2.2416e-06 3.93216e-05
threshold=3.7350000143051152 2.7766529321670537 -0.055684723985558841 -0.032663673220800431 -0.013017996399662278 -0.017205373182346991 -0.025597348842542608 22.303267354674446 47.520176375461169 -0.0042689831777323875 -0.012901071770458994 -0.0032921979760481275 3.7256666660308841 0.017473671829820962 45.202199275543997 -1636610759.4999998 2.866296768188477
decision_type=2 2 2 2 2 2 2 2 2 2 2 2 2 2 2 2 2
left_child=1 -1 3 15 -5 6 8 -8 -4 10 -7 -11 -3 14 -14 -2 -17
right_child=2 12 5 4 -6 9 7 -9 -10 11 -12 -13 13 -15 -16 16 -18
leaf_value=9.1828913092168799e-05 9.778210625959489e-06 3.2475341223344993e-05 -2.2028450448954151e-05 -8.7082408364132173e-05 0 3.1703918198166535e-06 7.6268421254376551e-05 0 3.5727975860618576e-05 2.7981074333946257e-05 -3.1761471217725304e-05 -3.0567461241211227e-06 -4.2892936359465146e-05 0 0 -3.9140904872593543e-05 0
leaf_weight=24 21 31 275 68 36 273 147 201 96 364 489 1893 47 21 28 23 31
leaf_count=24 21 31 275 68 36 273 147 201 96 364 489 1893 47 21 28 23 31
internal_value=0 1.58958e-05 -6.51814e-07 -2.19867e-05 -5.02703e-05 0 1.20319e-05 3.24007e-05 0 -2.40718e-06 -1.53112e-05 6.20789e-07 0 -8.54533e-06 -3.14275e-05 0 0
internal_weight=4068 151 3917 179 104 3738 719 348 371 3019 762 2257 127 96 75 75 54
internal_count=4068 151 3917 179 104 3738 719 348 371 3019 762 2257 127 96 75 75 54
is_linear=0
shrinkage=0.03


Tree=294
num_leaves=17
num_cat=0
split_feature=36 35 35 24 23 35 31 26 32 29 33 25 26 22 29 28
split_gain=4.26822e-05 0.000171517 0.000228031 0.000157192 0.000392225 0.00021651 0.000132455 0.000357815 0.000239392 0.000126408 0.00044618 0.000428242 0.000123247 0.000110415 0.000161536 1.22213e-05
threshold=-0.018126889674538862 0.040110776041661862 0.053381458356396801 0.072809277130864034 -0.017181557556376511 0.031705678284853489 0.02844164105170555 0.11231308297202387 0.032502767306621501 26.634681306442719 -0.033188496969911489 0.0057363168428838695 0.12513020068409311 38.911486861010651 25.580227060997277 3801011379.0000005
decision_type=2 2 2 2 2 2 2 2 2 2 2 2 2 2 2 2
left_child=3 6 12 4 13 -6 9 -8 -9 11 -11 -2 -3 14 -1 -5
right_child=1 2 -4 15 5 -7 7 8 -10 10 -12 -13 -14 -15 -16 -17
leaf_value=0 0 0 0 2.1363412451744845e-05 0 -0.00012825024768006892 0 0 -0.00012938557944544576 8.7510104525153555e-05 1.7013009099384944e-06 -7.8881467964680955e-05 0.00011445423969973155 5.8230432429851363e-05 -8.0441133097999457e-05 0
leaf_weight=46 793 20 25 24 44 44 30 26 39 59 2726 71 36 28 23 34
leaf_count=46 793 20 25 24 44 44 30 26 39 59 2726 71 36 28 23 34
internal_value=0 7.89846e-07 4.39638e-05 -1.21738e-05 -3.09668e-05 -7.7599e-05 0 -3.50862e-05 -8.21285e-05 7.6525e-07 4.59939e-06 -8.12092e-06 8.03268e-05 0 -7.69555e-06 0
internal_weight=4068 3825 81 243 185 88 3744 95 65 3649 2785 864 56 97 69 58
internal_count=4068 3825 81 243 185 88 3744 95 65 3649 2785 864 56 97 69 58
is_linear=0
shrinkage=0.03


Tree=295
num_leaves=20
num_cat=0
split_feature=3 36 26 28 28 33 20 20 24 25 36 25 33 30 33 26 33 24 24
split_gain=4.30984e-05 0.000223838 0.000177907 8.61095e-05 0.000308716 0.000330949 0.000260371 0.000240739 0.000379461 0.000437135 0.000251491 0.000444062 0.000233146 0.000404417 0.000363421 0.000204867 1.24245e-05 1.00919e-06 8.87963e-06
threshold=3.7350000143051152 -0.0058982349751343375 0.087630292222924608 3201694462.5000005 2036193434.5000002 0.0018382145408214481 5.2262500047683726 5.0847499847412116 0.078062751083219098 0.026433941876878492 0.017669093413148009 0.012312029646015432 0.034477419264838501 49.915274181890695 0.019928029910946669 0.14548620127423548 -0.013636332520440051 -0.024856150462764799 -0.088318283195355105
decision_type=2 2 2 2 2 2 2 2 2 2 2 2 2 2 2 2 2 2 2
left_child=1 2 -1 4 12 16 -7 8 9 -5 15 -12 14 -14 -2 -9 -6 18 -3
right_child=3 17 -4 7 5 6 -8 10 -10 -11 11 -13 13 -15 -16 -17 -18 -19 -20
leaf_value=0 0 0 0.00012134849619085937 9.1659370209667986e-05 -9.9469176165119577e-06 -9.3903082688317712e-05 0 0 0 0 -0.00010368159660806914 0 -6.2290419904396423e-06 6.0603646550447548e-05 -3.9456237631047181e-05 3.0659828998338514e-05 1.0653984328267545e-05 0 -1.6155345751180189e-05
leaf_weight=30 1709 20 27 116 52 98 22 1072 39 34 57 41 36 146 233 209 53 40 34
leaf_count=30 1709 20 27 116 52 98 22 1072 39 34 57 41 36 146 233 209 53 40 34
internal_value=0 1.57515e-05 6.46889e-05 -5.75933e-07 -4.83837e-06 -3.84528e-05 -7.24664e-05 3.89632e-06 3.56603e-05 6.22681e-05 0 -4.67237e-05 0 3.09134e-05 -4.29402e-06 3.08333e-06 0 0 -4.0974e-06
internal_weight=4068 151 57 3917 2349 225 120 1568 189 150 1379 98 2124 182 1942 1281 105 94 54
internal_count=4068 151 57 3917 2349 225 120 1568 189 150 1379 98 2124 182 1942 1281 105 94 54
is_linear=0
shrinkage=0.03


Tree=296
num_leaves=21
num_cat=0
split_feature=0 0 23 26 5 26 5 5 5 34 5 29 25 34 20 36 21 0 30 1
split_gain=4.27432e-05 0.000265796 0.000200928 0.000182119 0.000297331 0.000228981 0.000435057 0.000224891 0.000635243 0.000167293 0.000698893 0.00021872 0.000152229 0.000234817 0.000165098 0.000144837 7.00461e-05 3.89891e-05 3.5003e-05 2.9574e-06
threshold=3.1215580701828007 3.0965428352355961 0.031311551182834581 0.099810585876020722 174222750.00000003 0.10939357998513759 183739385.00000003 358572495.00000006 297873381.00000006 0.040692946970568585 528498548.00000006 72.356437994293017 -0.073966259599290721 -0.073720119842869233 5.7370000243186956 -0.0080726545309038004 4.3343333800633754 3.5151976346969609 55.655439441999953 4.1749999523162851
decision_type=2 2 2 2 2 2 2 2 2 2 2 2 2 2 2 2 2 2 2 2
left_child=1 12 -3 4 16 6 17 8 -6 11 -11 -7 -1 -14 -15 -8 19 -5 -18 -2
right_child=3 2 -4 5 7 9 15 -9 -10 10 -12 -13 13 14 -16 -17 18 -19 -20 -21
leaf_value=7.7009323387944984e-05 4.9238920407679019e-05 8.4621781818772565e-05 0 0 -1.4935188877903522e-05 -5.0938321859786454e-06 0 0 -0.00015905728159874369 -7.9666263788428796e-05 4.0389614514204641e-05 3.4088316668519365e-05 -7.5476731476028789e-05 4.5682445339249611e-06 -1.9914568525796227e-05 7.0286694381433264e-05 -1.970893893562861e-05 -2.4505725430636687e-05 0 0
leaf_weight=23 27 61 22 24 268 730 40 35 46 116 33 153 37 1797 280 145 81 59 71 20
leaf_count=23 27 61 22 24 268 730 40 35 46 116 33 153 37 1797 280 145 81 59 71 20
internal_value=0 2.80565e-06 5.55784e-05 -3.37035e-06 -1.83411e-05 6.33796e-07 2.69916e-05 -3.59818e-05 -4.56436e-05 -3.30631e-06 -3.29467e-05 0 0 -7.97811e-08 0 5.62886e-05 0 -2.19719e-06 0 3.6585e-05
internal_weight=4068 2220 83 1848 548 1300 268 349 314 1032 149 883 2137 2114 2077 185 199 83 152 47
internal_count=4068 2220 83 1848 548 1300 268 349 314 1032 149 883 2137 2114 2077 185 199 83 152 47
is_linear=0
shrinkage=0.03


Tree=297
num_leaves=28
num_cat=0
split_feature=28 28 29 33 32 33 28 0 33 5 33 36 36 28 32 5 31 5 29 7 23 1 33 23 25 22 28
split_gain=4.20921e-05 0.000292551 0.000462735 0.000292029 0.000429529 0.000402819 0.000397866 0.000231768 0.000181175 0.000176177 0.000151713 0.000255464 0.00036369 0.000249381 0.000536197 0.000396111 0.000393191 0.000338617 0.000251627 0.000247409 0.00038028 0.000242669 0.000199666 0.000147588 0.000127001 3.7141e-05 2.6356e-05
threshold=-3067874471.9999995 -4017549918.9999995 68.229810843602664 -0.024256493167270406 -0.022462150878657047 0.0046984916850697509 -6364851831.999999 2.1304060220718388 -0.024818762422753157 167830716.00000003 -0.016981517277265708 -0.0088235447963641838 -0.0067491586199992489 133157873.50000001 -0.014707881920950181 180763505.50000003 0.004136505099904487 282719932.50000006 17.450406291129855 -89.999999999999986 0.085801231532053115 4.6549999713897714 0.0036199089523475396 0.04548977390090015 0.019715318068865048 60.545037302399635 -6255268849.999999
decision_type=2 2 2 2 2 2 2 2 2 2 2 2 2 2 2 2 2 2 2 2 2 2 2 2 2 2 2
left_child=1 3 8 4 26 6 -5 -6 -3 -10 13 19 23 16 18 -16 17 -2 -15 21 -21 -12 -14 -13 -7 -4 -1
right_child=10 2 25 5 7 24 -8 -9 9 -11 11 12 22 14 15 -17 -18 -19 -20 20 -22 -23 -24 -25 -26 -27 -28
leaf_value=2.4630487065814679e-05 0 0 3.2269747342444317e-05 0 0 -2.7562934818044369e-05 7.7340085598113939e-05 -0.00013941260869335649 0 -0.00010815577214836407 0.00010173897202109024 6.949852317512054e-05 -1.3473517111180344e-05 -5.7716509900591267e-05 0 7.4851115617263056e-05 0 0.00012192064660194287 0 -5.7863102309331998e-05 0 0 6.0350515893349639e-06 0 1.5968131755017818e-06 0 0
leaf_weight=39 100 23 32 157 25 156 136 39 27 88 21 97 747 106 49 127 21 69 212 235 60 49 1210 52 116 38 37
leaf_count=39 100 23 32 157 25 156 136 39 27 88 21 97 747 106 49 127 21 69 212 235 60 49 1210 52 116 38 37
internal_value=0 -5.65402e-06 -3.74901e-05 0 -3.42947e-05 1.31724e-05 3.94435e-05 -9.27439e-05 -7.1649e-05 -8.70406e-05 1.65988e-06 -6.84237e-07 2.04961e-06 1.45124e-05 0 4.49368e-05 4.40291e-05 6.53604e-05 -1.99792e-05 -2.46713e-05 -3.88279e-05 0 0 4.74831e-05 -4.10579e-06 0 0
internal_weight=4068 913 208 705 140 565 293 64 138 115 3155 2471 2106 684 494 176 190 169 318 365 295 70 1957 149 272 70 76
internal_count=4068 913 208 705 140 565 293 64 138 115 3155 2471 2106 684 494 176 190 169 318 365 295 70 1957 149 272 70 76
is_linear=0
shrinkage=0.03


Tree=298
num_leaves=31
num_cat=0
split_feature=29 29 26 22 25 24 24 5 26 22 33 25 24 36 25 2 26 2 19 3 5 19 26 26 2 24 36 32 2 32
split_gain=4.15913e-05 0.000369708 0.000773647 0.000594544 0.000303608 0.000394145 0.000463003 0.000413958 0.000645969 0.000383879 0.000359078 0.000351844 0.00034645 0.000492872 0.000317172 0.000285877 0.000220384 0.000199318 0.000181888 0.000377038 0.000370263 0.000312875 0.00024364 0.000290299 0.000268916 0.000168704 0.000125876 7.34761e-05 7.21293e-05 5.2494e-05
threshold=59.630545010131847 50.877170967820085 0.10884153163917923 50.026159106015164 0.025264259117048517 0.02103378859198202 0.090090555001717323 381296738.50000006 0.11786758639597202 58.433586288777569 0.022685428013643264 0.00070672183821773535 0.056422201821049199 0.018461540326717683 0.0092137968285488699 5.5515241622924814 0.10240409874407962 5.2550001144409189 5.5840000629425059 4.7550001144409189 223233020.50000003 4.5930000305175787 0.11313459966028412 0.15684519212725995 5.6505789756774911 -0.028969095972941571 0.006386396826474545 0.0097181963472789974 6.2750000953674325 -0.0043779431996615039
decision_type=2 2 2 2 2 2 2 2 2 2 2 2 2 2 2 2 2 2 2 2 2 2 2 2 2 2 2 2 2 2
left_child=1 18 16 15 5 7 14 8 -2 10 25 -9 13 -11 -7 -4 17 -3 19 21 -21 -1 24 -24 -20 -6 -12 -5 -8 -14
right_child=4 2 3 27 9 6 28 11 -10 12 26 -13 29 -15 -16 -17 -18 -19 22 20 -22 -23 23 -25 -26 -27 -28 -29 -30 -31
leaf_value=5.8379900508480222e-06 -7.2066727248025761e-06 0 -0.00020621695877982006 -3.1871600048391211e-05 -4.112690060852806e-05 4.0120206564689465e-06 -2.4452217296820927e-05 0 6.4110134240057283e-05 -7.3751375202722088e-05 0.000121982307076592 -0.00014448725238100246 3.7343519619273734e-05 0 8.6728483798824963e-05 0 7.4416221473684417e-05 -6.761995202033174e-05 -5.98897201870884e-05 0 4.6218105063746166e-05 -3.3029456947598248e-05 -4.3597677126319909e-05 0 3.0792051450405161e-05 3.4776259545786183e-05 0 0 1.4182777283708949e-05 -5.114784044600077e-06
leaf_weight=563 395 140 43 65 66 171 97 20 141 205 33 32 31 34 170 24 35 40 22 286 359 244 285 116 179 33 20 37 34 148
leaf_count=563 395 140 43 65 66 171 97 20 141 205 33 32 31 34 170 24 35 40 22 286 359 244 285 116 179 33 20 37 34 148
internal_value=0 -2.44532e-06 -2.99346e-05 -7.84409e-05 3.74427e-06 1.45793e-05 3.50525e-05 0 5.96639e-06 -1.11418e-05 1.91982e-05 -8.23688e-05 -2.93517e-05 -5.30148e-05 5.40574e-05 -0.000153234 0 -4.69486e-06 1.23458e-06 8.23238e-06 2.5933e-05 -2.19938e-06 -1.06598e-05 -2.64512e-05 5.92389e-06 0 8.45092e-05 0 0 0
internal_weight=4068 2438 384 169 1630 1060 472 588 536 570 152 52 418 239 341 67 215 180 2054 1452 645 807 602 401 201 99 53 102 131 179
internal_count=4068 2438 384 169 1630 1060 472 588 536 570 152 52 418 239 341 67 215 180 2054 1452 645 807 602 401 201 99 53 102 131 179
is_linear=0
shrinkage=0.03


Tree=299
num_leaves=20
num_cat=0
split_feature=27 27 26 32 5 20 27 33 23 30 26 5 29 30 3 0 30 0 30
split_gain=4.1304e-05 0.000196348 0.00025272 0.00011341 0.000342991 0.000522385 0.000311105 0.000343504 0.000213774 0.000430497 0.000578303 0.000314402 0.00016596 0.00031113 0.000189314 0.000154273 0.000106455 5.21369e-06 1.50258e-06
threshold=1.0281785935349981 1.096482659673047 0.099534809893592133 0.01845328238460409 393786870.00000006 4.9862499713897721 0.51541193320725964 0.033602628185446244 -0.11062777717511717 37.994034480213529 0.13566783856857537 340923040.00000006 85.197180902671121 79.386300776242507 4.7449998855590829 3.1058416366577153 84.42832192006297 3.022836565971375 73.486862911133372
decision_type=2 2 2 2 2 2 2 2 2 2 2 2 2 2 2 2 2 2 2
left_child=3 2 -2 8 6 -6 7 -5 9 10 -1 -11 13 -10 -14 -8 -4 -3 -19
right_child=1 17 16 4 5 -7 15 -9 12 11 -12 -13 14 -15 -16 -17 -18 18 -20
leaf_value=0 0 0 0.00013341976088441541 -7.1912631618746114e-05 -0.00013976721285266475 0 3.6487818153491656e-05 0 -1.8313151461086553e-06 0 0.00013096456030019024 -0.00011071154244498093 0 3.2878826241244089e-05 -4.2612984955080358e-05 0 0 0 -1.4934846564330071e-05
leaf_weight=130 41 43 30 101 45 58 154 26 2585 74 64 23 58 251 177 139 22 20 27
leaf_count=130 41 43 30 101 45 58 154 26 2585 74 64 23 58 251 177 139 22 20 27
internal_value=0 1.39894e-05 4.77807e-05 -5.87333e-07 -1.39766e-05 -6.31286e-05 0 -4.10022e-05 6.03578e-07 2.56607e-05 5.46146e-05 -1.34756e-06 -7.94684e-07 1.83964e-07 -2.53607e-05 1.5042e-05 9.18978e-05 0 -9.98122e-06
internal_weight=4068 183 93 3885 523 103 420 127 3362 291 194 97 3071 2836 235 293 52 90 47
internal_count=4068 183 93 3885 523 103 420 127 3362 291 194 97 3071 2836 235 293 52 90 47
is_linear=0
shrinkage=0.03


Tree=300
num_leaves=25
num_cat=0
split_feature=28 28 1 19 27 28 3 1 35 5 35 26 5 32 26 26 26 23 26 5 5 1 23 4
split_gain=4.07023e-05 0.000329685 0.000317042 0.000260535 0.00024364 0.000227185 0.000294301 0.000340879 0.000221249 0.000239438 0.000213916 0.000445947 0.000276412 0.000205258 0.000186861 0.000183853 0.000238772 0.000284895 0.000231293 0.000276276 0.000217294 7.85684e-05 7.28246e-06 5.79764e-07
threshold=3201694462.5000005 2036193434.5000002 5.4722793102264413 4.7199999332427991 0.39620468849525919 4493475594.500001 5.7941620349884042 4.805000066757203 0.010176348190427753 170850428.50000003 0.016128967871699179 0.13879755348113354 272009108.50000006 0.015103860171609697 0.095500130669765662 0.11025880876738735 0.14548620127423548 1.0000000180025095e-35 0.10188009819856074 190678427.50000003 484936468.50000006 5.8734059333801278 0.025749472150613077 4.6050000190734872
decision_type=2 2 2 2 2 2 2 2 2 2 2 2 2 2 2 2 2 2 2 2 2 2 2 2
left_child=1 8 3 -3 -5 6 7 23 9 -1 12 -12 -10 -11 -9 18 20 -18 21 -20 -17 -7 -8 -2
right_child=5 2 -4 4 -6 15 22 14 10 13 11 -13 -14 -15 -16 16 17 -19 19 -21 -22 -23 -24 -25
leaf_value=0 0 0 0 0 -0.00010185718380408058 0 -1.1923669348079444e-05 0 1.8645435057468889e-06 -0.00010099232296609098 -1.0888787646857817e-05 3.3322631619268332e-05 5.5052827774987838e-05 0 8.0839834709502109e-05 -2.7389015765383656e-05 5.5253620504924394e-05 0 0 6.4491698812364098e-05 1.8194595210196576e-05 -4.0504802398070565e-05 0 -4.309169642355459e-06
leaf_weight=68 20 46 35 43 101 148 46 31 564 56 1176 238 153 20 148 612 90 137 73 131 29 43 32 28
leaf_count=68 20 46 35 43 101 148 46 31 564 56 1176 238 153 20 148 612 90 137 73 131 29 43 32 28
internal_value=0 -2.28816e-06 -3.70986e-05 -5.59526e-05 -7.58768e-05 3.8747e-06 2.73372e-05 4.65867e-05 0 -3.4545e-05 3.57008e-06 -1.32394e-06 1.7404e-05 -7.13541e-05 6.68202e-05 0 -9.41877e-06 9.06615e-06 1.49627e-05 3.81223e-05 -2.06448e-05 0 0 0
internal_weight=4068 2500 225 190 144 1568 305 227 2275 144 2131 1414 717 76 179 1263 868 227 395 204 641 191 78 48
internal_count=4068 2500 225 190 144 1568 305 227 2275 144 2131 1414 717 76 179 1263 868 227 395 204 641 191 78 48
is_linear=0
shrinkage=0.03


Tree=301
num_leaves=25
num_cat=0
split_feature=22 22 35 27 33 35 30 25 27 29 30 24 27 0 29 0 13 34 34 5 33 23 22 34
split_gain=4.3563e-05 0.000343471 0.000292531 0.000212125 0.000432709 0.000532207 0.000506997 0.000371719 0.000342808 0.000928 0.000281953 0.000273015 0.000263655 0.000367574 0.000233032 0.000180345 0.000104157 0.000346522 0.000515449 0.000288975 0.000171834 0.000282489 0.000271317 6.21529e-06
threshold=43.625251863205733 44.317763554458296 0.014059354221211908 0.097445689118387774 -0.025234013209484037 0.01419876991484346 37.19388242282421 -0.073966259599290721 0.18294053586524833 43.356337983476436 48.202796160203427 -0.018483829003988424 0.38273212972955267 2.8038654327392583 33.615555597627385 3.1431088447570805 -1.0000000180025095e-35 0.011034526160113358 0.029912730295472593 197489308.50000003 0.014395907209395655 0.015147107720504318 47.369248844778859 -0.02107481975928532
decision_type=2 2 2 2 2 2 2 2 2 2 2 2 2 2 2 2 2 2 2 2 2 2 2 2
left_child=3 2 -2 4 7 23 -7 -1 9 11 -9 -5 14 -14 -10 -4 17 19 -19 -3 21 -18 -22 -6
right_child=1 16 15 8 5 6 -8 10 12 -11 -12 -13 13 -15 -16 -17 20 18 -20 -21 22 -23 -24 -25
leaf_value=7.7153758440852153e-05 0 -3.0319651080035249e-06 0.00014805481749599733 0 -1.1810810520317885e-05 0.0001072067118010511 0 -4.656602865925869e-05 -5.5616778172905865e-06 -0.00023255305118734186 0 -5.8502390731538911e-05 -0.00015991185653305907 0 3.2186317393599263e-05 0 -2.1517923853230148e-05 -0.0001413940026157691 0 0.00010173077549900398 8.6030967212574885e-05 3.6192512586455956e-06 5.1889014476133699e-06 0
leaf_weight=23 20 34 34 157 40 115 22 219 164 24 23 82 21 42 225 27 541 43 49 25 50 1163 904 21
leaf_count=23 20 34 34 157 40 115 22 219 164 24 23 82 21 42 225 27 541 43 49 25 50 1163 904 21
internal_value=0 2.10181e-06 6.30005e-05 -4.73734e-06 6.96298e-06 4.42329e-05 7.95034e-05 -9.5737e-06 -1.6509e-05 -4.37429e-05 -3.02364e-05 -1.21465e-05 0 -5.7517e-05 8.56456e-06 9.78634e-05 0 -2.38421e-05 -6.57176e-05 0 1.71839e-06 -2.60184e-06 1.25788e-05 0
internal_weight=4068 2890 81 1178 463 198 137 265 715 263 242 239 452 63 389 61 2809 151 92 59 2658 1704 954 61
internal_count=4068 2890 81 1178 463 198 137 265 715 263 242 239 452 63 389 61 2809 151 92 59 2658 1704 954 61
is_linear=0
shrinkage=0.03


Tree=302
num_leaves=27
num_cat=0
split_feature=22 22 35 27 36 22 33 35 28 36 20 33 0 27 36 29 21 13 34 34 33 31 31 3 22 34
split_gain=4.19104e-05 0.000323052 0.000280934 0.000203723 0.000401425 0.000397988 0.000394916 0.000502224 0.000457768 0.000404534 0.000225268 0.000204841 0.00016383 0.000156938 0.000432906 0.000120812 0.000117797 9.82814e-05 0.000325984 0.000485232 0.000163299 0.000256128 0.000238006 3.6506e-05 1.01188e-05 5.84887e-06
threshold=43.625251863205733 44.317763554458296 0.014059354221211908 0.097445689118387774 -1.0000000180025095e-35 33.716367952745159 -0.025234013209484037 0.01419876991484346 4493475594.500001 -0.0041537226966914956 5.91699995994568 -0.032384799808673197 3.1431088447570805 0.14569748985217879 0.0024009616454415184 7.0427986266935045 4.975749993324281 -1.0000000180025095e-35 0.011034526160113358 0.029912730295472593 0.014395907209395655 0.012769900576686812 0.0060181024311399831 5.0050001144409189 53.807205047077993 -0.02107481975928532
decision_type=2 2 2 2 2 2 2 2 2 2 2 2 2 2 2 2 2 2 2 2 2 2 2 2 2 2
left_child=3 2 -2 6 5 16 9 25 -9 15 -11 -7 -4 23 -15 -1 -5 18 24 -20 22 -22 -19 -6 -3 -8
right_child=1 17 12 4 13 11 7 8 -10 10 -12 -13 -14 14 -16 -17 -18 20 19 -21 21 -23 -24 -25 -26 -27
leaf_value=-1.1299044693412189e-05 0 0 0.00014362619023226977 6.2546515379812402e-05 -4.7988129120801577e-05 0 -1.145737040927489e-05 0.00010829026195912098 0 -8.7534544559448972e-05 0 -6.7991694706305591e-05 0 8.0623338205598879e-05 0 2.7262379811153276e-05 0 2.2105815307546367e-06 -0.00013716202183073416 0 2.5594446596648666e-05 0 -2.1911831780504676e-05 0 1.985546972671774e-05 0
leaf_weight=22 20 36 34 27 44 42 40 104 33 76 20 236 27 71 218 147 48 1249 43 49 572 382 455 29 23 21
leaf_count=22 20 36 34 27 44 42 40 104 33 76 20 236 27 71 218 147 48 1249 43 49 572 382 455 29 23 21
internal_value=0 2.07114e-06 6.11384e-05 -4.63615e-06 -1.61983e-05 -3.94279e-05 6.74059e-06 4.24374e-05 7.68056e-05 -8.62046e-06 -6.29123e-05 -5.71121e-05 9.53917e-05 0 1.58407e-05 4.49785e-06 0 0 -2.31194e-05 -6.37372e-05 1.70078e-06 1.22961e-05 -2.471e-06 -3.06565e-05 0 0
internal_weight=4068 2890 81 1178 715 353 463 198 137 265 96 278 61 362 289 169 75 2809 151 92 2658 954 1704 73 59 61
internal_count=4068 2890 81 1178 715 353 463 198 137 265 96 278 61 362 289 169 75 2809 151 92 2658 954 1704 73 59 61
is_linear=0
shrinkage=0.03


Tree=303
num_leaves=18
num_cat=0
split_feature=36 24 23 35 35 35 32 26 24 1 26 21 26 22 24 21 28
split_gain=4.17274e-05 0.000152251 0.000364225 0.00019223 0.000151482 0.000217799 0.000110175 0.000261225 0.000242515 0.000129944 0.000257436 0.000254764 0.000109107 0.000103611 9.336e-05 8.48303e-05 9.92048e-06
threshold=-0.018126889674538862 0.072809277130864034 -0.017181557556376511 0.031705678284853489 0.040110776041661862 0.053381458356396801 0.021074869706332103 0.16472553468067128 0.056422201821049199 5.581240415573121 0.12033289907861677 5.4815000216166192 0.12513020068409311 37.208967512149087 -0.01286007569850423 5.0926666378974925 3801011379.0000005
decision_type=2 2 2 2 2 2 2 2 2 2 2 2 2 2 2 2 2
left_child=1 2 13 -4 6 12 9 8 -8 10 -2 -11 -6 15 -9 -1 -3
right_child=4 16 3 -5 5 -7 7 14 -10 11 -12 -13 -14 -15 -16 -17 -18
leaf_value=0 2.3326632751988154e-08 1.9247706368936535e-05 0 -0.00012349147036383373 0 0 -1.7951533324339693e-05 0 3.0902616796005861e-05 -4.8558395687025678e-05 2.7728520219022502e-05 0 0.0001095709619463816 4.9125599152130926e-05 -0.00013856839777579556 -4.8492329989329687e-05 0
leaf_weight=26 1823 24 44 44 20 25 345 25 112 110 431 877 36 35 21 36 34
leaf_count=26 1823 24 44 44 20 25 345 25 112 110 431 877 36 35 21 36 34
internal_value=0 -1.19466e-05 -3.04586e-05 -7.52992e-05 8.64557e-07 4.14284e-05 0 -1.30758e-05 0 2.0134e-06 6.6529e-06 -5.54217e-06 7.72999e-05 0 -8.34611e-05 -1.17284e-05 0
internal_weight=4068 243 185 88 3825 81 3744 503 457 3241 2254 987 56 97 46 62 58
internal_count=4068 243 185 88 3825 81 3744 503 457 3241 2254 987 56 97 46 62 58
is_linear=0
shrinkage=0.03


Tree=304
num_leaves=26
num_cat=0
split_feature=22 22 35 32 0 28 25 24 28 32 22 19 3 20 29 20 22 25 26 26 33 32 26 31 28
split_gain=4.16863e-05 0.000303249 0.000269517 0.000178448 0.000274609 0.000173782 0.000748887 0.000560021 0.000903138 0.000817096 0.000373359 0.000271053 0.000259729 0.000325523 0.000132875 0.000132592 0.000239068 0.000235585 9.75266e-05 0.000188893 0.000254983 0.000202334 0.000151412 0.000139435 2.92886e-06
threshold=43.625251863205733 44.317763554458296 0.014059354221211908 0.0090354381759628639 3.1431088447570805 -1501791874.4999998 0.00097734866121326259 -0.022992696578810336 1307074671.5000002 0.0021436426940418811 33.977873077536515 3.901999950408936 5.7100119590759286 4.7817500233650216 53.735859122293988 4.9759999632835399 34.512793167717852 -0.024693020367081691 0.077691585627944967 0.11313459966028412 0.016682167145104513 0.0065147206931752697 0.073896469133846079 0.0040281976947069706 7635381583.500001
decision_type=2 2 2 2 2 2 2 2 2 2 2 2 2 2 2 2 2 2 2 2 2 2 2 2 2
left_child=5 2 -2 4 -4 6 15 8 9 -7 -8 -12 13 -9 -10 17 -17 -1 22 21 -21 -20 -3 -24 -14
right_child=1 18 3 -5 -6 7 10 12 14 -11 11 -13 24 -15 -16 16 -18 -19 19 20 -22 -23 23 -25 -26
leaf_value=-3.6385390198780356e-07 0 0 0.00021570598374732504 0 0 0.00015622941723882256 0 0 8.778030495876828e-06 0 0 -0.00014201927211163011 8.4291536901792526e-06 -8.6431671934424225e-05 -4.4211369616000052e-05 -6.6221284572505034e-05 0 3.9523462713124958e-05 2.0737762809116492e-05 -1.7256146566725396e-05 9.4671857561117636e-06 0 -6.5120206248987046e-05 0 0
leaf_weight=93 20 72 20 20 21 75 20 57 281 34 29 71 37 100 50 65 66 167 761 765 405 674 80 52 33
leaf_count=93 20 72 20 20 21 75 20 57 281 34 29 71 37 100 50 65 66 167 761 765 405 674 80 52 33
internal_value=0 2.03718e-06 5.9272e-05 9.29145e-05 0.00012939 -4.65456e-06 -1.87707e-05 1.66413e-06 2.54388e-05 0.000100303 -8.43291e-05 -0.000109037 -3.11997e-05 -5.38061e-05 0 0 -2.31598e-05 1.37274e-05 0 1.94558e-06 -5.44186e-06 1.00592e-05 -1.95381e-05 -4.02663e-05 0
internal_weight=4068 2890 81 61 41 1178 511 667 440 109 120 100 227 157 331 391 131 260 2809 2605 1170 1435 204 132 70
internal_count=4068 2890 81 61 41 1178 511 667 440 109 120 100 227 157 331 391 131 260 2809 2605 1170 1435 204 132 70
is_linear=0
shrinkage=0.03


Tree=305
num_leaves=26
num_cat=0
split_feature=28 28 26 0 4 3 25 19 0 1 31 2 30 25 28 28 3 28 31 24 26 36 28 29 25
split_gain=4.1067e-05 0.000303936 0.000317447 0.000232574 0.000465937 0.000436363 0.000412918 0.000215798 0.000376994 0.000273061 0.000292749 0.000219058 0.000190131 0.000362238 0.000227771 0.000146906 0.000212149 0.000121471 8.28432e-05 0.000277306 0.000149061 5.32966e-05 3.13768e-05 2.59668e-05 2.05538e-06
threshold=3201694462.5000005 2036193434.5000002 0.14905975760825033 2.152673721313477 4.5750000476837167 3.8750000000000004 -0.021050053517037027 5.5840000629425059 3.3450520038604741 4.805000066757203 0.012466684474317093 5.6505789756774911 80.19022059778257 -0.010464617170446994 -4325612133.999999 4891259690.500001 5.4326574802398691 2675635382.5000005 -0.013783664423421381 0.035988707908186882 0.11231308297202387 0.0018198794122274711 2914837641.5000005 54.49223391430629 -0.020140500506942403
decision_type=2 2 2 2 2 2 2 2 2 2 2 2 2 2 2 2 2 2 2 2 2 2 2 2 2
left_child=1 3 17 4 5 -1 -6 8 9 24 -11 -9 13 -5 -14 21 -17 23 19 -13 -20 -10 -19 -3 -2
right_child=7 2 -4 12 6 -7 -8 11 15 10 -12 18 14 -15 -16 16 -18 22 20 -21 -22 -23 -24 -25 -26
leaf_value=0.00010592230379141563 0 2.078413789878408e-05 -0.000135250539435886 6.8068158805202534e-06 0 -2.1051487929780353e-05 8.9935651379349993e-05 -7.0856614044880224e-05 0 6.2344439555011243e-05 0 0 0 -1.9888834473625128e-05 3.9208689223794595e-05 -6.9785538233584868e-05 0 -5.5322229941388484e-05 8.6859652471461252e-06 7.1005624408530932e-05 -1.5084464700854443e-05 4.2716997073917058e-05 0 0 -7.0612384772023536e-06
leaf_weight=27 23 54 31 597 40 200 121 40 35 273 50 70 64 1042 184 65 67 46 298 63 517 30 30 64 37
leaf_count=27 23 54 31 597 40 200 121 40 35 273 50 70 64 1042 184 65 67 46 298 63 517 30 30 64 37
internal_value=0 -2.29662e-06 -3.56901e-05 0 2.20408e-05 0 6.14273e-05 3.89368e-06 1.91985e-05 3.79679e-05 4.96979e-05 -2.05584e-06 -3.3183e-06 -8.33494e-06 1.77341e-05 -2.07232e-06 -3.08968e-05 -4.26355e-06 0 2.26962e-05 -2.71242e-06 1.03382e-05 -3.8509e-05 0 0
internal_weight=4068 2500 225 2275 388 227 161 1568 580 383 323 988 1887 1639 248 197 132 194 948 133 815 65 76 118 60
internal_count=4068 2500 225 2275 388 227 161 1568 580 383 323 988 1887 1639 248 197 132 194 948 133 815 65 76 118 60
is_linear=0
shrinkage=0.03


Tree=306
num_leaves=26
num_cat=0
split_feature=22 22 35 27 36 22 33 35 30 36 26 36 23 20 33 26 21 13 34 34 5 33 23 22 34
split_gain=4.19199e-05 0.000286843 0.000259252 0.00018829 0.000372411 0.000368241 0.000363743 0.000471101 0.000471862 0.000376639 0.000255124 0.000618872 0.000348696 0.000213543 0.000192649 0.000137826 0.000106061 8.896e-05 0.000309444 0.000453095 0.000269627 0.000149772 0.000263793 0.000253946 5.33121e-06
threshold=43.625251863205733 44.317763554458296 0.014059354221211908 0.097445689118387774 -1.0000000180025095e-35 33.716367952745159 -0.025234013209484037 0.01419876991484346 37.19388242282421 -0.0041537226966914956 0.12007040849623064 0.0086956647032825247 -0.10209337177371357 5.91699995994568 -0.032384799808673197 0.11447963474005045 4.975749993324281 -1.0000000180025095e-35 0.011034526160113358 0.029912730295472593 197489308.50000003 0.014395907209395655 0.015147107720504318 47.369248844778859 -0.02107481975928532
decision_type=2 2 2 2 2 2 2 2 2 2 2 2 2 2 2 2 2 2 2 2 2 2 2 2 2
left_child=3 2 -2 6 5 16 9 24 -9 15 12 -12 -6 -11 -7 -1 -5 18 20 -20 -3 22 -19 -23 -8
right_child=1 17 -4 4 10 14 7 8 -10 13 11 -13 -14 -15 -16 -17 -18 21 19 -21 -22 23 -24 -25 -26
leaf_value=0 0 -2.7532510711542413e-06 9.0737756020743874e-05 5.9349154260927095e-05 -6.4723795066751297e-05 0 -1.0938604123100526e-05 0.00010096753110657434 0 -8.4877822296657206e-05 0.00013679152579780966 0 0 0 -6.5698284689140595e-05 4.0982786514128208e-05 0 -2.062853082816479e-05 -0.00013270333223071881 0 9.8273063034924894e-05 8.2745761907705473e-05 3.6978432035633134e-06 4.5747864626012596e-06 0
leaf_weight=94 20 34 61 27 79 42 40 115 22 76 41 48 194 20 236 75 48 541 43 49 25 50 1163 904 21
leaf_count=94 20 34 61 27 79 42 40 115 22 76 41 48 194 20 236 75 48 541 43 49 25 50 1163 904 21
internal_value=0 2.00094e-06 5.76706e-05 -4.71194e-06 -1.58257e-05 -3.81633e-05 5.97244e-06 4.04863e-05 7.38987e-05 -8.50437e-06 0 4.87872e-05 -8.01331e-06 -6.0869e-05 -5.51447e-05 3.51866e-06 0 0 -2.19368e-05 -6.17526e-05 0 1.66303e-06 -2.26579e-06 1.18244e-05 0
internal_weight=4068 2890 81 1178 715 353 463 198 137 265 362 89 273 96 278 169 75 2809 151 92 59 2658 1704 954 61
internal_count=4068 2890 81 1178 715 353 463 198 137 265 362 89 273 96 278 169 75 2809 151 92 59 2658 1704 954 61
is_linear=0
shrinkage=0.03


Tree=307
num_leaves=26
num_cat=0
split_feature=2 1 35 24 24 30 5 30 30 29 30 1 0 29 33 31 27 35 0 21 21 24 5 24 30
split_gain=4.02401e-05 0.000363136 0.000295532 0.000410028 0.000416222 0.000448187 0.000399705 0.000488862 0.00125663 0.000369678 0.000322962 0.000283538 0.000452876 0.000354766 0.000234741 0.000229806 0.000320206 0.000328642 0.000212902 0.0002087 0.000277 0.000201069 0.000193793 0.000121217 4.35815e-05
threshold=5.1150000095367441 5.3250000476837167 0.016769892862061517 -0.00095623979862411183 0.033526860036656427 68.482309991566694 188941767.50000003 59.439321190474317 48.556614358533459 78.573099662676867 71.729254178706654 5.5713350772857675 3.3518227338790898 82.139406272332792 0.0076467326912104125 -0.009756088294657626 0.92163434305707559 0.028396706389069066 1.9503872990608218 5.4815000216166192 5.6885565559069322 0.055463992912316573 168835160.50000003 -0.024856150462764799 57.389120763318168
decision_type=2 2 2 2 2 2 2 2 2 2 2 2 2 2 2 2 2 2 2 2 2 2 2 2 2
left_child=2 15 3 18 5 -5 10 8 -8 -9 14 12 13 -3 -4 -2 17 -17 -1 22 -21 -14 -13 -20 -6
right_child=1 11 6 4 24 -7 7 9 -10 -11 -12 19 21 -15 -16 16 -18 -19 23 20 -22 -23 -24 -25 -26
leaf_value=9.1085165126085859e-05 0 5.9895152890179827e-05 -1.3020977851895692e-05 0.0001049668921717353 -2.5047800478369031e-06 0 0 -5.6328174783856639e-05 0.00010668828300511197 0 0 0 -4.6531378019801821e-05 0 -0.00013495641791717381 -6.7437555273495639e-05 0 0 0 3.3270995736180661e-05 -5.6834744947990391e-06 4.7089574840993575e-06 -5.3596414533205057e-05 -3.2480780057763325e-05 2.1831039509225842e-05
leaf_weight=21 80 270 139 128 91 47 486 166 121 161 41 24 85 37 47 248 59 39 275 198 929 45 131 119 81
leaf_count=21 80 270 139 128 91 47 486 166 121 161 41 24 85 37 47 248 59 39 275 198 929 45 131 119 81
internal_value=0 -2.75248e-06 3.22203e-06 1.86269e-05 4.27196e-05 7.58746e-05 -4.30563e-06 1.37482e-06 2.01885e-05 -2.43724e-05 -4.08784e-05 1.79639e-06 2.37418e-05 4.59948e-05 -6.00089e-05 -2.81448e-05 -3.96588e-05 -5.385e-05 0 -3.34559e-06 0 -5.74517e-06 -3.61047e-05 -6.48139e-06 0
internal_weight=4068 2145 1923 762 347 175 1161 934 607 327 227 1719 437 307 186 426 346 287 415 1282 1127 130 155 394 172
internal_count=4068 2145 1923 762 347 175 1161 934 607 327 227 1719 437 307 186 426 346 287 415 1282 1127 130 155 394 172
is_linear=0
shrinkage=0.03


Tree=308
num_leaves=23
num_cat=0
split_feature=27 34 27 30 35 35 23 3 21 28 28 34 5 24 29 34 26 26 30 27 28 26
split_gain=4.18856e-05 0.000553699 0.000285972 0.00043885 0.000308188 0.000280093 0.000230543 0.000342075 0.000440163 0.000219358 0.000332207 0.000474497 0.000212127 0.000199063 0.000543971 0.000192064 0.00017112 0.000169091 0.000132995 0.000110571 9.15455e-05 1.1001e-07
threshold=0.18618145709176367 -0.014505934310653111 0.27044595946197508 24.107373172528014 0.012608886337300692 0.016393408984210489 -0.092552590498295548 4.1050000190734872 5.5534166614214593 5693358464.000001 -1600569254.9999998 -0.057045518594467375 149148423.00000003 -0.073826695342387547 80.889909060420919 -0.0098887570379567729 0.11313459966028412 0.1151962336067842 28.773940019870064 -0.070096170817383202 10443358670.000002 0.099810585876020722
decision_type=2 2 2 2 2 2 2 2 2 2 2 2 2 2 2 2 2 2 2 2 2 2
left_child=1 9 3 17 -5 21 7 -4 -9 10 18 -12 -6 14 -8 -7 -15 -2 -1 -11 -21 -3
right_child=2 5 6 4 12 15 13 8 -10 19 11 -13 -14 16 -16 -17 -18 -19 -20 20 -22 -23
leaf_value=0 -5.2621543887891074e-05 0 0 0 0 -0.0001987967795957579 0 -9.7344463785483266e-05 0 0 0 5.9630342809763307e-05 8.1449455569645673e-05 4.8916310196699038e-06 0.00014676478992544197 0 -1.0589997357819159e-05 0 -4.0898047146333767e-05 -6.4692847991601726e-05 0 -1.986097398680624e-06
leaf_weight=228 55 36 29 35 28 24 110 96 36 20 75 224 170 1581 31 30 1036 32 73 73 21 25
leaf_count=228 55 36 29 35 28 24 110 96 36 20 75 224 170 1581 31 30 1036 32 73 73 21 25
internal_value=0 -5.93107e-06 1.62292e-06 2.88046e-05 5.32174e-05 -6.76973e-05 -3.30086e-07 -3.58132e-05 -6.24076e-05 0 1.10589e-05 3.51622e-05 6.8794e-05 6.54779e-07 3.57483e-05 -0.000120041 -9.09933e-08 -2.11992e-06 -2.92462e-06 -3.29703e-05 -4.87402e-05 0
internal_weight=4068 829 3239 320 233 115 2919 161 132 714 600 299 198 2758 141 54 2617 87 301 114 94 61
internal_count=4068 829 3239 320 233 115 2919 161 132 714 600 299 198 2758 141 54 2617 87 301 114 94 61
is_linear=0
shrinkage=0.03


Tree=309
num_leaves=24
num_cat=0
split_feature=22 22 27 27 29 27 27 23 30 20 24 27 29 28 5 26 26 26 31 26 26 31 31
split_gain=4.2209e-05 0.000261604 0.000171231 0.000329374 0.000844028 0.000282885 0.000430166 0.000425609 0.000283279 0.000275646 0.000241706 0.000226472 0.000224853 0.000162091 9.78409e-05 9.62947e-05 8.79404e-05 0.000164243 0.000229279 0.00019149 0.000140868 0.000129523 3.70166e-05
threshold=43.625251863205733 44.317763554458296 0.097445689118387774 0.18294053586524833 43.356337983476436 0.0072685207278513639 -0.035692410636258436 -0.056466486002752607 11.151210618296568 4.6559999823570264 -0.018483829003988424 0.38273212972955267 33.615555597627385 -2070977645.4999998 192187480.50000003 0.10218840396226857 0.077691585627944967 0.11313459966028412 0.0060181024311399831 0.10030254178184098 0.073896469133846079 0.0040281976947069706 -0.010548610375181787
decision_type=2 2 2 2 2 2 2 2 2 2 2 2 2 2 2 2 2 2 2 2 2 2 2
left_child=2 14 5 4 10 6 15 8 -7 -8 -4 12 -5 -13 -2 -1 20 19 -19 -18 -3 -22 -9
right_child=1 16 3 11 -6 7 9 22 -10 -11 -12 13 -14 -15 -16 -17 17 18 -20 -21 21 -23 -24
leaf_value=0 0 0 0 -4.6796991484613409e-06 -0.0002225718594794316 0 0 -3.1725278049387353e-05 9.4722764909068734e-05 -0.00010751485971971737 -5.4942162640236236e-05 -0.00010309322527242341 3.1865716343467868e-05 0 7.9444395812323029e-05 3.1120782704411091e-05 0 2.3166607745542823e-06 -2.2358324141946843e-05 2.4025670294235669e-05 -6.246959334981675e-05 0 0
leaf_weight=76 28 72 157 164 24 20 23 33 99 56 82 30 225 33 53 92 910 711 459 525 80 52 64
leaf_count=76 28 72 157 164 24 20 23 33 99 56 82 30 225 33 53 92 910 711 459 525 80 52 64
internal_value=0 2.00645e-06 -4.72959e-06 -1.53323e-05 -4.20196e-05 5.16553e-06 -7.99323e-06 3.4092e-05 7.2973e-05 -7.11476e-05 -1.12562e-05 0 8.75105e-06 -5.25163e-05 5.5196e-05 3.88252e-06 0 1.95061e-06 -4.80073e-06 9.54558e-06 -1.84179e-05 -3.85207e-05 0
internal_weight=4068 2890 1178 715 263 463 247 216 119 79 239 452 389 63 81 168 2809 2605 1170 1435 204 132 97
internal_count=4068 2890 1178 715 263 463 247 216 119 79 239 452 389 63 81 168 2809 2605 1170 1435 204 132 97
is_linear=0
shrinkage=0.03


Tree=310
num_leaves=16
num_cat=0
split_feature=36 5 36 28 24 5 5 25 25 33 33 26 30 33 28
split_gain=4.15197e-05 0.000157212 0.000313841 0.000488479 0.000148557 0.000440602 0.000249339 0.000159646 0.000149661 0.000102433 0.000182517 0.00038384 0.000117941 0.000117686 9.16382e-06
threshold=-0.018126889674538862 589471183.50000012 0.022643640255677205 1616395567.5000002 0.072809277130864034 469336686.00000006 325331797.50000006 0.0097822594373506641 -0.0124459448938709 -0.053470220858956079 -0.033960712631259153 0.10240409874407962 26.097779939804614 -0.025597348842542608 3801011379.0000005
decision_type=2 2 2 2 2 2 2 2 2 2 2 2 2 2 2
left_child=4 9 3 -3 5 6 7 -1 -8 12 11 -11 -2 -12 -6
right_child=1 2 -4 -5 14 -7 8 -9 -10 10 13 -13 -14 -15 -16
leaf_value=-5.9378102461764177e-05 -8.3804274452185275e-05 0.00017555855348100552 0 0 1.8499115683888057e-05 -0.00013935610648969514 0.00010719057360191397 0 0 0 -2.3502721414671774e-05 6.9052000156361132e-05 0 3.436307973389289e-07 0
leaf_weight=77 28 28 27 30 24 29 20 30 29 60 191 107 31 3323 34
leaf_count=77 28 28 27 30 24 29 20 30 29 60 191 107 31 3323 34
internal_value=0 8.06129e-07 4.11321e-05 8.56718e-05 -1.19787e-05 -3.0179e-05 0 -3.45918e-05 4.42752e-05 0 5.17467e-07 3.1444e-05 -3.92837e-05 -9.94424e-08 0
internal_weight=4068 3825 85 58 243 185 156 107 49 3740 3681 167 59 3514 58
internal_count=4068 3825 85 58 243 185 156 107 49 3740 3681 167 59 3514 58
is_linear=0
shrinkage=0.03


Tree=311
num_leaves=27
num_cat=0
split_feature=28 28 33 27 36 20 20 5 36 27 27 33 25 21 35 5 4 5 22 34 31 25 31 22 35 27
split_gain=4.06614e-05 0.000276858 0.000296792 0.000404327 0.000383475 0.000211791 0.000344825 0.000239254 0.000230681 0.000631072 0.00021265 0.000422507 0.000207741 0.000367485 0.000350002 0.000405827 0.000351654 0.000311333 0.000231326 0.000155409 0.000148822 5.22388e-05 7.4464e-05 1.05253e-05 3.21548e-05 5.36035e-06
threshold=3201694462.5000005 2036193434.5000002 0.0018382145408214481 0.92822898829904099 0.0095238233639808149 5.0847499847412116 4.7889999747276315 175149369.00000003 0.017669093413148009 0.81717406277268123 0.83934600007024185 0.0036199089523475396 0.019518070782294925 4.4265833338101706 0.0096992980978816198 170850428.50000003 5.6208624839782724 265461807.00000003 59.435220271989891 0.017640186472273615 0.013448652696495535 0.020629849759090168 0.0020449475764913187 37.9287629732178 0.020042367980969193 0.99537511081066421
decision_type=2 2 2 2 2 2 2 2 2 2 2 2 2 2 2 2 2 2 2 2 2 2 2 2 2 2
left_child=1 12 23 4 -4 6 21 -8 10 -10 11 -7 14 18 15 -1 -16 -15 -14 -12 -9 22 -2 -3 -25 -11
right_child=5 2 3 -5 -6 8 7 20 9 25 19 -13 13 17 16 -17 -18 -19 -20 -21 -22 -23 -24 24 -26 -27
leaf_value=0 0 -9.5974345493972539e-06 -0.00013690801549651985 0 0 0 0 0.00010641915611795908 -0.00012101497863843452 1.4451458489268333e-05 0 3.9108656306869717e-05 1.4668093829883932e-05 0 3.413556390079864e-06 -0.00012639218202350997 -4.6111480570197602e-05 7.0998997474172921e-05 -4.5656386372847749e-05 -3.3466143713791994e-05 0 -4.7203776960689296e-05 5.635770497362512e-05 2.8169736998483571e-05 0 0
leaf_weight=50 25 37 66 32 22 719 21 77 52 23 36 329 55 142 1596 44 140 153 95 197 24 21 21 44 24 23
leaf_count=50 25 37 66 32 22 719 21 77 52 23 36 329 55 142 1596 44 140 153 95 197 24 21 21 44 24 23
internal_value=0 -2.33727e-06 -3.41704e-05 -6.64268e-05 -0.000100726 3.82461e-06 3.36049e-05 6.55033e-05 0 -4.45866e-05 3.1353e-06 1.08374e-05 0 1.91199e-05 -3.64021e-06 -6.00436e-05 0 4.08133e-05 -3.5557e-06 -1.86273e-05 8.55089e-05 0 0 0 9.42978e-06 0
internal_weight=4068 2500 225 120 88 1568 189 122 1379 98 1281 1048 2275 445 1830 94 1736 295 150 233 101 67 46 105 68 46
internal_count=4068 2500 225 120 88 1568 189 122 1379 98 1281 1048 2275 445 1830 94 1736 295 150 233 101 67 46 105 68 46
is_linear=0
shrinkage=0.03


Tree=312
num_leaves=28
num_cat=0
split_feature=22 22 35 32 0 27 36 22 33 32 24 35 30 24 26 36 0 32 21 25 25 24 25 5 5 35 34
split_gain=4.00469e-05 0.000244799 0.000236611 0.000166356 0.000257486 0.000164184 0.000350124 0.000341063 0.000329308 0.000533879 0.000522229 0.000436586 0.000441492 0.00036393 0.000232683 0.000577801 0.000268569 0.00021732 9.91424e-05 8.58287e-05 0.000421085 0.000439789 0.000346031 0.000279541 0.000269915 0.000206893 4.79769e-06
threshold=43.625251863205733 44.317763554458296 0.014059354221211908 0.0090354381759628639 3.1431088447570805 0.097445689118387774 -1.0000000180025095e-35 33.716367952745159 -0.025234013209484037 -0.029796621623877525 -0.081981051579676348 0.01419876991484346 37.19388242282421 -0.027427385633973723 0.12007040849623064 0.0086956647032825247 2.2521172761917119 -0.030950020865515456 4.975749993324281 0.0092137968285488699 0.022144260888002115 -0.01583096547486728 0.0051453784773540486 197489308.50000003 197489308.50000003 0.020127497435320742 -0.02107481975928532
decision_type=2 2 2 2 2 2 2 2 2 2 2 2 2 2 2 2 2 2 2 2 2 2 2 2 2 2 2
left_child=5 2 -2 4 -4 8 7 18 9 10 -1 26 -13 -11 16 -16 -8 -9 -7 22 21 -21 25 -24 -22 -3 -10
right_child=1 19 3 -5 -6 6 14 17 11 13 -12 12 -14 -15 15 -17 -18 -19 -20 20 24 -23 23 -25 -26 -27 -28
leaf_value=0.00013100983383191277 0 9.9061407590639621e-06 0.00020265341402768194 0 0 5.7380776807263726e-05 -6.0389888894964424e-05 0 -1.0376841702528683e-05 -9.7636788135862303e-05 0 9.6807014493712298e-05 0 0 0.00013194202692723786 0 0 -6.2702096632007108e-05 0 -1.4693852814861812e-07 -4.0904752801011361e-05 4.3085241378944689e-05 0 -7.3102562238262287e-05 0 -1.5088841616721722e-05 0
leaf_weight=31 20 816 20 20 21 27 70 29 40 80 87 115 22 67 41 48 203 249 48 168 161 428 64 111 595 466 21
leaf_count=31 20 816 20 20 21 27 70 29 40 80 87 115 22 67 41 48 203 249 48 168 161 428 64 111 595 466 21
internal_value=0 1.92846e-06 5.33776e-05 8.5247e-05 0.000120192 -4.63359e-06 -1.50371e-05 -3.6747e-05 4.95397e-06 -8.54166e-06 2.32392e-05 3.81554e-05 7.04952e-05 -5.44456e-05 0 4.68391e-05 -7.14399e-06 -5.30874e-05 0 0 5.86716e-06 2.58683e-05 -4.59026e-06 -4.4203e-05 -5.93454e-06 0 0
internal_weight=4068 2890 81 61 41 1178 715 353 463 265 118 198 137 147 362 89 273 278 75 2809 1352 596 1457 175 756 1282 61
internal_count=4068 2890 81 61 41 1178 715 353 463 265 118 198 137 147 362 89 273 278 75 2809 1352 596 1457 175 756 1282 61
is_linear=0
shrinkage=0.03


Tree=313
num_leaves=30
num_cat=0
split_feature=29 29 26 24 34 25 23 24 25 36 36 0 27 0 31 36 23 26 2 32 24 24 32 0 32 27 34 2 23
split_gain=4.05175e-05 0.000324151 0.000727185 0.000489356 0.000628357 0.000289167 0.000376993 0.000391648 0.000383812 0.000322333 0.000334347 0.000431446 0.000317372 0.000348804 0.000289657 0.000235477 0.000323871 0.000207562 0.000185232 0.000179033 0.000391291 0.000468733 0.000352727 0.00042228 0.000341141 0.000171048 0.000169742 6.32309e-05 5.7191e-06
threshold=59.630545010131847 50.877170967820085 0.10884153163917923 0.091192911740950011 0.014196980602975697 0.025264259117048517 0.022136330772603911 0.090090555001717323 0.0092137968285488699 0.0038277511209557614 0.014612114701264884 4.1778573989868173 0.71308119743348541 3.2382533550262456 0.01665129824435763 -0.0023612762528476051 0.1109243867221701 0.10240409874407962 5.2550001144409189 -0.0021187020569679578 0.030100575435726116 -0.046518659370855815 -0.010247649247149436 4.0502183437347421 -0.013017996399662278 0.90300185570283109 -0.019282421864224571 6.2750000953674325 0.082018575030135224
decision_type=2 2 2 2 2 2 2 2 2 2 2 2 2 2 2 2 2 2 2 2 2 2 2 2 2 2 2 2 2
left_child=1 19 17 4 -4 6 12 8 -8 15 11 -11 14 -14 -2 16 -7 18 -3 22 21 -21 24 -24 -1 -17 -22 -9 -12
right_child=5 2 3 -5 -6 9 7 27 -10 10 28 -13 13 -15 -16 25 -18 -19 -20 20 26 -23 23 -25 -26 -27 -28 -29 -30
leaf_value=-7.6158571161385906e-07 2.4295035525814766e-05 0 -0.00014686570535515513 0 0 -4.4817193855573122e-05 0 -2.2829129407314218e-05 7.5453660682235345e-05 -8.8954100588528354e-05 9.754084141786395e-06 0 0 -0.00010175085186273161 -4.4004395140903261e-05 7.3166180676821049e-05 2.757900288835713e-05 7.2525373842113476e-05 -6.4897952622216081e-05 0 5.7618398693632917e-06 5.5931417221964433e-05 -4.5900712483204899e-05 2.092153560776111e-05 5.0132721851486876e-05 0 -3.011012780930328e-05 1.3594758371185659e-05 0
leaf_weight=786 367 140 91 40 38 136 163 97 220 132 54 29 82 54 43 65 47 35 40 224 73 286 329 45 125 70 186 34 37
leaf_count=786 367 140 91 40 38 136 163 97 220 132 54 29 82 54 43 65 47 35 40 224 73 286 329 45 125 70 186 34 37
internal_value=0 -2.44133e-06 -2.81596e-05 -7.53091e-05 -0.000104116 3.66823e-06 1.42702e-05 3.28617e-05 4.86748e-05 -1.07846e-05 -3.75822e-05 -6.38601e-05 0 -4.25308e-05 9.80765e-06 1.02544e-06 -9.83424e-06 0 -3.4812e-06 9.07397e-07 1.34616e-05 3.0456e-05 -4.27161e-06 -2.98379e-05 2.93373e-06 3.79485e-05 -8.42263e-06 0 0
internal_weight=4068 2438 384 169 129 1630 1060 514 383 570 252 161 546 136 410 318 183 215 180 2054 769 510 1285 374 911 135 259 131 91
internal_count=4068 2438 384 169 129 1630 1060 514 383 570 252 161 546 136 410 318 183 215 180 2054 769 510 1285 374 911 135 259 131 91
is_linear=0
shrinkage=0.03


Tree=314
num_leaves=25
num_cat=0
split_feature=27 34 0 28 34 31 27 30 35 0 32 32 23 36 31 5 36 31 35 34 30 31 5 29
split_gain=3.97781e-05 0.000507383 0.000294193 0.000479817 0.000482043 0.000275001 0.000266451 0.000408959 0.000294263 0.000246018 0.000224703 0.000694037 0.000311398 0.000289975 0.000210588 0.000201211 0.000184638 0.000172819 0.000104565 7.23301e-05 4.81552e-05 2.77536e-05 1.66368e-05 1.42181e-05
threshold=0.18618145709176367 -0.014505934310653111 3.2514501810073857 -1600569254.9999998 -0.057045518594467375 -0.0064222836474464575 0.27044595946197508 24.107373172528014 0.012608886337300692 3.838515162467957 -0.014152168795443841 -0.0083177497288320894 0.05745973767465707 0.0019979702994228584 -0.0075188075729879502 149148423.00000003 -0.0088235447963641838 -0.0016792703004687712 0.017690428097189171 -0.035097664175827818 75.400858569656847 -1.0000000180025095e-35 203215363.00000003 35.501922662860501
decision_type=2 2 2 2 2 2 2 2 2 2 2 2 2 2 2 2 2 2 2 2 2 2 2 2
left_child=1 2 3 18 -5 23 7 19 -9 17 12 14 13 -8 -12 -10 -13 -4 -1 -2 -14 -7 -21 -3
right_child=6 5 9 4 -6 21 10 8 15 -11 11 16 20 -15 -16 -17 -18 -19 -20 22 -22 -23 -24 -25
leaf_value=3.1902779016403518e-06 0 0 -7.5584755432748406e-05 0 7.4401468593421601e-05 0 -6.5737745000076791e-05 0 0 0 9.3516004694451686e-05 -2.7514645885025471e-05 -1.4729513822175624e-07 0 2.1030889399678864e-06 7.8987597881410214e-05 0 0 -2.3815466411663701e-05 0 3.1709577697319768e-05 -2.8340078619311758e-05 -4.7116528034282431e-05 -0.00014365098413519838
leaf_weight=132 22 20 92 59 177 28 170 35 28 54 93 230 128 37 137 170 2081 35 165 29 43 31 36 36
leaf_count=132 22 20 92 59 177 28 170 35 28 54 93 230 128 37 137 170 2081 35 165 29 43 31 36 36
internal_value=0 -5.81174e-06 0 1.47228e-05 4.81119e-05 -6.48897e-05 1.55144e-06 2.77975e-05 5.13789e-05 -2.87047e-05 -2.98969e-07 1.84502e-06 -2.26424e-05 -4.7846e-05 5.21281e-05 6.66563e-05 -1.86331e-06 -5.40008e-05 -1.71827e-06 -9.00488e-07 0 0 -3.16392e-05 -0.00011424
internal_weight=4068 829 714 533 236 115 3239 320 233 181 2919 2541 378 207 230 198 2311 127 297 87 171 59 65 56
internal_count=4068 829 714 533 236 115 3239 320 233 181 2919 2541 378 207 230 198 2311 127 297 87 171 59 65 56
is_linear=0
shrinkage=0.03


Tree=315
num_leaves=13
num_cat=0
split_feature=3 36 26 24 28 28 25 32 26 31 24 24
split_gain=4.02427e-05 0.00020847 0.000160566 9.31242e-05 0.000240305 0.000335402 0.000165715 0.000136614 0.000333272 0.00028013 2.71016e-07 5.51822e-06
threshold=3.7350000143051152 -0.0058982349751343375 0.087630292222924608 -0.16543031874497385 -6121181483.999999 640541819.00000012 0.07123884933832271 0.012964429018979652 0.14905975760825033 0.013859062573263749 -0.024856150462764799 -0.088318283195355105
decision_type=2 2 2 2 2 2 2 2 2 2 2 2
left_child=1 2 -1 4 -2 -6 7 9 -9 -5 11 -3
right_child=3 10 -4 6 5 -7 -8 8 -10 -11 -12 -13
leaf_value=0 0 0 0.00011640227388543748 0 -0.00011197599262534494 0 7.4112122364873155e-05 -7.7985425008480218e-07 -6.4015128852491315e-05 4.2852099909266816e-05 0 -1.2361026407271356e-05
leaf_weight=30 31 20 27 2724 48 33 27 810 100 144 40 34
leaf_count=30 31 20 27 2724 48 33 27 810 100 144 40 34
internal_value=0 1.52323e-05 6.24488e-05 -5.441e-07 -2.75317e-05 -6.09467e-05 0 -2.78825e-07 -1.10314e-05 2.08718e-06 0 -2.12334e-06
internal_weight=4068 151 57 3917 112 81 3805 3778 910 2868 94 54
internal_count=4068 151 57 3917 112 81 3805 3778 910 2868 94 54
is_linear=0
shrinkage=0.03


Tree=316
num_leaves=25
num_cat=0
split_feature=28 28 1 19 36 0 4 25 19 21 25 19 0 5 24 2 26 21 26 22 22 22 23 34
split_gain=3.97637e-05 0.000258265 0.000282995 0.000238448 0.000307428 0.000216893 0.000428903 0.000392156 0.000320152 0.000249924 0.000399185 0.000196405 0.000336355 0.000304858 0.000368297 0.00020656 0.000162195 0.000149682 0.000133968 0.000126054 0.000116554 0.000535682 0.000149908 9.58078e-05
threshold=3201694462.5000005 2036193434.5000002 5.4722793102264413 4.7199999332427991 0.012048152394396385 2.152673721313477 4.5750000476837167 -0.021050053517037027 3.901999950408936 5.6885565559069322 -0.0061574850341702394 5.5840000629425059 3.3450520038604741 281021107.00000006 0.0092560390955856633 5.6505789756774911 0.11683364523771776 5.2586666822433479 0.12896648399550162 40.385976344222719 52.968014566412073 49.891298820486718 0.07864557617016478 0.030303025468249926
decision_type=2 2 2 2 2 2 2 2 2 2 2 2 2 2 2 2 2 2 2 2 2 2 2 2
left_child=1 5 3 -3 -5 6 8 -8 -1 16 -11 12 13 14 -2 -13 -7 23 -19 -15 21 -17 -22 -14
right_child=11 2 -4 4 -6 9 7 -9 -10 10 -12 15 17 19 -16 20 -18 18 -20 -21 22 -23 -24 -25
leaf_value=0.00010414452948585434 4.5798122334396689e-06 0 0 -8.9388499025174406e-05 0 -4.3188674115505544e-06 0 8.6772053941857358e-05 -1.6960178470364271e-05 0 -9.5075914477365178e-05 -6.8633557527761214e-05 3.7051882957509328e-05 4.1299127061163856e-05 0.00010596242440125368 0 2.0927504500051715e-05 -5.8903712498596786e-05 0 -2.3009153985151347e-05 -2.7115485209699907e-05 6.8882811586640336e-05 0 0
leaf_weight=21 160 46 35 124 20 1484 40 121 206 66 67 40 64 40 98 352 270 73 23 85 239 115 242 37
leaf_count=21 160 46 35 124 20 1484 40 121 206 66 67 40 64 40 98 352 270 73 23 85 239 115 242 37
internal_value=0 -2.29554e-06 -3.30322e-05 -5.13012e-05 -7.04359e-05 0 2.11043e-05 5.88989e-05 0 -3.44131e-06 -4.31028e-05 3.79746e-06 1.83995e-05 3.60902e-05 5.4739e-05 -1.73944e-06 0 -7.7433e-07 -3.72102e-05 0 0 1.1707e-05 -9.21815e-06 4.18677e-06
internal_weight=4068 2500 225 190 144 2275 388 161 227 1887 133 1568 580 383 258 988 1754 197 96 125 948 467 481 101
internal_count=4068 2500 225 190 144 2275 388 161 227 1887 133 1568 580 383 258 988 1754 197 96 125 948 467 481 101
is_linear=0
shrinkage=0.03


Tree=317
num_leaves=29
num_cat=0
split_feature=30 36 30 4 20 23 33 21 30 30 23 0 30 25 5 0 3 31 31 36 21 23 0 21 19 26 0 32
split_gain=3.8169e-05 0.000254658 0.000405203 0.000366383 0.000524787 0.00031104 0.000207156 0.000331649 0.000203751 0.00037641 0.000332332 0.00031399 0.000800246 0.000282092 0.000304949 0.000303841 0.000301239 0.000210445 0.000189205 0.000183457 0.000172181 0.000161667 0.000113777 0.00010838 0.000150168 5.54566e-05 4.98541e-05 1.07157e-06
threshold=24.107373172528014 0.0034512503110957276 20.420178892834922 4.9949998855590829 4.4405000090599076 -0.017181557556376511 -0.024256493167270406 5.9777741273244231 37.357412515639744 43.819356705443134 -0.017181557556376511 1.9127405285835268 64.309217718073199 -0.0098920149175276851 254345202.50000003 2.4159610271453862 5.4949998855590829 0.0050125580216768837 0.0204528766394142 -0.0044926780170199019 5.581666660308839 0.022902373318785422 3.1302493810653691 5.5534166614214593 5.8575949668884286 0.13118407267611543 2.6374176740646367 0.0065147206931752697
decision_type=2 2 2 2 2 2 2 2 2 2 2 2 2 2 2 2 2 2 2 2 2 2 2 2 2 2 2 2
left_child=1 2 6 4 -3 -4 25 -8 13 10 17 12 -11 16 19 -16 18 -10 -2 -15 -12 -13 -6 -5 -25 -1 -7 -18
right_child=8 3 5 23 22 26 7 -9 9 11 20 21 -14 14 15 -17 27 -19 -20 -21 -22 -23 -24 24 -26 -27 -28 -29
leaf_value=-1.1274212940489998e-05 6.3245315932218532e-05 0 0 5.2636497515239485e-05 -0.00014261944463310174 0 6.4473413509679017e-05 0 -9.2659280916915064e-05 0.00019303522656742152 -2.5827097970714686e-05 -8.6199769787808532e-06 0 0 0 8.2749134223457236e-05 -1.5563474670091282e-06 0 0 -4.7415836719628465e-05 3.1087087568287049e-05 7.3953457786151941e-06 0 -5.6377899850668919e-05 0 3.046333443078694e-05 -0.00011408595826614217 4.1345172446139492e-06
leaf_weight=129 220 36 75 31 57 20 160 31 96 27 135 1035 20 74 30 60 108 38 21 134 67 1254 22 46 26 36 39 41
leaf_count=129 220 36 75 31 57 20 160 31 96 27 135 1035 20 74 30 60 108 38 21 134 67 1254 22 46 26 36 39 41
internal_value=0 -6.26484e-06 1.0269e-07 -3.43258e-05 -7.13969e-05 -3.70526e-05 2.25192e-05 4.38245e-05 1.3973e-06 -1.34388e-06 -3.16458e-05 1.7316e-06 7.84125e-05 1.64017e-05 0 3.91465e-05 3.3546e-05 -6.88506e-05 5.42705e-05 -2.56001e-05 0 0 -0.000115709 0 -1.25614e-05 0 -8.86104e-05 0
internal_weight=4068 708 490 218 115 134 356 191 3360 2672 336 2336 47 688 298 90 390 134 241 208 202 2289 79 103 72 165 59 149
internal_count=4068 708 490 218 115 134 356 191 3360 2672 336 2336 47 688 298 90 390 134 241 208 202 2289 79 103 72 165 59 149
is_linear=0
shrinkage=0.03


Tree=318
num_leaves=26
num_cat=0
split_feature=28 28 33 29 28 29 26 29 20 2 33 36 36 0 23 28 34 33 31 26 33 23 28 36 33
split_gain=4.04952e-05 0.000276119 0.000211643 0.00032897 0.00040675 0.000262337 0.000190058 0.000172782 0.000169855 0.000206736 0.000134434 0.000239514 0.000337852 0.000224831 0.000263903 0.000212731 0.000539102 0.000341026 0.000228154 0.000216137 0.000185066 0.000122093 8.54856e-05 8.54351e-05 3.48499e-05
threshold=-3067874471.9999995 -3462897049.9999995 -0.024256493167270406 33.247135352445376 -6524259946.499999 49.659637809851013 0.096041159356796343 57.004682213314098 5.4930000543594373 3.9450000524520878 -0.016981517277265708 -0.0088235447963641838 -0.0067491586199992489 3.1215580701828007 0.087620268892625766 133157873.50000001 -0.026295433599477943 -0.048795043658958363 -0.0016792703004687712 0.12573177785916936 0.0036199089523475396 0.04548977390090015 -921466911.49999988 -0.0090805933362058701 0.0051150883103330278
decision_type=2 2 2 2 2 2 2 2 2 2 2 2 2 2 2 2 2 2 2 2 2 2 2 2 2
left_child=1 2 3 4 -1 6 -4 -7 9 -3 15 13 21 24 -15 16 18 23 -2 -19 -14 -13 -18 -17 -12
right_child=10 8 5 -5 -6 7 -8 -9 -10 -11 11 12 20 14 -16 17 22 19 -20 -21 -22 -23 -24 -25 -26
leaf_value=0 0.00010711901109523186 0 0 0 -0.00010670424104137309 -5.1737116543894635e-05 5.2359486220458364e-05 0 0 -0.0001343357273789882 1.1601639796205034e-05 6.6039233561082186e-05 -1.2845693521234337e-05 -6.477104777140175e-05 0 0 -3.7543800825329671e-05 0 0 4.0370431377872647e-05 5.980377031939549e-06 0 1.2564521288151856e-05 -9.8154920748452345e-05 -1.7258088195171648e-05
leaf_weight=54 88 21 124 30 72 59 159 335 25 34 111 97 747 154 45 38 51 259 20 165 1210 52 31 32 55
leaf_count=54 88 21 124 30 72 59 159 335 25 34 111 97 747 154 45 38 51 259 20 165 1210 52 31 32 55
internal_value=0 -5.53084e-06 0 -3.18918e-05 -6.00582e-05 6.84348e-06 3.06023e-05 -2.61301e-06 -5.87467e-05 -8.82692e-05 1.64269e-06 -4.88884e-07 2.12604e-06 -2.379e-05 -4.53228e-05 1.37274e-05 4.10521e-05 0 8.63251e-05 1.32585e-05 0 4.58606e-05 0 -5.75749e-05 0
internal_weight=4068 913 833 156 126 677 283 394 80 55 3155 2471 2106 365 199 684 190 494 108 424 1957 149 82 70 166
internal_count=4068 913 833 156 126 677 283 394 80 55 3155 2471 2106 365 199 684 190 494 108 424 1957 149 82 70 166
is_linear=0
shrinkage=0.03


Tree=319
num_leaves=31
num_cat=0
split_feature=29 29 26 22 25 26 33 30 28 22 22 21 35 30 30 35 26 21 32 32 32 23 33 25 23 20 32 33 25 23
split_gain=4.01662e-05 0.000289523 0.000685686 0.000547322 0.000270081 0.000361121 0.000397941 0.000347956 0.000469736 0.000346532 0.000344291 0.000368441 0.000313136 0.0002876 0.000260915 0.000222066 0.000195754 0.000178183 0.000165075 0.000330006 0.000307341 0.000283001 0.000367176 0.000292307 0.00022723 0.00015087 0.000118536 6.46167e-05 3.54641e-05 9.7445e-06
threshold=59.630545010131847 50.877170967820085 0.10884153163917923 48.549710262976141 0.025264259117048517 0.11556140305638486 0.024455803356116305 71.389207629890038 5823051283.000001 58.433586288777569 55.908560360013404 4.9964999993642172 0.010176348190427753 85.906966706984363 70.7478579854277 0.011815694271256555 0.10240409874407962 5.6814089099566152 -0.0021187020569679578 -0.010247649247149436 -0.013017996399662278 0.02502482537515727 0.0046984916850697509 -0.024693020367081691 -0.1088673550591832 5.4222500324249276 0.0097181963472789974 0.022685428013643264 0.014986029537386404 0.1109243867221701
decision_type=2 2 2 2 2 2 2 2 2 2 2 2 2 2 2 2 2 2 2 2 2 2 2 2 2 2 2 2 2 2
left_child=1 18 16 17 5 6 12 8 -7 10 27 -12 -2 14 -11 -8 25 -4 19 20 -1 23 -23 -20 -21 -3 -5 -6 -9 -15
right_child=4 2 3 26 9 7 15 28 -10 13 11 -13 -14 29 -16 -17 -18 -19 21 24 -22 22 -24 -25 -26 -27 -28 -29 -30 -31
leaf_value=-7.111829276888421e-07 -2.4253416781479618e-05 0 -0.00020665681009294354 -3.8549823186922361e-05 -3.0741445241268655e-05 0.00011087457213896779 0 -6.1893878194375429e-06 0 0 0.0001769781885779256 0 2.7712396645988923e-05 -4.0465646062471474e-06 -6.3922149420688742e-05 -5.0237020760859849e-05 7.0613567820853646e-05 0 0 0 4.7516609669165525e-05 3.3290388797617074e-06 -6.9252440104554654e-05 4.0450772643566688e-05 -3.8870256947754718e-05 -7.1086313844421294e-05 0 3.481489905604099e-06 2.3681542453622174e-05 1.0364134709696558e-05
leaf_weight=786 74 153 36 73 61 103 24 85 73 40 22 35 481 115 199 169 35 20 149 31 125 161 70 389 343 27 40 34 51 64
leaf_count=786 74 153 36 73 61 103 24 85 73 40 22 35 481 115 199 169 35 20 149 31 125 161 70 389 343 27 40 34 51 64
internal_value=0 -2.39614e-06 -2.66893e-05 -7.25769e-05 3.68631e-06 1.39566e-05 0 4.12673e-05 6.92567e-05 -1.01497e-05 1.82649e-05 7.94689e-05 1.53761e-05 -2.76595e-05 -4.91971e-05 -3.42795e-05 0 -0.000156918 6.86111e-07 -4.24163e-06 2.61801e-06 1.28205e-05 -5.7044e-06 2.63493e-05 -2.8966e-05 -2.53828e-06 -4.15279e-06 0 0 0
internal_weight=4068 2438 384 169 1630 1060 748 312 176 570 152 57 555 418 239 193 215 56 2054 1285 911 769 231 538 374 180 113 95 136 179
internal_count=4068 2438 384 169 1630 1060 748 312 176 570 152 57 555 418 239 193 215 56 2054 1285 911 769 231 538 374 180 113 95 136 179
is_linear=0
shrinkage=0.03


Tree=320
num_leaves=27
num_cat=0
split_feature=22 22 27 36 22 27 27 23 25 20 26 0 23 32 36 32 32 21 13 34 34 5 26 26 31 31
split_gain=3.95003e-05 0.000229702 0.000156108 0.000327616 0.000323449 0.000247404 0.000399416 0.000391955 0.000272913 0.000250326 0.000215741 0.000548451 0.00031755 0.00020451 9.54651e-05 9.4287e-05 0.000141002 9.23048e-05 8.92439e-05 0.000286451 0.000418219 0.000236622 0.000131712 0.000422981 0.000208974 3.29867e-05
threshold=43.625251863205733 44.317763554458296 0.097445689118387774 -1.0000000180025095e-35 33.716367952745159 0.0072685207278513639 -0.035692410636258436 -0.056466486002752607 -0.0066137798094166632 4.6559999823570264 0.12007040849623064 2.2751930952072148 -0.10209337177371357 -0.030950020865515456 -1.0000000180025095e-35 0.010507926990625307 -0.0016708543916736927 4.975749993324281 -1.0000000180025095e-35 0.011034526160113358 0.029912730295472593 197489308.50000003 0.11313459966028412 0.10030254178184098 0.0060181024311399831 -0.010548610375181787
decision_type=2 2 2 2 2 2 2 2 2 2 2 2 2 2 2 2 2 2 2 2 2 2 2 2 2 2
left_child=2 15 5 4 17 6 14 8 -7 -8 12 -12 -5 -6 -1 16 -2 -4 19 21 -21 -3 23 -20 -24 -9
right_child=1 18 3 10 13 7 9 25 -10 -11 11 -13 -14 -15 -16 -17 -18 -19 22 20 -22 -23 24 -25 -26 -27
leaf_value=2.5974220255399401e-05 0 -2.8601797467322995e-06 5.5366704216062822e-05 -6.1539726254066497e-05 0 9.0882577055557257e-05 0 -2.9948617971264481e-05 0 -0.00010295807068170182 0.00015770564694301227 0 0 -6.0946378163160646e-05 0 0 0.00014615429799878663 0 0 -0.00012800513178349435 0 9.2050764172623646e-05 2.6422791940577149e-06 3.1458158263881332e-05 -2.1185348969577141e-05 0
leaf_weight=131 41 34 27 79 29 99 23 33 20 56 27 62 194 249 37 20 20 48 1057 43 49 25 652 490 459 64
leaf_count=131 41 34 27 79 29 99 23 33 20 56 27 62 194 249 37 20 20 48 1057 43 49 25 652 490 459 64
internal_value=0 1.93896e-06 -4.57744e-06 -1.47346e-05 -3.57035e-05 4.62978e-06 -7.09572e-06 3.19177e-05 6.93564e-05 -6.83364e-05 0 4.49965e-05 -7.10011e-06 -5.16263e-05 3.879e-06 5.17984e-05 7.03575e-05 0 0 -2.18296e-05 -5.98415e-05 0 1.7687e-06 8.21185e-06 -4.50289e-06 0
internal_weight=4068 2890 1178 715 353 463 247 216 119 79 362 89 273 278 168 81 61 75 2809 151 92 59 2658 1547 1111 97
internal_count=4068 2890 1178 715 353 463 247 216 119 79 362 89 273 278 168 81 61 75 2809 151 92 59 2658 1547 1111 97
is_linear=0
shrinkage=0.03


Tree=321
num_leaves=17
num_cat=0
split_feature=36 24 23 35 35 35 26 31 26 32 29 25 33 22 21 30
split_gain=4.03346e-05 0.000140855 0.000322366 0.000159876 0.000133184 0.000203496 0.000103762 0.0001013 0.000317041 0.000225404 0.000139942 0.000379338 0.000356159 0.00010106 8.2552e-05 2.16444e-06
threshold=-0.018126889674538862 0.072809277130864034 -0.017181557556376511 0.031705678284853489 0.040110776041661862 0.053381458356396801 0.12513020068409311 0.02844164105170555 0.11231308297202387 0.032502767306621501 26.634681306442719 0.0057363168428838695 -0.033188496969911489 37.208967512149087 5.0926666378974925 45.202199275543997
decision_type=2 2 2 2 2 2 2 2 2 2 2 2 2 2 2 2
left_child=1 2 13 -4 7 6 -6 10 -9 -10 11 -2 -12 14 -1 -3
right_child=4 15 3 -5 5 -7 -8 8 9 -11 12 -13 -14 -15 -16 -17
leaf_value=0 0 0 0 -0.00011611019595269073 0 0 0.00010512479669459607 0 0 -0.00012148876957891372 7.9414958787578515e-05 -7.5543647819381761e-05 2.0702949210755888e-06 4.7735659240387549e-05 -4.8600583960450263e-05 7.4497283820428987e-06
leaf_weight=26 793 23 44 44 20 25 36 30 26 39 59 71 2726 35 36 35
leaf_count=26 793 23 44 44 20 25 36 30 26 39 59 71 2726 35 36 35
internal_value=0 -1.17828e-05 -2.94484e-05 -7.15206e-05 8.16595e-07 3.88517e-05 7.38021e-05 0 -3.0574e-05 -7.58195e-05 7.8931e-07 -8.62977e-06 4.78879e-06 0 -1.32922e-05 0
internal_weight=4068 243 185 88 3825 81 56 3744 95 65 3649 864 2785 97 62 58
internal_count=4068 243 185 88 3825 81 56 3744 95 65 3649 864 2785 97 62 58
is_linear=0
shrinkage=0.03


Tree=322
num_leaves=23
num_cat=0
split_feature=27 34 0 28 34 27 30 5 29 33 0 32 32 23 36 33 36 26 26 32 33 30
split_gain=4.02194e-05 0.000470298 0.000264092 0.000432279 0.000449384 0.000246875 0.000384948 0.000278943 0.000242393 0.00023677 0.000232134 0.000212037 0.000651081 0.000282621 0.000270683 0.000194136 0.000169218 0.000156741 0.000150767 0.000129821 0.000106324 4.37869e-05
threshold=0.18618145709176367 -0.014505934310653111 3.2514501810073857 -1600569254.9999998 -0.057045518594467375 0.27044595946197508 24.107373172528014 134793215.00000003 29.004733410929358 -0.0072442867494813537 3.838515162467957 -0.014152168795443841 -0.0083177497288320894 0.05745973767465707 0.0019979702994228584 -0.016981517277265708 -0.0088235447963641838 0.084955525785464642 0.1151962336067842 -0.028866918504742486 -0.045214874789382513 75.400858569656847
decision_type=2 2 2 2 2 2 2 2 2 2 2 2 2 2 2 2 2 2 2 2 2 2
left_child=1 2 3 20 -5 6 18 -8 -9 15 19 13 17 14 -7 -3 -14 -13 -2 -4 -1 -15
right_child=5 9 10 4 -6 11 7 8 -10 -11 -12 12 16 21 -16 -17 -18 -19 -20 -21 -22 -23
leaf_value=2.4199363175014984e-05 -4.9625026989016619e-05 0 0 0 7.1059455986884467e-05 -6.3214668744817343e-05 0 0 8.1077130177911782e-05 0 0 0 -2.6254357469636665e-05 -6.9113634472202365e-07 0 -0.0001411862731214409 0 6.2458016628731504e-05 0 -6.8987887247799328e-05 -1.6857494130165328e-05 3.0214624280223137e-05
leaf_weight=39 55 39 30 59 177 170 21 53 159 34 54 43 230 128 37 42 2081 187 32 97 258 43
leaf_count=39 55 39 30 59 177 170 21 53 159 34 54 43 230 128 37 42 2081 187 32 97 258 43
internal_value=0 -5.82375e-06 0 1.37856e-05 4.55477e-05 1.57917e-06 2.68164e-05 4.97373e-05 6.24689e-05 -6.26235e-05 -2.74412e-05 -1.60608e-07 1.89728e-06 -2.19254e-05 -4.58895e-05 -9.05171e-05 -1.65231e-06 5.05859e-05 -1.1288e-07 -5.21219e-05 -1.36225e-06 0
internal_weight=4068 829 714 533 236 3239 320 233 212 115 181 2919 2541 378 207 81 2311 230 87 127 297 171
internal_count=4068 829 714 533 236 3239 320 233 212 115 181 2919 2541 378 207 81 2311 230 87 127 297 171
is_linear=0
shrinkage=0.03


Tree=323
num_leaves=25
num_cat=0
split_feature=28 28 33 27 25 21 35 5 4 5 20 32 25 24 34 33 24 27 32 0 28 23 33 35
split_gain=3.90122e-05 0.000232564 0.000274576 0.000370882 0.000210364 0.000349106 0.00033009 0.000381438 0.000322504 0.000278407 0.000191079 0.000443785 0.000378972 0.00051005 0.00016396 0.000250363 0.000298917 0.00027987 0.000196022 0.000251179 0.000141056 0.000139674 9.37164e-06 4.68105e-05
threshold=3201694462.5000005 2036193434.5000002 0.0018382145408214481 0.92822898829904099 0.019518070782294925 4.4265833338101706 0.0096992980978816198 170850428.50000003 5.6208624839782724 206569789.50000003 5.0847499847412116 -0.013948847934777185 0.026433941876878492 0.064333649109132432 0.041313317230227471 0.0036199089523475396 0.057323085674180478 0.6505891706229584 0.015103860171609697 5.1552329063415536 2721852243.0000005 0.043665724891597264 -0.013636332520440051 0.020042367980969193
decision_type=2 2 2 2 2 2 2 2 2 2 2 2 2 2 2 2 2 2 2 2 2 2 2 2
left_child=1 4 22 20 6 21 7 -1 -8 -7 11 -2 13 -13 15 16 -12 -17 -16 -20 -4 -6 23 -3
right_child=10 2 3 -5 5 9 8 -9 -10 -11 14 12 -14 -15 18 17 -18 -19 19 -21 -22 -23 -24 -25
leaf_value=0 -9.0625160805466521e-06 0 -0.00012045991054491627 0 0 0 2.9132968964386876e-06 -0.0001230699852313672 -4.4441738713980025e-05 5.9337815982553971e-05 -2.0857789729586827e-05 0.00012935272446856248 0 0 0 4.6882523120372794e-05 1.5771341173233465e-05 0 -9.5257903750617108e-05 0 0 -4.0513820598442797e-05 1.2001362957680557e-05 -3.7759421537827501e-05
leaf_weight=50 39 22 64 32 73 89 1596 44 140 206 499 83 43 24 50 217 264 261 59 29 24 77 53 30
leaf_count=50 39 22 64 32 73 89 1596 44 140 206 499 83 43 24 50 217 264 261 59 29 24 77 53 30
internal_value=0 -2.27663e-06 -3.14231e-05 -6.25162e-05 0 1.90634e-05 -3.88152e-06 -5.87375e-05 0 4.01246e-05 3.75862e-06 3.20401e-05 6.27124e-05 9.3255e-05 0 3.33062e-06 -4.25228e-06 2.17079e-05 -3.11262e-05 -5.93396e-05 -9.54812e-05 -2.36963e-06 0 -3.88495e-06
internal_weight=4068 2500 225 120 2275 445 1830 94 1736 295 1568 189 150 107 1379 1241 763 478 138 88 88 150 105 52
internal_count=4068 2500 225 120 2275 445 1830 94 1736 295 1568 189 150 107 1379 1241 763 478 138 88 88 150 105 52
is_linear=0
shrinkage=0.03


Tree=324
num_leaves=29
num_cat=0
split_feature=29 29 26 22 27 26 31 2 30 4 27 32 23 0 26 2 32 24 33 24 32 0 32 21 32 0 0 30
split_gain=3.74232e-05 0.000276792 0.000655266 0.000525357 0.00023195 0.000466779 0.000615413 0.000833475 0.000428083 0.000550247 0.000305128 0.000390388 0.000183443 0.000190492 0.000182303 0.000163825 0.000149093 0.000333553 0.000487786 0.000424809 0.000292615 0.000378833 0.000284004 0.000147713 0.000111036 0.000110303 9.48543e-05 1.79562e-05
threshold=59.630545010131847 50.877170967820085 0.10884153163917923 48.549710262976141 0.82614933035428317 0.12033289907861677 0.010578022405358658 4.8450000286102304 60.604254578680788 5.581240415573121 0.93542041910469143 -0.0020429010608319915 -0.054050475017577419 2.5406854152679448 0.10240409874407962 5.2550001144409189 -0.0020073746041922576 0.030688073994695166 0.0040120841818722672 -0.046518659370855815 -0.010247649247149436 4.0502183437347421 -0.013017996399662278 5.6344999829928089 0.0097181963472789974 3.2717462778091435 2.9036363363265996 59.961881379397731
decision_type=2 2 2 2 2 2 2 2 2 2 2 2 2 2 2 2 2 2 2 2 2 2 2 2 2 2 2 2
left_child=1 16 14 23 5 12 7 -7 9 -6 11 -10 26 -14 15 -3 20 19 -19 -18 22 -22 -1 -4 -5 -12 -2 -8
right_child=4 2 3 24 8 6 27 -9 10 -11 25 -13 13 -15 -16 -17 17 18 -20 -21 21 -23 -24 -25 -26 -27 -28 -29
leaf_value=-4.7378523810409717e-07 -5.9731654143877603e-05 0 -0.00020970184996786027 -3.7212681583644141e-05 0.00013440824248491228 0.00024350430614785432 0 3.1690565285442279e-05 0 0 1.8424212285158319e-05 -5.3323470916158523e-05 3.5485810273754285e-05 0 6.8169814647915645e-05 -6.0833994041121807e-05 0 5.4126697968346408e-06 -7.6754126999066446e-05 5.2163654870627813e-05 -4.1792036792599785e-05 2.106632210680717e-05 4.5717679251093424e-05 0 0 -1.4080524458945923e-05 0 -2.1579380114324004e-05
leaf_weight=786 62 140 33 73 40 29 21 201 57 25 193 284 159 310 35 40 218 174 76 288 342 45 125 23 40 170 44 35
leaf_count=786 62 140 33 73 40 29 21 201 57 25 193 284 159 310 35 40 218 174 76 288 342 45 125 23 40 170 44 35
internal_value=0 -2.32211e-06 -2.60855e-05 -7.09445e-05 3.54921e-06 1.53734e-05 4.66873e-05 7.15295e-05 -5.78918e-06 5.93368e-05 -1.60706e-05 -3.65814e-05 0 7.84938e-06 0 -2.30697e-06 6.61066e-07 1.23767e-05 -7.59154e-06 2.81697e-05 -3.85188e-06 -2.67294e-05 2.57583e-06 -0.000153546 -3.38473e-06 0 -3.58281e-05 -1.81292e-06
internal_weight=4068 2438 384 169 1630 861 286 230 769 65 704 341 575 469 215 180 2054 756 250 506 1298 387 911 56 113 363 106 56
internal_count=4068 2438 384 169 1630 861 286 230 769 65 704 341 575 469 215 180 2054 756 250 506 1298 387 911 56 113 363 106 56
is_linear=0
shrinkage=0.03


Tree=325
num_leaves=26
num_cat=0
split_feature=25 25 24 24 23 24 26 31 3 21 4 20 32 30 34 30 26 34 34 24 26 23 30 33 29
split_gain=3.91322e-05 0.000261527 0.000274544 0.000223979 0.000584927 0.000495443 0.000438914 0.000322345 0.000301892 0.000336691 0.00023673 0.000234268 0.000216699 0.000201592 0.000167133 0.000372027 0.000376496 0.000246039 0.000391014 0.000338714 0.00014402 0.000139891 9.28261e-05 8.53998e-05 8.01805e-05
threshold=0.0092137968285488699 0.0054961248995975221 -0.10126971362515612 0.014608183563206834 0.069095495285167022 0.056422201821049199 0.12195845186897863 0.018903889045721271 5.8635005950927743 6.8486667116483062 3.9150000810623173 5.5374298453330999 -0.0051238245887997849 49.206657097845685 0.014196980602975697 64.734385450465822 0.10006553397416594 -0.031194118586148841 -0.037310777491688756 -0.049555287929533197 0.076515099854588389 -0.090682720636482181 79.386300776242507 0.018056432485771937 77.662192910843373
decision_type=2 2 2 2 2 2 2 2 2 2 2 2 2 2 2 2 2 2 2 2 2 2 2 2 2
left_child=1 14 -3 8 10 6 -6 -7 11 22 -5 21 -13 -12 17 16 -16 18 -1 -19 -4 -2 -10 -17 -22
right_child=3 2 20 4 5 7 -8 -9 9 -11 13 12 -14 -15 15 23 -18 19 -20 -21 24 -23 -24 -25 -26
leaf_value=0 -3.8089297174208189e-05 0 0 0 -0.00010676647702168924 2.8965491733518214e-05 0 -3.9268866633524638e-05 -0.0001295321344920815 0 0 0 6.9554729420036015e-05 7.7950195988032726e-05 0 0 7.7178753647743834e-05 -3.9616854169658142e-05 5.4906859613022236e-05 -3.7193540852238576e-07 -7.3743925421497085e-05 0 0 -3.6371532639668104e-05 0
leaf_weight=441 96 20 20 22 68 338 23 46 40 21 25 29 81 186 49 90 136 293 143 1164 128 476 35 58 40
leaf_count=441 96 20 20 22 68 338 23 46 40 21 25 29 81 186 49 90 136 293 143 1164 128 476 35 58 40
internal_value=0 -2.19005e-06 -3.45047e-05 3.91986e-06 1.72155e-05 0 -6.46917e-05 1.2973e-05 -4.32465e-06 -5.45777e-05 5.62025e-05 0 4.23344e-05 6.7061e-05 0 2.02815e-05 5.04888e-05 -2.56248e-06 1.16665e-05 -1.03251e-05 -5.12911e-05 -4.86123e-06 -8.85809e-05 0 -6.09496e-05
internal_weight=4068 2582 208 1486 708 475 91 384 778 96 233 682 110 211 2374 333 185 2041 584 1457 188 572 75 148 168
internal_count=4068 2582 208 1486 708 475 91 384 778 96 233 682 110 211 2374 333 185 2041 584 1457 188 572 75 148 168
is_linear=0
shrinkage=0.03


Tree=326
num_leaves=18
num_cat=0
split_feature=36 5 36 28 0 20 20 5 20 27 28 29 0 21 29 36 26
split_gain=3.79008e-05 0.000146962 0.000299041 0.000434418 0.00010537 0.000243998 0.00036264 0.000293287 0.000135012 0.000174802 0.000100804 0.000184721 0.000234726 0.000171375 0.000106605 2.86868e-05 6.85889e-06
threshold=-0.018126889674538862 589471183.50000012 0.022643640255677205 1616395567.5000002 3.7098116874694829 5.7095169544219972 5.5374298453330999 184540194.50000003 6.8472500205039983 0.9423127993276017 -2385779351.4999995 59.290839997340832 3.1021881103515629 5.0926666378974925 70.686100958790504 -0.0056764199307932335 0.1075297134115805
decision_type=2 2 2 2 2 2 2 2 2 2 2 2 2 2 2 2 2
left_child=10 4 3 -3 5 6 -2 -7 9 -6 16 12 13 -12 -13 -10 -1
right_child=1 2 -4 -5 8 7 -8 -9 15 -11 11 14 -14 -15 -16 -17 -18
leaf_value=0 -2.2809404156977063e-06 0.00016813533610286372 0 0 2.8240304124524894e-05 -6.5082933928179351e-05 3.4450290407379978e-05 -1.5916623471489624e-06 0 0 0 6.0533193560938028e-05 0 -0.00013854934594007939 -3.8126202466261993e-06 -1.90239293119709e-05 1.4320727380880603e-05
leaf_weight=33 2313 28 27 30 445 118 265 426 25 75 23 26 76 34 21 73 30
leaf_count=33 2313 28 27 30 445 118 265 426 25 75 23 26 76 34 21 73 30
internal_value=0 7.21888e-07 3.97198e-05 8.33255e-05 0 -2.40472e-06 3.3231e-07 -2.08868e-05 1.11453e-05 1.94943e-05 -1.14942e-05 -2.61165e-05 -4.66045e-05 -9.36087e-05 0 -2.54913e-06 0
internal_weight=4068 3825 85 58 3740 3122 2578 544 618 520 243 180 133 57 47 98 63
internal_count=4068 3825 85 58 3740 3122 2578 544 618 520 243 180 133 57 47 98 63
is_linear=0
shrinkage=0.03


Tree=327
num_leaves=15
num_cat=0
split_feature=3 36 26 34 27 23 27 27 35 34 27 21 27 23
split_gain=3.94183e-05 0.000198891 0.00014402 8.67469e-05 0.000225292 0.00025454 0.000148823 0.000359146 0.000407815 0.000231317 0.000467842 0.000208317 0.000183018 1.35669e-07
threshold=3.7350000143051152 -0.0058982349751343375 0.087630292222924608 -0.055684723985558841 0.15291450903686596 -0.08226503091723901 0.12479640140867947 0.1901585971156777 0.014519085081938103 -0.031194118586148841 0.0072685207278513639 4.9839999993642179 0.27044595946197508 -0.13436142286339378
decision_type=2 2 2 2 2 2 2 2 2 2 2 2 2 2
left_child=1 2 -1 4 5 13 9 8 -8 10 -5 -11 -9 -2
right_child=3 -3 -4 6 -6 -7 7 12 -10 11 -12 -13 -14 -15
leaf_value=0 -1.7901875728816409e-06 0 0.00011240979192741523 0 0 -9.3038757212673259e-05 0 2.3785407010611161e-05 -6.8341726247822868e-05 2.95000513314524e-05 8.3044296952887925e-05 -2.9999469960719837e-05 -1.4223739089265077e-06 0
leaf_weight=30 38 94 27 102 45 59 75 281 150 87 109 124 2810 37
leaf_count=30 38 94 27 102 45 59 75 281 150 87 109 124 2810 37
internal_value=0 1.49597e-05 6.10499e-05 -6.51292e-07 -2.10996e-05 -4.58978e-05 0 -1.80394e-06 -3.85212e-05 1.70808e-05 3.96177e-05 0 0 0
internal_weight=4068 151 57 3917 179 134 3738 3316 225 422 211 211 3091 75
internal_count=4068 151 57 3917 179 134 3738 3316 225 422 211 211 3091 75
is_linear=0
shrinkage=0.03


Tree=328
num_leaves=26
num_cat=0
split_feature=28 28 33 29 28 29 21 36 20 29 33 36 36 19 24 28 28 34 33 28 26 33 23 30 22
split_gain=3.7622e-05 0.000252984 0.000193854 0.000312728 0.000385937 0.000247592 0.00017919 0.000162645 0.000155962 0.000197315 0.000131627 0.000222392 0.000313407 0.000218083 0.000312643 0.000295062 0.000188429 0.000494378 0.000318804 0.000221286 0.000203187 0.000174203 0.000111151 0.000111047 8.74837e-05
threshold=-3067874471.9999995 -3462897049.9999995 -0.024256493167270406 33.247135352445376 -6524259946.499999 49.659637809851013 4.1595833460489917 0.0044297410748627359 5.4930000543594373 42.069290609413315 -0.016981517277265708 -0.0088235447963641838 -0.0067491586199992489 4.7129999160766607 0.10674415355249496 -804246435.99999988 133157873.50000001 -0.026295433599477943 -0.048795043658958363 -503221716.99999994 0.12573177785916936 0.0036199089523475396 0.04548977390090015 45.482513162889795 28.903283955962788
decision_type=2 2 2 2 2 2 2 2 2 2 2 2 2 2 2 2 2 2 2 2 2 2 2 2 2
left_child=1 2 3 4 -1 6 -4 -7 9 -3 16 13 22 15 -15 -12 17 19 24 -2 -20 -14 -13 -19 -18
right_child=10 8 5 -5 -6 7 -8 -9 -10 -11 11 12 21 14 -16 -17 18 23 20 -21 -22 -23 -24 -25 -26
leaf_value=0 0.00010690462902064513 0 0 0 -0.00010369797355605632 2.0603048296200917e-06 4.2087929518611013e-05 -3.2501369089970554e-05 0 -0.00012956379842125098 -2.1716477214551258e-05 6.3321192406372572e-05 -1.2620325183848686e-05 -5.5360890889390964e-05 0 7.660602498683437e-05 0 -4.9266664871333823e-05 0 0 3.9469696769533778e-05 5.5882813476385431e-06 0 1.0811915743248985e-05 -7.6255305950957895e-05
leaf_weight=54 82 21 52 30 72 254 231 140 25 34 64 97 747 219 42 40 20 39 259 26 165 1210 52 43 50
leaf_count=54 82 21 52 30 72 254 231 140 25 34 64 97 747 219 42 40 20 39 259 26 165 1210 52 43 50
internal_value=0 -5.41711e-06 0 -3.06362e-05 -5.8257e-05 6.42564e-06 2.96034e-05 -2.61334e-06 -5.63652e-05 -8.46521e-05 1.49638e-06 -6.11641e-07 1.85241e-06 -2.30424e-05 -3.86544e-05 0 1.34961e-05 3.9339e-05 0 8.2689e-05 1.32391e-05 0 4.40484e-05 0 -5.50696e-05
internal_weight=4068 913 833 156 126 677 283 394 80 55 3155 2471 2106 365 261 104 684 190 494 108 424 1957 149 82 70
internal_count=4068 913 833 156 126 677 283 394 80 55 3155 2471 2106 365 261 104 684 190 494 108 424 1957 149 82 70
is_linear=0
shrinkage=0.03


Tree=329
num_leaves=28
num_cat=0
split_feature=30 30 30 23 0 30 25 3 5 0 26 23 0 21 31 31 25 21 23 33 33 0 29 26 29 5 32
split_gain=3.9119e-05 0.00018958 0.000340778 0.000311633 0.000280609 0.000742527 0.000253641 0.000276577 0.000268583 0.000282515 0.000187546 0.000395312 0.000353978 0.000214844 0.000185825 0.000179338 0.000173589 0.000159429 0.000151051 0.000127709 0.000640864 0.000461924 0.000181906 9.70366e-05 1.57178e-05 1.67216e-06 2.83207e-07
threshold=24.107373172528014 37.357412515639744 43.819356705443134 -0.017181557556376511 1.9127405285835268 64.309217718073199 -0.0098920149175276851 5.4949998855590829 254345202.50000003 2.4159610271453862 0.12241795538632366 -0.2196520755234119 3.4675250053405766 6.1304166793823249 0.0050125580216768837 0.0204528766394142 0.0041776514181046378 5.581666660308839 0.022902373318785422 -0.024256493167270406 -0.014008893740780735 2.7766529321670537 11.996567902129529 0.098909655770327357 8.0455290312196066 273444499.00000006 0.0065147206931752697
decision_type=2 2 2 2 2 2 2 2 2 2 2 2 2 2 2 2 2 2 2 2 2 2 2 2 2 2 2
left_child=10 6 3 14 5 -4 7 15 16 -10 19 -12 13 -13 -3 -2 -8 -5 -6 22 21 -21 24 -22 -1 -14 -9
right_child=1 2 4 17 18 -7 8 26 9 -11 11 12 25 -15 -16 -17 -18 -19 -20 20 23 -23 -24 -25 -26 -27 -28
leaf_value=-8.6273791450654568e-06 6.0686909040576417e-05 -8.8522791971782375e-05 0.00018491261661683322 -2.45140678755159e-05 -8.3978072274507574e-06 0 -4.3177348231866842e-05 -9.0333935549800289e-07 0 7.9304617395726786e-05 2.0983430911993336e-05 -0.00010121237813743738 0 0 0 0 0 3.047047695249108e-05 7.0847460178364074e-06 0.0001404706710860091 -2.5765144934729825e-05 0 -6.9348549661847776e-05 0 1.4264165085020978e-05 7.9022733652098884e-06 2.013784085475176e-06
leaf_weight=53 220 96 27 135 1035 20 147 108 30 60 22 103 21 23 38 21 61 67 1254 53 134 54 46 125 50 24 41
leaf_count=53 220 96 27 135 1035 20 147 108 30 60 22 103 21 23 38 21 61 67 1254 53 134 54 46 125 50 24 41
internal_value=0 1.31821e-06 -1.2911e-06 -3.01417e-05 1.57557e-06 7.40614e-05 1.58105e-05 3.20329e-05 0 3.70558e-05 -6.4401e-06 -3.20344e-05 -5.63973e-05 -8.27171e-05 -6.60951e-05 5.18909e-05 -2.38131e-05 0 0 0 1.24722e-05 7.68204e-05 -1.97213e-05 -2.55272e-06 0 0 0
internal_weight=4068 3360 2672 336 2336 47 688 390 298 90 708 193 171 126 134 241 208 202 2289 515 366 107 149 259 103 45 149
internal_count=4068 3360 2672 336 2336 47 688 390 298 90 708 193 171 126 134 241 208 202 2289 515 366 107 149 259 103 45 149
is_linear=0
shrinkage=0.03


Tree=330
num_leaves=11
num_cat=0
split_feature=3 36 26 24 28 28 25 25 25 34
split_gain=3.86995e-05 0.00019037 0.000132581 8.31913e-05 0.000221239 0.000313284 0.000146259 9.80315e-05 0.000232321 0.000191536
threshold=3.7350000143051152 -0.0058982349751343375 0.087630292222924608 -0.16543031874497385 -6121181483.999999 640541819.00000012 0.07123884933832271 0.023738880738278189 0.0092137968285488699 0.0056023578470463251
decision_type=2 2 2 2 2 2 2 2 2 2
left_child=1 2 -1 4 -2 -6 7 8 -5 -9
right_child=3 -3 -4 6 5 -7 -8 9 -10 -11
leaf_value=0 0 0 0.00010935854455958741 -2.4396301535090853e-06 -0.00010764264275879925 0 6.9577081233771623e-05 1.3272976114602581e-05 1.6487596574183889e-05 -2.0851121481057229e-05
leaf_weight=30 31 94 27 2404 48 33 27 89 728 557
leaf_count=30 31 94 27 2404 48 33 27 89 728 557
internal_value=0 1.48767e-05 5.98852e-05 -5.95424e-07 -2.60824e-05 -5.8271e-05 0 -3.42509e-07 1.00236e-06 -1.15052e-05
internal_weight=4068 151 57 3917 112 81 3805 3778 3132 646
internal_count=4068 151 57 3917 112 81 3805 3778 3132 646
is_linear=0
shrinkage=0.03


Tree=331
num_leaves=27
num_cat=0
split_feature=28 28 26 25 21 35 5 2 5 22 28 25 27 23 26 0 25 33 34 34 28 0 27 33 20 25
split_gain=3.83458e-05 0.000211926 0.000278644 0.000197697 0.000319774 0.000312558 0.000361443 0.000281303 0.000259647 0.000192967 0.000180371 0.000248318 0.0004657 0.000175178 0.000152538 0.000317185 0.00062371 0.000243695 0.000395451 0.000343478 9.65734e-05 7.61149e-05 6.8305e-05 4.38269e-05 2.73622e-05 1.97052e-05
threshold=3201694462.5000005 2036193434.5000002 0.14905975760825033 0.019518070782294925 4.4265833338101706 0.0096992980978816198 170850428.50000003 5.6406733989715585 206569789.50000003 59.435220271989891 4493475594.500001 0.01768471687779561 0.42041199571511129 0.12182610050390609 0.11025880876738735 3.2839072942733769 -0.0014887019296433918 -0.0050420662703146704 -0.02305527333328122 0.040692946970568585 2675635382.5000005 2.3943353891372685 0.18618145709176367 0.0018382145408214481 5.4702500104904184 -0.0075812520773155768
decision_type=2 2 2 2 2 2 2 2 2 2 2 2 2 2 2 2 2 2 2 2 2 2 2 2 2 2
left_child=1 3 20 5 9 6 -1 -7 -6 -5 11 12 22 -14 15 16 -12 18 -16 -19 23 -13 -2 -3 -22 -17
right_child=10 2 -4 4 8 7 -8 -9 -10 -11 14 21 13 -15 17 25 -18 19 -20 -21 24 -23 -24 -25 -26 -27
leaf_value=0 3.0020162203899496e-05 2.5002137365235857e-05 -0.00012091023460033549 1.3682519750392395e-05 0 2.7534912646387129e-06 -0.00011993998953170574 -3.9560977962421759e-05 5.7074058603266943e-05 -4.1475951584747901e-05 0.00014313666423072338 0 0.00013127247250450109 0 0 -1.0533520033455975e-05 0 1.8063200071545976e-05 -5.6918481341524025e-05 -3.7563974425855996e-05 -4.4993059680617146e-05 -3.7352135461848035e-05 -3.3939194966569505e-06 0 0 5.195638922312275e-06
leaf_weight=50 67 63 31 55 89 1582 44 154 206 95 45 25 57 20 144 113 45 402 196 126 55 49 87 55 21 192
leaf_count=50 67 63 31 55 89 1582 44 154 206 95 45 25 57 20 144 113 45 402 196 126 55 49 87 55 21 192
internal_value=0 -2.29327e-06 -3.00955e-05 0 1.83652e-05 -3.89775e-06 -5.73138e-05 0 3.85117e-05 -1.26886e-06 3.69099e-06 2.45375e-05 4.19754e-05 0.000103525 0 1.3979e-05 6.34448e-05 -8.31892e-06 -2.86623e-05 0 -7.30545e-08 0 0 0 -3.37956e-05 0
internal_weight=4068 2500 225 2275 445 1830 94 1736 295 150 1568 305 231 77 1263 395 90 868 340 528 194 74 154 118 76 305
internal_count=4068 2500 225 2275 445 1830 94 1736 295 150 1568 305 231 77 1263 395 90 868 340 528 194 74 154 118 76 305
is_linear=0
shrinkage=0.03


Tree=332
num_leaves=28
num_cat=0
split_feature=28 28 22 33 28 35 23 35 33 33 33 26 24 22 22 1 34 28 32 34 3 28 29 28 28 24 33
split_gain=3.77863e-05 0.000241891 0.000373653 0.000249175 0.000350524 0.000358933 0.000348763 0.000343566 0.00020177 0.000126062 0.000197109 0.000505006 0.000686093 0.000409667 0.000545984 0.000443056 0.000224428 0.000175312 0.000475041 0.000465153 0.000355747 0.000205628 0.000201887 0.000103709 7.28048e-05 5.52939e-05 2.71684e-06
threshold=-3067874471.9999995 -4087963478.9999995 41.887794132825881 -0.024256493167270406 -5453756962.499999 0.022813710790117327 -0.1088673550591832 0.014131507571170829 -0.012524237956874682 -0.016981517277265708 0.0036199089523475396 0.11585352383285145 0.056422201821049199 55.012620523483136 60.156268399425414 4.3150000572204599 -0.0035149461049905346 133157873.50000001 -0.014707881920950181 -0.026295433599477943 5.4524683952331552 -503221716.99999994 17.450406291129855 -7003587844.999999 -921466911.49999988 -0.13342854775929633 0.027072914342131663
decision_type=2 2 2 2 2 2 2 2 2 2 2 2 2 2 2 2 2 2 2 2 2 2 2 2 2 2 2
left_child=1 3 25 6 8 -6 23 -8 -5 17 11 16 -13 15 -15 -12 -11 19 22 21 -20 -2 -19 -1 -21 -3 -4
right_child=9 2 26 4 5 -7 7 -9 -10 10 13 12 -14 14 -16 -17 -18 18 20 24 -22 -23 -24 -25 -26 -27 -28
leaf_value=6.4988112903086289e-05 0.00010364890123173554 0 0 4.0446608961275976e-05 7.8298452566080099e-05 0 0 -0.00010139613844047072 -1.4442798957485528e-05 1.9369470178040592e-05 9.8793107621255807e-05 -7.3232711663356724e-05 0 -4.0243459372927563e-05 8.326454360052557e-06 8.7394907522653977e-06 -1.4169503899471358e-05 -5.1868034860096836e-05 9.0228473713477859e-05 -3.4629402686969365e-05 0 0 0 0 1.1683715986712288e-05 -0.00010598274217395579 -8.0110696907518165e-06
leaf_weight=22 82 22 108 72 118 56 21 74 305 375 77 225 151 292 555 491 305 106 79 51 97 26 212 21 31 56 38
leaf_count=22 82 22 108 72 118 56 21 74 305 375 77 225 151 292 555 491 305 106 79 51 97 26 212 21 31 56 38
internal_value=0 -5.37507e-06 -3.30025e-05 0 1.24571e-05 4.79918e-05 -3.16958e-05 -6.89889e-05 0 1.55478e-06 -4.75391e-07 -1.13157e-05 -3.95983e-05 5.49489e-06 -4.87912e-06 2.62435e-05 0 1.32733e-05 0 3.82622e-05 4.28801e-05 8.02945e-05 -1.8059e-05 0 0 -8.62039e-05 0
internal_weight=4068 913 224 689 551 174 138 95 377 3155 2471 1056 376 1415 847 568 680 684 494 190 176 108 318 43 82 78 146
internal_count=4068 913 224 689 551 174 138 95 377 3155 2471 1056 376 1415 847 568 680 684 494 190 176 108 318 43 82 78 146
is_linear=0
shrinkage=0.03


Tree=333
num_leaves=25
num_cat=0
split_feature=28 28 1 27 33 34 33 27 34 34 30 24 28 25 22 2 23 23 20 32 21 27 23 34
split_gain=4.00825e-05 0.000217983 0.000234463 0.000213449 0.000294205 0.000194752 0.000409237 0.000293343 0.000639979 0.00028038 0.000295634 0.000205667 0.000205234 0.000188265 0.000306335 0.000302438 0.000292067 0.000278391 0.000231029 0.000186917 0.000144384 8.61713e-05 3.94325e-05 6.09676e-06
threshold=3066752227.5000005 2036193434.5000002 5.4722793102264413 0.92822898829904099 0.0019782393429215177 0.041313317230227471 0.0036199089523475396 0.53355536374467805 0.0089366062709161937 -0.011185780907279673 24.50984536013684 0.053864812358058949 9475712438.5000019 0.019518070782294925 58.433586288777569 4.8849999904632577 -0.060413549399286108 0.098931035755433175 4.9539999604225171 0.014340551754337129 5.1242499947547921 0.96508621264564287 0.11560489910584161 0.061244620867451201
decision_type=2 2 2 2 2 2 2 2 2 2 2 2 2 2 2 2 2 2 2 2 2 2 2 2
left_child=1 13 3 4 -3 6 9 8 -8 10 -2 21 -11 17 16 -16 -15 20 -19 -9 -1 -7 -13 -24
right_child=5 2 -4 -5 -6 11 7 19 -10 12 -12 22 -14 14 15 -17 -18 18 -20 -21 -22 -23 23 -25
leaf_value=3.6433593967938463e-06 -6.693899685481717e-06 0 0 0 -0.00010883659581787629 -7.199226418205744e-05 0 -2.8260306705479611e-06 0.00014029001969305922 -3.5698622246175751e-05 3.2760493856153981e-05 3.919607681500446e-05 0 0 -3.7875114692960579e-05 2.6331062037922704e-05 7.4635663871337751e-05 0 -0.00010747839084626207 3.4646390140742046e-05 -1.5591516871888457e-05 0 0 -1.4499413764810759e-05
leaf_weight=1290 204 85 27 23 74 66 123 211 67 302 288 23 59 59 120 144 122 34 42 143 464 41 31 26
leaf_count=1290 204 85 27 23 74 66 123 211 67 302 288 23 59 59 120 144 122 34 42 143 464 41 31 26
internal_value=0 -2.34443e-06 -3.16786e-05 -4.80742e-05 -6.20699e-05 3.76213e-06 9.18104e-06 2.98824e-05 6.25864e-05 -5.06583e-07 1.0307e-05 -2.06694e-05 -2.35509e-05 0 1.78358e-05 0 4.80024e-05 -3.90063e-06 -6.04839e-05 3.84446e-06 0 -4.97458e-05 0 0
internal_weight=4068 2484 209 182 159 1584 1397 544 190 853 492 187 361 2275 445 264 181 1830 76 354 1754 107 80 57
internal_count=4068 2484 209 182 159 1584 1397 544 190 853 492 187 361 2275 445 264 181 1830 76 354 1754 107 80 57
is_linear=0
shrinkage=0.03


Tree=334
num_leaves=25
num_cat=0
split_feature=31 26 21 31 27 0 27 30 27 30 32 28 24 2 19 32 20 34 20 25 0 19 34 26
split_gain=3.84801e-05 0.000193435 0.000523819 0.000523315 0.000225043 0.000340641 0.000247028 0.000153723 0.000345995 0.000246403 0.000192534 0.000159438 0.000114746 0.000115109 0.000279713 0.000280011 0.000182349 0.000249566 0.000238015 6.00857e-05 5.37304e-05 8.32902e-05 8.89919e-05 8.07283e-06
threshold=-0.0091742813241021386 0.13197203454650899 5.1602499922116607 -0.024630933490664916 0.42041199571511129 3.0490841865539555 0.72102786936959218 73.15488569639227 0.71308119743348541 61.209284899417582 -0.0049896041972104501 -4216483101.4999995 0.12927104864464697 6.2646272182464608 6.7730000019073495 0.0042689831777325002 5.8050958275794988 -0.031194118586148841 5.5374298453330999 -0.0045914210182190045 5.4769127368927011 5.4780000209808355 0.016478974345641943 0.11062164255800298
decision_type=2 2 2 2 2 2 2 2 2 2 2 2 2 2 2 2 2 2 2 2 2 2 2 2
left_child=1 7 3 -3 5 -4 -6 9 -9 11 -11 -1 13 16 15 -15 18 -18 -2 -16 21 -14 -23 -10
right_child=12 2 4 -5 6 -7 -8 8 23 10 -12 -13 20 14 19 -17 17 -19 -20 -21 -22 22 -24 -25
leaf_value=-3.1669088129437881e-05 -3.7308007950852365e-06 0 0 0.00016680293091076568 -9.6218033593862913e-05 7.6612464987019284e-05 0 8.0109408267390979e-05 0 -8.4096979320424914e-05 0 8.6797979314474982e-06 0 0 -3.7674232544949204e-05 6.9149894115746202e-05 0 -4.0532145448437952e-05 2.1772564306042698e-05 0 0 -9.0824777822332865e-05 0 -1.8556367959584412e-05
leaf_weight=116 2036 21 69 41 37 66 20 62 36 63 21 359 36 69 38 124 37 245 392 61 36 38 24 21
leaf_count=116 2036 21 69 41 37 66 20 62 36 63 21 359 36 69 38 124 37 245 392 61 36 38 24 21
internal_value=0 5.38435e-06 2.81332e-05 0.000104068 0 2.45455e-05 -4.60608e-05 0 2.70479e-05 -9.57125e-06 -5.69729e-05 0 -1.55768e-06 0 1.75198e-05 4.20476e-05 -2.26801e-06 -2.51232e-05 0 -1.86695e-08 -2.87551e-05 -4.02893e-05 -6.14112e-05 0
internal_weight=4068 932 254 62 192 135 57 678 119 559 84 475 3136 3002 292 193 2710 282 2428 99 134 98 62 57
internal_count=4068 932 254 62 192 135 57 678 119 559 84 475 3136 3002 292 193 2710 282 2428 99 134 98 62 57
is_linear=0
shrinkage=0.03


Tree=335
num_leaves=18
num_cat=0
split_feature=36 5 36 28 24 5 5 25 25 0 0 5 5 25 27 27 28
split_gain=3.70657e-05 0.000134079 0.000284516 0.000403838 0.000130578 0.000398247 0.000221689 0.000145472 0.000129073 9.44281e-05 0.000218326 0.000305028 0.000227293 0.000147453 0.000315804 8.33384e-05 3.42836e-06
threshold=-0.018126889674538862 589471183.50000012 0.022643640255677205 1616395567.5000002 0.072809277130864034 469336686.00000006 325331797.50000006 0.0097822594373506641 -0.0124459448938709 3.7098116874694829 3.3450520038604741 305360976.50000006 320656761.00000006 -0.0070472071738648381 0.9423127993276017 0.36912402957059393 3801011379.0000005
decision_type=2 2 2 2 2 2 2 2 2 2 2 2 2 2 2 2 2
left_child=4 9 3 -3 5 6 7 -1 -8 10 11 -2 -12 15 -15 -11 -6
right_child=1 2 -4 -5 16 -7 8 -9 -10 13 12 -13 -14 14 -16 -17 -18
leaf_value=-5.6197082656736894e-05 6.4757591379582842e-06 0.0001625304917187191 0 0 1.1315041615847969e-05 -0.0001320205826657949 0.00010052594646408375 0 0 5.7336335744830448e-06 -3.3147036571971173e-05 -1.7888304827003346e-05 0 4.1893330085132269e-05 -1.2194679386082055e-06 -2.5013081540659068e-05 0
leaf_weight=77 2074 28 27 30 24 29 20 30 29 148 379 586 83 277 81 112 34
leaf_count=77 2074 28 27 30 24 29 20 30 29 148 379 586 83 277 81 112 34
internal_value=0 7.41796e-07 3.79832e-05 8.07495e-05 -1.13387e-05 -2.83505e-05 0 -3.24196e-05 4.20828e-05 0 -2.22602e-06 0 -2.14172e-05 1.0605e-05 2.37636e-05 0 0
internal_weight=4068 3825 85 58 243 185 156 107 49 3740 3122 2660 462 618 358 260 58
internal_count=4068 3825 85 58 243 185 156 107 49 3740 3122 2660 462 618 358 260 58
is_linear=0
shrinkage=0.03


Tree=336
num_leaves=23
num_cat=0
split_feature=28 28 26 0 4 25 3 21 25 34 32 34 27 5 26 26 36 26 28 35 36 30
split_gain=3.74818e-05 0.000201303 0.000358872 0.000197666 0.000382849 0.000371848 0.000355723 0.000203943 0.000380366 0.0001885 0.000251813 0.000387118 0.000225414 0.000187957 0.000277754 0.000203938 0.000168581 0.000239875 0.000143473 3.80523e-05 0.00011729 6.87422e-06
threshold=3066752227.5000005 2036193434.5000002 0.129450896283239 2.152673721313477 4.5750000476837167 -0.021050053517037027 3.8750000000000004 5.6885565559069322 -0.0061574850341702394 0.041313317230227471 0.014340551754337129 0.007471954502334178 0.92822898829904099 528498548.00000006 0.13324223808850783 0.10998054198669134 0.015287192957348502 0.14548620127423548 -5453756962.499999 0.0096992980978816198 -0.0019627085910020044 28.773940019870064
decision_type=2 2 2 2 2 2 2 2 2 2 2 2 2 2 2 2 2 2 2 2 2 2
left_child=1 3 19 4 6 -6 -1 18 -9 10 16 21 -13 14 15 -11 17 -2 -5 -3 -21 -12
right_child=9 2 -4 7 5 -7 -8 8 -10 13 11 12 -14 -15 -16 -17 -18 -19 -20 20 -22 -23
leaf_value=9.5342325898938935e-05 0 1.8061856172784266e-05 -0.00010951794811963101 -2.0071711881736571e-05 0 8.2862147568167681e-05 -1.920558883688298e-05 0 -9.0660522898798604e-05 0 0 8.9131008647327738e-05 0 0 0 -9.7130301234331086e-05 -5.4241340173184046e-05 4.0306441747471851e-05 2.8458527081120545e-06 0 -3.9339980795733682e-05 -1.1844415929196968e-05
leaf_weight=27 972 20 43 291 40 121 200 66 67 32 28 112 48 26 57 72 41 152 1463 60 86 44
leaf_count=27 972 20 43 291 40 121 200 66 67 32 28 112 48 26 57 72 41 152 1463 60 86 44
internal_value=0 -2.26927e-06 -3.04568e-05 0 1.98072e-05 5.55334e-05 0 -3.68594e-06 -3.96441e-05 3.63591e-06 8.99596e-06 3.82334e-05 6.5539e-05 -2.0356e-05 -3.91316e-05 -6.9073e-05 5.95908e-07 5.26965e-06 0 0 -1.37669e-05 0
internal_weight=4068 2484 209 2275 388 161 227 1887 133 1584 1397 232 160 187 161 104 1165 1124 1754 166 146 72
internal_count=4068 2484 209 2275 388 161 227 1887 133 1584 1397 232 160 187 161 104 1165 1124 1754 166 146 72
is_linear=0
shrinkage=0.03


Tree=337
num_leaves=26
num_cat=0
split_feature=31 21 21 26 33 36 29 31 5 0 31 24 1 22 33 31 32 24 29 26 1 23 33 31 0
split_gain=3.65993e-05 0.000234975 0.000292981 0.000244031 0.000699999 0.000487748 0.000484332 0.000227956 0.000291348 0.000241856 0.000169624 0.00023229 0.000221372 0.000189663 0.000167252 0.000380124 0.00025273 0.000407712 0.000250228 0.00022951 0.000158745 7.89445e-05 8.83964e-05 6.05536e-05 1.96321e-05
threshold=-0.0046171751071783498 6.5019999861717235 6.8716667095820112 0.12537296589573685 -0.0079286423269619415 0.0035304525528683395 67.731901850895625 -0.018202509546002717 242818383.00000003 3.186408638954163 -0.0015990502681376138 0.018870136264756542 5.7842566967010507 33.716367952745159 0.01605960851599331 0.012658353212936959 0.010787488747364351 0.00651457795176768 88.248114172270661 0.1129252376980463 5.8436896800994882 0.035452855301810533 -0.0036331035808588315 -0.015651403329343779 3.0772973299026494
decision_type=2 2 2 2 2 2 2 2 2 2 2 2 2 2 2 2 2 2 2 2 2 2 2 2 2
left_child=1 3 23 7 5 -5 -6 8 -1 -9 11 12 13 -2 16 18 19 -18 -16 -12 -17 24 -23 -3 -13
right_child=10 2 -4 4 6 -7 -8 9 -10 -11 14 21 -14 -15 15 20 17 -19 -20 -21 -22 22 -24 -25 -26
leaf_value=0 0 0 0 8.3472455684174696e-05 -7.5861195980700917e-05 0 2.8048321753907609e-05 2.2101362815143178e-05 -5.2498813151830068e-05 -6.6794490040510645e-06 1.299418744554789e-05 6.6059318832868905e-05 0 -6.3352993746034164e-05 4.526830311822668e-05 -1.9954728690165366e-05 0 -6.2503943009116887e-05 0 -1.6451798930018868e-05 1.6286562753411751e-05 -3.7895309783015296e-05 0 -0.00011604466066378155 0
leaf_weight=31 39 28 27 199 70 20 50 528 150 300 646 20 36 185 331 301 169 161 117 360 103 56 87 33 21
leaf_count=31 39 28 27 199 70 20 50 528 150 300 646 20 36 185 331 301 169 161 117 360 103 56 87 33 21
internal_value=0 3.88473e-06 -3.80506e-05 8.85032e-06 3.09689e-05 6.57883e-05 -7.59908e-06 0 -2.89215e-05 8.05123e-06 -2.06897e-06 -1.92124e-05 -3.78683e-05 -5.05313e-05 3.95382e-08 1.16451e-05 -5.11658e-06 -2.81961e-05 3.18054e-05 0 -3.28934e-06 0 -2.65127e-06 -8.00203e-05 4.12824e-05
internal_weight=4068 1436 88 1348 339 219 120 1009 181 828 2632 444 260 224 2188 852 1336 330 448 1006 404 184 143 61 41
internal_count=4068 1436 88 1348 339 219 120 1009 181 828 2632 444 260 224 2188 852 1336 330 448 1006 404 184 143 61 41
is_linear=0
shrinkage=0.03


Tree=338
num_leaves=26
num_cat=0
split_feature=28 28 26 25 35 5 21 4 5 34 32 34 36 24 36 26 26 26 23 35 36 26 24 34 24
split_gain=3.66543e-05 0.000184701 0.000339608 0.000177155 0.00029422 0.000335982 0.000281432 0.000263182 0.000255704 0.000175279 0.000232996 0.00036452 0.000214142 0.000192164 0.000157576 0.000226964 0.000154625 0.000104323 3.73014e-05 3.39179e-05 0.000110839 2.91669e-05 9.59293e-06 5.02374e-06 5.23214e-08
threshold=3066752227.5000005 2036193434.5000002 0.129450896283239 0.019518070782294925 0.0096992980978816198 170850428.50000003 4.4265833338101706 5.6208624839782724 265461807.00000003 0.041313317230227471 0.014340551754337129 0.007471954502334178 0.022643640255677205 0.053864812358058949 0.015287192957348502 0.14548620127423548 0.10581709943273034 0.1069429888430921 0.11560489910584161 0.0096992980978816198 -0.0019627085910020044 0.13324223808850783 0.016536259729342986 0.061244620867451201 -0.048410055503756232
decision_type=2 2 2 2 2 2 2 2 2 2 2 2 2 2 2 2 2 2 2 2 2 2 2 2 2
left_child=1 3 19 4 5 -1 16 -6 -8 10 14 24 -13 17 15 -2 -5 -11 -15 -3 -21 -19 -16 -20 -12
right_child=9 2 -4 6 7 -7 8 -9 -10 13 11 12 -14 18 22 -17 -18 21 23 20 -22 -23 -24 -25 -26
leaf_value=0 0 1.7288270277846871e-05 -0.00010602010359443084 0 2.3609974338600898e-06 -0.00011615148608471411 0 -4.0338217923862657e-05 6.3383956650325403e-05 0 -1.4938941014096307e-06 7.7914803692958728e-05 0 3.8122185649555894e-05 -7.5524788089449633e-05 3.9290648143494047e-05 -7.4460191647076886e-05 -8.3463592176042276e-05 0 0 -3.7991701043109518e-05 0 0 -1.3161781511601354e-05 0
leaf_weight=50 972 20 43 125 1596 44 142 140 153 21 21 138 22 23 21 152 25 52 31 60 86 34 20 26 51
leaf_count=50 972 20 43 125 1596 44 142 140 153 21 21 138 22 23 21 152 25 52 31 60 86 34 20 26 51
internal_value=0 -2.25009e-06 -2.92426e-05 0 -3.89598e-06 -5.57603e-05 1.71989e-05 0 3.61175e-05 3.58965e-06 8.80499e-06 3.69898e-05 6.35037e-05 -1.93216e-05 6.14635e-07 5.21212e-06 -2.02888e-08 -4.76131e-05 0 0 -1.29546e-05 -6.25334e-05 -5.2137e-05 0 0
internal_weight=4068 2484 209 2275 1830 94 445 1736 295 1584 1397 232 160 187 1165 1124 150 107 80 166 146 86 41 57 72
internal_count=4068 2484 209 2275 1830 94 445 1736 295 1584 1397 232 160 187 1165 1124 150 107 80 166 146 86 41 57 72
is_linear=0
shrinkage=0.03


Tree=339
num_leaves=25
num_cat=0
split_feature=31 30 27 30 31 35 26 0 22 30 31 24 31 33 34 24 34 0 30 31 25 35 26 31
split_gain=3.35273e-05 0.000168851 0.000333001 0.000325777 0.00035251 0.000282838 0.000309223 0.000174208 0.000118154 0.000156049 0.000113897 0.00034863 0.00010096 0.000376639 0.000173198 0.000458173 0.000329472 4.44099e-05 4.00055e-05 3.94247e-05 2.45294e-05 1.88656e-05 1.68668e-06 1.07721e-06
threshold=-0.0091742813241021386 72.742489298174235 0.75678055251121845 59.239793487711616 -0.017033715298555515 0.024096362922982489 0.10728181675391874 2.5500261783599858 50.592244721287983 83.044319536584325 -0.0077896786465176939 -0.021249244502538827 -0.0056967121760432273 -0.017826758455234844 -0.0075353154001374092 -0.036898367736152744 -0.0040106773241344587 2.9632363319396977 50.916522429534503 -0.015919179927937951 0.0092137968285488699 0.018310809948472225 0.10728181675391874 -0.012165949926298545
decision_type=2 2 2 2 2 2 2 2 2 2 2 2 2 2 2 2 2 2 2 2 2 2 2 2
left_child=1 3 8 5 20 7 -7 -1 -3 -10 11 -2 13 22 15 -14 -16 -13 -15 -4 -5 -19 -12 -21
right_child=10 2 19 4 -6 6 -8 -9 9 -11 12 17 14 18 16 -17 -18 21 -20 23 -22 -23 -24 -25
leaf_value=-2.9546668713918012e-05 -9.9101193170084799e-05 0 -3.8370435822685531e-05 -0.0001359036807068754 0 0 5.7166927676821023e-05 6.9558341085388604e-06 0.00012649215898816494 0 0 3.0177019620572937e-05 -4.6741940388141399e-05 -2.0129887873233434e-05 4.6346894965759785e-05 0 0 0 9.1410094341960843e-06 6.6233002075006712e-06 0 -3.3622872731248032e-05 0.00010972303877951293 0
leaf_weight=167 43 33 24 32 79 62 175 231 45 20 20 35 261 71 141 578 1804 40 86 22 20 22 35 22
leaf_count=167 43 33 24 32 79 62 175 231 45 20 20 35 261 71 141 578 1804 40 86 22 20 22 35 22
internal_value=0 4.98491e-06 3.24708e-05 0 -4.39771e-05 7.9018e-06 3.52096e-05 -8.28322e-07 6.95719e-05 9.44844e-05 -1.49534e-06 -2.79594e-05 0 1.96721e-05 -1.77612e-06 -1.37264e-05 1.83688e-06 0 0 0 -0.000104671 -1.13536e-05 8.74166e-05 0
internal_weight=4068 932 166 766 131 635 237 398 98 65 3136 140 2996 212 2784 839 1945 97 157 68 52 62 55 44
internal_count=4068 932 166 766 131 635 237 398 98 65 3136 140 2996 212 2784 839 1945 97 157 68 52 62 55 44
is_linear=0
shrinkage=0.03


Tree=340
num_leaves=17
num_cat=0
split_feature=36 23 23 3 28 5 36 28 22 27 31 23 27 31 27 21
split_gain=3.6875e-05 0.000125553 0.000223316 0.000199245 0.000197705 0.000121361 0.000266529 0.000379601 8.62664e-05 8.30267e-05 0.000230141 0.000319322 0.000210155 0.000552397 0.000307776 7.2227e-05
threshold=-0.018126889674538862 0.11946557134414394 -0.017181557556376511 4.5650000572204599 -849876569.99999988 589471183.50000012 0.022643640255677205 1616395567.5000002 37.208967512149087 0.0072685207278513639 -0.019844298103777577 -0.033901232376915662 0.12479640140867947 -0.011776286057048444 0.1901585971156777 5.0926666378974925
decision_type=2 2 2 2 2 2 2 2 2 2 2 2 2 2 2 2
left_child=1 2 8 -4 -5 9 7 -7 15 10 -2 -12 13 -11 -14 -1
right_child=5 -3 3 4 -6 6 -8 -9 -10 12 11 -13 14 -15 -16 -17
leaf_value=0 0 0 0 0 -9.6081678628935738e-05 0.000156999669824702 0 0 4.4609605350619186e-05 -1.3751294181603673e-05 -7.6355509292782721e-05 0 -3.4219903707338114e-05 5.6534452118045298e-05 1.2278770816085035e-06 -4.4905099775280971e-05
leaf_weight=26 33 24 25 21 76 28 27 30 35 92 97 63 233 210 3012 36
leaf_count=26 33 24 25 21 76 28 27 30 35 92 97 63 233 210 3012 36
internal_value=0 -1.13462e-05 -2.56626e-05 -5.31773e-05 -7.35027e-05 7.03297e-07 3.61348e-05 7.77251e-05 0 0 -1.92549e-05 -4.17241e-05 9.39704e-07 2.51949e-05 -3.93877e-07 -1.12003e-05
internal_weight=4068 243 219 122 97 3825 85 58 97 3740 193 160 3547 302 3245 62
internal_count=4068 243 219 122 97 3825 85 58 97 3740 193 160 3547 302 3245 62
is_linear=0
shrinkage=0.03


Tree=341
num_leaves=26
num_cat=0
split_feature=28 28 27 33 28 32 5 0 33 32 20 0 20 19 27 5 33 0 27 24 26 28 33 29 25
split_gain=3.48503e-05 0.000228152 0.000348738 0.0002253 0.000325679 0.000325088 0.000225144 0.000195949 0.00018626 0.000123035 0.000116117 0.000452191 0.000185944 0.000547258 0.000237695 0.000348138 0.000159088 9.00552e-05 0.000245076 6.14388e-05 2.42646e-05 1.9219e-05 7.0885e-06 6.11709e-06 1.12266e-05
threshold=-3067874471.9999995 -4087963478.9999995 0.63174656753147884 -0.024256493167270406 -4952695122.999999 -0.022462150878657047 192999350.00000003 2.1304060220718388 -0.026617564654074107 0.018240496274228527 4.5002500295639045 2.6583603620529179 4.9292499303817765 4.9280000209808357 1.0047256700657707 297873381.00000006 -0.016214208659179715 3.4126442670822148 0.97161684394909476 -0.13342854775929633 0.083094696959740588 -6255268849.999999 -0.0062499715576472816 82.139406272332792 0.012730140678664065
decision_type=2 2 2 2 2 2 2 2 2 2 2 2 2 2 2 2 2 2 2 2 2 2 2 2 2
left_child=1 3 8 5 9 21 -6 -7 -3 -5 11 -2 14 22 15 -12 -15 20 -19 -10 -13 -1 -14 24 -4
right_child=10 2 23 4 6 7 -8 -9 19 -11 12 17 13 16 -16 -17 -18 18 -20 -21 -22 -23 -24 -25 -26
leaf_value=2.1032882982965012e-05 0.00012883826119636582 0 0 8.0295849669446637e-06 0 0 8.6348710043550832e-05 -0.00012310757556015535 0 -3.1535820917913103e-05 0 3.0750579820095789e-06 0 1.547454800708267e-05 2.6321062839336007e-05 -6.7063898967132713e-05 -4.3877573528317025e-06 7.111624155036474e-05 0 -9.2224488095167829e-05 -8.9233798047058681e-06 0 0.0001523355862475527 0 1.9980376332720183e-05
leaf_weight=39 31 20 23 343 42 25 77 39 21 89 320 237 23 474 34 146 1540 60 22 90 246 35 22 31 39
leaf_count=39 31 20 23 343 42 25 77 39 21 89 320 237 23 474 34 146 1540 60 22 90 246 35 22 31 39
internal_value=0 -5.14836e-06 -3.20042e-05 0 1.19823e-05 -2.99221e-05 5.59053e-05 -8.05815e-05 -6.43813e-05 0 1.50676e-06 1.3683e-05 -1.57273e-07 2.60222e-06 -1.75179e-05 -2.71578e-05 0 2.03428e-06 3.18699e-05 -7.99999e-05 0 0 0.000105972 0 9.4156e-06
internal_weight=4068 913 224 689 551 138 119 64 131 432 3155 596 2559 2059 500 466 2014 565 82 111 483 74 45 93 62
internal_count=4068 913 224 689 551 138 119 64 131 432 3155 596 2559 2059 500 466 2014 565 82 111 483 74 45 93 62
is_linear=0
shrinkage=0.03


Tree=342
num_leaves=23
num_cat=0
split_feature=31 30 32 30 32 35 22 22 0 1 24 5 20 20 5 5 34 35 34 5 32 30
split_gain=3.43574e-05 0.00015876 0.000350396 0.000308912 0.0004799 0.000265343 0.00022253 0.000213368 0.000160973 0.000131065 0.000107117 0.000108587 0.000326457 0.000437573 0.000407015 0.000214747 0.000201027 9.65115e-05 0.000130742 8.79539e-05 6.70939e-06 1.12576e-06
threshold=-0.0091742813241021386 72.742489298174235 -0.0067473159471259083 59.239793487711616 -0.029796621623877525 0.024096362922982489 52.026805304656762 58.896913384447821 2.5500261783599858 4.1050000190734872 0.12927104864464697 261652358.00000003 5.5374298453330999 5.8050958275794988 277637818.00000006 239661510.00000003 0.027922119664981929 0.019851126240797077 0.016478974345641943 130505570.00000001 -0.0043779431996615039 83.32288881774916
decision_type=2 2 2 2 2 2 2 2 2 2 2 2 2 2 2 2 2 2 2 2 2 2
left_child=1 3 6 5 -5 8 -3 -4 -1 -7 11 15 14 -14 -13 19 -17 -12 -19 -2 -6 -8
right_child=10 2 7 4 20 9 21 -9 -10 -11 17 12 13 -15 -16 16 -18 18 -20 -21 -22 -23
leaf_value=-2.8233259945148115e-05 -1.626842289735557e-05 0 8.6209113440668982e-06 -0.00015436686225752492 -8.9078004620804061e-06 0 0.00011922323918371825 -8.2248546121755595e-05 7.1126444657996975e-06 4.4771304547426247e-05 0 4.9425245437251572e-05 7.3775040610903303e-05 0 -1.2738159194592051e-05 -5.0188618578626026e-05 0 -9.2320758038344887e-05 0 2.0014373960140126e-06 0 0
leaf_weight=167 277 37 26 28 76 39 48 28 231 198 72 108 137 178 630 164 55 36 26 1453 27 27
leaf_count=167 277 37 26 28 76 39 48 28 231 198 72 108 137 178 630 164 55 36 26 1453 27 27
internal_value=0 5.09231e-06 3.17135e-05 0 -4.25797e-05 7.96902e-06 6.56003e-05 0 -1.85997e-07 3.43111e-05 -1.46717e-06 0 7.45794e-06 3.34415e-05 0 -4.48199e-06 -3.25703e-05 -2.77354e-05 -5.53159e-05 0 0 9.53436e-05
internal_weight=4068 932 166 766 131 635 112 54 398 237 3136 3002 1053 315 738 1949 219 134 62 1730 103 75
internal_count=4068 932 166 766 131 635 112 54 398 237 3136 3002 1053 315 738 1949 219 134 62 1730 103 75
is_linear=0
shrinkage=0.03


Tree=343
num_leaves=15
num_cat=0
split_feature=3 24 34 20 20 27 27 35 33 0 27 28 21 28
split_gain=3.45726e-05 0.000145444 7.81141e-05 0.000225058 0.000303656 0.000134272 0.000306987 0.000390198 0.000210617 0.000407799 0.000179997 9.18157e-05 2.45194e-05 2.10252e-05
threshold=3.7350000143051152 -0.096337890667885159 -0.055684723985558841 4.5487499356269838 4.912249982357026 0.12479640140867947 0.1901585971156777 0.014519085081938103 -0.025597348842542608 3.186408638954163 0.27044595946197508 -1555412036.4999998 3.7256666660308841 4649116422.500001
decision_type=2 2 2 2 2 2 2 2 2 2 2 2 2 2
left_child=1 -1 3 -2 -5 8 7 -7 11 -10 -8 -4 -3 -6
right_child=2 12 5 4 13 6 10 -9 9 -11 -12 -13 -14 -15
leaf_value=7.7088161474639342e-05 0 2.3417395375673864e-05 -3.5110303984867593e-05 -0.00011537690168538939 0 0 2.3602291695347322e-05 -6.5085111638717318e-05 6.2350444092086372e-05 0 -1.3869131391888394e-06 3.4781001503278163e-06 -7.3379338416345919e-06 -2.2285851594023988e-05
leaf_weight=27 28 31 66 41 72 75 281 150 172 89 2810 95 93 38
leaf_count=27 28 31 66 41 72 75 281 150 172 89 2810 95 93 38
internal_value=0 1.41245e-05 -4.97818e-07 -1.99488e-05 -4.25701e-05 0 -1.58847e-06 -3.55609e-05 1.63239e-05 3.40113e-05 0 0 0 0
internal_weight=4068 151 3917 179 151 3738 3316 225 422 261 3091 161 124 110
internal_count=4068 151 3917 179 151 3738 3316 225 422 261 3091 161 124 110
is_linear=0
shrinkage=0.03


Tree=344
num_leaves=17
num_cat=0
split_feature=36 23 23 35 35 35 32 26 24 5 32 5 26 24 23 35
split_gain=3.3639e-05 0.000119998 0.000209582 0.000222209 0.000111489 0.00018741 8.6041e-05 0.000217299 0.00021663 0.000121171 0.000500884 0.000434121 8.29425e-05 6.94855e-05 4.72005e-05 0.00010056
threshold=-0.018126889674538862 0.11946557134414394 -0.017181557556376511 0.031705678284853489 0.040110776041661862 0.053381458356396801 0.021074869706332103 0.16472553468067128 0.056422201821049199 371184257.00000006 -0.013363846071639705 336506339.50000006 0.12513020068409311 -0.01286007569850423 -0.13436142286339378 0.032772742411385537
decision_type=2 2 2 2 2 2 2 2 2 2 2 2 2 2 2 2
left_child=1 2 14 -4 6 12 9 8 -8 11 -11 -2 -6 -9 -1 -16
right_child=4 -3 3 -5 5 -7 7 13 -10 10 -12 -13 -14 -15 15 -17
leaf_value=-1.9856651663235643e-05 2.6148692872872007e-06 0 0 -9.2674259233519769e-05 0 0 -1.6504132862022884e-05 0 3.0011328491784e-05 -1.3016056587090284e-05 5.7834397828158629e-05 -5.1846027651928867e-05 9.7869826158911093e-05 -0.00012415252558906865 0 6.5651950086682395e-05
leaf_weight=30 2851 24 61 61 20 25 345 25 112 86 166 138 36 21 39 28
leaf_count=30 2851 24 61 61 20 25 345 25 112 86 166 138 36 21 39 28
internal_value=0 -1.07605e-05 -2.49277e-05 -5.15739e-05 7.45696e-07 3.55453e-05 0 -1.1551e-05 0 1.78363e-06 2.17597e-05 0 6.95203e-05 -7.54876e-05 0 2.13593e-05
internal_weight=4068 243 219 122 3825 81 3744 503 457 3241 252 2989 56 46 97 67
internal_count=4068 243 219 122 3825 81 3744 503 457 3241 252 2989 56 46 97 67
is_linear=0
shrinkage=0.03


Tree=345
num_leaves=25
num_cat=0
split_feature=31 26 21 31 33 5 27 0 27 31 34 31 28 31 33 34 24 0 26 5 26 0 5 21
split_gain=3.43626e-05 0.000157908 0.000498721 0.000482705 0.000225805 0.000249776 0.000203363 0.000314467 0.000232801 0.000184476 0.000179992 0.000105999 0.000358895 9.52225e-05 0.000356109 0.000160199 0.000433476 0.000312877 7.57756e-05 6.79396e-05 6.28073e-05 2.43988e-05 2.11375e-05 1.88497e-05
threshold=-0.0091742813241021386 0.13197203454650899 5.1602499922116607 -0.024630933490664916 -0.0036331035808588315 212659610.00000003 0.42041199571511129 3.0490841865539555 0.72102786936959218 -0.028781703934558419 -0.0019380360996627541 -0.0077896786465176939 2378064337.0000005 -0.0056967121760432273 -0.017826758455234844 -0.0075353154001374092 -0.036898367736152744 2.1092969179153447 0.085639528386256838 175149369.00000003 0.11683364523771776 3.3972218036651616 223233020.50000003 4.7223333279291806
decision_type=2 2 2 2 2 2 2 2 2 2 2 2 2 2 2 2 2 2 2 2 2 2 2 2
left_child=1 4 3 -3 5 18 7 -4 -8 -7 -6 12 23 14 22 16 -15 -17 -1 -16 -14 -12 -13 -2
right_child=11 2 6 -5 10 9 8 -9 -10 -11 21 13 20 15 19 17 -18 -19 -20 -21 -22 -23 -24 -25
leaf_value=0 0 0 0 0.00015980379966964577 7.9406488999712513e-05 0 -9.4162619587767388e-05 7.2414356513966327e-05 0 -3.6408113097461491e-05 -2.3956006643499337e-06 0 0 -4.5366102386870716e-05 2.3382079712753831e-05 4.7521212246407476e-05 0 0 2.5555815218208509e-05 -1.7628541872433457e-05 -0.00011885045467202667 2.9321369525802077e-05 0.00011393919619095128 2.0829803722552101e-05
leaf_weight=37 33 21 69 41 47 44 37 66 20 338 66 23 34 261 52 127 578 1818 121 105 34 25 32 39
leaf_count=37 33 21 69 41 47 44 37 66 20 338 66 23 34 261 52 127 578 1818 121 105 34 25 32 39
internal_value=0 5.0933e-06 2.55824e-05 9.95276e-05 0 -1.12399e-05 0 2.16966e-05 -4.57338e-05 -2.71734e-05 3.12648e-05 -1.46666e-06 -2.70016e-05 0 1.90789e-05 -1.74681e-06 -1.32465e-05 1.67183e-06 8.30032e-06 0 -7.90129e-05 0 8.49579e-05 0
internal_weight=4068 932 254 62 678 540 192 135 57 382 138 3136 140 2996 212 2784 839 1945 158 157 68 91 55 72
internal_count=4068 932 254 62 678 540 192 135 57 382 138 3136 140 2996 212 2784 839 1945 158 157 68 91 55 72
is_linear=0
shrinkage=0.03


Tree=346
num_leaves=13
num_cat=0
split_feature=3 36 24 24 28 28 33 28 32 32 0 32
split_gain=3.36599e-05 0.000181228 0.000124579 7.33056e-05 0.000203021 0.000295396 8.18092e-05 0.00024995 0.000127447 0.000218294 0.000157503 7.33202e-05
threshold=3.7350000143051152 -0.0058982349751343375 -0.063001132253417427 -0.16543031874497385 -6121181483.999999 640541819.00000012 -0.053470220858956079 750247717.00000012 -0.0095530885936727632 -0.014497224386569084 2.1092969179153447 -0.056250085204911864
decision_type=2 2 2 2 2 2 2 2 2 2 2 2
left_child=1 2 -1 4 -2 -6 7 -5 9 -8 -10 -9
right_child=3 -3 -4 6 5 -7 8 11 10 -11 -12 -13
leaf_value=0.00011483646499888075 0 0 0 0 -0.0001035181354221732 0 0 0 2.1830338105216336e-05 3.1135840560540042e-05 -4.7420180070913748e-06 -0.00011149702101319393
leaf_weight=23 31 94 34 30 48 33 731 20 196 316 2483 29
leaf_count=23 31 94 34 30 48 33 731 20 196 316 2483 29
internal_value=0 1.39498e-05 5.8064e-05 -4.76751e-07 -2.44229e-05 -5.54751e-05 0 -2.99211e-05 8.6876e-07 1.02484e-05 -1.67742e-06 -7.76135e-05
internal_weight=4068 151 57 3917 112 81 3805 79 3726 1047 2679 49
internal_count=4068 151 57 3917 112 81 3805 79 3726 1047 2679 49
is_linear=0
shrinkage=0.03


Tree=347
num_leaves=26
num_cat=0
split_feature=28 28 20 29 31 23 25 26 23 22 29 24 32 35 29 29 26 35 35 36 23 34 20 29 32
split_gain=3.47215e-05 0.000217094 0.000151027 0.000200027 0.000115183 0.000289354 0.000311748 0.000273997 0.000246377 0.000237626 0.000183386 0.00018086 0.000136822 0.000142934 0.000107648 0.000270474 0.000214384 0.000176734 0.000429571 0.000136864 8.44985e-05 7.37098e-05 0.0002293 5.49401e-05 3.55479e-07
threshold=-3067874471.9999995 -3462897049.9999995 5.4930000543594373 42.069290609413315 0.0204528766394142 -0.051729235394972754 0.051975214081887135 0.12537296589573685 -0.13436142286339378 25.141863247435968 8.0455290312196066 -0.00095623979862411183 0.014340551754337129 0.04091024738924335 25.580227060997277 49.659637809851013 0.096041159356796343 0.016769892862061517 0.031423909737852473 0.0036968667177501033 0.10719385984923015 0.021663073115656076 4.524749994277955 18.500910643143872 0.021403548761457784
decision_type=2 2 2 2 2 2 2 2 2 2 2 2 2 2 2 2 2 2 2 2 2 2 2 2 2
left_child=1 14 3 -3 5 8 11 21 9 -2 -10 -7 -9 -14 17 16 -16 23 -19 -17 -8 24 -23 -1 -6
right_child=4 2 -4 -5 7 6 20 12 10 -11 -12 -13 13 -15 15 19 -18 18 -20 -21 -22 22 -24 -25 -26
leaf_value=2.6998008924019318e-05 3.9364387816915217e-05 0 0 -0.00012523000159975455 -3.9140070745527171e-06 -1.5787222776098502e-05 0 0 0 -4.7622639523879856e-05 3.9931154267852562e-05 1.5470983433889008e-06 -9.2313602727780793e-05 0 0 3.7369923722977433e-06 6.0774701198168612e-05 -7.3697519904771547e-05 0 -2.7041166590978575e-05 0.00011072172289896503 0 8.3513861622416005e-05 -7.2486070310793493e-06 0
leaf_weight=66 28 21 25 34 21 686 26 22 29 75 435 1633 66 20 76 236 124 114 28 165 28 26 39 24 21
leaf_count=66 28 21 25 34 21 686 26 22 29 75 435 1633 66 20 76 236 124 114 28 165 28 26 39 24 21
internal_value=0 -5.06679e-06 -5.22677e-05 -8.0239e-05 1.57312e-06 3.97946e-06 0 -1.73718e-05 2.32661e-05 0 3.37525e-05 -2.28755e-06 -5.36813e-05 -7.10507e-05 0 6.16467e-06 3.64207e-05 -1.78605e-05 -4.05018e-05 -1.45149e-06 7.04406e-05 0 3.19215e-05 0 -2.80381e-07
internal_weight=4068 913 80 55 3155 2940 2373 215 567 103 464 2319 108 86 833 601 200 232 142 401 54 107 65 90 42
internal_count=4068 913 80 55 3155 2940 2373 215 567 103 464 2319 108 86 833 601 200 232 142 401 54 107 65 90 42
is_linear=0
shrinkage=0.03


Tree=348
num_leaves=18
num_cat=0
split_feature=3 36 26 28 27 27 27 26 27 25 23 19 27 27 35 2 22
split_gain=3.27602e-05 0.000174817 0.000119742 6.65307e-05 0.00019259 0.000456087 0.000377309 0.000376944 0.000254649 0.000480559 0.00020032 0.000157409 0.00018148 0.000310584 0.000280457 0.000180903 0.000108815
threshold=3.7350000143051152 -0.0058982349751343375 0.087630292222924608 3066752227.5000005 0.51541193320725964 0.26693363545293508 0.2177333169797992 0.1046031660766269 0.55998734265036298 -0.0068247878503539727 -0.042869195492425398 5.5840000629425059 0.5728636807907016 0.75352198564182504 0.027857219470978318 5.6505789756774911 52.968014566412073
decision_type=2 2 2 2 2 2 2 2 2 2 2 2 2 2 2 2 2
left_child=1 2 -1 4 5 6 -2 -7 9 -6 -10 12 14 -14 -5 -13 -17
right_child=3 -3 -4 11 8 7 -8 -9 10 -11 -12 15 13 -15 -16 16 -18
leaf_value=0 -7.1430023830054878e-06 0 0.00010412471481565405 4.3345220397205504e-05 0 -2.7226791023718122e-07 5.4263493787910658e-05 -6.808266244565179e-05 -5.2332944542956578e-05 0.0001028743040689456 1.4085003981720948e-06 -6.4071614611394551e-05 -5.0588327436009212e-05 2.0897198430959628e-05 0 1.1407507072986399e-05 -8.6699109513803155e-06
leaf_weight=30 590 94 27 305 29 268 105 207 65 63 1006 40 83 153 47 474 482
leaf_count=30 590 94 27 305 29 268 105 207 65 63 1006 40 83 153 47 474 482
internal_value=0 1.37853e-05 5.70816e-05 -4.43343e-07 -4.29452e-06 -1.34048e-05 0 -3.61459e-05 2.2916e-06 5.05445e-05 0 3.33497e-06 1.6364e-05 0 3.01851e-05 -1.34599e-06 0
internal_weight=4068 151 57 3917 2333 1170 695 475 1163 92 1071 1584 588 236 352 996 956
internal_count=4068 151 57 3917 2333 1170 695 475 1163 92 1071 1584 588 236 352 996 956
is_linear=0
shrinkage=0.03


Tree=349
num_leaves=23
num_cat=0
split_feature=0 0 23 26 21 26 5 26 21 26 32 27 23 23 33 33 31 21 25 5 32 35
split_gain=3.33726e-05 0.000213191 0.000177661 0.000145327 0.000194505 0.000179302 0.00022784 0.000240458 0.000154155 0.000250936 0.000122491 0.000271604 0.000361264 0.000195372 0.00011874 0.00030007 0.000226229 9.84826e-05 0.000111529 8.03649e-05 4.96652e-05 3.82118e-06
threshold=3.1215580701828007 3.0965428352355961 0.031311551182834581 0.10030254178184098 4.1796666701634733 0.10859546612397171 190678427.50000003 0.1046031660766269 5.1762499968210864 0.075968809668239018 0.055494965809056447 1.0047256700657707 0.038000756700229406 -0.22703030034247004 -0.022884926347478348 -0.0044793120230842134 -0.020280069908897854 3.9501666724681859 0.017465491159935165 202428939.50000003 0.0070340003754469924 0.01170758288489668
decision_type=2 2 2 2 2 2 2 2 2 2 2 2 2 2 2 2 2 2 2 2 2 2
left_child=1 10 -3 4 17 6 21 -8 9 -6 11 13 -13 -1 16 -16 -7 19 -19 -2 -10 -5
right_child=3 2 -4 5 8 14 7 -9 20 -11 -12 12 -14 -15 15 -17 -18 18 -20 -21 -22 -23
leaf_value=6.7436787197889593e-05 0 7.7385904899420456e-05 0 0 0 0 0 8.3903774249047809e-05 -1.6533067111757987e-05 -6.0877527898994775e-05 -5.6316180098759637e-05 0 0.00010308067533815909 -1.8940600231855798e-06 -3.7045957037696998e-05 0 4.3853102885201438e-05 6.2495518770802714e-05 0 -3.3595308815429527e-05 1.767857108844276e-05 -7.9729944752019667e-06
leaf_weight=37 42 61 22 24 47 55 70 82 105 185 33 30 54 1983 250 624 126 48 20 65 51 54
leaf_count=37 42 61 22 24 47 55 70 82 105 185 33 30 54 1983 250 624 126 48 20 65 51 54
internal_value=0 2.52326e-06 4.97898e-05 -2.93319e-06 -1.61219e-05 5.11559e-07 2.60797e-05 4.87557e-05 -2.87779e-05 -4.45259e-05 0 1.58188e-06 5.44903e-05 0 -2.22116e-06 -9.14956e-06 1.46554e-05 0 3.58427e-05 -3.27166e-06 0 0
internal_weight=4068 2220 83 1848 563 1285 230 152 388 232 2137 2104 84 2020 1055 874 181 175 68 107 156 78
internal_count=4068 2220 83 1848 563 1285 230 152 388 232 2137 2104 84 2020 1055 874 181 175 68 107 156 78
is_linear=0
shrinkage=0.03


Tree=350
num_leaves=23
num_cat=0
split_feature=29 29 21 0 5 29 29 26 22 26 27 27 36 26 23 0 23 20 3 27 34 22
split_gain=3.39337e-05 0.00014369 0.00015786 0.000154156 0.000137941 0.000101269 0.000259569 0.000604657 0.000463655 0.000188264 0.000737912 0.000745389 0.000459261 0.000161601 0.000133304 0.00029712 0.000130226 0.00028163 0.000171616 9.7289e-05 8.3369e-05 9.67081e-05
threshold=88.248114172270661 93.376351170853908 4.5050833066304534 5.1552329063415536 413852945.50000006 59.630545010131847 50.877170967820085 0.10884153163917923 48.549710262976141 0.12033289907861677 0.83204860017633075 1.0201085665817995 0.014325934003391135 0.10240409874407962 -0.054050475017577419 2.3732714653015141 -0.11062777717511717 4.4405000090599076 4.7349998950958261 0.4517579172799645 0.05317926564556142 69.970239851707944
decision_type=2 2 2 2 2 2 2 2 2 2 2 2 2 2 2 2 2 2 2 2 2 2
left_child=5 2 -2 4 -4 6 16 13 -9 14 12 -12 -11 -8 19 -16 17 -1 -18 -7 -3 -22
right_child=1 20 3 -5 -6 9 7 8 -10 10 11 -13 -14 -15 15 -17 18 -19 -20 -21 21 -23
leaf_value=8.5364929468445235e-05 0 0 -7.0827409315299473e-05 0 0 -5.9847143344846834e-05 -1.9195658089467646e-06 -0.00014632039037308989 -2.7430838590999804e-06 7.1880446854190853e-05 -7.0241612300872853e-05 8.1940827933329091e-05 0 6.4223797634417091e-05 4.1656203347867369e-05 -5.1268943760713202e-08 -1.4009437247815814e-05 0 4.8447801645030556e-06 0 8.2005310583380478e-05 0
leaf_weight=51 53 32 112 21 22 53 180 56 113 250 107 27 22 35 164 669 652 214 1137 52 24 22
leaf_count=51 53 32 112 21 22 53 180 56 113 250 107 27 22 35 164 669 652 214 1137 52 24 22
internal_value=0 -9.9051e-06 -2.75013e-05 -4.39407e-05 -5.71642e-05 8.08255e-07 -1.89588e-06 -2.50202e-05 -6.81184e-05 7.94528e-06 2.50234e-05 -1.71684e-05 5.6833e-05 0 0 4.56305e-06 9.67784e-07 2.11787e-05 -3.50207e-07 -3.12485e-05 0 4.03435e-05
internal_weight=4068 286 208 155 134 3782 2438 384 169 1344 406 134 272 215 938 833 2054 265 1789 105 78 46
internal_count=4068 286 208 155 134 3782 2438 384 169 1344 406 134 272 215 938 833 2054 265 1789 105 78 46
is_linear=0
shrinkage=0.03


Tree=351
num_leaves=18
num_cat=0
split_feature=36 24 5 5 5 36 28 24 35 0 0 5 5 20 27 31 28
split_gain=3.27368e-05 0.000119671 0.000364066 0.000197964 0.000103692 0.000247696 0.000353892 9.41335e-05 9.0281e-05 7.79468e-05 0.000204432 0.000268536 0.000219347 0.000122462 0.000158254 6.47322e-05 2.56815e-06
threshold=-0.018126889674538862 0.072809277130864034 469336686.00000006 325331797.50000006 589471183.50000012 0.022643640255677205 1616395567.5000002 -0.022271964759463792 0.033234442886689315 3.7098116874694829 3.3450520038604741 305360976.50000006 320656761.00000006 6.8472500205039983 0.9423127993276017 0.0051613247974243723 3801011379.0000005
decision_type=2 2 2 2 2 2 2 2 2 2 2 2 2 2 2 2 2
left_child=1 2 3 7 9 6 -6 -1 -5 10 11 -2 -12 14 -11 -15 -3
right_child=4 16 -4 8 5 -7 -8 -9 -10 13 12 -13 -14 15 -16 -17 -18
leaf_value=0 6.2868607958406845e-06 9.793159897300054e-06 -0.00012613062338769128 0 0.00015051848075710552 0 0 -5.3369208333455485e-05 7.6529478511001519e-05 2.6370455296006307e-05 -3.2217248376526194e-05 -1.6509731107914122e-05 0 0 0 -3.8975496437855964e-05 0
leaf_weight=42 2074 24 29 22 28 27 30 65 27 445 379 586 83 59 75 39 34
leaf_count=42 2074 24 29 22 28 27 30 65 27 445 379 586 83 59 75 39 34
internal_value=0 -1.06526e-05 -2.70352e-05 0 7.00398e-07 3.34467e-05 7.39965e-05 -3.06637e-05 3.97203e-05 0 -1.97159e-06 1.36545e-07 -2.05989e-05 9.68823e-06 1.79241e-05 -3.40504e-06 0
internal_weight=4068 243 185 156 3825 85 58 107 49 3740 3122 2660 462 618 520 98 58
internal_count=4068 243 185 156 3825 85 58 107 49 3740 3122 2660 462 618 520 98 58
is_linear=0
shrinkage=0.03


Tree=352
num_leaves=19
num_cat=0
split_feature=22 20 21 21 5 25 35 21 5 19 19 32 25 27 26 5 2 25
split_gain=3.16776e-05 0.000238479 8.76439e-05 0.000455733 0.00045057 0.000371588 0.000247746 0.000283426 0.000221351 0.000161286 0.00040464 0.000526822 0.000255507 0.000409227 0.000130824 6.14189e-05 6.11869e-05 5.72766e-05
threshold=74.379172156598358 5.7020000338554393 5.0926666378974925 4.8885833422342948 264505266.50000003 0.025729768134516814 0.016769892862061517 4.7940833171208714 319301681.50000006 5.4269999980926524 5.5327129364013681 0.0018066844178297183 0.020629849759090168 0.56476837764283172 0.11313459966028412 307847223.50000006 5.1849999427795419 -0.010464617170446994
decision_type=2 2 2 2 2 2 2 2 2 2 2 2 2 2 2 2 2 2
left_child=2 16 3 6 17 -6 8 -8 -1 12 11 -11 13 -4 -12 -14 -2 -5
right_child=1 -3 9 4 5 -7 7 -9 -10 10 14 -13 15 -15 -16 -17 -18 -19
leaf_value=2.2595520883816517e-05 0 0 -8.562076870225968e-06 3.3079813281983262e-05 0.00011174317886023621 0 -1.1723314225404443e-06 -6.2002251593679247e-05 -3.1706535672315218e-05 9.4654067357943678e-05 4.9016097429537995e-06 0 2.7706257604157585e-05 -0.00010154643667687399 -1.2174497125764201e-05 0 -0.00010476162039410197 -3.0559106792223124e-06
leaf_weight=569 41 36 416 46 97 30 882 91 35 92 517 91 81 70 802 27 27 118
leaf_count=569 41 36 416 46 97 30 882 91 35 92 517 91 81 70 802 27 27 118
internal_value=0 -1.63192e-05 4.45379e-07 5.7768e-06 4.02884e-05 8.31147e-05 0 -9.95018e-06 1.44781e-05 -2.87492e-06 5.2355e-07 4.37846e-05 -1.65167e-05 -2.81446e-05 -3.20714e-06 8.0346e-06 -5.96557e-05 0
internal_weight=4068 104 3964 1868 291 127 1577 973 604 2096 1502 183 594 486 1319 108 68 164
internal_count=4068 104 3964 1868 291 127 1577 973 604 2096 1502 183 594 486 1319 108 68 164
is_linear=0
shrinkage=0.03


Tree=353
num_leaves=15
num_cat=0
split_feature=3 36 24 34 20 20 27 27 35 34 33 21 27 29
split_gain=2.92532e-05 0.000166005 0.000110772 6.84216e-05 0.000213273 0.000278392 0.000125219 0.000286361 0.000365969 0.000210601 0.00040265 0.000186058 0.000157985 6.21293e-05
threshold=3.7350000143051152 -0.0058982349751343375 -0.063001132253417427 -0.055684723985558841 4.5487499356269838 4.912249982357026 0.12479640140867947 0.1901585971156777 0.014519085081938103 -0.031194118586148841 -0.024256493167270406 4.9839999993642179 0.27044595946197508 18.062378167094721
decision_type=2 2 2 2 2 2 2 2 2 2 2 2 2 2
left_child=1 2 -1 4 -2 -6 9 8 -8 10 -5 -11 -9 -7
right_child=3 -3 -4 6 5 13 7 12 -10 11 -12 -13 -14 -15
leaf_value=0.00010896948988658265 0 0 0 0 -0.00011087002207178377 -2.6706656627144911e-05 0 2.2072229648877146e-05 -6.3003654069372942e-05 2.6960746071998553e-05 8.4389895445315317e-05 -2.8968373875501045e-05 -1.3654600621341417e-06 9.214092358263783e-06
leaf_weight=23 28 94 34 119 41 74 75 281 150 87 92 124 2810 36
leaf_count=23 28 94 34 119 41 74 75 281 150 87 92 124 2810 36
internal_value=0 1.29138e-05 5.52977e-05 -5.36985e-07 -1.87119e-05 -4.10529e-05 0 -1.62149e-06 -3.44045e-05 1.56951e-05 3.72884e-05 0 0 0
internal_weight=4068 151 57 3917 179 151 3738 3316 225 422 211 211 3091 110
internal_count=4068 151 57 3917 179 151 3738 3316 225 422 211 211 3091 110
is_linear=0
shrinkage=0.03


Tree=354
num_leaves=27
num_cat=0
split_feature=28 28 22 23 33 33 23 5 33 36 36 19 32 28 28 34 32 5 0 31 33 5 30 36 33 5
split_gain=3.39389e-05 0.00021108 0.000330367 0.000199902 0.000310993 0.000344365 0.000279166 0.000183239 0.000108973 0.000205357 0.000277825 0.000197316 0.000323687 0.000267815 0.000173492 0.000434719 0.000431571 0.000333901 0.000216621 0.000201836 0.000134401 0.000129536 9.8456e-05 1.81397e-05 2.17612e-06 0.000116465
threshold=-3067874471.9999995 -4087963478.9999995 41.887794132825881 0.071525435164105491 -0.024256493167270406 0.0046984916850697509 -0.1088673550591832 179503055.00000003 -0.016981517277265708 -0.0088235447963641838 -0.0067491586199992489 4.7129999160766607 -0.019648564221841355 -804246435.99999988 133157873.50000001 -0.026295433599477943 -0.014707881920950181 180763505.50000003 3.4197897911071782 -0.0016792703004687712 0.0036199089523475396 220455234.00000003 45.482513162889795 -0.0018850140329649036 0.027072914342131663 245168022.00000003
decision_type=2 2 2 2 2 2 2 2 2 2 2 2 2 2 2 2 2 2 2 2 2 2 2 2 2 2
left_child=1 3 7 4 6 -6 -1 -3 14 11 21 13 -13 -10 15 19 18 -18 -16 -2 -12 -11 -17 -5 25 -4
right_child=8 2 24 23 5 -7 -8 -9 9 10 20 12 -14 -15 16 22 17 -19 -20 -21 -22 -23 -24 -25 -26 -27
leaf_value=0 9.727510329820619e-05 0 0 0 4.5034555761011874e-05 0 -6.0947536307909796e-05 -0.000107863227617983 -2.0866644024100139e-05 0 -1.0943335568547372e-05 0 -5.1854649093868778e-05 7.2902691837381615e-05 -3.7664909409489795e-05 -4.6295211747661021e-05 0 6.7973048152861575e-05 0 0 5.1012836609093697e-06 7.3142220652609071e-05 1.0563563857996818e-05 -7.6405275747849248e-05 -7.1696851279460012e-06 5.1776304574157196e-05
leaf_weight=43 88 20 69 23 272 236 88 58 64 79 747 21 240 40 209 39 49 127 109 20 1210 70 43 27 38 39
leaf_count=43 88 20 69 23 272 236 88 58 64 79 747 21 240 40 209 39 49 127 109 20 1210 70 43 27 38 39
internal_value=0 -5.09954e-06 -3.08816e-05 0 7.71439e-06 2.18204e-05 -2.40783e-05 -8.08919e-05 1.46803e-06 -3.34782e-07 1.99649e-06 -2.19997e-05 -3.68362e-05 0 1.23653e-05 3.70352e-05 0 4.03515e-05 -1.78787e-05 7.76618e-05 0 4.16331e-05 0 -5.32155e-05 0 0
internal_weight=4068 913 224 689 639 508 131 78 3155 2471 2106 365 261 104 684 190 494 176 318 108 1957 149 82 50 146 108
internal_count=4068 913 224 689 639 508 131 78 3155 2471 2106 365 261 104 684 190 494 176 318 108 1957 149 82 50 146 108
is_linear=0
shrinkage=0.03


Tree=355
num_leaves=27
num_cat=0
split_feature=28 28 27 23 33 5 23 33 35 33 36 36 7 24 23 34 33 5 28 27 1 25 5 36 22 35
split_gain=3.40239e-05 0.000201781 0.000309549 0.000189201 0.000288546 0.00033665 0.00026609 0.000176263 0.000123767 0.00010237 0.000189484 0.000264201 0.000187518 0.000383215 0.000166725 0.000395406 0.000212038 0.000204159 0.000189788 0.000161484 0.000159343 0.000128264 0.000118979 1.50225e-05 8.46862e-06 3.02253e-06
threshold=-3067874471.9999995 -4087963478.9999995 0.63174656753147884 0.071525435164105491 -0.024256493167270406 267362274.00000003 -0.1088673550591832 -0.026617564654074107 0.021459224759623589 -0.016981517277265708 -0.0088235447963641838 -0.0067491586199992489 -89.999999999999986 0.10674415355249496 -0.08526731527318486 -0.032802645978312776 -0.048795043658958363 169895196.00000003 972234313.00000012 -0.087422558735633038 4.6549999713897714 0.011246336206660261 220455234.00000003 -0.0018850140329649036 60.545037302399635 0.019472575389284291
decision_type=2 2 2 2 2 2 2 2 2 2 2 2 2 2 2 2 2 2 2 2 2 2 2 2 2 2
left_child=1 3 7 4 6 -6 -1 -3 -9 14 12 22 20 -14 15 19 18 -18 -16 -2 -11 -13 -12 -5 -4 -17
right_child=9 2 24 23 5 -7 -8 8 -10 10 11 21 13 -15 16 25 17 -19 -20 -21 -22 -23 -24 -25 -26 -27
leaf_value=0 0 0 1.3298078942542221e-05 0 0 5.3611289857254259e-05 -5.9121184981434432e-05 -9.5836998274165299e-05 0 8.2441549235072088e-05 0 -7.1988148551089231e-06 -5.0392704741991043e-05 1.3480041624522998e-05 0 0 -1.4425510219469023e-05 2.3580001148483009e-05 -7.9037742856089138e-05 0.00011998268710004681 0 8.3521800925505278e-06 7.095108509443026e-05 -7.41215760257885e-05 0 -1.1633459527267883e-05
leaf_weight=43 21 20 43 23 324 184 88 82 29 21 79 1176 264 31 22 21 79 422 47 52 49 781 70 27 50 20
leaf_count=43 21 20 43 23 324 184 88 82 29 21 79 1176 264 31 22 21 79 422 47 52 49 781 70 27 50 20
internal_value=0 -5.10985e-06 -3.02779e-05 0 7.39116e-06 2.10971e-05 -2.28509e-05 -6.07629e-05 -7.6057e-05 1.46591e-06 -2.40735e-07 1.95207e-06 -2.11069e-05 -3.35123e-05 1.20158e-05 4.66984e-05 0 1.15986e-05 -4.22628e-05 9.09509e-05 0 0 4.0603e-05 -5.19802e-05 0 0
internal_weight=4068 913 224 689 639 508 131 131 111 3155 2471 2106 365 295 684 114 570 501 69 73 70 1957 149 50 93 41
internal_count=4068 913 224 689 639 508 131 131 111 3155 2471 2106 365 295 684 114 570 501 69 73 70 1957 149 50 93 41
is_linear=0
shrinkage=0.03


Tree=356
num_leaves=23
num_cat=0
split_feature=31 30 32 30 32 35 22 35 22 0 31 31 24 31 27 35 34 24 0 30 0 35
split_gain=3.2545e-05 0.000147933 0.000324485 0.000277389 0.00044042 0.000246957 0.000208269 0.000205377 0.000194185 0.000141352 0.00011352 0.000100004 0.000328031 8.37308e-05 0.000304535 0.000204796 0.000161895 0.00041945 0.000291409 0.000125963 3.65965e-05 1.41987e-05
threshold=-0.0091742813241021386 72.742489298174235 -0.0067473159471259083 59.239793487711616 -0.014994657785106611 0.024096362922982489 52.026805304656762 0.019012095455231016 58.896913384447821 2.5500261783599858 -0.031710689529602092 -0.0077896786465176939 -0.021249244502538827 -0.0053908346964566803 0.5517068514639637 0.012167935173343759 -0.0075353154001374092 -0.036898367736152744 2.1092969179153447 78.064201175813551 2.9632363319396977 0.018310809948472225
decision_type=2 2 2 2 2 2 2 2 2 2 2 2 2 2 2 2 2 2 2 2 2 2
left_child=1 3 6 5 7 9 -3 -5 -4 -1 -7 12 -2 14 15 -13 17 -15 -18 -16 -14 -22
right_child=11 2 8 4 -6 10 -8 -9 -10 -11 -12 13 20 16 19 -17 18 -19 -20 -21 21 -23
leaf_value=-2.6634369263304456e-05 -9.5358949286021552e-05 0 7.9250088176989695e-06 0 0 0 9.1968983716080922e-05 -0.00012350333121430036 -7.8492707780954254e-05 6.128946501843948e-06 4.2665430388055468e-05 0 2.8186867642415377e-05 -4.5625310554955644e-05 -4.7441775890095345e-05 6.1557651966014291e-05 4.5868665337653057e-05 0 0 0 0 -2.8402980899530959e-05
leaf_weight=167 43 37 26 22 57 39 75 52 28 231 198 23 35 253 51 138 127 568 1805 31 40 22
leaf_count=167 43 37 26 22 57 39 75 52 28 231 198 23 35 253 51 138 127 568 1805 31 40 22
internal_value=0 4.92402e-06 3.06206e-05 0 -4.03519e-05 7.54798e-06 6.32015e-05 -9.07195e-05 0 -8.5917e-08 3.30153e-05 -1.46065e-06 -2.62713e-05 0 1.65463e-05 4.58719e-05 -1.788e-06 -1.34874e-05 1.63134e-06 -4.47687e-06 0 -9.0177e-06
internal_weight=4068 932 166 766 131 635 112 74 54 398 237 3136 140 2996 243 161 2753 821 1932 82 97 62
internal_count=4068 932 166 766 131 635 112 74 54 398 237 3136 140 2996 243 161 2753 821 1932 82 97 62
is_linear=0
shrinkage=0.03


Tree=357
num_leaves=26
num_cat=0
split_feature=28 28 26 26 30 19 27 35 26 21 34 32 34 27 24 36 26 26 23 35 36 26 24 34 30
split_gain=3.26366e-05 0.000162416 0.000320005 0.000169844 0.0003975 0.000782529 0.000256328 0.000175221 0.000323639 0.000292121 0.000162055 0.000224832 0.000338876 0.000210269 0.000173864 0.000142894 0.000210985 9.91437e-05 3.01666e-05 2.86039e-05 9.97531e-05 2.4929e-05 6.74118e-06 5.334e-06 5.12329e-06
threshold=3066752227.5000005 2036193434.5000002 0.129450896283239 0.13944779399714394 49.915274181890695 4.9789999485015874 0.26693363545293508 0.017790032335100986 0.11195816871421764 3.7492500106493636 0.041313317230227471 0.014340551754337129 0.007471954502334178 0.92822898829904099 0.053864812358058949 0.015287192957348502 0.14548620127423548 0.1069429888430921 0.11560489910584161 0.0096992980978816198 -0.0019627085910020044 0.13324223808850783 0.016536259729342986 0.061244620867451201 29.077873164003353
decision_type=2 2 2 2 2 2 2 2 2 2 2 2 2 2 2 2 2 2 2 2 2 2 2 2 2
left_child=1 3 19 7 6 -6 -5 9 -9 -1 11 15 24 -14 17 16 -2 -12 -16 -3 -21 -19 -17 -20 -13
right_child=10 2 -4 4 5 -7 -8 8 -10 -11 14 12 13 -15 18 22 -18 21 23 20 -22 -23 -24 -25 -26
leaf_value=7.8313054624744093e-05 0 1.7128285913686463e-05 -0.00010168344602464176 2.3787294220947571e-05 0.00014241386374798018 0 -5.1658565642514109e-05 -6.7378995909452068e-08 -4.7984385460576042e-05 0 0 0 8.4265335340444995e-05 0 3.4282998754365081e-05 -7.1601487852862499e-05 3.7731378336590431e-05 -7.9869463141103082e-05 0 0 -3.5682230541074636e-05 0 0 -1.3562112661271251e-05 -1.0343251946779814e-05
leaf_weight=45 972 20 43 77 59 67 70 773 196 988 21 29 112 48 23 21 152 52 31 60 86 34 20 26 43
leaf_count=45 972 20 43 77 59 67 70 773 196 988 21 29 112 48 23 21 152 52 31 60 86 34 20 26 43
internal_value=0 -2.14738e-06 -2.74562e-05 0 2.23667e-05 6.26138e-05 0 -2.84778e-06 -1.28592e-05 3.63982e-06 3.36322e-06 8.44159e-06 3.60568e-05 6.1561e-05 -1.85252e-05 3.64736e-07 4.86925e-06 -4.53935e-05 0 0 -1.16552e-05 -5.99958e-05 -4.98435e-05 0 0
internal_weight=4068 2484 209 2275 273 126 147 2002 969 1033 1584 1397 232 160 187 1165 1124 107 80 166 146 86 41 57 72
internal_count=4068 2484 209 2275 273 126 147 2002 969 1033 1584 1397 232 160 187 1165 1124 107 80 166 146 86 41 57 72
is_linear=0
shrinkage=0.03


Tree=358
num_leaves=25
num_cat=0
split_feature=28 28 22 5 0 36 31 5 31 36 31 5 3 3 0 20 26 29 27 25 3 24 36 36
split_gain=3.20703e-05 0.000189093 0.000295186 0.000174654 0.000158203 0.000257425 0.000181821 0.000252538 0.000229561 0.000151451 0.00010616 0.000256803 0.000179827 0.000198384 0.000161096 0.000257798 0.000188132 0.000157102 0.000144495 0.000285445 0.000261574 3.37046e-05 4.13945e-07 2.2517e-05
threshold=-3067874471.9999995 -4087963478.9999995 41.887794132825881 179503055.00000003 1.9772322773933413 0.0050718026252717105 -0.0023121396515451971 192187480.50000003 -0.0076750812967849571 -0.0090805933362058701 0.0204528766394142 460863684.00000006 5.0850000381469735 5.774350881576539 3.1591497659683232 5.7207500219345109 0.077691585627944967 65.848223923122859 0.59266156517931001 -0.0070472071738648381 6.2049999237060556 0.021777698162839681 -0.0079428281978178184 0.012218191398476274
decision_type=2 2 2 2 2 2 2 2 2 2 2 2 2 2 2 2 2 2 2 2 2 2 2 2
left_child=1 4 3 -3 5 9 8 -8 -6 -1 14 12 -12 -14 15 16 -2 -17 19 -16 -20 -13 -4 -24
right_child=10 2 22 -5 6 -7 7 -9 -10 -11 11 21 13 -15 18 17 -18 -19 20 -21 -22 -23 23 -25
leaf_value=0 0 0 0 -0.00010293826437394955 0 0 -1.6326665059232311e-05 2.9866739740435856e-05 -6.5775714055257834e-05 0.00012780312399048255 0 0 -0.0001170699702647268 0 -2.4834651112863647e-06 -2.5552769227274331e-05 2.5736471136764027e-05 1.0937279109609299e-05 -2.4570206540512341e-05 3.1077281925142845e-05 8.8550145495873336e-06 2.7504910063463028e-05 -1.5305388087860605e-05 0
leaf_weight=21 166 20 31 58 181 23 115 235 83 31 60 25 46 44 602 220 868 74 550 284 176 40 88 27
leaf_count=21 166 20 31 58 181 23 115 235 83 31 60 25 46 44 602 220 868 74 550 284 176 40 88 27
internal_value=0 -4.97553e-06 -2.93305e-05 -7.66167e-05 0 4.31743e-05 -1.97458e-06 6.1196e-06 -2.40631e-05 8.44617e-05 1.40843e-06 -1.67442e-05 -4.40631e-05 -7.09279e-05 3.75681e-06 1.17976e-05 1.98067e-05 -6.16699e-06 -1.00672e-06 4.89083e-06 -1.23354e-05 1.87283e-07 0 -1.7991e-06
internal_weight=4068 913 224 78 689 75 614 350 264 52 3155 215 150 90 2940 1328 1034 294 1612 886 726 65 146 115
internal_count=4068 913 224 78 689 75 614 350 264 52 3155 215 150 90 2940 1328 1034 294 1612 886 726 65 146 115
is_linear=0
shrinkage=0.03


Tree=359
num_leaves=24
num_cat=0
split_feature=28 28 35 19 1 26 30 19 35 26 34 34 33 22 26 33 32 5 5 26 26 23 22
split_gain=3.12615e-05 0.00015259 0.000306471 0.000177374 0.000234028 0.000158783 0.000370735 0.000735991 0.00016833 0.000301957 0.000287903 0.000151118 0.00034735 0.000259173 0.000409862 0.000258327 0.000213526 0.000201762 0.000164988 0.000241979 0.000182483 0.000153784 0.000118198
threshold=3066752227.5000005 2036193434.5000002 0.0096992980978816198 4.7199999332427991 5.4722793102264413 0.13944779399714394 49.915274181890695 4.9689999580383306 0.017790032335100986 0.11195816871421764 -0.033739792911907755 0.041313317230227471 0.0036199089523475396 53.340392252846662 0.10355777855543107 0.0016076918992179447 0.012658193807406517 171854334.00000003 528498548.00000006 0.13324223808850783 0.10998054198669134 0.031311551182834581 28.275551550681762
decision_type=2 2 2 2 2 2 2 2 2 2 2 2 2 2 2 2 2 2 2 2 2 2 2
left_child=1 5 -3 -4 -5 8 22 -8 10 -10 -1 12 15 14 -14 21 -15 -17 19 20 -13 -2 -7
right_child=11 2 3 4 -6 6 7 -9 9 -11 -12 18 13 16 -16 17 -18 -19 -20 -21 -22 -23 -24
leaf_value=5.0355964075318724e-05 -5.3980924677414036e-06 1.6213084081076634e-05 0 -8.0423105010334018e-05 0 4.28217141193442e-05 0.00013902102771029597 0 -1.4361766757788817e-07 -4.6654940155853007e-05 0 0 0 -1.3476447985461577e-05 7.3603226402541591e-05 0 3.3000043648857351e-05 -9.5803694799348823e-05 0 0 -9.0414501686503625e-05 2.0312609852568461e-05 -2.247598780872611e-05
leaf_weight=107 484 20 45 122 22 24 58 68 773 196 926 32 45 164 186 22 149 45 26 57 72 302 123
leaf_count=107 484 20 45 122 22 24 58 68 773 196 926 32 45 164 186 22 149 45 26 57 72 302 123
internal_value=0 -2.1604e-06 -2.66875e-05 -4.7098e-05 -6.33936e-05 0 2.15507e-05 6.04305e-05 -2.83292e-06 -1.2651e-05 3.47331e-06 3.23142e-06 8.1873e-06 2.73182e-05 5.25963e-05 -4.98591e-07 0 -5.88461e-05 -1.77424e-05 -3.58792e-05 -6.39079e-05 6.65593e-07 0
internal_weight=4068 2484 209 189 144 2275 273 126 2002 969 1033 1584 1397 544 231 853 313 67 187 161 104 786 147
internal_count=4068 2484 209 189 144 2275 273 126 2002 969 1033 1584 1397 544 231 853 313 67 187 161 104 786 147
is_linear=0
shrinkage=0.03


Tree=360
num_leaves=26
num_cat=0
split_feature=28 28 5 31 23 26 23 0 0 0 24 31 35 23 33 32 29 35 26 29 5 35 0 0 30
split_gain=3.11521e-05 0.000180295 0.000246622 9.87479e-05 0.000254876 0.000252854 0.000231868 0.000253983 0.000195678 0.000277625 0.00017162 0.000282813 0.000208709 0.000167308 9.54142e-05 0.000287022 0.000211396 0.00018141 0.000156901 0.000141431 9.47069e-05 8.01085e-05 3.95014e-05 3.0239e-05 2.62123e-05
threshold=-3067874471.9999995 -3462897049.9999995 185315928.50000003 0.0204528766394142 -0.051729235394972754 0.12537296589573685 -0.13436142286339378 3.1382182836532597 3.4592434167861943 2.1193070411682133 -0.0015918477810232398 0.0042507978402671629 0.018707468588010475 -0.2196520755234119 -0.024256493167270406 -0.021602865505715215 49.659637809851013 0.016336909656044892 0.096041159356796343 55.555468406435985 419721673.50000006 0.021604592436501816 3.4126442670822148 2.3321515321731572 51.663411297161566
decision_type=2 2 2 2 2 2 2 2 2 2 2 2 2 2 2 2 2 2 2 2 2 2 2 2 2
left_child=1 14 -3 4 6 20 13 -8 9 -7 11 -6 -12 -2 15 23 18 -17 -16 -18 24 -4 -22 -1 -5
right_child=3 2 21 5 10 8 7 -9 -10 -11 12 -13 -14 -15 16 17 19 -19 -20 -21 22 -23 -24 -25 -26
leaf_value=2.1642969398689773e-05 1.269993490686573e-05 0 -0.00012611396750744641 -2.3128888926145671e-05 -2.9002871337354094e-05 0 5.2897817004966967e-05 0 0 -0.00012271473114897798 1.445126727791825e-05 3.1160449005192822e-06 -5.0033809819555664e-06 -4.7441674350537855e-05 0 0 -5.2862398884815338e-05 -0.00010376614823769737 4.5915931871865937e-05 0 7.2311094702015821e-05 0 0 0 0
leaf_weight=58 39 29 30 44 444 21 252 212 40 47 972 242 715 64 124 20 48 46 159 346 23 21 20 32 20
leaf_count=58 39 29 30 44 444 21 252 212 40 47 972 242 715 64 124 20 48 46 159 346 23 21 20 32 20
internal_value=0 -4.95401e-06 -4.80162e-05 1.33551e-06 3.6312e-06 -1.60968e-05 2.17452e-05 3.20537e-05 -5.11932e-05 -8.21349e-05 0 -1.33009e-05 4.42781e-06 0 0 -2.18887e-05 4.04581e-06 -7.09892e-05 2.61922e-05 -4.25171e-06 0 -8.92055e-05 4.44706e-05 0 0
internal_weight=4068 913 80 3155 2940 215 567 464 108 68 2373 686 1687 103 833 156 677 66 283 394 107 51 43 90 64
internal_count=4068 913 80 3155 2940 215 567 464 108 68 2373 686 1687 103 833 156 677 66 283 394 107 51 43 90 64
is_linear=0
shrinkage=0.03


Tree=361
num_leaves=18
num_cat=0
split_feature=36 24 5 5 25 25 35 35 26 32 20 35 34 29 0 25 30
split_gain=3.04872e-05 0.00011565 0.000337152 0.000182841 0.000128603 0.000114152 9.46628e-05 0.000174203 7.82526e-05 7.51341e-05 0.000213893 0.000219852 0.00014236 0.000117618 0.000319284 0.000285398 2.29044e-07
threshold=-0.018126889674538862 0.072809277130864034 469336686.00000006 325331797.50000006 0.0097822594373506641 -0.0124459448938709 0.040110776041661862 0.053381458356396801 0.12513020068409311 0.021074869706332103 4.9374999642372144 0.014769502058671802 0.007471954502334178 26.634681306442719 2.152673721313477 0.0057363168428838695 45.202199275543997
decision_type=2 2 2 2 2 2 2 2 2 2 2 2 2 2 2 2 2
left_child=1 2 3 4 -1 -5 9 8 -8 13 11 -11 -12 15 -15 -2 -3
right_child=6 16 -4 5 -6 -7 7 -9 -10 10 12 -13 -14 14 -16 -17 -18
leaf_value=-5.2349719830769647e-05 0 0 -0.00012208514258783961 9.2436220469092236e-05 0 0 0 0 9.3209532328489186e-05 0 -3.4892040478682537e-05 -4.8924838365927578e-05 1.6378140445551457e-05 4.3561017603163493e-05 1.033543744909501e-06 -6.4179022235988411e-05 2.4234139535607897e-06
leaf_weight=77 792 23 29 20 30 29 20 25 36 29 54 188 232 191 2187 71 35
leaf_count=77 792 23 29 20 30 29 20 25 36 29 54 188 232 191 2187 71 35
internal_value=0 -1.03829e-05 -2.65312e-05 0 -2.98689e-05 3.74892e-05 5.67305e-07 3.26449e-05 6.5843e-05 0 -1.09091e-05 -3.40953e-05 0 1.54604e-06 5.71253e-06 -6.45822e-06 0
internal_weight=4068 243 185 156 107 49 3825 81 56 3744 503 217 286 3241 2378 863 58
internal_count=4068 243 185 156 107 49 3825 81 56 3744 503 217 286 3241 2378 863 58
is_linear=0
shrinkage=0.03


Tree=362
num_leaves=23
num_cat=0
split_feature=28 28 5 20 0 3 2 30 30 21 3 36 33 32 29 21 31 36 0 1 34 0
split_gain=3.06773e-05 0.000169669 0.000236593 9.85673e-05 0.000380024 0.000168941 0.000320339 0.000263415 0.000702468 0.000258296 0.000160336 9.12944e-05 8.83259e-05 0.00026848 0.000199877 0.000150375 0.000148965 0.000141747 8.52123e-05 0.000187994 3.13518e-05 2.80011e-05
threshold=-3067874471.9999995 -3462897049.9999995 185315928.50000003 4.5002500295639045 2.6583603620529179 4.7449998855590829 5.1150000095367441 13.133191488455056 27.608559399951496 4.551916635036469 5.2550001144409189 -0.0023121396515452405 -0.024256493167270406 -0.021602865505715215 49.659637809851013 4.1595833460489917 -1.0000000180025095e-35 0.0044297410748627359 3.4126442670822148 4.4849998950958261 -0.0051546853141123941 2.3321515321731572
decision_type=2 2 2 2 2 2 2 2 2 2 2 2 2 2 2 2 2 2 2 2 2 2
left_child=1 12 -3 4 -2 7 9 11 -9 -7 -8 -5 13 21 15 -14 -15 -16 20 -20 -6 -1
right_child=3 2 -4 5 18 6 10 8 -10 -11 -12 -13 14 16 17 -17 -18 -19 19 -21 -22 -23
leaf_value=2.0826704565545047e-05 0.000118291453032386 0 -8.7090315460677364e-05 5.6244191100350427e-05 4.4890875129637223e-06 0 -2.2771284987443305e-05 -0.00010494592512954111 0 4.4563276052229781e-05 7.8977718568192206e-07 0 0 -9.8302420394125417e-05 0 3.7106143160081154e-05 0 -3.0963376127168482e-05 7.8495374809314214e-05 0 -9.2551533420693486e-06 0
leaf_weight=58 31 29 51 29 201 32 281 91 246 265 1593 22 52 46 254 231 20 140 40 42 282 32
leaf_count=58 31 29 51 29 201 32 281 91 246 265 1593 22 52 46 254 231 20 140 40 42 282 32
internal_value=0 -4.90218e-06 -4.66941e-05 1.34015e-06 1.25808e-05 -1.05934e-07 1.9359e-06 -1.92583e-05 -3.31802e-05 3.14569e-05 -1.14338e-06 1.39121e-05 0 -2.1143e-05 3.78739e-06 2.54147e-05 -6.86385e-05 -4.13716e-06 1.45203e-06 3.07998e-05 0 0
internal_weight=4068 913 80 3155 596 2559 2171 388 337 297 1874 51 833 156 677 283 66 394 565 82 483 90
internal_count=4068 913 80 3155 596 2559 2171 388 337 297 1874 51 833 156 677 283 66 394 565 82 483 90
is_linear=0
shrinkage=0.03


Tree=363
num_leaves=17
num_cat=0
split_feature=3 36 26 2 3 35 35 7 26 19 26 7 32 23 33 21
split_gain=3.10247e-05 0.000159668 0.000112642 7.14703e-05 0.00044479 0.000314551 0.000273568 0.000239184 0.000220212 0.000138869 0.000209329 8.87449e-05 0.000308857 8.93448e-05 5.82298e-05 3.85924e-06
threshold=3.7350000143051152 -0.0058982349751343375 0.087630292222924608 4.4349999427795419 4.4149999618530282 0.017690428097189171 0.029143914845391847 -1.0000000180025095e-35 0.079076297458140835 4.2200000286102304 0.076266988339742686 -1.0000000180025095e-35 -0.0072007189517904737 0.022902373318785422 -1.0000000180025095e-35 4.4346666375796007
decision_type=2 2 2 2 2 2 2 2 2 2 2 2 2 2 2 2
left_child=1 2 -1 5 6 9 15 -7 -9 10 -2 12 -6 -13 -11 -5
right_child=3 -3 -4 4 11 7 -8 8 -10 14 -12 13 -14 -15 -16 -17
leaf_value=0 0 0 0.00010012776936370898 1.1535912883285983e-05 0 0 0.00014416848552181949 0 -5.0212344811346989e-05 -2.6983338948523961e-05 4.9226238856842141e-05 -3.9294079105789031e-06 -5.984375563198487e-05 6.3486954262218744e-06 0 0
leaf_weight=30 45 94 27 26 67 29 31 32 299 73 132 1639 100 1367 52 25
leaf_count=30 45 94 27 26 67 29 31 32 299 73 132 1639 100 1367 52 25
internal_value=0 1.32718e-05 5.46147e-05 -5.77755e-07 4.00178e-07 -9.91655e-06 6.98169e-05 -3.07573e-05 -4.09759e-05 4.99817e-06 2.72711e-05 -4.50459e-07 -2.19507e-05 0 -2.55604e-06 0
internal_weight=4068 151 57 3917 3255 662 82 360 331 302 177 3173 167 3006 125 51
internal_count=4068 151 57 3917 3255 662 82 360 331 302 177 3173 167 3006 125 51
is_linear=0
shrinkage=0.03


Tree=364
num_leaves=21
num_cat=0
split_feature=31 30 32 30 32 36 35 22 22 24 5 21 28 5 5 34 5 35 34 32
split_gain=3.06666e-05 0.000137238 0.000301137 0.00026154 0.000422673 0.000302614 0.000223 0.000197496 0.000180144 9.98851e-05 0.000105082 0.000315072 0.000519735 0.000311041 0.000188138 0.000182263 8.58214e-05 8.22579e-05 0.000120527 6.46003e-07
threshold=-0.0091742813241021386 72.742489298174235 -0.0067473159471259083 59.239793487711616 -0.026978175555107117 0.0036968667177501033 0.029744029338379441 52.026805304656762 58.896913384447821 0.12927104864464697 261652358.00000003 5.4858333746592214 4328499638.000001 277637818.00000006 239661510.00000003 0.027922119664981929 130505570.00000001 0.019851126240797077 0.016478974345641943 -0.0043779431996615039
decision_type=2 2 2 2 2 2 2 2 2 2 2 2 2 2 2 2 2 2 2 2
left_child=1 3 7 5 -5 6 -1 -3 -4 10 14 13 -13 -12 16 -16 -2 -11 -19 -6
right_child=9 2 8 4 19 -7 -8 -9 -10 17 11 12 -14 -15 15 -17 -18 18 -20 -21
leaf_value=1.6777769908701527e-07 -1.6180950525845843e-05 0 7.6620754298764669e-06 -0.00013458380923893684 -2.8396904806883522e-06 -5.9598875540943424e-05 5.3222520079496917e-05 8.8893171486949496e-05 -7.5598998400018113e-05 0 4.2181320311891521e-05 7.8497343204157264e-05 0 -1.2383323024836627e-05 -4.7576068833219642e-05 0 1.7961694994180595e-06 -8.7888074914313369e-05 0 0
leaf_weight=466 277 37 26 32 72 39 130 75 28 72 105 131 211 606 164 55 1453 36 26 27
leaf_count=466 277 37 26 32 72 39 130 75 28 72 105 131 211 606 164 55 1453 36 26 27
internal_value=0 4.76409e-06 2.95124e-05 0 -3.91574e-05 7.35653e-06 1.67798e-05 6.08953e-05 0 -1.4335e-06 0 7.32456e-06 3.15281e-05 -1.01639e-07 -4.41986e-06 -3.07669e-05 0 -2.68035e-05 -5.23787e-05 0
internal_weight=4068 932 166 766 131 635 596 112 54 3136 3002 1053 342 711 1949 219 1730 134 62 99
internal_count=4068 932 166 766 131 635 596 112 54 3136 3002 1053 342 711 1949 219 1730 134 62 99
is_linear=0
shrinkage=0.03


Tree=365
num_leaves=23
num_cat=0
split_feature=36 23 23 35 31 31 35 33 35 23 36 34 24 23 26 34 0 0 5 22 21 22
split_gain=3.08482e-05 0.000112945 0.000182402 0.000216182 0.000121222 8.73485e-05 0.000287557 0.000322691 0.000155866 0.000362612 0.000182996 0.000136099 0.000383799 0.00039077 0.000299143 0.000285341 0.000364502 0.000191883 0.000120419 6.72553e-05 0.000103543 6.72482e-06
threshold=-0.018126889674538862 0.11946557134414394 -0.017181557556376511 0.031705678284853489 -0.028781703934558419 -0.0053908346964566803 0.026777152724027802 -0.040243880738592523 0.018922719802971267 -0.1088673550591832 0.0041710119616182031 -0.0075353154001374092 -0.036898367736152744 0.076336834333341499 0.1820300051288439 -0.0040106773241344587 3.2839072942733769 2.1092969179153447 227014131.00000003 34.512793167717852 5.0926666378974925 38.911486861010651
decision_type=2 2 2 2 2 2 2 2 2 2 2 2 2 2 2 2 2 2 2 2 2 2
left_child=1 2 19 -4 -5 6 8 -8 10 -10 -2 12 14 -14 -7 16 -13 -17 -9 20 -1 -21
right_child=5 -3 3 4 -6 11 7 18 9 -11 -12 15 13 -15 -16 17 -18 -19 -20 21 -22 -23
leaf_value=0 2.0502260909350851e-05 0 0 0 -0.00012038273292310692 -5.6924708047635665e-05 0 0 4.4088843881113211e-05 -2.942276526103714e-05 -2.4142461139742741e-05 8.05268001338418e-05 1.1601261868001633e-05 -6.0172930220245029e-05 0 3.5899841193133219e-05 0 -4.0096759337163914e-06 9.6276018717184945e-05 0 -6.2813111208250382e-05 4.3367055173848542e-05
leaf_weight=22 540 24 61 20 41 227 27 20 49 329 41 91 485 79 23 113 47 1675 79 20 27 28
leaf_count=22 540 24 61 20 41 227 27 20 49 329 41 91 485 79 23 113 47 1675 79 20 27 28
internal_value=0 -1.03706e-05 -2.41511e-05 -4.88992e-05 -8.9234e-05 6.50362e-07 8.34603e-06 5.14951e-05 0 -1.19499e-05 1.21855e-05 -1.30235e-06 -1.22041e-05 0 -4.31965e-05 1.74797e-06 4.36141e-05 0 7.94028e-05 0 -1.67249e-05 3.1191e-05
internal_weight=4068 243 219 122 61 3825 1085 126 959 378 581 2740 814 564 250 1926 138 1788 99 97 49 48
internal_count=4068 243 219 122 61 3825 1085 126 959 378 581 2740 814 564 250 1926 138 1788 99 97 49 48
is_linear=0
shrinkage=0.03


Tree=366
num_leaves=25
num_cat=0
split_feature=28 28 27 35 0 36 31 5 30 29 20 0 3 2 30 30 0 3 36 0 27 35 22 36
split_gain=3.04015e-05 0.000165081 0.000266886 0.000257436 0.000240077 0.000230949 0.000189171 0.000230922 0.000198395 0.000127246 9.52863e-05 0.000353348 0.000155214 0.000298379 0.000250961 0.000655278 0.000207851 0.000149767 8.66548e-05 7.90706e-05 0.000229611 7.31566e-05 1.25445e-05 1.11963e-05
threshold=-3067874471.9999995 -4151668514.9999995 0.63174656753147884 0.021459224759623589 1.9772322773933413 0.0050718026252717105 -0.0023121396515451971 192187480.50000003 65.839113633945274 39.159813233633223 4.5002500295639045 2.6583603620529179 4.7449998855590829 5.1150000095367441 13.133191488455056 27.608559399951496 3.3371068239212041 5.2550001144409189 -0.0023121396515452405 3.4126442670822148 0.97161684394909476 0.017690428097189171 60.545037302399635 -0.0086039724892915722
decision_type=2 2 2 2 2 2 2 2 2 2 2 2 2 2 2 2 2 2 2 2 2 2 2 2
left_child=1 4 3 9 5 23 8 -8 -6 -3 11 -2 14 16 18 -16 -14 -15 -12 21 -21 -13 -4 -1
right_child=10 2 22 -5 6 -7 7 -9 -10 -11 12 19 13 17 15 -17 -18 -19 -20 20 -22 -23 -24 -25
leaf_value=0 0.0001146450287428867 0 1.5320583172103777e-05 0 -4.2642210492957363e-05 0 -1.6276074009010341e-05 2.8266394374569761e-05 0 -0.00012948006908037593 5.4751368159711469e-05 8.1921734074954608e-06 4.3585511140079457e-05 -2.1958364147448959e-05 -0.00010147199883030777 0 0 8.268314409139749e-07 0 6.8141696443405465e-05 0 -1.4205123126924745e-05 0 0.00012348714144154717
leaf_weight=20 31 50 48 46 190 21 114 233 67 45 29 235 243 281 91 246 54 1593 22 60 22 248 51 28
leaf_count=20 31 50 48 46 190 21 114 233 67 45 29 235 243 281 91 246 54 1593 22 60 22 248 51 28
internal_value=0 -4.80952e-06 -2.6585e-05 -5.38978e-05 0 5.52023e-05 -3.01768e-06 4.98933e-06 -2.5495e-05 -8.21366e-05 1.40632e-06 1.24231e-05 0 1.92509e-06 -1.84176e-05 -3.21423e-05 3.04101e-05 -9.89953e-07 1.345e-05 1.48634e-06 2.96984e-05 0 0 9.32685e-05
internal_weight=4068 913 240 141 673 69 604 347 257 95 3155 596 2559 2171 388 337 297 1874 51 565 82 483 99 48
internal_count=4068 913 240 141 673 69 604 347 257 95 3155 596 2559 2171 388 337 297 1874 51 565 82 483 99 48
is_linear=0
shrinkage=0.03


Tree=367
num_leaves=21
num_cat=0
split_feature=29 29 32 0 21 30 25 33 23 22 30 27 36 5 32 5 28 25 33 35
split_gain=3.04805e-05 0.000130086 0.000223047 0.000183399 0.000247075 0.000109703 0.00042355 0.000208715 0.000164802 0.0001842 0.000109803 0.000345702 0.000416753 0.000332018 0.000449733 0.000302796 0.000103246 8.46483e-05 7.53566e-05 5.59357e-05
threshold=88.248114172270661 93.376351170853908 0.0049607037788558248 5.1552329063415536 4.5050833066304534 79.386300776242507 0.026433941876878492 0.024455803356116305 0.10719385984923015 58.247832502932958 62.365364119638109 0.82025553254537265 0.017669093413148009 314594508.50000006 -0.032663673220800431 297873381.00000006 4211312712.0000005 0.04329147782656189 -0.0097299607747809418 0.01352495677970496
decision_type=2 2 2 2 2 2 2 2 2 2 2 2 2 2 2 2 2 2 2 2
left_child=5 2 -2 4 -4 10 7 18 9 -8 11 12 -1 19 -15 -13 -10 -3 -7 -12
right_child=1 17 3 -5 -6 6 8 -9 16 -11 13 15 -14 14 -16 -17 -18 -19 -20 -21
leaf_value=2.2161092498002537e-06 0 0 0 0 -8.1095879439934743e-05 0 0 0 6.5860365482657752e-05 -5.6580411412015746e-05 1.6967360714658994e-05 0 -5.0403026799135399e-05 0 -7.275527587705627e-05 9.6831084793601795e-05 0 5.7428098607251968e-05 6.6746369208342177e-05 -5.2269061238409574e-06
leaf_weight=2349 31 55 46 20 111 21 47 24 24 95 133 73 143 22 150 63 33 23 165 440
leaf_count=2349 31 55 46 20 111 21 47 24 24 95 133 73 143 22 150 63 33 23 165 440
internal_value=0 -9.42365e-06 -2.61666e-05 -4.40232e-05 -5.68809e-05 7.31779e-07 1.56839e-05 4.77912e-05 -3.13729e-06 -3.12385e-05 -1.92298e-07 1.74406e-06 0 -1.10484e-05 -4.75897e-05 4.8423e-05 1.42619e-05 0 5.98993e-05 0
internal_weight=4068 286 208 177 157 3782 409 210 199 142 3373 2628 2492 745 172 136 57 78 186 573
internal_count=4068 286 208 177 157 3782 409 210 199 142 3373 2628 2492 745 172 136 57 78 186 573
is_linear=0
shrinkage=0.03


Tree=368
num_leaves=25
num_cat=0
split_feature=31 26 21 31 33 5 27 27 31 34 33 31 24 25 31 27 26 27 26 27 26 34 35 26
split_gain=2.8352e-05 0.00013364 0.000443315 0.000450082 0.00019052 0.000219397 0.000189059 0.000212448 0.000177096 0.00016304 9.87968e-05 9.39583e-05 0.000305342 7.84443e-05 7.44662e-05 0.000278957 0.000260273 0.000144108 0.000316535 0.000168206 5.46501e-05 2.07906e-05 1.00165e-05 4.99258e-06
threshold=-0.0091742813241021386 0.13197203454650899 5.1602499922116607 -0.024630933490664916 -0.0036331035808588315 212659610.00000003 0.42041199571511129 0.72102786936959218 -0.028781703934558419 -0.0019380360996627541 -0.0022962120155676775 -0.0077896786465176939 -0.021249244502538827 -0.010464617170446994 -0.0053908346964566803 0.5517068514639637 0.10789438574290873 0.028532294942094836 0.092855645772802684 0.12479640140867947 0.10998054198669134 0.027922119664981929 0.018310809948472225 0.11025880876738735
decision_type=2 2 2 2 2 2 2 2 2 2 2 2 2 2 2 2 2 2 2 2 2 2 2 2
left_child=1 4 3 -3 5 13 10 -8 -7 -6 -4 12 -2 -1 15 16 -13 18 -16 -19 -17 -11 23 -14
right_child=11 2 6 -5 9 8 7 -9 -10 21 -12 14 22 -15 17 20 -18 19 -20 -21 -22 -23 -24 -25
leaf_value=3.6179935485296981e-05 -9.1976929454256752e-05 0 3.5920844604786698e-05 0.00015160173199812532 7.4346989544685392e-05 0 -9.0763413516278658e-05 0 -3.4679930959915675e-05 -5.818550375930601e-06 0 0 1.8003009770992992e-05 0 0 0 8.8789810886213692e-05 3.4333536033304547e-05 -9.0810835103817837e-05 -2.0707755647712604e-06 -3.7190144827751911e-05 2.1602090554882011e-05 -7.1767715410862674e-06 0
leaf_weight=60 43 21 112 41 47 44 37 20 338 55 23 92 36 98 20 46 69 119 51 2563 36 36 35 26
leaf_count=60 43 21 112 41 47 44 37 20 338 55 23 92 36 98 20 46 69 119 51 2563 36 36 35 26
internal_value=0 4.66353e-06 2.35185e-05 9.321e-05 0 -1.03502e-05 0 -4.47657e-05 -2.54376e-05 2.86819e-05 2.03097e-05 -1.29324e-06 -2.53185e-05 7.14461e-06 0 1.5736e-05 4.39028e-05 -1.57423e-06 -4.38192e-05 0 -3.01246e-06 0 0 1.07729e-05
internal_weight=4068 932 254 62 678 540 192 57 382 138 135 3136 140 158 2996 243 161 2753 71 2682 82 91 97 62
internal_count=4068 932 254 62 678 540 192 57 382 138 135 3136 140 158 2996 243 161 2753 71 2682 82 91 97 62
is_linear=0
shrinkage=0.03


Tree=369
num_leaves=14
num_cat=0
split_feature=3 36 24 24 36 33 33 28 32 32 28 32 34
split_gain=3.03433e-05 0.000151539 0.000101864 6.97697e-05 0.000200146 0.00029244 5.71777e-05 0.000225022 0.00011341 0.000191722 0.000126853 6.66543e-05 3.64251e-05
threshold=3.7350000143051152 -0.0058982349751343375 -0.063001132253417427 -0.16543031874497385 -0.0042507978402670839 -0.023613551192116274 -0.053470220858956079 750247717.00000012 -0.0095530885936727632 -0.014497224386569084 351243130.00000006 -0.056250085204911864 -0.0067171565679490777
decision_type=2 2 2 2 2 2 2 2 2 2 2 2 2
left_child=1 2 -1 4 5 -2 7 -5 9 -8 -10 -9 -6
right_child=3 -3 -4 6 12 -7 8 11 10 -11 -12 -13 -14
leaf_value=0.00010500578607384163 0 0 0 0 -1.3996782576175653e-06 -0.00012564912888278016 0 0 -9.5918478542995722e-06 2.9265865554926982e-05 2.8104903319195883e-06 -0.00010346560730579663 3.474619061616506e-05
leaf_weight=23 20 94 34 30 33 32 731 20 1181 316 1498 29 27
leaf_count=23 20 94 34 30 33 32 731 20 1181 316 1498 29 27
internal_value=0 1.32788e-05 5.34335e-05 -4.12297e-07 -2.37926e-05 -6.83771e-05 0 -2.48918e-05 8.1079e-07 9.68353e-06 -1.53728e-06 -7.15739e-05 0
internal_weight=4068 151 57 3917 112 52 3805 79 3726 1047 2679 49 60
internal_count=4068 151 57 3917 112 52 3805 79 3726 1047 2679 49 60
is_linear=0
shrinkage=0.03


Tree=370
num_leaves=12
num_cat=0
split_feature=3 36 26 24 36 29 25 32 30 23 34
split_gain=2.8138e-05 0.000145137 0.000100064 6.5e-05 0.000187003 0.000269702 0.00010533 0.000117063 0.000273565 0.000216436 3.42802e-05
threshold=3.7350000143051152 -0.0058982349751343375 0.087630292222924608 -0.16543031874497385 -0.0042507978402670839 43.356337983476436 0.07123884933832271 0.012964429018979652 72.147921425807809 -0.11904788099528173 -0.0067171565679490777
decision_type=2 2 2 2 2 2 2 2 2 2 2
left_child=1 2 -1 4 5 -2 7 9 -9 -5 -6
right_child=3 -3 -4 6 10 -7 -8 8 -10 -11 -12
leaf_value=0 0 0 9.5166317128182821e-05 3.7570057097199474e-05 -1.3578179632834026e-06 -0.00013966545176159016 5.9121723226237197e-05 0 -3.1768277533520753e-05 0 3.3707656108042239e-05
leaf_weight=30 28 94 27 146 33 24 27 573 337 2722 27
leaf_count=30 28 94 27 146 33 24 27 573 337 2722 27
internal_value=0 1.27993e-05 5.21646e-05 -3.81668e-07 -2.29553e-05 -6.60618e-05 0 -1.38679e-07 -1.0163e-05 1.99622e-06 0
internal_weight=4068 151 57 3917 112 52 3805 3778 910 2868 60
internal_count=4068 151 57 3917 112 52 3805 3778 910 2868 60
is_linear=0
shrinkage=0.03


Tree=371
num_leaves=27
num_cat=0
split_feature=25 25 24 24 23 24 26 5 26 3 0 31 35 19 36 26 34 0 26 22 34 27 24 5 5 0
split_gain=2.92628e-05 0.000223337 0.00024466 0.000190766 0.000513044 0.000434347 0.000402457 0.000312647 0.000400379 0.000277568 0.000395582 0.000270857 0.000222778 0.000167701 0.000158609 0.000132208 0.000130658 0.000345132 0.00053343 0.000236453 0.000214574 0.000354008 0.000311338 9.95661e-05 7.56265e-05 5.71109e-05
threshold=0.0092137968285488699 0.0054961248995975221 -0.10126971362515612 0.014608183563206834 0.069095495285167022 0.056422201821049199 0.12195845186897863 275783644.00000006 0.097460002289725428 5.8635005950927743 6.1693229675292978 0.018903889045721271 0.014895609701410677 5.578000020980836 -0.0036232399674904991 0.076515099854588389 0.014196980602975697 3.5603520870208745 0.10006553397416594 53.455382548003136 -0.031194118586148841 0.0072685207278513639 -0.049555287929533197 282719932.50000006 197489308.50000003 2.3446031808853154
decision_type=2 2 2 2 2 2 2 2 2 2 2 2 2 2 2 2 2 2 2 2 2 2 2 2 2 2
left_child=1 16 -3 9 7 6 -6 25 -9 13 12 -7 -11 23 -15 -4 20 18 -18 -19 21 -1 -22 -2 -17 -5
right_child=3 2 15 4 5 11 -8 8 -10 10 -12 -13 -14 14 -16 24 17 19 -20 -21 22 -23 -24 -25 -26 -27
leaf_value=-1.0846493440634282e-05 0 0 0 0 -0.00010132642174087054 2.6934018059273271e-05 0 0 0.00014847604097921092 0 0 -3.372608813992044e-05 -0.00012909259224704945 0 6.4040732320637904e-05 0 0 0 7.8582910368298582e-05 -6.9045677229947455e-05 -3.7297413769117797e-05 3.120038558191284e-05 0 -2.2447938444432132e-05 -7.6592134794016079e-05 2.1799762905502775e-05
leaf_weight=206 389 20 20 37 68 338 23 29 58 26 21 46 49 33 70 63 113 29 143 48 293 378 1164 190 105 109
leaf_count=206 389 20 20 37 68 338 23 29 58 26 21 46 49 33 70 63 113 29 143 48 293 378 1164 190 105 109
internal_value=0 -1.79357e-06 -3.17145e-05 3.48319e-06 1.58463e-05 0 -6.0819e-05 5.238e-05 0.000102801 -3.91262e-06 -5.21866e-05 1.18501e-05 -9.06954e-05 0 3.74693e-05 -4.77847e-05 0 1.81289e-05 3.96979e-05 -1.46291e-05 -1.99408e-06 1.12334e-05 -9.35524e-06 -3.26777e-06 -5.71216e-05 1.75071e-06
internal_weight=4068 2582 208 1486 708 475 91 233 87 778 96 384 75 682 103 188 2374 333 256 77 2041 584 1457 579 168 146
internal_count=4068 2582 208 1486 708 475 91 233 87 778 96 384 75 682 103 188 2374 333 256 77 2041 584 1457 579 168 146
is_linear=0
shrinkage=0.03


Tree=372
num_leaves=17
num_cat=0
split_feature=36 35 35 28 29 0 21 29 31 26 32 29 20 34 26 26
split_gain=2.82267e-05 8.42457e-05 0.000165404 8.15125e-05 0.000156012 0.000210353 0.000126504 7.97874e-05 6.54298e-05 0.000261518 0.00022727 0.000108322 0.000331684 0.000235385 6.36834e-05 2.2146e-06
threshold=-0.018126889674538862 0.040110776041661862 0.053381458356396801 -2385779351.4999995 59.290839997340832 3.1021881103515629 5.0926666378974925 70.686100958790504 0.02844164105170555 0.11231308297202387 0.032502767306621501 26.634681306442719 4.6717500090599069 -0.011860484898257416 0.12513020068409311 0.1075297134115805
decision_type=2 2 2 2 2 2 2 2 2 2 2 2 2 2 2 2
left_child=3 8 14 15 5 6 -5 -6 11 -10 -11 12 -2 -13 -3 -1
right_child=1 2 -4 4 7 -7 -8 -9 9 10 -12 13 -14 -15 -16 -17
leaf_value=0 -3.6541148669342768e-05 0 0 0 5.2452748551049486e-05 0 -0.00012587397492647235 0 0 0 -0.00011273320250631764 2.4536928686669894e-05 1.0602739127864323e-07 0 8.8705371712512453e-05 8.1373906525724382e-06
leaf_weight=33 259 20 25 23 26 76 34 21 30 26 39 438 605 2347 36 30
leaf_count=33 259 20 25 23 26 76 34 21 30 26 39 438 605 2347 36 30
internal_value=0 7.3354e-07 3.09885e-05 -9.79968e-06 -2.31725e-05 -4.22079e-05 -8.64189e-05 0 0 -2.44829e-05 -6.70156e-05 7.18266e-07 -7.41078e-06 4.3175e-06 6.35749e-05 0
internal_weight=4068 3825 81 243 180 133 57 47 3744 95 65 3649 864 2785 56 63
internal_count=4068 3825 81 243 180 133 57 47 3744 95 65 3649 864 2785 56 63
is_linear=0
shrinkage=0.03


Tree=373
num_leaves=21
num_cat=0
split_feature=27 27 26 30 29 24 21 32 32 33 28 36 33 32 5 28 25 35 20 35
split_gain=2.87441e-05 0.00016752 0.000221769 9.61437e-05 7.26729e-05 0.000166421 0.00029354 0.000426382 0.000115742 0.000297906 0.000523342 0.000244479 0.000279496 0.000234075 0.000131962 4.41064e-05 7.39889e-05 3.55089e-05 6.15029e-05 1.71687e-05
threshold=1.0281785935349981 1.096482659673047 0.099534809893592133 84.42832192006297 84.251691432155468 -0.039559623854377633 5.5143333315849317 0.0067301988583647896 0.01845328238460409 0.025000009815844607 -242574559.49999997 0.0074280401870051695 0.033602628185446244 0.015888806040570639 439282709.50000006 -552733445.99999988 0.028171390495602047 0.02222222554028155 5.3902500271797189 0.018707468588010475
decision_type=2 2 2 2 2 2 2 2 2 2 2 2 2 2 2 2 2 2 2 2
left_child=4 2 -2 -4 8 17 7 -7 9 13 -11 12 -10 -1 -13 -3 -17 18 -6 -8
right_child=1 15 3 -5 5 6 19 -9 11 10 -12 14 -14 -15 -16 16 -18 -19 -20 -21
leaf_value=-2.4228189599942695e-07 0 0 0.00012389850742191359 0 5.9167763304783473e-05 0 1.4639348434751361e-05 -7.9934278226777267e-05 -6.4253458019466182e-05 0 0.00012484075229372184 1.4829662725395617e-05 0 4.7825754278425523e-05 -4.5036264418539202e-05 0 -5.426053323465659e-05 0 0 0
leaf_weight=2907 41 33 30 22 25 74 72 135 133 47 49 207 37 92 36 21 36 21 20 30
leaf_count=2907 41 33 30 22 25 74 72 135 133 47 49 207 37 92 36 21 36 21 20 30
internal_value=0 1.17248e-05 4.34717e-05 8.48993e-05 -4.24036e-07 -1.32366e-05 -2.63064e-05 -4.78858e-05 9.80837e-08 2.91359e-06 5.53323e-05 -1.37346e-05 -4.18529e-05 2.33541e-07 0 0 -2.63666e-05 2.91096e-06 2.68519e-05 0
internal_weight=4068 183 93 52 3885 377 311 209 3508 3095 96 413 170 2999 243 90 57 66 45 102
internal_count=4068 183 93 52 3885 377 311 209 3508 3095 96 413 170 2999 243 90 57 66 45 102
is_linear=0
shrinkage=0.03


Tree=374
num_leaves=28
num_cat=0
split_feature=25 25 29 24 23 24 26 3 21 31 4 20 30 19 29 34 30 31 34 27 24 23 30 33 26 29 34
split_gain=2.82734e-05 0.000205305 0.000239095 0.000180956 0.000486074 0.000398634 0.00038123 0.000259059 0.000308527 0.000254229 0.000204636 0.000200114 0.000186986 0.000167304 0.000132358 0.000121163 0.000316625 0.000349808 0.000206166 0.000335428 0.000289343 0.000116022 9.01351e-05 7.15593e-05 6.89594e-05 6.83359e-05 9.38928e-06
threshold=0.0092137968285488699 0.0054961248995975221 43.859635914025368 0.014608183563206834 0.069095495285167022 0.056422201821049199 0.12195845186897863 5.8635005950927743 6.8486667116483062 0.018903889045721271 3.9150000810623173 5.5374298453330999 49.206657097845685 5.7803321361541764 36.443270810987634 0.014196980602975697 62.365364119638109 0.013013133504027665 -0.031194118586148841 0.0072685207278513639 -0.049555287929533197 -0.090682720636482181 80.499954167650387 0.018056432485771937 0.083332853583041974 77.662192910843373 -0.017005772600620968
decision_type=2 2 2 2 2 2 2 2 2 2 2 2 2 2 2 2 2 2 2 2 2 2 2 2 2 2 2
left_child=1 15 14 7 10 6 -6 11 22 -7 -5 21 -12 -13 26 18 17 -17 19 -1 -20 -2 -9 -18 -4 -26 -3
right_child=3 2 24 4 5 9 -8 8 -10 -11 12 13 -14 -15 -16 16 23 -19 20 -21 -22 -23 -24 -25 25 -27 -28
leaf_value=-1.0219631633194966e-05 -3.445299565838117e-05 -1.9457453170031215e-05 0 0 -9.7848803227016545e-05 2.6173168465750845e-05 0 -0.00011822715641570379 0 -3.1949410463539109e-05 0 6.5380572522554824e-05 7.1818998952184843e-05 0 7.6519889477292863e-05 8.410994558256493e-05 0 0 -3.6167623418148086e-05 3.0454119229283124e-05 0 0 0 -3.1697511293034703e-05 -8.3018076399536922e-05 0 0
leaf_weight=206 96 26 30 22 68 338 23 43 21 46 25 75 186 35 20 99 92 78 293 378 1164 476 32 64 77 35 20
leaf_count=206 96 26 30 22 68 338 23 43 21 46 25 75 186 35 20 99 92 78 293 378 1164 476 32 64 77 35 20
internal_value=0 -1.74328e-06 -3.0424e-05 3.44128e-06 1.54932e-05 0 -5.82313e-05 -3.67131e-06 -5.03516e-05 1.13936e-05 5.10481e-05 0 6.12367e-05 3.93464e-05 0 0 1.74381e-05 4.67011e-05 -1.9493e-06 1.09715e-05 -9.18753e-06 -4.10749e-06 -8.33164e-05 0 -5.35711e-05 -6.47421e-05 -5.57129e-06
internal_weight=4068 2582 208 1486 708 475 91 778 96 384 233 682 211 110 66 2374 333 177 2041 584 1457 572 75 156 142 112 46
internal_count=4068 2582 208 1486 708 475 91 778 96 384 233 682 211 110 66 2374 333 177 2041 584 1457 572 75 156 142 112 46
is_linear=0
shrinkage=0.03


Tree=375
num_leaves=26
num_cat=0
split_feature=19 26 32 35 3 5 4 5 21 22 5 36 36 21 30 35 21 35 3 27 33 35 26 32 30
split_gain=2.82128e-05 0.000277347 0.000438791 0.000635804 0.000208158 0.000268027 0.000224157 0.000273856 0.000223529 0.000221506 0.000343532 0.000142184 0.000600649 0.00017715 0.000107022 8.43672e-05 0.000228478 0.000226192 0.000215764 7.28626e-05 6.89651e-05 6.31743e-05 5.12268e-05 4.35764e-05 6.3438e-06
threshold=4.5930000305175787 0.1151962336067842 0.049228880625704748 0.033562545367880704 4.7550001144409189 211877265.00000003 4.9649999141693124 196822254.00000003 4.8422499934832262 37.9287629732178 368748879.50000006 0.0085616814344142717 0.005371501111097552 5.6344999829928089 51.185025985737745 0.016769892862061517 3.7425000051657364 0.021276604019355678 4.3849999904632577 0.16242255521175966 0.018322485633651357 0.026575116674422399 0.083787285200554909 -0.010247649247149436 58.450874364151588
decision_type=2 2 2 2 2 2 2 2 2 2 2 2 2 2 2 2 2 2 2 2 2 2 2 2 2
left_child=1 15 3 21 5 14 7 24 -9 -7 -11 12 -8 -13 19 16 -1 18 -17 -2 -19 -3 -16 -18 -6
right_child=4 2 -4 -5 6 9 11 8 -10 10 -12 13 -14 -15 22 17 23 20 -20 -21 -22 -23 -24 -25 -26
leaf_value=8.1660275605837401e-05 0 3.5118918294953721e-05 0 0.00020974375061368487 0 0 0 0 8.2994359000447424e-05 -8.1992229942904937e-05 0 3.1328142752279353e-05 -5.4647818558018494e-05 0 0 -4.7658392628727175e-05 2.0327004498022923e-05 1.5758731812761293e-05 0 -3.337441527912908e-05 -7.7723719758970375e-06 0 5.3765075466870333e-05 -3.9568009658547485e-06 -1.5082003185117379e-05
leaf_weight=36 33 46 21 28 38 58 1638 97 94 140 55 228 203 266 22 193 85 225 39 67 102 24 46 259 25
leaf_count=36 33 46 21 28 38 58 1638 97 94 140 55 228 203 266 22 193 85 225 39 67 102 24 46 259 25
internal_value=0 4.28632e-06 4.75294e-05 8.22693e-05 -1.40613e-06 -2.13582e-05 6.803e-07 2.80916e-05 4.83636e-05 -4.13769e-05 -5.69458e-05 -1.01782e-06 -5.98508e-06 1.14196e-05 0 0 9.60946e-06 -8.54579e-06 -3.24502e-05 -9.56763e-06 0 0 3.57747e-05 0 0
internal_weight=4068 1058 119 98 3010 421 2589 254 191 253 195 2335 1841 494 168 939 380 559 232 100 327 70 68 344 63
internal_count=4068 1058 119 98 3010 421 2589 254 191 253 195 2335 1841 494 168 939 380 559 232 100 327 70 68 344 63
is_linear=0
shrinkage=0.03


Tree=376
num_leaves=25
num_cat=0
split_feature=28 28 35 25 19 27 32 27 33 22 28 26 35 33 26 35 26 2 35 31 29 35 5 22
split_gain=2.65341e-05 0.000149003 0.000288184 0.000327253 0.00029497 0.000147167 0.000248816 0.000247195 0.000279774 0.000248133 0.000135329 0.000293356 0.000154513 0.000176251 0.000246836 0.000157934 0.000303418 0.00020854 6.58982e-05 0.000187405 0.00010213 2.04086e-05 9.55114e-05 7.73532e-08
threshold=3066752227.5000005 4493475594.500001 0.018610873528182897 -0.026919006471222053 4.945999956130982 0.040127983619483533 -0.028866918504742486 0.53355536374467805 0.010223221843753684 56.638917822970427 2036193434.5000002 0.129450896283239 0.010176348190427753 0.021989013543812778 0.074325191464861703 0.016243384147963735 0.13879755348113354 5.6406733989715585 0.015004706031676694 0.0058881255893219473 34.463294572412956 0.0096992980978816198 242818383.00000003 36.693913170679089
decision_type=2 2 2 2 2 2 2 2 2 2 2 2 2 2 2 2 2 2 2 2 2 2 2 2
left_child=10 2 18 23 -5 6 -3 8 -7 -9 12 21 13 14 -1 17 -17 -14 19 -2 -20 -12 -23 -4
right_child=1 5 3 4 -6 7 -8 9 -10 -11 11 -13 15 -15 -16 16 -18 -19 20 -21 -22 22 -24 -25
leaf_value=0 5.8610526899649504e-05 0 0 0 0.00010670671688672375 1.6305924641959866e-06 -7.8136382718480753e-05 -3.7026745090085836e-05 7.2100365710728862e-05 0 1.5491853631449047e-05 -9.5634444034928468e-05 2.2126112888430545e-05 0 -7.0911151654855977e-05 -1.0081550993405379e-05 2.590674857421663e-05 -1.3980228258641109e-05 0 0 -5.0725833233321363e-05 -3.971053887059559e-05 0 -1.6996196637324208e-06
leaf_weight=23 51 29 20 38 85 436 58 194 83 463 20 43 657 20 101 1159 238 77 24 23 56 63 83 24
leaf_count=23 51 29 20 38 85 436 58 194 83 463 20 43 657 20 101 1159 238 77 24 23 56 63 83 24
internal_value=0 3.12871e-06 2.15854e-05 4.94721e-05 7.55969e-05 0 -3.87495e-05 1.19055e-06 1.86913e-05 -8.06944e-06 -1.83606e-06 -2.49505e-05 0 -2.97563e-05 -4.80245e-05 2.31996e-06 -1.80168e-06 1.42504e-05 0 9.6312e-06 -2.55855e-05 0 -9.62821e-06 0
internal_weight=4068 1584 321 167 123 1263 87 1176 519 657 2484 209 2275 144 124 2131 1397 734 154 74 80 166 146 44
internal_count=4068 1584 321 167 123 1263 87 1176 519 657 2484 209 2275 144 124 2131 1397 734 154 74 80 166 146 44
is_linear=0
shrinkage=0.03


Tree=377
num_leaves=18
num_cat=0
split_feature=36 24 5 5 25 25 5 36 0 0 20 20 5 25 29 25 30
split_gain=2.98169e-05 0.000108225 0.0003155 0.000159064 0.00011442 0.000103295 8.68274e-05 0.000226134 0.000152187 6.93427e-05 0.00019154 0.00032044 0.000290355 0.000135197 0.00013547 6.39236e-05 3.68117e-09
threshold=-0.018126889674538862 0.072809277130864034 469336686.00000006 325331797.50000006 0.0097822594373506641 -0.0124459448938709 589471183.50000012 0.022643640255677205 3.2514501810073857 3.7098116874694829 5.7095169544219972 5.5374298453330999 184540194.50000003 -0.0070472071738648381 91.336818125870408 -0.024278526089003428 45.202199275543997
decision_type=2 2 2 2 2 2 2 2 2 2 2 2 2 2 2 2 2
left_child=1 2 3 4 -1 -5 9 8 -8 10 11 -2 -12 15 -15 -11 -3
right_child=6 16 -4 5 -6 -7 7 -9 -10 13 12 -13 -14 14 -16 -17 -18
leaf_value=-4.9330821514201491e-05 -1.800726991158941e-06 0 -0.00011811983999052114 8.681067800733134e-05 0 0 0.00010509457960761496 0 0 5.4647420168195996e-06 -6.1202087995009121e-05 3.2600217694430692e-05 0 3.0246461423113976e-05 0 -1.9247277432436806e-05 3.0722783761034825e-07
leaf_weight=77 2313 23 29 20 30 29 38 27 20 114 118 265 426 324 34 146 35
leaf_count=77 2313 23 29 20 30 29 38 27 20 114 118 265 426 324 34 146 35
internal_value=0 -1.00717e-05 -2.56795e-05 0 -2.81133e-05 3.45203e-05 7.54137e-07 3.07218e-05 6.98955e-05 0 -1.74499e-06 5.72924e-07 -1.82413e-05 9.25135e-06 2.20798e-05 0 0
internal_weight=4068 243 185 156 107 49 3825 85 58 3740 3122 2578 544 618 358 260 58
internal_count=4068 243 185 156 107 49 3825 85 58 3740 3122 2578 544 618 358 260 58
is_linear=0
shrinkage=0.03


Tree=378
num_leaves=26
num_cat=0
split_feature=19 26 24 24 3 29 27 1 29 19 22 33 30 33 5 0 25 35 21 35 0 33 27 19 35
split_gain=2.73218e-05 0.000253191 0.00030339 0.000303592 0.000190628 0.000255685 0.000348932 0.000252569 0.000519153 0.000357391 0.000158504 0.000199953 0.000159166 0.000128393 7.53719e-05 0.000128827 0.000101606 7.22949e-05 0.000214577 0.000208981 0.000269703 6.80534e-05 6.7115e-05 3.20839e-05 2.49845e-05
threshold=4.5930000305175787 0.1151962336067842 -0.21786874857916563 -0.043581874202843512 4.7550001144409189 58.115779078444781 0.16242255521175966 4.9249999523162851 61.904664591294697 4.9599999904632579 30.586740165571275 -0.046906867416724167 20.420178892834922 -0.02887337647297444 211877265.00000003 2.5613522529602055 0.018522613770763877 0.016769892862061517 3.7425000051657364 0.021276604019355678 3.3118786811828618 0.018322485633651357 0.88436785396356765 4.0790000915527349 0.017456371186194797
decision_type=2 2 2 2 2 2 2 2 2 2 2 2 2 2 2 2 2 2 2 2 2 2 2 2 2
left_child=1 17 -3 -4 5 6 24 8 9 -6 11 -9 -12 -8 15 -7 -16 18 -1 20 -19 -21 -10 -20 -2
right_child=4 2 3 -5 7 14 13 10 22 -11 12 -13 -14 -15 16 -17 -18 19 23 21 -22 -23 -24 -25 -26
leaf_value=7.8766799277601459e-05 2.3098715004802064e-05 0 0.00014063076954422068 0 0.00011261768856984896 9.3258741560077024e-05 0 0 -3.8811369425154975e-05 0 2.6816105626452726e-05 -7.0522840390698586e-05 -1.5437593826674363e-06 -7.7529895555466179e-05 0 0 -4.1956334033978276e-05 -4.7271961985455062e-05 -1.3898501401030512e-05 1.5760071209244964e-05 0 -7.2304784339906436e-06 0 6.8875284912204486e-06 -4.370397751626511e-06
leaf_weight=36 40 21 40 58 80 21 33 21 40 24 192 65 2144 139 41 38 52 208 86 225 24 102 23 258 57
leaf_count=36 40 21 40 58 80 21 33 21 40 24 192 65 2144 139 41 38 52 208 86 225 24 102 23 258 57
internal_value=0 4.22666e-06 4.55191e-05 7.27938e-05 -1.37452e-06 -2.04674e-05 -3.88673e-05 5.72153e-07 3.68572e-05 8.16635e-05 -6.92573e-07 -4.08697e-05 0 -6.4706e-05 0 3.38122e-05 -1.69623e-06 0 9.00945e-06 -7.82255e-06 -3.09476e-05 0 0 0 0
internal_weight=4068 1058 119 98 3010 421 269 2589 167 104 2422 86 2336 172 152 59 93 939 380 559 232 327 63 344 97
internal_count=4068 1058 119 98 3010 421 269 2589 167 104 2422 86 2336 172 152 59 93 939 380 559 232 327 63 344 97
is_linear=0
shrinkage=0.03


Tree=379
num_leaves=22
num_cat=0
split_feature=36 24 29 7 25 31 25 25 34 24 30 22 28 27 27 29 1 20 27 34 28
split_gain=2.67852e-05 0.000104068 0.000247019 0.000282507 0.000185438 7.89229e-05 0.000156524 0.000280585 0.000222078 0.000218172 0.000161589 0.000308461 0.000190236 0.000134046 0.000172322 0.000163036 0.000148044 0.00012185 4.8448e-05 1.6749e-05 6.99185e-07
threshold=-0.018126889674538862 0.072809277130864034 25.135718998712594 -89.999999999999986 0.026805708469887401 -0.0053908346964566803 0.00097734866121326259 -0.013781016361798078 -0.011555106668862057 -0.071267655048036491 74.006684516973039 33.977873077536515 2378064337.0000005 0.028532294942094836 0.090167917449621285 26.634681306442719 4.5850000381469735 4.6717500090599069 -0.02572727198965229 -0.060598846702406499 3801011379.0000005
decision_type=2 2 2 2 2 2 2 2 2 2 2 2 2 2 2 2 2 2 2 2 2
left_child=1 2 19 -4 -5 6 7 9 -9 -2 11 -8 -12 17 16 -16 -15 -7 -19 -1 -3
right_child=5 20 3 4 -6 13 10 8 -10 -11 12 -13 -14 14 15 -17 -18 18 -20 -21 -22
leaf_value=2.5545198223916441e-05 5.3235633380300757e-05 5.1098592645542709e-06 0 -9.9234564993906497e-05 0 0 3.8497634524399428e-05 6.6914138669738578e-05 0 -7.1788910584758669e-06 4.9075622977201225e-05 -3.8456065552490952e-05 0 0 -1.9791753896008901e-05 6.3127903650361273e-07 8.6413257391885001e-05 0 -0.00010303356645270195 0 0
leaf_weight=23 63 24 24 77 20 20 22 148 106 340 85 241 80 27 382 2224 38 23 26 41 34
leaf_count=23 63 24 24 77 20 20 22 148 106 340 85 241 80 27 382 2224 38 23 26 41 34
internal_value=0 -9.53754e-06 -2.50094e-05 -5.28379e-05 -7.8105e-05 7.21862e-07 8.02367e-06 1.79076e-05 4.26977e-05 0 -1.41622e-07 -2.06042e-05 1.42964e-05 -1.07488e-06 0 -1.21193e-06 4.82031e-05 -4.23287e-05 -6.89568e-05 0 0
internal_weight=4068 243 185 121 97 3825 1085 657 254 403 428 263 165 2740 2671 2606 65 69 49 64 58
internal_count=4068 243 185 121 97 3825 1085 657 254 403 428 263 165 2740 2671 2606 65 69 49 64 58
is_linear=0
shrinkage=0.03


Tree=380
num_leaves=15
num_cat=0
split_feature=3 36 26 34 20 20 33 31 28 29 26 34 23 29
split_gain=2.7197e-05 0.000136275 9.14348e-05 6.2283e-05 0.000197205 0.000252929 9.57296e-05 0.000222316 0.00019052 0.000125442 0.000315904 0.000143194 8.72613e-05 5.29173e-05
threshold=3.7350000143051152 -0.0058982349751343375 0.087630292222924608 -0.055684723985558841 4.5487499356269838 4.912249982357026 -0.017205373182346991 -0.011174960290497358 -849876569.99999988 26.634681306442719 0.11760388351626125 -0.027053160366060477 0.12182610050390609 18.062378167094721
decision_type=2 2 2 2 2 2 2 2 2 2 2 2 2 2
left_child=1 2 -1 4 -2 -6 7 12 -9 10 -8 -11 -5 -7
right_child=3 -3 -4 6 5 13 9 8 -10 11 -12 -13 -14 -15
leaf_value=0 0 0 9.1923620032895748e-05 -1.5164733673584016e-05 -0.00010597680722971711 -2.487492946971977e-05 0 0 4.113789662315804e-05 4.3569071905282512e-05 -6.195428711236002e-05 -7.5781099468250044e-07 2.8043868340450704e-05 7.0126616784537944e-06
leaf_weight=30 28 94 27 269 41 74 232 164 264 67 106 2614 22 36
leaf_count=30 28 94 27 269 41 74 232 164 264 67 106 2614 22 36
internal_value=0 1.26174e-05 5.06875e-05 -3.28404e-07 -1.77578e-05 -3.93496e-05 0 1.02886e-05 2.5367e-05 -1.82323e-06 -1.90683e-05 0 -1.58386e-06 0
internal_weight=4068 151 57 3917 179 151 3738 719 428 3019 338 2681 291 110
internal_count=4068 151 57 3917 179 151 3738 719 428 3019 338 2681 291 110
is_linear=0
shrinkage=0.03


Tree=381
num_leaves=28
num_cat=0
split_feature=19 2 21 23 0 19 36 0 3 1 29 19 22 5 0 26 0 36 22 33 30 0 25 5 23 0 25
split_gain=2.63538e-05 0.00028317 0.000247321 0.000261004 0.000313546 0.000207336 0.00019136 0.00033673 0.000184051 0.000366643 0.000339108 0.000348129 0.000215868 0.000413462 0.000413371 0.000182287 0.000218044 0.000146843 0.000146626 0.000192392 0.000152795 0.000107244 4.73249e-05 8.78942e-05 4.03016e-05 3.64223e-05 1.0904e-05
threshold=4.6029999256134042 4.4349999427795419 4.7883333285649625 -0.023461713142369774 3.1802898645401005 4.3110000133514417 0.017301055248232413 1.9772322773933413 4.7850000858306894 4.9249999523162851 62.887377024472784 4.9599999904632579 40.578199149865334 211877265.00000003 3.9263654947280888 0.088289449151119317 3.3055887222290044 0.020984270861989878 30.586740165571275 -0.046906867416724167 20.420178892834922 2.152673721313477 -0.022530619144283361 229210674.00000003 0.023606143263816385 2.3105014562606816 -0.0092687318130753593
decision_type=2 2 2 2 2 2 2 2 2 2 2 2 2 2 2 2 2 2 2 2 2 2 2 2 2 2 2
left_child=1 5 3 4 -3 6 7 -1 12 10 11 -10 22 21 -15 -7 -17 -8 19 -11 -20 -14 25 -24 -5 -2 -4
right_child=8 2 26 24 -6 15 17 -9 9 18 -12 -13 13 14 -16 16 -18 -19 20 -21 -22 -23 23 -25 -26 -27 -28
leaf_value=7.2637508275301543e-05 -3.9415185125125341e-05 0.00018039928847604574 0 0 0 0 -0.000106430157955065 0 0.00012361448424911027 0 0 0 6.0477141720851292e-05 -8.9881180719316697e-05 0 -0.00010145768335259147 0 0 2.6289356729880229e-05 -6.8568343861019965e-05 -1.4882742349230164e-06 -6.1649699702866042e-06 0 5.6516824363173745e-05 1.9361158391344718e-05 0 -1.5643773186183121e-05
leaf_weight=70 21 31 30 35 29 48 21 554 62 21 41 21 25 137 55 53 30 36 192 65 2144 124 26 38 97 22 40
leaf_count=70 21 31 30 35 29 48 21 554 62 21 41 21 25 137 55 53 30 36 192 65 2144 124 26 38 97 22 40
internal_value=0 4.18679e-06 3.22475e-05 5.07695e-05 0.000110205 -1.176e-06 1.44908e-06 1.03461e-05 -1.278e-06 7.38224e-07 5.15987e-05 8.74567e-05 -1.94288e-05 -3.26414e-05 -6.18787e-05 -3.76964e-05 -6.49311e-05 -4.32581e-05 -6.29128e-07 -3.92914e-05 0 0 0 2.57773e-05 9.80362e-07 0 0
internal_weight=4068 1074 262 192 60 812 681 624 2994 2546 124 83 448 341 192 131 83 57 2422 86 2336 149 107 64 132 43 70
internal_count=4068 1074 262 192 60 812 681 624 2994 2546 124 83 448 341 192 131 83 57 2422 86 2336 149 107 64 132 43 70
is_linear=0
shrinkage=0.03


Tree=382
num_leaves=27
num_cat=0
split_feature=31 26 21 31 30 31 24 24 30 24 23 36 36 0 36 0 26 0 21 36 32 26 24 36 28 26
split_gain=2.69603e-05 0.000124679 0.000242419 0.000332835 0.000407518 0.000154309 0.000201855 0.000277181 0.00013842 0.000226073 9.7559e-05 0.000152004 0.00028703 0.000190806 9.8818e-05 0.000381707 0.000335061 0.000252585 0.000482488 0.000204039 0.000129193 9.28191e-05 2.49265e-05 2.17149e-05 5.15697e-06 3.22536e-07
threshold=-0.0091742813241021386 0.12537296589573685 6.5019999861717235 -0.010700927861038765 27.608559399951496 -0.01259754431346821 0.019566815606858218 -0.098668434980670669 71.389207629890038 -0.1106830335079044 0.11560489910584161 0.0072072933481855828 -0.0016421061221244513 5.1552329063415536 -1.0000000180025095e-35 2.2587331533432011 0.10625686177856829 3.2949796915054326 5.2586666822433479 0.0085616814344142717 -0.019268226278732866 0.1033147672278197 0.004399822109199634 0.012048152394396385 4649116422.500001 0.090429652744906594
decision_type=2 2 2 2 2 2 2 2 2 2 2 2 2 2 2 2 2 2 2 2 2 2 2 2 2 2
left_child=1 5 3 4 -3 8 7 -7 9 -1 14 12 24 -14 15 16 -2 18 -16 -19 -17 -10 -4 -13 -12 -8
right_child=10 2 22 -5 -6 6 25 -9 21 -11 11 23 13 -15 17 20 -18 19 -20 -21 -22 -23 -24 -25 -26 -27
leaf_value=0 0 0 -2.7768017601740262e-05 0 8.1228717702097489e-05 0 -2.9613935412189046e-06 6.731995907383837e-05 4.1674202471472803e-05 -3.6878716280747499e-05 9.2659403356138016e-06 2.2076390957098143e-05 -0.00010218350405033353 0 0 3.9070823580077715e-05 -0.00010118439785124824 -2.4639198047296328e-05 4.1260035077381519e-05 2.8712669828710529e-06 -3.1904767478166573e-06 0 0 0 -4.6809798237891483e-06 0
leaf_weight=23 73 68 29 35 154 20 33 108 48 300 45 40 63 20 868 71 68 369 385 283 760 32 31 56 35 51
leaf_count=23 73 68 29 35 154 20 33 108 48 300 45 40 63 20 868 71 68 369 385 283 760 32 31 56 35 51
internal_value=0 4.63986e-06 2.04242e-05 3.69201e-05 5.40982e-05 0 1.66465e-05 4.33244e-05 -1.40968e-05 -2.51693e-05 -1.15694e-06 -1.88435e-05 -3.74546e-05 -7.65636e-05 0 -7.32337e-06 -5.29547e-05 4.39511e-06 1.32907e-05 -8.09918e-06 0 0 -2.60057e-07 0 0 0
internal_weight=4068 932 317 257 222 615 212 128 403 323 3136 259 163 83 2877 972 141 1905 1253 652 831 80 60 96 80 84
internal_count=4068 932 317 257 222 615 212 128 403 323 3136 259 163 83 2877 972 141 1905 1253 652 831 80 60 96 80 84
is_linear=0
shrinkage=0.03


Tree=383
num_leaves=20
num_cat=0
split_feature=28 25 33 24 5 28 36 27 22 28 35 33 28 27 31 35 29 20 23
split_gain=2.67382e-05 0.000224562 0.000258109 0.000287897 0.000232357 0.000154327 0.000185197 0.000232034 0.000148329 0.000147777 0.000448944 0.000449187 0.000183269 0.000255938 0.000131438 0.000231236 0.000165408 9.57912e-05 2.24766e-05
threshold=-7594412327.999999 -0.026014838302258755 0.020371236245665395 0.021777698162839681 188941767.50000003 -4800378500.999999 0.0036968667177501033 0.93250218405478336 40.837173669791376 -4151668514.9999995 0.022813710790117327 -0.023847523737136497 -3067874471.9999995 0.63174656753147884 0.0018692278159225808 0.013480247023367578 46.589278222506202 4.5002500295639045 -0.051729235394972754
decision_type=2 2 2 2 2 2 2 2 2 2 2 2 2 2 2 2 2 2 2
left_child=1 -1 3 4 -3 6 14 8 -8 10 11 -7 13 -11 16 -16 -2 -14 -12
right_child=5 2 -4 -5 -6 9 7 -9 -10 12 18 -13 17 -15 15 -17 -18 -19 -20
leaf_value=-1.9545328333478674e-05 -4.6399544460516007e-05 0 0 0 0.00011667373321123558 0 0 0 -8.7699985243650338e-05 -5.2504483733170176e-05 0 0.00012526273160981877 1.2458622266359774e-05 0 0 8.9521710711141291e-05 0 0 -2.7321330078351697e-05
leaf_weight=33 90 22 34 32 67 21 28 21 84 141 20 60 596 99 24 35 75 2559 27
leaf_count=33 90 22 34 32 67 21 28 21 84 141 20 60 596 99 24 35 75 2559 27
internal_value=0 1.11604e-05 3.70485e-05 6.06317e-05 8.89075e-05 -4.04719e-07 -1.96463e-05 -4.78313e-05 -6.76706e-05 6.94091e-07 3.24267e-05 8.15045e-05 0 -2.57037e-05 0 3.51895e-05 -1.65297e-05 1.41452e-06 0
internal_weight=4068 188 155 121 89 3880 357 133 112 3523 128 81 3395 240 224 59 165 3155 47
internal_count=4068 188 155 121 89 3880 357 133 112 3523 128 81 3395 240 224 59 165 3155 47
is_linear=0
shrinkage=0.03


Tree=384
num_leaves=20
num_cat=0
split_feature=27 27 1 22 29 0 24 36 36 31 19 0 0 24 27 28 25 25 27
split_gain=2.51037e-05 0.000156957 0.000142329 0.000195005 6.64905e-05 0.00018864 0.000318999 0.000362871 0.000101751 0.000487006 0.000126703 0.000490461 0.000296913 9.47278e-05 7.64675e-05 4.32056e-05 7.0979e-05 2.43628e-05 9.63537e-05
threshold=1.0281785935349981 1.096482659673047 4.8150000572204599 69.970239851707944 84.251691432155468 3.4506435394287114 -0.069094804655529155 0.009615436931100391 0.017669093413148009 0.014623954025271725 4.3110000133514417 1.9772322773933413 1.8775133490562441 -0.05573707413952244 0.38273212972955267 -552733445.99999988 0.028171390495602047 0.0079132457584915779 0.9885926578893024
decision_type=2 2 2 2 2 2 2 2 2 2 2 2 2 2 2 2 2 2 2
left_child=4 2 -2 -4 8 6 -6 -8 10 14 11 -1 -12 -11 -10 -3 -17 -7 -19
right_child=1 15 3 -5 5 17 7 -9 9 13 12 -13 -14 -15 -16 16 -18 18 -20
leaf_value=8.9590738151460218e-05 0 0 0.00010656810784648702 0 8.9649412460046276e-06 0 -6.6727131586156183e-05 0 0 -2.3015604156851889e-05 -0.00010749110606931413 0 3.4247949065974558e-07 2.4501724936282368e-05 -0.00013080741314502851 0 -5.3354549027238953e-05 3.8035092275458254e-05 0
leaf_weight=71 26 33 41 26 25 22 189 41 24 44 23 508 2701 103 34 21 36 75 25
leaf_count=71 26 33 41 26 25 22 189 41 24 44 23 508 2701 103 34 21 36 75 25
internal_value=0 1.09366e-05 4.18634e-05 6.58837e-05 -4.22244e-07 -1.26693e-05 -3.00466e-05 -4.73269e-05 3.90896e-08 -1.92933e-05 2.14774e-06 1.49407e-05 0 0 -9.4117e-05 0 -2.6096e-05 0 1.48002e-05
internal_weight=4068 183 93 67 3885 377 255 230 3508 205 3303 579 2724 147 58 90 57 122 100
internal_count=4068 183 93 67 3885 377 255 230 3508 205 3303 579 2724 147 58 90 57 122 100
is_linear=0
shrinkage=0.03


Tree=385
num_leaves=23
num_cat=0
split_feature=33 33 5 20 32 25 28 19 28 21 21 23 35 35 32 22 19 22 22 34 25 24
split_gain=2.52918e-05 0.000241975 0.000342476 0.000444366 0.000242257 0.000403925 0.000283966 0.000209626 0.000268871 0.000267405 0.000190142 0.000177841 0.000195887 0.000635209 0.000653464 0.000239102 0.000286147 0.000267807 5.89984e-05 5.11269e-05 2.1061e-05 5.0621e-05
threshold=-0.013829448649301522 -0.0042689831777323875 186194030.00000003 4.7817500233650216 -0.0032921979760481275 -0.026014838302258755 -3637515563.9999995 4.6769999504089368 407564444.50000006 4.8885833422342948 3.8158333321412408 -0.2196520755234119 0.016769892862061517 0.014394250024420628 -0.022462150878657047 47.018972838086064 5.3310000419616701 48.028913734846171 42.097037472135419 -0.020791988725030349 0.01788077720757714 -0.034321798630860142
decision_type=2 2 2 2 2 2 2 2 2 2 2 2 2 2 2 2 2 2 2 2 2 2
left_child=11 2 20 10 5 -3 -7 8 -6 -9 -4 -1 13 19 -15 16 -14 -17 -5 -13 21 -2
right_child=1 4 3 18 7 6 -8 9 -10 -11 -12 12 15 14 -16 17 -18 -19 -20 -21 -22 -23
leaf_value=7.1140041561900731e-05 0 -3.5883599298101191e-05 0 6.3522849290756273e-06 0 0 5.323956979600115e-05 -3.6469533321546288e-05 6.3862579782340823e-05 0 -9.3866942277235214e-05 -1.8554084075714946e-05 -4.0963788751645981e-05 0 0.00010799933693590295 9.656322785459285e-05 0 0 -1.7131950905979333e-05 0 0 2.1085927649586062e-05
leaf_weight=35 56 37 21 64 500 57 281 257 81 1127 124 134 293 42 111 28 176 201 172 96 30 145
leaf_count=35 56 37 21 64 500 57 281 257 81 1127 124 134 293 42 111 28 176 201 172 96 30 145
internal_value=0 -1.32493e-06 -1.8705e-05 -3.70235e-05 1.93924e-06 2.45152e-05 4.00087e-05 -8.43541e-07 1.23602e-05 -8.55439e-06 -7.97272e-05 3.96884e-06 0 1.88552e-05 6.79905e-05 -7.5789e-06 -2.23487e-05 9.57203e-06 0 -8.07962e-07 0 9.70856e-06
internal_weight=4068 2952 612 381 2340 375 338 1965 581 1384 145 1116 1081 383 153 698 469 229 236 230 231 201
internal_count=4068 2952 612 381 2340 375 338 1965 581 1384 145 1116 1081 383 153 698 469 229 236 230 231 201
is_linear=0
shrinkage=0.03


Tree=386
num_leaves=27
num_cat=0
split_feature=21 21 25 5 0 25 29 0 0 5 21 23 22 25 24 22 22 19 27 23 7 22 35 25 20 30
split_gain=2.82146e-05 0.000345906 0.000269604 0.000469964 0.000186331 0.000346489 0.000458846 0.000352746 0.000333635 0.000266139 0.000266784 0.000240262 0.000210042 0.000575203 0.000375971 0.000183704 0.00016318 0.0001618 0.00037015 0.000248492 0.000241181 0.000254625 0.000175442 7.38312e-05 4.8877e-05 3.84752e-05
threshold=5.0926666378974925 4.8885833422342948 0.026805708469887401 264505266.50000003 2.5500261783599858 -0.022530619144283361 12.843016990410517 2.4479069709777836 2.2751930952072148 476538228.50000006 5.6287499705950426 -0.12313476016579326 53.340392252846662 0.0029714865894430319 0.04008912009273017 63.88563397263966 63.004729762772044 4.7199999332427991 0.24937962301650321 0.13537577002540505 -89.999999999999986 48.688386657527651 0.018922719802971267 -0.040438149601704255 6.3832500219345105 34.022733332454443
decision_type=2 2 2 2 2 2 2 2 2 2 2 2 2 2 2 2 2 2 2 2 2 2 2 2 2 2
left_child=1 17 3 25 5 6 23 11 -8 12 -11 -7 14 -14 -6 -5 -9 20 22 -20 -1 -22 -19 -2 -12 -3
right_child=4 2 -4 15 9 7 8 16 -10 10 24 -13 13 -15 -16 -17 -18 18 19 -21 21 -23 -24 -25 -26 -27
leaf_value=8.0073007927713977e-05 5.4833402760259424e-05 2.4413137221604696e-05 0 0.00012161909408115952 0 7.4126789163841454e-05 -0.00012296057930398692 -8.3478604331982341e-05 0 0 0.00014001598793453093 0 -5.8434097738163764e-05 0 5.3467537220423638e-05 0 0 9.0370959137494203e-05 -4.4044872156418565e-05 0 -1.370130418924321e-05 1.4379327563828415e-05 0 0 0 0
leaf_weight=35 22 58 48 78 632 45 79 62 66 27 27 391 187 380 142 26 33 27 326 54 585 577 21 24 22 94
leaf_count=35 22 58 48 78 632 45 79 62 66 27 27 391 187 380 142 26 33 27 326 54 585 577 21 24 22 94
internal_value=0 2.74781e-06 3.26536e-05 4.70484e-05 -2.24983e-06 -1.53825e-05 -5.02586e-05 0 -7.85668e-05 2.32523e-06 5.69928e-05 8.50947e-06 0 -1.46179e-05 9.36276e-06 9.75128e-05 -5.48291e-05 -1.00249e-06 -1.80364e-05 -3.2802e-05 2.58311e-06 0 3.63127e-05 0 9.96217e-05 0
internal_weight=4068 1929 304 256 2139 722 191 531 145 1417 76 436 1341 567 774 104 95 1625 428 380 1197 1162 48 46 49 152
internal_count=4068 1929 304 256 2139 722 191 531 145 1417 76 436 1341 567 774 104 95 1625 428 380 1197 1162 48 46 49 152
is_linear=0
shrinkage=0.03


Tree=387
num_leaves=24
num_cat=0
split_feature=2 19 1 32 1 30 1 5 32 32 29 5 26 29 32 28 24 5 25 33 33 33 28
split_gain=2.69442e-05 0.000287182 0.000252222 0.000184716 0.000564785 0.000386156 0.000228491 0.000155206 0.000281914 0.000374758 0.000298574 0.00019321 0.000360746 0.00016824 0.000126923 0.000101792 0.000457587 0.000511602 0.000206042 0.000184599 0.000474554 0.000193575 9.15779e-05
threshold=5.1150000095367441 5.2019999980926519 5.0450000762939462 0.011435126036372758 5.1649999618530282 43.541956895779073 5.1250000000000009 272009108.50000006 -0.016208278728722599 -0.032663673220800431 20.568506130388467 199564631.00000003 0.11713948234656223 71.94446169112301 0.0019102195907988453 495561526.50000006 0.06318724910911111 196822254.00000003 -0.0063961464629032662 0.019928029910946669 0.033602628185446244 -0.0021715737892514238 -97657176.999999985
decision_type=2 2 2 2 2 2 2 2 2 2 2 2 2 2 2 2 2 2 2 2 2 2 2
left_child=2 3 15 6 -5 -6 14 11 9 -9 -10 13 -13 -3 -2 19 17 -17 -18 21 -21 -1 -8
right_child=1 7 -4 4 5 -7 22 8 10 -11 -12 12 -14 -15 -16 16 18 -19 -20 20 -22 -23 -24
leaf_value=-7.9288410384426664e-06 -7.2007906179393977e-05 -6.6653245792346665e-07 6.6208921954914255e-05 0 0 -0.00017504620494726369 0 2.9628306766017677e-05 0.00012395716481846129 -4.8521620389283591e-05 1.282601474575331e-05 0 -4.2784633224267464e-05 2.9403714377823016e-05 0 0 -8.1901654575588042e-05 5.7161151292901015e-05 0 -6.4904719508971907e-05 0 1.6846585999413501e-05 5.7114171516260839e-05
leaf_weight=685 51 481 55 50 20 42 30 58 36 126 455 270 281 182 21 111 42 261 54 144 109 462 42
leaf_count=685 51 481 55 50 20 42 30 58 36 126 455 270 281 182 21 111 42 261 54 144 109 462 42
internal_value=0 -2.12778e-06 2.74948e-06 -3.23432e-05 -6.22322e-05 -0.000123192 0 3.80493e-07 1.32052e-05 -7.5892e-06 2.71064e-05 -4.27972e-06 -1.85624e-05 3.06703e-06 -4.57228e-05 0 1.2893e-05 3.24853e-05 -3.17647e-05 -3.13963e-06 -2.66636e-05 0 2.75971e-05
internal_weight=4068 2145 1923 256 112 62 144 1889 675 184 491 1214 551 663 72 1868 468 372 96 1400 253 1147 72
internal_count=4068 2145 1923 256 112 62 144 1889 675 184 491 1214 551 663 72 1868 468 372 96 1400 253 1147 72
is_linear=0
shrinkage=0.03


Tree=388
num_leaves=13
num_cat=0
split_feature=3 23 24 28 28 5 25 32 31 26 22 22
split_gain=2.67974e-05 0.000111443 6.60359e-05 0.000171375 0.000272405 0.000112061 8.42426e-05 0.000101164 0.000274088 0.000266089 1.16399e-06 4.64505e-06
threshold=3.7350000143051152 -0.08226503091723901 -0.16543031874497385 -6121181483.999999 640541819.00000012 263479512.00000003 0.07123884933832271 0.012964429018979652 0.013859062573263749 0.14905975760825033 48.793476404015045 55.012620523483136
decision_type=2 2 2 2 2 2 2 2 2 2 2 2
left_child=1 -1 3 -2 5 -5 7 8 -4 -9 -3 -12
right_child=2 10 6 4 -6 -7 -8 9 -10 -11 11 -13
leaf_value=5.7834514400751055e-05 0 -3.7576887874355038e-06 0 0 0 -0.00014648001087058719 5.2893528681698615e-05 0 4.2273299433095452e-05 -5.6513387161622436e-05 1.4448307989748993e-05 0
leaf_weight=37 31 73 2724 22 33 26 27 810 144 100 20 21
leaf_count=37 31 73 2724 22 33 26 27 810 144 100 20 21
internal_value=0 1.25489e-05 -2.87274e-07 -2.3088e-05 -5.13676e-05 -9.77031e-05 0 0 1.94335e-06 -9.38825e-06 0 6.12203e-07
internal_weight=4068 151 3917 112 81 48 3805 3778 2868 910 114 41
internal_count=4068 151 3917 112 81 48 3805 3778 2868 910 114 41
is_linear=0
shrinkage=0.03


Tree=389
num_leaves=21
num_cat=0
split_feature=0 0 23 32 27 23 23 27 33 34 34 19 0 33 34 27 32 34 28 28
split_gain=2.76148e-05 0.000177551 0.000158636 0.000130175 0.00024375 0.000348016 0.000137501 0.000128621 0.000313368 0.000219117 0.0002017 0.00025734 0.000329715 0.000168162 0.000314461 0.000216567 8.87448e-05 6.07498e-05 9.37888e-05 1.56955e-05
threshold=3.1215580701828007 3.0965428352355961 0.031311551182834581 0.055494965809056447 1.0047256700657707 0.038000756700229406 -0.22703030034247004 0.1901585971156777 -0.016981517277265708 -0.034520036086189858 -0.010919048358363324 6.7730000019073495 3.2839072942733769 0.012744664212143377 0.028179496224088999 0.53854358918737344 -0.0019474197068378161 -0.057045518594467375 5922270164.500001 11482785145.500002
decision_type=2 2 2 2 2 2 2 2 2 2 2 2 2 2 2 2 2 2 2 2
left_child=1 3 -3 4 6 -6 -1 8 17 -10 11 12 -9 14 -12 -15 -11 -2 -19 -13
right_child=7 2 -4 -5 5 -7 -8 10 9 16 13 19 -14 15 -16 -17 -18 18 -20 -21
leaf_value=5.6741295666044766e-05 -2.6276258343486046e-05 7.1886942259909782e-05 0 -5.7964686921929931e-05 0 9.9771807379951745e-05 -1.4732485608488114e-06 0 0 -0.00010965147168685856 -2.3851171040621244e-06 -2.8338932587103528e-05 5.9438592931472647e-05 4.6698604678641853e-05 -7.168732763067993e-05 0 0 3.977628330586885e-05 0 0
leaf_weight=37 43 61 22 33 30 54 1983 100 23 57 571 22 192 92 88 482 28 69 61 20
leaf_count=37 43 61 22 33 30 54 1983 100 23 57 571 22 192 92 88 482 28 69 61 20
internal_value=0 2.43651e-06 4.56239e-05 0 1.68081e-06 5.17608e-05 0 -2.51326e-06 -2.12916e-05 -6.15453e-05 0 2.14661e-05 3.61601e-05 -4.72915e-06 -1.62006e-05 3.21596e-06 -8.44327e-05 0 1.38391e-05 -9.27598e-06
internal_weight=4068 2220 83 2137 2104 84 2020 1848 281 108 1567 334 292 1233 659 574 85 173 130 42
internal_count=4068 2220 83 2137 2104 84 2020 1848 281 108 1567 334 292 1233 659 574 85 173 130 42
is_linear=0
shrinkage=0.03


Tree=390
num_leaves=21
num_cat=0
split_feature=0 0 23 32 27 23 29 27 33 34 34 19 0 33 34 21 32 34 34 28
split_gain=2.69637e-05 0.000165566 0.000151042 0.000122392 0.000226005 0.000330963 0.000136277 0.000121648 0.000294588 0.000209678 0.000185554 0.00024499 0.000312236 0.000160133 0.000292745 0.000229908 7.84618e-05 5.63259e-05 7.60224e-05 1.49115e-05
threshold=3.1215580701828007 3.0965428352355961 0.031311551182834581 0.055494965809056447 1.0047256700657707 0.038000756700229406 84.251691432155468 0.1901585971156777 -0.016981517277265708 -0.034520036086189858 -0.010919048358363324 6.7730000019073495 3.2839072942733769 0.012744664212143377 0.028179496224088999 4.8994166612625127 -0.0019474197068378161 -0.057045518594467375 -0.040776345997073797 11482785145.500002
decision_type=2 2 2 2 2 2 2 2 2 2 2 2 2 2 2 2 2 2 2 2
left_child=1 3 -3 4 6 -6 -1 8 17 -10 11 12 -9 14 -12 -15 -11 -2 -19 -13
right_child=7 2 -4 -5 5 -7 -8 10 9 16 13 19 -14 15 -16 -17 -18 18 -20 -21
leaf_value=2.1015179639766596e-06 -2.5489799543070493e-05 6.9733863790376538e-05 0 -5.6231000800252792e-05 0 9.6784186560889553e-05 -2.4678509227431676e-05 0 0 -0.00010636768668373978 -2.3135760217827951e-06 -2.7492606330360591e-05 5.7656364692360978e-05 -1.4568632320856166e-05 -6.9539146999316866e-05 2.1461947728757577e-05 0 5.4125659101510899e-05 0 0
leaf_weight=1832 43 61 22 33 30 54 188 100 23 57 571 22 192 211 88 363 28 31 99 20
leaf_count=1832 43 61 22 33 30 54 188 100 23 57 571 22 192 211 88 363 28 31 99 20
internal_value=0 2.34141e-06 4.40408e-05 0 1.61571e-06 4.98389e-05 0 -2.55837e-06 -2.07969e-05 -5.98107e-05 0 2.04974e-05 3.4988e-05 -4.64706e-06 -1.58514e-05 2.99146e-06 -8.22294e-05 0 1.32062e-05 -8.83171e-06
internal_weight=4068 2220 83 2137 2104 84 2020 1848 281 108 1567 334 292 1233 659 574 85 173 130 42
internal_count=4068 2220 83 2137 2104 84 2020 1848 281 108 1567 334 292 1233 659 574 85 173 130 42
is_linear=0
shrinkage=0.03


Tree=391
num_leaves=25
num_cat=0
split_feature=21 21 25 26 32 2 28 35 24 21 20 20 36 32 35 20 36 26 28 33 22 24 35 35
split_gain=2.69601e-05 0.000319562 0.000256484 0.000276917 0.000594746 0.000155018 0.000370134 0.000190597 0.000339058 0.000294174 0.000145746 0.000303053 0.00027584 0.00033768 0.000763425 0.000342935 0.000238924 0.000370141 0.000174527 0.000201764 0.000175468 6.06009e-05 4.07407e-05 5.28526e-09
threshold=5.0926666378974925 4.8885833422342948 0.025729768134516814 0.11102617911043762 0.0075023679169995425 5.1949999332427987 3604109341.5000005 0.017857125941283743 -0.00095623979862411183 4.7668333331743886 5.5374298453330999 5.7095169544219972 -0.021503097039975706 0.0087924874529178316 0.02222222554028155 4.9927500009536754 0.005371501111097552 0.13118407267611543 7421162653.000001 0.017842674261316364 53.340392252846662 -0.063001132253417427 0.02040817098861691 0.019960107481565157
decision_type=2 2 2 2 2 2 2 2 2 2 2 2 2 2 2 2 2 2 2 2 2 2 2 2
left_child=1 5 3 21 -5 7 -7 8 -1 -9 12 16 -2 15 -15 -14 17 -12 19 -13 -20 -3 -18 -4
right_child=10 2 23 4 -6 6 -8 9 -10 -11 11 18 13 14 -16 -17 22 -19 20 -21 -22 -23 -24 -25
leaf_value=-2.6870598873928547e-06 -0.00011163441376093313 0 0 0 0.00019347916333339153 -0.00013742101955945525 0 0 3.2565788090492514e-05 -5.8874448049746121e-05 6.8929855604332518e-05 -2.6936671326919779e-05 7.2743881394528792e-05 -8.0936897501684326e-05 9.3165350488920398e-06 0 -2.4040109544255465e-05 0 2.7984839967434259e-05 8.6180463691531464e-07 -1.9702859289044607e-06 2.1660919931835897e-05 8.7313938919145465e-06 -3.9108785564061376e-07
leaf_weight=324 29 46 25 49 35 25 27 768 386 95 171 462 59 153 79 472 57 44 221 107 237 118 48 31
leaf_count=324 29 46 25 49 35 25 27 768 386 95 171 462 59 153 79 472 57 44 221 107 237 118 48 31
internal_value=0 2.61965e-06 3.13816e-05 4.62331e-05 9.62229e-05 -9.16602e-07 -5.20006e-05 0 1.22557e-05 -8.67005e-06 -2.2703e-06 1.90906e-06 -1.31651e-05 -5.47703e-06 -3.72878e-05 2.77721e-06 2.87614e-05 4.72303e-05 -3.53894e-06 -1.64385e-05 5.93821e-06 2.30409e-06 0 0
internal_weight=4068 1929 304 248 84 1625 52 1573 710 863 2139 1347 792 763 232 531 320 215 1027 569 458 164 105 56
internal_count=4068 1929 304 248 84 1625 52 1573 710 863 2139 1347 792 763 232 531 320 215 1027 569 458 164 105 56
is_linear=0
shrinkage=0.03


Tree=392
num_leaves=26
num_cat=0
split_feature=0 24 0 30 23 32 24 36 1 32 34 23 0 3 34 28 36 36 23 34 33 36 21 0 1
split_gain=2.71777e-05 0.000174202 0.000410163 0.000189208 0.000468776 0.000184518 0.000425433 0.00038803 0.000211673 0.000211014 0.000243713 0.000170341 0.000157743 0.000215585 0.000172094 0.000284102 0.000137339 0.000177911 0.000145361 0.000123232 0.000116081 0.000106932 0.000122357 0.000115881 9.08683e-06
threshold=3.1215580701828007 0.011942954822788497 3.6153928041458134 79.386300776242507 -0.038345239154387471 -0.0015432598943171392 0.044186778921987462 0.0052128572799814542 5.0250000953674325 0.049228880625704748 0.063899757748505773 0.0042251633002403652 2.5500261783599858 3.8750000000000004 -0.037310777491688756 -6364851831.999999 -0.0059940537590575322 -0.018126889674538862 0.011406366315590334 -0.033278955215623122 0.0027210908243306968 0.0018198794122274711 5.0314166784286511 2.6678915023803715 5.1549999713897714
decision_type=2 2 2 2 2 2 2 2 2 2 2 2 2 2 2 2 2 2 2 2 2 2 2 2 2
left_child=12 2 3 4 -2 6 7 -3 -8 10 -7 20 13 -1 15 -15 17 -14 -19 -16 -4 23 -23 -18 -5
right_child=1 5 11 24 -6 9 8 -9 -10 -11 -12 -13 16 14 19 -17 21 18 -20 -21 -22 22 -24 -25 -26
leaf_value=7.5528110056167033e-05 0 8.3338674837804799e-05 0 0 -6.662452106203959e-05 -1.7529685268357506e-06 -3.9680135539333879e-05 0 1.5591271885200697e-05 7.0005073512574735e-05 -0.0001076190313324332 -1.3353447245492911e-05 0 0 5.1956077218005511e-05 -5.6444438728926104e-05 0 6.5213795702037395e-05 0 -3.0559678169079992e-06 4.9733729260174627e-05 0 4.2963762834190511e-05 -2.6556975661453556e-05 1.6216135656249992e-05
leaf_weight=27 272 130 119 24 247 504 90 21 200 23 26 52 47 58 37 143 44 132 77 1152 109 223 99 181 31
leaf_count=27 272 130 119 24 247 504 90 21 200 23 26 52 47 58 37 143 44 132 77 1152 109 223 99 181 31
internal_value=0 -2.68029e-06 -1.35522e-05 -2.96484e-05 -3.60583e-05 3.64298e-06 1.97164e-05 6.05709e-05 0 -3.75232e-06 -1.2625e-05 8.73331e-06 2.24439e-06 -2.04066e-06 -5.71084e-06 -3.15536e-05 1.35408e-05 3.2521e-05 4.53993e-05 0 2.69264e-05 0 1.50345e-05 -1.02028e-05 0
internal_weight=4068 1848 854 574 519 994 441 151 290 553 530 280 2220 1417 1390 201 803 256 209 1189 228 547 322 225 55
internal_count=4068 1848 854 574 519 994 441 151 290 553 530 280 2220 1417 1390 201 803 256 209 1189 228 547 322 225 55
is_linear=0
shrinkage=0.03


Tree=393
num_leaves=27
num_cat=0
split_feature=4 19 0 19 35 21 2 36 28 3 5 2 28 24 23 26 3 5 23 5 36 24 23 5 35 2
split_gain=2.69431e-05 0.000233295 0.000346998 0.000432614 0.00048073 0.000200936 0.000177583 0.000325339 0.000495478 0.000215367 0.000297115 0.000261212 0.000195922 0.000123892 0.000114719 0.000105998 0.000227657 0.000224957 0.00013618 0.00034295 0.000127599 8.49711e-05 3.75084e-05 2.16759e-06 4.87669e-05 2.99422e-07
threshold=5.6050000190734872 5.4269999980926524 3.3585855960845952 5.55900001525879 0.026845612526011049 5.4815000216166192 5.1150000095367441 0.009615436931100391 5024958067.500001 4.7850000858306894 196822254.00000003 4.7950000762939462 3604109341.5000005 0.12177462941046001 0.056794575882128891 0.11817465923035428 6.0120835304260263 198951134.00000003 0.0020080516074165726 281021107.00000006 -0.0043243252545545506 -0.044467292375836416 -0.014055164516830308 195282316.50000003 0.019012095455231016 5.5713350772857675
decision_type=2 2 2 2 2 2 2 2 2 2 2 2 2 2 2 2 2 2 2 2 2 2 2 2 2 2
left_child=1 6 3 4 -3 13 9 12 -9 11 -11 -1 -8 23 21 18 17 -17 22 -20 -18 -4 -7 -2 -25 -5
right_child=5 2 14 25 -6 15 7 8 -10 10 -12 -13 -14 -15 -16 16 20 -19 19 -21 -22 -23 -24 24 -26 -27
leaf_value=1.2968555282881499e-06 0 9.4554866911715689e-05 0 -3.5737312268642228e-06 0 0 -4.4965750499908951e-05 7.3430393247774371e-05 -4.2407586465557902e-05 0 4.0370543038057604e-05 -3.8000963934537634e-05 0 0 0 0 2.3086187317361674e-05 -5.7138479057279293e-05 0 7.4130007533894715e-05 -8.7664101553917825e-06 -6.1771598893698226e-05 -2.3699982453814819e-05 -9.6521130355082312e-05 0 0
leaf_weight=1360 28 151 21 21 30 118 294 78 27 112 289 162 152 33 45 41 177 136 204 89 266 47 60 38 26 63
leaf_count=1360 28 151 21 21 30 118 294 78 27 112 289 162 152 33 45 41 177 136 204 89 266 47 60 38 26 63
internal_value=0 1.61972e-06 2.39357e-05 4.46673e-05 7.12076e-05 -3.71308e-06 -5.78191e-07 -1.64669e-05 1.50872e-05 2.41506e-06 2.25393e-05 -9.17222e-07 -3.06222e-05 -3.97442e-05 0 0 -7.7232e-06 -3.69564e-05 1.1135e-05 2.48484e-05 0 -3.89372e-05 0 -5.79332e-05 -6.96618e-05 0
internal_weight=4068 2852 378 265 181 1216 2474 551 105 1923 401 1522 446 125 113 1091 620 177 471 293 443 68 178 92 64 84
internal_count=4068 2852 378 265 181 1216 2474 551 105 1923 401 1522 446 125 113 1091 620 177 471 293 443 68 178 92 64 84
is_linear=0
shrinkage=0.03


Tree=394
num_leaves=23
num_cat=0
split_feature=0 24 0 5 23 32 24 25 25 25 5 1 23 0 23 27 32 27 23 35 36 5
split_gain=2.63074e-05 0.000162429 0.000387183 0.00020687 0.000756919 0.000171559 0.00039484 0.000395379 0.000234379 0.000532391 0.000233492 0.000198835 0.00016206 0.000149429 0.000141636 0.000117774 0.000117605 0.00020338 0.000309193 0.000132915 7.28982e-05 1.60224e-05
threshold=3.1215580701828007 0.011942954822788497 3.6153928041458134 281021107.00000006 -0.032006602115012932 -0.0015432598943171392 0.044186778921987462 -0.020140500506942403 0.0075507448195233544 0.025729768134516814 400775862.00000006 5.0250000953674325 0.0042251633002403652 3.0965428352355961 0.011406366315590334 0.28575567725263623 0.055494965809056447 1.0047256700657707 0.038000756700229406 0.033234442886689315 -0.0086039724892915722 175149369.00000003
decision_type=2 2 2 2 2 2 2 2 2 2 2 2 2 2 2 2 2 2 2 2 2 2
left_child=13 2 3 15 -5 6 7 -3 10 -10 -7 -8 20 16 21 -2 17 19 -19 -1 -4 -15
right_child=1 5 12 4 -6 8 11 -9 9 -11 -12 -13 -14 14 -16 -17 -18 18 -20 -21 -22 -23
leaf_value=-2.3787994530848812e-06 -3.3591907963039488e-05 0 0 0 -0.00015065822214676238 -4.192366067366344e-05 -3.8502342729762971e-05 9.095075231068303e-05 5.09197414819453e-05 -2.3824315828569438e-05 0 1.5060110860446611e-05 -1.2734505367347334e-05 0 0 0 -5.522461917335406e-05 0 9.2831091505996946e-05 2.9158959559105504e-05 3.5921898973962441e-05 9.4554715122914407e-05
leaf_weight=1892 117 46 56 108 58 234 90 105 163 129 27 200 52 20 31 291 33 30 54 128 172 32
leaf_count=1892 117 46 56 108 58 234 90 105 163 129 27 200 52 20 31 291 33 30 54 128 172 32
internal_value=0 -2.65851e-06 -1.3167e-05 -2.88392e-05 -6.1953e-05 3.35251e-06 1.89377e-05 5.82987e-05 -3.65336e-06 7.63194e-06 -2.7767e-05 0 8.24936e-06 2.1866e-06 4.17863e-05 -8.00339e-06 0 1.52558e-06 4.72727e-05 0 2.61908e-05 7.23307e-05
internal_weight=4068 1848 854 574 166 994 441 151 553 292 261 290 280 2220 83 408 2137 2104 84 2020 228 52
internal_count=4068 1848 854 574 166 994 441 151 553 292 261 290 280 2220 83 408 2137 2104 84 2020 228 52
is_linear=0
shrinkage=0.03


Tree=395
num_leaves=23
num_cat=0
split_feature=21 21 26 1 30 20 20 0 26 36 29 30 26 0 36 20 2 31 29 0 36 36
split_gain=2.51824e-05 0.000238844 0.000207119 0.000310841 0.000253937 0.000153077 0.000283617 0.00039913 0.000406225 0.000216439 0.000263283 0.000357567 0.000356523 0.000190675 0.000200753 0.000179575 0.000143763 0.000499632 0.000145631 0.000367347 0.000237937 0.000110022
threshold=5.1242499947547921 4.8885833422342948 0.087920922534973286 5.5250000953674325 80.858463109133183 5.5374298453330999 5.7095169544219972 3.3972218036651616 0.13118407267611543 -0.021503097039975706 49.659637809851013 47.995242345960165 0.13566783856857537 3.6513006687164311 0.010274873062086539 6.8472500205039983 5.1949999332427987 0.0018692278159225808 29.004733410929358 2.1630764007568364 -0.0024632322452479015 0.0036035809955639697
decision_type=2 2 2 2 2 2 2 2 2 2 2 2 2 2 2 2 2 2 2 2 2 2
left_child=1 16 -3 4 -4 9 7 8 -7 -2 12 -12 -11 14 -8 -15 18 -18 20 -20 -1 -9
right_child=5 2 3 -5 -6 6 13 21 -10 10 11 -13 -14 15 -16 -17 17 -19 19 -21 -22 -23
leaf_value=0 -0.00010576767568332324 0 6.8998376794461089e-05 0 0 7.8389014834688326e-05 -2.6797276971736512e-05 1.1579587990690551e-06 0 0 -0.00010572885452913677 -2.7399958043380479e-06 6.694503580993003e-05 2.2455504461092844e-05 1.2953068495607727e-06 -1.1394834802389233e-05 0 -0.00013662800994451631 4.3088273265547544e-05 0 -3.7825512987081021e-05 -4.1996040785657006e-05
leaf_weight=219 28 126 193 36 29 158 478 58 48 275 51 284 74 332 98 119 21 31 202 942 210 56
leaf_count=219 28 126 193 36 29 158 478 58 48 275 51 284 74 332 98 119 21 31 202 942 210 56
internal_value=0 2.35408e-06 2.41814e-05 3.99052e-05 5.57687e-05 -2.36636e-06 1.70863e-06 2.77603e-05 5.42201e-05 -1.42877e-05 -6.14268e-06 -2.73983e-05 5.66877e-06 -3.48979e-06 -1.68108e-05 6.87286e-06 -9.59006e-07 -5.01211e-05 0 6.24408e-06 -1.41949e-05 0
internal_weight=4068 2009 384 258 222 2059 1347 320 206 712 684 335 349 1027 576 451 1625 52 1573 1144 429 114
internal_count=4068 2009 384 258 222 2059 1347 320 206 712 684 335 349 1027 576 451 1625 52 1573 1144 429 114
is_linear=0
shrinkage=0.03


Tree=396
num_leaves=27
num_cat=0
split_feature=28 28 27 33 23 33 33 32 35 0 20 21 31 34 32 20 0 28 20 23 4 33 36 1 36 22
split_gain=2.63884e-05 0.000146047 0.000242556 0.000157874 0.000145064 0.00022593 0.000295209 0.000227621 0.000102581 9.20099e-05 0.000220182 0.000262099 0.000219874 0.000196824 0.000350908 0.00012879 0.00012412 0.000103704 0.000209567 0.000378162 0.000195595 0.000283741 0.000194262 5.40219e-05 1.37512e-05 4.97724e-06
threshold=-3067874471.9999995 -4087963478.9999995 0.63174656753147884 -0.026617564654074107 0.071525435164105491 -0.024256493167270406 0.0046984916850697509 -0.022462150878657047 0.021459224759623589 3.1591497659683232 5.7370000243186956 5.7018425385157272 0.0016835450386105679 0.05317926564556142 0.0085800819219593611 4.2277499914169328 2.3943353891372685 4154574309.0000005 5.0847499847412116 0.065388570278579042 4.5750000476837167 -0.017205373182346991 0.005371501111097552 4.305000066757203 -0.0018850140329649036 60.545037302399635
decision_type=2 2 2 2 2 2 2 2 2 2 2 2 2 2 2 2 2 2 2 2 2 2 2 2 2 2
left_child=1 4 3 -3 5 7 -7 -1 -5 10 13 12 -12 14 -2 -15 -13 20 19 -19 23 -22 -20 -11 -6 -4
right_child=9 2 25 8 24 6 -8 -9 -10 17 11 16 -14 15 -16 -17 -18 18 22 -21 21 -23 -24 -25 -26 -27
leaf_value=0 2.1409774926956173e-05 0 1.0194761050311874e-05 -8.5729002750798577e-05 0 4.0350940580658334e-05 0 -6.4080477514189482e-05 0 -4.9290894562537844e-06 0 2.968177823093506e-05 -0.00015185653074790457 0 -1.2894347177811391e-05 0.00010393901189368891 -1.3109658862615129e-05 9.0873149283694871e-05 5.6485991053747664e-06 0 0 -4.6803806752194616e-05 -2.0518809123175035e-05 2.0010570938534812e-05 -6.6205517967090653e-05 0
leaf_weight=69 740 20 43 82 23 272 236 62 29 170 40 98 20 21 309 43 147 64 707 31 49 243 362 111 27 50
leaf_count=69 740 20 43 82 23 272 236 62 29 170 40 98 20 21 309 43 147 64 707 31 49 243 362 111 27 50
internal_value=0 -4.5901e-06 -2.59303e-05 -5.30519e-05 0 6.14717e-06 1.86825e-05 -1.95569e-05 -6.78238e-05 1.19577e-06 7.46222e-06 -9.87274e-06 -6.64813e-05 1.49082e-05 8.44508e-06 7.38629e-05 0 -2.19296e-06 6.90393e-07 4.45786e-05 -1.3284e-05 -3.08039e-05 -4.07573e-07 0 -4.60859e-05 0
internal_weight=4068 913 224 131 689 639 508 131 111 3155 1418 305 60 1113 1049 64 245 1737 1164 95 573 292 1069 281 50 93
internal_count=4068 913 224 131 689 639 508 131 111 3155 1418 305 60 1113 1049 64 245 1737 1164 95 573 292 1069 281 50 93
is_linear=0
shrinkage=0.03


Tree=397
num_leaves=28
num_cat=0
split_feature=28 28 27 35 28 35 33 28 21 25 27 31 26 23 25 23 26 26 23 33 32 34 20 23 23 25 25
split_gain=2.54521e-05 0.000135773 0.000217704 0.000221775 0.000133754 0.000410144 0.000414391 0.000151685 0.000206738 0.000198641 0.00011763 8.92457e-05 0.000239321 0.000226247 0.00024976 0.000218083 0.000177795 0.000169747 0.000147576 0.000133587 0.000210563 6.26947e-05 0.000208151 5.90527e-05 2.35848e-05 9.03231e-09 8.71438e-06
threshold=-3067874471.9999995 -4151668514.9999995 0.63174656753147884 0.021459224759623589 -4800378500.999999 0.022813710790117327 -0.023847523737136497 -7594412327.999999 4.8422499934832262 -0.026014838302258755 0.14135195713121146 0.0204528766394142 0.12537296589573685 -0.051729235394972754 0.051975214081887135 -0.13436142286339378 0.11313459966028412 0.10355777855543107 -0.2196520755234119 0.063012311757421849 0.014340551754337129 0.021663073115656076 4.524749994277955 0.10719385984923015 -0.051729235394972754 0.031263232462993333 0.0073419701972902577
decision_type=2 2 2 2 2 2 2 2 2 2 2 2 2 2 2 2 2 2 2 2 2 2 2 2 2 2 2
left_child=1 4 3 10 7 6 -6 9 -9 -1 -3 13 21 15 16 18 -15 -17 -2 20 -14 -13 -23 -16 -7 26 -4
right_child=11 2 25 -5 5 24 -8 8 -10 -11 -12 12 19 14 23 17 -18 -19 -20 -21 -22 22 -24 -25 -26 -27 -28
leaf_value=-1.8965943309892064e-05 7.7665950019207869e-06 0 0 0 0 0 0.00011921905641420394 -5.0238503684273071e-05 0 3.4251492370511212e-05 -9.8587147467600614e-05 0 0 2.9079696526858984e-06 0 0 -1.3121664913268887e-05 4.3822874285764562e-05 -4.5113762858313398e-05 0 -9.3368026042662131e-05 0 7.8957515420056295e-05 9.7424418846098857e-05 -2.7986775383067987e-05 0 1.2046639400714222e-05
leaf_weight=33 39 29 21 46 21 20 60 125 232 155 66 42 22 1393 26 159 926 305 64 20 66 26 39 28 27 24 54
leaf_count=33 39 29 21 46 21 20 60 125 232 155 66 42 22 1393 26 159 926 305 64 20 66 26 39 28 27 24 54
internal_value=0 -4.54488e-06 -2.42382e-05 -4.88703e-05 0 2.95862e-05 7.70335e-05 -3.8898e-06 -1.90562e-05 8.95605e-06 -7.51155e-05 1.13241e-06 -1.54144e-05 3.36332e-06 0 2.04378e-05 -2.19951e-06 3.05503e-05 0 -4.96517e-05 -6.62543e-05 0 2.94406e-05 6.28298e-05 0 0 3.29004e-07
internal_weight=4068 913 240 141 673 128 81 545 357 188 95 3155 215 2940 2373 567 2319 464 103 108 88 107 65 54 47 99 75
internal_count=4068 913 240 141 673 128 81 545 357 188 95 3155 215 2940 2373 567 2319 464 103 108 88 107 65 54 47 99 75
is_linear=0
shrinkage=0.03


Tree=398
num_leaves=25
num_cat=0
split_feature=28 28 35 25 0 36 33 35 5 5 31 5 1 3 24 24 25 31 27 34 22 30 35 36
split_gain=2.49596e-05 0.000126771 0.000206277 0.000270467 0.000193327 0.000208529 0.000207484 0.000241721 0.000210242 0.000126829 8.50927e-05 0.000229871 0.000161731 0.000157341 0.000137442 0.000265149 0.000301494 0.000287739 0.000260955 0.000391505 0.000143475 5.59617e-05 1.02137e-05 6.82358e-07
threshold=-3067874471.9999995 -4151668514.9999995 0.02119801214058277 0.019715318068865048 1.9772322773933413 0.0050718026252717105 -0.018650438687499656 0.017910841433841574 192187480.50000003 167830716.00000003 0.0204528766394142 460863684.00000006 5.1349999904632577 5.774350881576539 -0.0240858153376915 -0.0015918477810232398 -0.0066137798094166632 0.004136505099904487 0.57681853464021093 0.010204034205386627 50.592244721287983 63.818829895034291 0.026575116674422399 -0.0086039724892915722
decision_type=2 2 2 2 2 2 2 2 2 2 2 2 2 2 2 2 2 2 2 2 2 2 2 2
left_child=1 4 3 9 5 23 7 -6 -8 -3 14 12 -12 -14 18 17 -17 -16 19 -2 -20 -13 -4 -1
right_child=10 2 22 -5 6 -7 8 -9 -10 -11 11 21 13 -15 15 16 -18 -19 20 -21 -22 -23 -24 -25
leaf_value=0 6.2364286642976761e-06 0 1.4437516330785691e-05 0 0 0 -1.8361894531019125e-05 -6.7031404937666802e-05 2.1684249808371313e-05 -9.2437358297641335e-05 0 4.3928506355946766e-05 -0.00010202797665797002 0 -4.4338960809510371e-05 -8.2262810749710175e-06 1.6001062986707834e-05 0 -4.8862599710792623e-05 7.2439572546159492e-05 0 0 0 0.0001126226125114342
leaf_weight=20 570 37 44 37 66 21 152 91 295 79 54 26 52 44 240 721 969 113 59 135 133 39 43 28
leaf_count=20 570 37 44 37 66 21 152 91 295 79 54 26 52 44 240 721 969 113 59 135 133 39 43 28
internal_value=0 -4.5102e-06 -2.35065e-05 -4.55977e-05 0 4.93263e-05 -3.11672e-06 -3.49395e-05 1.3558e-06 -6.95586e-05 1.11028e-06 -1.49845e-05 -4.12319e-05 -6.45757e-05 3.30812e-06 0 3.8901e-06 -2.45641e-05 1.31815e-05 2.31768e-05 -7.89614e-06 0 0 8.60066e-05
internal_weight=4068 913 240 153 673 69 604 157 447 116 3155 215 150 96 2940 2043 1690 353 897 705 192 65 87 48
internal_count=4068 913 240 153 673 69 604 157 447 116 3155 215 150 96 2940 2043 1690 353 897 705 192 65 87 48
is_linear=0
shrinkage=0.03


Tree=399
num_leaves=21
num_cat=0
split_feature=32 5 32 5 1 32 32 36 27 28 4 25 25 27 29 36 29 26 32 5
split_gain=2.53745e-05 0.000196793 0.000119829 0.000441996 0.000391569 0.000600136 0.000121516 0.00042062 0.00041531 0.00013367 0.000566563 0.000207836 0.000107924 0.000189147 0.000179215 0.000106311 0.000106787 0.000101048 3.39529e-05 6.47485e-05
threshold=-0.0337160615067904 334426422.00000006 -0.017857126258059849 338877875.00000006 4.9049999713897714 -0.027447890637042612 -0.010700927747405607 0.0022173565561468887 0.063638788534873272 351243130.00000006 4.4449999332427987 0.019715318068865048 -0.012061642952011955 1.0000000180025095e-35 56.240167445244431 -0.028985514185675427 22.303267354674446 0.129450896283239 -0.038434201559934038 285020053.50000006
decision_type=2 2 2 2 2 2 2 2 2 2 2 2 2 2 2 2 2 2 2 2
left_child=1 18 3 12 -5 -6 7 17 -9 11 -11 -8 13 -2 -14 -3 -17 -4 19 -1
right_child=2 15 6 4 5 -7 9 8 -10 10 -12 -13 14 -15 -16 16 -18 -19 -20 -21
leaf_value=0 0 0 -5.804873590876382e-06 0 0 -0.00019965224527531504 -1.6049819213438871e-05 0 0.00011409371871634542 0.00011535366175261618 0 7.2762637779150009e-06 -3.751931620951703e-05 4.113842595816836e-05 0 0.00010252733597615028 0 3.4130389883699144e-05 0 -5.7252998163320485e-05
leaf_weight=37 48 24 310 37 28 35 1046 22 66 40 1532 307 148 130 58 37 36 69 31 27
leaf_count=37 48 24 310 37 28 35 1046 22 66 40 1532 307 148 130 58 37 36 69 31 27
internal_value=0 1.04772e-05 -6.71878e-07 -1.49909e-05 -7.11394e-05 -0.000116676 4.87257e-07 1.52136e-05 7.4324e-05 -8.38754e-07 3.88126e-06 -8.53978e-06 0 1.67461e-05 -1.51311e-05 4.51797e-05 6.34056e-05 0 0 -2.18339e-05
internal_weight=4068 192 3876 484 100 63 3392 467 88 2925 1572 1353 384 178 206 97 73 379 95 64
internal_count=4068 192 3876 484 100 63 3392 467 88 2925 1572 1353 384 178 206 97 73 379 95 64
is_linear=0
shrinkage=0.03


end of trees

feature_importances:
Adj_Close=479
Volume=467
ATR14=467
MACD=445
return_lag2=433
OBV=428
close_to_open_pct=422
return_lag3=414
daily_range_pct=385
BB_PCT=357
return_lag1=356
MACD_SIGNAL=348
MACD_HIST=340
RSI14=332
STOCH_D=318
STOCH_K=293
MA60=289
return_lag5=289
Low=162
MA5=162
MA20=159
High=113
Close=109
Open=88
CDLENGULFING=21
CDLHARAMI=11

parameters:
[boosting: gbdt]
[objective: regression]
[metric: l2]
[tree_learner: serial]
[device_type: cpu]
[data_sample_strategy: bagging]
[data: ]
[valid: ]
[num_iterations: 400]
[learning_rate: 0.03]
[num_leaves: 31]
[num_threads: 1]
[seed: 0]
[deterministic: 0]
[force_col_wise: 0]
[force_row_wise: 0]
[histogram_pool_size: -1]
[max_depth: 5]
[min_data_in_leaf: 20]
[min_sum_hessian_in_leaf: 0.001]
[bagging_fraction: 0.8]
[pos_bagging_fraction: 1]
[neg_bagging_fraction: 1]
[bagging_freq: 0]
[bagging_seed: 3]
[bagging_by_query: 0]
[feature_fraction: 0.8]
[feature_fraction_bynode: 1]
[feature_fraction_seed: 2]
[extra_trees: 0]
[extra_seed: 6]
[early_stopping_round: 0]
[early_stopping_min_delta: 0]
[first_metric_only: 0]
[max_delta_step: 0]
[lambda_l1: 0.1]
[lambda_l2: 0.1]
[linear_lambda: 0]
[min_gain_to_split: 0]
[drop_rate: 0.1]
[max_drop: 50]
[skip_drop: 0.5]
[xgboost_dart_mode: 0]
[uniform_drop: 0]
[drop_seed: 4]
[top_rate: 0.2]
[other_rate: 0.1]
[min_data_per_group: 100]
[max_cat_threshold: 32]
[cat_l2: 10]
[cat_smooth: 10]
[max_cat_to_onehot: 4]
[top_k: 20]
[monotone_constraints: ]
[monotone_constraints_method: basic]
[monotone_penalty: 0]
[feature_contri: ]
[forcedsplits_filename: ]
[refit_decay_rate: 0.9]
[cegb_tradeoff: 1]
[cegb_penalty_split: 0]
[cegb_penalty_feature_lazy: ]
[cegb_penalty_feature_coupled: ]
[path_smooth: 0]
[interaction_constraints: ]
[verbosity: -1]
[saved_feature_importance_type: 0]
[use_quantized_grad: 0]
[num_grad_quant_bins: 4]
[quant_train_renew_leaf: 0]
[stochastic_rounding: 1]
[linear_tree: 0]
[max_bin: 255]
[max_bin_by_feature: ]
[min_data_in_bin: 3]
[bin_construct_sample_cnt: 200000]
[data_random_seed: 1]
[is_enable_sparse: 1]
[enable_bundle: 1]
[use_missing: 1]
[zero_as_missing: 0]
[feature_pre_filter: 1]
[pre_partition: 0]
[two_round: 0]
[header: 0]
[label_column: ]
[weight_column: ]
[group_column: ]
[ignore_column: ]
[categorical_feature: ]
[forcedbins_filename: ]
[precise_float_parser: 0]
[parser_config_file: ]
[objective_seed: 5]
[num_class: 1]
[is_unbalance: 0]
[scale_pos_weight: 1]
[sigmoid: 1]
[boost_from_average: 1]
[reg_sqrt: 0]
[alpha: 0.9]
[fair_c: 1]
[poisson_max_delta_step: 0.7]
[tweedie_variance_power: 1.5]
[lambdarank_truncation_level: 30]
[lambdarank_norm: 1]
[label_gain: ]
[lambdarank_position_bias_regularization: 0]
[eval_at: ]
[multi_error_top_k: 1]
[auc_mu_weights: ]
[num_machines: 1]
[local_listen_port: 12400]
[time_out: 120]
[machine_list_filename: ]
[machines: ]
[gpu_platform_id: -1]
[gpu_device_id: -1]
[gpu_use_dp: 0]
[num_gpu: 1]

end of parameters

pandas_categorical:[]
