Date,Adj Close,Close,High,Low,Open,Volume,source,is_stale
2010-01-04,39.45097732543945,89.25,89.9000015258789,88.80000305175781,89.4000015258789,10381759,yfinance,False
2010-01-05,39.98141098022461,90.44999694824219,90.6500015258789,90.0999984741211,90.19999694824219,16914189,yfinance,False
2010-01-06,40.4897346496582,91.5999984741211,92.0,91.25,91.30000305175781,20033996,yfinance,False
2010-01-07,40.33502197265625,91.25,91.75,90.8499984741211,91.69999694824219,11163952,yfinance,False
2010-01-08,40.53394317626953,91.69999694824219,92.1500015258789,91.3499984741211,91.5,15683744,yfinance,False
2010-01-11,40.84333801269531,92.4000015258789,92.80000305175781,92.0,92.0,15729515,yfinance,False
2010-01-12,40.51182174682617,91.6500015258789,92.4000015258789,91.05000305175781,91.80000305175781,14005577,yfinance,False
2010-01-13,39.870906829833984,90.19999694824219,90.80000305175781,89.94999694824219,90.5,17142233,yfinance,False
2010-01-14,40.15821075439453,90.8499984741211,91.19999694824219,90.6500015258789,90.6500015258789,11379186,yfinance,False
2010-01-15,40.24661636352539,91.05000305175781,90.30000305175781,90.75,91.0,13190937,yfinance,False
2010-01-18,39.45097732543945,89.25,89.5999984741211,88.5999984741211,89.05000305175781,16529101,yfinance,False
2010-01-19,39.473087310791016,89.30000305175781,88.4000015258789,88.69999694824219,89.05000305175781,17485152,yfinance,False
2010-01-20,38.832122802734375,87.8499984741211,88.44999694824219,87.6500015258789,88.0,30098548,yfinance,False
2010-01-21,38.47850036621094,87.05000305175781,88.19999694824219,87.0,87.5999984741211,20718144,yfinance,False
2010-01-22,37.88176345825195,85.69999694824219,86.05000305175781,85.0,85.5,37434508,yfinance,False
2010-01-25,37.26292419433594,84.30000305175781,84.3499984741211,83.69999694824219,84.0,27485326,yfinance,False
2010-01-26,37.17452621459961,84.0999984741211,85.1500015258789,83.5,84.5999984741211,24292298,yfinance,False
2010-01-27,37.15242004394531,84.05000305175781,85.5999984741211,83.80000305175781,84.0,19620776,yfinance,False
2010-01-28,37.594451904296875,85.05000305175781,85.6500015258789,84.3499984741211,84.3499984741211,18700737,yfinance,False
2010-01-29,36.953521728515625,83.5999984741211,84.4000015258789,83.0999984741211,83.19999694824219,22798052,yfinance,False
2010-02-01,37.064022064208984,83.8499984741211,84.25,83.0,83.0,15452820,yfinance,False
2010-02-02,37.37343978881836,84.55000305175781,85.05000305175781,84.1500015258789,84.4000015258789,13597241,yfinance,False
2010-02-03,37.903892517089844,85.75,85.9000015258789,84.19999694824219,84.19999694824219,18565577,yfinance,False
2010-02-04,37.064022064208984,83.8499984741211,84.69999694824219,83.75,84.69999694824219,16265410,yfinance,False
2010-02-05,35.671627044677734,80.69999694824219,81.4000015258789,80.0999984741211,80.0999984741211,47883392,yfinance,False
2010-02-08,35.2738151550293,79.80000305175781,80.1500015258789,79.30000305175781,80.05000305175781,30245172,yfinance,False
2010-02-09,35.05280685424805,79.30000305175781,79.6500015258789,78.0,78.6500015258789,36011574,yfinance,False
2010-02-10,35.384307861328125,80.05000305175781,80.5,79.05000305175781,80.0,20746885,yfinance,False
2010-02-11,35.958961486816406,81.3499984741211,81.5999984741211,80.80000305175781,80.8499984741211,18500443,yfinance,False
2010-02-12,35.6937370300293,80.75,81.0,80.25,80.3499984741211,20143047,yfinance,False
2010-02-17,36.378883361816406,82.30000305175781,82.69999694824219,81.80000305175781,82.0,15582433,yfinance,False
2010-02-18,36.489383697509766,82.55000305175781,82.94999694824219,82.44999694824219,82.69999694824219,11561739,yfinance,False
2010-02-19,35.82634353637695,81.05000305175781,82.4000015258789,80.80000305175781,82.4000015258789,16321710,yfinance,False
2010-02-22,36.97562789916992,83.6500015258789,83.75,81.05000305175781,83.5999984741211,19066368,yfinance,False
2010-02-23,37.704959869384766,85.30000305175781,85.5999984741211,82.9000015258789,83.19999694824219,27232287,yfinance,False
2010-02-24,37.39554214477539,84.5999984741211,85.19999694824219,83.69999694824219,84.0,22292897,yfinance,False
2010-02-25,37.704959869384766,85.30000305175781,86.0,84.6500015258789,85.80000305175781,29625185,yfinance,False
2010-02-26,37.94806671142578,85.8499984741211,86.4000015258789,85.80000305175781,86.0,28304616,yfinance,False
2010-03-01,38.30168151855469,86.6500015258789,86.80000305175781,85.8499984741211,85.8499984741211,32200175,yfinance,False
2010-03-02,35.60532760620117,80.55000305175781,86.6500015258789,80.3499984741211,80.8499984741211,137341070,yfinance,False
2010-03-03,36.0031623840332,81.44999694824219,81.75,80.8499984741211,81.30000305175781,35640530,yfinance,False
2010-03-04,35.82634353637695,81.05000305175781,82.0,80.9000015258789,81.80000305175781,22114215,yfinance,False
2010-03-05,36.15787124633789,81.80000305175781,81.94999694824219,81.3499984741211,81.94999694824219,27595895,yfinance,False
2010-03-08,36.71040725708008,83.05000305175781,83.4000015258789,82.69999694824219,82.8499984741211,28767529,yfinance,False
2010-03-09,36.4672966003418,82.5,83.0,82.0999984741211,82.30000305175781,15506515,yfinance,False
2010-03-10,36.069454193115234,81.5999984741211,82.0,81.44999694824219,81.9000015258789,19319249,yfinance,False
2010-03-11,36.15787124633789,81.80000305175781,81.94999694824219,81.4000015258789,81.80000305175781,11114845,yfinance,False
2010-03-12,35.93686294555664,81.30000305175781,81.5999984741211,80.9000015258789,81.5,18334592,yfinance,False
2010-03-15,35.73794174194336,80.8499984741211,81.0,80.44999694824219,80.5,14751038,yfinance,False
2010-03-16,35.62742614746094,80.5999984741211,80.94999694824219,80.5,80.55000305175781,21001109,yfinance,False
2010-03-17,35.9593620300293,81.25,81.4000015258789,80.5,80.5999984741211,18041289,yfinance,False
2010-03-18,36.04789352416992,81.44999694824219,81.9000015258789,81.30000305175781,81.80000305175781,13214321,yfinance,False
2010-03-19,35.82658386230469,80.94999694824219,81.44999694824219,80.8499984741211,81.0,11620589,yfinance,False
2010-03-22,35.0742073059082,79.25,79.94999694824219,79.0,79.94999694824219,37097019,yfinance,False
2010-03-23,35.11846160888672,79.3499984741211,80.0999984741211,79.30000305175781,79.9000015258789,16172646,yfinance,False
2010-03-24,35.00782012939453,79.0999984741211,79.94999694824219,79.0,79.55000305175781,18106994,yfinance,False
2010-03-25,34.67588806152344,78.3499984741211,78.4000015258789,77.8499984741211,78.30000305175781,26099054,yfinance,False
2010-03-26,35.472530364990234,80.1500015258789,80.55000305175781,78.80000305175781,79.0,24230001,yfinance,False
2010-03-29,35.361881256103516,79.9000015258789,80.44999694824219,79.75,79.80000305175781,13455262,yfinance,False
2010-03-30,35.42827224731445,80.05000305175781,80.4000015258789,79.4000015258789,79.4000015258789,19171789,yfinance,False
2010-03-31,35.00782012939453,79.0999984741211,79.30000305175781,78.6500015258789,79.0,26606188,yfinance,False
2010-04-01,35.11846160888672,79.3499984741211,79.55000305175781,78.80000305175781,78.94999694824219,20815414,yfinance,False
2010-04-07,35.38397979736328,79.94999694824219,80.1500015258789,79.0,79.0,21564107,yfinance,False
2010-04-08,35.20698547363281,79.55000305175781,80.19999694824219,79.5,79.94999694824219,16142124,yfinance,False
2010-04-09,36.269168853759766,81.94999694824219,82.0,80.25,80.30000305175781,36388386,yfinance,False
2010-04-12,36.601104736328125,82.69999694824219,83.1500015258789,82.4000015258789,82.6500015258789,31235575,yfinance,False
2010-04-13,36.57897186279297,82.6500015258789,83.19999694824219,82.25,83.0,21483339,yfinance,False
2010-04-14,36.51259231567383,82.5,83.30000305175781,82.44999694824219,82.69999694824219,18149859,yfinance,False
2010-04-15,37.3092155456543,84.30000305175781,84.3499984741211,83.25,83.5,45130499,yfinance,False
2010-04-16,37.419864654541016,84.55000305175781,84.9000015258789,83.0,84.69999694824219,36689202,yfinance,False
2010-04-19,36.224910736083984,81.8499984741211,83.1500015258789,81.55000305175781,83.1500015258789,36604355,yfinance,False
2010-04-20,36.57897186279297,82.6500015258789,82.8499984741211,82.44000244140625,82.8499984741211,16692488,yfinance,False
2010-04-21,36.31342697143555,82.05000305175781,83.05000305175781,81.9000015258789,83.0,17411621,yfinance,False
2010-04-22,36.468326568603516,82.4000015258789,82.5,81.30000305175781,81.44999694824219,13739171,yfinance,False
2010-04-23,35.892967224121094,81.0999984741211,81.69999694824219,80.8499984741211,81.5,19093681,yfinance,False
2010-04-26,36.711734771728516,82.94999694824219,83.05000305175781,82.0,82.19999694824219,18691327,yfinance,False
2010-04-27,36.04789352416992,81.44999694824219,82.44999694824219,81.25,82.44999694824219,13346597,yfinance,False
2010-04-28,35.00782012939453,79.0999984741211,79.94999694824219,79.0,79.55000305175781,47672223,yfinance,False
2010-04-29,35.00782012939453,79.0999984741211,79.8499984741211,78.80000305175781,79.3499984741211,32136443,yfinance,False
2010-04-30,35.82658386230469,80.94999694824219,81.05000305175781,79.80000305175781,80.0,21500668,yfinance,False
2010-05-03,34.963565826416016,79.0,79.44999694824219,78.8499984741211,79.19999694824219,22967486,yfinance,False
2010-05-04,34.98569107055664,79.05000305175781,79.94999694824219,78.94999694824219,79.69999694824219,17033910,yfinance,False
2010-05-05,34.32182693481445,77.55000305175781,78.4000015258789,77.4000015258789,77.75,35799927,yfinance,False
2010-05-06,34.01203536987305,76.8499984741211,77.19999694824219,75.9000015258789,76.9000015258789,34859144,yfinance,False
2010-05-07,32.55152893066406,73.55000305175781,74.0999984741211,71.5,72.9000015258789,114016678,yfinance,False
2010-05-10,34.388206481933594,77.69999694824219,78.19999694824219,75.94000244140625,78.19999694824219,69101594,yfinance,False
2010-05-11,33.7464714050293,76.25,77.44999694824219,75.44999694824219,77.4000015258789,33747780,yfinance,False
2010-05-12,34.32182693481445,77.55000305175781,77.75,76.30000305175781,77.75,22486194,yfinance,False
2010-05-13,33.967769622802734,76.75,77.6500015258789,76.5,76.7249984741211,23712990,yfinance,False
2010-05-14,33.01622772216797,74.5999984741211,75.94999694824219,74.5,75.4000015258789,28826325,yfinance,False
2010-05-17,32.26384735107422,72.9000015258789,74.96900177001953,72.4000015258789,74.96900177001953,45069622,yfinance,False
2010-05-18,32.750667572021484,74.0,74.4000015258789,72.9000015258789,72.9000015258789,23883566,yfinance,False
2010-05-19,31.966466903686523,72.1500015258789,73.30000305175781,71.69999694824219,73.30000305175781,34289496,yfinance,False
2010-05-20,32.18801498413086,72.6500015258789,73.05000305175781,71.4000015258789,71.69999694824219,32470136,yfinance,False
2010-05-24,31.74493980407715,71.6500015258789,72.4000015258789,71.30000305175781,72.4000015258789,27724493,yfinance,False
2010-05-25,30.81452178955078,69.55000305175781,71.7959976196289,69.30000305175781,71.7959976196289,41947509,yfinance,False
2010-05-26,31.08036231994629,70.1500015258789,70.8499984741211,69.10900115966797,69.10900115966797,24898346,yfinance,False
2010-05-27,31.058202743530273,70.0999984741211,70.6500015258789,68.94999694824219,69.4000015258789,27234290,yfinance,False
2010-05-28,31.722793579101562,71.5999984741211,72.5,71.4000015258789,72.30000305175781,30813191,yfinance,False
2010-05-31,31.545564651489258,71.19999694824219,71.44999694824219,69.8499984741211,70.8499984741211,16530146,yfinance,False
2010-06-01,31.19112205505371,70.4000015258789,71.30000305175781,70.19999694824219,71.0,15547928,yfinance,False
2010-06-02,31.656335830688477,71.44999694824219,72.55000305175781,71.1500015258789,71.9000015258789,33953851,yfinance,False
2010-06-03,32.29877853393555,72.9000015258789,73.1500015258789,72.44999694824219,72.80000305175781,21361376,yfinance,False
2010-06-04,32.5645866394043,73.5,73.5999984741211,71.80000305175781,72.5,22649742,yfinance,False
2010-06-07,31.301895141601562,70.6500015258789,71.19999694824219,70.0999984741211,70.80000305175781,33390571,yfinance,False
2010-06-08,31.634185791015625,71.4000015258789,71.9000015258789,70.9000015258789,71.0,14629954,yfinance,False
2010-06-09,31.8114013671875,71.80000305175781,72.6500015258789,70.8499984741211,71.4000015258789,14744944,yfinance,False
2010-06-10,31.94432258605957,72.0999984741211,72.6500015258789,71.30000305175781,71.3499984741211,11948748,yfinance,False
2010-06-11,32.387386322021484,73.0999984741211,73.69999694824219,72.9000015258789,73.4000015258789,18854702,yfinance,False
2010-06-14,32.71967697143555,73.8499984741211,74.0999984741211,73.5999984741211,74.0,12961668,yfinance,False
2010-06-15,32.7418212890625,73.9000015258789,74.4000015258789,73.5999984741211,73.80000305175781,11751294,yfinance,False
2010-06-17,32.80828857421875,74.05000305175781,74.44999694824219,73.5999984741211,74.30000305175781,10545908,yfinance,False
2010-06-18,33.1627197265625,74.8499984741211,75.0,74.0,74.1500015258789,16850418,yfinance,False
2010-06-21,33.87162399291992,76.44999694824219,76.6500015258789,75.25,75.30000305175781,32123070,yfinance,False
2010-06-22,33.539329528808594,75.69999694824219,76.0,75.1500015258789,75.4000015258789,23437287,yfinance,False
2010-06-23,33.849456787109375,76.4000015258789,76.44999694824219,75.19999694824219,75.80000305175781,21620753,yfinance,False
2010-06-24,33.33993911743164,75.25,76.30000305175781,75.05000305175781,75.8499984741211,18054818,yfinance,False
2010-06-25,33.362098693847656,75.30000305175781,75.5,74.44999694824219,74.5999984741211,20393903,yfinance,False
2010-06-28,33.25133514404297,75.05000305175781,75.6500015258789,74.8499984741211,75.05000305175781,14548306,yfinance,False
2010-06-29,32.54243469238281,73.44999694824219,75.0,73.3499984741211,74.44999694824219,24304440,yfinance,False
2010-06-30,32.18801498413086,72.6500015258789,73.44999694824219,72.05000305175781,73.44999694824219,20264314,yfinance,False
2010-07-02,31.76710319519043,71.69999694824219,72.4000015258789,71.30000305175781,71.5,22057470,yfinance,False
2010-07-05,31.523426055908203,71.1500015258789,71.94999694824219,71.0999984741211,71.3499984741211,10541640,yfinance,False
2010-07-06,31.74493980407715,71.6500015258789,71.75,70.55000305175781,70.69999694824219,16561643,yfinance,False
2010-07-07,31.545564651489258,71.19999694824219,71.9000015258789,71.05000305175781,71.8499984741211,14406368,yfinance,False
2010-07-08,32.34307098388672,73.0,73.19999694824219,72.55000305175781,72.75,20412983,yfinance,False
2010-07-09,32.67536926269531,73.75,73.9000015258789,73.19999694824219,73.30000305175781,13199330,yfinance,False
2010-07-12,32.697505950927734,73.80000305175781,74.0,73.05000305175781,74.0,10242933,yfinance,False
2010-07-13,32.7418212890625,73.9000015258789,74.1500015258789,73.69999694824219,74.0,10497124,yfinance,False
2010-07-14,33.47286605834961,75.55000305175781,75.80000305175781,75.3499984741211,75.80000305175781,25705950,yfinance,False
2010-07-15,33.184871673583984,74.9000015258789,75.80000305175781,74.5999984741211,75.4000015258789,18881356,yfinance,False
2010-07-16,33.51715850830078,75.6500015258789,76.1500015258789,75.55000305175781,76.05000305175781,22608300,yfinance,False
2010-07-19,32.76396942138672,73.94999694824219,74.5,73.55000305175781,74.19999694824219,17295403,yfinance,False
2010-07-20,32.87474060058594,74.19999694824219,75.0999984741211,73.75,73.94999694824219,14015893,yfinance,False
2010-07-21,33.583648681640625,75.80000305175781,75.8499984741211,74.5999984741211,74.80000305175781,15894627,yfinance,False
2010-07-22,33.650081634521484,75.94999694824219,76.0,74.9000015258789,75.19999694824219,13234413,yfinance,False
2010-07-23,34.07099151611328,76.9000015258789,77.19999694824219,76.75,77.0999984741211,24261232,yfinance,False
2010-07-26,34.35896682739258,77.55000305175781,77.80000305175781,77.25,77.5,20644090,yfinance,False
2010-07-27,34.9349479675293,78.8499984741211,78.94999694824219,77.3499984741211,77.55000305175781,31145394,yfinance,False
2010-07-28,35.84321212768555,80.9000015258789,80.94999694824219,79.5,79.69999694824219,51654445,yfinance,False
2010-07-29,35.68813705444336,80.55000305175781,80.69999694824219,79.94999694824219,80.44999694824219,23293562,yfinance,False
2010-07-30,35.33369445800781,79.75,80.3499984741211,79.5999984741211,79.69999694824219,18029014,yfinance,False
2010-08-02,35.909671783447266,81.05000305175781,81.19999694824219,80.0,80.0,29516271,yfinance,False
2010-08-03,36.55210494995117,82.5,82.94999694824219,82.30000305175781,82.75,52872900,yfinance,False
2010-08-04,36.463504791259766,82.30000305175781,83.0,81.75,82.5,30013333,yfinance,False
2010-08-05,36.618553161621094,82.6500015258789,82.9000015258789,82.25,82.5,17201502,yfinance,False
2010-08-06,36.64072036743164,82.69999694824219,82.9000015258789,81.9000015258789,82.1500015258789,18518258,yfinance,False
2010-08-09,36.507808685302734,82.4000015258789,82.5,81.94999694824219,82.30000305175781,13271239,yfinance,False
2010-08-10,36.26411437988281,81.8499984741211,82.5999984741211,81.75,82.5999984741211,13086360,yfinance,False
2010-08-11,36.10905075073242,81.5,82.5,81.25,82.19999694824219,16260657,yfinance,False
2010-08-12,35.4444580078125,80.0,80.19999694824219,79.19999694824219,80.0,25155517,yfinance,False
2010-08-13,35.26725387573242,79.5999984741211,80.5999984741211,79.4000015258789,79.69999694824219,16032596,yfinance,False
2010-08-16,35.24509048461914,79.55000305175781,80.19999694824219,79.0,79.0,14136919,yfinance,False
2010-08-17,35.37800979614258,79.8499984741211,79.9000015258789,79.0,79.0,9932268,yfinance,False
2010-08-18,34.99215316772461,78.9000015258789,80.3499984741211,78.6500015258789,79.9000015258789,15006127,yfinance,False
2010-08-19,34.85911560058594,78.5999984741211,79.69999694824219,78.5,78.9000015258789,14127013,yfinance,False
2010-08-20,34.30473327636719,77.3499984741211,77.55000305175781,77.0999984741211,77.30000305175781,21961797,yfinance,False
2010-08-23,34.21603012084961,77.1500015258789,77.4000015258789,76.9000015258789,76.94999694824219,15158408,yfinance,False
2010-08-24,33.661643981933594,75.9000015258789,77.4000015258789,75.8499984741211,76.5,22906574,yfinance,False
2010-08-25,33.861228942871094,76.3499984741211,76.4000015258789,75.4000015258789,75.55000305175781,17103918,yfinance,False
2010-08-26,34.10516357421875,76.9000015258789,77.0999984741211,76.0,76.3499984741211,10723080,yfinance,False
2010-08-27,33.772525787353516,76.1500015258789,76.55000305175781,76.0,76.4000015258789,10403270,yfinance,False
2010-08-30,34.26038360595703,77.25,77.69999694824219,77.0,77.05000305175781,12764325,yfinance,False
2010-08-31,33.617332458496094,75.80000305175781,76.44999694824219,75.1500015258789,76.3499984741211,15146901,yfinance,False
2010-09-01,33.90559768676758,76.44999694824219,76.9000015258789,76.25,76.55000305175781,18809565,yfinance,False
2010-09-02,34.570823669433594,77.94999694824219,78.0999984741211,77.55000305175781,77.5999984741211,16693121,yfinance,False
2010-09-03,34.615177154541016,78.05000305175781,78.25,77.6500015258789,78.0,12758905,yfinance,False
2010-09-06,35.16957473754883,79.30000305175781,79.80000305175781,77.94999694824219,77.94999694824219,20591935,yfinance,False
2010-09-07,35.14738082885742,79.25,79.5,78.9000015258789,79.05000305175781,15716862,yfinance,False
2010-09-08,34.68170166015625,78.19999694824219,79.0999984741211,77.94999694824219,79.0,14562200,yfinance,False
2010-09-09,34.72605895996094,78.30000305175781,78.8499984741211,78.05000305175781,78.19999694824219,11315740,yfinance,False
2010-09-10,35.10303497314453,79.1500015258789,79.75,78.6500015258789,79.0999984741211,12619350,yfinance,False
2010-09-13,35.74611282348633,80.5999984741211,80.9000015258789,79.5,79.5999984741211,27139559,yfinance,False
2010-09-14,35.9456787109375,81.05000305175781,81.25,80.25,80.69999694824219,20907351,yfinance,False
2010-09-15,36.16742706298828,81.55000305175781,81.80000305175781,80.44999694824219,81.25,21265541,yfinance,False
2010-09-16,36.23396301269531,81.69999694824219,81.9000015258789,80.80000305175781,81.5999984741211,18274661,yfinance,False
2010-09-17,36.63311004638672,82.5999984741211,82.6500015258789,81.75,81.8499984741211,37856957,yfinance,False
2010-09-20,36.27831268310547,81.80000305175781,82.0999984741211,81.55000305175781,81.9000015258789,11506093,yfinance,False
2010-09-21,36.145267486572266,81.5,82.4000015258789,81.4000015258789,82.4000015258789,13082147,yfinance,False
2010-09-22,35.96785354614258,81.0999984741211,82.3499984741211,80.8499984741211,81.75,18739489,yfinance,False
2010-09-24,35.74611282348633,80.5999984741211,81.0999984741211,80.0,80.0,18923988,yfinance,False
2010-09-27,36.18960952758789,81.5999984741211,81.9000015258789,81.44999694824219,81.5999984741211,20506098,yfinance,False
2010-09-28,35.6352424621582,80.3499984741211,82.0,80.1500015258789,82.0,18066813,yfinance,False
2010-09-29,35.67958068847656,80.44999694824219,81.4000015258789,80.30000305175781,80.3499984741211,22206170,yfinance,False
2010-09-30,35.34696578979492,79.69999694824219,80.44999694824219,79.19999694824219,80.44999694824219,31379325,yfinance,False
2010-10-04,35.568702697753906,80.19999694824219,81.1500015258789,79.94999694824219,80.05000305175781,19575789,yfinance,False
2010-10-05,35.90132522583008,80.94999694824219,81.05000305175781,80.0,80.0,15579013,yfinance,False
2010-10-06,36.389190673828125,82.05000305175781,82.44999694824219,81.69999694824219,82.0,27348695,yfinance,False
2010-10-07,36.23396301269531,81.69999694824219,82.25,81.3499984741211,82.25,12921508,yfinance,False
2010-10-08,36.10091018676758,81.4000015258789,82.0999984741211,81.05000305175781,81.5,15014195,yfinance,False
2010-10-11,36.2117805480957,81.6500015258789,82.05000305175781,81.25,81.9000015258789,16253648,yfinance,False
2010-10-12,35.96785354614258,81.0999984741211,81.94999694824219,80.94999694824219,81.69999694824219,14935811,yfinance,False
2010-10-13,36.30048751831055,81.8499984741211,81.9000015258789,81.0,81.5,24095431,yfinance,False
2010-10-14,37.25401306152344,84.0,84.19999694824219,82.19999694824219,82.44999694824219,53249857,yfinance,False
2010-10-15,36.766151428222656,82.9000015258789,83.19999694824219,82.69999694824219,82.80000305175781,33989516,yfinance,False
2010-10-18,35.85698318481445,80.8499984741211,81.5,80.80000305175781,81.4000015258789,41769951,yfinance,False
2010-10-19,36.27831268310547,81.80000305175781,82.0,81.1500015258789,81.1500015258789,20498954,yfinance,False
2010-10-20,35.96785354614258,81.0999984741211,81.19999694824219,80.0999984741211,80.80000305175781,25792778,yfinance,False
2010-10-21,36.16742706298828,81.55000305175781,81.80000305175781,80.80000305175781,81.05000305175781,17922814,yfinance,False
2010-10-22,36.27831268310547,81.80000305175781,83.0,81.0,81.75,27487018,yfinance,False
2010-10-25,36.27831268310547,81.80000305175781,82.5,81.25,81.5,20201258,yfinance,False
2010-10-26,35.99003219604492,81.1500015258789,81.8499984741211,80.9000015258789,81.5999984741211,16434923,yfinance,False
2010-10-27,35.76827621459961,80.6500015258789,81.5,80.4000015258789,81.19999694824219,16622331,yfinance,False
2010-10-28,35.83481216430664,80.80000305175781,81.0999984741211,80.3499984741211,81.0999984741211,12299350,yfinance,False
2010-10-29,35.72392654418945,80.55000305175781,81.0999984741211,80.3499984741211,81.0999984741211,20020756,yfinance,False
2010-11-01,36.12309646606445,81.44999694824219,81.5999984741211,80.5999984741211,80.5999984741211,13495589,yfinance,False
2010-11-02,35.96785354614258,81.0999984741211,81.30000305175781,80.75,81.0999984741211,10741240,yfinance,False
2010-11-03,36.58876419067383,82.5,82.80000305175781,81.1500015258789,81.4000015258789,33585140,yfinance,False
2010-11-04,37.91925048828125,85.5,85.69999694824219,83.5999984741211,83.69999694824219,96073179,yfinance,False
2010-11-05,39.09453582763672,88.1500015258789,88.25,87.19999694824219,88.0,85764229,yfinance,False
2010-11-08,38.45146560668945,86.69999694824219,87.0999984741211,85.4000015258789,86.44999694824219,53686962,yfinance,False
2010-11-09,38.51797866821289,86.8499984741211,88.44999694824219,86.0,86.3499984741211,47899923,yfinance,False
2010-11-10,38.141014099121094,86.0,86.75,85.9000015258789,86.4000015258789,41300800,yfinance,False
2010-11-11,38.47364807128906,86.75,87.5,86.19999694824219,86.30000305175781,31221514,yfinance,False
2010-11-12,37.45357131958008,84.44999694824219,85.55000305175781,84.3499984741211,85.30000305175781,44708607,yfinance,False
2010-11-15,37.52009963989258,84.5999984741211,85.5,84.44999694824219,85.5,20890308,yfinance,False
2010-11-16,37.07661819458008,83.5999984741211,85.0999984741211,83.4000015258789,84.94999694824219,33209316,yfinance,False
2010-11-17,36.09109878540039,81.30000305175781,82.44999694824219,81.19999694824219,81.8499984741211,37316567,yfinance,False
2010-11-18,36.623802185058594,82.5,82.6500015258789,81.30000305175781,81.44999694824219,21108767,yfinance,False
2010-11-19,36.7791862487793,82.8499984741211,82.94999694824219,81.94999694824219,82.5,22446329,yfinance,False
2010-11-22,36.51282501220703,82.25,82.6500015258789,82.0,82.0,20495191,yfinance,False
2010-11-23,35.60277557373047,80.19999694824219,81.30000305175781,80.1500015258789,81.1500015258789,34869493,yfinance,False
2010-11-24,35.691566467285156,80.4000015258789,80.6500015258789,79.94999694824219,79.94999694824219,26859073,yfinance,False
2010-11-25,35.536190032958984,80.05000305175781,80.5,79.94999694824219,80.25,24050968,yfinance,False
2010-11-26,35.40300369262695,79.75,80.6500015258789,79.6500015258789,80.0999984741211,21054282,yfinance,False
2010-11-29,35.536190032958984,80.05000305175781,80.0999984741211,79.0999984741211,79.0999984741211,20219806,yfinance,False
2010-11-30,35.04786682128906,78.94999694824219,79.75,78.8499984741211,79.5,27131082,yfinance,False
2010-12-01,35.29204177856445,79.5,79.8499984741211,78.55000305175781,78.6500015258789,19524617,yfinance,False
2010-12-02,35.55837631225586,80.0999984741211,80.25,79.9000015258789,80.1500015258789,21322729,yfinance,False
2010-12-03,36.046695709228516,81.19999694824219,81.69999694824219,80.30000305175781,80.6500015258789,41471617,yfinance,False
2010-12-06,36.157684326171875,81.44999694824219,82.0999984741211,81.19999694824219,81.44999694824219,21326842,yfinance,False
2010-12-07,36.24646759033203,81.6500015258789,81.80000305175781,80.8499984741211,81.05000305175781,15408676,yfinance,False
2010-12-08,35.55837631225586,80.0999984741211,81.30000305175781,79.9000015258789,81.05000305175781,21058242,yfinance,False
2010-12-09,35.91352081298828,80.9000015258789,81.3499984741211,80.5999984741211,80.8499984741211,19637882,yfinance,False
2010-12-10,36.17987823486328,81.5,81.6500015258789,80.9000015258789,80.9000015258789,21310914,yfinance,False
2010-12-13,36.268672943115234,81.69999694824219,82.5,81.5,82.25,12334275,yfinance,False
2010-12-14,36.379634857177734,81.94999694824219,82.0,81.55000305175781,81.80000305175781,9323329,yfinance,False
2010-12-15,35.8691291809082,80.80000305175781,81.94999694824219,79.80000305175781,81.8499984741211,18348441,yfinance,False
2010-12-16,35.46958923339844,79.9000015258789,80.55000305175781,79.6500015258789,80.25,19601657,yfinance,False
2010-12-17,35.58058547973633,80.1500015258789,80.5,79.6500015258789,80.30000305175781,14185615,yfinance,False
2010-12-20,35.18104934692383,79.25,79.4000015258789,78.8499984741211,79.3499984741211,20676518,yfinance,False
2010-12-21,35.58058547973633,80.1500015258789,80.4000015258789,79.0999984741211,79.0999984741211,14191287,yfinance,False
2010-12-22,35.60277557373047,80.19999694824219,80.3499984741211,79.55000305175781,79.55000305175781,13154254,yfinance,False
2010-12-23,35.491790771484375,79.94999694824219,80.6500015258789,79.80000305175781,80.6500015258789,8791857,yfinance,False
2010-12-24,35.38080978393555,79.69999694824219,80.0,79.5999984741211,79.69999694824219,7307085,yfinance,False
2010-12-28,35.15884780883789,79.19999694824219,79.69999694824219,78.9000015258789,79.69999694824219,10954716,yfinance,False
2010-12-29,35.491790771484375,79.94999694824219,80.05000305175781,79.4000015258789,79.6500015258789,8340592,yfinance,False
2010-12-30,35.536190032958984,80.05000305175781,80.4000015258789,79.6500015258789,79.6500015258789,9347136,yfinance,False
2010-12-31,35.38080978393555,79.69999694824219,79.80000305175781,79.3499984741211,79.44999694824219,10262867,yfinance,False
2011-01-03,35.536190032958984,80.05000305175781,80.44999694824219,79.44999694824219,79.75,14119580,yfinance,False
2011-01-04,35.64717102050781,80.30000305175781,80.44999694824219,79.80000305175781,79.80000305175781,14060508,yfinance,False
2011-01-05,36.51282501220703,82.25,82.3499984741211,80.55000305175781,80.80000305175781,44631532,yfinance,False
2011-01-06,36.71259307861328,82.69999694824219,83.0999984741211,82.44999694824219,82.94999694824219,27712903,yfinance,False
2011-01-07,36.71259307861328,82.69999694824219,83.5999984741211,82.55000305175781,82.80000305175781,28182115,yfinance,False
2011-01-10,36.268672943115234,81.69999694824219,82.94999694824219,81.55000305175781,82.55000305175781,20843754,yfinance,False
2011-01-11,36.579402923583984,82.4000015258789,83.05000305175781,81.69999694824219,81.69999694824219,26128987,yfinance,False
2011-01-12,37.933372497558594,85.44999694824219,85.80000305175781,83.55000305175781,83.5999984741211,78328959,yfinance,False
2011-01-13,38.44389724731445,86.5999984741211,87.3499984741211,86.0999984741211,87.25,74038365,yfinance,False
2011-01-14,38.51049041748047,86.75,87.19999694824219,86.3499984741211,87.19999694824219,45098982,yfinance,False
2011-01-17,38.53268814086914,86.80000305175781,87.30000305175781,86.5,87.0999984741211,27782919,yfinance,False
2011-01-18,38.843441009521484,87.5,88.69999694824219,86.8499984741211,87.0,57694205,yfinance,False
2011-01-19,39.043212890625,87.94999694824219,88.3499984741211,87.44999694824219,88.3499984741211,30145000,yfinance,False
2011-01-20,38.2441291809082,86.1500015258789,87.0,86.0999984741211,86.94999694824219,34651373,yfinance,False
2011-01-21,38.35511016845703,86.4000015258789,86.75,85.9000015258789,86.19999694824219,26847671,yfinance,False
2011-01-24,38.46609115600586,86.6500015258789,86.80000305175781,85.75,86.5999984741211,18936392,yfinance,False
2011-01-25,38.554874420166016,86.8499984741211,87.5999984741211,86.6500015258789,87.0,18934447,yfinance,False
2011-01-26,38.17755126953125,86.0,86.55000305175781,85.30000305175781,86.3499984741211,26961410,yfinance,False
2011-01-27,38.06656265258789,85.75,86.25,85.3499984741211,85.5999984741211,21450801,yfinance,False
2011-01-28,38.22193908691406,86.0999984741211,86.75,85.80000305175781,86.19999694824219,22209363,yfinance,False
2011-01-31,37.62263488769531,84.75,85.0,84.3499984741211,84.6500015258789,27181702,yfinance,False
2011-02-01,37.86679458618164,85.30000305175781,85.4000015258789,84.69999694824219,85.1500015258789,12328126,yfinance,False
2011-02-02,38.665855407714844,87.0999984741211,87.0999984741211,86.05000305175781,86.30000305175781,20345780,yfinance,False
2011-02-07,39.065399169921875,88.0,88.5999984741211,87.94999694824219,88.0999984741211,50896212,yfinance,False
2011-02-08,39.42052459716797,88.80000305175781,89.25,88.0999984741211,88.75,49485226,yfinance,False
2011-02-09,39.82005310058594,89.69999694824219,90.05000305175781,89.1500015258789,89.69999694824219,59036260,yfinance,False
2011-02-10,39.64250946044922,89.30000305175781,90.3499984741211,88.6500015258789,90.30000305175781,51069644,yfinance,False
2011-02-11,39.37613296508789,88.69999694824219,89.25,87.55000305175781,89.19999694824219,39438478,yfinance,False
2011-02-14,39.487117767333984,88.94999694824219,89.19999694824219,88.25,89.0,27304593,yfinance,False
2011-02-15,38.843441009521484,87.5,88.1500015258789,87.4000015258789,87.6500015258789,21343306,yfinance,False
2011-02-16,39.464935302734375,88.9000015258789,88.94999694824219,87.75,88.0999984741211,24840261,yfinance,False
2011-02-17,40.28618240356445,90.75,90.80000305175781,89.5,90.1500015258789,57258199,yfinance,False
2011-02-18,40.730106353759766,91.75,91.9000015258789,91.0,91.5,50097727,yfinance,False
2011-02-21,40.2196044921875,90.5999984741211,91.19999694824219,90.25,90.9000015258789,16718626,yfinance,False
2011-02-22,39.17637634277344,88.25,89.05000305175781,88.1500015258789,89.05000305175781,27846211,yfinance,False
2011-02-23,39.531517028808594,89.05000305175781,89.4000015258789,87.69999694824219,88.0,26111246,yfinance,False
2011-02-24,38.68805694580078,87.1500015258789,88.75,87.0,88.19999694824219,24391938,yfinance,False
2011-02-25,39.531517028808594,89.05000305175781,89.5,87.69999694824219,87.69999694824219,28394592,yfinance,False
2011-02-28,40.13081359863281,90.4000015258789,90.5,88.69999694824219,88.69999694824219,32461601,yfinance,False
2011-03-01,38.06656265258789,85.75,86.3499984741211,85.5,85.75,98475308,yfinance,False
2011-03-02,37.24530029296875,83.9000015258789,84.30000305175781,83.30000305175781,83.55000305175781,67532450,yfinance,False
2011-03-03,37.378475189208984,84.19999694824219,84.69999694824219,84.0,84.0,32849083,yfinance,False
2011-03-04,37.24530029296875,83.9000015258789,84.80000305175781,83.8499984741211,84.5999984741211,40026038,yfinance,False
2011-03-07,36.89016342163086,83.0999984741211,83.44999694824219,82.9000015258789,83.0,44551728,yfinance,False
2011-03-08,37.733604431152344,85.0,85.3499984741211,83.30000305175781,83.4000015258789,48382774,yfinance,False
2011-03-09,37.667022705078125,84.8499984741211,85.05000305175781,84.5999984741211,84.6500015258789,26363219,yfinance,False
2011-03-10,37.15652084350586,83.69999694824219,84.5,83.55000305175781,84.5,29191118,yfinance,False
2011-03-11,36.7791862487793,82.8499984741211,83.44999694824219,82.5999984741211,83.0,43428358,yfinance,False
2011-03-14,36.845760345458984,83.0,83.5,82.4000015258789,82.4000015258789,23590597,yfinance,False
2011-03-15,35.9801025390625,81.05000305175781,82.30000305175781,80.5,82.19999694824219,75338651,yfinance,False
2011-03-16,35.7222785949707,80.3499984741211,81.1500015258789,80.0,81.0,44199764,yfinance,False
2011-03-17,35.09984588623047,78.94999694824219,79.25,78.0,78.5,45995024,yfinance,False
2011-03-18,35.3221321105957,79.44999694824219,79.69999694824219,79.05000305175781,79.05000305175781,30307593,yfinance,False
2011-03-21,35.744483947753906,80.4000015258789,80.8499984741211,79.6500015258789,79.6500015258789,41287112,yfinance,False
2011-03-22,35.85563278198242,80.6500015258789,81.0,80.30000305175781,80.5,22704456,yfinance,False
2011-03-23,35.63334655761719,80.1500015258789,80.5,80.0,80.19999694824219,20766098,yfinance,False
2011-03-24,35.65557098388672,80.19999694824219,80.75,80.05000305175781,80.5,27215217,yfinance,False
2011-03-25,36.54473876953125,82.19999694824219,82.30000305175781,81.1500015258789,81.19999694824219,52278959,yfinance,False
2011-03-28,36.45581817626953,82.0,82.1500015258789,81.25,81.30000305175781,42692820,yfinance,False
2011-03-29,36.2335205078125,81.5,82.0999984741211,81.19999694824219,81.19999694824219,16286145,yfinance,False
2011-03-30,36.45581817626953,82.0,82.5,81.3499984741211,81.4000015258789,33636169,yfinance,False
2011-03-31,36.34467697143555,81.75,82.30000305175781,81.5,82.0,20763154,yfinance,False
2011-04-01,36.2335205078125,81.5,81.6500015258789,80.55000305175781,80.94999694824219,29660233,yfinance,False
2011-04-04,36.54473876953125,82.19999694824219,82.44999694824219,81.6500015258789,81.55000305175781,29888316,yfinance,False
2011-04-06,36.92264175415039,83.05000305175781,83.5999984741211,82.05000305175781,82.19999694824219,45500781,yfinance,False
2011-04-07,37.478363037109375,84.30000305175781,84.4000015258789,83.5,83.69999694824219,39562719,yfinance,False
2011-04-08,37.85625076293945,85.1500015258789,85.25,84.55000305175781,84.5999984741211,40458062,yfinance,False
2011-04-11,37.522804260253906,84.4000015258789,84.9000015258789,83.94999694824219,84.75,25223364,yfinance,False
2011-04-12,37.21160888671875,83.69999694824219,84.19999694824219,83.4000015258789,84.0,23798801,yfinance,False
2011-04-13,37.27829360961914,83.8499984741211,84.19999694824219,83.19999694824219,83.30000305175781,19989166,yfinance,False
2011-04-14,37.189388275146484,83.6500015258789,83.75,82.94999694824219,82.94999694824219,8826082,yfinance,False
2011-04-15,36.94485855102539,83.0999984741211,84.1500015258789,83.0,83.5999984741211,15553747,yfinance,False
2011-04-18,36.58919143676758,82.30000305175781,83.4000015258789,82.25,83.0999984741211,17677556,yfinance,False
2011-04-19,36.277976989746094,81.5999984741211,81.9000015258789,81.3499984741211,81.80000305175781,20673330,yfinance,False
2011-04-20,36.85593795776367,82.9000015258789,83.0,82.0,82.44999694824219,22171678,yfinance,False
2011-04-21,37.367210388183594,84.05000305175781,84.25,83.30000305175781,83.4000015258789,26072970,yfinance,False
2011-04-26,37.34499740600586,84.0,84.3499984741211,83.30000305175781,83.55000305175781,17617864,yfinance,False
2011-04-27,37.25606155395508,83.80000305175781,84.75,83.6500015258789,84.6500015258789,13277375,yfinance,False
2011-04-28,37.545047760009766,84.44999694824219,85.3499984741211,84.25,85.0,44266850,yfinance,False
2011-04-29,37.45612716674805,84.25,84.9000015258789,84.19999694824219,84.5999984741211,16175033,yfinance,False
2011-05-03,37.50057601928711,84.3499984741211,85.0,83.80000305175781,84.0999984741211,16758877,yfinance,False
2011-05-04,37.322750091552734,83.94999694824219,84.44999694824219,83.69999694824219,84.44999694824219,17426187,yfinance,False
2011-05-05,37.27829360961914,83.8499984741211,84.30000305175781,83.5,83.5999984741211,18926104,yfinance,False
2011-05-06,36.767032623291016,82.69999694824219,83.19999694824219,82.6500015258789,82.94999694824219,24588502,yfinance,False
2011-05-09,37.34499740600586,84.0,84.05000305175781,83.19999694824219,83.19999694824219,23838681,yfinance,False
2011-05-11,36.83371353149414,82.8499984741211,83.9000015258789,82.44999694824219,83.05000305175781,33498177,yfinance,False
2011-05-12,36.36689758300781,81.80000305175781,82.0999984741211,81.55000305175781,82.0,27145932,yfinance,False
2011-05-13,36.92264175415039,83.05000305175781,83.19999694824219,81.55000305175781,81.9000015258789,18722884,yfinance,False
2011-05-16,36.36689758300781,81.80000305175781,81.94999694824219,81.55000305175781,81.55000305175781,20819317,yfinance,False
2011-05-17,36.12238311767578,81.25,81.3499984741211,80.75,81.0,25608170,yfinance,False
2011-05-18,35.962154388427734,80.80000305175781,81.3499984741211,80.69999694824219,80.69999694824219,17615007,yfinance,False
2011-05-19,35.85087966918945,80.55000305175781,80.80000305175781,80.25,80.6500015258789,23617817,yfinance,False
2011-05-20,36.0511589050293,81.0,81.1500015258789,80.75,80.75,11407399,yfinance,False
2011-05-23,35.361297607421875,79.44999694824219,80.19999694824219,79.30000305175781,80.0999984741211,41679210,yfinance,False
2011-05-24,35.20552444458008,79.0999984741211,79.4000015258789,78.80000305175781,79.0,30861980,yfinance,False
2011-05-25,35.0942497253418,78.8499984741211,78.94999694824219,78.19999694824219,78.5,34318043,yfinance,False
2011-05-26,35.672855377197266,80.1500015258789,80.30000305175781,79.30000305175781,79.3499984741211,23177323,yfinance,False
2011-05-27,35.89539337158203,80.6500015258789,80.9000015258789,79.80000305175781,80.05000305175781,17757327,yfinance,False
2011-05-30,35.89539337158203,80.6500015258789,80.94999694824219,80.55000305175781,80.80000305175781,8522767,yfinance,False
2011-05-31,36.496238708496094,82.0,82.1500015258789,81.0,81.0,26194789,yfinance,False
2011-06-01,36.273704528808594,81.5,82.05000305175781,81.44999694824219,81.6500015258789,17444934,yfinance,False
2011-06-02,35.60608673095703,80.0,80.3499984741211,79.8499984741211,80.25,32488497,yfinance,False
2011-06-03,35.784122467041016,80.4000015258789,80.5,79.9000015258789,80.25,24155281,yfinance,False
2011-06-07,35.71736526489258,80.25,80.25,79.55000305175781,79.5999984741211,16898939,yfinance,False
2011-06-08,35.33903884887695,79.4000015258789,79.69999694824219,79.1500015258789,79.5999984741211,23397739,yfinance,False
2011-06-09,35.2945442199707,79.30000305175781,79.4000015258789,78.69999694824219,78.9000015258789,22665068,yfinance,False
2011-06-10,35.04975509643555,78.75,79.5,78.5,79.5,20481864,yfinance,False
2011-06-13,35.07200241088867,78.80000305175781,78.80000305175781,78.0,78.1500015258789,18286779,yfinance,False
2011-06-14,35.18327331542969,79.05000305175781,79.5999984741211,78.4000015258789,78.4000015258789,15695118,yfinance,False
2011-06-15,34.73819351196289,78.05000305175781,78.75,78.0,78.69999694824219,31351098,yfinance,False
2011-06-16,34.2041015625,76.8499984741211,77.1500015258789,76.55000305175781,77.0,39911447,yfinance,False
2011-06-17,33.84804916381836,76.05000305175781,77.0,75.6500015258789,76.94999694824219,28924655,yfinance,False
2011-06-20,33.60325241088867,75.5,76.44999694824219,75.4000015258789,75.6500015258789,23611236,yfinance,False
2011-06-21,34.15959548950195,76.75,76.8499984741211,76.0,76.0,17065710,yfinance,False
2011-06-22,34.09283447265625,76.5999984741211,77.30000305175781,76.44999694824219,77.0,14069283,yfinance,False
2011-06-23,33.781272888183594,75.9000015258789,76.0999984741211,75.5999984741211,75.80000305175781,19475153,yfinance,False
2011-06-24,33.98155975341797,76.3499984741211,76.5999984741211,75.44999694824219,75.5999984741211,21543188,yfinance,False
2011-06-27,33.46973419189453,75.19999694824219,75.30000305175781,75.0,75.05000305175781,28499477,yfinance,False
2011-06-28,33.60325241088867,75.5,75.8499984741211,75.30000305175781,75.5999984741211,14246383,yfinance,False
2011-06-29,33.803531646728516,75.94999694824219,76.3499984741211,75.69999694824219,76.0,12762418,yfinance,False
2011-06-30,34.293121337890625,77.05000305175781,78.0,76.69999694824219,76.80000305175781,29147579,yfinance,False
2011-07-04,34.84946060180664,78.30000305175781,78.8499984741211,78.19999694824219,78.55000305175781,21790309,yfinance,False
2011-07-05,34.827205657958984,78.25,78.5,78.05000305175781,78.4000015258789,9380979,yfinance,False
2011-07-06,34.60466384887695,77.75,78.69999694824219,77.69999694824219,78.0999984741211,15144229,yfinance,False
2011-07-07,34.715938568115234,78.0,78.69999694824219,77.8499984741211,77.9000015258789,11666811,yfinance,False
2011-07-08,34.827205657958984,78.25,78.55000305175781,78.0,78.30000305175781,13671232,yfinance,False
2011-07-11,34.293121337890625,77.05000305175781,77.44999694824219,76.5999984741211,77.44999694824219,14200805,yfinance,False
2011-07-12,33.26945114135742,74.75,76.05000305175781,74.3499984741211,76.05000305175781,35295300,yfinance,False
2011-07-13,33.580997467041016,75.44999694824219,75.75,75.0,75.1500015258789,14581528,yfinance,False
2011-07-14,33.60325241088867,75.5,75.6500015258789,75.05000305175781,75.5999984741211,12480475,yfinance,False
2011-07-15,33.64775085449219,75.5999984741211,75.9000015258789,75.0999984741211,75.19999694824219,7498723,yfinance,False
2011-07-18,33.40296173095703,75.05000305175781,75.8499984741211,74.80000305175781,75.0,12878805,yfinance,False
2011-07-19,33.49198532104492,75.25,75.4000015258789,74.4000015258789,74.5,14568750,yfinance,False
2011-07-20,33.46973419189453,75.19999694824219,75.3499984741211,74.75,75.1500015258789,18478761,yfinance,False
2011-07-21,33.781272888183594,75.9000015258789,76.5999984741211,75.6500015258789,76.0,17678253,yfinance,False
2011-07-22,34.715938568115234,78.0,78.25,77.3499984741211,77.4000015258789,37932574,yfinance,False
2011-07-25,34.493408203125,77.5,77.69999694824219,76.9000015258789,76.9000015258789,10310796,yfinance,False
2011-07-26,34.69367980957031,77.94999694824219,78.1500015258789,77.0,77.0,13302966,yfinance,False
2011-07-27,34.44890213012695,77.4000015258789,78.05000305175781,77.25,77.55000305175781,13073678,yfinance,False
2011-07-28,34.4266471862793,77.3499984741211,77.4000015258789,76.3499984741211,76.55000305175781,17866285,yfinance,False
2011-07-29,34.070579528808594,76.55000305175781,77.3499984741211,76.4000015258789,77.0,14676021,yfinance,False
2011-08-01,34.24860382080078,76.94999694824219,78.19999694824219,76.9000015258789,77.5999984741211,17512325,yfinance,False
2011-08-02,34.67142868041992,77.9000015258789,78.5999984741211,77.30000305175781,77.30000305175781,43539932,yfinance,False
2011-08-03,34.2708625793457,77.0,77.05000305175781,76.0999984741211,76.9000015258789,29743076,yfinance,False
2011-08-04,33.892539978027344,76.1500015258789,77.0,75.75,77.0,19381284,yfinance,False
2011-08-05,32.35704040527344,72.69999694824219,73.30000305175781,72.19999694824219,72.8499984741211,66266123,yfinance,False
2011-08-08,31.867456436157227,71.5999984741211,72.05000305175781,69.8499984741211,70.80000305175781,42506584,yfinance,False
2011-08-09,29.553058624267578,66.4000015258789,69.5999984741211,65.0999984741211,66.44999694824219,83337957,yfinance,False
2011-08-10,30.71024513244629,69.0,69.80000305175781,68.5999984741211,69.0,24104131,yfinance,False
2011-08-11,29.82010269165039,67.0,67.9000015258789,65.5,65.75,59944043,yfinance,False
2011-08-12,29.886863708496094,67.1500015258789,68.5,67.0,68.30000305175781,28275742,yfinance,False
2011-08-15,31.066312789916992,69.80000305175781,70.3499984741211,69.4000015258789,69.9000015258789,31213915,yfinance,False
2011-08-16,30.75476837158203,69.0999984741211,69.9000015258789,68.80000305175781,69.0,21408263,yfinance,False
2011-08-17,31.227615356445312,69.44999694824219,69.9000015258789,69.19999694824219,69.5999984741211,19143858,yfinance,False
2011-08-18,30.598115921020508,68.05000305175781,69.44999694824219,68.0,68.44999694824219,21078552,yfinance,False
2011-08-19,29.316640853881836,65.19999694824219,66.3499984741211,65.0999984741211,65.5,42854106,yfinance,False
2011-08-22,29.90116310119629,66.5,66.6500015258789,65.0,65.05000305175781,25470641,yfinance,False
2011-08-23,30.193437576293945,67.1500015258789,67.19999694824219,65.5,65.75,14574239,yfinance,False
2011-08-24,29.384084701538086,65.3499984741211,66.80000305175781,65.30000305175781,66.5,16578406,yfinance,False
2011-08-25,29.63138771057129,65.9000015258789,66.0999984741211,65.5,65.6500015258789,14754921,yfinance,False
2011-08-26,29.24918556213379,65.05000305175781,66.0999984741211,64.9000015258789,65.55000305175781,13125317,yfinance,False
2011-08-29,29.451528549194336,65.5,65.9000015258789,64.94999694824219,65.05000305175781,12300495,yfinance,False
2011-08-30,29.878684997558594,66.44999694824219,66.9000015258789,66.05000305175781,66.44999694824219,13487096,yfinance,False
2011-08-31,30.238399505615234,67.25,67.4000015258789,66.3499984741211,66.5,14878171,yfinance,False
2011-09-01,30.30585479736328,67.4000015258789,68.6500015258789,67.30000305175781,67.94999694824219,23802627,yfinance,False
2011-09-02,30.193437576293945,67.1500015258789,67.30000305175781,66.5,66.5,23313000,yfinance,False
2011-09-05,29.361604690551758,65.30000305175781,65.94999694824219,65.0999984741211,65.55000305175781,22743904,yfinance,False
2011-09-06,28.82202911376953,64.0999984741211,64.25,63.0,63.45000076293945,34264044,yfinance,False
2011-09-07,29.046855926513672,64.5999984741211,64.80000305175781,64.0999984741211,64.25,15846487,yfinance,False
2011-09-08,29.0693416595459,64.6500015258789,65.30000305175781,64.25,65.30000305175781,12263848,yfinance,False
2011-09-09,29.204219818115234,64.94999694824219,65.55000305175781,64.69999694824219,65.05000305175781,18211746,yfinance,False
2011-09-12,27.607999801635742,61.400001525878906,62.349998474121094,61.150001525878906,62.0,36563078,yfinance,False
2011-09-14,27.7653751373291,61.75,62.150001525878906,60.29999923706055,61.599998474121094,24343246,yfinance,False
2011-09-15,28.170045852661133,62.650001525878906,62.79999923706055,61.45000076293945,62.20000076293945,18823374,yfinance,False
2011-09-16,29.046855926513672,64.5999984741211,65.4000015258789,64.3499984741211,64.3499984741211,25107707,yfinance,False
2011-09-19,28.282461166381836,62.900001525878906,64.0,62.650001525878906,63.599998474121094,16274245,yfinance,False
2011-09-20,28.5522518157959,63.5,63.70000076293945,62.599998474121094,62.95000076293945,23982682,yfinance,False
2011-09-21,28.282461166381836,62.900001525878906,63.54999923706055,62.650001525878906,63.20000076293945,15251907,yfinance,False
2011-09-22,27.270771026611328,60.650001525878906,61.29999923706055,60.5,60.900001525878906,34190376,yfinance,False
2011-09-23,26.753671646118164,59.5,60.0,58.849998474121094,59.20000076293945,39300814,yfinance,False
2011-09-26,26.77616310119629,59.54999923706055,60.0,57.400001525878906,59.470001220703125,31899863,yfinance,False
2011-09-27,27.742883682250977,61.70000076293945,61.79999923706055,60.5,61.099998474121094,25597952,yfinance,False
2011-09-28,27.900266647338867,62.04999923706055,62.5,61.45000076293945,62.25,33168736,yfinance,False
2011-09-30,27.383180618286133,60.900001525878906,62.5,60.5,62.29999923706055,23553529,yfinance,False
2011-10-03,26.21410369873047,58.29999923706055,59.04999923706055,58.0,58.54999923706055,29682170,yfinance,False
2011-10-04,25.562129974365234,56.849998474121094,58.849998474121094,56.349998474121094,58.0,29013910,yfinance,False
2011-10-06,26.66375160217285,59.29999923706055,59.400001525878906,57.54999923706055,58.25,29335630,yfinance,False
2011-10-07,27.720399856567383,61.650001525878906,61.79999923706055,61.099998474121094,61.099998474121094,27697128,yfinance,False
2011-10-10,27.697921752929688,61.599998474121094,62.400001525878906,60.5,62.400001525878906,22572725,yfinance,False
2011-10-11,28.192522048950195,62.70000076293945,63.79999923706055,62.5,63.20000076293945,23238268,yfinance,False
2011-10-12,28.147565841674805,62.599998474121094,62.650001525878906,61.20000076293945,61.75,20088722,yfinance,False
2011-10-13,29.0693416595459,64.6500015258789,64.75,63.79999923706055,64.75,37060463,yfinance,False
2011-10-14,28.642183303833008,63.70000076293945,64.3499984741211,63.099998474121094,63.70000076293945,11658890,yfinance,False
2011-10-17,29.204219818115234,64.94999694824219,65.0,64.3499984741211,64.94999694824219,12509602,yfinance,False
2011-10-18,28.259977340698242,62.849998474121094,63.900001525878906,62.45000076293945,63.75,15581187,yfinance,False
2011-10-19,28.73210334777832,63.900001525878906,64.4000015258789,63.5,64.4000015258789,12122756,yfinance,False
2011-10-20,28.304946899414062,62.95000076293945,63.70000076293945,62.20000076293945,63.70000076293945,9784777,yfinance,False
2011-10-21,28.37238121032715,63.099998474121094,63.599998474121094,62.900001525878906,63.04999923706055,6755283,yfinance,False
2011-10-24,29.24918556213379,65.05000305175781,65.19999694824219,64.0,64.0,17331539,yfinance,False
2011-10-25,29.40656089782715,65.4000015258789,65.69999694824219,64.80000305175781,65.05000305175781,13710276,yfinance,False
2011-10-26,29.563940048217773,65.75,65.94999694824219,64.5999984741211,64.69999694824219,10467419,yfinance,False
2011-10-27,30.26087760925293,67.30000305175781,67.4000015258789,65.55000305175781,65.55000305175781,23845979,yfinance,False
2011-10-28,31.519886016845703,70.0999984741211,70.19999694824219,68.69999694824219,69.4000015258789,49330415,yfinance,False
2011-10-31,31.429943084716797,69.9000015258789,70.8499984741211,69.1500015258789,70.25,20747536,yfinance,False
2011-11-01,30.215911865234375,67.19999694824219,68.44999694824219,67.05000305175781,68.0,25444454,yfinance,False
2011-11-02,30.328332901000977,67.44999694824219,67.8499984741211,65.5,65.94999694824219,21098105,yfinance,False
2011-11-03,29.451528549194336,65.5,66.44999694824219,65.05000305175781,66.0,22650432,yfinance,False
2011-11-04,30.395784378051758,67.5999984741211,68.0,67.19999694824219,67.69999694824219,13864608,yfinance,False
2011-11-07,30.081039428710938,66.9000015258789,68.25,66.75,67.3499984741211,12100385,yfinance,False
2011-11-08,30.10350799560547,66.94999694824219,67.94999694824219,66.8499984741211,67.30000305175781,9366013,yfinance,False
2011-11-09,30.53066062927246,67.9000015258789,68.69999694824219,67.5999984741211,68.3499984741211,11606805,yfinance,False
2011-11-10,27.742883682250977,61.70000076293945,62.900001525878906,61.650001525878906,62.349998474121094,49617219,yfinance,False
2011-11-11,27.810335159301758,61.849998474121094,62.25,61.54999923706055,61.79999923706055,16582332,yfinance,False
2011-11-14,28.439842224121094,63.25,63.650001525878906,63.099998474121094,63.5,16728304,yfinance,False
2011-11-15,27.900266647338867,62.04999923706055,62.45000076293945,61.900001525878906,62.20000076293945,12489079,yfinance,False
2011-11-16,27.31573486328125,60.75,62.099998474121094,60.349998474121094,62.099998474121094,22033544,yfinance,False
2011-11-17,27.090917587280273,60.25,60.900001525878906,59.75,59.79999923706055,14479237,yfinance,False
2011-11-18,26.64127540588379,59.25,59.29999923706055,58.400001525878906,58.900001525878906,17386485,yfinance,False
2011-11-21,26.41645050048828,58.75,59.20000076293945,58.099998474121094,58.650001525878906,11295892,yfinance,False
2011-11-22,26.21410369873047,58.29999923706055,58.45000076293945,57.650001525878906,57.79999923706055,18049643,yfinance,False
2011-11-23,25.963281631469727,57.04999923706055,57.349998474121094,56.75,57.0,13384798,yfinance,False
2011-11-24,25.963281631469727,57.04999923706055,57.04999923706055,56.20000076293945,56.25,14620368,yfinance,False
2011-11-25,25.53093719482422,56.099998474121094,56.349998474121094,56.0,56.04999923706055,11378461,yfinance,False
2011-11-28,25.986038208007812,57.099998474121094,57.70000076293945,56.95000076293945,57.400001525878906,8541647,yfinance,False
2011-11-29,26.691436767578125,58.650001525878906,59.20000076293945,58.150001525878906,58.79999923706055,24044835,yfinance,False
2011-11-30,26.145313262939453,57.45000076293945,58.599998474121094,57.099998474121094,58.54999923706055,17531959,yfinance,False
2011-12-01,27.601634979248047,60.650001525878906,61.099998474121094,60.599998474121094,60.75,26495896,yfinance,False
2011-12-02,28.033977508544922,61.599998474121094,61.75,60.099998474121094,60.099998474121094,20228993,yfinance,False
2011-12-05,28.375293731689453,62.349998474121094,62.45000076293945,61.5,61.75,15685471,yfinance,False
2011-12-06,28.079479217529297,61.70000076293945,62.150001525878906,61.25,62.099998474121094,15060654,yfinance,False
2011-12-07,28.625600814819336,62.900001525878906,63.0,61.54999923706055,62.0,16349634,yfinance,False
2011-12-08,28.375293731689453,62.349998474121094,62.5,61.599998474121094,62.0,9658179,yfinance,False
2011-12-09,27.32857322692871,60.04999923706055,61.04999923706055,59.70000076293945,60.5,13594275,yfinance,False
2011-12-12,27.351337432861328,60.099998474121094,61.70000076293945,59.95000076293945,61.349998474121094,12489339,yfinance,False
2011-12-13,27.19203758239746,59.75,59.900001525878906,58.95000076293945,59.0,8606271,yfinance,False
2011-12-14,26.714181900024414,58.70000076293945,59.099998474121094,58.54999923706055,58.95000076293945,12249117,yfinance,False
2011-12-15,26.350112915039062,57.900001525878906,58.099998474121094,57.04999923706055,57.95000076293945,19405364,yfinance,False
2011-12-16,26.782453536987305,58.849998474121094,59.150001525878906,58.04999923706055,58.04999923706055,8182269,yfinance,False
2011-12-19,26.236345291137695,57.650001525878906,57.79999923706055,57.04999923706055,57.5,12544327,yfinance,False
2011-12-20,26.259098052978516,57.70000076293945,58.349998474121094,57.349998474121094,57.5,7351250,yfinance,False
2011-12-21,26.918983459472656,59.150001525878906,59.29999923706055,58.900001525878906,59.29999923706055,10626003,yfinance,False
2011-12-22,26.827960968017578,58.95000076293945,59.099998474121094,58.650001525878906,58.849998474121094,4122823,yfinance,False
2011-12-23,27.21479606628418,59.79999923706055,60.0,59.099998474121094,59.70000076293945,8736531,yfinance,False
2011-12-28,26.94173240661621,59.20000076293945,59.70000076293945,59.0,59.70000076293945,6393934,yfinance,False
2011-12-29,26.57766342163086,58.400001525878906,58.79999923706055,58.25,58.79999923706055,10558212,yfinance,False
2011-12-30,26.85072898864746,59.0,59.25,58.900001525878906,59.099998474121094,6706556,yfinance,False
2012-01-03,27.556121826171875,60.54999923706055,60.75,59.599998474121094,60.0,16392714,yfinance,False
2012-01-04,27.51060676574707,60.45000076293945,61.150001525878906,60.29999923706055,60.849998474121094,13408988,yfinance,False
2012-01-05,27.624387741088867,60.70000076293945,60.79999923706055,60.5,60.599998474121094,6568742,yfinance,False
2012-01-06,27.078262329101562,59.5,60.150001525878906,59.150001525878906,60.150001525878906,9611830,yfinance,False
2012-01-09,27.419593811035156,60.25,60.54999923706055,58.54999923706055,59.400001525878906,12912340,yfinance,False
2012-01-10,27.237548828125,59.849998474121094,60.5,59.54999923706055,59.70000076293945,16659851,yfinance,False
2012-01-11,27.51060676574707,60.45000076293945,60.5,60.04999923706055,60.5,8311625,yfinance,False
2012-01-12,27.169288635253906,59.70000076293945,60.849998474121094,59.650001525878906,60.0,15099200,yfinance,False
2012-01-13,27.32857322692871,60.04999923706055,60.400001525878906,59.599998474121094,59.900001525878906,8986100,yfinance,False
2012-01-16,27.146528244018555,59.650001525878906,60.0,59.5,60.0,8495000,yfinance,False
2012-01-17,28.033977508544922,61.599998474121094,61.70000076293945,60.20000076293945,60.20000076293945,18057500,yfinance,False
2012-01-18,28.19325065612793,61.95000076293945,62.150001525878906,61.400001525878906,61.599998474121094,15309000,yfinance,False
2012-01-19,28.329788208007812,62.25,62.70000076293945,62.0,62.599998474121094,14799500,yfinance,False
2012-01-20,29.376510620117188,64.55000305175781,64.80000305175781,63.849998474121094,64.19999694824219,40557200,yfinance,False
2012-01-26,29.60405921936035,65.05000305175781,65.30000305175781,64.44999694824219,65.25,20859800,yfinance,False
2012-01-27,29.877113342285156,65.6500015258789,66.05000305175781,65.0999984741211,65.19999694824219,19857500,yfinance,False
2012-01-30,29.581302642822266,65.0,65.94999694824219,64.94999694824219,65.9000015258789,16926700,yfinance,False
2012-01-31,29.60405921936035,65.05000305175781,65.69999694824219,64.75,65.0,22171900,yfinance,False
2012-02-01,29.513042449951172,64.8499984741211,65.30000305175781,64.55000305175781,64.80000305175781,7876800,yfinance,False
2012-02-02,30.468740463256836,66.94999694824219,67.1500015258789,66.30000305175781,66.44999694824219,25365400,yfinance,False
2012-02-03,30.44599151611328,66.9000015258789,66.9000015258789,66.44999694824219,66.80000305175781,6098100,yfinance,False
2012-02-06,30.878326416015625,67.8499984741211,68.69999694824219,67.5999984741211,68.3499984741211,22489800,yfinance,False
2012-02-07,31.128637313842773,68.4000015258789,68.5,67.94999694824219,68.25,15449600,yfinance,False
2012-02-08,31.720258712768555,69.69999694824219,69.69999694824219,68.75,69.0,20538600,yfinance,False
2012-02-09,31.538223266601562,69.30000305175781,69.80000305175781,68.8499984741211,69.0,15888700,yfinance,False
2012-02-10,31.492692947387695,69.19999694824219,69.69999694824219,68.80000305175781,69.69999694824219,12707814,yfinance,False
2012-02-13,31.33342933654785,68.8499984741211,69.25,68.30000305175781,68.3499984741211,10392099,yfinance,False
2012-02-14,31.174148559570312,68.5,69.0,68.30000305175781,68.30000305175781,10618672,yfinance,False
2012-02-15,31.74300193786621,69.75,69.94999694824219,68.25,68.4000015258789,20311245,yfinance,False
2012-02-16,31.33342933654785,68.8499984741211,69.80000305175781,68.8499984741211,69.30000305175781,8371079,yfinance,False
2012-02-17,32.08433532714844,70.5,70.69999694824219,70.0999984741211,70.19999694824219,20926906,yfinance,False
2012-02-20,32.24361801147461,70.8499984741211,71.55000305175781,70.75,71.4000015258789,16912619,yfinance,False
2012-02-21,32.607696533203125,71.6500015258789,71.80000305175781,71.0,71.1500015258789,15852972,yfinance,False
2012-02-22,32.425662994384766,71.25,71.3499984741211,70.44999694824219,70.5999984741211,15234506,yfinance,False
2012-02-23,31.902299880981445,70.0999984741211,70.44999694824219,69.80000305175781,70.0999984741211,17278128,yfinance,False
2012-02-24,32.06158447265625,70.44999694824219,71.19999694824219,70.3499984741211,70.5,15512881,yfinance,False
2012-02-27,31.651996612548828,69.55000305175781,71.19999694824219,69.1500015258789,70.5,22372378,yfinance,False
2012-02-28,31.46994400024414,69.1500015258789,69.4000015258789,68.1500015258789,68.80000305175781,40711097,yfinance,False
2012-02-29,31.85678482055664,70.0,70.69999694824219,69.30000305175781,69.30000305175781,23134212,yfinance,False
2012-03-01,31.492692947387695,69.19999694824219,69.69999694824219,69.0,69.0999984741211,33927623,yfinance,False
2012-03-02,32.03882598876953,70.4000015258789,70.4000015258789,69.80000305175781,70.0,15100524,yfinance,False
2012-03-05,31.58373260498047,69.4000015258789,70.0,69.05000305175781,69.5999984741211,13046635,yfinance,False
2012-03-06,31.310670852661133,68.80000305175781,69.30000305175781,68.5,68.75,23936165,yfinance,False
2012-03-07,30.83281898498535,67.75,68.0,67.30000305175781,67.30000305175781,25050459,yfinance,False
2012-03-08,30.787309646606445,67.6500015258789,67.8499984741211,67.30000305175781,67.69999694824219,20096020,yfinance,False
2012-03-09,31.10586929321289,68.3499984741211,68.8499984741211,67.8499984741211,67.94999694824219,14622795,yfinance,False
2012-03-12,30.92384147644043,67.94999694824219,68.1500015258789,67.30000305175781,67.69999694824219,17138065,yfinance,False
2012-03-13,31.310670852661133,68.80000305175781,68.94999694824219,67.8499984741211,68.1500015258789,27815135,yfinance,False
2012-03-14,32.044273376464844,69.30000305175781,70.5,69.19999694824219,69.55000305175781,41450101,yfinance,False
2012-03-15,32.48353958129883,70.25,70.44999694824219,69.9000015258789,69.94999694824219,25627867,yfinance,False
2012-03-16,32.39106750488281,70.05000305175781,70.4000015258789,69.9000015258789,70.0,9391248,yfinance,False
2012-03-20,32.367942810058594,70.0,71.0,69.80000305175781,71.0,26670354,yfinance,False
2012-03-21,32.39106750488281,70.05000305175781,70.30000305175781,69.5,70.0999984741211,10470595,yfinance,False
2012-03-22,32.367942810058594,70.0,70.05000305175781,69.4000015258789,70.0,8165872,yfinance,False
2012-03-23,31.951791763305664,69.0999984741211,69.44999694824219,68.80000305175781,69.19999694824219,11957167,yfinance,False
2012-03-26,31.859304428100586,68.9000015258789,69.30000305175781,68.5999984741211,69.0999984741211,7199183,yfinance,False
2012-03-27,32.367942810058594,70.0,70.75,69.75,69.9000015258789,19972689,yfinance,False
2012-03-28,32.182979583740234,69.5999984741211,70.3499984741211,69.69999694824219,70.0,12157989,yfinance,False
2012-03-29,32.044273376464844,69.30000305175781,69.44999694824219,69.0,69.30000305175781,14091018,yfinance,False
2012-03-30,31.604978561401367,68.3499984741211,68.75,68.0999984741211,68.0999984741211,16808315,yfinance,False
2012-04-02,31.766820907592773,68.69999694824219,69.0999984741211,68.30000305175781,68.80000305175781,14019208,yfinance,False
2012-04-03,32.15986633300781,69.55000305175781,69.75,68.75,69.05000305175781,15192299,yfinance,False
2012-04-05,31.813066482543945,68.80000305175781,69.0999984741211,68.44999694824219,69.0,11000498,yfinance,False
2012-04-10,31.23505973815918,67.55000305175781,68.05000305175781,67.5,67.80000305175781,12060211,yfinance,False
2012-04-11,30.68018341064453,66.3499984741211,66.80000305175781,65.94999694824219,66.05000305175781,18571399,yfinance,False
2012-04-12,30.74955177307129,66.5,67.1500015258789,66.25,66.4000015258789,15382913,yfinance,False
2012-04-13,31.396907806396484,67.9000015258789,68.0,67.55000305175781,67.9000015258789,14168486,yfinance,False
2012-04-16,30.957618713378906,66.94999694824219,67.1500015258789,66.4000015258789,66.5,12116558,yfinance,False
2012-04-17,31.07322120666504,67.19999694824219,67.19999694824219,66.30000305175781,66.5999984741211,14704542,yfinance,False
2012-04-18,31.604978561401367,68.3499984741211,68.44999694824219,68.0999984741211,68.19999694824219,14254784,yfinance,False
2012-04-19,31.998018264770508,69.19999694824219,69.30000305175781,68.44999694824219,68.44999694824219,11354193,yfinance,False
2012-04-20,32.09050369262695,69.4000015258789,69.5999984741211,68.80000305175781,68.80000305175781,9597453,yfinance,False
2012-04-23,31.55875587463379,68.25,69.55000305175781,68.0999984741211,69.44999694824219,9444309,yfinance,False
2012-04-24,31.72059440612793,68.5999984741211,68.8499984741211,68.0,68.30000305175781,8031205,yfinance,False
2012-04-25,31.951791763305664,69.0999984741211,69.4000015258789,69.0,69.3499984741211,9918370,yfinance,False
2012-04-26,32.298580169677734,69.8499984741211,70.0,69.3499984741211,69.3499984741211,15254142,yfinance,False
2012-04-27,32.11363220214844,69.44999694824219,70.0,68.94999694824219,70.0,16484269,yfinance,False
2012-04-30,32.69161605834961,70.69999694824219,70.80000305175781,70.25,70.25,20075076,yfinance,False
2012-05-02,32.969058990478516,71.30000305175781,71.5999984741211,70.9000015258789,71.0,19930331,yfinance,False
2012-05-03,33.13090133666992,71.6500015258789,71.6500015258789,70.80000305175781,70.94999694824219,14448793,yfinance,False
2012-05-04,32.71472930908203,70.75,71.3499984741211,70.55000305175781,70.69999694824219,9879508,yfinance,False
2012-05-07,31.789941787719727,68.75,69.0999984741211,68.5,69.0,16558706,yfinance,False
2012-05-08,31.928667068481445,69.05000305175781,69.9000015258789,68.75,69.5999984741211,13994847,yfinance,False
2012-05-09,32.13674545288086,69.5,69.6500015258789,69.0,69.0999984741211,14941903,yfinance,False
2012-05-10,31.951791763305664,69.0999984741211,69.30000305175781,68.0999984741211,69.30000305175781,14140934,yfinance,False
2012-05-11,31.62810707092285,68.4000015258789,69.0999984741211,67.94999694824219,69.0999984741211,20418694,yfinance,False
2012-05-14,31.304414749145508,67.69999694824219,68.75,67.5999984741211,68.5999984741211,15497604,yfinance,False
2012-05-15,31.813066482543945,68.80000305175781,68.94999694824219,67.75,67.75,13774799,yfinance,False
2012-05-16,31.041505813598633,66.44999694824219,67.44999694824219,66.19999694824219,67.4000015258789,25381600,yfinance,False
2012-05-17,30.737871170043945,65.80000305175781,67.05000305175781,65.55000305175781,66.3499984741211,21789800,yfinance,False
2012-05-18,29.780231475830078,63.75,64.0,62.599998474121094,63.0,37233675,yfinance,False
2012-05-21,29.476594924926758,63.099998474121094,63.29999923706055,62.54999923706055,63.20000076293945,17278583,yfinance,False
2012-05-22,29.6634464263916,63.5,63.95000076293945,63.20000076293945,63.400001525878906,16571190,yfinance,False
2012-05-23,29.313091278076172,62.75,63.349998474121094,62.45000076293945,63.099998474121094,22617207,yfinance,False
2012-05-24,29.032798767089844,62.150001525878906,62.79999923706055,62.04999923706055,62.25,13365918,yfinance,False
2012-05-25,29.28972625732422,62.70000076293945,63.099998474121094,62.5,62.900001525878906,12062912,yfinance,False
2012-05-28,29.336441040039062,62.79999923706055,63.20000076293945,62.599998474121094,62.95000076293945,10270540,yfinance,False
2012-05-29,29.42987060546875,63.0,63.04999923706055,62.099998474121094,62.25,12317431,yfinance,False
2012-05-30,28.612375259399414,61.25,62.349998474121094,61.099998474121094,62.349998474121094,28183375,yfinance,False
2012-05-31,28.612375259399414,61.25,61.45000076293945,60.25,60.79999923706055,17172125,yfinance,False
2012-06-01,28.425519943237305,60.849998474121094,61.25,60.5,60.5,26204161,yfinance,False
2012-06-04,28.098522186279297,60.150001525878906,60.400001525878906,59.79999923706055,60.0,20231955,yfinance,False
2012-06-05,28.19194793701172,60.349998474121094,60.900001525878906,60.0,60.70000076293945,8218673,yfinance,False
2012-06-06,28.916032791137695,61.900001525878906,62.0,61.0,61.0,11996067,yfinance,False
2012-06-07,29.523303985595703,63.20000076293945,63.95000076293945,63.04999923706055,63.599998474121094,20153186,yfinance,False
2012-06-08,29.42987060546875,63.0,63.95000076293945,62.849998474121094,63.95000076293945,16305800,yfinance,False
2012-06-11,30.294082641601562,64.8499984741211,65.05000305175781,64.55000305175781,65.0,15718697,yfinance,False
2012-06-12,30.06051254272461,64.3499984741211,64.55000305175781,63.70000076293945,63.70000076293945,7418291,yfinance,False
2012-06-13,30.55101776123047,65.4000015258789,65.5,64.6500015258789,65.0,18141614,yfinance,False
2012-06-14,30.48094940185547,65.25,65.5999984741211,65.1500015258789,65.19999694824219,13937301,yfinance,False
2012-06-15,31.205013275146484,66.80000305175781,66.9000015258789,65.55000305175781,65.55000305175781,21033570,yfinance,False
2012-06-18,31.508649826049805,67.44999694824219,68.05000305175781,67.0999984741211,67.5999984741211,18472847,yfinance,False
2012-06-19,31.251726150512695,66.9000015258789,67.1500015258789,66.4000015258789,66.69999694824219,18053654,yfinance,False
2012-06-20,31.97579002380371,68.44999694824219,68.75,67.94999694824219,68.30000305175781,29868820,yfinance,False
2012-06-21,31.882368087768555,68.25,68.9000015258789,67.94999694824219,68.9000015258789,20756951,yfinance,False
2012-06-22,31.508649826049805,67.44999694824219,67.75,67.19999694824219,67.30000305175781,12998054,yfinance,False
2012-06-25,31.672155380249023,67.80000305175781,68.0999984741211,67.55000305175781,67.9000015258789,19175943,yfinance,False
2012-06-26,31.8590145111084,68.19999694824219,68.30000305175781,67.30000305175781,67.3499984741211,14740719,yfinance,False
2012-06-27,31.95244026184082,68.4000015258789,68.69999694824219,67.6500015258789,67.6500015258789,12794227,yfinance,False
2012-06-28,31.835647583007812,68.1500015258789,69.19999694824219,68.05000305175781,69.05000305175781,20350490,yfinance,False
2012-06-29,32.02250289916992,68.55000305175781,69.4000015258789,67.19999694824219,67.4000015258789,30881138,yfinance,False
2012-07-03,32.46629333496094,69.5,69.5,69.0,69.4000015258789,14337261,yfinance,False
2012-07-04,32.045875549316406,68.5999984741211,69.4000015258789,68.19999694824219,69.30000305175781,8574986,yfinance,False
2012-07-05,32.2093620300293,68.94999694824219,69.1500015258789,68.25,68.5,9944714,yfinance,False
2012-07-06,31.97579002380371,68.44999694824219,68.75,68.1500015258789,68.4000015258789,11286616,yfinance,False
2012-07-09,31.625446319580078,67.69999694824219,68.5,67.6500015258789,68.19999694824219,7175613,yfinance,False
2012-07-10,31.6487979888916,67.75,68.4000015258789,67.69999694824219,68.4000015258789,7151796,yfinance,False
2012-07-11,31.812286376953125,68.0999984741211,68.25,67.55000305175781,67.75,6485365,yfinance,False
2012-07-12,31.345157623291016,67.0999984741211,68.5,66.9000015258789,68.5,11839167,yfinance,False
2012-07-13,31.08823585510254,66.55000305175781,66.69999694824219,66.05000305175781,66.3499984741211,13622212,yfinance,False
2012-07-16,31.345157623291016,67.0999984741211,67.44999694824219,66.8499984741211,67.4000015258789,9435782,yfinance,False
2012-07-17,31.742212295532227,67.94999694824219,68.4000015258789,67.1500015258789,67.1500015258789,11613884,yfinance,False
2012-07-18,31.08823585510254,66.55000305175781,67.0,66.1500015258789,66.94999694824219,16085141,yfinance,False
2012-07-19,31.251726150512695,66.9000015258789,67.69999694824219,66.55000305175781,66.69999694824219,20663082,yfinance,False
2012-07-20,31.251726150512695,66.9000015258789,67.19999694824219,66.4000015258789,67.0,9954128,yfinance,False
2012-07-23,29.476594924926758,63.099998474121094,64.55000305175781,62.900001525878906,64.4000015258789,38670270,yfinance,False
2012-07-24,28.9860897064209,62.04999923706055,64.0,61.900001525878906,64.0,21382216,yfinance,False
2012-07-25,29.079530715942383,62.25,62.650001525878906,61.099998474121094,61.349998474121094,21991520,yfinance,False
2012-07-26,29.196308135986328,62.5,62.599998474121094,61.79999923706055,62.400001525878906,14103607,yfinance,False
2012-07-27,29.967092514038086,64.1500015258789,64.19999694824219,63.75,63.900001525878906,22968902,yfinance,False
2012-07-30,30.48094940185547,65.25,65.3499984741211,64.6500015258789,64.9000015258789,21360037,yfinance,False
2012-07-31,30.667802810668945,65.6500015258789,66.19999694824219,65.4000015258789,65.80000305175781,17412610,yfinance,False
2012-08-01,30.6911563873291,65.69999694824219,66.0,64.6500015258789,64.8499984741211,18085025,yfinance,False
2012-08-02,30.667802810668945,65.6500015258789,65.80000305175781,65.0,65.0,7619093,yfinance,False
2012-08-03,30.64444923400879,65.5999984741211,65.75,64.6500015258789,65.1500015258789,7997070,yfinance,False
2012-08-06,31.321807861328125,67.05000305175781,67.94999694824219,66.94999694824219,67.80000305175781,20259932,yfinance,False
2012-08-07,31.46194076538086,67.3499984741211,67.69999694824219,67.0,67.69999694824219,15576274,yfinance,False
2012-08-08,31.532012939453125,67.5,67.80000305175781,67.0,67.80000305175781,11632265,yfinance,False
2012-08-09,31.95244026184082,68.4000015258789,68.5,68.0,68.19999694824219,17012223,yfinance,False
2012-08-10,31.95244026184082,68.4000015258789,68.5999984741211,68.0,68.0,12120340,yfinance,False
2012-08-13,32.06922912597656,68.6500015258789,68.80000305175781,68.4000015258789,68.5999984741211,8296836,yfinance,False
2012-08-14,32.46629333496094,69.5,69.5,68.94999694824219,69.0,17475190,yfinance,False
2012-08-15,32.158504486083984,68.1500015258789,68.44999694824219,67.80000305175781,68.0999984741211,9311686,yfinance,False
2012-08-16,32.158504486083984,68.1500015258789,68.6500015258789,67.94999694824219,68.6500015258789,6710982,yfinance,False
2012-08-17,32.60679244995117,69.0999984741211,69.1500015258789,68.80000305175781,69.0,14192521,yfinance,False
2012-08-20,32.60679244995117,69.0999984741211,69.19999694824219,68.25,69.0999984741211,7830129,yfinance,False
2012-08-21,32.630374908447266,69.1500015258789,69.19999694824219,68.25,68.9000015258789,6454608,yfinance,False
2012-08-22,32.441627502441406,68.75,69.0999984741211,68.3499984741211,69.0999984741211,7778760,yfinance,False
2012-08-23,32.724761962890625,69.3499984741211,69.44999694824219,68.9000015258789,69.0,10797883,yfinance,False
2012-08-24,32.229286193847656,68.30000305175781,68.44999694824219,67.8499984741211,68.19999694824219,9818593,yfinance,False
2012-08-27,32.1113166809082,68.05000305175781,68.3499984741211,67.55000305175781,68.3499984741211,6202852,yfinance,False
2012-08-28,32.2764778137207,68.4000015258789,68.5,67.94999694824219,68.05000305175781,5650404,yfinance,False
2012-08-29,32.182106018066406,68.19999694824219,68.5,67.9000015258789,68.4000015258789,5001797,yfinance,False
2012-08-30,31.922561645507812,67.6500015258789,67.94999694824219,67.25,67.94999694824219,6871100,yfinance,False
2012-08-31,31.663040161132812,67.0999984741211,67.5999984741211,67.0,67.5999984741211,6461695,yfinance,False
2012-09-03,31.875377655029297,67.55000305175781,67.75,66.75,67.5,7094078,yfinance,False
2012-09-04,31.804597854614258,67.4000015258789,67.80000305175781,67.3499984741211,67.5999984741211,8806488,yfinance,False
2012-09-05,31.238338470458984,66.19999694824219,67.0,65.8499984741211,66.80000305175781,17977475,yfinance,False
2012-09-06,31.73381996154785,67.25,67.4000015258789,66.4000015258789,66.4000015258789,12916266,yfinance,False
2012-09-07,32.512420654296875,68.9000015258789,69.44999694824219,68.4000015258789,68.5,39254932,yfinance,False
2012-09-10,32.771949768066406,69.44999694824219,69.75,69.30000305175781,69.5,17430902,yfinance,False
2012-09-11,32.93710708618164,69.80000305175781,70.0,69.25,69.5,17807282,yfinance,False
2012-09-12,33.2202262878418,70.4000015258789,70.5,70.0,70.0999984741211,19808643,yfinance,False
2012-09-13,33.33820343017578,70.6500015258789,70.94999694824219,70.55000305175781,70.8499984741211,16762577,yfinance,False
2012-09-14,34.30556106567383,72.69999694824219,72.75,71.80000305175781,71.8499984741211,37124279,yfinance,False
2012-09-17,34.65945816040039,73.44999694824219,73.5,72.8499984741211,73.0999984741211,21434099,yfinance,False
2012-09-18,34.39992904663086,72.9000015258789,73.5,72.5999984741211,73.44999694824219,19531966,yfinance,False
2012-09-19,34.848209381103516,73.8499984741211,74.0,72.5999984741211,72.5999984741211,22388914,yfinance,False
2012-09-20,34.68304443359375,73.5,74.0,73.25,74.0,15744120,yfinance,False
2012-09-21,34.966190338134766,74.0999984741211,74.1500015258789,73.5999984741211,73.5999984741211,16376955,yfinance,False
2012-09-24,34.65945816040039,73.44999694824219,73.6500015258789,73.0999984741211,73.5,8644945,yfinance,False
2012-09-25,34.80103302001953,73.75,73.94999694824219,73.44999694824219,73.80000305175781,8659527,yfinance,False
2012-09-26,34.30556106567383,72.69999694824219,73.30000305175781,72.55000305175781,73.0,11945347,yfinance,False
2012-09-27,34.42353057861328,72.94999694824219,73.44999694824219,72.0999984741211,72.30000305175781,18656839,yfinance,False
2012-09-28,34.42353057861328,72.94999694824219,73.0999984741211,72.75,72.9000015258789,5849362,yfinance,False
2012-10-03,34.23477554321289,72.55000305175781,73.25,72.30000305175781,72.75,11284873,yfinance,False
2012-10-04,34.848209381103516,73.8499984741211,74.19999694824219,73.19999694824219,73.3499984741211,19661601,yfinance,False
2012-10-05,35.084144592285156,74.3499984741211,74.5,73.94999694824219,74.5,10278546,yfinance,False
2012-10-08,34.942596435546875,74.05000305175781,74.8499984741211,73.94999694824219,74.8499984741211,8943415,yfinance,False
2012-10-09,34.966190338134766,74.0999984741211,74.69999694824219,74.0,74.05000305175781,6768811,yfinance,False
2012-10-10,34.73024368286133,73.5999984741211,73.75,73.0,73.05000305175781,9474925,yfinance,False
2012-10-11,34.65945816040039,73.44999694824219,73.6500015258789,72.8499984741211,72.8499984741211,9749446,yfinance,False
2012-10-12,35.013370513916016,74.19999694824219,74.3499984741211,73.75,73.94999694824219,8089518,yfinance,False
2012-10-15,35.06056594848633,74.30000305175781,74.44999694824219,73.9000015258789,74.25,5490836,yfinance,False
2012-10-16,35.48524856567383,75.19999694824219,75.19999694824219,74.69999694824219,74.69999694824219,15373738,yfinance,False
2012-10-17,36.12228012084961,76.55000305175781,76.75,76.0999984741211,76.1500015258789,23059388,yfinance,False
2012-10-18,36.07510757446289,76.44999694824219,76.75,76.3499984741211,76.69999694824219,11111154,yfinance,False
2012-10-19,36.12228012084961,76.55000305175781,76.9000015258789,76.4000015258789,76.55000305175781,9355040,yfinance,False
2012-10-22,36.098697662353516,76.5,76.6500015258789,75.9000015258789,76.0,9291476,yfinance,False
2012-10-24,36.121315002441406,75.8499984741211,75.94999694824219,75.5,75.5,13373236,yfinance,False
2012-10-25,36.478477478027344,76.5999984741211,76.6500015258789,75.5,75.5,11449535,yfinance,False
2012-10-26,36.14511489868164,75.9000015258789,76.69999694824219,75.5,76.69999694824219,15359527,yfinance,False
2012-10-29,36.28798294067383,76.19999694824219,76.55000305175781,75.80000305175781,75.80000305175781,9313647,yfinance,False
2012-10-30,36.04987335205078,75.69999694824219,76.5,75.3499984741211,76.0,10256317,yfinance,False
2012-10-31,36.38322830200195,76.4000015258789,76.44999694824219,76.0,76.30000305175781,11684789,yfinance,False
2012-11-01,36.478477478027344,76.5999984741211,76.9000015258789,76.19999694824219,76.44999694824219,10661391,yfinance,False
2012-11-02,37.121376037597656,77.94999694824219,78.0,77.55000305175781,77.75,21245336,yfinance,False
2012-11-05,37.0261344909668,77.75,77.94999694824219,77.30000305175781,77.4000015258789,13221591,yfinance,False
2012-11-06,36.52609634399414,76.69999694824219,76.8499984741211,76.0,76.0,19115428,yfinance,False
2012-11-07,36.668968200683594,77.0,77.0,76.05000305175781,77.0,18248968,yfinance,False
2012-11-08,35.668907165527344,74.9000015258789,75.9000015258789,74.8499984741211,75.5999984741211,19253808,yfinance,False
2012-11-09,35.43080520629883,74.4000015258789,74.9000015258789,74.0999984741211,74.6500015258789,14037423,yfinance,False
2012-11-12,35.35936737060547,74.25,74.25,73.69999694824219,74.05000305175781,9532458,yfinance,False
2012-11-13,35.07364273071289,73.6500015258789,73.94999694824219,73.55000305175781,73.69999694824219,6612065,yfinance,False
2012-11-14,35.47840881347656,74.5,74.6500015258789,74.19999694824219,74.5,11985992,yfinance,False
2012-11-15,35.216487884521484,73.94999694824219,74.6500015258789,73.80000305175781,73.80000305175781,9453269,yfinance,False
2012-11-16,35.216487884521484,73.94999694824219,74.30000305175781,73.80000305175781,74.0,5472437,yfinance,False
2012-11-19,35.54985427856445,74.6500015258789,75.0,73.9000015258789,74.19999694824219,12036293,yfinance,False
2012-11-20,35.740333557128906,75.05000305175781,76.25,74.94999694824219,76.1500015258789,17809314,yfinance,False
2012-11-21,36.192752838134766,76.0,76.0999984741211,75.1500015258789,75.8499984741211,11329074,yfinance,False
2012-11-22,36.45465850830078,76.55000305175781,76.69999694824219,76.1500015258789,76.55000305175781,13044214,yfinance,False
2012-11-23,36.764198303222656,77.19999694824219,77.30000305175781,76.5,76.5,12969465,yfinance,False
2012-11-26,36.71657943725586,77.0999984741211,77.6500015258789,77.05000305175781,77.4000015258789,10517988,yfinance,False
2012-11-27,36.764198303222656,77.19999694824219,77.4000015258789,76.55000305175781,77.30000305175781,11422642,yfinance,False
2012-11-28,36.764198303222656,77.19999694824219,77.25,76.9000015258789,77.0999984741211,12991614,yfinance,False
2012-11-29,36.97850799560547,77.6500015258789,77.9000015258789,77.25,77.5999984741211,13078052,yfinance,False
2012-11-30,37.50234603881836,78.75,78.9000015258789,78.0,78.0,24368096,yfinance,False
2012-12-03,37.26423645019531,78.25,79.55000305175781,78.19999694824219,79.05000305175781,17195592,yfinance,False
2012-12-04,37.478538513183594,78.69999694824219,79.05000305175781,78.3499984741211,79.05000305175781,14654568,yfinance,False
2012-12-05,38.09762191772461,80.0,80.0,79.0999984741211,79.19999694824219,43277295,yfinance,False
2012-12-06,37.907142639160156,79.5999984741211,80.05000305175781,79.4000015258789,80.0,14824012,yfinance,False
2012-12-07,37.74045944213867,79.25,80.30000305175781,79.0999984741211,80.0,31403065,yfinance,False
2012-12-10,37.83571243286133,79.44999694824219,80.0,79.30000305175781,79.94999694824219,12802778,yfinance,False
2012-12-11,37.95475387573242,79.69999694824219,79.8499984741211,79.30000305175781,79.5,7495947,yfinance,False
2012-12-12,38.07379913330078,79.94999694824219,80.0999984741211,79.80000305175781,80.0,10634690,yfinance,False
2012-12-13,38.2166862487793,80.25,80.30000305175781,79.9000015258789,80.0,14270921,yfinance,False
2012-12-14,38.45479202270508,80.75,80.8499984741211,80.0,80.0,11952307,yfinance,False
2012-12-17,38.1690559387207,80.1500015258789,80.69999694824219,79.9000015258789,80.69999694824219,8512290,yfinance,False
2012-12-18,38.14524459838867,80.0999984741211,80.5,80.0999984741211,80.30000305175781,6203527,yfinance,False
2012-12-19,38.33573913574219,80.5,80.9000015258789,80.44999694824219,80.6500015258789,10187335,yfinance,False
2012-12-20,38.88337707519531,81.6500015258789,81.80000305175781,81.4000015258789,81.6500015258789,22902563,yfinance,False
2012-12-21,38.597652435302734,81.05000305175781,81.4000015258789,80.0,81.4000015258789,10862498,yfinance,False
2012-12-24,38.85957717895508,81.5999984741211,81.9000015258789,80.94999694824219,80.94999694824219,5977757,yfinance,False
2012-12-27,39.026248931884766,81.94999694824219,82.0,81.6500015258789,82.0,8364342,yfinance,False
2012-12-28,39.0024299621582,81.9000015258789,81.94999694824219,81.5999984741211,81.5999984741211,9191375,yfinance,False
2012-12-31,38.716712951660156,81.30000305175781,81.5,81.1500015258789,81.3499984741211,6726128,yfinance,False
2013-01-02,39.62152099609375,83.19999694824219,83.30000305175781,81.75,82.0,20964487,yfinance,False
2013-01-03,39.669158935546875,83.30000305175781,83.4000015258789,83.05000305175781,83.19999694824219,17811044,yfinance,False
2013-01-04,39.05006408691406,82.0,82.5,81.9000015258789,82.0999984741211,10102994,yfinance,False
2013-01-07,39.550106048583984,83.05000305175781,83.30000305175781,82.75,82.80000305175781,14646281,yfinance,False
2013-01-08,39.40724182128906,82.75,83.3499984741211,82.69999694824219,83.05000305175781,13067984,yfinance,False
2013-01-09,39.359615325927734,82.6500015258789,82.75,82.0999984741211,82.30000305175781,8066140,yfinance,False
2013-01-10,39.597721099853516,83.1500015258789,83.5,82.5999984741211,82.69999694824219,12768152,yfinance,False
2013-01-11,39.93107223510742,83.8499984741211,84.25,83.69999694824219,84.0999984741211,17898689,yfinance,False
2013-01-14,40.31204605102539,84.6500015258789,84.75,84.44999694824219,84.55000305175781,17052040,yfinance,False
2013-01-15,39.93107223510742,83.8499984741211,84.80000305175781,83.80000305175781,84.05000305175781,10402830,yfinance,False
2013-01-16,40.07394027709961,84.1500015258789,84.8499984741211,83.94999694824219,84.8499984741211,15573279,yfinance,False
2013-01-17,40.45490646362305,84.94999694824219,85.0999984741211,84.4000015258789,85.0,19415326,yfinance,False
2013-01-18,40.6215934753418,85.30000305175781,85.6500015258789,85.0,85.25,16174493,yfinance,False
2013-01-21,40.6215934753418,85.30000305175781,85.5,85.0,85.0,12130422,yfinance,False
2013-01-22,40.5739631652832,85.19999694824219,85.75,85.0999984741211,85.75,9731194,yfinance,False
2013-01-23,40.45490646362305,84.94999694824219,85.3499984741211,84.75,85.0999984741211,9876563,yfinance,False
2013-01-24,40.59778594970703,85.25,85.5,85.05000305175781,85.05000305175781,9637286,yfinance,False
2013-01-25,41.193058013916016,86.5,86.6500015258789,85.75,85.80000305175781,30804023,yfinance,False
2013-01-28,41.574031829833984,87.30000305175781,87.6500015258789,87.0,87.0,21106132,yfinance,False
2013-01-29,41.55023193359375,87.25,87.5,87.05000305175781,87.5,12832650,yfinance,False
2013-01-30,41.93120574951172,88.05000305175781,88.3499984741211,87.6500015258789,87.69999694824219,26107365,yfinance,False
2013-01-31,42.05025100708008,88.30000305175781,88.4000015258789,88.0,88.3499984741211,16420425,yfinance,False
2013-02-01,41.90739059448242,88.0,88.30000305175781,87.75,88.30000305175781,12599554,yfinance,False
2013-02-04,41.83595275878906,87.8499984741211,88.44999694824219,87.5,88.0999984741211,12209169,yfinance,False
2013-02-05,40.69301986694336,85.44999694824219,86.55000305175781,85.19999694824219,86.5,23820787,yfinance,False
2013-02-06,41.145423889160156,86.4000015258789,86.80000305175781,85.9000015258789,86.0,8176724,yfinance,False
2013-02-07,41.02638244628906,86.1500015258789,86.5,86.05000305175781,86.30000305175781,8548707,yfinance,False
2013-02-08,41.12162780761719,86.3499984741211,87.0,85.5,85.5,10286073,yfinance,False
2013-02-14,41.74071502685547,87.6500015258789,88.19999694824219,87.30000305175781,88.0,18245089,yfinance,False
2013-02-15,41.69309616088867,87.55000305175781,87.6500015258789,87.05000305175781,87.1500015258789,6573418,yfinance,False
2013-02-18,41.526424407958984,87.19999694824219,87.5999984741211,87.0999984741211,87.55000305175781,5640443,yfinance,False
2013-02-19,41.169246673583984,86.44999694824219,87.25,86.30000305175781,86.6500015258789,8043392,yfinance,False
2013-02-20,41.193058013916016,86.5,86.80000305175781,86.0999984741211,86.5999984741211,12889136,yfinance,False
2013-02-21,40.526344299316406,85.0999984741211,86.0999984741211,85.0,85.9000015258789,16653098,yfinance,False
2013-02-22,40.45490646362305,84.94999694824219,85.0999984741211,84.25,85.0,13140409,yfinance,False
2013-02-25,40.6215934753418,85.30000305175781,85.75,85.0,85.05000305175781,10976357,yfinance,False
2013-02-26,40.07394027709961,84.1500015258789,85.0999984741211,84.0999984741211,84.3499984741211,8577260,yfinance,False
2013-02-27,40.00250244140625,84.0,84.0999984741211,83.5,83.69999694824219,14040958,yfinance,False
2013-02-28,40.883514404296875,85.8499984741211,85.9000015258789,85.3499984741211,85.5,16349854,yfinance,False
2013-03-01,40.6215934753418,85.30000305175781,86.0,85.19999694824219,85.80000305175781,25690630,yfinance,False
2013-03-04,40.121559143066406,84.25,85.0,84.05000305175781,84.8499984741211,15879230,yfinance,False
2013-03-05,39.90725326538086,83.80000305175781,84.0999984741211,83.19999694824219,83.19999694824219,19276920,yfinance,False
2013-03-06,40.02632522583008,84.05000305175781,84.1500015258789,83.5,83.9000015258789,13400150,yfinance,False
2013-03-07,39.74059295654297,83.44999694824219,83.6500015258789,83.30000305175781,83.5,14427816,yfinance,False
2013-03-08,40.45490646362305,84.94999694824219,85.9000015258789,83.5,83.5,20479348,yfinance,False
2013-03-11,40.59778594970703,85.25,85.69999694824219,84.9000015258789,84.9000015258789,6886134,yfinance,False
2013-03-12,40.35966873168945,84.75,85.5999984741211,84.69999694824219,85.0999984741211,9166111,yfinance,False
2013-03-13,40.00250244140625,84.0,84.8499984741211,83.94999694824219,84.5999984741211,12843374,yfinance,False
2013-03-14,40.35966873168945,84.75,84.9000015258789,83.5,84.0,10350030,yfinance,False
2013-03-15,41.0025749206543,86.0999984741211,86.6500015258789,85.9000015258789,86.19999694824219,29874612,yfinance,False
2013-03-18,40.07394027709961,84.1500015258789,84.19999694824219,83.5999984741211,83.6500015258789,33055264,yfinance,False
2013-03-19,40.216800689697266,84.44999694824219,84.94999694824219,84.0999984741211,84.4000015258789,17368416,yfinance,False
2013-03-20,40.69972229003906,84.05000305175781,84.0999984741211,82.55000305175781,82.80000305175781,15756729,yfinance,False
2013-03-21,40.72393035888672,84.0999984741211,84.4000015258789,83.4000015258789,83.55000305175781,13386794,yfinance,False
2013-03-22,40.23970413208008,83.0999984741211,83.19999694824219,82.6500015258789,83.0,15081061,yfinance,False
2013-03-25,40.360755920410156,83.3499984741211,83.69999694824219,83.05000305175781,83.44999694824219,7258860,yfinance,False
2013-03-26,40.142860412597656,82.9000015258789,82.94999694824219,82.0,82.0,15874940,yfinance,False
2013-03-27,40.11864471435547,82.8499984741211,83.19999694824219,82.3499984741211,82.5,10260031,yfinance,False
2013-03-28,39.70705032348633,82.0,82.44999694824219,81.5999984741211,82.0,14224288,yfinance,False
2013-04-02,40.19127655029297,83.0,83.19999694824219,82.1500015258789,82.1500015258789,10332416,yfinance,False
2013-04-03,40.167049407958984,82.94999694824219,83.4000015258789,82.75,82.75,5417698,yfinance,False
2013-04-05,39.392303466796875,81.3499984741211,82.55000305175781,81.19999694824219,82.0,17638093,yfinance,False
2013-04-08,39.3438720703125,81.25,81.69999694824219,81.0,81.19999694824219,6237036,yfinance,False
2013-04-09,39.17439270019531,80.9000015258789,81.5,80.75,81.1500015258789,11366532,yfinance,False
2013-04-10,39.65861129760742,81.9000015258789,82.05000305175781,80.94999694824219,81.19999694824219,11700784,yfinance,False
2013-04-11,39.755462646484375,82.0999984741211,82.5,82.0,82.3499984741211,8701873,yfinance,False
2013-04-12,39.731258392333984,82.05000305175781,82.5999984741211,81.94999694824219,82.30000305175781,7408337,yfinance,False
2013-04-15,39.24701690673828,81.05000305175781,82.05000305175781,81.0,82.05000305175781,9073153,yfinance,False
2013-04-16,38.932273864746094,80.4000015258789,80.94999694824219,80.19999694824219,80.44999694824219,13839694,yfinance,False
2013-04-17,38.71436309814453,79.94999694824219,81.1500015258789,79.5999984741211,80.5999984741211,14104646,yfinance,False
2013-04-18,38.569095611572266,79.6500015258789,79.69999694824219,78.80000305175781,78.80000305175781,11016272,yfinance,False
2013-04-19,39.27123260498047,81.0999984741211,81.1500015258789,78.9000015258789,79.0,15211906,yfinance,False
2013-04-22,39.222808837890625,81.0,81.44999694824219,80.5,80.5,7269966,yfinance,False
2013-04-23,38.76279830932617,80.05000305175781,81.25,80.05000305175781,81.25,5573848,yfinance,False
2013-04-24,39.68283462524414,81.94999694824219,82.0999984741211,81.0999984741211,81.25,12850917,yfinance,False
2013-04-25,40.09442901611328,82.80000305175781,83.30000305175781,82.4000015258789,82.4000015258789,14591639,yfinance,False
2013-04-26,40.38496398925781,83.4000015258789,83.80000305175781,82.9000015258789,83.0999984741211,14342098,yfinance,False
2013-04-29,40.69972229003906,84.05000305175781,84.4000015258789,83.80000305175781,84.0,11315511,yfinance,False
2013-04-30,40.91762924194336,84.5,85.0,84.44999694824219,84.5,12370070,yfinance,False
2013-05-02,41.23237991333008,85.1500015258789,85.1500015258789,84.80000305175781,85.0999984741211,15874881,yfinance,False
2013-05-03,41.280792236328125,85.25,85.80000305175781,85.0999984741211,85.5,9757048,yfinance,False
2013-05-06,41.66819381713867,86.05000305175781,86.19999694824219,85.9000015258789,86.05000305175781,10934483,yfinance,False
2013-05-07,41.740821838378906,86.19999694824219,86.30000305175781,85.80000305175781,85.80000305175781,8776298,yfinance,False
2013-05-08,42.467159271240234,87.69999694824219,88.19999694824219,87.4000015258789,88.0999984741211,23425424,yfinance,False
2013-05-09,42.58824157714844,87.94999694824219,88.4000015258789,87.80000305175781,88.3499984741211,26417621,yfinance,False
2013-05-10,42.636661529541016,88.05000305175781,88.0999984741211,87.6500015258789,87.8499984741211,19165370,yfinance,False
2013-05-13,42.39454650878906,87.55000305175781,88.44999694824219,87.44999694824219,88.44999694824219,18132172,yfinance,False
2013-05-14,42.58824157714844,87.94999694824219,88.30000305175781,87.80000305175781,87.94999694824219,11263791,yfinance,False
2013-05-15,42.58824157714844,87.94999694824219,88.5,87.55000305175781,88.5,12326803,yfinance,False
2013-05-16,42.99982452392578,88.80000305175781,88.9000015258789,88.4000015258789,88.8499984741211,21334623,yfinance,False
2013-05-20,43.701961517333984,90.25,90.4000015258789,89.1500015258789,89.4000015258789,26357349,yfinance,False
2013-05-21,43.774600982666016,90.4000015258789,90.69999694824219,90.19999694824219,90.69999694824219,17790653,yfinance,False
2013-05-22,43.664939880371094,89.4000015258789,90.0,88.75,90.0,10028061,yfinance,False
2013-05-23,42.54156494140625,87.0999984741211,88.69999694824219,86.30000305175781,88.5,25572861,yfinance,False
2013-05-24,42.07756805419922,86.1500015258789,87.19999694824219,85.4000015258789,87.0,14050621,yfinance,False
2013-05-27,42.29735565185547,86.5999984741211,86.80000305175781,85.55000305175781,85.5999984741211,5517022,yfinance,False
2013-05-28,42.492733001708984,87.0,87.0999984741211,86.05000305175781,86.5999984741211,8131569,yfinance,False
2013-05-29,41.8822021484375,85.75,87.1500015258789,85.69999694824219,86.5,14048237,yfinance,False
2013-05-30,42.02873611450195,86.05000305175781,86.8499984741211,85.5,86.8499984741211,12080641,yfinance,False
2013-05-31,42.05315017700195,86.0999984741211,87.19999694824219,85.9000015258789,86.94999694824219,9744520,yfinance,False
2013-06-03,41.931053161621094,85.8499984741211,87.0,85.6500015258789,85.80000305175781,11294795,yfinance,False
2013-06-04,42.24850845336914,86.5,86.55000305175781,85.5999984741211,85.9000015258789,12868988,yfinance,False
2013-06-05,42.00429916381836,86.0,86.5999984741211,85.5999984741211,86.0,10719357,yfinance,False
2013-06-06,41.73566818237305,85.44999694824219,85.6500015258789,84.69999694824219,85.4000015258789,16105050,yfinance,False
2013-06-07,41.125144958496094,84.19999694824219,85.0,83.5999984741211,84.6500015258789,24034842,yfinance,False
2013-06-10,41.27166748046875,84.5,84.94999694824219,83.8499984741211,84.55000305175781,14022266,yfinance,False
2013-06-11,40.83209228515625,83.5999984741211,84.30000305175781,83.3499984741211,83.80000305175781,15116755,yfinance,False
2013-06-13,40.56346893310547,83.05000305175781,83.69999694824219,82.5,83.69999694824219,27710983,yfinance,False
2013-06-14,40.612308502197266,83.1500015258789,84.25,82.94999694824219,84.25,35283684,yfinance,False
2013-06-17,40.954185485839844,83.8499984741211,83.94999694824219,82.9000015258789,83.1500015258789,12027891,yfinance,False
2013-06-18,41.051883697509766,84.05000305175781,84.19999694824219,82.5,82.80000305175781,14792815,yfinance,False
2013-06-19,40.90536117553711,83.75,84.5,83.4000015258789,84.0999984741211,16689646,yfinance,False
2013-06-20,39.80640411376953,81.5,82.9000015258789,80.94999694824219,82.69999694824219,28533647,yfinance,False
2013-06-21,39.39125061035156,80.6500015258789,80.80000305175781,79.5999984741211,79.5999984741211,27953150,yfinance,False
2013-06-24,38.70745849609375,79.25,79.9000015258789,79.0,79.5,20777840,yfinance,False
2013-06-25,38.927242279052734,79.69999694824219,79.8499984741211,77.8499984741211,79.19999694824219,20363667,yfinance,False
2013-06-26,39.3179817199707,80.5,80.5999984741211,79.25,80.05000305175781,21278368,yfinance,False
2013-06-27,39.3179817199707,80.5,82.0,80.1500015258789,80.5999984741211,16131244,yfinance,False
2013-06-28,39.684295654296875,81.25,81.55000305175781,80.1500015258789,80.25,9907054,yfinance,False
2013-07-02,39.80640411376953,81.5,82.1500015258789,81.0999984741211,81.19999694824219,13998162,yfinance,False
2013-07-03,38.976097106933594,79.80000305175781,81.3499984741211,79.69999694824219,81.0,15128559,yfinance,False
2013-07-04,39.586605072021484,81.05000305175781,81.4000015258789,80.6500015258789,81.0999984741211,7569106,yfinance,False
2013-07-05,40.661136627197266,83.25,83.5999984741211,82.75,82.9000015258789,15296809,yfinance,False
2013-07-08,40.46577453613281,82.8499984741211,83.25,81.4000015258789,82.5999984741211,12062514,yfinance,False
2013-07-09,40.978614807128906,83.9000015258789,84.0999984741211,83.0999984741211,83.5,10905948,yfinance,False
2013-07-10,40.90536117553711,83.75,84.25,82.8499984741211,84.05000305175781,10359343,yfinance,False
2013-07-11,41.61356735229492,85.19999694824219,85.6500015258789,84.80000305175781,85.0,19190539,yfinance,False
2013-07-12,41.36935043334961,84.69999694824219,85.05000305175781,84.4000015258789,85.05000305175781,8444118,yfinance,False
2013-07-15,41.56472396850586,85.0999984741211,85.25,84.3499984741211,84.55000305175781,9055181,yfinance,False
2013-07-16,41.5402946472168,85.05000305175781,85.44999694824219,84.6500015258789,85.3499984741211,8289784,yfinance,False
2013-07-17,41.760093688964844,85.5,85.6500015258789,85.05000305175781,85.0999984741211,7604596,yfinance,False
2013-07-18,41.85776901245117,85.69999694824219,86.0,85.6500015258789,85.94999694824219,8567044,yfinance,False
2013-07-19,42.34619903564453,86.69999694824219,87.19999694824219,86.3499984741211,87.19999694824219,18925444,yfinance,False
2013-07-22,42.565982818603516,87.1500015258789,87.19999694824219,86.69999694824219,87.19999694824219,10374768,yfinance,False
2013-07-23,42.932315826416016,87.9000015258789,88.25,87.3499984741211,87.5999984741211,19631875,yfinance,False
2013-07-24,43.03000259399414,88.0999984741211,88.25,87.3499984741211,87.5,10960910,yfinance,False
2013-07-25,42.76136779785156,87.55000305175781,87.75,87.30000305175781,87.4000015258789,7736250,yfinance,False
2013-07-26,43.03000259399414,88.0999984741211,88.30000305175781,87.3499984741211,87.3499984741211,6937681,yfinance,False
2013-07-29,42.78578567504883,87.5999984741211,88.1500015258789,87.4000015258789,88.0,5619068,yfinance,False
2013-07-30,42.66366958618164,87.3499984741211,87.5999984741211,86.9000015258789,86.9000015258789,11593401,yfinance,False
2013-07-31,42.565982818603516,87.1500015258789,87.9000015258789,87.0,87.25,8558592,yfinance,False
2013-08-01,43.20094680786133,88.44999694824219,88.75,87.94999694824219,88.1500015258789,12885198,yfinance,False
2013-08-02,43.371891021728516,88.80000305175781,88.94999694824219,88.44999694824219,88.69999694824219,11615994,yfinance,False
2013-08-05,43.738216400146484,89.55000305175781,89.75,89.25,89.4000015258789,15635842,yfinance,False
2013-08-06,41.56472396850586,85.0999984741211,85.69999694824219,84.8499984741211,85.69999694824219,33564760,yfinance,False
2013-08-07,41.076297760009766,84.0999984741211,85.0,84.0999984741211,84.6500015258789,19691510,yfinance,False
2013-08-08,41.149574279785156,84.25,84.94999694824219,84.0999984741211,84.6500015258789,9624824,yfinance,False
2013-08-09,41.393775939941406,84.75,84.80000305175781,84.30000305175781,84.5999984741211,6319695,yfinance,False
2013-08-12,41.8822021484375,85.75,86.1500015258789,84.69999694824219,85.19999694824219,14656482,yfinance,False
2013-08-13,42.07756805419922,86.1500015258789,86.5999984741211,85.5,85.69999694824219,13757209,yfinance,False
2013-08-14,42.07756805419922,86.1500015258789,86.1500015258789,86.1500015258789,86.1500015258789,0,yfinance,False
2013-08-15,42.15085220336914,86.30000305175781,86.94999694824219,85.75,85.75,14805013,yfinance,False
2013-08-16,42.07756805419922,86.1500015258789,86.5,85.69999694824219,86.0999984741211,11183142,yfinance,False
2013-08-19,41.955467224121094,85.9000015258789,86.19999694824219,85.6500015258789,85.94999694824219,5541047,yfinance,False
2013-08-20,41.344932556152344,84.6500015258789,85.80000305175781,84.5999984741211,85.25,14313897,yfinance,False
2013-08-21,41.184959411621094,83.55000305175781,84.4000015258789,82.80000305175781,84.4000015258789,19626330,yfinance,False
2013-08-22,41.184959411621094,83.55000305175781,83.75,82.5,82.5,10468420,yfinance,False
2013-08-23,41.258888244628906,83.69999694824219,84.75,83.3499984741211,83.9000015258789,12519417,yfinance,False
2013-08-26,41.45606231689453,84.0999984741211,84.6500015258789,83.8499984741211,84.19999694824219,4759772,yfinance,False
2013-08-27,40.963138580322266,83.0999984741211,84.1500015258789,83.0,83.9000015258789,8722369,yfinance,False
2013-08-28,40.42090606689453,82.0,82.5,81.69999694824219,82.30000305175781,17627379,yfinance,False
2013-08-29,40.66736602783203,82.5,82.75,81.80000305175781,82.0,10106449,yfinance,False
2013-08-30,40.42090606689453,82.0,82.9000015258789,81.9000015258789,82.69999694824219,10651459,yfinance,False
2013-09-02,40.963138580322266,83.0999984741211,83.75,82.19999694824219,82.25,14686518,yfinance,False
2013-09-03,41.33281707763672,83.8499984741211,84.0,83.25,83.44999694824219,12466717,yfinance,False
2013-09-04,41.28354263305664,83.75,84.55000305175781,83.0999984741211,83.0999984741211,14254669,yfinance,False
2013-09-05,42.12152862548828,85.44999694824219,85.8499984741211,84.4000015258789,84.5,34035793,yfinance,False
2013-09-06,42.56517791748047,86.3499984741211,86.4000015258789,85.44999694824219,85.5,35945740,yfinance,False
2013-09-09,42.220130920410156,85.6500015258789,86.6500015258789,85.4000015258789,86.25,13463737,yfinance,False
2013-09-10,42.343360900878906,85.9000015258789,86.0,85.3499984741211,85.80000305175781,14367186,yfinance,False
2013-09-11,42.170833587646484,85.55000305175781,86.19999694824219,85.4000015258789,86.0,11034815,yfinance,False
2013-09-12,42.24477005004883,85.69999694824219,86.30000305175781,85.44999694824219,85.44999694824219,9232624,yfinance,False
2013-09-13,42.36800003051758,85.94999694824219,86.30000305175781,85.55000305175781,85.55000305175781,13518128,yfinance,False
2013-09-16,42.93488311767578,87.0999984741211,87.55000305175781,86.9000015258789,87.05000305175781,17555058,yfinance,False
2013-09-17,42.491241455078125,86.19999694824219,86.94999694824219,86.0999984741211,86.8499984741211,9455286,yfinance,False
2013-09-18,42.491241455078125,86.19999694824219,86.69999694824219,85.69999694824219,85.80000305175781,13483703,yfinance,False
2013-09-19,43.353885650634766,87.94999694824219,88.0,87.3499984741211,87.5999984741211,27063635,yfinance,False
2013-09-23,42.54054260253906,86.30000305175781,86.94999694824219,85.0999984741211,86.94999694824219,13908528,yfinance,False
2013-09-24,42.26941680908203,85.75,86.0,85.4000015258789,85.5999984741211,11101882,yfinance,False
2013-09-25,41.97365951538086,85.1500015258789,85.55000305175781,85.0999984741211,85.30000305175781,14136497,yfinance,False
2013-09-26,41.99829864501953,85.19999694824219,85.75,84.94999694824219,85.19999694824219,9792371,yfinance,False
2013-09-27,42.07223129272461,85.3499984741211,86.1500015258789,85.0999984741211,85.4000015258789,13711949,yfinance,False
2013-09-30,41.579288482666016,84.3499984741211,84.5999984741211,84.0999984741211,84.30000305175781,14750402,yfinance,False
2013-10-02,41.480716705322266,84.1500015258789,85.0999984741211,84.0,84.80000305175781,10987994,yfinance,False
2013-10-03,41.579288482666016,84.3499984741211,84.6500015258789,84.0999984741211,84.25,8933993,yfinance,False
2013-10-04,41.579288482666016,84.3499984741211,84.5,84.0,84.0,7320109,yfinance,False
2013-10-07,41.28354263305664,83.75,84.5,83.5999984741211,84.5,9615783,yfinance,False
2013-10-08,41.308189392089844,83.80000305175781,84.30000305175781,83.44999694824219,83.5,11163811,yfinance,False
2013-10-09,41.06172180175781,83.30000305175781,83.69999694824219,83.05000305175781,83.0999984741211,12722590,yfinance,False
2013-10-10,41.13566207885742,83.44999694824219,83.5999984741211,82.75,83.30000305175781,12045339,yfinance,False
2013-10-11,41.65324401855469,84.5,84.9000015258789,84.30000305175781,84.69999694824219,10506811,yfinance,False
2013-10-15,41.97365951538086,85.1500015258789,85.94999694824219,85.0999984741211,85.5,11394478,yfinance,False
2013-10-16,41.85042190551758,84.9000015258789,85.1500015258789,84.5,85.0999984741211,7058518,yfinance,False
2013-10-17,41.43141555786133,84.05000305175781,85.1500015258789,84.05000305175781,84.94999694824219,10963318,yfinance,False
2013-10-18,41.825775146484375,84.8499984741211,85.05000305175781,84.4000015258789,85.0,10177879,yfinance,False
2013-10-21,41.924354553222656,85.05000305175781,85.30000305175781,84.9000015258789,85.19999694824219,7708827,yfinance,False
2013-10-22,42.14618682861328,85.5,85.75,85.3499984741211,85.6500015258789,9391831,yfinance,False
2013-10-23,42.08411407470703,84.5999984741211,85.8499984741211,84.4000015258789,85.80000305175781,12243192,yfinance,False
2013-10-24,42.18360900878906,84.80000305175781,85.19999694824219,84.55000305175781,85.0,13667434,yfinance,False
2013-10-25,42.25822067260742,84.94999694824219,85.5,84.75,85.5,13825715,yfinance,False
2013-10-28,42.35771560668945,85.1500015258789,85.4000015258789,85.0,85.30000305175781,5629665,yfinance,False
2013-10-29,42.40745162963867,85.25,85.5999984741211,85.1500015258789,85.3499984741211,7128226,yfinance,False
2013-10-30,42.78054428100586,86.0,86.05000305175781,85.1500015258789,85.25,11105348,yfinance,False
2013-10-31,42.50694274902344,85.44999694824219,85.80000305175781,85.05000305175781,85.05000305175781,8220429,yfinance,False
2013-11-01,42.482059478759766,85.4000015258789,85.80000305175781,85.05000305175781,85.25,8616911,yfinance,False
2013-11-04,42.332847595214844,85.0999984741211,85.69999694824219,84.94999694824219,85.5,8227740,yfinance,False
2013-11-05,42.95465087890625,86.3499984741211,86.94999694824219,86.0,86.94999694824219,23865339,yfinance,False
2013-11-06,43.079017639160156,86.5999984741211,87.0,86.44999694824219,87.0,14299290,yfinance,False
2013-11-07,42.705936431884766,85.8499984741211,86.44999694824219,85.30000305175781,86.0,9797228,yfinance,False
2013-11-08,42.482059478759766,85.4000015258789,85.94999694824219,85.0999984741211,85.4000015258789,6976862,yfinance,False
2013-11-11,43.15364456176758,86.75,86.9000015258789,85.9000015258789,86.05000305175781,11029698,yfinance,False
2013-11-12,42.78054428100586,86.0,86.6500015258789,85.69999694824219,86.4000015258789,6338853,yfinance,False
2013-11-13,42.18360900878906,84.80000305175781,85.5,84.75,85.05000305175781,10826320,yfinance,False
2013-11-14,42.332847595214844,85.0999984741211,85.80000305175781,84.69999694824219,85.80000305175781,11749605,yfinance,False
2013-11-15,42.581573486328125,85.5999984741211,85.80000305175781,85.25,85.75,6538417,yfinance,False
2013-11-18,42.9049072265625,86.25,86.44999694824219,85.75,86.0,14930661,yfinance,False
2013-11-19,43.029266357421875,86.5,86.69999694824219,86.25,86.4000015258789,11901468,yfinance,False
2013-11-20,43.1287727355957,86.69999694824219,86.9000015258789,86.55000305175781,86.80000305175781,9445374,yfinance,False
2013-11-21,43.0043830871582,86.44999694824219,86.75,86.4000015258789,86.69999694824219,7170086,yfinance,False
2013-11-22,43.079017639160156,86.5999984741211,86.75,86.4000015258789,86.5,7944977,yfinance,False
2013-11-25,43.029266357421875,86.5,86.9000015258789,86.19999694824219,86.9000015258789,5840269,yfinance,False
2013-11-26,43.1287727355957,86.69999694824219,86.8499984741211,86.19999694824219,86.19999694824219,7890135,yfinance,False
2013-11-27,43.27799606323242,87.0,87.0,86.4000015258789,86.69999694824219,12935101,yfinance,False
2013-11-28,43.1038818359375,86.6500015258789,87.0999984741211,86.44999694824219,86.55000305175781,11091128,yfinance,False
2013-11-29,43.079017639160156,86.5999984741211,86.94999694824219,86.5,86.69999694824219,4973592,yfinance,False
2013-12-02,43.30287170410156,87.05000305175781,87.3499984741211,86.5,86.5999984741211,7700284,yfinance,False
2013-12-03,43.0043830871582,86.44999694824219,86.5,85.94999694824219,86.05000305175781,14131400,yfinance,False
2013-12-04,42.482059478759766,85.4000015258789,85.5,84.80000305175781,85.19999694824219,20239887,yfinance,False
2013-12-05,41.885128021240234,84.19999694824219,84.30000305175781,84.0,84.1500015258789,29889055,yfinance,False
2013-12-06,41.885128021240234,84.19999694824219,84.3499984741211,83.5,83.55000305175781,45297286,yfinance,False
2013-12-09,41.885128021240234,84.19999694824219,84.44999694824219,83.9000015258789,83.94999694824219,17303603,yfinance,False
2013-12-10,41.735904693603516,83.9000015258789,84.0999984741211,83.75,83.94999694824219,11599975,yfinance,False
2013-12-11,41.188697814941406,82.80000305175781,83.5999984741211,82.69999694824219,83.5,17987016,yfinance,False
2013-12-12,41.064353942871094,82.55000305175781,82.94999694824219,82.5,82.55000305175781,14888863,yfinance,False
2013-12-13,41.08921813964844,82.5999984741211,82.9000015258789,82.0,82.05000305175781,15364505,yfinance,False
2013-12-16,40.69126892089844,81.80000305175781,82.1500015258789,81.1500015258789,82.1500015258789,18735832,yfinance,False
2013-12-17,40.815635681152344,82.05000305175781,82.75,81.94999694824219,82.75,10800044,yfinance,False
2013-12-18,40.890235900878906,82.19999694824219,82.25,81.6500015258789,82.0,9995463,yfinance,False
2013-12-19,40.815635681152344,82.05000305175781,83.44999694824219,81.75,83.1500015258789,22229564,yfinance,False
2013-12-20,40.79075241088867,82.0,82.25,81.6500015258789,82.1500015258789,10010463,yfinance,False
2013-12-23,41.064353942871094,82.55000305175781,82.80000305175781,82.44999694824219,82.80000305175781,7001334,yfinance,False
2013-12-24,41.536930084228516,83.5,83.55000305175781,83.05000305175781,83.4000015258789,10028056,yfinance,False
2013-12-27,41.735904693603516,83.9000015258789,84.25,83.3499984741211,84.1500015258789,9780181,yfinance,False
2013-12-30,41.86027908325195,84.1500015258789,84.5,84.0999984741211,84.44999694824219,11083902,yfinance,False
2013-12-31,41.86027908325195,84.1500015258789,84.44999694824219,84.05000305175781,84.44999694824219,3480895,yfinance,False
2014-01-02,42.08411407470703,84.5999984741211,85.0,84.19999694824219,84.9000015258789,10601336,yfinance,False
2014-01-03,41.263328552246094,82.94999694824219,84.1500015258789,82.69999694824219,84.05000305175781,17021155,yfinance,False
2014-01-06,41.36282730102539,83.1500015258789,83.55000305175781,82.55000305175781,83.0999984741211,14257219,yfinance,False
2014-01-07,41.735904693603516,83.9000015258789,84.25,83.75,83.80000305175781,13476694,yfinance,False
2014-01-08,42.482059478759766,85.4000015258789,85.6500015258789,84.9000015258789,85.5999984741211,26505448,yfinance,False
2014-01-09,42.40745162963867,85.25,85.9000015258789,85.05000305175781,85.6500015258789,22468146,yfinance,False
2014-01-10,42.482059478759766,85.4000015258789,85.6500015258789,85.19999694824219,85.5999984741211,11353646,yfinance,False
2014-01-13,42.78054428100586,86.0,86.4000015258789,85.75,86.3499984741211,17675238,yfinance,False
2014-01-14,42.38258743286133,85.19999694824219,85.44999694824219,84.94999694824219,85.25,10774698,yfinance,False
2014-01-15,42.6064338684082,85.6500015258789,85.9000015258789,85.30000305175781,85.80000305175781,7966594,yfinance,False
2014-01-16,42.805416107177734,86.05000305175781,86.19999694824219,85.8499984741211,86.0999984741211,11357793,yfinance,False
2014-01-17,42.705936431884766,85.8499984741211,86.25,84.8499984741211,84.8499984741211,14477701,yfinance,False
2014-01-20,42.656192779541016,85.75,86.1500015258789,85.55000305175781,85.80000305175781,11917644,yfinance,False
2014-01-21,42.656192779541016,85.75,86.0,85.5999984741211,86.0,6474080,yfinance,False
2014-01-22,42.78054428100586,86.0,86.0999984741211,85.75,85.9000015258789,11822421,yfinance,False
2014-01-23,42.35771560668945,85.1500015258789,86.0,84.8499984741211,86.0,16897491,yfinance,False
2014-01-24,41.98463821411133,84.4000015258789,85.05000305175781,84.3499984741211,85.0,18661657,yfinance,False
2014-01-27,40.84048843383789,82.0999984741211,82.6500015258789,82.0,82.5,35328077,yfinance,False
2014-01-28,40.74101257324219,81.9000015258789,82.1500015258789,81.5999984741211,82.1500015258789,18197779,yfinance,False
2014-01-29,40.7658805847168,81.94999694824219,82.05000305175781,81.5999984741211,81.5999984741211,14223610,yfinance,False
2014-01-30,40.268436431884766,80.94999694824219,81.05000305175781,80.5999984741211,80.69999694824219,15167500,yfinance,False
2014-02-04,39.37302780151367,79.1500015258789,79.3499984741211,78.69999694824219,78.8499984741211,27202766,yfinance,False
2014-02-05,39.124298095703125,78.6500015258789,79.30000305175781,78.55000305175781,79.1500015258789,22843534,yfinance,False
2014-02-06,39.174041748046875,78.75,79.0,78.5,78.6500015258789,21833397,yfinance,False
2014-02-07,39.447654724121094,79.30000305175781,79.75,79.0999984741211,79.55000305175781,21880952,yfinance,False
2014-02-10,39.39789581298828,79.19999694824219,79.8499984741211,79.1500015258789,79.8499984741211,18100317,yfinance,False
2014-02-11,39.6466178894043,79.69999694824219,79.80000305175781,79.05000305175781,79.05000305175781,18579742,yfinance,False
2014-02-12,40.29330825805664,81.0,81.30000305175781,80.5999984741211,80.69999694824219,23042878,yfinance,False
2014-02-13,40.467430114746094,81.3499984741211,82.0,81.19999694824219,82.0,17349305,yfinance,False
2014-02-14,40.84048843383789,82.0999984741211,82.5,81.9000015258789,82.44999694824219,16175910,yfinance,False
2014-02-17,41.13897705078125,82.69999694824219,82.8499984741211,82.55000305175781,82.80000305175781,11246831,yfinance,False
2014-02-18,41.46229934692383,83.3499984741211,83.55000305175781,83.0999984741211,83.55000305175781,23824063,yfinance,False
2014-02-19,42.20846939086914,84.8499984741211,84.9000015258789,84.0999984741211,84.25,28371559,yfinance,False
2014-02-20,41.512046813964844,83.44999694824219,84.44999694824219,83.19999694824219,84.25,20320750,yfinance,False
2014-02-21,41.95975112915039,84.3499984741211,84.44999694824219,83.9000015258789,84.0999984741211,17275279,yfinance,False
2014-02-24,41.735904693603516,83.9000015258789,84.4000015258789,83.75,84.4000015258789,10549279,yfinance,False
2014-02-25,40.61664581298828,81.6500015258789,82.30000305175781,81.5999984741211,82.19999694824219,31186233,yfinance,False
2014-02-26,40.367923736572266,81.1500015258789,81.6500015258789,81.0,81.19999694824219,18937442,yfinance,False
2014-02-27,40.74101257324219,81.9000015258789,82.4000015258789,81.19999694824219,81.19999694824219,19688061,yfinance,False
2014-02-28,40.91511154174805,82.25,82.44999694824219,81.80000305175781,82.1500015258789,10805808,yfinance,False
2014-03-03,40.31816864013672,81.05000305175781,81.69999694824219,81.0,81.4000015258789,13018100,yfinance,False
2014-03-04,40.542030334472656,81.5,81.80000305175781,80.5999984741211,80.8499984741211,11205289,yfinance,False
2014-03-05,40.492279052734375,81.4000015258789,81.69999694824219,81.1500015258789,81.69999694824219,6101438,yfinance,False
2014-03-06,40.51716995239258,81.44999694824219,81.75,81.05000305175781,81.1500015258789,8641868,yfinance,False
2014-03-07,40.442543029785156,81.30000305175781,81.44999694824219,81.05000305175781,81.4000015258789,15463693,yfinance,False
2014-03-10,40.019710540771484,80.44999694824219,80.6500015258789,80.30000305175781,80.30000305175781,14066432,yfinance,False
2014-03-11,39.969974517822266,80.3499984741211,80.4000015258789,79.8499984741211,80.05000305175781,14679580,yfinance,False
2014-03-12,39.829620361328125,78.5999984741211,78.8499984741211,78.1500015258789,78.69999694824219,23429817,yfinance,False
2014-03-13,39.52557373046875,78.0,78.19999694824219,77.8499984741211,77.9000015258789,25367725,yfinance,False
2014-03-14,39.37354278564453,77.69999694824219,78.0,77.44999694824219,77.5999984741211,14675094,yfinance,False
2014-03-17,39.272212982177734,77.5,77.55000305175781,77.05000305175781,77.44999694824219,9819053,yfinance,False
2014-03-18,39.094844818115234,77.1500015258789,77.44999694824219,77.05000305175781,77.4000015258789,15943084,yfinance,False
2014-03-19,38.91750717163086,76.80000305175781,77.19999694824219,76.75,77.0,18330466,yfinance,False
2014-03-20,38.48675537109375,75.94999694824219,76.30000305175781,75.75,76.25,17686208,yfinance,False
2014-03-21,38.79081344604492,76.55000305175781,76.6500015258789,75.94999694824219,75.94999694824219,13632219,yfinance,False
2014-03-24,39.34821701049805,77.6500015258789,77.94999694824219,76.9000015258789,77.30000305175781,14164169,yfinance,False
2014-03-25,39.424224853515625,77.80000305175781,78.0999984741211,77.5999984741211,77.80000305175781,10398893,yfinance,False
2014-03-26,39.65225601196289,78.25,78.75,78.19999694824219,78.4000015258789,8353254,yfinance,False
2014-03-27,39.65225601196289,78.25,78.5,78.0,78.0,9697012,yfinance,False
2014-03-28,39.804283142089844,78.55000305175781,78.8499984741211,78.3499984741211,78.5,9685893,yfinance,False
2014-03-31,39.804283142089844,78.55000305175781,79.0,78.4000015258789,79.0,6314988,yfinance,False
2014-04-01,39.90562057495117,78.75,78.94999694824219,78.3499984741211,78.4000015258789,8560410,yfinance,False
2014-04-02,40.10832214355469,79.1500015258789,79.4000015258789,78.94999694824219,79.0,11417869,yfinance,False
2014-04-03,40.057647705078125,79.05000305175781,79.55000305175781,78.94999694824219,79.30000305175781,10329593,yfinance,False
2014-04-04,40.10832214355469,79.1500015258789,79.30000305175781,78.5,78.5,8604964,yfinance,False
2014-04-07,39.7789421081543,78.5,79.0,78.0999984741211,78.75,8051197,yfinance,False
2014-04-08,39.88028335571289,78.69999694824219,78.80000305175781,78.0,78.25,12186677,yfinance,False
2014-04-09,40.33635330200195,79.5999984741211,79.75,78.69999694824219,78.8499984741211,17939255,yfinance,False
2014-04-10,40.94443130493164,80.80000305175781,80.94999694824219,79.75,79.75,25973523,yfinance,False
2014-04-11,40.94443130493164,80.80000305175781,81.69999694824219,80.30000305175781,81.0,27484295,yfinance,False
2014-04-14,40.7164192199707,80.3499984741211,80.55000305175781,80.05000305175781,80.0999984741211,14517617,yfinance,False
2014-04-15,40.463043212890625,79.8499984741211,80.25,79.80000305175781,80.19999694824219,10822882,yfinance,False
2014-04-16,40.7164192199707,80.3499984741211,80.80000305175781,80.1500015258789,80.30000305175781,12170364,yfinance,False
2014-04-17,40.66573715209961,80.25,80.5999984741211,79.94999694824219,80.5999984741211,5534212,yfinance,False
2014-04-22,40.817752838134766,80.55000305175781,80.8499984741211,80.25,80.5,5501885,yfinance,False
2014-04-23,40.53904342651367,80.0,80.3499984741211,79.80000305175781,80.3499984741211,8572991,yfinance,False
2014-04-24,40.48837661743164,79.9000015258789,80.1500015258789,79.55000305175781,79.75,5016633,yfinance,False
2014-04-25,39.90562057495117,78.75,79.69999694824219,78.6500015258789,79.69999694824219,17274747,yfinance,False
2014-04-28,39.88028335571289,78.69999694824219,78.80000305175781,78.3499984741211,78.5,10200269,yfinance,False
2014-04-29,40.33635330200195,79.5999984741211,79.80000305175781,78.5999984741211,78.9000015258789,12814452,yfinance,False
2014-04-30,39.854949951171875,78.6500015258789,79.5,78.5,79.30000305175781,14643073,yfinance,False
2014-05-02,40.082984924316406,79.0999984741211,79.30000305175781,78.9000015258789,79.0999984741211,8886562,yfinance,False
2014-05-05,39.65225601196289,78.25,79.4000015258789,78.0,78.94999694824219,11938170,yfinance,False
2014-05-07,39.728275299072266,78.4000015258789,79.19999694824219,78.30000305175781,79.1500015258789,20361763,yfinance,False
2014-05-08,39.65225601196289,78.25,78.75,77.75,78.19999694824219,10339660,yfinance,False
2014-05-09,39.47489929199219,77.9000015258789,78.0,77.25,77.8499984741211,7516050,yfinance,False
2014-05-12,39.956298828125,78.8499984741211,79.4000015258789,77.55000305175781,78.30000305175781,18185489,yfinance,False
2014-05-13,40.10832214355469,79.1500015258789,79.44999694824219,78.69999694824219,79.4000015258789,9185638,yfinance,False
2014-05-14,40.58972930908203,80.0999984741211,80.1500015258789,79.19999694824219,79.4000015258789,12839687,yfinance,False
2014-05-15,40.817752838134766,80.55000305175781,80.5999984741211,79.75,79.80000305175781,12401584,yfinance,False
2014-05-16,41.22315979003906,81.3499984741211,81.4000015258789,80.80000305175781,81.0999984741211,21714405,yfinance,False
2014-05-19,41.552520751953125,82.0,82.19999694824219,81.5999984741211,82.05000305175781,21392304,yfinance,False
2014-05-20,41.780548095703125,82.44999694824219,82.6500015258789,82.05000305175781,82.0999984741211,18759845,yfinance,False
2014-05-21,41.333030700683594,80.80000305175781,81.19999694824219,80.44999694824219,81.0,9774291,yfinance,False
2014-05-22,41.2818717956543,80.69999694824219,81.5999984741211,80.5999984741211,80.80000305175781,6802202,yfinance,False
2014-05-23,41.23073196411133,80.5999984741211,80.8499984741211,80.30000305175781,80.75,7018733,yfinance,False
2014-05-26,41.384185791015625,80.9000015258789,81.19999694824219,80.0,80.5,5863744,yfinance,False
2014-05-27,41.58881759643555,81.30000305175781,81.5,80.9000015258789,80.9000015258789,9038163,yfinance,False
2014-05-28,41.66554260253906,81.44999694824219,82.1500015258789,80.8499984741211,81.0999984741211,15420719,yfinance,False
2014-05-29,41.74226760864258,81.5999984741211,82.0,81.19999694824219,81.19999694824219,8978114,yfinance,False
2014-05-30,41.819000244140625,81.75,82.0,81.30000305175781,81.5,8815635,yfinance,False
2014-06-03,41.691104888916016,81.5,81.69999694824219,81.19999694824219,81.25,7797380,yfinance,False
2014-06-04,41.53764343261719,81.19999694824219,81.69999694824219,81.0999984741211,81.19999694824219,8904069,yfinance,False
2014-06-05,41.35861587524414,80.8499984741211,81.25,80.6500015258789,81.0999984741211,7981296,yfinance,False
2014-06-06,41.51206588745117,81.1500015258789,81.44999694824219,80.6500015258789,81.05000305175781,21448024,yfinance,False
2014-06-09,41.66554260253906,81.44999694824219,81.69999694824219,81.19999694824219,81.5,6475922,yfinance,False
2014-06-10,41.793418884277344,81.69999694824219,82.1500015258789,81.44999694824219,81.80000305175781,13663887,yfinance,False
2014-06-11,41.384185791015625,80.9000015258789,81.30000305175781,80.8499984741211,81.0,7671709,yfinance,False
2014-06-12,41.51206588745117,81.1500015258789,81.19999694824219,80.4000015258789,80.4000015258789,5480496,yfinance,False
2014-06-13,41.61438751220703,81.3499984741211,81.80000305175781,80.8499984741211,81.0,6264998,yfinance,False
2014-06-16,41.51206588745117,81.1500015258789,81.4000015258789,80.8499984741211,81.19999694824219,5032543,yfinance,False
2014-06-17,41.333030700683594,80.80000305175781,81.1500015258789,80.5999984741211,80.8499984741211,6986659,yfinance,False
2014-06-18,41.384185791015625,80.9000015258789,81.1500015258789,80.4000015258789,80.4000015258789,7225935,yfinance,False
2014-06-19,41.384185791015625,80.9000015258789,81.0,80.5999984741211,80.5999984741211,6456820,yfinance,False
2014-06-20,41.333030700683594,80.80000305175781,81.0999984741211,80.6500015258789,80.6500015258789,6915890,yfinance,False
2014-06-23,40.82148742675781,79.80000305175781,81.0999984741211,79.69999694824219,80.5,19428278,yfinance,False
2014-06-24,40.89820861816406,79.94999694824219,80.1500015258789,79.69999694824219,80.1500015258789,9504715,yfinance,False
2014-06-25,40.74474334716797,79.6500015258789,80.05000305175781,79.5,79.80000305175781,8712470,yfinance,False
2014-06-26,40.77032470703125,79.69999694824219,79.94999694824219,79.5999984741211,79.5999984741211,14698671,yfinance,False
2014-06-27,40.437828063964844,79.05000305175781,79.25,78.80000305175781,78.80000305175781,24757387,yfinance,False
2014-06-30,40.207637786865234,78.5999984741211,79.0,78.0,79.0,19753214,yfinance,False
2014-07-02,40.92377853393555,80.0,80.05000305175781,78.8499984741211,79.0,22173258,yfinance,False
2014-07-03,41.026100158691406,80.19999694824219,80.3499984741211,79.9000015258789,79.94999694824219,5764645,yfinance,False
2014-07-04,41.128414154052734,80.4000015258789,80.6500015258789,80.3499984741211,80.5999984741211,6344504,yfinance,False
2014-07-07,41.102848052978516,80.3499984741211,80.80000305175781,80.1500015258789,80.80000305175781,4859223,yfinance,False
2014-07-08,40.89820861816406,79.94999694824219,80.1500015258789,79.75,79.80000305175781,6667904,yfinance,False
2014-07-09,40.41224670410156,79.0,79.55000305175781,78.94999694824219,79.55000305175781,12995120,yfinance,False
2014-07-10,40.361083984375,78.9000015258789,79.4000015258789,78.80000305175781,79.0,8900608,yfinance,False
2014-07-11,40.207637786865234,78.5999984741211,78.6500015258789,78.05000305175781,78.5,21322333,yfinance,False
2014-07-14,40.48897171020508,79.1500015258789,79.19999694824219,78.5999984741211,78.9000015258789,7136173,yfinance,False
2014-07-15,40.540138244628906,79.25,79.5,78.94999694824219,79.5,6555618,yfinance,False
2014-07-16,40.719173431396484,79.5999984741211,79.80000305175781,79.1500015258789,79.55000305175781,5877285,yfinance,False
2014-07-17,40.82148742675781,79.80000305175781,80.05000305175781,79.69999694824219,80.0,7111149,yfinance,False
2014-07-18,40.591285705566406,79.3499984741211,79.5,78.80000305175781,79.0999984741211,6959527,yfinance,False
2014-07-21,40.463401794433594,79.0999984741211,79.44999694824219,79.05000305175781,79.3499984741211,8305588,yfinance,False
2014-07-22,40.97494888305664,80.0999984741211,80.19999694824219,79.0,79.05000305175781,12381870,yfinance,False
2014-07-23,40.97494888305664,80.0999984741211,80.30000305175781,79.8499984741211,80.0999984741211,13442114,yfinance,False
2014-07-24,41.30744552612305,80.75,80.80000305175781,80.0,80.0999984741211,18698717,yfinance,False
2014-07-25,41.793418884277344,81.69999694824219,81.80000305175781,81.0999984741211,81.4000015258789,35220121,yfinance,False
2014-07-28,42.074771881103516,82.25,82.5,81.75,81.8499984741211,24016808,yfinance,False
2014-07-29,42.56074142456055,83.19999694824219,83.30000305175781,82.69999694824219,82.94999694824219,27201662,yfinance,False
2014-07-30,42.7653694152832,83.5999984741211,83.9000015258789,83.25,83.5,28036777,yfinance,False
2014-07-31,42.71420669555664,83.5,84.05000305175781,83.44999694824219,83.9000015258789,21137916,yfinance,False
2014-08-01,42.330562591552734,82.75,83.4000015258789,82.55000305175781,83.4000015258789,18751368,yfinance,False
2014-08-04,41.972469329833984,82.05000305175781,82.5,81.9000015258789,82.0999984741211,16860835,yfinance,False
2014-08-05,42.73979187011719,83.55000305175781,83.6500015258789,82.4000015258789,82.5999984741211,17877165,yfinance,False
2014-08-06,42.611907958984375,83.30000305175781,83.44999694824219,82.44999694824219,82.80000305175781,10575145,yfinance,False
2014-08-07,42.15150451660156,82.4000015258789,82.69999694824219,82.19999694824219,82.69999694824219,11472819,yfinance,False
2014-08-08,41.92131042480469,81.94999694824219,82.9000015258789,81.8499984741211,82.0,10722996,yfinance,False
2014-08-11,42.0491943359375,82.19999694824219,82.5,81.94999694824219,82.5,9431306,yfinance,False
2014-08-12,41.870155334472656,81.8499984741211,81.8499984741211,81.25,81.44999694824219,14053286,yfinance,False
2014-08-13,42.253814697265625,82.5999984741211,82.6500015258789,81.69999694824219,82.0,8381550,yfinance,False
2014-08-14,42.38170623779297,82.8499984741211,83.19999694824219,82.55000305175781,82.5999984741211,10671356,yfinance,False
2014-08-15,42.918827056884766,83.9000015258789,84.1500015258789,83.75,84.0,26053282,yfinance,False
2014-08-18,42.71420669555664,83.5,83.5999984741211,82.69999694824219,83.4000015258789,14655255,yfinance,False
2014-08-19,42.842098236083984,83.75,83.8499984741211,83.0999984741211,83.4000015258789,12750280,yfinance,False
2014-08-20,42.75253677368164,82.80000305175781,83.0,82.5999984741211,82.6500015258789,10174390,yfinance,False
2014-08-21,42.571807861328125,82.44999694824219,82.80000305175781,82.30000305175781,82.6500015258789,10007287,yfinance,False
2014-08-22,42.95905303955078,83.19999694824219,83.25,82.44999694824219,82.44999694824219,12187564,yfinance,False
2014-08-25,43.21723175048828,83.69999694824219,83.80000305175781,82.6500015258789,83.05000305175781,12093153,yfinance,False
2014-08-26,43.06233215332031,83.4000015258789,83.69999694824219,83.3499984741211,83.5,8458653,yfinance,False
2014-08-27,42.77834701538086,82.8499984741211,83.69999694824219,82.80000305175781,83.69999694824219,10343437,yfinance,False
2014-08-28,42.95905303955078,83.19999694824219,83.5,82.80000305175781,83.25,14719421,yfinance,False
2014-08-29,43.191410064697266,83.6500015258789,83.8499984741211,83.0999984741211,83.55000305175781,16540859,yfinance,False
2014-09-01,43.16559982299805,83.5999984741211,84.0,83.44999694824219,83.5,9239373,yfinance,False
2014-09-02,42.95905303955078,83.19999694824219,83.4000015258789,82.8499984741211,83.0999984741211,11379534,yfinance,False
2014-09-03,43.191410064697266,83.6500015258789,83.75,82.55000305175781,82.80000305175781,16558649,yfinance,False
2014-09-04,43.01070022583008,83.30000305175781,83.6500015258789,82.80000305175781,83.4000015258789,12423460,yfinance,False
2014-09-05,43.16559982299805,83.5999984741211,84.0999984741211,83.25,83.44999694824219,31094094,yfinance,False
2014-09-08,42.82998275756836,82.94999694824219,83.69999694824219,82.5999984741211,83.69999694824219,12096081,yfinance,False
2014-09-10,42.46855163574219,82.25,82.75,82.0999984741211,82.75,12290475,yfinance,False
2014-09-11,42.675079345703125,82.6500015258789,82.9000015258789,82.30000305175781,82.75,7992181,yfinance,False
2014-09-12,42.649261474609375,82.5999984741211,82.6500015258789,82.0999984741211,82.44999694824219,4759417,yfinance,False
2014-09-15,42.59763717651367,82.5,82.6500015258789,82.0,82.19999694824219,6942459,yfinance,False
2014-09-16,42.520164489746094,82.3499984741211,82.8499984741211,82.25,82.5,5831905,yfinance,False
2014-09-17,42.80414962768555,82.9000015258789,83.19999694824219,82.69999694824219,82.9000015258789,16272025,yfinance,False
2014-09-18,42.75253677368164,82.80000305175781,83.1500015258789,82.30000305175781,83.1500015258789,11414074,yfinance,False
2014-09-19,43.475399017333984,84.19999694824219,84.4000015258789,83.6500015258789,84.05000305175781,39088900,yfinance,False
2014-09-22,43.1397819519043,83.55000305175781,83.75,83.1500015258789,83.5,10803844,yfinance,False
2014-09-23,42.77834701538086,82.8499984741211,83.5,82.80000305175781,83.19999694824219,7576274,yfinance,False
2014-09-24,42.49435806274414,82.30000305175781,82.94999694824219,82.25,82.69999694824219,11266149,yfinance,False
2014-09-25,42.44272232055664,82.19999694824219,82.69999694824219,82.0,82.5999984741211,8514492,yfinance,False
2014-09-26,42.416908264160156,82.1500015258789,82.25,81.9000015258789,82.0,11224884,yfinance,False
2014-09-29,41.6682243347168,80.69999694824219,81.75,80.5999984741211,81.5999984741211,26721219,yfinance,False
2014-09-30,41.074440002441406,79.55000305175781,80.25,79.5,80.19999694824219,29939221,yfinance,False
2014-10-03,40.60972595214844,78.6500015258789,79.25,77.5999984741211,77.94999694824219,40402573,yfinance,False
2014-10-06,40.84209060668945,79.0999984741211,79.8499984741211,78.25,78.5,29309181,yfinance,False
2014-10-07,40.81627655029297,79.05000305175781,79.5,78.69999694824219,78.69999694824219,21013492,yfinance,False
2014-10-08,40.86790466308594,79.1500015258789,79.19999694824219,78.6500015258789,78.75,11623367,yfinance,False
2014-10-09,41.20352554321289,79.80000305175781,80.1500015258789,79.44999694824219,79.5,13621539,yfinance,False
2014-10-10,40.480655670166016,78.4000015258789,78.80000305175781,78.25,78.3499984741211,24027491,yfinance,False
2014-10-13,40.37739181518555,78.19999694824219,78.30000305175781,77.5,77.55000305175781,27974325,yfinance,False
2014-10-14,40.58393478393555,78.5999984741211,79.5,78.3499984741211,78.44999694824219,11495754,yfinance,False
2014-10-15,40.58393478393555,78.5999984741211,78.9000015258789,78.0,78.30000305175781,9950789,yfinance,False
2014-10-16,40.09341049194336,77.6500015258789,78.0,77.19999694824219,77.4000015258789,27082172,yfinance,False
2014-10-17,40.22248458862305,77.9000015258789,78.0,77.30000305175781,77.30000305175781,27568112,yfinance,False
2014-10-20,40.041778564453125,77.55000305175781,78.25,77.44999694824219,78.19999694824219,17481413,yfinance,False
2014-10-21,40.14503479003906,77.75,78.05000305175781,77.5,77.5,12729791,yfinance,False
2014-10-22,40.480655670166016,78.4000015258789,78.80000305175781,78.05000305175781,78.3499984741211,13552499,yfinance,False
2014-10-23,40.67648696899414,78.0,78.05000305175781,77.5,77.5999984741211,9956099,yfinance,False
2014-10-24,40.650413513183594,77.94999694824219,78.0999984741211,77.5999984741211,78.0,7611798,yfinance,False
2014-10-27,40.83293533325195,78.30000305175781,78.4000015258789,77.69999694824219,78.25,15694262,yfinance,False
2014-10-28,41.1197624206543,78.8499984741211,79.0,78.05000305175781,78.05000305175781,16243375,yfinance,False
2014-10-29,41.22405242919922,79.05000305175781,79.19999694824219,78.44999694824219,78.44999694824219,17032066,yfinance,False
2014-10-30,40.911155700683594,78.44999694824219,78.80000305175781,78.19999694824219,78.5999984741211,11818399,yfinance,False
2014-10-31,41.1197624206543,78.8499984741211,79.1500015258789,78.1500015258789,78.44999694824219,13380706,yfinance,False
2014-11-03,41.015445709228516,78.6500015258789,79.05000305175781,78.5999984741211,79.0,8105908,yfinance,False
2014-11-04,40.806861877441406,78.25,78.80000305175781,77.80000305175781,78.0999984741211,13728301,yfinance,False
2014-11-05,40.62433624267578,77.9000015258789,78.1500015258789,77.80000305175781,78.1500015258789,10402159,yfinance,False
2014-11-06,40.728633880615234,78.0999984741211,78.44999694824219,78.05000305175781,78.30000305175781,5292533,yfinance,False
2014-11-07,40.650413513183594,77.94999694824219,78.5999984741211,77.6500015258789,78.0,10047199,yfinance,False
2014-11-10,40.728633880615234,78.0999984741211,79.4000015258789,77.94999694824219,79.0,18863747,yfinance,False
2014-11-11,40.70255661010742,78.05000305175781,78.30000305175781,77.80000305175781,78.0,9059448,yfinance,False
2014-11-12,40.93724060058594,78.5,78.6500015258789,78.0999984741211,78.1500015258789,8185591,yfinance,False
2014-11-13,40.780784606933594,78.19999694824219,78.30000305175781,77.94999694824219,78.0,10130213,yfinance,False
2014-11-14,40.598270416259766,77.8499984741211,78.19999694824219,77.80000305175781,78.0,13560844,yfinance,False
2014-11-17,40.44182586669922,77.55000305175781,78.1500015258789,77.3499984741211,77.94999694824219,11463427,yfinance,False
2014-11-18,40.25928497314453,77.19999694824219,77.94999694824219,77.0999984741211,77.5,10340772,yfinance,False
2014-11-19,40.181068420410156,77.05000305175781,77.30000305175781,76.94999694824219,77.0999984741211,10563819,yfinance,False
2014-11-20,40.076786041259766,76.8499984741211,77.1500015258789,76.80000305175781,77.0,10774947,yfinance,False
2014-11-21,39.89425277709961,76.5,76.55000305175781,76.19999694824219,76.4000015258789,17422983,yfinance,False
2014-11-24,40.20714569091797,77.0999984741211,77.25,76.94999694824219,76.94999694824219,14555087,yfinance,False
2014-11-25,40.181068420410156,77.05000305175781,77.19999694824219,76.8499984741211,76.94999694824219,9696523,yfinance,False
2014-11-26,40.650413513183594,77.94999694824219,78.25,77.19999694824219,77.19999694824219,14962265,yfinance,False
2014-11-27,40.44182586669922,77.55000305175781,78.0,77.3499984741211,78.0,10869128,yfinance,False
2014-11-28,40.181068420410156,77.05000305175781,77.3499984741211,76.9000015258789,77.30000305175781,12299007,yfinance,False
2014-12-01,39.68564987182617,76.0999984741211,77.0,76.0,76.5,24745120,yfinance,False
2014-12-02,39.84209442138672,76.4000015258789,76.8499984741211,76.0,76.0999984741211,13252445,yfinance,False
2014-12-03,39.92032241821289,76.55000305175781,77.5999984741211,76.5,77.0,13096670,yfinance,False
2014-12-04,40.23322296142578,77.1500015258789,77.25,76.55000305175781,77.0,13788878,yfinance,False
2014-12-05,40.181068420410156,77.05000305175781,77.3499984741211,76.5,76.69999694824219,27691602,yfinance,False
2014-12-08,40.33750915527344,77.3499984741211,77.69999694824219,77.30000305175781,77.55000305175781,10371666,yfinance,False
2014-12-09,39.9463996887207,76.5999984741211,77.05000305175781,76.5,76.80000305175781,12973929,yfinance,False
2014-12-10,39.86817932128906,76.44999694824219,76.5,76.05000305175781,76.30000305175781,12647661,yfinance,False
2014-12-11,39.529212951660156,75.80000305175781,75.94999694824219,75.55000305175781,75.9000015258789,14278435,yfinance,False
2014-12-12,39.19023513793945,75.1500015258789,75.25,75.05000305175781,75.19999694824219,20458410,yfinance,False
2014-12-15,38.642669677734375,74.0999984741211,74.19999694824219,73.5999984741211,73.9000015258789,21034540,yfinance,False
2014-12-16,37.86044692993164,72.5999984741211,72.69999694824219,72.4000015258789,72.44999694824219,37554960,yfinance,False
2014-12-17,37.8343505859375,72.55000305175781,73.0999984741211,72.5,72.5999984741211,25643412,yfinance,False
2014-12-18,37.62575149536133,72.1500015258789,72.75,71.94999694824219,72.5,28050848,yfinance,False
2014-12-19,38.27762222290039,73.4000015258789,73.5,72.5999984741211,72.75,16883908,yfinance,False
2014-12-22,38.642669677734375,74.0999984741211,74.19999694824219,73.5,73.5,9622131,yfinance,False
2014-12-23,38.72088623046875,74.25,74.5,74.05000305175781,74.0999984741211,5670212,yfinance,False
2014-12-24,38.72088623046875,74.25,74.4000015258789,73.9000015258789,74.0,4339210,yfinance,False
2014-12-29,39.085933685302734,74.94999694824219,75.25,74.3499984741211,74.3499984741211,11479640,yfinance,False
2014-12-30,38.642669677734375,74.0999984741211,74.80000305175781,74.0,74.80000305175781,7654042,yfinance,False
2014-12-31,38.59049987792969,74.0,74.05000305175781,73.55000305175781,74.0,5298119,yfinance,False
2015-01-02,38.59049987792969,74.0,74.0999984741211,73.5,73.5999984741211,8614012,yfinance,False
2015-01-05,38.016876220703125,72.9000015258789,73.3499984741211,72.80000305175781,73.1500015258789,21629040,yfinance,False
2015-01-06,37.417152404785156,71.75,71.8499984741211,71.3499984741211,71.80000305175781,35110417,yfinance,False
2015-01-07,37.02602767944336,71.0,71.0999984741211,70.44999694824219,70.5,35378291,yfinance,False
2015-01-08,37.13032531738281,71.19999694824219,71.4000015258789,71.0,71.05000305175781,21320949,yfinance,False
2015-01-09,37.078182220458984,71.0999984741211,71.44999694824219,71.0,71.30000305175781,22291858,yfinance,False
2015-01-12,37.078182220458984,71.0999984741211,71.19999694824219,70.6500015258789,71.0,13748156,yfinance,False
2015-01-13,37.182491302490234,71.30000305175781,71.5,70.80000305175781,71.0999984741211,14096443,yfinance,False
2015-01-14,36.947811126708984,70.8499984741211,71.0999984741211,70.69999694824219,71.0999984741211,17300306,yfinance,False
2015-01-15,36.81744384765625,70.5999984741211,70.69999694824219,70.19999694824219,70.30000305175781,22843530,yfinance,False
2015-01-16,36.60883712768555,70.19999694824219,70.4000015258789,69.80000305175781,70.19999694824219,27842543,yfinance,False
2015-01-19,36.47846984863281,69.94999694824219,70.1500015258789,69.75,70.0,25091671,yfinance,False
2015-01-20,36.60883712768555,70.19999694824219,70.5,69.9000015258789,70.0999984741211,12456297,yfinance,False
2015-01-21,36.81744384765625,70.5999984741211,70.94999694824219,70.0999984741211,70.0999984741211,13764414,yfinance,False
2015-01-22,37.49538040161133,71.9000015258789,72.05000305175781,70.6500015258789,70.9000015258789,24935358,yfinance,False
2015-01-23,38.12116622924805,73.0999984741211,73.8499984741211,72.69999694824219,72.80000305175781,40728053,yfinance,False
2015-01-26,37.86044692993164,72.5999984741211,72.75,72.1500015258789,72.44999694824219,22321051,yfinance,False
2015-01-27,38.22548294067383,73.30000305175781,73.4000015258789,72.9000015258789,73.0999984741211,17506032,yfinance,False
2015-01-28,38.06901931762695,73.0,73.30000305175781,72.6500015258789,72.8499984741211,13587069,yfinance,False
2015-01-29,37.70397186279297,72.30000305175781,72.5999984741211,72.19999694824219,72.5,16334586,yfinance,False
2015-01-30,37.782196044921875,72.44999694824219,72.80000305175781,72.19999694824219,72.69999694824219,11676459,yfinance,False
2015-02-02,37.15640640258789,71.25,71.44999694824219,71.0999984741211,71.4000015258789,20395461,yfinance,False
2015-02-03,37.28677749633789,71.5,71.80000305175781,71.25,71.4000015258789,11399853,yfinance,False
2015-02-04,37.756126403808594,72.4000015258789,72.80000305175781,72.19999694824219,72.30000305175781,12576825,yfinance,False
2015-02-05,37.65182876586914,72.19999694824219,72.4000015258789,71.6500015258789,72.19999694824219,12310710,yfinance,False
2015-02-06,37.99079895019531,72.8499984741211,72.9000015258789,72.30000305175781,72.4000015258789,11090193,yfinance,False
2015-02-09,37.96472930908203,72.80000305175781,73.05000305175781,72.6500015258789,73.05000305175781,13886889,yfinance,False
2015-02-10,37.46930694580078,71.8499984741211,72.0,71.5,71.9000015258789,16366612,yfinance,False
2015-02-11,36.634910583496094,70.25,71.05000305175781,70.0,71.05000305175781,33534722,yfinance,False
2015-02-12,36.92173385620117,70.80000305175781,71.0,70.1500015258789,70.19999694824219,16786855,yfinance,False
2015-02-13,37.417152404785156,71.75,71.9000015258789,71.05000305175781,71.05000305175781,15473870,yfinance,False
2015-02-16,37.391082763671875,71.69999694824219,71.9000015258789,71.5999984741211,71.9000015258789,10475019,yfinance,False
2015-02-17,37.573604583740234,72.05000305175781,72.19999694824219,71.69999694824219,72.0,16268284,yfinance,False
2015-02-18,37.521461486816406,71.94999694824219,72.05000305175781,71.75,71.9000015258789,3865675,yfinance,False
2015-02-23,37.54752731323242,72.0,72.30000305175781,71.5,72.1500015258789,13168218,yfinance,False
2015-02-24,36.21772003173828,69.44999694824219,69.6500015258789,69.1500015258789,69.25,48929887,yfinance,False
2015-02-25,36.530616760253906,70.05000305175781,70.30000305175781,69.80000305175781,69.80000305175781,22140326,yfinance,False
2015-02-26,36.452388763427734,69.9000015258789,70.1500015258789,69.5999984741211,69.69999694824219,20358377,yfinance,False
2015-02-27,36.40024185180664,69.80000305175781,70.05000305175781,69.69999694824219,69.80000305175781,20347699,yfinance,False
2015-03-02,36.269874572753906,69.55000305175781,69.80000305175781,69.5,69.55000305175781,22019387,yfinance,False
2015-03-03,36.374168395996094,69.75,69.94999694824219,69.55000305175781,69.69999694824219,16249506,yfinance,False
2015-03-04,36.40024185180664,69.80000305175781,70.05000305175781,69.5,69.69999694824219,20309714,yfinance,False
2015-03-05,36.21358871459961,67.9000015258789,68.19999694824219,67.69999694824219,68.0999984741211,30181208,yfinance,False
2015-03-06,36.16025924682617,67.80000305175781,67.8499984741211,67.3499984741211,67.5,39400636,yfinance,False
2015-03-09,35.52025604248047,66.5999984741211,66.8499984741211,66.55000305175781,66.6500015258789,33549723,yfinance,False
2015-03-10,35.78691482543945,67.0999984741211,67.0999984741211,66.5999984741211,66.5999984741211,27247918,yfinance,False
2015-03-11,35.1735725402832,65.94999694824219,66.19999694824219,65.9000015258789,66.0999984741211,33513753,yfinance,False
2015-03-12,34.96024703979492,65.55000305175781,65.6500015258789,65.30000305175781,65.5,26294738,yfinance,False
2015-03-13,34.666908264160156,65.0,65.25,64.8499984741211,65.19999694824219,31886532,yfinance,False
2015-03-16,34.4802360534668,64.6500015258789,64.69999694824219,64.3499984741211,64.5,17798925,yfinance,False
2015-03-17,34.693572998046875,65.05000305175781,65.4000015258789,64.5999984741211,64.6500015258789,17671914,yfinance,False
2015-03-18,35.14690399169922,65.9000015258789,66.25,65.4000015258789,65.44999694824219,21689089,yfinance,False
2015-03-19,35.52025604248047,66.5999984741211,66.75,66.44999694824219,66.5999984741211,17896739,yfinance,False
2015-03-20,35.440242767333984,66.44999694824219,66.5999984741211,66.05000305175781,66.19999694824219,13071829,yfinance,False
2015-03-23,35.920257568359375,67.3499984741211,67.94999694824219,67.1500015258789,67.3499984741211,21868511,yfinance,False
2015-03-24,35.78691482543945,67.0999984741211,67.44999694824219,66.9000015258789,67.4000015258789,13058788,yfinance,False
2015-03-25,35.920257568359375,67.3499984741211,67.4000015258789,66.9000015258789,66.9000015258789,17306629,yfinance,False
2015-03-26,35.920257568359375,67.3499984741211,67.5999984741211,67.0,67.0,10036699,yfinance,False
2015-03-27,35.920257568359375,67.3499984741211,67.55000305175781,67.0999984741211,67.3499984741211,9120820,yfinance,False
2015-03-30,35.7069206237793,66.94999694824219,67.3499984741211,66.9000015258789,67.05000305175781,19944196,yfinance,False
2015-03-31,35.54691696166992,66.6500015258789,66.94999694824219,66.5,66.5,14966791,yfinance,False
2015-04-01,35.49358367919922,66.55000305175781,66.5999984741211,66.0,66.0,15374884,yfinance,False
2015-04-02,35.73358917236328,67.0,67.30000305175781,66.55000305175781,66.9000015258789,15083394,yfinance,False
2015-04-08,36.40026092529297,68.25,68.30000305175781,67.5,67.69999694824219,34696414,yfinance,False
2015-04-09,36.56025695800781,68.55000305175781,69.44999694824219,67.30000305175781,67.69999694824219,49534021,yfinance,False
2015-04-10,36.906917572021484,69.19999694824219,69.4000015258789,68.5999984741211,69.4000015258789,33054025,yfinance,False
2015-04-13,37.44026565551758,70.19999694824219,70.44999694824219,69.19999694824219,69.19999694824219,42884280,yfinance,False
2015-04-14,37.68027877807617,70.6500015258789,71.69999694824219,70.30000305175781,70.5,45840246,yfinance,False
2015-04-15,37.76027297973633,70.80000305175781,71.4000015258789,70.69999694824219,71.3499984741211,29516919,yfinance,False
2015-04-16,37.54692840576172,70.4000015258789,71.19999694824219,70.30000305175781,71.0999984741211,24012898,yfinance,False
2015-04-17,37.62693405151367,70.55000305175781,70.6500015258789,69.9000015258789,70.5,25698501,yfinance,False
2015-04-20,37.57360076904297,70.44999694824219,70.55000305175781,69.80000305175781,70.4000015258789,27550046,yfinance,False
2015-04-21,37.786930084228516,70.8499984741211,70.94999694824219,70.25,70.8499984741211,18330349,yfinance,False
2015-04-22,37.57360076904297,70.44999694824219,70.8499984741211,70.3499984741211,70.5999984741211,20058561,yfinance,False
2015-04-23,37.76027297973633,70.80000305175781,71.05000305175781,70.5,70.8499984741211,19511092,yfinance,False
2015-04-24,39.36027145385742,73.80000305175781,73.94999694824219,70.94999694824219,71.0999984741211,56226775,yfinance,False
2015-04-27,40.77362823486328,76.44999694824219,78.25,76.0,76.0,146695474,yfinance,False
2015-04-28,40.746952056884766,76.4000015258789,76.94999694824219,76.0999984741211,76.5,36961809,yfinance,False
2015-04-29,41.30696105957031,77.44999694824219,77.80000305175781,76.25,76.55000305175781,37802281,yfinance,False
2015-04-30,41.040287017822266,76.94999694824219,77.80000305175781,76.69999694824219,77.55000305175781,30599257,yfinance,False
2015-05-04,40.32027816772461,75.5999984741211,76.5,75.3499984741211,76.4000015258789,30752542,yfinance,False
2015-05-05,39.9202766418457,74.8499984741211,76.19999694824219,74.69999694824219,75.94999694824219,25859252,yfinance,False
2015-05-06,39.70693588256836,74.44999694824219,75.3499984741211,74.05000305175781,74.1500015258789,33206893,yfinance,False
2015-05-07,39.86695098876953,74.75,75.55000305175781,74.3499984741211,74.55000305175781,25310481,yfinance,False
2015-05-08,40.82695388793945,76.55000305175781,77.0,75.05000305175781,75.3499984741211,37785690,yfinance,False
2015-05-11,40.40028762817383,75.75,76.8499984741211,75.69999694824219,76.80000305175781,20140103,yfinance,False
2015-05-12,40.080284118652344,75.1500015258789,76.0,75.0999984741211,75.94999694824219,21971966,yfinance,False
2015-05-13,39.86695098876953,74.75,75.3499984741211,74.44999694824219,75.0,19136308,yfinance,False
2015-05-14,39.89361572265625,74.80000305175781,74.9000015258789,74.30000305175781,74.5,13252457,yfinance,False
2015-05-15,40.34695053100586,75.6500015258789,76.30000305175781,75.1500015258789,75.4000015258789,24095075,yfinance,False
2015-05-18,40.080284118652344,75.1500015258789,75.44999694824219,74.6500015258789,75.3499984741211,15642551,yfinance,False
2015-05-19,39.81362533569336,74.6500015258789,75.25,74.5999984741211,74.9000015258789,15339367,yfinance,False
2015-05-20,39.78694152832031,74.5999984741211,74.8499984741211,74.19999694824219,74.4000015258789,19179113,yfinance,False
2015-05-21,40.062889099121094,74.25,74.55000305175781,73.80000305175781,74.30000305175781,12761958,yfinance,False
2015-05-22,40.54850769042969,75.1500015258789,75.44999694824219,74.4000015258789,74.5,16997138,yfinance,False
2015-05-26,40.25174331665039,74.5999984741211,75.5999984741211,74.4000015258789,75.4000015258789,23927252,yfinance,False
2015-05-27,40.00893020629883,74.1500015258789,74.4000015258789,73.6500015258789,73.9000015258789,19289880,yfinance,False
2015-05-28,39.63123321533203,73.44999694824219,74.44999694824219,73.30000305175781,74.44999694824219,32882272,yfinance,False
2015-05-29,40.00893020629883,74.1500015258789,74.25,73.5999984741211,73.8499984741211,28639294,yfinance,False
2015-06-01,39.8470573425293,73.8499984741211,74.5999984741211,73.75,73.80000305175781,19400995,yfinance,False
2015-06-02,39.685203552246094,73.55000305175781,73.80000305175781,73.25,73.25,17394213,yfinance,False
2015-06-03,39.8740348815918,73.9000015258789,74.25,73.55000305175781,74.19999694824219,17140957,yfinance,False
2015-06-04,39.79309844970703,73.75,74.4000015258789,72.8499984741211,74.0,26990743,yfinance,False
2015-06-05,39.442386627197266,73.0999984741211,74.0,72.8499984741211,73.30000305175781,28472310,yfinance,False
2015-06-08,39.685203552246094,73.55000305175781,73.6500015258789,72.8499984741211,73.0,17195726,yfinance,False
2015-06-09,39.5233268737793,73.25,75.30000305175781,72.94999694824219,73.80000305175781,37789117,yfinance,False
2015-06-10,39.30748748779297,72.8499984741211,73.25,72.5999984741211,73.0,27469137,yfinance,False
2015-06-11,39.46936798095703,73.1500015258789,73.69999694824219,73.0,73.4000015258789,14455090,yfinance,False
2015-06-12,39.5233268737793,73.25,73.55000305175781,72.8499984741211,73.1500015258789,12222738,yfinance,False
2015-06-15,39.172607421875,72.5999984741211,73.4000015258789,72.5999984741211,73.0,9785118,yfinance,False
2015-06-16,38.82188034057617,71.94999694824219,72.69999694824219,71.8499984741211,72.30000305175781,13642102,yfinance,False
2015-06-17,38.7949104309082,71.9000015258789,72.4000015258789,71.69999694824219,71.94999694824219,11863096,yfinance,False
2015-06-18,39.0646858215332,72.4000015258789,72.5999984741211,71.94999694824219,72.0,9348384,yfinance,False
2015-06-19,39.11864471435547,72.5,72.55000305175781,71.94999694824219,72.3499984741211,12843177,yfinance,False
2015-06-22,39.63123321533203,73.44999694824219,73.6500015258789,72.19999694824219,72.5,13808018,yfinance,False
2015-06-23,39.76613235473633,73.69999694824219,73.80000305175781,73.19999694824219,73.44999694824219,10968473,yfinance,False
2015-06-24,39.73915481567383,73.6500015258789,73.69999694824219,73.0,73.5,7704993,yfinance,False
2015-06-25,39.415409088134766,73.05000305175781,73.44999694824219,72.94999694824219,73.0999984741211,9080729,yfinance,False
2015-06-26,38.82188034057617,71.94999694824219,72.80000305175781,71.75,72.80000305175781,20578260,yfinance,False
2015-06-29,37.90462875366211,70.25,71.0,70.0,71.0,36936523,yfinance,False
2015-06-30,37.85067367553711,70.1500015258789,70.6500015258789,69.6500015258789,70.0,22365314,yfinance,False
2015-07-02,37.52692413330078,69.55000305175781,69.75,69.30000305175781,69.5,20612753,yfinance,False
2015-07-03,37.52692413330078,69.55000305175781,70.25,69.44999694824219,70.1500015258789,13639646,yfinance,False
2015-07-06,36.63663101196289,67.9000015258789,68.8499984741211,67.0,68.5,42320641,yfinance,False
2015-07-07,36.93339538574219,68.44999694824219,69.0,68.30000305175781,68.80000305175781,19813633,yfinance,False
2015-07-08,35.476566314697266,65.75,67.5999984741211,65.0,67.5999984741211,58213076,yfinance,False
2015-07-09,36.555702209472656,67.75,67.9000015258789,65.3499984741211,66.0,38403252,yfinance,False
2015-07-10,36.74454879760742,68.0999984741211,68.44999694824219,67.0,67.0,31349528,yfinance,False
2015-07-13,37.257144927978516,69.05000305175781,69.5,67.0,67.05000305175781,27983586,yfinance,False
2015-07-14,36.98735809326172,68.55000305175781,69.0,68.0,68.0999984741211,18993362,yfinance,False
2015-07-15,37.20317459106445,68.94999694824219,69.44999694824219,68.69999694824219,69.4000015258789,12937058,yfinance,False
2015-07-16,37.71576690673828,69.9000015258789,69.94999694824219,68.94999694824219,69.19999694824219,13656637,yfinance,False
2015-07-17,37.931602478027344,70.30000305175781,70.44999694824219,70.05000305175781,70.05000305175781,13499358,yfinance,False
2015-07-20,38.201385498046875,70.80000305175781,70.94999694824219,70.0999984741211,70.0999984741211,10681195,yfinance,False
2015-07-21,38.22835922241211,70.8499984741211,71.0,70.4000015258789,70.4000015258789,6685259,yfinance,False
2015-07-22,37.85067367553711,70.1500015258789,70.8499984741211,69.8499984741211,70.5999984741211,8818045,yfinance,False
2015-07-23,37.95857620239258,70.3499984741211,70.5999984741211,69.9000015258789,70.0,6759374,yfinance,False
2015-07-24,37.31108856201172,69.1500015258789,69.8499984741211,69.0,69.80000305175781,10338028,yfinance,False
2015-07-27,36.555702209472656,67.75,68.6500015258789,67.5999984741211,68.5,17881549,yfinance,False
2015-07-28,37.14922332763672,68.8499984741211,69.5999984741211,67.9000015258789,68.05000305175781,20105291,yfinance,False
2015-07-29,37.52692413330078,69.55000305175781,69.80000305175781,69.1500015258789,69.4000015258789,9156248,yfinance,False
2015-07-30,37.55390167236328,69.5999984741211,70.19999694824219,69.4000015258789,70.0,9708012,yfinance,False
2015-07-31,37.60785675048828,69.69999694824219,69.94999694824219,69.3499984741211,69.5999984741211,8526051,yfinance,False
2015-08-03,38.33627700805664,71.05000305175781,71.5,69.3499984741211,69.80000305175781,27405629,yfinance,False
2015-08-04,37.74275207519531,69.94999694824219,70.80000305175781,69.80000305175781,70.25,15014828,yfinance,False
2015-08-05,38.444183349609375,71.25,71.30000305175781,69.94999694824219,70.0,14589821,yfinance,False
2015-08-06,38.52512741088867,71.4000015258789,71.44999694824219,70.94999694824219,71.44999694824219,10234114,yfinance,False
2015-08-07,38.33627700805664,71.05000305175781,71.44999694824219,70.55000305175781,70.55000305175781,6854834,yfinance,False
2015-08-10,37.71576690673828,69.9000015258789,70.8499984741211,69.5999984741211,70.80000305175781,14511574,yfinance,False
2015-08-11,37.82368087768555,70.0999984741211,70.9000015258789,69.8499984741211,70.25,14949761,yfinance,False
2015-08-12,37.04132080078125,68.6500015258789,70.0,68.4000015258789,69.75,21456207,yfinance,False
2015-08-13,37.42985916137695,68.5,68.5999984741211,67.75,68.0999984741211,14034652,yfinance,False
2015-08-14,37.15665054321289,68.0,68.44999694824219,67.8499984741211,68.0999984741211,11361424,yfinance,False
2015-08-17,36.965396881103516,67.6500015258789,68.1500015258789,67.5999984741211,67.80000305175781,10843750,yfinance,False
2015-08-18,36.66487503051758,67.0999984741211,67.9000015258789,67.0,67.5999984741211,13297378,yfinance,False
2015-08-19,36.28237533569336,66.4000015258789,67.5,66.3499984741211,67.44999694824219,22261008,yfinance,False
2015-08-20,35.7086296081543,65.3499984741211,66.1500015258789,65.19999694824219,66.0,27784494,yfinance,False
2015-08-21,35.462745666503906,64.9000015258789,65.19999694824219,64.0,65.0,32446985,yfinance,False
2015-08-24,33.932762145996094,62.099998474121094,62.849998474121094,62.0,62.70000076293945,37979248,yfinance,False
2015-08-25,33.71419143676758,61.70000076293945,62.400001525878906,60.0,60.099998474121094,51296109,yfinance,False
2015-08-26,33.11313247680664,60.599998474121094,61.75,60.5,61.150001525878906,26223499,yfinance,False
2015-08-27,33.57758331298828,61.45000076293945,61.900001525878906,60.79999923706055,61.04999923706055,29624118,yfinance,False
2015-08-28,33.41366195678711,61.150001525878906,62.5,61.04999923706055,62.5,26251957,yfinance,False
2015-08-31,33.495628356933594,61.29999923706055,61.75,61.099998474121094,61.5,16199722,yfinance,False
2015-09-01,33.05849075317383,60.5,61.599998474121094,60.45000076293945,61.29999923706055,19830828,yfinance,False
2015-09-02,32.45742416381836,59.400001525878906,60.099998474121094,59.29999923706055,59.900001525878906,34347667,yfinance,False
2015-09-04,32.45742416381836,59.400001525878906,59.849998474121094,59.0,59.400001525878906,24410196,yfinance,False
2015-09-07,31.80172348022461,58.20000076293945,59.099998474121094,58.099998474121094,58.70000076293945,28009616,yfinance,False
2015-09-08,32.839927673339844,60.099998474121094,60.45000076293945,58.29999923706055,58.400001525878906,22910847,yfinance,False
2015-09-09,33.98741149902344,62.20000076293945,62.349998474121094,60.599998474121094,61.0,28265577,yfinance,False
2015-09-10,33.222408294677734,60.79999923706055,61.5,60.599998474121094,60.75,20911392,yfinance,False
2015-09-11,33.031166076660156,60.45000076293945,61.0,60.0,60.849998474121094,48652365,yfinance,False
2015-09-14,33.195091247558594,60.75,61.150001525878906,60.5,60.849998474121094,29734323,yfinance,False
2015-09-15,32.839927673339844,60.099998474121094,60.400001525878906,60.0,60.150001525878906,16501746,yfinance,False
2015-09-16,33.495628356933594,61.29999923706055,61.5,60.70000076293945,61.04999923706055,15209338,yfinance,False
2015-09-17,33.35902404785156,61.04999923706055,61.79999923706055,60.849998474121094,61.70000076293945,14075669,yfinance,False
2015-09-18,32.9218864440918,60.25,60.849998474121094,60.099998474121094,60.5,20401702,yfinance,False
2015-09-21,32.73063659667969,59.900001525878906,60.099998474121094,59.20000076293945,59.5,22338441,yfinance,False
2015-09-22,32.89456558227539,60.20000076293945,61.150001525878906,59.900001525878906,60.0,22279209,yfinance,False
2015-09-23,32.23884963989258,59.0,59.099998474121094,58.54999923706055,58.900001525878906,49971348,yfinance,False
2015-09-24,32.047607421875,58.650001525878906,59.20000076293945,58.599998474121094,58.75,19337907,yfinance,False
2015-09-25,32.10225296020508,58.75,58.900001525878906,58.25,58.349998474121094,26997684,yfinance,False
2015-09-29,31.17333221435547,57.04999923706055,57.95000076293945,56.79999923706055,57.95000076293945,42012271,yfinance,False
2015-09-30,31.501190185546875,57.650001525878906,57.95000076293945,57.5,57.599998474121094,20754133,yfinance,False
2015-10-02,32.43010330200195,59.349998474121094,59.650001525878906,58.849998474121094,59.099998474121094,23420397,yfinance,False
2015-10-05,33.14045715332031,60.650001525878906,60.70000076293945,60.099998474121094,60.29999923706055,24914750,yfinance,False
2015-10-06,33.11313247680664,60.599998474121094,61.400001525878906,60.45000076293945,61.150001525878906,13472959,yfinance,False
2015-10-07,33.90544128417969,62.04999923706055,62.150001525878906,60.849998474121094,60.849998474121094,31355489,yfinance,False
2015-10-08,34.04204559326172,62.29999923706055,62.900001525878906,61.849998474121094,62.900001525878906,24489389,yfinance,False
2015-10-09,34.2332878112793,62.650001525878906,63.20000076293945,62.599998474121094,62.900001525878906,28104921,yfinance,False
2015-10-12,34.56114196777344,63.25,63.29999923706055,62.79999923706055,63.20000076293945,13549340,yfinance,False
2015-10-13,33.98741149902344,62.20000076293945,63.20000076293945,62.20000076293945,63.20000076293945,9079962,yfinance,False
2015-10-14,33.68688201904297,61.650001525878906,61.70000076293945,61.099998474121094,61.25,16103493,yfinance,False
2015-10-15,33.98741149902344,62.20000076293945,62.650001525878906,61.70000076293945,62.099998474121094,17600259,yfinance,False
2015-10-16,34.28794479370117,62.75,62.900001525878906,62.25,62.900001525878906,13229646,yfinance,False
2015-10-19,34.17865753173828,62.54999923706055,62.70000076293945,62.04999923706055,62.20000076293945,10439704,yfinance,False
2015-10-20,34.04204559326172,62.29999923706055,62.400001525878906,62.099998474121094,62.29999923706055,11835076,yfinance,False
2015-10-22,33.632633209228516,60.70000076293945,60.79999923706055,60.5,60.599998474121094,20421167,yfinance,False
2015-10-23,33.85426330566406,61.099998474121094,61.29999923706055,60.849998474121094,61.20000076293945,17326807,yfinance,False
2015-10-26,33.99278259277344,61.349998474121094,61.79999923706055,61.20000076293945,61.70000076293945,9930327,yfinance,False
2015-10-27,33.96508026123047,61.29999923706055,61.54999923706055,61.099998474121094,61.5,8635251,yfinance,False
2015-10-28,33.71574783325195,60.849998474121094,61.0,60.79999923706055,60.849998474121094,11712075,yfinance,False
2015-10-29,33.85426330566406,61.099998474121094,61.5,61.0,61.29999923706055,11594648,yfinance,False
2015-10-30,33.79886245727539,61.0,61.150001525878906,60.79999923706055,60.95000076293945,10439246,yfinance,False
2015-11-02,33.41099548339844,60.29999923706055,61.20000076293945,60.20000076293945,60.5,20381613,yfinance,False
2015-11-03,33.52182388305664,60.5,60.900001525878906,60.400001525878906,60.54999923706055,12154269,yfinance,False
2015-11-04,33.68803787231445,60.79999923706055,61.45000076293945,60.29999923706055,60.29999923706055,24579917,yfinance,False
2015-11-05,34.32522964477539,61.95000076293945,62.099998474121094,61.650001525878906,62.0,19249024,yfinance,False
2015-11-06,33.743446350097656,60.900001525878906,61.25,60.79999923706055,61.20000076293945,15268907,yfinance,False
2015-11-09,34.26982116699219,61.849998474121094,62.400001525878906,61.54999923706055,61.650001525878906,23782932,yfinance,False
2015-11-10,34.297523498535156,61.900001525878906,62.099998474121094,61.5,61.75,19497541,yfinance,False
2015-11-11,34.24211502075195,61.79999923706055,61.79999923706055,61.29999923706055,61.54999923706055,11101727,yfinance,False
2015-11-12,34.68537902832031,62.599998474121094,62.599998474121094,61.599998474121094,61.79999923706055,20166968,yfinance,False
2015-11-13,33.82655334472656,61.04999923706055,61.54999923706055,61.0,61.5,20012332,yfinance,False
2015-11-16,33.46640396118164,60.400001525878906,60.54999923706055,60.20000076293945,60.5,17728489,yfinance,False
2015-11-17,33.771141052246094,60.95000076293945,61.25,60.599998474121094,60.70000076293945,10902420,yfinance,False
2015-11-18,33.85426330566406,61.099998474121094,61.25,60.900001525878906,61.25,8901346,yfinance,False
2015-11-19,34.38063430786133,62.04999923706055,62.099998474121094,61.70000076293945,61.70000076293945,16531911,yfinance,False
2015-11-20,34.87931442260742,62.95000076293945,63.0,62.0,62.29999923706055,18764358,yfinance,False
2015-11-23,34.68537902832031,62.599998474121094,62.900001525878906,62.45000076293945,62.70000076293945,11888753,yfinance,False
2015-11-24,34.57456970214844,62.400001525878906,62.599998474121094,62.20000076293945,62.29999923706055,9274630,yfinance,False
2015-11-25,34.32522964477539,61.95000076293945,62.29999923706055,61.79999923706055,62.29999923706055,11315750,yfinance,False
2015-11-26,34.491455078125,62.25,63.0,62.20000076293945,62.79999923706055,12474742,yfinance,False
2015-11-27,34.35293197631836,62.0,62.900001525878906,61.79999923706055,62.900001525878906,19235793,yfinance,False
2015-11-30,34.24211502075195,61.79999923706055,62.099998474121094,61.70000076293945,61.79999923706055,10677877,yfinance,False
2015-12-01,34.71308517456055,62.650001525878906,62.70000076293945,61.900001525878906,62.04999923706055,14287341,yfinance,False
2015-12-02,34.82389831542969,62.849998474121094,63.0,62.75,63.0,12898096,yfinance,False
2015-12-03,34.65767288208008,62.54999923706055,62.650001525878906,62.29999923706055,62.29999923706055,9701749,yfinance,False
2015-12-04,34.075897216796875,61.5,61.900001525878906,61.349998474121094,61.79999923706055,19653617,yfinance,False
2015-12-07,34.18669891357422,61.70000076293945,62.0,61.599998474121094,61.900001525878906,11121155,yfinance,False
2015-12-08,33.71574783325195,60.849998474121094,61.349998474121094,60.599998474121094,61.349998474121094,20908299,yfinance,False
2015-12-09,33.38329315185547,60.25,60.400001525878906,59.75,59.79999923706055,23305138,yfinance,False
2015-12-10,33.43870544433594,60.349998474121094,60.849998474121094,60.0,60.099998474121094,16939684,yfinance,False
2015-12-11,33.27247619628906,60.04999923706055,60.400001525878906,60.0,60.349998474121094,12971676,yfinance,False
2015-12-14,32.94003677368164,59.45000076293945,59.650001525878906,58.900001525878906,59.0,24080939,yfinance,False
2015-12-15,32.63528823852539,58.900001525878906,59.099998474121094,58.79999923706055,58.79999923706055,25256347,yfinance,False
2015-12-16,33.30017852783203,60.099998474121094,60.45000076293945,59.599998474121094,59.650001525878906,17376295,yfinance,False
2015-12-17,34.24211502075195,61.79999923706055,61.849998474121094,61.0,61.0,25119145,yfinance,False
2015-12-18,34.075897216796875,61.5,61.95000076293945,61.099998474121094,61.20000076293945,13396655,yfinance,False
2015-12-21,33.85426330566406,61.099998474121094,61.25,60.900001525878906,61.0,6654609,yfinance,False
2015-12-22,33.85426330566406,61.099998474121094,61.400001525878906,61.0,61.400001525878906,3485696,yfinance,False
2015-12-23,34.10360336303711,61.54999923706055,61.79999923706055,61.0,61.0,8562726,yfinance,False
2015-12-24,34.4360466003418,62.150001525878906,62.25,62.099998474121094,62.099998474121094,7206575,yfinance,False
2015-12-28,34.214420318603516,61.75,62.25,61.650001525878906,62.25,5975189,yfinance,False
2015-12-29,34.51915740966797,62.29999923706055,62.349998474121094,61.599998474121094,61.599998474121094,6279587,yfinance,False
2015-12-30,34.4360466003418,62.150001525878906,62.45000076293945,62.04999923706055,62.45000076293945,6453671,yfinance,False
2015-12-31,34.297523498535156,61.900001525878906,61.95000076293945,61.70000076293945,61.900001525878906,4236641,yfinance,False
2016-01-04,33.46640396118164,60.400001525878906,61.599998474121094,60.150001525878906,61.599998474121094,20504265,yfinance,False
2016-01-05,33.18935775756836,59.900001525878906,60.25,59.70000076293945,59.95000076293945,14738714,yfinance,False
2016-01-06,32.82921600341797,59.25,59.5,59.04999923706055,59.29999923706055,20291156,yfinance,False
2016-01-07,31.748760223388672,57.29999923706055,58.0,57.25,57.95000076293945,57109124,yfinance,False
2016-01-08,31.80416488647461,57.400001525878906,57.849998474121094,56.849998474121094,57.0,40618816,yfinance,False
2016-01-11,31.222383499145508,56.349998474121094,56.650001525878906,56.099998474121094,56.20000076293945,37473545,yfinance,False
2016-01-12,31.305505752563477,56.5,57.20000076293945,56.400001525878906,57.0,23333645,yfinance,False
2016-01-13,31.610239028930664,57.04999923706055,57.599998474121094,56.900001525878906,57.0,21913006,yfinance,False
2016-01-14,31.194679260253906,56.29999923706055,56.45000076293945,55.79999923706055,55.900001525878906,33654823,yfinance,False
2016-01-15,31.083860397338867,56.099998474121094,56.5,56.0,56.29999923706055,23892235,yfinance,False
2016-01-18,30.114229202270508,54.349998474121094,54.650001525878906,54.20000076293945,54.349998474121094,46715135,yfinance,False
2016-01-19,30.169631958007812,54.45000076293945,54.54999923706055,53.70000076293945,53.79999923706055,35093407,yfinance,False
2016-01-20,29.449329376220703,53.150001525878906,54.099998474121094,53.099998474121094,53.650001525878906,36412124,yfinance,False
2016-01-21,28.75672721862793,51.900001525878906,53.20000076293945,51.75,53.099998474121094,49722566,yfinance,False
2016-01-22,29.28310203552246,52.849998474121094,53.099998474121094,52.04999923706055,52.70000076293945,30081814,yfinance,False
2016-01-25,29.698665618896484,53.599998474121094,54.20000076293945,53.5,53.70000076293945,23811323,yfinance,False
2016-01-26,28.70132064819336,51.79999923706055,52.5,51.70000076293945,52.5,28526653,yfinance,False
2016-01-27,29.310815811157227,52.900001525878906,53.29999923706055,52.70000076293945,52.95000076293945,25551210,yfinance,False
2016-01-28,29.560148239135742,53.349998474121094,53.599998474121094,52.79999923706055,52.900001525878906,22593012,yfinance,False
2016-01-29,30.197343826293945,54.5,54.849998474121094,53.29999923706055,53.29999923706055,26970269,yfinance,False
2016-02-01,30.280452728271484,54.650001525878906,55.0,54.45000076293945,54.79999923706055,20814857,yfinance,False
2016-02-02,30.00340461730957,54.150001525878906,54.650001525878906,53.79999923706055,54.0,19482291,yfinance,False
2016-02-03,28.950658798217773,52.25,52.54999923706055,51.900001525878906,52.54999923706055,36916320,yfinance,False
2016-02-04,28.8121337890625,52.0,52.349998474121094,51.95000076293945,52.150001525878906,27031116,yfinance,False
2016-02-05,29.006065368652344,52.349998474121094,52.75,52.150001525878906,52.29999923706055,14190147,yfinance,False
2016-02-11,27.426939010620117,49.5,49.900001525878906,49.400001525878906,49.900001525878906,57492829,yfinance,False
2016-02-12,26.651227951049805,48.099998474121094,48.150001525878906,47.79999923706055,47.95000076293945,44149323,yfinance,False
2016-02-15,27.842493057250977,50.25,50.349998474121094,49.5,49.599998474121094,27861491,yfinance,False
2016-02-16,27.897911071777344,50.349998474121094,50.650001525878906,50.099998474121094,50.25,14928926,yfinance,False
2016-02-17,27.426939010620117,49.5,50.29999923706055,49.400001525878906,50.099998474121094,16038893,yfinance,False
2016-02-18,28.230348587036133,50.95000076293945,51.150001525878906,50.599998474121094,50.849998474121094,15937737,yfinance,False
2016-02-19,27.842493057250977,50.25,50.349998474121094,49.849998474121094,50.20000076293945,17092831,yfinance,False
2016-02-22,27.233015060424805,49.150001525878906,51.25,48.599998474121094,50.349998474121094,49541286,yfinance,False
2016-02-23,27.233015060424805,49.150001525878906,49.70000076293945,48.70000076293945,49.04999923706055,28484295,yfinance,False
2016-02-24,26.983675003051758,48.70000076293945,48.849998474121094,48.400001525878906,48.599998474121094,24572792,yfinance,False
2016-02-25,26.45728874206543,47.75,48.099998474121094,47.650001525878906,48.04999923706055,42846538,yfinance,False
2016-02-26,27.45464515686035,49.54999923706055,49.79999923706055,48.900001525878906,49.0,28829644,yfinance,False
2016-02-29,27.510051727294922,49.650001525878906,50.20000076293945,49.349998474121094,50.04999923706055,17829975,yfinance,False
2016-03-01,27.731679916381836,50.04999923706055,50.150001525878906,49.099998474121094,49.599998474121094,23613890,yfinance,False
2016-03-02,28.202653884887695,50.900001525878906,51.29999923706055,50.45000076293945,50.5,34211835,yfinance,False
2016-03-03,28.419445037841797,49.650001525878906,49.95000076293945,49.45000076293945,49.900001525878906,16025139,yfinance,False
2016-03-04,28.762882232666016,50.25,50.349998474121094,49.650001525878906,49.650001525878906,18674180,yfinance,False
2016-03-07,28.419445037841797,49.650001525878906,50.54999923706055,49.400001525878906,50.04999923706055,24550679,yfinance,False
2016-03-08,28.190488815307617,49.25,49.75,49.150001525878906,49.54999923706055,19506044,yfinance,False
2016-03-09,28.648399353027344,50.04999923706055,50.5,49.400001525878906,49.400001525878906,31118048,yfinance,False
2016-03-10,28.734256744384766,50.20000076293945,50.650001525878906,49.79999923706055,50.150001525878906,24931258,yfinance,False
2016-03-11,28.791505813598633,50.29999923706055,50.599998474121094,49.79999923706055,49.79999923706055,47828976,yfinance,False
2016-03-14,29.02046775817871,50.70000076293945,51.0,50.5,50.5,35826740,yfinance,False
2016-03-15,28.734256744384766,50.20000076293945,50.5,50.099998474121094,50.5,15635270,yfinance,False
2016-03-16,28.533926010131836,49.849998474121094,50.400001525878906,49.79999923706055,50.25,13396144,yfinance,False
2016-03-17,28.87735939025879,50.45000076293945,50.70000076293945,50.20000076293945,50.5,11538725,yfinance,False
2016-03-18,28.61978530883789,50.0,50.349998474121094,49.900001525878906,50.20000076293945,14658126,yfinance,False
2016-03-21,28.791505813598633,50.29999923706055,50.650001525878906,50.150001525878906,50.400001525878906,11813300,yfinance,False
2016-03-22,28.61978530883789,50.0,50.5,49.95000076293945,50.5,12380727,yfinance,False
2016-03-23,28.333576202392578,49.5,49.599998474121094,49.20000076293945,49.5,17432504,yfinance,False
2016-03-24,27.93291664123535,48.79999923706055,49.150001525878906,48.650001525878906,49.0,27542254,yfinance,False
2016-03-29,27.81842613220215,48.599998474121094,48.70000076293945,48.150001525878906,48.5,27907888,yfinance,False
2016-03-30,28.07600212097168,49.04999923706055,49.25,48.349998474121094,48.5,29039907,yfinance,False
2016-03-31,27.70395278930664,48.400001525878906,48.849998474121094,48.349998474121094,48.5,26596982,yfinance,False
2016-04-01,27.446365356445312,47.95000076293945,48.5,47.849998474121094,48.45000076293945,29888783,yfinance,False
2016-04-05,26.759496688842773,46.75,47.5,46.650001525878906,47.45000076293945,48264822,yfinance,False
2016-04-06,26.301586151123047,45.95000076293945,46.150001525878906,45.70000076293945,46.099998474121094,42227380,yfinance,False
2016-04-07,26.215715408325195,45.79999923706055,46.099998474121094,45.650001525878906,45.79999923706055,24693527,yfinance,False
2016-04-08,26.3302001953125,46.0,46.0,45.04999923706055,45.45000076293945,20757579,yfinance,False
2016-04-11,26.444677352905273,46.20000076293945,46.5,45.75,45.95000076293945,30310937,yfinance,False
2016-04-12,26.301586151123047,45.95000076293945,46.20000076293945,45.900001525878906,46.0,18322088,yfinance,False
2016-04-13,27.50361442565918,48.04999923706055,48.099998474121094,46.70000076293945,47.0,42283448,yfinance,False
2016-04-14,28.04738426208496,49.0,49.5,48.900001525878906,49.400001525878906,37866945,yfinance,False
2016-04-15,28.219104766845703,49.29999923706055,49.400001525878906,49.099998474121094,49.20000076293945,20784278,yfinance,False
2016-04-18,28.01875877380371,48.95000076293945,49.099998474121094,48.400001525878906,49.099998474121094,21942259,yfinance,False
2016-04-19,29.049087524414062,50.75,50.79999923706055,49.5,49.5,47902965,yfinance,False
2016-04-20,28.99184226989746,50.650001525878906,50.849998474121094,50.099998474121094,50.75,25004705,yfinance,False
2016-04-21,30.279727935791016,52.900001525878906,52.900001525878906,51.650001525878906,51.849998474121094,60318567,yfinance,False
2016-04-22,29.85043716430664,52.150001525878906,52.45000076293945,51.95000076293945,52.29999923706055,23426317,yfinance,False
2016-04-25,29.449756622314453,51.45000076293945,52.20000076293945,51.400001525878906,51.599998474121094,20934234,yfinance,False
2016-04-26,29.907676696777344,52.25,52.29999923706055,51.04999923706055,51.599998474121094,19738646,yfinance,False
2016-04-27,30.136629104614258,52.650001525878906,53.20000076293945,52.5,53.0,29334848,yfinance,False
2016-04-28,29.87904930114746,52.20000076293945,53.45000076293945,52.04999923706055,52.900001525878906,30671689,yfinance,False
2016-04-29,29.65009307861328,51.79999923706055,52.20000076293945,51.599998474121094,52.0,16949144,yfinance,False
2016-05-03,29.478364944458008,51.5,53.099998474121094,50.900001525878906,51.599998474121094,37546864,yfinance,False
2016-05-04,28.705644607543945,50.150001525878906,50.79999923706055,50.0,50.54999923706055,29835390,yfinance,False
2016-05-05,28.304967880249023,49.45000076293945,49.95000076293945,49.25,49.400001525878906,30076053,yfinance,False
2016-05-06,27.675334930419922,48.349998474121094,49.349998474121094,48.349998474121094,49.25,36282101,yfinance,False
2016-05-09,27.70395278930664,48.400001525878906,49.20000076293945,48.400001525878906,49.0,20714493,yfinance,False
2016-05-10,27.904298782348633,48.75,48.900001525878906,48.349998474121094,48.349998474121094,20158499,yfinance,False
2016-05-11,27.5894718170166,48.20000076293945,48.849998474121094,48.20000076293945,48.79999923706055,20794189,yfinance,False
2016-05-12,27.36051368713379,47.79999923706055,48.400001525878906,47.5,48.349998474121094,26845674,yfinance,False
2016-05-13,27.074308395385742,47.29999923706055,47.70000076293945,47.04999923706055,47.5,28694763,yfinance,False
2016-05-16,27.446365356445312,47.95000076293945,48.25,47.45000076293945,47.45000076293945,20458111,yfinance,False
2016-05-17,28.161869049072266,49.20000076293945,49.400001525878906,48.04999923706055,48.25,26662411,yfinance,False
2016-05-18,27.761180877685547,48.5,48.95000076293945,48.349998474121094,48.5,26191077,yfinance,False
2016-05-19,28.64871597290039,49.25,49.349998474121094,48.400001525878906,48.5,31665074,yfinance,False
2016-05-20,28.328777313232422,48.70000076293945,49.150001525878906,48.5,48.900001525878906,20423325,yfinance,False
2016-05-23,28.037925720214844,48.20000076293945,48.599998474121094,48.0,48.25,20760494,yfinance,False
2016-05-24,28.212434768676758,48.5,48.650001525878906,47.900001525878906,48.25,13236912,yfinance,False
2016-05-25,29.288589477539062,50.349998474121094,50.400001525878906,49.5,49.5,44945164,yfinance,False
2016-05-26,29.579435348510742,50.849998474121094,50.95000076293945,50.29999923706055,50.650001525878906,31438778,yfinance,False
2016-05-27,29.579435348510742,50.849998474121094,51.150001525878906,50.400001525878906,50.79999923706055,24129831,yfinance,False
2016-05-30,29.550350189208984,50.79999923706055,51.099998474121094,50.54999923706055,50.599998474121094,14181628,yfinance,False
2016-05-31,29.78302574157715,51.20000076293945,51.75,50.5,50.5,26376528,yfinance,False
2016-06-01,29.288589477539062,50.349998474121094,50.849998474121094,50.099998474121094,50.25,29170854,yfinance,False
2016-06-02,29.375843048095703,50.5,50.79999923706055,50.0,50.0,21691426,yfinance,False
2016-06-03,29.550350189208984,50.79999923706055,51.150001525878906,50.54999923706055,50.54999923706055,28192014,yfinance,False
2016-06-06,29.14316749572754,50.099998474121094,50.5,49.70000076293945,50.5,18856832,yfinance,False
2016-06-07,29.579435348510742,50.849998474121094,51.099998474121094,50.45000076293945,50.599998474121094,15028778,yfinance,False
2016-06-08,29.375843048095703,50.5,50.900001525878906,50.349998474121094,50.599998474121094,14256871,yfinance,False
2016-06-10,28.706884384155273,49.349998474121094,50.20000076293945,49.20000076293945,50.04999923706055,25503914,yfinance,False
2016-06-13,27.86342430114746,47.900001525878906,48.0,47.5,47.95000076293945,43785480,yfinance,False
2016-06-14,27.485321044921875,47.25,48.20000076293945,47.20000076293945,47.900001525878906,35191085,yfinance,False
2016-06-15,27.543487548828125,47.349998474121094,47.5,46.599998474121094,46.79999923706055,33508665,yfinance,False
2016-06-16,26.990875244140625,46.400001525878906,47.0,46.29999923706055,46.95000076293945,46699667,yfinance,False
2016-06-17,27.747072219848633,47.70000076293945,47.900001525878906,47.20000076293945,47.29999923706055,24808475,yfinance,False
2016-06-20,28.706884384155273,49.349998474121094,49.75,48.54999923706055,49.0,47055884,yfinance,False
2016-06-21,28.968656539916992,49.79999923706055,49.849998474121094,49.29999923706055,49.29999923706055,28593221,yfinance,False
2016-06-22,29.259502410888672,50.29999923706055,50.400001525878906,49.849998474121094,50.0,33310264,yfinance,False
2016-06-23,29.550350189208984,50.79999923706055,51.150001525878906,50.70000076293945,50.70000076293945,42230799,yfinance,False
2016-06-24,27.601655960083008,47.45000076293945,50.95000076293945,44.5,49.25,275737207,yfinance,False
2016-06-27,27.13629913330078,46.650001525878906,47.349998474121094,46.20000076293945,46.400001525878906,58521740,yfinance,False
2016-06-28,26.9617862701416,46.349998474121094,46.45000076293945,45.29999923706055,45.349998474121094,59494463,yfinance,False
2016-06-29,27.310815811157227,46.95000076293945,47.099998474121094,46.599998474121094,46.70000076293945,55071490,yfinance,False
2016-06-30,27.543487548828125,47.349998474121094,47.75,47.04999923706055,47.29999923706055,44974435,yfinance,False
2016-07-04,28.008848190307617,48.150001525878906,48.75,48.04999923706055,48.150001525878906,46703483,yfinance,False
2016-07-05,27.543487548828125,47.349998474121094,47.900001525878906,47.25,47.75,25317806,yfinance,False
2016-07-06,27.22354507446289,46.79999923706055,47.099998474121094,46.04999923706055,46.5,30226088,yfinance,False
2016-07-07,27.33988380432129,47.0,47.099998474121094,46.54999923706055,46.70000076293945,17522984,yfinance,False
2016-07-08,27.252634048461914,46.849998474121094,46.95000076293945,46.349998474121094,46.349998474121094,17433532,yfinance,False
2016-07-11,27.688913345336914,47.599998474121094,47.79999923706055,47.400001525878906,47.75,19751494,yfinance,False
2016-07-12,28.154272079467773,48.400001525878906,48.599998474121094,48.0,48.099998474121094,35820363,yfinance,False
2016-07-13,28.29969024658203,48.650001525878906,49.04999923706055,48.599998474121094,48.75,26373435,yfinance,False
2016-07-14,28.67780303955078,49.29999923706055,49.5,48.349998474121094,48.599998474121094,29197715,yfinance,False
2016-07-15,28.852306365966797,49.599998474121094,49.79999923706055,49.150001525878906,49.45000076293945,30596735,yfinance,False
2016-07-18,28.9395694732666,49.75,49.900001525878906,49.29999923706055,49.400001525878906,20793265,yfinance,False
2016-07-19,28.79414176940918,49.5,49.79999923706055,49.349998474121094,49.599998474121094,16116949,yfinance,False
2016-07-20,29.23041534423828,50.25,50.45000076293945,49.45000076293945,49.5,26981365,yfinance,False
2016-07-21,29.346752166748047,50.45000076293945,50.75,50.349998474121094,50.5,22091667,yfinance,False
2016-07-22,29.288589477539062,50.349998474121094,50.400001525878906,50.0,50.25,13407251,yfinance,False
2016-07-25,29.23041534423828,50.25,50.400001525878906,50.04999923706055,50.349998474121094,12635677,yfinance,False
2016-07-26,29.23041534423828,50.25,50.75,49.95000076293945,50.0,23433937,yfinance,False
2016-07-27,29.434011459350586,50.599998474121094,50.75,50.29999923706055,50.599998474121094,25335740,yfinance,False
2016-07-28,29.550350189208984,50.79999923706055,51.0,50.54999923706055,50.70000076293945,21273412,yfinance,False
2016-07-29,29.40492057800293,50.54999923706055,50.599998474121094,50.20000076293945,50.29999923706055,22758976,yfinance,False
2016-08-01,29.550350189208984,50.79999923706055,51.099998474121094,50.75,50.79999923706055,20010122,yfinance,False
2016-08-02,29.550350189208984,50.79999923706055,50.79999923706055,50.79999923706055,50.79999923706055,0,yfinance,False
2016-08-03,30.015708923339844,51.599998474121094,51.79999923706055,49.75,50.0,56329544,yfinance,False
2016-08-04,30.830089569091797,53.0,53.25,52.20000076293945,52.349998474121094,47823582,yfinance,False
2016-08-05,31.12093734741211,53.5,53.849998474121094,53.25,53.29999923706055,34276558,yfinance,False
2016-08-08,31.7026424407959,54.5,54.650001525878906,53.849998474121094,54.0,30280680,yfinance,False
2016-08-09,31.615381240844727,54.349998474121094,54.54999923706055,54.0,54.5,18457886,yfinance,False
2016-08-10,31.848054885864258,54.75,55.0,54.349998474121094,54.54999923706055,23417108,yfinance,False
2016-08-11,32.040279388427734,54.29999923706055,54.79999923706055,53.849998474121094,53.900001525878906,22647825,yfinance,False
2016-08-12,32.2172966003418,54.599998474121094,54.79999923706055,54.599998474121094,54.599998474121094,15746455,yfinance,False
2016-08-15,32.187801361083984,54.54999923706055,54.849998474121094,54.099998474121094,54.650001525878906,18400121,yfinance,False
2016-08-16,31.981279373168945,54.20000076293945,54.599998474121094,53.849998474121094,54.400001525878906,19725679,yfinance,False
2016-08-17,32.2172966003418,54.599998474121094,55.0,54.599998474121094,54.650001525878906,28134050,yfinance,False
2016-08-18,32.57133483886719,55.20000076293945,55.5,54.79999923706055,54.79999923706055,23470279,yfinance,False
2016-08-19,32.394325256347656,54.900001525878906,55.5,54.75,55.5,13976388,yfinance,False
2016-08-22,32.541831970214844,55.150001525878906,55.150001525878906,54.75,55.0,11457146,yfinance,False
2016-08-23,32.57133483886719,55.20000076293945,55.25,54.849998474121094,55.04999923706055,12370154,yfinance,False
2016-08-24,32.57133483886719,55.20000076293945,55.29999923706055,54.900001525878906,55.20000076293945,12677738,yfinance,False
2016-08-25,32.71885681152344,55.45000076293945,55.849998474121094,55.29999923706055,55.45000076293945,20007306,yfinance,False
2016-08-26,32.984375,55.900001525878906,56.0,55.45000076293945,55.45000076293945,15653855,yfinance,False
2016-08-29,32.83686065673828,55.650001525878906,55.95000076293945,55.5,55.79999923706055,12979109,yfinance,False
2016-08-30,33.16139602661133,56.20000076293945,56.45000076293945,55.849998474121094,55.900001525878906,25250148,yfinance,False
2016-08-31,33.92847442626953,57.5,57.79999923706055,56.25,56.400001525878906,48017413,yfinance,False
2016-09-01,34.87257385253906,59.099998474121094,59.5,57.29999923706055,57.45000076293945,66929272,yfinance,False
2016-09-02,34.813568115234375,59.0,59.79999923706055,59.0,59.0,57782797,yfinance,False
2016-09-05,35.37412643432617,59.95000076293945,60.599998474121094,59.75,60.150001525878906,41344771,yfinance,False
2016-09-06,35.34462356567383,59.900001525878906,60.45000076293945,59.29999923706055,59.95000076293945,33865710,yfinance,False
2016-09-07,34.84306335449219,59.04999923706055,59.849998474121094,59.04999923706055,59.5,42952358,yfinance,False
2016-09-08,34.990577697753906,59.29999923706055,59.599998474121094,58.70000076293945,58.75,42652309,yfinance,False
2016-09-09,35.28561019897461,59.79999923706055,60.45000076293945,59.150001525878906,59.400001525878906,44400613,yfinance,False
2016-09-12,34.37101745605469,58.25,59.400001525878906,58.25,59.04999923706055,41311377,yfinance,False
2016-09-13,34.2234992980957,58.0,59.099998474121094,58.0,58.79999923706055,29584063,yfinance,False
2016-09-14,33.86947250366211,57.400001525878906,57.849998474121094,57.25,57.5,38366574,yfinance,False
2016-09-15,34.43002700805664,58.349998474121094,58.5,57.5,57.5,22560247,yfinance,False
2016-09-19,34.607051849365234,58.650001525878906,58.849998474121094,57.849998474121094,57.849998474121094,38838762,yfinance,False
2016-09-20,34.78406524658203,58.95000076293945,59.25,58.25,58.54999923706055,31229119,yfinance,False
2016-09-21,35.049591064453125,59.400001525878906,59.849998474121094,58.599998474121094,58.70000076293945,34045815,yfinance,False
2016-09-22,34.548030853271484,58.54999923706055,60.150001525878906,58.349998474121094,59.79999923706055,43595992,yfinance,False
2016-09-23,34.253013610839844,58.04999923706055,59.0,57.70000076293945,58.75,44806106,yfinance,False
2016-09-26,33.839962005615234,57.349998474121094,58.29999923706055,57.0,57.5,33044980,yfinance,False
2016-09-27,34.28251266479492,58.099998474121094,58.650001525878906,57.349998474121094,57.5,30959678,yfinance,False
2016-09-28,34.3120231628418,58.150001525878906,58.400001525878906,57.400001525878906,58.29999923706055,28121293,yfinance,False
2016-09-29,34.3120231628418,58.150001525878906,58.45000076293945,57.849998474121094,58.400001525878906,17086662,yfinance,False
2016-09-30,33.721954345703125,57.150001525878906,57.849998474121094,56.900001525878906,57.599998474121094,35683352,yfinance,False
2016-10-03,34.253013610839844,58.04999923706055,58.349998474121094,57.849998474121094,58.150001525878906,18634915,yfinance,False
2016-10-04,34.66605758666992,58.75,58.900001525878906,58.150001525878906,58.29999923706055,22021929,yfinance,False
2016-10-05,34.813568115234375,59.0,59.400001525878906,58.599998474121094,58.75,16538742,yfinance,False
2016-10-06,35.020084381103516,59.349998474121094,59.54999923706055,58.95000076293945,59.25,24688561,yfinance,False
2016-10-07,34.78406524658203,58.95000076293945,59.04999923706055,58.45000076293945,59.0,17576883,yfinance,False
2016-10-11,34.78406524658203,58.95000076293945,59.79999923706055,58.5,59.45000076293945,38185754,yfinance,False
2016-10-12,34.63654708862305,58.70000076293945,58.95000076293945,58.45000076293945,58.54999923706055,15522496,yfinance,False
2016-10-13,34.07598876953125,57.75,58.54999923706055,57.349998474121094,58.54999923706055,31354022,yfinance,False
2016-10-14,34.518531799316406,58.5,58.599998474121094,57.900001525878906,57.900001525878906,13941434,yfinance,False
2016-10-17,34.253013610839844,58.04999923706055,58.349998474121094,57.75,58.0,9888383,yfinance,False
2016-10-18,34.813568115234375,59.0,59.0,58.29999923706055,58.29999923706055,11597217,yfinance,False
2016-10-19,34.84306335449219,59.04999923706055,59.400001525878906,58.900001525878906,59.25,17732972,yfinance,False
2016-10-20,35.15732192993164,58.79999923706055,58.79999923706055,58.54999923706055,58.599998474121094,14401131,yfinance,False
2016-10-21,35.15732192993164,58.79999923706055,58.79999923706055,58.79999923706055,58.79999923706055,0,yfinance,False
2016-10-24,35.51605987548828,59.400001525878906,59.54999923706055,58.900001525878906,59.150001525878906,27827251,yfinance,False
2016-10-25,35.42637252807617,59.25,59.349998474121094,58.79999923706055,59.099998474121094,9311657,yfinance,False
2016-10-26,35.15732192993164,58.79999923706055,59.150001525878906,58.70000076293945,59.099998474121094,11136420,yfinance,False
2016-10-27,35.097511291503906,58.70000076293945,59.0,58.25,58.95000076293945,19581085,yfinance,False
2016-10-28,34.888240814208984,58.349998474121094,59.0,58.29999923706055,58.95000076293945,27462003,yfinance,False
2016-10-31,34.888240814208984,58.349998474121094,58.650001525878906,58.20000076293945,58.25,33362951,yfinance,False
2016-11-01,34.94803237915039,58.45000076293945,58.650001525878906,58.099998474121094,58.349998474121094,31483373,yfinance,False
2016-11-02,34.499610900878906,57.70000076293945,58.150001525878906,57.5,58.0,18793559,yfinance,False
2016-11-03,34.4398078918457,57.599998474121094,57.849998474121094,57.400001525878906,57.400001525878906,9591400,yfinance,False
2016-11-04,34.35011672973633,57.45000076293945,57.70000076293945,57.25,57.599998474121094,8509834,yfinance,False
2016-11-07,35.3665771484375,59.150001525878906,59.150001525878906,57.5,57.70000076293945,40605734,yfinance,False
2016-11-08,35.336673736572266,59.099998474121094,59.5,58.95000076293945,59.5,38731950,yfinance,False
2016-11-09,34.678977966308594,58.0,59.45000076293945,56.599998474121094,59.400001525878906,57682717,yfinance,False
2016-11-10,35.874813079833984,60.0,60.0,59.45000076293945,59.79999923706055,87753448,yfinance,False
2016-11-11,36.56241226196289,61.150001525878906,61.150001525878906,60.400001525878906,60.5,88314560,yfinance,False
2016-11-14,36.26344680786133,60.650001525878906,61.70000076293945,60.29999923706055,60.79999923706055,42714401,yfinance,False
2016-11-15,36.83147048950195,61.599998474121094,61.79999923706055,61.099998474121094,61.650001525878906,34663285,yfinance,False
2016-11-16,36.74177551269531,61.45000076293945,62.0,61.099998474121094,62.0,26162064,yfinance,False
2016-11-17,36.11396408081055,60.400001525878906,60.79999923706055,60.150001525878906,60.5,24462073,yfinance,False
2016-11-18,36.53251266479492,61.099998474121094,61.099998474121094,60.349998474121094,60.599998474121094,21687469,yfinance,False
2016-11-21,36.35313415527344,60.79999923706055,61.349998474121094,60.599998474121094,60.95000076293945,16456862,yfinance,False
2016-11-22,36.89125061035156,61.70000076293945,61.75,60.900001525878906,60.900001525878906,22773350,yfinance,False
2016-11-23,36.74177551269531,61.45000076293945,61.79999923706055,61.29999923706055,61.70000076293945,12888323,yfinance,False
2016-11-24,36.74177551269531,61.45000076293945,61.650001525878906,61.099998474121094,61.400001525878906,15500591,yfinance,False
2016-11-25,36.83147048950195,61.599998474121094,61.79999923706055,61.45000076293945,61.54999923706055,13656155,yfinance,False
2016-11-28,36.771671295166016,61.5,61.95000076293945,61.5,61.70000076293945,18475241,yfinance,False
2016-11-29,36.23355484008789,60.599998474121094,60.95000076293945,60.599998474121094,60.75,22342866,yfinance,False
2016-11-30,36.50261688232422,61.04999923706055,61.20000076293945,60.75,61.0,15944530,yfinance,False
2016-12-01,36.56241226196289,61.150001525878906,61.45000076293945,60.849998474121094,61.45000076293945,20564985,yfinance,False
2016-12-02,36.56241226196289,61.150001525878906,61.29999923706055,60.70000076293945,60.849998474121094,51498578,yfinance,False
2016-12-05,36.652099609375,61.29999923706055,61.29999923706055,60.849998474121094,61.20000076293945,25718789,yfinance,False
2016-12-06,37.907711029052734,63.400001525878906,63.400001525878906,61.900001525878906,62.0,56402254,yfinance,False
2016-12-07,39.16332244873047,65.5,65.5999984741211,64.5,64.5,85089401,yfinance,False
2016-12-08,39.07364273071289,65.3499984741211,67.25,64.69999694824219,66.6500015258789,82905814,yfinance,False
2016-12-09,39.312808990478516,65.75,65.80000305175781,65.30000305175781,65.69999694824219,35700686,yfinance,False
2016-12-12,38.625205993652344,64.5999984741211,66.19999694824219,64.25,65.9000015258789,43199277,yfinance,False
2016-12-13,38.206668853759766,63.900001525878906,64.4000015258789,63.599998474121094,64.0999984741211,26855024,yfinance,False
2016-12-14,38.59531784057617,64.55000305175781,65.30000305175781,64.4000015258789,64.9000015258789,32587393,yfinance,False
2016-12-15,38.26646041870117,64.0,64.5,63.5,64.4000015258789,36147359,yfinance,False
2016-12-16,38.23655700683594,63.95000076293945,64.3499984741211,63.70000076293945,63.900001525878906,24625253,yfinance,False
2016-12-19,38.11698532104492,63.75,64.25,63.20000076293945,64.19999694824219,21134838,yfinance,False
2016-12-20,37.36958694458008,62.5,63.349998474121094,62.0,63.04999923706055,30788754,yfinance,False
2016-12-21,37.728336334228516,63.099998474121094,63.349998474121094,62.29999923706055,62.5,16680883,yfinance,False
2016-12-22,37.399478912353516,62.54999923706055,63.099998474121094,62.20000076293945,63.099998474121094,15396670,yfinance,False
2016-12-23,37.190208435058594,62.20000076293945,62.45000076293945,62.0,62.099998474121094,15238515,yfinance,False
2016-12-28,37.040740966796875,61.95000076293945,62.150001525878906,61.349998474121094,61.79999923706055,19717962,yfinance,False
2016-12-29,37.040740966796875,61.95000076293945,62.20000076293945,61.29999923706055,61.29999923706055,18099032,yfinance,False
2016-12-30,37.22011184692383,62.25,62.599998474121094,61.75,61.75,15733981,yfinance,False
2017-01-03,37.668548583984375,63.0,63.150001525878906,62.20000076293945,62.25,11331063,yfinance,False
2017-01-04,37.9376106262207,63.45000076293945,63.45000076293945,62.95000076293945,63.45000076293945,13426502,yfinance,False
2017-01-05,38.206668853759766,63.900001525878906,63.95000076293945,63.54999923706055,63.79999923706055,12484357,yfinance,False
2017-01-06,38.11698532104492,63.75,63.900001525878906,63.349998474121094,63.900001525878906,14321890,yfinance,False
2017-01-09,38.08709716796875,63.70000076293945,63.849998474121094,63.29999923706055,63.599998474121094,10499807,yfinance,False
2017-01-10,37.877811431884766,63.349998474121094,63.5,63.04999923706055,63.099998474121094,21843398,yfinance,False
2017-01-11,38.17676544189453,63.849998474121094,64.19999694824219,63.25,63.25,21029702,yfinance,False
2017-01-12,38.23655700683594,63.95000076293945,64.0,63.599998474121094,64.0,13057005,yfinance,False
2017-01-13,38.26646041870117,64.0,64.0999984741211,63.650001525878906,63.70000076293945,10043680,yfinance,False
2017-01-16,37.788124084472656,63.20000076293945,63.849998474121094,63.099998474121094,63.70000076293945,12472145,yfinance,False
2017-01-17,38.38603973388672,64.19999694824219,64.5,63.349998474121094,63.5,21135628,yfinance,False
2017-01-18,38.68499755859375,64.69999694824219,65.0,64.05000305175781,64.0999984741211,35148306,yfinance,False
2017-01-19,38.83448028564453,64.94999694824219,65.0,64.5,64.9000015258789,17966692,yfinance,False
2017-01-20,38.56542205810547,64.5,64.8499984741211,64.3499984741211,64.5999984741211,15128591,yfinance,False
2017-01-23,38.56542205810547,64.5,65.0,64.4000015258789,64.55000305175781,15151262,yfinance,False
2017-01-24,38.59531784057617,64.55000305175781,65.0,64.3499984741211,64.75,20889916,yfinance,False
2017-01-25,39.16332244873047,65.5,65.5,65.0,65.1500015258789,17927164,yfinance,False
2017-01-26,39.88081741333008,66.69999694824219,66.9000015258789,66.19999694824219,66.30000305175781,28210477,yfinance,False
2017-01-27,39.910728454589844,66.75,66.75,66.30000305175781,66.5,9194876,yfinance,False
2017-02-01,39.67155838012695,66.3499984741211,66.44999694824219,65.8499984741211,66.0,14984476,yfinance,False
2017-02-02,39.61177062988281,66.25,67.0,66.0,66.25,8630868,yfinance,False
2017-02-03,39.342708587646484,65.80000305175781,66.1500015258789,65.3499984741211,66.0999984741211,23763448,yfinance,False
2017-02-06,39.67155838012695,66.3499984741211,66.6500015258789,66.0,66.44999694824219,29653356,yfinance,False
2017-02-07,39.581878662109375,66.19999694824219,66.3499984741211,66.0,66.3499984741211,17331142,yfinance,False
2017-02-08,39.76124954223633,66.5,66.55000305175781,65.94999694824219,66.19999694824219,19307008,yfinance,False
2017-02-09,39.581878662109375,66.19999694824219,66.30000305175781,65.80000305175781,66.19999694824219,29087398,yfinance,False
2017-02-10,40.09009552001953,67.05000305175781,67.44999694824219,66.5999984741211,66.69999694824219,32392394,yfinance,False
2017-02-13,40.00041198730469,66.9000015258789,67.1500015258789,66.69999694824219,67.0,17343230,yfinance,False
2017-02-14,40.06019592285156,67.0,67.30000305175781,66.9000015258789,67.19999694824219,17321753,yfinance,False
2017-02-15,40.47873306274414,67.69999694824219,68.0,67.19999694824219,67.44999694824219,26599172,yfinance,False
2017-02-16,40.83749771118164,68.30000305175781,68.3499984741211,67.8499984741211,68.25,21130553,yfinance,False
2017-02-17,40.83749771118164,68.30000305175781,68.30000305175781,68.0,68.0,19560621,yfinance,False
2017-02-20,41.25602722167969,69.0,69.0999984741211,68.0999984741211,68.30000305175781,31745719,yfinance,False
2017-02-21,39.1932258605957,65.55000305175781,69.0,65.4000015258789,69.0,106826895,yfinance,False
2017-02-22,39.133426666259766,65.44999694824219,65.75,64.6500015258789,64.8499984741211,99295567,yfinance,False
2017-02-23,39.27510452270508,64.05000305175781,64.4000015258789,63.900001525878906,63.95000076293945,37652154,yfinance,False
2017-02-24,38.96849822998047,63.54999923706055,63.95000076293945,63.5,63.900001525878906,27069077,yfinance,False
2017-02-27,38.63124084472656,63.0,63.25,62.75,63.0,37267733,yfinance,False
2017-02-28,38.32465362548828,62.5,62.95000076293945,62.400001525878906,62.70000076293945,28720577,yfinance,False
2017-03-01,38.56992721557617,62.900001525878906,63.150001525878906,62.5,62.54999923706055,29432293,yfinance,False
2017-03-02,38.96849822998047,63.54999923706055,64.19999694824219,63.5,63.75,33820385,yfinance,False
2017-03-03,38.784542083740234,63.25,63.5,63.04999923706055,63.45000076293945,20787940,yfinance,False
2017-03-06,38.75388717651367,63.20000076293945,63.75,63.150001525878906,63.5,13603286,yfinance,False
2017-03-07,38.75388717651367,63.20000076293945,63.5,63.20000076293945,63.20000076293945,8828177,yfinance,False
2017-03-08,38.72322463989258,63.150001525878906,63.349998474121094,63.0,63.0,11001657,yfinance,False
2017-03-09,38.539268493652344,62.849998474121094,63.099998474121094,62.70000076293945,63.0,16874599,yfinance,False
2017-03-10,38.63124084472656,63.0,63.04999923706055,62.54999923706055,62.79999923706055,11725888,yfinance,False
2017-03-13,39.45905685424805,64.3499984741211,64.5999984741211,63.349998474121094,63.599998474121094,38625363,yfinance,False
2017-03-14,38.937843322753906,63.5,64.0999984741211,63.5,64.05000305175781,21430359,yfinance,False
2017-03-15,39.060489654541016,63.70000076293945,64.0,63.150001525878906,63.29999923706055,17310958,yfinance,False
2017-03-16,39.45905685424805,64.3499984741211,64.44999694824219,63.849998474121094,64.05000305175781,24530155,yfinance,False
2017-03-17,39.336421966552734,64.1500015258789,64.4000015258789,63.849998474121094,64.19999694824219,18187457,yfinance,False
2017-03-20,38.937843322753906,63.5,63.70000076293945,63.400001525878906,63.599998474121094,22021106,yfinance,False
2017-03-21,39.060489654541016,63.70000076293945,64.0,63.349998474121094,63.400001525878906,16065877,yfinance,False
2017-03-22,38.692569732666016,63.099998474121094,63.29999923706055,62.900001525878906,63.29999923706055,26761520,yfinance,False
2017-03-23,38.63124084472656,63.0,63.400001525878906,63.0,63.04999923706055,14457279,yfinance,False
2017-03-24,38.63124084472656,63.0,63.349998474121094,63.0,63.0,13520214,yfinance,False
2017-03-27,38.477943420410156,62.75,63.099998474121094,62.54999923706055,62.79999923706055,19242197,yfinance,False
2017-03-28,38.81520080566406,63.29999923706055,63.54999923706055,62.900001525878906,62.900001525878906,13833890,yfinance,False
2017-03-29,38.96849822998047,63.54999923706055,63.79999923706055,63.349998474121094,63.70000076293945,12164124,yfinance,False
2017-03-30,38.937843322753906,63.5,63.75,63.29999923706055,63.400001525878906,17736532,yfinance,False
2017-03-31,38.81520080566406,63.29999923706055,63.849998474121094,63.29999923706055,63.29999923706055,12561921,yfinance,False
2017-04-03,38.90719223022461,63.45000076293945,63.54999923706055,63.150001525878906,63.150001525878906,7979574,yfinance,False
2017-04-05,38.81520080566406,63.29999923706055,63.400001525878906,62.849998474121094,63.04999923706055,24983779,yfinance,False
2017-04-06,38.75388717651367,63.20000076293945,63.45000076293945,63.0,63.0,17114334,yfinance,False
2017-04-07,38.784542083740234,63.25,63.400001525878906,62.79999923706055,63.0,19058927,yfinance,False
2017-04-10,38.876522064208984,63.400001525878906,63.650001525878906,63.25,63.5,18425671,yfinance,False
2017-04-11,39.060489654541016,63.70000076293945,63.79999923706055,63.25,63.29999923706055,19373448,yfinance,False
2017-04-12,39.3670768737793,64.19999694824219,64.4000015258789,63.54999923706055,63.849998474121094,20973102,yfinance,False
2017-04-13,38.84585952758789,63.349998474121094,63.95000076293945,63.349998474121094,63.79999923706055,16985287,yfinance,False
2017-04-18,38.263328552246094,62.400001525878906,63.25,62.25,63.150001525878906,34392102,yfinance,False
2017-04-19,38.079368591308594,62.099998474121094,62.29999923706055,61.849998474121094,62.04999923706055,29514318,yfinance,False
2017-04-20,38.17136001586914,62.25,62.25,61.79999923706055,61.79999923706055,21922934,yfinance,False
2017-04-21,38.2020149230957,62.29999923706055,62.54999923706055,62.20000076293945,62.25,15903376,yfinance,False
2017-04-24,38.63124084472656,63.0,63.400001525878906,62.20000076293945,62.349998474121094,24668140,yfinance,False
2017-04-25,39.12181091308594,63.79999923706055,63.900001525878906,63.400001525878906,63.54999923706055,24834689,yfinance,False
2017-04-26,39.305763244628906,64.0999984741211,64.3499984741211,63.900001525878906,63.95000076293945,25935496,yfinance,False
2017-04-27,39.48971939086914,64.4000015258789,64.80000305175781,64.0,64.30000305175781,23929132,yfinance,False
2017-04-28,39.39773178100586,64.25,64.44999694824219,64.0999984741211,64.19999694824219,12448406,yfinance,False
2017-05-02,39.52037811279297,64.44999694824219,64.5,64.05000305175781,64.19999694824219,9987466,yfinance,False
2017-05-04,40.6854362487793,66.3499984741211,66.8499984741211,64.44999694824219,64.44999694824219,63135377,yfinance,False
2017-05-05,40.777427673339844,66.5,66.75,66.0,66.5,46050681,yfinance,False
2017-05-08,40.961387634277344,66.80000305175781,67.25,66.4000015258789,66.4000015258789,36693166,yfinance,False
2017-05-09,41.17600631713867,67.1500015258789,67.19999694824219,66.44999694824219,66.44999694824219,22729716,yfinance,False
2017-05-10,41.29864501953125,67.3499984741211,67.5999984741211,67.0,67.0,34102350,yfinance,False
2017-05-11,41.66654968261719,67.94999694824219,68.19999694824219,67.44999694824219,67.6500015258789,34537951,yfinance,False
2017-05-12,41.75853729248047,68.0999984741211,68.25,67.80000305175781,67.80000305175781,28096544,yfinance,False
2017-05-15,42.21843338012695,68.8499984741211,68.94999694824219,68.0,68.0,33647496,yfinance,False
2017-05-16,42.310420989990234,69.0,69.1500015258789,68.55000305175781,68.9000015258789,33297412,yfinance,False
2017-05-17,42.12644577026367,68.69999694824219,68.9000015258789,68.30000305175781,68.4000015258789,25429105,yfinance,False
2017-05-18,41.80379867553711,67.4000015258789,67.69999694824219,66.5999984741211,66.5999984741211,31892873,yfinance,False
2017-05-19,41.55569076538086,67.0,67.5999984741211,66.8499984741211,67.3499984741211,18587749,yfinance,False
2017-05-22,41.9898567199707,67.69999694824219,68.1500015258789,67.05000305175781,67.05000305175781,23488721,yfinance,False
2017-05-23,41.95884323120117,67.6500015258789,67.69999694824219,67.0999984741211,67.69999694824219,20413047,yfinance,False
2017-05-24,41.80379867553711,67.4000015258789,67.94999694824219,67.30000305175781,67.4000015258789,15382401,yfinance,False
2017-05-25,41.95884323120117,67.6500015258789,67.9000015258789,67.5,67.9000015258789,12273589,yfinance,False
2017-05-26,41.865814208984375,67.5,67.9000015258789,67.3499984741211,67.9000015258789,8184368,yfinance,False
2017-05-29,42.0208740234375,67.75,67.9000015258789,67.4000015258789,67.80000305175781,11459282,yfinance,False
2017-05-31,41.9898567199707,67.69999694824219,67.9000015258789,67.5,67.5,15095202,yfinance,False
2017-06-01,42.113914489746094,67.9000015258789,68.1500015258789,67.75,67.9000015258789,19249934,yfinance,False
2017-06-02,42.42402648925781,68.4000015258789,68.5,68.0999984741211,68.1500015258789,22350748,yfinance,False
2017-06-05,42.330997467041016,68.25,68.5,68.0,68.19999694824219,14829158,yfinance,False
2017-06-06,42.64110565185547,68.75,69.0,68.0,68.19999694824219,29624206,yfinance,False
2017-06-07,42.703128814697266,68.8499984741211,69.0,68.6500015258789,68.80000305175781,19337310,yfinance,False
2017-06-08,42.796173095703125,69.0,69.19999694824219,68.44999694824219,68.75,24808534,yfinance,False
2017-06-09,42.54806900024414,68.5999984741211,69.0,68.30000305175781,68.44999694824219,37982908,yfinance,False
2017-06-12,42.45504379272461,68.44999694824219,69.19999694824219,68.3499984741211,68.5999984741211,17010595,yfinance,False
2017-06-13,42.54806900024414,68.5999984741211,68.69999694824219,68.1500015258789,68.5,17651559,yfinance,False
2017-06-14,42.51707458496094,68.55000305175781,68.8499984741211,68.25,68.4000015258789,13990672,yfinance,False
2017-06-15,42.0518913269043,67.80000305175781,68.30000305175781,67.55000305175781,68.19999694824219,20961040,yfinance,False
2017-06-16,42.393001556396484,68.3499984741211,68.69999694824219,68.1500015258789,68.1500015258789,22215664,yfinance,False
2017-06-19,42.73413848876953,68.9000015258789,69.0999984741211,68.4000015258789,68.44999694824219,18516257,yfinance,False
2017-06-20,42.486045837402344,68.5,68.9000015258789,68.30000305175781,68.80000305175781,16082467,yfinance,False
2017-06-21,42.113914489746094,67.9000015258789,68.3499984741211,67.55000305175781,67.80000305175781,25646104,yfinance,False
2017-06-22,41.95884323120117,67.6500015258789,68.30000305175781,67.55000305175781,67.55000305175781,17103782,yfinance,False
2017-06-23,42.0518913269043,67.80000305175781,68.0999984741211,67.5999984741211,67.6500015258789,16487443,yfinance,False
2017-06-26,42.26896667480469,68.1500015258789,68.30000305175781,67.8499984741211,68.19999694824219,14266713,yfinance,False
2017-06-27,42.29998016357422,68.19999694824219,68.5999984741211,68.19999694824219,68.44999694824219,17311088,yfinance,False
2017-06-28,42.486045837402344,68.5,68.69999694824219,68.30000305175781,68.44999694824219,17170408,yfinance,False
2017-06-29,45.1530647277832,72.80000305175781,73.0,69.9000015258789,70.0,119351013,yfinance,False
2017-06-30,45.06003189086914,72.6500015258789,74.19999694824219,72.05000305175781,72.0999984741211,72479007,yfinance,False
2017-07-03,45.61824035644531,73.55000305175781,74.05000305175781,72.69999694824219,72.8499984741211,50639921,yfinance,False
2017-07-04,45.46318054199219,73.30000305175781,74.5,72.30000305175781,73.80000305175781,71423449,yfinance,False
2017-07-05,45.649253845214844,73.5999984741211,74.19999694824219,72.69999694824219,73.05000305175781,47223103,yfinance,False
2017-07-06,45.49418258666992,73.3499984741211,74.0,73.25,73.55000305175781,26504577,yfinance,False
2017-07-07,45.37015151977539,73.1500015258789,73.69999694824219,73.05000305175781,73.25,19650107,yfinance,False
2017-07-10,46.26948547363281,74.5999984741211,74.8499984741211,73.30000305175781,73.30000305175781,47037076,yfinance,False
2017-07-11,46.54859161376953,75.05000305175781,75.9000015258789,74.3499984741211,74.3499984741211,45884695,yfinance,False
2017-07-12,46.331504821777344,74.69999694824219,75.4000015258789,74.55000305175781,75.30000305175781,29620624,yfinance,False
2017-07-13,46.5796012878418,75.0999984741211,75.44999694824219,74.75,75.0,27664283,yfinance,False
2017-07-14,46.61061096191406,75.1500015258789,75.3499984741211,75.0,75.30000305175781,16958112,yfinance,False
2017-07-17,46.73466110229492,75.3499984741211,75.5,74.80000305175781,75.0999984741211,20659347,yfinance,False
2017-07-18,46.73466110229492,75.3499984741211,75.3499984741211,74.8499984741211,75.0,16841747,yfinance,False
2017-07-19,46.48655319213867,74.94999694824219,75.0999984741211,74.69999694824219,74.94999694824219,22941944,yfinance,False
2017-07-20,46.73466110229492,75.3499984741211,75.3499984741211,74.75,75.0,17482241,yfinance,False
2017-07-21,46.5796012878418,75.0999984741211,75.44999694824219,74.8499984741211,75.0,16281515,yfinance,False
2017-07-24,46.51758575439453,75.0,75.30000305175781,74.8499984741211,74.8499984741211,20390180,yfinance,False
2017-07-25,47.57196807861328,76.69999694824219,76.69999694824219,75.0,75.0,38304083,yfinance,False
2017-07-26,47.47893142700195,76.55000305175781,77.5999984741211,76.5,77.0,37006944,yfinance,False
2017-07-27,47.696022033691406,76.9000015258789,77.1500015258789,76.55000305175781,76.9000015258789,21522054,yfinance,False
2017-07-28,47.41691589355469,76.44999694824219,76.75,76.44999694824219,76.69999694824219,22489837,yfinance,False
2017-07-31,48.65737533569336,78.44999694824219,78.9000015258789,76.5999984741211,76.5999984741211,69506170,yfinance,False
2017-08-01,48.90548324584961,78.8499984741211,79.1500015258789,78.3499984741211,78.4000015258789,45018892,yfinance,False
2017-08-02,49.21559143066406,79.3499984741211,79.55000305175781,79.05000305175781,79.30000305175781,37531643,yfinance,False
2017-08-03,49.01594161987305,78.25,78.5999984741211,77.80000305175781,78.30000305175781,25285078,yfinance,False
2017-08-04,49.17255401611328,78.5,78.5,77.80000305175781,78.1500015258789,22477181,yfinance,False
2017-08-07,49.07859420776367,78.3499984741211,78.80000305175781,78.1500015258789,78.69999694824219,17086627,yfinance,False
2017-08-08,49.07859420776367,78.3499984741211,78.3499984741211,77.5999984741211,78.05000305175781,22516191,yfinance,False
2017-08-09,48.640106201171875,77.6500015258789,77.94999694824219,77.5999984741211,77.80000305175781,18315641,yfinance,False
2017-08-10,47.91973114013672,76.5,78.0,75.5,77.80000305175781,50124050,yfinance,False
2017-08-11,46.823551177978516,74.75,75.30000305175781,74.5,75.0999984741211,62284849,yfinance,False
2017-08-14,47.29335021972656,75.5,75.6500015258789,74.9000015258789,74.9000015258789,27033274,yfinance,False
2017-08-15,47.011470794677734,75.05000305175781,75.80000305175781,75.05000305175781,75.80000305175781,16543706,yfinance,False
2017-08-16,47.136741638183594,75.25,75.44999694824219,74.80000305175781,75.0999984741211,14376268,yfinance,False
2017-08-17,46.72958755493164,74.5999984741211,75.30000305175781,74.5,75.30000305175781,18676491,yfinance,False
2017-08-18,46.22846984863281,73.80000305175781,74.0999984741211,73.5999984741211,73.5999984741211,28756935,yfinance,False
2017-08-21,46.1971435546875,73.75,73.94999694824219,73.69999694824219,73.69999694824219,11885010,yfinance,False
2017-08-22,46.666934967041016,74.5,74.69999694824219,74.0,74.0,14162691,yfinance,False
2017-08-23,46.666934967041016,74.5,74.5,74.5,74.5,0,yfinance,False
2017-08-24,46.57297897338867,74.3499984741211,74.4000015258789,74.0,74.05000305175781,15190669,yfinance,False
2017-08-25,46.98015213012695,75.0,75.1500015258789,73.80000305175781,74.19999694824219,19681933,yfinance,False
2017-08-28,47.16806411743164,75.30000305175781,75.6500015258789,74.80000305175781,74.80000305175781,26447668,yfinance,False
2017-08-29,46.85486602783203,74.80000305175781,75.30000305175781,74.6500015258789,75.0999984741211,22485844,yfinance,False
2017-08-30,47.76313781738281,76.25,76.30000305175781,75.05000305175781,75.19999694824219,26529092,yfinance,False
2017-08-31,47.60655212402344,76.0,76.25,75.75,76.0,21671439,yfinance,False
2017-09-01,47.543907165527344,75.9000015258789,76.4000015258789,75.69999694824219,76.0,27184080,yfinance,False
2017-09-04,47.41862106323242,75.69999694824219,75.8499984741211,75.19999694824219,75.75,18868039,yfinance,False
2017-09-05,47.29335021972656,75.5,75.69999694824219,75.25,75.5999984741211,11918310,yfinance,False
2017-09-06,46.69825744628906,74.55000305175781,74.94999694824219,74.30000305175781,74.94999694824219,26560549,yfinance,False
2017-09-07,46.447696685791016,74.1500015258789,74.94999694824219,74.0,74.94999694824219,20990873,yfinance,False
2017-09-08,46.6356315612793,74.44999694824219,74.55000305175781,74.0,74.0,22530802,yfinance,False
2017-09-11,47.26202392578125,75.44999694824219,75.5999984741211,75.0999984741211,75.19999694824219,21820578,yfinance,False
2017-09-12,47.48127746582031,75.80000305175781,76.0,75.3499984741211,75.75,17139841,yfinance,False
2017-09-13,47.38729476928711,75.6500015258789,76.19999694824219,75.55000305175781,75.9000015258789,19534607,yfinance,False
2017-09-14,47.449951171875,75.75,75.8499984741211,75.0,75.0,13265856,yfinance,False
2017-09-15,47.19937515258789,75.3499984741211,75.9000015258789,74.9000015258789,75.19999694824219,15385113,yfinance,False
2017-09-18,47.70051193237305,76.1500015258789,76.30000305175781,75.3499984741211,75.5999984741211,25492611,yfinance,False
2017-09-19,48.013702392578125,76.6500015258789,77.1500015258789,75.9000015258789,75.9000015258789,35514613,yfinance,False
2017-09-20,48.013702392578125,76.6500015258789,77.19999694824219,76.4000015258789,76.5999984741211,23026434,yfinance,False
2017-09-21,48.013702392578125,76.6500015258789,76.94999694824219,76.44999694824219,76.69999694824219,17117676,yfinance,False
2017-09-22,47.73183059692383,76.19999694824219,76.5,76.0,76.0,15817488,yfinance,False
2017-09-25,47.70051193237305,76.1500015258789,76.5,75.8499984741211,76.5,22774092,yfinance,False
2017-09-26,47.73183059692383,76.19999694824219,76.30000305175781,75.8499984741211,76.0,12227035,yfinance,False
2017-09-27,47.73183059692383,76.19999694824219,76.4000015258789,75.75,75.75,17499190,yfinance,False
2017-09-28,47.73183059692383,76.19999694824219,77.0999984741211,76.05000305175781,76.4000015258789,22520013,yfinance,False
2017-09-29,47.9510612487793,76.55000305175781,76.9000015258789,76.30000305175781,76.5,16766252,yfinance,False
2017-10-03,48.51483154296875,77.44999694824219,77.44999694824219,76.69999694824219,76.80000305175781,24369212,yfinance,False
2017-10-04,48.765380859375,77.8499984741211,77.94999694824219,77.5,77.5,21197563,yfinance,False
2017-10-06,48.45218276977539,77.3499984741211,77.80000305175781,77.19999694824219,77.5999984741211,23715110,yfinance,False
2017-10-09,48.546146392822266,77.5,77.69999694824219,77.0999984741211,77.3499984741211,16552354,yfinance,False
2017-10-10,49.23518753051758,78.5999984741211,79.6500015258789,77.5,77.5,54726340,yfinance,False
2017-10-11,48.92197799682617,78.0999984741211,79.19999694824219,78.0999984741211,79.05000305175781,33386628,yfinance,False
2017-10-12,48.909236907958984,77.30000305175781,77.75,77.30000305175781,77.69999694824219,14127044,yfinance,False
2017-10-13,48.84596633911133,77.19999694824219,77.19999694824219,76.6500015258789,77.0,16107262,yfinance,False
2017-10-16,48.909236907958984,77.30000305175781,77.75,77.05000305175781,77.19999694824219,15033599,yfinance,False
2017-10-17,48.8143196105957,77.1500015258789,77.44999694824219,77.0,77.0999984741211,10181513,yfinance,False
2017-10-18,48.719425201416016,77.0,77.0999984741211,76.75,76.8499984741211,11810048,yfinance,False
2017-10-19,48.086708068847656,76.0,77.25,76.0,77.0,22311059,yfinance,False
2017-10-20,48.40305709838867,76.5,76.9000015258789,76.4000015258789,76.5,13357000,yfinance,False
2017-10-23,48.40305709838867,76.5,77.19999694824219,76.4000015258789,77.05000305175781,13680528,yfinance,False
2017-10-24,48.40305709838867,76.5,76.80000305175781,76.0999984741211,76.25,8670500,yfinance,False
2017-10-25,48.52959442138672,76.69999694824219,76.9000015258789,76.4000015258789,76.5,10451638,yfinance,False
2017-10-26,48.65615463256836,76.9000015258789,77.0999984741211,76.5999984741211,76.5999984741211,12133264,yfinance,False
2017-10-27,48.78268051147461,77.0999984741211,77.44999694824219,76.4000015258789,76.4000015258789,20176013,yfinance,False
2017-10-30,48.624515533447266,76.8499984741211,78.05000305175781,76.8499984741211,77.19999694824219,32626972,yfinance,False
2017-10-31,48.21323776245117,76.19999694824219,76.5999984741211,76.05000305175781,76.25,32077681,yfinance,False
2017-11-01,48.497962951660156,76.6500015258789,76.80000305175781,76.19999694824219,76.19999694824219,19417713,yfinance,False
2017-11-02,47.991783142089844,75.8499984741211,76.19999694824219,75.80000305175781,76.1500015258789,26844827,yfinance,False
2017-11-03,47.8336067199707,75.5999984741211,75.8499984741211,75.5,75.55000305175781,20538341,yfinance,False
2017-11-06,47.643798828125,75.30000305175781,75.5,74.8499984741211,75.5,23272416,yfinance,False
2017-11-07,47.96015548706055,75.80000305175781,76.0999984741211,75.30000305175781,75.30000305175781,14362731,yfinance,False
2017-11-08,47.67543029785156,75.3499984741211,75.6500015258789,75.25,75.4000015258789,22353265,yfinance,False
2017-11-09,47.991783142089844,75.8499984741211,76.1500015258789,75.4000015258789,75.4000015258789,14546652,yfinance,False
2017-11-10,48.05506134033203,75.94999694824219,76.0999984741211,75.80000305175781,76.0,11164601,yfinance,False
2017-11-13,47.8652458190918,75.6500015258789,76.25,75.5999984741211,75.9000015258789,12740554,yfinance,False
2017-11-14,47.54888153076172,75.1500015258789,75.44999694824219,75.05000305175781,75.19999694824219,16683838,yfinance,False
2017-11-15,47.51725387573242,75.0999984741211,75.30000305175781,75.05000305175781,75.1500015258789,10045036,yfinance,False
2017-11-16,47.67543029785156,75.3499984741211,75.69999694824219,75.25,75.5,8504207,yfinance,False
2017-11-17,47.612159729003906,75.25,75.6500015258789,75.0999984741211,75.3499984741211,12812063,yfinance,False
2017-11-20,47.51725387573242,75.0999984741211,75.5,75.0,75.25,10028334,yfinance,False
2017-11-21,47.8336067199707,75.5999984741211,75.80000305175781,74.80000305175781,75.19999694824219,32409934,yfinance,False
2017-11-22,48.687774658203125,76.94999694824219,78.0999984741211,75.44999694824219,75.5,64117454,yfinance,False
2017-11-23,48.181610107421875,76.1500015258789,77.4000015258789,75.8499984741211,77.1500015258789,35159249,yfinance,False
2017-11-24,48.276512145996094,76.30000305175781,76.8499984741211,76.0999984741211,76.30000305175781,18916460,yfinance,False
2017-11-27,48.5928840637207,76.80000305175781,77.4000015258789,76.0999984741211,76.5999984741211,27312991,yfinance,False
2017-11-28,48.687774658203125,76.94999694824219,77.4000015258789,76.80000305175781,77.4000015258789,28073541,yfinance,False
2017-11-29,49.35213088989258,78.0,78.1500015258789,77.19999694824219,77.5,50583363,yfinance,False
2017-11-30,49.35213088989258,78.0,78.30000305175781,77.55000305175781,77.9000015258789,45565002,yfinance,False
2017-12-01,49.28886795043945,77.9000015258789,78.0,77.4000015258789,77.94999694824219,39933422,yfinance,False
2017-12-04,49.16231918334961,77.69999694824219,78.0999984741211,77.05000305175781,77.55000305175781,21858708,yfinance,False
2017-12-05,48.94085693359375,77.3499984741211,77.94999694824219,77.25,77.25,23071288,yfinance,False
2017-12-06,48.14995574951172,76.0999984741211,77.30000305175781,76.0999984741211,77.0,43122771,yfinance,False
2017-12-07,48.244873046875,76.25,77.0,76.1500015258789,76.1500015258789,27425846,yfinance,False
2017-12-08,48.5928840637207,76.80000305175781,77.0,76.25,76.30000305175781,32648265,yfinance,False
2017-12-11,49.54195785522461,78.30000305175781,78.9000015258789,76.80000305175781,76.80000305175781,54684972,yfinance,False
2017-12-12,49.57360076904297,78.3499984741211,79.05000305175781,78.0999984741211,78.6500015258789,32960794,yfinance,False
2017-12-13,50.585933685302734,79.94999694824219,80.0,78.80000305175781,78.80000305175781,63450907,yfinance,False
2017-12-14,50.33285903930664,79.55000305175781,80.4000015258789,79.0999984741211,80.25,40390748,yfinance,False
2017-12-15,49.700138092041016,78.55000305175781,79.25,78.30000305175781,79.1500015258789,26951970,yfinance,False
2017-12-18,49.889957427978516,78.8499984741211,79.3499984741211,78.30000305175781,78.69999694824219,15837615,yfinance,False
2017-12-19,50.2063102722168,79.3499984741211,79.69999694824219,78.94999694824219,79.0,16227302,yfinance,False
2017-12-20,50.174678802490234,79.30000305175781,79.30000305175781,78.80000305175781,79.0,17518048,yfinance,False
2017-12-21,50.33285903930664,79.55000305175781,79.80000305175781,79.4000015258789,79.55000305175781,15529852,yfinance,False
2017-12-22,50.61757278442383,80.0,80.0999984741211,79.6500015258789,80.0,22311368,yfinance,False
2017-12-27,50.491031646728516,79.80000305175781,80.3499984741211,79.69999694824219,80.0999984741211,16640634,yfinance,False
2017-12-28,50.61757278442383,80.0,80.1500015258789,79.9000015258789,80.05000305175781,16338004,yfinance,False
2017-12-29,50.585933685302734,79.94999694824219,80.1500015258789,79.9000015258789,80.0,15450760,yfinance,False
2018-01-02,51.440120697021484,81.30000305175781,81.30000305175781,80.44999694824219,80.55000305175781,37060582,yfinance,False
2018-01-03,51.218650817871094,80.94999694824219,81.44999694824219,80.80000305175781,81.30000305175781,21680762,yfinance,False
2018-01-04,50.93394470214844,80.5,81.05000305175781,80.3499984741211,80.9000015258789,17205111,yfinance,False
2018-01-05,51.12374496459961,80.80000305175781,81.19999694824219,80.5999984741211,81.05000305175781,15902273,yfinance,False
2018-01-08,50.93394470214844,80.5,80.80000305175781,80.05000305175781,80.5,21354440,yfinance,False
2018-01-09,51.218650817871094,80.94999694824219,81.0999984741211,80.1500015258789,80.19999694824219,20734671,yfinance,False
2018-01-10,51.94627380371094,82.0999984741211,82.4000015258789,80.94999694824219,80.94999694824219,70547231,yfinance,False
2018-01-11,53.18008804321289,84.05000305175781,84.30000305175781,83.55000305175781,83.94999694824219,54006301,yfinance,False
2018-01-12,52.95864486694336,83.69999694824219,84.4000015258789,83.25,84.19999694824219,29034596,yfinance,False
2018-01-15,53.21171951293945,84.0999984741211,84.94999694824219,83.80000305175781,84.9000015258789,44252539,yfinance,False
2018-01-16,53.65462875366211,84.80000305175781,84.80000305175781,84.0,84.30000305175781,27343839,yfinance,False
2018-01-17,53.81281280517578,85.05000305175781,85.0999984741211,84.69999694824219,84.94999694824219,38403425,yfinance,False
2018-01-18,54.065895080566406,85.44999694824219,86.0,85.05000305175781,86.0,35014328,yfinance,False
2018-01-19,54.034278869628906,85.4000015258789,85.94999694824219,85.05000305175781,85.5999984741211,25476127,yfinance,False
2018-01-22,53.78116989135742,85.0,85.4000015258789,84.69999694824219,85.25,26645050,yfinance,False
2018-01-23,54.22407531738281,85.69999694824219,85.69999694824219,85.30000305175781,85.5,29559695,yfinance,False
2018-01-24,54.318992614746094,85.8499984741211,85.8499984741211,85.19999694824219,85.5999984741211,20120832,yfinance,False
2018-01-25,54.0975341796875,85.5,85.94999694824219,85.3499984741211,85.9000015258789,22596907,yfinance,False
2018-01-26,54.22407531738281,85.69999694824219,85.69999694824219,85.30000305175781,85.3499984741211,26625573,yfinance,False
2018-01-29,53.81281280517578,85.05000305175781,85.6500015258789,85.05000305175781,85.55000305175781,28960637,yfinance,False
2018-01-30,53.21171951293945,84.0999984741211,85.1500015258789,83.8499984741211,84.80000305175781,39732326,yfinance,False
2018-01-31,53.275001525878906,84.19999694824219,84.5,83.0,83.44999694824219,36516373,yfinance,False
2018-02-01,53.18008804321289,84.05000305175781,84.1500015258789,83.44999694824219,83.5,33272295,yfinance,False
2018-02-02,52.95864486694336,83.69999694824219,84.0,83.25,83.55000305175781,21777829,yfinance,False
2018-02-05,52.42082595825195,82.8499984741211,83.30000305175781,81.80000305175781,82.0,48503623,yfinance,False
2018-02-06,50.68084716796875,80.0999984741211,80.94999694824219,79.5999984741211,80.0,114487484,yfinance,False
2018-02-07,50.61757278442383,80.0,81.6500015258789,80.0,81.05000305175781,73847401,yfinance,False
2018-02-08,50.93394470214844,80.5,80.9000015258789,80.05000305175781,80.1500015258789,47829794,yfinance,False
2018-02-09,50.491031646728516,79.80000305175781,80.05000305175781,77.9000015258789,79.30000305175781,99014081,yfinance,False
2018-02-12,50.23794937133789,79.4000015258789,80.3499984741211,79.4000015258789,80.0,40033784,yfinance,False
2018-02-13,50.491031646728516,79.80000305175781,80.44999694824219,79.5999984741211,79.5999984741211,29293870,yfinance,False
2018-02-14,51.81973648071289,81.9000015258789,82.19999694824219,79.8499984741211,79.8499984741211,47649359,yfinance,False
2018-02-15,52.863731384277344,83.55000305175781,83.75,82.69999694824219,83.0,36584847,yfinance,False
2018-02-20,51.218650817871094,80.94999694824219,85.0,80.8499984741211,83.75,84846341,yfinance,False
2018-02-21,51.62992477416992,81.5999984741211,82.05000305175781,80.69999694824219,81.5,52960544,yfinance,False
2018-02-22,51.369842529296875,79.55000305175781,80.25,79.4000015258789,79.80000305175781,37646052,yfinance,False
2018-02-23,51.4344367980957,79.6500015258789,79.94999694824219,79.5999984741211,79.9000015258789,23199947,yfinance,False
2018-02-26,51.369842529296875,79.55000305175781,80.0999984741211,79.4000015258789,80.0999984741211,24170091,yfinance,False
2018-02-27,50.75639724731445,78.5999984741211,79.55000305175781,78.5999984741211,79.55000305175781,37296697,yfinance,False
2018-02-28,50.36892318725586,78.0,78.44999694824219,78.0,78.19999694824219,24780124,yfinance,False
2018-03-01,50.30436706542969,77.9000015258789,78.05000305175781,77.1500015258789,77.19999694824219,26947744,yfinance,False
2018-03-02,49.852333068847656,77.19999694824219,77.4000015258789,77.05000305175781,77.30000305175781,33903684,yfinance,False
2018-03-05,49.04513931274414,75.94999694824219,77.05000305175781,75.94999694824219,77.0,34817652,yfinance,False
2018-03-06,49.464874267578125,76.5999984741211,77.0,76.0999984741211,76.5999984741211,23078928,yfinance,False
2018-03-07,49.04513931274414,75.94999694824219,76.5999984741211,75.9000015258789,76.19999694824219,23842359,yfinance,False
2018-03-08,49.27115249633789,76.30000305175781,76.69999694824219,76.19999694824219,76.19999694824219,16339656,yfinance,False
2018-03-09,49.464874267578125,76.5999984741211,76.8499984741211,76.4000015258789,76.5,13637664,yfinance,False
2018-03-12,49.98149108886719,77.4000015258789,77.69999694824219,76.80000305175781,77.0999984741211,29470962,yfinance,False
2018-03-13,49.78776168823242,77.0999984741211,77.44999694824219,77.0999984741211,77.3499984741211,18004006,yfinance,False
2018-03-14,49.40031051635742,76.5,76.75,76.3499984741211,76.5,19530566,yfinance,False
2018-03-15,49.335723876953125,76.4000015258789,76.44999694824219,75.9000015258789,76.0,24254241,yfinance,False
2018-03-16,49.69089889526367,76.94999694824219,77.3499984741211,76.25,76.25,22136321,yfinance,False
2018-03-19,49.82005310058594,77.1500015258789,77.44999694824219,76.5,76.5,11098284,yfinance,False
2018-03-20,49.69089889526367,76.94999694824219,76.94999694824219,76.3499984741211,76.80000305175781,15140889,yfinance,False
2018-03-21,49.626312255859375,76.8499984741211,77.9000015258789,76.80000305175781,76.94999694824219,18588645,yfinance,False
2018-03-22,49.27115249633789,76.30000305175781,77.30000305175781,76.30000305175781,77.0,16147141,yfinance,False
2018-03-23,48.205650329589844,74.6500015258789,74.9000015258789,74.0999984741211,74.75,60552833,yfinance,False
2018-03-26,48.43165969848633,75.0,75.0,73.9000015258789,74.05000305175781,27598665,yfinance,False
2018-03-27,48.49625015258789,75.0999984741211,75.55000305175781,75.0,75.3499984741211,20421770,yfinance,False
2018-03-28,47.78591537475586,74.0,74.80000305175781,74.0,74.4000015258789,30235397,yfinance,False
2018-03-29,47.78591537475586,74.0,74.3499984741211,73.55000305175781,74.1500015258789,20383080,yfinance,False
2018-04-03,47.49532699584961,73.55000305175781,73.6500015258789,73.0999984741211,73.44999694824219,25428538,yfinance,False
2018-04-04,46.7526969909668,72.4000015258789,73.8499984741211,72.4000015258789,73.69999694824219,23443502,yfinance,False
2018-04-06,47.17243576049805,73.05000305175781,73.69999694824219,72.80000305175781,72.80000305175781,24719256,yfinance,False
2018-04-09,47.915061950683594,74.19999694824219,74.9000015258789,73.5999984741211,73.80000305175781,26596521,yfinance,False
2018-04-10,48.237945556640625,74.69999694824219,74.80000305175781,74.05000305175781,74.19999694824219,16001936,yfinance,False
2018-04-11,48.593116760253906,75.25,75.5999984741211,74.94999694824219,75.0,21424632,yfinance,False
2018-04-12,48.689971923828125,75.4000015258789,75.69999694824219,74.80000305175781,75.4000015258789,13303726,yfinance,False
2018-04-13,49.27115249633789,76.30000305175781,76.3499984741211,75.8499984741211,76.30000305175781,18726256,yfinance,False
2018-04-16,49.04513931274414,75.94999694824219,76.69999694824219,75.3499984741211,76.5999984741211,20933959,yfinance,False
2018-04-17,48.722259521484375,75.44999694824219,76.25,75.1500015258789,75.6500015258789,13197306,yfinance,False
2018-04-18,48.85140609741211,75.6500015258789,76.0999984741211,75.19999694824219,75.94999694824219,16139272,yfinance,False
2018-04-19,49.27115249633789,76.30000305175781,76.4000015258789,75.69999694824219,75.9000015258789,17981942,yfinance,False
2018-04-20,49.59403610229492,76.80000305175781,77.6500015258789,76.5,76.5,34244927,yfinance,False
2018-04-23,49.723182678222656,77.0,77.44999694824219,76.9000015258789,77.05000305175781,16113737,yfinance,False
2018-04-24,50.14292526245117,77.6500015258789,77.69999694824219,77.0999984741211,77.19999694824219,15832064,yfinance,False
2018-04-25,50.04606246948242,77.5,77.75,77.0999984741211,77.4000015258789,12080864,yfinance,False
2018-04-26,49.75545883178711,77.05000305175781,77.80000305175781,76.69999694824219,77.5999984741211,19719319,yfinance,False
2018-04-27,49.98149108886719,77.4000015258789,77.5,77.0,77.30000305175781,13514973,yfinance,False
2018-04-30,50.82096862792969,78.69999694824219,78.69999694824219,77.69999694824219,77.9000015258789,24138515,yfinance,False
2018-05-02,50.65952682495117,78.44999694824219,78.5999984741211,77.80000305175781,78.19999694824219,13978028,yfinance,False
2018-05-03,50.17521286010742,77.69999694824219,78.0,77.1500015258789,77.30000305175781,14845915,yfinance,False
2018-05-04,48.39936828613281,74.94999694824219,77.4000015258789,74.8499984741211,77.05000305175781,54745949,yfinance,False
2018-05-07,48.49625015258789,75.0999984741211,75.55000305175781,75.0,75.4000015258789,16621209,yfinance,False
2018-05-08,49.012855529785156,75.9000015258789,76.3499984741211,75.44999694824219,75.44999694824219,13424855,yfinance,False
2018-05-09,49.14200210571289,76.0999984741211,76.19999694824219,75.5999984741211,75.69999694824219,12025213,yfinance,False
2018-05-10,49.78776168823242,77.0999984741211,77.30000305175781,76.69999694824219,76.69999694824219,18504582,yfinance,False
2018-05-11,50.07834243774414,77.55000305175781,77.9000015258789,77.30000305175781,77.9000015258789,14165297,yfinance,False
2018-05-14,50.62725067138672,78.4000015258789,78.5999984741211,78.0,78.05000305175781,22374475,yfinance,False
2018-05-15,50.33665084838867,77.94999694824219,78.55000305175781,77.69999694824219,78.55000305175781,12231114,yfinance,False
2018-05-16,50.401214599609375,78.05000305175781,78.19999694824219,77.75,77.94999694824219,15046970,yfinance,False
2018-05-17,50.22825241088867,77.0,77.55000305175781,76.80000305175781,77.4000015258789,12627414,yfinance,False
2018-05-18,50.39133834838867,77.25,77.4000015258789,76.69999694824219,77.0,11878991,yfinance,False
2018-05-21,50.75010299682617,77.80000305175781,77.9000015258789,77.5,77.5,13576777,yfinance,False
2018-05-23,50.55440902709961,77.5,78.25,77.5,78.25,20176620,yfinance,False
2018-05-24,50.5870246887207,77.55000305175781,77.69999694824219,76.94999694824219,77.5,9395616,yfinance,False
2018-05-25,50.260868072509766,77.05000305175781,77.25,76.80000305175781,76.9000015258789,11488656,yfinance,False
2018-05-28,50.13039779663086,76.8499984741211,77.0999984741211,76.69999694824219,77.0,8904420,yfinance,False
2018-05-29,49.51070022583008,75.9000015258789,76.75,75.9000015258789,76.5999984741211,19560619,yfinance,False
2018-05-30,48.890995025634766,74.94999694824219,75.19999694824219,74.6500015258789,75.0,34130739,yfinance,False
2018-05-31,49.54332733154297,75.94999694824219,76.19999694824219,75.0999984741211,75.44999694824219,17879650,yfinance,False
2018-06-01,49.54332733154297,75.94999694824219,75.94999694824219,75.19999694824219,75.44999694824219,17097897,yfinance,False
2018-06-04,49.96731948852539,76.5999984741211,76.69999694824219,76.0,76.19999694824219,13662716,yfinance,False
2018-06-05,49.902099609375,76.5,76.80000305175781,76.05000305175781,76.05000305175781,11626606,yfinance,False
2018-06-06,49.902099609375,76.5,76.75,76.19999694824219,76.19999694824219,13477813,yfinance,False
2018-06-07,50.39133834838867,77.25,77.44999694824219,76.75,76.8499984741211,18399594,yfinance,False
2018-06-08,49.934715270996094,76.55000305175781,77.19999694824219,76.44999694824219,77.19999694824219,11491978,yfinance,False
2018-06-11,50.19563674926758,76.94999694824219,77.19999694824219,76.55000305175781,76.55000305175781,10195112,yfinance,False
2018-06-12,50.06516647338867,76.75,76.8499984741211,76.30000305175781,76.4000015258789,9282704,yfinance,False
2018-06-13,49.99993896484375,76.6500015258789,77.0,76.30000305175781,76.30000305175781,13402404,yfinance,False
2018-06-14,49.83686828613281,76.4000015258789,76.80000305175781,76.1500015258789,76.69999694824219,13050437,yfinance,False
2018-06-15,49.804237365722656,76.3499984741211,76.8499984741211,76.30000305175781,76.5,16363655,yfinance,False
2018-06-19,48.662696838378906,74.5999984741211,75.5,74.4000015258789,75.05000305175781,42643932,yfinance,False
2018-06-20,49.054073333740234,75.19999694824219,75.5,74.30000305175781,74.30000305175781,16701179,yfinance,False
2018-06-21,48.53223419189453,74.4000015258789,75.4000015258789,74.4000015258789,74.69999694824219,16119889,yfinance,False
2018-06-22,48.53223419189453,74.4000015258789,74.69999694824219,73.75,73.80000305175781,16706814,yfinance,False
2018-06-25,48.10822677612305,73.75,74.9000015258789,73.69999694824219,74.55000305175781,18142499,yfinance,False
2018-06-26,47.94515609741211,73.5,73.80000305175781,73.19999694824219,73.55000305175781,17440294,yfinance,False
2018-06-27,47.29283142089844,72.5,73.8499984741211,72.5,73.55000305175781,21287306,yfinance,False
2018-06-28,47.55376052856445,72.9000015258789,73.0,72.0999984741211,72.80000305175781,24644209,yfinance,False
2018-06-29,48.01038360595703,73.5999984741211,73.75,72.9000015258789,73.0,14801168,yfinance,False
2018-07-03,47.194984436035156,72.3499984741211,72.5,71.44999694824219,72.0999984741211,36362342,yfinance,False
2018-07-04,47.097137451171875,72.19999694824219,72.6500015258789,71.94999694824219,72.3499984741211,12866139,yfinance,False
2018-07-05,47.29283142089844,72.5,72.69999694824219,71.6500015258789,72.5,16975926,yfinance,False
2018-07-06,47.358062744140625,72.5999984741211,72.94999694824219,71.8499984741211,72.80000305175781,17708489,yfinance,False
2018-07-09,47.84730529785156,73.3499984741211,73.44999694824219,73.0,73.0999984741211,11726393,yfinance,False
2018-07-10,48.20608139038086,73.9000015258789,74.25,73.80000305175781,74.0,17316974,yfinance,False
2018-07-11,47.58638000488281,72.94999694824219,73.25,72.0999984741211,72.0999984741211,16004370,yfinance,False
2018-07-12,47.68421936035156,73.0999984741211,73.30000305175781,72.5999984741211,72.9000015258789,9223553,yfinance,False
2018-07-13,47.8146858215332,73.30000305175781,73.69999694824219,73.30000305175781,73.3499984741211,12432384,yfinance,False
2018-07-16,47.8146858215332,73.30000305175781,73.6500015258789,73.0,73.44999694824219,6584333,yfinance,False
2018-07-17,47.71684265136719,73.1500015258789,73.69999694824219,73.0,73.69999694824219,9996691,yfinance,False
2018-07-18,47.358062744140625,72.5999984741211,73.3499984741211,72.5999984741211,73.0,11363923,yfinance,False
2018-07-19,47.749454498291016,73.19999694824219,73.5,72.94999694824219,73.0999984741211,15148218,yfinance,False
2018-07-20,47.749454498291016,73.19999694824219,73.4000015258789,72.5999984741211,73.4000015258789,13265435,yfinance,False
2018-07-23,47.87991714477539,73.4000015258789,73.5,73.05000305175781,73.44999694824219,8204018,yfinance,False
2018-07-24,48.69530487060547,74.6500015258789,74.6500015258789,73.8499984741211,73.9000015258789,22353931,yfinance,False
2018-07-25,48.95624542236328,75.05000305175781,75.4000015258789,75.0,75.1500015258789,16508154,yfinance,False
2018-07-26,48.76055145263672,74.75,75.1500015258789,74.30000305175781,75.0,12684426,yfinance,False
2018-07-27,48.82577133178711,74.8499984741211,75.05000305175781,74.30000305175781,74.5999984741211,8294764,yfinance,False
2018-07-30,48.72793197631836,74.69999694824219,75.05000305175781,74.4000015258789,74.5,11210759,yfinance,False
2018-07-31,48.662696838378906,74.5999984741211,74.80000305175781,74.4000015258789,74.80000305175781,7824397,yfinance,False
2018-08-01,48.434391021728516,74.25,75.25,74.0,75.0999984741211,21867381,yfinance,False
2018-08-02,47.48853302001953,72.80000305175781,73.80000305175781,72.80000305175781,73.80000305175781,23016869,yfinance,False
2018-08-03,47.16238021850586,72.30000305175781,72.55000305175781,72.1500015258789,72.44999694824219,20306120,yfinance,False
2018-08-06,47.39067459106445,72.6500015258789,73.5999984741211,72.19999694824219,73.0,30859249,yfinance,False
2018-08-07,47.521141052246094,72.8499984741211,72.9000015258789,72.0999984741211,72.25,18811683,yfinance,False
2018-08-08,47.55376052856445,72.9000015258789,73.0,72.5,72.5,8271896,yfinance,False
2018-08-09,47.84730529785156,73.3499984741211,73.9000015258789,73.0,73.0,12584633,yfinance,False
2018-08-10,47.358062744140625,72.5999984741211,73.55000305175781,72.55000305175781,73.05000305175781,17553018,yfinance,False
2018-08-13,47.031917572021484,72.0999984741211,72.5,72.0,72.0999984741211,22331690,yfinance,False
2018-08-14,47.194984436035156,72.3499984741211,72.4000015258789,71.8499984741211,72.0,15935266,yfinance,False
2018-08-15,46.67314147949219,71.55000305175781,72.0,71.5,71.9000015258789,27035992,yfinance,False
2018-08-16,46.26728439331055,70.1500015258789,70.5,69.8499984741211,70.0,34207015,yfinance,False
2018-08-17,46.234317779541016,70.0999984741211,70.80000305175781,70.0,70.4000015258789,16175678,yfinance,False
2018-08-20,46.53112030029297,70.55000305175781,70.5999984741211,69.55000305175781,69.94999694824219,17866169,yfinance,False
2018-08-21,46.36621856689453,70.30000305175781,70.4000015258789,69.94999694824219,70.1500015258789,15471039,yfinance,False
2018-08-22,46.20132827758789,70.05000305175781,70.0999984741211,69.5999984741211,69.9000015258789,17480660,yfinance,False
2018-08-23,45.93751525878906,69.6500015258789,70.30000305175781,69.5999984741211,70.30000305175781,14211698,yfinance,False
2018-08-24,45.77262878417969,69.4000015258789,69.6500015258789,69.19999694824219,69.5,16250292,yfinance,False
2018-08-27,46.234317779541016,70.0999984741211,70.0999984741211,69.44999694824219,69.55000305175781,18159578,yfinance,False
2018-08-28,46.300270080566406,70.19999694824219,70.75,70.0999984741211,70.44999694824219,12684540,yfinance,False
2018-08-29,46.26728439331055,70.1500015258789,70.5999984741211,70.0,70.30000305175781,14273227,yfinance,False
2018-08-30,45.83857727050781,69.5,70.19999694824219,69.4000015258789,70.1500015258789,19474908,yfinance,False
2018-08-31,45.40987777709961,68.8499984741211,69.30000305175781,68.80000305175781,69.05000305175781,21529248,yfinance,False
2018-09-03,45.08010482788086,68.3499984741211,68.4000015258789,68.0,68.4000015258789,24181234,yfinance,False
2018-09-04,45.37690353393555,68.80000305175781,68.94999694824219,68.05000305175781,68.19999694824219,14923511,yfinance,False
2018-09-05,44.71736526489258,67.80000305175781,68.5,67.80000305175781,68.44999694824219,25760163,yfinance,False
2018-09-06,44.51947784423828,67.5,68.0999984741211,67.5,67.6500015258789,24430606,yfinance,False
2018-09-07,44.32162094116211,67.19999694824219,67.69999694824219,66.75,67.0999984741211,28973817,yfinance,False
2018-09-10,43.761009216308594,66.3499984741211,66.94999694824219,66.0999984741211,66.8499984741211,28486530,yfinance,False
2018-09-11,43.728031158447266,66.30000305175781,67.0,66.30000305175781,66.3499984741211,17643304,yfinance,False
2018-09-12,43.95886993408203,66.6500015258789,67.0999984741211,66.25,66.5,20357426,yfinance,False
2018-09-13,44.55247497558594,67.55000305175781,67.5999984741211,66.8499984741211,66.94999694824219,28799297,yfinance,False
2018-09-14,44.7833137512207,67.9000015258789,68.19999694824219,67.4000015258789,67.80000305175781,19908390,yfinance,False
2018-09-17,44.55247497558594,67.55000305175781,67.80000305175781,67.3499984741211,67.5999984741211,12055845,yfinance,False
2018-09-18,44.68437576293945,67.75,68.0,67.0999984741211,67.19999694824219,16026267,yfinance,False
2018-09-19,44.81627655029297,67.94999694824219,68.05000305175781,67.19999694824219,67.55000305175781,23174011,yfinance,False
2018-09-20,45.27797317504883,68.6500015258789,68.75,68.0,68.4000015258789,15168181,yfinance,False
2018-09-21,46.00347137451172,69.75,69.75,69.05000305175781,69.5,19397758,yfinance,False
2018-09-24,45.475830078125,68.94999694824219,69.5,68.8499984741211,68.94999694824219,12488220,yfinance,False
2018-09-26,45.93751525878906,69.6500015258789,70.19999694824219,69.25,69.25,17715864,yfinance,False
2018-09-27,45.77262878417969,69.4000015258789,70.0999984741211,69.19999694824219,69.30000305175781,9122870,yfinance,False
2018-09-28,45.640716552734375,69.19999694824219,69.94999694824219,68.94999694824219,69.69999694824219,13210072,yfinance,False
2018-10-02,44.68437576293945,67.75,68.5,67.6500015258789,68.0,24924108,yfinance,False
2018-10-03,44.81627655029297,67.94999694824219,68.19999694824219,66.5999984741211,66.5999984741211,11138127,yfinance,False
2018-10-04,44.882240295410156,68.05000305175781,68.25,67.55000305175781,68.25,19094289,yfinance,False
2018-10-05,45.146053314208984,68.44999694824219,69.19999694824219,68.44999694824219,69.19999694824219,16068236,yfinance,False
2018-10-08,44.882240295410156,68.05000305175781,68.75,68.0,68.19999694824219,18463655,yfinance,False
2018-10-09,44.61842346191406,67.6500015258789,67.94999694824219,67.3499984741211,67.6500015258789,22500606,yfinance,False
2018-10-10,44.91522216796875,68.0999984741211,68.44999694824219,67.55000305175781,67.55000305175781,22435246,yfinance,False
2018-10-11,44.06978988647461,66.05000305175781,66.75,66.0,66.5,39115421,yfinance,False
2018-10-12,44.06978988647461,66.05000305175781,66.3499984741211,65.3499984741211,65.55000305175781,39363868,yfinance,False
2018-10-15,43.2024040222168,64.75,65.44999694824219,64.69999694824219,65.4000015258789,39686626,yfinance,False
2018-10-16,43.23576736450195,64.80000305175781,65.4000015258789,64.5999984741211,65.19999694824219,18497061,yfinance,False
2018-10-18,43.06895446777344,64.55000305175781,64.80000305175781,64.05000305175781,64.80000305175781,26780608,yfinance,False
2018-10-19,42.601905822753906,63.849998474121094,64.0999984741211,63.099998474121094,63.349998474121094,46898041,yfinance,False
2018-10-22,42.93551254272461,64.3499984741211,64.4000015258789,63.45000076293945,63.54999923706055,26273240,yfinance,False
2018-10-23,41.63444137573242,62.400001525878906,63.45000076293945,62.400001525878906,63.45000076293945,42301510,yfinance,False
2018-10-24,41.10066604614258,61.599998474121094,62.54999923706055,61.54999923706055,62.04999923706055,35346106,yfinance,False
2018-10-25,40.73368453979492,61.04999923706055,61.20000076293945,60.400001525878906,60.5,38075667,yfinance,False
2018-10-26,40.366722106933594,60.5,61.150001525878906,60.349998474121094,60.900001525878906,27990146,yfinance,False
2018-10-29,42.4017448425293,63.54999923706055,64.0,60.650001525878906,60.849998474121094,64952327,yfinance,False
2018-10-30,42.13486099243164,63.150001525878906,64.0,63.04999923706055,63.400001525878906,27445301,yfinance,False
2018-10-31,42.968875885009766,64.4000015258789,64.4000015258789,63.45000076293945,63.5,22025848,yfinance,False
2018-11-01,43.4025764465332,65.05000305175781,65.4000015258789,64.44999694824219,64.5,21014129,yfinance,False
2018-11-02,44.303314208984375,66.4000015258789,66.75,65.30000305175781,65.5,43633166,yfinance,False
2018-11-05,43.70282745361328,65.5,65.69999694824219,65.0999984741211,65.4000015258789,17100904,yfinance,False
2018-11-06,44.06978988647461,66.05000305175781,66.44999694824219,65.3499984741211,65.75,19930868,yfinance,False
2018-11-07,44.003074645996094,65.94999694824219,66.6500015258789,65.5999984741211,65.6500015258789,25492921,yfinance,False
2018-11-08,43.969696044921875,65.9000015258789,66.44999694824219,65.75,66.19999694824219,13072384,yfinance,False
2018-11-09,43.135677337646484,64.6500015258789,65.75,64.6500015258789,65.5,17284987,yfinance,False
2018-11-12,43.4025764465332,65.05000305175781,65.5999984741211,64.5,64.5,11698804,yfinance,False
2018-11-13,43.2024040222168,64.75,64.9000015258789,63.70000076293945,64.0,18145671,yfinance,False
2018-11-14,43.536014556884766,65.25,66.1500015258789,65.1500015258789,65.80000305175781,16058603,yfinance,False
2018-11-15,44.03643035888672,66.0,66.0,65.1500015258789,65.80000305175781,8617672,yfinance,False
2018-11-16,44.16986846923828,66.19999694824219,66.19999694824219,65.4000015258789,65.4000015258789,10231228,yfinance,False
2018-11-19,44.06978988647461,66.05000305175781,66.1500015258789,65.44999694824219,65.9000015258789,11554287,yfinance,False
2018-11-20,43.43592071533203,65.0999984741211,65.80000305175781,65.05000305175781,65.69999694824219,10809486,yfinance,False
2018-11-21,43.56938171386719,65.30000305175781,65.3499984741211,64.30000305175781,64.30000305175781,8080026,yfinance,False
2018-11-22,44.003074645996094,65.94999694824219,66.3499984741211,65.69999694824219,65.80000305175781,13596819,yfinance,False
2018-11-23,43.969696044921875,65.9000015258789,66.3499984741211,65.69999694824219,65.80000305175781,12294674,yfinance,False
2018-11-26,44.60355758666992,66.8499984741211,66.8499984741211,66.05000305175781,66.30000305175781,20246873,yfinance,False
2018-11-27,44.77036666870117,67.0999984741211,67.5,66.9000015258789,67.0,17333496,yfinance,False
2018-11-28,45.1373405456543,67.6500015258789,67.75,66.80000305175781,66.80000305175781,11917719,yfinance,False
2018-11-29,44.47011947631836,66.6500015258789,67.8499984741211,66.6500015258789,67.6500015258789,14780991,yfinance,False
2018-11-30,44.636932373046875,66.9000015258789,67.4000015258789,66.6500015258789,66.80000305175781,9362017,yfinance,False
2018-12-03,45.50430679321289,68.19999694824219,68.19999694824219,67.5999984741211,67.5999984741211,23023683,yfinance,False
2018-12-04,45.437591552734375,68.0999984741211,68.25,67.80000305175781,68.0,13049258,yfinance,False
2018-12-05,44.236595153808594,66.30000305175781,66.8499984741211,66.30000305175781,66.75,30593647,yfinance,False
2018-12-06,43.335845947265625,64.94999694824219,65.5,64.9000015258789,65.5,29308458,yfinance,False
2018-12-07,42.50182342529297,63.70000076293945,64.44999694824219,63.70000076293945,64.30000305175781,37873254,yfinance,False
2018-12-10,42.535186767578125,63.75,64.0,63.29999923706055,63.29999923706055,20212935,yfinance,False
2018-12-11,42.2682991027832,63.349998474121094,63.54999923706055,63.04999923706055,63.099998474121094,18832189,yfinance,False
2018-12-12,42.701988220214844,64.0,64.30000305175781,63.5,63.54999923706055,15282321,yfinance,False
2018-12-13,43.50264358520508,65.19999694824219,65.19999694824219,64.5,64.5,14347218,yfinance,False
2018-12-14,42.76871109008789,64.0999984741211,64.80000305175781,64.05000305175781,64.3499984741211,11285950,yfinance,False
2018-12-17,42.86880111694336,64.25,64.9000015258789,64.19999694824219,64.9000015258789,7695323,yfinance,False
2018-12-18,42.568546295166016,63.79999923706055,64.55000305175781,63.599998474121094,63.95000076293945,12381409,yfinance,False
2018-12-19,42.76871109008789,64.0999984741211,64.8499984741211,63.79999923706055,64.8499984741211,6895906,yfinance,False
2018-12-20,42.4017448425293,63.54999923706055,63.79999923706055,63.099998474121094,63.70000076293945,14706222,yfinance,False
2018-12-21,43.06895446777344,64.55000305175781,64.55000305175781,63.79999923706055,64.0,15197112,yfinance,False
2018-12-24,42.80207824707031,64.1500015258789,64.25,63.75,64.19999694824219,5543914,yfinance,False
2018-12-27,42.701988220214844,64.0,64.9000015258789,63.900001525878906,64.4000015258789,12522057,yfinance,False
2018-12-28,42.535186767578125,63.75,63.900001525878906,63.5,63.5,11895834,yfinance,False
2018-12-31,43.23576736450195,64.80000305175781,64.80000305175781,64.4000015258789,64.75,7298717,yfinance,False
2019-01-02,42.23493957519531,63.29999923706055,64.8499984741211,63.20000076293945,64.80000305175781,18887996,yfinance,False
2019-01-03,42.201576232910156,63.25,63.75,63.04999923706055,63.29999923706055,10324886,yfinance,False
2019-01-04,42.93551254272461,64.3499984741211,64.4000015258789,63.04999923706055,63.29999923706055,11338138,yfinance,False
2019-01-07,43.302486419677734,64.9000015258789,65.3499984741211,64.5999984741211,65.25,14346790,yfinance,False
2019-01-08,43.2024040222168,64.75,64.9000015258789,64.1500015258789,64.5999984741211,10578424,yfinance,False
2019-01-09,43.70282745361328,65.5,66.0,64.94999694824219,65.19999694824219,25771115,yfinance,False
2019-01-10,43.23576736450195,64.80000305175781,65.19999694824219,64.3499984741211,64.75,20936553,yfinance,False
2019-01-11,43.636104583740234,65.4000015258789,65.75,64.9000015258789,65.1500015258789,13232930,yfinance,False
2019-01-14,43.06895446777344,64.55000305175781,65.19999694824219,64.5,64.80000305175781,12175907,yfinance,False
2019-01-15,43.43592071533203,65.0999984741211,65.3499984741211,64.55000305175781,64.8499984741211,16785749,yfinance,False
2019-01-16,43.46929931640625,65.1500015258789,65.30000305175781,64.4000015258789,64.69999694824219,13220098,yfinance,False
2019-01-17,43.46929931640625,65.1500015258789,65.44999694824219,64.9000015258789,65.0,11578113,yfinance,False
2019-01-18,43.60272979736328,65.3499984741211,65.5,65.0999984741211,65.5,11975386,yfinance,False
2019-01-21,43.60272979736328,65.3499984741211,65.9000015258789,65.25,65.5999984741211,14960914,yfinance,False
2019-01-22,43.43592071533203,65.0999984741211,65.80000305175781,65.05000305175781,65.5999984741211,10094181,yfinance,False
2019-01-23,43.335845947265625,64.94999694824219,65.5,64.80000305175781,64.80000305175781,12514956,yfinance,False
2019-01-24,43.56938171386719,65.30000305175781,65.44999694824219,65.0,65.25,9811576,yfinance,False
2019-01-25,43.969696044921875,65.9000015258789,65.9000015258789,65.05000305175781,65.0999984741211,19606418,yfinance,False
2019-01-28,43.93634796142578,65.8499984741211,66.30000305175781,65.80000305175781,65.9000015258789,13132536,yfinance,False
2019-01-29,44.003074645996094,65.94999694824219,66.0999984741211,65.44999694824219,65.44999694824219,20657393,yfinance,False
2019-01-30,44.236595153808594,66.30000305175781,66.5,65.94999694824219,66.44999694824219,13455260,yfinance,False
2019-01-31,44.503482818603516,66.69999694824219,66.94999694824219,66.4000015258789,66.6500015258789,19079464,yfinance,False
2019-02-01,44.103145599365234,66.0999984741211,66.5,65.9000015258789,66.30000305175781,17431690,yfinance,False
2019-02-04,44.003074645996094,65.94999694824219,66.0999984741211,65.6500015258789,65.69999694824219,12018093,yfinance,False
2019-02-08,43.93634796142578,65.8499984741211,65.94999694824219,65.0999984741211,65.0999984741211,11037829,yfinance,False
2019-02-11,44.03643035888672,66.0,66.0999984741211,65.5999984741211,65.80000305175781,11927453,yfinance,False
2019-02-12,44.20322799682617,66.25,66.5,65.80000305175781,65.94999694824219,13828466,yfinance,False
2019-02-13,44.77036666870117,67.0999984741211,67.4000015258789,66.4000015258789,66.5999984741211,22231404,yfinance,False
2019-02-14,44.83708572387695,67.19999694824219,67.30000305175781,66.80000305175781,66.9000015258789,18544235,yfinance,False
2019-02-15,44.269954681396484,66.3499984741211,66.9000015258789,66.30000305175781,66.9000015258789,25619649,yfinance,False
2019-02-18,45.17070007324219,67.69999694824219,68.0,67.05000305175781,67.05000305175781,33646158,yfinance,False
2019-02-19,44.13650131225586,66.1500015258789,67.94999694824219,65.8499984741211,67.75,63505533,yfinance,False
2019-02-20,44.06978988647461,66.05000305175781,66.1500015258789,65.4000015258789,65.55000305175781,69143662,yfinance,False
2019-02-21,44.410518646240234,64.9000015258789,65.1500015258789,64.5999984741211,64.94999694824219,34907228,yfinance,False
2019-02-22,44.0683708190918,64.4000015258789,64.69999694824219,64.19999694824219,64.5,37012651,yfinance,False
2019-02-25,43.931514739990234,64.19999694824219,64.55000305175781,64.1500015258789,64.5,38184799,yfinance,False
2019-02-26,43.760440826416016,63.95000076293945,64.1500015258789,63.599998474121094,64.0999984741211,42954726,yfinance,False
2019-02-27,43.86308670043945,64.0999984741211,64.25,63.900001525878906,64.0,23690146,yfinance,False
2019-02-28,43.89730453491211,64.1500015258789,64.80000305175781,64.05000305175781,64.19999694824219,22441992,yfinance,False
2019-03-01,43.931514739990234,64.19999694824219,64.3499984741211,63.900001525878906,63.900001525878906,18392999,yfinance,False
2019-03-04,43.931514739990234,64.19999694824219,64.69999694824219,64.0,64.0999984741211,31114804,yfinance,False
2019-03-05,44.034156799316406,64.3499984741211,64.4000015258789,63.900001525878906,64.0,21053002,yfinance,False
2019-03-06,44.273658752441406,64.69999694824219,64.75,64.0999984741211,64.0999984741211,18049783,yfinance,False
2019-03-07,44.37630844116211,64.8499984741211,65.19999694824219,64.3499984741211,64.3499984741211,23198002,yfinance,False
2019-03-08,43.965736389160156,64.25,64.5,64.05000305175781,64.5,56524305,yfinance,False
2019-03-11,44.10258483886719,64.44999694824219,64.5,64.0999984741211,64.25,25652643,yfinance,False
2019-03-12,44.37630844116211,64.8499984741211,64.9000015258789,64.5,64.55000305175781,17437611,yfinance,False
2019-03-13,44.0683708190918,64.4000015258789,64.6500015258789,64.30000305175781,64.6500015258789,15180492,yfinance,False
2019-03-14,44.239444732666016,64.6500015258789,64.69999694824219,64.30000305175781,64.5,13022202,yfinance,False
2019-03-15,44.37630844116211,64.8499984741211,65.0999984741211,64.5,64.5,16445426,yfinance,False
2019-03-18,44.547367095947266,65.0999984741211,65.19999694824219,64.69999694824219,64.94999694824219,17084671,yfinance,False
2019-03-19,44.71844482421875,65.3499984741211,65.4000015258789,65.0999984741211,65.0999984741211,13800371,yfinance,False
2019-03-20,44.5131721496582,65.05000305175781,65.1500015258789,64.80000305175781,65.05000305175781,16827986,yfinance,False
2019-03-21,44.34209060668945,64.80000305175781,65.19999694824219,64.80000305175781,65.0999984741211,17954998,yfinance,False
2019-03-22,44.30787658691406,64.75,65.0,64.30000305175781,65.0,16608194,yfinance,False
2019-03-25,43.58937072753906,63.70000076293945,64.05000305175781,63.70000076293945,63.849998474121094,40486827,yfinance,False
2019-03-26,43.726234436035156,63.900001525878906,64.0999984741211,63.79999923706055,64.0,14538300,yfinance,False
2019-03-27,43.69200897216797,63.849998474121094,64.0,63.79999923706055,63.849998474121094,23080176,yfinance,False
2019-03-28,43.58937072753906,63.70000076293945,63.95000076293945,63.650001525878906,63.650001525878906,19325936,yfinance,False
2019-03-29,43.726234436035156,63.900001525878906,64.05000305175781,63.70000076293945,63.70000076293945,14013522,yfinance,False
2019-04-01,44.30787658691406,64.75,64.80000305175781,64.0999984741211,64.1500015258789,20610944,yfinance,False
2019-04-02,44.786869049072266,65.44999694824219,65.5,65.05000305175781,65.05000305175781,29102893,yfinance,False
2019-04-03,45.43695831298828,66.4000015258789,66.5999984741211,66.0,66.1500015258789,43821179,yfinance,False
2019-04-04,45.5053825378418,66.5,66.94999694824219,66.19999694824219,66.69999694824219,28689527,yfinance,False
2019-04-08,45.642250061035156,66.69999694824219,67.0,66.44999694824219,66.55000305175781,17767223,yfinance,False
2019-04-09,45.847537994384766,67.0,67.0,66.5999984741211,67.0,19765001,yfinance,False
2019-04-10,45.813316345214844,66.94999694824219,66.94999694824219,66.5,66.80000305175781,13952939,yfinance,False
2019-04-11,45.573814392089844,66.5999984741211,66.94999694824219,66.30000305175781,66.9000015258789,15217993,yfinance,False
2019-04-12,45.779109954833984,66.9000015258789,66.9000015258789,66.5,66.5999984741211,11869128,yfinance,False
2019-04-15,45.91596221923828,67.0999984741211,67.80000305175781,67.0999984741211,67.5,20520188,yfinance,False
2019-04-16,46.25810241699219,67.5999984741211,67.69999694824219,66.80000305175781,66.80000305175781,14092313,yfinance,False
2019-04-17,46.42918395996094,67.8499984741211,67.94999694824219,67.44999694824219,67.69999694824219,17999581,yfinance,False
2019-04-18,46.25810241699219,67.5999984741211,68.0,67.55000305175781,67.94999694824219,14176761,yfinance,False
2019-04-23,46.3265380859375,67.69999694824219,67.9000015258789,67.25,67.25,10364545,yfinance,False
2019-04-24,45.9843864440918,67.19999694824219,67.75,66.94999694824219,67.5999984741211,11744766,yfinance,False
2019-04-25,45.779109954833984,66.9000015258789,67.19999694824219,66.69999694824219,67.0,9377939,yfinance,False
2019-04-26,45.847537994384766,67.0,67.0999984741211,66.69999694824219,66.69999694824219,8458146,yfinance,False
2019-04-29,46.15546798706055,67.44999694824219,67.5999984741211,67.25,67.5,12173434,yfinance,False
2019-04-30,46.3265380859375,67.69999694824219,67.75,67.4000015258789,67.55000305175781,12370354,yfinance,False
2019-05-02,46.7028923034668,68.25,68.4000015258789,67.80000305175781,67.8499984741211,25286724,yfinance,False
2019-05-03,47.695106506347656,69.69999694824219,70.5,67.55000305175781,67.9000015258789,55674806,yfinance,False
2019-05-06,46.600257873535156,68.0999984741211,68.8499984741211,67.5999984741211,68.5,37862198,yfinance,False
2019-05-07,47.01082229614258,68.69999694824219,68.80000305175781,68.0999984741211,68.25,19457936,yfinance,False
2019-05-08,46.15546798706055,67.44999694824219,67.9000015258789,67.3499984741211,67.5999984741211,21418045,yfinance,False
2019-05-09,45.47117233276367,66.44999694824219,67.44999694824219,66.4000015258789,67.19999694824219,21447182,yfinance,False
2019-05-10,45.779109954833984,66.9000015258789,67.44999694824219,66.0999984741211,67.05000305175781,20761009,yfinance,False
2019-05-14,45.3685302734375,66.30000305175781,66.6500015258789,65.9000015258789,66.0,21149015,yfinance,False
2019-05-15,45.642250061035156,66.69999694824219,66.8499984741211,66.30000305175781,66.30000305175781,16609386,yfinance,False
2019-05-16,45.76775360107422,66.0999984741211,66.25,65.75,65.9000015258789,12366045,yfinance,False
2019-05-17,45.386932373046875,65.55000305175781,66.44999694824219,65.4000015258789,66.0,18126891,yfinance,False
2019-05-20,45.14459228515625,65.19999694824219,65.6500015258789,65.0,65.5,15197013,yfinance,False
2019-05-21,45.07535171508789,65.0999984741211,65.55000305175781,65.0,65.0999984741211,13357735,yfinance,False
2019-05-22,45.21384048461914,65.30000305175781,65.5,65.1500015258789,65.5,6450895,yfinance,False
2019-05-23,45.179222106933594,65.25,65.3499984741211,64.9000015258789,65.1500015258789,16422925,yfinance,False
2019-05-24,45.2830810546875,65.4000015258789,65.6500015258789,65.30000305175781,65.5,11096896,yfinance,False
2019-05-27,45.31768798828125,65.44999694824219,65.6500015258789,65.3499984741211,65.5,8537156,yfinance,False
2019-05-28,45.31768798828125,65.44999694824219,65.5,65.1500015258789,65.1500015258789,7627167,yfinance,False
2019-05-29,44.902259826660156,64.8499984741211,65.4000015258789,64.8499984741211,65.0,12597856,yfinance,False
2019-05-30,44.659915924072266,64.5,65.0,64.44999694824219,64.80000305175781,17349231,yfinance,False
2019-05-31,44.348331451416016,64.05000305175781,64.6500015258789,64.0,64.5,16537962,yfinance,False
2019-06-03,43.829036712646484,63.29999923706055,64.0999984741211,63.150001525878906,64.0,26324622,yfinance,False
2019-06-04,44.10599136352539,63.70000076293945,63.95000076293945,63.5,63.79999923706055,15274817,yfinance,False
2019-06-05,44.486820220947266,64.25,64.55000305175781,64.05000305175781,64.5,14372043,yfinance,False
2019-06-06,44.52143859863281,64.30000305175781,64.30000305175781,63.849998474121094,64.0,8995785,yfinance,False
2019-06-10,45.179222106933594,65.25,65.25,64.5,64.5,11741882,yfinance,False
2019-06-11,45.31768798828125,65.44999694824219,65.55000305175781,65.0,65.19999694824219,10031271,yfinance,False
2019-06-12,44.79839324951172,64.69999694824219,65.19999694824219,64.5,65.19999694824219,11702927,yfinance,False
2019-06-13,44.52143859863281,64.30000305175781,64.5,63.70000076293945,64.4000015258789,21905440,yfinance,False
2019-06-14,44.17523193359375,63.79999923706055,64.30000305175781,63.650001525878906,64.05000305175781,25046301,yfinance,False
2019-06-17,44.45220184326172,64.19999694824219,64.6500015258789,63.849998474121094,64.30000305175781,18567908,yfinance,False
2019-06-18,44.348331451416016,64.05000305175781,64.4000015258789,63.900001525878906,64.0,12044612,yfinance,False
2019-06-19,45.1099853515625,65.1500015258789,65.19999694824219,64.75,64.94999694824219,16606390,yfinance,False
2019-06-20,45.14459228515625,65.19999694824219,65.4000015258789,65.0,65.0,11913135,yfinance,False
2019-06-21,44.76377868652344,64.6500015258789,64.94999694824219,64.3499984741211,64.94999694824219,17137080,yfinance,False
2019-06-24,44.556053161621094,64.3499984741211,64.75,64.19999694824219,64.30000305175781,11437437,yfinance,False
2019-06-25,44.38295364379883,64.0999984741211,64.55000305175781,64.0,64.3499984741211,11193149,yfinance,False
2019-06-26,44.41757583618164,64.1500015258789,64.5,64.0,64.5,7975283,yfinance,False
2019-06-27,45.04074478149414,65.05000305175781,65.05000305175781,64.19999694824219,64.5999984741211,11936527,yfinance,False
2019-06-28,44.867637634277344,64.80000305175781,65.05000305175781,64.5999984741211,65.05000305175781,8752871,yfinance,False
2019-07-02,45.24845504760742,65.3499984741211,65.80000305175781,65.25,65.3499984741211,17757714,yfinance,False
2019-07-03,45.352325439453125,65.5,65.55000305175781,65.25,65.5,9840078,yfinance,False
2019-07-04,45.42155838012695,65.5999984741211,65.69999694824219,65.1500015258789,65.69999694824219,10982425,yfinance,False
2019-07-05,45.31768798828125,65.44999694824219,65.69999694824219,65.4000015258789,65.4000015258789,7539388,yfinance,False
2019-07-08,45.00611877441406,65.0,65.4000015258789,64.69999694824219,65.19999694824219,15968478,yfinance,False
2019-07-09,44.93688201904297,64.9000015258789,65.30000305175781,64.8499984741211,65.30000305175781,9333008,yfinance,False
2019-07-10,44.93688201904297,64.9000015258789,65.4000015258789,64.75,65.05000305175781,9750805,yfinance,False
2019-07-11,45.14459228515625,65.19999694824219,65.5,65.0,65.0,7178970,yfinance,False
2019-07-12,45.14459228515625,65.19999694824219,65.3499984741211,65.0999984741211,65.19999694824219,5833437,yfinance,False
2019-07-15,45.00611877441406,65.0,65.1500015258789,64.6500015258789,65.0,10767909,yfinance,False
2019-07-16,45.07535171508789,65.0999984741211,65.30000305175781,65.0,65.0999984741211,7113401,yfinance,False
2019-07-17,45.00611877441406,65.0,65.0,64.80000305175781,65.0,6980029,yfinance,False
2019-07-18,44.83302307128906,64.75,64.9000015258789,64.5999984741211,64.75,9325515,yfinance,False
2019-07-19,45.04074478149414,65.05000305175781,65.19999694824219,64.80000305175781,64.94999694824219,8481864,yfinance,False
2019-07-22,44.62528991699219,64.44999694824219,64.8499984741211,64.44999694824219,64.8499984741211,11874724,yfinance,False
2019-07-23,44.83302307128906,64.75,64.9000015258789,64.5,64.55000305175781,7835690,yfinance,False
2019-07-24,44.79839324951172,64.69999694824219,65.4000015258789,64.44999694824219,65.0999984741211,11167792,yfinance,False
2019-07-25,44.76377868652344,64.6500015258789,64.69999694824219,64.4000015258789,64.44999694824219,12770248,yfinance,False
2019-07-26,44.486820220947266,64.25,64.30000305175781,63.900001525878906,64.19999694824219,17063658,yfinance,False
2019-07-29,44.24448013305664,63.900001525878906,64.25,63.79999923706055,64.05000305175781,19884602,yfinance,False
2019-07-30,44.17523193359375,63.79999923706055,64.0,63.75,63.900001525878906,15034042,yfinance,False
2019-07-31,43.863651275634766,63.349998474121094,63.599998474121094,63.29999923706055,63.599998474121094,11880623,yfinance,False
2019-08-01,43.65593338012695,63.04999923706055,63.25,62.95000076293945,62.95000076293945,21704350,yfinance,False
2019-08-02,43.03276824951172,62.150001525878906,62.70000076293945,62.150001525878906,62.5,37180216,yfinance,False
2019-08-05,42.236515045166016,61.0,61.599998474121094,61.0,61.5,50137598,yfinance,False
2019-08-06,41.751827239990234,60.29999923706055,60.5,59.04999923706055,59.79999923706055,57576664,yfinance,False
2019-08-07,41.68258285522461,60.20000076293945,60.349998474121094,59.849998474121094,60.0,28095015,yfinance,False
2019-08-08,41.68258285522461,60.20000076293945,60.650001525878906,60.04999923706055,60.099998474121094,21726063,yfinance,False
2019-08-09,41.54410934448242,60.0,60.400001525878906,60.0,60.20000076293945,24048992,yfinance,False
2019-08-12,40.886329650878906,59.04999923706055,59.5,59.0,59.400001525878906,41863436,yfinance,False
2019-08-13,39.95158386230469,57.70000076293945,58.20000076293945,57.599998474121094,58.099998474121094,49316383,yfinance,False
2019-08-14,40.1593017578125,58.0,58.54999923706055,58.0,58.5,35567046,yfinance,False
2019-08-15,39.86579513549805,56.79999923706055,56.849998474121094,55.79999923706055,56.20000076293945,49571041,yfinance,False
2019-08-16,39.65522766113281,56.5,56.54999923706055,56.04999923706055,56.349998474121094,47862280,yfinance,False
2019-08-19,40.67292785644531,57.95000076293945,58.099998474121094,56.95000076293945,56.95000076293945,36632571,yfinance,False
2019-08-20,40.28690719604492,57.400001525878906,57.5,57.0,57.29999923706055,27527462,yfinance,False
2019-08-21,40.14653396606445,57.20000076293945,57.29999923706055,57.0,57.099998474121094,22636964,yfinance,False
2019-08-22,39.900875091552734,56.849998474121094,57.099998474121094,56.79999923706055,57.0,15989364,yfinance,False
2019-08-23,40.07633590698242,57.099998474121094,57.349998474121094,56.849998474121094,57.0,11618984,yfinance,False
2019-08-26,39.444671630859375,56.20000076293945,56.20000076293945,55.29999923706055,55.79999923706055,38545207,yfinance,False
2019-08-27,39.339385986328125,56.04999923706055,56.349998474121094,55.79999923706055,56.20000076293945,20967181,yfinance,False
2019-08-28,39.339385986328125,56.04999923706055,56.20000076293945,55.79999923706055,56.0,15584955,yfinance,False
2019-08-29,39.409584045410156,56.150001525878906,56.150001525878906,55.650001525878906,55.95000076293945,20362955,yfinance,False
2019-08-30,39.514854431152344,56.29999923706055,56.599998474121094,55.95000076293945,56.45000076293945,20440035,yfinance,False
2019-09-02,39.339385986328125,56.04999923706055,56.20000076293945,55.70000076293945,56.150001525878906,18184381,yfinance,False
2019-09-03,39.26921081542969,55.95000076293945,56.349998474121094,55.900001525878906,55.95000076293945,12569096,yfinance,False
2019-09-04,40.637840270996094,57.900001525878906,58.400001525878906,56.0,56.0,47683204,yfinance,False
2019-09-05,40.35709762573242,57.5,58.099998474121094,57.0,57.70000076293945,29114189,yfinance,False
2019-09-06,40.637840270996094,57.900001525878906,58.400001525878906,57.75,58.04999923706055,33965313,yfinance,False
2019-09-09,40.84839630126953,58.20000076293945,58.45000076293945,58.0,58.0,22692462,yfinance,False
2019-09-10,41.339691162109375,58.900001525878906,59.29999923706055,58.70000076293945,58.900001525878906,28111243,yfinance,False
2019-09-11,42.63814163208008,60.75,60.75,59.54999923706055,59.599998474121094,49652434,yfinance,False
2019-09-12,42.287208557128906,60.25,60.95000076293945,59.849998474121094,60.95000076293945,16448642,yfinance,False
2019-09-13,42.60305404663086,60.70000076293945,60.75,60.20000076293945,60.5,11716206,yfinance,False
2019-09-16,42.532867431640625,60.599998474121094,61.0,60.5,61.0,20357733,yfinance,False
2019-09-17,41.936279296875,59.75,60.20000076293945,59.400001525878906,60.150001525878906,15169317,yfinance,False
2019-09-18,42.0064697265625,59.849998474121094,60.04999923706055,59.70000076293945,59.75,7295510,yfinance,False
2019-09-19,41.90119171142578,59.70000076293945,60.0,59.099998474121094,59.70000076293945,15575777,yfinance,False
2019-09-20,42.111751556396484,60.0,60.400001525878906,59.900001525878906,60.0,13068832,yfinance,False
2019-09-23,41.76082229614258,59.5,60.5,59.45000076293945,59.79999923706055,14643542,yfinance,False
2019-09-24,42.0766487121582,59.95000076293945,60.29999923706055,59.75,59.75,12563525,yfinance,False
2019-09-25,41.69062805175781,59.400001525878906,60.0,59.29999923706055,59.75,11934915,yfinance,False
2019-09-26,41.936279296875,59.75,59.900001525878906,59.29999923706055,59.29999923706055,10879188,yfinance,False
2019-09-27,42.041561126708984,59.900001525878906,60.0,59.70000076293945,59.849998474121094,12205967,yfinance,False
2019-09-30,42.39249801635742,60.400001525878906,60.5,59.75,59.79999923706055,16966501,yfinance,False
2019-10-02,41.8660888671875,59.650001525878906,59.95000076293945,59.45000076293945,59.54999923706055,20900044,yfinance,False
2019-10-03,41.30460739135742,58.849998474121094,59.150001525878906,58.400001525878906,58.45000076293945,38437224,yfinance,False
2019-10-04,40.88349533081055,58.25,59.0,58.0,58.849998474121094,26439403,yfinance,False
2019-10-08,41.02385330200195,58.45000076293945,59.150001525878906,58.0,58.04999923706055,19452356,yfinance,False
2019-10-09,40.77821350097656,58.099998474121094,58.29999923706055,57.599998474121094,57.70000076293945,37955195,yfinance,False
2019-10-10,40.873043060302734,57.45000076293945,57.900001525878906,56.79999923706055,57.099998474121094,25985179,yfinance,False
2019-10-11,41.940223693847656,58.95000076293945,59.150001525878906,57.79999923706055,58.0,31732093,yfinance,False
2019-10-14,42.651668548583984,59.95000076293945,60.349998474121094,59.75,59.849998474121094,37686670,yfinance,False
2019-10-15,42.651668548583984,59.95000076293945,60.150001525878906,59.54999923706055,60.0,17282269,yfinance,False
2019-10-16,42.75838851928711,60.099998474121094,60.25,59.849998474121094,60.150001525878906,16761532,yfinance,False
2019-10-17,43.32755661010742,60.900001525878906,61.20000076293945,60.599998474121094,60.650001525878906,22561675,yfinance,False
2019-10-18,43.32755661010742,60.900001525878906,61.20000076293945,60.599998474121094,61.0,15942797,yfinance,False
2019-10-21,43.50542068481445,61.150001525878906,61.29999923706055,60.650001525878906,60.650001525878906,15089025,yfinance,False
2019-10-22,43.683284759521484,61.400001525878906,61.599998474121094,61.150001525878906,61.400001525878906,14219411,yfinance,False
2019-10-23,43.54099655151367,61.20000076293945,61.599998474121094,60.900001525878906,61.5,13635562,yfinance,False
2019-10-24,44.00344467163086,61.849998474121094,61.95000076293945,61.400001525878906,61.54999923706055,15903442,yfinance,False
2019-10-25,43.86115264892578,61.650001525878906,61.95000076293945,61.54999923706055,61.79999923706055,10421912,yfinance,False
2019-10-28,42.86510467529297,60.25,62.29999923706055,59.79999923706055,61.70000076293945,52413557,yfinance,False
2019-10-29,42.29595184326172,59.45000076293945,59.599998474121094,59.150001525878906,59.400001525878906,32531540,yfinance,False
2019-10-30,42.11808776855469,59.20000076293945,59.5,59.20000076293945,59.29999923706055,10656725,yfinance,False
2019-10-31,42.33152389526367,59.5,60.0,59.25,59.29999923706055,13088013,yfinance,False
2019-11-01,42.40266418457031,59.599998474121094,59.75,58.900001525878906,58.900001525878906,10663691,yfinance,False
2019-11-04,42.75838851928711,60.099998474121094,60.150001525878906,59.650001525878906,59.650001525878906,21465219,yfinance,False
2019-11-05,42.75838851928711,60.099998474121094,60.400001525878906,59.95000076293945,60.29999923706055,14843111,yfinance,False
2019-11-06,42.936256408691406,60.349998474121094,60.5,60.0,60.099998474121094,10842803,yfinance,False
2019-11-07,42.82952880859375,60.20000076293945,60.45000076293945,60.0,60.099998474121094,14258012,yfinance,False
2019-11-08,42.72282409667969,60.04999923706055,60.20000076293945,59.900001525878906,60.04999923706055,11412179,yfinance,False
2019-11-11,41.975791931152344,59.0,59.70000076293945,58.849998474121094,59.5,20588653,yfinance,False
2019-11-12,42.01136779785156,59.04999923706055,59.349998474121094,58.849998474121094,59.25,9967719,yfinance,False
2019-11-13,41.44220733642578,58.25,58.95000076293945,58.04999923706055,58.900001525878906,26033083,yfinance,False
2019-11-14,41.19319534301758,57.900001525878906,58.150001525878906,57.599998474121094,57.900001525878906,21907833,yfinance,False
2019-11-15,41.0509033203125,57.70000076293945,58.04999923706055,57.70000076293945,57.900001525878906,15597470,yfinance,False
2019-11-18,41.4066276550293,58.20000076293945,58.54999923706055,57.5,57.79999923706055,16292630,yfinance,False
2019-11-19,41.869075775146484,58.849998474121094,59.0,58.0,58.0,12713228,yfinance,False
2019-11-20,41.62007141113281,58.5,59.0,58.5,58.79999923706055,9331961,yfinance,False
2019-11-21,41.19319534301758,57.900001525878906,58.099998474121094,57.70000076293945,58.0,16487579,yfinance,False
2019-11-22,41.37105941772461,58.150001525878906,58.25,57.900001525878906,57.900001525878906,9236235,yfinance,False
2019-11-25,41.975791931152344,59.0,59.400001525878906,58.5,58.79999923706055,15809202,yfinance,False
2019-11-26,41.83350372314453,58.79999923706055,59.349998474121094,58.79999923706055,59.20000076293945,9230822,yfinance,False
2019-11-27,41.940223693847656,58.95000076293945,59.099998474121094,58.70000076293945,59.0,6860770,yfinance,False
2019-11-28,41.83350372314453,58.79999923706055,59.099998474121094,58.650001525878906,58.75,8285918,yfinance,False
2019-11-29,41.335487365722656,58.099998474121094,58.5,58.099998474121094,58.5,15146671,yfinance,False
2019-12-02,41.54892349243164,58.400001525878906,58.54999923706055,58.20000076293945,58.25,7434573,yfinance,False
2019-12-03,41.228763580322266,57.95000076293945,58.04999923706055,57.5,57.849998474121094,18076747,yfinance,False
2019-12-04,40.552879333496094,57.0,57.25,56.900001525878906,57.0,38315861,yfinance,False
2019-12-05,40.69517517089844,57.20000076293945,57.54999923706055,57.04999923706055,57.54999923706055,16758243,yfinance,False
2019-12-06,40.873043060302734,57.45000076293945,57.54999923706055,57.150001525878906,57.150001525878906,15047538,yfinance,False
2019-12-09,41.0509033203125,57.70000076293945,58.04999923706055,57.650001525878906,57.650001525878906,11014411,yfinance,False
2019-12-10,40.97975540161133,57.599998474121094,58.0,57.599998474121094,57.70000076293945,7667055,yfinance,False
2019-12-11,41.29991149902344,58.04999923706055,58.150001525878906,57.5,57.599998474121094,11546574,yfinance,False
2019-12-12,41.69121170043945,58.599998474121094,58.79999923706055,58.25,58.25,14197035,yfinance,False
2019-12-13,42.936256408691406,60.349998474121094,60.599998474121094,59.79999923706055,60.04999923706055,44146504,yfinance,False
2019-12-16,42.68724822998047,60.0,60.150001525878906,59.79999923706055,60.0,13497096,yfinance,False
2019-12-17,43.185264587402344,60.70000076293945,60.900001525878906,60.29999923706055,60.70000076293945,23525867,yfinance,False
2019-12-18,43.11412048339844,60.599998474121094,60.70000076293945,60.349998474121094,60.54999923706055,9810029,yfinance,False
2019-12-19,43.256412506103516,60.79999923706055,61.0,60.400001525878906,61.0,12698146,yfinance,False
2019-12-20,43.22083282470703,60.75,60.849998474121094,60.400001525878906,60.599998474121094,11966865,yfinance,False
2019-12-23,43.07854461669922,60.54999923706055,60.70000076293945,60.29999923706055,60.70000076293945,10340744,yfinance,False
2019-12-24,43.04296875,60.5,60.5,60.150001525878906,60.5,3714946,yfinance,False
2019-12-27,43.29197311401367,60.849998474121094,60.900001525878906,60.599998474121094,60.79999923706055,14441582,yfinance,False
2019-12-30,43.32755661010742,60.900001525878906,61.20000076293945,60.70000076293945,60.79999923706055,15500081,yfinance,False
2019-12-31,43.29197311401367,60.849998474121094,61.0,60.5,60.849998474121094,6998814,yfinance,False
2020-01-02,43.32755661010742,60.900001525878906,60.95000076293945,60.599998474121094,60.849998474121094,14629077,yfinance,False
2020-01-03,42.971832275390625,60.400001525878906,61.20000076293945,60.25,60.900001525878906,14419537,yfinance,False
2020-01-06,42.68724822998047,60.0,60.400001525878906,59.79999923706055,60.099998474121094,13809308,yfinance,False
2020-01-07,42.6161003112793,59.900001525878906,60.29999923706055,59.79999923706055,60.20000076293945,8818594,yfinance,False
2020-01-08,42.1892204284668,59.29999923706055,59.400001525878906,58.849998474121094,59.29999923706055,16826669,yfinance,False
2020-01-09,42.580528259277344,59.849998474121094,59.900001525878906,59.54999923706055,59.54999923706055,17802374,yfinance,False
2020-01-10,42.580528259277344,59.849998474121094,60.04999923706055,59.75,59.95000076293945,19011475,yfinance,False
2020-01-13,42.651668548583984,59.95000076293945,60.29999923706055,59.5,59.5,40492594,yfinance,False
2020-01-14,42.50938034057617,59.75,60.0,59.650001525878906,59.79999923706055,19350077,yfinance,False
2020-01-15,42.54495620727539,59.79999923706055,59.95000076293945,59.599998474121094,59.599998474121094,11324313,yfinance,False
2020-01-16,42.6161003112793,59.900001525878906,60.29999923706055,59.75,59.79999923706055,12528971,yfinance,False
2020-01-17,42.79396438598633,60.150001525878906,60.400001525878906,59.849998474121094,59.849998474121094,12045168,yfinance,False
2020-01-20,42.651668548583984,59.95000076293945,60.25,59.900001525878906,59.900001525878906,11801544,yfinance,False
2020-01-21,42.08251190185547,59.150001525878906,59.79999923706055,59.150001525878906,59.349998474121094,23520201,yfinance,False
2020-01-22,42.1892204284668,59.29999923706055,59.5,59.0,59.0,13123069,yfinance,False
2020-01-23,41.940223693847656,58.95000076293945,59.29999923706055,58.70000076293945,58.95000076293945,22887881,yfinance,False
2020-01-24,41.79792785644531,58.75,59.0,58.599998474121094,58.650001525878906,6897204,yfinance,False
2020-01-29,40.944183349609375,57.54999923706055,57.900001525878906,57.099998474121094,57.150001525878906,35228942,yfinance,False
2020-01-30,40.33944320678711,56.70000076293945,57.400001525878906,56.70000076293945,57.20000076293945,32487044,yfinance,False
2020-01-31,40.44615936279297,56.849998474121094,57.29999923706055,56.849998474121094,57.20000076293945,23220130,yfinance,False
2020-02-03,40.1971549987793,56.5,56.75,56.099998474121094,56.349998474121094,26826542,yfinance,False
2020-02-04,40.2682991027832,56.599998474121094,56.849998474121094,56.0,56.0,24510379,yfinance,False
2020-02-05,40.41059875488281,56.79999923706055,56.79999923706055,56.29999923706055,56.29999923706055,25450085,yfinance,False
2020-02-06,41.19319534301758,57.900001525878906,58.25,57.20000076293945,57.79999923706055,21438723,yfinance,False
2020-02-07,41.122047424316406,57.79999923706055,57.95000076293945,57.45000076293945,57.45000076293945,16166118,yfinance,False
2020-02-10,41.335487365722656,58.099998474121094,58.70000076293945,57.75,57.849998474121094,21510391,yfinance,False
2020-02-11,41.726783752441406,58.650001525878906,58.900001525878906,58.20000076293945,58.20000076293945,13625708,yfinance,False
2020-02-12,42.22480010986328,59.349998474121094,59.599998474121094,58.900001525878906,59.04999923706055,20911601,yfinance,False
2020-02-13,42.29595184326172,59.45000076293945,59.900001525878906,59.29999923706055,59.75,20939325,yfinance,False
2020-02-14,42.438228607177734,59.650001525878906,59.900001525878906,59.349998474121094,59.5,14762829,yfinance,False
2020-02-17,42.260372161865234,59.400001525878906,59.599998474121094,59.0,59.150001525878906,20379817,yfinance,False
2020-02-18,41.08647155761719,57.75,59.349998474121094,57.5,59.349998474121094,49578379,yfinance,False
2020-02-19,40.552879333496094,57.0,57.25,56.20000076293945,56.25,69758711,yfinance,False
2020-02-20,40.41059875488281,56.79999923706055,57.099998474121094,56.599998474121094,56.79999923706055,47355008,yfinance,False
2020-02-21,40.30387878417969,56.650001525878906,57.0,56.5,56.5,41477293,yfinance,False
2020-02-24,40.1971549987793,56.5,56.79999923706055,56.5,56.650001525878906,49917796,yfinance,False
2020-02-25,39.87699890136719,56.04999923706055,56.349998474121094,56.0,56.0,47023549,yfinance,False
2020-02-26,39.55684280395508,55.599998474121094,55.849998474121094,55.349998474121094,55.45000076293945,88500751,yfinance,False
2020-02-27,38.70310592651367,54.400001525878906,54.79999923706055,54.20000076293945,54.79999923706055,47341944,yfinance,False
2020-02-28,37.81379318237305,53.150001525878906,53.400001525878906,53.0,53.349998474121094,68658071,yfinance,False
2020-03-02,37.56478500366211,52.79999923706055,52.95000076293945,52.5,52.5,45360511,yfinance,False
2020-03-03,37.38691711425781,52.54999923706055,53.099998474121094,52.54999923706055,53.0,45432000,yfinance,False
2020-03-04,36.533164978027344,51.349998474121094,51.95000076293945,50.79999923706055,51.75,78906347,yfinance,False
2020-03-05,36.85331726074219,51.79999923706055,52.099998474121094,51.5,51.54999923706055,53217412,yfinance,False
2020-03-06,36.03514862060547,50.650001525878906,51.150001525878906,50.54999923706055,51.150001525878906,106618709,yfinance,False
2020-03-09,34.68339157104492,48.75,49.54999923706055,48.599998474121094,49.0,107572382,yfinance,False
2020-03-10,34.79010772705078,48.900001525878906,49.54999923706055,48.400001525878906,48.400001525878906,69125634,yfinance,False
2020-03-11,34.61224365234375,48.650001525878906,49.20000076293945,48.599998474121094,49.20000076293945,54556159,yfinance,False
2020-03-12,33.1893310546875,46.650001525878906,48.0,46.5,48.0,93238456,yfinance,False
2020-03-13,32.513450622558594,45.70000076293945,46.099998474121094,42.0,42.0,127327773,yfinance,False
2020-03-16,31.161678314208984,43.79999923706055,44.75,43.599998474121094,44.0,91411722,yfinance,False
2020-03-17,31.9798583984375,44.95000076293945,45.5,43.849998474121094,45.0,61904936,yfinance,False
2020-03-18,31.695283889770508,44.54999923706055,46.5,44.150001525878906,45.20000076293945,63302201,yfinance,False
2020-03-19,31.730854034423828,44.599998474121094,44.900001525878906,43.5,44.20000076293945,77249632,yfinance,False
2020-03-20,33.43834686279297,47.0,47.0,44.95000076293945,44.95000076293945,54043425,yfinance,False
2020-03-23,31.44627571105957,44.20000076293945,44.849998474121094,43.849998474121094,44.75,64238228,yfinance,False
2020-03-24,32.08658218383789,45.099998474121094,45.20000076293945,44.45000076293945,45.0,35692754,yfinance,False
2020-03-25,32.94032669067383,46.29999923706055,46.599998474121094,45.0,46.099998474121094,46847802,yfinance,False
2020-03-26,32.513450622558594,45.70000076293945,45.95000076293945,45.04999923706055,45.95000076293945,29685401,yfinance,False
2020-03-27,32.30001449584961,45.400001525878906,46.150001525878906,45.099998474121094,46.0,38499002,yfinance,False
2020-03-30,31.65970802307129,44.5,45.150001525878906,44.099998474121094,44.79999923706055,51712032,yfinance,False
2020-03-31,31.410703659057617,44.150001525878906,44.900001525878906,43.95000076293945,44.75,34812410,yfinance,False
2020-04-01,28.422595977783203,39.95000076293945,41.70000076293945,39.79999923706055,41.0,212365103,yfinance,False
2020-04-02,27.675565719604492,38.900001525878906,39.20000076293945,37.79999923706055,38.79999923706055,120204721,yfinance,False
2020-04-03,26.964113235473633,37.900001525878906,38.29999923706055,37.599998474121094,38.0,90173250,yfinance,False
2020-04-06,27.711135864257812,38.95000076293945,39.20000076293945,38.04999923706055,38.5,61129889,yfinance,False
2020-04-07,28.564884185791016,40.150001525878906,40.29999923706055,39.20000076293945,39.79999923706055,74051605,yfinance,False
2020-04-08,28.38701820373535,39.900001525878906,41.0,39.900001525878906,40.150001525878906,48475468,yfinance,False
2020-04-09,29.169614791870117,41.0,41.04999923706055,40.20000076293945,40.45000076293945,40473133,yfinance,False
2020-04-14,29.48976707458496,41.45000076293945,41.900001525878906,40.849998474121094,41.0,36916865,yfinance,False
2020-04-15,28.885034561157227,40.599998474121094,41.75,40.599998474121094,41.29999923706055,29855944,yfinance,False
2020-04-16,28.244728088378906,39.70000076293945,39.95000076293945,39.349998474121094,39.75,37385637,yfinance,False
2020-04-17,28.102439880371094,39.5,40.29999923706055,39.45000076293945,39.79999923706055,52045136,yfinance,False
2020-04-20,28.493736267089844,40.04999923706055,40.599998474121094,39.79999923706055,40.20000076293945,30234010,yfinance,False
2020-04-21,27.853431701660156,39.150001525878906,39.95000076293945,39.04999923706055,39.79999923706055,26649501,yfinance,False
2020-04-22,27.639995574951172,38.849998474121094,38.95000076293945,38.349998474121094,38.45000076293945,30535516,yfinance,False
2020-04-23,27.533273696899414,38.70000076293945,39.0,38.45000076293945,38.79999923706055,16392712,yfinance,False
2020-04-24,27.568849563598633,38.75,39.150001525878906,38.5,38.5,15509158,yfinance,False
2020-04-27,28.102439880371094,39.5,39.650001525878906,38.79999923706055,38.95000076293945,29008804,yfinance,False
2020-04-28,28.422595977783203,39.95000076293945,40.400001525878906,39.04999923706055,40.099998474121094,54166077,yfinance,False
2020-04-29,28.636030197143555,40.25,40.75,40.150001525878906,40.599998474121094,34078050,yfinance,False
2020-05-04,27.462129592895508,38.599998474121094,39.0,38.599998474121094,39.0,53885337,yfinance,False
2020-05-05,27.746702194213867,39.0,39.20000076293945,38.29999923706055,38.599998474121094,24186602,yfinance,False
2020-05-06,27.746702194213867,39.0,39.150001525878906,38.5,38.5,32638886,yfinance,False
2020-05-07,27.639995574951172,38.849998474121094,39.0,38.54999923706055,38.70000076293945,23315862,yfinance,False
2020-05-08,28.138011932373047,39.54999923706055,39.75,39.150001525878906,39.29999923706055,19639628,yfinance,False
2020-05-11,28.493736267089844,40.04999923706055,40.45000076293945,39.79999923706055,39.849998474121094,38970672,yfinance,False
2020-05-12,27.960145950317383,39.29999923706055,39.5,38.849998474121094,39.20000076293945,30960477,yfinance,False
2020-05-13,27.675565719604492,38.900001525878906,39.45000076293945,38.70000076293945,39.0,30665368,yfinance,False
2020-05-14,27.17754554748535,38.20000076293945,38.54999923706055,38.04999923706055,38.5,42920349,yfinance,False
2020-05-15,27.106399536132812,38.099998474121094,38.29999923706055,38.0,38.25,23336593,yfinance,False
2020-05-18,27.17754554748535,38.20000076293945,38.20000076293945,37.79999923706055,38.0,25621993,yfinance,False
2020-05-19,28.06686782836914,39.45000076293945,39.650001525878906,39.099998474121094,39.349998474121094,43427634,yfinance,False
2020-05-20,27.35541534423828,38.45000076293945,39.20000076293945,38.400001525878906,39.099998474121094,28961827,yfinance,False
2020-05-21,27.390987396240234,38.5,39.0,38.5,39.0,16663308,yfinance,False
2020-05-22,25.50562858581543,35.849998474121094,37.70000076293945,35.45000076293945,37.599998474121094,122796430,yfinance,False
2020-05-25,25.398914337158203,35.70000076293945,35.79999923706055,35.0,35.54999923706055,48071226,yfinance,False
2020-05-26,26.252653121948242,36.900001525878906,37.099998474121094,35.79999923706055,36.0,33450161,yfinance,False
2020-05-27,26.57280921936035,37.349998474121094,37.5,36.29999923706055,37.29999923706055,42822281,yfinance,False
2020-05-28,26.32379913330078,37.0,38.20000076293945,36.29999923706055,37.5,56105691,yfinance,False
2020-05-29,25.50562858581543,35.849998474121094,36.45000076293945,35.849998474121094,36.29999923706055,41062941,yfinance,False
2020-06-01,26.039216995239258,36.599998474121094,36.95000076293945,36.150001525878906,36.150001525878906,50234471,yfinance,False
2020-06-02,26.466096878051758,37.20000076293945,37.20000076293945,36.5,36.599998474121094,35840240,yfinance,False
2020-06-03,27.141979217529297,38.150001525878906,38.20000076293945,37.5,37.54999923706055,53534767,yfinance,False
2020-06-04,27.639995574951172,38.849998474121094,39.20000076293945,38.5,38.900001525878906,55254193,yfinance,False
2020-06-05,28.813894271850586,40.5,40.599998474121094,38.95000076293945,39.20000076293945,153403300,yfinance,False
2020-06-08,29.169614791870117,41.0,41.400001525878906,40.45000076293945,41.099998474121094,102483973,yfinance,False
2020-06-09,28.707170486450195,40.349998474121094,41.20000076293945,40.150001525878906,41.20000076293945,50714655,yfinance,False
2020-06-10,28.280305862426758,39.75,40.400001525878906,39.54999923706055,40.0,37035656,yfinance,False
2020-06-11,26.928539276123047,37.849998474121094,39.400001525878906,37.849998474121094,39.099998474121094,49782928,yfinance,False
2020-06-12,26.53723907470703,37.29999923706055,37.349998474121094,36.400001525878906,36.5,57848137,yfinance,False
2020-06-15,25.968076705932617,36.5,37.20000076293945,36.29999923706055,36.599998474121094,46541938,yfinance,False
2020-06-16,26.608386993408203,37.400001525878906,37.79999923706055,37.150001525878906,37.20000076293945,27383495,yfinance,False
2020-06-17,26.821821212768555,37.70000076293945,37.900001525878906,36.900001525878906,36.900001525878906,23795290,yfinance,False
2020-06-18,26.394943237304688,37.099998474121094,37.099998474121094,36.599998474121094,37.0,32953207,yfinance,False
2020-06-19,26.57280921936035,37.349998474121094,37.650001525878906,36.650001525878906,36.70000076293945,28062059,yfinance,False
2020-06-22,26.110370635986328,36.70000076293945,37.25,36.45000076293945,37.25,34982503,yfinance,False
2020-06-23,26.643953323364258,37.45000076293945,37.45000076293945,36.099998474121094,36.599998474121094,30842507,yfinance,False
2020-06-24,26.32379913330078,37.0,37.900001525878906,37.0,37.650001525878906,19690551,yfinance,False
2020-06-26,26.110370635986328,36.70000076293945,37.29999923706055,36.70000076293945,37.04999923706055,17355031,yfinance,False
2020-06-29,25.647920608520508,36.04999923706055,36.849998474121094,35.900001525878906,36.849998474121094,36050517,yfinance,False
2020-06-30,25.754636764526367,36.20000076293945,37.0,36.0,36.70000076293945,34167872,yfinance,False
2020-07-02,26.53723907470703,37.29999923706055,37.29999923706055,36.349998474121094,37.0,41239681,yfinance,False
2020-07-03,26.643953323364258,37.45000076293945,38.0,37.349998474121094,38.0,32270516,yfinance,False
2020-07-06,27.960145950317383,39.29999923706055,39.45000076293945,37.25,37.349998474121094,92943659,yfinance,False
2020-07-07,27.497699737548828,38.650001525878906,40.0,38.45000076293945,39.400001525878906,50906633,yfinance,False
2020-07-08,26.32379913330078,37.0,38.54999923706055,37.0,38.5,57615592,yfinance,False
2020-07-09,26.394943237304688,37.099998474121094,37.45000076293945,36.599998474121094,37.400001525878906,42788459,yfinance,False
2020-07-10,25.89693260192871,36.400001525878906,36.900001525878906,36.25,36.54999923706055,40678840,yfinance,False
2020-07-13,26.501663208007812,37.25,37.79999923706055,36.849998474121094,36.95000076293945,41961306,yfinance,False
2020-07-14,26.21708106994629,36.849998474121094,37.0,36.45000076293945,37.0,29340450,yfinance,False
2020-07-15,26.466096878051758,37.20000076293945,37.70000076293945,36.849998474121094,37.70000076293945,30334333,yfinance,False
2020-07-16,26.466096878051758,37.20000076293945,37.79999923706055,37.150001525878906,37.5,34854672,yfinance,False
2020-07-17,26.288232803344727,36.95000076293945,37.70000076293945,36.95000076293945,37.5,27243627,yfinance,False
2020-07-20,26.039216995239258,36.599998474121094,36.849998474121094,36.29999923706055,36.5,19725597,yfinance,False
2020-07-21,26.679521560668945,37.5,37.54999923706055,36.70000076293945,36.79999923706055,26347668,yfinance,False
2020-07-22,26.039216995239258,36.599998474121094,37.599998474121094,36.599998474121094,37.5,17722745,yfinance,False
2020-07-23,26.003646850585938,36.54999923706055,36.849998474121094,36.400001525878906,36.70000076293945,25017609,yfinance,False
2020-07-24,25.61234474182129,36.0,36.400001525878906,36.0,36.29999923706055,33100326,yfinance,False
2020-07-27,25.1498966217041,35.349998474121094,36.150001525878906,35.04999923706055,36.04999923706055,50460079,yfinance,False
2020-07-28,24.758604049682617,34.79999923706055,35.400001525878906,34.099998474121094,35.29999923706055,55264078,yfinance,False
2020-07-29,25.43448257446289,35.75,35.79999923706055,34.95000076293945,35.0,53369121,yfinance,False
2020-07-30,25.36334228515625,35.650001525878906,36.650001525878906,35.45000076293945,36.20000076293945,57022034,yfinance,False
2020-07-31,24.865324020385742,34.95000076293945,35.599998474121094,34.599998474121094,35.5,40579369,yfinance,False
2020-08-03,23.76256561279297,33.400001525878906,35.20000076293945,32.95000076293945,35.0,94128800,yfinance,False
2020-08-04,23.940431594848633,33.650001525878906,33.95000076293945,32.099998474121094,33.5,99499346,yfinance,False
2020-08-05,24.15386962890625,33.95000076293945,34.04999923706055,33.45000076293945,33.650001525878906,30930388,yfinance,False
2020-08-06,23.83371353149414,33.5,33.900001525878906,33.099998474121094,33.900001525878906,31763955,yfinance,False
2020-08-07,23.335695266723633,32.79999923706055,33.349998474121094,32.70000076293945,33.150001525878906,34633089,yfinance,False
2020-08-10,23.549129486083984,33.099998474121094,33.45000076293945,32.75,32.900001525878906,29212182,yfinance,False
2020-08-11,24.26058578491211,34.099998474121094,34.349998474121094,33.5,33.650001525878906,46196174,yfinance,False
2020-08-12,25.43448257446289,35.75,35.95000076293945,34.45000076293945,34.70000076293945,80302566,yfinance,False
2020-08-13,25.185470581054688,35.400001525878906,36.0,35.099998474121094,35.95000076293945,23680903,yfinance,False
2020-08-14,24.687454223632812,34.70000076293945,35.25,34.54999923706055,34.79999923706055,30190768,yfinance,False
2020-08-17,24.616313934326172,34.599998474121094,35.150001525878906,34.400001525878906,34.75,21989053,yfinance,False
2020-08-18,24.3673038482666,34.25,34.5,33.95000076293945,34.400001525878906,25123460,yfinance,False
2020-08-19,24.296157836914062,34.150001525878906,34.25,33.75,34.150001525878906,15636288,yfinance,False
2020-08-20,23.940431594848633,33.650001525878906,34.0,33.5,33.900001525878906,27802988,yfinance,False
2020-08-21,23.940431594848633,33.650001525878906,34.0,33.5,33.650001525878906,17170736,yfinance,False
2020-08-24,24.11829948425293,33.900001525878906,34.099998474121094,33.400001525878906,33.54999923706055,21339128,yfinance,False
2020-08-25,24.438447952270508,34.349998474121094,35.0,34.25,34.25,26871069,yfinance,False
2020-08-26,24.15386962890625,33.95000076293945,34.349998474121094,33.70000076293945,34.25,21197400,yfinance,False
2020-08-27,23.691421508789062,33.29999923706055,33.70000076293945,33.099998474121094,33.599998474121094,34614385,yfinance,False
2020-08-28,24.189437866210938,34.0,34.400001525878906,33.349998474121094,33.5,40482849,yfinance,False
2020-08-31,24.047149658203125,33.79999923706055,34.75,33.79999923706055,34.400001525878906,22318799,yfinance,False
2020-09-01,23.83371353149414,33.5,33.79999923706055,33.150001525878906,33.150001525878906,25848470,yfinance,False
2020-09-02,23.584705352783203,33.150001525878906,33.349998474121094,32.75,33.099998474121094,29444977,yfinance,False
2020-09-03,23.79814338684082,33.45000076293945,33.45000076293945,32.79999923706055,32.900001525878906,23867676,yfinance,False
2020-09-04,23.549129486083984,33.099998474121094,33.25,32.599998474121094,32.79999923706055,72546853,yfinance,False
2020-09-07,23.371267318725586,32.849998474121094,33.54999923706055,32.79999923706055,33.29999923706055,25566335,yfinance,False
2020-09-08,23.47798728942871,33.0,33.20000076293945,32.75,33.099998474121094,17394462,yfinance,False
2020-09-09,23.264551162719727,32.70000076293945,32.70000076293945,32.29999923706055,32.5,26236143,yfinance,False
2020-09-10,23.05111312866211,32.400001525878906,32.900001525878906,32.400001525878906,32.79999923706055,18575277,yfinance,False
2020-09-11,22.944395065307617,32.25,32.45000076293945,32.150001525878906,32.150001525878906,15186566,yfinance,False
2020-09-14,22.90882110595703,32.20000076293945,32.29999923706055,32.099998474121094,32.150001525878906,14059388,yfinance,False
2020-09-15,22.80210304260254,32.04999923706055,32.29999923706055,32.0,32.04999923706055,16221187,yfinance,False
2020-09-16,22.588666915893555,31.75,32.150001525878906,31.649999618530273,32.0,24685970,yfinance,False
2020-09-17,21.983930587768555,30.899999618530273,31.75,30.799999237060547,31.75,40160066,yfinance,False
2020-09-18,22.019508361816406,30.950000762939453,31.399999618530273,30.850000381469727,30.899999618530273,34257441,yfinance,False
2020-09-21,20.845605850219727,29.299999237060547,30.450000762939453,29.299999237060547,30.25,120212774,yfinance,False
2020-09-22,20.418733596801758,28.700000762939453,28.799999237060547,28.299999237060547,28.5,87310269,yfinance,False
2020-09-23,20.454307556152344,28.75,28.799999237060547,27.5,28.450000762939453,109384367,yfinance,False
2020-09-24,20.34758758544922,28.600000381469727,28.649999618530273,27.899999618530273,28.450000762939453,63528729,yfinance,False
2020-09-25,20.063007354736328,28.200000762939453,28.700000762939453,27.899999618530273,28.549999237060547,42465827,yfinance,False
2020-09-28,21.912784576416016,30.799999237060547,31.299999237060547,28.25,28.350000381469727,150402170,yfinance,False
2020-09-29,21.343624114990234,30.0,31.399999618530273,30.0,30.850000381469727,55920302,yfinance,False
2020-09-30,21.201332092285156,29.799999237060547,30.5,29.649999618530273,30.5,35285507,yfinance,False
2020-10-05,22.055076599121094,31.0,31.899999618530273,30.700000762939453,30.700000762939453,69650604,yfinance,False
2020-10-06,22.090652465820312,31.049999237060547,31.200000762939453,30.75,31.100000381469727,28877682,yfinance,False
2020-10-07,22.44637680053711,31.549999237060547,31.600000381469727,31.0,31.049999237060547,29318889,yfinance,False
2020-10-08,22.339656829833984,31.399999618530273,31.799999237060547,31.200000762939453,31.799999237060547,15582313,yfinance,False
2020-10-09,22.375228881835938,31.450000762939453,31.549999237060547,31.0,31.5,20790756,yfinance,False
2020-10-12,22.375228881835938,31.450000762939453,31.700000762939453,31.049999237060547,31.399999618530273,33931078,yfinance,False
2020-10-14,21.699350357055664,30.5,30.899999618530273,30.149999618530273,30.899999618530273,31480937,yfinance,False
2020-10-15,21.272478103637695,29.899999618530273,30.600000381469727,29.700000762939453,30.0,41648851,yfinance,False
2020-10-16,21.450340270996094,30.149999618530273,30.299999237060547,29.75,29.850000381469727,18962836,yfinance,False
2020-10-19,21.983930587768555,30.899999618530273,31.200000762939453,30.5,30.5,28515009,yfinance,False
2020-10-20,21.912784576416016,30.799999237060547,31.200000762939453,30.450000762939453,30.649999618530273,22502287,yfinance,False
2020-10-21,22.090652465820312,31.049999237060547,31.200000762939453,30.799999237060547,31.049999237060547,17002007,yfinance,False
2020-10-22,22.232942581176758,31.25,31.299999237060547,30.75,30.899999618530273,22072777,yfinance,False
2020-10-23,22.944395065307617,32.25,32.79999923706055,31.100000381469727,31.25,67908927,yfinance,False
2020-10-27,24.047149658203125,33.79999923706055,34.0,32.20000076293945,32.400001525878906,106318304,yfinance,False
2020-10-28,23.228979110717773,32.650001525878906,33.54999923706055,32.349998474121094,33.54999923706055,51755011,yfinance,False
2020-10-29,22.97996711730957,32.29999923706055,32.45000076293945,31.649999618530273,31.700000762939453,32120556,yfinance,False
2020-10-30,22.837678909301758,32.099998474121094,32.70000076293945,31.799999237060547,32.5,31133678,yfinance,False
2020-11-02,23.335695266723633,32.79999923706055,33.0,32.150001525878906,32.150001525878906,34326565,yfinance,False
2020-11-03,24.047149658203125,33.79999923706055,34.0,33.099998474121094,33.20000076293945,47342668,yfinance,False
2020-11-04,24.047149658203125,33.79999923706055,35.099998474121094,33.79999923706055,34.599998474121094,81474334,yfinance,False
2020-11-05,24.296157836914062,34.150001525878906,34.45000076293945,33.400001525878906,34.04999923706055,46078997,yfinance,False
2020-11-06,24.687454223632812,34.70000076293945,35.0,33.900001525878906,33.900001525878906,41024413,yfinance,False
2020-11-09,24.794172286987305,34.849998474121094,35.29999923706055,34.650001525878906,35.04999923706055,28966377,yfinance,False
2020-11-10,26.821821212768555,37.70000076293945,37.70000076293945,36.70000076293945,37.349998474121094,116830209,yfinance,False
2020-11-11,27.92457389831543,39.25,39.349998474121094,37.900001525878906,38.0,97089785,yfinance,False
2020-11-12,27.284257888793945,38.349998474121094,39.70000076293945,38.0,39.400001525878906,45560983,yfinance,False
2020-11-13,26.501663208007812,37.25,37.54999923706055,36.70000076293945,37.54999923706055,41586505,yfinance,False
2020-11-16,27.604415893554688,38.79999923706055,39.0,38.0,38.0,36533520,yfinance,False
2020-11-17,27.92457389831543,39.25,39.349998474121094,38.5,39.25,42547668,yfinance,False
2020-11-18,27.889001846313477,39.20000076293945,39.45000076293945,38.599998474121094,38.79999923706055,36579851,yfinance,False
2020-11-19,27.817853927612305,39.099998474121094,39.79999923706055,39.099998474121094,39.29999923706055,30734201,yfinance,False
2020-11-20,27.675565719604492,38.900001525878906,39.20000076293945,38.599998474121094,39.099998474121094,20277468,yfinance,False
2020-11-23,27.995716094970703,39.349998474121094,39.45000076293945,38.79999923706055,39.25,18219561,yfinance,False
2020-11-24,28.280305862426758,39.75,39.75,39.349998474121094,39.650001525878906,24252795,yfinance,False
2020-11-25,30.130077362060547,42.349998474121094,42.95000076293945,41.04999923706055,41.04999923706055,107805377,yfinance,False
2020-11-26,29.881074905395508,42.0,42.45000076293945,41.20000076293945,41.650001525878906,56764441,yfinance,False
2020-11-27,29.881074905395508,42.0,42.25,41.04999923706055,41.29999923706055,48916847,yfinance,False
2020-11-30,29.525344848632812,41.5,42.04999923706055,41.29999923706055,42.0,35056130,yfinance,False
2020-12-01,29.169614791870117,41.0,41.54999923706055,40.5,40.70000076293945,48696915,yfinance,False
2020-12-02,30.236799240112305,42.5,43.0,41.95000076293945,41.95000076293945,57225027,yfinance,False
2020-12-03,30.877111434936523,43.400001525878906,43.79999923706055,42.849998474121094,43.04999923706055,43365022,yfinance,False
2020-12-04,31.126123428344727,43.75,44.0,42.79999923706055,43.900001525878906,78097207,yfinance,False
2020-12-07,30.521381378173828,42.900001525878906,44.0,42.599998474121094,43.79999923706055,38401366,yfinance,False
2020-12-08,29.418621063232422,41.349998474121094,42.45000076293945,41.0,42.29999923706055,47719149,yfinance,False
2020-12-09,29.703218460083008,41.75,42.25,41.25,41.25,26247730,yfinance,False
2020-12-10,29.809925079345703,41.900001525878906,41.900001525878906,41.29999923706055,41.400001525878906,13294583,yfinance,False
2020-12-11,29.632061004638672,41.650001525878906,42.79999923706055,41.650001525878906,42.349998474121094,29090034,yfinance,False
2020-12-14,29.418621063232422,41.349998474121094,41.75,40.900001525878906,41.650001525878906,32650410,yfinance,False
2020-12-15,29.169614791870117,41.0,41.54999923706055,40.650001525878906,41.54999923706055,38355782,yfinance,False
2020-12-16,29.383052825927734,41.29999923706055,41.95000076293945,41.099998474121094,41.599998474121094,34039265,yfinance,False
2020-12-17,29.667633056640625,41.70000076293945,41.70000076293945,40.900001525878906,41.25,21812272,yfinance,False
2020-12-18,29.27634048461914,41.150001525878906,41.5,40.900001525878906,41.29999923706055,16213637,yfinance,False
2020-12-21,28.102439880371094,39.5,40.599998474121094,39.400001525878906,40.5,43011048,yfinance,False
2020-12-22,28.06686782836914,39.45000076293945,39.849998474121094,38.900001525878906,39.150001525878906,20537983,yfinance,False
2020-12-23,28.138011932373047,39.54999923706055,39.79999923706055,39.20000076293945,39.349998474121094,11058184,yfinance,False
2020-12-24,28.6004581451416,40.20000076293945,40.20000076293945,40.20000076293945,40.20000076293945,0,yfinance,False
2020-12-28,28.45816421508789,40.0,40.54999923706055,39.75,40.20000076293945,34795081,yfinance,False
2020-12-29,28.636030197143555,40.25,40.25,39.54999923706055,39.849998474121094,18625915,yfinance,False
2020-12-30,28.885034561157227,40.599998474121094,40.79999923706055,39.70000076293945,40.0,19366003,yfinance,False
2020-12-31,28.92060661315918,40.650001525878906,40.650001525878906,40.650001525878906,40.650001525878906,0,yfinance,False
2021-01-04,28.778316497802734,40.45000076293945,40.599998474121094,39.900001525878906,40.29999923706055,20433690,yfinance,False
2021-01-05,28.564884185791016,40.150001525878906,40.54999923706055,39.75,40.0,17133338,yfinance,False
2021-01-06,29.525344848632812,41.5,41.75,39.79999923706055,40.150001525878906,37778767,yfinance,False
2021-01-07,30.877111434936523,43.400001525878906,43.79999923706055,42.849998474121094,43.5,71074555,yfinance,False
2021-01-08,30.877111434936523,43.400001525878906,43.70000076293945,42.54999923706055,43.70000076293945,36759304,yfinance,False
2021-01-11,30.592527389526367,43.0,43.25,42.5,43.04999923706055,20501368,yfinance,False
2021-01-12,30.770387649536133,43.25,43.400001525878906,42.75,42.79999923706055,20905160,yfinance,False
2021-01-13,30.414663314819336,42.75,43.400001525878906,42.54999923706055,43.25,29411073,yfinance,False
2021-01-14,30.592527389526367,43.0,43.04999923706055,42.099998474121094,42.650001525878906,19806325,yfinance,False
2021-01-15,30.556949615478516,42.95000076293945,43.29999923706055,42.70000076293945,43.150001525878906,24016989,yfinance,False
2021-01-18,29.916641235351562,42.04999923706055,42.29999923706055,41.599998474121094,42.29999923706055,35136246,yfinance,False
2021-01-19,31.161678314208984,43.79999923706055,43.900001525878906,42.20000076293945,42.20000076293945,55904213,yfinance,False
2021-01-20,30.770387649536133,43.25,43.95000076293945,43.04999923706055,43.349998474121094,29536761,yfinance,False
2021-01-21,31.55299186706543,44.349998474121094,44.79999923706055,43.29999923706055,43.400001525878906,58585221,yfinance,False
2021-01-22,30.73481559753418,43.20000076293945,44.29999923706055,43.04999923706055,44.25,26850952,yfinance,False
2021-01-25,30.450233459472656,42.79999923706055,43.400001525878906,42.5,43.349998474121094,22936873,yfinance,False
2021-01-26,30.023365020751953,42.20000076293945,42.79999923706055,41.900001525878906,42.400001525878906,23091145,yfinance,False
2021-01-27,30.414663314819336,42.75,43.400001525878906,42.29999923706055,42.75,19910229,yfinance,False
2021-01-28,29.5609188079834,41.54999923706055,42.45000076293945,41.349998474121094,42.29999923706055,36935168,yfinance,False
2021-01-29,29.13404655456543,40.95000076293945,41.900001525878906,40.79999923706055,41.599998474121094,30804534,yfinance,False
2021-02-01,28.991756439208984,40.75,41.150001525878906,40.099998474121094,40.599998474121094,25140139,yfinance,False
2021-02-02,29.13404655456543,40.95000076293945,41.099998474121094,40.54999923706055,40.650001525878906,18957865,yfinance,False
2021-02-03,29.418621063232422,41.349998474121094,41.45000076293945,40.599998474121094,40.95000076293945,22026816,yfinance,False
2021-02-04,29.169614791870117,41.0,42.20000076293945,40.70000076293945,40.79999923706055,24852170,yfinance,False
2021-02-05,29.667633056640625,41.70000076293945,42.400001525878906,41.400001525878906,41.70000076293945,29839423,yfinance,False
2021-02-08,29.418621063232422,41.349998474121094,41.95000076293945,41.099998474121094,41.79999923706055,17954523,yfinance,False
2021-02-09,29.667633056640625,41.70000076293945,41.900001525878906,41.25,41.25,17026295,yfinance,False
2021-02-10,30.30793571472168,42.599998474121094,43.0,42.25,42.5,23428359,yfinance,False
2021-02-11,30.343528747558594,42.650001525878906,42.650001525878906,42.650001525878906,42.650001525878906,0,yfinance,False
2021-02-16,32.54902648925781,45.75,45.75,43.95000076293945,44.150001525878906,90085953,yfinance,False
2021-02-17,32.76245880126953,46.04999923706055,46.70000076293945,45.54999923706055,46.0,67314629,yfinance,False
2021-02-18,33.011470794677734,46.400001525878906,46.79999923706055,45.650001525878906,46.79999923706055,45469560,yfinance,False
2021-02-19,32.40673828125,45.54999923706055,45.70000076293945,44.79999923706055,45.70000076293945,31829216,yfinance,False
2021-02-22,33.082618713378906,46.5,46.79999923706055,45.79999923706055,46.400001525878906,54301785,yfinance,False
2021-02-23,33.22490310668945,46.70000076293945,49.5,46.5,47.0,103770263,yfinance,False
2021-02-24,32.79803466796875,46.099998474121094,46.599998474121094,45.599998474121094,46.150001525878906,60287540,yfinance,False
2021-02-25,33.900779724121094,47.650001525878906,48.29999923706055,47.25,47.5,67926724,yfinance,False
2021-02-26,33.65177536010742,47.29999923706055,47.650001525878906,46.45000076293945,47.5,51003641,yfinance,False
2021-03-01,32.79803466796875,46.099998474121094,46.70000076293945,45.349998474121094,46.5,40401581,yfinance,False
2021-03-02,32.05101013183594,45.04999923706055,45.900001525878906,44.5,45.5,40008344,yfinance,False
2021-03-03,32.90475845336914,46.25,46.400001525878906,45.650001525878906,45.849998474121094,28011412,yfinance,False
2021-03-04,33.11818313598633,46.54999923706055,46.70000076293945,45.650001525878906,46.349998474121094,21548948,yfinance,False
2021-03-05,32.79803466796875,46.099998474121094,46.29999923706055,45.5,46.29999923706055,21428414,yfinance,False
2021-03-08,33.9719352722168,47.75,48.29999923706055,46.900001525878906,47.099998474121094,51294826,yfinance,False
2021-03-09,34.68339157104492,48.75,49.29999923706055,48.099998474121094,48.900001525878906,56519527,yfinance,False
2021-03-10,33.9719352722168,47.75,48.0,46.95000076293945,47.900001525878906,33606378,yfinance,False
2021-03-11,34.201904296875,46.900001525878906,47.29999923706055,46.54999923706055,46.79999923706055,26835956,yfinance,False
2021-03-12,33.36326599121094,45.75,46.29999923706055,45.70000076293945,46.04999923706055,32823310,yfinance,False
2021-03-15,33.91020584106445,46.5,46.5,45.75,46.0,31990973,yfinance,False
2021-03-16,33.39973068237305,45.79999923706055,46.0,45.45000076293945,46.0,25064888,yfinance,False
2021-03-17,33.36326599121094,45.75,46.0,45.349998474121094,45.70000076293945,13007099,yfinance,False
2021-03-18,34.12897872924805,46.79999923706055,46.79999923706055,46.099998474121094,46.349998474121094,25189024,yfinance,False
2021-03-19,34.12897872924805,46.79999923706055,47.650001525878906,46.70000076293945,47.29999923706055,35475101,yfinance,False
2021-03-22,33.54558181762695,46.0,46.650001525878906,45.79999923706055,45.900001525878906,16571854,yfinance,False
2021-03-23,33.07156753540039,45.349998474121094,45.95000076293945,45.04999923706055,45.599998474121094,18412914,yfinance,False
2021-03-24,32.342315673828125,44.349998474121094,45.29999923706055,44.29999923706055,45.0,23728132,yfinance,False
2021-03-25,32.63401412963867,44.75,45.0,44.5,44.70000076293945,12813025,yfinance,False
2021-03-26,32.70693588256836,44.849998474121094,45.20000076293945,44.349998474121094,45.20000076293945,18152228,yfinance,False
2021-03-29,32.88925552368164,45.099998474121094,45.25,44.5,44.650001525878906,13260056,yfinance,False
2021-03-30,33.14449691772461,45.45000076293945,45.79999923706055,44.75,45.0,15280351,yfinance,False
2021-03-31,33.180946350097656,45.5,45.95000076293945,45.150001525878906,45.95000076293945,10866829,yfinance,False
2021-04-01,33.07156753540039,45.349998474121094,45.54999923706055,44.75,45.5,12255058,yfinance,False
2021-04-07,33.472652435302734,45.900001525878906,45.95000076293945,45.400001525878906,45.599998474121094,16572873,yfinance,False
2021-04-08,34.165443420410156,46.849998474121094,46.95000076293945,45.95000076293945,46.099998474121094,25713164,yfinance,False
2021-04-09,33.94666290283203,46.54999923706055,46.849998474121094,46.29999923706055,46.849998474121094,11098917,yfinance,False
2021-04-12,33.39973068237305,45.79999923706055,46.599998474121094,45.70000076293945,46.599998474121094,9860297,yfinance,False
2021-04-13,33.54558181762695,46.0,46.79999923706055,45.849998474121094,46.29999923706055,15118571,yfinance,False
2021-04-14,33.65496063232422,46.150001525878906,46.25,45.20000076293945,45.650001525878906,13996301,yfinance,False
2021-04-15,33.29034423828125,45.650001525878906,45.849998474121094,45.400001525878906,45.75,9924102,yfinance,False
2021-04-16,32.96217346191406,45.20000076293945,45.599998474121094,45.20000076293945,45.599998474121094,18378114,yfinance,False
2021-04-19,33.54558181762695,46.0,46.20000076293945,45.54999923706055,45.70000076293945,15210590,yfinance,False
2021-04-20,33.61850357055664,46.099998474121094,46.45000076293945,46.0,46.45000076293945,12387721,yfinance,False
2021-04-21,32.96217346191406,45.20000076293945,45.400001525878906,44.79999923706055,45.29999923706055,20373435,yfinance,False
2021-04-22,32.70693588256836,44.849998474121094,45.45000076293945,44.70000076293945,45.25,12782245,yfinance,False
2021-04-23,32.67048645019531,44.79999923706055,44.900001525878906,44.45000076293945,44.54999923706055,17629618,yfinance,False
2021-04-26,32.88925552368164,45.099998474121094,45.20000076293945,44.70000076293945,44.849998474121094,13419376,yfinance,False
2021-04-27,33.54558181762695,46.0,46.45000076293945,45.099998474121094,45.25,37078544,yfinance,False
2021-04-28,34.60299301147461,47.45000076293945,47.5,46.79999923706055,47.400001525878906,58529420,yfinance,False
2021-04-29,35.22285079956055,48.29999923706055,48.29999923706055,47.54999923706055,47.650001525878906,41514997,yfinance,False
2021-04-30,35.62394332885742,48.849998474121094,49.25,48.400001525878906,48.95000076293945,42504524,yfinance,False
2021-05-03,34.49360275268555,47.29999923706055,48.5,47.0,48.45000076293945,21405620,yfinance,False
2021-05-04,35.11347579956055,48.150001525878906,48.25,46.849998474121094,47.150001525878906,20138490,yfinance,False
2021-05-05,35.2957878112793,48.400001525878906,48.5,47.79999923706055,48.099998474121094,15685865,yfinance,False
2021-05-06,35.84272003173828,49.150001525878906,49.400001525878906,48.5,49.0,26753953,yfinance,False
2021-05-07,35.8062629699707,49.099998474121094,49.29999923706055,48.75,49.150001525878906,19048698,yfinance,False
2021-05-10,35.84272003173828,49.150001525878906,49.349998474121094,48.75,49.349998474121094,15298184,yfinance,False
2021-05-11,35.25931930541992,48.349998474121094,49.29999923706055,48.25,49.29999923706055,28033975,yfinance,False
2021-05-12,34.96761703491211,47.95000076293945,48.5,47.29999923706055,48.20000076293945,27813578,yfinance,False
2021-05-13,34.85822677612305,47.79999923706055,48.29999923706055,47.650001525878906,48.0,21113384,yfinance,False
2021-05-14,35.551025390625,48.75,48.79999923706055,48.04999923706055,48.54999923706055,20324649,yfinance,False
2021-05-17,35.40517044067383,48.54999923706055,48.79999923706055,48.29999923706055,48.79999923706055,12371773,yfinance,False
2021-05-18,35.879188537597656,49.20000076293945,49.20000076293945,48.75,48.79999923706055,19932606,yfinance,False
2021-05-20,35.33224868774414,48.45000076293945,48.75,48.25,48.599998474121094,13358656,yfinance,False
2021-05-21,35.40517044067383,48.54999923706055,48.95000076293945,48.29999923706055,48.95000076293945,12467940,yfinance,False
2021-05-24,35.6604118347168,48.900001525878906,48.900001525878906,48.45000076293945,48.54999923706055,10481479,yfinance,False
2021-05-25,35.879188537597656,49.20000076293945,49.20000076293945,48.70000076293945,49.0,16351186,yfinance,False
2021-05-26,35.8062629699707,49.099998474121094,49.400001525878906,48.900001525878906,48.900001525878906,18894636,yfinance,False
2021-05-27,35.696876525878906,48.95000076293945,49.5,48.400001525878906,48.599998474121094,25587024,yfinance,False
2021-05-28,37.045989990234375,50.79999923706055,50.849998474121094,49.349998474121094,49.45000076293945,68183830,yfinance,False
2021-05-31,35.95211410522461,49.29999923706055,50.29999923706055,49.099998474121094,50.0,26498195,yfinance,False
2021-06-01,36.2802734375,49.75,49.849998474121094,48.650001525878906,49.29999923706055,31244407,yfinance,False
2021-06-02,35.84272003173828,49.150001525878906,49.45000076293945,49.04999923706055,49.25,13708995,yfinance,False
2021-06-03,35.587486267089844,48.79999923706055,49.70000076293945,48.650001525878906,49.599998474121094,16576262,yfinance,False
2021-06-04,35.40517044067383,48.54999923706055,49.20000076293945,48.54999923706055,49.099998474121094,39355852,yfinance,False
2021-06-07,35.514564514160156,48.70000076293945,48.79999923706055,48.25,48.70000076293945,20767218,yfinance,False
2021-06-08,35.6604118347168,48.900001525878906,49.099998474121094,48.5,48.70000076293945,11774107,yfinance,False
2021-06-09,35.2957878112793,48.400001525878906,48.900001525878906,48.349998474121094,48.70000076293945,9901617,yfinance,False
2021-06-10,34.748836517333984,47.650001525878906,48.20000076293945,47.45000076293945,48.0,29946579,yfinance,False
2021-06-11,34.712379455566406,47.599998474121094,48.099998474121094,47.45000076293945,47.45000076293945,12460700,yfinance,False
2021-06-15,34.53007507324219,47.349998474121094,48.0,47.0,47.849998474121094,22382507,yfinance,False
2021-06-16,35.077003479003906,48.099998474121094,48.349998474121094,47.400001525878906,47.650001525878906,18503780,yfinance,False
2021-06-17,35.22285079956055,48.29999923706055,48.5,47.650001525878906,48.04999923706055,20179603,yfinance,False
2021-06-18,34.420677185058594,47.20000076293945,47.650001525878906,47.099998474121094,47.599998474121094,26316274,yfinance,False
2021-06-21,33.2174186706543,45.54999923706055,46.20000076293945,45.099998474121094,46.04999923706055,48269764,yfinance,False
2021-06-22,33.36326599121094,45.75,46.0,45.650001525878906,45.849998474121094,18034452,yfinance,False
2021-06-23,33.58203887939453,46.04999923706055,46.45000076293945,45.29999923706055,45.650001525878906,15193950,yfinance,False
2021-06-24,33.472652435302734,45.900001525878906,46.20000076293945,45.650001525878906,45.650001525878906,11924309,yfinance,False
2021-06-25,33.61850357055664,46.099998474121094,46.29999923706055,45.650001525878906,45.650001525878906,14515655,yfinance,False
2021-06-28,33.472652435302734,45.900001525878906,46.20000076293945,45.5,46.099998474121094,9692425,yfinance,False
2021-06-29,32.99863815307617,45.25,45.599998474121094,45.0,45.54999923706055,27624318,yfinance,False
2021-06-30,32.70693588256836,44.849998474121094,45.25,44.79999923706055,45.0,18489180,yfinance,False
2021-07-02,32.70693588256836,44.849998474121094,45.04999923706055,44.400001525878906,45.0,19693352,yfinance,False
2021-07-05,32.92571258544922,45.150001525878906,45.400001525878906,44.099998474121094,44.20000076293945,13359656,yfinance,False
2021-07-06,32.99863815307617,45.25,45.79999923706055,45.20000076293945,45.400001525878906,9120925,yfinance,False
2021-07-07,32.524627685546875,44.599998474121094,44.900001525878906,44.349998474121094,44.70000076293945,15666078,yfinance,False
2021-07-08,32.05061340332031,43.95000076293945,44.70000076293945,43.900001525878906,44.599998474121094,18407518,yfinance,False
2021-07-09,31.758907318115234,43.54999923706055,44.0,43.099998474121094,43.099998474121094,25351506,yfinance,False
2021-07-12,32.01415252685547,43.900001525878906,44.650001525878906,43.75,44.400001525878906,22710404,yfinance,False
2021-07-13,32.85279083251953,45.04999923706055,45.75,44.349998474121094,44.400001525878906,33285543,yfinance,False
2021-07-14,32.342315673828125,44.349998474121094,44.54999923706055,44.099998474121094,44.5,18052869,yfinance,False
2021-07-15,32.196468353271484,44.150001525878906,45.0,44.150001525878906,44.400001525878906,15488926,yfinance,False
2021-07-16,31.904767990112305,43.75,44.29999923706055,43.75,43.849998474121094,26105671,yfinance,False
2021-07-19,31.17551040649414,42.75,43.20000076293945,42.400001525878906,43.20000076293945,31523366,yfinance,False
2021-07-20,30.66503143310547,42.04999923706055,42.29999923706055,41.70000076293945,41.900001525878906,25482778,yfinance,False
2021-07-21,30.883806228637695,42.349998474121094,42.54999923706055,41.70000076293945,42.04999923706055,16052542,yfinance,False
2021-07-22,31.57659912109375,43.29999923706055,43.599998474121094,42.900001525878906,42.900001525878906,16395454,yfinance,False
2021-07-23,31.32135581970215,42.95000076293945,43.04999923706055,42.650001525878906,43.0,11101508,yfinance,False
2021-07-26,30.883806228637695,42.349998474121094,43.04999923706055,42.04999923706055,42.70000076293945,31193503,yfinance,False
2021-07-27,31.430742263793945,43.099998474121094,44.650001525878906,42.79999923706055,43.0,55446822,yfinance,False
2021-07-28,31.17551040649414,42.75,44.25,42.25,44.25,49441394,yfinance,False
2021-07-29,31.28489875793457,42.900001525878906,43.04999923706055,42.099998474121094,42.70000076293945,25448823,yfinance,False
2021-07-30,31.3942813873291,43.04999923706055,43.45000076293945,42.54999923706055,42.650001525878906,16185572,yfinance,False
2021-08-02,31.68598175048828,43.45000076293945,45.150001525878906,42.95000076293945,43.0,36821282,yfinance,False
2021-08-03,31.28489875793457,42.900001525878906,43.150001525878906,42.29999923706055,42.5,18272213,yfinance,False
2021-08-04,31.46721076965332,43.150001525878906,43.75,42.900001525878906,43.0,15157543,yfinance,False
2021-08-05,31.57659912109375,43.29999923706055,43.45000076293945,42.70000076293945,42.79999923706055,12305819,yfinance,False
2021-08-06,31.503671646118164,43.20000076293945,43.45000076293945,42.75,43.150001525878906,9975486,yfinance,False
2021-08-09,31.941213607788086,43.79999923706055,44.5,43.599998474121094,43.79999923706055,15900510,yfinance,False
2021-08-10,31.941213607788086,43.79999923706055,44.20000076293945,43.400001525878906,44.0,12849612,yfinance,False
2021-08-11,32.12353515625,44.04999923706055,44.20000076293945,43.70000076293945,43.79999923706055,14315990,yfinance,False
2021-08-12,32.30584716796875,44.29999923706055,44.599998474121094,44.04999923706055,44.20000076293945,14033896,yfinance,False
2021-08-13,32.23292922973633,44.20000076293945,44.29999923706055,43.79999923706055,44.20000076293945,9546910,yfinance,False
2021-08-16,32.342315673828125,44.349998474121094,44.45000076293945,44.04999923706055,44.20000076293945,10595759,yfinance,False
2021-08-17,31.977693557739258,43.849998474121094,44.20000076293945,43.650001525878906,43.849998474121094,18110419,yfinance,False
2021-08-18,31.64952850341797,43.400001525878906,43.95000076293945,43.29999923706055,43.599998474121094,16471095,yfinance,False
2021-08-19,31.276626586914062,42.349998474121094,42.900001525878906,42.099998474121094,42.900001525878906,21181086,yfinance,False
2021-08-20,31.055063247680664,42.04999923706055,42.349998474121094,41.79999923706055,42.04999923706055,20012870,yfinance,False
2021-08-23,31.31355094909668,42.400001525878906,42.599998474121094,42.04999923706055,42.45000076293945,18608494,yfinance,False
2021-08-24,30.833511352539062,41.75,42.5,41.70000076293945,42.349998474121094,17218420,yfinance,False
2021-08-25,31.018142700195312,42.0,42.099998474121094,41.20000076293945,41.5,16413529,yfinance,False
2021-08-26,31.12891387939453,42.150001525878906,42.400001525878906,41.79999923706055,42.150001525878906,14430942,yfinance,False
2021-08-27,31.018142700195312,42.0,42.20000076293945,41.599998474121094,42.20000076293945,8890605,yfinance,False
2021-08-30,30.75965690612793,41.650001525878906,42.04999923706055,41.20000076293945,41.75,9553484,yfinance,False
2021-08-31,30.611949920654297,41.45000076293945,41.849998474121094,41.150001525878906,41.25,19040168,yfinance,False
2021-09-01,30.870433807373047,41.79999923706055,41.849998474121094,41.150001525878906,41.150001525878906,13973153,yfinance,False
2021-09-02,30.538095474243164,41.349998474121094,41.54999923706055,41.04999923706055,41.29999923706055,20502999,yfinance,False
2021-09-03,30.611949920654297,41.45000076293945,41.79999923706055,41.150001525878906,41.150001525878906,29400411,yfinance,False
2021-09-06,30.575027465820312,41.400001525878906,41.70000076293945,41.25,41.45000076293945,24207987,yfinance,False
2021-09-07,30.279611587524414,41.0,41.400001525878906,41.0,41.29999923706055,23797121,yfinance,False
2021-09-08,29.873422622680664,40.45000076293945,40.849998474121094,40.29999923706055,40.5,21636170,yfinance,False
2021-09-09,29.83649444580078,40.400001525878906,41.0,40.25,40.70000076293945,16569193,yfinance,False
2021-09-10,30.20577049255371,40.900001525878906,40.95000076293945,40.25,40.349998474121094,7986921,yfinance,False
2021-09-13,30.05805206298828,40.70000076293945,40.849998474121094,40.150001525878906,40.5,8576584,yfinance,False
2021-09-14,29.68878746032715,40.20000076293945,41.099998474121094,40.099998474121094,40.70000076293945,19188693,yfinance,False
2021-09-15,29.614933013916016,40.099998474121094,40.599998474121094,40.0,40.599998474121094,14418368,yfinance,False
2021-09-16,29.541093826293945,40.0,40.599998474121094,39.599998474121094,40.599998474121094,19553563,yfinance,False
2021-09-17,29.725725173950195,40.25,40.400001525878906,39.099998474121094,39.70000076293945,28266370,yfinance,False
2021-09-20,28.802553176879883,39.0,39.95000076293945,38.95000076293945,39.900001525878906,23796781,yfinance,False
2021-09-21,28.65485382080078,38.79999923706055,39.0,38.29999923706055,38.349998474121094,18117762,yfinance,False
2021-09-23,29.356454849243164,39.75,39.95000076293945,39.20000076293945,39.29999923706055,20518033,yfinance,False
2021-09-24,29.31952476501465,39.70000076293945,40.79999923706055,39.70000076293945,40.20000076293945,19052618,yfinance,False
2021-09-27,29.76263999938965,40.29999923706055,41.099998474121094,40.0,40.0,20332913,yfinance,False
2021-09-28,30.16883087158203,40.849998474121094,41.25,40.599998474121094,41.25,29545281,yfinance,False
2021-09-29,30.46424102783203,41.25,41.599998474121094,40.29999923706055,40.5,30287737,yfinance,False
2021-09-30,30.242687225341797,40.95000076293945,41.29999923706055,40.599998474121094,41.0,13928675,yfinance,False
2021-10-04,29.910348892211914,40.5,40.79999923706055,40.04999923706055,40.599998474121094,21964896,yfinance,False
2021-10-05,30.353466033935547,41.099998474121094,41.20000076293945,40.29999923706055,40.5,15161212,yfinance,False
2021-10-06,31.350482940673828,42.45000076293945,42.599998474121094,41.45000076293945,41.599998474121094,44032651,yfinance,False
2021-10-07,31.941303253173828,43.25,43.650001525878906,43.04999923706055,43.099998474121094,28342782,yfinance,False
2021-10-08,32.38441467285156,43.849998474121094,44.20000076293945,43.45000076293945,44.0,35626937,yfinance,False
2021-10-11,33.23371887207031,45.0,45.099998474121094,44.349998474121094,44.5,35485693,yfinance,False
2021-10-12,33.19679641723633,44.95000076293945,45.150001525878906,44.5,44.599998474121094,18769101,yfinance,False
2021-10-15,34.00917053222656,46.04999923706055,46.29999923706055,45.04999923706055,45.5,36966905,yfinance,False
2021-10-18,34.11994934082031,46.20000076293945,46.5,45.75,46.5,15426145,yfinance,False
2021-10-19,34.08302688598633,46.150001525878906,46.45000076293945,45.95000076293945,46.20000076293945,10380137,yfinance,False
2021-10-20,34.23072814941406,46.349998474121094,46.349998474121094,45.5,46.150001525878906,19380588,yfinance,False
2021-10-21,34.341514587402344,46.5,47.150001525878906,46.150001525878906,46.150001525878906,15830987,yfinance,False
2021-10-22,34.341514587402344,46.5,46.900001525878906,46.29999923706055,46.75,11023281,yfinance,False
2021-10-25,34.48921585083008,46.70000076293945,47.349998474121094,46.20000076293945,46.5,24895254,yfinance,False
2021-10-26,35.080039978027344,47.5,47.5,47.099998474121094,47.29999923706055,31599646,yfinance,False
2021-10-27,35.33852005004883,47.849998474121094,48.0,47.5,47.54999923706055,20701724,yfinance,False
2021-10-28,34.710777282714844,47.0,47.400001525878906,46.5,47.400001525878906,27836706,yfinance,False
2021-10-29,34.821563720703125,47.150001525878906,47.150001525878906,46.400001525878906,47.04999923706055,18167634,yfinance,False
2021-11-01,34.67384719848633,46.95000076293945,47.0,46.349998474121094,46.54999923706055,12419384,yfinance,False
2021-11-02,34.74769973754883,47.04999923706055,47.599998474121094,46.95000076293945,47.45000076293945,10828361,yfinance,False
2021-11-03,34.599998474121094,46.849998474121094,47.099998474121094,46.5,46.79999923706055,9965448,yfinance,False
2021-11-04,34.821563720703125,47.150001525878906,47.150001525878906,46.70000076293945,47.04999923706055,11599843,yfinance,False
2021-11-05,33.56605911254883,45.45000076293945,45.5,44.599998474121094,45.0,32926856,yfinance,False
2021-11-08,33.75069046020508,45.70000076293945,45.900001525878906,45.150001525878906,45.5,18990314,yfinance,False
2021-11-09,33.6399040222168,45.54999923706055,45.75,45.29999923706055,45.70000076293945,8190048,yfinance,False
2021-11-10,33.45528030395508,45.29999923706055,45.349998474121094,44.599998474121094,45.29999923706055,18905544,yfinance,False
2021-11-11,33.56605911254883,45.45000076293945,45.79999923706055,44.900001525878906,45.0,14576796,yfinance,False
2021-11-12,33.45528030395508,45.29999923706055,45.599998474121094,45.04999923706055,45.45000076293945,8890298,yfinance,False
2021-11-15,33.381431579589844,45.20000076293945,45.400001525878906,44.900001525878906,45.0,7145701,yfinance,False
2021-11-16,33.82453536987305,45.79999923706055,45.95000076293945,45.45000076293945,45.54999923706055,12596153,yfinance,False
2021-11-17,33.97224426269531,46.0,46.0,45.650001525878906,45.70000076293945,12386061,yfinance,False
2021-11-18,34.00917053222656,46.04999923706055,46.29999923706055,45.79999923706055,46.0,8437935,yfinance,False
2021-11-19,34.00917053222656,46.04999923706055,46.099998474121094,45.650001525878906,46.099998474121094,8203492,yfinance,False
2021-11-22,33.6399040222168,45.54999923706055,45.70000076293945,45.29999923706055,45.400001525878906,13158623,yfinance,False
2021-11-23,33.60297775268555,45.5,45.95000076293945,45.349998474121094,45.400001525878906,7401789,yfinance,False
2021-11-24,34.046104431152344,46.099998474121094,46.45000076293945,45.849998474121094,46.0,12898992,yfinance,False
2021-11-25,34.08302688598633,46.150001525878906,46.5,45.54999923706055,46.099998474121094,9840572,yfinance,False
2021-11-26,32.75367736816406,44.349998474121094,45.79999923706055,44.29999923706055,45.650001525878906,28426743,yfinance,False
2021-11-29,32.31055450439453,43.75,44.349998474121094,43.54999923706055,43.95000076293945,25861647,yfinance,False
2021-11-30,31.719738006591797,42.95000076293945,43.79999923706055,42.20000076293945,43.70000076293945,23878442,yfinance,False
2021-12-01,32.125938415527344,43.5,43.849998474121094,43.0,43.29999923706055,15516736,yfinance,False
2021-12-02,32.49519729614258,44.0,44.45000076293945,43.5,43.650001525878906,14713692,yfinance,False
2021-12-03,33.1229362487793,44.849998474121094,45.29999923706055,44.349998474121094,44.5,35321341,yfinance,False
2021-12-06,33.1229362487793,44.849998474121094,44.95000076293945,44.25,44.5,21997237,yfinance,False
2021-12-07,33.71376419067383,45.650001525878906,45.75,44.400001525878906,44.79999923706055,15839694,yfinance,False
2021-12-08,33.60297775268555,45.5,45.95000076293945,45.099998474121094,45.95000076293945,8590654,yfinance,False
2021-12-09,33.45528030395508,45.29999923706055,45.900001525878906,45.150001525878906,45.45000076293945,6908033,yfinance,False
2021-12-10,33.381431579589844,45.20000076293945,45.400001525878906,44.95000076293945,45.099998474121094,6090109,yfinance,False
2021-12-13,33.30757522583008,45.099998474121094,45.25,44.5,45.20000076293945,10861423,yfinance,False
2021-12-14,32.86445617675781,44.5,44.599998474121094,44.150001525878906,44.150001525878906,7998591,yfinance,False
2021-12-15,33.19679641723633,44.95000076293945,45.400001525878906,44.45000076293945,44.70000076293945,11227978,yfinance,False
2021-12-16,33.34449768066406,45.150001525878906,45.150001525878906,44.29999923706055,44.849998474121094,9989350,yfinance,False
2021-12-17,34.26765441894531,46.400001525878906,46.75,46.04999923706055,46.29999923706055,39799001,yfinance,False
2021-12-20,33.60297775268555,45.5,46.0,45.349998474121094,45.79999923706055,16771986,yfinance,False
2021-12-21,33.56605911254883,45.45000076293945,45.75,45.20000076293945,45.70000076293945,12301373,yfinance,False
2021-12-22,33.75069046020508,45.70000076293945,45.75,45.29999923706055,45.599998474121094,8541568,yfinance,False
2021-12-23,34.11994934082031,46.20000076293945,46.29999923706055,45.900001525878906,46.29999923706055,9198207,yfinance,False
2021-12-24,34.30458068847656,46.45000076293945,46.599998474121094,46.29999923706055,46.54999923706055,6165831,yfinance,False
2021-12-28,34.415367126464844,46.599998474121094,46.75,46.29999923706055,46.5,9461700,yfinance,False
2021-12-29,34.599998474121094,46.849998474121094,46.849998474121094,46.5,46.79999923706055,10179627,yfinance,False
2021-12-30,34.63692092895508,46.900001525878906,47.04999923706055,46.75,46.900001525878906,10553516,yfinance,False
2021-12-31,34.63692092895508,46.900001525878906,47.150001525878906,46.70000076293945,46.95000076293945,5190692,yfinance,False
2022-01-03,34.599998474121094,46.849998474121094,47.150001525878906,46.650001525878906,47.0,6711558,yfinance,False
2022-01-04,35.301597595214844,47.79999923706055,47.79999923706055,47.0,47.099998474121094,25500155,yfinance,False
2022-01-05,36.298606872558594,49.150001525878906,49.75,48.75,49.349998474121094,59292303,yfinance,False
2022-01-06,36.187828063964844,49.0,49.04999923706055,48.349998474121094,49.04999923706055,24559582,yfinance,False
2022-01-07,37.00020217895508,50.099998474121094,50.150001525878906,49.75,50.099998474121094,67407695,yfinance,False
2022-01-10,38.181854248046875,51.70000076293945,51.75,50.599998474121094,50.79999923706055,59640904,yfinance,False
2022-01-11,38.366485595703125,51.95000076293945,51.95000076293945,51.349998474121094,51.849998474121094,40783559,yfinance,False
2022-01-12,38.95730972290039,52.75,52.75,51.95000076293945,52.099998474121094,43066390,yfinance,False
2022-01-13,39.621986389160156,53.650001525878906,53.650001525878906,52.95000076293945,53.04999923706055,40548306,yfinance,False
2022-01-14,40.28665542602539,54.54999923706055,54.70000076293945,54.20000076293945,54.349998474121094,46404888,yfinance,False
2022-01-17,40.618995666503906,55.0,55.0,54.54999923706055,54.75,43715487,yfinance,False
2022-01-18,40.28665542602539,54.54999923706055,55.099998474121094,53.849998474121094,55.04999923706055,38858826,yfinance,False
2022-01-19,40.397438049316406,54.70000076293945,54.70000076293945,54.20000076293945,54.5,27759299,yfinance,False
2022-01-20,40.175880432128906,54.400001525878906,54.400001525878906,53.5,54.29999923706055,30849593,yfinance,False
2022-01-21,39.32656478881836,53.25,53.79999923706055,52.75,53.599998474121094,34875504,yfinance,False
2022-01-24,39.363494873046875,53.29999923706055,53.45000076293945,52.599998474121094,52.650001525878906,13579536,yfinance,False
2022-01-25,38.66189956665039,52.349998474121094,52.349998474121094,51.650001525878906,52.0,24734367,yfinance,False
2022-01-26,39.80660629272461,53.900001525878906,54.0,53.349998474121094,53.349998474121094,28218489,yfinance,False
2022-01-27,40.360511779785156,54.650001525878906,54.650001525878906,53.70000076293945,54.349998474121094,34398346,yfinance,False
2022-01-28,41.062110900878906,55.599998474121094,55.75,55.150001525878906,55.29999923706055,54473659,yfinance,False
2022-01-31,40.69284439086914,55.099998474121094,55.099998474121094,55.099998474121094,55.099998474121094,0,yfinance,False
2022-02-04,42.76071548461914,57.900001525878906,58.0,57.099998474121094,57.29999923706055,62749377,yfinance,False
2022-02-07,42.76071548461914,57.900001525878906,57.900001525878906,57.099998474121094,57.5,22200614,yfinance,False
2022-02-08,43.42538833618164,58.79999923706055,58.79999923706055,58.349998474121094,58.5,29030418,yfinance,False
2022-02-09,43.79465866088867,59.29999923706055,59.54999923706055,58.900001525878906,59.0,30908859,yfinance,False
2022-02-10,43.38846969604492,58.75,58.900001525878906,58.0,58.79999923706055,18112418,yfinance,False
2022-02-11,43.57310104370117,59.0,59.099998474121094,58.650001525878906,59.099998474121094,21586802,yfinance,False
2022-02-14,43.57310104370117,59.0,59.599998474121094,59.0,59.45000076293945,27627724,yfinance,False
2022-02-15,42.83457565307617,58.0,58.5,57.5,58.400001525878906,30082843,yfinance,False
2022-02-16,43.20384216308594,58.5,58.650001525878906,58.099998474121094,58.45000076293945,17500241,yfinance,False
2022-02-17,42.83457565307617,58.0,58.04999923706055,57.400001525878906,57.849998474121094,17562099,yfinance,False
2022-02-18,42.83457565307617,58.0,58.25,57.150001525878906,57.20000076293945,17898184,yfinance,False
2022-02-21,43.240760803222656,58.54999923706055,58.54999923706055,57.5,58.0,20272291,yfinance,False
2022-02-22,41.689857482910156,56.45000076293945,57.75,56.20000076293945,57.5,41858089,yfinance,False
2022-02-23,42.90842819213867,58.099998474121094,58.20000076293945,57.5,57.849998474121094,32126802,yfinance,False
2022-02-24,41.46830368041992,56.150001525878906,57.75,55.70000076293945,57.599998474121094,40684122,yfinance,False
2022-02-25,40.434364318847656,54.75,54.75,53.20000076293945,54.20000076293945,47466421,yfinance,False
2022-02-28,39.954322814941406,54.099998474121094,55.70000076293945,53.79999923706055,55.70000076293945,37535471,yfinance,False
2022-03-01,39.880462646484375,54.0,54.150001525878906,53.20000076293945,54.04999923706055,16963545,yfinance,False
2022-03-02,37.812591552734375,51.20000076293945,52.29999923706055,50.849998474121094,52.099998474121094,45247755,yfinance,False
2022-03-03,39.363494873046875,53.29999923706055,53.400001525878906,52.04999923706055,52.599998474121094,29710818,yfinance,False
2022-03-04,38.034149169921875,51.5,51.849998474121094,50.900001525878906,50.900001525878906,63019166,yfinance,False
2022-03-07,35.33852005004883,47.849998474121094,48.70000076293945,47.75,48.20000076293945,98387101,yfinance,False
2022-03-08,35.44929504394531,48.0,48.79999923706055,47.599998474121094,48.349998474121094,37056910,yfinance,False
2022-03-09,36.37246322631836,49.25,49.45000076293945,48.150001525878906,48.79999923706055,40079196,yfinance,False
2022-03-10,37.369808197021484,49.150001525878906,49.650001525878906,48.349998474121094,49.54999923706055,32042021,yfinance,False
2022-03-11,37.14170837402344,48.849998474121094,49.099998474121094,47.900001525878906,48.5,23734051,yfinance,False
2022-03-14,37.711952209472656,49.599998474121094,49.650001525878906,48.599998474121094,48.849998474121094,30122708,yfinance,False
2022-03-15,37.40782165527344,49.20000076293945,49.79999923706055,48.54999923706055,49.79999923706055,44267673,yfinance,False
2022-03-16,37.40782165527344,49.20000076293945,49.75,48.150001525878906,49.70000076293945,43856918,yfinance,False
2022-03-17,38.92845916748047,51.20000076293945,51.599998474121094,49.75,50.5,41290933,yfinance,False
2022-03-18,39.080528259277344,51.400001525878906,51.75,50.79999923706055,51.20000076293945,21768112,yfinance,False
2022-03-21,39.04250717163086,51.349998474121094,51.599998474121094,50.849998474121094,51.54999923706055,14342896,yfinance,False
2022-03-22,39.80282211303711,52.349998474121094,52.650001525878906,51.349998474121094,51.349998474121094,21445004,yfinance,False
2022-03-23,40.41108703613281,53.150001525878906,53.5,52.900001525878906,53.150001525878906,25529261,yfinance,False
2022-03-24,40.068946838378906,52.70000076293945,52.75,52.04999923706055,52.650001525878906,11682674,yfinance,False
2022-03-25,40.14497375488281,52.79999923706055,53.45000076293945,52.70000076293945,53.04999923706055,14829385,yfinance,False
2022-03-28,40.867279052734375,53.75,53.849998474121094,53.099998474121094,53.20000076293945,15367982,yfinance,False
2022-03-29,40.67719650268555,53.5,53.54999923706055,52.79999923706055,53.29999923706055,11940218,yfinance,False
2022-03-30,41.019351959228516,53.95000076293945,54.45000076293945,53.75,53.79999923706055,20820331,yfinance,False
2022-03-31,41.20942687988281,54.20000076293945,54.29999923706055,53.79999923706055,53.95000076293945,12951991,yfinance,False
2022-04-01,41.3234748840332,54.349998474121094,54.349998474121094,53.400001525878906,53.70000076293945,8177523,yfinance,False
2022-04-04,41.09537887573242,54.04999923706055,54.349998474121094,53.79999923706055,54.29999923706055,10779509,yfinance,False
2022-04-06,40.82926940917969,53.70000076293945,54.04999923706055,53.150001525878906,53.900001525878906,17097274,yfinance,False
2022-04-07,40.639190673828125,53.45000076293945,53.79999923706055,53.29999923706055,53.29999923706055,11573734,yfinance,False
2022-04-08,41.019351959228516,53.95000076293945,53.95000076293945,53.400001525878906,53.5,10357713,yfinance,False
2022-04-11,41.09537887573242,54.04999923706055,54.20000076293945,53.54999923706055,53.599998474121094,13750516,yfinance,False
2022-04-12,40.563148498535156,53.349998474121094,54.349998474121094,53.25,54.349998474121094,14864663,yfinance,False
2022-04-13,40.52513122558594,53.29999923706055,53.400001525878906,52.650001525878906,52.70000076293945,11761552,yfinance,False
2022-04-14,40.487117767333984,53.25,53.29999923706055,52.849998474121094,53.20000076293945,10408286,yfinance,False
2022-04-19,40.639190673828125,53.45000076293945,53.5,52.349998474121094,52.79999923706055,14672531,yfinance,False
2022-04-20,41.019351959228516,53.95000076293945,54.099998474121094,53.29999923706055,53.45000076293945,12920024,yfinance,False
2022-04-21,41.81768798828125,55.0,55.099998474121094,54.54999923706055,54.70000076293945,24207791,yfinance,False
2022-04-22,41.17140579223633,54.150001525878906,54.349998474121094,53.5,54.0,15424898,yfinance,False
2022-04-25,39.270606994628906,51.650001525878906,52.650001525878906,50.900001525878906,52.599998474121094,34714858,yfinance,False
2022-04-26,37.63592529296875,49.5,51.349998474121094,48.79999923706055,50.849998474121094,44212494,yfinance,False
2022-04-27,36.57146453857422,48.099998474121094,48.70000076293945,47.25,47.25,38716435,yfinance,False
2022-04-28,37.14170837402344,48.849998474121094,49.0,47.599998474121094,47.849998474121094,21296464,yfinance,False
2022-04-29,36.913612365722656,48.54999923706055,48.79999923706055,47.849998474121094,48.45000076293945,25095530,yfinance,False
2022-05-03,37.864009857177734,49.79999923706055,50.25,48.150001525878906,48.54999923706055,24035559,yfinance,False
2022-05-04,38.58631896972656,50.75,51.349998474121094,50.5,50.79999923706055,16374927,yfinance,False
2022-05-05,38.358219146728516,50.45000076293945,51.79999923706055,50.349998474121094,51.70000076293945,16192094,yfinance,False
2022-05-06,37.25575256347656,49.0,49.79999923706055,48.5,49.0,22019352,yfinance,False
2022-05-10,36.83758544921875,48.45000076293945,48.70000076293945,47.20000076293945,47.54999923706055,18037551,yfinance,False
2022-05-11,36.79955291748047,48.400001525878906,48.54999923706055,47.900001525878906,48.20000076293945,11727920,yfinance,False
2022-05-12,35.5450325012207,46.75,47.95000076293945,46.5,47.79999923706055,28766863,yfinance,False
2022-05-13,36.30535125732422,47.75,47.849998474121094,46.54999923706055,46.75,19133351,yfinance,False
2022-05-16,36.41939926147461,47.900001525878906,48.150001525878906,47.5,47.599998474121094,10970715,yfinance,False
2022-05-17,36.95162582397461,48.599998474121094,48.75,48.0,48.0,15919362,yfinance,False
2022-05-18,36.76155090332031,48.349998474121094,48.900001525878906,48.04999923706055,48.599998474121094,17168449,yfinance,False
2022-05-19,36.153289794921875,47.54999923706055,48.04999923706055,47.349998474121094,48.0,19941600,yfinance,False
2022-05-20,36.83758544921875,48.45000076293945,48.650001525878906,47.849998474121094,48.349998474121094,23670727,yfinance,False
2022-05-23,36.83758544921875,48.45000076293945,48.650001525878906,47.95000076293945,48.29999923706055,14406943,yfinance,False
2022-05-24,37.559879302978516,49.400001525878906,49.54999923706055,48.599998474121094,49.150001525878906,19894498,yfinance,False
2022-05-25,38.73838424682617,50.95000076293945,51.54999923706055,50.75,50.95000076293945,36012327,yfinance,False
2022-05-26,38.92845916748047,51.20000076293945,51.70000076293945,50.45000076293945,51.70000076293945,21990168,yfinance,False
2022-05-27,39.49869918823242,51.95000076293945,52.20000076293945,51.349998474121094,51.5,27962499,yfinance,False
2022-05-30,39.840843200683594,52.400001525878906,52.900001525878906,52.400001525878906,52.599998474121094,26267279,yfinance,False
2022-05-31,39.61274719238281,52.099998474121094,52.29999923706055,51.599998474121094,52.25,17715751,yfinance,False
2022-06-01,39.91688919067383,52.5,52.75,52.20000076293945,52.20000076293945,21240457,yfinance,False
2022-06-02,39.76481628417969,52.29999923706055,52.29999923706055,51.79999923706055,51.95000076293945,9859724,yfinance,False
2022-06-06,40.03092956542969,52.650001525878906,52.70000076293945,51.45000076293945,52.29999923706055,15914549,yfinance,False
2022-06-07,39.34663772583008,51.75,52.29999923706055,51.5,51.79999923706055,15184480,yfinance,False
2022-06-08,38.96648025512695,51.25,52.099998474121094,51.0,52.0,20744261,yfinance,False
2022-06-09,38.47227096557617,50.599998474121094,50.849998474121094,50.0,50.400001525878906,24011935,yfinance,False
2022-06-10,37.978065490722656,49.95000076293945,50.400001525878906,49.70000076293945,49.95000076293945,23082469,yfinance,False
2022-06-13,37.027652740478516,48.70000076293945,49.099998474121094,48.20000076293945,48.54999923706055,36622006,yfinance,False
2022-06-14,37.67393493652344,49.54999923706055,49.75,48.45000076293945,48.650001525878906,25080542,yfinance,False
2022-06-15,37.94004821777344,49.900001525878906,49.95000076293945,48.900001525878906,49.29999923706055,19637736,yfinance,False
2022-06-16,37.864009857177734,49.79999923706055,50.849998474121094,49.650001525878906,50.349998474121094,23932139,yfinance,False
2022-06-17,37.749961853027344,49.650001525878906,50.20000076293945,49.29999923706055,50.150001525878906,21024667,yfinance,False
2022-06-20,37.67393493652344,49.54999923706055,49.75,48.70000076293945,48.849998474121094,15568560,yfinance,False
2022-06-21,39.080528259277344,51.400001525878906,51.70000076293945,50.95000076293945,51.099998474121094,33493225,yfinance,False
2022-06-22,38.51028823852539,50.650001525878906,51.650001525878906,50.5,51.400001525878906,19085399,yfinance,False
2022-06-23,38.51028823852539,50.650001525878906,51.599998474121094,50.54999923706055,51.099998474121094,17271976,yfinance,False
2022-06-24,38.624332427978516,50.79999923706055,51.20000076293945,50.5,50.650001525878906,17225887,yfinance,False
2022-06-27,39.3846549987793,51.79999923706055,52.0,51.400001525878906,51.5,28278385,yfinance,False
2022-06-28,39.57473373413086,52.04999923706055,52.20000076293945,51.29999923706055,51.45000076293945,25746710,yfinance,False
2022-06-29,39.46068572998047,51.900001525878906,52.25,51.599998474121094,52.04999923706055,17777494,yfinance,False
2022-06-30,39.270606994628906,51.650001525878906,52.599998474121094,51.54999923706055,52.20000076293945,19160920,yfinance,False
2022-07-04,38.96648025512695,51.25,51.349998474121094,50.20000076293945,50.900001525878906,16993452,yfinance,False
2022-07-05,38.70036315917969,50.900001525878906,52.400001525878906,50.70000076293945,51.400001525878906,15237633,yfinance,False
2022-07-06,37.331783294677734,49.099998474121094,49.849998474121094,48.599998474121094,49.79999923706055,42722173,yfinance,False
2022-07-07,37.749961853027344,49.650001525878906,49.70000076293945,48.5,48.650001525878906,15261907,yfinance,False
2022-07-08,37.864009857177734,49.79999923706055,50.45000076293945,49.5,50.400001525878906,17324166,yfinance,False
2022-07-11,37.25575256347656,49.0,49.5,48.849998474121094,49.45000076293945,15280651,yfinance,False
2022-07-12,37.293766021728516,49.04999923706055,49.349998474121094,48.900001525878906,48.900001525878906,10129745,yfinance,False
2022-07-13,37.331783294677734,49.099998474121094,49.75,49.04999923706055,49.04999923706055,11194546,yfinance,False
2022-07-14,37.25575256347656,49.0,49.599998474121094,48.75,49.599998474121094,15865169,yfinance,False
2022-07-15,36.267337799072266,47.70000076293945,48.150001525878906,47.349998474121094,47.900001525878906,32226807,yfinance,False
2022-07-18,37.369808197021484,49.150001525878906,49.25,47.849998474121094,48.400001525878906,20015928,yfinance,False
2022-07-19,37.10368728637695,48.79999923706055,49.0,48.20000076293945,48.70000076293945,10671479,yfinance,False
2022-07-20,37.445831298828125,49.25,49.54999923706055,49.0,49.45000076293945,11843210,yfinance,False
2022-07-21,36.64750289916992,48.20000076293945,48.900001525878906,48.04999923706055,48.900001525878906,14349184,yfinance,False
2022-07-22,36.95162582397461,48.599998474121094,49.099998474121094,48.599998474121094,48.849998474121094,15060463,yfinance,False
2022-07-25,37.14170837402344,48.849998474121094,49.04999923706055,48.25,48.25,17483734,yfinance,False
2022-07-26,38.092105865478516,50.099998474121094,50.29999923706055,49.599998474121094,49.650001525878906,26198720,yfinance,False
2022-07-27,37.94004821777344,49.900001525878906,50.150001525878906,49.400001525878906,49.45000076293945,14709959,yfinance,False
2022-07-28,37.711952209472656,49.599998474121094,50.150001525878906,49.04999923706055,50.0,20647880,yfinance,False
2022-07-29,37.559879302978516,49.400001525878906,49.79999923706055,49.099998474121094,49.45000076293945,15931021,yfinance,False
2022-08-01,39.422672271728516,51.849998474121094,52.5,48.70000076293945,49.25,47596428,yfinance,False
2022-08-02,38.776397705078125,51.0,52.099998474121094,50.29999923706055,52.04999923706055,29491697,yfinance,False
2022-08-03,38.776397705078125,51.0,51.45000076293945,50.599998474121094,51.45000076293945,11339620,yfinance,False
2022-08-04,39.23258972167969,51.599998474121094,51.900001525878906,51.150001525878906,51.400001525878906,16503613,yfinance,False
2022-08-05,38.85243225097656,51.099998474121094,51.70000076293945,51.04999923706055,51.599998474121094,12863717,yfinance,False
2022-08-08,39.3846549987793,51.79999923706055,51.900001525878906,51.099998474121094,51.099998474121094,11248226,yfinance,False
2022-08-09,39.61274719238281,52.099998474121094,52.099998474121094,51.29999923706055,51.45000076293945,11987496,yfinance,False
2022-08-10,39.49869918823242,51.95000076293945,52.349998474121094,51.599998474121094,52.20000076293945,11914995,yfinance,False
2022-08-11,39.91688919067383,52.5,52.5,51.95000076293945,52.25,13064217,yfinance,False
2022-08-12,39.9929084777832,52.599998474121094,52.599998474121094,52.04999923706055,52.400001525878906,8641568,yfinance,False
2022-08-15,39.688785552978516,52.20000076293945,52.5,52.0,52.20000076293945,5799376,yfinance,False
2022-08-16,39.422672271728516,51.849998474121094,52.150001525878906,51.5,51.900001525878906,7770101,yfinance,False
2022-08-17,39.49869918823242,51.95000076293945,52.45000076293945,51.70000076293945,52.45000076293945,7148920,yfinance,False
2022-08-18,38.886924743652344,50.45000076293945,51.29999923706055,50.099998474121094,51.25,14532056,yfinance,False
2022-08-19,38.809844970703125,50.349998474121094,50.599998474121094,50.150001525878906,50.45000076293945,7398529,yfinance,False
2022-08-22,38.0004997253418,49.29999923706055,49.849998474121094,49.150001525878906,49.849998474121094,13718620,yfinance,False
2022-08-23,37.80780029296875,49.04999923706055,49.75,48.79999923706055,49.45000076293945,16651782,yfinance,False
2022-08-24,37.422401428222656,48.54999923706055,49.20000076293945,48.349998474121094,49.04999923706055,16394654,yfinance,False
2022-08-25,37.80780029296875,49.04999923706055,49.150001525878906,48.0,48.400001525878906,10940374,yfinance,False
2022-08-26,37.846336364746094,49.099998474121094,49.150001525878906,48.599998474121094,48.79999923706055,11556488,yfinance,False
2022-08-29,37.576560974121094,48.75,48.75,48.0,48.099998474121094,13021055,yfinance,False
2022-08-30,37.884883880615234,49.150001525878906,49.29999923706055,48.04999923706055,48.849998474121094,20589027,yfinance,False
2022-08-31,37.4609489440918,48.599998474121094,48.95000076293945,48.20000076293945,48.650001525878906,14662946,yfinance,False
2022-09-01,37.19115447998047,48.25,48.45000076293945,48.0,48.400001525878906,16433194,yfinance,False
2022-09-02,37.075538635253906,48.099998474121094,48.099998474121094,47.599998474121094,47.79999923706055,23959585,yfinance,False
2022-09-05,36.84429931640625,47.79999923706055,48.099998474121094,47.5,48.099998474121094,20115672,yfinance,False
2022-09-06,37.61509704589844,48.79999923706055,48.900001525878906,48.04999923706055,48.20000076293945,11552789,yfinance,False
2022-09-07,36.84429931640625,47.79999923706055,48.25,47.150001525878906,48.20000076293945,22008473,yfinance,False
2022-09-08,36.69013214111328,47.599998474121094,47.70000076293945,47.29999923706055,47.70000076293945,8909804,yfinance,False
2022-09-09,37.03699493408203,48.04999923706055,48.349998474121094,47.54999923706055,47.849998474121094,24742392,yfinance,False
2022-09-13,37.65364456176758,48.849998474121094,49.20000076293945,48.70000076293945,49.0,15421126,yfinance,False
2022-09-14,36.69013214111328,47.599998474121094,48.0,47.400001525878906,47.650001525878906,15091877,yfinance,False
2022-09-15,36.53598403930664,47.400001525878906,47.75,47.20000076293945,47.75,14038018,yfinance,False
2022-09-16,36.69013214111328,47.599998474121094,47.900001525878906,47.349998474121094,47.599998474121094,12952895,yfinance,False
2022-09-19,36.7672233581543,47.70000076293945,47.79999923706055,47.25,47.599998474121094,6026762,yfinance,False
2022-09-20,37.26823806762695,48.349998474121094,48.599998474121094,47.79999923706055,47.849998474121094,11088743,yfinance,False
2022-09-21,36.53598403930664,47.400001525878906,48.04999923706055,47.25,47.75,15315332,yfinance,False
2022-09-22,35.225616455078125,45.70000076293945,46.599998474121094,45.45000076293945,46.5,25849690,yfinance,False
2022-09-23,35.225616455078125,45.70000076293945,46.29999923706055,45.400001525878906,45.70000076293945,20582846,yfinance,False
2022-09-26,32.56635284423828,42.25,43.599998474121094,41.70000076293945,43.599998474121094,71881369,yfinance,False
2022-09-27,32.720516204833984,42.45000076293945,43.099998474121094,41.900001525878906,42.20000076293945,28284128,yfinance,False
2022-09-28,30.832046508789062,40.0,41.79999923706055,39.79999923706055,41.79999923706055,55402471,yfinance,False
2022-09-29,31.1403751373291,40.400001525878906,41.70000076293945,40.0,41.20000076293945,35562860,yfinance,False
2022-09-30,31.79555320739746,41.25,41.400001525878906,40.650001525878906,40.650001525878906,21617792,yfinance,False
2022-10-03,31.101821899414062,40.349998474121094,40.95000076293945,39.79999923706055,40.20000076293945,27252085,yfinance,False
2022-10-05,32.87467575073242,42.650001525878906,43.20000076293945,42.5,42.95000076293945,37615359,yfinance,False
2022-10-06,32.56635284423828,42.25,42.599998474121094,41.900001525878906,42.400001525878906,11803426,yfinance,False
2022-10-07,31.79555320739746,41.25,41.70000076293945,41.150001525878906,41.45000076293945,12696068,yfinance,False
2022-10-10,31.101821899414062,40.349998474121094,40.599998474121094,40.099998474121094,40.54999923706055,19875821,yfinance,False
2022-10-11,30.60080909729004,39.70000076293945,40.70000076293945,39.45000076293945,40.45000076293945,26670561,yfinance,False
2022-10-12,29.830005645751953,38.70000076293945,39.54999923706055,38.5,39.45000076293945,41313811,yfinance,False
2022-10-13,29.868541717529297,38.75,39.25,38.54999923706055,38.95000076293945,15941289,yfinance,False
2022-10-14,31.25598907470703,40.54999923706055,41.29999923706055,40.400001525878906,40.650001525878906,35918021,yfinance,False
2022-10-17,31.71847152709961,41.150001525878906,41.349998474121094,40.349998474121094,40.5,18821549,yfinance,False
2022-10-18,32.52781295776367,42.20000076293945,42.349998474121094,41.400001525878906,42.099998474121094,27783943,yfinance,False
2022-10-19,32.10387420654297,41.650001525878906,42.0,41.150001525878906,41.70000076293945,19941950,yfinance,False
2022-10-20,32.21949005126953,41.79999923706055,41.900001525878906,41.04999923706055,41.45000076293945,15570521,yfinance,False
2022-10-21,32.02678680419922,41.54999923706055,41.900001525878906,41.45000076293945,41.75,10595052,yfinance,False
2022-10-24,32.45072937011719,42.099998474121094,42.45000076293945,41.0,41.54999923706055,43396007,yfinance,False
2022-10-25,30.793508529663086,39.95000076293945,43.099998474121094,39.75,42.45000076293945,49982450,yfinance,False
2022-10-26,31.024751663208008,40.25,40.70000076293945,39.849998474121094,39.95000076293945,24533934,yfinance,False
2022-10-27,31.371612548828125,40.70000076293945,41.0,40.349998474121094,40.599998474121094,16940378,yfinance,False
2022-10-28,30.870588302612305,40.04999923706055,41.20000076293945,39.849998474121094,40.79999923706055,19910893,yfinance,False
2022-10-31,31.024751663208008,40.25,41.150001525878906,39.70000076293945,40.099998474121094,20208298,yfinance,False
2022-11-01,31.64138412475586,41.04999923706055,41.25,40.099998474121094,40.70000076293945,21132938,yfinance,False
2022-11-02,31.911170959472656,41.400001525878906,41.5,40.70000076293945,41.04999923706055,10449866,yfinance,False
2022-11-03,31.06328582763672,40.29999923706055,40.95000076293945,40.04999923706055,40.25,14084935,yfinance,False
2022-11-04,31.949710845947266,41.45000076293945,41.95000076293945,40.29999923706055,40.29999923706055,20058129,yfinance,False
2022-11-07,33.144447326660156,43.0,44.0,42.400001525878906,42.75,40630628,yfinance,False
2022-11-08,33.144447326660156,43.0,43.400001525878906,42.70000076293945,43.04999923706055,14254116,yfinance,False
2022-11-09,33.144447326660156,43.0,43.599998474121094,42.5,43.04999923706055,9781099,yfinance,False
2022-11-10,32.75905227661133,42.5,42.5,41.79999923706055,42.349998474121094,8914894,yfinance,False
2022-11-11,33.45277404785156,43.400001525878906,43.70000076293945,42.75,43.599998474121094,23447735,yfinance,False
2022-11-14,33.645477294921875,43.650001525878906,44.70000076293945,43.349998474121094,43.400001525878906,16908635,yfinance,False
2022-11-15,34.4548225402832,44.70000076293945,44.70000076293945,43.79999923706055,43.900001525878906,20487782,yfinance,False
2022-11-16,34.18503189086914,44.349998474121094,44.650001525878906,43.70000076293945,44.0,17035542,yfinance,False
2022-11-17,34.18503189086914,44.349998474121094,44.79999923706055,43.75,44.150001525878906,14543962,yfinance,False
2022-11-18,34.03087615966797,44.150001525878906,44.54999923706055,43.849998474121094,44.349998474121094,11285469,yfinance,False
2022-11-21,34.18503189086914,44.349998474121094,44.54999923706055,43.75,44.0,10917359,yfinance,False
2022-11-22,34.49336242675781,44.75,44.79999923706055,44.29999923706055,44.349998474121094,10577497,yfinance,False
2022-11-23,34.840213775634766,45.20000076293945,45.20000076293945,44.79999923706055,45.0,9344796,yfinance,False
2022-11-24,35.45685577392578,46.0,46.150001525878906,45.75,45.849998474121094,14144526,yfinance,False
2022-11-25,35.45685577392578,46.0,46.45000076293945,45.900001525878906,46.45000076293945,9772075,yfinance,False
2022-11-28,35.14853286743164,45.599998474121094,45.95000076293945,44.95000076293945,45.95000076293945,16162878,yfinance,False
2022-11-29,35.64955520629883,46.25,46.25,45.599998474121094,45.70000076293945,21580355,yfinance,False
2022-11-30,36.42035675048828,47.25,47.650001525878906,46.900001525878906,47.400001525878906,27847858,yfinance,False
2022-12-01,36.45889663696289,47.29999923706055,47.849998474121094,46.849998474121094,47.599998474121094,32156733,yfinance,False
2022-12-02,36.15057373046875,46.900001525878906,47.349998474121094,46.70000076293945,47.29999923706055,23145310,yfinance,False
2022-12-05,36.38181686401367,47.20000076293945,47.650001525878906,47.150001525878906,47.54999923706055,27538208,yfinance,False
2022-12-06,36.497432708740234,47.349998474121094,47.349998474121094,46.75,47.0,17804089,yfinance,False
2022-12-07,35.9578742980957,46.650001525878906,47.349998474121094,46.349998474121094,47.099998474121094,24406034,yfinance,False
2022-12-08,36.266197204589844,47.04999923706055,47.099998474121094,46.25,46.75,15111896,yfinance,False
2022-12-09,36.38181686401367,47.20000076293945,47.45000076293945,46.70000076293945,46.70000076293945,16333736,yfinance,False
2022-12-12,36.69013214111328,47.599998474121094,47.70000076293945,47.099998474121094,47.20000076293945,14214740,yfinance,False
2022-12-13,36.7672233581543,47.70000076293945,47.70000076293945,47.0,47.599998474121094,11699746,yfinance,False
2022-12-14,37.03699493408203,48.04999923706055,48.29999923706055,47.70000076293945,47.900001525878906,12802203,yfinance,False
2022-12-15,36.38181686401367,47.20000076293945,47.70000076293945,46.900001525878906,47.599998474121094,11759520,yfinance,False
2022-12-16,36.2276611328125,47.0,47.20000076293945,46.54999923706055,46.79999923706055,10434561,yfinance,False
2022-12-19,36.189117431640625,46.95000076293945,47.04999923706055,46.650001525878906,46.75,6030636,yfinance,False
2022-12-20,36.03495788574219,46.75,47.0,46.400001525878906,46.599998474121094,5683933,yfinance,False
2022-12-21,36.613059997558594,47.5,47.70000076293945,47.349998474121094,47.349998474121094,9285861,yfinance,False
2022-12-22,37.15262222290039,48.20000076293945,48.25,47.900001525878906,48.099998474121094,13931200,yfinance,False
2022-12-23,36.92137908935547,47.900001525878906,48.099998474121094,47.599998474121094,47.599998474121094,4986129,yfinance,False
2022-12-28,37.38385772705078,48.5,49.04999923706055,47.95000076293945,48.0,15937747,yfinance,False
2022-12-29,37.30678176879883,48.400001525878906,48.599998474121094,48.20000076293945,48.54999923706055,11327924,yfinance,False
2022-12-30,37.422401428222656,48.54999923706055,48.849998474121094,48.29999923706055,48.79999923706055,6744518,yfinance,False
2023-01-03,37.53801345825195,48.70000076293945,48.79999923706055,47.0,47.79999923706055,17994602,yfinance,False
2023-01-04,38.540061950683594,50.0,50.0,49.349998474121094,49.45000076293945,20526070,yfinance,False
2023-01-05,39.503562927246094,51.25,51.400001525878906,50.75,51.0,29598352,yfinance,False
2023-01-06,40.23583221435547,52.20000076293945,52.650001525878906,51.95000076293945,52.45000076293945,30945589,yfinance,False
2023-01-09,41.08370590209961,53.29999923706055,53.400001525878906,52.79999923706055,53.150001525878906,25217005,yfinance,False
2023-01-10,41.08370590209961,53.29999923706055,53.349998474121094,52.900001525878906,53.150001525878906,15923846,yfinance,False
2023-01-11,41.35348892211914,53.650001525878906,53.900001525878906,53.29999923706055,53.5,19895897,yfinance,False
2023-01-12,41.700355529785156,54.099998474121094,54.099998474121094,53.650001525878906,53.79999923706055,18594710,yfinance,False
2023-01-13,42.77946853637695,55.5,55.5,54.95000076293945,55.0,31176673,yfinance,False
2023-01-16,43.665889739990234,56.650001525878906,56.650001525878906,56.04999923706055,56.20000076293945,28381653,yfinance,False
2023-01-17,43.665889739990234,56.650001525878906,56.70000076293945,56.150001525878906,56.599998474121094,20157061,yfinance,False
2023-01-18,43.78151321411133,56.79999923706055,56.79999923706055,56.349998474121094,56.45000076293945,17906414,yfinance,False
2023-01-19,43.665889739990234,56.650001525878906,56.849998474121094,56.29999923706055,56.5,17779500,yfinance,False
2023-01-20,43.85859298706055,56.900001525878906,56.900001525878906,56.5,56.75,16911185,yfinance,False
2023-01-26,44.62939453125,57.900001525878906,58.0,57.599998474121094,57.599998474121094,24201338,yfinance,False
2023-01-27,44.66793441772461,57.95000076293945,58.25,57.79999923706055,58.20000076293945,16938553,yfinance,False
2023-01-30,44.59085464477539,57.849998474121094,58.5,57.599998474121094,58.0,30251584,yfinance,False
2023-01-31,44.66793441772461,57.95000076293945,58.150001525878906,57.5,58.04999923706055,23734615,yfinance,False
2023-02-01,43.974212646484375,57.04999923706055,57.5,56.099998474121094,57.5,23434279,yfinance,False
2023-02-02,44.43669128417969,57.650001525878906,57.849998474121094,57.29999923706055,57.70000076293945,18001990,yfinance,False
2023-02-03,43.08779525756836,55.900001525878906,56.650001525878906,55.5,56.650001525878906,29078788,yfinance,False
2023-02-06,43.627349853515625,56.599998474121094,56.79999923706055,55.900001525878906,56.0,18785420,yfinance,False
2023-02-07,43.627349853515625,56.599998474121094,57.0,56.599998474121094,56.599998474121094,9938412,yfinance,False
2023-02-08,44.552310943603516,57.79999923706055,58.099998474121094,56.900001525878906,56.900001525878906,21470580,yfinance,False
2023-02-09,44.70647430419922,58.0,58.0,57.349998474121094,57.599998474121094,11986027,yfinance,False
2023-02-10,44.70647430419922,58.0,58.45000076293945,57.849998474121094,58.400001525878906,16892115,yfinance,False
2023-02-13,44.513771057128906,57.75,57.900001525878906,57.0,57.0,8538615,yfinance,False
2023-02-14,44.86063003540039,58.20000076293945,58.20000076293945,57.79999923706055,58.20000076293945,16289619,yfinance,False
2023-02-15,44.3596076965332,57.54999923706055,58.20000076293945,57.150001525878906,58.20000076293945,16059738,yfinance,False
2023-02-16,44.783546447753906,58.099998474121094,58.150001525878906,57.70000076293945,57.95000076293945,12427999,yfinance,False
2023-02-17,44.86063003540039,58.20000076293945,58.29999923706055,58.0,58.0,15946227,yfinance,False
2023-02-20,45.28457260131836,58.75,58.900001525878906,58.20000076293945,58.400001525878906,18946483,yfinance,False
2023-02-21,44.398155212402344,57.599998474121094,59.45000076293945,57.099998474121094,58.349998474121094,39165969,yfinance,False
2023-02-22,46.74909591674805,60.650001525878906,60.849998474121094,59.900001525878906,60.79999923706055,69340438,yfinance,False
2023-02-23,45.74705505371094,59.349998474121094,60.150001525878906,59.29999923706055,60.150001525878906,22181124,yfinance,False
2023-02-24,45.90121841430664,59.54999923706055,59.75,59.04999923706055,59.20000076293945,16073982,yfinance,False
2023-02-27,45.515804290771484,59.04999923706055,59.45000076293945,58.150001525878906,59.29999923706055,29332684,yfinance,False
2023-02-28,45.70851135253906,59.29999923706055,60.04999923706055,59.150001525878906,59.45000076293945,26878211,yfinance,False
2023-03-01,46.44077682495117,60.25,60.400001525878906,59.650001525878906,59.849998474121094,26492998,yfinance,False
2023-03-02,46.28534698486328,58.25,58.70000076293945,57.95000076293945,58.04999923706055,13428384,yfinance,False
2023-03-03,46.086700439453125,58.0,58.25,57.70000076293945,58.25,12017318,yfinance,False
2023-03-06,46.205894470214844,58.150001525878906,58.29999923706055,57.54999923706055,57.70000076293945,12814531,yfinance,False
2023-03-07,46.404541015625,58.400001525878906,59.04999923706055,57.900001525878906,58.150001525878906,14361617,yfinance,False
2023-03-08,46.046974182128906,57.95000076293945,58.04999923706055,57.5,58.0,14742132,yfinance,False
2023-03-09,46.52372360229492,58.54999923706055,58.70000076293945,58.20000076293945,58.349998474121094,13939829,yfinance,False
2023-03-10,44.81535339355469,56.400001525878906,57.650001525878906,56.400001525878906,57.400001525878906,55393924,yfinance,False
2023-03-13,44.73587417602539,56.29999923706055,56.849998474121094,55.25,55.45000076293945,45567389,yfinance,False
2023-03-14,42.63020324707031,53.650001525878906,54.599998474121094,52.75,54.29999923706055,45329786,yfinance,False
2023-03-15,43.8618278503418,55.20000076293945,55.650001525878906,54.650001525878906,54.650001525878906,30271600,yfinance,False
2023-03-16,42.8288459777832,53.900001525878906,54.04999923706055,53.29999923706055,53.400001525878906,26622653,yfinance,False
2023-03-17,42.749393463134766,53.79999923706055,54.0,53.099998474121094,54.0,19300748,yfinance,False
2023-03-20,40.08748245239258,50.45000076293945,52.79999923706055,49.70000076293945,52.70000076293945,56886469,yfinance,False
2023-03-21,41.23965072631836,51.900001525878906,52.04999923706055,51.25,52.0,36238398,yfinance,False
2023-03-22,42.51100540161133,53.5,54.0,52.849998474121094,52.900001525878906,29346962,yfinance,False
2023-03-23,42.66992950439453,53.70000076293945,53.900001525878906,52.45000076293945,53.70000076293945,21677907,yfinance,False
2023-03-24,41.43830490112305,52.150001525878906,52.599998474121094,51.54999923706055,52.20000076293945,20512834,yfinance,False
2023-03-27,41.04100036621094,51.650001525878906,52.29999923706055,51.20000076293945,51.95000076293945,12900561,yfinance,False
2023-03-28,41.83559799194336,52.650001525878906,53.04999923706055,52.0,52.599998474121094,13137239,yfinance,False
2023-03-29,42.07398223876953,52.95000076293945,53.150001525878906,52.29999923706055,52.95000076293945,9542860,yfinance,False
2023-03-30,42.749393463134766,53.79999923706055,53.95000076293945,52.900001525878906,52.95000076293945,14352833,yfinance,False
2023-03-31,42.27263259887695,53.20000076293945,54.099998474121094,53.20000076293945,53.79999923706055,15641697,yfinance,False
2023-04-03,43.067222595214844,54.20000076293945,54.29999923706055,52.79999923706055,52.849998474121094,16680765,yfinance,False
2023-04-04,43.424800872802734,54.650001525878906,54.79999923706055,53.79999923706055,54.20000076293945,10109231,yfinance,False
2023-04-06,43.067222595214844,54.20000076293945,54.349998474121094,53.54999923706055,53.599998474121094,9725790,yfinance,False
2023-04-11,43.54398727416992,54.79999923706055,55.5,54.5,54.79999923706055,12895492,yfinance,False
2023-04-12,43.50425720214844,54.75,54.900001525878906,54.29999923706055,54.70000076293945,8779804,yfinance,False
2023-04-13,43.90155792236328,55.25,55.25,54.29999923706055,54.400001525878906,10343596,yfinance,False
2023-04-14,44.179664611816406,55.599998474121094,55.849998474121094,55.349998474121094,55.650001525878906,11370730,yfinance,False
2023-04-17,45.212642669677734,56.900001525878906,57.54999923706055,56.70000076293945,56.75,25821123,yfinance,False
2023-04-18,44.77561950683594,56.349998474121094,56.400001525878906,55.70000076293945,56.099998474121094,10445994,yfinance,False
2023-04-19,44.37831115722656,55.849998474121094,56.29999923706055,55.650001525878906,56.0,11782166,yfinance,False
2023-04-20,44.77561950683594,56.349998474121094,56.650001525878906,55.54999923706055,55.54999923706055,11617813,yfinance,False
2023-04-21,44.4577751159668,55.95000076293945,56.70000076293945,55.70000076293945,56.349998474121094,11605424,yfinance,False
2023-04-24,44.4577751159668,55.95000076293945,56.0,55.349998474121094,55.95000076293945,9366356,yfinance,False
2023-04-25,44.1002082824707,55.5,56.0,55.099998474121094,56.0,10560183,yfinance,False
2023-04-26,43.90155792236328,55.25,55.79999923706055,55.0,55.0,10216093,yfinance,False
2023-04-27,44.6961555480957,56.25,56.599998474121094,55.650001525878906,55.849998474121094,15025467,yfinance,False
2023-04-28,44.616695404052734,56.150001525878906,57.099998474121094,56.150001525878906,56.5,9558057,yfinance,False
2023-05-02,46.60319137573242,58.650001525878906,58.95000076293945,56.25,56.400001525878906,32380257,yfinance,False
2023-05-03,46.76211166381836,58.849998474121094,59.0,57.849998474121094,58.150001525878906,24424313,yfinance,False
2023-05-04,46.60319137573242,58.650001525878906,59.04999923706055,58.20000076293945,58.650001525878906,14217519,yfinance,False
2023-05-05,46.44428253173828,58.45000076293945,58.650001525878906,57.75,58.20000076293945,15278134,yfinance,False
2023-05-08,47.27859878540039,59.5,59.5,58.849998474121094,59.099998474121094,15952396,yfinance,False
2023-05-09,47.11967849731445,59.29999923706055,59.849998474121094,59.099998474121094,59.5,20261236,yfinance,False
2023-05-10,47.1594123840332,59.349998474121094,59.75,59.04999923706055,59.5,17019704,yfinance,False
2023-05-11,47.467987060546875,58.95000076293945,59.150001525878906,58.349998474121094,58.95000076293945,13994249,yfinance,False
2023-05-12,47.306941986083984,58.75,58.849998474121094,57.900001525878906,58.5,12547552,yfinance,False
2023-05-15,47.70954895019531,59.25,59.400001525878906,57.5,57.5,15001506,yfinance,False
2023-05-16,48.071895599365234,59.70000076293945,60.0,59.5,59.900001525878906,17372230,yfinance,False
2023-05-17,47.226417541503906,58.650001525878906,59.29999923706055,58.5,58.849998474121094,13889094,yfinance,False
2023-05-18,47.87059783935547,59.45000076293945,59.650001525878906,58.849998474121094,58.900001525878906,16393412,yfinance,False
2023-05-19,47.87059783935547,59.45000076293945,59.650001525878906,58.900001525878906,59.5,12742038,yfinance,False
2023-05-22,48.112159729003906,59.75,59.95000076293945,59.45000076293945,59.45000076293945,13193373,yfinance,False
2023-05-23,47.99138641357422,59.599998474121094,60.0,59.5,59.900001525878906,13747666,yfinance,False
2023-05-24,47.70954895019531,59.25,59.79999923706055,58.95000076293945,59.79999923706055,14260724,yfinance,False
2023-05-25,46.984840393066406,58.349998474121094,58.400001525878906,57.849998474121094,57.95000076293945,18267454,yfinance,False
2023-05-29,47.306941986083984,58.75,59.150001525878906,58.5,58.650001525878906,14821414,yfinance,False
2023-05-30,47.387454986572266,58.849998474121094,59.099998474121094,58.5,58.75,16572996,yfinance,False
2023-05-31,46.46145248413086,57.70000076293945,58.45000076293945,57.150001525878906,58.45000076293945,18895287,yfinance,False
2023-06-01,46.17962646484375,57.349998474121094,57.650001525878906,57.04999923706055,57.400001525878906,18088327,yfinance,False
2023-06-02,46.86406707763672,58.20000076293945,58.70000076293945,57.95000076293945,58.099998474121094,47210302,yfinance,False
2023-06-05,47.62902069091797,59.150001525878906,59.349998474121094,58.650001525878906,58.79999923706055,32260761,yfinance,False
2023-06-06,47.54850387573242,59.04999923706055,59.25,58.70000076293945,58.900001525878906,9945586,yfinance,False
2023-06-07,48.03164291381836,59.650001525878906,59.849998474121094,59.349998474121094,59.349998474121094,19947534,yfinance,False
2023-06-08,48.2732048034668,59.95000076293945,60.20000076293945,59.79999923706055,59.95000076293945,22549082,yfinance,False
2023-06-09,48.31346893310547,60.0,60.150001525878906,59.75,59.95000076293945,12770239,yfinance,False
2023-06-12,48.31346893310547,60.0,60.099998474121094,59.75,59.75,10128424,yfinance,False
2023-06-13,48.23295211791992,59.900001525878906,60.099998474121094,59.349998474121094,59.5,12746561,yfinance,False
2023-06-14,48.35373306274414,60.04999923706055,60.150001525878906,59.599998474121094,59.849998474121094,10876838,yfinance,False
2023-06-15,48.35373306274414,60.04999923706055,60.29999923706055,60.0,60.20000076293945,15810769,yfinance,False
2023-06-16,49.11869812011719,61.0,61.0,60.400001525878906,60.5,25741559,yfinance,False
2023-06-19,49.44078826904297,61.400001525878906,61.5,60.75,61.0,19363313,yfinance,False
2023-06-20,49.52130126953125,61.5,61.54999923706055,61.04999923706055,61.099998474121094,17901535,yfinance,False
2023-06-21,49.360260009765625,61.29999923706055,61.5,60.70000076293945,60.70000076293945,15040945,yfinance,False
2023-06-23,48.112159729003906,59.75,60.599998474121094,59.5,60.599998474121094,19401650,yfinance,False
2023-06-26,47.99138641357422,59.599998474121094,60.0,59.349998474121094,60.0,14064455,yfinance,False
2023-06-27,48.716087341308594,60.5,60.95000076293945,60.0,60.0,12725963,yfinance,False
2023-06-28,48.99790573120117,60.849998474121094,61.099998474121094,60.54999923706055,60.599998474121094,14504354,yfinance,False
2023-06-29,48.99790573120117,60.849998474121094,61.0,60.20000076293945,60.849998474121094,11694201,yfinance,False
2023-06-30,49.11869812011719,61.0,61.400001525878906,60.849998474121094,61.099998474121094,20004150,yfinance,False
2023-07-03,49.8836555480957,61.95000076293945,62.0,61.400001525878906,61.5,21881542,yfinance,False
2023-07-04,50.125221252441406,62.25,62.45000076293945,61.900001525878906,62.0,19450082,yfinance,False
2023-07-05,49.642093658447266,61.650001525878906,62.04999923706055,61.5,61.79999923706055,11365203,yfinance,False
2023-07-06,49.11869812011719,61.0,61.849998474121094,60.900001525878906,61.79999923706055,15490357,yfinance,False
2023-07-07,48.83686447143555,60.650001525878906,60.849998474121094,60.25,60.54999923706055,15137716,yfinance,False
2023-07-10,49.078433990478516,60.95000076293945,61.70000076293945,60.849998474121094,61.349998474121094,13510916,yfinance,False
2023-07-11,48.917388916015625,60.75,61.45000076293945,60.75,60.95000076293945,10478212,yfinance,False
2023-07-12,49.44078826904297,61.400001525878906,61.45000076293945,60.54999923706055,60.75,11194182,yfinance,False
2023-07-13,50.044700622558594,62.150001525878906,62.400001525878906,61.79999923706055,62.150001525878906,25838350,yfinance,False
2023-07-14,50.56809997558594,62.79999923706055,62.900001525878906,62.599998474121094,62.70000076293945,27166492,yfinance,False
2023-07-18,50.68887710571289,62.95000076293945,63.04999923706055,62.599998474121094,63.04999923706055,17114770,yfinance,False
2023-07-19,50.93044662475586,63.25,63.400001525878906,62.95000076293945,63.20000076293945,22893272,yfinance,False
2023-07-20,51.373321533203125,63.79999923706055,63.849998474121094,63.25,63.5,17076354,yfinance,False
2023-07-21,51.775936126708984,64.30000305175781,64.4000015258789,63.900001525878906,64.0,23169698,yfinance,False
2023-07-24,51.29279708862305,63.70000076293945,64.30000305175781,63.5,64.0,19026075,yfinance,False
2023-07-25,51.93697738647461,64.5,64.80000305175781,64.1500015258789,64.3499984741211,18522279,yfinance,False
2023-07-26,52.05775833129883,64.6500015258789,64.8499984741211,64.44999694824219,64.5,12819307,yfinance,False
2023-07-27,52.2993278503418,64.94999694824219,65.0,64.69999694824219,64.9000015258789,20863856,yfinance,False
2023-07-28,52.17854690551758,64.80000305175781,64.80000305175781,63.54999923706055,64.0,19853327,yfinance,False
2023-07-31,52.50063705444336,65.19999694824219,65.3499984741211,64.5,65.0,25565126,yfinance,False
2023-08-01,53.38637924194336,66.30000305175781,66.69999694824219,65.0,65.0,34927301,yfinance,False
2023-08-02,51.695404052734375,64.19999694824219,65.75,64.05000305175781,65.55000305175781,33092746,yfinance,False
2023-08-03,50.64862060546875,62.900001525878906,63.95000076293945,62.70000076293945,63.349998474121094,35635555,yfinance,False
2023-08-04,51.41358184814453,63.849998474121094,64.19999694824219,63.29999923706055,63.79999923706055,20719174,yfinance,False
2023-08-07,51.494117736816406,63.95000076293945,64.0999984741211,63.099998474121094,63.400001525878906,16477479,yfinance,False
2023-08-08,51.534366607666016,64.0,64.6500015258789,63.79999923706055,64.0,25694945,yfinance,False
2023-08-09,51.41358184814453,63.849998474121094,63.900001525878906,63.099998474121094,63.45000076293945,17569650,yfinance,False
2023-08-10,51.03303909301758,62.599998474121094,63.150001525878906,62.04999923706055,62.849998474121094,22127406,yfinance,False
2023-08-11,51.03303909301758,62.599998474121094,62.95000076293945,62.45000076293945,62.599998474121094,12140542,yfinance,False
2023-08-14,50.829227447509766,62.349998474121094,62.349998474121094,61.5,61.70000076293945,17680943,yfinance,False
2023-08-15,49.89171600341797,61.20000076293945,61.900001525878906,61.099998474121094,61.75,19704854,yfinance,False
2023-08-16,48.87268829345703,59.95000076293945,60.099998474121094,59.400001525878906,59.79999923706055,25542450,yfinance,False
2023-08-17,48.342796325683594,59.29999923706055,59.45000076293945,58.5,59.04999923706055,23638105,yfinance,False
2023-08-18,47.812904357910156,58.650001525878906,59.5,58.29999923706055,59.25,15871784,yfinance,False
2023-08-21,47.69062423706055,58.5,58.75,57.95000076293945,58.5,16042510,yfinance,False
2023-08-22,47.73136901855469,58.54999923706055,58.95000076293945,58.400001525878906,58.400001525878906,10519877,yfinance,False
2023-08-23,47.609092712402344,58.400001525878906,58.650001525878906,58.099998474121094,58.25,12276700,yfinance,False
2023-08-24,47.9759407043457,58.849998474121094,59.0,58.29999923706055,58.5,10247144,yfinance,False
2023-08-25,47.609092712402344,58.400001525878906,58.70000076293945,58.20000076293945,58.54999923706055,8557081,yfinance,False
2023-08-28,47.89442443847656,58.75,59.29999923706055,58.5,58.900001525878906,7808863,yfinance,False
2023-08-29,47.69062423706055,58.5,59.45000076293945,58.25,58.95000076293945,21207219,yfinance,False
2023-08-30,48.3835563659668,59.349998474121094,59.650001525878906,58.95000076293945,59.0,18177757,yfinance,False
2023-08-31,47.9759407043457,58.849998474121094,59.349998474121094,58.849998474121094,59.20000076293945,11247245,yfinance,False
2023-09-04,47.89442443847656,58.75,59.04999923706055,58.29999923706055,58.599998474121094,21068021,yfinance,False
2023-09-05,46.997676849365234,57.650001525878906,58.349998474121094,57.25,58.25,23570447,yfinance,False
2023-09-06,47.07919692993164,57.75,58.04999923706055,57.650001525878906,58.0,9056740,yfinance,False
2023-09-07,46.71234893798828,57.29999923706055,57.75,57.099998474121094,57.650001525878906,14755000,yfinance,False
2023-09-11,46.997676849365234,57.650001525878906,57.900001525878906,56.849998474121094,56.95000076293945,18224467,yfinance,False
2023-09-12,47.242244720458984,57.95000076293945,58.349998474121094,57.5,57.650001525878906,12161641,yfinance,False
2023-09-13,48.098228454589844,59.0,59.20000076293945,58.45000076293945,58.70000076293945,18229949,yfinance,False
2023-09-14,48.709651947021484,59.75,60.29999923706055,59.650001525878906,59.70000076293945,21058231,yfinance,False
2023-09-15,49.60639190673828,60.849998474121094,61.25,60.400001525878906,60.849998474121094,24158736,yfinance,False
2023-09-18,49.52487564086914,60.75,60.95000076293945,59.849998474121094,60.150001525878906,14648363,yfinance,False
2023-09-19,49.48411560058594,60.70000076293945,60.75,60.20000076293945,60.70000076293945,9428702,yfinance,False
2023-09-20,49.810203552246094,61.099998474121094,61.29999923706055,60.599998474121094,60.849998474121094,12011457,yfinance,False
2023-09-21,49.565635681152344,60.79999923706055,61.0,60.54999923706055,60.70000076293945,10864491,yfinance,False
2023-09-22,50.054771423339844,61.400001525878906,61.45000076293945,60.900001525878906,60.900001525878906,14515122,yfinance,False
2023-09-25,49.76943588256836,61.04999923706055,61.29999923706055,60.900001525878906,61.20000076293945,12727154,yfinance,False
2023-09-26,49.23954772949219,60.400001525878906,61.150001525878906,60.150001525878906,60.70000076293945,11446244,yfinance,False
2023-09-27,49.60639190673828,60.849998474121094,61.099998474121094,60.54999923706055,60.75,11067915,yfinance,False
2023-09-28,49.402587890625,60.599998474121094,60.95000076293945,60.400001525878906,60.599998474121094,13270015,yfinance,False
2023-09-29,50.29933547973633,61.70000076293945,62.20000076293945,61.45000076293945,61.45000076293945,22185709,yfinance,False
2023-10-03,49.64715576171875,60.900001525878906,60.900001525878906,59.95000076293945,60.599998474121094,17629591,yfinance,False
2023-10-04,49.60639190673828,60.849998474121094,61.0,60.349998474121094,60.900001525878906,11660413,yfinance,False
2023-10-05,49.68791961669922,60.95000076293945,61.04999923706055,60.650001525878906,60.849998474121094,8374101,yfinance,False
2023-10-06,50.58466339111328,62.04999923706055,62.20000076293945,61.54999923706055,61.70000076293945,15669740,yfinance,False
2023-10-09,50.54390335083008,62.0,62.650001525878906,61.70000076293945,62.400001525878906,8766123,yfinance,False
2023-10-10,50.706947326660156,62.20000076293945,62.79999923706055,61.75,62.0,17611242,yfinance,False
2023-10-11,51.19608688354492,62.79999923706055,63.150001525878906,62.650001525878906,62.95000076293945,22109361,yfinance,False
2023-10-12,51.52217102050781,63.20000076293945,63.70000076293945,63.04999923706055,63.599998474121094,18785947,yfinance,False
2023-10-13,50.951515197753906,62.5,62.95000076293945,62.099998474121094,62.95000076293945,16410253,yfinance,False
2023-10-16,50.38085174560547,61.79999923706055,62.25,61.70000076293945,62.099998474121094,10515741,yfinance,False
2023-10-17,50.42162322998047,61.849998474121094,62.54999923706055,61.54999923706055,62.400001525878906,12092434,yfinance,False
2023-10-18,50.74770736694336,62.25,62.400001525878906,61.900001525878906,62.04999923706055,11305490,yfinance,False
2023-10-19,49.52487564086914,60.75,61.54999923706055,60.54999923706055,61.20000076293945,18903186,yfinance,False
2023-10-20,48.75040817260742,59.79999923706055,60.5,59.400001525878906,60.04999923706055,20125779,yfinance,False
2023-10-24,47.77213668823242,58.599998474121094,59.0,58.20000076293945,58.650001525878906,16859993,yfinance,False
2023-10-25,47.64986038208008,58.45000076293945,59.25,58.20000076293945,59.25,16606417,yfinance,False
2023-10-26,46.5493049621582,57.099998474121094,58.70000076293945,56.599998474121094,58.20000076293945,25151693,yfinance,False
2023-10-27,47.32376480102539,58.04999923706055,58.849998474121094,57.79999923706055,58.20000076293945,14679632,yfinance,False
2023-10-30,46.630821228027344,57.20000076293945,58.75,56.79999923706055,57.349998474121094,27716476,yfinance,False
2023-10-31,45.77484893798828,56.150001525878906,56.29999923706055,55.5,56.29999923706055,31013853,yfinance,False
2023-11-01,46.386260986328125,56.900001525878906,57.099998474121094,56.29999923706055,56.599998474121094,15357195,yfinance,False
2023-11-02,46.467777252197266,57.0,57.150001525878906,56.650001525878906,56.75,13553898,yfinance,False
2023-11-03,47.4460563659668,58.20000076293945,58.70000076293945,57.54999923706055,57.54999923706055,19685040,yfinance,False
2023-11-06,47.73136901855469,58.54999923706055,58.79999923706055,58.0,58.599998474121094,14725743,yfinance,False
2023-11-07,47.812904357910156,58.650001525878906,59.20000076293945,58.599998474121094,58.849998474121094,9599836,yfinance,False
2023-11-08,47.52757263183594,58.29999923706055,59.099998474121094,58.29999923706055,58.95000076293945,13438041,yfinance,False
2023-11-09,47.51127624511719,57.5,57.849998474121094,57.349998474121094,57.849998474121094,6722950,yfinance,False
2023-11-10,47.34601974487305,57.29999923706055,57.400001525878906,56.95000076293945,57.0,7946832,yfinance,False
2023-11-13,47.71784591674805,57.75,57.900001525878906,57.29999923706055,57.70000076293945,6965723,yfinance,False
2023-11-14,48.21361541748047,58.349998474121094,58.79999923706055,58.0,58.20000076293945,10246301,yfinance,False
2023-11-15,49.494361877441406,59.900001525878906,60.150001525878906,58.79999923706055,59.150001525878906,25082391,yfinance,False
2023-11-16,49.08121109008789,59.400001525878906,60.0,59.150001525878906,60.0,9045181,yfinance,False
2023-11-17,48.792015075683594,59.04999923706055,59.45000076293945,58.79999923706055,59.20000076293945,7644476,yfinance,False
2023-11-20,49.74224090576172,60.20000076293945,60.45000076293945,59.5,59.900001525878906,16866031,yfinance,False
2023-11-21,49.535667419433594,59.95000076293945,60.70000076293945,59.79999923706055,60.349998474121094,15554005,yfinance,False
2023-11-22,49.37041473388672,59.75,60.150001525878906,59.70000076293945,59.95000076293945,12191378,yfinance,False
2023-11-23,49.494361877441406,59.900001525878906,60.0,58.900001525878906,59.20000076293945,15937712,yfinance,False
2023-11-24,49.122535705566406,59.45000076293945,59.79999923706055,59.0,59.0,8027566,yfinance,False
2023-11-27,49.453041076660156,59.849998474121094,60.0,59.400001525878906,60.0,8173994,yfinance,False
2023-11-28,49.28778839111328,59.650001525878906,60.150001525878906,59.650001525878906,60.150001525878906,6150302,yfinance,False
2023-11-29,49.163848876953125,59.5,59.900001525878906,59.099998474121094,59.599998474121094,20137432,yfinance,False
2023-11-30,48.91596603393555,59.20000076293945,59.400001525878906,58.599998474121094,59.29999923706055,16677662,yfinance,False
2023-12-01,48.91596603393555,59.20000076293945,59.79999923706055,59.099998474121094,59.20000076293945,31106972,yfinance,False
2023-12-04,49.329097747802734,59.70000076293945,60.54999923706055,59.599998474121094,60.5,23403110,yfinance,False
2023-12-05,48.91596603393555,59.20000076293945,60.04999923706055,59.150001525878906,59.79999923706055,11738909,yfinance,False
2023-12-06,49.20515823364258,59.54999923706055,59.95000076293945,59.20000076293945,59.54999923706055,8571346,yfinance,False
2023-12-07,49.453041076660156,59.849998474121094,60.0,59.650001525878906,59.95000076293945,11192408,yfinance,False
2023-12-08,49.576988220214844,60.0,60.29999923706055,59.599998474121094,60.20000076293945,9904620,yfinance,False
2023-12-11,49.824867248535156,60.29999923706055,60.5,60.0,60.25,16117472,yfinance,False
2023-12-12,50.114070892333984,60.650001525878906,60.95000076293945,60.099998474121094,60.5,11979047,yfinance,False
2023-12-13,50.03144073486328,60.54999923706055,60.79999923706055,60.349998474121094,60.75,8482830,yfinance,False
2023-12-14,50.40327072143555,61.0,61.349998474121094,60.70000076293945,61.0,15025329,yfinance,False
2023-12-15,50.69246292114258,61.349998474121094,61.599998474121094,60.900001525878906,61.0,18382310,yfinance,False
2023-12-18,49.86618423461914,60.349998474121094,60.5,60.0,60.5,15270566,yfinance,False
2023-12-19,49.824867248535156,60.29999923706055,60.5,59.900001525878906,60.150001525878906,6039241,yfinance,False
2023-12-20,50.568519592285156,61.20000076293945,61.349998474121094,60.599998474121094,60.599998474121094,14560834,yfinance,False
2023-12-21,50.609840393066406,61.25,61.29999923706055,60.5,60.5,7873148,yfinance,False
2023-12-22,51.064292907714844,61.79999923706055,62.0,61.25,61.400001525878906,18340964,yfinance,False
2023-12-27,51.68400192260742,62.54999923706055,62.79999923706055,62.04999923706055,62.5,17552636,yfinance,False
2023-12-28,52.17977523803711,63.150001525878906,63.29999923706055,62.849998474121094,63.0,23679787,yfinance,False
2023-12-29,52.05583190917969,63.0,63.29999923706055,62.75,63.0,11249734,yfinance,False
2024-01-02,52.01451873779297,62.95000076293945,63.400001525878906,62.54999923706055,63.400001525878906,11300472,yfinance,False
2024-01-03,51.807945251464844,62.70000076293945,62.70000076293945,61.849998474121094,62.150001525878906,11954042,yfinance,False
2024-01-04,51.39480972290039,62.20000076293945,62.400001525878906,61.75,62.04999923706055,15352782,yfinance,False
2024-01-05,51.51874923706055,62.349998474121094,62.79999923706055,61.900001525878906,62.0,9448999,yfinance,False
2024-01-08,51.76663589477539,62.650001525878906,63.400001525878906,62.29999923706055,63.0,18366385,yfinance,False
2024-01-09,52.42766571044922,63.45000076293945,63.849998474121094,63.400001525878906,63.54999923706055,22773093,yfinance,False
2024-01-10,51.97321319580078,62.900001525878906,63.349998474121094,62.75,62.849998474121094,14047387,yfinance,False
2024-01-11,52.05583190917969,63.0,63.29999923706055,62.54999923706055,62.75,9479944,yfinance,False
2024-01-12,50.816410064697266,61.5,61.650001525878906,61.099998474121094,61.5,25360105,yfinance,False
2024-01-15,50.36195755004883,60.95000076293945,61.400001525878906,60.849998474121094,61.099998474121094,15966084,yfinance,False
2024-01-16,48.83332824707031,59.099998474121094,59.70000076293945,59.099998474121094,59.599998474121094,32140858,yfinance,False
2024-01-17,47.88310623168945,57.95000076293945,58.900001525878906,57.79999923706055,58.79999923706055,22319020,yfinance,False
2024-01-18,48.378868103027344,58.54999923706055,58.900001525878906,57.79999923706055,57.95000076293945,19560544,yfinance,False
2024-01-19,48.46150207519531,58.650001525878906,59.150001525878906,58.349998474121094,58.900001525878906,13658299,yfinance,False
2024-01-22,48.33756637573242,58.5,59.04999923706055,57.900001525878906,59.04999923706055,16322492,yfinance,False
2024-01-23,48.91596603393555,59.20000076293945,59.650001525878906,58.95000076293945,59.099998474121094,17567512,yfinance,False
2024-01-24,49.535667419433594,59.95000076293945,60.04999923706055,59.099998474121094,59.099998474121094,15688743,yfinance,False
2024-01-25,49.90750503540039,60.400001525878906,60.849998474121094,59.650001525878906,59.95000076293945,15648819,yfinance,False
2024-01-26,50.15538787841797,60.70000076293945,60.75,60.349998474121094,60.45000076293945,11265141,yfinance,False
2024-01-29,50.69246292114258,61.349998474121094,61.650001525878906,61.0,61.0,17498829,yfinance,False
2024-01-30,50.69246292114258,61.349998474121094,61.5,60.75,61.20000076293945,17307137,yfinance,False
2024-01-31,50.609840393066406,61.25,61.599998474121094,61.099998474121094,61.599998474121094,10601021,yfinance,False
2024-02-01,50.320640563964844,60.900001525878906,61.45000076293945,60.75,61.349998474121094,12401886,yfinance,False
2024-02-02,50.69246292114258,61.349998474121094,61.599998474121094,60.900001525878906,61.0,12338764,yfinance,False
2024-02-05,50.444580078125,61.04999923706055,61.349998474121094,60.45000076293945,60.70000076293945,13776855,yfinance,False
2024-02-06,50.981666564941406,61.70000076293945,61.849998474121094,60.75,60.900001525878906,18917095,yfinance,False
2024-02-07,51.35349655151367,62.150001525878906,62.54999923706055,61.79999923706055,62.0,18416220,yfinance,False
2024-02-08,50.94035720825195,61.650001525878906,62.20000076293945,61.45000076293945,62.0,14559381,yfinance,False
2024-02-09,50.69246292114258,61.349998474121094,61.400001525878906,60.650001525878906,61.04999923706055,8378605,yfinance,False
2024-02-14,50.238014221191406,60.79999923706055,60.95000076293945,59.70000076293945,59.900001525878906,13618634,yfinance,False
2024-02-15,50.69246292114258,61.349998474121094,61.599998474121094,60.54999923706055,60.599998474121094,10957515,yfinance,False
2024-02-16,51.18824005126953,61.95000076293945,62.20000076293945,61.54999923706055,61.75,15013494,yfinance,False
2024-02-19,51.56006622314453,62.400001525878906,62.75,62.349998474121094,62.5,25517362,yfinance,False
2024-02-20,51.76663589477539,62.650001525878906,62.849998474121094,62.45000076293945,62.599998474121094,16713234,yfinance,False
2024-02-21,49.78355407714844,60.25,63.45000076293945,60.04999923706055,63.349998474121094,71097052,yfinance,False
2024-02-22,49.24647903442383,59.599998474121094,59.75,58.599998474121094,58.75,49445320,yfinance,False
2024-02-23,48.957271575927734,59.25,59.45000076293945,58.79999923706055,58.95000076293945,34829496,yfinance,False
2024-02-26,49.329097747802734,59.70000076293945,59.75,59.29999923706055,59.5,24469894,yfinance,False
2024-02-27,49.28778839111328,59.650001525878906,59.650001525878906,59.25,59.400001525878906,25551648,yfinance,False
2024-02-28,49.37041473388672,59.75,60.599998474121094,59.75,59.900001525878906,36228955,yfinance,False
2024-02-29,49.78355407714844,60.25,60.849998474121094,60.150001525878906,60.150001525878906,25653195,yfinance,False
2024-03-01,50.568519592285156,61.20000076293945,61.349998474121094,60.70000076293945,60.849998474121094,30001079,yfinance,False
2024-03-04,50.114070892333984,60.650001525878906,60.95000076293945,60.5,60.849998474121094,32145143,yfinance,False
2024-03-05,49.61830139160156,60.04999923706055,60.95000076293945,59.900001525878906,60.45000076293945,25881330,yfinance,False
2024-03-06,49.990135192871094,60.5,60.95000076293945,60.29999923706055,60.54999923706055,27812425,yfinance,False
2024-03-07,50.357139587402344,58.5,59.099998474121094,58.5,58.75,16713725,yfinance,False
2024-03-08,50.615379333496094,58.79999923706055,59.25,58.79999923706055,58.900001525878906,15393017,yfinance,False
2024-03-11,50.2280158996582,58.349998474121094,58.75,58.29999923706055,58.599998474121094,15094282,yfinance,False
2024-03-12,50.57234191894531,58.75,58.900001525878906,58.099998474121094,58.20000076293945,24073029,yfinance,False
2024-03-13,51.0457878112793,59.29999923706055,59.79999923706055,58.900001525878906,58.900001525878906,17936453,yfinance,False
2024-03-14,50.8305778503418,59.04999923706055,59.45000076293945,59.0,59.20000076293945,9212019,yfinance,False
2024-03-15,50.400177001953125,58.54999923706055,58.75,58.20000076293945,58.650001525878906,15941514,yfinance,False
2024-03-18,51.30402374267578,59.599998474121094,59.70000076293945,59.20000076293945,59.349998474121094,18151375,yfinance,False
2024-03-19,51.21794509887695,59.5,59.650001525878906,59.349998474121094,59.599998474121094,12611322,yfinance,False
2024-03-20,51.30402374267578,59.599998474121094,59.849998474121094,59.599998474121094,59.79999923706055,10591308,yfinance,False
2024-03-21,52.423072814941406,60.900001525878906,61.099998474121094,60.150001525878906,60.150001525878906,32880101,yfinance,False
2024-03-22,52.46610641479492,60.95000076293945,61.45000076293945,60.5,61.20000076293945,23199039,yfinance,False
2024-03-25,52.68130874633789,61.20000076293945,61.599998474121094,61.04999923706055,61.29999923706055,17877422,yfinance,False
2024-03-26,53.154754638671875,61.75,62.0,61.54999923706055,61.54999923706055,23896222,yfinance,False
2024-03-27,52.59523391723633,61.099998474121094,61.79999923706055,61.099998474121094,61.599998474121094,25255202,yfinance,False
2024-03-28,52.63827133178711,61.150001525878906,61.599998474121094,60.95000076293945,61.099998474121094,11974126,yfinance,False
2024-04-02,53.283878326416016,61.900001525878906,62.349998474121094,61.400001525878906,61.400001525878906,28990927,yfinance,False
2024-04-03,52.85347366333008,61.400001525878906,61.400001525878906,61.04999923706055,61.349998474121094,16279531,yfinance,False
2024-04-05,54.015560150146484,62.75,63.0,62.54999923706055,62.849998474121094,34483646,yfinance,False
2024-04-08,54.40292739868164,63.20000076293945,63.5,63.0,63.150001525878906,26942787,yfinance,False
2024-04-09,55.0054817199707,63.900001525878906,64.1500015258789,63.650001525878906,63.79999923706055,23874492,yfinance,False
2024-04-10,55.780216217041016,64.80000305175781,65.0,63.900001525878906,64.0,31018719,yfinance,False
2024-04-11,55.823246002197266,64.8499984741211,65.0,64.5,65.0,21292507,yfinance,False
2024-04-12,54.91940689086914,63.79999923706055,63.900001525878906,63.0,63.79999923706055,24244587,yfinance,False
2024-04-15,54.96244430541992,63.849998474121094,63.900001525878906,63.099998474121094,63.349998474121094,14775461,yfinance,False
2024-04-16,53.71427917480469,62.400001525878906,63.099998474121094,62.20000076293945,62.849998474121094,26138092,yfinance,False
2024-04-17,53.499080657958984,62.150001525878906,62.150001525878906,61.70000076293945,61.79999923706055,16830313,yfinance,False
2024-04-18,53.92947769165039,62.650001525878906,62.79999923706055,61.79999923706055,62.150001525878906,17710630,yfinance,False
2024-04-19,53.2408332824707,61.849998474121094,62.04999923706055,61.25,61.95000076293945,27750546,yfinance,False
2024-04-22,54.57508850097656,63.400001525878906,63.54999923706055,62.849998474121094,63.099998474121094,27849271,yfinance,False
2024-04-23,55.306766510009766,64.25,64.69999694824219,64.0,64.55000305175781,30252026,yfinance,False
2024-04-24,55.69412612915039,64.69999694824219,64.9000015258789,64.5,64.8499984741211,30289113,yfinance,False
2024-04-25,55.73716735839844,64.75,64.9000015258789,64.25,64.44999694824219,19488176,yfinance,False
2024-04-26,55.90932846069336,64.94999694824219,65.0,64.5999984741211,64.80000305175781,24404160,yfinance,False
2024-04-29,56.42582321166992,65.55000305175781,65.5999984741211,64.9000015258789,65.05000305175781,31462055,yfinance,False
2024-04-30,57.67399597167969,67.0,67.05000305175781,65.19999694824219,65.4000015258789,39704597,yfinance,False
2024-05-02,59.61079025268555,69.25,69.25,67.94999694824219,68.0,43579704,yfinance,False
2024-05-03,59.69687271118164,69.3499984741211,69.44999694824219,69.05000305175781,69.4000015258789,19885139,yfinance,False
2024-05-06,59.56775665283203,69.19999694824219,69.44999694824219,68.80000305175781,69.3499984741211,22339805,yfinance,False
2024-05-07,59.998165130615234,69.69999694824219,69.8499984741211,69.05000305175781,69.4000015258789,28297946,yfinance,False
2024-05-08,60.55769348144531,70.3499984741211,70.69999694824219,69.80000305175781,70.0,49459810,yfinance,False
2024-05-09,60.352760314941406,67.69999694824219,68.55000305175781,67.5,68.0,53440647,yfinance,False
2024-05-10,60.620201110839844,68.0,68.19999694824219,67.25,67.69999694824219,35328064,yfinance,False
2024-05-13,60.7093505859375,68.0999984741211,68.0999984741211,67.5,67.8499984741211,16953835,yfinance,False
2024-05-14,61.467105865478516,68.94999694824219,69.25,68.1500015258789,68.19999694824219,25064742,yfinance,False
2024-05-16,62.49230194091797,70.0999984741211,70.0999984741211,69.0999984741211,69.3499984741211,36702753,yfinance,False
2024-05-17,61.11051940917969,68.55000305175781,69.0,67.8499984741211,69.0,36779017,yfinance,False
2024-05-20,61.377952575683594,68.8499984741211,69.25,68.4000015258789,68.55000305175781,18311487,yfinance,False
2024-05-21,61.15508270263672,68.5999984741211,69.0,68.30000305175781,68.5999984741211,13259025,yfinance,False
2024-05-22,61.957420349121094,69.5,69.5,68.94999694824219,69.25,19367138,yfinance,False
2024-05-23,61.51167678833008,69.0,69.30000305175781,68.75,68.9000015258789,12404031,yfinance,False
2024-05-24,61.065940856933594,68.5,69.0,68.1500015258789,68.6500015258789,14112421,yfinance,False
2024-05-27,61.42253494262695,68.9000015258789,69.3499984741211,68.80000305175781,69.0,11012694,yfinance,False
2024-05-28,61.42253494262695,68.9000015258789,69.1500015258789,68.55000305175781,68.9000015258789,11863527,yfinance,False
2024-05-29,61.065940856933594,68.5,68.6500015258789,68.1500015258789,68.5,13936381,yfinance,False
2024-05-30,60.75392150878906,68.1500015258789,68.44999694824219,67.5999984741211,68.30000305175781,21147727,yfinance,False
2024-05-31,61.199676513671875,68.6500015258789,69.0999984741211,68.44999694824219,68.75,13444621,yfinance,False
2024-06-03,61.64540100097656,69.1500015258789,69.80000305175781,69.1500015258789,69.3499984741211,14642150,yfinance,False
2024-06-04,61.065940856933594,68.5,69.5,68.5,69.25,12942557,yfinance,False
2024-06-05,60.7093505859375,68.0999984741211,69.0,67.80000305175781,68.69999694824219,17486418,yfinance,False
2024-06-06,61.065940856933594,68.5,68.75,68.19999694824219,68.19999694824219,15135605,yfinance,False
2024-06-07,61.28879928588867,68.75,69.19999694824219,68.6500015258789,69.0,25593633,yfinance,False
2024-06-11,61.065940856933594,68.5,68.8499984741211,68.05000305175781,68.5,19300273,yfinance,False
2024-06-12,60.75392150878906,68.1500015258789,68.1500015258789,66.9000015258789,67.44999694824219,21324484,yfinance,False
2024-06-13,60.53105545043945,67.9000015258789,68.1500015258789,67.4000015258789,68.0,13649626,yfinance,False
2024-06-14,59.862457275390625,67.1500015258789,67.6500015258789,66.8499984741211,67.25,15918209,yfinance,False
2024-06-17,60.263614654541016,67.5999984741211,68.0,66.8499984741211,67.1500015258789,12501801,yfinance,False
2024-06-18,60.575626373291016,67.94999694824219,68.30000305175781,67.44999694824219,67.5999984741211,12322662,yfinance,False
2024-06-19,61.11051940917969,68.55000305175781,68.8499984741211,67.69999694824219,68.30000305175781,17424979,yfinance,False
2024-06-20,61.065940856933594,68.5,68.9000015258789,68.19999694824219,68.5999984741211,11167283,yfinance,False
2024-06-21,60.75392150878906,68.1500015258789,68.6500015258789,67.9000015258789,68.5999984741211,16651890,yfinance,False
2024-06-24,60.48647689819336,67.8499984741211,67.9000015258789,67.19999694824219,67.80000305175781,19855470,yfinance,False
2024-06-25,60.97679901123047,68.4000015258789,68.5999984741211,67.94999694824219,68.4000015258789,17757619,yfinance,False
2024-06-26,60.88764953613281,68.30000305175781,68.69999694824219,67.94999694824219,67.94999694824219,14110286,yfinance,False
2024-06-27,60.88764953613281,68.30000305175781,68.30000305175781,67.55000305175781,67.80000305175781,15372794,yfinance,False
2024-06-28,60.88764953613281,68.30000305175781,68.75,67.9000015258789,68.19999694824219,13323685,yfinance,False
2024-07-02,60.843074798583984,68.25,68.69999694824219,68.0,68.0,19290655,yfinance,False
2024-07-03,60.75392150878906,68.1500015258789,68.8499984741211,68.1500015258789,68.5,14540763,yfinance,False
2024-07-04,61.377952575683594,68.8499984741211,69.25,68.1500015258789,68.1500015258789,18882109,yfinance,False
2024-07-05,60.441917419433594,67.80000305175781,69.25,67.75,69.25,23812581,yfinance,False
2024-07-08,59.81787872314453,67.0999984741211,67.80000305175781,66.69999694824219,67.80000305175781,30290715,yfinance,False
2024-07-09,59.505863189697266,66.75,67.3499984741211,66.4000015258789,67.1500015258789,27447629,yfinance,False
2024-07-10,59.28299331665039,66.5,67.05000305175781,66.4000015258789,66.5,14625523,yfinance,False
2024-07-11,59.95159912109375,67.25,67.55000305175781,66.9000015258789,67.1500015258789,11811664,yfinance,False
2024-07-12,60.53105545043945,67.9000015258789,68.05000305175781,67.44999694824219,67.55000305175781,17675651,yfinance,False
2024-07-15,60.17447280883789,67.5,67.8499984741211,67.05000305175781,67.8499984741211,10484128,yfinance,False
2024-07-16,59.81787872314453,67.0999984741211,67.4000015258789,67.0,67.0999984741211,12063903,yfinance,False
2024-07-17,59.907020568847656,67.19999694824219,67.5,67.0,67.0,9031967,yfinance,False
2024-07-18,60.441917419433594,67.80000305175781,68.19999694824219,67.4000015258789,67.4000015258789,11465970,yfinance,False
2024-07-19,59.14927291870117,66.3499984741211,67.30000305175781,66.25,67.30000305175781,22938967,yfinance,False
2024-07-22,59.81787872314453,67.0999984741211,67.19999694824219,66.05000305175781,66.3499984741211,11879329,yfinance,False
2024-07-23,59.55043029785156,66.80000305175781,67.44999694824219,66.75,67.19999694824219,11089428,yfinance,False
2024-07-24,59.416717529296875,66.6500015258789,67.1500015258789,66.30000305175781,67.1500015258789,11104661,yfinance,False
2024-07-25,58.837257385253906,66.0,66.94999694824219,65.8499984741211,66.6500015258789,13669321,yfinance,False
2024-07-26,59.060123443603516,66.25,66.44999694824219,65.80000305175781,66.19999694824219,11169474,yfinance,False
2024-07-29,59.99617385864258,67.30000305175781,67.5,66.75,66.8499984741211,14754837,yfinance,False
2024-07-30,59.59501266479492,66.8499984741211,67.0999984741211,66.0999984741211,66.80000305175781,19134790,yfinance,False
2024-07-31,62.35858154296875,69.94999694824219,69.94999694824219,67.5999984741211,67.5999984741211,56335320,yfinance,False
2024-08-01,60.843074798583984,68.25,70.0,68.05000305175781,70.0,33182376,yfinance,False
2024-08-02,58.614383697509766,65.75,66.05000305175781,65.19999694824219,65.80000305175781,52751180,yfinance,False
2024-08-05,55.31593322753906,62.04999923706055,63.849998474121094,61.150001525878906,63.849998474121094,78051535,yfinance,False
2024-08-06,55.98454284667969,62.79999923706055,63.5,62.5,63.0,28434786,yfinance,False
2024-08-07,56.2074089050293,63.04999923706055,63.349998474121094,62.400001525878906,62.75,21310804,yfinance,False
2024-08-08,56.02911376953125,62.849998474121094,63.150001525878906,62.29999923706055,63.0,20331304,yfinance,False
2024-08-09,57.009735107421875,63.95000076293945,64.44999694824219,63.45000076293945,63.45000076293945,22128125,yfinance,False
2024-08-12,57.36632537841797,64.3499984741211,64.5,63.900001525878906,64.0,14396811,yfinance,False
2024-08-13,57.45547103881836,64.44999694824219,64.6500015258789,64.1500015258789,64.5,8689897,yfinance,False
2024-08-14,57.81205749511719,64.8499984741211,65.05000305175781,64.5999984741211,64.9000015258789,10939047,yfinance,False
2024-08-15,58.289451599121094,64.5999984741211,64.80000305175781,63.849998474121094,64.19999694824219,14660551,yfinance,False
2024-08-16,59.55268859863281,66.0,66.0999984741211,65.3499984741211,65.4000015258789,20655114,yfinance,False
2024-08-19,59.77826690673828,66.25,66.55000305175781,65.9000015258789,66.25,10812337,yfinance,False
2024-08-20,60.1843147277832,66.69999694824219,67.0999984741211,66.5999984741211,66.8499984741211,15217398,yfinance,False
2024-08-21,59.73314666748047,66.19999694824219,66.25,65.5999984741211,66.0999984741211,8108865,yfinance,False
2024-08-22,60.2745361328125,66.80000305175781,66.80000305175781,66.25,66.80000305175781,8923564,yfinance,False
2024-08-23,60.31966018676758,66.8499984741211,67.0,66.44999694824219,66.6500015258789,8495221,yfinance,False
2024-08-26,60.770809173583984,67.3499984741211,67.69999694824219,67.25,67.30000305175781,12054977,yfinance,False
2024-08-27,61.35731506347656,68.0,68.0999984741211,67.44999694824219,67.5,16925486,yfinance,False
2024-08-28,61.44755172729492,68.0999984741211,68.55000305175781,68.0,68.25,16090245,yfinance,False
2024-08-29,61.5828971862793,68.25,68.3499984741211,67.5,68.0,16398847,yfinance,False
2024-08-30,61.89870071411133,68.5999984741211,68.94999694824219,67.80000305175781,68.0,24198425,yfinance,False
2024-09-02,61.673133850097656,68.3499984741211,68.3499984741211,67.80000305175781,67.80000305175781,17248746,yfinance,False
2024-09-03,61.312198638916016,67.94999694824219,68.5999984741211,67.8499984741211,68.25,7373698,yfinance,False
2024-09-04,60.5001220703125,67.05000305175781,67.30000305175781,66.5,67.25,18280522,yfinance,False
2024-09-05,60.90616226196289,67.5,67.55000305175781,66.94999694824219,67.44999694824219,12106503,yfinance,False
2024-09-09,60.5001220703125,67.05000305175781,67.05000305175781,66.4000015258789,66.44999694824219,18888242,yfinance,False
2024-09-10,60.90616226196289,67.5,67.75,67.25,67.30000305175781,16977154,yfinance,False
2024-09-11,60.04895782470703,66.55000305175781,66.80000305175781,65.75,66.44999694824219,22350902,yfinance,False
2024-09-12,60.409881591796875,66.94999694824219,67.19999694824219,66.19999694824219,66.30000305175781,13728293,yfinance,False
2024-09-13,60.72570037841797,67.30000305175781,67.80000305175781,67.0,67.3499984741211,12044509,yfinance,False
2024-09-16,60.68058395385742,67.25,67.30000305175781,66.80000305175781,67.0999984741211,12030207,yfinance,False
2024-09-17,61.49265670776367,68.1500015258789,68.25,67.25,67.4000015258789,19036822,yfinance,False
2024-09-19,61.85359191894531,68.55000305175781,68.9000015258789,67.94999694824219,68.0,22332114,yfinance,False
2024-09-20,62.214515686035156,68.94999694824219,69.4000015258789,68.80000305175781,68.8499984741211,29810317,yfinance,False
2024-09-23,62.214515686035156,68.94999694824219,69.44999694824219,68.5999984741211,68.5999984741211,20309425,yfinance,False
2024-09-24,63.252174377441406,70.0999984741211,70.0999984741211,69.6500015258789,69.9000015258789,54986765,yfinance,False
2024-09-25,63.071712493896484,69.9000015258789,70.69999694824219,69.55000305175781,70.5,30430898,yfinance,False
2024-09-26,63.161949157714844,70.0,70.05000305175781,69.1500015258789,69.4000015258789,34143710,yfinance,False
2024-09-27,63.70332336425781,70.5999984741211,70.8499984741211,70.0,70.19999694824219,45551531,yfinance,False
2024-09-30,63.56797790527344,70.44999694824219,71.0,69.94999694824219,70.44999694824219,36627980,yfinance,False
2024-10-02,63.02659225463867,69.8499984741211,69.9000015258789,68.5999984741211,69.3499984741211,44965355,yfinance,False
2024-10-03,62.62055587768555,69.4000015258789,70.0999984741211,69.1500015258789,69.8499984741211,28395539,yfinance,False
2024-10-04,63.161949157714844,70.0,70.0999984741211,69.19999694824219,69.4000015258789,25432846,yfinance,False
2024-10-07,63.47776412963867,70.3499984741211,71.0,70.0,70.30000305175781,28464373,yfinance,False
2024-10-08,61.76335144042969,68.44999694824219,70.69999694824219,68.1500015258789,70.55000305175781,49019519,yfinance,False
2024-10-09,61.176856994628906,67.80000305175781,68.80000305175781,67.4000015258789,68.30000305175781,40392267,yfinance,False
2024-10-10,61.49265670776367,68.1500015258789,68.75,67.9000015258789,67.9000015258789,25163109,yfinance,False
2024-10-14,61.537776947021484,68.19999694824219,68.75,67.6500015258789,68.44999694824219,18799525,yfinance,False
2024-10-15,60.99639129638672,67.5999984741211,68.5999984741211,67.3499984741211,68.30000305175781,25680354,yfinance,False
2024-10-16,61.08662033081055,67.69999694824219,68.1500015258789,67.5,67.55000305175781,14570282,yfinance,False
2024-10-17,61.312198638916016,67.94999694824219,68.5999984741211,67.5,68.1500015258789,13061223,yfinance,False
2024-10-18,61.988929748535156,68.69999694824219,69.1500015258789,68.4000015258789,68.4000015258789,19464178,yfinance,False
2024-10-21,61.8084716796875,68.5,68.8499984741211,68.25,68.5999984741211,12089540,yfinance,False
2024-10-22,61.5828971862793,68.25,68.5999984741211,67.94999694824219,68.19999694824219,9814428,yfinance,False
2024-10-23,62.07917022705078,68.80000305175781,69.0999984741211,68.44999694824219,68.5999984741211,12543650,yfinance,False
2024-10-24,62.03404235839844,68.75,68.80000305175781,68.1500015258789,68.69999694824219,8408504,yfinance,False
2024-10-25,62.1242790222168,68.8499984741211,69.1500015258789,68.44999694824219,68.69999694824219,6907348,yfinance,False
2024-10-28,62.30474853515625,69.05000305175781,69.1500015258789,68.5,68.75,7067319,yfinance,False
2024-10-29,64.60563659667969,71.5999984741211,71.5999984741211,69.5,69.69999694824219,53518755,yfinance,False
2024-10-30,64.83121490478516,71.8499984741211,72.30000305175781,71.1500015258789,72.0,29668622,yfinance,False
2024-10-31,65.05680084228516,72.0999984741211,72.30000305175781,71.4000015258789,71.5,31326048,yfinance,False
2024-11-01,64.60563659667969,71.5999984741211,71.9000015258789,71.3499984741211,71.5,12744884,yfinance,False
2024-11-04,64.92145538330078,71.94999694824219,72.0,71.3499984741211,71.4000015258789,10916486,yfinance,False
2024-11-05,65.3274917602539,72.4000015258789,72.4000015258789,71.75,72.0,13616661,yfinance,False
2024-11-06,65.28238677978516,72.3499984741211,72.5999984741211,71.44999694824219,72.44999694824219,27558695,yfinance,False
2024-11-07,65.99137878417969,72.3499984741211,72.5,71.4000015258789,71.5,21602026,yfinance,False
2024-11-08,65.12487030029297,71.4000015258789,72.30000305175781,71.4000015258789,72.19999694824219,13611484,yfinance,False
2024-11-11,64.21276092529297,70.4000015258789,70.4000015258789,69.30000305175781,69.44999694824219,19276724,yfinance,False
2024-11-12,63.34624099731445,69.44999694824219,70.3499984741211,69.3499984741211,70.0,18903390,yfinance,False
2024-11-13,63.34624099731445,69.44999694824219,69.55000305175781,68.69999694824219,69.0,15775499,yfinance,False
2024-11-14,63.0726203918457,69.1500015258789,69.9000015258789,69.1500015258789,69.3499984741211,13077120,yfinance,False
2024-11-15,63.57429122924805,69.69999694824219,70.0999984741211,69.44999694824219,69.69999694824219,11094803,yfinance,False
2024-11-18,64.34957885742188,70.55000305175781,71.05000305175781,70.25,70.8499984741211,15540237,yfinance,False
2024-11-19,65.3529052734375,71.6500015258789,71.6500015258789,71.0999984741211,71.4000015258789,14972878,yfinance,False
2024-11-20,65.26168823242188,71.55000305175781,71.55000305175781,71.05000305175781,71.25,8322727,yfinance,False
2024-11-21,65.0336685180664,71.30000305175781,71.6500015258789,71.1500015258789,71.5999984741211,7857831,yfinance,False
2024-11-22,64.98805236816406,71.25,71.75,70.80000305175781,71.5,12509160,yfinance,False
2024-11-25,64.85122680664062,71.0999984741211,71.44999694824219,70.80000305175781,71.1500015258789,13670620,yfinance,False
2024-11-26,65.26168823242188,71.55000305175781,71.5999984741211,71.19999694824219,71.4000015258789,9056114,yfinance,False
2024-11-27,65.67213439941406,72.0,72.1500015258789,71.44999694824219,71.69999694824219,12782030,yfinance,False
2024-11-28,65.76334381103516,72.0999984741211,72.19999694824219,71.69999694824219,72.0,9553098,yfinance,False
2024-11-29,66.12820434570312,72.5,72.69999694824219,71.94999694824219,72.0,13325456,yfinance,False
2024-12-02,66.17379760742188,72.55000305175781,72.80000305175781,72.3499984741211,72.80000305175781,8795497,yfinance,False
2024-12-03,67.0403060913086,73.5,73.5,72.4000015258789,72.4000015258789,18941374,yfinance,False
2024-12-04,67.13151550292969,73.5999984741211,73.69999694824219,73.0999984741211,73.19999694824219,10232457,yfinance,False
2024-12-05,67.2683334350586,73.75,73.75,73.05000305175781,73.30000305175781,7470677,yfinance,False
2024-12-06,67.99803161621094,74.55000305175781,74.69999694824219,73.80000305175781,74.0,26236720,yfinance,False
2024-12-09,67.77000427246094,74.30000305175781,74.44999694824219,73.25,73.5999984741211,17252778,yfinance,False
2024-12-10,67.67877960205078,74.19999694824219,74.80000305175781,74.05000305175781,74.55000305175781,18387826,yfinance,False
2024-12-11,67.86121368408203,74.4000015258789,74.69999694824219,74.05000305175781,74.4000015258789,10394553,yfinance,False
2024-12-12,68.31725311279297,74.9000015258789,74.9000015258789,74.4000015258789,74.8499984741211,10718800,yfinance,False
2024-12-13,68.04363250732422,74.5999984741211,74.80000305175781,74.25,74.80000305175781,13707966,yfinance,False
2024-12-16,68.40847778320312,75.0,75.0,74.55000305175781,74.80000305175781,10503034,yfinance,False
2024-12-17,68.59089660644531,75.19999694824219,75.19999694824219,74.5,74.5999984741211,11007564,yfinance,False
2024-12-18,68.40847778320312,75.0,75.25,74.5999984741211,74.80000305175781,8120910,yfinance,False
2024-12-19,67.81558990478516,74.3499984741211,74.80000305175781,74.0,74.05000305175781,15498438,yfinance,False
2024-12-20,67.58757781982422,74.0999984741211,74.9000015258789,74.0999984741211,74.3499984741211,11795582,yfinance,False
2024-12-23,68.36287689208984,74.94999694824219,75.1500015258789,74.0999984741211,74.0999984741211,11245825,yfinance,False
2024-12-24,68.49968719482422,75.0999984741211,75.0999984741211,75.0999984741211,75.0999984741211,0,yfinance,False
2024-12-27,68.63651275634766,75.25,75.55000305175781,74.80000305175781,75.5,11697634,yfinance,False
2024-12-30,69.04695892333984,75.69999694824219,75.9000015258789,75.3499984741211,75.5,13671375,yfinance,False
2024-12-31,69.13816833496094,75.80000305175781,75.80000305175781,75.80000305175781,75.80000305175781,0,yfinance,False
2025-01-02,69.04695892333984,75.69999694824219,75.8499984741211,74.6500015258789,75.80000305175781,15851617,yfinance,False
2025-01-03,68.40847778320312,75.0,75.75,74.9000015258789,75.30000305175781,11755463,yfinance,False
2025-01-06,68.91014862060547,75.55000305175781,75.6500015258789,75.1500015258789,75.5,12886461,yfinance,False
2025-01-07,68.68211364746094,75.30000305175781,75.9000015258789,74.9000015258789,75.5,18577225,yfinance,False
2025-01-08,69.27497863769531,75.94999694824219,75.94999694824219,74.75,75.30000305175781,18019505,yfinance,False
2025-01-09,68.95574188232422,75.5999984741211,76.19999694824219,75.5999984741211,75.9000015258789,12063607,yfinance,False
2025-01-10,69.77664947509766,76.5,76.5999984741211,76.25,76.5,22361611,yfinance,False
2025-01-13,68.68211364746094,75.30000305175781,76.0999984741211,74.8499984741211,76.0,14415841,yfinance,False
2025-01-14,69.27497863769531,75.94999694824219,75.94999694824219,75.4000015258789,75.44999694824219,12841705,yfinance,False
2025-01-15,69.32059478759766,76.0,76.0,75.3499984741211,75.75,11891439,yfinance,False
2025-01-16,70.55194091796875,77.3499984741211,77.5,76.25,76.94999694824219,23222162,yfinance,False
2025-01-17,70.77996826171875,77.5999984741211,78.0,77.30000305175781,77.75,12189547,yfinance,False
2025-01-20,71.46406555175781,78.3499984741211,78.4000015258789,77.69999694824219,78.0,14442370,yfinance,False
2025-01-21,71.92012023925781,78.8499984741211,79.0,78.55000305175781,78.80000305175781,12526437,yfinance,False
2025-01-22,72.28495788574219,79.25,79.3499984741211,78.8499984741211,79.0,13195031,yfinance,False
2025-01-23,71.7376937866211,78.6500015258789,79.25,78.30000305175781,78.9000015258789,12912877,yfinance,False
2025-01-24,72.87783813476562,79.9000015258789,80.0,79.30000305175781,79.55000305175781,21067554,yfinance,False
2025-01-27,72.46737670898438,79.44999694824219,79.9000015258789,79.19999694824219,79.30000305175781,13218510,yfinance,False
2025-01-28,72.9234390258789,79.94999694824219,79.94999694824219,79.94999694824219,79.94999694824219,0,yfinance,False
2025-02-03,72.87783813476562,79.9000015258789,80.25,79.4000015258789,80.0,21017476,yfinance,False
2025-02-04,73.01466369628906,80.05000305175781,80.5,79.44999694824219,79.80000305175781,23544590,yfinance,False
2025-02-05,73.1514663696289,80.19999694824219,80.44999694824219,79.9000015258789,80.25,10753092,yfinance,False
2025-02-06,73.5619125366211,80.6500015258789,80.80000305175781,80.30000305175781,80.5,14946253,yfinance,False
2025-02-07,74.61083984375,81.80000305175781,81.94999694824219,81.0,81.19999694824219,25317199,yfinance,False
2025-02-10,75.34053802490234,82.5999984741211,82.5999984741211,82.0,82.19999694824219,24215871,yfinance,False
2025-02-11,76.4350814819336,83.80000305175781,83.80000305175781,83.0999984741211,83.3499984741211,24827354,yfinance,False
2025-02-12,77.0279541015625,84.44999694824219,84.80000305175781,84.05000305175781,84.4000015258789,31516140,yfinance,False
2025-02-13,77.39280700683594,84.8499984741211,85.4000015258789,84.75,85.05000305175781,38040116,yfinance,False
2025-02-14,77.07354736328125,84.5,85.30000305175781,84.19999694824219,85.19999694824219,30988448,yfinance,False
2025-02-17,77.98566436767578,85.5,85.5,84.0,85.0,31953730,yfinance,False
2025-02-18,79.53626251220703,87.19999694824219,87.19999694824219,86.0,86.1500015258789,35657488,yfinance,False
2025-02-19,80.63079833984375,88.4000015258789,88.80000305175781,86.69999694824219,87.75,40187102,yfinance,False
2025-02-20,79.49064636230469,87.1500015258789,87.69999694824219,86.5999984741211,87.5999984741211,19478888,yfinance,False
2025-02-21,79.08019256591797,86.69999694824219,87.19999694824219,86.44999694824219,86.5,20683604,yfinance,False
2025-02-24,78.2593002319336,85.80000305175781,86.8499984741211,84.9000015258789,86.69999694824219,32915133,yfinance,False
2025-02-25,79.44505310058594,87.0999984741211,87.4000015258789,86.05000305175781,86.05000305175781,18141190,yfinance,False
2025-02-26,80.95003509521484,88.75,89.30000305175781,88.0999984741211,88.94999694824219,27976258,yfinance,False
2025-02-27,81.54290771484375,89.4000015258789,89.5,88.8499984741211,89.0999984741211,27289916,yfinance,False
2025-02-28,81.40608215332031,89.25,89.8499984741211,88.80000305175781,89.3499984741211,22619169,yfinance,False
2025-03-03,83.23030853271484,91.25,92.0999984741211,91.1500015258789,91.5999984741211,34059748,yfinance,False
2025-03-04,83.96000671386719,92.05000305175781,92.5999984741211,91.55000305175781,92.1500015258789,34717901,yfinance,False
2025-03-05,83.82319641113281,91.9000015258789,91.94999694824219,90.3499984741211,91.9000015258789,31035361,yfinance,False
2025-03-06,84.6613540649414,90.0,90.1500015258789,89.0,89.69999694824219,31682508,yfinance,False
2025-03-07,82.73294067382812,87.94999694824219,88.94999694824219,87.94999694824219,88.69999694824219,37461271,yfinance,False
2025-03-10,82.82701873779297,88.05000305175781,88.9000015258789,87.80000305175781,88.0999984741211,25392044,yfinance,False
2025-03-11,80.14606475830078,85.19999694824219,86.30000305175781,84.55000305175781,85.3499984741211,32927567,yfinance,False
2025-03-12,80.00496673583984,85.05000305175781,85.1500015258789,83.94999694824219,84.25,27348802,yfinance,False
2025-03-13,80.56938171386719,85.6500015258789,86.3499984741211,85.05000305175781,85.5,16773803,yfinance,False
2025-03-14,80.38124084472656,85.44999694824219,86.0,84.94999694824219,85.6500015258789,19527983,yfinance,False
2025-03-17,82.45075225830078,87.6500015258789,88.30000305175781,87.25,87.25,20789698,yfinance,False
2025-03-18,83.7677001953125,89.05000305175781,89.25,88.55000305175781,88.55000305175781,18279111,yfinance,False
2025-03-19,84.4261703491211,89.75,90.0,89.55000305175781,90.0,18366668,yfinance,False
2025-03-20,84.47320556640625,89.80000305175781,90.44999694824219,89.80000305175781,90.0,18680778,yfinance,False
2025-03-21,83.3443832397461,88.5999984741211,89.0999984741211,88.44999694824219,88.55000305175781,17088782,yfinance,False
2025-03-24,83.90879821777344,89.19999694824219,89.19999694824219,88.5,88.5999984741211,10256298,yfinance,False
2025-03-25,82.96810150146484,88.19999694824219,88.9000015258789,88.19999694824219,88.69999694824219,11464264,yfinance,False
2025-03-26,84.19099426269531,89.5,89.8499984741211,89.0,89.80000305175781,11453325,yfinance,False
2025-03-27,84.09693145751953,89.4000015258789,90.30000305175781,89.4000015258789,89.5,21262648,yfinance,False
2025-03-28,84.14396667480469,89.44999694824219,90.1500015258789,89.05000305175781,90.0999984741211,11988204,yfinance,False
2025-03-31,82.92108917236328,88.1500015258789,89.0999984741211,87.9000015258789,88.30000305175781,13507844,yfinance,False
2025-04-01,83.48548126220703,88.75,89.1500015258789,88.05000305175781,88.3499984741211,10222759,yfinance,False
2025-04-02,82.77997589111328,88.0,88.94999694824219,88.0,88.44999694824219,9779227,yfinance,False
2025-04-03,80.99267578125,86.0999984741211,87.5,85.69999694824219,87.44999694824219,28052649,yfinance,False
2025-04-07,69.04602813720703,73.4000015258789,75.30000305175781,72.19999694824219,73.5,128340513,yfinance,False
2025-04-08,68.3875503540039,72.69999694824219,75.80000305175781,72.1500015258789,75.19999694824219,68246384,yfinance,False
2025-04-09,67.44686889648438,71.69999694824219,72.0,70.05000305175781,70.44999694824219,58444722,yfinance,False
2025-04-10,71.2095947265625,75.69999694824219,76.69999694824219,74.0,74.80000305175781,60984287,yfinance,False
2025-04-11,71.0214614868164,75.5,76.0,73.80000305175781,74.05000305175781,28325901,yfinance,False
2025-04-14,73.843505859375,78.5,78.5,77.0999984741211,77.19999694824219,25547017,yfinance,False
2025-04-15,74.1257095336914,78.80000305175781,79.0,78.3499984741211,79.0,15653353,yfinance,False
2025-04-16,74.83122253417969,79.55000305175781,80.30000305175781,78.8499984741211,79.6500015258789,22685876,yfinance,False
2025-04-17,76.007080078125,80.80000305175781,80.9000015258789,80.05000305175781,80.0999984741211,22247386,yfinance,False
2025-04-22,77.46511840820312,82.3499984741211,82.3499984741211,80.0999984741211,80.0999984741211,22003396,yfinance,False
2025-04-23,80.80455780029297,85.9000015258789,86.30000305175781,83.5,83.5,33409268,yfinance,False
2025-04-24,80.3342056274414,85.4000015258789,86.4000015258789,84.55000305175781,86.30000305175781,16529240,yfinance,False
2025-04-25,80.28717803955078,85.3499984741211,86.1500015258789,85.05000305175781,85.8499984741211,18200727,yfinance,False
2025-04-28,80.6634521484375,85.75,86.4000015258789,85.5999984741211,85.80000305175781,14467986,yfinance,False
2025-04-29,83.10920715332031,88.3499984741211,88.5999984741211,85.30000305175781,86.55000305175781,36056898,yfinance,False
2025-04-30,81.9333724975586,87.0999984741211,89.19999694824219,86.9000015258789,88.55000305175781,23899384,yfinance,False
2025-05-02,81.08674621582031,86.19999694824219,86.5999984741211,84.8499984741211,86.0,19542978,yfinance,False
2025-05-06,81.98039245605469,87.1500015258789,88.1500015258789,86.8499984741211,87.0999984741211,14481062,yfinance,False
2025-05-07,82.63888549804688,87.8499984741211,88.19999694824219,87.4000015258789,88.1500015258789,17158298,yfinance,False
2025-05-08,81.9592514038086,86.3499984741211,87.5999984741211,86.19999694824219,86.19999694824219,18530656,yfinance,False
2025-05-09,83.05079650878906,87.5,87.5999984741211,86.69999694824219,87.0999984741211,12042335,yfinance,False
2025-05-12,85.42366790771484,90.0,90.5999984741211,87.6500015258789,88.0,33752661,yfinance,False
2025-05-13,85.09146118164062,89.6500015258789,89.8499984741211,89.1500015258789,89.5,17137129,yfinance,False
2025-05-14,86.18299102783203,90.80000305175781,90.94999694824219,89.94999694824219,90.4000015258789,23987948,yfinance,False
2025-05-15,85.99315643310547,90.5999984741211,90.80000305175781,89.5,89.5,16199823,yfinance,False
2025-05-16,86.46773529052734,91.0999984741211,91.19999694824219,90.5,90.80000305175781,18235646,yfinance,False
2025-05-19,86.84739685058594,91.5,91.5,90.3499984741211,90.8499984741211,15112594,yfinance,False
2025-05-20,88.08129119873047,92.80000305175781,92.80000305175781,91.5,91.80000305175781,26316884,yfinance,False
2025-05-21,87.84400939941406,92.55000305175781,93.44999694824219,92.0999984741211,92.8499984741211,18516840,yfinance,False
2025-05-22,87.8914566040039,92.5999984741211,93.19999694824219,91.8499984741211,92.30000305175781,26336292,yfinance,False
2025-05-23,88.41349029541016,93.1500015258789,93.5,92.75,93.30000305175781,15041226,yfinance,False
2025-05-26,88.03382873535156,92.75,93.4000015258789,92.30000305175781,92.30000305175781,13750524,yfinance,False
2025-05-27,87.70162963867188,92.4000015258789,93.0999984741211,92.1500015258789,93.0,14437342,yfinance,False
2025-05-28,87.27450561523438,91.94999694824219,92.5999984741211,91.5,92.05000305175781,15137296,yfinance,False
2025-05-29,87.55925750732422,92.25,92.55000305175781,91.55000305175781,91.6500015258789,14124966,yfinance,False
2025-05-30,87.74908447265625,92.44999694824219,92.44999694824219,91.5999984741211,91.75,12369100,yfinance,False
2025-06-02,87.79654693603516,92.5,92.6500015258789,90.9000015258789,91.69999694824219,13354599,yfinance,False
2025-06-03,87.46434020996094,92.1500015258789,93.75,92.05000305175781,92.9000015258789,18695907,yfinance,False
2025-06-04,88.41349029541016,93.1500015258789,93.1500015258789,92.3499984741211,92.44999694824219,9826531,yfinance,False
2025-06-05,88.3185806274414,93.05000305175781,93.5,92.69999694824219,93.05000305175781,9923557,yfinance,False
2025-06-06,88.50840759277344,93.25,93.25,92.5999984741211,92.9000015258789,12806961,yfinance,False
2025-06-09,89.03044128417969,93.80000305175781,93.80000305175781,93.0999984741211,93.25,14592970,yfinance,False
2025-06-10,89.07789611816406,93.8499984741211,94.5,93.3499984741211,93.9000015258789,13334320,yfinance,False
2025-06-11,88.55587005615234,93.30000305175781,93.9000015258789,93.0999984741211,93.1500015258789,15503955,yfinance,False
2025-06-12,87.84400939941406,92.55000305175781,93.3499984741211,92.5,93.0999984741211,14256583,yfinance,False
2025-06-13,87.55925750732422,92.25,93.3499984741211,91.3499984741211,92.69999694824219,20495138,yfinance,False
2025-06-16,88.03382873535156,92.75,93.0,91.3499984741211,91.80000305175781,13500937,yfinance,False
2025-06-17,87.41688537597656,92.0999984741211,92.9000015258789,91.8499984741211,92.9000015258789,9675373,yfinance,False
2025-06-18,87.13214111328125,91.80000305175781,92.1500015258789,91.4000015258789,91.5,11095459,yfinance,False
2025-06-19,86.5626449584961,91.19999694824219,92.3499984741211,91.0,91.75,11714163,yfinance,False
2025-06-20,87.55925750732422,92.25,92.3499984741211,91.05000305175781,91.05000305175781,11784876,yfinance,False
2025-06-23,87.13214111328125,91.80000305175781,92.0,91.05000305175781,91.44999694824219,11873908,yfinance,False
2025-06-24,89.315185546875,94.0999984741211,94.5,91.9000015258789,91.94999694824219,29990019,yfinance,False
2025-06-25,90.73892211914062,95.5999984741211,96.80000305175781,94.44999694824219,94.5,36558811,yfinance,False
2025-06-26,90.54907989501953,95.4000015258789,95.9000015258789,95.19999694824219,95.19999694824219,10230801,yfinance,False
2025-06-27,90.16942596435547,95.0,95.25,94.5,95.0999984741211,14778679,yfinance,False
2025-06-30,90.12196350097656,94.94999694824219,96.19999694824219,94.75,95.0,12569111,yfinance,False
2025-07-02,90.40670776367188,95.25,95.4000015258789,94.30000305175781,94.55000305175781,11853028,yfinance,False
2025-07-03,90.02704620361328,94.8499984741211,95.19999694824219,94.4000015258789,95.0,6747352,yfinance,False
2025-07-04,89.97959899902344,94.80000305175781,95.0999984741211,94.30000305175781,95.05000305175781,8201986,yfinance,False
2025-07-07,90.40670776367188,95.25,95.5,94.6500015258789,94.80000305175781,10977288,yfinance,False
2025-07-08,91.35586547851562,96.25,96.25,95.4000015258789,95.5,11683595,yfinance,False
2025-07-09,91.78297424316406,96.69999694824219,96.69999694824219,95.44999694824219,96.0,16170576,yfinance,False
2025-07-10,92.11518859863281,97.05000305175781,97.25,96.5999984741211,96.75,11785206,yfinance,False
2025-07-11,92.11518859863281,97.05000305175781,98.55000305175781,97.0,97.4000015258789,18147678,yfinance,False
2025-07-14,91.68806457519531,96.5999984741211,97.0,95.9000015258789,95.9000015258789,12074680,yfinance,False
2025-07-15,92.68467712402344,97.6500015258789,98.0,97.05000305175781,97.30000305175781,11213353,yfinance,False
2025-07-16,92.25755310058594,97.19999694824219,98.3499984741211,96.75,96.9000015258789,15036067,yfinance,False
2025-07-17,92.68467712402344,97.6500015258789,98.1500015258789,97.5,97.69999694824219,9256646,yfinance,False
2025-07-18,93.15925598144531,98.1500015258789,98.55000305175781,97.9000015258789,98.5,9850347,yfinance,False
2025-07-21,93.44400024414062,98.44999694824219,98.75,97.80000305175781,98.0,9574689,yfinance,False
2025-07-22,94.63043212890625,99.69999694824219,100.0,99.1500015258789,99.25,22106011,yfinance,False
2025-07-23,94.9151840209961,100.0,100.0,99.30000305175781,100.0,16360291,yfinance,False
2025-07-24,97.00330352783203,102.19999694824219,102.30000305175781,100.30000305175781,100.80000305175781,33187425,yfinance,False
2025-07-25,95.86432647705078,101.0,102.0,100.69999694824219,101.4000015258789,14535176,yfinance,False
2025-07-28,95.9592514038086,101.0999984741211,101.30000305175781,100.30000305175781,101.0,14686159,yfinance,False
2025-07-29,95.67451477050781,100.80000305175781,100.80000305175781,99.8499984741211,100.80000305175781,14862211,yfinance,False
2025-07-30,92.02027130126953,96.94999694824219,101.5999984741211,96.19999694824219,101.4000015258789,56520842,yfinance,False
2025-07-31,91.26094818115234,96.1500015258789,96.44999694824219,94.30000305175781,95.6500015258789,34503819,yfinance,False
2025-08-01,90.40670776367188,95.25,95.94999694824219,95.0,95.5,19756441,yfinance,False
2025-08-04,91.49823760986328,96.4000015258789,96.4000015258789,95.30000305175781,95.5999984741211,16028330,yfinance,False
2025-08-05,91.4033203125,96.30000305175781,96.80000305175781,95.80000305175781,96.4000015258789,13480211,yfinance,False
2025-08-06,92.0677261352539,97.0,97.30000305175781,96.3499984741211,96.5,13772041,yfinance,False
2025-08-07,93.82366180419922,98.8499984741211,99.0,97.4000015258789,97.4000015258789,15267224,yfinance,False
2025-08-08,93.20670318603516,98.19999694824219,98.44999694824219,97.55000305175781,98.4000015258789,12885779,yfinance,False
2025-08-11,94.86771392822266,99.94999694824219,99.94999694824219,99.0,99.0,13584184,yfinance,False
2025-08-12,95.10501098632812,100.19999694824219,100.4000015258789,99.5999984741211,99.8499984741211,11004355,yfinance,False
2025-08-13,96.33891296386719,101.5,102.30000305175781,101.0,101.0,21987350,yfinance,False
2025-08-14,96.03062438964844,100.4000015258789,100.9000015258789,99.80000305175781,100.9000015258789,14076706,yfinance,False
2025-08-15,95.93496704101562,100.30000305175781,101.0999984741211,99.5999984741211,101.0,16326150,yfinance,False
2025-08-18,94.16548156738281,98.44999694824219,99.94999694824219,98.44999694824219,99.8499984741211,17001072,yfinance,False
2025-08-19,94.73937225341797,99.05000305175781,99.4000015258789,98.44999694824219,99.0,12049108,yfinance,False
2025-08-20,95.16978454589844,99.5,99.5999984741211,98.55000305175781,99.0999984741211,9352354,yfinance,False
2025-08-21,96.50885772705078,100.9000015258789,101.4000015258789,100.19999694824219,101.0999984741211,19558846,yfinance,False
2025-08-22,96.8914566040039,101.30000305175781,101.4000015258789,100.69999694824219,101.0,14975835,yfinance,False
2025-08-25,97.08274841308594,101.5,102.0999984741211,101.30000305175781,101.80000305175781,14346189,yfinance,False
2025-08-26,95.83931732177734,100.19999694824219,101.5999984741211,100.0,101.0999984741211,12303465,yfinance,False
2025-08-27,95.74366760253906,100.0999984741211,101.0,100.0999984741211,100.9000015258789,14979114,yfinance,False
2025-08-28,96.22191619873047,100.5999984741211,100.69999694824219,99.6500015258789,99.9000015258789,14584101,yfinance,False
2025-08-29,95.4089126586914,99.75,100.80000305175781,99.4000015258789,100.30000305175781,16072520,yfinance,False
2025-09-01,95.64802551269531,100.0,100.5,99.5999984741211,99.75,10280357,yfinance,False
2025-09-02,95.4089126586914,99.75,100.80000305175781,99.69999694824219,100.30000305175781,11792675,yfinance,False
2025-09-03,94.83502197265625,99.1500015258789,100.30000305175781,98.75,99.5999984741211,15814228,yfinance,False
2025-09-04,95.26544189453125,99.5999984741211,100.4000015258789,99.3499984741211,100.0,13580907,yfinance,False
2025-09-05,97.6566390991211,102.0999984741211,102.0999984741211,100.30000305175781,100.5,28230410,yfinance,False
2025-09-08,97.2740478515625,101.69999694824219,101.9000015258789,100.9000015258789,101.9000015258789,12378408,yfinance,False
2025-09-09,97.94358825683594,102.4000015258789,102.5,101.69999694824219,102.0,14972324,yfinance,False
2025-09-10,99.85653686523438,104.4000015258789,104.4000015258789,102.30000305175781,102.5,27375943,yfinance,False
2025-09-11,100.52607727050781,105.0999984741211,105.4000015258789,104.5,104.69999694824219,20690414,yfinance,False
2025-09-12,101.6738510131836,106.30000305175781,106.9000015258789,106.0999984741211,106.5999984741211,17203881,yfinance,False
2025-09-15,101.86515045166016,106.5,106.80000305175781,105.30000305175781,105.30000305175781,13004430,yfinance,False
2025-09-16,102.53467559814453,107.19999694824219,107.5999984741211,106.5,106.80000305175781,12544056,yfinance,False
2025-09-17,101.9607925415039,106.5999984741211,107.0,106.4000015258789,106.5,12530146,yfinance,False
2025-09-18,102.53467559814453,107.19999694824219,107.69999694824219,106.69999694824219,106.80000305175781,13691230,yfinance,False
2025-09-19,102.152099609375,106.80000305175781,107.19999694824219,106.19999694824219,107.19999694824219,11019438,yfinance,False
2025-09-22,102.53467559814453,107.19999694824219,107.30000305175781,106.4000015258789,106.80000305175781,10942322,yfinance,False
2025-09-23,103.8737564086914,108.5999984741211,108.5999984741211,107.5999984741211,107.9000015258789,13637949,yfinance,False
2025-09-24,102.82162475585938,107.5,108.5999984741211,106.9000015258789,108.0,14777645,yfinance,False
2025-09-25,102.43903350830078,107.0999984741211,107.9000015258789,106.30000305175781,107.9000015258789,12505892,yfinance,False
2025-09-26,102.05644226074219,106.69999694824219,106.80000305175781,105.5,105.9000015258789,14572995,yfinance,False
2025-09-29,104.06505584716797,108.80000305175781,109.0,107.9000015258789,108.0,20795349,yfinance,False
2025-09-30,104.63894653320312,109.4000015258789,109.4000015258789,107.9000015258789,107.9000015258789,10386451,yfinance,False
2025-10-02,105.97801208496094,110.80000305175781,110.80000305175781,109.69999694824219,110.0,14287215,yfinance,False
2025-10-03,105.11717987060547,109.9000015258789,110.0999984741211,109.0,109.5,9743604,yfinance,False
2025-10-06,106.07366180419922,110.9000015258789,112.19999694824219,110.69999694824219,111.0999984741211,15257276,yfinance,False
2025-10-08,105.78671264648438,110.5999984741211,110.5999984741211,109.19999694824219,109.80000305175781,10546369,yfinance,False
2025-10-09,99.47395324707031,104.0,108.0,102.5,107.5,92919887,yfinance,False
2025-10-10,98.9957046508789,103.5,103.80000305175781,102.0999984741211,103.5999984741211,36090348,yfinance,False
2025-10-13,98.13487243652344,102.5999984741211,102.5999984741211,100.4000015258789,101.0,35129469,yfinance,False
2025-10-14,97.46533203125,101.9000015258789,103.30000305175781,101.0,103.0,24066211,yfinance,False
2025-10-15,98.9957046508789,103.5,103.9000015258789,103.0999984741211,103.0999984741211,16340175,yfinance,False
2025-10-16,98.42182159423828,102.9000015258789,103.0,101.69999694824219,103.0,20032905,yfinance,False
2025-10-17,96.50885772705078,100.9000015258789,102.5,100.5,102.0999984741211,25380495,yfinance,False
2025-10-20,97.6566390991211,102.0999984741211,102.5999984741211,101.69999694824219,102.0,14257592,yfinance,False
2025-10-21,97.94358825683594,102.4000015258789,103.4000015258789,101.80000305175781,102.0,17638573,yfinance,False
2025-10-22,98.03923034667969,102.5,103.19999694824219,102.19999694824219,102.19999694824219,9717663,yfinance,False
2025-10-23,98.23051452636719,102.69999694824219,103.19999694824219,102.4000015258789,102.5999984741211,7515170,yfinance,False
2025-10-24,98.61310577392578,103.0999984741211,103.69999694824219,102.5,102.5999984741211,12264938,yfinance,False
2025-10-27,97.56098937988281,102.0,103.80000305175781,101.19999694824219,103.80000305175781,22950060,yfinance,False
2025-10-28,101.86515045166016,106.5,106.5,102.69999694824219,103.19999694824219,30318072,yfinance,False
2025-10-30,103.29986572265625,108.0,109.80000305175781,107.5,109.5999984741211,23739703,yfinance,False
2025-10-31,103.39551544189453,108.0999984741211,109.0,107.80000305175781,108.69999694824219,10578102,yfinance,False
2025-11-03,103.5868148803711,108.30000305175781,108.80000305175781,107.5999984741211,108.0999984741211,6430188,yfinance,False
2025-11-04,103.29986572265625,108.0,109.4000015258789,108.0,108.5,9496069,yfinance,False
2025-11-05,103.49115753173828,108.19999694824219,108.19999694824219,107.0,108.0,10200607,yfinance,False
2025-11-06,106.64893341064453,110.69999694824219,110.69999694824219,108.80000305175781,109.0,19883780,yfinance,False
2025-11-07,105.97455596923828,110.0,110.69999694824219,109.5999984741211,110.4000015258789,9251490,yfinance,False
2025-11-10,106.45626831054688,110.5,111.0,109.5,110.0,8965474,yfinance,False
2025-11-11,108.28673553466797,112.4000015258789,113.0,111.4000015258789,111.4000015258789,14732300,yfinance,False
2025-11-12,109.34647369384766,113.5,114.30000305175781,112.4000015258789,112.4000015258789,14317119,yfinance,False
2025-11-13,110.11719512939453,114.30000305175781,114.80000305175781,113.5,113.80000305175781,13596262,yfinance,False
2025-11-14,108.76844024658203,112.9000015258789,114.19999694824219,112.9000015258789,113.30000305175781,9511429,yfinance,False
2025-11-17,107.99771118164062,112.0999984741211,112.4000015258789,111.4000015258789,112.0,8779723,yfinance,False
2025-11-18,105.58919525146484,109.5999984741211,111.0,108.80000305175781,111.0,14883339,yfinance,False
2025-11-19,103.85506439208984,107.80000305175781,109.0999984741211,107.69999694824219,108.4000015258789,12267840,yfinance,False
2025-11-20,103.66238403320312,107.5999984741211,108.9000015258789,107.4000015258789,108.0,9430635,yfinance,False
2025-11-21,101.25386810302734,105.0999984741211,106.5999984741211,105.0,106.0,13752751,yfinance,False
2025-11-24,103.37336730957031,107.30000305175781,107.5999984741211,106.19999694824219,106.9000015258789,12057743,yfinance,False
2025-11-25,102.89166259765625,106.80000305175781,107.69999694824219,106.0999984741211,107.30000305175781,10642240,yfinance,False
2025-11-26,103.66238403320312,107.5999984741211,108.19999694824219,106.80000305175781,107.5999984741211,10128177,yfinance,False
2025-11-27,105.01114654541016,109.0,109.19999694824219,107.80000305175781,109.0,16714313,yfinance,False
2025-11-28,105.30018615722656,109.30000305175781,109.30000305175781,108.5,109.0,6108819,yfinance,False
2025-12-01,106.45626831054688,110.5,111.30000305175781,109.30000305175781,109.30000305175781,9127025,yfinance,False
2025-12-02,106.9379653930664,111.0,111.69999694824219,110.30000305175781,110.5,7973452,yfinance,False
2025-12-03,107.1306381225586,111.19999694824219,111.4000015258789,110.5999984741211,111.4000015258789,10933998,yfinance,False
2025-12-04,107.41966247558594,111.5,111.5,110.30000305175781,111.0999984741211,8153363,yfinance,False
2025-12-05,106.9379653930664,111.0,111.5999984741211,110.69999694824219,111.19999694824219,21391217,yfinance,False
2025-12-08,105.10749053955078,109.0999984741211,110.5999984741211,108.5999984741211,110.0,19058791,yfinance,False
2025-12-09,105.49285125732422,109.5,110.30000305175781,109.19999694824219,109.69999694824219,11079729,yfinance,False
2025-12-10,107.61235046386719,111.69999694824219,111.69999694824219,108.69999694824219,110.0,15672710,yfinance,False
2025-12-11,109.82817077636719,114.0,115.30000305175781,113.69999694824219,114.4000015258789,21622514,yfinance,False
2025-12-12,113.00741577148438,117.30000305175781,117.9000015258789,116.0,116.0999984741211,33397964,yfinance,False
2025-12-15,111.94766235351562,116.19999694824219,116.69999694824219,115.5999984741211,116.4000015258789,11925266,yfinance,False
2025-12-16,111.94766235351562,116.19999694824219,116.5,115.19999694824219,116.30000305175781,8579394,yfinance,False
2025-12-17,113.2000961303711,117.5,117.5,115.4000015258789,115.69999694824219,9505813,yfinance,False
2025-12-18,114.3561782836914,118.69999694824219,118.80000305175781,117.5,118.0999984741211,12554309,yfinance,False
2025-12-19,114.93421936035156,119.30000305175781,119.80000305175781,118.5999984741211,118.80000305175781,13434142,yfinance,False
2025-12-22,116.86103820800781,121.30000305175781,121.5999984741211,120.30000305175781,120.5,19346571,yfinance,False
2025-12-23,117.82444763183594,122.30000305175781,122.4000015258789,121.5999984741211,121.9000015258789,10892666,yfinance,False
2025-12-24,119.36589050292969,123.9000015258789,123.9000015258789,123.9000015258789,123.9000015258789,0,yfinance,False
2025-12-29,117.43907928466797,121.9000015258789,123.69999694824219,121.5,123.69999694824219,13132355,yfinance,False
2025-12-30,118.49882507324219,123.0,123.30000305175781,121.19999694824219,121.19999694824219,11747636,yfinance,False
2025-12-31,117.72809600830078,122.19999694824219,122.19999694824219,122.19999694824219,122.19999694824219,0,yfinance,False
2026-01-02,119.75125122070312,124.30000305175781,124.69999694824219,121.80000305175781,121.80000305175781,11545169,yfinance,False
2026-01-05,120.32929229736328,124.9000015258789,125.19999694824219,124.0999984741211,124.5999984741211,9171037,yfinance,False
2026-01-06,124.0865707397461,128.8000030517578,129.5,126.4000015258789,126.4000015258789,21686487,yfinance,False
2026-01-07,122.54512023925781,127.19999694824219,128.0,126.5,127.4000015258789,9809659,yfinance,False
2026-01-08,119.75125122070312,124.30000305175781,125.0,123.30000305175781,124.5,14152243,yfinance,False
2026-01-09,120.23295593261719,124.80000305175781,125.4000015258789,123.0,125.4000015258789,11800959,yfinance,False
2026-01-12,119.55856323242188,124.0999984741211,124.69999694824219,123.5,124.4000015258789,8758673,yfinance,False
2026-01-13,121.77440643310547,126.4000015258789,127.4000015258789,125.9000015258789,126.19999694824219,12174381,yfinance,False
2026-01-14,122.35244750976562,127.0,127.0999984741211,126.19999694824219,127.0,9036194,yfinance,False
2026-01-15,123.5085220336914,128.1999969482422,128.1999969482422,126.5999984741211,126.5999984741211,10374153,yfinance,False
2026-01-16,123.79755401611328,128.5,130.3000030517578,128.1999969482422,129.0,11375202,yfinance,False
2026-01-19,122.35244750976562,127.0,127.5,126.19999694824219,127.0,10059540,yfinance,False
2026-01-20,123.70120239257812,128.39999389648438,130.0,128.0,129.10000610351562,13402142,yfinance,False
2026-01-21,123.5085220336914,128.1999969482422,129.10000610351562,127.9000015258789,128.1999969482422,7138446,yfinance,False
2026-01-22,124.9536361694336,129.6999969482422,129.6999969482422,128.39999389648438,129.10000610351562,7970685,yfinance,False
2026-01-23,125.24266052246094,130.0,130.8000030517578,129.39999389648438,130.39999389648438,11454836,yfinance,False
2026-01-26,126.2060546875,131.0,131.0,130.0,130.0,11309536,yfinance,False
2026-01-27,129.57797241210938,134.5,134.89999389648438,131.8000030517578,132.0,20380297,yfinance,False
2026-01-28,132.46820068359375,137.5,138.8000030517578,137.10000610351562,137.5,23365990,yfinance,False
2026-01-29,132.56454467773438,137.60000610351562,138.6999969482422,135.10000610351562,135.10000610351562,14607498,yfinance,False
2026-01-30,131.60113525390625,136.60000610351562,138.1999969482422,136.39999389648438,137.60000610351562,11263295,yfinance,False
2026-02-02,129.77066040039062,134.6999969482422,136.5,133.1999969482422,135.8000030517578,16159218,yfinance,False
2026-02-03,133.81695556640625,138.89999389648438,139.0,137.3000030517578,138.6999969482422,19499165,yfinance,False
2026-02-04,133.91331481933594,139.0,139.3000030517578,137.8000030517578,138.5,10559866,yfinance,False
2026-02-05,133.43161010742188,138.5,139.0,136.5,139.0,15078576,yfinance,False
2026-02-06,129.86700439453125,134.8000030517578,135.39999389648438,133.10000610351562,134.8000030517578,18601846,yfinance,False
2026-02-09,134.20233154296875,139.3000030517578,139.5,138.10000610351562,138.89999389648438,16236415,yfinance,False
2026-02-10,135.1657257080078,140.3000030517578,141.5,139.1999969482422,140.5,12641156,yfinance,False
2026-02-11,134.68402099609375,139.8000030517578,139.89999389648438,138.60000610351562,139.6999969482422,7423588,yfinance,False
2026-02-12,134.39500427246094,139.5,139.5,138.39999389648438,139.0,6789124,yfinance,False
2026-02-13,130.73406982421875,135.6999969482422,137.0,135.60000610351562,135.60000610351562,14586816,yfinance,False
2026-02-16,129.48162841796875,134.39999389648438,134.39999389648438,134.39999389648438,134.39999389648438,0,yfinance,False
2026-02-20,129.38531494140625,134.3000030517578,135.3000030517578,133.6999969482422,135.0,10372959,yfinance,False
2026-02-23,130.92674255371094,135.89999389648438,136.39999389648438,134.89999389648438,135.0,13451321,yfinance,False
2026-02-24,130.3487091064453,135.3000030517578,135.6999969482422,133.0,134.3000030517578,15223740,yfinance,False
2026-02-25,137.47789001464844,142.6999969482422,142.6999969482422,133.8000030517578,135.89999389648438,44603757,yfinance,False
2026-02-26,139.69374084472656,145.0,148.0,144.5,146.8000030517578,30158366,yfinance,False
2026-02-27,141.90957641601562,147.3000030517578,147.8000030517578,145.8000030517578,146.8000030517578,18075411,yfinance,False
2026-03-02,134.58767700195312,139.6999969482422,144.39999389648438,139.6999969482422,142.5,30135411,yfinance,False
2026-03-03,130.83041381835938,135.8000030517578,141.0,135.8000030517578,140.39999389648438,22180267,yfinance,False
2026-03-04,126.01338958740234,130.8000030517578,133.1999969482422,129.5,133.0,35572176,yfinance,False
2026-03-05,128.9999237060547,133.89999389648438,137.5,133.0,134.6999969482422,26146424,yfinance,False
2026-03-06,130.2523651123047,135.1999969482422,135.39999389648438,132.10000610351562,133.39999389648438,40598641,yfinance,False
2026-03-09,125.14631652832031,129.89999389648438,130.89999389648438,127.4000015258789,128.39999389648438,59465930,yfinance,False
2026-03-10,130.92674255371094,135.89999389648438,135.89999389648438,133.0,133.3000030517578,20552580,yfinance,False
2026-03-11,128.13287353515625,133.0,135.60000610351562,133.0,135.0,15084104,yfinance,False
2026-03-12,127.56180572509766,128.89999389648438,130.8000030517578,128.10000610351562,129.6999969482422,14658068,yfinance,False
2026-03-13,121.2282485961914,122.5,126.4000015258789,122.5,125.80000305175781,35689160,yfinance,False
2026-03-16,123.00956726074219,124.30000305175781,125.4000015258789,119.19999694824219,119.19999694824219,21752570,yfinance,False
2026-03-17,123.50437927246094,124.80000305175781,126.19999694824219,124.5,125.0,11183283,yfinance,False
2026-03-18,126.57219696044922,127.9000015258789,128.39999389648438,125.0999984741211,126.5999984741211,11978057,yfinance,False
2026-03-19,122.71267700195312,124.0,125.69999694824219,123.80000305175781,124.80000305175781,16808610,yfinance,False
2026-03-20,123.20748901367188,124.5,124.5,122.5,123.9000015258789,21143449,yfinance,False
2026-03-23,117.6656265258789,118.9000015258789,120.5,118.5,120.0999984741211,34864925,yfinance,False
2026-03-24,122.31683349609375,123.5999984741211,123.5999984741211,120.80000305175781,123.5,19779772,yfinance,False
2026-03-25,123.70230102539062,125.0,125.19999694824219,123.4000015258789,124.4000015258789,19072875,yfinance,False
2026-03-26,123.50437927246094,124.80000305175781,125.80000305175781,123.5999984741211,125.5999984741211,12844795,yfinance,False
2026-03-27,123.50437927246094,124.80000305175781,125.4000015258789,123.80000305175781,124.80000305175781,10258490,yfinance,False
2026-03-30,122.31683349609375,123.5999984741211,123.5999984741211,121.30000305175781,122.69999694824219,17920263,yfinance,False
2026-03-31,124.4939956665039,125.80000305175781,125.80000305175781,123.30000305175781,124.80000305175781,13897520,yfinance,False
2026-04-01,128.94728088378906,130.3000030517578,131.10000610351562,128.5,129.1999969482422,25202839,yfinance,False
2026-04-02,128.650390625,130.0,131.3000030517578,128.10000610351562,131.3000030517578,17411159,yfinance,False
2026-04-08,137.16111755371094,138.60000610351562,139.3000030517578,136.0,138.10000610351562,40142380,yfinance,False
2026-04-09,137.45797729492188,138.89999389648438,139.8000030517578,137.0,138.8000030517578,18417735,yfinance,False
2026-04-10,138.2496795654297,139.6999969482422,140.5,139.10000610351562,139.60000610351562,16727101,yfinance,False
2026-04-13,137.35903930664062,138.8000030517578,139.0,137.1999969482422,138.5,15319683,yfinance,False
2026-04-14,139.53619384765625,141.0,141.5,140.10000610351562,141.0,18252258,yfinance,False
2026-04-15,139.93203735351562,141.39999389648438,142.6999969482422,141.3000030517578,142.3000030517578,13052754,yfinance,False
2026-04-16,140.8227081298828,142.3000030517578,142.5,141.0,141.3000030517578,10451552,yfinance,False
2026-04-17,140.031005859375,141.5,142.39999389648438,140.6999969482422,141.5,10001944,yfinance,False
2026-04-20,140.72372436523438,142.1999969482422,142.8000030517578,141.1999969482422,142.5,13863095,yfinance,False
2026-04-21,142.20814514160156,143.6999969482422,143.89999389648438,142.10000610351562,142.1999969482422,13859824,yfinance,False
2026-04-22,142.50503540039062,144.0,144.10000610351562,142.1999969482422,142.5,9399619,yfinance,False
2026-04-23,139.63516235351562,141.10000610351562,143.0,140.60000610351562,142.0,15795912,yfinance,False
2026-04-24,138.54656982421875,140.0,140.60000610351562,139.8000030517578,139.8000030517578,7627274,yfinance,False
2026-04-27,138.7445068359375,140.1999969482422,140.39999389648438,139.1999969482422,139.60000610351562,6235801,yfinance,False
2026-04-28,139.14035034179688,140.60000610351562,141.0,139.60000610351562,139.60000610351562,7774218,yfinance,False
2026-04-29,139.53619384765625,141.0,142.0,140.60000610351562,140.60000610351562,11924004,yfinance,False
2026-04-30,138.7445068359375,140.1999969482422,141.10000610351562,139.10000610351562,139.8000030517578,18699023,yfinance,False
2026-05-04,141.91127014160156,143.39999389648438,144.8000030517578,142.8000030517578,144.10000610351562,10396179,yfinance,False
2026-05-05,134.5880889892578,136.0,141.60000610351562,136.0,141.1999969482422,31713313,yfinance,False
2026-05-06,139.0413818359375,140.5,140.5,136.1999969482422,136.60000610351562,22396052,yfinance,False
2026-05-07,141.61439514160156,143.10000610351562,143.1999969482422,141.6999969482422,141.8000030517578,13291951,yfinance,False
2026-05-08,137.2600555419922,138.6999969482422,140.1999969482422,138.1999969482422,139.39999389648438,15750818,yfinance,False
2026-05-11,139.73411560058594,141.1999969482422,141.1999969482422,138.5,140.0,9073683,yfinance,False
2026-05-12,137.16111755371094,138.60000610351562,141.3000030517578,138.60000610351562,141.1999969482422,9948950,yfinance,False
2026-05-13,139.63516235351562,141.10000610351562,141.60000610351562,140.1999969482422,140.8000030517578,11585598,yfinance,False
2026-05-14,139.81744384765625,140.5,141.6999969482422,140.10000610351562,141.5,10046420,yfinance,False
2026-05-15,138.72279357910156,139.39999389648438,141.1999969482422,138.6999969482422,141.0,9189819,yfinance,False
2026-05-18,137.42910766601562,138.10000610351562,138.8000030517578,136.5,138.8000030517578,12750222,yfinance,False
2026-05-19,139.61842346191406,140.3000030517578,140.3000030517578,138.10000610351562,140.0,12110298,yfinance,False
2026-05-20,138.02618408203125,138.6999969482422,139.1999969482422,138.10000610351562,138.89999389648438,7692378,yfinance,False
2026-05-21,141.01161193847656,141.6999969482422,143.5,141.0,143.10000610351562,16979986,yfinance,False
2026-05-22,143.200927734375,143.89999389648438,144.0,142.60000610351562,143.1999969482422,18580283,yfinance,False
2026-05-26,144.79315185546875,145.5,145.5,143.5,144.39999389648438,19646590,yfinance,False
2026-05-27,145.8878173828125,146.60000610351562,146.8000030517578,145.0,145.5,14520391,yfinance,False
2026-05-28,144.59413146972656,145.3000030517578,147.0,143.1999969482422,146.8000030517578,17372582,yfinance,False
2026-05-29,144.39511108398438,145.10000610351562,145.6999969482422,143.60000610351562,145.1999969482422,13019970,yfinance,False
2026-06-01,145.5892791748047,146.3000030517578,146.5,144.89999389648438,145.6999969482422,11125038,yfinance,False
2026-06-02,146.48489379882812,147.1999969482422,147.1999969482422,142.6999969482422,144.8000030517578,17445189,yfinance,False
2026-06-03,146.1863555908203,146.89999389648438,148.8000030517578,146.3000030517578,147.8000030517578,13176862,yfinance,False
2026-06-04,145.68878173828125,146.39999389648438,146.89999389648438,144.5,145.8000030517578,11968429,yfinance,False
2026-06-05,141.1111297607422,141.8000030517578,144.5,141.1999969482422,143.8000030517578,29293119,yfinance,False
2026-06-08,141.60870361328125,142.3000030517578,142.5,139.39999389648438,140.60000610351562,15193347,yfinance,False
2026-06-09,141.40968322753906,142.10000610351562,143.3000030517578,140.8000030517578,142.3000030517578,11622898,yfinance,False
2026-06-10,134.64271545410156,135.3000030517578,139.1999969482422,133.60000610351562,138.1999969482422,35400697,yfinance,False
2026-06-11,137.82716369628906,138.5,139.10000610351562,133.5,134.60000610351562,17746424,yfinance,False
2026-06-12,142.1062774658203,142.8000030517578,142.8000030517578,140.6999969482422,140.89999389648438,14715851,yfinance,False
2026-06-15,145.09170532226562,145.8000030517578,146.6999969482422,143.39999389648438,144.8000030517578,19088018,yfinance,False
2026-06-16,145.2907257080078,146.0,146.0,144.0,145.0,10893438,yfinance,False
2026-06-17,147.281005859375,148.0,148.3000030517578,147.10000610351562,147.39999389648438,20033026,yfinance,False
2026-06-18,148.27615356445312,149.0,149.10000610351562,148.1999969482422,149.0,28019812,yfinance,False
2026-06-22,147.18148803710938,147.89999389648438,148.60000610351562,146.0,147.0,11432504,yfinance,False
2026-06-23,147.9776153564453,148.6999969482422,150.5,147.6999969482422,150.0,14752507,yfinance,False
2026-06-24,147.48004150390625,148.1999969482422,149.89999389648438,147.89999389648438,148.8000030517578,10676159,yfinance,False
2026-06-25,147.57955932617188,148.3000030517578,148.60000610351562,146.8000030517578,148.1999969482422,8637696,yfinance,False
2026-06-26,146.9824676513672,147.6999969482422,149.60000610351562,146.60000610351562,148.8000030517578,17958141,yfinance,False
2026-06-29,146.88296508789062,147.60000610351562,147.6999969482422,145.39999389648438,146.8000030517578,14007945,yfinance,False
2026-06-30,147.18148803710938,147.89999389648438,148.3000030517578,146.10000610351562,147.5,13123569,yfinance,False
2026-07-02,148.7737274169922,149.5,149.60000610351562,147.0,149.1999969482422,18641915,yfinance,False
2026-07-03,151.26158142089844,152.0,152.10000610351562,149.5,150.0,29828005,yfinance,False
2026-07-06,151.26158142089844,152.0,152.0,149.5,151.3000030517578,11329676,yfinance,False
2026-07-07,152.55526733398438,153.3000030517578,154.39999389648438,152.10000610351562,153.0,13801029,yfinance,False
2026-07-08,151.1620635986328,151.89999389648438,153.89999389648438,150.3000030517578,151.89999389648438,10812738,yfinance,False
2026-07-09,151.56011962890625,152.3000030517578,152.3000030517578,149.8000030517578,149.89999389648438,8992416,yfinance,False
2026-07-10,152.75428771972656,153.5,154.60000610351562,152.60000610351562,152.60000610351562,11223212,yfinance,False
2026-07-13,153.05284118652344,153.8000030517578,154.5,152.60000610351562,153.5,7632722,yfinance,False
2026-07-14,151.85867309570312,152.60000610351562,153.89999389648438,151.3000030517578,152.8000030517578,10672156,yfinance,False
2026-07-15,154.54554748535156,155.3000030517578,156.3000030517578,154.5,154.89999389648438,15259993,yfinance,False
2026-07-16,156.1377716064453,156.89999389648438,157.60000610351562,155.60000610351562,156.0,13900318,yfinance,False
2026-07-17,156.1377716064453,156.89999389648438,158.39999389648438,154.89999389648438,156.89999389648438,17653835,yfinance,False
2026-07-20,157.0334014892578,157.8000030517578,157.8000030517578,155.5,157.0,12386814,yfinance,False
2026-07-21,155.73971557617188,156.5,157.1999969482422,155.5,155.6999969482422,9738890,yfinance,False
2026-07-22,158.1280517578125,158.89999389648438,158.89999389648438,157.3000030517578,157.8000030517578,14270934,yfinance,False
2026-07-23,160.71542358398438,161.5,162.0,160.1999969482422,160.60000610351562,16595815,yfinance,False
2026-07-24,160.61590576171875,161.39999389648438,161.60000610351562,159.3000030517578,159.8000030517578,10606273,yfinance,False
2026-07-27,162.00912475585938,162.8000030517578,163.39999389648438,160.6999969482422,161.0,12937163,yfinance,False
2026-07-28,161.21299743652344,162.0,162.5,160.60000610351562,162.0,8011395,yfinance,False
2026-07-29,163.89988708496094,164.6999969482422,164.6999969482422,160.39999389648438,162.8000030517578,20520250,yfinance,False
2026-07-30,163.7008514404297,164.5,164.60000610351562,162.1999969482422,162.1999969482422,21285981,yfinance,False
2026-07-31,167.38287353515625,168.1999969482422,168.89999389648438,166.39999389648438,166.60000610351562,21451778,yfinance,False
2026-08-03,167.38287353515625,168.1999969482422,168.6999969482422,166.39999389648438,168.0,12417142,yfinance,False
2026-08-04,165.69114685058594,166.5,169.6999969482422,164.0,168.39999389648438,27429003,yfinance,False
2026-08-05,161.31251525878906,162.10000610351562,166.0,162.0,165.5,23150626,yfinance,False
2026-08-06,159.32223510742188,160.10000610351562,160.1999969482422,157.5,159.60000610351562,20372701,yfinance,False
2026-08-07,160.41688537597656,161.1999969482422,161.1999969482422,159.1999969482422,159.6999969482422,11750647,yfinance,False
2026-08-10,161.7105712890625,162.5,162.8000030517578,161.3000030517578,161.8000030517578,8270003,yfinance,False
2026-08-11,160.91445922851562,161.6999969482422,162.89999389648438,161.60000610351562,162.6999969482422,9756226,yfinance,False
2026-08-12,160.61590576171875,161.39999389648438,162.0,160.60000610351562,161.0,7210163,yfinance,False
2026-08-13,163.0,163.0,163.0,161.1999969482422,161.1999969482422,7977764,yfinance,False
2026-08-14,160.8000030517578,160.8000030517578,162.8000030517578,160.60000610351562,162.8000030517578,6724838,yfinance,False
2026-08-17,163.5,163.5,163.89999389648438,161.8000030517578,161.89999389648438,7607874,yfinance,False
2026-08-18,162.10000610351562,162.10000610351562,162.89999389648438,161.8000030517578,162.89999389648438,5696185,yfinance,False
2026-08-19,161.1999969482422,161.1999969482422,161.60000610351562,159.60000610351562,161.60000610351562,8430459,yfinance,False
2026-08-20,160.3000030517578,160.3000030517578,161.0,159.5,160.3000030517578,9506422,yfinance,False
2026-08-21,162.89999389648438,162.89999389648438,163.89999389648438,160.3000030517578,160.3000030517578,11360351,yfinance,False
2026-08-24,161.5,161.5,162.89999389648438,160.3000030517578,162.89999389648438,10625499,yfinance,False
2026-08-25,163.1999969482422,163.1999969482422,164.1999969482422,162.39999389648438,162.39999389648438,7585911,yfinance,False
2026-08-26,161.6999969482422,161.6999969482422,163.1999969482422,161.0,162.6999969482422,8201958,yfinance,False
2026-08-27,161.8000030517578,161.8000030517578,162.39999389648438,161.1999969482422,162.3000030517578,4651498,yfinance,False
2026-08-28,161.39999389648438,161.39999389648438,162.1999969482422,160.1999969482422,160.60000610351562,7128635,yfinance,False
2026-08-31,161.0,161.0,161.1999969482422,159.5,160.5,6579275,yfinance,False
2026-09-01,160.60000610351562,160.60000610351562,161.3000030517578,158.8000030517578,161.0,11434136,yfinance,False
2026-09-02,162.60000610351562,162.60000610351562,162.60000610351562,160.1999969482422,161.5,9489389,yfinance,False
2026-09-03,163.5,163.5,164.8000030517578,162.6999969482422,162.6999969482422,13990143,yfinance,False
2026-09-04,166.6999969482422,166.6999969482422,167.6999969482422,165.0,166.0,30851316,yfinance,False
2026-09-07,167.60000610351562,167.60000610351562,167.89999389648438,166.5,166.6999969482422,17178832,yfinance,False
2026-09-08,164.89999389648438,164.89999389648438,167.0,164.8000030517578,166.0,7225458,yfinance,False
2026-09-09,166.0,166.0,166.6999969482422,165.5,166.5,6256877,yfinance,False
2026-09-10,164.6999969482422,164.6999969482422,165.10000610351562,163.5,163.6999969482422,6179267,yfinance,False
2026-09-11,163.3000030517578,163.3000030517578,163.60000610351562,161.5,163.3000030517578,9758966,yfinance,False
2026-09-14,164.89999389648438,164.89999389648438,165.0,163.0,163.0,6722791,yfinance,False
2026-09-15,159.60000610351562,159.60000610351562,163.10000610351562,159.39999389648438,163.0,14661444,yfinance,False
2026-09-16,160.89999389648438,160.89999389648438,161.39999389648438,160.10000610351562,160.8000030517578,6192853,yfinance,False
2026-09-17,159.8000030517578,159.8000030517578,160.3000030517578,158.39999389648438,159.0,8154668,yfinance,False
2026-09-18,161.60000610351562,161.60000610351562,164.1999969482422,161.0,161.3000030517578,12240089,yfinance,False
2026-09-21,161.5,161.5,161.6999969482422,159.89999389648438,160.0,5788715,yfinance,False
2026-09-22,159.3000030517578,159.3000030517578,162.0,159.0,162.0,9724555,yfinance,False
2026-09-23,159.5,159.5,159.5,157.8000030517578,158.8000030517578,10286032,yfinance,False
2026-09-24,156.89999389648438,156.89999389648438,158.39999389648438,156.3000030517578,157.5,10699228,yfinance,False
2026-09-25,157.60000610351562,157.60000610351562,158.0,155.6999969482422,156.89999389648438,6560612,yfinance,False
2026-09-28,158.89999389648438,158.89999389648438,160.8000030517578,157.89999389648438,157.89999389648438,12819424,yfinance,False
2026-09-29,159.0,159.0,159.89999389648438,157.8000030517578,159.1999969482422,10730754,yfinance,False
2026-09-30,158.0,158.0,158.1999969482422,156.39999389648438,157.39999389648438,7997112,yfinance,False
2026-10-02,149.5,149.5,151.1999969482422,148.8000030517578,149.3000030517578,24964374,yfinance,False
2026-10-05,149.89999389648438,149.89999389648438,150.3000030517578,147.60000610351562,150.0,11889096,yfinance,False
2026-10-06,152.8000030517578,152.8000030517578,152.89999389648438,150.3000030517578,151.6999969482422,8138624,yfinance,False
2026-10-07,149.89999389648438,149.89999389648438,152.6999969482422,149.5,152.1999969482422,6295757,yfinance,False
2026-10-08,142.60000610351562,142.60000610351562,146.5,142.0,146.3000030517578,32302844,yfinance,False
