Date,Adj Close,Close,High,Low,Open,Volume,source,is_stale
2010-01-04,2.588346242904663,3.2200000286102295,3.259999990463257,3.140000104904175,3.180000066757202,3609000,yfinance,False
2010-01-05,2.7571520805358887,3.430000066757202,3.450000047683716,3.259999990463257,3.259999990463257,13559646,yfinance,False
2010-01-06,2.708921432495117,3.369999885559082,3.5,3.2899999618530273,3.450000047683716,5836795,yfinance,False
2010-01-07,2.644615411758423,3.2899999618530273,3.390000104904175,3.2699999809265137,3.380000114440918,4132464,yfinance,False
2010-01-08,2.6848068237304688,3.3399999141693115,3.390000104904175,3.2899999618530273,3.3299999237060547,3209000,yfinance,False
2010-01-11,2.692845106124878,3.3499999046325684,3.4000000953674316,3.319999933242798,3.359999895095825,3388103,yfinance,False
2010-01-12,2.660691261291504,3.309999942779541,3.369999885559082,3.2799999713897705,3.3499999046325684,7164000,yfinance,False
2010-01-13,2.5963847637176514,3.2300000190734863,3.359999895095825,3.0999999046325684,3.309999942779541,8893632,yfinance,False
2010-01-14,2.6044230461120605,3.240000009536743,3.2899999618530273,3.2300000190734863,3.2300000190734863,3314500,yfinance,False
2010-01-15,2.6365766525268555,3.2799999713897705,3.140000104904175,3.2200000286102295,3.2799999713897705,7990500,yfinance,False
2010-01-18,2.5481550693511963,3.1700000762939453,3.2200000286102295,3.0999999046325684,3.2200000286102295,9039739,yfinance,False
2010-01-19,2.5561931133270264,3.180000066757202,3.2200000286102295,3.1500000953674316,3.180000066757202,2231000,yfinance,False
2010-01-20,2.5642309188842773,3.190000057220459,3.240000009536743,3.1700000762939453,3.2100000381469727,5420079,yfinance,False
2010-01-21,2.6044230461120605,3.240000009536743,3.319999933242798,3.1700000762939453,3.180000066757202,5885000,yfinance,False
2010-01-22,2.5561931133270264,3.180000066757202,3.25,2.7899999618530273,3.200000047683716,14830600,yfinance,False
2010-01-25,2.5240399837493896,3.140000104904175,3.1600000858306885,3.059999942779541,3.1600000858306885,2296440,yfinance,False
2010-01-26,2.371311664581299,2.950000047683716,3.1600000858306885,2.8499999046325684,3.140000104904175,9390810,yfinance,False
2010-01-27,2.3150429725646973,2.880000114440918,3.0899999141693115,2.869999885559082,2.9800000190734863,6854000,yfinance,False
2010-01-28,2.4436564445495605,3.0399999618530273,3.049999952316284,2.930000066757202,2.9800000190734863,6820000,yfinance,False
2010-01-29,2.371311664581299,2.950000047683716,3.0399999618530273,2.9200000762939453,3.0399999618530273,2793850,yfinance,False
2010-02-01,2.379349946975708,2.9600000381469727,3.009999990463257,2.890000104904175,2.9000000953674316,4640000,yfinance,False
2010-02-02,2.4918861389160156,3.0999999046325684,3.109999895095825,3.0199999809265137,3.0199999809265137,4984024,yfinance,False
2010-02-03,2.499924659729004,3.109999895095825,3.1700000762939453,3.0899999141693115,3.119999885559082,5471800,yfinance,False
2010-02-04,2.427579641342163,3.0199999809265137,3.1500000953674316,3.009999990463257,3.109999895095825,2199000,yfinance,False
2010-02-05,2.3311192989349365,2.9000000953674316,2.9800000190734863,2.8499999046325684,2.8499999046325684,2837625,yfinance,False
2010-02-08,2.226621389389038,2.7699999809265137,2.940000057220459,2.759999990463257,2.869999885559082,4593640,yfinance,False
2010-02-09,2.186429262161255,2.7200000286102295,2.7899999618530273,2.559999942779541,2.7699999809265137,12082371,yfinance,False
2010-02-10,2.2828893661499023,2.8399999141693115,2.9000000953674316,2.75,2.799999952316284,5476000,yfinance,False
2010-02-11,2.339157819747925,2.9100000858306885,2.930000066757202,2.8299999237060547,2.880000114440918,5260000,yfinance,False
2010-02-12,2.4356181621551514,3.0299999713897705,3.069999933242798,2.880000114440918,2.9700000286102295,6120300,yfinance,False
2010-02-17,2.387387990951538,2.9700000286102295,3.1500000953674316,2.9100000858306885,3.109999895095825,5133000,yfinance,False
2010-02-18,2.419541597366333,3.009999990463257,3.0999999046325684,2.950000047683716,2.950000047683716,2219673,yfinance,False
2010-02-19,2.3230807781219482,2.890000104904175,3.009999990463257,2.880000114440918,3.009999990463257,2457000,yfinance,False
2010-02-22,2.395425796508789,2.9800000190734863,3.0,2.930000066757202,2.9700000286102295,2202000,yfinance,False
2010-02-23,2.395425796508789,2.9800000190734863,2.9800000190734863,2.9000000953674316,2.9100000858306885,3694000,yfinance,False
2010-02-24,2.427579641342163,3.0199999809265137,3.059999942779541,2.930000066757202,2.9700000286102295,3076000,yfinance,False
2010-02-25,2.387387990951538,2.9700000286102295,3.049999952316284,2.9600000381469727,3.0299999713897705,1674000,yfinance,False
2010-02-26,2.395425796508789,2.9800000190734863,3.009999990463257,2.9600000381469727,3.009999990463257,1515000,yfinance,False
2010-03-01,2.475809335708618,3.0799999237060547,3.0899999141693115,2.990000009536743,2.990000009536743,2998841,yfinance,False
2010-03-02,2.5240399837493896,3.140000104904175,3.1500000953674316,3.009999990463257,3.069999933242798,4729000,yfinance,False
2010-03-03,2.5481550693511963,3.1700000762939453,3.200000047683716,3.069999933242798,3.1600000858306885,4145000,yfinance,False
2010-03-04,2.4597327709198,3.059999942779541,3.200000047683716,3.059999942779541,3.190000057220459,2671000,yfinance,False
2010-03-05,2.507963180541992,3.119999885559082,3.140000104904175,3.069999933242798,3.069999933242798,1389779,yfinance,False
2010-03-08,2.5722696781158447,3.200000047683716,3.2100000381469727,3.140000104904175,3.1500000953674316,3851000,yfinance,False
2010-03-09,2.5642309188842773,3.190000057220459,3.2100000381469727,3.1500000953674316,3.200000047683716,2230839,yfinance,False
2010-03-10,2.5561931133270264,3.180000066757202,3.190000057220459,3.140000104904175,3.190000057220459,3635000,yfinance,False
2010-03-11,2.499924659729004,3.109999895095825,3.1700000762939453,3.0999999046325684,3.1700000762939453,3571100,yfinance,False
2010-03-12,2.4918861389160156,3.0999999046325684,3.1600000858306885,3.0899999141693115,3.109999895095825,1718500,yfinance,False
2010-03-15,2.499924659729004,3.109999895095825,3.140000104904175,3.069999933242798,3.119999885559082,2537604,yfinance,False
2010-03-16,2.451694965362549,3.049999952316284,3.109999895095825,3.0299999713897705,3.109999895095825,2781000,yfinance,False
2010-03-17,2.620499849319458,3.259999990463257,3.2699999809265137,3.0799999237060547,3.0799999237060547,8053915,yfinance,False
2010-03-18,2.5481550693511963,3.1700000762939453,3.25,3.1500000953674316,3.25,5098252,yfinance,False
2010-03-19,2.588346242904663,3.2200000286102295,3.25,3.1700000762939453,3.1700000762939453,5719000,yfinance,False
2010-03-22,2.668729782104492,3.319999933242798,3.3499999046325684,3.200000047683716,3.2200000286102295,5841000,yfinance,False
2010-03-23,2.7169601917266846,3.380000114440918,3.490000009536743,3.3499999046325684,3.4000000953674316,15732000,yfinance,False
2010-03-24,2.8777265548706055,3.5799999237060547,3.5999999046325684,3.450000047683716,3.450000047683716,24365000,yfinance,False
2010-03-25,2.8777265548706055,3.5799999237060547,3.5899999141693115,3.4600000381469727,3.5299999713897705,11422000,yfinance,False
2010-03-26,2.8696887493133545,3.569999933242798,3.619999885559082,3.549999952316284,3.5799999237060547,6452000,yfinance,False
2010-03-29,2.893803119659424,3.5999999046325684,3.6600000858306885,3.5899999141693115,3.5999999046325684,7728383,yfinance,False
2010-03-30,2.853611946105957,3.549999952316284,3.6500000953674316,3.5299999713897705,3.640000104904175,4959000,yfinance,False
2010-03-31,2.8777265548706055,3.5799999237060547,3.5899999141693115,3.549999952316284,3.549999952316284,6215000,yfinance,False
2010-04-01,2.893803119659424,3.5999999046325684,3.630000114440918,3.509999990463257,3.619999885559082,4888000,yfinance,False
2010-04-07,3.054570198059082,3.799999952316284,3.819999933242798,3.640000104904175,3.6600000858306885,9825969,yfinance,False
2010-04-08,3.014378547668457,3.75,3.7899999618530273,3.7200000286102295,3.75,6465991,yfinance,False
2010-04-09,3.0465316772460938,3.7899999618530273,3.819999933242798,3.75,3.819999933242798,8707000,yfinance,False
2010-04-12,3.0063395500183105,3.740000009536743,3.869999885559082,3.7100000381469727,3.799999952316284,6666577,yfinance,False
2010-04-13,3.20729923248291,3.990000009536743,4.0,3.700000047683716,3.7300000190734863,25059000,yfinance,False
2010-04-14,3.1108388900756836,3.869999885559082,4.050000190734863,3.759999990463257,4.019999980926514,12727000,yfinance,False
2010-04-15,3.0465316772460938,3.7899999618530273,3.930000066757202,3.7699999809265137,3.869999885559082,11847500,yfinance,False
2010-04-16,3.1028003692626953,3.859999895095825,3.890000104904175,3.7699999809265137,3.859999895095825,6275551,yfinance,False
2010-04-19,3.0384933948516846,3.7799999713897705,3.809999942779541,3.740000009536743,3.799999952316284,2070000,yfinance,False
2010-04-20,3.1510303020477295,3.9200000762939453,4.079999923706055,3.7899999618530273,3.7899999618530273,8698704,yfinance,False
2010-04-21,3.1590688228607178,3.930000066757202,4.0,3.9200000762939453,3.990000009536743,10116207,yfinance,False
2010-04-22,3.1349542140960693,3.9000000953674316,3.9700000286102295,3.869999885559082,3.940000057220459,5861034,yfinance,False
2010-04-23,3.0706470012664795,3.819999933242798,3.940000057220459,3.819999933242798,3.880000114440918,2726000,yfinance,False
2010-04-26,3.1188769340515137,3.880000114440918,3.9200000762939453,3.819999933242798,3.819999933242798,2965000,yfinance,False
2010-04-27,3.054570198059082,3.799999952316284,3.880000114440918,3.7200000286102295,3.880000114440918,5013000,yfinance,False
2010-04-28,2.974186897277832,3.700000047683716,3.75,3.6500000953674316,3.700000047683716,4462000,yfinance,False
2010-04-29,2.9018421173095703,3.609999895095825,3.799999952316284,3.5399999618530273,3.799999952316284,5606000,yfinance,False
2010-04-30,2.974186897277832,3.700000047683716,3.7699999809265137,3.6700000762939453,3.7699999809265137,5996000,yfinance,False
2010-05-03,2.9983019828796387,3.7300000190734863,3.759999990463257,3.6600000858306885,3.6600000858306885,3475328,yfinance,False
2010-05-04,2.9098801612854004,3.619999885559082,3.799999952316284,3.609999895095825,3.75,3594000,yfinance,False
2010-05-05,2.893803119659424,3.5999999046325684,3.6500000953674316,3.5,3.5799999237060547,7598000,yfinance,False
2010-05-06,2.8455734252929688,3.5399999618530273,3.640000104904175,3.5199999809265137,3.5999999046325684,8523000,yfinance,False
2010-05-07,2.733036756515503,3.4000000953674316,3.450000047683716,3.3499999046325684,3.4100000858306885,5026064,yfinance,False
2010-05-10,2.8053817749023438,3.490000009536743,3.5199999809265137,3.450000047683716,3.450000047683716,3313000,yfinance,False
2010-05-11,2.8696887493133545,3.569999933242798,3.640000104904175,3.5199999809265137,3.5199999809265137,5218100,yfinance,False
2010-05-12,2.853611946105957,3.549999952316284,3.5799999237060547,3.440000057220459,3.569000005722046,11779000,yfinance,False
2010-05-13,2.8696887493133545,3.569999933242798,3.609999895095825,3.319000005722046,3.319000005722046,1706000,yfinance,False
2010-05-14,2.861649990081787,3.559999942779541,3.5799999237060547,3.5199999809265137,3.5199999809265137,1484000,yfinance,False
2010-05-17,2.8696887493133545,3.569999933242798,3.5799999237060547,3.450000047683716,3.490000009536743,5403600,yfinance,False
2010-05-18,2.7732279300689697,3.450000047683716,3.5799999237060547,3.4100000858306885,3.5799999237060547,5210000,yfinance,False
2010-05-19,2.821458578109741,3.509999990463257,3.5399999618530273,3.380000114440918,3.430000066757202,6339000,yfinance,False
2010-05-20,2.668729782104492,3.319999933242798,3.5399999618530273,3.1700000762939453,3.5399999618530273,8176165,yfinance,False
2010-05-24,2.6767680644989014,3.3299999237060547,3.369999885559082,3.240000009536743,3.299999952316284,7282000,yfinance,False
2010-05-25,2.660691261291504,3.309999942779541,3.4100000858306885,3.2300000190734863,3.319999933242798,7523500,yfinance,False
2010-05-26,2.6044230461120605,3.240000009536743,3.3299999237060547,3.2300000190734863,3.3299999237060547,4273000,yfinance,False
2010-05-27,2.652653694152832,3.299999952316284,3.359999895095825,3.240000009536743,3.25,5009000,yfinance,False
2010-05-28,2.7491133213043213,3.4200000762939453,3.5,3.369999885559082,3.369999885559082,4494000,yfinance,False
2010-05-31,2.781266689300537,3.4600000381469727,3.490000009536743,3.430000066757202,3.450000047683716,1265412,yfinance,False
2010-06-01,2.9098801612854004,3.619999885559082,3.6600000858306885,3.430000066757202,3.430000066757202,8112000,yfinance,False
2010-06-02,2.9581105709075928,3.680000066757202,3.8299999237060547,3.640000104904175,3.680000066757202,8709500,yfinance,False
2010-06-03,2.942033529281616,3.6600000858306885,3.809999942779541,3.619999885559082,3.799999952316284,5023000,yfinance,False
2010-06-04,3.0063395500183105,3.740000009536743,3.7699999809265137,3.619999885559082,3.6600000858306885,7193500,yfinance,False
2010-06-07,2.9018421173095703,3.609999895095825,3.690000057220459,3.5999999046325684,3.640000104904175,8467000,yfinance,False
2010-06-08,2.893803119659424,3.5999999046325684,3.6600000858306885,3.549999952316284,3.5799999237060547,6725000,yfinance,False
2010-06-09,2.925957441329956,3.640000104904175,3.6500000953674316,3.559999942779541,3.559999942779541,3368500,yfinance,False
2010-06-10,2.893803119659424,3.5999999046325684,3.640000104904175,3.5899999141693115,3.630000114440918,3084000,yfinance,False
2010-06-11,2.8777265548706055,3.5799999237060547,3.7200000286102295,3.5799999237060547,3.7200000286102295,4457000,yfinance,False
2010-06-14,2.8777265548706055,3.5799999237060547,3.6600000858306885,3.5799999237060547,3.5999999046325684,4884100,yfinance,False
2010-06-15,2.942033529281616,3.6600000858306885,3.700000047683716,3.5799999237060547,3.5899999141693115,8021000,yfinance,False
2010-06-17,3.1349542140960693,3.9000000953674316,3.990000009536743,3.6600000858306885,3.6600000858306885,16543859,yfinance,False
2010-06-18,3.3037593364715576,4.110000133514404,4.170000076293945,3.9000000953674316,3.9100000858306885,28631135,yfinance,False
2010-06-21,3.464524984359741,4.309999942779541,4.349999904632568,4.119999885559082,4.130000114440918,13802602,yfinance,False
2010-06-22,3.327873706817627,4.139999866485596,4.349999904632568,4.110000133514404,4.329999923706055,10791890,yfinance,False
2010-06-23,3.3680665493011475,4.190000057220459,4.199999809265137,4.050000190734863,4.119999885559082,7646000,yfinance,False
2010-06-24,3.480602502822876,4.329999923706055,4.400000095367432,4.179999828338623,4.179999828338623,12324830,yfinance,False
2010-06-25,3.480602502822876,4.329999923706055,4.349999904632568,4.230000019073486,4.25,7313000,yfinance,False
2010-06-28,3.4404115676879883,4.28000020980835,4.460000038146973,4.159999847412109,4.389999866485596,7370000,yfinance,False
2010-06-29,3.4966795444488525,4.349999904632568,4.449999809265137,4.28000020980835,4.320000171661377,12457000,yfinance,False
2010-06-30,3.408257246017456,4.239999771118164,4.300000190734863,4.170000076293945,4.260000228881836,6291777,yfinance,False
2010-07-02,3.1751456260681152,3.950000047683716,4.28000020980835,3.9100000858306885,4.239999771118164,11108500,yfinance,False
2010-07-05,3.1188769340515137,3.880000114440918,3.950000047683716,3.8299999237060547,3.950000047683716,3856000,yfinance,False
2010-07-06,3.2314138412475586,4.019999980926514,4.090000152587891,3.9000000953674316,3.940000057220459,7458000,yfinance,False
2010-07-07,3.3680665493011475,4.190000057220459,4.25,4.070000171661377,4.070000171661377,13087000,yfinance,False
2010-07-08,3.4564878940582275,4.300000190734863,4.369999885559082,4.239999771118164,4.28000020980835,6766000,yfinance,False
2010-07-09,3.3439507484436035,4.159999847412109,4.380000114440918,4.150000095367432,4.349999904632568,7084600,yfinance,False
2010-07-12,3.4966795444488525,4.349999904632568,4.349999904632568,4.170000076293945,4.170000076293945,6322500,yfinance,False
2010-07-13,3.4323720932006836,4.269999980926514,4.380000114440918,4.25,4.349999904632568,1807000,yfinance,False
2010-07-14,3.488640785217285,4.340000152587891,4.389999866485596,4.269999980926514,4.380000114440918,5418000,yfinance,False
2010-07-15,3.4243345260620117,4.260000228881836,4.349999904632568,4.230000019073486,4.28000020980835,4861000,yfinance,False
2010-07-16,3.4564878940582275,4.300000190734863,4.349999904632568,4.230000019073486,4.349999904632568,2495000,yfinance,False
2010-07-19,3.448448657989502,4.289999961853027,4.300000190734863,4.199999809265137,4.28000020980835,1174000,yfinance,False
2010-07-20,3.464524984359741,4.309999942779541,4.349999904632568,4.239999771118164,4.239999771118164,2497500,yfinance,False
2010-07-21,3.6172549724578857,4.5,4.539999961853027,4.309999942779541,4.309999942779541,7288121,yfinance,False
2010-07-22,3.802137613296509,4.730000019073486,4.78000020980835,4.460000038146973,4.460000038146973,9607182,yfinance,False
2010-07-23,3.753905773162842,4.670000076293945,4.860000133514404,4.650000095367432,4.800000190734863,6750220,yfinance,False
2010-07-26,4.011133670806885,4.989999771118164,5.0,4.769999980926514,4.800000190734863,11446985,yfinance,False
2010-07-27,3.8985960483551025,4.849999904632568,5.050000190734863,4.829999923706055,5.0,12243500,yfinance,False
2010-07-28,3.9870195388793945,4.960000038146973,5.0,4.849999904632568,4.849999904632568,10634554,yfinance,False
2010-07-29,4.027210235595703,5.010000228881836,5.090000152587891,4.889999866485596,4.900000095367432,5582475,yfinance,False
2010-07-30,4.155823707580566,5.170000076293945,5.199999809265137,5.019999980926514,5.019999980926514,6408127,yfinance,False
2010-08-02,4.348743915557861,5.409999847412109,5.449999809265137,5.199999809265137,5.329999923706055,7626903,yfinance,False
2010-08-03,4.501472473144531,5.599999904632568,5.880000114440918,5.449999809265137,5.449999809265137,17882740,yfinance,False
2010-08-04,4.52558708190918,5.630000114440918,5.789999961853027,5.5,5.599999904632568,4506898,yfinance,False
2010-08-05,4.3085527420043945,5.360000133514404,5.730000019073486,5.320000171661377,5.730000019073486,5934183,yfinance,False
2010-08-06,4.348743915557861,5.409999847412109,5.46999979019165,5.199999809265137,5.380000114440918,5290389,yfinance,False
2010-08-09,4.39697265625,5.46999979019165,5.519999980926514,5.320000171661377,5.360000133514404,2706846,yfinance,False
2010-08-10,4.364819526672363,5.429999828338623,5.570000171661377,5.409999847412109,5.570000171661377,4155135,yfinance,False
2010-08-11,4.22012996673584,5.25,5.420000076293945,5.239999771118164,5.400000095367432,5823200,yfinance,False
2010-08-12,4.22012996673584,5.25,5.269999980926514,5.079999923706055,5.199999809265137,4609000,yfinance,False
2010-08-13,4.292474746704102,5.340000152587891,5.369999885559082,5.190000057220459,5.260000228881836,6011500,yfinance,False
2010-08-16,4.340705871582031,5.400000095367432,5.429999828338623,5.230000019073486,5.25,4118000,yfinance,False
2010-08-17,4.340705871582031,5.400000095367432,5.449999809265137,5.369999885559082,5.389999866485596,5109000,yfinance,False
2010-08-18,4.565778732299805,5.679999828338623,5.739999771118164,5.369999885559082,5.369999885559082,7549064,yfinance,False
2010-08-19,4.6300859451293945,5.760000228881836,5.980000019073486,5.699999809265137,5.739999771118164,11563000,yfinance,False
2010-08-20,4.911428451538086,6.110000133514404,6.28000020980835,5.710000038146973,5.739999771118164,15668400,yfinance,False
2010-08-23,5.040040969848633,6.269999980926514,6.349999904632568,5.960000038146973,6.099999904632568,7834233,yfinance,False
2010-08-24,4.903389930725098,6.099999904632568,6.380000114440918,6.090000152587891,6.190000057220459,7367800,yfinance,False
2010-08-25,4.798889636993408,5.96999979019165,6.099999904632568,5.809999942779541,6.0,7278179,yfinance,False
2010-08-26,4.774775981903076,5.940000057220459,6.010000228881836,5.800000190734863,5.980000019073486,6527564,yfinance,False
2010-08-27,4.7506608963012695,5.909999847412109,6.03000020980835,5.829999923706055,5.900000095367432,6602172,yfinance,False
2010-08-30,4.983772277832031,6.199999809265137,6.269999980926514,6.0,6.090000152587891,7997096,yfinance,False
2010-08-31,4.8230061531066895,6.0,6.25,5.840000152587891,6.199999809265137,8089891,yfinance,False
2010-09-01,4.726546287536621,5.880000114440918,6.0,5.78000020980835,6.0,12443981,yfinance,False
2010-09-02,4.710468769073486,5.860000133514404,6.090000152587891,5.820000171661377,6.0,8180000,yfinance,False
2010-09-03,4.67831563949585,5.820000171661377,5.949999809265137,5.789999961853027,5.900000095367432,8455000,yfinance,False
2010-09-06,4.734584331512451,5.889999866485596,5.949999809265137,5.860000133514404,5.949999809265137,4418792,yfinance,False
2010-09-07,4.798889636993408,5.96999979019165,6.0,5.880000114440918,5.949999809265137,4996000,yfinance,False
2010-09-08,4.654201030731201,5.789999961853027,5.949999809265137,5.769999980926514,5.949999809265137,4686000,yfinance,False
2010-09-09,4.774775981903076,5.940000057220459,6.079999923706055,5.809999942779541,5.809999942779541,18451800,yfinance,False
2010-09-10,4.831043720245361,6.010000228881836,6.050000190734863,5.880000114440918,6.050000190734863,5906500,yfinance,False
2010-09-13,5.249037742614746,6.53000020980835,6.550000190734863,6.079999923706055,6.090000152587891,19096267,yfinance,False
2010-09-14,5.176692485809326,6.440000057220459,6.659999847412109,6.380000114440918,6.570000171661377,10964061,yfinance,False
2010-09-15,5.168654918670654,6.429999828338623,6.519999980926514,6.409999847412109,6.449999809265137,5006666,yfinance,False
2010-09-16,5.3696136474609375,6.679999828338623,6.75,6.460000038146973,6.489999771118164,10387432,yfinance,False
2010-09-17,5.449996471405029,6.78000020980835,6.829999923706055,6.619999885559082,6.78000020980835,8450924,yfinance,False
2010-09-20,5.506265163421631,6.849999904632568,6.880000114440918,6.690000057220459,6.690000057220459,9579172,yfinance,False
2010-09-21,5.466073513031006,6.800000190734863,7.0,6.78000020980835,7.0,7817000,yfinance,False
2010-09-22,5.554494380950928,6.909999847412109,6.960000038146973,6.789999961853027,6.800000190734863,5495500,yfinance,False
2010-09-24,5.514304161071777,6.860000133514404,6.929999828338623,6.820000171661377,6.880000114440918,6944756,yfinance,False
2010-09-27,5.634878158569336,7.010000228881836,7.059999942779541,6.900000095367432,6.900000095367432,5548280,yfinance,False
2010-09-28,5.522340774536133,6.869999885559082,7.0,6.800000190734863,6.949999809265137,7533309,yfinance,False
2010-09-29,5.658994674682617,7.039999961853027,7.079999923706055,6.800000190734863,6.900000095367432,9353666,yfinance,False
2010-09-30,5.578610420227051,6.940000057220459,7.019999980926514,6.849999904632568,7.010000228881836,4730000,yfinance,False
2010-10-04,5.498226642608643,6.840000152587891,7.170000076293945,6.809999942779541,6.929999828338623,9867803,yfinance,False
2010-10-05,5.192769527435303,6.460000038146973,6.800000190734863,6.369999885559082,6.800000190734863,21524500,yfinance,False
2010-10-06,5.216884613037109,6.489999771118164,6.599999904632568,6.400000095367432,6.590000152587891,13102221,yfinance,False
2010-10-07,5.417842864990234,6.739999771118164,6.75,6.550000190734863,6.550000190734863,10082400,yfinance,False
2010-10-08,5.2329607009887695,6.510000228881836,6.699999809265137,6.480000019073486,6.650000095367432,9878500,yfinance,False
2010-10-11,5.474112510681152,6.809999942779541,6.880000114440918,6.5,6.519999980926514,11477600,yfinance,False
2010-10-12,5.385690212249756,6.699999809265137,6.900000095367432,6.659999847412109,6.900000095367432,6369414,yfinance,False
2010-10-13,5.6107635498046875,6.980000019073486,7.050000190734863,6.800000190734863,6.869999885559082,15308799,yfinance,False
2010-10-14,5.658994674682617,7.039999961853027,7.119999885559082,7.0,7.070000171661377,7345600,yfinance,False
2010-10-15,5.683108329772949,7.070000171661377,7.090000152587891,6.949999809265137,7.050000190734863,3879737,yfinance,False
2010-10-18,5.514304161071777,6.860000133514404,7.150000095367432,6.849999904632568,7.070000171661377,8367999,yfinance,False
2010-10-19,5.554494380950928,6.909999847412109,6.96999979019165,6.800000190734863,6.800000190734863,4286252,yfinance,False
2010-10-20,5.466073513031006,6.800000190734863,6.800000190734863,6.699999809265137,6.800000190734863,5217100,yfinance,False
2010-10-21,5.658994674682617,7.039999961853027,7.050000190734863,6.849999904632568,6.860000133514404,7414100,yfinance,False
2010-10-22,5.755453109741211,7.159999847412109,7.269999980926514,7.050000190734863,7.059999942779541,9325091,yfinance,False
2010-10-25,5.667032718658447,7.050000190734863,7.199999809265137,7.039999961853027,7.050000190734863,3047453,yfinance,False
2010-10-26,5.715261936187744,7.110000133514404,7.130000114440918,7.0,7.050000190734863,4305900,yfinance,False
2010-10-27,5.755453109741211,7.159999847412109,7.230000019073486,7.039999961853027,7.179999828338623,5128200,yfinance,False
2010-10-28,5.884067058563232,7.320000171661377,7.480000019073486,7.159999847412109,7.159999847412109,9529300,yfinance,False
2010-10-29,5.867989540100098,7.300000190734863,7.480000019073486,7.159999847412109,7.159999847412109,6551642,yfinance,False
2010-11-01,5.964451313018799,7.420000076293945,7.480000019073486,7.300000190734863,7.349999904632568,4464286,yfinance,False
2010-11-02,5.9724884033203125,7.429999828338623,7.510000228881836,7.380000114440918,7.510000228881836,3909711,yfinance,False
2010-11-03,6.012679100036621,7.480000019073486,7.590000152587891,7.300000190734863,7.489999771118164,7078047,yfinance,False
2010-11-04,6.012679100036621,7.480000019073486,7.550000190734863,7.409999847412109,7.5,9003821,yfinance,False
2010-11-05,6.334214687347412,7.880000114440918,7.989999771118164,7.510000228881836,7.590000152587891,10452511,yfinance,False
2010-11-08,6.631633758544922,8.25,8.350000381469727,7.809999942779541,7.860000133514404,11412733,yfinance,False
2010-11-09,6.5030198097229,8.09000015258789,8.319999694824219,8.029999732971191,8.319999694824219,12238913,yfinance,False
2010-11-10,6.40656042098999,7.96999979019165,8.25,7.860000133514404,8.149999618530273,9441000,yfinance,False
2010-11-11,6.511057376861572,8.100000381469727,8.199999809265137,7.909999847412109,8.0,3053206,yfinance,False
2010-11-12,6.2779459953308105,7.809999942779541,8.180000305175781,7.75,8.050000190734863,12113213,yfinance,False
2010-11-15,6.205600738525391,7.71999979019165,7.960000038146973,7.710000038146973,7.800000190734863,5155000,yfinance,False
2010-11-16,6.085026741027832,7.570000171661377,7.809999942779541,7.5,7.800000190734863,11634641,yfinance,False
2010-11-17,5.747415542602539,7.150000095367432,7.550000190734863,7.050000190734863,7.550000190734863,7499619,yfinance,False
2010-11-18,6.133256435394287,7.630000114440918,7.670000076293945,7.199999809265137,7.25,12581000,yfinance,False
2010-11-19,6.068949222564697,7.550000190734863,7.809999942779541,7.429999828338623,7.809999942779541,6164343,yfinance,False
2010-11-22,6.1171793937683105,7.610000133514404,7.699999809265137,7.429999828338623,7.550000190734863,2843130,yfinance,False
2010-11-23,5.876028537750244,7.309999942779541,7.630000114440918,7.300000190734863,7.630000114440918,2825094,yfinance,False
2010-11-24,5.996603965759277,7.460000038146973,7.53000020980835,7.25,7.300000190734863,3207000,yfinance,False
2010-11-25,6.109140396118164,7.599999904632568,7.730000019073486,7.46999979019165,7.46999979019165,2904068,yfinance,False
2010-11-26,6.125217914581299,7.619999885559082,7.71999979019165,7.5,7.639999866485596,2649800,yfinance,False
2010-11-29,6.326175689697266,7.869999885559082,7.889999866485596,7.519999980926514,7.599999904632568,3734000,yfinance,False
2010-11-30,6.342252254486084,7.889999866485596,7.900000095367432,7.519999980926514,7.869999885559082,7672873,yfinance,False
2010-12-01,6.5190958976745605,8.109999656677246,8.119999885559082,7.889999866485596,8.100000381469727,10975330,yfinance,False
2010-12-02,6.5190958976745605,8.109999656677246,8.5,8.100000381469727,8.3100004196167,20081500,yfinance,False
2010-12-03,6.736133098602295,8.380000114440918,8.600000381469727,8.199999809265137,8.199999809265137,32156487,yfinance,False
2010-12-06,6.655747413635254,8.279999732971191,8.5600004196167,8.270000457763672,8.5,9439271,yfinance,False
2010-12-07,6.623594284057617,8.239999771118164,8.34000015258789,8.140000343322754,8.34000015258789,7316791,yfinance,False
2010-12-08,6.7763237953186035,8.430000305175781,8.460000038146973,8.229999542236328,8.300000190734863,7355002,yfinance,False
2010-12-09,6.816514492034912,8.479999542236328,8.529999732971191,8.3100004196167,8.380000114440918,7961489,yfinance,False
2010-12-10,6.832591533660889,8.5,8.600000381469727,8.399999618530273,8.470000267028809,9581011,yfinance,False
2010-12-13,6.945127010345459,8.640000343322754,8.789999961853027,8.550000190734863,8.600000381469727,7854989,yfinance,False
2010-12-14,7.081780910491943,8.8100004196167,8.84000015258789,8.65999984741211,8.800000190734863,10540568,yfinance,False
2010-12-15,6.993359088897705,8.699999809265137,8.859999656677246,8.600000381469727,8.84000015258789,5559500,yfinance,False
2010-12-16,6.880823135375977,8.5600004196167,8.710000038146973,8.380000114440918,8.710000038146973,4883000,yfinance,False
2010-12-17,6.840630054473877,8.510000228881836,8.800000190734863,8.470000267028809,8.6899995803833,4517300,yfinance,False
2010-12-20,6.816514492034912,8.479999542236328,8.640000343322754,8.380000114440918,8.640000343322754,6529615,yfinance,False
2010-12-21,6.663785457611084,8.289999961853027,8.430000305175781,8.140000343322754,8.239999771118164,8370400,yfinance,False
2010-12-22,6.792399883270264,8.449999809265137,8.5,8.300000190734863,8.40999984741211,9195500,yfinance,False
2010-12-23,6.937089443206787,8.630000114440918,8.720000267028809,8.489999771118164,8.539999961853027,6089035,yfinance,False
2010-12-24,6.929049968719482,8.619999885559082,8.65999984741211,8.550000190734863,8.550000190734863,1086400,yfinance,False
2010-12-28,6.880823135375977,8.5600004196167,8.640000343322754,8.5,8.550000190734863,1748500,yfinance,False
2010-12-29,7.0255126953125,8.739999771118164,8.75,8.59000015258789,8.619999885559082,4879016,yfinance,False
2010-12-30,7.065704345703125,8.789999961853027,8.850000381469727,8.739999771118164,8.800000190734863,3222000,yfinance,False
2010-12-31,7.073741436004639,8.800000190734863,8.850000381469727,8.729999542236328,8.850000381469727,1335600,yfinance,False
2011-01-03,7.467620849609375,9.289999961853027,9.380000114440918,8.880000114440918,8.899999618530273,11656187,yfinance,False
2011-01-04,7.74896240234375,9.640000343322754,9.720000267028809,9.319999694824219,9.359999656677246,19155071,yfinance,False
2011-01-05,7.87757682800293,9.800000190734863,9.869999885559082,9.550000190734863,9.699999809265137,7711950,yfinance,False
2011-01-06,7.837385177612305,9.75,9.880000114440918,9.600000381469727,9.800000190734863,5820018,yfinance,False
2011-01-07,7.837385177612305,9.75,9.949999809265137,9.649999618530273,9.75,8528100,yfinance,False
2011-01-10,8.375953674316406,10.420000076293945,10.4399995803833,9.880000114440918,10.0,14407333,yfinance,False
2011-01-11,8.922561645507812,11.100000381469727,11.359999656677246,10.380000114440918,10.5,25576545,yfinance,False
2011-01-12,8.697487831115723,10.819999694824219,11.100000381469727,10.699999809265137,11.100000381469727,14362472,yfinance,False
2011-01-13,8.777873039245605,10.920000076293945,11.0600004196167,10.819999694824219,10.859999656677246,9368459,yfinance,False
2011-01-14,8.761794090270996,10.899999618530273,11.0,10.779999732971191,11.0,8874750,yfinance,False
2011-01-17,8.842177391052246,11.0,11.140000343322754,10.760000228881836,10.760000228881836,7005221,yfinance,False
2011-01-18,9.388785362243652,11.680000305175781,11.800000190734863,11.0,11.0,12093482,yfinance,False
2011-01-19,10.031852722167969,12.479999542236328,12.5,11.699999809265137,11.800000190734863,17108634,yfinance,False
2011-01-20,9.855010032653809,12.260000228881836,13.0,12.0,12.359999656677246,18560239,yfinance,False
2011-01-21,9.662087440490723,12.020000457763672,12.260000228881836,11.680000305175781,12.260000228881836,12195903,yfinance,False
2011-01-24,8.74571704864502,10.880000114440918,12.15999984741211,10.84000015258789,12.15999984741211,32378064,yfinance,False
2011-01-25,9.13155746459961,11.359999656677246,11.479999542236328,10.979999542236328,11.079999923706055,23773407,yfinance,False
2011-01-26,9.115482330322266,11.34000015258789,11.5,11.0,11.279999732971191,15686387,yfinance,False
2011-01-27,9.308402061462402,11.579999923706055,11.699999809265137,11.34000015258789,11.34000015258789,16197485,yfinance,False
2011-01-28,9.581703186035156,11.920000076293945,11.9399995803833,11.319999694824219,11.579999923706055,11180000,yfinance,False
2011-01-31,9.629935264587402,11.979999542236328,12.180000305175781,11.65999984741211,11.760000228881836,13656989,yfinance,False
2011-02-01,9.629935264587402,11.979999542236328,12.199999809265137,11.760000228881836,12.119999885559082,9582296,yfinance,False
2011-02-02,9.935392379760742,12.359999656677246,12.359999656677246,12.079999923706055,12.100000381469727,8231000,yfinance,False
2011-02-07,10.031852722167969,12.479999542236328,12.739999771118164,12.380000114440918,12.5,13656600,yfinance,False
2011-02-08,9.533474922180176,11.859999656677246,12.399999618530273,11.680000305175781,12.300000190734863,19309106,yfinance,False
2011-02-09,9.019020080566406,11.220000267028809,11.979999542236328,11.0600004196167,11.859999656677246,26928918,yfinance,False
2011-02-10,8.98686695098877,11.180000305175781,11.579999923706055,10.779999732971191,11.220000267028809,19144317,yfinance,False
2011-02-11,8.424184799194336,10.479999542236328,10.899999618530273,10.1899995803833,10.899999618530273,31109760,yfinance,False
2011-02-14,8.584949493408203,10.680000305175781,10.899999618530273,10.520000457763672,10.619999885559082,20754016,yfinance,False
2011-02-15,8.392030715942383,10.4399995803833,10.699999809265137,10.319999694824219,10.600000381469727,11711500,yfinance,False
2011-02-16,8.150880813598633,10.140000343322754,10.65999984741211,10.0600004196167,10.4399995803833,12707082,yfinance,False
2011-02-17,8.44025993347168,10.5,10.5600004196167,9.949999809265137,10.199999809265137,22446921,yfinance,False
2011-02-18,8.665331840515137,10.779999732971191,10.84000015258789,10.380000114440918,10.380000114440918,15361885,yfinance,False
2011-02-21,8.697487831115723,10.819999694824219,10.960000038146973,10.579999923706055,10.800000190734863,7125685,yfinance,False
2011-02-22,8.375953674316406,10.420000076293945,10.680000305175781,10.279999732971191,10.680000305175781,10614000,yfinance,False
2011-02-23,8.054420471191406,10.020000457763672,10.420000076293945,10.0,10.300000190734863,9875700,yfinance,False
2011-02-24,7.652501583099365,9.520000457763672,10.180000305175781,9.359999656677246,10.0,17523400,yfinance,False
2011-02-25,8.006192207336426,9.960000038146973,10.0,9.699999809265137,9.760000228881836,11053300,yfinance,False
2011-02-28,8.070494651794434,10.039999961853027,10.260000228881836,9.960000038146973,10.039999961853027,22991795,yfinance,False
2011-03-01,8.970788955688477,11.15999984741211,11.260000228881836,10.100000381469727,10.199999809265137,21975752,yfinance,False
2011-03-02,8.7939453125,10.9399995803833,10.960000038146973,10.380000114440918,10.779999732971191,17550400,yfinance,False
2011-03-03,8.858253479003906,11.020000457763672,11.399999618530273,10.920000076293945,10.920000076293945,18538700,yfinance,False
2011-03-04,8.89040756225586,11.0600004196167,11.319999694824219,10.960000038146973,11.319999694824219,10996800,yfinance,False
2011-03-07,8.697487831115723,10.819999694824219,11.15999984741211,10.699999809265137,11.0,5964380,yfinance,False
2011-03-08,8.777873039245605,10.920000076293945,10.960000038146973,10.680000305175781,10.859999656677246,4249600,yfinance,False
2011-03-09,9.06725025177002,11.279999732971191,11.300000190734863,10.899999618530273,11.0,9631376,yfinance,False
2011-03-10,9.099404335021973,11.319999694824219,11.479999542236328,11.079999923706055,11.300000190734863,11259322,yfinance,False
2011-03-11,9.099404335021973,11.319999694824219,11.880000114440918,11.119999885559082,11.300000190734863,20893908,yfinance,False
2011-03-14,8.970788955688477,11.15999984741211,11.300000190734863,10.979999542236328,11.300000190734863,8816973,yfinance,False
2011-03-15,8.568875312805176,10.65999984741211,11.0,10.180000305175781,11.0,13432000,yfinance,False
2011-03-16,8.906485557556152,11.079999923706055,11.220000267028809,10.5600004196167,10.5600004196167,13486890,yfinance,False
2011-03-17,8.617105484008789,10.720000267028809,10.920000076293945,10.5600004196167,10.699999809265137,11843300,yfinance,False
2011-03-18,8.681411743164062,10.800000190734863,11.0600004196167,10.720000267028809,10.760000228881836,13519500,yfinance,False
2011-03-21,9.228018760681152,11.479999542236328,11.5,10.800000190734863,10.899999618530273,16461000,yfinance,False
2011-03-22,9.3566312789917,11.640000343322754,11.859999656677246,11.5600004196167,11.600000381469727,13767400,yfinance,False
2011-03-23,9.3566312789917,11.640000343322754,11.720000267028809,11.520000457763672,11.600000381469727,4819525,yfinance,False
2011-03-24,9.404862403869629,11.699999809265137,11.779999732971191,11.600000381469727,11.720000267028809,5289858,yfinance,False
2011-03-25,9.517399787902832,11.84000015258789,12.079999923706055,11.720000267028809,11.859999656677246,14642122,yfinance,False
2011-03-28,9.469168663024902,11.779999732971191,12.0,11.600000381469727,11.899999618530273,5034470,yfinance,False
2011-03-29,9.260171890258789,11.520000457763672,11.779999732971191,11.5,11.600000381469727,5712710,yfinance,False
2011-03-30,9.260171890258789,11.520000457763672,11.739999771118164,11.119999885559082,11.520000457763672,13782902,yfinance,False
2011-03-31,9.099404335021973,11.319999694824219,11.65999984741211,11.199999809265137,11.600000381469727,9292724,yfinance,False
2011-04-01,9.211939811706543,11.460000038146973,11.600000381469727,11.079999923706055,11.600000381469727,11304866,yfinance,False
2011-04-04,9.581703186035156,11.920000076293945,11.960000038146973,11.5600004196167,11.4399995803833,37427571,yfinance,False
2011-04-06,9.581703186035156,11.920000076293945,12.220000267028809,11.739999771118164,11.920000076293945,31529000,yfinance,False
2011-04-07,9.565629005432129,11.899999618530273,12.140000343322754,11.800000190734863,12.039999961853027,21119525,yfinance,False
2011-04-08,9.726394653320312,12.100000381469727,12.119999885559082,11.899999618530273,12.100000381469727,25684722,yfinance,False
2011-04-11,9.646012306213379,12.0,12.199999809265137,11.960000038146973,12.020000457763672,11356144,yfinance,False
2011-04-12,9.501321792602539,11.819999694824219,11.920000076293945,11.600000381469727,11.899999618530273,9462300,yfinance,False
2011-04-13,9.61385726928711,11.960000038146973,12.079999923706055,11.65999984741211,11.699999809265137,12849974,yfinance,False
2011-04-14,9.662087440490723,12.020000457763672,12.260000228881836,11.819999694824219,12.0,20854400,yfinance,False
2011-04-15,10.064004898071289,12.520000457763672,12.680000305175781,11.960000038146973,12.039999961853027,31430259,yfinance,False
2011-04-18,10.289078712463379,12.800000190734863,12.9399995803833,12.460000038146973,12.520000457763672,23575668,yfinance,False
2011-04-19,10.481999397277832,13.039999961853027,13.079999923706055,12.520000457763672,12.680000305175781,15307221,yfinance,False
2011-04-20,11.108988761901855,13.819999694824219,13.9399995803833,13.199999809265137,13.260000228881836,37326535,yfinance,False
2011-04-21,11.237605094909668,13.979999542236328,14.34000015258789,13.819999694824219,13.9399995803833,23218728,yfinance,False
2011-04-26,11.462678909301758,14.260000228881836,14.300000190734863,13.899999618530273,13.979999542236328,21148300,yfinance,False
2011-04-27,11.317989349365234,14.079999923706055,14.5600004196167,13.979999542236328,14.279999732971191,18828610,yfinance,False
2011-04-28,10.916070938110352,13.579999923706055,14.220000267028809,13.520000457763672,14.180000305175781,19093100,yfinance,False
2011-04-29,11.221527099609375,13.960000038146973,14.079999923706055,13.239999771118164,13.520000457763672,17946569,yfinance,False
2011-05-03,11.414447784423828,14.199999809265137,14.319999694824219,13.899999618530273,14.020000457763672,18884075,yfinance,False
2011-05-04,11.028608322143555,13.720000267028809,14.199999809265137,13.520000457763672,14.199999809265137,16147827,yfinance,False
2011-05-05,10.948225021362305,13.619999885559082,13.880000114440918,13.420000076293945,13.5,6888800,yfinance,False
2011-05-06,11.125066757202148,13.84000015258789,14.0,13.319999694824219,13.600000381469727,9080984,yfinance,False
2011-05-09,10.980376243591309,13.65999984741211,13.979999542236328,13.539999961853027,13.800000190734863,8557014,yfinance,False
2011-05-11,11.012530326843262,13.699999809265137,13.880000114440918,13.4399995803833,13.880000114440918,14875583,yfinance,False
2011-05-12,10.883917808532715,13.539999961853027,13.920000076293945,13.5,13.65999984741211,16532415,yfinance,False
2011-05-13,11.205450057983398,13.9399995803833,13.979999542236328,13.5,13.65999984741211,17600500,yfinance,False
2011-05-16,11.076838493347168,13.779999732971191,14.180000305175781,13.539999961853027,13.979999542236328,14535000,yfinance,False
2011-05-17,11.060760498046875,13.760000228881836,14.0,13.680000305175781,13.859999656677246,23342947,yfinance,False
2011-05-18,11.977131843566895,14.899999618530273,15.039999961853027,14.0,14.0,57914916,yfinance,False
2011-05-19,11.993207931518555,14.920000076293945,15.380000114440918,14.720000267028809,15.239999771118164,25052459,yfinance,False
2011-05-20,11.639520645141602,14.479999542236328,15.020000457763672,14.319999694824219,15.0,20777500,yfinance,False
2011-05-23,11.462678909301758,14.260000228881836,14.460000038146973,14.0600004196167,14.359999656677246,16916573,yfinance,False
2011-05-24,12.025358200073242,14.960000038146973,14.979999542236328,14.119999885559082,14.319999694824219,18322222,yfinance,False
2011-05-25,12.202204704284668,15.180000305175781,15.199999809265137,14.739999771118164,14.899999618530273,23545189,yfinance,False
2011-05-26,12.780966758728027,15.899999618530273,15.9399995803833,15.180000305175781,15.300000190734863,30834940,yfinance,False
2011-05-27,12.797042846679688,15.920000076293945,16.040000915527344,15.520000457763672,15.979999542236328,21084881,yfinance,False
2011-05-30,13.584799766540527,16.899999618530273,17.0,16.0,16.200000762939453,25163783,yfinance,False
2011-05-31,14.051025390625,17.479999542236328,17.700000762939453,16.65999984741211,16.979999542236328,88112878,yfinance,False
2011-06-01,14.37255859375,17.8799991607666,18.31999969482422,17.059999465942383,17.31999969482422,41471825,yfinance,False
2011-06-02,14.51724624633789,18.059999465942383,18.219999313354492,17.280000686645508,17.399999618530273,24419051,yfinance,False
2011-06-03,13.552647590637207,16.860000610351562,18.200000762939453,16.760000228881836,18.200000762939453,42370364,yfinance,False
2011-06-07,14.018874168395996,17.440000534057617,17.719999313354492,16.18000030517578,16.600000381469727,26459622,yfinance,False
2011-06-08,13.890254020690918,17.280000686645508,17.780000686645508,17.100000381469727,17.440000534057617,14506456,yfinance,False
2011-06-09,13.552647590637207,16.860000610351562,17.639999389648438,16.579999923706055,17.200000762939453,22817000,yfinance,False
2011-06-10,12.957809448242188,16.1200008392334,16.940000534057617,16.0,16.940000534057617,23240102,yfinance,False
2011-06-13,12.941731452941895,16.100000381469727,16.139999389648438,15.260000228881836,16.0,25966660,yfinance,False
2011-06-14,12.893503189086914,16.040000915527344,16.579999923706055,15.619999885559082,15.699999809265137,15165754,yfinance,False
2011-06-15,12.443355560302734,15.479999542236328,16.200000762939453,15.460000038146973,16.200000762939453,21147800,yfinance,False
2011-06-16,11.526985168457031,14.34000015258789,15.199999809265137,14.300000190734863,15.039999961853027,45664195,yfinance,False
2011-06-17,11.607368469238281,14.4399995803833,14.739999771118164,14.119999885559082,14.119999885559082,24036100,yfinance,False
2011-06-20,11.494831085205078,14.300000190734863,14.880000114440918,14.079999923706055,14.619999885559082,12040535,yfinance,False
2011-06-21,12.073594093322754,15.020000457763672,15.319999694824219,14.5600004196167,15.039999961853027,21875033,yfinance,False
2011-06-22,12.379050254821777,15.399999618530273,15.699999809265137,15.300000190734863,15.539999961853027,16212387,yfinance,False
2011-06-23,12.395125389099121,15.420000076293945,15.779999732971191,15.100000381469727,15.479999542236328,12745067,yfinance,False
2011-06-24,12.620198249816895,15.699999809265137,15.84000015258789,15.319999694824219,15.479999542236328,13162801,yfinance,False
2011-06-27,12.539816856384277,15.600000381469727,15.960000038146973,15.359999656677246,15.479999542236328,8818257,yfinance,False
2011-06-28,12.475507736206055,15.520000457763672,16.0,15.4399995803833,15.979999542236328,6982000,yfinance,False
2011-06-29,13.231111526489258,16.459999084472656,16.719999313354492,15.720000267028809,15.760000228881836,27178100,yfinance,False
2011-06-30,13.375802993774414,16.639999389648438,16.899999618530273,16.559999465942383,16.700000762939453,15033057,yfinance,False
2011-07-04,14.067098617553711,17.5,17.600000381469727,17.040000915527344,17.200000762939453,19251867,yfinance,False
2011-07-05,14.13140869140625,17.579999923706055,17.65999984741211,17.299999237060547,17.5,8002533,yfinance,False
2011-07-06,13.98671817779541,17.399999618530273,17.700000762939453,17.280000686645508,17.700000762939453,12701537,yfinance,False
2011-07-07,14.03494644165039,17.459999084472656,17.639999389648438,17.3799991607666,17.3799991607666,8809669,yfinance,False
2011-07-08,14.067098617553711,17.5,17.84000015258789,17.399999618530273,17.639999389648438,11052243,yfinance,False
2011-07-11,13.874178886413574,17.260000228881836,17.719999313354492,17.239999771118164,17.5,7826750,yfinance,False
2011-07-12,13.279341697692871,16.520000457763672,17.0,16.360000610351562,17.0,17397433,yfinance,False
2011-07-13,14.018874168395996,17.440000534057617,17.459999084472656,16.6200008392334,16.68000030517578,11386267,yfinance,False
2011-07-14,14.227869987487793,17.700000762939453,17.81999969482422,17.34000015258789,17.700000762939453,13289000,yfinance,False
2011-07-15,14.4529390335083,17.979999542236328,18.299999237060547,17.639999389648438,17.799999237060547,15427988,yfinance,False
2011-07-18,14.469019889831543,18.0,18.299999237060547,17.899999618530273,17.899999618530273,9341500,yfinance,False
2011-07-19,14.37255859375,17.8799991607666,18.260000228881836,17.399999618530273,17.920000076293945,13310778,yfinance,False
2011-07-20,14.903087615966797,18.540000915527344,18.559999465942383,18.0,18.020000457763672,18597955,yfinance,False
2011-07-21,15.14423942565918,18.84000015258789,19.079999923706055,18.520000457763672,18.600000381469727,17359360,yfinance,False
2011-07-22,15.562231063842773,19.360000610351562,19.6200008392334,19.0,19.079999923706055,14261019,yfinance,False
2011-07-25,15.59438419342041,19.399999618530273,19.760000228881836,19.100000381469727,19.200000762939453,7742162,yfinance,False
2011-07-26,15.771231651306152,19.6200008392334,19.719999313354492,19.100000381469727,19.299999237060547,8284684,yfinance,False
2011-07-27,15.948078155517578,19.84000015258789,20.25,19.600000381469727,19.799999237060547,14931979,yfinance,False
2011-07-28,16.47860336303711,20.5,20.700000762939453,19.6200008392334,19.700000762939453,18526564,yfinance,False
2011-07-29,16.23745346069336,20.200000762939453,20.649999618530273,19.940000534057617,20.600000381469727,15443000,yfinance,False
2011-08-01,17.563779830932617,21.850000381469727,22.149999618530273,20.600000381469727,20.700000762939453,17620964,yfinance,False
2011-08-02,17.282438278198242,21.5,21.799999237060547,21.0,21.5,18085568,yfinance,False
2011-08-03,17.001094818115234,21.149999618530273,21.200000762939453,19.8799991607666,20.549999237060547,26511857,yfinance,False
2011-08-04,16.438411712646484,20.450000762939453,21.25,20.149999618530273,21.149999618530273,18178212,yfinance,False
2011-08-05,15.465773582458496,19.239999771118164,19.68000030517578,18.5,19.239999771118164,35874472,yfinance,False
2011-08-08,15.75515365600586,19.600000381469727,19.860000610351562,18.399999618530273,19.219999313354492,29871301,yfinance,False
2011-08-09,14.983468055725098,18.639999389648438,19.540000915527344,17.899999618530273,18.5,31601720,yfinance,False
2011-08-10,15.465773582458496,19.239999771118164,20.0,19.0,19.520000457763672,25379971,yfinance,False
2011-08-11,15.433621406555176,19.200000762939453,19.5,18.700000762939453,19.0,14284650,yfinance,False
2011-08-12,15.690844535827637,19.520000457763672,19.860000610351562,19.399999618530273,19.520000457763672,11330000,yfinance,False
2011-08-15,16.398218154907227,20.399999618530273,20.5,19.920000076293945,20.5,9459485,yfinance,False
2011-08-16,16.960906982421875,21.100000381469727,21.600000381469727,20.700000762939453,20.799999237060547,19975633,yfinance,False
2011-08-17,17.523588180541992,21.799999237060547,22.200000762939453,21.100000381469727,21.200000762939453,17455400,yfinance,False
2011-08-18,16.719757080078125,20.799999237060547,22.450000762939453,20.649999618530273,21.799999237060547,18245800,yfinance,False
2011-08-19,15.07993221282959,18.760000228881836,20.100000381469727,18.65999984741211,19.719999313354492,31626500,yfinance,False
2011-08-22,13.82595157623291,17.200000762939453,19.299999237060547,16.200000762939453,18.84000015258789,52653499,yfinance,False
2011-08-23,14.34040355682373,17.84000015258789,17.940000534057617,15.84000015258789,17.200000762939453,35780632,yfinance,False
2011-08-24,13.44011116027832,16.719999313354492,18.5,16.5,18.200000762939453,27079500,yfinance,False
2011-08-25,13.761646270751953,17.1200008392334,17.5,16.760000228881836,17.200000762939453,13192672,yfinance,False
2011-08-26,13.247188568115234,16.479999542236328,17.079999923706055,16.299999237060547,16.81999969482422,11025200,yfinance,False
2011-08-29,14.4529390335083,17.979999542236328,18.0,16.799999237060547,16.899999618530273,19708298,yfinance,False
2011-08-30,15.353238105773926,19.100000381469727,19.200000762939453,18.65999984741211,18.799999237060547,22779200,yfinance,False
2011-08-31,15.658692359924316,19.479999542236328,20.200000762939453,18.81999969482422,19.100000381469727,36905782,yfinance,False
2011-09-01,14.99954605102539,18.65999984741211,20.5,18.5,20.0,32803588,yfinance,False
2011-09-02,14.21179485321045,17.68000030517578,17.8799991607666,17.079999923706055,17.5,345623621,yfinance,False
2011-09-05,13.74556827545166,17.100000381469727,17.540000915527344,16.81999969482422,17.280000686645508,28392997,yfinance,False
2011-09-06,13.970638275146484,17.3799991607666,17.399999618530273,16.6200008392334,16.700000762939453,22201037,yfinance,False
2011-09-07,14.356480598449707,17.860000610351562,17.899999618530273,17.239999771118164,17.600000381469727,17578164,yfinance,False
2011-09-08,14.147482872009277,17.600000381469727,18.34000015258789,17.399999618530273,18.239999771118164,18385396,yfinance,False
2011-09-09,14.002793312072754,17.420000076293945,17.84000015258789,17.260000228881836,17.600000381469727,8145000,yfinance,False
2011-09-12,12.700582504272461,15.800000190734863,16.799999237060547,15.779999732971191,16.799999237060547,31533100,yfinance,False
2011-09-14,12.491585731506348,15.539999961853027,16.5,14.739999771118164,16.5,51124650,yfinance,False
2011-09-15,12.073594093322754,15.020000457763672,16.079999923706055,14.680000305175781,16.0,42981472,yfinance,False
2011-09-16,12.282588005065918,15.279999732971191,15.5600004196167,15.020000457763672,15.399999618530273,28004707,yfinance,False
2011-09-19,11.591290473937988,14.420000076293945,15.380000114440918,14.239999771118164,15.380000114440918,27822539,yfinance,False
2011-09-20,11.575212478637695,14.399999618530273,15.0,14.359999656677246,14.699999809265137,39704000,yfinance,False
2011-09-21,11.575212478637695,14.399999618530273,14.520000457763672,13.899999618530273,14.220000267028809,19530000,yfinance,False
2011-09-22,10.128314018249512,12.600000381469727,13.800000190734863,12.260000228881836,13.600000381469727,40089200,yfinance,False
2011-09-23,10.128314018249512,12.600000381469727,13.199999809265137,11.420000076293945,12.199999809265137,53018706,yfinance,False
2011-09-26,9.694243431091309,12.0600004196167,12.960000038146973,11.520000457763672,12.137999534606934,27873903,yfinance,False
2011-09-27,10.514151573181152,13.079999923706055,13.100000381469727,12.4399995803833,12.84000015258789,43630905,yfinance,False
2011-09-28,10.771380424499512,13.399999618530273,14.0,13.0600004196167,13.199999809265137,51123900,yfinance,False
2011-09-30,9.340554237365723,11.619999885559082,12.5600004196167,11.260000228881836,11.979999542236328,85225910,yfinance,False
2011-10-03,7.57211971282959,9.420000076293945,10.979999542236328,9.119999885559082,10.979999542236328,70536288,yfinance,False
2011-10-04,7.13001012802124,8.869999885559082,10.279999732971191,8.6899995803833,9.25,69871048,yfinance,False
2011-10-06,8.424184799194336,10.479999542236328,10.699999809265137,10.0,10.0,53458056,yfinance,False
2011-10-07,9.967544555664062,12.399999618530273,12.5600004196167,10.479999542236328,10.479999542236328,65641956,yfinance,False
2011-10-10,9.774625778198242,12.15999984741211,12.920000076293945,11.739999771118164,12.680000305175781,27002025,yfinance,False
2011-10-11,10.739227294921875,13.359999656677246,13.960000038146973,13.100000381469727,13.819999694824219,44264193,yfinance,False
2011-10-12,11.800288200378418,14.680000305175781,15.4399995803833,13.239999771118164,13.300000190734863,54336211,yfinance,False
2011-10-13,11.928902626037598,14.84000015258789,15.460000038146973,14.680000305175781,15.0,37571000,yfinance,False
2011-10-14,11.478754997253418,14.279999732971191,14.579999923706055,14.100000381469727,14.399999618530273,22504000,yfinance,False
2011-10-17,12.716659545898438,15.819999694824219,15.84000015258789,14.800000190734863,14.800000190734863,32753700,yfinance,False
2011-10-18,11.430523872375488,14.220000267028809,15.220000267028809,14.0,15.0600004196167,29847200,yfinance,False
2011-10-19,12.025358200073242,14.960000038146973,15.260000228881836,14.619999885559082,14.819999694824219,28741000,yfinance,False
2011-10-20,11.366216659545898,14.140000343322754,14.760000228881836,13.579999923706055,14.180000305175781,37354800,yfinance,False
2011-10-21,11.494831085205078,14.300000190734863,14.819999694824219,13.9399995803833,14.0,24767000,yfinance,False
2011-10-24,12.443355560302734,15.479999542236328,15.5,14.960000038146973,14.960000038146973,20002885,yfinance,False
2011-10-25,12.395125389099121,15.420000076293945,15.859999656677246,15.020000457763672,15.680000305175781,19292997,yfinance,False
2011-10-26,12.330818176269531,15.34000015258789,15.5,14.520000457763672,14.920000076293945,23422620,yfinance,False
2011-10-27,13.616951942443848,16.940000534057617,17.18000030517578,15.34000015258789,15.34000015258789,43826171,yfinance,False
2011-10-28,13.600874900817871,16.920000076293945,18.360000610351562,16.68000030517578,17.920000076293945,28045399,yfinance,False
2011-10-31,12.973884582519531,16.139999389648438,17.0,15.84000015258789,16.899999618530273,22504197,yfinance,False
2011-11-01,13.070347785949707,16.260000228881836,16.639999389648438,15.399999618530273,15.5,22925081,yfinance,False
2011-11-02,13.552647590637207,16.860000610351562,16.8799991607666,15.619999885559082,15.800000190734863,24093000,yfinance,False
2011-11-03,13.34365177154541,16.600000381469727,17.5,16.420000076293945,16.5,26944026,yfinance,False
2011-11-04,13.890254020690918,17.280000686645508,17.600000381469727,17.15999984741211,17.540000915527344,22861819,yfinance,False
2011-11-07,13.649106979370117,16.979999542236328,17.639999389648438,16.799999237060547,17.34000015258789,11343731,yfinance,False
2011-11-08,13.29542350769043,16.540000915527344,16.920000076293945,16.299999237060547,16.5,27723675,yfinance,False
2011-11-09,13.29542350769043,16.540000915527344,17.100000381469727,16.540000915527344,16.84000015258789,16766724,yfinance,False
2011-11-10,12.427277565002441,15.460000038146973,16.0,15.260000228881836,15.34000015258789,23293297,yfinance,False
2011-11-11,11.575212478637695,14.399999618530273,15.5,14.34000015258789,15.399999618530273,47004483,yfinance,False
2011-11-14,11.543060302734375,14.359999656677246,15.100000381469727,14.220000267028809,14.800000190734863,21816936,yfinance,False
2011-11-15,11.993207931518555,14.920000076293945,14.979999542236328,14.279999732971191,14.279999732971191,13817000,yfinance,False
2011-11-16,11.784211158752441,14.65999984741211,15.100000381469727,14.380000114440918,15.0,11246892,yfinance,False
2011-11-17,11.655595779418945,14.5,14.720000267028809,14.180000305175781,14.319999694824219,15358409,yfinance,False
2011-11-18,11.382293701171875,14.15999984741211,14.359999656677246,13.979999542236328,14.180000305175781,13461501,yfinance,False
2011-11-21,10.964301109313965,13.640000343322754,14.0,13.359999656677246,13.9399995803833,21448112,yfinance,False
2011-11-22,11.366216659545898,14.140000343322754,14.15999984741211,13.300000190734863,14.039999961853027,17569700,yfinance,False
2011-11-23,11.285834312438965,14.039999961853027,14.100000381469727,13.600000381469727,13.9399995803833,10833621,yfinance,False
2011-11-24,11.044681549072266,13.739999771118164,14.100000381469727,13.539999961853027,13.800000190734863,14355241,yfinance,False
2011-11-25,10.610614776611328,13.199999809265137,13.84000015258789,13.199999809265137,13.600000381469727,14643000,yfinance,False
2011-11-28,10.948225021362305,13.619999885559082,13.680000305175781,13.279999732971191,13.680000305175781,9379025,yfinance,False
2011-11-29,11.703829765319824,14.5600004196167,14.800000190734863,13.640000343322754,13.920000076293945,18181751,yfinance,False
2011-11-30,11.543060302734375,14.359999656677246,14.880000114440918,13.899999618530273,14.460000038146973,18751162,yfinance,False
2011-12-01,12.8452730178833,15.979999542236328,16.200000762939453,15.520000457763672,16.200000762939453,36072085,yfinance,False
2011-12-02,12.604121208190918,15.680000305175781,16.15999984741211,15.100000381469727,16.15999984741211,16869816,yfinance,False
2011-12-05,12.636275291442871,15.720000267028809,15.920000076293945,15.34000015258789,15.899999618530273,7125200,yfinance,False
2011-12-06,12.362972259521484,15.380000114440918,15.600000381469727,15.260000228881836,15.600000381469727,6073262,yfinance,False
2011-12-07,12.475507736206055,15.520000457763672,15.579999923706055,15.260000228881836,15.5,9464800,yfinance,False
2011-12-08,12.314741134643555,15.319999694824219,15.699999809265137,15.15999984741211,15.34000015258789,5608306,yfinance,False
2011-12-09,11.896747589111328,14.800000190734863,15.0600004196167,14.760000228881836,14.779999732971191,9293473,yfinance,False
2011-12-12,11.784211158752441,14.65999984741211,15.279999732971191,14.479999542236328,15.100000381469727,5619328,yfinance,False
2011-12-13,11.559137344360352,14.380000114440918,14.539999961853027,14.180000305175781,14.220000267028809,11578233,yfinance,False
2011-12-14,11.414447784423828,14.199999809265137,14.619999885559082,14.180000305175781,14.380000114440918,8288000,yfinance,False
2011-12-15,11.173295974731445,13.899999618530273,14.020000457763672,13.720000267028809,13.880000114440918,13042261,yfinance,False
2011-12-16,11.591290473937988,14.420000076293945,14.479999542236328,13.899999618530273,13.899999618530273,8224287,yfinance,False
2011-12-19,11.173295974731445,13.899999618530273,14.15999984741211,13.800000190734863,14.100000381469727,7617000,yfinance,False
2011-12-20,11.044681549072266,13.739999771118164,14.239999771118164,13.619999885559082,13.84000015258789,6934500,yfinance,False
2011-12-21,11.478754997253418,14.279999732971191,14.300000190734863,14.0600004196167,14.199999809265137,6633000,yfinance,False
2011-12-22,11.366216659545898,14.140000343322754,14.260000228881836,13.899999618530273,14.260000228881836,5099008,yfinance,False
2011-12-23,11.800288200378418,14.680000305175781,14.720000267028809,14.220000267028809,14.220000267028809,11489954,yfinance,False
2011-12-28,11.510906219482422,14.319999694824219,14.760000228881836,14.199999809265137,14.680000305175781,7640900,yfinance,False
2011-12-29,11.366216659545898,14.140000343322754,14.220000267028809,14.039999961853027,14.100000381469727,6345307,yfinance,False
2011-12-30,11.446599960327148,14.239999771118164,14.319999694824219,14.100000381469727,14.140000343322754,3249730,yfinance,False
2012-01-03,11.575212478637695,14.399999618530273,14.65999984741211,14.34000015258789,14.34000015258789,8026951,yfinance,False
2012-01-04,11.671675682067871,14.520000457763672,14.640000343322754,14.399999618530273,14.600000381469727,7763589,yfinance,False
2012-01-05,11.317989349365234,14.079999923706055,14.600000381469727,14.039999961853027,14.520000457763672,6966510,yfinance,False
2012-01-06,11.141143798828125,13.859999656677246,14.079999923706055,13.739999771118164,14.020000457763672,8299191,yfinance,False
2012-01-09,11.317989349365234,14.079999923706055,14.140000343322754,13.279999732971191,13.800000190734863,17780027,yfinance,False
2012-01-10,11.607368469238281,14.4399995803833,14.5600004196167,13.800000190734863,14.079999923706055,12509500,yfinance,False
2012-01-11,11.752057075500488,14.619999885559082,14.720000267028809,14.319999694824219,14.319999694824219,14227288,yfinance,False
2012-01-12,11.864596366882324,14.760000228881836,15.199999809265137,14.600000381469727,14.600000381469727,14820957,yfinance,False
2012-01-13,12.330818176269531,15.34000015258789,15.380000114440918,14.899999618530273,15.0,12544122,yfinance,False
2012-01-16,12.411201477050781,15.4399995803833,15.65999984741211,15.100000381469727,15.300000190734863,11919112,yfinance,False
2012-01-17,12.684504508972168,15.779999732971191,15.800000190734863,15.399999618530273,15.5,15884822,yfinance,False
2012-01-18,12.764887809753418,15.880000114440918,16.0,15.640000343322754,15.760000228881836,16851950,yfinance,False
2012-01-19,13.47226619720459,16.760000228881836,16.799999237060547,16.15999984741211,16.18000030517578,23545910,yfinance,False
2012-01-20,13.504413604736328,16.799999237060547,16.8799991607666,16.459999084472656,16.600000381469727,14852580,yfinance,False
2012-01-26,14.420785903930664,17.940000534057617,18.0,17.079999923706055,17.260000228881836,29393129,yfinance,False
2012-01-27,14.276095390319824,17.760000228881836,17.940000534057617,17.18000030517578,17.899999618530273,23081285,yfinance,False
2012-01-30,13.713412284851074,17.059999465942383,17.600000381469727,16.860000610351562,17.600000381469727,22160400,yfinance,False
2012-01-31,13.600874900817871,16.920000076293945,17.399999618530273,16.6200008392334,16.959999084472656,16596864,yfinance,False
2012-02-01,13.842025756835938,17.219999313354492,17.700000762939453,16.860000610351562,17.0,20252189,yfinance,False
2012-02-02,14.565478324890137,18.1200008392334,18.299999237060547,17.479999542236328,17.579999923706055,37939912,yfinance,False
2012-02-03,14.533326148986816,18.079999923706055,18.3799991607666,17.6200008392334,18.239999771118164,17740420,yfinance,False
2012-02-06,14.758399963378906,18.360000610351562,18.600000381469727,18.0,18.280000686645508,14069427,yfinance,False
2012-02-07,14.19571304321289,17.65999984741211,18.260000228881836,17.5,18.15999984741211,24483375,yfinance,False
2012-02-08,14.32432746887207,17.81999969482422,18.0,17.399999618530273,17.739999771118164,21062810,yfinance,False
2012-02-09,14.404708862304688,17.920000076293945,18.18000030517578,17.579999923706055,17.799999237060547,14171000,yfinance,False
2012-02-10,14.38863468170166,17.899999618530273,18.18000030517578,17.700000762939453,17.899999618530273,12207000,yfinance,False
2012-02-13,14.436861038208008,17.959999084472656,18.139999389648438,17.600000381469727,17.8799991607666,17293000,yfinance,False
2012-02-14,14.436861038208008,17.959999084472656,18.059999465942383,17.799999237060547,18.0,8443121,yfinance,False
2012-02-15,15.2567720413208,18.979999542236328,19.0,17.979999542236328,17.979999542236328,27640053,yfinance,False
2012-02-16,15.015623092651367,18.68000030517578,19.200000762939453,18.639999389648438,18.719999313354492,9605654,yfinance,False
2012-02-17,15.36931037902832,19.1200008392334,19.34000015258789,18.959999084472656,18.959999084472656,13440500,yfinance,False
2012-02-20,15.288928985595703,19.020000457763672,19.559999465942383,18.760000228881836,19.520000457763672,9664490,yfinance,False
2012-02-21,15.33716106414795,19.079999923706055,19.280000686645508,18.700000762939453,19.040000915527344,9568000,yfinance,False
2012-02-22,15.160314559936523,18.860000610351562,19.079999923706055,18.6200008392334,19.0,8794260,yfinance,False
2012-02-23,15.176393508911133,18.8799991607666,19.139999389648438,18.68000030517578,18.84000015258789,7909701,yfinance,False
2012-02-24,15.288928985595703,19.020000457763672,19.100000381469727,18.700000762939453,18.899999618530273,7877000,yfinance,False
2012-02-27,14.983468055725098,18.639999389648438,19.059999465942383,18.579999923706055,18.899999618530273,12662221,yfinance,False
2012-02-28,14.99954605102539,18.65999984741211,18.739999771118164,18.239999771118164,18.440000534057617,9782144,yfinance,False
2012-02-29,15.401463508605957,19.15999984741211,19.200000762939453,18.760000228881836,18.799999237060547,18093923,yfinance,False
2012-03-01,15.128155708312988,18.81999969482422,19.34000015258789,18.559999465942383,19.34000015258789,12382909,yfinance,False
2012-03-02,15.224624633789062,18.940000534057617,19.200000762939453,18.760000228881836,19.200000762939453,7206187,yfinance,False
2012-03-05,15.06385612487793,18.739999771118164,19.079999923706055,18.579999923706055,19.059999465942383,10916250,yfinance,False
2012-03-06,14.4529390335083,17.979999542236328,18.700000762939453,17.700000762939453,18.600000381469727,16244834,yfinance,False
2012-03-07,14.50117301940918,18.040000915527344,18.360000610351562,17.239999771118164,17.420000076293945,22415554,yfinance,False
2012-03-08,14.790552139282227,18.399999618530273,18.5,18.18000030517578,18.18000030517578,7221146,yfinance,False
2012-03-09,15.14423942565918,18.84000015258789,18.940000534057617,18.399999618530273,18.5,13741244,yfinance,False
2012-03-12,14.870936393737793,18.5,19.079999923706055,18.3799991607666,19.0,8883914,yfinance,False
2012-03-13,15.787303924560547,19.639999389648438,19.760000228881836,18.760000228881836,18.8799991607666,37342450,yfinance,False
2012-03-14,15.288928985595703,19.020000457763672,20.350000381469727,19.0,19.979999542236328,33317991,yfinance,False
2012-03-15,15.160314559936523,18.860000610351562,19.219999313354492,18.040000915527344,19.100000381469727,59765100,yfinance,False
2012-03-16,16.15707015991211,20.100000381469727,20.649999618530273,19.940000534057617,20.200000762939453,57540573,yfinance,False
2012-03-20,16.23745346069336,20.200000762939453,20.799999237060547,20.100000381469727,20.549999237060547,25599894,yfinance,False
2012-03-21,16.197263717651367,20.149999618530273,20.549999237060547,19.899999618530273,20.200000762939453,20734791,yfinance,False
2012-03-22,16.358028411865234,20.350000381469727,20.799999237060547,20.100000381469727,20.25,7086765,yfinance,False
2012-03-23,16.358028411865234,20.350000381469727,20.350000381469727,19.920000076293945,20.200000762939453,10417996,yfinance,False
2012-03-26,16.31783676147461,20.299999237060547,20.700000762939453,20.0,20.700000762939453,11799416,yfinance,False
2012-03-27,17.04128646850586,21.200000762939453,21.299999237060547,20.5,20.649999618530273,20459991,yfinance,False
2012-03-28,17.04128646850586,21.200000762939453,21.200000762939453,20.649999618530273,21.200000762939453,12271060,yfinance,False
2012-03-29,17.3226318359375,21.549999237060547,21.850000381469727,20.600000381469727,20.600000381469727,23622970,yfinance,False
2012-03-30,17.242244720458984,21.450000762939453,21.549999237060547,20.899999618530273,21.100000381469727,12440324,yfinance,False
2012-04-02,17.403013229370117,21.649999618530273,21.700000762939453,20.899999618530273,21.649999618530273,10226474,yfinance,False
2012-04-03,17.121671676635742,21.299999237060547,21.899999618530273,21.25,21.899999618530273,9887071,yfinance,False
2012-04-05,17.242244720458984,21.450000762939453,21.549999237060547,20.600000381469727,20.700000762939453,7349159,yfinance,False
2012-04-10,17.242244720458984,21.450000762939453,21.700000762939453,21.100000381469727,21.100000381469727,7083781,yfinance,False
2012-04-11,17.362823486328125,21.600000381469727,21.700000762939453,21.0,21.25,11782817,yfinance,False
2012-04-12,18.206850051879883,22.649999618530273,22.799999237060547,21.5,21.600000381469727,20903327,yfinance,False
2012-04-13,18.287229537963867,22.75,23.299999237060547,22.600000381469727,22.950000762939453,20884548,yfinance,False
2012-04-16,18.769533157348633,23.350000381469727,23.700000762939453,22.5,22.75,17807500,yfinance,False
2012-04-17,18.68914794921875,23.25,23.649999618530273,22.799999237060547,23.450000762939453,18519045,yfinance,False
2012-04-18,19.091062545776367,23.75,24.350000381469727,23.25,23.799999237060547,26567713,yfinance,False
2012-04-19,18.930299758911133,23.549999237060547,24.049999237060547,23.100000381469727,23.700000762939453,16253842,yfinance,False
2012-04-20,19.01068115234375,23.649999618530273,23.75,23.299999237060547,23.600000381469727,9467680,yfinance,False
2012-04-23,18.247037887573242,22.700000762939453,23.649999618530273,22.549999237060547,23.5,16936109,yfinance,False
2012-04-24,17.925508499145508,22.299999237060547,22.700000762939453,21.899999618530273,22.100000381469727,75270702,yfinance,False
2012-04-25,18.407808303833008,22.899999618530273,23.149999618530273,22.5,22.5,18056972,yfinance,False
2012-04-26,19.091062545776367,23.75,24.049999237060547,22.950000762939453,22.950000762939453,27139179,yfinance,False
2012-04-27,18.769533157348633,23.350000381469727,24.600000381469727,23.25,24.149999618530273,23979494,yfinance,False
2012-04-30,19.49298095703125,24.25,24.299999237060547,23.649999618530273,23.799999237060547,11544966,yfinance,False
2012-05-02,19.814516067504883,24.649999618530273,24.950000762939453,24.399999618530273,24.5,16519827,yfinance,False
2012-05-03,19.53317642211914,24.299999237060547,24.649999618530273,23.950000762939453,24.5,20231069,yfinance,False
2012-05-04,19.171445846557617,23.850000381469727,24.200000762939453,23.649999618530273,24.0,12280531,yfinance,False
2012-05-07,18.287229537963867,22.75,23.200000762939453,22.5,22.799999237060547,29980600,yfinance,False
2012-05-08,18.488191604614258,23.0,23.299999237060547,22.75,23.0,15033790,yfinance,False
2012-05-09,17.72454833984375,22.049999237060547,22.700000762939453,21.149999618530273,22.700000762939453,33604760,yfinance,False
2012-05-10,17.403013229370117,21.649999618530273,23.0,21.549999237060547,22.200000762939453,32236000,yfinance,False
2012-05-11,17.282438278198242,21.5,22.299999237060547,21.299999237060547,22.149999618530273,24891958,yfinance,False
2012-05-14,16.679567337036133,20.75,21.700000762939453,20.549999237060547,21.600000381469727,22158125,yfinance,False
2012-05-15,16.800132751464844,20.899999618530273,21.0,19.739999771118164,20.25,27840295,yfinance,False
2012-05-16,15.996301651000977,19.899999618530273,20.5,19.799999237060547,20.299999237060547,24341996,yfinance,False
2012-05-17,16.076688766479492,20.0,20.399999618530273,19.780000686645508,19.799999237060547,21761052,yfinance,False
2012-05-18,16.076688766479492,20.0,20.399999618530273,19.260000228881836,19.579999923706055,27623389,yfinance,False
2012-05-21,16.23745346069336,20.200000762939453,20.450000762939453,19.65999984741211,20.0,17257653,yfinance,False
2012-05-22,15.433621406555176,19.200000762939453,20.700000762939453,19.18000030517578,20.700000762939453,38890800,yfinance,False
2012-05-23,14.742323875427246,18.34000015258789,18.959999084472656,18.0,18.84000015258789,40845523,yfinance,False
2012-05-24,14.85486125946045,18.479999542236328,18.799999237060547,17.979999542236328,18.399999618530273,20686832,yfinance,False
2012-05-25,15.14423942565918,18.84000015258789,18.899999618530273,18.299999237060547,18.399999618530273,13432000,yfinance,False
2012-05-28,15.321084022521973,19.059999465942383,19.219999313354492,18.600000381469727,18.700000762939453,9798988,yfinance,False
2012-05-29,15.787303924560547,19.639999389648438,19.739999771118164,19.0,19.0,14945200,yfinance,False
2012-05-30,15.819458961486816,19.68000030517578,19.700000762939453,19.15999984741211,19.5,10164250,yfinance,False
2012-05-31,15.14423942565918,18.84000015258789,19.420000076293945,18.34000015258789,19.420000076293945,33547227,yfinance,False
2012-06-01,14.50117301940918,18.040000915527344,18.700000762939453,17.920000076293945,18.700000762939453,35720521,yfinance,False
2012-06-04,14.051025390625,17.479999542236328,17.700000762939453,16.940000534057617,17.700000762939453,24173288,yfinance,False
2012-06-05,14.485090255737305,18.020000457763672,18.3799991607666,17.700000762939453,17.700000762939453,10400486,yfinance,False
2012-06-06,14.661940574645996,18.239999771118164,18.559999465942383,18.100000381469727,18.219999313354492,15151342,yfinance,False
2012-06-07,14.54940128326416,18.100000381469727,18.81999969482422,17.940000534057617,18.5,9570345,yfinance,False
2012-06-08,14.83877944946289,18.459999084472656,18.780000686645508,18.1200008392334,18.260000228881836,11727044,yfinance,False
2012-06-11,15.67477035522461,19.5,19.5,19.040000915527344,19.18000030517578,16446001,yfinance,False
2012-06-12,15.722997665405273,19.559999465942383,19.6200008392334,18.799999237060547,19.0,12189791,yfinance,False
2012-06-13,15.835540771484375,19.700000762939453,19.899999618530273,19.440000534057617,19.700000762939453,11476000,yfinance,False
2012-06-14,15.128155708312988,18.81999969482422,19.600000381469727,18.6200008392334,19.559999465942383,11403680,yfinance,False
2012-06-15,14.83877944946289,18.459999084472656,19.100000381469727,18.34000015258789,18.68000030517578,19389568,yfinance,False
2012-06-18,14.99954605102539,18.65999984741211,19.100000381469727,18.600000381469727,19.0,8331752,yfinance,False
2012-06-19,15.272852897644043,19.0,19.260000228881836,18.68000030517578,18.68000030517578,9215012,yfinance,False
2012-06-20,16.277647018432617,20.25,20.399999618530273,19.100000381469727,19.3799991607666,24514778,yfinance,False
2012-06-21,16.06060791015625,19.979999542236328,20.600000381469727,19.959999084472656,20.5,21929294,yfinance,False
2012-06-22,15.690844535827637,19.520000457763672,19.899999618530273,19.280000686645508,19.399999618530273,17255452,yfinance,False
2012-06-25,15.449697494506836,19.219999313354492,19.600000381469727,19.040000915527344,19.5,9553709,yfinance,False
2012-06-26,14.565478324890137,18.1200008392334,18.65999984741211,17.899999618530273,18.65999984741211,46580456,yfinance,False
2012-06-27,15.07993221282959,18.760000228881836,19.1200008392334,18.219999313354492,18.299999237060547,26922000,yfinance,False
2012-06-28,14.93524169921875,18.579999923706055,19.079999923706055,18.399999618530273,18.940000534057617,12670902,yfinance,False
2012-06-29,15.401463508605957,19.15999984741211,19.420000076293945,18.479999542236328,18.739999771118164,17196257,yfinance,False
2012-07-03,15.224624633789062,18.940000534057617,19.3799991607666,18.639999389648438,19.34000015258789,19475250,yfinance,False
2012-07-04,15.272852897644043,19.0,19.100000381469727,18.68000030517578,18.799999237060547,7586412,yfinance,False
2012-07-05,15.192465782165527,18.899999618530273,19.020000457763672,18.6200008392334,19.0,5733000,yfinance,False
2012-07-06,15.59438419342041,19.399999618530273,19.459999084472656,19.139999389648438,19.200000762939453,15923505,yfinance,False
2012-07-09,15.128155708312988,18.81999969482422,19.260000228881836,18.65999984741211,19.260000228881836,8978414,yfinance,False
2012-07-10,15.208550453186035,18.920000076293945,19.0,18.600000381469727,18.760000228881836,7367083,yfinance,False
2012-07-11,15.658692359924316,19.479999542236328,19.700000762939453,18.459999084472656,18.65999984741211,8786906,yfinance,False
2012-07-12,15.272852897644043,19.0,19.219999313354492,18.899999618530273,19.200000762939453,6268200,yfinance,False
2012-07-13,15.208550453186035,18.920000076293945,19.059999465942383,18.600000381469727,19.0,4316320,yfinance,False
2012-07-16,15.449697494506836,19.219999313354492,19.440000534057617,19.059999465942383,19.15999984741211,6794164,yfinance,False
2012-07-17,15.288928985595703,19.020000457763672,19.399999618530273,18.700000762939453,19.31999969482422,9489000,yfinance,False
2012-07-18,14.951313972473145,18.600000381469727,19.15999984741211,18.520000457763672,19.15999984741211,9372297,yfinance,False
2012-07-19,15.48184585571289,19.260000228881836,19.299999237060547,18.799999237060547,18.979999542236328,12321000,yfinance,False
2012-07-20,15.4979248046875,19.280000686645508,19.5,19.200000762939453,19.260000228881836,5340242,yfinance,False
2012-07-23,15.015623092651367,18.68000030517578,19.079999923706055,18.579999923706055,19.079999923706055,3897700,yfinance,False
2012-07-24,14.967395782470703,18.6200008392334,18.799999237060547,18.100000381469727,18.100000381469727,4346000,yfinance,False
2012-07-25,14.50117301940918,18.040000915527344,18.440000534057617,17.920000076293945,18.34000015258789,13475726,yfinance,False
2012-07-26,14.099255561828613,17.540000915527344,18.0,16.979999542236328,17.6200008392334,26068245,yfinance,False
2012-07-27,14.629785537719727,18.200000762939453,18.219999313354492,17.68000030517578,17.81999969482422,12833887,yfinance,False
2012-07-30,15.224624633789062,18.940000534057617,19.0,18.559999465942383,18.739999771118164,12844000,yfinance,False
2012-07-31,15.031702995300293,18.700000762939453,18.899999618530273,18.600000381469727,18.760000228881836,7482192,yfinance,False
2012-08-01,15.30500316619873,19.040000915527344,19.139999389648438,18.100000381469727,18.600000381469727,13410530,yfinance,False
2012-08-02,15.2567720413208,18.979999542236328,19.200000762939453,18.719999313354492,18.920000076293945,3411735,yfinance,False
2012-08-03,15.272852897644043,19.0,19.079999923706055,18.700000762939453,18.700000762939453,2895293,yfinance,False
2012-08-06,15.51400375366211,19.299999237060547,19.579999923706055,19.219999313354492,19.34000015258789,7140357,yfinance,False
2012-08-07,15.787303924560547,19.639999389648438,19.700000762939453,19.399999618530273,19.440000534057617,12154400,yfinance,False
2012-08-08,16.06060791015625,19.979999542236328,20.100000381469727,19.600000381469727,19.979999542236328,12156722,yfinance,False
2012-08-09,16.277647018432617,20.25,20.25,19.979999542236328,20.0,8309282,yfinance,False
2012-08-10,16.04453468322754,19.959999084472656,20.100000381469727,19.799999237060547,19.8799991607666,6300151,yfinance,False
2012-08-13,15.996301651000977,19.899999618530273,20.149999618530273,19.639999389648438,20.149999618530273,6088350,yfinance,False
2012-08-14,16.15707015991211,20.100000381469727,20.200000762939453,19.81999969482422,19.959999084472656,6889563,yfinance,False
2012-08-15,16.518795013427734,20.549999237060547,20.799999237060547,19.8799991607666,20.100000381469727,11000699,yfinance,False
2012-08-16,17.242244720458984,21.450000762939453,21.600000381469727,20.649999618530273,20.649999618530273,19014387,yfinance,False
2012-08-17,17.925508499145508,22.299999237060547,22.5,21.600000381469727,21.700000762939453,23199537,yfinance,False
2012-08-20,18.086273193359375,22.5,22.5,21.600000381469727,22.25,8125171,yfinance,False
2012-08-21,18.407808303833008,22.899999618530273,23.049999237060547,22.600000381469727,22.600000381469727,13363300,yfinance,False
2012-08-22,17.885316848754883,22.25,22.75,22.0,22.549999237060547,8921986,yfinance,False
2012-08-23,18.086273193359375,22.5,22.600000381469727,22.049999237060547,22.149999618530273,9585161,yfinance,False
2012-08-24,18.086273193359375,22.5,22.5,22.049999237060547,22.399999618530273,7050350,yfinance,False
2012-08-27,17.483394622802734,21.75,23.299999237060547,21.5,22.649999618530273,11733000,yfinance,False
2012-08-28,17.603971481323242,21.899999618530273,22.450000762939453,21.799999237060547,21.899999618530273,19371920,yfinance,False
2012-08-29,18.206850051879883,22.649999618530273,23.100000381469727,22.350000381469727,23.100000381469727,305403462,yfinance,False
2012-08-30,17.925508499145508,22.299999237060547,22.600000381469727,22.0,22.549999237060547,14067724,yfinance,False
2012-08-31,17.72454833984375,22.049999237060547,22.149999618530273,21.899999618530273,22.049999237060547,12814862,yfinance,False
2012-09-03,17.764739990234375,22.100000381469727,22.5,22.0,22.100000381469727,8063600,yfinance,False
2012-09-04,17.925508499145508,22.299999237060547,22.5,22.100000381469727,22.100000381469727,5047000,yfinance,False
2012-09-05,17.523588180541992,21.799999237060547,22.200000762939453,21.75,22.149999618530273,10305403,yfinance,False
2012-09-06,16.63936996459961,20.700000762939453,21.850000381469727,20.450000762939453,21.850000381469727,28965226,yfinance,False
2012-09-07,17.523588180541992,21.799999237060547,21.899999618530273,21.149999618530273,21.5,17459637,yfinance,False
2012-09-10,18.206850051879883,22.649999618530273,22.75,21.850000381469727,22.0,17551000,yfinance,False
2012-09-11,18.608762741088867,23.149999618530273,23.200000762939453,22.25,22.5,14522360,yfinance,False
2012-09-12,18.608762741088867,23.149999618530273,23.600000381469727,22.649999618530273,23.25,21947405,yfinance,False
2012-09-13,19.171445846557617,23.850000381469727,24.0,23.049999237060547,23.049999237060547,16464782,yfinance,False
2012-09-14,20.0556640625,24.950000762939453,25.0,24.100000381469727,24.200000762939453,18870964,yfinance,False
2012-09-17,19.8948974609375,24.75,25.200000762939453,24.399999618530273,24.700000762939453,17295249,yfinance,False
2012-09-18,20.45758628845215,25.450000762939453,25.950000762939453,24.5,24.5,23290872,yfinance,False
2012-09-19,20.337005615234375,25.299999237060547,25.850000381469727,24.899999618530273,25.049999237060547,16672729,yfinance,False
2012-09-20,19.97528076171875,24.850000381469727,25.5,24.700000762939453,25.149999618530273,15143391,yfinance,False
2012-09-21,19.97528076171875,24.850000381469727,25.049999237060547,24.5,24.850000381469727,12882491,yfinance,False
2012-09-24,19.97528076171875,24.850000381469727,24.950000762939453,24.299999237060547,24.600000381469727,17022677,yfinance,False
2012-09-25,20.015474319458008,24.899999618530273,25.049999237060547,24.75,24.899999618530273,8798963,yfinance,False
2012-09-26,19.814516067504883,24.649999618530273,24.799999237060547,24.350000381469727,24.5,8655109,yfinance,False
2012-09-27,19.97528076171875,24.850000381469727,25.049999237060547,24.299999237060547,24.299999237060547,10018181,yfinance,False
2012-09-28,20.89969253540039,26.0,26.149999618530273,25.0,25.25,18718927,yfinance,False
2012-10-03,20.89969253540039,26.0,26.149999618530273,25.25,26.0,21519114,yfinance,False
2012-10-04,20.176244735717773,25.100000381469727,26.100000381469727,24.75,26.100000381469727,18698302,yfinance,False
2012-10-05,20.658544540405273,25.700000762939453,25.700000762939453,24.100000381469727,24.799999237060547,17503243,yfinance,False
2012-10-08,20.216432571411133,25.149999618530273,25.75,24.950000762939453,25.75,11607346,yfinance,False
2012-10-09,20.09585952758789,25.0,25.450000762939453,24.649999618530273,25.299999237060547,14789019,yfinance,False
2012-10-10,20.417390823364258,25.399999618530273,25.549999237060547,24.600000381469727,24.649999618530273,6710666,yfinance,False
2012-10-11,19.8948974609375,24.75,25.350000381469727,24.700000762939453,25.350000381469727,7486200,yfinance,False
2012-10-12,20.09585952758789,25.0,25.25,24.600000381469727,24.600000381469727,9947825,yfinance,False
2012-10-15,19.65375328063965,24.450000762939453,24.899999618530273,24.200000762939453,24.799999237060547,10198640,yfinance,False
2012-10-16,19.854705810546875,24.700000762939453,24.950000762939453,24.5,24.700000762939453,8156473,yfinance,False
2012-10-17,20.015474319458008,24.899999618530273,25.049999237060547,24.700000762939453,24.850000381469727,8865538,yfinance,False
2012-10-18,20.09585952758789,25.0,25.100000381469727,24.649999618530273,24.899999618530273,6362446,yfinance,False
2012-10-19,19.734134674072266,24.549999237060547,25.149999618530273,24.5,24.899999618530273,6344275,yfinance,False
2012-10-22,19.814516067504883,24.649999618530273,24.700000762939453,24.200000762939453,24.399999618530273,5295784,yfinance,False
2012-10-24,20.136051177978516,25.049999237060547,25.149999618530273,24.350000381469727,24.5,9493000,yfinance,False
2012-10-25,20.859500885009766,25.950000762939453,26.149999618530273,25.450000762939453,25.5,20696410,yfinance,False
2012-10-26,21.542760848999023,26.799999237060547,27.0,26.100000381469727,26.399999618530273,27795724,yfinance,False
2012-10-29,21.90447998046875,27.25,27.450000762939453,26.350000381469727,26.850000381469727,11893770,yfinance,False
2012-10-30,21.623140335083008,26.899999618530273,27.350000381469727,26.799999237060547,27.0,8955774,yfinance,False
2012-10-31,21.422183990478516,26.649999618530273,27.049999237060547,26.200000762939453,27.0,10455313,yfinance,False
2012-11-01,21.703527450561523,27.0,27.25,26.450000762939453,26.5,8682416,yfinance,False
2012-11-02,23.35138511657715,29.049999237060547,29.100000381469727,27.100000381469727,27.25,31012815,yfinance,False
2012-11-05,23.15042495727539,28.799999237060547,29.350000381469727,28.649999618530273,28.850000381469727,13331434,yfinance,False
2012-11-06,23.02985191345215,28.649999618530273,28.75,28.049999237060547,28.649999618530273,13042610,yfinance,False
2012-11-07,22.989662170410156,28.600000381469727,29.450000762939453,28.5,28.799999237060547,15920399,yfinance,False
2012-11-08,21.98487091064453,27.350000381469727,28.049999237060547,27.149999618530273,27.399999618530273,291182559,yfinance,False
2012-11-09,21.864294052124023,27.200000762939453,27.549999237060547,27.100000381469727,27.399999618530273,14401985,yfinance,False
2012-11-12,22.266206741333008,27.700000762939453,27.899999618530273,27.350000381469727,27.350000381469727,13102752,yfinance,False
2012-11-13,22.06525421142578,27.450000762939453,27.700000762939453,27.350000381469727,27.649999618530273,11383403,yfinance,False
2012-11-14,22.426977157592773,27.899999618530273,27.950000762939453,27.549999237060547,27.75,13158247,yfinance,False
2012-11-15,22.185823440551758,27.600000381469727,28.399999618530273,27.399999618530273,27.649999618530273,15589160,yfinance,False
2012-11-16,21.90447998046875,27.25,27.950000762939453,27.100000381469727,27.799999237060547,11936423,yfinance,False
2012-11-19,22.1456356048584,27.549999237060547,27.75,27.350000381469727,27.450000762939453,15738883,yfinance,False
2012-11-20,22.1456356048584,27.549999237060547,27.950000762939453,27.399999618530273,27.899999618530273,9484500,yfinance,False
2012-11-21,22.587743759155273,28.100000381469727,28.149999618530273,27.5,27.799999237060547,15626000,yfinance,False
2012-11-22,23.190622329711914,28.850000381469727,28.899999618530273,28.100000381469727,28.399999618530273,23256650,yfinance,False
2012-11-23,23.1102352142334,28.75,29.25,28.5,28.850000381469727,16922210,yfinance,False
2012-11-26,23.31119155883789,29.0,29.299999237060547,28.600000381469727,28.850000381469727,10347853,yfinance,False
2012-11-27,23.87387466430664,29.700000762939453,29.799999237060547,29.149999618530273,29.399999618530273,14333335,yfinance,False
2012-11-28,23.914072036743164,29.75,29.850000381469727,29.399999618530273,29.799999237060547,9066930,yfinance,False
2012-11-29,23.914072036743164,29.75,29.850000381469727,29.450000762939453,29.850000381469727,12152231,yfinance,False
2012-11-30,23.7533016204834,29.549999237060547,29.850000381469727,28.799999237060547,29.399999618530273,54592196,yfinance,False
2012-12-03,23.190622329711914,28.850000381469727,29.850000381469727,28.600000381469727,29.850000381469727,25629471,yfinance,False
2012-12-04,22.1456356048584,27.549999237060547,29.049999237060547,27.299999237060547,29.049999237060547,35173730,yfinance,False
2012-12-05,22.185823440551758,27.600000381469727,28.200000762939453,27.0,27.049999237060547,28918125,yfinance,False
2012-12-06,22.708322525024414,28.25,28.600000381469727,27.850000381469727,28.0,16931987,yfinance,False
2012-12-07,22.66813087463379,28.200000762939453,28.799999237060547,28.100000381469727,28.200000762939453,12438236,yfinance,False
2012-12-10,22.90927505493164,28.5,28.649999618530273,28.149999618530273,28.450000762939453,11702384,yfinance,False
2012-12-11,22.62793731689453,28.149999618530273,28.5,28.0,28.5,12089912,yfinance,False
2012-12-12,23.31119155883789,29.0,29.450000762939453,28.450000762939453,28.600000381469727,20580632,yfinance,False
2012-12-13,23.31119155883789,29.0,29.399999618530273,28.75,29.399999618530273,8605460,yfinance,False
2012-12-14,23.71311378479004,29.5,29.799999237060547,28.950000762939453,29.149999618530273,13215292,yfinance,False
2012-12-17,23.552349090576172,29.299999237060547,29.600000381469727,29.049999237060547,29.600000381469727,7101000,yfinance,False
2012-12-18,23.672922134399414,29.450000762939453,29.799999237060547,29.200000762939453,29.549999237060547,8003371,yfinance,False
2012-12-19,23.914072036743164,29.75,29.899999618530273,29.0,29.799999237060547,14475257,yfinance,False
2012-12-20,24.878671646118164,30.950000762939453,31.049999237060547,29.950000762939453,30.049999237060547,21393155,yfinance,False
2012-12-21,24.356182098388672,30.299999237060547,30.899999618530273,30.100000381469727,30.75,8912089,yfinance,False
2012-12-24,24.115028381347656,30.0,30.25,29.799999237060547,30.0,4924614,yfinance,False
2012-12-27,23.95426368713379,29.799999237060547,30.399999618530273,29.5,30.0,8280799,yfinance,False
2012-12-28,24.557138442993164,30.549999237060547,30.549999237060547,29.899999618530273,30.200000762939453,5728040,yfinance,False
2012-12-31,24.39637565612793,30.350000381469727,30.549999237060547,30.0,30.399999618530273,4049391,yfinance,False
2013-01-02,25.16001319885254,31.299999237060547,31.350000381469727,30.450000762939453,30.649999618530273,13860029,yfinance,False
2013-01-03,25.03943634033203,31.149999618530273,31.799999237060547,31.100000381469727,31.799999237060547,14422942,yfinance,False
2013-01-04,25.561933517456055,31.799999237060547,32.0,31.25,31.350000381469727,11674020,yfinance,False
2013-01-07,25.923660278320312,32.25,32.5,31.549999237060547,32.0,14659762,yfinance,False
2013-01-08,26.365768432617188,32.79999923706055,33.599998474121094,32.5,33.0,15973202,yfinance,False
2013-01-09,26.8078670501709,33.349998474121094,33.79999923706055,33.099998474121094,33.29999923706055,9653471,yfinance,False
2013-01-10,26.365768432617188,32.79999923706055,33.79999923706055,32.599998474121094,33.79999923706055,15375464,yfinance,False
2013-01-11,25.76289176940918,32.04999923706055,33.150001525878906,32.0,33.150001525878906,13479010,yfinance,False
2013-01-14,25.76289176940918,32.04999923706055,32.599998474121094,31.850000381469727,32.04999923706055,11189247,yfinance,False
2013-01-15,25.84327507019043,32.150001525878906,32.900001525878906,32.0,32.04999923706055,10777413,yfinance,False
2013-01-16,25.84327507019043,32.150001525878906,32.54999923706055,32.04999923706055,32.25,9782564,yfinance,False
2013-01-17,26.124610900878906,32.5,32.900001525878906,32.349998474121094,32.45000076293945,8603475,yfinance,False
2013-01-18,27.008827209472656,33.599998474121094,33.650001525878906,32.79999923706055,33.0,16104334,yfinance,False
2013-01-21,27.571516036987305,34.29999923706055,34.400001525878906,33.5,33.75,11739250,yfinance,False
2013-01-22,27.73228645324707,34.5,34.849998474121094,34.099998474121094,34.099998474121094,10674729,yfinance,False
2013-01-23,27.692092895507812,34.45000076293945,34.95000076293945,34.20000076293945,34.79999923706055,9491517,yfinance,False
2013-01-24,27.852855682373047,34.650001525878906,35.349998474121094,34.54999923706055,34.849998474121094,10860327,yfinance,False
2013-01-25,27.65190315246582,34.400001525878906,35.04999923706055,34.20000076293945,34.849998474121094,8008368,yfinance,False
2013-01-28,27.20979881286621,33.849998474121094,34.900001525878906,33.79999923706055,34.849998474121094,10954489,yfinance,False
2013-01-29,27.571516036987305,34.29999923706055,34.45000076293945,33.54999923706055,34.099998474121094,10193855,yfinance,False
2013-01-30,28.094011306762695,34.95000076293945,35.0,34.29999923706055,34.29999923706055,5386475,yfinance,False
2013-01-31,28.094011306762695,34.95000076293945,35.150001525878906,34.54999923706055,35.099998474121094,6042505,yfinance,False
2013-02-01,28.214588165283203,35.099998474121094,35.70000076293945,34.849998474121094,35.70000076293945,8491184,yfinance,False
2013-02-04,28.214588165283203,35.099998474121094,35.599998474121094,35.04999923706055,35.5,7911650,yfinance,False
2013-02-05,28.053821563720703,34.900001525878906,35.04999923706055,34.599998474121094,34.79999923706055,6359415,yfinance,False
2013-02-06,26.526535034179688,33.0,34.349998474121094,32.25,34.349998474121094,55494224,yfinance,False
2013-02-07,25.963850021362305,32.29999923706055,33.5,32.20000076293945,33.5,27854451,yfinance,False
2013-02-08,26.968645095825195,33.54999923706055,33.599998474121094,32.099998474121094,32.099998474121094,18139901,yfinance,False
2013-02-14,27.772476196289062,34.54999923706055,34.95000076293945,33.79999923706055,33.79999923706055,17591640,yfinance,False
2013-02-15,27.933242797851562,34.75,34.900001525878906,34.25,34.5,6335826,yfinance,False
2013-02-18,28.01362419128418,34.849998474121094,35.150001525878906,34.599998474121094,34.599998474121094,7973791,yfinance,False
2013-02-19,26.647113800048828,33.150001525878906,34.0,32.599998474121094,34.0,28339085,yfinance,False
2013-02-20,26.405954360961914,32.849998474121094,33.45000076293945,32.20000076293945,33.45000076293945,14753453,yfinance,False
2013-02-21,25.84327507019043,32.150001525878906,32.599998474121094,31.899999618530273,32.599998474121094,13589393,yfinance,False
2013-02-22,25.80307960510254,32.099998474121094,32.25,31.100000381469727,31.899999618530273,14159617,yfinance,False
2013-02-25,26.124610900878906,32.5,32.70000076293945,32.29999923706055,32.29999923706055,11961040,yfinance,False
2013-02-26,25.80307960510254,32.099998474121094,33.099998474121094,32.04999923706055,32.29999923706055,9831000,yfinance,False
2013-02-27,25.80307960510254,32.099998474121094,32.70000076293945,31.600000381469727,32.45000076293945,12441021,yfinance,False
2013-02-28,26.164806365966797,32.54999923706055,32.75,32.20000076293945,32.5,13599826,yfinance,False
2013-03-01,26.164806365966797,32.54999923706055,32.95000076293945,32.45000076293945,32.70000076293945,6967581,yfinance,False
2013-03-04,25.401165008544922,31.600000381469727,32.70000076293945,31.450000762939453,32.349998474121094,8766309,yfinance,False
2013-03-05,24.758100509643555,30.799999237060547,31.899999618530273,30.600000381469727,31.549999237060547,10087724,yfinance,False
2013-03-06,25.280588150024414,31.450000762939453,31.549999237060547,31.200000762939453,31.25,6739519,yfinance,False
2013-03-07,24.516948699951172,30.5,31.549999237060547,30.200000762939453,31.5,15491715,yfinance,False
2013-03-08,25.24039649963379,31.399999618530273,31.5,30.899999618530273,31.0,18410321,yfinance,False
2013-03-11,25.11982536315918,31.25,31.850000381469727,31.100000381469727,31.549999237060547,7923516,yfinance,False
2013-03-12,25.03943634033203,31.149999618530273,31.799999237060547,31.049999237060547,31.799999237060547,7634680,yfinance,False
2013-03-13,25.03943634033203,31.149999618530273,31.350000381469727,30.700000762939453,31.149999618530273,6854459,yfinance,False
2013-03-14,24.959056854248047,31.049999237060547,31.100000381469727,30.5,30.799999237060547,6739700,yfinance,False
2013-03-15,24.83847999572754,30.899999618530273,31.299999237060547,30.649999618530273,31.0,8776541,yfinance,False
2013-03-18,24.356182098388672,30.299999237060547,30.799999237060547,30.0,30.350000381469727,8806919,yfinance,False
2013-03-19,25.481548309326172,31.700000762939453,31.950000762939453,30.700000762939453,30.899999618530273,17045444,yfinance,False
2013-03-20,25.88346290588379,32.20000076293945,32.79999923706055,31.950000762939453,32.20000076293945,19234150,yfinance,False
2013-03-21,26.486343383789062,32.95000076293945,33.150001525878906,32.349998474121094,32.70000076293945,16112978,yfinance,False
2013-03-22,26.004039764404297,32.349998474121094,32.900001525878906,32.099998474121094,32.70000076293945,9839157,yfinance,False
2013-03-25,26.767683029174805,33.29999923706055,33.29999923706055,32.5,32.95000076293945,8447060,yfinance,False
2013-03-26,26.56672477722168,33.04999923706055,33.599998474121094,32.099998474121094,33.04999923706055,18216517,yfinance,False
2013-03-27,26.365768432617188,32.79999923706055,33.45000076293945,32.54999923706055,33.45000076293945,12873063,yfinance,False
2013-03-28,26.04422950744629,32.400001525878906,32.79999923706055,32.099998474121094,32.599998474121094,10391496,yfinance,False
2013-04-02,26.04422950744629,32.400001525878906,32.75,32.0,32.0,6972499,yfinance,False
2013-04-03,26.004039764404297,32.349998474121094,32.79999923706055,32.20000076293945,32.79999923706055,4879817,yfinance,False
2013-04-05,24.758100509643555,30.799999237060547,32.29999923706055,30.450000762939453,32.29999923706055,15190831,yfinance,False
2013-04-08,24.47675323486328,30.450000762939453,30.799999237060547,30.299999237060547,30.5,6647500,yfinance,False
2013-04-09,25.441354751586914,31.649999618530273,31.799999237060547,30.700000762939453,30.700000762939453,13208806,yfinance,False
2013-04-10,25.88346290588379,32.20000076293945,32.20000076293945,31.850000381469727,32.0,10112673,yfinance,False
2013-04-11,25.963850021362305,32.29999923706055,32.70000076293945,32.099998474121094,32.70000076293945,9476578,yfinance,False
2013-04-12,25.72269630432129,32.0,32.5,31.75,32.150001525878906,5289421,yfinance,False
2013-04-15,25.200204849243164,31.350000381469727,31.700000762939453,31.149999618530273,31.600000381469727,6814003,yfinance,False
2013-04-16,25.16001319885254,31.299999237060547,31.5,30.700000762939453,31.0,6479963,yfinance,False
2013-04-17,25.11982536315918,31.25,31.649999618530273,31.100000381469727,31.299999237060547,7222846,yfinance,False
2013-04-18,24.918867111206055,31.0,31.399999618530273,30.799999237060547,31.0,8134151,yfinance,False
2013-04-19,25.03943634033203,31.149999618530273,31.25,30.799999237060547,31.149999618530273,5659222,yfinance,False
2013-04-22,25.602121353149414,31.850000381469727,32.099998474121094,31.0,31.299999237060547,11247280,yfinance,False
2013-04-23,25.642314910888672,31.899999618530273,32.400001525878906,31.75,32.400001525878906,5970400,yfinance,False
2013-04-24,26.44614601135254,32.900001525878906,32.95000076293945,32.099998474121094,32.25,12212261,yfinance,False
2013-04-25,27.249988555908203,33.900001525878906,34.04999923706055,33.04999923706055,33.29999923706055,23384415,yfinance,False
2013-04-26,27.531328201293945,34.25,34.5,34.04999923706055,34.150001525878906,16095698,yfinance,False
2013-04-29,28.094011306762695,34.95000076293945,35.0,34.04999923706055,34.5,13282217,yfinance,False
2013-04-30,27.933242797851562,34.75,35.099998474121094,34.099998474121094,34.900001525878906,17266029,yfinance,False
2013-05-02,26.848066329956055,33.400001525878906,34.5,33.29999923706055,34.29999923706055,17078207,yfinance,False
2013-05-03,27.450942993164062,34.150001525878906,34.599998474121094,33.599998474121094,33.599998474121094,10909080,yfinance,False
2013-05-06,29.058610916137695,36.150001525878906,36.20000076293945,34.599998474121094,34.599998474121094,23909439,yfinance,False
2013-05-07,29.661489486694336,36.900001525878906,37.79999923706055,36.29999923706055,36.29999923706055,17119881,yfinance,False
2013-05-08,30.545705795288086,38.0,38.20000076293945,36.849998474121094,37.0,17739059,yfinance,False
2013-05-09,30.545705795288086,38.0,38.45000076293945,37.54999923706055,38.400001525878906,10814096,yfinance,False
2013-05-10,30.545705795288086,38.0,38.400001525878906,37.5,38.0,12011168,yfinance,False
2013-05-13,31.02800750732422,38.599998474121094,39.150001525878906,38.0,38.400001525878906,18035611,yfinance,False
2013-05-14,30.78685188293457,38.29999923706055,38.849998474121094,38.099998474121094,38.599998474121094,7980268,yfinance,False
2013-05-15,30.947622299194336,38.5,38.849998474121094,37.79999923706055,38.04999923706055,12892538,yfinance,False
2013-05-16,31.14857292175293,38.75,39.0,38.29999923706055,38.849998474121094,9692673,yfinance,False
2013-05-20,32.153377532958984,40.0,40.650001525878906,38.900001525878906,39.400001525878906,13331338,yfinance,False
2013-05-21,31.791648864746094,39.54999923706055,40.099998474121094,39.400001525878906,39.79999923706055,7851000,yfinance,False
2013-05-22,31.470115661621094,39.150001525878906,39.599998474121094,39.0,39.54999923706055,4115178,yfinance,False
2013-05-23,30.545705795288086,38.0,39.20000076293945,37.95000076293945,38.849998474121094,11255978,yfinance,False
2013-05-24,31.068193435668945,38.650001525878906,38.75,37.900001525878906,37.900001525878906,7723452,yfinance,False
2013-05-27,30.86724281311035,38.400001525878906,38.70000076293945,38.20000076293945,38.54999923706055,5986965,yfinance,False
2013-05-28,31.51030731201172,39.20000076293945,39.599998474121094,38.400001525878906,38.5,7789473,yfinance,False
2013-05-29,31.67108154296875,39.400001525878906,39.650001525878906,39.150001525878906,39.20000076293945,6712340,yfinance,False
2013-05-30,32.113182067871094,39.95000076293945,40.150001525878906,39.349998474121094,39.349998474121094,16889409,yfinance,False
2013-05-31,32.63567352294922,40.599998474121094,41.20000076293945,40.29999923706055,40.70000076293945,21443972,yfinance,False
2013-06-03,33.15816879272461,41.25,41.400001525878906,40.54999923706055,40.599998474121094,9455280,yfinance,False
2013-06-04,33.43951416015625,41.599998474121094,41.79999923706055,40.75,41.400001525878906,8491392,yfinance,False
2013-06-05,32.99740982055664,41.04999923706055,41.70000076293945,40.70000076293945,41.599998474121094,9301927,yfinance,False
2013-06-06,31.831836700439453,39.599998474121094,40.349998474121094,39.29999923706055,40.29999923706055,14488178,yfinance,False
2013-06-07,32.59547424316406,40.54999923706055,40.849998474121094,39.5,39.70000076293945,12688607,yfinance,False
2013-06-10,33.318931579589844,41.45000076293945,41.54999923706055,40.45000076293945,40.849998474121094,9962316,yfinance,False
2013-06-11,33.43951416015625,41.599998474121094,42.400001525878906,40.95000076293945,41.900001525878906,11039490,yfinance,False
2013-06-13,32.07298278808594,39.900001525878906,40.70000076293945,39.5,40.70000076293945,21861351,yfinance,False
2013-06-14,33.60026550292969,41.79999923706055,42.400001525878906,40.099998474121094,40.5,84717186,yfinance,False
2013-06-17,33.359134674072266,41.5,42.20000076293945,41.150001525878906,41.79999923706055,24973432,yfinance,False
2013-06-18,35.368709564208984,44.0,44.400001525878906,40.650001525878906,41.0,24530667,yfinance,False
2013-06-19,35.368709564208984,44.0,44.95000076293945,42.650001525878906,44.79999923706055,16032411,yfinance,False
2013-06-20,34.52468490600586,42.95000076293945,43.70000076293945,42.599998474121094,43.29999923706055,13669370,yfinance,False
2013-06-21,31.630884170532227,39.349998474121094,41.150001525878906,39.04999923706055,40.5,50167815,yfinance,False
2013-06-24,29.82225227355957,37.099998474121094,39.349998474121094,35.95000076293945,38.900001525878906,40660450,yfinance,False
2013-06-25,30.425134658813477,37.849998474121094,38.70000076293945,34.650001525878906,36.45000076293945,39475235,yfinance,False
2013-06-26,30.947622299194336,38.5,39.29999923706055,37.599998474121094,38.599998474121094,18660921,yfinance,False
2013-06-27,30.666282653808594,38.150001525878906,38.95000076293945,37.900001525878906,38.70000076293945,13406913,yfinance,False
2013-06-28,30.545705795288086,38.0,38.599998474121094,37.79999923706055,38.599998474121094,12388920,yfinance,False
2013-07-02,30.14378547668457,37.5,38.20000076293945,37.0,38.0,16198558,yfinance,False
2013-07-03,29.581104278564453,36.79999923706055,37.75,36.45000076293945,37.75,15461794,yfinance,False
2013-07-04,29.581104278564453,36.79999923706055,37.45000076293945,36.349998474121094,37.29999923706055,7271822,yfinance,False
2013-07-05,30.063405990600586,37.400001525878906,37.54999923706055,36.599998474121094,37.04999923706055,10568731,yfinance,False
2013-07-08,29.701679229736328,36.95000076293945,37.20000076293945,36.20000076293945,36.900001525878906,7848588,yfinance,False
2013-07-09,28.57630729675293,35.54999923706055,36.849998474121094,35.45000076293945,36.54999923706055,23085546,yfinance,False
2013-07-10,29.21937370300293,36.349998474121094,36.70000076293945,35.900001525878906,35.900001525878906,16417484,yfinance,False
2013-07-11,31.309349060058594,38.95000076293945,39.099998474121094,36.849998474121094,36.95000076293945,24828651,yfinance,False
2013-07-12,30.987815856933594,38.54999923706055,39.349998474121094,38.29999923706055,39.349998474121094,7720560,yfinance,False
2013-07-15,30.666282653808594,38.150001525878906,38.849998474121094,37.70000076293945,38.79999923706055,7555263,yfinance,False
2013-07-16,30.746671676635742,38.25,38.599998474121094,37.70000076293945,38.45000076293945,5297062,yfinance,False
2013-07-17,31.10839080810547,38.70000076293945,39.75,38.20000076293945,38.45000076293945,13231648,yfinance,False
2013-07-18,31.309349060058594,38.95000076293945,39.20000076293945,38.5,39.0,6381202,yfinance,False
2013-07-19,31.4299259185791,39.099998474121094,39.70000076293945,38.75,39.25,9267594,yfinance,False
2013-07-22,31.55050277709961,39.25,39.70000076293945,39.0,39.45000076293945,4082782,yfinance,False
2013-07-23,32.23375701904297,40.099998474121094,40.400001525878906,39.45000076293945,39.650001525878906,10958080,yfinance,False
2013-07-24,32.917022705078125,40.95000076293945,41.25,39.79999923706055,40.25,11002644,yfinance,False
2013-07-25,32.675872802734375,40.650001525878906,41.349998474121094,40.400001525878906,41.04999923706055,7217949,yfinance,False
2013-07-26,32.394527435302734,40.29999923706055,41.54999923706055,40.0,40.400001525878906,9396559,yfinance,False
2013-07-29,32.07298278808594,39.900001525878906,40.349998474121094,39.349998474121094,40.099998474121094,7916386,yfinance,False
2013-07-30,32.43471908569336,40.349998474121094,40.599998474121094,39.599998474121094,39.95000076293945,8548883,yfinance,False
2013-07-31,32.83663558959961,40.849998474121094,41.29999923706055,40.400001525878906,40.400001525878906,8463053,yfinance,False
2013-08-01,33.238548278808594,41.349998474121094,41.599998474121094,40.95000076293945,41.150001525878906,4963602,yfinance,False
2013-08-02,32.87682342529297,40.900001525878906,42.0,40.75,41.599998474121094,7934851,yfinance,False
2013-08-05,32.917022705078125,40.95000076293945,41.900001525878906,40.5,40.79999923706055,5247281,yfinance,False
2013-08-06,33.60026550292969,41.79999923706055,42.150001525878906,40.849998474121094,41.0,7331704,yfinance,False
2013-08-07,32.83663558959961,40.849998474121094,42.099998474121094,40.54999923706055,41.349998474121094,7069276,yfinance,False
2013-08-08,33.359134674072266,41.5,41.650001525878906,40.95000076293945,41.349998474121094,4540052,yfinance,False
2013-08-09,33.15816879272461,41.25,41.70000076293945,41.04999923706055,41.5,5259426,yfinance,False
2013-08-12,34.12277603149414,42.45000076293945,42.5,41.099998474121094,41.150001525878906,11283585,yfinance,False
2013-08-13,35.00699234008789,43.54999923706055,43.599998474121094,42.70000076293945,42.79999923706055,9948389,yfinance,False
2013-08-14,35.00699234008789,43.54999923706055,43.54999923706055,43.54999923706055,43.54999923706055,0,yfinance,False
2013-08-15,34.846221923828125,43.349998474121094,44.25,43.099998474121094,43.70000076293945,12584006,yfinance,False
2013-08-16,35.28831481933594,43.900001525878906,44.099998474121094,42.79999923706055,43.099998474121094,6584060,yfinance,False
2013-08-19,35.368709564208984,44.0,44.150001525878906,43.20000076293945,43.20000076293945,5395491,yfinance,False
2013-08-20,34.48448944091797,42.900001525878906,44.20000076293945,42.20000076293945,44.0,8270165,yfinance,False
2013-08-21,34.96678924560547,43.5,43.900001525878906,42.95000076293945,43.5,11623946,yfinance,False
2013-08-22,35.00699234008789,43.54999923706055,44.0,43.150001525878906,43.25,6003812,yfinance,False
2013-08-23,35.650047302246094,44.349998474121094,44.75,43.849998474121094,43.849998474121094,10671229,yfinance,False
2013-08-26,36.534263610839844,45.45000076293945,45.599998474121094,44.650001525878906,44.95000076293945,11175215,yfinance,False
2013-08-27,36.976383209228516,46.0,46.29999923706055,45.0,45.0,14745037,yfinance,False
2013-08-28,36.29311752319336,45.150001525878906,45.5,44.599998474121094,45.29999923706055,16820379,yfinance,False
2013-08-29,36.936187744140625,45.95000076293945,46.0,45.04999923706055,45.29999923706055,8246620,yfinance,False
2013-08-30,37.94098663330078,47.20000076293945,47.349998474121094,45.95000076293945,45.95000076293945,12943799,yfinance,False
2013-09-02,39.50846481323242,49.150001525878906,49.599998474121094,47.5,47.95000076293945,22063693,yfinance,False
2013-09-03,40.15151596069336,49.95000076293945,50.20000076293945,49.5,49.70000076293945,12549838,yfinance,False
2013-09-04,39.9505615234375,49.70000076293945,50.599998474121094,49.099998474121094,49.150001525878906,7605610,yfinance,False
2013-09-05,40.55344009399414,50.45000076293945,50.599998474121094,50.0,50.0,9063278,yfinance,False
2013-09-06,40.19171905517578,50.0,50.25,49.79999923706055,50.04999923706055,9259299,yfinance,False
2013-09-09,40.95536804199219,50.95000076293945,51.599998474121094,49.75,49.75,7955867,yfinance,False
2013-09-10,42.52283477783203,52.900001525878906,52.95000076293945,51.0,51.0,9483822,yfinance,False
2013-09-11,42.28168487548828,52.599998474121094,53.54999923706055,52.25,52.70000076293945,13265019,yfinance,False
2013-09-12,42.84436798095703,53.29999923706055,53.29999923706055,52.25,52.79999923706055,11143863,yfinance,False
2013-09-13,42.08073425292969,52.349998474121094,53.5,51.900001525878906,53.5,11350554,yfinance,False
2013-09-16,44.49224090576172,55.349998474121094,55.5,53.599998474121094,53.599998474121094,11741740,yfinance,False
2013-09-17,43.527626037597656,54.150001525878906,55.04999923706055,53.400001525878906,54.900001525878906,15470902,yfinance,False
2013-09-18,43.125701904296875,53.650001525878906,54.5,53.5,54.5,8232052,yfinance,False
2013-09-19,44.33146286010742,55.150001525878906,56.0,54.75,55.5,13340677,yfinance,False
2013-09-23,43.88935852050781,54.599998474121094,55.75,54.0,54.0,6991896,yfinance,False
2013-09-24,42.964942932128906,53.45000076293945,54.54999923706055,53.099998474121094,54.29999923706055,14284652,yfinance,False
2013-09-25,43.1659049987793,53.70000076293945,54.45000076293945,53.29999923706055,53.29999923706055,13399918,yfinance,False
2013-09-26,43.48743438720703,54.099998474121094,54.45000076293945,53.79999923706055,53.95000076293945,8950360,yfinance,False
2013-09-27,44.17068862915039,54.95000076293945,55.04999923706055,54.25,54.25,8596318,yfinance,False
2013-09-30,43.72858810424805,54.400001525878906,55.650001525878906,53.75,54.5,9392110,yfinance,False
2013-10-02,44.8941535949707,55.849998474121094,55.900001525878906,55.25,55.5,15369678,yfinance,False
2013-10-03,47.18507766723633,58.70000076293945,58.79999923706055,56.5,57.0,12581807,yfinance,False
2013-10-04,45.7381706237793,56.900001525878906,58.29999923706055,55.5,58.29999923706055,25656478,yfinance,False
2013-10-07,45.939125061035156,57.150001525878906,57.75,56.099998474121094,56.75,9160484,yfinance,False
2013-10-08,46.26066589355469,57.54999923706055,58.0,57.0,57.650001525878906,6714619,yfinance,False
2013-10-09,45.81855010986328,57.0,57.400001525878906,56.5,57.099998474121094,6181200,yfinance,False
2013-10-10,45.53721618652344,56.650001525878906,57.900001525878906,55.099998474121094,57.54999923706055,12278347,yfinance,False
2013-10-11,46.01951217651367,57.25,58.0,57.04999923706055,57.75,6365187,yfinance,False
2013-10-15,47.1448860168457,58.650001525878906,58.79999923706055,57.099998474121094,57.29999923706055,12741700,yfinance,False
2013-10-16,46.0597038269043,57.29999923706055,58.650001525878906,57.0,58.650001525878906,9848558,yfinance,False
2013-10-17,46.1802864074707,57.45000076293945,58.29999923706055,57.25,57.79999923706055,7575894,yfinance,False
2013-10-18,48.06928634643555,59.79999923706055,60.0,57.849998474121094,58.150001525878906,18056400,yfinance,False
2013-10-21,50.279842376708984,62.54999923706055,63.75,59.95000076293945,60.0,12980283,yfinance,False
2013-10-22,48.02910232543945,59.75,61.900001525878906,59.75,61.900001525878906,19934929,yfinance,False
2013-10-23,48.06928634643555,59.79999923706055,61.25,59.54999923706055,60.29999923706055,20409853,yfinance,False
2013-10-24,48.55159378051758,60.400001525878906,61.099998474121094,58.650001525878906,59.349998474121094,15074934,yfinance,False
2013-10-25,48.02910232543945,59.75,60.900001525878906,59.349998474121094,60.0,9291344,yfinance,False
2013-10-28,46.7027702331543,58.099998474121094,59.5,58.0,58.0,13204970,yfinance,False
2013-10-29,45.17548751831055,56.20000076293945,58.54999923706055,56.099998474121094,58.099998474121094,14802375,yfinance,False
2013-10-30,47.46641540527344,59.04999923706055,59.150001525878906,56.79999923706055,57.0,14226845,yfinance,False
2013-10-31,46.501808166503906,57.849998474121094,58.900001525878906,57.79999923706055,58.400001525878906,9150452,yfinance,False
2013-11-01,47.34584426879883,58.900001525878906,60.0,57.29999923706055,57.849998474121094,6196300,yfinance,False
2013-11-04,47.06450653076172,58.54999923706055,59.849998474121094,57.599998474121094,59.5,5943573,yfinance,False
2013-11-05,46.38124465942383,57.70000076293945,59.0,57.150001525878906,59.0,5203955,yfinance,False
2013-11-06,46.30084991455078,57.599998474121094,58.400001525878906,57.54999923706055,57.79999923706055,4996355,yfinance,False
2013-11-07,46.14008712768555,57.400001525878906,58.150001525878906,57.349998474121094,57.599998474121094,6189514,yfinance,False
2013-11-08,46.38124465942383,57.70000076293945,58.0,56.70000076293945,57.150001525878906,6226717,yfinance,False
2013-11-11,46.74296951293945,58.150001525878906,58.400001525878906,57.75,58.0,5624204,yfinance,False
2013-11-12,46.1802864074707,57.45000076293945,58.400001525878906,56.79999923706055,58.349998474121094,5875399,yfinance,False
2013-11-13,45.939125061035156,57.150001525878906,58.20000076293945,56.79999923706055,56.79999923706055,5728939,yfinance,False
2013-11-14,46.2204704284668,57.5,57.900001525878906,56.900001525878906,57.45000076293945,7660438,yfinance,False
2013-11-15,46.90373992919922,58.349998474121094,58.54999923706055,57.650001525878906,57.849998474121094,7323769,yfinance,False
2013-11-18,48.55159378051758,60.400001525878906,61.20000076293945,59.349998474121094,59.5,16597108,yfinance,False
2013-11-19,47.94871520996094,59.650001525878906,61.45000076293945,59.0,61.150001525878906,8855998,yfinance,False
2013-11-20,47.54679870605469,59.150001525878906,60.0,59.0,59.75,6162420,yfinance,False
2013-11-21,47.06450653076172,58.54999923706055,59.150001525878906,58.5,59.0,5020626,yfinance,False
2013-11-22,47.94871520996094,59.650001525878906,59.900001525878906,58.650001525878906,59.45000076293945,6867783,yfinance,False
2013-11-25,48.02910232543945,59.75,60.20000076293945,59.29999923706055,60.20000076293945,4614349,yfinance,False
2013-11-26,48.02910232543945,59.75,60.5,59.45000076293945,59.95000076293945,5380405,yfinance,False
2013-11-27,48.91331481933594,60.849998474121094,61.04999923706055,59.54999923706055,59.54999923706055,7677806,yfinance,False
2013-11-28,48.39082336425781,60.20000076293945,61.45000076293945,60.150001525878906,61.0,5934707,yfinance,False
2013-11-29,48.79275131225586,60.70000076293945,61.0,60.20000076293945,60.25,3398252,yfinance,False
2013-12-02,49.27503967285156,61.29999923706055,61.349998474121094,60.599998474121094,61.0,5887460,yfinance,False
2013-12-03,50.07887268066406,62.29999923706055,62.79999923706055,61.20000076293945,61.5,9392864,yfinance,False
2013-12-04,50.11906814575195,62.349998474121094,63.29999923706055,61.25,62.04999923706055,9598538,yfinance,False
2013-12-05,50.92290115356445,63.349998474121094,63.45000076293945,62.349998474121094,62.75,7836008,yfinance,False
2013-12-06,51.08366394042969,63.54999923706055,63.95000076293945,63.0,63.5,6409233,yfinance,False
2013-12-09,51.40520477294922,63.95000076293945,64.0999984741211,63.400001525878906,64.0,8920029,yfinance,False
2013-12-10,51.043479919433594,63.5,64.30000305175781,62.70000076293945,64.30000305175781,7716282,yfinance,False
2013-12-11,51.0032844543457,63.45000076293945,64.3499984741211,63.20000076293945,64.0,9607677,yfinance,False
2013-12-12,52.40999221801758,65.19999694824219,65.25,62.79999923706055,62.900001525878906,12248580,yfinance,False
2013-12-13,53.97747802734375,67.1500015258789,67.25,64.69999694824219,65.44999694824219,13451981,yfinance,False
2013-12-16,55.90668869018555,69.55000305175781,69.8499984741211,66.55000305175781,66.69999694824219,14193170,yfinance,False
2013-12-17,55.14303207397461,68.5999984741211,70.4000015258789,68.44999694824219,70.19999694824219,13787410,yfinance,False
2013-12-18,55.8262825012207,69.44999694824219,69.80000305175781,68.4000015258789,69.0999984741211,8768200,yfinance,False
2013-12-19,54.459781646728516,67.75,69.94999694824219,67.05000305175781,69.94999694824219,9169907,yfinance,False
2013-12-20,53.01287078857422,65.94999694824219,67.5,65.25,67.0,11449520,yfinance,False
2013-12-23,54.37939453125,67.6500015258789,68.4000015258789,65.30000305175781,66.0,8917048,yfinance,False
2013-12-24,55.14303207397461,68.5999984741211,68.94999694824219,68.05000305175781,68.44999694824219,5745781,yfinance,False
2013-12-27,54.901885986328125,68.30000305175781,68.69999694824219,67.69999694824219,68.19999694824219,5141055,yfinance,False
2013-12-30,55.42436599731445,68.94999694824219,69.5999984741211,68.5,68.5,7090500,yfinance,False
2013-12-31,55.90668869018555,69.55000305175781,70.1500015258789,68.94999694824219,69.0999984741211,6227533,yfinance,False
2014-01-02,56.670318603515625,70.5,70.75,69.1500015258789,70.0,9294360,yfinance,False
2014-01-03,56.7908821105957,70.6500015258789,71.69999694824219,69.4000015258789,70.4000015258789,10617615,yfinance,False
2014-01-06,57.474151611328125,71.5,71.94999694824219,69.9000015258789,71.0999984741211,7511338,yfinance,False
2014-01-07,60.72969436645508,75.55000305175781,75.55000305175781,71.19999694824219,71.69999694824219,18907010,yfinance,False
2014-01-08,62.77945327758789,78.0999984741211,78.69999694824219,75.30000305175781,76.5,16158903,yfinance,False
2014-01-09,61.21199417114258,76.1500015258789,77.94999694824219,75.44999694824219,77.0,11263658,yfinance,False
2014-01-10,60.32777786254883,75.05000305175781,77.44999694824219,75.0,75.5,9328570,yfinance,False
2014-01-13,61.9354248046875,77.05000305175781,77.0999984741211,75.0999984741211,76.0,7747213,yfinance,False
2014-01-14,62.37753677368164,77.5999984741211,78.94999694824219,76.05000305175781,76.5,7807961,yfinance,False
2014-01-15,62.49811553955078,77.75,78.05000305175781,76.5999984741211,77.4000015258789,7968939,yfinance,False
2014-01-16,63.50291061401367,79.0,79.25,77.6500015258789,78.30000305175781,8345970,yfinance,False
2014-01-17,66.8790283203125,83.19999694824219,83.4000015258789,78.8499984741211,79.0,15159530,yfinance,False
2014-01-20,66.51730346679688,82.75,84.5,81.5999984741211,83.0,15428359,yfinance,False
2014-01-21,65.4722900390625,81.44999694824219,83.0999984741211,81.19999694824219,83.0999984741211,13775303,yfinance,False
2014-01-22,61.85506057739258,76.94999694824219,79.4000015258789,75.8499984741211,79.0999984741211,30957443,yfinance,False
2014-01-23,60.60909652709961,75.4000015258789,77.1500015258789,72.69999694824219,76.0,25276845,yfinance,False
2014-01-24,59.12202835083008,73.55000305175781,77.4000015258789,73.44999694824219,74.4000015258789,16700018,yfinance,False
2014-01-27,59.44355392456055,73.94999694824219,74.0,68.19999694824219,71.19999694824219,32776638,yfinance,False
2014-01-28,61.2923698425293,76.25,76.9000015258789,73.55000305175781,74.4000015258789,19167617,yfinance,False
2014-01-29,59.80525588989258,74.4000015258789,77.19999694824219,74.0,77.0,12434442,yfinance,False
2014-01-30,61.33256530761719,76.30000305175781,76.5,72.1500015258789,72.44999694824219,9625436,yfinance,False
2014-02-04,57.474151611328125,71.5,74.5,71.44999694824219,74.5,18704327,yfinance,False
2014-02-05,53.2540283203125,66.25,73.5,65.0999984741211,72.69999694824219,39192766,yfinance,False
2014-02-06,57.15261459350586,71.0999984741211,72.0,67.55000305175781,69.9000015258789,29435312,yfinance,False
2014-02-07,57.15261459350586,71.0999984741211,74.30000305175781,70.9000015258789,71.0999984741211,20636564,yfinance,False
2014-02-10,55.94687271118164,69.5999984741211,71.6500015258789,69.19999694824219,71.6500015258789,15497193,yfinance,False
2014-02-11,57.99665451049805,72.1500015258789,72.75,70.0999984741211,70.0999984741211,11554713,yfinance,False
2014-02-12,58.800472259521484,73.1500015258789,73.19999694824219,71.19999694824219,73.0,12860318,yfinance,False
2014-02-13,58.31819152832031,72.55000305175781,73.3499984741211,72.05000305175781,72.5,9561754,yfinance,False
2014-02-14,59.72489547729492,74.30000305175781,74.4000015258789,72.80000305175781,74.19999694824219,11998574,yfinance,False
2014-02-17,57.795677185058594,71.9000015258789,74.9000015258789,71.55000305175781,74.9000015258789,12023661,yfinance,False
2014-02-18,58.67988967895508,73.0,73.5,71.44999694824219,71.9000015258789,8375841,yfinance,False
2014-02-19,57.55453872680664,71.5999984741211,72.80000305175781,70.5,72.44999694824219,10339455,yfinance,False
2014-02-20,57.634918212890625,71.69999694824219,72.30000305175781,70.5,70.6500015258789,9384438,yfinance,False
2014-02-21,58.43874740600586,72.69999694824219,72.80000305175781,71.80000305175781,72.0999984741211,6289548,yfinance,False
2014-02-24,58.15741729736328,72.3499984741211,72.9000015258789,71.55000305175781,72.8499984741211,6390266,yfinance,False
2014-02-25,59.88566207885742,74.5,75.44999694824219,72.94999694824219,73.44999694824219,15770179,yfinance,False
2014-02-26,60.76986312866211,75.5999984741211,75.75,74.5,74.8499984741211,9005763,yfinance,False
2014-02-27,62.9000358581543,78.25,78.5,76.55000305175781,76.69999694824219,15754457,yfinance,False
2014-02-28,62.5784912109375,77.8499984741211,80.44999694824219,77.05000305175781,79.0,14356444,yfinance,False
2014-03-03,61.21199417114258,76.1500015258789,80.30000305175781,75.05000305175781,76.8499984741211,13844560,yfinance,False
2014-03-04,62.29714584350586,77.5,77.75,76.25,76.25,7466526,yfinance,False
2014-03-05,62.41773223876953,77.6500015258789,79.5,77.55000305175781,79.1500015258789,8458743,yfinance,False
2014-03-06,62.2569694519043,77.44999694824219,78.4000015258789,76.5999984741211,77.8499984741211,5544801,yfinance,False
2014-03-07,60.76986312866211,75.5999984741211,77.69999694824219,75.30000305175781,77.69999694824219,9941416,yfinance,False
2014-03-10,58.800472259521484,73.1500015258789,74.4000015258789,73.0,74.05000305175781,13593314,yfinance,False
2014-03-11,60.04642105102539,74.69999694824219,75.0999984741211,73.05000305175781,73.75,11814025,yfinance,False
2014-03-12,59.72489547729492,74.30000305175781,74.80000305175781,73.3499984741211,74.1500015258789,11799189,yfinance,False
2014-03-13,58.519142150878906,72.80000305175781,74.75,72.5,74.44999694824219,8460716,yfinance,False
2014-03-14,57.15261459350586,71.0999984741211,71.9000015258789,69.75,71.8499984741211,16089589,yfinance,False
2014-03-17,59.64450454711914,74.19999694824219,74.94999694824219,70.5,71.1500015258789,10905839,yfinance,False
2014-03-18,59.56413650512695,74.0999984741211,75.55000305175781,73.6500015258789,74.44999694824219,14818826,yfinance,False
2014-03-19,57.87607955932617,72.0,75.0999984741211,70.25,74.6500015258789,18289906,yfinance,False
2014-03-20,56.71050262451172,70.55000305175781,71.80000305175781,70.0999984741211,70.3499984741211,16149336,yfinance,False
2014-03-21,56.4693717956543,70.25,72.05000305175781,69.8499984741211,70.9000015258789,12942124,yfinance,False
2014-03-24,57.23299789428711,71.19999694824219,71.44999694824219,69.55000305175781,70.6500015258789,10152753,yfinance,False
2014-03-25,56.22820281982422,69.94999694824219,70.75,69.30000305175781,70.25,14259418,yfinance,False
2014-03-26,55.14303207397461,68.5999984741211,71.1500015258789,68.4000015258789,70.19999694824219,13758036,yfinance,False
2014-03-27,52.168853759765625,64.9000015258789,68.19999694824219,64.3499984741211,67.55000305175781,38478880,yfinance,False
2014-03-28,53.01287078857422,65.94999694824219,66.3499984741211,64.75,65.0999984741211,23643457,yfinance,False
2014-03-31,54.2186164855957,67.44999694824219,68.19999694824219,66.9000015258789,67.0,13959432,yfinance,False
2014-04-01,58.519142150878906,72.80000305175781,73.25,68.80000305175781,69.0,20066388,yfinance,False
2014-04-02,57.795677185058594,71.9000015258789,74.44999694824219,70.9000015258789,74.19999694824219,11893231,yfinance,False
2014-04-03,58.07704162597656,72.25,72.9000015258789,70.9000015258789,72.5,9291987,yfinance,False
2014-04-04,57.87607955932617,72.0,73.0,71.3499984741211,72.3499984741211,5835962,yfinance,False
2014-04-07,54.620540618896484,67.94999694824219,70.55000305175781,67.80000305175781,70.0,18561696,yfinance,False
2014-04-08,53.77651596069336,66.9000015258789,68.75,66.80000305175781,67.80000305175781,17218860,yfinance,False
2014-04-09,55.62533187866211,69.19999694824219,69.30000305175781,67.5999984741211,67.6500015258789,14869801,yfinance,False
2014-04-10,58.5593376159668,72.8499984741211,73.25,67.75,69.5999984741211,25676845,yfinance,False
2014-04-11,56.7908821105957,70.6500015258789,73.0,70.0,71.69999694824219,14906211,yfinance,False
2014-04-14,56.30860137939453,70.05000305175781,71.1500015258789,69.19999694824219,70.5999984741211,7253001,yfinance,False
2014-04-15,55.223411560058594,68.69999694824219,70.5,68.3499984741211,70.0999984741211,10729628,yfinance,False
2014-04-16,54.459781646728516,67.75,68.75,67.6500015258789,68.05000305175781,10672333,yfinance,False
2014-04-17,54.821495056152344,68.19999694824219,69.0999984741211,68.05000305175781,68.8499984741211,12044681,yfinance,False
2014-04-22,54.700931549072266,68.05000305175781,68.80000305175781,67.8499984741211,68.0,7638176,yfinance,False
2014-04-23,55.544952392578125,69.0999984741211,70.1500015258789,68.55000305175781,69.5,15365306,yfinance,False
2014-04-24,55.8262825012207,69.44999694824219,69.6500015258789,67.80000305175781,69.0,8023110,yfinance,False
2014-04-25,54.25880813598633,67.5,69.19999694824219,67.30000305175781,68.94999694824219,17030729,yfinance,False
2014-04-28,52.490394592285156,65.30000305175781,67.5,65.0999984741211,66.94999694824219,17835971,yfinance,False
2014-04-29,50.07887268066406,62.29999923706055,64.6500015258789,61.75,64.5999984741211,41271121,yfinance,False
2014-04-30,48.91331481933594,60.849998474121094,64.0,60.79999923706055,63.0,30253356,yfinance,False
2014-05-02,50.40040969848633,62.70000076293945,62.79999923706055,60.849998474121094,62.0,15292246,yfinance,False
2014-05-05,49.918113708496094,62.099998474121094,63.25,61.599998474121094,63.0,13009405,yfinance,False
2014-05-07,48.18987274169922,59.95000076293945,61.5,59.150001525878906,61.5,22297445,yfinance,False
2014-05-08,44.532413482666016,55.400001525878906,59.79999923706055,54.25,59.75,62529689,yfinance,False
2014-05-09,47.02431106567383,58.5,58.70000076293945,56.79999923706055,56.95000076293945,34133773,yfinance,False
2014-05-12,47.70756912231445,59.349998474121094,59.849998474121094,57.150001525878906,59.0,22694931,yfinance,False
2014-05-13,47.42622756958008,59.0,60.29999923706055,58.54999923706055,59.5,9234797,yfinance,False
2014-05-14,47.34584426879883,58.900001525878906,59.45000076293945,57.900001525878906,59.0,11305061,yfinance,False
2014-05-15,47.22526931762695,58.75,59.400001525878906,57.349998474121094,59.400001525878906,11463106,yfinance,False
2014-05-16,47.104698181152344,58.599998474121094,58.599998474121094,57.599998474121094,58.099998474121094,8447376,yfinance,False
2014-05-19,47.02431106567383,58.5,58.599998474121094,57.900001525878906,58.29999923706055,5928725,yfinance,False
2014-05-20,48.51139831542969,60.349998474121094,60.900001525878906,59.04999923706055,59.29999923706055,17053268,yfinance,False
2014-05-21,49.27503967285156,61.29999923706055,61.95000076293945,60.349998474121094,60.349998474121094,15633154,yfinance,False
2014-05-22,50.279842376708984,62.54999923706055,63.20000076293945,61.79999923706055,62.0,13909566,yfinance,False
2014-05-23,50.44242858886719,62.04999923706055,62.650001525878906,61.79999923706055,62.5,8879517,yfinance,False
2014-05-26,50.32048416137695,61.900001525878906,62.79999923706055,61.79999923706055,62.20000076293945,8216995,yfinance,False
2014-05-27,49.99531173706055,61.5,62.75,61.400001525878906,62.29999923706055,6386116,yfinance,False
2014-05-28,49.58884811401367,61.0,61.599998474121094,59.849998474121094,61.599998474121094,11546931,yfinance,False
2014-05-29,48.12556838989258,59.20000076293945,61.400001525878906,58.849998474121094,61.0,14786635,yfinance,False
2014-05-30,50.36113357543945,61.95000076293945,62.29999923706055,59.20000076293945,59.20000076293945,24092889,yfinance,False
2014-06-03,48.816566467285156,60.04999923706055,62.349998474121094,59.29999923706055,62.349998474121094,17951630,yfinance,False
2014-06-04,47.84103775024414,58.849998474121094,59.95000076293945,58.25,59.900001525878906,15196709,yfinance,False
2014-06-05,48.20686340332031,59.29999923706055,60.04999923706055,58.79999923706055,59.20000076293945,7912380,yfinance,False
2014-06-06,47.31262969970703,58.20000076293945,59.5,57.849998474121094,59.5,10602299,yfinance,False
2014-06-09,46.17453384399414,56.79999923706055,58.599998474121094,56.5,58.29999923706055,15130605,yfinance,False
2014-06-10,45.48353958129883,55.95000076293945,56.45000076293945,54.79999923706055,56.0,23150840,yfinance,False
2014-06-11,46.86552429199219,57.650001525878906,58.29999923706055,56.5,56.95000076293945,20467373,yfinance,False
2014-06-12,47.23133850097656,58.099998474121094,58.849998474121094,57.29999923706055,57.70000076293945,11586039,yfinance,False
2014-06-13,47.31262969970703,58.20000076293945,58.79999923706055,57.349998474121094,58.099998474121094,6086251,yfinance,False
2014-06-16,46.662288665771484,57.400001525878906,58.45000076293945,56.5,58.150001525878906,12238387,yfinance,False
2014-06-17,46.13389205932617,56.75,57.70000076293945,56.20000076293945,57.70000076293945,11843312,yfinance,False
2014-06-18,45.6054801940918,56.099998474121094,56.95000076293945,56.099998474121094,56.95000076293945,8274125,yfinance,False
2014-06-19,46.01194381713867,56.599998474121094,56.95000076293945,56.20000076293945,56.5,7073776,yfinance,False
2014-06-20,46.82487106323242,57.599998474121094,58.45000076293945,56.5,56.599998474121094,15273241,yfinance,False
2014-06-23,46.296470642089844,56.95000076293945,58.349998474121094,56.349998474121094,58.0,9090002,yfinance,False
2014-06-24,46.540348052978516,57.25,57.599998474121094,56.5,57.150001525878906,4639162,yfinance,False
2014-06-25,46.662288665771484,57.400001525878906,57.75,56.849998474121094,57.099998474121094,7276869,yfinance,False
2014-06-26,48.369449615478516,59.5,59.900001525878906,57.70000076293945,57.79999923706055,18663946,yfinance,False
2014-06-27,48.65397262573242,59.849998474121094,60.349998474121094,59.25,59.900001525878906,11900448,yfinance,False
2014-06-30,50.40178298950195,62.0,62.400001525878906,59.900001525878906,60.04999923706055,26302627,yfinance,False
2014-07-02,52.8405647277832,65.0,65.05000305175781,63.29999923706055,64.0,29966698,yfinance,False
2014-07-03,52.63733673095703,64.75,65.19999694824219,64.05000305175781,65.0,9521203,yfinance,False
2014-07-04,54.01932144165039,66.44999694824219,67.0,64.69999694824219,65.0,13564176,yfinance,False
2014-07-07,53.36897659301758,65.6500015258789,66.55000305175781,64.80000305175781,66.55000305175781,7726154,yfinance,False
2014-07-08,51.905696868896484,63.849998474121094,65.0999984741211,63.5,65.05000305175781,11110964,yfinance,False
2014-07-09,50.72695541381836,62.400001525878906,63.5,61.54999923706055,63.0,16043061,yfinance,False
2014-07-10,50.56436538696289,62.20000076293945,62.95000076293945,61.5,62.900001525878906,7188708,yfinance,False
2014-07-11,50.93018341064453,62.650001525878906,63.25,61.54999923706055,61.54999923706055,7102487,yfinance,False
2014-07-14,50.36113357543945,61.95000076293945,62.900001525878906,61.20000076293945,62.04999923706055,8544160,yfinance,False
2014-07-15,51.17406463623047,62.95000076293945,63.20000076293945,62.150001525878906,63.150001525878906,8069276,yfinance,False
2014-07-16,51.011478424072266,62.75,63.20000076293945,62.25,62.599998474121094,4766776,yfinance,False
2014-07-17,50.40178298950195,62.0,62.5,61.400001525878906,62.5,6685458,yfinance,False
2014-07-18,49.91400909423828,61.400001525878906,61.599998474121094,60.70000076293945,61.20000076293945,7243407,yfinance,False
2014-07-21,51.458587646484375,63.29999923706055,63.79999923706055,61.099998474121094,61.099998474121094,16416510,yfinance,False
2014-07-22,51.458587646484375,63.29999923706055,63.599998474121094,62.25,62.400001525878906,10327657,yfinance,False
2014-07-23,51.824405670166016,63.75,64.19999694824219,63.150001525878906,63.29999923706055,7454571,yfinance,False
2014-07-24,51.986995697021484,63.95000076293945,64.0999984741211,62.95000076293945,64.0,7090794,yfinance,False
2014-07-25,51.74311447143555,63.650001525878906,64.0999984741211,63.04999923706055,63.5,6148417,yfinance,False
2014-07-28,53.043819427490234,65.25,65.3499984741211,63.5,63.650001525878906,12930824,yfinance,False
2014-07-29,53.65351104736328,66.0,66.3499984741211,65.4000015258789,65.69999694824219,12866141,yfinance,False
2014-07-30,53.043819427490234,65.25,67.25,64.94999694824219,66.0,12941334,yfinance,False
2014-07-31,53.612857818603516,65.94999694824219,66.44999694824219,64.75,66.0999984741211,9166918,yfinance,False
2014-08-01,52.35280990600586,64.4000015258789,65.6500015258789,64.1500015258789,64.5,11637167,yfinance,False
2014-08-04,52.515403747558594,64.5999984741211,65.5999984741211,64.30000305175781,65.05000305175781,4368682,yfinance,False
2014-08-05,52.02763748168945,64.0,64.5999984741211,63.0,64.5999984741211,6442044,yfinance,False
2014-08-06,51.58052444458008,63.45000076293945,63.70000076293945,62.650001525878906,63.5,7019378,yfinance,False
2014-08-07,48.28814697265625,59.400001525878906,61.0,59.0,61.0,35807149,yfinance,False
2014-08-08,48.410099029541016,59.54999923706055,59.75,58.04999923706055,59.0,16870853,yfinance,False
2014-08-11,47.922340393066406,58.95000076293945,59.70000076293945,58.79999923706055,59.650001525878906,11333237,yfinance,False
2014-08-12,48.24750900268555,59.349998474121094,59.650001525878906,58.70000076293945,58.70000076293945,6793163,yfinance,False
2014-08-13,48.69462585449219,59.900001525878906,59.95000076293945,58.5,58.70000076293945,9871473,yfinance,False
2014-08-14,49.2230224609375,60.54999923706055,61.150001525878906,59.79999923706055,60.150001525878906,10946877,yfinance,False
2014-08-15,48.816566467285156,60.04999923706055,61.099998474121094,59.650001525878906,61.099998474121094,7820900,yfinance,False
2014-08-18,48.65397262573242,59.849998474121094,59.95000076293945,59.20000076293945,59.79999923706055,5847538,yfinance,False
2014-08-19,50.32048416137695,61.900001525878906,62.150001525878906,59.20000076293945,59.20000076293945,18272246,yfinance,False
2014-08-20,50.07661056518555,61.599998474121094,62.900001525878906,61.29999923706055,62.900001525878906,15265152,yfinance,False
2014-08-21,49.99531173706055,61.5,62.04999923706055,60.70000076293945,61.599998474121094,11786634,yfinance,False
2014-08-22,49.87337112426758,61.349998474121094,62.25,61.25,61.5,5123638,yfinance,False
2014-08-25,49.50754928588867,60.900001525878906,61.75,60.75,61.0,6358374,yfinance,False
2014-08-26,48.857208251953125,60.099998474121094,60.849998474121094,60.04999923706055,60.849998474121094,8072889,yfinance,False
2014-08-27,48.12556838989258,59.20000076293945,60.29999923706055,58.650001525878906,59.79999923706055,13655478,yfinance,False
2014-08-28,47.7191047668457,58.70000076293945,59.599998474121094,58.0,59.099998474121094,13617547,yfinance,False
2014-08-29,47.475215911865234,58.400001525878906,58.54999923706055,56.54999923706055,58.20000076293945,19036787,yfinance,False
2014-09-01,46.093238830566406,56.70000076293945,58.20000076293945,56.25,57.849998474121094,16977428,yfinance,False
2014-09-02,46.37775802612305,57.04999923706055,57.900001525878906,56.650001525878906,56.650001525878906,12129768,yfinance,False
2014-09-03,46.58099365234375,57.29999923706055,57.5,56.099998474121094,57.0,14694152,yfinance,False
2014-09-04,46.70294189453125,57.45000076293945,57.95000076293945,56.95000076293945,57.099998474121094,10554590,yfinance,False
2014-09-05,46.05259323120117,56.650001525878906,57.95000076293945,56.29999923706055,57.849998474121094,11646134,yfinance,False
2014-09-08,45.5241813659668,56.0,57.150001525878906,55.79999923706055,56.79999923706055,9610850,yfinance,False
2014-09-10,44.26414489746094,54.45000076293945,55.70000076293945,54.29999923706055,55.5,19770321,yfinance,False
2014-09-11,44.0609016418457,54.20000076293945,54.70000076293945,53.70000076293945,54.5,11845859,yfinance,False
2014-09-12,43.9796142578125,54.099998474121094,54.79999923706055,53.79999923706055,54.04999923706055,9470343,yfinance,False
2014-09-15,42.51633834838867,52.29999923706055,53.900001525878906,51.650001525878906,53.75,17166242,yfinance,False
2014-09-16,41.13434982299805,50.599998474121094,52.75,50.25,52.75,14506250,yfinance,False
2014-09-17,40.07754135131836,49.29999923706055,51.599998474121094,48.25,51.5,29385604,yfinance,False
2014-09-18,40.524654388427734,49.849998474121094,50.95000076293945,49.0,49.20000076293945,20905792,yfinance,False
2014-09-19,41.74405288696289,51.349998474121094,51.70000076293945,50.150001525878906,50.20000076293945,17718689,yfinance,False
2014-09-22,41.053062438964844,50.5,51.45000076293945,50.400001525878906,50.5,10418551,yfinance,False
2014-09-23,40.02776336669922,48.79999923706055,50.349998474121094,48.5,50.04999923706055,15855168,yfinance,False
2014-09-24,39.41258239746094,48.04999923706055,48.70000076293945,47.5,48.54999923706055,12630811,yfinance,False
2014-09-25,38.01816940307617,46.349998474121094,48.650001525878906,46.29999923706055,48.650001525878906,17707017,yfinance,False
2014-09-26,39.37156677246094,48.0,48.20000076293945,45.349998474121094,45.5,25621779,yfinance,False
2014-09-29,38.01816940307617,46.349998474121094,47.29999923706055,45.54999923706055,47.150001525878906,18069182,yfinance,False
2014-09-30,36.99286651611328,45.099998474121094,46.79999923706055,44.54999923706055,46.29999923706055,15632651,yfinance,False
2014-10-03,37.19792938232422,45.349998474121094,45.45000076293945,42.95000076293945,44.849998474121094,23635638,yfinance,False
2014-10-06,39.658653259277344,48.349998474121094,48.79999923706055,45.400001525878906,45.54999923706055,27091974,yfinance,False
2014-10-07,39.74067306518555,48.45000076293945,49.45000076293945,47.70000076293945,48.29999923706055,23665360,yfinance,False
2014-10-08,38.67435836791992,47.150001525878906,47.900001525878906,47.0,47.0,14900989,yfinance,False
2014-10-09,39.28955078125,47.900001525878906,48.5,47.400001525878906,48.099998474121094,8758047,yfinance,False
2014-10-10,38.42829132080078,46.849998474121094,47.20000076293945,46.5,46.70000076293945,8320839,yfinance,False
2014-10-13,38.264244079589844,46.650001525878906,47.0,45.75,46.5,11549761,yfinance,False
2014-10-14,37.526023864746094,45.75,46.650001525878906,45.349998474121094,46.099998474121094,13386318,yfinance,False
2014-10-15,38.510311126708984,46.95000076293945,47.349998474121094,45.400001525878906,45.900001525878906,11550858,yfinance,False
2014-10-16,38.30525588989258,46.70000076293945,47.20000076293945,46.04999923706055,46.599998474121094,11667111,yfinance,False
2014-10-17,39.986751556396484,48.75,49.0,47.349998474121094,47.5,15905381,yfinance,False
2014-10-20,40.273834228515625,49.099998474121094,49.79999923706055,49.0,49.04999923706055,9927961,yfinance,False
2014-10-21,40.23281478881836,49.04999923706055,49.5,48.150001525878906,49.25,7820494,yfinance,False
2014-10-22,40.84800338745117,49.79999923706055,49.849998474121094,48.849998474121094,49.5,8702289,yfinance,False
2014-10-23,40.5198974609375,49.400001525878906,49.650001525878906,48.70000076293945,49.099998474121094,6124034,yfinance,False
2014-10-24,39.86371612548828,48.599998474121094,49.29999923706055,48.400001525878906,49.29999923706055,5290061,yfinance,False
2014-10-27,38.63335037231445,47.099998474121094,48.5,46.849998474121094,48.5,11807099,yfinance,False
2014-10-28,39.12548828125,47.70000076293945,48.04999923706055,47.0,47.099998474121094,8013400,yfinance,False
2014-10-29,41.586219787597656,50.70000076293945,51.150001525878906,48.5,48.5,25953904,yfinance,False
2014-10-30,41.29913330078125,50.349998474121094,51.349998474121094,50.29999923706055,51.0,12178495,yfinance,False
2014-10-31,43.4317626953125,52.95000076293945,53.20000076293945,51.0,51.0,18020851,yfinance,False
2014-11-03,44.21099090576172,53.900001525878906,54.79999923706055,52.75,53.29999923706055,20761173,yfinance,False
2014-11-04,42.980621337890625,52.400001525878906,55.5,51.599998474121094,53.150001525878906,28308685,yfinance,False
2014-11-05,41.70925521850586,50.849998474121094,51.70000076293945,50.04999923706055,51.400001525878906,18669674,yfinance,False
2014-11-06,40.35586166381836,49.20000076293945,50.20000076293945,49.04999923706055,50.0,17912800,yfinance,False
2014-11-07,40.68395233154297,49.599998474121094,50.45000076293945,48.20000076293945,48.29999923706055,23253528,yfinance,False
2014-11-10,41.87329864501953,51.04999923706055,51.849998474121094,50.79999923706055,51.150001525878906,12120226,yfinance,False
2014-11-11,42.93961715698242,52.349998474121094,53.29999923706055,50.79999923706055,51.0,14419154,yfinance,False
2014-11-12,43.3087272644043,52.79999923706055,53.25,51.54999923706055,52.95000076293945,10006695,yfinance,False
2014-11-13,44.66212463378906,54.45000076293945,54.79999923706055,52.099998474121094,52.099998474121094,14641609,yfinance,False
2014-11-14,44.99021530151367,54.849998474121094,55.0,53.849998474121094,54.0,9949653,yfinance,False
2014-11-17,43.759857177734375,53.349998474121094,56.20000076293945,53.0,56.0,11703826,yfinance,False
2014-11-18,42.44746780395508,51.75,53.599998474121094,51.400001525878906,53.349998474121094,13261928,yfinance,False
2014-11-19,41.955326080322266,51.150001525878906,52.900001525878906,50.599998474121094,51.900001525878906,10987962,yfinance,False
2014-11-20,41.340152740478516,50.400001525878906,51.20000076293945,49.70000076293945,51.0,15183972,yfinance,False
2014-11-21,43.062652587890625,52.5,53.20000076293945,50.650001525878906,50.650001525878906,16287283,yfinance,False
2014-11-24,44.04694747924805,53.70000076293945,54.70000076293945,53.54999923706055,54.5,14516050,yfinance,False
2014-11-25,43.595802307128906,53.150001525878906,54.0,52.900001525878906,54.0,7579569,yfinance,False
2014-11-26,43.84187698364258,53.45000076293945,54.150001525878906,52.599998474121094,53.150001525878906,9594746,yfinance,False
2014-11-27,43.96491241455078,53.599998474121094,54.150001525878906,53.099998474121094,53.599998474121094,7446377,yfinance,False
2014-11-28,43.4317626953125,52.95000076293945,54.0,52.650001525878906,54.0,8558429,yfinance,False
2014-12-01,42.283424377441406,51.54999923706055,52.349998474121094,50.900001525878906,51.54999923706055,10595920,yfinance,False
2014-12-02,42.160396575927734,51.400001525878906,51.650001525878906,50.25,50.900001525878906,11598771,yfinance,False
2014-12-03,40.02776336669922,48.79999923706055,50.95000076293945,48.5,50.5,20593941,yfinance,False
2014-12-04,38.67435836791992,47.150001525878906,48.599998474121094,46.599998474121094,48.5,23052085,yfinance,False
2014-12-05,39.41258239746094,48.04999923706055,49.45000076293945,47.0,47.0,12586031,yfinance,False
2014-12-08,38.38727951049805,46.79999923706055,48.04999923706055,46.54999923706055,47.75,9834990,yfinance,False
2014-12-09,38.059181213378906,46.400001525878906,46.5,45.04999923706055,46.0,18351512,yfinance,False
2014-12-10,39.28955078125,47.900001525878906,48.25,45.95000076293945,45.95000076293945,12869635,yfinance,False
2014-12-11,38.55133056640625,47.0,47.849998474121094,46.29999923706055,46.849998474121094,14362888,yfinance,False
2014-12-12,39.41258239746094,48.04999923706055,48.29999923706055,47.04999923706055,47.5,10333699,yfinance,False
2014-12-15,38.92043685913086,47.45000076293945,47.650001525878906,46.70000076293945,47.349998474121094,7737566,yfinance,False
2014-12-16,37.526023864746094,45.75,47.400001525878906,45.650001525878906,46.900001525878906,14581507,yfinance,False
2014-12-17,34.45011901855469,42.0,45.0,41.45000076293945,45.0,44110815,yfinance,False
2014-12-18,35.55744934082031,43.349998474121094,43.599998474121094,41.70000076293945,43.0,23822812,yfinance,False
2014-12-19,35.55744934082031,43.349998474121094,44.650001525878906,43.099998474121094,43.79999923706055,17915122,yfinance,False
2014-12-22,34.77821731567383,42.400001525878906,43.349998474121094,42.25,43.0,13997452,yfinance,False
2014-12-23,34.49113464355469,42.04999923706055,42.75,41.79999923706055,42.25,13135600,yfinance,False
2014-12-24,35.803524017333984,43.650001525878906,44.29999923706055,41.900001525878906,41.900001525878906,9237644,yfinance,False
2014-12-29,36.1726188659668,44.099998474121094,44.849998474121094,43.900001525878906,44.0,10392899,yfinance,False
2014-12-30,35.96757507324219,43.849998474121094,44.79999923706055,43.599998474121094,44.5,8932566,yfinance,False
2014-12-31,35.803524017333984,43.650001525878906,43.79999923706055,42.599998474121094,43.150001525878906,5826976,yfinance,False
2015-01-02,35.1473274230957,42.849998474121094,43.849998474121094,42.29999923706055,43.20000076293945,8829814,yfinance,False
2015-01-05,34.16303634643555,41.650001525878906,43.0,41.45000076293945,42.349998474121094,13962323,yfinance,False
2015-01-06,32.686607360839844,39.849998474121094,40.849998474121094,39.5,40.599998474121094,26632416,yfinance,False
2015-01-07,34.16303634643555,41.650001525878906,42.0,38.650001525878906,39.599998474121094,22798478,yfinance,False
2015-01-08,33.629878997802734,41.0,42.29999923706055,39.849998474121094,42.0,14108596,yfinance,False
2015-01-09,32.93266296386719,40.150001525878906,41.5,39.79999923706055,41.099998474121094,13600441,yfinance,False
2015-01-12,31.948389053344727,38.95000076293945,40.349998474121094,38.70000076293945,39.75,15564032,yfinance,False
2015-01-13,32.80964660644531,40.0,40.599998474121094,39.29999923706055,39.29999923706055,14254331,yfinance,False
2015-01-14,32.850650787353516,40.04999923706055,40.849998474121094,40.0,40.79999923706055,9193172,yfinance,False
2015-01-15,32.93266296386719,40.150001525878906,40.599998474121094,39.900001525878906,40.349998474121094,9653766,yfinance,False
2015-01-16,31.45623779296875,38.349998474121094,40.25,38.150001525878906,40.0,31500478,yfinance,False
2015-01-19,30.38993263244629,37.04999923706055,38.04999923706055,36.79999923706055,38.04999923706055,22225415,yfinance,False
2015-01-20,30.34891700744629,37.0,37.650001525878906,36.70000076293945,37.0,16211465,yfinance,False
2015-01-21,30.964096069335938,37.75,38.400001525878906,37.150001525878906,37.150001525878906,10161536,yfinance,False
2015-01-22,31.907373428344727,38.900001525878906,39.0,38.099998474121094,38.400001525878906,11448060,yfinance,False
2015-01-23,32.39952087402344,39.5,40.349998474121094,38.29999923706055,39.5,27605005,yfinance,False
2015-01-26,33.547847747802734,40.900001525878906,41.099998474121094,39.79999923706055,40.0,20982622,yfinance,False
2015-01-27,35.72149658203125,43.54999923706055,43.70000076293945,41.900001525878906,42.0,36259878,yfinance,False
2015-01-28,35.43441390991211,43.20000076293945,43.900001525878906,42.650001525878906,43.54999923706055,20509309,yfinance,False
2015-01-29,34.61417770385742,42.20000076293945,43.5,42.04999923706055,42.79999923706055,16286565,yfinance,False
2015-01-30,33.547847747802734,40.900001525878906,42.29999923706055,40.349998474121094,41.79999923706055,17580224,yfinance,False
2015-02-02,33.7119026184082,41.099998474121094,41.150001525878906,40.04999923706055,40.29999923706055,12815417,yfinance,False
2015-02-03,33.629878997802734,41.0,41.849998474121094,40.75,41.599998474121094,9918712,yfinance,False
2015-02-04,33.38380432128906,40.70000076293945,41.599998474121094,40.29999923706055,41.349998474121094,12221759,yfinance,False
2015-02-05,32.93266296386719,40.150001525878906,41.29999923706055,39.79999923706055,41.29999923706055,9374224,yfinance,False
2015-02-06,35.27035903930664,43.0,43.150001525878906,40.25,40.400001525878906,20923802,yfinance,False
2015-02-09,34.24505615234375,41.75,42.79999923706055,41.5,42.79999923706055,13792469,yfinance,False
2015-02-10,34.73720932006836,42.349998474121094,43.5,41.25,41.54999923706055,11403217,yfinance,False
2015-02-11,35.10631561279297,42.79999923706055,43.650001525878906,42.099998474121094,42.099998474121094,12384366,yfinance,False
2015-02-12,34.286067962646484,41.79999923706055,43.20000076293945,41.45000076293945,43.04999923706055,15386620,yfinance,False
2015-02-13,35.63947677612305,43.45000076293945,43.79999923706055,42.0,42.0,19383347,yfinance,False
2015-02-16,35.51643371582031,43.29999923706055,43.79999923706055,42.95000076293945,43.79999923706055,7315059,yfinance,False
2015-02-17,35.680477142333984,43.5,43.75,43.04999923706055,43.29999923706055,8483553,yfinance,False
2015-02-18,35.63947677612305,43.45000076293945,44.20000076293945,43.349998474121094,44.150001525878906,4850741,yfinance,False
2015-02-23,34.49113464355469,42.04999923706055,43.599998474121094,41.70000076293945,43.599998474121094,14248175,yfinance,False
2015-02-24,33.547847747802734,40.900001525878906,42.25,40.650001525878906,42.04999923706055,14932393,yfinance,False
2015-02-25,31.825353622436523,38.79999923706055,39.20000076293945,37.70000076293945,39.099998474121094,43110573,yfinance,False
2015-02-26,31.620288848876953,38.54999923706055,38.849998474121094,38.20000076293945,38.20000076293945,16348732,yfinance,False
2015-02-27,32.31749725341797,39.400001525878906,40.0,38.54999923706055,38.54999923706055,18127436,yfinance,False
2015-03-02,32.1534423828125,39.20000076293945,39.45000076293945,38.400001525878906,39.099998474121094,9391066,yfinance,False
2015-03-03,32.80964660644531,40.0,41.0,39.349998474121094,39.54999923706055,19090686,yfinance,False
2015-03-04,31.86635971069336,38.849998474121094,40.0,38.70000076293945,39.900001525878906,12347875,yfinance,False
2015-03-05,31.04612922668457,37.849998474121094,38.900001525878906,37.599998474121094,38.400001525878906,18791181,yfinance,False
2015-03-06,30.923084259033203,37.70000076293945,38.349998474121094,37.400001525878906,37.54999923706055,15754796,yfinance,False
2015-03-09,30.225881576538086,36.849998474121094,37.79999923706055,36.75,37.099998474121094,13157693,yfinance,False
2015-03-10,28.79046058654785,35.099998474121094,36.75,35.0,36.70000076293945,22658485,yfinance,False
2015-03-11,27.806171417236328,33.900001525878906,35.0,33.849998474121094,34.599998474121094,25000008,yfinance,False
2015-03-12,28.708433151245117,35.0,35.099998474121094,33.150001525878906,34.0,26984665,yfinance,False
2015-03-13,28.0522403717041,34.20000076293945,35.5,33.599998474121094,34.900001525878906,15266643,yfinance,False
2015-03-16,27.765159606933594,33.849998474121094,34.29999923706055,33.20000076293945,33.599998474121094,12877669,yfinance,False
2015-03-17,27.560091018676758,33.599998474121094,34.400001525878906,33.099998474121094,34.400001525878906,15223411,yfinance,False
2015-03-18,28.175275802612305,34.349998474121094,34.599998474121094,32.79999923706055,33.45000076293945,14317400,yfinance,False
2015-03-19,29.118555068969727,35.5,35.75,34.20000076293945,34.20000076293945,22754205,yfinance,False
2015-03-20,29.610698699951172,36.099998474121094,36.20000076293945,35.099998474121094,35.75,18639437,yfinance,False
2015-03-23,29.159564971923828,35.54999923706055,36.400001525878906,34.900001525878906,36.099998474121094,11643105,yfinance,False
2015-03-24,29.07754135131836,35.45000076293945,35.54999923706055,35.0,35.349998474121094,18007024,yfinance,False
2015-03-25,29.48765754699707,35.95000076293945,36.20000076293945,35.599998474121094,35.599998474121094,9306792,yfinance,False
2015-03-26,29.446653366088867,35.900001525878906,36.45000076293945,35.400001525878906,35.650001525878906,9870630,yfinance,False
2015-03-27,29.405637741088867,35.849998474121094,36.45000076293945,35.5,36.45000076293945,6913037,yfinance,False
2015-03-30,29.52867889404297,36.0,36.25,35.650001525878906,36.099998474121094,9727549,yfinance,False
2015-03-31,28.95450782775879,35.29999923706055,36.45000076293945,35.04999923706055,36.45000076293945,13284517,yfinance,False
2015-04-01,29.48765754699707,35.95000076293945,36.25,34.79999923706055,35.29999923706055,12959182,yfinance,False
2015-04-02,29.48765754699707,35.95000076293945,36.099998474121094,35.45000076293945,36.0,6851936,yfinance,False
2015-04-08,31.702314376831055,38.650001525878906,38.900001525878906,36.099998474121094,36.25,36026385,yfinance,False
2015-04-09,33.46583557128906,40.79999923706055,43.0,40.04999923706055,40.04999923706055,54831061,yfinance,False
2015-04-10,33.670902252197266,41.04999923706055,42.5,40.099998474121094,42.45000076293945,28325377,yfinance,False
2015-04-13,32.35850524902344,39.45000076293945,41.150001525878906,39.0,41.0,28193242,yfinance,False
2015-04-14,30.594995498657227,37.29999923706055,39.25,37.25,38.95000076293945,26484951,yfinance,False
2015-04-15,29.979808807373047,36.54999923706055,37.70000076293945,36.0,37.70000076293945,25698751,yfinance,False
2015-04-16,31.128149032592773,37.95000076293945,38.45000076293945,36.349998474121094,36.54999923706055,16666697,yfinance,False
2015-04-17,31.620288848876953,38.54999923706055,38.75,38.150001525878906,38.5,15661475,yfinance,False
2015-04-20,30.430936813354492,37.099998474121094,39.349998474121094,37.04999923706055,39.29999923706055,13816436,yfinance,False
2015-04-21,31.620288848876953,38.54999923706055,38.650001525878906,37.5,38.20000076293945,13892285,yfinance,False
2015-04-22,31.251178741455078,38.099998474121094,39.0,37.650001525878906,39.0,13352736,yfinance,False
2015-04-23,31.02806854248047,37.54999923706055,38.20000076293945,37.25,38.0,12678233,yfinance,False
2015-04-24,32.14360046386719,38.900001525878906,39.25,37.04999923706055,37.45000076293945,19514361,yfinance,False
2015-04-27,32.26754379272461,39.04999923706055,39.5,38.650001525878906,39.29999923706055,11247643,yfinance,False
2015-04-28,31.730445861816406,38.400001525878906,39.150001525878906,38.0,38.849998474121094,12574246,yfinance,False
2015-04-29,31.110708236694336,37.650001525878906,38.349998474121094,37.5,38.099998474121094,19234795,yfinance,False
2015-04-30,30.986759185791016,37.5,37.650001525878906,36.95000076293945,37.20000076293945,15400906,yfinance,False
2015-05-04,31.937021255493164,38.650001525878906,38.79999923706055,37.04999923706055,37.900001525878906,15710672,yfinance,False
2015-05-05,32.51544189453125,39.349998474121094,39.5,38.599998474121094,38.95000076293945,22600842,yfinance,False
2015-05-06,31.565187454223633,38.20000076293945,39.599998474121094,38.150001525878906,39.599998474121094,15329619,yfinance,False
2015-05-07,30.656234741210938,37.099998474121094,38.04999923706055,37.0,37.54999923706055,14256444,yfinance,False
2015-05-08,31.23465347290039,37.79999923706055,38.349998474121094,37.150001525878906,38.0,13910376,yfinance,False
2015-05-11,31.02806854248047,37.54999923706055,38.29999923706055,37.099998474121094,37.900001525878906,11091527,yfinance,False
2015-05-12,30.78018569946289,37.25,37.849998474121094,37.0,37.29999923706055,8595507,yfinance,False
2015-05-13,30.53228759765625,36.95000076293945,37.75,36.849998474121094,37.70000076293945,11022291,yfinance,False
2015-05-14,30.201766967773438,36.54999923706055,37.150001525878906,36.25,36.599998474121094,10473833,yfinance,False
2015-05-15,31.06938934326172,37.599998474121094,37.650001525878906,36.20000076293945,36.849998474121094,14889224,yfinance,False
2015-05-18,30.78018569946289,37.25,37.650001525878906,36.70000076293945,37.650001525878906,8979923,yfinance,False
2015-05-19,30.90413475036621,37.400001525878906,37.900001525878906,36.849998474121094,37.5,15913107,yfinance,False
2015-05-20,30.738862991333008,37.20000076293945,37.400001525878906,36.75,37.349998474121094,10244210,yfinance,False
2015-05-21,32.14360046386719,38.900001525878906,39.0,37.20000076293945,37.25,18131141,yfinance,False
2015-05-22,32.63938903808594,39.5,39.70000076293945,38.900001525878906,39.25,20265529,yfinance,False
2015-05-26,32.06096649169922,38.79999923706055,40.0,38.70000076293945,40.0,15270764,yfinance,False
2015-05-27,31.730445861816406,38.400001525878906,39.29999923706055,38.150001525878906,39.29999923706055,9733206,yfinance,False
2015-05-28,30.697553634643555,37.150001525878906,38.599998474121094,37.099998474121094,38.599998474121094,21851164,yfinance,False
2015-05-29,30.656234741210938,37.099998474121094,37.79999923706055,36.75,37.650001525878906,17826873,yfinance,False
2015-06-01,29.292814254760742,35.45000076293945,37.099998474121094,35.400001525878906,37.0,28180099,yfinance,False
2015-06-02,28.962297439575195,35.04999923706055,36.349998474121094,34.900001525878906,35.5,18352355,yfinance,False
2015-06-03,28.797027587890625,34.849998474121094,35.45000076293945,34.5,35.29999923706055,24076250,yfinance,False
2015-06-04,29.747291564941406,36.0,36.900001525878906,34.54999923706055,34.54999923706055,41768516,yfinance,False
2015-06-05,29.54071044921875,35.75,37.25,34.75,36.45000076293945,32168364,yfinance,False
2015-06-08,29.0449275970459,35.150001525878906,36.20000076293945,34.900001525878906,35.900001525878906,11788740,yfinance,False
2015-06-09,27.970718383789062,33.849998474121094,34.650001525878906,33.599998474121094,34.5,17031829,yfinance,False
2015-06-10,27.598878860473633,33.400001525878906,34.400001525878906,33.04999923706055,34.29999923706055,11519320,yfinance,False
2015-06-11,27.227033615112305,32.95000076293945,33.900001525878906,32.70000076293945,33.400001525878906,16054282,yfinance,False
2015-06-12,27.888084411621094,33.75,33.849998474121094,33.04999923706055,33.29999923706055,10277750,yfinance,False
2015-06-15,27.474925994873047,33.25,33.5,32.900001525878906,33.45000076293945,8075872,yfinance,False
2015-06-16,27.39229965209961,33.150001525878906,33.75,33.04999923706055,33.25,7897967,yfinance,False
2015-06-17,27.970718383789062,33.849998474121094,34.349998474121094,32.849998474121094,33.29999923706055,10048482,yfinance,False
2015-06-18,28.259925842285156,34.20000076293945,34.25,33.400001525878906,34.25,11002058,yfinance,False
2015-06-19,28.50782012939453,34.5,34.79999923706055,34.04999923706055,34.099998474121094,9115866,yfinance,False
2015-06-22,28.1359806060791,34.04999923706055,34.599998474121094,33.29999923706055,34.599998474121094,7184115,yfinance,False
2015-06-23,28.053354263305664,33.95000076293945,34.29999923706055,33.599998474121094,34.29999923706055,7448131,yfinance,False
2015-06-24,28.053354263305664,33.95000076293945,34.54999923706055,33.79999923706055,33.79999923706055,7180496,yfinance,False
2015-06-25,27.51624298095703,33.29999923706055,34.0,33.150001525878906,34.0,9699303,yfinance,False
2015-06-26,27.144397735595703,32.849998474121094,33.5,32.599998474121094,32.95000076293945,18630182,yfinance,False
2015-06-29,25.65703582763672,31.049999237060547,33.29999923706055,30.75,32.70000076293945,23009745,yfinance,False
2015-06-30,25.533090591430664,30.899999618530273,31.149999618530273,30.149999618530273,30.549999237060547,17680092,yfinance,False
2015-07-02,28.92097282409668,35.0,35.54999923706055,33.20000076293945,34.5,75589045,yfinance,False
2015-07-03,28.67308807373047,34.70000076293945,35.5,34.20000076293945,35.0,23979433,yfinance,False
2015-07-06,27.722822189331055,33.54999923706055,35.5,32.0,34.79999923706055,16319989,yfinance,False
2015-07-07,27.020456314086914,32.70000076293945,34.5,32.599998474121094,34.099998474121094,17124048,yfinance,False
2015-07-08,25.450458526611328,30.799999237060547,32.45000076293945,29.399999618530273,32.45000076293945,33032435,yfinance,False
2015-07-09,27.30966567993164,33.04999923706055,34.45000076293945,30.75,30.799999237060547,32384283,yfinance,False
2015-07-10,28.17729377746582,34.099998474121094,34.5,33.099998474121094,33.75,17725494,yfinance,False
2015-07-13,29.292814254760742,35.45000076293945,36.04999923706055,33.099998474121094,33.599998474121094,18326578,yfinance,False
2015-07-14,30.408344268798828,36.79999923706055,37.79999923706055,35.599998474121094,36.0,33908907,yfinance,False
2015-07-15,29.292814254760742,35.45000076293945,36.70000076293945,34.900001525878906,36.650001525878906,17513880,yfinance,False
2015-07-16,28.71439552307129,34.75,35.25,34.04999923706055,35.25,18031027,yfinance,False
2015-07-17,29.003604888916016,35.099998474121094,35.29999923706055,34.5,34.599998474121094,7221649,yfinance,False
2015-07-20,28.631763458251953,34.650001525878906,35.45000076293945,34.25,35.45000076293945,7297687,yfinance,False
2015-07-21,28.1359806060791,34.04999923706055,35.20000076293945,33.900001525878906,35.099998474121094,10119167,yfinance,False
2015-07-22,27.51624298095703,33.29999923706055,34.400001525878906,32.900001525878906,34.400001525878906,14265175,yfinance,False
2015-07-23,28.755714416503906,34.79999923706055,36.25,33.849998474121094,34.349998474121094,22630391,yfinance,False
2015-07-24,28.83834457397461,34.900001525878906,36.04999923706055,34.349998474121094,34.79999923706055,12914971,yfinance,False
2015-07-27,27.80545425415039,33.650001525878906,35.20000076293945,33.20000076293945,34.900001525878906,13204080,yfinance,False
2015-07-28,27.598878860473633,33.400001525878906,34.29999923706055,33.099998474121094,33.79999923706055,9452732,yfinance,False
2015-07-29,28.342557907104492,34.29999923706055,34.54999923706055,33.150001525878906,33.349998474121094,8369780,yfinance,False
2015-07-30,27.929399490356445,33.79999923706055,34.650001525878906,33.70000076293945,34.099998474121094,5565891,yfinance,False
2015-07-31,29.49939727783203,35.70000076293945,35.95000076293945,34.650001525878906,34.79999923706055,21657920,yfinance,False
2015-08-03,28.67308807373047,34.70000076293945,35.20000076293945,34.400001525878906,35.20000076293945,11844390,yfinance,False
2015-08-04,28.71439552307129,34.75,35.45000076293945,34.45000076293945,34.849998474121094,5991638,yfinance,False
2015-08-05,29.416757583618164,35.599998474121094,36.29999923706055,34.75,34.95000076293945,12995693,yfinance,False
2015-08-06,29.54071044921875,35.75,36.20000076293945,35.400001525878906,35.54999923706055,6281126,yfinance,False
2015-08-07,30.53228759765625,36.95000076293945,37.0,35.650001525878906,35.900001525878906,12558245,yfinance,False
2015-08-10,30.656234741210938,37.099998474121094,37.849998474121094,36.04999923706055,37.0,13796604,yfinance,False
2015-08-11,30.284395217895508,36.650001525878906,37.79999923706055,36.29999923706055,37.75,11580516,yfinance,False
2015-08-12,28.83834457397461,34.900001525878906,36.29999923706055,34.349998474121094,36.29999923706055,17233895,yfinance,False
2015-08-13,27.970718383789062,33.849998474121094,35.25,33.79999923706055,34.5,13123755,yfinance,False
2015-08-14,28.30124282836914,34.25,34.54999923706055,33.70000076293945,33.849998474121094,12002278,yfinance,False
2015-08-17,27.846769332885742,33.70000076293945,34.349998474121094,33.150001525878906,33.79999923706055,8988137,yfinance,False
2015-08-18,27.020456314086914,32.70000076293945,33.79999923706055,32.54999923706055,33.70000076293945,13857480,yfinance,False
2015-08-19,25.822301864624023,31.25,32.70000076293945,30.799999237060547,32.599998474121094,25348939,yfinance,False
2015-08-20,24.252304077148438,29.350000381469727,31.0,28.850000381469727,30.799999237060547,33657610,yfinance,False
2015-08-21,23.21941375732422,28.100000381469727,28.75,28.0,28.049999237060547,24660092,yfinance,False
2015-08-24,21.31888771057129,25.799999237060547,27.549999237060547,25.200000762939453,27.0,27746044,yfinance,False
2015-08-25,21.23626136779785,25.700000762939453,27.100000381469727,24.75,25.799999237060547,23573675,yfinance,False
2015-08-26,20.038105010986328,24.25,26.0,24.100000381469727,25.399999618530273,28444554,yfinance,False
2015-08-27,21.525470733642578,26.049999237060547,26.149999618530273,24.450000762939453,24.950000762939453,26806279,yfinance,False
2015-08-28,21.73204803466797,26.299999237060547,28.0,26.200000762939453,28.0,25384610,yfinance,False
2015-08-31,20.533891677856445,24.850000381469727,26.299999237060547,24.75,26.0,17298364,yfinance,False
2015-09-01,19.79021644592285,23.950000762939453,25.200000762939453,23.600000381469727,25.0,29170275,yfinance,False
2015-09-02,18.96390151977539,22.950000762939453,23.899999618530273,22.0,23.899999618530273,25664220,yfinance,False
2015-09-04,19.501001358032227,23.600000381469727,24.0,23.0,23.25,19096908,yfinance,False
2015-09-07,18.509422302246094,22.399999618530273,23.450000762939453,22.25,23.299999237060547,23781297,yfinance,False
2015-09-08,19.501001358032227,23.600000381469727,23.899999618530273,22.549999237060547,22.649999618530273,20370454,yfinance,False
2015-09-09,19.666263580322266,23.799999237060547,24.299999237060547,23.299999237060547,24.0,30754066,yfinance,False
2015-09-10,19.005216598510742,23.0,23.399999618530273,22.799999237060547,23.149999618530273,11433719,yfinance,False
2015-09-11,19.005216598510742,23.0,23.25,22.799999237060547,23.25,11359937,yfinance,False
2015-09-14,18.550743103027344,22.450000762939453,23.149999618530273,22.049999237060547,23.149999618530273,11040831,yfinance,False
2015-09-15,18.302845001220703,22.149999618530273,22.850000381469727,22.100000381469727,22.350000381469727,10341535,yfinance,False
2015-09-16,19.45968246459961,23.549999237060547,23.899999618530273,22.399999618530273,22.549999237060547,17320314,yfinance,False
2015-09-17,19.29442596435547,23.350000381469727,24.0,23.100000381469727,24.0,25969772,yfinance,False
2015-09-18,20.079421997070312,24.299999237060547,24.549999237060547,23.700000762939453,23.799999237060547,23590900,yfinance,False
2015-09-21,19.29442596435547,23.350000381469727,24.100000381469727,23.25,23.649999618530273,14114908,yfinance,False
2015-09-22,18.550743103027344,22.450000762939453,23.600000381469727,22.399999618530273,23.399999618530273,23175994,yfinance,False
2015-09-23,17.71092987060547,21.299999237060547,22.25,21.049999237060547,22.149999618530273,31393199,yfinance,False
2015-09-24,17.087305068969727,20.549999237060547,21.399999618530273,20.450000762939453,21.299999237060547,25010818,yfinance,False
2015-09-25,17.752500534057617,21.350000381469727,22.100000381469727,21.0,21.200000762939453,38283670,yfinance,False
2015-09-29,16.51357078552246,19.860000610351562,20.399999618530273,19.739999771118164,20.350000381469727,46237912,yfinance,False
2015-09-30,16.38053321838379,19.700000762939453,20.100000381469727,19.020000457763672,20.049999237060547,25788837,yfinance,False
2015-10-02,18.04352569580078,21.700000762939453,22.299999237060547,19.780000686645508,19.940000534057617,45773620,yfinance,False
2015-10-05,18.99974822998047,22.850000381469727,23.850000381469727,22.25,23.850000381469727,33540316,yfinance,False
2015-10-06,19.748098373413086,23.75,24.149999618530273,23.200000762939453,23.5,36198770,yfinance,False
2015-10-07,20.538021087646484,24.700000762939453,24.75,23.350000381469727,23.799999237060547,26712148,yfinance,False
2015-10-08,20.829044342041016,25.049999237060547,25.899999618530273,24.75,24.799999237060547,29973752,yfinance,False
2015-10-09,21.244794845581055,25.549999237060547,26.149999618530273,25.350000381469727,25.850000381469727,23409657,yfinance,False
2015-10-12,20.621171951293945,24.799999237060547,26.149999618530273,24.399999618530273,26.0,26593279,yfinance,False
2015-10-13,21.868419647216797,26.299999237060547,27.25,25.399999618530273,25.549999237060547,43161112,yfinance,False
2015-10-14,21.743698120117188,26.149999618530273,26.75,25.649999618530273,26.5,23849923,yfinance,False
2015-10-15,24.19661521911621,29.100000381469727,29.5,26.25,26.700000762939453,46516533,yfinance,False
2015-10-16,23.36511993408203,28.100000381469727,28.950000762939453,27.549999237060547,28.75,46402380,yfinance,False
2015-10-19,22.20102310180664,26.700000762939453,27.899999618530273,26.350000381469727,27.850000381469727,32878506,yfinance,False
2015-10-20,22.20102310180664,26.700000762939453,26.75,25.350000381469727,26.100000381469727,29316172,yfinance,False
2015-10-22,22.616769790649414,27.200000762939453,27.299999237060547,25.649999618530273,25.649999618530273,20456335,yfinance,False
2015-10-23,22.408897399902344,26.950000762939453,27.850000381469727,26.649999618530273,27.75,18367455,yfinance,False
2015-10-26,22.533620834350586,27.100000381469727,27.799999237060547,26.950000762939453,27.25,13965814,yfinance,False
2015-10-27,22.284170150756836,26.799999237060547,27.0,26.0,26.75,11641133,yfinance,False
2015-10-28,22.03472328186035,26.5,27.049999237060547,26.299999237060547,26.399999618530273,9128697,yfinance,False
2015-10-29,22.15944480895996,26.649999618530273,27.299999237060547,26.600000381469727,26.850000381469727,12103467,yfinance,False
2015-10-30,22.15944480895996,26.649999618530273,27.100000381469727,26.5,26.799999237060547,9489664,yfinance,False
2015-11-02,21.909996032714844,26.350000381469727,27.299999237060547,26.299999237060547,27.100000381469727,11721419,yfinance,False
2015-11-03,22.741493225097656,27.350000381469727,28.25,27.0,27.049999237060547,30109474,yfinance,False
2015-11-04,22.242597579956055,26.75,27.75,26.75,27.5,37246485,yfinance,False
2015-11-05,22.242597579956055,26.75,27.0,26.5,26.799999237060547,40683375,yfinance,False
2015-11-06,22.284170150756836,26.799999237060547,27.049999237060547,26.5,26.850000381469727,44144202,yfinance,False
2015-11-09,21.993141174316406,26.450000762939453,27.049999237060547,26.350000381469727,27.0,15994777,yfinance,False
2015-11-10,21.12006950378418,25.399999618530273,25.700000762939453,25.049999237060547,25.5,32730002,yfinance,False
2015-11-11,20.95377540588379,25.200000762939453,25.700000762939453,25.049999237060547,25.399999618530273,17337305,yfinance,False
2015-11-12,21.494243621826172,25.850000381469727,26.149999618530273,25.299999237060547,25.450000762939453,15763030,yfinance,False
2015-11-13,20.995346069335938,25.25,25.600000381469727,25.149999618530273,25.350000381469727,14312687,yfinance,False
2015-11-16,20.454872131347656,24.600000381469727,25.0,24.450000762939453,24.5,11945160,yfinance,False
2015-11-17,20.704322814941406,24.899999618530273,25.450000762939453,24.850000381469727,25.299999237060547,12368750,yfinance,False
2015-11-18,19.748098373413086,23.75,24.850000381469727,23.600000381469727,24.799999237060547,26241480,yfinance,False
2015-11-19,20.205425262451172,24.299999237060547,24.399999618530273,23.649999618530273,23.850000381469727,15671862,yfinance,False
2015-11-20,19.99755096435547,24.049999237060547,24.149999618530273,23.75,24.100000381469727,13824267,yfinance,False
2015-11-23,19.207624435424805,23.100000381469727,24.0,23.0,23.899999618530273,23257030,yfinance,False
2015-11-24,19.498645782470703,23.450000762939453,23.649999618530273,23.049999237060547,23.25,12596622,yfinance,False
2015-11-25,19.62337303161621,23.600000381469727,23.75,23.299999237060547,23.649999618530273,10760981,yfinance,False
2015-11-26,19.581796646118164,23.549999237060547,23.950000762939453,23.399999618530273,23.850000381469727,8072651,yfinance,False
2015-11-27,19.082902908325195,22.950000762939453,23.600000381469727,22.75,23.399999618530273,11015064,yfinance,False
2015-11-30,18.958175659179688,22.799999237060547,23.299999237060547,22.75,22.75,8260226,yfinance,False
2015-12-01,19.789674758911133,23.799999237060547,23.850000381469727,23.049999237060547,23.100000381469727,20296751,yfinance,False
2015-12-02,19.955974578857422,24.0,24.200000762939453,23.5,23.850000381469727,14657398,yfinance,False
2015-12-03,19.955974578857422,24.0,24.200000762939453,23.700000762939453,23.799999237060547,7901584,yfinance,False
2015-12-04,19.664947509765625,23.649999618530273,23.700000762939453,23.350000381469727,23.700000762939453,8633470,yfinance,False
2015-12-07,19.87282371520996,23.899999618530273,24.0,23.5,23.5,10197513,yfinance,False
2015-12-08,19.04132652282715,22.899999618530273,23.600000381469727,22.649999618530273,23.5,18859985,yfinance,False
2015-12-09,18.99974822998047,22.850000381469727,23.100000381469727,22.5,23.0,6791864,yfinance,False
2015-12-10,19.290775299072266,23.200000762939453,23.450000762939453,22.649999618530273,22.850000381469727,7551790,yfinance,False
2015-12-11,19.249202728271484,23.149999618530273,23.399999618530273,22.75,23.399999618530273,9693463,yfinance,False
2015-12-14,18.7918758392334,22.600000381469727,22.799999237060547,22.299999237060547,22.799999237060547,9477297,yfinance,False
2015-12-15,18.500852584838867,22.25,22.649999618530273,22.200000762939453,22.299999237060547,8529385,yfinance,False
2015-12-16,19.207624435424805,23.100000381469727,23.450000762939453,22.299999237060547,22.600000381469727,15890044,yfinance,False
2015-12-17,19.706527709960938,23.700000762939453,24.0,23.200000762939453,23.299999237060547,22262235,yfinance,False
2015-12-18,19.581796646118164,23.549999237060547,23.799999237060547,23.100000381469727,23.100000381469727,13085730,yfinance,False
2015-12-21,20.24699592590332,24.350000381469727,24.399999618530273,23.25,23.600000381469727,26606780,yfinance,False
2015-12-22,20.205425262451172,24.299999237060547,24.399999618530273,23.850000381469727,24.200000762939453,13733712,yfinance,False
2015-12-23,20.454872131347656,24.600000381469727,24.950000762939453,24.450000762939453,24.450000762939453,13892615,yfinance,False
2015-12-24,20.621171951293945,24.799999237060547,24.950000762939453,24.5,24.950000762939453,4451560,yfinance,False
2015-12-28,20.24699592590332,24.350000381469727,24.799999237060547,24.299999237060547,24.799999237060547,4704417,yfinance,False
2015-12-29,20.37172508239746,24.5,24.649999618530273,24.049999237060547,24.450000762939453,4988515,yfinance,False
2015-12-30,20.37172508239746,24.5,24.75,24.25,24.75,5070341,yfinance,False
2015-12-31,20.33015251159668,24.450000762939453,24.649999618530273,24.299999237060547,24.5,3035751,yfinance,False
2016-01-04,20.288576126098633,24.399999618530273,25.299999237060547,23.700000762939453,24.799999237060547,19535671,yfinance,False
2016-01-05,20.37172508239746,24.5,24.950000762939453,24.0,24.799999237060547,10907257,yfinance,False
2016-01-06,19.99755096435547,24.049999237060547,24.950000762939453,23.850000381469727,24.899999618530273,8421276,yfinance,False
2016-01-07,18.667152404785156,22.450000762939453,23.950000762939453,22.350000381469727,23.600000381469727,20127888,yfinance,False
2016-01-08,18.334550857543945,22.049999237060547,22.850000381469727,21.899999618530273,22.5,18569775,yfinance,False
2016-01-11,17.794078826904297,21.399999618530273,21.950000762939453,21.100000381469727,21.25,15675708,yfinance,False
2016-01-12,17.960378646850586,21.600000381469727,22.149999618530273,21.600000381469727,22.049999237060547,11352713,yfinance,False
2016-01-13,18.001953125,21.649999618530273,22.799999237060547,21.549999237060547,22.100000381469727,17235897,yfinance,False
2016-01-14,17.960378646850586,21.600000381469727,21.649999618530273,20.600000381469727,21.350000381469727,10530496,yfinance,False
2016-01-15,17.586200714111328,21.149999618530273,21.700000762939453,21.049999237060547,21.5,12604574,yfinance,False
2016-01-18,18.20982551574707,21.899999618530273,22.350000381469727,21.350000381469727,21.799999237060547,14601154,yfinance,False
2016-01-19,18.584001541137695,22.350000381469727,22.399999618530273,21.25,21.799999237060547,12303769,yfinance,False
2016-01-20,17.170448303222656,20.649999618530273,22.0,20.5,21.899999618530273,21797917,yfinance,False
2016-01-21,16.7131290435791,20.100000381469727,21.350000381469727,19.920000076293945,20.799999237060547,17206206,yfinance,False
2016-01-22,17.877229690551758,21.5,21.649999618530273,20.450000762939453,20.600000381469727,37600997,yfinance,False
2016-01-25,18.04352569580078,21.700000762939453,22.0,21.549999237060547,21.75,20153401,yfinance,False
2016-01-26,17.91880226135254,21.549999237060547,22.049999237060547,21.100000381469727,21.350000381469727,16468554,yfinance,False
2016-01-27,18.667152404785156,22.450000762939453,22.799999237060547,22.0,22.100000381469727,31125249,yfinance,False
2016-01-28,19.62337303161621,23.600000381469727,23.799999237060547,23.200000762939453,23.5,40563065,yfinance,False
2016-01-29,20.039125442504883,24.100000381469727,24.75,23.899999618530273,24.0,28301023,yfinance,False
2016-02-01,20.122278213500977,24.200000762939453,24.450000762939453,23.5,24.350000381469727,15629503,yfinance,False
2016-02-02,19.748098373413086,23.75,25.0,23.600000381469727,24.200000762939453,36216325,yfinance,False
2016-02-03,18.833452224731445,22.649999618530273,23.049999237060547,21.950000762939453,22.899999618530273,26755192,yfinance,False
2016-02-04,19.124479293823242,23.0,23.399999618530273,22.950000762939453,23.0,11166594,yfinance,False
2016-02-05,19.415504455566406,23.350000381469727,23.649999618530273,23.100000381469727,23.399999618530273,7226460,yfinance,False
2016-02-11,18.75029754638672,22.549999237060547,23.200000762939453,22.049999237060547,22.950000762939453,15871726,yfinance,False
2016-02-12,19.33234977722168,23.25,23.600000381469727,22.350000381469727,22.350000381469727,15524723,yfinance,False
2016-02-15,20.912195205688477,25.149999618530273,25.200000762939453,24.049999237060547,24.049999237060547,32601306,yfinance,False
2016-02-16,20.49644660949707,24.649999618530273,25.350000381469727,24.549999237060547,25.200000762939453,23164259,yfinance,False
2016-02-17,20.7874755859375,25.0,25.600000381469727,24.799999237060547,24.899999618530273,28679299,yfinance,False
2016-02-18,22.03472328186035,26.5,26.649999618530273,25.549999237060547,25.549999237060547,27912570,yfinance,False
2016-02-19,21.411090850830078,25.75,26.200000762939453,25.649999618530273,26.100000381469727,18196225,yfinance,False
2016-02-22,21.951568603515625,26.399999618530273,26.5,25.850000381469727,25.850000381469727,13668456,yfinance,False
2016-02-23,21.951568603515625,26.399999618530273,27.149999618530273,26.25,26.549999237060547,19763236,yfinance,False
2016-02-24,21.66054916381836,26.049999237060547,26.299999237060547,25.399999618530273,26.200000762939453,11662088,yfinance,False
2016-02-25,21.161651611328125,25.450000762939453,26.799999237060547,24.799999237060547,26.299999237060547,25079000,yfinance,False
2016-02-26,21.702123641967773,26.100000381469727,26.399999618530273,25.850000381469727,26.0,27729820,yfinance,False
2016-02-29,21.702123641967773,26.100000381469727,27.0,26.0,26.850000381469727,14962648,yfinance,False
2016-03-01,21.53582000732422,25.899999618530273,26.299999237060547,24.850000381469727,26.299999237060547,26913594,yfinance,False
2016-03-02,22.616769790649414,27.200000762939453,27.25,26.450000762939453,26.5,34662940,yfinance,False
2016-03-03,22.408897399902344,26.950000762939453,27.399999618530273,26.600000381469727,27.350000381469727,16320361,yfinance,False
2016-03-04,22.492046356201172,27.049999237060547,27.5,26.899999618530273,26.899999618530273,17326804,yfinance,False
2016-03-07,22.20102310180664,26.700000762939453,27.600000381469727,26.600000381469727,27.25,17743925,yfinance,False
2016-03-08,21.618974685668945,26.0,26.5,25.649999618530273,26.200000762939453,24312492,yfinance,False
2016-03-09,21.82684326171875,26.25,26.399999618530273,25.700000762939453,25.899999618530273,8276415,yfinance,False
2016-03-10,21.82684326171875,26.25,26.850000381469727,26.200000762939453,26.399999618530273,7043038,yfinance,False
2016-03-11,22.450469970703125,27.0,27.100000381469727,26.100000381469727,26.600000381469727,12077743,yfinance,False
2016-03-14,22.20102310180664,26.700000762939453,28.0,26.700000762939453,27.299999237060547,16536249,yfinance,False
2016-03-15,22.367319107055664,26.899999618530273,27.149999618530273,26.600000381469727,26.899999618530273,9652471,yfinance,False
2016-03-16,22.284170150756836,26.799999237060547,27.100000381469727,26.5,26.899999618530273,6483970,yfinance,False
2016-03-17,22.492046356201172,27.049999237060547,27.299999237060547,26.899999618530273,27.200000762939453,8129650,yfinance,False
2016-03-18,24.65394401550293,29.649999618530273,29.75,27.200000762939453,27.5,43000330,yfinance,False
2016-03-21,23.947168350219727,28.799999237060547,30.149999618530273,28.799999237060547,30.0,24248380,yfinance,False
2016-03-22,23.780868530273438,28.600000381469727,29.0,28.399999618530273,28.75,10363030,yfinance,False
2016-03-23,24.155040740966797,29.049999237060547,29.149999618530273,28.299999237060547,28.350000381469727,10723521,yfinance,False
2016-03-24,23.61456871032715,28.399999618530273,28.850000381469727,28.149999618530273,28.600000381469727,10644521,yfinance,False
2016-03-29,24.19661521911621,29.100000381469727,29.5,28.149999618530273,28.450000762939453,15699676,yfinance,False
2016-03-30,24.65394401550293,29.649999618530273,29.700000762939453,28.950000762939453,29.200000762939453,18054928,yfinance,False
2016-03-31,24.19661521911621,29.100000381469727,30.0,29.0,29.649999618530273,10950666,yfinance,False
2016-04-01,23.281965255737305,28.0,29.149999618530273,27.700000762939453,29.149999618530273,16933665,yfinance,False
2016-04-05,22.325748443603516,26.850000381469727,27.450000762939453,26.649999618530273,27.399999618530273,20266513,yfinance,False
2016-04-06,22.658342361450195,27.25,27.450000762939453,26.700000762939453,26.700000762939453,11425607,yfinance,False
2016-04-07,22.533620834350586,27.100000381469727,27.799999237060547,27.100000381469727,27.350000381469727,10328932,yfinance,False
2016-04-08,23.2025203704834,27.75,27.850000381469727,26.700000762939453,26.850000381469727,12262740,yfinance,False
2016-04-11,22.993488311767578,27.5,27.850000381469727,27.25,27.600000381469727,9960195,yfinance,False
2016-04-12,23.160717010498047,27.700000762939453,27.850000381469727,27.450000762939453,27.600000381469727,7131805,yfinance,False
2016-04-13,24.12226104736328,28.850000381469727,29.049999237060547,27.950000762939453,28.049999237060547,15560146,yfinance,False
2016-04-14,24.289487838745117,29.049999237060547,29.700000762939453,28.799999237060547,29.399999618530273,17363826,yfinance,False
2016-04-15,24.080455780029297,28.799999237060547,29.049999237060547,28.5,29.0,13929704,yfinance,False
2016-04-18,23.996841430664062,28.700000762939453,29.100000381469727,28.149999618530273,28.149999618530273,6829221,yfinance,False
2016-04-19,24.623939514160156,29.450000762939453,29.5,28.899999618530273,29.5,6212473,yfinance,False
2016-04-20,24.289487838745117,29.049999237060547,29.600000381469727,28.799999237060547,29.299999237060547,8499342,yfinance,False
2016-04-21,23.66239356994629,28.299999237060547,29.200000762939453,27.850000381469727,29.200000762939453,15663799,yfinance,False
2016-04-22,22.993488311767578,27.5,28.0,27.0,27.799999237060547,23796862,yfinance,False
2016-04-25,23.2025203704834,27.75,28.0,27.100000381469727,27.600000381469727,11362002,yfinance,False
2016-04-26,23.578784942626953,28.200000762939453,28.299999237060547,27.549999237060547,27.700000762939453,9937186,yfinance,False
2016-04-27,23.077106475830078,27.600000381469727,28.25,27.450000762939453,27.950000762939453,10552224,yfinance,False
2016-04-28,22.49181365966797,26.899999618530273,27.799999237060547,26.649999618530273,27.75,21371870,yfinance,False
2016-04-29,21.906524658203125,26.200000762939453,26.75,26.100000381469727,26.600000381469727,19908693,yfinance,False
2016-05-03,21.65568733215332,25.899999618530273,26.850000381469727,25.799999237060547,26.850000381469727,24080612,yfinance,False
2016-05-04,21.363040924072266,25.549999237060547,25.899999618530273,25.450000762939453,25.799999237060547,10464871,yfinance,False
2016-05-05,21.404848098754883,25.600000381469727,25.850000381469727,25.299999237060547,25.5,10107769,yfinance,False
2016-05-06,20.443302154541016,24.450000762939453,25.450000762939453,24.350000381469727,25.399999618530273,19134474,yfinance,False
2016-05-09,20.61053466796875,24.649999618530273,25.049999237060547,24.600000381469727,24.600000381469727,10551943,yfinance,False
2016-05-10,20.568723678588867,24.600000381469727,24.850000381469727,24.149999618530273,24.299999237060547,7528980,yfinance,False
2016-05-11,20.73594856262207,24.799999237060547,25.299999237060547,24.75,25.0,11286978,yfinance,False
2016-05-12,21.02859115600586,25.149999618530273,25.200000762939453,24.25,24.799999237060547,9265701,yfinance,False
2016-05-13,20.777753829956055,24.850000381469727,25.0,24.399999618530273,24.75,12662162,yfinance,False
2016-05-16,20.777753829956055,24.850000381469727,25.25,24.600000381469727,25.0,7534744,yfinance,False
2016-05-17,20.861366271972656,24.950000762939453,25.0,24.549999237060547,24.75,6808132,yfinance,False
2016-05-18,20.31788444519043,24.299999237060547,24.899999618530273,24.200000762939453,24.75,5936553,yfinance,False
2016-05-19,20.276079177856445,24.25,24.700000762939453,24.200000762939453,24.5,4961554,yfinance,False
2016-05-20,20.35968780517578,24.350000381469727,24.549999237060547,24.049999237060547,24.450000762939453,5065216,yfinance,False
2016-05-23,19.899818420410156,23.799999237060547,24.299999237060547,23.649999618530273,24.200000762939453,11655842,yfinance,False
2016-05-24,20.90317153930664,25.0,25.100000381469727,23.799999237060547,23.799999237060547,18350774,yfinance,False
2016-05-25,21.5302677154541,25.75,25.899999618530273,25.299999237060547,25.399999618530273,17303329,yfinance,False
2016-05-26,21.5302677154541,25.75,25.850000381469727,25.100000381469727,25.649999618530273,6129056,yfinance,False
2016-05-27,21.5302677154541,25.75,25.950000762939453,25.450000762939453,25.799999237060547,6677920,yfinance,False
2016-05-30,21.822914123535156,26.100000381469727,26.5,25.799999237060547,25.950000762939453,9545950,yfinance,False
2016-05-31,21.822914123535156,26.100000381469727,26.350000381469727,25.899999618530273,26.049999237060547,11303365,yfinance,False
2016-06-01,21.32123565673828,25.5,26.450000762939453,25.200000762939453,26.200000762939453,9965107,yfinance,False
2016-06-02,21.864717483520508,26.149999618530273,26.149999618530273,25.350000381469727,25.75,10743312,yfinance,False
2016-06-03,21.864717483520508,26.149999618530273,26.399999618530273,25.799999237060547,26.25,9050126,yfinance,False
2016-06-06,21.32123565673828,25.5,26.299999237060547,25.25,26.25,12285995,yfinance,False
2016-06-07,20.777753829956055,24.850000381469727,25.350000381469727,24.600000381469727,25.100000381469727,21021486,yfinance,False
2016-06-08,20.819561004638672,24.899999618530273,25.049999237060547,24.700000762939453,25.0,9194527,yfinance,False
2016-06-10,20.944978713989258,25.049999237060547,25.149999618530273,24.799999237060547,25.100000381469727,10664603,yfinance,False
2016-06-13,20.067049026489258,24.0,24.649999618530273,23.799999237060547,24.450000762939453,15461198,yfinance,False
2016-06-14,19.816207885742188,23.700000762939453,24.25,23.600000381469727,24.149999618530273,10124821,yfinance,False
2016-06-15,19.983430862426758,23.899999618530273,24.350000381469727,23.5,23.5,7634732,yfinance,False
2016-06-16,19.398147583007812,23.200000762939453,24.0,23.100000381469727,23.700000762939453,11492080,yfinance,False
2016-06-17,19.43994903564453,23.25,23.700000762939453,23.149999618530273,23.600000381469727,9681882,yfinance,False
2016-06-20,19.607177734375,23.450000762939453,23.700000762939453,23.350000381469727,23.649999618530273,6126002,yfinance,False
2016-06-21,19.523561477661133,23.350000381469727,23.600000381469727,23.200000762939453,23.5,5417482,yfinance,False
2016-06-22,19.816207885742188,23.700000762939453,23.850000381469727,23.450000762939453,23.5,7823535,yfinance,False
2016-06-23,20.02524185180664,23.950000762939453,24.100000381469727,23.450000762939453,23.799999237060547,6940180,yfinance,False
2016-06-24,19.314529418945312,23.100000381469727,24.149999618530273,22.5,23.450000762939453,22481781,yfinance,False
2016-06-27,19.021888732910156,22.75,22.899999618530273,22.549999237060547,22.899999618530273,12466739,yfinance,False
2016-06-28,18.603822708129883,22.25,22.549999237060547,22.100000381469727,22.200000762939453,17816631,yfinance,False
2016-06-29,18.729246139526367,22.399999618530273,22.899999618530273,22.100000381469727,22.100000381469727,14248472,yfinance,False
2016-06-30,19.230920791625977,23.0,23.100000381469727,22.700000762939453,22.75,12103886,yfinance,False
2016-07-04,19.565370559692383,23.399999618530273,23.649999618530273,22.649999618530273,23.049999237060547,16553444,yfinance,False
2016-07-05,18.854665756225586,22.549999237060547,23.25,22.399999618530273,23.149999618530273,10208121,yfinance,False
2016-07-06,18.520206451416016,22.149999618530273,22.299999237060547,22.0,22.200000762939453,11355083,yfinance,False
2016-07-07,18.77104949951172,22.450000762939453,22.549999237060547,22.25,22.5,10145540,yfinance,False
2016-07-08,18.896465301513672,22.600000381469727,22.649999618530273,22.350000381469727,22.399999618530273,5824947,yfinance,False
2016-07-11,19.230920791625977,23.0,23.399999618530273,22.899999618530273,23.100000381469727,15143495,yfinance,False
2016-07-12,20.067049026489258,24.0,24.350000381469727,23.299999237060547,23.399999618530273,28917810,yfinance,False
2016-07-13,20.150659561157227,24.100000381469727,24.450000762939453,23.850000381469727,24.200000762939453,14429672,yfinance,False
2016-07-14,20.234270095825195,24.200000762939453,24.200000762939453,23.899999618530273,24.149999618530273,9915349,yfinance,False
2016-07-15,20.192461013793945,24.149999618530273,24.450000762939453,23.850000381469727,24.350000381469727,6918564,yfinance,False
2016-07-18,20.568723678588867,24.600000381469727,24.700000762939453,23.899999618530273,24.200000762939453,15336102,yfinance,False
2016-07-19,20.067049026489258,24.0,24.549999237060547,23.899999618530273,24.549999237060547,12884849,yfinance,False
2016-07-20,20.234270095825195,24.200000762939453,24.25,23.850000381469727,23.850000381469727,9189019,yfinance,False
2016-07-21,20.192461013793945,24.149999618530273,24.600000381469727,24.100000381469727,24.200000762939453,9861987,yfinance,False
2016-07-22,20.234270095825195,24.200000762939453,24.299999237060547,23.950000762939453,24.100000381469727,4558100,yfinance,False
2016-07-25,20.61053466796875,24.649999618530273,24.700000762939453,24.100000381469727,24.25,8645166,yfinance,False
2016-07-26,21.948331832885742,26.25,26.450000762939453,24.75,24.75,53188381,yfinance,False
2016-07-27,21.613882064819336,25.850000381469727,26.350000381469727,25.649999618530273,26.25,16528393,yfinance,False
2016-07-28,21.613882064819336,25.850000381469727,26.149999618530273,25.649999618530273,25.799999237060547,10131743,yfinance,False
2016-07-29,21.572072982788086,25.799999237060547,25.799999237060547,25.049999237060547,25.049999237060547,13912765,yfinance,False
2016-08-01,21.697494506835938,25.950000762939453,26.299999237060547,25.700000762939453,26.0,13320339,yfinance,False
2016-08-02,21.697494506835938,25.950000762939453,25.950000762939453,25.950000762939453,25.950000762939453,0,yfinance,False
2016-08-03,20.986785888671875,25.100000381469727,25.600000381469727,25.0,25.450000762939453,10931304,yfinance,False
2016-08-04,21.11220359802246,25.25,25.75,25.149999618530273,25.399999618530273,8112294,yfinance,False
2016-08-05,21.488460540771484,25.700000762939453,25.850000381469727,25.200000762939453,25.549999237060547,14336796,yfinance,False
2016-08-08,21.739301681518555,26.0,26.149999618530273,25.850000381469727,26.0,8040628,yfinance,False
2016-08-09,22.115556716918945,26.450000762939453,26.450000762939453,25.899999618530273,26.149999618530273,8953813,yfinance,False
2016-08-10,22.868072509765625,27.350000381469727,27.799999237060547,26.450000762939453,26.450000762939453,29411134,yfinance,False
2016-08-11,22.90987777709961,27.399999618530273,27.75,26.950000762939453,27.299999237060547,14050406,yfinance,False
2016-08-12,23.495166778564453,28.100000381469727,28.200000762939453,27.700000762939453,27.799999237060547,18777278,yfinance,False
2016-08-15,23.035297393798828,27.549999237060547,28.100000381469727,27.149999618530273,28.100000381469727,14069247,yfinance,False
2016-08-16,23.2025203704834,27.75,27.899999618530273,27.299999237060547,27.700000762939453,10143132,yfinance,False
2016-08-17,22.951684951782227,27.450000762939453,27.899999618530273,27.299999237060547,27.700000762939453,8509192,yfinance,False
2016-08-18,22.90987777709961,27.399999618530273,27.700000762939453,27.200000762939453,27.600000381469727,11225120,yfinance,False
2016-08-19,22.28278160095215,26.649999618530273,27.5,26.299999237060547,27.5,16872271,yfinance,False
2016-08-22,22.28278160095215,26.649999618530273,26.850000381469727,26.25,26.649999618530273,16436518,yfinance,False
2016-08-23,22.28278160095215,26.649999618530273,26.850000381469727,26.350000381469727,26.700000762939453,6435288,yfinance,False
2016-08-24,21.572072982788086,25.799999237060547,26.799999237060547,25.600000381469727,26.75,15007370,yfinance,False
2016-08-25,22.031944274902344,26.350000381469727,26.950000762939453,25.149999618530273,25.799999237060547,34373845,yfinance,False
2016-08-26,22.115556716918945,26.450000762939453,26.850000381469727,26.25,26.399999618530273,11879520,yfinance,False
2016-08-29,21.279428482055664,25.450000762939453,26.5,25.350000381469727,26.450000762939453,20132621,yfinance,False
2016-08-30,21.32123565673828,25.5,25.899999618530273,25.450000762939453,25.899999618530273,25676005,yfinance,False
2016-08-31,21.11220359802246,25.25,25.649999618530273,25.0,25.549999237060547,17740220,yfinance,False
2016-09-01,22.826265335083008,27.299999237060547,27.350000381469727,24.899999618530273,25.200000762939453,47317997,yfinance,False
2016-09-02,22.61723518371582,27.049999237060547,27.700000762939453,26.850000381469727,27.0,30886012,yfinance,False
2016-09-05,22.742652893066406,27.200000762939453,27.549999237060547,26.899999618530273,27.5,11971817,yfinance,False
2016-09-06,22.70084571838379,27.149999618530273,27.25,26.850000381469727,27.149999618530273,10330433,yfinance,False
2016-09-07,22.868072509765625,27.350000381469727,27.5,26.950000762939453,27.149999618530273,11104088,yfinance,False
2016-09-08,24.20587730407715,28.950000762939453,28.950000762939453,27.200000762939453,27.450000762939453,39533149,yfinance,False
2016-09-09,24.623939514160156,29.450000762939453,30.799999237060547,28.799999237060547,28.950000762939453,67823227,yfinance,False
2016-09-12,23.704200744628906,28.350000381469727,29.049999237060547,28.200000762939453,28.25,28729757,yfinance,False
2016-09-13,23.453359603881836,28.049999237060547,29.200000762939453,28.0,28.799999237060547,23264425,yfinance,False
2016-09-14,23.913227081298828,28.600000381469727,29.399999618530273,27.850000381469727,27.950000762939453,22692168,yfinance,False
2016-09-15,25.209224700927734,30.149999618530273,30.350000381469727,28.950000762939453,29.100000381469727,41884695,yfinance,False
2016-09-19,25.000194549560547,29.899999618530273,30.350000381469727,29.0,30.299999237060547,25336958,yfinance,False
2016-09-20,24.456714630126953,29.25,29.649999618530273,29.0,29.549999237060547,18026285,yfinance,False
2016-09-21,24.791162490844727,29.649999618530273,29.850000381469727,29.049999237060547,29.049999237060547,16738346,yfinance,False
2016-09-22,24.791162490844727,29.649999618530273,30.5,29.5,29.75,20138799,yfinance,False
2016-09-23,24.564027786254883,29.200000762939453,30.049999237060547,29.0,29.850000381469727,17296682,yfinance,False
2016-09-26,23.933107376098633,28.450000762939453,29.350000381469727,28.399999618530273,29.0,17166240,yfinance,False
2016-09-27,24.31165885925293,28.899999618530273,29.25,28.0,28.399999618530273,18550285,yfinance,False
2016-09-28,24.648151397705078,29.299999237060547,29.399999618530273,28.399999618530273,28.5,11757837,yfinance,False
2016-09-29,25.110836029052734,29.850000381469727,29.899999618530273,29.149999618530273,29.799999237060547,8473367,yfinance,False
2016-09-30,24.564027786254883,29.200000762939453,29.700000762939453,29.049999237060547,29.299999237060547,9810925,yfinance,False
2016-10-03,25.27907943725586,30.049999237060547,30.899999618530273,29.799999237060547,30.5,20050735,yfinance,False
2016-10-04,25.489389419555664,30.299999237060547,30.450000762939453,29.799999237060547,29.899999618530273,13426397,yfinance,False
2016-10-05,25.741762161254883,30.600000381469727,30.799999237060547,30.049999237060547,30.200000762939453,11884618,yfinance,False
2016-10-06,26.709177017211914,31.75,31.950000762939453,30.600000381469727,30.799999237060547,23575822,yfinance,False
2016-10-07,26.246498107910156,31.200000762939453,31.950000762939453,30.950000762939453,31.799999237060547,16042608,yfinance,False
2016-10-11,26.919483184814453,32.0,32.599998474121094,31.799999237060547,32.0,22965314,yfinance,False
2016-10-12,26.204435348510742,31.149999618530273,32.0,31.149999618530273,31.899999618530273,13865923,yfinance,False
2016-10-13,25.447324752807617,30.25,31.299999237060547,30.049999237060547,31.149999618530273,17704040,yfinance,False
2016-10-14,25.741762161254883,30.600000381469727,30.899999618530273,30.299999237060547,30.549999237060547,16230770,yfinance,False
2016-10-17,24.648151397705078,29.299999237060547,30.25,29.149999618530273,30.200000762939453,24663675,yfinance,False
2016-10-18,25.321142196655273,30.100000381469727,30.5,29.5,29.649999618530273,15825956,yfinance,False
2016-10-19,25.23702049255371,30.0,30.350000381469727,29.600000381469727,30.100000381469727,8166945,yfinance,False
2016-10-20,25.27907943725586,30.049999237060547,30.700000762939453,30.049999237060547,30.299999237060547,5611138,yfinance,False
2016-10-21,25.27907943725586,30.049999237060547,30.049999237060547,30.049999237060547,30.049999237060547,0,yfinance,False
2016-10-24,25.741762161254883,30.600000381469727,30.899999618530273,29.700000762939453,30.0,13483012,yfinance,False
2016-10-25,26.456806182861328,31.450000762939453,31.75,30.700000762939453,30.850000381469727,14791227,yfinance,False
2016-10-26,26.9615478515625,32.04999923706055,32.650001525878906,30.950000762939453,31.200000762939453,28856101,yfinance,False
2016-10-27,26.75124168395996,31.799999237060547,32.70000076293945,31.600000381469727,32.0,19326389,yfinance,False
2016-10-28,26.83536148071289,31.899999618530273,32.5,31.700000762939453,32.04999923706055,17593281,yfinance,False
2016-10-31,26.793302536010742,31.850000381469727,32.25,31.149999618530273,31.700000762939453,12687778,yfinance,False
2016-11-01,27.382165908813477,32.54999923706055,32.849998474121094,31.649999618530273,31.850000381469727,17940884,yfinance,False
2016-11-02,27.00360679626465,32.099998474121094,32.400001525878906,31.799999237060547,32.25,11386417,yfinance,False
2016-11-03,27.00360679626465,32.099998474121094,32.349998474121094,31.5,31.950000762939453,11011873,yfinance,False
2016-11-04,26.709177017211914,31.75,32.29999923706055,31.700000762939453,32.25,11217065,yfinance,False
2016-11-07,27.340097427368164,32.5,32.75,31.950000762939453,31.950000762939453,12754926,yfinance,False
2016-11-08,27.76072120666504,33.0,33.29999923706055,32.599998474121094,33.29999923706055,15106891,yfinance,False
2016-11-09,27.12979507446289,32.25,33.20000076293945,31.100000381469727,33.0,25666212,yfinance,False
2016-11-10,27.50834846496582,32.70000076293945,33.099998474121094,32.650001525878906,33.0,13963361,yfinance,False
2016-11-11,27.886903762817383,33.150001525878906,33.150001525878906,32.25,32.349998474121094,15606774,yfinance,False
2016-11-14,27.592472076416016,32.79999923706055,32.900001525878906,32.099998474121094,32.70000076293945,9783296,yfinance,False
2016-11-15,27.802778244018555,33.04999923706055,33.25,32.5,33.04999923706055,9889821,yfinance,False
2016-11-16,28.18133544921875,33.5,33.650001525878906,33.04999923706055,33.29999923706055,14567415,yfinance,False
2016-11-17,29.401126861572266,34.95000076293945,35.099998474121094,33.20000076293945,33.5,27671408,yfinance,False
2016-11-18,30.242361068725586,35.95000076293945,36.400001525878906,35.0,35.04999923706055,26121958,yfinance,False
2016-11-21,30.747102737426758,36.54999923706055,36.849998474121094,35.599998474121094,36.20000076293945,30081117,yfinance,False
2016-11-22,30.70503807067871,36.5,38.20000076293945,36.400001525878906,36.5,35642428,yfinance,False
2016-11-23,30.87328338623047,36.70000076293945,37.29999923706055,36.0,36.5,12009266,yfinance,False
2016-11-24,31.462158203125,37.400001525878906,37.75,36.20000076293945,36.5,12915369,yfinance,False
2016-11-25,31.125652313232422,37.0,37.599998474121094,36.75,37.599998474121094,9298419,yfinance,False
2016-11-28,31.54627799987793,37.5,37.900001525878906,37.29999923706055,37.349998474121094,13718765,yfinance,False
2016-11-29,31.630393981933594,37.599998474121094,38.54999923706055,37.45000076293945,37.5,13700623,yfinance,False
2016-11-30,32.387508392333984,38.5,38.5,37.79999923706055,37.900001525878906,15700797,yfinance,False
2016-12-01,31.54627799987793,37.5,39.20000076293945,37.349998474121094,38.45000076293945,24771099,yfinance,False
2016-12-02,30.074113845825195,35.75,36.95000076293945,35.5,36.95000076293945,32343193,yfinance,False
2016-12-05,30.83123016357422,36.650001525878906,36.900001525878906,35.400001525878906,35.95000076293945,18263328,yfinance,False
2016-12-06,31.966888427734375,38.0,38.0,36.79999923706055,36.79999923706055,16875086,yfinance,False
2016-12-07,31.966888427734375,38.0,38.29999923706055,37.400001525878906,38.0,14020799,yfinance,False
2016-12-08,31.67245864868164,37.650001525878906,38.400001525878906,37.29999923706055,38.25,10082651,yfinance,False
2016-12-09,29.443191528320312,35.0,36.349998474121094,33.599998474121094,34.0,89733375,yfinance,False
2016-12-12,29.022571563720703,34.5,35.5,34.349998474121094,35.349998474121094,25475785,yfinance,False
2016-12-13,29.022571563720703,34.5,34.849998474121094,34.150001525878906,34.70000076293945,9222061,yfinance,False
2016-12-14,29.06462860107422,34.54999923706055,35.349998474121094,34.45000076293945,34.849998474121094,15312964,yfinance,False
2016-12-15,28.18133544921875,33.5,34.54999923706055,33.20000076293945,34.20000076293945,18980182,yfinance,False
2016-12-16,28.517833709716797,33.900001525878906,34.29999923706055,32.79999923706055,33.70000076293945,21089467,yfinance,False
2016-12-19,28.265459060668945,33.599998474121094,34.04999923706055,33.25,34.04999923706055,10789116,yfinance,False
2016-12-20,28.05514907836914,33.349998474121094,33.75,32.95000076293945,33.54999923706055,9645406,yfinance,False
2016-12-21,28.517833709716797,33.900001525878906,34.099998474121094,33.04999923706055,33.349998474121094,8770727,yfinance,False
2016-12-22,28.18133544921875,33.5,34.099998474121094,33.20000076293945,33.79999923706055,11268940,yfinance,False
2016-12-23,27.8448429107666,33.099998474121094,33.5,32.900001525878906,33.400001525878906,8950000,yfinance,False
2016-12-28,27.97102928161621,33.25,33.29999923706055,32.599998474121094,33.099998474121094,8063823,yfinance,False
2016-12-29,27.802778244018555,33.04999923706055,33.20000076293945,32.70000076293945,32.70000076293945,6169765,yfinance,False
2016-12-30,28.433704376220703,33.79999923706055,34.25,32.900001525878906,33.04999923706055,16494170,yfinance,False
2017-01-03,28.05514907836914,33.349998474121094,33.650001525878906,32.54999923706055,33.45000076293945,16540269,yfinance,False
2017-01-04,28.05514907836914,33.349998474121094,33.54999923706055,32.900001525878906,33.45000076293945,9283848,yfinance,False
2017-01-05,28.770204544067383,34.20000076293945,34.20000076293945,33.29999923706055,33.349998474121094,13475937,yfinance,False
2017-01-06,28.601953506469727,34.0,34.45000076293945,33.54999923706055,34.20000076293945,10990033,yfinance,False
2017-01-09,29.82174301147461,35.45000076293945,35.54999923706055,33.849998474121094,34.20000076293945,19927929,yfinance,False
2017-01-10,30.158231735229492,35.849998474121094,36.25,35.54999923706055,35.650001525878906,21982922,yfinance,False
2017-01-11,30.494735717773438,36.25,36.54999923706055,35.95000076293945,36.099998474121094,15738970,yfinance,False
2017-01-12,29.82174301147461,35.45000076293945,36.20000076293945,35.150001525878906,35.79999923706055,14687251,yfinance,False
2017-01-13,29.863800048828125,35.5,35.900001525878906,35.29999923706055,35.650001525878906,6173300,yfinance,False
2017-01-16,29.73762321472168,35.349998474121094,35.75,35.04999923706055,35.5,5278120,yfinance,False
2017-01-17,29.779680252075195,35.400001525878906,35.70000076293945,35.04999923706055,35.54999923706055,7849230,yfinance,False
2017-01-18,30.116174697875977,35.79999923706055,36.20000076293945,35.349998474121094,35.349998474121094,9471329,yfinance,False
2017-01-19,30.074113845825195,35.75,36.0,35.400001525878906,35.79999923706055,4170571,yfinance,False
2017-01-20,29.779680252075195,35.400001525878906,35.650001525878906,35.150001525878906,35.45000076293945,7507860,yfinance,False
2017-01-23,30.032052993774414,35.70000076293945,36.150001525878906,35.5,35.599998474121094,9075444,yfinance,False
2017-01-24,29.947925567626953,35.599998474121094,36.5,35.400001525878906,35.900001525878906,8360830,yfinance,False
2017-01-25,30.662981033325195,36.45000076293945,36.599998474121094,35.75,35.900001525878906,17175662,yfinance,False
2017-01-26,30.95740509033203,36.79999923706055,37.04999923706055,36.04999923706055,36.150001525878906,21268477,yfinance,False
2017-01-27,31.25184440612793,37.150001525878906,37.45000076293945,36.54999923706055,36.599998474121094,10314437,yfinance,False
2017-02-01,30.41061019897461,36.150001525878906,37.45000076293945,35.75,36.25,21540985,yfinance,False
2017-02-02,29.905866622924805,35.54999923706055,36.150001525878906,35.45000076293945,36.150001525878906,15089117,yfinance,False
2017-02-03,29.905866622924805,35.54999923706055,36.0,34.79999923706055,35.54999923706055,12858119,yfinance,False
2017-02-06,29.779680252075195,35.400001525878906,35.95000076293945,35.25,35.650001525878906,16826603,yfinance,False
2017-02-07,29.232877731323242,34.75,35.900001525878906,34.70000076293945,35.70000076293945,16349376,yfinance,False
2017-02-08,28.72814178466797,34.150001525878906,34.95000076293945,33.75,34.75,26386996,yfinance,False
2017-02-09,29.316997528076172,34.849998474121094,35.150001525878906,34.099998474121094,34.29999923706055,24388289,yfinance,False
2017-02-10,29.863800048828125,35.5,35.599998474121094,35.20000076293945,35.25,16678854,yfinance,False
2017-02-13,29.779680252075195,35.400001525878906,35.650001525878906,34.849998474121094,35.5,10414029,yfinance,False
2017-02-14,31.8406982421875,37.849998474121094,37.95000076293945,35.349998474121094,35.349998474121094,48873456,yfinance,False
2017-02-15,31.630393981933594,37.599998474121094,38.20000076293945,36.95000076293945,37.849998474121094,21052147,yfinance,False
2017-02-16,31.378026962280273,37.29999923706055,38.5,37.20000076293945,37.54999923706055,17449418,yfinance,False
2017-02-17,30.99947738647461,36.849998474121094,36.95000076293945,36.400001525878906,36.75,13537417,yfinance,False
2017-02-20,30.789154052734375,36.599998474121094,37.20000076293945,36.45000076293945,37.150001525878906,6786074,yfinance,False
2017-02-21,30.116174697875977,35.79999923706055,36.650001525878906,35.5,36.599998474121094,18071842,yfinance,False
2017-02-22,30.41061019897461,36.150001525878906,36.45000076293945,35.900001525878906,35.900001525878906,7758349,yfinance,False
2017-02-23,30.99947738647461,36.849998474121094,37.400001525878906,35.849998474121094,36.04999923706055,22385433,yfinance,False
2017-02-24,31.125652313232422,37.0,37.150001525878906,36.5,36.79999923706055,12259348,yfinance,False
2017-02-27,31.209779739379883,37.099998474121094,37.650001525878906,36.599998474121094,36.599998474121094,16915539,yfinance,False
2017-02-28,31.293899536132812,37.20000076293945,37.599998474121094,36.54999923706055,37.400001525878906,14347870,yfinance,False
2017-03-01,33.018428802490234,39.25,39.5,37.349998474121094,38.150001525878906,60160559,yfinance,False
2017-03-02,32.93431091308594,39.150001525878906,40.099998474121094,38.79999923706055,39.900001525878906,35306406,yfinance,False
2017-03-03,32.47162628173828,38.599998474121094,39.150001525878906,38.45000076293945,38.79999923706055,13202873,yfinance,False
2017-03-06,32.4295654296875,38.54999923706055,39.349998474121094,38.5,39.20000076293945,10092140,yfinance,False
2017-03-07,32.34544372558594,38.45000076293945,38.900001525878906,38.20000076293945,38.900001525878906,11515671,yfinance,False
2017-03-08,32.555755615234375,38.70000076293945,39.20000076293945,38.20000076293945,38.20000076293945,10984780,yfinance,False
2017-03-09,32.13513946533203,38.20000076293945,38.599998474121094,37.900001525878906,38.29999923706055,10546784,yfinance,False
2017-03-10,32.47162628173828,38.599998474121094,38.849998474121094,37.900001525878906,38.0,10897361,yfinance,False
2017-03-13,32.555755615234375,38.70000076293945,39.150001525878906,38.29999923706055,38.70000076293945,10317791,yfinance,False
2017-03-14,33.22874450683594,39.5,39.900001525878906,38.650001525878906,38.650001525878906,17107001,yfinance,False
2017-03-15,33.144615173339844,39.400001525878906,40.150001525878906,39.099998474121094,39.099998474121094,15178389,yfinance,False
2017-03-16,33.64935302734375,40.0,40.099998474121094,39.54999923706055,39.75,11992290,yfinance,False
2017-03-17,34.02791976928711,40.45000076293945,41.099998474121094,40.04999923706055,40.099998474121094,25230555,yfinance,False
2017-03-20,34.99533462524414,41.599998474121094,41.75,40.5,40.900001525878906,22109830,yfinance,False
2017-03-21,34.86914825439453,41.45000076293945,41.650001525878906,40.79999923706055,41.5,12227058,yfinance,False
2017-03-22,34.74296188354492,41.29999923706055,41.45000076293945,40.70000076293945,41.0,15316048,yfinance,False
2017-03-23,35.07944869995117,41.70000076293945,42.349998474121094,41.0,41.400001525878906,12393628,yfinance,False
2017-03-24,34.99533462524414,41.599998474121094,42.0,41.04999923706055,41.900001525878906,12782390,yfinance,False
2017-03-27,34.87682342529297,41.20000076293945,41.900001525878906,40.849998474121094,41.29999923706055,15625830,yfinance,False
2017-03-28,36.10428237915039,42.650001525878906,42.70000076293945,41.400001525878906,41.5,20073806,yfinance,False
2017-03-29,36.18893051147461,42.75,42.79999923706055,42.04999923706055,42.70000076293945,13992315,yfinance,False
2017-03-30,36.48521423339844,43.099998474121094,43.349998474121094,42.20000076293945,42.5,22500663,yfinance,False
2017-03-31,36.019630432128906,42.54999923706055,43.150001525878906,42.20000076293945,43.150001525878906,10605107,yfinance,False
2017-04-03,36.40056228637695,43.0,43.650001525878906,42.5,43.5,14607223,yfinance,False
2017-04-05,36.73917770385742,43.400001525878906,43.79999923706055,42.599998474121094,43.5,17284417,yfinance,False
2017-04-06,36.6121940612793,43.25,43.5,42.79999923706055,43.0,7403756,yfinance,False
2017-04-07,36.65452194213867,43.29999923706055,43.29999923706055,42.0,43.04999923706055,14197252,yfinance,False
2017-04-10,37.1201171875,43.849998474121094,43.900001525878906,43.0,43.400001525878906,12047260,yfinance,False
2017-04-11,36.44288635253906,43.04999923706055,44.04999923706055,42.75,43.650001525878906,15879946,yfinance,False
2017-04-12,36.82381820678711,43.5,43.54999923706055,42.45000076293945,42.599998474121094,16147907,yfinance,False
2017-04-13,36.6121940612793,43.25,43.25,42.900001525878906,43.20000076293945,9917863,yfinance,False
2017-04-18,36.73917770385742,43.400001525878906,43.599998474121094,42.900001525878906,43.5,15212241,yfinance,False
2017-04-19,35.85032272338867,42.349998474121094,43.349998474121094,42.099998474121094,43.20000076293945,17578685,yfinance,False
2017-04-20,35.8079948425293,42.29999923706055,42.45000076293945,41.75,41.95000076293945,20402538,yfinance,False
2017-04-21,35.76567459106445,42.25,42.900001525878906,42.04999923706055,42.150001525878906,11617487,yfinance,False
2017-04-24,35.13077926635742,41.5,42.400001525878906,40.70000076293945,42.400001525878906,15720278,yfinance,False
2017-04-25,35.6810188293457,42.150001525878906,42.5,41.04999923706055,41.400001525878906,12504137,yfinance,False
2017-04-26,37.37406921386719,44.150001525878906,44.45000076293945,42.599998474121094,42.599998474121094,28640503,yfinance,False
2017-04-27,36.40056228637695,43.0,44.04999923706055,42.5,44.04999923706055,18027358,yfinance,False
2017-04-28,36.65452194213867,43.29999923706055,43.400001525878906,42.54999923706055,43.0,9758179,yfinance,False
2017-05-02,36.65452194213867,43.29999923706055,43.849998474121094,42.79999923706055,43.599998474121094,10936193,yfinance,False
2017-05-04,35.93498229980469,42.45000076293945,43.5,41.849998474121094,43.150001525878906,14741815,yfinance,False
2017-05-05,34.28425216674805,40.5,42.349998474121094,39.45000076293945,42.349998474121094,37639248,yfinance,False
2017-05-08,33.818668365478516,39.95000076293945,40.70000076293945,39.79999923706055,40.45000076293945,19462806,yfinance,False
2017-05-09,34.79216384887695,41.099998474121094,41.099998474121094,39.70000076293945,39.70000076293945,17793429,yfinance,False
2017-05-10,34.157264709472656,40.349998474121094,41.54999923706055,40.20000076293945,41.5,17890465,yfinance,False
2017-05-11,34.28425216674805,40.5,41.150001525878906,40.29999923706055,40.400001525878906,9015438,yfinance,False
2017-05-12,34.32657241821289,40.54999923706055,40.70000076293945,39.79999923706055,40.5,10689416,yfinance,False
2017-05-15,34.62286376953125,40.900001525878906,41.25,40.650001525878906,41.25,13061461,yfinance,False
2017-05-16,34.96147537231445,41.29999923706055,41.75,40.900001525878906,40.900001525878906,15330673,yfinance,False
2017-05-17,34.157264709472656,40.349998474121094,41.349998474121094,40.0,41.349998474121094,16918149,yfinance,False
2017-05-18,33.52237319946289,39.599998474121094,40.400001525878906,39.29999923706055,39.54999923706055,14118705,yfinance,False
2017-05-19,33.86098098754883,40.0,40.099998474121094,39.54999923706055,40.0,9120450,yfinance,False
2017-05-22,34.834495544433594,41.150001525878906,41.20000076293945,39.75,39.900001525878906,16397380,yfinance,False
2017-05-23,36.23125457763672,42.79999923706055,42.900001525878906,41.400001525878906,41.70000076293945,31452794,yfinance,False
2017-05-24,36.10428237915039,42.650001525878906,42.849998474121094,42.04999923706055,42.650001525878906,19951178,yfinance,False
2017-05-25,36.3159065246582,42.900001525878906,43.20000076293945,42.5,42.79999923706055,12635496,yfinance,False
2017-05-26,36.35824203491211,42.95000076293945,43.849998474121094,42.95000076293945,43.29999923706055,14380266,yfinance,False
2017-05-29,36.99313735961914,43.70000076293945,43.900001525878906,43.0,43.0,11909444,yfinance,False
2017-05-31,38.13593673706055,45.04999923706055,45.20000076293945,43.45000076293945,43.95000076293945,26838954,yfinance,False
2017-06-01,38.05128860473633,44.95000076293945,46.04999923706055,44.650001525878906,45.5,24084651,yfinance,False
2017-06-02,38.38990020751953,45.349998474121094,45.75,44.95000076293945,45.75,15446559,yfinance,False
2017-06-05,38.09361267089844,45.0,46.349998474121094,44.95000076293945,45.400001525878906,8115478,yfinance,False
2017-06-06,37.45872116088867,44.25,45.349998474121094,44.20000076293945,45.29999923706055,13202499,yfinance,False
2017-06-07,38.8978157043457,45.95000076293945,46.29999923706055,44.20000076293945,44.20000076293945,21535717,yfinance,False
2017-06-08,40.167598724365234,47.45000076293945,47.79999923706055,45.75,46.0,22037880,yfinance,False
2017-06-09,39.87131118774414,47.099998474121094,47.75,46.75,47.54999923706055,9847493,yfinance,False
2017-06-12,40.08294677734375,47.349998474121094,47.95000076293945,46.75,47.099998474121094,18007779,yfinance,False
2017-06-13,41.1411018371582,48.599998474121094,48.75,47.5,47.599998474121094,18517300,yfinance,False
2017-06-14,40.929473876953125,48.349998474121094,48.95000076293945,47.900001525878906,48.599998474121094,9851849,yfinance,False
2017-06-15,40.12527084350586,47.400001525878906,47.650001525878906,46.849998474121094,47.5,12591162,yfinance,False
2017-06-16,39.8289909362793,47.04999923706055,47.70000076293945,47.04999923706055,47.04999923706055,10225479,yfinance,False
2017-06-19,40.5062141418457,47.849998474121094,48.0,47.150001525878906,47.150001525878906,8838414,yfinance,False
2017-06-20,41.1411018371582,48.599998474121094,49.20000076293945,48.25,48.70000076293945,18496516,yfinance,False
2017-06-21,40.71784210205078,48.099998474121094,48.5,47.599998474121094,48.099998474121094,11206579,yfinance,False
2017-06-22,40.59086227416992,47.95000076293945,48.29999923706055,47.54999923706055,47.79999923706055,6830479,yfinance,False
2017-06-23,39.91364669799805,47.150001525878906,48.04999923706055,46.900001525878906,48.04999923706055,13610464,yfinance,False
2017-06-26,40.71784210205078,48.099998474121094,48.599998474121094,47.0,47.150001525878906,12679142,yfinance,False
2017-06-27,40.25225067138672,47.54999923706055,48.04999923706055,47.29999923706055,48.0,9164700,yfinance,False
2017-06-28,39.8289909362793,47.04999923706055,47.5,46.400001525878906,47.20000076293945,12338980,yfinance,False
2017-06-29,40.29457092285156,47.599998474121094,47.849998474121094,47.099998474121094,47.45000076293945,9011098,yfinance,False
2017-06-30,40.12527084350586,47.400001525878906,47.400001525878906,46.54999923706055,46.70000076293945,8076236,yfinance,False
2017-07-03,39.23642349243164,46.349998474121094,46.54999923706055,45.0,46.54999923706055,15987092,yfinance,False
2017-07-04,37.839656829833984,44.70000076293945,46.349998474121094,43.900001525878906,46.099998474121094,25342143,yfinance,False
2017-07-05,38.305240631103516,45.25,45.45000076293945,44.25,44.29999923706055,14723126,yfinance,False
2017-07-06,38.982460021972656,46.04999923706055,46.25,45.599998474121094,45.70000076293945,12076752,yfinance,False
2017-07-07,38.81315612792969,45.849998474121094,46.20000076293945,45.54999923706055,45.54999923706055,6751492,yfinance,False
2017-07-10,39.27874755859375,46.400001525878906,46.849998474121094,46.0,46.25,12053893,yfinance,False
2017-07-11,39.44804763793945,46.599998474121094,47.04999923706055,46.349998474121094,46.349998474121094,11932124,yfinance,False
2017-07-12,39.44804763793945,46.599998474121094,47.29999923706055,46.25,46.900001525878906,6398599,yfinance,False
2017-07-13,40.12527084350586,47.400001525878906,47.650001525878906,46.599998474121094,46.79999923706055,13603141,yfinance,False
2017-07-14,39.65968322753906,46.849998474121094,47.95000076293945,46.849998474121094,47.54999923706055,16249184,yfinance,False
2017-07-17,38.38990020751953,45.349998474121094,46.849998474121094,45.099998474121094,46.70000076293945,23959544,yfinance,False
2017-07-18,38.77083969116211,45.79999923706055,46.099998474121094,45.29999923706055,45.5,10889130,yfinance,False
2017-07-19,39.194095611572266,46.29999923706055,46.650001525878906,45.79999923706055,46.0,12577708,yfinance,False
2017-07-20,38.81315612792969,45.849998474121094,46.349998474121094,45.650001525878906,46.099998474121094,11977549,yfinance,False
2017-07-21,39.067115783691406,46.150001525878906,46.599998474121094,45.849998474121094,45.849998474121094,14020789,yfinance,False
2017-07-24,40.46388244628906,47.79999923706055,48.0,46.45000076293945,46.599998474121094,21266317,yfinance,False
2017-07-25,40.54853439331055,47.900001525878906,48.75,47.900001525878906,48.0,15055125,yfinance,False
2017-07-26,39.74433898925781,46.95000076293945,48.349998474121094,46.650001525878906,48.0,19365338,yfinance,False
2017-07-27,40.25225067138672,47.54999923706055,47.54999923706055,47.0,47.0,9359656,yfinance,False
2017-07-28,40.59086227416992,47.95000076293945,48.20000076293945,47.099998474121094,47.45000076293945,12629452,yfinance,False
2017-07-31,40.929473876953125,48.349998474121094,48.5,47.75,47.95000076293945,9042964,yfinance,False
2017-08-01,40.37922286987305,47.70000076293945,48.900001525878906,47.54999923706055,48.349998474121094,17855316,yfinance,False
2017-08-02,39.87131118774414,47.099998474121094,48.29999923706055,47.0,48.29999923706055,14994004,yfinance,False
2017-08-03,40.42156219482422,47.75,48.0,47.150001525878906,47.20000076293945,10566420,yfinance,False
2017-08-04,40.33690643310547,47.650001525878906,47.900001525878906,47.20000076293945,47.650001525878906,5332280,yfinance,False
2017-08-07,40.209930419921875,47.5,47.900001525878906,47.349998474121094,47.900001525878906,3939421,yfinance,False
2017-08-08,41.18342590332031,48.650001525878906,48.900001525878906,47.349998474121094,47.400001525878906,17249560,yfinance,False
2017-08-09,41.1411018371582,48.599998474121094,49.5,48.29999923706055,48.599998474121094,11424286,yfinance,False
2017-08-10,40.42156219482422,47.75,49.099998474121094,47.599998474121094,49.099998474121094,8866245,yfinance,False
2017-08-11,38.94014358520508,46.0,47.5,45.650001525878906,47.5,18390959,yfinance,False
2017-08-14,39.23642349243164,46.349998474121094,46.599998474121094,45.95000076293945,46.599998474121094,7548582,yfinance,False
2017-08-15,38.982460021972656,46.04999923706055,47.099998474121094,46.04999923706055,46.349998474121094,7560125,yfinance,False
2017-08-16,39.70200729370117,46.900001525878906,47.400001525878906,46.099998474121094,46.099998474121094,13285587,yfinance,False
2017-08-17,40.209930419921875,47.5,47.95000076293945,46.849998474121094,47.20000076293945,19715459,yfinance,False
2017-08-18,40.37922286987305,47.70000076293945,48.099998474121094,46.400001525878906,46.900001525878906,12956845,yfinance,False
2017-08-21,40.040618896484375,47.29999923706055,48.099998474121094,47.0,47.75,8028854,yfinance,False
2017-08-22,40.760169982910156,48.150001525878906,48.25,47.45000076293945,47.650001525878906,15337144,yfinance,False
2017-08-23,40.760169982910156,48.150001525878906,48.150001525878906,48.150001525878906,48.150001525878906,0,yfinance,False
2017-08-24,40.5062141418457,47.849998474121094,48.150001525878906,47.20000076293945,47.400001525878906,12528227,yfinance,False
2017-08-25,39.91364669799805,47.150001525878906,47.95000076293945,46.95000076293945,47.5,17030407,yfinance,False
2017-08-28,39.40572738647461,46.54999923706055,47.29999923706055,46.29999923706055,47.29999923706055,17895109,yfinance,False
2017-08-29,40.46388244628906,47.79999923706055,48.150001525878906,46.599998474121094,46.599998474121094,16075799,yfinance,False
2017-08-30,40.84482192993164,48.25,48.5,47.650001525878906,48.04999923706055,12362047,yfinance,False
2017-08-31,41.56436538696289,49.099998474121094,49.150001525878906,48.0,48.79999923706055,19585762,yfinance,False
2017-09-01,43.17276382446289,51.0,51.45000076293945,49.45000076293945,49.79999923706055,38767492,yfinance,False
2017-09-04,43.76533126831055,51.70000076293945,51.900001525878906,50.400001525878906,50.900001525878906,13242484,yfinance,False
2017-09-05,43.215087890625,51.04999923706055,51.849998474121094,50.95000076293945,51.70000076293945,9395215,yfinance,False
2017-09-06,43.34206008911133,51.20000076293945,51.29999923706055,49.79999923706055,50.650001525878906,10071604,yfinance,False
2017-09-07,43.46904373168945,51.349998474121094,52.45000076293945,51.04999923706055,51.70000076293945,20639525,yfinance,False
2017-09-08,43.34206008911133,51.20000076293945,52.0,50.5,51.5,10806399,yfinance,False
2017-09-11,43.59601593017578,51.5,52.349998474121094,51.29999923706055,51.849998474121094,8425981,yfinance,False
2017-09-12,44.01929473876953,52.0,52.099998474121094,51.5,52.0,6705150,yfinance,False
2017-09-13,45.07744216918945,53.25,53.25,51.849998474121094,52.0,16010063,yfinance,False
2017-09-14,44.4848747253418,52.54999923706055,53.20000076293945,52.25,52.75,12612945,yfinance,False
2017-09-15,44.27324676513672,52.29999923706055,52.900001525878906,51.54999923706055,52.0,9377930,yfinance,False
2017-09-18,44.738826751708984,52.849998474121094,53.400001525878906,52.54999923706055,52.650001525878906,6666920,yfinance,False
2017-09-19,44.3578987121582,52.400001525878906,52.849998474121094,52.099998474121094,52.70000076293945,9397498,yfinance,False
2017-09-20,44.738826751708984,52.849998474121094,53.20000076293945,52.29999923706055,52.849998474121094,6664201,yfinance,False
2017-09-21,45.839317321777344,54.150001525878906,54.900001525878906,52.75,52.75,12784613,yfinance,False
2017-09-22,45.58536148071289,53.849998474121094,53.95000076293945,53.349998474121094,53.70000076293945,9348300,yfinance,False
2017-09-25,44.75916290283203,52.54999923706055,53.79999923706055,52.04999923706055,53.79999923706055,12035229,yfinance,False
2017-09-26,44.84434509277344,52.650001525878906,52.75,51.599998474121094,52.0,7451382,yfinance,False
2017-09-27,46.03677749633789,54.04999923706055,54.099998474121094,52.75,52.79999923706055,9206660,yfinance,False
2017-09-28,46.24971389770508,54.29999923706055,54.849998474121094,53.650001525878906,54.099998474121094,11939876,yfinance,False
2017-09-29,46.845943450927734,55.0,55.0,53.849998474121094,54.650001525878906,14255815,yfinance,False
2017-10-03,47.52733612060547,55.79999923706055,56.400001525878906,55.150001525878906,55.150001525878906,14001213,yfinance,False
2017-10-04,48.080963134765625,56.45000076293945,56.70000076293945,55.849998474121094,56.0,9373645,yfinance,False
2017-10-06,47.1866340637207,55.400001525878906,56.5,53.650001525878906,56.45000076293945,27261120,yfinance,False
2017-10-09,45.65349197387695,53.599998474121094,55.0,53.45000076293945,54.54999923706055,21926753,yfinance,False
2017-10-10,46.03677749633789,54.04999923706055,54.29999923706055,52.849998474121094,53.20000076293945,8977336,yfinance,False
2017-10-11,45.312801361083984,53.20000076293945,54.0,52.95000076293945,53.849998474121094,10034497,yfinance,False
2017-10-12,45.90901565551758,53.900001525878906,54.099998474121094,52.900001525878906,53.45000076293945,8297814,yfinance,False
2017-10-13,45.18503189086914,53.04999923706055,53.849998474121094,53.0,53.849998474121094,9064262,yfinance,False
2017-10-16,45.39796829223633,53.29999923706055,53.95000076293945,53.20000076293945,53.54999923706055,7127622,yfinance,False
2017-10-17,44.97209548950195,52.79999923706055,53.650001525878906,52.79999923706055,53.20000076293945,9151871,yfinance,False
2017-10-18,44.88692092895508,52.70000076293945,52.900001525878906,51.95000076293945,52.70000076293945,9497755,yfinance,False
2017-10-19,43.7796630859375,51.400001525878906,52.70000076293945,51.0,52.70000076293945,11461245,yfinance,False
2017-10-20,45.014686584472656,52.849998474121094,53.29999923706055,51.650001525878906,51.79999923706055,14285468,yfinance,False
2017-10-23,44.84434509277344,52.650001525878906,53.04999923706055,52.04999923706055,52.849998474121094,5040896,yfinance,False
2017-10-24,45.1424446105957,53.0,53.29999923706055,52.5,52.650001525878906,9253925,yfinance,False
2017-10-25,45.22762680053711,53.099998474121094,53.5,52.900001525878906,53.20000076293945,6713046,yfinance,False
2017-10-26,44.80175018310547,52.599998474121094,53.29999923706055,52.599998474121094,52.70000076293945,5321050,yfinance,False
2017-10-27,43.90741729736328,51.54999923706055,53.0,51.04999923706055,52.900001525878906,13696173,yfinance,False
2017-10-30,44.1203498840332,51.79999923706055,52.349998474121094,51.150001525878906,51.599998474121094,7093613,yfinance,False
2017-10-31,45.22762680053711,53.099998474121094,53.349998474121094,51.20000076293945,51.599998474121094,12026442,yfinance,False
2017-11-01,47.101463317871094,55.29999923706055,55.29999923706055,53.29999923706055,54.0,23659623,yfinance,False
2017-11-02,46.292301177978516,54.349998474121094,55.400001525878906,54.099998474121094,55.29999923706055,8682943,yfinance,False
2017-11-03,45.95160675048828,53.95000076293945,54.75,53.5,54.75,5059421,yfinance,False
2017-11-06,46.59041976928711,54.70000076293945,54.75,53.04999923706055,53.95000076293945,9949788,yfinance,False
2017-11-07,47.52733612060547,55.79999923706055,56.20000076293945,54.75,54.75,12806282,yfinance,False
2017-11-08,47.782859802246094,56.099998474121094,56.150001525878906,55.349998474121094,55.79999923706055,8896980,yfinance,False
2017-11-09,48.123558044433594,56.5,57.099998474121094,55.75,56.349998474121094,11219247,yfinance,False
2017-11-10,48.634605407714844,57.099998474121094,57.29999923706055,56.04999923706055,56.45000076293945,12264014,yfinance,False
2017-11-13,48.080963134765625,56.45000076293945,57.0,55.849998474121094,56.5,12829129,yfinance,False
2017-11-14,47.910621643066406,56.25,56.400001525878906,55.5,56.04999923706055,8323695,yfinance,False
2017-11-15,47.271812438964844,55.5,56.650001525878906,55.150001525878906,55.79999923706055,6486674,yfinance,False
2017-11-16,47.1440544128418,55.349998474121094,55.95000076293945,55.0,55.900001525878906,4371427,yfinance,False
2017-11-17,47.4421501159668,55.70000076293945,56.099998474121094,55.20000076293945,55.650001525878906,3273754,yfinance,False
2017-11-20,49.40116882324219,58.0,58.20000076293945,55.5,56.099998474121094,15772367,yfinance,False
2017-11-21,49.57151794433594,58.20000076293945,58.599998474121094,57.29999923706055,58.20000076293945,10385665,yfinance,False
2017-11-22,49.869632720947266,58.54999923706055,58.900001525878906,57.849998474121094,58.25,9984453,yfinance,False
2017-11-23,49.10306167602539,57.650001525878906,58.75,57.5,58.400001525878906,7471928,yfinance,False
2017-11-24,49.44375991821289,58.04999923706055,58.29999923706055,57.400001525878906,58.0,5357952,yfinance,False
2017-11-27,49.91221237182617,58.599998474121094,59.45000076293945,57.79999923706055,57.79999923706055,13072642,yfinance,False
2017-11-28,49.741859436035156,58.400001525878906,58.79999923706055,57.849998474121094,58.79999923706055,6267041,yfinance,False
2017-11-29,49.358577728271484,57.95000076293945,58.849998474121094,57.79999923706055,58.650001525878906,9459386,yfinance,False
2017-11-30,47.825443267822266,56.150001525878906,57.29999923706055,55.25,57.25,24549113,yfinance,False
2017-12-01,48.89012908935547,57.400001525878906,58.150001525878906,56.650001525878906,57.0,16599447,yfinance,False
2017-12-04,49.10306167602539,57.650001525878906,57.849998474121094,56.25,57.0,7535214,yfinance,False
2017-12-05,47.69767379760742,56.0,57.45000076293945,56.0,57.25,9362326,yfinance,False
2017-12-06,46.4200553894043,54.5,56.599998474121094,54.20000076293945,55.900001525878906,17152303,yfinance,False
2017-12-07,47.825443267822266,56.150001525878906,56.20000076293945,53.79999923706055,55.0,14134098,yfinance,False
2017-12-08,48.97529602050781,57.5,57.70000076293945,55.54999923706055,56.150001525878906,15208404,yfinance,False
2017-12-11,49.91221237182617,58.599998474121094,58.849998474121094,57.849998474121094,58.650001525878906,19316118,yfinance,False
2017-12-12,49.14564895629883,57.70000076293945,59.150001525878906,57.349998474121094,58.5,16011639,yfinance,False
2017-12-13,51.9564094543457,61.0,61.0,57.599998474121094,57.650001525878906,28562813,yfinance,False
2017-12-14,51.743465423583984,60.75,60.95000076293945,59.900001525878906,60.95000076293945,12347799,yfinance,False
2017-12-15,52.68038558959961,61.849998474121094,61.900001525878906,59.70000076293945,59.70000076293945,17760373,yfinance,False
2017-12-18,52.72297668457031,61.900001525878906,62.25,61.0,61.54999923706055,10094852,yfinance,False
2017-12-19,52.8933219909668,62.099998474121094,62.70000076293945,61.5,62.04999923706055,10692258,yfinance,False
2017-12-20,53.446956634521484,62.75,63.54999923706055,62.099998474121094,62.79999923706055,10543947,yfinance,False
2017-12-21,53.74507522583008,63.099998474121094,63.29999923706055,62.150001525878906,63.20000076293945,7541432,yfinance,False
2017-12-22,52.76556396484375,61.95000076293945,63.20000076293945,61.650001525878906,63.04999923706055,13786213,yfinance,False
2017-12-27,52.510040283203125,61.650001525878906,62.400001525878906,60.75,62.29999923706055,11593570,yfinance,False
2017-12-28,52.808143615722656,62.0,62.29999923706055,61.5,61.79999923706055,7393615,yfinance,False
2017-12-29,53.40437316894531,62.70000076293945,63.349998474121094,62.25,62.29999923706055,10284586,yfinance,False
2018-01-02,51.27500915527344,60.20000076293945,61.099998474121094,58.79999923706055,61.0,27487993,yfinance,False
2018-01-03,51.5731201171875,60.54999923706055,62.20000076293945,60.20000076293945,60.599998474121094,17015056,yfinance,False
2018-01-04,51.31759262084961,60.25,61.5,59.849998474121094,61.099998474121094,15378866,yfinance,False
2018-01-05,50.5084342956543,59.29999923706055,60.5,58.900001525878906,60.25,16681478,yfinance,False
2018-01-08,51.14724349975586,60.04999923706055,60.400001525878906,59.0,59.400001525878906,13413085,yfinance,False
2018-01-09,51.99898910522461,61.04999923706055,61.650001525878906,59.599998474121094,59.650001525878906,24753482,yfinance,False
2018-01-10,51.5305290222168,60.5,61.099998474121094,60.29999923706055,61.0,8868848,yfinance,False
2018-01-11,51.232421875,60.150001525878906,60.400001525878906,59.599998474121094,60.0,6329102,yfinance,False
2018-01-12,51.232421875,60.150001525878906,60.54999923706055,59.849998474121094,60.150001525878906,11240445,yfinance,False
2018-01-15,52.97850036621094,62.20000076293945,62.95000076293945,60.75,61.0,30805945,yfinance,False
2018-01-16,53.787654876708984,63.150001525878906,63.75,62.45000076293945,62.45000076293945,14931499,yfinance,False
2018-01-17,54.21352767944336,63.650001525878906,63.650001525878906,61.5,63.20000076293945,11998294,yfinance,False
2018-01-18,54.08576202392578,63.5,64.75,63.150001525878906,63.650001525878906,11422368,yfinance,False
2018-01-19,54.42646408081055,63.900001525878906,64.4000015258789,63.400001525878906,63.5,7546839,yfinance,False
2018-01-22,56.17253875732422,65.94999694824219,65.94999694824219,64.05000305175781,64.19999694824219,15678593,yfinance,False
2018-01-23,57.10946273803711,67.05000305175781,68.25,66.5999984741211,67.8499984741211,13052622,yfinance,False
2018-01-24,56.51323699951172,66.3499984741211,67.69999694824219,66.19999694824219,67.19999694824219,9490632,yfinance,False
2018-01-25,55.959598541259766,65.69999694824219,67.0,65.6500015258789,66.3499984741211,10446416,yfinance,False
2018-01-26,56.47064208984375,66.30000305175781,67.19999694824219,65.5999984741211,66.0,10824121,yfinance,False
2018-01-29,57.06686782836914,67.0,67.75,65.6500015258789,65.6500015258789,15176404,yfinance,False
2018-01-30,56.939109802246094,66.8499984741211,67.69999694824219,66.0999984741211,66.5,14509791,yfinance,False
2018-01-31,59.025882720947266,69.30000305175781,69.30000305175781,66.5999984741211,66.8499984741211,19732947,yfinance,False
2018-02-01,59.45176315307617,69.80000305175781,70.69999694824219,68.1500015258789,69.75,18935057,yfinance,False
2018-02-02,58.25931930541992,68.4000015258789,70.25,64.4000015258789,69.0,27416450,yfinance,False
2018-02-05,58.940711975097656,69.19999694824219,69.30000305175781,65.5,67.0,12049607,yfinance,False
2018-02-06,55.2782096862793,64.9000015258789,67.5,64.75,66.0,24491781,yfinance,False
2018-02-07,55.36337661743164,65.0,67.0999984741211,64.9000015258789,66.30000305175781,21715939,yfinance,False
2018-02-08,57.0242805480957,66.94999694824219,67.3499984741211,64.9000015258789,64.9000015258789,13097930,yfinance,False
2018-02-09,53.57471466064453,62.900001525878906,65.0,62.400001525878906,65.0,26609297,yfinance,False
2018-02-12,52.9359130859375,62.150001525878906,64.4000015258789,62.150001525878906,62.5,20045061,yfinance,False
2018-02-13,54.9375114440918,64.5,64.55000305175781,62.20000076293945,62.20000076293945,16508540,yfinance,False
2018-02-14,55.917015075683594,65.6500015258789,65.6500015258789,63.599998474121094,64.1500015258789,10297214,yfinance,False
2018-02-15,56.81134033203125,66.69999694824219,67.1500015258789,66.05000305175781,67.0,9660048,yfinance,False
2018-02-20,57.91861343383789,68.0,68.0,66.1500015258789,66.80000305175781,14738503,yfinance,False
2018-02-21,57.87602996826172,67.94999694824219,68.19999694824219,67.1500015258789,68.0,8154710,yfinance,False
2018-02-22,56.89652633666992,66.80000305175781,68.5,66.80000305175781,68.5,13954641,yfinance,False
2018-02-23,57.407562255859375,67.4000015258789,67.80000305175781,66.8499984741211,67.5999984741211,5399353,yfinance,False
2018-02-26,58.47224807739258,68.6500015258789,68.9000015258789,67.8499984741211,67.9000015258789,9146091,yfinance,False
2018-02-27,59.068477630615234,69.3499984741211,70.19999694824219,68.8499984741211,69.30000305175781,13401902,yfinance,False
2018-02-28,58.3444938659668,68.5,69.8499984741211,67.30000305175781,68.9000015258789,15030718,yfinance,False
2018-03-01,58.13154983520508,68.25,69.4000015258789,67.05000305175781,67.1500015258789,11561525,yfinance,False
2018-03-02,57.91861343383789,68.0,68.0,67.25,67.3499984741211,9181039,yfinance,False
2018-03-05,56.08736038208008,65.8499984741211,69.0,65.69999694824219,69.0,10121569,yfinance,False
2018-03-06,57.62050247192383,67.6500015258789,67.9000015258789,66.5,67.69999694824219,7926317,yfinance,False
2018-03-07,56.215126037597656,66.0,67.55000305175781,66.0,66.6500015258789,8132430,yfinance,False
2018-03-08,58.25931930541992,68.4000015258789,69.0,66.5,66.75,15377383,yfinance,False
2018-03-09,58.940711975097656,69.19999694824219,69.75,68.69999694824219,68.9000015258789,9953509,yfinance,False
2018-03-12,60.85713195800781,71.44999694824219,71.5,69.44999694824219,70.0,14585758,yfinance,False
2018-03-13,60.13314437866211,70.5999984741211,71.3499984741211,70.0999984741211,71.30000305175781,9518927,yfinance,False
2018-03-14,59.62210464477539,70.0,70.30000305175781,69.0999984741211,69.19999694824219,6430902,yfinance,False
2018-03-15,59.96279525756836,70.4000015258789,70.80000305175781,69.1500015258789,69.5,5244664,yfinance,False
2018-03-16,59.45176315307617,69.80000305175781,70.5,69.5,69.69999694824219,5985834,yfinance,False
2018-03-19,60.899715423583984,71.5,71.69999694824219,69.19999694824219,69.5,9795185,yfinance,False
2018-03-20,60.55902099609375,71.0999984741211,71.44999694824219,70.19999694824219,70.44999694824219,7996233,yfinance,False
2018-03-21,60.30350112915039,70.80000305175781,72.5,70.6500015258789,71.5,10641071,yfinance,False
2018-03-22,60.30350112915039,70.80000305175781,72.5,70.5,71.69999694824219,9396294,yfinance,False
2018-03-23,59.71236801147461,69.69999694824219,70.0999984741211,66.5999984741211,68.0,18587187,yfinance,False
2018-03-26,61.42577362060547,71.69999694824219,72.25,68.6500015258789,69.55000305175781,15527352,yfinance,False
2018-03-27,61.982643127441406,72.3499984741211,73.5,71.75,73.0999984741211,14030541,yfinance,False
2018-03-28,59.88372039794922,69.9000015258789,72.5,69.8499984741211,71.6500015258789,16438326,yfinance,False
2018-03-29,61.040260314941406,71.25,71.9000015258789,69.5,71.0,11507145,yfinance,False
2018-04-03,62.239662170410156,72.6500015258789,73.80000305175781,70.9000015258789,73.0,14113095,yfinance,False
2018-04-04,60.22639465332031,70.30000305175781,72.8499984741211,70.19999694824219,72.55000305175781,9124131,yfinance,False
2018-04-06,60.397735595703125,70.5,71.5,70.0,70.0,10184131,yfinance,False
2018-04-09,61.59712600708008,71.9000015258789,72.19999694824219,70.75,71.6500015258789,11781113,yfinance,False
2018-04-10,62.71083068847656,73.19999694824219,73.6500015258789,71.4000015258789,72.1500015258789,15588609,yfinance,False
2018-04-11,62.53950500488281,73.0,73.8499984741211,72.19999694824219,72.8499984741211,9590101,yfinance,False
2018-04-12,60.69758224487305,70.8499984741211,73.3499984741211,70.80000305175781,73.3499984741211,16270535,yfinance,False
2018-04-13,60.740421295166016,70.9000015258789,72.0,69.9000015258789,71.80000305175781,16485321,yfinance,False
2018-04-16,58.94134521484375,68.80000305175781,70.0999984741211,68.05000305175781,70.0,24118530,yfinance,False
2018-04-17,58.59865951538086,68.4000015258789,70.80000305175781,68.0,69.5,18976972,yfinance,False
2018-04-18,59.96938705444336,70.0,70.0999984741211,68.55000305175781,69.5999984741211,16886387,yfinance,False
2018-04-19,60.5262451171875,70.6500015258789,70.94999694824219,69.5,70.6500015258789,11319843,yfinance,False
2018-04-20,59.498191833496094,69.44999694824219,71.30000305175781,69.1500015258789,70.80000305175781,6936007,yfinance,False
2018-04-23,59.155494689941406,69.05000305175781,70.30000305175781,68.5,69.0,6175999,yfinance,False
2018-04-24,60.05504608154297,70.0999984741211,70.19999694824219,68.69999694824219,69.05000305175781,5744975,yfinance,False
2018-04-25,59.41253662109375,69.3499984741211,69.8499984741211,68.69999694824219,69.80000305175781,8406648,yfinance,False
2018-04-26,57.39926528930664,67.0,69.55000305175781,66.75,69.3499984741211,14699333,yfinance,False
2018-04-27,57.82761764526367,67.5,68.0999984741211,66.69999694824219,68.0,9435299,yfinance,False
2018-04-30,59.45536804199219,69.4000015258789,69.75,67.8499984741211,67.9000015258789,9463639,yfinance,False
2018-05-02,60.78324508666992,70.94999694824219,71.19999694824219,70.1500015258789,70.5,12721106,yfinance,False
2018-05-03,59.58386993408203,69.55000305175781,70.5,69.3499984741211,70.4000015258789,9721619,yfinance,False
2018-05-04,58.85565948486328,68.69999694824219,70.30000305175781,68.55000305175781,69.69999694824219,8586104,yfinance,False
2018-05-07,58.42730712890625,68.19999694824219,69.80000305175781,67.80000305175781,69.0,9244776,yfinance,False
2018-05-08,58.641483306884766,68.44999694824219,69.0,68.05000305175781,68.4000015258789,10500310,yfinance,False
2018-05-09,58.17030715942383,67.9000015258789,68.9000015258789,67.5999984741211,68.55000305175781,9872264,yfinance,False
2018-05-10,58.641483306884766,68.44999694824219,69.19999694824219,68.25,68.4000015258789,6470990,yfinance,False
2018-05-11,59.54102325439453,69.5,69.9000015258789,68.9000015258789,69.5,7530025,yfinance,False
2018-05-14,59.79804229736328,69.80000305175781,70.5,68.94999694824219,70.5,11937273,yfinance,False
2018-05-15,58.47015380859375,68.25,69.5,68.05000305175781,69.0999984741211,10285438,yfinance,False
2018-05-16,57.52777099609375,67.1500015258789,68.4000015258789,67.0,68.0999984741211,13163781,yfinance,False
2018-05-17,57.44210433959961,67.05000305175781,68.05000305175781,67.05000305175781,67.4000015258789,8552158,yfinance,False
2018-05-18,57.44210433959961,67.05000305175781,67.6500015258789,67.0,67.44999694824219,6632428,yfinance,False
2018-05-21,59.11267852783203,69.0,69.0,67.25,67.25,11653353,yfinance,False
2018-05-23,58.641483306884766,68.44999694824219,69.3499984741211,68.25,69.25,12558125,yfinance,False
2018-05-24,58.81283187866211,68.6500015258789,68.80000305175781,68.25,68.80000305175781,7341387,yfinance,False
2018-05-25,58.59865951538086,68.4000015258789,69.05000305175781,68.0999984741211,69.05000305175781,5362977,yfinance,False
2018-05-28,60.31206512451172,70.4000015258789,70.4000015258789,68.44999694824219,68.8499984741211,12327836,yfinance,False
2018-05-29,59.71236801147461,69.69999694824219,71.05000305175781,69.5,70.0,8332910,yfinance,False
2018-05-30,58.47015380859375,68.25,69.19999694824219,68.0999984741211,68.3499984741211,7599387,yfinance,False
2018-05-31,59.155494689941406,69.05000305175781,69.4000015258789,68.25,68.4000015258789,14443024,yfinance,False
2018-06-01,57.27075958251953,66.8499984741211,69.9000015258789,66.3499984741211,69.9000015258789,20133806,yfinance,False
2018-06-04,57.227928161621094,66.80000305175781,67.75,66.5999984741211,67.1500015258789,10797259,yfinance,False
2018-06-05,55.81436538696289,65.1500015258789,67.1500015258789,64.8499984741211,66.94999694824219,21165477,yfinance,False
2018-06-06,56.456886291503906,65.9000015258789,65.94999694824219,64.0999984741211,65.4000015258789,25042603,yfinance,False
2018-06-07,55.64302062988281,64.94999694824219,66.25,64.55000305175781,66.19999694824219,16794971,yfinance,False
2018-06-08,55.17183303833008,64.4000015258789,65.0,63.70000076293945,65.0,14888967,yfinance,False
2018-06-11,56.11420440673828,65.5,65.69999694824219,64.19999694824219,64.19999694824219,14270129,yfinance,False
2018-06-12,56.67106628417969,66.1500015258789,66.6500015258789,65.25,65.69999694824219,13418671,yfinance,False
2018-06-13,56.11420440673828,65.5,66.3499984741211,65.19999694824219,65.80000305175781,6587164,yfinance,False
2018-06-14,55.557350158691406,64.8499984741211,65.9000015258789,64.6500015258789,64.80000305175781,7824807,yfinance,False
2018-06-15,55.128997802734375,64.3499984741211,65.30000305175781,64.0999984741211,64.5,9240008,yfinance,False
2018-06-19,53.20140838623047,62.099998474121094,63.849998474121094,61.54999923706055,62.849998474121094,19721068,yfinance,False
2018-06-20,54.44363021850586,63.54999923706055,63.95000076293945,62.25,62.25,12554955,yfinance,False
2018-06-21,54.0581169128418,63.099998474121094,64.80000305175781,63.04999923706055,63.900001525878906,10845390,yfinance,False
2018-06-22,54.5721435546875,63.70000076293945,64.1500015258789,62.45000076293945,62.849998474121094,7958501,yfinance,False
2018-06-25,52.51603698730469,61.29999923706055,63.75,60.849998474121094,63.150001525878906,12831195,yfinance,False
2018-06-26,51.873512268066406,60.54999923706055,61.0,57.95000076293945,61.0,19394793,yfinance,False
2018-06-27,51.14531326293945,59.70000076293945,61.900001525878906,59.70000076293945,60.54999923706055,20329930,yfinance,False
2018-06-28,50.63129425048828,59.099998474121094,59.70000076293945,58.0,59.5,18028351,yfinance,False
2018-06-29,52.04485321044922,60.75,61.099998474121094,58.599998474121094,58.599998474121094,15032957,yfinance,False
2018-07-03,48.6608772277832,56.79999923706055,57.79999923706055,55.849998474121094,56.29999923706055,36686533,yfinance,False
2018-07-04,48.40386199951172,56.5,57.79999923706055,56.20000076293945,57.29999923706055,13981791,yfinance,False
2018-07-05,47.93267059326172,55.95000076293945,57.349998474121094,54.45000076293945,56.5,23945008,yfinance,False
2018-07-06,49.26056671142578,57.5,57.95000076293945,55.349998474121094,56.0,28912365,yfinance,False
2018-07-09,51.787845611572266,60.45000076293945,60.849998474121094,58.20000076293945,58.20000076293945,21258941,yfinance,False
2018-07-10,52.55887985229492,61.349998474121094,62.45000076293945,61.20000076293945,61.29999923706055,14584155,yfinance,False
2018-07-11,52.730220794677734,61.54999923706055,62.099998474121094,59.20000076293945,59.599998474121094,12075654,yfinance,False
2018-07-12,53.41558074951172,62.349998474121094,63.400001525878906,61.25,61.900001525878906,14035468,yfinance,False
2018-07-13,54.015281677246094,63.04999923706055,63.900001525878906,62.79999923706055,63.20000076293945,10234880,yfinance,False
2018-07-16,55.4716796875,64.75,64.94999694824219,63.20000076293945,63.650001525878906,11643174,yfinance,False
2018-07-17,54.48646926879883,63.599998474121094,65.0,63.04999923706055,65.0,13859611,yfinance,False
2018-07-18,54.015281677246094,63.04999923706055,64.25,62.349998474121094,63.599998474121094,6929660,yfinance,False
2018-07-19,53.45842361450195,62.400001525878906,63.650001525878906,62.25,63.0,6596651,yfinance,False
2018-07-20,53.11573791503906,62.0,63.0,61.04999923706055,62.400001525878906,13010805,yfinance,False
2018-07-23,53.329917907714844,62.25,63.349998474121094,61.650001525878906,61.79999923706055,9320397,yfinance,False
2018-07-24,53.501258850097656,62.45000076293945,63.0,61.849998474121094,61.849998474121094,8334513,yfinance,False
2018-07-25,55.428836822509766,64.69999694824219,65.4000015258789,62.5,62.5,16531406,yfinance,False
2018-07-26,54.914817810058594,64.0999984741211,65.5999984741211,64.0,65.4000015258789,7868645,yfinance,False
2018-07-27,55.000484466552734,64.19999694824219,64.5,63.45000076293945,64.0999984741211,5923709,yfinance,False
2018-07-30,54.48646926879883,63.599998474121094,64.5999984741211,63.04999923706055,63.349998474121094,6079900,yfinance,False
2018-07-31,54.015281677246094,63.04999923706055,63.95000076293945,62.900001525878906,63.0,6703280,yfinance,False
2018-08-01,53.2442512512207,62.150001525878906,64.75,62.04999923706055,63.099998474121094,14121659,yfinance,False
2018-08-02,50.417118072509766,58.849998474121094,61.5,57.45000076293945,61.5,24722009,yfinance,False
2018-08-03,49.00355529785156,57.20000076293945,59.5,56.349998474121094,59.0,18836893,yfinance,False
2018-08-06,48.1040153503418,56.150001525878906,58.349998474121094,55.150001525878906,57.79999923706055,24945118,yfinance,False
2018-08-07,49.00355529785156,57.20000076293945,57.900001525878906,55.70000076293945,56.599998474121094,22942114,yfinance,False
2018-08-08,51.18815612792969,59.75,60.099998474121094,57.150001525878906,57.400001525878906,29254503,yfinance,False
2018-08-09,51.74501419067383,60.400001525878906,60.75,58.849998474121094,59.79999923706055,15299028,yfinance,False
2018-08-10,50.8883056640625,59.400001525878906,60.54999923706055,59.0,60.349998474121094,8722987,yfinance,False
2018-08-13,49.56040573120117,57.849998474121094,58.45000076293945,57.099998474121094,58.099998474121094,8987696,yfinance,False
2018-08-14,47.76132583618164,55.75,58.099998474121094,55.349998474121094,58.0,20459365,yfinance,False
2018-08-15,45.662410736083984,53.29999923706055,55.95000076293945,53.150001525878906,55.75,24012606,yfinance,False
2018-08-16,46.090763092041016,53.79999923706055,55.20000076293945,52.79999923706055,53.0,20929055,yfinance,False
2018-08-17,45.833740234375,53.5,55.599998474121094,53.099998474121094,54.70000076293945,9713667,yfinance,False
2018-08-20,47.07596969604492,54.95000076293945,55.099998474121094,53.599998474121094,53.599998474121094,13295470,yfinance,False
2018-08-21,47.80415725708008,55.79999923706055,56.0,54.650001525878906,55.45000076293945,14526695,yfinance,False
2018-08-22,48.70370101928711,56.849998474121094,57.349998474121094,55.599998474121094,56.29999923706055,15456857,yfinance,False
2018-08-23,48.27534484863281,56.349998474121094,57.25,55.849998474121094,57.0,9969442,yfinance,False
2018-08-24,48.01834487915039,56.04999923706055,56.599998474121094,55.150001525878906,56.5,8116371,yfinance,False
2018-08-27,50.331443786621094,58.75,58.95000076293945,56.900001525878906,57.0,14662262,yfinance,False
2018-08-28,49.603248596191406,57.900001525878906,59.5,57.650001525878906,59.0,8663780,yfinance,False
2018-08-29,49.817420959472656,58.150001525878906,58.70000076293945,57.349998474121094,57.5,7222474,yfinance,False
2018-08-30,49.517574310302734,57.79999923706055,58.650001525878906,57.349998474121094,58.5,7518371,yfinance,False
2018-08-31,49.77458953857422,58.099998474121094,58.25,57.20000076293945,58.0,19971946,yfinance,False
2018-09-03,49.00355529785156,57.20000076293945,58.20000076293945,56.349998474121094,58.0,21662497,yfinance,False
2018-09-04,50.28860855102539,58.70000076293945,59.20000076293945,56.95000076293945,57.20000076293945,15807574,yfinance,False
2018-09-05,48.618038177490234,56.75,58.150001525878906,56.400001525878906,58.04999923706055,20402651,yfinance,False
2018-09-06,46.304931640625,54.04999923706055,56.70000076293945,53.54999923706055,56.099998474121094,20814627,yfinance,False
2018-09-07,44.54868698120117,52.0,54.04999923706055,51.20000076293945,54.04999923706055,28424376,yfinance,False
2018-09-10,43.69197463989258,51.0,51.900001525878906,50.349998474121094,51.5,14241912,yfinance,False
2018-09-11,41.20752716064453,48.099998474121094,49.79999923706055,47.599998474121094,49.599998474121094,26923047,yfinance,False
2018-09-12,39.15144348144531,45.70000076293945,48.099998474121094,45.150001525878906,47.900001525878906,35351640,yfinance,False
2018-09-13,41.12186050415039,48.0,48.29999923706055,47.04999923706055,47.70000076293945,32454173,yfinance,False
2018-09-14,42.70676803588867,49.849998474121094,50.599998474121094,48.349998474121094,48.5,26165544,yfinance,False
2018-09-17,42.10707473754883,49.150001525878906,49.20000076293945,47.54999923706055,48.650001525878906,19130798,yfinance,False
2018-09-18,43.820491790771484,51.150001525878906,51.25,48.29999923706055,49.20000076293945,29787104,yfinance,False
2018-09-19,45.234039306640625,52.79999923706055,53.54999923706055,51.400001525878906,51.849998474121094,31711003,yfinance,False
2018-09-20,45.31971740722656,52.900001525878906,53.150001525878906,51.79999923706055,52.79999923706055,20775178,yfinance,False
2018-09-21,47.43867111206055,54.849998474121094,54.849998474121094,52.900001525878906,53.0,28399508,yfinance,False
2018-09-24,45.57918167114258,52.70000076293945,54.04999923706055,52.400001525878906,54.0,23667345,yfinance,False
2018-09-26,45.53593826293945,52.650001525878906,53.25,51.70000076293945,52.70000076293945,25764085,yfinance,False
2018-09-27,43.50347137451172,50.29999923706055,52.70000076293945,50.20000076293945,52.70000076293945,18311972,yfinance,False
2018-09-28,42.94129943847656,49.650001525878906,51.0,49.650001525878906,49.95000076293945,22329438,yfinance,False
2018-10-02,40.90882873535156,47.29999923706055,49.79999923706055,47.20000076293945,49.400001525878906,29031313,yfinance,False
2018-10-03,41.51424789428711,48.0,48.95000076293945,46.79999923706055,46.79999923706055,18624679,yfinance,False
2018-10-04,42.2493896484375,48.849998474121094,48.95000076293945,46.75,47.650001525878906,19807884,yfinance,False
2018-10-05,41.903446197509766,48.45000076293945,49.150001525878906,48.04999923706055,48.5,10894402,yfinance,False
2018-10-08,39.135826110839844,45.25,48.5,45.150001525878906,48.5,26137119,yfinance,False
2018-10-09,38.74662780761719,44.79999923706055,46.20000076293945,44.79999923706055,45.5,17057631,yfinance,False
2018-10-10,38.87635803222656,44.95000076293945,45.95000076293945,44.79999923706055,45.099998474121094,10833761,yfinance,False
2018-10-11,37.01686096191406,42.79999923706055,43.099998474121094,41.79999923706055,42.04999923706055,24738648,yfinance,False
2018-10-12,39.481781005859375,45.650001525878906,45.650001525878906,43.29999923706055,43.45000076293945,21899607,yfinance,False
2018-10-15,38.5304069519043,44.54999923706055,45.5,44.099998474121094,45.20000076293945,10915585,yfinance,False
2018-10-16,38.8331184387207,44.900001525878906,45.29999923706055,44.5,44.650001525878906,11077892,yfinance,False
2018-10-18,39.222320556640625,45.349998474121094,46.04999923706055,44.5,45.20000076293945,17009281,yfinance,False
2018-10-19,39.438533782958984,45.599998474121094,46.349998474121094,44.099998474121094,44.599998474121094,13524407,yfinance,False
2018-10-22,40.82234191894531,47.20000076293945,47.5,45.29999923706055,45.849998474121094,21476787,yfinance,False
2018-10-23,37.579036712646484,43.45000076293945,46.900001525878906,43.400001525878906,46.650001525878906,23071581,yfinance,False
2018-10-24,37.23309326171875,43.04999923706055,44.099998474121094,42.54999923706055,43.79999923706055,12914334,yfinance,False
2018-10-25,36.71417236328125,42.45000076293945,42.599998474121094,41.0,41.349998474121094,24397592,yfinance,False
2018-10-26,36.58443069458008,42.29999923706055,42.900001525878906,41.54999923706055,42.5,14885052,yfinance,False
2018-10-29,36.1519889831543,41.79999923706055,42.849998474121094,41.400001525878906,42.849998474121094,7921920,yfinance,False
2018-10-30,35.243865966796875,40.75,41.79999923706055,40.29999923706055,41.75,14913134,yfinance,False
2018-10-31,36.670921325683594,42.400001525878906,42.54999923706055,41.25,41.25,32089288,yfinance,False
2018-11-01,37.8385124206543,43.75,44.099998474121094,41.25,43.0,36613936,yfinance,False
2018-11-02,41.427757263183594,47.900001525878906,48.20000076293945,46.20000076293945,48.099998474121094,42772367,yfinance,False
2018-11-05,40.260169982910156,46.54999923706055,47.04999923706055,45.75,46.900001525878906,17832221,yfinance,False
2018-11-06,39.611515045166016,45.79999923706055,47.0,45.349998474121094,47.0,11017622,yfinance,False
2018-11-07,39.784488677978516,46.0,47.400001525878906,44.79999923706055,45.45000076293945,15714871,yfinance,False
2018-11-08,38.27095413208008,44.25,45.349998474121094,44.0,44.25,25003660,yfinance,False
2018-11-09,37.10335922241211,42.900001525878906,43.5,42.099998474121094,42.95000076293945,21064518,yfinance,False
2018-11-12,36.97362518310547,42.75,43.45000076293945,42.5,43.20000076293945,14590366,yfinance,False
2018-11-13,38.14121627807617,44.099998474121094,44.5,41.599998474121094,41.79999923706055,18150262,yfinance,False
2018-11-14,38.40068054199219,44.400001525878906,45.599998474121094,43.900001525878906,43.900001525878906,14337431,yfinance,False
2018-11-15,40.60612869262695,46.95000076293945,47.0,44.29999923706055,44.849998474121094,18861183,yfinance,False
2018-11-16,40.000701904296875,46.25,47.0,45.45000076293945,47.0,16167296,yfinance,False
2018-11-19,40.56288146972656,46.900001525878906,47.29999923706055,46.45000076293945,46.70000076293945,7954001,yfinance,False
2018-11-20,38.96284484863281,45.04999923706055,46.29999923706055,44.900001525878906,46.099998474121094,11542023,yfinance,False
2018-11-21,40.433143615722656,46.75,46.900001525878906,44.349998474121094,44.349998474121094,9086134,yfinance,False
2018-11-22,40.995323181152344,47.400001525878906,47.5,45.900001525878906,46.95000076293945,11898900,yfinance,False
2018-11-23,40.34666442871094,46.650001525878906,47.599998474121094,46.25,47.599998474121094,5656070,yfinance,False
2018-11-26,42.119667053222656,48.70000076293945,49.150001525878906,46.599998474121094,47.70000076293945,14658127,yfinance,False
2018-11-27,42.55210876464844,49.20000076293945,49.349998474121094,48.29999923706055,48.70000076293945,17229394,yfinance,False
2018-11-28,43.676448822021484,50.5,50.79999923706055,48.849998474121094,49.20000076293945,16653711,yfinance,False
2018-11-29,41.94668960571289,48.5,51.0,48.04999923706055,50.5,15227258,yfinance,False
2018-11-30,41.5574951171875,48.04999923706055,48.900001525878906,47.849998474121094,48.20000076293945,12872088,yfinance,False
2018-12-03,45.665672302246094,52.79999923706055,53.0,50.79999923706055,50.900001525878906,29382591,yfinance,False
2018-12-04,45.752159118652344,52.900001525878906,53.400001525878906,51.849998474121094,53.0,15683925,yfinance,False
2018-12-05,44.88728713989258,51.900001525878906,52.25,51.20000076293945,51.5,9828096,yfinance,False
2018-12-06,43.11427688598633,49.849998474121094,50.849998474121094,49.29999923706055,50.5,14904450,yfinance,False
2018-12-07,42.162906646728516,48.75,50.0,48.54999923706055,49.75,9839592,yfinance,False
2018-12-10,42.72508239746094,49.400001525878906,49.400001525878906,47.650001525878906,47.70000076293945,11528023,yfinance,False
2018-12-11,43.762935638427734,50.599998474121094,51.5,49.29999923706055,49.45000076293945,14777012,yfinance,False
2018-12-12,43.58995819091797,50.400001525878906,51.349998474121094,50.0,51.0,13995197,yfinance,False
2018-12-13,45.06025695800781,52.099998474121094,53.20000076293945,50.79999923706055,50.900001525878906,15357524,yfinance,False
2018-12-14,44.238624572753906,51.150001525878906,51.900001525878906,50.900001525878906,51.25,9172477,yfinance,False
2018-12-17,43.4169807434082,50.20000076293945,51.400001525878906,49.29999923706055,51.150001525878906,10177643,yfinance,False
2018-12-18,43.11427688598633,49.849998474121094,51.099998474121094,49.400001525878906,49.45000076293945,10325618,yfinance,False
2018-12-19,43.849430084228516,50.70000076293945,51.20000076293945,49.54999923706055,50.5,11786789,yfinance,False
2018-12-20,42.03317642211914,48.599998474121094,50.099998474121094,48.20000076293945,50.0,17074647,yfinance,False
2018-12-21,41.773712158203125,48.29999923706055,48.599998474121094,47.25,48.20000076293945,12399961,yfinance,False
2018-12-24,41.341270446777344,47.79999923706055,47.95000076293945,46.849998474121094,47.95000076293945,6685867,yfinance,False
2018-12-27,41.38451385498047,47.849998474121094,49.25,47.599998474121094,48.79999923706055,9612651,yfinance,False
2018-12-28,41.98992919921875,48.54999923706055,48.75,47.650001525878906,47.650001525878906,7983586,yfinance,False
2018-12-31,43.0710334777832,49.79999923706055,50.0,48.75,49.25,8942725,yfinance,False
2019-01-02,40.95207595825195,47.349998474121094,50.20000076293945,47.20000076293945,49.849998474121094,14775850,yfinance,False
2019-01-03,41.29802703857422,47.75,48.25,46.79999923706055,47.79999923706055,8375907,yfinance,False
2019-01-04,42.03317642211914,48.599998474121094,48.599998474121094,46.900001525878906,47.099998474121094,12442372,yfinance,False
2019-01-07,41.643985748291016,48.150001525878906,49.79999923706055,47.95000076293945,49.599998474121094,11025412,yfinance,False
2019-01-08,41.51424789428711,48.0,48.75,47.900001525878906,48.04999923706055,9633032,yfinance,False
2019-01-09,43.0710334777832,49.79999923706055,50.0,48.20000076293945,48.599998474121094,18880934,yfinance,False
2019-01-10,42.76831817626953,49.45000076293945,50.0,48.849998474121094,49.400001525878906,12321547,yfinance,False
2019-01-11,41.5574951171875,48.04999923706055,50.099998474121094,47.650001525878906,50.099998474121094,17022687,yfinance,False
2019-01-14,40.043949127197266,46.29999923706055,48.150001525878906,46.099998474121094,47.650001525878906,20279343,yfinance,False
2019-01-15,40.77910614013672,47.150001525878906,47.25,46.150001525878906,46.29999923706055,20973002,yfinance,False
2019-01-16,41.25477981567383,47.70000076293945,47.849998474121094,46.54999923706055,46.79999923706055,10270605,yfinance,False
2019-01-17,41.08180618286133,47.5,48.45000076293945,47.150001525878906,47.5,10970547,yfinance,False
2019-01-18,42.50886154174805,49.150001525878906,49.29999923706055,47.79999923706055,48.25,13519535,yfinance,False
2019-01-21,43.546714782714844,50.349998474121094,51.0,49.0,49.400001525878906,13854316,yfinance,False
2019-01-22,42.72508239746094,49.400001525878906,49.95000076293945,48.599998474121094,49.599998474121094,11134927,yfinance,False
2019-01-23,42.55210876464844,49.20000076293945,49.79999923706055,48.900001525878906,49.0,7732203,yfinance,False
2019-01-24,42.379127502441406,49.0,49.900001525878906,48.79999923706055,48.79999923706055,9412129,yfinance,False
2019-01-25,44.32510757446289,51.25,51.400001525878906,49.150001525878906,49.25,19296471,yfinance,False
2019-01-28,43.93590545654297,50.79999923706055,51.70000076293945,50.25,51.45000076293945,10464219,yfinance,False
2019-01-29,44.238624572753906,51.150001525878906,51.599998474121094,50.25,51.0,11024268,yfinance,False
2019-01-30,44.19536590576172,51.099998474121094,51.5,50.400001525878906,51.5,8418585,yfinance,False
2019-01-31,46.70352554321289,54.0,54.0,51.70000076293945,52.099998474121094,30223486,yfinance,False
2019-02-01,47.6548957824707,55.099998474121094,55.150001525878906,53.29999923706055,54.400001525878906,19443434,yfinance,False
2019-02-04,47.26570510864258,54.650001525878906,55.599998474121094,54.150001525878906,55.599998474121094,7222863,yfinance,False
2019-02-08,46.79001235961914,54.099998474121094,54.599998474121094,53.099998474121094,53.849998474121094,20501972,yfinance,False
2019-02-11,47.4819221496582,54.900001525878906,55.79999923706055,54.099998474121094,54.349998474121094,15920845,yfinance,False
2019-02-12,47.39543533325195,54.79999923706055,55.0,53.70000076293945,54.5,10252707,yfinance,False
2019-02-13,48.08732986450195,55.599998474121094,55.70000076293945,54.099998474121094,54.29999923706055,13353137,yfinance,False
2019-02-14,46.91974639892578,54.25,55.79999923706055,54.0,55.599998474121094,10301484,yfinance,False
2019-02-15,44.71430587768555,51.70000076293945,53.45000076293945,51.0,53.45000076293945,22564658,yfinance,False
2019-02-18,45.70891571044922,52.849998474121094,53.5,52.400001525878906,52.400001525878906,12019847,yfinance,False
2019-02-19,45.92513656616211,53.099998474121094,53.20000076293945,52.29999923706055,53.20000076293945,5991048,yfinance,False
2019-02-20,47.3089485168457,54.70000076293945,55.099998474121094,53.29999923706055,53.5,12362779,yfinance,False
2019-02-21,49.25492477416992,56.95000076293945,57.20000076293945,53.79999923706055,55.0,20461340,yfinance,False
2019-02-22,49.42789840698242,57.150001525878906,57.29999923706055,55.75,56.79999923706055,9704065,yfinance,False
2019-02-25,49.16843795776367,56.849998474121094,58.29999923706055,56.79999923706055,57.70000076293945,14232500,yfinance,False
2019-02-26,48.39004135131836,55.95000076293945,57.29999923706055,55.349998474121094,57.20000076293945,13224149,yfinance,False
2019-02-27,48.30355453491211,55.849998474121094,56.900001525878906,55.5,56.29999923706055,10508023,yfinance,False
2019-02-28,48.21706771850586,55.75,57.20000076293945,54.20000076293945,55.400001525878906,19842313,yfinance,False
2019-03-01,47.049476623535156,54.400001525878906,55.25,54.0,55.0,20384785,yfinance,False
2019-03-04,48.73599624633789,56.349998474121094,56.95000076293945,54.599998474121094,54.75,20079449,yfinance,False
2019-03-05,47.69813919067383,55.150001525878906,55.849998474121094,54.79999923706055,55.79999923706055,18627699,yfinance,False
2019-03-06,47.26570510864258,54.650001525878906,55.400001525878906,54.150001525878906,55.0,10615215,yfinance,False
2019-03-07,46.054866790771484,53.25,54.099998474121094,52.5,54.04999923706055,15915181,yfinance,False
2019-03-08,44.62781524658203,51.599998474121094,52.70000076293945,51.599998474121094,52.599998474121094,17229909,yfinance,False
2019-03-11,44.49808883666992,51.45000076293945,52.54999923706055,50.79999923706055,51.70000076293945,14731411,yfinance,False
2019-03-12,45.14674758911133,52.20000076293945,52.650001525878906,51.900001525878906,52.20000076293945,12180867,yfinance,False
2019-03-13,44.84403610229492,51.849998474121094,52.349998474121094,51.25,52.20000076293945,8409001,yfinance,False
2019-03-14,44.58456802368164,51.54999923706055,52.0,51.0,52.0,6652265,yfinance,False
2019-03-15,45.752159118652344,52.900001525878906,54.150001525878906,51.650001525878906,51.79999923706055,17336425,yfinance,False
2019-03-18,46.530548095703125,53.79999923706055,53.900001525878906,52.0,53.150001525878906,10583527,yfinance,False
2019-03-19,46.70352554321289,54.0,54.099998474121094,53.29999923706055,54.099998474121094,6212067,yfinance,False
2019-03-20,46.098114013671875,53.29999923706055,53.900001525878906,53.20000076293945,53.599998474121094,6264136,yfinance,False
2019-03-21,46.61703872680664,53.900001525878906,54.5,53.349998474121094,53.599998474121094,9081534,yfinance,False
2019-03-22,46.57379913330078,53.849998474121094,55.349998474121094,53.5,54.45000076293945,9015153,yfinance,False
2019-03-25,44.96028518676758,51.54999923706055,52.70000076293945,51.54999923706055,52.5,8947378,yfinance,False
2019-03-26,45.17832946777344,51.79999923706055,52.400001525878906,51.5,51.95000076293945,6165374,yfinance,False
2019-03-27,45.78884506225586,52.5,52.849998474121094,51.70000076293945,51.70000076293945,5976892,yfinance,False
2019-03-28,45.48358917236328,52.150001525878906,52.95000076293945,51.95000076293945,52.29999923706055,5691923,yfinance,False
2019-03-29,46.617408752441406,53.45000076293945,53.900001525878906,52.04999923706055,52.20000076293945,12567886,yfinance,False
2019-04-01,49.40834426879883,56.650001525878906,56.849998474121094,53.599998474121094,54.0,29306111,yfinance,False
2019-04-02,51.414337158203125,58.95000076293945,59.45000076293945,56.70000076293945,57.20000076293945,31781810,yfinance,False
2019-04-03,52.984230041503906,60.75,61.150001525878906,58.900001525878906,59.099998474121094,21138694,yfinance,False
2019-04-04,53.463924407958984,61.29999923706055,62.099998474121094,60.04999923706055,60.5,14839726,yfinance,False
2019-04-08,52.19927978515625,59.849998474121094,62.0,59.349998474121094,61.79999923706055,12493062,yfinance,False
2019-04-09,52.06845474243164,59.70000076293945,60.849998474121094,59.099998474121094,59.79999923706055,10514553,yfinance,False
2019-04-10,52.678985595703125,60.400001525878906,60.75,58.70000076293945,59.79999923706055,11417119,yfinance,False
2019-04-11,50.62937545776367,58.04999923706055,60.70000076293945,58.0,60.70000076293945,17277755,yfinance,False
2019-04-12,50.76020431518555,58.20000076293945,58.20000076293945,56.54999923706055,57.29999923706055,11737070,yfinance,False
2019-04-15,51.06546401977539,58.54999923706055,59.29999923706055,58.400001525878906,58.599998474121094,15287914,yfinance,False
2019-04-16,50.89103317260742,58.349998474121094,58.5,57.349998474121094,57.79999923706055,11966196,yfinance,False
2019-04-17,51.457942962646484,59.0,59.0,57.900001525878906,58.45000076293945,7976398,yfinance,False
2019-04-18,51.152687072753906,58.650001525878906,59.5,58.20000076293945,59.20000076293945,7671795,yfinance,False
2019-04-23,50.89103317260742,58.349998474121094,58.349998474121094,57.400001525878906,57.95000076293945,13512066,yfinance,False
2019-04-24,51.152687072753906,58.650001525878906,59.400001525878906,58.04999923706055,58.349998474121094,10479139,yfinance,False
2019-04-25,50.67298889160156,58.099998474121094,58.95000076293945,57.95000076293945,58.79999923706055,10508996,yfinance,False
2019-04-26,51.327117919921875,58.849998474121094,59.20000076293945,58.04999923706055,58.29999923706055,9550314,yfinance,False
2019-04-29,52.766197204589844,60.5,60.900001525878906,58.45000076293945,59.29999923706055,15905941,yfinance,False
2019-04-30,51.152687072753906,58.650001525878906,60.29999923706055,58.5,60.20000076293945,14598886,yfinance,False
2019-05-02,51.76319885253906,59.349998474121094,59.70000076293945,58.349998474121094,58.849998474121094,7820005,yfinance,False
2019-05-03,52.2864990234375,59.95000076293945,59.95000076293945,58.599998474121094,59.5,7773407,yfinance,False
2019-05-06,49.97525405883789,57.29999923706055,58.0,56.54999923706055,58.0,25738992,yfinance,False
2019-05-07,49.7572135925293,57.04999923706055,57.900001525878906,56.25,57.04999923706055,13307358,yfinance,False
2019-05-08,48.62339401245117,55.75,56.5,55.45000076293945,55.79999923706055,14682107,yfinance,False
2019-05-09,46.617408752441406,53.45000076293945,55.650001525878906,52.900001525878906,55.54999923706055,32594183,yfinance,False
2019-05-10,47.40235900878906,54.349998474121094,55.20000076293945,53.349998474121094,54.400001525878906,12707409,yfinance,False
2019-05-14,44.91667556762695,51.5,52.75,50.900001525878906,52.70000076293945,25512036,yfinance,False
2019-05-15,45.30915451049805,51.95000076293945,52.20000076293945,51.5,51.79999923706055,13376331,yfinance,False
2019-05-16,44.524200439453125,51.04999923706055,51.75,50.79999923706055,51.099998474121094,14037238,yfinance,False
2019-05-17,43.47760009765625,49.849998474121094,51.150001525878906,49.29999923706055,50.95000076293945,16615903,yfinance,False
2019-05-20,41.82047653198242,47.95000076293945,50.0,47.650001525878906,50.0,20324753,yfinance,False
2019-05-21,41.68965530395508,47.79999923706055,48.45000076293945,46.95000076293945,47.400001525878906,25777894,yfinance,False
2019-05-22,42.08212661743164,48.25,49.29999923706055,47.849998474121094,48.25,13007963,yfinance,False
2019-05-23,40.86109161376953,46.849998474121094,47.849998474121094,46.70000076293945,47.75,14310050,yfinance,False
2019-05-24,40.991920471191406,47.0,47.650001525878906,46.54999923706055,47.20000076293945,8156766,yfinance,False
2019-05-27,40.86109161376953,46.849998474121094,47.400001525878906,46.0,47.20000076293945,8273242,yfinance,False
2019-05-28,41.90769958496094,48.04999923706055,48.79999923706055,46.25,47.150001525878906,23626281,yfinance,False
2019-05-29,41.47161102294922,47.54999923706055,47.95000076293945,47.04999923706055,47.900001525878906,13400236,yfinance,False
2019-05-30,40.90470504760742,46.900001525878906,47.70000076293945,46.400001525878906,47.349998474121094,6146482,yfinance,False
2019-05-31,41.340789794921875,47.400001525878906,48.099998474121094,46.70000076293945,46.75,10568397,yfinance,False
2019-06-03,40.42500305175781,46.349998474121094,47.29999923706055,45.79999923706055,47.25,13139181,yfinance,False
2019-06-04,40.119754791259766,46.0,46.599998474121094,45.70000076293945,46.45000076293945,10217026,yfinance,False
2019-06-05,40.94831466674805,46.95000076293945,48.099998474121094,46.400001525878906,48.0,13570334,yfinance,False
2019-06-06,40.817481994628906,46.79999923706055,47.70000076293945,46.5,47.400001525878906,12294557,yfinance,False
2019-06-10,43.73925018310547,50.150001525878906,50.400001525878906,47.70000076293945,48.0,20738943,yfinance,False
2019-06-11,43.82646942138672,50.25,50.650001525878906,49.650001525878906,50.5,11125398,yfinance,False
2019-06-12,42.73625946044922,49.0,49.849998474121094,48.45000076293945,49.849998474121094,7012608,yfinance,False
2019-06-13,42.43099594116211,48.650001525878906,48.79999923706055,47.349998474121094,48.54999923706055,8895453,yfinance,False
2019-06-14,42.300174713134766,48.5,49.04999923706055,47.95000076293945,48.29999923706055,6757019,yfinance,False
2019-06-17,42.038516998291016,48.20000076293945,49.70000076293945,47.95000076293945,49.0,5859000,yfinance,False
2019-06-18,42.91069412231445,49.20000076293945,49.400001525878906,48.04999923706055,48.5,7613522,yfinance,False
2019-06-19,44.91667556762695,51.5,52.0,50.75,51.150001525878906,16053682,yfinance,False
2019-06-20,45.48358917236328,52.150001525878906,52.349998474121094,51.349998474121094,51.900001525878906,12830674,yfinance,False
2019-06-21,44.611419677734375,51.150001525878906,52.099998474121094,50.599998474121094,52.099998474121094,8517615,yfinance,False
2019-06-24,44.480587005615234,51.0,51.25,50.650001525878906,50.849998474121094,4140579,yfinance,False
2019-06-25,43.608428955078125,50.0,51.20000076293945,49.70000076293945,51.20000076293945,5354695,yfinance,False
2019-06-26,43.95729064941406,50.400001525878906,50.79999923706055,49.650001525878906,49.900001525878906,5369379,yfinance,False
2019-06-27,45.658016204833984,52.349998474121094,52.599998474121094,50.650001525878906,51.0,12322494,yfinance,False
2019-06-28,45.91967010498047,52.650001525878906,52.75,51.95000076293945,52.70000076293945,11118447,yfinance,False
2019-07-02,49.190303802490234,56.400001525878906,57.0,55.04999923706055,56.0,28297196,yfinance,False
2019-07-03,48.4489631652832,55.54999923706055,56.45000076293945,55.45000076293945,56.0,6175409,yfinance,False
2019-07-04,48.40534973144531,55.5,56.75,55.349998474121094,56.45000076293945,5381431,yfinance,False
2019-07-05,48.53617858886719,55.650001525878906,56.29999923706055,55.5,55.5,4733516,yfinance,False
2019-07-08,47.9256591796875,54.95000076293945,55.0,53.54999923706055,55.0,11374853,yfinance,False
2019-07-09,47.620399475097656,54.599998474121094,56.04999923706055,54.0,55.5,12401772,yfinance,False
2019-07-10,48.71060562133789,55.849998474121094,56.0,55.0,55.0,9296213,yfinance,False
2019-07-11,48.57978057861328,55.70000076293945,56.400001525878906,55.099998474121094,56.0,6448995,yfinance,False
2019-07-12,48.754215240478516,55.900001525878906,56.0,55.25,55.25,4329252,yfinance,False
2019-07-15,48.57978057861328,55.70000076293945,55.849998474121094,54.20000076293945,55.20000076293945,6411480,yfinance,False
2019-07-16,49.97525405883789,57.29999923706055,57.95000076293945,55.54999923706055,56.0,12808411,yfinance,False
2019-07-17,49.800819396972656,57.099998474121094,57.20000076293945,56.599998474121094,56.79999923706055,5210312,yfinance,False
2019-07-18,49.233909606933594,56.45000076293945,57.099998474121094,56.04999923706055,56.599998474121094,4645090,yfinance,False
2019-07-19,50.106082916259766,57.45000076293945,57.5,56.650001525878906,56.95000076293945,6262960,yfinance,False
2019-07-22,48.797828674316406,55.95000076293945,57.349998474121094,55.70000076293945,57.0,5543776,yfinance,False
2019-07-23,48.97226333618164,56.150001525878906,56.45000076293945,55.29999923706055,56.099998474121094,4550453,yfinance,False
2019-07-24,49.015872955322266,56.20000076293945,57.099998474121094,56.099998474121094,56.5,3893672,yfinance,False
2019-07-25,48.57978057861328,55.70000076293945,56.650001525878906,55.70000076293945,56.29999923706055,5998013,yfinance,False
2019-07-26,48.18730926513672,55.25,56.25,55.25,55.29999923706055,6406131,yfinance,False
2019-07-29,47.620399475097656,54.599998474121094,55.29999923706055,53.70000076293945,55.0,9554489,yfinance,False
2019-07-30,47.9256591796875,54.95000076293945,55.45000076293945,54.599998474121094,54.95000076293945,4383469,yfinance,False
2019-07-31,47.09709167480469,54.0,54.79999923706055,53.150001525878906,54.79999923706055,8882384,yfinance,False
2019-08-01,46.44297409057617,53.25,53.79999923706055,52.150001525878906,53.0,10190440,yfinance,False
2019-08-02,43.695640563964844,50.099998474121094,51.349998474121094,49.849998474121094,50.79999923706055,16896389,yfinance,False
2019-08-05,42.125736236572266,48.29999923706055,49.150001525878906,47.650001525878906,49.0,13182110,yfinance,False
2019-08-06,41.95130157470703,48.099998474121094,48.29999923706055,46.599998474121094,46.599998474121094,11268739,yfinance,False
2019-08-07,41.77687072753906,47.900001525878906,48.20000076293945,47.099998474121094,47.650001525878906,9925322,yfinance,False
2019-08-08,41.73326110839844,47.849998474121094,48.70000076293945,47.54999923706055,47.70000076293945,7262762,yfinance,False
2019-08-09,41.03553009033203,47.04999923706055,48.349998474121094,46.95000076293945,48.099998474121094,8784298,yfinance,False
2019-08-12,41.03553009033203,47.04999923706055,47.599998474121094,46.849998474121094,46.849998474121094,4021929,yfinance,False
2019-08-13,38.63706588745117,44.29999923706055,46.599998474121094,44.29999923706055,46.29999923706055,22728510,yfinance,False
2019-08-14,38.94232177734375,44.650001525878906,45.900001525878906,44.400001525878906,45.20000076293945,23668927,yfinance,False
2019-08-15,39.81449508666992,45.650001525878906,45.849998474121094,43.849998474121094,44.599998474121094,18394287,yfinance,False
2019-08-16,40.86109161376953,46.849998474121094,47.650001525878906,44.900001525878906,45.349998474121094,26969181,yfinance,False
2019-08-19,42.77985763549805,49.04999923706055,49.45000076293945,47.70000076293945,47.849998474121094,18300274,yfinance,False
2019-08-20,42.95429229736328,49.25,50.0,49.0,49.54999923706055,11677389,yfinance,False
2019-08-21,43.34677505493164,49.70000076293945,49.79999923706055,48.04999923706055,49.20000076293945,6065129,yfinance,False
2019-08-22,42.86708450317383,49.150001525878906,50.0,48.5,49.70000076293945,9657874,yfinance,False
2019-08-23,43.128726959228516,49.45000076293945,49.650001525878906,48.650001525878906,49.04999923706055,6630378,yfinance,False
2019-08-26,42.300174713134766,48.5,48.599998474121094,46.849998474121094,47.04999923706055,19540168,yfinance,False
2019-08-27,42.518211364746094,48.75,49.349998474121094,48.25,48.79999923706055,6592437,yfinance,False
2019-08-28,43.390377044677734,49.75,49.75,48.650001525878906,48.95000076293945,10049046,yfinance,False
2019-08-29,43.30316162109375,49.650001525878906,50.099998474121094,48.75,50.0,10300520,yfinance,False
2019-08-30,42.91069412231445,49.20000076293945,50.45000076293945,48.45000076293945,50.0,12282777,yfinance,False
2019-09-02,42.474609375,48.70000076293945,48.70000076293945,47.45000076293945,48.099998474121094,12942756,yfinance,False
2019-09-03,42.73625946044922,49.0,49.79999923706055,48.5,48.5,8646213,yfinance,False
2019-09-04,45.17832946777344,51.79999923706055,52.349998474121094,49.099998474121094,49.20000076293945,17731809,yfinance,False
2019-09-05,45.26555252075195,51.900001525878906,52.25,51.150001525878906,51.70000076293945,9193098,yfinance,False
2019-09-06,46.22492980957031,53.0,53.349998474121094,51.95000076293945,52.349998474121094,11095179,yfinance,False
2019-09-09,46.00688934326172,52.75,53.29999923706055,52.099998474121094,52.849998474121094,4765672,yfinance,False
2019-09-10,46.44297409057617,53.25,53.5,52.45000076293945,53.0,4742498,yfinance,False
2019-09-11,46.83544921875,53.70000076293945,54.45000076293945,53.099998474121094,53.599998474121094,8944089,yfinance,False
2019-09-12,46.4865837097168,53.29999923706055,54.5,53.20000076293945,54.5,5511071,yfinance,False
2019-09-13,47.09709167480469,54.0,54.150001525878906,52.20000076293945,53.400001525878906,5983512,yfinance,False
2019-09-16,46.00688934326172,52.75,54.150001525878906,52.349998474121094,54.0,6760000,yfinance,False
2019-09-17,45.17832946777344,51.79999923706055,52.75,51.25,52.75,6120221,yfinance,False
2019-09-18,45.22193908691406,51.849998474121094,52.349998474121094,51.650001525878906,52.20000076293945,3853872,yfinance,False
2019-09-19,44.785850524902344,51.349998474121094,52.400001525878906,50.79999923706055,52.400001525878906,7783879,yfinance,False
2019-09-20,44.480587005615234,51.0,51.95000076293945,50.650001525878906,51.95000076293945,6685672,yfinance,False
2019-09-23,43.652034759521484,50.04999923706055,51.5,49.79999923706055,51.0,6456445,yfinance,False
2019-09-24,43.572811126708984,49.5,50.0,49.29999923706055,49.900001525878906,7120212,yfinance,False
2019-09-25,42.78057861328125,48.599998474121094,49.900001525878906,48.400001525878906,49.900001525878906,8206060,yfinance,False
2019-09-26,42.8245849609375,48.650001525878906,49.0,48.20000076293945,48.20000076293945,7530706,yfinance,False
2019-09-27,42.51649856567383,48.29999923706055,48.54999923706055,47.79999923706055,48.25,4680494,yfinance,False
2019-09-30,42.91261291503906,48.75,49.04999923706055,47.650001525878906,48.0,11496051,yfinance,False
2019-10-02,42.86859893798828,48.70000076293945,49.29999923706055,47.75,48.0,7967888,yfinance,False
2019-10-03,44.012939453125,50.0,50.099998474121094,48.45000076293945,49.0,12775107,yfinance,False
2019-10-04,42.8245849609375,48.650001525878906,50.29999923706055,48.20000076293945,50.150001525878906,12720599,yfinance,False
2019-10-08,42.38446044921875,48.150001525878906,49.79999923706055,47.849998474121094,49.79999923706055,11654425,yfinance,False
2019-10-09,41.812294006347656,47.5,48.25,46.849998474121094,47.70000076293945,12425612,yfinance,False
2019-10-10,42.47249221801758,48.25,48.849998474121094,47.400001525878906,47.45000076293945,6655508,yfinance,False
2019-10-11,43.26471710205078,49.150001525878906,49.599998474121094,48.29999923706055,48.599998474121094,11625285,yfinance,False
2019-10-14,45.11326217651367,51.25,51.349998474121094,50.400001525878906,50.599998474121094,16813964,yfinance,False
2019-10-15,44.98122024536133,51.099998474121094,52.0,50.95000076293945,52.0,7044000,yfinance,False
2019-10-16,45.11326217651367,51.25,51.54999923706055,50.70000076293945,51.400001525878906,6013651,yfinance,False
2019-10-17,45.06925582885742,51.20000076293945,52.25,51.150001525878906,51.5,8456488,yfinance,False
2019-10-18,44.54109191894531,50.599998474121094,52.099998474121094,50.45000076293945,52.0,9067237,yfinance,False
2019-10-21,44.54109191894531,50.599998474121094,50.849998474121094,50.150001525878906,50.150001525878906,5190159,yfinance,False
2019-10-22,45.641414642333984,51.849998474121094,52.150001525878906,50.79999923706055,50.79999923706055,11451783,yfinance,False
2019-10-23,44.71714401245117,50.79999923706055,52.25,50.70000076293945,52.25,5280405,yfinance,False
2019-10-24,45.72944259643555,51.95000076293945,52.45000076293945,50.79999923706055,50.79999923706055,14787262,yfinance,False
2019-10-25,46.03753662109375,52.29999923706055,53.0,51.54999923706055,51.54999923706055,9967927,yfinance,False
2019-10-28,47.137855529785156,53.54999923706055,54.0,52.400001525878906,52.900001525878906,10124158,yfinance,False
2019-10-29,46.477657318115234,52.79999923706055,54.599998474121094,52.54999923706055,53.900001525878906,9285620,yfinance,False
2019-10-30,46.43364715576172,52.75,53.650001525878906,52.650001525878906,53.150001525878906,6313079,yfinance,False
2019-10-31,47.666015625,54.150001525878906,54.150001525878906,52.599998474121094,52.599998474121094,12294033,yfinance,False
2019-11-01,47.666015625,54.150001525878906,54.349998474121094,53.70000076293945,53.900001525878906,8363251,yfinance,False
2019-11-04,48.502254486083984,55.099998474121094,55.45000076293945,54.5,54.599998474121094,9385367,yfinance,False
2019-11-05,49.074424743652344,55.75,55.900001525878906,55.0,55.45000076293945,9913710,yfinance,False
2019-11-06,48.678306579589844,55.29999923706055,55.75,54.849998474121094,55.75,6892833,yfinance,False
2019-11-07,48.678306579589844,55.29999923706055,55.54999923706055,54.400001525878906,55.5,9075762,yfinance,False
2019-11-08,48.634300231933594,55.25,56.20000076293945,55.04999923706055,56.0,6483650,yfinance,False
2019-11-11,46.60970687866211,52.95000076293945,54.54999923706055,52.54999923706055,54.29999923706055,10440792,yfinance,False
2019-11-12,47.269893646240234,53.70000076293945,53.75,52.79999923706055,53.0,5357942,yfinance,False
2019-11-13,46.52167510986328,52.849998474121094,53.150001525878906,52.29999923706055,52.900001525878906,6126918,yfinance,False
2019-11-14,46.477657318115234,52.79999923706055,53.599998474121094,52.45000076293945,53.45000076293945,7209582,yfinance,False
2019-11-15,46.38964080810547,52.70000076293945,53.95000076293945,52.54999923706055,53.150001525878906,6948131,yfinance,False
2019-11-18,46.38964080810547,52.70000076293945,53.04999923706055,52.349998474121094,52.650001525878906,8067622,yfinance,False
2019-11-19,47.22588348388672,53.650001525878906,53.650001525878906,51.95000076293945,52.20000076293945,11817607,yfinance,False
2019-11-20,46.56568908691406,52.900001525878906,53.150001525878906,52.599998474121094,53.150001525878906,6235438,yfinance,False
2019-11-21,45.86147689819336,52.099998474121094,52.20000076293945,51.29999923706055,52.20000076293945,8225549,yfinance,False
2019-11-22,46.477657318115234,52.79999923706055,52.849998474121094,52.099998474121094,52.29999923706055,7360713,yfinance,False
2019-11-25,46.7857551574707,53.150001525878906,53.849998474121094,52.599998474121094,52.75,10839005,yfinance,False
2019-11-26,47.269893646240234,53.70000076293945,54.150001525878906,53.25,53.849998474121094,8247377,yfinance,False
2019-11-27,47.269893646240234,53.70000076293945,53.849998474121094,52.900001525878906,53.849998474121094,5953496,yfinance,False
2019-11-28,46.257598876953125,52.54999923706055,53.29999923706055,52.04999923706055,52.04999923706055,7406892,yfinance,False
2019-11-29,45.06925582885742,51.20000076293945,52.099998474121094,50.900001525878906,52.099998474121094,10688264,yfinance,False
2019-12-02,45.77345657348633,52.0,52.150001525878906,51.349998474121094,51.70000076293945,6215156,yfinance,False
2019-12-03,45.59740447998047,51.79999923706055,52.25,51.0,52.099998474121094,5567114,yfinance,False
2019-12-04,44.8931999206543,51.0,51.599998474121094,50.75,50.900001525878906,5224404,yfinance,False
2019-12-05,44.98122024536133,51.099998474121094,51.400001525878906,50.75,51.20000076293945,5533917,yfinance,False
2019-12-06,45.99351501464844,52.25,52.45000076293945,51.599998474121094,51.599998474121094,19571447,yfinance,False
2019-12-09,45.77345657348633,52.0,52.349998474121094,51.75,52.20000076293945,3590032,yfinance,False
2019-12-10,45.465362548828125,51.650001525878906,52.25,51.54999923706055,51.70000076293945,4401663,yfinance,False
2019-12-11,45.641414642333984,51.849998474121094,52.04999923706055,51.25,51.54999923706055,5801919,yfinance,False
2019-12-12,47.710025787353516,54.20000076293945,54.29999923706055,51.95000076293945,51.95000076293945,16782708,yfinance,False
2019-12-13,51.0109977722168,57.95000076293945,57.95000076293945,55.650001525878906,55.79999923706055,27711251,yfinance,False
2019-12-16,51.53915023803711,58.54999923706055,59.29999923706055,57.04999923706055,58.0,14332501,yfinance,False
2019-12-17,51.40711212158203,58.400001525878906,58.79999923706055,57.150001525878906,58.29999923706055,11294071,yfinance,False
2019-12-18,50.57086944580078,57.45000076293945,58.400001525878906,57.099998474121094,58.400001525878906,7860493,yfinance,False
2019-12-19,49.910675048828125,56.70000076293945,58.45000076293945,56.650001525878906,57.900001525878906,10801332,yfinance,False
2019-12-20,48.98640441894531,55.650001525878906,57.099998474121094,55.25,56.400001525878906,14443070,yfinance,False
2019-12-23,49.514556884765625,56.25,56.45000076293945,55.150001525878906,55.599998474121094,8469844,yfinance,False
2019-12-24,49.38252258300781,56.099998474121094,56.849998474121094,55.70000076293945,56.400001525878906,3447972,yfinance,False
2019-12-27,50.746917724609375,57.650001525878906,58.04999923706055,56.400001525878906,56.650001525878906,10722891,yfinance,False
2019-12-30,50.79092788696289,57.70000076293945,58.0,57.04999923706055,57.75,6876940,yfinance,False
2019-12-31,50.526851654052734,57.400001525878906,57.54999923706055,57.04999923706055,57.25,2910830,yfinance,False
2020-01-02,53.43170928955078,60.70000076293945,60.849998474121094,57.95000076293945,58.79999923706055,20168636,yfinance,False
2020-01-03,51.84724426269531,58.900001525878906,61.29999923706055,58.849998474121094,61.29999923706055,10411407,yfinance,False
2020-01-06,51.18704605102539,58.150001525878906,59.0,57.900001525878906,58.5,14275643,yfinance,False
2020-01-07,52.11132049560547,59.20000076293945,60.0,58.400001525878906,58.400001525878906,12182053,yfinance,False
2020-01-08,52.19934844970703,59.29999923706055,59.599998474121094,57.95000076293945,58.400001525878906,9650654,yfinance,False
2020-01-09,52.991580963134766,60.20000076293945,61.0,59.599998474121094,60.5,10791980,yfinance,False
2020-01-10,54.04789352416992,61.400001525878906,61.79999923706055,60.25,60.5,11085558,yfinance,False
2020-01-13,53.73979949951172,61.04999923706055,62.0,60.900001525878906,61.70000076293945,9532548,yfinance,False
2020-01-14,54.972164154052734,62.45000076293945,63.400001525878906,61.599998474121094,62.0,15039798,yfinance,False
2020-01-15,54.84012222290039,62.29999923706055,62.75,61.349998474121094,62.0,6080112,yfinance,False
2020-01-16,54.752098083496094,62.20000076293945,63.150001525878906,61.79999923706055,63.150001525878906,6582200,yfinance,False
2020-01-17,54.752098083496094,62.20000076293945,63.150001525878906,61.79999923706055,62.45000076293945,7361695,yfinance,False
2020-01-20,51.803226470947266,58.849998474121094,63.0,58.650001525878906,63.0,21809658,yfinance,False
2020-01-21,49.954681396484375,56.75,58.0,56.099998474121094,57.75,24688353,yfinance,False
2020-01-22,50.70289993286133,57.599998474121094,58.349998474121094,56.0,56.95000076293945,20895912,yfinance,False
2020-01-23,48.942386627197266,55.599998474121094,56.75,54.5,56.45000076293945,21636910,yfinance,False
2020-01-24,49.33850860595703,56.04999923706055,56.45000076293945,54.349998474121094,55.0,9356754,yfinance,False
2020-01-29,46.7857551574707,53.150001525878906,54.0,52.5,52.5,39738013,yfinance,False
2020-01-30,45.59740447998047,51.79999923706055,53.650001525878906,50.849998474121094,53.29999923706055,28805318,yfinance,False
2020-01-31,45.33332824707031,51.5,53.349998474121094,51.29999923706055,53.0,28705166,yfinance,False
2020-02-03,46.741737365722656,53.099998474121094,53.150001525878906,50.5,51.0,24435738,yfinance,False
2020-02-04,45.6854362487793,51.900001525878906,53.900001525878906,50.400001525878906,52.25,47303287,yfinance,False
2020-02-05,46.56568908691406,52.900001525878906,53.849998474121094,51.849998474121094,53.099998474121094,23637810,yfinance,False
2020-02-06,48.41422653198242,55.0,55.0,53.5,53.900001525878906,17253585,yfinance,False
2020-02-07,48.1501579284668,54.70000076293945,54.900001525878906,53.75,54.54999923706055,10489111,yfinance,False
2020-02-10,46.873779296875,53.25,54.45000076293945,52.70000076293945,54.0,13968734,yfinance,False
2020-02-11,48.06212615966797,54.599998474121094,54.849998474121094,53.099998474121094,53.75,10472065,yfinance,False
2020-02-12,50.174747467041016,57.0,57.150001525878906,54.650001525878906,55.150001525878906,23524560,yfinance,False
2020-02-13,50.35080337524414,57.20000076293945,57.54999923706055,56.04999923706055,57.0,16063414,yfinance,False
2020-02-14,50.35080337524414,57.20000076293945,57.599998474121094,56.599998474121094,56.900001525878906,14810119,yfinance,False
2020-02-17,50.658897399902344,57.54999923706055,58.5,56.5,56.5,11051674,yfinance,False
2020-02-18,50.086727142333984,56.900001525878906,57.79999923706055,56.79999923706055,57.650001525878906,11847275,yfinance,False
2020-02-19,50.746917724609375,57.650001525878906,58.150001525878906,56.70000076293945,56.70000076293945,5431985,yfinance,False
2020-02-20,50.48284149169922,57.349998474121094,57.900001525878906,56.54999923706055,57.54999923706055,12558782,yfinance,False
2020-02-21,49.29449462890625,56.0,57.099998474121094,55.29999923706055,56.95000076293945,24670332,yfinance,False
2020-02-24,47.445945739746094,53.900001525878906,55.5,53.45000076293945,55.5,16943577,yfinance,False
2020-02-25,48.06212615966797,54.599998474121094,55.0,53.400001525878906,53.900001525878906,6562408,yfinance,False
2020-02-26,47.269893646240234,53.70000076293945,54.29999923706055,53.04999923706055,53.20000076293945,13350445,yfinance,False
2020-02-27,46.21358108520508,52.5,53.45000076293945,51.849998474121094,53.400001525878906,30852063,yfinance,False
2020-02-28,45.2893180847168,51.45000076293945,52.0,50.95000076293945,51.79999923706055,23989709,yfinance,False
2020-03-02,45.025238037109375,51.150001525878906,52.79999923706055,51.0,51.79999923706055,17007800,yfinance,False
2020-03-03,45.421356201171875,51.599998474121094,53.0,51.099998474121094,52.45000076293945,15652858,yfinance,False
2020-03-04,44.98122024536133,51.099998474121094,51.400001525878906,50.0,51.150001525878906,14519207,yfinance,False
2020-03-05,46.34563064575195,52.650001525878906,52.95000076293945,51.20000076293945,51.349998474121094,26491734,yfinance,False
2020-03-06,44.8931999206543,51.0,51.849998474121094,50.54999923706055,51.849998474121094,18999064,yfinance,False
2020-03-09,42.91261291503906,48.75,49.5,47.349998474121094,49.0,25777417,yfinance,False
2020-03-10,44.54109191894531,50.599998474121094,51.29999923706055,48.20000076293945,49.0,22469971,yfinance,False
2020-03-11,44.71714401245117,50.79999923706055,51.150001525878906,49.95000076293945,50.599998474121094,20970321,yfinance,False
2020-03-12,43.30873107910156,49.20000076293945,50.0,48.29999923706055,50.0,21636392,yfinance,False
2020-03-13,42.29644012451172,48.04999923706055,48.70000076293945,44.5,45.099998474121094,44119273,yfinance,False
2020-03-16,38.775390625,44.04999923706055,47.45000076293945,43.400001525878906,46.599998474121094,32621632,yfinance,False
2020-03-17,37.98316955566406,43.150001525878906,44.29999923706055,42.0,43.0,28722560,yfinance,False
2020-03-18,35.650482177734375,40.5,43.70000076293945,40.150001525878906,42.5,23969015,yfinance,False
2020-03-19,33.97798156738281,38.599998474121094,41.29999923706055,37.0,41.04999923706055,29241044,yfinance,False
2020-03-20,38.02717971801758,43.20000076293945,43.349998474121094,39.400001525878906,39.599998474121094,35753052,yfinance,False
2020-03-23,35.826534271240234,40.70000076293945,41.45000076293945,40.150001525878906,41.0,27210999,yfinance,False
2020-03-24,38.64336013793945,43.900001525878906,44.0,42.20000076293945,42.75,24857135,yfinance,False
2020-03-25,40.15530014038086,45.150001525878906,45.45000076293945,44.04999923706055,45.20000076293945,29024925,yfinance,False
2020-03-26,39.399330139160156,44.29999923706055,46.150001525878906,43.95000076293945,46.150001525878906,22040827,yfinance,False
2020-03-27,37.931861877441406,42.650001525878906,45.79999923706055,42.150001525878906,44.70000076293945,24352873,yfinance,False
2020-03-30,36.108638763427734,40.599998474121094,41.5,39.79999923706055,41.349998474121094,23303945,yfinance,False
2020-03-31,36.775665283203125,41.349998474121094,42.099998474121094,40.29999923706055,42.099998474121094,23086540,yfinance,False
2020-04-01,36.01970291137695,40.5,41.650001525878906,39.75,41.0,18865026,yfinance,False
2020-04-02,36.731201171875,41.29999923706055,41.29999923706055,39.54999923706055,40.0,16959929,yfinance,False
2020-04-03,36.46438980102539,41.0,41.400001525878906,40.54999923706055,41.20000076293945,11696632,yfinance,False
2020-04-06,38.109737396240234,42.849998474121094,43.20000076293945,40.54999923706055,41.29999923706055,35211626,yfinance,False
2020-04-07,40.91126251220703,46.0,46.0,43.5,43.5,37517628,yfinance,False
2020-04-08,40.15530014038086,45.150001525878906,45.400001525878906,44.599998474121094,44.849998474121094,19671769,yfinance,False
2020-04-09,42.69001770019531,48.0,48.0,46.20000076293945,46.5,28020601,yfinance,False
2020-04-14,43.00129318237305,48.349998474121094,48.75,47.150001525878906,48.20000076293945,15902110,yfinance,False
2020-04-15,42.645545959472656,47.95000076293945,49.70000076293945,47.5,48.29999923706055,21832453,yfinance,False
2020-04-16,43.35704803466797,48.75,48.95000076293945,47.400001525878906,47.79999923706055,13833928,yfinance,False
2020-04-17,44.42429733276367,49.95000076293945,52.79999923706055,49.29999923706055,50.04999923706055,30798455,yfinance,False
2020-04-20,44.24642562866211,49.75,50.900001525878906,49.25,50.849998474121094,16769276,yfinance,False
2020-04-21,42.601078033447266,47.900001525878906,50.0,47.54999923706055,49.25,20797632,yfinance,False
2020-04-22,43.312583923339844,48.70000076293945,49.0,47.599998474121094,47.70000076293945,12188372,yfinance,False
2020-04-23,44.86898422241211,50.45000076293945,51.150001525878906,49.599998474121094,49.599998474121094,18565269,yfinance,False
2020-04-24,43.84620666503906,49.29999923706055,50.5,48.70000076293945,50.45000076293945,15650808,yfinance,False
2020-04-27,44.42429733276367,49.95000076293945,50.150001525878906,49.099998474121094,50.04999923706055,13956130,yfinance,False
2020-04-28,45.091339111328125,50.70000076293945,50.70000076293945,49.45000076293945,50.099998474121094,10197950,yfinance,False
2020-04-29,44.86898422241211,50.45000076293945,50.849998474121094,49.45000076293945,50.599998474121094,14047598,yfinance,False
2020-05-04,43.312583923339844,48.70000076293945,48.95000076293945,47.79999923706055,48.099998474121094,15465078,yfinance,False
2020-05-05,44.51323699951172,50.04999923706055,50.099998474121094,48.45000076293945,49.20000076293945,7881019,yfinance,False
2020-05-06,45.49155044555664,51.150001525878906,51.29999923706055,49.599998474121094,49.900001525878906,14327755,yfinance,False
2020-05-07,45.447078704833984,51.099998474121094,51.20000076293945,50.349998474121094,50.95000076293945,9125410,yfinance,False
2020-05-08,47.75945281982422,53.70000076293945,53.70000076293945,50.70000076293945,51.29999923706055,25085098,yfinance,False
2020-05-11,48.24861526489258,54.25,55.849998474121094,53.900001525878906,54.5,21563417,yfinance,False
2020-05-12,47.04795455932617,52.900001525878906,53.650001525878906,52.5,53.5,17249114,yfinance,False
2020-05-13,46.603275299072266,52.400001525878906,52.849998474121094,51.349998474121094,52.5,9037583,yfinance,False
2020-05-14,45.89176940917969,51.599998474121094,52.150001525878906,50.900001525878906,52.0,11894092,yfinance,False
2020-05-15,46.29198455810547,52.04999923706055,52.29999923706055,51.20000076293945,51.5,7404657,yfinance,False
2020-05-18,46.73667526245117,52.54999923706055,52.70000076293945,51.400001525878906,51.70000076293945,6816469,yfinance,False
2020-05-19,47.181365966796875,53.04999923706055,54.20000076293945,52.849998474121094,54.0,12331011,yfinance,False
2020-05-20,48.026275634765625,54.0,54.150001525878906,53.349998474121094,53.5,8141152,yfinance,False
2020-05-21,46.95901870727539,52.79999923706055,54.150001525878906,52.5,54.0,11466925,yfinance,False
2020-05-22,44.468772888183594,50.0,51.45000076293945,49.20000076293945,50.5,26502729,yfinance,False
2020-05-25,45.53601837158203,51.20000076293945,51.349998474121094,49.29999923706055,50.20000076293945,12855918,yfinance,False
2020-05-26,47.270301818847656,53.150001525878906,53.45000076293945,51.70000076293945,51.79999923706055,15393589,yfinance,False
2020-05-27,47.00348663330078,52.849998474121094,53.70000076293945,52.04999923706055,53.599998474121094,11320890,yfinance,False
2020-05-28,46.603275299072266,52.400001525878906,53.20000076293945,51.04999923706055,52.95000076293945,15398880,yfinance,False
2020-05-29,46.51433563232422,52.29999923706055,53.0,51.29999923706055,51.400001525878906,8723471,yfinance,False
2020-06-01,48.64883804321289,54.70000076293945,54.70000076293945,53.04999923706055,53.25,14204557,yfinance,False
2020-06-02,48.64883804321289,54.70000076293945,54.79999923706055,53.70000076293945,54.599998474121094,11244699,yfinance,False
2020-06-03,48.64883804321289,54.70000076293945,55.150001525878906,54.5,55.0,15470578,yfinance,False
2020-06-04,49.805023193359375,56.0,56.599998474121094,55.0,55.5,14201301,yfinance,False
2020-06-05,49.8494873046875,56.04999923706055,56.150001525878906,55.150001525878906,56.0,14284025,yfinance,False
2020-06-08,49.18246078491211,55.29999923706055,56.25,54.70000076293945,55.900001525878906,9985017,yfinance,False
2020-06-09,50.11629867553711,56.349998474121094,56.70000076293945,55.75,55.849998474121094,11071786,yfinance,False
2020-06-10,50.11629867553711,56.349998474121094,57.0,55.599998474121094,56.900001525878906,9561136,yfinance,False
2020-06-11,47.581581115722656,53.5,56.5,53.5,56.5,19800513,yfinance,False
2020-06-12,48.42648696899414,54.45000076293945,54.650001525878906,52.20000076293945,52.599998474121094,14391257,yfinance,False
2020-06-15,46.11410903930664,51.849998474121094,54.900001525878906,51.650001525878906,54.400001525878906,16999691,yfinance,False
2020-06-16,47.492645263671875,53.400001525878906,53.79999923706055,52.900001525878906,53.099998474121094,8194127,yfinance,False
2020-06-17,46.95901870727539,52.79999923706055,53.099998474121094,52.04999923706055,52.900001525878906,10139104,yfinance,False
2020-06-18,46.82561492919922,52.650001525878906,52.70000076293945,51.79999923706055,52.349998474121094,8258834,yfinance,False
2020-06-19,48.33755111694336,54.349998474121094,54.5,52.650001525878906,52.650001525878906,11601415,yfinance,False
2020-06-22,46.558799743652344,52.349998474121094,54.0,52.0,54.0,13791255,yfinance,False
2020-06-23,47.448177337646484,53.349998474121094,53.45000076293945,51.54999923706055,52.5,8022651,yfinance,False
2020-06-24,47.270301818847656,53.150001525878906,53.900001525878906,52.95000076293945,53.75,4987288,yfinance,False
2020-06-26,46.24752426147461,52.0,53.20000076293945,51.900001525878906,52.650001525878906,10100686,yfinance,False
2020-06-29,45.180267333984375,50.79999923706055,52.0,50.25,52.0,17197354,yfinance,False
2020-06-30,46.91455078125,52.75,52.75,51.29999923706055,51.29999923706055,13354656,yfinance,False
2020-07-02,47.67051696777344,53.599998474121094,53.900001525878906,52.5,53.599998474121094,14930619,yfinance,False
2020-07-03,48.64883804321289,54.70000076293945,54.849998474121094,53.29999923706055,54.0,10005543,yfinance,False
2020-07-06,48.87118148803711,54.95000076293945,55.599998474121094,54.70000076293945,54.70000076293945,16596185,yfinance,False
2020-07-07,47.581581115722656,53.5,55.45000076293945,53.45000076293945,55.099998474121094,12088749,yfinance,False
2020-07-08,46.82561492919922,52.650001525878906,53.54999923706055,52.0,53.0,13756629,yfinance,False
2020-07-09,45.8473014831543,51.54999923706055,52.599998474121094,50.849998474121094,52.400001525878906,18751359,yfinance,False
2020-07-10,45.091339111328125,50.70000076293945,51.400001525878906,50.400001525878906,51.04999923706055,13944834,yfinance,False
2020-07-13,45.224735260009766,50.849998474121094,51.900001525878906,50.150001525878906,50.849998474121094,14852367,yfinance,False
2020-07-14,47.9818000793457,53.95000076293945,56.5,52.650001525878906,56.5,51957997,yfinance,False
2020-07-15,48.20414733886719,54.20000076293945,55.29999923706055,53.20000076293945,54.849998474121094,16610216,yfinance,False
2020-07-16,47.403709411621094,53.29999923706055,55.04999923706055,53.150001525878906,55.0,13365800,yfinance,False
2020-07-17,48.73777389526367,54.79999923706055,55.5,53.400001525878906,53.79999923706055,11233463,yfinance,False
2020-07-20,46.82561492919922,52.650001525878906,54.79999923706055,52.29999923706055,54.70000076293945,12046268,yfinance,False
2020-07-21,46.78114318847656,52.599998474121094,53.650001525878906,52.20000076293945,53.0,11360964,yfinance,False
2020-07-22,45.89176940917969,51.599998474121094,53.099998474121094,51.45000076293945,53.0,9099804,yfinance,False
2020-07-23,46.069644927978516,51.79999923706055,51.79999923706055,50.599998474121094,51.599998474121094,6956950,yfinance,False
2020-07-24,44.51323699951172,50.04999923706055,51.5,50.0,51.099998474121094,11419868,yfinance,False
2020-07-27,44.69110870361328,50.25,51.20000076293945,49.650001525878906,51.04999923706055,10268907,yfinance,False
2020-07-28,45.49155044555664,51.150001525878906,51.349998474121094,50.20000076293945,51.25,8435248,yfinance,False
2020-07-29,46.069644927978516,51.79999923706055,52.29999923706055,50.400001525878906,51.29999923706055,7925488,yfinance,False
2020-07-30,46.15858459472656,51.900001525878906,53.150001525878906,51.599998474121094,52.0,9123728,yfinance,False
2020-07-31,46.95901870727539,52.79999923706055,53.29999923706055,52.20000076293945,52.70000076293945,7806841,yfinance,False
2020-08-03,46.64773941040039,52.45000076293945,52.75,51.54999923706055,52.349998474121094,6405563,yfinance,False
2020-08-04,47.492645263671875,53.400001525878906,53.599998474121094,52.5,53.0,6631079,yfinance,False
2020-08-05,47.225830078125,53.099998474121094,53.650001525878906,52.70000076293945,53.29999923706055,4328584,yfinance,False
2020-08-06,47.225830078125,53.099998474121094,53.599998474121094,52.400001525878906,53.45000076293945,5852920,yfinance,False
2020-08-07,47.75945281982422,53.70000076293945,53.95000076293945,52.79999923706055,53.5,9552297,yfinance,False
2020-08-10,50.427581787109375,56.70000076293945,57.849998474121094,53.54999923706055,54.0,33822320,yfinance,False
2020-08-11,53.18464660644531,59.79999923706055,59.95000076293945,58.29999923706055,58.5,35089724,yfinance,False
2020-08-12,52.91782760620117,59.5,62.599998474121094,59.29999923706055,60.0,35093514,yfinance,False
2020-08-13,52.69548797607422,59.25,59.95000076293945,58.5,59.5,12983797,yfinance,False
2020-08-14,52.42867660522461,58.95000076293945,60.45000076293945,58.25,58.5,12871334,yfinance,False
2020-08-17,53.318058013916016,59.95000076293945,61.150001525878906,59.0,59.0,10915648,yfinance,False
2020-08-18,52.96229934692383,59.54999923706055,60.75,58.849998474121094,60.0,7775594,yfinance,False
2020-08-19,52.60655212402344,59.150001525878906,59.95000076293945,58.79999923706055,59.54999923706055,6025817,yfinance,False
2020-08-20,52.161865234375,58.650001525878906,59.150001525878906,58.099998474121094,59.150001525878906,7039883,yfinance,False
2020-08-21,55.40808868408203,62.29999923706055,62.349998474121094,59.25,59.599998474121094,22553560,yfinance,False
2020-08-24,54.1629638671875,60.900001525878906,62.29999923706055,60.75,62.150001525878906,17361373,yfinance,False
2020-08-25,55.40808868408203,62.29999923706055,63.70000076293945,60.650001525878906,61.0,19097176,yfinance,False
2020-08-26,54.4742431640625,61.25,62.650001525878906,60.95000076293945,61.900001525878906,12949159,yfinance,False
2020-08-27,53.36252212524414,60.0,61.70000076293945,59.900001525878906,60.900001525878906,15346246,yfinance,False
2020-08-28,54.25189971923828,61.0,62.150001525878906,60.20000076293945,60.5,11071896,yfinance,False
2020-08-31,54.296363830566406,61.04999923706055,62.29999923706055,60.95000076293945,61.29999923706055,14375936,yfinance,False
2020-09-01,55.274681091308594,62.150001525878906,62.95000076293945,60.099998474121094,60.79999923706055,10946976,yfinance,False
2020-09-02,54.38530349731445,61.150001525878906,62.25,61.0,61.79999923706055,8966883,yfinance,False
2020-09-03,55.8527717590332,62.79999923706055,63.400001525878906,60.45000076293945,61.79999923706055,13439890,yfinance,False
2020-09-04,53.18464660644531,59.79999923706055,61.54999923706055,59.5,61.54999923706055,19968911,yfinance,False
2020-09-07,51.89505386352539,58.349998474121094,59.849998474121094,58.099998474121094,58.599998474121094,15487472,yfinance,False
2020-09-08,51.76165008544922,58.20000076293945,59.0,57.150001525878906,58.599998474121094,8242619,yfinance,False
2020-09-09,51.18355178833008,57.54999923706055,58.0,57.0,57.349998474121094,7015489,yfinance,False
2020-09-10,51.539310455322266,57.95000076293945,58.5,57.29999923706055,58.0,7363681,yfinance,False
2020-09-11,53.18464660644531,59.79999923706055,59.849998474121094,58.0,58.599998474121094,7942314,yfinance,False
2020-09-14,52.651023864746094,59.20000076293945,59.70000076293945,58.79999923706055,59.5,6478441,yfinance,False
2020-09-15,53.45145797729492,60.099998474121094,60.75,58.599998474121094,59.150001525878906,8059253,yfinance,False
2020-09-16,53.09571075439453,59.70000076293945,60.45000076293945,59.25,60.349998474121094,6736738,yfinance,False
2020-09-17,51.80611801147461,58.25,59.70000076293945,57.79999923706055,59.70000076293945,11799303,yfinance,False
2020-09-18,51.36142349243164,57.75,58.5,57.5,58.0,9617691,yfinance,False
2020-09-21,48.915645599365234,55.0,57.900001525878906,54.5,57.75,19303788,yfinance,False
2020-09-22,47.31477355957031,53.20000076293945,54.0,52.099998474121094,54.0,19387297,yfinance,False
2020-09-23,47.448177337646484,53.349998474121094,53.900001525878906,52.5,53.400001525878906,14015080,yfinance,False
2020-09-24,46.64773941040039,52.45000076293945,53.20000076293945,51.900001525878906,53.20000076293945,14406590,yfinance,False
2020-09-25,46.4254035949707,52.20000076293945,52.79999923706055,51.5,52.5,9672646,yfinance,False
2020-09-28,45.980709075927734,51.70000076293945,52.400001525878906,51.45000076293945,52.400001525878906,7456437,yfinance,False
2020-09-29,46.51433563232422,52.29999923706055,52.5,51.79999923706055,52.0,7512196,yfinance,False
2020-09-30,46.20305252075195,51.95000076293945,52.849998474121094,51.900001525878906,52.849998474121094,8317374,yfinance,False
2020-10-05,45.89176940917969,51.599998474121094,52.900001525878906,51.04999923706055,52.900001525878906,10839261,yfinance,False
2020-10-06,47.13689422607422,53.0,53.400001525878906,51.400001525878906,51.45000076293945,13231793,yfinance,False
2020-10-07,47.892860412597656,53.849998474121094,54.150001525878906,52.599998474121094,52.900001525878906,8691317,yfinance,False
2020-10-08,46.95901870727539,52.79999923706055,53.599998474121094,51.849998474121094,53.349998474121094,11608223,yfinance,False
2020-10-09,46.336456298828125,52.099998474121094,53.25,51.70000076293945,53.25,7734306,yfinance,False
2020-10-12,46.15858459472656,51.900001525878906,52.29999923706055,51.54999923706055,52.099998474121094,13256436,yfinance,False
2020-10-14,45.71389389038086,51.400001525878906,52.29999923706055,50.70000076293945,52.20000076293945,20302573,yfinance,False
2020-10-15,45.402610778808594,51.04999923706055,51.650001525878906,50.0,51.29999923706055,13713973,yfinance,False
2020-10-16,45.89176940917969,51.599998474121094,52.099998474121094,51.150001525878906,51.25,9048068,yfinance,False
2020-10-19,45.93623733520508,51.650001525878906,52.349998474121094,51.349998474121094,52.29999923706055,7615403,yfinance,False
2020-10-20,46.24752426147461,52.0,52.20000076293945,50.95000076293945,51.20000076293945,8329221,yfinance,False
2020-10-21,46.38092803955078,52.150001525878906,52.650001525878906,52.099998474121094,52.25,6074372,yfinance,False
2020-10-22,48.73777389526367,54.79999923706055,55.25,52.0,53.0,20570275,yfinance,False
2020-10-23,48.24861526489258,54.25,54.95000076293945,53.599998474121094,54.95000076293945,10378659,yfinance,False
2020-10-27,47.75945281982422,53.70000076293945,54.25,52.70000076293945,54.25,8500027,yfinance,False
2020-10-28,46.95901870727539,52.79999923706055,53.54999923706055,52.70000076293945,53.400001525878906,4858333,yfinance,False
2020-10-29,46.73667526245117,52.54999923706055,52.650001525878906,51.5,51.900001525878906,8214272,yfinance,False
2020-10-30,45.447078704833984,51.099998474121094,53.04999923706055,50.95000076293945,52.5,13312442,yfinance,False
2020-11-02,46.82561492919922,52.650001525878906,53.099998474121094,51.5,51.599998474121094,8628409,yfinance,False
2020-11-03,47.581581115722656,53.5,53.75,52.849998474121094,53.400001525878906,6482886,yfinance,False
2020-11-04,48.070735931396484,54.04999923706055,55.599998474121094,53.29999923706055,53.79999923706055,8830071,yfinance,False
2020-11-05,49.58267593383789,55.75,55.95000076293945,54.95000076293945,55.5,11605989,yfinance,False
2020-11-06,49.62714385986328,55.79999923706055,56.5,55.349998474121094,56.0,6804543,yfinance,False
2020-11-09,52.33974075317383,58.849998474121094,59.45000076293945,56.599998474121094,56.79999923706055,20970788,yfinance,False
2020-11-10,54.4742431640625,61.25,65.0,60.70000076293945,65.0,34948439,yfinance,False
2020-11-11,53.006771087646484,59.599998474121094,63.0,58.79999923706055,63.0,17781436,yfinance,False
2020-11-12,53.18464660644531,59.79999923706055,60.5,59.25,59.79999923706055,15422515,yfinance,False
2020-11-13,52.69548797607422,59.25,59.79999923706055,57.75,59.0,14681339,yfinance,False
2020-11-16,54.74105453491211,61.54999923706055,61.849998474121094,59.79999923706055,60.0,12443826,yfinance,False
2020-11-17,54.69658660888672,61.5,61.95000076293945,60.900001525878906,61.650001525878906,4384690,yfinance,False
2020-11-18,54.87446212768555,61.70000076293945,61.95000076293945,61.0,61.20000076293945,6873859,yfinance,False
2020-11-19,54.51871109008789,61.29999923706055,61.599998474121094,60.29999923706055,61.5,5480775,yfinance,False
2020-11-20,54.74105453491211,61.54999923706055,61.849998474121094,61.099998474121094,61.29999923706055,4475117,yfinance,False
2020-11-23,53.006771087646484,59.599998474121094,61.70000076293945,58.25,61.70000076293945,9917101,yfinance,False
2020-11-24,55.052337646484375,61.900001525878906,62.25,59.599998474121094,60.0,9971706,yfinance,False
2020-11-25,55.58596420288086,62.5,62.79999923706055,61.79999923706055,62.20000076293945,9522524,yfinance,False
2020-11-26,55.141273498535156,62.0,62.5,60.95000076293945,62.5,4964082,yfinance,False
2020-11-27,54.9189338684082,61.75,62.150001525878906,60.54999923706055,61.0,3772110,yfinance,False
2020-11-30,52.473148345947266,59.0,61.75,59.0,61.75,14616978,yfinance,False
2020-12-01,53.67380142211914,60.349998474121094,60.95000076293945,59.95000076293945,60.75,6447135,yfinance,False
2020-12-02,53.67380142211914,60.349998474121094,60.650001525878906,58.5,59.0,8570239,yfinance,False
2020-12-03,54.296363830566406,61.04999923706055,61.5,59.150001525878906,59.150001525878906,4954912,yfinance,False
2020-12-04,55.2302131652832,62.099998474121094,64.0,61.70000076293945,61.75,13972617,yfinance,False
2020-12-07,54.4742431640625,61.25,62.79999923706055,60.849998474121094,62.79999923706055,3551215,yfinance,False
2020-12-08,54.34083557128906,61.099998474121094,61.599998474121094,60.849998474121094,61.25,4051814,yfinance,False
2020-12-09,53.71827697753906,60.400001525878906,60.900001525878906,60.150001525878906,60.599998474121094,6541731,yfinance,False
2020-12-10,54.207427978515625,60.95000076293945,61.20000076293945,60.0,60.04999923706055,3599653,yfinance,False
2020-12-11,54.563175201416016,61.349998474121094,61.5,60.599998474121094,60.70000076293945,5057323,yfinance,False
2020-12-14,53.94062042236328,60.650001525878906,61.79999923706055,60.45000076293945,60.75,3802894,yfinance,False
2020-12-15,52.651023864746094,59.20000076293945,60.599998474121094,58.849998474121094,60.099998474121094,8418052,yfinance,False
2020-12-16,52.651023864746094,59.20000076293945,59.349998474121094,58.599998474121094,59.20000076293945,6014840,yfinance,False
2020-12-17,52.651023864746094,59.20000076293945,59.75,58.599998474121094,58.650001525878906,4143851,yfinance,False
2020-12-18,51.40589904785156,57.79999923706055,59.20000076293945,57.70000076293945,58.79999923706055,12758183,yfinance,False
2020-12-21,52.07292556762695,58.54999923706055,59.20000076293945,57.79999923706055,57.79999923706055,8452117,yfinance,False
2020-12-22,50.47205352783203,56.75,58.400001525878906,56.0,57.400001525878906,10195438,yfinance,False
2020-12-23,50.56098175048828,56.849998474121094,57.20000076293945,56.0,56.75,4619335,yfinance,False
2020-12-24,52.25080108642578,58.75,58.75,58.75,58.75,0,yfinance,False
2020-12-28,51.13908767700195,57.5,59.75,56.70000076293945,58.45000076293945,8289955,yfinance,False
2020-12-29,51.850589752197266,58.29999923706055,58.599998474121094,57.099998474121094,57.599998474121094,3238288,yfinance,False
2020-12-30,53.09571075439453,59.70000076293945,59.75,57.95000076293945,58.04999923706055,5395237,yfinance,False
2020-12-31,53.76274490356445,60.45000076293945,60.45000076293945,60.45000076293945,60.45000076293945,0,yfinance,False
2021-01-04,54.07402420043945,60.79999923706055,61.70000076293945,60.29999923706055,61.70000076293945,6295504,yfinance,False
2021-01-05,53.45145797729492,60.099998474121094,60.849998474121094,58.900001525878906,60.75,7973681,yfinance,False
2021-01-06,53.14017868041992,59.75,60.45000076293945,58.95000076293945,59.650001525878906,6348261,yfinance,False
2021-01-07,54.07402420043945,60.79999923706055,60.900001525878906,59.70000076293945,60.20000076293945,4953647,yfinance,False
2021-01-08,55.141273498535156,62.0,62.5,60.0,60.95000076293945,12423221,yfinance,False
2021-01-11,53.80721664428711,60.5,62.0,60.0,62.0,9301889,yfinance,False
2021-01-12,52.87336730957031,59.45000076293945,60.599998474121094,59.04999923706055,60.29999923706055,9114137,yfinance,False
2021-01-13,53.49592971801758,60.150001525878906,61.20000076293945,59.099998474121094,59.45000076293945,12724607,yfinance,False
2021-01-14,51.850589752197266,58.29999923706055,60.650001525878906,58.04999923706055,60.04999923706055,18531629,yfinance,False
2021-01-15,51.27248764038086,57.650001525878906,58.29999923706055,57.099998474121094,58.0,10819124,yfinance,False
2021-01-18,51.228023529052734,57.599998474121094,57.650001525878906,56.650001525878906,57.599998474121094,11480898,yfinance,False
2021-01-19,52.60655212402344,59.150001525878906,59.70000076293945,57.5,57.599998474121094,15777130,yfinance,False
2021-01-20,53.80721664428711,60.5,61.599998474121094,58.400001525878906,58.400001525878906,21405542,yfinance,False
2021-01-21,54.9189338684082,61.75,62.0,60.650001525878906,61.20000076293945,23353008,yfinance,False
2021-01-22,52.51761245727539,59.04999923706055,61.5,58.29999923706055,61.5,18576321,yfinance,False
2021-01-25,52.91782760620117,59.5,59.599998474121094,57.20000076293945,59.099998474121094,17420195,yfinance,False
2021-01-26,52.91782760620117,59.5,60.5,58.75,59.5,9851575,yfinance,False
2021-01-27,54.207427978515625,60.95000076293945,61.400001525878906,59.650001525878906,60.0,13295023,yfinance,False
2021-01-28,52.60655212402344,59.150001525878906,60.95000076293945,58.79999923706055,60.45000076293945,12902700,yfinance,False
2021-01-29,52.29527282714844,58.79999923706055,60.29999923706055,58.5,59.400001525878906,10587418,yfinance,False
2021-02-01,52.69548797607422,59.25,60.150001525878906,58.25,58.54999923706055,9119072,yfinance,False
2021-02-02,54.87446212768555,61.70000076293945,62.5,59.0,59.5,18834787,yfinance,False
2021-02-03,54.65211868286133,61.45000076293945,62.29999923706055,60.95000076293945,61.54999923706055,11116768,yfinance,False
2021-02-04,55.80830001831055,62.75,62.900001525878906,61.349998474121094,61.400001525878906,13898703,yfinance,False
2021-02-05,59.32133102416992,66.69999694824219,68.25,62.79999923706055,62.95000076293945,49201381,yfinance,False
2021-02-08,61.01115036010742,68.5999984741211,71.1500015258789,68.0,68.5,29217136,yfinance,False
2021-02-09,60.922203063964844,68.5,68.8499984741211,67.44999694824219,68.5,7437238,yfinance,False
2021-02-10,61.32243728637695,68.94999694824219,69.75,67.30000305175781,68.75,6505522,yfinance,False
2021-02-11,61.233497619628906,68.8499984741211,68.8499984741211,68.8499984741211,68.8499984741211,0,yfinance,False
2021-02-16,61.36689758300781,69.0,69.44999694824219,68.0999984741211,69.19999694824219,6659415,yfinance,False
2021-02-17,62.07840347290039,69.80000305175781,71.5,67.5,68.0,17611478,yfinance,False
2021-02-18,60.744327545166016,68.30000305175781,70.0,67.55000305175781,69.0,12421724,yfinance,False
2021-02-19,59.49920654296875,66.9000015258789,69.19999694824219,66.19999694824219,68.75,10368700,yfinance,False
2021-02-22,62.12287521362305,69.8499984741211,70.05000305175781,66.75,68.0999984741211,23098307,yfinance,False
2021-02-23,67.63700103759766,76.05000305175781,78.80000305175781,71.0,71.8499984741211,59297114,yfinance,False
2021-02-24,66.61422729492188,74.9000015258789,80.30000305175781,74.4000015258789,77.0,32217497,yfinance,False
2021-02-25,65.8582534790039,74.05000305175781,77.0,73.4000015258789,76.94999694824219,19662673,yfinance,False
2021-02-26,63.05670928955078,70.9000015258789,71.55000305175781,68.05000305175781,70.6500015258789,26285757,yfinance,False
2021-03-01,64.43524932861328,72.44999694824219,73.5,71.19999694824219,72.0,11399702,yfinance,False
2021-03-02,61.54478073120117,69.19999694824219,72.19999694824219,67.94999694824219,71.19999694824219,15132435,yfinance,False
2021-03-03,66.25846099853516,74.5,74.5,69.94999694824219,70.1500015258789,18403165,yfinance,False
2021-03-04,65.2801513671875,73.4000015258789,73.80000305175781,70.8499984741211,72.0999984741211,15967520,yfinance,False
2021-03-05,65.41356658935547,73.55000305175781,74.4000015258789,70.55000305175781,71.05000305175781,17654674,yfinance,False
2021-03-08,61.5892448425293,69.25,75.30000305175781,68.30000305175781,73.69999694824219,21065638,yfinance,False
2021-03-09,64.6131362915039,72.6500015258789,74.3499984741211,68.75,70.75,20105091,yfinance,False
2021-03-10,64.83545684814453,72.9000015258789,74.30000305175781,71.9000015258789,74.0,8426083,yfinance,False
2021-03-11,64.87992858886719,72.94999694824219,76.0,72.0,73.30000305175781,10996080,yfinance,False
2021-03-12,63.19013214111328,71.05000305175781,72.94999694824219,70.30000305175781,72.94999694824219,10953423,yfinance,False
2021-03-15,64.47970581054688,72.5,72.80000305175781,70.4000015258789,71.44999694824219,10591189,yfinance,False
2021-03-16,66.52528381347656,74.80000305175781,75.5,71.80000305175781,73.0,14165245,yfinance,False
2021-03-17,69.5936279296875,78.25,78.8499984741211,73.80000305175781,74.80000305175781,16965089,yfinance,False
2021-03-18,67.94828796386719,76.4000015258789,79.0,76.3499984741211,78.6500015258789,10923390,yfinance,False
2021-03-19,63.67927551269531,71.5999984741211,74.69999694824219,70.80000305175781,73.5999984741211,25272576,yfinance,False
2021-03-22,62.967777252197266,70.80000305175781,72.3499984741211,70.0999984741211,70.44999694824219,10426287,yfinance,False
2021-03-23,61.76711654663086,69.44999694824219,71.30000305175781,67.6500015258789,70.80000305175781,11638539,yfinance,False
2021-03-24,60.032840728759766,67.5,68.9000015258789,65.75,68.4000015258789,21147485,yfinance,False
2021-03-25,62.43415451049805,70.19999694824219,71.0,66.5,66.80000305175781,17050376,yfinance,False
2021-03-26,62.56755065917969,70.3499984741211,71.0999984741211,69.30000305175781,70.94999694824219,6352329,yfinance,False
2021-03-29,63.36800765991211,71.25,71.9000015258789,69.19999694824219,70.0,6484477,yfinance,False
2021-03-30,64.12396240234375,72.0999984741211,72.5,70.75,71.5,8766157,yfinance,False
2021-03-31,62.256282806396484,70.0,72.19999694824219,70.0,71.94999694824219,8849117,yfinance,False
2021-04-01,63.41245651245117,71.30000305175781,71.80000305175781,70.5999984741211,71.80000305175781,7865444,yfinance,False
2021-04-07,64.34630584716797,72.3499984741211,73.19999694824219,71.75,72.1500015258789,9608677,yfinance,False
2021-04-08,64.6131362915039,72.6500015258789,72.80000305175781,70.8499984741211,71.0999984741211,7453974,yfinance,False
2021-04-09,62.12287521362305,69.8499984741211,73.19999694824219,69.30000305175781,72.5,11328572,yfinance,False
2021-04-12,61.63371658325195,69.30000305175781,70.69999694824219,67.5999984741211,70.25,11352418,yfinance,False
2021-04-13,60.610931396484375,68.1500015258789,69.75,67.94999694824219,69.0,10843091,yfinance,False
2021-04-14,62.256282806396484,70.0,70.1500015258789,68.25,68.3499984741211,12561197,yfinance,False
2021-04-15,60.744327545166016,68.30000305175781,69.75,67.30000305175781,69.6500015258789,11217939,yfinance,False
2021-04-16,61.36689758300781,69.0,69.75,68.3499984741211,68.80000305175781,9396868,yfinance,False
2021-04-19,62.12287521362305,69.8499984741211,70.6500015258789,67.69999694824219,69.0,12021804,yfinance,False
2021-04-20,61.85606002807617,69.55000305175781,70.55000305175781,68.5999984741211,69.19999694824219,14473220,yfinance,False
2021-04-21,60.388587951660156,67.9000015258789,68.5,65.3499984741211,68.5,24614113,yfinance,False
2021-04-22,60.87774658203125,68.44999694824219,68.69999694824219,67.5999984741211,67.9000015258789,10631386,yfinance,False
2021-04-23,60.25518035888672,67.75,68.94999694824219,66.75,68.55000305175781,10189809,yfinance,False
2021-04-26,60.922203063964844,68.5,69.19999694824219,67.19999694824219,67.19999694824219,8422163,yfinance,False
2021-04-27,61.100093841552734,68.69999694824219,69.0,67.6500015258789,68.5,6125155,yfinance,False
2021-04-28,61.54478073120117,69.19999694824219,69.5,67.94999694824219,68.6500015258789,8817116,yfinance,False
2021-04-29,63.10118865966797,70.94999694824219,70.94999694824219,69.4000015258789,69.4000015258789,8455055,yfinance,False
2021-04-30,60.833274841308594,68.4000015258789,70.3499984741211,68.1500015258789,70.3499984741211,8834247,yfinance,False
2021-05-03,60.744327545166016,68.30000305175781,68.9000015258789,67.0,68.4000015258789,6170495,yfinance,False
2021-05-04,61.45583724975586,69.0999984741211,69.4000015258789,67.5999984741211,68.30000305175781,4007274,yfinance,False
2021-05-05,59.85497283935547,67.30000305175781,68.6500015258789,67.19999694824219,68.0,5951731,yfinance,False
2021-05-06,59.143463134765625,66.5,67.75,64.8499984741211,67.44999694824219,15031743,yfinance,False
2021-05-07,59.32133102416992,66.69999694824219,67.30000305175781,66.05000305175781,66.80000305175781,5299832,yfinance,False
2021-05-10,59.89942169189453,67.3499984741211,67.3499984741211,65.5999984741211,67.19999694824219,7138350,yfinance,False
2021-05-11,58.12067794799805,65.3499984741211,66.69999694824219,64.75,66.30000305175781,9817869,yfinance,False
2021-05-12,57.764930725097656,64.94999694824219,65.30000305175781,63.400001525878906,64.6500015258789,9094174,yfinance,False
2021-05-13,56.03064727783203,63.0,64.0,62.79999923706055,63.29999923706055,8024772,yfinance,False
2021-05-14,56.20852279663086,63.20000076293945,63.75,61.95000076293945,63.45000076293945,7590982,yfinance,False
2021-05-17,55.67490005493164,62.599998474121094,63.400001525878906,62.45000076293945,63.20000076293945,7018284,yfinance,False
2021-05-18,56.252994537353516,63.25,63.75,62.650001525878906,62.95000076293945,11223369,yfinance,False
2021-05-20,55.2302131652832,62.099998474121094,62.900001525878906,60.599998474121094,62.900001525878906,19629759,yfinance,False
2021-05-21,55.8527717590332,62.79999923706055,63.25,62.04999923706055,62.099998474121094,11748771,yfinance,False
2021-05-24,55.49702453613281,62.400001525878906,63.04999923706055,61.79999923706055,62.79999923706055,19057285,yfinance,False
2021-05-25,56.56427001953125,63.599998474121094,64.30000305175781,62.5,62.5,14667973,yfinance,False
2021-05-26,58.96559524536133,66.30000305175781,66.6500015258789,63.349998474121094,63.349998474121094,22836020,yfinance,False
2021-05-27,58.343021392822266,65.5999984741211,66.80000305175781,65.1500015258789,66.0,16546393,yfinance,False
2021-05-28,57.764930725097656,64.94999694824219,66.19999694824219,64.75,65.80000305175781,10262835,yfinance,False
2021-05-31,55.94171142578125,62.900001525878906,64.80000305175781,62.849998474121094,64.55000305175781,10568563,yfinance,False
2021-06-01,57.80939865112305,65.0,65.30000305175781,62.29999923706055,62.900001525878906,8939528,yfinance,False
2021-06-02,57.00896453857422,64.0999984741211,65.0,63.79999923706055,65.0,4012219,yfinance,False
2021-06-03,56.519805908203125,63.54999923706055,65.05000305175781,63.0,64.30000305175781,5652287,yfinance,False
2021-06-04,56.65321731567383,63.70000076293945,63.79999923706055,62.54999923706055,63.45000076293945,6536705,yfinance,False
2021-06-07,55.452552795410156,62.349998474121094,63.45000076293945,61.0,63.20000076293945,11910403,yfinance,False
2021-06-08,56.11958312988281,63.099998474121094,63.5,62.5,62.900001525878906,7042041,yfinance,False
2021-06-09,55.80830001831055,62.75,64.0,62.650001525878906,63.0,5463272,yfinance,False
2021-06-10,55.452552795410156,62.349998474121094,64.30000305175781,62.099998474121094,63.29999923706055,8116843,yfinance,False
2021-06-11,55.54148864746094,62.45000076293945,63.20000076293945,62.29999923706055,62.650001525878906,4719900,yfinance,False
2021-06-15,55.00786590576172,61.849998474121094,63.20000076293945,61.45000076293945,63.20000076293945,9214908,yfinance,False
2021-06-16,54.74105453491211,61.54999923706055,62.349998474121094,61.25,61.849998474121094,6340278,yfinance,False
2021-06-17,55.141273498535156,62.0,62.29999923706055,61.099998474121094,61.099998474121094,5397814,yfinance,False
2021-06-18,55.452552795410156,62.349998474121094,62.75,61.900001525878906,62.0,8762699,yfinance,False
2021-06-21,56.252994537353516,63.25,63.599998474121094,61.29999923706055,62.0,13187523,yfinance,False
2021-06-22,54.4742431640625,61.25,63.79999923706055,61.0,63.349998474121094,14558323,yfinance,False
2021-06-23,53.71827697753906,60.400001525878906,61.70000076293945,59.5,61.25,19141821,yfinance,False
2021-06-24,53.94062042236328,60.650001525878906,60.900001525878906,60.04999923706055,60.400001525878906,5151983,yfinance,False
2021-06-25,53.98509216308594,60.70000076293945,60.70000076293945,60.04999923706055,60.400001525878906,6502007,yfinance,False
2021-06-28,53.58486557006836,60.25,61.5,59.900001525878906,61.29999923706055,3881292,yfinance,False
2021-06-29,52.96229934692383,59.54999923706055,60.599998474121094,59.5,60.25,10511647,yfinance,False
2021-06-30,55.274681091308594,62.150001525878906,63.20000076293945,60.04999923706055,60.04999923706055,23775356,yfinance,False
2021-07-02,53.98509216308594,60.70000076293945,62.650001525878906,59.900001525878906,62.650001525878906,20888698,yfinance,False
2021-07-05,54.38530349731445,61.150001525878906,61.54999923706055,60.400001525878906,60.599998474121094,5375109,yfinance,False
2021-07-06,54.429771423339844,61.20000076293945,61.5,60.54999923706055,61.25,4229966,yfinance,False
2021-07-07,54.65211868286133,61.45000076293945,62.0,61.0,62.0,5950623,yfinance,False
2021-07-08,52.38421630859375,58.900001525878906,61.849998474121094,58.79999923706055,61.849998474121094,14786320,yfinance,False
2021-07-09,53.006771087646484,59.599998474121094,61.0,59.150001525878906,59.25,10996279,yfinance,False
2021-07-12,52.739959716796875,59.29999923706055,60.29999923706055,58.79999923706055,60.29999923706055,8789217,yfinance,False
2021-07-13,52.87336730957031,59.45000076293945,60.20000076293945,59.0,59.650001525878906,10081180,yfinance,False
2021-07-14,52.29527282714844,58.79999923706055,59.79999923706055,58.25,59.45000076293945,10833381,yfinance,False
2021-07-15,52.51761245727539,59.04999923706055,59.25,58.099998474121094,58.79999923706055,5423904,yfinance,False
2021-07-16,52.20633316040039,58.70000076293945,59.0,58.150001525878906,59.0,5896114,yfinance,False
2021-07-19,51.27248764038086,57.650001525878906,59.0,57.400001525878906,58.349998474121094,6907156,yfinance,False
2021-07-20,49.62714385986328,55.79999923706055,57.650001525878906,55.79999923706055,57.650001525878906,11715906,yfinance,False
2021-07-21,49.67161560058594,55.849998474121094,56.849998474121094,55.0,56.45000076293945,12236538,yfinance,False
2021-07-22,52.11739730834961,58.599998474121094,58.900001525878906,56.29999923706055,56.29999923706055,11467153,yfinance,False
2021-07-23,50.73885726928711,57.04999923706055,58.599998474121094,56.75,58.599998474121094,5223018,yfinance,False
2021-07-26,48.33755111694336,54.349998474121094,56.0,53.900001525878906,56.0,19230830,yfinance,False
2021-07-27,47.13689422607422,53.0,55.29999923706055,51.75,54.70000076293945,16875425,yfinance,False
2021-07-28,47.403709411621094,53.29999923706055,54.400001525878906,52.29999923706055,54.0,14189140,yfinance,False
2021-07-29,46.69221115112305,52.5,55.0,50.79999923706055,55.0,20330730,yfinance,False
2021-07-30,46.87008285522461,52.70000076293945,52.79999923706055,50.349998474121094,51.5,18661893,yfinance,False
2021-08-02,46.11410903930664,51.849998474121094,52.70000076293945,50.900001525878906,52.70000076293945,15503237,yfinance,False
2021-08-03,44.468772888183594,50.0,51.70000076293945,49.75,51.5,25620970,yfinance,False
2021-08-04,41.57829666137695,46.75,48.75,45.70000076293945,48.29999923706055,52011374,yfinance,False
2021-08-05,42.55660629272461,47.849998474121094,48.349998474121094,46.150001525878906,46.75,35600972,yfinance,False
2021-08-06,42.512142181396484,47.79999923706055,48.25,46.599998474121094,48.20000076293945,8640015,yfinance,False
2021-08-09,42.778953552246094,48.099998474121094,49.25,47.400001525878906,47.900001525878906,11728542,yfinance,False
2021-08-10,43.712799072265625,49.150001525878906,49.29999923706055,47.5,48.45000076293945,13970431,yfinance,False
2021-08-11,43.401519775390625,48.79999923706055,49.70000076293945,48.45000076293945,49.54999923706055,12227890,yfinance,False
2021-08-12,43.80173873901367,49.25,50.25,48.25,49.0,10785302,yfinance,False
2021-08-13,43.57939910888672,49.0,49.75,48.54999923706055,49.25,10186710,yfinance,False
2021-08-16,43.712799072265625,49.150001525878906,49.70000076293945,48.650001525878906,49.0,7596405,yfinance,False
2021-08-17,42.33426284790039,47.599998474121094,49.45000076293945,47.349998474121094,49.150001525878906,9479954,yfinance,False
2021-08-18,42.512142181396484,47.79999923706055,48.0,46.650001525878906,47.25,7276350,yfinance,False
2021-08-19,41.667232513427734,46.849998474121094,47.79999923706055,46.75,47.79999923706055,6746260,yfinance,False
2021-08-20,39.399330139160156,44.29999923706055,47.0,43.599998474121094,46.79999923706055,24615630,yfinance,False
2021-08-23,38.99910354614258,43.849998474121094,44.349998474121094,43.20000076293945,44.20000076293945,17576338,yfinance,False
2021-08-24,42.46767044067383,47.75,47.75,44.849998474121094,44.95000076293945,24795379,yfinance,False
2021-08-25,43.045772552490234,48.400001525878906,49.20000076293945,47.20000076293945,47.900001525878906,11620189,yfinance,False
2021-08-26,43.75727081298828,49.20000076293945,49.79999923706055,48.400001525878906,49.0,12437004,yfinance,False
2021-08-27,42.95683288574219,48.29999923706055,49.20000076293945,48.099998474121094,49.20000076293945,11723396,yfinance,False
2021-08-30,44.69110870361328,50.25,50.599998474121094,48.29999923706055,48.599998474121094,15549065,yfinance,False
2021-08-31,44.33536148071289,49.849998474121094,50.79999923706055,49.25,50.599998474121094,12526240,yfinance,False
2021-09-01,45.224735260009766,50.849998474121094,51.349998474121094,49.95000076293945,50.79999923706055,9309308,yfinance,False
2021-09-02,45.802833557128906,51.5,52.54999923706055,51.150001525878906,51.5,8707756,yfinance,False
2021-09-03,45.0468635559082,50.650001525878906,51.29999923706055,50.400001525878906,50.900001525878906,8875062,yfinance,False
2021-09-06,45.224735260009766,50.849998474121094,52.0,50.70000076293945,51.0,5827476,yfinance,False
2021-09-07,45.758365631103516,51.45000076293945,51.95000076293945,50.29999923706055,50.849998474121094,8891221,yfinance,False
2021-09-08,48.026275634765625,54.0,54.650001525878906,51.70000076293945,51.70000076293945,25333661,yfinance,False
2021-09-09,47.35923767089844,53.25,54.20000076293945,52.75,54.0,14259915,yfinance,False
2021-09-10,46.87008285522461,52.70000076293945,53.5,52.349998474121094,53.45000076293945,10287117,yfinance,False
2021-09-13,44.468772888183594,50.0,52.099998474121094,49.099998474121094,52.099998474121094,19657145,yfinance,False
2021-09-14,43.53492736816406,48.95000076293945,50.5,48.79999923706055,50.0,10968046,yfinance,False
2021-09-15,34.81904602050781,39.150001525878906,45.0,39.099998474121094,44.0,164950117,yfinance,False
2021-09-16,34.774574279785156,39.099998474121094,40.900001525878906,38.29999923706055,40.0,80378286,yfinance,False
2021-09-17,35.70841979980469,40.150001525878906,40.400001525878906,38.79999923706055,39.099998474121094,36970556,yfinance,False
2021-09-20,35.886295318603516,40.349998474121094,40.400001525878906,39.5,40.0,31465334,yfinance,False
2021-09-21,37.13141632080078,41.75,42.0,39.54999923706055,39.54999923706055,23595481,yfinance,False
2021-09-23,37.353763580322266,42.0,42.54999923706055,41.099998474121094,41.95000076293945,21719050,yfinance,False
2021-09-24,35.797359466552734,40.25,42.849998474121094,40.0,42.150001525878906,17780533,yfinance,False
2021-09-27,34.50776290893555,38.79999923706055,39.599998474121094,38.599998474121094,39.349998474121094,25690748,yfinance,False
2021-09-28,34.774574279785156,39.099998474121094,40.099998474121094,38.79999923706055,39.150001525878906,17441423,yfinance,False
2021-09-29,34.95245361328125,39.29999923706055,39.70000076293945,38.599998474121094,38.900001525878906,14562098,yfinance,False
2021-09-30,35.575016021728516,40.0,40.29999923706055,39.400001525878906,39.599998474121094,13722335,yfinance,False
2021-10-04,35.263729095458984,39.650001525878906,40.29999923706055,39.04999923706055,40.0,14354271,yfinance,False
2021-10-05,34.50776290893555,38.79999923706055,39.5,38.54999923706055,39.099998474121094,10832835,yfinance,False
2021-10-06,34.774574279785156,39.099998474121094,39.29999923706055,38.75,39.0,8347440,yfinance,False
2021-10-07,35.39714050292969,39.79999923706055,39.95000076293945,39.099998474121094,39.349998474121094,7925257,yfinance,False
2021-10-08,35.53054428100586,39.95000076293945,40.70000076293945,39.400001525878906,40.20000076293945,9343163,yfinance,False
2021-10-11,35.886295318603516,40.349998474121094,40.75,40.099998474121094,40.349998474121094,9553521,yfinance,False
2021-10-12,36.419921875,40.95000076293945,41.20000076293945,39.650001525878906,40.04999923706055,11822417,yfinance,False
2021-10-15,35.44160461425781,39.849998474121094,41.25,39.54999923706055,41.20000076293945,21735045,yfinance,False
2021-10-18,36.64226531982422,41.20000076293945,41.5,39.849998474121094,39.849998474121094,14808153,yfinance,False
2021-10-19,36.64226531982422,41.20000076293945,41.5,40.599998474121094,41.29999923706055,8623339,yfinance,False
2021-10-20,37.842918395996094,42.54999923706055,42.79999923706055,41.5,42.0,18734798,yfinance,False
2021-10-21,37.531639099121094,42.20000076293945,42.70000076293945,41.79999923706055,42.54999923706055,9993608,yfinance,False
2021-10-22,37.79845428466797,42.5,42.650001525878906,41.70000076293945,42.20000076293945,5921443,yfinance,False
2021-10-25,37.26483154296875,41.900001525878906,42.25,41.599998474121094,42.0,7811016,yfinance,False
2021-10-26,37.842918395996094,42.54999923706055,43.400001525878906,41.79999923706055,41.95000076293945,10531775,yfinance,False
2021-10-27,37.353763580322266,42.0,42.29999923706055,41.54999923706055,42.29999923706055,4749053,yfinance,False
2021-10-28,37.22035217285156,41.849998474121094,42.29999923706055,41.349998474121094,42.0,7750585,yfinance,False
2021-10-29,37.44269943237305,42.099998474121094,42.599998474121094,41.849998474121094,41.95000076293945,8122940,yfinance,False
2021-11-01,37.08695602416992,41.70000076293945,42.79999923706055,41.400001525878906,42.099998474121094,8699851,yfinance,False
2021-11-02,36.998016357421875,41.599998474121094,42.45000076293945,40.70000076293945,42.45000076293945,9426736,yfinance,False
2021-11-03,36.90907287597656,41.5,42.099998474121094,40.70000076293945,41.54999923706055,6676184,yfinance,False
2021-11-04,37.13141632080078,41.75,41.849998474121094,41.04999923706055,41.5,6545501,yfinance,False
2021-11-05,37.309295654296875,41.95000076293945,42.29999923706055,40.900001525878906,41.75,10501677,yfinance,False
2021-11-08,39.17698287963867,44.04999923706055,45.0,43.79999923706055,44.04999923706055,28886865,yfinance,False
2021-11-09,39.17698287963867,44.04999923706055,44.400001525878906,43.150001525878906,44.150001525878906,12712421,yfinance,False
2021-11-10,39.0435791015625,43.900001525878906,44.5,43.20000076293945,44.45000076293945,11587117,yfinance,False
2021-11-11,39.48826599121094,44.400001525878906,44.45000076293945,43.79999923706055,43.900001525878906,9883993,yfinance,False
2021-11-12,39.17698287963867,44.04999923706055,44.95000076293945,43.599998474121094,44.79999923706055,12677831,yfinance,False
2021-11-15,39.35486602783203,44.25,44.400001525878906,43.75,44.04999923706055,7343284,yfinance,False
2021-11-16,41.35595703125,46.5,47.5,44.29999923706055,44.5,29970396,yfinance,False
2021-11-17,40.822330474853516,45.900001525878906,46.150001525878906,44.79999923706055,46.150001525878906,15439875,yfinance,False
2021-11-18,40.73339080810547,45.79999923706055,46.099998474121094,44.900001525878906,45.29999923706055,8163812,yfinance,False
2021-11-19,41.133609771728516,46.25,46.70000076293945,45.650001525878906,45.79999923706055,9540693,yfinance,False
2021-11-22,42.55660629272461,47.849998474121094,48.650001525878906,46.099998474121094,46.45000076293945,19641456,yfinance,False
2021-11-23,42.645545959472656,47.95000076293945,48.349998474121094,47.45000076293945,47.849998474121094,13397788,yfinance,False
2021-11-24,43.445987701416016,48.849998474121094,49.29999923706055,47.5,47.95000076293945,18211753,yfinance,False
2021-11-25,44.024078369140625,49.5,50.25,48.95000076293945,49.0,15174985,yfinance,False
2021-11-26,41.044677734375,46.150001525878906,48.75,46.0,48.70000076293945,24763715,yfinance,False
2021-11-29,38.82123565673828,43.650001525878906,44.099998474121094,42.099998474121094,42.599998474121094,37843869,yfinance,False
2021-11-30,37.931861877441406,42.650001525878906,44.25,42.150001525878906,43.54999923706055,23246440,yfinance,False
2021-12-01,36.82014083862305,41.400001525878906,42.5,40.79999923706055,42.400001525878906,24253704,yfinance,False
2021-12-02,37.88739013671875,42.599998474121094,42.70000076293945,40.20000076293945,40.5,15628436,yfinance,False
2021-12-03,37.75398635864258,42.45000076293945,43.54999923706055,41.849998474121094,42.150001525878906,20172690,yfinance,False
2021-12-06,36.86460494995117,41.45000076293945,42.70000076293945,41.20000076293945,42.0,8958460,yfinance,False
2021-12-07,38.109737396240234,42.849998474121094,42.95000076293945,41.650001525878906,42.25,12234519,yfinance,False
2021-12-08,38.421024322509766,43.20000076293945,43.349998474121094,42.5,42.900001525878906,6892124,yfinance,False
2021-12-09,38.33207702636719,43.099998474121094,43.45000076293945,42.5,43.099998474121094,8788801,yfinance,False
2021-12-10,37.22035217285156,41.849998474121094,42.900001525878906,41.5,42.900001525878906,9666292,yfinance,False
2021-12-13,36.46438980102539,41.0,42.150001525878906,40.79999923706055,42.150001525878906,10758503,yfinance,False
2021-12-14,35.219261169433594,39.599998474121094,40.75,39.29999923706055,40.599998474121094,17272629,yfinance,False
2021-12-15,35.53054428100586,39.95000076293945,40.70000076293945,39.54999923706055,39.650001525878906,7509750,yfinance,False
2021-12-16,35.75289535522461,40.20000076293945,40.45000076293945,39.5,39.900001525878906,4910593,yfinance,False
2021-12-17,34.774574279785156,39.099998474121094,40.349998474121094,38.900001525878906,40.349998474121094,11432352,yfinance,False
2021-12-20,34.1075439453125,38.349998474121094,39.349998474121094,38.25,38.900001525878906,6945045,yfinance,False
2021-12-21,34.374359130859375,38.650001525878906,39.20000076293945,38.0,38.20000076293945,8688408,yfinance,False
2021-12-22,35.30820083618164,39.70000076293945,40.099998474121094,39.099998474121094,39.20000076293945,7792782,yfinance,False
2021-12-23,35.75289535522461,40.20000076293945,40.599998474121094,39.79999923706055,40.0,4737447,yfinance,False
2021-12-24,36.50885772705078,41.04999923706055,41.95000076293945,40.5,41.5,7451132,yfinance,False
2021-12-28,35.53054428100586,39.95000076293945,40.599998474121094,39.04999923706055,40.599998474121094,10177321,yfinance,False
2021-12-29,35.35266876220703,39.75,40.25,39.5,39.900001525878906,3492699,yfinance,False
2021-12-30,35.486080169677734,39.900001525878906,40.099998474121094,39.54999923706055,39.70000076293945,3370261,yfinance,False
2021-12-31,35.93077087402344,40.400001525878906,40.75,39.900001525878906,40.04999923706055,3830574,yfinance,False
2022-01-03,35.97523498535156,40.45000076293945,41.400001525878906,40.29999923706055,40.75,5354317,yfinance,False
2022-01-04,36.68673324584961,41.25,42.04999923706055,40.5,40.650001525878906,9629444,yfinance,False
2022-01-05,34.95245361328125,39.29999923706055,41.54999923706055,39.099998474121094,41.25,13972298,yfinance,False
2022-01-06,36.064170837402344,40.54999923706055,40.650001525878906,39.20000076293945,39.29999923706055,9698562,yfinance,False
2022-01-07,35.886295318603516,40.349998474121094,40.79999923706055,39.95000076293945,40.54999923706055,4731143,yfinance,False
2022-01-10,36.064170837402344,40.54999923706055,41.150001525878906,39.79999923706055,40.349998474121094,4703147,yfinance,False
2022-01-11,36.375457763671875,40.900001525878906,41.0,40.0,40.04999923706055,9453081,yfinance,False
2022-01-12,37.1758918762207,41.79999923706055,42.349998474121094,41.150001525878906,41.25,18161937,yfinance,False
2022-01-13,36.153106689453125,40.650001525878906,42.20000076293945,40.25,42.099998474121094,9564344,yfinance,False
2022-01-14,37.39822769165039,42.04999923706055,42.400001525878906,40.0,40.45000076293945,13530931,yfinance,False
2022-01-17,40.02189254760742,45.0,46.5,44.54999923706055,46.5,50219030,yfinance,False
2022-01-18,39.48826599121094,44.400001525878906,45.25,43.849998474121094,45.04999923706055,20281488,yfinance,False
2022-01-19,39.57720184326172,44.5,44.79999923706055,44.0,44.20000076293945,9624321,yfinance,False
2022-01-20,40.46657943725586,45.5,45.54999923706055,44.79999923706055,44.900001525878906,22055897,yfinance,False
2022-01-21,41.133609771728516,46.25,48.150001525878906,45.04999923706055,45.5,19471584,yfinance,False
2022-01-24,40.866798400878906,45.95000076293945,46.900001525878906,45.25,45.5,12043095,yfinance,False
2022-01-25,40.73339080810547,45.79999923706055,45.849998474121094,44.900001525878906,45.25,8512352,yfinance,False
2022-01-26,40.822330474853516,45.900001525878906,46.349998474121094,45.25,45.75,10883066,yfinance,False
2022-01-27,40.91126251220703,46.0,46.099998474121094,45.29999923706055,45.900001525878906,8482352,yfinance,False
2022-01-28,40.688926696777344,45.75,47.150001525878906,45.70000076293945,45.900001525878906,11548493,yfinance,False
2022-01-31,39.93295669555664,44.900001525878906,44.900001525878906,44.900001525878906,44.900001525878906,0,yfinance,False
2022-02-04,40.91126251220703,46.0,46.25,44.29999923706055,45.5,8113943,yfinance,False
2022-02-07,41.26702117919922,46.400001525878906,47.0,46.0,46.0,5808585,yfinance,False
2022-02-08,41.71171188354492,46.900001525878906,47.29999923706055,46.20000076293945,46.29999923706055,8375701,yfinance,False
2022-02-09,41.93404769897461,47.150001525878906,47.599998474121094,46.849998474121094,47.45000076293945,5864608,yfinance,False
2022-02-10,41.93404769897461,47.150001525878906,47.5,46.29999923706055,46.849998474121094,5580461,yfinance,False
2022-02-11,41.40042495727539,46.54999923706055,47.0,45.849998474121094,46.54999923706055,7033051,yfinance,False
2022-02-14,40.688926696777344,45.75,46.70000076293945,45.099998474121094,46.099998474121094,5583487,yfinance,False
2022-02-15,40.866798400878906,45.95000076293945,46.45000076293945,45.29999923706055,45.75,7729950,yfinance,False
2022-02-16,43.045772552490234,48.400001525878906,49.400001525878906,46.599998474121094,47.0,20801962,yfinance,False
2022-02-17,43.00129318237305,48.349998474121094,48.75,47.5,48.25,11225588,yfinance,False
2022-02-18,43.26811218261719,48.650001525878906,49.349998474121094,47.95000076293945,48.349998474121094,13596172,yfinance,False
2022-02-21,42.55660629272461,47.849998474121094,48.29999923706055,46.599998474121094,48.29999923706055,7839705,yfinance,False
2022-02-22,41.00020980834961,46.099998474121094,47.20000076293945,45.75,47.0,10166561,yfinance,False
2022-02-23,42.245330810546875,47.5,48.099998474121094,44.849998474121094,46.099998474121094,19110535,yfinance,False
2022-02-24,41.48936462402344,46.650001525878906,48.0,46.099998474121094,47.0,21219108,yfinance,False
2022-02-25,40.42210388183594,45.45000076293945,46.900001525878906,45.04999923706055,46.29999923706055,12382029,yfinance,False
2022-02-28,38.64336013793945,43.45000076293945,45.54999923706055,42.54999923706055,45.400001525878906,17774147,yfinance,False
2022-03-01,39.57720184326172,44.5,44.849998474121094,43.0,43.400001525878906,9348391,yfinance,False
2022-03-02,39.17698287963867,44.04999923706055,44.900001525878906,43.54999923706055,44.5,7910990,yfinance,False
2022-03-03,39.79954528808594,44.75,46.20000076293945,44.599998474121094,46.20000076293945,10747439,yfinance,False
2022-03-04,37.48717498779297,42.150001525878906,44.099998474121094,42.0,43.5,17331638,yfinance,False
2022-03-07,35.44160461425781,39.849998474121094,41.400001525878906,39.349998474121094,41.04999923706055,24364889,yfinance,False
2022-03-08,35.53054428100586,39.95000076293945,40.45000076293945,39.29999923706055,40.0,11036683,yfinance,False
2022-03-09,36.33098602294922,40.849998474121094,41.349998474121094,39.75,40.349998474121094,20083173,yfinance,False
2022-03-10,37.042484283447266,41.650001525878906,42.099998474121094,41.150001525878906,42.099998474121094,10530144,yfinance,False
2022-03-11,36.50885772705078,41.04999923706055,41.599998474121094,40.099998474121094,40.849998474121094,13241569,yfinance,False
2022-03-14,34.685638427734375,39.0,40.0,38.650001525878906,39.95000076293945,31246782,yfinance,False
2022-03-15,30.72791862487793,34.54999923706055,38.0,34.25,37.79999923706055,48408881,yfinance,False
2022-03-16,35.08585739135742,39.45000076293945,39.79999923706055,35.75,36.0,38524911,yfinance,False
2022-03-17,38.33207702636719,43.099998474121094,43.150001525878906,41.0,42.0,26581528,yfinance,False
2022-03-18,39.57720184326172,44.5,45.349998474121094,42.5,42.5,17591004,yfinance,False
2022-03-21,39.532737731933594,44.45000076293945,45.5,43.95000076293945,45.5,11059905,yfinance,False
2022-03-22,40.244232177734375,45.25,45.45000076293945,43.5,44.29999923706055,8279235,yfinance,False
2022-03-23,40.95573806762695,46.04999923706055,46.650001525878906,45.25,45.25,14456049,yfinance,False
2022-03-24,41.311492919921875,46.45000076293945,46.54999923706055,45.5,45.95000076293945,12374517,yfinance,False
2022-03-25,41.2667350769043,46.099998474121094,47.20000076293945,46.0,46.0,19371751,yfinance,False
2022-03-28,40.86391067504883,45.650001525878906,46.0,44.349998474121094,46.0,13543282,yfinance,False
2022-03-29,41.311492919921875,46.150001525878906,46.599998474121094,45.25,45.849998474121094,9438787,yfinance,False
2022-03-30,42.51995086669922,47.5,47.75,46.25,46.5,16778736,yfinance,False
2022-03-31,42.07237243652344,47.0,47.400001525878906,46.400001525878906,47.0,9818544,yfinance,False
2022-04-01,42.07237243652344,47.0,47.099998474121094,46.400001525878906,46.45000076293945,8424521,yfinance,False
2022-04-04,42.11712646484375,47.04999923706055,47.5,46.45000076293945,47.0,11396662,yfinance,False
2022-04-06,41.58003616333008,46.45000076293945,47.04999923706055,45.79999923706055,47.04999923706055,9688208,yfinance,False
2022-04-07,41.17721176147461,46.0,46.45000076293945,45.79999923706055,46.20000076293945,16275949,yfinance,False
2022-04-08,40.95342254638672,45.75,46.099998474121094,45.349998474121094,45.650001525878906,9904195,yfinance,False
2022-04-11,39.834476470947266,44.5,45.70000076293945,44.400001525878906,45.25,20660843,yfinance,False
2022-04-12,40.550601959228516,45.29999923706055,46.5,43.54999923706055,44.5,15143586,yfinance,False
2022-04-13,40.72964096069336,45.5,46.45000076293945,45.0,45.349998474121094,4247699,yfinance,False
2022-04-14,41.311492919921875,46.150001525878906,46.5,45.349998474121094,45.400001525878906,6280474,yfinance,False
2022-04-19,40.72964096069336,45.5,45.900001525878906,44.650001525878906,45.25,6306377,yfinance,False
2022-04-20,42.07237243652344,47.0,48.20000076293945,45.45000076293945,45.5,11574367,yfinance,False
2022-04-21,40.95342254638672,45.75,47.20000076293945,45.54999923706055,47.0,8917321,yfinance,False
2022-04-22,39.56593704223633,44.20000076293945,45.29999923706055,43.650001525878906,45.29999923706055,18015282,yfinance,False
2022-04-25,38.670780181884766,43.20000076293945,43.900001525878906,42.54999923706055,43.5,13565933,yfinance,False
2022-04-26,39.52117156982422,44.150001525878906,44.599998474121094,43.349998474121094,43.349998474121094,12789775,yfinance,False
2022-04-27,40.103023529052734,44.79999923706055,45.20000076293945,43.29999923706055,43.650001525878906,17917550,yfinance,False
2022-04-28,40.50584411621094,45.25,45.400001525878906,44.29999923706055,44.45000076293945,12008470,yfinance,False
2022-04-29,40.81915283203125,45.599998474121094,47.04999923706055,44.95000076293945,45.25,16070980,yfinance,False
2022-05-03,41.35624313354492,46.20000076293945,46.599998474121094,45.400001525878906,45.599998474121094,12315439,yfinance,False
2022-05-04,40.99817657470703,45.79999923706055,46.70000076293945,45.29999923706055,46.20000076293945,6067609,yfinance,False
2022-05-05,40.461090087890625,45.20000076293945,46.54999923706055,45.20000076293945,45.75,6574672,yfinance,False
2022-05-06,38.58125686645508,43.099998474121094,44.900001525878906,43.0,44.900001525878906,11431413,yfinance,False
2022-05-10,37.14900207519531,41.5,41.95000076293945,40.70000076293945,41.79999923706055,11350873,yfinance,False
2022-05-11,37.6413459777832,42.04999923706055,42.650001525878906,40.70000076293945,41.5,8379858,yfinance,False
2022-05-12,36.43288040161133,40.70000076293945,41.95000076293945,40.5,41.79999923706055,6850230,yfinance,False
2022-05-13,37.193763732910156,41.54999923706055,41.849998474121094,40.5,40.70000076293945,10499905,yfinance,False
2022-05-16,37.41755676269531,41.79999923706055,43.95000076293945,41.599998474121094,43.04999923706055,14298720,yfinance,False
2022-05-17,37.77561950683594,42.20000076293945,42.75,41.95000076293945,42.04999923706055,13173063,yfinance,False
2022-05-18,37.820377349853516,42.25,42.400001525878906,41.79999923706055,42.349998474121094,7164279,yfinance,False
2022-05-19,36.65666961669922,40.95000076293945,41.54999923706055,40.75,41.400001525878906,7475506,yfinance,False
2022-05-20,37.37279510498047,41.75,42.20000076293945,41.349998474121094,42.0,8618843,yfinance,False
2022-05-23,36.79094314575195,41.099998474121094,42.04999923706055,40.849998474121094,42.04999923706055,7222015,yfinance,False
2022-05-24,34.86635971069336,38.95000076293945,41.099998474121094,38.79999923706055,41.099998474121094,19950979,yfinance,False
2022-05-25,34.911109924316406,39.0,39.650001525878906,38.70000076293945,39.0,8333131,yfinance,False
2022-05-26,35.35868835449219,39.5,39.599998474121094,38.95000076293945,39.099998474121094,5521084,yfinance,False
2022-05-27,36.61191177368164,40.900001525878906,41.349998474121094,40.25,40.25,10021086,yfinance,False
2022-05-30,37.193763732910156,41.54999923706055,41.70000076293945,40.75,40.75,13651850,yfinance,False
2022-05-31,37.462310791015625,41.849998474121094,42.20000076293945,41.349998474121094,41.54999923706055,11070484,yfinance,False
2022-06-01,37.14900207519531,41.5,41.75,40.79999923706055,41.599998474121094,6001903,yfinance,False
2022-06-02,36.969974517822266,41.29999923706055,41.70000076293945,41.04999923706055,41.349998474121094,4457601,yfinance,False
2022-06-06,37.90988540649414,42.349998474121094,42.599998474121094,41.29999923706055,41.75,15488956,yfinance,False
2022-06-07,37.730865478515625,42.150001525878906,42.349998474121094,41.5,41.75,8105104,yfinance,False
2022-06-08,39.879234313964844,44.54999923706055,44.79999923706055,42.25,42.599998474121094,20258589,yfinance,False
2022-06-09,39.38690185546875,44.0,44.95000076293945,43.79999923706055,44.400001525878906,14643548,yfinance,False
2022-06-10,39.02883529663086,43.599998474121094,44.0,42.900001525878906,43.29999923706055,15974947,yfinance,False
2022-06-13,37.14900207519531,41.5,42.70000076293945,41.45000076293945,42.5,9446614,yfinance,False
2022-06-14,36.92522048950195,41.25,41.45000076293945,40.400001525878906,41.45000076293945,6770914,yfinance,False
2022-06-15,36.8357048034668,41.150001525878906,41.70000076293945,40.849998474121094,41.0,6894967,yfinance,False
2022-06-16,36.7014274597168,41.0,42.25,40.650001525878906,41.599998474121094,5939997,yfinance,False
2022-06-17,36.52239990234375,40.79999923706055,41.04999923706055,40.29999923706055,40.70000076293945,5542678,yfinance,False
2022-06-20,36.16434097290039,40.400001525878906,40.79999923706055,38.54999923706055,39.849998474121094,12235835,yfinance,False
2022-06-21,36.74618148803711,41.04999923706055,41.849998474121094,40.04999923706055,40.29999923706055,6836470,yfinance,False
2022-06-22,36.20909118652344,40.45000076293945,41.54999923706055,40.45000076293945,40.79999923706055,6377294,yfinance,False
2022-06-23,36.47764205932617,40.75,41.150001525878906,40.04999923706055,40.45000076293945,13885511,yfinance,False
2022-06-24,37.59658432006836,42.0,42.099998474121094,40.650001525878906,40.75,9614813,yfinance,False
2022-06-27,39.61069107055664,44.25,44.45000076293945,42.400001525878906,42.45000076293945,17034636,yfinance,False
2022-06-28,42.743736267089844,47.75,48.0,43.150001525878906,44.25,39192013,yfinance,False
2022-06-29,42.29616165161133,47.25,48.0,46.400001525878906,46.400001525878906,21187026,yfinance,False
2022-06-30,41.89333724975586,46.79999923706055,47.20000076293945,46.25,46.45000076293945,9057831,yfinance,False
2022-07-04,41.6695556640625,46.54999923706055,46.900001525878906,44.79999923706055,46.79999923706055,10398174,yfinance,False
2022-07-05,41.5352783203125,46.400001525878906,47.20000076293945,46.099998474121094,47.150001525878906,4600535,yfinance,False
2022-07-06,40.95342254638672,45.75,47.0,45.20000076293945,46.54999923706055,10550690,yfinance,False
2022-07-07,42.20664978027344,47.150001525878906,47.599998474121094,45.45000076293945,45.75,9786761,yfinance,False
2022-07-08,42.65422439575195,47.650001525878906,48.04999923706055,47.0,48.0,7697358,yfinance,False
2022-07-11,40.550601959228516,45.29999923706055,46.25,44.099998474121094,46.25,11397306,yfinance,False
2022-07-12,39.92399978637695,44.599998474121094,45.5,44.150001525878906,45.29999923706055,5545659,yfinance,False
2022-07-13,40.50584411621094,45.25,45.75,44.75,44.79999923706055,4095662,yfinance,False
2022-07-14,40.81915283203125,45.599998474121094,45.79999923706055,44.79999923706055,45.099998474121094,3483707,yfinance,False
2022-07-15,40.461090087890625,45.20000076293945,46.25,44.70000076293945,46.150001525878906,5189031,yfinance,False
2022-07-18,40.99817657470703,45.79999923706055,46.20000076293945,45.150001525878906,45.900001525878906,3422077,yfinance,False
2022-07-19,40.37157440185547,45.099998474121094,45.599998474121094,44.349998474121094,45.25,9238485,yfinance,False
2022-07-20,40.99817657470703,45.79999923706055,45.95000076293945,45.150001525878906,45.349998474121094,6355082,yfinance,False
2022-07-21,39.74496078491211,44.400001525878906,46.099998474121094,44.20000076293945,45.79999923706055,7853000,yfinance,False
2022-07-22,40.192543029785156,44.900001525878906,45.20000076293945,44.400001525878906,44.5,6082711,yfinance,False
2022-07-25,40.81915283203125,45.599998474121094,45.849998474121094,44.54999923706055,44.54999923706055,5336109,yfinance,False
2022-07-26,41.58003616333008,46.45000076293945,46.599998474121094,45.5,45.599998474121094,8564392,yfinance,False
2022-07-27,40.86391067504883,45.650001525878906,46.29999923706055,44.95000076293945,46.099998474121094,3390988,yfinance,False
2022-07-28,42.4304313659668,47.400001525878906,47.400001525878906,45.5,46.0,12362040,yfinance,False
2022-07-29,41.8038215637207,46.70000076293945,47.70000076293945,46.25,47.150001525878906,9467808,yfinance,False
2022-08-01,41.445762634277344,46.29999923706055,47.25,46.0,47.20000076293945,4710143,yfinance,False
2022-08-02,41.1324577331543,45.95000076293945,46.150001525878906,44.70000076293945,45.5,7417481,yfinance,False
2022-08-03,41.624794006347656,46.5,47.70000076293945,45.95000076293945,46.650001525878906,5858601,yfinance,False
2022-08-04,41.98286056518555,46.900001525878906,47.0,46.20000076293945,46.599998474121094,3933627,yfinance,False
2022-08-05,42.11712646484375,47.04999923706055,47.650001525878906,46.650001525878906,46.900001525878906,3319869,yfinance,False
2022-08-08,41.8038215637207,46.70000076293945,47.150001525878906,46.150001525878906,47.04999923706055,3654872,yfinance,False
2022-08-09,42.251399993896484,47.20000076293945,47.79999923706055,46.45000076293945,46.54999923706055,6145937,yfinance,False
2022-08-10,41.58003616333008,46.45000076293945,47.349998474121094,46.099998474121094,47.349998474121094,3533783,yfinance,False
2022-08-11,42.251399993896484,47.20000076293945,47.45000076293945,46.5,47.20000076293945,5471988,yfinance,False
2022-08-12,42.65422439575195,47.650001525878906,47.79999923706055,47.04999923706055,47.650001525878906,6187868,yfinance,False
2022-08-15,42.385677337646484,47.349998474121094,48.29999923706055,47.25,47.5,4384052,yfinance,False
2022-08-16,42.07237243652344,47.0,47.70000076293945,46.5,47.45000076293945,4777709,yfinance,False
2022-08-17,42.29616165161133,47.25,47.79999923706055,47.099998474121094,47.45000076293945,2758907,yfinance,False
2022-08-18,41.400997161865234,46.25,47.45000076293945,45.75,47.45000076293945,4117513,yfinance,False
2022-08-19,41.1324577331543,45.95000076293945,46.54999923706055,45.599998474121094,45.75,5497714,yfinance,False
2022-08-22,40.81915283203125,45.599998474121094,45.79999923706055,44.900001525878906,45.650001525878906,4129679,yfinance,False
2022-08-23,39.70020294189453,44.349998474121094,45.599998474121094,43.0,45.599998474121094,11634637,yfinance,False
2022-08-24,38.9393196105957,43.5,44.349998474121094,43.099998474121094,44.349998474121094,6121977,yfinance,False
2022-08-25,39.43165588378906,44.04999923706055,44.29999923706055,43.04999923706055,43.5,4926939,yfinance,False
2022-08-26,39.61069107055664,44.25,45.04999923706055,44.099998474121094,44.29999923706055,7344775,yfinance,False
2022-08-29,39.342140197753906,43.95000076293945,44.099998474121094,43.099998474121094,43.400001525878906,6222322,yfinance,False
2022-08-30,39.16311264038086,43.75,44.29999923706055,43.150001525878906,44.099998474121094,4845842,yfinance,False
2022-08-31,39.476417541503906,44.099998474121094,44.45000076293945,43.0,43.0,7193615,yfinance,False
2022-09-01,38.49174118041992,43.0,43.650001525878906,42.650001525878906,43.45000076293945,6630047,yfinance,False
2022-09-02,38.536502838134766,43.04999923706055,43.54999923706055,42.400001525878906,42.45000076293945,3856175,yfinance,False
2022-09-05,37.730865478515625,42.150001525878906,42.95000076293945,41.849998474121094,42.95000076293945,5183375,yfinance,False
2022-09-06,37.90988540649414,42.349998474121094,42.79999923706055,42.04999923706055,42.400001525878906,2592688,yfinance,False
2022-09-07,37.05949020385742,41.400001525878906,41.75,40.849998474121094,41.5,8013438,yfinance,False
2022-09-08,37.104248046875,41.45000076293945,42.20000076293945,41.20000076293945,41.79999923706055,3632159,yfinance,False
2022-09-09,37.90988540649414,42.349998474121094,42.650001525878906,41.70000076293945,41.75,3934046,yfinance,False
2022-09-13,38.58125686645508,43.099998474121094,43.75,42.5,42.54999923706055,5730977,yfinance,False
2022-09-14,38.71553039550781,43.25,43.5,41.900001525878906,41.95000076293945,5238788,yfinance,False
2022-09-15,38.49174118041992,43.0,44.0,42.75,43.25,4799434,yfinance,False
2022-09-16,39.25262451171875,43.849998474121094,45.45000076293945,42.599998474121094,42.849998474121094,10942929,yfinance,False
2022-09-19,38.71553039550781,43.25,43.849998474121094,43.0,43.79999923706055,3729505,yfinance,False
2022-09-20,40.37157440185547,45.099998474121094,45.150001525878906,43.20000076293945,43.400001525878906,12585623,yfinance,False
2022-09-21,40.41633605957031,45.150001525878906,45.29999923706055,44.29999923706055,45.0,9220693,yfinance,False
2022-09-22,39.38690185546875,44.0,44.29999923706055,43.04999923706055,44.20000076293945,8603450,yfinance,False
2022-09-23,39.29738998413086,43.900001525878906,44.099998474121094,43.099998474121094,44.0,6593358,yfinance,False
2022-09-26,42.11712646484375,47.04999923706055,48.70000076293945,46.75,47.0,34065883,yfinance,False
2022-09-27,42.385677337646484,47.349998474121094,47.54999923706055,46.29999923706055,47.29999923706055,14326589,yfinance,False
2022-09-28,41.2667350769043,46.099998474121094,47.5,45.650001525878906,47.25,14060061,yfinance,False
2022-09-29,40.59535598754883,45.349998474121094,47.0,45.099998474121094,46.79999923706055,8815960,yfinance,False
2022-09-30,41.5352783203125,46.400001525878906,46.849998474121094,45.45000076293945,45.849998474121094,9977996,yfinance,False
2022-10-03,41.5352783203125,46.400001525878906,46.5,45.0,45.45000076293945,7324146,yfinance,False
2022-10-05,43.77317428588867,48.900001525878906,49.599998474121094,47.400001525878906,48.5,21326103,yfinance,False
2022-10-06,43.77317428588867,48.900001525878906,49.25,48.599998474121094,48.900001525878906,5272802,yfinance,False
2022-10-07,43.549381256103516,48.650001525878906,49.75,48.25,48.900001525878906,8576722,yfinance,False
2022-10-10,41.58003616333008,46.45000076293945,48.29999923706055,46.150001525878906,48.29999923706055,9663053,yfinance,False
2022-10-11,40.192543029785156,44.900001525878906,46.45000076293945,44.099998474121094,46.45000076293945,11361074,yfinance,False
2022-10-12,39.07360076904297,43.650001525878906,44.79999923706055,42.25,44.400001525878906,13496776,yfinance,False
2022-10-13,38.31270980834961,42.79999923706055,44.0,42.349998474121094,43.599998474121094,7277047,yfinance,False
2022-10-14,38.35746765136719,42.849998474121094,43.849998474121094,42.599998474121094,43.29999923706055,8316126,yfinance,False
2022-10-17,37.820377349853516,42.25,43.04999923706055,41.75,42.79999923706055,10310546,yfinance,False
2022-10-18,38.22319793701172,42.70000076293945,43.45000076293945,41.400001525878906,42.849998474121094,12946554,yfinance,False
2022-10-19,36.65666961669922,40.95000076293945,42.79999923706055,40.599998474121094,42.70000076293945,8784548,yfinance,False
2022-10-20,36.030059814453125,40.25,41.79999923706055,39.599998474121094,40.599998474121094,19813941,yfinance,False
2022-10-21,35.62723922729492,39.79999923706055,41.04999923706055,38.79999923706055,41.0,15079571,yfinance,False
2022-10-24,32.80750274658203,36.650001525878906,39.79999923706055,36.29999923706055,39.79999923706055,25376318,yfinance,False
2022-10-25,32.9417724609375,36.79999923706055,37.29999923706055,35.25,36.70000076293945,15767515,yfinance,False
2022-10-26,33.43410873413086,37.349998474121094,39.45000076293945,36.04999923706055,36.79999923706055,36598484,yfinance,False
2022-10-27,33.8369255065918,37.79999923706055,38.70000076293945,37.650001525878906,38.099998474121094,11099760,yfinance,False
2022-10-28,31.509517669677734,35.20000076293945,37.849998474121094,35.04999923706055,37.79999923706055,14125019,yfinance,False
2022-10-31,32.091373443603516,35.849998474121094,37.04999923706055,33.54999923706055,34.599998474121094,18444213,yfinance,False
2022-11-01,34.911109924316406,39.0,39.400001525878906,35.0,36.29999923706055,22516077,yfinance,False
2022-11-02,37.238521575927734,41.599998474121094,42.20000076293945,38.099998474121094,38.5,17704793,yfinance,False
2022-11-03,36.298606872558594,40.54999923706055,41.54999923706055,39.79999923706055,40.0,10373180,yfinance,False
2022-11-04,37.730865478515625,42.150001525878906,43.29999923706055,40.75,40.75,21392559,yfinance,False
2022-11-07,37.99940490722656,42.45000076293945,43.29999923706055,40.400001525878906,41.25,10962831,yfinance,False
2022-11-08,39.02883529663086,43.599998474121094,43.650001525878906,41.95000076293945,42.79999923706055,8318907,yfinance,False
2022-11-09,38.49174118041992,43.0,44.29999923706055,42.5,44.0,8232748,yfinance,False
2022-11-10,37.820377349853516,42.25,42.75,41.25,42.099998474121094,8053260,yfinance,False
2022-11-11,40.95342254638672,45.75,46.0,43.45000076293945,44.849998474121094,21533441,yfinance,False
2022-11-14,40.81915283203125,45.599998474121094,47.75,45.29999923706055,47.75,19558876,yfinance,False
2022-11-15,41.5352783203125,46.400001525878906,48.29999923706055,45.849998474121094,45.95000076293945,17914237,yfinance,False
2022-11-16,41.93809509277344,46.849998474121094,47.5,46.099998474121094,46.70000076293945,13921535,yfinance,False
2022-11-17,42.34091567993164,47.29999923706055,47.79999923706055,45.849998474121094,46.79999923706055,15744999,yfinance,False
2022-11-18,41.08769989013672,45.900001525878906,48.0,45.70000076293945,47.75,10463356,yfinance,False
2022-11-21,38.71553039550781,43.25,44.849998474121094,42.45000076293945,44.849998474121094,18352819,yfinance,False
2022-11-22,38.9393196105957,43.5,43.849998474121094,42.849998474121094,43.45000076293945,6562616,yfinance,False
2022-11-23,38.670780181884766,43.20000076293945,43.5,42.650001525878906,43.5,5557022,yfinance,False
2022-11-24,38.71553039550781,43.25,43.900001525878906,42.79999923706055,43.79999923706055,6094488,yfinance,False
2022-11-25,38.35746765136719,42.849998474121094,43.25,42.599998474121094,43.25,4761940,yfinance,False
2022-11-28,38.536502838134766,43.04999923706055,43.650001525878906,40.5,40.5,15851680,yfinance,False
2022-11-29,40.86391067504883,45.650001525878906,45.75,43.45000076293945,43.900001525878906,13373807,yfinance,False
2022-11-30,41.8038215637207,46.70000076293945,46.849998474121094,44.849998474121094,45.650001525878906,12645120,yfinance,False
2022-12-01,43.2360725402832,48.29999923706055,50.599998474121094,48.04999923706055,48.349998474121094,27656914,yfinance,False
2022-12-02,43.3703498840332,48.45000076293945,49.45000076293945,47.54999923706055,48.54999923706055,13280352,yfinance,False
2022-12-05,46.01106262207031,51.400001525878906,52.20000076293945,48.900001525878906,49.75,24487531,yfinance,False
2022-12-06,46.23484802246094,51.650001525878906,52.25,50.650001525878906,51.20000076293945,13493059,yfinance,False
2022-12-07,44.57880783081055,49.79999923706055,54.349998474121094,49.54999923706055,51.54999923706055,22726259,yfinance,False
2022-12-08,47.08524703979492,52.599998474121094,53.29999923706055,50.849998474121094,50.849998474121094,16625942,yfinance,False
2022-12-09,47.35379409790039,52.900001525878906,53.599998474121094,50.900001525878906,52.650001525878906,18735840,yfinance,False
2022-12-12,45.96630096435547,51.349998474121094,53.349998474121094,50.849998474121094,52.400001525878906,12357973,yfinance,False
2022-12-13,47.08524703979492,52.599998474121094,53.599998474121094,51.650001525878906,51.849998474121094,12740961,yfinance,False
2022-12-14,46.995731353759766,52.5,52.95000076293945,51.79999923706055,52.900001525878906,9677196,yfinance,False
2022-12-15,46.413883209228516,51.849998474121094,52.45000076293945,51.20000076293945,52.400001525878906,6598141,yfinance,False
2022-12-16,46.995731353759766,52.5,52.5,51.04999923706055,51.79999923706055,13283996,yfinance,False
2022-12-19,44.892112731933594,50.150001525878906,52.75,49.70000076293945,51.95000076293945,9029458,yfinance,False
2022-12-20,44.93687057495117,50.20000076293945,50.75,49.25,49.900001525878906,8791975,yfinance,False
2022-12-21,45.20541763305664,50.5,50.900001525878906,49.650001525878906,50.45000076293945,5747677,yfinance,False
2022-12-22,46.27960205078125,51.70000076293945,51.75,50.29999923706055,51.5,9187389,yfinance,False
2022-12-23,45.787269592285156,51.150001525878906,51.70000076293945,50.70000076293945,51.54999923706055,3640765,yfinance,False
2022-12-28,46.72718811035156,52.20000076293945,52.849998474121094,51.349998474121094,52.0,10949485,yfinance,False
2022-12-29,46.45863723754883,51.900001525878906,52.54999923706055,51.04999923706055,51.849998474121094,7481290,yfinance,False
2022-12-30,46.19009017944336,51.599998474121094,52.79999923706055,51.54999923706055,52.75,5164946,yfinance,False
2023-01-03,47.980403900146484,53.599998474121094,54.70000076293945,50.900001525878906,51.599998474121094,10346093,yfinance,False
2023-01-04,48.562259674072266,54.25,54.900001525878906,53.20000076293945,54.900001525878906,9535470,yfinance,False
2023-01-05,47.35379409790039,52.900001525878906,54.900001525878906,52.599998474121094,54.900001525878906,17262156,yfinance,False
2023-01-06,45.697757720947266,51.04999923706055,52.95000076293945,50.349998474121094,52.599998474121094,25542593,yfinance,False
2023-01-09,47.622344970703125,53.20000076293945,53.20000076293945,51.900001525878906,51.95000076293945,18635491,yfinance,False
2023-01-10,47.890892028808594,53.5,54.25,52.349998474121094,53.5,11042234,yfinance,False
2023-01-11,47.39855194091797,52.95000076293945,53.900001525878906,52.70000076293945,53.29999923706055,15089772,yfinance,False
2023-01-12,47.622344970703125,53.20000076293945,54.0,52.0,53.29999923706055,11064685,yfinance,False
2023-01-13,47.80137252807617,53.400001525878906,53.900001525878906,52.20000076293945,53.5,12373581,yfinance,False
2023-01-16,48.472740173339844,54.150001525878906,54.400001525878906,53.70000076293945,54.099998474121094,10667443,yfinance,False
2023-01-17,47.39855194091797,52.95000076293945,54.20000076293945,52.849998474121094,53.900001525878906,6965363,yfinance,False
2023-01-18,49.14411163330078,54.900001525878906,55.099998474121094,52.54999923706055,52.599998474121094,16695773,yfinance,False
2023-01-19,48.651771545410156,54.349998474121094,54.900001525878906,53.849998474121094,54.20000076293945,7623934,yfinance,False
2023-01-20,49.14411163330078,54.900001525878906,55.0,54.04999923706055,54.349998474121094,7856624,yfinance,False
2023-01-26,48.651771545410156,54.349998474121094,56.45000076293945,54.150001525878906,55.5,13573769,yfinance,False
2023-01-27,48.87556076049805,54.599998474121094,55.0,53.650001525878906,55.0,6607257,yfinance,False
2023-01-30,48.38322448730469,54.04999923706055,55.0,53.75,55.0,13966770,yfinance,False
2023-01-31,48.696529388427734,54.400001525878906,54.400001525878906,53.400001525878906,54.400001525878906,14253926,yfinance,False
2023-02-01,50.48684310913086,56.400001525878906,56.75,54.70000076293945,55.0,20741912,yfinance,False
2023-02-02,49.54692840576172,55.349998474121094,56.75,54.099998474121094,56.75,14960253,yfinance,False
2023-02-03,49.05459213256836,54.79999923706055,55.20000076293945,54.400001525878906,55.20000076293945,8412303,yfinance,False
2023-02-06,48.562259674072266,54.25,54.45000076293945,53.54999923706055,54.400001525878906,9374045,yfinance,False
2023-02-07,47.30904006958008,52.849998474121094,54.54999923706055,52.79999923706055,54.45000076293945,10255598,yfinance,False
2023-02-08,47.174766540527344,52.70000076293945,53.5,52.70000076293945,52.849998474121094,5761853,yfinance,False
2023-02-09,48.696529388427734,54.400001525878906,54.400001525878906,52.70000076293945,52.70000076293945,6683660,yfinance,False
2023-02-10,48.20418930053711,53.849998474121094,55.20000076293945,53.849998474121094,54.04999923706055,4052977,yfinance,False
2023-02-13,48.427982330322266,54.099998474121094,54.5,52.70000076293945,54.5,4036037,yfinance,False
2023-02-14,47.980403900146484,53.599998474121094,54.45000076293945,53.5,54.349998474121094,4023309,yfinance,False
2023-02-15,47.80137252807617,53.400001525878906,53.900001525878906,52.79999923706055,53.599998474121094,5349082,yfinance,False
2023-02-16,46.995731353759766,52.5,54.099998474121094,52.25,53.650001525878906,7306598,yfinance,False
2023-02-17,46.72718811035156,52.20000076293945,52.79999923706055,51.70000076293945,52.5,6660451,yfinance,False
2023-02-20,46.32435989379883,51.75,52.5,50.849998474121094,52.5,5661303,yfinance,False
2023-02-21,46.23484802246094,51.650001525878906,52.099998474121094,51.20000076293945,51.400001525878906,6196595,yfinance,False
2023-02-22,46.32435989379883,51.75,52.150001525878906,51.0,51.70000076293945,5514788,yfinance,False
2023-02-23,46.45863723754883,51.900001525878906,52.900001525878906,51.70000076293945,52.0,6238521,yfinance,False
2023-02-24,47.66709899902344,53.25,55.20000076293945,52.95000076293945,53.20000076293945,21471868,yfinance,False
2023-02-27,46.68242645263672,52.150001525878906,53.70000076293945,51.70000076293945,53.25,11539172,yfinance,False
2023-02-28,46.72718811035156,52.20000076293945,53.45000076293945,52.0,52.900001525878906,6424429,yfinance,False
2023-03-01,48.20418930053711,53.849998474121094,54.29999923706055,52.25,52.349998474121094,16947858,yfinance,False
2023-03-02,47.264278411865234,52.79999923706055,54.75,52.349998474121094,53.900001525878906,16443076,yfinance,False
2023-03-03,47.39855194091797,52.95000076293945,53.70000076293945,52.849998474121094,53.20000076293945,14376378,yfinance,False
2023-03-06,48.60701370239258,54.29999923706055,54.70000076293945,52.900001525878906,52.900001525878906,9664000,yfinance,False
2023-03-07,48.29370880126953,53.95000076293945,55.20000076293945,53.79999923706055,54.5,8129819,yfinance,False
2023-03-08,46.95097351074219,52.45000076293945,54.04999923706055,52.099998474121094,53.54999923706055,10078906,yfinance,False
2023-03-09,47.35379409790039,52.900001525878906,53.45000076293945,52.04999923706055,52.45000076293945,6242476,yfinance,False
2023-03-10,45.42920684814453,50.75,52.650001525878906,50.5,52.5,12375873,yfinance,False
2023-03-13,46.81669998168945,52.29999923706055,52.79999923706055,50.650001525878906,50.70000076293945,9469159,yfinance,False
2023-03-14,45.74251174926758,51.099998474121094,52.900001525878906,50.95000076293945,52.29999923706055,7124050,yfinance,False
2023-03-15,45.65299606323242,51.0,52.400001525878906,51.0,51.5,8972590,yfinance,False
2023-03-16,45.11590576171875,50.400001525878906,50.849998474121094,50.099998474121094,50.650001525878906,6838216,yfinance,False
2023-03-17,46.23484802246094,51.650001525878906,51.95000076293945,51.0,51.0,6295874,yfinance,False
2023-03-20,44.892112731933594,50.150001525878906,51.54999923706055,49.599998474121094,51.400001525878906,9579462,yfinance,False
2023-03-21,45.47396469116211,50.79999923706055,50.95000076293945,50.20000076293945,50.5,5006203,yfinance,False
2023-03-22,46.23484802246094,51.650001525878906,51.900001525878906,50.900001525878906,50.900001525878906,11280069,yfinance,False
2023-03-23,46.548152923583984,52.0,52.0,51.349998474121094,51.900001525878906,5448974,yfinance,False
2023-03-24,46.19009017944336,51.599998474121094,52.150001525878906,51.20000076293945,51.349998474121094,3999890,yfinance,False
2023-03-27,46.36912536621094,51.79999923706055,52.400001525878906,51.20000076293945,51.650001525878906,4644093,yfinance,False
2023-03-28,46.19009017944336,51.599998474121094,52.400001525878906,51.150001525878906,52.400001525878906,6843692,yfinance,False
2023-03-29,46.01106262207031,51.400001525878906,52.599998474121094,51.04999923706055,51.95000076293945,8394339,yfinance,False
2023-03-30,46.19009017944336,51.599998474121094,51.900001525878906,51.099998474121094,51.900001525878906,6061054,yfinance,False
2023-03-31,46.95097351074219,52.45000076293945,53.599998474121094,51.70000076293945,51.70000076293945,11966487,yfinance,False
2023-04-03,49.72595977783203,55.54999923706055,55.79999923706055,53.5,53.95000076293945,15878691,yfinance,False
2023-04-04,50.35256576538086,56.25,56.29999923706055,55.099998474121094,55.79999923706055,6994301,yfinance,False
2023-04-06,48.96508026123047,54.70000076293945,55.70000076293945,54.099998474121094,55.650001525878906,6755990,yfinance,False
2023-04-11,49.23362350463867,55.0,55.900001525878906,54.099998474121094,55.900001525878906,5592829,yfinance,False
2023-04-12,49.412654876708984,55.20000076293945,55.900001525878906,54.75,55.900001525878906,7872448,yfinance,False
2023-04-13,48.562259674072266,54.25,54.54999923706055,52.95000076293945,54.54999923706055,6379126,yfinance,False
2023-04-14,48.1594352722168,53.79999923706055,54.400001525878906,53.20000076293945,54.400001525878906,5113465,yfinance,False
2023-04-17,50.08402633666992,55.95000076293945,56.150001525878906,53.599998474121094,53.79999923706055,8873527,yfinance,False
2023-04-18,49.68120574951172,55.5,56.5,55.45000076293945,55.900001525878906,4719092,yfinance,False
2023-04-19,51.87434387207031,57.95000076293945,58.29999923706055,56.099998474121094,56.349998474121094,18417452,yfinance,False
2023-04-20,52.187644958496094,58.29999923706055,59.79999923706055,57.79999923706055,59.70000076293945,14355228,yfinance,False
2023-04-21,51.60578536987305,57.650001525878906,58.25,56.75,58.25,6727579,yfinance,False
2023-04-24,50.800148010253906,56.75,58.150001525878906,55.849998474121094,57.70000076293945,7370851,yfinance,False
2023-04-25,49.14411163330078,54.900001525878906,56.599998474121094,54.79999923706055,56.0,8707823,yfinance,False
2023-04-26,48.60701370239258,54.29999923706055,55.25,53.599998474121094,55.04999923706055,13649739,yfinance,False
2023-04-27,48.29370880126953,53.95000076293945,54.849998474121094,53.54999923706055,54.099998474121094,8472806,yfinance,False
2023-04-28,49.68120574951172,55.5,56.29999923706055,54.0,54.0,16408885,yfinance,False
2023-05-02,50.75538635253906,56.70000076293945,58.150001525878906,55.650001525878906,58.150001525878906,12317912,yfinance,False
2023-05-03,49.81547927856445,55.650001525878906,56.70000076293945,54.95000076293945,56.70000076293945,12061490,yfinance,False
2023-05-04,48.96508026123047,54.70000076293945,55.400001525878906,53.75,55.0,9692847,yfinance,False
2023-05-05,48.20418930053711,53.849998474121094,54.79999923706055,53.5,54.75,6710844,yfinance,False
2023-05-08,47.622344970703125,53.20000076293945,54.04999923706055,52.79999923706055,53.849998474121094,4147597,yfinance,False
2023-05-09,45.832027435302734,51.20000076293945,53.099998474121094,50.79999923706055,53.099998474121094,10982771,yfinance,False
2023-05-10,46.503395080566406,51.95000076293945,52.29999923706055,50.599998474121094,51.20000076293945,8452108,yfinance,False
2023-05-11,46.14533233642578,51.54999923706055,51.95000076293945,51.29999923706055,51.95000076293945,6671862,yfinance,False
2023-05-12,45.697757720947266,51.04999923706055,51.75,50.900001525878906,51.54999923706055,6474191,yfinance,False
2023-05-15,46.503395080566406,51.95000076293945,52.099998474121094,50.599998474121094,50.900001525878906,5329197,yfinance,False
2023-05-16,46.548152923583984,52.0,52.95000076293945,51.70000076293945,52.25,6292876,yfinance,False
2023-05-17,45.697757720947266,51.04999923706055,52.099998474121094,50.849998474121094,51.29999923706055,5893393,yfinance,False
2023-05-18,46.45863723754883,51.900001525878906,52.0,51.150001525878906,51.400001525878906,6435197,yfinance,False
2023-05-19,46.548152923583984,52.0,52.29999923706055,51.099998474121094,51.5,4243100,yfinance,False
2023-05-22,46.637664794921875,52.099998474121094,53.150001525878906,51.849998474121094,52.54999923706055,4957312,yfinance,False
2023-05-23,46.68242645263672,52.150001525878906,52.849998474121094,51.70000076293945,52.45000076293945,8251755,yfinance,False
2023-05-24,44.6683235168457,49.900001525878906,52.0,49.45000076293945,52.0,13671713,yfinance,False
2023-05-25,44.175987243652344,49.349998474121094,49.599998474121094,48.29999923706055,49.54999923706055,9490828,yfinance,False
2023-05-29,43.9969596862793,49.150001525878906,50.20000076293945,48.900001525878906,49.900001525878906,3638651,yfinance,False
2023-05-30,44.93687057495117,50.20000076293945,50.29999923706055,49.0,49.150001525878906,6170581,yfinance,False
2023-05-31,43.45986557006836,48.54999923706055,50.25,47.5,49.25,19610157,yfinance,False
2023-06-01,42.78849411010742,47.79999923706055,49.150001525878906,47.54999923706055,48.54999923706055,5230857,yfinance,False
2023-06-02,44.57880783081055,49.79999923706055,50.349998474121094,48.20000076293945,48.20000076293945,12363826,yfinance,False
2023-06-05,44.981624603271484,50.25,50.79999923706055,49.79999923706055,49.79999923706055,4672604,yfinance,False
2023-06-06,44.57880783081055,49.79999923706055,50.70000076293945,49.400001525878906,50.099998474121094,4044546,yfinance,False
2023-06-07,45.74251174926758,51.099998474121094,51.70000076293945,50.20000076293945,50.5,5061471,yfinance,False
2023-06-08,44.981624603271484,50.25,50.849998474121094,49.849998474121094,50.79999923706055,4358419,yfinance,False
2023-06-09,45.2949333190918,50.599998474121094,51.04999923706055,50.29999923706055,50.54999923706055,4413678,yfinance,False
2023-06-12,46.05582046508789,51.45000076293945,51.75,50.54999923706055,50.599998474121094,3515527,yfinance,False
2023-06-13,46.27960205078125,51.70000076293945,51.79999923706055,51.0,51.45000076293945,2636442,yfinance,False
2023-06-14,45.96630096435547,51.349998474121094,52.04999923706055,51.04999923706055,51.25,5028342,yfinance,False
2023-06-15,46.36912536621094,51.79999923706055,52.0,51.0,52.0,4923057,yfinance,False
2023-06-16,47.44330978393555,53.0,53.400001525878906,51.45000076293945,51.75,11036906,yfinance,False
2023-06-19,46.995731353759766,52.5,53.349998474121094,52.04999923706055,53.349998474121094,6761588,yfinance,False
2023-06-20,47.80137252807617,53.400001525878906,53.900001525878906,52.650001525878906,52.650001525878906,7428613,yfinance,False
2023-06-21,47.174766540527344,52.70000076293945,53.25,52.04999923706055,53.20000076293945,5138952,yfinance,False
2023-06-23,46.59291076660156,52.04999923706055,52.650001525878906,51.54999923706055,52.400001525878906,5177465,yfinance,False
2023-06-26,45.47396469116211,50.79999923706055,52.45000076293945,50.650001525878906,52.29999923706055,6794341,yfinance,False
2023-06-27,45.2949333190918,50.599998474121094,51.150001525878906,49.70000076293945,50.79999923706055,8610659,yfinance,False
2023-06-28,46.19009017944336,51.599998474121094,51.79999923706055,50.400001525878906,51.04999923706055,5574220,yfinance,False
2023-06-29,45.20541763305664,50.5,51.45000076293945,50.150001525878906,51.45000076293945,5200812,yfinance,False
2023-06-30,44.48929214477539,49.70000076293945,50.70000076293945,49.650001525878906,50.5,8093209,yfinance,False
2023-07-03,46.27960205078125,51.70000076293945,52.0,49.75,49.75,7955646,yfinance,False
2023-07-04,46.19009017944336,51.599998474121094,51.95000076293945,51.0,51.70000076293945,3873314,yfinance,False
2023-07-05,45.51872253417969,50.849998474121094,51.599998474121094,50.650001525878906,51.599998474121094,3531663,yfinance,False
2023-07-06,44.71308517456055,49.95000076293945,51.04999923706055,49.599998474121094,50.5,5909020,yfinance,False
2023-07-07,44.399776458740234,49.599998474121094,50.29999923706055,48.849998474121094,49.900001525878906,6984641,yfinance,False
2023-07-10,44.80259323120117,50.04999923706055,50.54999923706055,49.79999923706055,50.20000076293945,4446753,yfinance,False
2023-07-11,46.72718811035156,52.20000076293945,52.70000076293945,50.349998474121094,50.349998474121094,9461136,yfinance,False
2023-07-12,47.219520568847656,52.75,52.900001525878906,52.29999923706055,52.45000076293945,3888092,yfinance,False
2023-07-13,47.93564987182617,53.54999923706055,53.95000076293945,52.75,53.04999923706055,7163909,yfinance,False
2023-07-14,48.74129104614258,54.45000076293945,54.900001525878906,53.849998474121094,54.20000076293945,12463995,yfinance,False
2023-07-18,48.20418930053711,53.849998474121094,54.45000076293945,52.95000076293945,54.04999923706055,5143600,yfinance,False
2023-07-19,48.1594352722168,53.79999923706055,54.04999923706055,52.79999923706055,52.79999923706055,7439059,yfinance,False
2023-07-20,47.93564987182617,53.54999923706055,54.349998474121094,53.150001525878906,53.900001525878906,4271157,yfinance,False
2023-07-21,48.11467742919922,53.75,53.75,52.70000076293945,52.900001525878906,5938087,yfinance,False
2023-07-24,47.48807144165039,53.04999923706055,53.849998474121094,52.70000076293945,53.099998474121094,7217261,yfinance,False
2023-07-25,47.80137252807617,53.400001525878906,54.099998474121094,53.099998474121094,53.70000076293945,5475896,yfinance,False
2023-07-26,48.83080291748047,54.54999923706055,54.70000076293945,53.04999923706055,53.349998474121094,5105352,yfinance,False
2023-07-27,50.710636138916016,56.650001525878906,56.79999923706055,54.599998474121094,54.849998474121094,15466902,yfinance,False
2023-07-28,50.75538635253906,56.70000076293945,56.849998474121094,56.29999923706055,56.650001525878906,5491722,yfinance,False
2023-07-31,50.665870666503906,56.599998474121094,57.599998474121094,56.5,57.45000076293945,9026260,yfinance,False
2023-08-01,50.1287841796875,56.0,56.849998474121094,55.20000076293945,56.849998474121094,8849448,yfinance,False
2023-08-02,49.14411163330078,54.900001525878906,56.099998474121094,54.54999923706055,56.0,5955329,yfinance,False
2023-08-03,49.636444091796875,55.45000076293945,56.0,54.29999923706055,54.79999923706055,4389004,yfinance,False
2023-08-04,49.32313537597656,55.099998474121094,56.599998474121094,54.95000076293945,56.04999923706055,4375540,yfinance,False
2023-08-07,49.81547927856445,55.650001525878906,55.79999923706055,54.20000076293945,54.54999923706055,4825400,yfinance,False
2023-08-08,49.23362350463867,55.0,55.900001525878906,55.0,55.599998474121094,6665976,yfinance,False
2023-08-09,48.920318603515625,54.650001525878906,55.099998474121094,54.29999923706055,55.0,5493384,yfinance,False
2023-08-10,49.77071762084961,55.599998474121094,55.75,54.25,54.650001525878906,4637803,yfinance,False
2023-08-11,48.83080291748047,54.54999923706055,55.5,54.349998474121094,54.95000076293945,5944047,yfinance,False
2023-08-14,48.338470458984375,54.0,54.099998474121094,53.150001525878906,53.75,5516702,yfinance,False
2023-08-15,47.80137252807617,53.400001525878906,54.0,53.04999923706055,53.900001525878906,6625182,yfinance,False
2023-08-16,47.174766540527344,52.70000076293945,53.0,52.5,52.70000076293945,6224631,yfinance,False
2023-08-17,46.995731353759766,52.5,53.0,51.5,52.0,8609672,yfinance,False
2023-08-18,45.42920684814453,50.75,52.099998474121094,50.599998474121094,51.70000076293945,11620282,yfinance,False
2023-08-21,44.31026077270508,49.5,50.79999923706055,48.599998474121094,50.5,11175388,yfinance,False
2023-08-22,45.608238220214844,50.95000076293945,51.099998474121094,49.45000076293945,49.70000076293945,12319797,yfinance,False
2023-08-23,44.48929214477539,49.70000076293945,51.349998474121094,49.5,51.349998474121094,6030424,yfinance,False
2023-08-24,45.51872253417969,50.849998474121094,51.0,49.900001525878906,50.29999923706055,5205598,yfinance,False
2023-08-25,44.6683235168457,49.900001525878906,50.400001525878906,49.79999923706055,50.0,4610445,yfinance,False
2023-08-28,44.93687057495117,50.20000076293945,51.5,50.20000076293945,51.349998474121094,3190003,yfinance,False
2023-08-29,45.697757720947266,51.04999923706055,51.54999923706055,50.599998474121094,51.0,5876524,yfinance,False
2023-08-30,46.27960205078125,51.70000076293945,52.099998474121094,51.25,51.25,6066621,yfinance,False
2023-08-31,46.45863723754883,51.900001525878906,52.099998474121094,51.29999923706055,52.099998474121094,7478686,yfinance,False
2023-09-04,46.23484802246094,51.650001525878906,53.0,51.29999923706055,52.900001525878906,8770082,yfinance,False
2023-09-05,45.38444900512695,50.70000076293945,51.650001525878906,50.20000076293945,51.650001525878906,7096321,yfinance,False
2023-09-06,45.16066360473633,50.45000076293945,50.599998474121094,50.04999923706055,50.5,3893288,yfinance,False
2023-09-07,44.48929214477539,49.70000076293945,50.25,49.5,50.04999923706055,4143593,yfinance,False
2023-09-11,44.22074890136719,49.400001525878906,49.70000076293945,48.75,49.70000076293945,6571761,yfinance,False
2023-09-12,44.847354888916016,50.099998474121094,50.5,49.04999923706055,49.29999923706055,4459176,yfinance,False
2023-09-13,44.93687057495117,50.20000076293945,50.95000076293945,49.849998474121094,50.150001525878906,3808557,yfinance,False
2023-09-14,44.981624603271484,50.25,50.54999923706055,49.900001525878906,50.25,3116566,yfinance,False
2023-09-15,45.20541763305664,50.5,51.0,49.79999923706055,50.349998474121094,4009201,yfinance,False
2023-09-18,46.01106262207031,51.400001525878906,51.650001525878906,49.400001525878906,50.349998474121094,5551741,yfinance,False
2023-09-19,45.921539306640625,51.29999923706055,51.849998474121094,51.099998474121094,51.849998474121094,3171094,yfinance,False
2023-09-20,46.14533233642578,51.54999923706055,51.95000076293945,51.099998474121094,51.099998474121094,4020592,yfinance,False
2023-09-21,45.697757720947266,51.04999923706055,51.900001525878906,50.75,51.75,5118987,yfinance,False
2023-09-22,46.1005744934082,51.5,51.5,50.54999923706055,50.75,4762573,yfinance,False
2023-09-25,43.62929916381836,48.54999923706055,51.29999923706055,48.099998474121094,49.900001525878906,13507149,yfinance,False
2023-09-26,43.404632568359375,48.29999923706055,49.20000076293945,48.0,48.79999923706055,6559381,yfinance,False
2023-09-27,43.13504409790039,48.0,48.45000076293945,47.70000076293945,47.70000076293945,6729427,yfinance,False
2023-09-28,40.66376495361328,45.25,47.95000076293945,45.20000076293945,47.849998474121094,19974455,yfinance,False
2023-09-29,42.37119674682617,47.150001525878906,47.650001525878906,45.25,45.400001525878906,11968425,yfinance,False
2023-10-03,41.74214172363281,46.45000076293945,46.650001525878906,45.599998474121094,46.400001525878906,10490828,yfinance,False
2023-10-04,40.66376495361328,45.25,46.349998474121094,45.04999923706055,46.29999923706055,5309673,yfinance,False
2023-10-05,40.97829055786133,45.599998474121094,46.349998474121094,45.349998474121094,45.349998474121094,4765868,yfinance,False
2023-10-06,41.4276123046875,46.099998474121094,46.45000076293945,45.95000076293945,45.95000076293945,3949287,yfinance,False
2023-10-09,40.753623962402344,45.349998474121094,46.04999923706055,45.04999923706055,46.0,6923067,yfinance,False
2023-10-10,41.4725456237793,46.150001525878906,46.54999923706055,45.75,46.0,6124948,yfinance,False
2023-10-11,41.158016204833984,45.79999923706055,46.75,45.70000076293945,46.75,4601622,yfinance,False
2023-10-12,41.562408447265625,46.25,46.400001525878906,45.54999923706055,46.150001525878906,7279315,yfinance,False
2023-10-13,40.57390213012695,45.150001525878906,45.95000076293945,44.75,45.54999923706055,5265449,yfinance,False
2023-10-16,39.360721588134766,43.79999923706055,45.29999923706055,43.25,45.0,7397095,yfinance,False
2023-10-17,39.360721588134766,43.79999923706055,44.5,43.20000076293945,44.150001525878906,7831413,yfinance,False
2023-10-18,39.09113311767578,43.5,43.75,42.95000076293945,43.70000076293945,9078243,yfinance,False
2023-10-19,38.91140365600586,43.29999923706055,43.79999923706055,42.79999923706055,43.0,9089720,yfinance,False
2023-10-20,39.27085876464844,43.70000076293945,43.79999923706055,42.75,42.900001525878906,6586274,yfinance,False
2023-10-24,39.046199798583984,43.45000076293945,44.5,42.25,43.650001525878906,5621976,yfinance,False
2023-10-25,39.495521545410156,43.95000076293945,44.70000076293945,43.75,44.349998474121094,5279498,yfinance,False
2023-10-26,39.63031768798828,44.099998474121094,44.400001525878906,43.650001525878906,44.0,5044589,yfinance,False
2023-10-27,39.54045486450195,44.0,44.650001525878906,43.45000076293945,44.650001525878906,5586921,yfinance,False
2023-10-30,39.81005096435547,44.29999923706055,44.54999923706055,43.400001525878906,43.400001525878906,5599418,yfinance,False
2023-10-31,39.40565872192383,43.849998474121094,44.5,43.349998474121094,44.29999923706055,6485090,yfinance,False
2023-11-01,39.54045486450195,44.0,44.79999923706055,43.70000076293945,44.150001525878906,5354299,yfinance,False
2023-11-02,39.180992126464844,43.599998474121094,44.650001525878906,43.5,44.5,3080165,yfinance,False
2023-11-03,40.25937271118164,44.79999923706055,44.900001525878906,43.54999923706055,43.79999923706055,3815016,yfinance,False
2023-11-06,41.337745666503906,46.0,46.599998474121094,45.150001525878906,45.29999923706055,7094553,yfinance,False
2023-11-07,40.394168853759766,44.95000076293945,46.0,44.75,46.0,7950953,yfinance,False
2023-11-08,40.30430221557617,44.849998474121094,45.150001525878906,44.45000076293945,45.04999923706055,5530158,yfinance,False
2023-11-09,39.63031768798828,44.099998474121094,45.04999923706055,44.099998474121094,45.0,13380207,yfinance,False
2023-11-10,37.069175720214844,41.25,44.04999923706055,40.349998474121094,43.900001525878906,18788929,yfinance,False
2023-11-13,37.15903854370117,41.349998474121094,41.95000076293945,40.5,41.0,9545292,yfinance,False
2023-11-14,37.338768005371094,41.54999923706055,41.900001525878906,40.79999923706055,41.650001525878906,5371768,yfinance,False
2023-11-15,38.82154083251953,43.20000076293945,43.400001525878906,42.45000076293945,42.79999923706055,6845176,yfinance,False
2023-11-16,38.551944732666016,42.900001525878906,43.599998474121094,42.54999923706055,43.599998474121094,6803356,yfinance,False
2023-11-17,38.73167037963867,43.099998474121094,43.25,42.5,42.79999923706055,4906639,yfinance,False
2023-11-20,39.45059585571289,43.900001525878906,44.5,42.849998474121094,43.0,6398873,yfinance,False
2023-11-21,39.720184326171875,44.20000076293945,44.900001525878906,44.0,44.0,7634191,yfinance,False
2023-11-22,39.360721588134766,43.79999923706055,44.45000076293945,43.75,44.20000076293945,3470102,yfinance,False
2023-11-23,39.3157958984375,43.75,43.79999923706055,43.099998474121094,43.75,4101984,yfinance,False
2023-11-24,38.956329345703125,43.349998474121094,43.79999923706055,43.04999923706055,43.349998474121094,3511265,yfinance,False
2023-11-27,38.64180374145508,43.0,43.599998474121094,42.54999923706055,43.349998474121094,3683874,yfinance,False
2023-11-28,38.01275634765625,42.29999923706055,43.349998474121094,42.20000076293945,43.349998474121094,3726248,yfinance,False
2023-11-29,36.17052459716797,40.25,42.45000076293945,40.0,42.45000076293945,13448860,yfinance,False
2023-11-30,36.305328369140625,40.400001525878906,40.5,39.5,40.25,12008999,yfinance,False
2023-12-01,36.7546501159668,40.900001525878906,41.5,40.099998474121094,40.5,8245230,yfinance,False
2023-12-04,36.61985397338867,40.75,41.45000076293945,40.29999923706055,40.29999923706055,8510396,yfinance,False
2023-12-05,37.11410903930664,41.29999923706055,41.54999923706055,40.29999923706055,40.70000076293945,8512820,yfinance,False
2023-12-06,36.84450912475586,41.0,42.04999923706055,40.95000076293945,41.45000076293945,8932370,yfinance,False
2023-12-07,36.889442443847656,41.04999923706055,41.349998474121094,39.95000076293945,41.0,9564530,yfinance,False
2023-12-08,37.653297424316406,41.900001525878906,42.0,40.900001525878906,41.150001525878906,6656406,yfinance,False
2023-12-11,36.979312896728516,41.150001525878906,41.45000076293945,40.099998474121094,40.099998474121094,6881860,yfinance,False
2023-12-12,36.979312896728516,41.150001525878906,41.650001525878906,40.70000076293945,41.54999923706055,6068978,yfinance,False
2023-12-13,37.02424240112305,41.20000076293945,41.400001525878906,40.900001525878906,41.04999923706055,2948219,yfinance,False
2023-12-14,37.338768005371094,41.54999923706055,42.29999923706055,41.25,42.29999923706055,7587564,yfinance,False
2023-12-15,38.19248962402344,42.5,43.20000076293945,41.95000076293945,41.95000076293945,9149143,yfinance,False
2023-12-18,37.74315643310547,42.0,42.70000076293945,41.650001525878906,42.29999923706055,5216557,yfinance,False
2023-12-19,37.83302307128906,42.099998474121094,42.45000076293945,41.400001525878906,42.0,3849862,yfinance,False
2023-12-20,38.50701141357422,42.849998474121094,43.099998474121094,42.20000076293945,42.70000076293945,5266535,yfinance,False
2023-12-21,38.19248962402344,42.5,42.5,41.29999923706055,42.099998474121094,8129188,yfinance,False
2023-12-22,38.14754867553711,42.45000076293945,43.349998474121094,42.20000076293945,43.0,11637967,yfinance,False
2023-12-27,38.01275634765625,42.29999923706055,42.5,41.95000076293945,42.45000076293945,4483723,yfinance,False
2023-12-28,39.3157958984375,43.75,43.95000076293945,41.79999923706055,42.5,7352222,yfinance,False
2023-12-29,39.3157958984375,43.75,44.349998474121094,43.5,43.54999923706055,2788186,yfinance,False
2024-01-02,39.944847106933594,44.45000076293945,45.150001525878906,43.849998474121094,44.849998474121094,6918549,yfinance,False
2024-01-03,39.720184326171875,44.20000076293945,44.45000076293945,43.849998474121094,44.150001525878906,4895107,yfinance,False
2024-01-04,39.63031768798828,44.099998474121094,44.54999923706055,44.0,44.54999923706055,4770536,yfinance,False
2024-01-05,38.50701141357422,42.849998474121094,44.400001525878906,42.75,44.099998474121094,7600175,yfinance,False
2024-01-08,37.248905181884766,41.45000076293945,43.70000076293945,41.25,42.75,8410316,yfinance,False
2024-01-09,36.889442443847656,41.04999923706055,41.45000076293945,40.400001525878906,41.400001525878906,13952871,yfinance,False
2024-01-10,36.440120697021484,40.54999923706055,41.20000076293945,40.20000076293945,40.650001525878906,5005052,yfinance,False
2024-01-11,36.799583435058594,40.95000076293945,41.5,40.25,40.54999923706055,8304571,yfinance,False
2024-01-12,36.440120697021484,40.54999923706055,41.5,40.349998474121094,40.95000076293945,4843750,yfinance,False
2024-01-15,36.440120697021484,40.54999923706055,40.54999923706055,40.54999923706055,40.54999923706055,0,yfinance,False
2024-01-16,35.85599899291992,39.900001525878906,40.150001525878906,39.5,39.79999923706055,6595073,yfinance,False
2024-01-17,34.867488861083984,38.79999923706055,40.0,38.599998474121094,39.900001525878906,12423545,yfinance,False
2024-01-18,35.72120666503906,39.75,39.900001525878906,38.75,38.79999923706055,8387878,yfinance,False
2024-01-19,35.945865631103516,40.0,40.849998474121094,39.75,40.349998474121094,7860570,yfinance,False
2024-01-22,34.41816711425781,38.29999923706055,40.650001525878906,37.849998474121094,40.20000076293945,8694047,yfinance,False
2024-01-23,34.597896575927734,38.5,39.099998474121094,37.75,38.29999923706055,7293577,yfinance,False
2024-01-24,36.215457916259766,40.29999923706055,40.5,38.79999923706055,38.79999923706055,6464294,yfinance,False
2024-01-25,36.485050201416016,40.599998474121094,41.0,39.650001525878906,40.29999923706055,6208966,yfinance,False
2024-01-26,37.20397186279297,41.400001525878906,42.400001525878906,40.5,40.75,10145022,yfinance,False
2024-01-29,37.473567962646484,41.70000076293945,42.29999923706055,41.5,41.75,7987712,yfinance,False
2024-01-30,36.709716796875,40.849998474121094,41.599998474121094,40.599998474121094,41.5,8290879,yfinance,False
2024-01-31,36.485050201416016,40.599998474121094,41.900001525878906,40.45000076293945,40.849998474121094,8328012,yfinance,False
2024-02-01,38.64180374145508,43.0,43.150001525878906,40.900001525878906,40.900001525878906,14024480,yfinance,False
2024-02-02,38.91140365600586,43.29999923706055,43.900001525878906,43.04999923706055,43.29999923706055,13433991,yfinance,False
2024-02-05,38.73167037963867,43.099998474121094,43.650001525878906,42.70000076293945,42.900001525878906,8990803,yfinance,False
2024-02-06,38.68674087524414,43.04999923706055,44.0,42.79999923706055,43.099998474121094,14529948,yfinance,False
2024-02-07,38.59687805175781,42.95000076293945,43.79999923706055,42.349998474121094,43.45000076293945,9407390,yfinance,False
2024-02-08,38.372215270996094,42.70000076293945,43.45000076293945,42.650001525878906,43.0,5064314,yfinance,False
2024-02-09,38.462074279785156,42.79999923706055,42.79999923706055,42.79999923706055,42.79999923706055,0,yfinance,False
2024-02-14,39.85498046875,44.349998474121094,44.75,42.54999923706055,43.150001525878906,16292446,yfinance,False
2024-02-15,39.989776611328125,44.5,44.79999923706055,43.70000076293945,44.20000076293945,7015560,yfinance,False
2024-02-16,41.02322006225586,45.650001525878906,45.900001525878906,44.25,44.5,11046615,yfinance,False
2024-02-19,39.76512145996094,44.25,45.70000076293945,43.650001525878906,45.650001525878906,10586540,yfinance,False
2024-02-20,40.57390213012695,45.150001525878906,45.400001525878906,44.0,44.29999923706055,12611043,yfinance,False
2024-02-21,40.528961181640625,45.099998474121094,45.45000076293945,44.75,45.349998474121094,10516782,yfinance,False
2024-02-22,39.81005096435547,44.29999923706055,45.150001525878906,43.79999923706055,45.099998474121094,8032990,yfinance,False
2024-02-23,39.046199798583984,43.45000076293945,44.599998474121094,42.900001525878906,43.900001525878906,12964418,yfinance,False
2024-02-26,39.225929260253906,43.650001525878906,44.25,43.45000076293945,43.45000076293945,4846206,yfinance,False
2024-02-27,38.68674087524414,43.04999923706055,43.70000076293945,42.099998474121094,43.650001525878906,9741987,yfinance,False
2024-02-28,37.78809356689453,42.04999923706055,43.400001525878906,41.79999923706055,42.900001525878906,12874982,yfinance,False
2024-02-29,38.417144775390625,42.75,43.650001525878906,42.20000076293945,42.20000076293945,13568410,yfinance,False
2024-03-01,37.74315643310547,42.0,43.5,41.900001525878906,42.0,11468889,yfinance,False
2024-03-04,36.17052459716797,40.25,42.400001525878906,40.04999923706055,42.0,13991379,yfinance,False
2024-03-05,35.04722213745117,39.0,40.0,38.349998474121094,39.70000076293945,18803983,yfinance,False
2024-03-06,35.631343841552734,39.650001525878906,39.900001525878906,39.0,39.0,9223895,yfinance,False
2024-03-07,35.72120666503906,39.75,40.29999923706055,39.54999923706055,39.70000076293945,8610090,yfinance,False
2024-03-08,35.09214782714844,39.04999923706055,40.20000076293945,38.849998474121094,39.75,10339820,yfinance,False
2024-03-11,35.406681060791016,39.400001525878906,39.79999923706055,39.0,39.0,9348150,yfinance,False
2024-03-12,36.485050201416016,40.599998474121094,40.650001525878906,39.20000076293945,39.650001525878906,10123493,yfinance,False
2024-03-13,36.889442443847656,41.04999923706055,41.349998474121094,40.45000076293945,40.599998474121094,7795121,yfinance,False
2024-03-14,36.7546501159668,40.900001525878906,41.54999923706055,40.54999923706055,41.04999923706055,6140929,yfinance,False
2024-03-15,36.17052459716797,40.25,40.650001525878906,39.849998474121094,40.54999923706055,8143675,yfinance,False
2024-03-18,35.945865631103516,40.0,40.45000076293945,39.900001525878906,40.04999923706055,5341833,yfinance,False
2024-03-19,35.72120666503906,39.75,40.099998474121094,39.29999923706055,39.54999923706055,6625170,yfinance,False
2024-03-20,35.31681442260742,39.29999923706055,39.849998474121094,39.29999923706055,39.849998474121094,8160728,yfinance,False
2024-03-21,36.6647834777832,40.79999923706055,41.099998474121094,39.79999923706055,39.79999923706055,8009974,yfinance,False
2024-03-22,35.98580551147461,39.75,40.75,39.54999923706055,40.400001525878906,10962712,yfinance,False
2024-03-25,35.71421432495117,39.45000076293945,40.29999923706055,39.400001525878906,40.099998474121094,8001847,yfinance,False
2024-03-26,36.031070709228516,39.79999923706055,40.150001525878906,39.400001525878906,39.900001525878906,9043523,yfinance,False
2024-03-27,35.850013732910156,39.599998474121094,40.20000076293945,39.5,39.70000076293945,10039388,yfinance,False
2024-03-28,35.57841873168945,39.29999923706055,39.95000076293945,39.20000076293945,39.54999923706055,8397680,yfinance,False
2024-04-02,37.117435455322266,41.0,41.29999923706055,40.5,40.5,10542159,yfinance,False
2024-04-03,36.755313873291016,40.599998474121094,41.20000076293945,40.349998474121094,41.099998474121094,9840389,yfinance,False
2024-04-05,36.755313873291016,40.599998474121094,40.75,39.599998474121094,40.70000076293945,8989921,yfinance,False
2024-04-08,36.755313873291016,40.599998474121094,40.599998474121094,39.400001525878906,40.599998474121094,9380856,yfinance,False
2024-04-09,36.98163986206055,40.849998474121094,41.54999923706055,40.70000076293945,40.95000076293945,8404566,yfinance,False
2024-04-10,37.02690887451172,40.900001525878906,41.29999923706055,40.20000076293945,41.29999923706055,8461019,yfinance,False
2024-04-11,36.755313873291016,40.599998474121094,40.599998474121094,39.900001525878906,40.20000076293945,7766188,yfinance,False
2024-04-12,36.031070709228516,39.79999923706055,40.599998474121094,39.70000076293945,40.45000076293945,7683132,yfinance,False
2024-04-15,35.035240173339844,38.70000076293945,39.25,38.150001525878906,39.150001525878906,15190479,yfinance,False
2024-04-16,33.315162658691406,36.79999923706055,38.5,36.599998474121094,38.5,19027284,yfinance,False
2024-04-17,30.961376190185547,34.20000076293945,36.5,33.70000076293945,36.25,35754108,yfinance,False
2024-04-18,30.825578689575195,34.04999923706055,35.400001525878906,34.04999923706055,34.20000076293945,22449959,yfinance,False
2024-04-19,30.463462829589844,33.650001525878906,34.150001525878906,33.349998474121094,33.75,20907094,yfinance,False
2024-04-22,31.27823257446289,34.54999923706055,35.150001525878906,34.099998474121094,34.20000076293945,14550991,yfinance,False
2024-04-23,31.595090866088867,34.900001525878906,35.29999923706055,34.599998474121094,35.0,9374853,yfinance,False
2024-04-24,31.685617446899414,35.0,35.54999923706055,34.900001525878906,35.25,11912846,yfinance,False
2024-04-25,31.730886459350586,35.04999923706055,35.5,34.04999923706055,35.0,10119294,yfinance,False
2024-04-26,32.228797912597656,35.599998474121094,35.849998474121094,34.650001525878906,35.04999923706055,18330981,yfinance,False
2024-04-29,32.590919494628906,36.0,37.29999923706055,35.599998474121094,36.5,33365644,yfinance,False
2024-04-30,32.0930061340332,35.45000076293945,36.599998474121094,35.349998474121094,36.099998474121094,14410571,yfinance,False
2024-05-02,32.77198791503906,36.20000076293945,36.29999923706055,34.849998474121094,35.099998474121094,17380921,yfinance,False
2024-05-03,33.94887924194336,37.5,38.04999923706055,36.95000076293945,37.0,20758104,yfinance,False
2024-05-06,33.90361404418945,37.45000076293945,37.54999923706055,36.400001525878906,37.04999923706055,14201271,yfinance,False
2024-05-07,33.67728805541992,37.20000076293945,37.45000076293945,36.650001525878906,37.400001525878906,14077759,yfinance,False
2024-05-08,33.36042785644531,36.849998474121094,37.70000076293945,36.75,37.25,10059636,yfinance,False
2024-05-09,33.54148864746094,37.04999923706055,37.25,36.599998474121094,36.849998474121094,9663397,yfinance,False
2024-05-10,33.76781463623047,37.29999923706055,37.5,36.650001525878906,37.150001525878906,8449943,yfinance,False
2024-05-13,34.673118591308594,38.29999923706055,38.400001525878906,36.54999923706055,37.0,14363585,yfinance,False
2024-05-14,33.315162658691406,36.79999923706055,38.29999923706055,36.70000076293945,38.25,22299375,yfinance,False
2024-05-16,35.442626953125,39.150001525878906,39.25,37.70000076293945,38.0,28688158,yfinance,False
2024-05-17,36.12160110473633,39.900001525878906,40.5,39.0,39.20000076293945,21618956,yfinance,False
2024-05-20,37.34376525878906,41.25,41.900001525878906,40.400001525878906,40.5,28149240,yfinance,False
2024-05-21,35.850013732910156,39.599998474121094,41.0,38.95000076293945,40.70000076293945,25058708,yfinance,False
2024-05-22,36.48371887207031,40.29999923706055,40.900001525878906,39.95000076293945,40.099998474121094,13612025,yfinance,False
2024-05-23,36.076332092285156,39.849998474121094,40.099998474121094,39.29999923706055,39.95000076293945,10564476,yfinance,False
2024-05-24,35.261566162109375,38.95000076293945,39.849998474121094,38.79999923706055,39.849998474121094,11684054,yfinance,False
2024-05-27,35.12576675415039,38.79999923706055,39.25,37.900001525878906,39.20000076293945,8805307,yfinance,False
2024-05-28,35.53315734863281,39.25,39.95000076293945,38.79999923706055,39.0,7139678,yfinance,False
2024-05-29,35.12576675415039,38.79999923706055,39.349998474121094,38.29999923706055,39.25,11365532,yfinance,False
2024-05-30,34.58258819580078,38.20000076293945,39.25,38.0,38.54999923706055,9761706,yfinance,False
2024-05-31,33.94887924194336,37.5,38.5,37.349998474121094,38.20000076293945,14660622,yfinance,False
2024-06-03,34.62785339355469,38.25,38.75,37.79999923706055,37.79999923706055,9964345,yfinance,False
2024-06-04,35.306827545166016,39.0,39.20000076293945,37.650001525878906,38.04999923706055,7188347,yfinance,False
2024-06-05,36.12160110473633,39.900001525878906,40.349998474121094,38.900001525878906,39.0,12454547,yfinance,False
2024-06-06,36.61952209472656,40.45000076293945,41.150001525878906,40.04999923706055,40.04999923706055,11405701,yfinance,False
2024-06-07,36.21213150024414,40.0,40.5,39.849998474121094,40.5,8490101,yfinance,False
2024-06-11,35.804744720458984,39.54999923706055,40.95000076293945,39.349998474121094,40.95000076293945,6999542,yfinance,False
2024-06-12,34.4920539855957,38.099998474121094,39.54999923706055,38.0,39.45000076293945,9362228,yfinance,False
2024-06-13,35.261566162109375,38.95000076293945,39.0,38.0,38.0,6477516,yfinance,False
2024-06-14,35.35209274291992,39.04999923706055,39.29999923706055,38.150001525878906,38.599998474121094,6862863,yfinance,False
2024-06-17,34.89944076538086,38.54999923706055,39.150001525878906,38.349998474121094,38.400001525878906,5550970,yfinance,False
2024-06-18,34.85417938232422,38.5,39.150001525878906,38.29999923706055,38.95000076293945,4532419,yfinance,False
2024-06-19,35.71421432495117,39.45000076293945,39.599998474121094,38.54999923706055,38.650001525878906,6039859,yfinance,False
2024-06-20,35.21630096435547,38.900001525878906,39.70000076293945,38.5,39.400001525878906,3420299,yfinance,False
2024-06-21,34.62785339355469,38.25,39.0,38.20000076293945,38.900001525878906,8244057,yfinance,False
2024-06-24,33.94887924194336,37.5,38.400001525878906,37.04999923706055,38.099998474121094,9547342,yfinance,False
2024-06-25,33.67728805541992,37.20000076293945,37.75,36.900001525878906,37.54999923706055,6398922,yfinance,False
2024-06-26,33.76781463623047,37.29999923706055,37.599998474121094,36.599998474121094,36.900001525878906,6564091,yfinance,False
2024-06-27,33.17937469482422,36.650001525878906,37.20000076293945,36.099998474121094,37.0,9172531,yfinance,False
2024-06-28,32.95304489135742,36.400001525878906,36.849998474121094,36.0,36.150001525878906,6479050,yfinance,False
2024-07-02,32.81724548339844,36.25,36.900001525878906,36.0,36.900001525878906,5509704,yfinance,False
2024-07-03,33.4962272644043,37.0,37.20000076293945,36.400001525878906,36.5,6604474,yfinance,False
2024-07-04,32.99830627441406,36.45000076293945,37.29999923706055,36.29999923706055,37.25,3861799,yfinance,False
2024-07-05,31.911943435668945,35.25,36.650001525878906,35.0,36.54999923706055,12568603,yfinance,False
2024-07-08,30.55398941040039,33.75,35.25,33.45000076293945,35.20000076293945,16838430,yfinance,False
2024-07-09,30.825578689575195,34.04999923706055,34.400001525878906,33.70000076293945,33.900001525878906,7789663,yfinance,False
2024-07-10,30.64451789855957,33.849998474121094,34.650001525878906,33.79999923706055,34.150001525878906,4101169,yfinance,False
2024-07-11,31.323495864868164,34.599998474121094,34.70000076293945,33.849998474121094,34.349998474121094,5725015,yfinance,False
2024-07-12,31.866676330566406,35.20000076293945,35.5,34.79999923706055,34.95000076293945,5274461,yfinance,False
2024-07-15,31.23296546936035,34.5,35.20000076293945,34.25,35.20000076293945,4555939,yfinance,False
2024-07-16,30.870845794677734,34.099998474121094,34.29999923706055,33.650001525878906,34.29999923706055,4895175,yfinance,False
2024-07-17,31.097169876098633,34.349998474121094,34.70000076293945,34.04999923706055,34.099998474121094,2998304,yfinance,False
2024-07-18,31.14243507385254,34.400001525878906,34.79999923706055,34.25,34.25,3753150,yfinance,False
2024-07-19,30.735048294067383,33.95000076293945,34.45000076293945,33.75,34.0,8224175,yfinance,False
2024-07-22,30.916109085083008,34.150001525878906,34.25,33.45000076293945,34.0,4579455,yfinance,False
2024-07-23,30.825578689575195,34.04999923706055,34.75,33.900001525878906,34.650001525878906,6051334,yfinance,False
2024-07-24,31.051902770996094,34.29999923706055,34.54999923706055,34.0,34.04999923706055,4842836,yfinance,False
2024-07-25,30.870845794677734,34.099998474121094,34.45000076293945,33.45000076293945,34.20000076293945,7380588,yfinance,False
2024-07-26,30.55398941040039,33.75,34.25,33.5,34.099998474121094,6009804,yfinance,False
2024-07-29,30.55398941040039,33.75,34.099998474121094,33.5,33.599998474121094,4559693,yfinance,False
2024-07-30,29.603422164916992,32.70000076293945,33.70000076293945,32.650001525878906,33.70000076293945,10046680,yfinance,False
2024-07-31,29.739213943481445,32.849998474121094,33.150001525878906,32.5,32.70000076293945,11889722,yfinance,False
2024-08-01,29.69394874572754,32.79999923706055,32.95000076293945,32.29999923706055,32.849998474121094,4720136,yfinance,False
2024-08-02,28.33599281311035,31.299999237060547,32.29999923706055,31.100000381469727,32.099998474121094,13909931,yfinance,False
2024-08-05,28.96970558166504,32.0,32.400001525878906,30.350000381469727,30.600000381469727,13087677,yfinance,False
2024-08-06,28.51705551147461,31.5,32.75,31.299999237060547,32.25,8765559,yfinance,False
2024-08-07,27.88334083557129,30.799999237060547,31.549999237060547,30.649999618530273,31.5,7738810,yfinance,False
2024-08-08,27.4759578704834,30.350000381469727,30.799999237060547,29.899999618530273,30.600000381469727,18666038,yfinance,False
2024-08-09,27.88334083557129,30.799999237060547,31.549999237060547,30.649999618530273,30.950000762939453,11124003,yfinance,False
2024-08-12,26.661184310913086,29.450000762939453,30.049999237060547,29.049999237060547,30.049999237060547,18072040,yfinance,False
2024-08-13,26.615917205810547,29.399999618530273,29.549999237060547,28.700000762939453,29.25,22035343,yfinance,False
2024-08-14,26.48012351989746,29.25,29.799999237060547,29.100000381469727,29.799999237060547,12942083,yfinance,False
2024-08-15,26.7517147064209,29.549999237060547,29.700000762939453,28.649999618530273,29.200000762939453,32461979,yfinance,False
2024-08-16,28.245464324951172,31.200000762939453,31.25,29.899999618530273,30.399999618530273,61615133,yfinance,False
2024-08-19,28.698116302490234,31.700000762939453,32.349998474121094,31.5,31.649999618530273,21284689,yfinance,False
2024-08-20,28.471790313720703,31.450000762939453,32.25,31.200000762939453,32.20000076293945,10320405,yfinance,False
2024-08-21,28.290729522705078,31.25,31.399999618530273,30.899999618530273,31.200000762939453,8989083,yfinance,False
2024-08-22,28.245464324951172,31.200000762939453,31.799999237060547,30.799999237060547,31.549999237060547,8818881,yfinance,False
2024-08-23,27.928606033325195,30.850000381469727,31.0,30.299999237060547,30.899999618530273,5883039,yfinance,False
2024-08-26,28.109668731689453,31.049999237060547,31.649999618530273,30.899999618530273,31.100000381469727,10413417,yfinance,False
2024-08-27,27.88334083557129,30.799999237060547,31.0,30.200000762939453,30.850000381469727,14376369,yfinance,False
2024-08-28,27.61174964904785,30.5,31.100000381469727,30.350000381469727,30.850000381469727,10950464,yfinance,False
2024-08-29,27.068571090698242,29.899999618530273,30.5,29.600000381469727,30.399999618530273,17261960,yfinance,False
2024-08-30,27.340160369873047,30.200000762939453,31.0,29.850000381469727,29.899999618530273,25858537,yfinance,False
2024-09-02,27.159101486206055,30.0,30.700000762939453,29.75,30.5,11188059,yfinance,False
2024-09-03,27.068571090698242,29.899999618530273,30.75,29.75,30.0,10247143,yfinance,False
2024-09-04,26.887510299682617,29.700000762939453,30.299999237060547,29.299999237060547,29.75,9700455,yfinance,False
2024-09-05,26.38959503173828,29.149999618530273,30.100000381469727,28.899999618530273,29.700000762939453,9485195,yfinance,False
2024-09-09,25.982206344604492,28.700000762939453,29.399999618530273,28.299999237060547,29.149999618530273,14776479,yfinance,False
2024-09-10,26.163267135620117,28.899999618530273,29.149999618530273,28.350000381469727,28.450000762939453,14509215,yfinance,False
2024-09-11,25.25796127319336,27.899999618530273,28.700000762939453,27.700000762939453,28.399999618530273,10321695,yfinance,False
2024-09-12,25.665348052978516,28.350000381469727,28.700000762939453,27.75,28.049999237060547,10940925,yfinance,False
2024-09-13,25.393760681152344,28.049999237060547,28.950000762939453,28.049999237060547,28.399999618530273,8086607,yfinance,False
2024-09-16,25.665348052978516,28.350000381469727,28.350000381469727,27.600000381469727,27.799999237060547,11503244,yfinance,False
2024-09-17,26.208532333374023,28.950000762939453,29.100000381469727,28.049999237060547,28.200000762939453,9120940,yfinance,False
2024-09-19,27.38542366027832,30.25,30.649999618530273,29.0,29.0,17787360,yfinance,False
2024-09-20,28.245464324951172,31.200000762939453,31.350000381469727,30.0,30.600000381469727,21139122,yfinance,False
2024-09-23,27.928606033325195,30.850000381469727,31.700000762939453,30.75,30.799999237060547,19035450,yfinance,False
2024-09-24,28.940847396850586,31.450000762939453,31.700000762939453,30.450000762939453,31.100000381469727,20816281,yfinance,False
2024-09-25,29.078880310058594,31.600000381469727,33.150001525878906,31.549999237060547,32.900001525878906,21767336,yfinance,False
2024-09-26,31.977563858032227,34.75,34.75,31.649999618530273,31.899999618530273,35276206,yfinance,False
2024-09-27,34.78422927856445,37.79999923706055,38.599998474121094,36.25,36.79999923706055,64066359,yfinance,False
2024-09-30,35.93450164794922,39.04999923706055,40.599998474121094,38.04999923706055,38.79999923706055,47665328,yfinance,False
2024-10-02,38.18903732299805,41.5,41.650001525878906,38.20000076293945,38.20000076293945,48242528,yfinance,False
2024-10-03,36.07253646850586,39.20000076293945,41.5,37.95000076293945,41.5,30090862,yfinance,False
2024-10-04,36.440616607666016,39.599998474121094,40.5,38.45000076293945,39.0,15829128,yfinance,False
2024-10-07,39.84542465209961,43.29999923706055,43.79999923706055,41.25,41.25,42880709,yfinance,False
2024-10-08,34.96827697753906,38.0,42.79999923706055,37.650001525878906,42.79999923706055,37967199,yfinance,False
2024-10-09,35.10630798339844,38.150001525878906,39.75,36.900001525878906,38.75,31172323,yfinance,False
2024-10-10,35.88848876953125,39.0,39.5,37.54999923706055,38.900001525878906,22309935,yfinance,False
2024-10-14,34.324119567871094,37.29999923706055,38.900001525878906,36.95000076293945,38.900001525878906,20968703,yfinance,False
2024-10-15,32.94379425048828,35.79999923706055,37.79999923706055,35.29999923706055,37.29999923706055,21838631,yfinance,False
2024-10-16,31.609479904174805,34.349998474121094,35.70000076293945,34.0,35.29999923706055,29753500,yfinance,False
2024-10-17,31.241395950317383,33.95000076293945,35.099998474121094,33.54999923706055,34.650001525878906,12834301,yfinance,False
2024-10-18,32.207618713378906,35.0,35.45000076293945,33.900001525878906,34.04999923706055,23508784,yfinance,False
2024-10-21,31.241395950317383,33.95000076293945,34.900001525878906,33.45000076293945,34.900001525878906,16064145,yfinance,False
2024-10-22,31.149370193481445,33.849998474121094,34.349998474121094,33.400001525878906,33.79999923706055,14702325,yfinance,False
2024-10-23,31.47144889831543,34.20000076293945,34.25,33.5,33.849998474121094,12275313,yfinance,False
2024-10-24,31.149370193481445,33.849998474121094,34.599998474121094,33.599998474121094,33.79999923706055,11108138,yfinance,False
2024-10-25,31.563465118408203,34.29999923706055,34.599998474121094,33.70000076293945,33.70000076293945,33473463,yfinance,False
2024-10-28,32.253631591796875,35.04999923706055,35.349998474121094,34.400001525878906,34.45000076293945,15067676,yfinance,False
2024-10-29,32.299644470214844,35.099998474121094,35.650001525878906,34.75,35.099998474121094,12026032,yfinance,False
2024-10-30,32.1156005859375,34.900001525878906,35.5,34.75,34.849998474121094,11060492,yfinance,False
2024-10-31,31.793521881103516,34.54999923706055,35.150001525878906,34.29999923706055,34.900001525878906,6797698,yfinance,False
2024-11-01,32.0695915222168,34.849998474121094,35.25,34.29999923706055,34.650001525878906,9846001,yfinance,False
2024-11-04,32.0695915222168,34.849998474121094,35.099998474121094,34.5,34.849998474121094,5035539,yfinance,False
2024-11-05,32.805763244628906,35.650001525878906,35.650001525878906,34.70000076293945,34.70000076293945,9460701,yfinance,False
2024-11-06,31.83953285217285,34.599998474121094,35.650001525878906,34.29999923706055,35.25,9246484,yfinance,False
2024-11-07,33.449913024902344,36.349998474121094,36.5,33.95000076293945,34.0,26378725,yfinance,False
2024-11-08,33.40390396118164,36.29999923706055,37.900001525878906,35.95000076293945,36.79999923706055,12865456,yfinance,False
2024-11-11,33.08182907104492,35.95000076293945,36.0,34.79999923706055,35.5,10418919,yfinance,False
2024-11-12,31.885543823242188,34.650001525878906,36.45000076293945,34.349998474121094,35.849998474121094,13843490,yfinance,False
2024-11-13,31.425437927246094,34.150001525878906,34.54999923706055,33.099998474121094,34.45000076293945,17407805,yfinance,False
2024-11-14,29.999095916748047,32.599998474121094,34.150001525878906,32.29999923706055,34.0,19738461,yfinance,False
2024-11-15,30.04511070251465,32.650001525878906,33.150001525878906,32.099998474121094,32.650001525878906,8320887,yfinance,False
2024-11-18,30.137130737304688,32.75,33.150001525878906,32.5,33.0,5279011,yfinance,False
2024-11-19,30.137130737304688,32.75,33.400001525878906,32.599998474121094,33.099998474121094,7654754,yfinance,False
2024-11-20,30.45920753479004,33.099998474121094,33.099998474121094,32.5,32.650001525878906,7066534,yfinance,False
2024-11-21,30.367183685302734,33.0,33.04999923706055,32.650001525878906,32.95000076293945,3647837,yfinance,False
2024-11-22,29.999095916748047,32.599998474121094,33.75,32.349998474121094,32.900001525878906,9209325,yfinance,False
2024-11-25,29.723031997680664,32.29999923706055,32.900001525878906,31.75,32.849998474121094,11630484,yfinance,False
2024-11-26,30.04511070251465,32.650001525878906,33.20000076293945,32.150001525878906,32.150001525878906,7720170,yfinance,False
2024-11-27,30.827293395996094,33.5,33.599998474121094,32.45000076293945,32.5,5556642,yfinance,False
2024-11-28,30.55122947692871,33.20000076293945,33.79999923706055,33.099998474121094,33.70000076293945,3906369,yfinance,False
2024-11-29,31.793521881103516,34.54999923706055,34.75,33.20000076293945,33.20000076293945,11486156,yfinance,False
2024-12-02,32.299644470214844,35.099998474121094,35.95000076293945,34.599998474121094,34.900001525878906,11971150,yfinance,False
2024-12-03,32.667728424072266,35.5,35.70000076293945,34.900001525878906,35.20000076293945,8210786,yfinance,False
2024-12-04,32.71373748779297,35.54999923706055,35.79999923706055,35.20000076293945,35.54999923706055,5118843,yfinance,False
2024-12-05,32.39167022705078,35.20000076293945,35.29999923706055,34.849998474121094,35.25,4729261,yfinance,False
2024-12-06,32.62172317504883,35.45000076293945,35.95000076293945,34.95000076293945,35.20000076293945,6422093,yfinance,False
2024-12-09,33.35789108276367,36.25,36.29999923706055,34.95000076293945,35.150001525878906,6871914,yfinance,False
2024-12-10,33.54193878173828,36.45000076293945,37.79999923706055,36.400001525878906,37.5,14600009,yfinance,False
2024-12-11,33.265869140625,36.150001525878906,36.79999923706055,35.95000076293945,36.5,3806025,yfinance,False
2024-12-12,33.67996597290039,36.599998474121094,37.400001525878906,35.849998474121094,36.400001525878906,6574742,yfinance,False
2024-12-13,33.03581619262695,35.900001525878906,36.29999923706055,35.5,36.29999923706055,6018062,yfinance,False
2024-12-16,31.931554794311523,34.70000076293945,36.54999923706055,34.45000076293945,35.70000076293945,9799642,yfinance,False
2024-12-17,31.5174560546875,34.25,34.70000076293945,33.849998474121094,34.400001525878906,10435602,yfinance,False
2024-12-18,31.563465118408203,34.29999923706055,34.849998474121094,33.900001525878906,34.75,4832356,yfinance,False
2024-12-19,31.425437927246094,34.150001525878906,34.349998474121094,33.599998474121094,33.70000076293945,5463002,yfinance,False
2024-12-20,31.563465118408203,34.29999923706055,34.400001525878906,33.900001525878906,34.150001525878906,5904429,yfinance,False
2024-12-23,31.5174560546875,34.25,34.650001525878906,34.04999923706055,34.5,3478937,yfinance,False
2024-12-24,31.287399291992188,34.0,34.0,34.0,34.0,0,yfinance,False
2024-12-27,31.19537925720215,33.900001525878906,34.349998474121094,33.599998474121094,33.79999923706055,5109667,yfinance,False
2024-12-30,30.229150772094727,32.849998474121094,34.099998474121094,32.599998474121094,33.900001525878906,9572672,yfinance,False
2024-12-31,30.367183685302734,33.0,33.0,33.0,33.0,0,yfinance,False
2025-01-02,29.631011962890625,32.20000076293945,33.0,32.0,33.0,12051279,yfinance,False
2025-01-03,30.367183685302734,33.0,33.20000076293945,32.599998474121094,32.70000076293945,8890994,yfinance,False
2025-01-06,30.091121673583984,32.70000076293945,33.400001525878906,32.5,33.04999923706055,9349539,yfinance,False
2025-01-07,30.919315338134766,33.599998474121094,33.79999923706055,32.29999923706055,32.29999923706055,10961482,yfinance,False
2025-01-08,30.597240447998047,33.25,33.849998474121094,32.70000076293945,33.75,6631078,yfinance,False
2025-01-09,30.781282424926758,33.45000076293945,33.79999923706055,33.099998474121094,33.25,6978943,yfinance,False
2025-01-10,30.18313980102539,32.79999923706055,33.650001525878906,32.5,33.20000076293945,7529855,yfinance,False
2025-01-13,29.49297523498535,32.04999923706055,32.29999923706055,31.649999618530273,32.29999923706055,9903207,yfinance,False
2025-01-14,29.95308494567871,32.54999923706055,32.900001525878906,31.850000381469727,32.150001525878906,10176887,yfinance,False
2025-01-15,29.53898811340332,32.099998474121094,32.79999923706055,31.850000381469727,32.400001525878906,9431630,yfinance,False
2025-01-16,28.89483642578125,31.399999618530273,32.45000076293945,31.399999618530273,32.0,14959473,yfinance,False
2025-01-17,28.98685646057129,31.5,31.799999237060547,31.049999237060547,31.25,9038017,yfinance,False
2025-01-20,29.308937072753906,31.850000381469727,32.349998474121094,31.399999618530273,31.5,12477239,yfinance,False
2025-01-21,29.631011962890625,32.20000076293945,32.400001525878906,31.75,32.349998474121094,5885121,yfinance,False
2025-01-22,28.940847396850586,31.450000762939453,32.29999923706055,31.350000381469727,32.04999923706055,7966412,yfinance,False
2025-01-23,28.434728622436523,30.899999618530273,31.950000762939453,30.799999237060547,31.700000762939453,9239913,yfinance,False
2025-01-24,29.2169132232666,31.75,31.75,31.049999237060547,31.200000762939453,8141130,yfinance,False
2025-01-27,30.18313980102539,32.79999923706055,33.20000076293945,31.950000762939453,32.0,16383170,yfinance,False
2025-01-28,30.597240447998047,33.25,33.25,33.25,33.25,0,yfinance,False
2025-02-03,28.802814483642578,31.299999237060547,32.099998474121094,30.899999618530273,32.0,26147561,yfinance,False
2025-02-04,28.57276153564453,31.049999237060547,31.950000762939453,30.799999237060547,31.700000762939453,14549714,yfinance,False
2025-02-05,27.514509201049805,29.899999618530273,31.350000381469727,29.0,31.049999237060547,25511794,yfinance,False
2025-02-06,27.23844337463379,29.600000381469727,30.149999618530273,29.399999618530273,29.899999618530273,20870699,yfinance,False
2025-02-07,27.284454345703125,29.649999618530273,30.100000381469727,29.200000762939453,29.600000381469727,16444117,yfinance,False
2025-02-10,27.14642333984375,29.5,30.049999237060547,29.200000762939453,29.649999618530273,18388121,yfinance,False
2025-02-11,26.04216194152832,28.299999237060547,29.600000381469727,28.049999237060547,29.5,27809635,yfinance,False
2025-02-12,26.410249710083008,28.700000762939453,29.149999618530273,28.450000762939453,28.5,18247777,yfinance,False
2025-02-13,26.870359420776367,29.200000762939453,30.200000762939453,28.799999237060547,28.850000381469727,26506810,yfinance,False
2025-02-14,27.37647819519043,29.75,29.899999618530273,29.350000381469727,29.649999618530273,16742734,yfinance,False
2025-02-17,27.652542114257812,30.049999237060547,30.350000381469727,29.600000381469727,29.850000381469727,13303943,yfinance,False
2025-02-18,27.37647819519043,29.75,30.049999237060547,29.399999618530273,30.049999237060547,14033936,yfinance,False
2025-02-19,27.284454345703125,29.649999618530273,29.899999618530273,29.200000762939453,29.5,7679349,yfinance,False
2025-02-20,27.4685001373291,29.850000381469727,30.299999237060547,29.149999618530273,29.25,11372439,yfinance,False
2025-02-21,27.14642333984375,29.5,29.899999618530273,29.100000381469727,29.899999618530273,18046283,yfinance,False
2025-02-24,28.34270477294922,30.799999237060547,31.25,29.299999237060547,29.450000762939453,24705732,yfinance,False
2025-02-25,27.744565963745117,30.149999618530273,30.450000762939453,29.850000381469727,30.25,13710611,yfinance,False
2025-02-26,28.20467185974121,30.649999618530273,30.850000381469727,30.299999237060547,30.350000381469727,9169347,yfinance,False
2025-02-27,28.802814483642578,31.299999237060547,31.600000381469727,30.200000762939453,30.399999618530273,24060922,yfinance,False
2025-02-28,29.354944229125977,31.899999618530273,32.54999923706055,30.899999618530273,31.299999237060547,29887157,yfinance,False
2025-03-03,29.769041061401367,32.349998474121094,33.75,32.29999923706055,32.400001525878906,25264657,yfinance,False
2025-03-04,28.848827362060547,31.350000381469727,32.349998474121094,31.350000381469727,32.349998474121094,11206238,yfinance,False
2025-03-05,29.58500099182129,32.150001525878906,32.29999923706055,31.149999618530273,31.299999237060547,9055016,yfinance,False
2025-03-06,30.18313980102539,32.79999923706055,32.900001525878906,32.150001525878906,32.5,13908733,yfinance,False
2025-03-07,29.95308494567871,32.54999923706055,33.25,32.20000076293945,32.5,8925942,yfinance,False
2025-03-10,29.58500099182129,32.150001525878906,32.79999923706055,31.799999237060547,32.70000076293945,9441273,yfinance,False
2025-03-11,29.677021026611328,32.25,32.349998474121094,31.149999618530273,31.799999237060547,10747364,yfinance,False
2025-03-12,29.03287124633789,31.549999237060547,32.25,31.25,31.850000381469727,9743565,yfinance,False
2025-03-13,28.66478157043457,31.149999618530273,31.799999237060547,30.799999237060547,31.549999237060547,7355977,yfinance,False
2025-03-14,29.677021026611328,32.25,32.79999923706055,31.0,31.549999237060547,15492688,yfinance,False
2025-03-17,30.04511070251465,32.650001525878906,33.29999923706055,32.29999923706055,32.29999923706055,12723963,yfinance,False
2025-03-18,30.413192749023438,33.04999923706055,33.20000076293945,32.54999923706055,33.099998474121094,12986483,yfinance,False
2025-03-19,30.919315338134766,33.599998474121094,33.70000076293945,32.79999923706055,33.04999923706055,15025057,yfinance,False
2025-03-20,30.229150772094727,32.849998474121094,33.849998474121094,32.79999923706055,33.75,29549211,yfinance,False
2025-03-21,30.091121673583984,32.70000076293945,33.099998474121094,32.150001525878906,32.849998474121094,24694079,yfinance,False
2025-03-24,29.861066818237305,32.45000076293945,32.70000076293945,32.04999923706055,32.70000076293945,9540302,yfinance,False
2025-03-25,29.49297523498535,32.04999923706055,32.70000076293945,31.799999237060547,32.70000076293945,11938802,yfinance,False
2025-03-26,29.49297523498535,32.04999923706055,32.29999923706055,31.649999618530273,32.04999923706055,9523304,yfinance,False
2025-03-27,29.49297523498535,32.04999923706055,32.599998474121094,31.850000381469727,32.04999923706055,9295834,yfinance,False
2025-03-28,28.940847396850586,31.450000762939453,32.25,31.25,32.150001525878906,12105247,yfinance,False
2025-03-31,27.974618911743164,30.399999618530273,31.450000762939453,30.200000762939453,31.450000762939453,19971124,yfinance,False
2025-04-01,28.15866470336914,30.600000381469727,31.299999237060547,30.5,30.5,10863274,yfinance,False
2025-04-02,28.066640853881836,30.5,30.950000762939453,30.200000762939453,30.649999618530273,8325619,yfinance,False
2025-04-03,27.744565963745117,30.149999618530273,30.25,29.75,29.850000381469727,9084325,yfinance,False
2025-04-07,24.293746948242188,26.399999618530273,28.200000762939453,26.049999237060547,27.899999618530273,44835894,yfinance,False
2025-04-08,24.063692092895508,26.149999618530273,27.049999237060547,25.700000762939453,26.149999618530273,24682304,yfinance,False
2025-04-09,23.51156234741211,25.549999237060547,25.649999618530273,24.299999237060547,25.399999618530273,24857655,yfinance,False
2025-04-10,24.431781768798828,26.549999237060547,27.100000381469727,25.899999618530273,26.049999237060547,16756735,yfinance,False
2025-04-11,25.39801025390625,27.600000381469727,27.850000381469727,26.299999237060547,26.549999237060547,22241456,yfinance,False
2025-04-14,25.766096115112305,28.0,28.200000762939453,27.399999618530273,27.950000762939453,10775561,yfinance,False
2025-04-15,24.84587860107422,27.0,28.350000381469727,26.75,28.299999237060547,19019109,yfinance,False
2025-04-16,24.523801803588867,26.649999618530273,27.0,26.5,26.799999237060547,18426476,yfinance,False
2025-04-17,25.16795539855957,27.350000381469727,27.5,26.450000762939453,26.5,8430819,yfinance,False
2025-04-22,25.16795539855957,27.350000381469727,27.350000381469727,26.700000762939453,27.0,10597311,yfinance,False
2025-04-23,25.996150970458984,28.25,28.549999237060547,27.799999237060547,27.950000762939453,17743402,yfinance,False
2025-04-24,25.904130935668945,28.149999618530273,28.600000381469727,27.799999237060547,28.25,13441868,yfinance,False
2025-04-25,25.996150970458984,28.25,28.799999237060547,28.200000762939453,28.299999237060547,8752145,yfinance,False
2025-04-28,25.7200870513916,27.950000762939453,28.5,27.899999618530273,28.25,7489262,yfinance,False
2025-04-29,25.858118057250977,28.100000381469727,28.450000762939453,27.950000762939453,28.049999237060547,7111326,yfinance,False
2025-04-30,25.95013999938965,28.200000762939453,28.75,28.049999237060547,28.5,12212386,yfinance,False
2025-05-02,26.502269744873047,28.799999237060547,29.0,28.200000762939453,28.5,10938997,yfinance,False
2025-05-06,27.23844337463379,29.600000381469727,30.0,28.899999618530273,29.149999618530273,16734763,yfinance,False
2025-05-07,27.79057502746582,30.200000762939453,30.5,29.899999618530273,30.100000381469727,13381951,yfinance,False
2025-05-08,27.974618911743164,30.399999618530273,30.700000762939453,29.950000762939453,30.200000762939453,11820942,yfinance,False
2025-05-09,28.25068473815918,30.700000762939453,31.0,29.950000762939453,30.399999618530273,14327952,yfinance,False
2025-05-12,29.44696807861328,32.0,32.20000076293945,31.200000762939453,31.399999618530273,24308045,yfinance,False
2025-05-13,29.354944229125977,31.899999618530273,32.25,31.200000762939453,31.950000762939453,15640736,yfinance,False
2025-05-14,29.49297523498535,32.04999923706055,32.20000076293945,31.75,32.099998474121094,13508509,yfinance,False
2025-05-15,29.262924194335938,31.799999237060547,32.20000076293945,31.5,31.75,10716061,yfinance,False
2025-05-16,29.53898811340332,32.099998474121094,32.29999923706055,31.399999618530273,31.700000762939453,10166902,yfinance,False
2025-05-19,29.12489128112793,31.649999618530273,32.04999923706055,31.5,31.950000762939453,7577454,yfinance,False
2025-05-20,29.53898811340332,32.099998474121094,32.150001525878906,31.399999618530273,32.04999923706055,9886943,yfinance,False
2025-05-21,29.03287124633789,31.549999237060547,32.25,31.450000762939453,32.150001525878906,9478876,yfinance,False
2025-05-22,29.308937072753906,31.850000381469727,32.70000076293945,31.5,31.549999237060547,14584734,yfinance,False
2025-05-23,29.355680465698242,31.399999618530273,31.649999618530273,31.25,31.350000381469727,9062226,yfinance,False
2025-05-26,30.056852340698242,32.150001525878906,32.349998474121094,31.200000762939453,31.350000381469727,13359124,yfinance,False
2025-05-27,30.851511001586914,33.0,33.20000076293945,31.950000762939453,32.150001525878906,18707217,yfinance,False
2025-05-28,31.2722110748291,33.45000076293945,33.849998474121094,33.099998474121094,33.20000076293945,11980744,yfinance,False
2025-05-29,31.926639556884766,34.150001525878906,34.29999923706055,33.20000076293945,33.20000076293945,15268175,yfinance,False
2025-05-30,31.22547149658203,33.400001525878906,34.150001525878906,33.20000076293945,33.75,11477913,yfinance,False
2025-06-02,31.786407470703125,34.0,34.099998474121094,33.0,33.349998474121094,11964459,yfinance,False
2025-06-03,31.41244888305664,33.599998474121094,34.349998474121094,33.45000076293945,34.20000076293945,7959964,yfinance,False
2025-06-04,31.2722110748291,33.45000076293945,34.0,33.099998474121094,34.0,6053737,yfinance,False
2025-06-05,31.646169662475586,33.849998474121094,34.0,33.5,33.70000076293945,8090261,yfinance,False
2025-06-06,31.505937576293945,33.70000076293945,34.5,33.5,34.20000076293945,10891848,yfinance,False
2025-06-09,31.646169662475586,33.849998474121094,34.0,33.45000076293945,33.70000076293945,6906470,yfinance,False
2025-06-10,30.944997787475586,33.099998474121094,34.150001525878906,32.900001525878906,33.599998474121094,14205722,yfinance,False
2025-06-11,31.41244888305664,33.599998474121094,33.75,33.150001525878906,33.29999923706055,4488274,yfinance,False
2025-06-12,31.13197898864746,33.29999923706055,33.79999923706055,33.150001525878906,33.400001525878906,10350760,yfinance,False
2025-06-13,30.617786407470703,32.75,33.150001525878906,32.349998474121094,33.04999923706055,8783227,yfinance,False
2025-06-16,30.851511001586914,33.0,33.04999923706055,32.400001525878906,32.400001525878906,10896458,yfinance,False
2025-06-17,31.178722381591797,33.349998474121094,34.29999923706055,33.150001525878906,33.599998474121094,15975672,yfinance,False
2025-06-18,30.851511001586914,33.0,33.5,32.70000076293945,33.349998474121094,9516296,yfinance,False
2025-06-19,29.963359832763672,32.04999923706055,32.900001525878906,31.799999237060547,32.900001525878906,9801299,yfinance,False
2025-06-20,29.963359832763672,32.04999923706055,32.29999923706055,31.899999618530273,32.29999923706055,6173269,yfinance,False
2025-06-23,30.89825439453125,33.04999923706055,33.04999923706055,31.450000762939453,32.0,7554764,yfinance,False
2025-06-24,31.83315086364746,34.04999923706055,34.150001525878906,32.650001525878906,32.650001525878906,15978104,yfinance,False
2025-06-25,32.90827941894531,35.20000076293945,35.400001525878906,34.150001525878906,34.29999923706055,16081220,yfinance,False
2025-06-26,33.328983306884766,35.650001525878906,36.349998474121094,34.849998474121094,35.150001525878906,17822062,yfinance,False
2025-06-27,32.53432083129883,34.79999923706055,35.79999923706055,34.70000076293945,35.70000076293945,11475029,yfinance,False
2025-06-30,32.5810661315918,34.849998474121094,35.099998474121094,34.400001525878906,34.900001525878906,8112231,yfinance,False
2025-07-02,34.45085144042969,36.849998474121094,38.04999923706055,36.599998474121094,38.0,36321073,yfinance,False
2025-07-03,34.591087341308594,37.0,37.599998474121094,36.79999923706055,37.20000076293945,21571745,yfinance,False
2025-07-04,34.7313232421875,37.150001525878906,37.349998474121094,36.79999923706055,37.04999923706055,13488289,yfinance,False
2025-07-07,35.058536529541016,37.5,37.599998474121094,36.849998474121094,37.150001525878906,10267773,yfinance,False
2025-07-08,35.71295928955078,38.20000076293945,38.25,37.150001525878906,37.5,24417048,yfinance,False
2025-07-09,36.133663177490234,38.650001525878906,39.04999923706055,38.20000076293945,38.349998474121094,22623517,yfinance,False
2025-07-10,36.41413497924805,38.95000076293945,39.0,38.150001525878906,38.79999923706055,12201928,yfinance,False
2025-07-11,36.0869140625,38.599998474121094,39.099998474121094,38.45000076293945,38.849998474121094,11148606,yfinance,False
2025-07-14,35.806453704833984,38.29999923706055,38.70000076293945,37.70000076293945,38.54999923706055,9804883,yfinance,False
2025-07-15,35.75970458984375,38.25,38.54999923706055,37.70000076293945,38.29999923706055,14993431,yfinance,False
2025-07-16,35.75970458984375,38.25,38.45000076293945,38.099998474121094,38.45000076293945,8453966,yfinance,False
2025-07-17,35.245513916015625,37.70000076293945,38.5,37.5,38.5,6072124,yfinance,False
2025-07-18,34.91830062866211,37.349998474121094,38.150001525878906,37.150001525878906,37.849998474121094,10588695,yfinance,False
2025-07-21,34.684574127197266,37.099998474121094,37.5,36.599998474121094,37.0,17922582,yfinance,False
2025-07-22,34.591087341308594,37.0,37.45000076293945,36.650001525878906,37.099998474121094,11053822,yfinance,False
2025-07-23,34.45085144042969,36.849998474121094,37.349998474121094,36.75,37.29999923706055,13641999,yfinance,False
2025-07-24,35.52598190307617,38.0,38.400001525878906,36.650001525878906,36.95000076293945,18248153,yfinance,False
2025-07-25,35.15202331542969,37.599998474121094,38.099998474121094,37.400001525878906,37.70000076293945,8912437,yfinance,False
2025-07-28,35.15202331542969,37.599998474121094,38.349998474121094,37.150001525878906,37.54999923706055,19799033,yfinance,False
2025-07-29,35.993431091308594,38.5,38.650001525878906,37.29999923706055,37.599998474121094,14800995,yfinance,False
2025-07-30,35.47924041748047,37.95000076293945,38.650001525878906,37.5,38.29999923706055,17277791,yfinance,False
2025-07-31,35.899940490722656,38.400001525878906,38.70000076293945,38.0,38.0,12915572,yfinance,False
2025-08-01,35.4324951171875,37.900001525878906,38.54999923706055,37.79999923706055,38.25,10179265,yfinance,False
2025-08-04,36.25519943237305,38.779998779296875,38.79999923706055,37.599998474121094,37.91999816894531,8429956,yfinance,False
2025-08-05,37.52665710449219,40.13999938964844,40.560001373291016,38.439998626708984,38.79999923706055,22858980,yfinance,False
2025-08-06,37.32097625732422,39.91999816894531,40.29999923706055,39.70000076293945,40.119998931884766,9454412,yfinance,False
2025-08-07,38.592437744140625,41.279998779296875,41.599998474121094,40.36000061035156,40.779998779296875,17426208,yfinance,False
2025-08-08,38.08759689331055,40.7400016784668,41.400001525878906,40.41999816894531,41.18000030517578,13137857,yfinance,False
2025-08-11,36.98442077636719,39.560001373291016,40.86000061035156,39.119998931884766,40.7400016784668,16955903,yfinance,False
2025-08-12,37.56405258178711,40.18000030517578,40.52000045776367,39.099998474121094,39.31999969482422,19255297,yfinance,False
2025-08-13,36.77873992919922,39.34000015258789,40.18000030517578,38.58000183105469,40.18000030517578,19198984,yfinance,False
2025-08-14,37.358375549316406,39.959999084472656,40.439998626708984,39.31999969482422,39.68000030517578,13047061,yfinance,False
2025-08-15,36.947021484375,39.52000045776367,39.97999954223633,39.29999923706055,39.81999969482422,10686406,yfinance,False
2025-08-18,36.965721130371094,39.540000915527344,40.47999954223633,39.20000076293945,39.20000076293945,8532165,yfinance,False
2025-08-19,37.65753936767578,40.279998779296875,40.599998474121094,39.58000183105469,39.720001220703125,10065546,yfinance,False
2025-08-20,37.56405258178711,40.18000030517578,40.31999969482422,39.779998779296875,40.279998779296875,6902637,yfinance,False
2025-08-21,37.5827522277832,40.20000076293945,40.29999923706055,39.47999954223633,40.0,6715067,yfinance,False
2025-08-22,37.47056198120117,40.08000183105469,40.2599983215332,39.91999816894531,40.20000076293945,8405546,yfinance,False
2025-08-25,39.56472396850586,42.31999969482422,42.31999969482422,40.439998626708984,40.58000183105469,22394913,yfinance,False
2025-08-26,39.340354919433594,42.08000183105469,43.0,41.939998626708984,42.29999923706055,15038721,yfinance,False
2025-08-27,38.23717498779297,40.900001525878906,42.41999816894531,40.41999816894531,41.97999954223633,14625531,yfinance,False
2025-08-28,38.19977951049805,40.86000061035156,40.97999954223633,40.279998779296875,40.58000183105469,8959161,yfinance,False
2025-08-29,38.330665588378906,41.0,41.47999954223633,40.939998626708984,41.099998474121094,7230289,yfinance,False
2025-09-01,38.405460357666016,41.08000183105469,41.63999938964844,40.900001525878906,41.63999938964844,5592531,yfinance,False
2025-09-02,38.536346435546875,41.220001220703125,42.040000915527344,41.02000045776367,41.08000183105469,10562626,yfinance,False
2025-09-03,38.330665588378906,41.0,42.060001373291016,40.939998626708984,42.060001373291016,6909177,yfinance,False
2025-09-04,37.5827522277832,40.20000076293945,41.31999969482422,39.91999816894531,41.31999969482422,12029963,yfinance,False
2025-09-05,38.592437744140625,41.279998779296875,41.380001068115234,40.400001525878906,40.560001373291016,10127732,yfinance,False
2025-09-08,38.81680679321289,41.52000045776367,41.7599983215332,40.63999938964844,41.099998474121094,7583186,yfinance,False
2025-09-09,38.81680679321289,41.52000045776367,42.040000915527344,41.29999923706055,41.880001068115234,8233645,yfinance,False
2025-09-10,38.81680679321289,41.52000045776367,41.86000061035156,41.18000030517578,41.400001525878906,8558516,yfinance,False
2025-09-11,39.3216552734375,42.060001373291016,42.13999938964844,40.81999969482422,41.20000076293945,10316609,yfinance,False
2025-09-12,39.359046936035156,42.099998474121094,43.459999084472656,42.0,43.29999923706055,14794919,yfinance,False
2025-09-15,38.854209899902344,41.560001373291016,42.34000015258789,41.34000015258789,42.13999938964844,12896903,yfinance,False
2025-09-16,38.31196594238281,40.97999954223633,41.939998626708984,40.900001525878906,41.900001525878906,10937650,yfinance,False
2025-09-17,38.76071548461914,41.459999084472656,41.63999938964844,41.15999984741211,41.20000076293945,7943225,yfinance,False
2025-09-18,38.08759689331055,40.7400016784668,41.560001373291016,40.400001525878906,41.20000076293945,12314538,yfinance,False
2025-09-19,39.69561004638672,42.459999084472656,43.099998474121094,40.79999923706055,41.119998931884766,19764793,yfinance,False
2025-09-22,39.22816467285156,41.959999084472656,43.0,41.81999969482422,42.7599983215332,9035176,yfinance,False
2025-09-23,38.83551025390625,41.540000915527344,42.959999084472656,41.279998779296875,42.79999923706055,8971556,yfinance,False
2025-09-24,39.67231750488281,41.720001220703125,41.91999816894531,40.7400016784668,40.84000015258789,9218798,yfinance,False
2025-09-25,39.57722473144531,41.619998931884766,42.15999984741211,41.5,41.81999969482422,10546031,yfinance,False
2025-09-26,40.204830169677734,42.279998779296875,43.099998474121094,41.2400016784668,41.31999969482422,16122763,yfinance,False
2025-09-29,41.364952087402344,43.5,43.900001525878906,42.29999923706055,42.68000030517578,18896409,yfinance,False
2025-09-30,40.77538299560547,42.880001068115234,43.779998779296875,42.5,43.779998779296875,9021167,yfinance,False
2025-10-02,40.813419342041016,42.91999816894531,43.540000915527344,42.70000076293945,42.880001068115234,8827655,yfinance,False
2025-10-03,40.07170486450195,42.13999938964844,42.720001220703125,41.7400016784668,42.560001373291016,5919000,yfinance,False
2025-10-06,38.8735466003418,40.880001068115234,42.41999816894531,40.439998626708984,41.70000076293945,11999147,yfinance,False
2025-10-08,38.550235748291016,40.540000915527344,40.65999984741211,39.68000030517578,39.68000030517578,12381858,yfinance,False
2025-10-09,38.18888473510742,40.15999984741211,41.20000076293945,39.959999084472656,40.540000915527344,16375440,yfinance,False
2025-10-10,36.61035919189453,38.5,39.720001220703125,38.18000030517578,39.70000076293945,23434292,yfinance,False
2025-10-13,35.792572021484375,37.63999938964844,37.84000015258789,37.060001373291016,37.220001220703125,24022766,yfinance,False
2025-10-14,33.83367919921875,35.58000183105469,37.79999923706055,35.439998626708984,37.63999938964844,29503764,yfinance,False
2025-10-15,35.126922607421875,36.939998626708984,37.2400016784668,36.08000183105469,36.279998779296875,16787073,yfinance,False
2025-10-16,35.107906341552734,36.91999816894531,37.5,36.540000915527344,37.0,9252692,yfinance,False
2025-10-17,35.202999114990234,37.02000045776367,37.47999954223633,36.7599983215332,37.0,10626097,yfinance,False
2025-10-20,36.3250846862793,38.20000076293945,38.619998931884766,37.439998626708984,37.68000030517578,16600798,yfinance,False
2025-10-21,36.268028259277344,38.13999938964844,39.060001373291016,38.060001373291016,39.060001373291016,9050115,yfinance,False
2025-10-22,35.792572021484375,37.63999938964844,38.47999954223633,37.380001068115234,38.47999954223633,11397371,yfinance,False
2025-10-23,36.1539192199707,38.02000045776367,38.29999923706055,37.060001373291016,37.560001373291016,10253823,yfinance,False
2025-10-24,37.085819244384766,39.0,39.380001068115234,38.29999923706055,38.41999816894531,9414517,yfinance,False
2025-10-27,37.751461029052734,39.70000076293945,39.779998779296875,39.040000915527344,39.459999084472656,11185082,yfinance,False
2025-10-28,37.78950119018555,39.7400016784668,39.97999954223633,39.439998626708984,39.68000030517578,9769196,yfinance,False
2025-10-30,36.80054473876953,38.70000076293945,39.7400016784668,38.279998779296875,39.7400016784668,11807116,yfinance,False
2025-10-31,36.81956100463867,38.720001220703125,38.91999816894531,38.2400016784668,38.560001373291016,5870365,yfinance,False
2025-11-03,36.49625015258789,38.380001068115234,39.41999816894531,38.0,39.119998931884766,12363257,yfinance,False
2025-11-04,36.572322845458984,38.459999084472656,39.040000915527344,38.20000076293945,38.400001525878906,9161156,yfinance,False
2025-11-05,36.781524658203125,38.68000030517578,38.68000030517578,37.619998931884766,38.279998779296875,6398169,yfinance,False
2025-11-06,36.648399353027344,38.540000915527344,39.31999969482422,38.13999938964844,38.70000076293945,12201839,yfinance,False
2025-11-07,36.876617431640625,38.779998779296875,39.08000183105469,38.540000915527344,38.63999938964844,10748841,yfinance,False
2025-11-10,38.264957427978516,40.2400016784668,40.2599983215332,38.31999969482422,38.779998779296875,17474962,yfinance,False
2025-11-11,38.89256286621094,40.900001525878906,40.900001525878906,40.099998474121094,40.2400016784668,13762708,yfinance,False
2025-11-12,40.24286651611328,42.31999969482422,42.70000076293945,40.900001525878906,40.900001525878906,23689381,yfinance,False
2025-11-13,39.76741027832031,41.81999969482422,42.29999923706055,41.02000045776367,42.060001373291016,11676645,yfinance,False
2025-11-14,39.17784118652344,41.20000076293945,41.599998474121094,41.040000915527344,41.599998474121094,6804799,yfinance,False
2025-11-17,39.31096649169922,41.34000015258789,41.34000015258789,40.79999923706055,41.20000076293945,9588852,yfinance,False
2025-11-18,38.283973693847656,40.2599983215332,41.099998474121094,40.0,41.0,10069924,yfinance,False
2025-11-19,37.90361022949219,39.86000061035156,40.459999084472656,39.7400016784668,40.2599983215332,8684723,yfinance,False
2025-11-20,38.055755615234375,40.02000045776367,40.2400016784668,39.81999969482422,39.86000061035156,6157592,yfinance,False
2025-11-21,36.5152702331543,38.400001525878906,39.599998474121094,38.2599983215332,39.599998474121094,16396593,yfinance,False
2025-11-24,37.561279296875,39.5,39.52000045776367,38.29999923706055,38.400001525878906,25625612,yfinance,False
2025-11-25,37.390113830566406,39.31999969482422,40.2400016784668,39.18000030517578,40.099998474121094,12582176,yfinance,False
2025-11-26,37.25698471069336,39.18000030517578,40.13999938964844,39.18000030517578,39.84000015258789,6616311,yfinance,False
2025-11-27,37.751461029052734,39.70000076293945,39.720001220703125,38.70000076293945,39.0,9883180,yfinance,False
2025-11-28,38.264957427978516,40.2400016784668,40.58000183105469,39.70000076293945,39.900001525878906,10973844,yfinance,False
2025-12-01,37.90361022949219,39.86000061035156,40.540000915527344,39.619998931884766,40.2400016784668,12708421,yfinance,False
2025-12-02,38.96863555908203,40.97999954223633,41.15999984741211,39.5,40.060001373291016,13997102,yfinance,False
2025-12-03,38.7023811340332,40.70000076293945,40.939998626708984,40.2400016784668,40.2599983215332,9985278,yfinance,False
2025-12-04,38.34103012084961,40.31999969482422,40.70000076293945,39.939998626708984,40.70000076293945,7108318,yfinance,False
2025-12-05,37.82753372192383,39.779998779296875,40.20000076293945,39.380001068115234,40.060001373291016,9930855,yfinance,False
2025-12-08,38.09379577636719,40.060001373291016,40.5,39.880001068115234,39.880001068115234,5084497,yfinance,False
2025-12-09,37.561279296875,39.5,40.36000061035156,39.36000061035156,40.0,5823037,yfinance,False
2025-12-10,37.50422286987305,39.439998626708984,39.52000045776367,39.02000045776367,39.439998626708984,5708972,yfinance,False
2025-12-11,36.876617431640625,38.779998779296875,39.86000061035156,38.560001373291016,39.58000183105469,8537988,yfinance,False
2025-12-12,37.02876281738281,38.939998626708984,39.380001068115234,38.939998626708984,39.0,9913211,yfinance,False
2025-12-15,36.477230072021484,38.36000061035156,39.20000076293945,38.29999923706055,38.70000076293945,10054090,yfinance,False
2025-12-16,35.83060836791992,37.68000030517578,38.400001525878906,37.560001373291016,38.20000076293945,12342313,yfinance,False
2025-12-17,35.86864471435547,37.720001220703125,37.959999084472656,37.400001525878906,37.70000076293945,11269062,yfinance,False
2025-12-18,35.811588287353516,37.65999984741211,37.959999084472656,37.34000015258789,37.68000030517578,7879979,yfinance,False
2025-12-19,36.85759735107422,38.7599983215332,38.7599983215332,37.560001373291016,37.65999984741211,12968209,yfinance,False
2025-12-22,37.085819244384766,39.0,39.0,38.5,38.97999954223633,4519740,yfinance,False
2025-12-23,37.25698471069336,39.18000030517578,39.20000076293945,38.65999984741211,39.0,3370456,yfinance,False
2025-12-24,37.06679916381836,38.97999954223633,38.97999954223633,38.97999954223633,38.97999954223633,0,yfinance,False
2025-12-29,35.98275375366211,37.84000015258789,39.380001068115234,37.5,38.97999954223633,12890119,yfinance,False
2025-12-30,36.1539192199707,38.02000045776367,38.08000183105469,37.52000045776367,37.63999938964844,10161334,yfinance,False
2025-12-31,36.3441047668457,38.220001220703125,38.220001220703125,38.220001220703125,38.220001220703125,0,yfinance,False
2026-01-02,36.74348831176758,38.63999938964844,38.779998779296875,37.959999084472656,38.31999969482422,5584514,yfinance,False
2026-01-05,36.020790100097656,37.880001068115234,38.599998474121094,37.459999084472656,38.599998474121094,10623830,yfinance,False
2026-01-06,36.4201774597168,38.29999923706055,38.439998626708984,37.599998474121094,37.880001068115234,10587796,yfinance,False
2026-01-07,36.382137298583984,38.2599983215332,38.29999923706055,37.84000015258789,37.959999084472656,7025823,yfinance,False
2026-01-08,36.55330276489258,38.439998626708984,38.47999954223633,37.70000076293945,38.220001220703125,10083666,yfinance,False
2026-01-09,37.23796463012695,39.15999984741211,39.41999816894531,38.2599983215332,38.2599983215332,10782296,yfinance,False
2026-01-12,36.781524658203125,38.68000030517578,39.29999923706055,38.34000015258789,39.29999923706055,9319636,yfinance,False
2026-01-13,36.914649963378906,38.81999969482422,39.2599983215332,38.380001068115234,38.68000030517578,6598197,yfinance,False
2026-01-14,38.055755615234375,40.02000045776367,40.459999084472656,38.68000030517578,38.68000030517578,35075089,yfinance,False
2026-01-15,38.6833610534668,40.68000030517578,40.7599983215332,39.7599983215332,40.02000045776367,23139739,yfinance,False
2026-01-16,38.360050201416016,40.34000015258789,41.13999938964844,39.91999816894531,40.68000030517578,14234928,yfinance,False
2026-01-19,38.22692108154297,40.20000076293945,40.65999984741211,39.79999923706055,40.34000015258789,5435017,yfinance,False
2026-01-20,38.43612289428711,40.41999816894531,40.599998474121094,39.720001220703125,40.0,8600635,yfinance,False
2026-01-21,38.62630844116211,40.619998931884766,40.65999984741211,40.040000915527344,40.040000915527344,8882506,yfinance,False
2026-01-22,39.215877532958984,41.2400016784668,41.34000015258789,40.459999084472656,40.599998474121094,9455629,yfinance,False
2026-01-23,39.74838638305664,41.79999923706055,41.97999954223633,41.5,41.540000915527344,9561994,yfinance,False
2026-01-26,39.9195556640625,41.97999954223633,42.13999938964844,41.720001220703125,41.880001068115234,7674476,yfinance,False
2026-01-27,40.03366470336914,42.099998474121094,42.400001525878906,41.720001220703125,41.7400016784668,7968783,yfinance,False
2026-01-28,40.12875747680664,42.20000076293945,42.380001068115234,41.119998931884766,42.060001373291016,9248432,yfinance,False
2026-01-29,38.51219940185547,40.5,41.97999954223633,40.040000915527344,41.599998474121094,19747858,yfinance,False
2026-01-30,37.84654998779297,39.79999923706055,40.5,39.65999984741211,40.5,9517692,yfinance,False
2026-02-02,38.43612289428711,40.41999816894531,40.47999954223633,39.41999816894531,39.459999084472656,10681761,yfinance,False
2026-02-03,39.97661209106445,42.040000915527344,42.119998931884766,40.959999084472656,40.97999954223633,16892796,yfinance,False
2026-02-04,40.26188659667969,42.34000015258789,42.86000061035156,41.880001068115234,42.040000915527344,10029228,yfinance,False
2026-02-05,40.47108840942383,42.560001373291016,42.58000183105469,41.779998779296875,41.959999084472656,8661945,yfinance,False
2026-02-06,40.56618118286133,42.65999984741211,42.720001220703125,41.619998931884766,42.20000076293945,11252987,yfinance,False
2026-02-09,41.74531936645508,43.900001525878906,43.959999084472656,42.79999923706055,42.79999923706055,18710885,yfinance,False
2026-02-10,40.984580993652344,43.099998474121094,43.959999084472656,42.7400016784668,43.900001525878906,5325730,yfinance,False
2026-02-11,41.38397216796875,43.52000045776367,43.79999923706055,43.0,43.220001220703125,4570011,yfinance,False
2026-02-12,40.8704719543457,42.97999954223633,44.0,42.599998474121094,43.52000045776367,8488567,yfinance,False
2026-02-13,40.88949203491211,43.0,43.0,42.31999969482422,42.31999969482422,5300481,yfinance,False
2026-02-16,40.908512115478516,43.02000045776367,43.02000045776367,43.02000045776367,43.02000045776367,0,yfinance,False
2026-02-20,40.37599563598633,42.459999084472656,43.08000183105469,42.36000061035156,42.65999984741211,5426543,yfinance,False
2026-02-23,41.65022659301758,43.79999923706055,43.97999954223633,43.099998474121094,43.29999923706055,8291740,yfinance,False
2026-02-24,40.718326568603516,42.81999969482422,44.220001220703125,42.70000076293945,43.79999923706055,8053034,yfinance,False
2026-02-25,41.1557502746582,43.279998779296875,43.70000076293945,43.119998931884766,43.119998931884766,7326400,yfinance,False
2026-02-26,39.40605926513672,41.439998626708984,43.619998931884766,41.099998474121094,43.619998931884766,19400773,yfinance,False
2026-02-27,39.710350036621094,41.7599983215332,41.7599983215332,40.36000061035156,41.29999923706055,15183165,yfinance,False
2026-03-02,38.15084457397461,40.119998931884766,41.63999938964844,40.040000915527344,40.68000030517578,14325442,yfinance,False
2026-03-03,37.447166442871094,39.380001068115234,41.540000915527344,39.279998779296875,41.540000915527344,12988962,yfinance,False
2026-03-04,36.4201774597168,38.29999923706055,39.2599983215332,37.79999923706055,39.040000915527344,14482431,yfinance,False
2026-03-05,36.115882873535156,37.97999954223633,39.20000076293945,37.720001220703125,39.0,7889817,yfinance,False
2026-03-06,36.172935485839844,38.040000915527344,38.5,37.619998931884766,38.02000045776367,9319509,yfinance,False
2026-03-09,35.126922607421875,36.939998626708984,37.040000915527344,36.099998474121094,37.0,13193499,yfinance,False
2026-03-10,35.792572021484375,37.63999938964844,37.880001068115234,37.13999938964844,37.5,10638363,yfinance,False
2026-03-11,35.488277435302734,37.31999969482422,38.0,37.279998779296875,37.7400016784668,7738021,yfinance,False
2026-03-12,35.06987380981445,36.880001068115234,37.20000076293945,36.52000045776367,37.20000076293945,9227336,yfinance,False
2026-03-13,34.67048645019531,36.459999084472656,36.86000061035156,36.20000076293945,36.79999923706055,9478596,yfinance,False
2026-03-16,34.74656295776367,36.540000915527344,36.91999816894531,36.29999923706055,36.459999084472656,4075513,yfinance,False
2026-03-17,34.8226318359375,36.619998931884766,37.15999984741211,36.58000183105469,36.79999923706055,5323949,yfinance,False
2026-03-18,35.202999114990234,37.02000045776367,37.18000030517578,36.52000045776367,36.880001068115234,5324319,yfinance,False
2026-03-19,33.58644104003906,35.31999969482422,36.459999084472656,35.060001373291016,36.20000076293945,15163009,yfinance,False
2026-03-20,34.023860931396484,35.779998779296875,35.939998626708984,35.18000030517578,35.31999969482422,17831580,yfinance,False
2026-03-23,32.78766632080078,34.47999954223633,35.5,34.20000076293945,35.5,13927855,yfinance,False
2026-03-24,33.64349365234375,35.380001068115234,35.400001525878906,34.63999938964844,34.81999969482422,5121850,yfinance,False
2026-03-25,33.98582458496094,35.7400016784668,36.20000076293945,35.400001525878906,35.5,6732426,yfinance,False
2026-03-26,33.18705368041992,34.900001525878906,35.560001373291016,34.7599983215332,35.560001373291016,9766546,yfinance,False
2026-03-27,33.7005500793457,35.439998626708984,35.599998474121094,34.540000915527344,35.099998474121094,10360872,yfinance,False
2026-03-30,32.93981170654297,34.63999938964844,35.0,34.099998474121094,35.0,11130951,yfinance,False
2026-03-31,33.28214645385742,35.0,35.20000076293945,34.599998474121094,34.959999084472656,7501828,yfinance,False
2026-04-01,34.19502258300781,35.959999084472656,36.2400016784668,35.18000030517578,35.619998931884766,8369539,yfinance,False
2026-04-02,34.19502258300781,35.959999084472656,36.34000015258789,35.400001525878906,35.959999084472656,7351916,yfinance,False
2026-04-08,34.38520812988281,36.15999984741211,37.18000030517578,36.08000183105469,36.68000030517578,10852119,yfinance,False
2026-04-09,33.73858642578125,35.47999954223633,36.13999938964844,35.380001068115234,36.02000045776367,9716845,yfinance,False
2026-04-10,33.43429183959961,35.15999984741211,35.779998779296875,34.86000061035156,35.68000030517578,11858809,yfinance,False
2026-04-13,32.69257736206055,34.380001068115234,34.97999954223633,33.79999923706055,34.20000076293945,18694566,yfinance,False
2026-04-14,33.053924560546875,34.7599983215332,34.91999816894531,34.380001068115234,34.619998931884766,10042910,yfinance,False
2026-04-15,32.86374282836914,34.560001373291016,35.13999938964844,34.47999954223633,34.86000061035156,10116427,yfinance,False
2026-04-16,33.45330810546875,35.18000030517578,35.2400016784668,34.619998931884766,34.7400016784668,8461779,yfinance,False
2026-04-17,33.20606994628906,34.91999816894531,35.18000030517578,34.47999954223633,35.18000030517578,8865227,yfinance,False
2026-04-20,33.30116271972656,35.02000045776367,35.2400016784668,34.86000061035156,35.0,5357975,yfinance,False
2026-04-21,33.12999725341797,34.84000015258789,35.13999938964844,34.599998474121094,35.099998474121094,10850647,yfinance,False
2026-04-22,32.52140808105469,34.20000076293945,34.720001220703125,34.0,34.68000030517578,17398612,yfinance,False
2026-04-23,32.12202453613281,33.779998779296875,34.20000076293945,33.599998474121094,34.20000076293945,14829883,yfinance,False
2026-04-24,31.551471710205078,33.18000030517578,33.63999938964844,32.91999816894531,33.459999084472656,29221256,yfinance,False
2026-04-27,31.8938045501709,33.540000915527344,33.65999984741211,32.68000030517578,33.08000183105469,21267332,yfinance,False
2026-04-28,31.095033645629883,32.70000076293945,33.540000915527344,32.599998474121094,33.540000915527344,21695864,yfinance,False
2026-04-29,31.7987117767334,33.439998626708984,33.47999954223633,32.7599983215332,32.86000061035156,11843697,yfinance,False
2026-04-30,31.532455444335938,33.15999984741211,33.15999984741211,32.68000030517578,33.0,13290197,yfinance,False
2026-05-04,30.638593673706055,32.220001220703125,33.400001525878906,32.13999938964844,33.20000076293945,21234917,yfinance,False
2026-05-05,30.80975914001465,32.400001525878906,32.400001525878906,31.540000915527344,32.0,15777057,yfinance,False
2026-05-06,31.342269897460938,32.959999084472656,33.060001373291016,32.400001525878906,32.70000076293945,11879046,yfinance,False
2026-05-07,31.570493698120117,33.20000076293945,33.31999969482422,32.81999969482422,32.959999084472656,13342845,yfinance,False
2026-05-08,31.171104431152344,32.779998779296875,33.040000915527344,32.70000076293945,32.7599983215332,12879886,yfinance,False
2026-05-11,30.486446380615234,32.060001373291016,32.599998474121094,31.799999237060547,32.400001525878906,21816866,yfinance,False
2026-05-12,30.752702713012695,32.34000015258789,32.81999969482422,31.8799991607666,32.439998626708984,25273027,yfinance,False
2026-05-13,31.646564483642578,33.279998779296875,33.459999084472656,32.20000076293945,32.560001373291016,25945459,yfinance,False
2026-05-14,32.16006088256836,33.81999969482422,34.08000183105469,33.560001373291016,33.84000015258789,23593110,yfinance,False
2026-05-15,31.456384658813477,33.08000183105469,33.84000015258789,32.81999969482422,33.84000015258789,15107664,yfinance,False
2026-05-18,31.627544403076172,33.2599983215332,33.47999954223633,32.79999923706055,33.220001220703125,13413562,yfinance,False
2026-05-19,31.494417190551758,33.119998931884766,33.47999954223633,33.02000045776367,33.36000061035156,7939980,yfinance,False
2026-05-20,31.51343536376953,33.13999938964844,33.2400016784668,32.7400016784668,33.119998931884766,17486794,yfinance,False
2026-05-21,30.904848098754883,32.5,33.400001525878906,32.36000061035156,33.380001068115234,21127759,yfinance,False
2026-05-22,31.021839141845703,31.81999969482422,32.459999084472656,31.780000686645508,32.459999084472656,7434463,yfinance,False
2026-05-26,30.82685661315918,31.6200008392334,32.52000045776367,31.280000686645508,32.20000076293945,9139477,yfinance,False
2026-05-27,30.670869827270508,31.459999084472656,31.719999313354492,31.15999984741211,31.600000381469727,8893524,yfinance,False
2026-05-28,30.280902862548828,31.059999465942383,31.280000686645508,30.5,31.200000762939453,17513791,yfinance,False
2026-05-29,30.534381866455078,31.31999969482422,31.540000915527344,30.959999084472656,31.299999237060547,18408872,yfinance,False
2026-06-01,31.177825927734375,31.979999542236328,31.979999542236328,30.780000686645508,31.020000457763672,10920093,yfinance,False
2026-06-02,31.80177116394043,32.619998931884766,32.7400016784668,31.899999618530273,31.979999542236328,10976372,yfinance,False
2026-06-03,31.314313888549805,32.119998931884766,32.5,31.700000762939453,32.459999084472656,13179485,yfinance,False
2026-06-04,31.11933135986328,31.920000076293945,32.380001068115234,31.5,32.119998931884766,8072022,yfinance,False
2026-06-05,30.41739273071289,31.200000762939453,31.920000076293945,30.979999542236328,31.920000076293945,17760645,yfinance,False
2026-06-08,30.066421508789062,30.84000015258789,31.200000762939453,30.34000015258789,31.200000762939453,17842807,yfinance,False
2026-06-09,30.16391372680664,30.940000534057617,31.260000228881836,30.440000534057617,31.100000381469727,10143961,yfinance,False
2026-06-10,30.41739273071289,31.200000762939453,31.31999969482422,30.780000686645508,31.0,8617967,yfinance,False
2026-06-11,30.18341064453125,30.959999084472656,31.360000610351562,30.84000015258789,31.100000381469727,7717929,yfinance,False
2026-06-12,30.55388069152832,31.34000015258789,31.520000457763672,30.979999542236328,31.0,5987368,yfinance,False
2026-06-15,29.77394676208496,30.540000915527344,31.799999237060547,30.040000915527344,31.700000762939453,20704137,yfinance,False
2026-06-16,29.79344367980957,30.559999465942383,30.760000228881836,30.1200008392334,30.600000381469727,14502530,yfinance,False
2026-06-17,30.124916076660156,30.899999618530273,31.360000610351562,30.65999984741211,30.65999984741211,13392533,yfinance,False
2026-06-18,29.34498405456543,30.100000381469727,30.899999618530273,29.5,30.899999618530273,25675279,yfinance,False
2026-06-22,29.072006225585938,29.81999969482422,30.719999313354492,29.420000076293945,30.700000762939453,17435984,yfinance,False
2026-06-23,28.896520614624023,29.639999389648438,29.81999969482422,29.34000015258789,29.81999969482422,11390862,yfinance,False
2026-06-24,29.266990661621094,30.020000457763672,30.219999313354492,29.360000610351562,30.059999465942383,16219366,yfinance,False
2026-06-25,29.013511657714844,29.760000228881836,30.239999771118164,29.440000534057617,30.200000762939453,11149198,yfinance,False
2026-06-26,28.467559814453125,29.200000762939453,29.760000228881836,28.68000030517578,29.760000228881836,15099822,yfinance,False
2026-06-29,29.072006225585938,29.81999969482422,29.899999618530273,29.18000030517578,29.31999969482422,14556855,yfinance,False
2026-06-30,28.68204116821289,29.420000076293945,30.399999618530273,28.959999084472656,30.399999618530273,17909595,yfinance,False
2026-07-02,28.760034561157227,29.5,29.8799991607666,29.1200008392334,29.559999465942383,12210253,yfinance,False
2026-07-03,29.422977447509766,30.18000030517578,30.260000228881836,29.6200008392334,29.799999237060547,8226540,yfinance,False
2026-07-06,29.61795997619629,30.3799991607666,30.979999542236328,30.059999465942383,30.5,13335218,yfinance,False
2026-07-07,29.695953369140625,30.459999084472656,30.6200008392334,30.020000457763672,30.239999771118164,10685008,yfinance,False
2026-07-08,30.807357788085938,31.600000381469727,31.68000030517578,30.420000076293945,30.559999465942383,22017683,yfinance,False
2026-07-09,29.89093589782715,30.65999984741211,31.479999542236328,30.299999237060547,31.020000457763672,12435775,yfinance,False
2026-07-10,30.69036865234375,31.479999542236328,31.639999389648438,30.600000381469727,30.65999984741211,16816145,yfinance,False
2026-07-13,30.222408294677734,31.0,31.68000030517578,30.799999237060547,31.600000381469727,15900703,yfinance,False
2026-07-14,30.319900512695312,31.100000381469727,31.479999542236328,30.719999313354492,31.479999542236328,23467432,yfinance,False
2026-07-15,30.573379516601562,31.360000610351562,31.459999084472656,30.860000610351562,31.100000381469727,18622171,yfinance,False
2026-07-16,31.64578628540039,32.459999084472656,32.79999923706055,31.360000610351562,31.360000610351562,25941195,yfinance,False
2026-07-17,30.924346923828125,31.719999313354492,32.959999084472656,31.360000610351562,32.65999984741211,23856762,yfinance,False
2026-07-20,31.333812713623047,32.13999938964844,32.459999084472656,31.459999084472656,32.459999084472656,13871523,yfinance,False
2026-07-21,30.885351181030273,31.68000030517578,32.279998779296875,31.540000915527344,32.13999938964844,12001087,yfinance,False
2026-07-22,30.748863220214844,31.540000915527344,31.65999984741211,30.899999618530273,31.360000610351562,12937005,yfinance,False
2026-07-23,31.11933135986328,31.920000076293945,32.08000183105469,31.18000030517578,31.540000915527344,17416955,yfinance,False
2026-07-24,30.82685661315918,31.6200008392334,31.959999084472656,31.399999618530273,31.399999618530273,12449403,yfinance,False
2026-07-27,32.7571907043457,33.599998474121094,33.63999938964844,31.65999984741211,31.899999618530273,33962095,yfinance,False
2026-07-28,32.8156852722168,33.65999984741211,33.779998779296875,33.2599983215332,33.560001373291016,16782614,yfinance,False
2026-07-29,33.47863006591797,34.34000015258789,34.34000015258789,33.84000015258789,33.900001525878906,15207420,yfinance,False
2026-07-30,33.51762771606445,34.380001068115234,34.540000915527344,33.79999923706055,34.34000015258789,15536096,yfinance,False
2026-07-31,33.342140197753906,34.20000076293945,34.540000915527344,33.81999969482422,34.540000915527344,12910450,yfinance,False
2026-08-03,32.7571907043457,33.599998474121094,34.380001068115234,33.41999816894531,34.0,12261047,yfinance,False
2026-08-04,32.44521713256836,33.279998779296875,33.939998626708984,33.02000045776367,33.86000061035156,10308755,yfinance,False
2026-08-05,32.7571907043457,33.599998474121094,33.599998474121094,32.97999954223633,33.13999938964844,10077980,yfinance,False
2026-08-06,32.69869613647461,33.540000915527344,33.560001373291016,32.86000061035156,33.560001373291016,9318016,yfinance,False
2026-08-07,32.05525207519531,32.880001068115234,33.540000915527344,32.7599983215332,33.540000915527344,6619535,yfinance,False
2026-08-10,32.28923034667969,33.119998931884766,33.279998779296875,32.7599983215332,32.880001068115234,4926852,yfinance,False
2026-08-11,32.152740478515625,32.97999954223633,33.31999969482422,32.86000061035156,33.099998474121094,5756365,yfinance,False
2026-08-12,33.342140197753906,34.20000076293945,34.20000076293945,32.31999969482422,32.599998474121094,14849488,yfinance,False
2026-08-13,34.063575744628906,34.939998626708984,35.119998931884766,33.84000015258789,34.20000076293945,21277026,yfinance,False
2026-08-14,33.86859893798828,34.7400016784668,34.939998626708984,34.36000061035156,34.939998626708984,13489282,yfinance,False
2026-08-17,33.673614501953125,34.540000915527344,35.599998474121094,34.52000045776367,34.7400016784668,9350657,yfinance,False
2026-08-18,34.00508499145508,34.880001068115234,34.959999084472656,34.540000915527344,34.79999923706055,9171254,yfinance,False
2026-08-19,34.21956253051758,35.099998474121094,35.099998474121094,34.41999816894531,34.599998474121094,9523620,yfinance,False
2026-08-20,34.4925422668457,35.380001068115234,35.540000915527344,35.040000915527344,35.400001525878906,12338652,yfinance,False
2026-08-21,35.096988677978516,36.0,36.060001373291016,35.5,35.5,28028209,yfinance,False
2026-08-24,34.97999954223633,35.880001068115234,36.08000183105469,35.2400016784668,35.779998779296875,12659526,yfinance,False
2026-08-25,34.7400016784668,34.7400016784668,35.400001525878906,34.220001220703125,35.29999923706055,11711998,yfinance,False
2026-08-26,34.7400016784668,34.7400016784668,35.0,34.619998931884766,34.7400016784668,11136349,yfinance,False
2026-08-27,34.36000061035156,34.36000061035156,34.900001525878906,34.2400016784668,34.7400016784668,11514033,yfinance,False
2026-08-28,33.86000061035156,33.86000061035156,34.36000061035156,33.619998931884766,34.36000061035156,9723285,yfinance,False
2026-08-31,34.15999984741211,34.15999984741211,34.15999984741211,33.380001068115234,33.97999954223633,7795697,yfinance,False
2026-09-01,33.08000183105469,33.08000183105469,34.18000030517578,33.040000915527344,34.15999984741211,9923732,yfinance,False
2026-09-02,33.459999084472656,33.459999084472656,33.52000045776367,32.52000045776367,33.119998931884766,7524985,yfinance,False
2026-09-03,33.439998626708984,33.439998626708984,33.86000061035156,33.18000030517578,33.439998626708984,6982408,yfinance,False
2026-09-04,33.900001525878906,33.900001525878906,34.13999938964844,33.52000045776367,33.52000045776367,6875132,yfinance,False
2026-09-07,33.70000076293945,33.70000076293945,33.900001525878906,33.439998626708984,33.900001525878906,4284451,yfinance,False
2026-09-08,33.720001220703125,33.720001220703125,33.97999954223633,33.099998474121094,33.099998474121094,4318633,yfinance,False
2026-09-09,33.220001220703125,33.220001220703125,33.68000030517578,33.02000045776367,33.560001373291016,11805140,yfinance,False
2026-09-10,32.08000183105469,32.08000183105469,33.18000030517578,31.739999771118164,33.18000030517578,18935937,yfinance,False
2026-09-11,32.779998779296875,32.779998779296875,32.79999923706055,32.0,32.08000183105469,9285036,yfinance,False
2026-09-14,32.86000061035156,32.86000061035156,33.36000061035156,32.13999938964844,32.900001525878906,12933969,yfinance,False
2026-09-15,32.47999954223633,32.47999954223633,32.900001525878906,32.31999969482422,32.900001525878906,14773071,yfinance,False
2026-09-16,32.36000061035156,32.36000061035156,32.65999984741211,31.899999618530273,32.65999984741211,11074085,yfinance,False
2026-09-17,32.70000076293945,32.70000076293945,32.7400016784668,31.799999237060547,32.36000061035156,16831883,yfinance,False
2026-09-18,32.619998931884766,32.619998931884766,33.040000915527344,32.400001525878906,32.70000076293945,28775592,yfinance,False
2026-09-21,32.63999938964844,32.63999938964844,32.880001068115234,32.2400016784668,32.619998931884766,26799658,yfinance,False
2026-09-22,32.099998474121094,32.099998474121094,32.880001068115234,32.08000183105469,32.65999984741211,16402454,yfinance,False
2026-09-23,32.20000076293945,32.20000076293945,32.31999969482422,31.84000015258789,32.08000183105469,15292971,yfinance,False
2026-09-24,32.02000045776367,32.02000045776367,32.08000183105469,31.559999465942383,31.899999618530273,14086203,yfinance,False
2026-09-25,31.700000762939453,31.700000762939453,32.02000045776367,31.219999313354492,32.02000045776367,5639078,yfinance,False
2026-09-28,31.719999313354492,31.719999313354492,32.20000076293945,31.65999984741211,31.979999542236328,7978403,yfinance,False
2026-09-29,31.459999084472656,31.459999084472656,31.940000534057617,31.299999237060547,31.899999618530273,8910882,yfinance,False
2026-09-30,31.6200008392334,31.6200008392334,31.700000762939453,31.079999923706055,31.18000030517578,9645576,yfinance,False
2026-10-02,30.299999237060547,30.299999237060547,31.360000610351562,29.420000076293945,31.31999969482422,28270091,yfinance,False
2026-10-05,30.639999389648438,30.639999389648438,30.899999618530273,30.079999923706055,30.399999618530273,15330353,yfinance,False
2026-10-06,30.520000457763672,30.520000457763672,31.239999771118164,30.239999771118164,30.940000534057617,16056369,yfinance,False
2026-10-07,30.719999313354492,30.719999313354492,31.280000686645508,30.600000381469727,30.81999969482422,20234042,yfinance,False
2026-10-08,,,31.040000915527344,30.459999084472656,30.719999313354492,19641422,yfinance,False
