Date,Adj Close,Close,High,Low,Open,Volume,source,is_stale
2010-01-04,87.99117279052734,138.39999389648438,140.0,137.39999389648438,139.5,2825487,yfinance,False
2010-01-05,89.19914245605469,140.3000030517578,140.5,138.60000610351562,138.6999969482422,6356395,yfinance,False
2010-01-06,93.45883178710938,147.0,147.39999389648438,140.10000610351562,140.10000610351562,25474641,yfinance,False
2010-01-07,95.68402862548828,150.5,152.0,147.39999389648438,149.60000610351562,22364713,yfinance,False
2010-01-08,95.8747787475586,150.8000030517578,152.5,149.0,151.0,8711655,yfinance,False
2010-01-11,96.12909698486328,151.1999969482422,154.0,151.0,154.0,5839725,yfinance,False
2010-01-12,96.25621032714844,151.39999389648438,152.8000030517578,149.5,151.0,4322471,yfinance,False
2010-01-13,93.33164978027344,146.8000030517578,149.5,146.39999389648438,149.5,8367072,yfinance,False
2010-01-14,93.3952407836914,146.89999389648438,149.39999389648438,146.8000030517578,148.0,4312344,yfinance,False
2010-01-15,94.53963470458984,148.6999969482422,145.89999389648438,146.89999389648438,147.39999389648438,3556495,yfinance,False
2010-01-18,93.58596801757812,147.1999969482422,148.1999969482422,143.8000030517578,144.39999389648438,4845099,yfinance,False
2010-01-19,94.1581802368164,148.10000610351562,148.5,145.10000610351562,146.89999389648438,4818570,yfinance,False
2010-01-20,92.31443786621094,145.1999969482422,148.0,144.8000030517578,147.60000610351562,4653402,yfinance,False
2010-01-21,90.3435287475586,142.10000610351562,145.6999969482422,142.0,145.1999969482422,7834690,yfinance,False
2010-01-22,87.67328643798828,137.89999389648438,138.6999969482422,135.5,138.5,18980670,yfinance,False
2010-01-25,86.4653091430664,136.0,136.1999969482422,134.10000610351562,134.10000610351562,8977188,yfinance,False
2010-01-26,84.8122787475586,133.39999389648438,135.5,133.0,135.10000610351562,9636115,yfinance,False
2010-01-27,83.85863494873047,131.89999389648438,136.0,130.89999389648438,133.0,9887912,yfinance,False
2010-01-28,84.87586975097656,133.5,134.60000610351562,132.3000030517578,132.89999389648438,3682167,yfinance,False
2010-01-29,84.11293029785156,132.3000030517578,133.8000030517578,131.10000610351562,131.8000030517578,3713513,yfinance,False
2010-02-01,84.11293029785156,132.3000030517578,132.39999389648438,130.1999969482422,132.3000030517578,5048029,yfinance,False
2010-02-02,84.49440002441406,132.89999389648438,135.60000610351562,132.3000030517578,132.5,3968647,yfinance,False
2010-02-03,86.40170288085938,135.89999389648438,136.5,133.0,133.60000610351562,5023727,yfinance,False
2010-02-04,84.68515014648438,133.1999969482422,134.1999969482422,133.0,134.1999969482422,3905269,yfinance,False
2010-02-05,82.14202880859375,129.1999969482422,130.39999389648438,128.8000030517578,130.10000610351562,10003556,yfinance,False
2010-02-08,80.87049102783203,127.19999694824219,129.8000030517578,126.5,129.6999969482422,4555660,yfinance,False
2010-02-09,79.98039245605469,125.80000305175781,127.0999984741211,124.0,124.80000305175781,9068564,yfinance,False
2010-02-10,81.25193786621094,127.80000305175781,128.5,126.0,127.0,6697954,yfinance,False
2010-02-11,82.26917266845703,129.39999389648438,130.10000610351562,127.5999984741211,127.69999694824219,4852011,yfinance,False
2010-02-12,82.77781677246094,130.1999969482422,130.8000030517578,128.1999969482422,128.1999969482422,3391313,yfinance,False
2010-02-17,83.22284698486328,130.89999389648438,133.1999969482422,130.1999969482422,132.10000610351562,2857482,yfinance,False
2010-02-18,82.26917266845703,129.39999389648438,130.8000030517578,129.3000030517578,130.10000610351562,1788580,yfinance,False
2010-02-19,80.9340591430664,127.30000305175781,129.1999969482422,126.30000305175781,129.1999969482422,3669525,yfinance,False
2010-02-22,82.5870590209961,129.89999389648438,130.39999389648438,129.1999969482422,129.89999389648438,3744702,yfinance,False
2010-02-23,83.79505157470703,131.8000030517578,132.0,127.4000015258789,129.0,4572046,yfinance,False
2010-02-24,83.03214263916016,130.60000610351562,131.10000610351562,129.5,129.8000030517578,2878642,yfinance,False
2010-02-25,82.14202880859375,129.1999969482422,131.10000610351562,128.5,130.10000610351562,4254008,yfinance,False
2010-02-26,82.5870590209961,129.89999389648438,131.3000030517578,129.39999389648438,130.39999389648438,3605120,yfinance,False
2010-03-01,85.25733947753906,134.10000610351562,134.8000030517578,130.60000610351562,131.3000030517578,7384857,yfinance,False
2010-03-02,85.5751953125,134.60000610351562,135.0,133.8000030517578,134.0,5570883,yfinance,False
2010-03-03,84.4308090209961,132.8000030517578,134.60000610351562,132.39999389648438,134.3000030517578,3549162,yfinance,False
2010-03-04,82.71424102783203,130.10000610351562,134.0,128.6999969482422,134.0,6581945,yfinance,False
2010-03-05,82.45992279052734,129.6999969482422,131.60000610351562,129.1999969482422,131.60000610351562,4851287,yfinance,False
2010-03-08,84.87586975097656,133.5,134.60000610351562,130.60000610351562,130.60000610351562,8405937,yfinance,False
2010-03-09,85.32091522216797,134.1999969482422,134.6999969482422,133.0,133.0,5277248,yfinance,False
2010-03-10,84.30367279052734,132.60000610351562,134.39999389648438,132.10000610351562,133.8000030517578,4001724,yfinance,False
2010-03-11,85.06658935546875,133.8000030517578,134.3000030517578,132.1999969482422,134.3000030517578,3410129,yfinance,False
2010-03-12,84.939453125,133.60000610351562,134.39999389648438,132.39999389648438,133.60000610351562,3137492,yfinance,False
2010-03-15,83.98578643798828,132.10000610351562,133.1999969482422,131.6999969482422,132.3000030517578,3136389,yfinance,False
2010-03-16,83.03214263916016,130.60000610351562,132.89999389648438,130.3000030517578,131.6999969482422,3825830,yfinance,False
2010-03-17,84.36724090576172,132.6999969482422,133.1999969482422,131.0,131.60000610351562,3617871,yfinance,False
2010-03-18,84.24006652832031,132.5,133.39999389648438,131.39999389648438,132.5,3489443,yfinance,False
2010-03-19,84.04936218261719,132.1999969482422,133.0,131.3000030517578,132.1999969482422,2855066,yfinance,False
2010-03-22,83.09568786621094,130.6999969482422,131.10000610351562,130.1999969482422,131.10000610351562,3930234,yfinance,False
2010-03-23,82.9685287475586,130.5,132.8000030517578,130.10000610351562,131.1999969482422,2393565,yfinance,False
2010-03-24,82.33275604248047,129.5,131.60000610351562,129.39999389648438,131.0,3472761,yfinance,False
2010-03-25,81.82413482666016,128.6999969482422,129.1999969482422,128.10000610351562,128.10000610351562,3263136,yfinance,False
2010-03-26,83.28642272949219,131.0,131.10000610351562,128.0,128.0,3817642,yfinance,False
2010-03-29,83.73147583007812,131.6999969482422,132.0,130.60000610351562,131.0,2154265,yfinance,False
2010-03-30,83.35000610351562,131.10000610351562,132.0,130.1999969482422,130.89999389648438,3769242,yfinance,False
2010-03-31,82.39635467529297,129.60000610351562,131.8000030517578,129.5,130.8000030517578,4109465,yfinance,False
2010-04-01,83.92221069335938,132.0,132.39999389648438,129.89999389648438,130.3000030517578,4521746,yfinance,False
2010-04-07,87.10108947753906,137.0,137.39999389648438,133.0,133.0,11624092,yfinance,False
2010-04-08,88.37262725830078,139.0,139.89999389648438,136.0,137.0,10784531,yfinance,False
2010-04-09,89.2626953125,140.39999389648438,142.0,139.6999969482422,140.0,9455577,yfinance,False
2010-04-12,88.30902099609375,138.89999389648438,142.0,138.6999969482422,141.8000030517578,4353573,yfinance,False
2010-04-13,88.69050598144531,139.5,140.5,138.10000610351562,139.5,4898126,yfinance,False
2010-04-14,88.62692260742188,139.39999389648438,140.1999969482422,139.1999969482422,140.0,2479000,yfinance,False
2010-04-15,88.6204833984375,137.3000030517578,138.89999389648438,136.6999969482422,137.60000610351562,3888229,yfinance,False
2010-04-16,87.13594055175781,135.0,137.6999969482422,134.60000610351562,136.6999969482422,4499324,yfinance,False
2010-04-19,85.90958404541016,133.10000610351562,133.60000610351562,132.5,133.10000610351562,4652119,yfinance,False
2010-04-20,86.49049377441406,134.0,134.60000610351562,133.5,133.8000030517578,2704614,yfinance,False
2010-04-21,86.36139678955078,133.8000030517578,135.0,133.3000030517578,133.8000030517578,2528009,yfinance,False
2010-04-22,85.90958404541016,133.10000610351562,133.5,132.0,133.0,3217618,yfinance,False
2010-04-23,84.94139862060547,131.60000610351562,133.10000610351562,131.10000610351562,133.0,4723283,yfinance,False
2010-04-26,85.71595001220703,132.8000030517578,133.6999969482422,132.0,132.3000030517578,1904783,yfinance,False
2010-04-27,84.55413055419922,131.0,131.89999389648438,130.8000030517578,131.39999389648438,3627862,yfinance,False
2010-04-28,83.52140808105469,129.39999389648438,129.89999389648438,128.8000030517578,128.89999389648438,5093880,yfinance,False
2010-04-29,83.13412475585938,128.8000030517578,130.0,128.6999969482422,129.8000030517578,3205373,yfinance,False
2010-04-30,83.45687103271484,129.3000030517578,130.39999389648438,128.89999389648438,129.5,4380071,yfinance,False
2010-05-03,82.81143951416016,128.3000030517578,129.0,128.0,128.0,3386746,yfinance,False
2010-05-04,82.61778259277344,128.0,128.8000030517578,127.69999694824219,128.5,3780659,yfinance,False
2010-05-05,81.2623519897461,125.9000015258789,127.5,125.5,127.0,5720169,yfinance,False
2010-05-06,80.42325592041016,124.5999984741211,125.9000015258789,123.0,125.4000015258789,6318977,yfinance,False
2010-05-07,79.64868927001953,123.4000015258789,124.69999694824219,120.5999984741211,122.0999984741211,7652706,yfinance,False
2010-05-10,80.68144226074219,125.0,125.4000015258789,123.5,123.5999984741211,5507476,yfinance,False
2010-05-11,80.03597259521484,124.0,125.5,124.0,125.5,3472027,yfinance,False
2010-05-12,79.51960754394531,123.19999694824219,124.30000305175781,122.30000305175781,123.84400177001953,3013510,yfinance,False
2010-05-13,81.2623519897461,125.9000015258789,126.69999694824219,125.27999877929688,126.69999694824219,4273730,yfinance,False
2010-05-14,80.48778533935547,124.69999694824219,125.4000015258789,124.0999984741211,125.0,2819632,yfinance,False
2010-05-17,79.06779479980469,122.5,124.4000015258789,121.80000305175781,123.9000015258789,4210477,yfinance,False
2010-05-18,78.80962371826172,122.0999984741211,123.4000015258789,121.30000305175781,122.27799987792969,2843400,yfinance,False
2010-05-19,77.51871490478516,120.0999984741211,121.69999694824219,120.0,121.0,3802297,yfinance,False
2010-05-20,76.93780517578125,119.19999694824219,120.5999984741211,118.0,120.0,5022133,yfinance,False
2010-05-24,77.33798217773438,119.81999969482422,120.80000305175781,119.81999969482422,120.80000305175781,4680827,yfinance,False
2010-05-25,74.4205551147461,115.30000305175781,116.41000366210938,115.0,116.41000366210938,6636826,yfinance,False
2010-05-26,74.6141586303711,115.5999984741211,117.4000015258789,115.0999984741211,116.0,4799646,yfinance,False
2010-05-27,76.67962646484375,118.80000305175781,119.9000015258789,115.0,115.5999984741211,5511644,yfinance,False
2010-05-28,78.09961700439453,121.0,123.5999984741211,120.5999984741211,121.80000305175781,4030790,yfinance,False
2010-05-31,77.19599151611328,119.5999984741211,121.4000015258789,119.0,121.4000015258789,2501849,yfinance,False
2010-06-01,76.74417114257812,118.9000015258789,120.80000305175781,118.0,118.80000305175781,1930748,yfinance,False
2010-06-02,75.8405532836914,117.5,119.4000015258789,117.0999984741211,119.4000015258789,3735981,yfinance,False
2010-06-03,76.87324523925781,119.0999984741211,120.0,118.5,118.80000305175781,2935301,yfinance,False
2010-06-04,76.80872344970703,119.0,120.5999984741211,118.69999694824219,118.69999694824219,2334653,yfinance,False
2010-06-07,75.45327758789062,116.9000015258789,117.0999984741211,115.4000015258789,115.5,4134837,yfinance,False
2010-06-08,76.48599243164062,118.5,118.5,116.0,117.4000015258789,2234736,yfinance,False
2010-06-09,76.550537109375,118.5999984741211,119.5,116.80000305175781,118.0,3157777,yfinance,False
2010-06-10,76.22781372070312,118.0999984741211,118.69999694824219,117.0,117.19999694824219,1629729,yfinance,False
2010-06-11,77.77690124511719,120.5,121.5,120.0,120.0999984741211,4363043,yfinance,False
2010-06-14,78.68053436279297,121.9000015258789,122.19999694824219,121.0,121.0,2121099,yfinance,False
2010-06-15,78.22871398925781,121.19999694824219,122.5999984741211,120.4000015258789,121.80000305175781,1815537,yfinance,False
2010-06-17,77.90597534179688,120.69999694824219,122.80000305175781,120.0,121.80000305175781,2665255,yfinance,False
2010-06-18,78.9386978149414,122.30000305175781,122.69999694824219,120.5,120.69999694824219,2440574,yfinance,False
2010-06-21,82.23050689697266,127.4000015258789,128.0,124.0,124.0,13532737,yfinance,False
2010-06-22,81.58505249023438,126.4000015258789,129.0,126.30000305175781,127.4000015258789,5430546,yfinance,False
2010-06-23,81.06871032714844,125.5999984741211,127.19999694824219,125.30000305175781,126.0,4324374,yfinance,False
2010-06-24,80.87506866455078,125.30000305175781,127.0,125.0999984741211,126.5,2358939,yfinance,False
2010-06-25,81.2623519897461,125.9000015258789,126.30000305175781,124.0,124.0,3044086,yfinance,False
2010-06-28,81.8432388305664,126.80000305175781,127.4000015258789,126.19999694824219,127.0,2315536,yfinance,False
2010-06-29,79.971435546875,123.9000015258789,127.30000305175781,123.0999984741211,126.30000305175781,4592784,yfinance,False
2010-06-30,79.1323471069336,122.5999984741211,123.9000015258789,122.19999694824219,123.9000015258789,3571439,yfinance,False
2010-07-02,78.35779571533203,121.4000015258789,123.19999694824219,120.5,121.4000015258789,3710810,yfinance,False
2010-07-05,77.51871490478516,120.0999984741211,121.5999984741211,119.30000305175781,121.5,2823813,yfinance,False
2010-07-06,78.42237091064453,121.5,121.5999984741211,119.19999694824219,119.4000015258789,2228458,yfinance,False
2010-07-07,78.42237091064453,121.5,121.80000305175781,119.5,119.5999984741211,2412129,yfinance,False
2010-07-08,77.77690124511719,120.5,123.19999694824219,120.0,122.9000015258789,3633356,yfinance,False
2010-07-09,79.1323471069336,122.5999984741211,122.80000305175781,120.30000305175781,120.9000015258789,4384121,yfinance,False
2010-07-12,79.32598114013672,122.9000015258789,124.5,122.80000305175781,124.0,2775838,yfinance,False
2010-07-13,78.68053436279297,121.9000015258789,123.19999694824219,121.5,122.0999984741211,2659873,yfinance,False
2010-07-14,80.16506958007812,124.19999694824219,124.9000015258789,123.0999984741211,124.0,3356847,yfinance,False
2010-07-15,79.45507049560547,123.0999984741211,124.4000015258789,122.69999694824219,124.30000305175781,2654654,yfinance,False
2010-07-16,78.87415313720703,122.19999694824219,123.0999984741211,121.9000015258789,123.0999984741211,3195769,yfinance,False
2010-07-19,77.51871490478516,120.0999984741211,121.0999984741211,120.0,121.0,5135025,yfinance,False
2010-07-20,78.9386978149414,122.30000305175781,123.0,120.0,120.0999984741211,2833308,yfinance,False
2010-07-21,79.45507049560547,123.0999984741211,124.0999984741211,122.69999694824219,122.80000305175781,2822053,yfinance,False
2010-07-22,79.971435546875,123.9000015258789,124.0,122.30000305175781,123.5,1331076,yfinance,False
2010-07-23,81.8432388305664,126.80000305175781,127.0,125.0999984741211,125.69999694824219,7006960,yfinance,False
2010-07-26,82.35961151123047,127.5999984741211,128.5,127.5,128.0,4549073,yfinance,False
2010-07-27,82.42414855957031,127.69999694824219,128.1999969482422,126.19999694824219,128.1999969482422,2562140,yfinance,False
2010-07-28,82.29502868652344,127.5,128.5,126.5999984741211,127.0,3238705,yfinance,False
2010-07-29,82.48869323730469,127.80000305175781,128.0,126.30000305175781,127.0,1900288,yfinance,False
2010-07-30,82.42414855957031,127.69999694824219,128.10000610351562,127.0999984741211,127.80000305175781,3006595,yfinance,False
2010-08-02,84.74775695800781,131.3000030517578,132.5,128.89999389648438,129.0,8849254,yfinance,False
2010-08-03,86.16776275634766,133.5,134.5,132.3000030517578,132.60000610351562,10981959,yfinance,False
2010-08-04,85.32868194580078,132.1999969482422,134.0,131.10000610351562,134.0,6291513,yfinance,False
2010-08-05,85.19959259033203,132.0,133.0,131.1999969482422,131.8000030517578,4042119,yfinance,False
2010-08-06,86.23230743408203,133.60000610351562,134.0,131.8000030517578,133.0,4974158,yfinance,False
2010-08-09,86.55502319335938,134.10000610351562,134.5,133.5,133.89999389648438,3200350,yfinance,False
2010-08-10,85.07048797607422,131.8000030517578,134.60000610351562,131.0,134.60000610351562,4048050,yfinance,False
2010-08-11,83.32778930664062,129.10000610351562,132.0,128.3000030517578,131.89999389648438,6404808,yfinance,False
2010-08-12,81.45597839355469,126.19999694824219,127.0,123.4000015258789,127.0,11877567,yfinance,False
2010-08-13,80.61686706542969,124.9000015258789,126.4000015258789,124.5999984741211,126.19999694824219,6101797,yfinance,False
2010-08-16,80.55233001708984,124.80000305175781,125.9000015258789,124.0,124.80000305175781,4683363,yfinance,False
2010-08-17,80.22959899902344,124.30000305175781,125.19999694824219,124.19999694824219,125.0,2749086,yfinance,False
2010-08-18,80.55233001708984,124.80000305175781,125.5,124.0,124.0,4164045,yfinance,False
2010-08-19,81.2623519897461,125.9000015258789,126.5,124.69999694824219,124.69999694824219,4857550,yfinance,False
2010-08-20,80.68144226074219,125.0,125.30000305175781,124.5,124.80000305175781,4298337,yfinance,False
2010-08-23,81.004150390625,125.5,125.9000015258789,125.0,125.0,1692320,yfinance,False
2010-08-24,80.61686706542969,124.9000015258789,125.80000305175781,124.80000305175781,125.0,2360876,yfinance,False
2010-08-25,80.08602905273438,122.19999694824219,123.0,121.5,122.4000015258789,4206962,yfinance,False
2010-08-26,79.88943481445312,121.9000015258789,122.9000015258789,121.80000305175781,122.5999984741211,2181525,yfinance,False
2010-08-27,79.5617446899414,121.4000015258789,122.5,121.30000305175781,121.4000015258789,2346570,yfinance,False
2010-08-30,80.34818267822266,122.5999984741211,123.5,122.0999984741211,122.30000305175781,2757581,yfinance,False
2010-08-31,79.88943481445312,121.9000015258789,122.0999984741211,120.0,121.5999984741211,5791663,yfinance,False
2010-09-01,80.80695343017578,123.30000305175781,123.9000015258789,120.9000015258789,120.9000015258789,4112731,yfinance,False
2010-09-02,81.5278549194336,124.4000015258789,125.0,124.0,124.0,3270815,yfinance,False
2010-09-03,81.65892791748047,124.5999984741211,125.0,124.0,124.5,1628736,yfinance,False
2010-09-06,85.78773498535156,130.89999389648438,131.0,120.5,126.80000305175781,13284791,yfinance,False
2010-09-07,86.77081298828125,132.39999389648438,132.8000030517578,131.5,131.6999969482422,9261590,yfinance,False
2010-09-08,85.98434448242188,131.1999969482422,131.8000030517578,129.3000030517578,131.8000030517578,5046857,yfinance,False
2010-09-09,86.31204223632812,131.6999969482422,132.5,131.0,132.39999389648438,4417026,yfinance,False
2010-09-10,88.14704895019531,134.5,134.8000030517578,132.0,132.5,12655943,yfinance,False
2010-09-13,90.24423217773438,137.6999969482422,137.89999389648438,135.0,136.39999389648438,12463272,yfinance,False
2010-09-14,89.91655731201172,137.1999969482422,139.5,135.0,139.1999969482422,11260812,yfinance,False
2010-09-15,90.11315155029297,137.5,138.3000030517578,135.6999969482422,138.3000030517578,4925320,yfinance,False
2010-09-16,90.76854705810547,138.5,139.1999969482422,136.60000610351562,138.0,7012754,yfinance,False
2010-09-17,91.6860580444336,139.89999389648438,140.0,138.5,139.0,7565821,yfinance,False
2010-09-20,93.06233978271484,142.0,142.39999389648438,140.3000030517578,140.60000610351562,9352341,yfinance,False
2010-09-21,92.14484405517578,140.60000610351562,142.8000030517578,139.1999969482422,142.8000030517578,8166923,yfinance,False
2010-09-22,93.39002227783203,142.5,143.5,141.60000610351562,141.60000610351562,8139259,yfinance,False
2010-09-24,96.92900085449219,147.89999389648438,148.0,142.3000030517578,142.89999389648438,16465168,yfinance,False
2010-09-27,100.20585632324219,152.89999389648438,153.0,149.10000610351562,149.10000610351562,16999473,yfinance,False
2010-09-28,97.71546936035156,149.10000610351562,152.8000030517578,148.60000610351562,152.0,10600269,yfinance,False
2010-09-29,99.15727233886719,151.3000030517578,152.89999389648438,150.1999969482422,150.89999389648438,8083467,yfinance,False
2010-09-30,100.14031982421875,152.8000030517578,152.89999389648438,150.1999969482422,152.0,6485786,yfinance,False
2010-10-04,102.76179504394531,156.8000030517578,158.0,152.6999969482422,152.8000030517578,13765002,yfinance,False
2010-10-05,104.66236877441406,159.6999969482422,160.0,156.1999969482422,156.5,9464056,yfinance,False
2010-10-06,104.85895538330078,160.0,163.5,159.10000610351562,162.89999389648438,10378969,yfinance,False
2010-10-07,107.08722686767578,163.39999389648438,163.8000030517578,159.8000030517578,160.0,8977510,yfinance,False
2010-10-08,106.75953674316406,162.89999389648438,164.8000030517578,161.8000030517578,164.0,6642561,yfinance,False
2010-10-11,111.15046691894531,169.60000610351562,170.39999389648438,164.60000610351562,165.1999969482422,12700283,yfinance,False
2010-10-12,110.036376953125,167.89999389648438,170.0,165.10000610351562,170.0,14693563,yfinance,False
2010-10-13,111.34709930419922,169.89999389648438,170.0,166.0,169.89999389648438,9181687,yfinance,False
2010-10-14,116.91773986816406,178.39999389648438,179.89999389648438,171.60000610351562,172.0,17315209,yfinance,False
2010-10-15,117.9663314819336,180.0,185.89999389648438,177.0,177.6999969482422,16338782,yfinance,False
2010-10-18,116.26237487792969,177.39999389648438,182.60000610351562,176.1999969482422,180.0,9241777,yfinance,False
2010-10-19,117.76972961425781,179.6999969482422,182.6999969482422,178.0,179.60000610351562,7426055,yfinance,False
2010-10-20,116.0002670288086,177.0,179.5,173.0,175.8000030517578,14440637,yfinance,False
2010-10-21,115.60699462890625,176.39999389648438,179.8000030517578,174.8000030517578,179.0,6947276,yfinance,False
2010-10-22,113.64089965820312,173.39999389648438,177.5,172.6999969482422,176.60000610351562,9460150,yfinance,False
2010-10-25,119.21154022216797,181.89999389648438,182.5,174.1999969482422,174.1999969482422,14694805,yfinance,False
2010-10-26,117.4420394897461,179.1999969482422,182.3000030517578,178.0,182.0,6835583,yfinance,False
2010-10-27,113.64089965820312,173.39999389648438,179.10000610351562,173.0,178.1999969482422,13583554,yfinance,False
2010-10-28,111.80589294433594,170.60000610351562,175.3000030517578,170.3000030517578,173.8000030517578,9232695,yfinance,False
2010-10-29,111.80589294433594,170.60000610351562,172.3000030517578,166.6999969482422,170.0,10581310,yfinance,False
2010-11-01,117.24542236328125,178.89999389648438,179.39999389648438,173.0,173.0,8512521,yfinance,False
2010-11-02,115.41039276123047,176.10000610351562,178.60000610351562,175.6999969482422,177.0,4525071,yfinance,False
2010-11-03,117.37648010253906,179.10000610351562,181.39999389648438,176.5,178.10000610351562,8324271,yfinance,False
2010-11-04,121.11212158203125,184.8000030517578,185.60000610351562,179.0,181.8000030517578,13194392,yfinance,False
2010-11-05,125.7652359008789,191.89999389648438,193.0,188.60000610351562,190.0,20088306,yfinance,False
2010-11-08,129.23863220214844,197.1999969482422,197.5,190.89999389648438,192.0,10585112,yfinance,False
2010-11-09,127.27259063720703,194.1999969482422,198.60000610351562,194.0,195.39999389648438,9454350,yfinance,False
2010-11-10,126.48614501953125,193.0,195.6999969482422,190.60000610351562,192.39999389648438,7999038,yfinance,False
2010-11-11,124.58556365966797,190.10000610351562,196.89999389648438,189.60000610351562,193.5,10143114,yfinance,False
2010-11-12,123.471435546875,188.39999389648438,193.1999969482422,187.5,188.10000610351562,10465507,yfinance,False
2010-11-15,120.71885681152344,184.1999969482422,189.5,184.10000610351562,188.89999389648438,9667382,yfinance,False
2010-11-16,119.53923797607422,182.39999389648438,185.60000610351562,180.1999969482422,182.8000030517578,11840953,yfinance,False
2010-11-17,115.80361938476562,176.6999969482422,181.8000030517578,175.6999969482422,180.6999969482422,14421682,yfinance,False
2010-11-18,120.2601318359375,183.5,183.6999969482422,178.0,180.10000610351562,9365682,yfinance,False
2010-11-19,120.1946029663086,183.39999389648438,185.0,178.60000610351562,185.0,8985992,yfinance,False
2010-11-22,119.2770767211914,182.0,183.39999389648438,180.1999969482422,183.0,6001090,yfinance,False
2010-11-23,115.86917877197266,176.8000030517578,181.1999969482422,176.39999389648438,181.0,10552281,yfinance,False
2010-11-24,116.98326873779297,178.5,179.6999969482422,177.60000610351562,178.39999389648438,6093669,yfinance,False
2010-11-25,115.73807525634766,176.60000610351562,180.6999969482422,176.3000030517578,180.0,6520692,yfinance,False
2010-11-26,114.42737579345703,174.60000610351562,177.6999969482422,174.1999969482422,177.0,5915959,yfinance,False
2010-11-29,117.37648010253906,179.10000610351562,179.89999389648438,174.10000610351562,174.60000610351562,5053514,yfinance,False
2010-11-30,116.59004211425781,177.89999389648438,179.8000030517578,175.0,178.0,7443398,yfinance,False
2010-12-01,117.70419311523438,179.60000610351562,179.6999969482422,175.3000030517578,177.10000610351562,7811829,yfinance,False
2010-12-02,119.93242645263672,183.0,185.5,182.5,183.0,8835096,yfinance,False
2010-12-03,120.8499526977539,184.39999389648438,186.0,183.0,183.0,7415808,yfinance,False
2010-12-06,118.2940444946289,180.5,186.6999969482422,180.0,184.89999389648438,6213850,yfinance,False
2010-12-07,119.34257507324219,182.10000610351562,183.5,178.60000610351562,180.60000610351562,6313542,yfinance,False
2010-12-08,119.08045959472656,181.6999969482422,182.5,180.10000610351562,180.5,4558666,yfinance,False
2010-12-09,119.01488494873047,181.60000610351562,183.8000030517578,180.89999389648438,182.0,2946840,yfinance,False
2010-12-10,119.34257507324219,182.10000610351562,182.6999969482422,180.5,180.5,3045657,yfinance,False
2010-12-13,119.8669204711914,182.89999389648438,185.0,182.5,183.89999389648438,3678127,yfinance,False
2010-12-14,120.06350708007812,183.1999969482422,183.8000030517578,182.60000610351562,183.5,2435504,yfinance,False
2010-12-15,117.4420394897461,179.1999969482422,183.8000030517578,179.0,183.8000030517578,5700546,yfinance,False
2010-12-16,114.88613891601562,175.3000030517578,179.0,175.0,178.0,8970858,yfinance,False
2010-12-17,115.47594451904297,176.1999969482422,176.6999969482422,174.0,176.0,6931007,yfinance,False
2010-12-20,114.4928970336914,174.6999969482422,176.39999389648438,172.3000030517578,176.1999969482422,3897014,yfinance,False
2010-12-21,117.17987823486328,178.8000030517578,179.0,175.10000610351562,176.60000610351562,3536442,yfinance,False
2010-12-22,117.17987823486328,178.8000030517578,180.0,178.10000610351562,179.0,2689183,yfinance,False
2010-12-23,115.34487915039062,176.0,179.0,175.3000030517578,178.60000610351562,2365980,yfinance,False
2010-12-24,115.54145050048828,176.3000030517578,176.60000610351562,175.0,175.10000610351562,1285448,yfinance,False
2010-12-28,115.01717376708984,175.5,176.10000610351562,174.0,175.10000610351562,3810922,yfinance,False
2010-12-29,116.32791137695312,177.5,177.6999969482422,175.10000610351562,175.5,2598132,yfinance,False
2010-12-30,116.13131713867188,177.1999969482422,177.8000030517578,176.0,176.8000030517578,2118414,yfinance,False
2010-12-31,115.54145050048828,176.3000030517578,178.89999389648438,176.0,178.0,2696260,yfinance,False
2011-01-03,117.8353042602539,179.8000030517578,180.39999389648438,177.5,177.8000030517578,3925819,yfinance,False
2011-01-04,121.63639068603516,185.60000610351562,185.8000030517578,181.0,181.6999969482422,9295632,yfinance,False
2011-01-05,121.63639068603516,185.60000610351562,186.5,184.5,185.5,6047705,yfinance,False
2011-01-06,121.11212158203125,184.8000030517578,186.39999389648438,184.1999969482422,186.0,3968266,yfinance,False
2011-01-07,121.11212158203125,184.8000030517578,187.1999969482422,183.8000030517578,185.5,5262080,yfinance,False
2011-01-10,119.40811157226562,182.1999969482422,185.89999389648438,182.0,184.60000610351562,4007947,yfinance,False
2011-01-11,119.8013687133789,182.8000030517578,184.6999969482422,181.8000030517578,183.89999389648438,4262575,yfinance,False
2011-01-12,123.73356628417969,188.8000030517578,189.0,183.1999969482422,183.1999969482422,8399189,yfinance,False
2011-01-13,123.93016815185547,189.10000610351562,190.60000610351562,188.0,190.0,7608631,yfinance,False
2011-01-14,122.75054168701172,187.3000030517578,188.89999389648438,186.3000030517578,188.60000610351562,5843283,yfinance,False
2011-01-17,121.57087707519531,185.5,188.3000030517578,185.0,188.0,3625859,yfinance,False
2011-01-18,120.91548919677734,184.5,188.0,184.1999969482422,185.0,4190176,yfinance,False
2011-01-19,122.29177856445312,186.60000610351562,187.10000610351562,185.3000030517578,186.1999969482422,3552648,yfinance,False
2011-01-20,119.99798583984375,183.10000610351562,184.89999389648438,182.0,184.8000030517578,6291249,yfinance,False
2011-01-21,119.40811157226562,182.1999969482422,185.3000030517578,182.0,183.39999389648438,4213676,yfinance,False
2011-01-24,117.70419311523438,179.60000610351562,183.1999969482422,179.1999969482422,183.1999969482422,5362119,yfinance,False
2011-01-25,117.9663314819336,180.0,181.89999389648438,179.60000610351562,179.60000610351562,3185668,yfinance,False
2011-01-26,117.9663314819336,180.0,181.0,178.39999389648438,179.39999389648438,2932104,yfinance,False
2011-01-27,117.37648010253906,179.10000610351562,181.39999389648438,179.0,179.6999969482422,3134203,yfinance,False
2011-01-28,116.85221099853516,178.3000030517578,180.0,178.3000030517578,180.0,3045755,yfinance,False
2011-01-31,117.17987823486328,178.8000030517578,179.10000610351562,176.60000610351562,177.0,4057363,yfinance,False
2011-02-01,116.39346313476562,177.60000610351562,180.0,177.10000610351562,180.0,3620130,yfinance,False
2011-02-02,118.42509460449219,180.6999969482422,180.8000030517578,179.10000610351562,179.5,3789980,yfinance,False
2011-02-07,117.31095886230469,179.0,181.8000030517578,178.39999389648438,181.8000030517578,3745547,yfinance,False
2011-02-08,117.57311248779297,179.39999389648438,180.10000610351562,178.10000610351562,180.0,3155623,yfinance,False
2011-02-09,115.54145050048828,176.3000030517578,178.5,175.1999969482422,178.3000030517578,11500567,yfinance,False
2011-02-10,109.90531921386719,167.6999969482422,173.60000610351562,167.0,173.60000610351562,30960537,yfinance,False
2011-02-11,110.69173431396484,168.89999389648438,170.6999969482422,165.0,166.0,15588773,yfinance,False
2011-02-14,111.0194320678711,169.39999389648438,170.6999969482422,169.0,169.0,6449768,yfinance,False
2011-02-15,110.42961883544922,168.5,170.5,168.10000610351562,169.5,4397152,yfinance,False
2011-02-16,109.77421569824219,167.5,168.5,166.10000610351562,168.39999389648438,5954177,yfinance,False
2011-02-17,109.11885833740234,166.5,167.39999389648438,166.0,166.5,5205548,yfinance,False
2011-02-18,111.93696594238281,170.8000030517578,171.89999389648438,165.0,165.0,9406255,yfinance,False
2011-02-21,111.41266632080078,170.0,172.0,168.60000610351562,170.0,4155299,yfinance,False
2011-02-22,109.31548309326172,166.8000030517578,168.0,165.3000030517578,165.5,6022685,yfinance,False
2011-02-23,108.8567123413086,166.10000610351562,167.3000030517578,165.5,167.0,5678146,yfinance,False
2011-02-24,107.54598236083984,164.10000610351562,166.89999389648438,164.0,165.10000610351562,7541595,yfinance,False
2011-02-25,108.20134735107422,165.10000610351562,166.5,163.1999969482422,164.5,8191501,yfinance,False
2011-02-28,110.42961883544922,168.5,168.89999389648438,163.0,164.5,6039790,yfinance,False
2011-03-01,111.2160415649414,169.6999969482422,170.6999969482422,168.3000030517578,169.0,6147656,yfinance,False
2011-03-02,109.5120849609375,167.10000610351562,168.8000030517578,166.0,168.5,6623663,yfinance,False
2011-03-03,109.24993896484375,166.6999969482422,169.39999389648438,166.5,168.3000030517578,4461263,yfinance,False
2011-03-04,111.15046691894531,169.60000610351562,170.39999389648438,168.8000030517578,169.0,5285246,yfinance,False
2011-03-07,110.036376953125,167.89999389648438,170.1999969482422,166.89999389648438,166.89999389648438,4219169,yfinance,False
2011-03-08,112.39569854736328,171.5,171.6999969482422,167.60000610351562,168.1999969482422,5964559,yfinance,False
2011-03-09,111.74034118652344,170.5,173.8000030517578,169.89999389648438,173.5,5782775,yfinance,False
2011-03-10,110.56068420410156,168.6999969482422,170.5,168.1999969482422,170.5,4255167,yfinance,False
2011-03-11,109.44656372070312,167.0,168.0,166.0,167.0,7720219,yfinance,False
2011-03-14,109.05331420898438,166.39999389648438,168.39999389648438,165.5,167.0,4308848,yfinance,False
2011-03-15,107.08722686767578,163.39999389648438,165.60000610351562,162.1999969482422,165.1999969482422,10355506,yfinance,False
2011-03-16,107.41490936279297,163.89999389648438,165.3000030517578,162.5,165.0,5270263,yfinance,False
2011-03-17,104.79342651367188,159.89999389648438,161.3000030517578,159.6999969482422,160.1999969482422,8790701,yfinance,False
2011-03-18,104.72789001464844,159.8000030517578,161.39999389648438,159.60000610351562,161.0,5481189,yfinance,False
2011-03-21,107.2838134765625,163.6999969482422,164.60000610351562,160.5,160.5,5485220,yfinance,False
2011-03-22,109.31548309326172,166.8000030517578,166.8000030517578,163.8000030517578,165.0,5255936,yfinance,False
2011-03-23,108.39796447753906,165.39999389648438,165.8000030517578,164.6999969482422,165.0,3169843,yfinance,False
2011-03-24,107.61152648925781,164.1999969482422,167.0,163.5,166.10000610351562,3524970,yfinance,False
2011-03-25,109.31548309326172,166.8000030517578,167.3000030517578,164.8000030517578,166.0,4179726,yfinance,False
2011-03-28,108.13581085205078,165.0,167.3000030517578,164.60000610351562,165.6999969482422,3531950,yfinance,False
2011-03-29,108.529052734375,165.60000610351562,166.39999389648438,163.89999389648438,163.89999389648438,2965475,yfinance,False
2011-03-30,109.44656372070312,167.0,167.8000030517578,165.5,165.60000610351562,5156628,yfinance,False
2011-03-31,110.75732421875,169.0,169.3000030517578,167.39999389648438,168.0,6640398,yfinance,False
2011-04-01,112.59228515625,171.8000030517578,172.0,169.0,169.0,8965747,yfinance,False
2011-04-04,118.55615234375,180.89999389648438,181.0,172.6999969482422,173.0,24951448,yfinance,False
2011-04-06,118.42509460449219,180.6999969482422,182.3000030517578,179.10000610351562,181.5,12170628,yfinance,False
2011-04-07,117.9007797241211,179.89999389648438,181.39999389648438,178.6999969482422,180.5,6433029,yfinance,False
2011-04-08,119.2770767211914,182.0,182.60000610351562,178.6999969482422,179.89999389648438,7248947,yfinance,False
2011-04-11,119.93242645263672,183.0,186.5,181.89999389648438,182.0,10159783,yfinance,False
2011-04-12,118.75276947021484,181.1999969482422,183.0,179.89999389648438,183.0,7896992,yfinance,False
2011-04-13,120.88365936279297,182.10000610351562,183.8000030517578,178.1999969482422,178.1999969482422,9903233,yfinance,False
2011-04-14,120.61813354492188,181.6999969482422,183.60000610351562,180.60000610351562,181.0,4904134,yfinance,False
2011-04-15,120.68453979492188,181.8000030517578,184.60000610351562,181.3000030517578,182.10000610351562,5120958,yfinance,False
2011-04-18,120.41898345947266,181.39999389648438,184.1999969482422,180.6999969482422,181.0,3653086,yfinance,False
2011-04-19,118.62664794921875,178.6999969482422,179.8000030517578,177.5,179.8000030517578,7630626,yfinance,False
2011-04-20,119.42323303222656,179.89999389648438,180.6999969482422,179.3000030517578,179.8000030517578,3212044,yfinance,False
2011-04-21,120.68453979492188,181.8000030517578,182.60000610351562,180.8000030517578,181.1999969482422,5440465,yfinance,False
2011-04-26,119.48961639404297,180.0,181.8000030517578,179.6999969482422,181.8000030517578,3448163,yfinance,False
2011-04-27,119.68878173828125,180.3000030517578,182.5,179.5,181.60000610351562,6468607,yfinance,False
2011-04-28,118.82579803466797,179.0,181.60000610351562,178.89999389648438,180.8000030517578,5702725,yfinance,False
2011-04-29,117.63095092773438,177.1999969482422,178.89999389648438,176.5,178.1999969482422,5530299,yfinance,False
2011-05-03,116.70153045654297,175.8000030517578,178.60000610351562,175.60000610351562,177.5,3254028,yfinance,False
2011-05-04,115.50665283203125,174.0,175.39999389648438,173.0,175.0,5104311,yfinance,False
2011-05-05,115.30752563476562,173.6999969482422,174.8000030517578,172.60000610351562,174.8000030517578,3488812,yfinance,False
2011-05-06,115.57304382324219,174.10000610351562,174.8000030517578,171.39999389648438,171.5,3993521,yfinance,False
2011-05-09,115.97139739990234,174.6999969482422,175.39999389648438,173.60000610351562,173.60000610351562,2316350,yfinance,False
2011-05-11,115.24114227294922,173.60000610351562,176.0,173.5,175.3000030517578,2890349,yfinance,False
2011-05-12,113.31600189208984,170.6999969482422,173.0,170.10000610351562,173.0,6641382,yfinance,False
2011-05-13,114.9092025756836,173.10000610351562,173.6999969482422,170.1999969482422,171.5,3661929,yfinance,False
2011-05-16,113.7806396484375,171.39999389648438,173.0,171.10000610351562,173.0,2734964,yfinance,False
2011-05-17,113.97979736328125,171.6999969482422,172.8000030517578,170.0,170.39999389648438,2835046,yfinance,False
2011-05-18,113.8470458984375,171.5,173.0,171.1999969482422,173.0,2544315,yfinance,False
2011-05-19,115.17472839355469,173.5,174.3000030517578,171.60000610351562,172.39999389648438,4012001,yfinance,False
2011-05-20,115.04194641113281,173.3000030517578,174.39999389648438,172.8000030517578,174.39999389648438,1631071,yfinance,False
2011-05-23,112.784912109375,169.89999389648438,171.8000030517578,168.89999389648438,171.0,6629774,yfinance,False
2011-05-24,112.12109375,168.89999389648438,170.0,168.60000610351562,169.89999389648438,4350735,yfinance,False
2011-05-25,111.52365112304688,168.0,168.8000030517578,167.0,168.0,5001871,yfinance,False
2011-05-26,111.92193603515625,168.60000610351562,169.8000030517578,167.89999389648438,168.5,3441579,yfinance,False
2011-05-27,112.71857452392578,169.8000030517578,171.10000610351562,168.10000610351562,168.60000610351562,3980314,yfinance,False
2011-05-30,113.05046081542969,170.3000030517578,171.3000030517578,169.10000610351562,169.8000030517578,2966493,yfinance,False
2011-05-31,115.7057876586914,174.3000030517578,175.0,172.1999969482422,172.8000030517578,6686215,yfinance,False
2011-06-01,115.04194641113281,173.3000030517578,175.0,172.6999969482422,175.0,4164361,yfinance,False
2011-06-02,114.04621887207031,171.8000030517578,172.10000610351562,170.10000610351562,170.1999969482422,3888173,yfinance,False
2011-06-03,112.71857452392578,169.8000030517578,171.89999389648438,169.60000610351562,171.89999389648438,4862152,yfinance,False
2011-06-07,113.05046081542969,170.3000030517578,171.1999969482422,168.5,169.0,3347604,yfinance,False
2011-06-08,112.18751525878906,169.0,169.89999389648438,168.8000030517578,169.5,2559821,yfinance,False
2011-06-09,112.4530258178711,169.39999389648438,169.6999969482422,167.60000610351562,168.5,4272763,yfinance,False
2011-06-10,111.457275390625,167.89999389648438,170.5,167.10000610351562,169.0,4215456,yfinance,False
2011-06-13,110.26237487792969,166.10000610351562,166.6999969482422,164.60000610351562,166.1999969482422,8808157,yfinance,False
2011-06-14,110.46151733398438,166.39999389648438,167.6999969482422,164.1999969482422,165.0,4931448,yfinance,False
2011-06-15,109.5985336303711,165.10000610351562,167.0,165.0,166.0,3672138,yfinance,False
2011-06-16,106.74404907226562,160.8000030517578,163.5,160.0,163.0,14827619,yfinance,False
2011-06-17,106.27936553955078,160.10000610351562,161.8000030517578,160.0,160.5,6506469,yfinance,False
2011-06-20,104.15513610839844,156.89999389648438,162.6999969482422,156.8000030517578,160.5,7210302,yfinance,False
2011-06-21,107.14237976074219,161.39999389648438,162.10000610351562,158.0,158.8000030517578,7909049,yfinance,False
2011-06-22,107.27513885498047,161.60000610351562,164.0,161.1999969482422,164.0,4870431,yfinance,False
2011-06-23,105.61557006835938,159.10000610351562,161.5,158.8000030517578,161.5,5827883,yfinance,False
2011-06-24,108.53640747070312,163.5,163.89999389648438,160.0,160.0,6968841,yfinance,False
2011-06-27,107.60707092285156,162.10000610351562,163.10000610351562,160.8000030517578,160.8000030517578,4996495,yfinance,False
2011-06-28,107.34147644042969,161.6999969482422,163.5,160.60000610351562,163.0,4202882,yfinance,False
2011-06-29,107.73983764648438,162.3000030517578,164.0,161.5,164.0,4507159,yfinance,False
2011-06-30,108.27090454101562,163.10000610351562,164.5,162.39999389648438,162.39999389648438,4663323,yfinance,False
2011-07-04,111.52365112304688,168.0,168.39999389648438,165.60000610351562,166.1999969482422,7814471,yfinance,False
2011-07-05,111.52365112304688,168.0,170.0,167.60000610351562,168.10000610351562,4265084,yfinance,False
2011-07-06,111.1253433227539,167.39999389648438,167.89999389648438,167.0,167.0,2391819,yfinance,False
2011-07-07,110.26237487792969,166.10000610351562,168.5,166.0,167.1999969482422,2774054,yfinance,False
2011-07-08,111.19173431396484,167.5,169.0,166.89999389648438,166.89999389648438,2440277,yfinance,False
2011-07-11,109.5985336303711,165.10000610351562,166.60000610351562,164.8000030517578,166.5,2508212,yfinance,False
2011-07-12,107.40789794921875,161.8000030517578,163.8000030517578,161.10000610351562,163.8000030517578,5470848,yfinance,False
2011-07-13,108.2044906616211,163.0,163.10000610351562,162.0,162.60000610351562,3506255,yfinance,False
2011-07-14,107.67342376708984,162.1999969482422,163.8000030517578,161.3000030517578,162.8000030517578,2272480,yfinance,False
2011-07-15,106.87681579589844,161.0,162.0,160.3000030517578,162.0,3104328,yfinance,False
2011-07-18,106.14662170410156,159.89999389648438,161.1999969482422,158.5,158.5,3323803,yfinance,False
2011-07-19,105.74834442138672,159.3000030517578,159.60000610351562,157.5,158.89999389648438,5981741,yfinance,False
2011-07-20,106.27936553955078,160.10000610351562,161.5,159.39999389648438,160.89999389648438,2909845,yfinance,False
2011-07-21,106.47856140136719,160.39999389648438,160.89999389648438,159.0,159.39999389648438,2788792,yfinance,False
2011-07-22,107.93898010253906,162.60000610351562,163.3000030517578,161.5,161.5,5451134,yfinance,False
2011-07-25,106.61131286621094,160.60000610351562,162.0,160.1999969482422,161.1999969482422,3200514,yfinance,False
2011-07-26,107.20875549316406,161.5,161.5,159.39999389648438,160.0,4971520,yfinance,False
2011-07-27,107.40789794921875,161.8000030517578,162.39999389648438,160.5,161.0,2625523,yfinance,False
2011-07-28,107.80619812011719,162.39999389648438,162.5,159.3000030517578,159.5,3040680,yfinance,False
2011-07-29,106.8104476928711,160.89999389648438,162.0,160.1999969482422,161.89999389648438,3309828,yfinance,False
2011-08-01,107.54066467285156,162.0,165.0,161.89999389648438,162.89999389648438,4057087,yfinance,False
2011-08-02,106.67767333984375,160.6999969482422,161.60000610351562,160.3000030517578,160.3000030517578,4287552,yfinance,False
2011-08-03,104.8853759765625,158.0,158.60000610351562,157.39999389648438,157.8000030517578,9243231,yfinance,False
2011-08-04,104.15513610839844,156.89999389648438,159.0,156.5,157.1999969482422,4928526,yfinance,False
2011-08-05,99.30915069580078,149.60000610351562,150.5,147.0,150.39999389648438,23692704,yfinance,False
2011-08-08,95.79084777832031,144.3000030517578,145.89999389648438,138.8000030517578,145.8000030517578,15979498,yfinance,False
2011-08-09,91.34319305419922,137.60000610351562,144.0,133.0,133.1999969482422,16188418,yfinance,False
2011-08-10,93.73298645019531,141.1999969482422,144.0,140.89999389648438,143.0,4436195,yfinance,False
2011-08-11,90.61296081542969,136.5,139.8000030517578,133.5,136.3000030517578,11220384,yfinance,False
2011-08-12,91.01129913330078,137.10000610351562,139.89999389648438,136.0,139.89999389648438,6903557,yfinance,False
2011-08-15,93.13555145263672,140.3000030517578,140.39999389648438,137.0,140.0,5268333,yfinance,False
2011-08-16,93.6002197265625,141.0,143.0,140.0,141.5,5329716,yfinance,False
2011-08-17,94.59595489501953,142.5,145.0,141.5,141.5,7817199,yfinance,False
2011-08-18,97.98150634765625,147.60000610351562,152.39999389648438,146.1999969482422,146.6999969482422,20893832,yfinance,False
2011-08-19,94.5295639038086,142.39999389648438,144.89999389648438,142.3000030517578,143.8000030517578,9019215,yfinance,False
2011-08-22,96.25553131103516,145.0,146.0,139.5,143.1999969482422,7359219,yfinance,False
2011-08-23,98.04788208007812,147.6999969482422,147.89999389648438,142.89999389648438,145.0,5910335,yfinance,False
2011-08-24,95.73041534423828,142.10000610351562,147.0,141.1999969482422,147.0,3743219,yfinance,False
2011-08-25,95.99988555908203,142.5,144.39999389648438,141.60000610351562,144.0,3013099,yfinance,False
2011-08-26,95.46092987060547,141.6999969482422,144.0,140.39999389648438,141.60000610351562,3605629,yfinance,False
2011-08-29,95.25883483886719,141.39999389648438,143.3000030517578,140.60000610351562,143.0,2637445,yfinance,False
2011-08-30,96.06725311279297,142.60000610351562,145.0,142.10000610351562,142.8000030517578,4636825,yfinance,False
2011-08-31,98.22303009033203,145.8000030517578,145.89999389648438,141.89999389648438,142.3000030517578,4475820,yfinance,False
2011-09-01,97.41461181640625,144.60000610351562,149.5,144.5,147.39999389648438,4748362,yfinance,False
2011-09-02,95.99988555908203,142.5,145.0,142.3000030517578,144.60000610351562,2864152,yfinance,False
2011-09-05,94.51777648925781,140.3000030517578,141.39999389648438,140.0,140.10000610351562,3985417,yfinance,False
2011-09-06,95.05671691894531,141.10000610351562,141.5,138.0,139.39999389648438,4476884,yfinance,False
2011-09-07,95.66307067871094,142.0,142.60000610351562,140.60000610351562,141.39999389648438,2568863,yfinance,False
2011-09-08,94.85460662841797,140.8000030517578,143.0,140.1999969482422,142.89999389648438,2470831,yfinance,False
2011-09-09,94.98936462402344,141.0,142.0,140.0,140.60000610351562,1924963,yfinance,False
2011-09-12,91.21672821044922,135.39999389648438,138.0,135.1999969482422,138.0,5883493,yfinance,False
2011-09-14,90.34095001220703,134.10000610351562,137.89999389648438,131.3000030517578,137.89999389648438,7685656,yfinance,False
2011-09-15,91.89042663574219,136.39999389648438,137.0,134.10000610351562,135.6999969482422,3480417,yfinance,False
2011-09-16,94.18094635009766,139.8000030517578,140.0,138.3000030517578,138.5,5084104,yfinance,False
2011-09-19,91.14935302734375,135.3000030517578,138.0,135.0,137.1999969482422,2961583,yfinance,False
2011-09-20,92.15988159179688,136.8000030517578,136.89999389648438,133.3000030517578,136.0,4033832,yfinance,False
2011-09-21,89.73463439941406,133.1999969482422,135.6999969482422,132.8000030517578,134.10000610351562,5092152,yfinance,False
2011-09-22,85.3556900024414,126.69999694824219,129.0,126.5999984741211,129.0,7731853,yfinance,False
2011-09-23,83.53672790527344,124.0,125.0,121.9000015258789,125.0,8118165,yfinance,False
2011-09-26,80.1009521484375,118.9000015258789,125.0,113.30000305175781,126.4000015258789,9592255,yfinance,False
2011-09-27,82.8630599975586,123.0,124.0,122.0999984741211,123.0,5970663,yfinance,False
2011-09-28,79.96622467041016,118.69999694824219,123.5,114.30000305175781,123.0,7359610,yfinance,False
2011-09-30,77.27149200439453,114.69999694824219,118.5,113.9000015258789,118.0,7475060,yfinance,False
2011-10-03,72.8251724243164,108.0999984741211,111.30000305175781,106.5,111.0,8009951,yfinance,False
2011-10-04,67.83990478515625,100.69999694824219,106.0,100.5,104.19999694824219,9937982,yfinance,False
2011-10-06,68.44623565673828,101.5999984741211,107.4000015258789,99.1500015258789,106.0999984741211,17613948,yfinance,False
2011-10-07,74.10517883300781,110.0,111.30000305175781,101.5999984741211,100.5,18725580,yfinance,False
2011-10-10,74.10517883300781,110.0,112.0,107.19999694824219,111.0,5343853,yfinance,False
2011-10-11,79.0904312133789,117.4000015258789,120.9000015258789,116.5,120.0,11436016,yfinance,False
2011-10-12,78.41675567626953,116.4000015258789,119.0,112.5999984741211,115.5999984741211,6500820,yfinance,False
2011-10-13,81.44831085205078,120.9000015258789,121.0,117.5,119.5999984741211,7719991,yfinance,False
2011-10-14,79.6293716430664,118.19999694824219,119.9000015258789,117.19999694824219,118.9000015258789,4024606,yfinance,False
2011-10-17,82.12201690673828,121.9000015258789,122.5999984741211,120.5999984741211,121.0,4683387,yfinance,False
2011-10-18,77.33887481689453,114.80000305175781,118.4000015258789,113.80000305175781,118.0,6087591,yfinance,False
2011-10-19,78.48411560058594,116.5,118.0,116.19999694824219,118.0,2315728,yfinance,False
2011-10-20,76.3283462524414,113.30000305175781,115.0,110.9000015258789,115.0,3540078,yfinance,False
2011-10-21,77.06937408447266,114.4000015258789,114.5999984741211,112.5,113.80000305175781,2290581,yfinance,False
2011-10-24,79.69673919677734,118.30000305175781,119.0,117.0,117.4000015258789,4514963,yfinance,False
2011-10-25,79.56200408935547,118.0999984741211,118.9000015258789,117.0999984741211,118.5,3405985,yfinance,False
2011-10-26,79.6293716430664,118.19999694824219,118.4000015258789,114.69999694824219,114.69999694824219,5058927,yfinance,False
2011-10-27,85.96199798583984,127.5999984741211,127.80000305175781,118.0,118.0,13129457,yfinance,False
2011-10-28,92.15988159179688,136.8000030517578,139.0,131.0,131.8000030517578,21317013,yfinance,False
2011-10-31,90.34095001220703,134.10000610351562,137.89999389648438,131.0,136.6999969482422,6556489,yfinance,False
2011-11-01,86.5009536743164,128.39999389648438,133.8000030517578,128.3000030517578,130.0,6990753,yfinance,False
2011-11-02,91.28409576416016,135.5,135.8000030517578,125.0,126.0,7566962,yfinance,False
2011-11-03,88.05043029785156,130.6999969482422,135.0,129.89999389648438,132.5,8086478,yfinance,False
2011-11-04,91.41883087158203,135.6999969482422,138.0,135.10000610351562,138.0,7989456,yfinance,False
2011-11-07,90.47567749023438,134.3000030517578,137.0,133.8000030517578,135.5,3997369,yfinance,False
2011-11-08,89.12832641601562,132.3000030517578,136.0,131.89999389648438,135.1999969482422,3322636,yfinance,False
2011-11-09,89.93673706054688,133.5,135.89999389648438,133.0,135.0,4329834,yfinance,False
2011-11-10,85.62515258789062,127.0999984741211,129.6999969482422,126.80000305175781,128.0,7743826,yfinance,False
2011-11-11,86.23148345947266,128.0,129.6999969482422,127.5,128.5,3395262,yfinance,False
2011-11-14,87.10726928710938,129.3000030517578,130.8000030517578,129.10000610351562,130.3000030517578,3128331,yfinance,False
2011-11-15,86.97252655029297,129.10000610351562,129.89999389648438,128.10000610351562,128.8000030517578,2002420,yfinance,False
2011-11-16,84.7493667602539,125.80000305175781,129.10000610351562,124.69999694824219,128.6999969482422,3569498,yfinance,False
2011-11-17,84.34515380859375,125.19999694824219,126.30000305175781,121.9000015258789,121.9000015258789,3848739,yfinance,False
2011-11-18,82.3241195678711,122.19999694824219,123.69999694824219,122.0,123.5999984741211,4154267,yfinance,False
2011-11-21,80.84201049804688,120.0,121.0,119.0,120.0999984741211,3420103,yfinance,False
2011-11-22,81.24620819091797,120.5999984741211,121.9000015258789,118.5,121.0,3135948,yfinance,False
2011-11-23,80.1683349609375,119.0,120.0,118.19999694824219,118.19999694824219,2091649,yfinance,False
2011-11-24,80.2356948852539,119.0999984741211,120.5,118.19999694824219,119.0,2564320,yfinance,False
2011-11-25,79.6293716430664,118.19999694824219,119.4000015258789,118.0,118.5,1679973,yfinance,False
2011-11-28,82.4588394165039,122.4000015258789,122.80000305175781,120.0999984741211,121.5,3827413,yfinance,False
2011-11-29,82.8630599975586,123.0,124.30000305175781,122.80000305175781,123.80000305175781,3051026,yfinance,False
2011-11-30,82.39147186279297,122.30000305175781,122.80000305175781,119.69999694824219,122.0,3125212,yfinance,False
2011-12-01,87.51146697998047,129.89999389648438,133.0,128.60000610351562,133.0,10669089,yfinance,False
2011-12-02,89.33040618896484,132.60000610351562,133.0,129.0,129.0,5145526,yfinance,False
2011-12-05,89.80201721191406,133.3000030517578,135.0,131.39999389648438,133.0,4316434,yfinance,False
2011-12-06,87.9156723022461,130.5,133.0,130.0,133.0,2623250,yfinance,False
2011-12-07,88.92619323730469,132.0,133.0,130.5,130.5,2640914,yfinance,False
2011-12-08,88.38723754882812,131.1999969482422,132.3000030517578,129.8000030517578,131.10000610351562,2364478,yfinance,False
2011-12-09,85.75988006591797,127.30000305175781,130.0,126.9000015258789,130.0,3726091,yfinance,False
2011-12-12,85.55778503417969,127.0,130.39999389648438,126.5999984741211,129.1999969482422,3052653,yfinance,False
2011-12-13,85.220947265625,126.5,126.80000305175781,124.5,125.0,2236344,yfinance,False
2011-12-14,84.27779388427734,125.0999984741211,126.80000305175781,125.0,126.5,2430376,yfinance,False
2011-12-15,82.59357452392578,122.5999984741211,123.80000305175781,122.0,123.5999984741211,3669932,yfinance,False
2011-12-16,84.14305114746094,124.9000015258789,125.5,122.80000305175781,122.80000305175781,2405399,yfinance,False
2011-12-19,83.26728057861328,123.5999984741211,123.80000305175781,122.0,122.4000015258789,2301871,yfinance,False
2011-12-20,82.66096496582031,122.69999694824219,124.69999694824219,122.30000305175781,123.0,1622859,yfinance,False
2011-12-21,84.34515380859375,125.19999694824219,126.0,123.5999984741211,125.5999984741211,2502622,yfinance,False
2011-12-22,84.5472640991211,125.5,125.9000015258789,124.5,124.5,2162649,yfinance,False
2011-12-23,84.95148468017578,126.0999984741211,127.19999694824219,126.0,127.0,1445174,yfinance,False
2011-12-28,84.34515380859375,125.19999694824219,126.69999694824219,124.19999694824219,126.69999694824219,1615236,yfinance,False
2011-12-29,83.73884582519531,124.30000305175781,124.9000015258789,123.4000015258789,123.5,1738948,yfinance,False
2011-12-30,83.60409545898438,124.0999984741211,125.0,123.9000015258789,124.4000015258789,1490117,yfinance,False
2012-01-03,85.08621215820312,126.30000305175781,126.80000305175781,125.5,125.5,2246367,yfinance,False
2012-01-04,84.7493667602539,125.80000305175781,127.0,125.0,126.9000015258789,2155258,yfinance,False
2012-01-05,84.14305114746094,124.9000015258789,126.5,124.80000305175781,126.0,1820503,yfinance,False
2012-01-06,82.18938446044922,122.0,125.5,121.30000305175781,125.0,3987969,yfinance,False
2012-01-09,82.3241195678711,122.19999694824219,122.19999694824219,118.69999694824219,122.0,4730294,yfinance,False
2012-01-10,82.99778747558594,123.19999694824219,123.5,120.5999984741211,122.0,3322136,yfinance,False
2012-01-11,82.8630599975586,123.0,123.69999694824219,122.30000305175781,123.19999694824219,3383512,yfinance,False
2012-01-12,83.4693832397461,123.9000015258789,124.19999694824219,122.30000305175781,122.9000015258789,2184878,yfinance,False
2012-01-13,83.0651626586914,123.30000305175781,124.9000015258789,122.80000305175781,124.80000305175781,2186916,yfinance,False
2012-01-16,82.25675201416016,122.0999984741211,123.0,121.30000305175781,122.80000305175781,1729369,yfinance,False
2012-01-17,85.75988006591797,127.30000305175781,127.80000305175781,122.5999984741211,123.5,5363280,yfinance,False
2012-01-18,86.5009536743164,128.39999389648438,130.0,127.69999694824219,128.0,5273159,yfinance,False
2012-01-19,88.05043029785156,130.6999969482422,131.8000030517578,129.1999969482422,129.60000610351562,5064997,yfinance,False
2012-01-20,88.72411346435547,131.6999969482422,131.89999389648438,129.8000030517578,131.89999389648438,3733784,yfinance,False
2012-01-26,90.40830993652344,134.1999969482422,134.3000030517578,133.0,134.10000610351562,5489539,yfinance,False
2012-01-27,90.47567749023438,134.3000030517578,135.0,133.3000030517578,133.5,5033035,yfinance,False
2012-01-30,88.65675354003906,131.60000610351562,134.0,131.5,133.1999969482422,3776114,yfinance,False
2012-01-31,90.67778778076172,134.60000610351562,135.0,131.5,132.60000610351562,5030006,yfinance,False
2012-02-01,90.54302978515625,134.39999389648438,136.6999969482422,133.39999389648438,133.39999389648438,4284692,yfinance,False
2012-02-02,92.22724151611328,136.89999389648438,137.1999969482422,134.6999969482422,136.0,5432495,yfinance,False
2012-02-03,92.29462432861328,137.0,137.8000030517578,136.10000610351562,137.10000610351562,3166305,yfinance,False
2012-02-06,92.76619720458984,137.6999969482422,138.5,136.39999389648438,138.0,4333898,yfinance,False
2012-02-07,91.48621368408203,135.8000030517578,138.89999389648438,135.10000610351562,138.60000610351562,3951785,yfinance,False
2012-02-08,94.31568145751953,140.0,140.60000610351562,136.0,137.1999969482422,6316492,yfinance,False
2012-02-09,97.07777404785156,144.10000610351562,145.89999389648438,138.60000610351562,140.5,9844250,yfinance,False
2012-02-10,95.32618713378906,141.5,144.39999389648438,140.89999389648438,144.39999389648438,5308900,yfinance,False
2012-02-13,95.39356231689453,141.60000610351562,144.10000610351562,140.39999389648438,142.0,2557456,yfinance,False
2012-02-14,95.32618713378906,141.5,142.6999969482422,140.3000030517578,142.0,2077807,yfinance,False
2012-02-15,99.09883117675781,147.10000610351562,147.39999389648438,141.8000030517578,142.10000610351562,9769009,yfinance,False
2012-02-16,97.68408203125,145.0,146.8000030517578,144.5,146.0,4233894,yfinance,False
2012-02-17,98.15567016601562,145.6999969482422,148.0,145.39999389648438,147.0,4091019,yfinance,False
2012-02-20,98.2904052734375,145.89999389648438,148.89999389648438,145.10000610351562,148.39999389648438,3712509,yfinance,False
2012-02-21,98.62724304199219,146.39999389648438,146.39999389648438,138.8000030517578,145.5,2977048,yfinance,False
2012-02-22,98.08831787109375,145.60000610351562,146.39999389648438,144.1999969482422,144.5,2475959,yfinance,False
2012-02-23,97.34724426269531,144.5,145.5,143.5,144.0,1777914,yfinance,False
2012-02-24,97.34724426269531,144.5,145.8000030517578,143.6999969482422,144.6999969482422,2217775,yfinance,False
2012-02-27,95.93251037597656,142.39999389648438,145.0,140.3000030517578,143.10000610351562,3603159,yfinance,False
2012-02-28,97.48197174072266,144.6999969482422,145.0,142.1999969482422,143.8000030517578,3938608,yfinance,False
2012-02-29,97.41461181640625,144.60000610351562,145.5,143.60000610351562,144.89999389648438,3608855,yfinance,False
2012-03-01,95.86515808105469,142.3000030517578,144.1999969482422,141.3000030517578,143.5,3778794,yfinance,False
2012-03-02,96.40409088134766,143.10000610351562,144.60000610351562,142.6999969482422,143.0,2400560,yfinance,False
2012-03-05,95.19147491455078,141.3000030517578,144.1999969482422,141.10000610351562,144.0,2431592,yfinance,False
2012-03-06,92.36202239990234,137.10000610351562,142.0,136.89999389648438,142.0,6725878,yfinance,False
2012-03-07,91.28409576416016,135.5,137.0,134.10000610351562,134.5,4986460,yfinance,False
2012-03-08,92.15988159179688,136.8000030517578,137.0,135.6999969482422,136.3000030517578,3156375,yfinance,False
2012-03-09,92.4293441772461,137.1999969482422,138.1999969482422,136.10000610351562,137.0,2552850,yfinance,False
2012-03-12,92.5640869140625,137.39999389648438,138.60000610351562,135.10000610351562,137.39999389648438,1671893,yfinance,False
2012-03-13,93.57461547851562,138.89999389648438,140.3000030517578,138.1999969482422,138.60000610351562,3856249,yfinance,False
2012-03-14,93.6419677734375,139.0,142.5,138.6999969482422,141.5,3767222,yfinance,False
2012-03-15,94.2483139038086,139.89999389648438,141.0,138.10000610351562,139.39999389648438,2210904,yfinance,False
2012-03-16,94.65252685546875,140.5,141.60000610351562,138.89999389648438,139.0,1882632,yfinance,False
2012-03-20,91.5535888671875,135.89999389648438,137.6999969482422,135.6999969482422,137.6999969482422,3980400,yfinance,False
2012-03-21,89.8693618774414,133.39999389648438,136.5,132.0,136.0,6468073,yfinance,False
2012-03-22,90.40830993652344,134.1999969482422,134.8000030517578,133.10000610351562,133.39999389648438,2993651,yfinance,False
2012-03-23,88.65675354003906,131.60000610351562,133.8000030517578,131.5,133.0,4170298,yfinance,False
2012-03-26,88.79146575927734,131.8000030517578,132.8000030517578,131.0,131.5,2437298,yfinance,False
2012-03-27,90.47567749023438,134.3000030517578,134.8000030517578,133.0,133.1999969482422,2970556,yfinance,False
2012-03-28,89.80201721191406,133.3000030517578,134.89999389648438,132.1999969482422,134.89999389648438,2271924,yfinance,False
2012-03-29,88.92619323730469,132.0,132.6999969482422,131.39999389648438,132.6999969482422,2197359,yfinance,False
2012-03-30,87.9156723022461,130.5,132.0,130.0,130.6999969482422,4310865,yfinance,False
2012-04-02,87.0398941040039,129.1999969482422,131.89999389648438,129.0,131.89999389648438,2622830,yfinance,False
2012-04-03,88.18516540527344,130.89999389648438,131.0,128.5,129.1999969482422,2804595,yfinance,False
2012-04-05,87.5788345336914,130.0,130.60000610351562,128.5,128.8000030517578,2042041,yfinance,False
2012-04-10,86.5683364868164,128.5,130.10000610351562,128.1999969482422,130.0,2089679,yfinance,False
2012-04-11,86.3662338256836,128.1999969482422,128.3000030517578,126.5999984741211,126.5999984741211,2258621,yfinance,False
2012-04-12,86.9051513671875,129.0,129.3000030517578,127.5,128.5,2034179,yfinance,False
2012-04-13,88.52200317382812,131.39999389648438,132.5,130.5,131.0,2993313,yfinance,False
2012-04-16,88.18516540527344,130.89999389648438,131.89999389648438,130.10000610351562,130.5,1726772,yfinance,False
2012-04-17,87.24198150634766,129.5,131.39999389648438,128.1999969482422,130.60000610351562,2303750,yfinance,False
2012-04-18,87.30937957763672,129.60000610351562,131.39999389648438,129.5,130.6999969482422,2330298,yfinance,False
2012-04-19,87.51146697998047,129.89999389648438,130.10000610351562,128.5,129.39999389648438,3213822,yfinance,False
2012-04-20,86.7704086303711,128.8000030517578,129.6999969482422,128.0,129.6999969482422,4362692,yfinance,False
2012-04-23,86.02938842773438,127.69999694824219,129.10000610351562,127.5999984741211,128.1999969482422,3095506,yfinance,False
2012-04-24,86.02938842773438,127.69999694824219,128.1999969482422,127.0,128.10000610351562,4084437,yfinance,False
2012-04-25,85.88554382324219,125.4000015258789,127.30000305175781,124.69999694824219,125.9000015258789,2837106,yfinance,False
2012-04-26,85.2691421508789,124.5,126.0,122.30000305175781,125.19999694824219,5150505,yfinance,False
2012-04-27,84.10482788085938,122.80000305175781,125.4000015258789,122.5999984741211,124.69999694824219,4462735,yfinance,False
2012-04-30,84.99518585205078,124.0999984741211,124.5,122.69999694824219,123.0,2565421,yfinance,False
2012-05-02,85.95403289794922,125.5,126.4000015258789,124.19999694824219,124.19999694824219,3998043,yfinance,False
2012-05-03,85.81707763671875,125.30000305175781,126.0,124.19999694824219,125.4000015258789,3047133,yfinance,False
2012-05-04,84.99518585205078,124.0999984741211,125.30000305175781,123.9000015258789,125.0,1838624,yfinance,False
2012-05-07,83.35143280029297,121.69999694824219,122.30000305175781,121.0999984741211,122.19999694824219,3708554,yfinance,False
2012-05-08,83.00898742675781,121.19999694824219,123.0999984741211,120.80000305175781,123.0999984741211,3831063,yfinance,False
2012-05-09,81.43374633789062,118.9000015258789,120.80000305175781,118.5,120.4000015258789,4653368,yfinance,False
2012-05-10,80.26941680908203,117.19999694824219,119.4000015258789,117.0,119.4000015258789,5205025,yfinance,False
2012-05-11,78.9681396484375,115.30000305175781,117.0,115.0,116.30000305175781,5022991,yfinance,False
2012-05-14,78.00926971435547,113.9000015258789,116.5,113.80000305175781,116.5,4071961,yfinance,False
2012-05-15,79.17359161376953,115.5999984741211,116.69999694824219,111.5999984741211,114.5999984741211,5760666,yfinance,False
2012-05-16,76.16004943847656,111.19999694824219,113.80000305175781,110.5,113.0999984741211,6974296,yfinance,False
2012-05-17,75.8861083984375,110.80000305175781,113.5,110.5999984741211,112.4000015258789,5978023,yfinance,False
2012-05-18,75.06424713134766,109.5999984741211,110.9000015258789,107.0,109.0,9414508,yfinance,False
2012-05-21,76.0915756225586,111.0999984741211,111.69999694824219,109.4000015258789,110.30000305175781,2826431,yfinance,False
2012-05-22,77.25589752197266,112.80000305175781,114.30000305175781,112.5,113.5999984741211,4886959,yfinance,False
2012-05-23,75.54366302490234,110.30000305175781,111.5,109.5,110.80000305175781,3408146,yfinance,False
2012-05-24,74.6532974243164,109.0,111.69999694824219,108.5,111.5999984741211,2967246,yfinance,False
2012-05-25,75.54366302490234,110.30000305175781,110.4000015258789,108.5999984741211,109.5999984741211,2128786,yfinance,False
2012-05-28,74.99575805664062,109.5,110.5999984741211,108.80000305175781,110.30000305175781,1550659,yfinance,False
2012-05-29,77.25589752197266,112.80000305175781,112.9000015258789,109.0999984741211,109.0999984741211,2297917,yfinance,False
2012-05-30,76.16004943847656,111.19999694824219,112.0999984741211,109.0999984741211,112.0999984741211,3808060,yfinance,False
2012-05-31,75.06424713134766,109.5999984741211,110.0,108.19999694824219,109.0999984741211,4342523,yfinance,False
2012-06-01,73.00955963134766,106.5999984741211,109.0999984741211,106.4000015258789,109.0,7733208,yfinance,False
2012-06-04,69.51659393310547,101.5,103.9000015258789,101.19999694824219,103.80000305175781,7367717,yfinance,False
2012-06-05,71.16036224365234,103.9000015258789,104.5,103.19999694824219,103.5,4595501,yfinance,False
2012-06-06,72.59861755371094,106.0,106.5,103.9000015258789,104.0,4541682,yfinance,False
2012-06-07,74.24239349365234,108.4000015258789,109.5999984741211,108.0,108.0999984741211,6004405,yfinance,False
2012-06-08,72.73561096191406,106.19999694824219,108.19999694824219,106.0,108.0,4276253,yfinance,False
2012-06-11,75.8861083984375,110.80000305175781,111.0,109.19999694824219,109.80000305175781,4405703,yfinance,False
2012-06-12,76.02307891845703,111.0,111.19999694824219,108.0,109.0,3232106,yfinance,False
2012-06-13,75.8861083984375,110.80000305175781,111.4000015258789,109.0999984741211,109.4000015258789,3500024,yfinance,False
2012-06-14,74.99575805664062,109.5,111.0,109.0,110.80000305175781,3083736,yfinance,False
2012-06-15,76.98194122314453,112.4000015258789,112.5,110.30000305175781,110.5,3072683,yfinance,False
2012-06-18,73.5574722290039,107.4000015258789,113.19999694824219,107.0999984741211,113.19999694824219,9634123,yfinance,False
2012-06-19,75.26969909667969,109.9000015258789,110.80000305175781,106.0,107.80000305175781,7797744,yfinance,False
2012-06-20,75.13273620605469,109.69999694824219,111.5,108.80000305175781,110.80000305175781,5886489,yfinance,False
2012-06-21,74.44783020019531,108.69999694824219,110.5,108.5999984741211,109.69999694824219,3856076,yfinance,False
2012-06-22,74.44783020019531,108.69999694824219,108.9000015258789,107.30000305175781,107.5,2159827,yfinance,False
2012-06-25,74.37934875488281,108.5999984741211,112.30000305175781,108.0,108.9000015258789,6017165,yfinance,False
2012-06-26,74.72180938720703,109.0999984741211,109.4000015258789,107.5999984741211,107.69999694824219,3862125,yfinance,False
2012-06-27,74.79029083251953,109.19999694824219,109.80000305175781,107.80000305175781,107.80000305175781,4245657,yfinance,False
2012-06-28,73.21502685546875,106.9000015258789,110.19999694824219,106.80000305175781,109.80000305175781,4139899,yfinance,False
2012-06-29,75.33818817138672,110.0,110.80000305175781,107.19999694824219,107.19999694824219,5818647,yfinance,False
2012-07-03,75.26969909667969,109.9000015258789,111.80000305175781,109.30000305175781,111.80000305175781,5013092,yfinance,False
2012-07-04,75.54366302490234,110.30000305175781,111.0999984741211,109.5999984741211,110.19999694824219,2718650,yfinance,False
2012-07-05,75.40669250488281,110.0999984741211,111.0,109.69999694824219,110.4000015258789,2525375,yfinance,False
2012-07-06,74.6532974243164,109.0,110.80000305175781,108.80000305175781,110.0999984741211,2857793,yfinance,False
2012-07-09,73.76295471191406,107.69999694824219,110.69999694824219,107.5,110.69999694824219,3058475,yfinance,False
2012-07-10,73.28352355957031,107.0,108.5999984741211,106.5999984741211,107.80000305175781,2384776,yfinance,False
2012-07-11,73.00955963134766,106.5999984741211,106.80000305175781,105.0,105.5,2647688,yfinance,False
2012-07-12,71.22883605957031,104.0,106.4000015258789,103.80000305175781,105.9000015258789,4605591,yfinance,False
2012-07-13,70.13301849365234,102.4000015258789,103.5,101.69999694824219,101.69999694824219,6392556,yfinance,False
2012-07-16,70.20149993896484,102.5,103.5,102.4000015258789,102.69999694824219,3344445,yfinance,False
2012-07-17,70.81791687011719,103.4000015258789,104.80000305175781,102.30000305175781,102.30000305175781,5394873,yfinance,False
2012-07-18,69.72206115722656,101.80000305175781,103.9000015258789,101.5,103.9000015258789,4957381,yfinance,False
2012-07-19,72.11918640136719,105.30000305175781,105.5,102.5,102.5,5389242,yfinance,False
2012-07-20,70.68091583251953,103.19999694824219,105.30000305175781,102.5999984741211,105.30000305175781,4453708,yfinance,False
2012-07-23,69.85904693603516,102.0,102.19999694824219,101.19999694824219,101.5999984741211,3775859,yfinance,False
2012-07-24,69.51659393310547,101.5,103.0,101.0,102.4000015258789,1843183,yfinance,False
2012-07-25,69.58509826660156,101.5999984741211,102.30000305175781,100.5999984741211,101.0,2635483,yfinance,False
2012-07-26,68.6947250366211,100.30000305175781,101.69999694824219,100.0,101.0999984741211,4413500,yfinance,False
2012-07-27,69.72206115722656,101.80000305175781,102.4000015258789,100.4000015258789,100.4000015258789,3192951,yfinance,False
2012-07-30,71.63976287841797,104.5999984741211,105.0,103.0,103.5,5216156,yfinance,False
2012-07-31,71.3658218383789,104.19999694824219,105.0999984741211,103.4000015258789,105.0999984741211,3962579,yfinance,False
2012-08-01,72.18767547607422,105.4000015258789,105.69999694824219,102.5,103.4000015258789,3733132,yfinance,False
2012-08-02,72.18767547607422,105.4000015258789,105.80000305175781,104.69999694824219,105.80000305175781,2410302,yfinance,False
2012-08-03,72.11918640136719,105.30000305175781,105.5,103.30000305175781,103.9000015258789,2992375,yfinance,False
2012-08-06,73.35200500488281,107.0999984741211,107.9000015258789,106.69999694824219,107.0,4211816,yfinance,False
2012-08-07,74.0368881225586,108.0999984741211,108.4000015258789,107.0999984741211,107.19999694824219,4088547,yfinance,False
2012-08-08,74.72180938720703,109.0999984741211,109.19999694824219,106.19999694824219,108.30000305175781,4352969,yfinance,False
2012-08-09,74.51634979248047,108.80000305175781,109.19999694824219,107.5999984741211,108.0,5044601,yfinance,False
2012-08-10,73.21502685546875,106.9000015258789,108.69999694824219,106.0999984741211,107.69999694824219,3726676,yfinance,False
2012-08-13,73.14653015136719,106.80000305175781,107.9000015258789,105.5999984741211,105.9000015258789,2062493,yfinance,False
2012-08-14,73.69447326660156,107.5999984741211,108.0,106.30000305175781,108.0,3096939,yfinance,False
2012-08-15,72.87255859375,106.4000015258789,107.80000305175781,106.0,107.5999984741211,2883935,yfinance,False
2012-08-16,72.53014373779297,105.9000015258789,106.4000015258789,105.69999694824219,106.19999694824219,1971267,yfinance,False
2012-08-17,74.58483123779297,108.9000015258789,109.5999984741211,106.0,106.5,6263843,yfinance,False
2012-08-20,75.13273620605469,109.69999694824219,109.69999694824219,108.19999694824219,109.5,3600870,yfinance,False
2012-08-21,75.02824401855469,107.69999694824219,108.9000015258789,107.0999984741211,107.80000305175781,2248792,yfinance,False
2012-08-22,74.1225814819336,106.4000015258789,107.0,105.9000015258789,106.0,1457671,yfinance,False
2012-08-23,75.09790802001953,107.80000305175781,108.0999984741211,106.80000305175781,106.80000305175781,2080607,yfinance,False
2012-08-24,74.47091674804688,106.9000015258789,107.4000015258789,106.30000305175781,106.9000015258789,1473792,yfinance,False
2012-08-27,73.91360473632812,106.0999984741211,107.9000015258789,105.19999694824219,107.9000015258789,2202523,yfinance,False
2012-08-28,73.00797271728516,104.80000305175781,106.0,104.5,106.0,2774955,yfinance,False
2012-08-29,72.86863708496094,104.5999984741211,105.80000305175781,104.5,104.5,1509004,yfinance,False
2012-08-30,72.31132507324219,103.80000305175781,104.4000015258789,103.19999694824219,104.19999694824219,3082456,yfinance,False
2012-08-31,71.7540283203125,103.0,103.69999694824219,102.4000015258789,103.5,3184095,yfinance,False
2012-09-03,71.7540283203125,103.0,103.4000015258789,102.0999984741211,102.0999984741211,1844924,yfinance,False
2012-09-04,71.7540283203125,103.0,104.30000305175781,102.4000015258789,102.80000305175781,2983193,yfinance,False
2012-09-05,71.057373046875,102.0,103.0,101.19999694824219,102.5,3774072,yfinance,False
2012-09-06,70.77871704101562,101.5999984741211,102.0999984741211,101.19999694824219,101.5,2548464,yfinance,False
2012-09-07,74.33158111572266,106.69999694824219,107.9000015258789,103.69999694824219,104.5999984741211,7649190,yfinance,False
2012-09-10,75.02824401855469,107.69999694824219,107.80000305175781,106.4000015258789,106.5,3994757,yfinance,False
2012-09-11,75.51589965820312,108.4000015258789,108.80000305175781,106.5,107.5,4161162,yfinance,False
2012-09-12,75.65520477294922,108.5999984741211,109.69999694824219,108.5,108.80000305175781,5167595,yfinance,False
2012-09-13,76.42151641845703,109.69999694824219,110.80000305175781,108.30000305175781,108.30000305175781,6713928,yfinance,False
2012-09-14,82.20362854003906,118.0,119.0999984741211,113.19999694824219,113.19999694824219,16492165,yfinance,False
2012-09-17,84.22389221191406,120.9000015258789,122.9000015258789,119.5,120.80000305175781,14741021,yfinance,False
2012-09-18,81.85530853271484,117.5,120.0,116.5,119.9000015258789,8845961,yfinance,False
2012-09-19,84.78119659423828,121.69999694824219,122.0,117.0999984741211,117.5,9026487,yfinance,False
2012-09-20,82.69129943847656,118.69999694824219,122.19999694824219,118.30000305175781,122.0,6411301,yfinance,False
2012-09-21,83.10926818847656,119.30000305175781,121.0,118.5,118.80000305175781,3895482,yfinance,False
2012-09-24,82.83061218261719,118.9000015258789,120.0,117.0,117.9000015258789,4316795,yfinance,False
2012-09-25,80.6710205078125,115.80000305175781,117.19999694824219,115.5,117.0,10367548,yfinance,False
2012-09-26,78.79009246826172,113.0999984741211,115.0999984741211,112.5999984741211,114.80000305175781,7557116,yfinance,False
2012-09-27,79.76538848876953,114.5,114.9000015258789,112.19999694824219,112.69999694824219,5201573,yfinance,False
2012-09-28,81.64631652832031,117.19999694824219,117.80000305175781,114.19999694824219,114.9000015258789,6542988,yfinance,False
2012-10-03,81.43733978271484,116.9000015258789,118.5,115.9000015258789,117.0,4111660,yfinance,False
2012-10-04,81.78565979003906,117.4000015258789,117.80000305175781,116.5,117.80000305175781,2213160,yfinance,False
2012-10-05,81.71599578857422,117.30000305175781,117.9000015258789,116.5,117.80000305175781,2154006,yfinance,False
2012-10-08,80.94967651367188,116.19999694824219,118.0999984741211,115.80000305175781,118.0,2880346,yfinance,False
2012-10-09,81.50698852539062,117.0,118.0999984741211,116.5999984741211,116.5999984741211,2855885,yfinance,False
2012-10-10,81.50698852539062,117.0,117.0,115.5,116.0,1775044,yfinance,False
2012-10-11,81.43733978271484,116.9000015258789,117.19999694824219,115.80000305175781,116.19999694824219,2425623,yfinance,False
2012-10-12,81.85530853271484,117.5,117.69999694824219,116.0999984741211,117.0999984741211,2230429,yfinance,False
2012-10-15,81.78565979003906,117.4000015258789,117.69999694824219,116.19999694824219,117.0,1192294,yfinance,False
2012-10-16,81.36766815185547,116.80000305175781,118.30000305175781,116.69999694824219,118.19999694824219,1450134,yfinance,False
2012-10-17,82.20362854003906,118.0,118.5,117.0999984741211,118.5,3369791,yfinance,False
2012-10-18,84.57220458984375,121.4000015258789,121.69999694824219,118.19999694824219,118.5,8560562,yfinance,False
2012-10-19,84.50257110595703,121.30000305175781,121.9000015258789,119.69999694824219,121.4000015258789,3587430,yfinance,False
2012-10-22,87.49810028076172,125.5999984741211,125.80000305175781,120.5,120.5,9625332,yfinance,False
2012-10-24,90.00601959228516,129.1999969482422,129.39999389648438,125.5999984741211,126.0,10741822,yfinance,False
2012-10-25,89.44869232177734,128.39999389648438,129.89999389648438,126.69999694824219,129.39999389648438,6989651,yfinance,False
2012-10-26,87.70708465576172,125.9000015258789,128.8000030517578,125.4000015258789,128.8000030517578,5941646,yfinance,False
2012-10-29,88.40373992919922,126.9000015258789,128.6999969482422,124.0,125.0,4468139,yfinance,False
2012-10-30,87.49810028076172,125.5999984741211,128.10000610351562,125.19999694824219,127.5,3834030,yfinance,False
2012-10-31,89.10039520263672,127.9000015258789,128.0,126.19999694824219,127.5,3491512,yfinance,False
2012-11-01,89.58802032470703,128.60000610351562,129.8000030517578,126.9000015258789,128.60000610351562,4715839,yfinance,False
2012-11-02,91.6082992553711,131.5,131.5,130.0,130.0,7291081,yfinance,False
2012-11-05,92.513916015625,132.8000030517578,133.1999969482422,131.0,131.5,5739195,yfinance,False
2012-11-06,90.28466796875,129.60000610351562,132.8000030517578,128.89999389648438,132.6999969482422,7342299,yfinance,False
2012-11-07,92.0262680053711,132.10000610351562,132.39999389648438,128.60000610351562,129.0,8149556,yfinance,False
2012-11-08,88.54305267333984,127.0999984741211,130.6999969482422,127.0,129.5,8528549,yfinance,False
2012-11-09,88.19474792480469,126.5999984741211,128.10000610351562,126.0,126.5,5319736,yfinance,False
2012-11-12,87.91609191894531,126.19999694824219,128.0,126.0,126.5,3161447,yfinance,False
2012-11-13,86.17447662353516,123.69999694824219,126.5,123.5,125.80000305175781,3435890,yfinance,False
2012-11-14,86.73180389404297,124.5,125.0,123.5,123.69999694824219,2680768,yfinance,False
2012-11-15,85.05986022949219,122.0999984741211,123.5999984741211,122.0,123.0999984741211,3885949,yfinance,False
2012-11-16,85.68682861328125,123.0,123.9000015258789,122.0,123.0999984741211,2469520,yfinance,False
2012-11-19,86.4531478881836,124.0999984741211,124.4000015258789,123.0,123.5,1827957,yfinance,False
2012-11-20,85.6171646118164,122.9000015258789,125.69999694824219,122.69999694824219,125.0999984741211,2699156,yfinance,False
2012-11-21,87.5677719116211,125.69999694824219,125.80000305175781,123.30000305175781,124.19999694824219,2822749,yfinance,False
2012-11-22,88.68238067626953,127.30000305175781,127.4000015258789,124.9000015258789,126.0999984741211,3186322,yfinance,False
2012-11-23,89.1700439453125,128.0,128.5,127.0999984741211,127.5,3451227,yfinance,False
2012-11-26,88.54305267333984,127.0999984741211,129.1999969482422,126.80000305175781,129.1999969482422,2769079,yfinance,False
2012-11-27,87.49810028076172,125.5999984741211,128.10000610351562,125.4000015258789,128.0,3331775,yfinance,False
2012-11-28,86.59246826171875,124.30000305175781,126.19999694824219,124.0999984741211,125.30000305175781,4479250,yfinance,False
2012-11-29,86.9407958984375,124.80000305175781,126.80000305175781,124.5,125.5,5452963,yfinance,False
2012-11-30,86.24414825439453,123.80000305175781,124.80000305175781,121.5,124.5,20236338,yfinance,False
2012-12-03,85.47785949707031,122.69999694824219,125.19999694824219,122.5999984741211,124.0,5628043,yfinance,False
2012-12-04,85.82615661621094,123.19999694824219,123.9000015258789,122.5,122.5999984741211,4302528,yfinance,False
2012-12-05,88.33407592773438,126.80000305175781,127.5999984741211,122.80000305175781,122.80000305175781,7751304,yfinance,False
2012-12-06,88.54305267333984,127.0999984741211,127.9000015258789,126.30000305175781,126.80000305175781,5618653,yfinance,False
2012-12-07,88.75205993652344,127.4000015258789,128.3000030517578,127.0999984741211,127.5,8570231,yfinance,False
2012-12-10,88.26441955566406,126.69999694824219,128.5,126.5999984741211,128.0,3726341,yfinance,False
2012-12-11,88.40373992919922,126.9000015258789,128.10000610351562,126.0999984741211,126.0999984741211,4411632,yfinance,False
2012-12-12,90.42401123046875,129.8000030517578,130.3000030517578,127.5,128.0,12862078,yfinance,False
2012-12-13,91.25995635986328,131.0,131.3000030517578,129.8000030517578,130.0,8268017,yfinance,False
2012-12-14,92.0959243774414,132.1999969482422,132.39999389648438,130.0,130.8000030517578,7867929,yfinance,False
2012-12-17,90.9813232421875,130.60000610351562,132.6999969482422,130.0,132.6999969482422,6777552,yfinance,False
2012-12-18,90.9813232421875,130.60000610351562,132.10000610351562,130.5,132.10000610351562,3675549,yfinance,False
2012-12-19,91.53861999511719,131.39999389648438,132.0,131.0,131.8000030517578,3659292,yfinance,False
2012-12-20,91.12063598632812,130.8000030517578,131.60000610351562,129.39999389648438,131.60000610351562,3836587,yfinance,False
2012-12-21,90.56332397460938,130.0,131.1999969482422,129.60000610351562,131.10000610351562,3503733,yfinance,False
2012-12-24,91.05097961425781,130.6999969482422,131.1999969482422,129.39999389648438,129.39999389648438,1733551,yfinance,False
2012-12-27,91.8172836303711,131.8000030517578,132.10000610351562,131.39999389648438,131.60000610351562,2817787,yfinance,False
2012-12-28,91.88693237304688,131.89999389648438,132.1999969482422,131.3000030517578,132.1999969482422,2800138,yfinance,False
2012-12-31,91.88693237304688,131.89999389648438,132.1999969482422,131.0,131.0,1632012,yfinance,False
2013-01-02,98.85335540771484,141.89999389648438,142.0,132.8000030517578,133.0,18478545,yfinance,False
2013-01-03,97.39041137695312,139.8000030517578,143.5,138.89999389648438,143.5,12561820,yfinance,False
2013-01-04,99.34099578857422,142.60000610351562,142.8000030517578,138.1999969482422,140.5,10149097,yfinance,False
2013-01-07,101.08259582519531,145.10000610351562,146.39999389648438,142.39999389648438,143.0,9886669,yfinance,False
2013-01-08,99.6893310546875,143.10000610351562,145.89999389648438,142.3000030517578,145.3000030517578,6629755,yfinance,False
2013-01-09,101.29158020019531,145.39999389648438,145.5,143.10000610351562,143.89999389648438,5882134,yfinance,False
2013-01-10,102.68486022949219,147.39999389648438,148.5,145.5,146.6999969482422,8891572,yfinance,False
2013-01-11,100.31629943847656,144.0,148.60000610351562,143.1999969482422,148.60000610351562,7650324,yfinance,False
2013-01-14,102.33654022216797,146.89999389648438,148.0,145.0,145.3000030517578,6111433,yfinance,False
2013-01-15,103.7298355102539,148.89999389648438,150.5,147.5,148.0,9803729,yfinance,False
2013-01-16,104.42648315429688,149.89999389648438,150.0,147.60000610351562,148.0,5922049,yfinance,False
2013-01-17,103.79951477050781,149.0,150.6999969482422,148.3000030517578,150.0,5548250,yfinance,False
2013-01-18,103.93882751464844,149.1999969482422,150.6999969482422,148.5,150.6999969482422,4226012,yfinance,False
2013-01-21,103.93882751464844,149.1999969482422,149.8000030517578,148.0,148.0,3279996,yfinance,False
2013-01-22,103.45117950439453,148.5,149.5,147.3000030517578,148.60000610351562,4810774,yfinance,False
2013-01-23,102.96353912353516,147.8000030517578,149.0,146.60000610351562,148.0,4394257,yfinance,False
2013-01-24,103.24217987060547,148.1999969482422,148.8000030517578,147.1999969482422,147.6999969482422,3665717,yfinance,False
2013-01-25,102.40624237060547,147.0,148.5,146.0,148.5,4443034,yfinance,False
2013-01-28,102.19722747802734,146.6999969482422,148.3000030517578,146.5,146.8000030517578,3303438,yfinance,False
2013-01-29,102.12757110595703,146.60000610351562,147.5,146.3000030517578,147.0,3069202,yfinance,False
2013-01-30,103.17252349853516,148.10000610351562,148.39999389648438,147.0,147.0,4459793,yfinance,False
2013-01-31,102.47586822509766,147.10000610351562,148.39999389648438,147.0,148.39999389648438,2593590,yfinance,False
2013-02-01,103.0331802368164,147.89999389648438,148.0,145.6999969482422,147.10000610351562,2718641,yfinance,False
2013-02-04,103.0331802368164,147.89999389648438,149.5,147.5,148.1999969482422,2795665,yfinance,False
2013-02-05,101.7095718383789,146.0,146.8000030517578,145.60000610351562,146.60000610351562,3902369,yfinance,False
2013-02-06,101.15225982666016,145.1999969482422,147.60000610351562,145.0,147.60000610351562,3430958,yfinance,False
2013-02-07,100.31629943847656,144.0,145.8000030517578,143.6999969482422,145.60000610351562,4208796,yfinance,False
2013-02-08,101.7095718383789,146.0,146.39999389648438,143.89999389648438,143.89999389648438,4169451,yfinance,False
2013-02-14,101.50057220458984,145.6999969482422,146.5,145.0,146.0,2296247,yfinance,False
2013-02-15,103.0331802368164,147.89999389648438,148.0,145.1999969482422,145.89999389648438,3991684,yfinance,False
2013-02-18,102.5455322265625,147.1999969482422,148.1999969482422,146.39999389648438,147.3000030517578,1644331,yfinance,False
2013-02-19,100.80394744873047,144.6999969482422,147.1999969482422,144.5,147.1999969482422,3223633,yfinance,False
2013-02-20,100.94328308105469,144.89999389648438,145.5,144.5,145.10000610351562,2627648,yfinance,False
2013-02-21,99.27135467529297,142.5,143.60000610351562,141.8000030517578,143.1999969482422,6321268,yfinance,False
2013-02-22,98.71401977539062,141.6999969482422,142.39999389648438,141.10000610351562,142.39999389648438,3673130,yfinance,False
2013-02-25,97.66905212402344,140.1999969482422,141.6999969482422,139.89999389648438,141.5,4305988,yfinance,False
2013-02-26,95.99716186523438,137.8000030517578,139.60000610351562,137.8000030517578,139.5,6385710,yfinance,False
2013-02-27,95.99716186523438,137.8000030517578,139.39999389648438,135.60000610351562,138.5,6482534,yfinance,False
2013-02-28,97.1814193725586,139.5,139.8000030517578,138.1999969482422,139.8000030517578,4332731,yfinance,False
2013-03-01,97.59939575195312,140.10000610351562,140.39999389648438,138.6999969482422,139.10000610351562,3812221,yfinance,False
2013-03-04,95.85780334472656,137.60000610351562,140.10000610351562,136.8000030517578,140.10000610351562,3134035,yfinance,False
2013-03-05,95.6488265991211,137.3000030517578,138.8000030517578,137.0,138.5,2973535,yfinance,False
2013-03-06,96.0667724609375,137.89999389648438,139.3000030517578,137.5,138.39999389648438,3185047,yfinance,False
2013-03-07,95.99716186523438,137.8000030517578,139.0,137.1999969482422,137.3000030517578,2572138,yfinance,False
2013-03-08,97.32073211669922,139.6999969482422,141.3000030517578,136.89999389648438,136.89999389648438,5497225,yfinance,False
2013-03-11,96.69377136230469,138.8000030517578,140.39999389648438,138.10000610351562,140.0,2515174,yfinance,False
2013-03-12,96.0667724609375,137.89999389648438,140.0,137.60000610351562,139.0,2343251,yfinance,False
2013-03-13,94.53417205810547,135.6999969482422,138.0,135.5,138.0,5156138,yfinance,False
2013-03-14,95.0218276977539,136.39999389648438,136.89999389648438,134.0,135.0,3647643,yfinance,False
2013-03-15,94.95219421386719,136.3000030517578,138.39999389648438,135.0,135.0,4122728,yfinance,False
2013-03-18,92.86225891113281,133.3000030517578,134.6999969482422,133.0,134.6999969482422,5130917,yfinance,False
2013-03-19,92.44425201416016,132.6999969482422,133.89999389648438,132.5,133.60000610351562,3303262,yfinance,False
2013-03-20,94.04654693603516,135.0,135.5,132.6999969482422,132.89999389648438,3125867,yfinance,False
2013-03-21,93.55887603759766,134.3000030517578,136.8000030517578,133.60000610351562,134.1999969482422,2257619,yfinance,False
2013-03-22,93.69819641113281,134.5,135.60000610351562,133.3000030517578,133.3000030517578,1753593,yfinance,False
2013-03-25,93.28021240234375,133.89999389648438,135.5,133.6999969482422,135.10000610351562,1525348,yfinance,False
2013-03-26,92.722900390625,133.10000610351562,134.10000610351562,131.60000610351562,133.6999969482422,3289977,yfinance,False
2013-03-27,92.93189239501953,133.39999389648438,134.5,132.0,133.10000610351562,2161902,yfinance,False
2013-03-28,92.0959243774414,132.1999969482422,133.39999389648438,131.8000030517578,132.1999969482422,3242768,yfinance,False
2013-04-02,92.0262680053711,132.10000610351562,133.10000610351562,130.8000030517578,130.8000030517578,2257002,yfinance,False
2013-04-03,91.74760437011719,131.6999969482422,132.3000030517578,131.0,131.8000030517578,2546009,yfinance,False
2013-04-05,89.03070831298828,127.80000305175781,131.10000610351562,127.5999984741211,130.60000610351562,7485681,yfinance,False
2013-04-08,88.82171630859375,127.5,127.80000305175781,126.30000305175781,127.0,3447639,yfinance,False
2013-04-09,89.1700439453125,128.0,129.1999969482422,126.9000015258789,126.9000015258789,3362053,yfinance,False
2013-04-10,89.65767669677734,128.6999969482422,129.0,127.69999694824219,128.10000610351562,2264449,yfinance,False
2013-04-11,90.63300323486328,130.10000610351562,131.8000030517578,129.60000610351562,129.89999389648438,4067999,yfinance,False
2013-04-12,90.9116439819336,130.5,130.6999969482422,129.0,129.8000030517578,2197174,yfinance,False
2013-04-15,89.30937957763672,128.1999969482422,130.0,128.0,130.0,2885729,yfinance,False
2013-04-16,88.33407592773438,126.80000305175781,127.80000305175781,126.0999984741211,126.5,6049303,yfinance,False
2013-04-17,87.91609191894531,126.19999694824219,127.30000305175781,126.0,126.80000305175781,3393261,yfinance,False
2013-04-18,87.77676391601562,126.0,126.5,125.19999694824219,125.30000305175781,2581617,yfinance,False
2013-04-19,89.44869232177734,128.39999389648438,128.6999969482422,125.69999694824219,126.0,4273329,yfinance,False
2013-04-22,89.37904357910156,128.3000030517578,129.8000030517578,127.5,128.6999969482422,2615138,yfinance,False
2013-04-23,88.26441955566406,126.69999694824219,128.3000030517578,126.5,128.1999969482422,2845265,yfinance,False
2013-04-24,90.14535522460938,129.39999389648438,129.6999969482422,127.5,127.80000305175781,3788923,yfinance,False
2013-04-25,92.30492401123047,132.5,132.6999969482422,129.60000610351562,130.0,5372564,yfinance,False
2013-04-26,91.57235717773438,130.0,132.0,129.60000610351562,131.0,4288062,yfinance,False
2013-04-29,91.07927703857422,129.3000030517578,130.0,128.39999389648438,130.0,2595545,yfinance,False
2013-04-30,91.99500274658203,130.60000610351562,131.0,129.6999969482422,130.0,2637114,yfinance,False
2013-05-02,91.8541030883789,130.39999389648438,130.5,129.10000610351562,129.1999969482422,2474569,yfinance,False
2013-05-03,92.4880599975586,131.3000030517578,133.3000030517578,130.8000030517578,131.5,3994576,yfinance,False
2013-05-06,94.67169952392578,134.39999389648438,134.89999389648438,133.0,133.89999389648438,4168802,yfinance,False
2013-05-07,95.65789031982422,135.8000030517578,136.8000030517578,134.60000610351562,135.0,6650726,yfinance,False
2013-05-08,94.60126495361328,134.3000030517578,137.10000610351562,133.39999389648438,136.3000030517578,5722552,yfinance,False
2013-05-09,92.0654296875,130.6999969482422,134.39999389648438,130.10000610351562,134.0,9927757,yfinance,False
2013-05-10,93.26290893554688,132.39999389648438,132.5,129.8000030517578,130.60000610351562,4308988,yfinance,False
2013-05-13,91.71321868896484,130.1999969482422,132.6999969482422,130.10000610351562,131.5,4488958,yfinance,False
2013-05-14,92.0654296875,130.6999969482422,132.0,130.3000030517578,131.5,2743095,yfinance,False
2013-05-15,92.0654296875,130.6999969482422,132.0,130.3000030517578,132.0,2102272,yfinance,False
2013-05-16,92.0654296875,130.6999969482422,131.60000610351562,130.1999969482422,130.6999969482422,2182041,yfinance,False
2013-05-20,94.74214172363281,134.5,134.60000610351562,131.1999969482422,131.5,6129706,yfinance,False
2013-05-21,93.75598907470703,133.10000610351562,134.8000030517578,133.0,134.5,3917273,yfinance,False
2013-05-22,94.24907684326172,133.8000030517578,134.39999389648438,132.0,132.89999389648438,2286963,yfinance,False
2013-05-23,91.64280700683594,130.10000610351562,132.8000030517578,129.10000610351562,132.0,6725708,yfinance,False
2013-05-24,92.20631408691406,130.89999389648438,131.8000030517578,130.1999969482422,130.1999969482422,2946324,yfinance,False
2013-05-27,92.41763305664062,131.1999969482422,132.5,130.89999389648438,131.39999389648438,1962166,yfinance,False
2013-05-28,93.05158996582031,132.10000610351562,132.1999969482422,130.39999389648438,131.0,2748953,yfinance,False
2013-05-29,91.92454528808594,130.5,133.10000610351562,130.1999969482422,133.0,4812500,yfinance,False
2013-05-30,92.0654296875,130.6999969482422,131.6999969482422,129.5,131.0,3018368,yfinance,False
2013-05-31,92.1358871459961,130.8000030517578,131.60000610351562,130.0,130.6999969482422,3547505,yfinance,False
2013-06-03,91.29058074951172,129.60000610351562,131.5,129.0,130.5,2817551,yfinance,False
2013-06-04,91.14971160888672,129.39999389648438,130.0,128.89999389648438,129.6999969482422,2933480,yfinance,False
2013-06-05,91.00881958007812,129.1999969482422,129.6999969482422,128.60000610351562,128.60000610351562,2583427,yfinance,False
2013-06-06,89.88176727294922,127.5999984741211,129.1999969482422,127.0,128.89999389648438,5022575,yfinance,False
2013-06-07,89.0364990234375,126.4000015258789,127.69999694824219,126.19999694824219,127.30000305175781,4472237,yfinance,False
2013-06-10,88.8956069946289,126.19999694824219,127.69999694824219,126.0,127.5,3408761,yfinance,False
2013-06-11,87.97988891601562,124.9000015258789,126.30000305175781,124.0,125.5,5508319,yfinance,False
2013-06-13,86.71196746826172,123.0999984741211,123.19999694824219,121.30000305175781,122.9000015258789,7818725,yfinance,False
2013-06-14,87.27550506591797,123.9000015258789,125.69999694824219,123.30000305175781,125.5,3770566,yfinance,False
2013-06-17,87.69812774658203,124.5,125.4000015258789,123.0,123.69999694824219,2635564,yfinance,False
2013-06-18,87.41636657714844,124.0999984741211,124.9000015258789,123.0999984741211,124.0,1648553,yfinance,False
2013-06-19,86.00756072998047,122.0999984741211,124.5,122.0,122.0,3601891,yfinance,False
2013-06-20,85.30317687988281,121.0999984741211,122.0999984741211,120.0999984741211,122.0,5430623,yfinance,False
2013-06-21,83.96479797363281,119.19999694824219,119.80000305175781,118.19999694824219,119.80000305175781,7322377,yfinance,False
2013-06-24,81.6402816772461,115.9000015258789,119.5999984741211,115.0999984741211,118.5,7245380,yfinance,False
2013-06-25,80.37234497070312,114.0999984741211,116.5,112.19999694824219,116.5,7692533,yfinance,False
2013-06-26,82.06290435791016,116.5,116.9000015258789,115.0,115.5,6918966,yfinance,False
2013-06-27,80.65410614013672,114.5,118.30000305175781,114.19999694824219,116.5,7859527,yfinance,False
2013-06-28,82.48553466796875,117.0999984741211,117.5,115.0999984741211,115.69999694824219,5830652,yfinance,False
2013-07-02,82.69688415527344,117.4000015258789,118.80000305175781,116.5999984741211,118.30000305175781,3926581,yfinance,False
2013-07-03,81.07675170898438,115.0999984741211,117.5,115.0,117.19999694824219,3731828,yfinance,False
2013-07-04,81.78114318847656,116.0999984741211,117.30000305175781,116.0,116.0,2061254,yfinance,False
2013-07-05,82.41511535644531,117.0,118.19999694824219,116.80000305175781,117.30000305175781,1820705,yfinance,False
2013-07-08,81.35851287841797,115.5,117.0,114.5,116.0,2812267,yfinance,False
2013-07-09,81.99246978759766,116.4000015258789,116.5999984741211,115.30000305175781,116.0,2222858,yfinance,False
2013-07-10,82.34468078613281,116.9000015258789,118.0,115.69999694824219,116.4000015258789,3291902,yfinance,False
2013-07-11,85.09185791015625,120.80000305175781,122.0,117.80000305175781,117.80000305175781,6658941,yfinance,False
2013-07-12,85.23273468017578,121.0,122.80000305175781,120.9000015258789,122.0,3845456,yfinance,False
2013-07-15,85.58493041992188,121.5,122.4000015258789,120.30000305175781,120.30000305175781,1619772,yfinance,False
2013-07-16,85.72579956054688,121.69999694824219,122.5999984741211,121.4000015258789,121.5,2052722,yfinance,False
2013-07-17,85.58493041992188,121.5,122.5,121.0999984741211,122.30000305175781,1451428,yfinance,False
2013-07-18,84.9509506225586,120.5999984741211,122.0999984741211,120.30000305175781,121.19999694824219,1621225,yfinance,False
2013-07-19,84.88052368164062,120.5,121.30000305175781,119.30000305175781,121.0,1919950,yfinance,False
2013-07-22,84.4578857421875,119.9000015258789,121.5,119.30000305175781,121.0,1556869,yfinance,False
2013-07-23,86.35977172851562,122.5999984741211,123.5,119.9000015258789,120.0,4080212,yfinance,False
2013-07-24,86.35977172851562,122.5999984741211,123.0,122.0,122.9000015258789,1545564,yfinance,False
2013-07-25,86.07801055908203,122.19999694824219,123.4000015258789,121.80000305175781,123.4000015258789,1559586,yfinance,False
2013-07-26,85.65535736083984,121.5999984741211,122.80000305175781,121.19999694824219,122.0,1470414,yfinance,False
2013-07-29,85.30317687988281,121.0999984741211,121.9000015258789,120.30000305175781,120.4000015258789,1496948,yfinance,False
2013-07-30,85.09185791015625,120.80000305175781,121.5,120.0999984741211,121.0,2155210,yfinance,False
2013-07-31,84.88052368164062,120.5,121.5,120.0999984741211,120.5999984741211,2022692,yfinance,False
2013-08-01,85.37358856201172,121.19999694824219,122.5,119.69999694824219,119.69999694824219,1369103,yfinance,False
2013-08-02,86.35977172851562,122.5999984741211,123.0,122.0,122.19999694824219,2908257,yfinance,False
2013-08-05,86.2893295288086,122.5,123.0,121.19999694824219,122.5999984741211,1791316,yfinance,False
2013-08-06,85.72579956054688,121.69999694824219,122.19999694824219,120.30000305175781,121.5,2236914,yfinance,False
2013-08-07,84.88052368164062,120.5,121.5,120.19999694824219,120.5,2052243,yfinance,False
2013-08-08,84.52833557128906,120.0,121.0,119.0999984741211,120.5,2260447,yfinance,False
2013-08-09,84.10567474365234,119.4000015258789,120.80000305175781,119.0,120.80000305175781,2080047,yfinance,False
2013-08-12,87.62772369384766,124.4000015258789,124.69999694824219,119.0,119.0,7168501,yfinance,False
2013-08-13,88.9660415649414,126.30000305175781,127.4000015258789,124.5999984741211,124.80000305175781,7287065,yfinance,False
2013-08-14,88.9660415649414,126.30000305175781,126.30000305175781,126.30000305175781,126.30000305175781,0,yfinance,False
2013-08-15,89.10694885253906,126.5,127.4000015258789,125.5999984741211,127.0,4457978,yfinance,False
2013-08-16,88.8956069946289,126.19999694824219,127.69999694824219,125.0999984741211,126.0,3070279,yfinance,False
2013-08-19,88.54341125488281,125.69999694824219,126.4000015258789,124.69999694824219,125.5999984741211,1998459,yfinance,False
2013-08-20,87.06417846679688,123.5999984741211,126.30000305175781,123.0999984741211,125.0,2693238,yfinance,False
2013-08-21,86.2893295288086,122.5,123.19999694824219,121.5,122.69999694824219,2574985,yfinance,False
2013-08-22,86.71196746826172,123.0999984741211,123.5,121.0,121.0,1977375,yfinance,False
2013-08-23,86.21888732910156,122.4000015258789,124.0,121.69999694824219,123.0999984741211,1300742,yfinance,False
2013-08-26,87.06417846679688,123.5999984741211,124.30000305175781,122.5,122.9000015258789,1627740,yfinance,False
2013-08-27,86.64949798583984,121.19999694824219,122.9000015258789,120.69999694824219,121.5,2237320,yfinance,False
2013-08-28,85.14813995361328,119.0999984741211,120.69999694824219,119.0,120.0,3542501,yfinance,False
2013-08-29,85.3626480102539,119.4000015258789,120.4000015258789,119.0,119.0,1977507,yfinance,False
2013-08-30,85.07665252685547,119.0,119.9000015258789,118.0,118.30000305175781,2095720,yfinance,False
2013-09-02,86.93547821044922,121.5999984741211,122.69999694824219,120.5,120.5,2490367,yfinance,False
2013-09-03,87.93639373779297,123.0,123.5999984741211,121.69999694824219,122.5,3231244,yfinance,False
2013-09-04,89.2232666015625,124.80000305175781,125.5999984741211,122.0,122.0,4565862,yfinance,False
2013-09-05,90.29566955566406,126.30000305175781,126.5999984741211,125.5999984741211,126.4000015258789,4615777,yfinance,False
2013-09-06,90.00968170166016,125.9000015258789,126.5,125.0,126.19999694824219,3426619,yfinance,False
2013-09-09,89.93819427490234,125.80000305175781,127.0,125.5999984741211,126.5999984741211,2373448,yfinance,False
2013-09-10,90.79610443115234,127.0,127.0999984741211,126.19999694824219,126.5,3298167,yfinance,False
2013-09-11,90.72461700439453,126.9000015258789,128.0,126.30000305175781,127.9000015258789,2839669,yfinance,False
2013-09-12,90.51013946533203,126.5999984741211,127.5999984741211,126.5,127.5,2026714,yfinance,False
2013-09-13,91.3680419921875,127.80000305175781,127.9000015258789,126.4000015258789,126.80000305175781,3019067,yfinance,False
2013-09-16,92.36895751953125,129.1999969482422,129.8000030517578,128.39999389648438,128.8000030517578,4335913,yfinance,False
2013-09-17,92.22595977783203,129.0,129.39999389648438,128.39999389648438,128.5,2531964,yfinance,False
2013-09-18,92.58340454101562,129.5,130.0,128.8000030517578,129.1999969482422,2872240,yfinance,False
2013-09-19,93.22686004638672,130.39999389648438,132.0,130.1999969482422,132.0,4369696,yfinance,False
2013-09-23,92.22595977783203,129.0,130.1999969482422,128.5,130.0,1695308,yfinance,False
2013-09-24,91.43954467773438,127.9000015258789,129.1999969482422,127.5,129.1999969482422,3349381,yfinance,False
2013-09-25,90.36715698242188,126.4000015258789,128.6999969482422,125.80000305175781,127.4000015258789,3732367,yfinance,False
2013-09-26,89.36624145507812,125.0,126.19999694824219,124.80000305175781,126.19999694824219,3516177,yfinance,False
2013-09-27,89.79520416259766,125.5999984741211,127.0,125.19999694824219,125.9000015258789,2006138,yfinance,False
2013-09-30,88.86579132080078,124.30000305175781,125.19999694824219,124.0,124.5,2396637,yfinance,False
2013-10-02,88.5798110961914,123.9000015258789,125.30000305175781,123.5,124.5,2579770,yfinance,False
2013-10-03,90.15267944335938,126.0999984741211,126.5,124.80000305175781,125.0,2772310,yfinance,False
2013-10-04,90.15267944335938,126.0999984741211,126.5,125.0,125.30000305175781,1522256,yfinance,False
2013-10-07,89.79520416259766,125.5999984741211,126.5,124.5,126.19999694824219,1810755,yfinance,False
2013-10-08,91.01057434082031,127.30000305175781,127.80000305175781,125.0,125.0999984741211,2571587,yfinance,False
2013-10-09,90.79610443115234,127.0,127.4000015258789,126.0,126.0,1374731,yfinance,False
2013-10-10,90.72461700439453,126.9000015258789,127.80000305175781,125.0,127.80000305175781,2832717,yfinance,False
2013-10-11,91.29656219482422,127.69999694824219,129.1999969482422,127.5999984741211,128.89999389648438,2617713,yfinance,False
2013-10-15,91.22503662109375,127.5999984741211,128.8000030517578,127.0999984741211,128.1999969482422,1663698,yfinance,False
2013-10-16,90.51013946533203,126.5999984741211,128.1999969482422,126.0999984741211,128.10000610351562,2040881,yfinance,False
2013-10-17,90.00968170166016,125.9000015258789,127.4000015258789,125.69999694824219,127.19999694824219,2007631,yfinance,False
2013-10-18,90.00968170166016,125.9000015258789,126.80000305175781,125.69999694824219,126.0999984741211,2312779,yfinance,False
2013-10-21,90.00968170166016,125.9000015258789,126.5999984741211,125.5,126.0,2496639,yfinance,False
2013-10-22,90.00968170166016,125.9000015258789,126.5,125.5,125.5999984741211,1218545,yfinance,False
2013-10-23,89.43773651123047,125.0999984741211,126.80000305175781,124.5,126.80000305175781,2099828,yfinance,False
2013-10-24,88.50833129882812,123.80000305175781,125.0999984741211,123.80000305175781,125.0,2406566,yfinance,False
2013-10-25,88.50833129882812,123.80000305175781,124.4000015258789,123.5,123.5999984741211,1612835,yfinance,False
2013-10-28,88.29385375976562,123.5,124.80000305175781,123.19999694824219,123.30000305175781,1713569,yfinance,False
2013-10-29,88.43682861328125,123.69999694824219,125.30000305175781,123.0999984741211,123.19999694824219,1999994,yfinance,False
2013-10-30,90.08116149902344,126.0,126.0999984741211,124.0,124.0,3001734,yfinance,False
2013-10-31,89.36624145507812,125.0,126.0,124.69999694824219,125.4000015258789,1596203,yfinance,False
2013-11-01,89.65221405029297,125.4000015258789,126.0999984741211,124.5,124.80000305175781,1190494,yfinance,False
2013-11-04,89.86669158935547,125.69999694824219,126.30000305175781,124.69999694824219,125.5999984741211,866092,yfinance,False
2013-11-05,89.43773651123047,125.0999984741211,126.30000305175781,123.80000305175781,126.30000305175781,1419869,yfinance,False
2013-11-06,90.00968170166016,125.9000015258789,127.19999694824219,124.30000305175781,124.5999984741211,3391048,yfinance,False
2013-11-07,89.08027648925781,124.5999984741211,126.0,124.19999694824219,126.0,2185315,yfinance,False
2013-11-08,88.65131378173828,124.0,124.4000015258789,123.80000305175781,123.80000305175781,2558814,yfinance,False
2013-11-11,89.08027648925781,124.5999984741211,125.5999984741211,123.5999984741211,124.5999984741211,1512111,yfinance,False
2013-11-12,88.65131378173828,124.0,125.4000015258789,123.69999694824219,123.69999694824219,1326504,yfinance,False
2013-11-13,88.0793685913086,123.19999694824219,124.30000305175781,123.0,123.5999984741211,1953941,yfinance,False
2013-11-14,88.22235870361328,123.4000015258789,124.19999694824219,123.0,123.30000305175781,1707988,yfinance,False
2013-11-15,89.43773651123047,125.0999984741211,125.30000305175781,123.80000305175781,123.80000305175781,2812250,yfinance,False
2013-11-18,93.58432006835938,130.89999389648438,131.3000030517578,126.69999694824219,126.80000305175781,13882282,yfinance,False
2013-11-19,96.37257385253906,134.8000030517578,136.5,131.0,131.1999969482422,17755923,yfinance,False
2013-11-20,99.30377960205078,138.89999389648438,139.3000030517578,135.5,135.5,15154518,yfinance,False
2013-11-21,98.44586181640625,137.6999969482422,138.5,136.10000610351562,137.5,7112149,yfinance,False
2013-11-22,98.1598892211914,137.3000030517578,138.89999389648438,137.0,138.8000030517578,3345193,yfinance,False
2013-11-25,97.7309341430664,136.6999969482422,138.3000030517578,136.60000610351562,138.10000610351562,3646632,yfinance,False
2013-11-26,97.37345886230469,136.1999969482422,137.1999969482422,135.8000030517578,136.0,2634617,yfinance,False
2013-11-27,98.44586181640625,137.6999969482422,139.0,135.5,135.89999389648438,4560531,yfinance,False
2013-11-28,97.23046112060547,136.0,139.0,135.89999389648438,138.8000030517578,4264753,yfinance,False
2013-11-29,97.30196380615234,136.10000610351562,137.39999389648438,135.8000030517578,136.1999969482422,2232463,yfinance,False
2013-12-02,98.517333984375,137.8000030517578,139.5,136.0,136.39999389648438,3836105,yfinance,False
2013-12-03,98.58883666992188,137.89999389648438,138.0,136.8000030517578,137.89999389648438,3027451,yfinance,False
2013-12-04,97.80243682861328,136.8000030517578,138.0,136.39999389648438,137.0,3965004,yfinance,False
2013-12-05,97.5164566040039,136.39999389648438,137.0,135.8000030517578,136.39999389648438,2529167,yfinance,False
2013-12-06,97.80243682861328,136.8000030517578,137.5,135.8000030517578,136.39999389648438,3052600,yfinance,False
2013-12-09,98.58883666992188,137.89999389648438,138.3000030517578,136.5,138.1999969482422,2552519,yfinance,False
2013-12-10,97.659423828125,136.60000610351562,137.89999389648438,136.3000030517578,137.89999389648438,1798922,yfinance,False
2013-12-11,95.44314575195312,133.5,136.6999969482422,133.1999969482422,136.6999969482422,5053125,yfinance,False
2013-12-12,95.08566284179688,133.0,134.10000610351562,132.1999969482422,133.1999969482422,2753491,yfinance,False
2013-12-13,95.7291259765625,133.89999389648438,135.0,131.6999969482422,132.0,2795594,yfinance,False
2013-12-16,95.37165832519531,133.39999389648438,133.6999969482422,131.10000610351562,133.5,3882294,yfinance,False
2013-12-17,94.37074279785156,132.0,133.6999969482422,131.60000610351562,133.5,1823667,yfinance,False
2013-12-18,94.227783203125,131.8000030517578,133.3000030517578,131.3000030517578,131.8000030517578,2597616,yfinance,False
2013-12-19,92.4404525756836,129.3000030517578,134.0,128.8000030517578,133.8000030517578,7284133,yfinance,False
2013-12-20,91.86849212646484,128.5,130.39999389648438,128.3000030517578,128.89999389648438,4438261,yfinance,False
2013-12-23,92.08297729492188,128.8000030517578,129.8000030517578,128.5,128.8000030517578,1703983,yfinance,False
2013-12-24,93.58432006835938,130.89999389648438,131.0,128.89999389648438,129.0,1867553,yfinance,False
2013-12-27,93.369873046875,130.60000610351562,131.5,130.3000030517578,130.5,1979872,yfinance,False
2013-12-30,92.94088745117188,130.0,131.8000030517578,129.89999389648438,131.0,2194797,yfinance,False
2013-12-31,92.4404525756836,129.3000030517578,131.3000030517578,129.10000610351562,131.0,2336851,yfinance,False
2014-01-02,92.86939239501953,129.89999389648438,130.60000610351562,129.3000030517578,130.60000610351562,2031233,yfinance,False
2014-01-03,91.15357208251953,127.5,129.39999389648438,127.30000305175781,129.0,4002628,yfinance,False
2014-01-06,90.58162689208984,126.69999694824219,127.4000015258789,125.9000015258789,126.5,2335902,yfinance,False
2014-01-07,90.22415161132812,126.19999694824219,126.80000305175781,125.30000305175781,125.5,2518359,yfinance,False
2014-01-08,92.01148223876953,128.6999969482422,128.89999389648438,126.0999984741211,126.5,3334762,yfinance,False
2014-01-09,91.08209991455078,127.4000015258789,128.5,126.0999984741211,127.30000305175781,2504650,yfinance,False
2014-01-10,90.79610443115234,127.0,128.5,126.5,126.5,1656472,yfinance,False
2014-01-13,90.72461700439453,126.9000015258789,128.3000030517578,126.5999984741211,127.0,1139353,yfinance,False
2014-01-14,90.36715698242188,126.4000015258789,127.80000305175781,126.0999984741211,126.19999694824219,1609498,yfinance,False
2014-01-15,91.3680419921875,127.80000305175781,128.1999969482422,126.4000015258789,126.9000015258789,1559108,yfinance,False
2014-01-16,91.29656219482422,127.69999694824219,128.6999969482422,127.0,127.30000305175781,1652483,yfinance,False
2014-01-17,91.65402221679688,128.1999969482422,129.5,126.5999984741211,127.5999984741211,2226293,yfinance,False
2014-01-20,90.93907928466797,127.19999694824219,128.1999969482422,126.5,128.0,1638611,yfinance,False
2014-01-21,90.72461700439453,126.9000015258789,128.1999969482422,126.69999694824219,128.0,1211468,yfinance,False
2014-01-22,90.93907928466797,127.19999694824219,127.69999694824219,126.0999984741211,126.5,1668743,yfinance,False
2014-01-23,90.00968170166016,125.9000015258789,127.80000305175781,125.5999984741211,127.5,2144305,yfinance,False
2014-01-24,89.43773651123047,125.0999984741211,126.19999694824219,125.0,125.19999694824219,2672411,yfinance,False
2014-01-27,87.65042114257812,122.5999984741211,123.69999694824219,122.5,123.0999984741211,4569764,yfinance,False
2014-01-28,87.0784912109375,121.80000305175781,123.19999694824219,121.19999694824219,122.80000305175781,3680417,yfinance,False
2014-01-29,87.36444091796875,122.19999694824219,123.0,122.0,122.19999694824219,2188604,yfinance,False
2014-01-30,87.14995574951172,121.9000015258789,122.5,121.0,121.0,1620971,yfinance,False
2014-02-04,86.64949798583984,121.19999694824219,121.69999694824219,120.0999984741211,120.5,2999825,yfinance,False
2014-02-05,85.86308288574219,120.0999984741211,122.4000015258789,119.69999694824219,122.0999984741211,3435521,yfinance,False
2014-02-06,85.64861297607422,119.80000305175781,120.80000305175781,119.5999984741211,120.0,2177202,yfinance,False
2014-02-07,86.00607299804688,120.30000305175781,121.19999694824219,119.19999694824219,119.19999694824219,2048491,yfinance,False
2014-02-10,86.5780258178711,121.0999984741211,121.30000305175781,120.0,120.0,2000896,yfinance,False
2014-02-11,88.22235870361328,123.4000015258789,124.0,120.30000305175781,120.4000015258789,2950886,yfinance,False
2014-02-12,88.65131378173828,124.0,124.5999984741211,123.0,123.0,2819501,yfinance,False
2014-02-13,88.0793685913086,123.19999694824219,124.0,122.5999984741211,123.4000015258789,1603564,yfinance,False
2014-02-14,88.29385375976562,123.5,124.5,123.0,124.5,874718,yfinance,False
2014-02-17,88.86579132080078,124.30000305175781,124.80000305175781,123.5,123.5,1246172,yfinance,False
2014-02-18,88.29385375976562,123.5,124.30000305175781,123.0,124.0,1829156,yfinance,False
2014-02-19,87.93639373779297,123.0,123.80000305175781,122.5,122.5,1625301,yfinance,False
2014-02-20,87.0784912109375,121.80000305175781,123.5,121.4000015258789,122.5,2358510,yfinance,False
2014-02-21,87.22145080566406,122.0,123.0999984741211,121.5999984741211,122.4000015258789,2273806,yfinance,False
2014-02-24,86.36354064941406,120.80000305175781,122.0,120.5,122.0,3009491,yfinance,False
2014-02-25,86.50651550292969,121.0,122.5,120.4000015258789,122.5,3668808,yfinance,False
2014-02-26,86.36354064941406,120.80000305175781,122.30000305175781,120.4000015258789,122.0,2496106,yfinance,False
2014-02-27,86.5780258178711,121.0999984741211,121.4000015258789,120.5,120.80000305175781,3316846,yfinance,False
2014-02-28,86.07758331298828,120.4000015258789,121.30000305175781,120.0,121.0999984741211,5647857,yfinance,False
2014-03-03,85.64861297607422,119.80000305175781,120.5999984741211,119.19999694824219,120.0999984741211,3278040,yfinance,False
2014-03-04,85.64861297607422,119.80000305175781,120.30000305175781,119.19999694824219,119.69999694824219,2349281,yfinance,False
2014-03-05,85.57711029052734,119.69999694824219,120.5999984741211,119.19999694824219,120.0999984741211,1713715,yfinance,False
2014-03-06,85.3626480102539,119.4000015258789,120.19999694824219,118.5999984741211,118.80000305175781,2269893,yfinance,False
2014-03-07,85.43413543701172,119.5,120.19999694824219,119.30000305175781,120.19999694824219,1402205,yfinance,False
2014-03-10,85.07665252685547,119.0,120.0,118.5,118.5,2485827,yfinance,False
2014-03-11,85.43413543701172,119.5,119.9000015258789,118.5,118.5,1654133,yfinance,False
2014-03-12,84.79068756103516,118.5999984741211,119.0999984741211,118.0,118.30000305175781,2141497,yfinance,False
2014-03-13,83.64679718017578,117.0,119.0,116.5999984741211,119.0,4169002,yfinance,False
2014-03-14,82.57441711425781,115.5,116.5,114.5999984741211,116.5,4590203,yfinance,False
2014-03-17,82.00247192382812,114.69999694824219,115.30000305175781,114.30000305175781,115.0,2768294,yfinance,False
2014-03-18,82.6458969116211,115.5999984741211,116.30000305175781,114.9000015258789,116.30000305175781,2677793,yfinance,False
2014-03-19,82.43141174316406,115.30000305175781,116.0,115.19999694824219,115.5999984741211,2199651,yfinance,False
2014-03-20,80.9300537109375,113.19999694824219,115.0,112.80000305175781,115.0,5036146,yfinance,False
2014-03-21,81.85948181152344,114.5,114.9000015258789,112.80000305175781,113.30000305175781,3094384,yfinance,False
2014-03-24,83.36083221435547,116.5999984741211,116.80000305175781,115.0,115.5,3151606,yfinance,False
2014-03-25,82.93187713623047,116.0,116.5999984741211,115.4000015258789,116.0999984741211,3336177,yfinance,False
2014-03-26,84.21875762939453,117.80000305175781,118.0,116.0999984741211,116.5,3757688,yfinance,False
2014-03-27,84.14726257324219,117.69999694824219,118.30000305175781,117.30000305175781,118.30000305175781,3345662,yfinance,False
2014-03-28,84.86219024658203,118.69999694824219,119.5999984741211,117.69999694824219,117.9000015258789,2784859,yfinance,False
2014-03-31,84.07574462890625,117.5999984741211,119.4000015258789,117.5,119.0,1885053,yfinance,False
2014-04-01,85.43413543701172,119.5,119.69999694824219,118.0,118.19999694824219,2480661,yfinance,False
2014-04-02,90.08116149902344,126.0,126.4000015258789,119.0999984741211,119.5,11841782,yfinance,False
2014-04-03,90.65312194824219,126.80000305175781,128.8000030517578,125.0,126.0,16267704,yfinance,False
2014-04-04,93.29835510253906,130.5,132.39999389648438,126.69999694824219,126.80000305175781,13284872,yfinance,False
2014-04-07,92.86939239501953,129.89999389648438,131.60000610351562,128.3000030517578,130.5,8252077,yfinance,False
2014-04-08,93.87030029296875,131.3000030517578,131.5,128.6999969482422,129.89999389648438,7066729,yfinance,False
2014-04-09,94.58523559570312,132.3000030517578,135.3000030517578,131.3000030517578,131.3000030517578,7997216,yfinance,False
2014-04-10,93.58432006835938,130.89999389648438,133.0,130.1999969482422,132.39999389648438,1602630,yfinance,False
2014-04-11,104.37976837158203,146.0,148.5,142.10000610351562,146.0,47292138,yfinance,False
2014-04-14,107.09649658203125,149.8000030517578,152.0,145.0,145.3000030517578,18641338,yfinance,False
2014-04-15,101.44856262207031,141.89999389648438,150.0,141.60000610351562,149.10000610351562,18477600,yfinance,False
2014-04-16,103.45037841796875,144.6999969482422,146.89999389648438,142.3000030517578,142.8000030517578,10225465,yfinance,False
2014-04-17,103.1644058227539,144.3000030517578,145.89999389648438,143.3000030517578,145.5,4917279,yfinance,False
2014-04-22,103.54063415527344,143.10000610351562,143.89999389648438,142.0,143.0,4088681,yfinance,False
2014-04-23,102.02119445800781,141.0,143.60000610351562,140.60000610351562,143.10000610351562,5487492,yfinance,False
2014-04-24,102.09353637695312,141.10000610351562,142.89999389648438,140.39999389648438,141.3000030517578,3987801,yfinance,False
2014-04-25,100.64641571044922,139.10000610351562,141.39999389648438,138.3000030517578,140.39999389648438,5652120,yfinance,False
2014-04-28,98.98226165771484,136.8000030517578,139.0,136.60000610351562,138.10000610351562,5217659,yfinance,False
2014-04-29,100.79114532470703,139.3000030517578,139.5,136.10000610351562,137.60000610351562,5787705,yfinance,False
2014-04-30,101.0805435180664,139.6999969482422,142.39999389648438,138.39999389648438,140.60000610351562,7061109,yfinance,False
2014-05-02,101.6594009399414,140.5,141.6999969482422,139.0,140.6999969482422,3943245,yfinance,False
2014-05-05,100.5740737915039,139.0,141.0,138.60000610351562,140.0,2905791,yfinance,False
2014-05-07,98.62049102783203,136.3000030517578,139.5,136.0,139.0,4189158,yfinance,False
2014-05-08,100.28463745117188,138.60000610351562,139.8000030517578,136.60000610351562,137.39999389648438,5303133,yfinance,False
2014-05-09,100.93583679199219,139.5,140.89999389648438,137.5,138.60000610351562,4234327,yfinance,False
2014-05-12,102.52765655517578,141.6999969482422,144.3000030517578,139.0,140.60000610351562,7920110,yfinance,False
2014-05-13,101.80410766601562,140.6999969482422,142.6999969482422,140.1999969482422,142.6999969482422,2502049,yfinance,False
2014-05-14,103.03414916992188,142.39999389648438,142.39999389648438,139.5,140.5,4157556,yfinance,False
2014-05-15,102.96180725097656,142.3000030517578,142.8000030517578,141.3000030517578,142.5,3747203,yfinance,False
2014-05-16,102.16587829589844,141.1999969482422,142.0,140.6999969482422,142.0,2545845,yfinance,False
2014-05-19,101.5870590209961,140.39999389648438,141.3000030517578,140.10000610351562,141.3000030517578,2160179,yfinance,False
2014-05-20,101.00821685791016,139.60000610351562,141.60000610351562,139.1999969482422,140.39999389648438,3598132,yfinance,False
2014-05-21,100.64641571044922,139.10000610351562,139.60000610351562,138.10000610351562,139.60000610351562,2918537,yfinance,False
2014-05-22,101.5870590209961,140.39999389648438,142.0,139.1999969482422,139.8000030517578,4494029,yfinance,False
2014-05-23,101.5870590209961,140.39999389648438,141.39999389648438,140.1999969482422,140.8000030517578,3072362,yfinance,False
2014-05-26,101.6594009399414,140.5,141.89999389648438,140.39999389648438,141.0,2839572,yfinance,False
2014-05-27,101.73175811767578,140.60000610351562,141.3000030517578,140.1999969482422,140.60000610351562,2306163,yfinance,False
2014-05-28,104.2641830444336,144.10000610351562,144.39999389648438,140.60000610351562,141.5,7714614,yfinance,False
2014-05-29,104.91542053222656,145.0,145.6999969482422,143.8000030517578,144.0,9861041,yfinance,False
2014-05-30,104.40890502929688,144.3000030517578,145.89999389648438,143.6999969482422,145.8000030517578,4971446,yfinance,False
2014-06-03,105.34954071044922,145.60000610351562,145.89999389648438,144.8000030517578,145.6999969482422,5422461,yfinance,False
2014-06-04,105.34954071044922,145.60000610351562,146.10000610351562,145.0,145.6999969482422,3713416,yfinance,False
2014-06-05,106.29015350341797,146.89999389648438,147.0,144.6999969482422,145.60000610351562,3871186,yfinance,False
2014-06-06,104.84306335449219,144.89999389648438,147.8000030517578,144.89999389648438,147.5,4907336,yfinance,False
2014-06-09,105.92835998535156,146.39999389648438,146.89999389648438,145.10000610351562,145.60000610351562,3101873,yfinance,False
2014-06-10,106.29015350341797,146.89999389648438,147.60000610351562,146.10000610351562,146.5,4064658,yfinance,False
2014-06-11,106.57958221435547,147.3000030517578,147.39999389648438,145.1999969482422,147.1999969482422,4405970,yfinance,False
2014-06-12,105.85604858398438,146.3000030517578,146.89999389648438,145.89999389648438,146.5,2570525,yfinance,False
2014-06-13,105.85604858398438,146.3000030517578,147.0,145.60000610351562,145.60000610351562,2577659,yfinance,False
2014-06-16,106.3625259399414,147.0,147.1999969482422,146.0,146.1999969482422,4198521,yfinance,False
2014-06-17,105.20481872558594,145.39999389648438,147.5,144.6999969482422,146.8000030517578,4879805,yfinance,False
2014-06-18,104.77069091796875,144.8000030517578,145.8000030517578,144.5,145.0,3392544,yfinance,False
2014-06-19,104.6259765625,144.60000610351562,146.5,144.5,146.10000610351562,3416315,yfinance,False
2014-06-20,104.5536117553711,144.5,145.5,144.3000030517578,144.8000030517578,3039040,yfinance,False
2014-06-23,103.10649108886719,142.5,146.0,142.1999969482422,145.0,5779705,yfinance,False
2014-06-24,104.19186401367188,144.0,144.3000030517578,143.10000610351562,143.39999389648438,3558135,yfinance,False
2014-06-25,103.46826171875,143.0,144.0,142.5,143.8000030517578,3245538,yfinance,False
2014-06-26,104.19186401367188,144.0,144.5,142.6999969482422,142.8000030517578,4278519,yfinance,False
2014-06-27,104.1194839477539,143.89999389648438,144.39999389648438,143.39999389648438,144.0,2490872,yfinance,False
2014-06-30,104.5536117553711,144.5,145.5,142.10000610351562,144.5,4696475,yfinance,False
2014-07-02,106.43487548828125,147.10000610351562,147.3000030517578,144.6999969482422,145.89999389648438,6367690,yfinance,False
2014-07-03,107.80961608886719,149.0,150.5,147.1999969482422,147.6999969482422,7486903,yfinance,False
2014-07-04,108.17138671875,149.5,150.0,149.0,149.3000030517578,3471261,yfinance,False
2014-07-07,111.4997329711914,154.10000610351562,154.1999969482422,148.89999389648438,149.6999969482422,10737696,yfinance,False
2014-07-08,111.06559753417969,153.5,156.0,152.8000030517578,153.8000030517578,7748634,yfinance,False
2014-07-09,109.98026275634766,152.0,153.0,151.5,152.0,4217923,yfinance,False
2014-07-10,110.55912780761719,152.8000030517578,153.8000030517578,152.0,152.0,3556915,yfinance,False
2014-07-11,110.34207153320312,152.5,154.39999389648438,151.10000610351562,152.0,5818342,yfinance,False
2014-07-14,111.21029663085938,153.6999969482422,154.5,152.60000610351562,152.6999969482422,2822327,yfinance,False
2014-07-15,111.35504913330078,153.89999389648438,154.89999389648438,153.60000610351562,154.0,4185756,yfinance,False
2014-07-16,111.57211303710938,154.1999969482422,154.89999389648438,153.3000030517578,154.3000030517578,3225583,yfinance,False
2014-07-17,111.13798522949219,153.60000610351562,154.8000030517578,153.1999969482422,154.8000030517578,2777098,yfinance,False
2014-07-18,111.4273681640625,154.0,154.39999389648438,151.3000030517578,152.60000610351562,2860187,yfinance,False
2014-07-21,111.21029663085938,153.6999969482422,154.0,152.6999969482422,154.0,3247144,yfinance,False
2014-07-22,113.59806823730469,157.0,157.39999389648438,153.3000030517578,153.6999969482422,8659733,yfinance,False
2014-07-23,115.11751556396484,159.10000610351562,159.39999389648438,157.0,157.0,10530062,yfinance,False
2014-07-24,117.43291473388672,162.3000030517578,162.39999389648438,159.39999389648438,159.5,11675086,yfinance,False
2014-07-25,118.2287826538086,163.39999389648438,164.0,161.3000030517578,163.5,8141514,yfinance,False
2014-07-28,122.28072357177734,169.0,169.60000610351562,163.3000030517578,163.39999389648438,14038622,yfinance,False
2014-07-29,126.54969024658203,174.89999389648438,175.5,169.10000610351562,169.89999389648438,20721860,yfinance,False
2014-07-30,123.87251281738281,171.1999969482422,176.89999389648438,170.0,175.60000610351562,18343685,yfinance,False
2014-07-31,125.53670501708984,173.5,173.8000030517578,170.0,170.8000030517578,10714694,yfinance,False
2014-08-01,123.72777557373047,171.0,173.89999389648438,170.1999969482422,171.5,10392086,yfinance,False
2014-08-04,125.97087097167969,174.10000610351562,175.5,172.0,172.39999389648438,6859347,yfinance,False
2014-08-05,126.11553192138672,174.3000030517578,175.5,173.5,175.5,5122602,yfinance,False
2014-08-06,126.26024627685547,174.5,175.3000030517578,171.5,172.10000610351562,7052683,yfinance,False
2014-08-07,128.50331115722656,177.60000610351562,179.5,174.5,174.60000610351562,12162880,yfinance,False
2014-08-08,127.85206604003906,176.6999969482422,179.8000030517578,175.0,177.0,8987788,yfinance,False
2014-08-11,129.66098022460938,179.1999969482422,180.0,178.10000610351562,178.60000610351562,7122084,yfinance,False
2014-08-12,129.8056640625,179.39999389648438,179.5,177.1999969482422,179.0,4990536,yfinance,False
2014-08-13,130.81863403320312,180.8000030517578,181.0,178.8000030517578,179.8000030517578,7856211,yfinance,False
2014-08-14,130.9633331298828,181.0,182.0,179.60000610351562,180.6999969482422,6946591,yfinance,False
2014-08-15,132.48280334472656,183.10000610351562,184.3000030517578,181.0,181.6999969482422,7954828,yfinance,False
2014-08-18,133.49578857421875,184.5,184.89999389648438,183.0,183.5,5636385,yfinance,False
2014-08-19,134.5408477783203,184.10000610351562,184.89999389648438,183.1999969482422,183.60000610351562,5342177,yfinance,False
2014-08-20,134.83316040039062,184.5,185.0,183.39999389648438,183.39999389648438,6535828,yfinance,False
2014-08-21,133.29849243164062,182.39999389648438,185.0,181.6999969482422,184.60000610351562,6143553,yfinance,False
2014-08-22,134.24855041503906,183.6999969482422,184.8000030517578,182.60000610351562,183.0,4221717,yfinance,False
2014-08-25,133.9561767578125,183.3000030517578,184.39999389648438,182.6999969482422,183.89999389648438,4367549,yfinance,False
2014-08-26,131.39840698242188,179.8000030517578,183.60000610351562,179.60000610351562,182.6999969482422,6536645,yfinance,False
2014-08-27,129.7906494140625,177.60000610351562,181.60000610351562,177.5,180.5,7335857,yfinance,False
2014-08-28,127.74439239501953,174.8000030517578,179.89999389648438,174.10000610351562,178.0,12548080,yfinance,False
2014-08-29,130.1560516357422,178.10000610351562,178.1999969482422,170.0,173.8000030517578,14510011,yfinance,False
2014-09-01,127.9636001586914,175.10000610351562,177.89999389648438,174.60000610351562,177.8000030517578,7012747,yfinance,False
2014-09-02,129.059814453125,176.60000610351562,177.60000610351562,174.10000610351562,176.10000610351562,4329406,yfinance,False
2014-09-03,133.66390991210938,182.89999389648438,183.0,176.8000030517578,177.5,10480167,yfinance,False
2014-09-04,133.81007385253906,183.10000610351562,184.8000030517578,181.8000030517578,182.0,9286991,yfinance,False
2014-09-05,132.7869415283203,181.6999969482422,184.0,181.60000610351562,183.10000610351562,4443558,yfinance,False
2014-09-08,132.7138214111328,181.60000610351562,182.5,180.6999969482422,182.0,3380278,yfinance,False
2014-09-10,130.4483642578125,178.5,180.8000030517578,178.1999969482422,180.8000030517578,8426215,yfinance,False
2014-09-11,131.39840698242188,179.8000030517578,181.0,178.0,178.5,5145737,yfinance,False
2014-09-12,130.95993041992188,179.1999969482422,180.5,177.39999389648438,180.5,3408868,yfinance,False
2014-09-15,129.57138061523438,177.3000030517578,179.1999969482422,177.0,178.0,5209390,yfinance,False
2014-09-16,127.15973663330078,174.0,177.6999969482422,173.89999389648438,177.1999969482422,5684838,yfinance,False
2014-09-17,129.717529296875,177.5,178.5,175.5,176.5,6849130,yfinance,False
2014-09-18,128.98670959472656,176.5,177.8000030517578,175.39999389648438,176.8000030517578,3319993,yfinance,False
2014-09-19,130.4483642578125,178.5,180.3000030517578,176.0,176.60000610351562,5617631,yfinance,False
2014-09-22,128.03672790527344,175.1999969482422,178.10000610351562,175.0,176.89999389648438,6168129,yfinance,False
2014-09-23,127.74439239501953,174.8000030517578,176.60000610351562,173.6999969482422,175.0,6739286,yfinance,False
2014-09-24,128.840576171875,176.3000030517578,177.39999389648438,174.10000610351562,174.89999389648438,5019399,yfinance,False
2014-09-25,128.47518920898438,175.8000030517578,178.8000030517578,175.5,178.10000610351562,3929899,yfinance,False
2014-09-26,128.1097869873047,175.3000030517578,175.60000610351562,174.10000610351562,174.10000610351562,3893387,yfinance,False
2014-09-29,124.01730346679688,169.6999969482422,172.1999969482422,168.39999389648438,171.0,21198701,yfinance,False
2014-09-30,122.1172103881836,167.10000610351562,168.39999389648438,166.0,168.0,15100416,yfinance,False
2014-10-03,124.1634292602539,169.89999389648438,170.8000030517578,162.0,165.0,16727263,yfinance,False
2014-10-06,127.74439239501953,174.8000030517578,175.3000030517578,170.0,171.60000610351562,11975219,yfinance,False
2014-10-07,126.72125244140625,173.39999389648438,175.5,173.10000610351562,174.0,6593149,yfinance,False
2014-10-08,126.72125244140625,173.39999389648438,174.8000030517578,171.10000610351562,171.8000030517578,4777925,yfinance,False
2014-10-09,127.01358795166016,173.8000030517578,176.3000030517578,173.60000610351562,174.5,4882146,yfinance,False
2014-10-10,124.1634292602539,169.89999389648438,171.6999969482422,169.60000610351562,171.0,9287313,yfinance,False
2014-10-13,125.771240234375,172.10000610351562,173.8000030517578,167.0,169.0,10004671,yfinance,False
2014-10-14,124.89425659179688,170.89999389648438,175.39999389648438,170.5,171.0,7795176,yfinance,False
2014-10-15,126.06355285644531,172.5,173.3000030517578,170.60000610351562,170.60000610351562,5653654,yfinance,False
2014-10-16,125.84428405761719,172.1999969482422,173.0,170.3000030517578,171.0,4377237,yfinance,False
2014-10-17,126.9404525756836,173.6999969482422,174.89999389648438,171.0,172.89999389648438,7442012,yfinance,False
2014-10-20,125.91735076904297,172.3000030517578,175.0,172.0,174.39999389648438,5099495,yfinance,False
2014-10-21,126.3558349609375,172.89999389648438,173.89999389648438,172.10000610351562,172.39999389648438,3777762,yfinance,False
2014-10-22,127.81745147705078,174.89999389648438,175.0,173.0,174.0,4659656,yfinance,False
2014-10-23,127.67130279541016,174.6999969482422,174.89999389648438,173.8000030517578,174.3000030517578,3264228,yfinance,False
2014-10-24,127.45201873779297,174.39999389648438,175.39999389648438,173.0,174.5,3053072,yfinance,False
2014-10-27,121.45945739746094,166.1999969482422,168.6999969482422,165.60000610351562,168.5,18949942,yfinance,False
2014-10-28,123.65186309814453,169.1999969482422,169.8000030517578,166.0,166.0,9613414,yfinance,False
2014-10-29,123.79802703857422,169.39999389648438,170.6999969482422,169.1999969482422,169.89999389648438,6739493,yfinance,False
2014-10-30,123.14030456542969,168.5,169.1999969482422,168.10000610351562,169.1999969482422,4995276,yfinance,False
2014-10-31,125.62503051757812,171.89999389648438,172.6999969482422,169.3000030517578,169.5,6346402,yfinance,False
2014-11-03,125.04042053222656,171.10000610351562,173.0,170.8000030517578,173.0,3775204,yfinance,False
2014-11-04,126.50201416015625,173.10000610351562,174.5,171.0,171.0,4493298,yfinance,False
2014-11-05,126.13662719726562,172.60000610351562,174.0,172.0,173.0,3908818,yfinance,False
2014-11-06,125.84428405761719,172.1999969482422,173.5,172.10000610351562,172.8000030517578,4487181,yfinance,False
2014-11-07,128.32904052734375,175.60000610351562,180.0,171.5,173.0,14981703,yfinance,False
2014-11-10,134.1754608154297,183.60000610351562,185.0,180.8000030517578,184.0,22623214,yfinance,False
2014-11-11,133.15234375,182.1999969482422,184.89999389648438,181.89999389648438,184.0,9329470,yfinance,False
2014-11-12,134.83316040039062,184.5,184.8000030517578,182.0,183.0,6363364,yfinance,False
2014-11-13,136.73324584960938,187.10000610351562,187.1999969482422,184.10000610351562,184.5,12267160,yfinance,False
2014-11-14,136.22164916992188,186.39999389648438,188.8000030517578,185.39999389648438,188.60000610351562,10400880,yfinance,False
2014-11-17,130.1560516357422,178.10000610351562,189.0,177.60000610351562,189.0,24102337,yfinance,False
2014-11-18,127.08663177490234,173.89999389648438,178.6999969482422,172.0,178.5,15592244,yfinance,False
2014-11-19,122.77490234375,168.0,173.3000030517578,167.5,173.0,20600040,yfinance,False
2014-11-20,121.16712951660156,165.8000030517578,168.0,162.0,168.0,19810950,yfinance,False
2014-11-21,122.1172103881836,167.10000610351562,168.8000030517578,162.6999969482422,165.6999969482422,12762402,yfinance,False
2014-11-24,123.5788345336914,169.10000610351562,171.3000030517578,168.0,170.39999389648438,11273327,yfinance,False
2014-11-25,121.75181579589844,166.60000610351562,169.3000030517578,166.0,169.0,7071701,yfinance,False
2014-11-26,124.09037780761719,169.8000030517578,170.0,165.39999389648438,166.89999389648438,8221387,yfinance,False
2014-11-27,123.28646087646484,168.6999969482422,171.0,168.0,170.1999969482422,4629094,yfinance,False
2014-11-28,123.4326171875,168.89999389648438,169.8000030517578,168.0,168.89999389648438,5717552,yfinance,False
2014-12-01,121.38636016845703,166.10000610351562,168.89999389648438,165.8000030517578,167.10000610351562,7411809,yfinance,False
2014-12-02,123.94418334960938,169.60000610351562,171.0,166.1999969482422,167.10000610351562,6703398,yfinance,False
2014-12-03,125.91735076904297,172.3000030517578,173.3000030517578,170.0,170.10000610351562,11450290,yfinance,False
2014-12-04,127.74439239501953,174.8000030517578,175.0,171.60000610351562,173.8000030517578,8837362,yfinance,False
2014-12-05,130.08290100097656,178.0,179.8000030517578,175.10000610351562,175.60000610351562,15052532,yfinance,False
2014-12-08,134.39471435546875,183.89999389648438,184.10000610351562,178.10000610351562,178.8000030517578,18831657,yfinance,False
2014-12-09,129.279052734375,176.89999389648438,183.5,175.60000610351562,182.5,15370836,yfinance,False
2014-12-10,130.5214385986328,178.60000610351562,179.6999969482422,176.10000610351562,178.0,6396892,yfinance,False
2014-12-11,129.42520141601562,177.10000610351562,178.60000610351562,174.89999389648438,175.10000610351562,5301468,yfinance,False
2014-12-12,127.9636001586914,175.10000610351562,179.89999389648438,175.0,178.0,5760421,yfinance,False
2014-12-15,126.72125244140625,173.39999389648438,174.1999969482422,172.5,173.0,4214201,yfinance,False
2014-12-16,125.04042053222656,171.10000610351562,173.89999389648438,171.0,172.10000610351562,5856959,yfinance,False
2014-12-17,123.28646087646484,168.6999969482422,172.0,168.10000610351562,171.0,7564666,yfinance,False
2014-12-18,123.94418334960938,169.60000610351562,172.39999389648438,169.39999389648438,171.8000030517578,4936261,yfinance,False
2014-12-19,124.74811553955078,170.6999969482422,172.39999389648438,170.3000030517578,171.0,3589571,yfinance,False
2014-12-22,125.6981201171875,172.0,172.5,171.3000030517578,171.3000030517578,3318344,yfinance,False
2014-12-23,125.33272552490234,171.5,172.3000030517578,170.39999389648438,171.39999389648438,2904692,yfinance,False
2014-12-24,125.18656158447266,171.3000030517578,172.0,170.6999969482422,171.10000610351562,1639985,yfinance,False
2014-12-29,126.42890930175781,173.0,175.0,172.8000030517578,173.5,4291784,yfinance,False
2014-12-30,125.18656158447266,171.3000030517578,174.5,171.0,173.0,3478143,yfinance,False
2014-12-31,125.47886657714844,171.6999969482422,172.5,171.0,171.0,1476752,yfinance,False
2015-01-02,126.42890930175781,173.0,173.0,170.60000610351562,172.1999969482422,3963002,yfinance,False
2015-01-05,129.57138061523438,177.3000030517578,178.5,172.1999969482422,173.5,9582837,yfinance,False
2015-01-06,129.7906494140625,177.60000610351562,180.0,175.10000610351562,175.3000030517578,8087451,yfinance,False
2015-01-07,131.0330047607422,179.3000030517578,180.89999389648438,176.3000030517578,176.3000030517578,9157889,yfinance,False
2015-01-08,129.93678283691406,177.8000030517578,180.60000610351562,177.3000030517578,180.5,4857934,yfinance,False
2015-01-09,129.3521270751953,177.0,179.6999969482422,176.6999969482422,179.5,4501116,yfinance,False
2015-01-12,130.5214385986328,178.60000610351562,179.1999969482422,176.39999389648438,178.3000030517578,4731740,yfinance,False
2015-01-13,131.1060791015625,179.39999389648438,179.8000030517578,178.0,178.8000030517578,4755353,yfinance,False
2015-01-14,130.0098419189453,177.89999389648438,179.89999389648438,177.6999969482422,179.3000030517578,4054415,yfinance,False
2015-01-15,130.22909545898438,178.1999969482422,178.8000030517578,177.3000030517578,177.89999389648438,4165901,yfinance,False
2015-01-16,129.6444549560547,177.39999389648438,178.6999969482422,177.3000030517578,178.3000030517578,2603830,yfinance,False
2015-01-19,127.67130279541016,174.6999969482422,178.0,173.60000610351562,177.0,7362837,yfinance,False
2015-01-20,128.840576171875,176.3000030517578,178.3000030517578,174.0,174.0,4106882,yfinance,False
2015-01-21,129.717529296875,177.5,178.1999969482422,176.1999969482422,177.0,4054662,yfinance,False
2015-01-22,130.0098419189453,177.89999389648438,179.0,177.60000610351562,177.89999389648438,4739419,yfinance,False
2015-01-23,131.0330047607422,179.3000030517578,179.6999969482422,178.39999389648438,179.60000610351562,5399298,yfinance,False
2015-01-26,132.86000061035156,181.8000030517578,182.0,178.10000610351562,179.39999389648438,8691249,yfinance,False
2015-01-27,131.61764526367188,180.10000610351562,182.0,180.0,182.0,5476881,yfinance,False
2015-01-28,131.1060791015625,179.39999389648438,181.5,179.1999969482422,180.0,3488977,yfinance,False
2015-01-29,130.3021697998047,178.3000030517578,180.60000610351562,177.89999389648438,178.89999389648438,3584635,yfinance,False
2015-01-30,130.5214385986328,178.60000610351562,180.0,178.1999969482422,179.3000030517578,3995925,yfinance,False
2015-02-02,130.88682556152344,179.10000610351562,179.10000610351562,177.89999389648438,178.60000610351562,3329960,yfinance,False
2015-02-03,130.59449768066406,178.6999969482422,180.0,177.5,180.0,2521756,yfinance,False
2015-02-04,130.3021697998047,178.3000030517578,179.89999389648438,177.39999389648438,179.5,2507849,yfinance,False
2015-02-05,130.08290100097656,178.0,180.0,176.5,179.6999969482422,3872452,yfinance,False
2015-02-06,129.8636932373047,177.6999969482422,178.8000030517578,177.0,178.8000030517578,1607862,yfinance,False
2015-02-09,129.3521270751953,177.0,177.60000610351562,176.10000610351562,177.0,2442824,yfinance,False
2015-02-10,128.98670959472656,176.5,177.5,174.10000610351562,177.5,3627605,yfinance,False
2015-02-11,128.32904052734375,175.60000610351562,177.1999969482422,175.3000030517578,176.60000610351562,2812846,yfinance,False
2015-02-12,128.69444274902344,176.10000610351562,177.0,175.3000030517578,175.60000610351562,3137699,yfinance,False
2015-02-13,128.840576171875,176.3000030517578,176.89999389648438,175.5,176.89999389648438,2726814,yfinance,False
2015-02-16,129.13290405273438,176.6999969482422,178.0,176.5,177.0,1407702,yfinance,False
2015-02-17,129.57138061523438,177.3000030517578,178.0,176.5,177.5,1940596,yfinance,False
2015-02-18,129.42520141601562,177.10000610351562,178.1999969482422,176.89999389648438,177.5,1437927,yfinance,False
2015-02-23,129.7906494140625,177.60000610351562,178.60000610351562,176.0,178.60000610351562,2495095,yfinance,False
2015-02-24,129.717529296875,177.5,177.89999389648438,176.6999969482422,176.6999969482422,1750838,yfinance,False
2015-02-25,129.7906494140625,177.60000610351562,178.3000030517578,176.60000610351562,177.89999389648438,2935681,yfinance,False
2015-02-26,131.47146606445312,179.89999389648438,180.10000610351562,177.0,177.8000030517578,5910515,yfinance,False
2015-02-27,130.81373596191406,179.0,180.89999389648438,178.39999389648438,180.3000030517578,4127378,yfinance,False
2015-03-02,130.81373596191406,179.0,179.89999389648438,178.0,179.5,2925345,yfinance,False
2015-03-03,130.22909545898438,178.1999969482422,179.1999969482422,177.89999389648438,179.0,2573565,yfinance,False
2015-03-04,129.57138061523438,177.3000030517578,178.8000030517578,176.60000610351562,177.6999969482422,3617570,yfinance,False
2015-03-05,128.47518920898438,175.8000030517578,178.3000030517578,175.6999969482422,176.60000610351562,4880813,yfinance,False
2015-03-06,128.69444274902344,176.10000610351562,177.3000030517578,176.0,177.3000030517578,3455888,yfinance,False
2015-03-09,128.840576171875,176.3000030517578,176.89999389648438,174.89999389648438,175.0,2870676,yfinance,False
2015-03-10,128.47518920898438,175.8000030517578,177.10000610351562,175.3000030517578,177.0,2730116,yfinance,False
2015-03-11,128.1097869873047,175.3000030517578,176.89999389648438,174.5,174.5,2227305,yfinance,False
2015-03-12,128.32904052734375,175.60000610351562,176.39999389648438,175.1999969482422,176.39999389648438,2074106,yfinance,False
2015-03-13,127.9636001586914,175.10000610351562,176.8000030517578,175.0,175.5,2078448,yfinance,False
2015-03-16,127.89055633544922,175.0,175.8000030517578,174.10000610351562,175.0,2115730,yfinance,False
2015-03-17,128.1097869873047,175.3000030517578,176.39999389648438,175.0,176.39999389648438,1783375,yfinance,False
2015-03-18,128.54824829101562,175.89999389648438,176.89999389648438,174.89999389648438,175.6999969482422,2812252,yfinance,False
2015-03-19,128.91363525390625,176.39999389648438,177.0,176.0,177.0,2494869,yfinance,False
2015-03-20,129.279052734375,176.89999389648438,177.60000610351562,176.0,176.89999389648438,3099845,yfinance,False
2015-03-23,133.00616455078125,182.0,182.0,177.89999389648438,177.89999389648438,12021161,yfinance,False
2015-03-24,132.1291961669922,180.8000030517578,182.60000610351562,180.10000610351562,182.60000610351562,5629421,yfinance,False
2015-03-25,131.39840698242188,179.8000030517578,181.5,179.39999389648438,181.5,3201109,yfinance,False
2015-03-26,130.3021697998047,178.3000030517578,180.39999389648438,177.8000030517578,179.10000610351562,4501288,yfinance,False
2015-03-27,130.66758728027344,178.8000030517578,179.5,178.0,179.5,2172350,yfinance,False
2015-03-30,141.04501342773438,193.0,193.3000030517578,180.6999969482422,181.0,40986829,yfinance,False
2015-03-31,138.8526153564453,190.0,199.1999969482422,189.6999969482422,195.0,22764135,yfinance,False
2015-04-01,142.8720245361328,195.5,196.5,189.89999389648438,189.89999389648438,13171938,yfinance,False
2015-04-02,143.23739624023438,196.0,197.0,194.89999389648438,196.3000030517578,9075569,yfinance,False
2015-04-08,160.7766571044922,220.0,220.0,202.0,202.0,44637745,yfinance,False
2015-04-09,175.10043334960938,239.60000610351562,250.0,230.0,250.0,46069230,yfinance,False
2015-04-10,181.97000122070312,249.0,249.39999389648438,236.0,245.0,32113967,yfinance,False
2015-04-13,217.04855346679688,297.0,300.0,250.39999389648438,251.0,67789083,yfinance,False
2015-04-14,208.71734619140625,285.6000061035156,297.3999938964844,282.0,288.3999938964844,42061860,yfinance,False
2015-04-15,208.4250946044922,285.20001220703125,294.79998779296875,283.0,283.0,23069198,yfinance,False
2015-04-16,209.30198669433594,286.3999938964844,291.6000061035156,278.3999938964844,289.0,29487374,yfinance,False
2015-04-17,207.25575256347656,283.6000061035156,288.6000061035156,283.20001220703125,286.6000061035156,14161421,yfinance,False
2015-04-20,199.2169647216797,272.6000061035156,288.3999938964844,267.79998779296875,288.0,28532345,yfinance,False
2015-04-21,209.4481201171875,286.6000061035156,289.3999938964844,276.0,276.0,20088030,yfinance,False
2015-04-22,215.1483612060547,294.3999938964844,295.6000061035156,283.79998779296875,287.6000061035156,19267845,yfinance,False
2015-04-23,216.9022979736328,296.79998779296875,305.6000061035156,295.0,297.0,22520776,yfinance,False
2015-04-24,216.3177032470703,296.0,300.6000061035156,286.3999938964844,294.0,17570273,yfinance,False
2015-04-27,218.2178192138672,298.6000061035156,303.0,296.6000061035156,297.20001220703125,14411805,yfinance,False
2015-04-28,217.63314819335938,297.79998779296875,299.79998779296875,295.6000061035156,298.0,7069302,yfinance,False
2015-04-29,214.56378173828125,293.6000061035156,298.0,292.20001220703125,297.6000061035156,11462966,yfinance,False
2015-04-30,216.75621032714844,296.6000061035156,301.3999938964844,292.0,293.3999938964844,12308554,yfinance,False
2015-05-04,216.4248809814453,294.0,299.79998779296875,293.0,297.0,8834064,yfinance,False
2015-05-05,212.89144897460938,289.20001220703125,296.3999938964844,285.6000061035156,296.0,15219822,yfinance,False
2015-05-06,210.53579711914062,286.0,292.6000061035156,285.0,287.0,12157975,yfinance,False
2015-05-07,206.2662353515625,280.20001220703125,286.0,278.6000061035156,285.79998779296875,17100212,yfinance,False
2015-05-08,208.91627502441406,283.79998779296875,285.79998779296875,281.0,284.3999938964844,9549940,yfinance,False
2015-05-11,212.89144897460938,289.20001220703125,290.20001220703125,284.0,287.0,8546540,yfinance,False
2015-05-12,209.0635986328125,284.0,289.3999938964844,283.6000061035156,286.0,8437670,yfinance,False
2015-05-13,205.235595703125,278.79998779296875,285.6000061035156,278.6000061035156,285.0,13319804,yfinance,False
2015-05-14,203.02716064453125,275.79998779296875,278.79998779296875,274.3999938964844,278.79998779296875,12054370,yfinance,False
2015-05-15,213.18588256835938,289.6000061035156,292.0,276.0,278.79998779296875,17893423,yfinance,False
2015-05-18,210.83029174804688,286.3999938964844,287.0,283.0,286.0,7237508,yfinance,False
2015-05-19,212.5970001220703,288.79998779296875,290.79998779296875,284.6000061035156,287.3999938964844,8719623,yfinance,False
2015-05-20,212.30252075195312,288.3999938964844,291.79998779296875,286.3999938964844,288.0,7217203,yfinance,False
2015-05-21,212.4497833251953,288.6000061035156,290.20001220703125,286.3999938964844,290.0,4914541,yfinance,False
2015-05-22,216.1304473876953,293.6000061035156,294.6000061035156,289.0,290.0,12763507,yfinance,False
2015-05-26,227.76150512695312,309.3999938964844,311.3999938964844,302.3999938964844,311.0,23640738,yfinance,False
2015-05-27,225.111328125,305.79998779296875,308.79998779296875,304.20001220703125,308.0,12982053,yfinance,False
2015-05-28,220.989013671875,300.20001220703125,309.0,295.79998779296875,309.0,19176637,yfinance,False
2015-05-29,219.6638946533203,298.3999938964844,300.0,291.3999938964844,298.0,11469511,yfinance,False
2015-06-01,222.31407165527344,302.0,303.20001220703125,295.20001220703125,297.79998779296875,9982667,yfinance,False
2015-06-02,218.48606872558594,296.79998779296875,301.3999938964844,294.20001220703125,300.0,8180001,yfinance,False
2015-06-03,216.7193145751953,294.3999938964844,299.0,294.20001220703125,298.6000061035156,6162885,yfinance,False
2015-06-04,216.4248809814453,294.0,297.79998779296875,291.0,294.0,8494489,yfinance,False
2015-06-05,214.95265197753906,292.0,295.6000061035156,291.0,294.0,5764547,yfinance,False
2015-06-08,216.1304473876953,293.6000061035156,297.0,291.79998779296875,295.0,6804633,yfinance,False
2015-06-09,212.89144897460938,289.20001220703125,294.6000061035156,287.0,294.20001220703125,9060904,yfinance,False
2015-06-10,210.24131774902344,285.6000061035156,292.0,282.3999938964844,292.0,8687177,yfinance,False
2015-06-11,210.6830291748047,286.20001220703125,289.20001220703125,285.6000061035156,287.6000061035156,4913812,yfinance,False
2015-06-12,218.3389129638672,296.6000061035156,298.0,285.3999938964844,287.3999938964844,11101697,yfinance,False
2015-06-15,211.713623046875,287.6000061035156,293.6000061035156,287.0,291.79998779296875,7453363,yfinance,False
2015-06-16,208.32736206054688,283.0,292.0,281.3999938964844,284.79998779296875,11122422,yfinance,False
2015-06-17,210.09408569335938,285.3999938964844,290.0,283.6000061035156,284.3999938964844,7058421,yfinance,False
2015-06-18,208.76910400390625,283.6000061035156,289.6000061035156,283.20001220703125,285.0,6851691,yfinance,False
2015-06-19,208.47462463378906,283.20001220703125,287.6000061035156,283.0,286.3999938964844,6555592,yfinance,False
2015-06-22,208.76910400390625,283.6000061035156,285.3999938964844,280.20001220703125,283.6000061035156,7169881,yfinance,False
2015-06-23,210.9774932861328,286.6000061035156,287.6000061035156,283.0,285.0,7227897,yfinance,False
2015-06-24,211.12472534179688,286.79998779296875,288.79998779296875,285.6000061035156,286.79998779296875,3536153,yfinance,False
2015-06-25,210.53579711914062,286.0,288.79998779296875,284.79998779296875,286.6000061035156,3966099,yfinance,False
2015-06-26,209.21075439453125,284.20001220703125,287.0,281.3999938964844,284.0,8601157,yfinance,False
2015-06-29,202.4382781982422,275.0,283.6000061035156,263.3999938964844,281.79998779296875,26727990,yfinance,False
2015-06-30,201.40769958496094,273.6000061035156,280.20001220703125,269.3999938964844,273.3999938964844,19738632,yfinance,False
2015-07-02,197.7270050048828,268.6000061035156,276.0,267.0,276.0,15808379,yfinance,False
2015-07-03,191.24896240234375,259.79998779296875,269.0,256.6000061035156,268.79998779296875,20255226,yfinance,False
2015-07-06,172.9927215576172,235.0,261.79998779296875,223.0,261.0,53285123,yfinance,False
2015-07-07,163.4228973388672,222.0,237.8000030517578,218.39999389648438,237.1999969482422,38001748,yfinance,False
2015-07-08,149.73068237304688,203.39999389648438,219.39999389648438,196.0,207.0,48558167,yfinance,False
2015-07-09,171.96214294433594,233.60000610351562,233.8000030517578,204.1999969482422,207.39999389648438,37835907,yfinance,False
2015-07-10,176.08450317382812,239.1999969482422,244.8000030517578,233.8000030517578,235.39999389648438,23299920,yfinance,False
2015-07-13,176.37896728515625,239.60000610351562,240.8000030517578,230.1999969482422,240.0,14710329,yfinance,False
2015-07-14,171.96214294433594,233.60000610351562,241.0,230.60000610351562,240.0,11081436,yfinance,False
2015-07-15,167.8397674560547,228.0,235.39999389648438,225.60000610351562,233.8000030517578,7876901,yfinance,False
2015-07-16,170.78428649902344,232.0,232.1999969482422,225.0,225.60000610351562,5812310,yfinance,False
2015-07-17,172.69825744628906,234.60000610351562,239.1999969482422,231.0,232.8000030517578,6724130,yfinance,False
2015-07-20,170.19534301757812,231.1999969482422,236.8000030517578,229.39999389648438,235.0,5085987,yfinance,False
2015-07-21,168.1342010498047,228.39999389648438,232.39999389648438,228.0,229.8000030517578,5220923,yfinance,False
2015-07-22,163.5701446533203,222.1999969482422,227.60000610351562,220.0,225.0,9123574,yfinance,False
2015-07-23,163.71737670898438,222.39999389648438,222.60000610351562,218.8000030517578,220.0,6417983,yfinance,False
2015-07-24,161.95065307617188,220.0,222.0,219.1999969482422,221.0,5370652,yfinance,False
2015-07-27,154.00030517578125,209.1999969482422,217.0,208.0,216.39999389648438,13563368,yfinance,False
2015-07-28,155.47259521484375,211.1999969482422,218.8000030517578,205.39999389648438,209.1999969482422,11305182,yfinance,False
2015-07-29,156.7976531982422,213.0,215.8000030517578,209.1999969482422,212.39999389648438,7374985,yfinance,False
2015-07-30,154.73646545410156,210.1999969482422,217.0,210.0,214.8000030517578,7320974,yfinance,False
2015-07-31,154.73646545410156,210.1999969482422,213.1999969482422,209.60000610351562,213.1999969482422,4975680,yfinance,False
2015-08-03,151.93914794921875,206.39999389648438,210.39999389648438,205.39999389648438,209.0,4594772,yfinance,False
2015-08-04,152.822509765625,207.60000610351562,209.0,203.60000610351562,206.0,4868475,yfinance,False
2015-08-05,152.08636474609375,206.60000610351562,208.8000030517578,205.39999389648438,206.0,3571910,yfinance,False
2015-08-06,151.0557861328125,205.1999969482422,207.0,203.60000610351562,207.0,3394574,yfinance,False
2015-08-07,156.20872497558594,212.1999969482422,212.60000610351562,204.0,204.8000030517578,6494123,yfinance,False
2015-08-10,160.62557983398438,218.1999969482422,218.60000610351562,207.60000610351562,210.0,7900625,yfinance,False
2015-08-11,159.00607299804688,216.0,224.0,214.60000610351562,219.8000030517578,8567885,yfinance,False
2015-08-12,152.3808135986328,207.0,214.0,206.1999969482422,213.0,12805318,yfinance,False
2015-08-13,151.4974365234375,205.8000030517578,209.39999389648438,203.60000610351562,206.0,8777306,yfinance,False
2015-08-14,152.9696807861328,207.8000030517578,208.0,206.0,207.0,2486545,yfinance,False
2015-08-17,151.20297241210938,205.39999389648438,208.39999389648438,205.0,208.1999969482422,3214166,yfinance,False
2015-08-18,149.43626403808594,203.0,207.8000030517578,202.39999389648438,206.39999389648438,5061131,yfinance,False
2015-08-19,147.5222930908203,200.39999389648438,203.1999969482422,199.60000610351562,202.0,8553648,yfinance,False
2015-08-20,144.06243896484375,195.6999969482422,199.1999969482422,195.0,198.89999389648438,11011498,yfinance,False
2015-08-21,141.26512145996094,191.89999389648438,194.5,188.0,190.0,16018245,yfinance,False
2015-08-24,131.2536163330078,178.3000030517578,182.5,178.0,181.0,23489938,yfinance,False
2015-08-25,134.83419799804688,180.0,186.5,174.0,176.8000030517578,20081753,yfinance,False
2015-08-26,133.7106170654297,178.5,184.89999389648438,175.1999969482422,180.60000610351562,13626670,yfinance,False
2015-08-27,139.47853088378906,186.1999969482422,187.1999969482422,181.3000030517578,186.1999969482422,12742484,yfinance,False
2015-08-28,137.75564575195312,183.89999389648438,189.89999389648438,183.39999389648438,188.89999389648438,9522575,yfinance,False
2015-08-31,136.4822235107422,182.1999969482422,185.0,180.6999969482422,183.0,5806589,yfinance,False
2015-09-01,134.83419799804688,180.0,181.89999389648438,179.60000610351562,181.39999389648438,5595288,yfinance,False
2015-09-02,132.88658142089844,177.39999389648438,182.89999389648438,176.8000030517578,179.39999389648438,8452608,yfinance,False
2015-09-04,131.76300048828125,175.89999389648438,180.1999969482422,175.6999969482422,180.1999969482422,6158347,yfinance,False
2015-09-07,131.16372680664062,175.10000610351562,179.6999969482422,175.0,175.0,5282954,yfinance,False
2015-09-08,137.2312774658203,183.1999969482422,183.6999969482422,174.3000030517578,175.1999969482422,8192936,yfinance,False
2015-09-09,142.2500762939453,189.89999389648438,190.6999969482422,184.5,185.1999969482422,13242499,yfinance,False
2015-09-10,139.17889404296875,185.8000030517578,187.8000030517578,184.0,185.0,5182305,yfinance,False
2015-09-11,139.5534210205078,186.3000030517578,189.6999969482422,186.0,186.60000610351562,5346155,yfinance,False
2015-09-14,138.50474548339844,184.89999389648438,188.0,183.3000030517578,186.89999389648438,3278257,yfinance,False
2015-09-15,136.25746154785156,181.89999389648438,185.6999969482422,181.5,183.89999389648438,4967198,yfinance,False
2015-09-16,139.92791748046875,186.8000030517578,188.0,183.60000610351562,184.8000030517578,7685628,yfinance,False
2015-09-17,140.0777587890625,187.0,190.3000030517578,186.0,188.89999389648438,8094735,yfinance,False
2015-09-18,140.45228576660156,187.5,188.60000610351562,186.0,186.10000610351562,4574759,yfinance,False
2015-09-21,139.62828063964844,186.39999389648438,188.5,184.89999389648438,185.5,2884813,yfinance,False
2015-09-22,139.3286895751953,186.0,189.10000610351562,186.0,186.39999389648438,3879193,yfinance,False
2015-09-23,137.68072509765625,183.8000030517578,186.5,180.0,185.0,7726031,yfinance,False
2015-09-24,136.25746154785156,181.89999389648438,184.8000030517578,181.0,184.5,3500606,yfinance,False
2015-09-25,136.03273010253906,181.60000610351562,183.0,180.3000030517578,181.8000030517578,3859923,yfinance,False
2015-09-29,133.11131286621094,177.6999969482422,177.6999969482422,175.0,177.60000610351562,9539726,yfinance,False
2015-09-30,132.43719482421875,176.8000030517578,179.6999969482422,176.10000610351562,178.0,5894777,yfinance,False
2015-10-02,138.13014221191406,184.39999389648438,184.89999389648438,177.60000610351562,178.0,8333890,yfinance,False
2015-10-05,139.85305786132812,186.6999969482422,189.39999389648438,186.0,188.1999969482422,5425052,yfinance,False
2015-10-06,139.70321655273438,186.5,189.1999969482422,185.10000610351562,189.0,3456205,yfinance,False
2015-10-07,145.9205780029297,194.8000030517578,195.3000030517578,185.5,186.1999969482422,12946295,yfinance,False
2015-10-08,144.6471710205078,193.10000610351562,194.6999969482422,191.0,194.6999969482422,6575942,yfinance,False
2015-10-09,145.1715087890625,193.8000030517578,199.0,193.1999969482422,195.10000610351562,9057346,yfinance,False
2015-10-12,149.44126892089844,199.5,199.60000610351562,194.3000030517578,195.1999969482422,9071766,yfinance,False
2015-10-13,148.46742248535156,198.1999969482422,200.0,197.1999969482422,198.0,5960531,yfinance,False
2015-10-14,147.34384155273438,196.6999969482422,198.3000030517578,195.6999969482422,196.10000610351562,4992784,yfinance,False
2015-10-15,153.8607940673828,205.39999389648438,205.60000610351562,196.8000030517578,198.0,11538309,yfinance,False
2015-10-16,154.6099395751953,206.39999389648438,210.8000030517578,203.8000030517578,206.60000610351562,7747505,yfinance,False
2015-10-19,153.8607940673828,205.39999389648438,207.39999389648438,203.39999389648438,207.0,4633296,yfinance,False
2015-10-20,152.0630340576172,203.0,205.1999969482422,201.60000610351562,204.0,4875609,yfinance,False
2015-10-22,152.51246643066406,203.60000610351562,205.1999969482422,200.1999969482422,201.0,4051672,yfinance,False
2015-10-23,153.8607940673828,205.39999389648438,208.60000610351562,205.0,207.39999389648438,4068842,yfinance,False
2015-10-26,153.1117401123047,204.39999389648438,207.0,203.60000610351562,207.0,4176261,yfinance,False
2015-10-27,153.4114227294922,204.8000030517578,205.0,202.8000030517578,203.60000610351562,4170970,yfinance,False
2015-10-28,152.51246643066406,203.60000610351562,205.60000610351562,203.0,205.0,3463842,yfinance,False
2015-10-29,153.1117401123047,204.39999389648438,205.8000030517578,202.1999969482422,205.0,3187269,yfinance,False
2015-10-30,152.66232299804688,203.8000030517578,205.0,202.60000610351562,203.39999389648438,3346108,yfinance,False
2015-11-02,148.9169158935547,198.8000030517578,204.0,198.5,201.0,4998864,yfinance,False
2015-11-03,149.66598510742188,199.8000030517578,202.39999389648438,199.39999389648438,201.0,3143537,yfinance,False
2015-11-04,156.70730590820312,209.1999969482422,218.0,200.39999389648438,201.60000610351562,30159110,yfinance,False
2015-11-05,157.15673828125,209.8000030517578,211.8000030517578,208.39999389648438,208.8000030517578,6823428,yfinance,False
2015-11-06,159.1043701171875,212.39999389648438,212.60000610351562,208.1999969482422,210.0,6439010,yfinance,False
2015-11-09,159.2541961669922,212.60000610351562,219.39999389648438,210.1999969482422,211.0,8329740,yfinance,False
2015-11-10,158.8047637939453,212.0,217.8000030517578,208.1999969482422,210.0,7159010,yfinance,False
2015-11-11,157.15673828125,209.8000030517578,213.1999969482422,208.39999389648438,212.0,7612480,yfinance,False
2015-11-12,160.153076171875,213.8000030517578,214.60000610351562,209.39999389648438,212.0,6198922,yfinance,False
2015-11-13,157.60618591308594,210.39999389648438,212.8000030517578,209.39999389648438,211.60000610351562,3906634,yfinance,False
2015-11-16,155.05934143066406,207.0,209.0,205.39999389648438,206.0,4787856,yfinance,False
2015-11-17,156.25787353515625,208.60000610351562,212.39999389648438,208.1999969482422,209.8000030517578,3532605,yfinance,False
2015-11-18,153.71104431152344,205.1999969482422,209.60000610351562,205.0,209.0,3672939,yfinance,False
2015-11-19,155.8083953857422,208.0,209.0,206.8000030517578,208.0,2620186,yfinance,False
2015-11-20,157.90585327148438,210.8000030517578,211.0,207.8000030517578,208.8000030517578,2735779,yfinance,False
2015-11-23,157.60618591308594,210.39999389648438,214.1999969482422,209.0,210.60000610351562,3811415,yfinance,False
2015-11-24,157.90585327148438,210.8000030517578,212.1999969482422,208.39999389648438,209.39999389648438,3344867,yfinance,False
2015-11-25,157.30662536621094,210.0,211.8000030517578,208.8000030517578,210.39999389648438,3475082,yfinance,False
2015-11-26,156.55751037597656,209.0,213.8000030517578,208.39999389648438,210.60000610351562,3732336,yfinance,False
2015-11-27,152.66232299804688,203.8000030517578,209.0,203.39999389648438,209.0,7884737,yfinance,False
2015-11-30,151.31398010253906,202.0,206.39999389648438,201.60000610351562,202.8000030517578,4252008,yfinance,False
2015-12-01,152.81211853027344,204.0,204.39999389648438,200.0,203.0,7776016,yfinance,False
2015-12-02,154.75973510742188,206.60000610351562,208.39999389648438,203.60000610351562,205.60000610351562,5468729,yfinance,False
2015-12-03,154.9095458984375,206.8000030517578,207.1999969482422,205.60000610351562,206.39999389648438,2572364,yfinance,False
2015-12-04,154.31027221679688,206.0,206.1999969482422,203.8000030517578,204.0,3597553,yfinance,False
2015-12-07,154.46006774902344,206.1999969482422,209.0,206.0,208.0,3511226,yfinance,False
2015-12-08,152.51246643066406,203.60000610351562,206.39999389648438,201.60000610351562,206.0,5854839,yfinance,False
2015-12-09,148.5423583984375,198.3000030517578,202.60000610351562,198.1999969482422,202.0,8637177,yfinance,False
2015-12-10,148.76708984375,198.60000610351562,201.60000610351562,197.0,197.0,3430321,yfinance,False
2015-12-11,145.47113037109375,194.1999969482422,200.39999389648438,193.1999969482422,200.1999969482422,7579555,yfinance,False
2015-12-14,146.51986694335938,195.60000610351562,196.0,189.0,189.39999389648438,5644282,yfinance,False
2015-12-15,146.29513549804688,195.3000030517578,196.6999969482422,193.10000610351562,194.5,3312663,yfinance,False
2015-12-16,149.3663330078125,199.39999389648438,199.6999969482422,197.1999969482422,198.0,3716672,yfinance,False
2015-12-17,150.41505432128906,200.8000030517578,202.0,199.39999389648438,200.0,4423871,yfinance,False
2015-12-18,148.9918212890625,198.89999389648438,202.1999969482422,198.39999389648438,198.6999969482422,3831667,yfinance,False
2015-12-21,150.56488037109375,201.0,201.39999389648438,198.0,198.60000610351562,2621086,yfinance,False
2015-12-22,149.8157958984375,200.0,202.0,198.8000030517578,202.0,2032041,yfinance,False
2015-12-23,151.91319274902344,202.8000030517578,203.1999969482422,199.6999969482422,199.6999969482422,3840250,yfinance,False
2015-12-24,152.21286010742188,203.1999969482422,203.60000610351562,201.8000030517578,203.39999389648438,1162091,yfinance,False
2015-12-28,150.11541748046875,200.39999389648438,203.1999969482422,200.0,203.0,2036866,yfinance,False
2015-12-29,149.9656219482422,200.1999969482422,201.60000610351562,199.5,200.39999389648438,2264822,yfinance,False
2015-12-30,149.29148864746094,199.3000030517578,201.60000610351562,199.1999969482422,201.39999389648438,2291832,yfinance,False
2015-12-31,148.69216918945312,198.5,199.8000030517578,198.0,199.5,1879965,yfinance,False
2016-01-04,144.4224395751953,192.8000030517578,198.6999969482422,190.10000610351562,197.60000610351562,8251080,yfinance,False
2016-01-05,143.59844970703125,191.6999969482422,193.5,189.5,191.5,5731915,yfinance,False
2016-01-06,142.39990234375,190.10000610351562,193.0,189.60000610351562,191.39999389648438,3396137,yfinance,False
2016-01-07,137.9054412841797,184.10000610351562,190.0,183.10000610351562,189.0,10139943,yfinance,False
2016-01-08,139.70321655273438,186.5,188.60000610351562,185.0,185.0,7026191,yfinance,False
2016-01-11,136.40728759765625,182.10000610351562,184.39999389648438,181.5,181.5,5351904,yfinance,False
2016-01-12,134.53456115722656,179.60000610351562,183.89999389648438,178.6999969482422,182.60000610351562,5658817,yfinance,False
2016-01-13,134.68438720703125,179.8000030517578,183.5,179.10000610351562,182.1999969482422,5487906,yfinance,False
2016-01-14,134.68438720703125,179.8000030517578,180.0,174.8000030517578,176.3000030517578,7316400,yfinance,False
2016-01-15,131.38845825195312,175.39999389648438,179.89999389648438,175.10000610351562,178.8000030517578,6759534,yfinance,False
2016-01-18,129.2161407470703,172.5,174.6999969482422,172.10000610351562,173.60000610351562,6533742,yfinance,False
2016-01-19,132.661865234375,177.10000610351562,177.1999969482422,168.0,172.0,14590869,yfinance,False
2016-01-20,125.92019653320312,168.10000610351562,173.8000030517578,168.0,173.8000030517578,12947109,yfinance,False
2016-01-21,121.72534942626953,162.5,171.5,161.1999969482422,169.10000610351562,11923410,yfinance,False
2016-01-22,124.42198944091797,166.10000610351562,167.60000610351562,160.10000610351562,166.1999969482422,10626060,yfinance,False
2016-01-25,126.51944732666016,168.89999389648438,170.1999969482422,167.3000030517578,168.8000030517578,7651408,yfinance,False
2016-01-26,122.17479705810547,163.10000610351562,166.8000030517578,161.6999969482422,166.5,9449945,yfinance,False
2016-01-27,121.20098114013672,161.8000030517578,166.10000610351562,161.3000030517578,165.6999969482422,5831717,yfinance,False
2016-01-28,121.5006103515625,162.1999969482422,163.8000030517578,160.10000610351562,163.0,6831965,yfinance,False
2016-01-29,127.568115234375,170.3000030517578,170.89999389648438,161.5,161.60000610351562,10008762,yfinance,False
2016-02-01,125.92019653320312,168.10000610351562,170.0,166.60000610351562,170.0,5423284,yfinance,False
2016-02-02,126.21980285644531,168.5,170.1999969482422,166.6999969482422,167.39999389648438,3036735,yfinance,False
2016-02-03,124.49690246582031,166.1999969482422,166.8000030517578,163.3000030517578,166.0,4686809,yfinance,False
2016-02-04,123.97257995605469,165.5,168.5,164.5,167.1999969482422,4848900,yfinance,False
2016-02-05,125.09619140625,167.0,168.0,165.60000610351562,167.0,3218729,yfinance,False
2016-02-11,122.24968719482422,163.1999969482422,164.6999969482422,161.89999389648438,162.0,5928638,yfinance,False
2016-02-12,122.0998764038086,163.0,164.3000030517578,161.1999969482422,162.0,4103231,yfinance,False
2016-02-15,125.47074890136719,167.5,168.8000030517578,165.5,166.10000610351562,5381943,yfinance,False
2016-02-16,126.59436798095703,169.0,170.8000030517578,167.89999389648438,168.0,5838122,yfinance,False
2016-02-17,126.6692886352539,169.10000610351562,170.5,166.6999969482422,169.39999389648438,4798729,yfinance,False
2016-02-18,128.09249877929688,171.0,172.5,170.39999389648438,171.6999969482422,5416817,yfinance,False
2016-02-19,128.24232482910156,171.1999969482422,171.8000030517578,170.0,170.5,2315228,yfinance,False
2016-02-22,130.114990234375,173.6999969482422,174.39999389648438,171.3000030517578,172.3000030517578,3514891,yfinance,False
2016-02-23,129.81539916992188,173.3000030517578,174.89999389648438,172.60000610351562,173.6999969482422,2705318,yfinance,False
2016-02-24,129.06631469726562,172.3000030517578,174.0,170.3000030517578,173.0,3471269,yfinance,False
2016-02-25,126.07000732421875,168.3000030517578,172.8000030517578,167.6999969482422,172.5,4431337,yfinance,False
2016-02-26,129.81539916992188,173.3000030517578,174.3000030517578,170.0,170.8000030517578,5014659,yfinance,False
2016-02-29,126.51944732666016,168.89999389648438,173.1999969482422,167.3000030517578,173.0,5752339,yfinance,False
2016-03-01,126.6692886352539,169.10000610351562,169.89999389648438,167.0,169.8000030517578,4150917,yfinance,False
2016-03-02,131.08883666992188,175.0,176.6999969482422,171.3000030517578,171.5,10838966,yfinance,False
2016-03-03,129.81539916992188,173.3000030517578,175.39999389648438,171.1999969482422,175.0,6411405,yfinance,False
2016-03-04,131.08883666992188,175.0,175.0,171.8000030517578,173.5,5356911,yfinance,False
2016-03-07,129.66558837890625,173.10000610351562,176.6999969482422,172.89999389648438,175.0,6629171,yfinance,False
2016-03-08,128.99139404296875,172.1999969482422,174.10000610351562,171.60000610351562,174.0,3827549,yfinance,False
2016-03-09,128.61685180664062,171.6999969482422,172.5,170.10000610351562,171.8000030517578,3910483,yfinance,False
2016-03-10,128.09249877929688,171.0,172.89999389648438,170.1999969482422,172.1999969482422,2897844,yfinance,False
2016-03-11,129.44085693359375,172.8000030517578,174.10000610351562,169.5,170.39999389648438,3890339,yfinance,False
2016-03-14,131.4633331298828,175.5,176.5,173.1999969482422,174.0,6492492,yfinance,False
2016-03-15,130.564453125,174.3000030517578,175.3000030517578,173.1999969482422,174.8000030517578,2128265,yfinance,False
2016-03-16,130.18994140625,173.8000030517578,175.10000610351562,172.10000610351562,174.3000030517578,2661607,yfinance,False
2016-03-17,131.23866271972656,175.1999969482422,176.0,173.89999389648438,175.89999389648438,4882962,yfinance,False
2016-03-18,131.53831481933594,175.60000610351562,176.60000610351562,174.3000030517578,175.89999389648438,6546182,yfinance,False
2016-03-21,138.8792266845703,185.39999389648438,185.6999969482422,176.6999969482422,177.0,18817496,yfinance,False
2016-03-22,139.47853088378906,186.1999969482422,187.60000610351562,183.89999389648438,186.6999969482422,8219909,yfinance,False
2016-03-23,138.13014221191406,184.39999389648438,187.3000030517578,183.10000610351562,186.10000610351562,5485400,yfinance,False
2016-03-24,136.4822235107422,182.1999969482422,184.89999389648438,181.10000610351562,182.10000610351562,4572049,yfinance,False
2016-03-29,136.25746154785156,181.89999389648438,183.89999389648438,180.6999969482422,182.1999969482422,2657013,yfinance,False
2016-03-30,139.5534210205078,186.3000030517578,186.60000610351562,183.6999969482422,184.60000610351562,5445434,yfinance,False
2016-03-31,139.92791748046875,186.8000030517578,187.5,185.6999969482422,186.60000610351562,4912648,yfinance,False
2016-04-01,137.9803466796875,184.1999969482422,186.60000610351562,183.39999389648438,186.1999969482422,5309787,yfinance,False
2016-04-05,136.25746154785156,181.89999389648438,183.89999389648438,181.10000610351562,182.8000030517578,6545019,yfinance,False
2016-04-06,136.78184509277344,182.60000610351562,183.6999969482422,181.10000610351562,181.60000610351562,3247861,yfinance,False
2016-04-07,138.7293701171875,185.1999969482422,185.5,182.39999389648438,183.10000610351562,4052419,yfinance,False
2016-04-08,139.029052734375,185.60000610351562,186.0,182.60000610351562,183.39999389648438,4291684,yfinance,False
2016-04-11,140.22755432128906,187.1999969482422,188.39999389648438,184.10000610351562,184.60000610351562,4568234,yfinance,False
2016-04-12,140.82688903808594,188.0,188.89999389648438,186.10000610351562,187.3000030517578,3480987,yfinance,False
2016-04-13,145.09661865234375,193.6999969482422,193.8000030517578,189.0,189.0,9753008,yfinance,False
2016-04-14,145.24644470214844,193.89999389648438,196.0,193.0,195.0,6732035,yfinance,False
2016-04-15,144.4224395751953,192.8000030517578,194.1999969482422,192.0,193.0,2743247,yfinance,False
2016-04-18,144.34751892089844,192.6999969482422,192.8000030517578,190.0,191.0,3319879,yfinance,False
2016-04-19,146.81947326660156,196.0,197.0,194.1999969482422,195.0,4557151,yfinance,False
2016-04-20,146.81947326660156,196.0,197.1999969482422,193.0,196.0,6014544,yfinance,False
2016-04-21,150.56488037109375,201.0,202.0,196.0,197.5,10833222,yfinance,False
2016-04-22,152.81211853027344,204.0,205.39999389648438,198.1999969482422,199.10000610351562,8632848,yfinance,False
2016-04-25,149.591064453125,199.6999969482422,205.39999389648438,199.6999969482422,202.1999969482422,8164012,yfinance,False
2016-04-26,150.11541748046875,200.39999389648438,202.0,196.6999969482422,200.8000030517578,6912410,yfinance,False
2016-04-27,149.21652221679688,199.1999969482422,200.60000610351562,198.1999969482422,200.39999389648438,3005514,yfinance,False
2016-04-28,148.46742248535156,198.1999969482422,202.1999969482422,197.10000610351562,202.0,4867846,yfinance,False
2016-04-29,147.04420471191406,196.3000030517578,198.60000610351562,195.8000030517578,198.0,5074067,yfinance,False
2016-05-03,142.53622436523438,187.5,194.39999389648438,187.39999389648438,194.1999969482422,9219772,yfinance,False
2016-05-04,142.53622436523438,187.5,188.0,184.0,187.0,5893278,yfinance,False
2016-05-05,143.2204132080078,188.39999389648438,191.1999969482422,186.0,186.5,5732230,yfinance,False
2016-05-06,140.5597686767578,184.89999389648438,188.39999389648438,183.89999389648438,187.8000030517578,6685404,yfinance,False
2016-05-09,140.40771484375,184.6999969482422,187.10000610351562,183.89999389648438,186.5,2961436,yfinance,False
2016-05-10,141.24392700195312,185.8000030517578,186.89999389648438,183.39999389648438,183.39999389648438,3630144,yfinance,False
2016-05-11,141.24392700195312,185.8000030517578,187.5,184.1999969482422,187.0,4973611,yfinance,False
2016-05-12,138.0511016845703,181.60000610351562,185.0,181.3000030517578,185.0,7177371,yfinance,False
2016-05-13,136.45472717285156,179.5,181.5,178.0,181.0,7012784,yfinance,False
2016-05-16,136.60675048828125,179.6999969482422,184.60000610351562,178.5,179.0,6520138,yfinance,False
2016-05-17,139.0393829345703,182.89999389648438,183.39999389648438,179.8000030517578,179.8000030517578,4841603,yfinance,False
2016-05-18,136.7587890625,179.89999389648438,181.6999969482422,178.5,180.6999969482422,5099697,yfinance,False
2016-05-19,135.08633422851562,177.6999969482422,179.89999389648438,176.8000030517578,178.60000610351562,5687039,yfinance,False
2016-05-20,135.39044189453125,178.10000610351562,180.0,177.0,177.0,3881213,yfinance,False
2016-05-23,134.85826110839844,177.39999389648438,179.10000610351562,176.89999389648438,176.89999389648438,2650160,yfinance,False
2016-05-24,134.0980987548828,176.39999389648438,177.39999389648438,175.1999969482422,176.6999969482422,3422700,yfinance,False
2016-05-25,135.84654235839844,178.6999969482422,180.10000610351562,178.5,178.8000030517578,4306573,yfinance,False
2016-05-26,135.6184844970703,178.39999389648438,179.89999389648438,177.3000030517578,179.5,2505985,yfinance,False
2016-05-27,138.58323669433594,182.3000030517578,182.39999389648438,177.89999389648438,178.39999389648438,6053509,yfinance,False
2016-05-30,139.19142150878906,183.10000610351562,184.5,181.1999969482422,181.60000610351562,5483558,yfinance,False
2016-05-31,141.39599609375,186.0,188.8000030517578,182.8000030517578,183.10000610351562,9403895,yfinance,False
2016-06-01,141.16790771484375,185.6999969482422,188.60000610351562,185.5,186.0,4208196,yfinance,False
2016-06-02,143.06842041015625,188.1999969482422,188.39999389648438,185.89999389648438,186.3000030517578,4345800,yfinance,False
2016-06-03,144.436767578125,190.0,191.39999389648438,189.10000610351562,189.5,6121838,yfinance,False
2016-06-06,145.7290802001953,191.6999969482422,192.5,189.60000610351562,190.10000610351562,5044657,yfinance,False
2016-06-07,147.4014892578125,193.89999389648438,194.39999389648438,192.3000030517578,193.0,6593590,yfinance,False
2016-06-08,145.57704162597656,191.5,194.1999969482422,190.3000030517578,194.1999969482422,4127110,yfinance,False
2016-06-10,142.0801239013672,186.89999389648438,192.0,186.5,191.5,6797156,yfinance,False
2016-06-13,139.41946411132812,183.39999389648438,185.5,181.89999389648438,185.0,5720205,yfinance,False
2016-06-14,139.34347534179688,183.3000030517578,184.6999969482422,182.5,184.0,4355974,yfinance,False
2016-06-15,137.97509765625,181.5,182.0,177.0,180.0,9302481,yfinance,False
2016-06-16,135.99859619140625,178.89999389648438,180.3000030517578,178.0,180.0,6488891,yfinance,False
2016-06-17,136.22666931152344,179.1999969482422,181.6999969482422,179.0,181.0,3901037,yfinance,False
2016-06-20,138.43121337890625,182.10000610351562,183.39999389648438,180.5,181.60000610351562,4145438,yfinance,False
2016-06-21,138.96334838867188,182.8000030517578,185.6999969482422,182.1999969482422,182.5,3724690,yfinance,False
2016-06-22,141.6240234375,186.3000030517578,187.1999969482422,182.1999969482422,183.5,6828343,yfinance,False
2016-06-23,141.39599609375,186.0,187.3000030517578,185.5,187.0,3674248,yfinance,False
2016-06-24,138.88734436035156,182.6999969482422,187.0,175.0,182.0,15874439,yfinance,False
2016-06-27,140.17962646484375,184.39999389648438,185.39999389648438,179.5,179.8000030517578,7581458,yfinance,False
2016-06-28,140.1036376953125,184.3000030517578,184.39999389648438,182.1999969482422,183.0,5146638,yfinance,False
2016-06-29,141.70001220703125,186.39999389648438,187.8000030517578,184.3000030517578,184.5,6758311,yfinance,False
2016-06-30,142.61228942871094,187.60000610351562,188.8000030517578,186.6999969482422,187.5,7857923,yfinance,False
2016-07-04,142.61228942871094,187.60000610351562,188.5,184.5,187.60000610351562,5694154,yfinance,False
2016-07-05,140.5597686767578,184.89999389648438,187.5,184.6999969482422,186.6999969482422,3466012,yfinance,False
2016-07-06,139.49545288085938,183.5,183.89999389648438,181.3000030517578,183.60000610351562,4757792,yfinance,False
2016-07-07,140.1036376953125,184.3000030517578,185.60000610351562,183.5,184.5,2555633,yfinance,False
2016-07-08,139.57150268554688,183.60000610351562,184.0,182.8000030517578,183.3000030517578,2690049,yfinance,False
2016-07-11,140.71180725097656,185.10000610351562,186.10000610351562,184.6999969482422,185.60000610351562,2721048,yfinance,False
2016-07-12,142.00411987304688,186.8000030517578,187.5,185.1999969482422,186.1999969482422,4133023,yfinance,False
2016-07-13,143.06842041015625,188.1999969482422,189.0,187.10000610351562,187.5,5033633,yfinance,False
2016-07-14,144.5127410888672,190.10000610351562,190.6999969482422,187.39999389648438,188.39999389648438,4912879,yfinance,False
2016-07-15,144.28469848632812,189.8000030517578,190.89999389648438,188.8000030517578,190.3000030517578,4170176,yfinance,False
2016-07-18,144.8168182373047,190.5,191.3000030517578,189.60000610351562,189.8000030517578,2645651,yfinance,False
2016-07-19,144.05665588378906,189.5,190.3000030517578,188.5,190.3000030517578,2085169,yfinance,False
2016-07-20,145.8811492919922,191.89999389648438,192.1999969482422,189.1999969482422,189.5,4174243,yfinance,False
2016-07-21,145.57704162597656,191.5,194.0,191.39999389648438,192.5,4531336,yfinance,False
2016-07-22,146.26119995117188,192.39999389648438,193.0,190.5,191.0,2833545,yfinance,False
2016-07-25,145.8811492919922,191.89999389648438,193.0,191.0,193.0,2811426,yfinance,False
2016-07-26,147.24949645996094,193.6999969482422,194.39999389648438,191.10000610351562,191.1999969482422,3839204,yfinance,False
2016-07-27,147.24949645996094,193.6999969482422,194.39999389648438,191.5,194.39999389648438,3498996,yfinance,False
2016-07-28,146.03317260742188,192.10000610351562,193.39999389648438,191.3000030517578,192.1999969482422,3316524,yfinance,False
2016-07-29,145.57704162597656,191.5,193.0,190.60000610351562,191.5,3038497,yfinance,False
2016-08-01,146.1851806640625,192.3000030517578,194.0,192.0,192.60000610351562,4122911,yfinance,False
2016-08-02,146.1851806640625,192.3000030517578,192.3000030517578,192.3000030517578,192.3000030517578,0,yfinance,False
2016-08-03,144.58876037597656,190.1999969482422,191.10000610351562,188.8000030517578,189.0,3842784,yfinance,False
2016-08-04,145.57704162597656,191.5,192.10000610351562,190.5,191.0,1700786,yfinance,False
2016-08-05,146.41326904296875,192.60000610351562,193.3000030517578,192.10000610351562,192.10000610351562,2049963,yfinance,False
2016-08-08,148.16168212890625,194.89999389648438,195.10000610351562,192.60000610351562,193.60000610351562,4525810,yfinance,False
2016-08-09,147.47750854492188,194.0,195.5,193.60000610351562,195.1999969482422,2323059,yfinance,False
2016-08-10,146.03317260742188,192.10000610351562,195.5,191.3000030517578,193.5,5178925,yfinance,False
2016-08-11,150.29022216796875,197.6999969482422,199.5,190.60000610351562,191.10000610351562,12867905,yfinance,False
2016-08-12,149.83412170410156,197.10000610351562,199.0,195.3000030517578,198.6999969482422,7780985,yfinance,False
2016-08-15,152.19070434570312,200.1999969482422,201.8000030517578,197.10000610351562,197.89999389648438,8157630,yfinance,False
2016-08-16,152.49481201171875,200.60000610351562,203.0,200.0,201.0,6645908,yfinance,False
2016-08-17,145.34896850585938,191.1999969482422,198.5,191.10000610351562,198.0,19066389,yfinance,False
2016-08-18,145.65309143066406,191.60000610351562,193.60000610351562,190.6999969482422,192.5,10239412,yfinance,False
2016-08-19,145.34896850585938,191.1999969482422,192.5,188.8000030517578,192.5,8137897,yfinance,False
2016-08-22,145.7290802001953,191.6999969482422,192.8000030517578,190.6999969482422,191.6999969482422,3880216,yfinance,False
2016-08-23,145.8905792236328,189.6999969482422,190.60000610351562,189.3000030517578,189.89999389648438,3015594,yfinance,False
2016-08-24,145.42913818359375,189.10000610351562,190.8000030517578,188.10000610351562,190.5,3077409,yfinance,False
2016-08-25,145.42913818359375,189.10000610351562,189.60000610351562,188.0,189.0,2348469,yfinance,False
2016-08-26,145.04461669921875,188.60000610351562,189.60000610351562,188.1999969482422,188.89999389648438,2399065,yfinance,False
2016-08-29,144.5832061767578,188.0,189.0,187.5,188.39999389648438,2839703,yfinance,False
2016-08-30,146.1981964111328,190.10000610351562,191.39999389648438,187.89999389648438,188.1999969482422,4443425,yfinance,False
2016-08-31,145.8905792236328,189.6999969482422,190.39999389648438,188.89999389648438,190.0,3258414,yfinance,False
2016-09-01,146.2751007080078,190.1999969482422,191.0,188.8000030517578,188.8000030517578,3423985,yfinance,False
2016-09-02,146.7365264892578,190.8000030517578,191.5,189.8000030517578,190.6999969482422,2848814,yfinance,False
2016-09-05,149.5051727294922,194.39999389648438,196.0,192.8000030517578,193.0,7586152,yfinance,False
2016-09-06,152.35069274902344,198.10000610351562,198.6999969482422,195.8000030517578,196.0,9855914,yfinance,False
2016-09-07,152.2737579345703,198.0,200.0,197.3000030517578,198.1999969482422,6790728,yfinance,False
2016-09-08,152.73521423339844,198.60000610351562,199.5,197.60000610351562,198.0,4707598,yfinance,False
2016-09-09,161.19482421875,209.60000610351562,213.1999969482422,199.89999389648438,200.0,35543508,yfinance,False
2016-09-12,154.5809326171875,201.0,206.39999389648438,201.0,204.1999969482422,16027439,yfinance,False
2016-09-13,152.2737579345703,198.0,205.1999969482422,198.0,204.0,10217701,yfinance,False
2016-09-14,153.2735595703125,199.3000030517578,201.0,197.60000610351562,198.0,4557080,yfinance,False
2016-09-15,156.5805206298828,203.60000610351562,203.60000610351562,199.8000030517578,200.0,5568643,yfinance,False
2016-09-19,157.0419464111328,204.1999969482422,204.8000030517578,201.60000610351562,204.8000030517578,5224202,yfinance,False
2016-09-20,159.34909057617188,207.1999969482422,209.1999969482422,202.0,204.0,7238685,yfinance,False
2016-09-21,159.96437072753906,208.0,209.0,206.1999969482422,207.8000030517578,5419877,yfinance,False
2016-09-22,159.04150390625,206.8000030517578,211.8000030517578,206.8000030517578,210.0,8339827,yfinance,False
2016-09-23,157.6571807861328,205.0,207.8000030517578,204.39999389648438,206.8000030517578,5824516,yfinance,False
2016-09-26,156.11903381347656,203.0,207.8000030517578,202.8000030517578,205.39999389648438,5508936,yfinance,False
2016-09-27,157.96481323242188,205.39999389648438,206.60000610351562,202.0,204.0,3972647,yfinance,False
2016-09-28,158.73388671875,206.39999389648438,206.39999389648438,204.0,204.1999969482422,2451773,yfinance,False
2016-09-29,159.04150390625,206.8000030517578,207.39999389648438,205.39999389648438,207.39999389648438,3143053,yfinance,False
2016-09-30,156.7342987060547,203.8000030517578,206.0,203.60000610351562,205.0,3978346,yfinance,False
2016-10-03,158.27244567871094,205.8000030517578,207.60000610351562,205.1999969482422,206.0,2687243,yfinance,False
2016-10-04,159.34909057617188,207.1999969482422,207.39999389648438,205.60000610351562,206.60000610351562,2494605,yfinance,False
2016-10-05,159.50289916992188,207.39999389648438,209.0,205.60000610351562,206.60000610351562,2895499,yfinance,False
2016-10-06,160.11817932128906,208.1999969482422,208.60000610351562,206.39999389648438,207.8000030517578,4804869,yfinance,False
2016-10-07,160.57958984375,208.8000030517578,208.8000030517578,207.0,208.39999389648438,2391846,yfinance,False
2016-10-11,159.04150390625,206.8000030517578,210.1999969482422,205.60000610351562,210.0,5166700,yfinance,False
2016-10-12,158.4262237548828,206.0,207.1999969482422,204.1999969482422,205.8000030517578,3528582,yfinance,False
2016-10-13,156.27288818359375,203.1999969482422,205.8000030517578,203.0,205.39999389648438,4362951,yfinance,False
2016-10-14,157.96481323242188,205.39999389648438,206.0,203.1999969482422,204.0,3141265,yfinance,False
2016-10-17,156.4266815185547,203.39999389648438,205.39999389648438,202.39999389648438,205.0,3133918,yfinance,False
2016-10-18,157.96481323242188,205.39999389648438,206.0,203.0,203.8000030517578,2821149,yfinance,False
2016-10-19,157.96481323242188,205.39999389648438,206.0,204.60000610351562,206.0,1966908,yfinance,False
2016-10-20,158.88768005371094,206.60000610351562,207.1999969482422,205.60000610351562,205.8000030517578,2284279,yfinance,False
2016-10-21,158.88768005371094,206.60000610351562,206.60000610351562,206.60000610351562,206.60000610351562,0,yfinance,False
2016-10-24,159.96437072753906,208.0,208.60000610351562,205.60000610351562,207.8000030517578,4033364,yfinance,False
2016-10-25,160.42579650878906,208.60000610351562,208.8000030517578,207.60000610351562,208.39999389648438,2270823,yfinance,False
2016-10-26,158.73388671875,206.39999389648438,208.0,205.60000610351562,208.0,3203160,yfinance,False
2016-10-27,158.1186065673828,205.60000610351562,207.1999969482422,204.1999969482422,206.8000030517578,2291583,yfinance,False
2016-10-28,156.8881072998047,204.0,206.39999389648438,203.1999969482422,204.0,3451388,yfinance,False
2016-10-31,157.96481323242188,205.39999389648438,206.39999389648438,203.39999389648438,203.39999389648438,3018826,yfinance,False
2016-11-01,158.4262237548828,206.0,207.60000610351562,205.0,205.0,3419260,yfinance,False
2016-11-02,156.11903381347656,203.0,205.39999389648438,202.1999969482422,204.1999969482422,4367606,yfinance,False
2016-11-03,153.9656982421875,200.1999969482422,203.1999969482422,200.0,202.0,4869500,yfinance,False
2016-11-04,153.58116149902344,199.6999969482422,200.60000610351562,198.60000610351562,199.8000030517578,3576382,yfinance,False
2016-11-07,155.8114776611328,202.60000610351562,203.60000610351562,200.60000610351562,200.8000030517578,2950908,yfinance,False
2016-11-08,156.5805206298828,203.60000610351562,205.8000030517578,202.60000610351562,204.0,2754818,yfinance,False
2016-11-09,155.65760803222656,202.39999389648438,204.8000030517578,198.0,204.39999389648438,12805530,yfinance,False
2016-11-10,157.50335693359375,204.8000030517578,206.0,203.8000030517578,205.39999389648438,5223394,yfinance,False
2016-11-11,158.5800018310547,206.1999969482422,207.60000610351562,203.60000610351562,204.0,8830041,yfinance,False
2016-11-14,157.0419464111328,204.1999969482422,205.0,201.8000030517578,204.39999389648438,4996733,yfinance,False
2016-11-15,156.4266815185547,203.39999389648438,205.60000610351562,202.60000610351562,205.39999389648438,2611387,yfinance,False
2016-11-16,156.4266815185547,203.39999389648438,205.1999969482422,203.0,204.8000030517578,2823605,yfinance,False
2016-11-17,156.8881072998047,204.0,204.1999969482422,202.1999969482422,203.0,2414677,yfinance,False
2016-11-18,156.11903381347656,203.0,203.8000030517578,201.60000610351562,203.0,3272310,yfinance,False
2016-11-21,155.65760803222656,202.39999389648438,204.60000610351562,201.8000030517578,202.0,2435165,yfinance,False
2016-11-22,156.7342987060547,203.8000030517578,204.8000030517578,203.1999969482422,204.60000610351562,3625069,yfinance,False
2016-11-23,156.5805206298828,203.60000610351562,205.1999969482422,203.0,203.8000030517578,2544754,yfinance,False
2016-11-24,156.7342987060547,203.8000030517578,204.60000610351562,202.1999969482422,202.8000030517578,1596419,yfinance,False
2016-11-25,157.6571807861328,205.0,205.0,203.1999969482422,204.0,2912888,yfinance,False
2016-11-28,157.50335693359375,204.8000030517578,207.0,204.39999389648438,205.0,6158145,yfinance,False
2016-11-29,156.5805206298828,203.60000610351562,205.1999969482422,203.39999389648438,203.8000030517578,3118057,yfinance,False
2016-11-30,156.8881072998047,204.0,204.8000030517578,203.0,204.8000030517578,3574686,yfinance,False
2016-12-01,157.0419464111328,204.1999969482422,205.0,203.39999389648438,204.0,2755315,yfinance,False
2016-12-02,155.9652557373047,202.8000030517578,204.8000030517578,202.39999389648438,204.8000030517578,4548475,yfinance,False
2016-12-05,151.81231689453125,197.39999389648438,204.0,196.0,204.0,11206226,yfinance,False
2016-12-06,151.04327392578125,196.39999389648438,198.89999389648438,196.10000610351562,198.39999389648438,5517283,yfinance,False
2016-12-07,148.88987731933594,193.60000610351562,197.89999389648438,193.10000610351562,197.0,7387620,yfinance,False
2016-12-08,149.96658325195312,195.0,196.60000610351562,195.0,195.0,4388515,yfinance,False
2016-12-09,148.19776916503906,192.6999969482422,195.5,191.10000610351562,195.10000610351562,5408874,yfinance,False
2016-12-12,145.81362915039062,189.60000610351562,193.3000030517578,188.89999389648438,192.89999389648438,6962314,yfinance,False
2016-12-13,145.81362915039062,189.60000610351562,190.6999969482422,188.5,188.5,3349351,yfinance,False
2016-12-14,146.1212921142578,190.0,191.1999969482422,189.0,191.10000610351562,3177027,yfinance,False
2016-12-15,143.73719787597656,186.89999389648438,188.6999969482422,185.5,188.60000610351562,6320569,yfinance,False
2016-12-16,142.35292053222656,185.10000610351562,186.60000610351562,184.3000030517578,186.10000610351562,6255608,yfinance,False
2016-12-19,140.4302215576172,182.60000610351562,185.3000030517578,182.0,185.3000030517578,4662459,yfinance,False
2016-12-20,140.04571533203125,182.10000610351562,183.5,182.0,182.5,3451745,yfinance,False
2016-12-21,140.04571533203125,182.10000610351562,183.60000610351562,180.8000030517578,180.89999389648438,3346932,yfinance,False
2016-12-22,139.19976806640625,181.0,182.8000030517578,180.60000610351562,182.10000610351562,2940342,yfinance,False
2016-12-23,138.35377502441406,179.89999389648438,181.5,179.1999969482422,180.1999969482422,4473792,yfinance,False
2016-12-28,138.96902465820312,180.6999969482422,181.1999969482422,177.60000610351562,179.8000030517578,3927790,yfinance,False
2016-12-29,139.1228485107422,180.89999389648438,181.5,179.0,179.0,4077914,yfinance,False
2016-12-30,140.8916778564453,183.1999969482422,184.89999389648438,180.5,180.5,5655166,yfinance,False
2017-01-03,141.73768615722656,184.3000030517578,185.0,183.1999969482422,184.1999969482422,2883934,yfinance,False
2017-01-04,140.4302215576172,182.60000610351562,184.60000610351562,182.39999389648438,183.60000610351562,2590609,yfinance,False
2017-01-05,142.5067138671875,185.3000030517578,186.0,182.60000610351562,184.1999969482422,3585152,yfinance,False
2017-01-06,142.58363342285156,185.39999389648438,186.8000030517578,185.10000610351562,186.0,2380643,yfinance,False
2017-01-09,142.73744201660156,185.60000610351562,186.5,184.8000030517578,185.60000610351562,1650629,yfinance,False
2017-01-10,144.1986541748047,187.5,187.60000610351562,185.10000610351562,185.60000610351562,3190104,yfinance,False
2017-01-11,144.8138885498047,188.3000030517578,189.5,187.1999969482422,187.1999969482422,3732811,yfinance,False
2017-01-12,143.50650024414062,186.60000610351562,188.3000030517578,185.1999969482422,188.0,3178939,yfinance,False
2017-01-13,143.42959594726562,186.5,187.60000610351562,185.89999389648438,186.89999389648438,1657596,yfinance,False
2017-01-16,142.27597045898438,185.0,186.5,184.39999389648438,186.5,2137803,yfinance,False
2017-01-17,142.96815490722656,185.89999389648438,186.0,184.6999969482422,185.60000610351562,1492186,yfinance,False
2017-01-18,144.50625610351562,187.89999389648438,188.39999389648438,185.89999389648438,186.3000030517578,3457682,yfinance,False
2017-01-19,143.9678955078125,187.1999969482422,187.39999389648438,186.39999389648438,187.1999969482422,1465627,yfinance,False
2017-01-20,142.66050720214844,185.5,186.5,185.0,186.0,2880071,yfinance,False
2017-01-23,142.42979431152344,185.1999969482422,187.0,184.8000030517578,186.0,3109796,yfinance,False
2017-01-24,142.42979431152344,185.1999969482422,186.0,184.3000030517578,185.60000610351562,2965912,yfinance,False
2017-01-25,142.8912353515625,185.8000030517578,186.5,183.60000610351562,186.5,2668207,yfinance,False
2017-01-26,144.42935180664062,187.8000030517578,188.1999969482422,186.1999969482422,186.5,3622066,yfinance,False
2017-01-27,145.1215057373047,188.6999969482422,188.8000030517578,187.0,187.0,1705363,yfinance,False
2017-02-01,144.96768188476562,188.5,188.5,185.89999389648438,187.0,2539379,yfinance,False
2017-02-02,144.04483032226562,187.3000030517578,188.89999389648438,186.60000610351562,187.60000610351562,2027469,yfinance,False
2017-02-03,143.35267639160156,186.39999389648438,187.3000030517578,185.1999969482422,187.3000030517578,2553934,yfinance,False
2017-02-06,143.9678955078125,187.1999969482422,187.60000610351562,186.0,186.60000610351562,2153551,yfinance,False
2017-02-07,143.5833740234375,186.6999969482422,187.39999389648438,186.39999389648438,186.89999389648438,2347121,yfinance,False
2017-02-08,150.3511199951172,195.5,196.39999389648438,185.60000610351562,186.39999389648438,14797006,yfinance,False
2017-02-09,150.3511199951172,195.5,199.39999389648438,195.3000030517578,196.0,11040557,yfinance,False
2017-02-10,150.5818634033203,195.8000030517578,198.39999389648438,195.6999969482422,196.89999389648438,4023580,yfinance,False
2017-02-13,152.81207275390625,198.6999969482422,199.39999389648438,196.0,196.89999389648438,6939823,yfinance,False
2017-02-14,152.11997985839844,197.8000030517578,199.1999969482422,197.1999969482422,199.10000610351562,4518026,yfinance,False
2017-02-15,155.3500213623047,202.0,202.60000610351562,198.10000610351562,198.89999389648438,13716326,yfinance,False
2017-02-16,155.65760803222656,202.39999389648438,204.0,201.8000030517578,203.1999969482422,7472372,yfinance,False
2017-02-17,153.9656982421875,200.1999969482422,203.0,199.60000610351562,202.0,5374929,yfinance,False
2017-02-20,154.42713928222656,200.8000030517578,202.0,199.89999389648438,201.0,3081166,yfinance,False
2017-02-21,153.0428466796875,199.0,203.0,197.5,202.0,7114625,yfinance,False
2017-02-22,153.81187438964844,200.0,201.39999389648438,199.10000610351562,199.5,3306397,yfinance,False
2017-02-23,154.1195068359375,200.39999389648438,201.39999389648438,199.39999389648438,200.0,3479037,yfinance,False
2017-02-24,152.2737579345703,198.0,200.8000030517578,198.0,200.8000030517578,3591711,yfinance,False
2017-02-27,150.2742156982422,195.39999389648438,198.6999969482422,194.89999389648438,196.8000030517578,6740430,yfinance,False
2017-02-28,148.19776916503906,192.6999969482422,196.5,192.6999969482422,196.5,6633834,yfinance,False
2017-03-01,148.81298828125,193.5,194.39999389648438,192.60000610351562,193.8000030517578,2735918,yfinance,False
2017-03-02,147.65940856933594,192.0,196.8000030517578,191.3000030517578,196.0,5286808,yfinance,False
2017-03-03,147.19798278808594,191.39999389648438,191.8000030517578,190.10000610351562,191.5,3397426,yfinance,False
2017-03-06,147.42869567871094,191.6999969482422,193.3000030517578,191.0,191.0,2248767,yfinance,False
2017-03-07,147.81321716308594,192.1999969482422,192.89999389648438,191.10000610351562,192.89999389648438,2002752,yfinance,False
2017-03-08,147.505615234375,191.8000030517578,192.6999969482422,190.8000030517578,190.8000030517578,1890370,yfinance,False
2017-03-09,146.42889404296875,190.39999389648438,191.39999389648438,189.3000030517578,191.3000030517578,3676706,yfinance,False
2017-03-10,146.1981964111328,190.10000610351562,190.6999969482422,188.89999389648438,189.5,3358182,yfinance,False
2017-03-13,147.505615234375,191.8000030517578,192.8000030517578,189.8000030517578,191.1999969482422,3552083,yfinance,False
2017-03-14,147.65940856933594,192.0,193.10000610351562,191.10000610351562,192.0,1876977,yfinance,False
2017-03-15,149.73583984375,194.6999969482422,197.10000610351562,190.5,191.0,6382515,yfinance,False
2017-03-16,151.81231689453125,197.39999389648438,197.39999389648438,194.8000030517578,196.1999969482422,5812565,yfinance,False
2017-03-17,151.12017822265625,196.5,198.1999969482422,195.89999389648438,198.1999969482422,5426562,yfinance,False
2017-03-20,154.1195068359375,200.39999389648438,200.8000030517578,196.5,196.5,7978380,yfinance,False
2017-03-21,153.58116149902344,199.6999969482422,200.8000030517578,198.60000610351562,200.60000610351562,3655748,yfinance,False
2017-03-22,151.04327392578125,196.39999389648438,197.5,195.6999969482422,196.8000030517578,5325847,yfinance,False
2017-03-23,151.04327392578125,196.39999389648438,197.8000030517578,196.0,196.0,2405926,yfinance,False
2017-03-24,151.04327392578125,196.39999389648438,197.1999969482422,195.5,196.6999969482422,2084358,yfinance,False
2017-03-27,149.96658325195312,195.0,197.3000030517578,194.39999389648438,195.5,3444243,yfinance,False
2017-03-28,150.2742156982422,195.39999389648438,196.8000030517578,195.10000610351562,196.1999969482422,2145042,yfinance,False
2017-03-29,149.65896606445312,194.60000610351562,196.60000610351562,194.1999969482422,196.60000610351562,2645913,yfinance,False
2017-03-30,149.5051727294922,194.39999389648438,195.6999969482422,194.39999389648438,194.60000610351562,3158549,yfinance,False
2017-03-31,150.42803955078125,195.60000610351562,196.60000610351562,194.89999389648438,196.0,4445851,yfinance,False
2017-04-03,150.81256103515625,196.10000610351562,197.5,195.60000610351562,196.3000030517578,2974162,yfinance,False
2017-04-05,151.81231689453125,197.39999389648438,197.39999389648438,195.6999969482422,197.0,2602084,yfinance,False
2017-04-06,150.73561096191406,196.0,197.39999389648438,195.6999969482422,196.0,1935783,yfinance,False
2017-04-07,150.65872192382812,195.89999389648438,196.39999389648438,193.8000030517578,195.6999969482422,2499111,yfinance,False
2017-04-10,150.3511199951172,195.5,196.39999389648438,194.5,196.10000610351562,1803309,yfinance,False
2017-04-11,149.04373168945312,193.8000030517578,195.89999389648438,193.39999389648438,195.89999389648438,3571257,yfinance,False
2017-04-12,150.12037658691406,195.1999969482422,195.1999969482422,193.0,193.0,2423847,yfinance,False
2017-04-13,149.35133361816406,194.1999969482422,195.1999969482422,193.10000610351562,193.10000610351562,1688729,yfinance,False
2017-04-18,147.42869567871094,191.6999969482422,195.3000030517578,191.5,195.3000030517578,4254961,yfinance,False
2017-04-19,146.7365264892578,190.8000030517578,191.8000030517578,189.5,190.60000610351562,3852121,yfinance,False
2017-04-20,147.27488708496094,191.5,192.3000030517578,190.0,190.5,2430906,yfinance,False
2017-04-21,146.7365264892578,190.8000030517578,192.5,190.5,192.39999389648438,2999799,yfinance,False
2017-04-24,146.7365264892578,190.8000030517578,191.89999389648438,190.10000610351562,191.5,2204904,yfinance,False
2017-04-25,147.65940856933594,192.0,192.6999969482422,191.5,191.5,4048652,yfinance,False
2017-04-26,148.96681213378906,193.6999969482422,195.0,192.8000030517578,193.0,4220614,yfinance,False
2017-04-27,149.27444458007812,194.10000610351562,194.5,192.1999969482422,193.0,2600186,yfinance,False
2017-04-28,148.91693115234375,191.60000610351562,192.8000030517578,191.1999969482422,192.6999969482422,1664245,yfinance,False
2017-05-02,148.91693115234375,191.60000610351562,193.0,190.60000610351562,192.89999389648438,2830370,yfinance,False
2017-05-04,148.13967895507812,190.60000610351562,191.8000030517578,190.0,191.5,2783426,yfinance,False
2017-05-05,147.1292724609375,189.3000030517578,191.1999969482422,188.8000030517578,191.10000610351562,4673356,yfinance,False
2017-05-08,147.36244201660156,189.60000610351562,190.3000030517578,188.5,189.60000610351562,2550536,yfinance,False
2017-05-09,151.09312438964844,194.39999389648438,194.6999969482422,189.10000610351562,189.10000610351562,6850849,yfinance,False
2017-05-10,150.9376983642578,194.1999969482422,198.0,194.0,194.8000030517578,9832938,yfinance,False
2017-05-11,152.10354614257812,195.6999969482422,198.0,194.6999969482422,195.3000030517578,6382645,yfinance,False
2017-05-12,151.9481201171875,195.5,196.6999969482422,194.8000030517578,196.6999969482422,2904663,yfinance,False
2017-05-15,153.19168090820312,197.10000610351562,197.39999389648438,195.5,196.0,3540573,yfinance,False
2017-05-16,152.8807830810547,196.6999969482422,197.6999969482422,195.60000610351562,197.60000610351562,3463976,yfinance,False
2017-05-17,153.65798950195312,197.6999969482422,198.5,197.0,197.6999969482422,5395682,yfinance,False
2017-05-18,151.79263305664062,195.3000030517578,197.0,195.10000610351562,196.0,4241545,yfinance,False
2017-05-19,152.10354614257812,195.6999969482422,196.6999969482422,195.0,196.0,2714304,yfinance,False
2017-05-22,152.64756774902344,196.39999389648438,197.5,195.6999969482422,196.0,2211516,yfinance,False
2017-05-23,151.7149200439453,195.1999969482422,196.60000610351562,195.0,196.0,2962559,yfinance,False
2017-05-24,151.4817657470703,194.89999389648438,196.0,194.1999969482422,196.0,2599006,yfinance,False
2017-05-25,152.56988525390625,196.3000030517578,196.3000030517578,194.10000610351562,194.10000610351562,4236267,yfinance,False
2017-05-26,152.33670043945312,196.0,198.10000610351562,196.0,196.0,5393213,yfinance,False
2017-05-29,153.26939392089844,197.1999969482422,197.8000030517578,196.10000610351562,196.10000610351562,3416508,yfinance,False
2017-05-31,152.8807830810547,196.6999969482422,197.8000030517578,196.1999969482422,197.8000030517578,3125521,yfinance,False
2017-06-01,152.95851135253906,196.8000030517578,197.3000030517578,195.60000610351562,197.1999969482422,2369597,yfinance,False
2017-06-02,159.331787109375,205.0,205.0,197.0,197.3000030517578,19761818,yfinance,False
2017-06-05,158.39906311035156,203.8000030517578,208.39999389648438,203.1999969482422,205.8000030517578,10902598,yfinance,False
2017-06-06,159.331787109375,205.0,206.60000610351562,202.8000030517578,203.1999969482422,5538467,yfinance,False
2017-06-07,158.7099609375,204.1999969482422,205.39999389648438,203.60000610351562,205.0,3126716,yfinance,False
2017-06-08,159.798095703125,205.60000610351562,206.8000030517578,203.39999389648438,204.0,4424356,yfinance,False
2017-06-09,159.64263916015625,205.39999389648438,206.39999389648438,203.60000610351562,206.0,4621760,yfinance,False
2017-06-12,155.2124481201172,199.6999969482422,204.8000030517578,199.3000030517578,204.8000030517578,6815755,yfinance,False
2017-06-13,156.2228240966797,201.0,201.8000030517578,199.8000030517578,200.0,3727632,yfinance,False
2017-06-14,155.91197204589844,200.60000610351562,202.1999969482422,199.10000610351562,202.0,3124428,yfinance,False
2017-06-15,153.89117431640625,198.0,200.0,198.0,199.5,3466420,yfinance,False
2017-06-16,153.58029174804688,197.60000610351562,199.3000030517578,197.60000610351562,198.60000610351562,2976403,yfinance,False
2017-06-19,157.77732849121094,203.0,203.8000030517578,200.1999969482422,201.39999389648438,7286877,yfinance,False
2017-06-20,156.2228240966797,201.0,203.8000030517578,201.0,203.1999969482422,3899517,yfinance,False
2017-06-21,155.60110473632812,200.1999969482422,203.60000610351562,198.8000030517578,202.0,4457164,yfinance,False
2017-06-22,155.75648498535156,200.39999389648438,202.8000030517578,199.6999969482422,199.6999969482422,3254226,yfinance,False
2017-06-23,155.91197204589844,200.60000610351562,201.1999969482422,199.60000610351562,201.0,2746915,yfinance,False
2017-06-26,157.46641540527344,202.60000610351562,203.0,200.0,201.0,3441368,yfinance,False
2017-06-27,156.689208984375,201.60000610351562,203.0,201.1999969482422,203.0,2449235,yfinance,False
2017-06-28,155.91197204589844,200.60000610351562,201.8000030517578,199.6999969482422,200.39999389648438,2996818,yfinance,False
2017-06-29,157.93276977539062,203.1999969482422,205.8000030517578,201.39999389648438,201.39999389648438,7614147,yfinance,False
2017-06-30,156.84463500976562,201.8000030517578,202.8000030517578,200.8000030517578,201.60000610351562,3726795,yfinance,False
2017-07-03,157.62185668945312,202.8000030517578,205.1999969482422,201.1999969482422,201.1999969482422,5516174,yfinance,False
2017-07-04,154.66839599609375,199.0,203.8000030517578,198.10000610351562,203.0,6754999,yfinance,False
2017-07-05,155.05699157714844,199.5,200.0,197.8000030517578,198.0,3445039,yfinance,False
2017-07-06,155.05699157714844,199.5,200.8000030517578,198.60000610351562,200.8000030517578,2583440,yfinance,False
2017-07-07,154.97926330566406,199.39999389648438,199.6999969482422,198.3000030517578,199.0,2539097,yfinance,False
2017-07-10,155.36788940429688,199.89999389648438,200.60000610351562,198.6999969482422,199.39999389648438,1770249,yfinance,False
2017-07-11,157.31094360351562,202.39999389648438,202.8000030517578,199.1999969482422,199.5,4712680,yfinance,False
2017-07-12,157.62185668945312,202.8000030517578,204.60000610351562,202.39999389648438,203.0,3780016,yfinance,False
2017-07-13,162.2852325439453,208.8000030517578,210.60000610351562,204.0,205.0,20364634,yfinance,False
2017-07-14,163.0624542236328,209.8000030517578,210.60000610351562,208.0,210.0,8473636,yfinance,False
2017-07-17,164.6168975830078,211.8000030517578,214.60000610351562,208.0,210.8000030517578,11452675,yfinance,False
2017-07-18,164.3060302734375,211.39999389648438,213.1999969482422,209.39999389648438,212.0,4950914,yfinance,False
2017-07-19,165.39414978027344,212.8000030517578,213.60000610351562,210.39999389648438,211.39999389648438,6405798,yfinance,False
2017-07-20,172.07827758789062,221.39999389648438,221.39999389648438,214.39999389648438,214.39999389648438,20852486,yfinance,False
2017-07-21,170.36837768554688,219.1999969482422,223.8000030517578,218.39999389648438,222.0,9127607,yfinance,False
2017-07-24,169.59115600585938,218.1999969482422,220.8000030517578,217.1999969482422,218.8000030517578,6260199,yfinance,False
2017-07-25,169.2802734375,217.8000030517578,219.39999389648438,217.8000030517578,218.39999389648438,5236451,yfinance,False
2017-07-26,170.05751037597656,218.8000030517578,220.0,217.39999389648438,218.39999389648438,5593355,yfinance,False
2017-07-27,173.7882080078125,223.60000610351562,223.8000030517578,218.1999969482422,218.8000030517578,10464203,yfinance,False
2017-07-28,171.45654296875,220.60000610351562,222.60000610351562,220.1999969482422,221.8000030517578,8198746,yfinance,False
2017-07-31,173.16644287109375,222.8000030517578,224.1999969482422,219.60000610351562,220.0,5920031,yfinance,False
2017-08-01,176.89715576171875,227.60000610351562,228.60000610351562,222.0,223.0,12635994,yfinance,False
2017-08-02,178.60704040527344,229.8000030517578,233.1999969482422,228.39999389648438,228.8000030517578,14872299,yfinance,False
2017-08-03,176.89715576171875,227.60000610351562,231.1999969482422,226.60000610351562,229.39999389648438,8748917,yfinance,False
2017-08-04,176.89715576171875,227.60000610351562,228.8000030517578,226.1999969482422,227.39999389648438,5310460,yfinance,False
2017-08-07,176.89715576171875,227.60000610351562,229.39999389648438,226.0,228.0,5502655,yfinance,False
2017-08-08,179.22879028320312,230.60000610351562,232.0,225.39999389648438,229.0,9034808,yfinance,False
2017-08-09,177.0525665283203,227.8000030517578,230.0,226.1999969482422,229.0,7293572,yfinance,False
2017-08-10,169.43576049804688,218.0,227.0,215.60000610351562,226.39999389648438,20348338,yfinance,False
2017-08-11,164.1505889892578,211.1999969482422,214.0,209.1999969482422,210.0,20112929,yfinance,False
2017-08-14,164.92782592773438,212.1999969482422,213.60000610351562,210.39999389648438,212.60000610351562,9290851,yfinance,False
2017-08-15,164.1505889892578,211.1999969482422,214.8000030517578,211.0,214.1999969482422,6378129,yfinance,False
2017-08-16,165.70504760742188,213.1999969482422,214.39999389648438,211.60000610351562,211.60000610351562,3566859,yfinance,False
2017-08-17,164.4614715576172,211.60000610351562,215.0,211.1999969482422,215.0,4843891,yfinance,False
2017-08-18,162.9070281982422,209.60000610351562,210.8000030517578,208.0,209.39999389648438,5702598,yfinance,False
2017-08-21,162.2852325439453,208.8000030517578,210.39999389648438,208.60000610351562,209.1999969482422,4318479,yfinance,False
2017-08-22,163.03273010253906,207.1999969482422,209.8000030517578,206.39999389648438,207.8000030517578,4460002,yfinance,False
2017-08-23,163.03273010253906,207.1999969482422,207.1999969482422,207.1999969482422,207.1999969482422,0,yfinance,False
2017-08-24,163.34747314453125,207.60000610351562,209.1999969482422,206.8000030517578,207.0,3279558,yfinance,False
2017-08-25,168.3832244873047,214.0,215.39999389648438,206.8000030517578,207.0,10040788,yfinance,False
2017-08-28,168.69798278808594,214.39999389648438,217.60000610351562,212.8000030517578,214.8000030517578,8464931,yfinance,False
2017-08-29,166.1800537109375,211.1999969482422,214.0,211.0,213.39999389648438,4682174,yfinance,False
2017-08-30,167.91111755371094,213.39999389648438,214.39999389648438,210.1999969482422,212.60000610351562,4826168,yfinance,False
2017-08-31,168.06849670410156,213.60000610351562,216.0,212.1999969482422,213.60000610351562,5163653,yfinance,False
2017-09-01,169.1700439453125,215.0,217.0,213.39999389648438,214.0,5413274,yfinance,False
2017-09-04,166.65219116210938,211.8000030517578,214.60000610351562,211.60000610351562,213.0,4828409,yfinance,False
2017-09-05,166.80950927734375,212.0,214.39999389648438,211.60000610351562,213.60000610351562,3338952,yfinance,False
2017-09-06,165.86534118652344,210.8000030517578,212.1999969482422,209.60000610351562,211.60000610351562,4837503,yfinance,False
2017-09-07,165.07850646972656,209.8000030517578,213.8000030517578,209.0,213.8000030517578,3966568,yfinance,False
2017-09-08,165.23590087890625,210.0,212.39999389648438,210.0,210.1999969482422,2829767,yfinance,False
2017-09-11,167.91111755371094,213.39999389648438,214.0,212.0,212.0,4102983,yfinance,False
2017-09-12,167.4390106201172,212.8000030517578,214.1999969482422,211.60000610351562,213.8000030517578,3105363,yfinance,False
2017-09-13,166.65219116210938,211.8000030517578,213.1999969482422,210.8000030517578,212.8000030517578,4441264,yfinance,False
2017-09-14,165.86534118652344,210.8000030517578,212.0,209.8000030517578,211.0,3272132,yfinance,False
2017-09-15,164.6063995361328,209.1999969482422,211.0,208.0,210.8000030517578,5468672,yfinance,False
2017-09-18,171.6879425048828,218.1999969482422,219.1999969482422,210.39999389648438,210.8000030517578,13899792,yfinance,False
2017-09-19,170.2716064453125,216.39999389648438,222.39999389648438,216.39999389648438,220.1999969482422,8477315,yfinance,False
2017-09-20,172.31741333007812,219.0,220.60000610351562,216.0,217.0,5942866,yfinance,False
2017-09-21,172.47476196289062,219.1999969482422,220.60000610351562,218.1999969482422,218.1999969482422,4058735,yfinance,False
2017-09-22,169.4847869873047,215.39999389648438,218.1999969482422,215.0,216.0,4891993,yfinance,False
2017-09-25,166.1800537109375,211.1999969482422,216.0,210.8000030517578,216.0,5775398,yfinance,False
2017-09-26,166.33741760253906,211.39999389648438,212.60000610351562,209.39999389648438,210.0,3273523,yfinance,False
2017-09-27,166.65219116210938,211.8000030517578,212.60000610351562,211.0,211.0,2183475,yfinance,False
2017-09-28,165.23590087890625,210.0,213.0,209.8000030517578,212.0,4022924,yfinance,False
2017-09-29,165.23590087890625,210.0,212.0,209.8000030517578,212.0,3540302,yfinance,False
2017-10-03,168.69798278808594,214.39999389648438,216.60000610351562,211.1999969482422,211.60000610351562,6181655,yfinance,False
2017-10-04,169.4847869873047,215.39999389648438,218.8000030517578,214.60000610351562,216.39999389648438,4164422,yfinance,False
2017-10-06,170.9010772705078,217.1999969482422,218.1999969482422,215.8000030517578,217.0,5456063,yfinance,False
2017-10-09,173.57638549804688,220.60000610351562,224.1999969482422,217.39999389648438,217.39999389648438,14092909,yfinance,False
2017-10-10,173.57638549804688,220.60000610351562,221.8000030517578,218.39999389648438,221.0,4810183,yfinance,False
2017-10-11,170.42898559570312,216.60000610351562,221.8000030517578,216.39999389648438,221.8000030517578,5945682,yfinance,False
2017-10-12,171.6879425048828,218.1999969482422,219.39999389648438,216.1999969482422,216.60000610351562,4220455,yfinance,False
2017-10-13,172.78953552246094,219.60000610351562,221.8000030517578,218.1999969482422,218.1999969482422,5133048,yfinance,False
2017-10-16,177.5105743408203,225.60000610351562,230.1999969482422,224.0,225.0,26428633,yfinance,False
2017-10-17,174.67791748046875,222.0,225.1999969482422,221.8000030517578,225.0,8056048,yfinance,False
2017-10-18,175.30740356445312,222.8000030517578,224.0,222.1999969482422,222.8000030517578,3364199,yfinance,False
2017-10-19,171.21585083007812,217.60000610351562,224.0,216.0,223.60000610351562,10385871,yfinance,False
2017-10-20,173.26161193847656,220.1999969482422,220.8000030517578,218.60000610351562,219.1999969482422,4131886,yfinance,False
2017-10-23,172.78953552246094,219.60000610351562,221.39999389648438,218.39999389648438,221.39999389648438,4368690,yfinance,False
2017-10-24,173.41900634765625,220.39999389648438,224.1999969482422,218.8000030517578,219.8000030517578,4928214,yfinance,False
2017-10-25,173.10423278808594,220.0,222.0,219.1999969482422,221.8000030517578,3070019,yfinance,False
2017-10-26,171.6879425048828,218.1999969482422,220.60000610351562,217.39999389648438,218.60000610351562,4124656,yfinance,False
2017-10-27,172.47476196289062,219.1999969482422,220.1999969482422,218.1999969482422,218.1999969482422,2791453,yfinance,False
2017-10-30,170.7437286376953,217.0,220.60000610351562,217.0,220.0,4151413,yfinance,False
2017-10-31,170.9010772705078,217.1999969482422,218.0,216.39999389648438,216.60000610351562,3302284,yfinance,False
2017-11-01,174.0484619140625,221.1999969482422,221.8000030517578,217.8000030517578,218.0,5918204,yfinance,False
2017-11-02,176.09422302246094,223.8000030517578,226.60000610351562,221.60000610351562,222.39999389648438,12435549,yfinance,False
2017-11-03,176.40896606445312,224.1999969482422,225.0,223.39999389648438,225.0,4101081,yfinance,False
2017-11-06,176.25160217285156,224.0,224.0,218.39999389648438,223.60000610351562,6231597,yfinance,False
2017-11-07,179.7136993408203,228.39999389648438,229.8000030517578,223.1999969482422,223.8000030517578,11964133,yfinance,False
2017-11-08,178.61207580566406,227.0,235.0,225.1999969482422,227.0,20657152,yfinance,False
2017-11-09,181.287353515625,230.39999389648438,231.1999969482422,228.0,229.39999389648438,7774930,yfinance,False
2017-11-10,180.65789794921875,229.60000610351562,230.8000030517578,227.8000030517578,229.0,4862064,yfinance,False
2017-11-13,185.2215576171875,235.39999389648438,235.60000610351562,228.8000030517578,228.8000030517578,10310279,yfinance,False
2017-11-14,185.37889099121094,235.60000610351562,238.8000030517578,233.60000610351562,235.39999389648438,10234219,yfinance,False
2017-11-15,181.287353515625,230.39999389648438,235.60000610351562,230.0,234.0,8403128,yfinance,False
2017-11-16,183.49049377441406,233.1999969482422,233.39999389648438,230.0,231.8000030517578,5351355,yfinance,False
2017-11-17,183.9626007080078,233.8000030517578,237.0,232.1999969482422,234.39999389648438,6807787,yfinance,False
2017-11-20,182.54632568359375,232.0,234.1999969482422,230.1999969482422,233.0,4789032,yfinance,False
2017-11-21,192.61781311035156,244.8000030517578,245.0,232.0,232.60000610351562,28249975,yfinance,False
2017-11-22,200.0140838623047,254.1999969482422,255.0,245.39999389648438,249.60000610351562,29495133,yfinance,False
2017-11-23,195.13571166992188,248.0,257.6000061035156,245.1999969482422,254.0,16333165,yfinance,False
2017-11-24,194.34886169433594,247.0,251.8000030517578,245.39999389648438,248.0,9312794,yfinance,False
2017-11-27,189.47044372558594,240.8000030517578,246.1999969482422,240.8000030517578,245.39999389648438,8476147,yfinance,False
2017-11-28,189.47044372558594,240.8000030517578,242.0,234.60000610351562,239.0,12777803,yfinance,False
2017-11-29,188.8409881591797,240.0,245.0,240.0,242.8000030517578,6930926,yfinance,False
2017-11-30,185.06417846679688,235.1999969482422,240.0,234.8000030517578,238.60000610351562,8554488,yfinance,False
2017-12-01,185.37889099121094,235.60000610351562,239.8000030517578,235.60000610351562,237.8000030517578,7740160,yfinance,False
2017-12-04,184.90676879882812,235.0,240.60000610351562,233.60000610351562,235.60000610351562,6700903,yfinance,False
2017-12-05,180.02841186523438,228.8000030517578,236.8000030517578,228.8000030517578,233.0,8864835,yfinance,False
2017-12-06,173.10423278808594,220.0,231.60000610351562,220.0,230.0,20060811,yfinance,False
2017-12-07,175.77947998046875,223.39999389648438,224.0,218.60000610351562,222.60000610351562,9213222,yfinance,False
2017-12-08,178.92686462402344,227.39999389648438,228.39999389648438,223.1999969482422,223.60000610351562,9190464,yfinance,False
2017-12-11,182.07418823242188,231.39999389648438,231.39999389648438,226.60000610351562,228.39999389648438,7023633,yfinance,False
2017-12-12,179.55628967285156,228.1999969482422,232.0,226.8000030517578,229.39999389648438,6139525,yfinance,False
2017-12-13,180.50050354003906,229.39999389648438,230.0,226.60000610351562,229.0,5123378,yfinance,False
2017-12-14,180.18577575683594,229.0,230.60000610351562,227.60000610351562,230.0,4525675,yfinance,False
2017-12-15,178.13999938964844,226.39999389648438,227.1999969482422,224.39999389648438,226.0,6029698,yfinance,False
2017-12-18,185.69366455078125,236.0,237.0,227.39999389648438,228.39999389648438,15773184,yfinance,False
2017-12-19,183.49049377441406,233.1999969482422,238.1999969482422,233.1999969482422,238.0,6358460,yfinance,False
2017-12-20,183.01840209960938,232.60000610351562,234.8000030517578,232.1999969482422,233.1999969482422,3271080,yfinance,False
2017-12-21,185.53627014160156,235.8000030517578,237.0,231.60000610351562,232.0,4919831,yfinance,False
2017-12-22,185.69366455078125,236.0,237.0,235.60000610351562,236.8000030517578,2610519,yfinance,False
2017-12-27,186.165771484375,236.60000610351562,238.60000610351562,235.39999389648438,237.1999969482422,3762430,yfinance,False
2017-12-28,188.8409881591797,240.0,240.0,236.60000610351562,237.8000030517578,4753410,yfinance,False
2017-12-29,188.6836395263672,239.8000030517578,242.60000610351562,238.60000610351562,240.0,6093304,yfinance,False
2018-01-02,196.86676025390625,250.1999969482422,250.1999969482422,241.8000030517578,242.0,14581940,yfinance,False
2018-01-03,196.07992553710938,249.1999969482422,253.1999969482422,248.1999969482422,251.1999969482422,9056401,yfinance,False
2018-01-04,200.32884216308594,254.60000610351562,254.8000030517578,249.0,251.0,9634560,yfinance,False
2018-01-05,199.22726440429688,253.1999969482422,255.0,250.60000610351562,254.60000610351562,6869879,yfinance,False
2018-01-08,206.1514129638672,262.0,262.0,252.60000610351562,255.0,12682949,yfinance,False
2018-01-09,211.65927124023438,269.0,270.0,259.79998779296875,260.0,16997073,yfinance,False
2018-01-10,213.8624267578125,271.79998779296875,275.0,268.0,268.3999938964844,14666939,yfinance,False
2018-01-11,211.1871795654297,268.3999938964844,272.6000061035156,265.6000061035156,271.79998779296875,10142463,yfinance,False
2018-01-12,216.22291564941406,274.79998779296875,274.79998779296875,268.20001220703125,271.6000061035156,10766870,yfinance,False
2018-01-15,214.3345489501953,272.3999938964844,280.0,271.20001220703125,280.0,14078612,yfinance,False
2018-01-16,226.9239044189453,288.3999938964844,288.3999938964844,272.6000061035156,272.6000061035156,21911252,yfinance,False
2018-01-17,232.58917236328125,295.6000061035156,295.6000061035156,284.20001220703125,285.0,23113632,yfinance,False
2018-01-18,234.1628875732422,297.6000061035156,301.0,292.6000061035156,296.79998779296875,23241009,yfinance,False
2018-01-19,231.95970153808594,294.79998779296875,298.3999938964844,293.0,297.0,12108548,yfinance,False
2018-01-22,236.83804321289062,301.0,302.79998779296875,291.79998779296875,295.0,15669544,yfinance,False
2018-01-23,238.72653198242188,303.3999938964844,306.0,301.79998779296875,303.0,14476834,yfinance,False
2018-01-24,237.15283203125,301.3999938964844,304.6000061035156,298.20001220703125,302.79998779296875,13079378,yfinance,False
2018-01-25,230.54342651367188,293.0,301.0,293.0,300.0,13067563,yfinance,False
2018-01-26,234.00543212890625,297.3999938964844,300.0,295.20001220703125,295.20001220703125,13636703,yfinance,False
2018-01-29,229.9139404296875,292.20001220703125,301.79998779296875,291.6000061035156,299.79998779296875,12367229,yfinance,False
2018-01-30,226.60922241210938,288.0,294.79998779296875,287.0,291.20001220703125,15878685,yfinance,False
2018-01-31,233.21859741210938,296.3999938964844,296.3999938964844,284.3999938964844,285.0,15904686,yfinance,False
2018-02-01,228.81236267089844,290.79998779296875,296.6000061035156,290.20001220703125,296.0,8751050,yfinance,False
2018-02-02,227.39605712890625,289.0,292.0,286.0,288.0,8191863,yfinance,False
2018-02-05,225.19293212890625,286.20001220703125,287.79998779296875,278.0,278.0,16002487,yfinance,False
2018-02-06,209.92822265625,266.79998779296875,280.0,266.6000061035156,276.20001220703125,35449216,yfinance,False
2018-02-07,210.7150421142578,267.79998779296875,279.79998779296875,267.3999938964844,276.0,22478974,yfinance,False
2018-02-08,213.2329864501953,271.0,275.0,267.0,267.0,12149785,yfinance,False
2018-02-09,203.16146850585938,258.20001220703125,261.6000061035156,255.1999969482422,260.20001220703125,27291859,yfinance,False
2018-02-12,203.0040740966797,258.0,263.0,257.0,260.79998779296875,10611228,yfinance,False
2018-02-13,209.29876708984375,266.0,267.79998779296875,262.0,263.0,12325390,yfinance,False
2018-02-14,214.6492919921875,272.79998779296875,272.79998779296875,266.0,267.20001220703125,9479635,yfinance,False
2018-02-15,220.31446838378906,280.0,280.0,275.79998779296875,276.6000061035156,8903961,yfinance,False
2018-02-20,218.5834197998047,277.79998779296875,281.79998779296875,274.20001220703125,278.0,9463176,yfinance,False
2018-02-21,222.83236694335938,283.20001220703125,283.20001220703125,276.6000061035156,277.6000061035156,7057229,yfinance,False
2018-02-22,220.31446838378906,280.0,283.3999938964844,278.20001220703125,280.20001220703125,7348437,yfinance,False
2018-02-23,224.87814331054688,285.79998779296875,285.79998779296875,282.0,283.0,7169074,yfinance,False
2018-02-26,232.74644470214844,295.79998779296875,295.79998779296875,288.20001220703125,290.0,14127138,yfinance,False
2018-02-27,228.02552795410156,289.79998779296875,297.20001220703125,288.79998779296875,296.79998779296875,13331855,yfinance,False
2018-02-28,223.4618377685547,284.0,289.6000061035156,282.20001220703125,287.0,10563349,yfinance,False
2018-03-01,229.4417724609375,291.6000061035156,291.6000061035156,279.6000061035156,281.3999938964844,11931731,yfinance,False
2018-03-02,224.87814331054688,285.79998779296875,288.6000061035156,285.0,285.79998779296875,7508021,yfinance,False
2018-03-05,218.11134338378906,277.20001220703125,288.20001220703125,277.20001220703125,285.0,10916574,yfinance,False
2018-03-06,222.67498779296875,283.0,284.6000061035156,279.0,282.3999938964844,7498437,yfinance,False
2018-03-07,218.74081420898438,278.0,284.0,277.6000061035156,279.6000061035156,7955406,yfinance,False
2018-03-08,222.67498779296875,283.0,284.0,280.20001220703125,281.3999938964844,7234540,yfinance,False
2018-03-09,223.61920166015625,284.20001220703125,286.3999938964844,283.20001220703125,285.0,4783908,yfinance,False
2018-03-12,229.9139404296875,292.20001220703125,292.20001220703125,287.0,288.3999938964844,10303133,yfinance,False
2018-03-13,228.96971130371094,291.0,292.3999938964844,288.20001220703125,291.3999938964844,5379331,yfinance,False
2018-03-14,227.39605712890625,289.0,289.6000061035156,286.0,288.0,4180331,yfinance,False
2018-03-15,227.86813354492188,289.6000061035156,290.0,286.0,286.0,4137276,yfinance,False
2018-03-16,221.88818359375,282.0,288.79998779296875,281.79998779296875,286.0,12388994,yfinance,False
2018-03-19,217.95396423339844,277.0,281.79998779296875,277.0,281.0,10276314,yfinance,False
2018-03-20,215.59347534179688,274.0,276.0,271.0,274.79998779296875,10992593,yfinance,False
2018-03-21,211.81666564941406,269.20001220703125,278.0,269.20001220703125,275.79998779296875,12437388,yfinance,False
2018-03-22,207.72509765625,264.0,271.0,261.3999938964844,270.0,13534962,yfinance,False
2018-03-23,202.0598602294922,256.79998779296875,259.0,253.60000610351562,255.0,17604382,yfinance,False
2018-03-26,204.73513793945312,260.20001220703125,260.79998779296875,255.0,255.0,10601261,yfinance,False
2018-03-27,207.25299072265625,263.3999938964844,265.79998779296875,262.20001220703125,264.79998779296875,9185432,yfinance,False
2018-03-28,200.8009033203125,255.1999969482422,260.79998779296875,255.0,260.0,9095751,yfinance,False
2018-03-29,200.8009033203125,255.1999969482422,257.3999938964844,251.8000030517578,255.60000610351562,7101895,yfinance,False
2018-04-03,198.91250610351562,252.8000030517578,254.39999389648438,250.0,253.0,7511452,yfinance,False
2018-04-04,195.92251586914062,249.0,257.79998779296875,249.0,253.60000610351562,6801059,yfinance,False
2018-04-06,197.18145751953125,250.60000610351562,253.8000030517578,248.0,251.60000610351562,5705905,yfinance,False
2018-04-09,200.95831298828125,255.39999389648438,257.79998779296875,250.39999389648438,251.39999389648438,8878147,yfinance,False
2018-04-10,205.20718383789062,260.79998779296875,262.0,254.0,254.0,8364158,yfinance,False
2018-04-11,208.19720458984375,264.6000061035156,270.3999938964844,259.20001220703125,260.20001220703125,14767252,yfinance,False
2018-04-12,208.82666015625,265.3999938964844,268.3999938964844,263.0,267.79998779296875,5872297,yfinance,False
2018-04-13,207.8824920654297,264.20001220703125,268.20001220703125,263.0,267.6000061035156,3911527,yfinance,False
2018-04-16,203.63352966308594,258.79998779296875,264.20001220703125,257.0,264.0,4765153,yfinance,False
2018-04-17,200.95831298828125,255.39999389648438,260.6000061035156,255.0,258.79998779296875,4425555,yfinance,False
2018-04-18,201.27301025390625,255.8000030517578,260.0,253.8000030517578,258.79998779296875,4512418,yfinance,False
2018-04-19,204.89248657226562,260.3999938964844,261.6000061035156,257.20001220703125,257.6000061035156,4754777,yfinance,False
2018-04-20,204.73513793945312,260.20001220703125,264.79998779296875,259.0,259.3999938964844,4821027,yfinance,False
2018-04-23,203.63352966308594,258.79998779296875,263.0,258.0,260.3999938964844,4415320,yfinance,False
2018-04-24,206.1514129638672,262.0,262.3999938964844,258.6000061035156,258.79998779296875,4567776,yfinance,False
2018-04-25,203.7908935546875,259.0,262.0,258.0,261.20001220703125,4668828,yfinance,False
2018-04-26,199.85670471191406,254.0,259.79998779296875,252.1999969482422,258.3999938964844,6828794,yfinance,False
2018-04-27,200.85142517089844,252.39999389648438,254.60000610351562,251.0,254.60000610351562,3761029,yfinance,False
2018-04-30,204.67112731933594,257.20001220703125,258.6000061035156,254.0,254.39999389648438,5818673,yfinance,False
2018-05-02,206.2626495361328,259.20001220703125,261.6000061035156,257.3999938964844,258.79998779296875,4873772,yfinance,False
2018-05-03,204.67112731933594,257.20001220703125,259.6000061035156,253.39999389648438,259.6000061035156,3706279,yfinance,False
2018-05-04,202.44297790527344,254.39999389648438,258.20001220703125,252.39999389648438,257.0,6078197,yfinance,False
2018-05-07,200.53314208984375,252.0,255.60000610351562,250.1999969482422,255.0,4558702,yfinance,False
2018-05-08,203.8753204345703,256.20001220703125,257.20001220703125,253.1999969482422,253.60000610351562,3924062,yfinance,False
2018-05-09,204.51193237304688,257.0,260.3999938964844,254.60000610351562,256.20001220703125,5337220,yfinance,False
2018-05-10,205.4668731689453,258.20001220703125,260.0,257.20001220703125,260.0,3518522,yfinance,False
2018-05-11,208.4907684326172,262.0,265.20001220703125,258.79998779296875,260.0,8714188,yfinance,False
2018-05-14,211.3555450439453,265.6000061035156,267.3999938964844,264.20001220703125,265.0,6858179,yfinance,False
2018-05-15,207.85421752929688,261.20001220703125,266.6000061035156,260.6000061035156,266.6000061035156,4938098,yfinance,False
2018-05-16,207.05845642089844,260.20001220703125,261.0,257.79998779296875,260.0,3769587,yfinance,False
2018-05-17,206.1034698486328,259.0,262.79998779296875,258.0,262.79998779296875,3713418,yfinance,False
2018-05-18,206.42178344726562,259.3999938964844,261.6000061035156,258.3999938964844,260.0,2960855,yfinance,False
2018-05-21,208.80911254882812,262.3999938964844,266.79998779296875,261.79998779296875,261.79998779296875,5969377,yfinance,False
2018-05-23,206.42178344726562,259.3999938964844,262.6000061035156,259.3999938964844,261.0,5463245,yfinance,False
2018-05-24,207.2175750732422,260.3999938964844,261.0,258.0,260.0,4260724,yfinance,False
2018-05-25,206.89926147460938,260.0,260.79998779296875,258.6000061035156,260.20001220703125,3777819,yfinance,False
2018-05-28,207.05845642089844,260.20001220703125,261.79998779296875,258.79998779296875,261.6000061035156,2799061,yfinance,False
2018-05-29,204.98939514160156,257.6000061035156,260.6000061035156,257.0,259.0,4033673,yfinance,False
2018-05-30,200.85142517089844,252.39999389648438,255.0,250.39999389648438,254.60000610351562,8836679,yfinance,False
2018-05-31,201.96551513671875,253.8000030517578,255.1999969482422,252.0,254.0,4599390,yfinance,False
2018-06-01,201.96551513671875,253.8000030517578,257.6000061035156,253.39999389648438,256.0,4190966,yfinance,False
2018-06-04,205.14859008789062,257.79998779296875,258.3999938964844,255.0,255.60000610351562,4322159,yfinance,False
2018-06-05,205.3076934814453,258.0,259.0,254.8000030517578,256.3999938964844,4835935,yfinance,False
2018-06-06,205.78515625,258.6000061035156,260.3999938964844,257.3999938964844,258.0,3560059,yfinance,False
2018-06-07,209.6048583984375,263.3999938964844,265.3999938964844,260.79998779296875,261.20001220703125,9786650,yfinance,False
2018-06-08,206.89926147460938,260.0,262.79998779296875,259.20001220703125,261.3999938964844,4529256,yfinance,False
2018-06-11,207.85421752929688,261.20001220703125,262.79998779296875,259.20001220703125,259.79998779296875,2749068,yfinance,False
2018-06-12,207.37673950195312,260.6000061035156,262.6000061035156,259.20001220703125,260.0,2511219,yfinance,False
2018-06-13,204.98939514160156,257.6000061035156,260.79998779296875,257.3999938964844,260.79998779296875,4327445,yfinance,False
2018-06-14,203.3978729248047,255.60000610351562,258.20001220703125,254.0,256.0,5289458,yfinance,False
2018-06-15,203.23873901367188,255.39999389648438,256.3999938964844,254.60000610351562,255.0,4495212,yfinance,False
2018-06-19,197.19088745117188,247.8000030517578,252.60000610351562,247.1999969482422,252.0,14581497,yfinance,False
2018-06-20,197.50918579101562,248.1999969482422,251.39999389648438,245.0,248.0,5785575,yfinance,False
2018-06-21,194.1669921875,244.0,250.1999969482422,242.1999969482422,248.1999969482422,8418594,yfinance,False
2018-06-22,192.73460388183594,242.1999969482422,242.60000610351562,240.0,241.0,7800273,yfinance,False
2018-06-25,190.34727478027344,239.1999969482422,244.1999969482422,237.60000610351562,242.0,7806101,yfinance,False
2018-06-26,188.4374542236328,236.8000030517578,238.0,232.60000610351562,237.60000610351562,9460374,yfinance,False
2018-06-27,183.3445587158203,230.39999389648438,237.8000030517578,230.0,237.1999969482422,10667129,yfinance,False
2018-06-28,184.9361114501953,232.39999389648438,234.39999389648438,228.0,230.39999389648438,9493211,yfinance,False
2018-06-29,187.80087280273438,236.0,237.0,232.0,232.0,6443177,yfinance,False
2018-07-03,185.57272338867188,233.1999969482422,234.39999389648438,228.39999389648438,231.8000030517578,7281331,yfinance,False
2018-07-04,182.70794677734375,229.60000610351562,234.0,227.60000610351562,233.1999969482422,5944471,yfinance,False
2018-07-05,180.95726013183594,227.39999389648438,231.0,225.1999969482422,230.1999969482422,6536464,yfinance,False
2018-07-06,182.07130432128906,228.8000030517578,230.60000610351562,225.39999389648438,228.39999389648438,6235965,yfinance,False
2018-07-09,185.41355895996094,233.0,234.60000610351562,230.60000610351562,232.60000610351562,5721784,yfinance,False
2018-07-10,186.2093048095703,234.0,237.60000610351562,234.0,234.0,5017550,yfinance,False
2018-07-11,184.4586639404297,231.8000030517578,233.0,229.39999389648438,229.39999389648438,4072204,yfinance,False
2018-07-12,185.7318878173828,233.39999389648438,235.0,231.39999389648438,231.60000610351562,3571513,yfinance,False
2018-07-13,186.3684844970703,234.1999969482422,236.8000030517578,233.8000030517578,236.60000610351562,3506651,yfinance,False
2018-07-16,186.05018615722656,233.8000030517578,236.0,231.60000610351562,236.0,1973291,yfinance,False
2018-07-17,184.6177978515625,232.0,235.39999389648438,230.8000030517578,231.0,3975458,yfinance,False
2018-07-18,185.7318878173828,233.39999389648438,235.39999389648438,231.60000610351562,235.0,4746059,yfinance,False
2018-07-19,184.9361114501953,232.39999389648438,234.8000030517578,232.1999969482422,233.0,2146768,yfinance,False
2018-07-20,186.3684844970703,234.1999969482422,235.39999389648438,228.39999389648438,230.8000030517578,5290323,yfinance,False
2018-07-23,186.2093048095703,234.0,235.39999389648438,231.8000030517578,234.60000610351562,2577466,yfinance,False
2018-07-24,188.75576782226562,237.1999969482422,238.0,232.60000610351562,232.60000610351562,5767927,yfinance,False
2018-07-25,190.1881561279297,239.0,240.0,237.60000610351562,238.8000030517578,4368799,yfinance,False
2018-07-26,188.91488647460938,237.39999389648438,240.0,234.60000610351562,240.0,3198554,yfinance,False
2018-07-27,188.4374542236328,236.8000030517578,238.39999389648438,235.0,238.39999389648438,1973567,yfinance,False
2018-07-30,187.1642303466797,235.1999969482422,237.60000610351562,233.1999969482422,235.60000610351562,3248728,yfinance,False
2018-07-31,184.29946899414062,231.60000610351562,238.0,231.0,238.0,4163626,yfinance,False
2018-08-01,182.38961791992188,229.1999969482422,234.0,228.60000610351562,231.8000030517578,4101549,yfinance,False
2018-08-02,178.4108123779297,224.1999969482422,229.1999969482422,223.0,228.0,6510709,yfinance,False
2018-08-03,178.25164794921875,224.0,225.1999969482422,222.60000610351562,224.39999389648438,4057089,yfinance,False
2018-08-06,178.25164794921875,224.0,227.1999969482422,222.60000610351562,224.0,3265071,yfinance,False
2018-08-07,180.4797821044922,226.8000030517578,226.8000030517578,223.1999969482422,225.1999969482422,2993739,yfinance,False
2018-08-08,182.23048400878906,229.0,232.8000030517578,226.0,227.0,5849061,yfinance,False
2018-08-09,184.7769317626953,232.1999969482422,233.8000030517578,227.39999389648438,228.0,4367938,yfinance,False
2018-08-10,183.1854248046875,230.1999969482422,233.60000610351562,229.0,233.60000610351562,2977230,yfinance,False
2018-08-13,181.11643981933594,227.60000610351562,228.8000030517578,226.60000610351562,227.60000610351562,2988025,yfinance,False
2018-08-14,178.4108123779297,224.1999969482422,227.39999389648438,223.39999389648438,227.0,4450471,yfinance,False
2018-08-15,175.38690185546875,220.39999389648438,225.0,220.0,224.8000030517578,4787903,yfinance,False
2018-08-16,174.11367797851562,218.8000030517578,223.0,217.39999389648438,217.8000030517578,5745034,yfinance,False
2018-08-17,175.06858825683594,220.0,222.0,218.1999969482422,221.0,4338080,yfinance,False
2018-08-20,178.5699462890625,224.39999389648438,224.8000030517578,220.39999389648438,221.0,5305766,yfinance,False
2018-08-21,179.08766174316406,221.39999389648438,223.8000030517578,220.1999969482422,221.0,5405961,yfinance,False
2018-08-22,181.02899169921875,223.8000030517578,224.60000610351562,219.0,220.39999389648438,4766873,yfinance,False
2018-08-23,179.8965301513672,222.39999389648438,225.0,221.39999389648438,224.0,2849350,yfinance,False
2018-08-24,179.08766174316406,221.39999389648438,222.8000030517578,220.0,220.1999969482422,2484256,yfinance,False
2018-08-27,182.80853271484375,226.0,227.60000610351562,223.0,223.8000030517578,4861229,yfinance,False
2018-08-28,186.20587158203125,230.1999969482422,232.8000030517578,228.39999389648438,230.0,9375339,yfinance,False
2018-08-29,185.88233947753906,229.8000030517578,231.60000610351562,227.8000030517578,230.0,4525150,yfinance,False
2018-08-30,184.58810424804688,228.1999969482422,231.8000030517578,227.39999389648438,231.8000030517578,2830609,yfinance,False
2018-08-31,180.7053985595703,223.39999389648438,225.8000030517578,223.1999969482422,225.8000030517578,5150120,yfinance,False
2018-09-03,179.5729522705078,222.0,224.8000030517578,220.8000030517578,222.60000610351562,4007340,yfinance,False
2018-09-04,181.6761016845703,224.60000610351562,224.8000030517578,220.60000610351562,221.60000610351562,2798190,yfinance,False
2018-09-05,177.79344177246094,219.8000030517578,224.8000030517578,218.8000030517578,223.60000610351562,4189898,yfinance,False
2018-09-06,175.85208129882812,217.39999389648438,221.0,215.60000610351562,219.0,4054288,yfinance,False
2018-09-07,175.36679077148438,216.8000030517578,219.0,213.1999969482422,216.8000030517578,4211542,yfinance,False
2018-09-10,173.42547607421875,214.39999389648438,217.0,212.0,216.8000030517578,4666347,yfinance,False
2018-09-11,170.83700561523438,211.1999969482422,215.39999389648438,211.0,214.39999389648438,4476545,yfinance,False
2018-09-12,169.54278564453125,209.60000610351562,211.39999389648438,207.39999389648438,211.0,4973226,yfinance,False
2018-09-13,176.33741760253906,218.0,218.0,212.8000030517578,213.0,6712518,yfinance,False
2018-09-14,178.7641143798828,221.0,221.60000610351562,218.0,220.0,5740435,yfinance,False
2018-09-17,176.17564392089844,217.8000030517578,219.1999969482422,215.8000030517578,217.39999389648438,3770928,yfinance,False
2018-09-18,178.2787628173828,220.39999389648438,221.39999389648438,215.39999389648438,217.1999969482422,4065959,yfinance,False
2018-09-19,181.51429748535156,224.39999389648438,226.0,219.39999389648438,220.39999389648438,6523329,yfinance,False
2018-09-20,181.99966430664062,225.0,226.8000030517578,223.60000610351562,226.8000030517578,4618558,yfinance,False
2018-09-21,185.23519897460938,229.0,229.8000030517578,223.0,226.8000030517578,7795846,yfinance,False
2018-09-24,181.1907501220703,224.0,228.8000030517578,223.60000610351562,228.1999969482422,3289511,yfinance,False
2018-09-26,183.617431640625,227.0,229.1999969482422,223.8000030517578,223.8000030517578,6016068,yfinance,False
2018-09-27,182.97030639648438,226.1999969482422,228.39999389648438,224.1999969482422,228.0,4032300,yfinance,False
2018-09-28,181.1907501220703,224.0,227.8000030517578,223.39999389648438,227.60000610351562,4428713,yfinance,False
2018-10-02,176.82278442382812,218.60000610351562,226.8000030517578,218.1999969482422,226.8000030517578,4886938,yfinance,False
2018-10-03,175.85208129882812,217.39999389648438,219.39999389648438,216.1999969482422,218.1999969482422,3880773,yfinance,False
2018-10-04,173.42547607421875,214.39999389648438,217.1999969482422,214.39999389648438,216.0,3456331,yfinance,False
2018-10-05,172.9401092529297,213.8000030517578,214.60000610351562,211.0,212.1999969482422,3868274,yfinance,False
2018-10-08,170.3516845703125,210.60000610351562,215.8000030517578,210.0,214.8000030517578,4249380,yfinance,False
2018-10-09,170.3516845703125,210.60000610351562,212.60000610351562,208.60000610351562,211.0,4296880,yfinance,False
2018-10-10,168.89569091796875,208.8000030517578,211.8000030517578,208.8000030517578,210.60000610351562,3238930,yfinance,False
2018-10-11,159.1081085205078,196.6999969482422,206.8000030517578,195.60000610351562,200.60000610351562,14313440,yfinance,False
2018-10-12,162.58633422851562,201.0,202.39999389648438,197.5,198.0,6167062,yfinance,False
2018-10-15,161.29209899902344,199.39999389648438,201.60000610351562,198.0,200.60000610351562,4310053,yfinance,False
2018-10-16,161.61569213867188,199.8000030517578,202.0,198.0,201.0,3054423,yfinance,False
2018-10-18,164.04232788085938,202.8000030517578,208.1999969482422,201.39999389648438,208.1999969482422,7437505,yfinance,False
2018-10-19,169.0574493408203,209.0,210.60000610351562,200.1999969482422,200.8000030517578,9764832,yfinance,False
2018-10-22,174.7196807861328,216.0,217.8000030517578,209.0,209.0,9098932,yfinance,False
2018-10-23,169.54278564453125,209.60000610351562,218.0,209.0,218.0,8038331,yfinance,False
2018-10-24,170.6752471923828,211.0,215.8000030517578,210.39999389648438,213.0,5208755,yfinance,False
2018-10-25,170.3516845703125,210.60000610351562,211.39999389648438,205.8000030517578,207.0,5159519,yfinance,False
2018-10-26,168.89569091796875,208.8000030517578,213.0,207.0,211.8000030517578,3941704,yfinance,False
2018-10-29,166.14544677734375,205.39999389648438,212.1999969482422,204.60000610351562,212.1999969482422,6116019,yfinance,False
2018-10-30,165.4983673095703,204.60000610351562,209.0,203.1999969482422,203.8000030517578,3221387,yfinance,False
2018-10-31,168.24856567382812,208.0,208.39999389648438,205.0,205.8000030517578,3510957,yfinance,False
2018-11-01,172.77833557128906,213.60000610351562,214.39999389648438,209.0,213.0,5547425,yfinance,False
2018-11-02,183.77919006347656,227.1999969482422,228.0,220.60000610351562,221.1999969482422,16687938,yfinance,False
2018-11-05,178.7641143798828,221.0,224.8000030517578,220.0,224.8000030517578,4170461,yfinance,False
2018-11-06,179.4112091064453,221.8000030517578,222.8000030517578,218.8000030517578,222.8000030517578,2878255,yfinance,False
2018-11-07,181.51429748535156,224.39999389648438,230.39999389648438,220.0,221.8000030517578,6696239,yfinance,False
2018-11-08,183.617431640625,227.0,229.39999389648438,225.39999389648438,227.0,5794673,yfinance,False
2018-11-09,179.08766174316406,221.39999389648438,227.0,220.1999969482422,227.0,3368767,yfinance,False
2018-11-12,180.22010803222656,222.8000030517578,223.8000030517578,221.0,222.1999969482422,2024085,yfinance,False
2018-11-13,181.837890625,224.8000030517578,224.8000030517578,216.1999969482422,217.60000610351562,3893338,yfinance,False
2018-11-14,182.48500061035156,225.60000610351562,227.0,223.60000610351562,227.0,2336716,yfinance,False
2018-11-15,185.23519897460938,229.0,229.8000030517578,224.0,226.60000610351562,4623745,yfinance,False
2018-11-16,184.7498779296875,228.39999389648438,230.0,226.0,229.0,2801169,yfinance,False
2018-11-19,184.42633056640625,228.0,230.60000610351562,227.39999389648438,228.0,3269400,yfinance,False
2018-11-20,181.3525390625,224.1999969482422,228.0,224.0,227.0,3136237,yfinance,False
2018-11-21,181.99966430664062,225.0,225.39999389648438,222.0,224.1999969482422,2609684,yfinance,False
2018-11-22,183.13206481933594,226.39999389648438,228.60000610351562,223.0,226.0,3124021,yfinance,False
2018-11-23,182.80853271484375,226.0,227.39999389648438,224.60000610351562,226.8000030517578,1853028,yfinance,False
2018-11-26,185.5587615966797,229.39999389648438,230.60000610351562,226.8000030517578,228.60000610351562,3458806,yfinance,False
2018-11-27,184.58810424804688,228.1999969482422,230.0,226.8000030517578,229.60000610351562,2517837,yfinance,False
2018-11-28,186.3676300048828,230.39999389648438,230.60000610351562,227.8000030517578,229.1999969482422,3239279,yfinance,False
2018-11-29,184.58810424804688,228.1999969482422,232.0,227.8000030517578,231.8000030517578,3077753,yfinance,False
2018-11-30,184.42633056640625,228.0,229.39999389648438,227.60000610351562,228.8000030517578,3034537,yfinance,False
2018-12-03,190.0885009765625,235.0,235.8000030517578,231.60000610351562,233.0,8370860,yfinance,False
2018-12-04,193.97117614746094,239.8000030517578,239.8000030517578,233.8000030517578,234.0,6523305,yfinance,False
2018-12-05,190.7356414794922,235.8000030517578,237.0,233.8000030517578,235.0,3800223,yfinance,False
2018-12-06,186.85299682617188,231.0,234.0,228.39999389648438,233.1999969482422,5613686,yfinance,False
2018-12-07,185.23519897460938,229.0,235.0,229.0,235.0,3585495,yfinance,False
2018-12-10,182.3231964111328,225.39999389648438,227.60000610351562,223.1999969482422,227.1999969482422,3512641,yfinance,False
2018-12-11,183.617431640625,227.0,228.39999389648438,225.0,226.0,1983323,yfinance,False
2018-12-12,186.04408264160156,230.0,230.8000030517578,226.1999969482422,228.8000030517578,3213661,yfinance,False
2018-12-13,189.44142150878906,234.1999969482422,234.60000610351562,230.8000030517578,231.39999389648438,3900959,yfinance,False
2018-12-14,187.82362365722656,232.1999969482422,232.8000030517578,231.0,231.60000610351562,2513495,yfinance,False
2018-12-17,187.01470947265625,231.1999969482422,233.1999969482422,230.39999389648438,233.0,2638882,yfinance,False
2018-12-18,185.7205352783203,229.60000610351562,232.60000610351562,228.60000610351562,231.0,3166073,yfinance,False
2018-12-19,187.17654418945312,231.39999389648438,231.39999389648438,230.0,231.39999389648438,2092546,yfinance,False
2018-12-20,184.102783203125,227.60000610351562,232.0,226.39999389648438,231.1999969482422,3106009,yfinance,False
2018-12-21,184.58810424804688,228.1999969482422,229.0,224.1999969482422,227.0,4268967,yfinance,False
2018-12-24,184.102783203125,227.60000610351562,227.60000610351562,225.0,226.1999969482422,972560,yfinance,False
2018-12-27,182.16143798828125,225.1999969482422,231.1999969482422,224.60000610351562,228.0,2560428,yfinance,False
2018-12-28,182.16143798828125,225.1999969482422,227.0,223.8000030517578,225.1999969482422,2254031,yfinance,False
2018-12-31,183.2938690185547,226.60000610351562,229.0,226.0,227.0,1728360,yfinance,False
2019-01-02,179.5729522705078,222.0,228.60000610351562,221.1999969482422,228.60000610351562,3769442,yfinance,False
2019-01-03,178.92588806152344,221.1999969482422,223.8000030517578,218.8000030517578,223.0,3193250,yfinance,False
2019-01-04,183.617431640625,227.0,227.0,220.0,221.0,3875208,yfinance,False
2019-01-07,186.85299682617188,231.0,232.0,228.8000030517578,230.0,3896748,yfinance,False
2019-01-08,185.39695739746094,229.1999969482422,231.60000610351562,228.39999389648438,231.39999389648438,1947544,yfinance,False
2019-01-09,190.7356414794922,235.8000030517578,237.0,229.8000030517578,232.1999969482422,6392848,yfinance,False
2019-01-10,189.2796173095703,234.0,236.0,231.39999389648438,232.60000610351562,3132511,yfinance,False
2019-01-11,190.0885009765625,235.0,235.60000610351562,233.60000610351562,235.1999969482422,2304079,yfinance,False
2019-01-14,188.63253784179688,233.1999969482422,235.60000610351562,231.0,235.0,1736782,yfinance,False
2019-01-15,191.70632934570312,237.0,237.0,233.0,234.1999969482422,3615384,yfinance,False
2019-01-16,193.0005340576172,238.60000610351562,238.60000610351562,234.60000610351562,234.60000610351562,3005275,yfinance,False
2019-01-17,192.677001953125,238.1999969482422,240.60000610351562,237.1999969482422,239.0,3923574,yfinance,False
2019-01-18,193.6476287841797,239.39999389648438,240.39999389648438,238.1999969482422,239.60000610351562,4191019,yfinance,False
2019-01-21,196.5596160888672,243.0,245.39999389648438,240.8000030517578,242.0,6480424,yfinance,False
2019-01-22,194.94186401367188,241.0,243.8000030517578,239.60000610351562,242.1999969482422,3253243,yfinance,False
2019-01-23,194.29473876953125,240.1999969482422,242.8000030517578,239.1999969482422,241.0,2139092,yfinance,False
2019-01-24,194.29473876953125,240.1999969482422,242.0,239.39999389648438,242.0,1571518,yfinance,False
2019-01-25,196.39785766601562,242.8000030517578,243.60000610351562,241.0,241.60000610351562,3070120,yfinance,False
2019-01-28,197.36851501464844,244.0,245.0,242.0,243.60000610351562,3502077,yfinance,False
2019-01-29,195.750732421875,242.0,243.8000030517578,240.1999969482422,243.60000610351562,2930018,yfinance,False
2019-01-30,195.1036376953125,241.1999969482422,243.8000030517578,239.8000030517578,243.8000030517578,3164923,yfinance,False
2019-01-31,197.36851501464844,244.0,244.60000610351562,242.60000610351562,244.0,3549117,yfinance,False
2019-02-01,197.04495239257812,243.60000610351562,246.0,242.0,245.60000610351562,2931515,yfinance,False
2019-02-04,197.2067413330078,243.8000030517578,245.1999969482422,241.1999969482422,245.1999969482422,1656368,yfinance,False
2019-02-08,194.78004455566406,240.8000030517578,243.8000030517578,240.1999969482422,243.8000030517578,2925165,yfinance,False
2019-02-11,195.5889892578125,241.8000030517578,242.1999969482422,238.39999389648438,240.8000030517578,2820420,yfinance,False
2019-02-12,203.83963012695312,252.0,253.0,244.0,245.1999969482422,14083664,yfinance,False
2019-02-13,209.34002685546875,258.79998779296875,260.3999938964844,254.0,256.0,12189940,yfinance,False
2019-02-14,208.53118896484375,257.79998779296875,259.0,256.0,258.20001220703125,4564838,yfinance,False
2019-02-15,203.03073120117188,251.0,257.0,250.39999389648438,256.3999938964844,5994014,yfinance,False
2019-02-18,204.6484832763672,253.0,255.60000610351562,252.0,255.0,4173119,yfinance,False
2019-02-19,208.20761108398438,257.3999938964844,261.3999938964844,253.0,255.0,7451538,yfinance,False
2019-02-20,210.3107147216797,260.0,260.20001220703125,257.20001220703125,258.3999938964844,5470103,yfinance,False
2019-02-21,213.54623413085938,264.0,266.0,258.6000061035156,260.3999938964844,8224236,yfinance,False
2019-02-22,215.81114196777344,266.79998779296875,266.79998779296875,262.6000061035156,264.6000061035156,5309204,yfinance,False
2019-02-25,221.47335815429688,273.79998779296875,275.0,268.20001220703125,269.3999938964844,11793378,yfinance,False
2019-02-26,218.39955139160156,270.0,276.79998779296875,269.6000061035156,276.0,9302240,yfinance,False
2019-02-27,216.78179931640625,268.0,277.6000061035156,267.20001220703125,273.0,12288419,yfinance,False
2019-02-28,218.88490295410156,270.6000061035156,274.6000061035156,266.0,266.20001220703125,7309971,yfinance,False
2019-03-01,222.76754760742188,275.3999938964844,275.3999938964844,270.6000061035156,273.79998779296875,6925893,yfinance,False
2019-03-04,225.8413543701172,279.20001220703125,281.0,275.20001220703125,275.6000061035156,9818688,yfinance,False
2019-03-05,224.54713439941406,277.6000061035156,280.6000061035156,275.3999938964844,278.3999938964844,5117149,yfinance,False
2019-03-06,225.3560333251953,278.6000061035156,279.3999938964844,276.0,276.3999938964844,3972790,yfinance,False
2019-03-07,219.69386291503906,271.6000061035156,277.3999938964844,270.20001220703125,275.79998779296875,5616006,yfinance,False
2019-03-08,215.64935302734375,266.6000061035156,269.79998779296875,264.3999938964844,269.0,6030242,yfinance,False
2019-03-11,220.1791229248047,272.20001220703125,272.20001220703125,267.3999938964844,267.79998779296875,5018939,yfinance,False
2019-03-12,226.94491577148438,277.3999938964844,278.20001220703125,272.20001220703125,273.0,7856320,yfinance,False
2019-03-13,225.30868530273438,275.3999938964844,277.79998779296875,273.79998779296875,277.3999938964844,4898352,yfinance,False
2019-03-14,222.85438537597656,272.3999938964844,277.6000061035156,272.0,277.0,3801515,yfinance,False
2019-03-15,224.8178253173828,274.79998779296875,277.3999938964844,272.0,272.20001220703125,4627171,yfinance,False
2019-03-18,229.56289672851562,280.6000061035156,281.79998779296875,276.20001220703125,277.3999938964844,6892674,yfinance,False
2019-03-19,227.76304626464844,278.3999938964844,281.0,275.3999938964844,281.0,4220149,yfinance,False
2019-03-20,224.16334533691406,274.0,278.0,273.3999938964844,276.20001220703125,4526182,yfinance,False
2019-03-21,222.52713012695312,272.0,276.0,271.3999938964844,275.79998779296875,4597321,yfinance,False
2019-03-22,223.18161010742188,272.79998779296875,275.3999938964844,270.6000061035156,275.20001220703125,3678448,yfinance,False
2019-03-25,217.12757873535156,265.3999938964844,269.20001220703125,264.6000061035156,266.0,7259875,yfinance,False
2019-03-26,217.45481872558594,265.79998779296875,268.3999938964844,264.20001220703125,266.6000061035156,4033667,yfinance,False
2019-03-27,219.41824340820312,268.20001220703125,269.20001220703125,265.79998779296875,265.79998779296875,3657578,yfinance,False
2019-03-28,218.7637939453125,267.3999938964844,268.6000061035156,263.20001220703125,267.3999938964844,3917147,yfinance,False
2019-03-29,223.8361053466797,273.6000061035156,274.0,268.20001220703125,269.0,5012767,yfinance,False
2019-04-01,227.10858154296875,277.6000061035156,278.0,275.3999938964844,275.3999938964844,5464137,yfinance,False
2019-04-02,227.92666625976562,278.6000061035156,280.79998779296875,277.6000061035156,279.20001220703125,5712247,yfinance,False
2019-04-03,229.72650146484375,280.79998779296875,281.0,278.6000061035156,280.0,6455536,yfinance,False
2019-04-04,229.072021484375,280.0,280.6000061035156,277.0,280.6000061035156,3775903,yfinance,False
2019-04-08,233.48985290527344,285.3999938964844,286.20001220703125,280.6000061035156,281.0,9742701,yfinance,False
2019-04-09,231.0354766845703,282.3999938964844,285.79998779296875,281.6000061035156,284.20001220703125,6048539,yfinance,False
2019-04-10,229.89013671875,281.0,281.3999938964844,277.6000061035156,280.0,3513667,yfinance,False
2019-04-11,226.61769104003906,277.0,282.6000061035156,276.79998779296875,282.0,4360055,yfinance,False
2019-04-12,226.2904815673828,276.6000061035156,278.0,274.0,277.0,3702156,yfinance,False
2019-04-15,224.49061584472656,274.3999938964844,282.0,274.0,278.6000061035156,4516909,yfinance,False
2019-04-16,227.43582153320312,278.0,279.0,274.0,276.20001220703125,2819680,yfinance,False
2019-04-17,227.43582153320312,278.0,279.0,275.20001220703125,279.0,2441744,yfinance,False
2019-04-18,226.78128051757812,277.20001220703125,278.0,276.0,278.0,2404346,yfinance,False
2019-04-23,226.61769104003906,277.0,279.3999938964844,273.20001220703125,275.20001220703125,2924776,yfinance,False
2019-04-24,223.6724853515625,273.3999938964844,278.6000061035156,273.0,277.20001220703125,4319162,yfinance,False
2019-04-25,221.21815490722656,270.3999938964844,274.6000061035156,270.3999938964844,273.0,3151898,yfinance,False
2019-04-26,223.18161010742188,272.79998779296875,273.0,270.3999938964844,270.3999938964844,2767078,yfinance,False
2019-04-29,223.99974060058594,273.79998779296875,274.6000061035156,271.79998779296875,273.79998779296875,2269043,yfinance,False
2019-04-30,222.52713012695312,272.0,273.79998779296875,270.0,273.79998779296875,2682273,yfinance,False
2019-05-02,226.45404052734375,276.79998779296875,278.79998779296875,270.0,270.0,5042004,yfinance,False
2019-05-03,227.59938049316406,278.20001220703125,279.79998779296875,274.0,277.3999938964844,2822914,yfinance,False
2019-05-06,217.61842346191406,266.0,269.20001220703125,265.0,267.20001220703125,10175617,yfinance,False
2019-05-07,216.96392822265625,265.20001220703125,268.0,262.3999938964844,268.0,4986155,yfinance,False
2019-05-08,213.52784729003906,261.0,266.20001220703125,260.3999938964844,261.0,5314692,yfinance,False
2019-05-09,202.89239501953125,248.0,259.6000061035156,247.39999389648438,258.79998779296875,15028277,yfinance,False
2019-05-10,206.1648406982422,252.0,255.0,246.0,251.0,8571879,yfinance,False
2019-05-14,202.23788452148438,247.1999969482422,250.0,244.60000610351562,245.0,7973803,yfinance,False
2019-05-15,202.89239501953125,248.0,251.60000610351562,248.0,248.0,3573988,yfinance,False
2019-05-16,202.56515502929688,247.60000610351562,249.39999389648438,245.8000030517578,247.39999389648438,2492994,yfinance,False
2019-05-17,200.11080932617188,244.60000610351562,249.60000610351562,243.1999969482422,249.60000610351562,5062871,yfinance,False
2019-05-20,198.1472930908203,242.1999969482422,244.8000030517578,239.0,243.0,6929731,yfinance,False
2019-05-21,200.11080932617188,244.60000610351562,247.8000030517578,242.0,242.0,3884374,yfinance,False
2019-05-22,204.2013397216797,249.60000610351562,250.60000610351562,245.8000030517578,247.60000610351562,5474427,yfinance,False
2019-05-23,201.5833740234375,246.39999389648438,247.8000030517578,245.39999389648438,246.0,3954349,yfinance,False
2019-05-24,202.89239501953125,248.0,249.39999389648438,246.0,248.8000030517578,4139230,yfinance,False
2019-05-27,203.87408447265625,249.1999969482422,251.39999389648438,246.0,248.0,3333694,yfinance,False
2019-05-28,208.29193115234375,254.60000610351562,258.0,252.39999389648438,252.60000610351562,8357125,yfinance,False
2019-05-29,208.94642639160156,255.39999389648438,257.79998779296875,253.60000610351562,257.0,5094020,yfinance,False
2019-05-30,205.83755493164062,251.60000610351562,256.20001220703125,250.8000030517578,256.0,5822690,yfinance,False
2019-05-31,204.03775024414062,249.39999389648438,253.0,247.60000610351562,250.0,3699876,yfinance,False
2019-06-03,201.7470245361328,246.60000610351562,248.39999389648438,243.60000610351562,247.39999389648438,3565386,yfinance,False
2019-06-04,200.11080932617188,244.60000610351562,249.39999389648438,244.1999969482422,249.39999389648438,4049820,yfinance,False
2019-06-05,203.54685974121094,248.8000030517578,250.39999389648438,246.8000030517578,249.0,4742195,yfinance,False
2019-06-06,205.0194854736328,250.60000610351562,254.0,249.39999389648438,250.0,4017953,yfinance,False
2019-06-10,211.0735321044922,258.0,258.0,253.1999969482422,257.0,6555626,yfinance,False
2019-06-11,216.63668823242188,264.79998779296875,266.79998779296875,259.0,259.79998779296875,8382651,yfinance,False
2019-06-12,212.05526733398438,259.20001220703125,262.20001220703125,258.3999938964844,262.0,4844931,yfinance,False
2019-06-13,214.67323303222656,262.3999938964844,262.79998779296875,255.0,258.20001220703125,5744564,yfinance,False
2019-06-14,213.03697204589844,260.3999938964844,262.3999938964844,258.20001220703125,261.6000061035156,3299767,yfinance,False
2019-06-17,215.8185577392578,263.79998779296875,264.79998779296875,261.6000061035156,263.3999938964844,5284843,yfinance,False
2019-06-18,221.70904541015625,271.0,271.20001220703125,264.20001220703125,265.3999938964844,11479952,yfinance,False
2019-06-19,227.27218627929688,277.79998779296875,278.6000061035156,275.6000061035156,278.0,9060410,yfinance,False
2019-06-20,227.59938049316406,278.20001220703125,279.0,276.0,277.79998779296875,5070032,yfinance,False
2019-06-21,226.45404052734375,276.79998779296875,278.6000061035156,274.3999938964844,278.0,6527586,yfinance,False
2019-06-24,226.12681579589844,276.3999938964844,279.0,275.20001220703125,275.20001220703125,3057332,yfinance,False
2019-06-25,222.69076538085938,272.20001220703125,277.0,271.6000061035156,276.3999938964844,4373997,yfinance,False
2019-06-26,223.50885009765625,273.20001220703125,275.6000061035156,270.79998779296875,271.0,2404531,yfinance,False
2019-06-27,226.61769104003906,277.0,277.0,274.0,275.0,3463492,yfinance,False
2019-06-28,225.6359100341797,275.79998779296875,277.0,272.6000061035156,277.0,3182699,yfinance,False
2019-07-02,229.072021484375,280.0,282.0,279.0,280.0,5599283,yfinance,False
2019-07-03,228.74478149414062,279.6000061035156,280.0,278.0,280.0,2247413,yfinance,False
2019-07-04,227.43582153320312,278.0,281.20001220703125,278.0,278.3999938964844,2148082,yfinance,False
2019-07-05,227.76304626464844,278.3999938964844,279.0,275.6000061035156,278.0,1782118,yfinance,False
2019-07-08,224.3269805908203,274.20001220703125,276.0,272.20001220703125,276.0,2939232,yfinance,False
2019-07-09,221.3817596435547,270.6000061035156,274.0,270.20001220703125,272.3999938964844,3525973,yfinance,False
2019-07-10,221.54534912109375,270.79998779296875,274.20001220703125,270.79998779296875,272.20001220703125,2564475,yfinance,False
2019-07-11,223.6724853515625,273.3999938964844,274.6000061035156,272.20001220703125,273.20001220703125,2098834,yfinance,False
2019-07-12,225.30868530273438,275.3999938964844,276.0,272.79998779296875,274.79998779296875,2715160,yfinance,False
2019-07-15,222.69076538085938,272.20001220703125,273.3999938964844,269.3999938964844,272.0,6003246,yfinance,False
2019-07-16,223.8361053466797,273.6000061035156,274.79998779296875,272.20001220703125,272.20001220703125,2521320,yfinance,False
2019-07-17,223.8361053466797,273.6000061035156,273.79998779296875,270.79998779296875,272.0,1778548,yfinance,False
2019-07-18,223.34523010253906,273.0,273.3999938964844,271.6000061035156,271.6000061035156,1401058,yfinance,False
2019-07-19,223.6724853515625,273.3999938964844,274.79998779296875,271.0,274.0,4145022,yfinance,False
2019-07-22,218.1092987060547,266.6000061035156,272.3999938964844,265.3999938964844,272.0,6150997,yfinance,False
2019-07-23,218.7637939453125,267.3999938964844,268.0,266.0,266.20001220703125,2320258,yfinance,False
2019-07-24,218.27293395996094,266.79998779296875,270.3999938964844,265.3999938964844,267.3999938964844,4683963,yfinance,False
2019-07-25,219.9091339111328,268.79998779296875,270.0,265.0,265.79998779296875,3011046,yfinance,False
2019-07-26,219.7455291748047,268.6000061035156,270.20001220703125,267.3999938964844,268.0,2074046,yfinance,False
2019-07-29,216.80032348632812,265.0,268.0,263.20001220703125,267.0,3426922,yfinance,False
2019-07-30,217.9456787109375,266.3999938964844,267.79998779296875,265.3999938964844,267.0,2813202,yfinance,False
2019-07-31,217.29116821289062,265.6000061035156,266.3999938964844,262.20001220703125,264.0,2547077,yfinance,False
2019-08-01,216.47303771972656,264.6000061035156,266.79998779296875,261.79998779296875,261.79998779296875,3779697,yfinance,False
2019-08-02,209.6009063720703,256.20001220703125,261.0,254.1999969482422,259.6000061035156,8133449,yfinance,False
2019-08-05,202.72872924804688,247.8000030517578,252.0,247.1999969482422,250.39999389648438,8476649,yfinance,False
2019-08-06,200.27439880371094,244.8000030517578,245.60000610351562,238.0,238.0,11988318,yfinance,False
2019-08-07,201.7470245361328,246.60000610351562,246.8000030517578,241.8000030517578,243.1999969482422,4839857,yfinance,False
2019-08-08,201.91064453125,246.8000030517578,248.8000030517578,244.8000030517578,244.8000030517578,4542579,yfinance,False
2019-08-09,198.1472930908203,242.1999969482422,249.39999389648438,241.8000030517578,249.1999969482422,4886283,yfinance,False
2019-08-12,196.18385314941406,239.8000030517578,241.8000030517578,239.39999389648438,240.8000030517578,4997493,yfinance,False
2019-08-13,191.4387664794922,234.0,237.1999969482422,233.39999389648438,236.1999969482422,7937918,yfinance,False
2019-08-14,192.42047119140625,235.1999969482422,240.8000030517578,231.1999969482422,240.0,6228560,yfinance,False
2019-08-15,194.7112274169922,238.0,239.39999389648438,230.0,231.1999969482422,9130954,yfinance,False
2019-08-16,200.43801879882812,245.0,245.1999969482422,236.0,237.1999969482422,8368065,yfinance,False
2019-08-19,206.8193359375,252.8000030517578,253.60000610351562,245.39999389648438,245.39999389648438,8629233,yfinance,False
2019-08-20,206.49208068847656,252.39999389648438,253.39999389648438,250.1999969482422,251.0,4690382,yfinance,False
2019-08-21,208.1282958984375,254.39999389648438,254.39999389648438,249.8000030517578,251.0,3249303,yfinance,False
2019-08-22,205.83755493164062,251.60000610351562,255.60000610351562,250.60000610351562,255.1999969482422,3724510,yfinance,False
2019-08-23,206.49208068847656,252.39999389648438,253.0,249.1999969482422,249.39999389648438,2818063,yfinance,False
2019-08-26,202.07423400878906,247.0,247.39999389648438,241.1999969482422,242.60000610351562,5555816,yfinance,False
2019-08-27,200.51266479492188,241.39999389648438,245.60000610351562,240.1999969482422,244.1999969482422,3915166,yfinance,False
2019-08-28,200.6787872314453,241.60000610351562,243.0,240.1999969482422,243.0,2653818,yfinance,False
2019-08-29,201.34332275390625,242.39999389648438,243.39999389648438,239.8000030517578,243.39999389648438,2770727,yfinance,False
2019-08-30,199.3498077392578,240.0,245.0,238.0,245.0,4213790,yfinance,False
2019-09-02,197.3563232421875,237.60000610351562,240.0,236.8000030517578,239.8000030517578,3248019,yfinance,False
2019-09-03,196.6918182373047,236.8000030517578,239.60000610351562,235.39999389648438,237.0,3190522,yfinance,False
2019-09-04,205.9948272705078,248.0,250.0,235.60000610351562,235.60000610351562,11937487,yfinance,False
2019-09-05,205.33029174804688,247.1999969482422,254.0,243.1999969482422,247.60000610351562,7276313,yfinance,False
2019-09-06,207.15768432617188,249.39999389648438,254.8000030517578,248.60000610351562,251.8000030517578,5851775,yfinance,False
2019-09-09,207.15768432617188,249.39999389648438,252.0,248.39999389648438,249.8000030517578,2880620,yfinance,False
2019-09-10,203.66903686523438,245.1999969482422,250.8000030517578,244.39999389648438,250.0,3378697,yfinance,False
2019-09-11,204.3335418701172,246.0,246.0,239.1999969482422,243.60000610351562,7821852,yfinance,False
2019-09-12,197.19020080566406,237.39999389648438,240.0,236.60000610351562,238.0,19915954,yfinance,False
2019-09-13,200.01429748535156,240.8000030517578,241.39999389648438,236.8000030517578,238.0,9292271,yfinance,False
2019-09-16,195.19668579101562,235.0,239.0,234.39999389648438,238.0,10297582,yfinance,False
2019-09-17,193.2031707763672,232.60000610351562,235.8000030517578,231.39999389648438,235.1999969482422,6845012,yfinance,False
2019-09-18,193.7015380859375,233.1999969482422,234.8000030517578,232.60000610351562,232.8000030517578,3449299,yfinance,False
2019-09-19,191.20968627929688,230.1999969482422,234.60000610351562,229.60000610351562,234.60000610351562,5889296,yfinance,False
2019-09-20,191.20968627929688,230.1999969482422,232.60000610351562,229.60000610351562,230.0,3466929,yfinance,False
2019-09-23,187.55494689941406,225.8000030517578,230.0,224.1999969482422,228.39999389648438,9032814,yfinance,False
2019-09-24,187.55494689941406,225.8000030517578,226.8000030517578,223.1999969482422,225.8000030517578,6710108,yfinance,False
2019-09-25,184.89695739746094,222.60000610351562,225.0,222.0,224.0,4760528,yfinance,False
2019-09-26,187.0565643310547,225.1999969482422,225.8000030517578,223.8000030517578,224.39999389648438,6096681,yfinance,False
2019-09-27,188.38560485839844,226.8000030517578,227.1999969482422,223.0,225.1999969482422,3816536,yfinance,False
2019-09-30,191.04354858398438,230.0,232.60000610351562,225.8000030517578,227.0,9225860,yfinance,False
2019-10-02,189.7145538330078,228.39999389648438,228.8000030517578,225.39999389648438,227.0,5354953,yfinance,False
2019-10-03,190.54519653320312,229.39999389648438,230.0,225.0,225.60000610351562,3391158,yfinance,False
2019-10-04,187.7210693359375,226.0,229.1999969482422,224.0,229.0,3964996,yfinance,False
2019-10-08,192.04029846191406,231.1999969482422,234.1999969482422,228.0,232.1999969482422,9642402,yfinance,False
2019-10-09,190.7113494873047,229.60000610351562,230.8000030517578,227.39999389648438,228.39999389648438,5532961,yfinance,False
2019-10-10,192.70480346679688,232.0,233.8000030517578,228.60000610351562,230.1999969482422,4659778,yfinance,False
2019-10-11,197.02406311035156,237.1999969482422,238.60000610351562,233.8000030517578,234.0,8524168,yfinance,False
2019-10-14,197.02406311035156,237.1999969482422,238.39999389648438,235.8000030517578,237.39999389648438,5249208,yfinance,False
2019-10-15,196.35955810546875,236.39999389648438,239.0,235.39999389648438,239.0,3134601,yfinance,False
2019-10-16,196.19342041015625,236.1999969482422,237.1999969482422,234.1999969482422,236.0,3779805,yfinance,False
2019-10-17,196.8579559326172,237.0,237.1999969482422,234.39999389648438,235.60000610351562,3279760,yfinance,False
2019-10-18,197.85470581054688,238.1999969482422,240.60000610351562,237.1999969482422,238.0,8140371,yfinance,False
2019-10-21,201.5094451904297,242.60000610351562,243.1999969482422,239.0,239.1999969482422,7348182,yfinance,False
2019-10-22,201.17718505859375,242.1999969482422,243.0,241.8000030517578,243.0,3100384,yfinance,False
2019-10-23,200.34654235839844,241.1999969482422,243.0,238.0,243.0,3302937,yfinance,False
2019-10-24,200.01429748535156,240.8000030517578,242.1999969482422,239.1999969482422,242.0,2065159,yfinance,False
2019-10-25,200.34654235839844,241.1999969482422,242.39999389648438,238.39999389648438,240.0,3179476,yfinance,False
2019-10-28,202.0078125,243.1999969482422,243.60000610351562,241.0,241.0,3413294,yfinance,False
2019-10-29,201.34332275390625,242.39999389648438,245.0,241.0,244.1999969482422,4444556,yfinance,False
2019-10-30,200.18043518066406,241.0,243.60000610351562,240.0,242.39999389648438,2005068,yfinance,False
2019-10-31,203.50289916992188,245.0,248.60000610351562,242.60000610351562,242.60000610351562,5123308,yfinance,False
2019-11-01,205.49642944335938,247.39999389648438,248.0,244.0,244.0,4008625,yfinance,False
2019-11-04,207.65606689453125,250.0,250.0,248.0,248.39999389648438,3910008,yfinance,False
2019-11-05,207.82215881347656,250.1999969482422,251.0,248.1999969482422,250.0,3748487,yfinance,False
2019-11-06,208.65280151367188,251.1999969482422,251.60000610351562,247.39999389648438,250.39999389648438,3679425,yfinance,False
2019-11-07,210.1479034423828,253.0,253.0,249.39999389648438,251.1999969482422,3674967,yfinance,False
2019-11-08,210.97853088378906,254.0,254.39999389648438,252.39999389648438,254.0,3823799,yfinance,False
2019-11-11,204.4996795654297,246.1999969482422,253.1999969482422,244.60000610351562,249.8000030517578,7858338,yfinance,False
2019-11-12,205.49642944335938,247.39999389648438,249.0,244.39999389648438,248.60000610351562,4255444,yfinance,False
2019-11-13,201.17718505859375,242.1999969482422,244.1999969482422,240.0,240.0,5677552,yfinance,False
2019-11-14,201.0110626220703,242.0,245.1999969482422,240.39999389648438,240.60000610351562,4304165,yfinance,False
2019-11-15,200.01429748535156,240.8000030517578,245.0,239.60000610351562,243.60000610351562,3209605,yfinance,False
2019-11-18,203.50289916992188,245.0,246.60000610351562,241.0,241.0,3368170,yfinance,False
2019-11-19,209.1511688232422,251.8000030517578,252.0,244.1999969482422,246.0,7284067,yfinance,False
2019-11-20,206.99154663085938,249.1999969482422,250.0,247.60000610351562,250.0,4472866,yfinance,False
2019-11-21,204.4996795654297,246.1999969482422,247.39999389648438,243.1999969482422,246.1999969482422,3844250,yfinance,False
2019-11-22,204.1674346923828,245.8000030517578,248.0,244.60000610351562,247.0,2788059,yfinance,False
2019-11-25,207.32379150390625,249.60000610351562,252.8000030517578,247.0,249.1999969482422,5859970,yfinance,False
2019-11-26,206.4932098388672,248.60000610351562,254.1999969482422,247.39999389648438,254.0,3843619,yfinance,False
2019-11-27,206.1609344482422,248.1999969482422,249.60000610351562,247.0,249.0,2664183,yfinance,False
2019-11-28,207.98831176757812,250.39999389648438,251.0,245.39999389648438,245.39999389648438,3312654,yfinance,False
2019-11-29,205.33029174804688,247.1999969482422,250.0,246.1999969482422,246.1999969482422,4082342,yfinance,False
2019-12-02,205.66256713867188,247.60000610351562,249.1999969482422,247.39999389648438,248.0,3412698,yfinance,False
2019-12-03,205.49642944335938,247.39999389648438,249.39999389648438,245.1999969482422,247.1999969482422,3128350,yfinance,False
2019-12-04,203.50289916992188,245.0,246.60000610351562,244.60000610351562,246.0,2908526,yfinance,False
2019-12-05,202.6723175048828,244.0,247.0,243.39999389648438,246.1999969482422,1961298,yfinance,False
2019-12-06,205.66256713867188,247.60000610351562,247.8000030517578,245.0,246.0,2809842,yfinance,False
2019-12-09,204.99807739257812,246.8000030517578,248.1999969482422,245.39999389648438,246.39999389648438,1801287,yfinance,False
2019-12-10,203.83514404296875,245.39999389648438,247.1999969482422,244.39999389648438,247.0,1776040,yfinance,False
2019-12-11,204.1674346923828,245.8000030517578,245.8000030517578,241.0,244.0,3154389,yfinance,False
2019-12-12,207.4899139404297,249.8000030517578,251.8000030517578,247.0,248.0,5052908,yfinance,False
2019-12-13,212.14144897460938,255.39999389648438,255.39999389648438,251.60000610351562,253.0,7323135,yfinance,False
2019-12-16,209.1511688232422,251.8000030517578,254.60000610351562,251.39999389648438,253.8000030517578,2700134,yfinance,False
2019-12-17,213.13815307617188,256.6000061035156,257.79998779296875,250.8000030517578,250.8000030517578,5239678,yfinance,False
2019-12-18,213.9687957763672,257.6000061035156,259.79998779296875,255.0,257.79998779296875,4246874,yfinance,False
2019-12-19,211.8091583251953,255.0,258.0,254.0,257.79998779296875,2999820,yfinance,False
2019-12-20,212.97203063964844,256.3999938964844,256.3999938964844,253.39999389648438,255.0,6306235,yfinance,False
2019-12-23,212.4736785888672,255.8000030517578,257.6000061035156,254.1999969482422,257.3999938964844,2917476,yfinance,False
2019-12-24,210.48019409179688,253.39999389648438,256.0,251.60000610351562,255.39999389648438,1936533,yfinance,False
2019-12-27,213.30429077148438,256.79998779296875,257.6000061035156,254.1999969482422,254.8000030517578,2508285,yfinance,False
2019-12-30,212.805908203125,256.20001220703125,258.79998779296875,255.0,257.0,3355919,yfinance,False
2019-12-31,210.1479034423828,253.0,256.3999938964844,252.1999969482422,256.0,1901889,yfinance,False
2020-01-02,216.29452514648438,260.3999938964844,262.79998779296875,252.39999389648438,253.39999389648438,7135253,yfinance,False
2020-01-03,221.44439697265625,266.6000061035156,270.3999938964844,264.0,264.0,10823936,yfinance,False
2020-01-06,223.1056671142578,268.6000061035156,270.6000061035156,265.0,266.20001220703125,5701213,yfinance,False
2020-01-07,224.10243225097656,269.79998779296875,272.0,268.6000061035156,271.79998779296875,3501948,yfinance,False
2020-01-08,222.7733917236328,268.20001220703125,268.79998779296875,265.20001220703125,267.79998779296875,4634563,yfinance,False
2020-01-09,228.25550842285156,274.79998779296875,274.79998779296875,271.0,274.20001220703125,5823897,yfinance,False
2020-01-10,228.4216766357422,275.0,275.0,272.79998779296875,274.79998779296875,3352012,yfinance,False
2020-01-13,232.74093627929688,280.20001220703125,280.6000061035156,275.0,276.6000061035156,6789892,yfinance,False
2020-01-14,230.58128356933594,277.6000061035156,282.3999938964844,276.6000061035156,282.20001220703125,4719690,yfinance,False
2020-01-15,232.4086456298828,279.79998779296875,279.79998779296875,274.20001220703125,276.20001220703125,3981073,yfinance,False
2020-01-16,230.9135284423828,278.0,281.6000061035156,276.3999938964844,280.0,3373083,yfinance,False
2020-01-17,232.57476806640625,280.0,280.79998779296875,277.0,279.6000061035156,2849141,yfinance,False
2020-01-20,232.74093627929688,280.20001220703125,283.6000061035156,279.0,281.0,5339574,yfinance,False
2020-01-21,225.76364135742188,271.79998779296875,280.0,270.3999938964844,279.6000061035156,7716198,yfinance,False
2020-01-22,228.4216766357422,275.0,275.0,269.79998779296875,271.79998779296875,3526956,yfinance,False
2020-01-23,223.77017211914062,269.3999938964844,274.3999938964844,266.3999938964844,273.20001220703125,4943325,yfinance,False
2020-01-24,225.431396484375,271.3999938964844,272.0,268.3999938964844,270.0,1650852,yfinance,False
2020-01-29,219.11865234375,263.79998779296875,266.3999938964844,261.6000061035156,262.0,5600820,yfinance,False
2020-01-30,214.30104064941406,258.0,266.20001220703125,255.39999389648438,265.0,5688105,yfinance,False
2020-01-31,214.96554565429688,258.79998779296875,263.0,258.6000061035156,263.0,5022051,yfinance,False
2020-02-03,216.29452514648438,260.3999938964844,261.6000061035156,256.0,256.3999938964844,4114799,yfinance,False
2020-02-04,219.2847900390625,264.0,264.79998779296875,258.3999938964844,258.3999938964844,5738311,yfinance,False
2020-02-05,221.44439697265625,266.6000061035156,266.79998779296875,263.20001220703125,266.0,6371086,yfinance,False
2020-02-06,226.76039123535156,273.0,274.79998779296875,269.3999938964844,270.0,7939798,yfinance,False
2020-02-07,224.76690673828125,270.6000061035156,273.0,267.20001220703125,273.0,3445259,yfinance,False
2020-02-10,222.93955993652344,268.3999938964844,269.79998779296875,267.0,267.79998779296875,2822520,yfinance,False
2020-02-11,224.4346466064453,270.20001220703125,271.0,267.6000061035156,270.0,3420248,yfinance,False
2020-02-12,224.60081481933594,270.3999938964844,272.3999938964844,269.3999938964844,272.0,2975436,yfinance,False
2020-02-13,223.27178955078125,268.79998779296875,272.0,267.20001220703125,272.0,3371279,yfinance,False
2020-02-14,223.9363250732422,269.6000061035156,271.0,267.20001220703125,267.20001220703125,2100590,yfinance,False
2020-02-17,226.59426879882812,272.79998779296875,273.0,269.6000061035156,270.0,2727836,yfinance,False
2020-02-18,224.2685089111328,270.0,272.6000061035156,269.0,272.6000061035156,2088046,yfinance,False
2020-02-19,224.60081481933594,270.3999938964844,271.79998779296875,269.3999938964844,271.79998779296875,1789838,yfinance,False
2020-02-20,225.431396484375,271.3999938964844,271.79998779296875,267.0,271.79998779296875,3235987,yfinance,False
2020-02-21,222.27503967285156,267.6000061035156,271.0,266.20001220703125,270.3999938964844,3685494,yfinance,False
2020-02-24,216.62677001953125,260.79998779296875,265.0,259.6000061035156,265.0,6114497,yfinance,False
2020-02-25,217.4573974609375,261.79998779296875,262.3999938964844,258.20001220703125,260.0,4172326,yfinance,False
2020-02-26,215.79617309570312,259.79998779296875,261.0,257.0,258.0,3885392,yfinance,False
2020-02-27,216.62677001953125,260.79998779296875,260.79998779296875,256.20001220703125,259.79998779296875,4145590,yfinance,False
2020-02-28,212.4736785888672,255.8000030517578,257.20001220703125,250.0,256.3999938964844,8706351,yfinance,False
2020-03-02,211.64306640625,254.8000030517578,258.0,253.1999969482422,256.20001220703125,5124136,yfinance,False
2020-03-03,213.4704132080078,257.0,260.0,255.39999389648438,258.0,4638528,yfinance,False
2020-03-04,211.9752960205078,255.1999969482422,257.0,253.60000610351562,256.0,4806574,yfinance,False
2020-03-05,215.63006591796875,259.6000061035156,260.0,255.0,257.20001220703125,6438732,yfinance,False
2020-03-06,212.14144897460938,255.39999389648438,258.3999938964844,255.1999969482422,257.79998779296875,3210325,yfinance,False
2020-03-09,205.9948272705078,248.0,251.8000030517578,248.0,251.39999389648438,8555533,yfinance,False
2020-03-10,208.15443420410156,250.60000610351562,252.0,245.39999389648438,248.8000030517578,7200182,yfinance,False
2020-03-11,207.30538940429688,246.60000610351562,249.60000610351562,246.39999389648438,249.0,4461430,yfinance,False
2020-03-12,200.41200256347656,238.39999389648438,244.60000610351562,237.0,243.0,7937671,yfinance,False
2020-03-13,200.24388122558594,238.1999969482422,239.8000030517578,226.0,230.0,12435490,yfinance,False
2020-03-16,192.17356872558594,228.60000610351562,234.60000610351562,228.0,231.8000030517578,8727347,yfinance,False
2020-03-17,194.35926818847656,231.1999969482422,232.1999969482422,223.8000030517578,228.0,8224395,yfinance,False
2020-03-18,186.45712280273438,221.8000030517578,234.60000610351562,221.8000030517578,232.0,9442867,yfinance,False
2020-03-19,179.05938720703125,213.0,220.1999969482422,206.0,218.1999969482422,17920363,yfinance,False
2020-03-20,183.26266479492188,218.0,221.8000030517578,215.8000030517578,217.8000030517578,13621900,yfinance,False
2020-03-23,177.71432495117188,211.39999389648438,215.0,208.8000030517578,209.0,9343515,yfinance,False
2020-03-24,188.138427734375,223.8000030517578,224.0,217.60000610351562,218.1999969482422,9158338,yfinance,False
2020-03-25,195.03179931640625,232.0,233.0,227.8000030517578,230.60000610351562,9657066,yfinance,False
2020-03-26,194.8636932373047,231.8000030517578,234.0,228.60000610351562,234.0,6661467,yfinance,False
2020-03-27,197.21749877929688,234.60000610351562,237.8000030517578,231.8000030517578,236.0,6793499,yfinance,False
2020-03-30,195.03179931640625,232.0,235.0,228.8000030517578,228.8000030517578,5956231,yfinance,False
2020-03-31,196.54498291015625,233.8000030517578,237.0,231.0,237.0,4822887,yfinance,False
2020-04-01,194.19114685058594,231.0,236.60000610351562,228.60000610351562,236.60000610351562,5251052,yfinance,False
2020-04-02,197.55377197265625,235.0,235.0,229.1999969482422,231.0,3364568,yfinance,False
2020-04-03,198.73068237304688,236.39999389648438,236.60000610351562,232.60000610351562,232.60000610351562,4059519,yfinance,False
2020-04-06,202.0933074951172,240.39999389648438,240.39999389648438,234.8000030517578,238.0,4420068,yfinance,False
2020-04-07,204.9515380859375,243.8000030517578,244.39999389648438,241.1999969482422,244.0,4519948,yfinance,False
2020-04-08,203.77462768554688,242.39999389648438,243.39999389648438,240.39999389648438,241.39999389648438,2749718,yfinance,False
2020-04-09,207.97789001464844,247.39999389648438,248.39999389648438,243.39999389648438,244.8000030517578,5242656,yfinance,False
2020-04-14,209.65921020507812,249.39999389648438,250.0,246.8000030517578,247.1999969482422,3125430,yfinance,False
2020-04-15,207.6416015625,247.0,251.1999969482422,245.1999969482422,250.0,4256171,yfinance,False
2020-04-16,205.79217529296875,244.8000030517578,247.0,243.1999969482422,245.8000030517578,3539366,yfinance,False
2020-04-17,207.6416015625,247.0,250.8000030517578,245.39999389648438,250.0,3211940,yfinance,False
2020-04-20,205.2877960205078,244.1999969482422,248.0,243.8000030517578,247.1999969482422,2460706,yfinance,False
2020-04-21,203.77462768554688,242.39999389648438,247.0,239.60000610351562,247.0,3520232,yfinance,False
2020-04-22,203.94276428222656,242.60000610351562,243.0,239.0,240.0,2765730,yfinance,False
2020-04-23,205.45591735839844,244.39999389648438,246.1999969482422,242.1999969482422,246.0,3198414,yfinance,False
2020-04-24,205.96029663085938,245.0,245.0,241.8000030517578,242.0,2235381,yfinance,False
2020-04-27,207.6416015625,247.0,247.1999969482422,245.0,245.60000610351562,2532890,yfinance,False
2020-04-28,212.3492889404297,252.60000610351562,252.8000030517578,246.60000610351562,248.0,5517186,yfinance,False
2020-04-29,211.8448944091797,252.0,254.60000610351562,252.0,253.0,3347887,yfinance,False
2020-05-04,207.13722229003906,246.39999389648438,247.0,244.0,247.0,4951916,yfinance,False
2020-05-05,213.18992614746094,253.60000610351562,253.60000610351562,247.1999969482422,249.60000610351562,4326301,yfinance,False
2020-05-06,213.02182006835938,253.39999389648438,255.0,252.0,252.0,4521808,yfinance,False
2020-05-07,207.13722229003906,246.39999389648438,253.8000030517578,243.0,253.8000030517578,9624132,yfinance,False
2020-05-08,204.11087036132812,242.8000030517578,248.39999389648438,242.1999969482422,248.39999389648438,8393554,yfinance,False
2020-05-11,210.16360473632812,250.0,251.60000610351562,245.8000030517578,246.0,6513615,yfinance,False
2020-05-12,211.5086212158203,251.60000610351562,252.39999389648438,248.39999389648438,251.0,5180274,yfinance,False
2020-05-13,214.03057861328125,254.60000610351562,255.39999389648438,249.39999389648438,250.39999389648438,4837463,yfinance,False
2020-05-14,209.82730102539062,249.60000610351562,252.8000030517578,249.1999969482422,252.60000610351562,3363018,yfinance,False
2020-05-15,212.18113708496094,252.39999389648438,253.0,248.39999389648438,249.8000030517578,2579800,yfinance,False
2020-05-18,214.19876098632812,254.8000030517578,256.0,251.39999389648438,251.39999389648438,3630823,yfinance,False
2020-05-19,222.9415283203125,265.20001220703125,266.3999938964844,260.79998779296875,261.0,11463814,yfinance,False
2020-05-20,223.4459228515625,265.79998779296875,268.79998779296875,262.79998779296875,264.79998779296875,6248734,yfinance,False
2020-05-21,227.81735229492188,271.0,274.6000061035156,269.79998779296875,270.0,12803812,yfinance,False
2020-05-22,217.72947692871094,259.0,267.3999938964844,257.6000061035156,267.20001220703125,13517566,yfinance,False
2020-05-25,231.17996215820312,275.0,275.0,255.0,258.0,14691447,yfinance,False
2020-05-26,228.9942626953125,272.3999938964844,280.79998779296875,272.3999938964844,278.0,9395396,yfinance,False
2020-05-27,229.3304901123047,272.79998779296875,277.20001220703125,269.3999938964844,275.6000061035156,6831271,yfinance,False
2020-05-28,226.6404571533203,269.6000061035156,272.3999938964844,264.0,271.79998779296875,10499383,yfinance,False
2020-05-29,227.14480590820312,270.20001220703125,274.3999938964844,265.20001220703125,265.20001220703125,6496883,yfinance,False
2020-06-01,237.73709106445312,282.79998779296875,283.6000061035156,276.20001220703125,279.0,15034166,yfinance,False
2020-06-02,242.10845947265625,288.0,288.6000061035156,283.20001220703125,285.0,12036797,yfinance,False
2020-06-03,245.8072967529297,292.3999938964844,294.3999938964844,289.20001220703125,291.0,11716826,yfinance,False
2020-06-04,245.47108459472656,292.0,295.3999938964844,289.20001220703125,295.20001220703125,6971498,yfinance,False
2020-06-05,247.3205108642578,294.20001220703125,294.79998779296875,290.20001220703125,291.6000061035156,7169644,yfinance,False
2020-06-08,246.14361572265625,292.79998779296875,298.79998779296875,292.0,295.0,8429072,yfinance,False
2020-06-09,244.46231079101562,290.79998779296875,296.0,290.3999938964844,293.0,8360605,yfinance,False
2020-06-10,249.16995239257812,296.3999938964844,297.0,293.0,294.0,6524580,yfinance,False
2020-06-11,247.4886016845703,294.3999938964844,299.6000061035156,294.3999938964844,297.6000061035156,9078417,yfinance,False
2020-06-12,249.00186157226562,296.20001220703125,296.20001220703125,288.3999938964844,289.0,6301599,yfinance,False
2020-06-15,241.60401916503906,287.3999938964844,296.3999938964844,286.20001220703125,293.6000061035156,8343223,yfinance,False
2020-06-16,248.66555786132812,295.79998779296875,295.79998779296875,292.79998779296875,293.20001220703125,5745974,yfinance,False
2020-06-17,246.8161163330078,293.6000061035156,299.0,292.20001220703125,299.0,5893851,yfinance,False
2020-06-18,248.83370971679688,296.0,296.0,290.20001220703125,294.79998779296875,7694884,yfinance,False
2020-06-19,252.53256225585938,300.3999938964844,300.79998779296875,295.79998779296875,296.0,12513822,yfinance,False
2020-06-22,261.9479064941406,311.6000061035156,312.0,299.79998779296875,300.3999938964844,12955661,yfinance,False
2020-06-23,269.0094299316406,320.0,320.0,306.0,315.0,12959881,yfinance,False
2020-06-24,267.159912109375,317.79998779296875,321.79998779296875,317.0,320.0,6410223,yfinance,False
2020-06-26,268.5050354003906,319.3999938964844,321.79998779296875,316.0,319.6000061035156,5938642,yfinance,False
2020-06-29,269.0094299316406,320.0,321.0,316.79998779296875,318.0,5694721,yfinance,False
2020-06-30,277.4159240722656,330.0,332.20001220703125,320.0,321.6000061035156,11224546,yfinance,False
2020-07-02,294.2290344238281,350.0,350.0,331.3999938964844,333.0,13069603,yfinance,False
2020-07-03,290.36199951171875,345.3999938964844,354.3999938964844,341.0,350.0,10697868,yfinance,False
2020-07-06,297.0872497558594,353.3999938964844,355.0,345.3999938964844,346.0,9104748,yfinance,False
2020-07-07,292.3795471191406,347.79998779296875,360.0,347.0,355.0,9460517,yfinance,False
2020-07-08,300.9542541503906,358.0,358.0,348.20001220703125,350.0,7153071,yfinance,False
2020-07-09,311.5465393066406,370.6000061035156,371.0,358.6000061035156,360.0,9399595,yfinance,False
2020-07-10,305.8300476074219,363.79998779296875,373.6000061035156,362.20001220703125,366.20001220703125,8028498,yfinance,False
2020-07-13,303.6443786621094,361.20001220703125,369.6000061035156,361.20001220703125,364.0,8063068,yfinance,False
2020-07-14,299.10479736328125,355.79998779296875,359.3999938964844,350.0,356.0,8730639,yfinance,False
2020-07-15,299.77734375,356.6000061035156,365.0,353.20001220703125,365.0,5872640,yfinance,False
2020-07-16,282.6280212402344,336.20001220703125,356.79998779296875,335.3999938964844,356.3999938964844,10573670,yfinance,False
2020-07-17,291.5389404296875,346.79998779296875,348.79998779296875,339.0,339.0,6100371,yfinance,False
2020-07-20,290.866455078125,346.0,352.20001220703125,341.6000061035156,349.6000061035156,3935782,yfinance,False
2020-07-21,319.4486999511719,380.0,380.0,359.79998779296875,365.79998779296875,14526198,yfinance,False
2020-07-22,303.6443786621094,361.20001220703125,381.0,361.0,380.0,7919604,yfinance,False
2020-07-23,315.9179382324219,375.79998779296875,375.79998779296875,364.3999938964844,366.0,8663758,yfinance,False
2020-07-24,302.9718322753906,360.3999938964844,371.79998779296875,358.20001220703125,371.0,8702497,yfinance,False
2020-07-27,297.4234924316406,353.79998779296875,366.0,351.20001220703125,361.6000061035156,7739812,yfinance,False
2020-07-28,305.32568359375,363.20001220703125,367.3999938964844,359.0,360.0,4558359,yfinance,False
2020-07-29,308.8564147949219,367.3999938964844,369.0,360.79998779296875,361.0,4249828,yfinance,False
2020-07-30,304.8213195800781,362.6000061035156,374.6000061035156,362.3999938964844,368.79998779296875,5191921,yfinance,False
2020-07-31,311.210205078125,370.20001220703125,372.3999938964844,365.20001220703125,366.0,5294034,yfinance,False
2020-08-03,312.0509338378906,371.20001220703125,373.3999938964844,367.79998779296875,373.0,3028743,yfinance,False
2020-08-04,316.758544921875,376.79998779296875,379.0,371.0,374.0,5173621,yfinance,False
2020-08-05,324.4925842285156,386.0,387.6000061035156,375.3999938964844,379.6000061035156,6301703,yfinance,False
2020-08-06,323.6519470214844,385.0,388.0,377.0,387.6000061035156,5717924,yfinance,False
2020-08-07,320.6255798339844,381.3999938964844,386.3999938964844,371.0,386.0,5254574,yfinance,False
2020-08-10,314.4046936035156,374.0,378.0,371.3999938964844,378.0,5728426,yfinance,False
2020-08-11,314.4046936035156,374.0,379.6000061035156,370.3999938964844,375.0,6091648,yfinance,False
2020-08-12,310.8739929199219,369.79998779296875,372.20001220703125,358.20001220703125,371.0,9859902,yfinance,False
2020-08-13,312.72344970703125,372.0,376.0,370.0,374.79998779296875,2764840,yfinance,False
2020-08-14,309.6970520019531,368.3999938964844,373.20001220703125,367.0,370.3999938964844,2948889,yfinance,False
2020-08-17,316.5904846191406,376.6000061035156,376.6000061035156,365.3999938964844,365.3999938964844,4939259,yfinance,False
2020-08-18,318.6079406738281,379.0,379.20001220703125,375.3999938964844,377.6000061035156,2925996,yfinance,False
2020-08-19,314.0684509277344,373.6000061035156,381.6000061035156,371.20001220703125,378.0,2995328,yfinance,False
2020-08-20,311.8827209472656,371.0,373.0,366.0,373.0,6658270,yfinance,False
2020-08-21,316.4222412109375,376.3999938964844,377.79998779296875,371.3999938964844,373.79998779296875,3139012,yfinance,False
2020-08-24,320.2892761230469,381.0,381.6000061035156,376.6000061035156,378.0,3539109,yfinance,False
2020-08-25,315.2453308105469,375.0,382.0,375.0,381.0,3535702,yfinance,False
2020-08-26,321.1300048828125,382.0,382.6000061035156,373.0,373.0,3379748,yfinance,False
2020-08-27,318.94427490234375,379.3999938964844,385.20001220703125,378.0,382.0,3341823,yfinance,False
2020-08-28,319.9530334472656,380.6000061035156,385.6000061035156,378.6000061035156,382.79998779296875,5936037,yfinance,False
2020-08-31,328.8639831542969,391.20001220703125,397.79998779296875,383.6000061035156,385.0,8167226,yfinance,False
2020-09-01,334.5588073730469,394.20001220703125,394.6000061035156,386.3999938964844,390.3999938964844,5190038,yfinance,False
2020-09-02,334.3890075683594,394.0,396.79998779296875,390.3999938964844,395.0,4289596,yfinance,False
2020-09-03,328.1086120605469,386.6000061035156,393.79998779296875,384.20001220703125,391.3999938964844,3493541,yfinance,False
2020-09-04,323.0163879394531,380.6000061035156,380.6000061035156,370.0,378.0,9019972,yfinance,False
2020-09-07,314.0201416015625,370.0,378.3999938964844,370.0,375.0,6492762,yfinance,False
2020-09-08,312.3227844238281,368.0,374.6000061035156,361.3999938964844,373.79998779296875,4795510,yfinance,False
2020-09-09,311.9833068847656,367.6000061035156,370.0,361.79998779296875,362.0,4213711,yfinance,False
2020-09-10,308.41876220703125,363.3999938964844,371.6000061035156,363.3999938964844,369.20001220703125,2880813,yfinance,False
2020-09-11,313.17144775390625,369.0,370.0,363.0,363.0,2783637,yfinance,False
2020-09-14,315.5478515625,371.79998779296875,378.0,370.0,371.20001220703125,2707320,yfinance,False
2020-09-15,314.8688659667969,371.0,374.6000061035156,369.6000061035156,372.0,1779603,yfinance,False
2020-09-16,317.7544250488281,374.3999938964844,377.3999938964844,371.3999938964844,371.3999938964844,2139899,yfinance,False
2020-09-17,314.0201416015625,370.0,375.79998779296875,369.0,374.3999938964844,2673720,yfinance,False
2020-09-18,316.226806640625,372.6000061035156,372.6000061035156,368.0,371.6000061035156,3422523,yfinance,False
2020-09-21,311.4740295410156,367.0,375.20001220703125,367.0,373.79998779296875,2865329,yfinance,False
2020-09-22,309.09771728515625,364.20001220703125,368.79998779296875,364.20001220703125,366.79998779296875,3297242,yfinance,False
2020-09-23,312.4925231933594,368.20001220703125,369.6000061035156,363.3999938964844,364.20001220703125,1944877,yfinance,False
2020-09-24,303.49627685546875,357.6000061035156,366.0,357.3999938964844,366.0,5721780,yfinance,False
2020-09-25,301.9685974121094,355.79998779296875,362.3999938964844,354.3999938964844,357.0,4186161,yfinance,False
2020-09-28,306.0423583984375,360.6000061035156,362.79998779296875,353.6000061035156,353.6000061035156,3364064,yfinance,False
2020-09-29,304.6844177246094,359.0,364.20001220703125,356.6000061035156,363.6000061035156,2848408,yfinance,False
2020-09-30,307.0608215332031,361.79998779296875,365.3999938964844,357.3999938964844,360.0,3118842,yfinance,False
2020-10-05,310.6253356933594,366.0,367.3999938964844,363.20001220703125,366.0,3027347,yfinance,False
2020-10-06,318.263671875,375.0,376.0,368.3999938964844,369.0,4500250,yfinance,False
2020-10-07,319.9610900878906,377.0,378.0,372.0,378.0,3170865,yfinance,False
2020-10-08,320.6400451660156,377.79998779296875,380.0,373.0,380.0,2326474,yfinance,False
2020-10-09,315.7175598144531,372.0,379.0,372.0,378.0,2473918,yfinance,False
2020-10-12,319.7913513183594,376.79998779296875,381.79998779296875,372.0,372.3999938964844,6191023,yfinance,False
2020-10-14,316.56622314453125,373.0,375.79998779296875,369.6000061035156,374.6000061035156,5168561,yfinance,False
2020-10-15,307.23052978515625,362.0,371.20001220703125,362.0,370.0,5171806,yfinance,False
2020-10-16,306.5516052246094,361.20001220703125,366.20001220703125,360.0,361.79998779296875,4880405,yfinance,False
2020-10-19,311.6438293457031,367.20001220703125,369.20001220703125,360.0,360.0,3384560,yfinance,False
2020-10-20,311.4740295410156,367.0,368.20001220703125,365.0,366.20001220703125,2206501,yfinance,False
2020-10-21,315.20831298828125,371.3999938964844,372.79998779296875,370.0,371.20001220703125,3604832,yfinance,False
2020-10-22,314.0201416015625,370.0,371.20001220703125,365.20001220703125,371.20001220703125,3218224,yfinance,False
2020-10-23,312.3227844238281,368.0,371.0,365.3999938964844,371.0,3286031,yfinance,False
2020-10-27,309.60693359375,364.79998779296875,368.20001220703125,362.20001220703125,368.0,4717452,yfinance,False
2020-10-28,320.4703369140625,377.6000061035156,380.3999938964844,363.79998779296875,364.79998779296875,8730112,yfinance,False
2020-10-29,325.39276123046875,383.3999938964844,384.79998779296875,370.3999938964844,372.0,8250993,yfinance,False
2020-10-30,314.1899108886719,370.20001220703125,383.0,369.79998779296875,382.6000061035156,7374458,yfinance,False
2020-11-02,317.7544250488281,374.3999938964844,375.0,366.20001220703125,370.3999938964844,4085313,yfinance,False
2020-11-03,320.809814453125,378.0,384.0,375.3999938964844,378.0,7010006,yfinance,False
2020-11-04,315.3780822753906,371.6000061035156,372.0,362.0,363.0,11034254,yfinance,False
2020-11-05,325.22308349609375,383.20001220703125,384.3999938964844,376.0,378.0,9625066,yfinance,False
2020-11-06,323.3558654785156,381.0,388.0,380.0,384.0,4834083,yfinance,False
2020-11-09,329.12701416015625,387.79998779296875,394.6000061035156,386.0,389.0,7150862,yfinance,False
2020-11-10,323.0163879394531,380.6000061035156,392.0,375.6000061035156,390.0,7192472,yfinance,False
2020-11-11,310.1161193847656,365.3999938964844,378.3999938964844,365.0,376.6000061035156,8236127,yfinance,False
2020-11-12,313.51092529296875,369.3999938964844,375.0,368.0,368.0,5040584,yfinance,False
2020-11-13,314.8688659667969,371.0,377.0,370.20001220703125,373.79998779296875,4462545,yfinance,False
2020-11-16,317.4150085449219,374.0,375.79998779296875,366.0,374.6000061035156,4481080,yfinance,False
2020-11-17,316.56622314453125,373.0,378.0,371.0,378.0,2447195,yfinance,False
2020-11-18,314.0201416015625,370.0,374.0,368.20001220703125,373.6000061035156,3769532,yfinance,False
2020-11-19,314.3596496582031,370.3999938964844,372.0,367.0,369.20001220703125,3262491,yfinance,False
2020-11-20,319.2821044921875,376.20001220703125,377.79998779296875,371.6000061035156,371.6000061035156,3923833,yfinance,False
2020-11-23,319.7913513183594,376.79998779296875,380.0,375.3999938964844,379.20001220703125,3059445,yfinance,False
2020-11-24,332.691650390625,392.0,392.0,378.20001220703125,380.0,9088307,yfinance,False
2020-11-25,325.0533142089844,383.0,398.3999938964844,381.3999938964844,394.3999938964844,8665708,yfinance,False
2020-11-26,324.8835144042969,382.79998779296875,386.6000061035156,380.79998779296875,386.6000061035156,1887248,yfinance,False
2020-11-27,327.7691650390625,386.20001220703125,389.20001220703125,381.6000061035156,382.0,2550658,yfinance,False
2020-11-30,327.0901794433594,385.3999938964844,389.79998779296875,380.3999938964844,386.3999938964844,6109399,yfinance,False
2020-12-01,327.7691650390625,386.20001220703125,389.0,383.0,387.20001220703125,3306955,yfinance,False
2020-12-02,322.33740234375,379.79998779296875,389.0,378.0,387.6000061035156,4440677,yfinance,False
2020-12-03,326.58099365234375,384.79998779296875,386.0,381.3999938964844,385.0,4582671,yfinance,False
2020-12-04,332.691650390625,392.0,392.0,385.20001220703125,388.0,4891068,yfinance,False
2020-12-07,326.2414855957031,384.3999938964844,390.20001220703125,382.20001220703125,390.20001220703125,4167750,yfinance,False
2020-12-08,325.90203857421875,384.0,389.0,382.20001220703125,384.0,2705795,yfinance,False
2020-12-09,326.4112243652344,384.6000061035156,387.79998779296875,382.3999938964844,387.20001220703125,2409324,yfinance,False
2020-12-10,326.07177734375,384.20001220703125,385.79998779296875,380.6000061035156,380.6000061035156,1986228,yfinance,False
2020-12-11,327.5993957519531,386.0,387.79998779296875,383.79998779296875,386.0,2584766,yfinance,False
2020-12-14,329.12701416015625,387.79998779296875,389.0,385.0,389.0,3726291,yfinance,False
2020-12-15,324.5440673828125,382.3999938964844,388.0,379.3999938964844,388.0,3557003,yfinance,False
2020-12-16,328.7875671386719,387.3999938964844,388.79998779296875,384.0,386.0,3536979,yfinance,False
2020-12-17,333.7101135253906,393.20001220703125,393.20001220703125,387.3999938964844,390.0,4166768,yfinance,False
2020-12-18,334.3890075683594,394.0,394.79998779296875,389.0,393.0,4110715,yfinance,False
2020-12-21,342.02740478515625,403.0,407.0,392.3999938964844,395.0,9959184,yfinance,False
2020-12-22,336.7654113769531,396.79998779296875,406.0,396.0,405.0,3653927,yfinance,False
2020-12-23,342.70635986328125,403.79998779296875,403.79998779296875,394.3999938964844,395.0,2983900,yfinance,False
2020-12-24,350.514404296875,413.0,413.0,413.0,413.0,0,yfinance,False
2020-12-28,351.5328063964844,414.20001220703125,421.3999938964844,412.0,415.0,3984999,yfinance,False
2020-12-29,350.6842041015625,413.20001220703125,419.3999938964844,412.20001220703125,416.79998779296875,2302202,yfinance,False
2020-12-30,360.8685607910156,425.20001220703125,426.0,413.79998779296875,413.79998779296875,4645458,yfinance,False
2020-12-31,364.9423522949219,430.0,430.0,430.0,430.0,0,yfinance,False
2021-01-04,374.9570617675781,441.79998779296875,441.79998779296875,424.3999938964844,425.0,5015593,yfinance,False
2021-01-05,387.8573303222656,457.0,460.0,440.6000061035156,441.79998779296875,7687814,yfinance,False
2021-01-06,381.06768798828125,449.0,459.0,448.3999938964844,456.0,5333736,yfinance,False
2021-01-07,375.97552490234375,443.0,459.79998779296875,443.0,453.6000061035156,5704257,yfinance,False
2021-01-08,383.61383056640625,452.0,464.3999938964844,445.6000061035156,449.6000061035156,10271690,yfinance,False
2021-01-11,382.08612060546875,450.20001220703125,458.0,450.20001220703125,457.0,3779470,yfinance,False
2021-01-12,382.08612060546875,450.20001220703125,454.6000061035156,441.6000061035156,450.20001220703125,3621313,yfinance,False
2021-01-13,384.8019714355469,453.3999938964844,456.79998779296875,448.3999938964844,450.3999938964844,3231606,yfinance,False
2021-01-14,388.7060241699219,458.0,459.6000061035156,449.0,454.0,3956847,yfinance,False
2021-01-15,389.0455017089844,458.3999938964844,471.6000061035156,453.3999938964844,456.0,6907409,yfinance,False
2021-01-18,409.0749206542969,482.0,485.0,452.20001220703125,453.0,10741474,yfinance,False
2021-01-19,425.2002258300781,501.0,525.0,484.3999938964844,484.3999938964844,17172323,yfinance,False
2021-01-20,430.29248046875,507.0,520.0,500.5,500.5,12117751,yfinance,False
2021-01-21,437.0821533203125,515.0,525.0,505.5,510.5,8243153,yfinance,False
2021-01-22,433.262939453125,510.5,520.0,508.0,511.0,7813752,yfinance,False
2021-01-25,469.33282470703125,553.0,553.5,518.0,519.0,11868997,yfinance,False
2021-01-26,435.38470458984375,513.0,542.0,512.5,535.0,18985693,yfinance,False
2021-01-27,431.9899597167969,509.0,521.5,502.0,513.0,12243662,yfinance,False
2021-01-28,418.7501220703125,493.3999938964844,512.0,493.0,495.0,14294303,yfinance,False
2021-01-29,422.1449279785156,497.3999938964844,511.0,496.0,497.0,9998874,yfinance,False
2021-02-01,427.7463684082031,504.0,510.0,490.6000061035156,500.0,6694803,yfinance,False
2021-02-02,442.1743469238281,521.0,529.0,513.0,518.0,7652162,yfinance,False
2021-02-03,442.1743469238281,521.0,528.0,518.5,525.0,4814234,yfinance,False
2021-02-04,433.6873474121094,511.0,520.0,504.5,512.0,6620948,yfinance,False
2021-02-05,438.77947998046875,517.0,532.0,515.0,515.5,6656415,yfinance,False
2021-02-08,440.0526428222656,518.5,529.5,515.5,525.5,4538849,yfinance,False
2021-02-09,436.65777587890625,514.5,520.0,513.0,519.5,3770129,yfinance,False
2021-02-10,453.20745849609375,534.0,534.0,519.5,522.0,5424291,yfinance,False
2021-02-11,454.90484619140625,536.0,536.0,536.0,536.0,0,yfinance,False
2021-02-16,465.0892639160156,548.0,553.5,538.0,544.0,5662561,yfinance,False
2021-02-17,478.24420166015625,563.5,570.5,541.0,542.0,6039425,yfinance,False
2021-02-18,479.941650390625,565.5,576.5,558.0,568.0,7518475,yfinance,False
2021-02-19,481.2146301269531,567.0,568.5,550.5,557.0,6015649,yfinance,False
2021-02-22,477.3954772949219,562.5,587.0,560.0,579.5,8483046,yfinance,False
2021-02-23,473.576416015625,558.0,567.0,542.0,557.0,5486915,yfinance,False
2021-02-24,431.9899597167969,509.0,565.0,489.6000061035156,559.0,40339810,yfinance,False
2021-02-25,424.3515625,500.0,522.5,495.0,516.5,21813268,yfinance,False
2021-02-26,401.6063537597656,473.20001220703125,490.0,468.0,489.79998779296875,22444157,yfinance,False
2021-03-01,415.5250549316406,489.6000061035156,491.0,473.20001220703125,479.20001220703125,10509974,yfinance,False
2021-03-02,413.82763671875,487.6000061035156,509.0,480.0,497.0,11416451,yfinance,False
2021-03-03,422.6541442871094,498.0,499.6000061035156,486.79998779296875,493.0,5474542,yfinance,False
2021-03-04,409.9237060546875,483.0,491.79998779296875,478.0,486.0,8625288,yfinance,False
2021-03-05,407.2077941894531,479.79998779296875,488.79998779296875,465.0,473.6000061035156,9559584,yfinance,False
2021-03-08,386.49945068359375,455.3999938964844,485.79998779296875,448.6000061035156,484.6000061035156,17693509,yfinance,False
2021-03-09,377.80841064453125,440.79998779296875,454.79998779296875,430.20001220703125,448.79998779296875,14013786,yfinance,False
2021-03-10,381.23681640625,444.79998779296875,455.0,441.0,454.0,7375540,yfinance,False
2021-03-11,395.2932434082031,461.20001220703125,464.6000061035156,445.20001220703125,446.6000061035156,7973377,yfinance,False
2021-03-12,388.7792663574219,453.6000061035156,469.0,450.20001220703125,466.0,6862165,yfinance,False
2021-03-15,382.2653503417969,446.0,457.79998779296875,439.0,453.0,6403885,yfinance,False
2021-03-16,388.43646240234375,453.20001220703125,462.0,450.0,452.0,5021633,yfinance,False
2021-03-17,389.63641357421875,454.6000061035156,458.0,446.0,452.0,3008874,yfinance,False
2021-03-18,402.8356628417969,470.0,476.20001220703125,459.0,459.20001220703125,8352973,yfinance,False
2021-03-19,400.2643737792969,467.0,469.6000061035156,456.0,465.0,6347720,yfinance,False
2021-03-22,391.0077209472656,456.20001220703125,465.79998779296875,456.0,459.79998779296875,5002905,yfinance,False
2021-03-23,384.8366394042969,449.0,463.20001220703125,446.6000061035156,458.79998779296875,6247829,yfinance,False
2021-03-24,373.52294921875,435.79998779296875,449.20001220703125,434.20001220703125,446.79998779296875,7947715,yfinance,False
2021-03-25,385.35089111328125,449.6000061035156,456.6000061035156,421.0,432.20001220703125,9788749,yfinance,False
2021-03-26,397.0074157714844,463.20001220703125,468.0,453.20001220703125,455.0,7664306,yfinance,False
2021-03-29,400.093017578125,466.79998779296875,470.6000061035156,460.3999938964844,468.79998779296875,5927791,yfinance,False
2021-03-30,397.3503112792969,463.6000061035156,469.3999938964844,460.79998779296875,469.20001220703125,3397691,yfinance,False
2021-03-31,392.0362548828125,457.3999938964844,473.79998779296875,455.0,467.20001220703125,5022933,yfinance,False
2021-04-01,401.6357421875,468.6000061035156,470.79998779296875,448.3999938964844,460.3999938964844,7945089,yfinance,False
2021-04-07,392.0362548828125,457.3999938964844,468.6000061035156,455.3999938964844,467.20001220703125,5655011,yfinance,False
2021-04-08,397.864501953125,464.20001220703125,468.6000061035156,455.3999938964844,455.3999938964844,2896533,yfinance,False
2021-04-09,396.66461181640625,462.79998779296875,474.3999938964844,461.3999938964844,474.3999938964844,3878615,yfinance,False
2021-04-12,391.3505859375,456.6000061035156,465.0,454.3999938964844,464.6000061035156,2430976,yfinance,False
2021-04-13,389.1221008300781,454.0,462.79998779296875,453.20001220703125,456.20001220703125,2205737,yfinance,False
2021-04-14,395.46466064453125,461.3999938964844,465.0,457.3999938964844,460.0,3084799,yfinance,False
2021-04-15,397.1788635253906,463.3999938964844,465.0,458.0,463.20001220703125,2215430,yfinance,False
2021-04-16,400.2643737792969,467.0,471.3999938964844,463.3999938964844,464.0,3087729,yfinance,False
2021-04-19,411.0638427734375,479.6000061035156,484.79998779296875,465.3999938964844,470.0,6001039,yfinance,False
2021-04-20,417.2348937988281,486.79998779296875,488.0,473.20001220703125,480.79998779296875,4486544,yfinance,False
2021-04-21,411.0638427734375,479.6000061035156,484.0,476.0,480.6000061035156,3977736,yfinance,False
2021-04-22,410.37811279296875,478.79998779296875,484.6000061035156,478.79998779296875,480.0,3803016,yfinance,False
2021-04-23,415.5207214355469,484.79998779296875,487.3999938964844,477.20001220703125,478.0,2881423,yfinance,False
2021-04-26,421.1775207519531,491.3999938964844,498.0,484.20001220703125,488.0,4911101,yfinance,False
2021-04-27,419.9776306152344,490.0,494.79998779296875,488.6000061035156,492.6000061035156,3561380,yfinance,False
2021-04-28,418.9490966796875,488.79998779296875,496.20001220703125,486.0,489.0,4288924,yfinance,False
2021-04-29,411.4067077636719,480.0,493.0,477.20001220703125,490.0,4385722,yfinance,False
2021-04-30,402.8356628417969,470.0,479.0,468.20001220703125,476.20001220703125,4189807,yfinance,False
2021-05-03,398.5502014160156,465.0,470.0,463.20001220703125,470.0,2243059,yfinance,False
2021-05-04,403.1784973144531,470.3999938964844,472.20001220703125,465.20001220703125,465.20001220703125,1383311,yfinance,False
2021-05-05,401.8071594238281,468.79998779296875,472.0,465.20001220703125,469.6000061035156,1378951,yfinance,False
2021-05-06,400.2643737792969,467.0,474.20001220703125,464.3999938964844,471.79998779296875,3099136,yfinance,False
2021-05-07,389.4649353027344,454.3999938964844,472.79998779296875,452.0,470.0,5561936,yfinance,False
2021-05-10,390.8362731933594,456.0,462.0,453.3999938964844,458.6000061035156,2926135,yfinance,False
2021-05-11,380.72259521484375,444.20001220703125,451.0,441.0,451.0,5607962,yfinance,False
2021-05-12,383.29388427734375,447.20001220703125,448.0,441.0,445.3999938964844,4249350,yfinance,False
2021-05-13,377.2942199707031,440.20001220703125,444.3999938964844,440.0,442.79998779296875,5986341,yfinance,False
2021-05-14,379.0083923339844,442.20001220703125,448.20001220703125,440.0,444.0,3405703,yfinance,False
2021-05-17,381.40826416015625,445.0,448.0,440.79998779296875,441.0,4898808,yfinance,False
2021-05-18,389.2935485839844,454.20001220703125,461.0,448.0,449.20001220703125,3839817,yfinance,False
2021-05-20,392.2076416015625,457.6000061035156,461.0,451.0,454.79998779296875,3629375,yfinance,False
2021-05-21,388.7792663574219,453.6000061035156,459.79998779296875,452.0,459.79998779296875,2124916,yfinance,False
2021-05-24,386.0365295410156,450.3999938964844,457.79998779296875,447.0,457.79998779296875,1978023,yfinance,False
2021-05-25,406.7783508300781,474.6000061035156,478.0,450.20001220703125,450.3999938964844,8859520,yfinance,False
2021-05-26,413.8065185546875,482.79998779296875,490.0,478.6000061035156,482.0,6430186,yfinance,False
2021-05-27,413.97796630859375,483.0,483.6000061035156,476.0,481.79998779296875,4026338,yfinance,False
2021-05-28,409.1781921386719,477.3999938964844,485.6000061035156,476.79998779296875,485.6000061035156,2947739,yfinance,False
2021-05-31,416.3778076171875,485.79998779296875,487.79998779296875,479.20001220703125,482.6000061035156,3142675,yfinance,False
2021-06-01,418.09197998046875,487.79998779296875,490.0,485.0,487.0,2536293,yfinance,False
2021-06-02,415.17791748046875,484.3999938964844,495.0,481.3999938964844,490.0,3305667,yfinance,False
2021-06-03,407.8068542480469,475.79998779296875,487.79998779296875,471.3999938964844,487.79998779296875,3502109,yfinance,False
2021-06-04,410.0353088378906,478.3999938964844,478.6000061035156,464.20001220703125,472.20001220703125,3824369,yfinance,False
2021-06-07,404.0355529785156,471.3999938964844,479.6000061035156,468.79998779296875,477.6000061035156,3394423,yfinance,False
2021-06-08,402.8356628417969,470.0,476.0,465.0,472.3999938964844,2474584,yfinance,False
2021-06-09,399.7501220703125,466.3999938964844,474.0,465.0,474.0,1804367,yfinance,False
2021-06-10,400.2643737792969,467.0,472.79998779296875,466.0,467.20001220703125,1899071,yfinance,False
2021-06-11,401.29290771484375,468.20001220703125,473.3999938964844,466.0,472.0,2424925,yfinance,False
2021-06-15,398.0359191894531,464.3999938964844,476.0,462.79998779296875,470.79998779296875,3191469,yfinance,False
2021-06-16,397.3503112792969,463.6000061035156,470.6000061035156,462.0,466.0,3326923,yfinance,False
2021-06-17,396.4931640625,462.6000061035156,463.79998779296875,457.3999938964844,459.0,2788852,yfinance,False
2021-06-18,402.66424560546875,469.79998779296875,472.6000061035156,463.79998779296875,466.3999938964844,3723390,yfinance,False
2021-06-21,394.2647399902344,460.0,466.0,458.0,463.0,3448030,yfinance,False
2021-06-22,387.2365417480469,451.79998779296875,464.6000061035156,450.0,464.6000061035156,4870334,yfinance,False
2021-06-23,393.57904052734375,459.20001220703125,461.6000061035156,454.0,455.20001220703125,2560520,yfinance,False
2021-06-24,393.9219055175781,459.6000061035156,462.3999938964844,456.3999938964844,459.6000061035156,1934823,yfinance,False
2021-06-25,405.9212646484375,473.6000061035156,477.3999938964844,461.0,462.0,5614706,yfinance,False
2021-06-28,406.0926513671875,473.79998779296875,476.6000061035156,471.0,474.3999938964844,1985816,yfinance,False
2021-06-29,401.6357421875,468.6000061035156,479.0,467.0,479.0,3375888,yfinance,False
2021-06-30,396.66461181640625,462.79998779296875,470.0,461.0,467.3999938964844,2364401,yfinance,False
2021-07-02,390.66485595703125,455.79998779296875,463.79998779296875,454.3999938964844,462.20001220703125,5813291,yfinance,False
2021-07-05,390.49346923828125,455.6000061035156,462.0,454.0,455.79998779296875,4304578,yfinance,False
2021-07-06,399.5787048339844,466.20001220703125,467.79998779296875,455.79998779296875,456.0,4394712,yfinance,False
2021-07-07,420.83465576171875,491.0,495.0,465.79998779296875,477.0,19324146,yfinance,False
2021-07-08,419.9776306152344,490.0,510.0,482.0,495.0,14650691,yfinance,False
2021-07-09,419.9776306152344,490.0,496.79998779296875,480.0,496.79998779296875,8041791,yfinance,False
2021-07-12,431.1199035644531,503.0,508.0,498.0,503.0,10410165,yfinance,False
2021-07-13,433.6911315917969,506.0,511.5,503.0,510.0,8223237,yfinance,False
2021-07-14,434.5482482910156,507.0,510.0,503.5,507.5,4914221,yfinance,False
2021-07-15,432.83404541015625,505.0,511.5,502.0,509.0,5192102,yfinance,False
2021-07-16,449.1189270019531,524.0,531.0,496.0,504.0,16894102,yfinance,False
2021-07-19,447.4046936035156,522.0,528.0,518.0,524.0,6526306,yfinance,False
2021-07-20,446.5476379394531,521.0,530.0,518.5,520.0,4146530,yfinance,False
2021-07-21,458.5469665527344,535.0,535.0,519.0,526.5,7588063,yfinance,False
2021-07-22,462.8323974609375,540.0,544.0,532.0,539.0,6565914,yfinance,False
2021-07-23,446.5476379394531,521.0,540.0,514.0,540.0,7116870,yfinance,False
2021-07-26,428.5486145019531,500.0,517.5,498.6000061035156,511.0,12369435,yfinance,False
2021-07-27,400.43585205078125,467.20001220703125,501.0,462.0,496.0,17102762,yfinance,False
2021-07-28,405.0640869140625,472.6000061035156,480.0,451.0,472.0,13086182,yfinance,False
2021-07-29,428.5486145019531,500.0,500.0,483.79998779296875,491.6000061035156,13546806,yfinance,False
2021-07-30,425.1202392578125,496.0,496.3999938964844,484.6000061035156,493.6000061035156,5184756,yfinance,False
2021-08-02,443.54779052734375,517.5,518.5,500.5,510.5,7435985,yfinance,False
2021-08-03,443.9763488769531,518.0,525.0,506.0,521.5,4700768,yfinance,False
2021-08-04,443.9763488769531,518.0,527.5,515.0,518.0,2892462,yfinance,False
2021-08-05,447.4046936035156,522.0,527.0,516.5,520.5,3150137,yfinance,False
2021-08-06,453.8329772949219,529.5,531.0,521.0,525.5,3791910,yfinance,False
2021-08-09,446.5476379394531,521.0,531.5,517.0,527.5,3398186,yfinance,False
2021-08-10,441.8335876464844,515.5,522.5,508.5,521.0,5532717,yfinance,False
2021-08-11,443.54779052734375,517.5,521.5,511.5,513.0,4426918,yfinance,False
2021-08-12,427.8629150390625,499.20001220703125,513.5,493.0,512.0,8385251,yfinance,False
2021-08-13,429.4056701660156,501.0,501.5,494.20001220703125,495.0,3110132,yfinance,False
2021-08-16,419.2920227050781,489.20001220703125,497.79998779296875,485.3999938964844,496.79998779296875,5039242,yfinance,False
2021-08-17,406.9497375488281,474.79998779296875,488.6000061035156,468.20001220703125,485.6000061035156,8366384,yfinance,False
2021-08-18,413.46368408203125,482.3999938964844,489.20001220703125,475.3999938964844,475.3999938964844,3484711,yfinance,False
2021-08-19,405.0640869140625,472.6000061035156,484.0,470.0,480.79998779296875,5078934,yfinance,False
2021-08-20,397.0074157714844,463.20001220703125,471.3999938964844,454.20001220703125,470.0,9480683,yfinance,False
2021-08-23,419.4633483886719,489.3999938964844,494.6000061035156,482.0,484.3999938964844,9995056,yfinance,False
2021-08-24,424.21435546875,490.20001220703125,492.0,485.3999938964844,490.0,4171514,yfinance,False
2021-08-25,424.9067077636719,491.0,499.79998779296875,489.6000061035156,495.0,3876050,yfinance,False
2021-08-26,421.27203369140625,486.79998779296875,489.79998779296875,483.79998779296875,487.6000061035156,2133308,yfinance,False
2021-08-27,420.4066467285156,485.79998779296875,488.79998779296875,479.0,481.79998779296875,1969136,yfinance,False
2021-08-30,425.4259338378906,491.6000061035156,494.6000061035156,483.0,485.79998779296875,2144080,yfinance,False
2021-08-31,424.73358154296875,490.79998779296875,494.6000061035156,481.0,489.6000061035156,3470278,yfinance,False
2021-09-01,427.67596435546875,494.20001220703125,499.0,486.6000061035156,488.20001220703125,3297597,yfinance,False
2021-09-02,431.31048583984375,498.3999938964844,514.0,495.3999938964844,501.0,5097781,yfinance,False
2021-09-03,421.96435546875,487.6000061035156,495.0,482.6000061035156,495.0,7340349,yfinance,False
2021-09-06,430.9643859863281,498.0,500.0,482.6000061035156,486.0,4857157,yfinance,False
2021-09-07,435.2913513183594,503.0,509.0,496.6000061035156,498.0,2930244,yfinance,False
2021-09-08,430.9643859863281,498.0,505.0,495.20001220703125,502.5,2688132,yfinance,False
2021-09-09,425.9451599121094,492.20001220703125,497.79998779296875,488.3999938964844,496.0,2882895,yfinance,False
2021-09-10,436.15679931640625,504.0,506.0,495.0,495.6000061035156,4758167,yfinance,False
2021-09-13,439.6183776855469,508.0,508.0,499.0,501.0,3751716,yfinance,False
2021-09-14,436.58941650390625,504.5,515.0,503.0,507.5,4059272,yfinance,False
2021-09-15,436.58941650390625,504.5,512.0,503.0,507.5,3333209,yfinance,False
2021-09-16,425.9451599121094,492.20001220703125,510.0,488.6000061035156,510.0,4233032,yfinance,False
2021-09-17,425.59893798828125,491.79998779296875,496.0,488.20001220703125,492.20001220703125,3377205,yfinance,False
2021-09-20,414.348876953125,478.79998779296875,490.79998779296875,468.0,489.0,5347562,yfinance,False
2021-09-21,419.19512939453125,484.3999938964844,484.79998779296875,470.3999938964844,477.0,3082590,yfinance,False
2021-09-23,419.19512939453125,484.3999938964844,492.0,480.20001220703125,489.3999938964844,3266474,yfinance,False
2021-09-24,412.27197265625,476.3999938964844,484.0,474.20001220703125,483.20001220703125,2628239,yfinance,False
2021-09-27,411.0604248046875,475.0,481.6000061035156,473.3999938964844,475.0,2110728,yfinance,False
2021-09-28,410.195068359375,474.0,478.3999938964844,472.6000061035156,475.0,3248548,yfinance,False
2021-09-29,410.88739013671875,474.79998779296875,476.6000061035156,461.20001220703125,470.20001220703125,2884898,yfinance,False
2021-09-30,415.2143249511719,479.79998779296875,479.79998779296875,468.79998779296875,470.20001220703125,4043322,yfinance,False
2021-10-04,411.2334899902344,475.20001220703125,478.0,471.79998779296875,474.0,3333718,yfinance,False
2021-10-05,410.195068359375,474.0,477.0,468.20001220703125,470.20001220703125,1690357,yfinance,False
2021-10-06,407.7719421386719,471.20001220703125,477.20001220703125,465.0,477.20001220703125,2011283,yfinance,False
2021-10-07,414.348876953125,478.79998779296875,480.0,473.79998779296875,476.0,2324786,yfinance,False
2021-10-08,408.46429443359375,472.0,482.79998779296875,469.3999938964844,482.20001220703125,3619347,yfinance,False
2021-10-11,407.7719421386719,471.20001220703125,479.79998779296875,471.20001220703125,472.0,3795792,yfinance,False
2021-10-12,399.98345947265625,462.20001220703125,472.79998779296875,458.0,470.0,4907619,yfinance,False
2021-10-15,405.8680419921875,469.0,469.0,455.6000061035156,465.0,4247153,yfinance,False
2021-10-18,407.2527160644531,470.6000061035156,473.6000061035156,467.6000061035156,470.0,1711446,yfinance,False
2021-10-19,417.81048583984375,482.79998779296875,483.0,470.20001220703125,471.0,3566702,yfinance,False
2021-10-20,424.73358154296875,490.79998779296875,495.0,484.0,485.0,4999975,yfinance,False
2021-10-21,416.5989074707031,481.3999938964844,490.79998779296875,476.0,488.3999938964844,3481111,yfinance,False
2021-10-22,415.38739013671875,480.0,484.3999938964844,473.6000061035156,483.20001220703125,4101783,yfinance,False
2021-10-25,419.02203369140625,484.20001220703125,487.6000061035156,474.0,477.20001220703125,3022705,yfinance,False
2021-10-26,416.945068359375,481.79998779296875,490.6000061035156,480.0,486.0,2079665,yfinance,False
2021-10-27,410.88739013671875,474.79998779296875,481.20001220703125,473.0,480.0,2650835,yfinance,False
2021-10-28,404.65655517578125,467.6000061035156,475.3999938964844,466.6000061035156,473.3999938964844,4342199,yfinance,False
2021-10-29,407.42578125,470.79998779296875,474.0,468.0,468.79998779296875,3083195,yfinance,False
2021-11-01,405.17578125,468.20001220703125,472.79998779296875,465.3999938964844,471.3999938964844,2178736,yfinance,False
2021-11-02,401.5411682128906,464.0,475.79998779296875,463.20001220703125,475.79998779296875,2796711,yfinance,False
2021-11-03,400.502685546875,462.79998779296875,466.0,455.79998779296875,463.20001220703125,3382168,yfinance,False
2021-11-04,401.8872985839844,464.3999938964844,470.0,462.79998779296875,462.79998779296875,2076888,yfinance,False
2021-11-05,403.2719421386719,466.0,467.6000061035156,458.0,464.0,2729110,yfinance,False
2021-11-08,403.9642639160156,466.79998779296875,468.6000061035156,460.20001220703125,465.6000061035156,3250840,yfinance,False
2021-11-09,402.4065246582031,465.0,469.6000061035156,461.0,469.6000061035156,1796280,yfinance,False
2021-11-10,401.5411682128906,464.0,465.6000061035156,458.0,462.79998779296875,2335347,yfinance,False
2021-11-11,402.06036376953125,464.6000061035156,466.79998779296875,460.0,460.79998779296875,2459065,yfinance,False
2021-11-12,402.4065246582031,465.0,467.79998779296875,461.3999938964844,467.79998779296875,2533852,yfinance,False
2021-11-15,402.5795593261719,465.20001220703125,468.0,461.20001220703125,465.0,1741675,yfinance,False
2021-11-16,403.2719421386719,466.0,469.0,460.6000061035156,463.3999938964844,2561839,yfinance,False
2021-11-17,399.4642333984375,461.6000061035156,464.20001220703125,458.20001220703125,464.20001220703125,3399004,yfinance,False
2021-11-18,402.2333984375,464.79998779296875,466.79998779296875,460.0,460.20001220703125,3377394,yfinance,False
2021-11-19,401.8872985839844,464.3999938964844,465.20001220703125,460.20001220703125,461.79998779296875,2361772,yfinance,False
2021-11-22,400.8488464355469,463.20001220703125,466.6000061035156,461.20001220703125,466.6000061035156,1916967,yfinance,False
2021-11-23,396.17572021484375,457.79998779296875,461.79998779296875,457.0,458.20001220703125,2874535,yfinance,False
2021-11-24,392.0218505859375,453.0,459.0,447.3999938964844,457.79998779296875,4860170,yfinance,False
2021-11-25,393.5794982910156,454.79998779296875,459.0,451.0,453.0,1823528,yfinance,False
2021-11-26,388.2140808105469,448.6000061035156,454.79998779296875,448.0,454.79998779296875,3040771,yfinance,False
2021-11-29,385.09869384765625,445.0,452.0,441.20001220703125,443.0,3124668,yfinance,False
2021-11-30,372.11785888671875,430.0,444.79998779296875,427.0,443.0,10435689,yfinance,False
2021-12-01,376.2717590332031,434.79998779296875,442.6000061035156,431.6000061035156,431.6000061035156,4950587,yfinance,False
2021-12-02,373.8486022949219,432.0,433.6000061035156,426.20001220703125,432.0,4613427,yfinance,False
2021-12-03,390.1179504394531,450.79998779296875,454.20001220703125,428.0,430.0,7261881,yfinance,False
2021-12-06,394.61798095703125,456.0,468.79998779296875,447.6000061035156,448.20001220703125,8795590,yfinance,False
2021-12-07,409.1565246582031,472.79998779296875,473.0,461.3999938964844,472.0,7794854,yfinance,False
2021-12-08,407.7719421386719,471.20001220703125,475.0,468.3999938964844,475.0,3482675,yfinance,False
2021-12-09,407.7719421386719,471.20001220703125,476.79998779296875,470.20001220703125,471.79998779296875,2709193,yfinance,False
2021-12-10,405.17578125,468.20001220703125,470.3999938964844,465.6000061035156,466.0,2225917,yfinance,False
2021-12-13,409.1565246582031,472.79998779296875,478.79998779296875,471.0,472.3999938964844,2982680,yfinance,False
2021-12-14,400.502685546875,462.79998779296875,470.6000061035156,462.20001220703125,468.79998779296875,2122950,yfinance,False
2021-12-15,394.4449157714844,455.79998779296875,460.6000061035156,453.6000061035156,456.20001220703125,2691892,yfinance,False
2021-12-16,395.4833679199219,457.0,459.0,450.0,453.20001220703125,3055726,yfinance,False
2021-12-17,392.0218505859375,453.0,459.3999938964844,452.3999938964844,457.0,2784836,yfinance,False
2021-12-20,384.0602111816406,443.79998779296875,454.79998779296875,440.6000061035156,448.6000061035156,3326459,yfinance,False
2021-12-21,387.34869384765625,447.6000061035156,454.0,445.3999938964844,449.0,2171543,yfinance,False
2021-12-22,387.6948547363281,448.0,451.20001220703125,445.79998779296875,450.0,1804560,yfinance,False
2021-12-23,391.1564636230469,452.0,453.79998779296875,449.20001220703125,450.0,1418396,yfinance,False
2021-12-24,392.0218505859375,453.0,457.20001220703125,452.3999938964844,455.6000061035156,957927,yfinance,False
2021-12-28,394.0987548828125,455.3999938964844,458.20001220703125,450.79998779296875,456.0,1610618,yfinance,False
2021-12-29,392.5411071777344,453.6000061035156,456.3999938964844,451.6000061035156,456.0,840475,yfinance,False
2021-12-30,393.0603332519531,454.20001220703125,457.20001220703125,452.6000061035156,456.79998779296875,1206822,yfinance,False
2021-12-31,394.0987548828125,455.3999938964844,459.0,454.6000061035156,459.0,1080028,yfinance,False
2022-01-03,393.406494140625,454.6000061035156,460.0,452.20001220703125,458.3999938964844,853712,yfinance,False
2022-01-04,389.07952880859375,449.6000061035156,457.3999938964844,443.6000061035156,456.79998779296875,2599577,yfinance,False
2022-01-05,380.9448547363281,440.20001220703125,452.0,438.79998779296875,452.0,3123277,yfinance,False
2022-01-06,376.4448547363281,435.0,436.20001220703125,428.20001220703125,430.0,4372394,yfinance,False
2022-01-07,388.90643310546875,449.3999938964844,451.0,433.20001220703125,438.3999938964844,4773532,yfinance,False
2022-01-10,396.5218811035156,458.20001220703125,462.0,445.3999938964844,449.3999938964844,4585695,yfinance,False
2022-01-11,391.67572021484375,452.6000061035156,459.20001220703125,450.3999938964844,458.20001220703125,3378343,yfinance,False
2022-01-12,399.6372985839844,461.79998779296875,465.3999938964844,453.20001220703125,458.0,4701683,yfinance,False
2022-01-13,395.1372985839844,456.6000061035156,467.20001220703125,453.79998779296875,467.20001220703125,3651213,yfinance,False
2022-01-14,391.8487548828125,452.79998779296875,456.3999938964844,450.3999938964844,453.0,2319167,yfinance,False
2022-01-17,390.1179504394531,450.79998779296875,454.79998779296875,449.20001220703125,451.79998779296875,1362700,yfinance,False
2022-01-18,391.67572021484375,452.6000061035156,455.20001220703125,448.6000061035156,450.79998779296875,1677603,yfinance,False
2022-01-19,394.96417236328125,456.3999938964844,457.79998779296875,452.20001220703125,457.79998779296875,2111757,yfinance,False
2022-01-20,410.36810302734375,474.20001220703125,474.79998779296875,456.0,457.79998779296875,6457949,yfinance,False
2022-01-21,416.0796813964844,480.79998779296875,483.6000061035156,472.79998779296875,474.20001220703125,6362815,yfinance,False
2022-01-24,409.67584228515625,473.3999938964844,482.20001220703125,471.79998779296875,482.20001220703125,3212700,yfinance,False
2022-01-25,404.82958984375,467.79998779296875,472.3999938964844,464.20001220703125,468.6000061035156,3850626,yfinance,False
2022-01-26,399.29107666015625,461.3999938964844,471.3999938964844,458.20001220703125,468.6000061035156,3820025,yfinance,False
2022-01-27,394.0987548828125,455.3999938964844,455.79998779296875,450.6000061035156,452.20001220703125,3557456,yfinance,False
2022-01-28,377.6564025878906,436.3999938964844,452.3999938964844,433.6000061035156,450.0,10253484,yfinance,False
2022-01-31,380.771728515625,440.0,440.0,440.0,440.0,0,yfinance,False
2022-02-04,383.0217590332031,442.6000061035156,447.3999938964844,438.6000061035156,447.3999938964844,4800570,yfinance,False
2022-02-07,385.617919921875,445.6000061035156,447.6000061035156,440.3999938964844,443.3999938964844,2471800,yfinance,False
2022-02-08,382.15643310546875,441.6000061035156,447.3999938964844,438.79998779296875,445.0,2388265,yfinance,False
2022-02-09,389.2525939941406,449.79998779296875,450.79998779296875,443.6000061035156,443.6000061035156,3791790,yfinance,False
2022-02-10,389.2525939941406,449.79998779296875,454.3999938964844,447.20001220703125,451.6000061035156,2446926,yfinance,False
2022-02-11,384.5794982910156,444.3999938964844,448.0,442.0,447.3999938964844,2738718,yfinance,False
2022-02-14,378.52178955078125,437.3999938964844,441.0,435.3999938964844,441.0,2817164,yfinance,False
2022-02-15,378.3486328125,437.20001220703125,440.79998779296875,433.6000061035156,435.0,2729082,yfinance,False
2022-02-16,380.42559814453125,439.6000061035156,441.6000061035156,438.0,439.0,1973976,yfinance,False
2022-02-17,378.52178955078125,437.3999938964844,440.0,433.0,435.6000061035156,2621718,yfinance,False
2022-02-18,375.75250244140625,434.20001220703125,437.3999938964844,431.6000061035156,432.6000061035156,2392756,yfinance,False
2022-02-21,372.8101501464844,430.79998779296875,433.0,428.20001220703125,431.20001220703125,3532801,yfinance,False
2022-02-22,361.9062805175781,418.20001220703125,427.3999938964844,416.0,423.6000061035156,7128409,yfinance,False
2022-02-23,361.0408630371094,417.20001220703125,421.0,416.6000061035156,416.6000061035156,3733588,yfinance,False
2022-02-24,341.4830322265625,394.6000061035156,412.79998779296875,392.3999938964844,412.79998779296875,13410230,yfinance,False
2022-02-25,337.50225830078125,390.0,401.20001220703125,385.0,398.20001220703125,9081739,yfinance,False
2022-02-28,326.7713623046875,377.6000061035156,390.0,372.79998779296875,390.0,10477797,yfinance,False
2022-03-01,325.38677978515625,376.0,378.6000061035156,371.0,374.79998779296875,7970928,yfinance,False
2022-03-02,314.8289794921875,363.79998779296875,371.6000061035156,363.3999938964844,367.0,8225892,yfinance,False
2022-03-03,314.309814453125,363.20001220703125,368.20001220703125,362.20001220703125,367.6000061035156,5731813,yfinance,False
2022-03-04,307.9059143066406,355.79998779296875,360.6000061035156,351.3999938964844,355.0,9231532,yfinance,False
2022-03-07,294.2327575683594,340.0,348.0,340.0,346.79998779296875,9351916,yfinance,False
2022-03-08,294.5788879394531,340.3999938964844,349.20001220703125,340.0,340.79998779296875,8053255,yfinance,False
2022-03-09,288.2530822753906,329.0,340.0,314.0,336.0,15160524,yfinance,False
2022-03-10,296.138427734375,338.0,342.79998779296875,332.0,336.79998779296875,10479500,yfinance,False
2022-03-11,303.6733093261719,346.6000061035156,352.6000061035156,323.79998779296875,327.79998779296875,16874788,yfinance,False
2022-03-14,292.108154296875,333.3999938964844,345.6000061035156,330.0,345.6000061035156,12110865,yfinance,False
2022-03-15,282.4704895019531,322.3999938964844,338.6000061035156,318.3999938964844,325.20001220703125,12929578,yfinance,False
2022-03-16,315.76416015625,360.3999938964844,364.3999938964844,328.0,331.0,18947029,yfinance,False
2022-03-17,335.2147216796875,382.6000061035156,394.0,370.20001220703125,386.20001220703125,16462669,yfinance,False
2022-03-18,331.7100830078125,378.6000061035156,385.20001220703125,373.0,381.6000061035156,6012437,yfinance,False
2022-03-21,327.8550720214844,374.20001220703125,383.0,373.3999938964844,382.79998779296875,3817968,yfinance,False
2022-03-22,332.9366455078125,380.0,381.0,371.79998779296875,376.3999938964844,4236957,yfinance,False
2022-03-23,335.3899230957031,382.79998779296875,388.0,378.0,378.0,5421773,yfinance,False
2022-03-24,336.4412841796875,384.0,386.6000061035156,378.3999938964844,380.3999938964844,4285958,yfinance,False
2022-03-25,327.329345703125,373.6000061035156,385.0,370.79998779296875,380.0,4984150,yfinance,False
2022-03-28,326.2779541015625,372.3999938964844,377.6000061035156,367.0,370.3999938964844,3839918,yfinance,False
2022-03-29,325.927490234375,372.0,376.79998779296875,370.0,375.20001220703125,3072303,yfinance,False
2022-03-30,329.60736083984375,376.20001220703125,383.79998779296875,372.3999938964844,376.0,5173799,yfinance,False
2022-03-31,325.4018249511719,371.3999938964844,376.20001220703125,369.79998779296875,376.0,4147679,yfinance,False
2022-04-01,320.670654296875,366.0,367.0,357.20001220703125,367.0,5535422,yfinance,False
2022-04-04,324.8761291503906,370.79998779296875,372.3999938964844,364.3999938964844,368.0,4026899,yfinance,False
2022-04-06,314.01190185546875,358.3999938964844,370.0,357.0,370.0,7157883,yfinance,False
2022-04-07,310.85772705078125,354.79998779296875,361.79998779296875,351.3999938964844,354.20001220703125,3935719,yfinance,False
2022-04-08,311.3833923339844,355.3999938964844,356.6000061035156,350.20001220703125,352.3999938964844,3390506,yfinance,False
2022-04-11,300.6944274902344,343.20001220703125,352.3999938964844,343.0,351.20001220703125,5656964,yfinance,False
2022-04-12,300.86962890625,343.3999938964844,347.6000061035156,338.0,343.20001220703125,4060040,yfinance,False
2022-04-13,298.5916748046875,340.79998779296875,343.0,338.0,340.3999938964844,3400520,yfinance,False
2022-04-14,299.46783447265625,341.79998779296875,345.6000061035156,340.0,341.0,2871927,yfinance,False
2022-04-19,290.00537109375,331.0,336.79998779296875,330.3999938964844,332.79998779296875,4578430,yfinance,False
2022-04-20,285.79986572265625,326.20001220703125,334.20001220703125,325.0,330.20001220703125,6110093,yfinance,False
2022-04-21,282.8209533691406,322.79998779296875,327.6000061035156,320.0,323.0,5932093,yfinance,False
2022-04-22,294.03570556640625,335.6000061035156,336.0,318.3999938964844,319.0,6138534,yfinance,False
2022-04-25,283.3466491699219,323.3999938964844,330.0,320.79998779296875,330.0,4690221,yfinance,False
2022-04-26,281.9447937011719,321.79998779296875,328.3999938964844,321.20001220703125,325.3999938964844,4232094,yfinance,False
2022-04-27,281.5943908691406,321.3999938964844,325.3999938964844,319.0,319.3999938964844,3832335,yfinance,False
2022-04-28,285.4494323730469,325.79998779296875,327.20001220703125,318.3999938964844,321.3999938964844,2735413,yfinance,False
2022-04-29,295.9632263183594,337.79998779296875,341.3999938964844,326.0,328.0,6082000,yfinance,False
2022-05-03,299.46783447265625,341.79998779296875,348.0,333.20001220703125,341.0,5217095,yfinance,False
2022-05-04,295.43756103515625,337.20001220703125,342.20001220703125,336.0,342.0,2056704,yfinance,False
2022-05-05,299.2925720214844,341.6000061035156,346.0,340.20001220703125,342.6000061035156,4038739,yfinance,False
2022-05-06,287.0265197753906,327.6000061035156,335.6000061035156,326.3999938964844,335.0,5972284,yfinance,False
2022-05-10,285.2742004394531,325.6000061035156,329.20001220703125,320.0,320.79998779296875,4655168,yfinance,False
2022-05-11,285.09893798828125,325.3999938964844,331.79998779296875,323.0,325.6000061035156,3667322,yfinance,False
2022-05-12,281.243896484375,321.0,324.3999938964844,319.3999938964844,321.0,3524248,yfinance,False
2022-05-13,287.9026184082031,328.6000061035156,329.3999938964844,323.3999938964844,325.0,2677810,yfinance,False
2022-05-16,285.79986572265625,326.20001220703125,330.79998779296875,324.3999938964844,330.0,2435729,yfinance,False
2022-05-17,297.8907470703125,340.0,340.6000061035156,326.20001220703125,326.20001220703125,5356188,yfinance,False
2022-05-18,299.11737060546875,341.3999938964844,344.0,336.20001220703125,344.0,3322783,yfinance,False
2022-05-19,290.00537109375,331.0,333.6000061035156,327.3999938964844,331.0,3981740,yfinance,False
2022-05-20,294.38616943359375,336.0,337.79998779296875,332.0,333.0,5289553,yfinance,False
2022-05-23,290.3558654785156,331.3999938964844,334.3999938964844,329.3999938964844,334.3999938964844,3583434,yfinance,False
2022-05-24,284.57330322265625,324.79998779296875,331.79998779296875,321.20001220703125,331.3999938964844,4260781,yfinance,False
2022-05-25,284.3980407714844,324.6000061035156,327.6000061035156,322.3999938964844,325.6000061035156,2583876,yfinance,False
2022-05-26,284.92376708984375,325.20001220703125,326.6000061035156,320.6000061035156,326.20001220703125,2817485,yfinance,False
2022-05-27,289.83013916015625,330.79998779296875,335.3999938964844,326.6000061035156,332.0,3634013,yfinance,False
2022-05-30,296.138427734375,338.0,344.3999938964844,333.20001220703125,333.79998779296875,6483120,yfinance,False
2022-05-31,297.1898498535156,339.20001220703125,340.3999938964844,334.3999938964844,337.79998779296875,12777840,yfinance,False
2022-06-01,301.39532470703125,344.0,346.6000061035156,335.3999938964844,337.3999938964844,5284746,yfinance,False
2022-06-02,299.64300537109375,342.0,343.3999938964844,337.79998779296875,340.79998779296875,2065091,yfinance,False
2022-06-06,304.5494689941406,347.6000061035156,347.6000061035156,337.79998779296875,341.79998779296875,3542745,yfinance,False
2022-06-07,308.57977294921875,352.20001220703125,357.79998779296875,342.79998779296875,347.20001220703125,7597184,yfinance,False
2022-06-08,316.4651184082031,361.20001220703125,362.79998779296875,350.79998779296875,356.0,8347757,yfinance,False
2022-06-09,311.3833923339844,355.3999938964844,360.3999938964844,354.0,360.20001220703125,4996685,yfinance,False
2022-06-10,311.2082214355469,355.20001220703125,355.20001220703125,346.20001220703125,347.79998779296875,4186795,yfinance,False
2022-06-13,299.64300537109375,342.0,348.79998779296875,340.20001220703125,342.0,4107754,yfinance,False
2022-06-14,299.2925720214844,341.6000061035156,343.0,334.20001220703125,339.79998779296875,3478255,yfinance,False
2022-06-15,311.3833923339844,355.3999938964844,359.79998779296875,341.20001220703125,341.6000061035156,7071608,yfinance,False
2022-06-16,305.6008605957031,348.79998779296875,360.0,347.3999938964844,360.0,3696026,yfinance,False
2022-06-17,311.9090881347656,356.0,358.79998779296875,346.6000061035156,347.79998779296875,5266963,yfinance,False
2022-06-20,314.01190185546875,358.3999938964844,361.20001220703125,353.0,356.0,3154799,yfinance,False
2022-06-21,319.09356689453125,364.20001220703125,366.6000061035156,355.20001220703125,359.3999938964844,4929809,yfinance,False
2022-06-22,315.23846435546875,359.79998779296875,371.3999938964844,359.0,366.20001220703125,5520071,yfinance,False
2022-06-23,314.8880310058594,359.3999938964844,364.3999938964844,357.0,357.0,3183033,yfinance,False
2022-06-24,327.8550720214844,374.20001220703125,377.0,361.0,364.0,7463422,yfinance,False
2022-06-27,350.63494873046875,400.20001220703125,404.20001220703125,386.0,388.0,20773978,yfinance,False
2022-06-28,347.48077392578125,396.6000061035156,398.79998779296875,386.20001220703125,398.79998779296875,9409712,yfinance,False
2022-06-29,336.96697998046875,384.6000061035156,397.79998779296875,380.3999938964844,392.0,7488932,yfinance,False
2022-06-30,338.193603515625,386.0,394.3999938964844,382.20001220703125,386.79998779296875,6676290,yfinance,False
2022-07-04,327.6798095703125,374.0,379.3999938964844,366.20001220703125,379.0,7834048,yfinance,False
2022-07-05,324.5256652832031,370.3999938964844,377.0,367.0,374.0,4391073,yfinance,False
2022-07-06,322.2477111816406,367.79998779296875,375.0,363.79998779296875,365.0,3363576,yfinance,False
2022-07-07,324.7008972167969,370.6000061035156,371.6000061035156,362.6000061035156,367.79998779296875,2733755,yfinance,False
2022-07-08,329.2568664550781,375.79998779296875,378.79998779296875,373.0,378.0,3983906,yfinance,False
2022-07-11,321.0210876464844,366.3999938964844,373.3999938964844,363.0,370.20001220703125,3363527,yfinance,False
2022-07-12,318.5678405761719,363.6000061035156,367.3999938964844,362.0,363.20001220703125,2540722,yfinance,False
2022-07-13,316.1146545410156,360.79998779296875,365.6000061035156,358.6000061035156,364.0,2372823,yfinance,False
2022-07-14,317.166015625,362.0,363.6000061035156,357.20001220703125,359.3999938964844,2396709,yfinance,False
2022-07-15,308.404541015625,352.0,361.20001220703125,351.79998779296875,358.0,3365452,yfinance,False
2022-07-18,311.73388671875,355.79998779296875,357.20001220703125,348.20001220703125,353.6000061035156,3667455,yfinance,False
2022-07-19,307.8788146972656,351.3999938964844,356.3999938964844,351.0,354.20001220703125,2088729,yfinance,False
2022-07-20,315.4136962890625,360.0,363.6000061035156,354.79998779296875,354.79998779296875,4156364,yfinance,False
2022-07-21,309.1054382324219,352.79998779296875,361.0,350.20001220703125,360.6000061035156,2773759,yfinance,False
2022-07-22,308.0540771484375,351.6000061035156,355.79998779296875,349.20001220703125,353.6000061035156,1999092,yfinance,False
2022-07-25,311.73388671875,355.79998779296875,356.3999938964844,350.0,352.0,3330076,yfinance,False
2022-07-26,322.5981750488281,368.20001220703125,369.79998779296875,361.20001220703125,363.20001220703125,4543216,yfinance,False
2022-07-27,321.8971862792969,367.3999938964844,371.3999938964844,365.79998779296875,370.0,2592570,yfinance,False
2022-07-28,322.07244873046875,367.6000061035156,371.3999938964844,366.20001220703125,370.20001220703125,2567595,yfinance,False
2022-07-29,314.53759765625,359.0,371.0,357.20001220703125,368.79998779296875,3961651,yfinance,False
2022-08-01,317.5164794921875,362.3999938964844,364.20001220703125,356.6000061035156,360.20001220703125,2349820,yfinance,False
2022-08-02,307.002685546875,350.3999938964844,358.6000061035156,346.20001220703125,357.3999938964844,4313237,yfinance,False
2022-08-03,305.77606201171875,349.0,354.6000061035156,347.79998779296875,353.0,1809836,yfinance,False
2022-08-04,312.61004638671875,356.79998779296875,358.6000061035156,350.6000061035156,353.0,2179397,yfinance,False
2022-08-05,313.66143798828125,358.0,359.6000061035156,353.6000061035156,357.3999938964844,1620123,yfinance,False
2022-08-08,312.0843811035156,356.20001220703125,358.79998779296875,354.0,358.0,1616537,yfinance,False
2022-08-09,308.7550048828125,352.3999938964844,356.79998779296875,348.20001220703125,356.79998779296875,3135963,yfinance,False
2022-08-10,301.570556640625,344.20001220703125,352.6000061035156,341.3999938964844,352.6000061035156,4011607,yfinance,False
2022-08-11,304.89996337890625,348.0,350.0,345.3999938964844,349.79998779296875,2496946,yfinance,False
2022-08-12,305.4256591796875,348.6000061035156,349.20001220703125,346.0,348.79998779296875,1788425,yfinance,False
2022-08-15,303.8485412597656,346.79998779296875,351.3999938964844,345.0,346.6000061035156,2041089,yfinance,False
2022-08-16,303.6733093261719,346.6000061035156,348.79998779296875,342.3999938964844,346.79998779296875,2871783,yfinance,False
2022-08-17,298.942138671875,341.20001220703125,347.3999938964844,340.6000061035156,346.6000061035156,3847422,yfinance,False
2022-08-18,292.9842834472656,334.3999938964844,341.79998779296875,332.0,341.79998779296875,6115184,yfinance,False
2022-08-19,292.80908203125,334.20001220703125,336.79998779296875,330.6000061035156,330.6000061035156,1788912,yfinance,False
2022-08-22,289.1292419433594,330.0,331.79998779296875,328.79998779296875,331.20001220703125,3900893,yfinance,False
2022-08-23,286.8512268066406,327.3999938964844,329.6000061035156,324.20001220703125,328.3999938964844,3702200,yfinance,False
2022-08-24,280.36773681640625,320.0,327.3999938964844,318.79998779296875,327.0,4739357,yfinance,False
2022-08-25,290.53106689453125,331.6000061035156,331.79998779296875,319.3999938964844,320.20001220703125,3433443,yfinance,False
2022-08-26,288.077880859375,328.79998779296875,333.20001220703125,325.3999938964844,332.3999938964844,3414927,yfinance,False
2022-08-29,281.4191589355469,321.20001220703125,325.0,316.3999938964844,325.0,4814956,yfinance,False
2022-08-30,280.2235107421875,316.3999938964844,320.3999938964844,314.6000061035156,319.3999938964844,3846435,yfinance,False
2022-08-31,281.4634094238281,317.79998779296875,321.20001220703125,311.3999938964844,312.3999938964844,3759956,yfinance,False
2022-09-01,275.7951965332031,311.3999938964844,315.6000061035156,311.3999938964844,315.0,4682291,yfinance,False
2022-09-02,278.4521484375,314.3999938964844,314.3999938964844,310.6000061035156,310.6000061035156,3177214,yfinance,False
2022-09-05,271.3668518066406,306.3999938964844,313.20001220703125,304.0,311.6000061035156,4936243,yfinance,False
2022-09-06,271.72113037109375,306.79998779296875,310.3999938964844,305.0,305.0,1887211,yfinance,False
2022-09-07,269.59552001953125,304.3999938964844,304.6000061035156,300.20001220703125,304.6000061035156,2908746,yfinance,False
2022-09-08,267.469970703125,302.0,306.20001220703125,301.0,305.20001220703125,1981218,yfinance,False
2022-09-09,275.4409484863281,311.0,312.6000061035156,302.0,303.0,3437230,yfinance,False
2022-09-13,273.4924621582031,308.79998779296875,313.3999938964844,308.0,309.20001220703125,2062982,yfinance,False
2022-09-14,266.2300720214844,300.6000061035156,303.0,298.0,300.79998779296875,4176724,yfinance,False
2022-09-15,268.8869934082031,303.6000061035156,303.6000061035156,299.20001220703125,299.20001220703125,1959606,yfinance,False
2022-09-16,261.80169677734375,295.6000061035156,301.3999938964844,295.20001220703125,299.20001220703125,4967190,yfinance,False
2022-09-19,258.0819396972656,291.3999938964844,295.0,289.0,293.79998779296875,2573624,yfinance,False
2022-09-20,259.1447448730469,292.6000061035156,294.6000061035156,291.3999938964844,293.0,2021564,yfinance,False
2022-09-21,256.1335144042969,289.20001220703125,292.0,288.20001220703125,291.3999938964844,3075958,yfinance,False
2022-09-22,248.8710479736328,281.0,285.20001220703125,276.3999938964844,283.0,5957668,yfinance,False
2022-09-23,245.6826629638672,277.3999938964844,281.3999938964844,277.20001220703125,278.6000061035156,3275883,yfinance,False
2022-09-26,247.63113403320312,279.6000061035156,283.6000061035156,275.0,275.0,4420148,yfinance,False
2022-09-27,248.69390869140625,280.79998779296875,286.3999938964844,278.6000061035156,280.6000061035156,3379468,yfinance,False
2022-09-28,242.14002990722656,273.3999938964844,281.6000061035156,271.20001220703125,279.6000061035156,4682493,yfinance,False
2022-09-29,238.7744903564453,269.6000061035156,279.20001220703125,268.6000061035156,276.6000061035156,4574438,yfinance,False
2022-09-30,238.7744903564453,269.6000061035156,273.79998779296875,266.0,266.0,3880494,yfinance,False
2022-10-03,236.11752319335938,266.6000061035156,267.79998779296875,263.0,265.3999938964844,2920119,yfinance,False
2022-10-05,252.23654174804688,284.79998779296875,287.3999938964844,277.20001220703125,282.20001220703125,5849089,yfinance,False
2022-10-06,251.88229370117188,284.3999938964844,287.79998779296875,283.3999938964844,287.79998779296875,2616841,yfinance,False
2022-10-07,248.8710479736328,281.0,284.0,279.0,283.0,2024273,yfinance,False
2022-10-10,241.43148803710938,272.6000061035156,275.6000061035156,270.3999938964844,275.0,3956691,yfinance,False
2022-10-11,237.71173095703125,268.3999938964844,272.6000061035156,266.0,272.6000061035156,3678310,yfinance,False
2022-10-12,239.30593872070312,270.20001220703125,276.3999938964844,263.0,267.0,4340112,yfinance,False
2022-10-13,228.8551025390625,258.3999938964844,269.3999938964844,258.3999938964844,268.3999938964844,4989909,yfinance,False
2022-10-14,218.404296875,246.60000610351562,264.0,245.0,261.79998779296875,12122162,yfinance,False
2022-10-17,223.36399841308594,252.1999969482422,253.60000610351562,243.60000610351562,243.60000610351562,8298135,yfinance,False
2022-10-18,228.50083923339844,258.0,261.3999938964844,251.1999969482422,257.20001220703125,5799789,yfinance,False
2022-10-19,223.8953857421875,252.8000030517578,260.79998779296875,252.60000610351562,258.0,3718381,yfinance,False
2022-10-20,226.55239868164062,255.8000030517578,262.6000061035156,246.60000610351562,252.1999969482422,6766067,yfinance,False
2022-10-21,223.1868438720703,252.0,257.6000061035156,251.0,257.6000061035156,3533425,yfinance,False
2022-10-24,202.10809326171875,228.1999969482422,250.0,225.60000610351562,248.60000610351562,13620704,yfinance,False
2022-10-25,198.3883056640625,224.0,229.39999389648438,221.0,228.1999969482422,14376964,yfinance,False
2022-10-26,206.8906707763672,233.60000610351562,239.0,226.0,226.60000610351562,10222352,yfinance,False
2022-10-27,199.98248291015625,225.8000030517578,240.60000610351562,224.60000610351562,238.8000030517578,11452321,yfinance,False
2022-10-28,190.24021911621094,214.8000030517578,230.8000030517578,213.60000610351562,224.60000610351562,13070036,yfinance,False
2022-10-31,185.1033935546875,209.0,215.8000030517578,208.1999969482422,215.8000030517578,11053855,yfinance,False
2022-11-01,200.51390075683594,226.39999389648438,229.8000030517578,209.1999969482422,209.1999969482422,15611067,yfinance,False
2022-11-02,209.19338989257812,236.1999969482422,238.0,220.39999389648438,225.8000030517578,9076309,yfinance,False
2022-11-03,203.52516174316406,229.8000030517578,234.0,227.0,232.0,7425608,yfinance,False
2022-11-04,218.05001831054688,246.1999969482422,251.1999969482422,230.60000610351562,230.60000610351562,14470664,yfinance,False
2022-11-07,229.91790771484375,259.6000061035156,265.6000061035156,246.60000610351562,248.1999969482422,13004266,yfinance,False
2022-11-08,231.68922424316406,261.6000061035156,267.79998779296875,257.3999938964844,260.0,9062541,yfinance,False
2022-11-09,230.27215576171875,260.0,265.0,256.20001220703125,261.6000061035156,5303460,yfinance,False
2022-11-10,226.55239868164062,255.8000030517578,257.6000061035156,250.1999969482422,254.8000030517578,6324652,yfinance,False
2022-11-11,252.0594482421875,284.6000061035156,287.79998779296875,274.3999938964844,282.0,15345540,yfinance,False
2022-11-14,258.4361572265625,291.79998779296875,300.0,288.0,299.0,15156009,yfinance,False
2022-11-15,273.8467712402344,309.20001220703125,309.3999938964844,289.3999938964844,292.20001220703125,14956179,yfinance,False
2022-11-16,269.9498596191406,304.79998779296875,313.79998779296875,299.0,309.3999938964844,8018314,yfinance,False
2022-11-17,268.70989990234375,303.3999938964844,307.0,295.6000061035156,299.79998779296875,5802841,yfinance,False
2022-11-18,266.58428955078125,301.0,313.0,298.20001220703125,312.0,5069832,yfinance,False
2022-11-21,258.79046630859375,292.20001220703125,295.0,287.0,295.0,5788536,yfinance,False
2022-11-22,252.23654174804688,284.79998779296875,292.79998779296875,280.6000061035156,291.6000061035156,6082540,yfinance,False
2022-11-23,255.6021270751953,288.6000061035156,291.3999938964844,281.20001220703125,283.6000061035156,3535627,yfinance,False
2022-11-24,258.0819396972656,291.3999938964844,297.79998779296875,290.0,292.79998779296875,3051742,yfinance,False
2022-11-25,254.71641540527344,287.6000061035156,291.3999938964844,285.20001220703125,291.3999938964844,3066508,yfinance,False
2022-11-28,247.0997314453125,279.0,282.3999938964844,269.0,276.0,9145988,yfinance,False
2022-11-29,265.6986083984375,300.0,300.79998779296875,279.79998779296875,279.79998779296875,8108667,yfinance,False
2022-11-30,271.0126037597656,306.0,310.0,296.0,298.3999938964844,7627170,yfinance,False
2022-12-01,280.9320373535156,317.20001220703125,324.0,313.6000061035156,314.0,11450215,yfinance,False
2022-12-02,279.1606750488281,315.20001220703125,319.3999938964844,308.79998779296875,318.6000061035156,5156838,yfinance,False
2022-12-05,291.73712158203125,329.3999938964844,331.79998779296875,318.79998779296875,320.3999938964844,9197297,yfinance,False
2022-12-06,292.26849365234375,330.0,338.0,326.3999938964844,330.20001220703125,6758970,yfinance,False
2022-12-07,284.4747009277344,321.20001220703125,339.79998779296875,321.0,329.0,11112022,yfinance,False
2022-12-08,297.2282409667969,335.6000061035156,338.0,323.3999938964844,323.3999938964844,6534311,yfinance,False
2022-12-09,306.2619323730469,345.79998779296875,349.0,335.79998779296875,339.0,8862820,yfinance,False
2022-12-12,300.4166259765625,339.20001220703125,342.20001220703125,336.20001220703125,342.20001220703125,5622983,yfinance,False
2022-12-13,303.9592590332031,343.20001220703125,343.79998779296875,335.6000061035156,340.79998779296875,4839670,yfinance,False
2022-12-14,304.31353759765625,343.6000061035156,353.3999938964844,342.3999938964844,349.0,5762139,yfinance,False
2022-12-15,296.69677734375,335.0,345.0,333.0,341.6000061035156,4039519,yfinance,False
2022-12-16,294.74835205078125,332.79998779296875,340.3999938964844,326.0,333.20001220703125,7253605,yfinance,False
2022-12-19,291.91424560546875,329.6000061035156,340.6000061035156,326.3999938964844,332.6000061035156,4131711,yfinance,False
2022-12-20,287.8401794433594,325.0,329.79998779296875,318.0,325.6000061035156,4343785,yfinance,False
2022-12-21,290.3200378417969,327.79998779296875,332.0,325.6000061035156,328.6000061035156,2519768,yfinance,False
2022-12-22,298.8224182128906,337.3999938964844,341.79998779296875,335.0,335.0,3985326,yfinance,False
2022-12-23,301.1251220703125,340.0,341.6000061035156,331.6000061035156,332.6000061035156,2774564,yfinance,False
2022-12-28,303.4278564453125,342.6000061035156,349.6000061035156,339.3999938964844,344.3999938964844,4307925,yfinance,False
2022-12-29,301.1251220703125,340.0,340.6000061035156,336.0,337.79998779296875,2479668,yfinance,False
2022-12-30,298.6452941894531,337.20001220703125,345.3999938964844,337.0,345.20001220703125,2381253,yfinance,False
2023-01-03,303.7821044921875,343.0,345.0,329.0,330.6000061035156,4683105,yfinance,False
2023-01-04,313.5243835449219,354.0,354.0,343.20001220703125,344.79998779296875,5561041,yfinance,False
2023-01-05,320.4325256347656,361.79998779296875,365.0,359.20001220703125,360.0,7675714,yfinance,False
2023-01-06,320.9639587402344,362.3999938964844,366.0,358.20001220703125,360.20001220703125,6264530,yfinance,False
2023-01-09,334.2489013671875,377.3999938964844,382.3999938964844,367.0,370.0,8422963,yfinance,False
2023-01-10,331.06048583984375,373.79998779296875,381.0,370.6000061035156,379.6000061035156,5538044,yfinance,False
2023-01-11,324.6837158203125,366.6000061035156,377.79998779296875,365.0,376.0,5271888,yfinance,False
2023-01-12,327.8721008300781,370.20001220703125,376.3999938964844,366.0,370.20001220703125,4041576,yfinance,False
2023-01-13,326.63214111328125,368.79998779296875,376.0,363.20001220703125,373.20001220703125,4858616,yfinance,False
2023-01-16,321.84954833984375,363.3999938964844,373.6000061035156,360.20001220703125,368.6000061035156,5777868,yfinance,False
2023-01-17,317.5984191894531,358.6000061035156,364.20001220703125,353.6000061035156,360.3999938964844,5470248,yfinance,False
2023-01-18,317.5984191894531,358.6000061035156,359.6000061035156,353.3999938964844,353.3999938964844,3317176,yfinance,False
2023-01-19,320.0782470703125,361.3999938964844,362.3999938964844,353.3999938964844,355.0,2603373,yfinance,False
2023-01-20,326.27789306640625,368.3999938964844,368.3999938964844,359.6000061035156,362.6000061035156,3367773,yfinance,False
2023-01-26,332.1233215332031,375.0,376.6000061035156,370.3999938964844,372.0,5785789,yfinance,False
2023-01-27,331.2376403808594,374.0,378.0,372.0,376.20001220703125,2923621,yfinance,False
2023-01-30,318.4841003417969,359.6000061035156,378.0,359.0,374.0,7541892,yfinance,False
2023-01-31,312.10736083984375,352.3999938964844,365.20001220703125,346.79998779296875,362.0,7575500,yfinance,False
2023-02-01,312.10736083984375,352.3999938964844,353.20001220703125,345.0,351.6000061035156,5972337,yfinance,False
2023-02-02,312.10736083984375,352.3999938964844,361.6000061035156,352.0,356.0,4635182,yfinance,False
2023-02-03,312.10736083984375,352.3999938964844,352.6000061035156,345.0,350.0,4657440,yfinance,False
2023-02-06,298.9995422363281,337.6000061035156,347.3999938964844,330.3999938964844,347.3999938964844,12313435,yfinance,False
2023-02-07,300.4166259765625,339.20001220703125,344.0,337.6000061035156,340.0,4308221,yfinance,False
2023-02-08,298.6452941894531,337.20001220703125,341.3999938964844,334.6000061035156,339.3999938964844,3671177,yfinance,False
2023-02-09,304.1363525390625,343.3999938964844,344.0,333.0,335.0,4608976,yfinance,False
2023-02-10,296.69677734375,335.0,342.6000061035156,334.0,341.0,3985809,yfinance,False
2023-02-13,296.69677734375,335.0,336.20001220703125,330.0,333.0,2963526,yfinance,False
2023-02-14,298.6452941894531,337.20001220703125,338.0,332.20001220703125,335.0,2695387,yfinance,False
2023-02-15,294.74835205078125,332.79998779296875,337.0,330.3999938964844,335.6000061035156,3085041,yfinance,False
2023-02-16,296.3425598144531,334.6000061035156,343.0,333.3999938964844,336.79998779296875,4326675,yfinance,False
2023-02-17,292.97698974609375,330.79998779296875,336.3999938964844,330.0,335.0,2669476,yfinance,False
2023-02-20,294.74835205078125,332.79998779296875,334.0,327.3999938964844,332.20001220703125,3384469,yfinance,False
2023-02-21,291.73712158203125,329.3999938964844,335.3999938964844,327.0,334.20001220703125,3025255,yfinance,False
2023-02-22,289.96575927734375,327.3999938964844,329.6000061035156,320.20001220703125,325.6000061035156,4251789,yfinance,False
2023-02-23,290.1429443359375,327.6000061035156,333.79998779296875,325.79998779296875,329.0,3512148,yfinance,False
2023-02-24,282.8804931640625,319.3999938964844,325.20001220703125,316.0,324.6000061035156,6937116,yfinance,False
2023-02-27,282.17193603515625,318.6000061035156,321.0,313.0,315.20001220703125,3967241,yfinance,False
2023-02-28,278.62933349609375,314.6000061035156,322.3999938964844,312.20001220703125,318.79998779296875,4857075,yfinance,False
2023-03-01,292.97698974609375,330.79998779296875,332.0,314.6000061035156,314.6000061035156,5885870,yfinance,False
2023-03-02,297.9367370605469,336.3999938964844,339.79998779296875,328.0,328.20001220703125,5093232,yfinance,False
2023-03-03,299.1766662597656,337.79998779296875,342.6000061035156,336.20001220703125,340.79998779296875,3358728,yfinance,False
2023-03-06,300.9479675292969,339.79998779296875,344.0,336.0,336.20001220703125,4399715,yfinance,False
2023-03-07,298.8224182128906,337.3999938964844,349.79998779296875,335.0,340.0,5772197,yfinance,False
2023-03-08,293.5302429199219,327.79998779296875,331.0,325.0,330.3999938964844,4455762,yfinance,False
2023-03-09,291.0229797363281,325.0,330.0,324.0,330.0,2540218,yfinance,False
2023-03-10,285.1129455566406,318.3999938964844,321.3999938964844,317.20001220703125,320.20001220703125,4629798,yfinance,False
2023-03-13,290.4857177734375,324.3999938964844,327.79998779296875,317.0,317.0,4810488,yfinance,False
2023-03-14,287.6202392578125,321.20001220703125,328.79998779296875,319.3999938964844,322.3999938964844,3239628,yfinance,False
2023-03-15,296.0375061035156,330.6000061035156,336.6000061035156,326.6000061035156,326.6000061035156,5640440,yfinance,False
2023-03-16,292.0975341796875,326.20001220703125,331.79998779296875,324.0,326.0,3557995,yfinance,False
2023-03-17,298.1866149902344,333.0,335.79998779296875,330.0,330.20001220703125,4164707,yfinance,False
2023-03-20,293.1720886230469,327.3999938964844,333.0,323.6000061035156,333.0,3721819,yfinance,False
2023-03-21,290.8439025878906,324.79998779296875,329.6000061035156,321.0,327.3999938964844,3950263,yfinance,False
2023-03-22,297.8284912109375,332.6000061035156,333.6000061035156,325.79998779296875,325.79998779296875,4048112,yfinance,False
2023-03-23,306.2457580566406,342.0,344.79998779296875,330.0,332.79998779296875,5846277,yfinance,False
2023-03-24,306.2457580566406,342.0,345.0,339.79998779296875,341.3999938964844,4418846,yfinance,False
2023-03-27,298.36572265625,333.20001220703125,342.0,332.6000061035156,340.79998779296875,3948253,yfinance,False
2023-03-28,299.4402770996094,334.3999938964844,339.6000061035156,330.6000061035156,338.3999938964844,2521532,yfinance,False
2023-03-29,307.6784973144531,343.6000061035156,348.0,341.79998779296875,345.0,5746735,yfinance,False
2023-03-30,306.782958984375,342.6000061035156,345.6000061035156,338.0,342.3999938964844,3469438,yfinance,False
2023-03-31,311.79754638671875,348.20001220703125,351.3999938964844,345.20001220703125,351.3999938964844,7825933,yfinance,False
2023-04-03,310.9020690917969,347.20001220703125,350.6000061035156,342.6000061035156,348.6000061035156,3032828,yfinance,False
2023-04-04,307.14117431640625,343.0,349.20001220703125,341.79998779296875,349.20001220703125,2469327,yfinance,False
2023-04-06,312.1557312011719,348.6000061035156,352.0,340.0,340.0,4244183,yfinance,False
2023-04-11,312.1557312011719,348.6000061035156,354.3999938964844,346.20001220703125,353.3999938964844,2754712,yfinance,False
2023-04-12,308.0365905761719,344.0,350.0,341.0,348.6000061035156,2445646,yfinance,False
2023-04-13,309.1111755371094,345.20001220703125,345.20001220703125,336.3999938964844,339.3999938964844,2086629,yfinance,False
2023-04-14,308.5739440917969,344.6000061035156,347.79998779296875,342.0,347.20001220703125,1424550,yfinance,False
2023-04-17,311.9765930175781,348.3999938964844,350.0,340.20001220703125,342.0,3111316,yfinance,False
2023-04-18,310.9020690917969,347.20001220703125,349.6000061035156,343.79998779296875,347.3999938964844,1807118,yfinance,False
2023-04-19,303.9175109863281,339.3999938964844,346.20001220703125,337.0,346.20001220703125,4305873,yfinance,False
2023-04-20,302.843017578125,338.20001220703125,341.6000061035156,336.6000061035156,336.6000061035156,2234506,yfinance,False
2023-04-21,296.9329833984375,331.6000061035156,337.0,330.3999938964844,336.0,3964042,yfinance,False
2023-04-24,295.5002746582031,330.0,334.6000061035156,326.3999938964844,333.20001220703125,3907946,yfinance,False
2023-04-25,291.0229797363281,325.0,330.6000061035156,322.3999938964844,330.6000061035156,3379491,yfinance,False
2023-04-26,294.60479736328125,329.0,331.79998779296875,323.20001220703125,324.0,4049456,yfinance,False
2023-04-27,292.2765808105469,326.3999938964844,327.6000061035156,322.20001220703125,327.20001220703125,3841661,yfinance,False
2023-04-28,290.12750244140625,324.0,331.20001220703125,321.0,330.79998779296875,4307766,yfinance,False
2023-05-02,288.69476318359375,322.3999938964844,329.0,322.0,326.20001220703125,2406738,yfinance,False
2023-05-03,286.5456848144531,320.0,321.0,317.3999938964844,320.0,2768880,yfinance,False
2023-05-04,288.15753173828125,321.79998779296875,324.20001220703125,318.79998779296875,318.79998779296875,4886086,yfinance,False
2023-05-05,286.1875305175781,319.6000061035156,324.6000061035156,318.0,322.20001220703125,2764167,yfinance,False
2023-05-08,286.0083923339844,319.3999938964844,323.20001220703125,317.79998779296875,320.3999938964844,3059754,yfinance,False
2023-05-09,282.9638671875,316.0,322.6000061035156,314.0,318.79998779296875,2805523,yfinance,False
2023-05-10,280.098388671875,312.79998779296875,315.3999938964844,310.3999938964844,314.20001220703125,3865578,yfinance,False
2023-05-11,279.7402648925781,312.3999938964844,316.6000061035156,309.20001220703125,314.20001220703125,3451362,yfinance,False
2023-05-12,277.23297119140625,309.6000061035156,314.6000061035156,308.79998779296875,311.0,3943550,yfinance,False
2023-05-15,280.63568115234375,313.3999938964844,315.3999938964844,309.3999938964844,313.6000061035156,3033384,yfinance,False
2023-05-16,279.20294189453125,311.79998779296875,317.79998779296875,310.6000061035156,317.79998779296875,2229388,yfinance,False
2023-05-17,273.8302307128906,305.79998779296875,311.20001220703125,305.3999938964844,309.79998779296875,3395438,yfinance,False
2023-05-18,274.0093078613281,306.0,309.3999938964844,303.0,305.79998779296875,4505379,yfinance,False
2023-05-19,272.21844482421875,304.0,305.79998779296875,302.20001220703125,304.20001220703125,1903069,yfinance,False
2023-05-22,275.4420471191406,307.6000061035156,310.20001220703125,304.0,306.0,3568121,yfinance,False
2023-05-23,274.1884460449219,306.20001220703125,312.6000061035156,305.0,308.20001220703125,2122770,yfinance,False
2023-05-24,269.53204345703125,301.0,305.79998779296875,300.3999938964844,304.0,3061610,yfinance,False
2023-05-25,263.26385498046875,294.0,300.6000061035156,290.6000061035156,300.3999938964844,5761649,yfinance,False
2023-05-29,258.7865905761719,289.0,299.0,288.20001220703125,295.20001220703125,4611428,yfinance,False
2023-05-30,258.60748291015625,288.79998779296875,290.3999938964844,283.79998779296875,288.20001220703125,5684458,yfinance,False
2023-05-31,256.63751220703125,286.6000061035156,286.79998779296875,282.20001220703125,286.6000061035156,6190372,yfinance,False
2023-06-01,260.5774841308594,291.0,296.6000061035156,287.0,287.3999938964844,4661473,yfinance,False
2023-06-02,270.7856750488281,302.3999938964844,307.0,297.6000061035156,297.6000061035156,6230013,yfinance,False
2023-06-05,273.4720458984375,305.3999938964844,307.3999938964844,301.0,305.79998779296875,3405053,yfinance,False
2023-06-06,272.93475341796875,304.79998779296875,310.79998779296875,302.20001220703125,305.20001220703125,2363564,yfinance,False
2023-06-07,276.158447265625,308.3999938964844,311.3999938964844,306.79998779296875,309.3999938964844,2620216,yfinance,False
2023-06-08,276.6957092285156,309.0,309.79998779296875,305.0,306.3999938964844,2088557,yfinance,False
2023-06-09,276.5165710449219,308.79998779296875,310.0,307.3999938964844,309.79998779296875,2519579,yfinance,False
2023-06-12,277.9493408203125,310.3999938964844,311.0,306.79998779296875,310.6000061035156,1794284,yfinance,False
2023-06-13,277.7702331542969,310.20001220703125,311.0,307.0,310.3999938964844,1950720,yfinance,False
2023-06-14,278.66571044921875,311.20001220703125,315.79998779296875,310.3999938964844,312.20001220703125,3705142,yfinance,False
2023-06-15,282.4266357421875,315.3999938964844,316.0,310.0,313.0,3789971,yfinance,False
2023-06-16,283.8593444824219,317.0,319.0,314.3999938964844,315.3999938964844,5937361,yfinance,False
2023-06-19,280.45660400390625,313.20001220703125,318.0,309.6000061035156,317.0,3463755,yfinance,False
2023-06-20,275.4420471191406,307.6000061035156,313.3999938964844,305.20001220703125,312.6000061035156,3842298,yfinance,False
2023-06-21,271.5020751953125,303.20001220703125,308.0,302.3999938964844,305.20001220703125,3645077,yfinance,False
2023-06-23,269.8902587890625,301.3999938964844,303.20001220703125,300.0,302.79998779296875,3559882,yfinance,False
2023-06-26,267.0247802734375,298.20001220703125,302.3999938964844,295.0,299.20001220703125,3808427,yfinance,False
2023-06-27,269.8902587890625,301.3999938964844,303.6000061035156,298.0,300.0,3000664,yfinance,False
2023-06-28,269.35296630859375,300.79998779296875,303.0,298.0,303.0,2693383,yfinance,False
2023-06-29,267.7411193847656,299.0,302.3999938964844,296.6000061035156,302.3999938964844,2649569,yfinance,False
2023-06-30,264.3384094238281,295.20001220703125,300.0,295.20001220703125,298.0,3127270,yfinance,False
2023-07-03,268.81573486328125,300.20001220703125,303.79998779296875,296.20001220703125,296.3999938964844,2876923,yfinance,False
2023-07-04,271.8602294921875,303.6000061035156,304.6000061035156,300.20001220703125,302.0,2030897,yfinance,False
2023-07-05,266.30841064453125,297.3999938964844,304.79998779296875,295.79998779296875,303.3999938964844,3259242,yfinance,False
2023-07-06,259.6820373535156,290.0,296.79998779296875,287.0,295.20001220703125,5400900,yfinance,False
2023-07-07,252.697509765625,282.20001220703125,288.3999938964844,280.79998779296875,288.3999938964844,8378693,yfinance,False
2023-07-10,253.2347412109375,282.79998779296875,288.79998779296875,280.0,287.3999938964844,3757382,yfinance,False
2023-07-11,256.2793273925781,286.20001220703125,288.79998779296875,283.6000061035156,285.20001220703125,3336818,yfinance,False
2023-07-12,260.2193603515625,290.6000061035156,293.79998779296875,288.0,288.0,2950723,yfinance,False
2023-07-13,271.5020751953125,303.20001220703125,304.6000061035156,295.3999938964844,296.6000061035156,6710595,yfinance,False
2023-07-14,269.8902587890625,301.3999938964844,306.20001220703125,300.0,304.3999938964844,2949877,yfinance,False
2023-07-18,264.3384094238281,295.20001220703125,298.79998779296875,293.79998779296875,298.20001220703125,3384033,yfinance,False
2023-07-19,264.87567138671875,295.79998779296875,297.0,290.3999938964844,292.3999938964844,2815987,yfinance,False
2023-07-20,263.8011474609375,294.6000061035156,299.6000061035156,293.20001220703125,296.3999938964844,2685800,yfinance,False
2023-07-21,265.95025634765625,297.0,298.20001220703125,293.20001220703125,293.79998779296875,1650874,yfinance,False
2023-07-24,259.8611145019531,290.20001220703125,294.0,286.6000061035156,293.0,3683457,yfinance,False
2023-07-25,274.0093078613281,306.0,306.79998779296875,297.6000061035156,297.6000061035156,7236670,yfinance,False
2023-07-26,272.21844482421875,304.0,306.3999938964844,301.79998779296875,304.0,2654248,yfinance,False
2023-07-27,275.80023193359375,308.0,310.79998779296875,305.6000061035156,306.6000061035156,3728462,yfinance,False
2023-07-28,290.3066101074219,324.20001220703125,326.0,302.79998779296875,304.79998779296875,13626271,yfinance,False
2023-07-31,291.7393798828125,325.79998779296875,336.0,325.0,330.6000061035156,9605312,yfinance,False
2023-08-01,290.3066101074219,324.20001220703125,328.3999938964844,320.3999938964844,328.0,5146168,yfinance,False
2023-08-02,284.3966369628906,317.6000061035156,322.79998779296875,315.3999938964844,320.6000061035156,4391723,yfinance,False
2023-08-03,285.2920837402344,318.6000061035156,322.79998779296875,315.3999938964844,317.0,2646456,yfinance,False
2023-08-04,285.6502380371094,319.0,329.3999938964844,318.20001220703125,322.0,4677245,yfinance,False
2023-08-07,284.0384216308594,317.20001220703125,318.79998779296875,314.3999938964844,318.0,2000525,yfinance,False
2023-08-08,279.02386474609375,311.6000061035156,314.0,308.20001220703125,313.20001220703125,3145760,yfinance,False
2023-08-09,279.5611877441406,312.20001220703125,314.0,308.0,309.0,1383399,yfinance,False
2023-08-10,279.7402648925781,312.3999938964844,314.3999938964844,309.0,310.3999938964844,1486007,yfinance,False
2023-08-11,277.59112548828125,310.0,314.0,309.0,310.79998779296875,2933218,yfinance,False
2023-08-14,272.7557067871094,304.6000061035156,305.20001220703125,302.20001220703125,305.20001220703125,3477749,yfinance,False
2023-08-15,270.0693664550781,301.6000061035156,306.6000061035156,300.20001220703125,303.0,2765712,yfinance,False
2023-08-16,268.27838134765625,299.6000061035156,301.79998779296875,297.0,299.20001220703125,3524719,yfinance,False
2023-08-17,266.1293029785156,297.20001220703125,298.20001220703125,287.6000061035156,293.6000061035156,5235641,yfinance,False
2023-08-18,261.8311462402344,292.3999938964844,298.6000061035156,292.0,296.20001220703125,3176466,yfinance,False
2023-08-21,252.8765869140625,282.3999938964844,290.20001220703125,281.3999938964844,289.20001220703125,7952037,yfinance,False
2023-08-22,254.309326171875,284.0,285.20001220703125,279.0,282.0,5891471,yfinance,False
2023-08-23,251.26473999023438,280.6000061035156,283.79998779296875,280.0,282.6000061035156,3604477,yfinance,False
2023-08-24,259.8611145019531,290.20001220703125,292.3999938964844,282.6000061035156,284.3999938964844,5562333,yfinance,False
2023-08-25,257.532958984375,287.6000061035156,290.79998779296875,285.3999938964844,287.6000061035156,3010712,yfinance,False
2023-08-28,266.1293029785156,297.20001220703125,310.6000061035156,296.79998779296875,308.20001220703125,10720058,yfinance,False
2023-08-29,279.4948425292969,307.3999938964844,309.20001220703125,295.20001220703125,295.3999938964844,9566747,yfinance,False
2023-08-30,280.94964599609375,309.0,319.79998779296875,308.0,312.6000061035156,11296930,yfinance,False
2023-08-31,276.4035339355469,304.0,314.79998779296875,302.3999938964844,311.3999938964844,6329180,yfinance,False
2023-09-04,284.9502258300781,313.3999938964844,316.79998779296875,308.0,308.0,7195598,yfinance,False
2023-09-05,283.8591613769531,312.20001220703125,315.3999938964844,310.0,312.3999938964844,4456267,yfinance,False
2023-09-06,283.6772766113281,312.0,312.79998779296875,308.0,312.79998779296875,2721522,yfinance,False
2023-09-07,279.3130187988281,307.20001220703125,312.0,305.20001220703125,312.0,3559050,yfinance,False
2023-09-11,272.948486328125,300.20001220703125,302.79998779296875,294.0,300.20001220703125,9051650,yfinance,False
2023-09-12,275.13067626953125,302.6000061035156,303.79998779296875,295.6000061035156,297.0,3043017,yfinance,False
2023-09-13,273.8576965332031,301.20001220703125,303.0,299.0,302.6000061035156,2612542,yfinance,False
2023-09-14,272.948486328125,300.20001220703125,303.0,296.79998779296875,302.0,2436758,yfinance,False
2023-09-15,272.5847473144531,299.79998779296875,304.3999938964844,296.6000061035156,299.6000061035156,3481496,yfinance,False
2023-09-18,265.6746520996094,292.20001220703125,298.20001220703125,292.0,297.0,4364349,yfinance,False
2023-09-19,264.5836486816406,291.0,292.3999938964844,288.0,291.3999938964844,3582053,yfinance,False
2023-09-20,260.58306884765625,286.6000061035156,290.0,283.20001220703125,288.0,5953415,yfinance,False
2023-09-21,260.9467468261719,287.0,289.0,282.6000061035156,282.6000061035156,2796735,yfinance,False
2023-09-22,269.1297607421875,296.0,296.0,285.20001220703125,285.20001220703125,5623152,yfinance,False
2023-09-25,266.03839111328125,292.6000061035156,296.6000061035156,290.79998779296875,295.3999938964844,3304284,yfinance,False
2023-09-26,262.037841796875,288.20001220703125,292.3999938964844,286.20001220703125,290.3999938964844,4112768,yfinance,False
2023-09-27,263.8562316894531,290.20001220703125,293.6000061035156,286.20001220703125,286.3999938964844,3660023,yfinance,False
2023-09-28,257.85540771484375,283.6000061035156,290.0,283.20001220703125,288.20001220703125,6015377,yfinance,False
2023-09-29,266.03839111328125,292.6000061035156,293.6000061035156,285.20001220703125,285.3999938964844,4606657,yfinance,False
2023-10-03,259.8556823730469,285.79998779296875,287.0,284.0,287.0,2935462,yfinance,False
2023-10-04,259.4919738769531,285.3999938964844,285.3999938964844,281.0,282.0,3322602,yfinance,False
2023-10-05,259.6738586425781,285.6000061035156,288.6000061035156,284.79998779296875,284.79998779296875,2245698,yfinance,False
2023-10-06,262.4015197753906,288.6000061035156,292.6000061035156,287.20001220703125,288.3999938964844,2195706,yfinance,False
2023-10-09,262.5833435058594,288.79998779296875,292.0,286.0,286.0,1305645,yfinance,False
2023-10-10,263.1288757324219,289.3999938964844,294.79998779296875,288.0,292.20001220703125,2985091,yfinance,False
2023-10-11,265.4928283691406,292.0,296.79998779296875,291.20001220703125,293.0,4811810,yfinance,False
2023-10-12,270.94818115234375,298.0,299.0,295.6000061035156,297.20001220703125,4183307,yfinance,False
2023-10-13,265.8565368652344,292.3999938964844,296.0,291.6000061035156,293.0,2751662,yfinance,False
2023-10-16,261.67413330078125,287.79998779296875,292.0,286.6000061035156,291.20001220703125,2898872,yfinance,False
2023-10-17,265.4928283691406,292.0,292.6000061035156,289.6000061035156,290.20001220703125,2077350,yfinance,False
2023-10-18,262.9470520019531,289.20001220703125,292.0,288.0,289.3999938964844,2031297,yfinance,False
2023-10-19,256.9461669921875,282.6000061035156,286.79998779296875,280.6000061035156,285.79998779296875,4467505,yfinance,False
2023-10-20,259.3101501464844,285.20001220703125,288.6000061035156,280.0,280.0,4323691,yfinance,False
2023-10-24,263.6744384765625,290.0,293.0,282.0,282.6000061035156,5525316,yfinance,False
2023-10-25,252.9456329345703,278.20001220703125,298.0,276.0,297.6000061035156,13923221,yfinance,False
2023-10-26,248.39950561523438,273.20001220703125,280.20001220703125,269.6000061035156,277.0,8017738,yfinance,False
2023-10-27,252.7637481689453,278.0,279.6000061035156,270.3999938964844,272.79998779296875,6373842,yfinance,False
2023-10-30,254.58218383789062,280.0,280.20001220703125,275.0,275.3999938964844,3099058,yfinance,False
2023-10-31,250.03607177734375,275.0,280.0,272.3999938964844,280.0,3836327,yfinance,False
2023-11-01,248.9450225830078,273.79998779296875,277.3999938964844,271.6000061035156,273.79998779296875,1953584,yfinance,False
2023-11-02,250.5816192626953,275.6000061035156,279.6000061035156,275.0,277.0,2250742,yfinance,False
2023-11-03,259.6738586425781,285.6000061035156,286.6000061035156,277.0,278.0,5787714,yfinance,False
2023-11-06,268.0386962890625,294.79998779296875,295.6000061035156,290.20001220703125,292.0,7660676,yfinance,False
2023-11-07,265.6746520996094,292.20001220703125,295.0,290.79998779296875,291.79998779296875,4261387,yfinance,False
2023-11-08,261.3104248046875,287.3999938964844,293.20001220703125,285.79998779296875,289.3999938964844,4631028,yfinance,False
2023-11-09,260.9467468261719,287.0,289.79998779296875,286.20001220703125,289.6000061035156,1805699,yfinance,False
2023-11-10,256.9461669921875,282.6000061035156,285.0,281.6000061035156,283.0,2095806,yfinance,False
2023-11-13,259.6738586425781,285.6000061035156,286.79998779296875,280.6000061035156,283.79998779296875,2115378,yfinance,False
2023-11-14,259.4919738769531,285.3999938964844,288.3999938964844,284.20001220703125,287.79998779296875,2436633,yfinance,False
2023-11-15,268.22052001953125,295.0,295.0,289.20001220703125,292.0,5188593,yfinance,False
2023-11-16,265.1291809082031,291.6000061035156,296.3999938964844,289.0,296.3999938964844,3516339,yfinance,False
2023-11-17,259.4919738769531,285.3999938964844,289.3999938964844,284.0,287.20001220703125,3916159,yfinance,False
2023-11-20,265.6746520996094,292.20001220703125,293.79998779296875,285.20001220703125,287.6000061035156,3620340,yfinance,False
2023-11-21,263.8562316894531,290.20001220703125,296.6000061035156,289.6000061035156,294.20001220703125,3756889,yfinance,False
2023-11-22,264.5836486816406,291.0,292.3999938964844,288.20001220703125,288.6000061035156,1696649,yfinance,False
2023-11-23,265.4928283691406,292.0,293.0,287.20001220703125,287.79998779296875,2708559,yfinance,False
2023-11-24,261.4922790527344,287.6000061035156,291.3999938964844,287.20001220703125,289.79998779296875,2340629,yfinance,False
2023-11-27,260.9467468261719,287.0,289.6000061035156,284.3999938964844,288.20001220703125,2731401,yfinance,False
2023-11-28,258.4009094238281,284.20001220703125,287.20001220703125,284.0,287.20001220703125,2309889,yfinance,False
2023-11-29,254.21849060058594,279.6000061035156,287.6000061035156,278.0,287.6000061035156,4914370,yfinance,False
2023-11-30,252.0364227294922,277.20001220703125,280.6000061035156,276.3999938964844,280.20001220703125,5240539,yfinance,False
2023-12-01,254.40036010742188,279.79998779296875,282.79998779296875,276.79998779296875,277.3999938964844,4418059,yfinance,False
2023-12-04,244.0352325439453,268.3999938964844,283.79998779296875,266.20001220703125,283.79998779296875,7937979,yfinance,False
2023-12-05,230.5787353515625,253.60000610351562,266.0,250.0,265.0,17192302,yfinance,False
2023-12-06,233.4882354736328,256.79998779296875,258.6000061035156,251.8000030517578,253.60000610351562,7724499,yfinance,False
2023-12-07,228.0329132080078,250.8000030517578,255.8000030517578,243.60000610351562,255.0,8568459,yfinance,False
2023-12-08,225.8507843017578,248.39999389648438,252.60000610351562,246.8000030517578,250.1999969482422,4947948,yfinance,False
2023-12-11,222.94126892089844,245.1999969482422,247.8000030517578,238.1999969482422,244.39999389648438,7003151,yfinance,False
2023-12-12,226.9418487548828,249.60000610351562,250.39999389648438,245.0,246.60000610351562,3744143,yfinance,False
2023-12-13,224.75970458984375,247.1999969482422,249.39999389648438,245.60000610351562,248.39999389648438,3133179,yfinance,False
2023-12-14,226.2144775390625,248.8000030517578,254.39999389648438,246.39999389648438,249.8000030517578,5143368,yfinance,False
2023-12-15,236.21588134765625,259.79998779296875,261.20001220703125,252.0,252.0,9293990,yfinance,False
2023-12-18,235.30667114257812,258.79998779296875,260.79998779296875,255.8000030517578,258.6000061035156,2765108,yfinance,False
2023-12-19,233.30641174316406,256.6000061035156,257.6000061035156,253.60000610351562,255.60000610351562,2538832,yfinance,False
2023-12-20,233.8519287109375,257.20001220703125,261.79998779296875,256.6000061035156,258.20001220703125,3409389,yfinance,False
2023-12-21,234.0337677001953,257.3999938964844,258.20001220703125,253.8000030517578,254.1999969482422,2282849,yfinance,False
2023-12-22,232.21531677246094,255.39999389648438,261.79998779296875,253.0,259.6000061035156,4747508,yfinance,False
2023-12-27,234.5792999267578,258.0,260.0,256.79998779296875,260.0,3145132,yfinance,False
2023-12-28,243.3078155517578,267.6000061035156,269.20001220703125,257.20001220703125,257.6000061035156,5846400,yfinance,False
2023-12-29,243.67152404785156,268.0,268.0,263.79998779296875,265.0,2950565,yfinance,False
2024-01-02,238.57989501953125,262.3999938964844,268.6000061035156,260.3999938964844,268.3999938964844,2286702,yfinance,False
2024-01-03,235.488525390625,259.0,260.0,257.0,260.0,1951173,yfinance,False
2024-01-04,234.39744567871094,257.79998779296875,259.20001220703125,255.39999389648438,259.0,1652833,yfinance,False
2024-01-05,232.5790252685547,255.8000030517578,259.20001220703125,254.8000030517578,256.0,2675564,yfinance,False
2024-01-08,225.3052520751953,247.8000030517578,256.79998779296875,245.1999969482422,256.0,4677100,yfinance,False
2024-01-09,222.94126892089844,245.1999969482422,250.1999969482422,245.0,247.8000030517578,3363506,yfinance,False
2024-01-10,223.1230926513672,245.39999389648438,248.8000030517578,243.8000030517578,245.8000030517578,2903982,yfinance,False
2024-01-11,227.30552673339844,250.0,253.60000610351562,244.60000610351562,246.0,3603801,yfinance,False
2024-01-12,228.21475219726562,251.0,253.1999969482422,248.0,250.0,2854274,yfinance,False
2024-01-15,227.85108947753906,250.60000610351562,250.60000610351562,250.60000610351562,250.60000610351562,0,yfinance,False
2024-01-16,219.48622131347656,241.39999389648438,251.60000610351562,239.0,249.8000030517578,7811761,yfinance,False
2024-01-17,211.48507690429688,232.60000610351562,240.39999389648438,231.1999969482422,240.39999389648438,8625697,yfinance,False
2024-01-18,210.93951416015625,232.0,232.8000030517578,228.60000610351562,231.39999389648438,5086417,yfinance,False
2024-01-19,208.7574005126953,229.60000610351562,235.39999389648438,228.0,232.0,4161790,yfinance,False
2024-01-22,201.48362731933594,221.60000610351562,230.0,219.39999389648438,228.8000030517578,8370543,yfinance,False
2024-01-23,212.2124481201172,233.39999389648438,235.39999389648438,220.39999389648438,221.60000610351562,8451124,yfinance,False
2024-01-24,217.4859161376953,239.1999969482422,241.1999969482422,230.0,238.0,6841367,yfinance,False
2024-01-25,222.75941467285156,245.0,246.60000610351562,238.8000030517578,246.60000610351562,7280391,yfinance,False
2024-01-26,221.85018920898438,244.0,250.0,241.1999969482422,249.0,6914852,yfinance,False
2024-01-29,223.6686553955078,246.0,250.8000030517578,243.0,247.39999389648438,7018074,yfinance,False
2024-01-30,218.2133026123047,240.0,245.1999969482422,239.1999969482422,243.0,5153622,yfinance,False
2024-01-31,215.1219482421875,236.60000610351562,241.39999389648438,235.39999389648438,239.1999969482422,4976212,yfinance,False
2024-02-01,215.30380249023438,236.8000030517578,242.0,236.0,237.60000610351562,4759047,yfinance,False
2024-02-02,212.2124481201172,233.39999389648438,242.39999389648438,230.39999389648438,239.8000030517578,5169392,yfinance,False
2024-02-05,209.66664123535156,230.60000610351562,233.0,226.8000030517578,229.60000610351562,5014329,yfinance,False
2024-02-06,221.48651123046875,243.60000610351562,246.0,230.0,231.0,6777847,yfinance,False
2024-02-07,221.48651123046875,243.60000610351562,251.8000030517578,241.1999969482422,247.8000030517578,5611465,yfinance,False
2024-02-08,220.03175354003906,242.0,247.1999969482422,240.0,243.60000610351562,3135364,yfinance,False
2024-02-09,220.21359252929688,242.1999969482422,242.1999969482422,242.1999969482422,242.1999969482422,0,yfinance,False
2024-02-14,221.48651123046875,243.60000610351562,244.39999389648438,236.8000030517578,241.8000030517578,3031722,yfinance,False
2024-02-15,224.577880859375,247.0,249.1999969482422,243.39999389648438,244.1999969482422,3495776,yfinance,False
2024-02-16,228.942138671875,251.8000030517578,253.39999389648438,247.1999969482422,250.0,4617241,yfinance,False
2024-02-19,223.85049438476562,246.1999969482422,252.39999389648438,244.60000610351562,252.0,3030257,yfinance,False
2024-02-20,222.5775909423828,244.8000030517578,248.60000610351562,241.1999969482422,246.60000610351562,2639951,yfinance,False
2024-02-21,227.30552673339844,250.0,254.8000030517578,242.60000610351562,243.0,5804272,yfinance,False
2024-02-22,230.94241333007812,254.0,254.1999969482422,248.8000030517578,248.8000030517578,3635607,yfinance,False
2024-02-23,230.21505737304688,253.1999969482422,256.3999938964844,252.8000030517578,254.39999389648438,3114873,yfinance,False
2024-02-26,228.7602996826172,251.60000610351562,255.0,249.39999389648438,251.1999969482422,2079054,yfinance,False
2024-02-27,227.66921997070312,250.39999389648438,251.0,243.1999969482422,250.8000030517578,4515245,yfinance,False
2024-02-28,222.5775909423828,244.8000030517578,252.60000610351562,243.0,250.39999389648438,4938109,yfinance,False
2024-02-29,220.75914001464844,242.8000030517578,247.1999969482422,242.8000030517578,243.60000610351562,5173679,yfinance,False
2024-03-01,218.2133026123047,240.0,242.39999389648438,236.39999389648438,240.39999389648438,5821620,yfinance,False
2024-03-04,218.2133026123047,240.0,241.39999389648438,237.39999389648438,240.0,3061865,yfinance,False
2024-03-05,212.57614135742188,233.8000030517578,237.60000610351562,232.60000610351562,236.60000610351562,5410721,yfinance,False
2024-03-06,216.94041442871094,238.60000610351562,241.39999389648438,233.60000610351562,233.8000030517578,3731568,yfinance,False
2024-03-07,212.9398193359375,234.1999969482422,239.8000030517578,232.1999969482422,239.60000610351562,3751070,yfinance,False
2024-03-08,212.9398193359375,234.1999969482422,238.8000030517578,234.1999969482422,235.0,3357206,yfinance,False
2024-03-11,219.12252807617188,241.0,242.8000030517578,236.0,237.39999389648438,4037939,yfinance,False
2024-03-12,227.12368774414062,249.8000030517578,249.8000030517578,241.8000030517578,244.0,7780786,yfinance,False
2024-03-13,231.47422790527344,250.60000610351562,256.0,247.60000610351562,249.0,9822313,yfinance,False
2024-03-14,229.07266235351562,248.0,254.1999969482422,245.39999389648438,254.1999969482422,5072299,yfinance,False
2024-03-15,225.74740600585938,244.39999389648438,245.8000030517578,241.39999389648438,243.8000030517578,5968157,yfinance,False
2024-03-18,223.90003967285156,242.39999389648438,246.8000030517578,242.0,244.60000610351562,4482381,yfinance,False
2024-03-19,219.46640014648438,237.60000610351562,241.60000610351562,237.0,241.60000610351562,5041869,yfinance,False
2024-03-20,221.86795043945312,240.1999969482422,242.1999969482422,236.8000030517578,236.8000030517578,3215255,yfinance,False
2024-03-21,223.53057861328125,242.0,245.60000610351562,241.39999389648438,243.60000610351562,3714003,yfinance,False
2024-03-22,220.02059936523438,238.1999969482422,241.1999969482422,235.39999389648438,241.0,5526474,yfinance,False
2024-03-25,213.92428588867188,231.60000610351562,238.1999969482422,231.1999969482422,237.0,9197646,yfinance,False
2024-03-26,215.21743774414062,233.0,234.60000610351562,230.0,230.0,5278587,yfinance,False
2024-03-27,211.33799743652344,228.8000030517578,232.60000610351562,228.0,232.60000610351562,6478195,yfinance,False
2024-03-28,210.41432189941406,227.8000030517578,231.60000610351562,225.39999389648438,226.60000610351562,7181678,yfinance,False
2024-04-02,216.1411590576172,234.0,235.8000030517578,230.0,230.0,8851094,yfinance,False
2024-04-03,210.96853637695312,228.39999389648438,234.0,228.0,234.0,4358685,yfinance,False
2024-04-05,209.1211700439453,226.39999389648438,228.1999969482422,223.39999389648438,228.1999969482422,5157297,yfinance,False
2024-04-08,210.78379821777344,228.1999969482422,230.0,224.1999969482422,226.39999389648438,2939439,yfinance,False
2024-04-09,213.55482482910156,231.1999969482422,232.39999389648438,229.39999389648438,231.0,3645167,yfinance,False
2024-04-10,216.69534301757812,234.60000610351562,235.39999389648438,230.39999389648438,232.8000030517578,4871030,yfinance,False
2024-04-11,216.1411590576172,234.0,234.60000610351562,229.60000610351562,229.60000610351562,2917508,yfinance,False
2024-04-12,210.78379821777344,228.1999969482422,233.0,227.60000610351562,231.1999969482422,5996171,yfinance,False
2024-04-15,207.27378845214844,224.39999389648438,227.60000610351562,222.39999389648438,225.0,5519553,yfinance,False
2024-04-16,200.9927978515625,217.60000610351562,223.60000610351562,217.0,222.0,8818833,yfinance,False
2024-04-17,199.1454315185547,215.60000610351562,218.1999969482422,214.0,216.39999389648438,4921109,yfinance,False
2024-04-18,201.9164581298828,218.60000610351562,221.39999389648438,212.8000030517578,215.0,4918301,yfinance,False
2024-04-19,198.2217559814453,214.60000610351562,216.0,212.1999969482422,215.0,6005197,yfinance,False
2024-04-22,203.20960998535156,220.0,222.60000610351562,218.1999969482422,218.1999969482422,6697945,yfinance,False
2024-04-23,213.18536376953125,230.8000030517578,231.0,220.60000610351562,222.1999969482422,9470979,yfinance,False
2024-04-24,220.75953674316406,239.0,239.8000030517578,230.60000610351562,232.39999389648438,12591951,yfinance,False
2024-04-25,227.9642333984375,246.8000030517578,249.60000610351562,236.0,236.0,16998276,yfinance,False
2024-04-26,231.10475158691406,250.1999969482422,251.39999389648438,246.39999389648438,247.39999389648438,11108570,yfinance,False
2024-04-29,235.53842163085938,255.0,262.79998779296875,249.8000030517578,250.1999969482422,13577949,yfinance,False
2024-04-30,232.3979034423828,251.60000610351562,259.0,250.39999389648438,257.3999938964844,5800517,yfinance,False
2024-05-02,244.5904541015625,264.79998779296875,264.79998779296875,250.1999969482422,250.39999389648438,10416084,yfinance,False
2024-05-03,248.2852020263672,268.79998779296875,273.79998779296875,267.6000061035156,271.3999938964844,8362424,yfinance,False
2024-05-06,248.83941650390625,269.3999938964844,270.79998779296875,264.3999938964844,268.6000061035156,5192064,yfinance,False
2024-05-07,245.69891357421875,266.0,270.79998779296875,263.3999938964844,270.0,4576269,yfinance,False
2024-05-08,238.30946350097656,258.0,267.0,257.3999938964844,267.0,6735815,yfinance,False
2024-05-09,245.3294219970703,265.6000061035156,266.0,258.0,260.0,6176895,yfinance,False
2024-05-10,263.98773193359375,285.79998779296875,287.3999938964844,274.0,275.0,21255435,yfinance,False
2024-05-13,261.5862121582031,283.20001220703125,288.6000061035156,279.6000061035156,288.6000061035156,6313272,yfinance,False
2024-05-14,262.694580078125,284.3999938964844,287.20001220703125,282.79998779296875,284.6000061035156,5036204,yfinance,False
2024-05-16,269.7145690917969,292.0,293.6000061035156,283.20001220703125,287.20001220703125,8910691,yfinance,False
2024-05-17,272.485595703125,295.0,298.79998779296875,290.0,295.0,8994092,yfinance,False
2024-05-20,273.2245178222656,295.79998779296875,298.79998779296875,293.79998779296875,297.6000061035156,5318282,yfinance,False
2024-05-21,263.4335632324219,285.20001220703125,293.0,283.6000061035156,292.0,9171567,yfinance,False
2024-05-22,262.140380859375,283.79998779296875,288.20001220703125,281.3999938964844,284.3999938964844,4669657,yfinance,False
2024-05-23,256.5982971191406,277.79998779296875,282.6000061035156,277.0,280.79998779296875,8463925,yfinance,False
2024-05-24,253.0883331298828,274.0,277.3999938964844,272.0,275.6000061035156,5038949,yfinance,False
2024-05-27,257.70672607421875,279.0,279.3999938964844,272.3999938964844,273.6000061035156,5206460,yfinance,False
2024-05-28,255.30516052246094,276.3999938964844,281.20001220703125,275.20001220703125,278.20001220703125,3501176,yfinance,False
2024-05-29,250.50205993652344,271.20001220703125,275.20001220703125,270.0,273.20001220703125,5110465,yfinance,False
2024-05-30,243.29733276367188,263.3999938964844,270.3999938964844,261.0,270.0,9578077,yfinance,False
2024-05-31,242.74313354492188,262.79998779296875,270.3999938964844,261.79998779296875,267.0,8122734,yfinance,False
2024-06-03,247.1768035888672,267.6000061035156,270.3999938964844,264.0,265.20001220703125,5384777,yfinance,False
2024-06-04,250.3172607421875,271.0,273.0,267.3999938964844,267.3999938964844,4744673,yfinance,False
2024-06-05,253.0883331298828,274.0,280.20001220703125,272.79998779296875,273.20001220703125,5445354,yfinance,False
2024-06-06,252.16468811035156,273.0,279.0,270.6000061035156,278.0,3622219,yfinance,False
2024-06-07,250.13253784179688,270.79998779296875,275.6000061035156,269.6000061035156,273.79998779296875,3036160,yfinance,False
2024-06-11,245.88363647460938,266.20001220703125,270.20001220703125,261.6000061035156,270.0,6423914,yfinance,False
2024-06-12,242.55838012695312,262.6000061035156,265.0,261.20001220703125,264.20001220703125,3691973,yfinance,False
2024-06-13,243.85153198242188,264.0,267.20001220703125,262.20001220703125,266.0,3734529,yfinance,False
2024-06-14,237.94000244140625,257.6000061035156,262.20001220703125,257.0,262.0,6493092,yfinance,False
2024-06-17,239.60260009765625,259.3999938964844,262.0,253.1999969482422,256.6000061035156,2942271,yfinance,False
2024-06-18,238.4942169189453,258.20001220703125,261.79998779296875,257.0,260.0,2999110,yfinance,False
2024-06-19,245.14466857910156,265.3999938964844,265.6000061035156,260.0,260.3999938964844,5101478,yfinance,False
2024-06-20,243.1126251220703,263.20001220703125,266.20001220703125,262.0,264.6000061035156,3235755,yfinance,False
2024-06-21,237.7552490234375,257.3999938964844,261.3999938964844,256.0,260.0,4578870,yfinance,False
2024-06-24,238.12472534179688,257.79998779296875,258.0,254.39999389648438,255.0,2835277,yfinance,False
2024-06-25,235.90786743164062,255.39999389648438,260.79998779296875,252.39999389648438,257.6000061035156,3936237,yfinance,False
2024-06-26,236.46209716796875,256.0,257.3999938964844,252.60000610351562,252.60000610351562,2379273,yfinance,False
2024-06-27,232.3979034423828,251.60000610351562,254.39999389648438,251.1999969482422,253.60000610351562,4982771,yfinance,False
2024-06-28,231.10475158691406,250.1999969482422,254.0,248.1999969482422,248.1999969482422,4804572,yfinance,False
2024-07-02,229.8115997314453,248.8000030517578,254.1999969482422,247.0,250.1999969482422,5510181,yfinance,False
2024-07-03,232.3979034423828,251.60000610351562,253.0,248.39999389648438,251.1999969482422,3134030,yfinance,False
2024-07-04,230.3657989501953,249.39999389648438,255.60000610351562,247.39999389648438,254.0,3858860,yfinance,False
2024-07-05,226.11688232421875,244.8000030517578,250.39999389648438,243.8000030517578,249.0,6466626,yfinance,False
2024-07-08,221.49847412109375,239.8000030517578,246.0,238.0,244.0,7936515,yfinance,False
2024-07-09,221.68321228027344,240.0,242.0,237.1999969482422,238.0,4059352,yfinance,False
2024-07-10,222.9763641357422,241.39999389648438,244.8000030517578,240.0,241.0,3601705,yfinance,False
2024-07-11,229.25738525390625,248.1999969482422,249.0,243.1999969482422,244.8000030517578,5303009,yfinance,False
2024-07-12,234.79946899414062,254.1999969482422,255.60000610351562,251.39999389648438,251.39999389648438,7497178,yfinance,False
2024-07-15,228.7032012939453,247.60000610351562,251.8000030517578,245.1999969482422,251.0,5029709,yfinance,False
2024-07-16,223.34584045410156,241.8000030517578,244.39999389648438,240.60000610351562,244.39999389648438,5805057,yfinance,False
2024-07-17,224.4542694091797,243.0,244.0,240.60000610351562,241.39999389648438,3999703,yfinance,False
2024-07-18,222.9763641357422,241.39999389648438,243.1999969482422,240.39999389648438,242.1999969482422,3097725,yfinance,False
2024-07-19,220.75953674316406,239.0,240.60000610351562,237.39999389648438,239.0,4636352,yfinance,False
2024-07-22,220.9442596435547,239.1999969482422,241.8000030517578,236.39999389648438,239.8000030517578,3876153,yfinance,False
2024-07-23,217.80377197265625,235.8000030517578,241.39999389648438,235.0,239.8000030517578,4389657,yfinance,False
2024-07-24,215.03273010253906,232.8000030517578,236.0,230.60000610351562,235.0,5232901,yfinance,False
2024-07-25,212.4464111328125,230.0,233.1999969482422,229.0,232.8000030517578,4431062,yfinance,False
2024-07-26,211.52273559570312,229.0,231.8000030517578,227.60000610351562,229.8000030517578,3583361,yfinance,False
2024-07-29,213.37008666992188,231.0,233.1999969482422,230.39999389648438,232.0,2541509,yfinance,False
2024-07-30,210.22959899902344,227.60000610351562,231.8000030517578,227.1999969482422,231.0,4340037,yfinance,False
2024-07-31,214.10903930664062,231.8000030517578,233.8000030517578,225.1999969482422,227.8000030517578,6167990,yfinance,False
2024-08-01,212.8158721923828,230.39999389648438,232.1999969482422,228.60000610351562,230.8000030517578,2717582,yfinance,False
2024-08-02,209.30589294433594,226.60000610351562,227.1999969482422,225.0,227.0,5969609,yfinance,False
2024-08-05,207.27378845214844,224.39999389648438,229.39999389648438,222.39999389648438,224.0,7425548,yfinance,False
2024-08-06,208.93641662597656,226.1999969482422,228.39999389648438,225.1999969482422,226.0,3660299,yfinance,False
2024-08-07,210.96853637695312,228.39999389648438,229.8000030517578,226.0,226.60000610351562,2941148,yfinance,False
2024-08-08,210.22959899902344,227.60000610351562,231.39999389648438,224.1999969482422,225.8000030517578,3851102,yfinance,False
2024-08-09,211.89219665527344,229.39999389648438,232.8000030517578,229.0,231.0,3881908,yfinance,False
2024-08-12,213.92428588867188,231.60000610351562,233.39999389648438,229.39999389648438,229.39999389648438,3205812,yfinance,False
2024-08-13,213.37008666992188,231.0,232.60000610351562,229.8000030517578,232.0,2819716,yfinance,False
2024-08-14,210.78379821777344,228.1999969482422,231.8000030517578,227.0,231.60000610351562,3623240,yfinance,False
2024-08-15,210.0448455810547,227.39999389648438,231.1999969482422,225.39999389648438,226.39999389648438,3196349,yfinance,False
2024-08-16,212.8158721923828,230.39999389648438,231.1999969482422,227.8000030517578,229.0,3508576,yfinance,False
2024-08-19,214.84799194335938,232.60000610351562,235.1999969482422,230.0,230.0,4246430,yfinance,False
2024-08-20,214.2937774658203,232.0,234.39999389648438,230.8000030517578,233.39999389648438,3049811,yfinance,False
2024-08-21,211.1532745361328,228.60000610351562,231.8000030517578,225.39999389648438,230.8000030517578,4692540,yfinance,False
2024-08-22,214.10903930664062,231.8000030517578,232.1999969482422,228.0,230.0,4372461,yfinance,False
2024-08-23,213.92428588867188,231.60000610351562,232.60000610351562,228.1999969482422,230.60000610351562,2286599,yfinance,False
2024-08-26,217.0648193359375,235.0,237.39999389648438,233.1999969482422,233.39999389648438,4031103,yfinance,False
2024-08-27,217.61903381347656,235.60000610351562,236.0,232.1999969482422,233.1999969482422,2491306,yfinance,False
2024-08-28,214.6632537841797,232.39999389648438,236.1999969482422,231.60000610351562,236.0,3329752,yfinance,False
2024-08-29,218.3579559326172,236.39999389648438,236.8000030517578,231.0,231.8000030517578,3816503,yfinance,False
2024-08-30,222.05267333984375,240.39999389648438,246.39999389648438,235.8000030517578,236.8000030517578,11947427,yfinance,False
2024-09-02,218.72743225097656,236.8000030517578,241.0,235.8000030517578,240.39999389648438,5037494,yfinance,False
2024-09-03,219.0662078857422,232.8000030517578,235.8000030517578,231.0,233.0,2650259,yfinance,False
2024-09-04,216.24319458007812,229.8000030517578,232.0,227.1999969482422,232.0,4426765,yfinance,False
2024-09-05,216.43138122558594,230.0,232.1999969482422,227.60000610351562,231.8000030517578,3346413,yfinance,False
2024-09-09,213.23196411132812,226.60000610351562,230.0,223.8000030517578,228.1999969482422,6518252,yfinance,False
2024-09-10,210.2207489013672,223.39999389648438,227.39999389648438,222.8000030517578,226.0,7713523,yfinance,False
2024-09-11,207.77413940429688,220.8000030517578,223.8000030517578,219.39999389648438,222.1999969482422,7765121,yfinance,False
2024-09-12,207.96234130859375,221.0,223.8000030517578,220.0,222.60000610351562,7346556,yfinance,False
2024-09-13,210.7853546142578,224.0,225.60000610351562,221.0,221.0,4934791,yfinance,False
2024-09-16,208.15052795410156,221.1999969482422,223.0,218.39999389648438,222.0,4581763,yfinance,False
2024-09-17,211.91456604003906,225.1999969482422,226.60000610351562,220.1999969482422,221.1999969482422,4321548,yfinance,False
2024-09-19,224.14764404296875,238.1999969482422,240.8000030517578,225.0,225.1999969482422,16230231,yfinance,False
2024-09-20,227.34706115722656,241.60000610351562,243.60000610351562,238.8000030517578,239.8000030517578,10958839,yfinance,False
2024-09-23,226.78245544433594,241.0,244.8000030517578,240.0,240.0,6037887,yfinance,False
2024-09-24,243.5323486328125,258.79998779296875,258.79998779296875,245.0,245.0,24084632,yfinance,False
2024-09-25,247.10818481445312,262.6000061035156,270.0,260.79998779296875,268.79998779296875,21069740,yfinance,False
2024-09-26,261.59967041015625,278.0,279.3999938964844,260.79998779296875,265.0,21199606,yfinance,False
2024-09-27,290.3944396972656,308.6000061035156,308.6000061035156,288.0,292.0,48563525,yfinance,False
2024-09-30,306.9562072753906,326.20001220703125,336.0,313.79998779296875,325.6000061035156,42555163,yfinance,False
2024-10-02,350.8070373535156,372.79998779296875,379.6000061035156,335.79998779296875,335.79998779296875,44118930,yfinance,False
2024-10-03,345.7256164550781,367.3999938964844,377.79998779296875,346.20001220703125,372.79998779296875,31656924,yfinance,False
2024-10-04,354.0065002441406,376.20001220703125,377.0,357.79998779296875,358.0,19559214,yfinance,False
2024-10-07,370.5681457519531,393.79998779296875,397.79998779296875,378.79998779296875,388.6000061035156,21474808,yfinance,False
2024-10-08,320.6948547363281,340.79998779296875,392.0,330.3999938964844,391.79998779296875,56770013,yfinance,False
2024-10-09,303.0039367675781,322.0,351.0,312.6000061035156,348.0,41266473,yfinance,False
2024-10-10,314.4842224121094,334.20001220703125,341.79998779296875,325.0,330.0,20212308,yfinance,False
2024-10-14,303.56854248046875,322.6000061035156,329.79998779296875,310.0,329.79998779296875,17408617,yfinance,False
2024-10-15,287.7596435546875,305.79998779296875,324.3999938964844,303.0,320.0,22941873,yfinance,False
2024-10-16,287.3832092285156,305.3999938964844,310.3999938964844,299.0,300.0,11022160,yfinance,False
2024-10-17,282.3017883300781,300.0,315.6000061035156,297.0,309.79998779296875,11145356,yfinance,False
2024-10-18,298.2989196777344,317.0,319.3999938964844,296.79998779296875,300.0,16483811,yfinance,False
2024-10-21,293.4056701660156,311.79998779296875,318.79998779296875,310.20001220703125,318.3999938964844,8623242,yfinance,False
2024-10-22,292.6528625488281,311.0,314.20001220703125,308.0,309.3999938964844,4685446,yfinance,False
2024-10-23,296.2286682128906,314.79998779296875,322.6000061035156,309.0,313.0,8460052,yfinance,False
2024-10-24,293.21746826171875,311.6000061035156,318.79998779296875,310.20001220703125,315.79998779296875,6026159,yfinance,False
2024-10-25,294.3466796875,312.79998779296875,315.20001220703125,310.20001220703125,312.3999938964844,5301559,yfinance,False
2024-10-28,294.9112854003906,313.3999938964844,315.3999938964844,311.0,313.79998779296875,4084108,yfinance,False
2024-10-29,294.5348815917969,313.0,317.79998779296875,311.3999938964844,315.20001220703125,4780257,yfinance,False
2024-10-30,291.14727783203125,309.3999938964844,314.6000061035156,306.6000061035156,314.6000061035156,5882101,yfinance,False
2024-10-31,292.46466064453125,310.79998779296875,315.79998779296875,308.20001220703125,310.0,5512732,yfinance,False
2024-11-01,293.21746826171875,311.6000061035156,314.79998779296875,308.79998779296875,311.20001220703125,4590073,yfinance,False
2024-11-04,296.2286682128906,314.79998779296875,315.3999938964844,312.20001220703125,314.0,3532220,yfinance,False
2024-11-05,310.9083557128906,330.3999938964844,331.0,313.20001220703125,315.0,13724591,yfinance,False
2024-11-06,303.0039367675781,322.0,334.6000061035156,318.0,329.79998779296875,11859400,yfinance,False
2024-11-07,314.4842224121094,334.20001220703125,334.79998779296875,316.20001220703125,320.0,9124446,yfinance,False
2024-11-08,319.37744140625,339.3999938964844,348.3999938964844,334.20001220703125,344.3999938964844,17164007,yfinance,False
2024-11-11,306.7679443359375,326.0,328.79998779296875,320.79998779296875,328.79998779296875,10848538,yfinance,False
2024-11-12,293.9702453613281,312.3999938964844,328.6000061035156,308.79998779296875,327.0,11680844,yfinance,False
2024-11-13,290.9590759277344,309.20001220703125,309.20001220703125,303.0,306.20001220703125,8789827,yfinance,False
2024-11-14,286.8186340332031,304.79998779296875,314.79998779296875,303.20001220703125,307.0,5761354,yfinance,False
2024-11-15,281.9254150390625,299.6000061035156,307.0,299.3999938964844,304.79998779296875,7609898,yfinance,False
2024-11-18,281.9254150390625,299.6000061035156,305.0,297.6000061035156,304.0,4772161,yfinance,False
2024-11-19,282.6781921386719,300.3999938964844,303.79998779296875,297.6000061035156,300.0,3879471,yfinance,False
2024-11-20,283.61920166015625,301.3999938964844,302.0,296.3999938964844,300.0,3767521,yfinance,False
2024-11-21,280.79620361328125,298.3999938964844,301.3999938964844,296.20001220703125,301.3999938964844,3328597,yfinance,False
2024-11-22,268.9394836425781,285.79998779296875,299.20001220703125,283.20001220703125,298.3999938964844,11737719,yfinance,False
2024-11-25,267.6220703125,284.3999938964844,289.0,283.3999938964844,286.79998779296875,5945385,yfinance,False
2024-11-26,267.0574951171875,283.79998779296875,286.20001220703125,281.3999938964844,282.3999938964844,3934555,yfinance,False
2024-11-27,273.4563293457031,290.6000061035156,293.0,281.3999938964844,283.3999938964844,5435369,yfinance,False
2024-11-28,270.6333312988281,287.6000061035156,292.6000061035156,285.6000061035156,291.0,3564955,yfinance,False
2024-11-29,272.7035217285156,289.79998779296875,296.0,285.20001220703125,286.79998779296875,5485566,yfinance,False
2024-12-02,274.5855407714844,291.79998779296875,295.3999938964844,289.0,292.79998779296875,4097019,yfinance,False
2024-12-03,276.4675598144531,293.79998779296875,295.6000061035156,290.0,293.20001220703125,3655370,yfinance,False
2024-12-04,275.150146484375,292.3999938964844,294.79998779296875,291.0,293.79998779296875,2370396,yfinance,False
2024-12-05,273.64453125,290.79998779296875,292.6000061035156,289.3999938964844,290.0,2990410,yfinance,False
2024-12-06,277.22039794921875,294.6000061035156,297.3999938964844,290.0,292.0,4987004,yfinance,False
2024-12-09,293.21746826171875,311.6000061035156,311.6000061035156,291.3999938964844,294.6000061035156,10062663,yfinance,False
2024-12-10,290.2062683105469,308.3999938964844,331.20001220703125,307.20001220703125,330.0,17694528,yfinance,False
2024-12-11,287.9478454589844,306.0,312.3999938964844,305.20001220703125,309.20001220703125,4676923,yfinance,False
2024-12-12,292.2764587402344,310.6000061035156,315.20001220703125,304.3999938964844,306.79998779296875,5990381,yfinance,False
2024-12-13,285.12481689453125,303.0,309.20001220703125,303.0,307.0,6468759,yfinance,False
2024-12-16,280.04339599609375,297.6000061035156,304.3999938964844,296.20001220703125,303.0,4553777,yfinance,False
2024-12-17,282.86639404296875,300.6000061035156,304.6000061035156,296.0,297.0,4966838,yfinance,False
2024-12-18,282.49005126953125,300.20001220703125,304.3999938964844,299.3999938964844,304.3999938964844,2574962,yfinance,False
2024-12-19,281.172607421875,298.79998779296875,301.20001220703125,295.0,295.0,3419654,yfinance,False
2024-12-20,278.53778076171875,296.0,300.20001220703125,296.0,298.79998779296875,7517169,yfinance,False
2024-12-23,280.04339599609375,297.6000061035156,299.79998779296875,296.0,296.0,2358353,yfinance,False
2024-12-24,282.6781921386719,300.3999938964844,300.3999938964844,300.3999938964844,300.3999938964844,0,yfinance,False
2024-12-27,279.6669921875,297.20001220703125,301.79998779296875,295.79998779296875,301.3999938964844,3950396,yfinance,False
2024-12-30,277.5967712402344,295.0,298.6000061035156,293.6000061035156,297.3999938964844,2983363,yfinance,False
2024-12-31,277.7850036621094,295.20001220703125,295.20001220703125,295.20001220703125,295.20001220703125,0,yfinance,False
2025-01-02,270.0687561035156,287.0,294.20001220703125,286.3999938964844,293.6000061035156,7329867,yfinance,False
2025-01-03,270.0687561035156,287.0,289.0,285.20001220703125,287.3999938964844,4067355,yfinance,False
2025-01-06,268.7513122558594,285.6000061035156,290.6000061035156,284.3999938964844,290.6000061035156,2792600,yfinance,False
2025-01-07,267.43389892578125,284.20001220703125,288.3999938964844,282.6000061035156,285.0,5169797,yfinance,False
2025-01-08,267.2457275390625,284.0,285.3999938964844,280.20001220703125,284.20001220703125,4900326,yfinance,False
2025-01-09,265.36370849609375,282.0,285.20001220703125,281.3999938964844,282.6000061035156,3116442,yfinance,False
2025-01-10,263.10528564453125,279.6000061035156,284.0,278.20001220703125,283.3999938964844,3920584,yfinance,False
2025-01-13,259.153076171875,275.3999938964844,277.20001220703125,271.0,276.79998779296875,5476785,yfinance,False
2025-01-14,264.9873046875,281.6000061035156,284.0,275.0,275.3999938964844,5515397,yfinance,False
2025-01-15,265.7400817871094,282.3999938964844,284.6000061035156,279.3999938964844,282.0,3851521,yfinance,False
2025-01-16,269.8805236816406,286.79998779296875,289.6000061035156,284.3999938964844,286.0,5342900,yfinance,False
2025-01-17,270.6333312988281,287.6000061035156,289.3999938964844,285.0,285.6000061035156,3010186,yfinance,False
2025-01-20,276.27935791015625,293.6000061035156,298.20001220703125,292.6000061035156,293.20001220703125,7076136,yfinance,False
2025-01-21,276.65576171875,294.0,297.0,291.0,297.0,3163059,yfinance,False
2025-01-22,275.33837890625,292.6000061035156,295.0,291.3999938964844,293.3999938964844,4646233,yfinance,False
2025-01-23,276.0911865234375,293.3999938964844,301.20001220703125,292.6000061035156,295.6000061035156,5594647,yfinance,False
2025-01-24,282.86639404296875,300.6000061035156,303.0,295.20001220703125,298.6000061035156,7969142,yfinance,False
2025-01-27,284.7484436035156,302.6000061035156,305.6000061035156,301.0,303.20001220703125,5981389,yfinance,False
2025-01-28,285.12481689453125,303.0,303.0,303.0,303.0,0,yfinance,False
2025-02-03,283.80743408203125,301.6000061035156,301.6000061035156,293.3999938964844,296.79998779296875,5776779,yfinance,False
2025-02-04,293.5938720703125,312.0,312.0,302.79998779296875,303.0,10245455,yfinance,False
2025-02-05,287.7596435546875,305.79998779296875,310.6000061035156,303.3999938964844,310.6000061035156,4928588,yfinance,False
2025-02-06,290.7708740234375,309.0,309.0,304.20001220703125,307.79998779296875,3680742,yfinance,False
2025-02-07,297.9225158691406,316.6000061035156,319.3999938964844,307.0,310.0,11034699,yfinance,False
2025-02-10,301.498291015625,320.3999938964844,323.0,315.6000061035156,316.0,8664013,yfinance,False
2025-02-11,299.2398986816406,318.0,327.79998779296875,317.0,323.79998779296875,8383454,yfinance,False
2025-02-12,315.98980712890625,335.79998779296875,336.0,317.79998779296875,320.0,18157542,yfinance,False
2025-02-13,306.5797424316406,325.79998779296875,340.0,324.3999938964844,339.6000061035156,20004332,yfinance,False
2025-02-14,319.7538146972656,339.79998779296875,339.79998779296875,330.0,332.20001220703125,17173507,yfinance,False
2025-02-17,320.6948547363281,340.79998779296875,348.20001220703125,335.20001220703125,344.20001220703125,13096595,yfinance,False
2025-02-18,321.25946044921875,341.3999938964844,346.0,337.20001220703125,340.79998779296875,11286843,yfinance,False
2025-02-19,318.6246337890625,338.6000061035156,341.20001220703125,334.79998779296875,337.3999938964844,6870841,yfinance,False
2025-02-20,308.2735900878906,327.6000061035156,335.0,327.0,331.6000061035156,9225408,yfinance,False
2025-02-21,330.1048889160156,350.79998779296875,351.79998779296875,331.3999938964844,336.0,22590766,yfinance,False
2025-02-24,325.2117004394531,345.6000061035156,351.79998779296875,342.20001220703125,348.0,11959874,yfinance,False
2025-02-25,323.5178527832031,343.79998779296875,347.6000061035156,333.3999938964844,335.6000061035156,10407773,yfinance,False
2025-02-26,339.89141845703125,361.20001220703125,364.6000061035156,344.3999938964844,344.3999938964844,20626924,yfinance,False
2025-02-27,343.4671936035156,365.0,369.3999938964844,356.79998779296875,363.0,17552053,yfinance,False
2025-02-28,329.3520812988281,350.0,360.6000061035156,346.0,356.79998779296875,15225066,yfinance,False
2025-03-03,319.7538146972656,339.79998779296875,352.20001220703125,336.0,350.0,13377617,yfinance,False
2025-03-04,317.49542236328125,337.3999938964844,339.6000061035156,333.20001220703125,336.0,9068308,yfinance,False
2025-03-05,327.09368896484375,347.6000061035156,349.20001220703125,338.3999938964844,341.6000061035156,11348257,yfinance,False
2025-03-06,344.03179931640625,365.6000061035156,366.6000061035156,355.79998779296875,356.3999938964844,22196195,yfinance,False
2025-03-07,338.573974609375,359.79998779296875,367.79998779296875,357.3999938964844,363.0,10247064,yfinance,False
2025-03-10,331.7987365722656,352.6000061035156,363.20001220703125,350.20001220703125,357.20001220703125,8402110,yfinance,False
2025-03-11,329.3520812988281,350.0,351.6000061035156,341.3999938964844,341.3999938964844,10948255,yfinance,False
2025-03-12,333.45587158203125,349.3999938964844,354.79998779296875,345.6000061035156,352.20001220703125,7668706,yfinance,False
2025-03-13,328.4931945800781,344.20001220703125,353.79998779296875,341.6000061035156,351.6000061035156,6400647,yfinance,False
2025-03-14,338.036865234375,354.20001220703125,357.6000061035156,345.6000061035156,350.0,9410518,yfinance,False
2025-03-17,348.9166259765625,365.6000061035156,369.79998779296875,361.3999938964844,363.0,14943120,yfinance,False
2025-03-18,355.2154541015625,372.20001220703125,375.0,370.20001220703125,374.20001220703125,11103657,yfinance,False
2025-03-19,357.8876953125,375.0,380.0,370.0,374.0,10283970,yfinance,False
2025-03-20,352.5432434082031,369.3999938964844,377.79998779296875,367.20001220703125,377.20001220703125,11559530,yfinance,False
2025-03-21,344.5265197753906,361.0,374.20001220703125,357.20001220703125,366.0,11398713,yfinance,False
2025-03-24,343.7630310058594,360.20001220703125,361.79998779296875,353.6000061035156,361.3999938964844,6575436,yfinance,False
2025-03-25,334.9828796386719,351.0,359.0,349.3999938964844,357.0,7712981,yfinance,False
2025-03-26,337.8459777832031,354.0,354.79998779296875,350.6000061035156,353.6000061035156,3936129,yfinance,False
2025-03-27,341.4725341796875,357.79998779296875,362.0,349.6000061035156,353.0,6054013,yfinance,False
2025-03-28,337.4642333984375,353.6000061035156,362.0,351.3999938964844,360.3999938964844,6696074,yfinance,False
2025-03-31,329.0657958984375,344.79998779296875,352.0,341.20001220703125,352.0,10601725,yfinance,False
2025-04-01,332.1197814941406,348.0,351.79998779296875,345.6000061035156,345.6000061035156,4679573,yfinance,False
2025-04-02,337.65509033203125,353.79998779296875,357.20001220703125,345.79998779296875,345.79998779296875,5341389,yfinance,False
2025-04-03,330.5928039550781,346.3999938964844,353.79998779296875,342.79998779296875,345.0,11324712,yfinance,False
2025-04-07,283.4470520019531,297.0,316.79998779296875,293.79998779296875,308.79998779296875,37928230,yfinance,False
2025-04-08,284.9740295410156,298.6000061035156,304.0,290.79998779296875,303.0,15650535,yfinance,False
2025-04-09,287.837158203125,301.6000061035156,303.79998779296875,283.20001220703125,287.0,15058282,yfinance,False
2025-04-10,292.7998352050781,306.79998779296875,317.79998779296875,306.0,315.0,14366044,yfinance,False
2025-04-11,298.144287109375,312.3999938964844,318.6000061035156,305.20001220703125,306.0,10182313,yfinance,False
2025-04-14,318.7586364746094,334.0,336.0,320.0,320.3999938964844,17317705,yfinance,False
2025-04-15,313.4141845703125,328.3999938964844,337.6000061035156,327.0,336.0,6309054,yfinance,False
2025-04-16,312.65069580078125,327.6000061035156,331.6000061035156,322.6000061035156,328.3999938964844,6425770,yfinance,False
2025-04-17,316.2772521972656,331.3999938964844,333.79998779296875,325.79998779296875,327.6000061035156,5986193,yfinance,False
2025-04-22,319.3312683105469,334.6000061035156,339.0,328.20001220703125,331.3999938964844,7009300,yfinance,False
2025-04-23,326.0118103027344,341.6000061035156,350.79998779296875,339.0,342.6000061035156,9754193,yfinance,False
2025-04-24,322.3852233886719,337.79998779296875,342.6000061035156,334.3999938964844,340.79998779296875,5403355,yfinance,False
2025-04-25,323.14874267578125,338.6000061035156,344.79998779296875,337.3999938964844,339.79998779296875,5755397,yfinance,False
2025-04-28,321.6217346191406,337.0,340.0,332.79998779296875,339.79998779296875,3631677,yfinance,False
2025-04-29,320.0947570800781,335.3999938964844,340.79998779296875,333.6000061035156,339.0,4183418,yfinance,False
2025-04-30,325.2483215332031,340.79998779296875,343.0,335.79998779296875,337.0,6539791,yfinance,False
2025-05-02,335.17376708984375,351.20001220703125,352.6000061035156,341.20001220703125,345.79998779296875,9306371,yfinance,False
2025-05-06,342.8087158203125,359.20001220703125,361.79998779296875,354.6000061035156,358.0,11169216,yfinance,False
2025-05-07,349.4892578125,366.20001220703125,374.6000061035156,364.3999938964844,371.6000061035156,12644311,yfinance,False
2025-05-08,350.4436340332031,367.20001220703125,371.6000061035156,365.20001220703125,366.6000061035156,5851677,yfinance,False
2025-05-09,355.4063415527344,372.3999938964844,375.20001220703125,366.20001220703125,366.79998779296875,7972749,yfinance,False
2025-05-12,367.4313659667969,385.0,389.6000061035156,374.3999938964844,378.0,14408676,yfinance,False
2025-05-13,357.5059509277344,374.6000061035156,384.79998779296875,373.20001220703125,382.0,7219217,yfinance,False
2025-05-14,363.6139221191406,381.0,383.0,374.79998779296875,379.0,6297280,yfinance,False
2025-05-15,359.9873046875,377.20001220703125,383.0,374.6000061035156,381.0,6319573,yfinance,False
2025-05-16,361.5142517089844,378.79998779296875,380.20001220703125,372.0,373.0,4533478,yfinance,False
2025-05-19,361.70513916015625,379.0,381.3999938964844,373.0,373.0,3567964,yfinance,False
2025-05-20,361.89605712890625,379.20001220703125,379.79998779296875,373.3999938964844,379.6000061035156,5088344,yfinance,False
2025-05-21,373.73016357421875,391.6000061035156,392.0,380.0,381.0,15235886,yfinance,False
2025-05-22,368.00396728515625,385.6000061035156,391.79998779296875,384.6000061035156,389.0,7126205,yfinance,False
2025-05-23,369.5309753417969,387.20001220703125,390.0,383.79998779296875,389.79998779296875,4236480,yfinance,False
2025-05-26,369.5309753417969,387.20001220703125,398.6000061035156,385.6000061035156,392.0,8353064,yfinance,False
2025-05-27,380.0290222167969,398.20001220703125,399.6000061035156,387.6000061035156,388.79998779296875,10081577,yfinance,False
2025-05-28,373.1575622558594,391.0,399.3999938964844,387.79998779296875,397.0,7260741,yfinance,False
2025-05-29,382.12860107421875,400.3999938964844,401.0,391.79998779296875,392.0,11502675,yfinance,False
2025-05-30,377.738525390625,395.79998779296875,399.3999938964844,393.0,398.20001220703125,6081070,yfinance,False
2025-06-02,377.3567810058594,395.3999938964844,395.6000061035156,384.0,391.79998779296875,6415634,yfinance,False
2025-06-03,377.3567810058594,395.3999938964844,398.3999938964844,391.6000061035156,396.0,4475620,yfinance,False
2025-06-04,384.6099853515625,403.0,403.6000061035156,394.20001220703125,395.0,6389753,yfinance,False
2025-06-05,386.7095947265625,405.20001220703125,409.20001220703125,399.6000061035156,405.0,7559849,yfinance,False
2025-06-06,384.037353515625,402.3999938964844,408.79998779296875,400.79998779296875,406.0,4331240,yfinance,False
2025-06-09,396.82586669921875,415.79998779296875,416.20001220703125,404.0,404.0,9483287,yfinance,False
2025-06-10,395.8714904785156,414.79998779296875,419.79998779296875,409.79998779296875,415.0,5734615,yfinance,False
2025-06-11,401.2159423828125,420.3999938964844,422.3999938964844,415.3999938964844,415.79998779296875,6780545,yfinance,False
2025-06-12,392.62664794921875,411.3999938964844,418.79998779296875,410.20001220703125,417.20001220703125,8002826,yfinance,False
2025-06-13,394.72625732421875,413.6000061035156,417.3999938964844,408.20001220703125,410.0,7100795,yfinance,False
2025-06-16,400.45245361328125,419.6000061035156,421.20001220703125,409.0,409.0,5466219,yfinance,False
2025-06-17,394.535400390625,413.3999938964844,420.0,411.20001220703125,419.6000061035156,5460889,yfinance,False
2025-06-18,385.5643310546875,404.0,409.79998779296875,401.20001220703125,407.6000061035156,7186876,yfinance,False
2025-06-19,372.0122985839844,389.79998779296875,402.6000061035156,389.20001220703125,400.0,11879429,yfinance,False
2025-06-20,374.6845703125,392.6000061035156,396.6000061035156,389.3999938964844,389.6000061035156,6498349,yfinance,False
2025-06-23,380.7925109863281,399.0,399.3999938964844,386.20001220703125,389.3999938964844,6007784,yfinance,False
2025-06-24,395.8714904785156,414.79998779296875,415.6000061035156,401.6000061035156,402.0,10026047,yfinance,False
2025-06-25,402.742919921875,422.0,422.6000061035156,412.20001220703125,417.3999938964844,8657796,yfinance,False
2025-06-26,400.834228515625,420.0,424.79998779296875,416.0,420.79998779296875,4974954,yfinance,False
2025-06-27,401.97943115234375,421.20001220703125,426.79998779296875,419.79998779296875,424.79998779296875,6510572,yfinance,False
2025-06-30,399.6889343261719,418.79998779296875,424.0,418.6000061035156,422.79998779296875,3492327,yfinance,False
2025-07-02,403.8882141113281,423.20001220703125,426.3999938964844,420.6000061035156,422.79998779296875,4575493,yfinance,False
2025-07-03,398.1619873046875,417.20001220703125,425.0,412.79998779296875,423.0,4807687,yfinance,False
2025-07-04,394.9171142578125,413.79998779296875,418.0,407.79998779296875,414.20001220703125,4959242,yfinance,False
2025-07-07,389.57269287109375,408.20001220703125,412.3999938964844,405.3999938964844,412.3999938964844,5121740,yfinance,False
2025-07-08,398.35284423828125,417.3999938964844,417.6000061035156,407.0,409.0,4216700,yfinance,False
2025-07-09,392.81756591796875,411.6000061035156,418.0,408.20001220703125,416.3999938964844,4901318,yfinance,False
2025-07-10,394.535400390625,413.3999938964844,415.6000061035156,408.0,408.0,3095090,yfinance,False
2025-07-11,406.1786804199219,425.6000061035156,432.20001220703125,414.79998779296875,414.79998779296875,14304746,yfinance,False
2025-07-14,404.2699279785156,423.6000061035156,428.20001220703125,420.3999938964844,425.0,4181755,yfinance,False
2025-07-15,407.8965148925781,427.3999938964844,429.6000061035156,421.0,426.6000061035156,5291559,yfinance,False
2025-07-16,405.0334167480469,424.3999938964844,429.6000061035156,422.6000061035156,427.3999938964844,3921884,yfinance,False
2025-07-17,407.5147705078125,427.0,428.6000061035156,424.79998779296875,425.3999938964844,2566959,yfinance,False
2025-07-18,410.3778991699219,430.0,431.0,425.20001220703125,429.0,4171000,yfinance,False
2025-07-21,411.52313232421875,431.20001220703125,431.6000061035156,427.20001220703125,429.6000061035156,3494109,yfinance,False
2025-07-22,412.8592529296875,432.6000061035156,434.6000061035156,430.79998779296875,431.79998779296875,3708904,yfinance,False
2025-07-23,419.73065185546875,439.79998779296875,441.0,431.20001220703125,436.0,7809206,yfinance,False
2025-07-24,427.74737548828125,448.20001220703125,452.0,437.3999938964844,439.79998779296875,10265301,yfinance,False
2025-07-25,415.9132080078125,435.79998779296875,447.6000061035156,434.0,447.0,8532723,yfinance,False
2025-07-28,428.8926086425781,449.3999938964844,452.0,435.79998779296875,439.0,7488372,yfinance,False
2025-07-29,420.6850280761719,440.79998779296875,444.6000061035156,436.79998779296875,443.6000061035156,8991861,yfinance,False
2025-07-30,413.4318542480469,433.20001220703125,440.79998779296875,430.20001220703125,440.79998779296875,7707951,yfinance,False
2025-07-31,407.5147705078125,427.0,435.20001220703125,426.0,428.20001220703125,7104129,yfinance,False
2025-08-01,397.9710998535156,417.0,428.20001220703125,416.3999938964844,426.20001220703125,9964066,yfinance,False
2025-08-04,401.7886047363281,421.0,421.3999938964844,412.0,416.0,5842805,yfinance,False
2025-08-05,404.07904052734375,423.3999938964844,425.79998779296875,421.6000061035156,424.0,4337801,yfinance,False
2025-08-06,408.85089111328125,428.3999938964844,429.20001220703125,424.0,424.3999938964844,4140934,yfinance,False
2025-08-07,411.9048767089844,431.6000061035156,434.20001220703125,428.20001220703125,428.3999938964844,3828273,yfinance,False
2025-08-08,407.8965148925781,427.3999938964844,430.20001220703125,426.0,430.0,2477690,yfinance,False
2025-08-11,410.95050048828125,430.6000061035156,431.79998779296875,426.79998779296875,431.79998779296875,2390805,yfinance,False
2025-08-12,410.3778991699219,430.0,430.6000061035156,426.3999938964844,429.6000061035156,3115583,yfinance,False
2025-08-13,419.73065185546875,439.79998779296875,440.3999938964844,432.79998779296875,433.20001220703125,6197033,yfinance,False
2025-08-14,419.1580505371094,439.20001220703125,447.79998779296875,436.6000061035156,447.79998779296875,4987532,yfinance,False
2025-08-15,419.34893798828125,439.3999938964844,441.3999938964844,433.20001220703125,435.0,5382653,yfinance,False
2025-08-18,419.5398254394531,439.6000061035156,444.0,438.3999938964844,441.0,4533380,yfinance,False
2025-08-19,414.00445556640625,433.79998779296875,443.20001220703125,432.6000061035156,440.6000061035156,4896694,yfinance,False
2025-08-20,421.06683349609375,441.20001220703125,442.3999938964844,427.20001220703125,430.0,5863255,yfinance,False
2025-08-21,422.0211486816406,442.20001220703125,447.0,439.3999938964844,445.0,5946547,yfinance,False
2025-08-22,427.5565185546875,448.0,449.0,443.3999938964844,443.3999938964844,5341910,yfinance,False
2025-08-25,441.6811218261719,462.79998779296875,466.0,453.6000061035156,454.0,11684135,yfinance,False
2025-08-26,434.61883544921875,455.3999938964844,462.20001220703125,455.3999938964844,460.0,5040946,yfinance,False
2025-08-27,427.17474365234375,447.6000061035156,458.6000061035156,446.20001220703125,457.79998779296875,7234406,yfinance,False
2025-08-28,429.27435302734375,449.79998779296875,450.79998779296875,442.0,446.0,5590449,yfinance,False
2025-08-29,430.4195861816406,451.0,454.6000061035156,450.0,453.0,3743683,yfinance,False
2025-09-01,433.2826843261719,454.0,456.0,451.79998779296875,454.6000061035156,3906220,yfinance,False
2025-09-02,429.0272521972656,443.6000061035156,450.0,440.6000061035156,448.0,4027458,yfinance,False
2025-09-03,423.2243347167969,437.6000061035156,448.0,434.0,445.0,6321176,yfinance,False
2025-09-04,418.0017395019531,432.20001220703125,442.6000061035156,431.20001220703125,439.0,5726476,yfinance,False
2025-09-05,421.2900695800781,435.6000061035156,437.6000061035156,431.0,434.0,4940181,yfinance,False
2025-09-08,421.8703308105469,436.20001220703125,437.6000061035156,432.0,437.0,3925190,yfinance,False
2025-09-09,424.1914978027344,438.6000061035156,443.3999938964844,436.79998779296875,439.0,6585385,yfinance,False
2025-09-10,429.994384765625,444.6000061035156,448.79998779296875,441.79998779296875,443.0,5388777,yfinance,False
2025-09-11,429.4140930175781,444.0,445.79998779296875,439.3999938964844,441.0,3449989,yfinance,False
2025-09-12,433.6695251464844,448.3999938964844,452.3999938964844,446.0,450.0,4212713,yfinance,False
2025-09-15,434.6366882324219,449.3999938964844,451.3999938964844,444.79998779296875,445.0,3077034,yfinance,False
2025-09-16,436.9578552246094,451.79998779296875,454.6000061035156,449.0,451.0,3931510,yfinance,False
2025-09-17,442.95416259765625,458.0,459.0,450.20001220703125,453.0,5922985,yfinance,False
2025-09-18,429.4140930175781,444.0,457.20001220703125,441.79998779296875,455.20001220703125,7957897,yfinance,False
2025-09-19,430.3812255859375,445.0,448.0,441.0,447.79998779296875,6527488,yfinance,False
2025-09-22,428.0600891113281,442.6000061035156,446.0,440.20001220703125,445.0,4193607,yfinance,False
2025-09-23,423.0309143066406,437.3999938964844,447.0,434.0,447.0,5244056,yfinance,False
2025-09-24,423.80462646484375,438.20001220703125,439.3999938964844,433.3999938964844,435.3999938964844,5155356,yfinance,False
2025-09-25,421.2900695800781,435.6000061035156,438.20001220703125,434.0,436.79998779296875,5514202,yfinance,False
2025-09-26,416.06744384765625,430.20001220703125,435.3999938964844,428.79998779296875,433.20001220703125,5578807,yfinance,False
2025-09-29,427.6732482910156,442.20001220703125,444.79998779296875,432.3999938964844,432.3999938964844,6232701,yfinance,False
2025-09-30,427.47979736328125,442.0,444.79998779296875,436.3999938964844,441.6000061035156,4933131,yfinance,False
2025-10-02,436.3775634765625,451.20001220703125,452.6000061035156,442.20001220703125,444.79998779296875,7496348,yfinance,False
2025-10-03,435.4104309082031,450.20001220703125,452.79998779296875,447.3999938964844,451.20001220703125,2736862,yfinance,False
2025-10-06,433.6695251464844,448.3999938964844,450.0,446.0,447.3999938964844,1532822,yfinance,False
2025-10-08,430.3812255859375,445.0,449.79998779296875,440.3999938964844,449.0,3671413,yfinance,False
2025-10-09,441.7936096191406,456.79998779296875,460.20001220703125,440.0,445.79998779296875,8863671,yfinance,False
2025-10-10,429.994384765625,444.6000061035156,453.79998779296875,442.3999938964844,452.0,4617428,yfinance,False
2025-10-13,418.58203125,432.79998779296875,435.3999938964844,421.6000061035156,429.0,14909392,yfinance,False
2025-10-14,406.2025146484375,420.0,435.0,418.3999938964844,433.0,11822195,yfinance,False
2025-10-15,413.74627685546875,427.79998779296875,430.3999938964844,423.20001220703125,423.20001220703125,5114416,yfinance,False
2025-10-16,410.45794677734375,424.3999938964844,431.20001220703125,421.6000061035156,427.0,4332911,yfinance,False
2025-10-17,400.3996276855469,414.0,424.3999938964844,411.0,422.6000061035156,8093205,yfinance,False
2025-10-20,411.03826904296875,425.0,428.0,422.20001220703125,426.79998779296875,4668109,yfinance,False
2025-10-21,415.1003112792969,429.20001220703125,434.79998779296875,428.0,428.0,5285162,yfinance,False
2025-10-22,408.523681640625,422.3999938964844,428.79998779296875,422.3999938964844,426.79998779296875,4156310,yfinance,False
2025-10-23,407.9433898925781,421.79998779296875,424.6000061035156,418.6000061035156,421.79998779296875,3042728,yfinance,False
2025-10-24,411.03826904296875,425.0,430.20001220703125,424.3999938964844,428.0,2689754,yfinance,False
2025-10-27,419.9360656738281,434.20001220703125,436.6000061035156,430.3999938964844,431.79998779296875,5555573,yfinance,False
2025-10-28,418.1951599121094,432.3999938964844,436.3999938964844,431.0,436.0,3147448,yfinance,False
2025-10-30,418.1951599121094,432.3999938964844,437.0,429.6000061035156,436.79998779296875,5957582,yfinance,False
2025-10-31,409.68426513671875,423.6000061035156,432.0,421.0,431.0,5685831,yfinance,False
2025-11-03,414.7134094238281,428.79998779296875,428.79998779296875,421.6000061035156,424.6000061035156,2971587,yfinance,False
2025-11-04,411.6185607910156,425.6000061035156,431.0,424.3999938964844,429.0,3934108,yfinance,False
2025-11-05,409.68426513671875,423.6000061035156,426.3999938964844,413.20001220703125,420.0,6657368,yfinance,False
2025-11-06,418.77545166015625,433.0,434.0,427.79998779296875,428.79998779296875,6297729,yfinance,False
2025-11-07,414.52001953125,428.6000061035156,433.20001220703125,426.6000061035156,433.20001220703125,5288774,yfinance,False
2025-11-10,421.6769104003906,436.0,436.79998779296875,429.0,430.0,5012982,yfinance,False
2025-11-11,421.0965881347656,435.3999938964844,440.20001220703125,431.79998779296875,438.79998779296875,3271978,yfinance,False
2025-11-12,423.0309143066406,437.3999938964844,438.79998779296875,434.0,438.0,3026961,yfinance,False
2025-11-13,422.2572021484375,436.6000061035156,438.20001220703125,433.3999938964844,436.6000061035156,2916061,yfinance,False
2025-11-14,411.231689453125,425.20001220703125,430.79998779296875,425.0,430.0,5829378,yfinance,False
2025-11-17,408.33026123046875,422.20001220703125,426.0,420.0,424.20001220703125,4837728,yfinance,False
2025-11-18,403.1076354980469,416.79998779296875,420.3999938964844,414.79998779296875,418.0,5566980,yfinance,False
2025-11-19,402.72076416015625,416.3999938964844,419.3999938964844,414.3999938964844,418.3999938964844,2941268,yfinance,False
2025-11-20,403.8813781738281,417.6000061035156,420.79998779296875,415.0,420.6000061035156,2843422,yfinance,False
2025-11-21,395.75732421875,409.20001220703125,412.79998779296875,407.20001220703125,410.20001220703125,6353592,yfinance,False
2025-11-24,401.56024169921875,415.20001220703125,416.79998779296875,410.0,412.20001220703125,5120092,yfinance,False
2025-11-25,401.7536315917969,415.3999938964844,420.20001220703125,414.6000061035156,420.0,2622853,yfinance,False
2025-11-26,399.62591552734375,413.20001220703125,420.0,413.20001220703125,420.0,3188838,yfinance,False
2025-11-27,398.2718811035156,411.79998779296875,416.0,411.0,412.6000061035156,3551387,yfinance,False
2025-11-28,397.4981689453125,411.0,413.6000061035156,410.3999938964844,413.0,2021076,yfinance,False
2025-12-01,399.0456237792969,412.6000061035156,414.79998779296875,411.0,411.0,2582051,yfinance,False
2025-12-02,396.7244873046875,410.20001220703125,414.6000061035156,408.79998779296875,413.3999938964844,2416460,yfinance,False
2025-12-03,390.9216003417969,404.20001220703125,410.20001220703125,403.3999938964844,408.6000061035156,3989559,yfinance,False
2025-12-04,393.0492858886719,406.3999938964844,407.0,402.20001220703125,404.0,4200405,yfinance,False
2025-12-05,394.0164489746094,407.3999938964844,408.79998779296875,401.3999938964844,402.20001220703125,3423195,yfinance,False
2025-12-08,391.3084411621094,404.6000061035156,412.6000061035156,404.20001220703125,408.3999938964844,3197267,yfinance,False
2025-12-09,388.0201110839844,401.20001220703125,404.6000061035156,399.0,403.3999938964844,4256421,yfinance,False
2025-12-10,389.56756591796875,402.79998779296875,403.20001220703125,394.0,399.0,3949986,yfinance,False
2025-12-11,387.63323974609375,400.79998779296875,405.0,400.20001220703125,403.6000061035156,2366860,yfinance,False
2025-12-12,388.60040283203125,401.79998779296875,406.6000061035156,401.79998779296875,404.3999938964844,5576007,yfinance,False
2025-12-15,390.5346984863281,403.79998779296875,406.0,399.0,401.3999938964844,3858835,yfinance,False
2025-12-16,382.9909362792969,396.0,401.6000061035156,393.79998779296875,399.6000061035156,6302511,yfinance,False
2025-12-17,385.3121032714844,398.3999938964844,400.0,392.79998779296875,395.0,3460196,yfinance,False
2025-12-18,388.60040283203125,401.79998779296875,403.3999938964844,395.0,395.0,3423972,yfinance,False
2025-12-19,393.62957763671875,407.0,407.0,402.79998779296875,404.6000061035156,3281541,yfinance,False
2025-12-22,393.62957763671875,407.0,409.6000061035156,401.0,401.0,3071851,yfinance,False
2025-12-23,394.2098693847656,407.6000061035156,412.3999938964844,407.0,410.6000061035156,4581011,yfinance,False
2025-12-24,397.30474853515625,410.79998779296875,410.79998779296875,410.79998779296875,410.79998779296875,0,yfinance,False
2025-12-29,394.7901611328125,408.20001220703125,416.3999938964844,408.20001220703125,410.0,3564631,yfinance,False
2025-12-30,395.1770324707031,408.6000061035156,410.79998779296875,404.0,407.3999938964844,2919071,yfinance,False
2025-12-31,394.4033203125,407.79998779296875,407.79998779296875,407.79998779296875,407.79998779296875,0,yfinance,False
2026-01-02,402.1404724121094,415.79998779296875,416.79998779296875,406.6000061035156,409.0,3592360,yfinance,False
2026-01-05,406.39593505859375,420.20001220703125,421.20001220703125,414.20001220703125,416.79998779296875,5966386,yfinance,False
2026-01-06,418.1951599121094,432.3999938964844,433.79998779296875,422.6000061035156,424.79998779296875,9937060,yfinance,False
2026-01-07,416.06744384765625,430.20001220703125,431.3999938964844,426.6000061035156,429.0,4114142,yfinance,False
2026-01-08,411.231689453125,425.20001220703125,429.3999938964844,421.20001220703125,428.3999938964844,4720328,yfinance,False
2026-01-09,412.7791442871094,426.79998779296875,427.0,422.6000061035156,425.20001220703125,2784013,yfinance,False
2026-01-12,412.1988525390625,426.20001220703125,428.0,418.20001220703125,427.79998779296875,4506490,yfinance,False
2026-01-13,417.6148376464844,431.79998779296875,438.20001220703125,429.0,430.0,6518576,yfinance,False
2026-01-14,420.51629638671875,434.79998779296875,438.3999938964844,431.3999938964844,435.0,7276953,yfinance,False
2026-01-15,424.1914978027344,438.6000061035156,439.79998779296875,434.20001220703125,436.79998779296875,6027499,yfinance,False
2026-01-16,423.998046875,438.3999938964844,442.0,436.0,439.6000061035156,3234803,yfinance,False
2026-01-19,417.6148376464844,431.79998779296875,435.0,430.0,434.3999938964844,2942636,yfinance,False
2026-01-20,412.9725646972656,427.0,431.0,426.20001220703125,430.0,3700867,yfinance,False
2026-01-21,413.3594055175781,427.3999938964844,428.20001220703125,421.6000061035156,421.6000061035156,3019751,yfinance,False
2026-01-22,412.39227294921875,426.3999938964844,430.3999938964844,424.3999938964844,428.3999938964844,2439004,yfinance,False
2026-01-23,408.1368103027344,422.0,431.3999938964844,417.20001220703125,430.0,5944903,yfinance,False
2026-01-26,409.10394287109375,423.0,426.6000061035156,420.3999938964844,424.3999938964844,3461517,yfinance,False
2026-01-27,416.2608337402344,430.3999938964844,431.79998779296875,423.0,423.0,4713965,yfinance,False
2026-01-28,424.77178955078125,439.20001220703125,440.79998779296875,430.3999938964844,432.6000061035156,7848056,yfinance,False
2026-01-29,429.6075134277344,444.20001220703125,444.79998779296875,434.20001220703125,434.6000061035156,7243158,yfinance,False
2026-01-30,418.0017395019531,432.20001220703125,442.6000061035156,429.0,438.0,6051744,yfinance,False
2026-02-02,410.2645568847656,424.20001220703125,430.0,420.20001220703125,430.0,5654965,yfinance,False
2026-02-03,408.1368103027344,422.0,425.20001220703125,415.0,424.20001220703125,5866482,yfinance,False
2026-02-04,406.39593505859375,420.20001220703125,424.6000061035156,416.0,422.0,3748322,yfinance,False
2026-02-05,400.7864990234375,414.3999938964844,417.0,409.3999938964844,415.0,7204623,yfinance,False
2026-02-06,394.2098693847656,407.6000061035156,410.6000061035156,406.3999938964844,408.20001220703125,7417464,yfinance,False
2026-02-09,404.8485107421875,418.6000061035156,420.0,414.20001220703125,414.6000061035156,4200519,yfinance,False
2026-02-10,403.4945068359375,417.20001220703125,423.0,416.0,422.0,3091696,yfinance,False
2026-02-11,404.2682189941406,418.0,420.6000061035156,417.3999938964844,420.0,1963348,yfinance,False
2026-02-12,400.3996276855469,414.0,417.6000061035156,410.3999938964844,416.3999938964844,3266535,yfinance,False
2026-02-13,391.88873291015625,405.20001220703125,408.6000061035156,403.20001220703125,403.20001220703125,8865258,yfinance,False
2026-02-16,395.3704528808594,408.79998779296875,408.79998779296875,408.79998779296875,408.79998779296875,0,yfinance,False
2026-02-20,394.4033203125,407.79998779296875,411.79998779296875,406.3999938964844,410.0,3879006,yfinance,False
2026-02-23,404.07476806640625,417.79998779296875,418.79998779296875,414.20001220703125,416.6000061035156,4059158,yfinance,False
2026-02-24,400.01275634765625,413.6000061035156,416.0,410.3999938964844,416.0,4006411,yfinance,False
2026-02-25,398.6587829589844,412.20001220703125,418.3999938964844,411.20001220703125,415.79998779296875,4338287,yfinance,False
2026-02-26,401.7536315917969,415.3999938964844,416.79998779296875,406.6000061035156,416.0,8347844,yfinance,False
2026-02-27,405.2353820800781,419.0,421.3999938964844,415.0,415.3999938964844,5886748,yfinance,False
2026-03-02,397.4981689453125,411.0,415.3999938964844,407.0,412.20001220703125,5733059,yfinance,False
2026-03-03,395.95074462890625,409.3999938964844,420.0,408.6000061035156,420.0,4789309,yfinance,False
2026-03-04,391.5018310546875,404.79998779296875,408.3999938964844,398.3999938964844,408.0,8824720,yfinance,False
2026-03-05,394.0164489746094,407.3999938964844,414.6000061035156,406.0,409.0,6799645,yfinance,False
2026-03-06,401.36676025390625,415.0,416.0,403.6000061035156,407.0,5327704,yfinance,False
2026-03-09,393.62957763671875,407.0,407.6000061035156,399.6000061035156,402.0,7514150,yfinance,False
2026-03-10,402.91424560546875,416.6000061035156,416.6000061035156,410.0,412.79998779296875,5820906,yfinance,False
2026-03-11,404.2111511230469,411.3999938964844,416.6000061035156,409.0,413.79998779296875,3011930,yfinance,False
2026-03-12,399.29852294921875,406.3999938964844,410.3999938964844,403.0,407.6000061035156,4109636,yfinance,False
2026-03-13,394.3858947753906,401.3999938964844,405.3999938964844,400.20001220703125,403.3999938964844,3234997,yfinance,False
2026-03-16,399.1020202636719,406.20001220703125,407.6000061035156,398.3999938964844,401.3999938964844,5443139,yfinance,False
2026-03-17,397.3334655761719,404.3999938964844,412.79998779296875,403.6000061035156,406.6000061035156,4666977,yfinance,False
2026-03-18,395.76141357421875,402.79998779296875,406.0,400.79998779296875,404.3999938964844,3641560,yfinance,False
2026-03-19,391.63482666015625,398.6000061035156,399.6000061035156,396.6000061035156,398.3999938964844,4273349,yfinance,False
2026-03-20,389.08026123046875,396.0,401.0,395.20001220703125,398.6000061035156,4416051,yfinance,False
2026-03-23,375.9143981933594,382.6000061035156,390.0,379.0,387.79998779296875,10938196,yfinance,False
2026-03-24,384.75714111328125,391.6000061035156,391.6000061035156,385.79998779296875,389.20001220703125,5441353,yfinance,False
2026-03-25,391.0452880859375,398.0,403.0,393.20001220703125,394.0,4488853,yfinance,False
2026-03-26,383.7746276855469,390.6000061035156,397.6000061035156,389.6000061035156,397.6000061035156,3501779,yfinance,False
2026-03-27,383.5780944824219,390.3999938964844,392.3999938964844,387.6000061035156,390.6000061035156,2860204,yfinance,False
2026-03-30,375.7178955078125,382.3999938964844,384.20001220703125,379.0,382.0,4574428,yfinance,False
2026-03-31,381.8095703125,388.6000061035156,388.79998779296875,383.79998779296875,385.3999938964844,4259147,yfinance,False
2026-04-01,393.4033508300781,400.3999938964844,403.79998779296875,397.6000061035156,398.6000061035156,6870429,yfinance,False
2026-04-02,389.08026123046875,396.0,400.6000061035156,393.20001220703125,400.3999938964844,2452688,yfinance,False
2026-04-08,405.19366455078125,412.3999938964844,414.3999938964844,406.20001220703125,409.6000061035156,10315187,yfinance,False
2026-04-09,401.06707763671875,408.20001220703125,409.6000061035156,405.6000061035156,409.6000061035156,4120012,yfinance,False
2026-04-10,401.2635803222656,408.3999938964844,414.20001220703125,406.3999938964844,408.20001220703125,4117884,yfinance,False
2026-04-13,398.708984375,405.79998779296875,405.79998779296875,400.0,404.3999938964844,3239791,yfinance,False
2026-04-14,400.0845642089844,407.20001220703125,411.20001220703125,405.3999938964844,409.6000061035156,2806257,yfinance,False
2026-04-15,406.7657165527344,414.0,414.3999938964844,411.0,411.20001220703125,5300602,yfinance,False
2026-04-16,404.0146484375,411.20001220703125,416.20001220703125,408.3999938964844,415.20001220703125,4069351,yfinance,False
2026-04-17,401.4600830078125,408.6000061035156,409.79998779296875,405.6000061035156,408.0,3095149,yfinance,False
2026-04-20,404.40765380859375,411.6000061035156,412.6000061035156,407.6000061035156,410.0,3204263,yfinance,False
2026-04-21,409.9098205566406,417.20001220703125,418.6000061035156,413.6000061035156,415.0,5513809,yfinance,False
2026-04-22,409.3202819824219,416.6000061035156,417.0,413.3999938964844,415.3999938964844,2847612,yfinance,False
2026-04-23,404.9971923828125,412.20001220703125,416.0,411.20001220703125,415.3999938964844,2970861,yfinance,False
2026-04-24,404.40765380859375,411.6000061035156,412.79998779296875,406.6000061035156,409.6000061035156,2990736,yfinance,False
2026-04-27,404.8006591796875,412.0,414.0,407.6000061035156,409.79998779296875,2304950,yfinance,False
2026-04-28,400.4775695800781,407.6000061035156,414.79998779296875,407.20001220703125,409.6000061035156,3549511,yfinance,False
2026-04-29,412.46435546875,419.79998779296875,421.20001220703125,408.0,410.0,6339342,yfinance,False
2026-04-30,405.19366455078125,412.3999938964844,427.79998779296875,411.0,422.0,6773830,yfinance,False
2026-05-04,407.74822998046875,415.0,420.0,414.0,417.3999938964844,2689203,yfinance,False
2026-05-05,410.892333984375,418.20001220703125,418.79998779296875,409.3999938964844,415.0,1890226,yfinance,False
2026-05-06,413.83990478515625,421.20001220703125,421.6000061035156,416.79998779296875,418.79998779296875,3729752,yfinance,False
2026-05-07,419.5385437011719,427.0,427.0,421.20001220703125,424.6000061035156,5723962,yfinance,False
2026-05-08,416.7875061035156,424.20001220703125,426.0,421.0,421.3999938964844,3393723,yfinance,False
2026-05-11,417.96649169921875,425.3999938964844,425.3999938964844,420.20001220703125,423.0,3968122,yfinance,False
2026-05-12,416.39447021484375,423.79998779296875,428.3999938964844,421.79998779296875,427.79998779296875,3745000,yfinance,False
2026-05-13,416.39447021484375,423.79998779296875,425.20001220703125,420.0,424.0,2891212,yfinance,False
2026-05-14,416.1979675292969,423.6000061035156,431.0,422.3999938964844,430.0,3553725,yfinance,False
2026-05-15,409.123779296875,416.3999938964844,425.0,414.0,424.20001220703125,4441144,yfinance,False
2026-05-18,402.8356018066406,410.0,416.0,408.6000061035156,416.0,4000393,yfinance,False
2026-05-19,402.8356018066406,410.0,412.6000061035156,408.0,412.6000061035156,3476500,yfinance,False
2026-05-20,404.0146484375,411.20001220703125,412.3999938964844,407.0,408.0,2305275,yfinance,False
2026-05-21,400.2810363769531,407.3999938964844,417.3999938964844,405.3999938964844,412.20001220703125,4058695,yfinance,False
2026-05-22,402.0495910644531,409.20001220703125,413.6000061035156,407.79998779296875,412.0,3134725,yfinance,False
2026-05-26,398.51251220703125,405.6000061035156,413.20001220703125,405.0,408.0,4356490,yfinance,False
2026-05-27,395.17193603515625,402.20001220703125,406.79998779296875,401.0,405.79998779296875,4319453,yfinance,False
2026-05-28,389.2767639160156,396.20001220703125,401.79998779296875,394.0,400.6000061035156,6999876,yfinance,False
2026-05-29,392.8138427734375,399.79998779296875,401.0,397.0,398.0,6580590,yfinance,False
2026-06-01,393.2068786621094,400.20001220703125,403.3999938964844,396.79998779296875,396.79998779296875,3532432,yfinance,False
2026-06-02,403.2286071777344,410.3999938964844,411.0,398.3999938964844,402.0,4652632,yfinance,False
2026-06-03,402.24609375,409.3999938964844,411.0,406.6000061035156,410.6000061035156,3369317,yfinance,False
2026-06-04,393.7963562011719,400.79998779296875,408.3999938964844,400.0,408.3999938964844,3900024,yfinance,False
2026-06-05,389.4732666015625,396.3999938964844,400.3999938964844,396.0,398.79998779296875,5668650,yfinance,False
2026-06-08,380.0409851074219,386.79998779296875,390.3999938964844,382.6000061035156,390.0,7766145,yfinance,False
2026-06-09,377.2899475097656,384.0,387.3999938964844,383.20001220703125,385.0,4190114,yfinance,False
2026-06-10,376.3074035644531,383.0,384.0,379.20001220703125,383.0,6785945,yfinance,False
2026-06-11,367.4646911621094,374.0,384.0,369.0,382.0,10151172,yfinance,False
2026-06-12,373.9493713378906,380.6000061035156,382.6000061035156,377.0,379.0,8016463,yfinance,False
2026-06-15,380.0409851074219,386.79998779296875,388.79998779296875,383.3999938964844,385.0,5487434,yfinance,False
2026-06-16,379.2550048828125,386.0,389.79998779296875,384.0,387.20001220703125,5360883,yfinance,False
2026-06-17,376.7004089355469,383.3999938964844,388.3999938964844,383.3999938964844,385.79998779296875,4367946,yfinance,False
2026-06-18,368.2507019042969,374.79998779296875,381.3999938964844,372.0,378.3999938964844,7948843,yfinance,False
2026-06-22,371.00177001953125,377.6000061035156,380.0,369.79998779296875,380.0,5585765,yfinance,False
2026-06-23,364.51708984375,371.0,377.6000061035156,369.0,377.0,5157918,yfinance,False
2026-06-24,364.713623046875,371.20001220703125,374.20001220703125,366.20001220703125,372.79998779296875,6243182,yfinance,False
2026-06-25,360.1940002441406,366.6000061035156,373.6000061035156,365.79998779296875,370.20001220703125,6022078,yfinance,False
2026-06-26,355.8708801269531,362.20001220703125,368.0,360.6000061035156,365.79998779296875,6263660,yfinance,False
2026-06-29,360.5870056152344,367.0,369.20001220703125,360.0,361.0,4906988,yfinance,False
2026-06-30,356.6568908691406,363.0,370.0,360.20001220703125,366.0,5720632,yfinance,False
2026-07-02,361.176513671875,367.6000061035156,371.6000061035156,363.6000061035156,367.0,4182160,yfinance,False
2026-07-03,368.44720458984375,375.0,375.79998779296875,371.6000061035156,372.6000061035156,3572849,yfinance,False
2026-07-06,369.8227233886719,376.3999938964844,379.6000061035156,375.3999938964844,378.20001220703125,2808209,yfinance,False
2026-07-07,369.23321533203125,375.79998779296875,377.79998779296875,374.20001220703125,375.20001220703125,2536581,yfinance,False
2026-07-08,374.1458435058594,380.79998779296875,382.79998779296875,374.20001220703125,374.6000061035156,4988178,yfinance,False
2026-07-09,373.7528381347656,380.3999938964844,383.20001220703125,377.3999938964844,381.6000061035156,3615539,yfinance,False
2026-07-10,378.2724609375,385.0,392.79998779296875,381.0,383.0,6580844,yfinance,False
2026-07-13,380.8270263671875,387.6000061035156,391.20001220703125,383.79998779296875,383.79998779296875,2965388,yfinance,False
2026-07-14,382.20257568359375,389.0,389.6000061035156,380.79998779296875,387.3999938964844,3253948,yfinance,False
2026-07-15,386.5256652832031,393.3999938964844,394.0,388.0,392.0,5125177,yfinance,False
2026-07-16,389.2767639160156,396.20001220703125,399.6000061035156,394.0,397.0,4204801,yfinance,False
2026-07-17,384.1676330566406,391.0,399.79998779296875,388.20001220703125,397.79998779296875,5890514,yfinance,False
2026-07-20,390.4557800292969,397.3999938964844,397.3999938964844,390.3999938964844,393.79998779296875,3566607,yfinance,False
2026-07-21,392.6173400878906,399.6000061035156,402.0,396.0,399.0,4337713,yfinance,False
2026-07-22,393.5998840332031,400.6000061035156,400.6000061035156,393.3999938964844,397.0,3726608,yfinance,False
2026-07-23,399.1020202636719,406.20001220703125,409.20001220703125,401.0,403.3999938964844,6438269,yfinance,False
2026-07-24,392.02783203125,399.0,402.0,395.20001220703125,400.0,4436239,yfinance,False
2026-07-27,393.4033508300781,400.3999938964844,403.0,395.79998779296875,397.0,2593252,yfinance,False
2026-07-28,396.9404602050781,404.0,404.0,398.3999938964844,400.3999938964844,2861703,yfinance,False
2026-07-29,400.6740417480469,407.79998779296875,408.0,404.3999938964844,405.0,3950245,yfinance,False
2026-07-30,400.0845642089844,407.20001220703125,408.6000061035156,403.20001220703125,407.79998779296875,3582354,yfinance,False
2026-07-31,401.4600830078125,408.6000061035156,409.0,403.20001220703125,406.79998779296875,3041787,yfinance,False
2026-08-03,401.85308837890625,409.0,410.3999938964844,405.20001220703125,405.20001220703125,2469232,yfinance,False
2026-08-04,400.8705749511719,408.0,411.0,406.0,407.79998779296875,3607681,yfinance,False
2026-08-05,407.355224609375,414.6000061035156,414.6000061035156,408.79998779296875,410.20001220703125,4877275,yfinance,False
2026-08-06,402.8356018066406,410.0,410.0,405.6000061035156,409.6000061035156,4335360,yfinance,False
2026-08-07,404.40765380859375,411.6000061035156,413.0,407.6000061035156,409.0,2834288,yfinance,False
2026-08-10,409.51678466796875,416.79998779296875,416.79998779296875,411.79998779296875,414.0,4026940,yfinance,False
2026-08-11,398.31597900390625,405.3999938964844,418.0,404.79998779296875,418.0,4385595,yfinance,False
2026-08-12,399.4950256347656,406.6000061035156,407.0,400.6000061035156,405.3999938964844,2638644,yfinance,False
2026-08-13,401.06707763671875,408.20001220703125,410.79998779296875,403.0,405.0,2959034,yfinance,False
2026-08-14,399.29852294921875,406.3999938964844,408.0,403.6000061035156,403.6000061035156,2486918,yfinance,False
2026-08-17,399.1020202636719,406.20001220703125,409.3999938964844,405.3999938964844,407.79998779296875,2259609,yfinance,False
2026-08-18,397.9229736328125,405.0,405.6000061035156,401.6000061035156,405.0,2969622,yfinance,False
2026-08-19,407.355224609375,414.6000061035156,414.79998779296875,402.3999938964844,405.0,4798907,yfinance,False
2026-08-20,410.4992980957031,417.79998779296875,419.79998779296875,413.6000061035156,418.0,4547450,yfinance,False
2026-08-21,413.6434020996094,421.0,423.0,417.0,418.0,5219503,yfinance,False
2026-08-24,410.4992980957031,417.79998779296875,421.20001220703125,415.79998779296875,420.20001220703125,3530752,yfinance,False
2026-08-25,410.4992980957031,417.79998779296875,420.3999938964844,415.6000061035156,418.20001220703125,1823637,yfinance,False
2026-08-26,413.4468688964844,420.79998779296875,422.6000061035156,417.79998779296875,417.79998779296875,3308530,yfinance,False
2026-08-27,414.82244873046875,422.20001220703125,422.20001220703125,417.6000061035156,420.79998779296875,2212156,yfinance,False
2026-08-28,416.5909729003906,424.0,426.0,420.20001220703125,422.20001220703125,4179918,yfinance,False
2026-08-31,417.77001953125,425.20001220703125,425.20001220703125,419.6000061035156,421.79998779296875,4023783,yfinance,False
2026-09-01,405.6000061035156,405.6000061035156,417.20001220703125,404.0,417.20001220703125,5303894,yfinance,False
2026-09-02,404.3999938964844,404.3999938964844,404.3999938964844,398.3999938964844,403.20001220703125,3724134,yfinance,False
2026-09-03,403.3999938964844,403.3999938964844,409.6000061035156,402.0,408.0,2389483,yfinance,False
2026-09-04,408.79998779296875,408.79998779296875,412.3999938964844,408.3999938964844,408.79998779296875,3586406,yfinance,False
2026-09-07,404.0,404.0,409.79998779296875,403.6000061035156,408.79998779296875,1761452,yfinance,False
2026-09-08,402.0,402.0,403.3999938964844,400.3999938964844,400.79998779296875,1743699,yfinance,False
2026-09-09,400.3999938964844,400.3999938964844,402.6000061035156,399.6000061035156,401.79998779296875,2210836,yfinance,False
2026-09-10,397.0,397.0,399.6000061035156,395.6000061035156,399.6000061035156,2784343,yfinance,False
2026-09-11,392.6000061035156,392.6000061035156,394.20001220703125,389.0,391.0,3729107,yfinance,False
2026-09-14,397.3999938964844,397.3999938964844,397.6000061035156,391.0,392.6000061035156,3229089,yfinance,False
2026-09-15,393.79998779296875,393.79998779296875,397.3999938964844,393.79998779296875,397.3999938964844,2913036,yfinance,False
2026-09-16,395.6000061035156,395.6000061035156,396.79998779296875,393.0,395.3999938964844,2108865,yfinance,False
2026-09-17,388.6000061035156,388.6000061035156,392.3999938964844,384.20001220703125,391.3999938964844,6134905,yfinance,False
2026-09-18,388.0,388.0,392.6000061035156,387.79998779296875,391.79998779296875,4061874,yfinance,False
2026-09-21,391.20001220703125,391.20001220703125,391.6000061035156,387.3999938964844,388.3999938964844,2604581,yfinance,False
2026-09-22,397.3999938964844,397.3999938964844,397.3999938964844,392.79998779296875,393.0,3305012,yfinance,False
2026-09-23,395.79998779296875,395.79998779296875,397.0,394.0,396.0,1427287,yfinance,False
2026-09-24,393.3999938964844,393.3999938964844,393.79998779296875,390.20001220703125,390.79998779296875,1630895,yfinance,False
2026-09-25,388.3999938964844,388.3999938964844,393.0,386.20001220703125,393.0,3312729,yfinance,False
2026-09-28,388.6000061035156,388.6000061035156,392.3999938964844,388.20001220703125,388.3999938964844,2655471,yfinance,False
2026-09-29,386.79998779296875,386.79998779296875,390.79998779296875,386.79998779296875,390.6000061035156,2907533,yfinance,False
2026-09-30,387.79998779296875,387.79998779296875,388.6000061035156,384.0,386.0,2741911,yfinance,False
2026-10-02,375.79998779296875,375.79998779296875,383.0,374.79998779296875,382.0,8715666,yfinance,False
2026-10-05,378.0,378.0,379.20001220703125,373.0,376.0,2714644,yfinance,False
2026-10-06,380.0,380.0,382.0,378.3999938964844,381.3999938964844,1841202,yfinance,False
2026-10-07,379.0,379.0,381.0,376.0,378.0,1880639,yfinance,False
2026-10-08,377.3999938964844,377.3999938964844,380.79998779296875,377.0,377.0,639350,yfinance,False
