Date,Adj Close,Close,High,Low,Open,Volume,source,is_stale
2010-01-04,29.772212982177734,72.3499984741211,73.55000305175781,72.0,72.8499984741211,14919781,yfinance,False
2010-01-05,30.019105911254883,72.94999694824219,73.80000305175781,72.6500015258789,73.80000305175781,21635263,yfinance,False
2010-01-06,30.204282760620117,73.4000015258789,73.5,72.94999694824219,73.4000015258789,18241894,yfinance,False
2010-01-07,30.142555236816406,73.25,73.5,72.55000305175781,73.5,16102030,yfinance,False
2010-01-08,30.6363582611084,74.44999694824219,75.0,73.30000305175781,73.5999984741211,34688790,yfinance,False
2010-01-11,30.80097007751465,74.8499984741211,75.75,74.55000305175781,74.6500015258789,20804754,yfinance,False
2010-01-12,31.541671752929688,76.6500015258789,76.80000305175781,74.5999984741211,75.44999694824219,40842717,yfinance,False
2010-01-13,31.829721450805664,77.3499984741211,77.55000305175781,75.9000015258789,76.0,56450523,yfinance,False
2010-01-14,32.673301696777344,79.4000015258789,79.9000015258789,78.5,78.94999694824219,76364793,yfinance,False
2010-01-15,32.467552185058594,78.9000015258789,79.19999694824219,78.0,78.4000015258789,40379234,yfinance,False
2010-01-18,31.644542694091797,76.9000015258789,78.0,76.80000305175781,78.0,28470077,yfinance,False
2010-01-19,31.953166961669922,77.6500015258789,78.30000305175781,77.0,77.0,24771864,yfinance,False
2010-01-20,31.45937728881836,76.44999694824219,77.25,75.5,77.0999984741211,24449009,yfinance,False
2010-01-21,30.862686157226562,75.0,76.80000305175781,74.80000305175781,75.05000305175781,21961576,yfinance,False
2010-01-22,30.656940460205078,74.5,74.94999694824219,73.5999984741211,74.0,39766415,yfinance,False
2010-01-25,30.903825759887695,75.0999984741211,75.6500015258789,73.55000305175781,73.5999984741211,22629270,yfinance,False
2010-01-26,30.36888313293457,73.80000305175781,75.25,73.5999984741211,75.25,25528035,yfinance,False
2010-01-27,30.41004753112793,73.9000015258789,74.6500015258789,73.05000305175781,73.80000305175781,16985806,yfinance,False
2010-01-28,30.69808578491211,74.5999984741211,74.80000305175781,73.5999984741211,74.44999694824219,13877544,yfinance,False
2010-01-29,30.348308563232422,73.75,74.5,72.9000015258789,73.5,22670381,yfinance,False
2010-02-01,30.759809494018555,74.75,74.8499984741211,72.69999694824219,72.80000305175781,19194461,yfinance,False
2010-02-02,31.047861099243164,75.44999694824219,75.75,74.6500015258789,74.80000305175781,19756414,yfinance,False
2010-02-03,31.47994613647461,76.5,76.5999984741211,75.19999694824219,76.19999694824219,17981977,yfinance,False
2010-02-04,30.69808578491211,74.5999984741211,76.0,74.4000015258789,75.9000015258789,15218129,yfinance,False
2010-02-05,30.389453887939453,73.8499984741211,75.3499984741211,72.9000015258789,73.30000305175781,32715637,yfinance,False
2010-02-08,31.130168914794922,75.6500015258789,75.69999694824219,73.19999694824219,73.5,32315374,yfinance,False
2010-02-09,31.274187088012695,76.0,76.44999694824219,74.75,74.8499984741211,26578141,yfinance,False
2010-02-10,30.842113494873047,74.94999694824219,77.0,74.69999694824219,77.0,23897798,yfinance,False
2010-02-11,31.39763641357422,76.30000305175781,76.44999694824219,75.1500015258789,75.6500015258789,17290528,yfinance,False
2010-02-12,31.150741577148438,75.69999694824219,76.19999694824219,75.30000305175781,75.5,11906403,yfinance,False
2010-02-17,31.582815170288086,76.75,77.30000305175781,76.55000305175781,77.0,15305941,yfinance,False
2010-02-18,31.541671752929688,76.6500015258789,77.19999694824219,76.3499984741211,76.94999694824219,10870230,yfinance,False
2010-02-19,30.656940460205078,74.5,75.8499984741211,74.30000305175781,75.80000305175781,15214588,yfinance,False
2010-02-22,31.39763641357422,76.30000305175781,76.55000305175781,75.80000305175781,76.55000305175781,12010372,yfinance,False
2010-02-23,31.685705184936523,77.0,77.25,75.1500015258789,75.4000015258789,20658615,yfinance,False
2010-02-24,31.521100997924805,76.5999984741211,77.19999694824219,75.88800048828125,75.9000015258789,13567185,yfinance,False
2010-02-25,31.45937728881836,76.44999694824219,77.1500015258789,75.55000305175781,76.5999984741211,15445902,yfinance,False
2010-02-26,31.521100997924805,76.5999984741211,77.55000305175781,76.55000305175781,77.5,17632752,yfinance,False
2010-03-01,31.809146881103516,77.30000305175781,77.8499984741211,76.75,77.5,16929607,yfinance,False
2010-03-02,31.47994613647461,76.5,77.80000305175781,76.30000305175781,77.80000305175781,21637020,yfinance,False
2010-03-03,30.718660354614258,74.6500015258789,76.4000015258789,74.5,76.4000015258789,44383579,yfinance,False
2010-03-04,29.977970123291016,72.8499984741211,73.30000305175781,72.69999694824219,73.0,56163569,yfinance,False
2010-03-05,30.019105911254883,72.94999694824219,73.55000305175781,72.5,73.5,40587305,yfinance,False
2010-03-08,30.43061065673828,73.94999694824219,74.30000305175781,73.55000305175781,73.9000015258789,26634044,yfinance,False
2010-03-09,30.471765518188477,74.05000305175781,74.80000305175781,74.0,74.4000015258789,18462409,yfinance,False
2010-03-10,30.512907028198242,74.1500015258789,74.8499984741211,73.9000015258789,74.69999694824219,13414438,yfinance,False
2010-03-11,31.006710052490234,75.3499984741211,75.69999694824219,73.94999694824219,74.19999694824219,22568736,yfinance,False
2010-03-12,31.047861099243164,75.44999694824219,75.9000015258789,74.8499984741211,75.3499984741211,16336800,yfinance,False
2010-03-15,30.883268356323242,75.05000305175781,75.4000015258789,74.1500015258789,74.4000015258789,15086638,yfinance,False
2010-03-16,30.883268356323242,75.05000305175781,75.75,74.8499984741211,75.5999984741211,13742535,yfinance,False
2010-03-17,31.068452835083008,75.5,75.94999694824219,75.0999984741211,75.0999984741211,18991092,yfinance,False
2010-03-18,31.438791275024414,76.4000015258789,77.1500015258789,74.55000305175781,75.5,43458756,yfinance,False
2010-03-19,31.500520706176758,76.55000305175781,77.1500015258789,76.44999694824219,77.0,21791451,yfinance,False
2010-03-22,30.965560913085938,75.25,76.3499984741211,74.5999984741211,75.0,17449324,yfinance,False
2010-03-23,30.94498634338379,75.19999694824219,76.0,75.0999984741211,75.5,10259567,yfinance,False
2010-03-24,30.903825759887695,75.0999984741211,76.0,75.0,76.0,11185826,yfinance,False
2010-03-25,30.574636459350586,74.30000305175781,74.5,74.0,74.5,19201593,yfinance,False
2010-03-26,30.842113494873047,74.94999694824219,75.25,73.5,73.5,21621546,yfinance,False
2010-03-29,31.006710052490234,75.3499984741211,76.30000305175781,75.19999694824219,76.30000305175781,16383197,yfinance,False
2010-03-30,30.986148834228516,75.30000305175781,76.0,75.19999694824219,76.0,13965822,yfinance,False
2010-03-31,30.739233016967773,74.69999694824219,75.94999694824219,74.55000305175781,75.30000305175781,19690926,yfinance,False
2010-04-01,31.089014053344727,75.55000305175781,75.5999984741211,75.05000305175781,75.05000305175781,23587803,yfinance,False
2010-04-07,31.438791275024414,76.4000015258789,76.5,75.6500015258789,76.19999694824219,36268746,yfinance,False
2010-04-08,31.994321823120117,77.75,77.94999694824219,76.0,76.0999984741211,39553263,yfinance,False
2010-04-09,32.63214874267578,79.30000305175781,79.4000015258789,78.0,78.0,38715038,yfinance,False
2010-04-12,32.344093322753906,78.5999984741211,80.25,78.44999694824219,79.94999694824219,30224540,yfinance,False
2010-04-13,32.714447021484375,79.5,79.75,78.25,79.19999694824219,24348575,yfinance,False
2010-04-14,32.94077682495117,80.05000305175781,80.25,79.19999694824219,80.0,21499451,yfinance,False
2010-04-15,33.187679290771484,80.6500015258789,81.19999694824219,80.55000305175781,80.80000305175781,33832268,yfinance,False
2010-04-16,32.467552185058594,78.9000015258789,80.80000305175781,78.44999694824219,80.5,34966080,yfinance,False
2010-04-19,31.953166961669922,77.6500015258789,78.5,77.19999694824219,77.75,26721208,yfinance,False
2010-04-20,33.00251388549805,80.19999694824219,80.30000305175781,78.5999984741211,78.9000015258789,27596264,yfinance,False
2010-04-21,32.488121032714844,78.94999694824219,80.05000305175781,78.30000305175781,79.19999694824219,34583977,yfinance,False
2010-04-22,32.344093322753906,78.5999984741211,78.94999694824219,77.75,78.0,17625842,yfinance,False
2010-04-23,32.323524475097656,78.55000305175781,79.19999694824219,78.44999694824219,78.5,14776356,yfinance,False
2010-04-26,32.63214874267578,79.30000305175781,80.0,79.1500015258789,80.0,13728326,yfinance,False
2010-04-27,32.385250091552734,78.69999694824219,79.55000305175781,78.5999984741211,79.30000305175781,17478622,yfinance,False
2010-04-28,32.117767333984375,78.05000305175781,78.44999694824219,77.6500015258789,77.6500015258789,14469400,yfinance,False
2010-04-29,31.6033992767334,76.80000305175781,77.80000305175781,76.69999694824219,77.75,27231794,yfinance,False
2010-04-30,31.78857421875,77.25,77.6500015258789,76.05000305175781,77.0,29165726,yfinance,False
2010-05-03,31.541671752929688,76.6500015258789,76.9000015258789,76.0,76.0,16061188,yfinance,False
2010-05-04,31.521100997924805,76.5999984741211,77.25,76.5,76.9000015258789,17861112,yfinance,False
2010-05-05,31.130168914794922,75.6500015258789,76.5,75.44999694824219,75.5,23910084,yfinance,False
2010-05-06,31.532135009765625,75.1500015258789,75.2300033569336,74.30000305175781,75.2300033569336,46322658,yfinance,False
2010-05-07,31.196460723876953,74.3499984741211,75.1500015258789,74.05000305175781,74.1500015258789,24877076,yfinance,False
2010-05-10,31.93073844909668,76.0999984741211,76.55000305175781,74.73999786376953,76.55000305175781,30125931,yfinance,False
2010-05-11,31.699970245361328,75.55000305175781,76.0999984741211,74.44999694824219,76.0999984741211,21486894,yfinance,False
2010-05-12,31.741933822631836,75.6500015258789,75.75,74.6500015258789,75.55000305175781,19782182,yfinance,False
2010-05-13,31.783893585205078,75.75,76.25,75.05000305175781,75.75,19621569,yfinance,False
2010-05-14,31.238420486450195,74.44999694824219,75.05999755859375,74.30000305175781,75.05999755859375,16155923,yfinance,False
2010-05-17,31.007661819458008,73.9000015258789,74.44999694824219,72.80000305175781,73.25,18133108,yfinance,False
2010-05-18,31.469188690185547,75.0,75.30000305175781,74.05000305175781,74.4000015258789,15124669,yfinance,False
2010-05-19,31.196460723876953,74.3499984741211,75.19999694824219,73.80000305175781,74.79199981689453,16932193,yfinance,False
2010-05-20,31.322336196899414,74.6500015258789,75.0999984741211,73.8499984741211,74.63800048828125,22649869,yfinance,False
2010-05-24,31.13351821899414,74.19999694824219,74.8499984741211,73.9000015258789,74.0530014038086,22608708,yfinance,False
2010-05-25,30.189451217651367,71.94999694824219,73.08000183105469,71.80000305175781,73.08000183105469,25680775,yfinance,False
2010-05-26,30.525127410888672,72.75,73.05000305175781,71.74600219726562,71.74600219726562,27643608,yfinance,False
2010-05-27,30.357282638549805,72.3499984741211,72.94999694824219,71.30000305175781,71.5,29343958,yfinance,False
2010-05-28,30.671979904174805,73.0999984741211,73.5999984741211,72.55000305175781,73.0999984741211,21733803,yfinance,False
2010-05-31,30.923723220825195,73.69999694824219,73.80000305175781,72.30000305175781,72.4000015258789,14308768,yfinance,False
2010-06-01,30.671979904174805,73.0999984741211,74.44999694824219,73.0,73.5,16754409,yfinance,False
2010-06-02,30.692951202392578,73.1500015258789,74.0,72.8499984741211,73.94999694824219,14514267,yfinance,False
2010-06-03,30.923723220825195,73.69999694824219,74.55000305175781,73.19999694824219,74.5,17987672,yfinance,False
2010-06-04,30.986663818359375,73.8499984741211,74.30000305175781,73.55000305175781,74.0999984741211,13006044,yfinance,False
2010-06-07,31.0915584564209,74.0999984741211,74.4000015258789,72.69999694824219,72.75,23827258,yfinance,False
2010-06-08,31.574094772338867,75.25,75.4000015258789,74.19999694824219,74.69999694824219,20374029,yfinance,False
2010-06-09,31.972698211669922,76.19999694824219,76.5,75.1500015258789,75.25,30177649,yfinance,False
2010-06-10,32.28738784790039,76.94999694824219,77.19999694824219,75.9000015258789,76.0,28629665,yfinance,False
2010-06-11,32.39228057861328,77.19999694824219,77.80000305175781,76.94999694824219,77.80000305175781,16482235,yfinance,False
2010-06-14,32.350337982177734,77.0999984741211,77.80000305175781,76.9000015258789,77.75,14521244,yfinance,False
2010-06-15,32.11955642700195,76.55000305175781,77.30000305175781,76.25,76.69999694824219,13258261,yfinance,False
2010-06-17,32.39228057861328,77.19999694824219,77.6500015258789,76.8499984741211,77.6500015258789,17374505,yfinance,False
2010-06-18,32.602081298828125,77.69999694824219,77.9000015258789,77.4000015258789,77.69999694824219,14369931,yfinance,False
2010-06-21,33.105594635009766,78.9000015258789,79.30000305175781,78.05000305175781,78.44999694824219,31551679,yfinance,False
2010-06-22,33.147552490234375,79.0,79.44999694824219,78.6500015258789,79.44999694824219,21385980,yfinance,False
2010-06-23,33.44126510620117,79.69999694824219,79.94999694824219,79.0,79.0,22518429,yfinance,False
2010-06-24,33.294410705566406,79.3499984741211,80.05000305175781,79.0,79.69999694824219,17140889,yfinance,False
2010-06-25,33.147552490234375,79.0,79.1500015258789,78.6500015258789,78.6500015258789,14659324,yfinance,False
2010-06-28,33.042659759521484,78.75,79.25,78.5999984741211,78.69999694824219,9037675,yfinance,False
2010-06-29,32.58110427856445,77.6500015258789,79.0999984741211,77.55000305175781,79.0,16740800,yfinance,False
2010-06-30,32.8118782043457,78.19999694824219,78.4000015258789,76.9000015258789,76.94999694824219,17506418,yfinance,False
2010-07-02,32.64404296875,77.80000305175781,79.0999984741211,77.4000015258789,79.0,18139320,yfinance,False
2010-07-05,32.58110427856445,77.6500015258789,78.19999694824219,76.6500015258789,76.6500015258789,6843696,yfinance,False
2010-07-06,32.70698928833008,77.94999694824219,78.25,77.5,77.69999694824219,14239752,yfinance,False
2010-07-07,32.308380126953125,77.0,77.8499984741211,76.6500015258789,77.8499984741211,15178789,yfinance,False
2010-07-08,32.7909049987793,78.1500015258789,78.80000305175781,77.69999694824219,78.69999694824219,18750879,yfinance,False
2010-07-09,33.12657165527344,78.94999694824219,79.0999984741211,78.1500015258789,78.25,13446600,yfinance,False
2010-07-12,33.33635711669922,79.44999694824219,79.5,78.80000305175781,79.0999984741211,12105765,yfinance,False
2010-07-13,33.294410705566406,79.3499984741211,79.8499984741211,79.19999694824219,79.6500015258789,12116299,yfinance,False
2010-07-14,33.210487365722656,79.1500015258789,79.9000015258789,78.9000015258789,79.8499984741211,14339562,yfinance,False
2010-07-15,32.70698928833008,77.94999694824219,79.67500305175781,77.80000305175781,79.0999984741211,15770417,yfinance,False
2010-07-16,32.32935333251953,77.05000305175781,77.94999694824219,76.80000305175781,77.69999694824219,17509101,yfinance,False
2010-07-19,32.371315002441406,77.1500015258789,77.25,76.5,76.5,9649958,yfinance,False
2010-07-20,32.43424606323242,77.30000305175781,78.44999694824219,76.8499984741211,76.8499984741211,13774929,yfinance,False
2010-07-21,32.8118782043457,78.19999694824219,78.4000015258789,77.30000305175781,77.5999984741211,10140226,yfinance,False
2010-07-22,32.916778564453125,78.44999694824219,79.0,77.6500015258789,79.0,10625483,yfinance,False
2010-07-23,32.916778564453125,78.44999694824219,79.19999694824219,77.8499984741211,79.19999694824219,17939152,yfinance,False
2010-07-26,32.6650276184082,77.8499984741211,79.0999984741211,77.6500015258789,78.75,17040095,yfinance,False
2010-07-27,33.06363296508789,78.80000305175781,78.9000015258789,78.30000305175781,78.9000015258789,12318267,yfinance,False
2010-07-28,33.189517974853516,79.0999984741211,79.44999694824219,78.55000305175781,78.80000305175781,13000253,yfinance,False
2010-07-29,32.97971725463867,78.5999984741211,79.19999694824219,78.3499984741211,79.19999694824219,11910183,yfinance,False
2010-07-30,32.958744049072266,78.55000305175781,78.75,77.94999694824219,78.5999984741211,10126699,yfinance,False
2010-08-02,33.33635711669922,79.44999694824219,79.5999984741211,78.94999694824219,79.3499984741211,15903125,yfinance,False
2010-08-03,33.189517974853516,79.0999984741211,79.80000305175781,78.75,79.80000305175781,16516876,yfinance,False
2010-08-04,34.07064437866211,81.19999694824219,81.19999694824219,79.30000305175781,79.4000015258789,34648423,yfinance,False
2010-08-05,34.40632247924805,82.0,82.55000305175781,81.19999694824219,82.0,32480520,yfinance,False
2010-08-06,34.5112190246582,82.25,83.0,81.3499984741211,81.94999694824219,24234904,yfinance,False
2010-08-09,35.140594482421875,83.75,83.8499984741211,82.1500015258789,82.44999694824219,17939584,yfinance,False
2010-08-10,34.343379974365234,81.8499984741211,83.75,81.75,83.5,23137755,yfinance,False
2010-08-11,34.44828414916992,82.0999984741211,82.69999694824219,81.8499984741211,82.19999694824219,19475493,yfinance,False
2010-08-12,35.28746032714844,84.0999984741211,84.19999694824219,80.8499984741211,81.0999984741211,27650041,yfinance,False
2010-08-13,34.6370964050293,82.55000305175781,84.0,82.0999984741211,83.9000015258789,25535593,yfinance,False
2010-08-16,35.1196174621582,83.69999694824219,84.1500015258789,81.75,81.75,24743348,yfinance,False
2010-08-17,35.28746032714844,84.0999984741211,84.1500015258789,82.94999694824219,83.8499984741211,16070207,yfinance,False
2010-08-18,35.371376037597656,84.30000305175781,84.75,83.69999694824219,83.8499984741211,23863596,yfinance,False
2010-08-19,34.301422119140625,81.75,84.80000305175781,81.55000305175781,84.69999694824219,32708049,yfinance,False
2010-08-20,34.74199295043945,82.80000305175781,83.4000015258789,79.87899780273438,81.0999984741211,27919918,yfinance,False
2010-08-23,34.38533401489258,81.94999694824219,83.44999694824219,81.80000305175781,82.6500015258789,12629279,yfinance,False
2010-08-24,33.69301986694336,80.30000305175781,81.8499984741211,80.19999694824219,81.5,19878799,yfinance,False
2010-08-25,33.483219146728516,79.80000305175781,80.25,79.4000015258789,79.9000015258789,21017952,yfinance,False
2010-08-26,33.94477081298828,80.9000015258789,81.1500015258789,79.9000015258789,79.94999694824219,20158860,yfinance,False
2010-08-27,34.23848342895508,81.5999984741211,81.8499984741211,81.0,81.5,13779198,yfinance,False
2010-08-30,33.83987045288086,80.6500015258789,81.9000015258789,80.05000305175781,81.80000305175781,20994507,yfinance,False
2010-08-31,33.210487365722656,79.1500015258789,80.6500015258789,78.69999694824219,80.30000305175781,21282229,yfinance,False
2010-09-01,33.231475830078125,79.19999694824219,79.94999694824219,78.5,79.94999694824219,21683494,yfinance,False
2010-09-02,33.46224594116211,79.75,80.6500015258789,79.4000015258789,79.80000305175781,20660053,yfinance,False
2010-09-03,34.0077018737793,81.05000305175781,81.44999694824219,79.9000015258789,80.5,21778020,yfinance,False
2010-09-06,34.112606048583984,81.30000305175781,82.05000305175781,81.05000305175781,82.0,20378507,yfinance,False
2010-09-07,34.40632247924805,82.0,82.25,81.1500015258789,81.75,19216262,yfinance,False
2010-09-08,33.105594635009766,78.9000015258789,79.19999694824219,78.5999984741211,78.5999984741211,743345134,yfinance,False
2010-09-09,33.09149932861328,77.44999694824219,77.69999694824219,77.4000015258789,77.5999984741211,52781211,yfinance,False
2010-09-10,32.68559646606445,76.5,77.5,76.44999694824219,77.44999694824219,51804937,yfinance,False
2010-09-13,33.24103546142578,77.80000305175781,77.80000305175781,76.19999694824219,76.30000305175781,54447791,yfinance,False
2010-09-14,33.28376388549805,77.9000015258789,78.19999694824219,77.80000305175781,78.0,38151841,yfinance,False
2010-09-15,33.21967315673828,77.75,78.3499984741211,77.55000305175781,78.3499984741211,25739439,yfinance,False
2010-09-16,33.24103546142578,77.80000305175781,77.9000015258789,77.5999984741211,77.6500015258789,24829223,yfinance,False
2010-09-17,33.66829299926758,78.80000305175781,78.94999694824219,78.0,78.0999984741211,37528978,yfinance,False
2010-09-20,33.924659729003906,79.4000015258789,79.5999984741211,78.5999984741211,78.6500015258789,26362932,yfinance,False
2010-09-21,33.96738052368164,79.5,80.19999694824219,79.3499984741211,80.0,32965123,yfinance,False
2010-09-22,34.09555435180664,79.80000305175781,80.30000305175781,79.6500015258789,80.05000305175781,21173604,yfinance,False
2010-09-24,34.2237434387207,80.0999984741211,80.30000305175781,79.5999984741211,79.75,26346987,yfinance,False
2010-09-27,34.35192108154297,80.4000015258789,80.94999694824219,80.1500015258789,80.94999694824219,28555267,yfinance,False
2010-09-28,33.90328598022461,79.3499984741211,80.75,79.30000305175781,80.30000305175781,21661024,yfinance,False
2010-09-29,34.09555435180664,79.80000305175781,80.25,79.5999984741211,80.25,26618198,yfinance,False
2010-09-30,33.946014404296875,79.44999694824219,79.8499984741211,79.25,79.80000305175781,20819657,yfinance,False
2010-10-04,34.30918884277344,80.30000305175781,80.69999694824219,79.9000015258789,80.5999984741211,33640531,yfinance,False
2010-10-05,34.39464569091797,80.5,80.55000305175781,79.94999694824219,80.30000305175781,20099057,yfinance,False
2010-10-06,34.97144317626953,81.8499984741211,82.0,81.55000305175781,81.8499984741211,46353908,yfinance,False
2010-10-07,35.249176025390625,82.5,82.5999984741211,81.30000305175781,82.0,28493611,yfinance,False
2010-10-08,35.03553771972656,82.0,82.9000015258789,81.94999694824219,82.0999984741211,22779613,yfinance,False
2010-10-11,35.09963607788086,82.1500015258789,82.9000015258789,81.94999694824219,82.5,21985523,yfinance,False
2010-10-12,34.715084075927734,81.25,82.25,81.05000305175781,82.1500015258789,18287285,yfinance,False
2010-10-13,35.01417541503906,81.94999694824219,82.19999694824219,81.30000305175781,82.19999694824219,21528021,yfinance,False
2010-10-14,35.612335205078125,83.3499984741211,83.5,82.05000305175781,82.75,41748828,yfinance,False
2010-10-15,35.612335205078125,83.3499984741211,83.44999694824219,82.80000305175781,82.80000305175781,39369696,yfinance,False
2010-10-18,35.16372299194336,82.30000305175781,83.80000305175781,82.1500015258789,83.19999694824219,21742842,yfinance,False
2010-10-19,35.655067443847656,83.44999694824219,83.5,82.5,82.5,26891024,yfinance,False
2010-10-20,35.14234924316406,82.25,82.80000305175781,82.05000305175781,82.80000305175781,29743663,yfinance,False
2010-10-21,34.608272552490234,81.0,82.5,80.0999984741211,82.25,46084508,yfinance,False
2010-10-22,34.35192108154297,80.4000015258789,81.80000305175781,80.19999694824219,81.19999694824219,26065526,yfinance,False
2010-10-25,34.2664680480957,80.19999694824219,81.30000305175781,80.0999984741211,80.80000305175781,27763756,yfinance,False
2010-10-26,34.2237434387207,80.0999984741211,80.5999984741211,79.9000015258789,80.5999984741211,28028310,yfinance,False
2010-10-27,33.73237609863281,78.94999694824219,80.0999984741211,78.69999694824219,79.80000305175781,29306011,yfinance,False
2010-10-28,33.604209899902344,78.6500015258789,79.6500015258789,78.5999984741211,79.5999984741211,25787743,yfinance,False
2010-10-29,33.73237609863281,78.94999694824219,79.5999984741211,78.5999984741211,79.5999984741211,26885808,yfinance,False
2010-11-01,33.86056900024414,79.25,80.0,78.69999694824219,79.5,27183087,yfinance,False
2010-11-02,33.81783676147461,79.1500015258789,79.69999694824219,78.8499984741211,79.69999694824219,18691836,yfinance,False
2010-11-03,34.01010513305664,79.5999984741211,79.94999694824219,79.1500015258789,79.5,27165141,yfinance,False
2010-11-04,34.7578239440918,81.3499984741211,81.94999694824219,80.05000305175781,80.05000305175781,62130251,yfinance,False
2010-11-05,35.16372299194336,82.30000305175781,83.0,81.8499984741211,82.80000305175781,42363806,yfinance,False
2010-11-08,35.334617614746094,82.69999694824219,82.75,82.0,82.0,19373805,yfinance,False
2010-11-09,34.92873001098633,81.75,82.75,81.6500015258789,82.3499984741211,29567009,yfinance,False
2010-11-10,34.6510009765625,81.0999984741211,81.94999694824219,80.75,81.75,25414444,yfinance,False
2010-11-11,34.544189453125,80.8499984741211,81.5999984741211,80.5999984741211,81.3499984741211,22944956,yfinance,False
2010-11-12,33.90328598022461,79.3499984741211,81.0999984741211,79.19999694824219,81.0999984741211,29473839,yfinance,False
2010-11-15,33.924659729003906,79.4000015258789,80.0999984741211,79.19999694824219,79.94999694824219,20543057,yfinance,False
2010-11-16,33.47603225708008,78.3499984741211,79.75,78.0999984741211,79.0,28187292,yfinance,False
2010-11-17,33.28376388549805,77.9000015258789,78.80000305175781,77.55000305175781,78.0999984741211,27776225,yfinance,False
2010-11-18,33.26240158081055,77.8499984741211,78.30000305175781,77.5999984741211,78.0999984741211,28856689,yfinance,False
2010-11-19,33.32648468017578,78.0,78.19999694824219,77.1500015258789,77.9000015258789,20319977,yfinance,False
2010-11-22,33.711029052734375,78.9000015258789,79.19999694824219,78.0999984741211,78.5,23247300,yfinance,False
2010-11-23,33.24103546142578,77.80000305175781,78.6500015258789,77.5,78.25,19991047,yfinance,False
2010-11-24,33.13422393798828,77.55000305175781,78.30000305175781,77.3499984741211,78.19999694824219,16345161,yfinance,False
2010-11-25,33.36920928955078,78.0999984741211,78.4000015258789,77.75,78.05000305175781,22805149,yfinance,False
2010-11-26,33.41193771362305,78.19999694824219,78.5999984741211,77.6500015258789,77.94999694824219,15860837,yfinance,False
2010-11-29,33.43330383300781,78.25,78.3499984741211,77.9000015258789,78.19999694824219,15253753,yfinance,False
2010-11-30,33.09149932861328,77.44999694824219,78.1500015258789,77.25,78.0999984741211,20428017,yfinance,False
2010-12-01,33.36920928955078,78.0999984741211,78.3499984741211,77.44999694824219,77.5999984741211,17044581,yfinance,False
2010-12-02,33.41193771362305,78.19999694824219,78.8499984741211,77.9000015258789,78.8499984741211,19273367,yfinance,False
2010-12-03,33.30512237548828,77.94999694824219,78.5999984741211,77.75,78.5999984741211,14034865,yfinance,False
2010-12-06,33.41193771362305,78.19999694824219,78.69999694824219,78.0,78.3499984741211,13693643,yfinance,False
2010-12-07,33.73237609863281,78.94999694824219,79.0,77.75,78.30000305175781,16135408,yfinance,False
2010-12-08,33.17694091796875,77.6500015258789,79.5,77.55000305175781,79.5,21028764,yfinance,False
2010-12-09,33.32648468017578,78.0,78.4000015258789,77.5999984741211,78.0,13234719,yfinance,False
2010-12-10,33.26240158081055,77.8499984741211,78.0,77.55000305175781,77.80000305175781,10883785,yfinance,False
2010-12-13,33.26240158081055,77.8499984741211,78.80000305175781,77.75,78.5,17074491,yfinance,False
2010-12-14,33.070133209228516,77.4000015258789,78.0999984741211,77.1500015258789,78.0,19759061,yfinance,False
2010-12-15,32.92058563232422,77.05000305175781,77.8499984741211,76.6500015258789,77.8499984741211,23534051,yfinance,False
2010-12-16,32.62150192260742,76.3499984741211,77.0999984741211,76.0999984741211,77.05000305175781,27370741,yfinance,False
2010-12-17,32.49332046508789,76.05000305175781,76.69999694824219,75.9000015258789,76.25,19939027,yfinance,False
2010-12-20,32.77104949951172,76.69999694824219,76.94999694824219,75.8499984741211,76.94999694824219,18319949,yfinance,False
2010-12-21,32.98467254638672,77.19999694824219,77.30000305175781,76.0999984741211,76.69999694824219,15552733,yfinance,False
2010-12-22,32.96331024169922,77.1500015258789,77.80000305175781,76.80000305175781,77.80000305175781,14472326,yfinance,False
2010-12-23,32.79240798950195,76.75,77.4000015258789,76.5,77.30000305175781,8150935,yfinance,False
2010-12-24,32.66423416137695,76.44999694824219,77.0,76.30000305175781,76.75,5762196,yfinance,False
2010-12-28,32.49332046508789,76.05000305175781,76.75,76.0,76.75,10923210,yfinance,False
2010-12-29,32.813777923583984,76.80000305175781,77.1500015258789,76.0999984741211,76.44999694824219,10880989,yfinance,False
2010-12-30,32.83512496948242,76.8499984741211,77.3499984741211,76.75,76.8499984741211,15496063,yfinance,False
2010-12-31,32.98467254638672,77.19999694824219,77.4000015258789,76.3499984741211,77.4000015258789,10961099,yfinance,False
2011-01-03,33.19830322265625,77.69999694824219,77.80000305175781,77.0,77.0,10537258,yfinance,False
2011-01-04,33.21967315673828,77.75,77.9000015258789,77.05000305175781,77.9000015258789,11171007,yfinance,False
2011-01-05,33.027400970458984,77.30000305175781,77.8499984741211,77.0,77.8499984741211,19102210,yfinance,False
2011-01-06,33.09149932861328,77.44999694824219,77.75,77.25,77.69999694824219,12537667,yfinance,False
2011-01-07,33.09149932861328,77.44999694824219,77.5,76.8499984741211,77.1500015258789,19228866,yfinance,False
2011-01-10,32.66423416137695,76.44999694824219,77.0,76.1500015258789,76.80000305175781,19866044,yfinance,False
2011-01-11,32.856502532958984,76.9000015258789,77.5999984741211,76.3499984741211,76.5,25560639,yfinance,False
2011-01-12,33.45466613769531,78.30000305175781,78.75,77.3499984741211,77.44999694824219,32664238,yfinance,False
2011-01-13,33.36920928955078,78.0999984741211,78.80000305175781,77.80000305175781,78.80000305175781,29521159,yfinance,False
2011-01-14,33.26240158081055,77.8499984741211,78.1500015258789,77.3499984741211,78.1500015258789,19711067,yfinance,False
2011-01-17,33.15558624267578,77.5999984741211,78.19999694824219,77.55000305175781,78.19999694824219,11494209,yfinance,False
2011-01-18,32.83512496948242,76.8499984741211,77.9000015258789,76.6500015258789,77.55000305175781,26681985,yfinance,False
2011-01-19,33.689659118652344,78.8499984741211,79.6500015258789,76.94999694824219,77.19999694824219,53532598,yfinance,False
2011-01-20,33.027400970458984,77.30000305175781,78.55000305175781,77.0,78.25,43398907,yfinance,False
2011-01-21,33.09149932861328,77.44999694824219,77.8499984741211,77.0999984741211,77.30000305175781,22110071,yfinance,False
2011-01-24,32.92058563232422,77.05000305175781,77.8499984741211,76.9000015258789,77.8499984741211,16633799,yfinance,False
2011-01-25,32.856502532958984,76.9000015258789,77.5,76.80000305175781,77.5,14132843,yfinance,False
2011-01-26,32.60013961791992,76.30000305175781,77.0,76.1500015258789,76.9000015258789,21410536,yfinance,False
2011-01-27,32.89923095703125,77.0,77.4000015258789,76.44999694824219,76.6500015258789,29542349,yfinance,False
2011-01-28,33.006046295166016,77.25,77.55000305175781,76.75,77.4000015258789,23609032,yfinance,False
2011-01-31,32.72831344604492,76.5999984741211,76.94999694824219,76.19999694824219,76.19999694824219,19100764,yfinance,False
2011-02-01,32.98467254638672,77.19999694824219,77.5999984741211,76.69999694824219,76.80000305175781,16069287,yfinance,False
2011-02-02,33.09149932861328,77.44999694824219,78.05000305175781,77.30000305175781,78.0,18988419,yfinance,False
2011-02-07,32.60013961791992,76.30000305175781,77.1500015258789,76.19999694824219,77.0999984741211,17392602,yfinance,False
2011-02-08,32.557411193847656,76.19999694824219,76.80000305175781,75.9000015258789,76.30000305175781,28928435,yfinance,False
2011-02-09,31.980607986450195,74.8499984741211,76.5,74.75,76.5,32927257,yfinance,False
2011-02-10,31.40380859375,73.5,74.94999694824219,73.25,74.8499984741211,31889860,yfinance,False
2011-02-11,31.2115421295166,73.05000305175781,74.30000305175781,72.5,74.1500015258789,44878980,yfinance,False
2011-02-14,31.63880157470703,74.05000305175781,74.30000305175781,73.4000015258789,73.5999984741211,27191101,yfinance,False
2011-02-15,31.382436752319336,73.44999694824219,74.75,73.3499984741211,74.75,19785485,yfinance,False
2011-02-16,31.660158157348633,74.0999984741211,74.30000305175781,73.25,73.94999694824219,19781697,yfinance,False
2011-02-17,31.382436752319336,73.44999694824219,73.94999694824219,73.19999694824219,73.80000305175781,26815885,yfinance,False
2011-02-18,31.57471466064453,73.9000015258789,74.55000305175781,73.5,73.69999694824219,24658902,yfinance,False
2011-02-21,31.531982421875,73.80000305175781,74.0,73.6500015258789,73.75,14753518,yfinance,False
2011-02-22,30.976539611816406,72.5,73.1500015258789,72.3499984741211,72.8499984741211,22378530,yfinance,False
2011-02-23,31.083362579345703,72.75,73.9000015258789,72.3499984741211,73.9000015258789,22557818,yfinance,False
2011-02-24,30.720184326171875,71.9000015258789,73.19999694824219,71.55000305175781,72.30000305175781,22962729,yfinance,False
2011-02-25,31.147445678710938,72.9000015258789,73.44999694824219,72.0,72.0,25053902,yfinance,False
2011-02-28,31.2115421295166,73.05000305175781,73.69999694824219,72.0,72.0,27582836,yfinance,False
2011-03-01,31.937881469726562,74.75,75.3499984741211,73.5999984741211,73.69999694824219,32144355,yfinance,False
2011-03-02,31.510622024536133,73.75,73.94999694824219,73.05000305175781,73.30000305175781,24599089,yfinance,False
2011-03-03,31.489248275756836,73.69999694824219,74.55000305175781,73.5,73.9000015258789,16678430,yfinance,False
2011-03-04,31.873798370361328,74.5999984741211,74.9000015258789,74.19999694824219,74.5999984741211,17127659,yfinance,False
2011-03-07,31.78834342956543,74.4000015258789,75.0999984741211,73.94999694824219,74.30000305175781,12013213,yfinance,False
2011-03-08,32.21560287475586,75.4000015258789,75.44999694824219,74.19999694824219,75.0,18734667,yfinance,False
2011-03-09,32.236968994140625,75.44999694824219,75.8499984741211,75.30000305175781,75.3499984741211,15629058,yfinance,False
2011-03-10,31.980607986450195,74.8499984741211,75.80000305175781,74.80000305175781,75.80000305175781,15689265,yfinance,False
2011-03-11,31.852426528930664,74.55000305175781,75.3499984741211,73.75,74.30000305175781,21832270,yfinance,False
2011-03-14,31.745615005493164,74.30000305175781,74.55000305175781,73.19999694824219,74.55000305175781,18631363,yfinance,False
2011-03-15,30.869731903076172,72.25,73.19999694824219,71.5,73.19999694824219,40861549,yfinance,False
2011-03-16,30.357013702392578,71.05000305175781,73.3499984741211,70.8499984741211,72.5,46191527,yfinance,False
2011-03-17,29.566577911376953,69.19999694824219,70.25,68.5,70.0999984741211,57915902,yfinance,False
2011-03-18,29.844297409057617,69.8499984741211,70.0,69.30000305175781,69.80000305175781,27895560,yfinance,False
2011-03-21,30.29292106628418,70.9000015258789,71.19999694824219,70.30000305175781,70.44999694824219,27788358,yfinance,False
2011-03-22,30.335641860961914,71.0,71.19999694824219,70.3499984741211,70.9000015258789,17613502,yfinance,False
2011-03-23,29.972476959228516,70.1500015258789,70.69999694824219,69.8499984741211,70.5999984741211,24194720,yfinance,False
2011-03-24,29.951108932495117,70.0999984741211,70.8499984741211,69.9000015258789,70.5,18970826,yfinance,False
2011-03-25,30.122024536132812,70.5,71.0999984741211,70.0999984741211,70.9000015258789,15351474,yfinance,False
2011-03-28,30.335641860961914,71.0,71.5999984741211,70.0,70.0,16767609,yfinance,False
2011-03-29,30.59200668334961,71.5999984741211,71.75,70.6500015258789,71.05000305175781,21527730,yfinance,False
2011-03-30,30.698820114135742,71.8499984741211,72.05000305175781,71.0999984741211,71.5999984741211,23031374,yfinance,False
2011-03-31,30.61337661743164,71.6500015258789,72.5,71.19999694824219,72.5,22846784,yfinance,False
2011-04-01,31.083362579345703,72.75,73.0,71.69999694824219,72.05000305175781,26223979,yfinance,False
2011-04-04,31.46788787841797,73.6500015258789,73.80000305175781,72.8499984741211,75.94999694824219,25835104,yfinance,False
2011-04-06,31.596073150634766,73.94999694824219,74.19999694824219,73.55000305175781,74.19999694824219,20060749,yfinance,False
2011-04-07,31.553346633911133,73.8499984741211,74.5,73.5999984741211,74.5,18004333,yfinance,False
2011-04-08,31.489248275756836,73.69999694824219,74.05000305175781,73.5999984741211,73.80000305175781,21126231,yfinance,False
2011-04-11,31.36107635498047,73.4000015258789,73.9000015258789,72.94999694824219,73.69999694824219,18929714,yfinance,False
2011-04-12,31.19017219543457,73.0,73.1500015258789,72.5,72.55000305175781,19286579,yfinance,False
2011-04-13,31.40380859375,73.5,73.8499984741211,73.0,73.44999694824219,14708837,yfinance,False
2011-04-14,31.19017219543457,73.0,73.1500015258789,72.6500015258789,72.6500015258789,14684610,yfinance,False
2011-04-15,31.083362579345703,72.75,73.69999694824219,72.5,73.0,15678085,yfinance,False
2011-04-18,30.933818817138672,72.4000015258789,73.25,72.05000305175781,72.30000305175781,11206292,yfinance,False
2011-04-19,30.784276962280273,72.05000305175781,72.5999984741211,71.8499984741211,72.5999984741211,14888814,yfinance,False
2011-04-20,31.019277572631836,72.5999984741211,72.6500015258789,72.05000305175781,72.0999984741211,19044789,yfinance,False
2011-04-21,30.74155044555664,71.94999694824219,72.5999984741211,71.6500015258789,72.55000305175781,28953642,yfinance,False
2011-04-26,30.762901306152344,72.0,72.44999694824219,71.75,71.94999694824219,13324711,yfinance,False
2011-04-27,30.57065200805664,71.55000305175781,72.5999984741211,71.30000305175781,72.44999694824219,21734188,yfinance,False
2011-04-28,30.506567001342773,71.4000015258789,72.0,71.25,71.69999694824219,18653601,yfinance,False
2011-04-29,30.506567001342773,71.4000015258789,71.75,70.9000015258789,71.0,15917847,yfinance,False
2011-05-03,30.442459106445312,71.25,72.30000305175781,71.0999984741211,71.9000015258789,18455366,yfinance,False
2011-05-04,30.37836456298828,71.0999984741211,72.0,70.94999694824219,72.0,16275692,yfinance,False
2011-05-05,30.48518943786621,71.3499984741211,71.69999694824219,71.0,71.0999984741211,19638393,yfinance,False
2011-05-06,30.59200668334961,71.5999984741211,71.6500015258789,71.0999984741211,71.44999694824219,19370011,yfinance,False
2011-05-09,30.59200668334961,71.5999984741211,72.0,71.5,71.94999694824219,9044325,yfinance,False
2011-05-11,30.869731903076172,72.25,72.44999694824219,71.80000305175781,72.44999694824219,15917602,yfinance,False
2011-05-12,30.869731903076172,72.25,72.4000015258789,71.6500015258789,71.94999694824219,21892724,yfinance,False
2011-05-13,30.95579719543457,70.8499984741211,71.0,70.0,71.0,23052859,yfinance,False
2011-05-16,30.497041702270508,69.80000305175781,70.9000015258789,69.6500015258789,70.30000305175781,20873521,yfinance,False
2011-05-17,30.431499481201172,69.6500015258789,70.3499984741211,69.4000015258789,70.3499984741211,14839029,yfinance,False
2011-05-18,30.234880447387695,69.19999694824219,69.5999984741211,68.8499984741211,69.4000015258789,24259778,yfinance,False
2011-05-19,30.147499084472656,69.0,69.5,68.5999984741211,69.44999694824219,21801461,yfinance,False
2011-05-20,30.256729125976562,69.25,69.30000305175781,68.8499984741211,69.0999984741211,14921069,yfinance,False
2011-05-23,29.77611541748047,68.1500015258789,69.25,68.05000305175781,69.25,23342613,yfinance,False
2011-05-24,30.27857780456543,69.30000305175781,69.44999694824219,68.19999694824219,68.19999694824219,18437990,yfinance,False
2011-05-25,30.453340530395508,69.69999694824219,69.94999694824219,69.0,69.19999694824219,19726868,yfinance,False
2011-05-26,30.497041702270508,69.80000305175781,70.0999984741211,69.5,69.5,13597077,yfinance,False
2011-05-27,30.606260299682617,70.05000305175781,70.30000305175781,69.69999694824219,70.19999694824219,16938909,yfinance,False
2011-05-30,30.540725708007812,69.9000015258789,70.19999694824219,69.6500015258789,69.80000305175781,11734229,yfinance,False
2011-05-31,31.043190002441406,71.05000305175781,71.4000015258789,70.3499984741211,70.5,22201514,yfinance,False
2011-06-01,31.239803314208984,71.5,71.94999694824219,71.05000305175781,71.5,24045649,yfinance,False
2011-06-02,30.95579719543457,70.8499984741211,71.0,70.05000305175781,70.80000305175781,15669649,yfinance,False
2011-06-03,30.628108978271484,70.0999984741211,71.25,69.94999694824219,71.25,19431766,yfinance,False
2011-06-07,30.671802520751953,70.19999694824219,71.4000015258789,70.0,71.4000015258789,15579315,yfinance,False
2011-06-08,30.628108978271484,70.0999984741211,70.25,69.4000015258789,70.0999984741211,16383673,yfinance,False
2011-06-09,30.584415435791016,70.0,70.4000015258789,69.25,69.80000305175781,15656748,yfinance,False
2011-06-10,30.518878936767578,69.8499984741211,70.5,69.25,70.0,12970219,yfinance,False
2011-06-13,30.78103256225586,70.44999694824219,70.5,69.0,69.0,12259511,yfinance,False
2011-06-14,30.584415435791016,70.0,70.5,69.55000305175781,69.55000305175781,18014712,yfinance,False
2011-06-15,30.693647384643555,70.25,70.5999984741211,70.0,70.4000015258789,14735709,yfinance,False
2011-06-16,30.497041702270508,69.80000305175781,70.30000305175781,69.3499984741211,70.30000305175781,16938585,yfinance,False
2011-06-17,30.19118881225586,69.0999984741211,70.0,68.8499984741211,70.0,20182536,yfinance,False
2011-06-20,30.27857780456543,69.30000305175781,69.8499984741211,68.8499984741211,69.8499984741211,15379195,yfinance,False
2011-06-21,30.431499481201172,69.6500015258789,70.19999694824219,69.5,70.05000305175781,14356417,yfinance,False
2011-06-22,30.518878936767578,69.8499984741211,70.1500015258789,69.5,70.0,12199747,yfinance,False
2011-06-23,30.518878936767578,69.8499984741211,70.30000305175781,69.4000015258789,69.4000015258789,11626527,yfinance,False
2011-06-24,31.98256492614746,73.19999694824219,73.30000305175781,71.5,71.5,77193296,yfinance,False
2011-06-27,31.43642234802246,71.94999694824219,73.0999984741211,71.5999984741211,72.8499984741211,41109035,yfinance,False
2011-06-28,31.392717361450195,71.8499984741211,72.5999984741211,71.19999694824219,72.5,19848727,yfinance,False
2011-06-29,31.26165199279785,71.55000305175781,72.4000015258789,71.30000305175781,71.69999694824219,14646789,yfinance,False
2011-06-30,31.458255767822266,72.0,72.5,71.8499984741211,72.4000015258789,21383028,yfinance,False
2011-07-04,31.807802200317383,72.80000305175781,73.0,72.3499984741211,72.94999694824219,21448678,yfinance,False
2011-07-05,31.76410675048828,72.69999694824219,72.94999694824219,72.5999984741211,72.9000015258789,10248673,yfinance,False
2011-07-06,31.611177444458008,72.3499984741211,72.80000305175781,72.05000305175781,72.0999984741211,12535579,yfinance,False
2011-07-07,31.69857406616211,72.55000305175781,73.05000305175781,72.19999694824219,72.80000305175781,11664268,yfinance,False
2011-07-08,32.244712829589844,73.80000305175781,73.80000305175781,73.25,73.30000305175781,20248655,yfinance,False
2011-07-11,31.873334884643555,72.94999694824219,74.3499984741211,72.69999694824219,73.0999984741211,20924598,yfinance,False
2011-07-12,31.239803314208984,71.5,72.69999694824219,71.44999694824219,72.19999694824219,23153012,yfinance,False
2011-07-13,31.633024215698242,72.4000015258789,72.44999694824219,71.25,72.0999984741211,16949590,yfinance,False
2011-07-14,31.52379608154297,72.1500015258789,72.30000305175781,71.5,71.94999694824219,13244236,yfinance,False
2011-07-15,31.392717361450195,71.8499984741211,72.30000305175781,71.6500015258789,72.0,7531382,yfinance,False
2011-07-18,31.19610595703125,71.4000015258789,72.5,71.05000305175781,71.5,12398135,yfinance,False
2011-07-19,31.611177444458008,72.3499984741211,72.44999694824219,71.30000305175781,71.8499984741211,16025240,yfinance,False
2011-07-20,32.57240295410156,74.55000305175781,74.5999984741211,72.69999694824219,72.8499984741211,42795258,yfinance,False
2011-07-21,33.22779083251953,76.05000305175781,76.44999694824219,75.3499984741211,75.80000305175781,62994775,yfinance,False
2011-07-22,33.9050178527832,77.5999984741211,77.69999694824219,76.19999694824219,76.80000305175781,50332691,yfinance,False
2011-07-25,33.53362274169922,76.75,77.4000015258789,76.4000015258789,76.94999694824219,16358961,yfinance,False
2011-07-26,34.12347412109375,78.0999984741211,78.5999984741211,76.75,77.0,36055907,yfinance,False
2011-07-27,33.99239730834961,77.80000305175781,78.3499984741211,77.69999694824219,77.80000305175781,18079119,yfinance,False
2011-07-28,33.970550537109375,77.75,78.0,76.8499984741211,76.94999694824219,19725485,yfinance,False
2011-07-29,33.883174896240234,77.55000305175781,78.6500015258789,77.05000305175781,77.0999984741211,20018524,yfinance,False
2011-08-01,33.839473724365234,77.44999694824219,78.80000305175781,77.30000305175781,78.4000015258789,17434440,yfinance,False
2011-08-02,33.53362274169922,76.75,78.1500015258789,76.55000305175781,77.5999984741211,18289669,yfinance,False
2011-08-03,32.85641098022461,75.19999694824219,75.94999694824219,75.0,75.5,23510744,yfinance,False
2011-08-04,33.59917068481445,76.9000015258789,77.0999984741211,75.6500015258789,75.69999694824219,31418704,yfinance,False
2011-08-05,32.37577819824219,74.0999984741211,75.6500015258789,73.80000305175781,74.5,48981921,yfinance,False
2011-08-08,31.851484298706055,72.9000015258789,73.30000305175781,71.9000015258789,72.9000015258789,43025352,yfinance,False
2011-08-09,30.234880447387695,69.19999694824219,72.5,68.19999694824219,69.69999694824219,51824955,yfinance,False
2011-08-10,31.720409393310547,72.5999984741211,73.55000305175781,71.55000305175781,72.8499984741211,54911309,yfinance,False
2011-08-11,32.33210372924805,74.0,74.25,71.30000305175781,72.0,33275113,yfinance,False
2011-08-12,32.31024932861328,73.94999694824219,74.5,72.80000305175781,74.5,29757412,yfinance,False
2011-08-15,32.6597900390625,74.75,74.9000015258789,74.1500015258789,74.9000015258789,19535797,yfinance,False
2011-08-16,32.637943267822266,74.69999694824219,75.9000015258789,74.1500015258789,75.9000015258789,16747669,yfinance,False
2011-08-17,33.03116989135742,75.5999984741211,75.8499984741211,75.19999694824219,75.3499984741211,24312788,yfinance,False
2011-08-18,32.83456039428711,75.1500015258789,76.1500015258789,74.5,75.80000305175781,29344182,yfinance,False
2011-08-19,33.11855697631836,75.80000305175781,76.5,74.4000015258789,74.69999694824219,46001543,yfinance,False
2011-08-22,34.079769134521484,78.0,78.19999694824219,76.30000305175781,76.5,56266267,yfinance,False
2011-08-23,34.34192657470703,78.5999984741211,78.69999694824219,77.5999984741211,78.25,40353776,yfinance,False
2011-08-24,33.926856994628906,77.6500015258789,78.80000305175781,77.55000305175781,78.19999694824219,25388245,yfinance,False
2011-08-25,34.363773345947266,78.6500015258789,79.0,78.25,79.0,26298038,yfinance,False
2011-08-26,33.99239730834961,77.80000305175781,78.94999694824219,77.69999694824219,78.94999694824219,15812378,yfinance,False
2011-08-29,34.05793762207031,77.94999694824219,78.8499984741211,77.9000015258789,78.8499984741211,14687936,yfinance,False
2011-08-30,34.34192657470703,78.5999984741211,78.8499984741211,78.0999984741211,78.8499984741211,19242786,yfinance,False
2011-08-31,34.516700744628906,79.0,79.19999694824219,78.25,78.9000015258789,14994031,yfinance,False
2011-09-01,34.93177795410156,79.94999694824219,80.4000015258789,79.5999984741211,79.9000015258789,37447302,yfinance,False
2011-09-02,34.298240661621094,78.5,80.19999694824219,78.30000305175781,80.19999694824219,14833485,yfinance,False
2011-09-05,34.05793762207031,77.94999694824219,78.19999694824219,77.5,77.5,15250181,yfinance,False
2011-09-06,34.95362091064453,80.0,80.0999984741211,77.80000305175781,78.30000305175781,26059626,yfinance,False
2011-09-07,35.34684753417969,80.9000015258789,81.1500015258789,79.19999694824219,80.0,36701084,yfinance,False
2011-09-08,35.649871826171875,80.0,80.0,78.75,80.0,24607221,yfinance,False
2011-09-09,35.4047737121582,79.44999694824219,80.6500015258789,78.80000305175781,80.0,16685808,yfinance,False
2011-09-12,34.6917839050293,77.8499984741211,78.19999694824219,77.4000015258789,77.5,16354408,yfinance,False
2011-09-14,35.60530471801758,79.9000015258789,80.0,77.80000305175781,79.0,40005411,yfinance,False
2011-09-15,35.627593994140625,79.94999694824219,80.55000305175781,78.6500015258789,80.0,31484015,yfinance,False
2011-09-16,35.315650939941406,79.25,80.5,78.94999694824219,80.5,30939388,yfinance,False
2011-09-19,35.27109146118164,79.1500015258789,79.9000015258789,78.80000305175781,79.5,19321043,yfinance,False
2011-09-20,35.71670150756836,80.1500015258789,80.19999694824219,79.0,79.44999694824219,26454985,yfinance,False
2011-09-21,35.56074142456055,79.80000305175781,80.19999694824219,79.30000305175781,80.0,19814063,yfinance,False
2011-09-22,34.58037567138672,77.5999984741211,78.5,76.80000305175781,78.25,34688430,yfinance,False
2011-09-23,33.62228775024414,75.44999694824219,76.55000305175781,74.5,76.5,45274699,yfinance,False
2011-09-26,33.68913269042969,75.5999984741211,77.5999984741211,73.69999694824219,75.46700286865234,30481747,yfinance,False
2011-09-27,34.602657318115234,77.6500015258789,77.80000305175781,75.8499984741211,76.4000015258789,30103804,yfinance,False
2011-09-28,34.31300354003906,77.0,77.4000015258789,75.80000305175781,76.0999984741211,23137457,yfinance,False
2011-09-30,34.35757064819336,77.0999984741211,77.69999694824219,76.25,77.69999694824219,32147882,yfinance,False
2011-10-03,33.51088333129883,75.19999694824219,76.5,74.75,76.5,33980832,yfinance,False
2011-10-04,32.93157196044922,73.9000015258789,75.69999694824219,73.0999984741211,74.80000305175781,25776796,yfinance,False
2011-10-06,34.00107192993164,76.30000305175781,76.69999694824219,75.0,76.25,38669324,yfinance,False
2011-10-07,32.84244918823242,73.69999694824219,76.25,72.55000305175781,75.875,47671504,yfinance,False
2011-10-10,32.6196403503418,73.19999694824219,73.69999694824219,72.0999984741211,73.69999694824219,20862485,yfinance,False
2011-10-11,32.7087516784668,73.4000015258789,75.0,72.55000305175781,74.6500015258789,28345014,yfinance,False
2011-10-12,32.55279541015625,73.05000305175781,74.5,72.5999984741211,74.05000305175781,24347043,yfinance,False
2011-10-13,32.7087516784668,73.4000015258789,73.75,72.25,73.69999694824219,26882956,yfinance,False
2011-10-14,33.60000228881836,75.4000015258789,75.9000015258789,74.0,74.80000305175781,27279494,yfinance,False
2011-10-17,33.88966369628906,76.05000305175781,76.30000305175781,74.5,76.0,18511098,yfinance,False
2011-10-18,33.48860549926758,75.1500015258789,75.44999694824219,74.44999694824219,75.30000305175781,17865305,yfinance,False
2011-10-19,33.95650100708008,76.19999694824219,76.30000305175781,74.8499984741211,75.1500015258789,12814304,yfinance,False
2011-10-20,33.53315734863281,75.25,75.9000015258789,75.0,75.75,10127708,yfinance,False
2011-10-21,33.221229553222656,74.55000305175781,75.6500015258789,73.55000305175781,75.6500015258789,11962435,yfinance,False
2011-10-24,34.00107192993164,76.30000305175781,76.6500015258789,75.5999984741211,76.6500015258789,12243680,yfinance,False
2011-10-25,33.91194152832031,76.0999984741211,76.5,75.05000305175781,76.30000305175781,14727348,yfinance,False
2011-10-26,34.00107192993164,76.30000305175781,76.6500015258789,75.19999694824219,76.05000305175781,15241711,yfinance,False
2011-10-27,33.91194152832031,76.0999984741211,76.4000015258789,75.19999694824219,75.6500015258789,25659984,yfinance,False
2011-10-28,33.26578903198242,74.6500015258789,77.0,74.0999984741211,77.0,42707279,yfinance,False
2011-10-31,33.26578903198242,74.6500015258789,75.19999694824219,74.5999984741211,74.8499984741211,18097541,yfinance,False
2011-11-01,33.46631622314453,75.0999984741211,75.5,74.69999694824219,74.9000015258789,16292695,yfinance,False
2011-11-02,34.067909240722656,76.44999694824219,76.94999694824219,74.55000305175781,75.0999984741211,21846822,yfinance,False
2011-11-03,33.26578903198242,74.6500015258789,76.0,74.4000015258789,75.80000305175781,19707257,yfinance,False
2011-11-04,33.53315734863281,75.25,76.0,74.55000305175781,76.0,24311592,yfinance,False
2011-11-07,33.221229553222656,74.55000305175781,75.5,74.44999694824219,75.0999984741211,10693615,yfinance,False
2011-11-08,33.57773208618164,75.3499984741211,75.5,74.8499984741211,75.5,12153407,yfinance,False
2011-11-09,33.86738204956055,76.0,76.3499984741211,75.6500015258789,76.0,14667380,yfinance,False
2011-11-10,33.26578903198242,74.6500015258789,75.75,74.3499984741211,74.55000305175781,21951901,yfinance,False
2011-11-11,33.7559700012207,75.75,75.94999694824219,75.5,75.94999694824219,11086889,yfinance,False
2011-11-14,34.11246871948242,76.55000305175781,76.69999694824219,76.4000015258789,76.5,12895925,yfinance,False
2011-11-15,34.09019088745117,76.5,76.69999694824219,75.0999984741211,75.0999984741211,8599094,yfinance,False
2011-11-16,34.09019088745117,76.5,78.05000305175781,75.94999694824219,78.05000305175781,12802044,yfinance,False
2011-11-17,34.13475799560547,76.5999984741211,76.6500015258789,75.94999694824219,76.4000015258789,7984673,yfinance,False
2011-11-18,33.800540924072266,75.8499984741211,76.69999694824219,75.5,76.5999984741211,11685378,yfinance,False
2011-11-21,34.02334213256836,76.3499984741211,76.94999694824219,74.8499984741211,75.0,11635613,yfinance,False
2011-11-22,33.86738204956055,76.0,76.80000305175781,75.5,76.80000305175781,10269081,yfinance,False
2011-11-23,33.377197265625,74.9000015258789,75.69999694824219,74.8499984741211,75.3499984741211,10958921,yfinance,False
2011-11-24,33.3326301574707,74.80000305175781,75.44999694824219,74.4000015258789,74.4000015258789,7541376,yfinance,False
2011-11-25,32.976139068603516,74.0,74.69999694824219,73.9000015258789,74.05000305175781,8758568,yfinance,False
2011-11-28,33.2880744934082,74.69999694824219,75.0999984741211,74.3499984741211,75.0,7615531,yfinance,False
2011-11-29,33.26578903198242,74.6500015258789,75.19999694824219,74.30000305175781,75.0999984741211,14091207,yfinance,False
2011-11-30,33.109825134277344,74.30000305175781,75.19999694824219,74.0999984741211,75.19999694824219,19649218,yfinance,False
2011-12-01,33.88966369628906,76.05000305175781,76.6500015258789,75.44999694824219,76.5,24948979,yfinance,False
2011-12-02,33.845096588134766,75.94999694824219,76.55000305175781,75.75,76.19999694824219,19738590,yfinance,False
2011-12-05,33.82282257080078,75.9000015258789,76.25,75.19999694824219,76.25,10556533,yfinance,False
2011-12-06,33.176673889160156,74.44999694824219,76.19999694824219,74.30000305175781,76.19999694824219,22610244,yfinance,False
2011-12-07,33.82282257080078,75.9000015258789,75.94999694824219,74.5999984741211,74.5999984741211,13005625,yfinance,False
2011-12-08,33.66685104370117,75.55000305175781,75.8499984741211,74.9000015258789,75.8499984741211,12365949,yfinance,False
2011-12-09,33.3326301574707,74.80000305175781,75.3499984741211,74.30000305175781,74.30000305175781,12777090,yfinance,False
2011-12-12,33.57773208618164,75.3499984741211,75.5,74.75,75.5,9644919,yfinance,False
2011-12-13,33.2880744934082,74.69999694824219,75.25,74.6500015258789,75.25,10484997,yfinance,False
2011-12-14,33.44403839111328,75.05000305175781,75.4000015258789,75.0,75.30000305175781,11485808,yfinance,False
2011-12-15,32.68647766113281,73.3499984741211,74.8499984741211,73.0,74.8499984741211,24975645,yfinance,False
2011-12-16,32.79788589477539,73.5999984741211,74.0,73.05000305175781,73.05000305175781,18261480,yfinance,False
2011-12-19,32.641910552978516,73.25,73.5,72.19999694824219,73.5,15563482,yfinance,False
2011-12-20,32.352256774902344,72.5999984741211,73.5,72.30000305175781,72.5,11717519,yfinance,False
2011-12-21,32.88700485229492,73.80000305175781,74.1500015258789,72.94999694824219,73.5,17580454,yfinance,False
2011-12-22,32.79788589477539,73.5999984741211,73.69999694824219,72.75,73.19999694824219,8618410,yfinance,False
2011-12-23,33.109825134277344,74.30000305175781,74.5,73.69999694824219,74.4000015258789,8402009,yfinance,False
2011-12-28,33.221229553222656,74.55000305175781,74.80000305175781,73.9000015258789,74.80000305175781,8816040,yfinance,False
2011-12-29,33.421756744384766,75.0,75.0,74.0,74.30000305175781,11849136,yfinance,False
2011-12-30,33.82282257080078,75.9000015258789,76.0,74.69999694824219,75.0,15230771,yfinance,False
2012-01-03,34.35757064819336,77.0999984741211,77.4000015258789,76.69999694824219,77.0,16978832,yfinance,False
2012-01-04,33.73369216918945,75.69999694824219,77.19999694824219,75.5999984741211,77.19999694824219,12883905,yfinance,False
2012-01-05,34.20159912109375,76.75,77.0,75.55000305175781,75.55000305175781,12441239,yfinance,False
2012-01-06,33.68913269042969,75.5999984741211,76.19999694824219,75.25,75.80000305175781,10165904,yfinance,False
2012-01-09,34.31300354003906,77.0,77.0999984741211,74.80000305175781,75.9000015258789,9544570,yfinance,False
2012-01-10,34.31300354003906,77.0,77.5,76.4000015258789,77.5,12512107,yfinance,False
2012-01-11,34.424407958984375,77.25,77.30000305175781,76.4000015258789,76.69999694824219,11914657,yfinance,False
2012-01-12,34.20159912109375,76.75,77.44999694824219,76.4000015258789,76.9000015258789,9579022,yfinance,False
2012-01-13,33.93422317504883,76.1500015258789,77.44999694824219,75.6500015258789,77.44999694824219,13895867,yfinance,False
2012-01-16,33.44403839111328,75.05000305175781,75.75,75.0,75.5999984741211,8365644,yfinance,False
2012-01-17,33.86738204956055,76.0,76.1500015258789,75.0999984741211,75.5,18430400,yfinance,False
2012-01-18,33.60000228881836,75.4000015258789,75.69999694824219,75.0,75.0,20015378,yfinance,False
2012-01-19,33.95650100708008,76.19999694824219,76.4000015258789,75.19999694824219,76.0,21674666,yfinance,False
2012-01-20,34.17931365966797,76.69999694824219,76.75,75.80000305175781,76.30000305175781,18601599,yfinance,False
2012-01-26,34.55810546875,77.55000305175781,77.94999694824219,77.0999984741211,77.94999694824219,24027782,yfinance,False
2012-01-27,35.20424270629883,79.0,79.0,78.30000305175781,79.0,30038425,yfinance,False
2012-01-30,34.53580856323242,77.5,79.0999984741211,77.4000015258789,78.44999694824219,19065388,yfinance,False
2012-01-31,35.33793258666992,79.30000305175781,79.44999694824219,78.30000305175781,78.55000305175781,26072694,yfinance,False
2012-02-01,35.516178131103516,79.69999694824219,79.9000015258789,79.05000305175781,79.5,17414606,yfinance,False
2012-02-02,35.583030700683594,79.8499984741211,80.0,79.0,80.0,15186174,yfinance,False
2012-02-03,35.20424270629883,79.0,79.3499984741211,78.6500015258789,78.80000305175781,13620492,yfinance,False
2012-02-06,34.602657318115234,77.6500015258789,79.94999694824219,77.19999694824219,79.94999694824219,23611662,yfinance,False
2012-02-07,34.736351013183594,77.94999694824219,78.5999984741211,77.9000015258789,78.0,12027148,yfinance,False
2012-02-08,35.159690856933594,78.9000015258789,79.5,78.19999694824219,78.19999694824219,16456708,yfinance,False
2012-02-09,34.75862121582031,78.0,78.8499984741211,77.69999694824219,78.55000305175781,24845966,yfinance,False
2012-02-10,35.09284210205078,78.75,78.9000015258789,78.0,78.30000305175781,18942401,yfinance,False
2012-02-13,35.56074142456055,79.80000305175781,79.9000015258789,78.80000305175781,78.94999694824219,20632882,yfinance,False
2012-02-14,35.56074142456055,79.80000305175781,79.80000305175781,79.05000305175781,79.75,13624940,yfinance,False
2012-02-15,36.2068977355957,81.25,81.69999694824219,79.1500015258789,79.4000015258789,36226760,yfinance,False
2012-02-16,36.29602813720703,81.44999694824219,81.5999984741211,80.5999984741211,81.0999984741211,17893635,yfinance,False
2012-02-17,36.429718017578125,81.75,82.0,81.0999984741211,81.94999694824219,16267294,yfinance,False
2012-02-20,35.93952178955078,80.6500015258789,82.0,80.44999694824219,82.0,12993814,yfinance,False
2012-02-21,36.29602813720703,81.44999694824219,81.6500015258789,79.69999694824219,79.80000305175781,16082740,yfinance,False
2012-02-22,36.3851432800293,81.6500015258789,82.05000305175781,81.3499984741211,82.0,14539803,yfinance,False
2012-02-23,36.18461608886719,81.19999694824219,81.55000305175781,80.94999694824219,81.0,13080832,yfinance,False
2012-02-24,36.29602813720703,81.44999694824219,81.5999984741211,80.69999694824219,81.5,12532500,yfinance,False
2012-02-27,36.18461608886719,81.19999694824219,82.0,80.25,81.19999694824219,10770172,yfinance,False
2012-02-28,36.54113006591797,82.0,82.19999694824219,81.05000305175781,81.19999694824219,15185553,yfinance,False
2012-02-29,36.91990280151367,82.8499984741211,82.94999694824219,81.75,82.0999984741211,18413307,yfinance,False
2012-03-01,36.27375030517578,81.4000015258789,82.9000015258789,81.19999694824219,82.5,12203373,yfinance,False
2012-03-02,36.407432556152344,81.69999694824219,82.4000015258789,81.44999694824219,82.4000015258789,11109254,yfinance,False
2012-03-05,36.05093002319336,80.9000015258789,82.5,80.4000015258789,82.0999984741211,11294094,yfinance,False
2012-03-06,35.96179962158203,80.69999694824219,81.8499984741211,80.44999694824219,80.5,14891630,yfinance,False
2012-03-07,35.516178131103516,79.69999694824219,81.05000305175781,79.6500015258789,81.0,13842580,yfinance,False
2012-03-08,36.073211669921875,80.94999694824219,81.0999984741211,79.80000305175781,79.80000305175781,18299935,yfinance,False
2012-03-09,37.521484375,84.19999694824219,84.69999694824219,81.9000015258789,82.0,53646274,yfinance,False
2012-03-12,38.969764709472656,87.44999694824219,87.5,86.19999694824219,87.0,49321638,yfinance,False
2012-03-13,38.56870651245117,86.55000305175781,87.5,86.0999984741211,87.5,24561903,yfinance,False
2012-03-14,37.521484375,84.19999694824219,86.05000305175781,83.3499984741211,85.9000015258789,44851523,yfinance,False
2012-03-15,37.722023010253906,84.6500015258789,85.55000305175781,82.5999984741211,83.19999694824219,30569899,yfinance,False
2012-03-16,37.320960998535156,83.75,84.5999984741211,83.1500015258789,83.80000305175781,17774199,yfinance,False
2012-03-20,36.22918701171875,81.30000305175781,82.5,80.8499984741211,82.5,19240751,yfinance,False
2012-03-21,37.053592681884766,83.1500015258789,84.0999984741211,82.0,82.05000305175781,28070592,yfinance,False
2012-03-22,37.16498565673828,83.4000015258789,84.4000015258789,82.6500015258789,82.94999694824219,16413860,yfinance,False
2012-03-23,37.07586669921875,83.19999694824219,83.75,82.0999984741211,82.75,16373889,yfinance,False
2012-03-26,37.14271926879883,83.3499984741211,83.75,82.44999694824219,82.9000015258789,9047121,yfinance,False
2012-03-27,37.722023010253906,84.6500015258789,84.80000305175781,83.3499984741211,84.4000015258789,16172990,yfinance,False
2012-03-28,37.54377365112305,84.25,84.6500015258789,84.0,84.0,8950578,yfinance,False
2012-03-29,37.499210357666016,84.1500015258789,84.8499984741211,83.5,84.8499984741211,11377768,yfinance,False
2012-03-30,38.07851028442383,85.44999694824219,85.69999694824219,84.5,84.94999694824219,23677116,yfinance,False
2012-04-02,37.677459716796875,84.55000305175781,86.0,83.80000305175781,86.0,13097835,yfinance,False
2012-04-03,37.655174255371094,84.5,86.44999694824219,83.8499984741211,86.44999694824219,21053383,yfinance,False
2012-04-05,37.276405334472656,83.6500015258789,84.25,82.5,82.55000305175781,10523111,yfinance,False
2012-04-10,37.25412368774414,83.5999984741211,84.05000305175781,83.0999984741211,83.0999984741211,13405899,yfinance,False
2012-04-11,37.14271926879883,83.3499984741211,83.80000305175781,82.5,82.5,10082548,yfinance,False
2012-04-12,37.45465087890625,84.05000305175781,84.1500015258789,83.19999694824219,83.80000305175781,11775112,yfinance,False
2012-04-13,37.76658630371094,84.75,84.94999694824219,84.30000305175781,84.94999694824219,8078532,yfinance,False
2012-04-16,38.12308120727539,85.55000305175781,85.80000305175781,84.5,84.80000305175781,11557863,yfinance,False
2012-04-17,38.07851028442383,85.44999694824219,86.05000305175781,84.8499984741211,86.0,8387508,yfinance,False
2012-04-18,38.25676727294922,85.8499984741211,86.0,85.0,86.0,11373563,yfinance,False
2012-04-19,38.39045333862305,86.1500015258789,86.25,85.05000305175781,85.05000305175781,7644938,yfinance,False
2012-04-20,38.969764709472656,87.44999694824219,87.5999984741211,85.80000305175781,86.25,16300295,yfinance,False
2012-04-23,37.78887176513672,84.80000305175781,87.0,84.30000305175781,87.0,22278435,yfinance,False
2012-04-24,38.01168441772461,85.30000305175781,85.44999694824219,84.0,84.19999694824219,12792299,yfinance,False
2012-04-25,37.811153411865234,84.8499984741211,85.30000305175781,84.1500015258789,85.1500015258789,12376295,yfinance,False
2012-04-26,37.722023010253906,84.6500015258789,85.44999694824219,84.0999984741211,85.44999694824219,11040588,yfinance,False
2012-04-27,37.36552047729492,83.8499984741211,84.8499984741211,83.30000305175781,84.44999694824219,11988080,yfinance,False
2012-04-30,38.30133819580078,85.94999694824219,86.0,84.30000305175781,84.69999694824219,15478794,yfinance,False
2012-05-02,38.947486877441406,87.4000015258789,88.0,86.5999984741211,86.8499984741211,20512069,yfinance,False
2012-05-03,39.68276596069336,89.05000305175781,89.1500015258789,87.30000305175781,88.0,26008907,yfinance,False
2012-05-04,39.59364318847656,88.8499984741211,89.44999694824219,88.19999694824219,88.19999694824219,19110212,yfinance,False
2012-05-07,39.30398941040039,88.19999694824219,88.80000305175781,87.5,88.0999984741211,19022542,yfinance,False
2012-05-08,38.92520523071289,87.3499984741211,88.0,86.80000305175781,87.8499984741211,12878844,yfinance,False
2012-05-09,39.4599609375,88.55000305175781,89.0,86.4000015258789,86.8499984741211,22682199,yfinance,False
2012-05-10,39.482234954833984,88.5999984741211,89.8499984741211,88.5,89.25,21254348,yfinance,False
2012-05-11,38.724674224853516,86.9000015258789,87.9000015258789,86.5,87.44999694824219,17578726,yfinance,False
2012-05-14,38.70240020751953,86.8499984741211,88.19999694824219,86.69999694824219,86.9000015258789,17022654,yfinance,False
2012-05-15,39.05889129638672,87.6500015258789,88.19999694824219,86.80000305175781,87.19999694824219,18787512,yfinance,False
2012-05-16,37.63290023803711,84.44999694824219,87.0,83.8499984741211,87.0,29453544,yfinance,False
2012-05-17,37.54377365112305,84.25,86.30000305175781,83.55000305175781,86.0999984741211,22512300,yfinance,False
2012-05-18,37.03130340576172,83.0999984741211,83.25,82.19999694824219,82.5,22678847,yfinance,False
2012-05-21,37.39409637451172,82.1500015258789,82.75,81.69999694824219,82.0,12228207,yfinance,False
2012-05-22,37.576168060302734,82.55000305175781,83.0999984741211,81.55000305175781,82.19999694824219,12980275,yfinance,False
2012-05-23,37.28029251098633,81.9000015258789,83.0,81.30000305175781,83.0,14683412,yfinance,False
2012-05-24,36.41543197631836,80.0,81.0,79.5999984741211,80.80000305175781,26561667,yfinance,False
2012-05-25,36.210601806640625,79.55000305175781,81.0,79.0999984741211,81.0,17231161,yfinance,False
2012-05-28,36.256103515625,79.6500015258789,80.0999984741211,79.4000015258789,79.5999984741211,6897416,yfinance,False
2012-05-29,36.80234146118164,80.8499984741211,80.94999694824219,79.3499984741211,79.3499984741211,11590304,yfinance,False
2012-05-30,36.02851486206055,79.1500015258789,80.3499984741211,78.5999984741211,80.3499984741211,20292035,yfinance,False
2012-05-31,35.732635498046875,78.5,78.9000015258789,78.1500015258789,78.5999984741211,16806691,yfinance,False
2012-06-01,35.45952606201172,77.9000015258789,79.0,77.8499984741211,78.19999694824219,11831286,yfinance,False
2012-06-04,34.936058044433594,76.75,77.5999984741211,76.5,77.5999984741211,14157529,yfinance,False
2012-06-05,34.913291931152344,76.69999694824219,77.55000305175781,76.5,77.5,10339448,yfinance,False
2012-06-06,35.937477111816406,78.94999694824219,79.5,77.05000305175781,77.44999694824219,16892966,yfinance,False
2012-06-07,35.75539779663086,78.55000305175781,79.5,77.75,79.44999694824219,14914707,yfinance,False
2012-06-08,35.39124298095703,77.75,78.80000305175781,77.1500015258789,78.69999694824219,10631175,yfinance,False
2012-06-11,36.07403564453125,79.25,79.5,78.6500015258789,79.5,9220255,yfinance,False
2012-06-12,36.142311096191406,79.4000015258789,79.80000305175781,78.80000305175781,78.94999694824219,11586337,yfinance,False
2012-06-13,36.27886199951172,79.69999694824219,79.80000305175781,78.9000015258789,79.0,9149849,yfinance,False
2012-06-14,35.732635498046875,78.5,79.3499984741211,78.30000305175781,79.0999984741211,8554574,yfinance,False
2012-06-15,36.41543197631836,80.0,80.6500015258789,78.0999984741211,78.0999984741211,19595869,yfinance,False
2012-06-18,37.09821701049805,81.5,81.94999694824219,81.0,81.80000305175781,11996622,yfinance,False
2012-06-19,37.50789260864258,82.4000015258789,82.44999694824219,81.5,82.0,13350711,yfinance,False
2012-06-20,37.576168060302734,82.55000305175781,82.80000305175781,82.0,82.80000305175781,14789918,yfinance,False
2012-06-21,37.3258171081543,82.0,82.3499984741211,81.80000305175781,81.94999694824219,9612478,yfinance,False
2012-06-22,36.96165466308594,81.19999694824219,81.6500015258789,80.69999694824219,81.0,10257758,yfinance,False
2012-06-25,37.39409637451172,82.1500015258789,82.94999694824219,81.3499984741211,81.69999694824219,16130511,yfinance,False
2012-06-26,37.712738037109375,82.8499984741211,83.0,82.05000305175781,82.19999694824219,15012732,yfinance,False
2012-06-27,38.122406005859375,83.75,83.9000015258789,82.94999694824219,83.5,16075634,yfinance,False
2012-06-28,37.84929275512695,83.1500015258789,84.75,82.9000015258789,84.75,15749647,yfinance,False
2012-06-29,38.57759475708008,84.75,84.94999694824219,82.4000015258789,82.5999984741211,25162190,yfinance,False
2012-07-03,39.305904388427734,86.3499984741211,86.9000015258789,85.75,86.9000015258789,20661725,yfinance,False
2012-07-04,39.07830047607422,85.8499984741211,87.0999984741211,85.75,87.0999984741211,8756579,yfinance,False
2012-07-05,39.055538177490234,85.80000305175781,86.5999984741211,85.0999984741211,86.5999984741211,11967748,yfinance,False
2012-07-06,38.98727035522461,85.6500015258789,85.80000305175781,84.9000015258789,85.0,11233735,yfinance,False
2012-07-09,38.73691940307617,85.0999984741211,86.5999984741211,84.4000015258789,84.4000015258789,11765122,yfinance,False
2012-07-10,39.12382888793945,85.94999694824219,86.4000015258789,85.6500015258789,86.4000015258789,8773620,yfinance,False
2012-07-11,39.4652214050293,86.69999694824219,86.8499984741211,85.44999694824219,85.75,12497817,yfinance,False
2012-07-12,38.57759475708008,84.75,86.0,83.80000305175781,86.0,14124617,yfinance,False
2012-07-13,38.896217346191406,85.44999694824219,85.69999694824219,84.5,85.55000305175781,11269274,yfinance,False
2012-07-16,39.01001739501953,85.69999694824219,86.5,85.4000015258789,86.5,12329587,yfinance,False
2012-07-17,39.44246292114258,86.6500015258789,87.19999694824219,85.69999694824219,85.69999694824219,10888644,yfinance,False
2012-07-18,39.2603874206543,86.25,88.0,86.0999984741211,88.0,9252836,yfinance,False
2012-07-19,39.87488555908203,87.5999984741211,87.94999694824219,87.0999984741211,87.44999694824219,15179867,yfinance,False
2012-07-20,40.170772552490234,88.25,88.5,87.69999694824219,88.5,17899091,yfinance,False
2012-07-23,39.12382888793945,85.94999694824219,87.5999984741211,85.6500015258789,87.5999984741211,14492420,yfinance,False
2012-07-24,39.4652214050293,86.69999694824219,88.1500015258789,86.1500015258789,86.25,11801228,yfinance,False
2012-07-25,39.69282150268555,87.19999694824219,87.4000015258789,85.94999694824219,86.5,14593254,yfinance,False
2012-07-26,39.94316482543945,87.75,88.19999694824219,87.0,87.19999694824219,12824664,yfinance,False
2012-07-27,40.466636657714844,88.9000015258789,89.0,88.0,88.25,14350993,yfinance,False
2012-07-30,40.96736145019531,90.0,90.0,89.30000305175781,90.0,16440182,yfinance,False
2012-07-31,41.399784088134766,90.94999694824219,91.0999984741211,90.05000305175781,90.94999694824219,19909367,yfinance,False
2012-08-01,40.83079528808594,89.69999694824219,90.3499984741211,89.5999984741211,89.94999694824219,16021752,yfinance,False
2012-08-02,40.2162971496582,88.3499984741211,89.5999984741211,88.25,89.55000305175781,14411854,yfinance,False
2012-08-03,40.05697250366211,88.0,89.0,87.30000305175781,88.8499984741211,15502130,yfinance,False
2012-08-06,40.83079528808594,89.69999694824219,90.1500015258789,89.19999694824219,89.19999694824219,12649408,yfinance,False
2012-08-07,40.512168884277344,89.0,89.25,88.30000305175781,88.69999694824219,13519103,yfinance,False
2012-08-08,40.5804443359375,89.1500015258789,89.69999694824219,88.75,89.69999694824219,8717118,yfinance,False
2012-08-09,41.035640716552734,90.1500015258789,90.94999694824219,89.69999694824219,90.0,9640526,yfinance,False
2012-08-10,41.285987854003906,90.69999694824219,91.0,90.30000305175781,91.0,11680166,yfinance,False
2012-08-13,41.24047088623047,90.5999984741211,91.5,90.30000305175781,91.5,7104561,yfinance,False
2012-08-14,42.12810516357422,92.55000305175781,92.5999984741211,90.94999694824219,91.0999984741211,19082027,yfinance,False
2012-08-15,41.62738037109375,91.44999694824219,92.0,91.0999984741211,91.80000305175781,13446794,yfinance,False
2012-08-16,39.533504486083984,86.8499984741211,90.94999694824219,86.5,90.30000305175781,39279776,yfinance,False
2012-08-17,38.07688903808594,83.6500015258789,84.69999694824219,83.30000305175781,84.3499984741211,61100436,yfinance,False
2012-08-20,37.48512649536133,82.3499984741211,83.30000305175781,82.0999984741211,83.0999984741211,43723811,yfinance,False
2012-08-21,37.712738037109375,82.8499984741211,83.3499984741211,81.80000305175781,82.19999694824219,32348437,yfinance,False
2012-08-22,37.59893035888672,82.5999984741211,83.6500015258789,82.5,83.4000015258789,18094626,yfinance,False
2012-08-23,38.16792678833008,83.8499984741211,83.9000015258789,82.5999984741211,82.6500015258789,22926862,yfinance,False
2012-08-24,37.803775787353516,83.05000305175781,83.44999694824219,82.8499984741211,83.44999694824219,19453555,yfinance,False
2012-08-27,38.03136444091797,83.55000305175781,83.9000015258789,83.05000305175781,83.3499984741211,14291801,yfinance,False
2012-08-28,38.25895690917969,84.05000305175781,84.44999694824219,83.30000305175781,83.30000305175781,12910348,yfinance,False
2012-08-29,38.16792678833008,83.8499984741211,84.69999694824219,83.5999984741211,84.69999694824219,11335159,yfinance,False
2012-08-30,37.84929275512695,83.1500015258789,83.69999694824219,83.0,83.5,11911103,yfinance,False
2012-08-31,37.68996810913086,82.80000305175781,83.1500015258789,82.55000305175781,83.1500015258789,12789251,yfinance,False
2012-09-03,37.87204360961914,83.19999694824219,83.44999694824219,82.8499984741211,83.05000305175781,10449115,yfinance,False
2012-09-04,37.73548889160156,82.9000015258789,83.3499984741211,82.69999694824219,83.0,9863221,yfinance,False
2012-09-05,37.59893035888672,82.5999984741211,82.8499984741211,82.30000305175781,82.69999694824219,18920172,yfinance,False
2012-09-06,37.84644317626953,81.5,81.5999984741211,81.0999984741211,81.0999984741211,12140123,yfinance,False
2012-09-07,38.21794509887695,82.30000305175781,82.5999984741211,81.6500015258789,81.80000305175781,19019347,yfinance,False
2012-09-10,37.93931198120117,81.69999694824219,82.75,81.19999694824219,82.69999694824219,25209051,yfinance,False
2012-09-11,38.12506866455078,82.0999984741211,82.1500015258789,81.30000305175781,81.5,18624237,yfinance,False
2012-09-12,38.47334289550781,82.8499984741211,82.94999694824219,82.3499984741211,82.5999984741211,17801037,yfinance,False
2012-09-13,37.96253967285156,81.75,82.30000305175781,81.5999984741211,81.80000305175781,22591989,yfinance,False
2012-09-14,38.6358757019043,83.19999694824219,83.30000305175781,82.19999694824219,82.19999694824219,26736791,yfinance,False
2012-09-17,38.287593841552734,82.44999694824219,83.19999694824219,82.30000305175781,83.19999694824219,25206053,yfinance,False
2012-09-18,38.6358757019043,83.19999694824219,83.44999694824219,82.55000305175781,82.9000015258789,20629300,yfinance,False
2012-09-19,39.49497604370117,85.05000305175781,85.5,83.5,83.80000305175781,26373443,yfinance,False
2012-09-20,39.28599548339844,84.5999984741211,85.55000305175781,84.44999694824219,84.69999694824219,19444425,yfinance,False
2012-09-21,39.75037384033203,85.5999984741211,86.3499984741211,85.0,85.3499984741211,23889437,yfinance,False
2012-09-24,39.93612289428711,86.0,86.4000015258789,84.55000305175781,85.0,13222343,yfinance,False
2012-09-25,40.07543182373047,86.30000305175781,86.75,85.75,86.30000305175781,14672191,yfinance,False
2012-09-26,39.634273529052734,85.3499984741211,85.9000015258789,84.80000305175781,85.0,16822304,yfinance,False
2012-09-27,40.02899169921875,86.19999694824219,86.30000305175781,85.4000015258789,85.5,19531365,yfinance,False
2012-09-28,39.91290283203125,85.94999694824219,86.6500015258789,85.44999694824219,85.55000305175781,17967262,yfinance,False
2012-10-03,40.14509963989258,86.44999694824219,87.0999984741211,86.05000305175781,86.69999694824219,13596129,yfinance,False
2012-10-04,39.93612289428711,86.0,86.19999694824219,85.69999694824219,85.69999694824219,12442089,yfinance,False
2012-10-05,39.889686584472656,85.9000015258789,86.5,85.80000305175781,86.0,13471663,yfinance,False
2012-10-08,39.332420349121094,84.69999694824219,85.5,84.6500015258789,85.0,15499802,yfinance,False
2012-10-09,39.65750503540039,85.4000015258789,85.9000015258789,84.69999694824219,84.9000015258789,13952583,yfinance,False
2012-10-10,39.332420349121094,84.69999694824219,85.0,84.0999984741211,84.0999984741211,16069133,yfinance,False
2012-10-11,39.35565948486328,84.75,85.1500015258789,84.05000305175781,84.30000305175781,20326731,yfinance,False
2012-10-12,39.16990661621094,84.3499984741211,84.8499984741211,84.0999984741211,84.30000305175781,17144694,yfinance,False
2012-10-15,39.05380630493164,84.0999984741211,84.19999694824219,83.44999694824219,83.94999694824219,17942906,yfinance,False
2012-10-16,38.86806106567383,83.69999694824219,83.9000015258789,83.44999694824219,83.80000305175781,21077927,yfinance,False
2012-10-17,38.682315826416016,83.30000305175781,84.5,83.19999694824219,84.5,30329896,yfinance,False
2012-10-18,39.518184661865234,85.0999984741211,85.4000015258789,83.4000015258789,83.55000305175781,27962082,yfinance,False
2012-10-19,39.262786865234375,84.55000305175781,85.5999984741211,84.44999694824219,85.0999984741211,18702897,yfinance,False
2012-10-22,39.68071746826172,85.44999694824219,85.5999984741211,84.0,84.1500015258789,16569813,yfinance,False
2012-10-24,40.563026428222656,87.3499984741211,87.4000015258789,85.0999984741211,85.44999694824219,34617894,yfinance,False
2012-10-25,40.307621002197266,86.80000305175781,87.94999694824219,86.19999694824219,87.94999694824219,22229020,yfinance,False
2012-10-26,39.82002258300781,85.75,87.0,85.69999694824219,86.6500015258789,15631437,yfinance,False
2012-10-29,39.889686584472656,85.9000015258789,86.44999694824219,85.30000305175781,86.44999694824219,12222291,yfinance,False
2012-10-30,39.61105728149414,85.30000305175781,86.5,85.25,86.5,13363007,yfinance,False
2012-10-31,39.91290283203125,85.94999694824219,86.05000305175781,85.3499984741211,85.5999984741211,10904874,yfinance,False
2012-11-01,40.53981018066406,87.30000305175781,87.3499984741211,85.5,85.5,16878916,yfinance,False
2012-11-02,40.771995544433594,87.80000305175781,88.19999694824219,87.5999984741211,88.0,18279523,yfinance,False
2012-11-05,40.51659393310547,87.25,87.80000305175781,86.8499984741211,86.8499984741211,14237908,yfinance,False
2012-11-06,40.586246490478516,87.4000015258789,87.75,87.19999694824219,87.4000015258789,11926306,yfinance,False
2012-11-07,41.584659576416016,89.55000305175781,89.5999984741211,87.44999694824219,88.0,22743978,yfinance,False
2012-11-08,40.47016525268555,87.1500015258789,88.80000305175781,87.0,88.25,23303872,yfinance,False
2012-11-09,40.00577163696289,86.1500015258789,87.19999694824219,86.05000305175781,86.30000305175781,16870436,yfinance,False
2012-11-12,39.773590087890625,85.6500015258789,86.5999984741211,85.55000305175781,86.0,10558862,yfinance,False
2012-11-13,39.54140853881836,85.1500015258789,85.80000305175781,84.94999694824219,85.5,14828479,yfinance,False
2012-11-14,39.75037384033203,85.5999984741211,85.6500015258789,84.3499984741211,84.69999694824219,14092135,yfinance,False
2012-11-15,39.05380630493164,84.0999984741211,84.9000015258789,84.0,84.0,14069909,yfinance,False
2012-11-16,39.402099609375,84.8499984741211,85.5999984741211,84.0999984741211,84.1500015258789,17591570,yfinance,False
2012-11-19,39.56462478637695,85.19999694824219,85.5,84.69999694824219,84.75,13895191,yfinance,False
2012-11-20,39.402099609375,84.8499984741211,86.0,84.75,85.4000015258789,11664846,yfinance,False
2012-11-21,40.307621002197266,86.80000305175781,86.94999694824219,85.25,85.44999694824219,15489350,yfinance,False
2012-11-22,40.957733154296875,88.19999694824219,88.30000305175781,86.69999694824219,86.80000305175781,19604477,yfinance,False
2012-11-23,40.841644287109375,87.94999694824219,88.19999694824219,87.55000305175781,87.5999984741211,14943002,yfinance,False
2012-11-26,40.655906677246094,87.55000305175781,88.6500015258789,87.25,88.55000305175781,13039676,yfinance,False
2012-11-27,40.60947799682617,87.44999694824219,87.69999694824219,87.25,87.25,10832409,yfinance,False
2012-11-28,40.63268280029297,87.5,87.8499984741211,87.0,87.4000015258789,11377564,yfinance,False
2012-11-29,41.027400970458984,88.3499984741211,88.4000015258789,87.44999694824219,87.5999984741211,15853148,yfinance,False
2012-11-30,41.143489837646484,88.5999984741211,88.9000015258789,87.80000305175781,88.05000305175781,19524550,yfinance,False
2012-12-03,40.51659393310547,87.25,88.69999694824219,86.94999694824219,88.19999694824219,13076688,yfinance,False
2012-12-04,41.073829650878906,88.44999694824219,88.75,86.9000015258789,87.25,17355405,yfinance,False
2012-12-05,41.677520751953125,89.75,89.8499984741211,88.5999984741211,88.80000305175781,17468621,yfinance,False
2012-12-06,41.25958251953125,88.8499984741211,90.0,88.69999694824219,90.0,12826091,yfinance,False
2012-12-07,40.93452072143555,88.1500015258789,88.8499984741211,88.0,88.55000305175781,14087242,yfinance,False
2012-12-10,41.120269775390625,88.55000305175781,89.30000305175781,88.1500015258789,89.30000305175781,12448633,yfinance,False
2012-12-11,41.375675201416016,89.0999984741211,89.5,88.4000015258789,89.5,15520809,yfinance,False
2012-12-12,41.49177551269531,89.3499984741211,89.44999694824219,88.55000305175781,88.55000305175781,14405560,yfinance,False
2012-12-13,41.32924270629883,89.0,90.0,88.55000305175781,90.0,13257150,yfinance,False
2012-12-14,41.28280258178711,88.9000015258789,89.5,88.44999694824219,89.30000305175781,20393576,yfinance,False
2012-12-17,41.32924270629883,89.0,89.19999694824219,88.4000015258789,88.9000015258789,14043450,yfinance,False
2012-12-18,41.77040100097656,89.94999694824219,90.25,88.5999984741211,88.5999984741211,18906182,yfinance,False
2012-12-19,41.90970993041992,90.25,90.6500015258789,89.9000015258789,90.25,16322143,yfinance,False
2012-12-20,42.02580261230469,90.5,90.55000305175781,89.4000015258789,89.55000305175781,15970009,yfinance,False
2012-12-21,41.8632698059082,90.1500015258789,90.30000305175781,88.55000305175781,89.30000305175781,19832558,yfinance,False
2012-12-24,41.6543083190918,89.69999694824219,90.0,89.25,89.69999694824219,6732510,yfinance,False
2012-12-27,41.77040100097656,89.94999694824219,90.25,89.80000305175781,90.25,8869761,yfinance,False
2012-12-28,41.90970993041992,90.25,90.5,90.1500015258789,90.5,11956843,yfinance,False
2012-12-31,41.90970993041992,90.25,90.6500015258789,90.1500015258789,90.19999694824219,9080299,yfinance,False
2013-01-02,42.44374465942383,91.4000015258789,91.55000305175781,90.55000305175781,90.8499984741211,12373324,yfinance,False
2013-01-03,42.46695327758789,91.44999694824219,91.5,90.19999694824219,91.4000015258789,18202728,yfinance,False
2013-01-04,42.095455169677734,90.6500015258789,91.80000305175781,90.0,91.69999694824219,20315156,yfinance,False
2013-01-07,41.35246658325195,89.05000305175781,90.05000305175781,89.0,89.80000305175781,30138518,yfinance,False
2013-01-08,41.18993377685547,88.69999694824219,90.05000305175781,88.25,88.5999984741211,27057787,yfinance,False
2013-01-09,41.18993377685547,88.69999694824219,89.44999694824219,88.5,88.69999694824219,25367331,yfinance,False
2013-01-10,41.72395706176758,89.8499984741211,90.44999694824219,88.80000305175781,89.0,20723089,yfinance,False
2013-01-11,41.72395706176758,89.8499984741211,91.0999984741211,89.3499984741211,91.0999984741211,11913484,yfinance,False
2013-01-14,41.8632698059082,90.1500015258789,90.44999694824219,89.05000305175781,89.05000305175781,12433580,yfinance,False
2013-01-15,41.28280258178711,88.9000015258789,89.5999984741211,88.4000015258789,89.5999984741211,24520973,yfinance,False
2013-01-16,40.655906677246094,87.55000305175781,88.44999694824219,86.94999694824219,88.30000305175781,32019513,yfinance,False
2013-01-17,40.23796081542969,86.6500015258789,87.75,86.3499984741211,87.4000015258789,27867481,yfinance,False
2013-01-18,40.70233917236328,87.6500015258789,87.69999694824219,86.9000015258789,87.44999694824219,17372462,yfinance,False
2013-01-21,40.53981018066406,87.30000305175781,88.25,87.1500015258789,88.25,15603563,yfinance,False
2013-01-22,40.26118087768555,86.69999694824219,87.30000305175781,86.30000305175781,87.19999694824219,23462089,yfinance,False
2013-01-23,40.37726593017578,86.94999694824219,87.1500015258789,86.5,86.5,18577605,yfinance,False
2013-01-24,39.49497604370117,85.05000305175781,86.30000305175781,85.0,86.30000305175781,35156357,yfinance,False
2013-01-25,39.00736999511719,84.0,84.55000305175781,83.55000305175781,84.05000305175781,47446058,yfinance,False
2013-01-28,39.07703399658203,84.1500015258789,84.44999694824219,83.5,83.5,31342765,yfinance,False
2013-01-29,39.54140853881836,85.1500015258789,85.44999694824219,84.30000305175781,84.44999694824219,25802137,yfinance,False
2013-01-30,39.796810150146484,85.69999694824219,86.0999984741211,85.55000305175781,86.0,21668020,yfinance,False
2013-01-31,39.58784484863281,85.25,85.5999984741211,84.5,85.5999984741211,21833467,yfinance,False
2013-02-01,39.471744537353516,85.0,85.25,84.30000305175781,85.0,16599303,yfinance,False
2013-02-04,39.518184661865234,85.0999984741211,86.0999984741211,84.9000015258789,86.05000305175781,16383837,yfinance,False
2013-02-05,39.262786865234375,84.55000305175781,85.19999694824219,84.19999694824219,84.19999694824219,17957183,yfinance,False
2013-02-06,39.634273529052734,85.3499984741211,85.6500015258789,84.80000305175781,85.0,13992004,yfinance,False
2013-02-07,39.58784484863281,85.25,86.0,84.69999694824219,86.0,19366728,yfinance,False
2013-02-08,39.68071746826172,85.44999694824219,85.75,84.5999984741211,84.5999984741211,13499985,yfinance,False
2013-02-14,39.84325408935547,85.80000305175781,86.44999694824219,85.4000015258789,86.44999694824219,15690732,yfinance,False
2013-02-15,39.82002258300781,85.75,85.8499984741211,85.44999694824219,85.8499984741211,9080084,yfinance,False
2013-02-18,39.773590087890625,85.6500015258789,86.0,85.55000305175781,86.0,8427019,yfinance,False
2013-02-19,39.56462478637695,85.19999694824219,86.25,85.05000305175781,86.0,11732745,yfinance,False
2013-02-20,39.91290283203125,85.94999694824219,86.0,85.55000305175781,86.0,16092602,yfinance,False
2013-02-21,39.889686584472656,85.9000015258789,86.0999984741211,84.9000015258789,85.1500015258789,22611688,yfinance,False
2013-02-22,39.82002258300781,85.75,86.1500015258789,85.19999694824219,85.5,15271713,yfinance,False
2013-02-25,39.86647033691406,85.8499984741211,86.80000305175781,85.69999694824219,86.80000305175781,11051913,yfinance,False
2013-02-26,39.471744537353516,85.0,85.8499984741211,84.6500015258789,85.0999984741211,11936247,yfinance,False
2013-02-27,39.44852828979492,84.94999694824219,86.30000305175781,84.5,86.30000305175781,13757144,yfinance,False
2013-02-28,39.68071746826172,85.44999694824219,85.55000305175781,84.4000015258789,85.0,18988644,yfinance,False
2013-03-01,39.262786865234375,84.55000305175781,85.19999694824219,84.44999694824219,85.05000305175781,12852874,yfinance,False
2013-03-04,38.77518844604492,83.5,84.55000305175781,83.3499984741211,84.3499984741211,19910478,yfinance,False
2013-03-05,38.82162857055664,83.5999984741211,84.6500015258789,83.55000305175781,84.6500015258789,14076657,yfinance,False
2013-03-06,38.682315826416016,83.30000305175781,84.44999694824219,83.0999984741211,84.30000305175781,27462380,yfinance,False
2013-03-07,38.70553207397461,83.3499984741211,83.80000305175781,82.8499984741211,83.0,17472383,yfinance,False
2013-03-08,39.100250244140625,84.19999694824219,85.0999984741211,83.5,83.5,21639841,yfinance,False
2013-03-11,39.28599548339844,84.5999984741211,85.1500015258789,84.4000015258789,84.55000305175781,13502768,yfinance,False
2013-03-12,39.05380630493164,84.0999984741211,85.1500015258789,84.0,85.1500015258789,10851496,yfinance,False
2013-03-13,38.61265563964844,83.1500015258789,84.19999694824219,83.05000305175781,84.0,18694578,yfinance,False
2013-03-14,38.70553207397461,83.3499984741211,84.5999984741211,82.5999984741211,83.4000015258789,26447743,yfinance,False
2013-03-15,38.33403778076172,82.55000305175781,84.0999984741211,82.30000305175781,84.05000305175781,31411502,yfinance,False
2013-03-18,37.614253997802734,81.0,81.94999694824219,80.8499984741211,81.3499984741211,29179439,yfinance,False
2013-03-19,37.31241989135742,80.3499984741211,81.55000305175781,80.0999984741211,81.5,28686718,yfinance,False
2013-03-20,37.823219299316406,81.44999694824219,81.5999984741211,80.3499984741211,80.3499984741211,17782736,yfinance,False
2013-03-21,38.032188415527344,81.9000015258789,82.5,81.75,82.5,19401200,yfinance,False
2013-03-22,37.84644317626953,81.5,82.55000305175781,81.30000305175781,82.55000305175781,14654395,yfinance,False
2013-03-25,38.00897216796875,81.8499984741211,82.0,81.19999694824219,81.19999694824219,10345134,yfinance,False
2013-03-26,37.93931198120117,81.69999694824219,82.19999694824219,81.0999984741211,82.19999694824219,15450858,yfinance,False
2013-03-27,38.310813903808594,82.5,82.8499984741211,81.69999694824219,82.0999984741211,18278403,yfinance,False
2013-03-28,38.171504974365234,82.19999694824219,82.5999984741211,81.69999694824219,82.55000305175781,12625500,yfinance,False
2013-04-02,38.426910400390625,82.75,83.3499984741211,82.30000305175781,82.44999694824219,13250636,yfinance,False
2013-04-03,38.4036865234375,82.69999694824219,83.30000305175781,82.5,83.30000305175781,8948748,yfinance,False
2013-04-05,38.0786247253418,82.0,82.80000305175781,81.55000305175781,82.55000305175781,19673777,yfinance,False
2013-04-08,38.12506866455078,82.0999984741211,82.80000305175781,82.05000305175781,82.80000305175781,10439022,yfinance,False
2013-04-09,38.45012664794922,82.80000305175781,82.8499984741211,82.0999984741211,82.55000305175781,11722226,yfinance,False
2013-04-10,38.496578216552734,82.9000015258789,83.44999694824219,82.3499984741211,83.30000305175781,13092477,yfinance,False
2013-04-11,38.51979064941406,82.94999694824219,83.4000015258789,82.6500015258789,83.19999694824219,13762084,yfinance,False
2013-04-12,38.51979064941406,82.94999694824219,83.30000305175781,82.4000015258789,83.30000305175781,7987448,yfinance,False
2013-04-15,38.05540466308594,81.94999694824219,82.6500015258789,81.75,82.6500015258789,10833637,yfinance,False
2013-04-16,37.80000305175781,81.4000015258789,82.05000305175781,81.30000305175781,81.9000015258789,17096524,yfinance,False
2013-04-17,37.56782150268555,80.9000015258789,82.0,80.75,82.0,14167029,yfinance,False
2013-04-18,37.66069030761719,81.0999984741211,81.9000015258789,80.6500015258789,81.9000015258789,12700315,yfinance,False
2013-04-19,38.14828109741211,82.1500015258789,82.3499984741211,80.69999694824219,80.69999694824219,11439947,yfinance,False
2013-04-22,38.35724639892578,82.5999984741211,83.25,82.30000305175781,82.69999694824219,13032043,yfinance,False
2013-04-23,38.00897216796875,81.8499984741211,82.19999694824219,81.4000015258789,82.0999984741211,12121778,yfinance,False
2013-04-24,38.51979064941406,82.94999694824219,83.19999694824219,82.30000305175781,82.80000305175781,10559660,yfinance,False
2013-04-25,38.98414993286133,83.94999694824219,84.30000305175781,82.9000015258789,83.05000305175781,17292028,yfinance,False
2013-04-26,39.05380630493164,84.0999984741211,84.9000015258789,83.94999694824219,84.30000305175781,14517748,yfinance,False
2013-04-29,39.07703399658203,84.1500015258789,84.25,83.44999694824219,83.44999694824219,8035614,yfinance,False
2013-04-30,39.44852828979492,84.94999694824219,85.0999984741211,84.5,85.0,15563362,yfinance,False
2013-05-02,39.332420349121094,84.69999694824219,85.05000305175781,84.55000305175781,85.05000305175781,10546122,yfinance,False
2013-05-03,39.378875732421875,84.80000305175781,85.1500015258789,84.75,85.0,8593688,yfinance,False
2013-05-06,39.54140853881836,85.1500015258789,85.6500015258789,84.8499984741211,85.5,9609129,yfinance,False
2013-05-07,39.727149963378906,85.55000305175781,85.6500015258789,84.75,85.05000305175781,9779629,yfinance,False
2013-05-08,39.84325408935547,85.80000305175781,86.1500015258789,85.55000305175781,85.75,14315441,yfinance,False
2013-05-09,39.91290283203125,85.94999694824219,86.1500015258789,85.80000305175781,86.1500015258789,11313014,yfinance,False
2013-05-10,40.02899169921875,86.19999694824219,86.30000305175781,85.69999694824219,86.0,8781806,yfinance,False
2013-05-13,39.86647033691406,85.8499984741211,86.0,85.5,85.8499984741211,6325178,yfinance,False
2013-05-14,39.91290283203125,85.94999694824219,86.44999694824219,85.80000305175781,86.4000015258789,9493023,yfinance,False
2013-05-15,40.12187576293945,86.4000015258789,86.44999694824219,85.3499984741211,85.3499984741211,12309579,yfinance,False
2013-05-16,39.796810150146484,85.69999694824219,86.5,85.5,86.5,12676375,yfinance,False
2013-05-20,40.09865188598633,86.3499984741211,86.6500015258789,86.25,86.5,11288411,yfinance,False
2013-05-21,39.68071746826172,85.44999694824219,86.30000305175781,85.19999694824219,85.9000015258789,16364693,yfinance,False
2013-05-22,39.378875732421875,84.80000305175781,85.80000305175781,84.69999694824219,85.44999694824219,13278390,yfinance,False
2013-05-23,38.70553207397461,83.3499984741211,84.44999694824219,82.5999984741211,84.4000015258789,26217912,yfinance,False
2013-05-24,38.496578216552734,82.9000015258789,83.30000305175781,82.30000305175781,82.5999984741211,15616446,yfinance,False
2013-05-27,38.58943176269531,83.0999984741211,83.30000305175781,82.30000305175781,82.80000305175781,9449218,yfinance,False
2013-05-28,38.82162857055664,83.5999984741211,83.69999694824219,82.9000015258789,83.19999694824219,9889403,yfinance,False
2013-05-29,38.38047409057617,82.6500015258789,83.19999694824219,82.5999984741211,83.05000305175781,14294953,yfinance,False
2013-05-30,38.4036865234375,82.69999694824219,83.1500015258789,82.30000305175781,82.5,15902203,yfinance,False
2013-05-31,38.287593841552734,82.44999694824219,83.69999694824219,82.19999694824219,83.69999694824219,20664933,yfinance,False
2013-06-03,38.26438903808594,82.4000015258789,82.94999694824219,82.25,82.25,20241907,yfinance,False
2013-06-04,38.071533203125,80.55000305175781,81.5999984741211,80.19999694824219,81.5999984741211,15218613,yfinance,False
2013-06-05,37.95337677001953,80.30000305175781,80.44999694824219,79.80000305175781,80.30000305175781,10695866,yfinance,False
2013-06-06,37.48073959350586,79.30000305175781,79.69999694824219,79.0999984741211,79.0999984741211,13352275,yfinance,False
2013-06-07,37.17351150512695,78.6500015258789,79.4000015258789,78.5999984741211,79.05000305175781,14929485,yfinance,False
2013-06-10,37.14987564086914,78.5999984741211,79.0,78.5,78.5,11467641,yfinance,False
2013-06-11,37.126251220703125,78.55000305175781,79.4000015258789,78.5,79.4000015258789,16551087,yfinance,False
2013-06-13,35.92100524902344,76.0,78.30000305175781,75.6500015258789,78.0,52075439,yfinance,False
2013-06-14,35.850093841552734,75.8499984741211,77.30000305175781,75.75,77.30000305175781,27841327,yfinance,False
2013-06-17,36.39365768432617,77.0,77.30000305175781,76.55000305175781,76.94999694824219,26721939,yfinance,False
2013-06-18,36.58271026611328,77.4000015258789,77.80000305175781,77.25,77.80000305175781,18262926,yfinance,False
2013-06-19,35.99190139770508,76.1500015258789,77.94999694824219,76.05000305175781,77.80000305175781,25896661,yfinance,False
2013-06-20,35.471988677978516,75.05000305175781,76.0,74.94999694824219,75.30000305175781,21343472,yfinance,False
2013-06-21,36.44091033935547,77.0999984741211,77.30000305175781,74.9000015258789,75.05000305175781,41446594,yfinance,False
2013-06-24,35.897377014160156,75.94999694824219,77.05000305175781,75.69999694824219,76.5,25007463,yfinance,False
2013-06-25,35.80283737182617,75.75,76.75,75.0999984741211,75.0999984741211,23140435,yfinance,False
2013-06-26,36.51181411743164,77.25,77.55000305175781,76.1500015258789,77.0999984741211,24808706,yfinance,False
2013-06-27,36.7953987121582,77.8499984741211,78.5,77.80000305175781,77.94999694824219,21676314,yfinance,False
2013-06-28,38.28422927856445,81.0,81.19999694824219,78.94999694824219,80.0,38810622,yfinance,False
2013-07-02,38.11880111694336,80.6500015258789,81.25,79.9000015258789,81.0,27455025,yfinance,False
2013-07-03,37.05534744262695,78.4000015258789,79.3499984741211,78.1500015258789,79.0999984741211,21459043,yfinance,False
2013-07-04,37.85884475708008,80.0999984741211,80.5,78.94999694824219,78.94999694824219,12897407,yfinance,False
2013-07-05,38.11880111694336,80.6500015258789,80.8499984741211,79.5999984741211,80.44999694824219,9441862,yfinance,False
2013-07-08,37.7170524597168,79.80000305175781,80.5999984741211,78.0,79.25,18912090,yfinance,False
2013-07-09,37.95337677001953,80.30000305175781,80.94999694824219,80.05000305175781,80.5,15875306,yfinance,False
2013-07-10,38.33148956298828,81.0999984741211,81.5999984741211,80.55000305175781,80.94999694824219,16147134,yfinance,False
2013-07-11,38.733238220214844,81.94999694824219,82.30000305175781,81.3499984741211,81.4000015258789,21990621,yfinance,False
2013-07-12,38.54418182373047,81.55000305175781,82.19999694824219,80.9000015258789,82.19999694824219,14908964,yfinance,False
2013-07-15,38.59144973754883,81.6500015258789,81.8499984741211,80.69999694824219,80.69999694824219,14904803,yfinance,False
2013-07-16,38.449649810791016,81.3499984741211,81.9000015258789,81.0999984741211,81.30000305175781,9794171,yfinance,False
2013-07-17,38.733238220214844,81.94999694824219,82.0,81.25,81.75,10102075,yfinance,False
2013-07-18,38.66233825683594,81.80000305175781,81.94999694824219,81.25,81.6500015258789,9043778,yfinance,False
2013-07-19,38.61506652832031,81.69999694824219,82.44999694824219,80.6500015258789,82.44999694824219,8974555,yfinance,False
2013-07-22,38.9459342956543,82.4000015258789,82.5,81.6500015258789,82.0999984741211,8245117,yfinance,False
2013-07-23,39.65489196777344,83.9000015258789,84.0,82.69999694824219,82.8499984741211,21469075,yfinance,False
2013-07-24,39.253150939941406,83.05000305175781,83.80000305175781,82.6500015258789,83.69999694824219,15240458,yfinance,False
2013-07-25,39.3713264465332,83.30000305175781,83.4000015258789,82.69999694824219,82.75,9632186,yfinance,False
2013-07-26,39.442203521728516,83.44999694824219,83.5,82.94999694824219,83.4000015258789,7262056,yfinance,False
2013-07-29,39.3713264465332,83.30000305175781,83.5999984741211,82.4000015258789,82.5999984741211,10033204,yfinance,False
2013-07-30,39.34768295288086,83.25,83.5999984741211,82.6500015258789,82.69999694824219,10692125,yfinance,False
2013-07-31,38.99319839477539,82.5,82.80000305175781,81.80000305175781,82.75,20988650,yfinance,False
2013-08-01,39.15861892700195,82.8499984741211,83.0999984741211,82.3499984741211,83.0,11676421,yfinance,False
2013-08-02,39.3004035949707,83.1500015258789,83.4000015258789,82.69999694824219,83.30000305175781,9156951,yfinance,False
2013-08-05,39.3004035949707,83.1500015258789,83.4000015258789,82.9000015258789,83.30000305175781,6984958,yfinance,False
2013-08-06,39.15861892700195,82.8499984741211,83.3499984741211,82.5,83.3499984741211,9422992,yfinance,False
2013-08-07,38.804134368896484,82.0999984741211,83.0,81.8499984741211,82.8499984741211,8681646,yfinance,False
2013-08-08,39.22950744628906,83.0,83.5999984741211,82.19999694824219,82.44999694824219,13249817,yfinance,False
2013-08-09,39.016841888427734,82.55000305175781,83.19999694824219,82.19999694824219,83.0,10112655,yfinance,False
2013-08-12,39.489463806152344,83.55000305175781,83.8499984741211,82.5999984741211,82.9000015258789,16589447,yfinance,False
2013-08-13,39.678524017333984,83.94999694824219,84.4000015258789,83.75,84.19999694824219,15803314,yfinance,False
2013-08-14,39.678524017333984,83.94999694824219,83.94999694824219,83.94999694824219,83.94999694824219,0,yfinance,False
2013-08-15,39.74941635131836,84.0999984741211,84.75,83.9000015258789,84.5999984741211,16233229,yfinance,False
2013-08-16,39.560359954833984,83.69999694824219,84.1500015258789,83.1500015258789,84.1500015258789,19593379,yfinance,False
2013-08-19,39.65489196777344,83.9000015258789,84.25,83.3499984741211,83.5,11497335,yfinance,False
2013-08-20,39.3004035949707,83.1500015258789,84.30000305175781,83.0,84.0,14936524,yfinance,False
2013-08-21,39.22950744628906,83.0,83.4000015258789,82.19999694824219,83.1500015258789,18544673,yfinance,False
2013-08-22,39.11136245727539,82.75,83.0,81.94999694824219,81.94999694824219,20640011,yfinance,False
2013-08-23,39.3004035949707,83.1500015258789,83.30000305175781,82.6500015258789,82.75,16393395,yfinance,False
2013-08-26,39.18225860595703,82.9000015258789,83.3499984741211,82.8499984741211,83.1500015258789,14263461,yfinance,False
2013-08-27,39.20588684082031,82.94999694824219,83.25,82.69999694824219,82.9000015258789,11975850,yfinance,False
2013-08-28,39.04045867919922,82.5999984741211,83.30000305175781,82.44999694824219,82.75,17754930,yfinance,False
2013-08-29,39.27677536010742,83.0999984741211,83.25,82.5999984741211,82.9000015258789,12091765,yfinance,False
2013-08-30,39.39494323730469,83.3499984741211,83.5999984741211,82.5,82.5999984741211,14028117,yfinance,False
2013-09-02,40.24570846557617,85.1500015258789,85.30000305175781,84.0999984741211,84.4000015258789,22662723,yfinance,False
2013-09-03,40.5292854309082,85.75,85.94999694824219,84.9000015258789,85.3499984741211,14342849,yfinance,False
2013-09-04,40.41112518310547,85.5,85.6500015258789,84.25,84.5,24958975,yfinance,False
2013-09-05,40.771785736083984,84.9000015258789,85.69999694824219,84.6500015258789,85.0,24342364,yfinance,False
2013-09-06,41.300045013427734,86.0,86.19999694824219,85.19999694824219,85.30000305175781,24463601,yfinance,False
2013-09-09,41.34807205200195,86.0999984741211,87.0,85.69999694824219,86.5,18788847,yfinance,False
2013-09-10,42.18846893310547,87.8499984741211,88.0,86.8499984741211,87.0,24505476,yfinance,False
2013-09-11,41.85231399536133,87.1500015258789,89.19999694824219,85.9000015258789,89.05000305175781,37084542,yfinance,False
2013-09-12,41.70823287963867,86.8499984741211,86.9000015258789,86.05000305175781,86.5999984741211,18015123,yfinance,False
2013-09-13,42.06840515136719,87.5999984741211,87.75,86.25,86.25,19041835,yfinance,False
2013-09-16,42.40459060668945,88.30000305175781,88.44999694824219,87.80000305175781,88.05000305175781,15921155,yfinance,False
2013-09-17,42.38056182861328,88.25,88.44999694824219,87.75,88.25,13021704,yfinance,False
2013-09-18,41.9483528137207,87.3499984741211,88.0,86.9000015258789,87.9000015258789,11620487,yfinance,False
2013-09-19,42.23648452758789,87.94999694824219,88.69999694824219,87.75,88.5,21195033,yfinance,False
2013-09-23,42.35655212402344,88.19999694824219,88.44999694824219,87.5999984741211,87.94999694824219,13809346,yfinance,False
2013-09-24,42.092430114746094,87.6500015258789,88.5,87.25,87.9000015258789,15816853,yfinance,False
2013-09-25,42.40459060668945,88.30000305175781,88.4000015258789,87.6500015258789,87.6500015258789,11316542,yfinance,False
2013-09-26,42.02039337158203,87.5,88.0999984741211,87.3499984741211,87.69999694824219,12684670,yfinance,False
2013-09-27,42.33254623413086,88.1500015258789,88.6500015258789,87.8499984741211,88.19999694824219,15019453,yfinance,False
2013-09-30,41.6121940612793,86.6500015258789,88.1500015258789,86.30000305175781,87.55000305175781,17051334,yfinance,False
2013-10-02,41.82829666137695,87.0999984741211,88.69999694824219,87.0,88.69999694824219,16100292,yfinance,False
2013-10-03,41.5401611328125,86.5,88.0999984741211,85.8499984741211,87.94999694824219,20648996,yfinance,False
2013-10-04,40.33956527709961,84.0,84.8499984741211,83.80000305175781,84.6500015258789,43666342,yfinance,False
2013-10-07,39.95539474487305,83.19999694824219,85.0,83.0,85.0,24705553,yfinance,False
2013-10-08,40.53166961669922,84.4000015258789,84.9000015258789,83.25,83.5999984741211,18577762,yfinance,False
2013-10-09,40.41161346435547,84.1500015258789,84.44999694824219,84.0,84.19999694824219,14580136,yfinance,False
2013-10-10,40.33956527709961,84.0,84.75,83.05000305175781,84.44999694824219,17389254,yfinance,False
2013-10-11,40.86782455444336,85.0999984741211,85.44999694824219,84.80000305175781,85.0999984741211,18353136,yfinance,False
2013-10-15,40.79579162597656,84.94999694824219,85.4000015258789,84.30000305175781,85.4000015258789,14490546,yfinance,False
2013-10-16,40.45963668823242,84.25,84.80000305175781,84.05000305175781,84.5999984741211,10879679,yfinance,False
2013-10-17,40.267539978027344,83.8499984741211,85.0,83.6500015258789,85.0,14044868,yfinance,False
2013-10-18,40.62771224975586,84.5999984741211,84.9000015258789,83.6500015258789,84.9000015258789,11569172,yfinance,False
2013-10-21,40.843833923339844,85.05000305175781,85.5999984741211,84.3499984741211,85.55000305175781,15642828,yfinance,False
2013-10-22,39.45114517211914,82.1500015258789,82.55000305175781,81.69999694824219,82.0,49296280,yfinance,False
2013-10-23,38.49068069458008,80.1500015258789,81.5999984741211,80.0999984741211,81.3499984741211,40373973,yfinance,False
2013-10-24,38.37062072753906,79.9000015258789,80.4000015258789,79.5999984741211,79.9000015258789,23646962,yfinance,False
2013-10-25,38.46666717529297,80.0999984741211,80.55000305175781,79.69999694824219,79.9000015258789,16251692,yfinance,False
2013-10-28,38.658756256103516,80.5,81.5,80.3499984741211,81.5,14789627,yfinance,False
2013-10-29,38.514686584472656,80.19999694824219,80.55000305175781,80.1500015258789,80.25,13695851,yfinance,False
2013-10-30,39.1870231628418,81.5999984741211,81.69999694824219,80.0999984741211,80.5999984741211,18736582,yfinance,False
2013-10-31,39.090972900390625,81.4000015258789,81.94999694824219,80.9000015258789,81.4000015258789,15081069,yfinance,False
2013-11-01,38.89887619018555,81.0,81.75,80.9000015258789,81.6500015258789,10955805,yfinance,False
2013-11-04,38.682769775390625,80.55000305175781,81.4000015258789,80.5,80.80000305175781,10574701,yfinance,False
2013-11-05,38.61073684692383,80.4000015258789,80.80000305175781,79.9000015258789,80.4000015258789,11529650,yfinance,False
2013-11-06,39.0189323425293,81.25,81.55000305175781,80.19999694824219,80.5,13680843,yfinance,False
2013-11-07,39.042945861816406,81.30000305175781,81.75,80.75,81.75,10461264,yfinance,False
2013-11-08,38.658756256103516,80.5,80.80000305175781,80.05000305175781,80.4000015258789,14620450,yfinance,False
2013-11-11,39.11497497558594,81.44999694824219,81.5999984741211,80.19999694824219,80.69999694824219,14644598,yfinance,False
2013-11-12,38.63474655151367,80.44999694824219,81.19999694824219,80.30000305175781,81.0,13582869,yfinance,False
2013-11-13,38.226539611816406,79.5999984741211,80.0999984741211,79.55000305175781,79.80000305175781,18140920,yfinance,False
2013-11-14,38.49068069458008,80.1500015258789,80.44999694824219,79.69999694824219,79.9000015258789,13729920,yfinance,False
2013-11-15,38.89887619018555,81.0,81.05000305175781,80.4000015258789,80.5999984741211,13247566,yfinance,False
2013-11-18,39.85933303833008,83.0,83.0999984741211,82.0999984741211,82.19999694824219,28641842,yfinance,False
2013-11-19,39.619224548339844,82.5,83.44999694824219,82.05000305175781,83.3499984741211,20386466,yfinance,False
2013-11-20,39.40312576293945,82.05000305175781,82.25,81.3499984741211,82.05000305175781,25176638,yfinance,False
2013-11-21,38.87485885620117,80.94999694824219,82.0,80.80000305175781,81.5,27828483,yfinance,False
2013-11-22,38.63474655151367,80.44999694824219,81.5999984741211,80.05000305175781,81.55000305175781,29994062,yfinance,False
2013-11-25,38.92288589477539,81.05000305175781,81.5,80.25,80.30000305175781,16456426,yfinance,False
2013-11-26,39.211029052734375,81.6500015258789,81.9000015258789,81.0999984741211,81.4000015258789,18564474,yfinance,False
2013-11-27,39.835330963134766,82.94999694824219,83.0,81.30000305175781,81.30000305175781,25656746,yfinance,False
2013-11-28,39.6672477722168,82.5999984741211,84.25,82.19999694824219,84.0,27184141,yfinance,False
2013-11-29,40.09946060180664,83.5,83.5999984741211,82.5999984741211,82.94999694824219,15827165,yfinance,False
2013-12-02,40.29154586791992,83.9000015258789,84.19999694824219,83.25,83.5,12484300,yfinance,False
2013-12-03,40.075443267822266,83.44999694824219,83.80000305175781,82.80000305175781,82.94999694824219,14156073,yfinance,False
2013-12-04,40.43562316894531,84.19999694824219,85.1500015258789,82.6500015258789,83.25,26678039,yfinance,False
2013-12-05,40.65172576904297,84.6500015258789,85.5,84.44999694824219,85.05000305175781,26659965,yfinance,False
2013-12-06,40.65172576904297,84.6500015258789,84.9000015258789,83.75,84.19999694824219,17100123,yfinance,False
2013-12-09,40.771785736083984,84.9000015258789,85.25,84.5,84.5,12810129,yfinance,False
2013-12-10,40.36357498168945,84.05000305175781,84.44999694824219,83.69999694824219,83.69999694824219,14445796,yfinance,False
2013-12-11,39.090972900390625,81.4000015258789,83.19999694824219,81.25,83.0,26191011,yfinance,False
2013-12-12,38.87485885620117,80.94999694824219,81.55000305175781,80.80000305175781,81.19999694824219,16183458,yfinance,False
2013-12-13,39.042945861816406,81.30000305175781,81.4000015258789,80.25,80.30000305175781,17367963,yfinance,False
2013-12-16,38.56271743774414,80.30000305175781,80.69999694824219,80.19999694824219,80.4000015258789,16317242,yfinance,False
2013-12-17,38.75481033325195,80.69999694824219,81.4000015258789,80.30000305175781,81.4000015258789,19425227,yfinance,False
2013-12-18,38.61073684692383,80.4000015258789,80.8499984741211,80.19999694824219,80.80000305175781,15693382,yfinance,False
2013-12-19,38.154518127441406,79.44999694824219,81.3499984741211,79.3499984741211,81.30000305175781,20296040,yfinance,False
2013-12-20,38.37062072753906,79.9000015258789,80.5,79.80000305175781,80.5,24961431,yfinance,False
2013-12-23,38.682769775390625,80.55000305175781,81.25,80.44999694824219,81.0,14377589,yfinance,False
2013-12-24,38.87485885620117,80.94999694824219,81.19999694824219,80.75,81.05000305175781,10649025,yfinance,False
2013-12-27,38.89887619018555,81.0,81.4000015258789,80.8499984741211,81.19999694824219,8708955,yfinance,False
2013-12-30,38.658756256103516,80.5,81.55000305175781,80.0,81.44999694824219,18480521,yfinance,False
2013-12-31,38.61073684692383,80.4000015258789,80.80000305175781,80.0999984741211,80.80000305175781,9577807,yfinance,False
2014-01-02,38.514686584472656,80.19999694824219,80.94999694824219,80.0,80.8499984741211,10786108,yfinance,False
2014-01-03,37.746315002441406,78.5999984741211,79.69999694824219,78.55000305175781,79.4000015258789,21200718,yfinance,False
2014-01-06,37.530216217041016,78.1500015258789,78.5999984741211,78.05000305175781,78.44999694824219,15842997,yfinance,False
2014-01-07,37.48219680786133,78.05000305175781,78.5999984741211,78.0,78.0,11667666,yfinance,False
2014-01-08,37.674278259277344,78.44999694824219,78.75,77.6500015258789,78.0,15120435,yfinance,False
2014-01-09,37.14603042602539,77.3499984741211,77.9000015258789,77.30000305175781,77.5,18191108,yfinance,False
2014-01-10,37.36213684082031,77.80000305175781,78.19999694824219,76.0999984741211,76.0999984741211,18546845,yfinance,False
2014-01-13,37.36213684082031,77.80000305175781,78.3499984741211,77.5999984741211,78.0,11446798,yfinance,False
2014-01-14,37.24208068847656,77.55000305175781,77.94999694824219,76.94999694824219,76.94999694824219,12960381,yfinance,False
2014-01-15,37.04997634887695,77.1500015258789,77.8499984741211,76.6500015258789,77.80000305175781,14698611,yfinance,False
2014-01-16,37.26607894897461,77.5999984741211,78.0999984741211,77.3499984741211,78.05000305175781,12286160,yfinance,False
2014-01-17,37.386146545410156,77.8499984741211,78.5999984741211,77.30000305175781,77.5999984741211,18640859,yfinance,False
2014-01-20,36.80985641479492,76.6500015258789,77.69999694824219,76.6500015258789,77.1500015258789,14753408,yfinance,False
2014-01-21,37.04997634887695,77.1500015258789,77.44999694824219,76.94999694824219,77.44999694824219,9081830,yfinance,False
2014-01-22,37.290103912353516,77.6500015258789,77.94999694824219,77.25,77.30000305175781,17337962,yfinance,False
2014-01-23,36.97795486450195,77.0,78.19999694824219,76.8499984741211,77.69999694824219,14757197,yfinance,False
2014-01-24,36.56974411010742,76.1500015258789,76.9000015258789,76.05000305175781,76.4000015258789,15194833,yfinance,False
2014-01-27,35.993473052978516,74.94999694824219,75.6500015258789,74.80000305175781,75.19999694824219,26412664,yfinance,False
2014-01-28,35.705326080322266,74.3499984741211,75.05000305175781,74.19999694824219,75.0,18516514,yfinance,False
2014-01-29,35.753353118896484,74.44999694824219,74.69999694824219,74.25,74.30000305175781,19730782,yfinance,False
2014-01-30,35.56126403808594,74.05000305175781,74.1500015258789,72.80000305175781,73.3499984741211,19751321,yfinance,False
2014-02-04,34.57677459716797,72.0,72.6500015258789,71.9000015258789,72.3499984741211,26904010,yfinance,False
2014-02-05,34.79288101196289,72.44999694824219,73.0,72.1500015258789,72.9000015258789,19936033,yfinance,False
2014-02-06,34.81689453125,72.5,72.75,72.0,72.44999694824219,15924858,yfinance,False
2014-02-07,35.10503387451172,73.0999984741211,73.1500015258789,72.5999984741211,72.8499984741211,16660096,yfinance,False
2014-02-10,35.321144104003906,73.55000305175781,73.6500015258789,72.6500015258789,73.0,19305034,yfinance,False
2014-02-11,35.873409271240234,74.69999694824219,74.80000305175781,73.55000305175781,73.6500015258789,18534968,yfinance,False
2014-02-12,35.51323699951172,73.94999694824219,74.5,73.55000305175781,74.5,24225740,yfinance,False
2014-02-13,35.081024169921875,73.05000305175781,74.19999694824219,72.75,74.19999694824219,21987104,yfinance,False
2014-02-14,35.4652099609375,73.8499984741211,73.94999694824219,73.0999984741211,73.19999694824219,14634633,yfinance,False
2014-02-17,35.56126403808594,74.05000305175781,74.05000305175781,73.5,73.5,13420022,yfinance,False
2014-02-18,35.36916732788086,73.6500015258789,73.94999694824219,73.3499984741211,73.69999694824219,11876830,yfinance,False
2014-02-19,35.39317321777344,73.69999694824219,73.80000305175781,73.30000305175781,73.69999694824219,12945674,yfinance,False
2014-02-20,35.03299331665039,72.94999694824219,73.6500015258789,72.55000305175781,73.44999694824219,15320406,yfinance,False
2014-02-21,35.51323699951172,73.94999694824219,74.5,73.5,73.69999694824219,13831994,yfinance,False
2014-02-24,35.2971305847168,73.5,73.8499984741211,73.19999694824219,73.8499984741211,9236098,yfinance,False
2014-02-25,35.153053283691406,73.19999694824219,74.25,73.1500015258789,73.94999694824219,11014582,yfinance,False
2014-02-26,35.201087951660156,73.30000305175781,73.5,73.1500015258789,73.19999694824219,12170350,yfinance,False
2014-02-27,35.51323699951172,73.94999694824219,74.05000305175781,73.4000015258789,73.55000305175781,16681959,yfinance,False
2014-02-28,35.41719055175781,73.75,74.05000305175781,73.44999694824219,73.44999694824219,18341161,yfinance,False
2014-03-03,35.36916732788086,73.6500015258789,74.6500015258789,73.30000305175781,73.5,19689573,yfinance,False
2014-03-04,35.489219665527344,73.9000015258789,74.0999984741211,73.44999694824219,73.44999694824219,11222219,yfinance,False
2014-03-05,35.41719055175781,73.75,74.4000015258789,73.3499984741211,74.4000015258789,15156168,yfinance,False
2014-03-06,35.44120407104492,73.80000305175781,74.19999694824219,73.3499984741211,73.75,12164121,yfinance,False
2014-03-07,35.249107360839844,73.4000015258789,74.19999694824219,73.30000305175781,74.05000305175781,13072686,yfinance,False
2014-03-10,34.12055969238281,71.05000305175781,72.69999694824219,71.0,72.6500015258789,31305458,yfinance,False
2014-03-11,34.1685791015625,71.1500015258789,71.5,70.69999694824219,70.69999694824219,13520965,yfinance,False
2014-03-12,33.64032745361328,70.05000305175781,70.9000015258789,69.8499984741211,70.5,19415163,yfinance,False
2014-03-13,33.68834686279297,70.1500015258789,70.75,69.80000305175781,70.5,14215133,yfinance,False
2014-03-14,33.37619400024414,69.5,69.80000305175781,69.0,69.1500015258789,12462298,yfinance,False
2014-03-17,33.04003143310547,68.80000305175781,69.5,68.6500015258789,69.5,14839553,yfinance,False
2014-03-18,33.47224426269531,69.69999694824219,70.0999984741211,69.1500015258789,69.44999694824219,19219847,yfinance,False
2014-03-19,33.37619400024414,69.5,70.0,69.30000305175781,69.9000015258789,12721531,yfinance,False
2014-03-20,32.17561721801758,67.0,68.8499984741211,66.5,68.4000015258789,32297390,yfinance,False
2014-03-21,30.97503089904785,64.5,65.75,63.650001525878906,65.3499984741211,71975987,yfinance,False
2014-03-24,32.27165603637695,67.19999694824219,67.25,64.8499984741211,65.0,26534656,yfinance,False
2014-03-25,32.46375274658203,67.5999984741211,68.0999984741211,66.8499984741211,67.4000015258789,19018447,yfinance,False
2014-03-26,32.3917121887207,67.44999694824219,68.30000305175781,67.05000305175781,68.19999694824219,15411236,yfinance,False
2014-03-27,33.11206817626953,68.94999694824219,69.0,67.75,68.0,25465325,yfinance,False
2014-03-28,33.56828308105469,69.9000015258789,70.0,68.75,68.94999694824219,20166350,yfinance,False
2014-03-31,34.09653854370117,71.0,71.0999984741211,70.25,70.5,22524723,yfinance,False
2014-04-01,34.09653854370117,71.0,71.9000015258789,70.19999694824219,71.30000305175781,22238320,yfinance,False
2014-04-02,34.26462173461914,71.3499984741211,71.80000305175781,71.05000305175781,71.5,21558990,yfinance,False
2014-04-03,34.52875900268555,71.9000015258789,71.94999694824219,71.0,71.30000305175781,19571206,yfinance,False
2014-04-04,34.14457321166992,71.0999984741211,72.0,71.05000305175781,71.9000015258789,18004847,yfinance,False
2014-04-07,34.48073196411133,71.80000305175781,71.9000015258789,71.1500015258789,71.69999694824219,16897925,yfinance,False
2014-04-08,34.96096420288086,72.80000305175781,72.94999694824219,71.55000305175781,71.80000305175781,23273099,yfinance,False
2014-04-09,35.39317321777344,73.69999694824219,73.9000015258789,72.9000015258789,73.0,27435386,yfinance,False
2014-04-10,36.06550598144531,75.0999984741211,75.30000305175781,73.55000305175781,74.0,39072468,yfinance,False
2014-04-11,35.82538986206055,74.5999984741211,75.0,74.4000015258789,75.0,22716205,yfinance,False
2014-04-14,35.489219665527344,73.9000015258789,74.44999694824219,73.3499984741211,73.94999694824219,15100773,yfinance,False
2014-04-15,34.79288101196289,72.44999694824219,73.5,72.30000305175781,73.25,17973698,yfinance,False
2014-04-16,34.600791931152344,72.05000305175781,73.4000015258789,71.6500015258789,72.0,15768382,yfinance,False
2014-04-17,34.55276870727539,71.94999694824219,72.44999694824219,71.55000305175781,72.1500015258789,22654217,yfinance,False
2014-04-22,34.5047492980957,71.8499984741211,72.19999694824219,71.6500015258789,71.9000015258789,13412830,yfinance,False
2014-04-23,33.61631393432617,70.0,71.5,69.8499984741211,71.5,31735160,yfinance,False
2014-04-24,33.496253967285156,69.75,70.19999694824219,68.5999984741211,68.5999984741211,25826791,yfinance,False
2014-04-25,33.16010284423828,69.05000305175781,70.0,68.69999694824219,69.9000015258789,14818342,yfinance,False
2014-04-28,33.59230422973633,69.94999694824219,70.3499984741211,69.1500015258789,69.1500015258789,14603845,yfinance,False
2014-04-29,35.12904357910156,73.1500015258789,73.30000305175781,70.0,70.69999694824219,31088304,yfinance,False
2014-04-30,35.39317321777344,73.69999694824219,74.19999694824219,72.4000015258789,73.5,39544013,yfinance,False
2014-05-02,35.10503387451172,73.0999984741211,73.1500015258789,71.94999694824219,73.0,24588724,yfinance,False
2014-05-05,34.96096420288086,72.80000305175781,72.9000015258789,71.6500015258789,72.30000305175781,14247526,yfinance,False
2014-05-07,34.93696212768555,72.75,72.94999694824219,71.6500015258789,72.0,23377921,yfinance,False
2014-05-08,36.113521575927734,75.19999694824219,75.75,72.9000015258789,73.0,41676716,yfinance,False
2014-05-09,35.77736282348633,74.5,75.3499984741211,74.1500015258789,75.0,24380481,yfinance,False
2014-05-12,36.08951187133789,75.1500015258789,75.3499984741211,74.4000015258789,75.0,24371979,yfinance,False
2014-05-13,36.08951187133789,75.1500015258789,75.5,74.5999984741211,75.5,17295443,yfinance,False
2014-05-14,36.4256706237793,75.8499984741211,76.25,75.3499984741211,75.5,20493844,yfinance,False
2014-05-15,36.44968795776367,75.9000015258789,76.0,75.4000015258789,75.8499984741211,17228330,yfinance,False
2014-05-16,36.71382141113281,76.44999694824219,76.5999984741211,75.5999984741211,76.0,17997597,yfinance,False
2014-05-19,36.80985641479492,76.6500015258789,77.0,76.0,76.9000015258789,10474952,yfinance,False
2014-05-20,37.48219680786133,78.05000305175781,78.5999984741211,77.69999694824219,78.0,26990895,yfinance,False
2014-05-21,37.530216217041016,78.1500015258789,78.44999694824219,77.44999694824219,77.44999694824219,14818254,yfinance,False
2014-05-22,37.45817565917969,78.0,78.44999694824219,77.69999694824219,78.1500015258789,13618711,yfinance,False
2014-05-23,37.097999572753906,77.25,77.75,76.80000305175781,77.75,16738019,yfinance,False
2014-05-26,37.07398986816406,77.19999694824219,77.80000305175781,76.9000015258789,77.80000305175781,7367221,yfinance,False
2014-05-27,37.10587692260742,75.6500015258789,75.69999694824219,75.30000305175781,75.5999984741211,9007387,yfinance,False
2014-05-28,37.13040542602539,75.69999694824219,75.94999694824219,75.3499984741211,75.5,12932659,yfinance,False
2014-05-29,37.35112380981445,76.1500015258789,77.0,75.8499984741211,76.0,11225712,yfinance,False
2014-05-30,37.20396041870117,75.8499984741211,76.6500015258789,75.55000305175781,75.8499984741211,16642274,yfinance,False
2014-06-03,37.718994140625,76.9000015258789,77.0,76.1500015258789,76.55000305175781,26534589,yfinance,False
2014-06-04,37.37564468383789,76.19999694824219,76.94999694824219,75.94999694824219,76.9000015258789,13003607,yfinance,False
2014-06-05,37.4246940612793,76.30000305175781,76.69999694824219,76.0,76.19999694824219,10443745,yfinance,False
2014-06-06,37.05682373046875,75.55000305175781,76.8499984741211,75.5,76.80000305175781,14371409,yfinance,False
2014-06-09,37.22849655151367,75.9000015258789,76.1500015258789,75.55000305175781,76.0,8242061,yfinance,False
2014-06-10,37.64541244506836,76.75,76.94999694824219,75.3499984741211,75.55000305175781,21164781,yfinance,False
2014-06-11,36.86063003540039,75.1500015258789,76.30000305175781,74.1500015258789,76.0999984741211,19272171,yfinance,False
2014-06-12,37.179447174072266,75.80000305175781,75.8499984741211,74.9000015258789,75.1500015258789,10260324,yfinance,False
2014-06-13,37.179447174072266,75.80000305175781,76.30000305175781,75.0,75.19999694824219,13640471,yfinance,False
2014-06-16,37.00777053833008,75.44999694824219,75.9000015258789,75.0999984741211,75.25,7719576,yfinance,False
2014-06-17,37.03229522705078,75.5,75.94999694824219,75.19999694824219,75.44999694824219,9476171,yfinance,False
2014-06-18,37.13040542602539,75.69999694824219,76.19999694824219,74.9000015258789,74.9000015258789,9824024,yfinance,False
2014-06-19,37.03229522705078,75.5,76.0,75.19999694824219,75.6500015258789,9610759,yfinance,False
2014-06-20,37.20396041870117,75.8499984741211,76.1500015258789,75.5,75.5,14167292,yfinance,False
2014-06-23,36.29655456542969,74.0,76.0,73.9000015258789,75.25,16426863,yfinance,False
2014-06-24,36.41917037963867,74.25,74.6500015258789,73.75,74.0999984741211,10575692,yfinance,False
2014-06-25,36.56632614135742,74.55000305175781,75.0,74.0,74.5,6229540,yfinance,False
2014-06-26,36.9587287902832,75.3499984741211,75.4000015258789,74.3499984741211,74.3499984741211,10742140,yfinance,False
2014-06-27,37.08134841918945,75.5999984741211,75.69999694824219,75.0,75.4000015258789,8929643,yfinance,False
2014-06-30,36.8851432800293,75.19999694824219,75.55000305175781,73.75,75.19999694824219,12177103,yfinance,False
2014-07-02,37.47373580932617,76.4000015258789,76.5,75.5999984741211,76.0,19303415,yfinance,False
2014-07-03,37.32658386230469,76.0999984741211,76.6500015258789,75.80000305175781,76.5999984741211,7225223,yfinance,False
2014-07-04,37.32658386230469,76.0999984741211,76.4000015258789,75.44999694824219,76.30000305175781,6786964,yfinance,False
2014-07-07,37.35112380981445,76.1500015258789,76.5,75.80000305175781,76.30000305175781,9026666,yfinance,False
2014-07-08,37.35112380981445,76.1500015258789,76.5,75.8499984741211,75.8499984741211,9022474,yfinance,False
2014-07-09,37.179447174072266,75.80000305175781,76.0999984741211,75.55000305175781,75.80000305175781,10866985,yfinance,False
2014-07-10,37.40017318725586,76.25,76.4000015258789,75.80000305175781,76.4000015258789,7167393,yfinance,False
2014-07-11,37.57183837890625,76.5999984741211,76.75,75.69999694824219,76.0,9892329,yfinance,False
2014-07-14,38.52831268310547,78.55000305175781,78.80000305175781,77.0999984741211,77.0999984741211,29747675,yfinance,False
2014-07-15,39.8281135559082,81.19999694824219,81.30000305175781,79.30000305175781,79.5,48957578,yfinance,False
2014-07-16,40.04883575439453,81.6500015258789,82.0,80.80000305175781,81.0,30483015,yfinance,False
2014-07-17,40.14693069458008,81.8499984741211,82.1500015258789,80.9000015258789,81.8499984741211,18920439,yfinance,False
2014-07-18,40.024322509765625,81.5999984741211,81.69999694824219,80.55000305175781,80.55000305175781,11504584,yfinance,False
2014-07-21,40.04883575439453,81.6500015258789,82.0999984741211,81.44999694824219,82.0,12333849,yfinance,False
2014-07-22,40.88267135620117,83.3499984741211,83.5,81.94999694824219,82.0,30894776,yfinance,False
2014-07-23,41.25053787231445,84.0999984741211,84.75,83.3499984741211,83.94999694824219,25527782,yfinance,False
2014-07-24,41.765567779541016,85.1500015258789,85.25,84.30000305175781,84.75,36493974,yfinance,False
2014-07-25,41.22601318359375,84.05000305175781,85.5,83.69999694824219,85.5,16903771,yfinance,False
2014-07-28,41.61841583251953,84.8499984741211,85.4000015258789,84.05000305175781,84.05000305175781,16335559,yfinance,False
2014-07-29,41.91271209716797,85.44999694824219,85.5,84.4000015258789,84.4000015258789,18916821,yfinance,False
2014-07-30,42.231544494628906,86.0999984741211,87.0,85.5999984741211,85.69999694824219,34354092,yfinance,False
2014-07-31,42.1334342956543,85.9000015258789,86.4000015258789,85.25,85.80000305175781,33400005,yfinance,False
2014-08-01,41.839141845703125,85.30000305175781,85.80000305175781,84.6500015258789,84.6500015258789,19973251,yfinance,False
2014-08-04,41.79010009765625,85.19999694824219,86.19999694824219,84.75,85.0,16065318,yfinance,False
2014-08-05,42.05986022949219,85.75,86.19999694824219,84.94999694824219,85.5,15113827,yfinance,False
2014-08-06,41.52031707763672,84.6500015258789,85.55000305175781,84.44999694824219,85.55000305175781,15168302,yfinance,False
2014-08-07,42.1824836730957,86.0,86.1500015258789,84.5999984741211,84.75,19850016,yfinance,False
2014-08-08,41.93723678588867,85.5,86.19999694824219,85.30000305175781,85.5999984741211,15063587,yfinance,False
2014-08-11,42.010807037353516,85.6500015258789,86.0,85.0999984741211,85.3499984741211,11542857,yfinance,False
2014-08-12,42.010807037353516,85.6500015258789,85.80000305175781,85.05000305175781,85.80000305175781,11575284,yfinance,False
2014-08-13,42.84465408325195,87.3499984741211,87.44999694824219,85.6500015258789,85.8499984741211,19249565,yfinance,False
2014-08-14,43.31063461303711,88.30000305175781,88.9000015258789,86.44999694824219,87.3499984741211,35871727,yfinance,False
2014-08-15,45.81215286254883,93.4000015258789,93.5,90.0,90.5,72739928,yfinance,False
2014-08-18,47.25910186767578,96.3499984741211,96.4000015258789,93.19999694824219,93.5,45333942,yfinance,False
2014-08-19,46.98933410644531,95.80000305175781,96.5,94.69999694824219,96.5,32555478,yfinance,False
2014-08-20,46.44978332519531,94.69999694824219,95.19999694824219,94.25,95.0999984741211,23465040,yfinance,False
2014-08-21,46.30263900756836,94.4000015258789,95.25,93.19999694824219,95.0,26876233,yfinance,False
2014-08-22,46.596927642822266,95.0,95.6500015258789,94.0999984741211,95.6500015258789,17190164,yfinance,False
2014-08-25,46.37621307373047,94.55000305175781,94.9000015258789,93.19999694824219,94.5999984741211,15314156,yfinance,False
2014-08-26,45.93476104736328,93.6500015258789,94.44999694824219,93.25,94.0,13812387,yfinance,False
2014-08-27,46.52334976196289,94.8499984741211,95.5,94.55000305175781,94.80000305175781,21090064,yfinance,False
2014-08-28,46.793121337890625,95.4000015258789,96.75,94.8499984741211,96.0,29842557,yfinance,False
2014-08-29,47.28362274169922,96.4000015258789,96.44999694824219,95.5,95.5,17982088,yfinance,False
2014-09-01,47.06289291381836,95.94999694824219,97.0,95.75,96.5,11443802,yfinance,False
2014-09-02,48.068416595458984,98.0,98.0,95.0999984741211,95.19999694824219,18579680,yfinance,False
2014-09-03,49.883235931396484,101.69999694824219,102.19999694824219,98.5,98.69999694824219,55334979,yfinance,False
2014-09-04,50.052581787109375,100.5,101.4000015258789,99.75,100.0,30271214,yfinance,False
2014-09-05,49.90316390991211,100.19999694824219,100.80000305175781,99.6500015258789,100.0999984741211,16383300,yfinance,False
2014-09-08,50.45100402832031,101.30000305175781,101.5999984741211,99.94999694824219,100.80000305175781,17973791,yfinance,False
2014-09-10,49.156105041503906,98.69999694824219,99.94999694824219,98.69999694824219,99.9000015258789,18136935,yfinance,False
2014-09-11,49.80356979370117,100.0,100.69999694824219,98.3499984741211,98.5,16709377,yfinance,False
2014-09-12,49.454933166503906,99.30000305175781,100.69999694824219,98.80000305175781,100.0,13524706,yfinance,False
2014-09-15,49.156105041503906,98.69999694824219,99.5,97.69999694824219,97.80000305175781,12422496,yfinance,False
2014-09-16,47.288475036621094,94.94999694824219,97.9000015258789,94.69999694824219,97.9000015258789,25889877,yfinance,False
2014-09-17,47.71180725097656,95.80000305175781,97.0,95.0999984741211,97.0,22602831,yfinance,False
2014-09-18,47.16397476196289,94.69999694824219,95.5999984741211,94.0999984741211,94.80000305175781,17277182,yfinance,False
2014-09-19,48.0106315612793,96.4000015258789,97.4000015258789,95.3499984741211,96.5,22980344,yfinance,False
2014-09-22,47.21376419067383,94.80000305175781,95.55000305175781,94.6500015258789,94.6500015258789,16430355,yfinance,False
2014-09-23,47.36318588256836,95.0999984741211,96.4000015258789,94.19999694824219,94.19999694824219,21443666,yfinance,False
2014-09-24,47.263580322265625,94.9000015258789,96.8499984741211,94.80000305175781,95.5,17654511,yfinance,False
2014-09-25,46.865150451660156,94.0999984741211,95.4000015258789,93.94999694824219,94.80000305175781,16114169,yfinance,False
2014-09-26,46.16790008544922,92.69999694824219,93.6500015258789,92.30000305175781,92.5,19978862,yfinance,False
2014-09-29,46.09319305419922,92.55000305175781,93.0999984741211,91.5,92.69999694824219,23047000,yfinance,False
2014-09-30,44.69868850708008,89.75,92.9000015258789,89.6500015258789,92.3499984741211,25626660,yfinance,False
2014-10-03,46.242610931396484,92.8499984741211,93.1500015258789,89.5,89.75,34714869,yfinance,False
2014-10-06,45.79436492919922,91.94999694824219,93.75,90.94999694824219,93.55000305175781,24115595,yfinance,False
2014-10-07,46.29240798950195,92.94999694824219,94.05000305175781,90.80000305175781,91.0999984741211,24752253,yfinance,False
2014-10-08,45.79436492919922,91.94999694824219,92.9000015258789,91.4000015258789,92.0,16223280,yfinance,False
2014-10-09,47.288475036621094,94.94999694824219,95.05000305175781,92.69999694824219,92.9000015258789,21559625,yfinance,False
2014-10-10,45.99357604980469,92.3499984741211,93.69999694824219,92.19999694824219,93.1500015258789,16660868,yfinance,False
2014-10-13,46.61611557006836,93.5999984741211,94.75,90.8499984741211,90.8499984741211,19299610,yfinance,False
2014-10-14,46.19279479980469,92.75,95.19999694824219,92.5999984741211,93.4000015258789,15957267,yfinance,False
2014-10-15,46.09319305419922,92.55000305175781,93.5999984741211,92.4000015258789,92.5999984741211,15588419,yfinance,False
2014-10-16,45.545345306396484,91.44999694824219,92.75,91.30000305175781,91.55000305175781,11228159,yfinance,False
2014-10-17,45.79436492919922,91.94999694824219,93.4000015258789,91.0,91.0,12611911,yfinance,False
2014-10-20,46.242610931396484,92.8499984741211,93.8499984741211,92.0999984741211,93.75,17542716,yfinance,False
2014-10-21,45.420841217041016,91.19999694824219,92.4000015258789,90.30000305175781,92.0,17772918,yfinance,False
2014-10-22,45.32123565673828,91.0,92.0,90.6500015258789,92.0,25002679,yfinance,False
2014-10-23,43.87693786621094,88.0999984741211,91.0,88.0,90.5,30595219,yfinance,False
2014-10-24,44.82320022583008,90.0,90.0,87.1500015258789,87.5999984741211,20387543,yfinance,False
2014-10-27,44.30026626586914,88.94999694824219,89.44999694824219,88.0999984741211,88.80000305175781,13125615,yfinance,False
2014-10-28,45.545345306396484,91.44999694824219,91.80000305175781,89.0,89.9000015258789,16515815,yfinance,False
2014-10-29,46.79043197631836,93.94999694824219,94.19999694824219,93.30000305175781,94.0,25919705,yfinance,False
2014-10-30,46.840248107910156,94.05000305175781,95.5,93.80000305175781,94.8499984741211,17224213,yfinance,False
2014-10-31,48.0604362487793,96.5,96.9000015258789,95.30000305175781,96.30000305175781,21434176,yfinance,False
2014-11-03,47.98572540283203,96.3499984741211,97.80000305175781,95.75,97.80000305175781,11935399,yfinance,False
2014-11-04,48.1351318359375,96.6500015258789,97.5,95.5,96.3499984741211,12329730,yfinance,False
2014-11-05,47.637107849121094,95.6500015258789,96.9000015258789,95.5,96.6500015258789,10213404,yfinance,False
2014-11-06,48.30944061279297,97.0,97.5,95.0,95.9000015258789,11552100,yfinance,False
2014-11-07,48.0604362487793,96.5,98.30000305175781,95.55000305175781,96.5,13444882,yfinance,False
2014-11-10,48.0604362487793,96.5,99.30000305175781,96.05000305175781,98.69999694824219,17926579,yfinance,False
2014-11-11,47.16397476196289,94.69999694824219,97.44999694824219,94.5999984741211,96.9000015258789,22732348,yfinance,False
2014-11-12,47.71180725097656,95.80000305175781,96.0,94.55000305175781,95.19999694824219,17718130,yfinance,False
2014-11-13,47.41298294067383,95.19999694824219,95.75,94.69999694824219,95.19999694824219,15287309,yfinance,False
2014-11-14,48.1351318359375,96.6500015258789,96.80000305175781,94.80000305175781,96.0,17407729,yfinance,False
2014-11-17,47.039459228515625,94.44999694824219,97.8499984741211,94.30000305175781,97.8499984741211,17179011,yfinance,False
2014-11-18,47.637107849121094,95.6500015258789,96.30000305175781,94.80000305175781,96.30000305175781,17685554,yfinance,False
2014-11-19,46.740638732910156,93.8499984741211,95.4000015258789,93.6500015258789,94.5,14241804,yfinance,False
2014-11-20,46.69083786010742,93.75,94.44999694824219,93.5,94.3499984741211,14638376,yfinance,False
2014-11-21,47.23867416381836,94.8499984741211,95.5999984741211,94.25,94.80000305175781,14535916,yfinance,False
2014-11-24,48.259647369384766,96.9000015258789,97.5,95.94999694824219,96.80000305175781,21199755,yfinance,False
2014-11-25,47.811405181884766,96.0,97.0,95.69999694824219,95.80000305175781,16562447,yfinance,False
2014-11-26,47.76161575317383,95.9000015258789,96.44999694824219,95.19999694824219,95.5,17816122,yfinance,False
2014-11-27,47.288475036621094,94.94999694824219,96.25,94.8499984741211,95.5999984741211,13816790,yfinance,False
2014-11-28,47.587303161621094,95.55000305175781,96.0,94.75,95.0,11059905,yfinance,False
2014-12-01,46.21771240234375,92.80000305175781,95.30000305175781,92.55000305175781,94.30000305175781,19574374,yfinance,False
2014-12-02,46.51652145385742,93.4000015258789,94.55000305175781,92.05000305175781,92.0999984741211,16005580,yfinance,False
2014-12-03,45.47064208984375,91.30000305175781,94.0,91.30000305175781,93.94999694824219,16462541,yfinance,False
2014-12-04,46.964752197265625,94.30000305175781,94.69999694824219,90.5,91.0,24028043,yfinance,False
2014-12-05,47.338279724121094,95.05000305175781,95.3499984741211,94.1500015258789,94.3499984741211,19419995,yfinance,False
2014-12-08,46.740638732910156,93.8499984741211,95.9000015258789,93.69999694824219,95.9000015258789,13557319,yfinance,False
2014-12-09,45.69475555419922,91.75,95.0,91.30000305175781,95.0,16515688,yfinance,False
2014-12-10,45.69475555419922,91.75,92.55000305175781,91.0,91.30000305175781,16516798,yfinance,False
2014-12-11,45.420841217041016,91.19999694824219,92.0,91.0,92.0,17978695,yfinance,False
2014-12-12,45.14692306518555,90.6500015258789,91.30000305175781,90.5,91.0,13845865,yfinance,False
2014-12-15,44.30026626586914,88.94999694824219,89.5,88.8499984741211,89.0,16462118,yfinance,False
2014-12-16,43.70261764526367,87.75,89.0,87.5,88.5,20498814,yfinance,False
2014-12-17,43.77731704711914,87.9000015258789,88.4000015258789,87.4000015258789,87.75,21557079,yfinance,False
2014-12-18,44.499481201171875,89.3499984741211,90.6500015258789,88.3499984741211,90.6500015258789,23424590,yfinance,False
2014-12-19,44.94770812988281,90.25,90.75,89.75,90.75,18757351,yfinance,False
2014-12-22,45.79436492919922,91.94999694824219,92.5,90.94999694824219,91.0,20460715,yfinance,False
2014-12-23,45.66985321044922,91.69999694824219,92.55000305175781,91.0999984741211,92.0,11461815,yfinance,False
2014-12-24,45.545345306396484,91.44999694824219,91.94999694824219,90.8499984741211,91.0,5627338,yfinance,False
2014-12-29,46.11808395385742,92.5999984741211,92.9000015258789,91.5,91.5,13534456,yfinance,False
2014-12-30,45.12202453613281,90.5999984741211,92.9000015258789,90.4000015258789,92.3499984741211,14687094,yfinance,False
2014-12-31,45.07221984863281,90.5,90.9000015258789,89.9000015258789,90.0,8009403,yfinance,False
2015-01-02,45.520442962646484,91.4000015258789,91.9000015258789,90.75,90.9000015258789,10593097,yfinance,False
2015-01-05,44.87299346923828,90.0999984741211,91.3499984741211,90.0,90.80000305175781,16597757,yfinance,False
2015-01-06,44.20065689086914,88.75,89.4000015258789,88.5,88.69999694824219,21735329,yfinance,False
2015-01-07,45.69475555419922,91.75,91.94999694824219,87.9000015258789,88.0,18059636,yfinance,False
2015-01-08,46.61611557006836,93.5999984741211,93.94999694824219,92.55000305175781,93.5,23184005,yfinance,False
2015-01-09,47.338279724121094,95.05000305175781,95.80000305175781,94.0,94.9000015258789,31192151,yfinance,False
2015-01-12,47.23867416381836,94.8499984741211,95.6500015258789,94.0,94.80000305175781,11289725,yfinance,False
2015-01-13,48.50865936279297,97.4000015258789,97.6500015258789,94.0,94.0,31846331,yfinance,False
2015-01-14,48.0604362487793,96.5,98.0,95.6500015258789,98.0,18160930,yfinance,False
2015-01-15,48.78257751464844,97.94999694824219,98.0,96.19999694824219,97.6500015258789,19945175,yfinance,False
2015-01-16,48.7327766418457,97.8499984741211,98.94999694824219,96.75,96.75,21738361,yfinance,False
2015-01-19,48.30944061279297,97.0,97.69999694824219,95.44999694824219,96.5,15246227,yfinance,False
2015-01-20,48.8821907043457,98.1500015258789,98.44999694824219,96.5999984741211,97.0,12374896,yfinance,False
2015-01-21,50.84942626953125,102.0999984741211,102.19999694824219,98.55000305175781,98.94999694824219,42765106,yfinance,False
2015-01-22,51.44706344604492,103.30000305175781,104.69999694824219,102.30000305175781,102.5,37257422,yfinance,False
2015-01-23,52.04471206665039,104.5,105.0999984741211,103.5,105.0,27007968,yfinance,False
2015-01-26,51.745887756347656,103.9000015258789,105.0,103.0999984741211,105.0,15183137,yfinance,False
2015-01-27,51.14824676513672,102.69999694824219,103.4000015258789,101.0999984741211,103.4000015258789,16366491,yfinance,False
2015-01-28,51.496883392333984,103.4000015258789,104.80000305175781,102.30000305175781,102.69999694824219,15715412,yfinance,False
2015-01-29,51.945106506347656,104.30000305175781,104.69999694824219,102.0999984741211,102.0999984741211,21248317,yfinance,False
2015-01-30,51.04864501953125,102.5,105.0,102.0,105.0,14413840,yfinance,False
2015-02-02,51.745887756347656,103.9000015258789,104.19999694824219,101.0,101.0,16091915,yfinance,False
2015-02-03,51.29765319824219,103.0,104.5,102.4000015258789,104.5,11706020,yfinance,False
2015-02-04,52.592552185058594,105.5999984741211,105.80000305175781,103.69999694824219,103.9000015258789,23477055,yfinance,False
2015-02-05,53.937259674072266,108.30000305175781,108.5,106.4000015258789,106.5,32775124,yfinance,False
2015-02-06,52.74196243286133,105.9000015258789,108.0,105.69999694824219,108.0,21458737,yfinance,False
2015-02-09,51.745887756347656,103.9000015258789,105.80000305175781,103.80000305175781,105.80000305175781,24268212,yfinance,False
2015-02-10,51.64628601074219,103.69999694824219,105.4000015258789,103.19999694824219,104.9000015258789,19931276,yfinance,False
2015-02-11,50.799617767333984,102.0,103.9000015258789,101.80000305175781,103.69999694824219,18186397,yfinance,False
2015-02-12,52.9411735534668,106.30000305175781,106.30000305175781,102.5,104.0,24884719,yfinance,False
2015-02-13,53.389408111572266,107.19999694824219,107.69999694824219,105.69999694824219,106.5,18670856,yfinance,False
2015-02-16,53.14039993286133,106.69999694824219,106.9000015258789,105.30000305175781,105.5999984741211,9253500,yfinance,False
2015-02-17,53.389408111572266,107.19999694824219,107.69999694824219,105.69999694824219,105.69999694824219,11954983,yfinance,False
2015-02-18,53.23999786376953,106.9000015258789,107.5,106.30000305175781,106.30000305175781,6316523,yfinance,False
2015-02-23,52.19413375854492,104.80000305175781,106.4000015258789,104.19999694824219,106.4000015258789,13686841,yfinance,False
2015-02-24,52.74196243286133,105.9000015258789,106.5999984741211,105.19999694824219,105.5,17161949,yfinance,False
2015-02-25,52.79176330566406,106.0,107.0,105.0999984741211,107.0,12246290,yfinance,False
2015-02-26,53.289798736572266,107.0,107.30000305175781,105.0999984741211,105.0999984741211,16667541,yfinance,False
2015-02-27,52.492958068847656,105.4000015258789,107.80000305175781,104.9000015258789,105.69999694824219,16161973,yfinance,False
2015-03-02,52.19413375854492,104.80000305175781,106.4000015258789,103.69999694824219,105.5,20237086,yfinance,False
2015-03-03,51.04864501953125,102.5,106.0999984741211,102.0,106.0999984741211,20581547,yfinance,False
2015-03-04,50.351402282714844,101.0999984741211,103.9000015258789,100.30000305175781,101.9000015258789,17427350,yfinance,False
2015-03-05,51.19805145263672,102.80000305175781,103.0,101.0,101.0,16053474,yfinance,False
2015-03-06,50.45100402832031,101.30000305175781,104.0999984741211,101.0999984741211,104.0999984741211,11530339,yfinance,False
2015-03-09,50.70001983642578,101.80000305175781,102.69999694824219,99.8499984741211,100.80000305175781,15353556,yfinance,False
2015-03-10,49.703948974609375,99.80000305175781,102.80000305175781,99.69999694824219,102.80000305175781,18321282,yfinance,False
2015-03-11,48.75767517089844,97.9000015258789,99.8499984741211,97.8499984741211,98.9000015258789,17577354,yfinance,False
2015-03-12,49.67903137207031,99.75,101.4000015258789,98.5999984741211,98.5999984741211,16299538,yfinance,False
2015-03-13,49.753746032714844,99.9000015258789,100.80000305175781,99.5999984741211,100.19999694824219,11667574,yfinance,False
2015-03-16,51.09844207763672,102.5999984741211,103.0,99.3499984741211,99.69999694824219,14592822,yfinance,False
2015-03-17,50.89922332763672,102.19999694824219,103.69999694824219,101.5,103.5999984741211,10940090,yfinance,False
2015-03-18,51.54668426513672,103.5,104.0,102.19999694824219,102.19999694824219,12842368,yfinance,False
2015-03-19,49.85335922241211,100.0999984741211,106.0,99.9000015258789,104.0999984741211,30669363,yfinance,False
2015-03-20,48.981788635253906,98.3499984741211,100.0999984741211,98.05000305175781,98.4000015258789,33170217,yfinance,False
2015-03-23,49.579437255859375,99.55000305175781,99.9000015258789,98.9000015258789,99.5999984741211,17180559,yfinance,False
2015-03-24,50.50080108642578,101.4000015258789,101.5999984741211,99.0999984741211,99.5,18181458,yfinance,False
2015-03-25,50.84942626953125,102.0999984741211,102.9000015258789,100.0999984741211,100.5999984741211,14620960,yfinance,False
2015-03-26,50.45100402832031,101.30000305175781,101.69999694824219,100.69999694824219,100.69999694824219,12816721,yfinance,False
2015-03-27,49.778663635253906,99.94999694824219,101.0999984741211,99.80000305175781,100.19999694824219,15110966,yfinance,False
2015-03-30,50.052581787109375,100.5,101.30000305175781,99.0,99.0,22976854,yfinance,False
2015-03-31,50.40119552612305,101.19999694824219,101.9000015258789,100.4000015258789,101.5,18049261,yfinance,False
2015-04-01,50.50080108642578,101.4000015258789,101.9000015258789,100.30000305175781,101.5,13640462,yfinance,False
2015-04-02,51.19805145263672,102.80000305175781,103.5,100.80000305175781,100.80000305175781,18324486,yfinance,False
2015-04-08,54.58469772338867,109.5999984741211,109.80000305175781,103.0,103.0,34750102,yfinance,False
2015-04-09,54.734107971191406,109.9000015258789,118.0,108.5,113.69999694824219,41859617,yfinance,False
2015-04-10,55.082725524902344,110.5999984741211,112.0,108.5999984741211,112.0,27154870,yfinance,False
2015-04-13,55.33175277709961,111.0999984741211,111.30000305175781,108.19999694824219,110.0,33434742,yfinance,False
2015-04-14,54.43529510498047,109.30000305175781,110.80000305175781,108.0999984741211,108.5,22887205,yfinance,False
2015-04-15,52.99098587036133,106.4000015258789,108.0,105.30000305175781,107.0999984741211,38454862,yfinance,False
2015-04-16,52.54274368286133,105.5,106.5,104.80000305175781,104.80000305175781,23602059,yfinance,False
2015-04-17,53.638427734375,107.69999694824219,109.80000305175781,105.80000305175781,106.0,27147829,yfinance,False
2015-04-20,53.68822479248047,107.80000305175781,109.0999984741211,106.19999694824219,108.0,28340096,yfinance,False
2015-04-21,57.722320556640625,115.9000015258789,116.4000015258789,112.0,112.0,61604333,yfinance,False
2015-04-22,57.025062561035156,114.5,115.80000305175781,113.5999984741211,114.9000015258789,28679259,yfinance,False
2015-04-23,56.975276947021484,114.4000015258789,116.4000015258789,113.5999984741211,115.5999984741211,19095300,yfinance,False
2015-04-24,57.32389831542969,115.0999984741211,115.80000305175781,114.19999694824219,115.0,23300085,yfinance,False
2015-04-27,57.82193374633789,116.0999984741211,116.80000305175781,115.5,116.19999694824219,18173637,yfinance,False
2015-04-28,57.22428894042969,114.9000015258789,116.80000305175781,113.5999984741211,116.0999984741211,23852875,yfinance,False
2015-04-29,56.62663650512695,113.69999694824219,114.30000305175781,113.30000305175781,114.0999984741211,16618605,yfinance,False
2015-04-30,55.13252639770508,110.69999694824219,113.9000015258789,110.30000305175781,113.0,22301918,yfinance,False
2015-05-04,55.481163024902344,111.4000015258789,112.80000305175781,110.30000305175781,111.5999984741211,13161913,yfinance,False
2015-05-05,55.630577087402344,111.69999694824219,113.19999694824219,110.5,113.19999694824219,14702274,yfinance,False
2015-05-06,55.082725524902344,110.5999984741211,112.0,109.80000305175781,111.80000305175781,14550133,yfinance,False
2015-05-07,53.638427734375,107.69999694824219,109.9000015258789,107.4000015258789,109.9000015258789,16507819,yfinance,False
2015-05-08,53.88744354248047,108.19999694824219,109.0999984741211,107.0,109.0,10543402,yfinance,False
2015-05-11,53.638427734375,107.69999694824219,109.4000015258789,107.30000305175781,109.4000015258789,9216544,yfinance,False
2015-05-12,52.8913688659668,106.19999694824219,107.69999694824219,106.0999984741211,107.0999984741211,12964632,yfinance,False
2015-05-13,52.39333724975586,105.19999694824219,107.5999984741211,105.0,106.4000015258789,14384775,yfinance,False
2015-05-14,52.39333724975586,105.19999694824219,106.30000305175781,104.5,105.5,12112634,yfinance,False
2015-05-15,54.28585433959961,109.0,109.5999984741211,105.30000305175781,106.0,16544866,yfinance,False
2015-05-18,52.74196243286133,105.9000015258789,108.30000305175781,105.0,107.80000305175781,21404308,yfinance,False
2015-05-19,52.343536376953125,105.0999984741211,105.80000305175781,104.5,104.69999694824219,16553684,yfinance,False
2015-05-20,51.596473693847656,103.5999984741211,106.0999984741211,103.19999694824219,106.0999984741211,19880037,yfinance,False
2015-05-21,51.44706344604492,103.30000305175781,105.19999694824219,102.0,103.5999984741211,18709431,yfinance,False
2015-05-22,52.69218063354492,105.80000305175781,106.80000305175781,104.19999694824219,104.4000015258789,15095218,yfinance,False
2015-05-26,52.99098587036133,106.4000015258789,108.5,106.0999984741211,107.9000015258789,15639970,yfinance,False
2015-05-27,52.54274368286133,105.5,105.9000015258789,104.0999984741211,105.4000015258789,16733868,yfinance,False
2015-05-28,51.44706344604492,103.30000305175781,105.0,103.0,105.0,20287202,yfinance,False
2015-05-29,50.84942626953125,102.0999984741211,103.9000015258789,102.0,103.0999984741211,24964567,yfinance,False
2015-06-01,51.44706344604492,103.30000305175781,104.30000305175781,101.19999694824219,101.5,15057872,yfinance,False
2015-06-02,51.19805145263672,102.80000305175781,103.5999984741211,102.0,102.80000305175781,12293040,yfinance,False
2015-06-03,52.09450912475586,104.5999984741211,104.80000305175781,102.80000305175781,103.4000015258789,11468957,yfinance,False
2015-06-04,51.88253402709961,102.80000305175781,103.9000015258789,99.05000305175781,103.30000305175781,18612665,yfinance,False
2015-06-05,51.63020324707031,102.30000305175781,103.0999984741211,101.19999694824219,102.4000015258789,8905141,yfinance,False
2015-06-08,51.125511169433594,101.30000305175781,102.5,100.69999694824219,101.0999984741211,11570932,yfinance,False
2015-06-09,49.964717864990234,99.0,102.0,99.0,100.5,18261685,yfinance,False
2015-06-10,49.35908889770508,97.80000305175781,100.4000015258789,97.75,100.0,18069123,yfinance,False
2015-06-11,50.51987075805664,100.0999984741211,101.0,99.69999694824219,101.0,17914233,yfinance,False
2015-06-12,51.32737731933594,101.69999694824219,102.0999984741211,100.4000015258789,101.80000305175781,14820101,yfinance,False
2015-06-15,50.620826721191406,100.30000305175781,101.5,99.94999694824219,101.0,9257125,yfinance,False
2015-06-16,50.06565475463867,99.19999694824219,102.0,99.0,102.0,9908696,yfinance,False
2015-06-17,50.67129135131836,100.4000015258789,101.19999694824219,99.8499984741211,100.0999984741211,10949964,yfinance,False
2015-06-18,49.964717864990234,99.0,100.5999984741211,98.6500015258789,100.0,12109195,yfinance,False
2015-06-19,50.24228286743164,99.55000305175781,101.19999694824219,98.94999694824219,100.19999694824219,16990805,yfinance,False
2015-06-22,51.22644805908203,101.5,101.9000015258789,100.30000305175781,101.0,13878540,yfinance,False
2015-06-23,52.84146499633789,104.69999694824219,104.9000015258789,102.0,102.5,19030433,yfinance,False
2015-06-24,52.08441925048828,103.19999694824219,104.69999694824219,101.0999984741211,104.69999694824219,17914786,yfinance,False
2015-06-25,51.125511169433594,101.30000305175781,102.5,101.0999984741211,102.0,13162347,yfinance,False
2015-06-26,50.36845397949219,99.80000305175781,102.0,99.5,102.0,17205521,yfinance,False
2015-06-29,50.090885162353516,99.25,101.0,97.94999694824219,101.0,18277989,yfinance,False
2015-06-30,50.090885162353516,99.25,100.69999694824219,98.19999694824219,99.69999694824219,16031171,yfinance,False
2015-07-02,50.620826721191406,100.30000305175781,101.30000305175781,99.8499984741211,100.80000305175781,20195765,yfinance,False
2015-07-03,50.44416427612305,99.94999694824219,101.4000015258789,99.0999984741211,100.0,10957332,yfinance,False
2015-07-06,48.65250015258789,96.4000015258789,101.80000305175781,96.05000305175781,101.0999984741211,23808642,yfinance,False
2015-07-07,48.324459075927734,95.75,96.55000305175781,95.0999984741211,96.4000015258789,23179017,yfinance,False
2015-07-08,45.39723205566406,89.94999694824219,93.9000015258789,85.0,93.9000015258789,52503129,yfinance,False
2015-07-09,46.229976654052734,91.5999984741211,96.6500015258789,88.75,88.80000305175781,34331219,yfinance,False
2015-07-10,48.37492752075195,95.8499984741211,95.94999694824219,92.5999984741211,92.80000305175781,27329709,yfinance,False
2015-07-13,48.324459075927734,95.75,96.55000305175781,93.55000305175781,94.80000305175781,22829387,yfinance,False
2015-07-14,48.62727355957031,96.3499984741211,96.8499984741211,94.69999694824219,96.8499984741211,15815139,yfinance,False
2015-07-15,49.10674285888672,97.30000305175781,98.3499984741211,95.5,96.0,14456765,yfinance,False
2015-07-16,49.232906341552734,97.55000305175781,97.9000015258789,95.25,96.69999694824219,12680044,yfinance,False
2015-07-17,49.232906341552734,97.55000305175781,98.19999694824219,96.6500015258789,97.0,10069847,yfinance,False
2015-07-20,49.56095504760742,98.19999694824219,99.19999694824219,97.25,99.0,13482890,yfinance,False
2015-07-21,51.579734802246094,102.19999694824219,102.5999984741211,98.44999694824219,99.0,21958520,yfinance,False
2015-07-22,50.97410583496094,101.0,101.4000015258789,99.5,100.4000015258789,13137160,yfinance,False
2015-07-23,50.822696685791016,100.69999694824219,101.19999694824219,99.55000305175781,99.94999694824219,8384614,yfinance,False
2015-07-24,50.570350646972656,100.19999694824219,101.0,99.6500015258789,100.5,11100177,yfinance,False
2015-07-27,48.80392074584961,96.69999694824219,98.8499984741211,96.55000305175781,98.6500015258789,14525214,yfinance,False
2015-07-28,49.3338508605957,97.75,99.8499984741211,95.5999984741211,95.94999694824219,17847479,yfinance,False
2015-07-29,49.888999938964844,98.8499984741211,99.30000305175781,97.30000305175781,98.9000015258789,14119776,yfinance,False
2015-07-30,50.41893768310547,99.9000015258789,100.80000305175781,99.44999694824219,99.8499984741211,14559471,yfinance,False
2015-07-31,51.22644805908203,101.5,101.80000305175781,98.8499984741211,99.75,16912001,yfinance,False
2015-08-03,50.24228286743164,99.55000305175781,101.69999694824219,98.55000305175781,101.69999694824219,11612621,yfinance,False
2015-08-04,50.19182586669922,99.44999694824219,100.5999984741211,98.44999694824219,98.44999694824219,9525090,yfinance,False
2015-08-05,50.8731575012207,100.80000305175781,100.9000015258789,99.30000305175781,100.0999984741211,8491960,yfinance,False
2015-08-06,50.51987075805664,100.0999984741211,101.5,98.94999694824219,99.0,10448349,yfinance,False
2015-08-07,50.92363739013672,100.9000015258789,101.69999694824219,100.0,100.30000305175781,8629922,yfinance,False
2015-08-10,51.52926254272461,102.0999984741211,102.30000305175781,99.3499984741211,100.0,12764291,yfinance,False
2015-08-11,51.88253402709961,102.80000305175781,103.80000305175781,102.30000305175781,102.30000305175781,16850540,yfinance,False
2015-08-12,50.570350646972656,100.19999694824219,101.9000015258789,99.4000015258789,101.4000015258789,16034429,yfinance,False
2015-08-13,49.93946838378906,98.94999694824219,100.19999694824219,98.5999984741211,100.0,14961348,yfinance,False
2015-08-14,50.19182586669922,99.44999694824219,100.30000305175781,98.6500015258789,98.75,12468137,yfinance,False
2015-08-17,50.92363739013672,100.9000015258789,101.0,99.0999984741211,99.9000015258789,13726412,yfinance,False
2015-08-18,50.570350646972656,100.19999694824219,102.30000305175781,99.9000015258789,102.0,11254683,yfinance,False
2015-08-19,49.66189956665039,98.4000015258789,101.5999984741211,97.80000305175781,101.30000305175781,19604754,yfinance,False
2015-08-20,49.535728454589844,98.1500015258789,100.9000015258789,96.19999694824219,97.94999694824219,27498290,yfinance,False
2015-08-21,50.51987075805664,100.0999984741211,101.19999694824219,96.55000305175781,97.55000305175781,36778159,yfinance,False
2015-08-24,46.60849380493164,92.3499984741211,97.4000015258789,91.8499984741211,96.1500015258789,32912658,yfinance,False
2015-08-25,46.75990295410156,92.6500015258789,94.8499984741211,89.75,90.5,37158121,yfinance,False
2015-08-26,45.4981689453125,90.1500015258789,94.25,90.0,92.69999694824219,23860451,yfinance,False
2015-08-27,47.466495513916016,94.05000305175781,94.94999694824219,91.30000305175781,93.44999694824219,25884754,yfinance,False
2015-08-28,46.3309211730957,91.80000305175781,95.69999694824219,91.44999694824219,95.5,20564047,yfinance,False
2015-08-31,47.39076614379883,93.9000015258789,95.5999984741211,90.44999694824219,93.44999694824219,20084395,yfinance,False
2015-09-01,46.81037521362305,92.75,95.5,92.5999984741211,94.5,23937419,yfinance,False
2015-09-02,46.3056755065918,91.75,93.5999984741211,91.05000305175781,91.75,17893180,yfinance,False
2015-09-04,46.17950439453125,91.5,92.80000305175781,90.6500015258789,92.5,15933393,yfinance,False
2015-09-07,45.83306121826172,89.30000305175781,90.44999694824219,89.05000305175781,89.30000305175781,14020923,yfinance,False
2015-09-08,47.06486511230469,91.69999694824219,92.75,88.4000015258789,88.94999694824219,19315708,yfinance,False
2015-09-09,48.219669342041016,93.94999694824219,94.80000305175781,92.55000305175781,92.75,21896072,yfinance,False
2015-09-10,47.06486511230469,91.69999694824219,93.8499984741211,91.3499984741211,92.0,16309214,yfinance,False
2015-09-11,46.98786544799805,91.55000305175781,93.30000305175781,91.30000305175781,93.0999984741211,11357788,yfinance,False
2015-09-14,46.83390808105469,91.25,92.5,90.55000305175781,92.0,9298652,yfinance,False
2015-09-15,46.26932144165039,90.1500015258789,91.30000305175781,89.75,90.4000015258789,15823633,yfinance,False
2015-09-16,47.98870849609375,93.5,93.80000305175781,90.3499984741211,90.8499984741211,15150646,yfinance,False
2015-09-17,47.09051513671875,91.75,94.30000305175781,90.6500015258789,93.55000305175781,16451178,yfinance,False
2015-09-18,47.29581832885742,92.1500015258789,93.19999694824219,91.25,91.8499984741211,18985255,yfinance,False
2015-09-21,47.783416748046875,93.0999984741211,93.30000305175781,90.80000305175781,90.8499984741211,11692491,yfinance,False
2015-09-22,49.7337532043457,96.9000015258789,97.8499984741211,93.0999984741211,93.0999984741211,27840464,yfinance,False
2015-09-23,48.96387481689453,95.4000015258789,96.3499984741211,93.55000305175781,95.69999694824219,24731939,yfinance,False
2015-09-24,48.732913970947266,94.94999694824219,95.94999694824219,93.69999694824219,95.3499984741211,13480386,yfinance,False
2015-09-25,48.450618743896484,94.4000015258789,94.75,93.25,94.5,15904466,yfinance,False
2015-09-29,47.2445068359375,92.05000305175781,92.69999694824219,89.69999694824219,90.30000305175781,24923941,yfinance,False
2015-09-30,47.11619186401367,91.80000305175781,92.55000305175781,90.05000305175781,92.5,22638253,yfinance,False
2015-10-02,48.3993034362793,94.30000305175781,94.44999694824219,91.5,92.30000305175781,32896020,yfinance,False
2015-10-05,48.60459518432617,94.69999694824219,96.3499984741211,94.44999694824219,95.94999694824219,13971136,yfinance,False
2015-10-06,47.98870849609375,93.5,96.19999694824219,92.5,96.0,40134850,yfinance,False
2015-10-07,48.68158721923828,94.8499984741211,95.0,92.25,92.9000015258789,24855520,yfinance,False
2015-10-08,47.75774002075195,93.05000305175781,94.80000305175781,92.9000015258789,94.80000305175781,15099710,yfinance,False
2015-10-09,47.0135383605957,91.5999984741211,94.05000305175781,91.0999984741211,93.4000015258789,19905611,yfinance,False
2015-10-12,47.80906677246094,93.1500015258789,94.30000305175781,91.9000015258789,91.94999694824219,27797284,yfinance,False
2015-10-13,47.50111770629883,92.55000305175781,93.9000015258789,92.05000305175781,93.1500015258789,19775897,yfinance,False
2015-10-14,46.8082275390625,91.19999694824219,92.4000015258789,91.0,92.05000305175781,17834138,yfinance,False
2015-10-15,48.09135437011719,93.69999694824219,94.0,92.6500015258789,93.1500015258789,23752901,yfinance,False
2015-10-16,48.34797286987305,94.19999694824219,94.94999694824219,93.80000305175781,94.69999694824219,19898854,yfinance,False
2015-10-19,49.24616622924805,95.94999694824219,96.0999984741211,94.30000305175781,95.0,13435555,yfinance,False
2015-10-20,49.11785125732422,95.69999694824219,97.19999694824219,94.80000305175781,96.5999984741211,16201759,yfinance,False
2015-10-22,47.60377502441406,92.75,94.1500015258789,92.30000305175781,94.0,25592276,yfinance,False
2015-10-23,47.91171646118164,93.3499984741211,94.5,93.0999984741211,94.5,16221898,yfinance,False
2015-10-26,48.16834259033203,93.8499984741211,94.5999984741211,93.30000305175781,94.5999984741211,11292535,yfinance,False
2015-10-27,48.758567810058594,95.0,95.1500015258789,93.55000305175781,93.8499984741211,13877629,yfinance,False
2015-10-28,48.50194549560547,94.5,95.0999984741211,94.0,94.30000305175781,10152443,yfinance,False
2015-10-29,48.01436996459961,93.55000305175781,95.3499984741211,93.44999694824219,95.3499984741211,13608042,yfinance,False
2015-10-30,47.62942886352539,92.80000305175781,93.94999694824219,92.5,93.44999694824219,12659777,yfinance,False
2015-11-02,47.42413330078125,92.4000015258789,94.0,91.6500015258789,94.0,12980472,yfinance,False
2015-11-03,47.62942886352539,92.80000305175781,93.6500015258789,92.44999694824219,93.19999694824219,10976376,yfinance,False
2015-11-04,48.758567810058594,95.0,95.4000015258789,93.1500015258789,93.5999984741211,24866691,yfinance,False
2015-11-05,48.88688659667969,95.25,95.8499984741211,95.0,95.4000015258789,13394304,yfinance,False
2015-11-06,47.88605880737305,93.30000305175781,94.5,93.0,94.3499984741211,12224127,yfinance,False
2015-11-09,46.8082275390625,91.19999694824219,92.9000015258789,91.0999984741211,92.30000305175781,13985417,yfinance,False
2015-11-10,46.52594757080078,90.6500015258789,91.0,90.30000305175781,91.0,13095641,yfinance,False
2015-11-11,46.320648193359375,90.25,90.9000015258789,90.19999694824219,90.5999984741211,8833074,yfinance,False
2015-11-12,47.80906677246094,93.1500015258789,93.69999694824219,91.1500015258789,91.19999694824219,14181522,yfinance,False
2015-11-13,46.474632263183594,90.55000305175781,91.55000305175781,90.3499984741211,91.25,20367459,yfinance,False
2015-11-16,45.961387634277344,89.55000305175781,90.1500015258789,89.0,89.05000305175781,15532878,yfinance,False
2015-11-17,46.320648193359375,90.25,91.4000015258789,90.1500015258789,91.3499984741211,12422829,yfinance,False
2015-11-18,46.3463134765625,90.30000305175781,91.1500015258789,90.1500015258789,91.0,14643557,yfinance,False
2015-11-19,46.679927825927734,90.94999694824219,91.0999984741211,90.25,90.80000305175781,10263840,yfinance,False
2015-11-20,47.09051513671875,91.75,91.8499984741211,90.3499984741211,91.1500015258789,11817916,yfinance,False
2015-11-23,46.93654251098633,91.44999694824219,92.5,91.19999694824219,91.5999984741211,12276553,yfinance,False
2015-11-24,46.98786544799805,91.55000305175781,91.9000015258789,90.75,90.94999694824219,8320970,yfinance,False
2015-11-25,46.55160903930664,90.69999694824219,91.25,90.4000015258789,91.0,15078102,yfinance,False
2015-11-26,46.243656158447266,90.0999984741211,91.4000015258789,89.94999694824219,91.25,11862140,yfinance,False
2015-11-27,45.576438903808594,88.80000305175781,90.5999984741211,88.69999694824219,90.0,20266249,yfinance,False
2015-11-30,45.21717071533203,88.0999984741211,89.44999694824219,87.05000305175781,88.0,33995621,yfinance,False
2015-12-01,46.39763641357422,90.4000015258789,90.5,89.3499984741211,89.8499984741211,19906291,yfinance,False
2015-12-02,46.50028610229492,90.5999984741211,91.0,89.94999694824219,90.6500015258789,14528996,yfinance,False
2015-12-03,46.243656158447266,90.0999984741211,91.19999694824219,89.3499984741211,90.44999694824219,14059277,yfinance,False
2015-12-04,46.3463134765625,90.30000305175781,90.4000015258789,88.69999694824219,88.9000015258789,16549742,yfinance,False
2015-12-07,46.50028610229492,90.5999984741211,91.30000305175781,90.0,90.0,12281642,yfinance,False
2015-12-08,46.0126953125,89.6500015258789,90.3499984741211,89.0999984741211,90.0,17653702,yfinance,False
2015-12-09,45.961387634277344,89.55000305175781,90.30000305175781,89.30000305175781,89.5,12199073,yfinance,False
2015-12-10,46.11534881591797,89.8499984741211,90.5,89.0999984741211,89.0999984741211,12668757,yfinance,False
2015-12-11,45.987037658691406,89.5999984741211,90.30000305175781,89.19999694824219,89.30000305175781,11062932,yfinance,False
2015-12-14,45.08884811401367,87.8499984741211,88.5,87.55000305175781,87.55000305175781,14610289,yfinance,False
2015-12-15,45.06318664550781,87.80000305175781,88.69999694824219,87.25,87.25,15582923,yfinance,False
2015-12-16,45.935707092285156,89.5,90.0,88.75,89.05000305175781,7949702,yfinance,False
2015-12-17,45.73040771484375,89.0999984741211,90.3499984741211,88.75,89.44999694824219,13540551,yfinance,False
2015-12-18,45.21717071533203,88.0999984741211,89.25,87.94999694824219,88.0,16301769,yfinance,False
2015-12-21,45.03752136230469,87.75,88.25,87.19999694824219,87.19999694824219,8829260,yfinance,False
2015-12-22,45.345481872558594,88.3499984741211,88.6500015258789,87.5,88.05000305175781,6779757,yfinance,False
2015-12-23,45.31981658935547,88.30000305175781,88.94999694824219,87.8499984741211,88.05000305175781,8235085,yfinance,False
2015-12-24,45.44813537597656,88.55000305175781,89.0,88.30000305175781,88.30000305175781,3384437,yfinance,False
2015-12-28,44.96053695678711,87.5999984741211,88.5999984741211,87.5,88.25,5642772,yfinance,False
2015-12-29,45.03752136230469,87.75,88.4000015258789,87.44999694824219,87.5,5043417,yfinance,False
2015-12-30,44.83222961425781,87.3499984741211,88.3499984741211,87.19999694824219,88.19999694824219,5381370,yfinance,False
2015-12-31,44.90921401977539,87.5,88.1500015258789,87.3499984741211,87.80000305175781,3730386,yfinance,False
2016-01-04,43.677425384521484,85.0999984741211,87.3499984741211,85.0,87.1500015258789,13779779,yfinance,False
2016-01-05,42.548282623291016,82.9000015258789,85.30000305175781,82.5999984741211,84.69999694824219,22421659,yfinance,False
2016-01-06,42.34297561645508,82.5,83.69999694824219,82.25,83.19999694824219,18656152,yfinance,False
2016-01-07,41.26515579223633,80.4000015258789,82.44999694824219,80.25,82.0,0,yfinance,False
2016-01-08,42.11201095581055,82.05000305175781,83.05000305175781,80.8499984741211,80.94999694824219,16918183,yfinance,False
2016-01-11,41.3677978515625,80.5999984741211,82.0,79.0,79.8499984741211,25653429,yfinance,False
2016-01-12,40.880226135253906,79.6500015258789,81.0,79.4000015258789,80.55000305175781,19894714,yfinance,False
2016-01-13,41.88105392456055,81.5999984741211,82.75,80.69999694824219,81.1500015258789,17800805,yfinance,False
2016-01-14,41.72707748413086,81.30000305175781,81.69999694824219,79.69999694824219,79.69999694824219,14482409,yfinance,False
2016-01-15,41.29081344604492,80.44999694824219,81.5,80.3499984741211,81.05000305175781,14343769,yfinance,False
2016-01-18,41.111175537109375,80.0999984741211,80.6500015258789,79.0,79.44999694824219,14590699,yfinance,False
2016-01-19,42.496952056884766,82.80000305175781,83.1500015258789,80.0,80.0,21020852,yfinance,False
2016-01-20,41.05985641479492,80.0,81.69999694824219,79.8499984741211,81.0,20828932,yfinance,False
2016-01-21,41.05985641479492,80.0,81.5,79.05000305175781,80.0999984741211,24730721,yfinance,False
2016-01-22,42.419960021972656,82.6500015258789,83.0,81.5999984741211,82.05000305175781,18776113,yfinance,False
2016-01-25,42.98453140258789,83.75,85.6500015258789,83.55000305175781,84.0,13767951,yfinance,False
2016-01-26,42.240325927734375,82.30000305175781,83.94999694824219,82.1500015258789,83.5999984741211,19358932,yfinance,False
2016-01-27,42.95886993408203,83.69999694824219,84.4000015258789,82.30000305175781,84.4000015258789,12063486,yfinance,False
2016-01-28,43.472110748291016,84.69999694824219,84.94999694824219,83.19999694824219,83.3499984741211,16108298,yfinance,False
2016-01-29,43.98537063598633,85.69999694824219,86.0,83.55000305175781,84.5,22572633,yfinance,False
2016-02-01,43.882713317871094,85.5,85.8499984741211,84.4000015258789,85.19999694824219,15011086,yfinance,False
2016-02-02,44.01102828979492,85.75,86.9000015258789,84.4000015258789,85.0999984741211,15034067,yfinance,False
2016-02-03,44.01102828979492,85.75,86.55000305175781,83.25,83.5999984741211,18636748,yfinance,False
2016-02-04,43.95970916748047,85.6500015258789,86.4000015258789,85.0,86.1500015258789,12754311,yfinance,False
2016-02-05,43.420799255371094,84.5999984741211,85.80000305175781,84.5,85.75,10180501,yfinance,False
2016-02-11,42.08634948730469,82.0,83.5,80.5999984741211,80.75,19961960,yfinance,False
2016-02-12,42.18899917602539,82.19999694824219,83.1500015258789,80.94999694824219,81.0,14386441,yfinance,False
2016-02-15,42.650917053222656,83.0999984741211,83.44999694824219,82.30000305175781,83.44999694824219,11178636,yfinance,False
2016-02-16,42.85621643066406,83.5,83.8499984741211,82.9000015258789,83.5,8815400,yfinance,False
2016-02-17,42.59959030151367,83.0,84.1500015258789,82.8499984741211,84.0,10407385,yfinance,False
2016-02-18,43.34381103515625,84.44999694824219,84.80000305175781,83.4000015258789,84.69999694824219,17202264,yfinance,False
2016-02-19,43.29248809814453,84.3499984741211,84.44999694824219,83.5,84.0,11271120,yfinance,False
2016-02-22,43.60042190551758,84.94999694824219,85.5,84.5999984741211,84.94999694824219,12364625,yfinance,False
2016-02-23,43.472110748291016,84.69999694824219,85.25,84.0999984741211,85.25,8382179,yfinance,False
2016-02-24,43.16416931152344,84.0999984741211,85.05000305175781,83.6500015258789,84.05000305175781,8655437,yfinance,False
2016-02-25,42.62526321411133,83.05000305175781,84.0999984741211,82.75,83.80000305175781,11302198,yfinance,False
2016-02-26,43.34381103515625,84.44999694824219,84.75,83.5,83.9000015258789,9781031,yfinance,False
2016-02-29,42.18899917602539,82.19999694824219,84.75,81.9000015258789,84.5999984741211,14132302,yfinance,False
2016-03-01,42.93320083618164,83.6500015258789,83.69999694824219,82.6500015258789,83.25,10990340,yfinance,False
2016-03-02,43.75441360473633,85.25,85.4000015258789,83.55000305175781,84.9000015258789,20359130,yfinance,False
2016-03-03,43.651763916015625,85.05000305175781,85.4000015258789,84.30000305175781,85.30000305175781,11655386,yfinance,False
2016-03-04,43.98537063598633,85.69999694824219,86.0,85.05000305175781,86.0,11413483,yfinance,False
2016-03-07,43.44646453857422,84.6500015258789,86.55000305175781,83.9000015258789,86.55000305175781,15004409,yfinance,False
2016-03-08,43.52345275878906,84.80000305175781,84.94999694824219,83.69999694824219,84.69999694824219,11457250,yfinance,False
2016-03-09,43.70307922363281,85.1500015258789,85.30000305175781,84.30000305175781,84.44999694824219,9564590,yfinance,False
2016-03-10,43.651763916015625,85.05000305175781,85.4000015258789,84.19999694824219,84.75,9588707,yfinance,False
2016-03-11,43.882713317871094,85.5,85.8499984741211,84.5999984741211,85.4000015258789,8177027,yfinance,False
2016-03-14,44.216331481933594,86.1500015258789,86.5,85.80000305175781,86.5,10043473,yfinance,False
2016-03-15,43.882713317871094,85.5,85.69999694824219,84.8499984741211,85.0,9303761,yfinance,False
2016-03-16,44.3189697265625,86.3499984741211,86.75,85.80000305175781,85.9000015258789,9266899,yfinance,False
2016-03-17,43.39513397216797,84.55000305175781,87.30000305175781,84.0,86.75,24929983,yfinance,False
2016-03-18,43.677425384521484,85.0999984741211,85.25,83.8499984741211,84.5,22671910,yfinance,False
2016-03-21,43.318138122558594,84.4000015258789,85.30000305175781,84.0,85.19999694824219,16718538,yfinance,False
2016-03-22,43.01020812988281,83.80000305175781,85.19999694824219,83.5,85.19999694824219,17544038,yfinance,False
2016-03-23,43.01020812988281,83.80000305175781,84.3499984741211,83.44999694824219,84.0,14155523,yfinance,False
2016-03-24,42.75357437133789,83.30000305175781,84.5,83.0999984741211,84.0,12846859,yfinance,False
2016-03-29,43.087181091308594,83.94999694824219,84.5,83.44999694824219,84.4000015258789,16346285,yfinance,False
2016-03-30,43.57476806640625,84.9000015258789,85.4000015258789,84.19999694824219,84.4000015258789,16110836,yfinance,False
2016-03-31,44.370304107666016,86.44999694824219,86.5999984741211,84.75,84.75,21484736,yfinance,False
2016-04-01,43.95970916748047,85.6500015258789,86.0,85.1500015258789,86.0,13473386,yfinance,False
2016-04-05,43.62609100341797,85.0,85.80000305175781,84.30000305175781,85.75,16591313,yfinance,False
2016-04-06,43.57476806640625,84.9000015258789,85.75,84.75,85.30000305175781,12577595,yfinance,False
2016-04-07,44.26765060424805,86.25,86.4000015258789,85.05000305175781,85.05000305175781,12457558,yfinance,False
2016-04-08,44.3189697265625,86.3499984741211,86.5,84.75,85.0,12222294,yfinance,False
2016-04-11,44.01102828979492,85.75,86.5,85.25,85.44999694824219,10244279,yfinance,False
2016-04-12,44.113677978515625,85.94999694824219,86.05000305175781,85.05000305175781,85.05000305175781,7671243,yfinance,False
2016-04-13,45.396793365478516,88.44999694824219,88.6500015258789,86.5,87.30000305175781,23075368,yfinance,False
2016-04-14,46.08968734741211,89.80000305175781,89.80000305175781,89.0,89.4000015258789,20352748,yfinance,False
2016-04-15,46.11534881591797,89.8499984741211,90.4000015258789,89.69999694824219,90.05000305175781,12723898,yfinance,False
2016-04-18,46.19233703613281,90.0,90.5,89.25,90.30000305175781,8962356,yfinance,False
2016-04-19,45.961387634277344,89.55000305175781,90.0999984741211,88.9000015258789,90.0999984741211,12238987,yfinance,False
2016-04-20,45.525108337402344,88.69999694824219,89.75,87.3499984741211,89.75,18019013,yfinance,False
2016-04-21,47.16750717163086,91.9000015258789,92.0,89.5,90.0,19751857,yfinance,False
2016-04-22,46.85956573486328,91.30000305175781,91.9000015258789,90.44999694824219,90.69999694824219,14199919,yfinance,False
2016-04-25,46.44895553588867,90.5,91.80000305175781,89.8499984741211,91.80000305175781,10647878,yfinance,False
2016-04-26,46.73125076293945,91.05000305175781,91.1500015258789,89.19999694824219,90.0,13647028,yfinance,False
2016-04-27,47.0135383605957,91.5999984741211,91.69999694824219,90.05000305175781,90.44999694824219,12105692,yfinance,False
2016-04-28,46.93654251098633,91.44999694824219,92.0,90.55000305175781,90.8499984741211,17163483,yfinance,False
2016-04-29,45.65342330932617,88.94999694824219,90.5999984741211,88.80000305175781,90.05000305175781,12836362,yfinance,False
2016-05-03,45.1145133972168,87.9000015258789,90.0,87.80000305175781,90.0,14855401,yfinance,False
2016-05-04,45.191505432128906,88.05000305175781,88.69999694824219,87.5999984741211,88.30000305175781,15440906,yfinance,False
2016-05-05,45.1145133972168,87.9000015258789,88.9000015258789,87.0,87.1500015258789,10894709,yfinance,False
2016-05-06,44.062355041503906,85.8499984741211,87.5,85.30000305175781,87.05000305175781,13413563,yfinance,False
2016-05-09,43.934043884277344,85.5999984741211,86.75,85.19999694824219,86.69999694824219,7925003,yfinance,False
2016-05-10,44.6525993347168,87.0,87.0999984741211,84.69999694824219,84.69999694824219,11991851,yfinance,False
2016-05-11,44.13933563232422,86.0,87.94999694824219,85.94999694824219,87.94999694824219,12352624,yfinance,False
2016-05-12,43.98537063598633,85.69999694824219,87.19999694824219,85.05000305175781,87.19999694824219,9710177,yfinance,False
2016-05-13,43.087181091308594,83.94999694824219,85.75,83.44999694824219,85.75,17356280,yfinance,False
2016-05-16,43.78007125854492,85.30000305175781,85.75,83.9000015258789,84.19999694824219,14020475,yfinance,False
2016-05-17,43.98537063598633,85.69999694824219,86.0,84.1500015258789,86.0,13903026,yfinance,False
2016-05-18,43.11284637451172,84.0,84.6500015258789,83.5,84.5,13981070,yfinance,False
2016-05-19,42.804901123046875,83.4000015258789,84.75,83.05000305175781,84.75,11314168,yfinance,False
2016-05-20,43.318138122558594,84.4000015258789,85.55000305175781,83.0999984741211,83.0999984741211,9661959,yfinance,False
2016-05-23,43.549110412597656,84.8499984741211,85.25,84.5,85.0,9971450,yfinance,False
2016-05-24,43.16416931152344,84.0999984741211,84.69999694824219,83.55000305175781,84.4000015258789,12528471,yfinance,False
2016-05-25,44.7552375793457,87.19999694824219,87.30000305175781,85.69999694824219,85.9000015258789,15608272,yfinance,False
2016-05-26,44.62693405151367,86.94999694824219,87.25,86.0999984741211,86.5999984741211,12712701,yfinance,False
2016-05-27,44.729576110839844,87.1500015258789,87.19999694824219,86.0,86.69999694824219,11440683,yfinance,False
2016-05-30,45.165836334228516,88.0,88.80000305175781,86.5999984741211,87.0,16353283,yfinance,False
2016-05-31,45.47378158569336,88.5999984741211,89.4000015258789,87.3499984741211,87.3499984741211,30723303,yfinance,False
2016-06-01,46.39763641357422,90.4000015258789,90.44999694824219,88.1500015258789,88.1500015258789,23283816,yfinance,False
2016-06-02,46.42155838012695,89.25,89.5999984741211,88.69999694824219,88.69999694824219,17996672,yfinance,False
2016-06-03,45.82341384887695,88.0999984741211,89.8499984741211,87.30000305175781,89.5999984741211,19268315,yfinance,False
2016-06-06,45.849422454833984,88.1500015258789,88.5,87.4000015258789,88.3499984741211,10665707,yfinance,False
2016-06-07,47.3838005065918,91.0999984741211,91.1500015258789,88.25,88.5999984741211,19784733,yfinance,False
2016-06-08,46.99370193481445,90.3499984741211,90.80000305175781,89.69999694824219,90.0999984741211,15928463,yfinance,False
2016-06-10,46.317535400390625,89.05000305175781,89.8499984741211,88.5999984741211,89.1500015258789,13866531,yfinance,False
2016-06-13,45.407310485839844,87.30000305175781,88.19999694824219,86.6500015258789,87.4000015258789,12618287,yfinance,False
2016-06-14,45.14724349975586,86.80000305175781,87.75,86.6500015258789,86.8499984741211,9959054,yfinance,False
2016-06-15,44.887176513671875,86.30000305175781,86.8499984741211,85.5999984741211,85.69999694824219,10732176,yfinance,False
2016-06-16,43.95094299316406,84.5,85.9000015258789,84.4000015258789,85.5,16056850,yfinance,False
2016-06-17,44.15899658203125,84.9000015258789,86.0,84.4000015258789,86.0,13631401,yfinance,False
2016-06-20,44.419063568115234,85.4000015258789,85.94999694824219,84.3499984741211,85.75,11395707,yfinance,False
2016-06-21,45.017208099365234,86.55000305175781,87.0,85.75,86.05000305175781,16839249,yfinance,False
2016-06-22,45.0692253112793,86.6500015258789,86.94999694824219,85.69999694824219,86.0,16070109,yfinance,False
2016-06-23,45.22526168823242,86.94999694824219,87.80000305175781,86.5999984741211,87.69999694824219,24299109,yfinance,False
2016-06-24,43.56085205078125,83.75,87.4000015258789,83.4000015258789,85.55000305175781,31080612,yfinance,False
2016-06-27,44.4710693359375,85.5,85.94999694824219,84.0,84.44999694824219,15529407,yfinance,False
2016-06-28,44.4710693359375,85.5,86.19999694824219,84.6500015258789,84.6500015258789,11295768,yfinance,False
2016-06-29,45.615352630615234,87.69999694824219,87.8499984741211,86.19999694824219,86.3499984741211,15068822,yfinance,False
2016-06-30,46.1094970703125,88.6500015258789,89.30000305175781,87.6500015258789,89.30000305175781,18197702,yfinance,False
2016-07-04,46.785648345947266,89.94999694824219,90.1500015258789,88.9000015258789,89.5999984741211,13984245,yfinance,False
2016-07-05,46.08347702026367,88.5999984741211,89.6500015258789,88.55000305175781,89.05000305175781,6975302,yfinance,False
2016-07-06,45.12123489379883,86.75,87.94999694824219,86.1500015258789,87.44999694824219,17525635,yfinance,False
2016-07-07,46.00545120239258,88.44999694824219,88.9000015258789,86.9000015258789,87.0999984741211,11351253,yfinance,False
2016-07-08,45.485328674316406,87.44999694824219,87.75,86.6500015258789,87.3499984741211,10410871,yfinance,False
2016-07-11,46.135475158691406,88.69999694824219,89.44999694824219,88.05000305175781,89.0999984741211,12196226,yfinance,False
2016-07-12,47.3838005065918,91.0999984741211,91.19999694824219,89.05000305175781,89.44999694824219,17613650,yfinance,False
2016-07-13,47.48782730102539,91.30000305175781,91.9000015258789,90.3499984741211,91.5999984741211,20556165,yfinance,False
2016-07-14,48.111968994140625,92.5,92.69999694824219,90.44999694824219,91.30000305175781,17133668,yfinance,False
2016-07-15,48.47608184814453,93.19999694824219,93.4000015258789,92.1500015258789,92.30000305175781,17398573,yfinance,False
2016-07-18,48.78815841674805,93.80000305175781,94.05000305175781,92.5,92.94999694824219,12990415,yfinance,False
2016-07-19,48.632110595703125,93.5,93.69999694824219,92.69999694824219,92.69999694824219,21898153,yfinance,False
2016-07-20,49.1002311706543,94.4000015258789,94.4000015258789,92.9000015258789,93.0999984741211,18374471,yfinance,False
2016-07-21,50.97269058227539,98.0,98.5999984741211,94.30000305175781,94.5,32156010,yfinance,False
2016-07-22,50.21851348876953,96.55000305175781,97.6500015258789,96.19999694824219,97.6500015258789,17271450,yfinance,False
2016-07-25,50.452571868896484,97.0,97.25,96.3499984741211,97.0,14427020,yfinance,False
2016-07-26,50.842655181884766,97.75,98.25,96.69999694824219,97.0,17261414,yfinance,False
2016-07-27,50.92066955566406,97.9000015258789,98.4000015258789,97.0,97.75,17955965,yfinance,False
2016-07-28,50.73863983154297,97.55000305175781,97.69999694824219,96.69999694824219,97.1500015258789,14805207,yfinance,False
2016-07-29,49.75039291381836,95.6500015258789,97.9000015258789,95.6500015258789,97.5,13996452,yfinance,False
2016-08-01,50.94668960571289,97.94999694824219,98.19999694824219,97.0,97.0,15461217,yfinance,False
2016-08-02,50.94668960571289,97.94999694824219,97.94999694824219,97.94999694824219,97.94999694824219,0,yfinance,False
2016-08-03,49.69837951660156,95.55000305175781,96.05000305175781,95.30000305175781,95.5,13497388,yfinance,False
2016-08-04,49.43830871582031,95.05000305175781,95.75,94.4000015258789,95.5999984741211,11022075,yfinance,False
2016-08-05,50.1664924621582,96.44999694824219,96.44999694824219,95.1500015258789,95.1500015258789,6916391,yfinance,False
2016-08-08,50.816646575927734,97.69999694824219,97.69999694824219,96.0,97.05000305175781,11722629,yfinance,False
2016-08-09,50.19249725341797,96.5,96.69999694824219,96.05000305175781,96.1500015258789,13558249,yfinance,False
2016-08-10,49.95844650268555,96.05000305175781,97.19999694824219,95.30000305175781,96.5,12609073,yfinance,False
2016-08-11,50.29653549194336,96.69999694824219,98.69999694824219,95.5,95.94999694824219,19638139,yfinance,False
2016-08-12,51.49281692504883,99.0,99.0,97.55000305175781,97.94999694824219,20793286,yfinance,False
2016-08-15,51.3887939453125,98.80000305175781,99.30000305175781,98.19999694824219,98.6500015258789,12868761,yfinance,False
2016-08-16,50.97269058227539,98.0,99.25,97.30000305175781,98.0999984741211,17167451,yfinance,False
2016-08-17,50.426551818847656,96.94999694824219,98.6500015258789,96.44999694824219,98.19999694824219,15245907,yfinance,False
2016-08-18,51.20676040649414,98.44999694824219,99.30000305175781,97.30000305175781,97.5,12770373,yfinance,False
2016-08-19,51.3367805480957,98.69999694824219,99.1500015258789,98.30000305175781,98.44999694824219,10438623,yfinance,False
2016-08-22,50.89467239379883,97.8499984741211,99.19999694824219,97.0999984741211,98.69999694824219,9644008,yfinance,False
2016-08-23,50.92066955566406,97.9000015258789,97.9000015258789,96.5,97.0999984741211,8293556,yfinance,False
2016-08-24,50.634605407714844,97.3499984741211,98.1500015258789,96.8499984741211,97.94999694824219,7046015,yfinance,False
2016-08-25,50.19249725341797,96.5,97.5999984741211,96.5,97.3499984741211,9879102,yfinance,False
2016-08-26,50.062477111816406,96.25,97.25,96.1500015258789,96.44999694824219,10457433,yfinance,False
2016-08-29,50.24451446533203,96.5999984741211,97.0999984741211,96.05000305175781,96.05000305175781,9541485,yfinance,False
2016-08-30,50.374542236328125,96.8499984741211,97.75,96.75,96.8499984741211,11119148,yfinance,False
2016-08-31,49.82841110229492,95.80000305175781,97.5,95.75,97.5,12694703,yfinance,False
2016-09-01,49.98110580444336,94.5999984741211,95.25,93.55000305175781,94.69999694824219,10847027,yfinance,False
2016-09-02,50.21885299682617,95.05000305175781,95.25,94.25,94.55000305175781,12277893,yfinance,False
2016-09-05,50.7471923828125,96.05000305175781,97.19999694824219,95.55000305175781,96.6500015258789,10329504,yfinance,False
2016-09-06,50.456607818603516,95.5,96.9000015258789,94.8499984741211,96.9000015258789,15809913,yfinance,False
2016-09-07,49.9018440246582,94.44999694824219,95.6500015258789,94.0999984741211,95.5,19976511,yfinance,False
2016-09-08,50.852874755859375,96.25,96.4000015258789,94.0999984741211,94.69999694824219,16519974,yfinance,False
2016-09-09,51.777462005615234,98.0,99.30000305175781,96.4000015258789,96.5999984741211,27583263,yfinance,False
2016-09-12,49.92825698852539,94.5,96.1500015258789,94.5,95.1500015258789,22825753,yfinance,False
2016-09-13,50.58869171142578,95.75,96.5,95.25,95.9000015258789,15865871,yfinance,False
2016-09-14,50.456607818603516,95.5,95.94999694824219,95.1500015258789,95.9000015258789,8600133,yfinance,False
2016-09-15,49.92825698852539,94.5,95.55000305175781,94.5,95.1500015258789,17205654,yfinance,False
2016-09-19,50.377349853515625,95.3499984741211,95.8499984741211,95.0999984741211,95.4000015258789,12012269,yfinance,False
2016-09-20,50.377349853515625,95.3499984741211,95.4000015258789,94.5999984741211,95.0,8909034,yfinance,False
2016-09-21,50.72077560424805,96.0,96.30000305175781,95.05000305175781,95.5,8795668,yfinance,False
2016-09-22,51.27553939819336,97.05000305175781,98.0,96.44999694824219,97.3499984741211,13043515,yfinance,False
2016-09-23,50.90568542480469,96.3499984741211,97.0,95.69999694824219,96.80000305175781,12441870,yfinance,False
2016-09-26,50.29810333251953,95.19999694824219,95.94999694824219,94.5,95.55000305175781,9997570,yfinance,False
2016-09-27,50.24527359008789,95.0999984741211,95.75,94.0,94.0,10240246,yfinance,False
2016-09-28,50.69436264038086,95.94999694824219,95.94999694824219,94.44999694824219,94.44999694824219,7777280,yfinance,False
2016-09-29,50.82644271850586,96.19999694824219,96.6500015258789,95.25,96.4000015258789,12589732,yfinance,False
2016-09-30,49.58484649658203,93.8499984741211,95.55000305175781,93.8499984741211,95.05000305175781,15856490,yfinance,False
2016-10-03,50.535858154296875,95.6500015258789,95.94999694824219,95.30000305175781,95.5,7641965,yfinance,False
2016-10-04,50.82644271850586,96.19999694824219,96.4000015258789,95.8499984741211,96.30000305175781,9318668,yfinance,False
2016-10-05,51.27553939819336,97.05000305175781,97.25,95.8499984741211,96.19999694824219,8122057,yfinance,False
2016-10-06,51.48686218261719,97.44999694824219,97.44999694824219,97.0,97.30000305175781,8806565,yfinance,False
2016-10-07,50.95853805541992,96.44999694824219,97.30000305175781,95.75,96.94999694824219,10959470,yfinance,False
2016-10-11,50.324520111083984,95.25,97.5,94.5999984741211,97.5,12713094,yfinance,False
2016-10-12,50.3509407043457,95.30000305175781,95.30000305175781,94.4000015258789,94.4000015258789,9336178,yfinance,False
2016-10-13,49.637672424316406,93.94999694824219,95.1500015258789,93.69999694824219,95.1500015258789,13699767,yfinance,False
2016-10-14,49.58484649658203,93.8499984741211,94.69999694824219,93.75,93.94999694824219,9342178,yfinance,False
2016-10-17,48.686668395996094,92.1500015258789,94.05000305175781,91.9000015258789,93.8499984741211,16411194,yfinance,False
2016-10-18,49.29425048828125,93.30000305175781,93.3499984741211,91.5,92.1500015258789,14812194,yfinance,False
2016-10-19,49.056495666503906,92.8499984741211,94.19999694824219,92.3499984741211,93.9000015258789,11373216,yfinance,False
2016-10-20,48.6074104309082,92.0,93.6500015258789,91.9000015258789,93.5,11298455,yfinance,False
2016-10-21,48.6074104309082,92.0,92.0,92.0,92.0,0,yfinance,False
2016-10-24,48.026241302490234,90.9000015258789,90.94999694824219,89.44999694824219,90.0,26938623,yfinance,False
2016-10-25,47.81489944458008,90.5,91.4000015258789,90.4000015258789,91.4000015258789,21234315,yfinance,False
2016-10-26,47.55072021484375,90.0,90.80000305175781,89.94999694824219,90.05000305175781,14424817,yfinance,False
2016-10-27,47.07522201538086,89.0999984741211,90.69999694824219,88.5999984741211,90.69999694824219,24114791,yfinance,False
2016-10-28,46.59971618652344,88.19999694824219,88.94999694824219,87.80000305175781,88.5999984741211,17253882,yfinance,False
2016-10-31,46.94313049316406,88.8499984741211,90.0,88.5,90.0,17292328,yfinance,False
2016-11-01,47.04880142211914,89.05000305175781,89.8499984741211,88.5,88.5,13685156,yfinance,False
2016-11-02,46.361968994140625,87.75,88.6500015258789,87.75,88.6500015258789,11721836,yfinance,False
2016-11-03,46.17704391479492,87.4000015258789,88.30000305175781,87.4000015258789,87.4000015258789,11149677,yfinance,False
2016-11-04,46.124210357666016,87.30000305175781,88.5,87.05000305175781,87.0999984741211,13211083,yfinance,False
2016-11-07,46.573299407958984,88.1500015258789,89.0,88.0,89.0,14526038,yfinance,False
2016-11-08,46.916725158691406,88.80000305175781,89.0,88.25,88.80000305175781,9341262,yfinance,False
2016-11-09,45.86003875732422,86.80000305175781,89.1500015258789,85.1500015258789,89.1500015258789,25869975,yfinance,False
2016-11-10,46.01853561401367,87.0999984741211,88.5999984741211,87.0999984741211,87.9000015258789,19295927,yfinance,False
2016-11-11,44.51276397705078,84.25,85.80000305175781,84.25,85.3499984741211,32763815,yfinance,False
2016-11-14,44.380680084228516,84.0,84.25,83.0999984741211,84.1500015258789,22343873,yfinance,False
2016-11-15,44.8033561706543,84.80000305175781,85.44999694824219,84.0,84.0,16897990,yfinance,False
2016-11-16,44.59202194213867,84.4000015258789,86.0999984741211,84.4000015258789,85.0,16785133,yfinance,False
2016-11-17,44.77692794799805,84.75,85.0999984741211,83.8499984741211,83.94999694824219,12753585,yfinance,False
2016-11-18,44.697689056396484,84.5999984741211,84.94999694824219,83.8499984741211,84.25,12674796,yfinance,False
2016-11-21,44.48634338378906,84.19999694824219,85.0999984741211,83.5999984741211,84.5,13897030,yfinance,False
2016-11-22,44.59202194213867,84.4000015258789,84.6500015258789,83.8499984741211,84.25,17760351,yfinance,False
2016-11-23,44.380680084228516,84.0,84.6500015258789,83.6500015258789,84.5,16501100,yfinance,False
2016-11-24,44.14292526245117,83.55000305175781,84.0999984741211,83.44999694824219,83.5,11097144,yfinance,False
2016-11-25,44.32784652709961,83.9000015258789,84.55000305175781,83.1500015258789,83.5,9920243,yfinance,False
2016-11-28,44.77692794799805,84.75,85.25,83.44999694824219,83.44999694824219,14179643,yfinance,False
2016-11-29,44.380680084228516,84.0,84.69999694824219,84.0,84.0,12138345,yfinance,False
2016-11-30,44.72410583496094,84.6500015258789,85.80000305175781,84.0,84.6500015258789,22714832,yfinance,False
2016-12-01,45.410945892333984,85.94999694824219,86.0,84.9000015258789,85.19999694824219,12909849,yfinance,False
2016-12-02,44.539188385009766,84.30000305175781,85.75,84.30000305175781,85.5,13882718,yfinance,False
2016-12-05,44.09009552001953,83.44999694824219,84.80000305175781,83.25,84.80000305175781,14733280,yfinance,False
2016-12-06,44.248600006103516,83.75,84.19999694824219,83.19999694824219,83.9000015258789,14036421,yfinance,False
2016-12-07,44.407108306884766,84.05000305175781,84.3499984741211,83.3499984741211,84.25,16427089,yfinance,False
2016-12-08,44.64484786987305,84.5,85.1500015258789,84.25,84.94999694824219,19580933,yfinance,False
2016-12-09,44.169342041015625,83.5999984741211,84.80000305175781,83.44999694824219,84.80000305175781,16169152,yfinance,False
2016-12-12,43.35041427612305,82.05000305175781,84.25,82.0,84.25,17621099,yfinance,False
2016-12-13,43.29757308959961,81.94999694824219,82.3499984741211,81.19999694824219,82.0999984741211,20948546,yfinance,False
2016-12-14,43.42966842651367,82.19999694824219,83.25,82.0,82.5,14243080,yfinance,False
2016-12-15,43.21833038330078,81.80000305175781,82.4000015258789,81.4000015258789,81.69999694824219,17502638,yfinance,False
2016-12-16,42.92774200439453,81.25,81.6500015258789,80.75,81.0999984741211,27643016,yfinance,False
2016-12-19,42.584320068359375,80.5999984741211,81.4000015258789,80.5,80.8499984741211,11430087,yfinance,False
2016-12-20,43.2447395324707,81.8499984741211,82.19999694824219,81.0999984741211,81.30000305175781,13788962,yfinance,False
2016-12-21,43.191917419433594,81.75,82.19999694824219,81.4000015258789,82.05000305175781,9713137,yfinance,False
2016-12-22,42.74282455444336,80.9000015258789,82.0,80.8499984741211,81.75,11472810,yfinance,False
2016-12-23,42.531494140625,80.5,81.19999694824219,80.5,80.69999694824219,13139625,yfinance,False
2016-12-28,42.82207107543945,81.05000305175781,81.4000015258789,80.30000305175781,80.55000305175781,13046728,yfinance,False
2016-12-29,43.03340530395508,81.44999694824219,81.80000305175781,80.80000305175781,80.8499984741211,13124662,yfinance,False
2016-12-30,43.42966842651367,82.19999694824219,82.3499984741211,81.5,81.80000305175781,8851542,yfinance,False
2017-01-03,43.323997497558594,82.0,82.3499984741211,81.3499984741211,81.5999984741211,8419096,yfinance,False
2017-01-04,43.456085205078125,82.25,83.0999984741211,81.5999984741211,82.4000015258789,12119843,yfinance,False
2017-01-05,44.539188385009766,84.30000305175781,84.30000305175781,82.25,82.75,14460491,yfinance,False
2017-01-06,44.380680084228516,84.0,84.6500015258789,83.4000015258789,84.5999984741211,17967218,yfinance,False
2017-01-09,44.380680084228516,84.0,84.69999694824219,83.75,84.69999694824219,6231329,yfinance,False
2017-01-10,44.43351364135742,84.0999984741211,84.1500015258789,83.19999694824219,83.4000015258789,8373406,yfinance,False
2017-01-11,44.90902328491211,85.0,85.30000305175781,84.3499984741211,84.55000305175781,17717102,yfinance,False
2017-01-12,44.829769134521484,84.8499984741211,85.75,84.5999984741211,85.4000015258789,13580002,yfinance,False
2017-01-13,45.09394073486328,85.3499984741211,85.5,84.6500015258789,84.6500015258789,10534390,yfinance,False
2017-01-16,44.51276397705078,84.25,85.3499984741211,83.80000305175781,85.19999694824219,8588963,yfinance,False
2017-01-17,44.93544006347656,85.05000305175781,85.4000015258789,84.25,84.6500015258789,8988167,yfinance,False
2017-01-18,45.67512130737305,86.44999694824219,86.5999984741211,85.5,85.69999694824219,15207693,yfinance,False
2017-01-19,45.622283935546875,86.3499984741211,86.75,85.8499984741211,86.44999694824219,9583586,yfinance,False
2017-01-20,45.6486930847168,86.4000015258789,86.8499984741211,85.8499984741211,86.19999694824219,16718881,yfinance,False
2017-01-23,45.49018859863281,86.0999984741211,86.75,85.80000305175781,86.5999984741211,10776378,yfinance,False
2017-01-24,45.96570587158203,87.0,87.0999984741211,86.0,86.1500015258789,15021756,yfinance,False
2017-01-25,45.86003875732422,86.80000305175781,86.94999694824219,86.19999694824219,86.4000015258789,10813176,yfinance,False
2017-01-26,46.59971618652344,88.19999694824219,88.19999694824219,87.19999694824219,87.3499984741211,15492726,yfinance,False
2017-01-27,46.414791107177734,87.8499984741211,88.55000305175781,87.6500015258789,87.69999694824219,7897897,yfinance,False
2017-02-01,46.837486267089844,88.6500015258789,88.80000305175781,87.30000305175781,87.4000015258789,18067746,yfinance,False
2017-02-02,46.38838577270508,87.80000305175781,88.94999694824219,87.4000015258789,88.19999694824219,10275878,yfinance,False
2017-02-03,45.93928527832031,86.94999694824219,87.94999694824219,86.75,87.3499984741211,10044577,yfinance,False
2017-02-06,46.916725158691406,88.80000305175781,88.80000305175781,87.25,87.25,10856892,yfinance,False
2017-02-07,46.705387115478516,88.4000015258789,89.05000305175781,87.5999984741211,87.5999984741211,11403307,yfinance,False
2017-02-08,46.758209228515625,88.5,88.5,87.19999694824219,87.19999694824219,13782672,yfinance,False
2017-02-09,46.652549743652344,88.30000305175781,88.5999984741211,88.05000305175781,88.19999694824219,10911193,yfinance,False
2017-02-10,46.30912780761719,87.6500015258789,88.80000305175781,87.5999984741211,88.75,13245877,yfinance,False
2017-02-13,46.837486267089844,88.6500015258789,88.6500015258789,87.9000015258789,88.19999694824219,12783557,yfinance,False
2017-02-14,46.44121170043945,87.9000015258789,88.5999984741211,87.25,88.44999694824219,10428300,yfinance,False
2017-02-15,46.22987365722656,87.5,88.3499984741211,87.4000015258789,87.9000015258789,16601489,yfinance,False
2017-02-16,46.414791107177734,87.8499984741211,88.30000305175781,86.94999694824219,87.5,15739156,yfinance,False
2017-02-17,45.75437545776367,86.5999984741211,87.55000305175781,86.3499984741211,87.5,17465369,yfinance,False
2017-02-20,46.044952392578125,87.1500015258789,87.69999694824219,86.30000305175781,86.30000305175781,14208759,yfinance,False
2017-02-21,45.93928527832031,86.94999694824219,87.80000305175781,86.80000305175781,87.30000305175781,11302078,yfinance,False
2017-02-22,46.203460693359375,87.44999694824219,87.9000015258789,86.5999984741211,87.80000305175781,15346584,yfinance,False
2017-02-23,45.622283935546875,86.3499984741211,87.3499984741211,86.0999984741211,86.94999694824219,20749634,yfinance,False
2017-02-24,45.701534271240234,86.5,87.3499984741211,86.5,86.8499984741211,13260361,yfinance,False
2017-02-27,45.727943420410156,86.55000305175781,87.4000015258789,86.4000015258789,87.0,10664126,yfinance,False
2017-02-28,45.22602844238281,85.5999984741211,87.25,85.5,86.75,14597598,yfinance,False
2017-03-01,45.2524528503418,85.6500015258789,86.5999984741211,85.6500015258789,86.55000305175781,11014084,yfinance,False
2017-03-02,45.09394073486328,85.3499984741211,86.44999694824219,84.8499984741211,86.25,20446512,yfinance,False
2017-03-03,44.96186065673828,85.0999984741211,85.6500015258789,84.3499984741211,84.44999694824219,13342144,yfinance,False
2017-03-06,44.8033561706543,84.80000305175781,85.80000305175781,84.19999694824219,85.55000305175781,15023192,yfinance,False
2017-03-07,44.96186065673828,85.0999984741211,85.19999694824219,83.80000305175781,84.0,19783233,yfinance,False
2017-03-08,45.06752395629883,85.30000305175781,85.69999694824219,84.6500015258789,85.0999984741211,10147507,yfinance,False
2017-03-09,44.697689056396484,84.5999984741211,85.1500015258789,84.5,85.0,9107037,yfinance,False
2017-03-10,44.59202194213867,84.4000015258789,85.4000015258789,84.3499984741211,85.4000015258789,7471256,yfinance,False
2017-03-13,44.64484786987305,84.5,85.25,84.44999694824219,85.25,11369980,yfinance,False
2017-03-14,44.43351364135742,84.0999984741211,84.80000305175781,83.8499984741211,84.5,11846735,yfinance,False
2017-03-15,44.14292526245117,83.55000305175781,84.0999984741211,83.30000305175781,83.6500015258789,16659266,yfinance,False
2017-03-16,45.22602844238281,85.5999984741211,85.5999984741211,84.1500015258789,84.55000305175781,17682201,yfinance,False
2017-03-17,46.044952392578125,87.1500015258789,87.30000305175781,86.0,86.44999694824219,27676187,yfinance,False
2017-03-20,47.735652923583984,90.3499984741211,91.1500015258789,88.80000305175781,88.9000015258789,44873857,yfinance,False
2017-03-21,47.735652923583984,90.3499984741211,91.30000305175781,89.6500015258789,90.5,22349484,yfinance,False
2017-03-22,47.735652923583984,90.3499984741211,90.4000015258789,88.80000305175781,88.8499984741211,21665421,yfinance,False
2017-03-23,46.09779739379883,87.25,91.0,87.1500015258789,90.5999984741211,32148777,yfinance,False
2017-03-24,45.67512130737305,86.44999694824219,88.0,86.0,87.9000015258789,34872090,yfinance,False
2017-03-27,45.543033599853516,86.19999694824219,87.44999694824219,85.94999694824219,87.05000305175781,18084300,yfinance,False
2017-03-28,45.86003875732422,86.80000305175781,87.05000305175781,86.19999694824219,87.0,11181247,yfinance,False
2017-03-29,45.6486930847168,86.4000015258789,86.5,85.80000305175781,86.44999694824219,15299906,yfinance,False
2017-03-30,45.27885055541992,85.69999694824219,86.0,85.4000015258789,85.80000305175781,15339903,yfinance,False
2017-03-31,44.93544006347656,85.05000305175781,85.8499984741211,85.05000305175781,85.5999984741211,13162947,yfinance,False
2017-04-03,45.410945892333984,85.94999694824219,86.05000305175781,85.5,86.05000305175781,10039833,yfinance,False
2017-04-05,45.8336181640625,86.75,86.8499984741211,85.80000305175781,85.9000015258789,15865919,yfinance,False
2017-04-06,45.35810852050781,85.8499984741211,86.9000015258789,85.30000305175781,86.9000015258789,15135205,yfinance,False
2017-04-07,45.17319107055664,85.5,85.75,84.5999984741211,85.44999694824219,12230617,yfinance,False
2017-04-10,45.120365142822266,85.4000015258789,85.80000305175781,85.19999694824219,85.5,6690493,yfinance,False
2017-04-11,44.565589904785156,84.3499984741211,85.55000305175781,84.30000305175781,85.4000015258789,13416042,yfinance,False
2017-04-12,44.829769134521484,84.8499984741211,85.0,84.19999694824219,85.0,15167762,yfinance,False
2017-04-13,44.64484786987305,84.5,84.80000305175781,84.19999694824219,84.19999694824219,9090380,yfinance,False
2017-04-18,44.14292526245117,83.55000305175781,84.30000305175781,83.4000015258789,84.0999984741211,16307248,yfinance,False
2017-04-19,43.958003997802734,83.19999694824219,83.8499984741211,83.0,83.80000305175781,13690344,yfinance,False
2017-04-20,44.459930419921875,84.1500015258789,84.4000015258789,83.55000305175781,83.80000305175781,12222310,yfinance,False
2017-04-21,44.30142593383789,83.8499984741211,84.69999694824219,83.5999984741211,84.5,12845266,yfinance,False
2017-04-24,43.74667739868164,82.80000305175781,84.44999694824219,82.3499984741211,84.44999694824219,26813942,yfinance,False
2017-04-25,43.958003997802734,83.19999694824219,83.19999694824219,82.8499984741211,83.05000305175781,17007682,yfinance,False
2017-04-26,44.19575881958008,83.6500015258789,83.80000305175781,83.30000305175781,83.3499984741211,16505483,yfinance,False
2017-04-27,44.169342041015625,83.5999984741211,83.80000305175781,82.9000015258789,83.80000305175781,17346677,yfinance,False
2017-04-28,43.825923919677734,82.94999694824219,83.5999984741211,82.69999694824219,83.5999984741211,16740477,yfinance,False
2017-05-02,43.773094177246094,82.8499984741211,83.44999694824219,82.5999984741211,82.6500015258789,16100586,yfinance,False
2017-05-04,44.222171783447266,83.69999694824219,83.8499984741211,82.8499984741211,82.8499984741211,17542881,yfinance,False
2017-05-05,44.539188385009766,84.30000305175781,84.9000015258789,83.55000305175781,83.5999984741211,26905620,yfinance,False
2017-05-08,44.539188385009766,84.30000305175781,84.8499984741211,83.80000305175781,84.8499984741211,12942105,yfinance,False
2017-05-09,44.8033561706543,84.80000305175781,85.0,84.0,84.55000305175781,10305095,yfinance,False
2017-05-10,45.14678192138672,85.44999694824219,85.55000305175781,84.69999694824219,84.69999694824219,16940179,yfinance,False
2017-05-11,45.04111099243164,85.25,85.5999984741211,85.0,85.5999984741211,13636600,yfinance,False
2017-05-12,44.96186065673828,85.0999984741211,85.25,84.55000305175781,85.0999984741211,16172877,yfinance,False
2017-05-15,45.199615478515625,85.55000305175781,85.80000305175781,84.30000305175781,84.5,13967611,yfinance,False
2017-05-16,45.35810852050781,85.8499984741211,86.1500015258789,85.19999694824219,85.9000015258789,13880039,yfinance,False
2017-05-17,45.331695556640625,85.80000305175781,86.19999694824219,85.5999984741211,85.94999694824219,9280321,yfinance,False
2017-05-18,45.014686584472656,85.19999694824219,85.80000305175781,84.69999694824219,85.30000305175781,13063849,yfinance,False
2017-05-19,45.3052864074707,85.75,85.9000015258789,85.4000015258789,85.69999694824219,14003148,yfinance,False
2017-05-22,45.67512130737305,86.44999694824219,86.75,85.9000015258789,86.19999694824219,15820199,yfinance,False
2017-05-23,45.569454193115234,86.25,86.80000305175781,85.5999984741211,86.05000305175781,11329015,yfinance,False
2017-05-24,45.59585952758789,86.30000305175781,86.5,86.0999984741211,86.30000305175781,7555353,yfinance,False
2017-05-25,45.886451721191406,86.8499984741211,87.0,86.5999984741211,86.8499984741211,11022095,yfinance,False
2017-05-26,45.5166130065918,86.1500015258789,86.69999694824219,85.75,86.55000305175781,14238140,yfinance,False
2017-05-29,45.543033599853516,86.19999694824219,86.4000015258789,85.80000305175781,86.1500015258789,10297130,yfinance,False
2017-05-31,45.67512130737305,86.44999694824219,87.1500015258789,86.4000015258789,86.80000305175781,18134808,yfinance,False
2017-06-01,45.93928527832031,86.94999694824219,87.19999694824219,86.55000305175781,87.19999694824219,12112549,yfinance,False
2017-06-02,45.828330993652344,85.5,86.0999984741211,85.0999984741211,86.0999984741211,12790044,yfinance,False
2017-06-05,45.66753005981445,85.19999694824219,85.69999694824219,84.9000015258789,85.69999694824219,9535233,yfinance,False
2017-06-06,45.721134185791016,85.30000305175781,85.5,84.80000305175781,84.80000305175781,5206583,yfinance,False
2017-06-07,45.66753005981445,85.19999694824219,85.44999694824219,85.05000305175781,85.19999694824219,8056408,yfinance,False
2017-06-08,45.560333251953125,85.0,85.4000015258789,84.69999694824219,85.19999694824219,9224786,yfinance,False
2017-06-09,45.02432632446289,84.0,85.0,83.69999694824219,85.0,31669748,yfinance,False
2017-06-12,44.70272445678711,83.4000015258789,84.1500015258789,83.30000305175781,83.94999694824219,13554658,yfinance,False
2017-06-13,44.970733642578125,83.9000015258789,84.1500015258789,83.55000305175781,83.94999694824219,10117809,yfinance,False
2017-06-14,45.15833282470703,84.25,84.25,83.55000305175781,83.69999694824219,12073016,yfinance,False
2017-06-15,44.80992126464844,83.5999984741211,84.0999984741211,83.55000305175781,83.80000305175781,7511885,yfinance,False
2017-06-16,45.10472869873047,84.1500015258789,84.1500015258789,83.55000305175781,84.0,12085604,yfinance,False
2017-06-19,45.051143646240234,84.05000305175781,84.44999694824219,83.69999694824219,84.44999694824219,8827103,yfinance,False
2017-06-20,44.863525390625,83.69999694824219,83.94999694824219,83.44999694824219,83.8499984741211,12357669,yfinance,False
2017-06-21,44.836734771728516,83.6500015258789,83.80000305175781,83.19999694824219,83.80000305175781,11374884,yfinance,False
2017-06-22,44.836734771728516,83.6500015258789,84.05000305175781,83.44999694824219,83.5,7763098,yfinance,False
2017-06-23,44.70272445678711,83.4000015258789,83.9000015258789,83.30000305175781,83.5,12165711,yfinance,False
2017-06-26,44.541927337646484,83.0999984741211,83.55000305175781,83.05000305175781,83.44999694824219,13055000,yfinance,False
2017-06-27,44.48831558227539,83.0,83.4000015258789,82.8499984741211,83.0999984741211,12977573,yfinance,False
2017-06-28,44.43473434448242,82.9000015258789,83.19999694824219,82.80000305175781,83.0,11465798,yfinance,False
2017-06-29,44.541927337646484,83.0999984741211,83.6500015258789,82.94999694824219,83.0,10845031,yfinance,False
2017-06-30,44.40793228149414,82.8499984741211,82.9000015258789,82.5,82.5,11027256,yfinance,False
2017-07-03,44.40793228149414,82.8499984741211,82.9000015258789,82.5,82.5999984741211,10395990,yfinance,False
2017-07-04,44.03272247314453,82.1500015258789,82.80000305175781,81.80000305175781,82.5999984741211,11071411,yfinance,False
2017-07-05,43.46992111206055,81.0999984741211,81.69999694824219,80.30000305175781,81.5,24017396,yfinance,False
2017-07-06,43.04111099243164,80.30000305175781,80.75,80.0999984741211,80.69999694824219,22975183,yfinance,False
2017-07-07,43.36272048950195,80.9000015258789,81.4000015258789,80.0,80.25,20176085,yfinance,False
2017-07-10,43.282318115234375,80.75,81.55000305175781,80.69999694824219,81.0,11715456,yfinance,False
2017-07-11,43.41632080078125,81.0,81.55000305175781,80.80000305175781,80.80000305175781,18157431,yfinance,False
2017-07-12,43.25551223754883,80.69999694824219,81.4000015258789,80.69999694824219,80.80000305175781,17182209,yfinance,False
2017-07-13,43.952327728271484,82.0,82.1500015258789,81.30000305175781,81.5,18588906,yfinance,False
2017-07-14,44.08632278442383,82.25,82.44999694824219,81.5999984741211,82.19999694824219,13498743,yfinance,False
2017-07-17,44.11312484741211,82.30000305175781,82.8499984741211,82.05000305175781,82.75,12918669,yfinance,False
2017-07-18,44.24711990356445,82.55000305175781,82.69999694824219,82.3499984741211,82.5999984741211,12781318,yfinance,False
2017-07-19,44.43473434448242,82.9000015258789,83.1500015258789,82.69999694824219,83.0,10103553,yfinance,False
2017-07-20,44.30072784423828,82.6500015258789,83.5,82.5,83.5,10175920,yfinance,False
2017-07-21,45.15833282470703,84.25,84.75,82.75,83.0,30190182,yfinance,False
2017-07-24,45.18513488769531,84.30000305175781,84.5999984741211,84.05000305175781,84.5,16857698,yfinance,False
2017-07-25,44.91712188720703,83.80000305175781,84.5999984741211,83.75,84.5999984741211,10893880,yfinance,False
2017-07-26,44.836734771728516,83.6500015258789,84.1500015258789,83.30000305175781,83.6500015258789,11069534,yfinance,False
2017-07-27,44.67592239379883,83.3499984741211,83.9000015258789,83.1500015258789,83.9000015258789,12496517,yfinance,False
2017-07-28,44.72952651977539,83.44999694824219,83.94999694824219,83.25,83.4000015258789,13032251,yfinance,False
2017-07-31,44.89033126831055,83.75,83.75,83.19999694824219,83.69999694824219,16025551,yfinance,False
2017-08-01,44.72952651977539,83.44999694824219,84.0,83.30000305175781,84.0,12079029,yfinance,False
2017-08-02,44.48831558227539,83.0,83.69999694824219,83.0,83.69999694824219,14787914,yfinance,False
2017-08-03,44.863525390625,83.69999694824219,84.30000305175781,82.94999694824219,82.94999694824219,13763556,yfinance,False
2017-08-04,44.67592239379883,83.3499984741211,83.94999694824219,83.30000305175781,83.69999694824219,12840141,yfinance,False
2017-08-07,44.80992126464844,83.5999984741211,83.80000305175781,83.19999694824219,83.19999694824219,10647843,yfinance,False
2017-08-08,45.26552963256836,84.44999694824219,84.6500015258789,83.4000015258789,83.4000015258789,16331650,yfinance,False
2017-08-09,45.37273406982422,84.6500015258789,85.75,84.05000305175781,84.19999694824219,23224856,yfinance,False
2017-08-10,46.63233947753906,87.0,89.5999984741211,84.0,85.0,74570969,yfinance,False
2017-08-11,47.00754165649414,87.69999694824219,88.44999694824219,86.9000015258789,87.0,51141960,yfinance,False
2017-08-14,46.8735466003418,87.44999694824219,88.94999694824219,87.30000305175781,88.69999694824219,23664724,yfinance,False
2017-08-15,46.49833679199219,86.75,87.80000305175781,86.55000305175781,87.80000305175781,19851349,yfinance,False
2017-08-16,46.63233947753906,87.0,87.6500015258789,86.80000305175781,87.0,13776910,yfinance,False
2017-08-17,46.364341735839844,86.5,87.3499984741211,86.30000305175781,87.3499984741211,14849903,yfinance,False
2017-08-18,46.310733795166016,86.4000015258789,87.19999694824219,86.0,86.19999694824219,15241048,yfinance,False
2017-08-21,46.73953628540039,87.19999694824219,87.6500015258789,86.55000305175781,86.55000305175781,11704358,yfinance,False
2017-08-22,46.8735466003418,87.44999694824219,88.25,87.44999694824219,87.6500015258789,15237582,yfinance,False
2017-08-23,46.8735466003418,87.44999694824219,87.44999694824219,87.44999694824219,87.44999694824219,0,yfinance,False
2017-08-24,46.90034103393555,87.5,88.9000015258789,87.5,88.9000015258789,14870601,yfinance,False
2017-08-25,47.00754165649414,87.69999694824219,88.0999984741211,87.0,87.30000305175781,13423640,yfinance,False
2017-08-28,47.141544342041016,87.94999694824219,88.44999694824219,87.80000305175781,88.0,19113627,yfinance,False
2017-08-29,47.22195053100586,88.0999984741211,88.5,87.5999984741211,87.9000015258789,15543798,yfinance,False
2017-08-30,47.35594940185547,88.3499984741211,88.5,88.05000305175781,88.05000305175781,24140679,yfinance,False
2017-08-31,47.057159423828125,83.0,83.5,82.80000305175781,83.44999694824219,17906293,yfinance,False
2017-09-01,47.0004768371582,82.9000015258789,83.3499984741211,82.55000305175781,83.30000305175781,12050114,yfinance,False
2017-09-04,46.40515899658203,81.8499984741211,82.8499984741211,81.69999694824219,82.5999984741211,14323000,yfinance,False
2017-09-05,46.49021530151367,82.0,82.44999694824219,81.8499984741211,82.30000305175781,9720449,yfinance,False
2017-09-06,46.49021530151367,82.0,82.25,81.8499984741211,82.1500015258789,10843422,yfinance,False
2017-09-07,46.688636779785156,82.3499984741211,82.8499984741211,82.0,82.8499984741211,11785118,yfinance,False
2017-09-08,46.6602897644043,82.30000305175781,82.69999694824219,82.0999984741211,82.0999984741211,8066382,yfinance,False
2017-09-11,46.91541290283203,82.75,83.25,82.6500015258789,83.19999694824219,16360486,yfinance,False
2017-09-12,46.88707733154297,82.69999694824219,83.0,82.5,82.5,8021110,yfinance,False
2017-09-13,46.63194274902344,82.25,82.94999694824219,82.0,82.75,13967805,yfinance,False
2017-09-14,45.838218688964844,80.8499984741211,82.05000305175781,80.75,82.0,23021991,yfinance,False
2017-09-15,46.206729888916016,81.5,81.8499984741211,80.75,81.25,24027269,yfinance,False
2017-09-18,45.97994613647461,81.0999984741211,82.0,80.8499984741211,82.0,14603571,yfinance,False
2017-09-19,46.008296966552734,81.1500015258789,81.5,80.9000015258789,81.5,11674597,yfinance,False
2017-09-20,45.75316619873047,80.69999694824219,81.5,80.5,81.5,14002497,yfinance,False
2017-09-21,45.441341400146484,80.1500015258789,80.6500015258789,79.9000015258789,80.6500015258789,20082234,yfinance,False
2017-09-22,45.01612854003906,79.4000015258789,79.94999694824219,79.25,79.80000305175781,21254276,yfinance,False
2017-09-25,44.817691802978516,79.05000305175781,79.30000305175781,78.5999984741211,78.5999984741211,22485226,yfinance,False
2017-09-26,45.2712516784668,79.8499984741211,80.30000305175781,78.94999694824219,79.4000015258789,20708566,yfinance,False
2017-09-27,45.4980354309082,80.25,80.5999984741211,79.55000305175781,80.0,20804942,yfinance,False
2017-09-28,45.04446792602539,79.44999694824219,80.25,79.25,80.25,18363057,yfinance,False
2017-09-29,44.874385833740234,79.1500015258789,79.5999984741211,78.80000305175781,79.0,14261060,yfinance,False
2017-10-03,45.04446792602539,79.44999694824219,79.5,78.5999984741211,79.3499984741211,14551342,yfinance,False
2017-10-04,44.817691802978516,79.05000305175781,79.8499984741211,79.0,79.75,13220524,yfinance,False
2017-10-06,44.76099395751953,78.94999694824219,79.6500015258789,78.69999694824219,79.6500015258789,19670833,yfinance,False
2017-10-09,44.420841217041016,78.3499984741211,79.0,78.30000305175781,78.5,15765837,yfinance,False
2017-10-10,44.78934097290039,79.0,79.4000015258789,78.30000305175781,78.5,17763673,yfinance,False
2017-10-11,44.47751998901367,78.44999694824219,79.25,78.19999694824219,79.0999984741211,20382829,yfinance,False
2017-10-12,44.76099395751953,78.94999694824219,79.0999984741211,78.44999694824219,78.80000305175781,12608075,yfinance,False
2017-10-13,44.449180603027344,78.4000015258789,78.80000305175781,78.19999694824219,78.5999984741211,15074857,yfinance,False
2017-10-16,44.619258880615234,78.69999694824219,79.30000305175781,78.5,79.0,15128444,yfinance,False
2017-10-17,44.874385833740234,79.1500015258789,79.44999694824219,78.69999694824219,79.0999984741211,10165872,yfinance,False
2017-10-18,44.874385833740234,79.1500015258789,79.69999694824219,79.0999984741211,79.69999694824219,11989161,yfinance,False
2017-10-19,44.39247512817383,78.30000305175781,79.69999694824219,78.25,79.69999694824219,13335252,yfinance,False
2017-10-20,44.95943069458008,79.30000305175781,79.5,78.94999694824219,79.5,21525348,yfinance,False
2017-10-23,44.73264694213867,78.9000015258789,79.44999694824219,78.5,79.3499984741211,13820685,yfinance,False
2017-10-24,44.505863189697266,78.5,79.25,78.30000305175781,79.1500015258789,13857329,yfinance,False
2017-10-25,44.449180603027344,78.4000015258789,78.94999694824219,78.0999984741211,78.94999694824219,13201740,yfinance,False
2017-10-26,44.2507438659668,78.05000305175781,78.5,77.80000305175781,78.0,11402386,yfinance,False
2017-10-27,44.902732849121094,79.19999694824219,79.25,78.5,79.25,13500571,yfinance,False
2017-10-30,44.76099395751953,78.94999694824219,79.69999694824219,78.94999694824219,79.5999984741211,14692333,yfinance,False
2017-10-31,44.420841217041016,78.3499984741211,79.05000305175781,78.1500015258789,78.80000305175781,13462466,yfinance,False
2017-11-01,45.01612854003906,79.4000015258789,79.55000305175781,78.5,78.94999694824219,19160194,yfinance,False
2017-11-02,44.56256103515625,78.5999984741211,79.44999694824219,78.5999984741211,79.3499984741211,11648646,yfinance,False
2017-11-03,44.704307556152344,78.8499984741211,79.4000015258789,78.6500015258789,78.9000015258789,14889378,yfinance,False
2017-11-06,44.590911865234375,78.6500015258789,78.8499984741211,77.94999694824219,78.8499984741211,18807903,yfinance,False
2017-11-07,44.84604263305664,79.0999984741211,79.30000305175781,78.69999694824219,79.0999984741211,10771076,yfinance,False
2017-11-08,44.93107986450195,79.25,79.3499984741211,78.8499984741211,79.0,7843785,yfinance,False
2017-11-09,45.157867431640625,79.6500015258789,79.94999694824219,79.0,79.44999694824219,12652296,yfinance,False
2017-11-10,45.52638244628906,80.30000305175781,81.0999984741211,79.55000305175781,79.80000305175781,24941960,yfinance,False
2017-11-13,45.101173400878906,79.55000305175781,80.30000305175781,79.55000305175781,80.0999984741211,15884848,yfinance,False
2017-11-14,44.53422164916992,78.55000305175781,79.94999694824219,78.55000305175781,79.9000015258789,16535170,yfinance,False
2017-11-15,44.53422164916992,78.55000305175781,79.4000015258789,78.55000305175781,79.0,12818509,yfinance,False
2017-11-16,44.27907943725586,78.0999984741211,79.25,78.05000305175781,79.0999984741211,15310965,yfinance,False
2017-11-17,44.307437896728516,78.1500015258789,78.75,78.0999984741211,78.69999694824219,12497896,yfinance,False
2017-11-20,44.2507438659668,78.05000305175781,78.3499984741211,78.0,78.1500015258789,8804013,yfinance,False
2017-11-21,44.39247512817383,78.30000305175781,78.4000015258789,77.80000305175781,78.25,12363572,yfinance,False
2017-11-22,44.76099395751953,78.94999694824219,79.6500015258789,78.5999984741211,78.80000305175781,15563898,yfinance,False
2017-11-23,44.817691802978516,79.05000305175781,79.19999694824219,78.5,79.0,13544590,yfinance,False
2017-11-24,45.157867431640625,79.6500015258789,79.9000015258789,78.94999694824219,79.05000305175781,11069836,yfinance,False
2017-11-27,45.101173400878906,79.55000305175781,79.9000015258789,78.9000015258789,79.9000015258789,10035845,yfinance,False
2017-11-28,45.554744720458984,80.3499984741211,80.8499984741211,79.55000305175781,79.9000015258789,22782699,yfinance,False
2017-11-29,45.384647369384766,80.05000305175781,80.19999694824219,79.69999694824219,79.9000015258789,12672107,yfinance,False
2017-11-30,44.93107986450195,79.25,80.0999984741211,79.0999984741211,79.5,22525311,yfinance,False
2017-12-01,44.67595291137695,78.80000305175781,79.69999694824219,78.75,79.69999694824219,9757772,yfinance,False
2017-12-04,44.505863189697266,78.5,79.25,78.5,79.25,10219901,yfinance,False
2017-12-05,44.420841217041016,78.3499984741211,79.0999984741211,78.19999694824219,78.30000305175781,8155716,yfinance,False
2017-12-06,43.85387420654297,77.3499984741211,78.80000305175781,77.0,78.5,17694079,yfinance,False
2017-12-07,43.428653717041016,76.5999984741211,77.75,76.25,77.4000015258789,14191212,yfinance,False
2017-12-08,43.08848571777344,76.0,76.9000015258789,75.80000305175781,76.44999694824219,18960150,yfinance,False
2017-12-11,43.03179168701172,75.9000015258789,76.69999694824219,75.80000305175781,76.69999694824219,14087675,yfinance,False
2017-12-12,43.31526565551758,76.4000015258789,76.55000305175781,76.0,76.0,12243890,yfinance,False
2017-12-13,43.54204559326172,76.80000305175781,77.05000305175781,76.4000015258789,76.5999984741211,11581900,yfinance,False
2017-12-14,43.62709045410156,76.94999694824219,77.1500015258789,76.55000305175781,76.80000305175781,12597924,yfinance,False
2017-12-15,43.54204559326172,76.80000305175781,76.9000015258789,76.25,76.5,18327257,yfinance,False
2017-12-18,43.57040023803711,76.8499984741211,77.44999694824219,76.3499984741211,77.44999694824219,9340213,yfinance,False
2017-12-19,43.57040023803711,76.8499984741211,77.5,76.5999984741211,77.5,10014152,yfinance,False
2017-12-20,44.023956298828125,77.6500015258789,77.80000305175781,77.0999984741211,77.30000305175781,10650962,yfinance,False
2017-12-21,43.88221740722656,77.4000015258789,77.6500015258789,76.8499984741211,77.0,9736677,yfinance,False
2017-12-22,44.22239303588867,78.0,78.0,77.3499984741211,77.75,9269905,yfinance,False
2017-12-27,44.449180603027344,78.4000015258789,78.80000305175781,78.0,78.5,7691807,yfinance,False
2017-12-28,44.335777282714844,78.19999694824219,78.55000305175781,78.0,78.4000015258789,6343236,yfinance,False
2017-12-29,44.93107986450195,79.25,79.5999984741211,78.30000305175781,78.80000305175781,14795774,yfinance,False
2018-01-02,44.93107986450195,79.25,79.75,79.0999984741211,79.5,13527111,yfinance,False
2018-01-03,44.335777282714844,78.19999694824219,79.0999984741211,78.0,78.80000305175781,13688713,yfinance,False
2018-01-04,44.307437896728516,78.1500015258789,79.0,78.1500015258789,79.0,14028434,yfinance,False
2018-01-05,44.2507438659668,78.05000305175781,78.69999694824219,77.8499984741211,78.0,10705598,yfinance,False
2018-01-08,44.22239303588867,78.0,78.80000305175781,77.9000015258789,78.75,13933994,yfinance,False
2018-01-09,44.165706634521484,77.9000015258789,78.4000015258789,77.75,78.4000015258789,12268067,yfinance,False
2018-01-10,43.88221740722656,77.4000015258789,78.1500015258789,77.4000015258789,77.9000015258789,15887046,yfinance,False
2018-01-11,44.2507438659668,78.05000305175781,78.1500015258789,77.0,77.0,16022644,yfinance,False
2018-01-12,44.08065414428711,77.75,78.44999694824219,77.5999984741211,78.4000015258789,15153587,yfinance,False
2018-01-15,44.505863189697266,78.5,79.30000305175781,77.94999694824219,78.0999984741211,17858704,yfinance,False
2018-01-16,44.98778533935547,79.3499984741211,79.4000015258789,78.55000305175781,79.0,17128708,yfinance,False
2018-01-17,44.874385833740234,79.1500015258789,79.69999694824219,78.9000015258789,79.30000305175781,22823664,yfinance,False
2018-01-18,46.17837142944336,81.44999694824219,81.44999694824219,79.05000305175781,79.3499984741211,38361630,yfinance,False
2018-01-19,45.63978576660156,80.5,82.05000305175781,80.4000015258789,82.0,28404840,yfinance,False
2018-01-22,46.12169647216797,81.3499984741211,81.69999694824219,80.25,80.80000305175781,27426702,yfinance,False
2018-01-23,46.263423919677734,81.5999984741211,82.0,81.05000305175781,81.69999694824219,23596801,yfinance,False
2018-01-24,46.94377136230469,82.80000305175781,82.9000015258789,81.19999694824219,81.5999984741211,25613640,yfinance,False
2018-01-25,46.802032470703125,82.55000305175781,84.05000305175781,82.55000305175781,82.94999694824219,37306449,yfinance,False
2018-01-26,46.6602897644043,82.30000305175781,83.0,81.9000015258789,83.0,15666131,yfinance,False
2018-01-29,46.7736930847168,82.5,83.19999694824219,82.5,83.0,18731699,yfinance,False
2018-01-30,46.575252532958984,82.1500015258789,82.94999694824219,81.6500015258789,82.69999694824219,20152124,yfinance,False
2018-01-31,46.83037185668945,82.5999984741211,82.94999694824219,81.5,82.5,23738266,yfinance,False
2018-02-01,46.49021530151367,82.0,82.8499984741211,82.0,82.4000015258789,12452014,yfinance,False
2018-02-02,45.86656188964844,80.9000015258789,82.05000305175781,80.80000305175781,82.0,17047208,yfinance,False
2018-02-05,45.29960632324219,79.9000015258789,80.3499984741211,79.5999984741211,80.05000305175781,17439713,yfinance,False
2018-02-06,44.13734817504883,77.8499984741211,78.69999694824219,77.5,78.5999984741211,26890778,yfinance,False
2018-02-07,43.740482330322266,77.1500015258789,79.25,77.1500015258789,79.25,25062041,yfinance,False
2018-02-08,43.768836975097656,77.19999694824219,78.30000305175781,77.0,77.30000305175781,14698229,yfinance,False
2018-02-09,42.29475402832031,74.5999984741211,76.8499984741211,74.55000305175781,76.5999984741211,35152358,yfinance,False
2018-02-12,41.95457077026367,74.0,75.05000305175781,74.0,74.5999984741211,24819482,yfinance,False
2018-02-13,41.6994514465332,73.55000305175781,75.3499984741211,73.30000305175781,75.25,25451950,yfinance,False
2018-02-14,41.78449249267578,73.69999694824219,73.94999694824219,72.8499984741211,72.8499984741211,24025832,yfinance,False
2018-02-15,42.067970275878906,74.19999694824219,74.69999694824219,73.69999694824219,73.69999694824219,12506797,yfinance,False
2018-02-20,41.95457077026367,74.0,74.75,73.55000305175781,74.19999694824219,12627082,yfinance,False
2018-02-21,42.663265228271484,75.25,75.5999984741211,74.3499984741211,74.44999694824219,15765517,yfinance,False
2018-02-22,42.32310104370117,74.6500015258789,75.0,74.19999694824219,74.6500015258789,9912116,yfinance,False
2018-02-23,42.379798889160156,74.75,75.25,74.75,75.19999694824219,10620938,yfinance,False
2018-02-26,42.096317291259766,74.25,75.9000015258789,74.19999694824219,75.9000015258789,17486761,yfinance,False
2018-02-27,41.86953353881836,73.8499984741211,74.55000305175781,73.69999694824219,74.30000305175781,21454593,yfinance,False
2018-02-28,41.614402770996094,73.4000015258789,73.94999694824219,73.1500015258789,73.8499984741211,20805113,yfinance,False
2018-03-01,41.33092498779297,72.9000015258789,73.25,72.6500015258789,73.0,29285051,yfinance,False
2018-03-02,41.16084289550781,72.5999984741211,73.25,72.30000305175781,72.75,47783592,yfinance,False
2018-03-05,39.856849670410156,70.30000305175781,72.8499984741211,70.0,72.5,33519640,yfinance,False
2018-03-06,40.08362579345703,70.69999694824219,71.5999984741211,70.30000305175781,71.1500015258789,26353984,yfinance,False
2018-03-07,39.9702262878418,70.5,71.19999694824219,70.5,70.9000015258789,20793963,yfinance,False
2018-03-08,40.67892837524414,71.75,71.9000015258789,70.94999694824219,71.19999694824219,14891898,yfinance,False
2018-03-09,40.93406295776367,72.19999694824219,72.94999694824219,71.8499984741211,72.94999694824219,13532241,yfinance,False
2018-03-12,41.13249588012695,72.55000305175781,72.8499984741211,72.25,72.55000305175781,14524987,yfinance,False
2018-03-13,40.65058517456055,71.69999694824219,72.3499984741211,71.3499984741211,72.3499984741211,17801661,yfinance,False
2018-03-14,40.67892837524414,71.75,72.0,71.0999984741211,71.3499984741211,14639496,yfinance,False
2018-03-15,40.792320251464844,71.94999694824219,72.3499984741211,71.19999694824219,71.75,10865599,yfinance,False
2018-03-16,40.99076461791992,72.30000305175781,72.30000305175781,71.55000305175781,71.94999694824219,21432553,yfinance,False
2018-03-19,41.2175407409668,72.69999694824219,72.94999694824219,71.6500015258789,71.69999694824219,10643026,yfinance,False
2018-03-20,41.302581787109375,72.8499984741211,72.94999694824219,72.0,72.0,12815352,yfinance,False
2018-03-21,40.99076461791992,72.30000305175781,73.1500015258789,72.19999694824219,72.19999694824219,16393845,yfinance,False
2018-03-22,40.67892837524414,71.75,72.80000305175781,71.6500015258789,71.94999694824219,16763809,yfinance,False
2018-03-23,40.14032745361328,70.80000305175781,71.4000015258789,70.5,71.0,21533334,yfinance,False
2018-03-26,39.99858856201172,70.55000305175781,70.55000305175781,69.6500015258789,70.1500015258789,19607446,yfinance,False
2018-03-27,41.245887756347656,72.75,72.9000015258789,71.0999984741211,71.25,25810526,yfinance,False
2018-03-28,40.423805236816406,71.30000305175781,72.44999694824219,71.30000305175781,72.0,13985797,yfinance,False
2018-03-29,40.792320251464844,71.94999694824219,72.55000305175781,71.3499984741211,72.25,16700994,yfinance,False
2018-04-03,41.13249588012695,72.55000305175781,72.5999984741211,71.5999984741211,72.5999984741211,20396559,yfinance,False
2018-04-04,39.94189453125,70.44999694824219,72.94999694824219,70.44999694824219,72.80000305175781,16985695,yfinance,False
2018-04-06,40.5655403137207,71.55000305175781,72.0,71.0,71.9000015258789,17538706,yfinance,False
2018-04-09,41.67109680175781,73.5,73.75,72.1500015258789,72.55000305175781,21798275,yfinance,False
2018-04-10,42.18136215209961,74.4000015258789,74.94999694824219,73.25,73.6500015258789,24315439,yfinance,False
2018-04-11,41.78449249267578,73.69999694824219,74.0,73.19999694824219,73.19999694824219,14116587,yfinance,False
2018-04-12,41.812843322753906,73.75,74.30000305175781,73.30000305175781,74.30000305175781,13554312,yfinance,False
2018-04-13,41.812843322753906,73.75,74.0,73.5,74.0,9776767,yfinance,False
2018-04-16,41.38762283325195,73.0,74.5,72.6500015258789,74.5,13348646,yfinance,False
2018-04-17,41.16084289550781,72.5999984741211,73.55000305175781,72.4000015258789,73.5,16610335,yfinance,False
2018-04-18,41.13249588012695,72.55000305175781,73.19999694824219,72.1500015258789,73.0,15870393,yfinance,False
2018-04-19,41.27423858642578,72.80000305175781,72.8499984741211,72.3499984741211,72.80000305175781,16674443,yfinance,False
2018-04-20,41.44432067871094,73.0999984741211,73.5,72.5999984741211,72.80000305175781,22880978,yfinance,False
2018-04-23,41.302581787109375,72.8499984741211,73.4000015258789,72.55000305175781,73.4000015258789,11718520,yfinance,False
2018-04-24,41.95457077026367,74.0,74.0999984741211,72.8499984741211,72.9000015258789,14176346,yfinance,False
2018-04-25,41.2175407409668,72.69999694824219,74.0,72.5,74.0,13054567,yfinance,False
2018-04-26,40.87736511230469,72.0999984741211,72.9000015258789,72.0,72.05000305175781,19250531,yfinance,False
2018-04-27,42.32310104370117,74.6500015258789,74.6500015258789,73.0,73.30000305175781,27426379,yfinance,False
2018-04-30,42.63492202758789,75.19999694824219,75.4000015258789,74.44999694824219,74.9000015258789,18440347,yfinance,False
2018-05-02,42.40813064575195,74.80000305175781,75.30000305175781,74.44999694824219,75.19999694824219,13659516,yfinance,False
2018-05-03,41.67109680175781,73.5,74.0999984741211,73.5,73.9000015258789,12580292,yfinance,False
2018-05-04,41.38762283325195,73.0,74.25,72.69999694824219,73.5,14187407,yfinance,False
2018-05-07,41.614402770996094,73.4000015258789,74.0,72.5999984741211,74.0,8581554,yfinance,False
2018-05-08,41.841182708740234,73.80000305175781,74.0999984741211,73.05000305175781,73.80000305175781,13662432,yfinance,False
2018-05-09,41.6994514465332,73.55000305175781,73.8499984741211,72.9000015258789,73.19999694824219,10881006,yfinance,False
2018-05-10,41.64275360107422,73.44999694824219,73.80000305175781,73.30000305175781,73.5,10175119,yfinance,False
2018-05-11,41.86953353881836,73.8499984741211,74.30000305175781,73.5,74.19999694824219,7329949,yfinance,False
2018-05-14,42.124664306640625,74.30000305175781,75.0,74.0999984741211,75.0,8776915,yfinance,False
2018-05-15,41.98292541503906,74.05000305175781,74.30000305175781,73.8499984741211,73.94999694824219,9851961,yfinance,False
2018-05-16,41.95457077026367,74.0,74.4000015258789,73.55000305175781,74.0,13446360,yfinance,False
2018-05-17,41.586055755615234,73.3499984741211,74.19999694824219,73.3499984741211,74.0,12462857,yfinance,False
2018-05-18,41.614402770996094,73.4000015258789,73.80000305175781,72.5999984741211,73.80000305175781,11704179,yfinance,False
2018-05-21,41.586055755615234,73.3499984741211,73.75,73.30000305175781,73.5,10051333,yfinance,False
2018-05-23,41.47266387939453,73.1500015258789,73.8499984741211,73.1500015258789,73.5,18119075,yfinance,False
2018-05-24,42.07069778442383,72.5999984741211,72.80000305175781,71.8499984741211,72.0,11811271,yfinance,False
2018-05-25,41.751983642578125,72.05000305175781,72.30000305175781,71.5,71.9000015258789,19331707,yfinance,False
2018-05-28,41.607112884521484,71.80000305175781,72.05000305175781,71.5,71.9000015258789,12342226,yfinance,False
2018-05-29,41.08556365966797,70.9000015258789,71.6500015258789,70.80000305175781,71.5,9970304,yfinance,False
2018-05-30,40.65095138549805,70.1500015258789,70.94999694824219,70.0999984741211,70.55000305175781,17874347,yfinance,False
2018-05-31,40.56402587890625,70.0,70.80000305175781,69.5999984741211,70.0,46925130,yfinance,False
2018-06-01,40.88275146484375,70.55000305175781,70.94999694824219,70.05000305175781,70.25,41771495,yfinance,False
2018-06-04,41.665061950683594,71.9000015258789,72.19999694824219,70.94999694824219,71.6500015258789,18224743,yfinance,False
2018-06-05,41.8968620300293,72.30000305175781,72.8499984741211,71.6500015258789,72.19999694824219,16553452,yfinance,False
2018-06-06,42.04172134399414,72.55000305175781,72.94999694824219,72.5,72.69999694824219,9957862,yfinance,False
2018-06-07,42.41838836669922,73.19999694824219,73.5,72.6500015258789,72.69999694824219,14217233,yfinance,False
2018-06-08,41.433258056640625,71.5,73.19999694824219,71.1500015258789,73.1500015258789,15100652,yfinance,False
2018-06-11,41.433258056640625,71.5,71.94999694824219,71.05000305175781,71.8499984741211,8736081,yfinance,False
2018-06-12,41.578128814697266,71.75,72.5,71.55000305175781,72.0,9272909,yfinance,False
2018-06-13,41.05659103393555,70.8499984741211,71.80000305175781,70.75,71.55000305175781,8713614,yfinance,False
2018-06-14,40.82480239868164,70.44999694824219,70.8499984741211,70.0999984741211,70.6500015258789,17892767,yfinance,False
2018-06-15,40.70890426635742,70.25,70.30000305175781,69.5999984741211,70.19999694824219,26911416,yfinance,False
2018-06-19,40.12942123413086,69.25,70.19999694824219,68.55000305175781,70.0,23660402,yfinance,False
2018-06-20,40.216346740722656,69.4000015258789,70.0999984741211,68.75,69.94999694824219,14377160,yfinance,False
2018-06-21,39.723785400390625,68.55000305175781,69.9000015258789,68.4000015258789,69.9000015258789,13410697,yfinance,False
2018-06-22,39.81069564819336,68.69999694824219,70.0,68.30000305175781,70.0,15413496,yfinance,False
2018-06-25,39.78173065185547,68.6500015258789,69.4000015258789,68.0999984741211,69.4000015258789,21181667,yfinance,False
2018-06-26,40.274288177490234,69.5,70.44999694824219,68.94999694824219,69.4000015258789,25386458,yfinance,False
2018-06-27,39.86864471435547,68.80000305175781,69.8499984741211,68.75,69.69999694824219,15368718,yfinance,False
2018-06-28,40.071468353271484,69.1500015258789,69.19999694824219,68.3499984741211,68.3499984741211,16491423,yfinance,False
2018-06-29,40.39018630981445,69.69999694824219,69.80000305175781,69.3499984741211,69.5,14584877,yfinance,False
2018-07-03,39.57890319824219,68.30000305175781,71.0999984741211,67.8499984741211,71.0999984741211,27784965,yfinance,False
2018-07-04,39.78173065185547,68.6500015258789,68.94999694824219,68.19999694824219,68.80000305175781,20902288,yfinance,False
2018-07-05,40.071468353271484,69.1500015258789,69.4000015258789,68.0,68.8499984741211,9670645,yfinance,False
2018-07-06,40.33224105834961,69.5999984741211,70.25,69.0,69.9000015258789,15515528,yfinance,False
2018-07-09,40.969669342041016,70.69999694824219,71.0,70.5,71.0,13158664,yfinance,False
2018-07-10,41.05659103393555,70.8499984741211,71.19999694824219,70.4000015258789,71.05000305175781,13235892,yfinance,False
2018-07-11,40.82480239868164,70.44999694824219,70.5,69.75,70.5,13769487,yfinance,False
2018-07-12,40.39018630981445,69.69999694824219,70.30000305175781,69.5,70.0,17922444,yfinance,False
2018-07-13,39.98454666137695,69.0,69.75,68.75,69.4000015258789,15588059,yfinance,False
2018-07-16,40.01353073120117,69.05000305175781,69.30000305175781,68.5999984741211,69.25,10591910,yfinance,False
2018-07-17,39.57890319824219,68.30000305175781,68.80000305175781,68.0999984741211,68.5999984741211,12727479,yfinance,False
2018-07-18,39.37609100341797,67.94999694824219,68.9000015258789,67.8499984741211,68.9000015258789,9217687,yfinance,False
2018-07-19,39.49198532104492,68.1500015258789,68.5999984741211,67.9000015258789,68.5,8243942,yfinance,False
2018-07-20,39.694801330566406,68.5,68.75,68.0,68.75,11362234,yfinance,False
2018-07-23,40.071468353271484,69.1500015258789,69.25,68.0999984741211,68.5,13081235,yfinance,False
2018-07-24,40.41916275024414,69.75,69.80000305175781,68.80000305175781,69.55000305175781,18923984,yfinance,False
2018-07-25,40.41916275024414,69.75,70.0,69.05000305175781,69.75,10878633,yfinance,False
2018-07-26,40.39018630981445,69.69999694824219,70.0,69.4000015258789,69.75,9107625,yfinance,False
2018-07-27,40.506080627441406,69.9000015258789,70.0,69.6500015258789,70.0,9750108,yfinance,False
2018-07-30,40.53506088256836,69.94999694824219,70.30000305175781,69.5,70.0,13357649,yfinance,False
2018-07-31,41.02762222290039,70.80000305175781,70.80000305175781,69.80000305175781,70.19999694824219,20635643,yfinance,False
2018-08-01,40.477108001708984,69.8499984741211,71.19999694824219,69.4000015258789,71.19999694824219,16167135,yfinance,False
2018-08-02,40.04248809814453,69.0999984741211,69.75,68.6500015258789,69.5,12672174,yfinance,False
2018-08-03,40.12942123413086,69.25,69.6500015258789,68.80000305175781,69.0999984741211,12638846,yfinance,False
2018-08-06,40.12942123413086,69.25,69.80000305175781,69.0,69.55000305175781,9838315,yfinance,False
2018-08-07,40.56402587890625,70.0,70.0999984741211,69.25,69.75,11540671,yfinance,False
2018-08-08,40.62197494506836,70.0999984741211,70.5,69.75,70.5,8483141,yfinance,False
2018-08-09,41.31736373901367,71.30000305175781,71.80000305175781,70.1500015258789,70.5,16674602,yfinance,False
2018-08-10,41.63608169555664,71.8499984741211,71.9000015258789,71.3499984741211,71.44999694824219,14193465,yfinance,False
2018-08-13,40.82480239868164,70.44999694824219,71.55000305175781,70.4000015258789,71.55000305175781,13251213,yfinance,False
2018-08-14,41.143524169921875,71.0,71.0999984741211,70.44999694824219,71.0999984741211,15107289,yfinance,False
2018-08-15,41.37531280517578,71.4000015258789,71.5,70.69999694824219,71.0,21607978,yfinance,False
2018-08-16,42.01274871826172,72.5,72.6500015258789,71.25,71.80000305175781,33195831,yfinance,False
2018-08-17,42.47633361816406,73.30000305175781,73.5,72.44999694824219,72.5999984741211,21426859,yfinance,False
2018-08-20,43.345558166503906,74.80000305175781,75.19999694824219,73.55000305175781,74.0,25625371,yfinance,False
2018-08-21,42.76607894897461,73.80000305175781,74.5999984741211,73.19999694824219,74.0999984741211,19427766,yfinance,False
2018-08-22,42.447364807128906,73.25,73.80000305175781,72.69999694824219,73.75,17854147,yfinance,False
2018-08-23,42.302494049072266,73.0,73.30000305175781,72.05000305175781,73.0999984741211,15904178,yfinance,False
2018-08-24,42.24454116821289,72.9000015258789,73.30000305175781,72.19999694824219,72.25,9543456,yfinance,False
2018-08-27,42.88197326660156,74.0,74.0,72.9000015258789,73.8499984741211,12828564,yfinance,False
2018-08-28,43.055824279785156,74.30000305175781,74.69999694824219,73.69999694824219,74.69999694824219,11160549,yfinance,False
2018-08-29,43.461456298828125,75.0,75.25,74.30000305175781,74.44999694824219,18202941,yfinance,False
2018-08-30,43.655094146728516,73.5,73.5,72.9000015258789,73.5,16031202,yfinance,False
2018-08-31,43.83327102661133,73.80000305175781,73.80000305175781,72.8499984741211,73.5,18441529,yfinance,False
2018-09-03,44.338130950927734,74.6500015258789,74.80000305175781,73.4000015258789,73.75,15132564,yfinance,False
2018-09-04,44.87268829345703,75.55000305175781,76.0,74.25,74.5999984741211,23413827,yfinance,False
2018-09-05,43.95206069946289,74.0,75.4000015258789,73.6500015258789,74.75,24097275,yfinance,False
2018-09-06,44.635101318359375,75.1500015258789,75.3499984741211,73.5,74.5,21667883,yfinance,False
2018-09-07,44.93207931518555,75.6500015258789,75.80000305175781,74.5,75.4000015258789,42335691,yfinance,False
2018-09-10,45.02116394042969,75.80000305175781,76.0999984741211,75.19999694824219,76.0,25908519,yfinance,False
2018-09-11,45.22904968261719,76.1500015258789,76.55000305175781,75.6500015258789,76.0,22718738,yfinance,False
2018-09-12,44.99147033691406,75.75,76.0,74.9000015258789,75.9000015258789,21137707,yfinance,False
2018-09-13,45.139949798583984,76.0,76.4000015258789,75.80000305175781,75.8499984741211,14880330,yfinance,False
2018-09-14,45.674503326416016,76.9000015258789,76.9000015258789,75.80000305175781,76.0,17668413,yfinance,False
2018-09-17,45.16965103149414,76.05000305175781,76.5999984741211,75.75,75.9000015258789,14948506,yfinance,False
2018-09-18,45.34783935546875,76.3499984741211,76.5999984741211,75.55000305175781,76.5,15352173,yfinance,False
2018-09-19,44.99147033691406,75.75,76.19999694824219,75.1500015258789,76.19999694824219,14903524,yfinance,False
2018-09-20,45.674503326416016,76.9000015258789,76.94999694824219,75.19999694824219,75.19999694824219,15675697,yfinance,False
2018-09-21,45.28843688964844,76.25,76.8499984741211,75.94999694824219,76.4000015258789,20617140,yfinance,False
2018-09-24,44.84298324584961,75.5,76.3499984741211,75.25,76.0,10378020,yfinance,False
2018-09-26,44.96176528930664,75.69999694824219,76.5,74.5,74.80000305175781,20532230,yfinance,False
2018-09-27,45.139949798583984,76.0,76.5,75.5,76.19999694824219,11747272,yfinance,False
2018-09-28,45.822994232177734,77.1500015258789,77.1500015258789,75.05000305175781,75.19999694824219,19198273,yfinance,False
2018-10-02,44.813289642333984,75.44999694824219,76.4000015258789,74.9000015258789,76.05000305175781,16101633,yfinance,False
2018-10-03,45.05085754394531,75.8499984741211,76.25,74.5,74.5,11069913,yfinance,False
2018-10-04,44.93207931518555,75.6500015258789,76.6500015258789,74.44999694824219,75.1500015258789,21497487,yfinance,False
2018-10-05,46.060577392578125,77.55000305175781,77.80000305175781,75.5999984741211,76.0,28337183,yfinance,False
2018-10-08,46.357547760009766,78.05000305175781,78.05000305175781,76.5999984741211,78.0,21462303,yfinance,False
2018-10-09,46.5654296875,78.4000015258789,78.5,77.80000305175781,78.0,14230222,yfinance,False
2018-10-10,47.961204528808594,80.75,81.05000305175781,78.0,78.69999694824219,31640457,yfinance,False
2018-10-11,46.624820709228516,78.5,79.4000015258789,76.94999694824219,79.19999694824219,38133769,yfinance,False
2018-10-12,46.327850341796875,78.0,78.1500015258789,76.8499984741211,77.30000305175781,23399580,yfinance,False
2018-10-15,45.49632263183594,76.5999984741211,77.4000015258789,76.0999984741211,76.8499984741211,18950061,yfinance,False
2018-10-16,46.1496696472168,77.69999694824219,77.69999694824219,76.5999984741211,76.5999984741211,17129530,yfinance,False
2018-10-18,46.41694259643555,78.1500015258789,78.44999694824219,77.6500015258789,78.30000305175781,18481085,yfinance,False
2018-10-19,46.2387580871582,77.8499984741211,78.5,77.0999984741211,77.0999984741211,21241930,yfinance,False
2018-10-22,46.0308837890625,77.5,78.0,77.0999984741211,77.75,15725321,yfinance,False
2018-10-23,44.24903869628906,74.5,76.05000305175781,73.94999694824219,76.0,24675800,yfinance,False
2018-10-24,44.36782455444336,74.69999694824219,75.6500015258789,73.94999694824219,74.0,15209447,yfinance,False
2018-10-25,44.0114631652832,74.0999984741211,74.0999984741211,73.05000305175781,74.0999984741211,17142032,yfinance,False
2018-10-26,43.387813568115234,73.05000305175781,74.0,72.5,73.5999984741211,16391348,yfinance,False
2018-10-29,42.6453857421875,71.80000305175781,72.25,71.5,72.0999984741211,19773702,yfinance,False
2018-10-30,42.407798767089844,71.4000015258789,72.75,71.1500015258789,71.4000015258789,14922138,yfinance,False
2018-10-31,43.53629684448242,73.30000305175781,73.30000305175781,71.80000305175781,72.19999694824219,21760454,yfinance,False
2018-11-01,43.9223747253418,73.94999694824219,74.75,73.55000305175781,74.5,17656815,yfinance,False
2018-11-02,43.98175811767578,74.05000305175781,74.5,73.25,73.5,24333884,yfinance,False
2018-11-05,43.20962142944336,72.75,73.0999984741211,72.0,72.19999694824219,13091687,yfinance,False
2018-11-06,43.83327102661133,73.80000305175781,73.9000015258789,72.4000015258789,72.80000305175781,10067568,yfinance,False
2018-11-07,43.26901626586914,72.8499984741211,73.80000305175781,72.4000015258789,73.75,12417527,yfinance,False
2018-11-08,44.45691680908203,74.8499984741211,75.1500015258789,73.5999984741211,73.6500015258789,14808997,yfinance,False
2018-11-09,43.29871368408203,72.9000015258789,74.0999984741211,72.4000015258789,73.75,13992365,yfinance,False
2018-11-12,44.07085418701172,74.19999694824219,74.3499984741211,72.94999694824219,73.55000305175781,11510805,yfinance,False
2018-11-13,44.605403900146484,75.0999984741211,75.1500015258789,72.94999694824219,73.4000015258789,15243408,yfinance,False
2018-11-14,44.605403900146484,75.0999984741211,75.80000305175781,74.55000305175781,75.80000305175781,14461327,yfinance,False
2018-11-15,45.40723419189453,76.44999694824219,76.5,75.0999984741211,75.8499984741211,11866024,yfinance,False
2018-11-16,45.644805908203125,76.8499984741211,76.9000015258789,75.19999694824219,75.9000015258789,10595279,yfinance,False
2018-11-19,45.88238525390625,77.25,77.80000305175781,76.3499984741211,76.8499984741211,14055505,yfinance,False
2018-11-20,45.43692398071289,76.5,77.5999984741211,75.8499984741211,77.5999984741211,8816216,yfinance,False
2018-11-21,44.84298324584961,75.5,75.55000305175781,74.75,75.4000015258789,12219212,yfinance,False
2018-11-22,44.486610412597656,74.9000015258789,75.0999984741211,74.0999984741211,75.0999984741211,10253661,yfinance,False
2018-11-23,45.08055877685547,75.9000015258789,75.94999694824219,74.0999984741211,74.0999984741211,7000336,yfinance,False
2018-11-26,46.179359436035156,77.75,78.0,76.05000305175781,76.5,15182345,yfinance,False
2018-11-27,45.6151123046875,76.80000305175781,77.4000015258789,76.30000305175781,77.0999984741211,14964887,yfinance,False
2018-11-28,46.1496696472168,77.69999694824219,77.94999694824219,76.80000305175781,77.25,14314247,yfinance,False
2018-11-29,45.43692398071289,76.5,78.0,76.3499984741211,78.0,13600784,yfinance,False
2018-11-30,46.11996841430664,77.6500015258789,77.6500015258789,76.19999694824219,76.25,25434704,yfinance,False
2018-12-03,44.75389862060547,75.3499984741211,78.5,74.69999694824219,78.5,35048541,yfinance,False
2018-12-04,44.99147033691406,75.75,75.75,74.5,74.5,22549321,yfinance,False
2018-12-05,45.22904968261719,76.1500015258789,76.19999694824219,74.80000305175781,74.9000015258789,11075801,yfinance,False
2018-12-06,45.16965103149414,76.05000305175781,76.30000305175781,74.5999984741211,75.6500015258789,17712447,yfinance,False
2018-12-07,46.060577392578125,77.55000305175781,77.80000305175781,76.05000305175781,76.05000305175781,48132582,yfinance,False
2018-12-10,45.70420455932617,76.94999694824219,77.6500015258789,76.6500015258789,77.5,14094505,yfinance,False
2018-12-11,44.96176528930664,75.69999694824219,76.55000305175781,75.4000015258789,76.0,18577434,yfinance,False
2018-12-12,45.852691650390625,77.19999694824219,77.5,76.30000305175781,76.55000305175781,13089218,yfinance,False
2018-12-13,46.00117492675781,77.44999694824219,77.5999984741211,76.75,77.5999984741211,16398984,yfinance,False
2018-12-14,44.51631546020508,74.94999694824219,76.0999984741211,74.6500015258789,75.80000305175781,22345558,yfinance,False
2018-12-17,44.694496154785156,75.25,75.8499984741211,74.69999694824219,74.8499984741211,10809103,yfinance,False
2018-12-18,44.54600524902344,75.0,75.80000305175781,74.0,74.0,14988635,yfinance,False
2018-12-19,44.99147033691406,75.75,75.75,74.69999694824219,75.6500015258789,12327701,yfinance,False
2018-12-20,45.139949798583984,76.0,76.0,75.05000305175781,75.80000305175781,14329496,yfinance,False
2018-12-21,44.75389862060547,75.3499984741211,75.3499984741211,74.30000305175781,75.0,22220547,yfinance,False
2018-12-24,43.95206069946289,74.0,74.9000015258789,73.3499984741211,74.9000015258789,9856603,yfinance,False
2018-12-27,44.219337463378906,74.44999694824219,74.44999694824219,73.69999694824219,74.0,16762236,yfinance,False
2018-12-28,43.89265823364258,73.9000015258789,75.0,73.6500015258789,74.94999694824219,15738783,yfinance,False
2018-12-31,44.75389862060547,75.3499984741211,75.94999694824219,74.6500015258789,75.0999984741211,9151688,yfinance,False
2019-01-02,43.5956916809082,73.4000015258789,74.6500015258789,72.9000015258789,74.30000305175781,18385186,yfinance,False
2019-01-03,44.0114631652832,74.0999984741211,74.19999694824219,72.9000015258789,73.0,14018074,yfinance,False
2019-01-04,45.6151123046875,76.80000305175781,76.8499984741211,74.25,74.5999984741211,20771203,yfinance,False
2019-01-07,46.298160552978516,77.94999694824219,78.0,77.05000305175781,77.9000015258789,16918758,yfinance,False
2019-01-08,46.59511947631836,78.44999694824219,79.0,77.05000305175781,78.0,17619758,yfinance,False
2019-01-09,47.39695358276367,79.80000305175781,80.0,78.5999984741211,79.0,23509119,yfinance,False
2019-01-10,47.367252349853516,79.75,79.75,77.75,78.19999694824219,22747564,yfinance,False
2019-01-11,47.5157470703125,80.0,80.0,79.19999694824219,79.6500015258789,19435787,yfinance,False
2019-01-14,47.54543685913086,80.05000305175781,80.5,79.55000305175781,80.1500015258789,14885907,yfinance,False
2019-01-15,48.46605682373047,81.5999984741211,82.1500015258789,80.05000305175781,80.1500015258789,24936098,yfinance,False
2019-01-16,48.34727096557617,81.4000015258789,81.4000015258789,80.0999984741211,80.9000015258789,15471447,yfinance,False
2019-01-17,47.90181350708008,80.6500015258789,81.5999984741211,80.25,81.5999984741211,15597142,yfinance,False
2019-01-18,48.02060317993164,80.8499984741211,81.4000015258789,80.5,80.6500015258789,15945592,yfinance,False
2019-01-21,48.079986572265625,80.94999694824219,80.94999694824219,80.44999694824219,80.8499984741211,13120812,yfinance,False
2019-01-22,47.723628997802734,80.3499984741211,80.94999694824219,80.0,80.4000015258789,18843047,yfinance,False
2019-01-23,48.28787612915039,81.30000305175781,81.55000305175781,79.80000305175781,79.80000305175781,23507897,yfinance,False
2019-01-24,48.91151428222656,82.3499984741211,82.44999694824219,81.30000305175781,81.69999694824219,23707991,yfinance,False
2019-01-25,48.19878387451172,81.1500015258789,82.3499984741211,80.8499984741211,81.80000305175781,24080890,yfinance,False
2019-01-28,48.941219329833984,82.4000015258789,82.4000015258789,81.1500015258789,81.80000305175781,17978285,yfinance,False
2019-01-29,48.70363998413086,82.0,82.4000015258789,81.69999694824219,82.19999694824219,15806834,yfinance,False
2019-01-30,49.03030776977539,82.55000305175781,82.55000305175781,81.44999694824219,82.4000015258789,15539322,yfinance,False
2019-01-31,48.88182067871094,82.30000305175781,83.05000305175781,81.5999984741211,83.0,25794780,yfinance,False
2019-02-01,49.38667678833008,83.1500015258789,84.0,82.0999984741211,84.0,15067003,yfinance,False
2019-02-04,49.535160064697266,83.4000015258789,84.0,83.05000305175781,83.5,10172248,yfinance,False
2019-02-08,48.91151428222656,82.3499984741211,82.5999984741211,81.6500015258789,82.44999694824219,17856631,yfinance,False
2019-02-11,48.85212326049805,82.25,83.0,82.0,82.0999984741211,15602408,yfinance,False
2019-02-12,49.00061798095703,82.5,82.6500015258789,81.94999694824219,82.0999984741211,14294394,yfinance,False
2019-02-13,49.38667678833008,83.1500015258789,84.0,81.94999694824219,82.05000305175781,17837708,yfinance,False
2019-02-14,49.535160064697266,83.4000015258789,83.80000305175781,82.80000305175781,82.80000305175781,13346628,yfinance,False
2019-02-15,49.475772857666016,83.30000305175781,84.0,82.94999694824219,84.0,13482968,yfinance,False
2019-02-18,49.80243682861328,83.8499984741211,84.4000015258789,83.3499984741211,84.0,9685590,yfinance,False
2019-02-19,49.05999755859375,82.5999984741211,83.55000305175781,82.55000305175781,83.0999984741211,12449389,yfinance,False
2019-02-20,49.11940002441406,82.69999694824219,83.75,82.5,82.80000305175781,21393733,yfinance,False
2019-02-21,49.35697937011719,83.0999984741211,83.9000015258789,82.5,82.69999694824219,16286452,yfinance,False
2019-02-22,50.4854850769043,85.0,85.0,82.55000305175781,82.55000305175781,17025474,yfinance,False
2019-02-25,49.089698791503906,82.6500015258789,85.19999694824219,82.5999984741211,85.0,25268102,yfinance,False
2019-02-26,49.3272819519043,83.05000305175781,83.75,82.4000015258789,82.9000015258789,16997478,yfinance,False
2019-02-27,49.56485366821289,83.44999694824219,84.19999694824219,82.69999694824219,83.55000305175781,15242171,yfinance,False
2019-02-28,49.05999755859375,82.5999984741211,83.30000305175781,82.3499984741211,83.0,24918089,yfinance,False
2019-03-01,49.83213424682617,83.9000015258789,84.0,82.8499984741211,83.44999694824219,14859764,yfinance,False
2019-03-04,48.49575424194336,81.6500015258789,83.75,81.5,83.5999984741211,27676282,yfinance,False
2019-03-05,48.10969543457031,81.0,82.19999694824219,81.0,81.30000305175781,17095315,yfinance,False
2019-03-06,48.10969543457031,81.0,81.80000305175781,80.80000305175781,81.0999984741211,14860008,yfinance,False
2019-03-07,48.19878387451172,81.1500015258789,82.0,80.75,80.9000015258789,17920305,yfinance,False
2019-03-08,48.258174896240234,81.25,81.69999694824219,80.3499984741211,80.69999694824219,38846226,yfinance,False
2019-03-11,49.267887115478516,82.94999694824219,83.30000305175781,81.75,81.94999694824219,18165797,yfinance,False
2019-03-12,50.24789810180664,84.5999984741211,84.5999984741211,83.19999694824219,83.80000305175781,14610906,yfinance,False
2019-03-13,50.12911605834961,84.4000015258789,85.0,83.80000305175781,85.0,8905758,yfinance,False
2019-03-14,50.78245162963867,85.5,85.5,84.6500015258789,85.0,14536917,yfinance,False
2019-03-15,51.049720764160156,85.94999694824219,86.0,84.5999984741211,85.5,17838105,yfinance,False
2019-03-18,51.613975524902344,86.9000015258789,86.94999694824219,85.55000305175781,86.0,16303129,yfinance,False
2019-03-19,51.673377990722656,87.0,87.0,86.19999694824219,86.9000015258789,13068292,yfinance,False
2019-03-20,51.82186508178711,87.25,87.5,86.44999694824219,86.5,12604557,yfinance,False
2019-03-21,49.35697937011719,83.0999984741211,87.69999694824219,82.9000015258789,87.5,33381028,yfinance,False
2019-03-22,48.64424133300781,81.9000015258789,82.44999694824219,80.05000305175781,80.05000305175781,28894951,yfinance,False
2019-03-25,48.317569732666016,81.3499984741211,82.5,81.0,81.0,17027484,yfinance,False
2019-03-26,47.93150329589844,80.69999694824219,81.9000015258789,80.55000305175781,81.69999694824219,10429917,yfinance,False
2019-03-27,47.69392395019531,80.30000305175781,80.80000305175781,80.1500015258789,80.5,16074989,yfinance,False
2019-03-28,47.69392395019531,80.30000305175781,80.80000305175781,80.0,80.80000305175781,15893833,yfinance,False
2019-03-29,47.5157470703125,80.0,80.5999984741211,79.69999694824219,80.0,18099838,yfinance,False
2019-04-01,46.38724136352539,78.0999984741211,81.0,78.05000305175781,80.9000015258789,40996832,yfinance,False
2019-04-02,46.535743713378906,78.3499984741211,79.44999694824219,78.30000305175781,79.44999694824219,29432519,yfinance,False
2019-04-03,47.54543685913086,80.05000305175781,80.05000305175781,78.44999694824219,78.80000305175781,22151624,yfinance,False
2019-04-04,47.21877670288086,79.5,80.05000305175781,78.8499984741211,80.05000305175781,19005751,yfinance,False
2019-04-08,46.535743713378906,78.3499984741211,79.5,77.8499984741211,79.4000015258789,31313671,yfinance,False
2019-04-09,46.38724136352539,78.0999984741211,78.8499984741211,77.8499984741211,77.8499984741211,18847341,yfinance,False
2019-04-10,46.2387580871582,77.8499984741211,78.75,77.8499984741211,78.5,14414972,yfinance,False
2019-04-11,45.912086486816406,77.30000305175781,77.8499984741211,77.0999984741211,77.5,15755114,yfinance,False
2019-04-12,45.73390197753906,77.0,77.80000305175781,76.6500015258789,77.80000305175781,12666730,yfinance,False
2019-04-15,45.46663284301758,76.55000305175781,78.0999984741211,76.55000305175781,78.0,13450503,yfinance,False
2019-04-16,45.644805908203125,76.8499984741211,77.1500015258789,76.0999984741211,76.44999694824219,15250639,yfinance,False
2019-04-17,45.139949798583984,76.0,76.75,75.9000015258789,76.5,23576541,yfinance,False
2019-04-18,44.96176528930664,75.69999694824219,75.8499984741211,75.1500015258789,75.5,19570083,yfinance,False
2019-04-23,44.813289642333984,75.44999694824219,75.5999984741211,74.80000305175781,75.0,14926267,yfinance,False
2019-04-24,44.338130950927734,74.6500015258789,75.0,74.30000305175781,74.80000305175781,22327557,yfinance,False
2019-04-25,44.04114532470703,74.1500015258789,74.5,73.5,73.5,18731495,yfinance,False
2019-04-26,44.57570266723633,75.05000305175781,75.44999694824219,74.1500015258789,74.25,23971086,yfinance,False
2019-04-29,44.635101318359375,75.1500015258789,75.8499984741211,75.05000305175781,75.8499984741211,12523282,yfinance,False
2019-04-30,44.39752197265625,74.75,75.3499984741211,74.6500015258789,75.25,16169188,yfinance,False
2019-05-02,43.95206069946289,74.0,74.6500015258789,73.80000305175781,74.1500015258789,18720051,yfinance,False
2019-05-03,44.130245208740234,74.30000305175781,74.5,73.5,73.75,10598257,yfinance,False
2019-05-06,43.89265823364258,73.9000015258789,74.1500015258789,73.0999984741211,73.8499984741211,21349425,yfinance,False
2019-05-07,43.62539291381836,73.44999694824219,73.8499984741211,73.1500015258789,73.5,13947878,yfinance,False
2019-05-08,43.150238037109375,72.6500015258789,73.19999694824219,72.55000305175781,73.0,14822444,yfinance,False
2019-05-09,43.20962142944336,72.75,73.5999984741211,72.5999984741211,72.5999984741211,24769616,yfinance,False
2019-05-10,42.82356262207031,72.0999984741211,72.94999694824219,72.0,72.25,24708957,yfinance,False
2019-05-14,42.82356262207031,72.0999984741211,73.1500015258789,71.9000015258789,72.75,25620565,yfinance,False
2019-05-15,42.67507553100586,71.8499984741211,72.44999694824219,71.5999984741211,72.1500015258789,13399753,yfinance,False
2019-05-16,42.31870651245117,71.25,71.80000305175781,70.94999694824219,71.5,15030421,yfinance,False
2019-05-17,43.09083938598633,72.55000305175781,72.80000305175781,71.69999694824219,71.9000015258789,23614711,yfinance,False
2019-05-20,43.41751480102539,73.0999984741211,73.55000305175781,72.5,72.8499984741211,18472018,yfinance,False
2019-05-21,43.655094146728516,73.5,73.80000305175781,72.8499984741211,73.3499984741211,22569551,yfinance,False
2019-05-22,43.09083938598633,72.55000305175781,73.5999984741211,72.3499984741211,73.44999694824219,10699561,yfinance,False
2019-05-23,42.82356262207031,72.0999984741211,72.3499984741211,71.5,71.5999984741211,11285563,yfinance,False
2019-05-24,43.5956916809082,73.4000015258789,73.6500015258789,72.19999694824219,72.80000305175781,20168793,yfinance,False
2019-05-27,43.348079681396484,71.5999984741211,72.5999984741211,71.30000305175781,71.55000305175781,11339993,yfinance,False
2019-05-28,42.682106018066406,70.5,71.4000015258789,70.3499984741211,71.30000305175781,25658354,yfinance,False
2019-05-29,42.40967559814453,70.05000305175781,70.5,70.0,70.05000305175781,15904193,yfinance,False
2019-05-30,42.40967559814453,70.05000305175781,70.25,69.69999694824219,69.69999694824219,12452298,yfinance,False
2019-05-31,41.44100570678711,68.44999694824219,69.94999694824219,68.44999694824219,69.6500015258789,22728788,yfinance,False
2019-06-03,42.65184783935547,70.44999694824219,71.05000305175781,68.0999984741211,69.05000305175781,26289533,yfinance,False
2019-06-04,42.62157440185547,70.4000015258789,71.25,69.69999694824219,71.25,18906963,yfinance,False
2019-06-05,42.53076171875,70.25,70.94999694824219,69.94999694824219,70.9000015258789,9120226,yfinance,False
2019-06-06,42.62157440185547,70.4000015258789,70.9000015258789,69.8499984741211,70.9000015258789,11693802,yfinance,False
2019-06-10,42.40967559814453,70.05000305175781,70.6500015258789,69.75,69.8499984741211,22871994,yfinance,False
2019-06-11,42.3188591003418,69.9000015258789,70.05000305175781,69.44999694824219,69.80000305175781,17246246,yfinance,False
2019-06-12,41.652896881103516,68.80000305175781,69.69999694824219,68.5,69.19999694824219,17432352,yfinance,False
2019-06-13,41.74371337890625,68.94999694824219,69.4000015258789,68.1500015258789,68.6500015258789,14115589,yfinance,False
2019-06-14,41.35019302368164,68.30000305175781,69.0,68.0,68.80000305175781,24323731,yfinance,False
2019-06-17,41.25938034057617,68.1500015258789,69.0,68.0,68.0,10159807,yfinance,False
2019-06-18,41.62263107299805,68.75,68.94999694824219,68.30000305175781,68.69999694824219,10928982,yfinance,False
2019-06-19,42.22804260253906,69.75,70.05000305175781,69.25,70.0,15483409,yfinance,False
2019-06-20,42.53076171875,70.25,70.3499984741211,69.4000015258789,70.25,15376918,yfinance,False
2019-06-21,42.98482894897461,71.0,71.0999984741211,69.69999694824219,69.69999694824219,28296494,yfinance,False
2019-06-24,42.65184783935547,70.44999694824219,71.0,70.05000305175781,70.94999694824219,9274582,yfinance,False
2019-06-25,42.50048828125,70.19999694824219,71.1500015258789,69.9000015258789,70.69999694824219,10177663,yfinance,False
2019-06-26,42.56103515625,70.30000305175781,70.9000015258789,69.69999694824219,69.69999694824219,10764255,yfinance,False
2019-06-27,43.22698974609375,71.4000015258789,71.5,70.5999984741211,70.69999694824219,11850310,yfinance,False
2019-06-28,43.07563781738281,71.1500015258789,71.30000305175781,70.5999984741211,71.30000305175781,10938080,yfinance,False
2019-07-02,43.10590744018555,71.19999694824219,71.4000015258789,70.80000305175781,71.4000015258789,17327617,yfinance,False
2019-07-03,43.07563781738281,71.1500015258789,71.19999694824219,70.69999694824219,70.80000305175781,7861716,yfinance,False
2019-07-04,43.10590744018555,71.19999694824219,71.69999694824219,70.75,71.05000305175781,10301356,yfinance,False
2019-07-05,42.924278259277344,70.9000015258789,71.80000305175781,70.8499984741211,71.19999694824219,4899225,yfinance,False
2019-07-08,42.56103515625,70.30000305175781,70.80000305175781,70.19999694824219,70.25,7302617,yfinance,False
2019-07-09,42.50048828125,70.19999694824219,70.9000015258789,70.19999694824219,70.69999694824219,7630304,yfinance,False
2019-07-10,42.470211029052734,70.1500015258789,70.4000015258789,69.80000305175781,70.05000305175781,10567176,yfinance,False
2019-07-11,42.50048828125,70.19999694824219,70.69999694824219,70.0999984741211,70.3499984741211,9715365,yfinance,False
2019-07-12,42.3188591003418,69.9000015258789,70.5,69.8499984741211,70.5,7734856,yfinance,False
2019-07-15,42.591304779052734,70.3499984741211,70.80000305175781,69.19999694824219,69.69999694824219,13343154,yfinance,False
2019-07-16,42.924278259277344,70.9000015258789,71.0999984741211,70.0,70.3499984741211,6658946,yfinance,False
2019-07-17,42.894012451171875,70.8499984741211,70.9000015258789,70.19999694824219,70.4000015258789,6366895,yfinance,False
2019-07-18,42.7123908996582,70.55000305175781,70.80000305175781,70.0999984741211,70.0999984741211,6289468,yfinance,False
2019-07-19,42.772926330566406,70.6500015258789,71.1500015258789,70.5999984741211,70.8499984741211,9614226,yfinance,False
2019-07-22,41.95561218261719,69.30000305175781,70.1500015258789,69.30000305175781,70.05000305175781,13122007,yfinance,False
2019-07-23,41.86479187011719,69.1500015258789,69.6500015258789,69.0999984741211,69.30000305175781,13524116,yfinance,False
2019-07-24,41.562095642089844,68.6500015258789,69.5,68.6500015258789,69.19999694824219,15948074,yfinance,False
2019-07-25,41.31992721557617,68.25,68.80000305175781,68.25,68.55000305175781,15584646,yfinance,False
2019-07-26,40.80531311035156,67.4000015258789,68.1500015258789,67.30000305175781,68.0,18357046,yfinance,False
2019-07-29,40.684226989746094,67.19999694824219,67.75,66.69999694824219,67.4000015258789,12471219,yfinance,False
2019-07-30,40.8658561706543,67.5,67.94999694824219,66.8499984741211,67.0999984741211,11341861,yfinance,False
2019-07-31,40.41178894042969,66.75,67.30000305175781,66.5,66.8499984741211,10519475,yfinance,False
2019-08-01,40.169620513916016,66.3499984741211,67.4000015258789,66.05000305175781,67.4000015258789,15048591,yfinance,False
2019-08-02,39.38257598876953,65.05000305175781,65.9000015258789,64.80000305175781,65.0999984741211,18957632,yfinance,False
2019-08-05,38.23227310180664,63.150001525878906,64.19999694824219,63.099998474121094,63.79999923706055,18540809,yfinance,False
2019-08-06,38.56526184082031,63.70000076293945,64.30000305175781,62.04999923706055,62.400001525878906,24988707,yfinance,False
2019-08-07,38.23227310180664,63.150001525878906,64.0999984741211,62.54999923706055,64.0,13700844,yfinance,False
2019-08-08,38.17173767089844,63.04999923706055,63.95000076293945,62.650001525878906,63.25,19379503,yfinance,False
2019-08-09,39.29176330566406,64.9000015258789,65.94999694824219,63.95000076293945,64.44999694824219,33310552,yfinance,False
2019-08-12,39.07986831665039,64.55000305175781,65.80000305175781,64.55000305175781,65.5,14991207,yfinance,False
2019-08-13,38.202003479003906,63.099998474121094,64.0999984741211,63.0,63.79999923706055,19889883,yfinance,False
2019-08-14,37.95983123779297,62.70000076293945,64.1500015258789,62.400001525878906,64.1500015258789,17713959,yfinance,False
2019-08-15,40.01825714111328,66.0999984741211,66.9000015258789,62.70000076293945,63.0,43532795,yfinance,False
2019-08-16,39.98799514770508,66.05000305175781,67.0,65.55000305175781,66.94999694824219,24628472,yfinance,False
2019-08-19,40.10908126831055,66.25,66.8499984741211,65.75,66.05000305175781,21183981,yfinance,False
2019-08-20,40.71449661254883,67.25,68.0999984741211,66.19999694824219,67.0,30528212,yfinance,False
2019-08-21,40.53286361694336,66.94999694824219,67.25,66.6500015258789,67.0,16214569,yfinance,False
2019-08-22,40.10908126831055,66.25,66.94999694824219,65.3499984741211,66.6500015258789,18861704,yfinance,False
2019-08-23,40.44206237792969,66.80000305175781,67.1500015258789,66.05000305175781,66.5999984741211,11745405,yfinance,False
2019-08-26,40.19989013671875,66.4000015258789,66.6500015258789,64.6500015258789,65.19999694824219,19606855,yfinance,False
2019-08-27,39.59447479248047,65.4000015258789,65.80000305175781,65.0,65.0,23390555,yfinance,False
2019-08-28,39.95772933959961,66.0,66.69999694824219,65.5,66.0,12778539,yfinance,False
2019-08-29,40.31532669067383,65.05000305175781,65.19999694824219,64.3499984741211,64.80000305175781,12365627,yfinance,False
2019-08-30,40.25334167480469,64.94999694824219,65.8499984741211,64.4000015258789,65.8499984741211,16344855,yfinance,False
2019-09-02,40.22236251831055,64.9000015258789,64.94999694824219,64.19999694824219,64.94999694824219,7906120,yfinance,False
2019-09-03,40.12939453125,64.75,64.9000015258789,64.0999984741211,64.25,6793800,yfinance,False
2019-09-04,41.121009826660156,66.3499984741211,67.5999984741211,65.05000305175781,65.19999694824219,24712622,yfinance,False
2019-09-05,40.93508529663086,66.05000305175781,66.8499984741211,65.5,66.25,17781878,yfinance,False
2019-09-06,40.966064453125,66.0999984741211,66.30000305175781,65.55000305175781,66.0,18475903,yfinance,False
2019-09-09,40.90410232543945,66.0,66.4000015258789,65.5,66.0999984741211,10922148,yfinance,False
2019-09-10,41.02804946899414,66.19999694824219,67.19999694824219,66.0,66.55000305175781,18633751,yfinance,False
2019-09-11,41.70978927612305,67.30000305175781,67.4000015258789,65.8499984741211,65.8499984741211,17591030,yfinance,False
2019-09-12,41.74076843261719,67.3499984741211,67.69999694824219,66.69999694824219,67.25,14776296,yfinance,False
2019-09-13,41.833736419677734,67.5,67.80000305175781,67.3499984741211,67.80000305175781,11405909,yfinance,False
2019-09-16,41.554840087890625,67.05000305175781,67.05000305175781,66.0,66.0,15562020,yfinance,False
2019-09-17,40.90410232543945,66.0,66.5999984741211,65.6500015258789,66.5999984741211,12413269,yfinance,False
2019-09-18,40.718162536621094,65.69999694824219,66.80000305175781,65.5999984741211,66.80000305175781,9789808,yfinance,False
2019-09-19,40.1603889465332,64.80000305175781,66.25,64.55000305175781,66.25,11929863,yfinance,False
2019-09-20,40.036434173583984,64.5999984741211,65.30000305175781,64.05000305175781,64.80000305175781,21633401,yfinance,False
2019-09-23,40.036434173583984,64.5999984741211,65.55000305175781,64.5,65.0999984741211,11909678,yfinance,False
2019-09-24,40.40829086303711,65.19999694824219,65.94999694824219,65.0999984741211,65.0999984741211,14603984,yfinance,False
2019-09-25,40.25334167480469,64.94999694824219,65.80000305175781,64.9000015258789,65.19999694824219,10720509,yfinance,False
2019-09-26,39.85050582885742,64.30000305175781,64.9000015258789,64.0999984741211,64.6500015258789,16753721,yfinance,False
2019-09-27,39.664573669433594,64.0,64.80000305175781,63.79999923706055,64.0,9330719,yfinance,False
2019-09-30,40.191368103027344,64.8499984741211,65.30000305175781,64.0,64.44999694824219,13297792,yfinance,False
2019-10-02,40.37730026245117,65.1500015258789,65.5,64.30000305175781,64.8499984741211,12657760,yfinance,False
2019-10-03,40.7491569519043,65.75,66.05000305175781,64.9000015258789,65.30000305175781,13982973,yfinance,False
2019-10-04,40.28433609008789,65.0,65.94999694824219,64.55000305175781,65.75,10161204,yfinance,False
2019-10-08,40.346309661865234,65.0999984741211,65.6500015258789,64.5,65.25,12915239,yfinance,False
2019-10-09,40.346309661865234,65.0999984741211,65.44999694824219,64.80000305175781,64.94999694824219,12572212,yfinance,False
2019-10-10,40.40829086303711,65.19999694824219,65.44999694824219,64.5,65.0999984741211,9455581,yfinance,False
2019-10-11,41.27595138549805,66.5999984741211,66.8499984741211,65.5,65.69999694824219,17277704,yfinance,False
2019-10-14,41.15199661254883,66.4000015258789,66.4000015258789,65.30000305175781,66.4000015258789,19535867,yfinance,False
2019-10-15,40.780147552490234,65.80000305175781,66.6500015258789,65.5,66.0,12184596,yfinance,False
2019-10-16,40.346309661865234,65.0999984741211,66.4000015258789,64.8499984741211,66.4000015258789,14697554,yfinance,False
2019-10-17,40.93508529663086,66.05000305175781,66.5,65.4000015258789,66.19999694824219,17351359,yfinance,False
2019-10-18,40.99706268310547,66.1500015258789,66.8499984741211,65.9000015258789,66.3499984741211,18385540,yfinance,False
2019-10-21,41.121009826660156,66.3499984741211,66.80000305175781,65.8499984741211,66.80000305175781,9966897,yfinance,False
2019-10-22,40.68717956542969,65.6500015258789,66.1500015258789,65.1500015258789,65.80000305175781,12322962,yfinance,False
2019-10-23,40.25334167480469,64.94999694824219,65.30000305175781,64.5999984741211,65.25,13287091,yfinance,False
2019-10-24,40.470272064208984,65.30000305175781,65.4000015258789,64.5999984741211,65.25,9392118,yfinance,False
2019-10-25,39.94346618652344,64.44999694824219,65.0999984741211,64.0999984741211,64.94999694824219,15951139,yfinance,False
2019-10-28,40.191368103027344,64.8499984741211,65.1500015258789,64.4000015258789,64.4000015258789,9722694,yfinance,False
2019-10-29,39.85050582885742,64.30000305175781,65.30000305175781,64.05000305175781,65.30000305175781,13954852,yfinance,False
2019-10-30,39.54063034057617,63.79999923706055,64.19999694824219,63.650001525878906,63.900001525878906,12538031,yfinance,False
2019-10-31,39.54063034057617,63.79999923706055,64.80000305175781,63.599998474121094,63.79999923706055,15573871,yfinance,False
2019-11-01,39.819515228271484,64.25,64.55000305175781,63.599998474121094,63.599998474121094,13749751,yfinance,False
2019-11-04,39.78852844238281,64.19999694824219,65.30000305175781,63.650001525878906,65.30000305175781,27504720,yfinance,False
2019-11-05,40.00545120239258,64.55000305175781,64.80000305175781,63.900001525878906,64.44999694824219,20219985,yfinance,False
2019-11-06,39.7265510559082,64.0999984741211,64.4000015258789,63.849998474121094,64.0,14686098,yfinance,False
2019-11-07,39.819515228271484,64.25,64.69999694824219,63.70000076293945,64.0999984741211,12567350,yfinance,False
2019-11-08,39.85050582885742,64.30000305175781,64.5,63.70000076293945,64.5,13790882,yfinance,False
2019-11-11,38.8898811340332,62.75,64.0,62.54999923706055,63.70000076293945,14565666,yfinance,False
2019-11-12,38.8898811340332,62.75,62.95000076293945,62.20000076293945,62.79999923706055,16797341,yfinance,False
2019-11-13,38.20814514160156,61.650001525878906,62.400001525878906,61.20000076293945,62.099998474121094,14870248,yfinance,False
2019-11-14,37.929256439208984,61.20000076293945,62.25,60.900001525878906,61.29999923706055,14384343,yfinance,False
2019-11-15,37.929256439208984,61.20000076293945,61.900001525878906,61.0,61.849998474121094,12171375,yfinance,False
2019-11-18,38.177154541015625,61.599998474121094,61.95000076293945,61.04999923706055,61.20000076293945,10244870,yfinance,False
2019-11-19,38.54901885986328,62.20000076293945,62.349998474121094,61.099998474121094,61.349998474121094,11504340,yfinance,False
2019-11-20,38.487030029296875,62.099998474121094,62.75,61.650001525878906,62.75,12107427,yfinance,False
2019-11-21,37.805301666259766,61.0,61.5,60.54999923706055,61.400001525878906,16217419,yfinance,False
2019-11-22,37.99123001098633,61.29999923706055,61.29999923706055,61.0,61.0,7767723,yfinance,False
2019-11-25,38.39406967163086,61.95000076293945,62.349998474121094,61.79999923706055,61.79999923706055,12371739,yfinance,False
2019-11-26,38.14616394042969,61.54999923706055,62.75,61.54999923706055,62.599998474121094,31671907,yfinance,False
2019-11-27,37.99123001098633,61.29999923706055,61.75,60.95000076293945,61.75,15873312,yfinance,False
2019-11-28,37.3714714050293,60.29999923706055,60.650001525878906,60.04999923706055,60.04999923706055,13493683,yfinance,False
2019-11-29,36.5657844543457,59.0,60.04999923706055,58.849998474121094,60.0,24388060,yfinance,False
2019-12-02,36.78269958496094,59.349998474121094,59.75,58.849998474121094,59.75,10360375,yfinance,False
2019-12-03,36.813682556152344,59.400001525878906,59.849998474121094,58.29999923706055,59.150001525878906,12698596,yfinance,False
2019-12-04,36.72072219848633,59.25,60.0,58.29999923706055,58.29999923706055,20657985,yfinance,False
2019-12-05,36.751705169677734,59.29999923706055,59.5,58.79999923706055,59.5,8156644,yfinance,False
2019-12-06,36.751705169677734,59.29999923706055,59.70000076293945,58.900001525878906,59.54999923706055,13761242,yfinance,False
2019-12-09,37.18553924560547,60.0,60.150001525878906,59.0,59.0,15285971,yfinance,False
2019-12-10,37.18553924560547,60.0,60.150001525878906,59.20000076293945,59.29999923706055,14122302,yfinance,False
2019-12-11,37.247520446777344,60.099998474121094,60.20000076293945,59.25,59.849998474121094,12825020,yfinance,False
2019-12-12,37.3714714050293,60.29999923706055,60.79999923706055,60.150001525878906,60.400001525878906,16502396,yfinance,False
2019-12-13,38.177154541015625,61.599998474121094,61.900001525878906,61.04999923706055,61.5,19490699,yfinance,False
2019-12-16,38.239131927490234,61.70000076293945,62.099998474121094,61.5,61.70000076293945,17643090,yfinance,False
2019-12-17,38.39406967163086,61.95000076293945,62.20000076293945,61.599998474121094,61.599998474121094,27150267,yfinance,False
2019-12-18,38.487030029296875,62.099998474121094,62.29999923706055,61.70000076293945,62.099998474121094,14923348,yfinance,False
2019-12-19,38.70395278930664,62.45000076293945,62.45000076293945,61.900001525878906,62.0,18191963,yfinance,False
2019-12-20,39.63358688354492,63.95000076293945,64.5999984741211,62.29999923706055,62.29999923706055,37676660,yfinance,False
2019-12-23,39.47865295410156,63.70000076293945,64.44999694824219,63.349998474121094,64.44999694824219,14206507,yfinance,False
2019-12-24,39.819515228271484,64.25,64.3499984741211,63.95000076293945,64.3499984741211,7070872,yfinance,False
2019-12-27,40.53224563598633,65.4000015258789,65.5,64.80000305175781,64.8499984741211,16169218,yfinance,False
2019-12-30,40.780147552490234,65.80000305175781,66.19999694824219,65.30000305175781,65.4000015258789,13711314,yfinance,False
2019-12-31,40.594215393066406,65.5,66.19999694824219,65.5,66.0,7920586,yfinance,False
2020-01-02,40.50124740600586,65.3499984741211,65.80000305175781,65.0999984741211,65.5999984741211,10028671,yfinance,False
2020-01-03,39.91248321533203,64.4000015258789,65.75,64.3499984741211,65.4000015258789,15387727,yfinance,False
2020-01-06,39.819515228271484,64.25,64.80000305175781,63.5,64.6500015258789,12188115,yfinance,False
2020-01-07,39.54063034057617,63.79999923706055,64.25,63.599998474121094,64.0,10596089,yfinance,False
2020-01-08,39.57161331176758,63.849998474121094,64.1500015258789,62.599998474121094,63.0,14344232,yfinance,False
2020-01-09,40.191368103027344,64.8499984741211,65.05000305175781,63.95000076293945,64.4000015258789,15189634,yfinance,False
2020-01-10,39.78852844238281,64.19999694824219,64.8499984741211,64.05000305175781,64.8499984741211,12758456,yfinance,False
2020-01-13,40.53224563598633,65.4000015258789,65.75,63.95000076293945,63.95000076293945,21558051,yfinance,False
2020-01-14,40.966064453125,66.0999984741211,66.19999694824219,65.3499984741211,65.3499984741211,17786085,yfinance,False
2020-01-15,40.780147552490234,65.80000305175781,66.75,65.5,66.69999694824219,15273415,yfinance,False
2020-01-16,40.90410232543945,66.0,66.4000015258789,65.25,65.25,15137134,yfinance,False
2020-01-17,41.02804946899414,66.19999694824219,66.5,65.4000015258789,66.5,11037957,yfinance,False
2020-01-20,42.54646682739258,68.6500015258789,70.0,67.9000015258789,70.0,35201155,yfinance,False
2020-01-21,41.49285888671875,66.94999694824219,68.44999694824219,66.8499984741211,68.0,25772332,yfinance,False
2020-01-22,43.01128387451172,69.4000015258789,69.69999694824219,67.5,68.0,25270491,yfinance,False
2020-01-23,42.14361572265625,68.0,68.8499984741211,67.8499984741211,68.4000015258789,19678146,yfinance,False
2020-01-24,43.197200775146484,69.69999694824219,69.80000305175781,68.4000015258789,69.1500015258789,23194264,yfinance,False
2020-01-29,41.89570999145508,67.5999984741211,68.44999694824219,67.4000015258789,67.80000305175781,26651279,yfinance,False
2020-01-30,40.036434173583984,64.5999984741211,67.0,64.4000015258789,66.5999984741211,32063809,yfinance,False
2020-01-31,39.78852844238281,64.19999694824219,66.0999984741211,64.19999694824219,66.0,30315460,yfinance,False
2020-02-03,39.54063034057617,63.79999923706055,64.80000305175781,63.400001525878906,63.400001525878906,25671704,yfinance,False
2020-02-04,39.54063034057617,63.79999923706055,64.55000305175781,63.150001525878906,64.0999984741211,25161972,yfinance,False
2020-02-05,39.47865295410156,63.70000076293945,64.25,63.20000076293945,64.0,26414489,yfinance,False
2020-02-06,41.616817474365234,67.1500015258789,67.25,64.5,64.5999984741211,32835457,yfinance,False
2020-02-07,41.70978927612305,67.30000305175781,67.4000015258789,66.55000305175781,66.8499984741211,18216352,yfinance,False
2020-02-10,41.43088912963867,66.8499984741211,67.0999984741211,65.75,65.75,14036378,yfinance,False
2020-02-11,41.1829833984375,66.44999694824219,67.44999694824219,66.25,67.4000015258789,12233797,yfinance,False
2020-02-12,41.1829833984375,66.44999694824219,67.0,66.0,67.0,16228472,yfinance,False
2020-02-13,40.93508529663086,66.05000305175781,67.0999984741211,66.0,67.05000305175781,12835482,yfinance,False
2020-02-14,40.346309661865234,65.0999984741211,66.05000305175781,65.0,65.5999984741211,17580086,yfinance,False
2020-02-17,40.90410232543945,66.0,66.4000015258789,65.3499984741211,65.3499984741211,17770419,yfinance,False
2020-02-18,40.7491569519043,65.75,65.9000015258789,65.0999984741211,65.44999694824219,17221827,yfinance,False
2020-02-19,41.554840087890625,67.05000305175781,67.19999694824219,65.80000305175781,65.94999694824219,12159829,yfinance,False
2020-02-20,41.36891555786133,66.75,67.8499984741211,66.19999694824219,67.8499984741211,15254708,yfinance,False
2020-02-21,40.966064453125,66.0999984741211,66.5999984741211,66.0,66.0999984741211,10700411,yfinance,False
2020-02-24,40.563228607177734,65.44999694824219,66.75,65.3499984741211,66.75,18936932,yfinance,False
2020-02-25,40.036434173583984,64.5999984741211,65.69999694824219,64.0999984741211,65.44999694824219,20316520,yfinance,False
2020-02-26,39.10679244995117,63.099998474121094,64.0,62.5,63.45000076293945,23670133,yfinance,False
2020-02-27,39.292724609375,63.400001525878906,63.75,62.400001525878906,63.099998474121094,20422769,yfinance,False
2020-02-28,37.99123001098633,61.29999923706055,62.599998474121094,60.849998474121094,62.599998474121094,34183063,yfinance,False
2020-03-02,37.99123001098633,61.29999923706055,62.150001525878906,60.70000076293945,60.70000076293945,23390253,yfinance,False
2020-03-03,37.6193733215332,60.70000076293945,61.349998474121094,60.650001525878906,60.75,34546885,yfinance,False
2020-03-04,38.05320739746094,61.400001525878906,61.95000076293945,61.0,61.20000076293945,26391280,yfinance,False
2020-03-05,38.73493576049805,62.5,62.79999923706055,60.70000076293945,60.70000076293945,24575830,yfinance,False
2020-03-06,37.495426177978516,60.5,61.900001525878906,60.5,61.79999923706055,26056918,yfinance,False
2020-03-09,36.441829681396484,58.79999923706055,59.95000076293945,58.04999923706055,59.0,51081915,yfinance,False
2020-03-10,36.03899383544922,58.150001525878906,59.349998474121094,58.04999923706055,58.79999923706055,38048335,yfinance,False
2020-03-11,35.66712951660156,57.54999923706055,58.54999923706055,57.29999923706055,58.349998474121094,31424936,yfinance,False
2020-03-12,34.36564254760742,55.45000076293945,56.400001525878906,54.650001525878906,56.04999923706055,35252929,yfinance,False
2020-03-13,32.78525161743164,52.900001525878906,53.349998474121094,50.5,50.900001525878906,62702608,yfinance,False
2020-03-16,32.22746658325195,52.0,53.54999923706055,51.0,51.0,49367342,yfinance,False
2020-03-17,32.041542053222656,51.70000076293945,52.650001525878906,50.150001525878906,52.5,39292957,yfinance,False
2020-03-18,30.244243621826172,48.79999923706055,51.75,48.599998474121094,50.70000076293945,42284390,yfinance,False
2020-03-19,29.903369903564453,48.25,49.599998474121094,45.20000076293945,48.95000076293945,62136867,yfinance,False
2020-03-20,33.962799072265625,54.79999923706055,54.79999923706055,50.45000076293945,50.900001525878906,67520684,yfinance,False
2020-03-23,33.064144134521484,53.349998474121094,54.54999923706055,51.79999923706055,52.0,51929992,yfinance,False
2020-03-24,35.07836151123047,56.599998474121094,57.29999923706055,55.95000076293945,56.54999923706055,51490593,yfinance,False
2020-03-25,34.76847839355469,56.099998474121094,58.400001525878906,55.25,58.0,43042193,yfinance,False
2020-03-26,35.0473747253418,56.54999923706055,57.20000076293945,55.5,56.04999923706055,34447424,yfinance,False
2020-03-27,35.0473747253418,56.54999923706055,57.75,56.099998474121094,57.75,33114551,yfinance,False
2020-03-30,34.64453125,55.900001525878906,57.20000076293945,55.150001525878906,55.900001525878906,31249365,yfinance,False
2020-03-31,35.72910690307617,57.650001525878906,57.95000076293945,56.25,57.400001525878906,27595422,yfinance,False
2020-04-01,35.35725784301758,57.04999923706055,58.099998474121094,55.900001525878906,57.099998474121094,26589616,yfinance,False
2020-04-02,36.62775421142578,59.099998474121094,59.150001525878906,56.150001525878906,56.5,28377043,yfinance,False
2020-04-03,37.58838653564453,60.650001525878906,60.900001525878906,59.0,60.0,32466906,yfinance,False
2020-04-06,38.42505645751953,62.0,62.5,60.900001525878906,61.29999923706055,29375162,yfinance,False
2020-04-07,39.19976043701172,63.25,63.25,61.099998474121094,62.29999923706055,35894454,yfinance,False
2020-04-08,38.14616394042969,61.54999923706055,63.5,61.25,63.5,27234679,yfinance,False
2020-04-09,38.177154541015625,61.599998474121094,62.099998474121094,60.45000076293945,61.599998474121094,24427851,yfinance,False
2020-04-14,38.42505645751953,62.0,63.25,61.349998474121094,61.95000076293945,22763068,yfinance,False
2020-04-15,37.74333190917969,60.900001525878906,62.45000076293945,60.79999923706055,62.349998474121094,18930594,yfinance,False
2020-04-16,37.27851486206055,60.150001525878906,61.0,59.70000076293945,60.45000076293945,28423908,yfinance,False
2020-04-17,37.3714714050293,60.29999923706055,62.25,60.150001525878906,62.25,24539685,yfinance,False
2020-04-20,37.805301666259766,61.0,61.349998474121094,59.849998474121094,59.849998474121094,13949941,yfinance,False
2020-04-21,37.09257888793945,59.849998474121094,60.79999923706055,59.54999923706055,60.20000076293945,22881931,yfinance,False
2020-04-22,38.08419418334961,61.45000076293945,61.70000076293945,59.54999923706055,59.70000076293945,22294749,yfinance,False
2020-04-23,38.11518096923828,61.5,62.20000076293945,60.849998474121094,61.599998474121094,23305741,yfinance,False
2020-04-24,37.83628845214844,61.04999923706055,61.849998474121094,60.400001525878906,61.400001525878906,17418115,yfinance,False
2020-04-27,38.82790756225586,62.650001525878906,62.95000076293945,61.20000076293945,61.79999923706055,19256566,yfinance,False
2020-04-28,39.075809478759766,63.04999923706055,63.25,62.0,63.25,22818594,yfinance,False
2020-04-29,38.70395278930664,62.45000076293945,63.75,61.900001525878906,63.04999923706055,20654873,yfinance,False
2020-05-04,37.247520446777344,60.099998474121094,60.95000076293945,59.849998474121094,60.04999923706055,36682147,yfinance,False
2020-05-05,37.27851486206055,60.150001525878906,60.650001525878906,59.95000076293945,60.20000076293945,16009076,yfinance,False
2020-05-06,36.99961853027344,59.70000076293945,60.849998474121094,59.650001525878906,59.900001525878906,36070260,yfinance,False
2020-05-07,36.62775421142578,59.099998474121094,60.25,59.099998474121094,59.900001525878906,20787117,yfinance,False
2020-05-08,36.62775421142578,59.099998474121094,59.95000076293945,59.099998474121094,59.849998474121094,20394767,yfinance,False
2020-05-11,36.65875244140625,59.150001525878906,60.349998474121094,59.0,59.79999923706055,25548055,yfinance,False
2020-05-12,35.853057861328125,57.849998474121094,59.0,57.70000076293945,58.54999923706055,31556412,yfinance,False
2020-05-13,35.82207489013672,57.79999923706055,58.70000076293945,57.29999923706055,57.599998474121094,20479923,yfinance,False
2020-05-14,35.23330307006836,56.849998474121094,57.70000076293945,56.5,57.599998474121094,26287148,yfinance,False
2020-05-15,35.07836151123047,56.599998474121094,57.349998474121094,56.400001525878906,56.45000076293945,20658702,yfinance,False
2020-05-18,35.54317855834961,57.349998474121094,57.79999923706055,56.25,56.349998474121094,15821142,yfinance,False
2020-05-19,35.2952766418457,56.95000076293945,59.0,56.79999923706055,58.599998474121094,29614763,yfinance,False
2020-05-20,34.64453125,55.900001525878906,56.75,55.5,56.29999923706055,47191538,yfinance,False
2020-05-21,35.76009750366211,57.70000076293945,58.0,56.45000076293945,56.54999923706055,39517128,yfinance,False
2020-05-22,34.79947280883789,56.150001525878906,57.599998474121094,55.04999923706055,57.599998474121094,45972563,yfinance,False
2020-05-25,34.654335021972656,54.20000076293945,54.900001525878906,53.54999923706055,54.900001525878906,22485523,yfinance,False
2020-05-26,35.06993103027344,54.849998474121094,55.29999923706055,54.5,54.650001525878906,15243802,yfinance,False
2020-05-27,34.7502326965332,54.349998474121094,55.349998474121094,54.04999923706055,55.349998474121094,24540175,yfinance,False
2020-05-28,34.590389251708984,54.099998474121094,55.099998474121094,53.29999923706055,54.0,25446099,yfinance,False
2020-05-29,34.590389251708984,54.099998474121094,54.70000076293945,53.20000076293945,53.20000076293945,34066983,yfinance,False
2020-06-01,35.48552703857422,55.5,56.5,55.400001525878906,55.599998474121094,23940780,yfinance,False
2020-06-02,35.13386154174805,54.95000076293945,55.849998474121094,54.70000076293945,55.5,19094012,yfinance,False
2020-06-03,35.13386154174805,54.95000076293945,56.29999923706055,54.900001525878906,54.95000076293945,35320202,yfinance,False
2020-06-04,34.84614562988281,54.5,55.349998474121094,54.04999923706055,55.29999923706055,26279762,yfinance,False
2020-06-05,34.94205093383789,54.650001525878906,54.900001525878906,53.849998474121094,54.150001525878906,36464515,yfinance,False
2020-06-08,34.49448776245117,53.95000076293945,55.04999923706055,53.900001525878906,55.0,32336824,yfinance,False
2020-06-09,35.74127960205078,55.900001525878906,56.5,54.599998474121094,54.849998474121094,37641412,yfinance,False
2020-06-10,35.64537048339844,55.75,57.150001525878906,55.599998474121094,56.400001525878906,28243338,yfinance,False
2020-06-11,35.005985260009766,54.75,56.099998474121094,54.650001525878906,55.54999923706055,28426697,yfinance,False
2020-06-12,34.68629837036133,54.25,55.04999923706055,53.79999923706055,54.20000076293945,27743575,yfinance,False
2020-06-15,33.95101547241211,53.099998474121094,53.900001525878906,52.79999923706055,53.599998474121094,36284970,yfinance,False
2020-06-16,34.62236404418945,54.150001525878906,54.650001525878906,53.75,54.25,13060931,yfinance,False
2020-06-17,34.62236404418945,54.150001525878906,54.349998474121094,53.20000076293945,53.95000076293945,14970636,yfinance,False
2020-06-18,34.590389251708984,54.099998474121094,54.400001525878906,53.45000076293945,53.849998474121094,9393596,yfinance,False
2020-06-19,34.68629837036133,54.25,55.20000076293945,54.20000076293945,54.75,19438769,yfinance,False
2020-06-22,34.49448776245117,53.95000076293945,54.900001525878906,53.54999923706055,54.45000076293945,17252279,yfinance,False
2020-06-23,35.005985260009766,54.75,54.75,53.04999923706055,53.900001525878906,20396020,yfinance,False
2020-06-24,35.16584014892578,55.0,55.29999923706055,54.75,54.849998474121094,14178098,yfinance,False
2020-06-26,34.14282989501953,53.400001525878906,54.45000076293945,53.400001525878906,54.20000076293945,18611696,yfinance,False
2020-06-29,33.11982345581055,51.79999923706055,53.400001525878906,51.599998474121094,53.29999923706055,31199764,yfinance,False
2020-06-30,33.439510345458984,52.29999923706055,52.900001525878906,52.04999923706055,52.400001525878906,21623971,yfinance,False
2020-07-02,34.84614562988281,54.5,54.599998474121094,51.900001525878906,51.900001525878906,31223103,yfinance,False
2020-07-03,34.94205093383789,54.650001525878906,54.75,53.849998474121094,54.650001525878906,24298275,yfinance,False
2020-07-06,37.052005767822266,57.95000076293945,57.95000076293945,54.75,54.95000076293945,44310210,yfinance,False
2020-07-07,36.06095886230469,56.400001525878906,58.29999923706055,56.099998474121094,58.0,33510838,yfinance,False
2020-07-08,35.86914825439453,56.099998474121094,57.25,55.900001525878906,57.0,24382539,yfinance,False
2020-07-09,36.06095886230469,56.400001525878906,57.20000076293945,56.04999923706055,56.849998474121094,19714134,yfinance,False
2020-07-10,35.101898193359375,54.900001525878906,56.400001525878906,54.5,55.599998474121094,17992882,yfinance,False
2020-07-13,35.22977066040039,55.099998474121094,55.400001525878906,54.70000076293945,54.70000076293945,17651367,yfinance,False
2020-07-14,34.78220748901367,54.400001525878906,55.150001525878906,53.900001525878906,55.0,17800502,yfinance,False
2020-07-15,34.55842590332031,54.04999923706055,55.099998474121094,53.900001525878906,55.0,15119440,yfinance,False
2020-07-16,34.49448776245117,53.95000076293945,54.70000076293945,53.900001525878906,54.04999923706055,17951233,yfinance,False
2020-07-17,34.62236404418945,54.150001525878906,55.0,54.04999923706055,55.0,12682343,yfinance,False
2020-07-20,34.366607666015625,53.75,54.25,53.349998474121094,54.0,14015293,yfinance,False
2020-07-21,34.78220748901367,54.400001525878906,54.54999923706055,53.54999923706055,53.75,13670113,yfinance,False
2020-07-22,34.1108512878418,53.349998474121094,54.70000076293945,53.349998474121094,54.400001525878906,15929817,yfinance,False
2020-07-23,33.855106353759766,52.95000076293945,53.5,52.349998474121094,53.349998474121094,22189697,yfinance,False
2020-07-24,34.20676803588867,53.5,54.25,53.0,53.349998474121094,21086572,yfinance,False
2020-07-27,33.8870735168457,53.0,54.04999923706055,53.0,53.95000076293945,18202728,yfinance,False
2020-07-28,33.8870735168457,53.0,53.75,52.54999923706055,53.70000076293945,14200892,yfinance,False
2020-07-29,34.174800872802734,53.45000076293945,53.599998474121094,52.599998474121094,52.599998474121094,20083516,yfinance,False
2020-07-30,33.95101547241211,53.099998474121094,54.20000076293945,53.0,53.900001525878906,26848002,yfinance,False
2020-07-31,33.95101547241211,53.099998474121094,53.95000076293945,53.04999923706055,53.20000076293945,18408853,yfinance,False
2020-08-03,34.46251678466797,53.900001525878906,53.95000076293945,52.900001525878906,52.900001525878906,17744852,yfinance,False
2020-08-04,34.654335021972656,54.20000076293945,55.0,53.599998474121094,54.04999923706055,20552728,yfinance,False
2020-08-05,35.48552703857422,55.5,55.79999923706055,54.0,54.04999923706055,17633652,yfinance,False
2020-08-06,34.55842590332031,54.04999923706055,55.349998474121094,54.0,55.25,22722660,yfinance,False
2020-08-07,34.430545806884766,53.849998474121094,54.29999923706055,53.349998474121094,53.900001525878906,18555871,yfinance,False
2020-08-10,35.0379638671875,54.79999923706055,55.45000076293945,53.95000076293945,54.400001525878906,16768536,yfinance,False
2020-08-11,36.284751892089844,56.75,56.79999923706055,55.45000076293945,55.95000076293945,25565730,yfinance,False
2020-08-12,36.41261672973633,56.95000076293945,57.20000076293945,55.5,56.5,21579889,yfinance,False
2020-08-13,37.72334671020508,59.0,60.29999923706055,57.150001525878906,57.45000076293945,62123293,yfinance,False
2020-08-14,37.49956512451172,58.650001525878906,59.54999923706055,58.20000076293945,58.900001525878906,19780191,yfinance,False
2020-08-17,37.467594146728516,58.599998474121094,59.400001525878906,58.400001525878906,58.5,18029919,yfinance,False
2020-08-18,38.266822814941406,59.849998474121094,60.400001525878906,58.650001525878906,58.75,21754824,yfinance,False
2020-08-19,37.62744140625,58.849998474121094,59.75,58.349998474121094,59.75,13957559,yfinance,False
2020-08-20,36.82822036743164,57.599998474121094,58.54999923706055,57.25,58.54999923706055,23459739,yfinance,False
2020-08-21,37.339725494384766,58.400001525878906,58.45000076293945,57.70000076293945,58.04999923706055,14832254,yfinance,False
2020-08-24,37.755313873291016,59.04999923706055,59.349998474121094,58.099998474121094,58.099998474121094,13694139,yfinance,False
2020-08-25,37.30774688720703,58.349998474121094,59.04999923706055,58.099998474121094,59.0,15833836,yfinance,False
2020-08-26,37.69138717651367,58.95000076293945,59.5,58.599998474121094,58.95000076293945,16370568,yfinance,False
2020-08-27,36.72644805908203,55.95000076293945,57.900001525878906,55.54999923706055,57.900001525878906,23101665,yfinance,False
2020-08-28,36.62797927856445,55.79999923706055,56.70000076293945,55.150001525878906,55.599998474121094,21264292,yfinance,False
2020-08-31,35.54490280151367,54.150001525878906,57.20000076293945,54.150001525878906,57.0,32823796,yfinance,False
2020-09-01,35.31515884399414,53.79999923706055,54.95000076293945,53.79999923706055,54.0,22825303,yfinance,False
2020-09-02,34.822845458984375,53.04999923706055,53.75,52.79999923706055,53.54999923706055,27884327,yfinance,False
2020-09-03,34.79001998901367,53.0,53.75,52.599998474121094,52.849998474121094,22110628,yfinance,False
2020-09-04,34.888484954833984,53.150001525878906,53.95000076293945,52.54999923706055,52.849998474121094,45111230,yfinance,False
2020-09-07,34.52745819091797,52.599998474121094,53.04999923706055,52.29999923706055,52.599998474121094,23389703,yfinance,False
2020-09-08,35.15105056762695,53.54999923706055,53.849998474121094,52.95000076293945,53.75,16327357,yfinance,False
2020-09-09,35.34797286987305,53.849998474121094,53.849998474121094,53.04999923706055,53.20000076293945,19464855,yfinance,False
2020-09-10,34.888484954833984,53.150001525878906,54.0,52.79999923706055,54.0,14485592,yfinance,False
2020-09-11,34.888484954833984,53.150001525878906,53.70000076293945,52.900001525878906,53.400001525878906,11785404,yfinance,False
2020-09-14,35.31515884399414,53.79999923706055,53.95000076293945,53.04999923706055,53.20000076293945,14475795,yfinance,False
2020-09-15,35.15105056762695,53.54999923706055,53.79999923706055,53.099998474121094,53.400001525878906,13135363,yfinance,False
2020-09-16,34.85566711425781,53.099998474121094,53.75,53.0,53.75,11029367,yfinance,False
2020-09-17,34.39617156982422,52.400001525878906,53.400001525878906,52.099998474121094,53.400001525878906,16923973,yfinance,False
2020-09-18,34.42899703979492,52.45000076293945,52.900001525878906,52.25,52.75,27080554,yfinance,False
2020-09-21,34.067962646484375,51.900001525878906,52.95000076293945,51.75,52.900001525878906,28351473,yfinance,False
2020-09-22,33.80540084838867,51.5,52.04999923706055,51.29999923706055,51.900001525878906,14704054,yfinance,False
2020-09-23,33.411556243896484,50.900001525878906,51.349998474121094,50.599998474121094,51.0,14367903,yfinance,False
2020-09-24,32.78795623779297,49.95000076293945,50.650001525878906,49.849998474121094,50.45000076293945,19890200,yfinance,False
2020-09-25,33.05052185058594,50.349998474121094,51.0,50.20000076293945,50.20000076293945,12561942,yfinance,False
2020-09-28,32.85360336303711,50.04999923706055,50.599998474121094,49.650001525878906,50.150001525878906,14300127,yfinance,False
2020-09-29,32.13154220581055,48.95000076293945,50.150001525878906,48.95000076293945,49.900001525878906,21987881,yfinance,False
2020-09-30,32.459747314453125,49.45000076293945,50.25,48.79999923706055,49.599998474121094,25181823,yfinance,False
2020-10-05,32.4925651550293,49.5,50.20000076293945,49.099998474121094,50.20000076293945,15811693,yfinance,False
2020-10-06,32.59103012084961,49.650001525878906,49.900001525878906,49.25,49.599998474121094,14682271,yfinance,False
2020-10-07,33.08334732055664,50.400001525878906,50.599998474121094,49.5,49.79999923706055,12358062,yfinance,False
2020-10-08,33.05052185058594,50.349998474121094,50.5,49.849998474121094,50.0,12287207,yfinance,False
2020-10-09,32.78795623779297,49.95000076293945,50.54999923706055,49.849998474121094,50.20000076293945,7351538,yfinance,False
2020-10-12,33.345909118652344,50.79999923706055,51.0,49.599998474121094,49.599998474121094,12836185,yfinance,False
2020-10-14,33.67411422729492,51.29999923706055,52.099998474121094,50.79999923706055,52.099998474121094,21496433,yfinance,False
2020-10-15,32.98487854003906,50.25,51.20000076293945,50.25,50.849998474121094,13327465,yfinance,False
2020-10-16,32.82077407836914,50.0,50.599998474121094,50.0,50.29999923706055,14803474,yfinance,False
2020-10-19,32.78795623779297,49.95000076293945,50.45000076293945,49.79999923706055,49.900001525878906,11508147,yfinance,False
2020-10-20,32.78795623779297,49.95000076293945,50.20000076293945,49.70000076293945,49.70000076293945,11403197,yfinance,False
2020-10-21,34.067962646484375,51.900001525878906,52.45000076293945,50.70000076293945,51.04999923706055,39676516,yfinance,False
2020-10-22,33.14897918701172,50.5,51.45000076293945,50.20000076293945,51.29999923706055,25173527,yfinance,False
2020-10-23,33.411556243896484,50.900001525878906,50.95000076293945,50.0,50.5,13828581,yfinance,False
2020-10-27,33.0177001953125,50.29999923706055,50.54999923706055,49.95000076293945,50.0,19580090,yfinance,False
2020-10-28,32.197181701660156,49.04999923706055,50.20000076293945,49.04999923706055,50.0,18049510,yfinance,False
2020-10-29,31.573593139648438,48.099998474121094,48.79999923706055,47.5,48.75,27851932,yfinance,False
2020-10-30,30.949996948242188,47.150001525878906,47.900001525878906,46.900001525878906,47.900001525878906,29052507,yfinance,False
2020-11-02,31.868974685668945,48.54999923706055,48.95000076293945,47.599998474121094,47.70000076293945,26700004,yfinance,False
2020-11-03,32.197181701660156,49.04999923706055,49.45000076293945,48.45000076293945,49.25,18452887,yfinance,False
2020-11-04,31.540767669677734,48.04999923706055,49.150001525878906,47.900001525878906,49.04999923706055,20478234,yfinance,False
2020-11-05,32.78795623779297,49.95000076293945,49.95000076293945,49.0,49.29999923706055,27020014,yfinance,False
2020-11-06,33.31309127807617,50.75,50.95000076293945,50.0,50.20000076293945,25453167,yfinance,False
2020-11-09,33.21462631225586,50.599998474121094,51.150001525878906,50.20000076293945,50.849998474121094,22124416,yfinance,False
2020-11-10,33.641300201416016,51.25,51.54999923706055,50.650001525878906,51.45000076293945,22634606,yfinance,False
2020-11-11,35.41361999511719,53.95000076293945,53.95000076293945,51.70000076293945,52.0,45723385,yfinance,False
2020-11-12,34.56028366088867,52.650001525878906,53.650001525878906,52.150001525878906,53.599998474121094,39256524,yfinance,False
2020-11-13,32.82077407836914,50.0,50.099998474121094,49.349998474121094,49.599998474121094,64179767,yfinance,False
2020-11-16,31.606409072875977,48.150001525878906,49.150001525878906,47.400001525878906,48.70000076293945,99691510,yfinance,False
2020-11-17,31.114097595214844,47.400001525878906,48.29999923706055,47.400001525878906,47.900001525878906,64624157,yfinance,False
2020-11-18,30.884347915649414,47.04999923706055,47.45000076293945,46.79999923706055,47.349998474121094,62401901,yfinance,False
2020-11-19,30.917173385620117,47.099998474121094,48.099998474121094,46.599998474121094,46.900001525878906,48856058,yfinance,False
2020-11-20,30.81871223449707,46.95000076293945,47.349998474121094,46.54999923706055,46.54999923706055,37753605,yfinance,False
2020-11-23,30.5233211517334,46.5,47.20000076293945,46.25,46.900001525878906,45549101,yfinance,False
2020-11-24,31.146913528442383,47.45000076293945,47.75,46.20000076293945,46.349998474121094,41934961,yfinance,False
2020-11-25,31.245376586914062,47.599998474121094,48.20000076293945,47.599998474121094,47.599998474121094,34223253,yfinance,False
2020-11-26,31.2782039642334,47.650001525878906,48.099998474121094,47.45000076293945,47.650001525878906,21781149,yfinance,False
2020-11-27,31.21255874633789,47.54999923706055,47.70000076293945,47.04999923706055,47.5,24128536,yfinance,False
2020-11-30,30.457687377929688,46.400001525878906,47.70000076293945,46.400001525878906,47.599998474121094,71414644,yfinance,False
2020-12-01,30.39203643798828,46.29999923706055,46.599998474121094,46.04999923706055,46.04999923706055,42565550,yfinance,False
2020-12-02,30.753063201904297,46.849998474121094,47.400001525878906,46.0,46.25,38059552,yfinance,False
2020-12-03,31.114097595214844,47.400001525878906,47.5,46.900001525878906,47.099998474121094,25232941,yfinance,False
2020-12-04,30.68742561340332,46.75,47.25,46.5,47.20000076293945,43229839,yfinance,False
2020-12-07,30.424861907958984,46.349998474121094,46.599998474121094,46.0,46.25,31399181,yfinance,False
2020-12-08,29.834091186523438,45.45000076293945,46.099998474121094,45.45000076293945,46.0,39082287,yfinance,False
2020-12-09,29.669981002807617,45.20000076293945,45.75,45.150001525878906,45.45000076293945,41272449,yfinance,False
2020-12-10,29.50587272644043,44.95000076293945,45.20000076293945,44.5,45.150001525878906,39281130,yfinance,False
2020-12-11,29.07921028137207,44.29999923706055,44.95000076293945,44.29999923706055,44.95000076293945,40167834,yfinance,False
2020-12-14,29.013565063476562,44.20000076293945,45.29999923706055,44.20000076293945,44.29999923706055,42854717,yfinance,False
2020-12-15,28.980745315551758,44.150001525878906,44.650001525878906,43.900001525878906,44.29999923706055,41321956,yfinance,False
2020-12-16,29.14484977722168,44.400001525878906,45.25,44.099998474121094,44.650001525878906,33710315,yfinance,False
2020-12-17,28.980745315551758,44.150001525878906,44.5,44.04999923706055,44.04999923706055,41373582,yfinance,False
2020-12-18,29.89972496032715,45.54999923706055,46.150001525878906,44.0,44.0,70610237,yfinance,False
2020-12-21,28.980745315551758,44.150001525878906,45.45000076293945,44.150001525878906,45.400001525878906,45348734,yfinance,False
2020-12-22,28.71817970275879,43.75,44.599998474121094,43.70000076293945,44.04999923706055,49981044,yfinance,False
2020-12-23,28.7838191986084,43.849998474121094,44.45000076293945,43.70000076293945,44.0,35860384,yfinance,False
2020-12-24,29.14484977722168,44.400001525878906,44.400001525878906,44.400001525878906,44.400001525878906,0,yfinance,False
2020-12-28,29.86690330505371,45.5,45.900001525878906,44.75,44.75,37195999,yfinance,False
2020-12-29,29.308958053588867,44.650001525878906,45.5,44.599998474121094,45.0,47212245,yfinance,False
2020-12-30,28.7838191986084,43.849998474121094,44.04999923706055,43.70000076293945,44.0,88978484,yfinance,False
2020-12-31,29.112022399902344,44.349998474121094,44.349998474121094,44.349998474121094,44.349998474121094,0,yfinance,False
2021-01-04,28.7838191986084,43.849998474121094,44.79999923706055,42.20000076293945,43.0,159056313,yfinance,False
2021-01-05,30.260759353637695,46.099998474121094,47.54999923706055,42.400001525878906,42.45000076293945,225016589,yfinance,False
2021-01-06,30.621784210205078,46.650001525878906,47.45000076293945,45.099998474121094,45.79999923706055,97525202,yfinance,False
2021-01-07,28.422794342041016,43.29999923706055,44.349998474121094,43.099998474121094,43.5,358371301,yfinance,False
2021-01-08,27.241241455078125,41.5,42.5,39.0,39.0,1078582648,yfinance,False
2021-01-11,28.8166446685791,43.900001525878906,45.150001525878906,42.349998474121094,42.349998474121094,516309959,yfinance,False
2021-01-12,30.720247268676758,46.79999923706055,47.45000076293945,44.25,44.25,260763885,yfinance,False
2021-01-13,30.162294387817383,45.95000076293945,47.95000076293945,45.900001525878906,46.54999923706055,158327830,yfinance,False
2021-01-14,30.949996948242188,47.150001525878906,48.099998474121094,46.349998474121094,46.45000076293945,147539743,yfinance,False
2021-01-15,30.917173385620117,47.099998474121094,48.099998474121094,46.599998474121094,47.20000076293945,88363295,yfinance,False
2021-01-18,32.29564666748047,49.20000076293945,49.95000076293945,47.20000076293945,47.20000076293945,170533364,yfinance,False
2021-01-19,32.755130767822266,49.900001525878906,51.20000076293945,49.400001525878906,50.0,136964168,yfinance,False
2021-01-20,32.164363861083984,49.0,51.5,48.79999923706055,50.75,133764437,yfinance,False
2021-01-21,32.13154220581055,48.95000076293945,49.75,48.0,49.45000076293945,77417937,yfinance,False
2021-01-22,31.245376586914062,47.599998474121094,48.79999923706055,47.150001525878906,48.5,94744347,yfinance,False
2021-01-25,30.949996948242188,47.150001525878906,48.599998474121094,47.04999923706055,47.349998474121094,102460603,yfinance,False
2021-01-26,29.86690330505371,45.5,47.099998474121094,45.349998474121094,47.04999923706055,146502057,yfinance,False
2021-01-27,31.442302703857422,47.900001525878906,48.400001525878906,45.45000076293945,46.099998474121094,159562725,yfinance,False
2021-01-28,31.442302703857422,47.900001525878906,49.150001525878906,47.150001525878906,47.20000076293945,115835726,yfinance,False
2021-01-29,31.0484561920166,47.29999923706055,48.79999923706055,47.20000076293945,48.20000076293945,79552490,yfinance,False
2021-02-01,31.803329467773438,48.45000076293945,48.849998474121094,47.5,47.5,66741049,yfinance,False
2021-02-02,31.704866409301758,48.29999923706055,49.849998474121094,48.29999923706055,48.650001525878906,75329701,yfinance,False
2021-02-03,31.672046661376953,48.25,49.20000076293945,47.70000076293945,48.29999923706055,51017758,yfinance,False
2021-02-04,31.0484561920166,47.29999923706055,48.5,46.79999923706055,48.099998474121094,71168338,yfinance,False
2021-02-05,30.785888671875,46.900001525878906,47.54999923706055,46.79999923706055,47.20000076293945,48457022,yfinance,False
2021-02-08,30.68742561340332,46.75,47.54999923706055,46.54999923706055,47.29999923706055,41816401,yfinance,False
2021-02-09,30.5233211517334,46.5,46.75,46.20000076293945,46.54999923706055,31346368,yfinance,False
2021-02-10,30.753063201904297,46.849998474121094,47.0,46.349998474121094,47.0,30363609,yfinance,False
2021-02-11,31.21255874633789,47.54999923706055,47.54999923706055,47.54999923706055,47.54999923706055,0,yfinance,False
2021-02-16,31.40947914123535,47.849998474121094,48.04999923706055,47.349998474121094,47.75,49137463,yfinance,False
2021-02-17,32.4925651550293,49.5,49.650001525878906,47.45000076293945,47.75,62592182,yfinance,False
2021-02-18,33.14897918701172,50.5,52.349998474121094,49.54999923706055,49.79999923706055,193349199,yfinance,False
2021-02-19,35.28233337402344,53.75,54.25,50.900001525878906,51.349998474121094,165069191,yfinance,False
2021-02-22,36.52952194213867,55.650001525878906,57.79999923706055,54.400001525878906,54.70000076293945,235720115,yfinance,False
2021-02-23,36.693634033203125,55.900001525878906,57.0,54.29999923706055,55.349998474121094,108957271,yfinance,False
2021-02-24,35.97157669067383,54.79999923706055,57.0,53.45000076293945,55.650001525878906,127513410,yfinance,False
2021-02-25,35.97157669067383,54.79999923706055,56.0,54.25,55.5,65898491,yfinance,False
2021-02-26,35.24951171875,53.70000076293945,54.75,52.95000076293945,53.650001525878906,67177267,yfinance,False
2021-03-01,36.989017486572266,56.349998474121094,56.95000076293945,54.04999923706055,54.099998474121094,84564738,yfinance,False
2021-03-02,36.10285949707031,55.0,56.95000076293945,54.849998474121094,56.45000076293945,53660155,yfinance,False
2021-03-03,36.92337417602539,56.25,56.79999923706055,55.04999923706055,55.099998474121094,54816046,yfinance,False
2021-03-04,36.10285949707031,55.0,57.0,54.95000076293945,55.650001525878906,90166051,yfinance,False
2021-03-05,37.31722640991211,56.849998474121094,57.0,54.099998474121094,54.099998474121094,69193790,yfinance,False
2021-03-08,36.92337417602539,56.25,59.20000076293945,55.75,57.400001525878906,108863062,yfinance,False
2021-03-09,36.00439453125,54.849998474121094,56.5,53.650001525878906,56.20000076293945,101344904,yfinance,False
2021-03-10,35.24951171875,53.70000076293945,56.20000076293945,53.599998474121094,56.0,66922909,yfinance,False
2021-03-11,35.01976013183594,53.349998474121094,54.650001525878906,53.20000076293945,54.0,59227337,yfinance,False
2021-03-12,34.133602142333984,52.0,53.79999923706055,52.0,53.45000076293945,71495352,yfinance,False
2021-03-15,34.16643142700195,52.04999923706055,53.599998474121094,52.0,52.599998474121094,52556519,yfinance,False
2021-03-16,34.822845458984375,53.04999923706055,54.0,52.54999923706055,53.150001525878906,42137105,yfinance,False
2021-03-17,35.183868408203125,53.599998474121094,54.400001525878906,52.900001525878906,52.900001525878906,26006966,yfinance,False
2021-03-18,35.183868408203125,53.599998474121094,54.70000076293945,53.599998474121094,53.900001525878906,25654467,yfinance,False
2021-03-19,34.7572021484375,52.95000076293945,53.349998474121094,52.5,53.150001525878906,32085649,yfinance,False
2021-03-22,34.52745819091797,52.599998474121094,53.400001525878906,52.5,52.54999923706055,30270543,yfinance,False
2021-03-23,34.23207092285156,52.150001525878906,52.79999923706055,52.0,52.599998474121094,39098889,yfinance,False
2021-03-24,34.199249267578125,52.099998474121094,52.599998474121094,52.04999923706055,52.04999923706055,41392134,yfinance,False
2021-03-25,33.47719192504883,51.0,52.20000076293945,50.5,51.900001525878906,92909244,yfinance,False
2021-03-26,33.31309127807617,50.75,51.0,50.0,50.650001525878906,57759796,yfinance,False
2021-03-29,33.47719192504883,51.0,51.349998474121094,50.04999923706055,50.54999923706055,42268324,yfinance,False
2021-03-30,33.641300201416016,51.25,51.25,50.650001525878906,50.650001525878906,20508871,yfinance,False
2021-03-31,33.444374084472656,50.95000076293945,51.25,50.599998474121094,51.20000076293945,22698783,yfinance,False
2021-04-01,33.51001739501953,51.04999923706055,51.29999923706055,50.70000076293945,50.79999923706055,25523704,yfinance,False
2021-04-07,33.2802619934082,50.70000076293945,51.349998474121094,50.599998474121094,50.900001525878906,28251734,yfinance,False
2021-04-08,33.247440338134766,50.650001525878906,50.95000076293945,50.0,50.650001525878906,40075083,yfinance,False
2021-04-09,32.98487854003906,50.25,50.900001525878906,50.150001525878906,50.650001525878906,25430243,yfinance,False
2021-04-12,32.91923904418945,50.150001525878906,50.5,50.0,50.099998474121094,32630197,yfinance,False
2021-04-13,32.82077407836914,50.0,50.349998474121094,50.0,50.150001525878906,36583608,yfinance,False
2021-04-14,32.82077407836914,50.0,50.150001525878906,49.849998474121094,50.0,38903764,yfinance,False
2021-04-15,32.62385177612305,49.70000076293945,49.95000076293945,49.5,49.849998474121094,30120520,yfinance,False
2021-04-16,33.60847854614258,51.20000076293945,51.79999923706055,49.5,49.95000076293945,38067265,yfinance,False
2021-04-19,34.199249267578125,52.099998474121094,52.29999923706055,51.0,51.04999923706055,39210681,yfinance,False
2021-04-20,34.36334991455078,52.349998474121094,52.70000076293945,51.75,51.79999923706055,27723987,yfinance,False
2021-04-21,34.42899703979492,52.45000076293945,52.900001525878906,51.5,52.0,34599999,yfinance,False
2021-04-22,34.98694610595703,53.29999923706055,54.04999923706055,52.5,52.79999923706055,47452778,yfinance,False
2021-04-23,34.42899703979492,52.45000076293945,53.45000076293945,52.29999923706055,52.75,43652027,yfinance,False
2021-04-26,34.199249267578125,52.099998474121094,52.75,52.04999923706055,52.45000076293945,22669222,yfinance,False
2021-04-27,34.16643142700195,52.04999923706055,52.400001525878906,51.900001525878906,51.900001525878906,13166414,yfinance,False
2021-04-28,34.00232696533203,51.79999923706055,52.20000076293945,51.75,52.099998474121094,22050170,yfinance,False
2021-04-29,34.39617156982422,52.400001525878906,52.5,51.75,51.75,14343232,yfinance,False
2021-04-30,34.133602142333984,52.0,52.400001525878906,52.0,52.099998474121094,20785891,yfinance,False
2021-05-03,33.936580657958984,49.95000076293945,50.29999923706055,49.599998474121094,50.25,15932242,yfinance,False
2021-05-04,33.766727447509766,49.70000076293945,49.900001525878906,49.54999923706055,49.70000076293945,11232205,yfinance,False
2021-05-05,33.970550537109375,50.0,50.599998474121094,49.599998474121094,49.75,15553042,yfinance,False
2021-05-06,34.00452423095703,50.04999923706055,50.75,49.95000076293945,50.45000076293945,18627414,yfinance,False
2021-05-07,33.970550537109375,50.0,50.45000076293945,49.95000076293945,50.099998474121094,16388569,yfinance,False
2021-05-10,33.86863708496094,49.849998474121094,50.25,49.150001525878906,50.0,19492345,yfinance,False
2021-05-11,33.46098709106445,49.25,49.79999923706055,49.099998474121094,49.5,19687820,yfinance,False
2021-05-12,33.22319793701172,48.900001525878906,49.25,48.599998474121094,48.900001525878906,22168439,yfinance,False
2021-05-13,32.88349151611328,48.400001525878906,48.70000076293945,48.20000076293945,48.5,18108242,yfinance,False
2021-05-14,32.98540496826172,48.54999923706055,48.75,48.04999923706055,48.5,17314010,yfinance,False
2021-05-17,33.155250549316406,48.79999923706055,49.349998474121094,47.95000076293945,48.599998474121094,26650015,yfinance,False
2021-05-18,34.03848648071289,50.099998474121094,51.150001525878906,50.04999923706055,50.20000076293945,43245403,yfinance,False
2021-05-20,33.86863708496094,49.849998474121094,50.150001525878906,49.20000076293945,49.70000076293945,22661804,yfinance,False
2021-05-21,33.86863708496094,49.849998474121094,50.25,49.45000076293945,50.150001525878906,12497204,yfinance,False
2021-05-24,33.970550537109375,50.0,50.20000076293945,49.54999923706055,49.54999923706055,16380355,yfinance,False
2021-05-25,34.03848648071289,50.099998474121094,50.599998474121094,49.79999923706055,50.29999923706055,23503545,yfinance,False
2021-05-26,33.970550537109375,50.0,50.29999923706055,49.900001525878906,50.04999923706055,16576736,yfinance,False
2021-05-27,33.83466720581055,49.79999923706055,50.150001525878906,49.75,49.95000076293945,20024996,yfinance,False
2021-05-28,33.46098709106445,49.25,49.75,49.04999923706055,49.70000076293945,36631256,yfinance,False
2021-05-31,32.88349151611328,48.400001525878906,49.25,48.20000076293945,49.150001525878906,43285716,yfinance,False
2021-06-01,33.12128829956055,48.75,48.75,48.0,48.25,30927146,yfinance,False
2021-06-02,32.95143508911133,48.5,48.650001525878906,48.20000076293945,48.599998474121094,19109911,yfinance,False
2021-06-03,32.815547943115234,48.29999923706055,48.849998474121094,48.25,48.650001525878906,16786020,yfinance,False
2021-06-04,32.88349151611328,48.400001525878906,49.04999923706055,48.099998474121094,48.29999923706055,33204139,yfinance,False
2021-06-07,33.053348541259766,48.650001525878906,48.79999923706055,48.25,48.5,16462251,yfinance,False
2021-06-08,33.053348541259766,48.650001525878906,48.900001525878906,48.400001525878906,48.75,17258843,yfinance,False
2021-06-09,33.22319793701172,48.900001525878906,49.150001525878906,48.5,48.5,13420817,yfinance,False
2021-06-10,33.12128829956055,48.75,49.20000076293945,48.650001525878906,49.0,18487538,yfinance,False
2021-06-11,33.019371032714844,48.599998474121094,48.95000076293945,48.400001525878906,48.79999923706055,20930265,yfinance,False
2021-06-15,32.611724853515625,48.0,48.54999923706055,48.0,48.400001525878906,26839137,yfinance,False
2021-06-16,32.54378890991211,47.900001525878906,48.04999923706055,47.75,48.0,22509327,yfinance,False
2021-06-17,32.27202224731445,47.5,47.75,47.349998474121094,47.54999923706055,20618037,yfinance,False
2021-06-18,32.170108795166016,47.349998474121094,48.04999923706055,47.29999923706055,47.29999923706055,19415396,yfinance,False
2021-06-21,33.053348541259766,48.650001525878906,49.20000076293945,47.54999923706055,47.650001525878906,45179823,yfinance,False
2021-06-22,33.155250549316406,48.79999923706055,49.349998474121094,48.79999923706055,49.04999923706055,30684739,yfinance,False
2021-06-23,32.95143508911133,48.5,49.20000076293945,48.29999923706055,48.79999923706055,24275364,yfinance,False
2021-06-24,32.815547943115234,48.29999923706055,48.45000076293945,48.04999923706055,48.29999923706055,22121124,yfinance,False
2021-06-25,33.63084411621094,49.5,49.75,48.25,48.5,42522923,yfinance,False
2021-06-28,33.698787689208984,49.599998474121094,50.04999923706055,49.25,49.29999923706055,24241110,yfinance,False
2021-06-29,33.2911376953125,49.0,49.70000076293945,48.900001525878906,49.400001525878906,18914147,yfinance,False
2021-06-30,32.98540496826172,48.54999923706055,49.0,48.54999923706055,48.79999923706055,19127968,yfinance,False
2021-07-02,32.50980758666992,47.849998474121094,48.400001525878906,47.849998474121094,48.099998474121094,31571522,yfinance,False
2021-07-05,32.611724853515625,48.0,48.400001525878906,47.849998474121094,47.849998474121094,20714157,yfinance,False
2021-07-06,32.373931884765625,47.650001525878906,48.20000076293945,47.54999923706055,48.0,23478336,yfinance,False
2021-07-07,32.27202224731445,47.5,47.79999923706055,47.25,47.5,22544511,yfinance,False
2021-07-08,31.796430587768555,46.79999923706055,47.45000076293945,46.5,47.45000076293945,45512902,yfinance,False
2021-07-09,31.728487014770508,46.70000076293945,47.099998474121094,46.5,46.70000076293945,23450318,yfinance,False
2021-07-12,31.728487014770508,46.70000076293945,47.45000076293945,46.599998474121094,47.0,19705534,yfinance,False
2021-07-13,32.23805236816406,47.45000076293945,48.0,46.5,46.70000076293945,46578913,yfinance,False
2021-07-14,32.50980758666992,47.849998474121094,48.349998474121094,47.29999923706055,47.349998474121094,23742201,yfinance,False
2021-07-15,32.64569091796875,48.04999923706055,48.79999923706055,47.54999923706055,47.54999923706055,24362364,yfinance,False
2021-07-16,32.64569091796875,48.04999923706055,48.650001525878906,48.04999923706055,48.150001525878906,19901383,yfinance,False
2021-07-19,32.917457580566406,48.45000076293945,49.0,47.849998474121094,48.04999923706055,27592823,yfinance,False
2021-07-20,32.74760818481445,48.20000076293945,48.54999923706055,47.900001525878906,48.0,20197319,yfinance,False
2021-07-21,33.155250549316406,48.79999923706055,48.95000076293945,48.20000076293945,48.20000076293945,20513415,yfinance,False
2021-07-22,34.1064338684082,50.20000076293945,50.70000076293945,48.70000076293945,48.70000076293945,69458738,yfinance,False
2021-07-23,34.03848648071289,50.099998474121094,51.099998474121094,49.900001525878906,50.5,38565860,yfinance,False
2021-07-26,33.12128829956055,48.75,50.0,48.45000076293945,49.70000076293945,52757304,yfinance,False
2021-07-27,32.64569091796875,48.04999923706055,49.400001525878906,47.0,48.45000076293945,71166543,yfinance,False
2021-07-28,32.373931884765625,47.650001525878906,48.20000076293945,47.25,48.04999923706055,46035632,yfinance,False
2021-07-29,32.781578063964844,48.25,48.5,48.0,48.29999923706055,38530390,yfinance,False
2021-07-30,32.50980758666992,47.849998474121094,48.25,47.45000076293945,48.150001525878906,33427999,yfinance,False
2021-08-02,33.2911376953125,49.0,49.349998474121094,47.79999923706055,48.0,26436356,yfinance,False
2021-08-03,33.698787689208984,49.599998474121094,50.45000076293945,48.79999923706055,49.0,31690996,yfinance,False
2021-08-04,33.83466720581055,49.79999923706055,50.45000076293945,49.70000076293945,49.79999923706055,22577977,yfinance,False
2021-08-05,33.59687042236328,49.45000076293945,49.849998474121094,49.04999923706055,49.5,19271379,yfinance,False
2021-08-06,33.42701721191406,49.20000076293945,49.5,49.04999923706055,49.25,10462781,yfinance,False
2021-08-09,34.00452423095703,50.04999923706055,50.349998474121094,48.95000076293945,49.0,21627466,yfinance,False
2021-08-10,33.902610778808594,49.900001525878906,50.099998474121094,49.599998474121094,50.04999923706055,18654719,yfinance,False
2021-08-11,34.27627944946289,50.45000076293945,51.099998474121094,49.95000076293945,50.04999923706055,39298192,yfinance,False
2021-08-12,34.17436981201172,50.29999923706055,51.599998474121094,49.849998474121094,50.54999923706055,46587366,yfinance,False
2021-08-13,35.22745132446289,51.849998474121094,52.04999923706055,50.849998474121094,51.0,61844556,yfinance,False
2021-08-16,35.26143264770508,51.900001525878906,52.95000076293945,51.650001525878906,51.95000076293945,38553534,yfinance,False
2021-08-17,34.78584671020508,51.20000076293945,52.400001525878906,50.599998474121094,52.0,47408431,yfinance,False
2021-08-18,34.95569610595703,51.45000076293945,51.79999923706055,51.0,51.04999923706055,24097967,yfinance,False
2021-08-19,34.95569610595703,51.45000076293945,52.25,51.20000076293945,51.650001525878906,39911613,yfinance,False
2021-08-20,34.378196716308594,50.599998474121094,51.849998474121094,49.95000076293945,51.599998474121094,50966159,yfinance,False
2021-08-23,34.68392562866211,51.04999923706055,51.70000076293945,50.849998474121094,51.0,31735278,yfinance,False
2021-08-24,34.480106353759766,50.75,51.45000076293945,50.70000076293945,51.099998474121094,30660806,yfinance,False
2021-08-25,34.22037887573242,48.75,49.5,48.400001525878906,49.099998474121094,34626014,yfinance,False
2021-08-26,33.58861541748047,47.849998474121094,48.650001525878906,47.54999923706055,48.599998474121094,43094010,yfinance,False
2021-08-27,33.30784225463867,47.45000076293945,48.0,47.349998474121094,47.70000076293945,27467915,yfinance,False
2021-08-30,33.202545166015625,47.29999923706055,47.79999923706055,46.95000076293945,47.45000076293945,31886504,yfinance,False
2021-08-31,33.097251892089844,47.150001525878906,47.349998474121094,47.0,47.04999923706055,19884741,yfinance,False
2021-09-01,33.69391632080078,48.0,48.5,47.04999923706055,47.150001525878906,25372033,yfinance,False
2021-09-02,34.04489517211914,48.5,48.849998474121094,48.099998474121094,48.099998474121094,19179089,yfinance,False
2021-09-03,33.86940383911133,48.25,49.25,48.099998474121094,48.099998474121094,41009534,yfinance,False
2021-09-06,34.466068267822266,49.099998474121094,49.400001525878906,48.45000076293945,48.54999923706055,18054907,yfinance,False
2021-09-07,34.71175003051758,49.45000076293945,49.95000076293945,48.900001525878906,48.95000076293945,25914448,yfinance,False
2021-09-08,34.15019226074219,48.650001525878906,49.79999923706055,48.650001525878906,49.400001525878906,24121645,yfinance,False
2021-09-09,33.86940383911133,48.25,48.849998474121094,48.099998474121094,48.599998474121094,21615995,yfinance,False
2021-09-10,34.2554817199707,48.79999923706055,49.349998474121094,48.25,48.25,23808898,yfinance,False
2021-09-13,34.32567596435547,48.900001525878906,49.25,48.5,48.54999923706055,13205631,yfinance,False
2021-09-14,34.15019226074219,48.650001525878906,49.04999923706055,48.150001525878906,48.70000076293945,18027118,yfinance,False
2021-09-15,34.15019226074219,48.650001525878906,48.849998474121094,48.29999923706055,48.45000076293945,16562173,yfinance,False
2021-09-16,33.48332977294922,47.70000076293945,48.650001525878906,47.54999923706055,48.599998474121094,19423954,yfinance,False
2021-09-17,33.553524017333984,47.79999923706055,48.20000076293945,47.5,47.5,14267666,yfinance,False
2021-09-20,32.9919548034668,47.0,47.54999923706055,46.79999923706055,47.5,26886465,yfinance,False
2021-09-21,33.097251892089844,47.150001525878906,47.5,46.650001525878906,46.70000076293945,13566088,yfinance,False
2021-09-23,33.518428802490234,47.75,48.099998474121094,47.5,47.54999923706055,23584821,yfinance,False
2021-09-24,33.132347106933594,47.20000076293945,48.0,47.04999923706055,47.849998474121094,20164361,yfinance,False
2021-09-27,33.02705383300781,47.04999923706055,47.849998474121094,46.75,47.349998474121094,23781157,yfinance,False
2021-09-28,32.9919548034668,47.0,47.25,46.70000076293945,46.79999923706055,26255203,yfinance,False
2021-09-29,32.9919548034668,47.0,47.099998474121094,46.70000076293945,46.75,21594099,yfinance,False
2021-09-30,32.95685577392578,46.95000076293945,46.95000076293945,46.599998474121094,46.75,13497895,yfinance,False
2021-10-04,32.746273040771484,46.650001525878906,46.849998474121094,46.400001525878906,46.650001525878906,13912357,yfinance,False
2021-10-05,32.9217643737793,46.900001525878906,47.20000076293945,46.5,46.5,7634252,yfinance,False
2021-10-06,32.9919548034668,47.0,47.150001525878906,46.599998474121094,46.95000076293945,9158916,yfinance,False
2021-10-07,33.272735595703125,47.400001525878906,47.5,47.150001525878906,47.29999923706055,8477263,yfinance,False
2021-10-08,33.90449905395508,48.29999923706055,48.79999923706055,47.29999923706055,47.45000076293945,26683864,yfinance,False
2021-10-11,34.22037887573242,48.75,48.849998474121094,48.349998474121094,48.400001525878906,15954812,yfinance,False
2021-10-12,34.009796142578125,48.45000076293945,48.849998474121094,48.25,48.400001525878906,14098395,yfinance,False
2021-10-15,34.15019226074219,48.650001525878906,48.900001525878906,47.849998474121094,48.25,15916931,yfinance,False
2021-10-18,34.07999038696289,48.54999923706055,48.75,48.099998474121094,48.599998474121094,14553792,yfinance,False
2021-10-19,34.22037887573242,48.75,48.900001525878906,48.29999923706055,48.5,11858329,yfinance,False
2021-10-20,34.2554817199707,48.79999923706055,48.900001525878906,48.5,48.79999923706055,14336291,yfinance,False
2021-10-21,34.395870208740234,49.0,49.5,48.650001525878906,48.75,27118481,yfinance,False
2021-10-22,34.360774993896484,48.95000076293945,49.5,48.900001525878906,48.900001525878906,22151401,yfinance,False
2021-10-25,34.395870208740234,49.0,49.29999923706055,48.79999923706055,48.95000076293945,14465856,yfinance,False
2021-10-26,34.501163482666016,49.150001525878906,49.29999923706055,48.79999923706055,49.20000076293945,12590843,yfinance,False
2021-10-27,34.22037887573242,48.75,48.900001525878906,48.54999923706055,48.599998474121094,18440549,yfinance,False
2021-10-28,34.29057693481445,48.849998474121094,49.099998474121094,48.349998474121094,48.349998474121094,17616848,yfinance,False
2021-10-29,33.86940383911133,48.25,48.79999923706055,48.04999923706055,48.650001525878906,24132617,yfinance,False
2021-11-01,34.07999038696289,48.54999923706055,48.79999923706055,48.04999923706055,48.400001525878906,14055063,yfinance,False
2021-11-02,34.04489517211914,48.5,49.29999923706055,48.25,48.650001525878906,19120760,yfinance,False
2021-11-03,33.7992057800293,48.150001525878906,48.599998474121094,48.04999923706055,48.20000076293945,14916304,yfinance,False
2021-11-04,34.009796142578125,48.45000076293945,48.5,47.849998474121094,48.0,14923495,yfinance,False
2021-11-05,34.18528366088867,48.70000076293945,48.70000076293945,48.0,48.25,13198332,yfinance,False
2021-11-08,33.86940383911133,48.25,48.54999923706055,48.04999923706055,48.5,13097596,yfinance,False
2021-11-09,33.76411056518555,48.099998474121094,48.29999923706055,47.75,48.099998474121094,15813867,yfinance,False
2021-11-10,33.65882110595703,47.95000076293945,48.150001525878906,47.54999923706055,47.849998474121094,11887875,yfinance,False
2021-11-11,33.37803268432617,47.54999923706055,48.04999923706055,47.349998474121094,47.54999923706055,21499925,yfinance,False
2021-11-12,33.30784225463867,47.45000076293945,48.0,47.29999923706055,47.650001525878906,16940226,yfinance,False
2021-11-15,33.167442321777344,47.25,47.54999923706055,46.849998474121094,47.45000076293945,20329517,yfinance,False
2021-11-16,33.097251892089844,47.150001525878906,47.29999923706055,46.900001525878906,47.25,17572000,yfinance,False
2021-11-17,33.02705383300781,47.04999923706055,47.20000076293945,46.900001525878906,47.0,11969860,yfinance,False
2021-11-18,33.237640380859375,47.349998474121094,47.54999923706055,46.900001525878906,46.900001525878906,11317450,yfinance,False
2021-11-19,33.237640380859375,47.349998474121094,47.5,47.150001525878906,47.150001525878906,11246205,yfinance,False
2021-11-22,33.37803268432617,47.54999923706055,48.25,47.349998474121094,47.5,20020489,yfinance,False
2021-11-23,33.518428802490234,47.75,47.849998474121094,47.45000076293945,47.5,11938683,yfinance,False
2021-11-24,33.272735595703125,47.400001525878906,47.95000076293945,47.400001525878906,47.900001525878906,16296351,yfinance,False
2021-11-25,33.237640380859375,47.349998474121094,47.650001525878906,46.95000076293945,47.400001525878906,11583351,yfinance,False
2021-11-26,32.9217643737793,46.900001525878906,47.29999923706055,46.900001525878906,47.04999923706055,17854367,yfinance,False
2021-11-29,32.88665771484375,46.849998474121094,47.29999923706055,46.79999923706055,47.29999923706055,15402542,yfinance,False
2021-11-30,32.71117401123047,46.599998474121094,46.95000076293945,46.400001525878906,46.70000076293945,25178927,yfinance,False
2021-12-01,32.7813720703125,46.70000076293945,46.849998474121094,46.5,46.70000076293945,9515727,yfinance,False
2021-12-02,32.746273040771484,46.650001525878906,46.79999923706055,46.5,46.70000076293945,8959264,yfinance,False
2021-12-03,32.7813720703125,46.70000076293945,47.25,46.20000076293945,46.54999923706055,26400903,yfinance,False
2021-12-06,32.43039321899414,46.20000076293945,46.79999923706055,46.150001525878906,46.54999923706055,21500779,yfinance,False
2021-12-07,32.746273040771484,46.650001525878906,46.900001525878906,46.20000076293945,46.25,16784230,yfinance,False
2021-12-08,32.71117401123047,46.599998474121094,46.70000076293945,46.29999923706055,46.5,12828944,yfinance,False
2021-12-09,32.67607498168945,46.54999923706055,46.79999923706055,46.25,46.599998474121094,25213654,yfinance,False
2021-12-10,32.43039321899414,46.20000076293945,46.599998474121094,46.0,46.45000076293945,19906562,yfinance,False
2021-12-13,32.535682678222656,46.349998474121094,46.45000076293945,46.0,46.04999923706055,13708327,yfinance,False
2021-12-14,32.360198974609375,46.099998474121094,47.20000076293945,46.099998474121094,46.400001525878906,27589038,yfinance,False
2021-12-15,32.6409797668457,46.5,46.75,45.900001525878906,46.04999923706055,13232855,yfinance,False
2021-12-16,32.535682678222656,46.349998474121094,46.54999923706055,46.20000076293945,46.29999923706055,10830220,yfinance,False
2021-12-17,32.60588073730469,46.45000076293945,46.70000076293945,46.25,46.29999923706055,11821601,yfinance,False
2021-12-20,32.535682678222656,46.349998474121094,46.650001525878906,46.150001525878906,46.400001525878906,11690120,yfinance,False
2021-12-21,32.500587463378906,46.29999923706055,46.650001525878906,46.20000076293945,46.349998474121094,12918821,yfinance,False
2021-12-22,32.500587463378906,46.29999923706055,46.599998474121094,46.20000076293945,46.400001525878906,11042697,yfinance,False
2021-12-23,32.71117401123047,46.599998474121094,46.75,46.29999923706055,46.599998474121094,14976664,yfinance,False
2021-12-24,33.34293746948242,47.5,47.849998474121094,46.54999923706055,46.54999923706055,18326165,yfinance,False
2021-12-28,33.202545166015625,47.29999923706055,47.900001525878906,47.150001525878906,47.79999923706055,16974371,yfinance,False
2021-12-29,33.132347106933594,47.20000076293945,47.25,47.0,47.20000076293945,6233784,yfinance,False
2021-12-30,33.02705383300781,47.04999923706055,47.29999923706055,47.0,47.20000076293945,6944972,yfinance,False
2021-12-31,32.851558685302734,46.79999923706055,47.099998474121094,46.650001525878906,47.0,9175719,yfinance,False
2022-01-03,33.06215286254883,47.099998474121094,47.25,47.0,47.0,5598154,yfinance,False
2022-01-04,33.69391632080078,48.0,48.150001525878906,46.79999923706055,47.099998474121094,29001414,yfinance,False
2022-01-05,34.81704330444336,49.599998474121094,51.5,49.099998474121094,50.75,132654560,yfinance,False
2022-01-06,34.501163482666016,49.150001525878906,49.849998474121094,48.79999923706055,49.599998474121094,29057636,yfinance,False
2022-01-07,34.88724136352539,49.70000076293945,50.04999923706055,48.70000076293945,49.0,29901397,yfinance,False
2022-01-10,35.308414459228516,50.29999923706055,50.75,49.54999923706055,49.54999923706055,34349550,yfinance,False
2022-01-11,35.41371154785156,50.45000076293945,50.70000076293945,50.04999923706055,50.099998474121094,25715064,yfinance,False
2022-01-12,35.659393310546875,50.79999923706055,51.349998474121094,50.599998474121094,50.650001525878906,31055717,yfinance,False
2022-01-13,35.83488082885742,51.04999923706055,51.29999923706055,50.70000076293945,50.79999923706055,25005357,yfinance,False
2022-01-14,35.659393310546875,50.79999923706055,51.150001525878906,50.75,51.0,21040181,yfinance,False
2022-01-17,35.4838981628418,50.54999923706055,50.900001525878906,50.400001525878906,50.849998474121094,18569234,yfinance,False
2022-01-18,35.51899719238281,50.599998474121094,50.79999923706055,50.400001525878906,50.400001525878906,15378910,yfinance,False
2022-01-19,35.308414459228516,50.29999923706055,50.75,50.25,50.400001525878906,19059610,yfinance,False
2022-01-20,35.44880676269531,50.5,50.79999923706055,50.0,50.599998474121094,28188882,yfinance,False
2022-01-21,35.975276947021484,51.25,51.650001525878906,50.29999923706055,50.29999923706055,31089575,yfinance,False
2022-01-24,36.71232604980469,52.29999923706055,52.650001525878906,51.099998474121094,51.20000076293945,48483912,yfinance,False
2022-01-25,36.71232604980469,52.29999923706055,52.400001525878906,51.79999923706055,51.79999923706055,35164057,yfinance,False
2022-01-26,37.48448181152344,53.400001525878906,53.79999923706055,52.400001525878906,52.400001525878906,43827633,yfinance,False
2022-01-27,36.958011627197266,52.650001525878906,53.400001525878906,52.25,53.0,23387070,yfinance,False
2022-01-28,36.8878173828125,52.54999923706055,53.099998474121094,52.400001525878906,52.849998474121094,17584096,yfinance,False
2022-01-31,37.028202056884766,52.75,52.75,52.75,52.75,0,yfinance,False
2022-02-04,38.15133285522461,54.349998474121094,54.79999923706055,52.70000076293945,52.70000076293945,35389654,yfinance,False
2022-02-07,39.309566497802734,56.0,56.599998474121094,54.20000076293945,54.20000076293945,65236449,yfinance,False
2022-02-08,39.48505783081055,56.25,57.349998474121094,55.099998474121094,56.29999923706055,58457806,yfinance,False
2022-02-09,40.64328384399414,57.900001525878906,58.5,56.25,56.599998474121094,70626641,yfinance,False
2022-02-10,39.52015686035156,56.29999923706055,58.650001525878906,56.150001525878906,58.599998474121094,63185639,yfinance,False
2022-02-11,39.55524826049805,56.349998474121094,57.25,56.20000076293945,57.0,43171472,yfinance,False
2022-02-14,38.78310012817383,55.25,56.20000076293945,55.0,56.0,34167421,yfinance,False
2022-02-15,38.32682800292969,54.599998474121094,55.20000076293945,53.70000076293945,55.0,42705103,yfinance,False
2022-02-16,39.028778076171875,55.599998474121094,55.849998474121094,54.599998474121094,54.900001525878906,23709328,yfinance,False
2022-02-17,38.25663375854492,54.5,56.0,54.099998474121094,55.95000076293945,36958497,yfinance,False
2022-02-18,38.46721649169922,54.79999923706055,55.29999923706055,54.0,54.0,25752876,yfinance,False
2022-02-21,39.23937225341797,55.900001525878906,56.45000076293945,54.5,54.5,34989804,yfinance,False
2022-02-22,38.818199157714844,55.29999923706055,56.29999923706055,54.650001525878906,55.25,29890976,yfinance,False
2022-02-23,38.53741455078125,54.900001525878906,55.75,54.70000076293945,55.5,25961553,yfinance,False
2022-02-24,37.90565490722656,54.0,55.0,53.45000076293945,54.5,34975037,yfinance,False
2022-02-25,37.30898666381836,53.150001525878906,54.349998474121094,53.0,53.900001525878906,25537403,yfinance,False
2022-02-28,37.06330490112305,52.79999923706055,53.0,51.75,52.95000076293945,32216503,yfinance,False
2022-03-01,37.30898666381836,53.150001525878906,53.45000076293945,52.099998474121094,52.54999923706055,20309044,yfinance,False
2022-03-02,36.67723083496094,52.25,52.75,52.04999923706055,52.5,19435717,yfinance,False
2022-03-03,37.09840393066406,52.849998474121094,53.650001525878906,52.0,52.04999923706055,17982361,yfinance,False
2022-03-04,36.536834716796875,52.04999923706055,53.0,52.04999923706055,52.04999923706055,24496486,yfinance,False
2022-03-07,36.22095489501953,51.599998474121094,51.849998474121094,50.5,51.75,32809037,yfinance,False
2022-03-08,35.90507507324219,51.150001525878906,51.900001525878906,50.5,51.5,33794793,yfinance,False
2022-03-09,35.799781799316406,51.0,51.45000076293945,50.04999923706055,50.79999923706055,25285034,yfinance,False
2022-03-10,36.32624816894531,51.75,52.29999923706055,51.04999923706055,51.04999923706055,23205959,yfinance,False
2022-03-11,36.18585968017578,51.54999923706055,51.900001525878906,50.79999923706055,51.599998474121094,28993891,yfinance,False
2022-03-14,35.4838981628418,50.54999923706055,51.45000076293945,50.5,51.099998474121094,40423581,yfinance,False
2022-03-15,33.90449905395508,48.29999923706055,50.04999923706055,47.79999923706055,49.5,86240433,yfinance,False
2022-03-16,35.238216400146484,50.20000076293945,50.79999923706055,48.5,49.20000076293945,45884381,yfinance,False
2022-03-17,36.150760650634766,51.5,52.29999923706055,50.900001525878906,51.599998474121094,39248292,yfinance,False
2022-03-18,37.13349914550781,52.900001525878906,53.349998474121094,51.29999923706055,51.5,35417170,yfinance,False
2022-03-21,37.238792419433594,53.04999923706055,53.849998474121094,52.79999923706055,53.20000076293945,22394303,yfinance,False
2022-03-22,37.97584915161133,54.099998474121094,54.45000076293945,52.599998474121094,52.95000076293945,34142591,yfinance,False
2022-03-23,38.15133285522461,54.349998474121094,55.0,53.650001525878906,54.099998474121094,39529887,yfinance,False
2022-03-24,39.309566497802734,56.0,57.099998474121094,55.54999923706055,56.0,70304408,yfinance,False
2022-03-25,38.6427116394043,55.04999923706055,56.599998474121094,54.900001525878906,56.20000076293945,37835185,yfinance,False
2022-03-28,38.818199157714844,55.29999923706055,55.75,53.900001525878906,54.95000076293945,36101559,yfinance,False
2022-03-29,38.818199157714844,55.29999923706055,56.20000076293945,55.0,55.150001525878906,33317149,yfinance,False
2022-03-30,38.32682800292969,54.599998474121094,55.599998474121094,54.5,55.5,35825512,yfinance,False
2022-03-31,38.010948181152344,54.150001525878906,54.5,53.900001525878906,54.29999923706055,23710379,yfinance,False
2022-04-01,38.25663375854492,54.5,54.650001525878906,53.5,53.70000076293945,14826271,yfinance,False
2022-04-04,38.53741455078125,54.900001525878906,55.400001525878906,54.349998474121094,54.5,16827588,yfinance,False
2022-04-06,38.853294372558594,55.349998474121094,56.0,54.599998474121094,54.599998474121094,28099471,yfinance,False
2022-04-07,38.818199157714844,55.29999923706055,55.849998474121094,54.900001525878906,55.349998474121094,13333630,yfinance,False
2022-04-08,38.92349624633789,55.45000076293945,55.650001525878906,54.95000076293945,55.04999923706055,22986534,yfinance,False
2022-04-11,38.32682800292969,54.599998474121094,55.599998474121094,54.29999923706055,55.099998474121094,25135057,yfinance,False
2022-04-12,38.36193084716797,54.650001525878906,54.900001525878906,54.20000076293945,54.79999923706055,16426120,yfinance,False
2022-04-13,38.95859146118164,55.5,55.599998474121094,54.29999923706055,54.599998474121094,21010059,yfinance,False
2022-04-14,38.853294372558594,55.349998474121094,56.099998474121094,55.099998474121094,55.75,26431537,yfinance,False
2022-04-19,38.88839340209961,55.400001525878906,55.5,54.45000076293945,54.95000076293945,18294973,yfinance,False
2022-04-20,38.60761260986328,55.0,55.400001525878906,54.900001525878906,55.349998474121094,16457291,yfinance,False
2022-04-21,38.08114242553711,54.25,55.400001525878906,53.95000076293945,55.400001525878906,30041601,yfinance,False
2022-04-22,38.010948181152344,54.150001525878906,54.25,53.04999923706055,53.45000076293945,20742852,yfinance,False
2022-04-25,36.71232604980469,52.29999923706055,53.75,51.95000076293945,53.5,50009695,yfinance,False
2022-04-26,36.43154525756836,51.900001525878906,52.79999923706055,51.400001525878906,52.79999923706055,31597254,yfinance,False
2022-04-27,36.25605773925781,51.650001525878906,51.79999923706055,51.150001525878906,51.20000076293945,30236599,yfinance,False
2022-04-28,36.64213180541992,52.20000076293945,52.54999923706055,51.400001525878906,51.650001525878906,21039998,yfinance,False
2022-04-29,36.782527923583984,52.400001525878906,52.75,51.599998474121094,51.70000076293945,23147084,yfinance,False
2022-05-03,36.501739501953125,52.0,52.20000076293945,51.75,51.79999923706055,13684396,yfinance,False
2022-05-04,36.29115295410156,51.70000076293945,51.95000076293945,51.54999923706055,51.650001525878906,19991594,yfinance,False
2022-05-05,36.150760650634766,51.5,52.349998474121094,51.400001525878906,52.0,27312372,yfinance,False
2022-05-06,35.975276947021484,51.25,51.400001525878906,50.650001525878906,51.099998474121094,34997834,yfinance,False
2022-05-10,35.799781799316406,51.0,51.099998474121094,50.0,50.45000076293945,36395916,yfinance,False
2022-05-11,35.83488082885742,51.04999923706055,51.29999923706055,50.29999923706055,50.599998474121094,20745714,yfinance,False
2022-05-12,35.238216400146484,50.20000076293945,50.79999923706055,50.0,50.75,37982375,yfinance,False
2022-05-13,35.86997985839844,51.099998474121094,51.25,50.349998474121094,50.400001525878906,27943259,yfinance,False
2022-05-16,36.045467376708984,51.349998474121094,51.849998474121094,51.099998474121094,51.5,20780602,yfinance,False
2022-05-17,36.150760650634766,51.5,51.75,51.20000076293945,51.20000076293945,27264213,yfinance,False
2022-05-18,36.92291259765625,52.599998474121094,52.900001525878906,51.349998474121094,51.400001525878906,40988603,yfinance,False
2022-05-19,36.536834716796875,52.04999923706055,52.70000076293945,51.79999923706055,52.0,29057653,yfinance,False
2022-05-20,36.817623138427734,52.45000076293945,52.650001525878906,52.04999923706055,52.349998474121094,26799573,yfinance,False
2022-05-23,36.852718353271484,52.5,52.79999923706055,52.0,52.04999923706055,25235653,yfinance,False
2022-05-24,37.13349914550781,52.900001525878906,53.0,52.25,52.5,52802446,yfinance,False
2022-05-25,37.52345275878906,51.0,52.400001525878906,50.5,50.599998474121094,51738849,yfinance,False
2022-05-26,36.97163772583008,50.25,50.79999923706055,50.099998474121094,50.650001525878906,29127149,yfinance,False
2022-05-27,37.229148864746094,50.599998474121094,51.099998474121094,50.20000076293945,50.25,25300567,yfinance,False
2022-05-30,37.26594161987305,50.650001525878906,51.25,50.45000076293945,50.45000076293945,24832565,yfinance,False
2022-05-31,37.26594161987305,50.650001525878906,50.95000076293945,50.29999923706055,50.54999923706055,23282705,yfinance,False
2022-06-01,37.11878967285156,50.45000076293945,50.599998474121094,50.099998474121094,50.20000076293945,22914729,yfinance,False
2022-06-02,37.229148864746094,50.599998474121094,50.650001525878906,50.099998474121094,50.29999923706055,13693441,yfinance,False
2022-06-06,37.19235610961914,50.54999923706055,50.900001525878906,50.099998474121094,50.650001525878906,23136851,yfinance,False
2022-06-07,36.93484878540039,50.20000076293945,50.599998474121094,50.150001525878906,50.599998474121094,15750524,yfinance,False
2022-06-08,36.89806365966797,50.150001525878906,50.45000076293945,50.099998474121094,50.29999923706055,25055241,yfinance,False
2022-06-09,36.93484878540039,50.20000076293945,50.54999923706055,50.150001525878906,50.20000076293945,14441680,yfinance,False
2022-06-10,36.787696838378906,50.0,50.349998474121094,50.0,50.150001525878906,21842417,yfinance,False
2022-06-13,36.383033752441406,49.45000076293945,49.900001525878906,49.099998474121094,49.900001525878906,28223984,yfinance,False
2022-06-14,36.30945587158203,49.349998474121094,49.79999923706055,49.099998474121094,49.150001525878906,16401461,yfinance,False
2022-06-15,36.677337646484375,49.849998474121094,50.25,49.099998474121094,49.099998474121094,21451068,yfinance,False
2022-06-16,36.235877990722656,49.25,50.04999923706055,49.20000076293945,49.900001525878906,15651255,yfinance,False
2022-06-17,36.64055252075195,49.79999923706055,50.150001525878906,49.29999923706055,49.29999923706055,17948197,yfinance,False
2022-06-20,36.383033752441406,49.45000076293945,49.900001525878906,49.29999923706055,49.54999923706055,12922373,yfinance,False
2022-06-21,36.603755950927734,49.75,50.0,49.54999923706055,49.75,15617457,yfinance,False
2022-06-22,36.27267074584961,49.29999923706055,49.95000076293945,49.25,49.75,15647313,yfinance,False
2022-06-23,36.08872985839844,49.04999923706055,49.79999923706055,49.0,49.70000076293945,22805716,yfinance,False
2022-06-24,35.9047966003418,48.79999923706055,49.400001525878906,48.79999923706055,49.099998474121094,27999775,yfinance,False
2022-06-27,35.94157791137695,48.849998474121094,49.29999923706055,48.70000076293945,49.099998474121094,38814126,yfinance,False
2022-06-28,36.01516342163086,48.95000076293945,49.349998474121094,48.70000076293945,48.95000076293945,26989535,yfinance,False
2022-06-29,35.97836685180664,48.900001525878906,49.29999923706055,48.75,48.849998474121094,25080612,yfinance,False
2022-06-30,36.051944732666016,49.0,49.150001525878906,48.849998474121094,48.95000076293945,14316594,yfinance,False
2022-07-04,35.97836685180664,48.900001525878906,49.29999923706055,48.79999923706055,49.29999923706055,12559551,yfinance,False
2022-07-05,35.97836685180664,48.900001525878906,49.25,48.900001525878906,49.25,15604192,yfinance,False
2022-07-06,35.94157791137695,48.849998474121094,49.0,48.5,48.900001525878906,17773387,yfinance,False
2022-07-07,36.08872985839844,49.04999923706055,49.20000076293945,48.650001525878906,48.70000076293945,9039599,yfinance,False
2022-07-08,35.97836685180664,48.900001525878906,49.20000076293945,48.75,49.0,12894309,yfinance,False
2022-07-11,36.199100494384766,49.20000076293945,49.45000076293945,48.75,48.900001525878906,18146159,yfinance,False
2022-07-12,36.456607818603516,49.54999923706055,49.900001525878906,49.150001525878906,49.150001525878906,15186634,yfinance,False
2022-07-13,36.456607818603516,49.54999923706055,49.79999923706055,49.54999923706055,49.75,9314876,yfinance,False
2022-07-14,36.235877990722656,49.25,49.79999923706055,49.150001525878906,49.79999923706055,9959907,yfinance,False
2022-07-15,36.01516342163086,48.95000076293945,49.29999923706055,48.79999923706055,49.20000076293945,12130537,yfinance,False
2022-07-18,36.71412658691406,49.900001525878906,50.099998474121094,48.95000076293945,48.95000076293945,20251730,yfinance,False
2022-07-19,36.89806365966797,50.150001525878906,50.45000076293945,49.70000076293945,49.75,15009617,yfinance,False
2022-07-20,37.155574798583984,50.5,50.79999923706055,50.29999923706055,50.29999923706055,17373207,yfinance,False
2022-07-21,36.824485778808594,50.04999923706055,50.75,49.849998474121094,50.650001525878906,15703452,yfinance,False
2022-07-22,36.71412658691406,49.900001525878906,50.349998474121094,49.54999923706055,49.849998474121094,11807816,yfinance,False
2022-07-25,36.64055252075195,49.79999923706055,49.95000076293945,49.25,49.70000076293945,11084958,yfinance,False
2022-07-26,36.677337646484375,49.849998474121094,50.29999923706055,49.54999923706055,49.54999923706055,10974677,yfinance,False
2022-07-27,36.4933967590332,49.599998474121094,50.25,49.400001525878906,50.25,14783350,yfinance,False
2022-07-28,36.235877990722656,49.25,49.900001525878906,49.04999923706055,49.599998474121094,18822583,yfinance,False
2022-07-29,36.53018569946289,49.650001525878906,49.79999923706055,49.150001525878906,49.29999923706055,16007058,yfinance,False
2022-08-01,36.750911712646484,49.95000076293945,50.150001525878906,49.400001525878906,49.400001525878906,19679131,yfinance,False
2022-08-02,36.199100494384766,49.20000076293945,49.54999923706055,48.900001525878906,49.54999923706055,21549357,yfinance,False
2022-08-03,36.235877990722656,49.25,49.650001525878906,49.20000076293945,49.29999923706055,11568099,yfinance,False
2022-08-04,37.08200454711914,50.400001525878906,50.70000076293945,49.349998474121094,49.349998474121094,25756756,yfinance,False
2022-08-05,37.41309356689453,50.849998474121094,51.0,50.29999923706055,50.599998474121094,19516706,yfinance,False
2022-08-08,37.44987869262695,50.900001525878906,51.099998474121094,50.599998474121094,50.599998474121094,11821145,yfinance,False
2022-08-09,37.67060089111328,51.20000076293945,51.70000076293945,50.70000076293945,50.75,19169867,yfinance,False
2022-08-10,38.11205291748047,51.79999923706055,51.849998474121094,50.75,51.0,28438242,yfinance,False
2022-08-11,38.07526397705078,51.75,52.25,51.54999923706055,51.900001525878906,21148325,yfinance,False
2022-08-12,38.627079010009766,52.5,53.0,52.20000076293945,52.79999923706055,46358385,yfinance,False
2022-08-15,38.55350875854492,52.400001525878906,52.599998474121094,51.95000076293945,52.599998474121094,22215001,yfinance,False
2022-08-16,38.25920104980469,52.0,52.79999923706055,52.0,52.349998474121094,17414729,yfinance,False
2022-08-17,38.627079010009766,52.5,52.70000076293945,52.0,52.29999923706055,17327315,yfinance,False
2022-08-18,38.443145751953125,52.25,52.70000076293945,52.099998474121094,52.54999923706055,18438810,yfinance,False
2022-08-19,38.70065689086914,52.599998474121094,52.849998474121094,52.20000076293945,52.25,14898124,yfinance,False
2022-08-22,38.921382904052734,52.900001525878906,53.150001525878906,52.400001525878906,52.45000076293945,16614425,yfinance,False
2022-08-23,38.590301513671875,52.45000076293945,53.0,52.349998474121094,52.849998474121094,15914706,yfinance,False
2022-08-24,38.332786560058594,52.099998474121094,52.650001525878906,52.0,52.650001525878906,15135983,yfinance,False
2022-08-25,38.590301513671875,52.45000076293945,52.5,51.75,52.29999923706055,10626291,yfinance,False
2022-08-26,38.70065689086914,52.599998474121094,52.70000076293945,52.29999923706055,52.45000076293945,11975091,yfinance,False
2022-08-29,38.590301513671875,52.45000076293945,52.70000076293945,52.04999923706055,52.099998474121094,8346011,yfinance,False
2022-08-30,38.627079010009766,52.5,52.70000076293945,52.099998474121094,52.5,16887696,yfinance,False
2022-08-31,38.70065689086914,52.599998474121094,52.650001525878906,52.29999923706055,52.5,18171981,yfinance,False
2022-09-01,38.332786560058594,52.099998474121094,52.650001525878906,52.04999923706055,52.400001525878906,19485020,yfinance,False
2022-09-02,38.14884567260742,51.849998474121094,52.29999923706055,51.849998474121094,52.0,21579424,yfinance,False
2022-09-05,38.22241973876953,51.95000076293945,52.29999923706055,51.599998474121094,51.75,28957230,yfinance,False
2022-09-06,38.376075744628906,49.95000076293945,50.349998474121094,49.75,50.0,19325113,yfinance,False
2022-09-07,38.33766174316406,49.900001525878906,50.04999923706055,49.5,49.650001525878906,16813053,yfinance,False
2022-09-08,38.41448974609375,50.0,50.20000076293945,49.95000076293945,50.04999923706055,11920923,yfinance,False
2022-09-09,39.413265228271484,51.29999923706055,51.54999923706055,50.04999923706055,50.04999923706055,31375263,yfinance,False
2022-09-13,39.95106506347656,52.0,52.29999923706055,51.20000076293945,51.20000076293945,30017140,yfinance,False
2022-09-14,39.682167053222656,51.650001525878906,51.75,50.900001525878906,51.5,16377291,yfinance,False
2022-09-15,39.60533905029297,51.54999923706055,51.70000076293945,51.20000076293945,51.599998474121094,11371020,yfinance,False
2022-09-16,39.566925048828125,51.5,51.70000076293945,51.0,51.099998474121094,12234606,yfinance,False
2022-09-19,39.52851104736328,51.45000076293945,51.79999923706055,51.099998474121094,51.45000076293945,13307617,yfinance,False
2022-09-20,39.413265228271484,51.29999923706055,51.5,51.0,51.400001525878906,12365051,yfinance,False
2022-09-21,39.144371032714844,50.95000076293945,51.20000076293945,50.79999923706055,51.0,18354693,yfinance,False
2022-09-22,39.25960922241211,51.099998474121094,51.099998474121094,50.5,50.5,20202036,yfinance,False
2022-09-23,39.79741287231445,51.79999923706055,52.29999923706055,50.900001525878906,50.95000076293945,43904102,yfinance,False
2022-09-26,39.52851104736328,51.45000076293945,52.20000076293945,51.25,51.5,29970231,yfinance,False
2022-09-27,39.3364372253418,51.20000076293945,51.599998474121094,50.849998474121094,51.599998474121094,23240519,yfinance,False
2022-09-28,38.49131774902344,50.099998474121094,51.099998474121094,50.0,51.099998474121094,28725401,yfinance,False
2022-09-29,38.33766174316406,49.900001525878906,50.54999923706055,49.150001525878906,50.54999923706055,25250973,yfinance,False
2022-09-30,38.33766174316406,49.900001525878906,50.0,49.349998474121094,49.599998474121094,12130658,yfinance,False
2022-10-03,38.03034210205078,49.5,49.75,49.0,49.25,10273485,yfinance,False
2022-10-05,38.79862594604492,50.5,50.599998474121094,50.0,50.0,15582518,yfinance,False
2022-10-06,38.87546157836914,50.599998474121094,50.95000076293945,50.400001525878906,50.5,7036900,yfinance,False
2022-10-07,38.721805572509766,50.400001525878906,50.599998474121094,50.099998474121094,50.25,6539229,yfinance,False
2022-10-10,38.6065559387207,50.25,50.79999923706055,49.849998474121094,50.0,23759830,yfinance,False
2022-10-11,38.376075744628906,49.95000076293945,50.70000076293945,49.95000076293945,50.400001525878906,12874440,yfinance,False
2022-10-12,38.49131774902344,50.099998474121094,50.5,49.79999923706055,50.0,22736041,yfinance,False
2022-10-13,38.45290756225586,50.04999923706055,50.20000076293945,49.900001525878906,49.900001525878906,13046658,yfinance,False
2022-10-14,38.45290756225586,50.04999923706055,50.599998474121094,49.849998474121094,50.29999923706055,17818998,yfinance,False
2022-10-17,38.56814956665039,50.20000076293945,50.29999923706055,49.849998474121094,50.0,14700835,yfinance,False
2022-10-18,38.52973556518555,50.150001525878906,50.5,49.75,50.20000076293945,16147318,yfinance,False
2022-10-19,38.45290756225586,50.04999923706055,50.349998474121094,49.900001525878906,50.0,10406054,yfinance,False
2022-10-20,38.49131774902344,50.099998474121094,50.150001525878906,49.70000076293945,49.79999923706055,13593920,yfinance,False
2022-10-21,38.145591735839844,49.650001525878906,49.79999923706055,49.20000076293945,49.25,22740773,yfinance,False
2022-10-24,37.41571044921875,48.70000076293945,49.79999923706055,48.25,49.349998474121094,44187017,yfinance,False
2022-10-25,37.26205062866211,48.5,48.79999923706055,48.099998474121094,48.150001525878906,25426338,yfinance,False
2022-10-26,37.30046844482422,48.54999923706055,49.099998474121094,48.20000076293945,48.45000076293945,21731805,yfinance,False
2022-10-27,37.4925422668457,48.79999923706055,49.099998474121094,48.45000076293945,48.70000076293945,17589186,yfinance,False
2022-10-28,36.9931526184082,48.150001525878906,48.900001525878906,47.75,48.599998474121094,24119148,yfinance,False
2022-10-31,36.30168914794922,47.25,48.25,46.79999923706055,48.150001525878906,30390192,yfinance,False
2022-11-01,36.41693878173828,47.400001525878906,47.900001525878906,46.849998474121094,47.0,24930888,yfinance,False
2022-11-02,36.95473861694336,48.099998474121094,48.5,47.04999923706055,47.04999923706055,13482824,yfinance,False
2022-11-03,36.609004974365234,47.650001525878906,48.29999923706055,47.650001525878906,47.95000076293945,15693153,yfinance,False
2022-11-04,36.916324615478516,48.04999923706055,48.900001525878906,47.70000076293945,47.79999923706055,20083468,yfinance,False
2022-11-07,36.9931526184082,48.150001525878906,48.650001525878906,47.70000076293945,48.04999923706055,22572804,yfinance,False
2022-11-08,37.14681625366211,48.349998474121094,48.5,47.79999923706055,48.20000076293945,11812348,yfinance,False
2022-11-09,37.14681625366211,48.349998474121094,48.650001525878906,48.20000076293945,48.54999923706055,7603740,yfinance,False
2022-11-10,37.1083984375,48.29999923706055,48.70000076293945,47.95000076293945,48.45000076293945,10899701,yfinance,False
2022-11-11,37.799861907958984,49.20000076293945,49.5,48.599998474121094,49.5,30967350,yfinance,False
2022-11-14,37.607791900634766,48.95000076293945,49.650001525878906,48.79999923706055,49.599998474121094,28061294,yfinance,False
2022-11-15,37.876686096191406,49.29999923706055,49.849998474121094,48.900001525878906,48.900001525878906,32997052,yfinance,False
2022-11-16,38.03034210205078,49.5,49.79999923706055,49.04999923706055,49.29999923706055,18125217,yfinance,False
2022-11-17,38.29924774169922,49.849998474121094,50.0,49.25,49.54999923706055,16313324,yfinance,False
2022-11-18,38.22241973876953,49.75,50.29999923706055,49.75,50.099998474121094,14496735,yfinance,False
2022-11-21,38.41448974609375,50.0,50.29999923706055,49.20000076293945,49.5,15659445,yfinance,False
2022-11-22,39.105953216552734,50.900001525878906,51.75,49.599998474121094,49.79999923706055,43613822,yfinance,False
2022-11-23,39.25960922241211,51.099998474121094,51.5,50.849998474121094,51.20000076293945,15425035,yfinance,False
2022-11-24,39.3364372253418,51.20000076293945,51.29999923706055,50.900001525878906,51.099998474121094,6737254,yfinance,False
2022-11-25,39.8358268737793,51.849998474121094,52.150001525878906,51.0,51.20000076293945,27063824,yfinance,False
2022-11-28,39.64375686645508,51.599998474121094,51.599998474121094,50.75,51.0,13918452,yfinance,False
2022-11-29,39.566925048828125,51.5,51.79999923706055,51.20000076293945,51.5,21283222,yfinance,False
2022-11-30,39.758995056152344,51.75,52.79999923706055,51.20000076293945,51.5,43577671,yfinance,False
2022-12-01,39.566925048828125,51.5,52.45000076293945,51.25,52.20000076293945,32561015,yfinance,False
2022-12-02,39.45167922973633,51.349998474121094,52.150001525878906,51.04999923706055,51.349998474121094,21509258,yfinance,False
2022-12-05,40.7193603515625,53.0,53.29999923706055,51.349998474121094,51.95000076293945,68462817,yfinance,False
2022-12-06,40.527286529541016,52.75,53.400001525878906,52.20000076293945,52.70000076293945,30377621,yfinance,False
2022-12-07,39.682167053222656,51.650001525878906,52.900001525878906,51.25,52.79999923706055,33401152,yfinance,False
2022-12-08,39.49009704589844,51.400001525878906,51.849998474121094,51.20000076293945,51.75,26991071,yfinance,False
2022-12-09,39.682167053222656,51.650001525878906,51.650001525878906,50.75,51.20000076293945,49837536,yfinance,False
2022-12-12,39.45167922973633,51.349998474121094,52.0,51.099998474121094,51.20000076293945,20533160,yfinance,False
2022-12-13,39.52851104736328,51.45000076293945,51.70000076293945,51.04999923706055,51.70000076293945,15345551,yfinance,False
2022-12-14,39.49009704589844,51.400001525878906,51.900001525878906,51.20000076293945,51.400001525878906,19356373,yfinance,False
2022-12-15,39.413265228271484,51.29999923706055,51.650001525878906,51.099998474121094,51.599998474121094,13190567,yfinance,False
2022-12-16,39.60533905029297,51.54999923706055,51.79999923706055,51.20000076293945,51.400001525878906,12299198,yfinance,False
2022-12-19,39.3364372253418,51.20000076293945,51.54999923706055,50.900001525878906,51.400001525878906,14920793,yfinance,False
2022-12-20,39.105953216552734,50.900001525878906,51.349998474121094,50.849998474121094,51.099998474121094,15641533,yfinance,False
2022-12-21,39.413265228271484,51.29999923706055,51.5,50.95000076293945,50.95000076293945,8972016,yfinance,False
2022-12-22,39.95106506347656,52.0,52.29999923706055,51.70000076293945,51.79999923706055,21291203,yfinance,False
2022-12-23,39.87424087524414,51.900001525878906,52.25,51.349998474121094,51.400001525878906,12450860,yfinance,False
2022-12-28,39.989479064941406,52.04999923706055,52.849998474121094,51.79999923706055,52.25,24140781,yfinance,False
2022-12-29,39.29802322387695,51.150001525878906,52.099998474121094,51.099998474121094,51.79999923706055,22831665,yfinance,False
2022-12-30,39.758995056152344,51.75,51.900001525878906,51.25,51.70000076293945,18049560,yfinance,False
2023-01-03,40.3352165222168,52.5,52.95000076293945,51.20000076293945,51.400001525878906,29268320,yfinance,False
2023-01-04,41.14192199707031,53.54999923706055,53.599998474121094,52.650001525878906,52.75,37563814,yfinance,False
2023-01-05,41.257164001464844,53.70000076293945,54.45000076293945,53.45000076293945,53.95000076293945,33952448,yfinance,False
2023-01-06,40.91143035888672,53.25,53.95000076293945,53.25,53.70000076293945,25396506,yfinance,False
2023-01-09,40.873016357421875,53.20000076293945,54.0,53.20000076293945,53.70000076293945,22055060,yfinance,False
2023-01-10,40.873016357421875,53.20000076293945,53.95000076293945,53.099998474121094,53.29999923706055,17630646,yfinance,False
2023-01-11,41.33399200439453,53.79999923706055,54.29999923706055,53.349998474121094,53.45000076293945,30938436,yfinance,False
2023-01-12,42.06386184692383,54.75,54.75,53.599998474121094,53.650001525878906,27315696,yfinance,False
2023-01-13,42.64008331298828,55.5,56.0,54.849998474121094,55.0,34148952,yfinance,False
2023-01-16,42.332767486572266,55.099998474121094,56.150001525878906,54.849998474121094,56.0,23662775,yfinance,False
2023-01-17,42.179107666015625,54.900001525878906,55.20000076293945,54.54999923706055,54.849998474121094,17664022,yfinance,False
2023-01-18,42.371185302734375,55.150001525878906,55.599998474121094,54.70000076293945,54.79999923706055,15368766,yfinance,False
2023-01-19,42.332767486572266,55.099998474121094,55.25,54.75,54.79999923706055,7097641,yfinance,False
2023-01-20,42.94740295410156,55.900001525878906,56.150001525878906,55.0,55.0,20776418,yfinance,False
2023-01-26,43.4467887878418,56.54999923706055,56.849998474121094,55.900001525878906,56.400001525878906,24214370,yfinance,False
2023-01-27,43.56202697753906,56.70000076293945,56.75,56.400001525878906,56.400001525878906,14122703,yfinance,False
2023-01-30,43.40837097167969,56.5,57.5,56.25,57.0,37323674,yfinance,False
2023-01-31,43.177886962890625,56.20000076293945,56.70000076293945,55.900001525878906,56.20000076293945,17214840,yfinance,False
2023-02-01,43.638858795166016,56.79999923706055,57.29999923706055,55.79999923706055,56.150001525878906,26038911,yfinance,False
2023-02-02,43.638858795166016,56.79999923706055,57.5,56.75,56.849998474121094,18044132,yfinance,False
2023-02-03,43.60044479370117,56.75,56.95000076293945,56.20000076293945,56.54999923706055,15789242,yfinance,False
2023-02-06,43.485198974609375,56.599998474121094,57.29999923706055,56.150001525878906,56.29999923706055,17059815,yfinance,False
2023-02-07,43.25471496582031,56.29999923706055,56.79999923706055,56.29999923706055,56.5,10636953,yfinance,False
2023-02-08,43.13947296142578,56.150001525878906,56.75,56.150001525878906,56.20000076293945,13171774,yfinance,False
2023-02-09,43.485198974609375,56.599998474121094,56.849998474121094,56.0,56.099998474121094,18758881,yfinance,False
2023-02-10,43.75410461425781,56.95000076293945,57.150001525878906,56.349998474121094,56.349998474121094,23481466,yfinance,False
2023-02-13,43.79251480102539,57.0,57.25,56.599998474121094,56.79999923706055,14516802,yfinance,False
2023-02-14,43.638858795166016,56.79999923706055,57.29999923706055,56.79999923706055,56.900001525878906,15078714,yfinance,False
2023-02-15,43.485198974609375,56.599998474121094,57.0,56.5,56.79999923706055,17787819,yfinance,False
2023-02-16,44.368736267089844,57.75,58.5,56.599998474121094,56.650001525878906,42522752,yfinance,False
2023-02-17,44.06141662597656,57.349998474121094,58.0,57.349998474121094,57.650001525878906,16598041,yfinance,False
2023-02-20,45.40592575073242,59.099998474121094,59.349998474121094,57.349998474121094,57.349998474121094,40781014,yfinance,False
2023-02-21,45.25226974487305,58.900001525878906,59.45000076293945,58.849998474121094,58.900001525878906,23624668,yfinance,False
2023-02-22,44.8297119140625,58.349998474121094,59.150001525878906,58.349998474121094,59.0,24294694,yfinance,False
2023-02-23,45.02178192138672,58.599998474121094,59.45000076293945,58.20000076293945,58.20000076293945,23298532,yfinance,False
2023-02-24,44.522396087646484,57.95000076293945,58.54999923706055,57.849998474121094,58.20000076293945,17822379,yfinance,False
2023-02-27,44.02300262451172,57.29999923706055,58.45000076293945,57.099998474121094,57.650001525878906,22376925,yfinance,False
2023-02-28,45.175437927246094,58.79999923706055,59.0,57.79999923706055,57.79999923706055,36117353,yfinance,False
2023-03-01,46.5583610534668,60.599998474121094,60.79999923706055,58.900001525878906,59.0,52078125,yfinance,False
2023-03-02,46.86568069458008,61.0,62.20000076293945,60.0,60.099998474121094,40250609,yfinance,False
2023-03-03,47.63396453857422,62.0,62.599998474121094,61.29999923706055,61.400001525878906,35554655,yfinance,False
2023-03-06,49.17055130004883,64.0,64.75,61.79999923706055,61.79999923706055,53133572,yfinance,False
2023-03-07,47.826045989990234,62.25,65.0,61.650001525878906,63.29999923706055,51957505,yfinance,False
2023-03-08,47.63396453857422,62.0,62.70000076293945,61.29999923706055,61.75,29935186,yfinance,False
2023-03-09,49.093719482421875,63.900001525878906,64.5,61.70000076293945,62.0,35015312,yfinance,False
2023-03-10,47.63396453857422,62.0,64.1500015258789,61.599998474121094,63.04999923706055,43558739,yfinance,False
2023-03-13,49.8235969543457,64.8499984741211,65.30000305175781,62.599998474121094,62.70000076293945,56970758,yfinance,False
2023-03-14,48.940059661865234,63.70000076293945,65.4000015258789,63.5,64.75,30908361,yfinance,False
2023-03-15,49.70834732055664,64.69999694824219,65.19999694824219,63.75,64.0,28301237,yfinance,False
2023-03-16,49.51626968383789,64.44999694824219,64.80000305175781,63.849998474121094,63.900001525878906,24597336,yfinance,False
2023-03-17,50.66870880126953,65.94999694824219,65.94999694824219,64.55000305175781,64.69999694824219,33077226,yfinance,False
2023-03-20,48.86322784423828,63.599998474121094,66.0999984741211,61.650001525878906,66.0,62645709,yfinance,False
2023-03-21,48.1717643737793,62.70000076293945,64.0,62.29999923706055,64.0,31352036,yfinance,False
2023-03-22,48.747989654541016,63.45000076293945,64.44999694824219,62.95000076293945,62.95000076293945,22820654,yfinance,False
2023-03-23,48.86322784423828,63.599998474121094,64.0999984741211,63.099998474121094,63.70000076293945,27859177,yfinance,False
2023-03-24,48.0565299987793,62.54999923706055,63.25,61.849998474121094,62.70000076293945,33264269,yfinance,False
2023-03-27,47.9412841796875,62.400001525878906,62.70000076293945,61.04999923706055,62.54999923706055,27534468,yfinance,False
2023-03-28,47.749210357666016,62.150001525878906,62.54999923706055,61.849998474121094,62.400001525878906,19848727,yfinance,False
2023-03-29,47.63396453857422,62.0,62.45000076293945,61.650001525878906,62.0,16335417,yfinance,False
2023-03-30,47.902870178222656,62.349998474121094,62.349998474121094,61.25,61.54999923706055,25539476,yfinance,False
2023-03-31,48.86322784423828,63.599998474121094,64.19999694824219,62.20000076293945,62.349998474121094,34302716,yfinance,False
2023-04-03,49.40103530883789,64.30000305175781,65.0,63.099998474121094,63.099998474121094,29698792,yfinance,False
2023-04-04,50.43822479248047,65.6500015258789,66.05000305175781,64.19999694824219,64.5999984741211,32267287,yfinance,False
2023-04-06,50.66870880126953,65.94999694824219,66.19999694824219,65.0,65.0,21842471,yfinance,False
2023-04-11,50.09249496459961,65.19999694824219,66.4000015258789,64.25,66.0,27422283,yfinance,False
2023-04-12,50.09249496459961,65.19999694824219,66.19999694824219,64.6500015258789,65.19999694824219,21455354,yfinance,False
2023-04-13,50.63029861450195,65.9000015258789,66.0,64.3499984741211,65.0,17463896,yfinance,False
2023-04-14,51.43699645996094,66.94999694824219,67.30000305175781,65.69999694824219,65.9000015258789,26884969,yfinance,False
2023-04-17,53.011993408203125,69.0,69.6500015258789,66.5,66.5999984741211,45071135,yfinance,False
2023-04-18,52.935157775878906,68.9000015258789,70.0,68.1500015258789,68.80000305175781,27186233,yfinance,False
2023-04-19,52.01321792602539,67.69999694824219,68.8499984741211,67.6500015258789,68.8499984741211,19233479,yfinance,False
2023-04-20,51.859561920166016,67.5,68.44999694824219,67.30000305175781,67.5,18145788,yfinance,False
2023-04-21,51.43699645996094,66.94999694824219,68.75,66.5999984741211,67.0999984741211,20871908,yfinance,False
2023-04-24,51.70590591430664,67.30000305175781,67.69999694824219,66.55000305175781,66.8499984741211,14261189,yfinance,False
2023-04-25,52.1668815612793,67.9000015258789,68.3499984741211,67.05000305175781,67.0999984741211,25767308,yfinance,False
2023-04-26,51.62907028198242,67.19999694824219,68.1500015258789,66.8499984741211,67.8499984741211,14844555,yfinance,False
2023-04-27,51.82114028930664,67.44999694824219,67.94999694824219,66.80000305175781,66.8499984741211,12699176,yfinance,False
2023-04-28,51.97480392456055,67.6500015258789,68.1500015258789,67.4000015258789,67.4000015258789,13721168,yfinance,False
2023-05-02,51.66748809814453,67.25,68.19999694824219,67.19999694824219,67.55000305175781,5300971,yfinance,False
2023-05-03,51.360172271728516,66.8499984741211,67.0999984741211,66.55000305175781,67.0,5291084,yfinance,False
2023-05-04,52.58943557739258,68.44999694824219,69.0,66.80000305175781,66.80000305175781,20744415,yfinance,False
2023-05-05,52.58943557739258,68.44999694824219,70.19999694824219,68.4000015258789,68.5,18098441,yfinance,False
2023-05-08,53.51138687133789,69.6500015258789,70.0,68.30000305175781,68.3499984741211,22680166,yfinance,False
2023-05-09,52.35895919799805,68.1500015258789,70.0,68.0,69.30000305175781,23676957,yfinance,False
2023-05-10,51.97480392456055,67.6500015258789,68.4000015258789,67.1500015258789,68.30000305175781,22318726,yfinance,False
2023-05-11,51.552242279052734,67.0999984741211,67.94999694824219,66.6500015258789,67.94999694824219,16970049,yfinance,False
2023-05-12,50.70713424682617,66.0,67.55000305175781,65.80000305175781,67.0,23030338,yfinance,False
2023-05-15,50.82236862182617,66.1500015258789,66.94999694824219,64.69999694824219,65.5999984741211,30962386,yfinance,False
2023-05-16,50.47663497924805,65.69999694824219,66.5999984741211,65.05000305175781,66.30000305175781,18128377,yfinance,False
2023-05-17,49.439449310302734,64.3499984741211,65.3499984741211,63.70000076293945,65.0999984741211,30487710,yfinance,False
2023-05-18,50.399810791015625,65.5999984741211,66.5999984741211,64.5,64.5,26933946,yfinance,False
2023-05-19,51.01444625854492,66.4000015258789,66.9000015258789,65.05000305175781,65.5,19387350,yfinance,False
2023-05-22,51.590660095214844,67.1500015258789,67.8499984741211,66.3499984741211,66.5999984741211,17075674,yfinance,False
2023-05-23,50.66870880126953,65.94999694824219,67.55000305175781,65.5999984741211,67.44999694824219,12383203,yfinance,False
2023-05-24,49.86201477050781,64.9000015258789,65.94999694824219,64.55000305175781,65.3499984741211,18067983,yfinance,False
2023-05-25,49.47786331176758,64.4000015258789,64.8499984741211,63.599998474121094,64.30000305175781,26977616,yfinance,False
2023-05-29,49.17055130004883,64.0,65.5,63.599998474121094,64.44999694824219,22164485,yfinance,False
2023-05-30,49.439449310302734,64.3499984741211,64.5,62.95000076293945,64.0999984741211,19038483,yfinance,False
2023-05-31,48.901649475097656,63.650001525878906,63.900001525878906,62.54999923706055,63.349998474121094,24010986,yfinance,False
2023-06-01,48.59432601928711,63.25,63.79999923706055,62.900001525878906,63.0,16570983,yfinance,False
2023-06-02,49.47786331176758,64.4000015258789,65.1500015258789,63.29999923706055,63.29999923706055,27177641,yfinance,False
2023-06-05,50.28456497192383,65.44999694824219,65.75,64.4000015258789,64.5999984741211,17546770,yfinance,False
2023-06-06,50.51505661010742,65.75,66.19999694824219,65.44999694824219,65.44999694824219,17389039,yfinance,False
2023-06-07,50.244754791259766,63.20000076293945,64.5999984741211,62.349998474121094,64.0,23447342,yfinance,False
2023-06-08,50.48325729370117,63.5,63.900001525878906,62.849998474121094,63.349998474121094,12057035,yfinance,False
2023-06-09,51.795021057128906,65.1500015258789,65.80000305175781,62.95000076293945,63.5,22949740,yfinance,False
2023-06-12,51.198768615722656,64.4000015258789,65.30000305175781,63.79999923706055,65.1500015258789,14328295,yfinance,False
2023-06-13,50.64225769042969,63.70000076293945,64.3499984741211,63.099998474121094,64.30000305175781,15767549,yfinance,False
2023-06-14,50.40375900268555,63.400001525878906,63.95000076293945,62.650001525878906,63.5,20330294,yfinance,False
2023-06-15,50.84101104736328,63.95000076293945,64.44999694824219,62.900001525878906,63.5,20382320,yfinance,False
2023-06-16,50.5627555847168,63.599998474121094,64.69999694824219,63.599998474121094,63.70000076293945,13856619,yfinance,False
2023-06-19,51.357765197753906,64.5999984741211,64.69999694824219,63.5,63.54999923706055,13610773,yfinance,False
2023-06-20,51.119266510009766,64.30000305175781,64.75,63.599998474121094,64.75,12877340,yfinance,False
2023-06-21,50.48325729370117,63.5,64.0,63.20000076293945,64.0,9852471,yfinance,False
2023-06-23,49.4894905090332,62.25,63.45000076293945,62.0,63.04999923706055,11798023,yfinance,False
2023-06-26,50.28450012207031,63.25,63.5,62.0,62.099998474121094,18928137,yfinance,False
2023-06-27,50.602508544921875,63.650001525878906,64.3499984741211,63.04999923706055,63.20000076293945,10187965,yfinance,False
2023-06-28,50.48325729370117,63.5,63.900001525878906,63.25,63.349998474121094,6824384,yfinance,False
2023-06-29,50.3640022277832,63.349998474121094,63.70000076293945,62.95000076293945,63.29999923706055,12373566,yfinance,False
2023-06-30,50.92051315307617,64.05000305175781,64.69999694824219,63.20000076293945,63.349998474121094,13896587,yfinance,False
2023-07-03,51.27826690673828,64.5,64.69999694824219,63.650001525878906,64.0,13477260,yfinance,False
2023-07-04,51.596275329589844,64.9000015258789,65.3499984741211,64.19999694824219,64.19999694824219,11751883,yfinance,False
2023-07-05,51.27826690673828,64.5,65.0999984741211,64.1500015258789,64.6500015258789,8814632,yfinance,False
2023-07-06,50.88076400756836,64.0,64.69999694824219,63.70000076293945,64.1500015258789,11112562,yfinance,False
2023-07-07,50.165245056152344,63.099998474121094,63.95000076293945,62.75,63.650001525878906,21148923,yfinance,False
2023-07-10,49.807498931884766,62.650001525878906,63.849998474121094,62.29999923706055,63.79999923706055,16006211,yfinance,False
2023-07-11,49.76774597167969,62.599998474121094,63.0,62.29999923706055,62.5,13527069,yfinance,False
2023-07-12,49.608741760253906,62.400001525878906,63.0,62.29999923706055,62.70000076293945,9133273,yfinance,False
2023-07-13,50.28450012207031,63.25,63.75,62.599998474121094,62.599998474121094,13103619,yfinance,False
2023-07-14,51.2385139465332,64.44999694824219,64.80000305175781,63.349998474121094,63.349998474121094,17811071,yfinance,False
2023-07-18,50.5627555847168,63.599998474121094,64.19999694824219,63.0,64.19999694824219,12992378,yfinance,False
2023-07-19,51.039756774902344,64.19999694824219,64.3499984741211,63.25,63.25,16373976,yfinance,False
2023-07-20,51.119266510009766,64.30000305175781,65.1500015258789,64.19999694824219,64.19999694824219,14960878,yfinance,False
2023-07-21,51.636016845703125,64.94999694824219,65.1500015258789,64.3499984741211,64.3499984741211,11101825,yfinance,False
2023-07-24,51.27826690673828,64.5,65.25,64.0999984741211,64.5999984741211,11966356,yfinance,False
2023-07-25,51.67577362060547,65.0,65.25,64.6500015258789,64.69999694824219,17173761,yfinance,False
2023-07-26,51.67577362060547,65.0,65.4000015258789,64.75,65.0,6907641,yfinance,False
2023-07-27,51.834774017333984,65.19999694824219,65.6500015258789,65.0,65.0,12651011,yfinance,False
2023-07-28,51.67577362060547,65.0,65.19999694824219,64.5999984741211,65.0,17231978,yfinance,False
2023-07-31,50.960262298583984,64.0999984741211,65.0,63.650001525878906,64.69999694824219,31111669,yfinance,False
2023-08-01,51.4372673034668,64.69999694824219,65.0999984741211,63.95000076293945,64.0999984741211,12301580,yfinance,False
2023-08-02,50.92051315307617,64.05000305175781,64.9000015258789,64.0,64.5,7354001,yfinance,False
2023-08-03,50.602508544921875,63.650001525878906,64.55000305175781,63.650001525878906,63.900001525878906,11304587,yfinance,False
2023-08-04,51.51677322387695,64.80000305175781,65.1500015258789,63.75,63.79999923706055,20721515,yfinance,False
2023-08-07,51.755271911621094,65.0999984741211,65.4000015258789,64.80000305175781,64.8499984741211,10072018,yfinance,False
2023-08-08,51.596275329589844,64.9000015258789,65.1500015258789,64.6500015258789,65.0,10787918,yfinance,False
2023-08-09,51.27826690673828,64.5,64.8499984741211,64.30000305175781,64.5,9546313,yfinance,False
2023-08-10,51.556522369384766,64.8499984741211,65.4000015258789,64.30000305175781,64.55000305175781,13675289,yfinance,False
2023-08-11,52.629783630371094,66.19999694824219,66.5999984741211,65.5,65.5,37513346,yfinance,False
2023-08-14,52.709285736083984,66.30000305175781,66.69999694824219,65.5999984741211,66.1500015258789,19977847,yfinance,False
2023-08-15,53.06704330444336,66.75,67.25,66.0999984741211,66.4000015258789,24686314,yfinance,False
2023-08-16,52.11302947998047,65.55000305175781,66.75,65.30000305175781,66.5,18303919,yfinance,False
2023-08-17,51.755271911621094,65.0999984741211,65.5,64.5,65.0,13095419,yfinance,False
2023-08-18,51.039756774902344,64.19999694824219,65.5,64.05000305175781,65.5,13124552,yfinance,False
2023-08-21,50.602508544921875,63.650001525878906,64.80000305175781,63.400001525878906,64.0,21021062,yfinance,False
2023-08-22,51.51677322387695,64.80000305175781,65.19999694824219,63.599998474121094,63.599998474121094,25457039,yfinance,False
2023-08-23,51.67577362060547,65.0,65.5999984741211,64.30000305175781,64.30000305175781,13981426,yfinance,False
2023-08-24,52.03352355957031,65.44999694824219,65.5,64.94999694824219,65.05000305175781,11651527,yfinance,False
2023-08-25,51.95402526855469,65.3499984741211,65.69999694824219,65.0999984741211,65.44999694824219,11275740,yfinance,False
2023-08-28,52.192535400390625,65.6500015258789,66.3499984741211,65.3499984741211,66.0,15254403,yfinance,False
2023-08-29,52.470787048339844,66.0,66.0999984741211,65.5,65.5999984741211,13464077,yfinance,False
2023-08-30,52.5502815246582,66.0999984741211,66.55000305175781,65.80000305175781,66.05000305175781,15947610,yfinance,False
2023-08-31,53.345298767089844,67.0999984741211,67.3499984741211,66.19999694824219,66.19999694824219,26909713,yfinance,False
2023-09-04,53.988704681396484,65.44999694824219,65.75,65.05000305175781,65.05000305175781,22486972,yfinance,False
2023-09-05,53.65876007080078,65.05000305175781,65.55000305175781,64.8499984741211,65.0999984741211,11677987,yfinance,False
2023-09-06,53.5350227355957,64.9000015258789,65.19999694824219,64.5,64.69999694824219,7169267,yfinance,False
2023-09-07,53.61751174926758,65.0,65.4000015258789,64.6500015258789,65.1500015258789,9998545,yfinance,False
2023-09-11,53.65876007080078,65.05000305175781,65.30000305175781,64.6500015258789,65.0,11869450,yfinance,False
2023-09-12,53.70000076293945,65.0999984741211,65.55000305175781,64.3499984741211,64.5999984741211,12225407,yfinance,False
2023-09-13,53.78248596191406,65.19999694824219,65.5,64.5999984741211,65.05000305175781,7846890,yfinance,False
2023-09-14,54.483642578125,66.05000305175781,66.44999694824219,65.19999694824219,65.19999694824219,19136477,yfinance,False
2023-09-15,55.4734992980957,67.25,67.75,66.0999984741211,66.5,23588687,yfinance,False
2023-09-18,54.978572845458984,66.6500015258789,67.4000015258789,66.25,66.5999984741211,12671409,yfinance,False
2023-09-19,56.1334114074707,68.05000305175781,68.1500015258789,66.4000015258789,66.44999694824219,18057573,yfinance,False
2023-09-20,55.84469223022461,67.69999694824219,68.1500015258789,67.05000305175781,67.75,12255905,yfinance,False
2023-09-21,56.1334114074707,68.05000305175781,68.94999694824219,67.4000015258789,67.55000305175781,27153024,yfinance,False
2023-09-22,56.257137298583984,68.19999694824219,68.4000015258789,67.55000305175781,67.55000305175781,11942991,yfinance,False
2023-09-25,55.22602844238281,66.94999694824219,68.69999694824219,66.75,67.30000305175781,17231910,yfinance,False
2023-09-26,54.19492721557617,65.69999694824219,66.94999694824219,65.30000305175781,66.80000305175781,20288925,yfinance,False
2023-09-27,54.689857482910156,66.30000305175781,66.44999694824219,65.3499984741211,65.5999984741211,14892837,yfinance,False
2023-09-28,53.988704681396484,65.44999694824219,66.3499984741211,65.25,66.0,11071917,yfinance,False
2023-09-29,54.19492721557617,65.69999694824219,66.4000015258789,65.5,65.5,7824909,yfinance,False
2023-10-03,53.246315002441406,64.55000305175781,65.4000015258789,64.1500015258789,65.3499984741211,9668775,yfinance,False
2023-10-04,52.95759963989258,64.19999694824219,64.3499984741211,63.79999923706055,64.0999984741211,8199054,yfinance,False
2023-10-05,52.998844146728516,64.25,64.5999984741211,64.0,64.0,4397159,yfinance,False
2023-10-06,53.41128921508789,64.75,65.0999984741211,64.3499984741211,64.3499984741211,3999676,yfinance,False
2023-10-09,53.74124526977539,65.1500015258789,65.8499984741211,64.8499984741211,65.05000305175781,7741708,yfinance,False
2023-10-10,53.61751174926758,65.0,66.4000015258789,64.5999984741211,65.30000305175781,11952940,yfinance,False
2023-10-11,53.41128921508789,64.75,65.75,64.5,65.19999694824219,14322292,yfinance,False
2023-10-12,53.37004089355469,64.69999694824219,65.55000305175781,64.55000305175781,65.30000305175781,16068517,yfinance,False
2023-10-13,53.28755569458008,64.5999984741211,65.0,64.3499984741211,64.4000015258789,11993104,yfinance,False
2023-10-16,53.493778228759766,64.8499984741211,65.19999694824219,64.4000015258789,64.5999984741211,13693921,yfinance,False
2023-10-17,53.78248596191406,65.19999694824219,65.69999694824219,64.9000015258789,64.9000015258789,14283027,yfinance,False
2023-10-18,54.318660736083984,65.8499984741211,66.30000305175781,64.8499984741211,64.8499984741211,14260597,yfinance,False
2023-10-19,53.70000076293945,65.0999984741211,65.94999694824219,64.8499984741211,65.69999694824219,17136175,yfinance,False
2023-10-20,52.998844146728516,64.25,65.0,63.900001525878906,64.80000305175781,16017804,yfinance,False
2023-10-24,52.256446838378906,63.349998474121094,64.3499984741211,63.04999923706055,64.3499984741211,20969036,yfinance,False
2023-10-25,51.14284896850586,62.0,64.0999984741211,61.75,64.0,37987676,yfinance,False
2023-10-26,51.80276107788086,62.79999923706055,62.900001525878906,60.900001525878906,62.099998474121094,25905343,yfinance,False
2023-10-27,51.8440055847168,62.849998474121094,63.150001525878906,61.95000076293945,62.849998474121094,17546805,yfinance,False
2023-10-30,51.10160827636719,61.95000076293945,62.70000076293945,61.400001525878906,62.70000076293945,21189436,yfinance,False
2023-10-31,51.10160827636719,61.95000076293945,62.099998474121094,61.150001525878906,61.5,12865108,yfinance,False
2023-11-01,51.1840934753418,62.04999923706055,62.400001525878906,61.650001525878906,61.95000076293945,8887655,yfinance,False
2023-11-02,51.59654235839844,62.54999923706055,62.900001525878906,62.04999923706055,62.25,7430061,yfinance,False
2023-11-03,51.51405334472656,62.45000076293945,63.20000076293945,62.29999923706055,62.599998474121094,14002897,yfinance,False
2023-11-06,51.43156433105469,62.349998474121094,63.0,61.900001525878906,63.0,21260027,yfinance,False
2023-11-07,51.1840934753418,62.04999923706055,62.79999923706055,61.900001525878906,61.95000076293945,15130090,yfinance,False
2023-11-08,51.01911926269531,61.849998474121094,62.5,61.849998474121094,62.5,10948905,yfinance,False
2023-11-09,51.43156433105469,62.349998474121094,62.650001525878906,61.5,62.0,10610676,yfinance,False
2023-11-10,50.85414505004883,61.650001525878906,62.349998474121094,61.650001525878906,62.349998474121094,7541137,yfinance,False
2023-11-13,51.34907531738281,62.25,62.25,61.349998474121094,61.599998474121094,7481076,yfinance,False
2023-11-14,51.2665901184082,62.150001525878906,62.599998474121094,61.95000076293945,62.25,8623644,yfinance,False
2023-11-15,52.297698974609375,63.400001525878906,63.400001525878906,62.5,62.5,14807337,yfinance,False
2023-11-16,52.21520233154297,63.29999923706055,63.95000076293945,62.75,63.400001525878906,10992726,yfinance,False
2023-11-17,51.47281265258789,62.400001525878906,63.25,62.400001525878906,63.150001525878906,11561719,yfinance,False
2023-11-20,51.80276107788086,62.79999923706055,62.95000076293945,62.04999923706055,62.95000076293945,15194779,yfinance,False
2023-11-21,51.76152038574219,62.75,63.650001525878906,62.650001525878906,62.849998474121094,11780389,yfinance,False
2023-11-22,51.80276107788086,62.79999923706055,63.45000076293945,62.400001525878906,62.900001525878906,10436715,yfinance,False
2023-11-23,52.42142868041992,63.54999923706055,63.54999923706055,62.650001525878906,63.0,8761552,yfinance,False
2023-11-24,52.256446838378906,63.349998474121094,63.75,63.20000076293945,63.54999923706055,9492702,yfinance,False
2023-11-27,52.297698974609375,63.400001525878906,63.75,62.849998474121094,63.5,11100884,yfinance,False
2023-11-28,51.555294036865234,62.5,63.599998474121094,62.400001525878906,63.400001525878906,11452664,yfinance,False
2023-11-29,51.555294036865234,62.5,63.150001525878906,62.150001525878906,62.5,20440834,yfinance,False
2023-11-30,52.21520233154297,63.29999923706055,63.79999923706055,62.54999923706055,63.099998474121094,17536276,yfinance,False
2023-12-01,51.43156433105469,62.349998474121094,63.79999923706055,62.349998474121094,63.29999923706055,19766643,yfinance,False
2023-12-04,51.8440055847168,62.849998474121094,63.599998474121094,62.75,63.099998474121094,11932154,yfinance,False
2023-12-05,51.225337982177734,62.099998474121094,63.29999923706055,62.04999923706055,62.70000076293945,15013844,yfinance,False
2023-12-06,51.885250091552734,62.900001525878906,63.20000076293945,61.900001525878906,62.349998474121094,13392847,yfinance,False
2023-12-07,51.63778305053711,62.599998474121094,62.900001525878906,62.0,62.75,12832823,yfinance,False
2023-12-08,51.43156433105469,62.349998474121094,62.849998474121094,62.20000076293945,62.599998474121094,6105418,yfinance,False
2023-12-11,51.34907531738281,62.25,62.70000076293945,61.650001525878906,62.0,9279700,yfinance,False
2023-12-12,51.30783462524414,62.20000076293945,62.599998474121094,62.099998474121094,62.5,13155182,yfinance,False
2023-12-13,51.10160827636719,61.95000076293945,62.5,61.79999923706055,62.5,10090125,yfinance,False
2023-12-14,51.39031982421875,62.29999923706055,62.70000076293945,62.150001525878906,62.20000076293945,11350114,yfinance,False
2023-12-15,51.2665901184082,62.150001525878906,63.0,62.099998474121094,62.45000076293945,20041075,yfinance,False
2023-12-18,50.85414505004883,61.650001525878906,62.150001525878906,61.5,62.0,18131926,yfinance,False
2023-12-19,50.68916320800781,61.45000076293945,61.70000076293945,61.29999923706055,61.5,15145266,yfinance,False
2023-12-20,50.77165603637695,61.54999923706055,61.79999923706055,61.25,61.5,12688143,yfinance,False
2023-12-21,50.812896728515625,61.599998474121094,61.650001525878906,61.150001525878906,61.400001525878906,8684927,yfinance,False
2023-12-22,50.9366340637207,61.75,62.70000076293945,61.5,61.900001525878906,20389520,yfinance,False
2023-12-27,52.33893966674805,63.45000076293945,63.79999923706055,62.0,62.150001525878906,29914015,yfinance,False
2023-12-28,52.91635513305664,64.1500015258789,64.44999694824219,63.5,63.5,21145464,yfinance,False
2023-12-29,53.452537536621094,64.80000305175781,65.3499984741211,63.54999923706055,64.05000305175781,20669302,yfinance,False
2024-01-02,52.998844146728516,64.25,64.80000305175781,64.0,64.69999694824219,14453471,yfinance,False
2024-01-03,52.792625427246094,64.0,64.69999694824219,63.70000076293945,64.0999984741211,16356379,yfinance,False
2024-01-04,52.8338737487793,64.05000305175781,64.5999984741211,63.54999923706055,64.0999984741211,13940572,yfinance,False
2024-01-05,54.27742004394531,65.80000305175781,65.9000015258789,63.900001525878906,64.30000305175781,29470285,yfinance,False
2024-01-08,53.94746780395508,65.4000015258789,66.1500015258789,64.9000015258789,65.94999694824219,20214529,yfinance,False
2024-01-09,54.11244201660156,65.5999984741211,66.0999984741211,65.1500015258789,65.44999694824219,15888968,yfinance,False
2024-01-10,53.82373046875,65.25,65.9000015258789,65.0,65.5999984741211,11814885,yfinance,False
2024-01-11,53.65876007080078,65.05000305175781,65.44999694824219,64.75,65.0999984741211,10798101,yfinance,False
2024-01-12,53.70000076293945,65.0999984741211,65.4000015258789,64.55000305175781,64.94999694824219,7342254,yfinance,False
2024-01-15,53.65876007080078,65.05000305175781,65.05000305175781,65.05000305175781,65.05000305175781,0,yfinance,False
2024-01-16,54.56612777709961,66.1500015258789,66.5,65.5,65.5,17768498,yfinance,False
2024-01-17,53.5350227355957,64.9000015258789,66.4000015258789,64.44999694824219,66.30000305175781,19466382,yfinance,False
2024-01-18,53.65876007080078,65.05000305175781,65.3499984741211,64.0999984741211,65.19999694824219,17098059,yfinance,False
2024-01-19,53.576263427734375,64.94999694824219,65.75,64.8499984741211,65.30000305175781,12040182,yfinance,False
2024-01-22,52.627647399902344,63.79999923706055,65.05000305175781,63.0,65.0,20343751,yfinance,False
2024-01-23,52.66889190673828,63.849998474121094,64.75,63.150001525878906,63.54999923706055,16236875,yfinance,False
2024-01-24,54.524879455566406,66.0999984741211,66.25,63.599998474121094,63.79999923706055,21613372,yfinance,False
2024-01-25,55.80345153808594,67.6500015258789,68.05000305175781,65.94999694824219,66.0999984741211,36760073,yfinance,False
2024-01-26,55.55598449707031,67.3499984741211,68.30000305175781,67.1500015258789,67.5999984741211,23774698,yfinance,False
2024-01-29,55.84469223022461,67.69999694824219,68.3499984741211,67.19999694824219,67.19999694824219,21280272,yfinance,False
2024-01-30,55.4734992980957,67.25,67.75,66.94999694824219,67.3499984741211,14285966,yfinance,False
2024-01-31,54.81359100341797,66.44999694824219,67.1500015258789,65.30000305175781,67.0,19854332,yfinance,False
2024-02-01,54.19492721557617,65.69999694824219,66.8499984741211,65.69999694824219,66.05000305175781,11004338,yfinance,False
2024-02-02,54.85483169555664,66.5,66.9000015258789,66.05000305175781,66.05000305175781,16034287,yfinance,False
2024-02-05,54.483642578125,66.05000305175781,66.5,65.5999984741211,65.5999984741211,15967470,yfinance,False
2024-02-06,55.061058044433594,66.75,66.9000015258789,65.8499984741211,65.8499984741211,15150492,yfinance,False
2024-02-07,54.978572845458984,66.6500015258789,67.44999694824219,66.4000015258789,66.5,15203813,yfinance,False
2024-02-08,55.30852508544922,67.05000305175781,67.5999984741211,66.5999984741211,66.5999984741211,14361732,yfinance,False
2024-02-09,54.77234649658203,66.4000015258789,66.4000015258789,66.4000015258789,66.4000015258789,0,yfinance,False
2024-02-14,54.73109817504883,66.3499984741211,66.75,65.30000305175781,65.75,4674778,yfinance,False
2024-02-15,54.60736846923828,66.19999694824219,66.5999984741211,65.8499984741211,65.8499984741211,4564369,yfinance,False
2024-02-16,54.89608383178711,66.55000305175781,67.0,66.05000305175781,66.19999694824219,5672057,yfinance,False
2024-02-19,55.597232818603516,67.4000015258789,67.75,66.4000015258789,66.5999984741211,16887703,yfinance,False
2024-02-20,55.84469223022461,67.69999694824219,68.4000015258789,67.25,67.55000305175781,20870552,yfinance,False
2024-02-21,55.96843338012695,67.8499984741211,69.0999984741211,67.80000305175781,67.94999694824219,24084128,yfinance,False
2024-02-22,56.917049407958984,69.0,69.0,67.6500015258789,67.69999694824219,21757084,yfinance,False
2024-02-23,55.96843338012695,67.8499984741211,68.94999694824219,67.8499984741211,68.69999694824219,19586198,yfinance,False
2024-02-26,55.1023063659668,66.80000305175781,67.94999694824219,66.6500015258789,67.94999694824219,17911159,yfinance,False
2024-02-27,55.26728057861328,67.0,67.0999984741211,66.25,66.80000305175781,16921497,yfinance,False
2024-02-28,55.061058044433594,66.75,67.25,66.4000015258789,67.0,15306863,yfinance,False
2024-02-29,54.27742004394531,65.80000305175781,67.1500015258789,65.80000305175781,66.5,22167645,yfinance,False
2024-03-01,54.02995300292969,65.5,66.3499984741211,65.3499984741211,65.6500015258789,22256676,yfinance,False
2024-03-04,55.184791564941406,66.9000015258789,67.05000305175781,65.55000305175781,65.5999984741211,28017086,yfinance,False
2024-03-05,55.1435432434082,66.8499984741211,67.5999984741211,66.4000015258789,66.55000305175781,26074199,yfinance,False
2024-03-06,56.1334114074707,68.05000305175781,68.25,66.8499984741211,66.8499984741211,20850967,yfinance,False
2024-03-07,55.63847351074219,67.44999694824219,68.5,67.44999694824219,68.0,14888852,yfinance,False
2024-03-08,55.84469223022461,67.69999694824219,68.8499984741211,67.3499984741211,67.5,20039914,yfinance,False
2024-03-11,55.679718017578125,67.5,68.6500015258789,67.1500015258789,68.0,19151234,yfinance,False
2024-03-12,55.679718017578125,67.5,67.8499984741211,67.0,67.5,23299782,yfinance,False
2024-03-13,55.22602844238281,66.94999694824219,67.5999984741211,66.5,67.05000305175781,22479162,yfinance,False
2024-03-14,55.061058044433594,66.75,67.30000305175781,66.5999984741211,66.5999984741211,15635450,yfinance,False
2024-03-15,54.60736846923828,66.19999694824219,66.80000305175781,66.0,66.55000305175781,21347804,yfinance,False
2024-03-18,54.483642578125,66.05000305175781,66.3499984741211,66.0,66.0999984741211,20306714,yfinance,False
2024-03-19,54.483642578125,66.05000305175781,66.30000305175781,65.6500015258789,65.8499984741211,15147989,yfinance,False
2024-03-20,54.483642578125,66.05000305175781,66.3499984741211,65.8499984741211,66.25,19421722,yfinance,False
2024-03-21,55.1435432434082,66.8499984741211,66.8499984741211,66.0999984741211,66.30000305175781,19618557,yfinance,False
2024-03-22,55.4734992980957,67.25,68.30000305175781,66.4000015258789,67.0999984741211,29221334,yfinance,False
2024-03-25,55.061058044433594,66.75,68.0999984741211,66.6500015258789,67.3499984741211,19527373,yfinance,False
2024-03-26,55.679718017578125,67.5,67.94999694824219,67.19999694824219,67.6500015258789,16817674,yfinance,False
2024-03-27,55.349769592285156,67.0999984741211,67.5,66.5,67.5,17127553,yfinance,False
2024-03-28,55.184791564941406,66.9000015258789,67.5999984741211,66.69999694824219,67.25,14026505,yfinance,False
2024-04-02,55.88593673706055,67.75,67.75,67.0,67.19999694824219,20339176,yfinance,False
2024-04-03,55.72096252441406,67.55000305175781,67.94999694824219,67.30000305175781,67.44999694824219,13897888,yfinance,False
2024-04-05,55.39101028442383,67.1500015258789,67.5,66.6500015258789,67.5,7009111,yfinance,False
2024-04-08,56.009674072265625,67.9000015258789,68.19999694824219,66.9000015258789,67.75,18002499,yfinance,False
2024-04-09,56.1334114074707,68.05000305175781,68.4000015258789,67.8499984741211,67.9000015258789,11829196,yfinance,False
2024-04-10,56.87580490112305,68.94999694824219,69.0,68.1500015258789,68.25,17251942,yfinance,False
2024-04-11,56.66957473754883,68.69999694824219,68.94999694824219,67.94999694824219,68.25,15940843,yfinance,False
2024-04-12,56.009674072265625,67.9000015258789,68.5,67.6500015258789,68.4000015258789,17758510,yfinance,False
2024-04-15,56.46335983276367,68.44999694824219,68.9000015258789,67.25,67.30000305175781,18270590,yfinance,False
2024-04-16,55.96843338012695,67.8499984741211,68.3499984741211,67.5,68.19999694824219,17038156,yfinance,False
2024-04-17,56.793312072753906,68.8499984741211,69.0999984741211,67.75,67.8499984741211,22923412,yfinance,False
2024-04-18,56.7108268737793,68.75,69.5,68.5999984741211,68.5999984741211,17826200,yfinance,False
2024-04-19,56.917049407958984,69.0,69.4000015258789,68.19999694824219,68.69999694824219,13593373,yfinance,False
2024-04-22,57.53571319580078,69.75,69.9000015258789,68.9000015258789,68.9000015258789,23922514,yfinance,False
2024-04-23,57.37073516845703,69.55000305175781,69.94999694824219,68.9000015258789,69.80000305175781,23100061,yfinance,False
2024-04-24,58.113128662109375,70.44999694824219,70.55000305175781,69.4000015258789,69.5,26398146,yfinance,False
2024-04-25,58.40183639526367,70.80000305175781,70.94999694824219,70.30000305175781,70.30000305175781,18681547,yfinance,False
2024-04-26,58.60806655883789,71.05000305175781,71.5,70.69999694824219,71.0,24208989,yfinance,False
2024-04-29,57.45322036743164,69.6500015258789,71.19999694824219,69.3499984741211,71.05000305175781,33496425,yfinance,False
2024-04-30,57.659446716308594,69.9000015258789,70.0999984741211,69.1500015258789,69.5999984741211,17093800,yfinance,False
2024-05-02,57.49446105957031,69.69999694824219,70.19999694824219,69.5,70.0,8021771,yfinance,False
2024-05-03,57.45322036743164,69.6500015258789,70.25,69.4000015258789,70.19999694824219,9774502,yfinance,False
2024-05-06,57.45322036743164,69.6500015258789,69.9000015258789,68.9000015258789,69.5,36474039,yfinance,False
2024-05-07,57.576961517333984,69.80000305175781,70.69999694824219,69.4000015258789,69.69999694824219,16934477,yfinance,False
2024-05-08,57.82442092895508,70.0999984741211,70.6500015258789,70.0,70.0,14640907,yfinance,False
2024-05-09,58.23686218261719,70.5999984741211,70.6500015258789,70.0,70.44999694824219,23190527,yfinance,False
2024-05-10,61.041465759277344,74.0,74.5,71.25,71.3499984741211,62920017,yfinance,False
2024-05-13,60.835243225097656,73.75,75.0,73.30000305175781,74.30000305175781,31480504,yfinance,False
2024-05-14,60.79399871826172,73.69999694824219,74.44999694824219,73.0999984741211,73.5,18007403,yfinance,False
2024-05-16,60.6290283203125,73.5,74.30000305175781,73.30000305175781,73.94999694824219,26545208,yfinance,False
2024-05-17,61.33018112182617,74.3499984741211,74.5,73.30000305175781,73.3499984741211,20372849,yfinance,False
2024-05-20,60.876487731933594,73.80000305175781,74.3499984741211,73.3499984741211,74.3499984741211,25199465,yfinance,False
2024-05-21,60.876487731933594,73.80000305175781,74.25,73.55000305175781,73.80000305175781,16219645,yfinance,False
2024-05-22,60.79399871826172,73.69999694824219,74.30000305175781,73.5999984741211,74.0,16895122,yfinance,False
2024-05-23,60.46405029296875,73.30000305175781,73.80000305175781,73.05000305175781,73.5,15903113,yfinance,False
2024-05-24,60.38156509399414,73.19999694824219,73.75,72.9000015258789,73.0,10200971,yfinance,False
2024-05-27,61.74261474609375,74.8499984741211,75.0,73.19999694824219,73.19999694824219,21141884,yfinance,False
2024-05-28,61.453914642333984,74.5,75.0,74.3499984741211,75.0,13620978,yfinance,False
2024-05-29,60.958980560302734,73.9000015258789,74.5999984741211,73.8499984741211,74.19999694824219,14363480,yfinance,False
2024-05-30,60.42280578613281,73.25,74.0999984741211,73.0999984741211,73.69999694824219,22629194,yfinance,False
2024-05-31,61.94884490966797,75.0999984741211,75.5,73.3499984741211,73.5,36723169,yfinance,False
2024-06-03,62.85620880126953,76.19999694824219,77.0999984741211,74.75,75.19999694824219,41381779,yfinance,False
2024-06-04,62.8974609375,76.25,77.0,75.5999984741211,76.19999694824219,28416906,yfinance,False
2024-06-05,62.44377136230469,75.69999694824219,77.80000305175781,75.69999694824219,76.5,43175227,yfinance,False
2024-06-06,63.551231384277344,74.5999984741211,74.9000015258789,73.75,73.75,24090715,yfinance,False
2024-06-07,63.84938430786133,74.94999694824219,75.5,74.19999694824219,74.5,28449305,yfinance,False
2024-06-11,62.95490646362305,73.9000015258789,75.0,73.5,74.3499984741211,24063565,yfinance,False
2024-06-12,62.65675354003906,73.55000305175781,74.0999984741211,72.69999694824219,74.0999984741211,27456656,yfinance,False
2024-06-13,63.338260650634766,74.3499984741211,74.94999694824219,73.4000015258789,73.5,20559196,yfinance,False
2024-06-14,62.61415100097656,73.5,74.8499984741211,73.5,73.94999694824219,24282343,yfinance,False
2024-06-17,61.847450256347656,72.5999984741211,74.5999984741211,72.30000305175781,73.44999694824219,29090011,yfinance,False
2024-06-18,62.273399353027344,73.0999984741211,73.4000015258789,72.5,72.5,22048724,yfinance,False
2024-06-19,62.827117919921875,73.75,73.80000305175781,72.75,73.19999694824219,26095491,yfinance,False
2024-06-20,63.29567337036133,74.30000305175781,74.8499984741211,73.75,74.0,21206256,yfinance,False
2024-06-21,63.29567337036133,74.30000305175781,74.4000015258789,73.4000015258789,73.80000305175781,15851699,yfinance,False
2024-06-24,62.99749755859375,73.94999694824219,74.30000305175781,73.30000305175781,74.1500015258789,14950773,yfinance,False
2024-06-25,63.42344665527344,74.44999694824219,74.75,73.5,73.5999984741211,19280352,yfinance,False
2024-06-26,63.50864028930664,74.55000305175781,75.0,73.94999694824219,74.3499984741211,17489619,yfinance,False
2024-06-27,63.89198684692383,75.0,75.4000015258789,74.0999984741211,74.19999694824219,28884300,yfinance,False
2024-06-28,65.59577178955078,77.0,77.55000305175781,74.8499984741211,75.0,36249563,yfinance,False
2024-07-02,65.93653869628906,77.4000015258789,78.5999984741211,76.4000015258789,76.5,23467432,yfinance,False
2024-07-03,66.7032470703125,78.30000305175781,79.0,77.0,77.19999694824219,22854512,yfinance,False
2024-07-04,66.27729797363281,77.80000305175781,78.5,76.75,78.5,20769414,yfinance,False
2024-07-05,65.4679946899414,76.8499984741211,78.05000305175781,76.69999694824219,77.75,16013586,yfinance,False
2024-07-08,65.5105972290039,76.9000015258789,77.5,76.69999694824219,76.69999694824219,12708657,yfinance,False
2024-07-09,65.16983032226562,76.5,77.19999694824219,76.3499984741211,76.94999694824219,16510392,yfinance,False
2024-07-10,64.61609649658203,75.8499984741211,76.94999694824219,75.3499984741211,76.4000015258789,25170447,yfinance,False
2024-07-11,65.25502014160156,76.5999984741211,76.94999694824219,75.80000305175781,75.80000305175781,15093221,yfinance,False
2024-07-12,65.76615905761719,77.19999694824219,77.44999694824219,76.80000305175781,76.9000015258789,10695551,yfinance,False
2024-07-15,65.59577178955078,77.0,77.80000305175781,76.69999694824219,76.8499984741211,18676688,yfinance,False
2024-07-16,65.42540740966797,76.80000305175781,77.5,76.0999984741211,76.44999694824219,18670958,yfinance,False
2024-07-17,63.89198684692383,75.0,77.25,75.0,76.80000305175781,31348856,yfinance,False
2024-07-18,64.61609649658203,75.8499984741211,76.5,74.44999694824219,74.44999694824219,20332350,yfinance,False
2024-07-19,63.89198684692383,75.0,75.75,74.1500015258789,75.44999694824219,26554321,yfinance,False
2024-07-22,64.36054229736328,75.55000305175781,75.9000015258789,73.5999984741211,75.05000305175781,20700593,yfinance,False
2024-07-23,64.36054229736328,75.55000305175781,76.5,75.1500015258789,75.5,15241511,yfinance,False
2024-07-24,64.31793975830078,75.5,76.30000305175781,75.0,75.19999694824219,15715438,yfinance,False
2024-07-25,63.679012298583984,74.75,76.0999984741211,73.94999694824219,75.0999984741211,22211834,yfinance,False
2024-07-26,61.9752311706543,72.75,74.94999694824219,72.0,74.75,41447683,yfinance,False
2024-07-29,62.358585357666016,73.19999694824219,73.75,72.3499984741211,73.0,16209268,yfinance,False
2024-07-30,61.80485534667969,72.55000305175781,73.3499984741211,72.19999694824219,73.05000305175781,19826405,yfinance,False
2024-07-31,61.847450256347656,72.5999984741211,72.94999694824219,72.0,72.75,15468761,yfinance,False
2024-08-01,62.7419319152832,73.6500015258789,74.0999984741211,72.6500015258789,72.6500015258789,14913014,yfinance,False
2024-08-02,62.827117919921875,73.75,74.0999984741211,72.8499984741211,73.05000305175781,17556874,yfinance,False
2024-08-05,60.91035842895508,71.5,73.5,71.0,73.5,33029763,yfinance,False
2024-08-06,60.14366149902344,70.5999984741211,72.1500015258789,70.0,72.05000305175781,32647791,yfinance,False
2024-08-07,60.91035842895508,71.5,71.6500015258789,70.30000305175781,70.5999984741211,22434328,yfinance,False
2024-08-08,61.549285888671875,72.25,72.8499984741211,70.6500015258789,71.0999984741211,22153560,yfinance,False
2024-08-09,60.739986419677734,71.30000305175781,73.0999984741211,70.3499984741211,73.0,46648823,yfinance,False
2024-08-12,60.39923095703125,70.9000015258789,71.44999694824219,70.5999984741211,71.44999694824219,21891430,yfinance,False
2024-08-13,61.2937126159668,71.94999694824219,72.3499984741211,71.0,71.1500015258789,18452522,yfinance,False
2024-08-14,62.14561080932617,72.94999694824219,73.5999984741211,72.19999694824219,72.19999694824219,22375525,yfinance,False
2024-08-15,62.99749755859375,73.94999694824219,74.3499984741211,72.9000015258789,73.0,22633465,yfinance,False
2024-08-16,63.210472106933594,74.19999694824219,75.0,74.0,74.19999694824219,14514247,yfinance,False
2024-08-19,63.380859375,74.4000015258789,74.94999694824219,74.30000305175781,74.30000305175781,12029414,yfinance,False
2024-08-20,63.12528610229492,74.0999984741211,74.9000015258789,73.9000015258789,74.80000305175781,7902941,yfinance,False
2024-08-21,63.29567337036133,74.30000305175781,74.5999984741211,73.80000305175781,73.9000015258789,10127151,yfinance,False
2024-08-22,63.679012298583984,74.75,75.05000305175781,74.25,74.4000015258789,13685985,yfinance,False
2024-08-23,63.89198684692383,75.0,75.3499984741211,74.69999694824219,74.69999694824219,8935779,yfinance,False
2024-08-26,64.31793975830078,75.5,75.9000015258789,75.05000305175781,75.05000305175781,10856424,yfinance,False
2024-08-27,65.04204559326172,76.3499984741211,76.69999694824219,75.5,75.5,16614378,yfinance,False
2024-08-28,64.48831176757812,75.69999694824219,76.55000305175781,75.3499984741211,76.05000305175781,14124212,yfinance,False
2024-08-29,64.31793975830078,75.5,75.80000305175781,74.55000305175781,75.69999694824219,19900987,yfinance,False
2024-08-30,64.91425323486328,76.19999694824219,76.30000305175781,75.19999694824219,75.19999694824219,20748426,yfinance,False
2024-09-02,64.69376373291016,73.3499984741211,74.0,72.80000305175781,74.0,18626184,yfinance,False
2024-09-03,64.87017059326172,73.55000305175781,73.80000305175781,73.05000305175781,73.3499984741211,13556138,yfinance,False
2024-09-04,64.03227996826172,72.5999984741211,73.44999694824219,72.19999694824219,73.1500015258789,19696868,yfinance,False
2024-09-05,63.50308609008789,72.0,72.75,71.6500015258789,72.5999984741211,18466838,yfinance,False
2024-09-09,62.84159469604492,71.25,71.69999694824219,70.25,71.6500015258789,26540772,yfinance,False
2024-09-10,62.797489166259766,71.19999694824219,71.69999694824219,70.4000015258789,70.94999694824219,18764552,yfinance,False
2024-09-11,61.95960998535156,70.25,70.94999694824219,69.5999984741211,70.8499984741211,24484568,yfinance,False
2024-09-12,61.95960998535156,70.25,70.6500015258789,69.5,70.5,17770956,yfinance,False
2024-09-13,62.709293365478516,71.0999984741211,71.5999984741211,70.25,70.55000305175781,15176917,yfinance,False
2024-09-16,62.84159469604492,71.25,71.30000305175781,70.55000305175781,71.0,4040441,yfinance,False
2024-09-17,63.41489028930664,71.9000015258789,72.30000305175781,70.9000015258789,71.0,9085793,yfinance,False
2024-09-19,63.59128189086914,72.0999984741211,72.69999694824219,71.5,72.25,18274349,yfinance,False
2024-09-20,63.59128189086914,72.0999984741211,72.44999694824219,71.55000305175781,72.0999984741211,21611817,yfinance,False
2024-09-23,63.547183990478516,72.05000305175781,72.6500015258789,72.0,72.0,21276416,yfinance,False
2024-09-24,64.82606506347656,73.5,73.9000015258789,72.30000305175781,72.5,42609557,yfinance,False
2024-09-25,65.00245666503906,73.69999694824219,75.94999694824219,73.25,74.8499984741211,36021817,yfinance,False
2024-09-26,63.9440803527832,72.5,74.4000015258789,72.4000015258789,74.4000015258789,51711907,yfinance,False
2024-09-27,64.4291763305664,73.05000305175781,73.44999694824219,70.5,72.9000015258789,86453142,yfinance,False
2024-09-30,64.78196716308594,73.44999694824219,73.69999694824219,71.5999984741211,73.5,108889530,yfinance,False
2024-10-02,67.91301727294922,77.0,77.05000305175781,73.0,73.05000305175781,65543856,yfinance,False
2024-10-03,66.325439453125,75.19999694824219,77.0999984741211,74.19999694824219,77.0,29542228,yfinance,False
2024-10-04,66.59004211425781,75.5,75.8499984741211,74.19999694824219,74.80000305175781,25926409,yfinance,False
2024-10-07,68.22171020507812,77.3499984741211,77.69999694824219,75.5999984741211,76.80000305175781,38880339,yfinance,False
2024-10-08,64.38507080078125,73.0,77.69999694824219,72.80000305175781,77.3499984741211,95274966,yfinance,False
2024-10-09,63.67948532104492,72.19999694824219,73.75,71.69999694824219,73.3499984741211,61546068,yfinance,False
2024-10-10,65.75215148925781,74.55000305175781,75.5,72.8499984741211,72.8499984741211,60656893,yfinance,False
2024-10-14,66.23724365234375,75.0999984741211,76.0,73.69999694824219,74.19999694824219,38323302,yfinance,False
2024-10-15,64.95835876464844,73.6500015258789,75.30000305175781,73.5,75.19999694824219,28154989,yfinance,False
2024-10-16,64.82606506347656,73.5,74.55000305175781,73.4000015258789,73.69999694824219,16719332,yfinance,False
2024-10-17,64.38507080078125,73.0,74.25,72.9000015258789,73.5,15415622,yfinance,False
2024-10-18,65.04655456542969,73.75,74.1500015258789,73.0999984741211,73.0999984741211,17980671,yfinance,False
2024-10-21,64.6055679321289,73.25,73.94999694824219,72.9000015258789,73.75,22355115,yfinance,False
2024-10-22,64.1645736694336,72.75,73.0999984741211,72.05000305175781,72.55000305175781,32712855,yfinance,False
2024-10-23,64.12047576904297,72.69999694824219,73.1500015258789,72.30000305175781,72.75,26196016,yfinance,False
2024-10-24,63.89997482299805,72.44999694824219,72.69999694824219,71.8499984741211,72.25,22587725,yfinance,False
2024-10-25,63.59128189086914,72.0999984741211,72.44999694824219,71.8499984741211,72.0999984741211,25082582,yfinance,False
2024-10-28,63.19438552856445,71.6500015258789,71.94999694824219,70.5999984741211,71.94999694824219,29510496,yfinance,False
2024-10-29,62.92979049682617,71.3499984741211,72.0,71.0,71.3499984741211,23231310,yfinance,False
2024-10-30,62.576995849609375,70.94999694824219,71.5999984741211,70.69999694824219,71.55000305175781,22666162,yfinance,False
2024-10-31,63.01799392700195,71.44999694824219,71.6500015258789,71.0,71.0,11862751,yfinance,False
2024-11-01,63.15028762817383,71.5999984741211,72.0999984741211,71.25,71.5999984741211,11937990,yfinance,False
2024-11-04,63.01799392700195,71.44999694824219,71.8499984741211,71.05000305175781,71.5999984741211,15184006,yfinance,False
2024-11-05,63.370784759521484,71.8499984741211,71.94999694824219,71.0,71.0,17353000,yfinance,False
2024-11-06,62.621097564697266,71.0,71.8499984741211,70.6500015258789,71.8499984741211,30572363,yfinance,False
2024-11-07,63.01799392700195,71.44999694824219,71.6500015258789,71.0,71.0,17126948,yfinance,False
2024-11-08,62.444698333740234,70.80000305175781,71.8499984741211,70.5999984741211,71.44999694824219,27026598,yfinance,False
2024-11-11,62.00371551513672,70.30000305175781,70.44999694824219,69.69999694824219,70.19999694824219,27934587,yfinance,False
2024-11-12,60.9453239440918,69.0999984741211,70.25,68.5,70.25,41064632,yfinance,False
2024-11-13,61.739112854003906,70.0,71.1500015258789,68.80000305175781,69.0,33320178,yfinance,False
2024-11-14,61.43041229248047,69.6500015258789,70.30000305175781,69.30000305175781,69.5999984741211,19202058,yfinance,False
2024-11-15,62.224205017089844,70.55000305175781,71.0999984741211,69.80000305175781,69.80000305175781,24660887,yfinance,False
2024-11-18,62.48879623413086,70.8499984741211,71.4000015258789,70.30000305175781,70.55000305175781,14878412,yfinance,False
2024-11-19,62.576995849609375,70.94999694824219,71.25,70.80000305175781,70.9000015258789,12392416,yfinance,False
2024-11-20,62.88569259643555,71.30000305175781,71.44999694824219,70.5999984741211,70.9000015258789,9661718,yfinance,False
2024-11-21,62.621097564697266,71.0,71.4000015258789,70.69999694824219,71.1500015258789,10001245,yfinance,False
2024-11-22,62.13600158691406,70.44999694824219,71.30000305175781,69.9000015258789,70.94999694824219,17074407,yfinance,False
2024-11-25,62.53289794921875,70.9000015258789,71.30000305175781,70.4000015258789,70.44999694824219,20004915,yfinance,False
2024-11-26,62.797489166259766,71.19999694824219,71.44999694824219,70.4000015258789,70.5999984741211,16281009,yfinance,False
2024-11-27,63.50308609008789,72.0,72.0,71.05000305175781,71.19999694824219,15719928,yfinance,False
2024-11-28,63.19438552856445,71.6500015258789,72.19999694824219,71.44999694824219,71.6500015258789,14354597,yfinance,False
2024-11-29,63.7676887512207,72.30000305175781,72.69999694824219,71.69999694824219,71.80000305175781,16965739,yfinance,False
2024-12-02,63.7676887512207,72.30000305175781,72.80000305175781,71.80000305175781,72.5,12966653,yfinance,False
2024-12-03,63.72358322143555,72.25,72.44999694824219,71.4000015258789,72.0,14467293,yfinance,False
2024-12-04,63.9440803527832,72.5,72.94999694824219,71.8499984741211,72.0,21657446,yfinance,False
2024-12-05,63.9440803527832,72.5,72.8499984741211,71.9000015258789,71.9000015258789,13134528,yfinance,False
2024-12-06,64.1645736694336,72.75,73.69999694824219,72.3499984741211,72.3499984741211,28513363,yfinance,False
2024-12-09,65.26705169677734,74.0,74.19999694824219,72.75,72.94999694824219,24990093,yfinance,False
2024-12-10,65.09065246582031,73.80000305175781,75.0,73.80000305175781,75.0,26684799,yfinance,False
2024-12-11,65.35525512695312,74.0999984741211,74.75,74.0,74.0,19222178,yfinance,False
2024-12-12,65.75215148925781,74.55000305175781,74.75,73.94999694824219,73.94999694824219,15627760,yfinance,False
2024-12-13,65.3111572265625,74.05000305175781,74.55000305175781,73.8499984741211,74.3499984741211,22042690,yfinance,False
2024-12-16,66.01673889160156,74.8499984741211,75.4000015258789,74.05000305175781,74.0999984741211,34739564,yfinance,False
2024-12-17,66.23724365234375,75.0999984741211,75.4000015258789,74.69999694824219,74.69999694824219,28864759,yfinance,False
2024-12-18,66.72234344482422,75.6500015258789,75.75,75.0,75.0999984741211,21980134,yfinance,False
2024-12-19,66.59004211425781,75.5,75.94999694824219,75.0,75.05000305175781,28546590,yfinance,False
2024-12-20,66.4577407836914,75.3499984741211,75.75,74.8499984741211,75.30000305175781,19188904,yfinance,False
2024-12-23,66.81053924560547,75.75,75.9000015258789,75.19999694824219,75.80000305175781,26855829,yfinance,False
2024-12-24,67.163330078125,76.1500015258789,76.1500015258789,76.1500015258789,76.1500015258789,0,yfinance,False
2024-12-27,67.0310287475586,76.0,76.44999694824219,75.5999984741211,75.5999984741211,19945041,yfinance,False
2024-12-30,67.163330078125,76.1500015258789,76.5,75.80000305175781,76.0,24341770,yfinance,False
2024-12-31,67.4720230102539,76.5,76.5,76.5,76.5,0,yfinance,False
2025-01-02,66.67823791503906,75.5999984741211,76.5999984741211,74.94999694824219,76.5999984741211,34880883,yfinance,False
2025-01-03,66.89872741699219,75.8499984741211,76.30000305175781,75.5,75.5999984741211,20415268,yfinance,False
2025-01-06,66.94283294677734,75.9000015258789,76.69999694824219,75.69999694824219,75.75,20766839,yfinance,False
2025-01-07,66.67823791503906,75.5999984741211,75.80000305175781,74.4000015258789,75.4000015258789,27731046,yfinance,False
2025-01-08,66.41364288330078,75.30000305175781,75.80000305175781,74.94999694824219,75.5,25635626,yfinance,False
2025-01-09,66.36953735351562,75.25,76.0,74.9000015258789,76.0,18502446,yfinance,False
2025-01-10,65.97264862060547,74.80000305175781,75.55000305175781,74.4000015258789,75.0999984741211,19925225,yfinance,False
2025-01-13,65.39935302734375,74.1500015258789,74.4000015258789,73.5,74.30000305175781,21740820,yfinance,False
2025-01-14,65.53166198730469,74.30000305175781,74.6500015258789,73.69999694824219,74.0,25072759,yfinance,False
2025-01-15,65.70805358886719,74.5,74.80000305175781,74.05000305175781,74.30000305175781,19930574,yfinance,False
2025-01-16,66.4577407836914,75.3499984741211,75.4000015258789,74.4000015258789,74.5999984741211,16343531,yfinance,False
2025-01-17,66.23724365234375,75.0999984741211,75.69999694824219,74.6500015258789,75.3499984741211,13480917,yfinance,False
2025-01-20,66.50183868408203,75.4000015258789,75.8499984741211,74.94999694824219,75.1500015258789,12108712,yfinance,False
2025-01-21,66.50183868408203,75.4000015258789,75.5999984741211,74.9000015258789,75.0999984741211,11171039,yfinance,False
2025-01-22,66.14904022216797,75.0,75.5,74.69999694824219,75.05000305175781,14400166,yfinance,False
2025-01-23,66.01673889160156,74.8499984741211,76.0,74.6500015258789,75.44999694824219,17653955,yfinance,False
2025-01-24,66.41364288330078,75.30000305175781,75.44999694824219,74.69999694824219,74.80000305175781,15834394,yfinance,False
2025-01-27,66.94283294677734,75.9000015258789,75.9000015258789,74.94999694824219,75.30000305175781,20487006,yfinance,False
2025-01-28,66.81053924560547,75.75,75.75,75.75,75.75,0,yfinance,False
2025-02-03,66.98693084716797,75.94999694824219,75.94999694824219,74.55000305175781,74.55000305175781,8795614,yfinance,False
2025-02-04,67.4720230102539,76.5,76.9000015258789,75.69999694824219,76.0,17482654,yfinance,False
2025-02-05,66.76643371582031,75.69999694824219,76.4000015258789,75.4000015258789,76.3499984741211,22428492,yfinance,False
2025-02-06,66.63414764404297,75.55000305175781,76.30000305175781,75.30000305175781,75.94999694824219,25296336,yfinance,False
2025-02-07,66.59004211425781,75.5,75.94999694824219,74.9000015258789,75.5,36811778,yfinance,False
2025-02-10,68.04531860351562,77.1500015258789,78.30000305175781,75.9000015258789,76.0999984741211,56686933,yfinance,False
2025-02-11,67.95711517333984,77.05000305175781,77.69999694824219,76.8499984741211,77.05000305175781,37694437,yfinance,False
2025-02-12,68.70681762695312,77.9000015258789,78.30000305175781,77.19999694824219,77.19999694824219,41999623,yfinance,False
2025-02-13,68.79501342773438,78.0,79.0,78.0,78.3499984741211,47099716,yfinance,False
2025-02-14,70.47078704833984,79.9000015258789,79.94999694824219,78.25,78.3499984741211,57302080,yfinance,False
2025-02-17,70.77947235107422,80.25,82.6500015258789,79.4000015258789,81.0,62459360,yfinance,False
2025-02-18,70.9999771118164,80.5,80.94999694824219,80.0,80.0,33039789,yfinance,False
2025-02-19,71.2204818725586,80.75,81.44999694824219,80.0,80.0,33825705,yfinance,False
2025-02-20,70.64718627929688,80.0999984741211,80.80000305175781,78.5999984741211,80.75,49461039,yfinance,False
2025-02-21,72.76395416259766,82.5,83.0,80.69999694824219,80.94999694824219,59907014,yfinance,False
2025-02-24,71.52916717529297,81.0999984741211,83.3499984741211,80.69999694824219,82.8499984741211,46270985,yfinance,False
2025-02-25,70.6912841796875,80.1500015258789,81.0,79.5,80.19999694824219,54027549,yfinance,False
2025-02-26,69.67699432373047,79.0,80.94999694824219,78.55000305175781,80.1500015258789,68201601,yfinance,False
2025-02-27,69.45650482177734,78.75,79.19999694824219,77.80000305175781,78.30000305175781,50419214,yfinance,False
2025-02-28,69.67699432373047,79.0,80.25,78.69999694824219,78.80000305175781,33574269,yfinance,False
2025-03-03,69.50060272216797,78.80000305175781,80.0,78.80000305175781,79.0,27462618,yfinance,False
2025-03-04,70.11798858642578,79.5,80.0,78.3499984741211,78.94999694824219,20586646,yfinance,False
2025-03-05,71.6614761352539,81.25,81.5,79.55000305175781,79.55000305175781,26184093,yfinance,False
2025-03-06,72.49935913085938,82.19999694824219,82.5,81.0999984741211,81.6500015258789,30577379,yfinance,False
2025-03-07,73.69003295898438,83.55000305175781,83.55000305175781,81.4000015258789,81.55000305175781,40299232,yfinance,False
2025-03-10,73.29314422607422,83.0999984741211,83.5,82.3499984741211,83.44999694824219,22224339,yfinance,False
2025-03-11,72.8521499633789,82.5999984741211,83.19999694824219,82.0999984741211,82.94999694824219,20202919,yfinance,False
2025-03-12,72.2347640991211,81.9000015258789,82.6500015258789,81.5,82.5,32769339,yfinance,False
2025-03-13,72.94034576416016,82.69999694824219,83.0,81.80000305175781,81.80000305175781,23486373,yfinance,False
2025-03-14,73.64592742919922,83.5,83.94999694824219,82.69999694824219,83.0,21128699,yfinance,False
2025-03-17,73.82232666015625,83.69999694824219,84.19999694824219,83.0,84.0999984741211,20426165,yfinance,False
2025-03-18,74.96891784667969,85.0,85.0,83.75,84.0,26594653,yfinance,False
2025-03-19,74.70431518554688,84.69999694824219,85.55000305175781,83.69999694824219,84.94999694824219,35018716,yfinance,False
2025-03-20,73.64592742919922,83.5,84.5,83.5,84.4000015258789,23346571,yfinance,False
2025-03-21,73.69003295898438,83.55000305175781,85.5,83.0,83.19999694824219,31872704,yfinance,False
2025-03-24,72.89624786376953,82.6500015258789,84.44999694824219,82.0,83.9000015258789,26173942,yfinance,False
2025-03-25,72.14656829833984,81.80000305175781,83.1500015258789,81.19999694824219,82.80000305175781,27226870,yfinance,False
2025-03-26,72.58756256103516,82.30000305175781,82.69999694824219,81.75,81.80000305175781,14175787,yfinance,False
2025-03-27,72.80805206298828,82.55000305175781,83.80000305175781,82.19999694824219,82.19999694824219,13763458,yfinance,False
2025-03-28,72.98444366455078,82.75,83.55000305175781,82.5999984741211,82.80000305175781,14683327,yfinance,False
2025-03-31,73.91053009033203,83.80000305175781,83.94999694824219,82.5999984741211,82.5999984741211,24059383,yfinance,False
2025-04-01,74.08692932128906,84.0,84.30000305175781,83.30000305175781,83.80000305175781,9853352,yfinance,False
2025-04-02,73.95462799072266,83.8499984741211,84.4000015258789,83.5999984741211,84.0,8299426,yfinance,False
2025-04-03,73.734130859375,83.5999984741211,84.1500015258789,82.25,82.3499984741211,18032223,yfinance,False
2025-04-07,69.45650482177734,78.75,81.0999984741211,78.3499984741211,80.30000305175781,79533276,yfinance,False
2025-04-08,69.36830139160156,78.6500015258789,79.80000305175781,78.05000305175781,78.9000015258789,40427738,yfinance,False
2025-04-09,69.67699432373047,79.0,79.75,76.69999694824219,77.44999694824219,46438397,yfinance,False
2025-04-10,70.95587921142578,80.44999694824219,80.6500015258789,79.0,79.0,28694715,yfinance,False
2025-04-11,71.44097137451172,81.0,81.55000305175781,79.80000305175781,80.4000015258789,20305905,yfinance,False
2025-04-14,72.01426696777344,81.6500015258789,82.0,80.9000015258789,81.5,18337939,yfinance,False
2025-04-15,73.07264709472656,82.8499984741211,82.9000015258789,81.5,81.6500015258789,16907194,yfinance,False
2025-04-16,73.42544555664062,83.25,84.0,82.5,82.6500015258789,25578842,yfinance,False
2025-04-17,73.69003295898438,83.55000305175781,83.6500015258789,82.94999694824219,83.1500015258789,15564180,yfinance,False
2025-04-22,73.11674499511719,82.9000015258789,83.5,82.4000015258789,83.3499984741211,19325617,yfinance,False
2025-04-23,71.48507690429688,81.05000305175781,83.1500015258789,80.5999984741211,83.0999984741211,42163403,yfinance,False
2025-04-24,71.44097137451172,81.0,81.05000305175781,79.80000305175781,80.5,25620070,yfinance,False
2025-04-25,71.30867767333984,80.8499984741211,81.44999694824219,80.5,81.4000015258789,24005143,yfinance,False
2025-04-28,71.97016906738281,81.5999984741211,81.69999694824219,80.75,80.8499984741211,16717817,yfinance,False
2025-04-29,71.83786010742188,81.44999694824219,81.80000305175781,81.1500015258789,81.44999694824219,16414695,yfinance,False
2025-04-30,71.48507690429688,81.05000305175781,81.6500015258789,80.5,81.5,21964817,yfinance,False
2025-05-02,72.10246276855469,81.75,81.8499984741211,80.80000305175781,80.80000305175781,5451656,yfinance,False
2025-05-06,72.94034576416016,82.69999694824219,82.94999694824219,81.0,81.4000015258789,20737700,yfinance,False
2025-05-07,73.20494842529297,83.0,83.44999694824219,82.80000305175781,82.9000015258789,17499151,yfinance,False
2025-05-08,73.64592742919922,83.5,83.5999984741211,82.9000015258789,83.0,13146199,yfinance,False
2025-05-09,73.69003295898438,83.55000305175781,83.5999984741211,83.0999984741211,83.3499984741211,17787602,yfinance,False
2025-05-12,74.30742645263672,84.25,84.5999984741211,83.3499984741211,83.55000305175781,29231693,yfinance,False
2025-05-13,73.5577392578125,83.4000015258789,84.25,83.3499984741211,84.25,16964958,yfinance,False
2025-05-14,74.96891784667969,85.0,85.0999984741211,83.5,83.5,24937430,yfinance,False
2025-05-15,75.14530944824219,85.19999694824219,85.5999984741211,84.25,85.0,19532476,yfinance,False
2025-05-16,75.67450714111328,85.80000305175781,86.30000305175781,85.05000305175781,85.19999694824219,21376341,yfinance,False
2025-05-19,76.3801040649414,86.5999984741211,86.75,85.5,85.75,19129296,yfinance,False
2025-05-20,77.70307922363281,88.0999984741211,88.25,86.5999984741211,86.6500015258789,21944109,yfinance,False
2025-05-21,77.70307922363281,88.0999984741211,88.44999694824219,87.3499984741211,88.0,16174217,yfinance,False
2025-05-22,76.64469909667969,86.9000015258789,88.0999984741211,86.8499984741211,88.0,18281855,yfinance,False
2025-05-23,76.46829986572266,86.69999694824219,87.1500015258789,86.25,87.05000305175781,13321292,yfinance,False
2025-05-26,77.79127502441406,88.19999694824219,88.5,86.69999694824219,86.69999694824219,25902250,yfinance,False
2025-05-27,78.27637481689453,88.75,89.19999694824219,88.44999694824219,88.80000305175781,18107597,yfinance,False
2025-05-28,78.36457061767578,88.8499984741211,89.19999694824219,88.30000305175781,88.75,15071065,yfinance,False
2025-05-29,78.45276641845703,88.94999694824219,89.4000015258789,88.19999694824219,88.8499984741211,18420077,yfinance,False
2025-05-30,77.61487579345703,88.0,88.69999694824219,87.55000305175781,88.25,14222617,yfinance,False
2025-06-02,77.65898132324219,88.05000305175781,88.05000305175781,86.6500015258789,87.3499984741211,7820451,yfinance,False
2025-06-03,78.58506774902344,89.0999984741211,89.19999694824219,88.05000305175781,88.05000305175781,17474104,yfinance,False
2025-06-04,78.36457061767578,88.8499984741211,89.5,88.44999694824219,88.5,19432768,yfinance,False
2025-06-05,78.67326354980469,89.19999694824219,89.3499984741211,88.5,89.0,22950746,yfinance,False
2025-06-06,79.75297546386719,87.9000015258789,88.80000305175781,87.0,87.0,29252751,yfinance,False
2025-06-09,79.48077392578125,87.5999984741211,88.6500015258789,86.75,88.5999984741211,15797839,yfinance,False
2025-06-10,79.39004516601562,87.5,88.05000305175781,86.80000305175781,87.5,10516097,yfinance,False
2025-06-11,80.11589813232422,88.30000305175781,88.30000305175781,87.1500015258789,87.5,13294053,yfinance,False
2025-06-12,79.25394439697266,87.3499984741211,88.0999984741211,87.19999694824219,88.0999984741211,11618898,yfinance,False
2025-06-13,79.75297546386719,87.9000015258789,88.5,86.94999694824219,87.05000305175781,16912716,yfinance,False
2025-06-16,79.29931640625,87.4000015258789,88.0999984741211,87.0999984741211,87.80000305175781,13919134,yfinance,False
2025-06-17,78.98175811767578,87.05000305175781,87.5999984741211,86.8499984741211,87.25,9760935,yfinance,False
2025-06-18,78.70955657958984,86.75,87.30000305175781,86.75,86.9000015258789,9869558,yfinance,False
2025-06-19,77.84761047363281,85.80000305175781,87.05000305175781,85.80000305175781,86.8499984741211,12019471,yfinance,False
2025-06-20,78.39199829101562,86.4000015258789,86.6500015258789,85.69999694824219,85.69999694824219,14142001,yfinance,False
2025-06-23,78.11980438232422,86.0999984741211,86.19999694824219,85.6500015258789,86.0,12377718,yfinance,False
2025-06-24,78.93639373779297,87.0,87.30000305175781,86.25,86.25,15207246,yfinance,False
2025-06-25,79.29931640625,87.4000015258789,87.6500015258789,86.94999694824219,87.5,16212623,yfinance,False
2025-06-26,78.84566497802734,86.9000015258789,87.9000015258789,86.9000015258789,87.3499984741211,10927167,yfinance,False
2025-06-27,78.34663391113281,86.3499984741211,87.25,86.05000305175781,87.1500015258789,15156847,yfinance,False
2025-06-30,79.0271224975586,87.0999984741211,87.69999694824219,86.0,86.4000015258789,14716440,yfinance,False
2025-07-02,78.84566497802734,86.9000015258789,87.75,86.9000015258789,87.1500015258789,13281052,yfinance,False
2025-07-03,78.34663391113281,86.3499984741211,87.5,86.30000305175781,87.0999984741211,11157493,yfinance,False
2025-07-04,77.93833923339844,85.9000015258789,86.4000015258789,85.80000305175781,86.4000015258789,17216393,yfinance,False
2025-07-07,77.98370361328125,85.94999694824219,86.30000305175781,85.5,85.9000015258789,12811864,yfinance,False
2025-07-08,78.02906799316406,86.0,86.4000015258789,85.69999694824219,86.0,11593217,yfinance,False
2025-07-09,78.07444763183594,86.05000305175781,86.4000015258789,85.5,85.9000015258789,12289321,yfinance,False
2025-07-10,78.16517639160156,86.1500015258789,86.4000015258789,85.69999694824219,86.05000305175781,9946442,yfinance,False
2025-07-11,78.93639373779297,87.0,87.69999694824219,86.1500015258789,86.1500015258789,17423768,yfinance,False
2025-07-14,78.5734634399414,86.5999984741211,87.6500015258789,86.5,86.5,13669500,yfinance,False
2025-07-15,79.16322326660156,87.25,87.4000015258789,86.55000305175781,86.80000305175781,10686637,yfinance,False
2025-07-16,79.5261459350586,87.6500015258789,88.1500015258789,86.80000305175781,87.25,11372140,yfinance,False
2025-07-17,79.25394439697266,87.3499984741211,88.05000305175781,87.0999984741211,87.5,14426719,yfinance,False
2025-07-18,79.25394439697266,87.3499984741211,87.8499984741211,86.75,87.8499984741211,13910970,yfinance,False
2025-07-21,78.80029296875,86.8499984741211,87.6500015258789,86.55000305175781,87.4000015258789,17357125,yfinance,False
2025-07-22,78.75492858886719,86.80000305175781,87.0999984741211,86.5,87.0,20641680,yfinance,False
2025-07-23,79.25394439697266,87.3499984741211,87.3499984741211,86.5999984741211,87.0999984741211,26977703,yfinance,False
2025-07-24,79.20858764648438,87.30000305175781,87.6500015258789,86.80000305175781,87.0999984741211,21329408,yfinance,False
2025-07-25,78.5280990600586,86.55000305175781,87.3499984741211,86.5,87.0,20926067,yfinance,False
2025-07-28,78.75492858886719,86.80000305175781,86.94999694824219,86.3499984741211,86.80000305175781,15705495,yfinance,False
2025-07-29,78.48273468017578,86.5,86.80000305175781,86.0999984741211,86.80000305175781,15248122,yfinance,False
2025-07-30,78.93639373779297,87.0,87.1500015258789,86.05000305175781,86.5,21117396,yfinance,False
2025-07-31,78.11980438232422,86.0999984741211,87.0,86.0,86.8499984741211,15460685,yfinance,False
2025-08-01,77.93833923339844,85.9000015258789,86.6500015258789,85.9000015258789,86.05000305175781,12095658,yfinance,False
2025-08-04,77.5754165649414,85.5,86.19999694824219,85.3499984741211,85.9000015258789,21165849,yfinance,False
2025-08-05,77.66614532470703,85.5999984741211,85.6500015258789,85.05000305175781,85.4000015258789,20114028,yfinance,False
2025-08-06,77.62078857421875,85.55000305175781,85.80000305175781,85.3499984741211,85.3499984741211,15530299,yfinance,False
2025-08-07,77.98370361328125,85.94999694824219,86.0,85.30000305175781,85.69999694824219,21766443,yfinance,False
2025-08-08,78.84566497802734,86.9000015258789,87.30000305175781,86.4000015258789,86.5,24912441,yfinance,False
2025-08-11,79.39004516601562,87.5,87.6500015258789,86.9000015258789,87.0999984741211,16350373,yfinance,False
2025-08-12,80.11589813232422,88.30000305175781,88.55000305175781,87.4000015258789,87.75,18202016,yfinance,False
2025-08-13,80.5695571899414,88.80000305175781,88.9000015258789,88.25,88.6500015258789,19521152,yfinance,False
2025-08-14,80.20662689208984,88.4000015258789,89.1500015258789,88.25,88.8499984741211,21236484,yfinance,False
2025-08-15,80.0705337524414,88.25,88.3499984741211,87.69999694824219,88.3499984741211,20647091,yfinance,False
2025-08-18,80.25199127197266,88.44999694824219,89.0999984741211,87.9000015258789,88.25,17615360,yfinance,False
2025-08-19,79.93443298339844,88.0999984741211,88.9000015258789,87.75,88.5,16607073,yfinance,False
2025-08-20,80.20662689208984,88.4000015258789,88.5999984741211,87.69999694824219,88.0999984741211,12210646,yfinance,False
2025-08-21,81.11395263671875,89.4000015258789,89.69999694824219,88.05000305175781,88.4000015258789,22795296,yfinance,False
2025-08-22,81.47687530517578,89.80000305175781,89.94999694824219,89.4000015258789,89.4000015258789,20323138,yfinance,False
2025-08-25,81.97589874267578,90.3499984741211,90.5999984741211,89.4000015258789,90.0,24580945,yfinance,False
2025-08-26,81.70369720458984,90.05000305175781,90.5999984741211,89.9000015258789,90.0,16228886,yfinance,False
2025-08-27,80.88711547851562,89.1500015258789,90.5,89.0,90.5,16556664,yfinance,False
2025-08-28,81.20468139648438,89.5,90.0,88.9000015258789,89.19999694824219,21963738,yfinance,False
2025-08-29,81.15930938720703,89.44999694824219,89.8499984741211,89.0999984741211,89.5999984741211,21251069,yfinance,False
2025-09-01,81.01890563964844,86.55000305175781,87.5,86.05000305175781,87.5,24992006,yfinance,False
2025-09-02,80.12960815429688,85.5999984741211,86.44999694824219,85.5999984741211,86.25,20354349,yfinance,False
2025-09-03,80.22321319580078,85.69999694824219,86.25,85.0999984741211,85.5999984741211,18640814,yfinance,False
2025-09-04,79.94239044189453,85.4000015258789,85.94999694824219,85.1500015258789,85.69999694824219,15674451,yfinance,False
2025-09-05,80.36363220214844,85.8499984741211,85.8499984741211,85.0999984741211,85.5,17092788,yfinance,False
2025-09-08,80.12960815429688,85.5999984741211,86.0,85.0,85.75,17108488,yfinance,False
2025-09-09,81.20611572265625,86.75,87.0,85.44999694824219,85.5999984741211,18440625,yfinance,False
2025-09-10,81.48694610595703,87.05000305175781,87.5,86.4000015258789,86.75,13703311,yfinance,False
2025-09-11,81.7209701538086,87.30000305175781,87.8499984741211,86.5,87.05000305175781,17791293,yfinance,False
2025-09-12,82.2358169555664,87.8499984741211,88.05000305175781,87.44999694824219,87.8499984741211,11962347,yfinance,False
2025-09-15,82.04859924316406,87.6500015258789,88.0,87.1500015258789,88.0,12272342,yfinance,False
2025-09-16,81.53374481201172,87.0999984741211,87.6500015258789,87.05000305175781,87.5999984741211,15757053,yfinance,False
2025-09-17,81.06570434570312,86.5999984741211,87.44999694824219,86.4000015258789,87.05000305175781,23343918,yfinance,False
2025-09-18,80.6912612915039,86.19999694824219,86.94999694824219,85.8499984741211,86.5999984741211,21646744,yfinance,False
2025-09-19,80.45723724365234,85.94999694824219,86.3499984741211,85.69999694824219,86.05000305175781,16940957,yfinance,False
2025-09-22,79.94239044189453,85.4000015258789,85.94999694824219,85.1500015258789,85.94999694824219,18665998,yfinance,False
2025-09-23,79.70836639404297,85.1500015258789,85.5,84.69999694824219,85.19999694824219,17107492,yfinance,False
2025-09-24,80.22321319580078,85.69999694824219,86.0,85.0,85.1500015258789,16188806,yfinance,False
2025-09-25,79.66156005859375,85.0999984741211,85.69999694824219,84.69999694824219,85.69999694824219,20296928,yfinance,False
2025-09-26,79.56794738769531,85.0,85.44999694824219,84.5,84.9000015258789,12151396,yfinance,False
2025-09-29,79.4743423461914,84.9000015258789,85.5999984741211,84.5,85.5999984741211,21907283,yfinance,False
2025-09-30,79.09990692138672,84.5,85.0999984741211,84.05000305175781,84.5999984741211,19756744,yfinance,False
2025-10-02,79.5211410522461,84.94999694824219,85.44999694824219,84.6500015258789,84.8499984741211,6467642,yfinance,False
2025-10-03,79.14671325683594,84.55000305175781,85.0999984741211,84.25,84.94999694824219,5617728,yfinance,False
2025-10-06,78.49143981933594,83.8499984741211,84.4000015258789,83.6500015258789,84.4000015258789,10826959,yfinance,False
2025-10-08,77.88298034667969,83.19999694824219,84.0,82.69999694824219,83.9000015258789,12555224,yfinance,False
2025-10-09,78.95948791503906,84.3499984741211,85.0,82.80000305175781,83.30000305175781,23162330,yfinance,False
2025-10-10,79.3807373046875,84.80000305175781,85.0999984741211,83.8499984741211,84.0999984741211,22301198,yfinance,False
2025-10-13,79.4743423461914,84.9000015258789,85.25,83.75,83.80000305175781,22068218,yfinance,False
2025-10-14,79.28712463378906,84.69999694824219,85.1500015258789,84.25,84.75,21713956,yfinance,False
2025-10-15,79.4743423461914,84.9000015258789,85.25,84.55000305175781,85.19999694824219,13534194,yfinance,False
2025-10-16,80.22321319580078,85.69999694824219,85.8499984741211,84.5999984741211,84.9000015258789,16506919,yfinance,False
2025-10-17,79.8487777709961,85.30000305175781,86.1500015258789,85.30000305175781,85.69999694824219,17802183,yfinance,False
2025-10-20,80.87847900390625,86.4000015258789,86.80000305175781,85.75,86.0999984741211,21326061,yfinance,False
2025-10-21,79.75516510009766,85.19999694824219,87.25,84.9000015258789,86.69999694824219,31454153,yfinance,False
2025-10-22,79.05309295654297,84.44999694824219,85.30000305175781,84.19999694824219,85.0,22876623,yfinance,False
2025-10-23,79.66156005859375,85.0999984741211,85.1500015258789,84.5,84.5999984741211,31381209,yfinance,False
2025-10-24,79.94239044189453,85.4000015258789,85.69999694824219,85.25,85.25,13169060,yfinance,False
2025-10-27,79.75516510009766,85.19999694824219,85.69999694824219,84.75,85.55000305175781,17959228,yfinance,False
2025-10-28,80.08280944824219,85.55000305175781,85.80000305175781,84.8499984741211,85.19999694824219,17465496,yfinance,False
2025-10-30,80.41043853759766,85.9000015258789,86.6500015258789,85.5999984741211,85.9000015258789,21734825,yfinance,False
2025-10-31,79.80197143554688,85.25,86.25,85.05000305175781,86.25,13303861,yfinance,False
2025-11-03,80.6912612915039,86.19999694824219,86.44999694824219,85.19999694824219,85.4000015258789,19203234,yfinance,False
2025-11-04,81.15930938720703,86.69999694824219,87.0,85.75,85.75,22122073,yfinance,False
2025-11-05,81.11251068115234,86.6500015258789,87.0999984741211,85.9000015258789,86.8499984741211,16865881,yfinance,False
2025-11-06,81.58055114746094,87.1500015258789,87.1500015258789,86.4000015258789,86.5999984741211,18766488,yfinance,False
2025-11-07,81.58055114746094,87.1500015258789,87.9000015258789,86.9000015258789,86.94999694824219,19033168,yfinance,False
2025-11-10,82.18901824951172,87.80000305175781,87.8499984741211,87.0999984741211,87.19999694824219,19276181,yfinance,False
2025-11-11,82.84428405761719,88.5,88.75,87.6500015258789,87.9000015258789,22304363,yfinance,False
2025-11-12,83.17191314697266,88.8499984741211,88.9000015258789,88.1500015258789,88.80000305175781,22984031,yfinance,False
2025-11-13,82.2358169555664,87.8499984741211,88.8499984741211,87.4000015258789,88.8499984741211,23474226,yfinance,False
2025-11-14,81.90818786621094,87.5,87.69999694824219,87.25,87.5,14294890,yfinance,False
2025-11-17,81.20611572265625,86.75,87.5,86.55000305175781,87.3499984741211,15518851,yfinance,False
2025-11-18,81.25292205810547,86.80000305175781,86.80000305175781,86.0999984741211,86.5,13656501,yfinance,False
2025-11-19,80.83167266845703,86.3499984741211,87.1500015258789,86.3499984741211,87.0,14578374,yfinance,False
2025-11-20,80.97209167480469,86.5,86.8499984741211,86.3499984741211,86.5,13929467,yfinance,False
2025-11-21,80.50404357910156,86.0,86.9000015258789,85.80000305175781,86.5,18020369,yfinance,False
2025-11-24,82.00179290771484,87.5999984741211,87.5999984741211,86.19999694824219,86.19999694824219,17025806,yfinance,False
2025-11-25,81.67415618896484,87.25,87.6500015258789,87.0,87.4000015258789,16145679,yfinance,False
2025-11-26,81.76776885986328,87.3499984741211,88.1500015258789,87.3499984741211,87.5,13153847,yfinance,False
2025-11-27,81.67415618896484,87.25,87.55000305175781,86.69999694824219,87.3499984741211,15433105,yfinance,False
2025-11-28,81.7209701538086,87.30000305175781,87.4000015258789,86.9000015258789,87.25,10578710,yfinance,False
2025-12-01,82.1422119140625,87.75,87.8499984741211,87.0999984741211,87.25,10513559,yfinance,False
2025-12-02,82.18901824951172,87.80000305175781,88.19999694824219,87.69999694824219,87.75,10421387,yfinance,False
2025-12-03,81.29972076416016,86.8499984741211,87.80000305175781,86.75,87.80000305175781,11391800,yfinance,False
2025-12-04,81.44013977050781,87.0,87.25,86.3499984741211,86.75,6271768,yfinance,False
2025-12-05,81.58055114746094,87.1500015258789,87.19999694824219,86.4000015258789,87.0,12066843,yfinance,False
2025-12-08,80.64445495605469,86.1500015258789,87.19999694824219,86.05000305175781,87.0,12006233,yfinance,False
2025-12-09,80.50404357910156,86.0,86.4000015258789,85.8499984741211,86.1500015258789,14330459,yfinance,False
2025-12-10,80.1764144897461,85.6500015258789,86.1500015258789,85.5,86.0,16254582,yfinance,False
2025-12-11,80.1764144897461,85.6500015258789,86.05000305175781,85.4000015258789,86.0,13091794,yfinance,False
2025-12-12,80.97209167480469,86.5,86.69999694824219,85.8499984741211,85.8499984741211,16616585,yfinance,False
2025-12-15,79.66156005859375,85.0999984741211,86.3499984741211,85.0,86.3499984741211,25479494,yfinance,False
2025-12-16,78.91268920898438,84.30000305175781,85.44999694824219,84.1500015258789,85.19999694824219,21296107,yfinance,False
2025-12-17,79.05309295654297,84.44999694824219,84.80000305175781,83.75,84.4000015258789,19569015,yfinance,False
2025-12-18,78.67866516113281,84.05000305175781,84.55000305175781,83.3499984741211,84.0999984741211,31424240,yfinance,False
2025-12-19,78.53825378417969,83.9000015258789,84.80000305175781,83.5999984741211,84.19999694824219,29711522,yfinance,False
2025-12-22,78.35102844238281,83.69999694824219,84.44999694824219,83.5,84.19999694824219,23194860,yfinance,False
2025-12-23,77.55535125732422,82.8499984741211,84.30000305175781,82.5999984741211,84.0,43756664,yfinance,False
2025-12-24,77.50855255126953,82.80000305175781,82.80000305175781,82.80000305175781,82.80000305175781,0,yfinance,False
2025-12-29,76.57245635986328,81.80000305175781,83.69999694824219,81.5999984741211,83.0,37497948,yfinance,False
2025-12-30,76.85327911376953,82.0999984741211,82.75,81.69999694824219,81.80000305175781,31891793,yfinance,False
2025-12-31,76.47884368896484,81.69999694824219,81.69999694824219,81.69999694824219,81.69999694824219,0,yfinance,False
2026-01-02,78.11699676513672,83.44999694824219,83.5,81.8499984741211,82.0,12099293,yfinance,False
2026-01-05,77.04049682617188,82.30000305175781,83.55000305175781,82.19999694824219,83.44999694824219,25619085,yfinance,False
2026-01-06,76.94688415527344,82.19999694824219,82.8499984741211,82.0,82.5,28378790,yfinance,False
2026-01-07,76.19801330566406,81.4000015258789,82.5,81.3499984741211,82.25,33232052,yfinance,False
2026-01-08,75.77677154541016,80.94999694824219,81.69999694824219,80.6500015258789,81.4000015258789,28684082,yfinance,False
2026-01-09,75.77677154541016,80.94999694824219,81.4000015258789,80.75,81.1500015258789,20208076,yfinance,False
2026-01-12,75.9639892578125,81.1500015258789,81.4000015258789,80.5,81.4000015258789,30960030,yfinance,False
2026-01-13,75.77677154541016,80.94999694824219,81.9000015258789,80.9000015258789,81.1500015258789,28337382,yfinance,False
2026-01-14,75.63636016845703,80.80000305175781,81.19999694824219,80.55000305175781,81.0,29654156,yfinance,False
2026-01-15,75.44914245605469,80.5999984741211,81.30000305175781,80.30000305175781,81.0,30045044,yfinance,False
2026-01-16,74.98109436035156,80.0999984741211,81.30000305175781,79.9000015258789,80.9000015258789,36448893,yfinance,False
2026-01-19,74.23221588134766,79.30000305175781,79.80000305175781,79.1500015258789,79.69999694824219,33017992,yfinance,False
2026-01-20,74.23221588134766,79.30000305175781,79.75,79.1500015258789,79.5,30312508,yfinance,False
2026-01-21,74.13860321044922,79.19999694824219,79.44999694824219,78.0999984741211,79.3499984741211,43502967,yfinance,False
2026-01-22,73.9513931274414,79.0,79.5999984741211,78.69999694824219,79.4000015258789,27628663,yfinance,False
2026-01-23,74.41943359375,79.5,80.0,78.55000305175781,79.3499984741211,30422796,yfinance,False
2026-01-26,73.76417541503906,78.80000305175781,79.75,78.5,79.55000305175781,31825796,yfinance,False
2026-01-27,73.48333740234375,78.5,79.44999694824219,78.30000305175781,78.9000015258789,45016622,yfinance,False
2026-01-28,75.72997283935547,80.9000015258789,81.4000015258789,78.4000015258789,78.5999984741211,62936865,yfinance,False
2026-01-29,75.72997283935547,80.9000015258789,81.05000305175781,80.25,80.9000015258789,35401273,yfinance,False
2026-01-30,74.70027160644531,79.80000305175781,80.9000015258789,79.3499984741211,80.9000015258789,37668381,yfinance,False
2026-02-02,73.01529693603516,78.0,78.0,75.8499984741211,78.0,90641807,yfinance,False
2026-02-03,73.29612731933594,78.30000305175781,78.8499984741211,77.9000015258789,78.0,32396888,yfinance,False
2026-02-04,74.27902221679688,79.3499984741211,79.94999694824219,78.3499984741211,78.5,27453347,yfinance,False
2026-02-05,75.26191711425781,80.4000015258789,80.6500015258789,78.8499984741211,79.1500015258789,24531084,yfinance,False
2026-02-06,75.07469940185547,80.19999694824219,80.25,79.6500015258789,80.0,20535109,yfinance,False
2026-02-09,73.48333740234375,78.5,80.55000305175781,78.30000305175781,80.5,44726876,yfinance,False
2026-02-10,73.38973236083984,78.4000015258789,78.9000015258789,78.0,78.44999694824219,22568054,yfinance,False
2026-02-11,73.43653106689453,78.44999694824219,78.6500015258789,78.30000305175781,78.55000305175781,18729447,yfinance,False
2026-02-12,73.2025146484375,78.19999694824219,78.75,78.19999694824219,78.5999984741211,19808886,yfinance,False
2026-02-13,73.2025146484375,78.19999694824219,78.5,78.0,78.0999984741211,22210375,yfinance,False
2026-02-16,73.67056274414062,78.69999694824219,78.69999694824219,78.69999694824219,78.69999694824219,0,yfinance,False
2026-02-20,73.48333740234375,78.5,79.19999694824219,78.5,78.6500015258789,8058562,yfinance,False
2026-02-23,74.37262725830078,79.44999694824219,79.80000305175781,79.0,79.0,8608883,yfinance,False
2026-02-24,73.99819946289062,79.05000305175781,79.5999984741211,78.8499984741211,79.19999694824219,14548017,yfinance,False
2026-02-25,74.23221588134766,79.30000305175781,79.69999694824219,79.05000305175781,79.55000305175781,13267964,yfinance,False
2026-02-26,73.57695770263672,78.5999984741211,79.69999694824219,78.5999984741211,79.3499984741211,17159457,yfinance,False
2026-02-27,74.23221588134766,79.30000305175781,79.30000305175781,78.5999984741211,78.5999984741211,12106008,yfinance,False
2026-03-02,73.62376403808594,78.6500015258789,79.1500015258789,78.44999694824219,78.55000305175781,23148973,yfinance,False
2026-03-03,73.67056274414062,78.69999694824219,79.19999694824219,78.55000305175781,78.80000305175781,17606802,yfinance,False
2026-03-04,73.29612731933594,78.30000305175781,78.5,77.80000305175781,78.30000305175781,26273790,yfinance,False
2026-03-05,73.29612731933594,78.30000305175781,78.94999694824219,77.9000015258789,78.30000305175781,18404585,yfinance,False
2026-03-06,73.90457916259766,78.94999694824219,79.1500015258789,78.3499984741211,78.44999694824219,21789340,yfinance,False
2026-03-09,73.34292602539062,78.3499984741211,78.5999984741211,77.4000015258789,78.30000305175781,29388381,yfinance,False
2026-03-10,73.76417541503906,78.80000305175781,79.0,78.0999984741211,79.0,14965124,yfinance,False
2026-03-11,73.9513931274414,79.0,79.0999984741211,78.69999694824219,78.94999694824219,13768128,yfinance,False
2026-03-12,73.9513931274414,79.0,79.4000015258789,78.1500015258789,79.05000305175781,16192140,yfinance,False
2026-03-13,74.8406753540039,79.94999694824219,79.94999694824219,78.5999984741211,78.9000015258789,24956184,yfinance,False
2026-03-16,74.98109436035156,80.0999984741211,80.55000305175781,79.69999694824219,80.0,21680048,yfinance,False
2026-03-17,74.88748168945312,80.0,80.8499984741211,79.80000305175781,80.3499984741211,17605917,yfinance,False
2026-03-18,74.8406753540039,79.94999694824219,80.0999984741211,79.30000305175781,79.80000305175781,15708837,yfinance,False
2026-03-19,74.70027160644531,79.80000305175781,79.94999694824219,79.0999984741211,79.0999984741211,17035689,yfinance,False
2026-03-20,73.76417541503906,78.80000305175781,79.80000305175781,78.1500015258789,79.6500015258789,30115279,yfinance,False
2026-03-23,72.87488555908203,77.8499984741211,78.69999694824219,77.19999694824219,78.19999694824219,32302543,yfinance,False
2026-03-24,73.01529693603516,78.0,78.9000015258789,77.5,78.5,34656186,yfinance,False
2026-03-25,72.54724884033203,77.5,78.25,77.4000015258789,78.0,33902233,yfinance,False
2026-03-26,72.54724884033203,77.5,77.69999694824219,76.8499984741211,77.44999694824219,31266950,yfinance,False
2026-03-27,73.06210327148438,78.05000305175781,78.3499984741211,77.0999984741211,77.5,25590929,yfinance,False
2026-03-30,73.34292602539062,78.3499984741211,78.5999984741211,77.1500015258789,77.69999694824219,22877225,yfinance,False
2026-03-31,74.09180450439453,79.1500015258789,79.69999694824219,78.0,78.3499984741211,23721706,yfinance,False
2026-04-01,74.70027160644531,79.80000305175781,80.5,79.55000305175781,79.69999694824219,21941581,yfinance,False
2026-04-02,74.93428802490234,80.05000305175781,80.1500015258789,79.30000305175781,79.30000305175781,11569319,yfinance,False
2026-04-08,75.77677154541016,80.94999694824219,81.19999694824219,80.4000015258789,80.80000305175781,23354604,yfinance,False
2026-04-09,75.5427474975586,80.69999694824219,81.0999984741211,80.4000015258789,80.94999694824219,8721702,yfinance,False
2026-04-10,75.91718292236328,81.0999984741211,81.4000015258789,80.6500015258789,80.94999694824219,12183647,yfinance,False
2026-04-13,75.91718292236328,81.0999984741211,81.25,80.55000305175781,80.8499984741211,11913953,yfinance,False
2026-04-14,76.29161834716797,81.5,81.69999694824219,80.75,81.30000305175781,26776345,yfinance,False
2026-04-15,76.15120697021484,81.3499984741211,81.75,80.9000015258789,81.69999694824219,17277952,yfinance,False
2026-04-16,76.3852310180664,81.5999984741211,82.0,81.30000305175781,81.3499984741211,18754345,yfinance,False
2026-04-17,76.24481201171875,81.44999694824219,81.8499984741211,81.25,81.30000305175781,20237777,yfinance,False
2026-04-20,76.57245635986328,81.80000305175781,82.30000305175781,81.19999694824219,81.44999694824219,17884088,yfinance,False
2026-04-21,78.35102844238281,83.69999694824219,83.69999694824219,82.0,82.0,36198690,yfinance,False
2026-04-22,78.07019805908203,83.4000015258789,83.69999694824219,83.25,83.30000305175781,13911981,yfinance,False
2026-04-23,78.6318588256836,84.0,84.19999694824219,83.19999694824219,83.4000015258789,22802645,yfinance,False
2026-04-24,78.53825378417969,83.9000015258789,84.4000015258789,83.5,83.9000015258789,22723224,yfinance,False
2026-04-27,79.00629425048828,84.4000015258789,84.5,83.5,84.1500015258789,31929996,yfinance,False
2026-04-28,79.24032592773438,84.6500015258789,84.9000015258789,83.80000305175781,84.19999694824219,21785807,yfinance,False
2026-04-29,79.98918914794922,85.44999694824219,85.6500015258789,84.44999694824219,84.44999694824219,30995348,yfinance,False
2026-04-30,79.19351196289062,84.5999984741211,85.4000015258789,83.5999984741211,85.0999984741211,22743622,yfinance,False
2026-05-04,78.58505249023438,83.94999694824219,85.30000305175781,83.8499984741211,85.0,8884855,yfinance,False
2026-05-05,78.49143981933594,83.8499984741211,84.05000305175781,83.55000305175781,83.9000015258789,6094221,yfinance,False
2026-05-06,79.28712463378906,84.69999694824219,85.0,83.75,84.3499984741211,16220123,yfinance,False
2026-05-07,79.8487777709961,85.30000305175781,85.5999984741211,84.5999984741211,84.9000015258789,16967097,yfinance,False
2026-05-08,79.98918914794922,85.44999694824219,85.69999694824219,85.05000305175781,85.05000305175781,15395657,yfinance,False
2026-05-11,80.6912612915039,86.19999694824219,86.4000015258789,85.0,85.0,20766896,yfinance,False
2026-05-12,80.97209167480469,86.5,86.6500015258789,86.25,86.25,16964814,yfinance,False
2026-05-13,81.01890563964844,86.55000305175781,86.94999694824219,86.0,86.5,21109099,yfinance,False
2026-05-14,81.15930938720703,86.69999694824219,87.1500015258789,86.6500015258789,86.80000305175781,28709776,yfinance,False
2026-05-15,80.6912612915039,86.19999694824219,86.8499984741211,86.0,86.5,22084153,yfinance,False
2026-05-18,80.87847900390625,86.4000015258789,86.9000015258789,85.8499984741211,86.0,19082959,yfinance,False
2026-05-19,81.25292205810547,86.80000305175781,88.05000305175781,86.30000305175781,86.5,48614084,yfinance,False
2026-05-20,81.01890563964844,86.55000305175781,86.69999694824219,86.3499984741211,86.55000305175781,29203423,yfinance,False
2026-05-21,80.55084991455078,86.05000305175781,86.9000015258789,85.9000015258789,86.9000015258789,17640074,yfinance,False
2026-05-22,80.03600311279297,85.5,86.55000305175781,85.05000305175781,86.05000305175781,19092231,yfinance,False
2026-05-26,80.12960815429688,85.5999984741211,85.94999694824219,85.05000305175781,85.5,14906088,yfinance,False
2026-05-27,79.75516510009766,85.19999694824219,85.8499984741211,84.8499984741211,85.25,13405849,yfinance,False
2026-05-28,79.42753601074219,84.8499984741211,85.5,83.6500015258789,84.9000015258789,29153541,yfinance,False
2026-05-29,79.70836639404297,85.1500015258789,85.80000305175781,84.3499984741211,84.5999984741211,21442428,yfinance,False
2026-06-01,79.70836639404297,85.1500015258789,85.5,84.8499984741211,85.0,10941368,yfinance,False
2026-06-02,80.41043853759766,85.9000015258789,85.94999694824219,84.75,84.75,20886962,yfinance,False
2026-06-03,80.08280944824219,85.55000305175781,86.05000305175781,85.55000305175781,85.9000015258789,17036535,yfinance,False
2026-06-04,79.33393096923828,84.75,85.5999984741211,84.69999694824219,85.5,21112114,yfinance,False
2026-06-05,79.49794006347656,82.4000015258789,82.5,81.9000015258789,82.3499984741211,19111451,yfinance,False
2026-06-08,79.49794006347656,82.4000015258789,82.5999984741211,81.44999694824219,81.6500015258789,14727905,yfinance,False
2026-06-09,79.4014663696289,82.30000305175781,82.75,82.0,82.3499984741211,10405308,yfinance,False
2026-06-10,79.54617309570312,82.44999694824219,83.6500015258789,82.05000305175781,82.30000305175781,24953534,yfinance,False
2026-06-11,78.9673080444336,81.8499984741211,82.5999984741211,81.55000305175781,82.4000015258789,13751836,yfinance,False
2026-06-12,78.91907501220703,81.80000305175781,82.1500015258789,80.94999694824219,81.6500015258789,18098375,yfinance,False
2026-06-15,78.9673080444336,81.8499984741211,82.0999984741211,80.30000305175781,82.05000305175781,29670815,yfinance,False
2026-06-16,78.43668365478516,81.30000305175781,81.94999694824219,81.1500015258789,81.30000305175781,16826947,yfinance,False
2026-06-17,77.95429229736328,80.80000305175781,81.75,80.5,81.5,17593398,yfinance,False
2026-06-18,77.27893829345703,80.0999984741211,80.80000305175781,79.1500015258789,80.80000305175781,23134916,yfinance,False
2026-06-22,76.6518325805664,79.44999694824219,79.69999694824219,78.5999984741211,79.25,22946052,yfinance,False
2026-06-23,75.54234313964844,78.30000305175781,79.80000305175781,77.6500015258789,79.19999694824219,23247555,yfinance,False
2026-06-24,75.3011474609375,78.05000305175781,78.44999694824219,77.5,78.30000305175781,15870577,yfinance,False
2026-06-25,74.91522979736328,77.6500015258789,78.0,77.0,78.0,18592341,yfinance,False
2026-06-26,74.67403411865234,77.4000015258789,77.80000305175781,76.80000305175781,77.6500015258789,19207235,yfinance,False
2026-06-29,74.5293197631836,77.25,77.80000305175781,76.94999694824219,77.69999694824219,22079991,yfinance,False
2026-06-30,73.46806335449219,76.1500015258789,77.44999694824219,75.55000305175781,77.0,31335678,yfinance,False
2026-07-02,73.80573272705078,76.5,76.69999694824219,75.55000305175781,76.0999984741211,20222851,yfinance,False
2026-07-03,73.99868774414062,76.69999694824219,77.5999984741211,76.55000305175781,76.80000305175781,15671563,yfinance,False
2026-07-06,74.4328384399414,77.1500015258789,77.3499984741211,76.0999984741211,76.5,19887192,yfinance,False
2026-07-07,74.4328384399414,77.1500015258789,77.5999984741211,76.80000305175781,77.25,14754567,yfinance,False
2026-07-08,75.73529052734375,78.5,78.94999694824219,77.1500015258789,77.1500015258789,19364457,yfinance,False
2026-07-09,75.68704986572266,78.44999694824219,79.30000305175781,78.3499984741211,78.69999694824219,13934549,yfinance,False
2026-07-10,75.97648620605469,78.75,79.19999694824219,78.44999694824219,78.5999984741211,8873548,yfinance,False
2026-07-13,76.45887756347656,79.25,79.44999694824219,78.30000305175781,78.75,9631214,yfinance,False
2026-07-14,76.31416320800781,79.0999984741211,79.3499984741211,78.80000305175781,79.25,9776691,yfinance,False
2026-07-15,76.21768188476562,79.0,79.5999984741211,78.94999694824219,79.0999984741211,8416416,yfinance,False
2026-07-16,76.79655456542969,79.5999984741211,80.05000305175781,79.0,79.0,10406272,yfinance,False
2026-07-17,77.13422393798828,79.94999694824219,80.44999694824219,79.4000015258789,79.80000305175781,10863554,yfinance,False
2026-07-20,77.95429229736328,80.80000305175781,81.4000015258789,80.0,80.0,12898397,yfinance,False
2026-07-21,77.8578109741211,80.69999694824219,80.94999694824219,80.19999694824219,80.75,7875218,yfinance,False
2026-07-22,77.71309661865234,80.55000305175781,80.69999694824219,80.0999984741211,80.1500015258789,8117499,yfinance,False
2026-07-23,78.53315734863281,81.4000015258789,81.9000015258789,80.5,80.55000305175781,15315741,yfinance,False
2026-07-24,78.87083435058594,81.75,81.94999694824219,81.0,81.19999694824219,9889656,yfinance,False
2026-07-27,79.59441375732422,82.5,82.6500015258789,81.69999694824219,81.80000305175781,9868521,yfinance,False
2026-07-28,80.31800079345703,83.25,83.25,82.5999984741211,82.5999984741211,11040634,yfinance,False
2026-07-29,81.1380615234375,84.0999984741211,84.1500015258789,83.19999694824219,83.25,20577164,yfinance,False
2026-07-30,81.81341552734375,84.80000305175781,84.94999694824219,83.5999984741211,84.0,26814932,yfinance,False
2026-07-31,80.70391845703125,83.6500015258789,84.94999694824219,82.80000305175781,84.80000305175781,24265774,yfinance,False
2026-08-03,80.65567779541016,83.5999984741211,84.5,83.0999984741211,83.55000305175781,11533633,yfinance,False
2026-08-04,79.59441375732422,82.5,84.0,82.4000015258789,83.75,16037829,yfinance,False
2026-08-05,79.78736877441406,82.69999694824219,82.94999694824219,82.05000305175781,82.5,9081504,yfinance,False
2026-08-06,79.49794006347656,82.4000015258789,82.6500015258789,82.19999694824219,82.3499984741211,5662767,yfinance,False
2026-08-07,78.9673080444336,81.8499984741211,82.75,81.69999694824219,82.75,12717730,yfinance,False
2026-08-10,79.16027069091797,82.05000305175781,82.25,81.3499984741211,82.19999694824219,13990171,yfinance,False
2026-08-11,78.82258605957031,81.69999694824219,82.3499984741211,81.6500015258789,81.6500015258789,9581014,yfinance,False
2026-08-12,78.82258605957031,81.69999694824219,82.1500015258789,81.4000015258789,81.69999694824219,12188243,yfinance,False
2026-08-13,78.34020233154297,81.19999694824219,82.19999694824219,81.19999694824219,81.5,11033008,yfinance,False
2026-08-14,79.16027069091797,82.05000305175781,82.55000305175781,81.3499984741211,81.55000305175781,19671786,yfinance,False
2026-08-17,79.49794006347656,82.4000015258789,84.0,82.0999984741211,82.4000015258789,13550445,yfinance,False
2026-08-18,79.20850372314453,82.0999984741211,82.44999694824219,81.8499984741211,82.4000015258789,14596983,yfinance,False
2026-08-19,79.20850372314453,82.0999984741211,82.4000015258789,81.5,81.9000015258789,16357969,yfinance,False
2026-08-20,79.49794006347656,82.4000015258789,82.69999694824219,81.80000305175781,82.1500015258789,14147857,yfinance,False
2026-08-21,79.88385009765625,82.80000305175781,82.94999694824219,82.0999984741211,82.19999694824219,16486267,yfinance,False
2026-08-24,79.44969940185547,82.3499984741211,83.0,82.30000305175781,83.0,17492262,yfinance,False
2026-08-25,80.1500015258789,80.1500015258789,80.69999694824219,79.9000015258789,80.0,19381793,yfinance,False
2026-08-26,80.0999984741211,80.0999984741211,80.69999694824219,80.05000305175781,80.5999984741211,10593216,yfinance,False
2026-08-27,79.44999694824219,79.44999694824219,80.25,79.0,80.0999984741211,12917270,yfinance,False
2026-08-28,79.4000015258789,79.4000015258789,79.8499984741211,78.94999694824219,79.44999694824219,11541778,yfinance,False
2026-08-31,79.25,79.25,79.69999694824219,78.94999694824219,79.05000305175781,10100845,yfinance,False
2026-09-01,79.5,79.5,79.75,79.0,79.25,12785695,yfinance,False
2026-09-02,79.5,79.5,79.80000305175781,79.1500015258789,79.5999984741211,9164882,yfinance,False
2026-09-03,79.25,79.25,80.0,78.9000015258789,79.5,10236370,yfinance,False
2026-09-04,79.6500015258789,79.6500015258789,80.44999694824219,79.44999694824219,79.6500015258789,18913307,yfinance,False
2026-09-07,79.0999984741211,79.0999984741211,79.6500015258789,78.9000015258789,79.55000305175781,14343965,yfinance,False
2026-09-08,78.9000015258789,78.9000015258789,79.0999984741211,78.80000305175781,79.0,11983558,yfinance,False
2026-09-09,78.94999694824219,78.94999694824219,79.25,78.69999694824219,79.0999984741211,8352516,yfinance,False
2026-09-10,78.8499984741211,78.8499984741211,79.30000305175781,78.55000305175781,78.80000305175781,8317620,yfinance,False
2026-09-11,78.9000015258789,78.9000015258789,79.0,78.3499984741211,78.8499984741211,8580702,yfinance,False
2026-09-14,79.19999694824219,79.19999694824219,79.44999694824219,78.6500015258789,79.0,11551884,yfinance,False
2026-09-15,79.05000305175781,79.05000305175781,79.4000015258789,79.0,79.4000015258789,7995001,yfinance,False
2026-09-16,79.3499984741211,79.3499984741211,79.4000015258789,78.94999694824219,78.94999694824219,7243081,yfinance,False
2026-09-17,79.19999694824219,79.19999694824219,79.19999694824219,78.6500015258789,78.80000305175781,8656990,yfinance,False
2026-09-18,79.05000305175781,79.05000305175781,79.6500015258789,79.05000305175781,79.19999694824219,7791951,yfinance,False
2026-09-21,79.19999694824219,79.19999694824219,79.19999694824219,78.44999694824219,79.0,13664694,yfinance,False
2026-09-22,78.94999694824219,78.94999694824219,79.25,78.80000305175781,79.05000305175781,8762118,yfinance,False
2026-09-23,78.80000305175781,78.80000305175781,79.1500015258789,78.80000305175781,79.0999984741211,5778183,yfinance,False
2026-09-24,78.9000015258789,78.9000015258789,79.1500015258789,78.55000305175781,78.75,7861165,yfinance,False
2026-09-25,78.44999694824219,78.44999694824219,78.6500015258789,78.1500015258789,78.5999984741211,8696390,yfinance,False
2026-09-28,79.25,79.25,79.75,78.5999984741211,78.80000305175781,16712964,yfinance,False
2026-09-29,79.3499984741211,79.3499984741211,79.69999694824219,79.0999984741211,79.25,15860748,yfinance,False
2026-09-30,79.44999694824219,79.44999694824219,79.44999694824219,78.69999694824219,79.3499984741211,10846683,yfinance,False
2026-10-02,78.8499984741211,78.8499984741211,79.0999984741211,78.5999984741211,79.0999984741211,8866925,yfinance,False
2026-10-05,78.9000015258789,78.9000015258789,79.0,78.6500015258789,78.8499984741211,5817105,yfinance,False
2026-10-06,78.8499984741211,78.8499984741211,79.30000305175781,78.80000305175781,79.0,3763965,yfinance,False
2026-10-07,79.05000305175781,79.05000305175781,79.19999694824219,78.80000305175781,78.8499984741211,5793549,yfinance,False
2026-10-08,79.44999694824219,79.44999694824219,80.1500015258789,79.0,79.0,9590142,yfinance,False
