Date,Adj Close,Close,High,Low,Open,Volume,source,is_stale
2018-07-09,16.799999237060547,16.799999237060547,17.0,16.0,16.600000381469727,462182642,yfinance,False
2018-07-10,19.0,19.0,19.34000015258789,17.0,17.0,534072218,yfinance,False
2018-07-11,19.0,19.0,19.799999237060547,18.299999237060547,18.5,374721138,yfinance,False
2018-07-12,19.260000228881836,19.260000228881836,19.700000762939453,19.020000457763672,19.399999618530273,132592630,yfinance,False
2018-07-13,21.450000762939453,21.450000762939453,21.799999237060547,19.520000457763672,19.600000381469727,364065075,yfinance,False
2018-07-16,21.049999237060547,21.049999237060547,21.299999237060547,19.399999618530273,19.940000534057617,211621432,yfinance,False
2018-07-17,20.899999618530273,20.899999618530273,21.700000762939453,20.549999237060547,21.450000762939453,97690237,yfinance,False
2018-07-18,21.549999237060547,21.549999237060547,22.200000762939453,21.399999618530273,21.399999618530273,142583771,yfinance,False
2018-07-19,20.100000381469727,20.100000381469727,21.899999618530273,19.81999969482422,21.700000762939453,153563433,yfinance,False
2018-07-20,19.8799991607666,19.8799991607666,20.450000762939453,19.5,20.100000381469727,111713800,yfinance,False
2018-07-23,19.020000457763672,19.020000457763672,19.979999542236328,19.0,19.8799991607666,82544900,yfinance,False
2018-07-24,18.239999771118164,18.239999771118164,19.700000762939453,18.200000762939453,19.100000381469727,113828488,yfinance,False
2018-07-25,18.579999923706055,18.579999923706055,18.8799991607666,18.18000030517578,18.559999465942383,72027810,yfinance,False
2018-07-26,18.299999237060547,18.299999237060547,18.84000015258789,18.1200008392334,18.799999237060547,40951672,yfinance,False
2018-07-27,19.040000915527344,19.040000915527344,19.1200008392334,18.299999237060547,18.31999969482422,68204685,yfinance,False
2018-07-30,18.68000030517578,18.68000030517578,18.920000076293945,18.31999969482422,18.860000610351562,43124305,yfinance,False
2018-07-31,17.600000381469727,17.600000381469727,18.479999542236328,17.420000076293945,18.420000076293945,100190678,yfinance,False
2018-08-01,17.860000610351562,17.860000610351562,18.260000228881836,17.559999465942383,17.940000534057617,42088808,yfinance,False
2018-08-02,17.260000228881836,17.260000228881836,18.139999389648438,16.959999084472656,18.0,80125110,yfinance,False
2018-08-03,17.0,17.0,17.68000030517578,16.899999618530273,17.31999969482422,47386901,yfinance,False
2018-08-06,17.219999313354492,17.219999313354492,17.68000030517578,17.100000381469727,17.200000762939453,39896098,yfinance,False
2018-08-07,17.420000076293945,17.420000076293945,17.6200008392334,17.219999313354492,17.299999237060547,29000537,yfinance,False
2018-08-08,17.139999389648438,17.139999389648438,17.6200008392334,17.020000457763672,17.5,37947677,yfinance,False
2018-08-09,18.079999923706055,18.079999923706055,18.600000381469727,17.260000228881836,17.399999618530273,109541974,yfinance,False
2018-08-10,18.15999984741211,18.15999984741211,18.600000381469727,18.0,18.299999237060547,54535948,yfinance,False
2018-08-13,17.440000534057617,17.440000534057617,18.059999465942383,17.239999771118164,17.979999542236328,49053111,yfinance,False
2018-08-14,17.15999984741211,17.15999984741211,17.600000381469727,17.0,17.600000381469727,51105928,yfinance,False
2018-08-15,16.299999237060547,16.299999237060547,17.34000015258789,16.219999313354492,17.280000686645508,79753065,yfinance,False
2018-08-16,16.239999771118164,16.239999771118164,16.600000381469727,15.520000457763672,16.15999984741211,60546391,yfinance,False
2018-08-17,16.360000610351562,16.360000610351562,16.739999771118164,16.260000228881836,16.600000381469727,26655983,yfinance,False
2018-08-20,16.459999084472656,16.459999084472656,16.68000030517578,16.280000686645508,16.600000381469727,34082872,yfinance,False
2018-08-21,17.399999618530273,17.399999618530273,17.440000534057617,16.559999465942383,16.799999237060547,75830829,yfinance,False
2018-08-22,17.68000030517578,17.68000030517578,17.780000686645508,17.079999923706055,17.780000686645508,47002451,yfinance,False
2018-08-23,17.440000534057617,17.440000534057617,18.959999084472656,17.440000534057617,18.219999313354492,115613435,yfinance,False
2018-08-24,17.040000915527344,17.040000915527344,17.34000015258789,16.920000076293945,17.200000762939453,38150978,yfinance,False
2018-08-27,17.31999969482422,17.31999969482422,17.479999542236328,17.079999923706055,17.34000015258789,29085179,yfinance,False
2018-08-28,17.1200008392334,17.1200008392334,17.6200008392334,16.940000534057617,17.600000381469727,26264447,yfinance,False
2018-08-29,17.139999389648438,17.139999389648438,17.280000686645508,17.020000457763672,17.1200008392334,15457732,yfinance,False
2018-08-30,17.139999389648438,17.139999389648438,17.280000686645508,17.040000915527344,17.280000686645508,16052634,yfinance,False
2018-08-31,16.799999237060547,16.799999237060547,16.979999542236328,16.6200008392334,16.8799991607666,28107696,yfinance,False
2018-09-03,16.5,16.5,16.860000610351562,16.3799991607666,16.799999237060547,20242557,yfinance,False
2018-09-04,16.739999771118164,16.739999771118164,16.940000534057617,16.5,16.6200008392334,15882122,yfinance,False
2018-09-05,16.559999465942383,16.559999465942383,16.739999771118164,16.520000457763672,16.700000762939453,16304906,yfinance,False
2018-09-06,16.459999084472656,16.459999084472656,16.81999969482422,16.420000076293945,16.559999465942383,26331333,yfinance,False
2018-09-07,16.5,16.5,16.780000686645508,16.360000610351562,16.5,15029354,yfinance,False
2018-09-10,16.040000915527344,16.040000915527344,16.559999465942383,15.84000015258789,16.5,33387796,yfinance,False
2018-09-11,16.1200008392334,16.1200008392334,16.200000762939453,16.0,16.100000381469727,16082229,yfinance,False
2018-09-12,15.65999984741211,15.65999984741211,16.260000228881836,15.579999923706055,16.18000030517578,29186620,yfinance,False
2018-09-13,16.399999618530273,16.399999618530273,16.399999618530273,16.0,16.0,29462632,yfinance,False
2018-09-14,16.68000030517578,16.68000030517578,16.84000015258789,16.559999465942383,16.65999984741211,28920836,yfinance,False
2018-09-17,16.420000076293945,16.420000076293945,16.559999465942383,16.100000381469727,16.5,10710658,yfinance,False
2018-09-18,16.280000686645508,16.280000686645508,16.5,16.100000381469727,16.420000076293945,21242979,yfinance,False
2018-09-19,16.559999465942383,16.559999465942383,16.600000381469727,16.299999237060547,16.399999618530273,18679934,yfinance,False
2018-09-20,16.479999542236328,16.479999542236328,16.719999313354492,16.299999237060547,16.540000915527344,13270198,yfinance,False
2018-09-21,16.760000228881836,16.760000228881836,16.760000228881836,16.459999084472656,16.600000381469727,22287398,yfinance,False
2018-09-24,16.5,16.5,16.639999389648438,16.260000228881836,16.600000381469727,11639050,yfinance,False
2018-09-26,16.360000610351562,16.360000610351562,16.5,16.280000686645508,16.399999618530273,11449568,yfinance,False
2018-09-27,15.960000038146973,15.960000038146973,16.3799991607666,15.960000038146973,16.3799991607666,26452436,yfinance,False
2018-09-28,15.5,15.5,16.15999984741211,15.199999809265137,16.020000457763672,57743921,yfinance,False
2018-10-02,15.0,15.0,15.640000343322754,14.800000190734863,15.640000343322754,32841988,yfinance,False
2018-10-03,14.880000114440918,14.880000114440918,15.0,14.579999923706055,15.0,27564091,yfinance,False
2018-10-04,14.5,14.5,14.880000114440918,14.260000228881836,14.84000015258789,38659662,yfinance,False
2018-10-05,14.279999732971191,14.279999732971191,14.380000114440918,14.0,14.100000381469727,28210105,yfinance,False
2018-10-08,13.579999923706055,13.579999923706055,14.279999732971191,13.539999961853027,14.199999809265137,46429246,yfinance,False
2018-10-09,13.579999923706055,13.579999923706055,13.960000038146973,13.579999923706055,13.739999771118164,26985626,yfinance,False
2018-10-10,13.760000228881836,13.760000228881836,14.079999923706055,13.640000343322754,13.699999809265137,29223855,yfinance,False
2018-10-11,12.65999984741211,12.65999984741211,13.0,12.380000114440918,13.0,77346034,yfinance,False
2018-10-12,13.0600004196167,13.0600004196167,13.15999984741211,12.520000457763672,12.720000267028809,44754547,yfinance,False
2018-10-15,12.479999542236328,12.479999542236328,13.180000305175781,12.420000076293945,13.079999923706055,21275863,yfinance,False
2018-10-16,12.300000190734863,12.300000190734863,12.720000267028809,12.119999885559082,12.5,32683406,yfinance,False
2018-10-18,12.34000015258789,12.34000015258789,12.5600004196167,12.0600004196167,12.5,21655863,yfinance,False
2018-10-19,12.279999732971191,12.279999732971191,12.460000038146973,12.0,12.020000457763672,37127023,yfinance,False
2018-10-22,12.979999542236328,12.979999542236328,13.279999732971191,12.199999809265137,12.260000228881836,53107610,yfinance,False
2018-10-23,12.319999694824219,12.319999694824219,13.0,12.119999885559082,12.859999656677246,30396734,yfinance,False
2018-10-24,12.260000228881836,12.260000228881836,12.5,12.140000343322754,12.420000076293945,17412682,yfinance,False
2018-10-25,12.680000305175781,12.680000305175781,12.720000267028809,11.65999984741211,12.0,42566074,yfinance,False
2018-10-26,12.279999732971191,12.279999732971191,12.84000015258789,12.119999885559082,12.800000190734863,25479251,yfinance,False
2018-10-29,12.020000457763672,12.020000457763672,12.319999694824219,11.920000076293945,12.279999732971191,20574688,yfinance,False
2018-10-30,11.65999984741211,11.65999984741211,11.9399995803833,11.399999618530273,11.800000190734863,27849959,yfinance,False
2018-10-31,12.180000305175781,12.180000305175781,12.239999771118164,11.899999618530273,11.979999542236328,26895871,yfinance,False
2018-11-01,12.34000015258789,12.34000015258789,12.859999656677246,12.220000267028809,12.399999618530273,35663833,yfinance,False
2018-11-02,13.479999542236328,13.479999542236328,13.539999961853027,12.699999809265137,13.039999961853027,74078493,yfinance,False
2018-11-05,13.079999923706055,13.079999923706055,13.34000015258789,12.880000114440918,13.0600004196167,20715913,yfinance,False
2018-11-06,13.239999771118164,13.239999771118164,13.279999732971191,12.699999809265137,13.199999809265137,20325085,yfinance,False
2018-11-07,13.300000190734863,13.300000190734863,13.65999984741211,13.039999961853027,13.039999961853027,31656661,yfinance,False
2018-11-08,13.720000267028809,13.720000267028809,14.119999885559082,13.5,13.699999809265137,57147505,yfinance,False
2018-11-09,13.199999809265137,13.199999809265137,13.640000343322754,13.039999961853027,13.640000343322754,32583231,yfinance,False
2018-11-12,13.140000343322754,13.140000343322754,13.5600004196167,13.100000381469727,13.380000114440918,21941098,yfinance,False
2018-11-13,13.300000190734863,13.300000190734863,13.359999656677246,12.739999771118164,12.84000015258789,35447436,yfinance,False
2018-11-14,13.15999984741211,13.15999984741211,13.34000015258789,13.100000381469727,13.199999809265137,12335258,yfinance,False
2018-11-15,13.0600004196167,13.0600004196167,13.34000015258789,12.800000190734863,13.279999732971191,34068658,yfinance,False
2018-11-16,12.9399995803833,12.9399995803833,13.199999809265137,12.800000190734863,13.100000381469727,20361231,yfinance,False
2018-11-19,13.600000381469727,13.600000381469727,13.699999809265137,12.960000038146973,13.0,49897906,yfinance,False
2018-11-20,14.739999771118164,14.739999771118164,14.800000190734863,13.34000015258789,13.65999984741211,158416525,yfinance,False
2018-11-21,14.84000015258789,14.84000015258789,15.15999984741211,14.300000190734863,14.5,78620564,yfinance,False
2018-11-22,14.319999694824219,14.319999694824219,15.0,14.260000228881836,14.960000038146973,34210705,yfinance,False
2018-11-23,14.4399995803833,14.4399995803833,14.4399995803833,14.079999923706055,14.319999694824219,30412700,yfinance,False
2018-11-26,14.300000190734863,14.300000190734863,14.5600004196167,14.180000305175781,14.5,23313991,yfinance,False
2018-11-27,13.819999694824219,13.819999694824219,14.380000114440918,13.739999771118164,14.220000267028809,38513213,yfinance,False
2018-11-28,14.5,14.5,14.640000343322754,13.9399995803833,13.9399995803833,52406420,yfinance,False
2018-11-29,14.199999809265137,14.199999809265137,14.859999656677246,14.039999961853027,14.699999809265137,39356934,yfinance,False
2018-11-30,14.279999732971191,14.279999732971191,14.399999618530273,14.15999984741211,14.300000190734863,21143591,yfinance,False
2018-12-03,14.859999656677246,14.859999656677246,14.979999542236328,14.720000267028809,14.800000190734863,44197080,yfinance,False
2018-12-04,14.640000343322754,14.640000343322754,14.9399995803833,14.420000076293945,14.9399995803833,32211993,yfinance,False
2018-12-05,14.300000190734863,14.300000190734863,14.380000114440918,14.140000343322754,14.380000114440918,38493584,yfinance,False
2018-12-06,14.0,14.0,14.180000305175781,13.800000190734863,14.100000381469727,33335368,yfinance,False
2018-12-07,13.640000343322754,13.640000343322754,14.039999961853027,13.020000457763672,13.960000038146973,44991040,yfinance,False
2018-12-10,13.279999732971191,13.279999732971191,13.5,13.15999984741211,13.5,21474200,yfinance,False
2018-12-11,13.380000114440918,13.380000114440918,13.5,13.199999809265137,13.260000228881836,12935341,yfinance,False
2018-12-12,13.520000457763672,13.520000457763672,13.720000267028809,13.4399995803833,13.5,19134630,yfinance,False
2018-12-13,13.760000228881836,13.760000228881836,13.819999694824219,13.5,13.699999809265137,12363996,yfinance,False
2018-12-14,13.539999961853027,13.539999961853027,13.779999732971191,13.479999542236328,13.779999732971191,12573551,yfinance,False
2018-12-17,13.520000457763672,13.520000457763672,13.619999885559082,13.300000190734863,13.539999961853027,9441591,yfinance,False
2018-12-18,13.260000228881836,13.260000228881836,13.479999542236328,13.020000457763672,13.359999656677246,22061077,yfinance,False
2018-12-19,13.260000228881836,13.260000228881836,13.319999694824219,13.100000381469727,13.199999809265137,12041587,yfinance,False
2018-12-20,13.079999923706055,13.079999923706055,13.180000305175781,12.699999809265137,13.140000343322754,32211712,yfinance,False
2018-12-21,13.680000305175781,13.680000305175781,13.680000305175781,12.680000305175781,12.899999618530273,49668836,yfinance,False
2018-12-24,13.15999984741211,13.15999984741211,13.420000076293945,13.039999961853027,13.420000076293945,10519067,yfinance,False
2018-12-27,12.920000076293945,12.920000076293945,13.300000190734863,12.859999656677246,13.15999984741211,16268154,yfinance,False
2018-12-28,12.9399995803833,12.9399995803833,13.15999984741211,12.84000015258789,13.0,18540002,yfinance,False
2018-12-31,12.920000076293945,12.920000076293945,13.100000381469727,12.84000015258789,13.100000381469727,11246279,yfinance,False
2019-01-02,12.199999809265137,12.199999809265137,12.979999542236328,12.180000305175781,12.979999542236328,32515761,yfinance,False
2019-01-03,11.760000228881836,11.760000228881836,12.319999694824219,11.760000228881836,12.279999732971191,38910146,yfinance,False
2019-01-04,11.960000038146973,11.960000038146973,12.039999961853027,11.5,11.65999984741211,25943844,yfinance,False
2019-01-07,12.0,12.0,12.380000114440918,11.960000038146973,12.319999694824219,28376962,yfinance,False
2019-01-08,11.100000381469727,11.100000381469727,12.15999984741211,11.0600004196167,12.15999984741211,91106400,yfinance,False
2019-01-09,10.34000015258789,10.34000015258789,11.100000381469727,10.34000015258789,10.5,240922422,yfinance,False
2019-01-10,9.970000267028809,9.970000267028809,10.039999961853027,9.4399995803833,9.630000114440918,376414318,yfinance,False
2019-01-11,10.34000015258789,10.34000015258789,10.520000457763672,10.0,10.180000305175781,126655283,yfinance,False
2019-01-14,10.020000457763672,10.020000457763672,10.479999542236328,10.0,10.420000076293945,54264395,yfinance,False
2019-01-15,9.960000038146973,9.960000038146973,10.15999984741211,9.829999923706055,10.0600004196167,82269650,yfinance,False
2019-01-16,9.699999809265137,9.699999809265137,9.9399995803833,9.59000015258789,9.699999809265137,367223812,yfinance,False
2019-01-17,9.739999771118164,9.739999771118164,9.949999809265137,9.670000076293945,9.8100004196167,81046985,yfinance,False
2019-01-18,10.15999984741211,10.15999984741211,10.239999771118164,9.890000343322754,9.970000267028809,139896858,yfinance,False
2019-01-21,10.300000190734863,10.300000190734863,10.479999542236328,10.220000267028809,10.220000267028809,86294625,yfinance,False
2019-01-22,10.0,10.0,10.399999618530273,9.920000076293945,10.380000114440918,59735038,yfinance,False
2019-01-23,9.970000267028809,9.970000267028809,10.020000457763672,9.890000343322754,9.930000305175781,37825844,yfinance,False
2019-01-24,10.0,10.0,10.119999885559082,9.920000076293945,10.0,41246163,yfinance,False
2019-01-25,10.100000381469727,10.100000381469727,10.260000228881836,10.020000457763672,10.039999961853027,64613994,yfinance,False
2019-01-28,10.020000457763672,10.020000457763672,10.220000267028809,9.9399995803833,10.199999809265137,44290538,yfinance,False
2019-01-29,9.90999984741211,9.90999984741211,9.989999771118164,9.859999656677246,9.920000076293945,33530991,yfinance,False
2019-01-30,9.84000015258789,9.84000015258789,9.949999809265137,9.84000015258789,9.899999618530273,32802193,yfinance,False
2019-01-31,9.84000015258789,9.84000015258789,9.979999542236328,9.819999694824219,9.949999809265137,50076676,yfinance,False
2019-02-01,10.4399995803833,10.4399995803833,10.4399995803833,9.869999885559082,9.899999618530273,127579302,yfinance,False
2019-02-04,10.359999656677246,10.359999656677246,10.5,10.279999732971191,10.460000038146973,49681936,yfinance,False
2019-02-08,10.260000228881836,10.260000228881836,10.319999694824219,10.0,10.300000190734863,57644100,yfinance,False
2019-02-11,10.699999809265137,10.699999809265137,10.899999618530273,10.220000267028809,10.34000015258789,140732181,yfinance,False
2019-02-12,10.600000381469727,10.600000381469727,11.100000381469727,10.539999961853027,10.9399995803833,117906288,yfinance,False
2019-02-13,11.380000114440918,11.380000114440918,11.420000076293945,10.600000381469727,10.720000267028809,156224007,yfinance,False
2019-02-14,11.520000457763672,11.520000457763672,11.5600004196167,11.199999809265137,11.359999656677246,108811783,yfinance,False
2019-02-15,11.140000343322754,11.140000343322754,11.460000038146973,11.079999923706055,11.420000076293945,82217458,yfinance,False
2019-02-18,11.220000267028809,11.220000267028809,11.5,11.199999809265137,11.380000114440918,63590558,yfinance,False
2019-02-19,10.800000190734863,10.800000190734863,11.15999984741211,10.619999885559082,11.100000381469727,129955818,yfinance,False
2019-02-20,10.84000015258789,10.84000015258789,11.0,10.65999984741211,10.920000076293945,96070124,yfinance,False
2019-02-21,11.380000114440918,11.380000114440918,11.520000457763672,10.9399995803833,10.979999542236328,152831181,yfinance,False
2019-02-22,11.920000076293945,11.920000076293945,11.920000076293945,11.239999771118164,11.300000190734863,157362545,yfinance,False
2019-02-25,12.239999771118164,12.239999771118164,12.479999542236328,12.0600004196167,12.079999923706055,198022442,yfinance,False
2019-02-26,12.199999809265137,12.199999809265137,12.479999542236328,12.100000381469727,12.260000228881836,113627050,yfinance,False
2019-02-27,12.140000343322754,12.140000343322754,12.420000076293945,11.84000015258789,12.319999694824219,97009637,yfinance,False
2019-02-28,11.960000038146973,11.960000038146973,12.180000305175781,11.760000228881836,12.180000305175781,259790013,yfinance,False
2019-03-01,11.880000114440918,11.880000114440918,12.0,11.600000381469727,11.819999694824219,130688112,yfinance,False
2019-03-04,11.960000038146973,11.960000038146973,12.100000381469727,11.779999732971191,11.960000038146973,149188886,yfinance,False
2019-03-05,12.5,12.5,12.5,11.84000015258789,11.899999618530273,135780670,yfinance,False
2019-03-06,12.359999656677246,12.359999656677246,12.680000305175781,12.260000228881836,12.479999542236328,120362729,yfinance,False
2019-03-07,12.039999961853027,12.039999961853027,12.479999542236328,12.039999961853027,12.420000076293945,73888741,yfinance,False
2019-03-08,11.739999771118164,11.739999771118164,12.0600004196167,11.720000267028809,12.0,74822349,yfinance,False
2019-03-11,11.899999618530273,11.899999618530273,11.979999542236328,11.65999984741211,11.65999984741211,72177601,yfinance,False
2019-03-12,12.199999809265137,12.199999809265137,12.380000114440918,11.979999542236328,12.0,88446667,yfinance,False
2019-03-13,11.960000038146973,11.960000038146973,12.359999656677246,11.899999618530273,12.260000228881836,88108145,yfinance,False
2019-03-14,11.640000343322754,11.640000343322754,12.039999961853027,11.5,12.039999961853027,101368214,yfinance,False
2019-03-15,11.579999923706055,11.579999923706055,11.880000114440918,11.520000457763672,11.760000228881836,322239056,yfinance,False
2019-03-18,11.899999618530273,11.899999618530273,12.079999923706055,11.5600004196167,11.699999809265137,119684388,yfinance,False
2019-03-19,12.199999809265137,12.199999809265137,12.260000228881836,11.899999618530273,11.9399995803833,105074461,yfinance,False
2019-03-20,11.640000343322754,11.640000343322754,12.300000190734863,11.520000457763672,12.300000190734863,202994583,yfinance,False
2019-03-21,11.279999732971191,11.279999732971191,11.65999984741211,11.279999732971191,11.640000343322754,103304274,yfinance,False
2019-03-22,11.279999732971191,11.279999732971191,11.5,11.140000343322754,11.34000015258789,80725171,yfinance,False
2019-03-25,10.899999618530273,10.899999618530273,11.140000343322754,10.880000114440918,11.100000381469727,80204573,yfinance,False
2019-03-26,11.100000381469727,11.100000381469727,11.199999809265137,11.0,11.100000381469727,38786770,yfinance,False
2019-03-27,11.300000190734863,11.300000190734863,11.319999694824219,11.100000381469727,11.180000305175781,37818664,yfinance,False
2019-03-28,11.180000305175781,11.180000305175781,11.199999809265137,11.0600004196167,11.199999809265137,26475986,yfinance,False
2019-03-29,11.380000114440918,11.380000114440918,11.380000114440918,11.180000305175781,11.260000228881836,47718441,yfinance,False
2019-04-01,11.359999656677246,11.359999656677246,11.5,11.319999694824219,11.5,50751587,yfinance,False
2019-04-02,11.239999771118164,11.239999771118164,11.460000038146973,11.199999809265137,11.399999618530273,35804625,yfinance,False
2019-04-03,11.920000076293945,11.920000076293945,11.9399995803833,11.199999809265137,11.399999618530273,114684905,yfinance,False
2019-04-04,11.84000015258789,11.84000015258789,11.899999618530273,11.65999984741211,11.859999656677246,67047248,yfinance,False
2019-04-08,11.760000228881836,11.760000228881836,11.960000038146973,11.5,11.899999618530273,52740551,yfinance,False
2019-04-09,11.720000267028809,11.720000267028809,11.800000190734863,11.5,11.720000267028809,46794828,yfinance,False
2019-04-10,11.84000015258789,11.84000015258789,11.899999618530273,11.420000076293945,11.600000381469727,58170697,yfinance,False
2019-04-11,11.539999961853027,11.539999961853027,11.84000015258789,11.520000457763672,11.779999732971191,42504774,yfinance,False
2019-04-12,11.619999885559082,11.619999885559082,11.680000305175781,11.420000076293945,11.600000381469727,29893511,yfinance,False
2019-04-15,11.640000343322754,11.640000343322754,12.0,11.640000343322754,11.680000305175781,61263409,yfinance,False
2019-04-16,11.760000228881836,11.760000228881836,11.800000190734863,11.4399995803833,11.640000343322754,37491683,yfinance,False
2019-04-17,11.819999694824219,11.819999694824219,11.880000114440918,11.699999809265137,11.859999656677246,37994138,yfinance,False
2019-04-18,11.699999809265137,11.699999809265137,11.9399995803833,11.619999885559082,11.859999656677246,48797058,yfinance,False
2019-04-23,12.199999809265137,12.199999809265137,12.220000267028809,11.739999771118164,11.859999656677246,191912515,yfinance,False
2019-04-24,12.359999656677246,12.359999656677246,12.460000038146973,12.140000343322754,12.260000228881836,136598895,yfinance,False
2019-04-25,11.979999542236328,11.979999542236328,12.359999656677246,11.960000038146973,12.359999656677246,87868020,yfinance,False
2019-04-26,12.020000457763672,12.020000457763672,12.239999771118164,11.9399995803833,12.0,60311103,yfinance,False
2019-04-29,11.979999542236328,11.979999542236328,12.100000381469727,11.739999771118164,12.100000381469727,82380942,yfinance,False
2019-04-30,12.020000457763672,12.020000457763672,12.119999885559082,11.84000015258789,12.020000457763672,52680483,yfinance,False
2019-05-02,11.619999885559082,11.619999885559082,11.920000076293945,11.579999923706055,11.800000190734863,58815949,yfinance,False
2019-05-03,11.800000190734863,11.800000190734863,11.9399995803833,11.65999984741211,11.720000267028809,36641129,yfinance,False
2019-05-06,11.0,11.0,11.539999961853027,10.779999732971191,11.5,143992147,yfinance,False
2019-05-07,10.84000015258789,10.84000015258789,11.020000457763672,10.579999923706055,11.0,103147643,yfinance,False
2019-05-08,10.579999923706055,10.579999923706055,10.739999771118164,10.4399995803833,10.600000381469727,77101167,yfinance,False
2019-05-09,10.460000038146973,10.460000038146973,10.720000267028809,10.420000076293945,10.720000267028809,57447536,yfinance,False
2019-05-10,10.640000343322754,10.640000343322754,10.779999732971191,10.420000076293945,10.680000305175781,49391863,yfinance,False
2019-05-14,10.119999885559082,10.119999885559082,10.319999694824219,10.0600004196167,10.260000228881836,93843860,yfinance,False
2019-05-15,10.479999542236328,10.479999542236328,10.739999771118164,10.260000228881836,10.380000114440918,67013283,yfinance,False
2019-05-16,10.300000190734863,10.300000190734863,10.699999809265137,10.279999732971191,10.699999809265137,44951125,yfinance,False
2019-05-17,10.15999984741211,10.15999984741211,10.359999656677246,10.079999923706055,10.279999732971191,52691189,yfinance,False
2019-05-20,9.890000343322754,9.890000343322754,10.5,9.8100004196167,10.039999961853027,107718541,yfinance,False
2019-05-21,9.869999885559082,9.869999885559082,10.279999732971191,9.84000015258789,10.260000228881836,134056987,yfinance,False
2019-05-22,10.100000381469727,10.100000381469727,10.34000015258789,9.979999542236328,10.0,86195202,yfinance,False
2019-05-23,9.800000190734863,9.800000190734863,10.100000381469727,9.699999809265137,10.0600004196167,76024033,yfinance,False
2019-05-24,9.770000457763672,9.770000457763672,9.899999618530273,9.619999885559082,9.800000190734863,52677791,yfinance,False
2019-05-27,9.65999984741211,9.65999984741211,9.819999694824219,9.569999694824219,9.800000190734863,62738041,yfinance,False
2019-05-28,9.949999809265137,9.949999809265137,10.039999961853027,9.670000076293945,9.699999809265137,62252358,yfinance,False
2019-05-29,9.920000076293945,9.920000076293945,9.9399995803833,9.800000190734863,9.84000015258789,29019956,yfinance,False
2019-05-30,9.739999771118164,9.739999771118164,9.949999809265137,9.720000267028809,9.859999656677246,52635534,yfinance,False
2019-05-31,9.579999923706055,9.579999923706055,9.8100004196167,9.569999694824219,9.739999771118164,33964811,yfinance,False
2019-06-03,9.09000015258789,9.09000015258789,9.65999984741211,8.920000076293945,9.59000015258789,176504084,yfinance,False
2019-06-04,9.020000457763672,9.020000457763672,9.1899995803833,8.90999984741211,9.100000381469727,78946868,yfinance,False
2019-06-05,9.220000267028809,9.220000267028809,9.329999923706055,9.119999885559082,9.289999961853027,83885940,yfinance,False
2019-06-06,9.210000038146973,9.210000038146973,9.260000228881836,9.0,9.25,70373449,yfinance,False
2019-06-10,9.529999732971191,9.529999732971191,9.539999961853027,9.210000038146973,9.289999961853027,63925563,yfinance,False
2019-06-11,9.75,9.75,9.880000114440918,9.539999961853027,9.579999923706055,72498312,yfinance,False
2019-06-12,9.539999961853027,9.539999961853027,9.75,9.380000114440918,9.699999809265137,75843668,yfinance,False
2019-06-13,9.65999984741211,9.65999984741211,9.65999984741211,9.34000015258789,9.630000114440918,50674208,yfinance,False
2019-06-14,9.550000190734863,9.550000190734863,9.65999984741211,9.470000267028809,9.600000381469727,44403147,yfinance,False
2019-06-17,9.579999923706055,9.579999923706055,9.699999809265137,9.479999542236328,9.600000381469727,49717577,yfinance,False
2019-06-18,9.59000015258789,9.59000015258789,9.640000343322754,9.479999542236328,9.579999923706055,36926547,yfinance,False
2019-06-19,9.800000190734863,9.800000190734863,9.979999542236328,9.720000267028809,9.829999923706055,60624774,yfinance,False
2019-06-20,9.930000305175781,9.930000305175781,10.0,9.729999542236328,9.84000015258789,82850123,yfinance,False
2019-06-21,9.800000190734863,9.800000190734863,9.989999771118164,9.760000228881836,9.979999542236328,67682612,yfinance,False
2019-06-24,9.949999809265137,9.949999809265137,10.039999961853027,9.8100004196167,9.850000381469727,72849695,yfinance,False
2019-06-25,9.770000457763672,9.770000457763672,9.9399995803833,9.630000114440918,9.9399995803833,50239668,yfinance,False
2019-06-26,9.800000190734863,9.800000190734863,9.850000381469727,9.680000305175781,9.699999809265137,30465836,yfinance,False
2019-06-27,10.0,10.0,10.0,9.770000457763672,9.829999923706055,69511695,yfinance,False
2019-06-28,10.0,10.0,10.380000114440918,9.9399995803833,10.0,128683132,yfinance,False
2019-07-02,9.989999771118164,9.989999771118164,10.319999694824219,9.9399995803833,10.300000190734863,136432655,yfinance,False
2019-07-03,9.760000228881836,9.760000228881836,10.020000457763672,9.649999618530273,10.0,107536892,yfinance,False
2019-07-04,9.779999732971191,9.779999732971191,9.859999656677246,9.720000267028809,9.789999961853027,48221001,yfinance,False
2019-07-05,9.949999809265137,9.949999809265137,9.970000267028809,9.75,9.800000190734863,59181568,yfinance,False
2019-07-08,9.609999656677246,9.609999656677246,9.850000381469727,9.550000190734863,9.819999694824219,105975221,yfinance,False
2019-07-09,9.5,9.5,9.579999923706055,9.270000457763672,9.529999732971191,99820916,yfinance,False
2019-07-10,9.59000015258789,9.59000015258789,9.630000114440918,9.369999885559082,9.5600004196167,65241428,yfinance,False
2019-07-11,9.489999771118164,9.489999771118164,9.6899995803833,9.479999542236328,9.600000381469727,68189443,yfinance,False
2019-07-12,9.4399995803833,9.4399995803833,9.680000305175781,9.430000305175781,9.680000305175781,74271930,yfinance,False
2019-07-15,9.359999656677246,9.359999656677246,9.449999809265137,9.279999732971191,9.449999809265137,71694860,yfinance,False
2019-07-16,9.300000190734863,9.300000190734863,9.449999809265137,9.279999732971191,9.399999618530273,88195771,yfinance,False
2019-07-17,9.109999656677246,9.109999656677246,9.279999732971191,9.100000381469727,9.260000228881836,83593324,yfinance,False
2019-07-18,9.0,9.0,9.079999923706055,8.989999771118164,9.079999923706055,84684758,yfinance,False
2019-07-19,9.109999656677246,9.109999656677246,9.199999809265137,9.0,9.0,59402001,yfinance,False
2019-07-22,8.949999809265137,8.949999809265137,9.0600004196167,8.920000076293945,9.029999732971191,64653681,yfinance,False
2019-07-23,9.069999694824219,9.069999694824219,9.15999984741211,8.970000267028809,8.970000267028809,40208040,yfinance,False
2019-07-24,9.100000381469727,9.100000381469727,9.239999771118164,9.100000381469727,9.149999618530273,60603951,yfinance,False
2019-07-25,9.220000267028809,9.220000267028809,9.260000228881836,9.140000343322754,9.15999984741211,60869873,yfinance,False
2019-07-26,9.119999885559082,9.119999885559082,9.1899995803833,9.069999694824219,9.1899995803833,36603581,yfinance,False
2019-07-29,9.069999694824219,9.069999694824219,9.130000114440918,8.979999542236328,9.109999656677246,35236909,yfinance,False
2019-07-30,9.020000457763672,9.020000457763672,9.149999618530273,8.989999771118164,9.100000381469727,25925922,yfinance,False
2019-07-31,9.050000190734863,9.050000190734863,9.100000381469727,8.979999542236328,9.0,23016132,yfinance,False
2019-08-01,9.020000457763672,9.020000457763672,9.039999961853027,8.970000267028809,9.020000457763672,41720986,yfinance,False
2019-08-02,8.800000190734863,8.800000190734863,8.930000305175781,8.789999961853027,8.880000114440918,69130459,yfinance,False
2019-08-05,8.920000076293945,8.920000076293945,9.25,8.789999961853027,8.800000190734863,101547478,yfinance,False
2019-08-06,8.65999984741211,8.65999984741211,8.800000190734863,8.369999885559082,8.800000190734863,92542291,yfinance,False
2019-08-07,8.649999618530273,8.649999618530273,8.789999961853027,8.5,8.699999809265137,69432818,yfinance,False
2019-08-08,8.90999984741211,8.90999984741211,9.039999961853027,8.729999542236328,8.979999542236328,112333802,yfinance,False
2019-08-09,8.9399995803833,8.9399995803833,9.109999656677246,8.9399995803833,9.0,88624879,yfinance,False
2019-08-12,8.949999809265137,8.949999809265137,9.020000457763672,8.920000076293945,9.0,31415667,yfinance,False
2019-08-13,8.819999694824219,8.819999694824219,9.0,8.789999961853027,8.850000381469727,40827015,yfinance,False
2019-08-14,9.0,9.0,9.09000015258789,8.890000343322754,9.0,85573563,yfinance,False
2019-08-15,8.8100004196167,8.8100004196167,8.880000114440918,8.65999984741211,8.800000190734863,101629287,yfinance,False
2019-08-16,8.920000076293945,8.920000076293945,9.0600004196167,8.699999809265137,8.800000190734863,77069016,yfinance,False
2019-08-19,9.140000343322754,9.140000343322754,9.210000038146973,8.970000267028809,9.0,91239877,yfinance,False
2019-08-20,9.430000305175781,9.430000305175781,9.550000190734863,9.140000343322754,9.199999809265137,144494213,yfinance,False
2019-08-21,8.960000038146973,8.960000038146973,9.630000114440918,8.8100004196167,9.5,271630931,yfinance,False
2019-08-22,8.869999885559082,8.869999885559082,9.029999732971191,8.850000381469727,9.0,62258691,yfinance,False
2019-08-23,8.960000038146973,8.960000038146973,9.0,8.8100004196167,8.869999885559082,55416927,yfinance,False
2019-08-26,8.699999809265137,8.699999809265137,8.720000267028809,8.529999732971191,8.699999809265137,93905693,yfinance,False
2019-08-27,8.789999961853027,8.789999961853027,8.8100004196167,8.600000381469727,8.760000228881836,267786398,yfinance,False
2019-08-28,8.819999694824219,8.819999694824219,8.90999984741211,8.640000343322754,8.699999809265137,148059208,yfinance,False
2019-08-29,8.529999732971191,8.529999732971191,8.880000114440918,8.460000038146973,8.880000114440918,99376257,yfinance,False
2019-08-30,8.529999732971191,8.529999732971191,8.670000076293945,8.5,8.65999984741211,62219585,yfinance,False
2019-09-02,8.350000381469727,8.350000381469727,8.539999961853027,8.279999732971191,8.529999732971191,88123456,yfinance,False
2019-09-03,8.699999809265137,8.699999809265137,8.920000076293945,8.640000343322754,8.65999984741211,182722264,yfinance,False
2019-09-04,8.649999618530273,8.649999618530273,8.760000228881836,8.59000015258789,8.699999809265137,162933968,yfinance,False
2019-09-05,8.9399995803833,8.9399995803833,8.979999542236328,8.640000343322754,8.649999618530273,83905736,yfinance,False
2019-09-06,9.079999923706055,9.079999923706055,9.180000305175781,8.9399995803833,8.970000267028809,123023585,yfinance,False
2019-09-09,9.130000114440918,9.130000114440918,9.149999618530273,9.029999732971191,9.140000343322754,63635189,yfinance,False
2019-09-10,9.220000267028809,9.220000267028809,9.289999961853027,9.069999694824219,9.170000076293945,77590668,yfinance,False
2019-09-11,9.270000457763672,9.270000457763672,9.270000457763672,9.109999656677246,9.25,75239701,yfinance,False
2019-09-12,9.399999618530273,9.399999618530273,9.489999771118164,9.180000305175781,9.260000228881836,90123971,yfinance,False
2019-09-13,9.479999542236328,9.479999542236328,9.489999771118164,9.3100004196167,9.399999618530273,53491068,yfinance,False
2019-09-16,9.34000015258789,9.34000015258789,9.460000038146973,9.25,9.460000038146973,46137027,yfinance,False
2019-09-17,9.069999694824219,9.069999694824219,9.34000015258789,9.0,9.34000015258789,84136724,yfinance,False
2019-09-18,9.149999618530273,9.149999618530273,9.260000228881836,9.069999694824219,9.109999656677246,50554416,yfinance,False
2019-09-19,9.140000343322754,9.140000343322754,9.210000038146973,9.069999694824219,9.1899995803833,51150472,yfinance,False
2019-09-20,9.25,9.25,9.319999694824219,9.15999984741211,9.1899995803833,82893218,yfinance,False
2019-09-23,9.319999694824219,9.319999694824219,9.5,9.239999771118164,9.300000190734863,81552912,yfinance,False
2019-09-24,9.319999694824219,9.319999694824219,9.380000114440918,9.210000038146973,9.34000015258789,57713290,yfinance,False
2019-09-25,8.90999984741211,8.90999984741211,9.279999732971191,8.819999694824219,9.279999732971191,137591132,yfinance,False
2019-09-26,8.890000343322754,8.890000343322754,9.039999961853027,8.8100004196167,9.0,56616118,yfinance,False
2019-09-27,8.699999809265137,8.699999809265137,8.850000381469727,8.699999809265137,8.829999923706055,66666907,yfinance,False
2019-09-30,8.800000190734863,8.800000190734863,8.800000190734863,8.619999885559082,8.699999809265137,77374624,yfinance,False
2019-10-02,8.75,8.75,8.859999656677246,8.729999542236328,8.829999923706055,37139100,yfinance,False
2019-10-03,8.899999618530273,8.899999618530273,8.899999618530273,8.710000038146973,8.739999771118164,33317538,yfinance,False
2019-10-04,8.949999809265137,8.949999809265137,9.020000457763672,8.829999923706055,8.880000114440918,47256266,yfinance,False
2019-10-08,8.789999961853027,8.789999961853027,8.949999809265137,8.739999771118164,8.850000381469727,59036575,yfinance,False
2019-10-09,8.670000076293945,8.670000076293945,8.779999732971191,8.630000114440918,8.770000457763672,33659935,yfinance,False
2019-10-10,8.800000190734863,8.800000190734863,8.869999885559082,8.670000076293945,8.720000267028809,33262805,yfinance,False
2019-10-11,8.880000114440918,8.880000114440918,9.09000015258789,8.8100004196167,8.819999694824219,56246296,yfinance,False
2019-10-14,8.930000305175781,8.930000305175781,9.050000190734863,8.880000114440918,9.0,44548971,yfinance,False
2019-10-15,8.819999694824219,8.819999694824219,8.9399995803833,8.770000457763672,8.930000305175781,27352007,yfinance,False
2019-10-16,8.640000343322754,8.640000343322754,8.949999809265137,8.579999923706055,8.800000190734863,84718135,yfinance,False
2019-10-17,8.640000343322754,8.640000343322754,8.65999984741211,8.520000457763672,8.529999732971191,45955450,yfinance,False
2019-10-18,8.550000190734863,8.550000190734863,8.619999885559082,8.520000457763672,8.579999923706055,51110519,yfinance,False
2019-10-21,8.979999542236328,8.979999542236328,9.130000114440918,8.850000381469727,8.890000343322754,228778652,yfinance,False
2019-10-22,8.850000381469727,8.850000381469727,8.989999771118164,8.729999542236328,8.949999809265137,125667269,yfinance,False
2019-10-23,8.989999771118164,8.989999771118164,9.0,8.819999694824219,8.869999885559082,97747823,yfinance,False
2019-10-24,9.039999961853027,9.039999961853027,9.079999923706055,8.880000114440918,8.989999771118164,135745077,yfinance,False
2019-10-25,9.0600004196167,9.0600004196167,9.119999885559082,8.960000038146973,9.039999961853027,133395946,yfinance,False
2019-10-28,9.1899995803833,9.1899995803833,9.479999542236328,9.149999618530273,9.300000190734863,226791453,yfinance,False
2019-10-29,8.859999656677246,8.859999656677246,9.25,8.819999694824219,9.1899995803833,136425269,yfinance,False
2019-10-30,8.789999961853027,8.789999961853027,8.930000305175781,8.720000267028809,8.930000305175781,70443248,yfinance,False
2019-10-31,8.899999618530273,8.899999618530273,8.9399995803833,8.720000267028809,8.729999542236328,77794785,yfinance,False
2019-11-01,8.960000038146973,8.960000038146973,8.970000267028809,8.770000457763672,8.850000381469727,64201980,yfinance,False
2019-11-04,9.029999732971191,9.029999732971191,9.100000381469727,8.90999984741211,8.90999984741211,108020147,yfinance,False
2019-11-05,9.029999732971191,9.029999732971191,9.069999694824219,8.970000267028809,9.069999694824219,75440687,yfinance,False
2019-11-06,8.9399995803833,8.9399995803833,9.069999694824219,8.920000076293945,9.0600004196167,64362518,yfinance,False
2019-11-07,8.930000305175781,8.930000305175781,8.960000038146973,8.869999885559082,8.9399995803833,56436367,yfinance,False
2019-11-08,8.84000015258789,8.84000015258789,8.979999542236328,8.829999923706055,8.949999809265137,42667260,yfinance,False
2019-11-11,8.539999961853027,8.539999961853027,8.850000381469727,8.520000457763672,8.850000381469727,120421161,yfinance,False
2019-11-12,8.6899995803833,8.6899995803833,8.710000038146973,8.510000228881836,8.65999984741211,66151144,yfinance,False
2019-11-13,8.550000190734863,8.550000190734863,8.770000457763672,8.510000228881836,8.770000457763672,88557839,yfinance,False
2019-11-14,8.479999542236328,8.479999542236328,8.619999885559082,8.449999809265137,8.59000015258789,64143315,yfinance,False
2019-11-15,8.510000228881836,8.510000228881836,8.550000190734863,8.479999542236328,8.529999732971191,39869154,yfinance,False
2019-11-18,8.470000267028809,8.470000267028809,8.5600004196167,8.40999984741211,8.539999961853027,68443946,yfinance,False
2019-11-19,8.5600004196167,8.5600004196167,8.600000381469727,8.449999809265137,8.5,73453575,yfinance,False
2019-11-20,8.550000190734863,8.550000190734863,8.609999656677246,8.510000228881836,8.579999923706055,46261234,yfinance,False
2019-11-21,8.399999618530273,8.399999618530273,8.539999961853027,8.380000114440918,8.539999961853027,64050218,yfinance,False
2019-11-22,8.390000343322754,8.390000343322754,8.4399995803833,8.350000381469727,8.399999618530273,67758019,yfinance,False
2019-11-25,8.600000381469727,8.600000381469727,8.619999885559082,8.380000114440918,8.399999618530273,68855731,yfinance,False
2019-11-26,8.619999885559082,8.619999885559082,8.729999542236328,8.550000190734863,8.600000381469727,83452023,yfinance,False
2019-11-27,8.729999542236328,8.729999542236328,8.75,8.630000114440918,8.680000305175781,73594606,yfinance,False
2019-11-28,8.890000343322754,8.890000343322754,9.15999984741211,8.800000190734863,8.8100004196167,264912274,yfinance,False
2019-11-29,8.949999809265137,8.949999809265137,9.010000228881836,8.760000228881836,8.920000076293945,158849737,yfinance,False
2019-12-02,8.930000305175781,8.930000305175781,9.020000457763672,8.829999923706055,8.970000267028809,107412610,yfinance,False
2019-12-03,9.010000228881836,9.010000228881836,9.050000190734863,8.800000190734863,8.930000305175781,147325642,yfinance,False
2019-12-04,9.0,9.0,9.15999984741211,8.920000076293945,8.9399995803833,134747942,yfinance,False
2019-12-05,9.069999694824219,9.069999694824219,9.100000381469727,8.960000038146973,9.100000381469727,100317107,yfinance,False
2019-12-06,9.34000015258789,9.34000015258789,9.350000381469727,9.039999961853027,9.069999694824219,227486578,yfinance,False
2019-12-09,9.319999694824219,9.319999694824219,9.479999542236328,9.319999694824219,9.390000343322754,146799790,yfinance,False
2019-12-10,9.210000038146973,9.210000038146973,9.380000114440918,9.199999809265137,9.350000381469727,102673216,yfinance,False
2019-12-11,9.989999771118164,9.989999771118164,10.0,9.220000267028809,9.239999771118164,431132280,yfinance,False
2019-12-12,9.930000305175781,9.930000305175781,10.119999885559082,9.850000381469727,9.9399995803833,268007812,yfinance,False
2019-12-13,10.399999618530273,10.399999618530273,10.479999542236328,10.020000457763672,10.039999961853027,377449850,yfinance,False
2019-12-16,10.520000457763672,10.520000457763672,10.739999771118164,10.300000190734863,10.300000190734863,262630774,yfinance,False
2019-12-17,10.680000305175781,10.680000305175781,10.880000114440918,10.539999961853027,10.680000305175781,201590813,yfinance,False
2019-12-18,10.5,10.5,10.65999984741211,10.319999694824219,10.600000381469727,189802722,yfinance,False
2019-12-19,10.359999656677246,10.359999656677246,10.5,10.119999885559082,10.479999542236328,159328435,yfinance,False
2019-12-20,10.34000015258789,10.34000015258789,10.520000457763672,10.239999771118164,10.520000457763672,117325563,yfinance,False
2019-12-23,10.239999771118164,10.239999771118164,10.380000114440918,10.180000305175781,10.359999656677246,97229098,yfinance,False
2019-12-24,10.5600004196167,10.5600004196167,10.579999923706055,10.239999771118164,10.300000190734863,114541134,yfinance,False
2019-12-27,10.800000190734863,10.800000190734863,10.920000076293945,10.5,10.520000457763672,200337570,yfinance,False
2019-12-30,10.640000343322754,10.640000343322754,10.880000114440918,10.619999885559082,10.800000190734863,136166581,yfinance,False
2019-12-31,10.779999732971191,10.779999732971191,10.84000015258789,10.619999885559082,10.619999885559082,67507463,yfinance,False
2020-01-02,11.220000267028809,11.220000267028809,11.220000267028809,10.779999732971191,10.859999656677246,248889455,yfinance,False
2020-01-03,10.899999618530273,10.899999618530273,11.4399995803833,10.899999618530273,11.199999809265137,219547199,yfinance,False
2020-01-06,10.979999542236328,10.979999542236328,11.180000305175781,10.640000343322754,10.720000267028809,179639996,yfinance,False
2020-01-07,11.0,11.0,11.300000190734863,10.920000076293945,11.0600004196167,171287427,yfinance,False
2020-01-08,11.079999923706055,11.079999923706055,11.279999732971191,10.819999694824219,10.819999694824219,189314498,yfinance,False
2020-01-09,11.5,11.5,11.5,11.220000267028809,11.300000190734863,186855215,yfinance,False
2020-01-10,11.420000076293945,11.420000076293945,11.619999885559082,11.399999618530273,11.600000381469727,151578463,yfinance,False
2020-01-13,11.899999618530273,11.899999618530273,11.899999618530273,11.4399995803833,11.520000457763672,161150695,yfinance,False
2020-01-14,11.680000305175781,11.680000305175781,12.039999961853027,11.619999885559082,11.960000038146973,248618005,yfinance,False
2020-01-15,12.260000228881836,12.260000228881836,12.260000228881836,11.65999984741211,11.65999984741211,248326019,yfinance,False
2020-01-16,12.220000267028809,12.220000267028809,12.380000114440918,12.039999961853027,12.100000381469727,223205730,yfinance,False
2020-01-17,13.239999771118164,13.239999771118164,13.460000038146973,12.279999732971191,12.300000190734863,436141742,yfinance,False
2020-01-20,13.300000190734863,13.300000190734863,13.9399995803833,13.279999732971191,13.579999923706055,306785923,yfinance,False
2020-01-21,12.760000228881836,12.760000228881836,13.279999732971191,12.739999771118164,13.279999732971191,283025289,yfinance,False
2020-01-22,13.899999618530273,13.899999618530273,14.0,12.680000305175781,12.819999694824219,309519548,yfinance,False
2020-01-23,13.279999732971191,13.279999732971191,13.720000267028809,12.800000190734863,13.5600004196167,313410180,yfinance,False
2020-01-24,13.34000015258789,13.34000015258789,13.680000305175781,13.020000457763672,13.319999694824219,114577196,yfinance,False
2020-01-29,12.600000381469727,12.600000381469727,13.180000305175781,12.520000457763672,12.779999732971191,305449628,yfinance,False
2020-01-30,11.760000228881836,11.760000228881836,12.739999771118164,11.4399995803833,12.579999923706055,349186547,yfinance,False
2020-01-31,11.520000457763672,11.520000457763672,12.180000305175781,11.520000457763672,11.979999542236328,223262918,yfinance,False
2020-02-03,12.020000457763672,12.020000457763672,12.359999656677246,11.0,11.300000190734863,375836396,yfinance,False
2020-02-04,12.539999961853027,12.539999961853027,12.800000190734863,12.199999809265137,12.260000228881836,293328793,yfinance,False
2020-02-05,12.640000343322754,12.640000343322754,13.180000305175781,12.5,12.699999809265137,332528060,yfinance,False
2020-02-06,12.819999694824219,12.819999694824219,13.039999961853027,12.5600004196167,12.899999618530273,206710927,yfinance,False
2020-02-07,12.84000015258789,12.84000015258789,13.079999923706055,12.640000343322754,12.819999694824219,174008032,yfinance,False
2020-02-10,12.960000038146973,12.960000038146973,13.020000457763672,12.600000381469727,12.65999984741211,209946946,yfinance,False
2020-02-11,12.779999732971191,12.779999732971191,13.15999984741211,12.779999732971191,13.020000457763672,176487285,yfinance,False
2020-02-12,12.920000076293945,12.920000076293945,12.979999542236328,12.4399995803833,12.779999732971191,206694750,yfinance,False
2020-02-13,13.380000114440918,13.380000114440918,13.640000343322754,12.779999732971191,13.0,370025107,yfinance,False
2020-02-14,13.100000381469727,13.100000381469727,13.579999923706055,13.0,13.279999732971191,213335678,yfinance,False
2020-02-17,13.279999732971191,13.279999732971191,13.34000015258789,13.0,13.0,151582824,yfinance,False
2020-02-18,12.819999694824219,12.819999694824219,13.4399995803833,12.65999984741211,13.180000305175781,281500643,yfinance,False
2020-02-19,12.880000114440918,12.880000114440918,13.039999961853027,12.760000228881836,12.760000228881836,116648739,yfinance,False
2020-02-20,12.899999618530273,12.899999618530273,13.039999961853027,12.800000190734863,13.0,96554307,yfinance,False
2020-02-21,12.720000267028809,12.720000267028809,12.920000076293945,12.699999809265137,12.880000114440918,118516742,yfinance,False
2020-02-24,12.319999694824219,12.319999694824219,12.600000381469727,12.079999923706055,12.5600004196167,230243439,yfinance,False
2020-02-25,12.640000343322754,12.640000343322754,12.720000267028809,12.0600004196167,12.0600004196167,243238089,yfinance,False
2020-02-26,12.460000038146973,12.460000038146973,12.640000343322754,12.34000015258789,12.359999656677246,125562888,yfinance,False
2020-02-27,12.899999618530273,12.899999618530273,13.0,12.420000076293945,12.420000076293945,144988949,yfinance,False
2020-02-28,12.5600004196167,12.5600004196167,12.779999732971191,12.199999809265137,12.460000038146973,424688661,yfinance,False
2020-03-02,12.9399995803833,12.9399995803833,13.039999961853027,12.34000015258789,12.5600004196167,253741171,yfinance,False
2020-03-03,12.779999732971191,12.779999732971191,13.399999618530273,12.720000267028809,13.260000228881836,170657961,yfinance,False
2020-03-04,12.9399995803833,12.9399995803833,12.960000038146973,12.5,12.880000114440918,127184705,yfinance,False
2020-03-05,13.100000381469727,13.100000381469727,13.260000228881836,12.960000038146973,13.100000381469727,152699836,yfinance,False
2020-03-06,12.979999542236328,12.979999542236328,13.119999885559082,12.899999618530273,12.899999618530273,101256776,yfinance,False
2020-03-09,12.0600004196167,12.0600004196167,12.65999984741211,11.979999542236328,12.479999542236328,250250033,yfinance,False
2020-03-10,12.039999961853027,12.039999961853027,12.300000190734863,11.579999923706055,12.199999809265137,242481215,yfinance,False
2020-03-11,11.720000267028809,11.720000267028809,12.15999984741211,11.539999961853027,12.0,193249385,yfinance,False
2020-03-12,11.100000381469727,11.100000381469727,11.399999618530273,11.0,11.399999618530273,286469022,yfinance,False
2020-03-13,10.979999542236328,10.979999542236328,11.140000343322754,10.100000381469727,10.100000381469727,291997257,yfinance,False
2020-03-16,10.199999809265137,10.199999809265137,10.880000114440918,10.020000457763672,10.800000190734863,253320633,yfinance,False
2020-03-17,10.140000343322754,10.140000343322754,10.460000038146973,9.779999732971191,10.15999984741211,223426011,yfinance,False
2020-03-18,9.710000038146973,9.710000038146973,10.4399995803833,9.600000381469727,10.15999984741211,191627233,yfinance,False
2020-03-19,9.529999732971191,9.529999732971191,9.899999618530273,9.199999809265137,9.850000381469727,230414773,yfinance,False
2020-03-20,10.15999984741211,10.15999984741211,10.220000267028809,9.800000190734863,9.819999694824219,278485618,yfinance,False
2020-03-23,9.5,9.5,9.8100004196167,9.430000305175781,9.65999984741211,186372645,yfinance,False
2020-03-24,10.0,10.0,10.15999984741211,9.779999732971191,9.819999694824219,182860440,yfinance,False
2020-03-25,10.34000015258789,10.34000015258789,10.5,10.100000381469727,10.460000038146973,190150223,yfinance,False
2020-03-26,10.239999771118164,10.239999771118164,10.4399995803833,10.140000343322754,10.34000015258789,137555970,yfinance,False
2020-03-27,10.199999809265137,10.199999809265137,10.579999923706055,10.140000343322754,10.5,117460011,yfinance,False
2020-03-30,10.0600004196167,10.0600004196167,10.279999732971191,9.899999618530273,9.930000305175781,105212599,yfinance,False
2020-03-31,10.4399995803833,10.4399995803833,10.5,10.220000267028809,10.319999694824219,117140723,yfinance,False
2020-04-01,10.199999809265137,10.199999809265137,10.619999885559082,10.020000457763672,10.380000114440918,158593942,yfinance,False
2020-04-02,10.380000114440918,10.380000114440918,10.420000076293945,10.039999961853027,10.140000343322754,80611901,yfinance,False
2020-04-03,10.260000228881836,10.260000228881836,10.420000076293945,10.15999984741211,10.399999618530273,73152317,yfinance,False
2020-04-06,10.5,10.5,10.579999923706055,10.15999984741211,10.460000038146973,90857989,yfinance,False
2020-04-07,10.479999542236328,10.479999542236328,10.739999771118164,10.119999885559082,10.600000381469727,191342565,yfinance,False
2020-04-08,10.180000305175781,10.180000305175781,10.359999656677246,10.039999961853027,10.300000190734863,186014314,yfinance,False
2020-04-09,10.140000343322754,10.140000343322754,10.279999732971191,10.0600004196167,10.220000267028809,132537620,yfinance,False
2020-04-14,10.180000305175781,10.180000305175781,10.220000267028809,9.9399995803833,10.199999809265137,174767316,yfinance,False
2020-04-15,10.479999542236328,10.479999542236328,10.800000190734863,10.239999771118164,10.300000190734863,284993347,yfinance,False
2020-04-16,10.420000076293945,10.420000076293945,10.520000457763672,10.279999732971191,10.479999542236328,121821624,yfinance,False
2020-04-17,10.399999618530273,10.399999618530273,10.680000305175781,10.319999694824219,10.579999923706055,134524610,yfinance,False
2020-04-20,10.34000015258789,10.34000015258789,10.5,10.239999771118164,10.479999542236328,69463703,yfinance,False
2020-04-21,10.039999961853027,10.039999961853027,10.319999694824219,9.960000038146973,10.260000228881836,142941791,yfinance,False
2020-04-22,10.119999885559082,10.119999885559082,10.119999885559082,9.829999923706055,9.899999618530273,80169011,yfinance,False
2020-04-23,10.15999984741211,10.15999984741211,10.319999694824219,10.079999923706055,10.279999732971191,101151620,yfinance,False
2020-04-24,10.0,10.0,10.199999809265137,10.0,10.199999809265137,93821990,yfinance,False
2020-04-27,10.079999923706055,10.079999923706055,10.239999771118164,10.039999961853027,10.039999961853027,85644939,yfinance,False
2020-04-28,10.279999732971191,10.279999732971191,10.279999732971191,10.020000457763672,10.15999984741211,97064248,yfinance,False
2020-04-29,10.199999809265137,10.199999809265137,10.34000015258789,10.15999984741211,10.279999732971191,65114874,yfinance,False
2020-05-04,10.0,10.0,10.039999961853027,9.930000305175781,9.979999542236328,124397182,yfinance,False
2020-05-05,10.079999923706055,10.079999923706055,10.119999885559082,9.989999771118164,10.100000381469727,64447054,yfinance,False
2020-05-06,10.5,10.5,10.680000305175781,10.039999961853027,10.039999961853027,255864088,yfinance,False
2020-05-07,10.359999656677246,10.359999656677246,10.5600004196167,10.359999656677246,10.420000076293945,92024565,yfinance,False
2020-05-08,11.199999809265137,11.199999809265137,11.479999542236328,10.479999542236328,10.5,364071268,yfinance,False
2020-05-11,11.5,11.5,11.84000015258789,11.359999656677246,11.5,219091895,yfinance,False
2020-05-12,11.640000343322754,11.640000343322754,11.880000114440918,11.399999618530273,11.460000038146973,157421270,yfinance,False
2020-05-13,11.819999694824219,11.819999694824219,11.899999618530273,11.5,11.640000343322754,160605331,yfinance,False
2020-05-14,11.960000038146973,11.960000038146973,12.0,11.720000267028809,11.760000228881836,170791073,yfinance,False
2020-05-15,11.960000038146973,11.960000038146973,12.300000190734863,11.9399995803833,12.0,151882125,yfinance,False
2020-05-18,12.039999961853027,12.039999961853027,12.4399995803833,11.619999885559082,12.4399995803833,269250656,yfinance,False
2020-05-19,12.65999984741211,12.65999984741211,12.819999694824219,12.100000381469727,12.399999618530273,280366420,yfinance,False
2020-05-20,12.800000190734863,12.800000190734863,12.920000076293945,12.5,12.680000305175781,204333223,yfinance,False
2020-05-21,12.699999809265137,12.699999809265137,13.260000228881836,12.539999961853027,12.960000038146973,410601268,yfinance,False
2020-05-22,11.859999656677246,11.859999656677246,12.5,11.800000190734863,12.5,284503395,yfinance,False
2020-05-25,12.260000228881836,12.260000228881836,12.300000190734863,11.539999961853027,11.720000267028809,168991873,yfinance,False
2020-05-26,12.420000076293945,12.420000076293945,12.680000305175781,12.359999656677246,12.460000038146973,157909237,yfinance,False
2020-05-27,12.079999923706055,12.079999923706055,12.5600004196167,11.960000038146973,12.4399995803833,137503555,yfinance,False
2020-05-28,11.819999694824219,11.819999694824219,12.079999923706055,11.5600004196167,12.0,165177477,yfinance,False
2020-05-29,12.020000457763672,12.020000457763672,12.100000381469727,11.65999984741211,11.800000190734863,140723266,yfinance,False
2020-06-01,12.140000343322754,12.140000343322754,12.34000015258789,12.0600004196167,12.199999809265137,145999483,yfinance,False
2020-06-02,12.460000038146973,12.460000038146973,12.5,11.960000038146973,12.199999809265137,176150846,yfinance,False
2020-06-03,12.760000228881836,12.760000228881836,12.979999542236328,12.539999961853027,12.539999961853027,210591824,yfinance,False
2020-06-04,12.65999984741211,12.65999984741211,13.0,12.520000457763672,13.0,138594400,yfinance,False
2020-06-05,13.020000457763672,13.020000457763672,13.0600004196167,12.5600004196167,12.5600004196167,236866754,yfinance,False
2020-06-08,12.859999656677246,12.859999656677246,13.460000038146973,12.779999732971191,13.100000381469727,279885635,yfinance,False
2020-06-09,12.979999542236328,12.979999542236328,13.300000190734863,12.9399995803833,13.020000457763672,170873349,yfinance,False
2020-06-10,13.140000343322754,13.140000343322754,13.180000305175781,12.920000076293945,13.0600004196167,95249882,yfinance,False
2020-06-11,12.819999694824219,12.819999694824219,13.300000190734863,12.779999732971191,13.15999984741211,145117405,yfinance,False
2020-06-12,12.800000190734863,12.800000190734863,12.800000190734863,12.300000190734863,12.4399995803833,147076355,yfinance,False
2020-06-15,12.460000038146973,12.460000038146973,12.84000015258789,12.34000015258789,12.65999984741211,118541153,yfinance,False
2020-06-16,12.899999618530273,12.899999618530273,12.979999542236328,12.699999809265137,12.800000190734863,115077649,yfinance,False
2020-06-17,12.5,12.5,12.899999618530273,12.380000114440918,12.899999618530273,187796953,yfinance,False
2020-06-18,12.65999984741211,12.65999984741211,12.720000267028809,12.34000015258789,12.4399995803833,127789410,yfinance,False
2020-06-19,12.899999618530273,12.899999618530273,12.899999618530273,12.5600004196167,12.5600004196167,186367112,yfinance,False
2020-06-22,12.5600004196167,12.5600004196167,12.960000038146973,12.520000457763672,12.760000228881836,113503823,yfinance,False
2020-06-23,12.720000267028809,12.720000267028809,12.739999771118164,12.399999618530273,12.600000381469727,98101256,yfinance,False
2020-06-24,13.880000114440918,13.880000114440918,13.960000038146973,12.760000228881836,12.779999732971191,541813155,yfinance,False
2020-06-26,13.319999694824219,13.319999694824219,13.960000038146973,13.319999694824219,13.720000267028809,187425152,yfinance,False
2020-06-29,13.0,13.0,13.460000038146973,12.899999618530273,13.300000190734863,176624198,yfinance,False
2020-06-30,12.84000015258789,12.84000015258789,13.079999923706055,12.640000343322754,13.0,182676073,yfinance,False
2020-07-02,13.600000381469727,13.600000381469727,13.640000343322754,12.880000114440918,12.9399995803833,224838647,yfinance,False
2020-07-03,14.260000228881836,14.260000228881836,14.420000076293945,13.239999771118164,13.640000343322754,359435930,yfinance,False
2020-07-06,14.979999542236328,14.979999542236328,15.0,14.300000190734863,14.4399995803833,370651597,yfinance,False
2020-07-07,14.779999732971191,14.779999732971191,15.539999961853027,14.699999809265137,15.199999809265137,365705127,yfinance,False
2020-07-08,16.100000381469727,16.100000381469727,16.100000381469727,14.880000114440918,14.880000114440918,336440245,yfinance,False
2020-07-09,16.84000015258789,16.84000015258789,16.979999542236328,16.299999237060547,16.399999618530273,408893203,yfinance,False
2020-07-10,16.8799991607666,16.8799991607666,17.5,16.420000076293945,16.84000015258789,302829638,yfinance,False
2020-07-13,17.040000915527344,17.040000915527344,17.34000015258789,16.65999984741211,17.100000381469727,192347140,yfinance,False
2020-07-14,16.420000076293945,16.420000076293945,16.719999313354492,15.800000190734863,16.700000762939453,293987121,yfinance,False
2020-07-15,16.360000610351562,16.360000610351562,16.979999542236328,15.920000076293945,16.700000762939453,211083375,yfinance,False
2020-07-16,15.079999923706055,15.079999923706055,16.360000610351562,15.039999961853027,16.31999969482422,290634851,yfinance,False
2020-07-17,15.5,15.5,15.84000015258789,15.279999732971191,15.319999694824219,155301899,yfinance,False
2020-07-20,15.819999694824219,15.819999694824219,16.0,15.119999885559082,15.699999809265137,162417931,yfinance,False
2020-07-21,16.600000381469727,16.600000381469727,16.84000015258789,16.399999618530273,16.399999618530273,199690117,yfinance,False
2020-07-22,15.640000343322754,15.640000343322754,16.760000228881836,15.640000343322754,16.420000076293945,156082490,yfinance,False
2020-07-23,15.9399995803833,15.9399995803833,16.139999389648438,15.460000038146973,15.779999732971191,181784152,yfinance,False
2020-07-24,15.100000381469727,15.100000381469727,15.760000228881836,15.0,15.460000038146973,204179763,yfinance,False
2020-07-27,14.640000343322754,14.640000343322754,15.460000038146973,14.420000076293945,15.300000190734863,174246423,yfinance,False
2020-07-28,14.859999656677246,14.859999656677246,15.119999885559082,14.65999984741211,14.899999618530273,115779167,yfinance,False
2020-07-29,14.899999618530273,14.899999618530273,15.100000381469727,14.699999809265137,14.720000267028809,92730606,yfinance,False
2020-07-30,14.760000228881836,14.760000228881836,15.279999732971191,14.760000228881836,15.0,134931632,yfinance,False
2020-07-31,14.819999694824219,14.819999694824219,15.199999809265137,14.65999984741211,15.0,93828659,yfinance,False
2020-08-03,15.020000457763672,15.020000457763672,15.260000228881836,14.579999923706055,14.9399995803833,129893003,yfinance,False
2020-08-04,15.5,15.5,15.5600004196167,14.9399995803833,15.300000190734863,185602859,yfinance,False
2020-08-05,15.579999923706055,15.579999923706055,15.65999984741211,15.220000267028809,15.600000381469727,94468870,yfinance,False
2020-08-06,15.920000076293945,15.920000076293945,15.920000076293945,15.460000038146973,15.640000343322754,140678890,yfinance,False
2020-08-07,15.4399995803833,15.4399995803833,15.920000076293945,15.0,15.899999618530273,141007404,yfinance,False
2020-08-10,15.140000343322754,15.140000343322754,15.300000190734863,15.0,15.199999809265137,82268121,yfinance,False
2020-08-11,15.020000457763672,15.020000457763672,15.380000114440918,14.859999656677246,15.279999732971191,80588390,yfinance,False
2020-08-12,15.0600004196167,15.0600004196167,15.180000305175781,14.539999961853027,15.020000457763672,132800401,yfinance,False
2020-08-13,15.199999809265137,15.199999809265137,15.479999542236328,15.140000343322754,15.260000228881836,99393377,yfinance,False
2020-08-14,15.34000015258789,15.34000015258789,15.619999885559082,15.100000381469727,15.239999771118164,97266725,yfinance,False
2020-08-17,16.200000762939453,16.200000762939453,16.65999984741211,15.819999694824219,16.1200008392334,303820941,yfinance,False
2020-08-18,17.239999771118164,17.239999771118164,17.239999771118164,16.420000076293945,16.68000030517578,326483894,yfinance,False
2020-08-19,17.81999969482422,17.81999969482422,18.34000015258789,16.799999237060547,17.200000762939453,345139291,yfinance,False
2020-08-20,18.18000030517578,18.18000030517578,18.459999084472656,17.639999389648438,18.100000381469727,274144212,yfinance,False
2020-08-21,18.15999984741211,18.15999984741211,18.6200008392334,17.84000015258789,18.399999618530273,205198036,yfinance,False
2020-08-24,18.440000534057617,18.440000534057617,18.760000228881836,18.200000762939453,18.34000015258789,193050708,yfinance,False
2020-08-25,18.1200008392334,18.1200008392334,18.6200008392334,17.860000610351562,18.5,171797942,yfinance,False
2020-08-26,19.15999984741211,19.15999984741211,19.18000030517578,18.200000762939453,18.31999969482422,381070809,yfinance,False
2020-08-27,21.350000381469727,21.350000381469727,21.75,19.8799991607666,19.959999084472656,558134375,yfinance,False
2020-08-28,22.5,22.5,23.850000381469727,21.149999618530273,21.5,608706927,yfinance,False
2020-08-31,23.5,23.5,24.299999237060547,22.700000762939453,23.350000381469727,387218776,yfinance,False
2020-09-01,25.600000381469727,25.600000381469727,25.600000381469727,23.549999237060547,23.799999237060547,385276909,yfinance,False
2020-09-02,25.700000762939453,25.700000762939453,26.950000762939453,24.700000762939453,26.600000381469727,442666626,yfinance,False
2020-09-03,23.899999618530273,23.899999618530273,25.75,23.549999237060547,25.450000762939453,399246221,yfinance,False
2020-09-04,24.5,24.5,24.950000762939453,22.0,22.149999618530273,758759875,yfinance,False
2020-09-07,24.149999618530273,24.149999618530273,25.0,23.649999618530273,24.299999237060547,443063165,yfinance,False
2020-09-08,22.399999618530273,22.399999618530273,24.700000762939453,21.799999237060547,24.5,348240834,yfinance,False
2020-09-09,22.100000381469727,22.100000381469727,22.649999618530273,20.950000762939453,21.799999237060547,253198719,yfinance,False
2020-09-10,22.450000762939453,22.450000762939453,23.299999237060547,22.299999237060547,22.5,160519149,yfinance,False
2020-09-11,23.25,23.25,23.350000381469727,22.299999237060547,22.649999618530273,162214747,yfinance,False
2020-09-14,23.549999237060547,23.549999237060547,23.950000762939453,22.850000381469727,23.450000762939453,130446043,yfinance,False
2020-09-15,22.350000381469727,22.350000381469727,22.850000381469727,22.100000381469727,22.5,644588425,yfinance,False
2020-09-16,22.75,22.75,22.850000381469727,22.25,22.450000762939453,134731396,yfinance,False
2020-09-17,21.299999237060547,21.299999237060547,22.649999618530273,21.200000762939453,22.549999237060547,231538441,yfinance,False
2020-09-18,22.049999237060547,22.049999237060547,22.149999618530273,21.399999618530273,21.450000762939453,156724342,yfinance,False
2020-09-21,20.600000381469727,20.600000381469727,22.299999237060547,20.600000381469727,22.200000762939453,187317195,yfinance,False
2020-09-22,20.450000762939453,20.450000762939453,21.25,20.299999237060547,20.649999618530273,129288851,yfinance,False
2020-09-23,20.850000381469727,20.850000381469727,21.100000381469727,20.450000762939453,20.649999618530273,101052347,yfinance,False
2020-09-24,19.84000015258789,19.84000015258789,20.549999237060547,19.799999237060547,20.549999237060547,170832138,yfinance,False
2020-09-25,19.719999313354492,19.719999313354492,20.299999237060547,19.399999618530273,20.149999618530273,136205279,yfinance,False
2020-09-28,20.200000762939453,20.200000762939453,20.799999237060547,19.940000534057617,20.100000381469727,124411418,yfinance,False
2020-09-29,20.049999237060547,20.049999237060547,20.799999237060547,20.0,20.799999237060547,89582316,yfinance,False
2020-09-30,20.450000762939453,20.450000762939453,21.149999618530273,20.149999618530273,20.5,90010677,yfinance,False
2020-10-05,20.799999237060547,20.799999237060547,21.149999618530273,20.25,21.100000381469727,70176501,yfinance,False
2020-10-06,21.399999618530273,21.399999618530273,21.700000762939453,20.950000762939453,21.049999237060547,100924903,yfinance,False
2020-10-07,21.700000762939453,21.700000762939453,21.799999237060547,20.899999618530273,21.399999618530273,79640419,yfinance,False
2020-10-08,20.850000381469727,20.850000381469727,21.600000381469727,20.299999237060547,21.5,194565470,yfinance,False
2020-10-09,20.950000762939453,20.950000762939453,21.450000762939453,20.850000381469727,21.299999237060547,115791835,yfinance,False
2020-10-12,22.700000762939453,22.700000762939453,22.75,21.0,21.0,242412550,yfinance,False
2020-10-14,23.25,23.25,23.25,22.149999618530273,22.899999618530273,209878991,yfinance,False
2020-10-15,22.450000762939453,22.450000762939453,23.549999237060547,22.299999237060547,23.0,142249601,yfinance,False
2020-10-16,23.149999618530273,23.149999618530273,23.5,22.600000381469727,22.649999618530273,130955995,yfinance,False
2020-10-19,22.200000762939453,22.200000762939453,23.899999618530273,22.149999618530273,23.5,151731427,yfinance,False
2020-10-20,22.200000762939453,22.200000762939453,22.649999618530273,21.75,22.100000381469727,92835745,yfinance,False
2020-10-21,22.399999618530273,22.399999618530273,22.950000762939453,22.399999618530273,22.75,97681450,yfinance,False
2020-10-22,22.350000381469727,22.350000381469727,22.700000762939453,21.850000381469727,22.350000381469727,77702113,yfinance,False
2020-10-23,21.850000381469727,21.850000381469727,22.549999237060547,21.549999237060547,22.350000381469727,89578040,yfinance,False
2020-10-27,21.100000381469727,21.100000381469727,21.799999237060547,21.0,21.25,135274965,yfinance,False
2020-10-28,21.399999618530273,21.399999618530273,21.950000762939453,20.950000762939453,21.200000762939453,121067243,yfinance,False
2020-10-29,21.799999237060547,21.799999237060547,22.200000762939453,20.75,20.950000762939453,121019750,yfinance,False
2020-10-30,22.0,22.0,23.100000381469727,21.899999618530273,22.299999237060547,257486304,yfinance,False
2020-11-02,22.100000381469727,22.100000381469727,22.5,21.450000762939453,22.200000762939453,139921666,yfinance,False
2020-11-03,22.200000762939453,22.200000762939453,23.0,22.200000762939453,22.399999618530273,136541260,yfinance,False
2020-11-04,23.950000762939453,23.950000762939453,24.450000762939453,21.899999618530273,22.200000762939453,373003396,yfinance,False
2020-11-05,24.25,24.25,24.950000762939453,23.549999237060547,24.700000762939453,252325220,yfinance,False
2020-11-06,25.100000381469727,25.100000381469727,25.450000762939453,24.0,24.399999618530273,255179544,yfinance,False
2020-11-09,25.549999237060547,25.549999237060547,26.700000762939453,25.299999237060547,25.700000762939453,279888410,yfinance,False
2020-11-10,24.450000762939453,24.450000762939453,25.299999237060547,23.799999237060547,25.200000762939453,226936331,yfinance,False
2020-11-11,22.450000762939453,22.450000762939453,24.350000381469727,22.299999237060547,23.899999618530273,253065768,yfinance,False
2020-11-12,23.25,23.25,24.0,22.950000762939453,23.25,140980555,yfinance,False
2020-11-13,24.25,24.25,24.700000762939453,23.149999618530273,23.299999237060547,167273056,yfinance,False
2020-11-16,25.200000762939453,25.200000762939453,25.25,24.450000762939453,24.75,146391550,yfinance,False
2020-11-17,24.100000381469727,24.100000381469727,25.149999618530273,23.649999618530273,25.149999618530273,170353185,yfinance,False
2020-11-18,24.0,24.0,24.600000381469727,23.649999618530273,24.299999237060547,109546725,yfinance,False
2020-11-19,25.200000762939453,25.200000762939453,25.399999618530273,23.450000762939453,23.700000762939453,204024563,yfinance,False
2020-11-20,25.549999237060547,25.549999237060547,26.149999618530273,25.100000381469727,25.25,218433915,yfinance,False
2020-11-23,27.600000381469727,27.600000381469727,27.799999237060547,25.899999618530273,26.0,359170323,yfinance,False
2020-11-24,27.149999618530273,27.149999618530273,28.399999618530273,26.450000762939453,28.399999618530273,286879879,yfinance,False
2020-11-25,26.149999618530273,26.149999618530273,27.600000381469727,25.700000762939453,26.5,325589500,yfinance,False
2020-11-26,26.600000381469727,26.600000381469727,26.950000762939453,25.850000381469727,26.200000762939453,143327836,yfinance,False
2020-11-27,26.049999237060547,26.049999237060547,26.700000762939453,25.899999618530273,26.600000381469727,120578792,yfinance,False
2020-11-30,26.5,26.5,26.899999618530273,25.299999237060547,26.0,247554834,yfinance,False
2020-12-01,26.149999618530273,26.149999618530273,26.799999237060547,25.799999237060547,26.75,127771101,yfinance,False
2020-12-02,24.299999237060547,24.299999237060547,24.799999237060547,23.100000381469727,23.75,1575804048,yfinance,False
2020-12-03,25.299999237060547,25.299999237060547,25.5,24.450000762939453,24.649999618530273,269780521,yfinance,False
2020-12-04,25.350000381469727,25.350000381469727,25.799999237060547,24.75,25.350000381469727,170605853,yfinance,False
2020-12-07,25.149999618530273,25.149999618530273,25.799999237060547,24.799999237060547,25.649999618530273,134779278,yfinance,False
2020-12-08,26.350000381469727,26.350000381469727,27.0,24.899999618530273,25.25,248170361,yfinance,False
2020-12-09,27.5,27.5,28.100000381469727,26.649999618530273,26.700000762939453,286080978,yfinance,False
2020-12-10,27.600000381469727,27.600000381469727,28.200000762939453,27.100000381469727,27.299999237060547,191064477,yfinance,False
2020-12-11,27.549999237060547,27.549999237060547,28.799999237060547,27.399999618530273,28.0,195337517,yfinance,False
2020-12-14,29.200000762939453,29.200000762939453,29.5,27.700000762939453,27.799999237060547,301184845,yfinance,False
2020-12-15,29.549999237060547,29.549999237060547,29.950000762939453,28.5,29.299999237060547,334331010,yfinance,False
2020-12-16,29.299999237060547,29.299999237060547,29.950000762939453,28.75,29.950000762939453,163932407,yfinance,False
2020-12-17,29.299999237060547,29.299999237060547,29.700000762939453,29.0,29.450000762939453,102151448,yfinance,False
2020-12-18,28.799999237060547,28.799999237060547,29.600000381469727,28.549999237060547,29.399999618530273,142523324,yfinance,False
2020-12-21,29.299999237060547,29.299999237060547,30.299999237060547,28.549999237060547,28.799999237060547,260104439,yfinance,False
2020-12-22,29.649999618530273,29.649999618530273,30.100000381469727,29.299999237060547,29.450000762939453,142023721,yfinance,False
2020-12-23,31.899999618530273,31.899999618530273,32.349998474121094,29.649999618530273,29.700000762939453,331964181,yfinance,False
2020-12-24,32.45000076293945,32.45000076293945,32.45000076293945,32.45000076293945,32.45000076293945,0,yfinance,False
2020-12-28,31.149999618530273,31.149999618530273,33.75,30.899999618530273,32.70000076293945,306895516,yfinance,False
2020-12-29,32.79999923706055,32.79999923706055,33.20000076293945,31.799999237060547,32.099998474121094,192339645,yfinance,False
2020-12-30,32.95000076293945,32.95000076293945,33.29999923706055,32.29999923706055,32.75,152925324,yfinance,False
2020-12-31,33.04999923706055,33.04999923706055,33.04999923706055,33.04999923706055,33.04999923706055,0,yfinance,False
2021-01-04,35.25,35.25,35.400001525878906,33.25,33.599998474121094,231688252,yfinance,False
2021-01-05,35.29999923706055,35.29999923706055,35.900001525878906,34.349998474121094,35.20000076293945,172278597,yfinance,False
2021-01-06,33.900001525878906,33.900001525878906,35.70000076293945,32.79999923706055,35.70000076293945,331793083,yfinance,False
2021-01-07,32.0,32.0,34.150001525878906,31.350000381469727,34.04999923706055,342464287,yfinance,False
2021-01-08,31.950000762939453,31.950000762939453,33.400001525878906,31.549999237060547,32.29999923706055,228942527,yfinance,False
2021-01-11,32.04999923706055,32.04999923706055,33.0,31.649999618530273,32.75,170990419,yfinance,False
2021-01-12,33.45000076293945,33.45000076293945,33.75,32.25,32.5,173462421,yfinance,False
2021-01-13,33.0,33.0,34.0,32.400001525878906,33.54999923706055,120265263,yfinance,False
2021-01-14,32.650001525878906,32.650001525878906,33.650001525878906,32.29999923706055,33.29999923706055,122585978,yfinance,False
2021-01-15,29.299999237060547,29.299999237060547,30.5,28.200000762939453,29.0,1149252510,yfinance,False
2021-01-18,29.899999618530273,29.899999618530273,30.450000762939453,28.5,29.0,526128762,yfinance,False
2021-01-19,31.399999618530273,31.399999618530273,32.5,30.450000762939453,30.5,471392879,yfinance,False
2021-01-20,31.950000762939453,31.950000762939453,32.20000076293945,31.0,31.399999618530273,271137215,yfinance,False
2021-01-21,30.950000762939453,30.950000762939453,31.899999618530273,30.799999237060547,31.5,268890146,yfinance,False
2021-01-22,29.799999237060547,29.799999237060547,31.049999237060547,29.450000762939453,30.700000762939453,302774167,yfinance,False
2021-01-25,30.549999237060547,30.549999237060547,31.0,29.149999618530273,29.450000762939453,283539692,yfinance,False
2021-01-26,30.399999618530273,30.399999618530273,31.549999237060547,29.799999237060547,30.25,211705489,yfinance,False
2021-01-27,29.549999237060547,29.549999237060547,31.25,29.549999237060547,30.649999618530273,208378417,yfinance,False
2021-01-28,29.299999237060547,29.299999237060547,30.399999618530273,29.0,29.100000381469727,223678673,yfinance,False
2021-01-29,29.200000762939453,29.200000762939453,30.700000762939453,29.200000762939453,30.0,171151880,yfinance,False
2021-02-01,29.799999237060547,29.799999237060547,30.100000381469727,29.200000762939453,29.75,164273096,yfinance,False
2021-02-02,29.700000762939453,29.700000762939453,31.0,29.600000381469727,30.5,231036552,yfinance,False
2021-02-03,28.950000762939453,28.950000762939453,29.950000762939453,28.700000762939453,29.799999237060547,229071847,yfinance,False
2021-02-04,27.549999237060547,27.549999237060547,28.75,26.399999618530273,28.5,450856235,yfinance,False
2021-02-05,27.200000762939453,27.200000762939453,28.0,26.100000381469727,27.600000381469727,325320058,yfinance,False
2021-02-08,27.149999618530273,27.149999618530273,28.0,26.700000762939453,27.049999237060547,169848518,yfinance,False
2021-02-09,27.299999237060547,27.299999237060547,27.700000762939453,27.049999237060547,27.25,94000947,yfinance,False
2021-02-10,27.450000762939453,27.450000762939453,27.899999618530273,27.200000762939453,27.799999237060547,136094058,yfinance,False
2021-02-11,28.0,28.0,28.0,28.0,28.0,0,yfinance,False
2021-02-16,29.549999237060547,29.549999237060547,29.700000762939453,28.399999618530273,28.450000762939453,191211054,yfinance,False
2021-02-17,29.5,29.5,29.799999237060547,29.049999237060547,29.25,110310959,yfinance,False
2021-02-18,28.799999237060547,28.799999237060547,30.149999618530273,28.600000381469727,29.850000381469727,212077811,yfinance,False
2021-02-19,30.649999618530273,30.649999618530273,32.29999923706055,27.5,28.799999237060547,450838518,yfinance,False
2021-02-22,29.0,29.0,31.299999237060547,28.700000762939453,31.200000762939453,409368473,yfinance,False
2021-02-23,28.100000381469727,28.100000381469727,28.649999618530273,27.899999618530273,28.149999618530273,209412749,yfinance,False
2021-02-24,26.850000381469727,26.850000381469727,28.75,26.200000762939453,28.200000762939453,330953224,yfinance,False
2021-02-25,26.850000381469727,26.850000381469727,27.549999237060547,26.5,27.399999618530273,182489646,yfinance,False
2021-02-26,25.299999237060547,25.299999237060547,26.25,25.149999618530273,25.950000762939453,331792380,yfinance,False
2021-03-01,25.799999237060547,25.799999237060547,26.299999237060547,25.700000762939453,25.700000762939453,133323246,yfinance,False
2021-03-02,26.049999237060547,26.049999237060547,27.0,25.899999618530273,26.200000762939453,176144747,yfinance,False
2021-03-03,26.450000762939453,26.450000762939453,26.850000381469727,25.850000381469727,26.350000381469727,112931947,yfinance,False
2021-03-04,25.399999618530273,25.399999618530273,26.049999237060547,25.25,25.850000381469727,155679812,yfinance,False
2021-03-05,24.450000762939453,24.450000762939453,25.299999237060547,23.700000762939453,24.5,290025969,yfinance,False
2021-03-08,22.350000381469727,22.350000381469727,24.200000762939453,22.100000381469727,23.899999618530273,457667695,yfinance,False
2021-03-09,21.950000762939453,21.950000762939453,22.850000381469727,20.649999618530273,21.799999237060547,436307145,yfinance,False
2021-03-10,21.799999237060547,21.799999237060547,22.799999237060547,21.600000381469727,22.75,246891368,yfinance,False
2021-03-11,21.850000381469727,21.850000381469727,22.649999618530273,21.25,21.5,730428783,yfinance,False
2021-03-12,22.75,22.75,24.0,22.75,22.899999618530273,609797203,yfinance,False
2021-03-15,24.350000381469727,24.350000381469727,25.5,24.049999237060547,24.75,545252452,yfinance,False
2021-03-16,26.299999237060547,26.299999237060547,26.450000762939453,25.200000762939453,25.299999237060547,373784725,yfinance,False
2021-03-17,26.25,26.25,26.899999618530273,25.649999618530273,26.350000381469727,179388497,yfinance,False
2021-03-18,26.200000762939453,26.200000762939453,27.049999237060547,26.149999618530273,26.75,152415537,yfinance,False
2021-03-19,26.25,26.25,27.100000381469727,25.549999237060547,25.799999237060547,237278094,yfinance,False
2021-03-22,26.75,26.75,27.350000381469727,26.399999618530273,26.75,181925146,yfinance,False
2021-03-23,25.649999618530273,25.649999618530273,27.0,25.25,27.0,205953838,yfinance,False
2021-03-24,25.0,25.0,25.950000762939453,24.5,25.75,186422284,yfinance,False
2021-03-25,23.899999618530273,23.899999618530273,24.350000381469727,22.799999237060547,23.850000381469727,267084087,yfinance,False
2021-03-26,25.399999618530273,25.399999618530273,26.149999618530273,24.100000381469727,24.200000762939453,329482838,yfinance,False
2021-03-29,25.049999237060547,25.049999237060547,25.899999618530273,24.899999618530273,25.450000762939453,179420095,yfinance,False
2021-03-30,25.600000381469727,25.600000381469727,25.649999618530273,24.850000381469727,25.5,161314876,yfinance,False
2021-03-31,25.75,25.75,27.149999618530273,25.450000762939453,26.25,383276821,yfinance,False
2021-04-01,26.450000762939453,26.450000762939453,26.549999237060547,25.899999618530273,26.299999237060547,204188863,yfinance,False
2021-04-07,26.299999237060547,26.299999237060547,27.0,26.200000762939453,27.0,174989490,yfinance,False
2021-04-08,26.200000762939453,26.200000762939453,26.649999618530273,25.950000762939453,26.200000762939453,102743805,yfinance,False
2021-04-09,25.700000762939453,25.700000762939453,26.5,25.350000381469727,26.100000381469727,114867435,yfinance,False
2021-04-12,24.950000762939453,24.950000762939453,25.799999237060547,24.700000762939453,25.799999237060547,144134548,yfinance,False
2021-04-13,24.899999618530273,24.899999618530273,25.200000762939453,24.5,25.0,104209224,yfinance,False
2021-04-14,25.399999618530273,25.399999618530273,25.799999237060547,25.149999618530273,25.450000762939453,97506756,yfinance,False
2021-04-15,25.549999237060547,25.549999237060547,25.649999618530273,24.75,25.450000762939453,96914514,yfinance,False
2021-04-16,26.049999237060547,26.049999237060547,26.149999618530273,25.399999618530273,25.549999237060547,124584923,yfinance,False
2021-04-19,26.600000381469727,26.600000381469727,26.75,25.649999618530273,26.0,151579714,yfinance,False
2021-04-20,26.799999237060547,26.799999237060547,27.200000762939453,26.200000762939453,26.399999618530273,131890095,yfinance,False
2021-04-21,26.450000762939453,26.450000762939453,26.649999618530273,25.850000381469727,26.399999618530273,126241587,yfinance,False
2021-04-22,26.450000762939453,26.450000762939453,26.950000762939453,26.450000762939453,26.549999237060547,89145975,yfinance,False
2021-04-23,27.049999237060547,27.049999237060547,27.25,26.299999237060547,26.450000762939453,129756591,yfinance,False
2021-04-26,26.399999618530273,26.399999618530273,27.450000762939453,26.149999618530273,27.299999237060547,134175862,yfinance,False
2021-04-27,26.299999237060547,26.299999237060547,26.75,26.100000381469727,26.299999237060547,73738196,yfinance,False
2021-04-28,25.299999237060547,25.299999237060547,26.25,24.600000381469727,26.149999618530273,321329487,yfinance,False
2021-04-29,25.149999618530273,25.149999618530273,25.5,24.899999618530273,25.399999618530273,72008399,yfinance,False
2021-04-30,24.600000381469727,24.600000381469727,25.049999237060547,24.600000381469727,25.0,70539718,yfinance,False
2021-05-03,24.450000762939453,24.450000762939453,24.75,24.149999618530273,24.600000381469727,38977642,yfinance,False
2021-05-04,24.799999237060547,24.799999237060547,25.0,24.399999618530273,24.450000762939453,46145528,yfinance,False
2021-05-05,24.700000762939453,24.700000762939453,25.299999237060547,24.5,24.5,45770483,yfinance,False
2021-05-06,25.5,25.5,25.950000762939453,24.950000762939453,25.0,160168161,yfinance,False
2021-05-07,25.25,25.25,26.049999237060547,25.100000381469727,25.5,119844434,yfinance,False
2021-05-10,25.200000762939453,25.200000762939453,26.0,24.850000381469727,25.549999237060547,140084552,yfinance,False
2021-05-11,24.600000381469727,24.600000381469727,24.899999618530273,24.049999237060547,24.899999618530273,159554062,yfinance,False
2021-05-12,26.100000381469727,26.100000381469727,26.299999237060547,24.649999618530273,25.450000762939453,276344321,yfinance,False
2021-05-13,25.350000381469727,25.350000381469727,26.200000762939453,25.200000762939453,25.799999237060547,126572712,yfinance,False
2021-05-14,25.850000381469727,25.850000381469727,26.350000381469727,25.049999237060547,25.399999618530273,142681405,yfinance,False
2021-05-17,26.149999618530273,26.149999618530273,26.5,25.850000381469727,25.899999618530273,107630535,yfinance,False
2021-05-18,26.600000381469727,26.600000381469727,26.600000381469727,26.0,26.450000762939453,82830919,yfinance,False
2021-05-20,27.350000381469727,27.350000381469727,27.450000762939453,26.100000381469727,26.100000381469727,199941007,yfinance,False
2021-05-21,27.450000762939453,27.450000762939453,28.149999618530273,27.25,27.600000381469727,129796611,yfinance,False
2021-05-24,26.649999618530273,26.649999618530273,27.350000381469727,26.350000381469727,27.350000381469727,120252248,yfinance,False
2021-05-25,27.75,27.75,28.0,27.049999237060547,27.299999237060547,195436384,yfinance,False
2021-05-26,28.149999618530273,28.149999618530273,28.5,27.549999237060547,28.25,160860357,yfinance,False
2021-05-27,29.049999237060547,29.049999237060547,29.600000381469727,28.149999618530273,29.350000381469727,404832783,yfinance,False
2021-05-28,28.600000381469727,28.600000381469727,29.5,28.350000381469727,29.299999237060547,187041256,yfinance,False
2021-05-31,29.25,29.25,29.5,28.75,29.0,160629648,yfinance,False
2021-06-01,29.200000762939453,29.200000762939453,29.450000762939453,28.850000381469727,29.25,116974355,yfinance,False
2021-06-02,29.299999237060547,29.299999237060547,29.5,28.950000762939453,29.299999237060547,98133468,yfinance,False
2021-06-03,30.0,30.0,30.149999618530273,29.100000381469727,29.399999618530273,220582420,yfinance,False
2021-06-04,29.549999237060547,29.549999237060547,30.450000762939453,29.200000762939453,29.600000381469727,422211814,yfinance,False
2021-06-07,28.350000381469727,28.350000381469727,29.700000762939453,28.049999237060547,29.600000381469727,220251680,yfinance,False
2021-06-08,28.350000381469727,28.350000381469727,29.100000381469727,28.100000381469727,28.850000381469727,109461913,yfinance,False
2021-06-09,27.899999618530273,27.899999618530273,28.450000762939453,27.799999237060547,28.299999237060547,108039563,yfinance,False
2021-06-10,28.149999618530273,28.149999618530273,28.549999237060547,27.899999618530273,28.0,99181358,yfinance,False
2021-06-11,28.149999618530273,28.149999618530273,28.649999618530273,27.950000762939453,28.299999237060547,75428824,yfinance,False
2021-06-15,28.149999618530273,28.149999618530273,28.5,27.5,28.399999618530273,111033153,yfinance,False
2021-06-16,27.950000762939453,27.950000762939453,28.5,27.799999237060547,28.0,104032356,yfinance,False
2021-06-17,28.299999237060547,28.299999237060547,28.399999618530273,27.450000762939453,27.600000381469727,110333342,yfinance,False
2021-06-18,28.799999237060547,28.799999237060547,28.899999618530273,28.049999237060547,28.5,513694954,yfinance,False
2021-06-21,27.950000762939453,27.950000762939453,28.549999237060547,27.899999618530273,28.399999618530273,135866759,yfinance,False
2021-06-22,27.049999237060547,27.049999237060547,28.0,26.799999237060547,27.850000381469727,148167900,yfinance,False
2021-06-23,27.450000762939453,27.450000762939453,27.600000381469727,26.600000381469727,27.299999237060547,124497187,yfinance,False
2021-06-24,27.450000762939453,27.450000762939453,27.649999618530273,27.149999618530273,27.450000762939453,57165689,yfinance,False
2021-06-25,27.799999237060547,27.799999237060547,27.950000762939453,27.149999618530273,27.200000762939453,78626243,yfinance,False
2021-06-28,27.700000762939453,27.700000762939453,28.0,27.399999618530273,27.799999237060547,44527938,yfinance,False
2021-06-29,27.450000762939453,27.450000762939453,28.049999237060547,27.200000762939453,27.5,83575578,yfinance,False
2021-06-30,27.0,27.0,27.649999618530273,26.850000381469727,27.5,72207758,yfinance,False
2021-07-02,26.200000762939453,26.200000762939453,27.0,25.950000762939453,26.799999237060547,134958991,yfinance,False
2021-07-05,25.950000762939453,25.950000762939453,26.450000762939453,25.649999618530273,26.049999237060547,121292661,yfinance,False
2021-07-06,25.899999618530273,25.899999618530273,26.399999618530273,25.5,25.799999237060547,96161655,yfinance,False
2021-07-07,25.700000762939453,25.700000762939453,26.049999237060547,25.25,25.700000762939453,88986815,yfinance,False
2021-07-08,25.399999618530273,25.399999618530273,25.899999618530273,25.149999618530273,25.700000762939453,138136500,yfinance,False
2021-07-09,26.700000762939453,26.700000762939453,26.950000762939453,25.399999618530273,25.649999618530273,221079879,yfinance,False
2021-07-12,26.649999618530273,26.649999618530273,27.100000381469727,26.25,27.0,131096021,yfinance,False
2021-07-13,27.0,27.0,27.299999237060547,26.700000762939453,26.899999618530273,99135581,yfinance,False
2021-07-14,27.149999618530273,27.149999618530273,27.549999237060547,26.75,27.0,86650744,yfinance,False
2021-07-15,26.950000762939453,26.950000762939453,27.299999237060547,26.75,27.149999618530273,88003869,yfinance,False
2021-07-16,28.25,28.25,28.649999618530273,27.0,27.100000381469727,280499205,yfinance,False
2021-07-19,28.100000381469727,28.100000381469727,28.649999618530273,27.950000762939453,28.049999237060547,108165286,yfinance,False
2021-07-20,27.600000381469727,27.600000381469727,28.149999618530273,27.350000381469727,28.100000381469727,95004758,yfinance,False
2021-07-21,26.850000381469727,26.850000381469727,27.899999618530273,26.600000381469727,27.850000381469727,111358378,yfinance,False
2021-07-22,27.149999618530273,27.149999618530273,27.25,26.75,27.049999237060547,58277309,yfinance,False
2021-07-23,26.350000381469727,26.350000381469727,27.149999618530273,26.0,27.149999618530273,106111241,yfinance,False
2021-07-26,25.850000381469727,25.850000381469727,26.399999618530273,25.549999237060547,26.0,194104709,yfinance,False
2021-07-27,24.350000381469727,24.350000381469727,26.25,23.700000762939453,25.75,306904560,yfinance,False
2021-07-28,25.100000381469727,25.100000381469727,25.450000762939453,24.350000381469727,24.850000381469727,169436941,yfinance,False
2021-07-29,25.899999618530273,25.899999618530273,25.950000762939453,25.200000762939453,25.75,157458178,yfinance,False
2021-07-30,25.350000381469727,25.350000381469727,25.75,24.75,25.5,104604141,yfinance,False
2021-08-02,25.75,25.75,25.950000762939453,25.200000762939453,25.649999618530273,70368632,yfinance,False
2021-08-03,25.899999618530273,25.899999618530273,25.950000762939453,25.149999618530273,25.75,69092247,yfinance,False
2021-08-04,26.850000381469727,26.850000381469727,27.049999237060547,25.75,25.75,123916304,yfinance,False
2021-08-05,26.299999237060547,26.299999237060547,27.100000381469727,26.25,26.850000381469727,86458578,yfinance,False
2021-08-06,26.350000381469727,26.350000381469727,26.75,26.049999237060547,26.25,65959288,yfinance,False
2021-08-09,26.799999237060547,26.799999237060547,26.950000762939453,26.0,26.25,73630205,yfinance,False
2021-08-10,27.450000762939453,27.450000762939453,27.850000381469727,26.649999618530273,26.950000762939453,152767212,yfinance,False
2021-08-11,26.850000381469727,26.850000381469727,27.899999618530273,26.799999237060547,27.649999618530273,127555123,yfinance,False
2021-08-12,26.299999237060547,26.299999237060547,27.299999237060547,26.049999237060547,26.899999618530273,93897825,yfinance,False
2021-08-13,25.450000762939453,25.450000762939453,26.200000762939453,25.200000762939453,26.049999237060547,129266883,yfinance,False
2021-08-16,24.850000381469727,24.850000381469727,25.399999618530273,24.799999237060547,25.399999618530273,116215470,yfinance,False
2021-08-17,24.5,24.5,25.200000762939453,24.350000381469727,24.899999618530273,101729499,yfinance,False
2021-08-18,24.600000381469727,24.600000381469727,25.100000381469727,24.399999618530273,24.5,78821945,yfinance,False
2021-08-19,24.0,24.0,24.75,23.799999237060547,24.549999237060547,103640911,yfinance,False
2021-08-20,23.450000762939453,23.450000762939453,23.950000762939453,23.200000762939453,23.799999237060547,125975731,yfinance,False
2021-08-23,24.350000381469727,24.350000381469727,25.100000381469727,23.850000381469727,24.0,152235718,yfinance,False
2021-08-24,25.25,25.25,25.399999618530273,24.75,24.850000381469727,136660953,yfinance,False
2021-08-25,25.350000381469727,25.350000381469727,25.75,24.850000381469727,25.700000762939453,74888784,yfinance,False
2021-08-26,24.450000762939453,24.450000762939453,26.049999237060547,24.0,26.0,282351896,yfinance,False
2021-08-27,24.850000381469727,24.850000381469727,25.149999618530273,24.350000381469727,24.450000762939453,98005138,yfinance,False
2021-08-30,24.850000381469727,24.850000381469727,25.100000381469727,24.450000762939453,24.850000381469727,83860142,yfinance,False
2021-08-31,25.0,25.0,25.0,24.0,24.850000381469727,123350350,yfinance,False
2021-09-01,25.200000762939453,25.200000762939453,25.5,24.700000762939453,24.950000762939453,121661335,yfinance,False
2021-09-02,25.299999237060547,25.299999237060547,25.899999618530273,25.200000762939453,25.549999237060547,99519208,yfinance,False
2021-09-03,25.399999618530273,25.399999618530273,25.450000762939453,25.100000381469727,25.350000381469727,88035122,yfinance,False
2021-09-06,24.950000762939453,24.950000762939453,25.399999618530273,24.75,25.350000381469727,112026393,yfinance,False
2021-09-07,25.0,25.0,25.399999618530273,24.799999237060547,24.950000762939453,99513841,yfinance,False
2021-09-08,24.5,24.5,25.100000381469727,24.25,25.0,141484288,yfinance,False
2021-09-09,23.600000381469727,23.600000381469727,24.200000762939453,23.5,24.100000381469727,156630987,yfinance,False
2021-09-10,24.100000381469727,24.100000381469727,24.200000762939453,23.5,23.600000381469727,84902716,yfinance,False
2021-09-13,23.399999618530273,23.399999618530273,23.799999237060547,23.049999237060547,23.75,163521641,yfinance,False
2021-09-14,23.25,23.25,23.649999618530273,23.100000381469727,23.5,78341001,yfinance,False
2021-09-15,23.200000762939453,23.200000762939453,23.450000762939453,23.0,23.200000762939453,72833146,yfinance,False
2021-09-16,22.649999618530273,22.649999618530273,23.25,22.399999618530273,23.200000762939453,99297562,yfinance,False
2021-09-17,23.0,23.0,23.149999618530273,22.549999237060547,22.799999237060547,78903856,yfinance,False
2021-09-20,22.799999237060547,22.799999237060547,22.950000762939453,21.649999618530273,22.899999618530273,111749232,yfinance,False
2021-09-21,23.100000381469727,23.100000381469727,23.200000762939453,22.100000381469727,22.5,64864934,yfinance,False
2021-09-23,22.5,22.5,23.450000762939453,21.950000762939453,23.399999618530273,183811121,yfinance,False
2021-09-24,22.100000381469727,22.100000381469727,22.649999618530273,21.950000762939453,22.25,112602010,yfinance,False
2021-09-27,21.75,21.75,22.149999618530273,20.799999237060547,21.899999618530273,190832787,yfinance,False
2021-09-28,21.899999618530273,21.899999618530273,22.200000762939453,21.5,21.799999237060547,116485810,yfinance,False
2021-09-29,22.0,22.0,22.0,21.100000381469727,21.5,67715627,yfinance,False
2021-09-30,21.350000381469727,21.350000381469727,21.549999237060547,21.200000762939453,21.399999618530273,80371264,yfinance,False
2021-10-04,20.549999237060547,20.549999237060547,21.25,20.450000762939453,21.0,103243641,yfinance,False
2021-10-05,20.850000381469727,20.850000381469727,21.149999618530273,19.860000610351562,20.149999618530273,98201609,yfinance,False
2021-10-06,20.549999237060547,20.549999237060547,21.100000381469727,20.350000381469727,21.049999237060547,65766014,yfinance,False
2021-10-07,21.350000381469727,21.350000381469727,21.450000762939453,20.75,21.0,79755003,yfinance,False
2021-10-08,21.149999618530273,21.149999618530273,21.649999618530273,20.75,21.649999618530273,104803997,yfinance,False
2021-10-11,21.649999618530273,21.649999618530273,21.850000381469727,21.149999618530273,21.299999237060547,72014855,yfinance,False
2021-10-12,21.100000381469727,21.100000381469727,21.450000762939453,20.850000381469727,21.299999237060547,79272091,yfinance,False
2021-10-15,21.25,21.25,21.549999237060547,20.850000381469727,21.450000762939453,75344508,yfinance,False
2021-10-18,21.350000381469727,21.350000381469727,21.350000381469727,20.850000381469727,21.25,51691748,yfinance,False
2021-10-19,22.5,22.5,22.649999618530273,21.450000762939453,21.5,144193907,yfinance,False
2021-10-20,22.799999237060547,22.799999237060547,23.200000762939453,22.299999237060547,22.649999618530273,115040027,yfinance,False
2021-10-21,22.450000762939453,22.450000762939453,22.950000762939453,22.049999237060547,22.950000762939453,102052284,yfinance,False
2021-10-22,22.600000381469727,22.600000381469727,22.899999618530273,22.299999237060547,22.549999237060547,54510459,yfinance,False
2021-10-25,22.549999237060547,22.549999237060547,22.799999237060547,22.350000381469727,22.450000762939453,43235295,yfinance,False
2021-10-26,22.399999618530273,22.399999618530273,23.0,22.200000762939453,22.600000381469727,53810811,yfinance,False
2021-10-27,21.899999618530273,21.899999618530273,22.200000762939453,21.649999618530273,22.149999618530273,62247977,yfinance,False
2021-10-28,21.850000381469727,21.850000381469727,22.200000762939453,21.649999618530273,22.149999618530273,56988436,yfinance,False
2021-10-29,21.350000381469727,21.350000381469727,21.850000381469727,21.149999618530273,21.799999237060547,93571949,yfinance,False
2021-11-01,21.25,21.25,21.5,20.899999618530273,21.100000381469727,59219904,yfinance,False
2021-11-02,21.0,21.0,21.850000381469727,20.899999618530273,21.600000381469727,61162682,yfinance,False
2021-11-03,20.450000762939453,20.450000762939453,21.25,20.100000381469727,20.899999618530273,153430240,yfinance,False
2021-11-04,20.75,20.75,20.75,20.299999237060547,20.549999237060547,69581543,yfinance,False
2021-11-05,20.399999618530273,20.399999618530273,20.850000381469727,20.299999237060547,20.549999237060547,64422173,yfinance,False
2021-11-08,20.350000381469727,20.350000381469727,20.600000381469727,20.049999237060547,20.399999618530273,76288436,yfinance,False
2021-11-09,20.350000381469727,20.350000381469727,20.600000381469727,20.200000762939453,20.5,47569497,yfinance,False
2021-11-10,20.600000381469727,20.600000381469727,20.649999618530273,20.049999237060547,20.350000381469727,83863860,yfinance,False
2021-11-11,21.049999237060547,21.049999237060547,21.25,20.299999237060547,20.299999237060547,81741335,yfinance,False
2021-11-12,21.149999618530273,21.149999618530273,21.450000762939453,20.799999237060547,21.299999237060547,57035815,yfinance,False
2021-11-15,21.299999237060547,21.299999237060547,21.600000381469727,21.149999618530273,21.299999237060547,44419092,yfinance,False
2021-11-16,21.799999237060547,21.799999237060547,22.0,21.299999237060547,21.350000381469727,88859170,yfinance,False
2021-11-17,21.75,21.75,21.950000762939453,21.5,21.799999237060547,41554266,yfinance,False
2021-11-18,21.149999618530273,21.149999618530273,21.700000762939453,20.899999618530273,21.549999237060547,94304096,yfinance,False
2021-11-19,21.149999618530273,21.149999618530273,21.200000762939453,20.600000381469727,20.899999618530273,46863434,yfinance,False
2021-11-22,20.899999618530273,20.899999618530273,21.5,20.600000381469727,21.100000381469727,85143716,yfinance,False
2021-11-23,20.700000762939453,20.700000762939453,21.049999237060547,20.5,20.799999237060547,66921709,yfinance,False
2021-11-24,19.260000228881836,19.260000228881836,20.600000381469727,19.020000457763672,20.5,395151127,yfinance,False
2021-11-25,19.579999923706055,19.579999923706055,19.760000228881836,19.020000457763672,19.260000228881836,100291014,yfinance,False
2021-11-26,19.059999465942383,19.059999465942383,19.5,19.020000457763672,19.479999542236328,106126117,yfinance,False
2021-11-29,19.299999237060547,19.299999237060547,19.6200008392334,19.040000915527344,19.059999465942383,87365450,yfinance,False
2021-11-30,19.280000686645508,19.280000686645508,19.600000381469727,19.1200008392334,19.219999313354492,119311914,yfinance,False
2021-12-01,19.559999465942383,19.559999465942383,19.799999237060547,19.239999771118164,19.399999618530273,98818392,yfinance,False
2021-12-02,19.520000457763672,19.520000457763672,19.760000228881836,19.31999969482422,19.31999969482422,67596705,yfinance,False
2021-12-03,19.65999984741211,19.65999984741211,19.81999969482422,19.139999389648438,19.31999969482422,124088389,yfinance,False
2021-12-06,19.1200008392334,19.1200008392334,19.5,19.0,19.299999237060547,96454934,yfinance,False
2021-12-07,19.239999771118164,19.239999771118164,19.459999084472656,18.6200008392334,19.34000015258789,140483510,yfinance,False
2021-12-08,19.219999313354492,19.219999313354492,19.479999542236328,19.1200008392334,19.399999618530273,57459015,yfinance,False
2021-12-09,19.399999618530273,19.399999618530273,19.579999923706055,19.1200008392334,19.1200008392334,73800509,yfinance,False
2021-12-10,19.200000762939453,19.200000762939453,19.5,19.15999984741211,19.31999969482422,52784263,yfinance,False
2021-12-13,19.239999771118164,19.239999771118164,19.65999984741211,19.139999389648438,19.399999618530273,68187761,yfinance,False
2021-12-14,18.440000534057617,18.440000534057617,19.079999923706055,18.3799991607666,19.020000457763672,142698242,yfinance,False
2021-12-15,18.0,18.0,18.479999542236328,17.68000030517578,18.440000534057617,141791804,yfinance,False
2021-12-16,18.1200008392334,18.1200008392334,18.200000762939453,17.760000228881836,17.81999969482422,73226397,yfinance,False
2021-12-17,18.219999313354492,18.219999313354492,18.420000076293945,18.020000457763672,18.100000381469727,92181486,yfinance,False
2021-12-20,17.6200008392334,17.6200008392334,18.34000015258789,17.5,18.200000762939453,91893630,yfinance,False
2021-12-21,18.399999618530273,18.399999618530273,18.540000915527344,17.5,17.600000381469727,128461190,yfinance,False
2021-12-22,18.5,18.5,18.6200008392334,18.360000610351562,18.479999542236328,80064570,yfinance,False
2021-12-23,18.639999389648438,18.639999389648438,18.84000015258789,18.399999618530273,18.459999084472656,79187023,yfinance,False
2021-12-24,18.639999389648438,18.639999389648438,18.799999237060547,18.559999465942383,18.65999984741211,27867442,yfinance,False
2021-12-28,18.780000686645508,18.780000686645508,18.860000610351562,18.459999084472656,18.65999984741211,64115871,yfinance,False
2021-12-29,18.559999465942383,18.559999465942383,18.81999969482422,18.360000610351562,18.799999237060547,48064836,yfinance,False
2021-12-30,18.639999389648438,18.639999389648438,18.860000610351562,18.459999084472656,18.559999465942383,32449849,yfinance,False
2021-12-31,18.899999618530273,18.899999618530273,19.34000015258789,18.84000015258789,19.100000381469727,55703217,yfinance,False
2022-01-03,18.600000381469727,18.600000381469727,19.079999923706055,18.520000457763672,19.079999923706055,34724235,yfinance,False
2022-01-04,18.559999465942383,18.559999465942383,18.799999237060547,18.34000015258789,18.719999313354492,49159666,yfinance,False
2022-01-05,17.920000076293945,17.920000076293945,18.579999923706055,17.780000686645508,18.440000534057617,79869995,yfinance,False
2022-01-06,18.1200008392334,18.1200008392334,18.260000228881836,17.600000381469727,17.6200008392334,69464104,yfinance,False
2022-01-07,18.260000228881836,18.260000228881836,18.280000686645508,17.8799991607666,18.219999313354492,59988309,yfinance,False
2022-01-10,18.520000457763672,18.520000457763672,18.760000228881836,18.079999923706055,18.15999984741211,65618737,yfinance,False
2022-01-11,18.15999984741211,18.15999984741211,18.399999618530273,18.020000457763672,18.299999237060547,57905143,yfinance,False
2022-01-12,18.81999969482422,18.81999969482422,18.8799991607666,18.239999771118164,18.239999771118164,90999239,yfinance,False
2022-01-13,18.68000030517578,18.68000030517578,18.8799991607666,18.520000457763672,18.84000015258789,47981790,yfinance,False
2022-01-14,18.639999389648438,18.639999389648438,18.65999984741211,18.200000762939453,18.5,36008293,yfinance,False
2022-01-17,18.5,18.5,18.68000030517578,18.34000015258789,18.520000457763672,37229089,yfinance,False
2022-01-18,18.6200008392334,18.6200008392334,19.059999465942383,18.459999084472656,18.559999465942383,58685931,yfinance,False
2022-01-19,18.31999969482422,18.31999969482422,18.68000030517578,18.260000228881836,18.559999465942383,55582183,yfinance,False
2022-01-20,18.899999618530273,18.899999618530273,18.899999618530273,18.34000015258789,18.440000534057617,77311777,yfinance,False
2022-01-21,18.920000076293945,18.920000076293945,19.079999923706055,18.739999771118164,18.799999237060547,63055065,yfinance,False
2022-01-24,18.200000762939453,18.200000762939453,18.760000228881836,18.1200008392334,18.68000030517578,84491214,yfinance,False
2022-01-25,17.6200008392334,17.6200008392334,18.059999465942383,17.420000076293945,17.920000076293945,104472148,yfinance,False
2022-01-26,17.440000534057617,17.440000534057617,17.81999969482422,17.200000762939453,17.760000228881836,77648864,yfinance,False
2022-01-27,16.479999542236328,16.479999542236328,17.239999771118164,16.399999618530273,17.239999771118164,122127568,yfinance,False
2022-01-28,16.260000228881836,16.260000228881836,16.579999923706055,15.880000114440918,16.5,84049256,yfinance,False
2022-01-31,16.3799991607666,16.3799991607666,16.3799991607666,16.3799991607666,16.3799991607666,0,yfinance,False
2022-02-04,16.579999923706055,16.579999923706055,16.799999237060547,16.260000228881836,16.780000686645508,58116918,yfinance,False
2022-02-07,16.3799991607666,16.3799991607666,16.760000228881836,16.18000030517578,16.520000457763672,67416507,yfinance,False
2022-02-08,15.960000038146973,15.960000038146973,16.420000076293945,15.760000228881836,16.34000015258789,76746236,yfinance,False
2022-02-09,16.719999313354492,16.719999313354492,16.81999969482422,16.15999984741211,16.15999984741211,81663619,yfinance,False
2022-02-10,16.81999969482422,16.81999969482422,17.079999923706055,16.6200008392334,17.0,54622826,yfinance,False
2022-02-11,16.600000381469727,16.600000381469727,16.799999237060547,16.360000610351562,16.700000762939453,52652480,yfinance,False
2022-02-14,16.34000015258789,16.34000015258789,16.420000076293945,16.0,16.34000015258789,61759265,yfinance,False
2022-02-15,16.280000686645508,16.280000686645508,16.600000381469727,16.100000381469727,16.100000381469727,49003099,yfinance,False
2022-02-16,16.600000381469727,16.600000381469727,16.84000015258789,16.479999542236328,16.5,54273604,yfinance,False
2022-02-17,16.540000915527344,16.540000915527344,16.760000228881836,16.299999237060547,16.65999984741211,36337646,yfinance,False
2022-02-18,16.139999389648438,16.139999389648438,16.520000457763672,16.020000457763672,16.280000686645508,61347122,yfinance,False
2022-02-21,16.100000381469727,16.100000381469727,16.260000228881836,15.9399995803833,16.0,48069644,yfinance,False
2022-02-22,15.619999885559082,15.619999885559082,15.899999618530273,15.460000038146973,15.800000190734863,89147153,yfinance,False
2022-02-23,15.760000228881836,15.760000228881836,15.859999656677246,15.619999885559082,15.760000228881836,72254717,yfinance,False
2022-02-24,14.960000038146973,14.960000038146973,15.699999809265137,14.859999656677246,15.5,108268171,yfinance,False
2022-02-25,14.739999771118164,14.739999771118164,15.140000343322754,14.479999542236328,14.960000038146973,115352246,yfinance,False
2022-02-28,14.65999984741211,14.65999984741211,14.84000015258789,14.380000114440918,14.819999694824219,98704507,yfinance,False
2022-03-01,14.680000305175781,14.680000305175781,14.819999694824219,14.5,14.65999984741211,49086772,yfinance,False
2022-03-02,14.819999694824219,14.819999694824219,14.960000038146973,14.600000381469727,14.619999885559082,64324653,yfinance,False
2022-03-03,14.720000267028809,14.720000267028809,14.979999542236328,14.600000381469727,14.960000038146973,59181317,yfinance,False
2022-03-04,13.960000038146973,13.960000038146973,14.300000190734863,13.699999809265137,14.239999771118164,172115195,yfinance,False
2022-03-07,13.680000305175781,13.680000305175781,13.920000076293945,13.039999961853027,13.399999618530273,186408382,yfinance,False
2022-03-08,12.9399995803833,12.9399995803833,13.979999542236328,12.899999618530273,13.699999809265137,179112275,yfinance,False
2022-03-09,13.300000190734863,13.300000190734863,13.539999961853027,12.739999771118164,13.079999923706055,168374161,yfinance,False
2022-03-10,13.579999923706055,13.579999923706055,13.899999618530273,13.380000114440918,13.800000190734863,81509483,yfinance,False
2022-03-11,13.65999984741211,13.65999984741211,13.880000114440918,12.859999656677246,12.979999542236328,137860658,yfinance,False
2022-03-14,12.479999542236328,12.479999542236328,13.479999542236328,12.359999656677246,13.4399995803833,169050905,yfinance,False
2022-03-15,11.5,11.5,12.920000076293945,11.380000114440918,11.859999656677246,267858299,yfinance,False
2022-03-16,13.399999618530273,13.399999618530273,13.460000038146973,11.84000015258789,12.020000457763672,277546915,yfinance,False
2022-03-17,13.9399995803833,13.9399995803833,14.5,13.420000076293945,14.5,209742078,yfinance,False
2022-03-18,13.520000457763672,13.520000457763672,13.819999694824219,13.039999961853027,13.819999694824219,154366597,yfinance,False
2022-03-21,13.380000114440918,13.380000114440918,13.899999618530273,13.199999809265137,13.880000114440918,98820089,yfinance,False
2022-03-22,14.199999809265137,14.199999809265137,14.199999809265137,13.359999656677246,13.5,119307537,yfinance,False
2022-03-23,14.779999732971191,14.779999732971191,15.479999542236328,14.699999809265137,15.039999961853027,285555532,yfinance,False
2022-03-24,14.5,14.5,15.020000457763672,14.34000015258789,14.819999694824219,120935081,yfinance,False
2022-03-25,14.420000076293945,14.420000076293945,14.9399995803833,14.260000228881836,14.4399995803833,136345667,yfinance,False
2022-03-28,14.479999542236328,14.479999542236328,14.619999885559082,13.819999694824219,14.279999732971191,98257431,yfinance,False
2022-03-29,14.119999885559082,14.119999885559082,14.579999923706055,13.380000114440918,14.479999542236328,336743632,yfinance,False
2022-03-30,14.15999984741211,14.15999984741211,14.460000038146973,14.0,14.300000190734863,123364635,yfinance,False
2022-03-31,13.9399995803833,13.9399995803833,14.199999809265137,13.800000190734863,14.119999885559082,65658906,yfinance,False
2022-04-01,13.779999732971191,13.779999732971191,13.819999694824219,13.380000114440918,13.640000343322754,66987879,yfinance,False
2022-04-04,14.039999961853027,14.039999961853027,14.0600004196167,13.720000267028809,13.779999732971191,60839903,yfinance,False
2022-04-06,13.65999984741211,13.65999984741211,13.960000038146973,13.520000457763672,13.920000076293945,95404423,yfinance,False
2022-04-07,13.420000076293945,13.420000076293945,13.9399995803833,13.420000076293945,13.5,65456759,yfinance,False
2022-04-08,13.199999809265137,13.199999809265137,13.539999961853027,12.9399995803833,13.359999656677246,109115951,yfinance,False
2022-04-11,12.359999656677246,12.359999656677246,13.119999885559082,12.260000228881836,13.100000381469727,116988120,yfinance,False
2022-04-12,12.319999694824219,12.319999694824219,12.579999923706055,11.979999542236328,12.380000114440918,115468751,yfinance,False
2022-04-13,12.359999656677246,12.359999656677246,12.460000038146973,12.239999771118164,12.260000228881836,62393559,yfinance,False
2022-04-14,12.479999542236328,12.479999542236328,12.579999923706055,12.34000015258789,12.479999542236328,63457238,yfinance,False
2022-04-19,12.039999961853027,12.039999961853027,12.4399995803833,12.0,12.300000190734863,68449463,yfinance,False
2022-04-20,12.020000457763672,12.020000457763672,12.420000076293945,11.979999542236328,12.020000457763672,85137443,yfinance,False
2022-04-21,11.520000457763672,11.520000457763672,12.039999961853027,11.420000076293945,11.960000038146973,123909323,yfinance,False
2022-04-22,11.619999885559082,11.619999885559082,11.760000228881836,11.140000343322754,11.300000190734863,103248009,yfinance,False
2022-04-25,10.920000076293945,10.920000076293945,11.460000038146973,10.819999694824219,11.460000038146973,125362903,yfinance,False
2022-04-26,10.859999656677246,10.859999656677246,11.220000267028809,10.779999732971191,11.020000457763672,95712222,yfinance,False
2022-04-27,11.199999809265137,11.199999809265137,11.34000015258789,10.640000343322754,10.739999771118164,125659368,yfinance,False
2022-04-28,11.359999656677246,11.359999656677246,11.359999656677246,11.020000457763672,11.199999809265137,71601177,yfinance,False
2022-04-29,12.199999809265137,12.199999809265137,12.220000267028809,11.199999809265137,11.199999809265137,124067524,yfinance,False
2022-05-03,11.65999984741211,11.65999984741211,11.899999618530273,11.399999618530273,11.579999923706055,75537344,yfinance,False
2022-05-04,11.380000114440918,11.380000114440918,11.819999694824219,11.300000190734863,11.65999984741211,55584992,yfinance,False
2022-05-05,11.579999923706055,11.579999923706055,11.84000015258789,11.539999961853027,11.579999923706055,84906330,yfinance,False
2022-05-06,11.100000381469727,11.100000381469727,11.260000228881836,10.960000038146973,11.100000381469727,95199165,yfinance,False
2022-05-10,10.819999694824219,10.819999694824219,10.979999542236328,10.359999656677246,10.640000343322754,92534305,yfinance,False
2022-05-11,11.0,11.0,11.279999732971191,10.420000076293945,10.720000267028809,119990850,yfinance,False
2022-05-12,10.359999656677246,10.359999656677246,10.960000038146973,10.300000190734863,10.800000190734863,132336455,yfinance,False
2022-05-13,11.039999961853027,11.039999961853027,11.0600004196167,10.460000038146973,10.460000038146973,124732458,yfinance,False
2022-05-16,11.119999885559082,11.119999885559082,11.359999656677246,10.9399995803833,11.180000305175781,79669228,yfinance,False
2022-05-17,11.720000267028809,11.720000267028809,11.760000228881836,11.239999771118164,11.34000015258789,120318726,yfinance,False
2022-05-18,11.65999984741211,11.65999984741211,11.779999732971191,11.460000038146973,11.479999542236328,90055588,yfinance,False
2022-05-19,11.079999923706055,11.079999923706055,11.399999618530273,11.0,11.15999984741211,117817978,yfinance,False
2022-05-20,11.739999771118164,11.739999771118164,11.779999732971191,11.34000015258789,11.399999618530273,132030953,yfinance,False
2022-05-23,11.5,11.5,11.779999732971191,11.34000015258789,11.579999923706055,59939662,yfinance,False
2022-05-24,11.15999984741211,11.15999984741211,11.640000343322754,11.039999961853027,11.359999656677246,67194425,yfinance,False
2022-05-25,11.220000267028809,11.220000267028809,11.34000015258789,11.079999923706055,11.15999984741211,55449316,yfinance,False
2022-05-26,11.300000190734863,11.300000190734863,11.460000038146973,11.079999923706055,11.300000190734863,54816444,yfinance,False
2022-05-27,11.600000381469727,11.600000381469727,11.760000228881836,11.319999694824219,11.680000305175781,71705705,yfinance,False
2022-05-30,12.020000457763672,12.020000457763672,12.039999961853027,11.619999885559082,11.760000228881836,106393844,yfinance,False
2022-05-31,12.140000343322754,12.140000343322754,12.140000343322754,11.819999694824219,12.119999885559082,170918224,yfinance,False
2022-06-01,12.15999984741211,12.15999984741211,12.239999771118164,11.880000114440918,12.15999984741211,77546267,yfinance,False
2022-06-02,11.960000038146973,11.960000038146973,12.039999961853027,11.859999656677246,11.920000076293945,64232985,yfinance,False
2022-06-06,12.34000015258789,12.34000015258789,12.34000015258789,11.760000228881836,11.960000038146973,86181852,yfinance,False
2022-06-07,12.140000343322754,12.140000343322754,12.420000076293945,11.960000038146973,12.100000381469727,93985822,yfinance,False
2022-06-08,12.579999923706055,12.579999923706055,12.579999923706055,12.15999984741211,12.279999732971191,140043896,yfinance,False
2022-06-09,12.180000305175781,12.180000305175781,12.899999618530273,12.079999923706055,12.699999809265137,128184142,yfinance,False
2022-06-10,12.180000305175781,12.180000305175781,12.220000267028809,11.819999694824219,11.920000076293945,119036187,yfinance,False
2022-06-13,11.720000267028809,11.720000267028809,11.880000114440918,11.619999885559082,11.760000228881836,118851211,yfinance,False
2022-06-14,11.539999961853027,11.539999961853027,11.720000267028809,11.359999656677246,11.619999885559082,88648708,yfinance,False
2022-06-15,11.880000114440918,11.880000114440918,11.960000038146973,11.539999961853027,11.539999961853027,92454783,yfinance,False
2022-06-16,11.460000038146973,11.460000038146973,12.119999885559082,11.34000015258789,12.100000381469727,95860296,yfinance,False
2022-06-17,11.800000190734863,11.800000190734863,11.819999694824219,11.260000228881836,11.279999732971191,147218129,yfinance,False
2022-06-20,11.800000190734863,11.800000190734863,11.920000076293945,11.600000381469727,11.779999732971191,59166341,yfinance,False
2022-06-21,12.0,12.0,12.0600004196167,11.640000343322754,11.800000190734863,73853904,yfinance,False
2022-06-22,11.619999885559082,11.619999885559082,12.039999961853027,11.579999923706055,11.9399995803833,68635783,yfinance,False
2022-06-23,11.84000015258789,11.84000015258789,11.920000076293945,11.640000343322754,11.920000076293945,71262931,yfinance,False
2022-06-24,12.220000267028809,12.220000267028809,12.279999732971191,11.800000190734863,11.819999694824219,114828526,yfinance,False
2022-06-27,13.739999771118164,13.739999771118164,13.84000015258789,12.279999732971191,12.300000190734863,387697229,yfinance,False
2022-06-28,14.220000267028809,14.220000267028809,14.539999961853027,13.5600004196167,13.640000343322754,309632718,yfinance,False
2022-06-29,13.800000190734863,13.800000190734863,14.420000076293945,13.640000343322754,13.819999694824219,164915729,yfinance,False
2022-06-30,13.640000343322754,13.640000343322754,14.020000457763672,13.359999656677246,13.65999984741211,115741648,yfinance,False
2022-07-04,13.84000015258789,13.84000015258789,13.880000114440918,13.359999656677246,13.619999885559082,104120426,yfinance,False
2022-07-05,13.359999656677246,13.359999656677246,14.279999732971191,13.260000228881836,14.039999961853027,138584800,yfinance,False
2022-07-06,13.180000305175781,13.180000305175781,13.579999923706055,12.819999694824219,13.279999732971191,117743883,yfinance,False
2022-07-07,13.420000076293945,13.420000076293945,13.479999542236328,12.859999656677246,13.15999984741211,71149190,yfinance,False
2022-07-08,13.460000038146973,13.460000038146973,13.739999771118164,13.300000190734863,13.680000305175781,83286180,yfinance,False
2022-07-11,12.880000114440918,12.880000114440918,13.279999732971191,12.800000190734863,13.220000267028809,95010329,yfinance,False
2022-07-12,12.680000305175781,12.680000305175781,12.84000015258789,12.460000038146973,12.699999809265137,88799595,yfinance,False
2022-07-13,12.800000190734863,12.800000190734863,12.960000038146973,12.680000305175781,12.680000305175781,65175249,yfinance,False
2022-07-14,12.779999732971191,12.779999732971191,13.0600004196167,12.640000343322754,12.84000015258789,66892002,yfinance,False
2022-07-15,12.460000038146973,12.460000038146973,12.819999694824219,12.399999618530273,12.65999984741211,67213878,yfinance,False
2022-07-18,13.15999984741211,13.15999984741211,13.180000305175781,12.420000076293945,12.5600004196167,87456813,yfinance,False
2022-07-19,12.920000076293945,12.920000076293945,13.119999885559082,12.800000190734863,13.039999961853027,37138555,yfinance,False
2022-07-20,12.9399995803833,12.9399995803833,13.220000267028809,12.9399995803833,13.100000381469727,49077588,yfinance,False
2022-07-21,13.0,13.0,13.220000267028809,12.84000015258789,12.880000114440918,59604863,yfinance,False
2022-07-22,12.960000038146973,12.960000038146973,13.260000228881836,12.819999694824219,13.100000381469727,39406740,yfinance,False
2022-07-25,12.84000015258789,12.84000015258789,12.979999542236328,12.5600004196167,12.9399995803833,48690437,yfinance,False
2022-07-26,12.920000076293945,12.920000076293945,12.9399995803833,12.65999984741211,12.720000267028809,60121064,yfinance,False
2022-07-27,12.699999809265137,12.699999809265137,12.880000114440918,12.600000381469727,12.720000267028809,43976896,yfinance,False
2022-07-28,13.0,13.0,13.319999694824219,12.739999771118164,12.739999771118164,91834844,yfinance,False
2022-07-29,12.34000015258789,12.34000015258789,13.239999771118164,12.260000228881836,13.15999984741211,134654832,yfinance,False
2022-08-01,12.140000343322754,12.140000343322754,12.380000114440918,12.020000457763672,12.300000190734863,82352444,yfinance,False
2022-08-02,11.619999885559082,11.619999885559082,11.800000190734863,11.260000228881836,11.800000190734863,146898728,yfinance,False
2022-08-03,11.600000381469727,11.600000381469727,11.920000076293945,11.4399995803833,11.819999694824219,81892611,yfinance,False
2022-08-04,12.119999885559082,12.119999885559082,12.15999984741211,11.760000228881836,11.779999732971191,87353457,yfinance,False
2022-08-05,12.220000267028809,12.220000267028809,12.359999656677246,12.140000343322754,12.239999771118164,58162034,yfinance,False
2022-08-08,11.779999732971191,11.779999732971191,12.119999885559082,11.760000228881836,11.9399995803833,83929049,yfinance,False
2022-08-09,11.760000228881836,11.760000228881836,11.880000114440918,11.479999542236328,11.779999732971191,70361425,yfinance,False
2022-08-10,11.520000457763672,11.520000457763672,11.819999694824219,11.4399995803833,11.779999732971191,70229202,yfinance,False
2022-08-11,12.0600004196167,12.0600004196167,12.100000381469727,11.640000343322754,11.739999771118164,73512299,yfinance,False
2022-08-12,12.140000343322754,12.140000343322754,12.520000457763672,12.020000457763672,12.319999694824219,101475123,yfinance,False
2022-08-15,12.119999885559082,12.119999885559082,12.279999732971191,12.020000457763672,12.039999961853027,36953492,yfinance,False
2022-08-16,11.680000305175781,11.680000305175781,12.180000305175781,11.539999961853027,12.140000343322754,99439396,yfinance,False
2022-08-17,11.680000305175781,11.680000305175781,11.859999656677246,11.619999885559082,11.800000190734863,38650367,yfinance,False
2022-08-18,11.640000343322754,11.640000343322754,11.800000190734863,11.579999923706055,11.739999771118164,43618846,yfinance,False
2022-08-19,11.65999984741211,11.65999984741211,11.720000267028809,11.520000457763672,11.520000457763672,52921630,yfinance,False
2022-08-22,11.279999732971191,11.279999732971191,11.460000038146973,11.020000457763672,11.420000076293945,113190298,yfinance,False
2022-08-23,11.180000305175781,11.180000305175781,11.260000228881836,11.039999961853027,11.199999809265137,73873317,yfinance,False
2022-08-24,11.020000457763672,11.020000457763672,11.180000305175781,10.819999694824219,11.180000305175781,90824042,yfinance,False
2022-08-25,11.420000076293945,11.420000076293945,11.520000457763672,10.9399995803833,11.199999809265137,77119855,yfinance,False
2022-08-26,11.779999732971191,11.779999732971191,11.84000015258789,11.34000015258789,11.600000381469727,119513324,yfinance,False
2022-08-29,11.399999618530273,11.399999618530273,11.619999885559082,11.279999732971191,11.479999542236328,75681283,yfinance,False
2022-08-30,11.34000015258789,11.34000015258789,11.399999618530273,11.020000457763672,11.399999618530273,68044280,yfinance,False
2022-08-31,11.5600004196167,11.5600004196167,11.779999732971191,11.119999885559082,11.119999885559082,100516040,yfinance,False
2022-09-01,11.380000114440918,11.380000114440918,11.640000343322754,11.260000228881836,11.479999542236328,58724806,yfinance,False
2022-09-02,11.15999984741211,11.15999984741211,11.460000038146973,11.039999961853027,11.319999694824219,130714809,yfinance,False
2022-09-05,10.859999656677246,10.859999656677246,11.079999923706055,10.779999732971191,11.0600004196167,107912829,yfinance,False
2022-09-06,10.9399995803833,10.9399995803833,11.039999961853027,10.800000190734863,10.920000076293945,45679521,yfinance,False
2022-09-07,10.800000190734863,10.800000190734863,10.880000114440918,10.699999809265137,10.720000267028809,56397394,yfinance,False
2022-09-08,10.5600004196167,10.5600004196167,10.9399995803833,10.460000038146973,10.899999618530273,72248161,yfinance,False
2022-09-09,10.800000190734863,10.800000190734863,10.899999618530273,10.520000457763672,10.5600004196167,82304510,yfinance,False
2022-09-13,10.800000190734863,10.800000190734863,10.920000076293945,10.760000228881836,10.899999618530273,49031466,yfinance,False
2022-09-14,10.4399995803833,10.4399995803833,10.600000381469727,10.359999656677246,10.5600004196167,78204299,yfinance,False
2022-09-15,10.420000076293945,10.420000076293945,10.5,10.34000015258789,10.380000114440918,49082671,yfinance,False
2022-09-16,10.239999771118164,10.239999771118164,10.359999656677246,10.020000457763672,10.300000190734863,126061441,yfinance,False
2022-09-19,10.020000457763672,10.020000457763672,10.180000305175781,10.0,10.180000305175781,59972669,yfinance,False
2022-09-20,10.039999961853027,10.039999961853027,10.180000305175781,10.0,10.119999885559082,48361716,yfinance,False
2022-09-21,9.75,9.75,10.0,9.710000038146973,10.0,88313058,yfinance,False
2022-09-22,9.680000305175781,9.680000305175781,9.829999923706055,9.520000457763672,9.600000381469727,66338067,yfinance,False
2022-09-23,9.460000038146973,9.460000038146973,9.670000076293945,9.369999885559082,9.609999656677246,83389230,yfinance,False
2022-09-26,9.670000076293945,9.670000076293945,9.890000343322754,9.3100004196167,9.34000015258789,87964444,yfinance,False
2022-09-27,9.6899995803833,9.6899995803833,9.729999542236328,9.430000305175781,9.680000305175781,59800557,yfinance,False
2022-09-28,9.329999923706055,9.329999923706055,9.640000343322754,9.260000228881836,9.479999542236328,84950626,yfinance,False
2022-09-29,8.880000114440918,8.880000114440918,9.600000381469727,8.710000038146973,9.5,136984013,yfinance,False
2022-09-30,8.960000038146973,8.960000038146973,8.989999771118164,8.670000076293945,8.829999923706055,73125303,yfinance,False
2022-10-03,8.789999961853027,8.789999961853027,9.039999961853027,8.710000038146973,8.710000038146973,34713280,yfinance,False
2022-10-05,9.399999618530273,9.399999618530273,9.489999771118164,9.09000015258789,9.140000343322754,84330774,yfinance,False
2022-10-06,9.390000343322754,9.390000343322754,9.460000038146973,9.239999771118164,9.430000305175781,44029960,yfinance,False
2022-10-07,9.079999923706055,9.079999923706055,9.289999961853027,8.989999771118164,9.289999961853027,43519402,yfinance,False
2022-10-10,8.920000076293945,8.920000076293945,8.979999542236328,8.770000457763672,8.829999923706055,60424156,yfinance,False
2022-10-11,8.739999771118164,8.739999771118164,9.039999961853027,8.670000076293945,8.920000076293945,80383810,yfinance,False
2022-10-12,8.680000305175781,8.680000305175781,8.920000076293945,8.3100004196167,8.720000267028809,120062330,yfinance,False
2022-10-13,8.520000457763672,8.520000457763672,8.930000305175781,8.489999771118164,8.680000305175781,70074062,yfinance,False
2022-10-14,8.619999885559082,8.619999885559082,8.979999542236328,8.529999732971191,8.65999984741211,93032719,yfinance,False
2022-10-17,8.729999542236328,8.729999542236328,8.890000343322754,8.5,8.600000381469727,79775699,yfinance,False
2022-10-18,9.140000343322754,9.140000343322754,9.1899995803833,8.760000228881836,8.920000076293945,103845201,yfinance,False
2022-10-19,8.9399995803833,8.9399995803833,9.180000305175781,8.930000305175781,9.140000343322754,83039310,yfinance,False
2022-10-20,9.109999656677246,9.109999656677246,9.199999809265137,8.65999984741211,8.84000015258789,113527723,yfinance,False
2022-10-21,9.25,9.25,9.3100004196167,9.09000015258789,9.260000228881836,76970263,yfinance,False
2022-10-24,8.449999809265137,8.449999809265137,9.170000076293945,8.380000114440918,8.9399995803833,152588683,yfinance,False
2022-10-25,8.829999923706055,8.829999923706055,9.020000457763672,8.319999694824219,8.569999694824219,155140346,yfinance,False
2022-10-26,9.140000343322754,9.140000343322754,9.289999961853027,8.6899995803833,8.829999923706055,121354827,yfinance,False
2022-10-27,9.1899995803833,9.1899995803833,9.449999809265137,9.119999885559082,9.430000305175781,103257619,yfinance,False
2022-10-28,8.720000267028809,8.720000267028809,9.180000305175781,8.630000114440918,9.100000381469727,102862264,yfinance,False
2022-10-31,8.8100004196167,8.8100004196167,9.140000343322754,8.600000381469727,8.75,85534884,yfinance,False
2022-11-01,9.25,9.25,9.399999618530273,8.880000114440918,9.0,164245053,yfinance,False
2022-11-02,9.359999656677246,9.359999656677246,9.449999809265137,9.09000015258789,9.149999618530273,80786978,yfinance,False
2022-11-03,9.119999885559082,9.119999885559082,9.270000457763672,8.960000038146973,9.100000381469727,96957108,yfinance,False
2022-11-04,9.699999809265137,9.699999809265137,9.90999984741211,9.100000381469727,9.119999885559082,176327133,yfinance,False
2022-11-07,10.199999809265137,10.199999809265137,10.399999618530273,9.520000457763672,9.630000114440918,158975573,yfinance,False
2022-11-08,10.15999984741211,10.15999984741211,10.420000076293945,10.039999961853027,10.319999694824219,73946560,yfinance,False
2022-11-09,10.079999923706055,10.079999923706055,10.34000015258789,9.890000343322754,10.34000015258789,87401569,yfinance,False
2022-11-10,9.859999656677246,9.859999656677246,9.970000267028809,9.8100004196167,9.9399995803833,60432213,yfinance,False
2022-11-11,10.300000190734863,10.300000190734863,10.65999984741211,10.119999885559082,10.65999984741211,146595991,yfinance,False
2022-11-14,10.380000114440918,10.380000114440918,10.899999618530273,10.300000190734863,10.880000114440918,129556375,yfinance,False
2022-11-15,10.899999618530273,10.899999618530273,10.899999618530273,10.180000305175781,10.380000114440918,159443993,yfinance,False
2022-11-16,10.5600004196167,10.5600004196167,11.0,10.34000015258789,10.84000015258789,124974253,yfinance,False
2022-11-17,10.300000190734863,10.300000190734863,10.479999542236328,10.039999961853027,10.359999656677246,94151966,yfinance,False
2022-11-18,10.300000190734863,10.300000190734863,10.739999771118164,10.199999809265137,10.380000114440918,106733764,yfinance,False
2022-11-21,10.020000457763672,10.020000457763672,10.199999809265137,9.850000381469727,10.199999809265137,62784463,yfinance,False
2022-11-22,9.869999885559082,9.869999885559082,10.119999885559082,9.800000190734863,10.0,65788306,yfinance,False
2022-11-23,9.800000190734863,9.800000190734863,9.989999771118164,9.699999809265137,9.920000076293945,51032502,yfinance,False
2022-11-24,9.449999809265137,9.449999809265137,9.859999656677246,9.25,9.720000267028809,152140052,yfinance,False
2022-11-25,9.489999771118164,9.489999771118164,9.680000305175781,9.369999885559082,9.449999809265137,81638273,yfinance,False
2022-11-28,9.34000015258789,9.34000015258789,9.380000114440918,8.949999809265137,9.029999732971191,99190598,yfinance,False
2022-11-29,9.970000267028809,9.970000267028809,9.970000267028809,9.460000038146973,9.579999923706055,139822555,yfinance,False
2022-11-30,10.319999694824219,10.319999694824219,10.359999656677246,9.779999732971191,9.899999618530273,129924182,yfinance,False
2022-12-01,10.460000038146973,10.460000038146973,10.760000228881836,10.34000015258789,10.579999923706055,167597346,yfinance,False
2022-12-02,10.119999885559082,10.119999885559082,10.600000381469727,10.0600004196167,10.539999961853027,138743563,yfinance,False
2022-12-05,11.5,11.5,11.520000457763672,10.380000114440918,10.539999961853027,311486969,yfinance,False
2022-12-06,11.279999732971191,11.279999732971191,11.539999961853027,11.119999885559082,11.199999809265137,100038626,yfinance,False
2022-12-07,10.680000305175781,10.680000305175781,11.4399995803833,10.640000343322754,11.279999732971191,147439566,yfinance,False
2022-12-08,11.039999961853027,11.039999961853027,11.100000381469727,10.720000267028809,10.720000267028809,106210501,yfinance,False
2022-12-09,11.479999542236328,11.479999542236328,11.5,10.899999618530273,10.899999618530273,137851082,yfinance,False
2022-12-12,11.180000305175781,11.180000305175781,11.380000114440918,11.0600004196167,11.220000267028809,83187315,yfinance,False
2022-12-13,11.199999809265137,11.199999809265137,11.479999542236328,11.020000457763672,11.180000305175781,60866444,yfinance,False
2022-12-14,11.239999771118164,11.239999771118164,11.479999542236328,11.15999984741211,11.399999618530273,67103018,yfinance,False
2022-12-15,10.979999542236328,10.979999542236328,11.239999771118164,10.84000015258789,11.119999885559082,53888239,yfinance,False
2022-12-16,10.979999542236328,10.979999542236328,11.279999732971191,10.720000267028809,11.260000228881836,72815755,yfinance,False
2022-12-19,10.779999732971191,10.779999732971191,11.220000267028809,10.65999984741211,11.0,63254489,yfinance,False
2022-12-20,10.5600004196167,10.5600004196167,10.699999809265137,10.420000076293945,10.539999961853027,50435100,yfinance,False
2022-12-21,10.5600004196167,10.5600004196167,10.680000305175781,10.380000114440918,10.579999923706055,36889916,yfinance,False
2022-12-22,11.020000457763672,11.020000457763672,11.0600004196167,10.699999809265137,10.779999732971191,64839836,yfinance,False
2022-12-23,10.800000190734863,10.800000190734863,10.9399995803833,10.680000305175781,10.720000267028809,39314711,yfinance,False
2022-12-28,11.220000267028809,11.220000267028809,11.359999656677246,10.920000076293945,11.0600004196167,84432613,yfinance,False
2022-12-29,10.859999656677246,10.859999656677246,11.100000381469727,10.720000267028809,10.960000038146973,70917775,yfinance,False
2022-12-30,10.9399995803833,10.9399995803833,11.079999923706055,10.899999618530273,11.039999961853027,41295012,yfinance,False
2023-01-03,11.220000267028809,11.220000267028809,11.239999771118164,10.539999961853027,10.9399995803833,75716142,yfinance,False
2023-01-04,11.5,11.5,11.5,11.199999809265137,11.300000190734863,84284859,yfinance,False
2023-01-05,11.619999885559082,11.619999885559082,11.819999694824219,11.520000457763672,11.640000343322754,80383189,yfinance,False
2023-01-06,11.239999771118164,11.239999771118164,11.779999732971191,11.199999809265137,11.779999732971191,73556425,yfinance,False
2023-01-09,12.100000381469727,12.100000381469727,12.180000305175781,11.359999656677246,11.4399995803833,153533290,yfinance,False
2023-01-10,11.979999542236328,11.979999542236328,12.15999984741211,11.899999618530273,12.100000381469727,59017961,yfinance,False
2023-01-11,11.739999771118164,11.739999771118164,12.180000305175781,11.640000343322754,12.119999885559082,87323242,yfinance,False
2023-01-12,11.779999732971191,11.779999732971191,11.920000076293945,11.520000457763672,11.739999771118164,55226443,yfinance,False
2023-01-13,11.960000038146973,11.960000038146973,12.0,11.640000343322754,11.779999732971191,47427580,yfinance,False
2023-01-16,11.880000114440918,11.880000114440918,12.239999771118164,11.779999732971191,12.039999961853027,77872795,yfinance,False
2023-01-17,11.720000267028809,11.720000267028809,12.0,11.600000381469727,11.819999694824219,46066888,yfinance,False
2023-01-18,11.899999618530273,11.899999618530273,12.0,11.619999885559082,11.699999809265137,61959126,yfinance,False
2023-01-19,11.579999923706055,11.579999923706055,11.800000190734863,11.520000457763672,11.699999809265137,40628591,yfinance,False
2023-01-20,11.859999656677246,11.859999656677246,11.899999618530273,11.5600004196167,11.5600004196167,35943876,yfinance,False
2023-01-26,13.34000015258789,13.34000015258789,13.399999618530273,12.0,12.100000381469727,154903684,yfinance,False
2023-01-27,13.460000038146973,13.460000038146973,13.779999732971191,13.260000228881836,13.260000228881836,109472891,yfinance,False
2023-01-30,12.699999809265137,12.699999809265137,13.460000038146973,12.619999885559082,13.420000076293945,161324229,yfinance,False
2023-01-31,12.920000076293945,12.920000076293945,13.079999923706055,12.699999809265137,12.720000267028809,117950802,yfinance,False
2023-02-01,13.5,13.5,13.5,12.859999656677246,12.960000038146973,131222555,yfinance,False
2023-02-02,13.680000305175781,13.680000305175781,14.100000381469727,13.5600004196167,13.5600004196167,155840025,yfinance,False
2023-02-03,13.479999542236328,13.479999542236328,13.680000305175781,13.319999694824219,13.619999885559082,63211494,yfinance,False
2023-02-06,12.819999694824219,12.819999694824219,13.300000190734863,12.720000267028809,13.199999809265137,108018475,yfinance,False
2023-02-07,12.84000015258789,12.84000015258789,13.100000381469727,12.699999809265137,12.899999618530273,58909026,yfinance,False
2023-02-08,12.460000038146973,12.460000038146973,13.0600004196167,12.399999618530273,12.819999694824219,94201792,yfinance,False
2023-02-09,13.520000457763672,13.520000457763672,13.680000305175781,12.420000076293945,12.4399995803833,175278492,yfinance,False
2023-02-10,13.079999923706055,13.079999923706055,13.579999923706055,12.960000038146973,13.319999694824219,144568255,yfinance,False
2023-02-13,13.140000343322754,13.140000343322754,13.399999618530273,12.699999809265137,12.800000190734863,94004353,yfinance,False
2023-02-14,13.020000457763672,13.020000457763672,13.239999771118164,12.979999542236328,13.199999809265137,35257461,yfinance,False
2023-02-15,13.039999961853027,13.039999961853027,13.319999694824219,12.800000190734863,13.020000457763672,64885344,yfinance,False
2023-02-16,13.140000343322754,13.140000343322754,13.479999542236328,13.020000457763672,13.119999885559082,74662669,yfinance,False
2023-02-17,12.699999809265137,12.699999809265137,13.220000267028809,12.65999984741211,13.100000381469727,75713458,yfinance,False
2023-02-20,12.84000015258789,12.84000015258789,13.079999923706055,12.640000343322754,12.640000343322754,46286725,yfinance,False
2023-02-21,12.5600004196167,12.5600004196167,13.020000457763672,12.5,12.899999618530273,62268840,yfinance,False
2023-02-22,12.239999771118164,12.239999771118164,12.65999984741211,12.079999923706055,12.5600004196167,86113597,yfinance,False
2023-02-23,12.140000343322754,12.140000343322754,12.4399995803833,12.100000381469727,12.420000076293945,53332904,yfinance,False
2023-02-24,12.0,12.0,12.34000015258789,11.960000038146973,12.0600004196167,76140115,yfinance,False
2023-02-27,11.859999656677246,11.859999656677246,12.0,11.640000343322754,11.859999656677246,78381408,yfinance,False
2023-02-28,11.859999656677246,11.859999656677246,12.199999809265137,11.760000228881836,11.9399995803833,67656036,yfinance,False
2023-03-01,12.600000381469727,12.600000381469727,12.680000305175781,11.859999656677246,11.880000114440918,85423517,yfinance,False
2023-03-02,12.520000457763672,12.520000457763672,12.720000267028809,12.359999656677246,12.359999656677246,59850698,yfinance,False
2023-03-03,12.619999885559082,12.619999885559082,12.84000015258789,12.4399995803833,12.84000015258789,42967550,yfinance,False
2023-03-06,12.5,12.5,12.65999984741211,12.359999656677246,12.420000076293945,51800047,yfinance,False
2023-03-07,12.520000457763672,12.520000457763672,12.800000190734863,12.300000190734863,12.420000076293945,49693351,yfinance,False
2023-03-08,12.0,12.0,12.359999656677246,11.819999694824219,12.359999656677246,95668955,yfinance,False
2023-03-09,11.800000190734863,11.800000190734863,12.079999923706055,11.779999732971191,12.0,43262911,yfinance,False
2023-03-10,11.359999656677246,11.359999656677246,11.699999809265137,11.220000267028809,11.5600004196167,174828294,yfinance,False
2023-03-13,11.539999961853027,11.539999961853027,11.760000228881836,11.420000076293945,11.420000076293945,84770834,yfinance,False
2023-03-14,11.0,11.0,11.5,10.9399995803833,11.5,93481420,yfinance,False
2023-03-15,10.920000076293945,10.920000076293945,11.34000015258789,10.859999656677246,11.199999809265137,111444518,yfinance,False
2023-03-16,10.899999618530273,10.899999618530273,11.079999923706055,10.760000228881836,10.819999694824219,59238657,yfinance,False
2023-03-17,11.34000015258789,11.34000015258789,11.4399995803833,11.0,11.079999923706055,96516397,yfinance,False
2023-03-20,11.020000457763672,11.020000457763672,11.319999694824219,10.859999656677246,11.220000267028809,79733626,yfinance,False
2023-03-21,11.199999809265137,11.199999809265137,11.279999732971191,10.9399995803833,11.0600004196167,51454131,yfinance,False
2023-03-22,11.399999618530273,11.399999618530273,11.600000381469727,11.300000190734863,11.319999694824219,54716717,yfinance,False
2023-03-23,12.220000267028809,12.220000267028809,12.279999732971191,11.359999656677246,11.420000076293945,148255361,yfinance,False
2023-03-24,12.4399995803833,12.4399995803833,12.5600004196167,12.140000343322754,12.220000267028809,100223599,yfinance,False
2023-03-27,12.0,12.0,12.199999809265137,11.739999771118164,12.119999885559082,77946657,yfinance,False
2023-03-28,12.140000343322754,12.140000343322754,12.220000267028809,11.800000190734863,12.0,62345310,yfinance,False
2023-03-29,12.100000381469727,12.100000381469727,12.5600004196167,12.0,12.5,77274033,yfinance,False
2023-03-30,12.140000343322754,12.140000343322754,12.260000228881836,11.880000114440918,12.039999961853027,67483886,yfinance,False
2023-03-31,12.100000381469727,12.100000381469727,12.420000076293945,12.020000457763672,12.300000190734863,61240948,yfinance,False
2023-04-03,12.15999984741211,12.15999984741211,12.199999809265137,11.899999618530273,12.039999961853027,55819222,yfinance,False
2023-04-04,11.979999542236328,11.979999542236328,12.180000305175781,11.739999771118164,12.180000305175781,60026517,yfinance,False
2023-04-06,12.079999923706055,12.079999923706055,12.15999984741211,11.779999732971191,11.800000190734863,55095054,yfinance,False
2023-04-11,12.279999732971191,12.279999732971191,12.34000015258789,12.020000457763672,12.180000305175781,52108705,yfinance,False
2023-04-12,12.140000343322754,12.140000343322754,12.359999656677246,12.0600004196167,12.279999732971191,41027945,yfinance,False
2023-04-13,12.180000305175781,12.180000305175781,12.180000305175781,11.819999694824219,12.020000457763672,43513614,yfinance,False
2023-04-14,12.220000267028809,12.220000267028809,12.5,12.15999984741211,12.199999809265137,56409308,yfinance,False
2023-04-17,12.65999984741211,12.65999984741211,12.760000228881836,12.0600004196167,12.119999885559082,76153354,yfinance,False
2023-04-18,12.4399995803833,12.4399995803833,12.600000381469727,12.380000114440918,12.539999961853027,47058837,yfinance,False
2023-04-19,11.899999618530273,11.899999618530273,12.5,11.84000015258789,12.5,68144926,yfinance,False
2023-04-20,11.960000038146973,11.960000038146973,12.020000457763672,11.760000228881836,11.920000076293945,53134376,yfinance,False
2023-04-21,11.539999961853027,11.539999961853027,11.9399995803833,11.460000038146973,11.899999618530273,73509272,yfinance,False
2023-04-24,11.380000114440918,11.380000114440918,11.539999961853027,11.15999984741211,11.539999961853027,68513619,yfinance,False
2023-04-25,10.9399995803833,10.9399995803833,11.34000015258789,10.800000190734863,11.319999694824219,91436900,yfinance,False
2023-04-26,11.039999961853027,11.039999961853027,11.239999771118164,10.859999656677246,10.859999656677246,53680228,yfinance,False
2023-04-27,11.0600004196167,11.0600004196167,11.079999923706055,10.880000114440918,11.0,46155383,yfinance,False
2023-04-28,11.0600004196167,11.0600004196167,11.300000190734863,11.0,11.0600004196167,46222658,yfinance,False
2023-05-02,11.020000457763672,11.020000457763672,11.380000114440918,10.859999656677246,11.180000305175781,28750297,yfinance,False
2023-05-03,10.84000015258789,10.84000015258789,11.020000457763672,10.640000343322754,11.0,39040498,yfinance,False
2023-05-04,10.9399995803833,10.9399995803833,11.140000343322754,10.819999694824219,10.9399995803833,46929937,yfinance,False
2023-05-05,11.15999984741211,11.15999984741211,11.279999732971191,10.960000038146973,11.0,54652158,yfinance,False
2023-05-08,11.520000457763672,11.520000457763672,11.5600004196167,11.199999809265137,11.300000190734863,80207601,yfinance,False
2023-05-09,11.319999694824219,11.319999694824219,11.600000381469727,11.260000228881836,11.579999923706055,50509669,yfinance,False
2023-05-10,11.300000190734863,11.300000190734863,11.399999618530273,11.15999984741211,11.300000190734863,33805521,yfinance,False
2023-05-11,11.220000267028809,11.220000267028809,11.520000457763672,11.039999961853027,11.359999656677246,44549242,yfinance,False
2023-05-12,11.020000457763672,11.020000457763672,11.220000267028809,10.979999542236328,11.199999809265137,44999422,yfinance,False
2023-05-15,11.119999885559082,11.119999885559082,11.180000305175781,10.859999656677246,10.859999656677246,46322771,yfinance,False
2023-05-16,11.220000267028809,11.220000267028809,11.319999694824219,11.100000381469727,11.199999809265137,37665723,yfinance,False
2023-05-17,10.84000015258789,10.84000015258789,11.220000267028809,10.819999694824219,11.100000381469727,35051967,yfinance,False
2023-05-18,10.979999542236328,10.979999542236328,11.260000228881836,10.899999618530273,10.899999618530273,41337058,yfinance,False
2023-05-19,10.859999656677246,10.859999656677246,11.039999961853027,10.84000015258789,10.899999618530273,36400641,yfinance,False
2023-05-22,10.960000038146973,10.960000038146973,11.15999984741211,10.84000015258789,10.859999656677246,41131393,yfinance,False
2023-05-23,10.760000228881836,10.760000228881836,11.0600004196167,10.680000305175781,10.960000038146973,57178065,yfinance,False
2023-05-24,10.399999618530273,10.399999618530273,10.699999809265137,10.380000114440918,10.699999809265137,59005592,yfinance,False
2023-05-25,10.5,10.5,10.9399995803833,10.319999694824219,10.4399995803833,128060617,yfinance,False
2023-05-29,10.479999542236328,10.479999542236328,10.739999771118164,10.399999618530273,10.539999961853027,56740130,yfinance,False
2023-05-30,10.5,10.5,10.600000381469727,10.359999656677246,10.479999542236328,53065128,yfinance,False
2023-05-31,10.34000015258789,10.34000015258789,10.4399995803833,10.140000343322754,10.380000114440918,93057851,yfinance,False
2023-06-01,10.260000228881836,10.260000228881836,10.539999961853027,10.180000305175781,10.180000305175781,61542516,yfinance,False
2023-06-02,10.739999771118164,10.739999771118164,10.819999694824219,10.34000015258789,10.34000015258789,123072680,yfinance,False
2023-06-05,10.920000076293945,10.920000076293945,10.960000038146973,10.65999984741211,10.680000305175781,52384088,yfinance,False
2023-06-06,10.859999656677246,10.859999656677246,11.0600004196167,10.739999771118164,10.920000076293945,36488457,yfinance,False
2023-06-07,11.0600004196167,11.0600004196167,11.079999923706055,10.920000076293945,10.9399995803833,43826349,yfinance,False
2023-06-08,10.880000114440918,10.880000114440918,11.079999923706055,10.720000267028809,11.039999961853027,47078257,yfinance,False
2023-06-09,10.84000015258789,10.84000015258789,10.979999542236328,10.699999809265137,10.899999618530273,45289854,yfinance,False
2023-06-12,10.65999984741211,10.65999984741211,10.84000015258789,10.539999961853027,10.819999694824219,55855012,yfinance,False
2023-06-13,10.9399995803833,10.9399995803833,11.039999961853027,10.579999923706055,10.600000381469727,70037515,yfinance,False
2023-06-14,10.859999656677246,10.859999656677246,11.039999961853027,10.800000190734863,10.899999618530273,53239286,yfinance,False
2023-06-15,11.0600004196167,11.0600004196167,11.0600004196167,10.800000190734863,11.020000457763672,69380544,yfinance,False
2023-06-16,11.079999923706055,11.079999923706055,11.199999809265137,10.899999618530273,11.100000381469727,96858038,yfinance,False
2023-06-19,10.920000076293945,10.920000076293945,11.079999923706055,10.720000267028809,11.0,62563818,yfinance,False
2023-06-20,10.600000381469727,10.600000381469727,10.880000114440918,10.5,10.880000114440918,72426672,yfinance,False
2023-06-21,10.279999732971191,10.279999732971191,10.539999961853027,10.239999771118164,10.420000076293945,75818523,yfinance,False
2023-06-23,9.989999771118164,9.989999771118164,10.260000228881836,9.859999656677246,10.199999809265137,56294874,yfinance,False
2023-06-26,10.420000076293945,10.420000076293945,10.600000381469727,10.0,10.0,111054264,yfinance,False
2023-06-27,10.600000381469727,10.600000381469727,10.779999732971191,10.460000038146973,10.5,59155194,yfinance,False
2023-06-28,10.84000015258789,10.84000015258789,10.920000076293945,10.4399995803833,10.4399995803833,67928193,yfinance,False
2023-06-29,10.859999656677246,10.859999656677246,10.899999618530273,10.760000228881836,10.800000190734863,68557766,yfinance,False
2023-06-30,10.720000267028809,10.720000267028809,10.899999618530273,10.65999984741211,10.859999656677246,52166419,yfinance,False
2023-07-03,10.979999542236328,10.979999542236328,11.0600004196167,10.760000228881836,10.760000228881836,59905978,yfinance,False
2023-07-04,11.119999885559082,11.119999885559082,11.220000267028809,10.859999656677246,10.859999656677246,60927043,yfinance,False
2023-07-05,11.119999885559082,11.119999885559082,11.180000305175781,11.020000457763672,11.039999961853027,46064834,yfinance,False
2023-07-06,11.140000343322754,11.140000343322754,11.420000076293945,11.0,11.0,82888187,yfinance,False
2023-07-07,10.800000190734863,10.800000190734863,11.100000381469727,10.800000190734863,11.0600004196167,65980986,yfinance,False
2023-07-10,10.65999984741211,10.65999984741211,11.0600004196167,10.619999885559082,11.039999961853027,55472209,yfinance,False
2023-07-11,10.880000114440918,10.880000114440918,11.0,10.739999771118164,10.779999732971191,41502779,yfinance,False
2023-07-12,11.100000381469727,11.100000381469727,11.100000381469727,10.899999618530273,10.899999618530273,50530800,yfinance,False
2023-07-13,11.539999961853027,11.539999961853027,11.5600004196167,11.119999885559082,11.199999809265137,98641098,yfinance,False
2023-07-14,11.479999542236328,11.479999542236328,11.640000343322754,11.380000114440918,11.600000381469727,64236224,yfinance,False
2023-07-18,11.199999809265137,11.199999809265137,11.4399995803833,11.140000343322754,11.399999618530273,37108329,yfinance,False
2023-07-19,11.15999984741211,11.15999984741211,11.220000267028809,10.920000076293945,10.920000076293945,38985346,yfinance,False
2023-07-20,11.0600004196167,11.0600004196167,11.380000114440918,11.039999961853027,11.300000190734863,33473401,yfinance,False
2023-07-21,11.279999732971191,11.279999732971191,11.359999656677246,11.0600004196167,11.199999809265137,37258049,yfinance,False
2023-07-24,11.020000457763672,11.020000457763672,11.15999984741211,10.9399995803833,11.020000457763672,34364229,yfinance,False
2023-07-25,11.479999542236328,11.479999542236328,11.5,11.239999771118164,11.460000038146973,68662590,yfinance,False
2023-07-26,11.399999618530273,11.399999618530273,11.479999542236328,11.319999694824219,11.4399995803833,29656225,yfinance,False
2023-07-27,12.039999961853027,12.039999961853027,12.119999885559082,11.479999542236328,11.520000457763672,143620772,yfinance,False
2023-07-28,12.180000305175781,12.180000305175781,12.220000267028809,11.859999656677246,11.920000076293945,101554772,yfinance,False
2023-07-31,12.279999732971191,12.279999732971191,12.699999809265137,12.199999809265137,12.34000015258789,120117443,yfinance,False
2023-08-01,12.15999984741211,12.15999984741211,12.5,12.039999961853027,12.4399995803833,77805242,yfinance,False
2023-08-02,11.960000038146973,11.960000038146973,12.399999618530273,11.9399995803833,12.100000381469727,63719154,yfinance,False
2023-08-03,12.0600004196167,12.0600004196167,12.239999771118164,11.920000076293945,11.960000038146973,68851250,yfinance,False
2023-08-04,12.220000267028809,12.220000267028809,12.460000038146973,12.140000343322754,12.319999694824219,58405984,yfinance,False
2023-08-07,12.319999694824219,12.319999694824219,12.359999656677246,12.039999961853027,12.15999984741211,50108937,yfinance,False
2023-08-08,12.0600004196167,12.0600004196167,12.300000190734863,12.020000457763672,12.020000457763672,57693569,yfinance,False
2023-08-09,12.140000343322754,12.140000343322754,12.180000305175781,11.920000076293945,12.020000457763672,30895968,yfinance,False
2023-08-10,12.079999923706055,12.079999923706055,12.199999809265137,11.899999618530273,12.119999885559082,35641014,yfinance,False
2023-08-11,11.859999656677246,11.859999656677246,12.180000305175781,11.819999694824219,12.180000305175781,53706668,yfinance,False
2023-08-14,11.779999732971191,11.779999732971191,11.84000015258789,11.5,11.600000381469727,53845667,yfinance,False
2023-08-15,11.859999656677246,11.859999656677246,11.979999542236328,11.65999984741211,11.65999984741211,72271125,yfinance,False
2023-08-16,11.779999732971191,11.779999732971191,12.0600004196167,11.619999885559082,11.619999885559082,56914563,yfinance,False
2023-08-17,11.960000038146973,11.960000038146973,12.100000381469727,11.579999923706055,11.600000381469727,71444851,yfinance,False
2023-08-18,11.739999771118164,11.739999771118164,12.079999923706055,11.699999809265137,11.899999618530273,62354458,yfinance,False
2023-08-21,11.319999694824219,11.319999694824219,11.65999984741211,11.279999732971191,11.640000343322754,72825809,yfinance,False
2023-08-22,11.479999542236328,11.479999542236328,11.640000343322754,11.220000267028809,11.380000114440918,53543733,yfinance,False
2023-08-23,11.739999771118164,11.739999771118164,11.819999694824219,11.380000114440918,11.420000076293945,76713639,yfinance,False
2023-08-24,12.140000343322754,12.140000343322754,12.300000190734863,11.859999656677246,11.979999542236328,84641753,yfinance,False
2023-08-25,12.100000381469727,12.100000381469727,12.279999732971191,12.039999961853027,12.100000381469727,43383467,yfinance,False
2023-08-28,12.199999809265137,12.199999809265137,12.640000343322754,12.140000343322754,12.5600004196167,66031713,yfinance,False
2023-08-29,12.380000114440918,12.380000114440918,12.479999542236328,12.140000343322754,12.199999809265137,66423181,yfinance,False
2023-08-30,12.460000038146973,12.460000038146973,12.880000114440918,12.380000114440918,12.600000381469727,145583131,yfinance,False
2023-08-31,12.359999656677246,12.359999656677246,12.579999923706055,12.239999771118164,12.520000457763672,101008498,yfinance,False
2023-09-04,12.420000076293945,12.420000076293945,12.600000381469727,12.220000267028809,12.520000457763672,123292187,yfinance,False
2023-09-05,11.600000381469727,11.600000381469727,12.300000190734863,11.5600004196167,12.300000190734863,149734406,yfinance,False
2023-09-06,11.760000228881836,11.760000228881836,11.800000190734863,11.319999694824219,11.520000457763672,99746238,yfinance,False
2023-09-07,11.899999618530273,11.899999618530273,12.020000457763672,11.539999961853027,11.800000190734863,81913109,yfinance,False
2023-09-11,11.699999809265137,11.699999809265137,11.800000190734863,11.260000228881836,11.779999732971191,134256350,yfinance,False
2023-09-12,11.880000114440918,11.880000114440918,11.979999542236328,11.5600004196167,11.5600004196167,79622506,yfinance,False
2023-09-13,11.920000076293945,11.920000076293945,11.979999542236328,11.739999771118164,11.859999656677246,54092771,yfinance,False
2023-09-14,12.239999771118164,12.239999771118164,12.359999656677246,12.0,12.039999961853027,81192176,yfinance,False
2023-09-15,12.220000267028809,12.220000267028809,12.4399995803833,12.180000305175781,12.399999618530273,69536968,yfinance,False
2023-09-18,11.920000076293945,11.920000076293945,12.15999984741211,11.920000076293945,12.039999961853027,45023516,yfinance,False
2023-09-19,11.9399995803833,11.9399995803833,11.979999542236328,11.84000015258789,11.920000076293945,29536286,yfinance,False
2023-09-20,11.800000190734863,11.800000190734863,11.920000076293945,11.65999984741211,11.84000015258789,48861190,yfinance,False
2023-09-21,11.680000305175781,11.680000305175781,11.819999694824219,11.520000457763672,11.720000267028809,46865077,yfinance,False
2023-09-22,12.0600004196167,12.0600004196167,12.100000381469727,11.520000457763672,11.520000457763672,50724271,yfinance,False
2023-09-25,11.84000015258789,11.84000015258789,12.079999923706055,11.819999694824219,11.960000038146973,34412095,yfinance,False
2023-09-26,11.65999984741211,11.65999984741211,11.960000038146973,11.600000381469727,11.819999694824219,43912124,yfinance,False
2023-09-27,11.84000015258789,11.84000015258789,12.020000457763672,11.739999771118164,11.779999732971191,65245278,yfinance,False
2023-09-28,11.720000267028809,11.720000267028809,11.979999542236328,11.619999885559082,11.9399995803833,53805707,yfinance,False
2023-09-29,12.34000015258789,12.34000015258789,12.399999618530273,11.819999694824219,11.899999618530273,78531382,yfinance,False
2023-10-03,11.979999542236328,11.979999542236328,12.180000305175781,11.899999618530273,12.100000381469727,34551749,yfinance,False
2023-10-04,11.859999656677246,11.859999656677246,11.979999542236328,11.760000228881836,11.880000114440918,29326117,yfinance,False
2023-10-05,11.680000305175781,11.680000305175781,11.979999542236328,11.600000381469727,11.960000038146973,34395661,yfinance,False
2023-10-06,11.880000114440918,11.880000114440918,11.979999542236328,11.699999809265137,11.699999809265137,20332229,yfinance,False
2023-10-09,11.9399995803833,11.9399995803833,12.119999885559082,11.5600004196167,12.0,26946882,yfinance,False
2023-10-10,12.279999732971191,12.279999732971191,12.380000114440918,12.0600004196167,12.199999809265137,83964556,yfinance,False
2023-10-11,12.300000190734863,12.300000190734863,12.520000457763672,12.300000190734863,12.479999542236328,78874600,yfinance,False
2023-10-12,12.65999984741211,12.65999984741211,12.779999732971191,12.420000076293945,12.5600004196167,94611842,yfinance,False
2023-10-13,12.600000381469727,12.600000381469727,12.760000228881836,12.399999618530273,12.399999618530273,81339936,yfinance,False
2023-10-16,12.539999961853027,12.539999961853027,12.779999732971191,12.460000038146973,12.600000381469727,68730078,yfinance,False
2023-10-17,13.039999961853027,13.039999961853027,13.119999885559082,12.619999885559082,12.720000267028809,118831878,yfinance,False
2023-10-18,13.180000305175781,13.180000305175781,13.239999771118164,12.9399995803833,13.039999961853027,98780782,yfinance,False
2023-10-19,13.579999923706055,13.579999923706055,13.640000343322754,13.039999961853027,13.180000305175781,177275255,yfinance,False
2023-10-20,13.300000190734863,13.300000190734863,13.819999694824219,13.260000228881836,13.420000076293945,139281025,yfinance,False
2023-10-24,12.960000038146973,12.960000038146973,13.399999618530273,12.899999618530273,13.279999732971191,117605001,yfinance,False
2023-10-25,13.199999809265137,13.199999809265137,13.760000228881836,13.039999961853027,13.5,129285123,yfinance,False
2023-10-26,13.359999656677246,13.359999656677246,13.640000343322754,13.199999809265137,13.279999732971191,86798824,yfinance,False
2023-10-27,13.520000457763672,13.520000457763672,13.640000343322754,13.279999732971191,13.380000114440918,105734369,yfinance,False
2023-10-30,14.319999694824219,14.319999694824219,14.359999656677246,13.420000076293945,13.460000038146973,194405364,yfinance,False
2023-10-31,14.020000457763672,14.020000457763672,14.399999618530273,13.979999542236328,14.239999771118164,93634298,yfinance,False
2023-11-01,14.220000267028809,14.220000267028809,14.4399995803833,13.9399995803833,14.15999984741211,98673756,yfinance,False
2023-11-02,15.079999923706055,15.079999923706055,15.199999809265137,14.399999618530273,14.399999618530273,200581937,yfinance,False
2023-11-03,15.239999771118164,15.239999771118164,15.34000015258789,14.84000015258789,15.279999732971191,144753242,yfinance,False
2023-11-06,15.539999961853027,15.539999961853027,15.859999656677246,15.279999732971191,15.460000038146973,144345254,yfinance,False
2023-11-07,15.819999694824219,15.819999694824219,15.960000038146973,15.300000190734863,15.300000190734863,100277922,yfinance,False
2023-11-08,16.139999389648438,16.139999389648438,16.399999618530273,15.760000228881836,15.880000114440918,141748758,yfinance,False
2023-11-09,16.520000457763672,16.520000457763672,16.940000534057617,16.260000228881836,16.31999969482422,162320904,yfinance,False
2023-11-10,16.040000915527344,16.040000915527344,16.719999313354492,15.9399995803833,16.219999313354492,166672948,yfinance,False
2023-11-13,16.219999313354492,16.219999313354492,16.6200008392334,15.920000076293945,16.420000076293945,151924036,yfinance,False
2023-11-14,15.859999656677246,15.859999656677246,16.3799991607666,15.699999809265137,16.219999313354492,121612690,yfinance,False
2023-11-15,16.799999237060547,16.799999237060547,16.860000610351562,15.9399995803833,16.219999313354492,180686655,yfinance,False
2023-11-16,15.699999809265137,15.699999809265137,16.979999542236328,15.539999961853027,16.940000534057617,274424480,yfinance,False
2023-11-17,15.9399995803833,15.9399995803833,16.139999389648438,15.520000457763672,15.699999809265137,137007416,yfinance,False
2023-11-20,16.18000030517578,16.18000030517578,16.260000228881836,15.420000076293945,16.079999923706055,136253912,yfinance,False
2023-11-21,15.380000114440918,15.380000114440918,16.440000534057617,15.239999771118164,16.31999969482422,245013470,yfinance,False
2023-11-22,15.119999885559082,15.119999885559082,15.4399995803833,14.800000190734863,15.300000190734863,192073449,yfinance,False
2023-11-23,15.4399995803833,15.4399995803833,15.460000038146973,14.760000228881836,15.079999923706055,114048365,yfinance,False
2023-11-24,15.0,15.0,15.380000114440918,14.920000076293945,15.119999885559082,88383132,yfinance,False
2023-11-27,15.140000343322754,15.140000343322754,15.220000267028809,14.899999618530273,15.119999885559082,76059066,yfinance,False
2023-11-28,15.520000457763672,15.520000457763672,15.800000190734863,15.119999885559082,15.300000190734863,148605750,yfinance,False
2023-11-29,15.479999542236328,15.479999542236328,15.779999732971191,15.300000190734863,15.600000381469727,129395706,yfinance,False
2023-11-30,15.619999885559082,15.619999885559082,15.760000228881836,15.4399995803833,15.479999542236328,131529758,yfinance,False
2023-12-01,15.15999984741211,15.15999984741211,15.680000305175781,15.020000457763672,15.619999885559082,226992234,yfinance,False
2023-12-04,15.220000267028809,15.220000267028809,15.5,15.15999984741211,15.399999618530273,106138626,yfinance,False
2023-12-05,14.779999732971191,14.779999732971191,15.220000267028809,14.5,15.220000267028809,135975691,yfinance,False
2023-12-06,14.880000114440918,14.880000114440918,15.0600004196167,14.720000267028809,14.880000114440918,77127748,yfinance,False
2023-12-07,14.680000305175781,14.680000305175781,14.779999732971191,14.380000114440918,14.739999771118164,85960796,yfinance,False
2023-12-08,14.619999885559082,14.619999885559082,14.819999694824219,14.399999618530273,14.760000228881836,94540322,yfinance,False
2023-12-11,14.5600004196167,14.5600004196167,14.619999885559082,14.15999984741211,14.34000015258789,98399725,yfinance,False
2023-12-12,15.15999984741211,15.15999984741211,15.260000228881836,14.4399995803833,14.579999923706055,97354343,yfinance,False
2023-12-13,15.539999961853027,15.539999961853027,15.640000343322754,15.079999923706055,15.079999923706055,114075094,yfinance,False
2023-12-14,15.960000038146973,15.960000038146973,16.34000015258789,15.699999809265137,15.699999809265137,136139527,yfinance,False
2023-12-15,15.979999542236328,15.979999542236328,16.280000686645508,15.859999656677246,16.0,106577327,yfinance,False
2023-12-18,15.899999618530273,15.899999618530273,16.31999969482422,15.760000228881836,15.979999542236328,60185771,yfinance,False
2023-12-19,16.139999389648438,16.139999389648438,16.31999969482422,15.84000015258789,15.880000114440918,77957733,yfinance,False
2023-12-20,16.1200008392334,16.1200008392334,16.360000610351562,16.0,16.260000228881836,62375549,yfinance,False
2023-12-21,15.960000038146973,15.960000038146973,16.0,15.600000381469727,15.899999618530273,64563507,yfinance,False
2023-12-22,15.680000305175781,15.680000305175781,16.100000381469727,15.520000457763672,15.979999542236328,91757167,yfinance,False
2023-12-27,16.31999969482422,16.31999969482422,16.540000915527344,15.680000305175781,15.960000038146973,127850403,yfinance,False
2023-12-28,16.280000686645508,16.280000686645508,16.700000762939453,16.040000915527344,16.399999618530273,155342841,yfinance,False
2023-12-29,15.600000381469727,15.600000381469727,16.360000610351562,15.279999732971191,16.360000610351562,184891499,yfinance,False
2024-01-02,15.479999542236328,15.479999542236328,15.600000381469727,15.239999771118164,15.600000381469727,60637820,yfinance,False
2024-01-03,14.979999542236328,14.979999542236328,15.460000038146973,14.760000228881836,15.279999732971191,113158917,yfinance,False
2024-01-04,15.079999923706055,15.079999923706055,15.140000343322754,14.739999771118164,14.899999618530273,53881228,yfinance,False
2024-01-05,14.9399995803833,14.9399995803833,15.119999885559082,14.819999694824219,14.859999656677246,55909939,yfinance,False
2024-01-08,14.359999656677246,14.359999656677246,14.960000038146973,14.039999961853027,14.899999618530273,125148672,yfinance,False
2024-01-09,14.34000015258789,14.34000015258789,14.680000305175781,14.199999809265137,14.4399995803833,64814175,yfinance,False
2024-01-10,14.100000381469727,14.100000381469727,14.300000190734863,13.84000015258789,14.279999732971191,75082322,yfinance,False
2024-01-11,14.479999542236328,14.479999542236328,14.619999885559082,13.920000076293945,14.100000381469727,109090904,yfinance,False
2024-01-12,14.300000190734863,14.300000190734863,14.4399995803833,14.140000343322754,14.319999694824219,67762190,yfinance,False
2024-01-15,14.239999771118164,14.239999771118164,14.239999771118164,14.239999771118164,14.239999771118164,0,yfinance,False
2024-01-16,13.819999694824219,13.819999694824219,14.199999809265137,13.699999809265137,14.079999923706055,81583680,yfinance,False
2024-01-17,13.140000343322754,13.140000343322754,13.699999809265137,12.899999618530273,13.680000305175781,184245293,yfinance,False
2024-01-18,13.319999694824219,13.319999694824219,13.479999542236328,12.720000267028809,13.020000457763672,111819184,yfinance,False
2024-01-19,13.180000305175781,13.180000305175781,13.359999656677246,13.0,13.300000190734863,70030994,yfinance,False
2024-01-22,12.979999542236328,12.979999542236328,13.5,12.640000343322754,13.239999771118164,87016435,yfinance,False
2024-01-23,13.220000267028809,13.220000267028809,13.479999542236328,12.800000190734863,13.0,92309898,yfinance,False
2024-01-24,13.699999809265137,13.699999809265137,13.779999732971191,13.140000343322754,13.319999694824219,109448247,yfinance,False
2024-01-25,13.739999771118164,13.739999771118164,13.899999618530273,13.399999618530273,13.699999809265137,84263209,yfinance,False
2024-01-26,13.199999809265137,13.199999809265137,13.760000228881836,13.100000381469727,13.619999885559082,97820581,yfinance,False
2024-01-29,13.300000190734863,13.300000190734863,13.4399995803833,13.15999984741211,13.279999732971191,64841120,yfinance,False
2024-01-30,12.899999618530273,12.899999618530273,13.15999984741211,12.800000190734863,13.0,82926712,yfinance,False
2024-01-31,12.319999694824219,12.319999694824219,12.920000076293945,12.140000343322754,12.859999656677246,141795486,yfinance,False
2024-02-01,12.380000114440918,12.380000114440918,12.579999923706055,12.020000457763672,12.260000228881836,79821509,yfinance,False
2024-02-02,12.199999809265137,12.199999809265137,12.65999984741211,12.079999923706055,12.539999961853027,69558141,yfinance,False
2024-02-05,12.119999885559082,12.119999885559082,12.359999656677246,11.84000015258789,11.9399995803833,81606974,yfinance,False
2024-02-06,12.899999618530273,12.899999618530273,12.960000038146973,12.119999885559082,12.119999885559082,119306507,yfinance,False
2024-02-07,12.699999809265137,12.699999809265137,13.140000343322754,12.579999923706055,12.960000038146973,95271998,yfinance,False
2024-02-08,12.619999885559082,12.619999885559082,12.819999694824219,12.520000457763672,12.680000305175781,59019381,yfinance,False
2024-02-09,12.460000038146973,12.460000038146973,12.460000038146973,12.460000038146973,12.460000038146973,0,yfinance,False
2024-02-14,12.5600004196167,12.5600004196167,12.640000343322754,11.9399995803833,12.020000457763672,29480353,yfinance,False
2024-02-15,12.720000267028809,12.720000267028809,12.800000190734863,12.399999618530273,12.5,22062099,yfinance,False
2024-02-16,13.420000076293945,13.420000076293945,13.619999885559082,12.699999809265137,12.720000267028809,83130851,yfinance,False
2024-02-19,12.920000076293945,12.920000076293945,13.399999618530273,12.800000190734863,13.399999618530273,86809268,yfinance,False
2024-02-20,12.979999542236328,12.979999542236328,13.100000381469727,12.739999771118164,13.0,55020181,yfinance,False
2024-02-21,13.359999656677246,13.359999656677246,13.640000343322754,12.800000190734863,12.920000076293945,95944593,yfinance,False
2024-02-22,13.399999618530273,13.399999618530273,13.520000457763672,13.140000343322754,13.359999656677246,52235249,yfinance,False
2024-02-23,13.220000267028809,13.220000267028809,13.399999618530273,12.979999542236328,13.260000228881836,56432229,yfinance,False
2024-02-26,13.100000381469727,13.100000381469727,13.359999656677246,13.020000457763672,13.220000267028809,44712709,yfinance,False
2024-02-27,13.479999542236328,13.479999542236328,13.5,12.880000114440918,13.119999885559082,92877053,yfinance,False
2024-02-28,13.079999923706055,13.079999923706055,13.619999885559082,13.039999961853027,13.479999542236328,77754329,yfinance,False
2024-02-29,13.220000267028809,13.220000267028809,13.359999656677246,13.0,13.0,74874764,yfinance,False
2024-03-01,13.319999694824219,13.319999694824219,13.4399995803833,12.979999542236328,13.0,79997348,yfinance,False
2024-03-04,13.34000015258789,13.34000015258789,13.600000381469727,13.260000228881836,13.359999656677246,53459138,yfinance,False
2024-03-05,12.760000228881836,12.760000228881836,13.0600004196167,12.600000381469727,13.0,99117229,yfinance,False
2024-03-06,13.039999961853027,13.039999961853027,13.140000343322754,12.5600004196167,12.720000267028809,74670496,yfinance,False
2024-03-07,12.800000190734863,12.800000190734863,13.239999771118164,12.699999809265137,13.140000343322754,43368825,yfinance,False
2024-03-08,13.079999923706055,13.079999923706055,13.359999656677246,12.920000076293945,12.960000038146973,59663848,yfinance,False
2024-03-11,13.399999618530273,13.399999618530273,13.4399995803833,13.039999961853027,13.039999961853027,57531857,yfinance,False
2024-03-12,14.920000076293945,14.920000076293945,15.0600004196167,13.600000381469727,13.619999885559082,295821714,yfinance,False
2024-03-13,14.920000076293945,14.920000076293945,15.180000305175781,14.720000267028809,14.899999618530273,118299566,yfinance,False
2024-03-14,14.760000228881836,14.760000228881836,15.220000267028809,14.539999961853027,14.899999618530273,89957580,yfinance,False
2024-03-15,14.539999961853027,14.539999961853027,14.760000228881836,14.279999732971191,14.579999923706055,106232795,yfinance,False
2024-03-18,14.9399995803833,14.9399995803833,15.039999961853027,14.4399995803833,14.5,110825105,yfinance,False
2024-03-19,14.859999656677246,14.859999656677246,15.100000381469727,14.739999771118164,14.920000076293945,93986286,yfinance,False
2024-03-20,14.5,14.5,15.359999656677246,14.359999656677246,15.199999809265137,135837454,yfinance,False
2024-03-21,14.760000228881836,14.760000228881836,15.020000457763672,14.600000381469727,14.739999771118164,92314676,yfinance,False
2024-03-22,14.800000190734863,14.800000190734863,14.9399995803833,14.520000457763672,14.779999732971191,110507208,yfinance,False
2024-03-25,14.819999694824219,14.819999694824219,15.399999618530273,14.800000190734863,15.0,119247446,yfinance,False
2024-03-26,15.300000190734863,15.300000190734863,15.460000038146973,14.84000015258789,15.180000305175781,147860646,yfinance,False
2024-03-27,14.760000228881836,14.760000228881836,15.4399995803833,14.739999771118164,15.4399995803833,144610632,yfinance,False
2024-03-28,14.9399995803833,14.9399995803833,15.260000228881836,14.699999809265137,14.699999809265137,173539152,yfinance,False
2024-04-02,16.280000686645508,16.280000686645508,17.34000015258789,16.200000762939453,17.18000030517578,539923703,yfinance,False
2024-04-03,15.5600004196167,15.5600004196167,16.299999237060547,15.520000457763672,16.299999237060547,225179872,yfinance,False
2024-04-05,15.539999961853027,15.539999961853027,15.640000343322754,15.079999923706055,15.619999885559082,84033215,yfinance,False
2024-04-08,15.5,15.5,15.699999809265137,15.119999885559082,15.359999656677246,117977816,yfinance,False
2024-04-09,15.979999542236328,15.979999542236328,16.100000381469727,15.5600004196167,15.640000343322754,140213601,yfinance,False
2024-04-10,16.0,16.0,16.280000686645508,15.84000015258789,16.18000030517578,135392416,yfinance,False
2024-04-11,16.079999923706055,16.079999923706055,16.18000030517578,15.539999961853027,15.5600004196167,94275932,yfinance,False
2024-04-12,16.5,16.5,16.739999771118164,16.239999771118164,16.260000228881836,207001967,yfinance,False
2024-04-15,16.520000457763672,16.520000457763672,16.6200008392334,16.3799991607666,16.3799991607666,102135567,yfinance,False
2024-04-16,15.920000076293945,15.920000076293945,16.3799991607666,15.779999732971191,16.360000610351562,150004413,yfinance,False
2024-04-17,16.280000686645508,16.280000686645508,16.34000015258789,15.920000076293945,15.920000076293945,90729174,yfinance,False
2024-04-18,16.3799991607666,16.3799991607666,16.440000534057617,15.960000038146973,16.260000228881836,81343612,yfinance,False
2024-04-19,15.800000190734863,15.800000190734863,16.1200008392334,15.460000038146973,16.1200008392334,152829967,yfinance,False
2024-04-22,15.819999694824219,15.819999694824219,15.979999542236328,15.579999923706055,15.800000190734863,94522377,yfinance,False
2024-04-23,16.18000030517578,16.18000030517578,16.31999969482422,15.779999732971191,16.0,119181417,yfinance,False
2024-04-24,16.65999984741211,16.65999984741211,16.68000030517578,16.420000076293945,16.559999465942383,132630197,yfinance,False
2024-04-25,16.600000381469727,16.600000381469727,16.700000762939453,16.399999618530273,16.65999984741211,76835421,yfinance,False
2024-04-26,17.360000610351562,17.360000610351562,17.5,16.739999771118164,16.760000228881836,233139880,yfinance,False
2024-04-29,17.420000076293945,17.420000076293945,17.8799991607666,17.219999313354492,17.5,175353396,yfinance,False
2024-04-30,17.31999969482422,17.31999969482422,17.65999984741211,17.139999389648438,17.559999465942383,94318755,yfinance,False
2024-05-02,17.639999389648438,17.639999389648438,17.760000228881836,17.260000228881836,17.299999237060547,75334285,yfinance,False
2024-05-03,18.18000030517578,18.18000030517578,18.239999771118164,17.899999618530273,18.0,96628783,yfinance,False
2024-05-06,18.100000381469727,18.100000381469727,18.200000762939453,17.799999237060547,18.020000457763672,108995973,yfinance,False
2024-05-07,17.940000534057617,17.940000534057617,18.18000030517578,17.860000610351562,18.1200008392334,82242465,yfinance,False
2024-05-08,19.100000381469727,19.100000381469727,19.31999969482422,17.84000015258789,18.0,297225949,yfinance,False
2024-05-09,19.15999984741211,19.15999984741211,19.700000762939453,18.920000076293945,19.399999618530273,137022563,yfinance,False
2024-05-10,19.399999618530273,19.399999618530273,19.479999542236328,18.780000686645508,19.18000030517578,120743190,yfinance,False
2024-05-13,19.360000610351562,19.360000610351562,19.6200008392334,18.979999542236328,19.139999389648438,99804853,yfinance,False
2024-05-14,19.979999542236328,19.979999542236328,20.149999618530273,19.540000915527344,19.600000381469727,191006970,yfinance,False
2024-05-16,19.81999969482422,19.81999969482422,20.350000381469727,19.700000762939453,20.200000762939453,128486893,yfinance,False
2024-05-17,19.940000534057617,19.940000534057617,20.25,19.760000228881836,19.8799991607666,104990296,yfinance,False
2024-05-20,19.8799991607666,19.8799991607666,20.049999237060547,19.3799991607666,19.8799991607666,126143823,yfinance,False
2024-05-21,19.299999237060547,19.299999237060547,19.940000534057617,19.079999923706055,19.780000686645508,133981498,yfinance,False
2024-05-22,19.440000534057617,19.440000534057617,19.579999923706055,19.18000030517578,19.399999618530273,80987339,yfinance,False
2024-05-23,18.940000534057617,18.940000534057617,19.459999084472656,18.739999771118164,19.360000610351562,118710642,yfinance,False
2024-05-24,18.299999237060547,18.299999237060547,18.959999084472656,17.8799991607666,18.920000076293945,182324263,yfinance,False
2024-05-27,18.440000534057617,18.440000534057617,18.5,17.81999969482422,18.200000762939453,111351692,yfinance,False
2024-05-28,18.139999389648438,18.139999389648438,18.540000915527344,18.020000457763672,18.399999618530273,81902009,yfinance,False
2024-05-29,17.780000686645508,17.780000686645508,18.079999923706055,17.65999984741211,18.020000457763672,101668386,yfinance,False
2024-05-30,17.700000762939453,17.700000762939453,18.059999465942383,17.459999084472656,17.780000686645508,105715211,yfinance,False
2024-05-31,17.479999542236328,17.479999542236328,18.100000381469727,17.3799991607666,18.0,136405438,yfinance,False
2024-06-03,17.899999618530273,17.899999618530273,18.139999389648438,17.559999465942383,17.559999465942383,106453297,yfinance,False
2024-06-04,17.780000686645508,17.780000686645508,17.920000076293945,17.68000030517578,17.68000030517578,75212318,yfinance,False
2024-06-05,17.700000762939453,17.700000762939453,18.079999923706055,17.6200008392334,17.84000015258789,73525775,yfinance,False
2024-06-06,17.959999084472656,17.959999084472656,18.399999618530273,17.81999969482422,17.81999969482422,120451138,yfinance,False
2024-06-07,17.6200008392334,17.6200008392334,18.200000762939453,17.219999313354492,18.059999465942383,201105124,yfinance,False
2024-06-11,17.31999969482422,17.31999969482422,17.34000015258789,17.020000457763672,17.18000030517578,150166213,yfinance,False
2024-06-12,17.139999389648438,17.139999389648438,17.34000015258789,17.040000915527344,17.219999313354492,84361187,yfinance,False
2024-06-13,17.559999465942383,17.559999465942383,17.6200008392334,17.219999313354492,17.280000686645508,82025721,yfinance,False
2024-06-14,17.299999237060547,17.299999237060547,17.520000457763672,17.219999313354492,17.360000610351562,86630442,yfinance,False
2024-06-17,17.31999969482422,17.31999969482422,17.639999389648438,17.059999465942383,17.200000762939453,62407200,yfinance,False
2024-06-18,17.3799991607666,17.3799991607666,17.559999465942383,17.260000228881836,17.3799991607666,46659965,yfinance,False
2024-06-19,18.479999542236328,18.479999542236328,18.5,17.440000534057617,17.479999542236328,158776789,yfinance,False
2024-06-20,18.520000457763672,18.520000457763672,18.719999313354492,18.299999237060547,18.5,90185310,yfinance,False
2024-06-21,18.18000030517578,18.18000030517578,18.399999618530273,17.84000015258789,18.280000686645508,87851069,yfinance,False
2024-06-24,18.020000457763672,18.020000457763672,18.079999923706055,17.559999465942383,17.959999084472656,69977040,yfinance,False
2024-06-25,17.780000686645508,17.780000686645508,18.139999389648438,17.6200008392334,18.079999923706055,58116612,yfinance,False
2024-06-26,17.81999969482422,17.81999969482422,17.940000534057617,17.540000915527344,17.579999923706055,44582518,yfinance,False
2024-06-27,16.540000915527344,16.540000915527344,17.68000030517578,16.34000015258789,17.540000915527344,245670671,yfinance,False
2024-06-28,16.479999542236328,16.479999542236328,16.780000686645508,16.360000610351562,16.3799991607666,94102995,yfinance,False
2024-07-02,16.65999984741211,16.65999984741211,16.739999771118164,16.360000610351562,16.5,62421619,yfinance,False
2024-07-03,16.899999618530273,16.899999618530273,17.079999923706055,16.65999984741211,16.65999984741211,68480845,yfinance,False
2024-07-04,16.84000015258789,16.84000015258789,17.219999313354492,16.760000228881836,17.15999984741211,47136649,yfinance,False
2024-07-05,16.6200008392334,16.6200008392334,16.979999542236328,16.479999542236328,16.920000076293945,50780567,yfinance,False
2024-07-08,16.459999084472656,16.459999084472656,16.760000228881836,16.360000610351562,16.6200008392334,54387650,yfinance,False
2024-07-09,16.399999618530273,16.399999618530273,16.579999923706055,16.059999465942383,16.399999618530273,83646140,yfinance,False
2024-07-10,16.1200008392334,16.1200008392334,16.559999465942383,16.040000915527344,16.360000610351562,81314076,yfinance,False
2024-07-11,16.68000030517578,16.68000030517578,16.760000228881836,16.200000762939453,16.260000228881836,69245590,yfinance,False
2024-07-12,16.84000015258789,16.84000015258789,16.979999542236328,16.540000915527344,16.860000610351562,84861492,yfinance,False
2024-07-15,16.459999084472656,16.459999084472656,17.059999465942383,16.399999618530273,16.84000015258789,75353380,yfinance,False
2024-07-16,16.34000015258789,16.34000015258789,16.399999618530273,16.139999389648438,16.239999771118164,66641300,yfinance,False
2024-07-17,16.780000686645508,16.780000686645508,16.940000534057617,16.260000228881836,16.479999542236328,71347036,yfinance,False
2024-07-18,16.84000015258789,16.84000015258789,17.040000915527344,16.600000381469727,16.68000030517578,69357199,yfinance,False
2024-07-19,16.520000457763672,16.520000457763672,16.760000228881836,16.360000610351562,16.600000381469727,70888406,yfinance,False
2024-07-22,17.219999313354492,17.219999313354492,17.31999969482422,16.540000915527344,16.559999465942383,117875122,yfinance,False
2024-07-23,16.959999084472656,16.959999084472656,17.440000534057617,16.860000610351562,17.299999237060547,64433875,yfinance,False
2024-07-24,16.540000915527344,16.540000915527344,17.040000915527344,16.31999969482422,16.940000534057617,91652264,yfinance,False
2024-07-25,16.200000762939453,16.200000762939453,16.479999542236328,16.1200008392334,16.399999618530273,72854684,yfinance,False
2024-07-26,16.360000610351562,16.360000610351562,16.6200008392334,16.31999969482422,16.31999969482422,64273609,yfinance,False
2024-07-29,16.81999969482422,16.81999969482422,17.100000381469727,16.559999465942383,16.6200008392334,82843861,yfinance,False
2024-07-30,16.31999969482422,16.31999969482422,16.799999237060547,16.219999313354492,16.700000762939453,75799866,yfinance,False
2024-07-31,16.84000015258789,16.84000015258789,17.059999465942383,16.260000228881836,16.399999618530273,93621817,yfinance,False
2024-08-01,16.68000030517578,16.68000030517578,16.899999618530273,16.5,16.780000686645508,50657487,yfinance,False
2024-08-02,16.079999923706055,16.079999923706055,16.3799991607666,15.859999656677246,16.360000610351562,132911168,yfinance,False
2024-08-05,15.859999656677246,15.859999656677246,16.059999465942383,15.359999656677246,15.739999771118164,137905794,yfinance,False
2024-08-06,15.819999694824219,15.819999694824219,16.1200008392334,15.640000343322754,16.0,74328521,yfinance,False
2024-08-07,15.899999618530273,15.899999618530273,16.079999923706055,15.760000228881836,15.779999732971191,51826337,yfinance,False
2024-08-08,15.84000015258789,15.84000015258789,16.040000915527344,15.579999923706055,15.739999771118164,57560855,yfinance,False
2024-08-09,16.399999618530273,16.399999618530273,16.520000457763672,16.020000457763672,16.1200008392334,104527148,yfinance,False
2024-08-12,16.459999084472656,16.459999084472656,16.639999389648438,16.31999969482422,16.3799991607666,49506251,yfinance,False
2024-08-13,16.899999618530273,16.899999618530273,16.959999084472656,16.440000534057617,16.520000457763672,89113360,yfinance,False
2024-08-14,16.860000610351562,16.860000610351562,16.979999542236328,16.739999771118164,16.979999542236328,42244264,yfinance,False
2024-08-15,17.219999313354492,17.219999313354492,17.299999237060547,16.600000381469727,16.68000030517578,94551112,yfinance,False
2024-08-16,17.31999969482422,17.31999969482422,17.420000076293945,17.139999389648438,17.239999771118164,71246541,yfinance,False
2024-08-19,17.6200008392334,17.6200008392334,18.040000915527344,17.479999542236328,17.5,123269250,yfinance,False
2024-08-20,17.68000030517578,17.68000030517578,17.959999084472656,17.280000686645508,17.959999084472656,79865450,yfinance,False
2024-08-21,17.520000457763672,17.520000457763672,17.520000457763672,17.100000381469727,17.31999969482422,98036616,yfinance,False
2024-08-22,19.100000381469727,19.100000381469727,19.239999771118164,18.3799991607666,18.5,434622724,yfinance,False
2024-08-23,18.81999969482422,18.81999969482422,19.139999389648438,18.68000030517578,19.0,123160023,yfinance,False
2024-08-26,18.719999313354492,18.719999313354492,19.0,18.520000457763672,19.0,85190286,yfinance,False
2024-08-27,18.8799991607666,18.8799991607666,18.899999618530273,18.440000534057617,18.579999923706055,88144342,yfinance,False
2024-08-28,18.959999084472656,18.959999084472656,19.020000457763672,18.6200008392334,18.799999237060547,76185975,yfinance,False
2024-08-29,18.8799991607666,18.8799991607666,18.899999618530273,18.420000076293945,18.68000030517578,69733894,yfinance,False
2024-08-30,19.5,19.5,19.700000762939453,18.81999969482422,18.8799991607666,177604614,yfinance,False
2024-09-02,19.059999465942383,19.059999465942383,19.559999465942383,18.979999542236328,19.299999237060547,81454069,yfinance,False
2024-09-03,19.18000030517578,19.18000030517578,19.31999969482422,18.899999618530273,19.059999465942383,66363685,yfinance,False
2024-09-04,18.65999984741211,18.65999984741211,18.860000610351562,18.440000534057617,18.81999969482422,106320627,yfinance,False
2024-09-05,18.540000915527344,18.540000915527344,18.81999969482422,18.31999969482422,18.639999389648438,94213782,yfinance,False
2024-09-09,18.6200008392334,18.6200008392334,18.6200008392334,18.239999771118164,18.299999237060547,149404091,yfinance,False
2024-09-10,18.65999984741211,18.65999984741211,18.700000762939453,18.18000030517578,18.6200008392334,81163590,yfinance,False
2024-09-11,18.959999084472656,18.959999084472656,19.059999465942383,18.34000015258789,18.34000015258789,74641703,yfinance,False
2024-09-12,18.920000076293945,18.920000076293945,19.299999237060547,18.84000015258789,19.020000457763672,69973131,yfinance,False
2024-09-13,19.219999313354492,19.219999313354492,19.440000534057617,18.920000076293945,18.959999084472656,73146752,yfinance,False
2024-09-16,19.239999771118164,19.239999771118164,19.299999237060547,18.940000534057617,18.979999542236328,27267287,yfinance,False
2024-09-17,19.520000457763672,19.520000457763672,19.579999923706055,19.139999389648438,19.200000762939453,44239073,yfinance,False
2024-09-19,19.799999237060547,19.799999237060547,19.979999542236328,19.280000686645508,19.459999084472656,127470344,yfinance,False
2024-09-20,19.8799991607666,19.8799991607666,20.200000762939453,19.719999313354492,19.799999237060547,134110539,yfinance,False
2024-09-23,20.549999237060547,20.549999237060547,20.799999237060547,19.84000015258789,19.8799991607666,196007468,yfinance,False
2024-09-24,21.200000762939453,21.200000762939453,21.450000762939453,20.799999237060547,20.899999618530273,231382970,yfinance,False
2024-09-25,20.549999237060547,20.549999237060547,21.850000381469727,20.399999618530273,21.850000381469727,295113558,yfinance,False
2024-09-26,21.5,21.5,21.5,20.350000381469727,20.850000381469727,277149964,yfinance,False
2024-09-27,21.950000762939453,21.950000762939453,22.450000762939453,21.149999618530273,21.799999237060547,347881602,yfinance,False
2024-09-30,22.5,22.5,22.950000762939453,21.950000762939453,22.700000762939453,336102598,yfinance,False
2024-10-02,24.0,24.0,24.649999618530273,22.5,22.5,251108945,yfinance,False
2024-10-03,24.049999237060547,24.049999237060547,24.399999618530273,23.200000762939453,24.049999237060547,190305304,yfinance,False
2024-10-04,24.549999237060547,24.549999237060547,24.75,23.600000381469727,23.899999618530273,149949209,yfinance,False
2024-10-07,25.850000381469727,25.850000381469727,26.149999618530273,24.700000762939453,24.899999618530273,218062756,yfinance,False
2024-10-08,23.700000762939453,23.700000762939453,26.200000762939453,23.399999618530273,25.899999618530273,453596652,yfinance,False
2024-10-09,23.299999237060547,23.299999237060547,24.450000762939453,22.549999237060547,23.950000762939453,311173505,yfinance,False
2024-10-10,23.75,23.75,24.450000762939453,23.600000381469727,23.799999237060547,168957063,yfinance,False
2024-10-14,23.600000381469727,23.600000381469727,23.700000762939453,22.5,23.700000762939453,179121230,yfinance,False
2024-10-15,23.0,23.0,24.049999237060547,22.700000762939453,23.600000381469727,154001004,yfinance,False
2024-10-16,22.700000762939453,22.700000762939453,23.200000762939453,22.5,22.600000381469727,99985996,yfinance,False
2024-10-17,23.100000381469727,23.100000381469727,23.75,23.0,23.100000381469727,126553025,yfinance,False
2024-10-18,24.549999237060547,24.549999237060547,24.799999237060547,23.299999237060547,23.299999237060547,198754528,yfinance,False
2024-10-21,24.25,24.25,25.350000381469727,24.200000762939453,24.75,164914336,yfinance,False
2024-10-22,24.450000762939453,24.450000762939453,24.799999237060547,24.100000381469727,24.25,91419386,yfinance,False
2024-10-23,25.549999237060547,25.549999237060547,25.899999618530273,24.299999237060547,24.350000381469727,188180918,yfinance,False
2024-10-24,25.25,25.25,25.649999618530273,25.149999618530273,25.25,108534234,yfinance,False
2024-10-25,25.950000762939453,25.950000762939453,26.5,25.450000762939453,25.450000762939453,184518253,yfinance,False
2024-10-28,25.5,25.5,26.399999618530273,25.299999237060547,26.299999237060547,165990392,yfinance,False
2024-10-29,25.850000381469727,25.850000381469727,26.149999618530273,25.25,25.899999618530273,130524256,yfinance,False
2024-10-30,26.0,26.0,26.399999618530273,25.350000381469727,25.600000381469727,164014844,yfinance,False
2024-10-31,26.700000762939453,26.700000762939453,27.299999237060547,25.950000762939453,26.0,199192208,yfinance,False
2024-11-01,27.299999237060547,27.299999237060547,27.450000762939453,26.549999237060547,27.0,198123879,yfinance,False
2024-11-04,27.299999237060547,27.299999237060547,28.0,27.100000381469727,27.5,146030485,yfinance,False
2024-11-05,28.200000762939453,28.200000762939453,28.350000381469727,27.0,27.0,143702336,yfinance,False
2024-11-06,27.600000381469727,27.600000381469727,28.350000381469727,27.0,28.100000381469727,179735496,yfinance,False
2024-11-07,27.850000381469727,27.850000381469727,28.100000381469727,26.600000381469727,27.100000381469727,201079990,yfinance,False
2024-11-08,28.299999237060547,28.299999237060547,29.25,27.950000762939453,28.0,220119217,yfinance,False
2024-11-11,29.299999237060547,29.299999237060547,29.700000762939453,27.649999618530273,27.75,261301204,yfinance,False
2024-11-12,28.450000762939453,28.450000762939453,29.600000381469727,28.25,29.399999618530273,185336411,yfinance,False
2024-11-13,28.899999618530273,28.899999618530273,29.0,27.649999618530273,28.0,145984202,yfinance,False
2024-11-14,27.850000381469727,27.850000381469727,29.0,27.350000381469727,28.5,155298014,yfinance,False
2024-11-15,28.0,28.0,28.649999618530273,27.75,28.149999618530273,117132035,yfinance,False
2024-11-18,28.799999237060547,28.799999237060547,29.049999237060547,27.600000381469727,28.5,162095850,yfinance,False
2024-11-19,28.299999237060547,28.299999237060547,29.350000381469727,27.5,29.149999618530273,209931014,yfinance,False
2024-11-20,28.0,28.0,28.149999618530273,27.399999618530273,27.899999618530273,113721056,yfinance,False
2024-11-21,28.149999618530273,28.149999618530273,28.75,27.75,27.899999618530273,102041844,yfinance,False
2024-11-22,28.549999237060547,28.549999237060547,29.850000381469727,28.0,28.25,254978108,yfinance,False
2024-11-25,28.399999618530273,28.399999618530273,29.299999237060547,27.700000762939453,29.100000381469727,188253473,yfinance,False
2024-11-26,27.200000762939453,27.200000762939453,28.350000381469727,26.899999618530273,28.0,175996227,yfinance,False
2024-11-27,28.299999237060547,28.299999237060547,28.399999618530273,26.799999237060547,27.100000381469727,161187829,yfinance,False
2024-11-28,27.850000381469727,27.850000381469727,28.649999618530273,27.700000762939453,28.0,100416130,yfinance,False
2024-11-29,27.75,27.75,28.25,27.25,27.850000381469727,116296536,yfinance,False
2024-12-02,28.549999237060547,28.549999237060547,28.75,27.899999618530273,28.25,130374633,yfinance,False
2024-12-03,29.100000381469727,29.100000381469727,29.450000762939453,28.549999237060547,28.850000381469727,169130914,yfinance,False
2024-12-04,29.100000381469727,29.100000381469727,29.549999237060547,28.850000381469727,29.399999618530273,112163595,yfinance,False
2024-12-05,29.450000762939453,29.450000762939453,29.600000381469727,28.799999237060547,28.950000762939453,106667106,yfinance,False
2024-12-06,29.899999618530273,29.899999618530273,29.950000762939453,29.25,29.5,189456485,yfinance,False
2024-12-09,30.950000762939453,30.950000762939453,31.0,29.450000762939453,29.950000762939453,223798144,yfinance,False
2024-12-10,30.950000762939453,30.950000762939453,32.150001525878906,30.799999237060547,32.150001525878906,193229427,yfinance,False
2024-12-11,30.450000762939453,30.450000762939453,31.5,30.200000762939453,31.450000762939453,123085951,yfinance,False
2024-12-12,31.600000381469727,31.600000381469727,31.799999237060547,30.450000762939453,30.649999618530273,145098808,yfinance,False
2024-12-13,31.350000381469727,31.350000381469727,32.150001525878906,31.049999237060547,31.399999618530273,157878633,yfinance,False
2024-12-16,30.350000381469727,30.350000381469727,31.649999618530273,30.049999237060547,31.5,140659846,yfinance,False
2024-12-17,29.950000762939453,29.950000762939453,30.75,29.600000381469727,30.549999237060547,133233564,yfinance,False
2024-12-18,30.799999237060547,30.799999237060547,30.899999618530273,30.049999237060547,30.450000762939453,86680411,yfinance,False
2024-12-19,30.799999237060547,30.799999237060547,31.049999237060547,30.0,30.200000762939453,85886142,yfinance,False
2024-12-20,31.649999618530273,31.649999618530273,32.099998474121094,30.700000762939453,30.700000762939453,204413958,yfinance,False
2024-12-23,31.75,31.75,32.25,31.450000762939453,32.0,97720054,yfinance,False
2024-12-24,32.900001525878906,32.900001525878906,32.900001525878906,32.900001525878906,32.900001525878906,0,yfinance,False
2024-12-27,34.150001525878906,34.150001525878906,34.95000076293945,33.349998474121094,33.5,263910660,yfinance,False
2024-12-30,34.45000076293945,34.45000076293945,34.95000076293945,33.70000076293945,34.650001525878906,156035423,yfinance,False
2024-12-31,34.650001525878906,34.650001525878906,34.650001525878906,34.650001525878906,34.650001525878906,0,yfinance,False
2025-01-02,34.0,34.0,34.79999923706055,33.400001525878906,34.79999923706055,182385452,yfinance,False
2025-01-03,36.25,36.25,36.29999923706055,34.0,34.45000076293945,338723918,yfinance,False
2025-01-06,36.29999923706055,36.29999923706055,36.849998474121094,35.650001525878906,35.900001525878906,166161841,yfinance,False
2025-01-07,34.150001525878906,34.150001525878906,36.099998474121094,32.75,36.04999923706055,432841993,yfinance,False
2025-01-08,32.79999923706055,32.79999923706055,34.150001525878906,32.20000076293945,33.70000076293945,298899129,yfinance,False
2025-01-09,33.75,33.75,34.29999923706055,32.650001525878906,32.70000076293945,171639459,yfinance,False
2025-01-10,33.54999923706055,33.54999923706055,34.5,33.400001525878906,33.75,122895840,yfinance,False
2025-01-13,32.79999923706055,32.79999923706055,33.5,32.29999923706055,33.20000076293945,126426992,yfinance,False
2025-01-14,33.75,33.75,34.150001525878906,32.75,32.75,122182323,yfinance,False
2025-01-15,33.599998474121094,33.599998474121094,34.0,33.349998474121094,33.75,79201609,yfinance,False
2025-01-16,34.349998474121094,34.349998474121094,34.79999923706055,33.54999923706055,34.099998474121094,137814016,yfinance,False
2025-01-17,34.95000076293945,34.95000076293945,35.0,34.099998474121094,34.400001525878906,94838569,yfinance,False
2025-01-20,34.70000076293945,34.70000076293945,35.79999923706055,34.29999923706055,35.650001525878906,166721242,yfinance,False
2025-01-21,35.900001525878906,35.900001525878906,36.099998474121094,34.75,35.0,136275839,yfinance,False
2025-01-22,35.29999923706055,35.29999923706055,36.20000076293945,35.20000076293945,36.0,106122696,yfinance,False
2025-01-23,34.5,34.5,35.75,34.25,35.70000076293945,124771415,yfinance,False
2025-01-24,36.849998474121094,36.849998474121094,37.29999923706055,34.5,34.75,288470060,yfinance,False
2025-01-27,37.099998474121094,37.099998474121094,37.650001525878906,36.54999923706055,37.650001525878906,154106703,yfinance,False
2025-01-28,38.150001525878906,38.150001525878906,38.150001525878906,38.150001525878906,38.150001525878906,0,yfinance,False
2025-02-03,37.95000076293945,37.95000076293945,39.20000076293945,37.20000076293945,38.900001525878906,143592266,yfinance,False
2025-02-04,39.54999923706055,39.54999923706055,40.099998474121094,38.5,38.70000076293945,141166344,yfinance,False
2025-02-05,39.650001525878906,39.650001525878906,39.95000076293945,38.70000076293945,39.95000076293945,165406601,yfinance,False
2025-02-06,40.54999923706055,40.54999923706055,40.70000076293945,39.400001525878906,39.79999923706055,174418873,yfinance,False
2025-02-07,42.45000076293945,42.45000076293945,43.04999923706055,40.54999923706055,40.70000076293945,282921470,yfinance,False
2025-02-10,43.75,43.75,43.95000076293945,42.150001525878906,42.70000076293945,178623301,yfinance,False
2025-02-11,42.54999923706055,42.54999923706055,44.29999923706055,42.25,44.0,210014328,yfinance,False
2025-02-12,44.099998474121094,44.099998474121094,44.54999923706055,42.650001525878906,43.900001525878906,196220080,yfinance,False
2025-02-13,41.650001525878906,41.650001525878906,44.599998474121094,41.20000076293945,43.900001525878906,382423053,yfinance,False
2025-02-14,44.70000076293945,44.70000076293945,44.900001525878906,42.04999923706055,42.400001525878906,349956076,yfinance,False
2025-02-17,45.150001525878906,45.150001525878906,45.45000076293945,43.54999923706055,45.0,273310085,yfinance,False
2025-02-18,48.400001525878906,48.400001525878906,48.400001525878906,44.70000076293945,45.150001525878906,325734161,yfinance,False
2025-02-19,49.45000076293945,49.45000076293945,49.5,47.0,48.0,243337561,yfinance,False
2025-02-20,49.150001525878906,49.150001525878906,50.900001525878906,48.0,49.45000076293945,275542159,yfinance,False
2025-02-21,51.70000076293945,51.70000076293945,51.95000076293945,49.70000076293945,50.04999923706055,308362585,yfinance,False
2025-02-24,51.599998474121094,51.599998474121094,52.349998474121094,51.04999923706055,52.20000076293945,208345620,yfinance,False
2025-02-25,53.20000076293945,53.20000076293945,53.900001525878906,49.79999923706055,49.79999923706055,332349383,yfinance,False
2025-02-26,56.29999923706055,56.29999923706055,56.79999923706055,53.099998474121094,54.25,395453828,yfinance,False
2025-02-27,53.099998474121094,53.099998474121094,58.70000076293945,51.400001525878906,56.599998474121094,842011809,yfinance,False
2025-02-28,51.849998474121094,51.849998474121094,55.75,50.650001525878906,55.75,667093154,yfinance,False
2025-03-03,50.95000076293945,50.95000076293945,53.0,49.54999923706055,52.900001525878906,466253103,yfinance,False
2025-03-04,50.54999923706055,50.54999923706055,51.599998474121094,48.650001525878906,49.04999923706055,338725813,yfinance,False
2025-03-05,54.20000076293945,54.20000076293945,54.20000076293945,51.29999923706055,52.0,337625486,yfinance,False
2025-03-06,54.900001525878906,54.900001525878906,56.29999923706055,53.849998474121094,55.29999923706055,375438239,yfinance,False
2025-03-07,54.349998474121094,54.349998474121094,55.5,53.099998474121094,54.599998474121094,355629253,yfinance,False
2025-03-10,52.849998474121094,52.849998474121094,54.5,52.349998474121094,54.0,223961425,yfinance,False
2025-03-11,53.900001525878906,53.900001525878906,54.0,50.70000076293945,50.849998474121094,223343033,yfinance,False
2025-03-12,52.04999923706055,52.04999923706055,54.70000076293945,51.5,53.849998474121094,241938609,yfinance,False
2025-03-13,52.849998474121094,52.849998474121094,53.400001525878906,51.599998474121094,52.04999923706055,187000372,yfinance,False
2025-03-14,53.849998474121094,53.849998474121094,54.599998474121094,52.54999923706055,53.0,229901198,yfinance,False
2025-03-17,55.79999923706055,55.79999923706055,55.79999923706055,53.29999923706055,54.349998474121094,221496225,yfinance,False
2025-03-18,57.650001525878906,57.650001525878906,57.95000076293945,56.150001525878906,56.75,258147732,yfinance,False
2025-03-19,58.20000076293945,58.20000076293945,59.45000076293945,56.400001525878906,57.0,371387356,yfinance,False
2025-03-20,56.5,56.5,58.650001525878906,56.099998474121094,58.0,254323500,yfinance,False
2025-03-21,54.70000076293945,54.70000076293945,56.849998474121094,54.04999923706055,56.599998474121094,271392247,yfinance,False
2025-03-24,57.0,57.0,57.099998474121094,54.900001525878906,55.25,206959960,yfinance,False
2025-03-25,53.400001525878906,53.400001525878906,55.0,53.25,53.849998474121094,1341045814,yfinance,False
2025-03-26,53.95000076293945,53.95000076293945,54.29999923706055,53.5,53.5,180066074,yfinance,False
2025-03-27,51.70000076293945,51.70000076293945,54.04999923706055,51.400001525878906,53.900001525878906,359693846,yfinance,False
2025-03-28,51.04999923706055,51.04999923706055,52.150001525878906,49.599998474121094,51.0,369242633,yfinance,False
2025-03-31,49.20000076293945,49.20000076293945,50.70000076293945,48.45000076293945,50.150001525878906,342788934,yfinance,False
2025-04-01,46.5,46.5,50.0,46.099998474121094,49.400001525878906,590405454,yfinance,False
2025-04-02,44.54999923706055,44.54999923706055,47.5,44.400001525878906,46.0,635758232,yfinance,False
2025-04-03,45.900001525878906,45.900001525878906,46.599998474121094,43.45000076293945,43.79999923706055,449295312,yfinance,False
2025-04-07,36.45000076293945,36.45000076293945,43.25,36.04999923706055,40.20000076293945,1037869822,yfinance,False
2025-04-08,38.900001525878906,38.900001525878906,39.849998474121094,37.45000076293945,38.54999923706055,715006887,yfinance,False
2025-04-09,41.900001525878906,41.900001525878906,42.400001525878906,36.599998474121094,37.79999923706055,679302084,yfinance,False
2025-04-10,43.04999923706055,43.04999923706055,45.0,42.599998474121094,44.79999923706055,526260423,yfinance,False
2025-04-11,44.25,44.25,45.45000076293945,42.150001525878906,42.75,357167818,yfinance,False
2025-04-14,43.20000076293945,43.20000076293945,45.45000076293945,42.25,45.20000076293945,422983277,yfinance,False
2025-04-15,43.099998474121094,43.099998474121094,43.849998474121094,42.04999923706055,43.75,164977321,yfinance,False
2025-04-16,41.25,41.25,42.95000076293945,40.20000076293945,42.5,315328932,yfinance,False
2025-04-17,41.95000076293945,41.95000076293945,42.25,40.5,41.25,190654146,yfinance,False
2025-04-22,44.400001525878906,44.400001525878906,44.70000076293945,42.20000076293945,42.45000076293945,280722543,yfinance,False
2025-04-23,47.45000076293945,47.45000076293945,47.95000076293945,45.70000076293945,46.75,365404799,yfinance,False
2025-04-24,48.20000076293945,48.20000076293945,48.70000076293945,46.95000076293945,48.0,238445758,yfinance,False
2025-04-25,47.70000076293945,47.70000076293945,48.650001525878906,47.04999923706055,48.54999923706055,166617135,yfinance,False
2025-04-28,47.5,47.5,48.349998474121094,47.20000076293945,48.0,90590615,yfinance,False
2025-04-29,47.45000076293945,47.45000076293945,47.95000076293945,47.0,47.95000076293945,101336853,yfinance,False
2025-04-30,49.95000076293945,49.95000076293945,50.0,46.79999923706055,47.25,241882505,yfinance,False
2025-05-02,53.099998474121094,53.099998474121094,53.099998474121094,50.0,50.5,140470309,yfinance,False
2025-05-06,51.54999923706055,51.54999923706055,53.150001525878906,51.400001525878906,53.099998474121094,187805038,yfinance,False
2025-05-07,50.099998474121094,50.099998474121094,53.5,50.04999923706055,52.599998474121094,236141700,yfinance,False
2025-05-08,50.79999923706055,50.79999923706055,51.900001525878906,49.650001525878906,49.79999923706055,154551212,yfinance,False
2025-05-09,51.349998474121094,51.349998474121094,51.45000076293945,50.25,51.099998474121094,99875196,yfinance,False
2025-05-12,50.599998474121094,50.599998474121094,51.45000076293945,48.400001525878906,51.45000076293945,356285408,yfinance,False
2025-05-13,48.650001525878906,48.650001525878906,50.79999923706055,48.20000076293945,50.79999923706055,220529075,yfinance,False
2025-05-14,50.400001525878906,50.400001525878906,50.45000076293945,48.650001525878906,49.150001525878906,174012139,yfinance,False
2025-05-15,50.150001525878906,50.150001525878906,51.900001525878906,49.70000076293945,50.400001525878906,155216057,yfinance,False
2025-05-16,51.0,51.0,51.29999923706055,49.79999923706055,50.0,121417523,yfinance,False
2025-05-19,52.349998474121094,52.349998474121094,52.45000076293945,49.0,50.29999923706055,217541110,yfinance,False
2025-05-20,54.79999923706055,54.79999923706055,54.79999923706055,52.79999923706055,53.0,228019851,yfinance,False
2025-05-21,54.45000076293945,54.45000076293945,55.70000076293945,53.70000076293945,54.95000076293945,189822108,yfinance,False
2025-05-22,53.20000076293945,53.20000076293945,55.0,52.849998474121094,54.70000076293945,199909799,yfinance,False
2025-05-23,53.0,53.0,53.900001525878906,52.70000076293945,53.29999923706055,154706274,yfinance,False
2025-05-26,51.29999923706055,51.29999923706055,52.79999923706055,51.04999923706055,52.599998474121094,146415432,yfinance,False
2025-05-27,51.54999923706055,51.54999923706055,52.099998474121094,50.5,51.0,125291611,yfinance,False
2025-05-28,51.75,51.75,53.29999923706055,51.5,52.75,202977342,yfinance,False
2025-05-29,51.70000076293945,51.70000076293945,52.45000076293945,51.04999923706055,51.75,141573959,yfinance,False
2025-05-30,50.95000076293945,50.95000076293945,51.349998474121094,49.79999923706055,51.0,206927837,yfinance,False
2025-06-02,51.599998474121094,51.599998474121094,51.900001525878906,49.599998474121094,50.0,90313999,yfinance,False
2025-06-03,53.20000076293945,53.20000076293945,53.29999923706055,51.650001525878906,52.20000076293945,166500674,yfinance,False
2025-06-04,53.45000076293945,53.45000076293945,54.70000076293945,52.849998474121094,53.5,176765410,yfinance,False
2025-06-05,54.25,54.25,54.25,53.29999923706055,54.0,130837735,yfinance,False
2025-06-06,53.099998474121094,53.099998474121094,54.5,52.79999923706055,54.5,125424396,yfinance,False
2025-06-09,54.150001525878906,54.150001525878906,54.25,52.849998474121094,53.70000076293945,122376420,yfinance,False
2025-06-10,53.45000076293945,53.45000076293945,54.70000076293945,52.849998474121094,54.70000076293945,115707297,yfinance,False
2025-06-11,54.099998474121094,54.099998474121094,54.79999923706055,53.349998474121094,53.45000076293945,147412093,yfinance,False
2025-06-12,52.20000076293945,52.20000076293945,53.95000076293945,52.04999923706055,53.5,142552461,yfinance,False
2025-06-13,51.95000076293945,51.95000076293945,52.0,50.79999923706055,51.900001525878906,176077650,yfinance,False
2025-06-16,54.150001525878906,54.150001525878906,54.5,51.5,51.95000076293945,220357669,yfinance,False
2025-06-17,54.0,54.0,54.5,53.599998474121094,54.20000076293945,71275572,yfinance,False
2025-06-18,53.79999923706055,53.79999923706055,54.20000076293945,53.45000076293945,53.75,64270680,yfinance,False
2025-06-19,53.04999923706055,53.04999923706055,54.099998474121094,52.70000076293945,53.599998474121094,92603544,yfinance,False
2025-06-20,54.04999923706055,54.04999923706055,54.04999923706055,53.0,53.25,88197055,yfinance,False
2025-06-23,54.849998474121094,54.849998474121094,54.95000076293945,53.150001525878906,54.0,138863960,yfinance,False
2025-06-24,56.900001525878906,56.900001525878906,57.20000076293945,55.150001525878906,55.20000076293945,222470141,yfinance,False
2025-06-25,56.650001525878906,56.650001525878906,57.45000076293945,56.400001525878906,57.45000076293945,146460085,yfinance,False
2025-06-26,56.900001525878906,56.900001525878906,57.20000076293945,56.04999923706055,57.150001525878906,126954433,yfinance,False
2025-06-27,58.95000076293945,58.95000076293945,61.45000076293945,58.20000076293945,61.45000076293945,481216668,yfinance,False
2025-06-30,59.95000076293945,59.95000076293945,60.0,57.5,59.5,260498936,yfinance,False
2025-07-02,60.150001525878906,60.150001525878906,60.45000076293945,59.599998474121094,60.400001525878906,140611857,yfinance,False
2025-07-03,58.099998474121094,58.099998474121094,60.04999923706055,57.04999923706055,59.75,234219003,yfinance,False
2025-07-04,57.5,57.5,58.20000076293945,56.599998474121094,57.5,132200659,yfinance,False
2025-07-07,57.29999923706055,57.29999923706055,57.400001525878906,56.400001525878906,56.900001525878906,81234333,yfinance,False
2025-07-08,58.650001525878906,58.650001525878906,58.95000076293945,57.25,57.400001525878906,101372801,yfinance,False
2025-07-09,57.400001525878906,57.400001525878906,58.79999923706055,57.099998474121094,58.20000076293945,100963784,yfinance,False
2025-07-10,56.900001525878906,56.900001525878906,57.75,56.70000076293945,57.5,96327664,yfinance,False
2025-07-11,57.349998474121094,57.349998474121094,58.20000076293945,57.25,57.5,88544316,yfinance,False
2025-07-14,57.29999923706055,57.29999923706055,57.79999923706055,56.79999923706055,57.5,73284998,yfinance,False
2025-07-15,57.650001525878906,57.650001525878906,58.29999923706055,56.54999923706055,57.29999923706055,125984834,yfinance,False
2025-07-16,57.29999923706055,57.29999923706055,58.400001525878906,57.0,58.20000076293945,103019857,yfinance,False
2025-07-17,56.150001525878906,56.150001525878906,57.25,55.79999923706055,57.099998474121094,165115655,yfinance,False
2025-07-18,57.0,57.0,57.0,55.849998474121094,56.5,96759733,yfinance,False
2025-07-21,57.75,57.75,58.400001525878906,56.400001525878906,56.400001525878906,124108750,yfinance,False
2025-07-22,57.95000076293945,57.95000076293945,58.150001525878906,57.5,57.900001525878906,69281026,yfinance,False
2025-07-23,58.400001525878906,58.400001525878906,58.45000076293945,57.650001525878906,58.349998474121094,109878070,yfinance,False
2025-07-24,58.45000076293945,58.45000076293945,58.75,58.0,58.25,83030716,yfinance,False
2025-07-25,57.400001525878906,57.400001525878906,58.400001525878906,57.04999923706055,58.400001525878906,115972199,yfinance,False
2025-07-28,56.79999923706055,56.79999923706055,57.400001525878906,56.54999923706055,57.29999923706055,111282561,yfinance,False
2025-07-29,55.29999923706055,55.29999923706055,56.70000076293945,54.5,56.650001525878906,244366193,yfinance,False
2025-07-30,54.75,54.75,55.650001525878906,54.54999923706055,55.0,134783729,yfinance,False
2025-07-31,53.150001525878906,53.150001525878906,54.650001525878906,53.04999923706055,54.29999923706055,192541289,yfinance,False
2025-08-01,53.400001525878906,53.400001525878906,54.20000076293945,52.5,52.79999923706055,125345524,yfinance,False
2025-08-04,54.54999923706055,54.54999923706055,54.79999923706055,53.349998474121094,53.400001525878906,98427945,yfinance,False
2025-08-05,54.29999923706055,54.29999923706055,55.349998474121094,54.099998474121094,54.650001525878906,93018842,yfinance,False
2025-08-06,54.0,54.0,54.25,53.650001525878906,54.150001525878906,60265442,yfinance,False
2025-08-07,51.849998474121094,51.849998474121094,52.79999923706055,51.20000076293945,52.150001525878906,314366077,yfinance,False
2025-08-08,51.25,51.25,51.900001525878906,51.150001525878906,51.400001525878906,137470985,yfinance,False
2025-08-11,50.79999923706055,50.79999923706055,51.45000076293945,50.650001525878906,51.04999923706055,126045702,yfinance,False
2025-08-12,51.70000076293945,51.70000076293945,52.099998474121094,50.099998474121094,50.54999923706055,143542082,yfinance,False
2025-08-13,53.25,53.25,53.29999923706055,51.75,52.29999923706055,153181037,yfinance,False
2025-08-14,53.20000076293945,53.20000076293945,53.95000076293945,52.75,53.95000076293945,108675681,yfinance,False
2025-08-15,52.849998474121094,52.849998474121094,53.0,52.20000076293945,52.599998474121094,109819085,yfinance,False
2025-08-18,53.04999923706055,53.04999923706055,53.79999923706055,52.29999923706055,52.75,116003641,yfinance,False
2025-08-19,52.400001525878906,52.400001525878906,53.54999923706055,52.20000076293945,53.5,113367681,yfinance,False
2025-08-20,52.54999923706055,52.54999923706055,53.0,51.04999923706055,51.20000076293945,158096364,yfinance,False
2025-08-21,51.349998474121094,51.349998474121094,52.54999923706055,51.099998474121094,52.54999923706055,146082650,yfinance,False
2025-08-22,52.54999923706055,52.54999923706055,52.79999923706055,51.54999923706055,52.0,136883366,yfinance,False
2025-08-25,53.5,53.5,53.900001525878906,52.5,53.0,177494474,yfinance,False
2025-08-26,53.5,53.5,53.900001525878906,53.04999923706055,53.5,99660025,yfinance,False
2025-08-27,53.20000076293945,53.20000076293945,54.650001525878906,52.95000076293945,53.900001525878906,142623874,yfinance,False
2025-08-28,53.099998474121094,53.099998474121094,53.45000076293945,52.099998474121094,53.20000076293945,122487011,yfinance,False
2025-08-29,52.849998474121094,52.849998474121094,53.900001525878906,52.29999923706055,52.900001525878906,124328553,yfinance,False
2025-09-01,54.0,54.0,54.349998474121094,53.45000076293945,53.70000076293945,150727171,yfinance,False
2025-09-02,55.849998474121094,55.849998474121094,56.650001525878906,53.5,54.04999923706055,258956888,yfinance,False
2025-09-03,54.70000076293945,54.70000076293945,56.95000076293945,54.5,56.95000076293945,135032978,yfinance,False
2025-09-04,53.45000076293945,53.45000076293945,55.29999923706055,53.29999923706055,55.099998474121094,105461452,yfinance,False
2025-09-05,53.650001525878906,53.650001525878906,54.0,52.95000076293945,54.0,106533001,yfinance,False
2025-09-08,54.75,54.75,54.900001525878906,53.349998474121094,53.79999923706055,104793576,yfinance,False
2025-09-09,56.20000076293945,56.20000076293945,56.20000076293945,53.79999923706055,54.400001525878906,173784267,yfinance,False
2025-09-10,54.95000076293945,54.95000076293945,56.349998474121094,54.79999923706055,56.04999923706055,141897510,yfinance,False
2025-09-11,54.650001525878906,54.650001525878906,55.04999923706055,53.54999923706055,54.599998474121094,120401766,yfinance,False
2025-09-12,55.150001525878906,55.150001525878906,55.650001525878906,54.5,55.29999923706055,137019643,yfinance,False
2025-09-15,56.20000076293945,56.20000076293945,56.5,54.900001525878906,55.29999923706055,127441311,yfinance,False
2025-09-16,56.45000076293945,56.45000076293945,57.0,56.150001525878906,56.5,107755148,yfinance,False
2025-09-17,57.849998474121094,57.849998474121094,57.95000076293945,56.650001525878906,56.849998474121094,172994425,yfinance,False
2025-09-18,56.849998474121094,56.849998474121094,58.400001525878906,55.79999923706055,57.29999923706055,182477097,yfinance,False
2025-09-19,56.70000076293945,56.70000076293945,57.400001525878906,55.70000076293945,57.400001525878906,174859789,yfinance,False
2025-09-22,56.099998474121094,56.099998474121094,56.650001525878906,55.599998474121094,56.25,108494957,yfinance,False
2025-09-23,55.45000076293945,55.45000076293945,56.400001525878906,55.0,56.349998474121094,84350249,yfinance,False
2025-09-24,56.900001525878906,56.900001525878906,57.099998474121094,55.04999923706055,55.45000076293945,118307200,yfinance,False
2025-09-25,59.45000076293945,59.45000076293945,59.900001525878906,56.70000076293945,56.900001525878906,328411483,yfinance,False
2025-09-26,54.650001525878906,54.650001525878906,59.0,54.29999923706055,59.0,415512054,yfinance,False
2025-09-29,53.54999923706055,53.54999923706055,55.95000076293945,52.70000076293945,55.5,332142837,yfinance,False
2025-09-30,54.0,54.0,54.400001525878906,53.20000076293945,54.0,211943325,yfinance,False
2025-10-02,55.79999923706055,55.79999923706055,56.5,54.150001525878906,54.150001525878906,101931615,yfinance,False
2025-10-03,55.0,55.0,56.54999923706055,54.599998474121094,55.79999923706055,62150942,yfinance,False
2025-10-06,53.849998474121094,53.849998474121094,54.79999923706055,53.599998474121094,54.5,52592486,yfinance,False
2025-10-08,53.849998474121094,53.849998474121094,54.150001525878906,53.04999923706055,53.849998474121094,84169990,yfinance,False
2025-10-09,53.349998474121094,53.349998474121094,54.70000076293945,53.20000076293945,54.04999923706055,127345006,yfinance,False
2025-10-10,52.04999923706055,52.04999923706055,52.95000076293945,51.70000076293945,52.79999923706055,168448674,yfinance,False
2025-10-13,49.08000183105469,49.08000183105469,50.900001525878906,47.5,49.70000076293945,488936850,yfinance,False
2025-10-14,48.619998931884766,48.619998931884766,50.45000076293945,48.220001220703125,49.2599983215332,219783395,yfinance,False
2025-10-15,49.47999954223633,49.47999954223633,49.86000061035156,48.959999084472656,49.459999084472656,119162669,yfinance,False
2025-10-16,47.70000076293945,47.70000076293945,49.70000076293945,47.31999969482422,49.65999984741211,248814161,yfinance,False
2025-10-17,45.959999084472656,45.959999084472656,47.880001068115234,45.7400016784668,47.540000915527344,264728170,yfinance,False
2025-10-20,47.13999938964844,47.13999938964844,47.68000030517578,46.619998931884766,46.97999954223633,139718028,yfinance,False
2025-10-21,46.459999084472656,46.459999084472656,48.13999938964844,46.29999923706055,48.13999938964844,164163711,yfinance,False
2025-10-22,46.34000015258789,46.34000015258789,46.7400016784668,45.70000076293945,46.0,121391262,yfinance,False
2025-10-23,46.7400016784668,46.7400016784668,47.08000183105469,45.70000076293945,46.02000045776367,106829656,yfinance,False
2025-10-24,45.91999816894531,45.91999816894531,47.400001525878906,45.7400016784668,47.099998474121094,170946122,yfinance,False
2025-10-27,45.79999923706055,45.79999923706055,46.0,43.880001068115234,45.720001220703125,282836746,yfinance,False
2025-10-28,44.91999816894531,44.91999816894531,45.47999954223633,44.29999923706055,45.400001525878906,184222833,yfinance,False
2025-10-30,44.15999984741211,44.15999984741211,45.0,43.5,44.560001373291016,246926143,yfinance,False
2025-10-31,43.20000076293945,43.20000076293945,44.040000915527344,43.20000076293945,43.599998474121094,139914873,yfinance,False
2025-11-03,44.720001220703125,44.720001220703125,45.08000183105469,43.79999923706055,43.79999923706055,210374637,yfinance,False
2025-11-04,43.41999816894531,43.41999816894531,44.900001525878906,43.279998779296875,44.720001220703125,136346196,yfinance,False
2025-11-05,43.31999969482422,43.31999969482422,43.31999969482422,42.15999984741211,42.599998474121094,127723032,yfinance,False
2025-11-06,43.439998626708984,43.439998626708984,43.70000076293945,42.91999816894531,43.619998931884766,122167159,yfinance,False
2025-11-07,42.2400016784668,42.2400016784668,43.20000076293945,41.91999816894531,43.20000076293945,175915458,yfinance,False
2025-11-10,42.36000061035156,42.36000061035156,42.86000061035156,41.68000030517578,42.2400016784668,163981822,yfinance,False
2025-11-11,42.97999954223633,42.97999954223633,43.41999816894531,42.36000061035156,42.63999938964844,152392565,yfinance,False
2025-11-12,43.70000076293945,43.70000076293945,44.619998931884766,42.86000061035156,43.400001525878906,219603402,yfinance,False
2025-11-13,43.5,43.5,44.2400016784668,42.900001525878906,43.7599983215332,158595312,yfinance,False
2025-11-14,42.36000061035156,42.36000061035156,42.86000061035156,42.279998779296875,42.599998474121094,139429210,yfinance,False
2025-11-17,41.959999084472656,41.959999084472656,42.779998779296875,41.70000076293945,42.400001525878906,131317369,yfinance,False
2025-11-18,40.779998779296875,40.779998779296875,41.779998779296875,40.52000045776367,41.779998779296875,214473888,yfinance,False
2025-11-19,38.81999969482422,38.81999969482422,40.97999954223633,38.220001220703125,40.0,480542429,yfinance,False
2025-11-20,37.70000076293945,37.70000076293945,38.86000061035156,37.29999923706055,38.79999923706055,348136827,yfinance,False
2025-11-21,38.08000183105469,38.08000183105469,38.900001525878906,36.619998931884766,36.79999923706055,417607492,yfinance,False
2025-11-24,38.65999984741211,38.65999984741211,38.939998626708984,37.7599983215332,38.79999923706055,236144311,yfinance,False
2025-11-25,40.34000015258789,40.34000015258789,41.099998474121094,39.58000183105469,39.79999923706055,317034207,yfinance,False
2025-11-26,40.099998474121094,40.099998474121094,41.119998931884766,39.900001525878906,40.58000183105469,200500143,yfinance,False
2025-11-27,41.099998474121094,41.099998474121094,41.79999923706055,40.220001220703125,40.2400016784668,209296970,yfinance,False
2025-11-28,41.02000045776367,41.02000045776367,41.20000076293945,40.619998931884766,41.18000030517578,85614446,yfinance,False
2025-12-01,40.29999923706055,40.29999923706055,41.279998779296875,39.84000015258789,41.2400016784668,195409729,yfinance,False
2025-12-02,40.70000076293945,40.70000076293945,41.29999923706055,40.08000183105469,40.540000915527344,140246380,yfinance,False
2025-12-03,40.220001220703125,40.220001220703125,40.939998626708984,40.099998474121094,40.70000076293945,107270957,yfinance,False
2025-12-04,41.97999954223633,41.97999954223633,42.15999984741211,40.18000030517578,40.34000015258789,186514763,yfinance,False
2025-12-05,42.779998779296875,42.779998779296875,43.18000030517578,41.29999923706055,41.70000076293945,274587981,yfinance,False
2025-12-08,42.58000183105469,42.58000183105469,43.63999938964844,42.02000045776367,42.91999816894531,242628730,yfinance,False
2025-12-09,41.2599983215332,41.2599983215332,42.880001068115234,41.02000045776367,42.47999954223633,182989838,yfinance,False
2025-12-10,41.779998779296875,41.779998779296875,41.939998626708984,40.86000061035156,41.31999969482422,113257196,yfinance,False
2025-12-11,42.18000030517578,42.18000030517578,42.459999084472656,41.599998474121094,41.779998779296875,123140679,yfinance,False
2025-12-12,42.959999084472656,42.959999084472656,43.599998474121094,42.18000030517578,42.65999984741211,243323268,yfinance,False
2025-12-15,41.84000015258789,41.84000015258789,42.599998474121094,41.720001220703125,42.29999923706055,132614562,yfinance,False
2025-12-16,40.900001525878906,40.900001525878906,41.5,40.29999923706055,41.29999923706055,145947185,yfinance,False
2025-12-17,41.220001220703125,41.220001220703125,41.459999084472656,40.400001525878906,41.279998779296875,101356700,yfinance,False
2025-12-18,40.20000076293945,40.20000076293945,40.439998626708984,39.900001525878906,40.380001068115234,128195819,yfinance,False
2025-12-19,40.540000915527344,40.540000915527344,40.63999938964844,39.900001525878906,40.439998626708984,108587118,yfinance,False
2025-12-22,39.79999923706055,39.79999923706055,40.619998931884766,39.5,40.380001068115234,165917014,yfinance,False
2025-12-23,39.20000076293945,39.20000076293945,39.7599983215332,39.060001373291016,39.70000076293945,127074303,yfinance,False
2025-12-24,39.20000076293945,39.20000076293945,39.20000076293945,39.20000076293945,39.20000076293945,0,yfinance,False
2025-12-29,38.58000183105469,38.58000183105469,39.959999084472656,37.939998626708984,38.68000030517578,195594721,yfinance,False
2025-12-30,39.36000061035156,39.36000061035156,39.720001220703125,38.459999084472656,38.58000183105469,107157354,yfinance,False
2025-12-31,39.20000076293945,39.20000076293945,39.20000076293945,39.20000076293945,39.20000076293945,0,yfinance,False
2026-01-02,40.279998779296875,40.279998779296875,40.5,39.220001220703125,39.400001525878906,61202300,yfinance,False
2026-01-05,39.34000015258789,39.34000015258789,40.599998474121094,39.13999938964844,40.599998474121094,159063197,yfinance,False
2026-01-06,38.7599983215332,38.7599983215332,39.400001525878906,38.7400016784668,39.220001220703125,196715183,yfinance,False
2026-01-07,38.15999984741211,38.15999984741211,39.20000076293945,38.02000045776367,38.7599983215332,190926334,yfinance,False
2026-01-08,38.02000045776367,38.02000045776367,38.18000030517578,37.29999923706055,38.0,173278787,yfinance,False
2026-01-09,37.81999969482422,37.81999969482422,38.5,37.63999938964844,38.08000183105469,124268815,yfinance,False
2026-01-12,38.7400016784668,38.7400016784668,38.7599983215332,37.18000030517578,37.7400016784668,213876786,yfinance,False
2026-01-13,37.97999954223633,37.97999954223633,39.47999954223633,37.880001068115234,39.279998779296875,209118651,yfinance,False
2026-01-14,37.779998779296875,37.779998779296875,38.47999954223633,37.58000183105469,37.97999954223633,176626667,yfinance,False
2026-01-15,37.86000061035156,37.86000061035156,38.2400016784668,37.36000061035156,37.779998779296875,116208908,yfinance,False
2026-01-16,37.099998474121094,37.099998474121094,38.36000061035156,37.0,38.0,197999131,yfinance,False
2026-01-19,36.47999954223633,36.47999954223633,36.81999969482422,36.220001220703125,36.619998931884766,182457077,yfinance,False
2026-01-20,35.47999954223633,35.47999954223633,36.63999938964844,35.439998626708984,36.02000045776367,224571684,yfinance,False
2026-01-21,35.41999816894531,35.41999816894531,35.7400016784668,34.5,35.099998474121094,266881560,yfinance,False
2026-01-22,35.2400016784668,35.2400016784668,35.79999923706055,34.720001220703125,35.7400016784668,134701337,yfinance,False
2026-01-23,36.2400016784668,36.2400016784668,36.439998626708984,35.5,35.5,178365582,yfinance,False
2026-01-26,35.220001220703125,35.220001220703125,36.36000061035156,35.02000045776367,36.36000061035156,156493519,yfinance,False
2026-01-27,35.560001373291016,35.560001373291016,35.7599983215332,35.0,35.2400016784668,113268822,yfinance,False
2026-01-28,36.31999969482422,36.31999969482422,36.31999969482422,35.380001068115234,35.560001373291016,149736767,yfinance,False
2026-01-29,36.619998931884766,36.619998931884766,37.5,35.619998931884766,35.959999084472656,181865895,yfinance,False
2026-01-30,35.5,35.5,36.400001525878906,35.5,36.20000076293945,142212291,yfinance,False
2026-02-02,35.060001373291016,35.060001373291016,35.36000061035156,34.36000061035156,35.20000076293945,184610777,yfinance,False
2026-02-03,34.599998474121094,34.599998474121094,35.279998779296875,34.36000061035156,34.81999969482422,141720849,yfinance,False
2026-02-04,33.959999084472656,33.959999084472656,34.599998474121094,33.70000076293945,34.52000045776367,181137056,yfinance,False
2026-02-05,34.91999816894531,34.91999816894531,35.13999938964844,33.31999969482422,33.79999923706055,203360331,yfinance,False
2026-02-06,35.18000030517578,35.18000030517578,35.47999954223633,34.29999923706055,34.31999969482422,134239254,yfinance,False
2026-02-09,35.20000076293945,35.20000076293945,35.619998931884766,34.97999954223633,35.380001068115234,123593633,yfinance,False
2026-02-10,35.58000183105469,35.58000183105469,36.15999984741211,35.459999084472656,35.5,107406481,yfinance,False
2026-02-11,37.099998474121094,37.099998474121094,37.5,35.52000045776367,35.79999923706055,223116919,yfinance,False
2026-02-12,36.52000045776367,36.52000045776367,37.2599983215332,36.29999923706055,37.099998474121094,143588099,yfinance,False
2026-02-13,36.84000015258789,36.84000015258789,37.0,35.779998779296875,36.29999923706055,127717263,yfinance,False
2026-02-16,36.5,36.5,36.5,36.5,36.5,0,yfinance,False
2026-02-20,35.36000061035156,35.36000061035156,36.86000061035156,35.31999969482422,36.65999984741211,93269892,yfinance,False
2026-02-23,36.560001373291016,36.560001373291016,36.7599983215332,35.70000076293945,35.86000061035156,85749873,yfinance,False
2026-02-24,35.7400016784668,35.7400016784668,36.47999954223633,35.439998626708984,36.08000183105469,142300259,yfinance,False
2026-02-25,35.599998474121094,35.599998474121094,36.02000045776367,35.439998626708984,35.7400016784668,95406041,yfinance,False
2026-02-26,35.18000030517578,35.18000030517578,36.29999923706055,35.18000030517578,35.7599983215332,122377342,yfinance,False
2026-02-27,34.900001525878906,34.900001525878906,35.2400016784668,34.619998931884766,34.900001525878906,136362387,yfinance,False
2026-03-02,33.13999938964844,33.13999938964844,34.36000061035156,33.0,34.20000076293945,316564745,yfinance,False
2026-03-03,31.579999923706055,31.579999923706055,33.15999984741211,31.459999084472656,33.13999938964844,279341876,yfinance,False
2026-03-04,32.0,32.0,32.560001373291016,31.200000762939453,31.459999084472656,205303841,yfinance,False
2026-03-05,32.20000076293945,32.20000076293945,33.040000915527344,32.099998474121094,32.560001373291016,134042468,yfinance,False
2026-03-06,33.41999816894531,33.41999816894531,34.13999938964844,31.979999542236328,32.47999954223633,293556057,yfinance,False
2026-03-09,33.68000030517578,33.68000030517578,33.81999969482422,32.560001373291016,32.68000030517578,176802011,yfinance,False
2026-03-10,33.619998931884766,33.619998931884766,34.560001373291016,33.2400016784668,34.560001373291016,144887256,yfinance,False
2026-03-11,33.34000015258789,33.34000015258789,33.97999954223633,33.13999938964844,33.619998931884766,127324683,yfinance,False
2026-03-12,33.29999923706055,33.29999923706055,33.720001220703125,33.0,33.08000183105469,78757356,yfinance,False
2026-03-13,33.31999969482422,33.31999969482422,33.68000030517578,32.779998779296875,33.29999923706055,90631843,yfinance,False
2026-03-16,35.20000076293945,35.20000076293945,35.279998779296875,33.400001525878906,33.52000045776367,227090440,yfinance,False
2026-03-17,35.36000061035156,35.36000061035156,36.619998931884766,35.220001220703125,35.400001525878906,206256757,yfinance,False
2026-03-18,35.13999938964844,35.13999938964844,35.79999923706055,34.560001373291016,35.380001068115234,138424731,yfinance,False
2026-03-19,36.31999969482422,36.31999969482422,37.18000030517578,35.70000076293945,36.060001373291016,348023057,yfinance,False
2026-03-20,33.20000076293945,33.20000076293945,35.63999938964844,33.20000076293945,35.5,396613712,yfinance,False
2026-03-23,32.060001373291016,32.060001373291016,33.040000915527344,31.6200008392334,32.900001525878906,252029044,yfinance,False
2026-03-24,32.68000030517578,32.68000030517578,32.86000061035156,32.060001373291016,32.400001525878906,167841875,yfinance,False
2026-03-25,32.52000045776367,32.52000045776367,32.939998626708984,31.520000457763672,32.040000915527344,313561967,yfinance,False
2026-03-26,32.439998626708984,32.439998626708984,33.18000030517578,32.220001220703125,32.36000061035156,200494255,yfinance,False
2026-03-27,33.0,33.0,33.400001525878906,31.920000076293945,32.29999923706055,143817444,yfinance,False
2026-03-30,32.380001068115234,32.380001068115234,32.619998931884766,32.040000915527344,32.29999923706055,146061694,yfinance,False
2026-03-31,31.760000228881836,31.760000228881836,32.86000061035156,31.520000457763672,32.380001068115234,173246657,yfinance,False
2026-04-01,32.02000045776367,32.02000045776367,32.63999938964844,31.579999923706055,32.36000061035156,158899200,yfinance,False
2026-04-02,30.8799991607666,30.8799991607666,31.719999313354492,30.520000457763672,31.700000762939453,260224828,yfinance,False
2026-04-08,32.7599983215332,32.7599983215332,32.7599983215332,31.540000915527344,31.540000915527344,256433453,yfinance,False
2026-04-09,31.360000610351562,31.360000610351562,32.34000015258789,31.280000686645508,32.31999969482422,168319928,yfinance,False
2026-04-10,30.899999618530273,30.899999618530273,31.959999084472656,30.84000015258789,31.420000076293945,168300156,yfinance,False
2026-04-13,30.65999984741211,30.65999984741211,30.760000228881836,30.260000228881836,30.700000762939453,118774442,yfinance,False
2026-04-14,30.8799991607666,30.8799991607666,31.260000228881836,30.440000534057617,31.15999984741211,108582040,yfinance,False
2026-04-15,30.899999618530273,30.899999618530273,31.34000015258789,30.639999389648438,31.200000762939453,105366843,yfinance,False
2026-04-16,32.060001373291016,32.060001373291016,32.220001220703125,31.059999465942383,31.059999465942383,183635718,yfinance,False
2026-04-17,32.0,32.0,32.18000030517578,31.31999969482422,31.780000686645508,119020532,yfinance,False
2026-04-20,32.31999969482422,32.31999969482422,32.939998626708984,31.84000015258789,32.02000045776367,125873323,yfinance,False
2026-04-21,32.400001525878906,32.400001525878906,32.58000183105469,32.02000045776367,32.31999969482422,72569687,yfinance,False
2026-04-22,31.799999237060547,31.799999237060547,32.20000076293945,31.719999313354492,32.18000030517578,81506568,yfinance,False
2026-04-23,31.18000030517578,31.18000030517578,31.799999237060547,30.84000015258789,31.799999237060547,135471125,yfinance,False
2026-04-24,31.200000762939453,31.200000762939453,31.34000015258789,30.799999237060547,31.0,77321253,yfinance,False
2026-04-27,31.100000381469727,31.100000381469727,31.34000015258789,30.6200008392334,31.200000762939453,88584715,yfinance,False
2026-04-28,29.920000076293945,29.920000076293945,31.200000762939453,29.899999618530273,31.100000381469727,211802864,yfinance,False
2026-04-29,30.139999389648438,30.139999389648438,30.360000610351562,29.700000762939453,29.920000076293945,167446422,yfinance,False
2026-04-30,29.020000457763672,29.020000457763672,29.8799991607666,28.799999237060547,29.81999969482422,284581634,yfinance,False
2026-05-04,30.979999542236328,30.979999542236328,32.13999938964844,29.059999465942383,29.059999465942383,234369711,yfinance,False
2026-05-05,30.459999084472656,30.459999084472656,30.920000076293945,29.84000015258789,30.799999237060547,110953102,yfinance,False
2026-05-06,30.81999969482422,30.81999969482422,31.18000030517578,30.299999237060547,30.520000457763672,208359203,yfinance,False
2026-05-07,31.1200008392334,31.1200008392334,31.479999542236328,30.760000228881836,31.219999313354492,142253475,yfinance,False
2026-05-08,31.68000030517578,31.68000030517578,31.920000076293945,30.860000610351562,31.020000457763672,132137552,yfinance,False
2026-05-11,31.700000762939453,31.700000762939453,32.0,31.079999923706055,31.520000457763672,113289085,yfinance,False
2026-05-12,31.459999084472656,31.459999084472656,32.099998474121094,31.360000610351562,31.700000762939453,96395374,yfinance,False
2026-05-13,31.799999237060547,31.799999237060547,32.08000183105469,31.1200008392334,31.520000457763672,102172260,yfinance,False
2026-05-14,31.719999313354492,31.719999313354492,32.880001068115234,31.719999313354492,32.5,160864410,yfinance,False
2026-05-15,30.700000762939453,30.700000762939453,31.719999313354492,30.459999084472656,31.600000381469727,152641980,yfinance,False
2026-05-18,30.65999984741211,30.65999984741211,31.059999465942383,30.139999389648438,31.0,116608436,yfinance,False
2026-05-19,30.639999389648438,30.639999389648438,31.059999465942383,30.34000015258789,30.68000030517578,89701522,yfinance,False
2026-05-20,30.139999389648438,30.139999389648438,30.540000915527344,29.860000610351562,30.540000915527344,109868643,yfinance,False
2026-05-21,29.65999984741211,29.65999984741211,30.600000381469727,29.420000076293945,30.200000762939453,117068449,yfinance,False
2026-05-22,30.0,30.0,30.18000030517578,29.739999771118164,30.079999923706055,100960958,yfinance,False
2026-05-26,29.760000228881836,29.760000228881836,30.520000457763672,29.299999237060547,30.0,148283733,yfinance,False
2026-05-27,28.399999618530273,28.399999618530273,30.68000030517578,28.239999771118164,29.600000381469727,283417486,yfinance,False
2026-05-28,28.559999465942383,28.559999465942383,28.760000228881836,27.5,28.34000015258789,238003859,yfinance,False
2026-05-29,28.040000915527344,28.040000915527344,28.6200008392334,27.520000457763672,28.559999465942383,248812612,yfinance,False
2026-06-01,28.719999313354492,28.719999313354492,28.959999084472656,28.040000915527344,28.040000915527344,164616523,yfinance,False
2026-06-02,29.6200008392334,29.6200008392334,29.739999771118164,28.600000381469727,28.799999237060547,178513477,yfinance,False
2026-06-03,28.579999923706055,28.579999923706055,29.68000030517578,28.540000915527344,29.5,142370227,yfinance,False
2026-06-04,28.3799991607666,28.3799991607666,28.760000228881836,28.059999465942383,28.6200008392334,88262656,yfinance,False
2026-06-05,27.799999237060547,27.799999237060547,28.739999771118164,27.799999237060547,28.6200008392334,154054795,yfinance,False
2026-06-08,27.3799991607666,27.3799991607666,28.100000381469727,26.979999542236328,27.34000015258789,152036878,yfinance,False
2026-06-09,27.200000762939453,27.200000762939453,27.459999084472656,26.979999542236328,27.100000381469727,103973917,yfinance,False
2026-06-10,26.31999969482422,26.31999969482422,27.020000457763672,25.780000686645508,27.020000457763672,226252092,yfinance,False
2026-06-11,25.84000015258789,25.84000015258789,26.459999084472656,25.579999923706055,26.200000762939453,124356371,yfinance,False
2026-06-12,26.200000762939453,26.200000762939453,26.5,25.959999084472656,26.059999465942383,131880583,yfinance,False
2026-06-15,26.260000228881836,26.260000228881836,26.780000686645508,26.18000030517578,26.700000762939453,94789343,yfinance,False
2026-06-16,25.65999984741211,25.65999984741211,26.360000610351562,25.5,26.260000228881836,113820644,yfinance,False
2026-06-17,25.420000076293945,25.420000076293945,25.780000686645508,25.139999389648438,25.639999389648438,109311095,yfinance,False
2026-06-18,24.579999923706055,24.579999923706055,25.100000381469727,24.360000610351562,25.100000381469727,199675798,yfinance,False
2026-06-22,23.719999313354492,23.719999313354492,24.299999237060547,23.520000457763672,24.200000762939453,241866864,yfinance,False
2026-06-23,22.6200008392334,22.6200008392334,23.600000381469727,22.5,23.5,244561408,yfinance,False
2026-06-24,22.959999084472656,22.959999084472656,23.15999984741211,22.260000228881836,22.6200008392334,219904218,yfinance,False
2026-06-25,22.299999237060547,22.299999237060547,22.799999237060547,21.860000610351562,22.739999771118164,178920826,yfinance,False
2026-06-26,21.420000076293945,21.420000076293945,22.15999984741211,21.299999237060547,21.979999542236328,191622768,yfinance,False
2026-06-29,21.860000610351562,21.860000610351562,22.280000686645508,21.399999618530273,21.700000762939453,206092162,yfinance,False
2026-06-30,21.639999389648438,21.639999389648438,22.100000381469727,21.34000015258789,21.8799991607666,173878074,yfinance,False
2026-07-02,22.600000381469727,22.600000381469727,22.8799991607666,22.020000457763672,22.399999618530273,222813169,yfinance,False
2026-07-03,22.959999084472656,22.959999084472656,24.100000381469727,22.799999237060547,22.979999542236328,268232162,yfinance,False
2026-07-06,23.280000686645508,23.280000686645508,23.760000228881836,22.579999923706055,23.299999237060547,160205588,yfinance,False
2026-07-07,23.100000381469727,23.100000381469727,24.18000030517578,23.020000457763672,23.299999237060547,202757349,yfinance,False
2026-07-08,25.299999237060547,25.299999237060547,25.65999984741211,23.360000610351562,23.5,409721593,yfinance,False
2026-07-09,25.0,25.0,26.15999984741211,24.479999542236328,25.420000076293945,348613728,yfinance,False
2026-07-10,25.84000015258789,25.84000015258789,26.299999237060547,24.5,25.219999313354492,254498794,yfinance,False
2026-07-13,25.84000015258789,25.84000015258789,26.780000686645508,25.579999923706055,25.84000015258789,206564861,yfinance,False
2026-07-14,26.040000915527344,26.040000915527344,26.280000686645508,25.239999771118164,26.059999465942383,235763261,yfinance,False
2026-07-15,25.860000610351562,25.860000610351562,26.200000762939453,25.280000686645508,26.040000915527344,151795185,yfinance,False
2026-07-16,27.5,27.5,27.860000610351562,26.100000381469727,26.1200008392334,319311311,yfinance,False
2026-07-17,26.8799991607666,26.8799991607666,28.219999313354492,26.360000610351562,28.079999923706055,279882322,yfinance,False
2026-07-20,27.739999771118164,27.739999771118164,27.860000610351562,27.040000915527344,27.5,167547303,yfinance,False
2026-07-21,27.420000076293945,27.420000076293945,28.15999984741211,27.239999771118164,27.34000015258789,158569307,yfinance,False
2026-07-22,26.68000030517578,26.68000030517578,27.34000015258789,26.299999237060547,27.34000015258789,147613446,yfinance,False
2026-07-23,27.139999389648438,27.139999389648438,27.200000762939453,26.040000915527344,26.399999618530273,87139468,yfinance,False
2026-07-24,26.719999313354492,26.719999313354492,27.459999084472656,26.440000534057617,26.540000915527344,100009828,yfinance,False
2026-07-27,28.68000030517578,28.68000030517578,29.079999923706055,26.84000015258789,26.899999618530273,274937407,yfinance,False
2026-07-28,29.260000228881836,29.260000228881836,29.65999984741211,28.579999923706055,29.200000762939453,227304562,yfinance,False
2026-07-29,31.8799991607666,31.8799991607666,32.0,29.479999542236328,29.700000762939453,482247702,yfinance,False
2026-07-30,31.040000915527344,31.040000915527344,32.400001525878906,30.799999237060547,32.400001525878906,242298426,yfinance,False
2026-07-31,28.780000686645508,28.780000686645508,29.5,27.760000228881836,29.299999237060547,414222166,yfinance,False
2026-08-03,27.959999084472656,27.959999084472656,28.760000228881836,27.200000762939453,28.739999771118164,291271451,yfinance,False
2026-08-04,27.959999084472656,27.959999084472656,28.34000015258789,27.18000030517578,27.860000610351562,154554311,yfinance,False
2026-08-05,27.639999389648438,27.639999389648438,28.399999618530273,27.459999084472656,28.0,140378692,yfinance,False
2026-08-06,26.860000610351562,26.860000610351562,28.040000915527344,26.639999389648438,27.639999389648438,199623572,yfinance,False
2026-08-07,27.059999465942383,27.059999465942383,27.15999984741211,26.059999465942383,26.65999984741211,148233931,yfinance,False
2026-08-10,27.6200008392334,27.6200008392334,27.81999969482422,26.81999969482422,27.100000381469727,149650782,yfinance,False
2026-08-11,26.65999984741211,26.65999984741211,27.559999465942383,26.600000381469727,27.3799991607666,120335468,yfinance,False
2026-08-12,26.360000610351562,26.360000610351562,26.520000457763672,26.1200008392334,26.459999084472656,106974043,yfinance,False
2026-08-13,25.8799991607666,25.8799991607666,26.479999542236328,25.799999237060547,26.100000381469727,116473440,yfinance,False
2026-08-14,25.6200008392334,25.6200008392334,26.1200008392334,25.440000534057617,25.860000610351562,91055676,yfinance,False
2026-08-17,25.8799991607666,25.8799991607666,26.239999771118164,25.799999237060547,25.799999237060547,100082735,yfinance,False
2026-08-18,26.18000030517578,26.18000030517578,26.540000915527344,25.219999313354492,25.5,179217011,yfinance,False
2026-08-19,27.440000534057617,27.440000534057617,28.079999923706055,26.3799991607666,26.959999084472656,339866011,yfinance,False
2026-08-20,27.760000228881836,27.760000228881836,28.639999389648438,27.5,27.780000686645508,178685384,yfinance,False
2026-08-21,29.020000457763672,29.020000457763672,29.100000381469727,28.0,28.399999618530273,180377953,yfinance,False
2026-08-24,27.81999969482422,27.81999969482422,28.84000015258789,27.540000915527344,28.600000381469727,158110022,yfinance,False
2026-08-25,27.760000228881836,27.760000228881836,28.479999542236328,27.639999389648438,28.31999969482422,81489138,yfinance,False
2026-08-26,28.459999084472656,28.459999084472656,29.139999389648438,27.799999237060547,28.0,142477417,yfinance,False
2026-08-27,27.479999542236328,27.479999542236328,28.639999389648438,27.360000610351562,28.459999084472656,145686928,yfinance,False
2026-08-28,27.81999969482422,27.81999969482422,28.260000228881836,27.360000610351562,27.479999542236328,85331331,yfinance,False
2026-08-31,27.6200008392334,27.6200008392334,27.959999084472656,27.420000076293945,27.8799991607666,90434800,yfinance,False
2026-09-01,27.559999465942383,27.559999465942383,28.1200008392334,27.360000610351562,27.520000457763672,86622519,yfinance,False
2026-09-02,28.059999465942383,28.059999465942383,28.139999389648438,27.079999923706055,27.5,115694198,yfinance,False
2026-09-03,27.440000534057617,27.440000534057617,28.559999465942383,27.020000457763672,28.299999237060547,117455962,yfinance,False
2026-09-04,28.440000534057617,28.440000534057617,28.760000228881836,27.65999984741211,27.68000030517578,178857691,yfinance,False
2026-09-07,27.5,27.5,28.399999618530273,27.1200008392334,28.219999313354492,172668949,yfinance,False
2026-09-08,26.920000076293945,26.920000076293945,27.360000610351562,26.559999465942383,27.260000228881836,169791507,yfinance,False
2026-09-09,26.3799991607666,26.3799991607666,26.799999237060547,26.100000381469727,26.700000762939453,120334499,yfinance,False
2026-09-10,25.920000076293945,25.920000076293945,26.399999618530273,25.68000030517578,26.040000915527344,148663013,yfinance,False
2026-09-11,26.360000610351562,26.360000610351562,26.65999984741211,25.440000534057617,25.65999984741211,113533443,yfinance,False
2026-09-14,27.15999984741211,27.15999984741211,27.34000015258789,26.420000076293945,26.420000076293945,110183277,yfinance,False
2026-09-15,26.5,26.5,27.399999618530273,26.5,27.1200008392334,77282311,yfinance,False
2026-09-16,26.18000030517578,26.18000030517578,26.65999984741211,25.920000076293945,26.5,74216945,yfinance,False
2026-09-17,26.139999389648438,26.139999389648438,26.440000534057617,25.559999465942383,25.700000762939453,89304650,yfinance,False
2026-09-18,26.399999618530273,26.399999618530273,26.65999984741211,25.979999542236328,26.15999984741211,109848697,yfinance,False
2026-09-21,27.579999923706055,27.579999923706055,27.579999923706055,26.34000015258789,26.399999618530273,137700004,yfinance,False
2026-09-22,27.200000762939453,27.200000762939453,28.219999313354492,27.059999465942383,27.979999542236328,127872906,yfinance,False
2026-09-23,26.18000030517578,26.18000030517578,27.280000686645508,26.15999984741211,27.280000686645508,126019027,yfinance,False
2026-09-24,26.579999923706055,26.579999923706055,26.68000030517578,26.1200008392334,26.139999389648438,82395440,yfinance,False
2026-09-25,25.899999618530273,25.899999618530273,26.200000762939453,25.360000610351562,26.18000030517578,78353485,yfinance,False
2026-09-28,25.860000610351562,25.860000610351562,26.299999237060547,25.540000915527344,25.979999542236328,110319222,yfinance,False
2026-09-29,25.200000762939453,25.200000762939453,25.899999618530273,25.040000915527344,25.899999618530273,146204949,yfinance,False
2026-09-30,25.239999771118164,25.239999771118164,25.420000076293945,24.81999969482422,25.200000762939453,120214000,yfinance,False
2026-10-02,24.239999771118164,24.239999771118164,24.700000762939453,23.739999771118164,24.6200008392334,129403051,yfinance,False
2026-10-05,23.920000076293945,23.920000076293945,24.079999923706055,23.700000762939453,23.8799991607666,31095982,yfinance,False
