Date,Adj Close,Close,High,Low,Open,Volume,source,is_stale
2010-01-04,20.253870010375977,33.75,34.25,33.150001525878906,34.025001525878906,10568096,yfinance,False
2010-01-05,21.004011154174805,35.0,35.099998474121094,33.75,33.79999923706055,27460382,yfinance,False
2010-01-06,21.22905158996582,35.375,35.650001525878906,34.974998474121094,35.29999923706055,26959426,yfinance,False
2010-01-07,21.034011840820312,35.04999923706055,35.67499923706055,34.79999923706055,35.67499923706055,24715978,yfinance,False
2010-01-08,20.9740047454834,34.95000076293945,35.375,34.625,35.125,13257738,yfinance,False
2010-01-11,21.349077224731445,35.57500076293945,36.0,35.32500076293945,35.75,20433656,yfinance,False
2010-01-12,21.30406951904297,35.5,35.79999923706055,34.900001525878906,35.625,13853468,yfinance,False
2010-01-13,20.253870010375977,33.75,34.75,33.525001525878906,34.54999923706055,35673636,yfinance,False
2010-01-14,20.088830947875977,33.474998474121094,34.474998474121094,33.400001525878906,34.0,21818662,yfinance,False
2010-01-15,20.388893127441406,33.974998474121094,32.974998474121094,33.400001525878906,33.57500076293945,19517458,yfinance,False
2010-01-18,20.11884307861328,33.525001525878906,33.75,33.0,33.17499923706055,14000708,yfinance,False
2010-01-19,20.28386688232422,33.79999923706055,33.900001525878906,33.099998474121094,33.400001525878906,11382518,yfinance,False
2010-01-20,19.818782806396484,33.025001525878906,33.79999923706055,32.875,33.54999923706055,20649700,yfinance,False
2010-01-21,19.143653869628906,31.899999618530273,33.025001525878906,31.75,33.025001525878906,33853452,yfinance,False
2010-01-22,18.81359100341797,31.350000381469727,31.725000381469727,31.0,31.25,41253528,yfinance,False
2010-01-25,18.75357437133789,31.25,31.475000381469727,30.774999618530273,31.075000762939453,19560164,yfinance,False
2010-01-26,17.793399810791016,29.649999618530273,31.075000762939453,29.549999237060547,31.024999618530273,33586996,yfinance,False
2010-01-27,17.76339340209961,29.600000381469727,30.549999237060547,29.299999237060547,29.75,33374622,yfinance,False
2010-01-28,18.003437042236328,30.0,30.5,29.799999237060547,30.0,16338702,yfinance,False
2010-01-29,18.243484497070312,30.399999618530273,30.725000381469727,29.5,29.5,28261946,yfinance,False
2010-02-01,18.468528747558594,30.774999618530273,30.899999618530273,29.975000381469727,30.225000381469727,16842456,yfinance,False
2010-02-02,18.34850311279297,30.575000762939453,31.25,30.049999237060547,31.125,12852452,yfinance,False
2010-02-03,18.858600616455078,31.424999237060547,31.774999618530273,30.375,30.75,20045688,yfinance,False
2010-02-04,18.603551864624023,31.0,31.424999237060547,30.674999237060547,31.424999237060547,8747190,yfinance,False
2010-02-05,17.82340431213379,29.700000762939453,29.975000381469727,29.549999237060547,29.600000381469727,26521922,yfinance,False
2010-02-08,17.523345947265625,29.200000762939453,29.975000381469727,28.924999237060547,29.625,20759210,yfinance,False
2010-02-09,17.76339340209961,29.600000381469727,29.950000762939453,29.200000762939453,29.200000762939453,13728578,yfinance,False
2010-02-10,18.123456954956055,30.200000762939453,30.399999618530273,29.75,29.75,12883958,yfinance,False
2010-02-11,18.708572387695312,31.174999237060547,31.25,30.274999618530273,30.274999618530273,15160740,yfinance,False
2010-02-12,18.393508911132812,30.649999618530273,31.075000762939453,30.600000381469727,30.899999618530273,13209212,yfinance,False
2010-02-17,18.543542861938477,30.899999618530273,31.399999618530273,30.649999618530273,31.399999618530273,8704480,yfinance,False
2010-02-18,18.34850311279297,30.575000762939453,31.049999237060547,30.450000762939453,31.049999237060547,5809400,yfinance,False
2010-02-19,17.8684139251709,29.774999618530273,30.549999237060547,29.524999618530273,30.174999237060547,11144494,yfinance,False
2010-02-22,18.273488998413086,30.450000762939453,30.975000381469727,30.399999618530273,30.875,9350224,yfinance,False
2010-02-23,17.913414001464844,29.850000381469727,29.924999237060547,29.100000381469727,29.450000762939453,34857122,yfinance,False
2010-02-24,17.718379974365234,29.524999618530273,29.725000381469727,29.174999237060547,29.700000762939453,16657172,yfinance,False
2010-02-25,17.448328018188477,29.075000762939453,29.700000762939453,29.049999237060547,29.399999618530273,16104342,yfinance,False
2010-02-26,17.76339340209961,29.600000381469727,29.75,29.325000762939453,29.5,12703750,yfinance,False
2010-03-01,18.258485794067383,30.424999237060547,30.600000381469727,30.0,30.100000381469727,26635046,yfinance,False
2010-03-02,18.363506317138672,30.600000381469727,30.875,30.524999618530273,30.75,12653378,yfinance,False
2010-03-03,18.258485794067383,30.424999237060547,30.5,30.125,30.350000381469727,10929664,yfinance,False
2010-03-04,18.063451766967773,30.100000381469727,30.75,29.799999237060547,30.75,17210212,yfinance,False
2010-03-05,17.988433837890625,29.975000381469727,30.575000762939453,29.825000762939453,30.5,22148976,yfinance,False
2010-03-08,18.558542251586914,30.924999237060547,31.0,30.424999237060547,30.725000381469727,16305508,yfinance,False
2010-03-09,19.09864616394043,31.825000762939453,31.899999618530273,30.774999618530273,30.950000762939453,29414554,yfinance,False
2010-03-10,19.248668670654297,32.07500076293945,32.29999923706055,31.700000762939453,32.0,19410170,yfinance,False
2010-03-11,19.27867889404297,32.125,32.375,31.475000381469727,32.375,12233122,yfinance,False
2010-03-12,19.38370132446289,32.29999923706055,32.54999923706055,31.899999618530273,32.25,16230476,yfinance,False
2010-03-15,19.15865707397461,31.924999237060547,32.150001525878906,31.5,32.150001525878906,19794986,yfinance,False
2010-03-16,19.12864875793457,31.875,32.224998474121094,31.549999237060547,32.0,9654224,yfinance,False
2010-03-17,19.728769302368164,32.875,33.125,32.0,32.0,21223142,yfinance,False
2010-03-18,19.608739852905273,32.67499923706055,33.0,32.599998474121094,32.75,8622462,yfinance,False
2010-03-19,19.66875457763672,32.775001525878906,32.849998474121094,32.17499923706055,32.599998474121094,7690026,yfinance,False
2010-03-22,19.218671798706055,32.025001525878906,32.54999923706055,31.875,32.54999923706055,12832852,yfinance,False
2010-03-23,19.143653869628906,31.899999618530273,32.70000076293945,31.850000381469727,32.07500076293945,8676200,yfinance,False
2010-03-24,19.39870262145996,32.32500076293945,32.724998474121094,32.025001525878906,32.724998474121094,8901884,yfinance,False
2010-03-25,19.143653869628906,31.899999618530273,32.099998474121094,31.625,31.774999618530273,13457888,yfinance,False
2010-03-26,19.36870002746582,32.275001525878906,32.474998474121094,31.600000381469727,31.75,11049912,yfinance,False
2010-03-29,19.83378791809082,33.04999923706055,33.25,32.400001525878906,32.400001525878906,19796814,yfinance,False
2010-03-30,20.253870010375977,33.75,33.849998474121094,33.04999923706055,33.04999923706055,21830964,yfinance,False
2010-03-31,20.073827743530273,33.45000076293945,33.974998474121094,33.375,33.92499923706055,14644166,yfinance,False
2010-04-01,20.5089168548584,34.17499923706055,34.224998474121094,33.625,33.82500076293945,16816038,yfinance,False
2010-04-07,20.73395538330078,34.54999923706055,34.849998474121094,34.224998474121094,34.75,15486384,yfinance,False
2010-04-08,20.6739501953125,34.45000076293945,34.724998474121094,34.17499923706055,34.25,12267190,yfinance,False
2010-04-09,20.808971405029297,34.67499923706055,34.875,34.29999923706055,34.775001525878906,16191242,yfinance,False
2010-04-12,20.418899536132812,34.025001525878906,35.17499923706055,33.974998474121094,34.95000076293945,22743928,yfinance,False
2010-04-13,20.883989334106445,34.79999923706055,34.95000076293945,34.25,34.25,27947618,yfinance,False
2010-04-14,20.89898681640625,34.82500076293945,34.974998474121094,34.5,34.974998474121094,9785824,yfinance,False
2010-04-15,20.74895668029785,34.57500076293945,35.25,34.17499923706055,35.25,11530136,yfinance,False
2010-04-16,20.5089168548584,34.17499923706055,34.42499923706055,33.400001525878906,34.07500076293945,15943620,yfinance,False
2010-04-19,20.193857192993164,33.650001525878906,33.974998474121094,33.07500076293945,33.5,25947454,yfinance,False
2010-04-20,20.718952178955078,34.525001525878906,34.625,33.849998474121094,34.0,13974018,yfinance,False
2010-04-21,20.64394187927246,34.400001525878906,34.95000076293945,34.375,34.75,14343062,yfinance,False
2010-04-22,20.763961791992188,34.599998474121094,34.79999923706055,33.95000076293945,34.275001525878906,16843048,yfinance,False
2010-04-23,20.343889236450195,33.900001525878906,34.67499923706055,33.724998474121094,34.5,19948426,yfinance,False
2010-04-26,20.688949584960938,34.474998474121094,34.70000076293945,34.349998474121094,34.57500076293945,9956840,yfinance,False
2010-04-27,20.31387710571289,33.849998474121094,34.275001525878906,33.525001525878906,34.275001525878906,15315734,yfinance,False
2010-04-28,19.86379051208496,33.099998474121094,33.42499923706055,32.95000076293945,33.29999923706055,19328496,yfinance,False
2010-04-29,19.413705825805664,32.349998474121094,33.20000076293945,32.29999923706055,33.20000076293945,19149666,yfinance,False
2010-04-30,20.358884811401367,33.92499923706055,34.0,32.54999923706055,32.54999923706055,24852124,yfinance,False
2010-05-03,19.848785400390625,33.07500076293945,33.32500076293945,32.92499923706055,32.92499923706055,10563886,yfinance,False
2010-05-04,19.683757781982422,32.79999923706055,33.79999923706055,32.67499923706055,33.57500076293945,12431824,yfinance,False
2010-05-05,18.9486141204834,31.575000762939453,32.025001525878906,31.5,32.0,34235108,yfinance,False
2010-05-06,18.67856788635254,31.125,31.700000762939453,30.174999237060547,31.700000762939453,27914682,yfinance,False
2010-05-07,18.333498001098633,30.549999237060547,31.350000381469727,30.274999618530273,30.5,31142410,yfinance,False
2010-05-10,18.903608322143555,31.5,31.825000762939453,31.395000457763672,31.825000762939453,14754410,yfinance,False
2010-05-11,18.408510208129883,30.674999237060547,31.575000762939453,30.024999618530273,31.5,24563652,yfinance,False
2010-05-12,18.4985294342041,30.825000762939453,31.149999618530273,30.375,30.800500869750977,20472918,yfinance,False
2010-05-13,19.053630828857422,31.75,32.07500076293945,30.225000381469727,30.225000381469727,28657002,yfinance,False
2010-05-14,18.67856788635254,31.125,31.200000762939453,30.299999237060547,30.350000381469727,396637958,yfinance,False
2010-05-17,17.898422241210938,29.825000762939453,30.399999618530273,29.649999618530273,30.299999237060547,44346106,yfinance,False
2010-05-18,18.303489685058594,30.5,31.0,29.399999618530273,29.399999618530273,23504000,yfinance,False
2010-05-19,17.988433837890625,29.975000381469727,30.600000381469727,29.850000381469727,29.950000762939453,15593298,yfinance,False
2010-05-20,18.003437042236328,30.0,30.375,29.100000381469727,30.149999618530273,20867842,yfinance,False
2010-05-24,18.393508911132812,30.649999618530273,31.0,30.100000381469727,30.600000381469727,23572460,yfinance,False
2010-05-25,17.4033260345459,29.0,29.450000762939453,28.75,29.450000762939453,41159574,yfinance,False
2010-05-26,18.278011322021484,30.299999237060547,30.5,29.299999237060547,29.5,38726052,yfinance,False
2010-05-27,18.579627990722656,30.799999237060547,31.549999237060547,29.924999237060547,30.0,29497030,yfinance,False
2010-05-28,19.273351669311523,31.950000762939453,32.0,31.375,31.700000762939453,45592708,yfinance,False
2010-05-31,18.896329879760742,31.325000762939453,32.0,30.924999237060547,32.0,17069342,yfinance,False
2010-06-01,18.51930809020996,30.700000762939453,31.524999618530273,30.649999618530273,31.299999237060547,15024296,yfinance,False
2010-06-02,18.489145278930664,30.649999618530273,31.274999618530273,30.399999618530273,31.100000381469727,20571454,yfinance,False
2010-06-03,18.80584716796875,31.174999237060547,31.674999237060547,31.125,31.5,20690280,yfinance,False
2010-06-04,19.21302604675293,31.850000381469727,32.0,30.899999618530273,31.149999618530273,30836378,yfinance,False
2010-06-07,18.760602951049805,31.100000381469727,31.125,30.399999618530273,30.575000762939453,28549132,yfinance,False
2010-06-08,18.579627990722656,30.799999237060547,31.174999237060547,30.350000381469727,31.174999237060547,17688200,yfinance,False
2010-06-09,18.70027732849121,31.0,32.0,30.5,30.799999237060547,13248880,yfinance,False
2010-06-10,18.579627990722656,30.799999237060547,31.200000762939453,30.674999237060547,30.674999237060547,9022388,yfinance,False
2010-06-11,18.730443954467773,31.049999237060547,31.649999618530273,30.875,31.649999618530273,9930040,yfinance,False
2010-06-14,19.00189208984375,31.5,31.774999618530273,31.475000381469727,31.75,10514720,yfinance,False
2010-06-15,18.911407470703125,31.350000381469727,31.600000381469727,30.950000762939453,31.125,13171330,yfinance,False
2010-06-17,18.911407470703125,31.350000381469727,31.575000762939453,31.299999237060547,31.325000762939453,11078276,yfinance,False
2010-06-18,18.911407470703125,31.350000381469727,31.625,30.75,31.5,15995716,yfinance,False
2010-06-21,20.13296127319336,33.375,33.70000076293945,31.899999618530273,32.04999923706055,57285520,yfinance,False
2010-06-22,20.027389526367188,33.20000076293945,33.525001525878906,33.07500076293945,33.25,22308068,yfinance,False
2010-06-23,20.25360679626465,33.57500076293945,33.599998474121094,32.75,32.75,21194484,yfinance,False
2010-06-24,20.148038864135742,33.400001525878906,33.650001525878906,33.025001525878906,33.650001525878906,12989424,yfinance,False
2010-06-25,20.012311935424805,33.17499923706055,33.57500076293945,32.724998474121094,33.474998474121094,17741834,yfinance,False
2010-06-28,19.9067440032959,33.0,33.625,32.849998474121094,33.17499923706055,15592832,yfinance,False
2010-06-29,19.409080505371094,32.17499923706055,33.45000076293945,31.774999618530273,33.45000076293945,23646042,yfinance,False
2010-06-30,19.409080505371094,32.17499923706055,32.17499923706055,32.17499923706055,32.17499923706055,0,yfinance,False
2010-07-02,19.409080505371094,32.17499923706055,32.17499923706055,32.17499923706055,32.17499923706055,0,yfinance,False
2010-07-05,19.409080505371094,32.17499923706055,32.17499923706055,32.17499923706055,32.17499923706055,0,yfinance,False
2010-07-06,19.409080505371094,32.17499923706055,32.17499923706055,32.17499923706055,32.17499923706055,0,yfinance,False
2010-07-07,19.409080505371094,32.17499923706055,32.17499923706055,32.17499923706055,32.17499923706055,0,yfinance,False
2010-07-08,19.409080505371094,32.17499923706055,32.17499923706055,32.17499923706055,32.17499923706055,0,yfinance,False
2010-07-09,19.409080505371094,32.17499923706055,32.17499923706055,32.17499923706055,32.17499923706055,0,yfinance,False
2010-07-12,19.409080505371094,32.17499923706055,32.17499923706055,32.17499923706055,32.17499923706055,0,yfinance,False
2010-07-13,19.409080505371094,32.17499923706055,32.17499923706055,32.17499923706055,32.17499923706055,0,yfinance,False
2010-07-14,19.409080505371094,32.17499923706055,32.17499923706055,32.17499923706055,32.17499923706055,0,yfinance,False
2010-07-15,19.409080505371094,32.17499923706055,32.17499923706055,32.17499923706055,32.17499923706055,0,yfinance,False
2010-07-16,19.409080505371094,32.17499923706055,32.17499923706055,32.17499923706055,32.17499923706055,0,yfinance,False
2010-07-19,19.409080505371094,32.17499923706055,32.17499923706055,32.17499923706055,32.17499923706055,0,yfinance,False
2010-07-20,19.409080505371094,32.17499923706055,32.17499923706055,32.17499923706055,32.17499923706055,0,yfinance,False
2010-07-21,19.409080505371094,32.17499923706055,32.17499923706055,32.17499923706055,32.17499923706055,0,yfinance,False
2010-07-22,19.409080505371094,32.17499923706055,32.17499923706055,32.17499923706055,32.17499923706055,0,yfinance,False
2010-07-23,19.409080505371094,32.17499923706055,32.17499923706055,32.17499923706055,32.17499923706055,0,yfinance,False
2010-07-26,19.409080505371094,32.17499923706055,32.17499923706055,32.17499923706055,32.17499923706055,0,yfinance,False
2010-07-27,19.409080505371094,32.17499923706055,32.17499923706055,32.17499923706055,32.17499923706055,0,yfinance,False
2010-07-28,19.409080505371094,32.17499923706055,32.17499923706055,32.17499923706055,32.17499923706055,0,yfinance,False
2010-07-29,19.409080505371094,32.17499923706055,32.17499923706055,32.17499923706055,32.17499923706055,0,yfinance,False
2010-07-30,19.409080505371094,32.17499923706055,32.17499923706055,32.17499923706055,32.17499923706055,0,yfinance,False
2010-08-02,19.409080505371094,32.17499923706055,32.17499923706055,32.17499923706055,32.17499923706055,0,yfinance,False
2010-08-03,19.409080505371094,32.17499923706055,32.17499923706055,32.17499923706055,32.17499923706055,0,yfinance,False
2010-08-04,19.409080505371094,32.17499923706055,32.17499923706055,32.17499923706055,32.17499923706055,0,yfinance,False
2010-08-05,19.409080505371094,32.17499923706055,32.17499923706055,32.17499923706055,32.17499923706055,0,yfinance,False
2010-08-06,19.409080505371094,32.17499923706055,32.17499923706055,32.17499923706055,32.17499923706055,0,yfinance,False
2010-08-09,19.409080505371094,32.17499923706055,32.17499923706055,32.17499923706055,32.17499923706055,0,yfinance,False
2010-08-10,19.409080505371094,32.17499923706055,32.17499923706055,32.17499923706055,32.17499923706055,0,yfinance,False
2010-08-11,19.409080505371094,32.17499923706055,32.17499923706055,32.17499923706055,32.17499923706055,0,yfinance,False
2010-08-12,19.409080505371094,32.17499923706055,32.17499923706055,32.17499923706055,32.17499923706055,0,yfinance,False
2010-08-13,19.409080505371094,32.17499923706055,32.17499923706055,32.17499923706055,32.17499923706055,0,yfinance,False
2010-08-16,19.409080505371094,32.17499923706055,32.17499923706055,32.17499923706055,32.17499923706055,0,yfinance,False
2010-08-17,19.409080505371094,32.17499923706055,32.17499923706055,32.17499923706055,32.17499923706055,0,yfinance,False
2010-08-18,19.409080505371094,32.17499923706055,32.17499923706055,32.17499923706055,32.17499923706055,0,yfinance,False
2010-08-19,19.409080505371094,32.17499923706055,32.17499923706055,32.17499923706055,32.17499923706055,0,yfinance,False
2010-08-20,19.409080505371094,32.17499923706055,32.17499923706055,32.17499923706055,32.17499923706055,0,yfinance,False
2010-08-23,19.409080505371094,32.17499923706055,32.17499923706055,32.17499923706055,32.17499923706055,0,yfinance,False
2010-08-24,19.409080505371094,32.17499923706055,32.17499923706055,32.17499923706055,32.17499923706055,0,yfinance,False
2010-08-25,19.409080505371094,32.17499923706055,32.17499923706055,32.17499923706055,32.17499923706055,0,yfinance,False
2010-08-26,19.409080505371094,32.17499923706055,32.17499923706055,32.17499923706055,32.17499923706055,0,yfinance,False
2010-08-27,19.409080505371094,32.17499923706055,32.17499923706055,32.17499923706055,32.17499923706055,0,yfinance,False
2010-08-30,19.409080505371094,32.17499923706055,32.17499923706055,32.17499923706055,32.17499923706055,0,yfinance,False
2010-08-31,19.409080505371094,32.17499923706055,32.17499923706055,32.17499923706055,32.17499923706055,0,yfinance,False
2010-09-01,19.409080505371094,32.17499923706055,32.17499923706055,32.17499923706055,32.17499923706055,0,yfinance,False
2010-09-02,19.936908721923828,33.04999923706055,34.599998474121094,32.95000076293945,33.25,178785906,yfinance,False
2010-09-03,21.022733688354492,34.849998474121094,34.974998474121094,33.650001525878906,33.650001525878906,394213370,yfinance,False
2010-09-06,21.11322021484375,35.0,35.349998474121094,34.224998474121094,35.25,46202416,yfinance,False
2010-09-07,21.24068832397461,35.125,35.349998474121094,34.875,35.349998474121094,24722126,yfinance,False
2010-09-08,20.98368263244629,34.70000076293945,35.025001525878906,34.25,35.0,18198062,yfinance,False
2010-09-09,21.28604507446289,35.20000076293945,35.25,34.75,34.900001525878906,20676896,yfinance,False
2010-09-10,21.4069881439209,35.400001525878906,35.5,34.775001525878906,35.42499923706055,10788544,yfinance,False
2010-09-13,21.920997619628906,36.25,36.5,35.54999923706055,35.57500076293945,28949526,yfinance,False
2010-09-14,22.177995681762695,36.67499923706055,37.04999923706055,36.42499923706055,36.5,27665184,yfinance,False
2010-09-15,22.223360061645508,36.75,36.95000076293945,36.25,36.5,22331308,yfinance,False
2010-09-16,21.93611717224121,36.275001525878906,36.75,35.54999923706055,36.375,22757772,yfinance,False
2010-09-17,22.238475799560547,36.775001525878906,37.0,36.04999923706055,36.20000076293945,18557786,yfinance,False
2010-09-20,22.147764205932617,36.625,36.79999923706055,36.400001525878906,36.724998474121094,11717374,yfinance,False
2010-09-21,22.631534576416016,37.42499923706055,37.474998474121094,36.650001525878906,36.775001525878906,23961544,yfinance,False
2010-09-22,22.4954776763916,37.20000076293945,37.900001525878906,37.0,37.400001525878906,19707056,yfinance,False
2010-09-24,22.812959671020508,37.724998474121094,37.974998474121094,37.07500076293945,37.650001525878906,19279828,yfinance,False
2010-09-27,23.221145629882812,38.400001525878906,38.45000076293945,37.900001525878906,38.0,20085250,yfinance,False
2010-09-28,23.16067123413086,38.29999923706055,38.400001525878906,38.099998474121094,38.400001525878906,17453216,yfinance,False
2010-09-29,23.659561157226562,39.125,39.25,38.125,38.125,32375996,yfinance,False
2010-09-30,23.946796417236328,39.599998474121094,39.82500076293945,39.025001525878906,39.125,19507396,yfinance,False
2010-10-04,23.85609245300293,39.45000076293945,39.875,39.150001525878906,39.75,26223352,yfinance,False
2010-10-05,23.00948715209961,38.04999923706055,39.25,37.70000076293945,38.900001525878906,47282550,yfinance,False
2010-10-06,22.858306884765625,37.79999923706055,38.875,37.400001525878906,38.75,18308542,yfinance,False
2010-10-07,22.797840118408203,37.70000076293945,38.0,37.625,38.0,13129800,yfinance,False
2010-10-08,23.175785064697266,38.32500076293945,39.04999923706055,38.099998474121094,38.099998474121094,25894838,yfinance,False
2010-10-11,23.977035522460938,39.650001525878906,40.0,39.07500076293945,39.07500076293945,25979736,yfinance,False
2010-10-12,24.173568725585938,39.974998474121094,40.125,39.29999923706055,39.599998474121094,18244262,yfinance,False
2010-10-13,25.866785049438477,42.775001525878906,42.82500076293945,40.5,40.57500076293945,34904484,yfinance,False
2010-10-14,26.350555419921875,43.57500076293945,43.82500076293945,42.849998474121094,43.0,43237714,yfinance,False
2010-10-15,25.24694061279297,41.75,43.25,41.5,43.25,46967864,yfinance,False
2010-10-18,25.065526962280273,41.45000076293945,41.67499923706055,40.42499923706055,41.525001525878906,34170662,yfinance,False
2010-10-19,25.82141876220703,42.70000076293945,42.900001525878906,41.57500076293945,41.95000076293945,17599268,yfinance,False
2010-10-20,25.866785049438477,42.775001525878906,44.25,41.5,42.70000076293945,32878312,yfinance,False
2010-10-21,26.652910232543945,44.07500076293945,44.400001525878906,43.25,43.75,24218892,yfinance,False
2010-10-22,26.577322006225586,43.95000076293945,44.75,43.57500076293945,44.150001525878906,18420424,yfinance,False
2010-10-25,26.380788803100586,43.625,44.875,43.5,43.5,18217268,yfinance,False
2010-10-26,26.22960090637207,43.375,43.75,42.75,43.75,10187712,yfinance,False
2010-10-27,25.443477630615234,42.07500076293945,43.95000076293945,41.900001525878906,42.849998474121094,16563918,yfinance,False
2010-10-28,25.881898880004883,42.79999923706055,42.900001525878906,40.125,41.5,32637592,yfinance,False
2010-10-29,25.231821060180664,41.724998474121094,42.900001525878906,40.125,41.5,28332538,yfinance,False
2010-11-01,26.214494705200195,43.349998474121094,43.57500076293945,41.724998474121094,42.45000076293945,18360648,yfinance,False
2010-11-02,26.15401840209961,43.25,43.625,42.724998474121094,42.900001525878906,8743298,yfinance,False
2010-11-03,26.592439651489258,43.974998474121094,44.099998474121094,42.75,42.900001525878906,13227124,yfinance,False
2010-11-04,26.562196731567383,43.92499923706055,44.849998474121094,43.79999923706055,44.150001525878906,10693106,yfinance,False
2010-11-05,26.879676818847656,44.45000076293945,44.75,43.625,44.5,11228608,yfinance,False
2010-11-08,26.683135986328125,44.125,44.82500076293945,43.67499923706055,44.79999923706055,12048624,yfinance,False
2010-11-09,26.048185348510742,43.07500076293945,44.0,43.0,44.0,18840744,yfinance,False
2010-11-10,26.98550033569336,44.625,45.275001525878906,42.775001525878906,43.150001525878906,22717856,yfinance,False
2010-11-11,28.255403518676758,46.724998474121094,46.82500076293945,44.025001525878906,44.625,32900362,yfinance,False
2010-11-12,27.5902156829834,45.625,47.375,45.29999923706055,46.0,42815800,yfinance,False
2010-11-15,27.061100006103516,44.75,46.125,44.5,46.04999923706055,20342518,yfinance,False
2010-11-16,26.335432052612305,43.54999923706055,44.75,42.92499923706055,44.75,26634044,yfinance,False
2010-11-17,26.486610412597656,43.79999923706055,45.349998474121094,43.25,43.5,44355608,yfinance,False
2010-11-18,27.57509994506836,45.599998474121094,45.900001525878906,44.525001525878906,45.5,32253184,yfinance,False
2010-11-19,28.542646408081055,47.20000076293945,47.75,44.79999923706055,45.599998474121094,36052742,yfinance,False
2010-11-22,28.255403518676758,46.724998474121094,48.125,46.5,47.0,33033924,yfinance,False
2010-11-23,27.01573371887207,44.67499923706055,46.5,44.5,46.150001525878906,32934946,yfinance,False
2010-11-24,27.272737503051758,45.099998474121094,46.125,44.67499923706055,45.75,18756304,yfinance,False
2010-11-25,27.197147369384766,44.974998474121094,46.025001525878906,44.79999923706055,45.474998474121094,14560858,yfinance,False
2010-11-26,26.94014549255371,44.54999923706055,45.349998474121094,44.42499923706055,45.0,9273830,yfinance,False
2010-11-29,27.25762367248535,45.07500076293945,45.349998474121094,44.29999923706055,44.79999923706055,13311788,yfinance,False
2010-11-30,27.091325759887695,44.79999923706055,45.474998474121094,43.82500076293945,45.125,19341170,yfinance,False
2010-12-01,27.514636993408203,45.5,45.95000076293945,44.32500076293945,44.974998474121094,18465264,yfinance,False
2010-12-02,28.10422706604004,46.474998474121094,46.75,45.79999923706055,45.92499923706055,20623194,yfinance,False
2010-12-03,27.49951171875,45.474998474121094,46.650001525878906,45.099998474121094,46.400001525878906,12550048,yfinance,False
2010-12-06,27.559978485107422,45.57500076293945,46.349998474121094,45.25,46.20000076293945,15331040,yfinance,False
2010-12-07,27.66580581665039,45.75,45.95000076293945,45.099998474121094,45.42499923706055,11925276,yfinance,False
2010-12-08,27.12156105041504,44.849998474121094,45.900001525878906,44.75,45.75,15147810,yfinance,False
2010-12-09,27.197147369384766,44.974998474121094,45.29999923706055,44.650001525878906,45.0,10754878,yfinance,False
2010-12-10,26.849437713623047,44.400001525878906,45.0,44.025001525878906,44.70000076293945,16992424,yfinance,False
2010-12-13,26.637788772583008,44.04999923706055,45.099998474121094,43.67499923706055,44.95000076293945,17921778,yfinance,False
2010-12-14,26.75873565673828,44.25,44.375,43.82500076293945,44.0,12303718,yfinance,False
2010-12-15,25.97260284423828,42.95000076293945,43.900001525878906,42.724998474121094,43.82500076293945,27528726,yfinance,False
2010-12-16,24.793405532836914,41.0,42.95000076293945,40.775001525878906,42.75,47662470,yfinance,False
2010-12-17,25.09576416015625,41.5,41.724998474121094,40.400001525878906,41.375,34661942,yfinance,False
2010-12-20,24.748044967651367,40.92499923706055,41.5,40.0,41.5,20092506,yfinance,False
2010-12-21,25.57953453063965,42.29999923706055,42.400001525878906,40.900001525878906,41.349998474121094,20551788,yfinance,False
2010-12-22,25.57953453063965,42.29999923706055,42.79999923706055,42.099998474121094,42.29999923706055,11069588,yfinance,False
2010-12-23,25.14111328125,41.57500076293945,42.75,41.150001525878906,42.75,9798314,yfinance,False
2010-12-24,25.11087989807129,41.525001525878906,41.875,41.25,41.79999923706055,3887342,yfinance,False
2010-12-28,25.352766036987305,41.92499923706055,42.025001525878906,40.75,41.79999923706055,14347816,yfinance,False
2010-12-29,25.655128479003906,42.42499923706055,42.54999923706055,41.974998474121094,42.0,8806742,yfinance,False
2010-12-30,25.897014617919922,42.82500076293945,43.025001525878906,42.5,42.599998474121094,12637866,yfinance,False
2010-12-31,26.274953842163086,43.45000076293945,43.57500076293945,42.849998474121094,43.150001525878906,6993242,yfinance,False
2011-01-03,26.698259353637695,44.150001525878906,44.29999923706055,43.025001525878906,43.75,8739134,yfinance,False
2011-01-04,26.335432052612305,43.54999923706055,44.474998474121094,43.400001525878906,44.474998474121094,13182390,yfinance,False
2011-01-05,25.80630874633789,42.67499923706055,43.5,42.57500076293945,43.45000076293945,25812474,yfinance,False
2011-01-06,25.62489128112793,42.375,42.92499923706055,41.54999923706055,42.92499923706055,44352814,yfinance,False
2011-01-07,25.62489128112793,42.375,43.275001525878906,41.79999923706055,42.70000076293945,35706330,yfinance,False
2011-01-10,25.18646812438965,41.650001525878906,42.45000076293945,41.17499923706055,42.150001525878906,22334142,yfinance,False
2011-01-11,25.171358108520508,41.625,42.04999923706055,41.45000076293945,41.75,13709838,yfinance,False
2011-01-12,25.655128479003906,42.42499923706055,42.724998474121094,41.70000076293945,41.70000076293945,18223508,yfinance,False
2011-01-13,25.866785049438477,42.775001525878906,43.099998474121094,42.32500076293945,42.849998474121094,13462766,yfinance,False
2011-01-14,25.42835235595703,42.04999923706055,42.625,41.900001525878906,42.375,12166332,yfinance,False
2011-01-17,24.86899185180664,41.125,42.25,40.900001525878906,42.25,24013712,yfinance,False
2011-01-18,24.77828025817871,40.974998474121094,41.70000076293945,40.75,40.974998474121094,15497822,yfinance,False
2011-01-19,25.171358108520508,41.625,41.650001525878906,40.900001525878906,41.32500076293945,11514628,yfinance,False
2011-01-20,24.551513671875,40.599998474121094,41.20000076293945,40.349998474121094,41.099998474121094,22126574,yfinance,False
2011-01-21,24.294511795043945,40.17499923706055,40.75,40.099998474121094,40.54999923706055,20369466,yfinance,False
2011-01-24,24.218921661376953,40.04999923706055,40.42499923706055,40.0,40.375,10739448,yfinance,False
2011-01-25,23.720027923583984,39.224998474121094,40.349998474121094,39.04999923706055,40.150001525878906,22552304,yfinance,False
2011-01-26,23.961915969848633,39.625,40.07500076293945,38.775001525878906,39.5,16569926,yfinance,False
2011-01-27,23.85609245300293,39.45000076293945,40.54999923706055,39.25,39.25,16129806,yfinance,False
2011-01-28,23.67467498779297,39.150001525878906,39.54999923706055,38.724998474121094,39.04999923706055,20362502,yfinance,False
2011-01-31,23.357200622558594,38.625,39.025001525878906,38.275001525878906,38.75,20317856,yfinance,False
2011-02-01,23.206018447875977,38.375,38.599998474121094,38.275001525878906,38.625,10526670,yfinance,False
2011-02-02,23.5688533782959,38.974998474121094,39.0,38.20000076293945,38.70000076293945,13880490,yfinance,False
2011-02-07,22.933895111083984,37.92499923706055,39.04999923706055,37.70000076293945,39.0,22391178,yfinance,False
2011-02-08,23.19089698791504,38.349998474121094,38.67499923706055,37.45000076293945,37.92499923706055,24489688,yfinance,False
2011-02-09,23.28160858154297,38.5,39.224998474121094,38.25,38.650001525878906,40587898,yfinance,False
2011-02-10,22.903656005859375,37.875,38.474998474121094,37.79999923706055,38.150001525878906,23202980,yfinance,False
2011-02-11,23.100196838378906,38.20000076293945,38.45000076293945,37.57500076293945,38.0,29332496,yfinance,False
2011-02-14,23.825855255126953,39.400001525878906,39.724998474121094,38.42499923706055,38.5,31143870,yfinance,False
2011-02-15,23.447904586791992,38.775001525878906,39.42499923706055,38.70000076293945,39.150001525878906,20003810,yfinance,False
2011-02-16,23.825855255126953,39.400001525878906,39.79999923706055,38.625,39.125,22981838,yfinance,False
2011-02-17,24.02239227294922,39.724998474121094,40.025001525878906,39.150001525878906,39.275001525878906,17620324,yfinance,False
2011-02-18,24.884109497070312,41.150001525878906,41.25,40.0,40.099998474121094,38606954,yfinance,False
2011-02-21,24.415456771850586,40.375,41.224998474121094,40.349998474121094,41.224998474121094,16046550,yfinance,False
2011-02-22,23.750267028808594,39.275001525878906,39.82500076293945,39.099998474121094,39.275001525878906,22121096,yfinance,False
2011-02-23,23.372312545776367,38.650001525878906,39.650001525878906,38.45000076293945,39.650001525878906,21164394,yfinance,False
2011-02-24,22.994365692138672,38.025001525878906,39.04999923706055,37.849998474121094,38.400001525878906,19268268,yfinance,False
2011-02-25,23.41767120361328,38.724998474121094,38.974998474121094,38.07500076293945,38.125,16839108,yfinance,False
2011-02-28,24.158456802368164,39.95000076293945,40.20000076293945,38.45000076293945,38.67499923706055,28589154,yfinance,False
2011-03-01,24.551513671875,40.599998474121094,40.75,40.07500076293945,40.07500076293945,25429480,yfinance,False
2011-03-02,24.158456802368164,39.95000076293945,40.20000076293945,39.650001525878906,40.150001525878906,18272066,yfinance,False
2011-03-03,24.430580139160156,40.400001525878906,41.0,39.95000076293945,39.95000076293945,17403650,yfinance,False
2011-03-04,25.020172119140625,41.375,41.5,41.025001525878906,41.150001525878906,23125700,yfinance,False
2011-03-07,25.156238555908203,41.599998474121094,42.04999923706055,41.099998474121094,41.25,20839374,yfinance,False
2011-03-08,25.519065856933594,42.20000076293945,42.25,41.525001525878906,41.525001525878906,17426342,yfinance,False
2011-03-09,25.97260284423828,42.95000076293945,43.04999923706055,42.5,42.5,27186172,yfinance,False
2011-03-10,25.42835235595703,42.04999923706055,42.849998474121094,41.724998474121094,42.849998474121094,19920338,yfinance,False
2011-03-11,24.702695846557617,40.849998474121094,41.849998474121094,40.54999923706055,41.849998474121094,28835022,yfinance,False
2011-03-14,24.702695846557617,40.849998474121094,40.849998474121094,40.849998474121094,40.849998474121094,0,yfinance,False
2011-03-15,23.19089698791504,38.349998474121094,39.099998474121094,37.75,39.0,86934502,yfinance,False
2011-03-16,23.11530876159668,38.224998474121094,38.95000076293945,38.04999923706055,38.95000076293945,37148834,yfinance,False
2011-03-17,22.465238571166992,37.150001525878906,37.67499923706055,36.70000076293945,37.400001525878906,39529380,yfinance,False
2011-03-18,22.25359344482422,36.79999923706055,37.57500076293945,36.67499923706055,37.17499923706055,42567470,yfinance,False
2011-03-21,22.70713233947754,37.54999923706055,37.70000076293945,37.025001525878906,37.150001525878906,28449886,yfinance,False
2011-03-22,23.16067123413086,38.29999923706055,38.57500076293945,37.57500076293945,37.70000076293945,31500698,yfinance,False
2011-03-23,23.251373291015625,38.45000076293945,38.75,37.724998474121094,38.20000076293945,23195340,yfinance,False
2011-03-24,23.236257553100586,38.42499923706055,39.17499923706055,38.25,38.974998474121094,17537842,yfinance,False
2011-03-25,23.236257553100586,38.42499923706055,39.0,38.125,38.95000076293945,21045238,yfinance,False
2011-03-28,23.00948715209961,38.04999923706055,38.849998474121094,37.70000076293945,38.724998474121094,20589988,yfinance,False
2011-03-29,22.692012786865234,37.525001525878906,38.07500076293945,37.29999923706055,38.07500076293945,33164572,yfinance,False
2011-03-30,23.326961517333984,38.57500076293945,38.724998474121094,37.650001525878906,37.650001525878906,31313198,yfinance,False
2011-03-31,23.840972900390625,39.42499923706055,39.650001525878906,38.900001525878906,39.04999923706055,35606734,yfinance,False
2011-04-01,24.974822998046875,41.29999923706055,41.400001525878906,39.67499923706055,40.0,46373828,yfinance,False
2011-04-04,25.56441879272461,42.275001525878906,42.400001525878906,41.400001525878906,41.29999923706055,35967780,yfinance,False
2011-04-06,26.078428268432617,43.125,43.400001525878906,42.70000076293945,42.775001525878906,48723964,yfinance,False
2011-04-07,25.987712860107422,42.974998474121094,43.099998474121094,42.20000076293945,42.92499923706055,34243786,yfinance,False
2011-04-08,25.912128448486328,42.849998474121094,42.974998474121094,42.32500076293945,42.5,17030044,yfinance,False
2011-04-11,25.67024040222168,42.45000076293945,43.25,42.275001525878906,43.25,19091602,yfinance,False
2011-04-12,25.458593368530273,42.099998474121094,42.724998474121094,41.724998474121094,41.92499923706055,27066748,yfinance,False
2011-04-13,25.67024040222168,42.45000076293945,43.0,41.900001525878906,42.75,19758566,yfinance,False
2011-04-14,25.897014617919922,42.82500076293945,43.0,42.400001525878906,42.599998474121094,17927258,yfinance,False
2011-04-15,26.138896942138672,43.224998474121094,43.650001525878906,42.75,43.0,23734224,yfinance,False
2011-04-18,25.987712860107422,42.974998474121094,43.95000076293945,42.42499923706055,43.25,17751970,yfinance,False
2011-04-19,25.685361862182617,42.474998474121094,42.974998474121094,42.25,42.974998474121094,15265414,yfinance,False
2011-04-20,25.94236946105957,42.900001525878906,43.224998474121094,42.54999923706055,42.75,10637598,yfinance,False
2011-04-21,26.15401840209961,43.25,43.5,43.07500076293945,43.474998474121094,13974268,yfinance,False
2011-04-26,25.866785049438477,42.775001525878906,43.375,42.54999923706055,42.79999923706055,13768400,yfinance,False
2011-04-27,25.59465789794922,42.32500076293945,43.42499923706055,42.224998474121094,43.150001525878906,14684630,yfinance,False
2011-04-28,25.715595245361328,42.525001525878906,43.224998474121094,42.20000076293945,43.099998474121094,20102562,yfinance,False
2011-04-29,25.534183502197266,42.224998474121094,42.67499923706055,42.025001525878906,42.375,13777710,yfinance,False
2011-05-03,25.503944396972656,42.17499923706055,42.724998474121094,41.849998474121094,42.20000076293945,12790166,yfinance,False
2011-05-04,24.748044967651367,40.92499923706055,41.625,40.525001525878906,41.25,30139352,yfinance,False
2011-05-05,24.914348602294922,41.20000076293945,41.400001525878906,40.775001525878906,40.775001525878906,15020290,yfinance,False
2011-05-06,24.944581985473633,41.25,41.775001525878906,40.79999923706055,40.900001525878906,15481676,yfinance,False
2011-05-09,25.09576416015625,41.5,41.57500076293945,41.099998474121094,41.25,7454956,yfinance,False
2011-05-11,24.98993682861328,41.32500076293945,42.349998474121094,41.125,42.349998474121094,12823502,yfinance,False
2011-05-12,24.748044967651367,40.92499923706055,41.224998474121094,40.54999923706055,40.75,12545822,yfinance,False
2011-05-13,25.01576042175293,41.125,41.474998474121094,40.5,41.0,17168288,yfinance,False
2011-05-16,24.818058013916016,40.79999923706055,41.42499923706055,40.57500076293945,41.125,11789734,yfinance,False
2011-05-17,24.863691329956055,40.875,41.099998474121094,40.525001525878906,40.70000076293945,10339920,yfinance,False
2011-05-18,24.878890991210938,40.900001525878906,41.29999923706055,40.599998474121094,40.875,10788806,yfinance,False
2011-05-19,24.92450523376465,40.974998474121094,41.45000076293945,40.724998474121094,41.07500076293945,8135142,yfinance,False
2011-05-20,24.985340118408203,41.07500076293945,41.29999923706055,40.849998474121094,41.29999923706055,5976862,yfinance,False
2011-05-23,24.513919830322266,40.29999923706055,40.75,39.900001525878906,40.599998474121094,20070076,yfinance,False
2011-05-24,24.52912712097168,40.32500076293945,40.5,40.025001525878906,40.349998474121094,6924384,yfinance,False
2011-05-25,24.377056121826172,40.07500076293945,40.150001525878906,39.625,39.625,19271016,yfinance,False
2011-05-26,24.468297958374023,40.224998474121094,40.70000076293945,39.92499923706055,40.375,8315250,yfinance,False
2011-05-27,24.772441864013672,40.724998474121094,41.0,40.400001525878906,40.400001525878906,14563252,yfinance,False
2011-05-30,24.78764533996582,40.75,41.20000076293945,40.45000076293945,40.45000076293945,8043038,yfinance,False
2011-05-31,25.411144256591797,41.775001525878906,41.875,41.025001525878906,41.04999923706055,21349504,yfinance,False
2011-06-01,25.213441848754883,41.45000076293945,41.900001525878906,41.32500076293945,41.900001525878906,12554628,yfinance,False
2011-06-02,24.92450523376465,40.974998474121094,41.224998474121094,40.650001525878906,41.0,13025500,yfinance,False
2011-06-03,24.589954376220703,40.42499923706055,41.20000076293945,40.17499923706055,41.0,17900206,yfinance,False
2011-06-07,24.65078353881836,40.525001525878906,40.900001525878906,40.0,40.0,11616488,yfinance,False
2011-06-08,23.99688148498535,39.45000076293945,40.150001525878906,39.349998474121094,40.125,28176344,yfinance,False
2011-06-09,23.981664657592773,39.42499923706055,39.70000076293945,38.650001525878906,39.70000076293945,18385902,yfinance,False
2011-06-10,23.63190269470215,38.849998474121094,39.599998474121094,38.599998474121094,39.29999923706055,20439152,yfinance,False
2011-06-13,23.662321090698242,38.900001525878906,38.95000076293945,38.20000076293945,38.20000076293945,17375024,yfinance,False
2011-06-14,23.7231502532959,39.0,39.45000076293945,38.32500076293945,38.32500076293945,12880656,yfinance,False
2011-06-15,23.464630126953125,38.57500076293945,39.25,38.525001525878906,39.25,12958090,yfinance,False
2011-06-16,22.932374954223633,37.70000076293945,38.099998474121094,37.45000076293945,38.0,27061978,yfinance,False
2011-06-17,22.613027572631836,37.17499923706055,38.07500076293945,37.0,37.75,15787660,yfinance,False
2011-06-20,22.643442153930664,37.224998474121094,37.650001525878906,37.0,37.125,11800232,yfinance,False
2011-06-21,23.130069732666016,38.025001525878906,38.25,37.5,37.849998474121094,16782292,yfinance,False
2011-06-22,23.23651885986328,38.20000076293945,38.775001525878906,38.07500076293945,38.775001525878906,17429452,yfinance,False
2011-06-23,23.02361488342285,37.849998474121094,38.5,37.599998474121094,38.5,20973484,yfinance,False
2011-06-24,24.012083053588867,39.474998474121094,39.525001525878906,37.775001525878906,37.775001525878906,26207646,yfinance,False
2011-06-27,23.99688148498535,39.45000076293945,39.525001525878906,38.95000076293945,39.0,16867096,yfinance,False
2011-06-28,23.99688148498535,39.45000076293945,40.099998474121094,39.29999923706055,39.849998474121094,22354236,yfinance,False
2011-06-29,23.905635833740234,39.29999923706055,39.82500076293945,39.275001525878906,39.724998474121094,11274954,yfinance,False
2011-06-30,24.437883377075195,40.17499923706055,40.45000076293945,39.375,39.775001525878906,19021836,yfinance,False
2011-07-04,24.97013282775879,41.04999923706055,41.875,41.0,41.875,29974270,yfinance,False
2011-07-05,24.878890991210938,40.900001525878906,41.25,40.79999923706055,41.20000076293945,8016824,yfinance,False
2011-07-06,24.696407318115234,40.599998474121094,41.0,40.525001525878906,40.650001525878906,13741446,yfinance,False
2011-07-07,24.92450523376465,40.974998474121094,41.400001525878906,40.900001525878906,41.224998474121094,12998018,yfinance,False
2011-07-08,25.03097152709961,41.150001525878906,41.75,40.974998474121094,41.400001525878906,13553562,yfinance,False
2011-07-11,24.544340133666992,40.349998474121094,40.974998474121094,40.150001525878906,40.974998474121094,11298526,yfinance,False
2011-07-12,23.692737579345703,38.95000076293945,39.900001525878906,38.599998474121094,39.900001525878906,17127634,yfinance,False
2011-07-13,23.99688148498535,39.45000076293945,39.54999923706055,38.95000076293945,38.95000076293945,13239570,yfinance,False
2011-07-14,24.012083053588867,39.474998474121094,39.599998474121094,38.849998474121094,39.400001525878906,10567772,yfinance,False
2011-07-15,24.088115692138672,39.599998474121094,39.95000076293945,39.20000076293945,39.224998474121094,9249056,yfinance,False
2011-07-18,23.966461181640625,39.400001525878906,40.025001525878906,39.17499923706055,39.474998474121094,10944282,yfinance,False
2011-07-19,23.905635833740234,39.29999923706055,39.525001525878906,38.625,39.29999923706055,9901286,yfinance,False
2011-07-20,23.84480857849121,39.20000076293945,39.82500076293945,38.724998474121094,39.775001525878906,14502246,yfinance,False
2011-07-21,23.7231502532959,39.0,39.20000076293945,38.54999923706055,39.099998474121094,9598328,yfinance,False
2011-07-22,23.753568649291992,39.04999923706055,39.29999923706055,38.95000076293945,39.20000076293945,20713038,yfinance,False
2011-07-25,23.388587951660156,38.45000076293945,38.775001525878906,38.150001525878906,38.67499923706055,13894852,yfinance,False
2011-07-26,23.586286544799805,38.775001525878906,39.224998474121094,38.375,38.45000076293945,12397242,yfinance,False
2011-07-27,23.26693344116211,38.25,38.70000076293945,38.150001525878906,38.599998474121094,19670946,yfinance,False
2011-07-28,23.342967987060547,38.375,38.42499923706055,37.599998474121094,37.79999923706055,20387672,yfinance,False
2011-07-29,23.069242477416992,37.92499923706055,38.5,37.625,38.5,19958804,yfinance,False
2011-08-01,23.327762603759766,38.349998474121094,38.849998474121094,38.29999923706055,38.75,13908624,yfinance,False
2011-08-02,22.90196418762207,37.650001525878906,38.224998474121094,37.375,38.04999923706055,15779560,yfinance,False
2011-08-03,22.278465270996094,36.625,37.07500076293945,36.275001525878906,36.650001525878906,29028990,yfinance,False
2011-08-04,21.959115982055664,36.099998474121094,36.92499923706055,35.92499923706055,36.525001525878906,19557274,yfinance,False
2011-08-05,21.22917366027832,34.900001525878906,35.04999923706055,33.150001525878906,34.25,66602382,yfinance,False
2011-08-08,20.65130615234375,33.95000076293945,34.42499923706055,33.07500076293945,34.400001525878906,38803316,yfinance,False
2011-08-09,19.237037658691406,31.625,33.32500076293945,30.774999618530273,31.399999618530273,55000388,yfinance,False
2011-08-10,19.313074111938477,31.75,32.900001525878906,31.049999237060547,32.5,34252344,yfinance,False
2011-08-11,19.0849666595459,31.375,31.899999618530273,30.75,30.825000762939453,32157442,yfinance,False
2011-08-12,18.887271881103516,31.049999237060547,32.04999923706055,31.0,32.04999923706055,24606152,yfinance,False
2011-08-15,20.57526969909668,33.82500076293945,34.025001525878906,31.575000762939453,31.850000381469727,37530208,yfinance,False
2011-08-16,20.392784118652344,33.525001525878906,34.400001525878906,33.349998474121094,33.67499923706055,35859262,yfinance,False
2011-08-17,20.392784118652344,33.525001525878906,33.525001525878906,33.525001525878906,33.525001525878906,0,yfinance,False
2011-08-18,19.78449821472168,32.525001525878906,34.650001525878906,31.674999237060547,34.650001525878906,43530942,yfinance,False
2011-08-19,19.145797729492188,31.475000381469727,32.025001525878906,31.174999237060547,31.200000762939453,25029434,yfinance,False
2011-08-22,18.932897567749023,31.125,32.0,30.899999618530273,31.899999618530273,22523058,yfinance,False
2011-08-23,19.72367286682129,32.42499923706055,32.474998474121094,31.0,31.0,17884068,yfinance,False
2011-08-24,18.993728637695312,31.225000381469727,32.25,31.0,32.0,264894956,yfinance,False
2011-08-25,19.054548263549805,31.325000762939453,31.875,31.0,31.700000762939453,22376960,yfinance,False
2011-08-26,18.400646209716797,30.25,31.25,29.850000381469727,31.25,48628202,yfinance,False
2011-08-29,18.33981704711914,30.149999618530273,30.950000762939453,30.0,30.875,22675512,yfinance,False
2011-08-30,18.902484893798828,31.075000762939453,31.299999237060547,30.350000381469727,30.600000381469727,31931092,yfinance,False
2011-08-31,19.019254684448242,31.174999237060547,31.225000381469727,30.625,30.899999618530273,19347758,yfinance,False
2011-09-01,19.339542388916016,31.700000762939453,32.95000076293945,31.600000381469727,31.774999618530273,36301372,yfinance,False
2011-09-02,19.034503936767578,31.200000762939453,32.07500076293945,31.024999618530273,32.025001525878906,25307116,yfinance,False
2011-09-05,18.348161697387695,30.075000762939453,30.774999618530273,30.0,30.5,20337876,yfinance,False
2011-09-06,18.317659378051758,30.024999618530273,30.325000762939453,29.399999618530273,29.75,27616910,yfinance,False
2011-09-07,18.9277400970459,31.024999618530273,31.174999237060547,30.200000762939453,30.450000762939453,16077744,yfinance,False
2011-09-08,18.714208602905273,30.674999237060547,31.25,30.475000381469727,31.25,12610502,yfinance,False
2011-09-09,18.88198471069336,30.950000762939453,31.674999237060547,30.649999618530273,30.899999618530273,11562340,yfinance,False
2011-09-12,17.75333595275879,29.100000381469727,30.200000762939453,29.0,30.200000762939453,14302480,yfinance,False
2011-09-14,17.448293685913086,28.600000381469727,29.5,27.424999237060547,29.25,30347284,yfinance,False
2011-09-15,17.585559844970703,28.825000762939453,29.475000381469727,28.049999237060547,28.75,17984714,yfinance,False
2011-09-16,18.180391311645508,29.799999237060547,30.325000762939453,29.274999618530273,29.475000381469727,24110762,yfinance,False
2011-09-19,17.08224868774414,28.0,29.225000381469727,27.924999237060547,29.0,16304326,yfinance,False
2011-09-20,17.341527938842773,28.424999237060547,28.5,27.75,28.049999237060547,12537628,yfinance,False
2011-09-21,17.250019073486328,28.274999618530273,28.899999618530273,28.0,28.424999237060547,19428820,yfinance,False
2011-09-22,16.029855728149414,26.274999618530273,27.75,26.049999237060547,27.450000762939453,32411464,yfinance,False
2011-09-23,15.02322769165039,24.625,26.0,24.5,26.0,65276174,yfinance,False
2011-09-26,12.96420955657959,21.25,24.649999618530273,20.875,24.625,115070448,yfinance,False
2011-09-27,14.275879859924316,23.399999618530273,23.475000381469727,22.25,22.25,64574172,yfinance,False
2011-09-28,14.336886405944824,23.5,23.950000762939453,23.100000381469727,23.299999237060547,43492356,yfinance,False
2011-09-30,13.482772827148438,22.100000381469727,23.475000381469727,21.75,23.0,33293350,yfinance,False
2011-10-03,11.683034896850586,19.149999618530273,21.649999618530273,18.674999237060547,21.625,95395328,yfinance,False
2011-10-04,11.789800643920898,19.325000762939453,20.25,19.0,19.149999618530273,85285016,yfinance,False
2011-10-06,12.811686515808105,21.0,21.399999618530273,20.625,21.25,66567904,yfinance,False
2011-10-07,13.848822593688965,22.700000762939453,23.25,21.399999618530273,21.125,48524840,yfinance,False
2011-10-10,13.742058753967285,22.524999618530273,23.225000381469727,22.149999618530273,23.0,20489546,yfinance,False
2011-10-11,14.184365272521973,23.25,24.799999237060547,23.200000762939453,23.625,36727026,yfinance,False
2011-10-12,15.313015937805176,25.100000381469727,25.299999237060547,22.875,23.049999237060547,52314836,yfinance,False
2011-10-13,16.472169876098633,27.0,27.424999237060547,25.700000762939453,25.75,60926978,yfinance,False
2011-10-14,16.258638381958008,26.649999618530273,27.399999618530273,26.0,26.075000762939453,26374240,yfinance,False
2011-10-17,17.250019073486328,28.274999618530273,28.899999618530273,27.399999618530273,27.549999237060547,41361710,yfinance,False
2011-10-18,16.1976318359375,26.549999237060547,27.25,25.850000381469727,27.049999237060547,31491622,yfinance,False
2011-10-19,15.694313049316406,25.725000381469727,27.049999237060547,25.5,26.5,25730598,yfinance,False
2011-10-20,15.190994262695312,24.899999618530273,25.375,24.0,25.375,27317640,yfinance,False
2011-10-21,14.733437538146973,24.149999618530273,25.049999237060547,24.024999618530273,24.899999618530273,23786420,yfinance,False
2011-10-24,15.831582069396973,25.950000762939453,26.149999618530273,25.149999618530273,25.149999618530273,22616078,yfinance,False
2011-10-25,16.31964874267578,26.75,26.899999618530273,26.399999618530273,26.600000381469727,30636818,yfinance,False
2011-10-26,16.456912994384766,26.975000381469727,27.0,25.700000762939453,25.75,25176114,yfinance,False
2011-10-27,17.72283363342285,29.049999237060547,29.274999618530273,26.424999237060547,26.450000762939453,60986646,yfinance,False
2011-10-28,18.012619018554688,29.524999618530273,30.450000762939453,29.5,30.100000381469727,53428926,yfinance,False
2011-10-31,17.90585708618164,29.350000381469727,30.200000762939453,28.399999618530273,30.200000762939453,26699348,yfinance,False
2011-11-01,17.158506393432617,28.125,29.149999618530273,28.0,28.5,27113034,yfinance,False
2011-11-02,18.058372497558594,29.600000381469727,29.700000762939453,27.100000381469727,27.399999618530273,30933328,yfinance,False
2011-11-03,17.92110824584961,29.375,30.600000381469727,28.325000762939453,29.0,45143746,yfinance,False
2011-11-04,19.049753189086914,31.225000381469727,31.25,30.700000762939453,31.0,37960012,yfinance,False
2011-11-07,19.00400161743164,31.149999618530273,32.025001525878906,31.0,32.0,29430816,yfinance,False
2011-11-08,18.95824432373047,31.075000762939453,31.975000381469727,30.549999237060547,31.975000381469727,15756182,yfinance,False
2011-11-09,19.415807723999023,31.825000762939453,32.375,31.450000762939453,32.0,20595328,yfinance,False
2011-11-10,17.99736785888672,29.5,30.700000762939453,28.799999237060547,30.100000381469727,30137792,yfinance,False
2011-11-11,18.256650924682617,29.924999237060547,30.375,29.75,30.225000381469727,18301452,yfinance,False
2011-11-14,19.15652084350586,31.399999618530273,31.725000381469727,31.024999618530273,31.100000381469727,23976802,yfinance,False
2011-11-15,18.775217056274414,30.774999618530273,31.024999618530273,30.424999237060547,31.0,16525490,yfinance,False
2011-11-16,17.677072525024414,28.975000381469727,30.975000381469727,28.75,30.774999618530273,32312158,yfinance,False
2011-11-17,17.509302139282227,28.700000762939453,29.25,28.25,28.25,20505490,yfinance,False
2011-11-18,16.624691009521484,27.25,27.975000381469727,27.149999618530273,27.975000381469727,40762120,yfinance,False
2011-11-21,16.029855728149414,26.274999618530273,27.200000762939453,26.024999618530273,27.200000762939453,26108798,yfinance,False
2011-11-22,16.31964874267578,26.75,26.799999237060547,25.75,26.274999618530273,26778064,yfinance,False
2011-11-23,15.679059028625488,25.700000762939453,26.100000381469727,25.549999237060547,26.0,20260414,yfinance,False
2011-11-24,16.1976318359375,26.549999237060547,26.774999618530273,25.350000381469727,25.375,24471688,yfinance,False
2011-11-25,15.862090110778809,26.0,26.274999618530273,25.649999618530273,25.799999237060547,12815282,yfinance,False
2011-11-28,16.426408767700195,26.924999237060547,27.399999618530273,26.5,26.75,13897978,yfinance,False
2011-11-29,16.472169876098633,27.0,27.549999237060547,26.475000381469727,27.100000381469727,16027246,yfinance,False
2011-11-30,15.602801322937012,25.575000762939453,26.524999618530273,25.25,26.5,28365654,yfinance,False
2011-12-01,17.631319046020508,28.899999618530273,29.0,27.924999237060547,28.350000381469727,61329530,yfinance,False
2011-12-02,18.409170150756836,30.174999237060547,30.299999237060547,28.350000381469727,28.899999618530273,41093476,yfinance,False
2011-12-05,18.317659378051758,30.024999618530273,30.100000381469727,29.350000381469727,30.100000381469727,30704612,yfinance,False
2011-12-06,17.79909324645996,29.174999237060547,29.399999618530273,28.5,29.200000762939453,20889872,yfinance,False
2011-12-07,18.058372497558594,29.600000381469727,29.899999618530273,29.024999618530273,29.399999618530273,25520062,yfinance,False
2011-12-08,17.692325592041016,29.0,29.399999618530273,28.899999618530273,29.049999237060547,12549940,yfinance,False
2011-12-09,17.051746368408203,27.950000762939453,28.399999618530273,27.649999618530273,27.899999618530273,18122414,yfinance,False
2011-12-12,16.944978713989258,27.774999618530273,29.024999618530273,27.5,28.600000381469727,20241412,yfinance,False
2011-12-13,16.700944900512695,27.375,27.475000381469727,27.0,27.0,16057430,yfinance,False
2011-12-14,16.533178329467773,27.100000381469727,27.375,26.924999237060547,26.950000762939453,14751600,yfinance,False
2011-12-15,16.24338722229004,26.625,26.875,25.875,26.399999618530273,25453892,yfinance,False
2011-12-16,16.624691009521484,27.25,27.600000381469727,26.200000762939453,26.549999237060547,24293200,yfinance,False
2011-12-19,16.304393768310547,26.725000381469727,26.899999618530273,25.899999618530273,26.625,29340728,yfinance,False
2011-12-20,16.136621475219727,26.450000762939453,27.200000762939453,26.149999618530273,26.399999618530273,18611596,yfinance,False
2011-12-21,15.709563255310059,25.75,26.975000381469727,25.475000381469727,26.899999618530273,61919098,yfinance,False
2011-12-22,15.419775009155273,25.274999618530273,25.674999237060547,25.049999237060547,25.450000762939453,42025710,yfinance,False
2011-12-23,15.846834182739258,25.975000381469727,26.0,25.600000381469727,25.774999618530273,26264884,yfinance,False
2011-12-28,15.602801322937012,25.575000762939453,26.0,25.399999618530273,25.975000381469727,13102018,yfinance,False
2011-12-29,15.541794776916504,25.475000381469727,25.649999618530273,25.225000381469727,25.350000381469727,16164952,yfinance,False
2011-12-30,15.618053436279297,25.600000381469727,25.850000381469727,25.350000381469727,25.75,9473920,yfinance,False
2012-01-03,15.938352584838867,26.125,26.25,25.75,25.975000381469727,14985712,yfinance,False
2012-01-04,15.572298049926758,25.524999618530273,26.200000762939453,25.399999618530273,26.174999237060547,17060744,yfinance,False
2012-01-05,15.557046890258789,25.5,25.649999618530273,25.350000381469727,25.350000381469727,14097210,yfinance,False
2012-01-06,14.855453491210938,24.350000381469727,25.299999237060547,24.299999237060547,25.25,35940722,yfinance,False
2012-01-09,15.358772277832031,25.174999237060547,25.274999618530273,23.399999618530273,24.149999618530273,37167890,yfinance,False
2012-01-10,15.846834182739258,25.975000381469727,26.274999618530273,24.875,25.25,32821116,yfinance,False
2012-01-11,15.846834182739258,25.975000381469727,26.149999618530273,25.424999237060547,25.899999618530273,32938192,yfinance,False
2012-01-12,15.877336502075195,26.024999618530273,26.350000381469727,25.625,25.625,21908606,yfinance,False
2012-01-13,16.06036376953125,26.325000762939453,26.424999237060547,25.899999618530273,26.350000381469727,22374980,yfinance,False
2012-01-16,15.663809776306152,25.674999237060547,26.399999618530273,25.674999237060547,25.924999237060547,16131604,yfinance,False
2012-01-17,16.88396644592285,27.674999237060547,27.75,25.975000381469727,25.975000381469727,60227056,yfinance,False
2012-01-18,16.990734100341797,27.850000381469727,28.0,27.325000762939453,28.0,30875858,yfinance,False
2012-01-19,18.180391311645508,29.799999237060547,29.875,28.149999618530273,28.25,70725672,yfinance,False
2012-01-20,18.043119430541992,29.575000762939453,30.25,29.299999237060547,30.049999237060547,30624100,yfinance,False
2012-01-26,18.653202056884766,30.575000762939453,30.75,29.850000381469727,30.0,26602692,yfinance,False
2012-01-27,18.79047393798828,30.799999237060547,31.125,30.200000762939453,30.200000762939453,29237422,yfinance,False
2012-01-30,18.287151336669922,29.975000381469727,31.0,29.899999618530273,31.0,37423784,yfinance,False
2012-01-31,18.72946548461914,30.700000762939453,30.899999618530273,29.799999237060547,30.600000381469727,30962454,yfinance,False
2012-02-01,18.592193603515625,30.475000381469727,31.0,30.149999618530273,30.75,21617650,yfinance,False
2012-02-02,19.583574295043945,32.099998474121094,32.42499923706055,30.825000762939453,31.0,44285092,yfinance,False
2012-02-03,19.873367309570312,32.57500076293945,32.724998474121094,31.825000762939453,32.20000076293945,25974720,yfinance,False
2012-02-06,19.446308135986328,31.875,33.04999923706055,31.524999618530273,33.0,24788982,yfinance,False
2012-02-07,19.126018524169922,31.350000381469727,32.20000076293945,31.174999237060547,31.875,22273436,yfinance,False
2012-02-08,19.522567749023438,32.0,32.42499923706055,31.375,31.575000762939453,27238666,yfinance,False
2012-02-09,19.858112335205078,32.54999923706055,32.900001525878906,31.5,31.5,37166656,yfinance,False
2012-02-10,19.46155548095703,31.899999618530273,32.349998474121094,31.549999237060547,32.0,24015546,yfinance,False
2012-02-13,19.88861083984375,32.599998474121094,32.900001525878906,31.700000762939453,31.774999618530273,20426246,yfinance,False
2012-02-14,19.94961929321289,32.70000076293945,33.224998474121094,32.45000076293945,32.599998474121094,26201894,yfinance,False
2012-02-15,20.269916534423828,33.224998474121094,33.275001525878906,32.54999923706055,32.70000076293945,37500352,yfinance,False
2012-02-16,19.827604293823242,32.5,33.07500076293945,32.125,33.0,20380756,yfinance,False
2012-02-17,20.14790153503418,33.025001525878906,33.20000076293945,32.75,32.775001525878906,25300228,yfinance,False
2012-02-20,20.361425399780273,33.375,34.07500076293945,33.25,33.900001525878906,36441276,yfinance,False
2012-02-21,20.48344612121582,33.57500076293945,33.849998474121094,33.0,33.849998474121094,22683388,yfinance,False
2012-02-22,20.849489212036133,34.17499923706055,34.25,32.82500076293945,32.82500076293945,22626416,yfinance,False
2012-02-23,20.574951171875,33.724998474121094,34.29999923706055,33.42499923706055,33.42499923706055,10655908,yfinance,False
2012-02-24,20.498695373535156,33.599998474121094,33.79999923706055,33.07500076293945,33.54999923706055,20380214,yfinance,False
2012-02-27,20.132648468017578,33.0,34.25,32.775001525878906,33.625,21981412,yfinance,False
2012-02-28,20.391935348510742,33.42499923706055,33.650001525878906,32.650001525878906,32.650001525878906,22398924,yfinance,False
2012-02-29,20.696971893310547,33.92499923706055,34.025001525878906,33.20000076293945,33.849998474121094,21045912,yfinance,False
2012-03-01,20.056392669677734,32.875,33.79999923706055,32.67499923706055,33.57500076293945,17545728,yfinance,False
2012-03-02,20.19365882873535,33.099998474121094,33.45000076293945,33.0,33.150001525878906,20292442,yfinance,False
2012-03-05,19.583574295043945,32.099998474121094,33.32500076293945,31.850000381469727,33.17499923706055,23884472,yfinance,False
2012-03-06,18.851482391357422,30.899999618530273,32.04999923706055,30.799999237060547,31.600000381469727,32717632,yfinance,False
2012-03-07,18.08888053894043,29.649999618530273,30.799999237060547,29.625,30.475000381469727,54871572,yfinance,False
2012-03-08,19.019254684448242,31.174999237060547,31.225000381469727,30.0,30.0,39776930,yfinance,False
2012-03-09,19.126018524169922,31.350000381469727,31.75,31.25,31.299999237060547,18142766,yfinance,False
2012-03-12,19.30904197692871,31.649999618530273,31.825000762939453,31.0,31.350000381469727,16837976,yfinance,False
2012-03-13,19.492067337036133,31.950000762939453,32.224998474121094,31.649999618530273,31.799999237060547,13347224,yfinance,False
2012-03-14,19.15652084350586,31.399999618530273,32.5,31.200000762939453,32.5,27462966,yfinance,False
2012-03-15,19.324295043945312,31.674999237060547,31.725000381469727,30.950000762939453,31.375,22758468,yfinance,False
2012-03-16,18.973495483398438,31.100000381469727,31.325000762939453,30.774999618530273,31.125,28152616,yfinance,False
2012-03-20,18.424423217773438,30.200000762939453,30.899999618530273,29.924999237060547,30.450000762939453,20135954,yfinance,False
2012-03-21,18.332916259765625,30.049999237060547,30.575000762939453,29.799999237060547,30.25,19395840,yfinance,False
2012-03-22,18.210891723632812,29.850000381469727,30.25,29.674999237060547,29.899999618530273,18692756,yfinance,False
2012-03-23,18.180391311645508,29.799999237060547,29.950000762939453,29.399999618530273,29.5,12002126,yfinance,False
2012-03-26,18.22614288330078,29.875,30.075000762939453,29.475000381469727,30.0,7880766,yfinance,False
2012-03-27,18.47018051147461,30.274999618530273,30.649999618530273,30.225000381469727,30.649999618530273,22396050,yfinance,False
2012-03-28,18.348161697387695,30.075000762939453,30.399999618530273,29.799999237060547,30.149999618530273,14277222,yfinance,False
2012-03-29,17.814346313476562,29.200000762939453,29.600000381469727,29.049999237060547,29.399999618530273,27946452,yfinance,False
2012-03-30,17.90585708618164,29.350000381469727,29.600000381469727,28.850000381469727,28.950000762939453,16188642,yfinance,False
2012-04-02,17.966859817504883,29.450000762939453,29.700000762939453,29.225000381469727,29.225000381469727,8780048,yfinance,False
2012-04-03,18.22614288330078,29.875,30.200000762939453,29.299999237060547,29.649999618530273,12727580,yfinance,False
2012-04-05,18.363412857055664,30.100000381469727,30.575000762939453,29.049999237060547,29.100000381469727,24088482,yfinance,False
2012-04-10,18.043119430541992,29.575000762939453,29.950000762939453,29.299999237060547,29.600000381469727,13583732,yfinance,False
2012-04-11,17.90585708618164,29.350000381469727,29.375,28.700000762939453,28.950000762939453,16255708,yfinance,False
2012-04-12,18.14988899230957,29.75,30.325000762939453,29.100000381469727,29.225000381469727,22775510,yfinance,False
2012-04-13,18.9277400970459,31.024999618530273,31.549999237060547,30.575000762939453,31.0,46344658,yfinance,False
2012-04-16,18.86673355102539,30.924999237060547,31.25,30.549999237060547,30.850000381469727,12343178,yfinance,False
2012-04-17,18.759965896606445,30.75,31.149999618530273,30.399999618530273,31.149999618530273,18033568,yfinance,False
2012-04-18,19.00400161743164,31.149999618530273,31.350000381469727,30.875,31.25,14862296,yfinance,False
2012-04-19,19.56832504272461,32.07500076293945,32.25,30.975000381469727,31.100000381469727,30871736,yfinance,False
2012-04-20,19.522567749023438,32.0,32.20000076293945,31.75,31.899999618530273,17468288,yfinance,False
2012-04-23,18.88198471069336,30.950000762939453,31.950000762939453,30.924999237060547,31.75,14542416,yfinance,False
2012-04-24,19.00400161743164,31.149999618530273,31.575000762939453,30.725000381469727,30.725000381469727,18591938,yfinance,False
2012-04-25,18.973495483398438,31.100000381469727,31.325000762939453,30.700000762939453,31.174999237060547,10032294,yfinance,False
2012-04-26,19.446308135986328,31.875,32.099998474121094,31.399999618530273,31.424999237060547,25814456,yfinance,False
2012-04-27,19.46155548095703,31.899999618530273,32.5,31.5,32.5,18544764,yfinance,False
2012-04-30,19.797101974487305,32.45000076293945,32.57500076293945,31.924999237060547,31.924999237060547,22647028,yfinance,False
2012-05-02,20.224159240722656,33.150001525878906,33.32500076293945,32.775001525878906,32.775001525878906,26730600,yfinance,False
2012-05-03,20.48344612121582,33.57500076293945,33.75,33.025001525878906,33.400001525878906,29350942,yfinance,False
2012-05-04,20.117395401000977,32.974998474121094,33.724998474121094,32.875,33.724998474121094,18328766,yfinance,False
2012-05-07,19.370046615600586,31.75,32.224998474121094,31.649999618530273,31.899999618530273,24610574,yfinance,False
2012-05-08,19.43105125427246,31.850000381469727,32.224998474121094,31.575000762939453,32.04999923706055,13491588,yfinance,False
2012-05-09,18.912487030029297,31.0,31.424999237060547,30.799999237060547,31.075000762939453,30087582,yfinance,False
2012-05-10,18.82097816467285,30.850000381469727,31.200000762939453,30.424999237060547,30.75,21314234,yfinance,False
2012-05-11,18.363412857055664,30.100000381469727,30.549999237060547,30.0,30.299999237060547,25502298,yfinance,False
2012-05-14,17.99736785888672,29.5,30.600000381469727,29.450000762939453,30.325000762939453,25790578,yfinance,False
2012-05-15,18.56169319152832,30.424999237060547,30.5,29.350000381469727,29.5,33805314,yfinance,False
2012-05-16,18.08888053894043,29.649999618530273,30.125,29.274999618530273,30.0,27397502,yfinance,False
2012-05-17,17.90585708618164,29.350000381469727,29.950000762939453,29.25,29.850000381469727,24986020,yfinance,False
2012-05-18,17.66182518005371,28.950000762939453,29.174999237060547,28.25,28.549999237060547,33809642,yfinance,False
2012-05-21,17.448293685913086,28.600000381469727,29.299999237060547,28.325000762939453,28.950000762939453,22393370,yfinance,False
2012-05-22,17.570308685302734,28.799999237060547,29.25,28.600000381469727,28.799999237060547,26021464,yfinance,False
2012-05-23,17.555063247680664,28.774999618530273,29.25,28.049999237060547,28.325000762939453,25639166,yfinance,False
2012-05-24,17.555063247680664,28.774999618530273,28.950000762939453,28.5,28.649999618530273,13281410,yfinance,False
2012-05-25,17.21951675415039,28.225000381469727,28.799999237060547,28.075000762939453,28.549999237060547,26202770,yfinance,False
2012-05-28,17.295778274536133,28.350000381469727,28.575000762939453,28.024999618530273,28.174999237060547,12860056,yfinance,False
2012-05-29,17.844846725463867,29.25,29.350000381469727,28.274999618530273,28.274999618530273,21949672,yfinance,False
2012-05-30,17.600812911987305,28.850000381469727,29.049999237060547,28.5,29.049999237060547,24587806,yfinance,False
2012-05-31,17.433042526245117,28.575000762939453,28.774999618530273,28.174999237060547,28.25,24430102,yfinance,False
2012-06-01,17.234769821166992,28.25,28.575000762939453,28.200000762939453,28.25,28606930,yfinance,False
2012-06-04,16.289142608642578,26.700000762939453,27.625,26.5,27.549999237060547,52613938,yfinance,False
2012-06-05,16.456912994384766,26.975000381469727,27.299999237060547,26.625,26.899999618530273,27908564,yfinance,False
2012-06-06,17.03649139404297,27.924999237060547,28.100000381469727,27.25,27.399999618530273,24009524,yfinance,False
2012-06-07,17.066997528076172,27.975000381469727,28.5,27.799999237060547,28.299999237060547,14428958,yfinance,False
2012-06-08,17.402542114257812,28.524999618530273,28.725000381469727,28.125,28.450000762939453,27672284,yfinance,False
2012-06-11,18.043119430541992,29.575000762939453,29.75,29.274999618530273,29.424999237060547,26984478,yfinance,False
2012-06-12,18.073625564575195,29.625,29.899999618530273,29.0,29.25,20546184,yfinance,False
2012-06-13,18.54644012451172,30.399999618530273,30.424999237060547,29.299999237060547,29.649999618530273,27533946,yfinance,False
2012-06-14,18.302410125732422,30.0,30.600000381469727,29.950000762939453,30.549999237060547,24546588,yfinance,False
2012-06-15,18.607444763183594,30.5,30.75,30.200000762939453,30.350000381469727,24361866,yfinance,False
2012-06-18,18.897235870361328,30.975000381469727,31.450000762939453,30.850000381469727,31.125,20648992,yfinance,False
2012-06-19,18.897235870361328,30.975000381469727,31.049999237060547,30.625,30.924999237060547,14492572,yfinance,False
2012-06-20,19.049753189086914,31.225000381469727,31.475000381469727,30.924999237060547,31.149999618530273,17346956,yfinance,False
2012-06-21,18.454925537109375,30.25,31.350000381469727,30.149999618530273,31.225000381469727,20897962,yfinance,False
2012-06-22,18.165138244628906,29.774999618530273,29.950000762939453,29.625,29.75,13055608,yfinance,False
2012-06-25,17.90585708618164,29.350000381469727,29.950000762939453,29.049999237060547,29.825000762939453,11041664,yfinance,False
2012-06-26,18.287151336669922,29.975000381469727,30.100000381469727,29.350000381469727,29.575000762939453,15076330,yfinance,False
2012-06-27,18.592193603515625,30.475000381469727,30.75,29.700000762939453,29.924999237060547,14348096,yfinance,False
2012-06-28,18.210891723632812,29.850000381469727,30.725000381469727,29.674999237060547,30.524999618530273,20329616,yfinance,False
2012-06-29,18.82097816467285,30.850000381469727,31.0,29.700000762939453,29.700000762939453,21867150,yfinance,False
2012-07-03,19.019254684448242,31.174999237060547,31.5,30.950000762939453,31.0,16856060,yfinance,False
2012-07-04,18.850801467895508,30.774999618530273,31.299999237060547,30.75,31.299999237060547,12943972,yfinance,False
2012-07-05,19.095823287963867,31.174999237060547,31.450000762939453,30.600000381469727,30.899999618530273,10139246,yfinance,False
2012-07-06,19.386775970458984,31.649999618530273,31.75,31.475000381469727,31.5,16509060,yfinance,False
2012-07-09,18.912059783935547,30.875,31.399999618530273,30.5,31.049999237060547,17275304,yfinance,False
2012-07-10,18.72829818725586,30.575000762939453,31.0,30.299999237060547,30.875,12445488,yfinance,False
2012-07-11,18.912059783935547,30.875,30.950000762939453,30.149999618530273,30.299999237060547,11452618,yfinance,False
2012-07-12,18.452659606933594,30.125,30.799999237060547,30.049999237060547,30.799999237060547,19566444,yfinance,False
2012-07-13,18.4832820892334,30.174999237060547,30.5,29.825000762939453,30.5,13987528,yfinance,False
2012-07-16,18.376089096069336,30.0,30.700000762939453,29.950000762939453,30.700000762939453,10991516,yfinance,False
2012-07-17,19.019248962402344,31.049999237060547,31.200000762939453,30.174999237060547,30.174999237060547,22401212,yfinance,False
2012-07-18,18.95800018310547,30.950000762939453,31.075000762939453,30.450000762939453,30.950000762939453,16564034,yfinance,False
2012-07-19,19.44802474975586,31.75,31.899999618530273,31.325000762939453,31.475000381469727,27365132,yfinance,False
2012-07-20,19.43271255493164,31.725000381469727,31.875,31.299999237060547,31.75,13716204,yfinance,False
2012-07-23,18.575162887573242,30.325000762939453,30.924999237060547,29.950000762939453,30.924999237060547,32282286,yfinance,False
2012-07-24,18.360774993896484,29.975000381469727,30.75,29.75,30.149999618530273,12039664,yfinance,False
2012-07-25,18.146387100219727,29.625,30.0,29.375,29.5,25876004,yfinance,False
2012-07-26,18.00856590270996,29.399999618530273,29.825000762939453,29.174999237060547,29.549999237060547,16771696,yfinance,False
2012-07-27,18.391401290893555,30.024999618530273,30.299999237060547,29.799999237060547,29.825000762939453,15291784,yfinance,False
2012-07-30,18.60578727722168,30.375,30.799999237060547,29.899999618530273,30.299999237060547,16107872,yfinance,False
2012-07-31,18.636417388916016,30.424999237060547,30.899999618530273,30.25,30.350000381469727,13600396,yfinance,False
2012-08-01,18.942686080932617,30.924999237060547,31.0,30.149999618530273,30.25,16115632,yfinance,False
2012-08-02,18.69767189025879,30.524999618530273,31.225000381469727,30.424999237060547,31.149999618530273,13425912,yfinance,False
2012-08-03,18.820175170898438,30.725000381469727,30.725000381469727,29.899999618530273,30.100000381469727,16589112,yfinance,False
2012-08-06,18.881433486938477,30.825000762939453,31.325000762939453,30.799999237060547,31.149999618530273,12603196,yfinance,False
2012-08-07,18.789548873901367,30.674999237060547,31.100000381469727,30.399999618530273,30.700000762939453,14867702,yfinance,False
2012-08-08,18.820175170898438,30.725000381469727,30.950000762939453,30.524999618530273,30.649999618530273,8008246,yfinance,False
2012-08-09,19.034564971923828,31.075000762939453,31.325000762939453,30.825000762939453,30.875,14307730,yfinance,False
2012-08-10,18.988624572753906,31.0,31.375,30.825000762939453,31.125,16684032,yfinance,False
2012-08-13,18.529218673706055,30.25,30.950000762939453,30.100000381469727,30.850000381469727,18964986,yfinance,False
2012-08-14,18.636417388916016,30.424999237060547,30.5,29.875,30.475000381469727,24284832,yfinance,False
2012-08-15,18.3454647064209,29.950000762939453,30.225000381469727,29.899999618530273,30.049999237060547,12593294,yfinance,False
2012-08-16,18.299518585205078,29.875,30.225000381469727,29.75,30.225000381469727,17798760,yfinance,False
2012-08-17,18.529218673706055,30.25,30.5,30.0,30.0,15904554,yfinance,False
2012-08-20,18.452659606933594,30.125,30.25,29.799999237060547,30.25,12104268,yfinance,False
2012-08-21,18.4832820892334,30.174999237060547,30.625,30.024999618530273,30.299999237060547,15318404,yfinance,False
2012-08-22,18.33014678955078,29.924999237060547,30.0,29.75,29.924999237060547,17841066,yfinance,False
2012-08-23,18.391401290893555,30.024999618530273,30.399999618530273,29.899999618530273,30.100000381469727,20999628,yfinance,False
2012-08-24,18.100444793701172,29.549999237060547,29.924999237060547,29.350000381469727,29.450000762939453,39561976,yfinance,False
2012-08-27,17.625734329223633,28.774999618530273,29.5,28.524999618530273,29.375,41193066,yfinance,False
2012-08-28,17.51853370666504,28.600000381469727,28.899999618530273,28.399999618530273,28.899999618530273,24975102,yfinance,False
2012-08-29,17.365406036376953,28.350000381469727,28.725000381469727,28.174999237060547,28.375,29031636,yfinance,False
2012-08-30,17.242897033691406,28.149999618530273,28.350000381469727,27.899999618530273,28.200000762939453,24096878,yfinance,False
2012-08-31,17.151018142700195,28.0,28.450000762939453,28.0,28.100000381469727,35294852,yfinance,False
2012-09-03,17.013195037841797,27.774999618530273,28.200000762939453,27.524999618530273,27.674999237060547,33879728,yfinance,False
2012-09-04,16.99788475036621,27.75,28.149999618530273,27.600000381469727,27.75,20987372,yfinance,False
2012-09-05,16.890689849853516,27.575000762939453,27.75,27.450000762939453,27.549999237060547,21350888,yfinance,False
2012-09-06,16.875375747680664,27.549999237060547,27.600000381469727,27.25,27.424999237060547,28302928,yfinance,False
2012-09-07,17.472599029541016,28.524999618530273,28.899999618530273,27.924999237060547,28.049999237060547,50596126,yfinance,False
2012-09-10,17.44196891784668,28.475000381469727,29.0,28.450000762939453,28.700000762939453,25940160,yfinance,False
2012-09-11,17.472599029541016,28.524999618530273,28.575000762939453,27.899999618530273,28.549999237060547,19714130,yfinance,False
2012-09-12,17.625734329223633,28.774999618530273,28.924999237060547,28.649999618530273,28.75,16830398,yfinance,False
2012-09-13,17.671669006347656,28.850000381469727,29.0,28.700000762939453,28.774999618530273,16694980,yfinance,False
2012-09-14,18.33014678955078,29.924999237060547,30.100000381469727,29.424999237060547,29.424999237060547,44449314,yfinance,False
2012-09-17,18.069822311401367,29.5,30.25,29.274999618530273,30.25,21066168,yfinance,False
2012-09-18,17.88606071472168,29.200000762939453,29.649999618530273,29.0,29.524999618530273,19898278,yfinance,False
2012-09-19,17.977941513061523,29.350000381469727,29.799999237060547,29.25,29.350000381469727,18342332,yfinance,False
2012-09-20,17.702299118041992,28.899999618530273,29.5,28.799999237060547,29.5,24024770,yfinance,False
2012-09-21,17.84047508239746,29.049999237060547,29.225000381469727,28.825000762939453,29.174999237060547,19030876,yfinance,False
2012-09-24,17.84047508239746,29.049999237060547,29.375,28.5,28.75,14224846,yfinance,False
2012-09-25,17.963302612304688,29.25,29.350000381469727,29.024999618530273,29.225000381469727,11882260,yfinance,False
2012-09-26,17.84047508239746,29.049999237060547,29.325000762939453,28.799999237060547,29.0,12973604,yfinance,False
2012-09-27,18.162893295288086,29.575000762939453,29.774999618530273,28.825000762939453,28.825000762939453,24549130,yfinance,False
2012-09-28,17.994009017944336,29.299999237060547,29.549999237060547,29.125,29.350000381469727,31965230,yfinance,False
2012-10-03,18.02471923828125,29.350000381469727,30.049999237060547,29.225000381469727,30.0,14811622,yfinance,False
2012-10-04,18.162893295288086,29.575000762939453,29.625,29.125,29.125,11591972,yfinance,False
2012-10-05,18.46996307373047,30.075000762939453,30.200000762939453,29.625,29.75,19904102,yfinance,False
2012-10-08,18.377838134765625,29.924999237060547,30.299999237060547,29.625,30.049999237060547,17602394,yfinance,False
2012-10-09,18.623489379882812,30.325000762939453,30.600000381469727,30.0,30.0,23363254,yfinance,False
2012-10-10,18.700258255004883,30.450000762939453,30.475000381469727,29.975000381469727,30.225000381469727,16066942,yfinance,False
2012-10-11,18.592784881591797,30.274999618530273,30.674999237060547,30.149999618530273,30.450000762939453,21074968,yfinance,False
2012-10-12,18.73096466064453,30.5,30.674999237060547,30.200000762939453,30.25,28804872,yfinance,False
2012-10-15,18.684907913208008,30.424999237060547,30.700000762939453,30.399999618530273,30.649999618530273,17367332,yfinance,False
2012-10-16,18.83843421936035,30.674999237060547,30.75,30.475000381469727,30.75,15111486,yfinance,False
2012-10-17,18.930561065673828,30.825000762939453,31.225000381469727,30.649999618530273,30.924999237060547,32828466,yfinance,False
2012-10-18,19.068735122680664,31.049999237060547,31.225000381469727,30.524999618530273,30.825000762939453,29347386,yfinance,False
2012-10-19,19.222270965576172,31.299999237060547,31.450000762939453,31.100000381469727,31.200000762939453,18961460,yfinance,False
2012-10-22,19.452571868896484,31.674999237060547,31.825000762939453,31.049999237060547,31.149999618530273,16677004,yfinance,False
2012-10-24,19.606101989746094,31.924999237060547,32.099998474121094,31.25,31.25,20867118,yfinance,False
2012-10-25,19.360448837280273,31.524999618530273,31.899999618530273,31.25,31.850000381469727,16151848,yfinance,False
2012-10-26,18.746318817138672,30.524999618530273,31.75,30.024999618530273,31.75,33507792,yfinance,False
2012-10-29,18.792381286621094,30.600000381469727,30.850000381469727,30.274999618530273,30.274999618530273,15706644,yfinance,False
2012-10-30,18.577430725097656,30.25,30.850000381469727,30.200000762939453,30.850000381469727,18076440,yfinance,False
2012-10-31,18.85379409790039,30.700000762939453,30.899999618530273,30.424999237060547,30.450000762939453,18227894,yfinance,False
2012-11-01,19.022674560546875,30.975000381469727,31.149999618530273,30.350000381469727,30.424999237060547,27540452,yfinance,False
2012-11-02,19.191560745239258,31.25,31.625,31.100000381469727,31.450000762939453,22980690,yfinance,False
2012-11-05,19.314390182495117,31.450000762939453,31.600000381469727,31.274999618530273,31.424999237060547,17454454,yfinance,False
2012-11-06,19.084089279174805,31.075000762939453,31.674999237060547,30.899999618530273,31.674999237060547,20141846,yfinance,False
2012-11-07,19.222270965576172,31.299999237060547,31.424999237060547,30.774999618530273,31.274999618530273,22856112,yfinance,False
2012-11-08,18.83843421936035,30.674999237060547,31.174999237060547,30.524999618530273,30.774999618530273,23252284,yfinance,False
2012-11-09,18.792381286621094,30.600000381469727,30.700000762939453,30.325000762939453,30.325000762939453,24575666,yfinance,False
2012-11-12,18.73096466064453,30.5,30.75,30.424999237060547,30.600000381469727,12368216,yfinance,False
2012-11-13,18.3931941986084,29.950000762939453,30.5,29.825000762939453,30.299999237060547,17590896,yfinance,False
2012-11-14,18.54672622680664,30.200000762939453,30.25,29.924999237060547,30.25,19414862,yfinance,False
2012-11-15,18.270370483398438,29.75,30.024999618530273,29.399999618530273,29.924999237060547,18329932,yfinance,False
2012-11-16,18.30107307434082,29.799999237060547,30.075000762939453,29.600000381469727,30.075000762939453,14899886,yfinance,False
2012-11-19,17.94795036315918,29.225000381469727,29.549999237060547,28.75,29.424999237060547,38919400,yfinance,False
2012-11-20,17.733001708984375,28.875,29.450000762939453,28.850000381469727,29.399999618530273,26090830,yfinance,False
2012-11-21,17.87118911743164,29.100000381469727,29.274999618530273,28.774999618530273,29.274999618530273,32328110,yfinance,False
2012-11-22,18.055421829223633,29.399999618530273,29.600000381469727,29.049999237060547,29.25,24192776,yfinance,False
2012-11-23,18.239669799804688,29.700000762939453,29.875,29.299999237060547,29.299999237060547,26828732,yfinance,False
2012-11-26,18.040069580078125,29.375,29.799999237060547,29.149999618530273,29.799999237060547,18387250,yfinance,False
2012-11-27,17.963302612304688,29.25,29.774999618530273,29.149999618530273,29.549999237060547,14427214,yfinance,False
2012-11-28,17.656238555908203,28.75,29.100000381469727,28.575000762939453,29.100000381469727,29412150,yfinance,False
2012-11-29,17.779062271118164,28.950000762939453,29.174999237060547,28.774999618530273,28.875,15889672,yfinance,False
2012-11-30,18.009366989135742,29.325000762939453,29.524999618530273,29.100000381469727,29.149999618530273,27574390,yfinance,False
2012-12-03,17.763713836669922,28.924999237060547,29.725000381469727,28.875,29.424999237060547,16595488,yfinance,False
2012-12-04,17.702299118041992,28.825000762939453,28.975000381469727,28.75,28.850000381469727,32180190,yfinance,False
2012-12-05,18.577430725097656,30.25,30.5,29.274999618530273,29.274999618530273,603273466,yfinance,False
2012-12-06,18.531370162963867,30.174999237060547,30.549999237060547,29.975000381469727,30.549999237060547,35203708,yfinance,False
2012-12-07,18.423904418945312,30.0,30.5,29.950000762939453,30.399999618530273,35492904,yfinance,False
2012-12-10,18.500673294067383,30.125,30.549999237060547,30.075000762939453,30.274999618530273,28488548,yfinance,False
2012-12-11,18.408546447753906,29.975000381469727,30.375,29.950000762939453,30.125,25590326,yfinance,False
2012-12-12,18.592784881591797,30.274999618530273,30.450000762939453,30.100000381469727,30.100000381469727,29112944,yfinance,False
2012-12-13,18.684907913208008,30.424999237060547,30.600000381469727,30.274999618530273,30.600000381469727,23014714,yfinance,False
2012-12-14,19.32974624633789,31.475000381469727,31.575000762939453,30.200000762939453,30.200000762939453,53800704,yfinance,False
2012-12-17,19.621458053588867,31.950000762939453,32.150001525878906,31.549999237060547,31.600000381469727,39861076,yfinance,False
2012-12-18,19.513978958129883,31.774999618530273,32.25,31.625,32.25,24366776,yfinance,False
2012-12-19,19.360448837280273,31.524999618530273,32.07500076293945,31.149999618530273,32.04999923706055,32826360,yfinance,False
2012-12-20,19.299034118652344,31.424999237060547,31.600000381469727,31.0,31.600000381469727,23980264,yfinance,False
2012-12-21,19.421859741210938,31.625,31.725000381469727,31.0,31.149999618530273,23483486,yfinance,False
2012-12-24,19.37580108642578,31.549999237060547,31.700000762939453,31.350000381469727,31.5,9885798,yfinance,False
2012-12-27,19.560039520263672,31.850000381469727,31.975000381469727,31.700000762939453,31.899999618530273,18052780,yfinance,False
2012-12-28,19.560039520263672,31.850000381469727,31.975000381469727,31.674999237060547,31.975000381469727,16801288,yfinance,False
2012-12-31,19.92852210998535,32.45000076293945,32.5,31.600000381469727,31.600000381469727,18744128,yfinance,False
2013-01-02,20.957185745239258,34.125,34.150001525878906,32.625,32.75,54486534,yfinance,False
2013-01-03,21.49455451965332,35.0,35.0,34.150001525878906,34.474998474121094,56799368,yfinance,False
2013-01-04,21.38707733154297,34.82500076293945,35.099998474121094,34.150001525878906,34.650001525878906,36918006,yfinance,False
2013-01-07,21.80161476135254,35.5,35.79999923706055,34.650001525878906,34.79999923706055,33462282,yfinance,False
2013-01-08,20.926477432250977,34.07500076293945,35.5,33.849998474121094,35.5,48068922,yfinance,False
2013-01-09,21.110721588134766,34.375,34.45000076293945,33.29999923706055,33.650001525878906,54043782,yfinance,False
2013-01-10,20.81900978088379,33.900001525878906,34.82500076293945,33.67499923706055,34.20000076293945,35489510,yfinance,False
2013-01-11,20.558002471923828,33.474998474121094,34.275001525878906,33.42499923706055,33.900001525878906,30749570,yfinance,False
2013-01-14,21.156780242919922,34.45000076293945,34.70000076293945,33.625,33.974998474121094,22322858,yfinance,False
2013-01-15,21.294954299926758,34.67499923706055,35.0,34.07500076293945,34.07500076293945,21163682,yfinance,False
2013-01-16,21.141429901123047,34.42499923706055,34.724998474121094,34.0,34.29999923706055,15979316,yfinance,False
2013-01-17,21.033950805664062,34.25,34.900001525878906,34.025001525878906,34.900001525878906,15419158,yfinance,False
2013-01-18,21.433137893676758,34.900001525878906,34.92499923706055,34.400001525878906,34.650001525878906,23595878,yfinance,False
2013-01-21,21.41778564453125,34.875,35.0,34.525001525878906,34.82500076293945,12082258,yfinance,False
2013-01-22,21.678791046142578,35.29999923706055,35.650001525878906,34.650001525878906,35.0,24125330,yfinance,False
2013-01-23,21.509902954101562,35.025001525878906,35.349998474121094,34.70000076293945,35.349998474121094,16477650,yfinance,False
2013-01-24,21.294954299926758,34.67499923706055,35.25,34.54999923706055,34.54999923706055,19368078,yfinance,False
2013-01-25,21.080015182495117,34.32500076293945,34.849998474121094,34.150001525878906,34.67499923706055,19350816,yfinance,False
2013-01-28,21.248899459838867,34.599998474121094,34.75,34.32500076293945,34.32500076293945,16101876,yfinance,False
2013-01-29,21.141429901123047,34.42499923706055,34.82500076293945,34.349998474121094,34.82500076293945,16167876,yfinance,False
2013-01-30,21.47919464111328,34.974998474121094,35.099998474121094,34.54999923706055,34.650001525878906,27403926,yfinance,False
2013-01-31,21.35637664794922,34.775001525878906,35.150001525878906,34.5,35.150001525878906,19005272,yfinance,False
2013-02-01,21.755556106567383,35.42499923706055,35.5,34.29999923706055,35.099998474121094,26376616,yfinance,False
2013-02-04,21.156780242919922,34.45000076293945,36.349998474121094,34.375,36.32500076293945,2060114302,yfinance,False
2013-02-05,20.650123596191406,33.625,33.95000076293945,33.32500076293945,33.75,58309448,yfinance,False
2013-02-06,20.72689437866211,33.75,34.224998474121094,33.625,34.0,33065124,yfinance,False
2013-02-07,20.588712692260742,33.525001525878906,33.974998474121094,33.5,33.5,30077350,yfinance,False
2013-02-08,20.696182250976562,33.70000076293945,33.75,33.275001525878906,33.45000076293945,41078324,yfinance,False
2013-02-14,20.941831588745117,34.099998474121094,34.25,33.375,33.75,21626550,yfinance,False
2013-02-15,20.895774841308594,34.025001525878906,34.150001525878906,33.599998474121094,33.599998474121094,18147822,yfinance,False
2013-02-18,20.619415283203125,33.57500076293945,34.04999923706055,33.5,34.0,20231594,yfinance,False
2013-02-19,20.174171447753906,32.849998474121094,33.724998474121094,32.775001525878906,33.45000076293945,29243164,yfinance,False
2013-02-20,20.2969970703125,33.04999923706055,33.20000076293945,32.650001525878906,33.0,19776690,yfinance,False
2013-02-21,19.943872451782227,32.474998474121094,32.79999923706055,32.17499923706055,32.599998474121094,38615904,yfinance,False
2013-02-22,19.79033851623535,32.224998474121094,32.724998474121094,32.20000076293945,32.45000076293945,22703226,yfinance,False
2013-02-25,19.79033851623535,32.224998474121094,32.599998474121094,32.150001525878906,32.375,17904098,yfinance,False
2013-02-26,19.57539176940918,31.875,32.45000076293945,31.850000381469727,32.0,23052896,yfinance,False
2013-02-27,19.606101989746094,31.924999237060547,32.20000076293945,31.600000381469727,31.875,24121716,yfinance,False
2013-02-28,19.92852210998535,32.45000076293945,32.70000076293945,32.025001525878906,32.224998474121094,34466534,yfinance,False
2013-03-01,19.728927612304688,32.125,32.525001525878906,32.025001525878906,32.099998474121094,18699818,yfinance,False
2013-03-04,19.299034118652344,31.424999237060547,32.17499923706055,31.274999618530273,31.924999237060547,27153308,yfinance,False
2013-03-05,19.26833152770996,31.375,31.75,31.375,31.524999618530273,23766732,yfinance,False
2013-03-06,19.74428367614746,32.150001525878906,32.75,31.875,32.099998474121094,39823096,yfinance,False
2013-03-07,19.821044921875,32.275001525878906,32.625,32.04999923706055,32.42499923706055,22025292,yfinance,False
2013-03-08,20.112754821777344,32.75,32.974998474121094,32.525001525878906,32.54999923706055,24114102,yfinance,False
2013-03-11,19.821044921875,32.275001525878906,33.07500076293945,32.224998474121094,32.900001525878906,20115948,yfinance,False
2013-03-12,19.391157150268555,31.575000762939453,32.724998474121094,31.524999618530273,32.25,36676794,yfinance,False
2013-03-13,19.068735122680664,31.049999237060547,31.950000762939453,30.825000762939453,31.450000762939453,38859890,yfinance,False
2013-03-14,19.00732421875,30.950000762939453,31.174999237060547,30.75,31.125,45009276,yfinance,False
2013-03-15,18.823091506958008,30.649999618530273,31.524999618530273,30.600000381469727,30.774999618530273,48465998,yfinance,False
2013-03-18,18.562082290649414,30.225000381469727,30.299999237060547,29.274999618530273,29.325000762939453,26110358,yfinance,False
2013-03-19,18.28571891784668,29.774999618530273,30.325000762939453,29.399999618530273,30.200000762939453,43687834,yfinance,False
2013-03-20,18.531370162963867,30.174999237060547,30.450000762939453,29.5,29.75,23443988,yfinance,False
2013-03-21,18.65420150756836,30.375,30.649999618530273,30.024999618530273,30.475000381469727,22699140,yfinance,False
2013-03-22,18.54672622680664,30.200000762939453,30.549999237060547,30.024999618530273,30.024999618530273,13395924,yfinance,False
2013-03-25,18.500673294067383,30.125,30.950000762939453,30.0,30.950000762939453,13143088,yfinance,False
2013-03-26,18.408546447753906,29.975000381469727,30.174999237060547,29.524999618530273,30.174999237060547,19852298,yfinance,False
2013-03-27,18.592784881591797,30.274999618530273,30.424999237060547,29.875,30.024999618530273,23952610,yfinance,False
2013-03-28,18.485313415527344,30.100000381469727,30.274999618530273,29.700000762939453,30.274999618530273,21307084,yfinance,False
2013-04-02,18.362489700317383,29.899999618530273,30.5,29.875,30.5,17136528,yfinance,False
2013-04-03,18.347131729125977,29.875,30.149999618530273,29.725000381469727,29.975000381469727,15888650,yfinance,False
2013-04-05,17.779062271118164,28.950000762939453,29.725000381469727,28.899999618530273,29.649999618530273,29578564,yfinance,False
2013-04-08,17.548770904541016,28.575000762939453,28.975000381469727,28.0,28.924999237060547,29725640,yfinance,False
2013-04-09,18.070775985717773,29.424999237060547,29.725000381469727,28.575000762939453,28.850000381469727,31163412,yfinance,False
2013-04-10,18.30107307434082,29.799999237060547,29.825000762939453,29.424999237060547,29.5,21213092,yfinance,False
2013-04-11,18.347131729125977,29.875,30.350000381469727,29.625,30.174999237060547,22526724,yfinance,False
2013-04-12,18.17824935913086,29.600000381469727,29.924999237060547,29.5,29.899999618530273,15362006,yfinance,False
2013-04-15,17.932598114013672,29.200000762939453,29.600000381469727,28.799999237060547,29.5,19554874,yfinance,False
2013-04-16,17.932598114013672,29.200000762939453,29.399999618530273,28.625,28.75,24949412,yfinance,False
2013-04-17,17.74835968017578,28.899999618530273,29.424999237060547,28.850000381469727,29.299999237060547,24544896,yfinance,False
2013-04-18,17.794418334960938,28.975000381469727,29.325000762939453,28.350000381469727,28.375,22991810,yfinance,False
2013-04-19,18.45461082458496,30.049999237060547,30.174999237060547,28.850000381469727,28.850000381469727,34320800,yfinance,False
2013-04-22,18.30107307434082,29.799999237060547,30.200000762939453,29.350000381469727,29.75,14941128,yfinance,False
2013-04-23,17.994009017944336,29.299999237060547,29.799999237060547,28.924999237060547,29.799999237060547,28509988,yfinance,False
2013-04-24,18.30107307434082,29.799999237060547,30.0,29.424999237060547,29.649999618530273,19234128,yfinance,False
2013-04-25,18.30107307434082,29.799999237060547,30.25,29.625,30.0,22263940,yfinance,False
2013-04-26,18.46996307373047,30.075000762939453,30.475000381469727,30.049999237060547,30.25,20510770,yfinance,False
2013-04-29,18.3931941986084,29.950000762939453,30.274999618530273,29.75,30.075000762939453,15878764,yfinance,False
2013-04-30,18.869140625,30.725000381469727,30.875,30.200000762939453,30.25,35323294,yfinance,False
2013-05-02,18.80772590637207,30.625,30.825000762939453,30.225000381469727,30.825000762939453,24506558,yfinance,False
2013-05-03,18.884496688842773,30.75,31.149999618530273,30.700000762939453,31.0,28004290,yfinance,False
2013-05-06,19.191560745239258,31.25,31.375,30.950000762939453,31.049999237060547,19453812,yfinance,False
2013-05-07,19.43721580505371,31.649999618530273,31.700000762939453,31.125,31.375,23509714,yfinance,False
2013-05-08,19.698217391967773,32.07500076293945,32.275001525878906,31.799999237060547,32.25,28514004,yfinance,False
2013-05-09,19.452571868896484,31.674999237060547,32.25,31.399999618530273,32.099998474121094,20833534,yfinance,False
2013-05-10,19.52933692932129,31.799999237060547,31.975000381469727,31.450000762939453,31.600000381469727,13871388,yfinance,False
2013-05-13,18.71561622619629,30.475000381469727,31.399999618530273,30.450000762939453,31.25,35764832,yfinance,False
2013-05-14,18.63071060180664,30.149999618530273,30.700000762939453,29.924999237060547,30.475000381469727,24293886,yfinance,False
2013-05-15,18.707948684692383,30.274999618530273,30.424999237060547,30.075000762939453,30.075000762939453,14752352,yfinance,False
2013-05-16,18.507122039794922,29.950000762939453,30.200000762939453,29.649999618530273,30.075000762939453,22647174,yfinance,False
2013-05-20,18.877880096435547,30.549999237060547,30.700000762939453,30.200000762939453,30.200000762939453,21924480,yfinance,False
2013-05-21,18.80063819885254,30.424999237060547,30.549999237060547,30.149999618530273,30.5,15676266,yfinance,False
2013-05-22,18.8315372467041,30.475000381469727,30.899999618530273,30.149999618530273,30.450000762939453,19687124,yfinance,False
2013-05-23,18.229047775268555,29.5,30.450000762939453,29.424999237060547,29.950000762939453,35177954,yfinance,False
2013-05-24,18.12091064453125,29.325000762939453,29.774999618530273,29.100000381469727,29.450000762939453,20489796,yfinance,False
2013-05-27,18.24449920654297,29.524999618530273,29.674999237060547,29.25,29.274999618530273,9592560,yfinance,False
2013-05-28,18.553468704223633,30.024999618530273,30.125,29.274999618530273,29.325000762939453,21286004,yfinance,False
2013-05-29,18.151811599731445,29.375,30.024999618530273,29.25,29.875,28773064,yfinance,False
2013-05-30,17.98187828063965,29.100000381469727,29.75,28.899999618530273,29.225000381469727,29782212,yfinance,False
2013-05-31,17.85828971862793,28.899999618530273,29.274999618530273,28.799999237060547,29.075000762939453,23718216,yfinance,False
2013-06-03,17.873741149902344,28.924999237060547,29.25,28.725000381469727,28.850000381469727,15076170,yfinance,False
2013-06-04,17.904634475708008,28.975000381469727,29.375,28.75,29.350000381469727,18169212,yfinance,False
2013-06-05,17.827396392822266,28.850000381469727,28.975000381469727,28.575000762939453,28.649999618530273,14002738,yfinance,False
2013-06-06,17.6574649810791,28.575000762939453,28.725000381469727,28.299999237060547,28.549999237060547,16989806,yfinance,False
2013-06-07,17.549327850341797,28.399999618530273,28.700000762939453,28.25,28.399999618530273,25621104,yfinance,False
2013-06-10,17.487529754638672,28.299999237060547,28.575000762939453,28.049999237060547,28.5,21590444,yfinance,False
2013-06-11,17.425739288330078,28.200000762939453,28.399999618530273,27.899999618530273,28.049999237060547,22898452,yfinance,False
2013-06-13,17.05497932434082,27.600000381469727,27.725000381469727,27.0,27.399999618530273,51149680,yfinance,False
2013-06-14,16.993183135986328,27.5,27.674999237060547,27.299999237060547,27.549999237060547,24854802,yfinance,False
2013-06-17,17.132221221923828,27.725000381469727,28.075000762939453,27.549999237060547,27.649999618530273,15921636,yfinance,False
2013-06-18,17.101320266723633,27.674999237060547,27.875,27.299999237060547,27.325000762939453,20905146,yfinance,False
2013-06-19,16.993183135986328,27.5,27.875,27.325000762939453,27.399999618530273,20385404,yfinance,False
2013-06-20,16.560630798339844,26.799999237060547,27.475000381469727,26.774999618530273,27.125,40915948,yfinance,False
2013-06-21,16.375247955322266,26.5,26.75,26.375,26.375,60118616,yfinance,False
2013-06-24,15.911797523498535,25.75,26.5,25.5,26.399999618530273,44156362,yfinance,False
2013-06-25,15.525588035583496,25.125,26.200000762939453,24.174999237060547,26.200000762939453,54592886,yfinance,False
2013-06-26,15.80366039276123,25.575000762939453,25.850000381469727,25.049999237060547,25.5,55069128,yfinance,False
2013-06-27,15.664626121520996,25.350000381469727,26.125,25.299999237060547,25.649999618530273,31330070,yfinance,False
2013-06-28,16.128076553344727,26.100000381469727,26.225000381469727,25.5,25.700000762939453,30967530,yfinance,False
2013-07-02,15.896347045898438,25.725000381469727,26.924999237060547,25.674999237060547,26.924999237060547,27960188,yfinance,False
2013-07-03,15.371105194091797,24.875,25.625,24.674999237060547,25.475000381469727,59145456,yfinance,False
2013-07-04,15.324760437011719,24.799999237060547,25.25,24.725000381469727,24.850000381469727,36239926,yfinance,False
2013-07-05,15.432902336120605,24.975000381469727,25.225000381469727,24.450000762939453,25.049999237060547,43964192,yfinance,False
2013-07-08,15.154826164245605,24.524999618530273,24.625,23.924999237060547,24.450000762939453,27931828,yfinance,False
2013-07-09,15.093034744262695,24.424999237060547,25.049999237060547,24.25,24.649999618530273,18546190,yfinance,False
2013-07-10,15.510141372680664,25.100000381469727,25.125,24.174999237060547,24.424999237060547,33212502,yfinance,False
2013-07-11,16.2053165435791,26.225000381469727,26.600000381469727,25.549999237060547,25.549999237060547,44221040,yfinance,False
2013-07-12,15.80366039276123,25.575000762939453,26.424999237060547,25.450000762939453,26.424999237060547,23897022,yfinance,False
2013-07-15,15.757318496704102,25.5,26.200000762939453,25.200000762939453,25.649999618530273,13688398,yfinance,False
2013-07-16,15.710972785949707,25.424999237060547,25.700000762939453,25.100000381469727,25.399999618530273,13787608,yfinance,False
2013-07-17,15.649173736572266,25.325000762939453,25.950000762939453,25.274999618530273,25.524999618530273,19412650,yfinance,False
2013-07-18,15.525588035583496,25.125,25.575000762939453,24.924999237060547,25.325000762939453,15349724,yfinance,False
2013-07-19,15.371105194091797,24.875,25.424999237060547,24.649999618530273,25.0,29972756,yfinance,False
2013-07-22,15.40200138092041,24.924999237060547,25.25,24.825000762939453,25.125,24448032,yfinance,False
2013-07-23,15.911797523498535,25.75,25.899999618530273,25.0,25.0,46168774,yfinance,False
2013-07-24,15.74187183380127,25.475000381469727,25.875,25.399999618530273,25.875,23470890,yfinance,False
2013-07-25,15.541038513183594,25.149999618530273,25.5,25.125,25.375,17392410,yfinance,False
2013-07-26,15.556488990783691,25.174999237060547,25.299999237060547,24.899999618530273,25.024999618530273,18959964,yfinance,False
2013-07-29,15.386557579040527,24.899999618530273,25.174999237060547,24.600000381469727,25.174999237060547,18364026,yfinance,False
2013-07-30,15.463796615600586,25.024999618530273,25.375,24.924999237060547,25.075000762939453,10956846,yfinance,False
2013-07-31,15.510141372680664,25.100000381469727,25.325000762939453,24.899999618530273,24.924999237060547,17406100,yfinance,False
2013-08-01,15.510141372680664,25.100000381469727,25.5,24.799999237060547,25.25,20687958,yfinance,False
2013-08-02,15.649173736572266,25.325000762939453,25.399999618530273,25.125,25.299999237060547,20682558,yfinance,False
2013-08-05,15.479243278503418,25.049999237060547,25.475000381469727,24.924999237060547,25.475000381469727,17187580,yfinance,False
2013-08-06,15.463796615600586,25.024999618530273,25.174999237060547,24.649999618530273,24.799999237060547,24076944,yfinance,False
2013-08-07,15.216623306274414,24.625,25.075000762939453,24.549999237060547,24.75,21166808,yfinance,False
2013-08-08,15.293863296508789,24.75,24.975000381469727,24.625,24.875,13246440,yfinance,False
2013-08-09,15.309311866760254,24.774999618530273,25.049999237060547,24.75,24.924999237060547,15814232,yfinance,False
2013-08-12,16.421598434448242,26.575000762939453,26.75,24.649999618530273,24.75,87769992,yfinance,False
2013-08-13,16.807798385620117,27.200000762939453,27.700000762939453,26.5,26.825000762939453,79857320,yfinance,False
2013-08-14,16.807798385620117,27.200000762939453,27.200000762939453,27.200000762939453,27.200000762939453,0,yfinance,False
2013-08-15,16.9622859954834,27.450000762939453,27.850000381469727,27.299999237060547,27.350000381469727,45130162,yfinance,False
2013-08-16,16.9622859954834,27.450000762939453,27.774999618530273,26.725000381469727,27.174999237060547,36975818,yfinance,False
2013-08-19,16.869596481323242,27.299999237060547,27.549999237060547,26.899999618530273,27.149999618530273,15680294,yfinance,False
2013-08-20,16.406139373779297,26.549999237060547,27.524999618530273,26.399999618530273,27.0,24654582,yfinance,False
2013-08-21,16.467937469482422,26.649999618530273,26.799999237060547,26.149999618530273,26.700000762939453,14282514,yfinance,False
2013-08-22,16.452489852905273,26.625,26.975000381469727,26.049999237060547,26.375,33509052,yfinance,False
2013-08-23,16.437044143676758,26.600000381469727,27.299999237060547,26.549999237060547,26.899999618530273,24517948,yfinance,False
2013-08-26,16.792354583740234,27.174999237060547,27.399999618530273,26.700000762939453,26.850000381469727,21034414,yfinance,False
2013-08-27,16.776906967163086,27.149999618530273,27.625,26.799999237060547,27.174999237060547,30098706,yfinance,False
2013-08-28,16.437044143676758,26.600000381469727,26.975000381469727,26.149999618530273,26.799999237060547,35003380,yfinance,False
2013-08-29,16.63787078857422,26.924999237060547,26.975000381469727,26.350000381469727,26.875,22477076,yfinance,False
2013-08-30,16.792354583740234,27.174999237060547,27.5,27.024999618530273,27.299999237060547,55187018,yfinance,False
2013-09-02,17.348495483398438,28.075000762939453,28.200000762939453,27.524999618530273,27.524999618530273,48357936,yfinance,False
2013-09-03,17.595666885375977,28.475000381469727,28.75,28.350000381469727,28.350000381469727,41807604,yfinance,False
2013-09-04,17.61111831665039,28.5,28.625,28.100000381469727,28.5,26593534,yfinance,False
2013-09-05,17.765600204467773,28.75,28.950000762939453,28.625,28.75,28004842,yfinance,False
2013-09-06,17.734703063964844,28.700000762939453,28.975000381469727,28.575000762939453,28.725000381469727,20877660,yfinance,False
2013-09-09,18.182708740234375,29.424999237060547,29.75,28.899999618530273,29.0,48728674,yfinance,False
2013-09-10,18.44533348083496,29.850000381469727,29.899999618530273,29.549999237060547,29.700000762939453,37447736,yfinance,False
2013-09-11,18.44533348083496,29.75,30.049999237060547,29.5,29.950000762939453,33163680,yfinance,False
2013-09-12,18.522830963134766,29.875,30.049999237060547,29.700000762939453,29.75,23353034,yfinance,False
2013-09-13,18.429828643798828,29.725000381469727,30.0,29.350000381469727,30.0,23054456,yfinance,False
2013-09-16,18.755334854125977,30.25,30.350000381469727,29.924999237060547,30.25,25991280,yfinance,False
2013-09-17,18.615833282470703,30.024999618530273,30.375,29.899999618530273,30.350000381469727,18027646,yfinance,False
2013-09-18,18.5073299407959,29.850000381469727,30.25,29.725000381469727,30.25,13234800,yfinance,False
2013-09-19,18.879337310791016,30.450000762939453,30.600000381469727,30.299999237060547,30.575000762939453,26207658,yfinance,False
2013-09-23,18.724334716796875,30.200000762939453,30.5,29.899999618530273,30.475000381469727,14856186,yfinance,False
2013-09-24,18.46082878112793,29.774999618530273,30.450000762939453,29.299999237060547,30.450000762939453,23954040,yfinance,False
2013-09-25,18.21282196044922,29.375,29.825000762939453,29.299999237060547,29.799999237060547,22690104,yfinance,False
2013-09-26,18.10432243347168,29.200000762939453,29.5,29.024999618530273,29.450000762939453,24499018,yfinance,False
2013-09-27,18.21282196044922,29.375,29.475000381469727,29.049999237060547,29.475000381469727,20161282,yfinance,False
2013-09-30,17.87181854248047,28.825000762939453,29.25,28.774999618530273,29.0,21135788,yfinance,False
2013-10-02,17.933818817138672,28.924999237060547,29.424999237060547,28.899999618530273,29.424999237060547,17220822,yfinance,False
2013-10-03,18.243825912475586,29.424999237060547,29.575000762939453,28.950000762939453,28.950000762939453,15901432,yfinance,False
2013-10-04,18.274826049804688,29.475000381469727,29.700000762939453,29.024999618530273,29.25,12771980,yfinance,False
2013-10-07,18.119821548461914,29.225000381469727,29.700000762939453,28.950000762939453,29.700000762939453,13285180,yfinance,False
2013-10-08,18.197322845458984,29.350000381469727,29.450000762939453,28.850000381469727,29.299999237060547,17417268,yfinance,False
2013-10-09,17.918315887451172,28.899999618530273,29.200000762939453,28.875,29.200000762939453,14982628,yfinance,False
2013-10-10,17.747812271118164,28.625,29.075000762939453,28.225000381469727,29.075000762939453,22481414,yfinance,False
2013-10-11,18.057825088500977,29.125,29.325000762939453,28.924999237060547,29.149999618530273,19982396,yfinance,False
2013-10-15,18.274826049804688,29.475000381469727,29.625,29.350000381469727,29.475000381469727,16844358,yfinance,False
2013-10-16,18.197322845458984,29.350000381469727,29.600000381469727,29.274999618530273,29.600000381469727,14484376,yfinance,False
2013-10-17,18.042322158813477,29.100000381469727,29.700000762939453,29.024999618530273,29.600000381469727,14261778,yfinance,False
2013-10-18,18.15082359313965,29.274999618530273,29.5,29.075000762939453,29.25,10291514,yfinance,False
2013-10-21,18.166322708129883,29.299999237060547,29.5,29.200000762939453,29.225000381469727,11915066,yfinance,False
2013-10-22,18.01131820678711,29.049999237060547,29.325000762939453,29.024999618530273,29.325000762939453,11523208,yfinance,False
2013-10-23,17.96481704711914,28.975000381469727,29.899999618530273,28.850000381469727,29.424999237060547,33577988,yfinance,False
2013-10-24,17.825313568115234,28.75,29.075000762939453,28.649999618530273,28.950000762939453,21578820,yfinance,False
2013-10-25,17.685819625854492,28.524999618530273,29.0,28.475000381469727,28.549999237060547,26068382,yfinance,False
2013-10-28,17.980316162109375,29.0,29.274999618530273,28.899999618530273,29.125,33041228,yfinance,False
2013-10-29,18.119821548461914,29.225000381469727,29.5,29.075000762939453,29.174999237060547,27514402,yfinance,False
2013-10-30,18.801836013793945,30.325000762939453,30.524999618530273,29.5,29.700000762939453,71200086,yfinance,False
2013-10-31,18.92583656311035,30.524999618530273,30.700000762939453,30.325000762939453,30.549999237060547,46034838,yfinance,False
2013-11-01,19.06534194946289,30.75,30.850000381469727,30.475000381469727,30.75,22464706,yfinance,False
2013-11-04,19.018840789794922,30.674999237060547,31.174999237060547,30.549999237060547,30.899999618530273,21251590,yfinance,False
2013-11-05,18.94133758544922,30.549999237060547,30.875,29.950000762939453,30.850000381469727,18843176,yfinance,False
2013-11-06,18.972335815429688,30.600000381469727,30.700000762939453,30.325000762939453,30.450000762939453,20539740,yfinance,False
2013-11-07,18.894838333129883,30.475000381469727,30.725000381469727,30.100000381469727,30.475000381469727,14975288,yfinance,False
2013-11-08,18.92583656311035,30.524999618530273,30.700000762939453,30.299999237060547,30.549999237060547,23080568,yfinance,False
2013-11-11,19.35984230041504,31.225000381469727,31.399999618530273,30.174999237060547,30.274999618530273,25313580,yfinance,False
2013-11-12,19.297842025756836,31.125,31.350000381469727,30.924999237060547,31.25,19243356,yfinance,False
2013-11-13,18.894838333129883,30.475000381469727,30.625,30.274999618530273,30.600000381469727,31521284,yfinance,False
2013-11-14,18.98783302307129,30.625,30.799999237060547,30.424999237060547,30.700000762939453,16722338,yfinance,False
2013-11-15,19.685348510742188,31.75,31.75,31.149999618530273,31.149999618530273,44123256,yfinance,False
2013-11-18,21.54538345336914,34.75,34.900001525878906,32.92499923706055,33.400001525878906,150155138,yfinance,False
2013-11-19,21.669384002685547,34.95000076293945,36.42499923706055,34.75,36.20000076293945,102544802,yfinance,False
2013-11-20,22.134395599365234,35.70000076293945,35.900001525878906,35.32500076293945,35.32500076293945,50373700,yfinance,False
2013-11-21,22.02588653564453,35.525001525878906,35.67499923706055,34.79999923706055,35.67499923706055,45707394,yfinance,False
2013-11-22,22.676902770996094,36.57500076293945,36.75,35.75,36.0,74351132,yfinance,False
2013-11-25,22.397897720336914,36.125,36.82500076293945,35.625,36.82500076293945,39457026,yfinance,False
2013-11-26,22.304895401000977,35.974998474121094,36.375,35.82500076293945,35.92499923706055,28376946,yfinance,False
2013-11-27,22.490903854370117,36.275001525878906,36.32500076293945,35.525001525878906,35.974998474121094,23867548,yfinance,False
2013-11-28,22.258394241333008,35.900001525878906,36.849998474121094,35.75,36.5,26976396,yfinance,False
2013-11-29,22.41339874267578,36.150001525878906,36.224998474121094,35.625,36.20000076293945,19834806,yfinance,False
2013-12-02,23.343420028686523,37.650001525878906,37.67499923706055,36.099998474121094,36.57500076293945,50586538,yfinance,False
2013-12-03,23.01791000366211,37.125,37.474998474121094,36.82500076293945,37.0,27448454,yfinance,False
2013-12-04,23.31241226196289,37.599998474121094,38.0,36.525001525878906,36.79999923706055,35161368,yfinance,False
2013-12-05,23.265914916992188,37.525001525878906,37.599998474121094,37.07500076293945,37.25,20077330,yfinance,False
2013-12-06,23.048908233642578,37.17499923706055,37.724998474121094,37.150001525878906,37.57500076293945,23297036,yfinance,False
2013-12-09,23.560420989990234,38.0,38.099998474121094,37.474998474121094,37.775001525878906,27506408,yfinance,False
2013-12-10,23.4829158782959,37.875,38.25,37.775001525878906,37.875,18373046,yfinance,False
2013-12-11,22.537397384643555,36.349998474121094,38.25,36.150001525878906,38.25,45962150,yfinance,False
2013-12-12,22.490903854370117,36.275001525878906,36.599998474121094,35.525001525878906,36.349998474121094,31201368,yfinance,False
2013-12-13,22.56840705871582,36.400001525878906,36.70000076293945,35.650001525878906,36.20000076293945,35312896,yfinance,False
2013-12-16,22.0723876953125,35.599998474121094,36.275001525878906,35.349998474121094,36.275001525878906,28798272,yfinance,False
2013-12-17,21.979387283325195,35.45000076293945,36.224998474121094,35.25,36.224998474121094,27140232,yfinance,False
2013-12-18,22.521902084350586,36.32500076293945,36.5,35.25,35.45000076293945,26223360,yfinance,False
2013-12-19,21.808887481689453,35.17499923706055,36.875,35.0,36.70000076293945,38281958,yfinance,False
2013-12-20,20.801368713378906,33.54999923706055,35.275001525878906,33.45000076293945,35.17499923706055,91942006,yfinance,False
2013-12-23,21.157878875732422,34.125,34.70000076293945,33.57500076293945,33.775001525878906,36173718,yfinance,False
2013-12-24,21.684879302978516,34.974998474121094,35.0,34.25,34.5,20259192,yfinance,False
2013-12-27,21.684879302978516,34.974998474121094,35.17499923706055,34.474998474121094,34.79999923706055,24756990,yfinance,False
2013-12-30,21.607378005981445,34.849998474121094,35.29999923706055,34.75,35.29999923706055,18775710,yfinance,False
2013-12-31,21.529876708984375,34.724998474121094,35.025001525878906,34.67499923706055,35.0,15499594,yfinance,False
2014-01-02,21.297372817993164,34.349998474121094,35.0,34.025001525878906,35.0,20240744,yfinance,False
2014-01-03,20.894372940063477,33.70000076293945,33.95000076293945,33.525001525878906,33.75,26016188,yfinance,False
2014-01-06,20.692869186401367,33.375,33.5,33.07500076293945,33.5,20137104,yfinance,False
2014-01-07,20.460363388061523,33.0,33.375,32.775001525878906,33.099998474121094,27210380,yfinance,False
2014-01-08,21.11137580871582,34.04999923706055,34.25,33.07500076293945,33.150001525878906,33614164,yfinance,False
2014-01-09,20.832366943359375,33.599998474121094,34.25,33.42499923706055,33.775001525878906,30815846,yfinance,False
2014-01-10,20.81686782836914,33.57500076293945,34.125,33.275001525878906,33.29999923706055,18544128,yfinance,False
2014-01-13,20.863372802734375,33.650001525878906,34.20000076293945,33.5,34.20000076293945,12369722,yfinance,False
2014-01-14,20.98737335205078,33.849998474121094,34.45000076293945,33.32500076293945,33.32500076293945,24991592,yfinance,False
2014-01-15,21.281879425048828,34.32500076293945,34.474998474121094,34.07500076293945,34.400001525878906,20595126,yfinance,False
2014-01-16,21.328378677368164,34.400001525878906,34.92499923706055,34.125,34.92499923706055,27486486,yfinance,False
2014-01-17,21.312881469726562,34.375,34.875,33.5,34.150001525878906,30300286,yfinance,False
2014-01-20,20.77037239074707,33.5,34.45000076293945,33.45000076293945,33.875,33656244,yfinance,False
2014-01-21,20.909870147705078,33.724998474121094,34.20000076293945,33.525001525878906,33.900001525878906,28752118,yfinance,False
2014-01-22,20.971874237060547,33.82500076293945,34.125,33.54999923706055,33.54999923706055,22860378,yfinance,False
2014-01-23,20.70836639404297,33.400001525878906,34.04999923706055,33.25,33.775001525878906,29466546,yfinance,False
2014-01-24,20.444862365722656,32.974998474121094,33.67499923706055,32.79999923706055,32.900001525878906,35075274,yfinance,False
2014-01-27,19.57685089111328,31.575000762939453,32.099998474121094,31.524999618530273,32.099998474121094,51592618,yfinance,False
2014-01-28,19.545846939086914,31.524999618530273,31.725000381469727,30.825000762939453,31.649999618530273,54000726,yfinance,False
2014-01-29,19.9488525390625,32.17499923706055,32.45000076293945,31.75,31.850000381469727,40385814,yfinance,False
2014-01-30,19.499347686767578,31.450000762939453,31.625,31.149999618530273,31.475000381469727,26647698,yfinance,False
2014-02-04,18.84833526611328,30.399999618530273,30.549999237060547,29.924999237060547,30.024999618530273,48656624,yfinance,False
2014-02-05,18.662330627441406,30.100000381469727,30.674999237060547,29.625,30.5,37698570,yfinance,False
2014-02-06,18.708833694458008,30.174999237060547,30.299999237060547,29.799999237060547,30.299999237060547,33180554,yfinance,False
2014-02-07,18.84833526611328,30.399999618530273,30.625,30.200000762939453,30.299999237060547,24195478,yfinance,False
2014-02-10,18.77083396911621,30.274999618530273,30.700000762939453,30.149999618530273,30.25,28378672,yfinance,False
2014-02-11,19.731853485107422,31.825000762939453,32.0,30.325000762939453,30.325000762939453,50686816,yfinance,False
2014-02-12,19.96435546875,32.20000076293945,32.375,31.899999618530273,32.349998474121094,45396192,yfinance,False
2014-02-13,19.747350692749023,31.850000381469727,32.07500076293945,31.625,32.0,19337264,yfinance,False
2014-02-14,19.871353149414062,32.04999923706055,32.349998474121094,31.75,32.349998474121094,16733666,yfinance,False
2014-02-17,20.63086700439453,33.275001525878906,33.75,32.67499923706055,32.67499923706055,41292818,yfinance,False
2014-02-18,20.55336570739746,33.150001525878906,33.29999923706055,32.70000076293945,33.025001525878906,17980930,yfinance,False
2014-02-19,20.429365158081055,32.95000076293945,33.349998474121094,32.70000076293945,33.349998474121094,14362394,yfinance,False
2014-02-20,19.97985076904297,32.224998474121094,33.17499923706055,31.75,32.875,27567342,yfinance,False
2014-02-21,19.917856216430664,32.125,32.724998474121094,31.799999237060547,32.650001525878906,13194538,yfinance,False
2014-02-24,19.65435218811035,31.700000762939453,32.0,31.299999237060547,32.0,19519294,yfinance,False
2014-02-25,19.344345092773438,31.200000762939453,32.150001525878906,30.825000762939453,32.099998474121094,22830850,yfinance,False
2014-02-26,19.406339645385742,31.299999237060547,31.5,30.875,31.200000762939453,25503478,yfinance,False
2014-02-27,19.65435218811035,31.700000762939453,31.799999237060547,31.125,31.149999618530273,29456060,yfinance,False
2014-02-28,19.545846939086914,31.524999618530273,32.07500076293945,31.100000381469727,32.0,23792812,yfinance,False
2014-03-03,19.189340591430664,30.950000762939453,31.475000381469727,30.674999237060547,31.125,24753618,yfinance,False
2014-03-04,19.297842025756836,31.125,31.399999618530273,30.825000762939453,31.0,13691124,yfinance,False
2014-03-05,19.08083724975586,30.774999618530273,31.450000762939453,30.5,31.399999618530273,25118478,yfinance,False
2014-03-06,19.282346725463867,31.100000381469727,31.399999618530273,30.774999618530273,30.975000381469727,20852380,yfinance,False
2014-03-07,19.375343322753906,31.25,31.625,31.125,31.125,21242852,yfinance,False
2014-03-10,19.049835205078125,30.725000381469727,30.825000762939453,30.375,30.399999618530273,23467284,yfinance,False
2014-03-11,18.91033935546875,30.5,30.725000381469727,30.299999237060547,30.600000381469727,17164398,yfinance,False
2014-03-12,18.755334854125977,30.25,30.350000381469727,29.899999618530273,30.0,30017948,yfinance,False
2014-03-13,18.94133758544922,30.549999237060547,31.399999618530273,30.375,30.649999618530273,31773364,yfinance,False
2014-03-14,18.739835739135742,30.225000381469727,30.274999618530273,29.674999237060547,30.200000762939453,37723752,yfinance,False
2014-03-17,18.5073299407959,29.850000381469727,30.25,29.549999237060547,30.174999237060547,35522328,yfinance,False
2014-03-18,18.58483123779297,29.975000381469727,30.225000381469727,29.799999237060547,30.149999618530273,20593720,yfinance,False
2014-03-19,18.84833526611328,30.399999618530273,30.649999618530273,29.899999618530273,30.024999618530273,28139504,yfinance,False
2014-03-20,18.538331985473633,29.899999618530273,30.274999618530273,29.75,30.274999618530273,20658280,yfinance,False
2014-03-21,18.724334716796875,30.200000762939453,30.549999237060547,29.899999618530273,30.0,33941706,yfinance,False
2014-03-24,19.297842025756836,31.125,31.299999237060547,30.350000381469727,30.799999237060547,41200372,yfinance,False
2014-03-25,19.127338409423828,30.850000381469727,31.350000381469727,30.75,30.899999618530273,19024880,yfinance,False
2014-03-26,19.56134796142578,31.549999237060547,31.75,31.350000381469727,31.450000762939453,33595456,yfinance,False
2014-03-27,19.731853485107422,31.825000762939453,31.950000762939453,31.225000381469727,31.774999618530273,32350446,yfinance,False
2014-03-28,19.917856216430664,32.125,32.20000076293945,31.600000381469727,31.600000381469727,32791256,yfinance,False
2014-03-31,19.93335723876953,32.150001525878906,32.275001525878906,31.875,32.275001525878906,23796192,yfinance,False
2014-04-01,20.08835792541504,32.400001525878906,32.5,32.20000076293945,32.5,28767832,yfinance,False
2014-04-02,20.026357650756836,32.29999923706055,32.650001525878906,32.224998474121094,32.650001525878906,22043118,yfinance,False
2014-04-03,20.289859771728516,32.724998474121094,32.95000076293945,32.525001525878906,32.599998474121094,30193924,yfinance,False
2014-04-04,20.274356842041016,32.70000076293945,32.974998474121094,32.525001525878906,32.875,15428736,yfinance,False
2014-04-07,20.243364334106445,32.650001525878906,32.92499923706055,32.375,32.82500076293945,15363684,yfinance,False
2014-04-08,20.55336570739746,33.150001525878906,33.275001525878906,32.42499923706055,32.42499923706055,34568078,yfinance,False
2014-04-09,20.6463623046875,33.29999923706055,33.525001525878906,32.974998474121094,33.25,25454930,yfinance,False
2014-04-10,20.026357650756836,32.29999923706055,33.45000076293945,32.20000076293945,33.29999923706055,60807378,yfinance,False
2014-04-11,19.034339904785156,30.700000762939453,31.600000381469727,30.299999237060547,31.399999618530273,101684944,yfinance,False
2014-04-14,19.06534194946289,30.75,30.899999618530273,30.475000381469727,30.5,29954226,yfinance,False
2014-04-15,18.879337310791016,30.450000762939453,30.924999237060547,30.25,30.899999618530273,21341400,yfinance,False
2014-04-16,18.662330627441406,30.100000381469727,30.649999618530273,30.0,30.299999237060547,33161212,yfinance,False
2014-04-17,18.615833282470703,30.024999618530273,30.549999237060547,29.774999618530273,30.424999237060547,21297252,yfinance,False
2014-04-22,18.538331985473633,29.899999618530273,30.100000381469727,29.799999237060547,30.075000762939453,20329620,yfinance,False
2014-04-23,18.274826049804688,29.475000381469727,30.075000762939453,29.450000762939453,30.075000762939453,31187738,yfinance,False
2014-04-24,18.243825912475586,29.424999237060547,29.75,29.325000762939453,29.674999237060547,22316134,yfinance,False
2014-04-25,18.119821548461914,29.225000381469727,29.825000762939453,29.174999237060547,29.700000762939453,27018332,yfinance,False
2014-04-28,17.825313568115234,28.75,29.399999618530273,28.549999237060547,29.125,30530096,yfinance,False
2014-04-29,18.119821548461914,29.225000381469727,29.325000762939453,28.549999237060547,28.875,33094870,yfinance,False
2014-04-30,17.7788143157959,28.674999237060547,29.225000381469727,28.024999618530273,29.225000381469727,40543300,yfinance,False
2014-05-02,17.88731575012207,28.850000381469727,29.424999237060547,28.774999618530273,28.799999237060547,18389226,yfinance,False
2014-05-05,17.670312881469727,28.5,29.299999237060547,28.299999237060547,29.049999237060547,19653340,yfinance,False
2014-05-07,17.546308517456055,28.299999237060547,28.325000762939453,27.924999237060547,28.174999237060547,35990048,yfinance,False
2014-05-08,17.422306060791016,28.100000381469727,28.424999237060547,27.924999237060547,28.125,34074522,yfinance,False
2014-05-09,17.437807083129883,28.125,28.174999237060547,27.799999237060547,28.149999618530273,26383362,yfinance,False
2014-05-12,17.73231315612793,28.600000381469727,29.0,28.049999237060547,28.274999618530273,35941042,yfinance,False
2014-05-13,17.747812271118164,28.625,29.024999618530273,28.600000381469727,28.825000762939453,27532382,yfinance,False
2014-05-14,17.825313568115234,28.75,28.850000381469727,28.450000762939453,28.75,36865144,yfinance,False
2014-05-15,17.809814453125,28.725000381469727,28.950000762939453,28.549999237060547,28.75,22553800,yfinance,False
2014-05-16,17.763315200805664,28.649999618530273,28.799999237060547,28.450000762939453,28.475000381469727,20096564,yfinance,False
2014-05-19,17.561809539794922,28.325000762939453,28.799999237060547,28.0,28.799999237060547,21264714,yfinance,False
2014-05-20,17.45330810546875,28.149999618530273,28.5,27.950000762939453,28.299999237060547,21249612,yfinance,False
2014-05-21,17.59281349182129,28.375,28.600000381469727,27.899999618530273,28.174999237060547,21870892,yfinance,False
2014-05-22,17.995817184448242,29.024999618530273,29.25,28.5,28.549999237060547,40911324,yfinance,False
2014-05-23,18.042322158813477,29.100000381469727,29.274999618530273,29.049999237060547,29.200000762939453,16070886,yfinance,False
2014-05-26,18.135324478149414,29.25,29.325000762939453,28.975000381469727,29.325000762939453,12674304,yfinance,False
2014-05-27,18.057825088500977,29.125,29.25,28.975000381469727,29.25,10986968,yfinance,False
2014-05-28,18.21282196044922,29.375,29.700000762939453,28.825000762939453,29.25,31281042,yfinance,False
2014-05-29,18.243825912475586,29.424999237060547,30.100000381469727,29.399999618530273,29.5,36565306,yfinance,False
2014-05-30,18.58483123779297,29.975000381469727,30.049999237060547,29.5,29.524999618530273,37210540,yfinance,False
2014-06-03,18.77083396911621,30.274999618530273,30.549999237060547,30.100000381469727,30.549999237060547,27612578,yfinance,False
2014-06-04,18.56932830810547,29.950000762939453,30.399999618530273,29.799999237060547,30.325000762939453,22842006,yfinance,False
2014-06-05,18.724334716796875,30.200000762939453,30.274999618530273,29.674999237060547,30.0,16778030,yfinance,False
2014-06-06,18.64682960510254,30.075000762939453,30.350000381469727,29.875,30.299999237060547,14466222,yfinance,False
2014-06-09,18.631336212158203,30.049999237060547,30.225000381469727,29.825000762939453,30.049999237060547,14034136,yfinance,False
2014-06-10,18.755334854125977,30.25,30.325000762939453,29.899999618530273,30.149999618530273,18690302,yfinance,False
2014-06-11,18.91033935546875,30.5,30.549999237060547,30.024999618530273,30.075000762939453,28365630,yfinance,False
2014-06-12,19.034339904785156,30.700000762939453,30.725000381469727,30.149999618530273,30.174999237060547,21294764,yfinance,False
2014-06-13,19.127338409423828,30.850000381469727,31.0,30.625,30.725000381469727,31211176,yfinance,False
2014-06-16,19.204843521118164,30.975000381469727,31.274999618530273,30.625,30.649999618530273,24895582,yfinance,False
2014-06-17,19.08083724975586,30.774999618530273,30.975000381469727,30.600000381469727,30.850000381469727,29322874,yfinance,False
2014-06-18,19.23583984375,31.024999618530273,31.25,30.700000762939453,30.700000762939453,32104508,yfinance,False
2014-06-19,19.018840789794922,30.674999237060547,31.299999237060547,30.475000381469727,31.075000762939453,23171170,yfinance,False
2014-06-20,19.08083724975586,30.774999618530273,31.100000381469727,30.399999618530273,30.674999237060547,23010988,yfinance,False
2014-06-23,18.662330627441406,30.100000381469727,31.350000381469727,30.075000762939453,31.0,33959974,yfinance,False
2014-06-24,18.801836013793945,30.325000762939453,30.450000762939453,30.149999618530273,30.225000381469727,17322698,yfinance,False
2014-06-25,18.666242599487305,29.825000762939453,30.325000762939453,29.549999237060547,30.325000762939453,29820150,yfinance,False
2014-06-26,18.838354110717773,30.100000381469727,30.225000381469727,29.924999237060547,30.149999618530273,14969076,yfinance,False
2014-06-27,18.69753074645996,29.875,30.100000381469727,29.450000762939453,30.100000381469727,17183462,yfinance,False
2014-06-30,18.775766372680664,30.0,30.225000381469727,29.524999618530273,29.899999618530273,20326568,yfinance,False
2014-07-02,19.02610969543457,30.399999618530273,30.524999618530273,30.200000762939453,30.274999618530273,21198432,yfinance,False
2014-07-03,19.135637283325195,30.575000762939453,30.75,30.25,30.524999618530273,14444982,yfinance,False
2014-07-04,18.979171752929688,30.325000762939453,30.725000381469727,30.200000762939453,30.700000762939453,17830304,yfinance,False
2014-07-07,19.07305335998535,30.475000381469727,30.575000762939453,30.25,30.575000762939453,16849032,yfinance,False
2014-07-08,19.057405471801758,30.450000762939453,30.899999618530273,30.149999618530273,30.899999618530273,18131318,yfinance,False
2014-07-09,18.791414260864258,30.024999618530273,30.475000381469727,29.899999618530273,30.424999237060547,19806098,yfinance,False
2014-07-10,18.49413299560547,29.549999237060547,30.049999237060547,29.450000762939453,29.875,35422478,yfinance,False
2014-07-11,18.4158992767334,29.424999237060547,29.75,29.274999618530273,29.450000762939453,17607664,yfinance,False
2014-07-14,18.588014602661133,29.700000762939453,29.899999618530273,29.575000762939453,29.649999618530273,11666120,yfinance,False
2014-07-15,18.619304656982422,29.75,30.0,29.674999237060547,29.875,15308954,yfinance,False
2014-07-16,18.46283721923828,29.5,29.850000381469727,29.399999618530273,29.75,23911462,yfinance,False
2014-07-17,18.447195053100586,29.475000381469727,29.674999237060547,29.325000762939453,29.674999237060547,12520570,yfinance,False
2014-07-18,18.337665557861328,29.299999237060547,29.450000762939453,29.049999237060547,29.299999237060547,14983194,yfinance,False
2014-07-21,18.212495803833008,29.100000381469727,29.399999618530273,29.075000762939453,29.299999237060547,12397770,yfinance,False
2014-07-22,18.681888580322266,29.850000381469727,29.950000762939453,29.225000381469727,29.424999237060547,26978326,yfinance,False
2014-07-23,19.370330810546875,30.950000762939453,31.0,29.975000381469727,29.975000381469727,52630528,yfinance,False
2014-07-24,20.090070724487305,32.099998474121094,32.45000076293945,31.075000762939453,31.274999618530273,84624046,yfinance,False
2014-07-25,20.137008666992188,32.17499923706055,32.42499923706055,31.649999618530273,32.375,39060226,yfinance,False
2014-07-28,20.387353897094727,32.57500076293945,32.79999923706055,32.125,32.125,37116226,yfinance,False
2014-07-29,20.747220993041992,33.150001525878906,33.20000076293945,32.75,32.900001525878906,47161012,yfinance,False
2014-07-30,20.778512954711914,33.20000076293945,33.75,33.025001525878906,33.275001525878906,54030350,yfinance,False
2014-07-31,20.809812545776367,33.25,33.625,33.0,33.54999923706055,28977836,yfinance,False
2014-08-01,20.512531280517578,32.775001525878906,33.20000076293945,32.650001525878906,33.0,45694544,yfinance,False
2014-08-04,20.82546043395996,33.275001525878906,33.57500076293945,32.625,32.974998474121094,29444200,yfinance,False
2014-08-05,20.622053146362305,32.95000076293945,33.32500076293945,32.82500076293945,33.224998474121094,21576716,yfinance,False
2014-08-06,20.48122787475586,32.724998474121094,32.82500076293945,32.17499923706055,32.82500076293945,20672910,yfinance,False
2014-08-07,20.262182235717773,32.375,32.79999923706055,32.29999923706055,32.474998474121094,17069016,yfinance,False
2014-08-08,20.12136459350586,32.150001525878906,32.474998474121094,31.774999618530273,32.17499923706055,18371166,yfinance,False
2014-08-11,20.622053146362305,32.95000076293945,33.20000076293945,32.32500076293945,32.54999923706055,22368232,yfinance,False
2014-08-12,20.449941635131836,32.67499923706055,33.0,32.400001525878906,33.0,24323118,yfinance,False
2014-08-13,20.747220993041992,33.150001525878906,33.17499923706055,32.45000076293945,32.67499923706055,21996964,yfinance,False
2014-08-14,20.6376953125,32.974998474121094,33.474998474121094,32.875,33.29999923706055,24930360,yfinance,False
2014-08-15,20.700284957885742,33.07500076293945,33.32500076293945,32.75,33.04999923706055,16925634,yfinance,False
2014-08-18,20.68463897705078,33.04999923706055,33.20000076293945,32.75,32.82500076293945,18465512,yfinance,False
2014-08-19,20.59075927734375,32.900001525878906,33.20000076293945,32.775001525878906,33.20000076293945,22574264,yfinance,False
2014-08-20,20.449941635131836,32.67499923706055,33.25,32.599998474121094,33.25,32515078,yfinance,False
2014-08-21,20.183950424194336,32.25,32.75,31.950000762939453,32.724998474121094,43395058,yfinance,False
2014-08-22,20.575111389160156,32.875,32.92499923706055,32.375,32.599998474121094,33860952,yfinance,False
2014-08-25,20.48122787475586,32.724998474121094,32.875,32.32500076293945,32.599998474121094,22676804,yfinance,False
2014-08-26,20.418643951416016,32.625,32.79999923706055,32.42499923706055,32.625,17296284,yfinance,False
2014-08-27,20.199594497680664,32.275001525878906,32.82500076293945,32.150001525878906,32.57500076293945,17420932,yfinance,False
2014-08-28,19.949254989624023,31.875,32.57500076293945,31.825000762939453,32.474998474121094,26821912,yfinance,False
2014-08-29,19.745847702026367,31.549999237060547,31.825000762939453,31.399999618530273,31.75,28749480,yfinance,False
2014-09-01,19.620683670043945,31.350000381469727,31.700000762939453,31.200000762939453,31.399999618530273,20621054,yfinance,False
2014-09-02,19.730201721191406,31.524999618530273,31.674999237060547,31.049999237060547,31.299999237060547,19993976,yfinance,False
2014-09-03,20.434297561645508,32.650001525878906,32.70000076293945,31.549999237060547,31.600000381469727,31109446,yfinance,False
2014-09-04,20.731578826904297,33.125,33.224998474121094,32.67499923706055,32.95000076293945,34804414,yfinance,False
2014-09-05,20.700284957885742,33.07500076293945,33.29999923706055,32.724998474121094,33.29999923706055,29929578,yfinance,False
2014-09-08,20.60640525817871,32.92499923706055,33.25,32.75,33.25,20233916,yfinance,False
2014-09-10,20.17088508605957,32.07500076293945,32.625,31.850000381469727,32.57500076293945,31652856,yfinance,False
2014-09-11,20.092275619506836,31.950000762939453,32.54999923706055,31.799999237060547,32.20000076293945,28815632,yfinance,False
2014-09-12,20.092275619506836,31.950000762939453,32.224998474121094,31.850000381469727,32.17499923706055,17936006,yfinance,False
2014-09-15,19.762115478515625,31.424999237060547,31.924999237060547,31.350000381469727,31.649999618530273,27480750,yfinance,False
2014-09-16,19.5577449798584,31.100000381469727,31.75,31.049999237060547,31.399999618530273,19949900,yfinance,False
2014-09-17,19.809284210205078,31.5,31.600000381469727,31.299999237060547,31.5,24153718,yfinance,False
2014-09-18,19.510574340820312,31.024999618530273,31.5,30.700000762939453,31.5,25710238,yfinance,False
2014-09-19,19.49485206604004,31.0,31.325000762939453,30.799999237060547,31.274999618530273,32648664,yfinance,False
2014-09-22,19.117530822753906,30.399999618530273,30.725000381469727,30.350000381469727,30.674999237060547,22583888,yfinance,False
2014-09-23,18.9603214263916,30.149999618530273,30.475000381469727,30.075000762939453,30.375,27446574,yfinance,False
2014-09-24,19.117530822753906,30.399999618530273,30.850000381469727,30.149999618530273,30.174999237060547,28225236,yfinance,False
2014-09-25,18.97603988647461,30.174999237060547,30.700000762939453,30.0,30.600000381469727,25830278,yfinance,False
2014-09-26,18.740209579467773,29.799999237060547,30.149999618530273,29.649999618530273,29.850000381469727,43229758,yfinance,False
2014-09-29,18.61444091796875,29.600000381469727,29.700000762939453,29.25,29.299999237060547,32777492,yfinance,False
2014-09-30,18.331453323364258,29.149999618530273,29.5,29.125,29.5,22705922,yfinance,False
2014-10-03,18.53583526611328,29.475000381469727,29.674999237060547,28.524999618530273,29.0,37862990,yfinance,False
2014-10-06,18.56727409362793,29.524999618530273,29.725000381469727,29.174999237060547,29.674999237060547,20035146,yfinance,False
2014-10-07,18.61444091796875,29.600000381469727,29.700000762939453,29.274999618530273,29.325000762939453,15991616,yfinance,False
2014-10-08,18.582996368408203,29.549999237060547,29.725000381469727,29.325000762939453,29.524999618530273,18177694,yfinance,False
2014-10-09,18.834543228149414,29.950000762939453,30.225000381469727,29.850000381469727,29.924999237060547,20333398,yfinance,False
2014-10-10,18.5043888092041,29.424999237060547,29.549999237060547,29.25,29.524999618530273,17170296,yfinance,False
2014-10-13,18.44150161743164,29.325000762939453,29.5,28.774999618530273,29.125,23661646,yfinance,False
2014-10-14,18.34716796875,29.174999237060547,29.524999618530273,29.049999237060547,29.200000762939453,15300002,yfinance,False
2014-10-15,18.378618240356445,29.225000381469727,29.549999237060547,29.125,29.149999618530273,18397978,yfinance,False
2014-10-16,18.284282684326172,29.075000762939453,29.299999237060547,28.825000762939453,28.899999618530273,17881700,yfinance,False
2014-10-17,18.5043888092041,29.424999237060547,29.575000762939453,28.975000381469727,29.0,25270128,yfinance,False
2014-10-20,18.551551818847656,29.5,29.975000381469727,29.424999237060547,29.700000762939453,14959066,yfinance,False
2014-10-21,18.551551818847656,29.5,29.774999618530273,29.25,29.549999237060547,14557804,yfinance,False
2014-10-22,18.70876693725586,29.75,30.049999237060547,29.524999618530273,29.825000762939453,20344506,yfinance,False
2014-10-23,18.755939483642578,29.825000762939453,30.125,29.674999237060547,29.774999618530273,13308500,yfinance,False
2014-10-24,18.70876693725586,29.75,29.950000762939453,29.524999618530273,29.75,17806778,yfinance,False
2014-10-27,18.56727409362793,29.524999618530273,29.725000381469727,29.299999237060547,29.575000762939453,13151182,yfinance,False
2014-10-28,19.164697647094727,30.475000381469727,30.825000762939453,29.625,29.725000381469727,34025788,yfinance,False
2014-10-29,19.71495819091797,31.350000381469727,31.600000381469727,31.075000762939453,31.149999618530273,57980300,yfinance,False
2014-10-30,19.49485206604004,31.0,31.75,30.75,31.75,31290442,yfinance,False
2014-10-31,19.91933250427246,31.674999237060547,31.725000381469727,31.325000762939453,31.450000762939453,36602718,yfinance,False
2014-11-03,19.74639892578125,31.399999618530273,31.725000381469727,31.325000762939453,31.725000381469727,18148186,yfinance,False
2014-11-04,19.71495819091797,31.350000381469727,31.75,31.075000762939453,31.5,21012246,yfinance,False
2014-11-05,19.463409423828125,30.950000762939453,31.274999618530273,30.75,31.049999237060547,26704994,yfinance,False
2014-11-06,19.337635040283203,30.75,31.174999237060547,30.649999618530273,31.100000381469727,16425208,yfinance,False
2014-11-07,19.337635040283203,30.75,30.75,30.75,30.75,0,yfinance,False
2014-11-10,18.771656036376953,29.850000381469727,30.75,29.524999618530273,30.75,83868470,yfinance,False
2014-11-11,18.92887306213379,30.100000381469727,30.625,29.774999618530273,29.774999618530273,36560554,yfinance,False
2014-11-12,18.66160774230957,29.674999237060547,30.299999237060547,29.325000762939453,30.100000381469727,68064736,yfinance,False
2014-11-13,19.038921356201172,30.274999618530273,30.524999618530273,29.424999237060547,29.424999237060547,40759774,yfinance,False
2014-11-14,19.117530822753906,30.399999618530273,30.625,30.225000381469727,30.450000762939453,33930988,yfinance,False
2014-11-17,18.834543228149414,29.950000762939453,30.75,29.825000762939453,30.75,29243168,yfinance,False
2014-11-18,18.520109176635742,29.450000762939453,29.950000762939453,29.25,29.899999618530273,33324238,yfinance,False
2014-11-19,18.520109176635742,29.450000762939453,29.75,29.399999618530273,29.625,21504796,yfinance,False
2014-11-20,18.300006866455078,29.100000381469727,29.549999237060547,29.0,29.450000762939453,42399978,yfinance,False
2014-11-21,18.472946166992188,29.375,29.774999618530273,29.024999618530273,29.125,28930514,yfinance,False
2014-11-24,19.479129791259766,30.975000381469727,31.325000762939453,30.299999237060547,30.549999237060547,95792218,yfinance,False
2014-11-25,19.40052032470703,30.850000381469727,31.25,30.674999237060547,30.75,34590958,yfinance,False
2014-11-26,20.107995986938477,31.975000381469727,32.04999923706055,30.850000381469727,30.850000381469727,100788806,yfinance,False
2014-11-27,20.186599731445312,32.099998474121094,32.70000076293945,31.924999237060547,32.150001525878906,88218976,yfinance,False
2014-11-28,20.45387077331543,32.525001525878906,32.79999923706055,32.04999923706055,32.224998474121094,54811054,yfinance,False
2014-12-01,20.390989303588867,32.42499923706055,33.775001525878906,32.375,33.42499923706055,224344600,yfinance,False
2014-12-02,21.632997512817383,34.400001525878906,35.150001525878906,32.525001525878906,32.525001525878906,199580176,yfinance,False
2014-12-03,22.183256149291992,35.275001525878906,36.099998474121094,34.45000076293945,35.0,220269870,yfinance,False
2014-12-04,22.98505401611328,36.54999923706055,36.82500076293945,34.75,35.5,162157496,yfinance,False
2014-12-05,22.953615188598633,36.5,37.5,36.04999923706055,36.57500076293945,156685526,yfinance,False
2014-12-08,23.944080352783203,38.07500076293945,38.650001525878906,36.775001525878906,37.20000076293945,170773412,yfinance,False
2014-12-09,22.450525283813477,35.70000076293945,37.900001525878906,35.525001525878906,37.0,156270278,yfinance,False
2014-12-10,22.98505401611328,36.54999923706055,36.849998474121094,35.54999923706055,35.95000076293945,119765720,yfinance,False
2014-12-11,23.173715591430664,36.849998474121094,36.974998474121094,35.79999923706055,36.0,154341682,yfinance,False
2014-12-12,23.268049240112305,37.0,37.67499923706055,36.75,36.900001525878906,76993790,yfinance,False
2014-12-15,22.79640007019043,36.25,36.75,36.099998474121094,36.25,65967874,yfinance,False
2014-12-16,23.157997131347656,36.82500076293945,37.0,35.5,36.0,80099024,yfinance,False
2014-12-17,23.06366729736328,36.67499923706055,37.17499923706055,36.29999923706055,36.900001525878906,64097130,yfinance,False
2014-12-18,23.268049240112305,37.0,37.5,36.849998474121094,37.5,81733320,yfinance,False
2014-12-19,23.393823623657227,37.20000076293945,37.5,36.474998474121094,37.400001525878906,97063840,yfinance,False
2014-12-22,24.211347579956055,38.5,38.67499923706055,37.224998474121094,37.224998474121094,81847782,yfinance,False
2014-12-23,23.928359985351562,38.04999923706055,39.349998474121094,37.775001525878906,38.0,60684762,yfinance,False
2014-12-24,23.189443588256836,36.875,38.400001525878906,36.775001525878906,38.025001525878906,32302270,yfinance,False
2014-12-29,24.918819427490234,39.625,40.0,38.75,38.92499923706055,116637422,yfinance,False
2014-12-30,24.808773040771484,39.45000076293945,39.75,39.150001525878906,39.599998474121094,55877600,yfinance,False
2014-12-31,24.87165641784668,39.54999923706055,39.650001525878906,39.150001525878906,39.5,28536182,yfinance,False
2015-01-02,26.1293888092041,41.54999923706055,41.57500076293945,39.57500076293945,39.75,84018150,yfinance,False
2015-01-05,25.86212158203125,41.125,42.20000076293945,40.92499923706055,41.5,79182312,yfinance,False
2015-01-06,25.186094284057617,40.04999923706055,40.525001525878906,39.42499923706055,40.375,74353340,yfinance,False
2015-01-07,25.296146392822266,40.224998474121094,40.625,39.650001525878906,39.650001525878906,66641442,yfinance,False
2015-01-08,25.752063751220703,40.95000076293945,41.125,40.0,41.0,73763956,yfinance,False
2015-01-09,26.14511489868164,41.57500076293945,42.92499923706055,41.224998474121094,41.349998474121094,111638204,yfinance,False
2015-01-12,25.95645523071289,41.275001525878906,42.099998474121094,40.375,42.099998474121094,68046890,yfinance,False
2015-01-13,26.082223892211914,41.474998474121094,41.900001525878906,40.525001525878906,40.525001525878906,44744980,yfinance,False
2015-01-14,26.207996368408203,41.67499923706055,42.45000076293945,41.45000076293945,41.75,54127536,yfinance,False
2015-01-15,27.24562644958496,43.32500076293945,43.42499923706055,41.150001525878906,41.150001525878906,91616648,yfinance,False
2015-01-16,27.76444435119629,44.150001525878906,44.349998474121094,42.95000076293945,43.5,123071060,yfinance,False
2015-01-19,25.531967163085938,40.599998474121094,42.875,39.150001525878906,42.82500076293945,158017454,yfinance,False
2015-01-20,26.286611557006836,41.79999923706055,42.42499923706055,40.67499923706055,40.67499923706055,90891092,yfinance,False
2015-01-21,27.22989845275879,43.29999923706055,43.400001525878906,41.75,41.79999923706055,67617452,yfinance,False
2015-01-22,26.821142196655273,42.650001525878906,44.25,42.57500076293945,44.0,58842264,yfinance,False
2015-01-23,27.402849197387695,43.57500076293945,43.974998474121094,42.79999923706055,43.5,64706138,yfinance,False
2015-01-26,27.560054779052734,43.82500076293945,44.025001525878906,43.20000076293945,43.5,36799398,yfinance,False
2015-01-27,26.978363037109375,42.900001525878906,43.849998474121094,42.650001525878906,43.82500076293945,48745536,yfinance,False
2015-01-28,26.67965316772461,42.42499923706055,43.025001525878906,42.32500076293945,43.0,42199022,yfinance,False
2015-01-29,26.082223892211914,41.474998474121094,42.04999923706055,41.025001525878906,41.79999923706055,58649952,yfinance,False
2015-01-30,25.972171783447266,41.29999923706055,42.125,41.04999923706055,41.57500076293945,34235752,yfinance,False
2015-02-02,25.374746322631836,40.349998474121094,40.775001525878906,40.0,40.400001525878906,52051184,yfinance,False
2015-02-03,26.223718643188477,41.70000076293945,41.70000076293945,40.0,40.525001525878906,51786346,yfinance,False
2015-02-04,26.09794807434082,41.5,42.25,41.29999923706055,42.25,37364388,yfinance,False
2015-02-05,26.09794807434082,41.5,43.025001525878906,41.349998474121094,43.0,55399388,yfinance,False
2015-02-06,25.752063751220703,40.95000076293945,41.849998474121094,40.650001525878906,41.45000076293945,39129144,yfinance,False
2015-02-09,25.704910278320312,40.875,41.474998474121094,40.20000076293945,40.75,30075162,yfinance,False
2015-02-10,25.86212158203125,41.125,41.400001525878906,40.67499923706055,40.849998474121094,22979292,yfinance,False
2015-02-11,25.972171783447266,41.29999923706055,41.75,41.0,41.0,25432760,yfinance,False
2015-02-12,26.09794807434082,41.5,42.0,41.099998474121094,41.375,31248324,yfinance,False
2015-02-13,26.884031295776367,42.75,42.775001525878906,41.70000076293945,41.849998474121094,38809042,yfinance,False
2015-02-16,27.009809494018555,42.95000076293945,43.150001525878906,42.5,42.650001525878906,30496124,yfinance,False
2015-02-17,27.02552032470703,42.974998474121094,43.32500076293945,42.875,42.95000076293945,18633926,yfinance,False
2015-02-18,27.009809494018555,42.95000076293945,43.275001525878906,42.599998474121094,43.275001525878906,11497152,yfinance,False
2015-02-23,26.821142196655273,42.650001525878906,43.0,42.400001525878906,43.0,24946456,yfinance,False
2015-02-24,26.946918487548828,42.849998474121094,43.04999923706055,42.45000076293945,42.70000076293945,21073336,yfinance,False
2015-02-25,26.77397918701172,42.57500076293945,43.125,42.29999923706055,42.92499923706055,30055740,yfinance,False
2015-02-26,27.19845962524414,43.25,43.45000076293945,42.150001525878906,42.5,42260510,yfinance,False
2015-02-27,27.11985969543457,43.125,44.0,43.025001525878906,43.20000076293945,41479904,yfinance,False
2015-03-02,27.15129280090332,43.17499923706055,43.974998474121094,43.125,43.900001525878906,55270942,yfinance,False
2015-03-03,26.711097717285156,42.474998474121094,43.599998474121094,42.42499923706055,43.599998474121094,42734334,yfinance,False
2015-03-04,26.160831451416016,41.599998474121094,42.75,41.54999923706055,42.5,40548524,yfinance,False
2015-03-05,25.799232482910156,41.025001525878906,41.92499923706055,40.849998474121094,41.57500076293945,44790086,yfinance,False
2015-03-06,25.909290313720703,41.20000076293945,41.724998474121094,41.07500076293945,41.099998474121094,24015554,yfinance,False
2015-03-09,26.34949493408203,41.900001525878906,42.0,40.599998474121094,41.0,35510666,yfinance,False
2015-03-10,25.704910278320312,40.875,41.900001525878906,40.79999923706055,41.900001525878906,42627352,yfinance,False
2015-03-11,25.76778793334961,40.974998474121094,41.32500076293945,40.599998474121094,40.599998474121094,31335110,yfinance,False
2015-03-12,26.082223892211914,41.474998474121094,41.82500076293945,40.900001525878906,40.900001525878906,28552236,yfinance,False
2015-03-13,26.302331924438477,41.82500076293945,42.349998474121094,41.474998474121094,41.5,33009316,yfinance,False
2015-03-16,27.15129280090332,43.17499923706055,43.275001525878906,41.525001525878906,41.82500076293945,48974192,yfinance,False
2015-03-17,27.292797088623047,43.400001525878906,43.92499923706055,43.025001525878906,43.650001525878906,54259892,yfinance,False
2015-03-18,27.591508865356445,43.875,44.20000076293945,43.29999923706055,43.400001525878906,65879166,yfinance,False
2015-03-19,27.827335357666016,44.25,44.400001525878906,43.79999923706055,44.0,54142826,yfinance,False
2015-03-20,28.959287643432617,46.04999923706055,46.70000076293945,45.0,45.0,107391552,yfinance,False
2015-03-23,29.38376808166504,46.724998474121094,47.224998474121094,46.29999923706055,47.025001525878906,48779548,yfinance,False
2015-03-24,28.62912940979004,45.525001525878906,46.45000076293945,45.20000076293945,46.25,56634542,yfinance,False
2015-03-25,28.62912940979004,45.525001525878906,46.0,45.20000076293945,45.525001525878906,35391896,yfinance,False
2015-03-26,28.550514221191406,45.400001525878906,46.025001525878906,44.75,45.04999923706055,43076032,yfinance,False
2015-03-27,28.676301956176758,45.599998474121094,45.95000076293945,45.275001525878906,45.79999923706055,28598664,yfinance,False
2015-03-30,29.33660888671875,46.650001525878906,46.95000076293945,46.07500076293945,46.400001525878906,64678048,yfinance,False
2015-03-31,29.30516242980957,46.599998474121094,47.75,46.400001525878906,47.400001525878906,59534852,yfinance,False
2015-04-01,29.698204040527344,47.224998474121094,47.599998474121094,46.45000076293945,46.45000076293945,49112980,yfinance,False
2015-04-02,29.28944206237793,46.57500076293945,47.67499923706055,46.400001525878906,47.5,55098968,yfinance,False
2015-04-08,30.57861328125,48.625,48.974998474121094,47.32500076293945,47.599998474121094,95875704,yfinance,False
2015-04-09,30.90877914428711,49.150001525878906,51.849998474121094,48.625,51.0,118391328,yfinance,False
2015-04-10,32.795372009277344,52.150001525878906,52.29999923706055,49.025001525878906,50.849998474121094,106815694,yfinance,False
2015-04-13,33.73868179321289,53.650001525878906,54.349998474121094,52.400001525878906,52.75,96062460,yfinance,False
2015-04-14,32.73249435424805,52.04999923706055,53.0,51.349998474121094,51.900001525878906,73061146,yfinance,False
2015-04-15,33.455684661865234,53.20000076293945,54.349998474121094,52.349998474121094,52.5,81261586,yfinance,False
2015-04-16,34.49331283569336,54.849998474121094,55.150001525878906,52.849998474121094,53.20000076293945,72012324,yfinance,False
2015-04-17,34.241764068603516,54.45000076293945,56.400001525878906,53.75,55.349998474121094,57027298,yfinance,False
2015-04-20,32.85826110839844,52.25,55.20000076293945,51.79999923706055,54.45000076293945,66642752,yfinance,False
2015-04-21,34.55620574951172,54.95000076293945,55.25,52.599998474121094,53.0,57306332,yfinance,False
2015-04-22,35.37372589111328,56.25,56.5,54.95000076293945,55.20000076293945,63155720,yfinance,False
2015-04-23,34.304649353027344,54.54999923706055,57.20000076293945,54.150001525878906,56.5,51970264,yfinance,False
2015-04-24,34.65053176879883,55.099998474121094,55.29999923706055,52.5,55.099998474121094,63191010,yfinance,False
2015-04-27,34.46186828613281,54.79999923706055,56.0,54.150001525878906,55.79999923706055,58908142,yfinance,False
2015-04-28,34.99640655517578,55.650001525878906,55.900001525878906,54.099998474121094,55.20000076293945,51009482,yfinance,False
2015-04-29,34.65053176879883,55.099998474121094,55.650001525878906,54.150001525878906,55.5,55624944,yfinance,False
2015-04-30,35.02784729003906,55.70000076293945,56.04999923706055,54.54999923706055,54.54999923706055,59792010,yfinance,False
2015-05-04,34.68196487426758,55.150001525878906,56.20000076293945,54.75,56.099998474121094,44388548,yfinance,False
2015-05-05,33.73868179321289,53.650001525878906,55.70000076293945,52.79999923706055,55.5,54719426,yfinance,False
2015-05-06,34.17887496948242,54.349998474121094,56.70000076293945,53.099998474121094,53.099998474121094,82001552,yfinance,False
2015-05-07,33.99021911621094,54.04999923706055,54.900001525878906,53.400001525878906,54.25,50222060,yfinance,False
2015-05-08,34.83919143676758,55.400001525878906,55.5,53.900001525878906,54.900001525878906,57025754,yfinance,False
2015-05-11,35.153621673583984,55.900001525878906,56.150001525878906,54.95000076293945,56.150001525878906,41693626,yfinance,False
2015-05-12,34.96495819091797,55.599998474121094,56.349998474121094,55.150001525878906,56.349998474121094,36619008,yfinance,False
2015-05-13,34.084556579589844,54.20000076293945,55.95000076293945,53.900001525878906,55.54999923706055,42848380,yfinance,False
2015-05-14,33.99021911621094,54.04999923706055,54.5,53.54999923706055,54.20000076293945,26719060,yfinance,False
2015-05-15,34.71342086791992,55.20000076293945,55.5,53.849998474121094,54.5,43670780,yfinance,False
2015-05-18,34.36754608154297,54.650001525878906,55.20000076293945,53.900001525878906,55.150001525878906,35280866,yfinance,False
2015-05-19,35.05929183959961,55.75,56.20000076293945,54.650001525878906,55.29999923706055,41536042,yfinance,False
2015-05-20,35.43660354614258,56.349998474121094,57.0,55.75,56.349998474121094,44253876,yfinance,False
2015-05-21,35.49949645996094,56.45000076293945,57.0,55.95000076293945,56.5,32267146,yfinance,False
2015-05-22,37.48041915893555,59.599998474121094,59.70000076293945,56.79999923706055,57.25,61437294,yfinance,False
2015-05-26,38.5180549621582,61.25,62.900001525878906,60.54999923706055,62.0,75907466,yfinance,False
2015-05-27,38.1407356262207,60.650001525878906,61.25,60.099998474121094,61.20000076293945,40697022,yfinance,False
2015-05-28,36.568565368652344,58.150001525878906,61.150001525878906,56.599998474121094,61.150001525878906,87845616,yfinance,False
2015-05-29,35.87682342529297,57.04999923706055,57.849998474121094,56.650001525878906,57.5,67394254,yfinance,False
2015-06-01,36.600013732910156,58.20000076293945,58.599998474121094,55.150001525878906,56.20000076293945,51982704,yfinance,False
2015-06-02,36.12836456298828,57.45000076293945,57.75,56.54999923706055,57.5,35398160,yfinance,False
2015-06-03,35.49949645996094,56.45000076293945,57.75,56.04999923706055,57.75,33905376,yfinance,False
2015-06-04,35.46805953979492,56.400001525878906,57.849998474121094,55.20000076293945,56.25,48448344,yfinance,False
2015-06-05,34.96495819091797,55.599998474121094,57.099998474121094,55.5,56.349998474121094,41478244,yfinance,False
2015-06-08,36.034034729003906,57.29999923706055,57.849998474121094,55.25,55.25,43787648,yfinance,False
2015-06-09,34.902069091796875,55.5,57.5,55.400001525878906,57.5,36433078,yfinance,False
2015-06-10,34.46186828613281,54.79999923706055,56.400001525878906,54.25,55.75,41235222,yfinance,False
2015-06-11,35.153621673583984,55.900001525878906,56.400001525878906,55.0,55.400001525878906,35999986,yfinance,False
2015-06-12,36.12836456298828,57.45000076293945,57.70000076293945,56.5,56.900001525878906,42245090,yfinance,False
2015-06-15,34.99640655517578,55.650001525878906,57.20000076293945,55.599998474121094,56.45000076293945,23583808,yfinance,False
2015-06-16,34.46186828613281,54.79999923706055,56.20000076293945,54.650001525878906,55.650001525878906,33999740,yfinance,False
2015-06-17,34.870635986328125,55.45000076293945,55.79999923706055,54.54999923706055,55.20000076293945,32438842,yfinance,False
2015-06-18,34.65053176879883,55.099998474121094,56.150001525878906,54.599998474121094,55.75,27459542,yfinance,False
2015-06-19,33.86444854736328,53.849998474121094,55.650001525878906,53.54999923706055,55.349998474121094,60897574,yfinance,False
2015-06-22,34.241764068603516,54.45000076293945,54.70000076293945,53.5,54.20000076293945,34366788,yfinance,False
2015-06-23,34.93351745605469,55.54999923706055,55.75,53.95000076293945,54.849998474121094,51475806,yfinance,False
2015-06-24,35.153621673583984,55.900001525878906,56.349998474121094,55.349998474121094,55.75,31594018,yfinance,False
2015-06-25,34.74485778808594,55.25,56.099998474121094,54.79999923706055,55.900001525878906,37249184,yfinance,False
2015-06-26,33.51856994628906,53.29999923706055,54.79999923706055,52.04999923706055,54.400001525878906,74208460,yfinance,False
2015-06-29,32.22939682006836,51.25,54.0,49.599998474121094,52.900001525878906,109395242,yfinance,False
2015-06-30,32.921142578125,52.349998474121094,53.25,50.70000076293945,51.25,78513720,yfinance,False
2015-07-02,32.040733337402344,50.95000076293945,52.25,50.75,51.5,67005030,yfinance,False
2015-07-03,31.128873825073242,49.5,51.5,49.224998474121094,50.900001525878906,80290402,yfinance,False
2015-07-06,29.87114143371582,47.5,51.5,45.79999923706055,50.599998474121094,144254272,yfinance,False
2015-07-07,28.707740783691406,45.650001525878906,47.67499923706055,44.45000076293945,47.5,143418562,yfinance,False
2015-07-08,26.93119239807129,42.82500076293945,44.875,41.25,43.0,169344538,yfinance,False
2015-07-09,28.707740783691406,45.650001525878906,47.099998474121094,42.42499923706055,43.525001525878906,145277724,yfinance,False
2015-07-10,30.13840675354004,47.92499923706055,48.70000076293945,46.29999923706055,47.0,124509952,yfinance,False
2015-07-13,30.610069274902344,48.67499923706055,49.349998474121094,47.54999923706055,47.92499923706055,75622426,yfinance,False
2015-07-14,29.981204986572266,47.67499923706055,49.224998474121094,47.150001525878906,47.625,60261822,yfinance,False
2015-07-15,29.540998458862305,46.974998474121094,48.0,46.42499923706055,47.5,53778672,yfinance,False
2015-07-16,29.99692153930664,47.70000076293945,47.82500076293945,46.25,46.5,27365102,yfinance,False
2015-07-17,30.515737533569336,48.525001525878906,49.125,47.775001525878906,48.0,50321392,yfinance,False
2015-07-20,30.232742309570312,48.07500076293945,49.0,47.67499923706055,49.0,37876790,yfinance,False
2015-07-21,30.594337463378906,48.650001525878906,49.20000076293945,47.42499923706055,47.900001525878906,32393634,yfinance,False
2015-07-22,30.374235153198242,48.29999923706055,48.349998474121094,47.5,48.04999923706055,34298026,yfinance,False
2015-07-23,30.90877914428711,49.150001525878906,49.724998474121094,48.29999923706055,48.75,46364034,yfinance,False
2015-07-24,30.515737533569336,48.525001525878906,49.150001525878906,48.25,49.025001525878906,37187318,yfinance,False
2015-07-27,29.845897674560547,47.150001525878906,48.20000076293945,46.099998474121094,48.20000076293945,46982320,yfinance,False
2015-07-28,29.117944717407227,46.0,46.849998474121094,45.20000076293945,46.650001525878906,79646120,yfinance,False
2015-07-29,28.801448822021484,45.5,46.599998474121094,44.349998474121094,46.599998474121094,56407973,yfinance,False
2015-07-30,28.326698303222656,44.75,45.95000076293945,44.54999923706055,45.95000076293945,35540137,yfinance,False
2015-07-31,28.23175048828125,44.599998474121094,45.5,43.79999923706055,45.5,40338576,yfinance,False
2015-08-03,27.503799438476562,43.45000076293945,44.0,42.79999923706055,44.0,46449663,yfinance,False
2015-08-04,27.9468936920166,44.150001525878906,44.5,42.849998474121094,43.599998474121094,34847802,yfinance,False
2015-08-05,27.725345611572266,43.79999923706055,44.5,43.45000076293945,44.20000076293945,31438685,yfinance,False
2015-08-06,27.40884780883789,43.29999923706055,43.650001525878906,42.79999923706055,43.54999923706055,28333748,yfinance,False
2015-08-07,27.883596420288086,44.04999923706055,44.95000076293945,43.099998474121094,43.20000076293945,36875351,yfinance,False
2015-08-10,28.16844367980957,44.5,45.20000076293945,43.5,44.0,30197377,yfinance,False
2015-08-11,28.200092315673828,44.54999923706055,46.099998474121094,44.400001525878906,45.400001525878906,39716203,yfinance,False
2015-08-12,27.503799438476562,43.45000076293945,44.29999923706055,42.900001525878906,43.849998474121094,47670661,yfinance,False
2015-08-13,27.472152709960938,43.400001525878906,43.900001525878906,42.849998474121094,43.20000076293945,34884256,yfinance,False
2015-08-14,27.377199172973633,43.25,43.900001525878906,43.0,43.45000076293945,22445207,yfinance,False
2015-08-17,27.092348098754883,42.79999923706055,42.79999923706055,41.54999923706055,42.599998474121094,28702393,yfinance,False
2015-08-18,26.269447326660156,41.5,43.5,40.79999923706055,43.0,37295540,yfinance,False
2015-08-19,25.509849548339844,40.29999923706055,41.5,39.70000076293945,41.0,54525478,yfinance,False
2015-08-20,25.066753387451172,39.599998474121094,40.29999923706055,38.900001525878906,39.650001525878906,49219276,yfinance,False
2015-08-21,24.560352325439453,38.79999923706055,39.349998474121094,38.25,38.79999923706055,55653806,yfinance,False
2015-08-24,22.661354064941406,35.79999923706055,37.29999923706055,35.099998474121094,37.0,107031162,yfinance,False
2015-08-25,23.104455947875977,36.5,37.75,35.0,35.70000076293945,112783584,yfinance,False
2015-08-26,22.724658966064453,35.900001525878906,37.70000076293945,35.599998474121094,37.45000076293945,81436947,yfinance,False
2015-08-27,24.085603713989258,38.04999923706055,38.5,36.400001525878906,37.400001525878906,109994831,yfinance,False
2015-08-28,23.80075454711914,37.599998474121094,39.29999923706055,37.599998474121094,39.25,73609718,yfinance,False
2015-08-31,24.022300720214844,37.95000076293945,38.54999923706055,36.54999923706055,37.599998474121094,73153184,yfinance,False
2015-09-01,23.51590347290039,37.150001525878906,38.099998474121094,36.849998474121094,37.849998474121094,47861381,yfinance,False
2015-09-02,23.32600212097168,36.849998474121094,38.29999923706055,36.5,37.0,54643040,yfinance,False
2015-09-04,22.566408157348633,35.650001525878906,37.45000076293945,35.25,36.79999923706055,52789569,yfinance,False
2015-09-07,22.64168930053711,35.54999923706055,36.95000076293945,35.20000076293945,35.20000076293945,45342291,yfinance,False
2015-09-08,23.883638381958008,37.5,37.900001525878906,35.599998474121094,35.849998474121094,56506848,yfinance,False
2015-09-09,24.743450164794922,38.849998474121094,39.20000076293945,37.849998474121094,38.099998474121094,86049241,yfinance,False
2015-09-10,24.45684814453125,38.400001525878906,38.900001525878906,37.75,38.0,32994326,yfinance,False
2015-09-11,24.26577377319336,38.099998474121094,39.45000076293945,38.0,38.900001525878906,35903130,yfinance,False
2015-09-14,24.361312866210938,38.25,38.70000076293945,37.54999923706055,38.400001525878906,24706940,yfinance,False
2015-09-15,24.26577377319336,38.099998474121094,38.54999923706055,37.79999923706055,38.5,19621392,yfinance,False
2015-09-16,24.743450164794922,38.849998474121094,39.70000076293945,37.849998474121094,38.79999923706055,57540758,yfinance,False
2015-09-17,25.125585556030273,39.45000076293945,40.45000076293945,39.20000076293945,39.599998474121094,52274154,yfinance,False
2015-09-18,25.73064613342285,40.400001525878906,40.54999923706055,39.25,39.349998474121094,43351495,yfinance,False
2015-09-21,25.507728576660156,40.04999923706055,40.29999923706055,39.349998474121094,39.70000076293945,21356784,yfinance,False
2015-09-22,25.475879669189453,40.0,41.099998474121094,39.95000076293945,40.20000076293945,28493872,yfinance,False
2015-09-23,25.06189727783203,39.349998474121094,39.849998474121094,38.04999923706055,39.5,51546965,yfinance,False
2015-09-24,24.743450164794922,38.849998474121094,39.650001525878906,38.599998474121094,39.04999923706055,26705964,yfinance,False
2015-09-25,24.838985443115234,39.0,39.400001525878906,38.29999923706055,38.79999923706055,26685475,yfinance,False
2015-09-29,24.23393440246582,38.04999923706055,38.150001525878906,37.20000076293945,37.5,42987647,yfinance,False
2015-09-30,24.424999237060547,38.349998474121094,38.849998474121094,38.04999923706055,38.45000076293945,34268883,yfinance,False
2015-10-02,25.60326385498047,40.20000076293945,40.45000076293945,38.29999923706055,38.900001525878906,47974061,yfinance,False
2015-10-05,26.335693359375,41.349998474121094,41.79999923706055,41.099998474121094,41.79999923706055,39965332,yfinance,False
2015-10-06,26.431224822998047,41.5,42.099998474121094,41.25,42.04999923706055,31878583,yfinance,False
2015-10-07,27.513954162597656,43.20000076293945,43.45000076293945,41.349998474121094,41.849998474121094,72880870,yfinance,False
2015-10-08,27.06812286376953,42.5,43.400001525878906,41.5,43.400001525878906,71744253,yfinance,False
2015-10-09,26.94074249267578,42.29999923706055,43.29999923706055,42.150001525878906,43.0,45519117,yfinance,False
2015-10-12,27.09996223449707,42.54999923706055,43.150001525878906,42.29999923706055,42.849998474121094,30175172,yfinance,False
2015-10-13,26.813369750976562,42.099998474121094,42.849998474121094,41.849998474121094,42.400001525878906,24824722,yfinance,False
2015-10-14,26.5904598236084,41.75,42.45000076293945,41.54999923706055,41.599998474121094,25471216,yfinance,False
2015-10-15,27.163660049438477,42.650001525878906,43.0,42.0,42.599998474121094,37394323,yfinance,False
2015-10-16,27.545801162719727,43.25,43.650001525878906,43.099998474121094,43.29999923706055,36657410,yfinance,False
2015-10-19,27.70501708984375,43.5,43.70000076293945,42.79999923706055,43.0,18213735,yfinance,False
2015-10-20,27.736865997314453,43.54999923706055,43.70000076293945,43.099998474121094,43.099998474121094,18255521,yfinance,False
2015-10-22,27.64133071899414,43.400001525878906,43.5,42.79999923706055,42.849998474121094,21226159,yfinance,False
2015-10-23,27.896095275878906,43.79999923706055,44.29999923706055,43.70000076293945,44.0,27282575,yfinance,False
2015-10-26,27.99161720275879,43.95000076293945,45.150001525878906,43.849998474121094,44.29999923706055,46919744,yfinance,False
2015-10-27,28.182693481445312,44.25,44.54999923706055,43.20000076293945,43.849998474121094,34251788,yfinance,False
2015-10-28,28.05531120300293,44.04999923706055,44.79999923706055,43.70000076293945,44.79999923706055,37766342,yfinance,False
2015-10-29,27.768709182739258,43.599998474121094,44.29999923706055,43.150001525878906,44.25,43523499,yfinance,False
2015-10-30,27.800561904907227,43.650001525878906,44.099998474121094,43.349998474121094,43.75,35167099,yfinance,False
2015-11-02,27.45025634765625,43.099998474121094,43.70000076293945,42.79999923706055,43.20000076293945,32607771,yfinance,False
2015-11-03,27.354732513427734,42.95000076293945,43.54999923706055,42.849998474121094,43.400001525878906,26622688,yfinance,False
2015-11-04,28.119001388549805,44.150001525878906,44.79999923706055,43.04999923706055,43.20000076293945,69582355,yfinance,False
2015-11-05,28.915122985839844,45.400001525878906,46.599998474121094,43.70000076293945,44.150001525878906,78603408,yfinance,False
2015-11-06,29.042499542236328,45.599998474121094,45.95000076293945,45.0,45.349998474121094,27830814,yfinance,False
2015-11-09,29.16988754272461,45.79999923706055,46.70000076293945,45.099998474121094,45.29999923706055,37755108,yfinance,False
2015-11-10,28.787742614746094,45.20000076293945,45.900001525878906,44.79999923706055,45.04999923706055,34407052,yfinance,False
2015-11-11,28.59667205810547,44.900001525878906,45.25,44.400001525878906,44.900001525878906,24111112,yfinance,False
2015-11-12,28.88327980041504,45.349998474121094,45.70000076293945,44.5,45.20000076293945,28050233,yfinance,False
2015-11-13,28.341917037963867,44.5,44.95000076293945,44.150001525878906,44.79999923706055,37214985,yfinance,False
2015-11-16,27.800561904907227,43.650001525878906,44.04999923706055,43.150001525878906,43.400001525878906,40386187,yfinance,False
2015-11-17,28.119001388549805,44.150001525878906,45.0,43.849998474121094,44.5,31534383,yfinance,False
2015-11-18,27.99161720275879,43.95000076293945,44.29999923706055,43.54999923706055,44.099998474121094,21948944,yfinance,False
2015-11-19,28.182693481445312,44.25,44.849998474121094,44.04999923706055,44.5,28667306,yfinance,False
2015-11-20,28.501142501831055,44.75,44.849998474121094,43.849998474121094,44.25,24055564,yfinance,False
2015-11-23,28.405611038208008,44.599998474121094,44.95000076293945,44.400001525878906,44.900001525878906,16137536,yfinance,False
2015-11-24,28.373754501342773,44.54999923706055,44.75,43.849998474121094,44.349998474121094,17094544,yfinance,False
2015-11-25,28.214534759521484,44.29999923706055,44.5,43.900001525878906,44.099998474121094,20938886,yfinance,False
2015-11-26,28.214534759521484,44.29999923706055,44.900001525878906,44.04999923706055,44.75,15489345,yfinance,False
2015-11-27,27.577640533447266,43.29999923706055,44.650001525878906,43.0,44.650001525878906,47931574,yfinance,False
2015-11-30,27.036277770996094,42.45000076293945,43.20000076293945,42.20000076293945,42.650001525878906,57558485,yfinance,False
2015-12-01,27.577640533447266,43.29999923706055,43.900001525878906,42.75,43.0,29845668,yfinance,False
2015-12-02,28.182693481445312,44.25,44.650001525878906,43.20000076293945,43.20000076293945,42380217,yfinance,False
2015-12-03,28.182693481445312,44.25,44.79999923706055,43.849998474121094,43.849998474121094,24376086,yfinance,False
2015-12-04,27.896095275878906,43.79999923706055,43.95000076293945,43.29999923706055,43.650001525878906,24765135,yfinance,False
2015-12-07,27.92793083190918,43.849998474121094,44.29999923706055,43.5,43.95000076293945,16768278,yfinance,False
2015-12-08,27.577640533447266,43.29999923706055,43.400001525878906,42.54999923706055,43.20000076293945,29225522,yfinance,False
2015-12-09,27.195505142211914,42.70000076293945,43.29999923706055,42.599998474121094,43.0,20090382,yfinance,False
2015-12-10,26.90890121459961,42.25,42.95000076293945,42.0,42.29999923706055,25108060,yfinance,False
2015-12-11,26.0809326171875,40.95000076293945,42.25,40.75,42.25,43098639,yfinance,False
2015-12-14,26.272005081176758,41.25,41.849998474121094,40.0,40.04999923706055,47138690,yfinance,False
2015-12-15,26.46306800842285,41.54999923706055,42.150001525878906,41.099998474121094,41.099998474121094,27638382,yfinance,False
2015-12-16,26.84520721435547,42.150001525878906,42.79999923706055,42.04999923706055,42.20000076293945,20772559,yfinance,False
2015-12-17,27.163660049438477,42.650001525878906,43.54999923706055,42.45000076293945,42.599998474121094,23758726,yfinance,False
2015-12-18,27.195505142211914,42.70000076293945,43.20000076293945,42.20000076293945,42.29999923706055,21983903,yfinance,False
2015-12-21,27.64133071899414,43.400001525878906,43.70000076293945,42.400001525878906,42.400001525878906,20766343,yfinance,False
2015-12-22,27.70501708984375,43.5,43.900001525878906,43.25,43.75,15733463,yfinance,False
2015-12-23,28.023469924926758,44.0,44.400001525878906,43.650001525878906,43.849998474121094,18559539,yfinance,False
2015-12-24,28.15085220336914,44.20000076293945,44.29999923706055,43.95000076293945,44.20000076293945,6997244,yfinance,False
2015-12-28,27.70501708984375,43.5,44.20000076293945,43.29999923706055,44.20000076293945,14454249,yfinance,False
2015-12-29,27.896095275878906,43.79999923706055,43.900001525878906,43.400001525878906,43.650001525878906,7763976,yfinance,False
2015-12-30,27.354732513427734,42.95000076293945,44.0,42.849998474121094,43.79999923706055,22885686,yfinance,False
2015-12-31,27.386571884155273,43.0,43.45000076293945,42.70000076293945,43.0,8074334,yfinance,False
2016-01-04,26.017240524291992,40.849998474121094,42.75,40.599998474121094,42.599998474121094,45114145,yfinance,False
2016-01-05,25.73064613342285,40.400001525878906,41.20000076293945,39.900001525878906,40.5,48037712,yfinance,False
2016-01-06,25.539573669433594,40.099998474121094,40.400001525878906,39.5,40.04999923706055,34880806,yfinance,False
2016-01-07,24.17024040222168,37.95000076293945,39.599998474121094,37.29999923706055,39.5,74388997,yfinance,False
2016-01-08,24.202085494995117,38.0,38.599998474121094,37.650001525878906,38.20000076293945,58023171,yfinance,False
2016-01-11,23.15120506286621,36.349998474121094,36.95000076293945,36.20000076293945,36.70000076293945,52673127,yfinance,False
2016-01-12,22.705379486083984,35.650001525878906,37.099998474121094,35.5,36.900001525878906,52476338,yfinance,False
2016-01-13,23.02383041381836,36.150001525878906,37.400001525878906,36.0,36.5,41216282,yfinance,False
2016-01-14,23.119359970092773,36.29999923706055,36.5,35.0,35.5,46651390,yfinance,False
2016-01-15,22.35508155822754,35.099998474121094,36.54999923706055,35.0,36.29999923706055,41228385,yfinance,False
2016-01-18,22.100326538085938,34.70000076293945,35.349998474121094,34.29999923706055,34.79999923706055,34274001,yfinance,False
2016-01-19,23.27858543395996,36.54999923706055,36.650001525878906,34.849998474121094,34.900001525878906,45020678,yfinance,False
2016-01-20,22.323244094848633,35.04999923706055,36.099998474121094,34.20000076293945,35.95000076293945,61650073,yfinance,False
2016-01-21,21.367891311645508,33.54999923706055,35.79999923706055,33.54999923706055,35.79999923706055,67450697,yfinance,False
2016-01-22,22.100326538085938,34.70000076293945,34.95000076293945,33.849998474121094,34.5,54035830,yfinance,False
2016-01-25,22.386932373046875,35.150001525878906,35.45000076293945,34.95000076293945,35.099998474121094,27927965,yfinance,False
2016-01-26,21.62265396118164,33.95000076293945,34.79999923706055,33.599998474121094,34.54999923706055,44828274,yfinance,False
2016-01-27,21.527118682861328,33.79999923706055,34.5,33.29999923706055,34.25,54783064,yfinance,False
2016-01-28,21.750038146972656,34.150001525878906,34.599998474121094,33.70000076293945,33.79999923706055,34371122,yfinance,False
2016-01-29,22.259553909301758,34.95000076293945,35.20000076293945,33.849998474121094,33.849998474121094,46855547,yfinance,False
2016-02-01,21.78188133239746,34.20000076293945,35.29999923706055,33.95000076293945,35.099998474121094,38681086,yfinance,False
2016-02-02,21.686342239379883,34.04999923706055,34.599998474121094,33.79999923706055,34.099998474121094,26498651,yfinance,False
2016-02-03,20.985755920410156,32.95000076293945,33.20000076293945,32.400001525878906,32.75,56072619,yfinance,False
2016-02-04,21.20867156982422,33.29999923706055,33.70000076293945,33.099998474121094,33.25,31907050,yfinance,False
2016-02-05,21.558963775634766,33.849998474121094,34.400001525878906,33.349998474121094,33.5,22666571,yfinance,False
2016-02-11,20.348857879638672,31.950000762939453,32.099998474121094,31.399999618530273,31.399999618530273,55576329,yfinance,False
2016-02-12,19.489049911499023,30.600000381469727,31.799999237060547,30.5,31.299999237060547,57333287,yfinance,False
2016-02-15,20.73099708557129,32.54999923706055,33.0,31.350000381469727,31.450000762939453,53927103,yfinance,False
2016-02-16,21.431581497192383,33.650001525878906,34.150001525878906,32.650001525878906,32.79999923706055,43497409,yfinance,False
2016-02-17,20.92206382751465,32.849998474121094,34.150001525878906,32.70000076293945,33.95000076293945,38509401,yfinance,False
2016-02-18,21.750038146972656,34.150001525878906,34.849998474121094,33.900001525878906,34.0,45179288,yfinance,False
2016-02-19,21.527118682861328,33.79999923706055,34.150001525878906,33.599998474121094,33.70000076293945,25693183,yfinance,False
2016-02-22,21.972946166992188,34.5,34.75,34.150001525878906,34.29999923706055,26960185,yfinance,False
2016-02-23,21.686342239379883,34.04999923706055,34.650001525878906,33.70000076293945,34.5,27781205,yfinance,False
2016-02-24,21.24051284790039,33.349998474121094,34.0,32.900001525878906,33.650001525878906,28170068,yfinance,False
2016-02-25,20.60361671447754,32.349998474121094,33.349998474121094,32.25,33.29999923706055,30205483,yfinance,False
2016-02-26,21.272361755371094,33.400001525878906,33.5,32.75,32.95000076293945,24961247,yfinance,False
2016-02-29,20.953908920288086,32.900001525878906,33.650001525878906,32.400001525878906,33.20000076293945,22013943,yfinance,False
2016-03-01,21.144983291625977,33.20000076293945,33.349998474121094,32.29999923706055,33.349998474121094,36108686,yfinance,False
2016-03-02,21.972946166992188,34.5,34.95000076293945,33.79999923706055,34.0,53690702,yfinance,False
2016-03-03,22.036636352539062,34.599998474121094,35.0,33.95000076293945,34.75,35558724,yfinance,False
2016-03-04,22.800912857055664,35.79999923706055,36.20000076293945,34.599998474121094,34.70000076293945,51349059,yfinance,False
2016-03-07,22.67353057861328,35.599998474121094,36.25,35.20000076293945,35.70000076293945,43301343,yfinance,False
2016-03-08,22.227703094482422,34.900001525878906,35.54999923706055,34.400001525878906,35.20000076293945,27361883,yfinance,False
2016-03-09,22.195858001708984,34.849998474121094,34.95000076293945,34.20000076293945,34.70000076293945,19352233,yfinance,False
2016-03-10,22.100326538085938,34.70000076293945,35.400001525878906,34.400001525878906,35.0,17743026,yfinance,False
2016-03-11,22.132171630859375,34.75,35.29999923706055,34.099998474121094,34.5,35456155,yfinance,False
2016-03-14,22.482465744018555,35.29999923706055,35.900001525878906,35.04999923706055,35.25,35575776,yfinance,False
2016-03-15,22.29139518737793,35.0,35.349998474121094,34.900001525878906,35.150001525878906,23920620,yfinance,False
2016-03-16,22.482465744018555,35.29999923706055,35.599998474121094,35.099998474121094,35.400001525878906,40532427,yfinance,False
2016-03-17,22.991979598999023,36.099998474121094,36.79999923706055,35.849998474121094,36.70000076293945,57556149,yfinance,False
2016-03-18,23.533349990844727,36.95000076293945,37.099998474121094,35.95000076293945,36.099998474121094,59687551,yfinance,False
2016-03-21,23.851795196533203,37.45000076293945,38.20000076293945,36.79999923706055,37.04999923706055,50546231,yfinance,False
2016-03-22,23.819948196411133,37.400001525878906,37.70000076293945,37.04999923706055,37.599998474121094,23090352,yfinance,False
2016-03-23,23.724414825439453,37.25,37.45000076293945,36.79999923706055,37.150001525878906,34999255,yfinance,False
2016-03-24,23.119359970092773,36.29999923706055,37.099998474121094,36.04999923706055,36.599998474121094,38409446,yfinance,False
2016-03-29,23.246740341186523,36.5,36.599998474121094,35.75,36.54999923706055,27449626,yfinance,False
2016-03-30,23.660722732543945,37.150001525878906,37.349998474121094,36.79999923706055,37.20000076293945,29351712,yfinance,False
2016-03-31,23.628875732421875,37.099998474121094,37.349998474121094,36.95000076293945,37.099998474121094,23689632,yfinance,False
2016-04-01,22.991979598999023,36.099998474121094,37.45000076293945,35.900001525878906,37.45000076293945,31484768,yfinance,False
2016-04-05,22.5780029296875,35.45000076293945,35.95000076293945,35.25,35.599998474121094,33011907,yfinance,False
2016-04-06,22.450618743896484,35.25,35.75,35.0,35.0,19394317,yfinance,False
2016-04-07,22.29139518737793,35.0,35.54999923706055,34.599998474121094,35.29999923706055,34002066,yfinance,False
2016-04-08,22.323244094848633,35.04999923706055,35.099998474121094,34.29999923706055,34.29999923706055,25261605,yfinance,False
2016-04-11,22.5780029296875,35.45000076293945,35.75,34.79999923706055,34.79999923706055,16738732,yfinance,False
2016-04-12,22.546157836914062,35.400001525878906,35.70000076293945,35.20000076293945,35.349998474121094,15475586,yfinance,False
2016-04-13,23.915485382080078,37.54999923706055,37.79999923706055,35.75,35.849998474121094,73643278,yfinance,False
2016-04-14,24.361312866210938,38.25,38.79999923706055,38.099998474121094,38.099998474121094,63304634,yfinance,False
2016-04-15,24.10655403137207,37.849998474121094,38.400001525878906,37.5,38.349998474121094,30978503,yfinance,False
2016-04-18,23.819948196411133,37.400001525878906,37.45000076293945,36.79999923706055,37.29999923706055,29944326,yfinance,False
2016-04-19,24.13840103149414,37.900001525878906,38.20000076293945,37.400001525878906,38.0,28512432,yfinance,False
2016-04-20,23.819948196411133,37.400001525878906,38.0,36.79999923706055,37.75,32363624,yfinance,False
2016-04-21,24.042858123779297,37.75,38.0,36.900001525878906,37.400001525878906,33949191,yfinance,False
2016-04-22,23.883638381958008,37.5,37.650001525878906,37.25,37.45000076293945,21517228,yfinance,False
2016-04-25,23.501501083374023,36.900001525878906,37.29999923706055,36.79999923706055,37.04999923706055,23112300,yfinance,False
2016-04-26,23.56519317626953,37.0,37.25,36.5,36.849998474121094,27705326,yfinance,False
2016-04-27,23.819948196411133,37.400001525878906,37.70000076293945,37.099998474121094,37.349998474121094,22249857,yfinance,False
2016-04-28,23.56519317626953,37.0,37.79999923706055,36.95000076293945,37.650001525878906,26450800,yfinance,False
2016-04-29,23.3422794342041,36.650001525878906,37.04999923706055,36.45000076293945,36.79999923706055,20135360,yfinance,False
2016-05-03,22.800912857055664,35.79999923706055,36.29999923706055,35.70000076293945,36.20000076293945,31263653,yfinance,False
2016-05-04,22.92829132080078,36.0,36.04999923706055,35.150001525878906,35.79999923706055,33444123,yfinance,False
2016-05-05,22.5780029296875,35.45000076293945,35.849998474121094,35.25,35.5,25779779,yfinance,False
2016-05-06,22.004793167114258,34.54999923706055,35.20000076293945,34.400001525878906,35.04999923706055,48218711,yfinance,False
2016-05-09,21.941102981567383,34.45000076293945,34.95000076293945,34.0,34.849998474121094,27278897,yfinance,False
2016-05-10,22.100326538085938,34.70000076293945,35.0,34.0,34.0,24991471,yfinance,False
2016-05-11,21.845565795898438,34.29999923706055,35.04999923706055,33.79999923706055,35.0,34117719,yfinance,False
2016-05-12,21.718189239501953,34.099998474121094,34.70000076293945,33.79999923706055,34.20000076293945,27770934,yfinance,False
2016-05-13,21.399738311767578,33.599998474121094,34.25,33.20000076293945,33.900001525878906,47436918,yfinance,False
2016-05-16,21.367891311645508,33.54999923706055,34.25,33.0,33.5,25869049,yfinance,False
2016-05-17,21.654499053955078,34.0,34.29999923706055,33.45000076293945,33.79999923706055,23030754,yfinance,False
2016-05-18,21.367891311645508,33.54999923706055,33.79999923706055,33.349998474121094,33.45000076293945,18622228,yfinance,False
2016-05-19,21.17682647705078,33.25,33.54999923706055,33.04999923706055,33.25,29296424,yfinance,False
2016-05-20,21.272361755371094,33.400001525878906,33.75,33.04999923706055,33.099998474121094,24373780,yfinance,False
2016-05-23,21.11313247680664,33.150001525878906,33.599998474121094,33.04999923706055,33.150001525878906,22232446,yfinance,False
2016-05-24,20.953908920288086,32.900001525878906,33.20000076293945,32.79999923706055,33.0,20419110,yfinance,False
2016-05-25,21.399738311767578,33.599998474121094,33.849998474121094,33.349998474121094,33.5,31365524,yfinance,False
2016-05-26,21.3042049407959,33.45000076293945,33.79999923706055,33.349998474121094,33.79999923706055,17969400,yfinance,False
2016-05-27,21.431581497192383,33.650001525878906,33.849998474121094,33.29999923706055,33.54999923706055,25812846,yfinance,False
2016-05-30,21.590810775756836,33.900001525878906,34.400001525878906,33.45000076293945,33.5,27023664,yfinance,False
2016-05-31,22.100326538085938,34.70000076293945,35.25,33.75,33.75,61443518,yfinance,False
2016-06-01,22.100326538085938,34.70000076293945,35.20000076293945,34.45000076293945,34.45000076293945,27486169,yfinance,False
2016-06-02,22.227703094482422,34.900001525878906,35.099998474121094,34.400001525878906,34.650001525878906,21123986,yfinance,False
2016-06-03,22.323244094848633,35.04999923706055,35.20000076293945,34.650001525878906,35.0,21615511,yfinance,False
2016-06-06,22.259553909301758,34.95000076293945,35.150001525878906,34.5,35.150001525878906,20818310,yfinance,False
2016-06-07,22.64168930053711,35.54999923706055,35.79999923706055,35.04999923706055,35.150001525878906,43547110,yfinance,False
2016-06-08,22.67353057861328,35.599998474121094,35.75,35.04999923706055,35.54999923706055,22479495,yfinance,False
2016-06-10,22.259553909301758,34.95000076293945,35.70000076293945,34.79999923706055,35.599998474121094,29006172,yfinance,False
2016-06-13,21.718189239501953,34.099998474121094,34.45000076293945,33.75,34.45000076293945,28996027,yfinance,False
2016-06-14,21.558963775634766,33.849998474121094,34.150001525878906,33.650001525878906,34.04999923706055,18032881,yfinance,False
2016-06-15,21.495271682739258,33.75,34.04999923706055,33.20000076293945,33.29999923706055,27057185,yfinance,False
2016-06-16,21.24051284790039,33.349998474121094,33.599998474121094,33.04999923706055,33.349998474121094,25544574,yfinance,False
2016-06-17,21.495271682739258,33.75,34.20000076293945,33.54999923706055,33.79999923706055,25084957,yfinance,False
2016-06-20,21.750038146972656,34.150001525878906,34.400001525878906,33.5,34.25,18868856,yfinance,False
2016-06-21,21.845565795898438,34.29999923706055,34.650001525878906,34.099998474121094,34.099998474121094,17589419,yfinance,False
2016-06-22,21.941102981567383,34.45000076293945,34.599998474121094,34.0,34.150001525878906,17478987,yfinance,False
2016-06-23,22.036636352539062,34.599998474121094,34.70000076293945,34.349998474121094,34.650001525878906,16790944,yfinance,False
2016-06-24,21.399738311767578,33.599998474121094,35.0,32.5,34.0,64438093,yfinance,False
2016-06-27,21.24051284790039,33.349998474121094,33.54999923706055,32.95000076293945,33.099998474121094,30040914,yfinance,False
2016-06-28,21.24051284790039,33.349998474121094,33.45000076293945,32.5,32.5,24766884,yfinance,False
2016-06-29,21.399738311767578,33.599998474121094,33.79999923706055,33.29999923706055,33.400001525878906,27794607,yfinance,False
2016-06-30,21.750038146972656,34.150001525878906,34.45000076293945,33.79999923706055,34.0,27841910,yfinance,False
2016-07-04,22.132171630859375,34.75,35.25,34.04999923706055,34.5,39867561,yfinance,False
2016-07-05,21.88332748413086,33.95000076293945,34.54999923706055,33.900001525878906,34.349998474121094,17194166,yfinance,False
2016-07-06,21.49658203125,33.349998474121094,33.5,33.150001525878906,33.25,30256667,yfinance,False
2016-07-07,21.561038970947266,33.45000076293945,33.650001525878906,33.150001525878906,33.45000076293945,22242691,yfinance,False
2016-07-08,21.367664337158203,33.150001525878906,33.54999923706055,33.0,33.29999923706055,20359143,yfinance,False
2016-07-11,21.786636352539062,33.79999923706055,34.099998474121094,33.599998474121094,33.650001525878906,28650778,yfinance,False
2016-07-12,22.205612182617188,34.45000076293945,34.70000076293945,33.849998474121094,34.20000076293945,47735327,yfinance,False
2016-07-13,22.527902603149414,34.95000076293945,35.29999923706055,34.5,34.79999923706055,43087372,yfinance,False
2016-07-14,22.75350570678711,35.29999923706055,35.45000076293945,34.79999923706055,35.0,40721319,yfinance,False
2016-07-15,23.591449737548828,36.599998474121094,36.79999923706055,35.400001525878906,35.45000076293945,84960317,yfinance,False
2016-07-18,23.68813705444336,36.75,36.95000076293945,36.20000076293945,36.650001525878906,31767834,yfinance,False
2016-07-19,23.269163131713867,36.099998474121094,36.79999923706055,36.04999923706055,36.650001525878906,26944763,yfinance,False
2016-07-20,23.526992797851562,36.5,36.75,36.0,36.150001525878906,24497447,yfinance,False
2016-07-21,23.526992797851562,36.5,36.900001525878906,36.400001525878906,36.5,22346270,yfinance,False
2016-07-22,23.494766235351562,36.45000076293945,36.599998474121094,36.20000076293945,36.25,16902077,yfinance,False
2016-07-25,23.3980770111084,36.29999923706055,36.650001525878906,35.95000076293945,36.5,23780113,yfinance,False
2016-07-26,23.623682022094727,36.650001525878906,37.20000076293945,35.95000076293945,35.95000076293945,36679888,yfinance,False
2016-07-27,23.84928321838379,37.0,37.54999923706055,36.400001525878906,36.70000076293945,49329090,yfinance,False
2016-07-28,23.784826278686523,36.900001525878906,37.20000076293945,36.650001525878906,37.0,25307208,yfinance,False
2016-07-29,23.3336238861084,36.20000076293945,36.95000076293945,36.150001525878906,36.900001525878906,31694416,yfinance,False
2016-08-01,23.88150978088379,37.04999923706055,37.150001525878906,36.400001525878906,36.400001525878906,36383450,yfinance,False
2016-08-02,23.88150978088379,37.04999923706055,37.04999923706055,37.04999923706055,37.04999923706055,0,yfinance,False
2016-08-03,23.2369327545166,36.04999923706055,36.599998474121094,36.04999923706055,36.349998474121094,35808591,yfinance,False
2016-08-04,23.301393508911133,36.150001525878906,36.400001525878906,36.0,36.150001525878906,15210578,yfinance,False
2016-08-05,23.655906677246094,36.70000076293945,37.0,36.20000076293945,36.20000076293945,24046016,yfinance,False
2016-08-08,24.20379638671875,37.54999923706055,37.70000076293945,37.0,37.20000076293945,32603970,yfinance,False
2016-08-09,24.171567916870117,37.5,37.599998474121094,37.099998474121094,37.599998474121094,15784542,yfinance,False
2016-08-10,24.010425567626953,37.25,37.75,37.04999923706055,37.650001525878906,20743305,yfinance,False
2016-08-11,24.52608871459961,38.04999923706055,38.650001525878906,37.150001525878906,37.29999923706055,58892134,yfinance,False
2016-08-12,25.170658111572266,39.04999923706055,39.099998474121094,38.349998474121094,38.54999923706055,61665041,yfinance,False
2016-08-15,26.13752555847168,40.54999923706055,40.70000076293945,38.900001525878906,39.04999923706055,78381695,yfinance,False
2016-08-16,25.847463607788086,40.099998474121094,41.29999923706055,40.0,40.849998474121094,60880136,yfinance,False
2016-08-17,25.589635848999023,39.70000076293945,40.400001525878906,39.400001525878906,39.75,48145722,yfinance,False
2016-08-18,26.234209060668945,40.70000076293945,41.45000076293945,40.54999923706055,40.900001525878906,68262473,yfinance,False
2016-08-19,26.45981216430664,41.04999923706055,41.349998474121094,40.29999923706055,41.04999923706055,62677679,yfinance,False
2016-08-22,26.29866600036621,40.79999923706055,41.29999923706055,40.20000076293945,41.20000076293945,42767015,yfinance,False
2016-08-23,26.234209060668945,40.70000076293945,41.349998474121094,40.54999923706055,40.70000076293945,30066609,yfinance,False
2016-08-24,25.718547821044922,39.900001525878906,41.0,39.599998474121094,40.70000076293945,45159702,yfinance,False
2016-08-25,25.783002853393555,40.0,40.400001525878906,39.45000076293945,39.70000076293945,27814777,yfinance,False
2016-08-26,25.847463607788086,40.099998474121094,40.5,39.75,40.0,18466436,yfinance,False
2016-08-29,25.65409278869629,39.79999923706055,40.099998474121094,39.45000076293945,40.099998474121094,17797959,yfinance,False
2016-08-30,26.04083824157715,40.400001525878906,40.45000076293945,39.75,40.04999923706055,27986804,yfinance,False
2016-08-31,25.87969207763672,40.150001525878906,40.599998474121094,39.95000076293945,40.400001525878906,38651365,yfinance,False
2016-09-01,26.363126754760742,40.900001525878906,41.0,39.650001525878906,39.95000076293945,38669363,yfinance,False
2016-09-02,26.8143253326416,41.599998474121094,41.849998474121094,40.79999923706055,40.95000076293945,51635668,yfinance,False
2016-09-05,27.127803802490234,41.849998474121094,42.25,41.79999923706055,42.0,47116091,yfinance,False
2016-09-06,27.451906204223633,42.349998474121094,42.45000076293945,41.54999923706055,42.20000076293945,46737326,yfinance,False
2016-09-07,27.743610382080078,42.79999923706055,43.349998474121094,42.099998474121094,42.349998474121094,59072779,yfinance,False
2016-09-08,28.067710876464844,43.29999923706055,43.45000076293945,42.849998474121094,43.0,43994118,yfinance,False
2016-09-09,27.90566635131836,43.04999923706055,44.150001525878906,43.04999923706055,43.45000076293945,70245053,yfinance,False
2016-09-12,26.933338165283203,41.54999923706055,42.0,41.400001525878906,42.0,58118307,yfinance,False
2016-09-13,26.64164161682129,41.099998474121094,42.400001525878906,41.0,42.150001525878906,29597970,yfinance,False
2016-09-14,26.512001037597656,40.900001525878906,41.349998474121094,40.70000076293945,40.70000076293945,26896765,yfinance,False
2016-09-15,26.836111068725586,41.400001525878906,41.95000076293945,41.04999923706055,41.349998474121094,34555701,yfinance,False
2016-09-19,27.3870906829834,42.25,42.70000076293945,41.650001525878906,42.0,44821968,yfinance,False
2016-09-20,27.484323501586914,42.400001525878906,42.75,41.900001525878906,42.25,32057274,yfinance,False
2016-09-21,27.646379470825195,42.650001525878906,42.650001525878906,41.900001525878906,42.5,21743844,yfinance,False
2016-09-22,27.322265625,42.150001525878906,43.400001525878906,42.0,43.150001525878906,58082573,yfinance,False
2016-09-23,26.90092658996582,41.5,42.349998474121094,41.29999923706055,42.29999923706055,50400630,yfinance,False
2016-09-26,26.57681655883789,41.0,41.70000076293945,40.849998474121094,41.04999923706055,35913995,yfinance,False
2016-09-27,26.803699493408203,41.349998474121094,41.599998474121094,40.849998474121094,41.0,29127125,yfinance,False
2016-09-28,26.512001037597656,40.900001525878906,41.5,40.349998474121094,41.45000076293945,45810778,yfinance,False
2016-09-29,26.57681655883789,41.0,41.25,40.599998474121094,41.20000076293945,19988844,yfinance,False
2016-09-30,26.05825424194336,40.20000076293945,40.650001525878906,40.0,40.349998474121094,28044186,yfinance,False
2016-10-03,26.382356643676758,40.70000076293945,41.150001525878906,40.54999923706055,40.75,14481654,yfinance,False
2016-10-04,26.544414520263672,40.95000076293945,41.099998474121094,40.54999923706055,41.0,12258202,yfinance,False
2016-10-05,26.738876342773438,41.25,41.5,40.54999923706055,40.75,16171138,yfinance,False
2016-10-06,27.160215377807617,41.900001525878906,42.20000076293945,41.099998474121094,41.099998474121094,28416286,yfinance,False
2016-10-07,27.095388412475586,41.79999923706055,41.95000076293945,41.54999923706055,41.900001525878906,15096857,yfinance,False
2016-10-11,26.67405891418457,41.150001525878906,42.29999923706055,40.75,42.29999923706055,37452370,yfinance,False
2016-10-12,26.57681655883789,41.0,41.0,40.599998474121094,40.849998474121094,24590467,yfinance,False
2016-10-13,26.123069763183594,40.29999923706055,41.0,40.20000076293945,40.650001525878906,25820102,yfinance,False
2016-10-14,26.382356643676758,40.70000076293945,40.79999923706055,40.20000076293945,40.5,18800957,yfinance,False
2016-10-17,26.05825424194336,40.20000076293945,40.349998474121094,39.900001525878906,40.099998474121094,23148142,yfinance,False
2016-10-18,26.285127639770508,40.54999923706055,40.95000076293945,40.20000076293945,40.20000076293945,23246081,yfinance,False
2016-10-19,26.187894821166992,40.400001525878906,40.75,40.29999923706055,40.54999923706055,15159820,yfinance,False
2016-10-20,26.123069763183594,40.29999923706055,40.849998474121094,40.29999923706055,40.70000076293945,10677549,yfinance,False
2016-10-21,26.123069763183594,40.29999923706055,40.29999923706055,40.29999923706055,40.29999923706055,0,yfinance,False
2016-10-24,26.382356643676758,40.70000076293945,41.04999923706055,40.04999923706055,40.20000076293945,33810728,yfinance,False
2016-10-25,26.609233856201172,41.04999923706055,41.400001525878906,40.599998474121094,41.0,27554481,yfinance,False
2016-10-26,26.349945068359375,40.650001525878906,41.0,40.54999923706055,40.75,18142679,yfinance,False
2016-10-27,26.252716064453125,40.5,40.75,40.099998474121094,40.70000076293945,21904155,yfinance,False
2016-10-28,26.31753158569336,40.599998474121094,41.29999923706055,40.599998474121094,41.0,34604768,yfinance,False
2016-10-31,26.544414520263672,40.95000076293945,41.54999923706055,40.25,40.400001525878906,27800231,yfinance,False
2016-11-01,26.96574592590332,41.599998474121094,41.900001525878906,41.099998474121094,41.099998474121094,32910187,yfinance,False
2016-11-02,26.479585647583008,40.849998474121094,41.150001525878906,40.70000076293945,41.150001525878906,20822679,yfinance,False
2016-11-03,26.349945068359375,40.650001525878906,41.150001525878906,40.54999923706055,40.54999923706055,15261821,yfinance,False
2016-11-04,26.349945068359375,40.650001525878906,40.75,40.400001525878906,40.599998474121094,16863902,yfinance,False
2016-11-07,26.609233856201172,41.04999923706055,41.349998474121094,40.79999923706055,41.0,19323562,yfinance,False
2016-11-08,26.836111068725586,41.400001525878906,41.45000076293945,41.0,41.349998474121094,19267956,yfinance,False
2016-11-09,26.02583885192871,40.150001525878906,41.599998474121094,39.29999923706055,41.599998474121094,88225918,yfinance,False
2016-11-10,26.544414520263672,40.95000076293945,41.400001525878906,40.79999923706055,41.150001525878906,31671789,yfinance,False
2016-11-11,26.349945068359375,40.650001525878906,40.95000076293945,40.099998474121094,40.70000076293945,34430972,yfinance,False
2016-11-14,26.090654373168945,40.25,40.70000076293945,40.099998474121094,40.29999923706055,30591881,yfinance,False
2016-11-15,26.414764404296875,40.75,40.900001525878906,40.20000076293945,40.20000076293945,26733170,yfinance,False
2016-11-16,26.285127639770508,40.54999923706055,41.20000076293945,40.54999923706055,41.0,23149503,yfinance,False
2016-11-17,26.187894821166992,40.400001525878906,40.900001525878906,40.29999923706055,40.5,15245659,yfinance,False
2016-11-18,26.220306396484375,40.45000076293945,40.599998474121094,40.099998474121094,40.20000076293945,14039147,yfinance,False
2016-11-21,27.095388412475586,41.79999923706055,42.150001525878906,40.20000076293945,40.45000076293945,65364512,yfinance,False
2016-11-22,27.646379470825195,42.650001525878906,42.900001525878906,42.25,42.349998474121094,53519688,yfinance,False
2016-11-23,27.5815486907959,42.54999923706055,43.0,42.25,42.95000076293945,40179929,yfinance,False
2016-11-24,27.451906204223633,42.349998474121094,42.5,42.0,42.0,27805835,yfinance,False
2016-11-25,28.035310745239258,43.25,43.29999923706055,42.29999923706055,42.29999923706055,57326294,yfinance,False
2016-11-28,28.100128173828125,43.349998474121094,43.79999923706055,43.20000076293945,43.5,59525935,yfinance,False
2016-11-29,27.87325096130371,43.0,43.349998474121094,42.70000076293945,43.20000076293945,38026892,yfinance,False
2016-11-30,27.808429718017578,42.900001525878906,43.45000076293945,42.79999923706055,43.45000076293945,25629441,yfinance,False
2016-12-01,27.678787231445312,42.70000076293945,43.150001525878906,42.54999923706055,43.04999923706055,25330289,yfinance,False
2016-12-02,27.160215377807617,41.900001525878906,42.5,41.79999923706055,42.5,31710659,yfinance,False
2016-12-05,26.836111068725586,41.400001525878906,41.900001525878906,41.150001525878906,41.75,32344183,yfinance,False
2016-12-06,26.836111068725586,41.400001525878906,42.0,41.349998474121094,41.70000076293945,31588286,yfinance,False
2016-12-07,27.160215377807617,41.900001525878906,42.25,41.650001525878906,41.849998474121094,22399768,yfinance,False
2016-12-08,27.2574405670166,42.04999923706055,42.650001525878906,41.900001525878906,42.54999923706055,21825977,yfinance,False
2016-12-09,27.419498443603516,42.29999923706055,42.849998474121094,41.849998474121094,42.0,27261673,yfinance,False
2016-12-12,27.06298828125,41.75,42.849998474121094,41.599998474121094,42.25,36068096,yfinance,False
2016-12-13,27.35468292236328,42.20000076293945,42.20000076293945,41.54999923706055,41.75,21240497,yfinance,False
2016-12-14,27.095388412475586,41.79999923706055,42.5,41.650001525878906,42.5,19854443,yfinance,False
2016-12-15,26.544414520263672,40.95000076293945,41.29999923706055,40.70000076293945,41.04999923706055,36189455,yfinance,False
2016-12-16,26.220306396484375,40.45000076293945,40.849998474121094,40.29999923706055,40.400001525878906,32084562,yfinance,False
2016-12-19,25.766555786132812,39.75,40.25,39.599998474121094,40.20000076293945,41465615,yfinance,False
2016-12-20,25.37762451171875,39.150001525878906,39.650001525878906,38.900001525878906,39.400001525878906,33876049,yfinance,False
2016-12-21,25.410030364990234,39.20000076293945,39.45000076293945,38.95000076293945,39.25,26540732,yfinance,False
2016-12-22,25.021102905273438,38.599998474121094,39.04999923706055,38.400001525878906,38.900001525878906,36642713,yfinance,False
2016-12-23,24.89146614074707,38.400001525878906,38.45000076293945,38.0,38.20000076293945,26677096,yfinance,False
2016-12-28,24.956289291381836,38.5,38.79999923706055,38.25,38.29999923706055,22198826,yfinance,False
2016-12-29,25.085926055908203,38.70000076293945,38.70000076293945,38.20000076293945,38.20000076293945,17934054,yfinance,False
2016-12-30,25.150745391845703,38.79999923706055,39.400001525878906,38.70000076293945,38.70000076293945,20208107,yfinance,False
2017-01-03,25.50726890563965,39.349998474121094,39.70000076293945,38.650001525878906,38.95000076293945,21566978,yfinance,False
2017-01-04,25.44244956970215,39.25,39.70000076293945,38.900001525878906,39.70000076293945,22023638,yfinance,False
2017-01-05,25.766555786132812,39.75,39.95000076293945,39.45000076293945,39.599998474121094,26975833,yfinance,False
2017-01-06,25.73414421081543,39.70000076293945,40.04999923706055,39.400001525878906,39.900001525878906,19558342,yfinance,False
2017-01-09,25.73414421081543,39.70000076293945,39.75,39.349998474121094,39.5,11434778,yfinance,False
2017-01-10,25.798965454101562,39.79999923706055,39.95000076293945,39.45000076293945,39.5,13249063,yfinance,False
2017-01-11,26.05825424194336,40.20000076293945,40.29999923706055,39.900001525878906,39.900001525878906,22553536,yfinance,False
2017-01-12,25.961021423339844,40.04999923706055,40.5,39.849998474121094,40.45000076293945,18611286,yfinance,False
2017-01-13,26.220306396484375,40.45000076293945,40.650001525878906,40.099998474121094,40.099998474121094,20683608,yfinance,False
2017-01-16,25.993427276611328,40.099998474121094,40.349998474121094,39.849998474121094,40.20000076293945,19285220,yfinance,False
2017-01-17,25.993427276611328,40.099998474121094,40.29999923706055,39.849998474121094,40.25,15562242,yfinance,False
2017-01-18,26.155481338500977,40.349998474121094,40.70000076293945,40.0,40.0,16030583,yfinance,False
2017-01-19,26.349945068359375,40.650001525878906,40.900001525878906,40.150001525878906,40.349998474121094,19999174,yfinance,False
2017-01-20,26.252716064453125,40.5,40.900001525878906,40.400001525878906,40.400001525878906,12458289,yfinance,False
2017-01-23,26.123069763183594,40.29999923706055,40.79999923706055,40.25,40.5,9332218,yfinance,False
2017-01-24,26.02583885192871,40.150001525878906,40.45000076293945,39.95000076293945,40.25,19003699,yfinance,False
2017-01-25,25.961021423339844,40.04999923706055,40.349998474121094,39.95000076293945,40.20000076293945,16517924,yfinance,False
2017-01-26,26.05825424194336,40.20000076293945,40.54999923706055,40.04999923706055,40.150001525878906,51839309,yfinance,False
2017-01-27,25.993427276611328,40.099998474121094,40.349998474121094,40.099998474121094,40.150001525878906,10597661,yfinance,False
2017-02-01,25.6693172454834,39.599998474121094,39.95000076293945,39.29999923706055,39.849998474121094,33668374,yfinance,False
2017-02-02,25.572086334228516,39.45000076293945,39.70000076293945,39.25,39.5,19885768,yfinance,False
2017-02-03,25.44244956970215,39.25,39.54999923706055,39.099998474121094,39.349998474121094,21504063,yfinance,False
2017-02-06,26.609233856201172,41.04999923706055,41.20000076293945,39.349998474121094,39.400001525878906,80799727,yfinance,False
2017-02-07,26.64164161682129,41.099998474121094,41.599998474121094,40.79999923706055,41.0,55284655,yfinance,False
2017-02-08,26.64164161682129,41.099998474121094,41.29999923706055,40.45000076293945,40.900001525878906,30532301,yfinance,False
2017-02-09,26.933338165283203,41.54999923706055,42.150001525878906,41.099998474121094,41.45000076293945,49653457,yfinance,False
2017-02-10,26.96574592590332,41.599998474121094,42.099998474121094,41.599998474121094,42.0,28678759,yfinance,False
2017-02-13,27.35468292236328,42.20000076293945,42.45000076293945,41.75,42.099998474121094,40024327,yfinance,False
2017-02-14,27.28986167907715,42.099998474121094,42.400001525878906,41.900001525878906,42.25,26978091,yfinance,False
2017-02-15,27.451906204223633,42.349998474121094,42.70000076293945,42.25,42.5,35697197,yfinance,False
2017-02-16,27.3870906829834,42.25,43.0,42.099998474121094,43.0,31136612,yfinance,False
2017-02-17,27.28986167907715,42.099998474121094,42.45000076293945,41.900001525878906,42.349998474121094,26666381,yfinance,False
2017-02-20,27.28986167907715,42.099998474121094,42.400001525878906,42.0,42.25,16687658,yfinance,False
2017-02-21,27.3870906829834,42.25,42.900001525878906,42.04999923706055,42.150001525878906,27405617,yfinance,False
2017-02-22,27.5815486907959,42.54999923706055,42.900001525878906,42.349998474121094,42.54999923706055,27986172,yfinance,False
2017-02-23,27.5815486907959,42.54999923706055,42.849998474121094,42.29999923706055,42.5,22249243,yfinance,False
2017-02-24,27.322265625,42.150001525878906,42.5,41.95000076293945,42.349998474121094,30990848,yfinance,False
2017-02-27,27.095388412475586,41.79999923706055,42.150001525878906,41.599998474121094,41.849998474121094,30251335,yfinance,False
2017-02-28,26.836111068725586,41.400001525878906,41.849998474121094,41.25,41.70000076293945,24478073,yfinance,False
2017-03-01,26.771284103393555,41.29999923706055,41.599998474121094,41.099998474121094,41.400001525878906,15876755,yfinance,False
2017-03-02,26.738876342773438,41.25,42.150001525878906,41.20000076293945,42.04999923706055,21680251,yfinance,False
2017-03-03,26.706464767456055,41.20000076293945,41.25,40.900001525878906,41.0,15413067,yfinance,False
2017-03-06,26.836111068725586,41.400001525878906,41.599998474121094,41.099998474121094,41.29999923706055,18207363,yfinance,False
2017-03-07,27.03056526184082,41.70000076293945,41.849998474121094,41.400001525878906,41.599998474121094,16722900,yfinance,False
2017-03-08,27.095388412475586,41.79999923706055,41.95000076293945,41.20000076293945,41.20000076293945,15733748,yfinance,False
2017-03-09,26.868518829345703,41.45000076293945,41.79999923706055,41.25,41.599998474121094,18467574,yfinance,False
2017-03-10,26.868518829345703,41.45000076293945,41.5,41.099998474121094,41.5,17973507,yfinance,False
2017-03-13,27.06298828125,41.75,42.099998474121094,41.29999923706055,41.75,25686104,yfinance,False
2017-03-14,27.192623138427734,41.95000076293945,42.150001525878906,41.70000076293945,42.099998474121094,16802232,yfinance,False
2017-03-15,27.225038528442383,42.0,42.099998474121094,41.75,41.900001525878906,16046542,yfinance,False
2017-03-16,27.87325096130371,43.0,43.04999923706055,42.400001525878906,42.54999923706055,40635445,yfinance,False
2017-03-17,27.87325096130371,43.0,43.400001525878906,42.650001525878906,43.20000076293945,53160924,yfinance,False
2017-03-20,28.132539749145508,43.400001525878906,43.400001525878906,42.900001525878906,43.400001525878906,30096866,yfinance,False
2017-03-21,28.651113510131836,44.20000076293945,44.400001525878906,43.5,43.900001525878906,66958098,yfinance,False
2017-03-22,28.035310745239258,43.25,43.75,43.25,43.400001525878906,34035042,yfinance,False
2017-03-23,28.294599533081055,43.650001525878906,44.95000076293945,43.650001525878906,44.349998474121094,60724541,yfinance,False
2017-03-24,28.424232482910156,43.849998474121094,44.54999923706055,43.650001525878906,43.75,57807222,yfinance,False
2017-03-27,28.197359085083008,43.5,44.54999923706055,43.400001525878906,43.650001525878906,41329715,yfinance,False
2017-03-28,28.391828536987305,43.79999923706055,44.099998474121094,43.599998474121094,43.900001525878906,31597563,yfinance,False
2017-03-29,28.391828536987305,43.79999923706055,44.04999923706055,43.599998474121094,44.04999923706055,26147145,yfinance,False
2017-03-30,28.553876876831055,44.04999923706055,44.150001525878906,43.599998474121094,44.0,39834893,yfinance,False
2017-03-31,28.197359085083008,43.5,44.150001525878906,43.25,44.150001525878906,35788844,yfinance,False
2017-04-03,28.067710876464844,43.29999923706055,43.900001525878906,43.0,43.79999923706055,20823925,yfinance,False
2017-04-05,28.067710876464844,43.29999923706055,43.900001525878906,42.849998474121094,43.900001525878906,40046509,yfinance,False
2017-04-06,27.87325096130371,43.0,43.29999923706055,42.79999923706055,43.20000076293945,20067441,yfinance,False
2017-04-07,27.77602195739746,42.849998474121094,42.849998474121094,42.349998474121094,42.79999923706055,28528015,yfinance,False
2017-04-10,27.549142837524414,42.5,42.95000076293945,42.400001525878906,42.849998474121094,15927141,yfinance,False
2017-04-11,27.419498443603516,42.29999923706055,42.75,41.95000076293945,42.75,33666111,yfinance,False
2017-04-12,27.549142837524414,42.5,42.5,41.849998474121094,42.400001525878906,25744681,yfinance,False
2017-04-13,27.451906204223633,42.349998474121094,42.599998474121094,42.0,42.0,22945539,yfinance,False
2017-04-18,27.225038528442383,42.0,42.70000076293945,41.900001525878906,42.599998474121094,28792576,yfinance,False
2017-04-19,27.160215377807617,41.900001525878906,42.04999923706055,41.54999923706055,42.0,21553499,yfinance,False
2017-04-20,27.2574405670166,42.04999923706055,42.150001525878906,41.650001525878906,42.0,25898702,yfinance,False
2017-04-21,27.225038528442383,42.0,42.45000076293945,41.79999923706055,42.04999923706055,20931363,yfinance,False
2017-04-24,27.484323501586914,42.400001525878906,42.650001525878906,42.150001525878906,42.400001525878906,20844073,yfinance,False
2017-04-25,28.002897262573242,43.20000076293945,43.25,42.400001525878906,42.400001525878906,25351815,yfinance,False
2017-04-26,28.229772567749023,43.54999923706055,43.95000076293945,43.349998474121094,43.45000076293945,28842811,yfinance,False
2017-04-27,28.521467208862305,44.0,44.29999923706055,43.70000076293945,44.0,37744281,yfinance,False
2017-04-28,28.391828536987305,43.79999923706055,44.70000076293945,43.70000076293945,44.70000076293945,24624704,yfinance,False
2017-05-02,28.326997756958008,43.70000076293945,44.29999923706055,43.70000076293945,43.95000076293945,20013541,yfinance,False
2017-05-04,28.229772567749023,43.54999923706055,44.04999923706055,43.349998474121094,44.04999923706055,22284562,yfinance,False
2017-05-05,27.840845108032227,42.95000076293945,43.650001525878906,42.70000076293945,43.150001525878906,31811460,yfinance,False
2017-05-08,27.938066482543945,43.099998474121094,43.45000076293945,42.650001525878906,43.099998474121094,16011805,yfinance,False
2017-05-09,28.424232482910156,43.849998474121094,43.95000076293945,43.099998474121094,43.54999923706055,22904116,yfinance,False
2017-05-10,29.493783950805664,45.5,46.099998474121094,43.900001525878906,43.95000076293945,82899928,yfinance,False
2017-05-11,29.591026306152344,45.650001525878906,46.099998474121094,45.400001525878906,45.70000076293945,34254786,yfinance,False
2017-05-12,29.850305557250977,46.04999923706055,46.70000076293945,45.5,45.650001525878906,45815293,yfinance,False
2017-05-15,30.336458206176758,46.79999923706055,47.0,46.29999923706055,46.29999923706055,33888327,yfinance,False
2017-05-16,30.40129280090332,46.900001525878906,46.95000076293945,46.150001525878906,46.95000076293945,26101465,yfinance,False
2017-05-17,30.336458206176758,46.79999923706055,46.95000076293945,46.5,46.54999923706055,26003533,yfinance,False
2017-05-18,29.882715225219727,46.099998474121094,46.599998474121094,46.0,46.0,36319233,yfinance,False
2017-05-19,30.01236343383789,46.29999923706055,46.70000076293945,46.0,46.29999923706055,17867240,yfinance,False
2017-05-22,31.243972778320312,48.20000076293945,48.349998474121094,46.5,46.95000076293945,57800592,yfinance,False
2017-05-23,31.43843650817871,48.5,49.5,48.20000076293945,48.400001525878906,72037483,yfinance,False
2017-05-24,31.43843650817871,48.5,48.650001525878906,47.75,48.5,36206758,yfinance,False
2017-05-25,32.507991790771484,50.150001525878906,50.400001525878906,48.70000076293945,48.95000076293945,69223811,yfinance,False
2017-05-26,32.410762786865234,50.0,50.900001525878906,49.70000076293945,50.0,44779314,yfinance,False
2017-05-29,32.63763427734375,50.349998474121094,50.54999923706055,49.650001525878906,50.150001525878906,43497548,yfinance,False
2017-05-31,32.378353118896484,49.95000076293945,51.79999923706055,49.900001525878906,50.0,90992142,yfinance,False
2017-06-01,32.702457427978516,50.45000076293945,50.70000076293945,50.0,50.20000076293945,38786587,yfinance,False
2017-06-02,32.864505767822266,50.70000076293945,51.099998474121094,50.20000076293945,50.400001525878906,30383530,yfinance,False
2017-06-05,32.54039764404297,50.20000076293945,51.25,49.75,51.0,28727382,yfinance,False
2017-06-06,32.96174240112305,50.849998474121094,50.849998474121094,49.849998474121094,49.95000076293945,29020982,yfinance,False
2017-06-07,32.99415588378906,50.900001525878906,51.45000076293945,50.70000076293945,50.79999923706055,24115832,yfinance,False
2017-06-08,33.70718765258789,52.0,52.5,50.599998474121094,51.25,42966623,yfinance,False
2017-06-09,33.739601135253906,52.04999923706055,52.900001525878906,51.70000076293945,52.5,52398921,yfinance,False
2017-06-12,33.383079528808594,51.5,52.95000076293945,51.29999923706055,51.900001525878906,58383512,yfinance,False
2017-06-13,33.545127868652344,51.75,52.349998474121094,51.650001525878906,51.849998474121094,36099941,yfinance,False
2017-06-14,33.22101974487305,51.25,52.04999923706055,50.70000076293945,52.04999923706055,40311480,yfinance,False
2017-06-15,32.507991790771484,50.150001525878906,51.20000076293945,49.900001525878906,51.20000076293945,44401026,yfinance,False
2017-06-16,32.507991790771484,50.150001525878906,50.849998474121094,50.150001525878906,50.650001525878906,29295840,yfinance,False
2017-06-19,33.80442428588867,52.150001525878906,52.20000076293945,50.400001525878906,50.45000076293945,47066359,yfinance,False
2017-06-20,33.642364501953125,51.900001525878906,52.900001525878906,51.650001525878906,52.849998474121094,40747847,yfinance,False
2017-06-21,33.70718765258789,52.0,52.45000076293945,51.150001525878906,51.400001525878906,44318953,yfinance,False
2017-06-22,33.86924743652344,52.25,52.900001525878906,51.79999923706055,51.79999923706055,53972332,yfinance,False
2017-06-23,33.90165328979492,52.29999923706055,52.54999923706055,51.79999923706055,52.04999923706055,26437224,yfinance,False
2017-06-26,34.42021942138672,53.099998474121094,53.150001525878906,51.95000076293945,52.0,37255882,yfinance,False
2017-06-27,34.32299041748047,52.95000076293945,53.20000076293945,52.45000076293945,53.20000076293945,26683190,yfinance,False
2017-06-28,33.70718765258789,52.0,52.849998474121094,51.95000076293945,52.400001525878906,40706592,yfinance,False
2017-06-29,33.86924743652344,52.25,52.599998474121094,51.95000076293945,52.45000076293945,29306117,yfinance,False
2017-06-30,33.35066223144531,51.45000076293945,52.0,51.29999923706055,51.650001525878906,38782627,yfinance,False
2017-07-03,34.1285285949707,52.650001525878906,52.650001525878906,51.5,51.650001525878906,36606084,yfinance,False
2017-07-04,33.642364501953125,51.900001525878906,52.79999923706055,51.20000076293945,52.79999923706055,57059244,yfinance,False
2017-07-05,34.87397766113281,53.79999923706055,54.099998474121094,51.599998474121094,51.900001525878906,60277859,yfinance,False
2017-07-06,35.230491638183594,54.349998474121094,54.79999923706055,53.75,54.400001525878906,62382863,yfinance,False
2017-07-07,35.06843948364258,54.099998474121094,54.5,53.849998474121094,54.04999923706055,38049749,yfinance,False
2017-07-10,35.522186279296875,54.79999923706055,56.25,53.95000076293945,54.0,69477960,yfinance,False
2017-07-11,36.1329345703125,55.099998474121094,55.599998474121094,54.70000076293945,55.20000076293945,54889467,yfinance,False
2017-07-12,35.968990325927734,54.849998474121094,55.849998474121094,54.54999923706055,55.150001525878906,66148333,yfinance,False
2017-07-13,36.854286193847656,56.20000076293945,56.400001525878906,55.45000076293945,55.849998474121094,65012462,yfinance,False
2017-07-14,37.51005554199219,57.20000076293945,57.20000076293945,56.0,56.45000076293945,59489298,yfinance,False
2017-07-17,38.36255645751953,58.5,59.45000076293945,57.70000076293945,57.79999923706055,94593306,yfinance,False
2017-07-18,38.526493072509766,58.75,59.54999923706055,58.04999923706055,58.25,65345704,yfinance,False
2017-07-19,38.559288024902344,58.79999923706055,59.599998474121094,58.70000076293945,58.75,36676856,yfinance,False
2017-07-20,38.49371337890625,58.70000076293945,59.20000076293945,58.20000076293945,58.849998474121094,32609734,yfinance,False
2017-07-21,37.51005554199219,57.20000076293945,58.5,56.900001525878906,58.400001525878906,50220060,yfinance,False
2017-07-24,37.90351104736328,57.79999923706055,58.29999923706055,57.0,57.0,29431714,yfinance,False
2017-07-25,37.542850494384766,57.25,58.150001525878906,57.150001525878906,57.849998474121094,22054294,yfinance,False
2017-07-26,37.51005554199219,57.20000076293945,57.95000076293945,56.400001525878906,57.25,38672586,yfinance,False
2017-07-27,37.870731353759766,57.75,58.04999923706055,56.95000076293945,57.29999923706055,33726189,yfinance,False
2017-07-28,37.51005554199219,57.20000076293945,57.45000076293945,57.04999923706055,57.099998474121094,27178254,yfinance,False
2017-07-31,38.00187683105469,57.95000076293945,58.0,57.099998474121094,57.5,27634861,yfinance,False
2017-08-01,39.54294204711914,60.29999923706055,60.400001525878906,58.04999923706055,58.04999923706055,82099132,yfinance,False
2017-08-02,39.01832962036133,59.5,60.75,59.45000076293945,60.599998474121094,55391870,yfinance,False
2017-08-03,38.723228454589844,59.04999923706055,59.900001525878906,58.849998474121094,59.099998474121094,29317954,yfinance,False
2017-08-04,38.592071533203125,58.849998474121094,59.650001525878906,58.650001525878906,59.650001525878906,22455472,yfinance,False
2017-08-07,38.723228454589844,59.04999923706055,59.349998474121094,58.70000076293945,59.0,17307116,yfinance,False
2017-08-08,38.98554611206055,59.45000076293945,59.70000076293945,58.349998474121094,59.0,30957555,yfinance,False
2017-08-09,38.39534378051758,58.54999923706055,59.599998474121094,58.45000076293945,59.20000076293945,34924633,yfinance,False
2017-08-10,37.51005554199219,57.20000076293945,58.599998474121094,56.95000076293945,58.54999923706055,41847427,yfinance,False
2017-08-11,36.7231330871582,56.0,56.599998474121094,55.650001525878906,55.70000076293945,61852688,yfinance,False
2017-08-14,37.608421325683594,57.349998474121094,57.45000076293945,56.400001525878906,56.400001525878906,30293004,yfinance,False
2017-08-15,37.73957061767578,57.54999923706055,58.650001525878906,57.400001525878906,58.04999923706055,39887143,yfinance,False
2017-08-16,38.00187683105469,57.95000076293945,58.349998474121094,57.75,58.099998474121094,27755674,yfinance,False
2017-08-17,38.91996383666992,59.349998474121094,59.349998474121094,58.150001525878906,58.650001525878906,54794897,yfinance,False
2017-08-18,39.477359771728516,60.20000076293945,61.29999923706055,59.20000076293945,60.150001525878906,101231487,yfinance,False
2017-08-21,39.7724609375,60.650001525878906,61.400001525878906,60.349998474121094,60.5,49979357,yfinance,False
2017-08-22,41.444679260253906,63.20000076293945,63.20000076293945,61.400001525878906,61.45000076293945,92213106,yfinance,False
2017-08-23,41.444679260253906,63.20000076293945,63.20000076293945,63.20000076293945,63.20000076293945,0,yfinance,False
2017-08-24,41.182369232177734,62.79999923706055,64.9000015258789,62.70000076293945,64.9000015258789,57627547,yfinance,False
2017-08-25,41.182369232177734,62.79999923706055,63.75,62.29999923706055,62.70000076293945,46659675,yfinance,False
2017-08-28,41.182369232177734,62.79999923706055,64.30000305175781,62.650001525878906,62.70000076293945,42594671,yfinance,False
2017-08-29,41.247947692871094,62.900001525878906,63.25,62.20000076293945,62.400001525878906,29786951,yfinance,False
2017-08-30,41.018428802490234,62.54999923706055,63.599998474121094,62.45000076293945,63.5,33426704,yfinance,False
2017-08-31,40.75612258911133,62.150001525878906,62.900001525878906,62.04999923706055,62.400001525878906,26986779,yfinance,False
2017-09-01,40.82169723510742,62.25,63.70000076293945,62.0,62.0,52059042,yfinance,False
2017-09-04,40.7132568359375,61.5,62.150001525878906,61.0,61.650001525878906,28254501,yfinance,False
2017-09-05,40.878753662109375,61.75,62.5,61.349998474121094,61.5,25778721,yfinance,False
2017-09-06,40.81255340576172,61.650001525878906,62.25,60.849998474121094,61.75,36383751,yfinance,False
2017-09-07,40.64704895019531,61.400001525878906,62.25,60.79999923706055,62.150001525878906,31245877,yfinance,False
2017-09-08,40.84565353393555,61.70000076293945,61.900001525878906,61.0,61.0,22003480,yfinance,False
2017-09-11,40.91185760498047,61.79999923706055,62.5,61.70000076293945,62.20000076293945,24801367,yfinance,False
2017-09-12,41.044246673583984,62.0,62.79999923706055,61.75,62.79999923706055,28203497,yfinance,False
2017-09-13,41.20975875854492,62.25,62.650001525878906,61.79999923706055,62.650001525878906,30523106,yfinance,False
2017-09-14,40.878753662109375,61.75,62.400001525878906,61.150001525878906,62.400001525878906,36787568,yfinance,False
2017-09-15,40.97804641723633,61.900001525878906,61.900001525878906,60.70000076293945,61.25,35134910,yfinance,False
2017-09-18,41.60696029663086,62.849998474121094,63.400001525878906,61.900001525878906,62.0,45340170,yfinance,False
2017-09-19,41.24284744262695,62.29999923706055,63.349998474121094,62.099998474121094,62.95000076293945,37172582,yfinance,False
2017-09-20,41.30906295776367,62.400001525878906,62.70000076293945,61.849998474121094,62.70000076293945,25296272,yfinance,False
2017-09-21,41.44145202636719,62.599998474121094,63.04999923706055,61.849998474121094,62.0,30409251,yfinance,False
2017-09-22,40.77945327758789,61.599998474121094,62.400001525878906,61.54999923706055,62.0,28959040,yfinance,False
2017-09-25,40.28295135498047,60.849998474121094,61.54999923706055,60.599998474121094,61.29999923706055,38969489,yfinance,False
2017-09-26,40.18364715576172,60.70000076293945,61.25,60.099998474121094,60.150001525878906,32304300,yfinance,False
2017-09-27,40.38225173950195,61.0,61.349998474121094,60.599998474121094,60.70000076293945,30759173,yfinance,False
2017-09-28,39.32304763793945,59.400001525878906,61.20000076293945,59.20000076293945,60.79999923706055,54799672,yfinance,False
2017-09-29,39.68714141845703,59.95000076293945,60.25,58.849998474121094,59.75,35924190,yfinance,False
2017-10-03,41.24284744262695,62.29999923706055,62.599998474121094,60.599998474121094,61.54999923706055,62376018,yfinance,False
2017-10-04,41.772457122802734,63.099998474121094,63.54999923706055,62.599998474121094,62.75,37097118,yfinance,False
2017-10-06,42.23585510253906,63.79999923706055,64.4000015258789,63.54999923706055,63.849998474121094,51258698,yfinance,False
2017-10-09,41.87175750732422,63.25,64.4000015258789,63.0,64.4000015258789,33022878,yfinance,False
2017-10-10,41.772457122802734,63.099998474121094,63.70000076293945,62.70000076293945,63.400001525878906,18688886,yfinance,False
2017-10-11,41.176658630371094,62.20000076293945,63.650001525878906,62.20000076293945,63.400001525878906,30631937,yfinance,False
2017-10-12,42.33516311645508,63.95000076293945,64.19999694824219,62.20000076293945,62.20000076293945,45164774,yfinance,False
2017-10-13,42.33516311645508,63.95000076293945,64.3499984741211,63.70000076293945,64.3499984741211,38977421,yfinance,False
2017-10-16,42.831661224365234,64.69999694824219,65.44999694824219,64.25,64.80000305175781,52604647,yfinance,False
2017-10-17,42.96406173706055,64.9000015258789,65.19999694824219,64.55000305175781,65.19999694824219,33689105,yfinance,False
2017-10-18,43.791568756103516,66.1500015258789,66.25,64.75,64.75,61180959,yfinance,False
2017-10-19,42.831661224365234,64.69999694824219,67.5999984741211,64.6500015258789,66.69999694824219,80352033,yfinance,False
2017-10-20,44.45357894897461,67.1500015258789,67.3499984741211,65.5,65.55000305175781,49597678,yfinance,False
2017-10-23,44.38737487792969,67.05000305175781,68.05000305175781,66.69999694824219,67.9000015258789,58405882,yfinance,False
2017-10-24,43.791568756103516,66.1500015258789,67.55000305175781,66.1500015258789,67.05000305175781,35314110,yfinance,False
2017-10-25,44.35426712036133,67.0,67.5999984741211,66.30000305175781,66.30000305175781,28976729,yfinance,False
2017-10-26,44.51976776123047,67.25,68.0999984741211,66.55000305175781,66.80000305175781,45909482,yfinance,False
2017-10-27,45.51277160644531,68.75,68.75,67.55000305175781,67.5999984741211,59001958,yfinance,False
2017-10-30,45.049373626708984,68.05000305175781,69.5,67.80000305175781,68.55000305175781,58449954,yfinance,False
2017-10-31,45.3472785949707,68.5,69.44999694824219,67.8499984741211,68.3499984741211,32706064,yfinance,False
2017-11-01,46.53888702392578,70.30000305175781,70.55000305175781,69.3499984741211,69.5,47941812,yfinance,False
2017-11-02,46.37338638305664,70.05000305175781,71.19999694824219,69.5999984741211,70.55000305175781,33804768,yfinance,False
2017-11-03,46.80369186401367,70.69999694824219,71.0999984741211,69.94999694824219,70.19999694824219,30551298,yfinance,False
2017-11-06,46.86989974975586,70.80000305175781,71.0999984741211,69.3499984741211,71.05000305175781,45414837,yfinance,False
2017-11-07,47.4656867980957,71.69999694824219,72.3499984741211,71.1500015258789,71.44999694824219,38497830,yfinance,False
2017-11-08,46.902992248535156,70.8499984741211,72.5999984741211,70.6500015258789,72.0,33714872,yfinance,False
2017-11-09,48.624202728271484,73.44999694824219,73.5999984741211,70.8499984741211,70.8499984741211,40456633,yfinance,False
2017-11-10,50.1799201965332,75.80000305175781,75.94999694824219,72.75,72.80000305175781,55227496,yfinance,False
2017-11-13,50.014408111572266,75.55000305175781,77.0,75.05000305175781,75.30000305175781,46484896,yfinance,False
2017-11-14,49.94820785522461,75.44999694824219,76.44999694824219,75.0999984741211,76.05000305175781,32074531,yfinance,False
2017-11-15,48.82280731201172,73.75,75.3499984741211,73.69999694824219,74.19999694824219,53135097,yfinance,False
2017-11-16,51.537017822265625,77.8499984741211,78.75,74.0,74.3499984741211,68565463,yfinance,False
2017-11-17,52.19901657104492,78.8499984741211,80.25,78.19999694824219,79.0999984741211,63744243,yfinance,False
2017-11-20,52.430721282958984,79.19999694824219,79.80000305175781,78.0999984741211,78.94999694824219,57068296,yfinance,False
2017-11-21,57.06473159790039,86.19999694824219,86.3499984741211,79.55000305175781,79.6500015258789,112853130,yfinance,False
2017-11-22,55.67454147338867,84.0999984741211,87.0999984741211,83.25,86.1500015258789,113350012,yfinance,False
2017-11-23,53.5561408996582,80.9000015258789,85.30000305175781,80.4000015258789,82.5,118436847,yfinance,False
2017-11-24,55.44284439086914,83.75,83.75,80.5,81.19999694824219,69498649,yfinance,False
2017-11-27,53.95332717895508,81.5,83.80000305175781,80.8499984741211,83.80000305175781,56111520,yfinance,False
2017-11-28,53.98643493652344,81.55000305175781,81.94999694824219,78.5,80.0,90312511,yfinance,False
2017-11-29,52.9603271484375,80.0,82.4000015258789,79.8499984741211,82.0,58240966,yfinance,False
2017-11-30,50.97431945800781,77.0,78.69999694824219,76.9000015258789,78.69999694824219,94877481,yfinance,False
2017-12-01,49.98130416870117,75.5,78.69999694824219,75.19999694824219,77.44999694824219,105419404,yfinance,False
2017-12-04,51.10671615600586,77.19999694824219,78.94999694824219,74.25,75.0,75066045,yfinance,False
2017-12-05,50.44470977783203,76.19999694824219,78.25,76.19999694824219,76.4000015258789,39817838,yfinance,False
2017-12-06,48.32630157470703,73.0,77.6500015258789,72.25,77.19999694824219,112456754,yfinance,False
2017-12-07,49.48480224609375,74.75,75.55000305175781,73.0999984741211,74.25,78324342,yfinance,False
2017-12-08,51.901123046875,78.4000015258789,78.75,75.0999984741211,75.44999694824219,80035405,yfinance,False
2017-12-11,53.85403060913086,81.3499984741211,81.5,77.5,77.5999984741211,75181079,yfinance,False
2017-12-12,52.06661605834961,78.6500015258789,81.5,78.5999984741211,81.44999694824219,62088846,yfinance,False
2017-12-13,52.62932586669922,79.5,79.80000305175781,77.6500015258789,79.0999984741211,54172960,yfinance,False
2017-12-14,52.39762496948242,79.1500015258789,80.3499984741211,78.0,80.19999694824219,43462467,yfinance,False
2017-12-15,51.239105224609375,77.4000015258789,78.55000305175781,76.8499984741211,78.0,59593466,yfinance,False
2017-12-18,51.17292404174805,77.30000305175781,78.44999694824219,76.8499984741211,78.0,36357867,yfinance,False
2017-12-19,53.324432373046875,80.55000305175781,80.9000015258789,77.8499984741211,77.9000015258789,64161424,yfinance,False
2017-12-20,53.125831604003906,80.25,81.4000015258789,79.5999984741211,80.9000015258789,43630792,yfinance,False
2017-12-21,54.61534118652344,82.5,82.55000305175781,79.6500015258789,80.30000305175781,56176205,yfinance,False
2017-12-22,54.88014602661133,82.9000015258789,83.5,82.25,82.94999694824219,41815492,yfinance,False
2017-12-27,53.5561408996582,80.9000015258789,83.19999694824219,79.80000305175781,83.19999694824219,50613715,yfinance,False
2017-12-28,54.0195426940918,81.5999984741211,81.75,79.80000305175781,81.0,33140343,yfinance,False
2017-12-29,53.85403060913086,81.3499984741211,82.19999694824219,80.6500015258789,81.8499984741211,34631530,yfinance,False
2018-01-02,56.270347595214844,85.0,85.0,81.69999694824219,81.9000015258789,60813707,yfinance,False
2018-01-03,55.47594451904297,83.80000305175781,85.8499984741211,82.9000015258789,85.69999694824219,65592801,yfinance,False
2018-01-04,55.50904083251953,83.8499984741211,84.55000305175781,82.75,83.69999694824219,57804960,yfinance,False
2018-01-05,54.449832916259766,82.25,84.6500015258789,81.55000305175781,84.6500015258789,64252548,yfinance,False
2018-01-08,54.449832916259766,82.25,82.5,80.80000305175781,82.25,50799336,yfinance,False
2018-01-09,55.806949615478516,84.30000305175781,84.5999984741211,81.5999984741211,81.9000015258789,58075701,yfinance,False
2018-01-10,55.04563522338867,83.1500015258789,84.5999984741211,82.9000015258789,84.30000305175781,37618879,yfinance,False
2018-01-11,55.310447692871094,83.55000305175781,84.05000305175781,82.0999984741211,82.5,34849555,yfinance,False
2018-01-12,57.19715881347656,86.4000015258789,86.4000015258789,83.19999694824219,83.44999694824219,57810800,yfinance,False
2018-01-15,58.388771057128906,88.19999694824219,90.0,86.94999694824219,87.75,91823923,yfinance,False
2018-01-16,60.01066589355469,90.6500015258789,91.0,88.3499984741211,88.5,59190853,yfinance,False
2018-01-17,59.64656066894531,90.0999984741211,90.75,88.80000305175781,90.0,65969962,yfinance,False
2018-01-18,61.23536682128906,92.5,93.0,90.5,91.19999694824219,84730047,yfinance,False
2018-01-19,61.764976501464844,93.30000305175781,93.4000015258789,91.6500015258789,93.0,58874776,yfinance,False
2018-01-22,63.65168762207031,96.1500015258789,96.1500015258789,92.0999984741211,93.4000015258789,72866684,yfinance,False
2018-01-23,63.817203521728516,96.4000015258789,98.8499984741211,94.55000305175781,97.5,116671408,yfinance,False
2018-01-24,62.228370666503906,94.0,95.9000015258789,93.6500015258789,95.0,95068060,yfinance,False
2018-01-25,60.70576095581055,91.69999694824219,93.94999694824219,91.4000015258789,93.6500015258789,84366492,yfinance,False
2018-01-26,61.8311767578125,93.4000015258789,94.5999984741211,91.8499984741211,92.19999694824219,67525525,yfinance,False
2018-01-29,60.01066589355469,90.6500015258789,94.44999694824219,90.19999694824219,94.05000305175781,76941073,yfinance,False
2018-01-30,59.712772369384766,90.19999694824219,91.9000015258789,89.5999984741211,89.80000305175781,70868607,yfinance,False
2018-01-31,61.33467102050781,92.6500015258789,92.9000015258789,89.1500015258789,89.1500015258789,70630755,yfinance,False
2018-02-01,60.30856704711914,91.0999984741211,92.94999694824219,90.8499984741211,92.80000305175781,48093444,yfinance,False
2018-02-02,60.04376983642578,90.69999694824219,92.30000305175781,89.6500015258789,90.69999694824219,48583359,yfinance,False
2018-02-05,59.38176727294922,89.69999694824219,90.55000305175781,86.8499984741211,86.9000015258789,88033707,yfinance,False
2018-02-06,55.84004592895508,84.3499984741211,87.0,84.0,86.0,148615864,yfinance,False
2018-02-07,55.012542724609375,83.0999984741211,87.8499984741211,83.0,87.25,106004235,yfinance,False
2018-02-08,55.21113967895508,83.4000015258789,84.19999694824219,81.5999984741211,84.0,73242081,yfinance,False
2018-02-09,52.46381759643555,79.25,80.3499984741211,77.5,80.0,140526598,yfinance,False
2018-02-12,52.596229553222656,79.44999694824219,80.75,78.75,79.94999694824219,69845818,yfinance,False
2018-02-13,54.51604080200195,82.3499984741211,83.3499984741211,81.0999984741211,81.30000305175781,81584718,yfinance,False
2018-02-14,55.7076416015625,84.1500015258789,85.44999694824219,83.0,83.69999694824219,50225909,yfinance,False
2018-02-15,57.495052337646484,86.8499984741211,87.19999694824219,85.80000305175781,86.0,44049514,yfinance,False
2018-02-20,56.336544036865234,85.0999984741211,86.94999694824219,84.75,86.19999694824219,46383666,yfinance,False
2018-02-21,57.329551696777344,86.5999984741211,87.05000305175781,85.1500015258789,85.69999694824219,38427394,yfinance,False
2018-02-22,56.369651794433594,85.1500015258789,86.44999694824219,85.0,85.55000305175781,46641530,yfinance,False
2018-02-23,56.766849517822266,85.75,86.75,85.55000305175781,86.19999694824219,31827117,yfinance,False
2018-02-26,57.594356536865234,87.0,87.1500015258789,85.75,86.5999984741211,38732273,yfinance,False
2018-02-27,56.50204849243164,85.3499984741211,87.80000305175781,84.9000015258789,87.5,53006183,yfinance,False
2018-02-28,55.24424362182617,83.44999694824219,84.5999984741211,82.75,84.44999694824219,60367036,yfinance,False
2018-03-01,56.07173156738281,84.69999694824219,84.80000305175781,81.9000015258789,82.4000015258789,41369886,yfinance,False
2018-03-02,54.747745513916016,82.69999694824219,83.25,82.05000305175781,82.75,42240317,yfinance,False
2018-03-05,53.35752487182617,80.5999984741211,83.19999694824219,80.44999694824219,83.0,45927391,yfinance,False
2018-03-06,55.27734375,83.5,83.75,81.30000305175781,82.19999694824219,43174689,yfinance,False
2018-03-07,54.11883544921875,81.75,83.75,81.4000015258789,82.9000015258789,39136301,yfinance,False
2018-03-08,55.60834503173828,84.0,85.0999984741211,82.19999694824219,83.0,46933816,yfinance,False
2018-03-09,55.972442626953125,84.55000305175781,85.5,84.3499984741211,84.5999984741211,34839804,yfinance,False
2018-03-12,57.46195602416992,86.80000305175781,86.9000015258789,85.80000305175781,86.5,42490948,yfinance,False
2018-03-13,57.19715881347656,86.4000015258789,87.1500015258789,85.5,86.69999694824219,34139019,yfinance,False
2018-03-14,56.932342529296875,86.0,86.05000305175781,84.55000305175781,85.0999984741211,26660612,yfinance,False
2018-03-15,58.8852653503418,88.94999694824219,89.30000305175781,85.05000305175781,85.30000305175781,70543033,yfinance,False
2018-03-16,59.34865188598633,89.6500015258789,90.9000015258789,88.05000305175781,88.44999694824219,76085418,yfinance,False
2018-03-19,60.573368072509766,91.5,92.1500015258789,88.75,88.8499984741211,66239580,yfinance,False
2018-03-20,60.40787887573242,91.25,92.05000305175781,89.4000015258789,90.30000305175781,58072583,yfinance,False
2018-03-21,58.454959869384766,88.30000305175781,94.80000305175781,88.30000305175781,94.44999694824219,134689548,yfinance,False
2018-03-22,58.0577507019043,87.69999694824219,90.5999984741211,86.94999694824219,89.94999694824219,83009614,yfinance,False
2018-03-23,55.90624237060547,84.44999694824219,85.0,83.0,84.0999984741211,124139719,yfinance,False
2018-03-26,55.60834503173828,84.0,84.5999984741211,81.55000305175781,84.5999984741211,94005101,yfinance,False
2018-03-27,55.310447692871094,83.55000305175781,85.94999694824219,83.4000015258789,85.5999984741211,90952906,yfinance,False
2018-03-28,53.059627532958984,80.1500015258789,83.19999694824219,80.0999984741211,83.0,103159837,yfinance,False
2018-03-29,52.82793045043945,79.80000305175781,81.3499984741211,78.30000305175781,80.69999694824219,107785230,yfinance,False
2018-04-03,53.291324615478516,80.5,81.0999984741211,78.0,79.44999694824219,69564152,yfinance,False
2018-04-04,52.265220642089844,78.94999694824219,81.25,78.9000015258789,80.9000015258789,48589660,yfinance,False
2018-04-06,52.62932586669922,79.5,80.55000305175781,78.8499984741211,79.69999694824219,36913195,yfinance,False
2018-04-09,53.225128173828125,80.4000015258789,81.3499984741211,79.30000305175781,80.25,44649499,yfinance,False
2018-04-10,55.90624237060547,84.44999694824219,84.5999984741211,80.3499984741211,80.5,87215750,yfinance,False
2018-04-11,56.005550384521484,84.5999984741211,85.4000015258789,83.5999984741211,84.80000305175781,65543309,yfinance,False
2018-04-12,55.77384948730469,84.25,85.4000015258789,83.69999694824219,85.4000015258789,39087634,yfinance,False
2018-04-13,55.575225830078125,83.94999694824219,85.30000305175781,83.94999694824219,84.9000015258789,37380342,yfinance,False
2018-04-16,54.48294448852539,82.30000305175781,84.0,81.55000305175781,84.0,42855841,yfinance,False
2018-04-17,53.655426025390625,81.05000305175781,82.94999694824219,80.94999694824219,82.44999694824219,55406498,yfinance,False
2018-04-18,53.523033142089844,80.8499984741211,82.69999694824219,80.0,82.5999984741211,63971738,yfinance,False
2018-04-19,54.11883544921875,81.75,82.4000015258789,81.0,81.80000305175781,42687848,yfinance,False
2018-04-20,53.95332717895508,81.5,83.0,81.19999694824219,82.0,48294397,yfinance,False
2018-04-23,54.31743621826172,82.05000305175781,83.30000305175781,81.25,81.9000015258789,39310021,yfinance,False
2018-04-24,55.11183547973633,83.25,83.9000015258789,82.44999694824219,82.69999694824219,37322771,yfinance,False
2018-04-25,54.05263137817383,81.6500015258789,82.94999694824219,81.6500015258789,82.94999694824219,39218451,yfinance,False
2018-04-26,52.00043487548828,78.55000305175781,82.4000015258789,78.05000305175781,82.19999694824219,100900764,yfinance,False
2018-04-27,50.841915130615234,76.80000305175781,79.1500015258789,75.0,78.80000305175781,154991072,yfinance,False
2018-04-30,51.33841323852539,77.55000305175781,78.25,76.9000015258789,77.55000305175781,48212225,yfinance,False
2018-05-02,50.77570724487305,76.69999694824219,78.05000305175781,76.0999984741211,78.0,61304535,yfinance,False
2018-05-03,50.08060836791992,75.6500015258789,75.80000305175781,74.55000305175781,75.5,74675793,yfinance,False
2018-05-04,49.551002502441406,74.8499984741211,76.0,74.5,76.0,42831858,yfinance,False
2018-05-07,49.584102630615234,74.9000015258789,75.75,73.69999694824219,75.44999694824219,31297771,yfinance,False
2018-05-08,50.70952224731445,76.5999984741211,77.44999694824219,75.0,75.0,58189406,yfinance,False
2018-05-09,50.94121551513672,76.94999694824219,77.55000305175781,76.4000015258789,77.4000015258789,30567855,yfinance,False
2018-05-10,51.20602035522461,77.3499984741211,77.55000305175781,76.9000015258789,77.30000305175781,28945411,yfinance,False
2018-05-11,51.570125579833984,77.9000015258789,78.55000305175781,77.69999694824219,78.4000015258789,53805910,yfinance,False
2018-05-14,52.430721282958984,79.19999694824219,80.0999984741211,79.0,79.0,57963552,yfinance,False
2018-05-15,52.23211669921875,78.9000015258789,80.0999984741211,78.5999984741211,79.55000305175781,35870463,yfinance,False
2018-05-16,52.265220642089844,78.94999694824219,79.44999694824219,78.30000305175781,78.75,39139039,yfinance,False
2018-05-17,52.03352355957031,78.5999984741211,79.69999694824219,77.9000015258789,79.69999694824219,33906745,yfinance,False
2018-05-18,51.83492660522461,78.30000305175781,78.8499984741211,77.55000305175781,78.5999984741211,39694452,yfinance,False
2018-05-21,51.901123046875,78.4000015258789,79.5999984741211,78.1500015258789,79.0,33711294,yfinance,False
2018-05-23,51.503929138183594,77.80000305175781,78.8499984741211,77.5999984741211,78.8499984741211,53775080,yfinance,False
2018-05-24,51.60322952270508,77.94999694824219,78.55000305175781,77.3499984741211,78.55000305175781,28076571,yfinance,False
2018-05-25,51.4708137512207,77.75,78.19999694824219,77.3499984741211,78.0,27255233,yfinance,False
2018-05-28,51.73561477661133,78.1500015258789,78.80000305175781,77.55000305175781,78.30000305175781,30189119,yfinance,False
2018-05-29,51.239105224609375,77.4000015258789,77.9000015258789,77.05000305175781,77.80000305175781,27689471,yfinance,False
2018-05-30,50.57711410522461,76.4000015258789,76.8499984741211,75.4000015258789,76.5,42713676,yfinance,False
2018-05-31,50.90811538696289,76.9000015258789,77.4000015258789,76.30000305175781,77.1500015258789,50056889,yfinance,False
2018-06-01,51.20602035522461,77.3499984741211,78.30000305175781,77.19999694824219,77.4000015258789,44158082,yfinance,False
2018-06-04,52.09972381591797,78.69999694824219,79.25,78.1500015258789,78.19999694824219,56134861,yfinance,False
2018-06-05,52.62932586669922,79.5,80.3499984741211,78.9000015258789,79.0,65096104,yfinance,False
2018-06-06,52.530033111572266,79.3499984741211,80.19999694824219,79.1500015258789,80.19999694824219,32581664,yfinance,False
2018-06-07,53.66136932373047,79.55000305175781,80.44999694824219,78.75,78.8499984741211,68834897,yfinance,False
2018-06-08,52.95307540893555,78.5,79.8499984741211,78.0,79.8499984741211,40095028,yfinance,False
2018-06-11,53.12171936035156,78.75,79.4000015258789,78.30000305175781,78.5,25850415,yfinance,False
2018-06-12,53.290348052978516,79.0,79.75,78.25,79.0,27954377,yfinance,False
2018-06-13,52.986812591552734,78.55000305175781,79.0,78.0999984741211,78.94999694824219,30547355,yfinance,False
2018-06-14,53.3240852355957,79.05000305175781,80.4000015258789,78.5,78.69999694824219,54744171,yfinance,False
2018-06-15,53.458980560302734,79.25,79.9000015258789,78.9000015258789,79.30000305175781,35473117,yfinance,False
2018-06-19,52.008689880371094,77.0999984741211,78.44999694824219,76.4000015258789,78.25,81524402,yfinance,False
2018-06-20,51.80632781982422,76.80000305175781,77.5999984741211,75.80000305175781,77.0,53914057,yfinance,False
2018-06-21,51.33413314819336,76.0999984741211,77.1500015258789,75.55000305175781,76.19999694824219,40147657,yfinance,False
2018-06-22,51.030574798583984,75.6500015258789,75.80000305175781,74.94999694824219,75.55000305175781,48648541,yfinance,False
2018-06-25,50.25482177734375,74.5,75.8499984741211,73.80000305175781,75.25,63445923,yfinance,False
2018-06-26,49.51280212402344,73.4000015258789,74.30000305175781,72.05000305175781,73.5999984741211,94165994,yfinance,False
2018-06-27,48.43351364135742,71.80000305175781,73.44999694824219,71.30000305175781,73.30000305175781,86639711,yfinance,False
2018-06-28,48.062503814697266,71.25,71.8499984741211,70.30000305175781,71.80000305175781,87588117,yfinance,False
2018-06-29,48.703338623046875,72.19999694824219,72.55000305175781,70.6500015258789,70.6500015258789,60596449,yfinance,False
2018-07-03,47.725223541259766,70.75,70.9000015258789,68.69999694824219,70.9000015258789,103247525,yfinance,False
2018-07-04,47.11812210083008,69.8499984741211,71.30000305175781,69.1500015258789,71.05000305175781,55339993,yfinance,False
2018-07-05,46.84828567504883,69.44999694824219,70.30000305175781,67.94999694824219,69.8499984741211,49527493,yfinance,False
2018-07-06,47.01693344116211,69.69999694824219,70.6500015258789,68.6500015258789,69.75,45848868,yfinance,False
2018-07-09,47.860130310058594,70.94999694824219,72.0999984741211,70.5999984741211,71.0,52263346,yfinance,False
2018-07-10,47.96132278442383,71.0999984741211,72.3499984741211,71.0999984741211,71.94999694824219,32881238,yfinance,False
2018-07-11,47.4891242980957,70.4000015258789,70.44999694824219,69.0,69.0,37229653,yfinance,False
2018-07-12,47.860130310058594,70.94999694824219,71.8499984741211,70.0999984741211,70.5,37346035,yfinance,False
2018-07-13,47.82640838623047,70.9000015258789,72.3499984741211,70.9000015258789,71.94999694824219,30849725,yfinance,False
2018-07-16,47.657772064208984,70.6500015258789,71.5999984741211,69.9000015258789,71.0999984741211,24610423,yfinance,False
2018-07-17,47.32048416137695,70.1500015258789,71.0,69.6500015258789,70.25,32969759,yfinance,False
2018-07-18,47.45539093017578,70.3499984741211,71.4000015258789,70.1500015258789,70.69999694824219,29313981,yfinance,False
2018-07-19,47.4891242980957,70.4000015258789,71.5999984741211,70.3499984741211,71.0,44989301,yfinance,False
2018-07-20,48.26487731933594,71.55000305175781,72.3499984741211,69.44999694824219,70.0999984741211,68348219,yfinance,False
2018-07-23,48.29860305786133,71.5999984741211,72.3499984741211,71.19999694824219,71.80000305175781,38254507,yfinance,False
2018-07-24,49.47908401489258,73.3499984741211,74.05000305175781,71.75,71.9000015258789,72465736,yfinance,False
2018-07-25,50.052459716796875,74.19999694824219,74.75,73.75,74.75,50793549,yfinance,False
2018-07-26,49.91754913330078,74.0,75.0,73.25,74.9000015258789,42750161,yfinance,False
2018-07-27,49.71517562866211,73.69999694824219,74.5,73.30000305175781,74.5,27316761,yfinance,False
2018-07-30,49.74891662597656,73.75,74.25,73.19999694824219,73.30000305175781,25043953,yfinance,False
2018-07-31,49.10807800292969,72.80000305175781,73.5,72.5999984741211,73.3499984741211,32455608,yfinance,False
2018-08-01,48.80451965332031,72.3499984741211,74.0999984741211,71.80000305175781,73.5999984741211,33990729,yfinance,False
2018-08-02,47.42167282104492,70.30000305175781,71.9000015258789,69.55000305175781,71.5,68188625,yfinance,False
2018-08-03,47.2867546081543,70.0999984741211,71.0,69.5,71.0,38228215,yfinance,False
2018-08-06,47.21929168701172,70.0,71.1500015258789,69.5999984741211,70.75,29058391,yfinance,False
2018-08-07,47.893863677978516,71.0,71.55000305175781,69.8499984741211,70.0,33158825,yfinance,False
2018-08-08,47.893863677978516,71.0,72.0,70.6500015258789,72.0,23230351,yfinance,False
2018-08-09,48.83824920654297,72.4000015258789,73.44999694824219,70.0,70.05000305175781,48864590,yfinance,False
2018-08-10,48.53469467163086,71.94999694824219,73.25,71.55000305175781,72.0999984741211,24767445,yfinance,False
2018-08-13,47.96132278442383,71.0999984741211,71.5,70.25,71.4000015258789,27774727,yfinance,False
2018-08-14,47.45539093017578,70.3499984741211,71.44999694824219,69.4000015258789,71.3499984741211,31100326,yfinance,False
2018-08-15,46.40982437133789,68.80000305175781,70.3499984741211,67.94999694824219,70.0999984741211,65562485,yfinance,False
2018-08-16,46.17372512817383,68.44999694824219,69.80000305175781,67.1500015258789,67.69999694824219,48872684,yfinance,False
2018-08-17,46.342369079589844,68.69999694824219,70.0,68.0999984741211,69.5,32317627,yfinance,False
2018-08-20,46.78083801269531,69.3499984741211,69.9000015258789,68.30000305175781,69.0,40051221,yfinance,False
2018-08-21,47.45539093017578,70.3499984741211,71.4000015258789,69.80000305175781,70.25,61417910,yfinance,False
2018-08-22,49.10807800292969,72.80000305175781,73.8499984741211,72.19999694824219,72.94999694824219,112667150,yfinance,False
2018-08-23,49.98500061035156,74.0999984741211,74.6500015258789,73.5999984741211,74.0,72409881,yfinance,False
2018-08-24,49.78263473510742,73.80000305175781,74.6500015258789,73.30000305175781,73.5999984741211,43368952,yfinance,False
2018-08-27,50.9631233215332,75.55000305175781,76.1500015258789,74.9000015258789,75.0,50575324,yfinance,False
2018-08-28,51.030574798583984,75.6500015258789,76.9000015258789,74.94999694824219,76.80000305175781,43086694,yfinance,False
2018-08-29,51.19921875,75.9000015258789,76.19999694824219,75.30000305175781,76.19999694824219,29785230,yfinance,False
2018-08-30,51.43531036376953,76.25,77.0999984741211,76.19999694824219,76.80000305175781,56680496,yfinance,False
2018-08-31,50.99684143066406,75.5999984741211,76.0999984741211,74.55000305175781,75.0,42449067,yfinance,False
2018-09-03,51.16548156738281,75.8499984741211,75.9000015258789,75.1500015258789,75.9000015258789,32319840,yfinance,False
2018-09-04,51.80632781982422,76.80000305175781,77.69999694824219,75.4000015258789,75.9000015258789,36934857,yfinance,False
2018-09-05,51.266666412353516,76.0,77.5,75.4000015258789,76.80000305175781,61567788,yfinance,False
2018-09-06,50.999176025390625,74.9000015258789,75.80000305175781,73.9000015258789,75.4000015258789,55282720,yfinance,False
2018-09-07,50.76087188720703,74.55000305175781,76.1500015258789,73.9000015258789,73.9000015258789,46946749,yfinance,False
2018-09-10,50.216163635253906,73.75,74.94999694824219,73.19999694824219,74.8499984741211,41687090,yfinance,False
2018-09-11,49.87570571899414,73.25,74.44999694824219,72.9000015258789,73.75,32299825,yfinance,False
2018-09-12,49.1948127746582,72.25,73.30000305175781,71.8499984741211,73.30000305175781,42372264,yfinance,False
2018-09-13,50.522560119628906,74.19999694824219,75.25,73.25,74.0,59660758,yfinance,False
2018-09-14,51.16941833496094,75.1500015258789,75.5999984741211,74.44999694824219,74.94999694824219,41609683,yfinance,False
2018-09-17,50.76087188720703,74.55000305175781,74.94999694824219,73.75,74.69999694824219,22939673,yfinance,False
2018-09-18,51.30559158325195,75.3499984741211,75.80000305175781,73.9000015258789,74.44999694824219,31291433,yfinance,False
2018-09-19,52.53119659423828,77.1500015258789,77.94999694824219,75.69999694824219,75.94999694824219,78957710,yfinance,False
2018-09-20,52.80356979370117,77.55000305175781,78.4000015258789,77.3499984741211,78.30000305175781,40593881,yfinance,False
2018-09-21,53.722774505615234,78.9000015258789,79.5,78.1500015258789,78.5,56415168,yfinance,False
2018-09-24,53.416351318359375,78.44999694824219,78.69999694824219,77.5999984741211,78.19999694824219,34078319,yfinance,False
2018-09-26,53.89299774169922,79.1500015258789,80.5,78.5999984741211,78.5999984741211,70986009,yfinance,False
2018-09-27,53.688724517822266,78.8499984741211,80.0999984741211,78.5,80.0,34554451,yfinance,False
2018-09-28,54.13132095336914,79.5,80.1500015258789,79.30000305175781,79.5999984741211,33094235,yfinance,False
2018-10-02,52.633338928222656,77.30000305175781,80.25,76.69999694824219,80.25,59123033,yfinance,False
2018-10-03,52.633338928222656,77.30000305175781,78.55000305175781,76.5999984741211,76.5999984741211,25783665,yfinance,False
2018-10-04,52.12266540527344,76.55000305175781,76.8499984741211,76.05000305175781,76.8499984741211,30026544,yfinance,False
2018-10-05,52.08861541748047,76.5,76.6500015258789,75.5,76.0999984741211,39240812,yfinance,False
2018-10-08,50.89704895019531,74.75,77.25,74.44999694824219,77.1500015258789,54551794,yfinance,False
2018-10-09,50.79491424560547,74.5999984741211,75.3499984741211,74.19999694824219,74.4000015258789,29939260,yfinance,False
2018-10-10,50.89704895019531,74.75,75.8499984741211,74.69999694824219,75.0,28163147,yfinance,False
2018-10-11,49.09267044067383,72.0999984741211,72.69999694824219,71.30000305175781,71.6500015258789,89614143,yfinance,False
2018-10-12,50.182106018066406,73.69999694824219,74.44999694824219,72.0999984741211,72.0999984741211,44723043,yfinance,False
2018-10-15,49.87570571899414,73.25,74.05000305175781,72.6500015258789,73.0,31214577,yfinance,False
2018-10-16,49.90974426269531,73.30000305175781,74.75,73.0,73.19999694824219,31306490,yfinance,False
2018-10-18,49.50120544433594,72.69999694824219,73.6500015258789,71.80000305175781,73.5,37436038,yfinance,False
2018-10-19,50.42041778564453,74.05000305175781,74.94999694824219,71.94999694824219,72.69999694824219,49621352,yfinance,False
2018-10-22,52.08861541748047,76.5,77.80000305175781,75.0999984741211,75.0999984741211,78467897,yfinance,False
2018-10-23,51.680084228515625,75.9000015258789,77.19999694824219,74.75,76.94999694824219,42805247,yfinance,False
2018-10-24,51.680084228515625,75.9000015258789,76.94999694824219,75.0999984741211,76.3499984741211,35500623,yfinance,False
2018-10-25,51.33964157104492,75.4000015258789,75.69999694824219,73.3499984741211,74.4000015258789,46629033,yfinance,False
2018-10-26,50.65874099731445,74.4000015258789,75.30000305175781,73.1500015258789,75.1500015258789,54332804,yfinance,False
2018-10-29,49.53525924682617,72.75,74.75,71.9000015258789,74.5,65871338,yfinance,False
2018-10-30,49.399078369140625,72.55000305175781,74.05000305175781,71.5,71.75,76319297,yfinance,False
2018-10-31,50.284244537353516,73.8499984741211,74.1500015258789,72.80000305175781,73.80000305175781,44443379,yfinance,False
2018-11-01,51.033233642578125,74.94999694824219,75.69999694824219,74.4000015258789,74.80000305175781,37309402,yfinance,False
2018-11-02,53.82490921020508,79.05000305175781,79.0999984741211,76.8499984741211,77.44999694824219,100291964,yfinance,False
2018-11-05,53.1099739074707,78.0,78.80000305175781,77.0,78.80000305175781,38437445,yfinance,False
2018-11-06,53.55253982543945,78.6500015258789,78.9000015258789,77.6500015258789,78.4000015258789,31036957,yfinance,False
2018-11-07,53.484466552734375,78.55000305175781,79.9000015258789,78.0999984741211,79.0,39832660,yfinance,False
2018-11-08,53.58659744262695,78.69999694824219,80.0999984741211,78.19999694824219,80.0,41753363,yfinance,False
2018-11-09,52.53119659423828,77.1500015258789,78.0999984741211,76.6500015258789,77.69999694824219,32234830,yfinance,False
2018-11-12,52.29289245605469,76.80000305175781,77.5999984741211,76.19999694824219,76.94999694824219,21373548,yfinance,False
2018-11-13,52.701419830322266,77.4000015258789,77.5999984741211,74.5,74.55000305175781,29906783,yfinance,False
2018-11-14,52.12266540527344,76.55000305175781,78.19999694824219,76.0,78.19999694824219,29961932,yfinance,False
2018-11-15,52.49715805053711,77.0999984741211,77.5,76.05000305175781,76.8499984741211,24430844,yfinance,False
2018-11-16,52.39502716064453,76.94999694824219,77.5,76.5,77.1500015258789,30688730,yfinance,False
2018-11-19,52.29289245605469,76.80000305175781,77.5,76.4000015258789,77.0999984741211,27894085,yfinance,False
2018-11-20,51.203453063964844,75.19999694824219,76.05000305175781,74.8499984741211,75.5,42601191,yfinance,False
2018-11-21,51.27154541015625,75.30000305175781,75.4000015258789,73.94999694824219,73.94999694824219,35966481,yfinance,False
2018-11-22,50.999176025390625,74.9000015258789,75.5,74.19999694824219,75.5,28283986,yfinance,False
2018-11-23,50.692771911621094,74.44999694824219,75.0,74.0999984741211,74.4000015258789,15466105,yfinance,False
2018-11-26,51.27154541015625,75.30000305175781,75.75,74.4000015258789,74.94999694824219,21766468,yfinance,False
2018-11-27,51.23749542236328,75.25,75.8499984741211,74.5999984741211,74.5999984741211,30488066,yfinance,False
2018-11-28,51.78221130371094,76.05000305175781,76.19999694824219,75.0999984741211,75.80000305175781,31896792,yfinance,False
2018-11-29,51.611995697021484,75.80000305175781,77.0999984741211,75.44999694824219,77.0,22442482,yfinance,False
2018-11-30,51.54389572143555,75.69999694824219,76.30000305175781,75.3499984741211,75.3499984741211,29471445,yfinance,False
2018-12-03,52.80356979370117,77.55000305175781,78.3499984741211,77.1500015258789,78.0,57290117,yfinance,False
2018-12-04,53.00782775878906,77.8499984741211,77.8499984741211,77.1500015258789,77.75,32766048,yfinance,False
2018-12-05,52.76951217651367,77.5,77.69999694824219,76.69999694824219,77.0,29316271,yfinance,False
2018-12-06,51.7481689453125,76.0,76.3499984741211,75.05000305175781,76.0,43184881,yfinance,False
2018-12-07,51.0672721862793,75.0,76.1500015258789,74.8499984741211,75.5999984741211,42252715,yfinance,False
2018-12-10,50.45446014404297,74.0999984741211,74.25,73.19999694824219,74.0,36196892,yfinance,False
2018-12-11,50.01188278198242,73.44999694824219,73.80000305175781,72.94999694824219,73.44999694824219,39941452,yfinance,False
2018-12-12,50.62469482421875,74.3499984741211,74.5999984741211,73.94999694824219,74.30000305175781,27234375,yfinance,False
2018-12-13,51.16941833496094,75.1500015258789,75.75,74.55000305175781,74.80000305175781,28078027,yfinance,False
2018-12-14,50.42041778564453,74.05000305175781,74.5,73.80000305175781,74.5,26865448,yfinance,False
2018-12-17,49.94379425048828,73.3499984741211,74.05000305175781,73.0999984741211,73.80000305175781,30257900,yfinance,False
2018-12-18,49.87570571899414,73.25,73.6500015258789,72.55000305175781,72.69999694824219,22653745,yfinance,False
2018-12-19,49.63739013671875,72.9000015258789,73.44999694824219,72.3499984741211,72.94999694824219,28287734,yfinance,False
2018-12-20,48.54795455932617,71.30000305175781,72.75,70.9000015258789,72.3499984741211,51972622,yfinance,False
2018-12-21,48.003238677978516,70.5,70.75,69.05000305175781,70.5,68142622,yfinance,False
2018-12-24,47.696842193603516,70.05000305175781,70.05000305175781,69.25,70.0,18466511,yfinance,False
2018-12-27,47.049983978271484,69.0999984741211,71.0,68.5999984741211,70.5999984741211,40406252,yfinance,False
2018-12-28,46.60739517211914,68.44999694824219,69.69999694824219,68.3499984741211,69.0999984741211,32109398,yfinance,False
2018-12-31,47.08403015136719,69.1500015258789,69.69999694824219,68.69999694824219,69.1500015258789,23252936,yfinance,False
2019-01-02,45.994598388671875,67.55000305175781,69.0,67.0,68.5,40180951,yfinance,False
2019-01-03,45.620094299316406,67.0,67.80000305175781,66.30000305175781,67.0,44994636,yfinance,False
2019-01-04,45.72222900390625,67.1500015258789,67.44999694824219,65.94999694824219,66.80000305175781,82591828,yfinance,False
2019-01-07,45.85840606689453,67.3499984741211,68.75,67.1500015258789,68.6500015258789,32192976,yfinance,False
2019-01-08,45.31369400024414,66.55000305175781,67.44999694824219,66.30000305175781,67.05000305175781,35619949,yfinance,False
2019-01-09,46.36908721923828,68.0999984741211,68.8499984741211,67.4000015258789,67.44999694824219,46184248,yfinance,False
2019-01-10,47.049983978271484,69.0999984741211,69.9000015258789,67.69999694824219,68.6500015258789,43802601,yfinance,False
2019-01-11,47.356388092041016,69.55000305175781,70.3499984741211,69.19999694824219,69.80000305175781,33591697,yfinance,False
2019-01-14,46.947845458984375,68.94999694824219,69.6500015258789,68.69999694824219,69.0,24894474,yfinance,False
2019-01-15,47.86705780029297,70.30000305175781,70.94999694824219,69.4000015258789,69.69999694824219,34492641,yfinance,False
2019-01-16,48.30963897705078,70.94999694824219,71.25,69.94999694824219,70.75,24208932,yfinance,False
2019-01-17,48.44581604003906,71.1500015258789,72.3499984741211,71.0,72.05000305175781,35639121,yfinance,False
2019-01-18,48.92244338989258,71.8499984741211,72.4000015258789,71.55000305175781,71.9000015258789,31541820,yfinance,False
2019-01-21,49.4331169128418,72.5999984741211,73.4000015258789,72.0,72.0,34894018,yfinance,False
2019-01-22,49.1948127746582,72.25,72.8499984741211,71.5,72.5,26572813,yfinance,False
2019-01-23,48.78627014160156,71.6500015258789,72.44999694824219,71.4000015258789,72.0,25120413,yfinance,False
2019-01-24,49.1948127746582,72.25,72.55000305175781,71.25,71.80000305175781,23205024,yfinance,False
2019-01-25,49.97782897949219,73.4000015258789,73.80000305175781,72.55000305175781,73.0,38090584,yfinance,False
2019-01-28,50.25019836425781,73.80000305175781,74.8499984741211,73.69999694824219,74.1500015258789,32075163,yfinance,False
2019-01-29,50.045928955078125,73.5,74.0999984741211,73.05000305175781,73.80000305175781,33357469,yfinance,False
2019-01-30,50.35232925415039,73.94999694824219,74.6500015258789,73.0,73.44999694824219,31556795,yfinance,False
2019-01-31,51.680084228515625,75.9000015258789,76.30000305175781,74.80000305175781,75.0,78444969,yfinance,False
2019-02-01,52.22479248046875,76.69999694824219,77.80000305175781,76.69999694824219,77.5999984741211,53078603,yfinance,False
2019-02-04,52.22479248046875,76.69999694824219,77.25,76.4000015258789,77.05000305175781,12212541,yfinance,False
2019-02-08,52.020538330078125,76.4000015258789,76.80000305175781,75.0999984741211,75.69999694824219,33854905,yfinance,False
2019-02-11,52.667381286621094,77.3499984741211,77.8499984741211,76.3499984741211,76.69999694824219,30288338,yfinance,False
2019-02-12,52.735469818115234,77.44999694824219,77.8499984741211,77.0999984741211,77.69999694824219,23597828,yfinance,False
2019-02-13,53.17805099487305,78.0999984741211,78.1500015258789,77.1500015258789,77.1500015258789,34247003,yfinance,False
2019-02-14,53.14400863647461,78.05000305175781,78.44999694824219,77.5999984741211,78.30000305175781,21858911,yfinance,False
2019-02-15,52.020538330078125,76.4000015258789,77.75,75.8499984741211,77.55000305175781,33313498,yfinance,False
2019-02-18,52.93973922729492,77.75,78.19999694824219,77.1500015258789,77.1500015258789,30247502,yfinance,False
2019-02-19,53.1099739074707,78.0,79.44999694824219,77.9000015258789,78.19999694824219,32881373,yfinance,False
2019-02-20,53.58659744262695,78.69999694824219,79.44999694824219,78.3499984741211,79.0,24472745,yfinance,False
2019-02-21,53.79085922241211,79.0,79.6500015258789,78.0999984741211,78.5,28376326,yfinance,False
2019-02-22,54.47175216674805,80.0,80.0,78.30000305175781,78.8499984741211,31325450,yfinance,False
2019-02-25,57.26343536376953,84.0999984741211,84.75,80.5,80.6500015258789,96355021,yfinance,False
2019-02-26,56.71872329711914,83.30000305175781,84.25,83.0,84.19999694824219,56028511,yfinance,False
2019-02-27,56.34423065185547,82.75,84.0999984741211,82.30000305175781,83.30000305175781,38428630,yfinance,False
2019-02-28,56.27613830566406,82.6500015258789,83.6500015258789,82.5999984741211,83.5,37497750,yfinance,False
2019-03-01,57.36558151245117,84.25,84.5,83.19999694824219,83.5999984741211,48557511,yfinance,False
2019-03-04,58.08051681518555,85.30000305175781,87.8499984741211,84.5999984741211,85.0,67643171,yfinance,False
2019-03-05,57.331546783447266,84.19999694824219,84.5999984741211,83.3499984741211,84.5,36113531,yfinance,False
2019-03-06,57.53580093383789,84.5,85.05000305175781,83.80000305175781,83.9000015258789,32044865,yfinance,False
2019-03-07,56.75276565551758,83.3499984741211,84.5,82.80000305175781,84.25,37153999,yfinance,False
2019-03-08,55.08456802368164,80.9000015258789,82.25,80.4000015258789,81.55000305175781,61133785,yfinance,False
2019-03-11,55.15266799926758,81.0,81.75,80.5999984741211,81.75,32512634,yfinance,False
2019-03-12,56.31017303466797,82.69999694824219,83.55000305175781,82.0,82.19999694824219,39235816,yfinance,False
2019-03-13,57.195350646972656,84.0,85.75,83.5999984741211,85.75,70491417,yfinance,False
2019-03-14,58.114559173583984,85.3499984741211,85.69999694824219,84.44999694824219,85.0,48180958,yfinance,False
2019-03-15,58.727352142333984,86.25,87.4000015258789,85.80000305175781,85.94999694824219,44201244,yfinance,False
2019-03-18,59.54444885253906,87.44999694824219,87.5999984741211,86.0999984741211,86.8499984741211,40971540,yfinance,False
2019-03-19,59.850833892822266,87.9000015258789,88.3499984741211,86.6500015258789,87.8499984741211,31771067,yfinance,False
2019-03-20,59.74869918823242,87.75,88.44999694824219,86.9000015258789,87.0,29285300,yfinance,False
2019-03-21,59.30612564086914,87.0999984741211,88.25,86.6500015258789,87.4000015258789,29439257,yfinance,False
2019-03-22,58.89759063720703,86.5,87.94999694824219,85.25,87.94999694824219,33913997,yfinance,False
2019-03-25,57.50175094604492,84.44999694824219,85.1500015258789,83.69999694824219,84.30000305175781,39298315,yfinance,False
2019-03-26,57.80815124511719,84.9000015258789,85.5,84.19999694824219,85.19999694824219,25728325,yfinance,False
2019-03-27,58.08051681518555,85.30000305175781,85.8499984741211,84.5999984741211,85.30000305175781,22261163,yfinance,False
2019-03-28,58.386924743652344,85.75,86.19999694824219,85.0,85.9000015258789,31521624,yfinance,False
2019-03-29,59.850833892822266,87.9000015258789,88.0,85.75,85.75,38410300,yfinance,False
2019-04-01,61.28073501586914,90.0,90.0,88.69999694824219,88.69999694824219,49293795,yfinance,False
2019-04-02,60.39556884765625,88.69999694824219,90.05000305175781,88.3499984741211,90.0,31112787,yfinance,False
2019-04-03,61.96161651611328,91.0,91.0,89.0,89.3499984741211,53890396,yfinance,False
2019-04-04,62.1659049987793,91.30000305175781,92.0,90.4000015258789,91.0,38349652,yfinance,False
2019-04-08,63.32342529296875,93.0,93.0,91.75,92.0,60649048,yfinance,False
2019-04-09,63.76601791381836,93.6500015258789,93.69999694824219,92.94999694824219,93.25,43301739,yfinance,False
2019-04-10,63.62981414794922,93.44999694824219,93.5999984741211,92.0,93.5,36147672,yfinance,False
2019-04-11,62.47229766845703,91.75,94.3499984741211,91.69999694824219,93.19999694824219,34472803,yfinance,False
2019-04-12,63.08510208129883,92.6500015258789,92.6500015258789,91.30000305175781,91.69999694824219,23123193,yfinance,False
2019-04-15,63.05107116699219,92.5999984741211,95.25,92.55000305175781,93.94999694824219,40867262,yfinance,False
2019-04-16,64.51499938964844,94.75,95.0999984741211,92.1500015258789,92.5,35753933,yfinance,False
2019-04-17,64.31071472167969,94.44999694824219,95.6500015258789,93.69999694824219,94.75,30245080,yfinance,False
2019-04-18,64.34477233886719,94.5,95.6500015258789,94.0999984741211,95.6500015258789,24229379,yfinance,False
2019-04-23,64.82139587402344,95.19999694824219,96.0,94.19999694824219,94.5,40086834,yfinance,False
2019-04-24,64.10645294189453,94.1500015258789,96.0,93.3499984741211,96.0,31636360,yfinance,False
2019-04-25,62.744659423828125,92.1500015258789,94.0999984741211,91.5999984741211,93.6500015258789,42970065,yfinance,False
2019-04-26,62.744659423828125,92.1500015258789,92.6500015258789,91.3499984741211,91.5,31580645,yfinance,False
2019-04-29,64.24263000488281,94.3499984741211,94.8499984741211,92.30000305175781,92.69999694824219,29174794,yfinance,False
2019-04-30,64.24263000488281,94.3499984741211,95.9000015258789,93.05000305175781,95.9000015258789,31189989,yfinance,False
2019-05-02,64.99162292480469,95.44999694824219,96.0,94.5,94.5,22569513,yfinance,False
2019-05-03,64.95758056640625,95.4000015258789,95.5,94.4000015258789,95.4000015258789,14433561,yfinance,False
2019-05-06,61.85948944091797,90.8499984741211,92.0,89.55000305175781,91.3499984741211,77769283,yfinance,False
2019-05-07,61.96161651611328,91.0,91.80000305175781,89.6500015258789,91.5,38094157,yfinance,False
2019-05-08,60.73601150512695,89.19999694824219,90.55000305175781,88.3499984741211,88.94999694824219,48446937,yfinance,False
2019-05-09,59.03376388549805,86.69999694824219,88.30000305175781,86.1500015258789,88.05000305175781,46988660,yfinance,False
2019-05-10,60.497703552246094,88.8499984741211,89.80000305175781,86.5999984741211,87.44999694824219,55739162,yfinance,False
2019-05-14,59.680633544921875,87.6500015258789,88.30000305175781,85.5,85.94999694824219,54977602,yfinance,False
2019-05-15,60.497703552246094,88.8499984741211,90.19999694824219,88.44999694824219,89.0,42127230,yfinance,False
2019-05-16,60.906227111816406,89.44999694824219,90.0999984741211,88.69999694824219,89.8499984741211,33982905,yfinance,False
2019-05-17,59.203983306884766,86.94999694824219,90.25,86.94999694824219,90.25,38897231,yfinance,False
2019-05-20,58.114559173583984,85.3499984741211,87.4000015258789,84.5999984741211,87.3499984741211,53301142,yfinance,False
2019-05-21,57.80815124511719,84.9000015258789,86.1500015258789,84.5,84.9000015258789,32070359,yfinance,False
2019-05-22,57.84219741821289,84.94999694824219,85.5999984741211,84.44999694824219,85.5,21835894,yfinance,False
2019-05-23,57.5546989440918,83.25,83.75,82.0999984741211,83.75,40132975,yfinance,False
2019-05-24,57.93494415283203,83.80000305175781,85.0999984741211,83.69999694824219,84.0999984741211,28603877,yfinance,False
2019-05-27,58.34975814819336,84.4000015258789,84.55000305175781,82.8499984741211,83.44999694824219,25259755,yfinance,False
2019-05-28,59.248497009277344,85.69999694824219,85.69999694824219,84.44999694824219,85.0,45229798,yfinance,False
2019-05-29,59.559600830078125,86.1500015258789,87.80000305175781,84.94999694824219,85.19999694824219,35135452,yfinance,False
2019-05-30,60.00898361206055,86.80000305175781,87.30000305175781,85.80000305175781,87.0999984741211,27942330,yfinance,False
2019-05-31,59.87071228027344,86.5999984741211,88.0,86.0999984741211,87.44999694824219,27187067,yfinance,False
2019-06-03,59.83613967895508,86.55000305175781,87.5999984741211,85.1500015258789,87.5999984741211,29559331,yfinance,False
2019-06-04,58.90283966064453,85.19999694824219,86.4000015258789,84.30000305175781,86.3499984741211,26273911,yfinance,False
2019-06-05,58.83369064331055,85.0999984741211,86.44999694824219,84.5999984741211,86.3499984741211,21148246,yfinance,False
2019-06-06,58.9373893737793,85.25,85.55000305175781,84.9000015258789,85.0999984741211,17817564,yfinance,False
2019-06-10,60.28551483154297,87.19999694824219,87.80000305175781,86.05000305175781,87.44999694824219,41929451,yfinance,False
2019-06-11,61.35710906982422,88.75,89.55000305175781,87.3499984741211,87.5999984741211,36737224,yfinance,False
2019-06-12,60.631195068359375,87.69999694824219,88.4000015258789,87.25,88.0,22892985,yfinance,False
2019-06-13,60.70033264160156,87.80000305175781,87.80000305175781,86.44999694824219,87.5999984741211,18912207,yfinance,False
2019-06-14,60.28551483154297,87.19999694824219,88.30000305175781,86.94999694824219,88.30000305175781,22019573,yfinance,False
2019-06-17,60.28551483154297,87.19999694824219,88.4000015258789,86.94999694824219,87.8499984741211,18926048,yfinance,False
2019-06-18,60.73489761352539,87.8499984741211,88.30000305175781,86.9000015258789,87.0,24979360,yfinance,False
2019-06-19,62.91263961791992,91.0,91.4000015258789,90.44999694824219,91.4000015258789,46421837,yfinance,False
2019-06-20,65.22864532470703,94.3499984741211,94.9000015258789,91.0999984741211,91.0999984741211,59248676,yfinance,False
2019-06-21,64.95211791992188,93.94999694824219,94.8499984741211,93.30000305175781,94.75,52869247,yfinance,False
2019-06-24,64.91754150390625,93.9000015258789,94.3499984741211,93.25,93.4000015258789,19620545,yfinance,False
2019-06-25,64.05335998535156,92.6500015258789,93.94999694824219,90.9000015258789,93.94999694824219,31184692,yfinance,False
2019-06-26,64.46817016601562,93.25,93.44999694824219,92.25,92.6500015258789,18730933,yfinance,False
2019-06-27,65.02127075195312,94.05000305175781,94.8499984741211,93.5,94.0,31711290,yfinance,False
2019-06-28,64.84842681884766,93.80000305175781,94.9000015258789,93.4000015258789,94.9000015258789,24234255,yfinance,False
2019-07-02,66.8187484741211,96.6500015258789,98.0,96.19999694824219,98.0,48309897,yfinance,False
2019-07-03,66.71505737304688,96.5,97.19999694824219,95.44999694824219,97.19999694824219,28225909,yfinance,False
2019-07-04,66.61133575439453,96.3499984741211,97.25,96.05000305175781,97.0,19420358,yfinance,False
2019-07-05,66.85330200195312,96.69999694824219,96.8499984741211,95.75,96.30000305175781,14564143,yfinance,False
2019-07-08,66.05828094482422,95.55000305175781,95.9000015258789,93.9000015258789,95.5999984741211,22149046,yfinance,False
2019-07-09,64.98667907714844,94.0,95.44999694824219,93.69999694824219,95.4000015258789,22204096,yfinance,False
2019-07-10,64.60643768310547,93.44999694824219,94.80000305175781,93.30000305175781,94.69999694824219,19329436,yfinance,False
2019-07-11,65.05582427978516,94.0999984741211,95.55000305175781,94.0,94.3499984741211,16734751,yfinance,False
2019-07-12,65.1595230102539,94.25,95.25,94.25,95.0999984741211,18754495,yfinance,False
2019-07-15,65.09037780761719,94.1500015258789,94.25,92.3499984741211,93.3499984741211,21668020,yfinance,False
2019-07-16,64.95211791992188,93.94999694824219,94.44999694824219,93.5999984741211,94.0,17926963,yfinance,False
2019-07-17,65.26321411132812,94.4000015258789,94.5999984741211,93.3499984741211,94.5999984741211,18020559,yfinance,False
2019-07-18,65.05582427978516,94.0999984741211,95.1500015258789,93.25,93.25,23611709,yfinance,False
2019-07-19,65.98915100097656,95.44999694824219,95.8499984741211,94.5999984741211,94.94999694824219,24390008,yfinance,False
2019-07-22,64.91754150390625,93.9000015258789,95.30000305175781,93.55000305175781,95.30000305175781,17024602,yfinance,False
2019-07-23,65.194091796875,94.30000305175781,94.8499984741211,93.6500015258789,94.8499984741211,17809088,yfinance,False
2019-07-24,65.67803955078125,95.0,95.69999694824219,94.6500015258789,94.94999694824219,16700505,yfinance,False
2019-07-25,66.09283447265625,95.5999984741211,96.0,95.3499984741211,96.0,19288642,yfinance,False
2019-07-26,65.85087585449219,95.25,95.8499984741211,94.75,95.0,22889157,yfinance,False
2019-07-29,65.67803955078125,95.0,95.5,93.94999694824219,95.0,19395747,yfinance,False
2019-07-30,65.78172302246094,95.1500015258789,96.5999984741211,94.9000015258789,95.75,23887500,yfinance,False
2019-07-31,64.57188415527344,93.4000015258789,94.80000305175781,93.19999694824219,94.80000305175781,22656189,yfinance,False
2019-08-01,64.43360900878906,93.19999694824219,93.69999694824219,92.80000305175781,93.30000305175781,19106369,yfinance,False
2019-08-02,62.84352493286133,90.9000015258789,90.9000015258789,89.5999984741211,90.19999694824219,47106453,yfinance,False
2019-08-05,61.52995300292969,89.0,89.69999694824219,88.0,88.80000305175781,35659990,yfinance,False
2019-08-06,61.21884536743164,88.55000305175781,88.6500015258789,85.80000305175781,85.80000305175781,49607036,yfinance,False
2019-08-07,61.011444091796875,88.25,89.0,86.9000015258789,89.0,31045661,yfinance,False
2019-08-08,61.18428039550781,88.5,88.94999694824219,87.8499984741211,88.4000015258789,24829797,yfinance,False
2019-08-09,60.45836639404297,87.44999694824219,89.4000015258789,87.0999984741211,89.4000015258789,20607617,yfinance,False
2019-08-12,60.73489761352539,87.8499984741211,88.9000015258789,87.0,87.0,19406344,yfinance,False
2019-08-13,60.35466766357422,87.30000305175781,88.4000015258789,86.55000305175781,87.5,30129064,yfinance,False
2019-08-14,60.07811737060547,86.9000015258789,88.5,86.3499984741211,88.0,31378451,yfinance,False
2019-08-15,60.28551483154297,87.19999694824219,87.55000305175781,85.30000305175781,85.9000015258789,38933502,yfinance,False
2019-08-16,61.6336555480957,89.1500015258789,90.1500015258789,88.0,88.19999694824219,49339893,yfinance,False
2019-08-19,62.63608932495117,90.5999984741211,91.30000305175781,90.05000305175781,90.30000305175781,34717040,yfinance,False
2019-08-20,62.601539611816406,90.55000305175781,92.0,90.44999694824219,92.0,24010645,yfinance,False
2019-08-21,62.77436447143555,90.80000305175781,91.19999694824219,89.44999694824219,90.3499984741211,24339360,yfinance,False
2019-08-22,62.566959381103516,90.5,91.19999694824219,90.25,91.0,19075736,yfinance,False
2019-08-23,63.465721130371094,91.80000305175781,92.19999694824219,90.05000305175781,90.05000305175781,24995869,yfinance,False
2019-08-26,62.566959381103516,90.5,90.5,88.6500015258789,89.0999984741211,32847378,yfinance,False
2019-08-27,62.35956954956055,90.19999694824219,91.0,89.44999694824219,90.5,30228112,yfinance,False
2019-08-28,62.01390075683594,89.69999694824219,91.1500015258789,89.44999694824219,91.0,15066448,yfinance,False
2019-08-29,62.2213020324707,90.0,90.05000305175781,88.55000305175781,90.05000305175781,16688775,yfinance,False
2019-08-30,62.15217208862305,89.9000015258789,91.30000305175781,89.44999694824219,91.30000305175781,25014860,yfinance,False
2019-09-02,62.35956954956055,90.19999694824219,90.94999694824219,89.5999984741211,90.0999984741211,13691272,yfinance,False
2019-09-03,62.566959381103516,90.5,91.0999984741211,89.94999694824219,90.3499984741211,18279096,yfinance,False
2019-09-04,64.33792877197266,92.19999694824219,92.19999694824219,90.4000015258789,91.0,33530726,yfinance,False
2019-09-05,65.07064056396484,93.25,94.19999694824219,91.94999694824219,91.94999694824219,32451647,yfinance,False
2019-09-06,65.45442962646484,93.80000305175781,94.80000305175781,92.80000305175781,94.80000305175781,23833561,yfinance,False
2019-09-09,65.24508666992188,93.5,94.69999694824219,93.4000015258789,94.4000015258789,15161108,yfinance,False
2019-09-10,64.2332763671875,92.05000305175781,93.8499984741211,91.94999694824219,93.5,21604519,yfinance,False
2019-09-11,65.10552978515625,93.30000305175781,94.0,92.1500015258789,92.1500015258789,22890801,yfinance,False
2019-09-12,66.04756164550781,94.6500015258789,95.0,92.9000015258789,94.05000305175781,29173121,yfinance,False
2019-09-13,66.36157989501953,95.0999984741211,95.4000015258789,94.4000015258789,95.0,16811031,yfinance,False
2019-09-16,65.977783203125,94.55000305175781,95.19999694824219,93.69999694824219,95.19999694824219,19063691,yfinance,False
2019-09-17,65.10552978515625,93.30000305175781,94.0999984741211,92.94999694824219,94.0999984741211,16088897,yfinance,False
2019-09-18,65.38465118408203,93.69999694824219,94.19999694824219,93.25,93.80000305175781,12822836,yfinance,False
2019-09-19,64.65194702148438,92.6500015258789,94.30000305175781,91.80000305175781,94.30000305175781,21538349,yfinance,False
2019-09-20,64.26815032958984,92.0999984741211,92.8499984741211,91.80000305175781,92.3499984741211,25431527,yfinance,False
2019-09-23,63.605247497558594,91.1500015258789,92.4000015258789,90.4000015258789,92.0999984741211,21452405,yfinance,False
2019-09-24,63.3958854675293,90.8499984741211,91.80000305175781,90.6500015258789,91.44999694824219,25088193,yfinance,False
2019-09-25,62.802757263183594,90.0,90.75,89.5999984741211,90.69999694824219,27485217,yfinance,False
2019-09-26,63.08186721801758,90.4000015258789,92.25,89.94999694824219,92.25,22511261,yfinance,False
2019-09-27,62.69808578491211,89.8499984741211,90.3499984741211,89.5,90.0,16407090,yfinance,False
2019-09-30,62.83763885498047,90.05000305175781,90.44999694824219,88.94999694824219,89.44999694824219,25849804,yfinance,False
2019-10-02,62.94231414794922,90.19999694824219,90.44999694824219,88.9000015258789,89.9000015258789,15786406,yfinance,False
2019-10-03,63.291221618652344,90.69999694824219,91.0,89.0999984741211,89.0999984741211,18731113,yfinance,False
2019-10-04,62.83763885498047,90.05000305175781,91.05000305175781,89.44999694824219,91.05000305175781,12733385,yfinance,False
2019-10-08,63.3958854675293,90.8499984741211,91.6500015258789,89.94999694824219,90.0999984741211,23849151,yfinance,False
2019-10-09,63.18655014038086,90.55000305175781,90.94999694824219,90.19999694824219,90.94999694824219,17001115,yfinance,False
2019-10-10,63.57035446166992,91.0999984741211,91.4000015258789,90.0,90.5,19224989,yfinance,False
2019-10-11,65.31485748291016,93.5999984741211,93.5999984741211,92.19999694824219,92.80000305175781,39527972,yfinance,False
2019-10-14,66.01268005371094,94.5999984741211,95.0999984741211,94.0999984741211,94.94999694824219,29417476,yfinance,False
2019-10-15,65.87310791015625,94.4000015258789,95.19999694824219,94.0,95.0,18049572,yfinance,False
2019-10-16,65.80332946777344,94.30000305175781,95.0999984741211,93.4000015258789,94.44999694824219,20095602,yfinance,False
2019-10-17,66.2220230102539,94.9000015258789,95.19999694824219,94.5,95.19999694824219,14300799,yfinance,False
2019-10-18,66.01268005371094,94.5999984741211,95.5,94.05000305175781,95.3499984741211,19735614,yfinance,False
2019-10-21,65.73355102539062,94.19999694824219,95.0,93.8499984741211,94.30000305175781,10672465,yfinance,False
2019-10-22,65.87310791015625,94.4000015258789,95.0999984741211,94.19999694824219,95.0999984741211,15174210,yfinance,False
2019-10-23,65.52420806884766,93.9000015258789,94.94999694824219,93.55000305175781,94.0999984741211,13768308,yfinance,False
2019-10-24,65.977783203125,94.55000305175781,94.69999694824219,93.69999694824219,94.69999694824219,18154073,yfinance,False
2019-10-25,63.4307861328125,90.9000015258789,92.9000015258789,90.8499984741211,92.9000015258789,63839007,yfinance,False
2019-10-28,63.57035446166992,91.0999984741211,91.5999984741211,90.0,90.0,30803186,yfinance,False
2019-10-29,63.779701232910156,91.4000015258789,92.19999694824219,91.05000305175781,92.19999694824219,19063012,yfinance,False
2019-10-30,63.15166473388672,90.5,91.55000305175781,90.05000305175781,91.0,24946135,yfinance,False
2019-10-31,63.32610321044922,90.75,91.94999694824219,90.0999984741211,90.0999984741211,26401662,yfinance,False
2019-11-01,64.02391815185547,91.75,92.25,90.55000305175781,91.19999694824219,24916116,yfinance,False
2019-11-04,65.07064056396484,93.25,93.75,92.69999694824219,92.75,22638897,yfinance,False
2019-11-05,65.52420806884766,93.9000015258789,94.44999694824219,92.9000015258789,94.0,25893130,yfinance,False
2019-11-06,65.59400177001953,94.0,94.5,93.6500015258789,94.5,13302488,yfinance,False
2019-11-07,65.90801239013672,94.44999694824219,94.69999694824219,93.05000305175781,94.44999694824219,18275498,yfinance,False
2019-11-08,65.66378021240234,94.0999984741211,95.0,93.80000305175781,95.0,13933070,yfinance,False
2019-11-11,64.33792877197266,92.19999694824219,93.5999984741211,91.5,93.4000015258789,20981375,yfinance,False
2019-11-12,64.47749328613281,92.4000015258789,92.6500015258789,91.55000305175781,92.30000305175781,12975664,yfinance,False
2019-11-13,63.8145751953125,91.44999694824219,91.5999984741211,90.69999694824219,91.5999984741211,20178346,yfinance,False
2019-11-14,63.605247497558594,91.1500015258789,91.94999694824219,90.69999694824219,91.8499984741211,14818337,yfinance,False
2019-11-15,63.535465240478516,91.05000305175781,92.0999984741211,90.5999984741211,92.0999984741211,17485660,yfinance,False
2019-11-18,63.9890251159668,91.69999694824219,91.8499984741211,90.9000015258789,91.30000305175781,17074126,yfinance,False
2019-11-19,64.44259643554688,92.3499984741211,92.5,91.19999694824219,91.80000305175781,19134365,yfinance,False
2019-11-20,64.09369659423828,91.8499984741211,92.25,91.3499984741211,92.25,12952849,yfinance,False
2019-11-21,63.57035446166992,91.0999984741211,91.4000015258789,90.55000305175781,91.0999984741211,20988230,yfinance,False
2019-11-22,63.36098861694336,90.80000305175781,91.44999694824219,90.0999984741211,91.0999984741211,22997667,yfinance,False
2019-11-25,63.4307861328125,90.9000015258789,91.25,90.5999984741211,91.05000305175781,26544978,yfinance,False
2019-11-26,63.57035446166992,91.0999984741211,91.9000015258789,90.75,91.9000015258789,31836786,yfinance,False
2019-11-27,63.64012145996094,91.19999694824219,91.5,90.69999694824219,91.1500015258789,14235278,yfinance,False
2019-11-28,63.0469856262207,90.3499984741211,90.94999694824219,89.94999694824219,90.5999984741211,23032010,yfinance,False
2019-11-29,61.89560317993164,88.69999694824219,89.69999694824219,88.05000305175781,89.5,37460556,yfinance,False
2019-12-02,62.488739013671875,89.55000305175781,89.94999694824219,88.9000015258789,88.9000015258789,18167636,yfinance,False
2019-12-03,62.802757263183594,90.0,90.5999984741211,88.4000015258789,89.55000305175781,21169971,yfinance,False
2019-12-04,61.8607177734375,88.6500015258789,89.3499984741211,88.4000015258789,89.0999984741211,22582915,yfinance,False
2019-12-05,62.31428909301758,89.30000305175781,89.80000305175781,88.80000305175781,89.80000305175781,16060720,yfinance,False
2019-12-06,62.66319274902344,89.80000305175781,90.25,89.4000015258789,89.4000015258789,14785404,yfinance,False
2019-12-09,62.453853607177734,89.5,90.05000305175781,89.25,89.69999694824219,10320460,yfinance,False
2019-12-10,62.453853607177734,89.5,89.6500015258789,88.69999694824219,88.69999694824219,9435525,yfinance,False
2019-12-11,63.3958854675293,90.8499984741211,91.0999984741211,89.3499984741211,89.9000015258789,26419457,yfinance,False
2019-12-12,63.709903717041016,91.30000305175781,92.30000305175781,91.0,92.25,27599523,yfinance,False
2019-12-13,64.96595764160156,93.0999984741211,93.4000015258789,92.1500015258789,92.80000305175781,34382267,yfinance,False
2019-12-16,64.61705780029297,92.5999984741211,93.1500015258789,92.30000305175781,92.55000305175781,20789377,yfinance,False
2019-12-17,64.54727935791016,92.5,93.80000305175781,92.4000015258789,93.80000305175781,32500330,yfinance,False
2019-12-18,64.44259643554688,92.3499984741211,92.94999694824219,92.0,92.94999694824219,21415524,yfinance,False
2019-12-19,64.19837951660156,92.0,93.55000305175781,91.80000305175781,93.55000305175781,18209318,yfinance,False
2019-12-20,64.05880737304688,91.80000305175781,92.19999694824219,91.44999694824219,91.5999984741211,21277645,yfinance,False
2019-12-23,63.57035446166992,91.0999984741211,92.69999694824219,90.94999694824219,92.69999694824219,19375977,yfinance,False
2019-12-24,63.709903717041016,91.30000305175781,91.5,90.4000015258789,90.69999694824219,8824168,yfinance,False
2019-12-27,64.19837951660156,92.0,92.4000015258789,91.5999984741211,91.5999984741211,16197116,yfinance,False
2019-12-30,64.61705780029297,92.5999984741211,92.80000305175781,91.6500015258789,92.5999984741211,18728209,yfinance,False
2019-12-31,64.26815032958984,92.0999984741211,92.30000305175781,91.5999984741211,92.05000305175781,13989235,yfinance,False
2020-01-02,65.3497543334961,93.6500015258789,93.75,91.94999694824219,92.0999984741211,24722873,yfinance,False
2020-01-03,65.87310791015625,94.4000015258789,95.0,93.6500015258789,94.5999984741211,33871518,yfinance,False
2020-01-06,65.48931884765625,93.8499984741211,94.80000305175781,93.30000305175781,93.75,22573233,yfinance,False
2020-01-07,65.31485748291016,93.5999984741211,94.75,93.55000305175781,94.75,18661715,yfinance,False
2020-01-08,64.51238250732422,92.44999694824219,93.3499984741211,92.0,93.3499984741211,22073565,yfinance,False
2020-01-09,65.24508666992188,93.5,93.5,92.8499984741211,93.0999984741211,24959854,yfinance,False
2020-01-10,65.0008544921875,93.1500015258789,93.69999694824219,92.6500015258789,93.69999694824219,22792091,yfinance,False
2020-01-13,66.71048736572266,95.5999984741211,95.5999984741211,93.55000305175781,94.19999694824219,40803759,yfinance,False
2020-01-14,67.33851623535156,96.5,97.44999694824219,96.1500015258789,97.4000015258789,38684955,yfinance,False
2020-01-15,66.43135070800781,95.19999694824219,97.05000305175781,95.0,96.75,30558147,yfinance,False
2020-01-16,66.60581970214844,95.44999694824219,96.3499984741211,94.9000015258789,96.0999984741211,24650671,yfinance,False
2020-01-17,69.46682739257812,99.55000305175781,99.8499984741211,95.9000015258789,96.94999694824219,60772126,yfinance,False
2020-01-20,68.83880615234375,98.6500015258789,101.0,98.55000305175781,101.0,45006377,yfinance,False
2020-01-21,65.87310791015625,94.4000015258789,97.6500015258789,94.30000305175781,97.5,36141985,yfinance,False
2020-01-22,67.02450561523438,96.05000305175781,96.19999694824219,94.25,95.44999694824219,33172669,yfinance,False
2020-01-23,65.94290161132812,94.5,95.5,93.0,95.25,35030147,yfinance,False
2020-01-24,66.1871337890625,94.8499984741211,95.1500015258789,93.5999984741211,94.19999694824219,10134877,yfinance,False
2020-01-29,63.9890251159668,91.69999694824219,92.4000015258789,91.3499984741211,92.4000015258789,44398942,yfinance,False
2020-01-30,62.802757263183594,90.0,92.0,88.80000305175781,91.94999694824219,52757962,yfinance,False
2020-01-31,61.89560317993164,88.69999694824219,90.5999984741211,88.5,90.5,42228055,yfinance,False
2020-02-03,61.128021240234375,87.5999984741211,88.80000305175781,86.8499984741211,88.19999694824219,56604059,yfinance,False
2020-02-04,62.38407897949219,89.4000015258789,89.80000305175781,88.0999984741211,89.0,47980031,yfinance,False
2020-02-05,62.76786804199219,89.94999694824219,90.8499984741211,89.19999694824219,90.8499984741211,43165120,yfinance,False
2020-02-06,64.19837951660156,92.0,92.4000015258789,90.6500015258789,91.80000305175781,43783319,yfinance,False
2020-02-07,63.84946823120117,91.5,91.5,90.55000305175781,91.0,28964511,yfinance,False
2020-02-10,63.64012145996094,91.19999694824219,91.19999694824219,90.0,90.25,29436391,yfinance,False
2020-02-11,64.09369659423828,91.8499984741211,92.4000015258789,91.4000015258789,92.0,24049367,yfinance,False
2020-02-12,63.91924285888672,91.5999984741211,92.05000305175781,91.19999694824219,91.44999694824219,17821158,yfinance,False
2020-02-13,63.32610321044922,90.75,92.0,90.25,92.0,21388130,yfinance,False
2020-02-14,63.4307861328125,90.9000015258789,91.6500015258789,90.0999984741211,90.0999984741211,17586625,yfinance,False
2020-02-17,64.02391815185547,91.75,92.1500015258789,90.5,90.5,21776101,yfinance,False
2020-02-18,63.291221618652344,90.69999694824219,91.3499984741211,90.55000305175781,91.0,25976634,yfinance,False
2020-02-19,63.57035446166992,91.0999984741211,91.3499984741211,90.4000015258789,90.4000015258789,16180138,yfinance,False
2020-02-20,63.91924285888672,91.5999984741211,92.05000305175781,90.1500015258789,91.5,27523359,yfinance,False
2020-02-21,63.50056838989258,91.0,91.25,90.3499984741211,91.0,28364484,yfinance,False
2020-02-24,61.8607177734375,88.6500015258789,90.25,88.55000305175781,90.0999984741211,47829239,yfinance,False
2020-02-25,61.89560317993164,88.69999694824219,88.69999694824219,87.69999694824219,88.05000305175781,28888238,yfinance,False
2020-02-26,61.54670715332031,88.19999694824219,88.19999694824219,86.9000015258789,86.9000015258789,30860071,yfinance,False
2020-02-27,61.6513671875,88.3499984741211,88.44999694824219,86.80000305175781,87.30000305175781,43692173,yfinance,False
2020-02-28,60.46510696411133,86.6500015258789,86.94999694824219,85.5999984741211,86.6500015258789,59130036,yfinance,False
2020-03-02,60.77911376953125,87.0999984741211,87.94999694824219,85.80000305175781,85.80000305175781,35495038,yfinance,False
2020-03-03,61.0582389831543,87.5,88.3499984741211,87.25,87.5,32254788,yfinance,False
2020-03-04,60.709327697753906,87.0,88.5,87.0,88.44999694824219,45985357,yfinance,False
2020-03-05,62.13984298706055,89.05000305175781,89.5,87.75,88.0,50116522,yfinance,False
2020-03-06,61.19778823852539,87.69999694824219,88.1500015258789,86.94999694824219,87.55000305175781,49315560,yfinance,False
2020-03-09,58.68568801879883,84.0999984741211,84.75,83.1500015258789,84.30000305175781,88816306,yfinance,False
2020-03-10,59.278831481933594,84.94999694824219,85.80000305175781,83.5999984741211,84.4000015258789,50854273,yfinance,False
2020-03-11,58.615909576416016,84.0,85.5,83.44999694824219,85.5,47277325,yfinance,False
2020-03-12,56.76671600341797,81.3499984741211,82.3499984741211,80.8499984741211,81.5,73399334,yfinance,False
2020-03-13,56.103797912597656,80.4000015258789,81.1500015258789,74.3499984741211,75.0,84255041,yfinance,False
2020-03-16,54.08014678955078,77.5,79.8499984741211,76.19999694824219,79.8499984741211,67231778,yfinance,False
2020-03-17,53.801021575927734,77.0999984741211,78.19999694824219,75.0999984741211,76.0,51138590,yfinance,False
2020-03-18,51.95183181762695,74.44999694824219,76.9000015258789,73.0999984741211,76.0,75497404,yfinance,False
2020-03-19,49.96308517456055,71.5999984741211,73.5999984741211,69.25,73.05000305175781,90979681,yfinance,False
2020-03-20,51.35869598388672,73.5999984741211,73.8499984741211,71.0,72.1500015258789,55309226,yfinance,False
2020-03-23,49.47461700439453,70.9000015258789,71.44999694824219,69.0,69.3499984741211,58197836,yfinance,False
2020-03-24,51.28892135620117,73.5,73.94999694824219,72.0999984741211,72.69999694824219,60351637,yfinance,False
2020-03-25,52.85898208618164,75.75,76.30000305175781,75.0999984741211,75.30000305175781,52073879,yfinance,False
2020-03-26,53.03343200683594,76.0,76.8499984741211,75.0999984741211,76.19999694824219,51366086,yfinance,False
2020-03-27,52.96365737915039,75.9000015258789,78.0,75.55000305175781,78.0,44549249,yfinance,False
2020-03-30,52.61475372314453,75.4000015258789,76.0999984741211,74.44999694824219,74.9000015258789,31591908,yfinance,False
2020-03-31,53.13811111450195,76.1500015258789,77.25,75.5,77.25,38723473,yfinance,False
2020-04-01,52.54497528076172,75.30000305175781,76.75,74.55000305175781,75.94999694824219,46153350,yfinance,False
2020-04-02,52.6496467590332,75.44999694824219,75.5999984741211,73.5,73.80000305175781,27057271,yfinance,False
2020-04-03,52.335636138916016,75.0,75.1500015258789,74.0999984741211,74.5,22556668,yfinance,False
2020-04-06,52.824100494384766,75.69999694824219,76.25,74.5,75.80000305175781,30045941,yfinance,False
2020-04-07,53.5916862487793,76.80000305175781,76.94999694824219,75.69999694824219,76.9000015258789,34581795,yfinance,False
2020-04-08,53.207889556884766,76.25,76.94999694824219,75.6500015258789,76.94999694824219,22760635,yfinance,False
2020-04-09,53.207889556884766,76.25,76.69999694824219,75.5999984741211,76.55000305175781,28936021,yfinance,False
2020-04-14,53.94058609008789,77.30000305175781,77.69999694824219,76.5,76.75,35382909,yfinance,False
2020-04-15,53.5916862487793,76.80000305175781,77.6500015258789,76.55000305175781,77.6500015258789,25799101,yfinance,False
2020-04-16,53.13811111450195,76.1500015258789,76.69999694824219,75.6500015258789,76.69999694824219,32067357,yfinance,False
2020-04-17,54.84773635864258,78.5999984741211,78.9000015258789,77.19999694824219,77.5999984741211,82956454,yfinance,False
2020-04-20,55.05708312988281,78.9000015258789,79.4000015258789,77.75,79.19999694824219,41596856,yfinance,False
2020-04-21,54.254600524902344,77.75,79.30000305175781,77.3499984741211,79.30000305175781,43726644,yfinance,False
2020-04-22,54.28949737548828,77.80000305175781,77.94999694824219,76.5,76.69999694824219,22587538,yfinance,False
2020-04-23,54.46395492553711,78.05000305175781,78.80000305175781,77.6500015258789,78.55000305175781,34223070,yfinance,False
2020-04-24,53.94058609008789,77.30000305175781,77.5,76.5,77.4000015258789,29652019,yfinance,False
2020-04-27,54.46395492553711,78.05000305175781,78.30000305175781,77.4000015258789,77.69999694824219,24881193,yfinance,False
2020-04-28,54.987308502197266,78.80000305175781,79.0999984741211,77.9000015258789,78.5,31356969,yfinance,False
2020-04-29,55.61534118652344,79.69999694824219,80.05000305175781,79.19999694824219,79.5,36474725,yfinance,False
2020-05-04,54.42906188964844,78.0,78.0,76.80000305175781,77.25,39362816,yfinance,False
2020-05-05,54.49883270263672,78.0999984741211,78.3499984741211,77.44999694824219,77.75,20024678,yfinance,False
2020-05-06,55.05708312988281,78.9000015258789,79.4000015258789,78.0999984741211,78.4000015258789,27689422,yfinance,False
2020-05-07,55.1966438293457,79.0999984741211,79.30000305175781,78.25,79.1500015258789,25717181,yfinance,False
2020-05-08,55.85204315185547,78.5999984741211,78.8499984741211,77.75,78.0999984741211,25420479,yfinance,False
2020-05-11,56.27838134765625,79.19999694824219,80.19999694824219,78.94999694824219,79.0999984741211,25105189,yfinance,False
2020-05-12,55.923099517822266,78.69999694824219,78.75,77.80000305175781,78.69999694824219,21541537,yfinance,False
2020-05-13,55.53227996826172,78.1500015258789,78.44999694824219,77.80000305175781,78.30000305175781,24403294,yfinance,False
2020-05-14,54.786163330078125,77.0999984741211,77.1500015258789,76.4000015258789,76.80000305175781,35124510,yfinance,False
2020-05-15,54.750640869140625,77.05000305175781,77.44999694824219,76.1500015258789,77.0999984741211,24133102,yfinance,False
2020-05-18,54.85721969604492,77.19999694824219,77.44999694824219,76.5999984741211,77.19999694824219,19141021,yfinance,False
2020-05-19,55.816524505615234,78.55000305175781,79.5999984741211,78.25,78.5999984741211,42778131,yfinance,False
2020-05-20,55.923099517822266,78.69999694824219,79.44999694824219,78.30000305175781,79.25,20518234,yfinance,False
2020-05-21,55.816524505615234,78.55000305175781,79.30000305175781,77.94999694824219,79.30000305175781,23115712,yfinance,False
2020-05-22,53.9334602355957,75.9000015258789,77.4000015258789,75.1500015258789,77.4000015258789,53468553,yfinance,False
2020-05-25,53.61370849609375,75.44999694824219,76.0,74.5999984741211,75.1500015258789,34115294,yfinance,False
2020-05-26,54.111106872558594,76.1500015258789,76.44999694824219,75.8499984741211,76.0999984741211,19417005,yfinance,False
2020-05-27,54.04004669189453,76.05000305175781,77.0999984741211,75.69999694824219,76.05000305175781,26489817,yfinance,False
2020-05-28,54.35981369018555,76.5,77.3499984741211,75.5,75.5,34152751,yfinance,False
2020-05-29,54.35981369018555,76.5,76.5,75.19999694824219,76.0,54505209,yfinance,False
2020-06-01,54.999351501464844,77.4000015258789,78.4000015258789,77.1500015258789,77.30000305175781,41996815,yfinance,False
2020-06-02,55.70992660522461,78.4000015258789,78.80000305175781,77.19999694824219,77.19999694824219,48614697,yfinance,False
2020-06-03,56.84685516357422,80.0,80.6500015258789,79.30000305175781,79.5,71920965,yfinance,False
2020-06-04,57.23768615722656,80.55000305175781,81.5999984741211,80.25,81.5,37837334,yfinance,False
2020-06-05,57.806156158447266,81.3499984741211,81.75,80.6500015258789,81.5,35223229,yfinance,False
2020-06-08,58.12591552734375,81.80000305175781,82.80000305175781,81.55000305175781,82.5,42536452,yfinance,False
2020-06-09,58.41015625,82.19999694824219,82.9000015258789,81.9000015258789,82.0,35054405,yfinance,False
2020-06-10,58.374629974365234,82.1500015258789,82.8499984741211,81.9000015258789,82.6500015258789,29364313,yfinance,False
2020-06-11,57.628509521484375,81.0999984741211,82.5,80.6500015258789,82.30000305175781,40785461,yfinance,False
2020-06-12,57.27321243286133,80.5999984741211,80.5999984741211,79.05000305175781,79.0999984741211,28912508,yfinance,False
2020-06-15,56.42051696777344,79.4000015258789,80.80000305175781,78.5999984741211,80.80000305175781,36740401,yfinance,False
2020-06-16,56.70475769042969,79.80000305175781,80.75,79.75,80.4000015258789,26576564,yfinance,False
2020-06-17,56.70475769042969,79.80000305175781,80.19999694824219,78.69999694824219,80.0,28935264,yfinance,False
2020-06-18,56.38498306274414,79.3499984741211,79.69999694824219,78.3499984741211,79.05000305175781,20195052,yfinance,False
2020-06-19,56.242862701416016,79.1500015258789,79.80000305175781,78.69999694824219,79.5,34484847,yfinance,False
2020-06-22,56.02968978881836,78.8499984741211,79.44999694824219,78.19999694824219,78.5,28110227,yfinance,False
2020-06-23,56.17179870605469,79.05000305175781,79.30000305175781,77.55000305175781,78.19999694824219,22591676,yfinance,False
2020-06-24,56.242862701416016,79.1500015258789,79.69999694824219,79.0,79.05000305175781,16404031,yfinance,False
2020-06-26,55.67439270019531,78.3499984741211,79.0,78.0999984741211,78.8499984741211,23917400,yfinance,False
2020-06-29,55.2835807800293,77.80000305175781,80.0,77.0999984741211,80.0,29958050,yfinance,False
2020-06-30,55.07039260864258,77.5,78.1500015258789,77.19999694824219,77.80000305175781,27339893,yfinance,False
2020-07-02,56.81132888793945,79.94999694824219,80.5999984741211,78.05000305175781,78.05000305175781,72105879,yfinance,False
2020-07-03,57.628509521484375,81.0999984741211,82.4000015258789,80.94999694824219,81.05000305175781,52951699,yfinance,False
2020-07-06,61.21697235107422,86.1500015258789,87.19999694824219,82.0,82.3499984741211,139505170,yfinance,False
2020-07-07,61.99861526489258,87.25,91.05000305175781,86.80000305175781,91.05000305175781,104247789,yfinance,False
2020-07-08,63.41978073120117,89.25,90.6500015258789,88.0,88.5,53948545,yfinance,False
2020-07-09,63.70402145385742,89.6500015258789,90.6500015258789,89.05000305175781,90.0,41230846,yfinance,False
2020-07-10,62.460487365722656,87.9000015258789,89.0999984741211,87.1500015258789,89.0999984741211,41651192,yfinance,False
2020-07-13,62.63813018798828,88.1500015258789,89.19999694824219,87.5,88.0,26311698,yfinance,False
2020-07-14,61.99861526489258,87.25,88.0999984741211,86.55000305175781,87.55000305175781,25000415,yfinance,False
2020-07-15,61.5012092590332,86.55000305175781,88.3499984741211,86.3499984741211,87.9000015258789,24791485,yfinance,False
2020-07-16,60.54191589355469,85.19999694824219,87.19999694824219,84.44999694824219,86.30000305175781,41267474,yfinance,False
2020-07-17,60.11555480957031,84.5999984741211,85.8499984741211,84.25,85.25,23175828,yfinance,False
2020-07-20,61.145896911621094,86.05000305175781,87.0999984741211,84.0999984741211,84.0999984741211,46582857,yfinance,False
2020-07-21,61.35908126831055,86.3499984741211,87.80000305175781,85.55000305175781,87.80000305175781,32859242,yfinance,False
2020-07-22,60.39978790283203,85.0,86.94999694824219,84.75,85.75,34441837,yfinance,False
2020-07-23,60.22214889526367,84.75,85.69999694824219,83.6500015258789,85.05000305175781,30025987,yfinance,False
2020-07-24,59.26285171508789,83.4000015258789,84.30000305175781,82.5999984741211,83.5999984741211,38393977,yfinance,False
2020-07-27,59.085201263427734,83.1500015258789,84.0999984741211,82.44999694824219,83.75,25853761,yfinance,False
2020-07-28,58.97861862182617,83.0,84.0999984741211,82.8499984741211,84.0999984741211,26616809,yfinance,False
2020-07-29,59.191810607910156,83.30000305175781,83.69999694824219,82.3499984741211,82.69999694824219,15549074,yfinance,False
2020-07-30,58.72991180419922,82.6500015258789,83.3499984741211,82.0,83.0,25556568,yfinance,False
2020-07-31,58.33909225463867,82.0999984741211,83.25,81.55000305175781,82.5,17583933,yfinance,False
2020-08-03,57.77062225341797,81.30000305175781,82.4000015258789,80.69999694824219,81.5999984741211,40736398,yfinance,False
2020-08-04,58.943084716796875,82.94999694824219,83.8499984741211,81.6500015258789,81.9000015258789,43166114,yfinance,False
2020-08-05,58.80097579956055,82.75,83.44999694824219,82.25,82.80000305175781,19967247,yfinance,False
2020-08-06,58.65886306762695,82.55000305175781,83.0,81.5,82.75,21845846,yfinance,False
2020-08-07,58.232505798339844,81.94999694824219,82.80000305175781,80.94999694824219,82.80000305175781,20868550,yfinance,False
2020-08-10,58.26803207397461,82.0,82.69999694824219,81.19999694824219,81.94999694824219,15667082,yfinance,False
2020-08-11,58.552276611328125,82.4000015258789,83.75,82.25,82.3499984741211,26424851,yfinance,False
2020-08-12,59.120723724365234,83.19999694824219,83.5,82.0,82.4000015258789,22060183,yfinance,False
2020-08-13,58.90756607055664,82.9000015258789,83.9000015258789,82.6500015258789,83.80000305175781,16322380,yfinance,False
2020-08-14,59.0496826171875,83.0999984741211,84.05000305175781,82.5999984741211,82.69999694824219,13247471,yfinance,False
2020-08-17,60.71955871582031,85.44999694824219,86.80000305175781,83.0,83.80000305175781,57645580,yfinance,False
2020-08-18,60.61296463012695,85.30000305175781,86.3499984741211,84.8499984741211,85.9000015258789,18712270,yfinance,False
2020-08-19,60.11555480957031,84.5999984741211,86.0999984741211,83.9000015258789,85.1500015258789,16971480,yfinance,False
2020-08-20,59.44050979614258,83.6500015258789,83.8499984741211,82.80000305175781,83.80000305175781,21423947,yfinance,False
2020-08-21,59.689212799072266,84.0,84.9000015258789,83.69999694824219,84.5999984741211,14549995,yfinance,False
2020-08-24,60.04450607299805,84.5,85.1500015258789,83.8499984741211,83.8499984741211,16638328,yfinance,False
2020-08-25,60.151084899902344,84.6500015258789,85.5,84.1500015258789,84.8499984741211,13138677,yfinance,False
2020-08-26,59.79578399658203,84.1500015258789,84.44999694824219,83.4000015258789,84.19999694824219,19058271,yfinance,False
2020-08-27,59.26285171508789,83.4000015258789,84.69999694824219,83.05000305175781,84.69999694824219,19966484,yfinance,False
2020-08-28,59.191810607910156,83.30000305175781,84.25,82.75,84.0999984741211,35526097,yfinance,False
2020-08-31,58.65886306762695,82.55000305175781,84.69999694824219,82.25,83.5999984741211,35526551,yfinance,False
2020-09-01,58.232505798339844,81.94999694824219,82.30000305175781,81.4000015258789,82.0,34211432,yfinance,False
2020-09-02,57.735103607177734,81.25,82.25,80.6500015258789,81.9000015258789,27431325,yfinance,False
2020-09-03,57.45085906982422,80.8499984741211,81.5,80.3499984741211,81.0,26919975,yfinance,False
2020-09-04,57.202152252197266,80.5,80.80000305175781,79.5999984741211,80.05000305175781,44306827,yfinance,False
2020-09-07,57.09556579589844,80.3499984741211,81.4000015258789,79.69999694824219,79.8499984741211,27324708,yfinance,False
2020-09-08,57.806156158447266,81.3499984741211,81.8499984741211,80.5,80.9000015258789,27167872,yfinance,False
2020-09-09,57.55746078491211,81.0,81.6500015258789,80.3499984741211,80.5999984741211,16853052,yfinance,False
2020-09-10,57.486385345458984,80.9000015258789,81.4000015258789,80.5999984741211,81.05000305175781,12552535,yfinance,False
2020-09-11,57.69956588745117,81.19999694824219,81.5999984741211,80.5999984741211,81.19999694824219,12914544,yfinance,False
2020-09-14,58.01933670043945,81.6500015258789,82.80000305175781,81.1500015258789,81.1500015258789,25314732,yfinance,False
2020-09-15,58.80097579956055,82.75,83.1500015258789,81.8499984741211,82.0,33779319,yfinance,False
2020-09-16,59.08573532104492,82.25,82.4000015258789,81.8499984741211,82.0999984741211,23621867,yfinance,False
2020-09-17,58.726558685302734,81.75,82.44999694824219,81.0999984741211,82.44999694824219,27526008,yfinance,False
2020-09-18,60.12738037109375,83.69999694824219,84.5999984741211,81.75,82.25,52393339,yfinance,False
2020-09-21,59.26533508300781,82.5,84.44999694824219,82.1500015258789,84.4000015258789,26195915,yfinance,False
2020-09-22,58.90614700317383,82.0,82.5,81.44999694824219,82.4000015258789,19284822,yfinance,False
2020-09-23,58.54695510864258,81.5,82.0,81.1500015258789,81.5,16852853,yfinance,False
2020-09-24,57.79268264770508,80.44999694824219,80.94999694824219,79.8499984741211,80.3499984741211,35449151,yfinance,False
2020-09-25,57.7208366394043,80.3499984741211,81.19999694824219,79.8499984741211,80.55000305175781,18680389,yfinance,False
2020-09-28,57.5412483215332,80.0999984741211,80.9000015258789,79.8499984741211,80.44999694824219,13804776,yfinance,False
2020-09-29,57.07431411743164,79.44999694824219,80.1500015258789,78.8499984741211,80.0,24248276,yfinance,False
2020-09-30,57.110233306884766,79.5,80.55000305175781,79.05000305175781,80.0999984741211,15397903,yfinance,False
2020-10-05,57.5412483215332,80.0999984741211,81.0999984741211,79.5,81.0999984741211,29437666,yfinance,False
2020-10-06,57.61309051513672,80.19999694824219,81.0,80.05000305175781,81.0,13629012,yfinance,False
2020-10-07,57.46940231323242,80.0,80.19999694824219,79.1500015258789,79.5,20563374,yfinance,False
2020-10-08,57.68492889404297,80.30000305175781,80.44999694824219,79.75,80.44999694824219,14316010,yfinance,False
2020-10-09,58.04410934448242,80.80000305175781,81.6500015258789,80.55000305175781,81.25,22407113,yfinance,False
2020-10-12,59.08573532104492,82.25,83.1500015258789,81.44999694824219,81.69999694824219,33040162,yfinance,False
2020-10-14,59.40900421142578,82.69999694824219,83.5,82.3499984741211,83.5,35355168,yfinance,False
2020-10-15,59.40900421142578,82.69999694824219,83.75,82.5,83.0999984741211,35538955,yfinance,False
2020-10-16,59.94777297973633,83.44999694824219,84.25,82.4000015258789,82.4000015258789,32106315,yfinance,False
2020-10-19,60.4865608215332,84.19999694824219,85.9000015258789,83.44999694824219,83.44999694824219,39314160,yfinance,False
2020-10-20,60.70206832885742,84.5,85.19999694824219,83.9000015258789,85.19999694824219,30359056,yfinance,False
2020-10-21,60.77390670776367,84.5999984741211,84.94999694824219,84.1500015258789,84.5999984741211,23875952,yfinance,False
2020-10-22,60.63022994995117,84.4000015258789,84.5,83.6500015258789,84.30000305175781,14072655,yfinance,False
2020-10-23,62.03104019165039,86.3499984741211,86.75,83.80000305175781,83.9000015258789,54087849,yfinance,False
2020-10-27,60.84573745727539,84.69999694824219,86.19999694824219,83.94999694824219,86.19999694824219,32681525,yfinance,False
2020-10-28,58.90614700317383,82.0,83.5999984741211,81.44999694824219,83.5,56776200,yfinance,False
2020-10-29,57.82858657836914,80.5,81.0999984741211,79.8499984741211,80.30000305175781,43859368,yfinance,False
2020-10-30,57.146148681640625,79.55000305175781,80.6500015258789,79.0999984741211,80.0,40283367,yfinance,False
2020-11-02,56.96656036376953,79.30000305175781,79.94999694824219,78.30000305175781,79.9000015258789,31254998,yfinance,False
2020-11-03,57.25389862060547,79.69999694824219,80.55000305175781,78.8499984741211,78.8499984741211,26093934,yfinance,False
2020-11-04,57.649009704589844,80.25,81.44999694824219,79.75,80.30000305175781,22850302,yfinance,False
2020-11-05,58.40328598022461,81.30000305175781,82.69999694824219,81.25,81.5,29219956,yfinance,False
2020-11-06,58.69062423706055,81.69999694824219,82.19999694824219,81.4000015258789,81.8499984741211,26975146,yfinance,False
2020-11-09,60.27104949951172,83.9000015258789,84.5,83.0999984741211,83.0999984741211,48874038,yfinance,False
2020-11-10,61.133087158203125,85.0999984741211,86.44999694824219,84.9000015258789,86.0,61407496,yfinance,False
2020-11-11,62.17471694946289,86.55000305175781,87.44999694824219,85.5999984741211,85.8499984741211,77623248,yfinance,False
2020-11-12,62.17471694946289,86.55000305175781,87.3499984741211,86.1500015258789,87.3499984741211,36897420,yfinance,False
2020-11-13,61.77961730957031,86.0,86.5,84.5,86.4000015258789,26959323,yfinance,False
2020-11-16,62.318389892578125,86.75,87.5999984741211,85.94999694824219,86.5,26702723,yfinance,False
2020-11-17,63.144508361816406,87.9000015258789,88.9000015258789,87.75,87.8499984741211,35575237,yfinance,False
2020-11-18,64.11430358886719,89.25,89.9000015258789,88.19999694824219,88.5999984741211,42386380,yfinance,False
2020-11-19,63.86288070678711,88.9000015258789,89.69999694824219,88.69999694824219,89.5999984741211,25600816,yfinance,False
2020-11-20,63.3241081237793,88.1500015258789,88.5,87.6500015258789,88.3499984741211,23078613,yfinance,False
2020-11-23,63.755126953125,88.75,89.3499984741211,88.3499984741211,88.9000015258789,22197385,yfinance,False
2020-11-24,62.964927673339844,87.6500015258789,89.30000305175781,86.69999694824219,89.30000305175781,39091961,yfinance,False
2020-11-25,64.22206115722656,89.4000015258789,90.19999694824219,88.5,88.5999984741211,57187499,yfinance,False
2020-11-26,65.29961395263672,90.9000015258789,91.0999984741211,89.4000015258789,89.6500015258789,48507044,yfinance,False
2020-11-27,65.87430572509766,91.69999694824219,91.9000015258789,90.5999984741211,91.19999694824219,36800958,yfinance,False
2020-11-30,65.37144470214844,91.0,94.19999694824219,90.75,92.0,71780237,yfinance,False
2020-12-01,67.74207305908203,94.30000305175781,94.30000305175781,91.9000015258789,92.0999984741211,54127950,yfinance,False
2020-12-02,68.28084564208984,95.05000305175781,95.6500015258789,93.75,95.0,51027711,yfinance,False
2020-12-03,68.49635314941406,95.3499984741211,96.0999984741211,94.5,96.05000305175781,44310522,yfinance,False
2020-12-04,70.29227447509766,97.8499984741211,97.8499984741211,95.25,96.19999694824219,61620653,yfinance,False
2020-12-07,69.3583984375,96.55000305175781,98.6500015258789,94.9000015258789,98.6500015258789,42202274,yfinance,False
2020-12-08,66.98777770996094,93.25,96.3499984741211,93.0999984741211,96.3499984741211,37976121,yfinance,False
2020-12-09,67.84982299804688,94.44999694824219,95.75,93.6500015258789,93.75,36463617,yfinance,False
2020-12-10,67.92166900634766,94.55000305175781,95.1500015258789,93.80000305175781,94.55000305175781,19961996,yfinance,False
2020-12-11,66.59266662597656,92.69999694824219,95.30000305175781,92.30000305175781,95.30000305175781,29897513,yfinance,False
2020-12-14,67.20329284667969,93.55000305175781,93.80000305175781,92.6500015258789,93.75,28200832,yfinance,False
2020-12-15,66.73636627197266,92.9000015258789,93.5999984741211,92.19999694824219,93.55000305175781,23852122,yfinance,False
2020-12-16,67.31104278564453,93.69999694824219,94.4000015258789,93.19999694824219,93.4000015258789,19916042,yfinance,False
2020-12-17,68.28084564208984,95.05000305175781,95.05000305175781,93.05000305175781,94.69999694824219,24662635,yfinance,False
2020-12-18,66.91594696044922,93.1500015258789,95.30000305175781,92.8499984741211,95.25,44594381,yfinance,False
2020-12-21,66.98777770996094,93.25,94.0,92.30000305175781,93.44999694824219,20434971,yfinance,False
2020-12-22,65.73064422607422,91.5,94.4000015258789,90.75,93.75,23671002,yfinance,False
2020-12-23,65.58697509765625,91.30000305175781,91.5,90.5999984741211,91.30000305175781,20132095,yfinance,False
2020-12-24,66.19757843017578,92.1500015258789,92.1500015258789,92.1500015258789,92.1500015258789,0,yfinance,False
2020-12-28,66.84410858154297,93.05000305175781,93.8499984741211,91.5,92.0,24791077,yfinance,False
2020-12-29,67.09552764892578,93.4000015258789,93.9000015258789,93.1500015258789,93.19999694824219,12099920,yfinance,False
2020-12-30,67.5624771118164,94.05000305175781,94.3499984741211,92.6500015258789,94.0,19793401,yfinance,False
2020-12-31,68.31675720214844,95.0999984741211,95.0999984741211,95.0999984741211,95.0999984741211,0,yfinance,False
2021-01-04,67.74207305908203,94.30000305175781,95.69999694824219,93.05000305175781,95.0999984741211,21184836,yfinance,False
2021-01-05,67.34696197509766,93.75,93.80000305175781,92.4000015258789,93.25,23252847,yfinance,False
2021-01-06,67.23920440673828,93.5999984741211,93.80000305175781,91.8499984741211,93.69999694824219,29074923,yfinance,False
2021-01-07,68.0653305053711,94.75,95.44999694824219,93.5999984741211,94.0,31084460,yfinance,False
2021-01-08,68.67594909667969,95.5999984741211,96.5,95.19999694824219,95.75,33790927,yfinance,False
2021-01-11,67.5624771118164,94.05000305175781,96.80000305175781,93.4000015258789,96.75,35684169,yfinance,False
2021-01-12,71.58533477783203,99.6500015258789,99.69999694824219,93.5999984741211,94.30000305175781,49511207,yfinance,False
2021-01-13,72.55513000488281,101.0,102.5999984741211,99.5,100.9000015258789,50897844,yfinance,False
2021-01-14,71.54940795898438,99.5999984741211,102.69999694824219,98.55000305175781,102.69999694824219,39595356,yfinance,False
2021-01-15,74.063720703125,103.0999984741211,103.4000015258789,99.44999694824219,100.30000305175781,52666848,yfinance,False
2021-01-18,72.914306640625,101.5,102.0,99.9000015258789,102.0,36839755,yfinance,False
2021-01-19,72.98615264892578,101.5999984741211,102.5999984741211,100.0,102.5999984741211,39541197,yfinance,False
2021-01-20,72.69880676269531,101.19999694824219,103.5999984741211,99.4000015258789,103.5999984741211,48373349,yfinance,False
2021-01-21,72.1959457397461,100.5,101.80000305175781,99.25,101.80000305175781,39346761,yfinance,False
2021-01-22,70.04084014892578,97.5,100.5999984741211,97.05000305175781,100.5999984741211,41101685,yfinance,False
2021-01-25,70.68737030029297,98.4000015258789,98.75,96.5999984741211,98.19999694824219,27687908,yfinance,False
2021-01-26,68.99920654296875,96.05000305175781,98.4000015258789,95.55000305175781,98.4000015258789,39160545,yfinance,False
2021-01-27,68.96328735351562,96.0,97.55000305175781,95.5999984741211,96.8499984741211,28978789,yfinance,False
2021-01-28,67.09552764892578,93.4000015258789,95.6500015258789,93.30000305175781,95.0,46725267,yfinance,False
2021-01-29,65.58697509765625,91.30000305175781,94.55000305175781,90.6500015258789,94.55000305175781,54409051,yfinance,False
2021-02-01,65.62287902832031,91.3499984741211,92.05000305175781,90.0,91.0999984741211,26988325,yfinance,False
2021-02-02,65.55105590820312,91.25,92.69999694824219,90.8499984741211,92.69999694824219,35810379,yfinance,False
2021-02-03,64.5094223022461,89.80000305175781,91.94999694824219,88.9000015258789,91.94999694824219,50979649,yfinance,False
2021-02-04,65.91023254394531,91.75,93.5999984741211,89.8499984741211,89.8499984741211,52718364,yfinance,False
2021-02-05,65.47921752929688,91.1500015258789,92.75,90.5999984741211,92.30000305175781,38043053,yfinance,False
2021-02-08,64.94043731689453,90.4000015258789,92.25,89.9000015258789,92.0999984741211,36465971,yfinance,False
2021-02-09,64.72493743896484,90.0999984741211,90.8499984741211,89.30000305175781,90.4000015258789,27922969,yfinance,False
2021-02-10,64.97635650634766,90.44999694824219,90.94999694824219,89.75,90.0,28895933,yfinance,False
2021-02-11,64.47350311279297,89.75,89.75,89.75,89.75,0,yfinance,False
2021-02-16,65.01228332519531,90.5,91.0,89.80000305175781,90.69999694824219,37192289,yfinance,False
2021-02-17,66.88002014160156,93.0999984741211,94.30000305175781,90.1500015258789,90.69999694824219,53569088,yfinance,False
2021-02-18,66.95186614990234,93.19999694824219,95.25,92.75,94.5999984741211,39147120,yfinance,False
2021-02-19,68.60411834716797,95.5,96.0999984741211,93.1500015258789,93.94999694824219,51473486,yfinance,False
2021-02-22,67.77798461914062,94.3499984741211,96.5,93.55000305175781,96.44999694824219,39166251,yfinance,False
2021-02-23,69.17881774902344,96.30000305175781,96.9000015258789,94.19999694824219,95.0,43865672,yfinance,False
2021-02-24,68.31675720214844,95.0999984741211,97.9000015258789,94.5,97.19999694824219,46566271,yfinance,False
2021-02-25,70.11267852783203,97.5999984741211,98.9000015258789,94.6500015258789,96.0999984741211,57160568,yfinance,False
2021-02-26,68.46044158935547,95.30000305175781,97.5,94.69999694824219,96.0,44983139,yfinance,False
2021-03-01,68.7477798461914,95.69999694824219,96.9000015258789,95.05000305175781,96.9000015258789,23002093,yfinance,False
2021-03-02,68.38858795166016,95.19999694824219,96.30000305175781,93.8499984741211,96.30000305175781,25826235,yfinance,False
2021-03-03,70.61554718017578,98.30000305175781,99.1500015258789,94.4000015258789,95.19999694824219,46161719,yfinance,False
2021-03-04,70.11267852783203,97.5999984741211,99.0999984741211,97.3499984741211,98.3499984741211,36708473,yfinance,False
2021-03-05,69.43024444580078,96.6500015258789,97.30000305175781,95.30000305175781,96.5999984741211,37676675,yfinance,False
2021-03-08,70.32819366455078,97.9000015258789,99.1500015258789,97.5999984741211,98.0,42716091,yfinance,False
2021-03-09,70.75920867919922,98.5,99.4000015258789,97.5,99.4000015258789,43917718,yfinance,False
2021-03-10,70.8310546875,98.5999984741211,99.3499984741211,96.5999984741211,99.3499984741211,30635798,yfinance,False
2021-03-11,71.19022369384766,99.0999984741211,99.5999984741211,98.1500015258789,98.94999694824219,24062174,yfinance,False
2021-03-12,69.75350189208984,97.0999984741211,99.80000305175781,96.6500015258789,99.1500015258789,38684815,yfinance,False
2021-03-15,70.43594360351562,98.05000305175781,98.94999694824219,96.9000015258789,98.05000305175781,24610626,yfinance,False
2021-03-16,70.29227447509766,97.8499984741211,98.94999694824219,97.19999694824219,98.94999694824219,18072932,yfinance,False
2021-03-17,69.43024444580078,96.6500015258789,98.1500015258789,96.30000305175781,97.55000305175781,25344883,yfinance,False
2021-03-18,68.92737579345703,95.94999694824219,96.80000305175781,95.19999694824219,96.6500015258789,26256845,yfinance,False
2021-03-19,68.13716125488281,94.8499984741211,95.9000015258789,93.44999694824219,95.9000015258789,38969173,yfinance,False
2021-03-22,67.52655792236328,94.0,94.55000305175781,93.19999694824219,93.5999984741211,20645889,yfinance,False
2021-03-23,67.41880798339844,93.8499984741211,94.4000015258789,92.9000015258789,94.0,21566615,yfinance,False
2021-03-24,66.91594696044922,93.1500015258789,94.30000305175781,92.5,94.30000305175781,29903385,yfinance,False
2021-03-25,67.1314468383789,93.44999694824219,94.0999984741211,93.05000305175781,93.75,28371505,yfinance,False
2021-03-26,67.49063873291016,93.94999694824219,94.30000305175781,93.4000015258789,94.0999984741211,14964620,yfinance,False
2021-03-29,67.31104278564453,93.69999694824219,93.9000015258789,92.80000305175781,93.5,20416801,yfinance,False
2021-03-30,67.20329284667969,93.55000305175781,93.69999694824219,92.5999984741211,93.69999694824219,21489655,yfinance,False
2021-03-31,66.48493194580078,92.55000305175781,93.69999694824219,92.25,93.44999694824219,25492856,yfinance,False
2021-04-01,67.31104278564453,93.69999694824219,93.75,92.5999984741211,92.5999984741211,28065025,yfinance,False
2021-04-07,67.02369689941406,93.30000305175781,94.94999694824219,92.55000305175781,94.94999694824219,27523527,yfinance,False
2021-04-08,66.98777770996094,93.25,93.69999694824219,92.9000015258789,93.30000305175781,20038551,yfinance,False
2021-04-09,65.51513671875,91.19999694824219,93.25,91.0,93.25,37058501,yfinance,False
2021-04-12,65.29961395263672,90.9000015258789,91.75,90.3499984741211,91.5999984741211,20716509,yfinance,False
2021-04-13,65.26370239257812,90.8499984741211,92.05000305175781,90.44999694824219,90.80000305175781,14361304,yfinance,False
2021-04-14,65.76655578613281,91.55000305175781,92.5,91.3499984741211,91.80000305175781,20788391,yfinance,False
2021-04-15,65.12002563476562,90.6500015258789,90.9000015258789,89.4000015258789,90.8499984741211,32004929,yfinance,False
2021-04-16,64.72493743896484,90.0999984741211,90.25,89.19999694824219,90.0999984741211,26412486,yfinance,False
2021-04-19,64.65308380126953,90.0,90.3499984741211,89.19999694824219,89.5999984741211,18925693,yfinance,False
2021-04-20,64.94043731689453,90.4000015258789,90.8499984741211,89.30000305175781,89.5,21667653,yfinance,False
2021-04-21,63.719207763671875,88.69999694824219,89.6500015258789,88.69999694824219,89.30000305175781,41244204,yfinance,False
2021-04-22,63.1119499206543,86.19999694824219,87.55000305175781,86.19999694824219,86.9000015258789,44311520,yfinance,False
2021-04-23,63.77090072631836,87.0999984741211,89.05000305175781,86.6500015258789,87.0,47233812,yfinance,False
2021-04-26,62.96552658081055,86.0,86.69999694824219,85.5,86.30000305175781,49186054,yfinance,False
2021-04-27,62.37981033325195,85.19999694824219,86.0999984741211,84.80000305175781,86.0,47179265,yfinance,False
2021-04-28,62.526241302490234,85.4000015258789,85.4000015258789,84.69999694824219,85.19999694824219,29571374,yfinance,False
2021-04-29,63.14855194091797,86.25,87.30000305175781,85.5,85.69999694824219,36368526,yfinance,False
2021-04-30,62.1967658996582,84.94999694824219,86.0999984741211,84.80000305175781,86.0999984741211,43943074,yfinance,False
2021-05-03,60.659236907958984,82.8499984741211,84.9000015258789,82.5999984741211,84.9000015258789,67591881,yfinance,False
2021-05-04,60.183326721191406,82.19999694824219,82.3499984741211,81.25,82.0,48663194,yfinance,False
2021-05-05,60.110111236572266,82.0999984741211,83.19999694824219,81.19999694824219,81.19999694824219,44886899,yfinance,False
2021-05-06,59.7806510925293,81.6500015258789,82.9000015258789,81.05000305175781,82.19999694824219,56779471,yfinance,False
2021-05-07,59.74403381347656,81.5999984741211,82.55000305175781,81.3499984741211,82.0,38064317,yfinance,False
2021-05-10,59.85386276245117,81.75,82.1500015258789,81.05000305175781,81.6500015258789,24923906,yfinance,False
2021-05-11,59.74403381347656,81.5999984741211,81.6500015258789,80.5999984741211,81.0,34335922,yfinance,False
2021-05-12,59.23152542114258,80.9000015258789,81.69999694824219,80.6500015258789,81.6500015258789,30715077,yfinance,False
2021-05-13,57.98685073852539,79.19999694824219,80.69999694824219,79.19999694824219,80.19999694824219,41473782,yfinance,False
2021-05-14,59.451175689697266,81.19999694824219,81.55000305175781,79.80000305175781,80.3499984741211,40896808,yfinance,False
2021-05-17,59.74403381347656,81.5999984741211,82.0,80.9000015258789,82.0,28010827,yfinance,False
2021-05-18,59.85386276245117,81.75,82.69999694824219,81.55000305175781,82.5999984741211,22941145,yfinance,False
2021-05-20,59.34135055541992,81.05000305175781,81.75,80.55000305175781,81.75,32060876,yfinance,False
2021-05-21,59.59761047363281,81.4000015258789,82.05000305175781,80.8499984741211,81.8499984741211,21222847,yfinance,False
2021-05-24,59.52438735961914,81.30000305175781,81.5999984741211,80.6500015258789,81.4000015258789,14657808,yfinance,False
2021-05-25,60.76905059814453,83.0,83.44999694824219,81.4000015258789,81.4000015258789,34576985,yfinance,False
2021-05-26,61.428001403808594,83.9000015258789,84.5,83.1500015258789,83.8499984741211,35251868,yfinance,False
2021-05-27,62.05032730102539,84.75,85.0,83.69999694824219,84.3499984741211,90541510,yfinance,False
2021-05-28,62.123538970947266,84.8499984741211,85.19999694824219,84.19999694824219,85.0,27806057,yfinance,False
2021-05-31,61.8306884765625,84.44999694824219,85.05000305175781,83.19999694824219,85.05000305175781,25897441,yfinance,False
2021-06-01,61.35478591918945,83.80000305175781,84.05000305175781,82.8499984741211,84.0,20507898,yfinance,False
2021-06-02,61.061912536621094,83.4000015258789,84.0,82.80000305175781,84.0,29590113,yfinance,False
2021-06-03,60.21993637084961,82.25,83.5,82.0999984741211,83.30000305175781,27511099,yfinance,False
2021-06-04,59.89046859741211,81.80000305175781,82.25,81.30000305175781,82.25,31244093,yfinance,False
2021-06-07,59.70742416381836,81.55000305175781,81.80000305175781,81.05000305175781,81.75,21748503,yfinance,False
2021-06-08,59.59761047363281,81.4000015258789,82.25,81.0,81.55000305175781,18096465,yfinance,False
2021-06-09,59.63420486450195,81.44999694824219,82.30000305175781,81.3499984741211,81.5,14540989,yfinance,False
2021-06-10,59.26813507080078,80.94999694824219,81.80000305175781,80.6500015258789,81.4000015258789,24927942,yfinance,False
2021-06-11,59.23152542114258,80.9000015258789,81.25,80.5999984741211,81.0,16762907,yfinance,False
2021-06-15,58.352935791015625,79.69999694824219,80.9000015258789,79.0,80.9000015258789,35302850,yfinance,False
2021-06-16,58.02345657348633,79.25,79.6500015258789,78.8499984741211,79.19999694824219,29342523,yfinance,False
2021-06-17,57.657386779785156,78.75,79.19999694824219,78.4000015258789,79.0,30787095,yfinance,False
2021-06-18,56.7055778503418,77.44999694824219,78.4000015258789,77.1500015258789,78.4000015258789,50959182,yfinance,False
2021-06-21,55.68056106567383,76.05000305175781,76.6500015258789,75.69999694824219,76.19999694824219,38612332,yfinance,False
2021-06-22,55.68056106567383,76.05000305175781,77.1500015258789,76.05000305175781,76.5,19949541,yfinance,False
2021-06-23,56.852012634277344,77.6500015258789,78.1500015258789,76.0999984741211,76.0999984741211,32961696,yfinance,False
2021-06-24,56.63236618041992,77.3499984741211,77.9000015258789,76.9000015258789,77.4000015258789,16059805,yfinance,False
2021-06-25,57.43772888183594,78.44999694824219,78.80000305175781,77.6500015258789,78.0,22239600,yfinance,False
2021-06-28,56.99843978881836,77.8499984741211,78.0,77.0999984741211,77.8499984741211,16577785,yfinance,False
2021-06-29,56.083251953125,76.5999984741211,78.0999984741211,76.25,78.0999984741211,38122683,yfinance,False
2021-06-30,55.68056106567383,76.05000305175781,76.55000305175781,76.0,76.55000305175781,24796607,yfinance,False
2021-07-02,54.83858108520508,74.9000015258789,76.0,74.4000015258789,76.0,42891548,yfinance,False
2021-07-05,54.033206939697266,73.80000305175781,74.6500015258789,73.30000305175781,74.5,30543398,yfinance,False
2021-07-06,54.728759765625,74.75,75.30000305175781,73.5999984741211,73.6500015258789,31676075,yfinance,False
2021-07-07,54.83858108520508,74.9000015258789,75.69999694824219,74.0999984741211,75.0,19268024,yfinance,False
2021-07-08,52.45907211303711,71.6500015258789,74.5,71.5999984741211,74.5,42389138,yfinance,False
2021-07-09,52.16620635986328,71.25,71.94999694824219,71.0,71.0,43727321,yfinance,False
2021-07-12,52.23942565917969,71.3499984741211,72.25,71.19999694824219,71.80000305175781,26288249,yfinance,False
2021-07-13,52.6787109375,71.94999694824219,71.94999694824219,71.0,71.0,23396571,yfinance,False
2021-07-14,51.580474853515625,70.44999694824219,71.5999984741211,69.8499984741211,71.4000015258789,42935394,yfinance,False
2021-07-15,53.48408889770508,73.05000305175781,73.44999694824219,70.30000305175781,70.30000305175781,49263442,yfinance,False
2021-07-16,53.74033737182617,73.4000015258789,73.9000015258789,72.1500015258789,73.4000015258789,32977445,yfinance,False
2021-07-19,53.04479217529297,72.44999694824219,72.75,71.1500015258789,72.5,24195786,yfinance,False
2021-07-20,52.422462463378906,71.5999984741211,72.55000305175781,70.69999694824219,72.55000305175781,21192947,yfinance,False
2021-07-21,51.98317337036133,71.0,72.0,70.30000305175781,72.0,19491054,yfinance,False
2021-07-22,53.00819778442383,72.4000015258789,72.75,70.80000305175781,71.4000015258789,24651862,yfinance,False
2021-07-23,52.20281219482422,71.30000305175781,72.5,70.8499984741211,72.4000015258789,20111126,yfinance,False
2021-07-26,49.56705093383789,67.69999694824219,70.5999984741211,67.55000305175781,70.5999984741211,49922641,yfinance,False
2021-07-27,47.553611755371094,64.94999694824219,67.9000015258789,64.55000305175781,67.0,54323355,yfinance,False
2021-07-28,48.28577423095703,65.94999694824219,66.19999694824219,64.5,64.5,58397604,yfinance,False
2021-07-29,49.45722579956055,67.55000305175781,67.55000305175781,65.19999694824219,67.0,53296145,yfinance,False
2021-07-30,49.896522521972656,68.1500015258789,68.44999694824219,66.5,67.4000015258789,39778330,yfinance,False
2021-08-02,49.9697380065918,68.25,69.30000305175781,66.05000305175781,68.5,28982070,yfinance,False
2021-08-03,50.628684997558594,69.1500015258789,69.55000305175781,68.0999984741211,68.94999694824219,36107727,yfinance,False
2021-08-04,50.225990295410156,68.5999984741211,69.3499984741211,67.3499984741211,69.30000305175781,35252175,yfinance,False
2021-08-05,50.26259231567383,68.6500015258789,70.0,67.8499984741211,68.0,21013243,yfinance,False
2021-08-06,49.78669738769531,68.0,68.30000305175781,67.30000305175781,68.1500015258789,20784856,yfinance,False
2021-08-09,50.225990295410156,68.5999984741211,69.9000015258789,66.6500015258789,66.6500015258789,29315423,yfinance,False
2021-08-10,50.665287017822266,69.19999694824219,69.3499984741211,67.5,68.30000305175781,26863613,yfinance,False
2021-08-11,51.10457992553711,69.80000305175781,70.44999694824219,68.5999984741211,68.69999694824219,23439448,yfinance,False
2021-08-12,49.78669738769531,68.0,69.6500015258789,67.69999694824219,69.6500015258789,25664633,yfinance,False
2021-08-13,49.127750396728516,67.0999984741211,67.6500015258789,66.5,66.55000305175781,30061281,yfinance,False
2021-08-16,50.11616134643555,68.44999694824219,68.94999694824219,66.75,67.0999984741211,33599083,yfinance,False
2021-08-17,49.23758316040039,67.25,69.69999694824219,66.80000305175781,68.0999984741211,35507314,yfinance,False
2021-08-18,50.70189666748047,69.25,69.5999984741211,67.0999984741211,67.5,31202385,yfinance,False
2021-08-19,47.77326202392578,65.25,69.0999984741211,65.0,68.80000305175781,47355274,yfinance,False
2021-08-20,47.15093231201172,64.4000015258789,65.80000305175781,64.25,64.75,31945436,yfinance,False
2021-08-23,46.41876983642578,63.400001525878906,65.5999984741211,63.20000076293945,64.69999694824219,31829122,yfinance,False
2021-08-24,47.004493713378906,64.19999694824219,64.19999694824219,62.79999923706055,63.400001525878906,31823144,yfinance,False
2021-08-25,46.49198913574219,63.5,63.849998474121094,62.79999923706055,63.0,28043081,yfinance,False
2021-08-26,45.39374923706055,62.0,63.5,61.54999923706055,63.5,26335154,yfinance,False
2021-08-27,47.224151611328125,64.5,64.55000305175781,62.349998474121094,62.650001525878906,30491355,yfinance,False
2021-08-30,45.9794807434082,62.79999923706055,64.5999984741211,62.54999923706055,64.5,24775095,yfinance,False
2021-08-31,44.22230529785156,60.400001525878906,61.45000076293945,57.650001525878906,61.150001525878906,100895154,yfinance,False
2021-09-01,45.100894927978516,61.599998474121094,62.650001525878906,59.75,60.95000076293945,60684748,yfinance,False
2021-09-02,44.40534210205078,60.650001525878906,61.20000076293945,60.150001525878906,60.54999923706055,59971526,yfinance,False
2021-09-03,44.18569564819336,60.349998474121094,61.20000076293945,59.70000076293945,59.900001525878906,47355468,yfinance,False
2021-09-06,44.478553771972656,60.75,61.04999923706055,59.900001525878906,60.0,35892523,yfinance,False
2021-09-07,44.844635009765625,61.25,61.75,59.95000076293945,60.5,29898356,yfinance,False
2021-09-08,44.698204040527344,61.04999923706055,61.5,60.29999923706055,60.650001525878906,22563645,yfinance,False
2021-09-09,43.636573791503906,59.599998474121094,60.25,59.349998474121094,60.0,27592116,yfinance,False
2021-09-10,43.92943572998047,60.0,61.099998474121094,59.25,59.25,30411518,yfinance,False
2021-09-13,43.30710220336914,59.150001525878906,59.900001525878906,59.0,59.099998474121094,25254733,yfinance,False
2021-09-14,42.17226028442383,57.599998474121094,59.650001525878906,57.599998474121094,58.599998474121094,41740115,yfinance,False
2021-09-15,41.51331329345703,56.70000076293945,58.349998474121094,56.599998474121094,57.0,38671079,yfinance,False
2021-09-16,42.02582931518555,57.400001525878906,57.5,56.25,56.70000076293945,42589803,yfinance,False
2021-09-17,39.9025764465332,54.5,56.849998474121094,52.5,56.5,105298669,yfinance,False
2021-09-20,37.596275329589844,51.349998474121094,51.900001525878906,49.900001525878906,51.54999923706055,80351181,yfinance,False
2021-09-21,38.511474609375,52.599998474121094,53.45000076293945,49.0,50.349998474121094,100273185,yfinance,False
2021-09-23,38.8775520324707,53.099998474121094,55.849998474121094,53.0,53.0,62399848,yfinance,False
2021-09-24,39.71953582763672,54.25,55.599998474121094,53.0,53.0,50368004,yfinance,False
2021-09-27,40.268653869628906,55.0,56.45000076293945,54.29999923706055,54.29999923706055,48380818,yfinance,False
2021-09-28,41.132205963134766,55.099998474121094,55.45000076293945,53.849998474121094,54.45000076293945,37485132,yfinance,False
2021-09-29,40.72163009643555,54.54999923706055,55.25,53.400001525878906,54.650001525878906,34398950,yfinance,False
2021-09-30,39.751182556152344,53.25,54.349998474121094,52.599998474121094,54.29999923706055,43629937,yfinance,False
2021-10-04,38.2581787109375,51.25,52.75,50.79999923706055,52.5,40628565,yfinance,False
2021-10-05,38.07155227661133,51.0,51.150001525878906,48.79999923706055,50.79999923706055,52360061,yfinance,False
2021-10-06,39.265953063964844,52.599998474121094,53.04999923706055,50.20000076293945,51.099998474121094,39377150,yfinance,False
2021-10-07,42.02800750732422,56.29999923706055,56.29999923706055,53.29999923706055,53.400001525878906,46252441,yfinance,False
2021-10-08,43.18508529663086,57.849998474121094,58.099998474121094,55.79999923706055,57.5,58721239,yfinance,False
2021-10-11,44.67808532714844,59.849998474121094,60.400001525878906,58.599998474121094,58.849998474121094,50107463,yfinance,False
2021-10-12,42.36393356323242,56.75,58.54999923706055,56.099998474121094,58.400001525878906,41590356,yfinance,False
2021-10-15,42.8864860534668,57.45000076293945,57.45000076293945,54.900001525878906,56.400001525878906,41107011,yfinance,False
2021-10-18,42.40126037597656,56.79999923706055,57.849998474121094,55.849998474121094,57.849998474121094,23231667,yfinance,False
2021-10-19,43.297061920166016,58.0,58.95000076293945,56.650001525878906,56.79999923706055,35030581,yfinance,False
2021-10-20,43.55833435058594,58.349998474121094,59.150001525878906,57.75,59.0,26932639,yfinance,False
2021-10-21,46.84293746948242,62.75,63.45000076293945,58.099998474121094,59.0,84293191,yfinance,False
2021-10-22,46.76828384399414,62.650001525878906,64.6500015258789,62.0,64.5,37619033,yfinance,False
2021-10-25,46.02178955078125,61.650001525878906,62.650001525878906,60.29999923706055,62.650001525878906,24019360,yfinance,False
2021-10-26,45.27528762817383,60.650001525878906,61.900001525878906,60.29999923706055,61.900001525878906,21066913,yfinance,False
2021-10-27,44.64076232910156,59.79999923706055,60.54999923706055,59.25,60.0,18664115,yfinance,False
2021-10-28,43.55833435058594,58.349998474121094,59.5,57.099998474121094,59.0,41916419,yfinance,False
2021-10-29,41.729408264160156,55.900001525878906,57.29999923706055,55.25,57.0,56156449,yfinance,False
2021-11-01,42.251956939697266,56.599998474121094,57.29999923706055,53.79999923706055,54.20000076293945,27054529,yfinance,False
2021-11-02,41.76673126220703,55.95000076293945,57.54999923706055,55.70000076293945,57.5,18663564,yfinance,False
2021-11-03,41.617431640625,55.75,56.599998474121094,55.45000076293945,55.900001525878906,22754691,yfinance,False
2021-11-04,41.057559967041016,55.0,56.150001525878906,54.54999923706055,55.70000076293945,35668134,yfinance,False
2021-11-05,40.34838104248047,54.04999923706055,55.29999923706055,54.0,54.599998474121094,23085121,yfinance,False
2021-11-08,41.95336151123047,56.20000076293945,56.70000076293945,54.29999923706055,54.349998474121094,35441510,yfinance,False
2021-11-09,41.95336151123047,56.20000076293945,57.150001525878906,55.599998474121094,57.0,17752140,yfinance,False
2021-11-10,42.32660675048828,56.70000076293945,56.95000076293945,54.5,56.0,31225241,yfinance,False
2021-11-11,43.93158721923828,58.849998474121094,59.349998474121094,55.349998474121094,56.04999923706055,52699407,yfinance,False
2021-11-12,43.78228759765625,58.650001525878906,59.849998474121094,58.099998474121094,59.79999923706055,31584847,yfinance,False
2021-11-15,43.0731086730957,57.70000076293945,59.400001525878906,56.95000076293945,58.900001525878906,18241821,yfinance,False
2021-11-16,43.595664978027344,58.400001525878906,58.54999923706055,57.5,58.0,18470766,yfinance,False
2021-11-17,43.74496078491211,58.599998474121094,58.599998474121094,57.04999923706055,57.25,21870423,yfinance,False
2021-11-18,42.923805236816406,57.5,58.099998474121094,57.0,57.20000076293945,19866965,yfinance,False
2021-11-19,42.81184005737305,57.349998474121094,57.900001525878906,56.29999923706055,57.5,25067287,yfinance,False
2021-11-22,42.923805236816406,57.5,58.099998474121094,57.04999923706055,57.349998474121094,16090841,yfinance,False
2021-11-23,42.99845886230469,57.599998474121094,58.29999923706055,56.650001525878906,56.849998474121094,18937719,yfinance,False
2021-11-24,42.66253662109375,57.150001525878906,57.650001525878906,56.849998474121094,57.599998474121094,11662881,yfinance,False
2021-11-25,42.774505615234375,57.29999923706055,58.0,56.75,57.349998474121094,15400195,yfinance,False
2021-11-26,41.35615158081055,55.400001525878906,56.75,54.95000076293945,56.650001525878906,35037901,yfinance,False
2021-11-29,41.4681282043457,55.54999923706055,57.0,54.599998474121094,55.849998474121094,32871097,yfinance,False
2021-11-30,40.34838104248047,54.04999923706055,55.75,53.79999923706055,55.0,46850765,yfinance,False
2021-12-01,40.4976806640625,54.25,55.29999923706055,53.849998474121094,54.54999923706055,30133862,yfinance,False
2021-12-02,41.31883239746094,55.349998474121094,55.650001525878906,54.099998474121094,54.25,32129425,yfinance,False
2021-12-03,41.39348220825195,55.45000076293945,55.79999923706055,54.400001525878906,55.45000076293945,31040056,yfinance,False
2021-12-06,41.580108642578125,55.70000076293945,56.099998474121094,54.349998474121094,54.349998474121094,30128785,yfinance,False
2021-12-07,42.99845886230469,57.599998474121094,57.650001525878906,55.04999923706055,55.75,27771393,yfinance,False
2021-12-08,43.52101135253906,58.29999923706055,58.349998474121094,57.349998474121094,57.599998474121094,28233980,yfinance,False
2021-12-09,43.96891784667969,58.900001525878906,59.400001525878906,58.29999923706055,58.54999923706055,25555735,yfinance,False
2021-12-10,43.14775848388672,57.79999923706055,58.95000076293945,57.70000076293945,58.29999923706055,14545772,yfinance,False
2021-12-13,43.11043930053711,57.75,59.45000076293945,57.650001525878906,58.400001525878906,22112396,yfinance,False
2021-12-14,42.550559997558594,57.0,57.849998474121094,56.5,56.75,19710689,yfinance,False
2021-12-15,42.214630126953125,56.54999923706055,57.79999923706055,56.20000076293945,56.20000076293945,17583393,yfinance,False
2021-12-16,42.47591018676758,56.900001525878906,57.349998474121094,55.900001525878906,56.0,31888665,yfinance,False
2021-12-17,42.28928756713867,56.650001525878906,57.75,56.150001525878906,56.150001525878906,21586496,yfinance,False
2021-12-20,41.87870407104492,56.099998474121094,57.04999923706055,55.70000076293945,56.650001525878906,14019422,yfinance,False
2021-12-21,42.43858337402344,56.849998474121094,57.75,56.400001525878906,57.0,18846279,yfinance,False
2021-12-22,41.80405807495117,56.0,57.150001525878906,55.650001525878906,57.0,17706183,yfinance,False
2021-12-23,41.95336151123047,56.20000076293945,56.5,55.599998474121094,55.70000076293945,10604148,yfinance,False
2021-12-24,41.91603469848633,56.150001525878906,56.45000076293945,55.900001525878906,56.0,4562017,yfinance,False
2021-12-28,42.81184005737305,57.349998474121094,57.599998474121094,56.0,56.0,15526557,yfinance,False
2021-12-29,42.40126037597656,56.79999923706055,57.599998474121094,56.75,57.25,8752780,yfinance,False
2021-12-30,42.02800750732422,56.29999923706055,57.20000076293945,56.150001525878906,57.0,14293760,yfinance,False
2021-12-31,41.91603469848633,56.150001525878906,56.900001525878906,56.099998474121094,56.599998474121094,10377182,yfinance,False
2022-01-03,41.617431640625,55.75,56.95000076293945,55.599998474121094,56.79999923706055,7231921,yfinance,False
2022-01-04,42.177310943603516,56.5,56.95000076293945,55.75,55.95000076293945,17975862,yfinance,False
2022-01-05,42.40126037597656,56.79999923706055,58.0,56.599998474121094,57.5,28768656,yfinance,False
2022-01-06,43.297061920166016,58.0,58.0,56.900001525878906,56.900001525878906,15464523,yfinance,False
2022-01-07,45.611209869384766,61.099998474121094,61.099998474121094,57.54999923706055,58.0,46904651,yfinance,False
2022-01-10,46.208412170410156,61.900001525878906,62.20000076293945,60.099998474121094,61.29999923706055,30731684,yfinance,False
2022-01-11,45.461910247802734,60.900001525878906,62.150001525878906,60.45000076293945,61.79999923706055,27442637,yfinance,False
2022-01-12,45.611209869384766,61.099998474121094,61.5,59.650001525878906,60.900001525878906,22981141,yfinance,False
2022-01-13,46.2457389831543,61.95000076293945,62.79999923706055,61.349998474121094,61.95000076293945,25546228,yfinance,False
2022-01-14,45.79783630371094,61.349998474121094,62.25,60.45000076293945,62.0,20388914,yfinance,False
2022-01-17,45.27528762817383,60.650001525878906,61.150001525878906,60.29999923706055,61.0,13193036,yfinance,False
2022-01-18,45.424591064453125,60.849998474121094,61.45000076293945,60.25,61.0,11347260,yfinance,False
2022-01-19,45.83516311645508,61.400001525878906,62.20000076293945,60.75,61.54999923706055,20422063,yfinance,False
2022-01-20,49.11976623535156,65.80000305175781,65.9000015258789,61.45000076293945,61.79999923706055,65654241,yfinance,False
2022-01-21,49.231746673583984,65.94999694824219,65.94999694824219,64.80000305175781,65.69999694824219,37051689,yfinance,False
2022-01-24,48.85849380493164,65.44999694824219,65.8499984741211,64.44999694824219,65.44999694824219,28427376,yfinance,False
2022-01-25,46.059112548828125,61.70000076293945,64.6500015258789,61.099998474121094,64.05000305175781,42535624,yfinance,False
2022-01-26,47.104217529296875,63.099998474121094,64.1500015258789,62.29999923706055,62.5,25384709,yfinance,False
2022-01-27,45.611209869384766,61.099998474121094,62.849998474121094,61.0,62.099998474121094,30045645,yfinance,False
2022-01-28,45.20063400268555,60.54999923706055,61.95000076293945,60.25,61.45000076293945,19418146,yfinance,False
2022-01-31,45.72318649291992,61.25,61.25,61.25,61.25,0,yfinance,False
2022-02-04,47.552120208740234,63.70000076293945,64.25,61.79999923706055,61.79999923706055,31145605,yfinance,False
2022-02-07,47.552120208740234,63.70000076293945,64.0999984741211,62.349998474121094,63.70000076293945,22569018,yfinance,False
2022-02-08,47.92536544799805,64.19999694824219,65.1500015258789,63.099998474121094,64.5,21613235,yfinance,False
2022-02-09,48.89582061767578,65.5,66.19999694824219,64.6500015258789,65.5,35183353,yfinance,False
2022-02-10,49.79161834716797,66.69999694824219,66.69999694824219,64.8499984741211,65.5,27321538,yfinance,False
2022-02-11,51.73252868652344,69.30000305175781,69.4000015258789,66.44999694824219,67.0999984741211,50383109,yfinance,False
2022-02-14,49.75429153442383,66.6500015258789,68.8499984741211,66.0999984741211,68.75,33151011,yfinance,False
2022-02-15,48.00001525878906,64.30000305175781,65.6500015258789,63.650001525878906,65.30000305175781,33897128,yfinance,False
2022-02-16,49.67964553833008,66.55000305175781,66.5999984741211,64.5,64.6500015258789,25654389,yfinance,False
2022-02-17,49.71696853637695,66.5999984741211,67.44999694824219,65.0,66.75,20747960,yfinance,False
2022-02-18,49.79161834716797,66.69999694824219,67.30000305175781,65.8499984741211,66.5999984741211,22644335,yfinance,False
2022-02-21,50.16486358642578,67.19999694824219,67.25,65.8499984741211,66.69999694824219,19398855,yfinance,False
2022-02-22,48.11199188232422,64.44999694824219,65.9000015258789,63.95000076293945,65.8499984741211,27767266,yfinance,False
2022-02-23,47.88804244995117,64.1500015258789,64.80000305175781,63.79999923706055,64.30000305175781,14498596,yfinance,False
2022-02-24,45.79783630371094,61.349998474121094,63.150001525878906,61.150001525878906,62.0,42257959,yfinance,False
2022-02-25,45.23796463012695,60.599998474121094,62.25,60.45000076293945,61.349998474121094,28176635,yfinance,False
2022-02-28,45.088661193847656,60.400001525878906,60.70000076293945,59.5,60.29999923706055,37009640,yfinance,False
2022-03-01,45.3126106262207,60.70000076293945,61.29999923706055,59.70000076293945,60.70000076293945,21443051,yfinance,False
2022-03-02,43.93158721923828,58.849998474121094,60.5,58.599998474121094,60.150001525878906,27505078,yfinance,False
2022-03-03,44.08088684082031,59.04999923706055,60.29999923706055,58.79999923706055,58.849998474121094,18375763,yfinance,False
2022-03-04,43.33438491821289,58.04999923706055,58.79999923706055,57.849998474121094,58.45000076293945,28972681,yfinance,False
2022-03-07,41.09488296508789,55.04999923706055,57.25,55.0,57.0,42285899,yfinance,False
2022-03-08,40.27373123168945,53.95000076293945,56.099998474121094,53.54999923706055,55.5,35884847,yfinance,False
2022-03-09,39.82583236694336,53.349998474121094,55.04999923706055,52.099998474121094,54.29999923706055,38150491,yfinance,False
2022-03-10,41.09488296508789,55.04999923706055,55.79999923706055,54.04999923706055,55.099998474121094,27457662,yfinance,False
2022-03-11,40.945579528808594,54.849998474121094,55.75,52.849998474121094,54.79999923706055,34598291,yfinance,False
2022-03-14,39.60187530517578,53.04999923706055,54.349998474121094,52.599998474121094,52.849998474121094,39426431,yfinance,False
2022-03-15,34.60031509399414,46.349998474121094,51.599998474121094,45.79999923706055,51.349998474121094,114500513,yfinance,False
2022-03-16,37.36237716674805,50.04999923706055,50.79999923706055,46.349998474121094,48.150001525878906,74007574,yfinance,False
2022-03-17,41.28150177001953,55.29999923706055,55.54999923706055,52.0,53.79999923706055,72683525,yfinance,False
2022-03-18,43.259735107421875,57.95000076293945,58.150001525878906,53.400001525878906,54.099998474121094,73953352,yfinance,False
2022-03-21,40.8336067199707,54.70000076293945,57.95000076293945,54.25,57.95000076293945,49443901,yfinance,False
2022-03-22,41.729408264160156,55.900001525878906,56.5,54.349998474121094,54.650001525878906,37614721,yfinance,False
2022-03-23,42.32660675048828,56.70000076293945,56.95000076293945,55.349998474121094,56.0,30629848,yfinance,False
2022-03-24,42.43858337402344,56.849998474121094,57.599998474121094,55.900001525878906,56.20000076293945,19302204,yfinance,False
2022-03-25,41.39348220825195,55.45000076293945,57.400001525878906,55.099998474121094,56.20000076293945,22571776,yfinance,False
2022-03-28,41.35615158081055,55.400001525878906,56.099998474121094,54.099998474121094,55.0,20427980,yfinance,False
2022-03-29,41.39348220825195,55.45000076293945,55.849998474121094,54.650001525878906,55.75,12596203,yfinance,False
2022-03-30,42.102664947509766,56.400001525878906,56.75,55.0,55.0,24284905,yfinance,False
2022-03-31,41.542789459228516,55.650001525878906,56.54999923706055,55.29999923706055,56.400001525878906,20646612,yfinance,False
2022-04-01,42.177310943603516,56.5,56.5,55.20000076293945,55.25,18243494,yfinance,False
2022-04-04,44.230186462402344,59.25,59.29999923706055,56.150001525878906,56.95000076293945,37866551,yfinance,False
2022-04-06,43.63298797607422,58.45000076293945,59.650001525878906,57.75,58.54999923706055,34879600,yfinance,False
2022-04-07,42.774505615234375,57.29999923706055,58.5,56.79999923706055,57.900001525878906,15741981,yfinance,False
2022-04-08,44.04356002807617,59.0,59.20000076293945,57.29999923706055,57.29999923706055,21789977,yfinance,False
2022-04-11,41.617431640625,55.75,58.900001525878906,55.349998474121094,58.900001525878906,27848101,yfinance,False
2022-04-12,41.39348220825195,55.45000076293945,56.25,54.599998474121094,55.599998474121094,21404986,yfinance,False
2022-04-13,41.28150177001953,55.29999923706055,55.849998474121094,54.75,55.349998474121094,17441683,yfinance,False
2022-04-14,42.774505615234375,57.29999923706055,57.70000076293945,55.29999923706055,55.849998474121094,23274761,yfinance,False
2022-04-19,41.020233154296875,54.95000076293945,55.95000076293945,54.20000076293945,55.54999923706055,28497005,yfinance,False
2022-04-20,39.8631591796875,53.400001525878906,54.900001525878906,53.099998474121094,54.5,32504875,yfinance,False
2022-04-21,40.04978561401367,53.650001525878906,54.150001525878906,52.849998474121094,52.900001525878906,17668306,yfinance,False
2022-04-22,39.30327606201172,52.650001525878906,53.650001525878906,52.20000076293945,52.5,26110964,yfinance,False
2022-04-25,37.772953033447266,50.599998474121094,52.45000076293945,49.95000076293945,52.45000076293945,42882174,yfinance,False
2022-04-26,36.83982849121094,49.349998474121094,50.900001525878906,48.95000076293945,50.599998474121094,33256704,yfinance,False
2022-04-27,36.54122543334961,48.95000076293945,49.25,47.54999923706055,48.0,32668945,yfinance,False
2022-04-28,37.28772735595703,49.95000076293945,50.04999923706055,48.400001525878906,49.04999923706055,27549387,yfinance,False
2022-04-29,38.370155334472656,51.400001525878906,51.650001525878906,48.900001525878906,49.79999923706055,31098398,yfinance,False
2022-05-03,38.93003463745117,52.150001525878906,52.849998474121094,50.900001525878906,51.400001525878906,17571056,yfinance,False
2022-05-04,38.29550552368164,51.29999923706055,52.04999923706055,51.099998474121094,51.95000076293945,10507968,yfinance,False
2022-05-05,38.07155227661133,51.0,52.099998474121094,50.95000076293945,51.349998474121094,13403007,yfinance,False
2022-05-06,36.31727600097656,48.650001525878906,50.29999923706055,48.650001525878906,50.150001525878906,21618000,yfinance,False
2022-05-10,35.83204650878906,48.0,48.5,47.0,47.04999923706055,27514694,yfinance,False
2022-05-11,35.49612045288086,47.54999923706055,48.25,47.29999923706055,47.599998474121094,28119896,yfinance,False
2022-05-12,34.56300354003906,46.29999923706055,47.70000076293945,46.0,46.79999923706055,31490164,yfinance,False
2022-05-13,34.898921966552734,46.75,47.349998474121094,46.0,46.54999923706055,31414465,yfinance,False
2022-05-16,34.749629974365234,46.54999923706055,47.25,45.849998474121094,47.0,27875359,yfinance,False
2022-05-17,36.1679801940918,48.45000076293945,48.5,46.70000076293945,47.04999923706055,30737702,yfinance,False
2022-05-18,36.13065719604492,48.400001525878906,48.95000076293945,47.900001525878906,48.95000076293945,17484174,yfinance,False
2022-05-19,35.085548400878906,47.0,47.70000076293945,46.75,47.5,25884469,yfinance,False
2022-05-20,36.20530319213867,48.5,48.599998474121094,47.29999923706055,47.29999923706055,26017118,yfinance,False
2022-05-23,35.60810470581055,47.70000076293945,48.349998474121094,47.150001525878906,48.04999923706055,21587137,yfinance,False
2022-05-24,35.085548400878906,47.0,48.29999923706055,46.75,47.650001525878906,19290687,yfinance,False
2022-05-25,34.97357177734375,46.849998474121094,47.45000076293945,46.54999923706055,46.95000076293945,23314654,yfinance,False
2022-05-26,34.78694534301758,46.599998474121094,47.20000076293945,46.20000076293945,46.849998474121094,22005787,yfinance,False
2022-05-27,36.13065719604492,48.400001525878906,48.400001525878906,47.349998474121094,47.400001525878906,28697404,yfinance,False
2022-05-30,36.95180130004883,49.5,49.75,48.75,49.099998474121094,32347314,yfinance,False
2022-05-31,37.54899978637695,50.29999923706055,50.29999923706055,49.20000076293945,49.650001525878906,120325146,yfinance,False
2022-06-01,37.203216552734375,48.04999923706055,48.54999923706055,47.70000076293945,48.099998474121094,33642838,yfinance,False
2022-06-02,36.3902473449707,47.0,47.650001525878906,46.70000076293945,47.650001525878906,27835393,yfinance,False
2022-06-06,37.66777801513672,48.650001525878906,48.70000076293945,46.349998474121094,47.29999923706055,24462022,yfinance,False
2022-06-07,37.28064727783203,48.150001525878906,48.70000076293945,47.599998474121094,48.70000076293945,23482802,yfinance,False
2022-06-08,38.20975875854492,49.349998474121094,49.400001525878906,48.0,48.25,29382849,yfinance,False
2022-06-09,37.783912658691406,48.79999923706055,49.849998474121094,48.70000076293945,49.349998474121094,25166241,yfinance,False
2022-06-10,37.512916564941406,48.45000076293945,48.900001525878906,47.900001525878906,48.900001525878906,24012244,yfinance,False
2022-06-13,36.19668197631836,46.75,47.45000076293945,46.70000076293945,47.29999923706055,29281957,yfinance,False
2022-06-14,36.23539352416992,46.79999923706055,47.599998474121094,45.79999923706055,46.099998474121094,28682151,yfinance,False
2022-06-15,39.13887023925781,50.54999923706055,51.29999923706055,46.5,46.5,67626944,yfinance,False
2022-06-16,38.28718185424805,49.45000076293945,52.0,48.79999923706055,51.099998474121094,36613694,yfinance,False
2022-06-17,39.2162971496582,50.650001525878906,51.20000076293945,49.29999923706055,49.45000076293945,32822941,yfinance,False
2022-06-20,39.603431701660156,51.150001525878906,51.20000076293945,49.650001525878906,50.29999923706055,29994727,yfinance,False
2022-06-21,40.6873893737793,52.54999923706055,53.5,51.20000076293945,51.75,37427985,yfinance,False
2022-06-22,39.87442398071289,51.5,52.75,51.5,52.599998474121094,23999363,yfinance,False
2022-06-23,40.648677825927734,52.5,53.04999923706055,51.54999923706055,51.54999923706055,23044265,yfinance,False
2022-06-24,41.5003662109375,53.599998474121094,53.79999923706055,52.650001525878906,52.95000076293945,34271569,yfinance,False
2022-06-27,42.119773864746094,54.400001525878906,54.650001525878906,53.20000076293945,54.04999923706055,34675690,yfinance,False
2022-06-28,42.119773864746094,54.400001525878906,54.54999923706055,53.25,54.0,27898247,yfinance,False
2022-06-29,41.65521240234375,53.79999923706055,54.900001525878906,53.29999923706055,54.29999923706055,28968872,yfinance,False
2022-06-30,41.306800842285156,53.349998474121094,54.25,53.04999923706055,53.599998474121094,24442537,yfinance,False
2022-07-04,41.422943115234375,53.5,53.95000076293945,52.70000076293945,53.25,23698625,yfinance,False
2022-07-05,41.26808166503906,53.29999923706055,54.45000076293945,52.900001525878906,53.900001525878906,15417988,yfinance,False
2022-07-06,40.377685546875,52.150001525878906,53.25,51.349998474121094,53.25,25038258,yfinance,False
2022-07-07,40.648677825927734,52.5,52.75,51.349998474121094,51.400001525878906,14494098,yfinance,False
2022-07-08,40.9196662902832,52.849998474121094,53.400001525878906,52.5,53.20000076293945,11600697,yfinance,False
2022-07-11,39.99055862426758,51.650001525878906,52.650001525878906,51.29999923706055,52.650001525878906,13831583,yfinance,False
2022-07-12,39.75827407836914,51.349998474121094,52.20000076293945,51.04999923706055,51.20000076293945,15913110,yfinance,False
2022-07-13,39.33243942260742,50.79999923706055,52.29999923706055,50.45000076293945,51.45000076293945,22766845,yfinance,False
2022-07-14,37.203216552734375,48.04999923706055,50.849998474121094,47.75,50.79999923706055,64317650,yfinance,False
2022-07-15,36.23539352416992,46.79999923706055,48.70000076293945,46.5,47.5,38052744,yfinance,False
2022-07-18,37.822628021240234,48.849998474121094,49.400001525878906,47.400001525878906,47.5,27421818,yfinance,False
2022-07-19,37.512916564941406,48.45000076293945,49.25,48.29999923706055,49.0,13719825,yfinance,False
2022-07-20,37.822628021240234,48.849998474121094,49.70000076293945,48.75,49.099998474121094,20776771,yfinance,False
2022-07-21,36.545101165771484,47.20000076293945,48.900001525878906,47.150001525878906,48.849998474121094,31455297,yfinance,False
2022-07-22,36.66123962402344,47.349998474121094,48.099998474121094,47.150001525878906,47.25,15782316,yfinance,False
2022-07-25,36.73866653442383,47.45000076293945,48.0,47.0,47.150001525878906,20654286,yfinance,False
2022-07-26,37.783912658691406,48.79999923706055,48.95000076293945,47.400001525878906,47.400001525878906,23949566,yfinance,False
2022-07-27,37.203216552734375,48.04999923706055,48.349998474121094,47.650001525878906,48.20000076293945,14893149,yfinance,False
2022-07-28,37.048362731933594,47.849998474121094,48.349998474121094,47.650001525878906,48.20000076293945,21203264,yfinance,False
2022-07-29,35.770835876464844,46.20000076293945,47.650001525878906,46.0,47.5,40320433,yfinance,False
2022-08-01,35.732120513916016,46.150001525878906,46.650001525878906,45.75,46.650001525878906,26081660,yfinance,False
2022-08-02,34.7255859375,44.849998474121094,45.849998474121094,44.400001525878906,45.849998474121094,27368934,yfinance,False
2022-08-03,34.686866760253906,44.79999923706055,45.45000076293945,44.5,44.849998474121094,26243099,yfinance,False
2022-08-04,34.99657440185547,45.20000076293945,45.75,44.79999923706055,44.79999923706055,23159473,yfinance,False
2022-08-05,35.2675666809082,45.54999923706055,45.79999923706055,44.900001525878906,45.400001525878906,13431049,yfinance,False
2022-08-08,34.803009033203125,44.95000076293945,45.650001525878906,44.849998474121094,45.0,12835606,yfinance,False
2022-08-09,34.7255859375,44.849998474121094,45.5,44.70000076293945,44.900001525878906,17615171,yfinance,False
2022-08-10,33.83518600463867,43.70000076293945,44.79999923706055,43.25,44.54999923706055,36335993,yfinance,False
2022-08-11,34.84172821044922,45.0,45.04999923706055,43.5,43.79999923706055,26336383,yfinance,False
2022-08-12,34.76430130004883,44.900001525878906,45.099998474121094,44.54999923706055,44.95000076293945,17019745,yfinance,False
2022-08-15,34.222320556640625,44.20000076293945,45.0,44.04999923706055,44.099998474121094,16700549,yfinance,False
2022-08-16,33.99003601074219,43.900001525878906,44.75,43.70000076293945,44.04999923706055,19650826,yfinance,False
2022-08-17,33.873897552490234,43.75,44.20000076293945,43.29999923706055,43.849998474121094,25352659,yfinance,False
2022-08-18,33.370628356933594,43.099998474121094,43.75,43.04999923706055,43.5,20335202,yfinance,False
2022-08-19,33.71904373168945,43.54999923706055,43.599998474121094,42.900001525878906,42.900001525878906,19492623,yfinance,False
2022-08-22,33.680335998535156,43.5,44.5,42.849998474121094,42.900001525878906,22652730,yfinance,False
2022-08-23,33.254493713378906,42.95000076293945,43.599998474121094,42.54999923706055,43.0,26951446,yfinance,False
2022-08-24,34.106178283691406,44.04999923706055,44.79999923706055,43.54999923706055,43.54999923706055,47247626,yfinance,False
2022-08-25,35.92569351196289,46.400001525878906,46.70000076293945,44.0,44.0,45523861,yfinance,False
2022-08-26,36.119258880615234,46.650001525878906,46.650001525878906,45.54999923706055,46.400001525878906,35911718,yfinance,False
2022-08-29,35.8869743347168,46.349998474121094,46.5,45.54999923706055,46.04999923706055,22299551,yfinance,False
2022-08-30,35.5772705078125,45.95000076293945,46.29999923706055,45.400001525878906,46.099998474121094,21896807,yfinance,False
2022-08-31,35.8869743347168,46.349998474121094,47.20000076293945,45.04999923706055,45.25,28578964,yfinance,False
2022-09-01,35.654701232910156,46.04999923706055,46.599998474121094,45.599998474121094,45.79999923706055,18374320,yfinance,False
2022-09-02,35.38371276855469,45.70000076293945,46.45000076293945,45.54999923706055,45.95000076293945,18347638,yfinance,False
2022-09-05,35.19013977050781,45.45000076293945,45.900001525878906,45.0,45.400001525878906,14836866,yfinance,False
2022-09-06,35.38371276855469,45.70000076293945,46.650001525878906,45.349998474121094,45.599998474121094,18302172,yfinance,False
2022-09-07,35.306278228759766,45.599998474121094,45.900001525878906,45.0,45.04999923706055,16040526,yfinance,False
2022-09-08,34.91914749145508,45.099998474121094,45.95000076293945,45.099998474121094,45.849998474121094,17149035,yfinance,False
2022-09-09,36.77737045288086,47.5,47.849998474121094,45.25,45.25,34151561,yfinance,False
2022-09-13,36.77737045288086,47.5,48.349998474121094,47.150001525878906,47.5,25007068,yfinance,False
2022-09-14,35.53855514526367,45.900001525878906,46.900001525878906,45.900001525878906,46.54999923706055,22087964,yfinance,False
2022-09-15,36.04182815551758,46.54999923706055,47.400001525878906,45.849998474121094,45.900001525878906,18505028,yfinance,False
2022-09-16,35.42241287231445,45.75,46.45000076293945,45.400001525878906,45.95000076293945,22728781,yfinance,False
2022-09-19,34.84172821044922,45.0,45.849998474121094,44.70000076293945,45.5,22516548,yfinance,False
2022-09-20,34.93061828613281,44.04999923706055,44.75,43.29999923706055,44.599998474121094,25955577,yfinance,False
2022-09-21,33.899757385253906,42.75,43.599998474121094,42.599998474121094,43.5,30873333,yfinance,False
2022-09-22,33.30501937866211,42.0,42.25,41.400001525878906,41.650001525878906,35529568,yfinance,False
2022-09-23,33.30501937866211,42.0,43.0,41.70000076293945,41.75,23003436,yfinance,False
2022-09-26,32.948184967041016,41.54999923706055,42.599998474121094,41.0,41.79999923706055,28499454,yfinance,False
2022-09-27,32.27415466308594,40.70000076293945,41.70000076293945,40.54999923706055,41.150001525878906,32484857,yfinance,False
2022-09-28,30.926090240478516,39.0,40.79999923706055,39.0,40.70000076293945,44766649,yfinance,False
2022-09-29,30.410655975341797,38.349998474121094,40.20000076293945,37.75,39.70000076293945,44690921,yfinance,False
2022-09-30,31.084688186645508,39.20000076293945,39.849998474121094,38.650001525878906,38.79999923706055,35930029,yfinance,False
2022-10-03,29.73662567138672,37.5,39.349998474121094,37.0,39.20000076293945,37985312,yfinance,False
2022-10-05,32.59134292602539,41.099998474121094,41.54999923706055,39.0,39.25,55608848,yfinance,False
2022-10-06,32.43274688720703,40.900001525878906,41.599998474121094,40.75,41.150001525878906,11944573,yfinance,False
2022-10-07,31.83802032470703,40.150001525878906,40.70000076293945,40.04999923706055,40.45000076293945,11025996,yfinance,False
2022-10-10,31.203632354736328,39.349998474121094,40.20000076293945,39.20000076293945,39.54999923706055,24049836,yfinance,False
2022-10-11,30.410655975341797,38.349998474121094,39.650001525878906,38.25,39.650001525878906,25947121,yfinance,False
2022-10-12,30.807146072387695,38.849998474121094,39.650001525878906,38.099998474121094,38.650001525878906,32105758,yfinance,False
2022-10-13,30.133115768432617,38.0,38.900001525878906,37.95000076293945,38.849998474121094,22730579,yfinance,False
2022-10-14,30.25206756591797,38.150001525878906,39.70000076293945,37.95000076293945,38.70000076293945,29315892,yfinance,False
2022-10-17,30.331361770629883,38.25,38.599998474121094,37.349998474121094,37.95000076293945,25599119,yfinance,False
2022-10-18,30.529605865478516,38.5,38.849998474121094,37.400001525878906,38.650001525878906,22923218,yfinance,False
2022-10-19,29.617679595947266,37.349998474121094,38.70000076293945,37.29999923706055,38.099998474121094,17576844,yfinance,False
2022-10-20,29.57802963256836,37.29999923706055,37.400001525878906,36.5,37.0,26865575,yfinance,False
2022-10-21,29.181543350219727,36.79999923706055,37.29999923706055,36.5,37.29999923706055,19128837,yfinance,False
2022-10-24,25.969987869262695,32.75,36.25,32.54999923706055,36.0,72228174,yfinance,False
2022-10-25,26.207881927490234,33.04999923706055,33.650001525878906,32.0,32.29999923706055,46845309,yfinance,False
2022-10-26,26.564722061157227,33.5,34.0,32.29999923706055,32.29999923706055,44227175,yfinance,False
2022-10-27,26.723316192626953,33.70000076293945,35.04999923706055,33.54999923706055,34.0,38568141,yfinance,False
2022-10-28,25.732093811035156,32.45000076293945,34.20000076293945,32.29999923706055,33.75,42848969,yfinance,False
2022-10-31,24.89946746826172,31.399999618530273,33.0,31.299999237060547,32.29999923706055,49959994,yfinance,False
2022-11-01,26.04928207397461,32.849998474121094,33.150001525878906,31.399999618530273,31.799999237060547,62705403,yfinance,False
2022-11-02,26.406124114990234,33.29999923706055,33.5,32.04999923706055,32.54999923706055,33452365,yfinance,False
2022-11-03,25.295955657958984,31.899999618530273,33.0,31.700000762939453,32.75,31288109,yfinance,False
2022-11-04,27.47664451599121,34.650001525878906,35.04999923706055,32.099998474121094,32.099998474121094,72105351,yfinance,False
2022-11-07,29.181543350219727,36.79999923706055,37.04999923706055,34.45000076293945,34.70000076293945,71677727,yfinance,False
2022-11-08,28.626462936401367,36.099998474121094,37.0,35.79999923706055,37.0,37535697,yfinance,False
2022-11-09,28.111026763916016,35.45000076293945,36.45000076293945,35.04999923706055,35.849998474121094,31787862,yfinance,False
2022-11-10,27.555938720703125,34.75,34.900001525878906,34.349998474121094,34.75,22335655,yfinance,False
2022-11-11,31.282928466796875,39.45000076293945,39.45000076293945,36.599998474121094,37.0,70560459,yfinance,False
2022-11-14,33.22572708129883,41.900001525878906,42.95000076293945,41.099998474121094,42.900001525878906,96173258,yfinance,False
2022-11-15,35.00992202758789,44.150001525878906,44.20000076293945,42.0,42.5,77359850,yfinance,False
2022-11-16,35.24781799316406,44.45000076293945,44.5,43.5,44.5,64946586,yfinance,False
2022-11-17,34.97026824951172,44.099998474121094,44.150001525878906,41.900001525878906,43.79999923706055,53548573,yfinance,False
2022-11-18,33.661861419677734,42.45000076293945,44.0,42.099998474121094,44.0,35609312,yfinance,False
2022-11-21,32.6309928894043,41.150001525878906,41.5,40.04999923706055,41.5,33588039,yfinance,False
2022-11-22,32.789581298828125,41.349998474121094,42.0,40.849998474121094,41.150001525878906,27896519,yfinance,False
2022-11-23,33.14642333984375,41.79999923706055,42.400001525878906,41.20000076293945,41.349998474121094,23050040,yfinance,False
2022-11-24,33.74115753173828,42.54999923706055,42.599998474121094,41.900001525878906,42.25,21281846,yfinance,False
2022-11-25,34.77202606201172,43.849998474121094,43.95000076293945,42.20000076293945,42.54999923706055,30453567,yfinance,False
2022-11-28,33.18606948852539,41.849998474121094,42.04999923706055,40.349998474121094,42.04999923706055,46328302,yfinance,False
2022-11-29,37.4681510925293,47.25,47.400001525878906,43.0,43.0,96954957,yfinance,False
2022-11-30,37.8646354675293,47.75,48.0,46.54999923706055,47.25,79715289,yfinance,False
2022-12-01,37.70603942871094,47.54999923706055,50.0,47.349998474121094,49.349998474121094,48325221,yfinance,False
2022-12-02,37.11130905151367,46.79999923706055,47.79999923706055,46.29999923706055,47.54999923706055,37282518,yfinance,False
2022-12-05,41.988121032714844,52.95000076293945,53.099998474121094,48.150001525878906,48.79999923706055,102675588,yfinance,False
2022-12-06,40.95724868774414,51.650001525878906,52.04999923706055,50.099998474121094,51.599998474121094,73352584,yfinance,False
2022-12-07,38.93515396118164,49.099998474121094,51.900001525878906,49.04999923706055,51.5,69557276,yfinance,False
2022-12-08,40.798648834228516,51.45000076293945,51.650001525878906,49.25,49.25,39187167,yfinance,False
2022-12-09,41.829524993896484,52.75,52.95000076293945,51.20000076293945,51.45000076293945,58059903,yfinance,False
2022-12-12,39.92637252807617,50.349998474121094,52.0,50.099998474121094,51.95000076293945,32128581,yfinance,False
2022-12-13,40.402164459228516,50.95000076293945,51.54999923706055,50.45000076293945,50.45000076293945,35069160,yfinance,False
2022-12-14,40.2832145690918,50.79999923706055,51.900001525878906,50.349998474121094,51.900001525878906,31017646,yfinance,False
2022-12-15,39.56953811645508,49.900001525878906,51.400001525878906,49.400001525878906,50.75,37282854,yfinance,False
2022-12-16,40.44181442260742,51.0,51.599998474121094,49.79999923706055,49.900001525878906,33531772,yfinance,False
2022-12-19,39.56953811645508,49.900001525878906,51.75,49.349998474121094,50.900001525878906,22882399,yfinance,False
2022-12-20,38.93515396118164,49.099998474121094,49.650001525878906,48.099998474121094,49.29999923706055,22328766,yfinance,False
2022-12-21,39.529884338378906,49.849998474121094,50.099998474121094,48.95000076293945,49.25,21560658,yfinance,False
2022-12-22,40.045326232910156,50.5,51.0,50.150001525878906,51.0,28974097,yfinance,False
2022-12-23,40.005680084228516,50.45000076293945,50.900001525878906,49.75,50.349998474121094,18858935,yfinance,False
2022-12-28,40.64005661010742,51.25,52.04999923706055,50.79999923706055,50.849998474121094,34303984,yfinance,False
2022-12-29,40.20391845703125,50.70000076293945,50.849998474121094,48.900001525878906,50.79999923706055,33101762,yfinance,False
2022-12-30,40.95724868774414,51.650001525878906,52.75,51.150001525878906,51.20000076293945,31803365,yfinance,False
2023-01-03,41.908817291259766,52.849998474121094,53.0,50.400001525878906,51.0,36929088,yfinance,False
2023-01-04,44.168800354003906,55.70000076293945,55.75,52.95000076293945,53.25,47876092,yfinance,False
2023-01-05,43.930912017822266,55.400001525878906,56.54999923706055,54.79999923706055,56.400001525878906,44636366,yfinance,False
2023-01-06,44.684234619140625,56.349998474121094,57.0,55.5,56.20000076293945,46524915,yfinance,False
2023-01-09,46.42878723144531,58.54999923706055,59.150001525878906,56.79999923706055,57.099998474121094,52263238,yfinance,False
2023-01-10,45.001426696777344,56.75,59.349998474121094,56.70000076293945,59.349998474121094,42527119,yfinance,False
2023-01-11,46.58738327026367,58.75,59.599998474121094,57.29999923706055,57.650001525878906,66201098,yfinance,False
2023-01-12,47.5786018371582,60.0,60.29999923706055,58.900001525878906,59.599998474121094,56867857,yfinance,False
2023-01-13,49.28350830078125,62.150001525878906,62.20000076293945,59.79999923706055,60.0,50482568,yfinance,False
2023-01-16,48.21298599243164,60.79999923706055,63.099998474121094,60.650001525878906,62.20000076293945,49041970,yfinance,False
2023-01-17,47.063167572021484,59.349998474121094,60.849998474121094,58.900001525878906,60.849998474121094,43059896,yfinance,False
2023-01-18,47.73719787597656,60.20000076293945,60.5,58.849998474121094,59.349998474121094,25015792,yfinance,False
2023-01-19,47.93544006347656,60.45000076293945,60.650001525878906,59.79999923706055,60.150001525878906,20329213,yfinance,False
2023-01-20,49.28350830078125,62.150001525878906,62.20000076293945,60.650001525878906,61.349998474121094,31762007,yfinance,False
2023-01-26,51.345245361328125,64.75,64.80000305175781,62.95000076293945,63.25,43712601,yfinance,False
2023-01-27,50.90909957885742,64.19999694824219,65.0999984741211,63.900001525878906,65.0,28626737,yfinance,False
2023-01-30,48.29228210449219,60.900001525878906,64.1500015258789,60.54999923706055,63.900001525878906,60395574,yfinance,False
2023-01-31,48.13368606567383,60.70000076293945,61.75,60.0,61.70000076293945,54744630,yfinance,False
2023-02-01,48.88701629638672,61.650001525878906,62.0,60.0,62.0,40860902,yfinance,False
2023-02-02,47.89579391479492,60.400001525878906,61.95000076293945,60.400001525878906,61.95000076293945,35580217,yfinance,False
2023-02-03,45.913352966308594,57.900001525878906,59.95000076293945,57.349998474121094,59.5,49741765,yfinance,False
2023-02-06,44.44633865356445,56.04999923706055,56.650001525878906,55.54999923706055,56.45000076293945,41934130,yfinance,False
2023-02-07,45.239322662353516,57.04999923706055,57.75,56.20000076293945,56.400001525878906,24077635,yfinance,False
2023-02-08,45.67545700073242,57.599998474121094,58.099998474121094,56.95000076293945,57.04999923706055,21675693,yfinance,False
2023-02-09,46.904571533203125,59.150001525878906,59.29999923706055,57.0,57.0,32727642,yfinance,False
2023-02-10,46.23054122924805,58.29999923706055,59.150001525878906,57.79999923706055,59.150001525878906,21168324,yfinance,False
2023-02-13,46.032291412353516,58.04999923706055,58.349998474121094,57.0,58.04999923706055,20370406,yfinance,False
2023-02-14,46.23054122924805,58.29999923706055,59.0,57.70000076293945,58.5,14383725,yfinance,False
2023-02-15,44.96178436279297,56.70000076293945,58.54999923706055,56.29999923706055,58.29999923706055,28540504,yfinance,False
2023-02-16,45.55651092529297,57.45000076293945,58.54999923706055,57.0,57.650001525878906,21450519,yfinance,False
2023-02-17,45.239322662353516,57.04999923706055,57.95000076293945,56.650001525878906,57.5,15016744,yfinance,False
2023-02-20,46.032291412353516,58.04999923706055,58.650001525878906,56.849998474121094,56.900001525878906,18037957,yfinance,False
2023-02-21,45.47721862792969,57.349998474121094,58.400001525878906,57.0,57.95000076293945,23596391,yfinance,False
2023-02-22,44.08950424194336,55.599998474121094,57.25,55.29999923706055,56.900001525878906,35991272,yfinance,False
2023-02-23,44.32740020751953,55.900001525878906,56.95000076293945,55.54999923706055,55.75,20247191,yfinance,False
2023-02-24,42.93968200683594,54.150001525878906,55.79999923706055,54.099998474121094,55.5,32396270,yfinance,False
2023-02-27,42.42425537109375,53.5,54.29999923706055,53.150001525878906,53.75,25018383,yfinance,False
2023-02-28,42.265655517578125,53.29999923706055,54.650001525878906,53.0,54.0,28520232,yfinance,False
2023-03-01,45.596160888671875,57.5,57.75,53.5,53.5,42650882,yfinance,False
2023-03-02,45.12037658691406,56.900001525878906,58.0,56.54999923706055,56.900001525878906,17659491,yfinance,False
2023-03-03,45.3582649230957,57.20000076293945,57.900001525878906,56.849998474121094,57.54999923706055,15569291,yfinance,False
2023-03-06,44.287750244140625,55.849998474121094,57.349998474121094,55.25,56.79999923706055,23384375,yfinance,False
2023-03-07,44.01020812988281,55.5,57.150001525878906,54.599998474121094,55.20000076293945,26555463,yfinance,False
2023-03-08,42.226009368896484,53.25,54.45000076293945,53.0,54.25,31011200,yfinance,False
2023-03-09,41.512325286865234,52.349998474121094,53.75,52.150001525878906,53.25,29630632,yfinance,False
2023-03-10,40.83829879760742,51.5,52.54999923706055,51.29999923706055,52.099998474121094,30699818,yfinance,False
2023-03-13,41.39337921142578,52.20000076293945,52.900001525878906,51.29999923706055,51.349998474121094,30562003,yfinance,False
2023-03-14,40.20391845703125,50.70000076293945,52.099998474121094,50.400001525878906,52.0,30501713,yfinance,False
2023-03-15,41.43302536010742,52.25,52.95000076293945,51.70000076293945,51.70000076293945,23258780,yfinance,False
2023-03-16,40.045326232910156,50.5,51.099998474121094,49.849998474121094,50.099998474121094,51226284,yfinance,False
2023-03-17,40.917598724365234,51.599998474121094,52.650001525878906,50.95000076293945,51.150001525878906,44435564,yfinance,False
2023-03-20,39.68848419189453,50.04999923706055,51.650001525878906,49.75,51.04999923706055,42755952,yfinance,False
2023-03-21,40.20391845703125,50.70000076293945,51.25,50.349998474121094,50.75,26619533,yfinance,False
2023-03-22,40.83829879760742,51.5,52.150001525878906,50.95000076293945,50.95000076293945,35851244,yfinance,False
2023-03-23,41.710575103759766,52.599998474121094,52.75,51.099998474121094,51.70000076293945,24386837,yfinance,False
2023-03-24,41.23479080200195,52.0,52.20000076293945,51.349998474121094,51.900001525878906,17025925,yfinance,False
2023-03-27,40.20391845703125,50.70000076293945,52.0,50.45000076293945,52.0,21704620,yfinance,False
2023-03-28,40.64005661010742,51.25,52.0,50.75,51.25,16271596,yfinance,False
2023-03-29,41.03654479980469,51.75,53.20000076293945,50.900001525878906,52.5,24820036,yfinance,False
2023-03-30,40.2832145690918,50.79999923706055,51.5,50.099998474121094,51.0,40027914,yfinance,False
2023-03-31,40.5211067199707,51.099998474121094,52.75,51.04999923706055,51.5,27857379,yfinance,False
2023-04-03,40.60041427612305,51.20000076293945,51.75,50.5,51.349998474121094,16253343,yfinance,False
2023-04-04,40.20391845703125,50.70000076293945,51.20000076293945,50.25,50.95000076293945,17594436,yfinance,False
2023-04-06,40.44181442260742,51.0,51.099998474121094,50.20000076293945,50.54999923706055,17928373,yfinance,False
2023-04-11,41.314083099365234,52.099998474121094,52.849998474121094,51.25,52.0,23722202,yfinance,False
2023-04-12,41.07619094848633,51.79999923706055,52.349998474121094,51.54999923706055,52.349998474121094,13849831,yfinance,False
2023-04-13,40.87794876098633,51.54999923706055,51.54999923706055,50.20000076293945,51.0,21563438,yfinance,False
2023-04-14,41.314083099365234,52.099998474121094,52.599998474121094,51.349998474121094,51.79999923706055,17603006,yfinance,False
2023-04-17,42.9000358581543,54.099998474121094,54.45000076293945,51.349998474121094,51.79999923706055,26963997,yfinance,False
2023-04-18,43.534423828125,54.900001525878906,55.95000076293945,53.70000076293945,54.099998474121094,35094369,yfinance,False
2023-04-19,43.01898193359375,54.25,55.45000076293945,54.099998474121094,54.900001525878906,20375414,yfinance,False
2023-04-20,43.534423828125,54.900001525878906,55.29999923706055,54.150001525878906,54.150001525878906,18735052,yfinance,False
2023-04-21,41.94847106933594,52.900001525878906,54.70000076293945,52.400001525878906,54.45000076293945,31019124,yfinance,False
2023-04-24,41.75022506713867,52.650001525878906,53.70000076293945,51.849998474121094,52.79999923706055,18345024,yfinance,False
2023-04-25,40.798648834228516,51.45000076293945,52.5,51.25,52.5,25602869,yfinance,False
2023-04-26,40.87794876098633,51.54999923706055,52.150001525878906,50.849998474121094,51.45000076293945,24713490,yfinance,False
2023-04-27,44.5652961730957,56.20000076293945,56.79999923706055,52.25,52.25,65832119,yfinance,False
2023-04-28,44.96178436279297,56.70000076293945,58.25,56.04999923706055,56.79999923706055,60233424,yfinance,False
2023-05-02,44.08950424194336,55.599998474121094,58.0,55.29999923706055,57.75,25607995,yfinance,False
2023-05-03,43.61371994018555,55.0,55.25,54.150001525878906,54.79999923706055,20700150,yfinance,False
2023-05-04,46.9838752746582,59.25,59.25,54.75,55.0,55580135,yfinance,False
2023-05-05,47.61825180053711,60.04999923706055,61.349998474121094,59.400001525878906,60.900001525878906,52111613,yfinance,False
2023-05-08,48.49052810668945,61.150001525878906,61.20000076293945,59.79999923706055,60.29999923706055,38049667,yfinance,False
2023-05-09,46.58738327026367,58.75,61.70000076293945,58.5,61.099998474121094,38189725,yfinance,False
2023-05-10,45.754756927490234,57.70000076293945,59.0,57.54999923706055,58.75,21775281,yfinance,False
2023-05-11,45.71510696411133,57.650001525878906,58.75,56.95000076293945,57.79999923706055,22409448,yfinance,False
2023-05-12,44.32740020751953,55.900001525878906,57.20000076293945,55.849998474121094,56.95000076293945,23497645,yfinance,False
2023-05-15,46.032291412353516,58.04999923706055,58.79999923706055,55.599998474121094,56.150001525878906,21739324,yfinance,False
2023-05-16,45.71510696411133,57.650001525878906,58.5,57.20000076293945,58.5,17728375,yfinance,False
2023-05-17,43.693016052246094,55.099998474121094,57.79999923706055,54.79999923706055,57.650001525878906,27690741,yfinance,False
2023-05-18,44.644588470458984,56.29999923706055,57.45000076293945,55.20000076293945,55.20000076293945,25670064,yfinance,False
2023-05-19,43.41547775268555,54.75,55.400001525878906,54.099998474121094,55.349998474121094,24683586,yfinance,False
2023-05-22,43.57406997680664,54.95000076293945,56.099998474121094,54.04999923706055,54.04999923706055,25167818,yfinance,False
2023-05-23,42.06741714477539,53.04999923706055,55.29999923706055,52.75,55.0,35154861,yfinance,False
2023-05-24,40.917598724365234,51.599998474121094,52.54999923706055,50.900001525878906,52.400001525878906,42956848,yfinance,False
2023-05-25,40.56076431274414,51.150001525878906,51.400001525878906,50.599998474121094,50.900001525878906,23976084,yfinance,False
2023-05-29,40.045326232910156,50.5,51.900001525878906,50.45000076293945,51.79999923706055,21870795,yfinance,False
2023-05-30,40.16427230834961,50.650001525878906,50.900001525878906,50.04999923706055,50.29999923706055,18918658,yfinance,False
2023-05-31,39.410945892333984,49.70000076293945,50.29999923706055,48.900001525878906,50.04999923706055,43725264,yfinance,False
2023-06-01,39.09375,49.29999923706055,49.900001525878906,48.900001525878906,49.150001525878906,25862326,yfinance,False
2023-06-02,40.87794876098633,51.54999923706055,51.95000076293945,49.849998474121094,49.849998474121094,41676167,yfinance,False
2023-06-05,41.07619094848633,51.79999923706055,51.900001525878906,50.849998474121094,51.650001525878906,23935828,yfinance,False
2023-06-06,41.43302536010742,52.25,53.599998474121094,51.150001525878906,51.70000076293945,30257736,yfinance,False
2023-06-07,41.869171142578125,52.79999923706055,53.54999923706055,52.54999923706055,52.95000076293945,26961497,yfinance,False
2023-06-08,42.3449592590332,53.400001525878906,53.79999923706055,52.45000076293945,52.54999923706055,20984236,yfinance,False
2023-06-09,42.384605407714844,53.45000076293945,54.099998474121094,53.150001525878906,53.79999923706055,14199841,yfinance,False
2023-06-12,42.622501373291016,53.75,53.849998474121094,52.900001525878906,53.70000076293945,14624717,yfinance,False
2023-06-13,42.70180130004883,53.849998474121094,53.95000076293945,52.650001525878906,53.20000076293945,20957038,yfinance,False
2023-06-14,42.00600051879883,51.29999923706055,52.79999923706055,51.20000076293945,52.650001525878906,18971269,yfinance,False
2023-06-15,42.78388595581055,52.25,52.599998474121094,51.04999923706055,51.95000076293945,21622516,yfinance,False
2023-06-16,43.234249114990234,52.79999923706055,53.349998474121094,52.349998474121094,52.70000076293945,29461410,yfinance,False
2023-06-19,42.62012481689453,52.04999923706055,52.75,51.5,52.75,16948768,yfinance,False
2023-06-20,41.514705657958984,50.70000076293945,51.70000076293945,50.650001525878906,51.70000076293945,25232264,yfinance,False
2023-06-21,40.94152069091797,50.0,50.849998474121094,49.70000076293945,49.849998474121094,24109703,yfinance,False
2023-06-23,40.36833953857422,49.29999923706055,50.25,48.79999923706055,50.0,21839066,yfinance,False
2023-06-26,39.79515838623047,48.599998474121094,49.650001525878906,48.5,49.29999923706055,25243450,yfinance,False
2023-06-27,40.818695068359375,49.849998474121094,50.25,48.650001525878906,48.75,38164926,yfinance,False
2023-06-28,41.06435012817383,50.150001525878906,50.29999923706055,49.349998474121094,49.5,20088636,yfinance,False
2023-06-29,40.90058517456055,49.95000076293945,50.29999923706055,49.54999923706055,50.29999923706055,17726043,yfinance,False
2023-06-30,40.818695068359375,49.849998474121094,50.45000076293945,49.5,50.150001525878906,18206874,yfinance,False
2023-07-03,42.12882614135742,51.45000076293945,51.75,49.849998474121094,50.0,24587054,yfinance,False
2023-07-04,42.251651763916016,51.599998474121094,52.0,51.150001525878906,51.75,13332615,yfinance,False
2023-07-05,41.71941375732422,50.95000076293945,51.599998474121094,50.75,51.29999923706055,13471493,yfinance,False
2023-07-06,40.49116516113281,49.45000076293945,51.0,49.29999923706055,50.150001525878906,27876121,yfinance,False
2023-07-07,40.04081344604492,48.900001525878906,49.650001525878906,48.70000076293945,49.099998474121094,26228278,yfinance,False
2023-07-10,39.83610534667969,48.650001525878906,50.150001525878906,48.599998474121094,50.04999923706055,12286301,yfinance,False
2023-07-11,40.3274040222168,49.25,49.849998474121094,48.95000076293945,49.0,15575386,yfinance,False
2023-07-12,41.187171936035156,50.29999923706055,50.79999923706055,49.650001525878906,49.650001525878906,21536979,yfinance,False
2023-07-13,42.579185485839844,52.0,52.5,50.900001525878906,51.5,29548685,yfinance,False
2023-07-14,42.86576843261719,52.349998474121094,53.20000076293945,52.20000076293945,53.20000076293945,18925534,yfinance,False
2023-07-18,41.55564880371094,50.75,51.75,50.54999923706055,51.599998474121094,18789375,yfinance,False
2023-07-19,41.14623260498047,50.25,50.45000076293945,49.599998474121094,49.849998474121094,21871942,yfinance,False
2023-07-20,40.859642028808594,49.900001525878906,50.95000076293945,49.79999923706055,50.150001525878906,15671082,yfinance,False
2023-07-21,41.023406982421875,50.099998474121094,50.79999923706055,49.70000076293945,49.849998474121094,11335281,yfinance,False
2023-07-24,39.958927154541016,48.79999923706055,50.04999923706055,48.599998474121094,49.599998474121094,28167470,yfinance,False
2023-07-25,42.94765853881836,52.45000076293945,53.0,50.54999923706055,50.650001525878906,62679020,yfinance,False
2023-07-26,42.906715393066406,52.400001525878906,52.75,51.70000076293945,52.29999923706055,21788118,yfinance,False
2023-07-27,43.971195220947266,53.70000076293945,54.20000076293945,52.75,52.900001525878906,38440765,yfinance,False
2023-07-28,45.977325439453125,56.150001525878906,56.20000076293945,52.849998474121094,52.849998474121094,52458791,yfinance,False
2023-07-31,46.0592155456543,56.25,57.45000076293945,55.79999923706055,57.20000076293945,39611264,yfinance,False
2023-08-01,45.07661437988281,55.04999923706055,56.849998474121094,54.650001525878906,56.400001525878906,27901624,yfinance,False
2023-08-02,43.807430267333984,53.5,55.75,53.20000076293945,54.650001525878906,30933950,yfinance,False
2023-08-03,43.889312744140625,53.599998474121094,54.79999923706055,53.150001525878906,53.25,20796673,yfinance,False
2023-08-04,44.626258850097656,54.5,56.349998474121094,54.29999923706055,54.849998474121094,30470899,yfinance,False
2023-08-07,44.29872512817383,54.099998474121094,54.29999923706055,53.25,54.04999923706055,10740422,yfinance,False
2023-08-08,43.19330978393555,52.75,53.599998474121094,52.349998474121094,53.349998474121094,24446851,yfinance,False
2023-08-09,43.357078552246094,52.95000076293945,53.0,52.0,52.0,20716410,yfinance,False
2023-08-10,43.31613540649414,52.900001525878906,53.099998474121094,52.099998474121094,52.400001525878906,14550692,yfinance,False
2023-08-11,42.12882614135742,51.45000076293945,52.849998474121094,51.04999923706055,52.849998474121094,31899375,yfinance,False
2023-08-14,40.818695068359375,49.849998474121094,50.349998474121094,48.79999923706055,49.75,52938821,yfinance,False
2023-08-15,39.958927154541016,48.79999923706055,49.900001525878906,48.29999923706055,48.5,39453271,yfinance,False
2023-08-16,38.85350799560547,47.45000076293945,48.25,47.20000076293945,48.0,52875308,yfinance,False
2023-08-17,38.11656188964844,46.54999923706055,46.70000076293945,45.349998474121094,46.0,57496680,yfinance,False
2023-08-18,37.21584701538086,45.45000076293945,47.5,45.400001525878906,45.95000076293945,53339663,yfinance,False
2023-08-21,35.90571212768555,43.849998474121094,45.0,43.5,45.0,61418258,yfinance,False
2023-08-22,36.06947708129883,44.04999923706055,44.70000076293945,43.349998474121094,43.5,36900658,yfinance,False
2023-08-23,36.19231033325195,44.20000076293945,44.70000076293945,43.650001525878906,43.70000076293945,27643596,yfinance,False
2023-08-24,36.19231033325195,44.20000076293945,45.099998474121094,43.900001525878906,44.29999923706055,38593305,yfinance,False
2023-08-25,36.39701843261719,44.45000076293945,45.20000076293945,43.849998474121094,44.099998474121094,26379178,yfinance,False
2023-08-28,37.174903869628906,45.400001525878906,47.5,45.29999923706055,47.0,39285508,yfinance,False
2023-08-29,38.36220169067383,46.849998474121094,47.20000076293945,45.25,45.5,34254147,yfinance,False
2023-08-30,38.525970458984375,47.04999923706055,48.099998474121094,46.79999923706055,47.5,39811550,yfinance,False
2023-08-31,38.444091796875,46.95000076293945,48.5,46.75,47.20000076293945,53418789,yfinance,False
2023-09-04,41.023406982421875,50.099998474121094,50.29999923706055,48.099998474121094,48.20000076293945,67683996,yfinance,False
2023-09-05,39.67233657836914,48.45000076293945,49.5,48.400001525878906,49.25,24785160,yfinance,False
2023-09-06,40.163631439208984,49.04999923706055,49.54999923706055,48.0,48.04999923706055,21796216,yfinance,False
2023-09-07,39.18103790283203,47.849998474121094,49.0,47.29999923706055,48.849998474121094,30955539,yfinance,False
2023-09-11,39.485107421875,47.20000076293945,47.45000076293945,46.150001525878906,47.099998474121094,28162341,yfinance,False
2023-09-12,39.23414611816406,46.900001525878906,47.599998474121094,46.099998474121094,46.70000076293945,14099389,yfinance,False
2023-09-13,39.150489807128906,46.79999923706055,47.79999923706055,46.5,47.599998474121094,12746383,yfinance,False
2023-09-14,39.19231033325195,46.849998474121094,47.5,46.45000076293945,47.20000076293945,13396973,yfinance,False
2023-09-15,39.65242004394531,47.400001525878906,48.5,46.900001525878906,47.29999923706055,34181458,yfinance,False
2023-09-18,38.648555755615234,46.20000076293945,47.099998474121094,46.0,46.70000076293945,32920921,yfinance,False
2023-09-19,38.73221206665039,46.29999923706055,46.29999923706055,45.70000076293945,46.0,32015614,yfinance,False
2023-09-20,38.648555755615234,46.20000076293945,46.5,45.5,46.04999923706055,13800827,yfinance,False
2023-09-21,37.97932052612305,45.400001525878906,46.04999923706055,45.29999923706055,45.75,26417773,yfinance,False
2023-09-22,39.44327926635742,47.150001525878906,47.400001525878906,45.400001525878906,45.5,37643281,yfinance,False
2023-09-25,38.56489562988281,46.099998474121094,46.45000076293945,45.900001525878906,46.400001525878906,23714661,yfinance,False
2023-09-26,37.47738265991211,44.79999923706055,45.79999923706055,44.45000076293945,45.5,37792864,yfinance,False
2023-09-27,37.60287094116211,44.95000076293945,45.29999923706055,44.599998474121094,44.79999923706055,21754438,yfinance,False
2023-09-28,36.80815124511719,44.0,45.150001525878906,43.900001525878906,44.75,37827270,yfinance,False
2023-09-29,37.51921463012695,44.849998474121094,45.0,43.95000076293945,44.0,23052194,yfinance,False
2023-10-03,35.720638275146484,42.70000076293945,43.900001525878906,42.099998474121094,43.54999923706055,39896227,yfinance,False
2023-10-04,35.386016845703125,42.29999923706055,42.5,41.79999923706055,42.400001525878906,23746081,yfinance,False
2023-10-05,35.386016845703125,42.29999923706055,42.650001525878906,42.0,42.099998474121094,16916450,yfinance,False
2023-10-06,35.97160720825195,43.0,43.45000076293945,42.5,42.5,40346159,yfinance,False
2023-10-09,36.38987731933594,43.5,44.0,43.0,43.0,18733541,yfinance,False
2023-10-10,36.68265914916992,43.849998474121094,44.900001525878906,43.70000076293945,44.099998474121094,21078612,yfinance,False
2023-10-11,36.80815124511719,44.0,44.70000076293945,43.95000076293945,44.5,23498128,yfinance,False
2023-10-12,37.47738265991211,44.79999923706055,45.650001525878906,44.599998474121094,45.650001525878906,31148367,yfinance,False
2023-10-13,36.93363571166992,44.150001525878906,44.400001525878906,43.849998474121094,43.95000076293945,20395768,yfinance,False
2023-10-16,35.92977523803711,42.95000076293945,44.25,42.849998474121094,44.04999923706055,27956994,yfinance,False
2023-10-17,35.88794708251953,42.900001525878906,43.54999923706055,42.54999923706055,43.54999923706055,24212484,yfinance,False
2023-10-18,35.5533332824707,42.5,43.150001525878906,42.45000076293945,42.54999923706055,18240832,yfinance,False
2023-10-19,34.21485137939453,40.900001525878906,42.099998474121094,40.849998474121094,42.099998474121094,34728973,yfinance,False
2023-10-20,33.922054290771484,40.54999923706055,41.099998474121094,40.0,40.0,26399617,yfinance,False
2023-10-24,33.71291732788086,40.29999923706055,40.849998474121094,40.0,40.04999923706055,24915949,yfinance,False
2023-10-25,33.79656982421875,40.400001525878906,42.20000076293945,40.150001525878906,42.20000076293945,28823027,yfinance,False
2023-10-26,33.79656982421875,40.400001525878906,40.79999923706055,39.79999923706055,40.400001525878906,24547470,yfinance,False
2023-10-27,33.96388244628906,40.599998474121094,41.0,39.54999923706055,40.400001525878906,32033949,yfinance,False
2023-10-30,33.79656982421875,40.400001525878906,40.849998474121094,39.650001525878906,40.29999923706055,30972154,yfinance,False
2023-10-31,33.54560852050781,40.099998474121094,40.75,39.70000076293945,40.400001525878906,19905812,yfinance,False
2023-11-01,33.25281524658203,39.75,40.400001525878906,39.5,40.0,21274425,yfinance,False
2023-11-02,33.67109680175781,40.25,40.79999923706055,39.900001525878906,39.900001525878906,18006114,yfinance,False
2023-11-03,34.423988342285156,41.150001525878906,41.349998474121094,40.5,41.0,24906742,yfinance,False
2023-11-06,35.34419250488281,42.25,42.650001525878906,41.54999923706055,41.650001525878906,28363335,yfinance,False
2023-11-07,34.04753494262695,40.70000076293945,41.79999923706055,40.20000076293945,41.5,44313075,yfinance,False
2023-11-08,32.20713424682617,38.5,40.650001525878906,38.29999923706055,40.04999923706055,98391344,yfinance,False
2023-11-09,31.788862228393555,38.0,38.79999923706055,37.349998474121094,38.04999923706055,77873265,yfinance,False
2023-11-10,31.077791213989258,37.150001525878906,37.599998474121094,36.900001525878906,37.099998474121094,34336659,yfinance,False
2023-11-13,31.203269958496094,37.29999923706055,37.29999923706055,36.599998474121094,37.04999923706055,37260245,yfinance,False
2023-11-14,31.747028350830078,37.95000076293945,38.54999923706055,37.45000076293945,37.5,31422322,yfinance,False
2023-11-15,33.085506439208984,39.54999923706055,39.95000076293945,38.599998474121094,39.0,58711559,yfinance,False
2023-11-16,32.625404357910156,39.0,39.599998474121094,38.5,39.599998474121094,30382978,yfinance,False
2023-11-17,31.872514724731445,38.099998474121094,38.599998474121094,38.04999923706055,38.25,22459658,yfinance,False
2023-11-20,32.583580017089844,38.95000076293945,39.150001525878906,38.29999923706055,38.650001525878906,21663102,yfinance,False
2023-11-21,32.541751861572266,38.900001525878906,39.849998474121094,38.70000076293945,39.0,27567823,yfinance,False
2023-11-22,32.41626739501953,38.75,39.0,38.29999923706055,38.900001525878906,15048477,yfinance,False
2023-11-23,33.12733459472656,39.599998474121094,39.650001525878906,38.150001525878906,38.5,30222135,yfinance,False
2023-11-24,32.541751861572266,38.900001525878906,39.650001525878906,38.75,39.29999923706055,20969754,yfinance,False
2023-11-27,31.914344787597656,38.150001525878906,39.04999923706055,37.79999923706055,39.0,26409758,yfinance,False
2023-11-28,31.035959243774414,37.099998474121094,38.20000076293945,36.900001525878906,38.20000076293945,40337951,yfinance,False
2023-11-29,29.906625747680664,35.75,37.5,35.599998474121094,37.5,59461189,yfinance,False
2023-11-30,30.115760803222656,36.0,36.25,35.54999923706055,35.650001525878906,39780399,yfinance,False
2023-12-01,30.15758514404297,36.04999923706055,36.75,35.79999923706055,36.0,37827722,yfinance,False
2023-12-04,29.53017807006836,35.29999923706055,36.70000076293945,35.150001525878906,36.0,31326728,yfinance,False
2023-12-05,28.777278900146484,34.400001525878906,35.29999923706055,34.04999923706055,35.04999923706055,36373295,yfinance,False
2023-12-06,28.90276336669922,34.54999923706055,34.79999923706055,33.75,34.5,29528295,yfinance,False
2023-12-07,28.317176818847656,33.849998474121094,34.400001525878906,33.5,34.400001525878906,40086742,yfinance,False
2023-12-08,28.2335262298584,33.75,34.099998474121094,33.54999923706055,33.54999923706055,22411471,yfinance,False
2023-12-11,28.108041763305664,33.599998474121094,34.0,32.650001525878906,33.20000076293945,43770602,yfinance,False
2023-12-12,28.60997200012207,34.20000076293945,34.5,33.349998474121094,33.599998474121094,28321571,yfinance,False
2023-12-13,27.94073486328125,33.400001525878906,34.150001525878906,33.20000076293945,34.0,23811243,yfinance,False
2023-12-14,27.857078552246094,33.29999923706055,34.5,33.099998474121094,33.95000076293945,31472938,yfinance,False
2023-12-15,28.60997200012207,34.20000076293945,35.0,33.79999923706055,34.04999923706055,59642220,yfinance,False
2023-12-18,27.94073486328125,33.400001525878906,33.849998474121094,33.150001525878906,33.5,25479976,yfinance,False
2023-12-19,27.64794158935547,33.04999923706055,33.5,32.900001525878906,33.150001525878906,17409798,yfinance,False
2023-12-20,27.773420333862305,33.20000076293945,33.599998474121094,33.04999923706055,33.400001525878906,28766137,yfinance,False
2023-12-21,27.773420333862305,33.20000076293945,33.25,32.79999923706055,32.79999923706055,37921174,yfinance,False
2023-12-22,27.522459030151367,32.900001525878906,33.849998474121094,32.599998474121094,33.25,38959195,yfinance,False
2023-12-27,27.898902893066406,33.349998474121094,33.599998474121094,32.599998474121094,33.45000076293945,21945331,yfinance,False
2023-12-28,29.488346099853516,35.25,35.45000076293945,33.45000076293945,33.599998474121094,51861096,yfinance,False
2023-12-29,29.571996688842773,35.349998474121094,35.599998474121094,34.95000076293945,35.45000076293945,24152231,yfinance,False
2024-01-02,28.52631378173828,34.099998474121094,35.20000076293945,33.900001525878906,35.04999923706055,34892552,yfinance,False
2024-01-03,28.484487533569336,34.04999923706055,34.04999923706055,33.650001525878906,33.75,23296732,yfinance,False
2024-01-04,28.400833129882812,33.95000076293945,34.349998474121094,33.54999923706055,34.20000076293945,25400948,yfinance,False
2024-01-05,28.359006881713867,33.900001525878906,34.5,33.349998474121094,33.650001525878906,22054555,yfinance,False
2024-01-08,27.229665756225586,32.54999923706055,34.04999923706055,32.349998474121094,34.04999923706055,42273648,yfinance,False
2024-01-09,26.936872482299805,32.20000076293945,33.04999923706055,32.20000076293945,32.599998474121094,26441081,yfinance,False
2024-01-10,26.518598556518555,31.700000762939453,32.349998474121094,31.5,32.20000076293945,33872085,yfinance,False
2024-01-11,27.27149200439453,32.599998474121094,33.0,31.549999237060547,31.799999237060547,30911085,yfinance,False
2024-01-12,27.35515022277832,32.70000076293945,33.099998474121094,32.150001525878906,32.20000076293945,29221964,yfinance,False
2024-01-15,27.35515022277832,32.70000076293945,33.04999923706055,32.400001525878906,32.95000076293945,12819260,yfinance,False
2024-01-16,26.644081115722656,31.850000381469727,33.0,31.549999237060547,32.20000076293945,41111017,yfinance,False
2024-01-17,25.18012046813965,30.100000381469727,31.600000381469727,29.899999618530273,31.5,66023822,yfinance,False
2024-01-18,25.43108558654785,30.399999618530273,30.700000762939453,29.850000381469727,30.0,40932483,yfinance,False
2024-01-19,25.389259338378906,30.350000381469727,30.850000381469727,30.0,30.399999618530273,37010984,yfinance,False
2024-01-22,24.929153442382812,29.799999237060547,30.850000381469727,29.549999237060547,30.75,56555032,yfinance,False
2024-01-23,26.183977127075195,31.299999237060547,31.850000381469727,29.600000381469727,30.0,69397766,yfinance,False
2024-01-24,27.60611343383789,33.0,33.349998474121094,31.100000381469727,31.75,79928025,yfinance,False
2024-01-25,28.944589614868164,34.599998474121094,34.75,32.849998474121094,33.5,86827346,yfinance,False
2024-01-26,28.2335262298584,33.75,34.70000076293945,33.349998474121094,34.150001525878906,56539336,yfinance,False
2024-01-29,28.317176818847656,33.849998474121094,34.900001525878906,33.75,34.04999923706055,41424070,yfinance,False
2024-01-30,27.18783950805664,32.5,33.54999923706055,32.25,33.5,46809923,yfinance,False
2024-01-31,27.35515022277832,32.70000076293945,33.25,32.099998474121094,32.599998474121094,41897428,yfinance,False
2024-02-01,27.27149200439453,32.599998474121094,33.45000076293945,32.20000076293945,32.849998474121094,27287157,yfinance,False
2024-02-02,26.602252960205078,31.799999237060547,33.400001525878906,31.5,32.900001525878906,37080917,yfinance,False
2024-02-05,26.6859073638916,31.899999618530273,32.5,31.25,31.5,42618612,yfinance,False
2024-02-06,28.484487533569336,34.04999923706055,34.099998474121094,31.700000762939453,31.899999618530273,64160802,yfinance,False
2024-02-07,28.400833129882812,33.95000076293945,34.900001525878906,33.650001525878906,34.70000076293945,57756781,yfinance,False
2024-02-08,28.275348663330078,33.79999923706055,34.599998474121094,33.54999923706055,33.900001525878906,36643883,yfinance,False
2024-02-09,27.56428337097168,32.95000076293945,33.5,32.04999923706055,33.349998474121094,23810104,yfinance,False
2024-02-14,27.982559204101562,33.45000076293945,33.45000076293945,31.649999618530273,32.04999923706055,31143857,yfinance,False
2024-02-15,28.066211700439453,33.54999923706055,33.79999923706055,32.900001525878906,32.95000076293945,16921425,yfinance,False
2024-02-16,29.195554733276367,34.900001525878906,35.099998474121094,33.349998474121094,33.54999923706055,33395472,yfinance,False
2024-02-19,28.400833129882812,33.95000076293945,34.900001525878906,33.54999923706055,34.900001525878906,35064383,yfinance,False
2024-02-20,28.2335262298584,33.75,34.400001525878906,33.099998474121094,34.150001525878906,35084060,yfinance,False
2024-02-21,30.032106399536133,35.900001525878906,36.79999923706055,33.29999923706055,33.45000076293945,93093068,yfinance,False
2024-02-22,30.784996032714844,36.79999923706055,36.849998474121094,35.5,35.900001525878906,41639364,yfinance,False
2024-02-23,31.28692626953125,37.400001525878906,38.150001525878906,36.650001525878906,36.900001525878906,60112825,yfinance,False
2024-02-26,30.617687225341797,36.599998474121094,37.54999923706055,36.25,37.400001525878906,38752316,yfinance,False
2024-02-27,30.826826095581055,36.849998474121094,37.04999923706055,35.900001525878906,36.45000076293945,33172850,yfinance,False
2024-02-28,29.73931121826172,35.54999923706055,36.900001525878906,35.5,36.849998474121094,39223503,yfinance,False
2024-02-29,29.36286163330078,35.099998474121094,35.70000076293945,35.0,35.20000076293945,48577516,yfinance,False
2024-03-01,29.53017807006836,35.29999923706055,35.650001525878906,34.54999923706055,34.900001525878906,28564921,yfinance,False
2024-03-04,29.070072174072266,34.75,35.599998474121094,34.29999923706055,35.54999923706055,33537874,yfinance,False
2024-03-05,28.400833129882812,33.95000076293945,34.849998474121094,33.900001525878906,34.0,35499578,yfinance,False
2024-03-06,28.944589614868164,34.599998474121094,35.04999923706055,33.70000076293945,33.849998474121094,26866667,yfinance,False
2024-03-07,28.986419677734375,34.650001525878906,35.849998474121094,34.400001525878906,34.900001525878906,26174394,yfinance,False
2024-03-08,29.32103729248047,35.04999923706055,35.650001525878906,34.79999923706055,34.95000076293945,27214107,yfinance,False
2024-03-11,29.781137466430664,35.599998474121094,36.099998474121094,35.25,35.349998474121094,25504871,yfinance,False
2024-03-12,31.496065139770508,37.650001525878906,37.900001525878906,35.70000076293945,35.70000076293945,69551543,yfinance,False
2024-03-13,30.868654251098633,36.900001525878906,37.79999923706055,36.650001525878906,37.650001525878906,55148415,yfinance,False
2024-03-14,30.408550262451172,36.349998474121094,37.400001525878906,36.150001525878906,36.900001525878906,38267806,yfinance,False
2024-03-15,29.73931121826172,35.54999923706055,35.95000076293945,34.849998474121094,35.70000076293945,56634756,yfinance,False
2024-03-18,29.822967529296875,35.650001525878906,35.75,35.0,35.400001525878906,22965413,yfinance,False
2024-03-19,29.195554733276367,34.900001525878906,35.45000076293945,34.79999923706055,35.349998474121094,25970116,yfinance,False
2024-03-20,29.153722763061523,34.849998474121094,35.04999923706055,34.400001525878906,34.75,23425330,yfinance,False
2024-03-21,29.69748306274414,35.5,36.099998474121094,34.849998474121094,34.849998474121094,33585159,yfinance,False
2024-03-22,27.982559204101562,33.45000076293945,34.75,32.849998474121094,34.599998474121094,96850904,yfinance,False
2024-03-25,27.31332015991211,32.650001525878906,33.45000076293945,32.45000076293945,33.400001525878906,61938734,yfinance,False
2024-03-26,27.60611343383789,33.0,33.45000076293945,32.79999923706055,32.900001525878906,39215134,yfinance,False
2024-03-27,27.31332015991211,32.650001525878906,33.0,32.29999923706055,32.75,37145705,yfinance,False
2024-03-28,27.64794158935547,33.04999923706055,33.54999923706055,32.29999923706055,32.29999923706055,45097092,yfinance,False
2024-04-02,28.359006881713867,33.900001525878906,34.29999923706055,33.650001525878906,33.650001525878906,37132455,yfinance,False
2024-04-03,28.108041763305664,33.599998474121094,34.150001525878906,33.400001525878906,33.900001525878906,31833614,yfinance,False
2024-04-05,27.522459030151367,32.900001525878906,33.79999923706055,32.349998474121094,33.599998474121094,35122652,yfinance,False
2024-04-08,27.229665756225586,32.54999923706055,33.0,32.349998474121094,32.5,40510517,yfinance,False
2024-04-09,27.06235694885254,32.349998474121094,33.04999923706055,32.25,32.45000076293945,37148969,yfinance,False
2024-04-10,27.229665756225586,32.54999923706055,32.849998474121094,32.25,32.349998474121094,44475339,yfinance,False
2024-04-11,27.18783950805664,32.5,32.54999923706055,31.950000762939453,32.099998474121094,30124413,yfinance,False
2024-04-12,25.640222549438477,30.649999618530273,32.29999923706055,30.600000381469727,32.099998474121094,78189448,yfinance,False
2024-04-15,25.389259338378906,30.350000381469727,30.850000381469727,30.0,30.0,48660479,yfinance,False
2024-04-16,25.0128116607666,29.899999618530273,30.299999237060547,29.700000762939453,30.049999237060547,55117524,yfinance,False
2024-04-17,25.221948623657227,30.149999618530273,30.200000762939453,29.75,29.799999237060547,36312213,yfinance,False
2024-04-18,26.26763153076172,31.399999618530273,31.850000381469727,30.149999618530273,30.299999237060547,58908259,yfinance,False
2024-04-19,26.058494567871094,31.149999618530273,31.450000762939453,30.649999618530273,30.950000762939453,39350481,yfinance,False
2024-04-22,26.811389923095703,32.04999923706055,32.599998474121094,31.5,31.5,33694769,yfinance,False
2024-04-23,27.60611343383789,33.0,33.20000076293945,31.950000762939453,32.5,58970463,yfinance,False
2024-04-24,28.777278900146484,34.400001525878906,34.54999923706055,33.099998474121094,33.599998474121094,80691135,yfinance,False
2024-04-25,29.488346099853516,35.25,35.849998474121094,34.25,34.400001525878906,79005387,yfinance,False
2024-04-26,29.948450088500977,35.79999923706055,36.29999923706055,35.0,35.20000076293945,61458290,yfinance,False
2024-04-29,30.617687225341797,36.599998474121094,37.599998474121094,35.79999923706055,36.0,63388167,yfinance,False
2024-04-30,30.07393455505371,35.95000076293945,37.0,35.599998474121094,37.0,47222620,yfinance,False
2024-05-02,31.788862228393555,38.0,38.099998474121094,35.45000076293945,35.75,53070323,yfinance,False
2024-05-03,33.085506439208984,39.54999923706055,40.349998474121094,38.45000076293945,39.0,89483749,yfinance,False
2024-05-06,32.75088882446289,39.150001525878906,39.650001525878906,38.70000076293945,39.5,65189361,yfinance,False
2024-05-07,33.12733459472656,39.599998474121094,40.45000076293945,39.150001525878906,39.400001525878906,47967986,yfinance,False
2024-05-08,31.872514724731445,38.099998474121094,40.150001525878906,37.95000076293945,39.79999923706055,58135945,yfinance,False
2024-05-09,32.625404357910156,39.0,39.5,37.75,37.849998474121094,42206130,yfinance,False
2024-05-10,34.50764083862305,41.25,41.5,39.45000076293945,39.54999923706055,86342349,yfinance,False
2024-05-13,34.38216018676758,41.099998474121094,41.650001525878906,40.20000076293945,41.25,47942822,yfinance,False
2024-05-14,33.58743667602539,40.150001525878906,41.70000076293945,40.04999923706055,41.29999923706055,39692581,yfinance,False
2024-05-16,35.97160720825195,43.0,43.099998474121094,39.849998474121094,40.79999923706055,100844661,yfinance,False
2024-05-17,38.02114486694336,45.45000076293945,45.79999923706055,43.0,43.79999923706055,117825098,yfinance,False
2024-05-20,37.60287094116211,44.95000076293945,46.5,44.79999923706055,46.5,77855709,yfinance,False
2024-05-21,37.05911636352539,44.29999923706055,45.349998474121094,43.849998474121094,44.400001525878906,55124234,yfinance,False
2024-05-22,37.01728439331055,44.25,45.349998474121094,43.900001525878906,44.25,34100634,yfinance,False
2024-05-23,35.63697814941406,42.599998474121094,43.75,42.29999923706055,43.54999923706055,59778305,yfinance,False
2024-05-24,35.1768798828125,42.04999923706055,42.849998474121094,41.5,42.150001525878906,42696476,yfinance,False
2024-05-27,35.3023567199707,42.20000076293945,42.54999923706055,41.45000076293945,41.95000076293945,26426748,yfinance,False
2024-05-28,35.3023567199707,42.20000076293945,43.0,41.900001525878906,42.04999923706055,21091288,yfinance,False
2024-05-29,34.46581268310547,41.20000076293945,41.95000076293945,41.0,41.75,34321729,yfinance,False
2024-05-30,33.67109680175781,40.25,41.25,39.95000076293945,40.70000076293945,46302502,yfinance,False
2024-05-31,33.085506439208984,39.54999923706055,41.45000076293945,39.54999923706055,40.900001525878906,55711128,yfinance,False
2024-06-03,33.7547492980957,40.349998474121094,40.95000076293945,39.849998474121094,40.20000076293945,32346933,yfinance,False
2024-06-04,34.13119125366211,40.79999923706055,41.54999923706055,40.25,40.25,32715742,yfinance,False
2024-06-05,34.256675720214844,40.95000076293945,41.70000076293945,40.79999923706055,41.150001525878906,31760790,yfinance,False
2024-06-06,33.922054290771484,40.54999923706055,41.900001525878906,39.900001525878906,41.5,39029597,yfinance,False
2024-06-07,33.221683502197266,38.099998474121094,39.54999923706055,38.0,39.099998474121094,54187643,yfinance,False
2024-06-11,32.6549072265625,37.45000076293945,38.099998474121094,36.95000076293945,37.900001525878906,47060702,yfinance,False
2024-06-12,31.957338333129883,36.650001525878906,37.349998474121094,36.25,37.25,49582064,yfinance,False
2024-06-13,31.826541900634766,36.5,37.54999923706055,36.20000076293945,37.0,39947774,yfinance,False
2024-06-14,31.782947540283203,36.45000076293945,37.04999923706055,36.25,36.5,35870576,yfinance,False
2024-06-17,31.652149200439453,36.29999923706055,36.95000076293945,35.70000076293945,36.099998474121094,19130227,yfinance,False
2024-06-18,31.477758407592773,36.099998474121094,36.70000076293945,35.849998474121094,36.29999923706055,28534323,yfinance,False
2024-06-19,32.69850540161133,37.5,37.70000076293945,36.349998474121094,36.45000076293945,48998087,yfinance,False
2024-06-20,32.611305236816406,37.400001525878906,37.95000076293945,37.150001525878906,37.5,20522424,yfinance,False
2024-06-21,32.088130950927734,36.79999923706055,37.349998474121094,36.45000076293945,37.20000076293945,31588468,yfinance,False
2024-06-24,32.00093460083008,36.70000076293945,36.75,35.95000076293945,36.29999923706055,30081290,yfinance,False
2024-06-25,32.34971618652344,37.099998474121094,37.5,36.650001525878906,37.0,36317945,yfinance,False
2024-06-26,32.088130950927734,36.79999923706055,37.29999923706055,36.54999923706055,36.54999923706055,20384880,yfinance,False
2024-06-27,31.346967697143555,35.95000076293945,36.79999923706055,35.650001525878906,36.5,50917977,yfinance,False
2024-06-28,30.867389678955078,35.400001525878906,36.099998474121094,35.29999923706055,35.29999923706055,43508999,yfinance,False
2024-07-02,31.695751190185547,36.349998474121094,37.20000076293945,35.0,35.0,48252075,yfinance,False
2024-07-03,32.13173294067383,36.849998474121094,37.0,36.04999923706055,36.349998474121094,33932595,yfinance,False
2024-07-04,31.957338333129883,36.650001525878906,37.20000076293945,36.25,37.0,32558644,yfinance,False
2024-07-05,31.477758407592773,36.099998474121094,37.0,35.95000076293945,36.650001525878906,21564603,yfinance,False
2024-07-08,30.736591339111328,35.25,35.900001525878906,34.75,35.70000076293945,51468866,yfinance,False
2024-07-09,30.475006103515625,34.95000076293945,35.54999923706055,34.25,34.599998474121094,45888168,yfinance,False
2024-07-10,30.6929931640625,35.20000076293945,35.95000076293945,35.04999923706055,35.099998474121094,43664280,yfinance,False
2024-07-11,31.12897491455078,35.70000076293945,36.0,35.349998474121094,35.599998474121094,29623610,yfinance,False
2024-07-12,32.13173294067383,36.849998474121094,37.0,35.849998474121094,35.849998474121094,48765592,yfinance,False
2024-07-15,31.434160232543945,36.04999923706055,36.95000076293945,35.75,36.95000076293945,37148518,yfinance,False
2024-07-16,29.733837127685547,34.099998474121094,35.25,33.849998474121094,35.25,126158836,yfinance,False
2024-07-17,29.908227920532227,34.29999923706055,34.650001525878906,34.0,34.04999923706055,66142424,yfinance,False
2024-07-18,30.082624435424805,34.5,34.79999923706055,34.099998474121094,34.20000076293945,39693320,yfinance,False
2024-07-19,29.95182991027832,34.349998474121094,34.54999923706055,34.04999923706055,34.20000076293945,39864055,yfinance,False
2024-07-22,30.21341896057129,34.650001525878906,34.900001525878906,34.20000076293945,34.599998474121094,28550710,yfinance,False
2024-07-23,29.8646297454834,34.25,34.95000076293945,34.20000076293945,34.79999923706055,29332874,yfinance,False
2024-07-24,29.603044509887695,33.95000076293945,34.599998474121094,33.79999923706055,34.25,32539895,yfinance,False
2024-07-25,29.123472213745117,33.400001525878906,34.20000076293945,33.400001525878906,33.95000076293945,38023107,yfinance,False
2024-07-26,29.123472213745117,33.400001525878906,34.150001525878906,33.20000076293945,33.400001525878906,33129511,yfinance,False
2024-07-29,29.38505744934082,33.70000076293945,34.150001525878906,33.54999923706055,33.79999923706055,32959024,yfinance,False
2024-07-30,29.036272048950195,33.29999923706055,33.75,33.150001525878906,33.5,32086094,yfinance,False
2024-07-31,29.777437210083008,34.150001525878906,34.5,33.25,33.45000076293945,50376587,yfinance,False
2024-08-01,29.733837127685547,34.099998474121094,34.349998474121094,33.849998474121094,34.150001525878906,21862384,yfinance,False
2024-08-02,29.16706657409668,33.45000076293945,33.650001525878906,33.099998474121094,33.599998474121094,35497479,yfinance,False
2024-08-05,29.036272048950195,33.29999923706055,34.099998474121094,32.70000076293945,33.29999923706055,54788446,yfinance,False
2024-08-06,28.643888473510742,32.849998474121094,33.849998474121094,32.650001525878906,33.75,47859394,yfinance,False
2024-08-07,28.949073791503906,33.20000076293945,33.5,32.75,32.79999923706055,24524645,yfinance,False
2024-08-08,28.861879348754883,33.099998474121094,33.70000076293945,32.79999923706055,33.099998474121094,30727700,yfinance,False
2024-08-09,29.210662841796875,33.5,33.95000076293945,33.29999923706055,33.29999923706055,24440304,yfinance,False
2024-08-12,29.341459274291992,33.650001525878906,33.75,33.099998474121094,33.54999923706055,15785617,yfinance,False
2024-08-13,29.472248077392578,33.79999923706055,33.900001525878906,33.45000076293945,33.75,22162650,yfinance,False
2024-08-14,29.341459274291992,33.650001525878906,34.04999923706055,33.400001525878906,33.95000076293945,19599092,yfinance,False
2024-08-15,29.472248077392578,33.79999923706055,34.5,33.20000076293945,33.400001525878906,26255542,yfinance,False
2024-08-16,29.95182991027832,34.349998474121094,34.5,33.79999923706055,34.25,24968707,yfinance,False
2024-08-19,30.126220703125,34.54999923706055,35.0,34.400001525878906,34.599998474121094,25312260,yfinance,False
2024-08-20,29.995426177978516,34.400001525878906,34.900001525878906,34.20000076293945,34.900001525878906,20537202,yfinance,False
2024-08-21,29.646642684936523,34.0,34.25,33.650001525878906,34.20000076293945,28058026,yfinance,False
2024-08-22,29.908227920532227,34.29999923706055,34.349998474121094,33.650001525878906,34.20000076293945,36582038,yfinance,False
2024-08-23,30.998180389404297,35.54999923706055,35.79999923706055,33.79999923706055,34.0,80512450,yfinance,False
2024-08-26,31.56495475769043,36.20000076293945,36.400001525878906,35.75,35.75,51396725,yfinance,False
2024-08-27,31.826541900634766,36.5,36.650001525878906,35.900001525878906,36.150001525878906,42231923,yfinance,False
2024-08-28,31.56495475769043,36.20000076293945,36.54999923706055,36.04999923706055,36.45000076293945,35339323,yfinance,False
2024-08-29,31.477758407592773,36.099998474121094,36.54999923706055,35.45000076293945,36.20000076293945,40488751,yfinance,False
2024-08-30,32.611305236816406,37.400001525878906,38.20000076293945,35.900001525878906,36.0,116547086,yfinance,False
2024-09-02,32.26252365112305,37.0,37.849998474121094,36.849998474121094,37.5,46487939,yfinance,False
2024-09-03,31.957338333129883,36.650001525878906,37.349998474121094,36.25,37.04999923706055,43014293,yfinance,False
2024-09-04,31.482393264770508,35.099998474121094,35.849998474121094,34.95000076293945,35.650001525878906,52947376,yfinance,False
2024-09-05,31.930858612060547,35.599998474121094,35.599998474121094,34.95000076293945,35.0,32480022,yfinance,False
2024-09-09,31.16846466064453,34.75,35.400001525878906,34.20000076293945,35.349998474121094,64151394,yfinance,False
2024-09-10,31.033926010131836,34.599998474121094,35.0,34.45000076293945,34.5,32635983,yfinance,False
2024-09-11,30.85453987121582,34.400001525878906,34.599998474121094,34.20000076293945,34.349998474121094,35112029,yfinance,False
2024-09-12,31.258155822753906,34.849998474121094,35.150001525878906,34.0,34.5,47427407,yfinance,False
2024-09-13,31.706626892089844,35.349998474121094,35.79999923706055,34.900001525878906,35.0,35972451,yfinance,False
2024-09-16,31.482393264770508,35.099998474121094,35.29999923706055,34.599998474121094,35.0,14396880,yfinance,False
2024-09-17,32.06540298461914,35.75,36.099998474121094,34.79999923706055,34.900001525878906,25035910,yfinance,False
2024-09-19,33.36595916748047,37.20000076293945,37.54999923706055,35.75,35.75,86711676,yfinance,False
2024-09-20,33.76957702636719,37.650001525878906,38.20000076293945,37.25,37.349998474121094,67762929,yfinance,False
2024-09-23,33.76957702636719,37.650001525878906,38.20000076293945,37.5,37.5,37197236,yfinance,False
2024-09-24,36.19129943847656,40.349998474121094,40.75,38.54999923706055,38.54999923706055,151959706,yfinance,False
2024-09-25,37.58155059814453,41.900001525878906,42.900001525878906,41.400001525878906,42.400001525878906,186610111,yfinance,False
2024-09-26,40.85535430908203,45.54999923706055,45.95000076293945,41.599998474121094,42.29999923706055,217857044,yfinance,False
2024-09-27,43.59100341796875,48.599998474121094,49.0,46.45000076293945,47.25,247911915,yfinance,False
2024-09-30,44.981258392333984,50.150001525878906,52.75,49.20000076293945,49.25,248000033,yfinance,False
2024-10-02,50.7664794921875,56.599998474121094,57.650001525878906,50.0,50.0,230013911,yfinance,False
2024-10-03,49.24169158935547,54.900001525878906,57.5,51.849998474121094,57.349998474121094,159860008,yfinance,False
2024-10-04,51.39434051513672,57.29999923706055,57.599998474121094,53.5,53.5,98751085,yfinance,False
2024-10-07,53.54697799682617,59.70000076293945,59.79999923706055,57.0,58.20000076293945,114440525,yfinance,False
2024-10-08,45.07094955444336,50.25,59.150001525878906,49.75,57.400001525878906,269734028,yfinance,False
2024-10-09,43.1873893737793,48.150001525878906,51.95000076293945,46.599998474121094,51.45000076293945,189095890,yfinance,False
2024-10-10,45.74365234375,51.0,52.400001525878906,49.400001525878906,50.04999923706055,123241362,yfinance,False
2024-10-14,45.87819290161133,51.150001525878906,52.04999923706055,49.599998474121094,50.849998474121094,88480393,yfinance,False
2024-10-15,43.45646286010742,48.45000076293945,51.400001525878906,47.75,50.599998474121094,91748500,yfinance,False
2024-10-16,43.90493392944336,48.95000076293945,49.5,47.849998474121094,48.45000076293945,64925053,yfinance,False
2024-10-17,42.96315383911133,47.900001525878906,50.900001525878906,47.54999923706055,49.5,63874700,yfinance,False
2024-10-18,44.8018684387207,49.95000076293945,50.79999923706055,47.150001525878906,48.349998474121094,74868002,yfinance,False
2024-10-21,43.99462890625,49.04999923706055,50.54999923706055,48.70000076293945,49.900001525878906,58236111,yfinance,False
2024-10-22,43.1873893737793,48.150001525878906,50.0,48.04999923706055,49.29999923706055,66700496,yfinance,False
2024-10-23,44.308555603027344,49.400001525878906,50.150001525878906,47.95000076293945,48.099998474121094,50416992,yfinance,False
2024-10-24,43.77039337158203,48.79999923706055,49.599998474121094,48.650001525878906,49.04999923706055,28520320,yfinance,False
2024-10-25,43.90493392944336,48.95000076293945,49.54999923706055,48.70000076293945,48.79999923706055,27573760,yfinance,False
2024-10-28,43.81523895263672,48.849998474121094,49.29999923706055,48.5,49.0,32727898,yfinance,False
2024-10-29,43.94977951049805,49.0,50.25,48.79999923706055,49.45000076293945,42517769,yfinance,False
2024-10-30,42.96315383911133,47.900001525878906,49.25,47.70000076293945,49.099998474121094,52031629,yfinance,False
2024-10-31,43.1873893737793,48.150001525878906,49.150001525878906,47.75,47.75,34158718,yfinance,False
2024-11-01,43.09769058227539,48.04999923706055,49.099998474121094,47.849998474121094,48.599998474121094,32278231,yfinance,False
2024-11-04,43.09769058227539,48.04999923706055,48.45000076293945,47.400001525878906,48.20000076293945,29738800,yfinance,False
2024-11-05,45.02610397338867,50.20000076293945,50.25,47.70000076293945,47.79999923706055,64653297,yfinance,False
2024-11-06,43.63585662841797,48.650001525878906,50.0,47.849998474121094,49.20000076293945,72091048,yfinance,False
2024-11-07,46.416351318359375,51.75,51.95000076293945,48.400001525878906,48.79999923706055,105312750,yfinance,False
2024-11-08,44.757022857666016,49.900001525878906,52.599998474121094,49.900001525878906,52.20000076293945,68984081,yfinance,False
2024-11-11,43.23223876953125,48.20000076293945,49.04999923706055,47.650001525878906,48.79999923706055,87395694,yfinance,False
2024-11-12,41.16928482055664,45.900001525878906,48.599998474121094,45.650001525878906,47.70000076293945,116640521,yfinance,False
2024-11-13,41.66259765625,46.45000076293945,46.70000076293945,45.20000076293945,45.349998474121094,59767117,yfinance,False
2024-11-14,41.12443542480469,45.849998474121094,47.150001525878906,45.599998474121094,46.20000076293945,45820929,yfinance,False
2024-11-15,40.90020751953125,45.599998474121094,46.650001525878906,45.349998474121094,45.95000076293945,39345709,yfinance,False
2024-11-18,41.25897979736328,46.0,47.29999923706055,45.900001525878906,46.70000076293945,38360604,yfinance,False
2024-11-19,41.39352035522461,46.150001525878906,46.54999923706055,45.849998474121094,46.0,25582705,yfinance,False
2024-11-20,41.79713821411133,46.599998474121094,46.95000076293945,46.099998474121094,46.150001525878906,26483539,yfinance,False
2024-11-21,41.39352035522461,46.150001525878906,46.900001525878906,46.0,46.599998474121094,26545766,yfinance,False
2024-11-22,40.09296417236328,44.70000076293945,46.5,44.29999923706055,46.150001525878906,59694375,yfinance,False
2024-11-25,39.734188079833984,44.29999923706055,45.099998474121094,44.150001525878906,44.79999923706055,44740195,yfinance,False
2024-11-26,39.86872863769531,44.45000076293945,45.0,44.0,44.04999923706055,27523935,yfinance,False
2024-11-27,41.12443542480469,45.849998474121094,46.29999923706055,44.04999923706055,44.29999923706055,35277531,yfinance,False
2024-11-28,40.182655334472656,44.79999923706055,45.900001525878906,44.650001525878906,45.900001525878906,29215473,yfinance,False
2024-11-29,40.182655334472656,44.79999923706055,45.75,44.20000076293945,44.54999923706055,41188309,yfinance,False
2024-12-02,40.63112258911133,45.29999923706055,45.900001525878906,44.900001525878906,45.20000076293945,23409671,yfinance,False
2024-12-03,41.39352035522461,46.150001525878906,46.29999923706055,44.900001525878906,45.29999923706055,25769049,yfinance,False
2024-12-04,41.39352035522461,46.150001525878906,46.400001525878906,45.54999923706055,46.150001525878906,23265737,yfinance,False
2024-12-05,40.989898681640625,45.70000076293945,46.099998474121094,45.04999923706055,45.849998474121094,28160015,yfinance,False
2024-12-06,41.931678771972656,46.75,47.150001525878906,45.5,45.54999923706055,38247440,yfinance,False
2024-12-09,43.54616165161133,48.54999923706055,48.599998474121094,46.0,46.400001525878906,49559849,yfinance,False
2024-12-10,43.09769058227539,48.04999923706055,51.0,48.0,50.95000076293945,81561553,yfinance,False
2024-12-11,42.155914306640625,47.0,48.5,46.900001525878906,47.900001525878906,30009855,yfinance,False
2024-12-12,42.828609466552734,47.75,48.70000076293945,46.849998474121094,47.25,35207456,yfinance,False
2024-12-13,41.57290267944336,46.349998474121094,47.400001525878906,46.20000076293945,47.400001525878906,47171065,yfinance,False
2024-12-16,41.079593658447266,45.79999923706055,46.79999923706055,45.650001525878906,46.400001525878906,34790102,yfinance,False
2024-12-17,40.810508728027344,45.5,46.150001525878906,45.20000076293945,45.54999923706055,37019848,yfinance,False
2024-12-18,41.214134216308594,45.95000076293945,46.54999923706055,45.599998474121094,46.099998474121094,30870182,yfinance,False
2024-12-19,40.989898681640625,45.70000076293945,46.099998474121094,45.25,45.29999923706055,23647109,yfinance,False
2024-12-20,40.76566696166992,45.45000076293945,46.150001525878906,45.45000076293945,45.75,29149636,yfinance,False
2024-12-23,41.57290267944336,46.349998474121094,46.79999923706055,45.599998474121094,45.599998474121094,32321807,yfinance,False
2024-12-24,41.841983795166016,46.650001525878906,46.650001525878906,46.650001525878906,46.650001525878906,0,yfinance,False
2024-12-27,41.57290267944336,46.349998474121094,46.849998474121094,45.599998474121094,46.650001525878906,26444947,yfinance,False
2024-12-30,41.57290267944336,46.349998474121094,46.900001525878906,45.95000076293945,46.20000076293945,36983039,yfinance,False
2024-12-31,41.34866714477539,46.099998474121094,46.099998474121094,46.099998474121094,46.099998474121094,0,yfinance,False
2025-01-02,39.644500732421875,44.20000076293945,45.849998474121094,43.95000076293945,45.650001525878906,70177244,yfinance,False
2025-01-03,39.509952545166016,44.04999923706055,44.5,43.70000076293945,44.25,43444767,yfinance,False
2025-01-06,39.37541580200195,43.900001525878906,44.54999923706055,43.650001525878906,44.20000076293945,25992295,yfinance,False
2025-01-07,38.79240798950195,43.25,44.150001525878906,42.54999923706055,44.0,55717378,yfinance,False
2025-01-08,38.61301803588867,43.04999923706055,43.54999923706055,42.599998474121094,43.0,34385670,yfinance,False
2025-01-09,38.38878631591797,42.79999923706055,43.150001525878906,42.349998474121094,42.900001525878906,24461809,yfinance,False
2025-01-10,36.7743034362793,41.0,42.849998474121094,40.849998474121094,42.75,85571193,yfinance,False
2025-01-13,36.729461669921875,40.95000076293945,41.099998474121094,39.900001525878906,40.349998474121094,54215536,yfinance,False
2025-01-14,37.133079528808594,41.400001525878906,41.79999923706055,40.150001525878906,40.150001525878906,57298931,yfinance,False
2025-01-15,36.90884780883789,41.150001525878906,41.45000076293945,40.75,41.0,38441484,yfinance,False
2025-01-16,37.40216064453125,41.70000076293945,42.29999923706055,41.20000076293945,41.54999923706055,33678911,yfinance,False
2025-01-17,37.40216064453125,41.70000076293945,41.95000076293945,41.099998474121094,41.400001525878906,32742300,yfinance,False
2025-01-20,38.299095153808594,42.70000076293945,43.29999923706055,41.900001525878906,42.0,43053323,yfinance,False
2025-01-21,38.70271682739258,43.150001525878906,43.5,42.79999923706055,43.349998474121094,40604226,yfinance,False
2025-01-22,37.62639236450195,41.95000076293945,43.20000076293945,41.70000076293945,42.79999923706055,40253647,yfinance,False
2025-01-23,38.34394454956055,42.75,43.849998474121094,42.45000076293945,42.5,46257928,yfinance,False
2025-01-24,39.016639709472656,43.5,44.04999923706055,43.04999923706055,43.349998474121094,41162742,yfinance,False
2025-01-27,39.465110778808594,44.0,44.349998474121094,43.650001525878906,43.650001525878906,28072170,yfinance,False
2025-01-28,39.19602966308594,43.70000076293945,43.70000076293945,43.70000076293945,43.70000076293945,0,yfinance,False
2025-02-03,38.61301803588867,43.04999923706055,43.04999923706055,41.650001525878906,42.45000076293945,40062591,yfinance,False
2025-02-04,39.465110778808594,44.0,44.5,42.75,43.349998474121094,37122048,yfinance,False
2025-02-05,39.06148910522461,43.54999923706055,44.04999923706055,43.150001525878906,44.04999923706055,29189344,yfinance,False
2025-02-06,39.465110778808594,44.0,44.0,43.099998474121094,43.25,29505252,yfinance,False
2025-02-07,39.86872863769531,44.45000076293945,44.75,43.400001525878906,43.70000076293945,41511911,yfinance,False
2025-02-10,40.36204528808594,45.0,45.45000076293945,44.29999923706055,44.29999923706055,50429457,yfinance,False
2025-02-11,39.734188079833984,44.29999923706055,45.45000076293945,44.20000076293945,45.45000076293945,31705487,yfinance,False
2025-02-12,41.25897979736328,46.0,46.099998474121094,44.150001525878906,44.45000076293945,74978372,yfinance,False
2025-02-13,40.2723503112793,44.900001525878906,46.849998474121094,44.70000076293945,46.0,83787673,yfinance,False
2025-02-14,41.52806091308594,46.29999923706055,46.29999923706055,44.95000076293945,45.45000076293945,62429547,yfinance,False
2025-02-17,42.02136993408203,46.849998474121094,47.79999923706055,46.150001525878906,46.349998474121094,87419780,yfinance,False
2025-02-18,41.841983795166016,46.650001525878906,47.599998474121094,46.20000076293945,46.79999923706055,56921916,yfinance,False
2025-02-19,41.976524353027344,46.79999923706055,47.04999923706055,45.900001525878906,46.04999923706055,41514852,yfinance,False
2025-02-20,40.90020751953125,45.599998474121094,46.5,45.54999923706055,46.349998474121094,42078189,yfinance,False
2025-02-21,42.33530044555664,47.20000076293945,47.20000076293945,45.099998474121094,46.25,86250531,yfinance,False
2025-02-24,43.0528450012207,48.0,49.29999923706055,46.79999923706055,47.099998474121094,99060704,yfinance,False
2025-02-25,41.70744323730469,46.5,47.650001525878906,46.25,47.099998474121094,56548128,yfinance,False
2025-02-26,43.36677169799805,48.349998474121094,48.849998474121094,46.650001525878906,46.650001525878906,77379768,yfinance,False
2025-02-27,43.1873893737793,48.150001525878906,48.849998474121094,47.45000076293945,48.54999923706055,67453953,yfinance,False
2025-02-28,41.214134216308594,45.95000076293945,47.79999923706055,45.599998474121094,47.75,96265121,yfinance,False
2025-03-03,40.810508728027344,45.5,46.75,45.25,45.95000076293945,50221977,yfinance,False
2025-03-04,40.810508728027344,45.5,45.54999923706055,44.79999923706055,45.20000076293945,40717018,yfinance,False
2025-03-05,41.66259765625,46.45000076293945,46.599998474121094,45.599998474121094,46.099998474121094,34685141,yfinance,False
2025-03-06,43.32192611694336,48.29999923706055,48.5,47.099998474121094,47.20000076293945,84651453,yfinance,False
2025-03-07,43.501312255859375,48.5,49.04999923706055,47.75,48.20000076293945,78257976,yfinance,False
2025-03-10,43.277076721191406,48.25,49.400001525878906,47.70000076293945,48.5,44287826,yfinance,False
2025-03-11,42.559532165527344,47.45000076293945,47.75,46.900001525878906,47.29999923706055,54402258,yfinance,False
2025-03-12,42.24560546875,47.099998474121094,47.900001525878906,46.79999923706055,47.54999923706055,47982530,yfinance,False
2025-03-13,41.752296447753906,46.54999923706055,47.45000076293945,46.29999923706055,46.900001525878906,51148981,yfinance,False
2025-03-14,44.08432388305664,49.150001525878906,49.70000076293945,46.75,47.20000076293945,112466683,yfinance,False
2025-03-17,44.891563415527344,50.04999923706055,50.5,49.29999923706055,49.849998474121094,84827143,yfinance,False
2025-03-18,45.65395736694336,50.900001525878906,51.650001525878906,50.54999923706055,51.0,57930647,yfinance,False
2025-03-19,46.55088806152344,51.900001525878906,51.95000076293945,50.650001525878906,50.900001525878906,74379506,yfinance,False
2025-03-20,44.2188606262207,49.29999923706055,51.400001525878906,49.20000076293945,51.29999923706055,141416844,yfinance,False
2025-03-21,42.828609466552734,47.75,49.20000076293945,47.29999923706055,48.79999923706055,113786207,yfinance,False
2025-03-24,43.32192611694336,48.29999923706055,48.45000076293945,47.5,47.70000076293945,38515083,yfinance,False
2025-03-25,42.20075607299805,47.04999923706055,48.45000076293945,47.0,48.099998474121094,49051219,yfinance,False
2025-03-26,42.29045104980469,47.150001525878906,47.599998474121094,46.70000076293945,47.45000076293945,27187374,yfinance,False
2025-03-27,42.33530044555664,47.20000076293945,47.849998474121094,46.599998474121094,47.150001525878906,36369093,yfinance,False
2025-03-28,42.11106491088867,46.95000076293945,47.79999923706055,46.70000076293945,47.79999923706055,31178992,yfinance,False
2025-03-31,41.52806091308594,46.29999923706055,47.0,46.25,46.599998474121094,44343838,yfinance,False
2025-04-01,42.066219329833984,46.900001525878906,47.400001525878906,46.650001525878906,46.75,30127178,yfinance,False
2025-04-02,42.738922119140625,47.650001525878906,47.70000076293945,46.54999923706055,46.75,31195845,yfinance,False
2025-04-03,42.066219329833984,46.900001525878906,47.25,46.45000076293945,46.45000076293945,36442793,yfinance,False
2025-04-07,36.59491729736328,40.79999923706055,44.099998474121094,40.150001525878906,43.400001525878906,211621186,yfinance,False
2025-04-08,36.86399841308594,41.099998474121094,41.75,40.70000076293945,40.75,111679883,yfinance,False
2025-04-09,37.04338455200195,41.29999923706055,41.650001525878906,39.599998474121094,40.0,79388768,yfinance,False
2025-04-10,37.58155059814453,41.900001525878906,42.900001525878906,41.599998474121094,42.0,63885535,yfinance,False
2025-04-11,38.25424575805664,42.650001525878906,42.95000076293945,41.25,41.25,49627799,yfinance,False
2025-04-14,39.28572463989258,43.79999923706055,44.0,43.25,43.349998474121094,44337501,yfinance,False
2025-04-15,39.28572463989258,43.79999923706055,43.95000076293945,43.25,43.79999923706055,24494836,yfinance,False
2025-04-16,38.83725357055664,43.29999923706055,43.650001525878906,42.79999923706055,43.400001525878906,33358699,yfinance,False
2025-04-17,39.28572463989258,43.79999923706055,43.79999923706055,43.04999923706055,43.20000076293945,27912639,yfinance,False
2025-04-22,40.09296417236328,44.70000076293945,44.79999923706055,43.5,43.5,43944884,yfinance,False
2025-04-23,40.85535430908203,45.54999923706055,45.54999923706055,44.900001525878906,45.0,50961394,yfinance,False
2025-04-24,40.94504928588867,45.650001525878906,45.900001525878906,45.04999923706055,45.04999923706055,43434161,yfinance,False
2025-04-25,41.214134216308594,45.95000076293945,46.5,45.75,45.95000076293945,50031687,yfinance,False
2025-04-28,41.25897979736328,46.0,46.099998474121094,44.599998474121094,45.20000076293945,43898165,yfinance,False
2025-04-29,41.39352035522461,46.150001525878906,46.5,45.95000076293945,46.29999923706055,32187757,yfinance,False
2025-04-30,41.79713821411133,46.599998474121094,46.79999923706055,46.150001525878906,46.29999923706055,36382097,yfinance,False
2025-05-02,41.841983795166016,46.650001525878906,47.150001525878906,46.349998474121094,46.599998474121094,19553893,yfinance,False
2025-05-06,41.52806091308594,46.29999923706055,46.599998474121094,46.099998474121094,46.29999923706055,32179516,yfinance,False
2025-05-07,41.79713821411133,46.599998474121094,47.849998474121094,46.54999923706055,47.5,36816136,yfinance,False
2025-05-08,42.155914306640625,47.0,47.54999923706055,46.20000076293945,46.20000076293945,28176687,yfinance,False
2025-05-09,41.70744323730469,46.5,47.0,46.349998474121094,46.79999923706055,33251418,yfinance,False
2025-05-12,43.32192611694336,48.29999923706055,48.650001525878906,47.0,47.5,59478196,yfinance,False
2025-05-13,42.604373931884766,47.5,48.099998474121094,47.29999923706055,48.0,35438954,yfinance,False
2025-05-14,44.398250579833984,49.5,49.650001525878906,47.45000076293945,47.79999923706055,81576226,yfinance,False
2025-05-15,43.386966705322266,46.650001525878906,48.0,46.599998474121094,47.849998474121094,57051230,yfinance,False
2025-05-16,42.875431060791016,46.099998474121094,46.79999923706055,45.599998474121094,46.5,48140743,yfinance,False
2025-05-19,42.50341796875,45.70000076293945,46.04999923706055,45.349998474121094,45.54999923706055,32320095,yfinance,False
2025-05-20,43.154457092285156,46.400001525878906,46.599998474121094,45.599998474121094,46.04999923706055,36643900,yfinance,False
2025-05-21,43.34046173095703,46.599998474121094,47.0,46.349998474121094,46.54999923706055,28945783,yfinance,False
2025-05-22,42.68942642211914,45.900001525878906,46.5,45.849998474121094,46.25,29031455,yfinance,False
2025-05-23,42.64291763305664,45.849998474121094,46.20000076293945,45.54999923706055,46.150001525878906,29241675,yfinance,False
2025-05-26,42.50341796875,45.70000076293945,46.900001525878906,45.650001525878906,45.70000076293945,37064927,yfinance,False
2025-05-27,42.96843719482422,46.20000076293945,46.400001525878906,45.79999923706055,46.0,29064501,yfinance,False
2025-05-28,42.59642028808594,45.79999923706055,46.54999923706055,45.54999923706055,46.20000076293945,26054763,yfinance,False
2025-05-29,43.154457092285156,46.400001525878906,46.400001525878906,45.599998474121094,45.79999923706055,28921299,yfinance,False
2025-05-30,42.921939849853516,46.150001525878906,46.150001525878906,45.54999923706055,45.849998474121094,45688225,yfinance,False
2025-06-02,42.4104118347168,45.599998474121094,45.75,44.5,45.599998474121094,44122635,yfinance,False
2025-06-03,43.20095443725586,46.45000076293945,46.650001525878906,45.70000076293945,45.849998474121094,33640197,yfinance,False
2025-06-04,42.59642028808594,45.79999923706055,46.20000076293945,45.400001525878906,46.099998474121094,62190591,yfinance,False
2025-06-05,42.78242874145508,46.0,46.349998474121094,45.75,46.150001525878906,63174541,yfinance,False
2025-06-06,42.50341796875,45.70000076293945,46.5,45.599998474121094,46.0,57499628,yfinance,False
2025-06-09,43.898494720458984,47.20000076293945,47.20000076293945,46.0,46.04999923706055,61759416,yfinance,False
2025-06-10,44.13100814819336,47.45000076293945,48.099998474121094,47.150001525878906,47.20000076293945,59743467,yfinance,False
2025-06-11,45.3400764465332,48.75,48.900001525878906,47.400001525878906,47.45000076293945,79172415,yfinance,False
2025-06-12,45.15406799316406,48.54999923706055,49.5,47.95000076293945,48.5,68158985,yfinance,False
2025-06-13,44.363521575927734,47.70000076293945,48.54999923706055,47.5,48.29999923706055,50139179,yfinance,False
2025-06-16,44.78204345703125,48.150001525878906,48.20000076293945,47.25,47.70000076293945,41126390,yfinance,False
2025-06-17,44.45652389526367,47.79999923706055,48.29999923706055,47.5,48.150001525878906,26221248,yfinance,False
2025-06-18,43.75898361206055,47.04999923706055,47.75,46.75,47.54999923706055,33877398,yfinance,False
2025-06-19,42.78242874145508,46.0,46.900001525878906,45.70000076293945,46.75,50856721,yfinance,False
2025-06-20,44.038002014160156,47.349998474121094,47.70000076293945,45.849998474121094,46.0,59997803,yfinance,False
2025-06-23,44.17750930786133,47.5,47.70000076293945,46.5,46.70000076293945,28376757,yfinance,False
2025-06-24,46.456138610839844,49.95000076293945,50.099998474121094,47.900001525878906,47.900001525878906,136077998,yfinance,False
2025-06-25,47.851219177246094,51.45000076293945,51.75,49.5,49.95000076293945,110921076,yfinance,False
2025-06-26,47.47919464111328,51.04999923706055,51.349998474121094,50.54999923706055,51.29999923706055,69891026,yfinance,False
2025-06-27,46.874664306640625,50.400001525878906,51.54999923706055,49.900001525878906,51.0,57839853,yfinance,False
2025-06-30,46.36313247680664,49.849998474121094,50.79999923706055,49.650001525878906,50.599998474121094,35626841,yfinance,False
2025-07-02,46.73515701293945,50.25,50.70000076293945,49.95000076293945,50.599998474121094,47102250,yfinance,False
2025-07-03,46.59564971923828,50.099998474121094,50.849998474121094,49.75,50.54999923706055,39479103,yfinance,False
2025-07-04,46.54914474487305,50.04999923706055,50.849998474121094,48.70000076293945,49.79999923706055,57325315,yfinance,False
2025-07-07,46.22362518310547,49.70000076293945,50.0,49.400001525878906,49.849998474121094,32597617,yfinance,False
2025-07-08,47.15367889404297,50.70000076293945,50.79999923706055,49.849998474121094,50.150001525878906,43363137,yfinance,False
2025-07-09,46.03761672973633,49.5,50.599998474121094,49.20000076293945,50.54999923706055,50272711,yfinance,False
2025-07-10,48.037227630615234,51.650001525878906,51.75,49.20000076293945,49.5,81724168,yfinance,False
2025-07-11,49.153289794921875,52.849998474121094,54.849998474121094,51.70000076293945,51.70000076293945,124532768,yfinance,False
2025-07-14,49.33930587768555,53.04999923706055,54.0,52.849998474121094,52.95000076293945,42228657,yfinance,False
2025-07-15,48.9207763671875,52.599998474121094,53.849998474121094,51.900001525878906,53.20000076293945,57199689,yfinance,False
2025-07-16,48.223236083984375,51.849998474121094,52.95000076293945,51.75,52.599998474121094,46194660,yfinance,False
2025-07-17,47.89772415161133,51.5,52.29999923706055,51.25,52.04999923706055,32274494,yfinance,False
2025-07-18,49.153289794921875,52.849998474121094,53.0,51.849998474121094,52.400001525878906,42282495,yfinance,False
2025-07-21,49.664825439453125,53.400001525878906,53.5,52.5,52.95000076293945,33878673,yfinance,False
2025-07-22,49.75782775878906,53.5,53.70000076293945,52.45000076293945,53.45000076293945,42447739,yfinance,False
2025-07-23,50.501869201660156,54.29999923706055,54.849998474121094,53.79999923706055,54.0,79912166,yfinance,False
2025-07-24,51.52492904663086,55.400001525878906,55.70000076293945,54.20000076293945,54.29999923706055,73852097,yfinance,False
2025-07-25,50.6878776550293,54.5,55.400001525878906,54.349998474121094,55.150001525878906,45995766,yfinance,False
2025-07-28,52.454978942871094,56.400001525878906,57.650001525878906,54.599998474121094,54.75,102731940,yfinance,False
2025-07-29,52.454978942871094,56.400001525878906,56.5,55.54999923706055,56.349998474121094,52075015,yfinance,False
2025-07-30,52.36197280883789,56.29999923706055,57.20000076293945,55.75,56.400001525878906,68830779,yfinance,False
2025-07-31,50.176353454589844,53.95000076293945,56.0,53.75,56.0,102427596,yfinance,False
2025-08-01,49.19979476928711,52.900001525878906,54.5,52.599998474121094,53.79999923706055,78618302,yfinance,False
2025-08-04,49.897335052490234,53.650001525878906,53.79999923706055,52.400001525878906,52.400001525878906,45024954,yfinance,False
2025-08-05,50.26935577392578,54.04999923706055,54.099998474121094,53.0,53.75,40166359,yfinance,False
2025-08-06,50.083343505859375,53.849998474121094,54.54999923706055,53.5,54.099998474121094,28025954,yfinance,False
2025-08-07,50.780879974365234,54.599998474121094,54.79999923706055,53.599998474121094,54.25,30613126,yfinance,False
2025-08-08,50.548370361328125,54.349998474121094,54.75,54.099998474121094,54.599998474121094,18130583,yfinance,False
2025-08-11,50.92039108276367,54.75,55.0,54.04999923706055,54.70000076293945,24847149,yfinance,False
2025-08-12,51.98995590209961,55.900001525878906,56.099998474121094,54.650001525878906,54.75,43998073,yfinance,False
2025-08-13,52.827003479003906,56.79999923706055,57.04999923706055,55.599998474121094,56.29999923706055,57362372,yfinance,False
2025-08-14,53.85006332397461,57.900001525878906,59.099998474121094,56.95000076293945,57.0,87441926,yfinance,False
2025-08-15,53.571041107177734,57.599998474121094,57.900001525878906,56.75,57.900001525878906,55233118,yfinance,False
2025-08-18,53.71055221557617,57.75,58.70000076293945,57.5,58.0,47162253,yfinance,False
2025-08-19,53.29202651977539,57.29999923706055,58.45000076293945,57.150001525878906,58.0,37572078,yfinance,False
2025-08-20,53.75705337524414,57.79999923706055,57.900001525878906,56.54999923706055,56.95000076293945,28245578,yfinance,False
2025-08-21,53.85006332397461,57.900001525878906,58.400001525878906,57.45000076293945,57.95000076293945,31299193,yfinance,False
2025-08-22,54.036067962646484,58.099998474121094,58.20000076293945,57.25,57.900001525878906,36747559,yfinance,False
2025-08-25,54.54759979248047,58.650001525878906,59.20000076293945,58.400001525878906,58.70000076293945,56101457,yfinance,False
2025-08-26,53.43153381347656,57.45000076293945,58.650001525878906,57.400001525878906,58.650001525878906,41174576,yfinance,False
2025-08-27,52.36197280883789,56.29999923706055,57.20000076293945,56.099998474121094,57.0,79986092,yfinance,False
2025-08-28,52.26897048950195,56.20000076293945,56.79999923706055,55.349998474121094,56.099998474121094,56007863,yfinance,False
2025-08-29,52.36197280883789,56.29999923706055,58.099998474121094,56.0,56.0,86491909,yfinance,False
2025-09-01,52.68749237060547,56.650001525878906,57.099998474121094,56.400001525878906,57.0,48059341,yfinance,False
2025-09-02,52.50148391723633,56.45000076293945,57.29999923706055,56.150001525878906,56.45000076293945,35399106,yfinance,False
2025-09-03,52.54798126220703,56.5,57.20000076293945,56.04999923706055,56.45000076293945,38854433,yfinance,False
2025-09-04,51.757442474365234,55.650001525878906,57.099998474121094,55.20000076293945,57.099998474121094,42888736,yfinance,False
2025-09-05,51.57143020629883,55.45000076293945,55.75,54.849998474121094,55.650001525878906,42138877,yfinance,False
2025-09-08,52.08296203613281,56.0,56.400001525878906,55.349998474121094,55.5,36337765,yfinance,False
2025-09-09,53.19902038574219,57.20000076293945,57.599998474121094,56.0,56.0,61462967,yfinance,False
2025-09-10,53.56891632080078,56.54999923706055,57.0,56.0,56.400001525878906,35524896,yfinance,False
2025-09-11,53.379459381103516,56.349998474121094,56.75,55.849998474121094,56.099998474121094,30295333,yfinance,False
2025-09-12,54.08992385864258,57.099998474121094,57.75,56.79999923706055,57.04999923706055,34154569,yfinance,False
2025-09-15,53.332096099853516,56.29999923706055,57.099998474121094,55.900001525878906,56.75,28729822,yfinance,False
2025-09-16,52.147987365722656,55.04999923706055,56.5,55.0,56.349998474121094,43469490,yfinance,False
2025-09-17,52.811092376708984,55.75,55.75,55.04999923706055,55.20000076293945,35358096,yfinance,False
2025-09-18,51.39016342163086,54.25,55.79999923706055,53.75,55.400001525878906,58807045,yfinance,False
2025-09-19,51.105979919433594,53.95000076293945,54.45000076293945,53.75,54.20000076293945,39732437,yfinance,False
2025-09-22,50.158695220947266,52.95000076293945,54.0,52.70000076293945,53.95000076293945,50212147,yfinance,False
2025-09-23,49.54296112060547,52.29999923706055,53.20000076293945,52.099998474121094,53.0,46905920,yfinance,False
2025-09-24,49.637691497802734,52.400001525878906,52.79999923706055,52.04999923706055,52.04999923706055,28802541,yfinance,False
2025-09-25,49.49559783935547,52.25,52.349998474121094,51.849998474121094,52.150001525878906,35177554,yfinance,False
2025-09-26,49.637691497802734,52.400001525878906,53.04999923706055,51.5,51.849998474121094,34126815,yfinance,False
2025-09-29,50.67970275878906,53.5,54.349998474121094,52.5,52.599998474121094,50511734,yfinance,False
2025-09-30,50.253421783447266,53.04999923706055,54.0,52.900001525878906,53.400001525878906,29920882,yfinance,False
2025-10-02,50.39551544189453,53.20000076293945,53.70000076293945,52.849998474121094,52.849998474121094,26767602,yfinance,False
2025-10-03,50.158695220947266,52.95000076293945,53.349998474121094,52.54999923706055,53.20000076293945,19387791,yfinance,False
2025-10-06,50.44287872314453,53.25,53.400001525878906,52.79999923706055,52.849998474121094,14464748,yfinance,False
2025-10-08,49.969234466552734,52.75,53.349998474121094,52.099998474121094,53.349998474121094,27968471,yfinance,False
2025-10-09,50.67970275878906,53.5,53.849998474121094,51.95000076293945,52.75,36402781,yfinance,False
2025-10-10,51.05861282348633,53.900001525878906,54.29999923706055,52.650001525878906,53.0,33330431,yfinance,False
2025-10-13,49.685054779052734,52.45000076293945,52.70000076293945,51.70000076293945,52.5,65054740,yfinance,False
2025-10-14,50.206058502197266,53.0,54.0,52.45000076293945,52.45000076293945,56144673,yfinance,False
2025-10-15,51.863807678222656,54.75,54.95000076293945,53.45000076293945,53.849998474121094,60370504,yfinance,False
2025-10-16,52.57426834106445,55.5,56.099998474121094,54.79999923706055,54.95000076293945,48720931,yfinance,False
2025-10-17,50.86915969848633,53.70000076293945,55.650001525878906,53.25,55.099998474121094,44339348,yfinance,False
2025-10-20,51.43752670288086,54.29999923706055,55.20000076293945,54.0,55.04999923706055,28526529,yfinance,False
2025-10-21,52.95318603515625,55.900001525878906,56.5,54.70000076293945,54.900001525878906,61339397,yfinance,False
2025-10-22,52.57426834106445,55.5,55.849998474121094,54.95000076293945,55.849998474121094,32372727,yfinance,False
2025-10-23,52.62163162231445,55.54999923706055,56.099998474121094,54.900001525878906,55.29999923706055,28510745,yfinance,False
2025-10-24,52.716365814208984,55.650001525878906,56.29999923706055,55.25,56.150001525878906,18922771,yfinance,False
2025-10-27,53.04791259765625,56.0,56.599998474121094,55.5,56.20000076293945,23869974,yfinance,False
2025-10-28,53.19000244140625,56.150001525878906,56.5,55.599998474121094,56.04999923706055,29382282,yfinance,False
2025-10-30,54.08992385864258,57.099998474121094,58.599998474121094,57.099998474121094,57.29999923706055,94615454,yfinance,False
2025-10-31,53.19000244140625,56.150001525878906,57.70000076293945,56.150001525878906,57.25,43995873,yfinance,False
2025-11-03,53.56891632080078,56.54999923706055,56.849998474121094,56.0,56.650001525878906,16258615,yfinance,False
2025-11-04,53.80574035644531,56.79999923706055,57.75,56.20000076293945,56.54999923706055,43556392,yfinance,False
2025-11-05,53.284732818603516,56.25,56.70000076293945,55.54999923706055,56.70000076293945,35765769,yfinance,False
2025-11-06,54.942481994628906,58.0,58.150001525878906,56.349998474121094,56.349998474121094,53954647,yfinance,False
2025-11-07,54.895118713378906,57.95000076293945,58.29999923706055,57.400001525878906,57.900001525878906,33572971,yfinance,False
2025-11-10,56.0792236328125,59.20000076293945,59.25,57.70000076293945,57.70000076293945,49103097,yfinance,False
2025-11-11,56.268680572509766,59.400001525878906,59.70000076293945,58.849998474121094,59.29999923706055,31886671,yfinance,False
2025-11-12,57.12123489379883,60.29999923706055,61.0,59.400001525878906,59.54999923706055,61188046,yfinance,False
2025-11-13,57.736968994140625,60.95000076293945,61.150001525878906,60.0,60.70000076293945,51994745,yfinance,False
2025-11-14,56.7896842956543,59.95000076293945,60.95000076293945,59.849998474121094,60.04999923706055,42148647,yfinance,False
2025-11-17,56.4107666015625,59.54999923706055,60.349998474121094,59.099998474121094,59.95000076293945,43022911,yfinance,False
2025-11-18,55.13193893432617,58.20000076293945,59.099998474121094,57.900001525878906,58.849998474121094,38553791,yfinance,False
2025-11-19,55.13193893432617,58.20000076293945,58.79999923706055,57.75,58.099998474121094,34183252,yfinance,False
2025-11-20,55.17930221557617,58.25,59.0,58.0,58.70000076293945,27793988,yfinance,False
2025-11-21,53.90047073364258,56.900001525878906,57.849998474121094,56.5,57.5,48302575,yfinance,False
2025-11-24,53.56891632080078,56.54999923706055,57.650001525878906,56.5,57.29999923706055,40543248,yfinance,False
2025-11-25,54.51620101928711,57.54999923706055,57.75,56.75,57.0,29985083,yfinance,False
2025-11-26,54.32674026489258,57.349998474121094,58.25,57.29999923706055,58.099998474121094,25099417,yfinance,False
2025-11-27,54.23201370239258,57.25,57.70000076293945,56.29999923706055,57.0,29077009,yfinance,False
2025-11-28,53.71100997924805,56.70000076293945,57.45000076293945,56.599998474121094,57.25,16572810,yfinance,False
2025-12-01,53.99519729614258,57.0,57.150001525878906,56.45000076293945,57.04999923706055,19899763,yfinance,False
2025-12-02,54.37411117553711,57.400001525878906,57.95000076293945,57.20000076293945,57.400001525878906,24092010,yfinance,False
2025-12-03,53.42682647705078,56.400001525878906,57.54999923706055,56.150001525878906,57.099998474121094,25189086,yfinance,False
2025-12-04,53.66364669799805,56.650001525878906,56.95000076293945,56.150001525878906,56.95000076293945,14415677,yfinance,False
2025-12-05,57.263328552246094,60.45000076293945,60.45000076293945,56.75,57.20000076293945,99426661,yfinance,False
2025-12-08,58.49479293823242,61.75,62.29999923706055,60.5,60.599998474121094,84928826,yfinance,False
2025-12-09,57.547508239746094,60.75,61.75,60.349998474121094,61.75,39273719,yfinance,False
2025-12-10,57.97378921508789,61.20000076293945,61.400001525878906,60.599998474121094,61.04999923706055,27046885,yfinance,False
2025-12-11,58.25797653198242,61.5,62.099998474121094,61.29999923706055,61.5,32498716,yfinance,False
2025-12-12,60.389366149902344,63.75,63.849998474121094,61.54999923706055,61.95000076293945,68145012,yfinance,False
2025-12-15,61.81028747558594,65.25,66.25,62.849998474121094,62.849998474121094,83851011,yfinance,False
2025-12-16,60.53145980834961,63.900001525878906,65.69999694824219,63.20000076293945,65.4000015258789,51765732,yfinance,False
2025-12-17,61.6208381652832,65.05000305175781,65.75,63.70000076293945,64.25,42149872,yfinance,False
2025-12-18,61.76292037963867,65.19999694824219,65.55000305175781,64.25,65.0,24691189,yfinance,False
2025-12-19,61.9997444152832,65.44999694824219,65.80000305175781,64.5999984741211,65.80000305175781,26653931,yfinance,False
2025-12-22,61.81028747558594,65.25,66.30000305175781,64.6500015258789,65.75,22063337,yfinance,False
2025-12-23,62.473384857177734,65.94999694824219,67.19999694824219,65.30000305175781,65.5,37530382,yfinance,False
2025-12-24,62.8996696472168,66.4000015258789,66.4000015258789,66.4000015258789,66.4000015258789,0,yfinance,False
2025-12-29,62.8996696472168,66.4000015258789,68.0999984741211,66.19999694824219,67.0,47266570,yfinance,False
2025-12-30,62.473384857177734,65.94999694824219,66.4000015258789,65.25,66.4000015258789,27332239,yfinance,False
2025-12-31,61.8576545715332,65.30000305175781,65.30000305175781,65.30000305175781,65.30000305175781,0,yfinance,False
2026-01-02,63.27858352661133,66.80000305175781,66.80000305175781,65.25,65.44999694824219,16318047,yfinance,False
2026-01-05,64.98368835449219,68.5999984741211,70.3499984741211,66.1500015258789,66.44999694824219,80427726,yfinance,False
2026-01-06,68.20445251464844,72.0,72.3499984741211,68.9000015258789,69.1500015258789,102792315,yfinance,False
2026-01-07,67.3519058227539,71.0999984741211,72.0,70.4000015258789,71.0999984741211,47198918,yfinance,False
2026-01-08,66.49934387207031,70.19999694824219,71.0999984741211,69.5,70.75,51880309,yfinance,False
2026-01-09,66.30989074707031,70.0,70.9000015258789,68.94999694824219,70.3499984741211,49033671,yfinance,False
2026-01-12,64.88896179199219,68.5,69.94999694824219,67.19999694824219,69.94999694824219,68701517,yfinance,False
2026-01-13,66.30989074707031,70.0,71.30000305175781,68.8499984741211,69.19999694824219,47939279,yfinance,False
2026-01-14,65.07842254638672,68.69999694824219,70.25,67.8499984741211,70.0,55251766,yfinance,False
2026-01-15,65.88361358642578,69.55000305175781,70.6500015258789,68.69999694824219,69.0,57350189,yfinance,False
2026-01-16,65.03105926513672,68.6500015258789,70.44999694824219,68.0999984741211,70.30000305175781,35154048,yfinance,False
2026-01-19,64.79423522949219,68.4000015258789,68.9000015258789,67.69999694824219,68.3499984741211,27059339,yfinance,False
2026-01-20,65.36260986328125,69.0,69.6500015258789,68.0999984741211,68.4000015258789,30771432,yfinance,False
2026-01-21,64.88896179199219,68.5,68.8499984741211,68.0,68.75,26193832,yfinance,False
2026-01-22,63.37331008911133,66.9000015258789,69.1500015258789,66.5,69.0,47734314,yfinance,False
2026-01-23,63.46803665161133,67.0,67.94999694824219,66.6500015258789,67.8499984741211,33546185,yfinance,False
2026-01-26,64.51004791259766,68.0999984741211,69.25,67.19999694824219,67.5,34625026,yfinance,False
2026-01-27,66.02569580078125,69.69999694824219,70.05000305175781,67.9000015258789,68.25,47392544,yfinance,False
2026-01-28,67.20980834960938,70.94999694824219,70.94999694824219,69.69999694824219,70.8499984741211,51767221,yfinance,False
2026-01-29,69.4359359741211,73.30000305175781,73.69999694824219,70.0999984741211,70.9000015258789,85254708,yfinance,False
2026-01-30,68.8675537109375,72.69999694824219,74.69999694824219,72.0,73.30000305175781,71403764,yfinance,False
2026-02-02,66.97298431396484,70.69999694824219,72.69999694824219,69.69999694824219,71.69999694824219,59792105,yfinance,False
2026-02-03,67.5413589477539,71.30000305175781,73.1500015258789,70.44999694824219,72.0,39508657,yfinance,False
2026-02-04,68.25182342529297,72.05000305175781,72.44999694824219,70.80000305175781,71.3499984741211,28128750,yfinance,False
2026-02-05,67.3992691040039,71.1500015258789,72.0999984741211,69.4000015258789,71.69999694824219,33898387,yfinance,False
2026-02-06,65.93096923828125,69.5999984741211,70.55000305175781,69.19999694824219,69.5999984741211,35471137,yfinance,False
2026-02-09,69.15174102783203,73.0,73.3499984741211,70.69999694824219,71.80000305175781,52358887,yfinance,False
2026-02-10,69.57801818847656,73.44999694824219,74.1500015258789,73.25,74.0,42851282,yfinance,False
2026-02-11,68.6781005859375,72.5,74.0999984741211,71.75,73.8499984741211,23288990,yfinance,False
2026-02-12,68.10972595214844,71.9000015258789,73.44999694824219,71.5,73.44999694824219,19236432,yfinance,False
2026-02-13,66.64143371582031,70.3499984741211,71.5,69.5999984741211,70.94999694824219,37025868,yfinance,False
2026-02-16,67.06771850585938,70.80000305175781,70.80000305175781,70.80000305175781,70.80000305175781,0,yfinance,False
2026-02-20,66.83089447021484,70.55000305175781,71.44999694824219,69.94999694824219,70.0,11845983,yfinance,False
2026-02-23,68.96228790283203,72.80000305175781,72.80000305175781,71.5999984741211,72.0999984741211,24679910,yfinance,False
2026-02-24,66.12043762207031,69.80000305175781,72.0,69.30000305175781,71.80000305175781,52120704,yfinance,False
2026-02-25,67.3992691040039,71.1500015258789,71.55000305175781,69.69999694824219,70.4000015258789,32042019,yfinance,False
2026-02-26,64.27323150634766,67.8499984741211,72.4000015258789,67.75,72.4000015258789,59998374,yfinance,False
2026-02-27,64.41532135009766,68.0,68.5999984741211,67.9000015258789,68.5999984741211,39693661,yfinance,False
2026-03-02,62.8996696472168,66.4000015258789,67.5,65.4000015258789,66.9000015258789,53850365,yfinance,False
2026-03-03,62.520751953125,66.0,67.0999984741211,65.5,67.05000305175781,46664062,yfinance,False
2026-03-04,61.147193908691406,64.55000305175781,66.0,62.599998474121094,66.0,81461257,yfinance,False
2026-03-05,60.67354965209961,64.05000305175781,65.6500015258789,63.650001525878906,64.9000015258789,40342120,yfinance,False
2026-03-06,61.241920471191406,64.6500015258789,65.0,63.400001525878906,63.79999923706055,32310007,yfinance,False
2026-03-09,59.347354888916016,62.650001525878906,62.70000076293945,60.849998474121094,62.400001525878906,82352185,yfinance,False
2026-03-10,60.10517883300781,63.45000076293945,64.05000305175781,62.79999923706055,63.650001525878906,34415521,yfinance,False
2026-03-11,60.15254211425781,63.5,64.0,63.150001525878906,63.400001525878906,27017655,yfinance,False
2026-03-12,59.53680419921875,62.849998474121094,63.70000076293945,62.099998474121094,63.0,28682412,yfinance,False
2026-03-13,58.96843719482422,62.25,63.45000076293945,62.04999923706055,62.5,26661414,yfinance,False
2026-03-16,58.96843719482422,62.25,62.650001525878906,61.04999923706055,62.25,26397537,yfinance,False
2026-03-17,59.773624420166016,63.099998474121094,64.4000015258789,62.54999923706055,62.599998474121094,31330854,yfinance,False
2026-03-18,60.05781555175781,63.400001525878906,63.79999923706055,62.95000076293945,63.79999923706055,20229275,yfinance,False
2026-03-19,58.40007019042969,61.650001525878906,62.20000076293945,61.45000076293945,61.900001525878906,30959562,yfinance,False
2026-03-20,58.49479293823242,61.75,62.599998474121094,61.349998474121094,61.650001525878906,31221069,yfinance,False
2026-03-23,54.46883773803711,57.5,60.20000076293945,57.099998474121094,60.0,102616377,yfinance,False
2026-03-24,56.3634033203125,59.5,59.650001525878906,57.95000076293945,58.150001525878906,52588421,yfinance,False
2026-03-25,57.263328552246094,60.45000076293945,61.45000076293945,59.849998474121094,60.20000076293945,39545928,yfinance,False
2026-03-26,55.08457565307617,58.150001525878906,60.79999923706055,57.70000076293945,60.45000076293945,55954105,yfinance,False
2026-03-27,56.1739501953125,59.29999923706055,59.79999923706055,57.45000076293945,57.5,56867450,yfinance,False
2026-03-30,55.79503631591797,58.900001525878906,58.900001525878906,57.54999923706055,58.04999923706055,51258326,yfinance,False
2026-03-31,56.3160400390625,59.45000076293945,59.79999923706055,58.5,58.650001525878906,36323270,yfinance,False
2026-04-01,57.40541458129883,60.599998474121094,61.70000076293945,60.400001525878906,61.0,52208789,yfinance,False
2026-04-02,57.02650451660156,60.20000076293945,60.599998474121094,59.29999923706055,60.599998474121094,29869408,yfinance,False
2026-04-08,59.110530853271484,62.400001525878906,63.349998474121094,61.79999923706055,61.79999923706055,62953846,yfinance,False
2026-04-09,58.96843719482422,62.25,62.5,61.70000076293945,62.099998474121094,41175500,yfinance,False
2026-04-10,59.442081451416016,62.75,63.54999923706055,62.54999923706055,62.75,27509899,yfinance,False
2026-04-13,58.40007019042969,61.650001525878906,62.150001525878906,61.099998474121094,62.150001525878906,24784092,yfinance,False
2026-04-14,59.91572189331055,63.25,63.5,62.25,62.75,26938107,yfinance,False
2026-04-15,59.252620697021484,62.54999923706055,64.1500015258789,62.54999923706055,63.95000076293945,23752554,yfinance,False
2026-04-16,59.347354888916016,62.650001525878906,63.04999923706055,62.29999923706055,62.54999923706055,27004059,yfinance,False
2026-04-17,57.40541458129883,60.599998474121094,62.25,60.25,62.0,67025039,yfinance,False
2026-04-20,58.25797653198242,61.5,61.650001525878906,60.25,60.400001525878906,40990900,yfinance,False
2026-04-21,58.21061325073242,61.45000076293945,62.099998474121094,61.25,61.5,17633037,yfinance,False
2026-04-22,58.06851577758789,61.29999923706055,61.599998474121094,60.79999923706055,60.95000076293945,19089688,yfinance,False
2026-04-23,57.500144958496094,60.70000076293945,61.20000076293945,60.29999923706055,60.849998474121094,26135866,yfinance,False
2026-04-24,57.736968994140625,60.95000076293945,61.25,60.20000076293945,60.29999923706055,22303252,yfinance,False
2026-04-27,57.689605712890625,60.900001525878906,61.349998474121094,60.5,61.099998474121094,26406752,yfinance,False
2026-04-28,56.8844108581543,60.04999923706055,61.04999923706055,59.75,60.29999923706055,32341558,yfinance,False
2026-04-29,60.34199905395508,63.70000076293945,64.0,60.849998474121094,61.25,80577081,yfinance,False
2026-04-30,59.678897857666016,63.0,64.4000015258789,62.849998474121094,63.70000076293945,50065051,yfinance,False
2026-05-04,59.91572189331055,63.25,64.19999694824219,63.20000076293945,63.75,17882637,yfinance,False
2026-05-05,60.15254211425781,63.5,63.5,62.400001525878906,62.79999923706055,12569588,yfinance,False
2026-05-06,60.815635681152344,64.19999694824219,64.19999694824219,63.0,63.95000076293945,25663414,yfinance,False
2026-05-07,62.520751953125,66.0,66.5,64.55000305175781,64.55000305175781,55187118,yfinance,False
2026-05-08,62.14183807373047,65.5999984741211,65.94999694824219,64.9000015258789,64.9000015258789,32889448,yfinance,False
2026-05-11,61.6208381652832,65.05000305175781,66.0,64.75,65.55000305175781,37767063,yfinance,False
2026-05-12,61.57347106933594,65.0,65.8499984741211,64.9000015258789,65.4000015258789,21057367,yfinance,False
2026-05-13,60.720909118652344,64.0999984741211,65.44999694824219,63.849998474121094,65.0,35862058,yfinance,False
2026-05-14,60.15254211425781,63.5,65.4000015258789,63.150001525878906,65.4000015258789,32557112,yfinance,False
2026-05-15,59.157894134521484,62.45000076293945,63.5,61.849998474121094,63.5,36937388,yfinance,False
2026-05-18,58.58951950073242,61.849998474121094,61.95000076293945,61.04999923706055,61.95000076293945,26082059,yfinance,False
2026-05-19,58.163246154785156,61.400001525878906,61.900001525878906,60.900001525878906,61.849998474121094,37059311,yfinance,False
2026-05-20,57.92642593383789,61.150001525878906,61.29999923706055,60.5,61.099998474121094,27948319,yfinance,False
2026-05-21,57.594871520996094,60.79999923706055,62.29999923706055,60.70000076293945,61.70000076293945,33506833,yfinance,False
2026-05-22,57.64223861694336,60.849998474121094,61.79999923706055,60.650001525878906,61.75,24636290,yfinance,False
2026-05-26,57.452781677246094,60.650001525878906,61.400001525878906,60.29999923706055,60.5,26378072,yfinance,False
2026-05-27,56.7423210144043,59.900001525878906,60.849998474121094,59.650001525878906,60.849998474121094,39859161,yfinance,False
2026-05-28,56.1265869140625,59.25,60.0,58.45000076293945,59.900001525878906,45877023,yfinance,False
2026-05-29,56.8844108581543,60.04999923706055,60.54999923706055,59.29999923706055,59.70000076293945,52826036,yfinance,False
2026-06-01,57.02650451660156,60.20000076293945,60.70000076293945,59.349998474121094,60.0,34250928,yfinance,False
2026-06-02,57.4295768737793,58.599998474121094,58.70000076293945,57.650001525878906,58.5,49676843,yfinance,False
2026-06-03,56.64555740356445,57.79999923706055,58.599998474121094,57.5,58.599998474121094,29412677,yfinance,False
2026-06-04,55.91053771972656,57.04999923706055,58.099998474121094,56.79999923706055,57.79999923706055,27743265,yfinance,False
2026-06-05,55.76353454589844,56.900001525878906,58.099998474121094,56.849998474121094,57.400001525878906,28784990,yfinance,False
2026-06-08,55.71453094482422,56.849998474121094,57.0,55.599998474121094,56.150001525878906,30000540,yfinance,False
2026-06-09,55.76353454589844,56.900001525878906,57.400001525878906,56.599998474121094,56.849998474121094,23506423,yfinance,False
2026-06-10,56.05754470825195,57.20000076293945,57.650001525878906,55.849998474121094,56.0,22479654,yfinance,False
2026-06-11,55.71453094482422,56.849998474121094,58.29999923706055,56.150001525878906,57.20000076293945,26633073,yfinance,False
2026-06-12,56.008541107177734,57.150001525878906,58.45000076293945,56.349998474121094,57.099998474121094,55588345,yfinance,False
2026-06-15,56.54755783081055,57.70000076293945,58.75,57.04999923706055,57.650001525878906,59509622,yfinance,False
2026-06-16,55.224517822265625,56.349998474121094,58.20000076293945,55.75,57.5,52963084,yfinance,False
2026-06-17,54.97951126098633,56.099998474121094,56.25,55.349998474121094,56.20000076293945,38345516,yfinance,False
2026-06-18,52.774452209472656,53.849998474121094,55.95000076293945,53.150001525878906,55.75,80933769,yfinance,False
2026-06-22,53.852481842041016,54.95000076293945,55.349998474121094,52.599998474121094,53.349998474121094,61205418,yfinance,False
2026-06-23,52.529441833496094,53.599998474121094,55.5,53.29999923706055,54.79999923706055,44484166,yfinance,False
2026-06-24,51.7944221496582,52.849998474121094,53.900001525878906,52.29999923706055,53.70000076293945,38675933,yfinance,False
2026-06-25,50.91240310668945,51.95000076293945,52.54999923706055,51.20000076293945,52.5,58839567,yfinance,False
2026-06-26,49.54036331176758,50.54999923706055,52.20000076293945,50.0,52.0,65486720,yfinance,False
2026-06-29,50.863399505615234,51.900001525878906,52.45000076293945,50.349998474121094,50.349998474121094,43912077,yfinance,False
2026-06-30,50.03037643432617,51.04999923706055,52.599998474121094,50.75,52.45000076293945,43974461,yfinance,False
2026-07-02,51.255409240722656,52.29999923706055,53.0,51.70000076293945,52.04999923706055,43712599,yfinance,False
2026-07-03,51.01040267944336,52.04999923706055,53.0,51.900001525878906,52.5,23901938,yfinance,False
2026-07-06,51.7944221496582,52.849998474121094,53.20000076293945,51.95000076293945,52.04999923706055,28764574,yfinance,False
2026-07-07,51.255409240722656,52.29999923706055,53.04999923706055,52.0,52.400001525878906,24856468,yfinance,False
2026-07-08,52.774452209472656,53.849998474121094,54.20000076293945,52.400001525878906,52.5,50356731,yfinance,False
2026-07-09,52.18643569946289,53.25,53.849998474121094,52.70000076293945,53.599998474121094,35119785,yfinance,False
2026-07-10,51.99042892456055,53.04999923706055,53.79999923706055,52.849998474121094,53.0,26367744,yfinance,False
2026-07-13,52.18643569946289,53.25,53.75,52.79999923706055,52.79999923706055,27226276,yfinance,False
2026-07-14,52.62744903564453,53.70000076293945,53.95000076293945,52.29999923706055,53.25,28367563,yfinance,False
2026-07-15,53.31346893310547,54.400001525878906,54.849998474121094,53.25,54.349998474121094,35141916,yfinance,False
2026-07-16,53.705474853515625,54.79999923706055,55.150001525878906,54.5,54.95000076293945,20960272,yfinance,False
2026-07-17,53.50947189331055,54.599998474121094,55.5,54.0,54.95000076293945,31652382,yfinance,False
2026-07-20,54.587501525878906,55.70000076293945,56.150001525878906,54.5,54.75,34888764,yfinance,False
2026-07-21,55.12651824951172,56.25,57.0,55.79999923706055,56.099998474121094,33210784,yfinance,False
2026-07-22,55.371524810791016,56.5,56.650001525878906,55.599998474121094,55.75,22028061,yfinance,False
2026-07-23,55.91053771972656,57.04999923706055,57.29999923706055,56.349998474121094,56.70000076293945,26392583,yfinance,False
2026-07-24,55.76353454589844,56.900001525878906,57.150001525878906,56.04999923706055,56.04999923706055,21581641,yfinance,False
2026-07-27,55.51852798461914,56.650001525878906,57.29999923706055,56.54999923706055,57.0,18610706,yfinance,False
2026-07-28,55.959537506103516,57.099998474121094,57.70000076293945,56.5,57.0,27251023,yfinance,False
2026-07-29,56.792564392089844,57.95000076293945,58.70000076293945,57.45000076293945,57.54999923706055,36101077,yfinance,False
2026-07-30,57.527584075927734,58.70000076293945,58.79999923706055,57.95000076293945,58.29999923706055,33826535,yfinance,False
2026-07-31,57.47858428955078,58.650001525878906,58.70000076293945,57.79999923706055,58.45000076293945,26319543,yfinance,False
2026-08-03,57.28257751464844,58.45000076293945,59.0,58.04999923706055,59.0,23426906,yfinance,False
2026-08-04,56.694557189941406,57.849998474121094,58.900001525878906,57.349998474121094,58.75,22745009,yfinance,False
2026-08-05,56.8415641784668,58.0,58.20000076293945,57.29999923706055,58.0,28219220,yfinance,False
2026-08-06,56.15554428100586,57.29999923706055,57.79999923706055,56.70000076293945,57.79999923706055,26643590,yfinance,False
2026-08-07,56.008541107177734,57.150001525878906,57.349998474121094,56.70000076293945,57.150001525878906,19466760,yfinance,False
2026-08-10,55.61653137207031,56.75,57.45000076293945,56.54999923706055,57.150001525878906,14758825,yfinance,False
2026-08-11,54.78350830078125,55.900001525878906,57.04999923706055,55.79999923706055,57.0,24466095,yfinance,False
2026-08-12,54.44049835205078,55.54999923706055,55.75,55.04999923706055,55.75,36609206,yfinance,False
2026-08-13,54.39149475097656,55.5,55.75,55.150001525878906,55.349998474121094,32549351,yfinance,False
2026-08-14,53.50947189331055,54.599998474121094,55.5,54.54999923706055,55.150001525878906,39346266,yfinance,False
2026-08-17,53.705474853515625,54.79999923706055,55.400001525878906,54.5,54.5,27524647,yfinance,False
2026-08-18,52.823455810546875,53.900001525878906,54.650001525878906,53.45000076293945,54.5,55829826,yfinance,False
2026-08-19,53.21546173095703,54.29999923706055,54.400001525878906,53.5,53.849998474121094,34599738,yfinance,False
2026-08-20,53.01945877075195,54.099998474121094,54.95000076293945,53.75,54.70000076293945,33721396,yfinance,False
2026-08-21,55.0775146484375,56.20000076293945,56.29999923706055,54.900001525878906,55.099998474121094,56598869,yfinance,False
2026-08-24,55.46952438354492,56.599998474121094,57.20000076293945,56.0,56.54999923706055,49991884,yfinance,False
2026-08-25,55.273521423339844,56.400001525878906,57.150001525878906,56.0,57.04999923706055,25817944,yfinance,False
2026-08-26,56.49855422973633,57.650001525878906,57.79999923706055,56.25,56.400001525878906,39504067,yfinance,False
2026-08-27,56.05754470825195,57.20000076293945,57.900001525878906,56.70000076293945,57.5,32016603,yfinance,False
2026-08-28,55.76353454589844,56.900001525878906,57.29999923706055,56.45000076293945,56.900001525878906,24247818,yfinance,False
2026-08-31,55.42052459716797,56.54999923706055,56.70000076293945,55.849998474121094,56.400001525878906,80049112,yfinance,False
2026-09-01,55.61653137207031,56.75,57.20000076293945,55.900001525878906,56.099998474121094,50478810,yfinance,False
2026-09-02,55.45000076293945,55.45000076293945,56.0,54.599998474121094,55.400001525878906,38852591,yfinance,False
2026-09-03,56.95000076293945,56.95000076293945,57.70000076293945,55.75,55.849998474121094,59878415,yfinance,False
2026-09-04,57.150001525878906,57.150001525878906,58.20000076293945,57.099998474121094,57.29999923706055,43512900,yfinance,False
2026-09-07,56.25,56.25,57.599998474121094,55.95000076293945,57.25,29665873,yfinance,False
2026-09-08,55.25,55.25,56.20000076293945,55.25,55.75,29263616,yfinance,False
2026-09-09,55.45000076293945,55.45000076293945,55.54999923706055,54.650001525878906,55.25,32396575,yfinance,False
2026-09-10,54.849998474121094,54.849998474121094,55.04999923706055,54.5,54.79999923706055,38273658,yfinance,False
2026-09-11,54.0,54.0,54.25,53.25,54.150001525878906,47856853,yfinance,False
2026-09-14,53.599998474121094,53.599998474121094,53.79999923706055,53.25,53.54999923706055,36401115,yfinance,False
2026-09-15,53.04999923706055,53.04999923706055,53.900001525878906,52.849998474121094,53.900001525878906,30160574,yfinance,False
2026-09-16,52.79999923706055,52.79999923706055,53.45000076293945,52.70000076293945,53.29999923706055,23551736,yfinance,False
2026-09-17,52.849998474121094,52.849998474121094,53.0,52.20000076293945,52.54999923706055,22920343,yfinance,False
2026-09-18,53.20000076293945,53.20000076293945,53.45000076293945,52.79999923706055,52.849998474121094,50545785,yfinance,False
2026-09-21,53.75,53.75,53.849998474121094,52.650001525878906,53.099998474121094,20997091,yfinance,False
2026-09-22,53.900001525878906,53.900001525878906,54.20000076293945,53.54999923706055,53.79999923706055,18197419,yfinance,False
2026-09-23,53.400001525878906,53.400001525878906,54.150001525878906,53.20000076293945,53.849998474121094,15883925,yfinance,False
2026-09-24,53.25,53.25,53.45000076293945,53.0,53.099998474121094,18931976,yfinance,False
2026-09-25,52.70000076293945,52.70000076293945,52.95000076293945,52.20000076293945,52.70000076293945,24872153,yfinance,False
2026-09-28,52.599998474121094,52.599998474121094,53.349998474121094,52.54999923706055,52.849998474121094,16155249,yfinance,False
2026-09-29,52.900001525878906,52.900001525878906,53.099998474121094,52.45000076293945,52.849998474121094,28688474,yfinance,False
2026-09-30,52.75,52.75,53.0,52.349998474121094,52.95000076293945,31638776,yfinance,False
2026-10-02,52.0,52.0,52.45000076293945,51.45000076293945,51.95000076293945,24441504,yfinance,False
2026-10-05,51.75,51.75,52.20000076293945,51.54999923706055,52.099998474121094,15574481,yfinance,False
2026-10-06,51.54999923706055,51.54999923706055,52.20000076293945,51.349998474121094,52.0,22880693,yfinance,False
2026-10-07,51.5,51.5,51.70000076293945,51.20000076293945,51.29999923706055,21817139,yfinance,False
2026-10-08,51.29999923706055,51.29999923706055,52.04999923706055,51.25,51.5,27667729,yfinance,False
