Date,Adj Close,Close,High,Low,Open,Volume,source,is_stale
2010-01-04,1.3425019979476929,4.037013053894043,4.094548225402832,3.989068031311035,4.008245944976807,220367397,yfinance,False
2010-01-05,1.377579689025879,4.142494201660156,4.161672115325928,4.037013053894043,4.046603202819824,348092919,yfinance,False
2010-01-06,1.383957028388977,4.161672115325928,4.2096171379089355,4.104136943817139,4.142494201660156,398522092,yfinance,False
2010-01-07,1.3616353273391724,4.094548225402832,4.190439224243164,4.075369834899902,4.190439224243164,234379471,yfinance,False
2010-01-08,1.3648239374160767,4.104136943817139,4.142494201660156,4.056191921234131,4.094548225402832,298858544,yfinance,False
2010-01-11,1.3520686626434326,4.065781116485596,4.180850028991699,4.027423858642578,4.161672115325928,361358916,yfinance,False
2010-01-12,1.3201801776885986,3.9698901176452637,4.056191921234131,3.9507110118865967,4.037013053894043,358415321,yfinance,False
2010-01-13,1.2723474502563477,3.8260529041290283,3.902765989303589,3.806874990463257,3.893177032470703,698077169,yfinance,False
2010-01-14,1.2595924139022827,3.7876970767974854,3.893177032470703,3.7685179710388184,3.835642099380493,519017146,yfinance,False
2010-01-15,1.2819138765335083,3.8548200130462646,3.749340057373047,3.8164639472961426,3.7685179710388184,429716333,yfinance,False
2010-01-18,1.2532143592834473,3.7685179710388184,3.835642099380493,3.749340057373047,3.7685179710388184,399695603,yfinance,False
2010-01-19,1.3042359352111816,3.9219439029693604,3.9219439029693604,3.7685179710388184,3.7876970767974854,402586360,yfinance,False
2010-01-20,1.2595924139022827,3.7876970767974854,3.8739991188049316,3.749340057373047,3.864409923553467,539612269,yfinance,False
2010-01-21,1.234081745147705,3.710983991622925,3.7876970767974854,3.6918060779571533,3.7781078815460205,576318471,yfinance,False
2010-01-22,1.2404593229293823,3.7301619052886963,3.749340057373047,3.5959150791168213,3.6822168827056885,682499377,yfinance,False
2010-01-25,1.2149484157562256,3.653449058532715,3.710983991622925,3.605504035949707,3.6918060779571533,628860691,yfinance,False
2010-01-26,1.173493504524231,3.5287909507751465,3.6726269721984863,3.4808449745178223,3.6726269721984863,569341467,yfinance,False
2010-01-27,1.170304775238037,3.5192019939422607,3.5959150791168213,3.4808449745178223,3.58632493019104,432179748,yfinance,False
2010-01-28,1.2117595672607422,3.643860101699829,3.643860101699829,3.5383799076080322,3.5671470165252686,370574121,yfinance,False
2010-01-29,1.1958153247833252,3.5959150791168213,3.6246819496154785,3.547969102859497,3.557558059692383,329314624,yfinance,False
2010-02-01,1.1990042924880981,3.605504035949707,3.6342709064483643,3.5192019939422607,3.557558059692383,358832765,yfinance,False
2010-02-02,1.1958153247833252,3.5959150791168213,3.6726269721984863,3.5671470165252686,3.6726269721984863,300620545,yfinance,False
2010-02-03,1.2245150804519653,3.6822168827056885,3.7205729484558105,3.605504035949707,3.643860101699829,290969854,yfinance,False
2010-02-04,1.2117595672607422,3.643860101699829,3.6822168827056885,3.605504035949707,3.6246819496154785,253232809,yfinance,False
2010-02-05,1.160738229751587,3.490433931350708,3.557558059692383,3.4808449745178223,3.5287909507751465,444015821,yfinance,False
2010-02-08,1.1384164094924927,3.4233109951019287,3.5192019939422607,3.413722038269043,3.5192019939422607,324404546,yfinance,False
2010-02-09,1.1766823530197144,3.5383799076080322,3.547969102859497,3.4424889087677,3.452078104019165,221201592,yfinance,False
2010-02-10,1.1926263570785522,3.58632493019104,3.605504035949707,3.490433931350708,3.5671470165252686,259353900,yfinance,False
2010-02-11,1.2213259935379028,3.6726269721984863,3.6918060779571533,3.6246819496154785,3.643860101699829,271972346,yfinance,False
2010-02-12,1.2149484157562256,3.653449058532715,3.7205729484558105,3.643860101699829,3.6726269721984863,189142589,yfinance,False
2010-02-17,1.2372702360153198,3.7205729484558105,3.7589290142059326,3.6918060779571533,3.739751100540161,192245024,yfinance,False
2010-02-18,1.218137264251709,3.6630380153656006,3.7301619052886963,3.653449058532715,3.7301619052886963,115596690,yfinance,False
2010-02-19,1.1830600500106812,3.557558059692383,3.6246819496154785,3.5287909507751465,3.605504035949707,253753457,yfinance,False
2010-02-22,1.2149484157562256,3.653449058532715,3.6630380153656006,3.6246819496154785,3.643860101699829,168408333,yfinance,False
2010-02-23,1.2308927774429321,3.701395034790039,3.7301619052886963,3.58632493019104,3.605504035949707,273475071,yfinance,False
2010-02-24,1.2149484157562256,3.653449058532715,3.6918060779571533,3.6246819496154785,3.6630380153656006,248024294,yfinance,False
2010-02-25,1.1894375085830688,3.5767359733581543,3.6630380153656006,3.5287909507751465,3.6246819496154785,522186528,yfinance,False
2010-02-26,1.202193260192871,3.6150929927825928,3.6246819496154785,3.58632493019104,3.6150929927825928,237442765,yfinance,False
2010-03-01,1.2500256299972534,3.7589290142059326,3.7589290142059326,3.6726269721984863,3.6726269721984863,475368140,yfinance,False
2010-03-02,1.2819138765335083,3.8548200130462646,3.8835880756378174,3.8164639472961426,3.8835880756378174,550525409,yfinance,False
2010-03-03,1.2851030826568604,3.864409923553467,3.893177032470703,3.8260529041290283,3.8739991188049316,345017506,yfinance,False
2010-03-04,1.2404593229293823,3.7301619052886963,3.902765989303589,3.7301619052886963,3.902765989303589,406569369,yfinance,False
2010-03-05,1.2532143592834473,3.7685179710388184,3.8164639472961426,3.7301619052886963,3.7781078815460205,678729158,yfinance,False
2010-03-08,1.2851030826568604,3.864409923553467,3.902765989303589,3.8164639472961426,3.8164639472961426,431534995,yfinance,False
2010-03-09,1.278725266456604,3.845231056213379,3.864409923553467,3.8260529041290283,3.864409923553467,278703248,yfinance,False
2010-03-10,1.2851030826568604,3.864409923553467,3.8835880756378174,3.8164639472961426,3.8835880756378174,278442719,yfinance,False
2010-03-11,1.2659695148468018,3.806874990463257,3.8739991188049316,3.7781078815460205,3.8739991188049316,248302982,yfinance,False
2010-03-12,1.2691588401794434,3.8164639472961426,3.835642099380493,3.7685179710388184,3.806874990463257,213456429,yfinance,False
2010-03-15,1.24683678150177,3.749340057373047,3.797286033630371,3.739751100540161,3.7685179710388184,285416750,yfinance,False
2010-03-16,1.2436480522155762,3.739751100540161,3.7781078815460205,3.7205729484558105,3.7589290142059326,199606028,yfinance,False
2010-03-17,1.2691588401794434,3.8164639472961426,3.8260529041290283,3.7589290142059326,3.7876970767974854,332412092,yfinance,False
2010-03-18,1.2723474502563477,3.8260529041290283,3.8548200130462646,3.797286033630371,3.806874990463257,261365385,yfinance,False
2010-03-19,1.2851030826568604,3.864409923553467,3.8739991188049316,3.806874990463257,3.835642099380493,228195429,yfinance,False
2010-03-22,1.2659695148468018,3.806874990463257,3.8835880756378174,3.797286033630371,3.8835880756378174,305156217,yfinance,False
2010-03-23,1.2882919311523438,3.8739991188049316,3.9219439029693604,3.835642099380493,3.835642099380493,378578486,yfinance,False
2010-03-24,1.2819138765335083,3.8548200130462646,3.9507110118865967,3.835642099380493,3.9507110118865967,389490623,yfinance,False
2010-03-25,1.2595924139022827,3.7876970767974854,3.835642099380493,3.7781078815460205,3.8260529041290283,278554672,yfinance,False
2010-03-26,1.2723474502563477,3.8260529041290283,3.8548200130462646,3.701395034790039,3.7876970767974854,323472347,yfinance,False
2010-03-29,1.2978583574295044,3.902765989303589,3.931533098220825,3.845231056213379,3.8739991188049316,321989112,yfinance,False
2010-03-30,1.3138023614883423,3.9507110118865967,3.960300922393799,3.8835880756378174,3.902765989303589,382887009,yfinance,False
2010-03-31,1.3201801776885986,3.9698901176452637,4.027423858642578,3.9507110118865967,3.9794790744781494,368948119,yfinance,False
2010-04-01,1.3425019979476929,4.037013053894043,4.046603202819824,3.998656988143921,4.008245944976807,405903201,yfinance,False
2010-04-07,1.383957028388977,4.161672115325928,4.171260833740234,4.084959030151367,4.104136943817139,532066312,yfinance,False
2010-04-08,1.377579689025879,4.142494201660156,4.161672115325928,4.104136943817139,4.104136943817139,327115409,yfinance,False
2010-04-09,1.3967124223709106,4.200027942657471,4.228796005249023,4.161672115325928,4.219205856323242,392853105,yfinance,False
2010-04-12,1.3935235738754272,4.190439224243164,4.267151832580566,4.180850028991699,4.267151832580566,281923740,yfinance,False
2010-04-13,1.3648239374160767,4.104136943817139,4.190439224243164,4.084959030151367,4.171260833740234,382131181,yfinance,False
2010-04-14,1.3520686626434326,4.065781116485596,4.104136943817139,4.046603202819824,4.104136943817139,268257038,yfinance,False
2010-04-15,1.345691204071045,4.046603202819824,4.132905006408691,4.037013053894043,4.1137261390686035,233235030,yfinance,False
2010-04-16,1.2914807796478271,3.8835880756378174,4.046603202819824,3.845231056213379,4.027423858642578,829786864,yfinance,False
2010-04-19,1.2978583574295044,3.902765989303589,3.931533098220825,3.8260529041290283,3.8835880756378174,596861054,yfinance,False
2010-04-20,1.310613751411438,3.941122055053711,3.9507110118865967,3.893177032470703,3.931533098220825,293549903,yfinance,False
2010-04-21,1.2946696281433105,3.893177032470703,3.9698901176452637,3.8548200130462646,3.9698901176452637,354552879,yfinance,False
2010-04-22,1.2946696281433105,3.893177032470703,3.902765989303589,3.835642099380493,3.835642099380493,274474360,yfinance,False
2010-04-23,1.2914807796478271,3.8835880756378174,3.9219439029693604,3.864409923553467,3.893177032470703,191594660,yfinance,False
2010-04-26,1.347631812095642,3.9123549461364746,3.960300922393799,3.902765989303589,3.931533098220825,240219961,yfinance,False
2010-04-27,1.334419846534729,3.8739991188049316,3.902765989303589,3.845231056213379,3.8548200130462646,254300171,yfinance,False
2010-04-28,1.3245103359222412,3.845231056213379,3.8739991188049316,3.8164639472961426,3.8164639472961426,403597466,yfinance,False
2010-04-29,1.3179045915603638,3.8260529041290283,3.8835880756378174,3.806874990463257,3.845231056213379,369898024,yfinance,False
2010-04-30,1.347631812095642,3.9123549461364746,3.931533098220825,3.845231056213379,3.864409923553467,455997962,yfinance,False
2010-05-03,1.3245103359222412,3.845231056213379,3.864409923553467,3.835642099380493,3.845231056213379,248571978,yfinance,False
2010-05-04,1.3245103359222412,3.845231056213379,3.902765989303589,3.835642099380493,3.8739991188049316,242080182,yfinance,False
2010-05-05,1.298086404800415,3.7685179710388184,3.797286033630371,3.7589290142059326,3.7781078815460205,500839901,yfinance,False
2010-05-06,1.3013895750045776,3.7781078815460205,3.797286033630371,3.701395034790039,3.7589290142059326,415459216,yfinance,False
2010-05-07,1.2914804220199585,3.749340057373047,3.797286033630371,3.6918060779571533,3.739751100540161,454612140,yfinance,False
2010-05-10,1.3179045915603638,3.8260529041290283,3.8548200130462646,3.806874990463257,3.8548200130462646,361631243,yfinance,False
2010-05-11,1.3013895750045776,3.7781078815460205,3.835642099380493,3.739751100540161,3.8260529041290283,312727647,yfinance,False
2010-05-12,1.3013895750045776,3.7781078815460205,3.806874990463257,3.749340057373047,3.784820079803467,180953942,yfinance,False
2010-05-13,1.3212076425552368,3.835642099380493,3.864409923553467,3.547969102859497,3.547969102859497,287296098,yfinance,False
2010-05-14,1.3212076425552368,3.835642099380493,3.8835880756378174,3.806874990463257,3.8164639472961426,206364263,yfinance,False
2010-05-17,1.2947834730148315,3.7589290142059326,3.7589290142059326,3.749340057373047,3.7589290142059326,335146947,yfinance,False
2010-05-18,1.3179045915603638,3.8260529041290283,3.845231056213379,3.7589290142059326,3.7589290142059326,255490512,yfinance,False
2010-05-19,1.3013895750045776,3.7781078815460205,3.845231056213379,3.7685179710388184,3.8260529041290283,187586060,yfinance,False
2010-05-20,1.3013895750045776,3.7781078815460205,3.8260529041290283,3.739751100540161,3.795367956161499,263200644,yfinance,False
2010-05-24,1.3179045915603638,3.8260529041290283,3.845231056213379,3.8260529041290283,3.845231056213379,278370725,yfinance,False
2010-05-25,1.2815712690353394,3.7205729484558105,3.749340057373047,3.7205729484558105,3.749340057373047,449206178,yfinance,False
2010-05-26,1.3112984895706177,3.806874990463257,3.8548200130462646,3.7301619052886963,3.7876970767974854,393218406,yfinance,False
2010-05-27,1.3215919733047485,3.6822168827056885,3.710983991622925,3.605504035949707,3.6246819496154785,391700992,yfinance,False
2010-05-28,1.3388001918792725,3.7301619052886963,3.7589290142059326,3.701395034790039,3.7301619052886963,361927715,yfinance,False
2010-05-31,1.3353585004806519,3.7205729484558105,3.7589290142059326,3.6918060779571533,3.7205729484558105,198731480,yfinance,False
2010-06-01,1.318150281906128,3.6726269721984863,3.710983991622925,3.653449058532715,3.6918060779571533,202407911,yfinance,False
2010-06-02,1.3078255653381348,3.643860101699829,3.701395034790039,3.6342709064483643,3.6726269721984863,206938777,yfinance,False
2010-06-03,1.3353585004806519,3.7205729484558105,3.7589290142059326,3.6918060779571533,3.701395034790039,316363865,yfinance,False
2010-06-04,1.3353585004806519,3.7205729484558105,3.739751100540161,3.6918060779571533,3.701395034790039,186174528,yfinance,False
2010-06-07,1.3147084712982178,3.6630380153656006,3.6630380153656006,3.605504035949707,3.605504035949707,295023350,yfinance,False
2010-06-08,1.3147084712982178,3.6630380153656006,3.6918060779571533,3.643860101699829,3.6726269721984863,180170317,yfinance,False
2010-06-09,1.3284752368927002,3.701395034790039,3.7301619052886963,3.643860101699829,3.653449058532715,204951772,yfinance,False
2010-06-10,1.3284752368927002,3.701395034790039,3.7205729484558105,3.6726269721984863,3.6726269721984863,98474462,yfinance,False
2010-06-11,1.3388001918792725,3.7301619052886963,3.7781078815460205,3.7205729484558105,3.7781078815460205,167257656,yfinance,False
2010-06-14,1.356008529663086,3.7781078815460205,3.806874990463257,3.7685179710388184,3.7781078815460205,225648499,yfinance,False
2010-06-15,1.3525665998458862,3.7685179710388184,3.797286033630371,3.7301619052886963,3.7685179710388184,270500514,yfinance,False
2010-06-17,1.3491249084472656,3.7589290142059326,3.7876970767974854,3.749340057373047,3.7781078815460205,154487938,yfinance,False
2010-06-18,1.359450340270996,3.7876970767974854,3.806874990463257,3.7589290142059326,3.7781078815460205,245013121,yfinance,False
2010-06-21,1.4076331853866577,3.9219439029693604,3.931533098220825,3.835642099380493,3.845231056213379,717878572,yfinance,False
2010-06-22,1.4076331853866577,3.9219439029693604,3.931533098220825,3.893177032470703,3.9219439029693604,305908424,yfinance,False
2010-06-23,1.4213998317718506,3.960300922393799,3.8739991188049316,3.9219439029693604,3.902765989303589,291130713,yfinance,False
2010-06-24,1.404191493988037,3.9123549461364746,3.9507110118865967,3.893177032470703,3.902765989303589,269469859,yfinance,False
2010-06-25,1.3973082304000854,3.893177032470703,3.9219439029693604,3.8548200130462646,3.893177032470703,309270772,yfinance,False
2010-06-28,1.4007498025894165,3.902765989303589,3.931533098220825,3.893177032470703,3.9123549461364746,287168606,yfinance,False
2010-06-29,1.3663336038589478,3.806874990463257,3.902765989303589,3.749340057373047,3.902765989303589,412389660,yfinance,False
2010-06-30,1.3663336038589478,3.806874990463257,3.8164639472961426,3.7589290142059326,3.806874990463257,267986221,yfinance,False
2010-07-02,1.3663336038589478,3.806874990463257,3.806874990463257,3.806874990463257,3.806874990463257,0,yfinance,False
2010-07-05,1.3491249084472656,3.7589290142059326,3.7781078815460205,3.6918060779571533,3.7685179710388184,406766819,yfinance,False
2010-07-06,1.3732166290283203,3.8260529041290283,3.835642099380493,3.739751100540161,3.7589290142059326,301702947,yfinance,False
2010-07-07,1.356008529663086,3.7781078815460205,3.8164639472961426,3.7685179710388184,3.7876970767974854,161421744,yfinance,False
2010-07-08,1.3697749376296997,3.8164639472961426,3.8739991188049316,3.806874990463257,3.8548200130462646,216690218,yfinance,False
2010-07-09,1.404191493988037,3.9123549461364746,3.9219439029693604,3.835642099380493,3.8548200130462646,407331308,yfinance,False
2010-07-12,1.4179576635360718,3.9507110118865967,3.9794790744781494,3.931533098220825,3.9507110118865967,394986591,yfinance,False
2010-07-13,1.4145162105560303,3.941122055053711,3.960300922393799,3.902765989303589,3.960300922393799,281208177,yfinance,False
2010-07-14,1.4248415231704712,3.9698901176452637,3.989068031311035,3.9507110118865967,3.9794790744781494,397959254,yfinance,False
2010-07-15,1.3904249668121338,3.8739991188049316,4.008245944976807,3.8548200130462646,3.9794790744781494,377113488,yfinance,False
2010-07-16,1.4145162105560303,3.941122055053711,3.9794790744781494,3.8548200130462646,3.9123549461364746,529884680,yfinance,False
2010-07-19,1.3869831562042236,3.864409923553467,3.902765989303589,3.8548200130462646,3.893177032470703,245282714,yfinance,False
2010-07-20,1.3938668966293335,3.8835880756378174,3.9123549461364746,3.864409923553467,3.864409923553467,221292096,yfinance,False
2010-07-21,1.4110746383666992,3.931533098220825,3.931533098220825,3.893177032470703,3.9123549461364746,193094927,yfinance,False
2010-07-22,1.4179576635360718,3.9507110118865967,3.9507110118865967,3.9123549461364746,3.931533098220825,219326235,yfinance,False
2010-07-23,1.4282830953598022,3.9794790744781494,3.989068031311035,3.960300922393799,3.989068031311035,369544680,yfinance,False
2010-07-26,1.4213998317718506,3.960300922393799,4.0178351402282715,3.941122055053711,4.008245944976807,182553953,yfinance,False
2010-07-27,1.4282830953598022,3.9794790744781494,3.989068031311035,3.960300922393799,3.989068031311035,249015980,yfinance,False
2010-07-28,1.4248415231704712,3.9698901176452637,3.989068031311035,3.941122055053711,3.960300922393799,289842955,yfinance,False
2010-07-29,1.4179576635360718,3.9507110118865967,3.9794790744781494,3.931533098220825,3.9794790744781494,183428478,yfinance,False
2010-07-30,1.4110746383666992,3.931533098220825,3.9507110118865967,3.9123549461364746,3.9219439029693604,149424531,yfinance,False
2010-08-02,1.445490837097168,4.027423858642578,4.027423858642578,3.960300922393799,3.960300922393799,332858370,yfinance,False
2010-08-03,1.4420497417449951,4.0178351402282715,4.065781116485596,3.989068031311035,4.065781116485596,219433106,yfinance,False
2010-08-04,1.445490837097168,4.027423858642578,4.056191921234131,4.008245944976807,4.056191921234131,231800595,yfinance,False
2010-08-05,1.4489328861236572,4.037013053894043,4.046603202819824,3.998656988143921,4.046603202819824,135002232,yfinance,False
2010-08-06,1.4558161497116089,4.056191921234131,4.075369834899902,4.008245944976807,4.046603202819824,247172994,yfinance,False
2010-08-09,1.4558161497116089,4.056191921234131,4.065781116485596,4.027423858642578,4.046603202819824,152362498,yfinance,False
2010-08-10,1.4317245483398438,3.989068031311035,4.056191921234131,3.9698901176452637,4.046603202819824,243362281,yfinance,False
2010-08-11,1.4007498025894165,3.902765989303589,4.008245944976807,3.8835880756378174,3.989068031311035,235173690,yfinance,False
2010-08-12,1.383541464805603,3.8548200130462646,3.8739991188049316,3.8260529041290283,3.845231056213379,312965225,yfinance,False
2010-08-13,1.3869831562042236,3.864409923553467,3.8835880756378174,3.835642099380493,3.845231056213379,160470791,yfinance,False
2010-08-16,1.3938668966293335,3.8835880756378174,3.9123549461364746,3.835642099380493,3.835642099380493,115929721,yfinance,False
2010-08-17,1.3904249668121338,3.8739991188049316,3.8835880756378174,3.8548200130462646,3.8739991188049316,106768847,yfinance,False
2010-08-18,1.383541464805603,3.8548200130462646,3.893177032470703,3.845231056213379,3.864409923553467,190629871,yfinance,False
2010-08-19,1.3904249668121338,3.8739991188049316,3.9219439029693604,3.845231056213379,3.845231056213379,145525301,yfinance,False
2010-08-20,1.3869831562042236,3.864409923553467,3.8739991188049316,3.835642099380493,3.8548200130462646,128350957,yfinance,False
2010-08-23,1.3801000118255615,3.845231056213379,3.8739991188049316,3.835642099380493,3.864409923553467,116554250,yfinance,False
2010-08-24,1.3697749376296997,3.8164639472961426,3.8548200130462646,3.806874990463257,3.835642099380493,177321221,yfinance,False
2010-08-25,1.3628917932510376,3.797286033630371,3.8260529041290283,3.7876970767974854,3.797286033630371,201860223,yfinance,False
2010-08-26,1.3628917932510376,3.797286033630371,3.8164639472961426,3.7781078815460205,3.7876970767974854,172591884,yfinance,False
2010-08-27,1.356008529663086,3.7781078815460205,3.8164639472961426,3.7685179710388184,3.797286033630371,225549334,yfinance,False
2010-08-30,1.3697749376296997,3.8164639472961426,3.8260529041290283,3.7876970767974854,3.8164639472961426,148259914,yfinance,False
2010-08-31,1.3456839323043823,3.749340057373047,3.7876970767974854,3.7205729484558105,3.7685179710388184,265925414,yfinance,False
2010-09-01,1.3422421216964722,3.739751100540161,3.7685179710388184,3.7205729484558105,3.739751100540161,260756658,yfinance,False
2010-09-02,1.356008529663086,3.7781078815460205,3.806874990463257,3.7685179710388184,3.7685179710388184,185770979,yfinance,False
2010-09-03,1.3628917932510376,3.797286033630371,3.8164639472961426,3.7781078815460205,3.7781078815460205,173790059,yfinance,False
2010-09-06,1.3938668966293335,3.8835880756378174,3.902765989303589,3.835642099380493,3.8548200130462646,239016758,yfinance,False
2010-09-07,1.4007498025894165,3.902765989303589,3.902765989303589,3.864409923553467,3.8835880756378174,157431898,yfinance,False
2010-09-08,1.3801000118255615,3.845231056213379,3.893177032470703,3.835642099380493,3.8835880756378174,170143361,yfinance,False
2010-09-09,1.3904249668121338,3.8739991188049316,3.893177032470703,3.8260529041290283,3.8260529041290283,166142103,yfinance,False
2010-09-10,1.3904249668121338,3.8739991188049316,3.9123549461364746,3.845231056213379,3.9123549461364746,153710065,yfinance,False
2010-09-13,1.4076331853866577,3.9219439029693604,3.941122055053711,3.902765989303589,3.9123549461364746,348866182,yfinance,False
2010-09-14,1.4076331853866577,3.9219439029693604,3.960300922393799,3.9123549461364746,3.960300922393799,226553185,yfinance,False
2010-09-15,1.3938668966293335,3.8835880756378174,3.9507110118865967,3.8739991188049316,3.9507110118865967,219746340,yfinance,False
2010-09-16,1.3904249668121338,3.8739991188049316,3.8835880756378174,3.835642099380493,3.864409923553467,267167766,yfinance,False
2010-09-17,1.404191493988037,3.9123549461364746,3.931533098220825,3.8548200130462646,3.8835880756378174,244625379,yfinance,False
2010-09-20,1.4007498025894165,3.902765989303589,3.9123549461364746,3.8739991188049316,3.8835880756378174,146443746,yfinance,False
2010-09-21,1.404191493988037,3.9123549461364746,3.931533098220825,3.8835880756378174,3.9123549461364746,138035914,yfinance,False
2010-09-22,1.4076331853866577,3.9219439029693604,3.941122055053711,3.902765989303589,3.931533098220825,196311785,yfinance,False
2010-09-24,1.4007498025894165,3.902765989303589,3.9219439029693604,3.893177032470703,3.893177032470703,202732423,yfinance,False
2010-09-27,1.4007498025894165,3.902765989303589,3.941122055053711,3.864409923553467,3.931533098220825,252817652,yfinance,False
2010-09-28,1.3904249668121338,3.8739991188049316,3.9123549461364746,3.864409923553467,3.893177032470703,241649607,yfinance,False
2010-09-29,1.4076331853866577,3.9219439029693604,3.931533098220825,3.893177032470703,3.9123549461364746,363314241,yfinance,False
2010-09-30,1.4007498025894165,3.902765989303589,3.9219439029693604,3.8739991188049316,3.9219439029693604,221096249,yfinance,False
2010-10-04,1.4179576635360718,3.9507110118865967,3.9507110118865967,3.9123549461364746,3.931533098220825,456705967,yfinance,False
2010-10-05,1.4317245483398438,3.989068031311035,3.998656988143921,3.9219439029693604,3.9219439029693604,370776028,yfinance,False
2010-10-06,1.4730242490768433,4.104136943817139,4.132905006408691,4.056191921234131,4.132905006408691,896031816,yfinance,False
2010-10-07,1.4626994132995605,4.075369834899902,4.161672115325928,4.056191921234131,4.152082920074463,545776530,yfinance,False
2010-10-08,1.4558161497116089,4.056191921234131,4.1137261390686035,4.037013053894043,4.065781116485596,312920334,yfinance,False
2010-10-11,1.4626994132995605,4.075369834899902,4.1137261390686035,4.065781116485596,4.094548225402832,302328633,yfinance,False
2010-10-12,1.4626994132995605,4.075369834899902,4.084959030151367,4.0178351402282715,4.065781116485596,276795339,yfinance,False
2010-10-13,1.500557541847229,4.180850028991699,4.190439224243164,4.056191921234131,4.094548225402832,546176806,yfinance,False
2010-10-14,1.5452989339828491,4.305508136749268,4.315097808837891,4.219205856323242,4.247973918914795,957729575,yfinance,False
2010-10-15,1.5728321075439453,4.382221221923828,4.4589338302612305,4.315097808837891,4.315097808837891,1279829818,yfinance,False
2010-10-18,1.5556241273880005,4.33427619934082,4.401400089263916,4.295918941497803,4.391809940338135,541256743,yfinance,False
2010-10-19,1.5831574201583862,4.410988807678223,4.4205780029296875,4.343864917755127,4.353454113006592,276798835,yfinance,False
2010-10-20,1.5521823167800903,4.3246870040893555,4.430167198181152,4.295918941497803,4.343864917755127,570938532,yfinance,False
2010-10-21,1.5797158479690552,4.401400089263916,4.410988807678223,4.3246870040893555,4.343864917755127,345345512,yfinance,False
2010-10-22,1.5487408638000488,4.315097808837891,4.410988807678223,4.305508136749268,4.410988807678223,242904253,yfinance,False
2010-10-25,1.5590656995773315,4.343864917755127,4.391809940338135,4.3246870040893555,4.353454113006592,237578278,yfinance,False
2010-10-26,1.5831574201583862,4.410988807678223,4.430167198181152,4.33427619934082,4.382221221923828,276484362,yfinance,False
2010-10-27,1.5693904161453247,4.372632026672363,4.487700939178467,4.33427619934082,4.430167198181152,509046661,yfinance,False
2010-10-28,1.603806734085083,4.468523025512695,4.487700939178467,4.439755916595459,4.487700939178467,400637071,yfinance,False
2010-10-29,1.5969237089157104,4.449345111846924,4.487700939178467,4.439755916595459,4.487700939178467,389535467,yfinance,False
2010-11-01,1.6485487222671509,4.59318208694458,4.602770805358887,4.449345111846924,4.506879806518555,402019612,yfinance,False
2010-11-02,1.6691975593566895,4.6507158279418945,4.679483890533447,4.583592891693115,4.612360000610352,411275685,yfinance,False
2010-11-03,1.7070560455322266,4.756196022033691,4.765786170959473,4.641127109527588,4.679483890533447,583016978,yfinance,False
2010-11-04,1.720822811126709,4.794552803039551,4.8137311935424805,4.765786170959473,4.784964084625244,493516417,yfinance,False
2010-11-05,1.7407236099243164,4.849999904632568,4.880000114440918,4.800000190734863,4.800000190734863,428162136,yfinance,False
2010-11-08,1.7479021549224854,4.869999885559082,4.880000114440918,4.809999942779541,4.849999904632568,248034256,yfinance,False
2010-11-09,1.7155998945236206,4.78000020980835,4.849999904632568,4.71999979019165,4.849999904632568,421980009,yfinance,False
2010-11-10,1.6653519868850708,4.639999866485596,4.78000020980835,4.630000114440918,4.78000020980835,352016102,yfinance,False
2010-11-11,1.6761194467544556,4.670000076293945,4.71999979019165,4.639999866485596,4.650000095367432,240916792,yfinance,False
2010-11-12,1.6366389989852905,4.559999942779541,4.610000133514404,4.510000228881836,4.559999942779541,359850345,yfinance,False
2010-11-15,1.6115154027938843,4.489999771118164,4.579999923706055,4.480000019073486,4.579999923706055,217085767,yfinance,False
2010-11-16,1.5899804830551147,4.429999828338623,4.53000020980835,4.400000095367432,4.480000019073486,357717866,yfinance,False
2010-11-17,1.543322205543518,4.300000190734863,4.429999828338623,4.28000020980835,4.360000133514404,400222177,yfinance,False
2010-11-18,1.5684455633163452,4.369999885559082,4.389999866485596,4.289999961853027,4.349999904632568,384195298,yfinance,False
2010-11-19,1.5505003929138184,4.320000171661377,4.389999866485596,4.269999980926514,4.380000114440918,337930908,yfinance,False
2010-11-22,1.5325545072555542,4.269999980926514,4.320000171661377,4.210000038146973,4.260000228881836,497694651,yfinance,False
2010-11-23,1.4715394973754883,4.099999904632568,4.239999771118164,4.079999923706055,4.21999979019165,653346516,yfinance,False
2010-11-24,1.4823073148727417,4.130000114440918,4.159999847412109,4.110000133514404,4.139999866485596,404967737,yfinance,False
2010-11-25,1.4930744171142578,4.159999847412109,4.179999828338623,4.119999885559082,4.150000095367432,306526789,yfinance,False
2010-11-26,1.4787178039550781,4.119999885559082,4.170000076293945,4.099999904632568,4.130000114440918,233305277,yfinance,False
2010-11-29,1.5002527236938477,4.179999828338623,4.190000057220459,4.059999942779541,4.059999942779541,261073069,yfinance,False
2010-11-30,1.4930744171142578,4.159999847412109,4.199999809265137,4.110000133514404,4.199999809265137,327831465,yfinance,False
2010-12-01,1.5146089792251587,4.21999979019165,4.239999771118164,4.130000114440918,4.179999828338623,239542175,yfinance,False
2010-12-02,1.5361437797546387,4.28000020980835,4.320000171661377,4.269999980926514,4.300000190734863,245518560,yfinance,False
2010-12-03,1.5181981325149536,4.230000019073486,4.329999923706055,4.21999979019165,4.300000190734863,248279304,yfinance,False
2010-12-06,1.4787178039550781,4.119999885559082,4.269999980926514,4.110000133514404,4.25,248717363,yfinance,False
2010-12-07,1.503841757774353,4.190000057220459,4.199999809265137,4.099999904632568,4.110000133514404,252845965,yfinance,False
2010-12-08,1.4751286506652832,4.110000133514404,4.159999847412109,4.099999904632568,4.139999866485596,267623715,yfinance,False
2010-12-09,1.4751286506652832,4.110000133514404,4.139999866485596,4.090000152587891,4.099999904632568,237787436,yfinance,False
2010-12-10,1.4751286506652832,4.110000133514404,4.139999866485596,4.059999942779541,4.070000171661377,240393044,yfinance,False
2010-12-13,1.4930744171142578,4.159999847412109,4.199999809265137,4.130000114440918,4.139999866485596,182098296,yfinance,False
2010-12-14,1.5146089792251587,4.21999979019165,4.239999771118164,4.159999847412109,4.21999979019165,190752238,yfinance,False
2010-12-15,1.4715394973754883,4.099999904632568,4.190000057220459,4.070000171661377,4.170000076293945,335289830,yfinance,False
2010-12-16,1.4571832418441772,4.059999942779541,4.150000095367432,4.050000190734863,4.119999885559082,266536284,yfinance,False
2010-12-17,1.4571832418441772,4.059999942779541,4.099999904632568,4.039999961853027,4.050000190734863,186071808,yfinance,False
2010-12-20,1.4571832418441772,4.059999942779541,4.079999923706055,4.010000228881836,4.050000190734863,195189131,yfinance,False
2010-12-21,1.4787178039550781,4.119999885559082,4.130000114440918,4.03000020980835,4.059999942779541,186799689,yfinance,False
2010-12-22,1.4679505825042725,4.090000152587891,4.139999866485596,4.059999942779541,4.110000133514404,178036376,yfinance,False
2010-12-23,1.4500048160552979,4.039999961853027,4.099999904632568,4.03000020980835,4.070000171661377,158404747,yfinance,False
2010-12-24,1.4500048160552979,4.039999961853027,4.050000190734863,4.010000228881836,4.03000020980835,104420563,yfinance,False
2010-12-28,1.4356482028961182,4.0,4.03000020980835,4.0,4.03000020980835,176343731,yfinance,False
2010-12-29,1.460772156715393,4.070000171661377,4.070000171661377,4.010000228881836,4.010000228881836,143658886,yfinance,False
2010-12-30,1.460772156715393,4.070000171661377,4.079999923706055,4.039999961853027,4.059999942779541,160292731,yfinance,False
2010-12-31,1.4715394973754883,4.099999904632568,4.110000133514404,4.059999942779541,4.090000152587891,103405158,yfinance,False
2011-01-03,1.489485502243042,4.150000095367432,4.170000076293945,4.059999942779541,4.119999885559082,183701624,yfinance,False
2011-01-04,1.5002527236938477,4.179999828338623,4.199999809265137,4.119999885559082,4.179999828338623,195661679,yfinance,False
2011-01-05,1.489485502243042,4.150000095367432,4.179999828338623,4.130000114440918,4.150000095367432,244532857,yfinance,False
2011-01-06,1.4930744171142578,4.159999847412109,4.170000076293945,4.110000133514404,4.170000076293945,179552734,yfinance,False
2011-01-07,1.4930744171142578,4.159999847412109,4.179999828338623,4.119999885559082,4.170000076293945,223351529,yfinance,False
2011-01-10,1.4823073148727417,4.130000114440918,4.179999828338623,4.099999904632568,4.150000095367432,197831634,yfinance,False
2011-01-11,1.4930744171142578,4.159999847412109,4.170000076293945,4.090000152587891,4.130000114440918,138095324,yfinance,False
2011-01-12,1.5181981325149536,4.230000019073486,4.25,4.159999847412109,4.190000057220459,250934254,yfinance,False
2011-01-13,1.5361437797546387,4.28000020980835,4.320000171661377,4.25,4.300000190734863,398780358,yfinance,False
2011-01-14,1.543322205543518,4.300000190734863,4.320000171661377,4.28000020980835,4.320000171661377,270463288,yfinance,False
2011-01-17,1.5217872858047485,4.239999771118164,4.329999923706055,4.210000038146973,4.329999923706055,206958400,yfinance,False
2011-01-18,1.5217872858047485,4.239999771118164,4.289999961853027,4.21999979019165,4.21999979019165,154789546,yfinance,False
2011-01-19,1.539732813835144,4.289999961853027,4.320000171661377,4.269999980926514,4.289999961853027,198427423,yfinance,False
2011-01-20,1.5002527236938477,4.179999828338623,4.28000020980835,4.150000095367432,4.28000020980835,275568813,yfinance,False
2011-01-21,1.4966634511947632,4.170000076293945,4.239999771118164,4.159999847412109,4.170000076293945,169936837,yfinance,False
2011-01-24,1.4751286506652832,4.110000133514404,4.170000076293945,4.090000152587891,4.170000076293945,314587603,yfinance,False
2011-01-25,1.4679505825042725,4.090000152587891,4.139999866485596,4.067999839782715,4.110000133514404,194071541,yfinance,False
2011-01-26,1.4715394973754883,4.099999904632568,4.139999866485596,4.070000171661377,4.119999885559082,189131436,yfinance,False
2011-01-27,1.4571832418441772,4.059999942779541,4.130000114440918,4.050000190734863,4.070000171661377,303587827,yfinance,False
2011-01-28,1.4535938501358032,4.050000190734863,4.070000171661377,4.03000020980835,4.039999961853027,264635925,yfinance,False
2011-01-31,1.4535938501358032,4.050000190734863,4.070000171661377,4.0,4.0,240512448,yfinance,False
2011-02-01,1.4535938501358032,4.050000190734863,4.090000152587891,4.050000190734863,4.059999942779541,154731005,yfinance,False
2011-02-02,1.4751286506652832,4.110000133514404,4.119999885559082,4.070000171661377,4.070000171661377,143558616,yfinance,False
2011-02-07,1.4500048160552979,4.039999961853027,4.130000114440918,4.019999980926514,4.119999885559082,294395012,yfinance,False
2011-02-08,1.4500048160552979,4.039999961853027,4.059999942779541,4.010000228881836,4.039999961853027,280436957,yfinance,False
2011-02-09,1.4212915897369385,3.9600000381469727,4.050000190734863,3.950000047683716,4.050000190734863,521493348,yfinance,False
2011-02-10,1.403346061706543,3.9100000858306885,3.9700000286102295,3.890000104904175,3.9200000762939453,502466571,yfinance,False
2011-02-11,1.3997570276260376,3.9000000953674316,3.940000057220459,3.880000114440918,3.9100000858306885,363954896,yfinance,False
2011-02-14,1.4320592880249023,3.990000009536743,4.019999980926514,3.9100000858306885,3.9100000858306885,302165761,yfinance,False
2011-02-15,1.4212915897369385,3.9600000381469727,4.03000020980835,3.950000047683716,4.0,196909123,yfinance,False
2011-02-16,1.4428266286849976,4.019999980926514,4.03000020980835,3.940000057220459,3.990000009536743,188230029,yfinance,False
2011-02-17,1.4535938501358032,4.050000190734863,4.059999942779541,3.9700000286102295,4.0,218018041,yfinance,False
2011-02-18,1.4823073148727417,4.130000114440918,4.150000095367432,4.059999942779541,4.099999904632568,464723524,yfinance,False
2011-02-21,1.4751286506652832,4.110000133514404,4.139999866485596,4.079999923706055,4.119999885559082,162154342,yfinance,False
2011-02-22,1.4428266286849976,4.019999980926514,4.050000190734863,4.0,4.050000190734863,263566523,yfinance,False
2011-02-23,1.4356482028961182,4.0,4.039999961853027,3.9800000190734863,4.039999961853027,172145326,yfinance,False
2011-02-24,1.417702555656433,3.950000047683716,4.050000190734863,3.9200000762939453,3.9700000286102295,229458749,yfinance,False
2011-02-25,1.4428266286849976,4.019999980926514,4.039999961853027,3.9700000286102295,4.0,227913029,yfinance,False
2011-02-28,1.4751286506652832,4.110000133514404,4.130000114440918,3.9800000190734863,3.9800000190734863,325989692,yfinance,False
2011-03-01,1.4787178039550781,4.119999885559082,4.150000095367432,4.099999904632568,4.139999866485596,252178637,yfinance,False
2011-03-02,1.4715394973754883,4.099999904632568,4.139999866485596,4.050000190734863,4.139999866485596,198025271,yfinance,False
2011-03-03,1.4823073148727417,4.130000114440918,4.179999828338623,4.099999904632568,4.099999904632568,327790508,yfinance,False
2011-03-04,1.5002527236938477,4.179999828338623,4.199999809265137,4.159999847412109,4.179999828338623,297840952,yfinance,False
2011-03-07,1.4966634511947632,4.170000076293945,4.199999809265137,4.150000095367432,4.190000057220459,177715988,yfinance,False
2011-03-08,1.5074306726455688,4.199999809265137,4.199999809265137,4.139999866485596,4.190000057220459,257745457,yfinance,False
2011-03-09,1.5217872858047485,4.239999771118164,4.260000228881836,4.21999979019165,4.230000019073486,374641639,yfinance,False
2011-03-10,1.5181981325149536,4.230000019073486,4.25,4.199999809265137,4.239999771118164,259572702,yfinance,False
2011-03-11,1.489485502243042,4.150000095367432,4.210000038146973,4.110000133514404,4.199999809265137,303361888,yfinance,False
2011-03-14,1.4966634511947632,4.170000076293945,4.179999828338623,4.110000133514404,4.139999866485596,218373862,yfinance,False
2011-03-15,1.4643614292144775,4.079999923706055,4.130000114440918,4.0,4.130000114440918,578102897,yfinance,False
2011-03-16,1.4643614292144775,4.079999923706055,4.119999885559082,4.019999980926514,4.119999885559082,268563727,yfinance,False
2011-03-17,1.446415901184082,4.03000020980835,4.039999961853027,4.0,4.010000228881836,259656512,yfinance,False
2011-03-18,1.460772156715393,4.070000171661377,4.099999904632568,4.03000020980835,4.059999942779541,397876109,yfinance,False
2011-03-21,1.4715394973754883,4.099999904632568,4.110000133514404,4.059999942779541,4.079999923706055,362856984,yfinance,False
2011-03-22,1.4823073148727417,4.130000114440918,4.139999866485596,4.070000171661377,4.099999904632568,221455338,yfinance,False
2011-03-23,1.4823073148727417,4.130000114440918,4.150000095367432,4.119999885559082,4.150000095367432,174705147,yfinance,False
2011-03-24,1.4930744171142578,4.159999847412109,4.190000057220459,4.139999866485596,4.179999828338623,305283819,yfinance,False
2011-03-25,1.5325545072555542,4.269999980926514,4.300000190734863,4.230000019073486,4.230000019073486,745863904,yfinance,False
2011-03-28,1.5325545072555542,4.269999980926514,4.340000152587891,4.230000019073486,4.300000190734863,353533544,yfinance,False
2011-03-29,1.5253764390945435,4.25,4.289999961853027,4.210000038146973,4.269999980926514,242576367,yfinance,False
2011-03-30,1.539732813835144,4.289999961853027,4.320000171661377,4.28000020980835,4.300000190734863,387868019,yfinance,False
2011-03-31,1.5540894269943237,4.329999923706055,4.340000152587891,4.309999942779541,4.340000152587891,395543275,yfinance,False
2011-04-01,1.5684455633163452,4.369999885559082,4.389999866485596,4.329999923706055,4.380000114440918,393878617,yfinance,False
2011-04-04,1.5863912105560303,4.420000076293945,4.449999809265137,4.400000095367432,4.5,398127596,yfinance,False
2011-04-06,1.6043370962142944,4.46999979019165,4.480000019073486,4.429999828338623,4.460000038146973,384155366,yfinance,False
2011-04-07,1.5935697555541992,4.440000057220459,4.480000019073486,4.429999828338623,4.46999979019165,319402713,yfinance,False
2011-04-08,1.5971587896347046,4.449999809265137,4.5,4.440000057220459,4.460000038146973,266414528,yfinance,False
2011-04-11,1.6007479429244995,4.460000038146973,4.5,4.420000076293945,4.489999771118164,198411720,yfinance,False
2011-04-12,1.5648566484451294,4.360000133514404,4.46999979019165,4.340000152587891,4.46999979019165,293072045,yfinance,False
2011-04-13,1.5828019380569458,4.409999847412109,4.420000076293945,4.329999923706055,4.360000133514404,296919758,yfinance,False
2011-04-14,1.5648566484451294,4.360000133514404,4.380000114440918,4.329999923706055,4.360000133514404,219512947,yfinance,False
2011-04-15,1.5720347166061401,4.380000114440918,4.420000076293945,4.340000152587891,4.389999866485596,227522124,yfinance,False
2011-04-18,1.5648566484451294,4.360000133514404,4.429999828338623,4.349999904632568,4.380000114440918,204837242,yfinance,False
2011-04-19,1.539732813835144,4.289999961853027,4.320000171661377,4.269999980926514,4.309999942779541,275099360,yfinance,False
2011-04-20,1.5684455633163452,4.369999885559082,4.380000114440918,4.300000190734863,4.309999942779541,191228317,yfinance,False
2011-04-21,1.5828019380569458,4.409999847412109,4.429999828338623,4.389999866485596,4.420000076293945,258367092,yfinance,False
2011-04-26,1.5720347166061401,4.380000114440918,4.429999828338623,4.369999885559082,4.380000114440918,188343928,yfinance,False
2011-04-27,1.5684455633163452,4.369999885559082,4.429999828338623,4.340000152587891,4.409999847412109,199535050,yfinance,False
2011-04-28,1.5576790571212769,4.340000152587891,4.429999828338623,4.309999942779541,4.420000076293945,282530928,yfinance,False
2011-04-29,1.539732813835144,4.289999961853027,4.340000152587891,4.239999771118164,4.340000152587891,333906182,yfinance,False
2011-05-03,1.539732813835144,4.289999961853027,4.360000133514404,4.239999771118164,4.239999771118164,208615642,yfinance,False
2011-05-04,1.5146089792251587,4.21999979019165,4.289999961853027,4.210000038146973,4.289999961853027,352091039,yfinance,False
2011-05-05,1.5217872858047485,4.239999771118164,4.28000020980835,4.199999809265137,4.210000038146973,234392098,yfinance,False
2011-05-06,1.5289655923843384,4.260000228881836,4.28000020980835,4.199999809265137,4.210000038146973,162023775,yfinance,False
2011-05-09,1.5289655923843384,4.260000228881836,4.289999961853027,4.239999771118164,4.269999980926514,152538432,yfinance,False
2011-05-11,1.5289655923843384,4.260000228881836,4.309999942779541,4.230000019073486,4.309999942779541,179308032,yfinance,False
2011-05-12,1.5146089792251587,4.21999979019165,4.25,4.210000038146973,4.210000038146973,180878762,yfinance,False
2011-05-13,1.5217872858047485,4.239999771118164,4.260000228881836,4.190000057220459,4.210000038146973,245217967,yfinance,False
2011-05-16,1.5110197067260742,4.210000038146973,4.230000019073486,4.190000057220459,4.199999809265137,176730973,yfinance,False
2011-05-17,1.5074306726455688,4.199999809265137,4.21999979019165,4.190000057220459,4.210000038146973,128147964,yfinance,False
2011-05-18,1.5181981325149536,4.230000019073486,4.25,4.210000038146973,4.21999979019165,147074027,yfinance,False
2011-05-19,1.5253764390945435,4.25,4.28000020980835,4.239999771118164,4.239999771118164,180084960,yfinance,False
2011-05-20,1.5325545072555542,4.269999980926514,4.28000020980835,4.239999771118164,4.239999771118164,108187089,yfinance,False
2011-05-23,1.5002527236938477,4.179999828338623,4.230000019073486,4.179999828338623,4.230000019073486,283020580,yfinance,False
2011-05-24,1.503841757774353,4.190000057220459,4.210000038146973,4.170000076293945,4.179999828338623,198118413,yfinance,False
2011-05-25,1.503841757774353,4.190000057220459,4.199999809265137,4.130000114440918,4.150000095367432,234265874,yfinance,False
2011-05-26,1.5074306726455688,4.199999809265137,4.230000019073486,4.179999828338623,4.21999979019165,149419834,yfinance,False
2011-05-27,1.5181981325149536,4.230000019073486,4.260000228881836,4.199999809265137,4.199999809265137,270342384,yfinance,False
2011-05-30,1.5253764390945435,4.25,4.269999980926514,4.230000019073486,4.260000228881836,145459196,yfinance,False
2011-05-31,1.5469110012054443,4.309999942779541,4.329999923706055,4.260000228881836,4.289999961853027,503540249,yfinance,False
2011-06-01,1.5469110012054443,4.309999942779541,4.349999904632568,4.289999961853027,4.300000190734863,356691661,yfinance,False
2011-06-02,1.5300168991088867,4.090000152587891,4.110000133514404,4.079999923706055,4.090000152587891,339425655,yfinance,False
2011-06-03,1.5113120079040527,4.039999961853027,4.099999904632568,4.019999980926514,4.099999904632568,484064622,yfinance,False
2011-06-07,1.5150530338287354,4.050000190734863,4.050000190734863,3.9800000190734863,3.9800000190734863,269046115,yfinance,False
2011-06-08,1.488866925239563,3.9800000190734863,4.03000020980835,3.950000047683716,4.019999980926514,499459957,yfinance,False
2011-06-09,1.4701625108718872,3.930000066757202,3.990000009536743,3.9100000858306885,3.9600000381469727,410419550,yfinance,False
2011-06-10,1.4626808166503906,3.9100000858306885,3.950000047683716,3.890000104904175,3.940000057220459,346094125,yfinance,False
2011-06-13,1.4776442050933838,3.950000047683716,3.9600000381469727,3.8499999046325684,3.8499999046325684,141647120,yfinance,False
2011-06-14,1.4739035367965698,3.940000057220459,3.990000009536743,3.9000000953674316,3.9100000858306885,280420335,yfinance,False
2011-06-15,1.455199122428894,3.890000104904175,3.9600000381469727,3.880000114440918,3.9600000381469727,274933091,yfinance,False
2011-06-16,1.4327538013458252,3.8299999237060547,3.859999895095825,3.819999933242798,3.819999933242798,355903914,yfinance,False
2011-06-17,1.4290131330490112,3.819999933242798,3.859999895095825,3.799999952316284,3.819999933242798,280540133,yfinance,False
2011-06-20,1.4215312004089355,3.799999952316284,3.859999895095825,3.7799999713897705,3.8299999237060547,216582605,yfinance,False
2011-06-21,1.410308599472046,3.7699999809265137,3.8399999141693115,3.7300000190734863,3.8399999141693115,470405392,yfinance,False
2011-06-22,1.4065678119659424,3.759999990463257,3.819999933242798,3.75,3.7899999618530273,279514600,yfinance,False
2011-06-23,1.3990859985351562,3.740000009536743,3.799999952316284,3.680000066757202,3.7200000286102295,307858005,yfinance,False
2011-06-24,1.4402354955673218,3.8499999046325684,3.859999895095825,3.75,3.759999990463257,369575214,yfinance,False
2011-06-27,1.4327538013458252,3.8299999237060547,3.8499999046325684,3.799999952316284,3.799999952316284,187381005,yfinance,False
2011-06-28,1.4290131330490112,3.819999933242798,3.880000114440918,3.7799999713897705,3.880000114440918,204504688,yfinance,False
2011-06-29,1.4065678119659424,3.759999990463257,3.8399999141693115,3.740000009536743,3.8299999237060547,394967978,yfinance,False
2011-06-30,1.4177902936935425,3.7899999618530273,3.8299999237060547,3.759999990463257,3.759999990463257,383725169,yfinance,False
2011-07-04,1.447717547416687,3.869999885559082,3.880000114440918,3.8499999046325684,3.869999885559082,259430789,yfinance,False
2011-07-05,1.4439764022827148,3.859999895095825,3.880000114440918,3.8299999237060547,3.869999885559082,173911301,yfinance,False
2011-07-06,1.3916045427322388,3.7200000286102295,3.7300000190734863,3.6700000762939453,3.690000057220459,6343595937,yfinance,False
2011-07-07,1.3916045427322388,3.7200000286102295,3.75,3.700000047683716,3.7300000190734863,431322531,yfinance,False
2011-07-08,1.3953452110290527,3.7300000190734863,3.7699999809265137,3.7200000286102295,3.740000009536743,340312752,yfinance,False
2011-07-11,1.3579365015029907,3.630000114440918,3.7100000381469727,3.609999895095825,3.700000047683716,518441898,yfinance,False
2011-07-12,1.313045859336853,3.509999990463257,3.5999999046325684,3.5,3.5999999046325684,730982152,yfinance,False
2011-07-13,1.3429728746414185,3.5899999141693115,3.5999999046325684,3.5299999713897705,3.559999942779541,446029698,yfinance,False
2011-07-14,1.3280093669891357,3.549999952316284,3.5799999237060547,3.490000009536743,3.559999942779541,522225672,yfinance,False
2011-07-15,1.3167868852615356,3.5199999809265137,3.569999933242798,3.509999990463257,3.549999952316284,315177326,yfinance,False
2011-07-18,1.3167868852615356,3.5199999809265137,3.5899999141693115,3.5,3.5,339993578,yfinance,False
2011-07-19,1.3205280303955078,3.5299999713897705,3.5399999618530273,3.4700000286102295,3.5299999713897705,411324499,yfinance,False
2011-07-20,1.3242686986923218,3.5399999618530273,3.5799999237060547,3.5199999809265137,3.569999933242798,364573282,yfinance,False
2011-07-21,1.313045859336853,3.509999990463257,3.559999942779541,3.4800000190734863,3.559999942779541,463597831,yfinance,False
2011-07-22,1.3429728746414185,3.5899999141693115,3.5899999141693115,3.5299999713897705,3.549999952316284,517334998,yfinance,False
2011-07-25,1.3205280303955078,3.5299999713897705,3.5799999237060547,3.509999990463257,3.5799999237060547,315308255,yfinance,False
2011-07-26,1.3616771697998047,3.640000104904175,3.6600000858306885,3.5299999713897705,3.5399999618530273,454104523,yfinance,False
2011-07-27,1.3691591024398804,3.6600000858306885,3.680000066757202,3.609999895095825,3.6600000858306885,409792770,yfinance,False
2011-07-28,1.3616771697998047,3.640000104904175,3.640000104904175,3.5799999237060547,3.609999895095825,285862277,yfinance,False
2011-07-29,1.3429728746414185,3.5899999141693115,3.640000104904175,3.559999942779541,3.619999885559082,256774168,yfinance,False
2011-08-01,1.3579365015029907,3.630000114440918,3.6700000762939453,3.609999895095825,3.6500000953674316,339035192,yfinance,False
2011-08-02,1.3317503929138184,3.559999942779541,3.609999895095825,3.5399999618530273,3.5999999046325684,286103287,yfinance,False
2011-08-03,1.3018232583999634,3.4800000190734863,3.5,3.4100000858306885,3.5,643314001,yfinance,False
2011-08-04,1.2906008958816528,3.450000047683716,3.509999990463257,3.4200000762939453,3.4800000190734863,348647692,yfinance,False
2011-08-05,1.2457102537155151,3.3299999237060547,3.3399999141693115,3.259999990463257,3.2799999713897705,812329025,yfinance,False
2011-08-08,1.2008198499679565,3.2100000381469727,3.259999990463257,3.1600000858306885,3.25,580327503,yfinance,False
2011-08-09,1.1147798299789429,2.9800000190734863,3.119999885559082,2.9000000953674316,2.9000000953674316,1174807441,yfinance,False
2011-08-10,1.1260024309158325,3.009999990463257,3.130000114440918,3.0,3.119999885559082,679153799,yfinance,False
2011-08-11,1.1409657001495361,3.049999952316284,3.0799999237060547,2.9200000762939453,2.950000047683716,617424113,yfinance,False
2011-08-12,1.1297430992126465,3.0199999809265137,3.0999999046325684,3.0,3.0999999046325684,470939178,yfinance,False
2011-08-15,1.1746338605880737,3.140000104904175,3.1500000953674316,3.049999952316284,3.0799999237060547,369456080,yfinance,False
2011-08-16,1.1783745288848877,3.1500000953674316,3.240000009536743,3.140000104904175,3.180000066757202,417947205,yfinance,False
2011-08-17,1.1783745288848877,3.1500000953674316,3.2200000286102295,3.140000104904175,3.1500000953674316,303704039,yfinance,False
2011-08-18,1.1708930730819702,3.130000114440918,3.190000057220459,3.109999895095825,3.140000104904175,288159945,yfinance,False
2011-08-19,1.1297430992126465,3.0199999809265137,3.049999952316284,3.0,3.049999952316284,475483013,yfinance,False
2011-08-22,1.1372249126434326,3.0399999618530273,3.059999942779541,2.940000057220459,3.0199999809265137,642944802,yfinance,False
2011-08-23,1.1521885395050049,3.0799999237060547,3.0899999141693115,2.9800000190734863,3.009999990463257,488531077,yfinance,False
2011-08-24,1.1260024309158325,3.009999990463257,3.0999999046325684,3.0,3.059999942779541,313246088,yfinance,False
2011-08-25,1.133484125137329,3.0299999713897705,3.0799999237060547,3.0199999809265137,3.0399999618530273,397495016,yfinance,False
2011-08-26,1.1297430992126465,3.0199999809265137,3.0999999046325684,3.009999990463257,3.0399999618530273,364772801,yfinance,False
2011-08-29,1.1596702337265015,3.0999999046325684,3.119999885559082,3.0299999713897705,3.0799999237060547,336726084,yfinance,False
2011-08-30,1.1858563423156738,3.1700000762939453,3.240000009536743,3.140000104904175,3.1700000762939453,577739754,yfinance,False
2011-08-31,1.2045607566833496,3.2200000286102295,3.240000009536743,3.1600000858306885,3.1700000762939453,560562865,yfinance,False
2011-09-01,1.1821155548095703,3.1600000858306885,3.2799999713897705,3.140000104904175,3.259999990463257,584979384,yfinance,False
2011-09-02,1.1559292078018188,3.0899999141693115,3.1600000858306885,3.0799999237060547,3.1600000858306885,334146825,yfinance,False
2011-09-05,1.1260024309158325,3.009999990463257,3.049999952316284,3.0,3.049999952316284,379041711,yfinance,False
2011-09-06,1.1260024309158325,3.009999990463257,3.0199999809265137,2.9700000286102295,3.0,442819787,yfinance,False
2011-09-07,1.1409657001495361,3.049999952316284,3.0799999237060547,3.009999990463257,3.0299999713897705,363651924,yfinance,False
2011-09-08,1.1297430992126465,3.0199999809265137,3.0799999237060547,3.0,3.0799999237060547,332689240,yfinance,False
2011-09-09,1.1260024309158325,3.009999990463257,3.0399999618530273,2.990000009536743,3.0299999713897705,290058260,yfinance,False
2011-09-12,1.084852695465088,2.9000000953674316,2.940000057220459,2.880000114440918,2.9100000858306885,547172806,yfinance,False
2011-09-14,1.084852695465088,2.9000000953674316,2.950000047683716,2.7899999618530273,2.940000057220459,586569254,yfinance,False
2011-09-15,1.0811119079589844,2.890000104904175,2.940000057220459,2.8399999141693115,2.940000057220459,405733480,yfinance,False
2011-09-16,1.092334508895874,2.9200000762939453,2.9800000190734863,2.890000104904175,2.9700000286102295,628960667,yfinance,False
2011-09-19,1.0549260377883911,2.819999933242798,2.890000104904175,2.809999942779541,2.869999885559082,341042710,yfinance,False
2011-09-20,1.0624077320098877,2.8399999141693115,2.859999895095825,2.7799999713897705,2.8499999046325684,334329324,yfinance,False
2011-09-21,1.047444224357605,2.799999952316284,2.8299999237060547,2.7799999713897705,2.819999933242798,417784119,yfinance,False
2011-09-22,0.9801084399223328,2.619999885559082,2.75,2.609999895095825,2.7300000190734863,573966834,yfinance,False
2011-09-23,0.9501815438270569,2.5399999618530273,2.559999942779541,2.5,2.559999942779541,855176495,yfinance,False
2011-09-26,0.9352178573608398,2.5,2.559999942779541,2.380000114440918,2.5,515229148,yfinance,False
2011-09-27,0.9913310408592224,2.6500000953674316,2.6700000762939453,2.549999952316284,2.5799999237060547,487597140,yfinance,False
2011-09-28,0.961404025554657,2.569999933242798,2.619999885559082,2.509999990463257,2.5999999046325684,574180527,yfinance,False
2011-09-30,0.9165134429931641,2.450000047683716,2.549999952316284,2.4100000858306885,2.5399999618530273,775000059,yfinance,False
2011-10-03,0.856659471988678,2.2899999618530273,2.359999895095825,2.2699999809265137,2.3499999046325684,791072128,yfinance,False
2011-10-04,0.8267325758934021,2.2100000381469727,2.3499999046325684,2.200000047683716,2.2899999618530273,665550336,yfinance,False
2011-10-06,0.8641413450241089,2.309999942779541,2.3499999046325684,2.2899999618530273,2.299999952316284,619371136,yfinance,False
2011-10-07,0.9015501737594604,2.4100000858306885,2.450000047683716,2.299999952316284,2.319999933242798,541760000,yfinance,False
2011-10-10,0.9202543497085571,2.4600000381469727,2.4700000286102295,2.369999885559082,2.430000066757202,318388704,yfinance,False
2011-10-11,0.9913310408592224,2.6500000953674316,2.700000047683716,2.619999885559082,2.680000066757202,839004158,yfinance,False
2011-10-12,1.00629460811615,2.690000057220459,2.7200000286102295,2.5399999618530273,2.5999999046325684,494686797,yfinance,False
2011-10-13,1.0324807167053223,2.759999990463257,2.7699999809265137,2.700000047683716,2.75,447231433,yfinance,False
2011-10-14,1.0324807167053223,2.759999990463257,2.759999990463257,2.759999990463257,2.759999990463257,0,yfinance,False
2011-10-17,1.0249989032745361,2.740000009536743,2.759999990463257,2.7200000286102295,2.740000009536743,264814513,yfinance,False
2011-10-18,0.9763675332069397,2.609999895095825,2.680000066757202,2.5799999237060547,2.6600000858306885,322681279,yfinance,False
2011-10-19,0.9988129734992981,2.6700000762939453,2.690000057220459,2.609999895095825,2.6700000762939453,217237207,yfinance,False
2011-10-20,0.9838492274284363,2.630000114440918,2.6500000953674316,2.5899999141693115,2.630000114440918,176632346,yfinance,False
2011-10-21,0.9913310408592224,2.6500000953674316,2.6600000858306885,2.619999885559082,2.6500000953674316,175330122,yfinance,False
2011-10-24,1.0511850118637085,2.809999942779541,2.819999933242798,2.700000047683716,2.740000009536743,463173756,yfinance,False
2011-10-25,1.0549260377883911,2.819999933242798,2.8399999141693115,2.7699999809265137,2.809999942779541,483126153,yfinance,False
2011-10-26,1.0661484003067017,2.8499999046325684,2.880000114440918,2.759999990463257,2.7699999809265137,306355283,yfinance,False
2011-10-27,1.0698891878128052,2.859999895095825,2.869999885559082,2.75,2.809999942779541,846815144,yfinance,False
2011-10-28,1.0661484003067017,2.8499999046325684,2.9700000286102295,2.799999952316284,2.950000047683716,818662191,yfinance,False
2011-10-31,1.0549260377883911,2.819999933242798,2.890000104904175,2.7799999713897705,2.8399999141693115,354855661,yfinance,False
2011-11-01,1.0287398099899292,2.75,2.7899999618530273,2.7200000286102295,2.75,361234264,yfinance,False
2011-11-02,1.0249989032745361,2.740000009536743,2.7699999809265137,2.6600000858306885,2.700000047683716,524370067,yfinance,False
2011-11-03,1.0100352764129639,2.700000047683716,2.740000009536743,2.6700000762939453,2.7100000381469727,509881550,yfinance,False
2011-11-04,1.0324807167053223,2.759999990463257,2.7899999618530273,2.740000009536743,2.7799999713897705,458958627,yfinance,False
2011-11-07,1.013776421546936,2.7100000381469727,2.7799999713897705,2.700000047683716,2.7699999809265137,265372538,yfinance,False
2011-11-08,1.0249989032745361,2.740000009536743,2.7899999618530273,2.7200000286102295,2.75,305190019,yfinance,False
2011-11-09,1.0661484003067017,2.8499999046325684,2.8499999046325684,2.7899999618530273,2.799999952316284,486781570,yfinance,False
2011-11-10,1.0025535821914673,2.680000066757202,2.7300000190734863,2.6600000858306885,2.7200000286102295,457460397,yfinance,False
2011-11-11,1.0100352764129639,2.700000047683716,2.7300000190734863,2.690000057220459,2.7200000286102295,204969552,yfinance,False
2011-11-14,1.0324807167053223,2.759999990463257,2.809999942779541,2.75,2.7799999713897705,302025149,yfinance,False
2011-11-15,1.0362215042114258,2.7699999809265137,2.7799999713897705,2.7300000190734863,2.7699999809265137,202091751,yfinance,False
2011-11-16,1.013776421546936,2.7100000381469727,2.809999942779541,2.680000066757202,2.809999942779541,264363001,yfinance,False
2011-11-17,0.9875902533531189,2.640000104904175,2.680000066757202,2.619999885559082,2.6700000762939453,336964811,yfinance,False
2011-11-18,0.9576632380485535,2.559999942779541,2.5999999046325684,2.5299999713897705,2.5899999141693115,345573159,yfinance,False
2011-11-21,0.9352178573608398,2.5,2.509999990463257,2.4600000381469727,2.5,251245707,yfinance,False
2011-11-22,0.9165134429931641,2.450000047683716,2.509999990463257,2.430000066757202,2.4700000286102295,429068919,yfinance,False
2011-11-23,0.8903275728225708,2.380000114440918,2.430000066757202,2.369999885559082,2.4100000858306885,350455330,yfinance,False
2011-11-24,0.8940683603286743,2.390000104904175,2.4200000762939453,2.359999895095825,2.359999895095825,287242558,yfinance,False
2011-11-25,0.8828457593917847,2.359999895095825,2.380000114440918,2.3499999046325684,2.359999895095825,161678136,yfinance,False
2011-11-28,0.9052911400794983,2.4200000762939453,2.430000066757202,2.4000000953674316,2.4200000762939453,221958869,yfinance,False
2011-11-29,0.9165134429931641,2.450000047683716,2.4700000286102295,2.4100000858306885,2.440000057220459,274167475,yfinance,False
2011-11-30,0.9015501737594604,2.4100000858306885,2.450000047683716,2.4000000953674316,2.440000057220459,312104081,yfinance,False
2011-12-01,0.9950721859931946,2.6600000858306885,2.680000066757202,2.569999933242798,2.569999933242798,742639689,yfinance,False
2011-12-02,1.0399622917175293,2.7799999713897705,2.799999952316284,2.619999885559082,2.6600000858306885,644215447,yfinance,False
2011-12-05,1.0511850118637085,2.809999942779541,2.809999942779541,2.740000009536743,2.799999952316284,460500539,yfinance,False
2011-12-06,1.0324807167053223,2.759999990463257,2.7899999618530273,2.7200000286102295,2.7899999618530273,283079396,yfinance,False
2011-12-07,1.0698891878128052,2.859999895095825,2.880000114440918,2.7799999713897705,2.7899999618530273,541346492,yfinance,False
2011-12-08,1.0773711204528809,2.880000114440918,2.9000000953674316,2.799999952316284,2.8399999141693115,409294854,yfinance,False
2011-12-09,1.047444224357605,2.799999952316284,2.8499999046325684,2.75,2.809999942779541,463417033,yfinance,False
2011-12-12,1.0586665868759155,2.8299999237060547,2.9000000953674316,2.799999952316284,2.859999895095825,361825857,yfinance,False
2011-12-13,1.047444224357605,2.799999952316284,2.799999952316284,2.7699999809265137,2.7799999713897705,245776950,yfinance,False
2011-12-14,1.0511850118637085,2.809999942779541,2.8499999046325684,2.759999990463257,2.7699999809265137,274952815,yfinance,False
2011-12-15,1.0324807167053223,2.759999990463257,2.809999942779541,2.740000009536743,2.7699999809265137,328620818,yfinance,False
2011-12-16,1.0698891878128052,2.859999895095825,2.869999885559082,2.759999990463257,2.759999990463257,760549786,yfinance,False
2011-12-19,1.0511850118637085,2.809999942779541,2.8299999237060547,2.759999990463257,2.819999933242798,338256115,yfinance,False
2011-12-20,1.0586665868759155,2.8299999237060547,2.8499999046325684,2.809999942779541,2.819999933242798,269554000,yfinance,False
2011-12-21,1.0736302137374878,2.869999885559082,2.9000000953674316,2.8499999046325684,2.890000104904175,284317514,yfinance,False
2011-12-22,1.0736302137374878,2.869999885559082,2.890000104904175,2.8499999046325684,2.859999895095825,177300058,yfinance,False
2011-12-23,1.092334508895874,2.9200000762939453,2.9200000762939453,2.880000114440918,2.9000000953674316,198589913,yfinance,False
2011-12-28,1.0698891878128052,2.859999895095825,2.9100000858306885,2.8499999046325684,2.9000000953674316,128424528,yfinance,False
2011-12-29,1.0698891878128052,2.859999895095825,2.890000104904175,2.8299999237060547,2.8299999237060547,207994093,yfinance,False
2011-12-30,1.0698891878128052,2.859999895095825,2.890000104904175,2.859999895095825,2.880000114440918,100736465,yfinance,False
2012-01-03,1.0960755348205566,2.930000066757202,2.930000066757202,2.9000000953674316,2.9200000762939453,190056591,yfinance,False
2012-01-04,1.084852695465088,2.9000000953674316,2.940000057220459,2.890000104904175,2.930000066757202,223523060,yfinance,False
2012-01-05,1.092334508895874,2.9200000762939453,2.9200000762939453,2.880000114440918,2.880000114440918,149113720,yfinance,False
2012-01-06,1.0698891878128052,2.859999895095825,2.9000000953674316,2.8499999046325684,2.890000104904175,246881966,yfinance,False
2012-01-09,1.1035569906234741,2.950000047683716,2.9700000286102295,2.819999933242798,2.8499999046325684,302177074,yfinance,False
2012-01-10,1.118520736694336,2.990000009536743,3.0,2.950000047683716,2.950000047683716,442870987,yfinance,False
2012-01-11,1.1372249126434326,3.0399999618530273,3.059999942779541,2.9600000381469727,3.0,507297195,yfinance,False
2012-01-12,1.1521885395050049,3.0799999237060547,3.109999895095825,3.0299999713897705,3.059999942779541,493648654,yfinance,False
2012-01-13,1.1858563423156738,3.1700000762939453,3.180000066757202,3.0999999046325684,3.130000114440918,581447542,yfinance,False
2012-01-16,1.1821155548095703,3.1600000858306885,3.190000057220459,3.109999895095825,3.140000104904175,412986569,yfinance,False
2012-01-17,1.230747103691101,3.2899999618530273,3.299999952316284,3.1700000762939453,3.190000057220459,735918139,yfinance,False
2012-01-18,1.2270060777664185,3.2799999713897705,3.319999933242798,3.259999990463257,3.299999952316284,471696545,yfinance,False
2012-01-19,1.2344876527786255,3.299999952316284,3.3499999046325684,3.2799999713897705,3.319999933242798,421981262,yfinance,False
2012-01-20,1.2232654094696045,3.2699999809265137,3.3499999046325684,3.259999990463257,3.3399999141693115,417469103,yfinance,False
2012-01-26,1.2531920671463013,3.3499999046325684,3.359999895095825,3.309999942779541,3.3499999046325684,411952310,yfinance,False
2012-01-27,1.2606736421585083,3.369999885559082,3.380000114440918,3.3299999237060547,3.3499999046325684,345631327,yfinance,False
2012-01-30,1.2270060777664185,3.2799999713897705,3.380000114440918,3.2699999809265137,3.380000114440918,488950311,yfinance,False
2012-01-31,1.2457102537155151,3.3299999237060547,3.3399999141693115,3.2799999713897705,3.3299999237060547,516406256,yfinance,False
2012-02-01,1.2382285594940186,3.309999942779541,3.3399999141693115,3.2799999713897705,3.319999933242798,292412236,yfinance,False
2012-02-02,1.2681554555892944,3.390000104904175,3.4000000953674316,3.3299999237060547,3.369999885559082,433957179,yfinance,False
2012-02-03,1.2681554555892944,3.390000104904175,3.4000000953674316,3.3499999046325684,3.380000114440918,372400174,yfinance,False
2012-02-06,1.2681554555892944,3.390000104904175,3.450000047683716,3.3499999046325684,3.440000057220459,350507044,yfinance,False
2012-02-07,1.2531920671463013,3.3499999046325684,3.4100000858306885,3.3299999237060547,3.4000000953674316,307405314,yfinance,False
2012-02-08,1.2606736421585083,3.369999885559082,3.380000114440918,3.319999933242798,3.369999885559082,370480532,yfinance,False
2012-02-09,1.2569328546524048,3.359999895095825,3.359999895095825,3.309999942779541,3.3399999141693115,420924969,yfinance,False
2012-02-10,1.2232654094696045,3.2699999809265137,3.359999895095825,3.25,3.3399999141693115,453709657,yfinance,False
2012-02-13,1.2270060777664185,3.2799999713897705,3.3299999237060547,3.2300000190734863,3.259999990463257,365420770,yfinance,False
2012-02-14,1.2270060777664185,3.2799999713897705,3.2799999713897705,3.240000009536743,3.259999990463257,206568357,yfinance,False
2012-02-15,1.2569328546524048,3.359999895095825,3.369999885559082,3.259999990463257,3.2799999713897705,325510617,yfinance,False
2012-02-16,1.2382285594940186,3.309999942779541,3.3399999141693115,3.299999952316284,3.319999933242798,240623032,yfinance,False
2012-02-17,1.2531920671463013,3.3499999046325684,3.359999895095825,3.309999942779541,3.3499999046325684,278016043,yfinance,False
2012-02-20,1.2531920671463013,3.3499999046325684,3.430000066757202,3.3399999141693115,3.4200000762939453,328773148,yfinance,False
2012-02-21,1.2644147872924805,3.380000114440918,3.390000104904175,3.319999933242798,3.369999885559082,255673199,yfinance,False
2012-02-22,1.2681554555892944,3.390000104904175,3.4000000953674316,3.359999895095825,3.380000114440918,261585566,yfinance,False
2012-02-23,1.2531920671463013,3.3499999046325684,3.390000104904175,3.3399999141693115,3.369999885559082,198109979,yfinance,False
2012-02-24,1.2494512796401978,3.3399999141693115,3.369999885559082,3.319999933242798,3.359999895095825,228918392,yfinance,False
2012-02-27,1.230747103691101,3.2899999618530273,3.369999885559082,3.259999990463257,3.3299999237060547,318196331,yfinance,False
2012-02-28,1.2569328546524048,3.359999895095825,3.369999885559082,3.309999942779541,3.3299999237060547,269762199,yfinance,False
2012-02-29,1.2644147872924805,3.380000114440918,3.390000104904175,3.3399999141693115,3.369999885559082,261907078,yfinance,False
2012-03-01,1.2419694662094116,3.319999933242798,3.390000104904175,3.309999942779541,3.369999885559082,244952905,yfinance,False
2012-03-02,1.2569328546524048,3.359999895095825,3.369999885559082,3.3299999237060547,3.3499999046325684,194331983,yfinance,False
2012-03-05,1.2344876527786255,3.299999952316284,3.380000114440918,3.299999952316284,3.380000114440918,190087620,yfinance,False
2012-03-06,1.2083016633987427,3.2300000190734863,3.309999942779541,3.2100000381469727,3.299999952316284,350508182,yfinance,False
2012-03-07,1.1933380365371704,3.190000057220459,3.2300000190734863,3.180000066757202,3.190000057220459,377259607,yfinance,False
2012-03-08,1.2157834768295288,3.25,3.2699999809265137,3.2100000381469727,3.2200000286102295,240024719,yfinance,False
2012-03-09,1.2232654094696045,3.2699999809265137,3.2899999618530273,3.25,3.2699999809265137,214552890,yfinance,False
2012-03-12,1.2270060777664185,3.2799999713897705,3.2899999618530273,3.25,3.259999990463257,171863571,yfinance,False
2012-03-13,1.2457102537155151,3.3299999237060547,3.3499999046325684,3.2899999618530273,3.299999952316284,234134361,yfinance,False
2012-03-14,1.2531920671463013,3.3499999046325684,3.4000000953674316,3.3299999237060547,3.380000114440918,405088374,yfinance,False
2012-03-15,1.2419694662094116,3.319999933242798,3.359999895095825,3.2799999713897705,3.359999895095825,266274353,yfinance,False
2012-03-16,1.2382285594940186,3.309999942779541,3.3399999141693115,3.2699999809265137,3.299999952316284,270301813,yfinance,False
2012-03-20,1.2083016633987427,3.2300000190734863,3.259999990463257,3.200000047683716,3.25,283760580,yfinance,False
2012-03-21,1.2008198499679565,3.2100000381469727,3.259999990463257,3.180000066757202,3.25,279530712,yfinance,False
2012-03-22,1.197078824043274,3.200000047683716,3.2300000190734863,3.180000066757202,3.2200000286102295,200305242,yfinance,False
2012-03-23,1.1821155548095703,3.1600000858306885,3.180000066757202,3.109999895095825,3.1700000762939453,364962809,yfinance,False
2012-03-26,1.1596702337265015,3.0999999046325684,3.1500000953674316,3.0799999237060547,3.140000104904175,318661345,yfinance,False
2012-03-27,1.1858563423156738,3.1700000762939453,3.200000047683716,3.130000114440918,3.140000104904175,341681268,yfinance,False
2012-03-28,1.1746338605880737,3.140000104904175,3.190000057220459,3.0899999141693115,3.190000057220459,269915251,yfinance,False
2012-03-29,1.1521885395050049,3.0799999237060547,3.109999895095825,3.059999942779541,3.0999999046325684,378512818,yfinance,False
2012-03-30,1.1708930730819702,3.130000114440918,3.1500000953674316,3.0899999141693115,3.0899999141693115,348028583,yfinance,False
2012-04-02,1.1746338605880737,3.140000104904175,3.1500000953674316,3.109999895095825,3.140000104904175,159547021,yfinance,False
2012-04-03,1.197078824043274,3.200000047683716,3.2200000286102295,3.140000104904175,3.1500000953674316,261144112,yfinance,False
2012-04-05,1.1783745288848877,3.1500000953674316,3.1700000762939453,3.109999895095825,3.119999885559082,257060675,yfinance,False
2012-04-10,1.1708930730819702,3.130000114440918,3.180000066757202,3.0999999046325684,3.130000114440918,226406662,yfinance,False
2012-04-11,1.167151927947998,3.119999885559082,3.119999885559082,3.0899999141693115,3.109999895095825,211741634,yfinance,False
2012-04-12,1.189597249031067,3.180000066757202,3.2100000381469727,3.119999885559082,3.119999885559082,349541249,yfinance,False
2012-04-13,1.2232654094696045,3.2699999809265137,3.2699999809265137,3.2200000286102295,3.2300000190734863,484257924,yfinance,False
2012-04-16,1.2083016633987427,3.2300000190734863,3.259999990463257,3.2100000381469727,3.25,216025729,yfinance,False
2012-04-17,1.2120424509048462,3.240000009536743,3.259999990463257,3.180000066757202,3.259999990463257,233167066,yfinance,False
2012-04-18,1.2157834768295288,3.25,3.2799999713897705,3.2300000190734863,3.2699999809265137,317866040,yfinance,False
2012-04-19,1.2270060777664185,3.2799999713897705,3.2799999713897705,3.240000009536743,3.240000009536743,232784852,yfinance,False
2012-04-20,1.2270060777664185,3.2799999713897705,3.299999952316284,3.240000009536743,3.259999990463257,209922511,yfinance,False
2012-04-23,1.2045607566833496,3.2200000286102295,3.2799999713897705,3.2100000381469727,3.2699999809265137,285552640,yfinance,False
2012-04-24,1.2045607566833496,3.2200000286102295,3.25,3.190000057220459,3.2200000286102295,251389263,yfinance,False
2012-04-25,1.2008198499679565,3.2100000381469727,3.25,3.190000057220459,3.25,210004469,yfinance,False
2012-04-26,1.2120424509048462,3.240000009536743,3.25,3.200000047683716,3.240000009536743,205714980,yfinance,False
2012-04-27,1.1933380365371704,3.190000057220459,3.240000009536743,3.180000066757202,3.2200000286102295,442923804,yfinance,False
2012-04-30,1.2157834768295288,3.25,3.259999990463257,3.2200000286102295,3.2200000286102295,221476296,yfinance,False
2012-05-02,1.2195243835449219,3.259999990463257,3.2899999618530273,3.25,3.259999990463257,251694118,yfinance,False
2012-05-03,1.1821155548095703,3.1600000858306885,3.1600000858306885,3.119999885559082,3.140000104904175,4168435098,yfinance,False
2012-05-04,1.1746338605880737,3.140000104904175,3.1500000953674316,3.119999885559082,3.130000114440918,363163715,yfinance,False
2012-05-07,1.1484476327896118,3.069999933242798,3.0899999141693115,3.049999952316284,3.0899999141693115,725750452,yfinance,False
2012-05-08,1.1409657001495361,3.049999952316284,3.0899999141693115,3.0299999713897705,3.0799999237060547,483596832,yfinance,False
2012-05-09,1.1297430992126465,3.0199999809265137,3.0299999713897705,2.990000009536743,3.0199999809265137,607929764,yfinance,False
2012-05-10,1.133484125137329,3.0299999713897705,3.0399999618530273,2.990000009536743,3.009999990463257,467388327,yfinance,False
2012-05-11,1.1222612857818604,3.0,3.009999990463257,2.9800000190734863,3.0,410845027,yfinance,False
2012-05-14,1.1110389232635498,2.9700000286102295,3.0299999713897705,2.950000047683716,3.0199999809265137,375871333,yfinance,False
2012-05-15,1.1147798299789429,2.9800000190734863,2.990000009536743,2.930000066757202,2.950000047683716,484579548,yfinance,False
2012-05-16,1.0811119079589844,2.890000104904175,2.950000047683716,2.880000114440918,2.950000047683716,485178352,yfinance,False
2012-05-17,1.0773711204528809,2.880000114440918,2.930000066757202,2.880000114440918,2.9100000858306885,366439477,yfinance,False
2012-05-18,1.0624077320098877,2.8399999141693115,2.859999895095825,2.799999952316284,2.8499999046325684,549133896,yfinance,False
2012-05-21,1.0661484003067017,2.8499999046325684,2.859999895095825,2.809999942779541,2.8299999237060547,284379651,yfinance,False
2012-05-22,1.0773711204528809,2.880000114440918,2.9000000953674316,2.859999895095825,2.859999895095825,272811532,yfinance,False
2012-05-23,1.0586665868759155,2.8299999237060547,2.859999895095825,2.819999933242798,2.8499999046325684,262955446,yfinance,False
2012-05-24,1.0624077320098877,2.8399999141693115,2.869999885559082,2.819999933242798,2.8299999237060547,297328285,yfinance,False
2012-05-25,1.0698891878128052,2.859999895095825,2.880000114440918,2.8399999141693115,2.869999885559082,394477549,yfinance,False
2012-05-28,1.0960755348205566,2.930000066757202,2.950000047683716,2.8499999046325684,2.869999885559082,389843053,yfinance,False
2012-05-29,1.1072981357574463,2.9600000381469727,2.9700000286102295,2.930000066757202,2.940000057220459,402949656,yfinance,False
2012-05-30,1.0998163223266602,2.940000057220459,2.9700000286102295,2.9100000858306885,2.9700000286102295,413219904,yfinance,False
2012-05-31,1.118520736694336,2.990000009536743,3.0,2.890000104904175,2.9100000858306885,819228591,yfinance,False
2012-06-01,1.1147798299789429,2.9800000190734863,3.0199999809265137,2.9600000381469727,2.9600000381469727,359894239,yfinance,False
2012-06-04,1.0998163223266602,2.940000057220459,2.950000047683716,2.9100000858306885,2.930000066757202,312075566,yfinance,False
2012-06-05,1.1147798299789429,2.9800000190734863,3.009999990463257,2.9600000381469727,2.9700000286102295,473377584,yfinance,False
2012-06-06,1.130852222442627,2.8299999237060547,2.8299999237060547,2.799999952316284,2.8299999237060547,424315502,yfinance,False
2012-06-07,1.1388440132141113,2.8499999046325684,2.869999885559082,2.8299999237060547,2.8499999046325684,295570118,yfinance,False
2012-06-08,1.1028807163238525,2.759999990463257,2.8499999046325684,2.75,2.8499999046325684,522558771,yfinance,False
2012-06-11,1.1188644170761108,2.799999952316284,2.8499999046325684,2.799999952316284,2.809999942779541,272711204,yfinance,False
2012-06-12,1.1188644170761108,2.799999952316284,2.799999952316284,2.7699999809265137,2.7899999618530273,171082836,yfinance,False
2012-06-13,1.1188644170761108,2.799999952316284,2.819999933242798,2.7799999713897705,2.819999933242798,240079747,yfinance,False
2012-06-14,1.1188644170761108,2.799999952316284,2.819999933242798,2.799999952316284,2.799999952316284,169473280,yfinance,False
2012-06-15,1.1468361616134644,2.869999885559082,2.890000104904175,2.8299999237060547,2.8299999237060547,519893230,yfinance,False
2012-06-18,1.1588239669799805,2.9000000953674316,2.9200000762939453,2.890000104904175,2.9100000858306885,321737948,yfinance,False
2012-06-19,1.1628199815750122,2.9100000858306885,2.9100000858306885,2.880000114440918,2.9100000858306885,228763699,yfinance,False
2012-06-20,1.1668157577514648,2.9200000762939453,2.930000066757202,2.890000104904175,2.9200000762939453,197596476,yfinance,False
2012-06-21,1.1628199815750122,2.9100000858306885,2.940000057220459,2.9100000858306885,2.930000066757202,274520350,yfinance,False
2012-06-22,1.1588239669799805,2.9000000953674316,2.9000000953674316,2.869999885559082,2.869999885559082,185328247,yfinance,False
2012-06-25,1.1468361616134644,2.869999885559082,2.890000104904175,2.8499999046325684,2.890000104904175,182133586,yfinance,False
2012-06-26,1.1428401470184326,2.859999895095825,2.880000114440918,2.8399999141693115,2.880000114440918,246875218,yfinance,False
2012-06-27,1.1548279523849487,2.890000104904175,2.9100000858306885,2.8499999046325684,2.859999895095825,259164600,yfinance,False
2012-06-28,1.1468361616134644,2.869999885559082,2.9000000953674316,2.859999895095825,2.9000000953674316,207153122,yfinance,False
2012-06-29,1.1748076677322388,2.940000057220459,2.950000047683716,2.869999885559082,2.890000104904175,357954491,yfinance,False
2012-07-03,1.1827996969223022,2.9600000381469727,2.9700000286102295,2.940000057220459,2.9600000381469727,197701961,yfinance,False
2012-07-04,1.1748076677322388,2.940000057220459,2.9800000190734863,2.9200000762939453,2.9800000190734863,252291416,yfinance,False
2012-07-05,1.1628199815750122,2.9100000858306885,2.940000057220459,2.890000104904175,2.930000066757202,298456186,yfinance,False
2012-07-06,1.1508320569992065,2.880000114440918,2.890000104904175,2.859999895095825,2.869999885559082,296690650,yfinance,False
2012-07-09,1.1388440132141113,2.8499999046325684,2.9100000858306885,2.8499999046325684,2.859999895095825,200755592,yfinance,False
2012-07-10,1.1468361616134644,2.869999885559082,2.880000114440918,2.8499999046325684,2.869999885559082,192643406,yfinance,False
2012-07-11,1.130852222442627,2.8299999237060547,2.8499999046325684,2.809999942779541,2.8499999046325684,267691649,yfinance,False
2012-07-12,1.1068766117095947,2.7699999809265137,2.8299999237060547,2.75,2.8299999237060547,374067188,yfinance,False
2012-07-13,1.1148685216903687,2.7899999618530273,2.809999942779541,2.7699999809265137,2.7699999809265137,152805034,yfinance,False
2012-07-16,1.110872507095337,2.7799999713897705,2.819999933242798,2.7699999809265137,2.819999933242798,166591878,yfinance,False
2012-07-17,1.1228605508804321,2.809999942779541,2.8499999046325684,2.7799999713897705,2.7799999713897705,201889648,yfinance,False
2012-07-18,1.1188644170761108,2.799999952316284,2.819999933242798,2.7799999713897705,2.809999942779541,167071095,yfinance,False
2012-07-19,1.1468361616134644,2.869999885559082,2.880000114440918,2.8299999237060547,2.8299999237060547,284107741,yfinance,False
2012-07-20,1.1468361616134644,2.869999885559082,2.880000114440918,2.859999895095825,2.880000114440918,180599832,yfinance,False
2012-07-23,1.1228605508804321,2.809999942779541,2.8399999141693115,2.799999952316284,2.8299999237060547,222329183,yfinance,False
2012-07-24,1.1268565654754639,2.819999933242798,2.8499999046325684,2.799999952316284,2.819999933242798,163031310,yfinance,False
2012-07-25,1.130852222442627,2.8299999237060547,2.8499999046325684,2.799999952316284,2.799999952316284,159030439,yfinance,False
2012-07-26,1.1388440132141113,2.8499999046325684,2.859999895095825,2.819999933242798,2.8499999046325684,163026854,yfinance,False
2012-07-27,1.1628199815750122,2.9100000858306885,2.9200000762939453,2.880000114440918,2.890000104904175,303802480,yfinance,False
2012-07-30,1.1668157577514648,2.9200000762939453,2.9800000190734863,2.9100000858306885,2.9800000190734863,236839816,yfinance,False
2012-07-31,1.1867953538894653,2.9700000286102295,2.9800000190734863,2.9200000762939453,2.930000066757202,313398558,yfinance,False
2012-08-01,1.1867953538894653,2.9700000286102295,2.990000009536743,2.940000057220459,2.950000047683716,384089509,yfinance,False
2012-08-02,1.1788034439086914,2.950000047683716,2.990000009536743,2.930000066757202,2.990000009536743,261950406,yfinance,False
2012-08-03,1.1788034439086914,2.950000047683716,2.9600000381469727,2.9100000858306885,2.9200000762939453,234070956,yfinance,False
2012-08-06,1.1947875022888184,2.990000009536743,3.0,2.9600000381469727,3.0,273769419,yfinance,False
2012-08-07,1.1907914876937866,2.9800000190734863,3.0,2.9700000286102295,2.990000009536743,259513881,yfinance,False
2012-08-08,1.1867953538894653,2.9700000286102295,3.0,2.9600000381469727,2.990000009536743,208786187,yfinance,False
2012-08-09,1.198783278465271,3.0,3.009999990463257,2.9800000190734863,2.990000009536743,299832327,yfinance,False
2012-08-10,1.1947875022888184,2.990000009536743,3.009999990463257,2.9700000286102295,2.990000009536743,168193924,yfinance,False
2012-08-13,1.1947875022888184,2.990000009536743,3.009999990463257,2.9800000190734863,3.0,146993193,yfinance,False
2012-08-14,1.206775188446045,3.0199999809265137,3.0299999713897705,2.990000009536743,3.0199999809265137,418000047,yfinance,False
2012-08-15,1.198783278465271,3.0,3.0199999809265137,2.990000009536743,3.009999990463257,282822129,yfinance,False
2012-08-16,1.1867953538894653,2.9700000286102295,3.009999990463257,2.9600000381469727,3.009999990463257,197708690,yfinance,False
2012-08-17,1.1947875022888184,2.990000009536743,3.0,2.9600000381469727,2.990000009536743,246849591,yfinance,False
2012-08-20,1.1907914876937866,2.9800000190734863,2.9800000190734863,2.950000047683716,2.9700000286102295,175568692,yfinance,False
2012-08-21,1.1947875022888184,2.990000009536743,2.990000009536743,2.9600000381469727,2.990000009536743,164335845,yfinance,False
2012-08-22,1.1788034439086914,2.950000047683716,2.9800000190734863,2.940000057220459,2.9700000286102295,187046497,yfinance,False
2012-08-23,1.1947875022888184,2.990000009536743,3.0,2.9600000381469727,2.9700000286102295,245039572,yfinance,False
2012-08-24,1.1788034439086914,2.950000047683716,2.9600000381469727,2.930000066757202,2.9600000381469727,223404526,yfinance,False
2012-08-27,1.170811653137207,2.930000066757202,2.9700000286102295,2.9200000762939453,2.9700000286102295,196350823,yfinance,False
2012-08-28,1.1628199815750122,2.9100000858306885,2.930000066757202,2.9000000953674316,2.9200000762939453,254449161,yfinance,False
2012-08-29,1.1548279523849487,2.890000104904175,2.930000066757202,2.880000114440918,2.930000066757202,146158059,yfinance,False
2012-08-30,1.1388440132141113,2.8499999046325684,2.890000104904175,2.8299999237060547,2.880000114440918,276196032,yfinance,False
2012-08-31,1.1268565654754639,2.819999933242798,2.8499999046325684,2.799999952316284,2.8499999046325684,329915497,yfinance,False
2012-09-03,1.130852222442627,2.8299999237060547,2.8499999046325684,2.799999952316284,2.809999942779541,206531562,yfinance,False
2012-09-04,1.1188644170761108,2.799999952316284,2.8299999237060547,2.799999952316284,2.8299999237060547,192368402,yfinance,False
2012-09-05,1.1028807163238525,2.759999990463257,2.799999952316284,2.75,2.7899999618530273,420858424,yfinance,False
2012-09-06,1.1028807163238525,2.759999990463257,2.7799999713897705,2.7300000190734863,2.7699999809265137,313923804,yfinance,False
2012-09-07,1.1468361616134644,2.869999885559082,2.880000114440918,2.7799999713897705,2.799999952316284,564770388,yfinance,False
2012-09-10,1.1348483562469482,2.8399999141693115,2.869999885559082,2.819999933242798,2.859999895095825,276347782,yfinance,False
2012-09-11,1.1348483562469482,2.8399999141693115,2.8499999046325684,2.7899999618530273,2.819999933242798,205266716,yfinance,False
2012-09-12,1.1388440132141113,2.8499999046325684,2.880000114440918,2.8399999141693115,2.8499999046325684,221922115,yfinance,False
2012-09-13,1.1348483562469482,2.8399999141693115,2.869999885559082,2.8299999237060547,2.8399999141693115,204315175,yfinance,False
2012-09-14,1.1788034439086914,2.950000047683716,2.950000047683716,2.890000104904175,2.9000000953674316,423661476,yfinance,False
2012-09-17,1.170811653137207,2.930000066757202,2.9600000381469727,2.9200000762939453,2.9600000381469727,233954423,yfinance,False
2012-09-18,1.1668157577514648,2.9200000762939453,2.940000057220459,2.9000000953674316,2.930000066757202,241965384,yfinance,False
2012-09-19,1.1867953538894653,2.9700000286102295,2.9800000190734863,2.9100000858306885,2.9100000858306885,353038419,yfinance,False
2012-09-20,1.1788034439086914,2.950000047683716,2.9800000190734863,2.930000066757202,2.9800000190734863,205867202,yfinance,False
2012-09-21,1.1827996969223022,2.9600000381469727,2.9800000190734863,2.930000066757202,2.9600000381469727,282648685,yfinance,False
2012-09-24,1.170811653137207,2.930000066757202,2.9600000381469727,2.9200000762939453,2.940000057220459,190380396,yfinance,False
2012-09-25,1.1668157577514648,2.9200000762939453,2.950000047683716,2.890000104904175,2.940000057220459,228991720,yfinance,False
2012-09-26,1.1548279523849487,2.890000104904175,2.9100000858306885,2.880000114440918,2.9000000953674316,181545721,yfinance,False
2012-09-27,1.170811653137207,2.930000066757202,2.950000047683716,2.890000104904175,2.890000104904175,295214912,yfinance,False
2012-09-28,1.1788034439086914,2.950000047683716,2.9700000286102295,2.9200000762939453,2.9200000762939453,243384858,yfinance,False
2012-10-03,1.1788034439086914,2.950000047683716,2.990000009536743,2.940000057220459,2.9800000190734863,194198634,yfinance,False
2012-10-04,1.1788034439086914,2.950000047683716,2.9600000381469727,2.930000066757202,2.950000047683716,217637304,yfinance,False
2012-10-05,1.1788034439086914,2.950000047683716,2.9700000286102295,2.930000066757202,2.9600000381469727,313470924,yfinance,False
2012-10-08,1.1588239669799805,2.9000000953674316,2.950000047683716,2.890000104904175,2.940000057220459,383119471,yfinance,False
2012-10-09,1.1668157577514648,2.9200000762939453,2.9600000381469727,2.9100000858306885,2.9100000858306885,335000717,yfinance,False
2012-10-10,1.1827996969223022,2.9600000381469727,2.9700000286102295,2.9000000953674316,2.9000000953674316,305842407,yfinance,False
2012-10-11,1.2147669792175293,3.0399999618530273,3.049999952316284,2.950000047683716,2.950000047683716,804915747,yfinance,False
2012-10-12,1.226754903793335,3.069999933242798,3.109999895095825,3.0399999618530273,3.059999942779541,586480304,yfinance,False
2012-10-15,1.2307509183883667,3.0799999237060547,3.0899999141693115,3.0399999618530273,3.0799999237060547,310732088,yfinance,False
2012-10-16,1.226754903793335,3.069999933242798,3.0999999046325684,3.0399999618530273,3.0999999046325684,316596378,yfinance,False
2012-10-17,1.2307509183883667,3.0799999237060547,3.109999895095825,3.0799999237060547,3.109999895095825,335062114,yfinance,False
2012-10-18,1.238742709159851,3.0999999046325684,3.119999885559082,3.0899999141693115,3.109999895095825,457262283,yfinance,False
2012-10-19,1.2427388429641724,3.109999895095825,3.130000114440918,3.0999999046325684,3.130000114440918,353294719,yfinance,False
2012-10-22,1.2587224245071411,3.1500000953674316,3.1500000953674316,3.0899999141693115,3.0999999046325684,329406866,yfinance,False
2012-10-24,1.2467344999313354,3.119999885559082,3.1500000953674316,3.109999895095825,3.119999885559082,333142011,yfinance,False
2012-10-25,1.2587224245071411,3.1500000953674316,3.1500000953674316,3.109999895095825,3.119999885559082,408509477,yfinance,False
2012-10-26,1.254726767539978,3.140000104904175,3.200000047683716,3.130000114440918,3.200000047683716,480556914,yfinance,False
2012-10-29,1.2667142152786255,3.1700000762939453,3.180000066757202,3.1500000953674316,3.1700000762939453,274038730,yfinance,False
2012-10-30,1.2467344999313354,3.119999885559082,3.190000057220459,3.109999895095825,3.180000066757202,335019108,yfinance,False
2012-10-31,1.2747061252593994,3.190000057220459,3.200000047683716,3.130000114440918,3.1500000953674316,361267361,yfinance,False
2012-11-01,1.282698154449463,3.2100000381469727,3.2300000190734863,3.1600000858306885,3.190000057220459,359507985,yfinance,False
2012-11-02,1.2986817359924316,3.25,3.259999990463257,3.2200000286102295,3.240000009536743,397726170,yfinance,False
2012-11-05,1.2866942882537842,3.2200000286102295,3.259999990463257,3.2200000286102295,3.240000009536743,224886432,yfinance,False
2012-11-06,1.2906899452209473,3.2300000190734863,3.259999990463257,3.200000047683716,3.25,266967423,yfinance,False
2012-11-07,1.2986817359924316,3.25,3.259999990463257,3.200000047683716,3.25,309903988,yfinance,False
2012-11-08,1.2667142152786255,3.1700000762939453,3.2300000190734863,3.1600000858306885,3.200000047683716,396461157,yfinance,False
2012-11-09,1.2587224245071411,3.1500000953674316,3.1700000762939453,3.140000104904175,3.1500000953674316,234928673,yfinance,False
2012-11-12,1.2587224245071411,3.1500000953674316,3.1600000858306885,3.140000104904175,3.1500000953674316,177086053,yfinance,False
2012-11-13,1.2347466945648193,3.0899999141693115,3.1500000953674316,3.0899999141693115,3.140000104904175,275023524,yfinance,False
2012-11-14,1.2707104682922363,3.180000066757202,3.180000066757202,3.0999999046325684,3.109999895095825,321767010,yfinance,False
2012-11-15,1.2427388429641724,3.109999895095825,3.1600000858306885,3.109999895095825,3.1600000858306885,338031200,yfinance,False
2012-11-16,1.254726767539978,3.140000104904175,3.1500000953674316,3.109999895095825,3.140000104904175,230413132,yfinance,False
2012-11-19,1.2587224245071411,3.1500000953674316,3.1700000762939453,3.119999885559082,3.140000104904175,191853682,yfinance,False
2012-11-20,1.2507307529449463,3.130000114440918,3.190000057220459,3.119999885559082,3.190000057220459,189066125,yfinance,False
2012-11-21,1.2707104682922363,3.180000066757202,3.180000066757202,3.109999895095825,3.1600000858306885,299497703,yfinance,False
2012-11-22,1.2707104682922363,3.180000066757202,3.190000057220459,3.1600000858306885,3.180000066757202,312186056,yfinance,False
2012-11-23,1.2906899452209473,3.2300000190734863,3.2300000190734863,3.1700000762939453,3.180000066757202,269958094,yfinance,False
2012-11-26,1.2906899452209473,3.2300000190734863,3.25,3.2200000286102295,3.25,252921653,yfinance,False
2012-11-27,1.2866942882537842,3.2200000286102295,3.259999990463257,3.2200000286102295,3.25,290093162,yfinance,False
2012-11-28,1.2787022590637207,3.200000047683716,3.2100000381469727,3.1700000762939453,3.2100000381469727,235455965,yfinance,False
2012-11-29,1.294685959815979,3.240000009536743,3.25,3.2100000381469727,3.2200000286102295,211385817,yfinance,False
2012-11-30,1.3066738843917847,3.2699999809265137,3.2799999713897705,3.2300000190734863,3.240000009536743,417770335,yfinance,False
2012-12-03,1.282698154449463,3.2100000381469727,3.2899999618530273,3.190000057220459,3.259999990463257,257043672,yfinance,False
2012-12-04,1.294685959815979,3.240000009536743,3.25,3.1700000762939453,3.2100000381469727,267614888,yfinance,False
2012-12-05,1.3186616897583008,3.299999952316284,3.309999942779541,3.2300000190734863,3.259999990463257,483662457,yfinance,False
2012-12-06,1.3186616897583008,3.299999952316284,3.319999933242798,3.2799999713897705,3.299999952316284,272872791,yfinance,False
2012-12-07,1.3186616897583008,3.299999952316284,3.3299999237060547,3.2799999713897705,3.2899999618530273,403066610,yfinance,False
2012-12-10,1.3346456289291382,3.3399999141693115,3.3499999046325684,3.319999933242798,3.3499999046325684,261907923,yfinance,False
2012-12-11,1.3386414051055908,3.3499999046325684,3.390000104904175,3.3399999141693115,3.369999885559082,322438687,yfinance,False
2012-12-12,1.3666131496429443,3.4200000762939453,3.430000066757202,3.380000114440918,3.380000114440918,449869267,yfinance,False
2012-12-13,1.3666131496429443,3.4200000762939453,3.450000047683716,3.4000000953674316,3.430000066757202,314094393,yfinance,False
2012-12-14,1.3825969696044922,3.4600000381469727,3.4600000381469727,3.4000000953674316,3.430000066757202,327039264,yfinance,False
2012-12-17,1.3865927457809448,3.4700000286102295,3.5,3.450000047683716,3.5,280405911,yfinance,False
2012-12-18,1.3945844173431396,3.490000009536743,3.490000009536743,3.4600000381469727,3.4700000286102295,282176111,yfinance,False
2012-12-19,1.390588402748108,3.4800000190734863,3.509999990463257,3.4700000286102295,3.5,261527439,yfinance,False
2012-12-20,1.3825969696044922,3.4600000381469727,3.5,3.4200000762939453,3.5,275251390,yfinance,False
2012-12-21,1.3626171350479126,3.4100000858306885,3.4700000286102295,3.4000000953674316,3.4700000286102295,305456242,yfinance,False
2012-12-24,1.3666131496429443,3.4200000762939453,3.440000057220459,3.4000000953674316,3.4000000953674316,104254296,yfinance,False
2012-12-27,1.3746049404144287,3.440000057220459,3.490000009536743,3.4200000762939453,3.450000047683716,245719581,yfinance,False
2012-12-28,1.3825969696044922,3.4600000381469727,3.4800000190734863,3.440000057220459,3.4800000190734863,224220325,yfinance,False
2012-12-31,1.3825969696044922,3.4600000381469727,3.4800000190734863,3.440000057220459,3.4600000381469727,89882395,yfinance,False
2013-01-02,1.430548071861267,3.5799999237060547,3.5799999237060547,3.490000009536743,3.5,483991429,yfinance,False
2013-01-03,1.4505276679992676,3.630000114440918,3.630000114440918,3.5899999141693115,3.630000114440918,482027610,yfinance,False
2013-01-04,1.4465320110321045,3.619999885559082,3.6500000953674316,3.5899999141693115,3.6500000953674316,314208133,yfinance,False
2013-01-07,1.4465320110321045,3.619999885559082,3.619999885559082,3.5899999141693115,3.609999895095825,263697006,yfinance,False
2013-01-08,1.4185601472854614,3.549999952316284,3.619999885559082,3.5299999713897705,3.5999999046325684,266323515,yfinance,False
2013-01-09,1.4345440864562988,3.5899999141693115,3.619999885559082,3.5799999237060547,3.5899999141693115,333635069,yfinance,False
2013-01-10,1.458519697189331,3.6500000953674316,3.6500000953674316,3.5799999237060547,3.609999895095825,380884643,yfinance,False
2013-01-11,1.458519697189331,3.6500000953674316,3.690000057220459,3.619999885559082,3.680000066757202,280686444,yfinance,False
2013-01-14,1.4784997701644897,3.700000047683716,3.700000047683716,3.6700000762939453,3.690000057220459,255442063,yfinance,False
2013-01-15,1.4824954271316528,3.7100000381469727,3.7200000286102295,3.680000066757202,3.7100000381469727,227154281,yfinance,False
2013-01-16,1.4665114879608154,3.6700000762939453,3.7100000381469727,3.6500000953674316,3.7100000381469727,217055902,yfinance,False
2013-01-17,1.4705076217651367,3.680000066757202,3.7200000286102295,3.6500000953674316,3.7100000381469727,215773898,yfinance,False
2013-01-18,1.506471037864685,3.7699999809265137,3.7799999713897705,3.7100000381469727,3.7100000381469727,478693724,yfinance,False
2013-01-21,1.4984791278839111,3.75,3.7799999713897705,3.7300000190734863,3.7699999809265137,241733274,yfinance,False
2013-01-22,1.5024752616882324,3.759999990463257,3.7699999809265137,3.740000009536743,3.7699999809265137,266498771,yfinance,False
2013-01-23,1.5104671716690063,3.7799999713897705,3.7899999618530273,3.740000009536743,3.7799999713897705,360665664,yfinance,False
2013-01-24,1.5104671716690063,3.7799999713897705,3.799999952316284,3.759999990463257,3.799999952316284,287337160,yfinance,False
2013-01-25,1.5024752616882324,3.759999990463257,3.7899999618530273,3.740000009536743,3.7899999618530273,326555024,yfinance,False
2013-01-28,1.5144628286361694,3.7899999618530273,3.799999952316284,3.7699999809265137,3.7799999713897705,331408674,yfinance,False
2013-01-29,1.5144628286361694,3.7899999618530273,3.7899999618530273,3.7699999809265137,3.7899999618530273,257038966,yfinance,False
2013-01-30,1.5224547386169434,3.809999942779541,3.809999942779541,3.7799999713897705,3.799999952316284,364467254,yfinance,False
2013-01-31,1.526450753211975,3.819999933242798,3.8299999237060547,3.759999990463257,3.819999933242798,356579914,yfinance,False
2013-02-01,1.5584187507629395,3.9000000953674316,3.9100000858306885,3.809999942779541,3.8499999046325684,459074029,yfinance,False
2013-02-04,1.5744023323059082,3.940000057220459,4.0,3.930000066757202,3.950000047683716,581428595,yfinance,False
2013-02-05,1.5144628286361694,3.7899999618530273,3.9200000762939453,3.7799999713897705,3.9200000762939453,554090525,yfinance,False
2013-02-06,1.5144628286361694,3.7899999618530273,3.859999895095825,3.7799999713897705,3.8399999141693115,373580985,yfinance,False
2013-02-07,1.506471037864685,3.7699999809265137,3.799999952316284,3.7100000381469727,3.799999952316284,445354665,yfinance,False
2013-02-08,1.4944833517074585,3.740000009536743,3.7699999809265137,3.7200000286102295,3.75,393979461,yfinance,False
2013-02-14,1.5304465293884277,3.8299999237060547,3.8299999237060547,3.759999990463257,3.7899999618530273,250067291,yfinance,False
2013-02-15,1.526450753211975,3.819999933242798,3.8499999046325684,3.799999952316284,3.8299999237060547,180131612,yfinance,False
2013-02-18,1.5224547386169434,3.809999942779541,3.8299999237060547,3.7699999809265137,3.809999942779541,212440501,yfinance,False
2013-02-19,1.486491322517395,3.7200000286102295,3.8399999141693115,3.7200000286102295,3.819999933242798,199394027,yfinance,False
2013-02-20,1.5184587240219116,3.799999952316284,3.799999952316284,3.7200000286102295,3.740000009536743,276447871,yfinance,False
2013-02-21,1.4824954271316528,3.7100000381469727,3.759999990463257,3.680000066757202,3.75,432699615,yfinance,False
2013-02-22,1.458519697189331,3.6500000953674316,3.7100000381469727,3.640000104904175,3.7100000381469727,352858165,yfinance,False
2013-02-25,1.458519697189331,3.6500000953674316,3.680000066757202,3.640000104904175,3.6500000953674316,187887812,yfinance,False
2013-02-26,1.426552176475525,3.569999933242798,3.630000114440918,3.559999942779541,3.619999885559082,345427864,yfinance,False
2013-02-27,1.4185601472854614,3.549999952316284,3.5999999046325684,3.5199999809265137,3.5999999046325684,401756054,yfinance,False
2013-02-28,1.4625157117843628,3.6600000858306885,3.6700000762939453,3.5799999237060547,3.619999885559082,437432609,yfinance,False
2013-03-01,1.426552176475525,3.569999933242798,3.6600000858306885,3.569999933242798,3.630000114440918,381141751,yfinance,False
2013-03-04,1.3985806703567505,3.5,3.5899999141693115,3.4800000190734863,3.5899999141693115,497916885,yfinance,False
2013-03-05,1.4145642518997192,3.5399999618530273,3.569999933242798,3.5,3.559999942779541,311246062,yfinance,False
2013-03-06,1.4505276679992676,3.630000114440918,3.6500000953674316,3.5799999237060547,3.619999885559082,354086842,yfinance,False
2013-03-07,1.4505276679992676,3.630000114440918,3.6500000953674316,3.5799999237060547,3.640000104904175,209044784,yfinance,False
2013-03-08,1.4824954271316528,3.7100000381469727,3.7200000286102295,3.6500000953674316,3.6600000858306885,376419355,yfinance,False
2013-03-11,1.4705076217651367,3.680000066757202,3.759999990463257,3.6600000858306885,3.75,276392962,yfinance,False
2013-03-12,1.4625157117843628,3.6600000858306885,3.759999990463257,3.630000114440918,3.680000066757202,363266037,yfinance,False
2013-03-13,1.4225561618804932,3.559999942779541,3.6500000953674316,3.559999942779541,3.640000104904175,440506860,yfinance,False
2013-03-14,1.4345440864562988,3.5899999141693115,3.619999885559082,3.509999990463257,3.549999952316284,347967495,yfinance,False
2013-03-15,1.4185601472854614,3.549999952316284,3.640000104904175,3.5399999618530273,3.5899999141693115,535562652,yfinance,False
2013-03-18,1.3945844173431396,3.490000009536743,3.5199999809265137,3.430000066757202,3.5199999809265137,574987953,yfinance,False
2013-03-19,1.3865927457809448,3.4700000286102295,3.5399999618530273,3.4600000381469727,3.4600000381469727,273401107,yfinance,False
2013-03-20,1.4185601472854614,3.549999952316284,3.569999933242798,3.450000047683716,3.4800000190734863,339476460,yfinance,False
2013-03-21,1.4105682373046875,3.5299999713897705,3.559999942779541,3.5,3.559999942779541,339582350,yfinance,False
2013-03-22,1.4025766849517822,3.509999990463257,3.5399999618530273,3.4800000190734863,3.509999990463257,221698266,yfinance,False
2013-03-25,1.4225561618804932,3.559999942779541,3.569999933242798,3.509999990463257,3.549999952316284,243198217,yfinance,False
2013-03-26,1.4185601472854614,3.549999952316284,3.5799999237060547,3.509999990463257,3.569999933242798,345717820,yfinance,False
2013-03-27,1.4465320110321045,3.619999885559082,3.6600000858306885,3.5899999141693115,3.619999885559082,519041793,yfinance,False
2013-03-28,1.438539981842041,3.5999999046325684,3.609999895095825,3.5199999809265137,3.5999999046325684,497026893,yfinance,False
2013-04-02,1.426552176475525,3.569999933242798,3.609999895095825,3.5299999713897705,3.5799999237060547,324320444,yfinance,False
2013-04-03,1.4225561618804932,3.559999942779541,3.5999999046325684,3.549999952316284,3.5899999141693115,295182414,yfinance,False
2013-04-05,1.3865927457809448,3.4700000286102295,3.5899999141693115,3.450000047683716,3.5899999141693115,479247627,yfinance,False
2013-04-08,1.3825969696044922,3.4600000381469727,3.5,3.450000047683716,3.5,275735691,yfinance,False
2013-04-09,1.4025766849517822,3.509999990463257,3.5299999713897705,3.4800000190734863,3.490000009536743,258490774,yfinance,False
2013-04-10,1.4065722227096558,3.5199999809265137,3.5399999618530273,3.490000009536743,3.5399999618530273,242633568,yfinance,False
2013-04-11,1.4065722227096558,3.5199999809265137,3.569999933242798,3.5,3.5299999713897705,241966818,yfinance,False
2013-04-12,1.4145642518997192,3.5399999618530273,3.559999942779541,3.509999990463257,3.5399999618530273,237598599,yfinance,False
2013-04-15,1.390588402748108,3.4800000190734863,3.5199999809265137,3.4600000381469727,3.5199999809265137,290211365,yfinance,False
2013-04-16,1.3945844173431396,3.490000009536743,3.5199999809265137,3.4200000762939453,3.440000057220459,306178541,yfinance,False
2013-04-17,1.3786007165908813,3.450000047683716,3.5299999713897705,3.430000066757202,3.5299999713897705,349757997,yfinance,False
2013-04-18,1.3666131496429443,3.4200000762939453,3.4700000286102295,3.4200000762939453,3.440000057220459,263580396,yfinance,False
2013-04-19,1.4065722227096558,3.5199999809265137,3.5399999618530273,3.440000057220459,3.450000047683716,393933978,yfinance,False
2013-04-22,1.3985806703567505,3.5,3.5399999618530273,3.4800000190734863,3.5299999713897705,328014939,yfinance,False
2013-04-23,1.3746049404144287,3.440000057220459,3.509999990463257,3.4100000858306885,3.509999990463257,585430121,yfinance,False
2013-04-24,1.4025766849517822,3.509999990463257,3.5199999809265137,3.450000047683716,3.490000009536743,460978120,yfinance,False
2013-04-25,1.4105682373046875,3.5299999713897705,3.549999952316284,3.4700000286102295,3.5299999713897705,574269347,yfinance,False
2013-04-26,1.430548071861267,3.5799999237060547,3.5999999046325684,3.559999942779541,3.5799999237060547,457056095,yfinance,False
2013-04-29,1.4345440864562988,3.5899999141693115,3.5999999046325684,3.549999952316284,3.559999942779541,239411933,yfinance,False
2013-04-30,1.4505276679992676,3.630000114440918,3.640000104904175,3.5899999141693115,3.609999895095825,356119091,yfinance,False
2013-05-02,1.4465320110321045,3.619999885559082,3.6500000953674316,3.559999942779541,3.5899999141693115,351939983,yfinance,False
2013-05-03,1.458519697189331,3.6500000953674316,3.680000066757202,3.619999885559082,3.6600000858306885,308031990,yfinance,False
2013-05-06,1.474503517150879,3.690000057220459,3.7200000286102295,3.6700000762939453,3.700000047683716,271406695,yfinance,False
2013-05-07,1.486491322517395,3.7200000286102295,3.7300000190734863,3.6600000858306885,3.680000066757202,282316032,yfinance,False
2013-05-08,1.506471037864685,3.7699999809265137,3.7799999713897705,3.7300000190734863,3.740000009536743,347621036,yfinance,False
2013-05-09,1.5144628286361694,3.7899999618530273,3.809999942779541,3.759999990463257,3.7899999618530273,395362126,yfinance,False
2013-05-10,1.526450753211975,3.819999933242798,3.819999933242798,3.7799999713897705,3.7899999618530273,277812267,yfinance,False
2013-05-13,1.4944833517074585,3.740000009536743,3.799999952316284,3.7300000190734863,3.7899999618530273,328134069,yfinance,False
2013-05-14,1.4904872179031372,3.7300000190734863,3.7899999618530273,3.7100000381469727,3.7799999713897705,224949689,yfinance,False
2013-05-15,1.5104671716690063,3.7799999713897705,3.799999952316284,3.75,3.7699999809265137,281740651,yfinance,False
2013-05-16,1.5024752616882324,3.759999990463257,3.7899999618530273,3.75,3.759999990463257,185308119,yfinance,False
2013-05-20,1.526450753211975,3.819999933242798,3.8399999141693115,3.799999952316284,3.8299999237060547,299515456,yfinance,False
2013-05-21,1.506471037864685,3.7699999809265137,3.819999933242798,3.75,3.819999933242798,351252495,yfinance,False
2013-05-22,1.4944833517074585,3.740000009536743,3.799999952316284,3.7200000286102295,3.799999952316284,342711618,yfinance,False
2013-05-23,1.4625157117843628,3.6600000858306885,3.75,3.6500000953674316,3.7100000381469727,473130267,yfinance,False
2013-05-24,1.4625157117843628,3.6600000858306885,3.700000047683716,3.6500000953674316,3.700000047683716,229631386,yfinance,False
2013-05-27,1.474503517150879,3.690000057220459,3.700000047683716,3.640000104904175,3.6600000858306885,160175486,yfinance,False
2013-05-28,1.506471037864685,3.7699999809265137,3.7699999809265137,3.680000066757202,3.690000057220459,290992217,yfinance,False
2013-05-29,1.4904872179031372,3.7300000190734863,3.7799999713897705,3.7100000381469727,3.7699999809265137,308178997,yfinance,False
2013-05-30,1.486491322517395,3.7200000286102295,3.7799999713897705,3.680000066757202,3.740000009536743,381881246,yfinance,False
2013-05-31,1.4705076217651367,3.680000066757202,3.740000009536743,3.6600000858306885,3.740000009536743,448064789,yfinance,False
2013-06-03,1.4705076217651367,3.680000066757202,3.7200000286102295,3.6600000858306885,3.680000066757202,289026371,yfinance,False
2013-06-04,1.474503517150879,3.690000057220459,3.700000047683716,3.6600000858306885,3.700000047683716,286803901,yfinance,False
2013-06-05,1.4665114879608154,3.6700000762939453,3.690000057220459,3.6600000858306885,3.6700000762939453,362375971,yfinance,False
2013-06-06,1.458519697189331,3.6500000953674316,3.6700000762939453,3.640000104904175,3.6500000953674316,471398936,yfinance,False
2013-06-07,1.4285951852798462,3.359999895095825,3.4200000762939453,3.3399999141693115,3.4100000858306885,558942109,yfinance,False
2013-06-10,1.4285951852798462,3.359999895095825,3.4000000953674316,3.3299999237060547,3.390000104904175,321342469,yfinance,False
2013-06-11,1.386077642440796,3.259999990463257,3.3499999046325684,3.259999990463257,3.319999933242798,567349283,yfinance,False
2013-06-13,1.356315016746521,3.190000057220459,3.2300000190734863,3.109999895095825,3.2300000190734863,647025260,yfinance,False
2013-06-14,1.352063536643982,3.180000066757202,3.2200000286102295,3.1600000858306885,3.200000047683716,422337891,yfinance,False
2013-06-17,1.3775739669799805,3.240000009536743,3.25,3.2100000381469727,3.2200000286102295,237105221,yfinance,False
2013-06-18,1.3733222484588623,3.2300000190734863,3.2300000190734863,3.180000066757202,3.2200000286102295,271288928,yfinance,False
2013-06-19,1.3478114604949951,3.1700000762939453,3.2300000190734863,3.1600000858306885,3.2200000286102295,284674500,yfinance,False
2013-06-20,1.309545636177063,3.0799999237060547,3.1500000953674316,3.0799999237060547,3.1500000953674316,457810574,yfinance,False
2013-06-21,1.3052939176559448,3.069999933242798,3.109999895095825,3.0,3.0299999713897705,833208285,yfinance,False
2013-06-24,1.2712798118591309,2.990000009536743,3.069999933242798,2.9800000190734863,3.0399999618530273,594667053,yfinance,False
2013-06-25,1.2882869243621826,3.0299999713897705,3.0799999237060547,2.9600000381469727,2.9600000381469727,603097652,yfinance,False
2013-06-26,1.330804705619812,3.130000114440918,3.1500000953674316,3.049999952316284,3.069999933242798,543213164,yfinance,False
2013-06-27,1.330804705619812,3.130000114440918,3.190000057220459,3.0999999046325684,3.140000104904175,408587527,yfinance,False
2013-06-28,1.356315016746521,3.190000057220459,3.200000047683716,3.0999999046325684,3.130000114440918,389504252,yfinance,False
2013-07-02,1.3223010301589966,3.109999895095825,3.180000066757202,3.0899999141693115,3.1500000953674316,336570244,yfinance,False
2013-07-03,1.284035086631775,3.0199999809265137,3.0999999046325684,3.009999990463257,3.0899999141693115,373013034,yfinance,False
2013-07-04,1.2967902421951294,3.049999952316284,3.0799999237060547,3.0199999809265137,3.0399999618530273,238329298,yfinance,False
2013-07-05,1.3350565433502197,3.140000104904175,3.1500000953674316,3.0899999141693115,3.109999895095825,237990511,yfinance,False
2013-07-08,1.3052939176559448,3.069999933242798,3.0999999046325684,3.0299999713897705,3.0899999141693115,373202824,yfinance,False
2013-07-09,1.301042079925537,3.059999942779541,3.0899999141693115,3.0299999713897705,3.059999942779541,281621852,yfinance,False
2013-07-10,1.3265526294708252,3.119999885559082,3.130000114440918,3.069999933242798,3.0999999046325684,253265381,yfinance,False
2013-07-11,1.3690707683563232,3.2200000286102295,3.25,3.1500000953674316,3.1600000858306885,526304248,yfinance,False
2013-07-12,1.3478114604949951,3.1700000762939453,3.240000009536743,3.1600000858306885,3.2300000190734863,324269049,yfinance,False
2013-07-15,1.3478114604949951,3.1700000762939453,3.200000047683716,3.1600000858306885,3.180000066757202,216964751,yfinance,False
2013-07-16,1.3393081426620483,3.1500000953674316,3.180000066757202,3.109999895095825,3.1700000762939453,231207428,yfinance,False
2013-07-17,1.3478114604949951,3.1700000762939453,3.190000057220459,3.119999885559082,3.1700000762939453,197566144,yfinance,False
2013-07-18,1.3478114604949951,3.1700000762939453,3.180000066757202,3.140000104904175,3.180000066757202,198262758,yfinance,False
2013-07-19,1.3350565433502197,3.140000104904175,3.180000066757202,3.130000114440918,3.1700000762939453,236470942,yfinance,False
2013-07-22,1.3393081426620483,3.1500000953674316,3.1700000762939453,3.119999885559082,3.1600000858306885,178969706,yfinance,False
2013-07-23,1.390329360961914,3.2699999809265137,3.2899999618530273,3.1700000762939453,3.180000066757202,560814387,yfinance,False
2013-07-24,1.3945811986923218,3.2799999713897705,3.2899999618530273,3.240000009536743,3.2899999618530273,248093493,yfinance,False
2013-07-25,1.390329360961914,3.2699999809265137,3.2799999713897705,3.240000009536743,3.259999990463257,186917041,yfinance,False
2013-07-26,1.3945811986923218,3.2799999713897705,3.2899999618530273,3.2300000190734863,3.240000009536743,234413405,yfinance,False
2013-07-29,1.3775739669799805,3.240000009536743,3.2699999809265137,3.2200000286102295,3.2699999809265137,205334758,yfinance,False
2013-07-30,1.386077642440796,3.259999990463257,3.2899999618530273,3.240000009536743,3.259999990463257,230549934,yfinance,False
2013-07-31,1.3818256855010986,3.25,3.2799999713897705,3.2300000190734863,3.2300000190734863,292046913,yfinance,False
2013-08-01,1.386077642440796,3.259999990463257,3.2899999618530273,3.25,3.2699999809265137,162480645,yfinance,False
2013-08-02,1.3818256855010986,3.25,3.2899999618530273,3.240000009536743,3.2799999713897705,159195578,yfinance,False
2013-08-05,1.3818256855010986,3.25,3.2799999713897705,3.240000009536743,3.2799999713897705,132580510,yfinance,False
2013-08-06,1.3690707683563232,3.2200000286102295,3.2300000190734863,3.200000047683716,3.2300000190734863,173213642,yfinance,False
2013-08-07,1.3393081426620483,3.1500000953674316,3.2200000286102295,3.1500000953674316,3.190000057220459,276265016,yfinance,False
2013-08-08,1.343559980392456,3.1600000858306885,3.190000057220459,3.1500000953674316,3.180000066757202,139755531,yfinance,False
2013-08-09,1.3478114604949951,3.1700000762939453,3.180000066757202,3.1500000953674316,3.1600000858306885,162533482,yfinance,False
2013-08-12,1.3775739669799805,3.240000009536743,3.259999990463257,3.140000104904175,3.1600000858306885,282873766,yfinance,False
2013-08-13,1.4200918674468994,3.3399999141693115,3.3499999046325684,3.2300000190734863,3.259999990463257,485430438,yfinance,False
2013-08-14,1.4200918674468994,3.3399999141693115,3.3399999141693115,3.3399999141693115,3.3399999141693115,0,yfinance,False
2013-08-15,1.4200918674468994,3.3399999141693115,3.390000104904175,3.319999933242798,3.3499999046325684,458411277,yfinance,False
2013-08-16,1.4285951852798462,3.359999895095825,3.430000066757202,3.299999952316284,3.319999933242798,424850478,yfinance,False
2013-08-19,1.4370989799499512,3.380000114440918,3.4000000953674316,3.3299999237060547,3.3399999141693115,199749725,yfinance,False
2013-08-20,1.4030848741531372,3.299999952316284,3.4000000953674316,3.2699999809265137,3.380000114440918,332855560,yfinance,False
2013-08-21,1.390329360961914,3.2699999809265137,3.299999952316284,3.2300000190734863,3.2899999618530273,226898224,yfinance,False
2013-08-22,1.4158399105072021,3.3299999237060547,3.3299999237060547,3.2300000190734863,3.2300000190734863,273978553,yfinance,False
2013-08-23,1.4073364734649658,3.309999942779541,3.369999885559082,3.299999952316284,3.359999895095825,281981174,yfinance,False
2013-08-26,1.4200918674468994,3.3399999141693115,3.380000114440918,3.309999942779541,3.3299999237060547,191665460,yfinance,False
2013-08-27,1.4073364734649658,3.309999942779541,3.3399999141693115,3.2899999618530273,3.3299999237060547,169282210,yfinance,False
2013-08-28,1.3733222484588623,3.2300000190734863,3.2799999713897705,3.2300000190734863,3.2699999809265137,292583291,yfinance,False
2013-08-29,1.3945811986923218,3.2799999713897705,3.2799999713897705,3.2300000190734863,3.259999990463257,161883529,yfinance,False
2013-08-30,1.386077642440796,3.259999990463257,3.2899999618530273,3.240000009536743,3.25,276892326,yfinance,False
2013-09-02,1.4200918674468994,3.3399999141693115,3.3499999046325684,3.2899999618530273,3.3299999237060547,313963075,yfinance,False
2013-09-03,1.445602297782898,3.4000000953674316,3.4200000762939453,3.369999885559082,3.369999885559082,416278486,yfinance,False
2013-09-04,1.4498541355133057,3.4100000858306885,3.4200000762939453,3.359999895095825,3.369999885559082,327500766,yfinance,False
2013-09-05,1.4668610095977783,3.450000047683716,3.4600000381469727,3.4200000762939453,3.440000057220459,420637003,yfinance,False
2013-09-06,1.4668610095977783,3.450000047683716,3.4800000190734863,3.440000057220459,3.450000047683716,337182180,yfinance,False
2013-09-09,1.488120198249817,3.5,3.5399999618530273,3.4800000190734863,3.5,367225545,yfinance,False
2013-09-10,1.5136306285858154,3.559999942779541,3.569999933242798,3.5199999809265137,3.5299999713897705,394871426,yfinance,False
2013-09-11,1.5008752346038818,3.5299999713897705,3.5899999141693115,3.509999990463257,3.5799999237060547,343717830,yfinance,False
2013-09-12,1.5221343040466309,3.5799999237060547,3.5899999141693115,3.5399999618530273,3.5399999618530273,357778437,yfinance,False
2013-09-13,1.5008752346038818,3.5299999713897705,3.5899999141693115,3.5,3.5799999237060547,295322295,yfinance,False
2013-09-16,1.5306377410888672,3.5999999046325684,3.5999999046325684,3.559999942779541,3.5799999237060547,292802821,yfinance,False
2013-09-17,1.5306377410888672,3.5999999046325684,3.609999895095825,3.559999942779541,3.5999999046325684,338289233,yfinance,False
2013-09-18,1.5306377410888672,3.5999999046325684,3.630000114440918,3.5799999237060547,3.5999999046325684,317016041,yfinance,False
2013-09-19,1.5518966913223267,3.6500000953674316,3.6700000762939453,3.630000114440918,3.6600000858306885,433255423,yfinance,False
2013-09-23,1.5476447343826294,3.640000104904175,3.680000066757202,3.5999999046325684,3.630000114440918,355212361,yfinance,False
2013-09-24,1.5306377410888672,3.5999999046325684,3.630000114440918,3.5799999237060547,3.609999895095825,311866948,yfinance,False
2013-09-25,1.534889578819275,3.609999895095825,3.640000104904175,3.5999999046325684,3.609999895095825,245443993,yfinance,False
2013-09-26,1.534889578819275,3.609999895095825,3.619999885559082,3.5899999141693115,3.609999895095825,331897548,yfinance,False
2013-09-27,1.5221343040466309,3.5799999237060547,3.630000114440918,3.559999942779541,3.619999885559082,291894284,yfinance,False
2013-09-30,1.5051270723342896,3.5399999618530273,3.559999942779541,3.5199999809265137,3.549999952316284,312501816,yfinance,False
2013-10-02,1.5051270723342896,3.5399999618530273,3.609999895095825,3.5299999713897705,3.5899999141693115,297864378,yfinance,False
2013-10-03,1.5306377410888672,3.5999999046325684,3.609999895095825,3.569999933242798,3.5899999141693115,259121846,yfinance,False
2013-10-04,1.534889578819275,3.609999895095825,3.619999885559082,3.559999942779541,3.569999933242798,247990376,yfinance,False
2013-10-07,1.5263861417770386,3.5899999141693115,3.609999895095825,3.569999933242798,3.5999999046325684,252393077,yfinance,False
2013-10-08,1.539141297340393,3.619999885559082,3.640000104904175,3.5799999237060547,3.609999895095825,332433967,yfinance,False
2013-10-09,1.534889578819275,3.609999895095825,3.619999885559082,3.5799999237060547,3.5799999237060547,206356689,yfinance,False
2013-10-10,1.5263861417770386,3.5899999141693115,3.630000114440918,3.549999952316284,3.630000114440918,254023072,yfinance,False
2013-10-11,1.539141297340393,3.619999885559082,3.6500000953674316,3.619999885559082,3.640000104904175,269240260,yfinance,False
2013-10-15,1.5476447343826294,3.640000104904175,3.6600000858306885,3.619999885559082,3.6500000953674316,230677737,yfinance,False
2013-10-16,1.539141297340393,3.619999885559082,3.640000104904175,3.5799999237060547,3.640000104904175,270446150,yfinance,False
2013-10-17,1.5263861417770386,3.5899999141693115,3.640000104904175,3.5799999237060547,3.640000104904175,240986357,yfinance,False
2013-10-18,1.5263861417770386,3.5899999141693115,3.619999885559082,3.5799999237060547,3.609999895095825,190005364,yfinance,False
2013-10-21,1.534889578819275,3.609999895095825,3.6500000953674316,3.559999942779541,3.640000104904175,261710199,yfinance,False
2013-10-22,1.5306377410888672,3.5999999046325684,3.5999999046325684,3.559999942779541,3.5799999237060547,205459300,yfinance,False
2013-10-23,1.5008752346038818,3.5299999713897705,3.630000114440918,3.509999990463257,3.609999895095825,324334234,yfinance,False
2013-10-24,1.48386812210083,3.490000009536743,3.5299999713897705,3.4700000286102295,3.509999990463257,372856879,yfinance,False
2013-10-25,1.4668610095977783,3.450000047683716,3.4800000190734863,3.430000066757202,3.4600000381469727,428285909,yfinance,False
2013-10-28,1.4711132049560547,3.4600000381469727,3.490000009536743,3.450000047683716,3.490000009536743,195201725,yfinance,False
2013-10-29,1.5051270723342896,3.5399999618530273,3.559999942779541,3.490000009536743,3.5,273187122,yfinance,False
2013-10-30,1.539141297340393,3.619999885559082,3.619999885559082,3.5399999618530273,3.5799999237060547,352903950,yfinance,False
2013-10-31,1.5433931350708008,3.630000114440918,3.6500000953674316,3.5799999237060547,3.619999885559082,397496803,yfinance,False
2013-11-01,1.539141297340393,3.619999885559082,3.6500000953674316,3.609999895095825,3.619999885559082,226499290,yfinance,False
2013-11-04,1.5476447343826294,3.640000104904175,3.6500000953674316,3.619999885559082,3.6500000953674316,164816328,yfinance,False
2013-11-05,1.534889578819275,3.609999895095825,3.6500000953674316,3.5799999237060547,3.6500000953674316,196890465,yfinance,False
2013-11-06,1.5263861417770386,3.5899999141693115,3.640000104904175,3.569999933242798,3.5899999141693115,264194037,yfinance,False
2013-11-07,1.5093789100646973,3.549999952316284,3.5999999046325684,3.5399999618530273,3.5999999046325684,182376698,yfinance,False
2013-11-08,1.5051270723342896,3.5399999618530273,3.569999933242798,3.5199999809265137,3.569999933242798,209385244,yfinance,False
2013-11-11,1.534889578819275,3.609999895095825,3.640000104904175,3.509999990463257,3.5399999618530273,293173834,yfinance,False
2013-11-12,1.5221343040466309,3.5799999237060547,3.619999885559082,3.569999933242798,3.609999895095825,210477529,yfinance,False
2013-11-13,1.4711132049560547,3.4600000381469727,3.5399999618530273,3.450000047683716,3.5399999618530273,477894634,yfinance,False
2013-11-14,1.4796165227890015,3.4800000190734863,3.5,3.4600000381469727,3.490000009536743,295035216,yfinance,False
2013-11-15,1.5263861417770386,3.5899999141693115,3.5899999141693115,3.509999990463257,3.509999990463257,467585217,yfinance,False
2013-11-18,1.581658959388733,3.7200000286102295,3.740000009536743,3.640000104904175,3.6600000858306885,992767736,yfinance,False
2013-11-19,1.5731558799743652,3.700000047683716,3.759999990463257,3.6700000762939453,3.75,611646628,yfinance,False
2013-11-20,1.581658959388733,3.7200000286102295,3.759999990463257,3.7100000381469727,3.7300000190734863,372008587,yfinance,False
2013-11-21,1.5689036846160889,3.690000057220459,3.7200000286102295,3.6700000762939453,3.7200000286102295,313736565,yfinance,False
2013-11-22,1.5859109163284302,3.7300000190734863,3.759999990463257,3.7100000381469727,3.740000009536743,418558726,yfinance,False
2013-11-25,1.581658959388733,3.7200000286102295,3.7699999809265137,3.7200000286102295,3.759999990463257,306052189,yfinance,False
2013-11-26,1.5731558799743652,3.700000047683716,3.75,3.690000057220459,3.740000009536743,228612561,yfinance,False
2013-11-27,1.590162754058838,3.740000009536743,3.75,3.700000047683716,3.700000047683716,279925824,yfinance,False
2013-11-28,1.581658959388733,3.7200000286102295,3.7899999618530273,3.7100000381469727,3.7899999618530273,220029099,yfinance,False
2013-11-29,1.5944145917892456,3.75,3.7699999809265137,3.7200000286102295,3.759999990463257,174004812,yfinance,False
2013-12-02,1.6029179096221924,3.7699999809265137,3.7899999618530273,3.7300000190734863,3.759999990463257,230350113,yfinance,False
2013-12-03,1.581658959388733,3.7200000286102295,3.75,3.7100000381469727,3.740000009536743,207339680,yfinance,False
2013-12-04,1.5689036846160889,3.690000057220459,3.740000009536743,3.6500000953674316,3.6700000762939453,292745298,yfinance,False
2013-12-05,1.5689036846160889,3.690000057220459,3.7100000381469727,3.6500000953674316,3.700000047683716,215884862,yfinance,False
2013-12-06,1.5859109163284302,3.7300000190734863,3.740000009536743,3.6600000858306885,3.690000057220459,331745006,yfinance,False
2013-12-09,1.581658959388733,3.7200000286102295,3.7799999713897705,3.700000047683716,3.7699999809265137,220821928,yfinance,False
2013-12-10,1.5774074792861938,3.7100000381469727,3.740000009536743,3.690000057220459,3.740000009536743,123509954,yfinance,False
2013-12-11,1.539141297340393,3.619999885559082,3.700000047683716,3.5999999046325684,3.700000047683716,392708996,yfinance,False
2013-12-12,1.5263861417770386,3.5899999141693115,3.630000114440918,3.5899999141693115,3.619999885559082,274523645,yfinance,False
2013-12-13,1.539141297340393,3.619999885559082,3.6600000858306885,3.549999952316284,3.559999942779541,308151503,yfinance,False
2013-12-16,1.5306377410888672,3.5999999046325684,3.609999895095825,3.559999942779541,3.5899999141693115,218072198,yfinance,False
2013-12-17,1.5263861417770386,3.5899999141693115,3.630000114440918,3.569999933242798,3.630000114440918,189866061,yfinance,False
2013-12-18,1.5178824663162231,3.569999933242798,3.619999885559082,3.549999952316284,3.569999933242798,213981338,yfinance,False
2013-12-19,1.4966233968734741,3.5199999809265137,3.619999885559082,3.5,3.5999999046325684,376474441,yfinance,False
2013-12-20,1.488120198249817,3.5,3.559999942779541,3.5,3.5199999809265137,361218848,yfinance,False
2013-12-23,1.488120198249817,3.5,3.5399999618530273,3.4800000190734863,3.5199999809265137,245608123,yfinance,False
2013-12-24,1.5221343040466309,3.5799999237060547,3.5899999141693115,3.509999990463257,3.5199999809265137,175476123,yfinance,False
2013-12-27,1.5221343040466309,3.5799999237060547,3.5999999046325684,3.549999952316284,3.559999942779541,176308090,yfinance,False
2013-12-30,1.5093789100646973,3.549999952316284,3.609999895095825,3.5399999618530273,3.5999999046325684,154926513,yfinance,False
2013-12-31,1.5178824663162231,3.569999933242798,3.5999999046325684,3.549999952316284,3.549999952316284,116982191,yfinance,False
2014-01-02,1.5093789100646973,3.549999952316284,3.609999895095825,3.509999990463257,3.5899999141693115,203201074,yfinance,False
2014-01-03,1.4711132049560547,3.4600000381469727,3.5199999809265137,3.450000047683716,3.5,379421083,yfinance,False
2014-01-06,1.4583579301834106,3.430000066757202,3.4700000286102295,3.4000000953674316,3.450000047683716,304710924,yfinance,False
2014-01-07,1.4583579301834106,3.430000066757202,3.430000066757202,3.390000104904175,3.4000000953674316,298339216,yfinance,False
2014-01-08,1.4753648042678833,3.4700000286102295,3.490000009536743,3.4000000953674316,3.4200000762939453,347356389,yfinance,False
2014-01-09,1.454106092453003,3.4200000762939453,3.490000009536743,3.4100000858306885,3.440000057220459,233967624,yfinance,False
2014-01-10,1.4711132049560547,3.4600000381469727,3.4700000286102295,3.4100000858306885,3.4200000762939453,242663233,yfinance,False
2014-01-13,1.4626095294952393,3.440000057220459,3.5,3.4000000953674316,3.490000009536743,256847135,yfinance,False
2014-01-14,1.454106092453003,3.4200000762939453,3.450000047683716,3.4000000953674316,3.4000000953674316,161354380,yfinance,False
2014-01-15,1.454106092453003,3.4200000762939453,3.450000047683716,3.4100000858306885,3.450000047683716,156739815,yfinance,False
2014-01-16,1.454106092453003,3.4200000762939453,3.450000047683716,3.4000000953674316,3.440000057220459,200615446,yfinance,False
2014-01-17,1.4413505792617798,3.390000104904175,3.440000057220459,3.380000114440918,3.4000000953674316,319172476,yfinance,False
2014-01-20,1.4285951852798462,3.359999895095825,3.390000104904175,3.319999933242798,3.380000114440918,303257489,yfinance,False
2014-01-21,1.4583579301834106,3.430000066757202,3.450000047683716,3.380000114440918,3.390000104904175,254156386,yfinance,False
2014-01-22,1.4583579301834106,3.430000066757202,3.4600000381469727,3.4000000953674316,3.4100000858306885,345629870,yfinance,False
2014-01-23,1.4200918674468994,3.3399999141693115,3.4200000762939453,3.3299999237060547,3.4100000858306885,423510444,yfinance,False
2014-01-24,1.4073364734649658,3.309999942779541,3.3399999141693115,3.2899999618530273,3.299999952316284,407646746,yfinance,False
2014-01-27,1.3818256855010986,3.25,3.2699999809265137,3.2200000286102295,3.240000009536743,489868185,yfinance,False
2014-01-28,1.3818256855010986,3.25,3.2699999809265137,3.240000009536743,3.25,305919035,yfinance,False
2014-01-29,1.4073364734649658,3.309999942779541,3.3299999237060547,3.2699999809265137,3.2699999809265137,308220088,yfinance,False
2014-01-30,1.3988326787948608,3.2899999618530273,3.309999942779541,3.240000009536743,3.25,251545767,yfinance,False
2014-02-04,1.3648186922073364,3.2100000381469727,3.2300000190734863,3.200000047683716,3.2100000381469727,388154056,yfinance,False
2014-02-05,1.352063536643982,3.180000066757202,3.2300000190734863,3.1600000858306885,3.2200000286102295,381480344,yfinance,False
2014-02-06,1.356315016746521,3.190000057220459,3.200000047683716,3.1600000858306885,3.190000057220459,322164299,yfinance,False
2014-02-07,1.3690707683563232,3.2200000286102295,3.2300000190734863,3.1700000762939453,3.200000047683716,265069197,yfinance,False
2014-02-10,1.352063536643982,3.180000066757202,3.240000009536743,3.1700000762939453,3.200000047683716,340942010,yfinance,False
2014-02-11,1.3818256855010986,3.25,3.2699999809265137,3.1700000762939453,3.1700000762939453,442964514,yfinance,False
2014-02-12,1.4030848741531372,3.299999952316284,3.309999942779541,3.259999990463257,3.2699999809265137,396808195,yfinance,False
2014-02-13,1.3818256855010986,3.25,3.299999952316284,3.25,3.2899999618530273,263119293,yfinance,False
2014-02-14,1.390329360961914,3.2699999809265137,3.2899999618530273,3.259999990463257,3.2699999809265137,189168499,yfinance,False
2014-02-17,1.4073364734649658,3.309999942779541,3.319999933242798,3.2899999618530273,3.2899999618530273,171828713,yfinance,False
2014-02-18,1.3988326787948608,3.2899999618530273,3.319999933242798,3.2699999809265137,3.2899999618530273,143992783,yfinance,False
2014-02-19,1.3988326787948608,3.2899999618530273,3.319999933242798,3.2699999809265137,3.299999952316284,251869602,yfinance,False
2014-02-20,1.390329360961914,3.2699999809265137,3.319999933242798,3.2200000286102295,3.2699999809265137,439319895,yfinance,False
2014-02-21,1.3818256855010986,3.25,3.299999952316284,3.25,3.299999952316284,181597627,yfinance,False
2014-02-24,1.3733222484588623,3.2300000190734863,3.25,3.200000047683716,3.2200000286102295,394738164,yfinance,False
2014-02-25,1.3775739669799805,3.240000009536743,3.2699999809265137,3.190000057220459,3.2699999809265137,322409813,yfinance,False
2014-02-26,1.3818256855010986,3.25,3.2699999809265137,3.1700000762939453,3.200000047683716,309170103,yfinance,False
2014-02-27,1.3988326787948608,3.2899999618530273,3.309999942779541,3.240000009536743,3.25,256815035,yfinance,False
2014-02-28,1.386077642440796,3.259999990463257,3.309999942779541,3.240000009536743,3.2899999618530273,317570469,yfinance,False
2014-03-03,1.3690707683563232,3.2200000286102295,3.25,3.200000047683716,3.2200000286102295,308096387,yfinance,False
2014-03-04,1.3690707683563232,3.2200000286102295,3.259999990463257,3.2100000381469727,3.2300000190734863,215652434,yfinance,False
2014-03-05,1.3605670928955078,3.200000047683716,3.25,3.200000047683716,3.25,287225596,yfinance,False
2014-03-06,1.3605670928955078,3.200000047683716,3.25,3.1700000762939453,3.200000047683716,347501155,yfinance,False
2014-03-07,1.3648186922073364,3.2100000381469727,3.240000009536743,3.200000047683716,3.2100000381469727,213815108,yfinance,False
2014-03-10,1.343559980392456,3.1600000858306885,3.190000057220459,3.1600000858306885,3.1700000762939453,248966533,yfinance,False
2014-03-11,1.343559980392456,3.1600000858306885,3.200000047683716,3.1500000953674316,3.1600000858306885,293171736,yfinance,False
2014-03-12,1.3265526294708252,3.119999885559082,3.1500000953674316,3.0899999141693115,3.140000104904175,401752026,yfinance,False
2014-03-13,1.3223010301589966,3.109999895095825,3.1700000762939453,3.109999895095825,3.130000114440918,282182035,yfinance,False
2014-03-14,1.3223010301589966,3.109999895095825,3.119999885559082,3.0799999237060547,3.109999895095825,265864047,yfinance,False
2014-03-17,1.3223010301589966,3.109999895095825,3.1500000953674316,3.0799999237060547,3.130000114440918,147093894,yfinance,False
2014-03-18,1.3223010301589966,3.109999895095825,3.130000114440918,3.0899999141693115,3.130000114440918,255774677,yfinance,False
2014-03-19,1.3137972354888916,3.0899999141693115,3.109999895095825,3.0799999237060547,3.0899999141693115,204583122,yfinance,False
2014-03-20,1.2925386428833008,3.0399999618530273,3.0799999237060547,3.0299999713897705,3.059999942779541,334066632,yfinance,False
2014-03-21,1.3223010301589966,3.109999895095825,3.130000114440918,3.0399999618530273,3.059999942779541,407458223,yfinance,False
2014-03-24,1.3605670928955078,3.200000047683716,3.2200000286102295,3.119999885559082,3.140000104904175,452811015,yfinance,False
2014-03-25,1.3690707683563232,3.2200000286102295,3.25,3.180000066757202,3.190000057220459,210863436,yfinance,False
2014-03-26,1.4030848741531372,3.299999952316284,3.299999952316284,3.25,3.259999990463257,352499243,yfinance,False
2014-03-27,1.424343466758728,3.3499999046325684,3.369999885559082,3.299999952316284,3.3399999141693115,455062203,yfinance,False
2014-03-28,1.445602297782898,3.4000000953674316,3.4200000762939453,3.359999895095825,3.380000114440918,492487757,yfinance,False
2014-03-31,1.4626095294952393,3.440000057220459,3.440000057220459,3.4000000953674316,3.430000066757202,381448412,yfinance,False
2014-04-01,1.4668610095977783,3.450000047683716,3.4600000381469727,3.4200000762939453,3.4600000381469727,280453242,yfinance,False
2014-04-02,1.4370989799499512,3.380000114440918,3.450000047683716,3.369999885559082,3.440000057220459,325635174,yfinance,False
2014-04-03,1.445602297782898,3.4000000953674316,3.4100000858306885,3.380000114440918,3.4100000858306885,265854726,yfinance,False
2014-04-04,1.4370989799499512,3.380000114440918,3.4200000762939453,3.369999885559082,3.390000104904175,324223918,yfinance,False
2014-04-07,1.454106092453003,3.4200000762939453,3.430000066757202,3.369999885559082,3.380000114440918,261764296,yfinance,False
2014-04-08,1.4796165227890015,3.4800000190734863,3.5,3.4100000858306885,3.430000066757202,491852100,yfinance,False
2014-04-09,1.4966233968734741,3.5199999809265137,3.5399999618530273,3.490000009536743,3.5,528954590,yfinance,False
2014-04-10,1.4923721551895142,3.509999990463257,3.5399999618530273,3.450000047683716,3.5299999713897705,535095905,yfinance,False
2014-04-11,1.4923721551895142,3.509999990463257,3.5299999713897705,3.440000057220459,3.5299999713897705,438846218,yfinance,False
2014-04-14,1.4923721551895142,3.509999990463257,3.5199999809265137,3.4800000190734863,3.509999990463257,230864329,yfinance,False
2014-04-15,1.4711132049560547,3.4600000381469727,3.5299999713897705,3.450000047683716,3.5299999713897705,284122762,yfinance,False
2014-04-16,1.4668610095977783,3.450000047683716,3.5,3.4200000762939453,3.4600000381469727,228493856,yfinance,False
2014-04-17,1.48386812210083,3.490000009536743,3.5,3.450000047683716,3.490000009536743,184551789,yfinance,False
2014-04-22,1.4626095294952393,3.440000057220459,3.5,3.430000066757202,3.490000009536743,185490595,yfinance,False
2014-04-23,1.4413505792617798,3.390000104904175,3.4700000286102295,3.380000114440918,3.4700000286102295,284504198,yfinance,False
2014-04-24,1.454106092453003,3.4200000762939453,3.4200000762939453,3.359999895095825,3.4000000953674316,263723185,yfinance,False
2014-04-25,1.4328466653823853,3.369999885559082,3.430000066757202,3.359999895095825,3.4000000953674316,302286156,yfinance,False
2014-04-28,1.4370989799499512,3.380000114440918,3.4100000858306885,3.359999895095825,3.390000104904175,214538736,yfinance,False
2014-04-29,1.4626095294952393,3.440000057220459,3.440000057220459,3.359999895095825,3.4200000762939453,274920407,yfinance,False
2014-04-30,1.4498541355133057,3.4100000858306885,3.430000066757202,3.369999885559082,3.430000066757202,389665209,yfinance,False
2014-05-02,1.4413505792617798,3.390000104904175,3.430000066757202,3.380000114440918,3.390000104904175,174253948,yfinance,False
2014-05-05,1.445602297782898,3.4000000953674316,3.440000057220459,3.369999885559082,3.4100000858306885,200954147,yfinance,False
2014-05-07,1.4370989799499512,3.380000114440918,3.390000104904175,3.359999895095825,3.369999885559082,231069730,yfinance,False
2014-05-08,1.445602297782898,3.4000000953674316,3.4200000762939453,3.380000114440918,3.390000104904175,189423762,yfinance,False
2014-05-09,1.4413505792617798,3.390000104904175,3.4100000858306885,3.369999885559082,3.4000000953674316,140618594,yfinance,False
2014-05-12,1.4583579301834106,3.430000066757202,3.440000057220459,3.380000114440918,3.380000114440918,306995239,yfinance,False
2014-05-13,1.4583579301834106,3.430000066757202,3.450000047683716,3.4200000762939453,3.440000057220459,127386640,yfinance,False
2014-05-14,1.48386812210083,3.490000009536743,3.5199999809265137,3.430000066757202,3.450000047683716,458805207,yfinance,False
2014-05-15,1.4923721551895142,3.509999990463257,3.5199999809265137,3.4800000190734863,3.5,206692073,yfinance,False
2014-05-16,1.4923721551895142,3.509999990463257,3.5199999809265137,3.4700000286102295,3.4700000286102295,254083723,yfinance,False
2014-05-19,1.4923721551895142,3.509999990463257,3.5299999713897705,3.4800000190734863,3.5299999713897705,199236128,yfinance,False
2014-05-20,1.4966233968734741,3.5199999809265137,3.549999952316284,3.509999990463257,3.5199999809265137,210990328,yfinance,False
2014-05-21,1.5178824663162231,3.569999933242798,3.569999933242798,3.509999990463257,3.5299999713897705,288908286,yfinance,False
2014-05-22,1.5263861417770386,3.5899999141693115,3.609999895095825,3.569999933242798,3.5899999141693115,298877642,yfinance,False
2014-05-23,1.5306377410888672,3.5999999046325684,3.5999999046325684,3.5799999237060547,3.5999999046325684,255992197,yfinance,False
2014-05-26,1.534889578819275,3.609999895095825,3.640000104904175,3.5899999141693115,3.619999885559082,197915666,yfinance,False
2014-05-27,1.534889578819275,3.609999895095825,3.630000114440918,3.5899999141693115,3.630000114440918,175354117,yfinance,False
2014-05-28,1.5476447343826294,3.640000104904175,3.6500000953674316,3.5999999046325684,3.630000114440918,311198058,yfinance,False
2014-05-29,1.539141297340393,3.619999885559082,3.6700000762939453,3.5999999046325684,3.6600000858306885,360246232,yfinance,False
2014-05-30,1.5689036846160889,3.690000057220459,3.700000047683716,3.630000114440918,3.6500000953674316,542960329,yfinance,False
2014-06-03,1.581658959388733,3.7200000286102295,3.740000009536743,3.690000057220459,3.740000009536743,398058446,yfinance,False
2014-06-04,1.5731558799743652,3.700000047683716,3.7100000381469727,3.690000057220459,3.7100000381469727,218352071,yfinance,False
2014-06-05,1.5774074792861938,3.7100000381469727,3.7200000286102295,3.690000057220459,3.7100000381469727,213990437,yfinance,False
2014-06-06,1.5433931350708008,3.630000114440918,3.7300000190734863,3.619999885559082,3.7300000190734863,534534441,yfinance,False
2014-06-09,1.5731558799743652,3.700000047683716,3.7100000381469727,3.6500000953674316,3.6600000858306885,325586829,yfinance,False
2014-06-10,1.5859109163284302,3.7300000190734863,3.75,3.7100000381469727,3.7200000286102295,345736394,yfinance,False
2014-06-11,1.5859109163284302,3.7300000190734863,3.740000009536743,3.7100000381469727,3.740000009536743,193133798,yfinance,False
2014-06-12,1.590162754058838,3.740000009536743,3.75,3.690000057220459,3.700000047683716,257800067,yfinance,False
2014-06-13,1.5986661911010742,3.759999990463257,3.7699999809265137,3.7200000286102295,3.7300000190734863,352539874,yfinance,False
2014-06-16,1.590162754058838,3.740000009536743,3.7699999809265137,3.7300000190734863,3.759999990463257,271268192,yfinance,False
2014-06-17,1.590162754058838,3.740000009536743,3.759999990463257,3.7200000286102295,3.740000009536743,320715029,yfinance,False
2014-06-18,1.581658959388733,3.7200000286102295,3.740000009536743,3.7100000381469727,3.7300000190734863,363219399,yfinance,False
2014-06-19,1.5802892446517944,3.4700000286102295,3.509999990463257,3.4600000381469727,3.5,348421427,yfinance,False
2014-06-20,1.5802892446517944,3.4700000286102295,3.490000009536743,3.4600000381469727,3.490000009536743,301699900,yfinance,False
2014-06-23,1.539302110671997,3.380000114440918,3.509999990463257,3.369999885559082,3.4700000286102295,504019652,yfinance,False
2014-06-24,1.5575186014175415,3.4200000762939453,3.450000047683716,3.380000114440918,3.380000114440918,430075705,yfinance,False
2014-06-25,1.5575186014175415,3.4200000762939453,3.4600000381469727,3.4100000858306885,3.4600000381469727,242450181,yfinance,False
2014-06-26,1.5848432779312134,3.4800000190734863,3.4800000190734863,3.440000057220459,3.450000047683716,247358527,yfinance,False
2014-06-27,1.5893973112106323,3.490000009536743,3.5,3.4700000286102295,3.4800000190734863,238118749,yfinance,False
2014-06-30,1.5802892446517944,3.4700000286102295,3.5199999809265137,3.430000066757202,3.5,289255948,yfinance,False
2014-07-02,1.6076139211654663,3.5299999713897705,3.5399999618530273,3.5,3.5199999809265137,345882271,yfinance,False
2014-07-03,1.6167222261428833,3.549999952316284,3.549999952316284,3.5199999809265137,3.5399999618530273,161480573,yfinance,False
2014-07-04,1.6394929885864258,3.5999999046325684,3.5999999046325684,3.569999933242798,3.569999933242798,308537958,yfinance,False
2014-07-07,1.6349389553070068,3.5899999141693115,3.5999999046325684,3.559999942779541,3.5999999046325684,193261950,yfinance,False
2014-07-08,1.6349389553070068,3.5899999141693115,3.609999895095825,3.569999933242798,3.609999895095825,249681644,yfinance,False
2014-07-09,1.5893973112106323,3.490000009536743,3.5899999141693115,3.4800000190734863,3.5899999141693115,389387154,yfinance,False
2014-07-10,1.5757354497909546,3.4600000381469727,3.5,3.440000057220459,3.5,297782324,yfinance,False
2014-07-11,1.5802892446517944,3.4700000286102295,3.4800000190734863,3.440000057220459,3.450000047683716,203003310,yfinance,False
2014-07-14,1.59395170211792,3.5,3.509999990463257,3.4600000381469727,3.4700000286102295,217543580,yfinance,False
2014-07-15,1.6030597686767578,3.5199999809265137,3.5399999618530273,3.509999990463257,3.5299999713897705,153428152,yfinance,False
2014-07-16,1.6076139211654663,3.5299999713897705,3.5399999618530273,3.5,3.5299999713897705,136222130,yfinance,False
2014-07-17,1.6030597686767578,3.5199999809265137,3.549999952316284,3.490000009536743,3.549999952316284,162435958,yfinance,False
2014-07-18,1.6030597686767578,3.5199999809265137,3.5199999809265137,3.4600000381469727,3.490000009536743,148950510,yfinance,False
2014-07-21,1.5893973112106323,3.490000009536743,3.5399999618530273,3.4800000190734863,3.5199999809265137,223817640,yfinance,False
2014-07-22,1.6076139211654663,3.5299999713897705,3.5399999618530273,3.5,3.5199999809265137,362078656,yfinance,False
2014-07-23,1.6349389553070068,3.5899999141693115,3.5999999046325684,3.5399999618530273,3.549999952316284,335267452,yfinance,False
2014-07-24,1.6486015319824219,3.619999885559082,3.630000114440918,3.5999999046325684,3.619999885559082,360700769,yfinance,False
2014-07-25,1.662264108657837,3.6500000953674316,3.6600000858306885,3.619999885559082,3.6600000858306885,376368290,yfinance,False
2014-07-28,1.685034990310669,3.700000047683716,3.7200000286102295,3.6500000953674316,3.6700000762939453,506982549,yfinance,False
2014-07-29,1.7032512426376343,3.740000009536743,3.740000009536743,3.700000047683716,3.7200000286102295,397569435,yfinance,False
2014-07-30,1.6986970901489258,3.7300000190734863,3.7699999809265137,3.7100000381469727,3.75,461724636,yfinance,False
2014-07-31,1.6941429376602173,3.7200000286102295,3.759999990463257,3.6600000858306885,3.740000009536743,454189398,yfinance,False
2014-08-01,1.6668180227279663,3.6600000858306885,3.690000057220459,3.630000114440918,3.6700000762939453,375336318,yfinance,False
2014-08-04,1.6804803609848022,3.690000057220459,3.7100000381469727,3.6600000858306885,3.680000066757202,181224526,yfinance,False
2014-08-05,1.6713722944259644,3.6700000762939453,3.7100000381469727,3.630000114440918,3.7100000381469727,282588364,yfinance,False
2014-08-06,1.6668180227279663,3.6600000858306885,3.6700000762939453,3.630000114440918,3.6700000762939453,213365416,yfinance,False
2014-08-07,1.662264108657837,3.6500000953674316,3.6600000858306885,3.609999895095825,3.6600000858306885,220909747,yfinance,False
2014-08-08,1.6486015319824219,3.619999885559082,3.6500000953674316,3.5799999237060547,3.619999885559082,262488389,yfinance,False
2014-08-11,1.6668180227279663,3.6600000858306885,3.6700000762939453,3.640000104904175,3.6500000953674316,164693199,yfinance,False
2014-08-12,1.6759263277053833,3.680000066757202,3.680000066757202,3.640000104904175,3.6600000858306885,133766734,yfinance,False
2014-08-13,1.6895887851715088,3.7100000381469727,3.7100000381469727,3.6500000953674316,3.680000066757202,284743536,yfinance,False
2014-08-14,1.6804803609848022,3.690000057220459,3.7300000190734863,3.6700000762939453,3.7300000190734863,303792068,yfinance,False
2014-08-15,1.6804803609848022,3.690000057220459,3.7200000286102295,3.690000057220459,3.700000047683716,229051500,yfinance,False
2014-08-18,1.6713722944259644,3.6700000762939453,3.700000047683716,3.619999885559082,3.690000057220459,244770058,yfinance,False
2014-08-19,1.6759263277053833,3.680000066757202,3.700000047683716,3.630000114440918,3.680000066757202,257581371,yfinance,False
2014-08-20,1.6713722944259644,3.6700000762939453,3.680000066757202,3.6500000953674316,3.6700000762939453,257821361,yfinance,False
2014-08-21,1.662264108657837,3.6500000953674316,3.680000066757202,3.609999895095825,3.680000066757202,322017008,yfinance,False
2014-08-22,1.6713722944259644,3.6700000762939453,3.690000057220459,3.640000104904175,3.6500000953674316,251294131,yfinance,False
2014-08-25,1.6804803609848022,3.690000057220459,3.700000047683716,3.630000114440918,3.6700000762939453,201472056,yfinance,False
2014-08-26,1.6759263277053833,3.680000066757202,3.700000047683716,3.6700000762939453,3.690000057220459,182773757,yfinance,False
2014-08-27,1.6577095985412598,3.640000104904175,3.690000057220459,3.630000114440918,3.680000066757202,320136029,yfinance,False
2014-08-28,1.6440471410751343,3.609999895095825,3.6700000762939453,3.5999999046325684,3.6600000858306885,268663522,yfinance,False
2014-08-29,1.6394929885864258,3.5999999046325684,3.630000114440918,3.5899999141693115,3.630000114440918,297081717,yfinance,False
2014-09-01,1.6349389553070068,3.5899999141693115,3.630000114440918,3.559999942779541,3.5999999046325684,257973428,yfinance,False
2014-09-02,1.6349389553070068,3.5899999141693115,3.5999999046325684,3.5299999713897705,3.5999999046325684,304734383,yfinance,False
2014-09-03,1.6804803609848022,3.690000057220459,3.690000057220459,3.5899999141693115,3.5899999141693115,542401591,yfinance,False
2014-09-04,1.6895887851715088,3.7100000381469727,3.7200000286102295,3.6700000762939453,3.690000057220459,327921751,yfinance,False
2014-09-05,1.7032512426376343,3.740000009536743,3.75,3.690000057220459,3.7200000286102295,439687168,yfinance,False
2014-09-08,1.7032512426376343,3.740000009536743,3.75,3.7100000381469727,3.740000009536743,245045467,yfinance,False
2014-09-10,1.6668180227279663,3.6600000858306885,3.7200000286102295,3.6500000953674316,3.7200000286102295,301133810,yfinance,False
2014-09-11,1.662264108657837,3.6500000953674316,3.690000057220459,3.630000114440918,3.680000066757202,267861453,yfinance,False
2014-09-12,1.6577095985412598,3.640000104904175,3.680000066757202,3.630000114440918,3.6600000858306885,202938428,yfinance,False
2014-09-15,1.6394929885864258,3.5999999046325684,3.630000114440918,3.5899999141693115,3.609999895095825,173301009,yfinance,False
2014-09-16,1.6394929885864258,3.5999999046325684,3.630000114440918,3.5799999237060547,3.5999999046325684,167003967,yfinance,False
2014-09-17,1.6668180227279663,3.6600000858306885,3.6700000762939453,3.630000114440918,3.640000104904175,283905308,yfinance,False
2014-09-18,1.6577095985412598,3.640000104904175,3.6600000858306885,3.5999999046325684,3.640000104904175,267886933,yfinance,False
2014-09-19,1.6486015319824219,3.619999885559082,3.6600000858306885,3.5999999046325684,3.6600000858306885,309699706,yfinance,False
2014-09-22,1.6258306503295898,3.569999933242798,3.609999895095825,3.5399999618530273,3.5999999046325684,387477632,yfinance,False
2014-09-23,1.6258306503295898,3.569999933242798,3.5999999046325684,3.549999952316284,3.559999942779541,257745944,yfinance,False
2014-09-24,1.6486015319824219,3.619999885559082,3.630000114440918,3.549999952316284,3.549999952316284,266250285,yfinance,False
2014-09-25,1.6349389553070068,3.5899999141693115,3.6500000953674316,3.569999933242798,3.640000104904175,220294808,yfinance,False
2014-09-26,1.6303848028182983,3.5799999237060547,3.5899999141693115,3.549999952316284,3.559999942779541,236818853,yfinance,False
2014-09-29,1.6076139211654663,3.5299999713897705,3.559999942779541,3.4800000190734863,3.5399999618530273,508163570,yfinance,False
2014-09-30,1.5848432779312134,3.4800000190734863,3.509999990463257,3.4600000381469727,3.509999990463257,484009847,yfinance,False
2014-10-03,1.5893973112106323,3.490000009536743,3.509999990463257,3.4200000762939453,3.430000066757202,407261263,yfinance,False
2014-10-06,1.598505973815918,3.509999990463257,3.5299999713897705,3.4600000381469727,3.490000009536743,267726857,yfinance,False
2014-10-07,1.6076139211654663,3.5299999713897705,3.5399999618530273,3.490000009536743,3.5,284117808,yfinance,False
2014-10-08,1.59395170211792,3.5,3.5299999713897705,3.4800000190734863,3.5,204220308,yfinance,False
2014-10-09,1.6076139211654663,3.5299999713897705,3.549999952316284,3.509999990463257,3.5299999713897705,163158501,yfinance,False
2014-10-10,1.5802892446517944,3.4700000286102295,3.5,3.4700000286102295,3.4800000190734863,215455236,yfinance,False
2014-10-13,1.5893973112106323,3.490000009536743,3.5199999809265137,3.450000047683716,3.4600000381469727,273614960,yfinance,False
2014-10-14,1.59395170211792,3.5,3.5399999618530273,3.4700000286102295,3.490000009536743,309005720,yfinance,False
2014-10-15,1.6076139211654663,3.5299999713897705,3.549999952316284,3.490000009536743,3.5,266998727,yfinance,False
2014-10-16,1.59395170211792,3.5,3.5299999713897705,3.4800000190734863,3.490000009536743,297489145,yfinance,False
2014-10-17,1.598505973815918,3.509999990463257,3.5299999713897705,3.4700000286102295,3.490000009536743,314488970,yfinance,False
2014-10-20,1.6030597686767578,3.5199999809265137,3.549999952316284,3.509999990463257,3.5299999713897705,195439474,yfinance,False
2014-10-21,1.6030597686767578,3.5199999809265137,3.5399999618530273,3.490000009536743,3.509999990463257,185389743,yfinance,False
2014-10-22,1.6303848028182983,3.5799999237060547,3.5899999141693115,3.5199999809265137,3.5399999618530273,431722945,yfinance,False
2014-10-23,1.6349389553070068,3.5899999141693115,3.5999999046325684,3.559999942779541,3.569999933242798,192759651,yfinance,False
2014-10-24,1.6349389553070068,3.5899999141693115,3.5999999046325684,3.559999942779541,3.5899999141693115,295130560,yfinance,False
2014-10-27,1.6303848028182983,3.5799999237060547,3.5999999046325684,3.549999952316284,3.5999999046325684,252089679,yfinance,False
2014-10-28,1.6759263277053833,3.680000066757202,3.680000066757202,3.5799999237060547,3.5799999237060547,487584686,yfinance,False
2014-10-29,1.6895887851715088,3.7100000381469727,3.7200000286102295,3.680000066757202,3.700000047683716,416672867,yfinance,False
2014-10-30,1.6759263277053833,3.680000066757202,3.7100000381469727,3.6700000762939453,3.7100000381469727,308574220,yfinance,False
2014-10-31,1.6895887851715088,3.7100000381469727,3.7300000190734863,3.690000057220459,3.700000047683716,506498084,yfinance,False
2014-11-03,1.685034990310669,3.700000047683716,3.740000009536743,3.680000066757202,3.740000009536743,297935517,yfinance,False
2014-11-04,1.6941429376602173,3.7200000286102295,3.7300000190734863,3.700000047683716,3.7100000381469727,217843150,yfinance,False
2014-11-05,1.6804803609848022,3.690000057220459,3.7200000286102295,3.6600000858306885,3.7200000286102295,208289388,yfinance,False
2014-11-06,1.6713722944259644,3.6700000762939453,3.7100000381469727,3.6600000858306885,3.700000047683716,126749435,yfinance,False
2014-11-07,1.6713722944259644,3.6700000762939453,3.75,3.6500000953674316,3.690000057220459,319004702,yfinance,False
2014-11-10,1.6804803609848022,3.690000057220459,3.75,3.680000066757202,3.740000009536743,507096235,yfinance,False
2014-11-11,1.7305760383605957,3.799999952316284,3.859999895095825,3.690000057220459,3.700000047683716,1247389430,yfinance,False
2014-11-12,1.7487924098968506,3.8399999141693115,3.8499999046325684,3.799999952316284,3.8299999237060547,605959680,yfinance,False
2014-11-13,1.7579009532928467,3.859999895095825,3.9000000953674316,3.8299999237060547,3.8399999141693115,605653098,yfinance,False
2014-11-14,1.7533470392227173,3.8499999046325684,3.869999885559082,3.809999942779541,3.859999895095825,397103313,yfinance,False
2014-11-17,1.7214678525924683,3.7799999713897705,3.890000104904175,3.7699999809265137,3.890000104904175,480659688,yfinance,False
2014-11-18,1.6986970901489258,3.7300000190734863,3.819999933242798,3.700000047683716,3.809999942779541,393587767,yfinance,False
2014-11-19,1.6895887851715088,3.7100000381469727,3.759999990463257,3.690000057220459,3.7300000190734863,281668787,yfinance,False
2014-11-20,1.6895887851715088,3.7100000381469727,3.7300000190734863,3.680000066757202,3.7100000381469727,276873796,yfinance,False
2014-11-21,1.6986970901489258,3.7300000190734863,3.75,3.680000066757202,3.7300000190734863,217408017,yfinance,False
2014-11-24,1.7351300716400146,3.809999942779541,3.819999933242798,3.75,3.799999952316284,600784221,yfinance,False
2014-11-25,1.7305760383605957,3.799999952316284,3.819999933242798,3.7699999809265137,3.7899999618530273,310645730,yfinance,False
2014-11-26,1.7715632915496826,3.890000104904175,3.890000104904175,3.799999952316284,3.809999942779541,508009507,yfinance,False
2014-11-27,1.7579009532928467,3.859999895095825,3.950000047683716,3.859999895095825,3.9100000858306885,405941669,yfinance,False
2014-11-28,1.8216588497161865,4.0,4.0,3.880000114440918,3.9000000953674316,841893195,yfinance,False
2014-12-01,1.7806717157363892,3.9100000858306885,4.0,3.890000104904175,3.9800000190734863,688231708,yfinance,False
2014-12-02,1.8535383939743042,4.070000171661377,4.079999923706055,3.859999895095825,3.9000000953674316,866957583,yfinance,False
2014-12-03,1.8353215456008911,4.03000020980835,4.139999866485596,3.9800000190734863,4.090000152587891,801385831,yfinance,False
2014-12-04,1.8945252895355225,4.159999847412109,4.179999828338623,4.03000020980835,4.039999961853027,897144600,yfinance,False
2014-12-05,1.880863070487976,4.130000114440918,4.28000020980835,4.079999923706055,4.170000076293945,1239505101,yfinance,False
2014-12-08,1.967392086982727,4.320000171661377,4.329999923706055,4.150000095367432,4.170000076293945,1006625696,yfinance,False
2014-12-09,1.8899708986282349,4.150000095367432,4.349999904632568,4.119999885559082,4.320000171661377,1076345369,yfinance,False
2014-12-10,1.8945252895355225,4.159999847412109,4.190000057220459,4.070000171661377,4.150000095367432,536028123,yfinance,False
2014-12-11,1.8672006130218506,4.099999904632568,4.150000095367432,4.019999980926514,4.099999904632568,650621726,yfinance,False
2014-12-12,1.87175452709198,4.110000133514404,4.190000057220459,4.099999904632568,4.130000114440918,346318229,yfinance,False
2014-12-15,1.862646460533142,4.090000152587891,4.099999904632568,4.019999980926514,4.079999923706055,314540187,yfinance,False
2014-12-16,1.8353215456008911,4.03000020980835,4.079999923706055,4.010000228881836,4.050000190734863,411801665,yfinance,False
2014-12-17,1.8854169845581055,4.139999866485596,4.159999847412109,4.019999980926514,4.059999942779541,583657637,yfinance,False
2014-12-18,1.8854169845581055,4.139999866485596,4.199999809265137,4.110000133514404,4.159999847412109,376424459,yfinance,False
2014-12-19,1.89907968044281,4.170000076293945,4.199999809265137,4.159999847412109,4.199999809265137,392407675,yfinance,False
2014-12-22,1.9719460010528564,4.329999923706055,4.340000152587891,4.179999828338623,4.199999809265137,669404320,yfinance,False
2014-12-23,1.93095862865448,4.239999771118164,4.349999904632568,4.230000019073486,4.349999904632568,452115316,yfinance,False
2014-12-24,1.917296051979065,4.210000038146973,4.269999980926514,4.199999809265137,4.210000038146973,131444253,yfinance,False
2014-12-29,1.976500391960144,4.340000152587891,4.400000095367432,4.289999961853027,4.340000152587891,441555804,yfinance,False
2014-12-30,1.9537293910980225,4.289999961853027,4.349999904632568,4.269999980926514,4.349999904632568,318816982,yfinance,False
2014-12-31,1.9901626110076904,4.369999885559082,4.389999866485596,4.269999980926514,4.289999961853027,272196943,yfinance,False
2015-01-02,2.017487049102783,4.429999828338623,4.440000057220459,4.360000133514404,4.380000114440918,360935360,yfinance,False
2015-01-05,2.0220415592193604,4.440000057220459,4.5,4.349999904632568,4.369999885559082,528018113,yfinance,False
2015-01-06,2.0083792209625244,4.409999847412109,4.489999771118164,4.360000133514404,4.400000095367432,514052782,yfinance,False
2015-01-07,2.0265953540802,4.449999809265137,4.480000019073486,4.360000133514404,4.360000133514404,476635249,yfinance,False
2015-01-08,2.017487049102783,4.429999828338623,4.5,4.409999847412109,4.489999771118164,490575095,yfinance,False
2015-01-09,2.0220415592193604,4.440000057220459,4.519999980926514,4.409999847412109,4.449999809265137,511664499,yfinance,False
2015-01-12,1.9992706775665283,4.389999866485596,4.460000038146973,4.320000171661377,4.460000038146973,325694020,yfinance,False
2015-01-13,2.0038247108459473,4.400000095367432,4.449999809265137,4.360000133514404,4.360000133514404,205919235,yfinance,False
2015-01-14,2.0083792209625244,4.409999847412109,4.46999979019165,4.380000114440918,4.429999828338623,276393655,yfinance,False
2015-01-15,2.0357038974761963,4.46999979019165,4.489999771118164,4.349999904632568,4.400000095367432,411301535,yfinance,False
2015-01-16,2.0220415592193604,4.440000057220459,4.480000019073486,4.400000095367432,4.429999828338623,331817645,yfinance,False
2015-01-19,1.9036338329315186,4.179999828338623,4.369999885559082,4.110000133514404,4.349999904632568,795877616,yfinance,False
2015-01-20,1.9537293910980225,4.289999961853027,4.300000190734863,4.199999809265137,4.239999771118164,406276872,yfinance,False
2015-01-21,2.0038247108459473,4.400000095367432,4.449999809265137,4.28000020980835,4.289999961853027,420519282,yfinance,False
2015-01-22,2.0311498641967773,4.460000038146973,4.480000019073486,4.409999847412109,4.409999847412109,329510942,yfinance,False
2015-01-23,2.058474540710449,4.519999980926514,4.539999961853027,4.489999771118164,4.5,428621301,yfinance,False
2015-01-26,2.0630290508270264,4.53000020980835,4.539999961853027,4.480000019073486,4.539999961853027,247947393,yfinance,False
2015-01-27,2.0220415592193604,4.440000057220459,4.539999961853027,4.429999828338623,4.539999961853027,321381529,yfinance,False
2015-01-28,2.0265953540802,4.449999809265137,4.5,4.400000095367432,4.440000057220459,206307371,yfinance,False
2015-01-29,1.9810537099838257,4.349999904632568,4.429999828338623,4.309999942779541,4.389999866485596,306460269,yfinance,False
2015-01-30,1.976500391960144,4.340000152587891,4.429999828338623,4.309999942779541,4.400000095367432,278776672,yfinance,False
2015-02-02,1.9537293910980225,4.289999961853027,4.320000171661377,4.230000019073486,4.300000190734863,269594818,yfinance,False
2015-02-03,1.967392086982727,4.320000171661377,4.329999923706055,4.230000019073486,4.289999961853027,255899481,yfinance,False
2015-02-04,1.9719460010528564,4.329999923706055,4.389999866485596,4.300000190734863,4.340000152587891,202400935,yfinance,False
2015-02-05,2.0038247108459473,4.400000095367432,4.570000171661377,4.369999885559082,4.559999942779541,446635640,yfinance,False
2015-02-06,1.9719460010528564,4.329999923706055,4.400000095367432,4.309999942779541,4.380000114440918,263306387,yfinance,False
2015-02-09,1.9446210861206055,4.269999980926514,4.320000171661377,4.260000228881836,4.269999980926514,212513991,yfinance,False
2015-02-10,1.96283757686615,4.309999942779541,4.340000152587891,4.25,4.25,205210523,yfinance,False
2015-02-11,1.9446210861206055,4.269999980926514,4.320000171661377,4.260000228881836,4.300000190734863,170016629,yfinance,False
2015-02-12,1.976500391960144,4.340000152587891,4.349999904632568,4.260000228881836,4.320000171661377,264555044,yfinance,False
2015-02-13,2.0038247108459473,4.400000095367432,4.400000095367432,4.329999923706055,4.380000114440918,179967447,yfinance,False
2015-02-16,1.9992706775665283,4.389999866485596,4.420000076293945,4.369999885559082,4.389999866485596,114614756,yfinance,False
2015-02-17,2.0038247108459473,4.400000095367432,4.429999828338623,4.369999885559082,4.369999885559082,107737027,yfinance,False
2015-02-18,2.0083792209625244,4.409999847412109,4.429999828338623,4.400000095367432,4.429999828338623,53864909,yfinance,False
2015-02-23,2.0083792209625244,4.409999847412109,4.440000057220459,4.360000133514404,4.440000057220459,136523493,yfinance,False
2015-02-24,2.0038247108459473,4.400000095367432,4.440000057220459,4.369999885559082,4.440000057220459,153310063,yfinance,False
2015-02-25,2.0129332542419434,4.420000076293945,4.449999809265137,4.380000114440918,4.409999847412109,178067194,yfinance,False
2015-02-26,2.0357038974761963,4.46999979019165,4.519999980926514,4.389999866485596,4.400000095367432,300119588,yfinance,False
2015-02-27,2.0311498641967773,4.460000038146973,4.519999980926514,4.449999809265137,4.46999979019165,242889265,yfinance,False
2015-03-02,2.0448122024536133,4.489999771118164,4.519999980926514,4.449999809265137,4.510000228881836,267261786,yfinance,False
2015-03-03,1.9992706775665283,4.389999866485596,4.489999771118164,4.369999885559082,4.489999771118164,260175448,yfinance,False
2015-03-04,1.9582834243774414,4.300000190734863,4.369999885559082,4.289999961853027,4.349999904632568,322976070,yfinance,False
2015-03-05,1.926404356956482,4.230000019073486,4.320000171661377,4.199999809265137,4.300000190734863,335579682,yfinance,False
2015-03-06,1.926404356956482,4.230000019073486,4.260000228881836,4.199999809265137,4.230000019073486,310381831,yfinance,False
2015-03-09,1.9537293910980225,4.289999961853027,4.300000190734863,4.170000076293945,4.199999809265137,363770814,yfinance,False
2015-03-10,1.9127418994903564,4.199999809265137,4.289999961853027,4.199999809265137,4.289999961853027,282958879,yfinance,False
2015-03-11,1.908187747001648,4.190000057220459,4.28000020980835,4.179999828338623,4.21999979019165,338333376,yfinance,False
2015-03-12,1.9400668144226074,4.260000228881836,4.329999923706055,4.21999979019165,4.21999979019165,314945226,yfinance,False
2015-03-13,1.9810537099838257,4.349999904632568,4.409999847412109,4.269999980926514,4.300000190734863,400637407,yfinance,False
2015-03-16,1.9992706775665283,4.389999866485596,4.400000095367432,4.340000152587891,4.389999866485596,230595141,yfinance,False
2015-03-17,1.9947165250778198,4.380000114440918,4.440000057220459,4.340000152587891,4.400000095367432,176044692,yfinance,False
2015-03-18,2.0129332542419434,4.420000076293945,4.429999828338623,4.360000133514404,4.360000133514404,362745359,yfinance,False
2015-03-19,2.0265953540802,4.449999809265137,4.460000038146973,4.409999847412109,4.420000076293945,334601429,yfinance,False
2015-03-20,2.0265953540802,4.449999809265137,4.489999771118164,4.420000076293945,4.440000057220459,408142953,yfinance,False
2015-03-23,2.0311498641967773,4.460000038146973,4.489999771118164,4.429999828338623,4.480000019073486,190883197,yfinance,False
2015-03-24,2.0083792209625244,4.409999847412109,4.460000038146973,4.360000133514404,4.460000038146973,247956764,yfinance,False
2015-03-25,2.0038247108459473,4.400000095367432,4.429999828338623,4.369999885559082,4.409999847412109,232778869,yfinance,False
2015-03-26,1.9856083393096924,4.360000133514404,4.389999866485596,4.340000152587891,4.389999866485596,273732810,yfinance,False
2015-03-27,1.967392086982727,4.320000171661377,4.360000133514404,4.309999942779541,4.329999923706055,343841033,yfinance,False
2015-03-30,2.0311498641967773,4.460000038146973,4.480000019073486,4.400000095367432,4.400000095367432,564808297,yfinance,False
2015-03-31,2.0402581691741943,4.480000019073486,4.579999923706055,4.46999979019165,4.539999961853027,545321123,yfinance,False
2015-04-01,2.0812456607818604,4.570000171661377,4.590000152587891,4.489999771118164,4.510000228881836,438618862,yfinance,False
2015-04-02,2.104016065597534,4.619999885559082,4.630000114440918,4.559999942779541,4.619999885559082,432501154,yfinance,False
2015-04-08,2.2042078971862793,4.840000152587891,4.849999904632568,4.730000019073486,4.820000171661377,709715460,yfinance,False
2015-04-09,2.236086130142212,4.909999847412109,5.099999904632568,4.900000095367432,4.929999828338623,748214110,yfinance,False
2015-04-10,2.286181926727295,5.019999980926514,5.03000020980835,4.909999847412109,5.0,618759546,yfinance,False
2015-04-13,2.4865643978118896,5.460000038146973,5.46999979019165,5.039999961853027,5.050000190734863,925019680,yfinance,False
2015-04-14,2.431914806365967,5.340000152587891,5.449999809265137,5.289999961853027,5.300000190734863,747069182,yfinance,False
2015-04-15,2.5184438228607178,5.53000020980835,5.539999961853027,5.340000152587891,5.400000095367432,752222463,yfinance,False
2015-04-16,2.5138893127441406,5.519999980926514,5.539999961853027,5.389999866485596,5.460000038146973,585780824,yfinance,False
2015-04-17,2.450131416320801,5.380000114440918,5.599999904632568,5.369999885559082,5.53000020980835,542321424,yfinance,False
2015-04-20,2.386373519897461,5.239999771118164,5.53000020980835,5.159999847412109,5.5,692688671,yfinance,False
2015-04-21,2.4865643978118896,5.460000038146973,5.489999771118164,5.269999980926514,5.269999980926514,489768890,yfinance,False
2015-04-22,2.4911186695098877,5.46999979019165,5.489999771118164,5.380000114440918,5.409999847412109,413174319,yfinance,False
2015-04-23,2.454685688018799,5.389999866485596,5.539999961853027,5.380000114440918,5.519999980926514,398872318,yfinance,False
2015-04-24,2.454685688018799,5.389999866485596,5.420000076293945,5.25,5.420000076293945,417540371,yfinance,False
2015-04-27,2.4911186695098877,5.46999979019165,5.46999979019165,5.389999866485596,5.400000095367432,321892567,yfinance,False
2015-04-28,2.5275521278381348,5.550000190734863,5.679999828338623,5.420000076293945,5.46999979019165,582830578,yfinance,False
2015-04-29,2.5184438228607178,5.53000020980835,5.550000190734863,5.449999809265137,5.550000190734863,358454015,yfinance,False
2015-04-30,2.427361011505127,5.329999923706055,5.449999809265137,5.320000171661377,5.429999828338623,638168778,yfinance,False
2015-05-04,2.4091439247131348,5.289999961853027,5.369999885559082,5.260000228881836,5.329999923706055,385303480,yfinance,False
2015-05-05,2.33172345161438,5.119999885559082,5.329999923706055,5.090000152587891,5.300000190734863,482915373,yfinance,False
2015-05-06,2.33172345161438,5.119999885559082,5.269999980926514,5.099999904632568,5.150000095367432,477869175,yfinance,False
2015-05-07,2.29529070854187,5.039999961853027,5.130000114440918,5.03000020980835,5.070000171661377,403252874,yfinance,False
2015-05-08,2.345386028289795,5.150000095367432,5.170000076293945,5.079999923706055,5.099999904632568,332779350,yfinance,False
2015-05-11,2.377264976501465,5.21999979019165,5.239999771118164,5.130000114440918,5.239999771118164,334845777,yfinance,False
2015-05-12,2.327169179916382,5.110000133514404,5.190000057220459,5.099999904632568,5.190000057220459,277657763,yfinance,False
2015-05-13,2.308953046798706,5.070000171661377,5.190000057220459,5.059999942779541,5.190000057220459,269418363,yfinance,False
2015-05-14,2.304398536682129,5.059999942779541,5.099999904632568,5.039999961853027,5.090000152587891,273953175,yfinance,False
2015-05-15,2.3499398231506348,5.159999847412109,5.179999828338623,5.03000020980835,5.090000152587891,290298055,yfinance,False
2015-05-18,2.33172345161438,5.119999885559082,5.159999847412109,5.070000171661377,5.130000114440918,262238375,yfinance,False
2015-05-19,2.363602638244629,5.190000057220459,5.21999979019165,5.099999904632568,5.119999885559082,279889600,yfinance,False
2015-05-20,2.377264976501465,5.21999979019165,5.239999771118164,5.170000076293945,5.199999809265137,254715976,yfinance,False
2015-05-21,2.3499398231506348,5.159999847412109,5.210000038146973,5.150000095367432,5.199999809265137,194862323,yfinance,False
2015-05-22,2.4000356197357178,5.269999980926514,5.28000020980835,5.21999979019165,5.239999771118164,284250682,yfinance,False
2015-05-26,2.463793992996216,5.409999847412109,5.429999828338623,5.369999885559082,5.389999866485596,477289854,yfinance,False
2015-05-27,2.454685688018799,5.389999866485596,5.409999847412109,5.329999923706055,5.409999847412109,335043817,yfinance,False
2015-05-28,2.363602638244629,5.190000057220459,5.449999809265137,5.119999885559082,5.449999809265137,615995160,yfinance,False
2015-05-29,2.345386028289795,5.150000095367432,5.190000057220459,5.099999904632568,5.139999866485596,483350855,yfinance,False
2015-06-01,2.372710704803467,5.210000038146973,5.269999980926514,5.070000171661377,5.119999885559082,377811853,yfinance,False
2015-06-02,2.377264976501465,5.21999979019165,5.230000019073486,5.150000095367432,5.21999979019165,221958517,yfinance,False
2015-06-03,2.359048366546631,5.179999828338623,5.21999979019165,5.150000095367432,5.190000057220459,252371827,yfinance,False
2015-06-04,2.381819248199463,5.230000019073486,5.340000152587891,5.070000171661377,5.210000038146973,591399399,yfinance,False
2015-06-05,2.3499398231506348,5.159999847412109,5.269999980926514,5.150000095367432,5.21999979019165,289768141,yfinance,False
2015-06-08,2.4364686012268066,5.349999904632568,5.440000057220459,5.139999866485596,5.150000095367432,772367075,yfinance,False
2015-06-09,2.422806978225708,5.320000171661377,5.480000019073486,5.260000228881836,5.400000095367432,723759545,yfinance,False
2015-06-10,2.363602638244629,5.190000057220459,5.349999904632568,5.179999828338623,5.320000171661377,377147020,yfinance,False
2015-06-11,2.390927314758301,5.25,5.269999980926514,5.199999809265137,5.260000228881836,280563901,yfinance,False
2015-06-12,2.422806978225708,5.320000171661377,5.349999904632568,5.25,5.289999961853027,346560896,yfinance,False
2015-06-15,2.363602638244629,5.190000057220459,5.289999961853027,5.179999828338623,5.28000020980835,269624345,yfinance,False
2015-06-16,2.322615146636963,5.099999904632568,5.190000057220459,5.099999904632568,5.179999828338623,387306160,yfinance,False
2015-06-17,2.377264976501465,5.21999979019165,5.230000019073486,5.099999904632568,5.110000133514404,393119458,yfinance,False
2015-06-18,2.3499398231506348,5.159999847412109,5.210000038146973,5.119999885559082,5.199999809265137,269580864,yfinance,False
2015-06-19,2.340831756591797,5.139999866485596,5.25,5.110000133514404,5.179999828338623,367952952,yfinance,False
2015-06-22,2.386373519897461,5.239999771118164,5.289999961853027,5.150000095367432,5.150000095367432,217881356,yfinance,False
2015-06-23,2.4592394828796387,5.400000095367432,5.409999847412109,5.289999961853027,5.289999961853027,569511275,yfinance,False
2015-06-24,2.477456569671631,5.440000057220459,5.480000019073486,5.409999847412109,5.440000057220459,379591648,yfinance,False
2015-06-25,2.44450306892395,5.130000114440918,5.25,5.110000133514404,5.21999979019165,528547111,yfinance,False
2015-06-26,2.3968522548675537,5.03000020980835,5.110000133514404,5.0,5.099999904632568,590606142,yfinance,False
2015-06-29,2.344435453414917,4.920000076293945,5.079999923706055,4.809999942779541,5.050000190734863,663848559,yfinance,False
2015-06-30,2.4016168117523193,5.039999961853027,5.070000171661377,4.880000114440918,4.889999866485596,523764253,yfinance,False
2015-07-02,2.3968522548675537,5.03000020980835,5.079999923706055,4.96999979019165,5.070000171661377,415774142,yfinance,False
2015-07-03,2.3682610988616943,4.96999979019165,5.050000190734863,4.920000076293945,5.039999961853027,362415540,yfinance,False
2015-07-06,2.287254810333252,4.800000190734863,5.079999923706055,4.659999847412109,5.019999980926514,819768480,yfinance,False
2015-07-07,2.2205429077148438,4.659999847412109,4.849999904632568,4.610000133514404,4.78000020980835,770012662,yfinance,False
2015-07-08,2.0680594444274902,4.340000152587891,4.5,4.070000171661377,4.5,1095236992,yfinance,False
2015-07-09,2.0537638664245605,4.309999942779541,4.46999979019165,4.159999847412109,4.210000038146973,947335876,yfinance,False
2015-07-10,2.1204750537872314,4.449999809265137,4.510000228881836,4.349999904632568,4.400000095367432,634220295,yfinance,False
2015-07-13,2.1585967540740967,4.53000020980835,4.590000152587891,4.420000076293945,4.449999809265137,479246267,yfinance,False
2015-07-14,2.139535665512085,4.489999771118164,4.559999942779541,4.420000076293945,4.5,435259865,yfinance,False
2015-07-15,2.1157102584838867,4.440000057220459,4.519999980926514,4.400000095367432,4.489999771118164,310324527,yfinance,False
2015-07-16,2.1204750537872314,4.449999809265137,4.480000019073486,4.389999866485596,4.409999847412109,252090304,yfinance,False
2015-07-17,2.1300055980682373,4.46999979019165,4.539999961853027,4.460000038146973,4.5,258298480,yfinance,False
2015-07-20,2.1252405643463135,4.460000038146973,4.5,4.429999828338623,4.46999979019165,208174969,yfinance,False
2015-07-21,2.139535665512085,4.489999771118164,4.510000228881836,4.420000076293945,4.46999979019165,177128582,yfinance,False
2015-07-22,2.1157102584838867,4.440000057220459,4.460000038146973,4.409999847412109,4.449999809265137,262717207,yfinance,False
2015-07-23,2.1300055980682373,4.46999979019165,4.489999771118164,4.400000095367432,4.400000095367432,197032578,yfinance,False
2015-07-24,2.106180191040039,4.420000076293945,4.449999809265137,4.400000095367432,4.429999828338623,190209744,yfinance,False
2015-07-27,2.044233798980713,4.289999961853027,4.389999866485596,4.25,4.389999866485596,528351539,yfinance,False
2015-07-28,2.0299384593963623,4.260000228881836,4.340000152587891,4.179999828338623,4.329999923706055,448906188,yfinance,False
2015-07-29,2.0299384593963623,4.260000228881836,4.329999923706055,4.239999771118164,4.300000190734863,248406909,yfinance,False
2015-07-30,2.010877847671509,4.21999979019165,4.320000171661377,4.210000038146973,4.320000171661377,357567404,yfinance,False
2015-07-31,2.0204079151153564,4.239999771118164,4.28000020980835,4.230000019073486,4.239999771118164,236062638,yfinance,False
2015-08-03,2.0156428813934326,4.230000019073486,4.239999771118164,4.150000095367432,4.239999771118164,290019761,yfinance,False
2015-08-04,2.010877847671509,4.21999979019165,4.260000228881836,4.190000057220459,4.190000057220459,189125305,yfinance,False
2015-08-05,2.006113052368164,4.210000038146973,4.269999980926514,4.190000057220459,4.21999979019165,192177549,yfinance,False
2015-08-06,1.996582269668579,4.190000057220459,4.21999979019165,4.170000076293945,4.199999809265137,174570081,yfinance,False
2015-08-07,2.0251729488372803,4.25,4.289999961853027,4.190000057220459,4.190000057220459,202925000,yfinance,False
2015-08-10,2.0156428813934326,4.230000019073486,4.25,4.159999847412109,4.239999771118164,179199086,yfinance,False
2015-08-11,2.006113052368164,4.210000038146973,4.309999942779541,4.179999828338623,4.28000020980835,289946921,yfinance,False
2015-08-12,1.9679919481277466,4.130000114440918,4.179999828338623,4.110000133514404,4.159999847412109,323513791,yfinance,False
2015-08-13,1.9536964893341064,4.099999904632568,4.179999828338623,4.090000152587891,4.119999885559082,381046530,yfinance,False
2015-08-14,1.963226556777954,4.119999885559082,4.150000095367432,4.099999904632568,4.119999885559082,177536816,yfinance,False
2015-08-17,1.9441660642623901,4.079999923706055,4.139999866485596,4.03000020980835,4.139999866485596,235496390,yfinance,False
2015-08-18,1.9203410148620605,4.03000020980835,4.130000114440918,4.010000228881836,4.119999885559082,247429400,yfinance,False
2015-08-19,1.9060449600219727,4.0,4.090000152587891,4.0,4.050000190734863,325131719,yfinance,False
2015-08-20,1.882219672203064,3.950000047683716,3.990000009536743,3.859999895095825,3.950000047683716,419902503,yfinance,False
2015-08-21,1.8440988063812256,3.869999885559082,3.9000000953674316,3.819999933242798,3.880000114440918,415909395,yfinance,False
2015-08-24,1.7630921602249146,3.700000047683716,3.759999990463257,3.6500000953674316,3.700000047683716,644720755,yfinance,False
2015-08-25,1.7202056646347046,3.609999895095825,3.740000009536743,3.549999952316284,3.6500000953674316,734090934,yfinance,False
2015-08-26,1.6820847988128662,3.5299999713897705,3.6600000858306885,3.5199999809265137,3.609999895095825,688468023,yfinance,False
2015-08-27,1.7535617351531982,3.680000066757202,3.7200000286102295,3.5999999046325684,3.6500000953674316,538668127,yfinance,False
2015-08-28,1.6916152238845825,3.549999952316284,3.809999942779541,3.5299999713897705,3.809999942779541,560090896,yfinance,False
2015-08-31,1.6868500709533691,3.5399999618530273,3.5799999237060547,3.5,3.549999952316284,650759211,yfinance,False
2015-09-01,1.6391987800598145,3.440000057220459,3.5299999713897705,3.4200000762939453,3.5299999713897705,462719494,yfinance,False
2015-09-02,1.601077914237976,3.359999895095825,3.430000066757202,3.319999933242798,3.4000000953674316,492141360,yfinance,False
2015-09-04,1.582017421722412,3.319999933242798,3.4000000953674316,3.299999952316284,3.369999885559082,419188685,yfinance,False
2015-09-07,1.5534271001815796,3.259999990463257,3.369999885559082,3.25,3.299999952316284,329213631,yfinance,False
2015-09-08,1.610608458518982,3.380000114440918,3.430000066757202,3.25,3.25,448664024,yfinance,False
2015-09-09,1.729736089706421,3.630000114440918,3.690000057220459,3.450000047683716,3.4700000286102295,644561420,yfinance,False
2015-09-10,1.6630243062973022,3.490000009536743,3.5799999237060547,3.4700000286102295,3.5,571764620,yfinance,False
2015-09-11,1.7011454105377197,3.569999933242798,3.630000114440918,3.5,3.5199999809265137,560887095,yfinance,False
2015-09-14,1.7011454105377197,3.569999933242798,3.640000104904175,3.549999952316284,3.5999999046325684,329505446,yfinance,False
2015-09-15,1.7011454105377197,3.569999933242798,3.5899999141693115,3.5399999618530273,3.569999933242798,187177461,yfinance,False
2015-09-16,1.729736089706421,3.630000114440918,3.680000066757202,3.559999942779541,3.5999999046325684,442772975,yfinance,False
2015-09-17,1.7011454105377197,3.569999933242798,3.680000066757202,3.559999942779541,3.6600000858306885,394340234,yfinance,False
2015-09-18,1.6868500709533691,3.5399999618530273,3.5999999046325684,3.5299999713897705,3.559999942779541,338057691,yfinance,False
2015-09-21,1.6820847988128662,3.5299999713897705,3.549999952316284,3.4600000381469727,3.5,233389612,yfinance,False
2015-09-22,1.6630243062973022,3.490000009536743,3.569999933242798,3.4700000286102295,3.5299999713897705,232400762,yfinance,False
2015-09-23,1.6153733730316162,3.390000104904175,3.4600000381469727,3.309999942779541,3.4600000381469727,470030473,yfinance,False
2015-09-24,1.601077914237976,3.359999895095825,3.4000000953674316,3.3299999237060547,3.390000104904175,265814185,yfinance,False
2015-09-25,1.610608458518982,3.380000114440918,3.440000057220459,3.3299999237060547,3.3299999237060547,319243764,yfinance,False
2015-09-29,1.5724875926971436,3.299999952316284,3.309999942779541,3.259999990463257,3.299999952316284,462457086,yfinance,False
2015-09-30,1.5867828130722046,3.3299999237060547,3.369999885559082,3.299999952316284,3.319999933242798,383689924,yfinance,False
2015-10-02,1.6153733730316162,3.390000104904175,3.430000066757202,3.3399999141693115,3.380000114440918,357297065,yfinance,False
2015-10-05,1.6391987800598145,3.440000057220459,3.4600000381469727,3.4200000762939453,3.4600000381469727,183142339,yfinance,False
2015-10-06,1.6391987800598145,3.440000057220459,3.5,3.4100000858306885,3.4800000190734863,185513156,yfinance,False
2015-10-07,1.7202056646347046,3.609999895095825,3.640000104904175,3.4200000762939453,3.4200000762939453,558242954,yfinance,False
2015-10-08,1.7106757164001465,3.5899999141693115,3.619999885559082,3.5399999618530273,3.619999885559082,319480046,yfinance,False
2015-10-09,1.7392666339874268,3.6500000953674316,3.740000009536743,3.630000114440918,3.6500000953674316,468964653,yfinance,False
2015-10-12,1.7630921602249146,3.700000047683716,3.7300000190734863,3.6600000858306885,3.680000066757202,323109535,yfinance,False
2015-10-13,1.744031548500061,3.6600000858306885,3.7100000381469727,3.630000114440918,3.7100000381469727,259234156,yfinance,False
2015-10-14,1.7202056646347046,3.609999895095825,3.6600000858306885,3.5999999046325684,3.609999895095825,213574860,yfinance,False
2015-10-15,1.7630921602249146,3.700000047683716,3.7300000190734863,3.630000114440918,3.630000114440918,302425539,yfinance,False
2015-10-16,1.7773874998092651,3.7300000190734863,3.75,3.7100000381469727,3.740000009536743,334316425,yfinance,False
2015-10-19,1.796447992324829,3.7699999809265137,3.7899999618530273,3.700000047683716,3.7300000190734863,201105567,yfinance,False
2015-10-20,1.782152533531189,3.740000009536743,3.7699999809265137,3.7200000286102295,3.740000009536743,250032582,yfinance,False
2015-10-22,1.8059779405593872,3.7899999618530273,3.799999952316284,3.7100000381469727,3.740000009536743,216528833,yfinance,False
2015-10-23,1.8250383138656616,3.8299999237060547,3.859999895095825,3.809999942779541,3.8499999046325684,253335129,yfinance,False
2015-10-26,1.8155077695846558,3.809999942779541,3.880000114440918,3.7799999713897705,3.869999885559082,319134173,yfinance,False
2015-10-27,1.8155077695846558,3.809999942779541,3.809999942779541,3.7300000190734863,3.7699999809265137,288933484,yfinance,False
2015-10-28,1.7773874998092651,3.7300000190734863,3.809999942779541,3.700000047683716,3.809999942779541,252454879,yfinance,False
2015-10-29,1.772621989250183,3.7200000286102295,3.759999990463257,3.680000066757202,3.759999990463257,231928956,yfinance,False
2015-10-30,1.7487967014312744,3.6700000762939453,3.7200000286102295,3.6500000953674316,3.680000066757202,271918443,yfinance,False
2015-11-02,1.7011454105377197,3.569999933242798,3.640000104904175,3.549999952316284,3.5999999046325684,368068553,yfinance,False
2015-11-03,1.6963802576065063,3.559999942779541,3.630000114440918,3.549999952316284,3.5999999046325684,388072352,yfinance,False
2015-11-04,1.729736089706421,3.630000114440918,3.7100000381469727,3.549999952316284,3.559999942779541,545133240,yfinance,False
2015-11-05,1.7392666339874268,3.6500000953674316,3.6700000762939453,3.5999999046325684,3.609999895095825,257847300,yfinance,False
2015-11-06,1.7106757164001465,3.5899999141693115,3.630000114440918,3.5899999141693115,3.609999895095825,225741519,yfinance,False
2015-11-09,1.705910563468933,3.5799999237060547,3.6500000953674316,3.5399999618530273,3.549999952316284,391004895,yfinance,False
2015-11-10,1.672554850578308,3.509999990463257,3.559999942779541,3.509999990463257,3.5399999618530273,416238649,yfinance,False
2015-11-11,1.6630243062973022,3.490000009536743,3.5199999809265137,3.4700000286102295,3.5,429124208,yfinance,False
2015-11-12,1.6820847988128662,3.5299999713897705,3.569999933242798,3.4800000190734863,3.4800000190734863,476404268,yfinance,False
2015-11-13,1.6582592725753784,3.4800000190734863,3.5,3.4600000381469727,3.4800000190734863,416380798,yfinance,False
2015-11-16,1.6344338655471802,3.430000066757202,3.4600000381469727,3.4100000858306885,3.4200000762939453,404908013,yfinance,False
2015-11-17,1.6582592725753784,3.4800000190734863,3.5399999618530273,3.4600000381469727,3.490000009536743,335204480,yfinance,False
2015-11-18,1.6487294435501099,3.4600000381469727,3.5,3.450000047683716,3.4800000190734863,219205148,yfinance,False
2015-11-19,1.6773195266723633,3.5199999809265137,3.5399999618530273,3.5,3.509999990463257,230573585,yfinance,False
2015-11-20,1.6916152238845825,3.549999952316284,3.5799999237060547,3.5,3.5299999713897705,221604690,yfinance,False
2015-11-23,1.6868500709533691,3.5399999618530273,3.5799999237060547,3.5199999809265137,3.569999933242798,165319242,yfinance,False
2015-11-24,1.672554850578308,3.509999990463257,3.5299999713897705,3.4600000381469727,3.5199999809265137,233220151,yfinance,False
2015-11-25,1.6630243062973022,3.490000009536743,3.5299999713897705,3.4700000286102295,3.4800000190734863,295401042,yfinance,False
2015-11-26,1.6677896976470947,3.5,3.5799999237060547,3.4800000190734863,3.549999952316284,235572503,yfinance,False
2015-11-27,1.643964171409607,3.450000047683716,3.5199999809265137,3.440000057220459,3.5,432073772,yfinance,False
2015-11-30,1.6391987800598145,3.440000057220459,3.490000009536743,3.4100000858306885,3.430000066757202,481914610,yfinance,False
2015-12-01,1.6677896976470947,3.5,3.549999952316284,3.450000047683716,3.450000047683716,403223289,yfinance,False
2015-12-02,1.6773195266723633,3.5199999809265137,3.5399999618530273,3.4800000190734863,3.509999990463257,303298067,yfinance,False
2015-12-03,1.672554850578308,3.509999990463257,3.5299999713897705,3.4800000190734863,3.5,185845100,yfinance,False
2015-12-04,1.6534942388534546,3.4700000286102295,3.490000009536743,3.450000047683716,3.4700000286102295,313262635,yfinance,False
2015-12-07,1.6391987800598145,3.440000057220459,3.5,3.430000066757202,3.5,247198513,yfinance,False
2015-12-08,1.6249035596847534,3.4100000858306885,3.430000066757202,3.380000114440918,3.4200000762939453,362037451,yfinance,False
2015-12-09,1.601077914237976,3.359999895095825,3.390000104904175,3.359999895095825,3.369999885559082,357654221,yfinance,False
2015-12-10,1.5867828130722046,3.3299999237060547,3.390000104904175,3.319999933242798,3.3499999046325684,377971653,yfinance,False
2015-12-11,1.5867828130722046,3.3299999237060547,3.3399999141693115,3.299999952316284,3.319999933242798,276898941,yfinance,False
2015-12-14,1.5867828130722046,3.3299999237060547,3.359999895095825,3.2799999713897705,3.299999952316284,344227888,yfinance,False
2015-12-15,1.5867828130722046,3.3299999237060547,3.380000114440918,3.299999952316284,3.309999942779541,254643370,yfinance,False
2015-12-16,1.62013840675354,3.4000000953674316,3.440000057220459,3.369999885559082,3.380000114440918,282388153,yfinance,False
2015-12-17,1.6487294435501099,3.4600000381469727,3.5,3.4200000762939453,3.450000047683716,274807339,yfinance,False
2015-12-18,1.643964171409607,3.450000047683716,3.490000009536743,3.4100000858306885,3.4200000762939453,315501946,yfinance,False
2015-12-21,1.6534942388534546,3.4700000286102295,3.490000009536743,3.4000000953674316,3.4000000953674316,248453548,yfinance,False
2015-12-22,1.6534942388534546,3.4700000286102295,3.490000009536743,3.450000047683716,3.4700000286102295,162085817,yfinance,False
2015-12-23,1.672554850578308,3.509999990463257,3.5299999713897705,3.4600000381469727,3.4800000190734863,181644884,yfinance,False
2015-12-24,1.6677896976470947,3.5,3.5299999713897705,3.5,3.5299999713897705,137698064,yfinance,False
2015-12-28,1.6630243062973022,3.490000009536743,3.5299999713897705,3.450000047683716,3.5299999713897705,230124529,yfinance,False
2015-12-29,1.672554850578308,3.509999990463257,3.5199999809265137,3.4700000286102295,3.4800000190734863,151256051,yfinance,False
2015-12-30,1.6487294435501099,3.4600000381469727,3.5299999713897705,3.440000057220459,3.5199999809265137,281839190,yfinance,False
2015-12-31,1.6487294435501099,3.4600000381469727,3.4800000190734863,3.450000047683716,3.4600000381469727,89343803,yfinance,False
2016-01-04,1.601077914237976,3.359999895095825,3.450000047683716,3.319999933242798,3.440000057220459,367349425,yfinance,False
2016-01-05,1.5963128805160522,3.3499999046325684,3.4100000858306885,3.319999933242798,3.3499999046325684,244626082,yfinance,False
2016-01-06,1.582017421722412,3.319999933242798,3.359999895095825,3.319999933242798,3.319999933242798,299349246,yfinance,False
2016-01-07,1.5343666076660156,3.2200000286102295,3.309999942779541,3.200000047683716,3.2899999618530273,580301935,yfinance,False
2016-01-08,1.5343666076660156,3.2200000286102295,3.2799999713897705,3.2100000381469727,3.259999990463257,537973193,yfinance,False
2016-01-11,1.4867151975631714,3.119999885559082,3.180000066757202,3.0999999046325684,3.1500000953674316,533120930,yfinance,False
2016-01-12,1.4819504022598267,3.109999895095825,3.1700000762939453,3.0899999141693115,3.140000104904175,394970006,yfinance,False
2016-01-13,1.4867151975631714,3.119999885559082,3.200000047683716,3.0999999046325684,3.140000104904175,385338436,yfinance,False
2016-01-14,1.4819504022598267,3.109999895095825,3.140000104904175,3.049999952316284,3.059999942779541,294572281,yfinance,False
2016-01-15,1.448594331741333,3.0399999618530273,3.119999885559082,3.0299999713897705,3.109999895095825,473485111,yfinance,False
2016-01-18,1.4247690439224243,2.990000009536743,3.0299999713897705,2.9700000286102295,3.0,463902431,yfinance,False
2016-01-19,1.4533593654632568,3.049999952316284,3.0799999237060547,2.990000009536743,2.990000009536743,382412093,yfinance,False
2016-01-20,1.4200037717819214,2.9800000190734863,3.0399999618530273,2.950000047683716,3.0,448478275,yfinance,False
2016-01-21,1.3961780071258545,2.930000066757202,3.0399999618530273,2.9200000762939453,3.0,453353922,yfinance,False
2016-01-22,1.4390641450881958,3.0199999809265137,3.0399999618530273,2.9700000286102295,3.0,406616557,yfinance,False
2016-01-25,1.4390641450881958,3.0199999809265137,3.0799999237060547,2.990000009536743,3.049999952316284,301639066,yfinance,False
2016-01-26,1.4104737043380737,2.9600000381469727,3.009999990463257,2.930000066757202,3.0,338663802,yfinance,False
2016-01-27,1.4057083129882812,2.950000047683716,2.990000009536743,2.930000066757202,2.990000009536743,421476484,yfinance,False
2016-01-28,1.4057083129882812,2.950000047683716,2.9800000190734863,2.9100000858306885,2.950000047683716,453412198,yfinance,False
2016-01-29,1.448594331741333,3.0399999618530273,3.059999942779541,2.9200000762939453,2.930000066757202,442703513,yfinance,False
2016-02-01,1.4438294172286987,3.0299999713897705,3.069999933242798,2.990000009536743,3.049999952316284,237246235,yfinance,False
2016-02-02,1.4247690439224243,2.990000009536743,3.0299999713897705,2.9800000190734863,2.9800000190734863,218533805,yfinance,False
2016-02-03,1.4009432792663574,2.940000057220459,2.9700000286102295,2.9200000762939453,2.950000047683716,331577314,yfinance,False
2016-02-04,1.434299111366272,3.009999990463257,3.0399999618530273,2.9700000286102295,2.990000009536743,226674202,yfinance,False
2016-02-05,1.4581246376037598,3.059999942779541,3.0799999237060547,3.0,3.0,195977735,yfinance,False
2016-02-11,1.4009432792663574,2.940000057220459,2.990000009536743,2.9000000953674316,2.930000066757202,257420004,yfinance,False
2016-02-12,1.3532922267913818,2.8399999141693115,2.930000066757202,2.8299999237060547,2.9000000953674316,540326179,yfinance,False
2016-02-15,1.3914129734039307,2.9200000762939453,2.950000047683716,2.880000114440918,2.890000104904175,397162123,yfinance,False
2016-02-16,1.4200037717819214,2.9800000190734863,3.0199999809265137,2.940000057220459,2.9600000381469727,379653703,yfinance,False
2016-02-17,1.3914129734039307,2.9200000762939453,3.0299999713897705,2.9100000858306885,2.9800000190734863,324794903,yfinance,False
2016-02-18,1.415238618850708,2.9700000286102295,3.0199999809265137,2.940000057220459,3.009999990463257,352250075,yfinance,False
2016-02-19,1.4009432792663574,2.940000057220459,2.9700000286102295,2.9200000762939453,2.940000057220459,256282969,yfinance,False
2016-02-22,1.4247690439224243,2.990000009536743,3.0,2.950000047683716,2.950000047683716,206457555,yfinance,False
2016-02-23,1.4104737043380737,2.9600000381469727,3.0,2.950000047683716,2.990000009536743,186010666,yfinance,False
2016-02-24,1.4009432792663574,2.940000057220459,2.9600000381469727,2.9100000858306885,2.930000066757202,196360673,yfinance,False
2016-02-25,1.3771177530288696,2.890000104904175,2.940000057220459,2.880000114440918,2.930000066757202,219867463,yfinance,False
2016-02-26,1.4009432792663574,2.940000057220459,2.9700000286102295,2.9000000953674316,2.930000066757202,225239778,yfinance,False
2016-02-29,1.3866479396820068,2.9100000858306885,2.930000066757202,2.9000000953674316,2.9100000858306885,198560673,yfinance,False
2016-03-01,1.4104737043380737,2.9600000381469727,2.9700000286102295,2.9100000858306885,2.940000057220459,247764509,yfinance,False
2016-03-02,1.4628897905349731,3.069999933242798,3.0799999237060547,3.0,3.0,437584819,yfinance,False
2016-03-03,1.4581246376037598,3.059999942779541,3.0999999046325684,3.0399999618530273,3.0799999237060547,237112210,yfinance,False
2016-03-04,1.4771852493286133,3.0999999046325684,3.109999895095825,3.059999942779541,3.0899999141693115,348918932,yfinance,False
2016-03-07,1.5010106563568115,3.1500000953674316,3.180000066757202,3.130000114440918,3.140000104904175,344416266,yfinance,False
2016-03-08,1.4771852493286133,3.0999999046325684,3.1500000953674316,3.069999933242798,3.140000104904175,217646121,yfinance,False
2016-03-09,1.4724197387695312,3.0899999141693115,3.0899999141693115,3.049999952316284,3.0799999237060547,167920914,yfinance,False
2016-03-10,1.467654824256897,3.0799999237060547,3.140000104904175,3.069999933242798,3.0999999046325684,222485835,yfinance,False
2016-03-11,1.4819504022598267,3.109999895095825,3.130000114440918,3.0399999618530273,3.049999952316284,435751531,yfinance,False
2016-03-14,1.5010106563568115,3.1500000953674316,3.1600000858306885,3.130000114440918,3.140000104904175,252632702,yfinance,False
2016-03-15,1.4914805889129639,3.130000114440918,3.1500000953674316,3.109999895095825,3.1500000953674316,161231138,yfinance,False
2016-03-16,1.4914805889129639,3.130000114440918,3.1700000762939453,3.0899999141693115,3.1500000953674316,190097930,yfinance,False
2016-03-17,1.5153061151504517,3.180000066757202,3.200000047683716,3.1600000858306885,3.180000066757202,225255389,yfinance,False
2016-03-18,1.5248364210128784,3.200000047683716,3.2200000286102295,3.1500000953674316,3.180000066757202,316587413,yfinance,False
2016-03-21,1.520071029663086,3.190000057220459,3.2200000286102295,3.180000066757202,3.200000047683716,221693035,yfinance,False
2016-03-22,1.520071029663086,3.190000057220459,3.200000047683716,3.1600000858306885,3.180000066757202,195820511,yfinance,False
2016-03-23,1.5153061151504517,3.180000066757202,3.2100000381469727,3.1600000858306885,3.190000057220459,171982448,yfinance,False
2016-03-24,1.4962457418441772,3.140000104904175,3.180000066757202,3.119999885559082,3.140000104904175,194116768,yfinance,False
2016-03-29,1.5010106563568115,3.1500000953674316,3.1600000858306885,3.119999885559082,3.1500000953674316,188331087,yfinance,False
2016-03-30,1.5486615896224976,3.25,3.2699999809265137,3.180000066757202,3.190000057220459,345316024,yfinance,False
2016-03-31,1.5343666076660156,3.2200000286102295,3.2799999713897705,3.190000057220459,3.259999990463257,321583636,yfinance,False
2016-04-01,1.520071029663086,3.190000057220459,3.2200000286102295,3.1600000858306885,3.2100000381469727,298446354,yfinance,False
2016-04-05,1.4819504022598267,3.109999895095825,3.1500000953674316,3.0899999141693115,3.119999885559082,342468814,yfinance,False
2016-04-06,1.467654824256897,3.0799999237060547,3.130000114440918,3.059999942779541,3.0799999237060547,266347095,yfinance,False
2016-04-07,1.4533593654632568,3.049999952316284,3.109999895095825,3.009999990463257,3.0899999141693115,288859434,yfinance,False
2016-04-08,1.467654824256897,3.0799999237060547,3.0899999141693115,3.009999990463257,3.009999990463257,326760729,yfinance,False
2016-04-11,1.4724197387695312,3.0899999141693115,3.109999895095825,3.049999952316284,3.069999933242798,195208740,yfinance,False
2016-04-12,1.4771852493286133,3.0999999046325684,3.130000114440918,3.0799999237060547,3.0899999141693115,141593917,yfinance,False
2016-04-13,1.5296012163162231,3.2100000381469727,3.2300000190734863,3.119999885559082,3.130000114440918,342858337,yfinance,False
2016-04-14,1.5438966751098633,3.240000009536743,3.299999952316284,3.2300000190734863,3.2799999713897705,371762782,yfinance,False
2016-04-15,1.5438966751098633,3.240000009536743,3.2699999809265137,3.2100000381469727,3.2300000190734863,229785856,yfinance,False
2016-04-18,1.520071029663086,3.190000057220459,3.2100000381469727,3.1500000953674316,3.200000047683716,229820063,yfinance,False
2016-04-19,1.5534271001815796,3.259999990463257,3.2699999809265137,3.2200000286102295,3.240000009536743,263614031,yfinance,False
2016-04-20,1.5438966751098633,3.240000009536743,3.2699999809265137,3.200000047683716,3.259999990463257,257858970,yfinance,False
2016-04-21,1.5534271001815796,3.259999990463257,3.2799999713897705,3.2200000286102295,3.240000009536743,278874288,yfinance,False
2016-04-22,1.5248364210128784,3.200000047683716,3.2300000190734863,3.180000066757202,3.2100000381469727,233353366,yfinance,False
2016-04-25,1.5105407238006592,3.1700000762939453,3.2100000381469727,3.1500000953674316,3.200000047683716,210885220,yfinance,False
2016-04-26,1.5248364210128784,3.200000047683716,3.2200000286102295,3.130000114440918,3.200000047683716,203326670,yfinance,False
2016-04-27,1.5248364210128784,3.200000047683716,3.2300000190734863,3.1700000762939453,3.180000066757202,192789009,yfinance,False
2016-04-28,1.5391316413879395,3.2300000190734863,3.259999990463257,3.180000066757202,3.2200000286102295,256988842,yfinance,False
2016-04-29,1.5105407238006592,3.1700000762939453,3.200000047683716,3.1500000953674316,3.180000066757202,241467466,yfinance,False
2016-05-03,1.4867151975631714,3.119999885559082,3.1600000858306885,3.109999895095825,3.1500000953674316,235515166,yfinance,False
2016-05-04,1.467654824256897,3.0799999237060547,3.0999999046325684,3.069999933242798,3.0899999141693115,233335957,yfinance,False
2016-05-05,1.4628897905349731,3.069999933242798,3.0799999237060547,3.049999952316284,3.059999942779541,176540181,yfinance,False
2016-05-06,1.4390641450881958,3.0199999809265137,3.049999952316284,3.0199999809265137,3.0299999713897705,247943188,yfinance,False
2016-05-09,1.4390641450881958,3.0199999809265137,3.049999952316284,3.009999990463257,3.049999952316284,217710672,yfinance,False
2016-05-10,1.4533593654632568,3.049999952316284,3.049999952316284,3.0,3.0,189207731,yfinance,False
2016-05-11,1.4390641450881958,3.0199999809265137,3.059999942779541,3.009999990463257,3.049999952316284,202763115,yfinance,False
2016-05-12,1.4295337200164795,3.0,3.0199999809265137,3.0,3.009999990463257,195339153,yfinance,False
2016-05-13,1.4200037717819214,2.9800000190734863,3.0199999809265137,2.9700000286102295,3.0,275737681,yfinance,False
2016-05-16,1.4200037717819214,2.9800000190734863,3.0199999809265137,2.9600000381469727,2.9700000286102295,277194025,yfinance,False
2016-05-17,1.4390641450881958,3.0199999809265137,3.0299999713897705,2.9700000286102295,2.990000009536743,277234165,yfinance,False
2016-05-18,1.4247690439224243,2.990000009536743,3.009999990463257,2.9700000286102295,2.9800000190734863,187849393,yfinance,False
2016-05-19,1.415238618850708,2.9700000286102295,2.990000009536743,2.9600000381469727,2.9700000286102295,168439748,yfinance,False
2016-05-20,1.434299111366272,3.009999990463257,3.0199999809265137,2.9700000286102295,2.990000009536743,252945726,yfinance,False
2016-05-23,1.4438294172286987,3.0299999713897705,3.059999942779541,2.990000009536743,2.990000009536743,227186470,yfinance,False
2016-05-24,1.4438294172286987,3.0299999713897705,3.0299999713897705,3.0,3.0199999809265137,171672708,yfinance,False
2016-05-25,1.4914805889129639,3.130000114440918,3.130000114440918,3.059999942779541,3.069999933242798,397121105,yfinance,False
2016-05-26,1.4819504022598267,3.109999895095825,3.130000114440918,3.059999942779541,3.109999895095825,279887227,yfinance,False
2016-05-27,1.4962457418441772,3.140000104904175,3.1500000953674316,3.0799999237060547,3.119999885559082,278486712,yfinance,False
2016-05-30,1.505775809288025,3.1600000858306885,3.1700000762939453,3.119999885559082,3.130000114440918,354995167,yfinance,False
2016-05-31,1.505775809288025,3.1600000858306885,3.200000047683716,3.1500000953674316,3.1600000858306885,539154632,yfinance,False
2016-06-01,1.5105407238006592,3.1700000762939453,3.190000057220459,3.140000104904175,3.140000104904175,214594202,yfinance,False
2016-06-02,1.5248364210128784,3.200000047683716,3.200000047683716,3.1600000858306885,3.190000057220459,202690122,yfinance,False
2016-06-03,1.5343666076660156,3.2200000286102295,3.2300000190734863,3.200000047683716,3.2200000286102295,305171754,yfinance,False
2016-06-06,1.5486615896224976,3.25,3.259999990463257,3.200000047683716,3.2300000190734863,223080954,yfinance,False
2016-06-07,1.5629572868347168,3.2799999713897705,3.2899999618530273,3.25,3.2699999809265137,351647360,yfinance,False
2016-06-08,1.5772523880004883,3.309999942779541,3.3299999237060547,3.2699999809265137,3.299999952316284,287017829,yfinance,False
2016-06-10,1.5534271001815796,3.259999990463257,3.319999933242798,3.240000009536743,3.309999942779541,304991957,yfinance,False
2016-06-13,1.520071029663086,3.190000057220459,3.2200000286102295,3.1700000762939453,3.2100000381469727,526767214,yfinance,False
2016-06-14,1.5296012163162231,3.2100000381469727,3.25,3.1600000858306885,3.180000066757202,330705454,yfinance,False
2016-06-15,1.5296012163162231,3.2100000381469727,3.240000009536743,3.1600000858306885,3.1700000762939453,457494526,yfinance,False
2016-06-16,1.507675051689148,2.9600000381469727,3.009999990463257,2.950000047683716,3.0,384019125,yfinance,False
2016-06-17,1.507675051689148,2.9600000381469727,3.009999990463257,2.940000057220459,2.9700000286102295,441457927,yfinance,False
2016-06-20,1.5280486345291138,3.0,3.0,2.9600000381469727,2.990000009536743,311450438,yfinance,False
2016-06-21,1.5433293581008911,3.0299999713897705,3.0399999618530273,2.990000009536743,3.0,297829478,yfinance,False
2016-06-22,1.5637032985687256,3.069999933242798,3.0799999237060547,3.009999990463257,3.0199999809265137,247854012,yfinance,False
2016-06-23,1.5586098432540894,3.059999942779541,3.0999999046325684,3.049999952316284,3.0899999141693115,292193645,yfinance,False
2016-06-24,1.5178618431091309,2.9800000190734863,3.0799999237060547,2.9000000953674316,3.0,658638217,yfinance,False
2016-06-27,1.533142328262329,3.009999990463257,3.0199999809265137,2.9200000762939453,2.930000066757202,269035848,yfinance,False
2016-06-28,1.512768268585205,2.9700000286102295,2.9800000190734863,2.950000047683716,2.9600000381469727,357865409,yfinance,False
2016-06-29,1.5433293581008911,3.0299999713897705,3.0399999618530273,2.9800000190734863,2.990000009536743,275169555,yfinance,False
2016-06-30,1.573889970779419,3.0899999141693115,3.0999999046325684,3.049999952316284,3.0799999237060547,388143261,yfinance,False
2016-07-04,1.5993579626083374,3.140000104904175,3.1500000953674316,3.109999895095825,3.1500000953674316,310683118,yfinance,False
2016-07-05,1.5687967538833618,3.0799999237060547,3.119999885559082,3.069999933242798,3.0999999046325684,179707978,yfinance,False
2016-07-06,1.5433293581008911,3.0299999713897705,3.049999952316284,3.009999990463257,3.0399999618530273,268844148,yfinance,False
2016-07-07,1.5586098432540894,3.059999942779541,3.0799999237060547,3.0399999618530273,3.049999952316284,156327189,yfinance,False
2016-07-08,1.5433293581008911,3.0299999713897705,3.059999942779541,3.009999990463257,3.0399999618530273,177526509,yfinance,False
2016-07-11,1.573889970779419,3.0899999141693115,3.0999999046325684,3.069999933242798,3.0999999046325684,213488513,yfinance,False
2016-07-12,1.5942643880844116,3.130000114440918,3.140000104904175,3.0799999237060547,3.0899999141693115,362317388,yfinance,False
2016-07-13,1.5840774774551392,3.109999895095825,3.1700000762939453,3.0999999046325684,3.1600000858306885,371568887,yfinance,False
2016-07-14,1.614638090133667,3.1700000762939453,3.180000066757202,3.0999999046325684,3.109999895095825,350221522,yfinance,False
2016-07-15,1.6197319030761719,3.180000066757202,3.200000047683716,3.1600000858306885,3.1600000858306885,333933238,yfinance,False
2016-07-18,1.6299189329147339,3.200000047683716,3.200000047683716,3.1700000762939453,3.200000047683716,166746510,yfinance,False
2016-07-19,1.614638090133667,3.1700000762939453,3.200000047683716,3.1600000858306885,3.190000057220459,192252920,yfinance,False
2016-07-20,1.624825119972229,3.190000057220459,3.190000057220459,3.1500000953674316,3.1600000858306885,173469418,yfinance,False
2016-07-21,1.6197319030761719,3.180000066757202,3.2100000381469727,3.1700000762939453,3.200000047683716,233693817,yfinance,False
2016-07-22,1.624825119972229,3.190000057220459,3.190000057220459,3.1500000953674316,3.1600000858306885,159368456,yfinance,False
2016-07-25,1.6299189329147339,3.200000047683716,3.200000047683716,3.1700000762939453,3.200000047683716,120607891,yfinance,False
2016-07-26,1.635012149810791,3.2100000381469727,3.240000009536743,3.1700000762939453,3.180000066757202,249480378,yfinance,False
2016-07-27,1.655385971069336,3.25,3.25,3.190000057220459,3.2200000286102295,295292337,yfinance,False
2016-07-28,1.640105962753296,3.2200000286102295,3.25,3.2100000381469727,3.25,236362946,yfinance,False
2016-07-29,1.624825119972229,3.190000057220459,3.2200000286102295,3.180000066757202,3.200000047683716,215853378,yfinance,False
2016-08-01,1.6604799032211304,3.259999990463257,3.2799999713897705,3.2200000286102295,3.2300000190734863,366936181,yfinance,False
2016-08-02,1.6604799032211304,3.259999990463257,3.259999990463257,3.259999990463257,3.259999990463257,0,yfinance,False
2016-08-03,1.640105962753296,3.2200000286102295,3.240000009536743,3.200000047683716,3.2100000381469727,209543571,yfinance,False
2016-08-04,1.640105962753296,3.2200000286102295,3.259999990463257,3.2200000286102295,3.25,108215188,yfinance,False
2016-08-05,1.6655733585357666,3.2699999809265137,3.2799999713897705,3.240000009536743,3.25,218158665,yfinance,False
2016-08-08,1.685947060585022,3.309999942779541,3.309999942779541,3.2799999713897705,3.299999952316284,257002034,yfinance,False
2016-08-09,1.685947060585022,3.309999942779541,3.3299999237060547,3.299999952316284,3.319999933242798,222116634,yfinance,False
2016-08-10,1.6808539628982544,3.299999952316284,3.3399999141693115,3.299999952316284,3.3399999141693115,223867296,yfinance,False
2016-08-11,1.716507911682129,3.369999885559082,3.390000104904175,3.2799999713897705,3.299999952316284,505128244,yfinance,False
2016-08-12,1.7317885160446167,3.4000000953674316,3.430000066757202,3.390000104904175,3.4000000953674316,447610671,yfinance,False
2016-08-15,1.7725363969802856,3.4800000190734863,3.490000009536743,3.430000066757202,3.450000047683716,582575252,yfinance,False
2016-08-16,1.767443060874939,3.4700000286102295,3.509999990463257,3.440000057220459,3.490000009536743,410001229,yfinance,False
2016-08-17,1.7623499631881714,3.4600000381469727,3.509999990463257,3.4600000381469727,3.509999990463257,323921001,yfinance,False
2016-08-18,1.767443060874939,3.4700000286102295,3.5199999809265137,3.4600000381469727,3.5,373726905,yfinance,False
2016-08-19,1.757256269454956,3.450000047683716,3.5,3.4200000762939453,3.4800000190734863,291884255,yfinance,False
2016-08-22,1.757256269454956,3.450000047683716,3.490000009536743,3.4000000953674316,3.4800000190734863,314048338,yfinance,False
2016-08-23,1.767443060874939,3.4700000286102295,3.4700000286102295,3.430000066757202,3.4600000381469727,216889532,yfinance,False
2016-08-24,1.736881971359253,3.4100000858306885,3.4800000190734863,3.390000104904175,3.4600000381469727,372244932,yfinance,False
2016-08-25,1.736881971359253,3.4100000858306885,3.4600000381469727,3.4000000953674316,3.4100000858306885,236773288,yfinance,False
2016-08-26,1.736881971359253,3.4100000858306885,3.4600000381469727,3.4000000953674316,3.430000066757202,209828080,yfinance,False
2016-08-29,1.7317885160446167,3.4000000953674316,3.440000057220459,3.390000104904175,3.430000066757202,114242642,yfinance,False
2016-08-30,1.757256269454956,3.450000047683716,3.4600000381469727,3.4000000953674316,3.4000000953674316,225521986,yfinance,False
2016-08-31,1.7776298522949219,3.490000009536743,3.5,3.450000047683716,3.4800000190734863,395793098,yfinance,False
2016-09-01,1.808191180229187,3.549999952316284,3.569999933242798,3.4600000381469727,3.4800000190734863,539220923,yfinance,False
2016-09-02,1.81837797164917,3.569999933242798,3.5899999141693115,3.509999990463257,3.509999990463257,429344065,yfinance,False
2016-09-05,1.859126329421997,3.6500000953674316,3.6700000762939453,3.5899999141693115,3.5999999046325684,372164810,yfinance,False
2016-09-06,1.8845938444137573,3.700000047683716,3.700000047683716,3.619999885559082,3.6600000858306885,378808081,yfinance,False
2016-09-07,1.8845938444137573,3.700000047683716,3.7100000381469727,3.6700000762939453,3.680000066757202,372316305,yfinance,False
2016-09-08,1.8845938444137573,3.700000047683716,3.7200000286102295,3.6700000762939453,3.680000066757202,254317022,yfinance,False
2016-09-09,1.8947803974151611,3.7200000286102295,3.7699999809265137,3.690000057220459,3.690000057220459,421359846,yfinance,False
2016-09-12,1.8132845163345337,3.559999942779541,3.640000104904175,3.559999942779541,3.630000114440918,433813444,yfinance,False
2016-09-13,1.7929102182388306,3.5199999809265137,3.640000104904175,3.5199999809265137,3.640000104904175,296263435,yfinance,False
2016-09-14,1.798003911972046,3.5299999713897705,3.559999942779541,3.509999990463257,3.549999952316284,225189284,yfinance,False
2016-09-15,1.808191180229187,3.549999952316284,3.5899999141693115,3.5199999809265137,3.5299999713897705,279364028,yfinance,False
2016-09-19,1.8387519121170044,3.609999895095825,3.6700000762939453,3.5799999237060547,3.5999999046325684,448708722,yfinance,False
2016-09-20,1.8438454866409302,3.619999885559082,3.6500000953674316,3.5899999141693115,3.5999999046325684,297876421,yfinance,False
2016-09-21,1.8693132400512695,3.6700000762939453,3.690000057220459,3.5899999141693115,3.619999885559082,402877396,yfinance,False
2016-09-22,1.848939061164856,3.630000114440918,3.759999990463257,3.609999895095825,3.7200000286102295,606675917,yfinance,False
2016-09-23,1.81837797164917,3.569999933242798,3.6600000858306885,3.559999942779541,3.6600000858306885,353072630,yfinance,False
2016-09-26,1.798003911972046,3.5299999713897705,3.5799999237060547,3.5199999809265137,3.549999952316284,312903398,yfinance,False
2016-09-27,1.8336584568023682,3.5999999046325684,3.630000114440918,3.5199999809265137,3.5299999713897705,379240696,yfinance,False
2016-09-28,1.8438454866409302,3.619999885559082,3.630000114440918,3.5299999713897705,3.569999933242798,384678985,yfinance,False
2016-09-29,1.8387519121170044,3.609999895095825,3.6500000953674316,3.5999999046325684,3.630000114440918,250691332,yfinance,False
2016-09-30,1.8030976057052612,3.5399999618530273,3.5799999237060547,3.5199999809265137,3.549999952316284,273518174,yfinance,False
2016-10-03,1.808191180229187,3.549999952316284,3.5999999046325684,3.549999952316284,3.5899999141693115,140647591,yfinance,False
2016-10-04,1.8336584568023682,3.5999999046325684,3.5999999046325684,3.549999952316284,3.559999942779541,133446760,yfinance,False
2016-10-05,1.8336584568023682,3.5999999046325684,3.640000104904175,3.569999933242798,3.569999933242798,109419629,yfinance,False
2016-10-06,1.8540325164794922,3.640000104904175,3.6700000762939453,3.5999999046325684,3.5999999046325684,210921287,yfinance,False
2016-10-07,1.848939061164856,3.630000114440918,3.6600000858306885,3.609999895095825,3.640000104904175,134924020,yfinance,False
2016-10-11,1.81837797164917,3.569999933242798,3.690000057220459,3.5399999618530273,3.690000057220459,283341083,yfinance,False
2016-10-12,1.767443060874939,3.4700000286102295,3.559999942779541,3.450000047683716,3.549999952316284,413855304,yfinance,False
2016-10-13,1.736881971359253,3.4100000858306885,3.4800000190734863,3.380000114440918,3.4700000286102295,341071623,yfinance,False
2016-10-14,1.7521624565124512,3.440000057220459,3.4600000381469727,3.4000000953674316,3.440000057220459,190951296,yfinance,False
2016-10-17,1.7419757843017578,3.4200000762939453,3.4600000381469727,3.4100000858306885,3.450000047683716,136150945,yfinance,False
2016-10-18,1.7827237844467163,3.5,3.5299999713897705,3.430000066757202,3.430000066757202,238397297,yfinance,False
2016-10-19,1.767443060874939,3.4700000286102295,3.509999990463257,3.450000047683716,3.5,133497153,yfinance,False
2016-10-20,1.7725363969802856,3.4800000190734863,3.5199999809265137,3.4800000190734863,3.490000009536743,91015726,yfinance,False
2016-10-21,1.7725363969802856,3.4800000190734863,3.4800000190734863,3.4800000190734863,3.4800000190734863,0,yfinance,False
2016-10-24,1.8234716653823853,3.5799999237060547,3.5899999141693115,3.450000047683716,3.4800000190734863,302199545,yfinance,False
2016-10-25,1.81837797164917,3.569999933242798,3.5999999046325684,3.559999942779541,3.5899999141693115,228071738,yfinance,False
2016-10-26,1.7929102182388306,3.5199999809265137,3.569999933242798,3.509999990463257,3.549999952316284,127831763,yfinance,False
2016-10-27,1.7725363969802856,3.4800000190734863,3.5399999618530273,3.450000047683716,3.5199999809265137,249189361,yfinance,False
2016-10-28,1.7521624565124512,3.440000057220459,3.490000009536743,3.430000066757202,3.4600000381469727,181604581,yfinance,False
2016-10-31,1.7725363969802856,3.4800000190734863,3.5199999809265137,3.4100000858306885,3.4200000762939453,191857933,yfinance,False
2016-11-01,1.7929102182388306,3.5199999809265137,3.559999942779541,3.490000009536743,3.490000009536743,257028005,yfinance,False
2016-11-02,1.757256269454956,3.450000047683716,3.490000009536743,3.450000047683716,3.4800000190734863,149577568,yfinance,False
2016-11-03,1.7521624565124512,3.440000057220459,3.4800000190734863,3.4200000762939453,3.4200000762939453,187141333,yfinance,False
2016-11-04,1.7521624565124512,3.440000057220459,3.4800000190734863,3.4200000762939453,3.4200000762939453,137932509,yfinance,False
2016-11-07,1.7725363969802856,3.4800000190734863,3.5,3.440000057220459,3.440000057220459,212604446,yfinance,False
2016-11-08,1.7929102182388306,3.5199999809265137,3.5299999713897705,3.4800000190734863,3.509999990463257,134759829,yfinance,False
2016-11-09,1.7317885160446167,3.4000000953674316,3.5399999618530273,3.3299999237060547,3.5399999618530273,747488470,yfinance,False
2016-11-10,1.7623499631881714,3.4600000381469727,3.5,3.450000047683716,3.4700000286102295,273006556,yfinance,False
2016-11-11,1.7419757843017578,3.4200000762939453,3.450000047683716,3.4000000953674316,3.4200000762939453,391612833,yfinance,False
2016-11-14,1.7216018438339233,3.380000114440918,3.4100000858306885,3.3499999046325684,3.4000000953674316,315087293,yfinance,False
2016-11-15,1.72669517993927,3.390000104904175,3.430000066757202,3.359999895095825,3.4000000953674316,199552341,yfinance,False
2016-11-16,1.7114144563674927,3.359999895095825,3.4200000762939453,3.359999895095825,3.4100000858306885,189082062,yfinance,False
2016-11-17,1.7114144563674927,3.359999895095825,3.4000000953674316,3.3499999046325684,3.359999895095825,175153644,yfinance,False
2016-11-18,1.7114144563674927,3.359999895095825,3.369999885559082,3.3299999237060547,3.3499999046325684,157849095,yfinance,False
2016-11-21,1.7114144563674927,3.359999895095825,3.390000104904175,3.3399999141693115,3.359999895095825,236764990,yfinance,False
2016-11-22,1.7470691204071045,3.430000066757202,3.450000047683716,3.369999885559082,3.369999885559082,276087442,yfinance,False
2016-11-23,1.7623499631881714,3.4600000381469727,3.5,3.440000057220459,3.450000047683716,382187764,yfinance,False
2016-11-24,1.7623499631881714,3.4600000381469727,3.4700000286102295,3.4200000762939453,3.430000066757202,194746059,yfinance,False
2016-11-25,1.7827237844467163,3.5,3.5199999809265137,3.450000047683716,3.450000047683716,285910031,yfinance,False
2016-11-28,1.8030976057052612,3.5399999618530273,3.569999933242798,3.5299999713897705,3.5299999713897705,330334278,yfinance,False
2016-11-29,1.7878172397613525,3.509999990463257,3.549999952316284,3.509999990463257,3.5199999809265137,304899598,yfinance,False
2016-11-30,1.798003911972046,3.5299999713897705,3.569999933242798,3.5199999809265137,3.5299999713897705,284549355,yfinance,False
2016-12-01,1.8132845163345337,3.559999942779541,3.5899999141693115,3.5399999618530273,3.549999952316284,279397864,yfinance,False
2016-12-02,1.8030976057052612,3.5399999618530273,3.559999942779541,3.509999990463257,3.5399999618530273,252382308,yfinance,False
2016-12-05,1.7929102182388306,3.5199999809265137,3.5299999713897705,3.4700000286102295,3.509999990463257,279116746,yfinance,False
2016-12-06,1.8030976057052612,3.5399999618530273,3.569999933242798,3.5299999713897705,3.5399999618530273,201847607,yfinance,False
2016-12-07,1.8132845163345337,3.559999942779541,3.5799999237060547,3.549999952316284,3.559999942779541,157487180,yfinance,False
2016-12-08,1.8336584568023682,3.5999999046325684,3.6500000953674316,3.5899999141693115,3.5999999046325684,428447662,yfinance,False
2016-12-09,1.8336584568023682,3.5999999046325684,3.630000114440918,3.569999933242798,3.5899999141693115,215271128,yfinance,False
2016-12-12,1.8030976057052612,3.5399999618530273,3.630000114440918,3.5299999713897705,3.609999895095825,267823245,yfinance,False
2016-12-13,1.7929102182388306,3.5199999809265137,3.559999942779541,3.5,3.5299999713897705,242085259,yfinance,False
2016-12-14,1.7929102182388306,3.5199999809265137,3.549999952316284,3.5199999809265137,3.5399999618530273,195555236,yfinance,False
2016-12-15,1.757256269454956,3.450000047683716,3.490000009536743,3.4200000762939453,3.4700000286102295,461645531,yfinance,False
2016-12-16,1.7623499631881714,3.4600000381469727,3.490000009536743,3.430000066757202,3.450000047683716,290415091,yfinance,False
2016-12-19,1.7419757843017578,3.4200000762939453,3.440000057220459,3.4000000953674316,3.430000066757202,205135261,yfinance,False
2016-12-20,1.7216018438339233,3.380000114440918,3.4100000858306885,3.369999885559082,3.390000104904175,244110045,yfinance,False
2016-12-21,1.7216018438339233,3.380000114440918,3.4100000858306885,3.380000114440918,3.390000104904175,207847556,yfinance,False
2016-12-22,1.7114144563674927,3.359999895095825,3.380000114440918,3.3299999237060547,3.369999885559082,359321871,yfinance,False
2016-12-23,1.706321120262146,3.3499999046325684,3.359999895095825,3.319999933242798,3.3299999237060547,234196811,yfinance,False
2016-12-28,1.72669517993927,3.390000104904175,3.4200000762939453,3.319999933242798,3.3299999237060547,306441887,yfinance,False
2016-12-29,1.7317885160446167,3.4000000953674316,3.4200000762939453,3.359999895095825,3.359999895095825,267903912,yfinance,False
2016-12-30,1.7521624565124512,3.440000057220459,3.4700000286102295,3.4000000953674316,3.4000000953674316,296777962,yfinance,False
2017-01-03,1.7725363969802856,3.4800000190734863,3.5,3.4000000953674316,3.440000057220459,251355166,yfinance,False
2017-01-04,1.7623499631881714,3.4600000381469727,3.5,3.450000047683716,3.4700000286102295,210589664,yfinance,False
2017-01-05,1.7827237844467163,3.5,3.509999990463257,3.4600000381469727,3.4800000190734863,337914539,yfinance,False
2017-01-06,1.7929102182388306,3.5199999809265137,3.5399999618530273,3.490000009536743,3.509999990463257,241386708,yfinance,False
2017-01-09,1.7827237844467163,3.5,3.5399999618530273,3.490000009536743,3.509999990463257,172967834,yfinance,False
2017-01-10,1.7878172397613525,3.509999990463257,3.5299999713897705,3.490000009536743,3.509999990463257,228552290,yfinance,False
2017-01-11,1.798003911972046,3.5299999713897705,3.5399999618530273,3.5,3.5299999713897705,167087901,yfinance,False
2017-01-12,1.7929102182388306,3.5199999809265137,3.5399999618530273,3.5,3.5299999713897705,209398653,yfinance,False
2017-01-13,1.8030976057052612,3.5399999618530273,3.549999952316284,3.5199999809265137,3.5299999713897705,132190483,yfinance,False
2017-01-16,1.7827237844467163,3.5,3.5299999713897705,3.4800000190734863,3.5299999713897705,153260289,yfinance,False
2017-01-17,1.7878172397613525,3.509999990463257,3.5299999713897705,3.490000009536743,3.509999990463257,89349206,yfinance,False
2017-01-18,1.8030976057052612,3.5399999618530273,3.549999952316284,3.509999990463257,3.509999990463257,217354654,yfinance,False
2017-01-19,1.808191180229187,3.549999952316284,3.549999952316284,3.5199999809265137,3.5299999713897705,110609606,yfinance,False
2017-01-20,1.7878172397613525,3.509999990463257,3.549999952316284,3.509999990463257,3.5299999713897705,199069423,yfinance,False
2017-01-23,1.7929102182388306,3.5199999809265137,3.549999952316284,3.5199999809265137,3.5399999618530273,150039450,yfinance,False
2017-01-24,1.798003911972046,3.5299999713897705,3.549999952316284,3.5199999809265137,3.549999952316284,166311263,yfinance,False
2017-01-25,1.7878172397613525,3.509999990463257,3.549999952316284,3.5,3.549999952316284,138625223,yfinance,False
2017-01-26,1.8132845163345337,3.559999942779541,3.569999933242798,3.5199999809265137,3.5399999618530273,276085506,yfinance,False
2017-01-27,1.8030976057052612,3.5399999618530273,3.559999942779541,3.5299999713897705,3.549999952316284,116216639,yfinance,False
2017-02-01,1.7929102182388306,3.5199999809265137,3.5399999618530273,3.490000009536743,3.5199999809265137,217829886,yfinance,False
2017-02-02,1.7878172397613525,3.509999990463257,3.559999942779541,3.5,3.509999990463257,107473803,yfinance,False
2017-02-03,1.7827237844467163,3.5,3.5299999713897705,3.5,3.5299999713897705,171269069,yfinance,False
2017-02-06,1.8030976057052612,3.5399999618530273,3.569999933242798,3.5199999809265137,3.5299999713897705,219677043,yfinance,False
2017-02-07,1.808191180229187,3.549999952316284,3.5799999237060547,3.5299999713897705,3.5399999618530273,223356143,yfinance,False
2017-02-08,1.848939061164856,3.630000114440918,3.6600000858306885,3.5299999713897705,3.5299999713897705,558488273,yfinance,False
2017-02-09,1.8947803974151611,3.7200000286102295,3.7300000190734863,3.640000104904175,3.6500000953674316,644881101,yfinance,False
2017-02-10,1.9049676656723022,3.740000009536743,3.7699999809265137,3.7300000190734863,3.740000009536743,450166230,yfinance,False
2017-02-13,1.93552827835083,3.799999952316284,3.809999942779541,3.740000009536743,3.759999990463257,482496793,yfinance,False
2017-02-14,1.9457154273986816,3.819999933242798,3.8399999141693115,3.7899999618530273,3.799999952316284,402113374,yfinance,False
2017-02-15,2.022118091583252,3.9700000286102295,4.0,3.8399999141693115,3.8499999046325684,872451340,yfinance,False
2017-02-16,2.0526793003082275,4.03000020980835,4.079999923706055,3.9800000190734863,4.079999923706055,984038756,yfinance,False
2017-02-17,2.0119309425354004,3.950000047683716,4.03000020980835,3.930000066757202,4.010000228881836,495936265,yfinance,False
2017-02-20,2.042491912841797,4.010000228881836,4.03000020980835,3.930000066757202,3.950000047683716,501348511,yfinance,False
2017-02-21,2.0119309425354004,3.950000047683716,4.019999980926514,3.940000057220459,4.0,285856889,yfinance,False
2017-02-22,2.0475854873657227,4.019999980926514,4.019999980926514,3.9700000286102295,4.0,381805150,yfinance,False
2017-02-23,2.057772159576416,4.039999961853027,4.050000190734863,3.9800000190734863,4.010000228881836,316542081,yfinance,False
2017-02-24,2.022118091583252,3.9700000286102295,4.039999961853027,3.9700000286102295,4.03000020980835,256536552,yfinance,False
2017-02-27,2.001744031906128,3.930000066757202,3.990000009536743,3.9000000953674316,3.950000047683716,342533413,yfinance,False
2017-02-28,2.001744031906128,3.930000066757202,3.990000009536743,3.9100000858306885,3.940000057220459,296615670,yfinance,False
2017-03-01,1.9864635467529297,3.9000000953674316,3.950000047683716,3.890000104904175,3.940000057220459,318476067,yfinance,False
2017-03-02,1.9660896062850952,3.859999895095825,3.990000009536743,3.8499999046325684,3.990000009536743,386037682,yfinance,False
2017-03-03,1.930435061454773,3.7899999618530273,3.8499999046325684,3.7699999809265137,3.8399999141693115,636524573,yfinance,False
2017-03-06,1.9406216144561768,3.809999942779541,3.8399999141693115,3.7799999713897705,3.799999952316284,305661002,yfinance,False
2017-03-07,1.9457154273986816,3.819999933242798,3.859999895095825,3.799999952316284,3.8299999237060547,290045777,yfinance,False
2017-03-08,1.9508090019226074,3.8299999237060547,3.869999885559082,3.7899999618530273,3.8299999237060547,380497490,yfinance,False
2017-03-09,1.9253417253494263,3.7799999713897705,3.8299999237060547,3.759999990463257,3.799999952316284,330718175,yfinance,False
2017-03-10,1.9253417253494263,3.7799999713897705,3.819999933242798,3.759999990463257,3.819999933242798,216131182,yfinance,False
2017-03-13,1.9864635467529297,3.9000000953674316,3.9100000858306885,3.799999952316284,3.819999933242798,395820312,yfinance,False
2017-03-14,2.001744031906128,3.930000066757202,3.9600000381469727,3.9100000858306885,3.9100000858306885,340837703,yfinance,False
2017-03-15,1.9813700914382935,3.890000104904175,3.9100000858306885,3.859999895095825,3.890000104904175,224763307,yfinance,False
2017-03-16,2.037398099899292,4.0,4.0,3.9200000762939453,3.9700000286102295,424721035,yfinance,False
2017-03-17,2.022118091583252,3.9700000286102295,4.019999980926514,3.950000047683716,4.019999980926514,328467929,yfinance,False
2017-03-20,2.022118091583252,3.9700000286102295,3.990000009536743,3.930000066757202,3.9600000381469727,198933792,yfinance,False
2017-03-21,2.0323047637939453,3.990000009536743,4.050000190734863,3.9700000286102295,3.9700000286102295,357288065,yfinance,False
2017-03-22,2.001744031906128,3.930000066757202,3.940000057220459,3.890000104904175,3.930000066757202,451739884,yfinance,False
2017-03-23,2.006837844848633,3.940000057220459,3.950000047683716,3.9000000953674316,3.940000057220459,284068901,yfinance,False
2017-03-24,1.9966504573822021,3.9200000762939453,3.9600000381469727,3.9100000858306885,3.950000047683716,215974840,yfinance,False
2017-03-27,1.971182942390442,3.869999885559082,3.9100000858306885,3.869999885559082,3.890000104904175,283254874,yfinance,False
2017-03-28,1.9915568828582764,3.9100000858306885,3.930000066757202,3.890000104904175,3.9000000953674316,219425017,yfinance,False
2017-03-29,2.001744031906128,3.930000066757202,3.9800000190734863,3.930000066757202,3.950000047683716,335497595,yfinance,False
2017-03-30,1.9864635467529297,3.9000000953674316,3.9600000381469727,3.869999885559082,3.9600000381469727,336051414,yfinance,False
2017-03-31,1.9660896062850952,3.859999895095825,3.9000000953674316,3.8499999046325684,3.890000104904175,280655355,yfinance,False
2017-04-03,1.93552827835083,3.799999952316284,3.8299999237060547,3.759999990463257,3.809999942779541,656389101,yfinance,False
2017-04-05,1.9202483892440796,3.7699999809265137,3.809999942779541,3.700000047683716,3.7899999618530273,794219106,yfinance,False
2017-04-06,1.9049676656723022,3.740000009536743,3.759999990463257,3.7200000286102295,3.740000009536743,268328271,yfinance,False
2017-04-07,1.899874210357666,3.7300000190734863,3.740000009536743,3.6600000858306885,3.7300000190734863,397503584,yfinance,False
2017-04-10,1.899874210357666,3.7300000190734863,3.759999990463257,3.7100000381469727,3.7300000190734863,173707833,yfinance,False
2017-04-11,1.8795000314712524,3.690000057220459,3.7300000190734863,3.6600000858306885,3.7100000381469727,356605373,yfinance,False
2017-04-12,1.8896870613098145,3.7100000381469727,3.7200000286102295,3.640000104904175,3.6600000858306885,317079983,yfinance,False
2017-04-13,1.8896870613098145,3.7100000381469727,3.75,3.680000066757202,3.680000066757202,317032395,yfinance,False
2017-04-18,1.859126329421997,3.6500000953674316,3.7100000381469727,3.6500000953674316,3.700000047683716,264201533,yfinance,False
2017-04-19,1.848939061164856,3.630000114440918,3.6600000858306885,3.609999895095825,3.640000104904175,234468783,yfinance,False
2017-04-20,1.859126329421997,3.6500000953674316,3.6600000858306885,3.609999895095825,3.630000114440918,269196983,yfinance,False
2017-04-21,1.8744065761566162,3.680000066757202,3.690000057220459,3.6500000953674316,3.6700000762939453,298336306,yfinance,False
2017-04-24,1.8845938444137573,3.700000047683716,3.7200000286102295,3.6600000858306885,3.700000047683716,243594190,yfinance,False
2017-04-25,1.9202483892440796,3.7699999809265137,3.7899999618530273,3.7100000381469727,3.7200000286102295,437912201,yfinance,False
2017-04-26,1.930435061454773,3.7899999618530273,3.809999942779541,3.7799999713897705,3.799999952316284,341452482,yfinance,False
2017-04-27,1.9253417253494263,3.7799999713897705,3.809999942779541,3.740000009536743,3.7899999618530273,328680625,yfinance,False
2017-04-28,1.9202483892440796,3.7699999809265137,3.799999952316284,3.759999990463257,3.7699999809265137,245521110,yfinance,False
2017-05-02,1.910061001777649,3.75,3.799999952316284,3.740000009536743,3.799999952316284,216891180,yfinance,False
2017-05-04,1.8947803974151611,3.7200000286102295,3.759999990463257,3.700000047683716,3.740000009536743,286571782,yfinance,False
2017-05-05,1.8744065761566162,3.680000066757202,3.7100000381469727,3.6500000953674316,3.700000047683716,323862158,yfinance,False
2017-05-08,1.8845938444137573,3.700000047683716,3.7100000381469727,3.6600000858306885,3.690000057220459,191336470,yfinance,False
2017-05-09,1.9049676656723022,3.740000009536743,3.75,3.6700000762939453,3.7200000286102295,160988410,yfinance,False
2017-05-10,1.930435061454773,3.7899999618530273,3.8299999237060547,3.740000009536743,3.740000009536743,578647061,yfinance,False
2017-05-11,1.9253417253494263,3.7799999713897705,3.8299999237060547,3.7799999713897705,3.809999942779541,268363541,yfinance,False
2017-05-12,1.93552827835083,3.799999952316284,3.8299999237060547,3.7699999809265137,3.7699999809265137,302046463,yfinance,False
2017-05-15,1.9813700914382935,3.890000104904175,3.9100000858306885,3.809999942779541,3.809999942779541,558768617,yfinance,False
2017-05-16,1.9915568828582764,3.9100000858306885,3.940000057220459,3.869999885559082,3.9200000762939453,406814416,yfinance,False
2017-05-17,1.9864635467529297,3.9000000953674316,3.930000066757202,3.890000104904175,3.9200000762939453,356792253,yfinance,False
2017-05-18,1.9660896062850952,3.859999895095825,3.880000114440918,3.8399999141693115,3.859999895095825,340364041,yfinance,False
2017-05-19,1.9609960317611694,3.8499999046325684,3.880000114440918,3.8399999141693115,3.8499999046325684,247535537,yfinance,False
2017-05-22,1.9762762784957886,3.880000114440918,3.890000104904175,3.8299999237060547,3.869999885559082,210425987,yfinance,False
2017-05-23,1.9660896062850952,3.859999895095825,3.890000104904175,3.8299999237060547,3.859999895095825,296885462,yfinance,False
2017-05-24,1.9660896062850952,3.859999895095825,3.869999885559082,3.819999933242798,3.8399999141693115,232570843,yfinance,False
2017-05-25,1.9762762784957886,3.880000114440918,3.9100000858306885,3.859999895095825,3.859999895095825,251195313,yfinance,False
2017-05-26,1.9813700914382935,3.890000104904175,3.9100000858306885,3.880000114440918,3.890000104904175,202819952,yfinance,False
2017-05-29,1.9864635467529297,3.9000000953674316,3.9200000762939453,3.880000114440918,3.9000000953674316,114079818,yfinance,False
2017-05-31,1.9864635467529297,3.9000000953674316,3.950000047683716,3.890000104904175,3.890000104904175,386531069,yfinance,False
2017-06-01,2.001744031906128,3.930000066757202,3.940000057220459,3.880000114440918,3.9000000953674316,283157245,yfinance,False
2017-06-02,2.017024278640747,3.9600000381469727,3.9700000286102295,3.930000066757202,3.950000047683716,294518127,yfinance,False
2017-06-05,1.9966504573822021,3.9200000762939453,3.990000009536743,3.890000104904175,3.950000047683716,368040749,yfinance,False
2017-06-06,1.9966504573822021,3.9200000762939453,3.940000057220459,3.890000104904175,3.9000000953674316,224339496,yfinance,False
2017-06-07,1.9813700914382935,3.890000104904175,3.930000066757202,3.869999885559082,3.9100000858306885,285729731,yfinance,False
2017-06-08,1.9813700914382935,3.890000104904175,3.9100000858306885,3.869999885559082,3.880000114440918,248787048,yfinance,False
2017-06-09,1.9762762784957886,3.880000114440918,3.880000114440918,3.819999933242798,3.859999895095825,643193421,yfinance,False
2017-06-12,1.9457154273986816,3.819999933242798,3.869999885559082,3.809999942779541,3.859999895095825,270705069,yfinance,False
2017-06-13,1.9508090019226074,3.8299999237060547,3.8499999046325684,3.809999942779541,3.819999933242798,174650805,yfinance,False
2017-06-14,1.9508090019226074,3.8299999237060547,3.8499999046325684,3.809999942779541,3.8399999141693115,237502707,yfinance,False
2017-06-15,1.9253417253494263,3.7799999713897705,3.819999933242798,3.7699999809265137,3.809999942779541,261973143,yfinance,False
2017-06-16,1.9406216144561768,3.809999942779541,3.819999933242798,3.7799999713897705,3.7799999713897705,245536104,yfinance,False
2017-06-19,1.955902099609375,3.8399999141693115,3.8499999046325684,3.809999942779541,3.819999933242798,176533747,yfinance,False
2017-06-20,1.9457154273986816,3.819999933242798,3.869999885559082,3.809999942779541,3.859999895095825,184572328,yfinance,False
2017-06-21,1.930435061454773,3.7899999618530273,3.819999933242798,3.759999990463257,3.799999952316284,291874400,yfinance,False
2017-06-22,1.93552827835083,3.799999952316284,3.8499999046325684,3.7799999713897705,3.7899999618530273,227424238,yfinance,False
2017-06-23,1.9406216144561768,3.809999942779541,3.8499999046325684,3.809999942779541,3.819999933242798,223469291,yfinance,False
2017-06-26,1.9609960317611694,3.8499999046325684,3.8499999046325684,3.809999942779541,3.819999933242798,161233358,yfinance,False
2017-06-27,1.9508090019226074,3.8299999237060547,3.859999895095825,3.819999933242798,3.859999895095825,158937024,yfinance,False
2017-06-28,1.9457154273986816,3.819999933242798,3.8399999141693115,3.799999952316284,3.809999942779541,303792529,yfinance,False
2017-06-29,1.955902099609375,3.8399999141693115,3.859999895095825,3.8299999237060547,3.8399999141693115,242847180,yfinance,False
2017-06-30,1.9508090019226074,3.8299999237060547,3.8399999141693115,3.799999952316284,3.809999942779541,206744569,yfinance,False
2017-07-03,1.971182942390442,3.869999885559082,3.890000104904175,3.809999942779541,3.809999942779541,277269328,yfinance,False
2017-07-04,1.9609960317611694,3.8499999046325684,3.9100000858306885,3.8399999141693115,3.880000114440918,370333265,yfinance,False
2017-07-05,1.9762762784957886,3.880000114440918,3.9000000953674316,3.819999933242798,3.8499999046325684,394445652,yfinance,False
2017-07-06,1.9721438884735107,3.680000066757202,3.7100000381469727,3.6500000953674316,3.700000047683716,279426430,yfinance,False
2017-07-07,1.9346305131912231,3.609999895095825,3.6600000858306885,3.5999999046325684,3.6500000953674316,388113089,yfinance,False
2017-07-10,1.9239121675491333,3.5899999141693115,3.640000104904175,3.569999933242798,3.630000114440918,367879171,yfinance,False
2017-07-11,1.961426019668579,3.6600000858306885,3.690000057220459,3.609999895095825,3.609999895095825,463202956,yfinance,False
2017-07-12,2.009657621383667,3.75,3.7899999618530273,3.690000057220459,3.700000047683716,650267300,yfinance,False
2017-07-13,2.0364530086517334,3.799999952316284,3.8299999237060547,3.799999952316284,3.799999952316284,337809229,yfinance,False
2017-07-14,2.0364530086517334,3.799999952316284,3.819999933242798,3.75,3.819999933242798,515380902,yfinance,False
2017-07-17,2.0310940742492676,3.7899999618530273,3.8399999141693115,3.7799999713897705,3.8299999237060547,307714863,yfinance,False
2017-07-18,2.015017032623291,3.759999990463257,3.799999952316284,3.740000009536743,3.7899999618530273,350001591,yfinance,False
2017-07-19,2.020375967025757,3.7699999809265137,3.7899999618530273,3.740000009536743,3.759999990463257,232839572,yfinance,False
2017-07-20,2.015017032623291,3.759999990463257,3.7899999618530273,3.75,3.7899999618530273,200970075,yfinance,False
2017-07-21,2.015017032623291,3.759999990463257,3.7799999713897705,3.740000009536743,3.7799999713897705,175317278,yfinance,False
2017-07-24,2.015017032623291,3.759999990463257,3.7899999618530273,3.740000009536743,3.7699999809265137,287803007,yfinance,False
2017-07-25,2.015017032623291,3.759999990463257,3.7799999713897705,3.75,3.75,207224555,yfinance,False
2017-07-26,2.047171115875244,3.819999933242798,3.8399999141693115,3.7699999809265137,3.799999952316284,441370540,yfinance,False
2017-07-27,2.052530288696289,3.8299999237060547,3.8399999141693115,3.809999942779541,3.8299999237060547,316236089,yfinance,False
2017-07-28,2.0310940742492676,3.7899999618530273,3.809999942779541,3.7699999809265137,3.799999952316284,256669276,yfinance,False
2017-07-31,2.0632481575012207,3.8499999046325684,3.859999895095825,3.799999952316284,3.809999942779541,477864934,yfinance,False
2017-08-01,2.100762128829956,3.9200000762939453,3.930000066757202,3.8399999141693115,3.8399999141693115,699465418,yfinance,False
2017-08-02,2.1168391704559326,3.950000047683716,3.990000009536743,3.9200000762939453,3.940000057220459,527522351,yfinance,False
2017-08-03,2.1168391704559326,3.950000047683716,3.9700000286102295,3.9200000762939453,3.930000066757202,347326023,yfinance,False
2017-08-04,2.1168391704559326,3.950000047683716,3.990000009536743,3.950000047683716,3.9600000381469727,268773263,yfinance,False
2017-08-07,2.1436350345611572,4.0,4.010000228881836,3.9700000286102295,3.9800000190734863,368713994,yfinance,False
2017-08-08,2.1436350345611572,4.0,4.0,3.9600000381469727,4.0,330526883,yfinance,False
2017-08-09,2.106121301651001,3.930000066757202,3.9800000190734863,3.9000000953674316,3.9700000286102295,368437349,yfinance,False
2017-08-10,2.0632481575012207,3.8499999046325684,3.940000057220459,3.8299999237060547,3.940000057220459,472275610,yfinance,False
2017-08-11,2.0257349014282227,3.7799999713897705,3.8299999237060547,3.7699999809265137,3.7699999809265137,550513860,yfinance,False
2017-08-14,2.057889461517334,3.8399999141693115,3.859999895095825,3.809999942779541,3.819999933242798,242157108,yfinance,False
2017-08-15,2.0900440216064453,3.9000000953674316,3.9700000286102295,3.8499999046325684,3.859999895095825,644411359,yfinance,False
2017-08-16,2.1168391704559326,3.950000047683716,3.9600000381469727,3.9000000953674316,3.9200000762939453,368984792,yfinance,False
2017-08-17,2.100762128829956,3.9200000762939453,3.9600000381469727,3.9000000953674316,3.940000057220459,295972396,yfinance,False
2017-08-18,2.0632481575012207,3.8499999046325684,3.890000104904175,3.8499999046325684,3.880000114440918,284319544,yfinance,False
2017-08-21,2.0686075687408447,3.859999895095825,3.880000114440918,3.8499999046325684,3.869999885559082,162003253,yfinance,False
2017-08-22,2.095402956008911,3.9100000858306885,3.930000066757202,3.869999885559082,3.890000104904175,296441746,yfinance,False
2017-08-23,2.095402956008911,3.9100000858306885,3.9100000858306885,3.9100000858306885,3.9100000858306885,0,yfinance,False
2017-08-24,2.1168391704559326,3.950000047683716,3.9700000286102295,3.930000066757202,3.930000066757202,487983670,yfinance,False
2017-08-25,2.186507225036621,4.079999923706055,4.099999904632568,3.930000066757202,3.950000047683716,955450617,yfinance,False
2017-08-28,2.202584743499756,4.110000133514404,4.179999828338623,4.090000152587891,4.090000152587891,833362844,yfinance,False
2017-08-29,2.197226047515869,4.099999904632568,4.110000133514404,4.070000171661377,4.099999904632568,450543661,yfinance,False
2017-08-30,2.2133030891418457,4.130000114440918,4.170000076293945,4.110000133514404,4.119999885559082,441277856,yfinance,False
2017-08-31,2.2079436779022217,4.119999885559082,4.179999828338623,4.0,4.170000076293945,813843457,yfinance,False
2017-09-01,2.202584743499756,4.110000133514404,4.139999866485596,4.079999923706055,4.139999866485596,306977400,yfinance,False
2017-09-04,2.1650712490081787,4.039999961853027,4.099999904632568,4.019999980926514,4.079999923706055,357738710,yfinance,False
2017-09-05,2.1704304218292236,4.050000190734863,4.079999923706055,4.019999980926514,4.019999980926514,282785722,yfinance,False
2017-09-06,2.154353141784668,4.019999980926514,4.039999961853027,3.9600000381469727,4.03000020980835,356220772,yfinance,False
2017-09-07,2.1436350345611572,4.0,4.050000190734863,3.9700000286102295,4.050000190734863,391771509,yfinance,False
2017-09-08,2.154353141784668,4.019999980926514,4.019999980926514,3.9800000190734863,4.010000228881836,253831235,yfinance,False
2017-09-11,2.1811485290527344,4.070000171661377,4.079999923706055,4.03000020980835,4.039999961853027,297661396,yfinance,False
2017-09-12,2.1757893562316895,4.059999942779541,4.079999923706055,4.039999961853027,4.070000171661377,225991869,yfinance,False
2017-09-13,2.154353141784668,4.019999980926514,4.059999942779541,3.990000009536743,4.059999942779541,296620448,yfinance,False
2017-09-14,2.138275623321533,3.990000009536743,4.03000020980835,3.9800000190734863,4.0,349104447,yfinance,False
2017-09-15,2.138275623321533,3.990000009536743,4.010000228881836,3.940000057220459,3.9700000286102295,384066542,yfinance,False
2017-09-18,2.1436350345611572,4.0,4.03000020980835,3.990000009536743,4.019999980926514,390014672,yfinance,False
2017-09-19,2.1329164505004883,3.9800000190734863,4.019999980926514,3.9800000190734863,4.0,290390523,yfinance,False
2017-09-20,2.138275623321533,3.990000009536743,4.010000228881836,3.9800000190734863,3.9800000190734863,258511650,yfinance,False
2017-09-21,2.148993968963623,4.010000228881836,4.03000020980835,3.9700000286102295,3.9700000286102295,268504309,yfinance,False
2017-09-22,2.1275575160980225,3.9700000286102295,4.010000228881836,3.9700000286102295,4.010000228881836,231766939,yfinance,False
2017-09-25,2.0900440216064453,3.9000000953674316,3.9800000190734863,3.890000104904175,3.9600000381469727,406649464,yfinance,False
2017-09-26,2.095402956008911,3.9100000858306885,3.9200000762939453,3.869999885559082,3.9000000953674316,188346075,yfinance,False
2017-09-27,2.100762128829956,3.9200000762939453,3.930000066757202,3.880000114440918,3.9100000858306885,389065929,yfinance,False
2017-09-28,2.0632481575012207,3.8499999046325684,3.9100000858306885,3.8499999046325684,3.9000000953674316,406757330,yfinance,False
2017-09-29,2.0632481575012207,3.8499999046325684,3.869999885559082,3.8399999141693115,3.8499999046325684,292343525,yfinance,False
2017-10-03,2.1650712490081787,4.039999961853027,4.070000171661377,3.9000000953674316,3.9100000858306885,708396518,yfinance,False
2017-10-04,2.1650712490081787,4.039999961853027,4.139999866485596,4.03000020980835,4.070000171661377,404505972,yfinance,False
2017-10-06,2.1757893562316895,4.059999942779541,4.099999904632568,4.050000190734863,4.099999904632568,298162030,yfinance,False
2017-10-09,2.1650712490081787,4.039999961853027,4.119999885559082,4.019999980926514,4.119999885559082,347106420,yfinance,False
2017-10-10,2.1704304218292236,4.050000190734863,4.059999942779541,4.019999980926514,4.039999961853027,183778894,yfinance,False
2017-10-11,2.1757893562316895,4.059999942779541,4.079999923706055,4.039999961853027,4.079999923706055,238205721,yfinance,False
2017-10-12,2.1757893562316895,4.059999942779541,4.079999923706055,4.050000190734863,4.079999923706055,251217563,yfinance,False
2017-10-13,2.1704304218292236,4.050000190734863,4.059999942779541,4.03000020980835,4.039999961853027,180890814,yfinance,False
2017-10-16,2.197226047515869,4.099999904632568,4.139999866485596,4.059999942779541,4.070000171661377,380934062,yfinance,False
2017-10-17,2.191866874694824,4.090000152587891,4.130000114440918,4.090000152587891,4.130000114440918,206633928,yfinance,False
2017-10-18,2.191866874694824,4.090000152587891,4.099999904632568,4.059999942779541,4.099999904632568,221586989,yfinance,False
2017-10-19,2.138275623321533,3.990000009536743,4.110000133514404,3.990000009536743,4.099999904632568,363078930,yfinance,False
2017-10-20,2.1650712490081787,4.039999961853027,4.050000190734863,4.019999980926514,4.03000020980835,212583312,yfinance,False
2017-10-23,2.138275623321533,3.990000009536743,4.050000190734863,3.9600000381469727,4.039999961853027,374026608,yfinance,False
2017-10-24,2.1275575160980225,3.9700000286102295,4.019999980926514,3.950000047683716,3.9800000190734863,291065281,yfinance,False
2017-10-25,2.1329164505004883,3.9800000190734863,4.010000228881836,3.950000047683716,3.9800000190734863,219994461,yfinance,False
2017-10-26,2.111480474472046,3.940000057220459,3.9800000190734863,3.930000066757202,3.950000047683716,322473424,yfinance,False
2017-10-27,2.1757893562316895,4.059999942779541,4.070000171661377,3.9600000381469727,3.9700000286102295,405116582,yfinance,False
2017-10-30,2.159712314605713,4.03000020980835,4.119999885559082,4.019999980926514,4.090000152587891,368507608,yfinance,False
2017-10-31,2.0846846103668213,3.890000104904175,3.950000047683716,3.890000104904175,3.940000057220459,878419554,yfinance,False
2017-11-01,2.0739667415618896,3.869999885559082,3.9000000953674316,3.859999895095825,3.890000104904175,650265230,yfinance,False
2017-11-02,2.0632481575012207,3.8499999046325684,3.890000104904175,3.8499999046325684,3.880000114440918,350113627,yfinance,False
2017-11-03,2.057889461517334,3.8399999141693115,3.869999885559082,3.8299999237060547,3.859999895095825,334193533,yfinance,False
2017-11-06,2.047171115875244,3.819999933242798,3.859999895095825,3.7799999713897705,3.8399999141693115,430683110,yfinance,False
2017-11-07,2.052530288696289,3.8299999237060547,3.859999895095825,3.819999933242798,3.8299999237060547,308283479,yfinance,False
2017-11-08,2.052530288696289,3.8299999237060547,3.8499999046325684,3.799999952316284,3.819999933242798,360039449,yfinance,False
2017-11-09,2.0686075687408447,3.859999895095825,3.880000114440918,3.8299999237060547,3.859999895095825,324424614,yfinance,False
2017-11-10,2.052530288696289,3.8299999237060547,3.880000114440918,3.819999933242798,3.859999895095825,318537608,yfinance,False
2017-11-13,2.052530288696289,3.8299999237060547,3.859999895095825,3.819999933242798,3.819999933242798,283810736,yfinance,False
2017-11-14,2.041811943054199,3.809999942779541,3.8399999141693115,3.799999952316284,3.819999933242798,265655160,yfinance,False
2017-11-15,2.0257349014282227,3.7799999713897705,3.799999952316284,3.759999990463257,3.7899999618530273,347877205,yfinance,False
2017-11-16,2.020375967025757,3.7699999809265137,3.799999952316284,3.759999990463257,3.7899999618530273,280604940,yfinance,False
2017-11-17,2.0257349014282227,3.7799999713897705,3.8399999141693115,3.7799999713897705,3.7899999618530273,357802251,yfinance,False
2017-11-20,2.009657621383667,3.75,3.799999952316284,3.75,3.7799999713897705,356878656,yfinance,False
2017-11-21,2.047171115875244,3.819999933242798,3.8299999237060547,3.75,3.75,465834037,yfinance,False
2017-11-22,2.0739667415618896,3.869999885559082,3.9000000953674316,3.859999895095825,3.890000104904175,424118522,yfinance,False
2017-11-23,2.047171115875244,3.819999933242798,3.9000000953674316,3.799999952316284,3.9000000953674316,279305010,yfinance,False
2017-11-24,2.0686075687408447,3.859999895095825,3.880000114440918,3.8299999237060547,3.8399999141693115,229786861,yfinance,False
2017-11-27,2.057889461517334,3.8399999141693115,3.880000114440918,3.8299999237060547,3.880000114440918,229079459,yfinance,False
2017-11-28,2.041811943054199,3.809999942779541,3.8299999237060547,3.799999952316284,3.819999933242798,290667894,yfinance,False
2017-11-29,2.0364530086517334,3.799999952316284,3.8299999237060547,3.7799999713897705,3.819999933242798,226580533,yfinance,False
2017-11-30,2.0310940742492676,3.7899999618530273,3.809999942779541,3.7799999713897705,3.7899999618530273,321428442,yfinance,False
2017-12-01,2.041811943054199,3.809999942779541,3.8299999237060547,3.7799999713897705,3.7799999713897705,435882863,yfinance,False
2017-12-04,2.047171115875244,3.819999933242798,3.8399999141693115,3.7799999713897705,3.799999952316284,278986391,yfinance,False
2017-12-05,2.047171115875244,3.819999933242798,3.8399999141693115,3.799999952316284,3.8299999237060547,238224562,yfinance,False
2017-12-06,2.009657621383667,3.75,3.8299999237060547,3.75,3.8299999237060547,509265688,yfinance,False
2017-12-07,2.009657621383667,3.75,3.7899999618530273,3.7300000190734863,3.759999990463257,208667534,yfinance,False
2017-12-08,2.015017032623291,3.759999990463257,3.7699999809265137,3.740000009536743,3.759999990463257,221720585,yfinance,False
2017-12-11,2.015017032623291,3.759999990463257,3.7699999809265137,3.7300000190734863,3.740000009536743,366824331,yfinance,False
2017-12-12,1.9935802221298218,3.7200000286102295,3.7699999809265137,3.7100000381469727,3.759999990463257,417235023,yfinance,False
2017-12-13,2.047171115875244,3.819999933242798,3.859999895095825,3.7300000190734863,3.740000009536743,405920245,yfinance,False
2017-12-14,2.047171115875244,3.819999933242798,3.859999895095825,3.7899999618530273,3.859999895095825,233870496,yfinance,False
2017-12-15,2.020375967025757,3.7699999809265137,3.799999952316284,3.75,3.799999952316284,301480743,yfinance,False
2017-12-18,2.0310940742492676,3.7899999618530273,3.819999933242798,3.75,3.7699999809265137,249363481,yfinance,False
2017-12-19,2.0364530086517334,3.799999952316284,3.819999933242798,3.7699999809265137,3.809999942779541,237725514,yfinance,False
2017-12-20,2.0257349014282227,3.7799999713897705,3.799999952316284,3.7799999713897705,3.7799999713897705,121583067,yfinance,False
2017-12-21,2.0310940742492676,3.7899999618530273,3.819999933242798,3.75,3.759999990463257,255696641,yfinance,False
2017-12-22,2.0364530086517334,3.799999952316284,3.819999933242798,3.7799999713897705,3.799999952316284,186186535,yfinance,False
2017-12-27,2.041811943054199,3.809999942779541,3.8299999237060547,3.799999952316284,3.819999933242798,215392335,yfinance,False
2017-12-28,2.041811943054199,3.809999942779541,3.8399999141693115,3.799999952316284,3.8299999237060547,171685943,yfinance,False
2017-12-29,2.057889461517334,3.8399999141693115,3.859999895095825,3.819999933242798,3.819999933242798,214810552,yfinance,False
2018-01-02,2.100762128829956,3.9200000762939453,3.950000047683716,3.8499999046325684,3.859999895095825,426026561,yfinance,False
2018-01-03,2.1221983432769775,3.9600000381469727,3.9800000190734863,3.940000057220459,3.950000047683716,531519133,yfinance,False
2018-01-04,2.138275623321533,3.990000009536743,4.019999980926514,3.9700000286102295,3.9800000190734863,486329620,yfinance,False
2018-01-05,2.154353141784668,4.019999980926514,4.03000020980835,3.9800000190734863,4.019999980926514,338615981,yfinance,False
2018-01-08,2.138275623321533,3.990000009536743,4.039999961853027,3.9700000286102295,4.039999961853027,295664017,yfinance,False
2018-01-09,2.138275623321533,3.990000009536743,4.019999980926514,3.990000009536743,4.0,241994586,yfinance,False
2018-01-10,2.154353141784668,4.019999980926514,4.050000190734863,3.9600000381469727,3.990000009536743,462306948,yfinance,False
2018-01-11,2.1757893562316895,4.059999942779541,4.059999942779541,4.019999980926514,4.039999961853027,295706532,yfinance,False
2018-01-12,2.202584743499756,4.110000133514404,4.139999866485596,4.090000152587891,4.090000152587891,549063325,yfinance,False
2018-01-15,2.197226047515869,4.099999904632568,4.159999847412109,4.070000171661377,4.159999847412109,595105806,yfinance,False
2018-01-16,2.2722527980804443,4.239999771118164,4.239999771118164,4.110000133514404,4.119999885559082,940593780,yfinance,False
2018-01-17,2.3097662925720215,4.309999942779541,4.309999942779541,4.21999979019165,4.230000019073486,1032752202,yfinance,False
2018-01-18,2.3633573055267334,4.409999847412109,4.420000076293945,4.320000171661377,4.389999866485596,1063136386,yfinance,False
2018-01-19,2.374075412750244,4.429999828338623,4.449999809265137,4.400000095367432,4.429999828338623,693490360,yfinance,False
2018-01-22,2.3579981327056885,4.400000095367432,4.440000057220459,4.349999904632568,4.420000076293945,571046233,yfinance,False
2018-01-23,2.4437437057495117,4.559999942779541,4.599999904632568,4.400000095367432,4.449999809265137,986782033,yfinance,False
2018-01-24,2.518770933151245,4.699999809265137,4.699999809265137,4.559999942779541,4.559999942779541,973929822,yfinance,False
2018-01-25,2.4598214626312256,4.590000152587891,4.699999809265137,4.519999980926514,4.699999809265137,640363621,yfinance,False
2018-01-26,2.572361946105957,4.800000190734863,4.820000171661377,4.579999923706055,4.599999904632568,1049743149,yfinance,False
2018-01-29,2.572361946105957,4.800000190734863,4.960000038146973,4.769999980926514,4.869999885559082,869555363,yfinance,False
2018-01-30,2.481257200241089,4.630000114440918,4.75,4.610000133514404,4.699999809265137,817826333,yfinance,False
2018-01-31,2.524129867553711,4.710000038146973,4.710000038146973,4.559999942779541,4.570000171661377,648714380,yfinance,False
2018-02-01,2.5080525875091553,4.679999828338623,4.820000171661377,4.679999828338623,4.730000019073486,523192083,yfinance,False
2018-02-02,2.4973347187042236,4.659999847412109,4.699999809265137,4.579999923706055,4.630000114440918,385593095,yfinance,False
2018-02-05,2.491976022720337,4.650000095367432,4.710000038146973,4.480000019073486,4.480000019073486,673804253,yfinance,False
2018-02-06,2.341920852661133,4.369999885559082,4.510000228881836,4.320000171661377,4.449999809265137,1164282188,yfinance,False
2018-02-07,2.3044073581695557,4.300000190734863,4.590000152587891,4.28000020980835,4.53000020980835,919188359,yfinance,False
2018-02-08,2.293689012527466,4.28000020980835,4.349999904632568,4.21999979019165,4.349999904632568,665112220,yfinance,False
2018-02-09,2.2347395420074463,4.170000076293945,4.179999828338623,4.050000190734863,4.179999828338623,1134591334,yfinance,False
2018-02-12,2.2347395420074463,4.170000076293945,4.239999771118164,4.110000133514404,4.210000038146973,532073391,yfinance,False
2018-02-13,2.2722527980804443,4.239999771118164,4.329999923706055,4.210000038146973,4.239999771118164,439779309,yfinance,False
2018-02-14,2.331202745437622,4.349999904632568,4.369999885559082,4.199999809265137,4.260000228881836,446391830,yfinance,False
2018-02-15,2.3579981327056885,4.400000095367432,4.440000057220459,4.349999904632568,4.440000057220459,374398186,yfinance,False
2018-02-20,2.3097662925720215,4.309999942779541,4.420000076293945,4.28000020980835,4.400000095367432,405121743,yfinance,False
2018-02-21,2.3687167167663574,4.420000076293945,4.440000057220459,4.309999942779541,4.360000133514404,428612730,yfinance,False
2018-02-22,2.3258440494537354,4.340000152587891,4.389999866485596,4.329999923706055,4.340000152587891,453257294,yfinance,False
2018-02-23,2.374075412750244,4.429999828338623,4.449999809265137,4.380000114440918,4.389999866485596,305747897,yfinance,False
2018-02-26,2.4008710384368896,4.480000019073486,4.510000228881836,4.440000057220459,4.489999771118164,341443323,yfinance,False
2018-02-27,2.341920852661133,4.369999885559082,4.539999961853027,4.329999923706055,4.53000020980835,535876923,yfinance,False
2018-02-28,2.288330316543579,4.269999980926514,4.340000152587891,4.230000019073486,4.320000171661377,479682577,yfinance,False
2018-03-01,2.2722527980804443,4.239999771118164,4.28000020980835,4.179999828338623,4.210000038146973,511289748,yfinance,False
2018-03-02,2.250816583633423,4.199999809265137,4.21999979019165,4.159999847412109,4.179999828338623,597814372,yfinance,False
2018-03-05,2.2186617851257324,4.139999866485596,4.21999979019165,4.119999885559082,4.179999828338623,339416609,yfinance,False
2018-03-06,2.2776119709014893,4.25,4.269999980926514,4.150000095367432,4.210000038146973,383804357,yfinance,False
2018-03-07,2.250816583633423,4.199999809265137,4.329999923706055,4.179999828338623,4.230000019073486,390169596,yfinance,False
2018-03-08,2.2668938636779785,4.230000019073486,4.260000228881836,4.210000038146973,4.25,225233248,yfinance,False
2018-03-09,2.2722527980804443,4.239999771118164,4.269999980926514,4.199999809265137,4.260000228881836,245960955,yfinance,False
2018-03-12,2.336561918258667,4.360000133514404,4.380000114440918,4.28000020980835,4.300000190734863,483806198,yfinance,False
2018-03-13,2.37943434715271,4.440000057220459,4.489999771118164,4.329999923706055,4.349999904632568,466472736,yfinance,False
2018-03-14,2.37943434715271,4.440000057220459,4.449999809265137,4.360000133514404,4.360000133514404,413792522,yfinance,False
2018-03-15,2.3633573055267334,4.409999847412109,4.429999828338623,4.360000133514404,4.400000095367432,275810447,yfinance,False
2018-03-16,2.3579981327056885,4.400000095367432,4.420000076293945,4.349999904632568,4.409999847412109,440935882,yfinance,False
2018-03-19,2.341920852661133,4.369999885559082,4.400000095367432,4.329999923706055,4.360000133514404,287498693,yfinance,False
2018-03-20,2.3097662925720215,4.309999942779541,4.360000133514404,4.289999961853027,4.349999904632568,338998871,yfinance,False
2018-03-21,2.3097662925720215,4.309999942779541,4.389999866485596,4.289999961853027,4.340000152587891,288723939,yfinance,False
2018-03-22,2.29904842376709,4.289999961853027,4.380000114440918,4.260000228881836,4.349999904632568,427065785,yfinance,False
2018-03-23,2.2615349292755127,4.21999979019165,4.239999771118164,4.150000095367432,4.150000095367432,653864902,yfinance,False
2018-03-26,2.2668938636779785,4.230000019073486,4.230000019073486,4.150000095367432,4.179999828338623,356325244,yfinance,False
2018-03-27,2.3044073581695557,4.300000190734863,4.349999904632568,4.28000020980835,4.28000020980835,325906751,yfinance,False
2018-03-28,2.2615349292755127,4.21999979019165,4.300000190734863,4.210000038146973,4.239999771118164,305632426,yfinance,False
2018-03-29,2.2615349292755127,4.21999979019165,4.269999980926514,4.199999809265137,4.260000228881836,285918877,yfinance,False
2018-04-03,2.282971143722534,4.260000228881836,4.28000020980835,4.179999828338623,4.28000020980835,283030197,yfinance,False
2018-04-04,2.2186617851257324,4.139999866485596,4.269999980926514,4.139999866485596,4.239999771118164,332951844,yfinance,False
2018-04-06,2.2240211963653564,4.150000095367432,4.190000057220459,4.119999885559082,4.139999866485596,352004629,yfinance,False
2018-04-09,2.245457649230957,4.190000057220459,4.25,4.130000114440918,4.179999828338623,270005075,yfinance,False
2018-04-10,2.2776119709014893,4.25,4.289999961853027,4.150000095367432,4.170000076293945,349922272,yfinance,False
2018-04-11,2.2722527980804443,4.239999771118164,4.300000190734863,4.210000038146973,4.230000019073486,406500674,yfinance,False
2018-04-12,2.2615349292755127,4.21999979019165,4.269999980926514,4.190000057220459,4.25,257010623,yfinance,False
2018-04-13,2.2561757564544678,4.210000038146973,4.269999980926514,4.199999809265137,4.260000228881836,255449965,yfinance,False
2018-04-16,2.2240211963653564,4.150000095367432,4.239999771118164,4.119999885559082,4.239999771118164,335472028,yfinance,False
2018-04-17,2.2079436779022217,4.119999885559082,4.179999828338623,4.099999904632568,4.139999866485596,315814469,yfinance,False
2018-04-18,2.2240211963653564,4.150000095367432,4.210000038146973,4.130000114440918,4.190000057220459,395707621,yfinance,False
2018-04-19,2.2615349292755127,4.21999979019165,4.239999771118164,4.150000095367432,4.170000076293945,303380816,yfinance,False
2018-04-20,2.2347395420074463,4.170000076293945,4.260000228881836,4.150000095367432,4.21999979019165,273429020,yfinance,False
2018-04-23,2.2133030891418457,4.130000114440918,4.190000057220459,4.119999885559082,4.150000095367432,249690728,yfinance,False
2018-04-24,2.250816583633423,4.199999809265137,4.210000038146973,4.130000114440918,4.130000114440918,297102592,yfinance,False
2018-04-25,2.2347395420074463,4.170000076293945,4.190000057220459,4.139999866485596,4.179999828338623,182455382,yfinance,False
2018-04-26,2.2347395420074463,4.170000076293945,4.199999809265137,4.139999866485596,4.170000076293945,279734705,yfinance,False
2018-04-27,2.250816583633423,4.199999809265137,4.199999809265137,4.159999847412109,4.199999809265137,158393369,yfinance,False
2018-04-30,2.3044073581695557,4.300000190734863,4.309999942779541,4.21999979019165,4.25,363820731,yfinance,False
2018-05-02,2.2722527980804443,4.239999771118164,4.289999961853027,4.21999979019165,4.28000020980835,250697894,yfinance,False
2018-05-03,2.2347395420074463,4.170000076293945,4.210000038146973,4.150000095367432,4.190000057220459,312136670,yfinance,False
2018-05-04,2.2133030891418457,4.130000114440918,4.179999828338623,4.119999885559082,4.150000095367432,354818853,yfinance,False
2018-05-07,2.2186617851257324,4.139999866485596,4.159999847412109,4.110000133514404,4.130000114440918,218134358,yfinance,False
2018-05-08,2.2240211963653564,4.150000095367432,4.199999809265137,4.139999866485596,4.150000095367432,240745384,yfinance,False
2018-05-09,2.229379892349243,4.159999847412109,4.170000076293945,4.130000114440918,4.139999866485596,139150930,yfinance,False
2018-05-10,2.2347395420074463,4.170000076293945,4.199999809265137,4.150000095367432,4.179999828338623,172237685,yfinance,False
2018-05-11,2.2668938636779785,4.230000019073486,4.239999771118164,4.190000057220459,4.210000038146973,273383882,yfinance,False
2018-05-14,2.29904842376709,4.289999961853027,4.300000190734863,4.25,4.28000020980835,274160447,yfinance,False
2018-05-15,2.2776119709014893,4.25,4.300000190734863,4.239999771118164,4.300000190734863,183044159,yfinance,False
2018-05-16,2.2776119709014893,4.25,4.260000228881836,4.190000057220459,4.230000019073486,188781768,yfinance,False
2018-05-17,2.250816583633423,4.199999809265137,4.28000020980835,4.199999809265137,4.28000020980835,218254737,yfinance,False
2018-05-18,2.2561757564544678,4.210000038146973,4.239999771118164,4.179999828338623,4.199999809265137,158264544,yfinance,False
2018-05-21,2.2668938636779785,4.230000019073486,4.269999980926514,4.230000019073486,4.230000019073486,245230734,yfinance,False
2018-05-23,2.2186617851257324,4.139999866485596,4.230000019073486,4.130000114440918,4.21999979019165,565238424,yfinance,False
2018-05-24,2.229379892349243,4.159999847412109,4.159999847412109,4.130000114440918,4.150000095367432,283822678,yfinance,False
2018-05-25,2.2186617851257324,4.139999866485596,4.179999828338623,4.139999866485596,4.150000095367432,275171295,yfinance,False
2018-05-28,2.2347395420074463,4.170000076293945,4.190000057220459,4.139999866485596,4.159999847412109,228460920,yfinance,False
2018-05-29,2.2133030891418457,4.130000114440918,4.159999847412109,4.119999885559082,4.139999866485596,290472233,yfinance,False
2018-05-30,2.1757893562316895,4.059999942779541,4.110000133514404,4.050000190734863,4.070000171661377,474631882,yfinance,False
2018-05-31,2.197226047515869,4.099999904632568,4.130000114440918,4.070000171661377,4.110000133514404,484892097,yfinance,False
2018-06-01,2.2133030891418457,4.130000114440918,4.150000095367432,4.099999904632568,4.130000114440918,540414734,yfinance,False
2018-06-04,2.245457649230957,4.190000057220459,4.199999809265137,4.150000095367432,4.170000076293945,279123575,yfinance,False
2018-06-05,2.250816583633423,4.199999809265137,4.210000038146973,4.170000076293945,4.190000057220459,237365545,yfinance,False
2018-06-06,2.245457649230957,4.190000057220459,4.21999979019165,4.190000057220459,4.21999979019165,166766370,yfinance,False
2018-06-07,2.2776119709014893,4.25,4.260000228881836,4.199999809265137,4.210000038146973,311307942,yfinance,False
2018-06-08,2.240098476409912,4.179999828338623,4.25,4.179999828338623,4.25,216022782,yfinance,False
2018-06-11,2.250816583633423,4.199999809265137,4.21999979019165,4.159999847412109,4.210000038146973,214204246,yfinance,False
2018-06-12,2.245457649230957,4.190000057220459,4.21999979019165,4.170000076293945,4.179999828338623,163806397,yfinance,False
2018-06-13,2.2133030891418457,4.130000114440918,4.179999828338623,4.119999885559082,4.170000076293945,287207567,yfinance,False
2018-06-14,2.202584743499756,4.110000133514404,4.150000095367432,4.099999904632568,4.130000114440918,347162990,yfinance,False
2018-06-15,2.197226047515869,4.099999904632568,4.130000114440918,4.090000152587891,4.119999885559082,346623419,yfinance,False
2018-06-19,2.1221983432769775,3.9600000381469727,4.059999942779541,3.950000047683716,4.050000190734863,787228906,yfinance,False
2018-06-20,2.1275575160980225,3.9700000286102295,4.03000020980835,3.950000047683716,3.9600000381469727,429033599,yfinance,False
2018-06-21,2.100762128829956,3.9200000762939453,4.010000228881836,3.9100000858306885,3.990000009536743,384304143,yfinance,False
2018-06-22,2.0900440216064453,3.9000000953674316,3.9100000858306885,3.859999895095825,3.880000114440918,526470149,yfinance,False
2018-06-25,2.0739667415618896,3.869999885559082,3.9100000858306885,3.8499999046325684,3.859999895095825,437951005,yfinance,False
2018-06-26,2.0686075687408447,3.859999895095825,3.9000000953674316,3.809999942779541,3.869999885559082,479895121,yfinance,False
2018-06-27,2.0310940742492676,3.7899999618530273,3.880000114440918,3.7899999618530273,3.859999895095825,506495266,yfinance,False
2018-06-28,2.052530288696289,3.8299999237060547,3.8399999141693115,3.759999990463257,3.7699999809265137,405607063,yfinance,False
2018-06-29,2.0846846103668213,3.890000104904175,3.9000000953674316,3.819999933242798,3.8299999237060547,359222876,yfinance,False
2018-07-03,2.057889461517334,3.8399999141693115,3.869999885559082,3.759999990463257,3.8299999237060547,684899302,yfinance,False
2018-07-04,2.0686075687408447,3.859999895095825,3.9100000858306885,3.8399999141693115,3.859999895095825,460325574,yfinance,False
2018-07-05,2.086500406265259,3.680000066757202,3.700000047683716,3.619999885559082,3.680000066757202,292810499,yfinance,False
2018-07-06,2.0808308124542236,3.6700000762939453,3.7200000286102295,3.609999895095825,3.690000057220459,343653088,yfinance,False
2018-07-09,2.0921707153320312,3.690000057220459,3.75,3.680000066757202,3.700000047683716,424596186,yfinance,False
2018-07-10,2.1035099029541016,3.7100000381469727,3.740000009536743,3.700000047683716,3.7100000381469727,327048051,yfinance,False
2018-07-11,2.0638210773468018,3.640000104904175,3.6500000953674316,3.609999895095825,3.630000114440918,371355401,yfinance,False
2018-07-12,2.0751612186431885,3.6600000858306885,3.690000057220459,3.630000114440918,3.6600000858306885,309888328,yfinance,False
2018-07-13,2.0581514835357666,3.630000114440918,3.690000057220459,3.619999885559082,3.690000057220459,261928758,yfinance,False
2018-07-16,2.0524818897247314,3.619999885559082,3.630000114440918,3.569999933242798,3.609999895095825,306970074,yfinance,False
2018-07-17,2.029801845550537,3.5799999237060547,3.619999885559082,3.559999942779541,3.619999885559082,310294921,yfinance,False
2018-07-18,2.029801845550537,3.5799999237060547,3.609999895095825,3.549999952316284,3.5799999237060547,334592695,yfinance,False
2018-07-19,2.0184621810913086,3.559999942779541,3.609999895095825,3.559999942779541,3.609999895095825,211984563,yfinance,False
2018-07-20,2.046811819076538,3.609999895095825,3.640000104904175,3.5199999809265137,3.569999933242798,347506394,yfinance,False
2018-07-23,2.0524818897247314,3.619999885559082,3.6500000953674316,3.569999933242798,3.5899999141693115,313125328,yfinance,False
2018-07-24,2.086500406265259,3.680000066757202,3.7100000381469727,3.5999999046325684,3.5999999046325684,367627204,yfinance,False
2018-07-25,2.0921707153320312,3.690000057220459,3.7300000190734863,3.680000066757202,3.7200000286102295,270460990,yfinance,False
2018-07-26,2.0921707153320312,3.690000057220459,3.7300000190734863,3.6600000858306885,3.7200000286102295,234388072,yfinance,False
2018-07-27,2.0921707153320312,3.690000057220459,3.700000047683716,3.6600000858306885,3.680000066757202,190039532,yfinance,False
2018-07-30,2.0978403091430664,3.700000047683716,3.7200000286102295,3.6700000762939453,3.680000066757202,163971848,yfinance,False
2018-07-31,2.086500406265259,3.680000066757202,3.700000047683716,3.6600000858306885,3.6700000762939453,168486023,yfinance,False
2018-08-01,2.086500406265259,3.680000066757202,3.7200000286102295,3.6600000858306885,3.7100000381469727,199801191,yfinance,False
2018-08-02,2.046811819076538,3.609999895095825,3.680000066757202,3.5899999141693115,3.6600000858306885,307920738,yfinance,False
2018-08-03,2.046811819076538,3.609999895095825,3.619999885559082,3.569999933242798,3.5899999141693115,184816985,yfinance,False
2018-08-06,2.046811819076538,3.609999895095825,3.6600000858306885,3.5999999046325684,3.619999885559082,189696153,yfinance,False
2018-08-07,2.069491147994995,3.6500000953674316,3.6600000858306885,3.609999895095825,3.630000114440918,216157642,yfinance,False
2018-08-08,2.0581514835357666,3.630000114440918,3.6600000858306885,3.609999895095825,3.6500000953674316,215365540,yfinance,False
2018-08-09,2.069491147994995,3.6500000953674316,3.6600000858306885,3.5899999141693115,3.5899999141693115,230275455,yfinance,False
2018-08-10,2.0524818897247314,3.619999885559082,3.6600000858306885,3.5999999046325684,3.6500000953674316,219157328,yfinance,False
2018-08-13,2.0184621810913086,3.559999942779541,3.5899999141693115,3.5399999618530273,3.5799999237060547,270620120,yfinance,False
2018-08-14,2.0184621810913086,3.559999942779541,3.5799999237060547,3.5299999713897705,3.5799999237060547,243870383,yfinance,False
2018-08-15,2.001452922821045,3.5299999713897705,3.559999942779541,3.509999990463257,3.5399999618530273,282427652,yfinance,False
2018-08-16,1.9957832098007202,3.5199999809265137,3.569999933242798,3.490000009536743,3.5,275769630,yfinance,False
2018-08-17,2.007122755050659,3.5399999618530273,3.559999942779541,3.5199999809265137,3.5399999618530273,188357023,yfinance,False
2018-08-20,2.0184621810913086,3.559999942779541,3.569999933242798,3.509999990463257,3.549999952316284,226473564,yfinance,False
2018-08-21,2.0184621810913086,3.559999942779541,3.5799999237060547,3.549999952316284,3.569999933242798,238534835,yfinance,False
2018-08-22,2.029801845550537,3.5799999237060547,3.5799999237060547,3.5299999713897705,3.549999952316284,269029064,yfinance,False
2018-08-23,2.0127923488616943,3.549999952316284,3.5899999141693115,3.5399999618530273,3.569999933242798,247570379,yfinance,False
2018-08-24,2.007122755050659,3.5399999618530273,3.549999952316284,3.5199999809265137,3.5299999713897705,279465912,yfinance,False
2018-08-27,2.0411415100097656,3.5999999046325684,3.609999895095825,3.5399999618530273,3.549999952316284,462469493,yfinance,False
2018-08-28,2.0581514835357666,3.630000114440918,3.6500000953674316,3.5999999046325684,3.609999895095825,248882773,yfinance,False
2018-08-29,2.046811819076538,3.609999895095825,3.609999895095825,3.569999933242798,3.5999999046325684,237332367,yfinance,False
2018-08-30,2.024132013320923,3.569999933242798,3.630000114440918,3.549999952316284,3.619999885559082,185660963,yfinance,False
2018-08-31,2.001452922821045,3.5299999713897705,3.549999952316284,3.5199999809265137,3.549999952316284,359900115,yfinance,False
2018-09-03,1.9957832098007202,3.5199999809265137,3.5399999618530273,3.490000009536743,3.5199999809265137,305346975,yfinance,False
2018-09-04,2.001452922821045,3.5299999713897705,3.5399999618530273,3.509999990463257,3.5199999809265137,208551797,yfinance,False
2018-09-05,1.9674339294433594,3.4700000286102295,3.5399999618530273,3.4700000286102295,3.5199999809265137,363913474,yfinance,False
2018-09-06,1.9504244327545166,3.440000057220459,3.4800000190734863,3.4100000858306885,3.4600000381469727,397574154,yfinance,False
2018-09-07,1.944754719734192,3.430000066757202,3.4600000381469727,3.4000000953674316,3.440000057220459,567329432,yfinance,False
2018-09-10,1.9220755100250244,3.390000104904175,3.4200000762939453,3.359999895095825,3.4200000762939453,320927280,yfinance,False
2018-09-11,1.9050654172897339,3.359999895095825,3.4000000953674316,3.359999895095825,3.359999895095825,231749076,yfinance,False
2018-09-12,1.882386326789856,3.319999933242798,3.359999895095825,3.309999942779541,3.3499999046325684,377546352,yfinance,False
2018-09-13,1.9277451038360596,3.4000000953674316,3.4100000858306885,3.369999885559082,3.369999885559082,270315440,yfinance,False
2018-09-14,1.9334149360656738,3.4100000858306885,3.440000057220459,3.390000104904175,3.4200000762939453,142324690,yfinance,False
2018-09-17,1.9220755100250244,3.390000104904175,3.4200000762939453,3.359999895095825,3.4000000953674316,181671619,yfinance,False
2018-09-18,1.9277451038360596,3.4000000953674316,3.4100000858306885,3.359999895095825,3.369999885559082,287170628,yfinance,False
2018-09-19,1.9390846490859985,3.4200000762939453,3.440000057220459,3.4000000953674316,3.4200000762939453,230539211,yfinance,False
2018-09-20,1.944754719734192,3.430000066757202,3.4700000286102295,3.4200000762939453,3.450000047683716,175746914,yfinance,False
2018-09-21,1.9957832098007202,3.5199999809265137,3.5399999618530273,3.4600000381469727,3.4700000286102295,393921372,yfinance,False
2018-09-24,1.9617642164230347,3.4600000381469727,3.5,3.440000057220459,3.4600000381469727,239296460,yfinance,False
2018-09-26,1.9787732362747192,3.490000009536743,3.5399999618530273,3.450000047683716,3.4700000286102295,367428100,yfinance,False
2018-09-27,1.9787732362747192,3.490000009536743,3.509999990463257,3.4600000381469727,3.490000009536743,228112298,yfinance,False
2018-09-28,1.9731037616729736,3.4800000190734863,3.5199999809265137,3.4700000286102295,3.490000009536743,232063346,yfinance,False
2018-10-02,1.9277451038360596,3.4000000953674316,3.4700000286102295,3.380000114440918,3.450000047683716,286950375,yfinance,False
2018-10-03,1.9220755100250244,3.390000104904175,3.4200000762939453,3.380000114440918,3.380000114440918,137098156,yfinance,False
2018-10-04,1.8880561590194702,3.3299999237060547,3.380000114440918,3.3299999237060547,3.380000114440918,286550800,yfinance,False
2018-10-05,1.8880561590194702,3.3299999237060547,3.3399999141693115,3.309999942779541,3.319999933242798,292804313,yfinance,False
2018-10-08,1.8767163753509521,3.309999942779541,3.369999885559082,3.309999942779541,3.3499999046325684,305245178,yfinance,False
2018-10-09,1.8880561590194702,3.3299999237060547,3.3499999046325684,3.299999952316284,3.299999952316284,173730676,yfinance,False
2018-10-10,1.8937259912490845,3.3399999141693115,3.380000114440918,3.3299999237060547,3.359999895095825,215849513,yfinance,False
2018-10-11,1.8540371656417847,3.2699999809265137,3.2799999713897705,3.2200000286102295,3.240000009536743,595855447,yfinance,False
2018-10-12,1.8767163753509521,3.309999942779541,3.3299999237060547,3.259999990463257,3.299999952316284,290519307,yfinance,False
2018-10-15,1.8426977396011353,3.25,3.2899999618530273,3.240000009536743,3.2899999618530273,266829437,yfinance,False
2018-10-16,1.8426977396011353,3.25,3.2799999713897705,3.2300000190734863,3.259999990463257,272678220,yfinance,False
2018-10-18,1.831357479095459,3.2300000190734863,3.2699999809265137,3.2200000286102295,3.2699999809265137,241354726,yfinance,False
2018-10-19,1.8597068786621094,3.2799999713897705,3.309999942779541,3.200000047683716,3.2200000286102295,324848738,yfinance,False
2018-10-22,1.8937259912490845,3.3399999141693115,3.369999885559082,3.2799999713897705,3.2799999713897705,309029852,yfinance,False
2018-10-23,1.8540371656417847,3.2699999809265137,3.3299999237060547,3.2300000190734863,3.3299999237060547,421680917,yfinance,False
2018-10-24,1.8540371656417847,3.2699999809265137,3.319999933242798,3.25,3.2799999713897705,286740826,yfinance,False
2018-10-25,1.8540371656417847,3.2699999809265137,3.2699999809265137,3.2200000286102295,3.2200000286102295,228688814,yfinance,False
2018-10-26,1.8483673334121704,3.259999990463257,3.2799999713897705,3.2300000190734863,3.25,195858287,yfinance,False
2018-10-29,1.8540371656417847,3.2699999809265137,3.2899999618530273,3.25,3.2799999713897705,348004378,yfinance,False
2018-10-30,1.8710466623306274,3.299999952316284,3.3499999046325684,3.240000009536743,3.2699999809265137,372317706,yfinance,False
2018-10-31,1.8937259912490845,3.3399999141693115,3.3499999046325684,3.309999942779541,3.319999933242798,239423074,yfinance,False
2018-11-01,1.9107351303100586,3.369999885559082,3.380000114440918,3.3399999141693115,3.359999895095825,281115874,yfinance,False
2018-11-02,1.9617642164230347,3.4600000381469727,3.4800000190734863,3.4100000858306885,3.4100000858306885,475529621,yfinance,False
2018-11-05,1.9334149360656738,3.4100000858306885,3.440000057220459,3.380000114440918,3.4100000858306885,257358916,yfinance,False
2018-11-06,1.9390846490859985,3.4200000762939453,3.4200000762939453,3.380000114440918,3.4100000858306885,259112462,yfinance,False
2018-11-07,1.944754719734192,3.430000066757202,3.4600000381469727,3.390000104904175,3.4200000762939453,221521462,yfinance,False
2018-11-08,1.9504244327545166,3.440000057220459,3.4600000381469727,3.430000066757202,3.450000047683716,308261314,yfinance,False
2018-11-09,1.8993955850601196,3.3499999046325684,3.4200000762939453,3.309999942779541,3.4100000858306885,370074494,yfinance,False
2018-11-12,1.8937259912490845,3.3399999141693115,3.380000114440918,3.3299999237060547,3.3399999141693115,216356340,yfinance,False
2018-11-13,1.8937259912490845,3.3399999141693115,3.3399999141693115,3.2799999713897705,3.299999952316284,319395171,yfinance,False
2018-11-14,1.8880561590194702,3.3299999237060547,3.3499999046325684,3.309999942779541,3.3399999141693115,214633997,yfinance,False
2018-11-15,1.9050654172897339,3.359999895095825,3.369999885559082,3.309999942779541,3.3399999141693115,235347034,yfinance,False
2018-11-16,1.9107351303100586,3.369999885559082,3.380000114440918,3.3299999237060547,3.3499999046325684,258333729,yfinance,False
2018-11-19,1.9220755100250244,3.390000104904175,3.4000000953674316,3.359999895095825,3.359999895095825,187983899,yfinance,False
2018-11-20,1.9050654172897339,3.359999895095825,3.369999885559082,3.3399999141693115,3.3499999046325684,156855973,yfinance,False
2018-11-21,1.9164053201675415,3.380000114440918,3.380000114440918,3.319999933242798,3.319999933242798,182490613,yfinance,False
2018-11-22,1.9164053201675415,3.380000114440918,3.390000104904175,3.3499999046325684,3.390000104904175,116413589,yfinance,False
2018-11-23,1.9107351303100586,3.369999885559082,3.380000114440918,3.3499999046325684,3.359999895095825,127496429,yfinance,False
2018-11-26,1.9390846490859985,3.4200000762939453,3.430000066757202,3.369999885559082,3.380000114440918,234568439,yfinance,False
2018-11-27,1.944754719734192,3.430000066757202,3.440000057220459,3.4000000953674316,3.440000057220459,230880346,yfinance,False
2018-11-28,1.9617642164230347,3.4600000381469727,3.4600000381469727,3.4200000762939453,3.4200000762939453,214060135,yfinance,False
2018-11-29,1.944754719734192,3.430000066757202,3.5,3.4200000762939453,3.4800000190734863,220853636,yfinance,False
2018-11-30,1.9390846490859985,3.4200000762939453,3.4600000381469727,3.4200000762939453,3.440000057220459,468876379,yfinance,False
2018-12-03,1.9844435453414917,3.5,3.509999990463257,3.4800000190734863,3.4800000190734863,407893275,yfinance,False
2018-12-04,1.9787732362747192,3.490000009536743,3.5,3.450000047683716,3.4800000190734863,342281769,yfinance,False
2018-12-05,1.9504244327545166,3.440000057220459,3.4600000381469727,3.4200000762939453,3.430000066757202,175105924,yfinance,False
2018-12-06,1.9107351303100586,3.369999885559082,3.4100000858306885,3.3499999046325684,3.4100000858306885,289183387,yfinance,False
2018-12-07,1.8767163753509521,3.309999942779541,3.380000114440918,3.309999942779541,3.369999885559082,573690289,yfinance,False
2018-12-10,1.8540371656417847,3.2699999809265137,3.299999952316284,3.259999990463257,3.2799999713897705,291344216,yfinance,False
2018-12-11,1.8540371656417847,3.2699999809265137,3.2899999618530273,3.259999990463257,3.259999990463257,186310016,yfinance,False
2018-12-12,1.8767163753509521,3.309999942779541,3.319999933242798,3.2899999618530273,3.309999942779541,228642514,yfinance,False
2018-12-13,1.8993955850601196,3.3499999046325684,3.359999895095825,3.319999933242798,3.3399999141693115,297211626,yfinance,False
2018-12-14,1.8767163753509521,3.309999942779541,3.3299999237060547,3.299999952316284,3.3299999237060547,186624634,yfinance,False
2018-12-17,1.882386326789856,3.319999933242798,3.3399999141693115,3.309999942779541,3.3299999237060547,160201991,yfinance,False
2018-12-18,1.8653767108917236,3.2899999618530273,3.3399999141693115,3.2799999713897705,3.299999952316284,218079021,yfinance,False
2018-12-19,1.8767163753509521,3.309999942779541,3.3299999237060547,3.2899999618530273,3.299999952316284,184010987,yfinance,False
2018-12-20,1.8767163753509521,3.309999942779541,3.319999933242798,3.2699999809265137,3.2799999713897705,302737952,yfinance,False
2018-12-21,1.882386326789856,3.319999933242798,3.319999933242798,3.2799999713897705,3.309999942779541,292446591,yfinance,False
2018-12-24,1.8880561590194702,3.3299999237060547,3.380000114440918,3.2799999713897705,3.2899999618530273,321548129,yfinance,False
2018-12-27,1.8880561590194702,3.3299999237060547,3.380000114440918,3.3299999237060547,3.380000114440918,199085769,yfinance,False
2018-12-28,1.8937259912490845,3.3399999141693115,3.359999895095825,3.319999933242798,3.359999895095825,170609663,yfinance,False
2018-12-31,1.9164053201675415,3.380000114440918,3.380000114440918,3.3499999046325684,3.369999885559082,134772267,yfinance,False
2019-01-02,1.882386326789856,3.319999933242798,3.390000104904175,3.299999952316284,3.380000114440918,201718634,yfinance,False
2019-01-03,1.8880561590194702,3.3299999237060547,3.3399999141693115,3.299999952316284,3.309999942779541,176881167,yfinance,False
2019-01-04,1.9107351303100586,3.369999885559082,3.380000114440918,3.299999952316284,3.299999952316284,279999561,yfinance,False
2019-01-07,1.9164053201675415,3.380000114440918,3.4200000762939453,3.359999895095825,3.390000104904175,203886068,yfinance,False
2019-01-08,1.9164053201675415,3.380000114440918,3.390000104904175,3.3499999046325684,3.369999885559082,214300659,yfinance,False
2019-01-09,1.9390846490859985,3.4200000762939453,3.450000047683716,3.4000000953674316,3.4200000762939453,421770446,yfinance,False
2019-01-10,1.9390846490859985,3.4200000762939453,3.430000066757202,3.380000114440918,3.4000000953674316,258666449,yfinance,False
2019-01-11,1.9390846490859985,3.4200000762939453,3.430000066757202,3.390000104904175,3.4100000858306885,314426971,yfinance,False
2019-01-14,1.9164053201675415,3.380000114440918,3.4100000858306885,3.359999895095825,3.4100000858306885,279391823,yfinance,False
2019-01-15,1.944754719734192,3.430000066757202,3.450000047683716,3.390000104904175,3.4000000953674316,422295840,yfinance,False
2019-01-16,1.9504244327545166,3.440000057220459,3.440000057220459,3.390000104904175,3.430000066757202,285432596,yfinance,False
2019-01-17,1.9560940265655518,3.450000047683716,3.4600000381469727,3.4200000762939453,3.430000066757202,296672736,yfinance,False
2019-01-18,1.9674339294433594,3.4700000286102295,3.4800000190734863,3.450000047683716,3.4700000286102295,228277811,yfinance,False
2019-01-21,1.9901132583618164,3.509999990463257,3.5199999809265137,3.4600000381469727,3.4600000381469727,298841404,yfinance,False
2019-01-22,1.9731037616729736,3.4800000190734863,3.5299999713897705,3.4600000381469727,3.5199999809265137,260334532,yfinance,False
2019-01-23,1.9731037616729736,3.4800000190734863,3.5,3.4600000381469727,3.4600000381469727,156238720,yfinance,False
2019-01-24,1.9844435453414917,3.5,3.5,3.4700000286102295,3.490000009536743,160229927,yfinance,False
2019-01-25,2.0354716777801514,3.5899999141693115,3.5899999141693115,3.509999990463257,3.5199999809265137,529193136,yfinance,False
2019-01-28,2.0411415100097656,3.5999999046325684,3.619999885559082,3.5799999237060547,3.5999999046325684,293351978,yfinance,False
2019-01-29,2.0411415100097656,3.5999999046325684,3.609999895095825,3.549999952316284,3.609999895095825,226578771,yfinance,False
2019-01-30,2.0411415100097656,3.5999999046325684,3.609999895095825,3.559999942779541,3.5999999046325684,246749087,yfinance,False
2019-01-31,2.0524818897247314,3.619999885559082,3.680000066757202,3.5999999046325684,3.619999885559082,372654237,yfinance,False
2019-02-01,2.046811819076538,3.609999895095825,3.6500000953674316,3.5899999141693115,3.6500000953674316,352670226,yfinance,False
2019-02-04,2.046811819076538,3.609999895095825,3.619999885559082,3.5899999141693115,3.5999999046325684,155707378,yfinance,False
2019-02-08,2.0354716777801514,3.5899999141693115,3.609999895095825,3.549999952316284,3.5799999237060547,258703971,yfinance,False
2019-02-11,2.0354716777801514,3.5899999141693115,3.5999999046325684,3.559999942779541,3.569999933242798,152573513,yfinance,False
2019-02-12,2.0354716777801514,3.5899999141693115,3.5999999046325684,3.569999933242798,3.5799999237060547,194477882,yfinance,False
2019-02-13,2.046811819076538,3.609999895095825,3.619999885559082,3.5899999141693115,3.5999999046325684,270499697,yfinance,False
2019-02-14,2.046811819076538,3.609999895095825,3.619999885559082,3.5899999141693115,3.5999999046325684,199405374,yfinance,False
2019-02-15,1.9957832098007202,3.5199999809265137,3.5999999046325684,3.5199999809265137,3.5999999046325684,336652873,yfinance,False
2019-02-18,2.029801845550537,3.5799999237060547,3.5899999141693115,3.559999942779541,3.569999933242798,177046687,yfinance,False
2019-02-19,2.024132013320923,3.569999933242798,3.5999999046325684,3.559999942779541,3.569999933242798,207258513,yfinance,False
2019-02-20,2.0411415100097656,3.5999999046325684,3.609999895095825,3.5799999237060547,3.5899999141693115,233280141,yfinance,False
2019-02-21,2.0411415100097656,3.5999999046325684,3.619999885559082,3.5799999237060547,3.5999999046325684,234147758,yfinance,False
2019-02-22,2.046811819076538,3.609999895095825,3.609999895095825,3.569999933242798,3.5999999046325684,298464550,yfinance,False
2019-02-25,2.1205193996429443,3.740000009536743,3.75,3.619999885559082,3.619999885559082,754574642,yfinance,False
2019-02-26,2.109179973602295,3.7200000286102295,3.7799999713897705,3.690000057220459,3.759999990463257,576292348,yfinance,False
2019-02-27,2.0751612186431885,3.6600000858306885,3.759999990463257,3.6600000858306885,3.740000009536743,508870517,yfinance,False
2019-02-28,2.0751612186431885,3.6600000858306885,3.700000047683716,3.630000114440918,3.6700000762939453,407215565,yfinance,False
2019-03-01,2.0808308124542236,3.6700000762939453,3.700000047683716,3.6500000953674316,3.6700000762939453,304130266,yfinance,False
2019-03-04,2.109179973602295,3.7200000286102295,3.75,3.6700000762939453,3.6700000762939453,471193997,yfinance,False
2019-03-05,2.114849805831909,3.7300000190734863,3.7300000190734863,3.680000066757202,3.7100000381469727,295393449,yfinance,False
2019-03-06,2.114849805831909,3.7300000190734863,3.75,3.7100000381469727,3.7200000286102295,316735753,yfinance,False
2019-03-07,2.1035099029541016,3.7100000381469727,3.75,3.700000047683716,3.75,262386582,yfinance,False
2019-03-08,2.046811819076538,3.609999895095825,3.680000066757202,3.5999999046325684,3.6600000858306885,633067293,yfinance,False
2019-03-11,2.0638210773468018,3.640000104904175,3.6500000953674316,3.609999895095825,3.630000114440918,197573557,yfinance,False
2019-03-12,2.0978403091430664,3.700000047683716,3.7100000381469727,3.6500000953674316,3.6500000953674316,280255211,yfinance,False
2019-03-13,2.0751612186431885,3.6600000858306885,3.700000047683716,3.640000104904175,3.690000057220459,210568050,yfinance,False
2019-03-14,2.0751612186431885,3.6600000858306885,3.6700000762939453,3.630000114440918,3.6600000858306885,160117221,yfinance,False
2019-03-15,2.086500406265259,3.680000066757202,3.700000047683716,3.6500000953674316,3.6500000953674316,246744190,yfinance,False
2019-03-18,2.1035099029541016,3.7100000381469727,3.7100000381469727,3.6700000762939453,3.690000057220459,196408273,yfinance,False
2019-03-19,2.109179973602295,3.7200000286102295,3.7300000190734863,3.690000057220459,3.700000047683716,178044846,yfinance,False
2019-03-20,2.086500406265259,3.680000066757202,3.7100000381469727,3.680000066757202,3.700000047683716,164082198,yfinance,False
2019-03-21,2.0751612186431885,3.6600000858306885,3.700000047683716,3.6500000953674316,3.690000057220459,246574786,yfinance,False
2019-03-22,2.0751612186431885,3.6600000858306885,3.690000057220459,3.630000114440918,3.680000066757202,195095191,yfinance,False
2019-03-25,2.0354716777801514,3.5899999141693115,3.619999885559082,3.5799999237060547,3.619999885559082,435051702,yfinance,False
2019-03-26,2.029801845550537,3.5799999237060547,3.619999885559082,3.559999942779541,3.609999895095825,223891896,yfinance,False
2019-03-27,2.029801845550537,3.5799999237060547,3.5999999046325684,3.559999942779541,3.5799999237060547,286442799,yfinance,False
2019-03-28,2.0354716777801514,3.5899999141693115,3.5899999141693115,3.559999942779541,3.5799999237060547,226484123,yfinance,False
2019-03-29,2.0184621810913086,3.559999942779541,3.619999885559082,3.559999942779541,3.5899999141693115,407850272,yfinance,False
2019-04-01,2.0921707153320312,3.690000057220459,3.700000047683716,3.619999885559082,3.619999885559082,349490020,yfinance,False
2019-04-02,2.1035099029541016,3.7100000381469727,3.7200000286102295,3.680000066757202,3.690000057220459,368569357,yfinance,False
2019-04-03,2.1261894702911377,3.75,3.75,3.7100000381469727,3.7200000286102295,380241032,yfinance,False
2019-04-04,2.1261894702911377,3.75,3.75,3.7200000286102295,3.740000009536743,283936920,yfinance,False
2019-04-08,2.137529134750366,3.7699999809265137,3.7799999713897705,3.75,3.7699999809265137,331321841,yfinance,False
2019-04-09,2.1431989669799805,3.7799999713897705,3.7899999618530273,3.75,3.759999990463257,377191073,yfinance,False
2019-04-10,2.1261894702911377,3.75,3.7799999713897705,3.75,3.759999990463257,198341954,yfinance,False
2019-04-11,2.109179973602295,3.7200000286102295,3.759999990463257,3.700000047683716,3.759999990463257,313551546,yfinance,False
2019-04-12,2.109179973602295,3.7200000286102295,3.7200000286102295,3.680000066757202,3.7100000381469727,224748533,yfinance,False
2019-04-15,2.1035099029541016,3.7100000381469727,3.799999952316284,3.7100000381469727,3.740000009536743,402116920,yfinance,False
2019-04-16,2.1602084636688232,3.809999942779541,3.8299999237060547,3.700000047683716,3.700000047683716,581162870,yfinance,False
2019-04-17,2.1658780574798584,3.819999933242798,3.8399999141693115,3.799999952316284,3.819999933242798,310040061,yfinance,False
2019-04-18,2.1602084636688232,3.809999942779541,3.819999933242798,3.7799999713897705,3.819999933242798,241431835,yfinance,False
2019-04-23,2.137529134750366,3.7699999809265137,3.7899999618530273,3.75,3.7799999713897705,360369586,yfinance,False
2019-04-24,2.1205193996429443,3.740000009536743,3.799999952316284,3.7200000286102295,3.799999952316284,312362445,yfinance,False
2019-04-25,2.109179973602295,3.7200000286102295,3.740000009536743,3.7100000381469727,3.7100000381469727,254968179,yfinance,False
2019-04-26,2.114849805831909,3.7300000190734863,3.740000009536743,3.7100000381469727,3.7200000286102295,239896691,yfinance,False
2019-04-29,2.137529134750366,3.7699999809265137,3.7699999809265137,3.7200000286102295,3.740000009536743,177726265,yfinance,False
2019-04-30,2.137529134750366,3.7699999809265137,3.7699999809265137,3.7300000190734863,3.75,218667163,yfinance,False
2019-05-02,2.1261894702911377,3.75,3.759999990463257,3.7200000286102295,3.7200000286102295,130441906,yfinance,False
2019-05-03,2.131859540939331,3.759999990463257,3.759999990463257,3.7100000381469727,3.7300000190734863,181649076,yfinance,False
2019-05-06,2.0921707153320312,3.690000057220459,3.7100000381469727,3.630000114440918,3.700000047683716,614236968,yfinance,False
2019-05-07,2.069491147994995,3.6500000953674316,3.700000047683716,3.6500000953674316,3.690000057220459,470083027,yfinance,False
2019-05-08,2.0411415100097656,3.5999999046325684,3.630000114440918,3.5899999141693115,3.609999895095825,474002583,yfinance,False
2019-05-09,1.9901132583618164,3.509999990463257,3.5899999141693115,3.490000009536743,3.5799999237060547,637022619,yfinance,False
2019-05-10,1.9901132583618164,3.509999990463257,3.569999933242798,3.490000009536743,3.5299999713897705,507821369,yfinance,False
2019-05-14,1.9674339294433594,3.4700000286102295,3.4800000190734863,3.430000066757202,3.440000057220459,428546275,yfinance,False
2019-05-15,1.9787732362747192,3.490000009536743,3.5199999809265137,3.4700000286102295,3.4700000286102295,372703823,yfinance,False
2019-05-16,1.9844435453414917,3.5,3.5199999809265137,3.4700000286102295,3.490000009536743,332822321,yfinance,False
2019-05-17,1.9787732362747192,3.490000009536743,3.5299999713897705,3.4800000190734863,3.5299999713897705,346237232,yfinance,False
2019-05-20,1.9901132583618164,3.509999990463257,3.5299999713897705,3.490000009536743,3.5,473521873,yfinance,False
2019-05-21,2.0184621810913086,3.559999942779541,3.5999999046325684,3.5,3.5,644630364,yfinance,False
2019-05-22,2.029801845550537,3.5799999237060547,3.5999999046325684,3.559999942779541,3.559999942779541,538833877,yfinance,False
2019-05-23,2.0001766681671143,3.319999933242798,3.369999885559082,3.299999952316284,3.369999885559082,523326086,yfinance,False
2019-05-24,1.982102632522583,3.2899999618530273,3.319999933242798,3.2699999809265137,3.299999952316284,479767626,yfinance,False
2019-05-27,1.9640291929244995,3.259999990463257,3.2899999618530273,3.25,3.2699999809265137,252459548,yfinance,False
2019-05-28,1.958004117012024,3.25,3.2899999618530273,3.25,3.259999990463257,494460867,yfinance,False
2019-05-29,1.9339056015014648,3.2100000381469727,3.240000009536743,3.2100000381469727,3.240000009536743,495336391,yfinance,False
2019-05-30,1.958004117012024,3.25,3.2699999809265137,3.2200000286102295,3.2200000286102295,334198512,yfinance,False
2019-05-31,1.958004117012024,3.25,3.2699999809265137,3.2300000190734863,3.25,266323489,yfinance,False
2019-06-03,1.9459547996520996,3.2300000190734863,3.25,3.2200000286102295,3.2300000190734863,283735397,yfinance,False
2019-06-04,1.9339056015014648,3.2100000381469727,3.25,3.200000047683716,3.240000009536743,309081779,yfinance,False
2019-06-05,1.927881121635437,3.200000047683716,3.259999990463257,3.200000047683716,3.240000009536743,351820944,yfinance,False
2019-06-06,1.927881121635437,3.200000047683716,3.2200000286102295,3.190000057220459,3.2100000381469727,366011446,yfinance,False
2019-06-10,1.951979637145996,3.240000009536743,3.259999990463257,3.200000047683716,3.200000047683716,318887840,yfinance,False
2019-06-11,1.9640291929244995,3.259999990463257,3.2899999618530273,3.240000009536743,3.25,257662063,yfinance,False
2019-06-12,1.9399302005767822,3.2200000286102295,3.259999990463257,3.2100000381469727,3.25,352129579,yfinance,False
2019-06-13,1.9399302005767822,3.2200000286102295,3.2300000190734863,3.190000057220459,3.2100000381469727,290734721,yfinance,False
2019-06-14,1.927881121635437,3.200000047683716,3.2300000190734863,3.190000057220459,3.2100000381469727,291164634,yfinance,False
2019-06-17,1.927881121635437,3.200000047683716,3.2300000190734863,3.200000047683716,3.2100000381469727,245725653,yfinance,False
2019-06-18,1.9399302005767822,3.2200000286102295,3.2300000190734863,3.190000057220459,3.2100000381469727,241958458,yfinance,False
2019-06-19,1.958004117012024,3.25,3.2799999713897705,3.240000009536743,3.25,349235043,yfinance,False
2019-06-20,1.9760781526565552,3.2799999713897705,3.2899999618530273,3.25,3.25,253878067,yfinance,False
2019-06-21,1.970053791999817,3.2699999809265137,3.299999952316284,3.2699999809265137,3.2799999713897705,340737733,yfinance,False
2019-06-24,1.970053791999817,3.2699999809265137,3.2899999618530273,3.259999990463257,3.2799999713897705,204946830,yfinance,False
2019-06-25,1.9459547996520996,3.2300000190734863,3.2799999713897705,3.2100000381469727,3.2799999713897705,412272864,yfinance,False
2019-06-26,1.958004117012024,3.25,3.259999990463257,3.2100000381469727,3.2100000381469727,192326185,yfinance,False
2019-06-27,1.982102632522583,3.2899999618530273,3.309999942779541,3.25,3.2699999809265137,353211613,yfinance,False
2019-06-28,1.9881274700164795,3.299999952316284,3.309999942779541,3.2799999713897705,3.299999952316284,249879971,yfinance,False
2019-07-02,1.9941520690917969,3.309999942779541,3.3399999141693115,3.299999952316284,3.309999942779541,393480721,yfinance,False
2019-07-03,1.9881274700164795,3.299999952316284,3.319999933242798,3.2799999713897705,3.309999942779541,153801401,yfinance,False
2019-07-04,1.9881274700164795,3.299999952316284,3.319999933242798,3.2899999618530273,3.319999933242798,87060946,yfinance,False
2019-07-05,1.9760781526565552,3.2799999713897705,3.299999952316284,3.2699999809265137,3.2899999618530273,72003023,yfinance,False
2019-07-08,1.958004117012024,3.25,3.2699999809265137,3.2300000190734863,3.259999990463257,152776735,yfinance,False
2019-07-09,1.9459547996520996,3.2300000190734863,3.259999990463257,3.2300000190734863,3.259999990463257,167276623,yfinance,False
2019-07-10,1.951979637145996,3.240000009536743,3.259999990463257,3.2300000190734863,3.25,108853463,yfinance,False
2019-07-11,1.958004117012024,3.25,3.2799999713897705,3.240000009536743,3.25,137843739,yfinance,False
2019-07-12,1.9640291929244995,3.259999990463257,3.2899999618530273,3.25,3.25,223029476,yfinance,False
2019-07-15,1.9640291929244995,3.259999990463257,3.2799999713897705,3.2300000190734863,3.240000009536743,184499413,yfinance,False
2019-07-16,1.970053791999817,3.2699999809265137,3.2899999618530273,3.259999990463257,3.2699999809265137,152674466,yfinance,False
2019-07-17,1.9640291929244995,3.259999990463257,3.2699999809265137,3.240000009536743,3.25,118571673,yfinance,False
2019-07-18,1.9640291929244995,3.259999990463257,3.2699999809265137,3.240000009536743,3.259999990463257,168362169,yfinance,False
2019-07-19,1.982102632522583,3.2899999618530273,3.309999942779541,3.259999990463257,3.2699999809265137,238299115,yfinance,False
2019-07-22,1.9640291929244995,3.259999990463257,3.299999952316284,3.25,3.2899999618530273,141492942,yfinance,False
2019-07-23,1.9640291929244995,3.259999990463257,3.2899999618530273,3.259999990463257,3.2799999713897705,99379954,yfinance,False
2019-07-24,1.970053791999817,3.2699999809265137,3.299999952316284,3.259999990463257,3.259999990463257,172600061,yfinance,False
2019-07-25,1.9760781526565552,3.2799999713897705,3.2799999713897705,3.259999990463257,3.2799999713897705,123237490,yfinance,False
2019-07-26,1.9640291929244995,3.259999990463257,3.259999990463257,3.240000009536743,3.259999990463257,226033947,yfinance,False
2019-07-29,1.9399302005767822,3.2200000286102295,3.259999990463257,3.2200000286102295,3.240000009536743,241861729,yfinance,False
2019-07-30,1.9459547996520996,3.2300000190734863,3.240000009536743,3.2200000286102295,3.2200000286102295,107931769,yfinance,False
2019-07-31,1.927881121635437,3.200000047683716,3.2300000190734863,3.200000047683716,3.2200000286102295,207773369,yfinance,False
2019-08-01,1.9158319234848022,3.180000066757202,3.2100000381469727,3.180000066757202,3.190000057220459,300998219,yfinance,False
2019-08-02,1.8857085704803467,3.130000114440918,3.140000104904175,3.119999885559082,3.130000114440918,407854234,yfinance,False
2019-08-05,1.837511658668518,3.049999952316284,3.119999885559082,3.049999952316284,3.109999895095825,359011910,yfinance,False
2019-08-06,1.819437861442566,3.0199999809265137,3.0399999618530273,3.0,3.009999990463257,382602900,yfinance,False
2019-08-07,1.819437861442566,3.0199999809265137,3.0399999618530273,3.0,3.0199999809265137,254974788,yfinance,False
2019-08-08,1.819437861442566,3.0199999809265137,3.049999952316284,3.0199999809265137,3.0199999809265137,235310144,yfinance,False
2019-08-09,1.8134132623672485,3.009999990463257,3.049999952316284,3.0,3.0299999713897705,214447418,yfinance,False
2019-08-12,1.807388424873352,3.0,3.0299999713897705,3.0,3.009999990463257,169550715,yfinance,False
2019-08-13,1.7893145084381104,2.9700000286102295,3.009999990463257,2.9600000381469727,2.990000009536743,340058359,yfinance,False
2019-08-14,1.7953391075134277,2.9800000190734863,3.0199999809265137,2.9700000286102295,3.0,223336962,yfinance,False
2019-08-15,1.8013639450073242,2.990000009536743,3.009999990463257,2.950000047683716,2.950000047683716,240348195,yfinance,False
2019-08-16,1.8013639450073242,2.990000009536743,3.009999990463257,2.9800000190734863,3.0,213793727,yfinance,False
2019-08-19,1.819437861442566,3.0199999809265137,3.0199999809265137,2.990000009536743,3.0199999809265137,278896168,yfinance,False
2019-08-20,1.8134132623672485,3.009999990463257,3.009999990463257,2.9800000190734863,3.0,198988420,yfinance,False
2019-08-21,1.8134132623672485,3.009999990463257,3.0199999809265137,2.990000009536743,3.0,250833017,yfinance,False
2019-08-22,1.8013639450073242,2.990000009536743,3.0199999809265137,2.990000009536743,3.0,171713033,yfinance,False
2019-08-23,1.8013639450073242,2.990000009536743,3.0,2.9800000190734863,3.0,229143608,yfinance,False
2019-08-26,1.783289909362793,2.9600000381469727,2.9700000286102295,2.9100000858306885,2.9600000381469727,409013806,yfinance,False
2019-08-27,1.7772653102874756,2.950000047683716,2.9800000190734863,2.950000047683716,2.9800000190734863,284696407,yfinance,False
2019-08-28,1.783289909362793,2.9600000381469727,2.9800000190734863,2.950000047683716,2.9700000286102295,166899692,yfinance,False
2019-08-29,1.783289909362793,2.9600000381469727,2.9700000286102295,2.940000057220459,2.9600000381469727,206139432,yfinance,False
2019-08-30,1.8013639450073242,2.990000009536743,3.0,2.9700000286102295,2.990000009536743,299318871,yfinance,False
2019-09-02,1.807388424873352,3.0,3.0,2.9700000286102295,2.9800000190734863,131943932,yfinance,False
2019-09-03,1.7953391075134277,2.9800000190734863,3.0,2.9700000286102295,2.9800000190734863,124352888,yfinance,False
2019-09-04,1.8314868211746216,3.0399999618530273,3.069999933242798,2.990000009536743,2.990000009536743,344290251,yfinance,False
2019-09-05,1.8555855751037598,3.0799999237060547,3.0899999141693115,3.0299999713897705,3.0299999713897705,223113445,yfinance,False
2019-09-06,1.861609935760498,3.0899999141693115,3.109999895095825,3.0799999237060547,3.109999895095825,204149685,yfinance,False
2019-09-09,1.861609935760498,3.0899999141693115,3.109999895095825,3.0799999237060547,3.0999999046325684,158837340,yfinance,False
2019-09-10,1.8676345348358154,3.0999999046325684,3.119999885559082,3.0899999141693115,3.109999895095825,152373932,yfinance,False
2019-09-11,1.9098073244094849,3.1700000762939453,3.180000066757202,3.109999895095825,3.119999885559082,300537140,yfinance,False
2019-09-12,1.9037827253341675,3.1600000858306885,3.2100000381469727,3.140000104904175,3.200000047683716,121932726,yfinance,False
2019-09-13,1.927881121635437,3.200000047683716,3.2100000381469727,3.1600000858306885,3.190000057220459,199079902,yfinance,False
2019-09-16,1.9158319234848022,3.180000066757202,3.190000057220459,3.1500000953674316,3.1700000762939453,159010648,yfinance,False
2019-09-17,1.8977580070495605,3.1500000953674316,3.1700000762939453,3.130000114440918,3.1600000858306885,170839996,yfinance,False
2019-09-18,1.8857085704803467,3.130000114440918,3.1700000762939453,3.130000114440918,3.1700000762939453,128108643,yfinance,False
2019-09-19,1.8736592531204224,3.109999895095825,3.1500000953674316,3.0899999141693115,3.130000114440918,141884279,yfinance,False
2019-09-20,1.8736592531204224,3.109999895095825,3.140000104904175,3.0999999046325684,3.130000114440918,230834087,yfinance,False
2019-09-23,1.8736592531204224,3.109999895095825,3.130000114440918,3.0799999237060547,3.119999885559082,161489534,yfinance,False
2019-09-24,1.861609935760498,3.0899999141693115,3.109999895095825,3.069999933242798,3.109999895095825,264868159,yfinance,False
2019-09-25,1.849561095237732,3.069999933242798,3.0999999046325684,3.059999942779541,3.0999999046325684,231686705,yfinance,False
2019-09-26,1.8555855751037598,3.0799999237060547,3.0899999141693115,3.059999942779541,3.0899999141693115,176736384,yfinance,False
2019-09-27,1.837511658668518,3.049999952316284,3.069999933242798,3.0399999618530273,3.059999942779541,218276258,yfinance,False
2019-09-30,1.8555855751037598,3.0799999237060547,3.0899999141693115,3.0299999713897705,3.0299999713897705,210640947,yfinance,False
2019-10-02,1.8555855751037598,3.0799999237060547,3.0799999237060547,3.0299999713897705,3.059999942779541,177930425,yfinance,False
2019-10-03,1.8555855751037598,3.0799999237060547,3.0899999141693115,3.0399999618530273,3.049999952316284,161894806,yfinance,False
2019-10-04,1.8435360193252563,3.059999942779541,3.0899999141693115,3.0299999713897705,3.0799999237060547,132605987,yfinance,False
2019-10-08,1.8435360193252563,3.059999942779541,3.0999999046325684,3.0199999809265137,3.0299999713897705,224431138,yfinance,False
2019-10-09,1.849561095237732,3.069999933242798,3.069999933242798,3.0399999618530273,3.0399999618530273,161128142,yfinance,False
2019-10-10,1.849561095237732,3.069999933242798,3.0799999237060547,3.0399999618530273,3.049999952316284,193168668,yfinance,False
2019-10-11,1.8917334079742432,3.140000104904175,3.140000104904175,3.0899999141693115,3.0999999046325684,208555723,yfinance,False
2019-10-14,1.9037827253341675,3.1600000858306885,3.190000057220459,3.140000104904175,3.1500000953674316,248843964,yfinance,False
2019-10-15,1.8977580070495605,3.1500000953674316,3.1700000762939453,3.140000104904175,3.1500000953674316,186378170,yfinance,False
2019-10-16,1.9158319234848022,3.180000066757202,3.190000057220459,3.130000114440918,3.1500000953674316,217967607,yfinance,False
2019-10-17,1.9218565225601196,3.190000057220459,3.190000057220459,3.1600000858306885,3.180000066757202,149475224,yfinance,False
2019-10-18,1.9098073244094849,3.1700000762939453,3.190000057220459,3.1500000953674316,3.1700000762939453,169466467,yfinance,False
2019-10-21,1.9158319234848022,3.180000066757202,3.180000066757202,3.1500000953674316,3.1700000762939453,99914014,yfinance,False
2019-10-22,1.9218565225601196,3.190000057220459,3.200000047683716,3.1600000858306885,3.190000057220459,132689998,yfinance,False
2019-10-23,1.9158319234848022,3.180000066757202,3.200000047683716,3.1600000858306885,3.180000066757202,102646971,yfinance,False
2019-10-24,1.9399302005767822,3.2200000286102295,3.25,3.180000066757202,3.180000066757202,292010928,yfinance,False
2019-10-25,1.9339056015014648,3.2100000381469727,3.2300000190734863,3.190000057220459,3.2100000381469727,128349495,yfinance,False
2019-10-28,1.958004117012024,3.25,3.25,3.2200000286102295,3.2300000190734863,184983350,yfinance,False
2019-10-29,1.951979637145996,3.240000009536743,3.2699999809265137,3.2300000190734863,3.25,186114687,yfinance,False
2019-10-30,1.9399302005767822,3.2200000286102295,3.25,3.200000047683716,3.2300000190734863,166149098,yfinance,False
2019-10-31,1.9339056015014648,3.2100000381469727,3.25,3.200000047683716,3.25,240919201,yfinance,False
2019-11-01,1.958004117012024,3.25,3.25,3.190000057220459,3.190000057220459,171764337,yfinance,False
2019-11-04,1.9941520690917969,3.309999942779541,3.309999942779541,3.25,3.259999990463257,249498500,yfinance,False
2019-11-05,2.0001766681671143,3.319999933242798,3.3299999237060547,3.2899999618530273,3.3299999237060547,186120327,yfinance,False
2019-11-06,1.9881274700164795,3.299999952316284,3.319999933242798,3.2799999713897705,3.309999942779541,177481435,yfinance,False
2019-11-07,2.0062012672424316,3.3299999237060547,3.3399999141693115,3.299999952316284,3.319999933242798,183443569,yfinance,False
2019-11-08,1.9941520690917969,3.309999942779541,3.3499999046325684,3.299999952316284,3.3499999046325684,166725182,yfinance,False
2019-11-11,1.9459547996520996,3.2300000190734863,3.2899999618530273,3.200000047683716,3.2799999713897705,268195981,yfinance,False
2019-11-12,1.9459547996520996,3.2300000190734863,3.240000009536743,3.2100000381469727,3.2200000286102295,112983957,yfinance,False
2019-11-13,1.9098073244094849,3.1700000762939453,3.200000047683716,3.1500000953674316,3.200000047683716,263429617,yfinance,False
2019-11-14,1.9037827253341675,3.1600000858306885,3.190000057220459,3.130000114440918,3.1700000762939453,204807305,yfinance,False
2019-11-15,1.9037827253341675,3.1600000858306885,3.200000047683716,3.1600000858306885,3.190000057220459,118105290,yfinance,False
2019-11-18,1.9218565225601196,3.190000057220459,3.200000047683716,3.1600000858306885,3.1600000858306885,138097946,yfinance,False
2019-11-19,1.958004117012024,3.25,3.259999990463257,3.1700000762939453,3.180000066757202,198371356,yfinance,False
2019-11-20,1.9459547996520996,3.2300000190734863,3.240000009536743,3.2100000381469727,3.2300000190734863,149007087,yfinance,False
2019-11-21,1.9098073244094849,3.1700000762939453,3.200000047683716,3.1600000858306885,3.180000066757202,244758705,yfinance,False
2019-11-22,1.927881121635437,3.200000047683716,3.2100000381469727,3.180000066757202,3.180000066757202,112048660,yfinance,False
2019-11-25,1.9339056015014648,3.2100000381469727,3.240000009536743,3.200000047683716,3.2100000381469727,239997465,yfinance,False
2019-11-26,1.9399302005767822,3.2200000286102295,3.240000009536743,3.2100000381469727,3.2200000286102295,391322126,yfinance,False
2019-11-27,1.9459547996520996,3.2300000190734863,3.240000009536743,3.190000057220459,3.2100000381469727,147370839,yfinance,False
2019-11-28,1.9339056015014648,3.2100000381469727,3.240000009536743,3.200000047683716,3.200000047683716,112272483,yfinance,False
2019-11-29,1.8917334079742432,3.140000104904175,3.200000047683716,3.140000104904175,3.200000047683716,253070292,yfinance,False
2019-12-02,1.8857085704803467,3.130000114440918,3.1500000953674316,3.109999895095825,3.140000104904175,274523876,yfinance,False
2019-12-03,1.8736592531204224,3.109999895095825,3.119999885559082,3.0799999237060547,3.119999885559082,359012618,yfinance,False
2019-12-04,1.8676345348358154,3.0999999046325684,3.109999895095825,3.069999933242798,3.0799999237060547,235704526,yfinance,False
2019-12-05,1.8736592531204224,3.109999895095825,3.130000114440918,3.0999999046325684,3.119999885559082,142765481,yfinance,False
2019-12-06,1.8977580070495605,3.1500000953674316,3.1700000762939453,3.119999885559082,3.130000114440918,207230250,yfinance,False
2019-12-09,1.8977580070495605,3.1500000953674316,3.1600000858306885,3.130000114440918,3.140000104904175,144280590,yfinance,False
2019-12-10,1.8917334079742432,3.140000104904175,3.1500000953674316,3.119999885559082,3.1500000953674316,157406603,yfinance,False
2019-12-11,1.9158319234848022,3.180000066757202,3.190000057220459,3.130000114440918,3.1600000858306885,218483457,yfinance,False
2019-12-12,1.927881121635437,3.200000047683716,3.2100000381469727,3.190000057220459,3.200000047683716,173473962,yfinance,False
2019-12-13,1.9640291929244995,3.259999990463257,3.2699999809265137,3.2100000381469727,3.25,370561711,yfinance,False
2019-12-16,1.951979637145996,3.240000009536743,3.2699999809265137,3.240000009536743,3.25,177683611,yfinance,False
2019-12-17,1.982102632522583,3.2899999618530273,3.299999952316284,3.2300000190734863,3.2300000190734863,282529724,yfinance,False
2019-12-18,1.9881274700164795,3.299999952316284,3.309999942779541,3.2799999713897705,3.2799999713897705,284556921,yfinance,False
2019-12-19,1.9881274700164795,3.299999952316284,3.319999933242798,3.2699999809265137,3.319999933242798,200348918,yfinance,False
2019-12-20,1.9941520690917969,3.309999942779541,3.319999933242798,3.2899999618530273,3.2899999618530273,254644937,yfinance,False
2019-12-23,2.0062012672424316,3.3299999237060547,3.3399999141693115,3.299999952316284,3.299999952316284,208761746,yfinance,False
2019-12-24,2.0062012672424316,3.3299999237060547,3.3299999237060547,3.309999942779541,3.319999933242798,109580893,yfinance,False
2019-12-27,2.0182502269744873,3.3499999046325684,3.369999885559082,3.3299999237060547,3.3399999141693115,271578808,yfinance,False
2019-12-30,2.0242745876312256,3.359999895095825,3.369999885559082,3.3399999141693115,3.359999895095825,193834290,yfinance,False
2019-12-31,2.0062012672424316,3.3299999237060547,3.359999895095825,3.3299999237060547,3.3399999141693115,171118364,yfinance,False
2020-01-02,2.030299186706543,3.369999885559082,3.369999885559082,3.3299999237060547,3.3499999046325684,197261188,yfinance,False
2020-01-03,2.0242745876312256,3.359999895095825,3.390000104904175,3.3399999141693115,3.380000114440918,230030066,yfinance,False
2020-01-06,1.982102632522583,3.2899999618530273,3.3299999237060547,3.2899999618530273,3.319999933242798,266374390,yfinance,False
2020-01-07,1.9760781526565552,3.2799999713897705,3.3299999237060547,3.2799999713897705,3.299999952316284,186655578,yfinance,False
2020-01-08,1.9399302005767822,3.2200000286102295,3.240000009536743,3.2100000381469727,3.240000009536743,394767971,yfinance,False
2020-01-09,1.970053791999817,3.2699999809265137,3.2799999713897705,3.240000009536743,3.25,374906450,yfinance,False
2020-01-10,1.9760781526565552,3.2799999713897705,3.299999952316284,3.2699999809265137,3.2799999713897705,254665824,yfinance,False
2020-01-13,2.0062012672424316,3.3299999237060547,3.3399999141693115,3.2799999713897705,3.2899999618530273,272842194,yfinance,False
2020-01-14,2.0001766681671143,3.319999933242798,3.3499999046325684,3.309999942779541,3.3499999046325684,257163407,yfinance,False
2020-01-15,1.9941520690917969,3.309999942779541,3.3399999141693115,3.2899999618530273,3.3399999141693115,240672164,yfinance,False
2020-01-16,1.9881274700164795,3.299999952316284,3.309999942779541,3.2799999713897705,3.299999952316284,342112084,yfinance,False
2020-01-17,1.9881274700164795,3.299999952316284,3.319999933242798,3.2799999713897705,3.299999952316284,252806029,yfinance,False
2020-01-20,1.9881274700164795,3.299999952316284,3.319999933242798,3.2899999618530273,3.2899999618530273,235752107,yfinance,False
2020-01-21,1.9399302005767822,3.2200000286102295,3.2799999713897705,3.2200000286102295,3.2799999713897705,358368526,yfinance,False
2020-01-22,1.958004117012024,3.25,3.2699999809265137,3.2200000286102295,3.240000009536743,174335362,yfinance,False
2020-01-23,1.927881121635437,3.200000047683716,3.2300000190734863,3.190000057220459,3.2200000286102295,302486336,yfinance,False
2020-01-24,1.927881121635437,3.200000047683716,3.2100000381469727,3.180000066757202,3.190000057220459,82999352,yfinance,False
2020-01-29,1.8676345348358154,3.0999999046325684,3.140000104904175,3.0899999141693115,3.109999895095825,411925635,yfinance,False
2020-01-30,1.8254624605178833,3.0299999713897705,3.0799999237060547,3.009999990463257,3.059999942779541,384411677,yfinance,False
2020-01-31,1.8254624605178833,3.0299999713897705,3.069999933242798,3.0199999809265137,3.049999952316284,301564936,yfinance,False
2020-02-03,1.8314868211746216,3.0399999618530273,3.069999933242798,3.0,3.0,378332184,yfinance,False
2020-02-04,1.8435360193252563,3.059999942779541,3.0899999141693115,3.0199999809265137,3.0199999809265137,307688123,yfinance,False
2020-02-05,1.849561095237732,3.069999933242798,3.0999999046325684,3.0199999809265137,3.059999942779541,409844804,yfinance,False
2020-02-06,1.8917334079742432,3.140000104904175,3.180000066757202,3.0999999046325684,3.119999885559082,339802912,yfinance,False
2020-02-07,1.8857085704803467,3.130000114440918,3.1500000953674316,3.109999895095825,3.1500000953674316,214307414,yfinance,False
2020-02-10,1.8796838521957397,3.119999885559082,3.140000104904175,3.0899999141693115,3.0999999046325684,244273758,yfinance,False
2020-02-11,1.9098073244094849,3.1700000762939453,3.190000057220459,3.130000114440918,3.1500000953674316,295015040,yfinance,False
2020-02-12,1.9218565225601196,3.190000057220459,3.2300000190734863,3.1500000953674316,3.200000047683716,337793526,yfinance,False
2020-02-13,1.9218565225601196,3.190000057220459,3.2100000381469727,3.1700000762939453,3.180000066757202,261214594,yfinance,False
2020-02-14,1.9399302005767822,3.2200000286102295,3.240000009536743,3.180000066757202,3.180000066757202,248620938,yfinance,False
2020-02-17,1.9459547996520996,3.2300000190734863,3.25,3.190000057220459,3.190000057220459,179863817,yfinance,False
2020-02-18,1.927881121635437,3.200000047683716,3.2200000286102295,3.200000047683716,3.200000047683716,263843179,yfinance,False
2020-02-19,1.9399302005767822,3.2200000286102295,3.25,3.190000057220459,3.190000057220459,232331615,yfinance,False
2020-02-20,1.9399302005767822,3.2200000286102295,3.2300000190734863,3.180000066757202,3.2200000286102295,257128951,yfinance,False
2020-02-21,1.9218565225601196,3.190000057220459,3.2200000286102295,3.180000066757202,3.190000057220459,260670982,yfinance,False
2020-02-24,1.8917334079742432,3.140000104904175,3.190000057220459,3.130000114440918,3.190000057220459,277031489,yfinance,False
2020-02-25,1.8796838521957397,3.119999885559082,3.140000104904175,3.109999895095825,3.109999895095825,259911885,yfinance,False
2020-02-26,1.8736592531204224,3.109999895095825,3.130000114440918,3.0799999237060547,3.0899999141693115,229833016,yfinance,False
2020-02-27,1.9037827253341675,3.1600000858306885,3.180000066757202,3.0799999237060547,3.0899999141693115,259558361,yfinance,False
2020-02-28,1.8555855751037598,3.0799999237060547,3.109999895095825,3.0799999237060547,3.109999895095825,441485313,yfinance,False
2020-03-02,1.8736592531204224,3.109999895095825,3.130000114440918,3.059999942779541,3.059999942779541,327976355,yfinance,False
2020-03-03,1.8736592531204224,3.109999895095825,3.1500000953674316,3.109999895095825,3.119999885559082,284441589,yfinance,False
2020-03-04,1.8796838521957397,3.119999885559082,3.1500000953674316,3.0999999046325684,3.119999885559082,245553192,yfinance,False
2020-03-05,1.8917334079742432,3.140000104904175,3.1600000858306885,3.109999895095825,3.109999895095825,376889580,yfinance,False
2020-03-06,1.861609935760498,3.0899999141693115,3.119999885559082,3.0799999237060547,3.109999895095825,374216552,yfinance,False
2020-03-09,1.8134132623672485,3.009999990463257,3.0399999618530273,2.990000009536743,3.0299999713897705,653669352,yfinance,False
2020-03-10,1.849561095237732,3.069999933242798,3.0999999046325684,3.0199999809265137,3.0299999713897705,379894032,yfinance,False
2020-03-11,1.849561095237732,3.069999933242798,3.0899999141693115,3.0399999618530273,3.049999952316284,296856973,yfinance,False
2020-03-12,1.807388424873352,3.0,3.0299999713897705,2.990000009536743,3.009999990463257,511792502,yfinance,False
2020-03-13,1.8013639450073242,2.990000009536743,3.009999990463257,2.809999942779541,2.8499999046325684,708065269,yfinance,False
2020-03-16,1.7411178350448608,2.890000104904175,2.9800000190734863,2.859999895095825,2.930000066757202,593108106,yfinance,False
2020-03-17,1.753166675567627,2.9100000858306885,2.9800000190734863,2.8399999141693115,2.8399999141693115,495635751,yfinance,False
2020-03-18,1.6989450454711914,2.819999933242798,2.9200000762939453,2.799999952316284,2.859999895095825,678886078,yfinance,False
2020-03-19,1.644723653793335,2.7300000190734863,2.819999933242798,2.7100000381469727,2.7799999713897705,766904691,yfinance,False
2020-03-20,1.753166675567627,2.9100000858306885,2.9100000858306885,2.7699999809265137,2.7699999809265137,701912805,yfinance,False
2020-03-23,1.6748465299606323,2.7799999713897705,2.8399999141693115,2.759999990463257,2.7899999618530273,545074634,yfinance,False
2020-03-24,1.7350929975509644,2.880000114440918,2.9200000762939453,2.8499999046325684,2.880000114440918,516243513,yfinance,False
2020-03-25,1.7712405920028687,2.940000057220459,2.9600000381469727,2.890000104904175,2.930000066757202,414967996,yfinance,False
2020-03-26,1.7591915130615234,2.9200000762939453,2.9600000381469727,2.880000114440918,2.890000104904175,303872213,yfinance,False
2020-03-27,1.7652162313461304,2.930000066757202,2.9700000286102295,2.9100000858306885,2.9600000381469727,229350855,yfinance,False
2020-03-30,1.7471424341201782,2.9000000953674316,2.9700000286102295,2.869999885559082,2.880000114440918,328174373,yfinance,False
2020-03-31,1.7893145084381104,2.9700000286102295,2.9800000190734863,2.9100000858306885,2.940000057220459,335189721,yfinance,False
2020-04-01,1.7712405920028687,2.940000057220459,3.0,2.9100000858306885,2.9100000858306885,460137001,yfinance,False
2020-04-02,1.7772653102874756,2.950000047683716,2.9600000381469727,2.9200000762939453,2.9200000762939453,190928004,yfinance,False
2020-04-03,1.7652162313461304,2.930000066757202,2.950000047683716,2.9200000762939453,2.930000066757202,164429620,yfinance,False
2020-04-06,1.7893145084381104,2.9700000286102295,2.990000009536743,2.940000057220459,2.9700000286102295,237816664,yfinance,False
2020-04-07,1.8134132623672485,3.009999990463257,3.0199999809265137,2.9800000190734863,3.0,290140030,yfinance,False
2020-04-08,1.7893145084381104,2.9700000286102295,3.0199999809265137,2.9700000286102295,3.009999990463257,243100578,yfinance,False
2020-04-09,1.8013639450073242,2.990000009536743,3.0199999809265137,2.9700000286102295,3.0199999809265137,200298866,yfinance,False
2020-04-14,1.807388424873352,3.0,3.0199999809265137,2.9800000190734863,2.990000009536743,256981764,yfinance,False
2020-04-15,1.7953391075134277,2.9800000190734863,3.0199999809265137,2.9700000286102295,3.0,190792824,yfinance,False
2020-04-16,1.7712405920028687,2.940000057220459,2.9700000286102295,2.940000057220459,2.9600000381469727,259964924,yfinance,False
2020-04-17,1.7953391075134277,2.9800000190734863,3.009999990463257,2.9700000286102295,2.9700000286102295,214920798,yfinance,False
2020-04-20,1.7893145084381104,2.9700000286102295,3.0,2.9600000381469727,2.9700000286102295,168035733,yfinance,False
2020-04-21,1.7712405920028687,2.940000057220459,2.9700000286102295,2.9200000762939453,2.950000047683716,238379837,yfinance,False
2020-04-22,1.753166675567627,2.9100000858306885,2.940000057220459,2.9100000858306885,2.9100000858306885,344433399,yfinance,False
2020-04-23,1.7290680408477783,2.869999885559082,2.9000000953674316,2.8499999046325684,2.880000114440918,631808600,yfinance,False
2020-04-24,1.72304368019104,2.859999895095825,2.890000104904175,2.8499999046325684,2.869999885559082,274220850,yfinance,False
2020-04-27,1.753166675567627,2.9100000858306885,2.9200000762939453,2.880000114440918,2.880000114440918,289137061,yfinance,False
2020-04-28,1.7712405920028687,2.940000057220459,2.9600000381469727,2.9000000953674316,2.9100000858306885,343282051,yfinance,False
2020-04-29,1.7893145084381104,2.9700000286102295,2.990000009536743,2.950000047683716,2.9600000381469727,214157984,yfinance,False
2020-05-04,1.7290680408477783,2.869999885559082,2.890000104904175,2.8499999046325684,2.8499999046325684,347693574,yfinance,False
2020-05-05,1.7290680408477783,2.869999885559082,2.890000104904175,2.859999895095825,2.869999885559082,212010421,yfinance,False
2020-05-06,1.7411178350448608,2.890000104904175,2.9100000858306885,2.869999885559082,2.869999885559082,238498524,yfinance,False
2020-05-07,1.7411178350448608,2.890000104904175,2.9100000858306885,2.869999885559082,2.880000114440918,144973683,yfinance,False
2020-05-08,1.753166675567627,2.9100000858306885,2.9200000762939453,2.9000000953674316,2.9000000953674316,123508108,yfinance,False
2020-05-11,1.7652162313461304,2.930000066757202,2.9600000381469727,2.9200000762939453,2.9200000762939453,183738532,yfinance,False
2020-05-12,1.7471424341201782,2.9000000953674316,2.9200000762939453,2.890000104904175,2.9100000858306885,219372448,yfinance,False
2020-05-13,1.7471424341201782,2.9000000953674316,2.9200000762939453,2.880000114440918,2.880000114440918,141625263,yfinance,False
2020-05-14,1.72304368019104,2.859999895095825,2.9000000953674316,2.859999895095825,2.890000104904175,229821114,yfinance,False
2020-05-15,1.7290680408477783,2.869999885559082,2.890000104904175,2.8499999046325684,2.869999885559082,200568652,yfinance,False
2020-05-18,1.7350929975509644,2.880000114440918,2.9000000953674316,2.8499999046325684,2.8499999046325684,172127520,yfinance,False
2020-05-19,1.7591915130615234,2.9200000762939453,2.9700000286102295,2.9200000762939453,2.940000057220459,303253621,yfinance,False
2020-05-20,1.7591915130615234,2.9200000762939453,2.950000047683716,2.9100000858306885,2.9100000858306885,155729033,yfinance,False
2020-05-21,1.7591915130615234,2.9200000762939453,2.940000057220459,2.9000000953674316,2.930000066757202,170235630,yfinance,False
2020-05-22,1.7049695253372192,2.8299999237060547,2.890000104904175,2.819999933242798,2.869999885559082,457620899,yfinance,False
2020-05-25,1.7109944820404053,2.8399999141693115,2.8499999046325684,2.809999942779541,2.819999933242798,228266719,yfinance,False
2020-05-26,1.7170190811157227,2.8499999046325684,2.9000000953674316,2.8499999046325684,2.880000114440918,182542884,yfinance,False
2020-05-27,1.7170190811157227,2.8499999046325684,2.890000104904175,2.819999933242798,2.869999885559082,298207778,yfinance,False
2020-05-28,1.7170190811157227,2.8499999046325684,2.880000114440918,2.819999933242798,2.819999933242798,315619602,yfinance,False
2020-05-29,1.7049695253372192,2.8299999237060547,2.8499999046325684,2.819999933242798,2.819999933242798,408687772,yfinance,False
2020-06-01,1.7350929975509644,2.880000114440918,2.9100000858306885,2.859999895095825,2.880000114440918,282282336,yfinance,False
2020-06-02,1.753166675567627,2.9100000858306885,2.9100000858306885,2.869999885559082,2.880000114440918,226709874,yfinance,False
2020-06-03,1.7591915130615234,2.9200000762939453,2.950000047683716,2.9100000858306885,2.940000057220459,294359809,yfinance,False
2020-06-04,1.7591915130615234,2.9200000762939453,2.9600000381469727,2.9100000858306885,2.950000047683716,223134000,yfinance,False
2020-06-05,1.7893145084381104,2.9700000286102295,2.9800000190734863,2.9100000858306885,2.930000066757202,284340598,yfinance,False
2020-06-08,1.7772653102874756,2.950000047683716,3.0,2.940000057220459,2.990000009536743,279430577,yfinance,False
2020-06-09,1.7953391075134277,2.9800000190734863,2.990000009536743,2.940000057220459,2.9600000381469727,249241644,yfinance,False
2020-06-10,1.8013639450073242,2.990000009536743,3.0,2.9700000286102295,2.990000009536743,254354781,yfinance,False
2020-06-11,1.7652162313461304,2.930000066757202,2.990000009536743,2.930000066757202,2.9800000190734863,250407528,yfinance,False
2020-06-12,1.7471424341201782,2.9000000953674316,2.9100000858306885,2.880000114440918,2.890000104904175,239954243,yfinance,False
2020-06-15,1.72304368019104,2.859999895095825,2.9100000858306885,2.859999895095825,2.890000104904175,324262249,yfinance,False
2020-06-16,1.7411178350448608,2.890000104904175,2.930000066757202,2.880000114440918,2.9100000858306885,199871809,yfinance,False
2020-06-17,1.753166675567627,2.9100000858306885,2.9200000762939453,2.869999885559082,2.890000104904175,116720164,yfinance,False
2020-06-18,1.7411178350448608,2.890000104904175,2.9100000858306885,2.869999885559082,2.9000000953674316,215942026,yfinance,False
2020-06-19,1.753166675567627,2.9100000858306885,2.930000066757202,2.890000104904175,2.890000104904175,279248752,yfinance,False
2020-06-22,1.7471424341201782,2.9000000953674316,2.9200000762939453,2.9000000953674316,2.9000000953674316,170912317,yfinance,False
2020-06-23,1.7591915130615234,2.9200000762939453,2.9200000762939453,2.869999885559082,2.9000000953674316,269111753,yfinance,False
2020-06-24,1.7471424341201782,2.9000000953674316,2.930000066757202,2.9000000953674316,2.9200000762939453,207037571,yfinance,False
2020-06-26,1.753166675567627,2.9100000858306885,2.9200000762939453,2.890000104904175,2.890000104904175,209066091,yfinance,False
2020-06-29,1.7411178350448608,2.890000104904175,2.9200000762939453,2.890000104904175,2.9200000762939453,246951674,yfinance,False
2020-06-30,1.7290680408477783,2.869999885559082,2.9100000858306885,2.869999885559082,2.9000000953674316,335386928,yfinance,False
2020-07-02,1.7772653102874756,2.950000047683716,2.9700000286102295,2.9000000953674316,2.9000000953674316,453696518,yfinance,False
2020-07-03,1.819437861442566,3.0199999809265137,3.0399999618530273,2.9600000381469727,2.9700000286102295,513978980,yfinance,False
2020-07-06,1.9037827253341675,3.1600000858306885,3.190000057220459,3.0299999713897705,3.0399999618530273,975402826,yfinance,False
2020-07-07,1.871084451675415,2.9000000953674316,3.0199999809265137,2.880000114440918,2.9800000190734863,777757716,yfinance,False
2020-07-08,1.8581805229187012,2.880000114440918,2.940000057220459,2.859999895095825,2.9100000858306885,427649749,yfinance,False
2020-07-09,1.8388243913650513,2.8499999046325684,2.9000000953674316,2.8399999141693115,2.9000000953674316,418814554,yfinance,False
2020-07-10,1.8130161762237549,2.809999942779541,2.8399999141693115,2.799999952316284,2.8299999237060547,323315228,yfinance,False
2020-07-13,1.8065640926361084,2.799999952316284,2.8299999237060547,2.799999952316284,2.819999933242798,334450304,yfinance,False
2020-07-14,1.800112009048462,2.7899999618530273,2.799999952316284,2.759999990463257,2.799999952316284,404871298,yfinance,False
2020-07-15,1.7872079610824585,2.7699999809265137,2.8299999237060547,2.75,2.809999942779541,300753959,yfinance,False
2020-07-16,1.7807561159133911,2.759999990463257,2.7799999713897705,2.75,2.759999990463257,251202903,yfinance,False
2020-07-17,1.7872079610824585,2.7699999809265137,2.799999952316284,2.7699999809265137,2.7799999713897705,161507064,yfinance,False
2020-07-20,1.793660044670105,2.7799999713897705,2.799999952316284,2.75,2.7699999809265137,225135968,yfinance,False
2020-07-21,1.7807561159133911,2.759999990463257,2.7899999618530273,2.75,2.7899999618530273,256832093,yfinance,False
2020-07-22,1.754948377609253,2.7200000286102295,2.7799999713897705,2.7200000286102295,2.7699999809265137,332037678,yfinance,False
2020-07-23,1.7420440912246704,2.700000047683716,2.7300000190734863,2.690000057220459,2.7200000286102295,377120178,yfinance,False
2020-07-24,1.7033319473266602,2.640000104904175,2.700000047683716,2.619999885559082,2.690000057220459,612320932,yfinance,False
2020-07-27,1.7033319473266602,2.640000104904175,2.680000066757202,2.630000114440918,2.6700000762939453,252644779,yfinance,False
2020-07-28,1.7097842693328857,2.6500000953674316,2.680000066757202,2.640000104904175,2.6700000762939453,152210233,yfinance,False
2020-07-29,1.7162362337112427,2.6600000858306885,2.6600000858306885,2.640000104904175,2.640000104904175,104682326,yfinance,False
2020-07-30,1.6904278993606567,2.619999885559082,2.6600000858306885,2.619999885559082,2.6500000953674316,229232163,yfinance,False
2020-07-31,1.6775238513946533,2.5999999046325684,2.640000104904175,2.5999999046325684,2.619999885559082,235886173,yfinance,False
2020-08-03,1.66461980342865,2.5799999237060547,2.619999885559082,2.569999933242798,2.5999999046325684,331665677,yfinance,False
2020-08-04,1.7033319473266602,2.640000104904175,2.6500000953674316,2.5799999237060547,2.5899999141693115,245255542,yfinance,False
2020-08-05,1.6968802213668823,2.630000114440918,2.6500000953674316,2.619999885559082,2.640000104904175,138482549,yfinance,False
2020-08-06,1.6839759349822998,2.609999895095825,2.6500000953674316,2.5799999237060547,2.640000104904175,213575454,yfinance,False
2020-08-07,1.66461980342865,2.5799999237060547,2.609999895095825,2.569999933242798,2.5999999046325684,279373808,yfinance,False
2020-08-10,1.66461980342865,2.5799999237060547,2.5999999046325684,2.559999942779541,2.569999933242798,234453642,yfinance,False
2020-08-11,1.6775238513946533,2.5999999046325684,2.619999885559082,2.5799999237060547,2.5899999141693115,238842704,yfinance,False
2020-08-12,1.6968802213668823,2.630000114440918,2.630000114440918,2.5799999237060547,2.5799999237060547,240558669,yfinance,False
2020-08-13,1.6839759349822998,2.609999895095825,2.6500000953674316,2.609999895095825,2.630000114440918,127546918,yfinance,False
2020-08-14,1.6904278993606567,2.619999885559082,2.630000114440918,2.5999999046325684,2.5999999046325684,181719587,yfinance,False
2020-08-17,1.7097842693328857,2.6500000953674316,2.680000066757202,2.609999895095825,2.609999895095825,246026863,yfinance,False
2020-08-18,1.7097842693328857,2.6500000953674316,2.680000066757202,2.6500000953674316,2.6700000762939453,155551226,yfinance,False
2020-08-19,1.6904278993606567,2.619999885559082,2.6600000858306885,2.619999885559082,2.6500000953674316,182080755,yfinance,False
2020-08-20,1.6775238513946533,2.5999999046325684,2.619999885559082,2.5799999237060547,2.609999895095825,268268106,yfinance,False
2020-08-21,1.6839759349822998,2.609999895095825,2.619999885559082,2.5899999141693115,2.609999895095825,155158809,yfinance,False
2020-08-24,1.6839759349822998,2.609999895095825,2.630000114440918,2.5899999141693115,2.5999999046325684,270264618,yfinance,False
2020-08-25,1.6775238513946533,2.5999999046325684,2.619999885559082,2.5899999141693115,2.609999895095825,210447680,yfinance,False
2020-08-26,1.6710718870162964,2.5899999141693115,2.5999999046325684,2.5799999237060547,2.5899999141693115,153123642,yfinance,False
2020-08-27,1.6581681966781616,2.569999933242798,2.5999999046325684,2.569999933242798,2.5899999141693115,225235945,yfinance,False
2020-08-28,1.6517157554626465,2.559999942779541,2.5999999046325684,2.559999942779541,2.559999942779541,268869345,yfinance,False
2020-08-31,1.6388118267059326,2.5399999618530273,2.5999999046325684,2.5299999713897705,2.5799999237060547,409419682,yfinance,False
2020-09-01,1.6259076595306396,2.5199999809265137,2.5299999713897705,2.509999990463257,2.5199999809265137,219956740,yfinance,False
2020-09-02,1.6065516471862793,2.490000009536743,2.5199999809265137,2.490000009536743,2.509999990463257,350688186,yfinance,False
2020-09-03,1.6130036115646362,2.5,2.5199999809265137,2.4800000190734863,2.4800000190734863,303759412,yfinance,False
2020-09-04,1.6065516471862793,2.490000009536743,2.5,2.4800000190734863,2.5,473963561,yfinance,False
2020-09-07,1.6065516471862793,2.490000009536743,2.5299999713897705,2.490000009536743,2.490000009536743,175231497,yfinance,False
2020-09-08,1.66461980342865,2.5799999237060547,2.5899999141693115,2.490000009536743,2.5199999809265137,368999728,yfinance,False
2020-09-09,1.6581681966781616,2.569999933242798,2.5799999237060547,2.5399999618530273,2.549999952316284,241765707,yfinance,False
2020-09-10,1.6388118267059326,2.5399999618530273,2.569999933242798,2.5299999713897705,2.559999942779541,242507028,yfinance,False
2020-09-11,1.6388118267059326,2.5399999618530273,2.559999942779541,2.5199999809265137,2.5299999713897705,178072195,yfinance,False
2020-09-14,1.6388118267059326,2.5399999618530273,2.559999942779541,2.5299999713897705,2.5299999713897705,134957925,yfinance,False
2020-09-15,1.6517157554626465,2.559999942779541,2.559999942779541,2.5199999809265137,2.5299999713897705,132274603,yfinance,False
2020-09-16,1.6259076595306396,2.5199999809265137,2.559999942779541,2.5199999809265137,2.549999952316284,295700306,yfinance,False
2020-09-17,1.6130036115646362,2.5,2.5299999713897705,2.5,2.5199999809265137,185876836,yfinance,False
2020-09-18,1.6194556951522827,2.509999990463257,2.5299999713897705,2.509999990463257,2.509999990463257,462074849,yfinance,False
2020-09-21,1.6065516471862793,2.490000009536743,2.5299999713897705,2.4800000190734863,2.5299999713897705,209043715,yfinance,False
2020-09-22,1.6000996828079224,2.4800000190734863,2.5,2.4800000190734863,2.490000009536743,119314331,yfinance,False
2020-09-23,1.5871957540512085,2.4600000381469727,2.490000009536743,2.4600000381469727,2.4800000190734863,271676201,yfinance,False
2020-09-24,1.5549355745315552,2.4100000858306885,2.4600000381469727,2.4100000858306885,2.4600000381469727,239761878,yfinance,False
2020-09-25,1.5484836101531982,2.4000000953674316,2.450000047683716,2.4000000953674316,2.440000057220459,249319715,yfinance,False
2020-09-28,1.5678398609161377,2.430000066757202,2.440000057220459,2.4100000858306885,2.4100000858306885,172564116,yfinance,False
2020-09-29,1.5420316457748413,2.390000104904175,2.450000047683716,2.380000114440918,2.440000057220459,226431418,yfinance,False
2020-09-30,1.5484836101531982,2.4000000953674316,2.430000066757202,2.390000104904175,2.390000104904175,214715105,yfinance,False
2020-10-05,1.5484836101531982,2.4000000953674316,2.4200000762939453,2.4000000953674316,2.4100000858306885,127327481,yfinance,False
2020-10-06,1.529127597808838,2.369999885559082,2.4100000858306885,2.369999885559082,2.4100000858306885,253813271,yfinance,False
2020-10-07,1.5420316457748413,2.390000104904175,2.4000000953674316,2.3299999237060547,2.3399999141693115,348171512,yfinance,False
2020-10-08,1.5549355745315552,2.4100000858306885,2.4100000858306885,2.359999895095825,2.380000114440918,167153849,yfinance,False
2020-10-09,1.5420316457748413,2.390000104904175,2.4200000762939453,2.380000114440918,2.390000104904175,173151718,yfinance,False
2020-10-12,1.6065516471862793,2.490000009536743,2.509999990463257,2.390000104904175,2.4000000953674316,342079191,yfinance,False
2020-10-14,1.6194556951522827,2.509999990463257,2.5199999809265137,2.450000047683716,2.490000009536743,354900833,yfinance,False
2020-10-15,1.6000996828079224,2.4800000190734863,2.5299999713897705,2.4800000190734863,2.5,267848478,yfinance,False
2020-10-16,1.6517157554626465,2.559999942779541,2.569999933242798,2.4700000286102295,2.4800000190734863,399920574,yfinance,False
2020-10-19,1.66461980342865,2.5799999237060547,2.630000114440918,2.5799999237060547,2.5899999141693115,491188487,yfinance,False
2020-10-20,1.6388118267059326,2.5399999618530273,2.5799999237060547,2.5299999713897705,2.5799999237060547,263785525,yfinance,False
2020-10-21,1.645263910293579,2.549999952316284,2.559999942779541,2.5399999618530273,2.5399999618530273,358069316,yfinance,False
2020-10-22,1.6775238513946533,2.5999999046325684,2.609999895095825,2.5399999618530273,2.549999952316284,361097989,yfinance,False
2020-10-23,1.6839759349822998,2.609999895095825,2.640000104904175,2.5899999141693115,2.609999895095825,282740424,yfinance,False
2020-10-27,1.66461980342865,2.5799999237060547,2.5999999046325684,2.5399999618530273,2.5899999141693115,353284833,yfinance,False
2020-10-28,1.645263910293579,2.549999952316284,2.5799999237060547,2.5199999809265137,2.5799999237060547,211958597,yfinance,False
2020-10-29,1.6194556951522827,2.509999990463257,2.5199999809265137,2.5,2.509999990463257,161759020,yfinance,False
2020-10-30,1.5807440280914307,2.450000047683716,2.509999990463257,2.450000047683716,2.509999990463257,270137440,yfinance,False
2020-11-02,1.6323598623275757,2.5299999713897705,2.549999952316284,2.4600000381469727,2.4700000286102295,298720706,yfinance,False
2020-11-03,1.6581681966781616,2.569999933242798,2.5999999046325684,2.549999952316284,2.559999942779541,250864091,yfinance,False
2020-11-04,1.6517157554626465,2.559999942779541,2.5999999046325684,2.549999952316284,2.5799999237060547,162461681,yfinance,False
2020-11-05,1.6710718870162964,2.5899999141693115,2.619999885559082,2.569999933242798,2.609999895095825,262606746,yfinance,False
2020-11-06,1.6968802213668823,2.630000114440918,2.630000114440918,2.569999933242798,2.5899999141693115,302573963,yfinance,False
2020-11-09,1.7226879596710205,2.6700000762939453,2.680000066757202,2.6500000953674316,2.6500000953674316,280440345,yfinance,False
2020-11-10,1.754948377609253,2.7200000286102295,2.7200000286102295,2.680000066757202,2.700000047683716,426477324,yfinance,False
2020-11-11,1.819468379020691,2.819999933242798,2.819999933242798,2.7200000286102295,2.75,570758600,yfinance,False
2020-11-12,1.7872079610824585,2.7699999809265137,2.8299999237060547,2.75,2.819999933242798,347120756,yfinance,False
2020-11-13,1.7484960556030273,2.7100000381469727,2.7799999713897705,2.7100000381469727,2.7699999809265137,342173260,yfinance,False
2020-11-16,1.754948377609253,2.7200000286102295,2.759999990463257,2.7100000381469727,2.740000009536743,135738466,yfinance,False
2020-11-17,1.7807561159133911,2.759999990463257,2.7699999809265137,2.7300000190734863,2.7300000190734863,199340848,yfinance,False
2020-11-18,1.7807561159133911,2.759999990463257,2.759999990463257,2.700000047683716,2.759999990463257,256477840,yfinance,False
2020-11-19,1.7484960556030273,2.7100000381469727,2.75,2.7100000381469727,2.740000009536743,194855422,yfinance,False
2020-11-20,1.7291401624679565,2.680000066757202,2.7100000381469727,2.680000066757202,2.700000047683716,237557098,yfinance,False
2020-11-23,1.7484960556030273,2.7100000381469727,2.7100000381469727,2.6700000762939453,2.680000066757202,206264359,yfinance,False
2020-11-24,1.7291401624679565,2.680000066757202,2.700000047683716,2.680000066757202,2.700000047683716,129547908,yfinance,False
2020-11-25,1.7420440912246704,2.700000047683716,2.740000009536743,2.690000057220459,2.700000047683716,290636624,yfinance,False
2020-11-26,1.754948377609253,2.7200000286102295,2.7300000190734863,2.690000057220459,2.700000047683716,127522402,yfinance,False
2020-11-27,1.793660044670105,2.7799999713897705,2.7799999713897705,2.700000047683716,2.700000047683716,247044267,yfinance,False
2020-11-30,1.7678521871566772,2.740000009536743,2.869999885559082,2.7100000381469727,2.7799999713897705,793274167,yfinance,False
2020-12-01,1.7743040323257446,2.75,2.7699999809265137,2.700000047683716,2.740000009536743,303139971,yfinance,False
2020-12-02,1.7678521871566772,2.740000009536743,2.759999990463257,2.7200000286102295,2.75,198835911,yfinance,False
2020-12-03,1.754948377609253,2.7200000286102295,2.740000009536743,2.700000047683716,2.7200000286102295,376692206,yfinance,False
2020-12-04,1.754948377609253,2.7200000286102295,2.7300000190734863,2.700000047683716,2.7100000381469727,363892426,yfinance,False
2020-12-07,1.7420440912246704,2.700000047683716,2.7200000286102295,2.640000104904175,2.7100000381469727,380043501,yfinance,False
2020-12-08,1.7097842693328857,2.6500000953674316,2.690000057220459,2.6500000953674316,2.690000057220459,202562947,yfinance,False
2020-12-09,1.7291401624679565,2.680000066757202,2.690000057220459,2.6600000858306885,2.6600000858306885,170189364,yfinance,False
2020-12-10,1.7097842693328857,2.6500000953674316,2.690000057220459,2.6500000953674316,2.6700000762939453,116030621,yfinance,False
2020-12-11,1.7162362337112427,2.6600000858306885,2.680000066757202,2.630000114440918,2.6700000762939453,225748937,yfinance,False
2020-12-14,1.6968802213668823,2.630000114440918,2.7200000286102295,2.619999885559082,2.680000066757202,279925394,yfinance,False
2020-12-15,1.6904278993606567,2.619999885559082,2.6600000858306885,2.609999895095825,2.640000104904175,215602477,yfinance,False
2020-12-16,1.6968802213668823,2.630000114440918,2.6600000858306885,2.609999895095825,2.6500000953674316,241563976,yfinance,False
2020-12-17,1.6839759349822998,2.609999895095825,2.640000104904175,2.5999999046325684,2.619999885559082,320853921,yfinance,False
2020-12-18,1.6710718870162964,2.5899999141693115,2.619999885559082,2.5799999237060547,2.5999999046325684,347044756,yfinance,False
2020-12-21,1.6517157554626465,2.559999942779541,2.5899999141693115,2.549999952316284,2.5799999237060547,245860822,yfinance,False
2020-12-22,1.6581681966781616,2.569999933242798,2.5799999237060547,2.559999942779541,2.569999933242798,190031132,yfinance,False
2020-12-23,1.6388118267059326,2.5399999618530273,2.569999933242798,2.5399999618530273,2.559999942779541,158153409,yfinance,False
2020-12-24,1.66461980342865,2.5799999237060547,2.5799999237060547,2.5799999237060547,2.5799999237060547,0,yfinance,False
2020-12-28,1.6968802213668823,2.630000114440918,2.640000104904175,2.5799999237060547,2.5899999141693115,263837140,yfinance,False
2020-12-29,1.7033319473266602,2.640000104904175,2.6500000953674316,2.609999895095825,2.640000104904175,221538407,yfinance,False
2020-12-30,1.7097842693328857,2.6500000953674316,2.6500000953674316,2.619999885559082,2.6500000953674316,249891377,yfinance,False
2020-12-31,1.7097842693328857,2.6500000953674316,2.6500000953674316,2.6500000953674316,2.6500000953674316,0,yfinance,False
2021-01-04,1.6839759349822998,2.609999895095825,2.6500000953674316,2.609999895095825,2.640000104904175,225782125,yfinance,False
2021-01-05,1.7033319473266602,2.640000104904175,2.6500000953674316,2.5899999141693115,2.5999999046325684,227298426,yfinance,False
2021-01-06,1.7226879596710205,2.6700000762939453,2.6700000762939453,2.619999885559082,2.630000114440918,229346447,yfinance,False
2021-01-07,1.7162362337112427,2.6600000858306885,2.7300000190734863,2.6600000858306885,2.680000066757202,302486185,yfinance,False
2021-01-08,1.7291401624679565,2.680000066757202,2.690000057220459,2.630000114440918,2.680000066757202,308013934,yfinance,False
2021-01-11,1.7420440912246704,2.700000047683716,2.7200000286102295,2.6700000762939453,2.6700000762939453,393288216,yfinance,False
2021-01-12,1.7484960556030273,2.7100000381469727,2.7300000190734863,2.690000057220459,2.7100000381469727,276693017,yfinance,False
2021-01-13,1.754948377609253,2.7200000286102295,2.7300000190734863,2.700000047683716,2.7200000286102295,201620628,yfinance,False
2021-01-14,1.7484960556030273,2.7100000381469727,2.7300000190734863,2.700000047683716,2.7300000190734863,296786489,yfinance,False
2021-01-15,1.7614003419876099,2.7300000190734863,2.7699999809265137,2.700000047683716,2.7100000381469727,391249014,yfinance,False
2021-01-18,1.7614003419876099,2.7300000190734863,2.740000009536743,2.700000047683716,2.7300000190734863,212852820,yfinance,False
2021-01-19,1.7872079610824585,2.7699999809265137,2.7799999713897705,2.7300000190734863,2.740000009536743,623010201,yfinance,False
2021-01-20,1.793660044670105,2.7799999713897705,2.7899999618530273,2.75,2.7699999809265137,460046930,yfinance,False
2021-01-21,1.793660044670105,2.7799999713897705,2.7799999713897705,2.759999990463257,2.7799999713897705,224740753,yfinance,False
2021-01-22,1.7484960556030273,2.7100000381469727,2.7899999618530273,2.7100000381469727,2.7899999618530273,368811148,yfinance,False
2021-01-25,1.7614003419876099,2.7300000190734863,2.740000009536743,2.690000057220459,2.700000047683716,253998654,yfinance,False
2021-01-26,1.735592007637024,2.690000057220459,2.7300000190734863,2.690000057220459,2.700000047683716,255356574,yfinance,False
2021-01-27,1.7614003419876099,2.7300000190734863,2.75,2.700000047683716,2.7100000381469727,274350997,yfinance,False
2021-01-28,1.7291401624679565,2.680000066757202,2.7100000381469727,2.6700000762939453,2.700000047683716,195984040,yfinance,False
2021-01-29,1.6968802213668823,2.630000114440918,2.700000047683716,2.619999885559082,2.680000066757202,370501101,yfinance,False
2021-02-01,1.7033319473266602,2.640000104904175,2.6500000953674316,2.609999895095825,2.619999885559082,251220904,yfinance,False
2021-02-02,1.7097842693328857,2.6500000953674316,2.6700000762939453,2.640000104904175,2.6600000858306885,205905973,yfinance,False
2021-02-03,1.6968802213668823,2.630000114440918,2.640000104904175,2.5999999046325684,2.630000114440918,232169325,yfinance,False
2021-02-04,1.6968802213668823,2.630000114440918,2.6600000858306885,2.609999895095825,2.619999885559082,279621154,yfinance,False
2021-02-05,1.7033319473266602,2.640000104904175,2.6700000762939453,2.619999885559082,2.630000114440918,285280846,yfinance,False
2021-02-08,1.6968802213668823,2.630000114440918,2.6600000858306885,2.619999885559082,2.6500000953674316,282343618,yfinance,False
2021-02-09,1.6968802213668823,2.630000114440918,2.6500000953674316,2.619999885559082,2.630000114440918,186409628,yfinance,False
2021-02-10,1.7291401624679565,2.680000066757202,2.7100000381469727,2.640000104904175,2.6500000953674316,360233465,yfinance,False
2021-02-11,1.735592007637024,2.690000057220459,2.690000057220459,2.690000057220459,2.690000057220459,0,yfinance,False
2021-02-16,1.754948377609253,2.7200000286102295,2.740000009536743,2.7100000381469727,2.7200000286102295,266352069,yfinance,False
2021-02-17,1.7743040323257446,2.75,2.7699999809265137,2.7100000381469727,2.7200000286102295,360889289,yfinance,False
2021-02-18,1.754948377609253,2.7200000286102295,2.759999990463257,2.7200000286102295,2.759999990463257,331683544,yfinance,False
2021-02-19,1.754948377609253,2.7200000286102295,2.7300000190734863,2.700000047683716,2.7200000286102295,278923143,yfinance,False
2021-02-22,1.7678521871566772,2.740000009536743,2.75,2.7200000286102295,2.7300000190734863,359991049,yfinance,False
2021-02-23,1.800112009048462,2.7899999618530273,2.799999952316284,2.75,2.759999990463257,569533477,yfinance,False
2021-02-24,1.7807561159133911,2.759999990463257,2.799999952316284,2.75,2.799999952316284,484618257,yfinance,False
2021-02-25,1.7872079610824585,2.7699999809265137,2.7899999618530273,2.740000009536743,2.75,466330063,yfinance,False
2021-02-26,1.754948377609253,2.7200000286102295,2.7799999713897705,2.7200000286102295,2.7799999713897705,499163150,yfinance,False
2021-03-01,1.7420440912246704,2.700000047683716,2.740000009536743,2.700000047683716,2.740000009536743,237020807,yfinance,False
2021-03-02,1.735592007637024,2.690000057220459,2.7200000286102295,2.680000066757202,2.7100000381469727,332978047,yfinance,False
2021-03-03,1.8065640926361084,2.799999952316284,2.809999942779541,2.690000057220459,2.700000047683716,674545188,yfinance,False
2021-03-04,1.793660044670105,2.7799999713897705,2.799999952316284,2.75,2.7899999618530273,397437104,yfinance,False
2021-03-05,1.8323726654052734,2.8399999141693115,2.869999885559082,2.759999990463257,2.7799999713897705,697062519,yfinance,False
2021-03-08,1.8581805229187012,2.880000114440918,2.9000000953674316,2.859999895095825,2.869999885559082,661603759,yfinance,False
2021-03-09,1.8646326065063477,2.890000104904175,2.950000047683716,2.8499999046325684,2.9200000762939453,654099722,yfinance,False
2021-03-10,1.8646326065063477,2.890000104904175,2.890000104904175,2.8299999237060547,2.859999895095825,413930636,yfinance,False
2021-03-11,1.8517282009124756,2.869999885559082,2.9200000762939453,2.8499999046325684,2.890000104904175,476167419,yfinance,False
2021-03-12,1.8388243913650513,2.8499999046325684,2.9000000953674316,2.8399999141693115,2.859999895095825,416170425,yfinance,False
2021-03-15,1.877536416053772,2.9100000858306885,2.9200000762939453,2.8399999141693115,2.8499999046325684,447462595,yfinance,False
2021-03-16,1.8646326065063477,2.890000104904175,2.930000066757202,2.880000114440918,2.930000066757202,217507332,yfinance,False
2021-03-17,1.8904404640197754,2.930000066757202,2.930000066757202,2.880000114440918,2.9100000858306885,272876709,yfinance,False
2021-03-18,1.8904404640197754,2.930000066757202,2.950000047683716,2.930000066757202,2.940000057220459,264043725,yfinance,False
2021-03-19,1.8581805229187012,2.880000114440918,2.930000066757202,2.869999885559082,2.9100000858306885,492937236,yfinance,False
2021-03-22,1.8968923091888428,2.940000057220459,2.9600000381469727,2.880000114440918,2.890000104904175,399087137,yfinance,False
2021-03-23,1.883988380432129,2.9200000762939453,2.9600000381469727,2.890000104904175,2.950000047683716,228422725,yfinance,False
2021-03-24,1.8646326065063477,2.890000104904175,2.930000066757202,2.880000114440918,2.9200000762939453,288825918,yfinance,False
2021-03-25,1.877536416053772,2.9100000858306885,2.9200000762939453,2.880000114440918,2.9000000953674316,291908252,yfinance,False
2021-03-26,1.883988380432129,2.9200000762939453,2.930000066757202,2.890000104904175,2.9200000762939453,217645079,yfinance,False
2021-03-29,1.9033445119857788,2.950000047683716,2.9600000381469727,2.9100000858306885,2.9200000762939453,405909796,yfinance,False
2021-03-30,1.883988380432129,2.9200000762939453,2.9700000286102295,2.9100000858306885,2.9600000381469727,323580332,yfinance,False
2021-03-31,1.9097964763641357,2.9600000381469727,2.9800000190734863,2.940000057220459,2.9700000286102295,397711605,yfinance,False
2021-04-01,1.9033445119857788,2.950000047683716,2.9800000190734863,2.940000057220459,2.9700000286102295,421340554,yfinance,False
2021-04-07,1.9162485599517822,2.9700000286102295,2.9700000286102295,2.940000057220459,2.950000047683716,346338996,yfinance,False
2021-04-08,1.9291527271270752,2.990000009536743,2.990000009536743,2.9600000381469727,2.9700000286102295,302211311,yfinance,False
2021-04-09,1.9291527271270752,2.990000009536743,3.0,2.9700000286102295,2.9800000190734863,299416664,yfinance,False
2021-04-12,1.9356045722961426,3.0,3.0,2.9800000190734863,3.0,353018961,yfinance,False
2021-04-13,1.9614124298095703,3.0399999618530273,3.049999952316284,3.0,3.009999990463257,491050972,yfinance,False
2021-04-14,1.9872206449508667,3.0799999237060547,3.0799999237060547,3.0299999713897705,3.049999952316284,462780225,yfinance,False
2021-04-15,1.9743164777755737,3.059999942779541,3.0799999237060547,3.049999952316284,3.0799999237060547,328582491,yfinance,False
2021-04-16,1.9872206449508667,3.0799999237060547,3.0799999237060547,3.049999952316284,3.0799999237060547,338755927,yfinance,False
2021-04-19,2.0065767765045166,3.109999895095825,3.130000114440918,3.059999942779541,3.0799999237060547,456626838,yfinance,False
2021-04-20,2.025932788848877,3.140000104904175,3.140000104904175,3.0999999046325684,3.109999895095825,342715216,yfinance,False
2021-04-21,2.0065767765045166,3.109999895095825,3.140000104904175,3.109999895095825,3.109999895095825,300110785,yfinance,False
2021-04-22,2.0065767765045166,3.109999895095825,3.140000104904175,3.0999999046325684,3.130000114440918,242748946,yfinance,False
2021-04-23,2.025932788848877,3.140000104904175,3.140000104904175,3.0799999237060547,3.109999895095825,281562760,yfinance,False
2021-04-26,1.9872206449508667,3.0799999237060547,3.140000104904175,3.0799999237060547,3.140000104904175,313275944,yfinance,False
2021-04-27,2.000124454498291,3.0999999046325684,3.0999999046325684,3.069999933242798,3.069999933242798,371522253,yfinance,False
2021-04-28,2.0065767765045166,3.109999895095825,3.119999885559082,3.0899999141693115,3.0999999046325684,263224295,yfinance,False
2021-04-29,2.0323851108551025,3.1500000953674316,3.1700000762939453,3.130000114440918,3.1500000953674316,331317315,yfinance,False
2021-04-30,1.9936726093292236,3.0899999141693115,3.1500000953674316,3.0899999141693115,3.140000104904175,305170861,yfinance,False
2021-05-03,1.9743164777755737,3.059999942779541,3.0999999046325684,3.059999942779541,3.0999999046325684,233569732,yfinance,False
2021-05-04,1.9936726093292236,3.0899999141693115,3.0899999141693115,3.059999942779541,3.059999942779541,232339462,yfinance,False
2021-05-05,2.013028621673584,3.119999885559082,3.1500000953674316,3.0799999237060547,3.0799999237060547,288911708,yfinance,False
2021-05-06,2.0065767765045166,3.109999895095825,3.1500000953674316,3.0999999046325684,3.140000104904175,197006952,yfinance,False
2021-05-07,2.025932788848877,3.140000104904175,3.140000104904175,3.109999895095825,3.119999885559082,298773282,yfinance,False
2021-05-10,2.025932788848877,3.140000104904175,3.1500000953674316,3.119999885559082,3.1500000953674316,249639734,yfinance,False
2021-05-11,2.0065767765045166,3.109999895095825,3.140000104904175,3.0999999046325684,3.130000114440918,267103790,yfinance,False
2021-05-12,2.0065767765045166,3.109999895095825,3.140000104904175,3.0999999046325684,3.109999895095825,280884238,yfinance,False
2021-05-13,2.0065767765045166,3.109999895095825,3.130000114440918,3.0999999046325684,3.0999999046325684,276586189,yfinance,False
2021-05-14,2.0194807052612305,3.130000114440918,3.1500000953674316,3.119999885559082,3.140000104904175,197664318,yfinance,False
2021-05-17,2.013028621673584,3.119999885559082,3.130000114440918,3.109999895095825,3.119999885559082,199573100,yfinance,False
2021-05-18,2.025932788848877,3.140000104904175,3.140000104904175,3.109999895095825,3.119999885559082,254800270,yfinance,False
2021-05-20,2.013028621673584,3.119999885559082,3.130000114440918,3.0999999046325684,3.130000114440918,311808485,yfinance,False
2021-05-21,2.0065767765045166,3.109999895095825,3.130000114440918,3.109999895095825,3.119999885559082,238717422,yfinance,False
2021-05-24,2.013028621673584,3.119999885559082,3.130000114440918,3.109999895095825,3.109999895095825,298984115,yfinance,False
2021-05-25,2.0323851108551025,3.1500000953674316,3.1500000953674316,3.119999885559082,3.119999885559082,375744053,yfinance,False
2021-05-26,2.038836717605591,3.1600000858306885,3.1700000762939453,3.140000104904175,3.1500000953674316,548751808,yfinance,False
2021-05-27,2.0371923446655273,2.9200000762939453,2.9700000286102295,2.9200000762939453,2.930000066757202,698468638,yfinance,False
2021-05-28,2.0511457920074463,2.940000057220459,2.950000047683716,2.9200000762939453,2.950000047683716,371477613,yfinance,False
2021-05-31,2.0302157402038574,2.9100000858306885,2.9600000381469727,2.859999895095825,2.9600000381469727,537430453,yfinance,False
2021-06-01,2.0302157402038574,2.9100000858306885,2.9100000858306885,2.869999885559082,2.890000104904175,218141501,yfinance,False
2021-06-02,2.0162622928619385,2.890000104904175,2.9100000858306885,2.880000114440918,2.890000104904175,208938539,yfinance,False
2021-06-03,2.0023086071014404,2.869999885559082,2.9000000953674316,2.859999895095825,2.890000104904175,348855284,yfinance,False
2021-06-04,2.0023086071014404,2.869999885559082,2.880000114440918,2.8499999046325684,2.859999895095825,508332139,yfinance,False
2021-06-07,1.9744019508361816,2.8299999237060547,2.880000114440918,2.8299999237060547,2.869999885559082,394452732,yfinance,False
2021-06-08,1.9883553981781006,2.8499999046325684,2.8499999046325684,2.8299999237060547,2.8499999046325684,234271148,yfinance,False
2021-06-09,1.9883553981781006,2.8499999046325684,2.869999885559082,2.809999942779541,2.869999885559082,325003094,yfinance,False
2021-06-10,1.9674257040023804,2.819999933242798,2.8499999046325684,2.799999952316284,2.8499999046325684,285344315,yfinance,False
2021-06-11,1.9744019508361816,2.8299999237060547,2.8399999141693115,2.799999952316284,2.8299999237060547,294243242,yfinance,False
2021-06-15,1.9395184516906738,2.7799999713897705,2.8399999141693115,2.7799999713897705,2.8299999237060547,405121532,yfinance,False
2021-06-16,1.9604486227035522,2.809999942779541,2.809999942779541,2.7799999713897705,2.7799999713897705,196217001,yfinance,False
2021-06-17,1.9674257040023804,2.819999933242798,2.8299999237060547,2.809999942779541,2.809999942779541,188343161,yfinance,False
2021-06-18,1.9674257040023804,2.819999933242798,2.819999933242798,2.7799999713897705,2.809999942779541,483571701,yfinance,False
2021-06-21,1.953472375869751,2.799999952316284,2.809999942779541,2.7799999713897705,2.7899999618530273,164004587,yfinance,False
2021-06-22,1.953472375869751,2.799999952316284,2.819999933242798,2.7899999618530273,2.799999952316284,172575518,yfinance,False
2021-06-23,1.9674257040023804,2.819999933242798,2.8299999237060547,2.7799999713897705,2.819999933242798,232540782,yfinance,False
2021-06-24,1.9604486227035522,2.809999942779541,2.8299999237060547,2.799999952316284,2.819999933242798,165822546,yfinance,False
2021-06-25,1.9744019508361816,2.8299999237060547,2.8299999237060547,2.799999952316284,2.809999942779541,150401295,yfinance,False
2021-06-28,1.9604486227035522,2.809999942779541,2.8299999237060547,2.799999952316284,2.8299999237060547,182432462,yfinance,False
2021-06-29,1.9464952945709229,2.7899999618530273,2.819999933242798,2.7799999713897705,2.819999933242798,216367266,yfinance,False
2021-06-30,1.9464952945709229,2.7899999618530273,2.809999942779541,2.7899999618530273,2.7899999618530273,159379728,yfinance,False
2021-07-02,1.9395184516906738,2.7799999713897705,2.819999933242798,2.7799999713897705,2.7899999618530273,232086534,yfinance,False
2021-07-05,1.9395184516906738,2.7799999713897705,2.809999942779541,2.7799999713897705,2.7799999713897705,192672047,yfinance,False
2021-07-06,1.9395184516906738,2.7799999713897705,2.799999952316284,2.7799999713897705,2.7799999713897705,153973797,yfinance,False
2021-07-07,1.9395184516906738,2.7799999713897705,2.799999952316284,2.7699999809265137,2.7899999618530273,177103634,yfinance,False
2021-07-08,1.9185888767242432,2.75,2.799999952316284,2.75,2.799999952316284,275838049,yfinance,False
2021-07-09,1.9116120338439941,2.740000009536743,2.759999990463257,2.7300000190734863,2.740000009536743,280264687,yfinance,False
2021-07-12,1.9185888767242432,2.75,2.7899999618530273,2.740000009536743,2.7699999809265137,193644897,yfinance,False
2021-07-13,1.9395184516906738,2.7799999713897705,2.7799999713897705,2.740000009536743,2.759999990463257,202684527,yfinance,False
2021-07-14,1.9116120338439941,2.740000009536743,2.7799999713897705,2.7200000286102295,2.7699999809265137,229585900,yfinance,False
2021-07-15,1.932542085647583,2.7699999809265137,2.799999952316284,2.7300000190734863,2.7300000190734863,293092957,yfinance,False
2021-07-16,1.9255653619766235,2.759999990463257,2.7799999713897705,2.759999990463257,2.7699999809265137,202823692,yfinance,False
2021-07-19,1.9116120338439941,2.740000009536743,2.759999990463257,2.7300000190734863,2.75,226995100,yfinance,False
2021-07-20,1.8906821012496948,2.7100000381469727,2.75,2.700000047683716,2.7300000190734863,276577854,yfinance,False
2021-07-21,1.8906821012496948,2.7100000381469727,2.7300000190734863,2.700000047683716,2.7200000286102295,171953134,yfinance,False
2021-07-22,1.8976589441299438,2.7200000286102295,2.759999990463257,2.7100000381469727,2.7200000286102295,296065910,yfinance,False
2021-07-23,1.8906821012496948,2.7100000381469727,2.7300000190734863,2.700000047683716,2.7200000286102295,130450500,yfinance,False
2021-07-26,1.8906821012496948,2.7100000381469727,2.7200000286102295,2.690000057220459,2.7100000381469727,232339719,yfinance,False
2021-07-27,1.9046354293823242,2.7300000190734863,2.7699999809265137,2.700000047683716,2.7200000286102295,578921161,yfinance,False
2021-07-28,1.9116120338439941,2.740000009536743,2.7799999713897705,2.7300000190734863,2.759999990463257,396804353,yfinance,False
2021-07-29,1.8837052583694458,2.700000047683716,2.75,2.700000047683716,2.7300000190734863,311692418,yfinance,False
2021-07-30,1.8837052583694458,2.700000047683716,2.7300000190734863,2.690000057220459,2.700000047683716,301627440,yfinance,False
2021-08-02,1.8906821012496948,2.7100000381469727,2.740000009536743,2.690000057220459,2.690000057220459,189173425,yfinance,False
2021-08-03,1.9046354293823242,2.7300000190734863,2.7300000190734863,2.690000057220459,2.7300000190734863,221827914,yfinance,False
2021-08-04,1.8976589441299438,2.7200000286102295,2.75,2.7200000286102295,2.7300000190734863,138309908,yfinance,False
2021-08-05,1.8906821012496948,2.7100000381469727,2.7300000190734863,2.700000047683716,2.7200000286102295,155842944,yfinance,False
2021-08-06,1.8767286539077759,2.690000057220459,2.7100000381469727,2.680000066757202,2.700000047683716,188143801,yfinance,False
2021-08-09,1.8906821012496948,2.7100000381469727,2.7300000190734863,2.680000066757202,2.690000057220459,213281914,yfinance,False
2021-08-10,1.8837052583694458,2.700000047683716,2.7200000286102295,2.690000057220459,2.7100000381469727,139891125,yfinance,False
2021-08-11,1.9046354293823242,2.7300000190734863,2.7300000190734863,2.690000057220459,2.690000057220459,234680477,yfinance,False
2021-08-12,1.9046354293823242,2.7300000190734863,2.75,2.7100000381469727,2.7200000286102295,177462503,yfinance,False
2021-08-13,1.8976589441299438,2.7200000286102295,2.7300000190734863,2.700000047683716,2.7100000381469727,109399011,yfinance,False
2021-08-16,1.8906821012496948,2.7100000381469727,2.740000009536743,2.7100000381469727,2.7300000190734863,160670924,yfinance,False
2021-08-17,1.9046354293823242,2.7300000190734863,2.740000009536743,2.7100000381469727,2.7100000381469727,207779035,yfinance,False
2021-08-18,1.9116120338439941,2.740000009536743,2.75,2.7300000190734863,2.740000009536743,168813739,yfinance,False
2021-08-19,1.8906821012496948,2.7100000381469727,2.7300000190734863,2.700000047683716,2.7300000190734863,184792415,yfinance,False
2021-08-20,1.8837052583694458,2.700000047683716,2.740000009536743,2.700000047683716,2.7100000381469727,205972903,yfinance,False
2021-08-23,1.8976589441299438,2.7200000286102295,2.7300000190734863,2.700000047683716,2.7300000190734863,174373155,yfinance,False
2021-08-24,1.8837052583694458,2.700000047683716,2.740000009536743,2.700000047683716,2.7300000190734863,224152343,yfinance,False
2021-08-25,1.8837052583694458,2.700000047683716,2.7200000286102295,2.700000047683716,2.7100000381469727,136608202,yfinance,False
2021-08-26,1.8837052583694458,2.700000047683716,2.7100000381469727,2.690000057220459,2.7100000381469727,137308070,yfinance,False
2021-08-27,1.8837052583694458,2.700000047683716,2.7200000286102295,2.690000057220459,2.690000057220459,156486129,yfinance,False
2021-08-30,1.8837052583694458,2.700000047683716,2.7200000286102295,2.690000057220459,2.700000047683716,159511322,yfinance,False
2021-08-31,1.9046354293823242,2.7300000190734863,2.740000009536743,2.690000057220459,2.7100000381469727,329445459,yfinance,False
2021-09-01,1.9116120338439941,2.740000009536743,2.75,2.7200000286102295,2.7300000190734863,276350056,yfinance,False
2021-09-02,1.8976589441299438,2.7200000286102295,2.759999990463257,2.7200000286102295,2.75,179552925,yfinance,False
2021-09-03,1.9046354293823242,2.7300000190734863,2.75,2.7300000190734863,2.740000009536743,255644871,yfinance,False
2021-09-06,1.9255653619766235,2.759999990463257,2.7799999713897705,2.7300000190734863,2.7300000190734863,375671111,yfinance,False
2021-09-07,1.932542085647583,2.7699999809265137,2.7899999618530273,2.75,2.759999990463257,337985712,yfinance,False
2021-09-08,1.9255653619766235,2.759999990463257,2.799999952316284,2.759999990463257,2.7699999809265137,277279130,yfinance,False
2021-09-09,1.932542085647583,2.7699999809265137,2.7699999809265137,2.75,2.759999990463257,230815444,yfinance,False
2021-09-10,1.9674257040023804,2.819999933242798,2.8299999237060547,2.759999990463257,2.759999990463257,427490092,yfinance,False
2021-09-13,1.9883553981781006,2.8499999046325684,2.890000104904175,2.799999952316284,2.809999942779541,497687855,yfinance,False
2021-09-14,1.9604486227035522,2.809999942779541,2.9000000953674316,2.809999942779541,2.869999885559082,369363309,yfinance,False
2021-09-15,1.9604486227035522,2.809999942779541,2.8499999046325684,2.799999952316284,2.809999942779541,231520472,yfinance,False
2021-09-16,1.9464952945709229,2.7899999618530273,2.819999933242798,2.75,2.819999933242798,305360921,yfinance,False
2021-09-17,1.932542085647583,2.7699999809265137,2.7799999713897705,2.7300000190734863,2.7799999713897705,419687105,yfinance,False
2021-09-20,1.8837052583694458,2.700000047683716,2.75,2.680000066757202,2.740000009536743,465138388,yfinance,False
2021-09-21,1.8837052583694458,2.700000047683716,2.740000009536743,2.6700000762939453,2.680000066757202,258938048,yfinance,False
2021-09-23,1.9046354293823242,2.7300000190734863,2.7799999713897705,2.7200000286102295,2.7300000190734863,309569569,yfinance,False
2021-09-24,1.8906821012496948,2.7100000381469727,2.759999990463257,2.700000047683716,2.7300000190734863,251983934,yfinance,False
2021-09-27,1.8906821012496948,2.7100000381469727,2.75,2.7100000381469727,2.7200000286102295,211408556,yfinance,False
2021-09-28,1.8906821012496948,2.7100000381469727,2.740000009536743,2.700000047683716,2.7100000381469727,233029430,yfinance,False
2021-09-29,1.9185888767242432,2.75,2.759999990463257,2.700000047683716,2.7100000381469727,273973260,yfinance,False
2021-09-30,1.9255653619766235,2.759999990463257,2.759999990463257,2.7200000286102295,2.7300000190734863,181521036,yfinance,False
2021-10-04,1.8976589441299438,2.7200000286102295,2.75,2.7100000381469727,2.7300000190734863,172177454,yfinance,False
2021-10-05,1.9046354293823242,2.7300000190734863,2.740000009536743,2.700000047683716,2.700000047683716,137222040,yfinance,False
2021-10-06,1.8976589441299438,2.7200000286102295,2.7300000190734863,2.7100000381469727,2.7300000190734863,139639358,yfinance,False
2021-10-07,1.9116120338439941,2.740000009536743,2.7899999618530273,2.7300000190734863,2.7300000190734863,285993498,yfinance,False
2021-10-08,1.9046354293823242,2.7300000190734863,2.759999990463257,2.7200000286102295,2.740000009536743,304561614,yfinance,False
2021-10-11,1.8976589441299438,2.7200000286102295,2.759999990463257,2.7200000286102295,2.7300000190734863,223869968,yfinance,False
2021-10-12,1.9046354293823242,2.7300000190734863,2.740000009536743,2.7200000286102295,2.7200000286102295,233963681,yfinance,False
2021-10-15,1.9116120338439941,2.740000009536743,2.759999990463257,2.7100000381469727,2.7200000286102295,209614441,yfinance,False
2021-10-18,1.9046354293823242,2.7300000190734863,2.759999990463257,2.7200000286102295,2.75,180005685,yfinance,False
2021-10-19,1.932542085647583,2.7699999809265137,2.7799999713897705,2.7300000190734863,2.7300000190734863,237228307,yfinance,False
2021-10-20,1.9185888767242432,2.75,2.7799999713897705,2.740000009536743,2.7699999809265137,179902906,yfinance,False
2021-10-21,1.9255653619766235,2.759999990463257,2.7799999713897705,2.75,2.759999990463257,382504147,yfinance,False
2021-10-22,1.932542085647583,2.7699999809265137,2.7799999713897705,2.75,2.759999990463257,133847928,yfinance,False
2021-10-25,1.932542085647583,2.7699999809265137,2.7899999618530273,2.759999990463257,2.7699999809265137,133658556,yfinance,False
2021-10-26,1.932542085647583,2.7699999809265137,2.7799999713897705,2.759999990463257,2.7699999809265137,164687791,yfinance,False
2021-10-27,1.9255653619766235,2.759999990463257,2.7799999713897705,2.75,2.7699999809265137,152695759,yfinance,False
2021-10-28,1.9185888767242432,2.75,2.7699999809265137,2.740000009536743,2.75,185508138,yfinance,False
2021-10-29,1.9185888767242432,2.75,2.759999990463257,2.7300000190734863,2.75,292093285,yfinance,False
2021-11-01,1.932542085647583,2.7699999809265137,2.7699999809265137,2.7300000190734863,2.75,214402887,yfinance,False
2021-11-02,1.9255653619766235,2.759999990463257,2.799999952316284,2.740000009536743,2.799999952316284,219129415,yfinance,False
2021-11-03,1.9255653619766235,2.759999990463257,2.7799999713897705,2.75,2.75,150843263,yfinance,False
2021-11-04,1.9185888767242432,2.75,2.759999990463257,2.740000009536743,2.75,127612071,yfinance,False
2021-11-05,1.9046354293823242,2.7300000190734863,2.759999990463257,2.7200000286102295,2.75,237502425,yfinance,False
2021-11-08,1.9185888767242432,2.75,2.759999990463257,2.7200000286102295,2.7300000190734863,193371286,yfinance,False
2021-11-09,1.9185888767242432,2.75,2.7699999809265137,2.7300000190734863,2.759999990463257,109062052,yfinance,False
2021-11-10,1.9046354293823242,2.7300000190734863,2.75,2.7200000286102295,2.75,173736090,yfinance,False
2021-11-11,1.9255653619766235,2.759999990463257,2.759999990463257,2.7200000286102295,2.75,238097828,yfinance,False
2021-11-12,1.9255653619766235,2.759999990463257,2.7799999713897705,2.740000009536743,2.7799999713897705,160287587,yfinance,False
2021-11-15,1.932542085647583,2.7699999809265137,2.7699999809265137,2.740000009536743,2.75,134994922,yfinance,False
2021-11-16,1.9395184516906738,2.7799999713897705,2.7799999713897705,2.75,2.7699999809265137,158843720,yfinance,False
2021-11-17,1.9395184516906738,2.7799999713897705,2.7799999713897705,2.759999990463257,2.759999990463257,133510094,yfinance,False
2021-11-18,1.9395184516906738,2.7799999713897705,2.7799999713897705,2.759999990463257,2.759999990463257,103657747,yfinance,False
2021-11-19,1.9464952945709229,2.7899999618530273,2.799999952316284,2.7699999809265137,2.7799999713897705,210523530,yfinance,False
2021-11-22,1.9395184516906738,2.7799999713897705,2.799999952316284,2.7799999713897705,2.7899999618530273,109598657,yfinance,False
2021-11-23,1.9464952945709229,2.7899999618530273,2.799999952316284,2.7799999713897705,2.7899999618530273,198148722,yfinance,False
2021-11-24,1.9395184516906738,2.7799999713897705,2.799999952316284,2.7799999713897705,2.7899999618530273,88749551,yfinance,False
2021-11-25,1.932542085647583,2.7699999809265137,2.7899999618530273,2.759999990463257,2.7799999713897705,95802861,yfinance,False
2021-11-26,1.9116120338439941,2.740000009536743,2.7699999809265137,2.740000009536743,2.759999990463257,156963924,yfinance,False
2021-11-29,1.9046354293823242,2.7300000190734863,2.759999990463257,2.7300000190734863,2.75,136317401,yfinance,False
2021-11-30,1.8906821012496948,2.7100000381469727,2.75,2.700000047683716,2.7300000190734863,577156852,yfinance,False
2021-12-01,1.8976589441299438,2.7200000286102295,2.759999990463257,2.7200000286102295,2.7200000286102295,303270154,yfinance,False
2021-12-02,1.9116120338439941,2.740000009536743,2.7699999809265137,2.7200000286102295,2.7200000286102295,315278216,yfinance,False
2021-12-03,1.9255653619766235,2.759999990463257,2.7699999809265137,2.7200000286102295,2.740000009536743,368845635,yfinance,False
2021-12-06,1.9255653619766235,2.759999990463257,2.7799999713897705,2.75,2.759999990463257,308930760,yfinance,False
2021-12-07,1.9255653619766235,2.759999990463257,2.7799999713897705,2.740000009536743,2.7699999809265137,241328104,yfinance,False
2021-12-08,1.9185888767242432,2.75,2.759999990463257,2.7300000190734863,2.75,245159398,yfinance,False
2021-12-09,1.9255653619766235,2.759999990463257,2.7799999713897705,2.740000009536743,2.759999990463257,166452877,yfinance,False
2021-12-10,1.9255653619766235,2.759999990463257,2.7699999809265137,2.740000009536743,2.740000009536743,141362117,yfinance,False
2021-12-13,1.9185888767242432,2.75,2.7699999809265137,2.740000009536743,2.7699999809265137,143242100,yfinance,False
2021-12-14,1.9046354293823242,2.7300000190734863,2.759999990463257,2.7300000190734863,2.740000009536743,159078601,yfinance,False
2021-12-15,1.9116120338439941,2.740000009536743,2.75,2.7300000190734863,2.740000009536743,133682495,yfinance,False
2021-12-16,1.9046354293823242,2.7300000190734863,2.75,2.7200000286102295,2.740000009536743,117109545,yfinance,False
2021-12-17,1.9116120338439941,2.740000009536743,2.75,2.7300000190734863,2.740000009536743,215862843,yfinance,False
2021-12-20,1.9185888767242432,2.75,2.759999990463257,2.7300000190734863,2.7300000190734863,190104140,yfinance,False
2021-12-21,1.9116120338439941,2.740000009536743,2.759999990463257,2.740000009536743,2.75,120504365,yfinance,False
2021-12-22,1.9185888767242432,2.75,2.75,2.7300000190734863,2.740000009536743,81715494,yfinance,False
2021-12-23,1.9185888767242432,2.75,2.759999990463257,2.740000009536743,2.75,95494608,yfinance,False
2021-12-24,1.9255653619766235,2.759999990463257,2.7699999809265137,2.75,2.759999990463257,97196022,yfinance,False
2021-12-28,1.953472375869751,2.799999952316284,2.799999952316284,2.759999990463257,2.7699999809265137,171252990,yfinance,False
2021-12-29,1.9604486227035522,2.809999942779541,2.819999933242798,2.7899999618530273,2.799999952316284,162371955,yfinance,False
2021-12-30,1.9744019508361816,2.8299999237060547,2.8299999237060547,2.809999942779541,2.819999933242798,161896481,yfinance,False
2021-12-31,1.9604486227035522,2.809999942779541,2.8399999141693115,2.809999942779541,2.819999933242798,85346264,yfinance,False
2022-01-03,1.9744019508361816,2.8299999237060547,2.8399999141693115,2.819999933242798,2.8299999237060547,106906311,yfinance,False
2022-01-04,2.0092856884002686,2.880000114440918,2.880000114440918,2.8299999237060547,2.8399999141693115,303486674,yfinance,False
2022-01-05,2.0371923446655273,2.9200000762939453,2.930000066757202,2.869999885559082,2.869999885559082,389293479,yfinance,False
2022-01-06,2.0232391357421875,2.9000000953674316,2.930000066757202,2.890000104904175,2.930000066757202,249854012,yfinance,False
2022-01-07,2.072075605392456,2.9700000286102295,2.9800000190734863,2.9000000953674316,2.9100000858306885,465992708,yfinance,False
2022-01-10,2.086029291152954,2.990000009536743,3.009999990463257,2.950000047683716,2.9700000286102295,441935679,yfinance,False
2022-01-11,2.086029291152954,2.990000009536743,3.0,2.9600000381469727,2.9700000286102295,284355235,yfinance,False
2022-01-12,2.086029291152954,2.990000009536743,3.0,2.9600000381469727,2.990000009536743,260389714,yfinance,False
2022-01-13,2.106959104537964,3.0199999809265137,3.0199999809265137,2.9800000190734863,2.990000009536743,263037777,yfinance,False
2022-01-14,2.099982738494873,3.009999990463257,3.049999952316284,3.0,3.009999990463257,232236472,yfinance,False
2022-01-17,2.072075605392456,2.9700000286102295,3.0199999809265137,2.9700000286102295,3.0199999809265137,212324610,yfinance,False
2022-01-18,2.072075605392456,2.9700000286102295,2.990000009536743,2.9600000381469727,2.9800000190734863,187285081,yfinance,False
2022-01-19,2.093005895614624,3.0,3.0,2.9700000286102295,2.9800000190734863,234696577,yfinance,False
2022-01-20,2.093005895614624,3.0,3.009999990463257,2.9800000190734863,3.0,227484958,yfinance,False
2022-01-21,2.099982738494873,3.009999990463257,3.009999990463257,2.9800000190734863,2.990000009536743,268210721,yfinance,False
2022-01-24,2.113936185836792,3.0299999713897705,3.049999952316284,2.990000009536743,3.0,256425047,yfinance,False
2022-01-25,2.113936185836792,3.0299999713897705,3.0399999618530273,3.0,3.009999990463257,275064755,yfinance,False
2022-01-26,2.099982738494873,3.009999990463257,3.0399999618530273,3.0,3.0299999713897705,240479799,yfinance,False
2022-01-27,2.106959104537964,3.0199999809265137,3.0199999809265137,2.990000009536743,3.0,194466118,yfinance,False
2022-01-28,2.113936185836792,3.0299999713897705,3.0399999618530273,3.009999990463257,3.0299999713897705,245991689,yfinance,False
2022-01-31,2.113936185836792,3.0299999713897705,3.0299999713897705,3.0299999713897705,3.0299999713897705,0,yfinance,False
2022-02-04,2.1348659992218018,3.059999942779541,3.059999942779541,3.0199999809265137,3.0399999618530273,295115869,yfinance,False
2022-02-07,2.1697494983673096,3.109999895095825,3.130000114440918,3.049999952316284,3.059999942779541,382255865,yfinance,False
2022-02-08,2.1906795501708984,3.140000104904175,3.1700000762939453,3.109999895095825,3.109999895095825,348978357,yfinance,False
2022-02-09,2.1976563930511475,3.1500000953674316,3.1700000762939453,3.119999885559082,3.1500000953674316,460753344,yfinance,False
2022-02-10,2.2185862064361572,3.180000066757202,3.180000066757202,3.130000114440918,3.1600000858306885,319867329,yfinance,False
2022-02-11,2.232539653778076,3.200000047683716,3.200000047683716,3.1500000953674316,3.180000066757202,418974856,yfinance,False
2022-02-14,2.2185862064361572,3.180000066757202,3.200000047683716,3.1600000858306885,3.200000047683716,256460955,yfinance,False
2022-02-15,2.1557960510253906,3.0899999141693115,3.190000057220459,3.059999942779541,3.1700000762939453,585575752,yfinance,False
2022-02-16,2.1976563930511475,3.1500000953674316,3.1500000953674316,3.0899999141693115,3.109999895095825,322426118,yfinance,False
2022-02-17,2.1837027072906494,3.130000114440918,3.1600000858306885,3.109999895095825,3.140000104904175,273522929,yfinance,False
2022-02-18,2.1976563930511475,3.1500000953674316,3.1600000858306885,3.109999895095825,3.119999885559082,202504701,yfinance,False
2022-02-21,2.2046329975128174,3.1600000858306885,3.1700000762939453,3.109999895095825,3.1500000953674316,216353660,yfinance,False
2022-02-22,2.1837027072906494,3.130000114440918,3.140000104904175,3.0999999046325684,3.140000104904175,262366104,yfinance,False
2022-02-23,2.1767258644104004,3.119999885559082,3.130000114440918,3.0999999046325684,3.130000114440918,139105336,yfinance,False
2022-02-24,2.127889633178711,3.049999952316284,3.119999885559082,3.009999990463257,3.0999999046325684,456391522,yfinance,False
2022-02-25,2.106959104537964,3.0199999809265137,3.049999952316284,3.009999990463257,3.009999990463257,273141197,yfinance,False
2022-02-28,2.120912790298462,3.0399999618530273,3.059999942779541,2.9700000286102295,3.0299999713897705,456280219,yfinance,False
2022-03-01,2.106959104537964,3.0199999809265137,3.049999952316284,2.990000009536743,3.0199999809265137,281043238,yfinance,False
2022-03-02,2.079052448272705,2.9800000190734863,3.0199999809265137,2.9800000190734863,3.0,244556789,yfinance,False
2022-03-03,2.093005895614624,3.0,3.0399999618530273,2.990000009536743,3.0,264861004,yfinance,False
2022-03-04,2.099982738494873,3.009999990463257,3.009999990463257,2.9700000286102295,2.9800000190734863,226751075,yfinance,False
2022-03-07,2.0511457920074463,2.940000057220459,2.9800000190734863,2.9200000762939453,2.9700000286102295,385294624,yfinance,False
2022-03-08,2.0302157402038574,2.9100000858306885,2.9600000381469727,2.890000104904175,2.940000057220459,391075753,yfinance,False
2022-03-09,2.0162622928619385,2.890000104904175,2.940000057220459,2.8499999046325684,2.9000000953674316,449404952,yfinance,False
2022-03-10,2.0650992393493652,2.9600000381469727,2.9700000286102295,2.9000000953674316,2.930000066757202,349380718,yfinance,False
2022-03-11,2.0650992393493652,2.9600000381469727,2.990000009536743,2.930000066757202,2.950000047683716,359769490,yfinance,False
2022-03-14,2.0581226348876953,2.950000047683716,2.990000009536743,2.9100000858306885,2.9600000381469727,580285422,yfinance,False
2022-03-15,1.9953323602676392,2.859999895095825,2.9200000762939453,2.799999952316284,2.9100000858306885,831143335,yfinance,False
2022-03-16,2.0023086071014404,2.869999885559082,2.890000104904175,2.809999942779541,2.890000104904175,584034464,yfinance,False
2022-03-17,2.079052448272705,2.9800000190734863,2.9800000190734863,2.890000104904175,2.9200000762939453,507851140,yfinance,False
2022-03-18,2.072075605392456,2.9700000286102295,3.009999990463257,2.950000047683716,2.9700000286102295,601308421,yfinance,False
2022-03-21,2.0650992393493652,2.9600000381469727,3.0199999809265137,2.950000047683716,3.0199999809265137,288826257,yfinance,False
2022-03-22,2.086029291152954,2.990000009536743,3.009999990463257,2.9700000286102295,2.9800000190734863,254656273,yfinance,False
2022-03-23,2.093005895614624,3.0,3.009999990463257,2.9800000190734863,2.990000009536743,182926884,yfinance,False
2022-03-24,2.099982738494873,3.009999990463257,3.009999990463257,2.9700000286102295,2.9800000190734863,182543510,yfinance,False
2022-03-25,2.113936185836792,3.0299999713897705,3.059999942779541,2.990000009536743,3.0,257130203,yfinance,False
2022-03-28,2.113936185836792,3.0299999713897705,3.049999952316284,3.009999990463257,3.0299999713897705,237189977,yfinance,False
2022-03-29,2.127889633178711,3.049999952316284,3.049999952316284,3.0199999809265137,3.0399999618530273,212227770,yfinance,False
2022-03-30,2.1767258644104004,3.119999885559082,3.1500000953674316,3.0799999237060547,3.0899999141693115,450890881,yfinance,False
2022-03-31,2.1976563930511475,3.1500000953674316,3.1700000762939453,3.109999895095825,3.119999885559082,412175568,yfinance,False
2022-04-01,2.1976563930511475,3.1500000953674316,3.1600000858306885,3.119999885559082,3.1500000953674316,225184946,yfinance,False
2022-04-04,2.1976563930511475,3.1500000953674316,3.1700000762939453,3.130000114440918,3.1500000953674316,230343178,yfinance,False
2022-04-06,2.1837027072906494,3.130000114440918,3.1600000858306885,3.119999885559082,3.1500000953674316,386335091,yfinance,False
2022-04-07,2.1906795501708984,3.140000104904175,3.1500000953674316,3.109999895095825,3.130000114440918,237078727,yfinance,False
2022-04-08,2.1906795501708984,3.140000104904175,3.1500000953674316,3.119999885559082,3.140000104904175,209910921,yfinance,False
2022-04-11,2.1906795501708984,3.140000104904175,3.140000104904175,3.119999885559082,3.140000104904175,232439672,yfinance,False
2022-04-12,2.1767258644104004,3.119999885559082,3.1500000953674316,3.119999885559082,3.1500000953674316,219548765,yfinance,False
2022-04-13,2.1837027072906494,3.130000114440918,3.130000114440918,3.0999999046325684,3.119999885559082,187111332,yfinance,False
2022-04-14,2.1767258644104004,3.119999885559082,3.130000114440918,3.0999999046325684,3.130000114440918,220981481,yfinance,False
2022-04-19,2.1767258644104004,3.119999885559082,3.140000104904175,3.0799999237060547,3.109999895095825,353736698,yfinance,False
2022-04-20,2.1906795501708984,3.140000104904175,3.140000104904175,3.109999895095825,3.119999885559082,193328109,yfinance,False
2022-04-21,2.1837027072906494,3.130000114440918,3.1500000953674316,3.119999885559082,3.130000114440918,236352089,yfinance,False
2022-04-22,2.1906795501708984,3.140000104904175,3.1600000858306885,3.109999895095825,3.109999895095825,479300872,yfinance,False
2022-04-25,2.1557960510253906,3.0899999141693115,3.130000114440918,3.0799999237060547,3.119999885559082,382961775,yfinance,False
2022-04-26,2.1348659992218018,3.059999942779541,3.0999999046325684,3.0399999618530273,3.0899999141693115,419007829,yfinance,False
2022-04-27,2.120912790298462,3.0399999618530273,3.069999933242798,3.0199999809265137,3.0299999713897705,271182106,yfinance,False
2022-04-28,2.1767258644104004,3.119999885559082,3.119999885559082,3.0399999618530273,3.049999952316284,283493983,yfinance,False
2022-04-29,2.1627724170684814,3.0999999046325684,3.140000104904175,3.059999942779541,3.0999999046325684,365522356,yfinance,False
2022-05-03,2.1627724170684814,3.0999999046325684,3.0999999046325684,3.049999952316284,3.059999942779541,182906067,yfinance,False
2022-05-04,2.1627724170684814,3.0999999046325684,3.119999885559082,3.0799999237060547,3.0999999046325684,152928453,yfinance,False
2022-05-05,2.1488192081451416,3.0799999237060547,3.119999885559082,3.059999942779541,3.109999895095825,192343484,yfinance,False
2022-05-06,2.120912790298462,3.0399999618530273,3.0799999237060547,3.0299999713897705,3.059999942779541,192659775,yfinance,False
2022-05-10,2.106959104537964,3.0199999809265137,3.0399999618530273,2.990000009536743,3.009999990463257,341525127,yfinance,False
2022-05-11,2.113936185836792,3.0299999713897705,3.0399999618530273,3.0,3.0399999618530273,158882125,yfinance,False
2022-05-12,2.079052448272705,2.9800000190734863,3.0399999618530273,2.9700000286102295,3.0299999713897705,328902319,yfinance,False
2022-05-13,2.099982738494873,3.009999990463257,3.009999990463257,2.9800000190734863,2.9800000190734863,252333078,yfinance,False
2022-05-16,2.086029291152954,2.990000009536743,3.0199999809265137,2.9800000190734863,3.0199999809265137,178933494,yfinance,False
2022-05-17,2.099982738494873,3.009999990463257,3.0299999713897705,2.990000009536743,3.009999990463257,181950422,yfinance,False
2022-05-18,2.099982738494873,3.009999990463257,3.0299999713897705,2.990000009536743,3.0,197261156,yfinance,False
2022-05-19,2.106959104537964,3.0199999809265137,3.0299999713897705,2.9800000190734863,3.0,305951398,yfinance,False
2022-05-20,2.1348659992218018,3.059999942779541,3.0799999237060547,3.0299999713897705,3.0399999618530273,248477454,yfinance,False
2022-05-23,2.1418426036834717,3.069999933242798,3.119999885559082,3.049999952316284,3.059999942779541,166225925,yfinance,False
2022-05-24,2.1348659992218018,3.059999942779541,3.0799999237060547,3.049999952316284,3.069999933242798,139314832,yfinance,False
2022-05-25,2.1418426036834717,3.069999933242798,3.0999999046325684,3.059999942779541,3.069999933242798,183834253,yfinance,False
2022-05-26,2.1488192081451416,3.0799999237060547,3.0999999046325684,3.059999942779541,3.0799999237060547,173026219,yfinance,False
2022-05-27,2.1697494983673096,3.109999895095825,3.119999885559082,3.0799999237060547,3.0999999046325684,228558682,yfinance,False
2022-05-30,2.1627724170684814,3.0999999046325684,3.140000104904175,3.0899999141693115,3.109999895095825,264894404,yfinance,False
2022-05-31,2.1976563930511475,3.1500000953674316,3.1500000953674316,3.0899999141693115,3.109999895095825,459228242,yfinance,False
2022-06-01,2.1767258644104004,3.119999885559082,3.1500000953674316,3.109999895095825,3.1500000953674316,236755572,yfinance,False
2022-06-02,2.1697494983673096,3.109999895095825,3.119999885559082,3.0899999141693115,3.0999999046325684,154550979,yfinance,False
2022-06-06,2.1767258644104004,3.119999885559082,3.130000114440918,3.059999942779541,3.0999999046325684,260210670,yfinance,False
2022-06-07,2.1627724170684814,3.0999999046325684,3.119999885559082,3.0799999237060547,3.0999999046325684,156719843,yfinance,False
2022-06-08,2.1557960510253906,3.0899999141693115,3.119999885559082,3.0799999237060547,3.119999885559082,204454918,yfinance,False
2022-06-09,2.1488192081451416,3.0799999237060547,3.0999999046325684,3.069999933242798,3.069999933242798,146220686,yfinance,False
2022-06-10,2.1418426036834717,3.069999933242798,3.0899999141693115,3.069999933242798,3.0799999237060547,205511274,yfinance,False
2022-06-13,2.127889633178711,3.049999952316284,3.059999942779541,3.0399999618530273,3.049999952316284,251672640,yfinance,False
2022-06-14,2.1348659992218018,3.059999942779541,3.0799999237060547,3.0299999713897705,3.0399999618530273,148322050,yfinance,False
2022-06-15,2.1418426036834717,3.069999933242798,3.0899999141693115,3.049999952316284,3.059999942779541,148614531,yfinance,False
2022-06-16,2.120912790298462,3.0399999618530273,3.0799999237060547,3.0399999618530273,3.069999933242798,216608913,yfinance,False
2022-06-17,2.127889633178711,3.049999952316284,3.069999933242798,3.0299999713897705,3.0299999713897705,288613123,yfinance,False
2022-06-20,2.1348659992218018,3.059999942779541,3.059999942779541,3.0299999713897705,3.0299999713897705,142010664,yfinance,False
2022-06-21,2.1697494983673096,3.109999895095825,3.119999885559082,3.059999942779541,3.059999942779541,186837223,yfinance,False
2022-06-22,2.1418426036834717,3.069999933242798,3.119999885559082,3.059999942779541,3.0999999046325684,206938443,yfinance,False
2022-06-23,2.1557960510253906,3.0899999141693115,3.109999895095825,3.069999933242798,3.0799999237060547,149000313,yfinance,False
2022-06-24,2.1557960510253906,3.0899999141693115,3.0999999046325684,3.069999933242798,3.0799999237060547,142742868,yfinance,False
2022-06-27,2.1697494983673096,3.109999895095825,3.119999885559082,3.0799999237060547,3.0999999046325684,192953215,yfinance,False
2022-06-28,2.1976563930511475,3.1500000953674316,3.1500000953674316,3.109999895095825,3.119999885559082,247371533,yfinance,False
2022-06-29,2.1837027072906494,3.130000114440918,3.1500000953674316,3.130000114440918,3.130000114440918,330264254,yfinance,False
2022-06-30,2.1837027072906494,3.130000114440918,3.1500000953674316,3.119999885559082,3.119999885559082,325471714,yfinance,False
2022-07-04,2.1976563930511475,3.1500000953674316,3.1500000953674316,3.109999895095825,3.130000114440918,349891887,yfinance,False
2022-07-05,2.1976563930511475,3.1500000953674316,3.1700000762939453,3.140000104904175,3.1500000953674316,400358856,yfinance,False
2022-07-06,2.1697494983673096,3.109999895095825,3.1500000953674316,3.0899999141693115,3.140000104904175,581879678,yfinance,False
2022-07-07,2.19175124168396,2.880000114440918,2.880000114440918,2.8299999237060547,2.859999895095825,275014686,yfinance,False
2022-07-08,2.184141159057617,2.869999885559082,2.9000000953674316,2.859999895095825,2.890000104904175,163419369,yfinance,False
2022-07-11,2.1613104343414307,2.8399999141693115,2.869999885559082,2.8299999237060547,2.859999895095825,173468156,yfinance,False
2022-07-12,2.153700113296509,2.8299999237060547,2.869999885559082,2.8299999237060547,2.8399999141693115,222607375,yfinance,False
2022-07-13,2.1156489849090576,2.7799999713897705,2.8299999237060547,2.7699999809265137,2.819999933242798,355255318,yfinance,False
2022-07-14,2.0775978565216064,2.7300000190734863,2.7899999618530273,2.7200000286102295,2.7799999713897705,357402650,yfinance,False
2022-07-15,2.047156810760498,2.690000057220459,2.740000009536743,2.680000066757202,2.7200000286102295,481754599,yfinance,False
2022-07-18,2.1080384254455566,2.7699999809265137,2.7699999809265137,2.700000047683716,2.700000047683716,212825076,yfinance,False
2022-07-19,2.092818021774292,2.75,2.759999990463257,2.7300000190734863,2.75,135001841,yfinance,False
2022-07-20,2.1080384254455566,2.7699999809265137,2.7799999713897705,2.75,2.759999990463257,169230497,yfinance,False
2022-07-21,2.100428342819214,2.759999990463257,2.7799999713897705,2.75,2.7799999713897705,186100154,yfinance,False
2022-07-22,2.100428342819214,2.759999990463257,2.7799999713897705,2.75,2.7699999809265137,155287053,yfinance,False
2022-07-25,2.1156489849090576,2.7799999713897705,2.7799999713897705,2.75,2.75,125931662,yfinance,False
2022-07-26,2.1156489849090576,2.7799999713897705,2.7899999618530273,2.7699999809265137,2.7799999713897705,216810094,yfinance,False
2022-07-27,2.1308693885803223,2.799999952316284,2.799999952316284,2.7799999713897705,2.7799999713897705,193771598,yfinance,False
2022-07-28,2.1308693885803223,2.799999952316284,2.809999942779541,2.7799999713897705,2.7899999618530273,141950903,yfinance,False
2022-07-29,2.1232590675354004,2.7899999618530273,2.819999933242798,2.7699999809265137,2.799999952316284,219473348,yfinance,False
2022-08-01,2.1308693885803223,2.799999952316284,2.799999952316284,2.75,2.799999952316284,193849609,yfinance,False
2022-08-02,2.085207939147949,2.740000009536743,2.7799999713897705,2.7200000286102295,2.7699999809265137,305254423,yfinance,False
2022-08-03,2.0775978565216064,2.7300000190734863,2.740000009536743,2.700000047683716,2.740000009536743,185031586,yfinance,False
2022-08-04,2.092818021774292,2.75,2.7699999809265137,2.7300000190734863,2.7300000190734863,149666448,yfinance,False
2022-08-05,2.100428342819214,2.759999990463257,2.7799999713897705,2.75,2.759999990463257,82464234,yfinance,False
2022-08-08,2.1080384254455566,2.7699999809265137,2.7899999618530273,2.759999990463257,2.7699999809265137,126225637,yfinance,False
2022-08-09,2.1080384254455566,2.7699999809265137,2.799999952316284,2.75,2.7699999809265137,133703207,yfinance,False
2022-08-10,2.092818021774292,2.75,2.7799999713897705,2.740000009536743,2.759999990463257,163630962,yfinance,False
2022-08-11,2.1156489849090576,2.7799999713897705,2.7799999713897705,2.740000009536743,2.75,201114818,yfinance,False
2022-08-12,2.1232590675354004,2.7899999618530273,2.7899999618530273,2.7699999809265137,2.7899999618530273,147891312,yfinance,False
2022-08-15,2.1156489849090576,2.7799999713897705,2.799999952316284,2.7699999809265137,2.7799999713897705,93812909,yfinance,False
2022-08-16,2.100428342819214,2.759999990463257,2.7899999618530273,2.75,2.7899999618530273,124424592,yfinance,False
2022-08-17,2.1080384254455566,2.7699999809265137,2.7899999618530273,2.759999990463257,2.7799999713897705,115109343,yfinance,False
2022-08-18,2.092818021774292,2.75,2.7799999713897705,2.740000009536743,2.7699999809265137,139841455,yfinance,False
2022-08-19,2.092818021774292,2.75,2.759999990463257,2.7300000190734863,2.7300000190734863,118002522,yfinance,False
2022-08-22,2.085207939147949,2.740000009536743,2.75,2.7300000190734863,2.7300000190734863,124178159,yfinance,False
2022-08-23,2.0623769760131836,2.7100000381469727,2.75,2.7100000381469727,2.7300000190734863,177066045,yfinance,False
2022-08-24,2.047156810760498,2.690000057220459,2.7200000286102295,2.690000057220459,2.7100000381469727,241393598,yfinance,False
2022-08-25,2.085207939147949,2.740000009536743,2.75,2.690000057220459,2.700000047683716,99729790,yfinance,False
2022-08-26,2.085207939147949,2.740000009536743,2.759999990463257,2.7300000190734863,2.740000009536743,130364429,yfinance,False
2022-08-29,2.085207939147949,2.740000009536743,2.75,2.7200000286102295,2.7300000190734863,125044922,yfinance,False
2022-08-30,2.085207939147949,2.740000009536743,2.75,2.7100000381469727,2.740000009536743,147533846,yfinance,False
2022-08-31,2.100428342819214,2.759999990463257,2.759999990463257,2.7100000381469727,2.740000009536743,314863624,yfinance,False
2022-09-01,2.092818021774292,2.75,2.759999990463257,2.7200000286102295,2.7300000190734863,164682026,yfinance,False
2022-09-02,2.0775978565216064,2.7300000190734863,2.75,2.7200000286102295,2.75,166371407,yfinance,False
2022-09-05,2.0699872970581055,2.7200000286102295,2.7300000190734863,2.700000047683716,2.7200000286102295,249953442,yfinance,False
2022-09-06,2.05476713180542,2.700000047683716,2.740000009536743,2.690000057220459,2.7200000286102295,217320741,yfinance,False
2022-09-07,2.0623769760131836,2.7100000381469727,2.7200000286102295,2.690000057220459,2.690000057220459,205789777,yfinance,False
2022-09-08,2.05476713180542,2.700000047683716,2.7100000381469727,2.690000057220459,2.700000047683716,123187888,yfinance,False
2022-09-09,2.0775978565216064,2.7300000190734863,2.740000009536743,2.690000057220459,2.700000047683716,147224662,yfinance,False
2022-09-13,2.0699872970581055,2.7200000286102295,2.75,2.7100000381469727,2.7300000190734863,138718166,yfinance,False
2022-09-14,2.047156810760498,2.690000057220459,2.7200000286102295,2.690000057220459,2.700000047683716,140970566,yfinance,False
2022-09-15,2.039546489715576,2.680000066757202,2.700000047683716,2.680000066757202,2.690000057220459,247818632,yfinance,False
2022-09-16,2.039546489715576,2.680000066757202,2.690000057220459,2.6700000762939453,2.680000066757202,304764099,yfinance,False
2022-09-19,2.039546489715576,2.680000066757202,2.700000047683716,2.6700000762939453,2.680000066757202,140036791,yfinance,False
2022-09-20,2.047156810760498,2.690000057220459,2.700000047683716,2.680000066757202,2.680000066757202,98770091,yfinance,False
2022-09-21,2.039546489715576,2.680000066757202,2.700000047683716,2.680000066757202,2.690000057220459,130082977,yfinance,False
2022-09-22,2.0319361686706543,2.6700000762939453,2.680000066757202,2.6600000858306885,2.6700000762939453,142686715,yfinance,False
2022-09-23,2.039546489715576,2.680000066757202,2.690000057220459,2.6600000858306885,2.6700000762939453,105819396,yfinance,False
2022-09-26,2.0167157649993896,2.6500000953674316,2.680000066757202,2.6500000953674316,2.680000066757202,226240851,yfinance,False
2022-09-27,1.993884801864624,2.619999885559082,2.6700000762939453,2.619999885559082,2.6600000858306885,205606570,yfinance,False
2022-09-28,1.9406133890151978,2.549999952316284,2.619999885559082,2.549999952316284,2.619999885559082,418801380,yfinance,False
2022-09-29,1.9330029487609863,2.5399999618530273,2.5999999046325684,2.5199999809265137,2.549999952316284,238025719,yfinance,False
2022-09-30,1.955833911895752,2.569999933242798,2.5899999141693115,2.5299999713897705,2.549999952316284,220718380,yfinance,False
2022-10-03,1.9406133890151978,2.549999952316284,2.5899999141693115,2.5199999809265137,2.559999942779541,108098460,yfinance,False
2022-10-05,2.0091054439544678,2.640000104904175,2.6600000858306885,2.569999933242798,2.5799999237060547,247493824,yfinance,False
2022-10-06,2.001495122909546,2.630000114440918,2.6700000762939453,2.630000114440918,2.6500000953674316,106084251,yfinance,False
2022-10-07,1.993884801864624,2.619999885559082,2.6500000953674316,2.609999895095825,2.630000114440918,90956225,yfinance,False
2022-10-10,1.9786642789840698,2.5999999046325684,2.619999885559082,2.5799999237060547,2.5999999046325684,120707315,yfinance,False
2022-10-11,1.955833911895752,2.569999933242798,2.619999885559082,2.559999942779541,2.609999895095825,151039396,yfinance,False
2022-10-12,1.955833911895752,2.569999933242798,2.5899999141693115,2.559999942779541,2.569999933242798,201498949,yfinance,False
2022-10-13,1.9406133890151978,2.549999952316284,2.5899999141693115,2.549999952316284,2.5799999237060547,132954567,yfinance,False
2022-10-14,1.9482234716415405,2.559999942779541,2.609999895095825,2.549999952316284,2.5799999237060547,170921690,yfinance,False
2022-10-17,1.9786642789840698,2.5999999046325684,2.609999895095825,2.559999942779541,2.569999933242798,168001125,yfinance,False
2022-10-18,1.9862744808197021,2.609999895095825,2.630000114440918,2.5799999237060547,2.619999885559082,183460890,yfinance,False
2022-10-19,1.9786642789840698,2.5999999046325684,2.630000114440918,2.5999999046325684,2.609999895095825,122517162,yfinance,False
2022-10-20,2.001495122909546,2.630000114440918,2.640000104904175,2.5799999237060547,2.5899999141693115,241048802,yfinance,False
2022-10-21,2.0167157649993896,2.6500000953674316,2.6700000762939453,2.619999885559082,2.640000104904175,224324881,yfinance,False
2022-10-24,1.9862744808197021,2.609999895095825,2.6700000762939453,2.5799999237060547,2.6500000953674316,341025177,yfinance,False
2022-10-25,2.001495122909546,2.630000114440918,2.630000114440918,2.5899999141693115,2.609999895095825,332087021,yfinance,False
2022-10-26,1.9786642789840698,2.5999999046325684,2.640000104904175,2.5899999141693115,2.630000114440918,187390146,yfinance,False
2022-10-27,1.9786642789840698,2.5999999046325684,2.630000114440918,2.5799999237060547,2.619999885559082,212577900,yfinance,False
2022-10-28,1.9786642789840698,2.5999999046325684,2.619999885559082,2.5799999237060547,2.609999895095825,196605072,yfinance,False
2022-10-31,1.9253928661346436,2.5299999713897705,2.619999885559082,2.5299999713897705,2.609999895095825,301629466,yfinance,False
2022-11-01,1.9406133890151978,2.549999952316284,2.559999942779541,2.509999990463257,2.549999952316284,293764629,yfinance,False
2022-11-02,1.9406133890151978,2.549999952316284,2.569999933242798,2.509999990463257,2.5399999618530273,177808744,yfinance,False
2022-11-03,1.9177823066711426,2.5199999809265137,2.559999942779541,2.509999990463257,2.5199999809265137,173620357,yfinance,False
2022-11-04,1.9634437561035156,2.5799999237060547,2.5999999046325684,2.509999990463257,2.5199999809265137,286736115,yfinance,False
2022-11-07,1.993884801864624,2.619999885559082,2.640000104904175,2.569999933242798,2.569999933242798,250003832,yfinance,False
2022-11-08,2.001495122909546,2.630000114440918,2.6500000953674316,2.609999895095825,2.619999885559082,137556949,yfinance,False
2022-11-09,2.0091054439544678,2.640000104904175,2.6700000762939453,2.630000114440918,2.640000104904175,200638853,yfinance,False
2022-11-10,1.9862744808197021,2.609999895095825,2.640000104904175,2.5799999237060547,2.640000104904175,145100597,yfinance,False
2022-11-11,2.0319361686706543,2.6700000762939453,2.680000066757202,2.630000114440918,2.6600000858306885,381371176,yfinance,False
2022-11-14,2.0167157649993896,2.6500000953674316,2.700000047683716,2.630000114440918,2.700000047683716,354932990,yfinance,False
2022-11-15,2.047156810760498,2.690000057220459,2.7100000381469727,2.6500000953674316,2.6600000858306885,291790723,yfinance,False
2022-11-16,2.0243260860443115,2.6600000858306885,2.700000047683716,2.6600000858306885,2.680000066757202,186766362,yfinance,False
2022-11-17,2.0243260860443115,2.6600000858306885,2.680000066757202,2.640000104904175,2.6600000858306885,179443572,yfinance,False
2022-11-18,1.993884801864624,2.619999885559082,2.6600000858306885,2.619999885559082,2.6500000953674316,154145900,yfinance,False
2022-11-21,2.001495122909546,2.630000114440918,2.6600000858306885,2.609999895095825,2.619999885559082,235091636,yfinance,False
2022-11-22,2.039546489715576,2.680000066757202,2.680000066757202,2.630000114440918,2.6500000953674316,252390695,yfinance,False
2022-11-23,2.039546489715576,2.680000066757202,2.700000047683716,2.6600000858306885,2.680000066757202,182421747,yfinance,False
2022-11-24,2.05476713180542,2.700000047683716,2.7100000381469727,2.680000066757202,2.690000057220459,149761562,yfinance,False
2022-11-25,2.085207939147949,2.740000009536743,2.759999990463257,2.690000057220459,2.7200000286102295,254632913,yfinance,False
2022-11-28,2.047156810760498,2.690000057220459,2.7300000190734863,2.6500000953674316,2.7300000190734863,161785261,yfinance,False
2022-11-29,2.100428342819214,2.759999990463257,2.759999990463257,2.690000057220459,2.700000047683716,346581294,yfinance,False
2022-11-30,2.1080384254455566,2.7699999809265137,2.7699999809265137,2.7100000381469727,2.740000009536743,432080694,yfinance,False
2022-12-01,2.0775978565216064,2.7300000190734863,2.7799999713897705,2.7300000190734863,2.7799999713897705,217546736,yfinance,False
2022-12-02,2.05476713180542,2.700000047683716,2.740000009536743,2.700000047683716,2.740000009536743,230276247,yfinance,False
2022-12-05,2.0623769760131836,2.7100000381469727,2.740000009536743,2.7100000381469727,2.7300000190734863,326974686,yfinance,False
2022-12-06,2.0623769760131836,2.7100000381469727,2.7300000190734863,2.700000047683716,2.7100000381469727,220701897,yfinance,False
2022-12-07,2.0319361686706543,2.6700000762939453,2.7300000190734863,2.6700000762939453,2.7100000381469727,398444399,yfinance,False
2022-12-08,2.0623769760131836,2.7100000381469727,2.7100000381469727,2.690000057220459,2.690000057220459,166611951,yfinance,False
2022-12-09,2.092818021774292,2.75,2.75,2.7100000381469727,2.7100000381469727,217686647,yfinance,False
2022-12-12,2.0775978565216064,2.7300000190734863,2.75,2.7100000381469727,2.75,197998512,yfinance,False
2022-12-13,2.0775978565216064,2.7300000190734863,2.75,2.7200000286102295,2.7300000190734863,198361151,yfinance,False
2022-12-14,2.092818021774292,2.75,2.7699999809265137,2.7300000190734863,2.75,180466517,yfinance,False
2022-12-15,2.100428342819214,2.759999990463257,2.759999990463257,2.7300000190734863,2.75,123892446,yfinance,False
2022-12-16,2.100428342819214,2.759999990463257,2.7899999618530273,2.75,2.759999990463257,291484353,yfinance,False
2022-12-19,2.100428342819214,2.759999990463257,2.7699999809265137,2.740000009536743,2.759999990463257,177450617,yfinance,False
2022-12-20,2.092818021774292,2.75,2.759999990463257,2.7300000190734863,2.759999990463257,180566751,yfinance,False
2022-12-21,2.100428342819214,2.759999990463257,2.7699999809265137,2.740000009536743,2.75,115535826,yfinance,False
2022-12-22,2.1308693885803223,2.799999952316284,2.799999952316284,2.7699999809265137,2.7799999713897705,196411837,yfinance,False
2022-12-23,2.1156489849090576,2.7799999713897705,2.799999952316284,2.7699999809265137,2.799999952316284,104303170,yfinance,False
2022-12-28,2.1613104343414307,2.8399999141693115,2.869999885559082,2.7899999618530273,2.799999952316284,345503668,yfinance,False
2022-12-29,2.1613104343414307,2.8399999141693115,2.8499999046325684,2.809999942779541,2.8399999141693115,229732726,yfinance,False
2022-12-30,2.1613104343414307,2.8399999141693115,2.869999885559082,2.8399999141693115,2.859999895095825,178067459,yfinance,False
2023-01-03,2.1765308380126953,2.859999895095825,2.880000114440918,2.7899999618530273,2.8299999237060547,190823528,yfinance,False
2023-01-04,2.2145822048187256,2.9100000858306885,2.9100000858306885,2.869999885559082,2.880000114440918,228572448,yfinance,False
2023-01-05,2.19175124168396,2.880000114440918,2.930000066757202,2.880000114440918,2.9200000762939453,255214611,yfinance,False
2023-01-06,2.206972122192383,2.9000000953674316,2.9100000858306885,2.869999885559082,2.9000000953674316,245642286,yfinance,False
2023-01-09,2.2145822048187256,2.9100000858306885,2.930000066757202,2.890000104904175,2.9100000858306885,210901123,yfinance,False
2023-01-10,2.206972122192383,2.9000000953674316,2.9200000762939453,2.890000104904175,2.9100000858306885,169340104,yfinance,False
2023-01-11,2.2221922874450684,2.9200000762939453,2.940000057220459,2.9000000953674316,2.9100000858306885,251759513,yfinance,False
2023-01-12,2.237412929534912,2.940000057220459,2.950000047683716,2.9200000762939453,2.940000057220459,198273613,yfinance,False
2023-01-13,2.2526330947875977,2.9600000381469727,2.9700000286102295,2.930000066757202,2.950000047683716,170564472,yfinance,False
2023-01-16,2.2678539752960205,2.9800000190734863,2.9800000190734863,2.950000047683716,2.9700000286102295,139812936,yfinance,False
2023-01-17,2.2602438926696777,2.9700000286102295,2.9800000190734863,2.950000047683716,2.9800000190734863,176550661,yfinance,False
2023-01-18,2.2526330947875977,2.9600000381469727,2.9800000190734863,2.950000047683716,2.9700000286102295,178542026,yfinance,False
2023-01-19,2.2526330947875977,2.9600000381469727,2.9600000381469727,2.930000066757202,2.9600000381469727,185924992,yfinance,False
2023-01-20,2.2754640579223633,2.990000009536743,3.0,2.950000047683716,2.9600000381469727,174579806,yfinance,False
2023-01-26,2.305905342102051,3.0299999713897705,3.0299999713897705,3.0,3.0,183604593,yfinance,False
2023-01-27,2.328735828399658,3.059999942779541,3.059999942779541,3.0199999809265137,3.0299999713897705,222572281,yfinance,False
2023-01-30,2.290684700012207,3.009999990463257,3.059999942779541,3.0,3.059999942779541,334355795,yfinance,False
2023-01-31,2.2754640579223633,2.990000009536743,3.0299999713897705,2.9800000190734863,3.0199999809265137,298519480,yfinance,False
2023-02-01,2.283074140548706,3.0,3.009999990463257,2.9800000190734863,2.990000009536743,169444911,yfinance,False
2023-02-02,2.2754640579223633,2.990000009536743,3.0199999809265137,2.9800000190734863,3.0199999809265137,135551645,yfinance,False
2023-02-03,2.2678539752960205,2.9800000190734863,3.0,2.950000047683716,3.0,220621955,yfinance,False
2023-02-06,2.237412929534912,2.940000057220459,2.9700000286102295,2.930000066757202,2.9700000286102295,240244599,yfinance,False
2023-02-07,2.2526330947875977,2.9600000381469727,2.9800000190734863,2.940000057220459,2.950000047683716,171599472,yfinance,False
2023-02-08,2.2602438926696777,2.9700000286102295,2.990000009536743,2.950000047683716,2.950000047683716,101790984,yfinance,False
2023-02-09,2.2678539752960205,2.9800000190734863,2.990000009536743,2.950000047683716,2.9600000381469727,163391718,yfinance,False
2023-02-10,2.245023250579834,2.950000047683716,2.990000009536743,2.950000047683716,2.9700000286102295,122058391,yfinance,False
2023-02-13,2.237412929534912,2.940000057220459,2.9600000381469727,2.930000066757202,2.950000047683716,155518503,yfinance,False
2023-02-14,2.237412929534912,2.940000057220459,2.9600000381469727,2.940000057220459,2.9600000381469727,104647894,yfinance,False
2023-02-15,2.2298026084899902,2.930000066757202,2.9600000381469727,2.9100000858306885,2.950000047683716,239423279,yfinance,False
2023-02-16,2.2298026084899902,2.930000066757202,2.940000057220459,2.9200000762939453,2.930000066757202,152423999,yfinance,False
2023-02-17,2.2298026084899902,2.930000066757202,2.940000057220459,2.9200000762939453,2.9200000762939453,116724325,yfinance,False
2023-02-20,2.245023250579834,2.950000047683716,2.9600000381469727,2.9200000762939453,2.930000066757202,139479932,yfinance,False
2023-02-21,2.245023250579834,2.950000047683716,2.9600000381469727,2.940000057220459,2.940000057220459,92086005,yfinance,False
2023-02-22,2.2298026084899902,2.930000066757202,2.9600000381469727,2.930000066757202,2.950000047683716,103240749,yfinance,False
2023-02-23,2.2298026084899902,2.930000066757202,2.950000047683716,2.930000066757202,2.930000066757202,106157006,yfinance,False
2023-02-24,2.2145822048187256,2.9100000858306885,2.930000066757202,2.9100000858306885,2.9200000762939453,156275061,yfinance,False
2023-02-27,2.206972122192383,2.9000000953674316,2.9200000762939453,2.9000000953674316,2.9100000858306885,176386277,yfinance,False
2023-02-28,2.19175124168396,2.880000114440918,2.930000066757202,2.880000114440918,2.9100000858306885,242266079,yfinance,False
2023-03-01,2.237412929534912,2.940000057220459,2.9600000381469727,2.880000114440918,2.880000114440918,230175356,yfinance,False
2023-03-02,2.2602438926696777,2.9700000286102295,2.9700000286102295,2.9200000762939453,2.950000047683716,156721409,yfinance,False
2023-03-03,2.2754640579223633,2.990000009536743,2.990000009536743,2.9600000381469727,2.9800000190734863,156464183,yfinance,False
2023-03-06,2.283074140548706,3.0,3.009999990463257,2.9600000381469727,2.9700000286102295,236911516,yfinance,False
2023-03-07,2.290684700012207,3.009999990463257,3.069999933242798,2.990000009536743,3.009999990463257,331207423,yfinance,False
2023-03-08,2.2678539752960205,2.9800000190734863,2.990000009536743,2.9600000381469727,2.990000009536743,169488603,yfinance,False
2023-03-09,2.2526330947875977,2.9600000381469727,3.009999990463257,2.950000047683716,2.9800000190734863,226434889,yfinance,False
2023-03-10,2.2221922874450684,2.9200000762939453,2.9600000381469727,2.9100000858306885,2.950000047683716,324419293,yfinance,False
2023-03-13,2.2526330947875977,2.9600000381469727,2.9700000286102295,2.9100000858306885,2.9100000858306885,283001042,yfinance,False
2023-03-14,2.2221922874450684,2.9200000762939453,2.9700000286102295,2.9000000953674316,2.940000057220459,276165334,yfinance,False
2023-03-15,2.2678539752960205,2.9800000190734863,3.0,2.940000057220459,2.940000057220459,306019717,yfinance,False
2023-03-16,2.283074140548706,3.0,3.0199999809265137,2.9700000286102295,2.9700000286102295,337246665,yfinance,False
2023-03-17,2.290684700012207,3.009999990463257,3.0399999618530273,3.0,3.009999990463257,474192271,yfinance,False
2023-03-20,2.290684700012207,3.009999990463257,3.0399999618530273,2.9800000190734863,3.009999990463257,302517593,yfinance,False
2023-03-21,2.2754640579223633,2.990000009536743,3.0299999713897705,2.9700000286102295,3.0199999809265137,190990791,yfinance,False
2023-03-22,2.29829478263855,3.0199999809265137,3.049999952316284,2.9800000190734863,2.9800000190734863,327361985,yfinance,False
2023-03-23,2.3135154247283936,3.0399999618530273,3.049999952316284,3.009999990463257,3.0199999809265137,179540267,yfinance,False
2023-03-24,2.290684700012207,3.009999990463257,3.0399999618530273,3.0,3.0299999713897705,185863751,yfinance,False
2023-03-27,2.2678539752960205,2.9800000190734863,3.009999990463257,2.9800000190734863,3.0,165526114,yfinance,False
2023-03-28,2.290684700012207,3.009999990463257,3.0299999713897705,2.9800000190734863,3.0,114694384,yfinance,False
2023-03-29,2.3135154247283936,3.0399999618530273,3.049999952316284,3.009999990463257,3.0299999713897705,294188064,yfinance,False
2023-03-30,2.29829478263855,3.0199999809265137,3.049999952316284,2.990000009536743,3.0299999713897705,205570289,yfinance,False
2023-03-31,2.290684700012207,3.009999990463257,3.059999942779541,3.009999990463257,3.0399999618530273,369847410,yfinance,False
2023-04-03,2.290684700012207,3.009999990463257,3.0399999618530273,3.0,3.009999990463257,184514772,yfinance,False
2023-04-04,2.305905342102051,3.0299999713897705,3.0399999618530273,3.009999990463257,3.0299999713897705,205287968,yfinance,False
2023-04-06,2.305905342102051,3.0299999713897705,3.049999952316284,3.0299999713897705,3.0399999618530273,148703289,yfinance,False
2023-04-11,2.336345911026001,3.069999933242798,3.069999933242798,3.0399999618530273,3.059999942779541,228834937,yfinance,False
2023-04-12,2.3515665531158447,3.0899999141693115,3.0899999141693115,3.059999942779541,3.069999933242798,195869097,yfinance,False
2023-04-13,2.3591766357421875,3.0999999046325684,3.0999999046325684,3.059999942779541,3.0799999237060547,196477650,yfinance,False
2023-04-14,2.3667871952056885,3.109999895095825,3.119999885559082,3.0799999237060547,3.0999999046325684,165646703,yfinance,False
2023-04-17,2.397228240966797,3.1500000953674316,3.1700000762939453,3.0899999141693115,3.109999895095825,318579375,yfinance,False
2023-04-18,2.4048385620117188,3.1600000858306885,3.190000057220459,3.1500000953674316,3.190000057220459,226417979,yfinance,False
2023-04-19,2.389617919921875,3.140000104904175,3.1600000858306885,3.119999885559082,3.1600000858306885,188611472,yfinance,False
2023-04-20,2.389617919921875,3.140000104904175,3.1500000953674316,3.119999885559082,3.140000104904175,156796304,yfinance,False
2023-04-21,2.382007360458374,3.130000114440918,3.180000066757202,3.109999895095825,3.1500000953674316,216903043,yfinance,False
2023-04-24,2.374397039413452,3.119999885559082,3.1500000953674316,3.0999999046325684,3.130000114440918,168090850,yfinance,False
2023-04-25,2.389617919921875,3.140000104904175,3.1500000953674316,3.109999895095825,3.130000114440918,189568006,yfinance,False
2023-04-26,2.382007360458374,3.130000114440918,3.140000104904175,3.0899999141693115,3.140000104904175,164172101,yfinance,False
2023-04-27,2.389617919921875,3.140000104904175,3.1500000953674316,3.0999999046325684,3.130000114440918,226941096,yfinance,False
2023-04-28,2.382007360458374,3.130000114440918,3.1700000762939453,3.130000114440918,3.140000104904175,254250074,yfinance,False
2023-05-02,2.397228240966797,3.1500000953674316,3.1700000762939453,3.130000114440918,3.1600000858306885,208212711,yfinance,False
2023-05-03,2.3667871952056885,3.109999895095825,3.140000104904175,3.0899999141693115,3.130000114440918,142387753,yfinance,False
2023-05-04,2.4657201766967773,3.240000009536743,3.240000009536743,3.0999999046325684,3.0999999046325684,597317083,yfinance,False
2023-05-05,2.488551139831543,3.2699999809265137,3.319999933242798,3.2200000286102295,3.2300000190734863,651994723,yfinance,False
2023-05-08,2.6027047634124756,3.4200000762939453,3.4200000762939453,3.259999990463257,3.2699999809265137,996795816,yfinance,False
2023-05-09,2.564653158187866,3.369999885559082,3.450000047683716,3.319999933242798,3.4200000762939453,746342767,yfinance,False
2023-05-10,2.488551139831543,3.2699999809265137,3.380000114440918,3.259999990463257,3.380000114440918,412287784,yfinance,False
2023-05-11,2.488551139831543,3.2699999809265137,3.3299999237060547,3.25,3.2799999713897705,366507410,yfinance,False
2023-05-12,2.4428892135620117,3.2100000381469727,3.2699999809265137,3.190000057220459,3.2699999809265137,289863825,yfinance,False
2023-05-15,2.4961612224578857,3.2799999713897705,3.2799999713897705,3.1700000762939453,3.200000047683716,385499418,yfinance,False
2023-05-16,2.488551139831543,3.2699999809265137,3.309999942779541,3.2300000190734863,3.2799999713897705,198717103,yfinance,False
2023-05-17,2.450500011444092,3.2200000286102295,3.2899999618530273,3.2100000381469727,3.2300000190734863,282628223,yfinance,False
2023-05-18,2.5037715435028076,3.2899999618530273,3.299999952316284,3.2200000286102295,3.2300000190734863,266644759,yfinance,False
2023-05-19,2.473330497741699,3.25,3.2899999618530273,3.2300000190734863,3.2799999713897705,177453684,yfinance,False
2023-05-22,2.488551139831543,3.2699999809265137,3.2899999618530273,3.2100000381469727,3.2300000190734863,189171807,yfinance,False
2023-05-23,2.4428892135620117,3.2100000381469727,3.2899999618530273,3.200000047683716,3.2799999713897705,249347200,yfinance,False
2023-05-24,2.4124486446380615,3.1700000762939453,3.2100000381469727,3.140000104904175,3.2100000381469727,321968120,yfinance,False
2023-05-25,2.3667871952056885,3.109999895095825,3.1500000953674316,3.109999895095825,3.130000114440918,278065767,yfinance,False
2023-05-29,2.389617919921875,3.140000104904175,3.1600000858306885,3.109999895095825,3.109999895095825,207310653,yfinance,False
2023-05-30,2.374397039413452,3.119999885559082,3.1600000858306885,3.0999999046325684,3.140000104904175,270017518,yfinance,False
2023-05-31,2.336345911026001,3.069999933242798,3.130000114440918,3.049999952316284,3.130000114440918,509625678,yfinance,False
2023-06-01,2.3211257457733154,3.049999952316284,3.0899999141693115,3.049999952316284,3.049999952316284,249556460,yfinance,False
2023-06-02,2.3591766357421875,3.0999999046325684,3.119999885559082,3.059999942779541,3.059999942779541,362267865,yfinance,False
2023-06-05,2.374397039413452,3.119999885559082,3.130000114440918,3.0799999237060547,3.109999895095825,212474160,yfinance,False
2023-06-06,2.382007360458374,3.130000114440918,3.1700000762939453,3.0999999046325684,3.140000104904175,250221201,yfinance,False
2023-06-07,2.4048385620117188,3.1600000858306885,3.1700000762939453,3.119999885559082,3.140000104904175,304143061,yfinance,False
2023-06-08,2.4124486446380615,3.1700000762939453,3.200000047683716,3.140000104904175,3.1700000762939453,271855636,yfinance,False
2023-06-09,2.4276692867279053,3.190000057220459,3.190000057220459,3.1600000858306885,3.180000066757202,249792693,yfinance,False
2023-06-12,2.4048385620117188,3.1600000858306885,3.180000066757202,3.1500000953674316,3.180000066757202,153195292,yfinance,False
2023-06-13,2.4048385620117188,3.1600000858306885,3.180000066757202,3.130000114440918,3.1600000858306885,206803734,yfinance,False
2023-06-14,2.3667871952056885,3.109999895095825,3.1500000953674316,3.0899999141693115,3.1500000953674316,257722285,yfinance,False
2023-06-15,2.389617919921875,3.140000104904175,3.140000104904175,3.0999999046325684,3.130000114440918,180409202,yfinance,False
2023-06-16,2.389617919921875,3.140000104904175,3.1700000762939453,3.130000114440918,3.140000104904175,273436111,yfinance,False
2023-06-19,2.397228240966797,3.1500000953674316,3.1700000762939453,3.130000114440918,3.1600000858306885,152642792,yfinance,False
2023-06-20,2.397228240966797,3.1500000953674316,3.1700000762939453,3.130000114440918,3.130000114440918,142012501,yfinance,False
2023-06-21,2.382007360458374,3.130000114440918,3.1500000953674316,3.130000114440918,3.140000104904175,100637132,yfinance,False
2023-06-23,2.3667871952056885,3.109999895095825,3.140000104904175,3.0999999046325684,3.130000114440918,158194880,yfinance,False
2023-06-26,2.3667871952056885,3.109999895095825,3.140000104904175,3.0999999046325684,3.109999895095825,246729485,yfinance,False
2023-06-27,2.397228240966797,3.1500000953674316,3.180000066757202,3.109999895095825,3.109999895095825,249031295,yfinance,False
2023-06-28,2.4048385620117188,3.1600000858306885,3.180000066757202,3.1500000953674316,3.1700000762939453,227680692,yfinance,False
2023-06-29,2.382007360458374,3.130000114440918,3.180000066757202,3.130000114440918,3.1600000858306885,160480988,yfinance,False
2023-06-30,2.389617919921875,3.140000104904175,3.1700000762939453,3.140000104904175,3.140000104904175,172685962,yfinance,False
2023-07-03,2.4276692867279053,3.190000057220459,3.200000047683716,3.1500000953674316,3.1500000953674316,347007606,yfinance,False
2023-07-04,2.4048385620117188,3.1600000858306885,3.200000047683716,3.140000104904175,3.180000066757202,365739100,yfinance,False
2023-07-05,2.3591766357421875,3.0999999046325684,3.1600000858306885,3.0999999046325684,3.1600000858306885,478204451,yfinance,False
2023-07-06,2.3027689456939697,2.7799999713897705,2.880000114440918,2.7699999809265137,2.869999885559082,572683914,yfinance,False
2023-07-07,2.2862019538879395,2.759999990463257,2.7799999713897705,2.75,2.759999990463257,277698895,yfinance,False
2023-07-10,2.277918815612793,2.75,2.799999952316284,2.7300000190734863,2.7799999713897705,251196901,yfinance,False
2023-07-11,2.2696356773376465,2.740000009536743,2.7699999809265137,2.7300000190734863,2.75,205968561,yfinance,False
2023-07-12,2.2696356773376465,2.740000009536743,2.7699999809265137,2.740000009536743,2.75,223511497,yfinance,False
2023-07-13,2.2862019538879395,2.759999990463257,2.7799999713897705,2.75,2.759999990463257,287941953,yfinance,False
2023-07-14,2.319335699081421,2.799999952316284,2.809999942779541,2.7699999809265137,2.7699999809265137,306605317,yfinance,False
2023-07-18,2.2862019538879395,2.759999990463257,2.819999933242798,2.759999990463257,2.819999933242798,285915642,yfinance,False
2023-07-19,2.2696356773376465,2.740000009536743,2.75,2.7200000286102295,2.75,263406008,yfinance,False
2023-07-20,2.277918815612793,2.75,2.7899999618530273,2.740000009536743,2.75,193798876,yfinance,False
2023-07-21,2.3027689456939697,2.7799999713897705,2.7899999618530273,2.75,2.759999990463257,156948053,yfinance,False
2023-07-24,2.261352300643921,2.7300000190734863,2.7799999713897705,2.7200000286102295,2.7699999809265137,243473214,yfinance,False
2023-07-25,2.335902452468872,2.819999933242798,2.8299999237060547,2.759999990463257,2.7699999809265137,269653837,yfinance,False
2023-07-26,2.3110523223876953,2.7899999618530273,2.8399999141693115,2.7799999713897705,2.819999933242798,145382061,yfinance,False
2023-07-27,2.3441855907440186,2.8299999237060547,2.8399999141693115,2.7899999618530273,2.799999952316284,201437010,yfinance,False
2023-07-28,2.3690357208251953,2.859999895095825,2.880000114440918,2.799999952316284,2.799999952316284,214829894,yfinance,False
2023-07-31,2.393885850906372,2.890000104904175,2.9200000762939453,2.869999885559082,2.880000114440918,350355926,yfinance,False
2023-08-01,2.377318859100342,2.869999885559082,2.930000066757202,2.8499999046325684,2.9200000762939453,301183220,yfinance,False
2023-08-02,2.3276188373565674,2.809999942779541,2.880000114440918,2.809999942779541,2.8499999046325684,245006074,yfinance,False
2023-08-03,2.3276188373565674,2.809999942779541,2.8399999141693115,2.799999952316284,2.819999933242798,193179529,yfinance,False
2023-08-04,2.3027689456939697,2.7799999713897705,2.8399999141693115,2.7699999809265137,2.819999933242798,316978289,yfinance,False
2023-08-07,2.3110523223876953,2.7899999618530273,2.799999952316284,2.7699999809265137,2.799999952316284,178546045,yfinance,False
2023-08-08,2.294485330581665,2.7699999809265137,2.799999952316284,2.759999990463257,2.7699999809265137,216834266,yfinance,False
2023-08-09,2.3110523223876953,2.7899999618530273,2.7899999618530273,2.759999990463257,2.759999990463257,166884746,yfinance,False
2023-08-10,2.3110523223876953,2.7899999618530273,2.799999952316284,2.759999990463257,2.7799999713897705,158219470,yfinance,False
2023-08-11,2.2862019538879395,2.759999990463257,2.7899999618530273,2.75,2.7899999618530273,163002610,yfinance,False
2023-08-14,2.2447855472564697,2.7100000381469727,2.740000009536743,2.700000047683716,2.7300000190734863,310922945,yfinance,False
2023-08-15,2.2365024089813232,2.700000047683716,2.7200000286102295,2.700000047683716,2.700000047683716,189843481,yfinance,False
2023-08-16,2.203368902206421,2.6600000858306885,2.700000047683716,2.6600000858306885,2.690000057220459,246065636,yfinance,False
2023-08-17,2.1950855255126953,2.6500000953674316,2.6700000762939453,2.619999885559082,2.6500000953674316,302984528,yfinance,False
2023-08-18,2.1868019104003906,2.640000104904175,2.690000057220459,2.640000104904175,2.6500000953674316,269112824,yfinance,False
2023-08-21,2.1536688804626465,2.5999999046325684,2.640000104904175,2.5999999046325684,2.630000114440918,242740069,yfinance,False
2023-08-22,2.161952018737793,2.609999895095825,2.630000114440918,2.5999999046325684,2.5999999046325684,235094285,yfinance,False
2023-08-23,2.1702353954315186,2.619999885559082,2.640000104904175,2.609999895095825,2.609999895095825,138359884,yfinance,False
2023-08-24,2.178518772125244,2.630000114440918,2.6500000953674316,2.619999885559082,2.630000114440918,156300687,yfinance,False
2023-08-25,2.1868019104003906,2.640000104904175,2.6700000762939453,2.630000114440918,2.630000114440918,153399277,yfinance,False
2023-08-28,2.203368902206421,2.6600000858306885,2.7200000286102295,2.6500000953674316,2.690000057220459,168725610,yfinance,False
2023-08-29,2.2447855472564697,2.7100000381469727,2.7200000286102295,2.6700000762939453,2.690000057220459,215687862,yfinance,False
2023-08-30,2.2365024089813232,2.700000047683716,2.7300000190734863,2.690000057220459,2.7100000381469727,343038999,yfinance,False
2023-08-31,2.203368902206421,2.6600000858306885,2.700000047683716,2.6600000858306885,2.6700000762939453,402227630,yfinance,False
2023-09-04,2.261352300643921,2.7300000190734863,2.759999990463257,2.6600000858306885,2.6600000858306885,389314606,yfinance,False
2023-09-05,2.219935655593872,2.680000066757202,2.740000009536743,2.680000066757202,2.7200000286102295,278826512,yfinance,False
2023-09-06,2.2447855472564697,2.7100000381469727,2.7100000381469727,2.6700000762939453,2.6700000762939453,251360337,yfinance,False
2023-09-07,2.2282187938690186,2.690000057220459,2.7100000381469727,2.680000066757202,2.7100000381469727,187793647,yfinance,False
2023-09-11,2.2282187938690186,2.690000057220459,2.700000047683716,2.6600000858306885,2.6700000762939453,268375824,yfinance,False
2023-09-12,2.219935655593872,2.680000066757202,2.700000047683716,2.6700000762939453,2.680000066757202,162275171,yfinance,False
2023-09-13,2.219935655593872,2.680000066757202,2.7200000286102295,2.6700000762939453,2.690000057220459,115212506,yfinance,False
2023-09-14,2.2365024089813232,2.700000047683716,2.7200000286102295,2.680000066757202,2.700000047683716,196842876,yfinance,False
2023-09-15,2.261352300643921,2.7300000190734863,2.759999990463257,2.7100000381469727,2.7300000190734863,251122688,yfinance,False
2023-09-18,2.2530691623687744,2.7200000286102295,2.7300000190734863,2.690000057220459,2.7200000286102295,128546047,yfinance,False
2023-09-19,2.277918815612793,2.75,2.75,2.7100000381469727,2.7300000190734863,204048823,yfinance,False
2023-09-20,2.261352300643921,2.7300000190734863,2.759999990463257,2.7300000190734863,2.740000009536743,168459390,yfinance,False
2023-09-21,2.2530691623687744,2.7200000286102295,2.7699999809265137,2.700000047683716,2.7300000190734863,310569950,yfinance,False
2023-09-22,2.2862019538879395,2.759999990463257,2.759999990463257,2.7100000381469727,2.7200000286102295,222057532,yfinance,False
2023-09-25,2.261352300643921,2.7300000190734863,2.7699999809265137,2.7300000190734863,2.75,156642322,yfinance,False
2023-09-26,2.2365024089813232,2.700000047683716,2.740000009536743,2.690000057220459,2.7200000286102295,219074293,yfinance,False
2023-09-27,2.2530691623687744,2.7200000286102295,2.7300000190734863,2.700000047683716,2.700000047683716,153898438,yfinance,False
2023-09-28,2.2282187938690186,2.690000057220459,2.7300000190734863,2.680000066757202,2.7200000286102295,206202848,yfinance,False
2023-09-29,2.2696356773376465,2.740000009536743,2.759999990463257,2.700000047683716,2.7100000381469727,275473807,yfinance,False
2023-10-03,2.203368902206421,2.6600000858306885,2.740000009536743,2.6600000858306885,2.740000009536743,279518742,yfinance,False
2023-10-04,2.2116522789001465,2.6700000762939453,2.680000066757202,2.6500000953674316,2.6600000858306885,162218997,yfinance,False
2023-10-05,2.2116522789001465,2.6700000762939453,2.690000057220459,2.6700000762939453,2.690000057220459,113757307,yfinance,False
2023-10-06,2.261352300643921,2.7300000190734863,2.759999990463257,2.700000047683716,2.700000047683716,224114423,yfinance,False
2023-10-09,2.261352300643921,2.7300000190734863,2.759999990463257,2.700000047683716,2.75,240876866,yfinance,False
2023-10-10,2.261352300643921,2.7300000190734863,2.7699999809265137,2.7200000286102295,2.75,218393639,yfinance,False
2023-10-11,2.2696356773376465,2.740000009536743,2.759999990463257,2.7300000190734863,2.759999990463257,248078749,yfinance,False
2023-10-12,2.3607523441314697,2.8499999046325684,2.869999885559082,2.799999952316284,2.819999933242798,630614125,yfinance,False
2023-10-13,2.3276188373565674,2.809999942779541,2.8499999046325684,2.809999942779541,2.8299999237060547,317552755,yfinance,False
2023-10-16,2.319335699081421,2.799999952316284,2.8299999237060547,2.7899999618530273,2.819999933242798,182246487,yfinance,False
2023-10-17,2.3524692058563232,2.8399999141693115,2.8399999141693115,2.799999952316284,2.809999942779541,202072749,yfinance,False
2023-10-18,2.335902452468872,2.819999933242798,2.8499999046325684,2.809999942779541,2.8399999141693115,204883454,yfinance,False
2023-10-19,2.2862019538879395,2.759999990463257,2.799999952316284,2.75,2.799999952316284,245165636,yfinance,False
2023-10-20,2.277918815612793,2.75,2.7799999713897705,2.7300000190734863,2.759999990463257,232636255,yfinance,False
2023-10-24,2.2530691623687744,2.7200000286102295,2.75,2.700000047683716,2.7300000190734863,212724481,yfinance,False
2023-10-25,2.2447855472564697,2.7100000381469727,2.7699999809265137,2.700000047683716,2.759999990463257,244173417,yfinance,False
2023-10-26,2.2530691623687744,2.7200000286102295,2.75,2.7100000381469727,2.7100000381469727,183234206,yfinance,False
2023-10-27,2.2862019538879395,2.759999990463257,2.7799999713897705,2.7300000190734863,2.75,204874923,yfinance,False
2023-10-30,2.261352300643921,2.7300000190734863,2.7699999809265137,2.690000057220459,2.759999990463257,254783636,yfinance,False
2023-10-31,2.2696356773376465,2.740000009536743,2.75,2.700000047683716,2.7200000286102295,215468975,yfinance,False
2023-11-01,2.294485330581665,2.7699999809265137,2.7799999713897705,2.740000009536743,2.759999990463257,174241443,yfinance,False
2023-11-02,2.319335699081421,2.799999952316284,2.8299999237060547,2.7799999713897705,2.799999952316284,237973440,yfinance,False
2023-11-03,2.3276188373565674,2.809999942779541,2.8299999237060547,2.799999952316284,2.819999933242798,200317970,yfinance,False
2023-11-06,2.335902452468872,2.819999933242798,2.8399999141693115,2.809999942779541,2.8399999141693115,236156557,yfinance,False
2023-11-07,2.3110523223876953,2.7899999618530273,2.819999933242798,2.7799999713897705,2.799999952316284,164102236,yfinance,False
2023-11-08,2.3110523223876953,2.7899999618530273,2.809999942779541,2.7699999809265137,2.799999952316284,206538279,yfinance,False
2023-11-09,2.3110523223876953,2.7899999618530273,2.819999933242798,2.7799999713897705,2.799999952316284,184644662,yfinance,False
2023-11-10,2.294485330581665,2.7699999809265137,2.799999952316284,2.7699999809265137,2.7899999618530273,101774583,yfinance,False
2023-11-13,2.3276188373565674,2.809999942779541,2.809999942779541,2.759999990463257,2.7899999618530273,88668111,yfinance,False
2023-11-14,2.3276188373565674,2.809999942779541,2.8399999141693115,2.799999952316284,2.819999933242798,123266211,yfinance,False
2023-11-15,2.3856022357940674,2.880000114440918,2.9000000953674316,2.8299999237060547,2.8499999046325684,368947071,yfinance,False
2023-11-16,2.3690357208251953,2.859999895095825,2.9000000953674316,2.8299999237060547,2.9000000953674316,122357837,yfinance,False
2023-11-17,2.3441855907440186,2.8299999237060547,2.859999895095825,2.809999942779541,2.8399999141693115,154089409,yfinance,False
2023-11-20,2.393885850906372,2.890000104904175,2.890000104904175,2.8399999141693115,2.859999895095825,226032688,yfinance,False
2023-11-21,2.393885850906372,2.890000104904175,2.9200000762939453,2.869999885559082,2.9000000953674316,200040554,yfinance,False
2023-11-22,2.393885850906372,2.890000104904175,2.9000000953674316,2.869999885559082,2.880000114440918,100421290,yfinance,False
2023-11-23,2.4021692276000977,2.9000000953674316,2.9200000762939453,2.859999895095825,2.890000104904175,179342143,yfinance,False
2023-11-24,2.377318859100342,2.869999885559082,2.890000104904175,2.869999885559082,2.880000114440918,99513535,yfinance,False
2023-11-27,2.3856022357940674,2.880000114440918,2.890000104904175,2.8399999141693115,2.890000104904175,142827938,yfinance,False
2023-11-28,2.3690357208251953,2.859999895095825,2.890000104904175,2.859999895095825,2.890000104904175,115131696,yfinance,False
2023-11-29,2.3524692058563232,2.8399999141693115,2.890000104904175,2.819999933242798,2.880000114440918,279360813,yfinance,False
2023-11-30,2.377318859100342,2.869999885559082,2.869999885559082,2.8299999237060547,2.8499999046325684,265083541,yfinance,False
2023-12-01,2.3441855907440186,2.8299999237060547,2.890000104904175,2.8299999237060547,2.859999895095825,224843422,yfinance,False
2023-12-04,2.3524692058563232,2.8399999141693115,2.880000114440918,2.8399999141693115,2.859999895095825,210907259,yfinance,False
2023-12-05,2.3276188373565674,2.809999942779541,2.8499999046325684,2.799999952316284,2.8399999141693115,178081981,yfinance,False
2023-12-06,2.335902452468872,2.819999933242798,2.8499999046325684,2.799999952316284,2.819999933242798,136493101,yfinance,False
2023-12-07,2.335902452468872,2.819999933242798,2.8299999237060547,2.7799999713897705,2.809999942779541,180741753,yfinance,False
2023-12-08,2.335902452468872,2.819999933242798,2.8399999141693115,2.799999952316284,2.8399999141693115,129232878,yfinance,False
2023-12-11,2.3276188373565674,2.809999942779541,2.819999933242798,2.75,2.799999952316284,254296223,yfinance,False
2023-12-12,2.3524692058563232,2.8399999141693115,2.8499999046325684,2.7899999618530273,2.809999942779541,168445219,yfinance,False
2023-12-13,2.3607523441314697,2.8499999046325684,2.859999895095825,2.8399999141693115,2.859999895095825,154828488,yfinance,False
2023-12-14,2.377318859100342,2.869999885559082,2.890000104904175,2.8499999046325684,2.880000114440918,167059093,yfinance,False
2023-12-15,2.4187357425689697,2.9200000762939453,2.9600000381469727,2.890000104904175,2.9000000953674316,808091705,yfinance,False
2023-12-18,2.393885850906372,2.890000104904175,2.9100000858306885,2.880000114440918,2.9000000953674316,186832816,yfinance,False
2023-12-19,2.393885850906372,2.890000104904175,2.9000000953674316,2.869999885559082,2.890000104904175,79336353,yfinance,False
2023-12-20,2.377318859100342,2.869999885559082,2.9100000858306885,2.859999895095825,2.9100000858306885,142624593,yfinance,False
2023-12-21,2.4021692276000977,2.9000000953674316,2.9000000953674316,2.859999895095825,2.859999895095825,85503586,yfinance,False
2023-12-22,2.4021692276000977,2.9000000953674316,2.9200000762939453,2.880000114440918,2.9100000858306885,156342132,yfinance,False
2023-12-27,2.435302495956421,2.940000057220459,2.940000057220459,2.890000104904175,2.9200000762939453,223293643,yfinance,False
2023-12-28,2.4601526260375977,2.9700000286102295,2.9800000190734863,2.930000066757202,2.950000047683716,201567332,yfinance,False
2023-12-29,2.468435525894165,2.9800000190734863,2.9800000190734863,2.950000047683716,2.9700000286102295,137111290,yfinance,False
2024-01-02,2.4435858726501465,2.950000047683716,2.990000009536743,2.940000057220459,2.990000009536743,128557466,yfinance,False
2024-01-03,2.4435858726501465,2.950000047683716,2.9600000381469727,2.930000066757202,2.940000057220459,106699543,yfinance,False
2024-01-04,2.4601526260375977,2.9700000286102295,2.9800000190734863,2.940000057220459,2.950000047683716,121929275,yfinance,False
2024-01-05,2.4601526260375977,2.9700000286102295,3.0,2.940000057220459,2.9600000381469727,185395890,yfinance,False
2024-01-08,2.4187357425689697,2.9200000762939453,2.990000009536743,2.9100000858306885,2.9800000190734863,188333433,yfinance,False
2024-01-09,2.435302495956421,2.940000057220459,2.950000047683716,2.9100000858306885,2.930000066757202,215467404,yfinance,False
2024-01-10,2.4187357425689697,2.9200000762939453,2.950000047683716,2.9100000858306885,2.9200000762939453,135462005,yfinance,False
2024-01-11,2.4270191192626953,2.930000066757202,2.9600000381469727,2.9000000953674316,2.9200000762939453,144039792,yfinance,False
2024-01-12,2.4270191192626953,2.930000066757202,2.940000057220459,2.9100000858306885,2.9200000762939453,125391727,yfinance,False
2024-01-15,2.4270191192626953,2.930000066757202,2.940000057220459,2.9200000762939453,2.940000057220459,77854227,yfinance,False
2024-01-16,2.410452365875244,2.9100000858306885,2.940000057220459,2.9000000953674316,2.9200000762939453,196187123,yfinance,False
2024-01-17,2.3524692058563232,2.8399999141693115,2.9100000858306885,2.819999933242798,2.9000000953674316,457288995,yfinance,False
2024-01-18,2.3856022357940674,2.880000114440918,2.890000104904175,2.8399999141693115,2.8499999046325684,329763147,yfinance,False
2024-01-19,2.3856022357940674,2.880000114440918,2.9000000953674316,2.8399999141693115,2.880000114440918,248716227,yfinance,False
2024-01-22,2.3276188373565674,2.809999942779541,2.880000114440918,2.7899999618530273,2.880000114440918,252408377,yfinance,False
2024-01-23,2.3524692058563232,2.8399999141693115,2.869999885559082,2.799999952316284,2.819999933242798,261993224,yfinance,False
2024-01-24,2.435302495956421,2.940000057220459,2.9700000286102295,2.8399999141693115,2.8399999141693115,352870368,yfinance,False
2024-01-25,2.4767191410064697,2.990000009536743,3.0,2.9200000762939453,2.950000047683716,395298043,yfinance,False
2024-01-26,2.4601526260375977,2.9700000286102295,3.0,2.9600000381469727,2.990000009536743,242734357,yfinance,False
2024-01-29,2.4767191410064697,2.990000009536743,3.009999990463257,2.9700000286102295,2.9700000286102295,269397021,yfinance,False
2024-01-30,2.4435858726501465,2.950000047683716,2.9800000190734863,2.930000066757202,2.9700000286102295,235323821,yfinance,False
2024-01-31,2.435302495956421,2.940000057220459,2.9600000381469727,2.9200000762939453,2.950000047683716,204573464,yfinance,False
2024-02-01,2.4270191192626953,2.930000066757202,2.9700000286102295,2.890000104904175,2.940000057220459,317631002,yfinance,False
2024-02-02,2.410452365875244,2.9100000858306885,2.9600000381469727,2.890000104904175,2.940000057220459,244576741,yfinance,False
2024-02-05,2.410452365875244,2.9100000858306885,2.930000066757202,2.880000114440918,2.890000104904175,230881935,yfinance,False
2024-02-06,2.5015690326690674,3.0199999809265137,3.0199999809265137,2.9000000953674316,2.9100000858306885,420848022,yfinance,False
2024-02-07,2.493285655975342,3.009999990463257,3.0399999618530273,2.990000009536743,3.0199999809265137,362912235,yfinance,False
2024-02-08,2.4435858726501465,2.950000047683716,3.0199999809265137,2.940000057220459,3.0,186638164,yfinance,False
2024-02-09,2.435302495956421,2.940000057220459,2.940000057220459,2.9100000858306885,2.930000066757202,74162828,yfinance,False
2024-02-14,2.451869010925293,2.9600000381469727,2.9700000286102295,2.9000000953674316,2.9200000762939453,109939313,yfinance,False
2024-02-15,2.4767191410064697,2.990000009536743,2.990000009536743,2.950000047683716,2.950000047683716,84312909,yfinance,False
2024-02-16,2.493285655975342,3.009999990463257,3.0299999713897705,2.9800000190734863,2.990000009536743,223410386,yfinance,False
2024-02-19,2.509852647781372,3.0299999713897705,3.059999942779541,2.990000009536743,3.009999990463257,312450872,yfinance,False
2024-02-20,2.5429859161376953,3.069999933242798,3.069999933242798,3.0199999809265137,3.0299999713897705,228004085,yfinance,False
2024-02-21,2.584402322769165,3.119999885559082,3.1600000858306885,3.069999933242798,3.0799999237060547,541368650,yfinance,False
2024-02-22,2.609252691268921,3.1500000953674316,3.1500000953674316,3.0999999046325684,3.109999895095825,261638941,yfinance,False
2024-02-23,2.6175363063812256,3.1600000858306885,3.190000057220459,3.140000104904175,3.140000104904175,341043834,yfinance,False
2024-02-26,2.5761191844940186,3.109999895095825,3.1600000858306885,3.0999999046325684,3.1500000953674316,260504677,yfinance,False
2024-02-27,2.5926856994628906,3.130000114440918,3.130000114440918,3.069999933242798,3.109999895095825,241940898,yfinance,False
2024-02-28,2.5595526695251465,3.0899999141693115,3.130000114440918,3.0799999237060547,3.119999885559082,250512154,yfinance,False
2024-02-29,2.551269054412842,3.0799999237060547,3.119999885559082,3.0799999237060547,3.0799999237060547,266734285,yfinance,False
2024-03-01,2.551269054412842,3.0799999237060547,3.119999885559082,3.049999952316284,3.069999933242798,304227791,yfinance,False
2024-03-04,2.551269054412842,3.0799999237060547,3.0899999141693115,3.049999952316284,3.0899999141693115,194353920,yfinance,False
2024-03-05,2.5264194011688232,3.049999952316284,3.0899999141693115,3.0399999618530273,3.059999942779541,247964817,yfinance,False
2024-03-06,2.567835569381714,3.0999999046325684,3.0999999046325684,3.0399999618530273,3.049999952316284,279276158,yfinance,False
2024-03-07,2.5761191844940186,3.109999895095825,3.140000104904175,3.0999999046325684,3.109999895095825,361127955,yfinance,False
2024-03-08,2.625819444656372,3.1700000762939453,3.190000057220459,3.119999885559082,3.130000114440918,536072786,yfinance,False
2024-03-11,2.6506693363189697,3.200000047683716,3.200000047683716,3.1500000953674316,3.1500000953674316,376929676,yfinance,False
2024-03-12,2.6755189895629883,3.2300000190734863,3.25,3.190000057220459,3.200000047683716,643179463,yfinance,False
2024-03-13,2.6506693363189697,3.200000047683716,3.240000009536743,3.200000047683716,3.2200000286102295,367063964,yfinance,False
2024-03-14,2.667235851287842,3.2200000286102295,3.2300000190734863,3.180000066757202,3.200000047683716,284661762,yfinance,False
2024-03-15,2.658952474594116,3.2100000381469727,3.2200000286102295,3.180000066757202,3.200000047683716,373399073,yfinance,False
2024-03-18,2.6506693363189697,3.200000047683716,3.2200000286102295,3.180000066757202,3.200000047683716,253103345,yfinance,False
2024-03-19,2.6341028213500977,3.180000066757202,3.2200000286102295,3.1600000858306885,3.190000057220459,383225561,yfinance,False
2024-03-20,2.658952474594116,3.2100000381469727,3.240000009536743,3.1700000762939453,3.180000066757202,408820828,yfinance,False
2024-03-21,2.725219488143921,3.2899999618530273,3.299999952316284,3.2200000286102295,3.2300000190734863,595608333,yfinance,False
2024-03-22,2.700369358062744,3.259999990463257,3.299999952316284,3.25,3.2799999713897705,433023943,yfinance,False
2024-03-25,2.683802604675293,3.240000009536743,3.2699999809265137,3.2200000286102295,3.25,310076715,yfinance,False
2024-03-26,2.700369358062744,3.259999990463257,3.2899999618530273,3.240000009536743,3.259999990463257,363007587,yfinance,False
2024-03-27,2.6920857429504395,3.25,3.2799999713897705,3.2200000286102295,3.259999990463257,345087319,yfinance,False
2024-03-28,2.6755189895629883,3.2300000190734863,3.2699999809265137,3.190000057220459,3.259999990463257,343566911,yfinance,False
2024-04-02,2.725219488143921,3.2899999618530273,3.299999952316284,3.240000009536743,3.240000009536743,381415840,yfinance,False
2024-04-03,2.6920857429504395,3.25,3.2899999618530273,3.240000009536743,3.2699999809265137,325547046,yfinance,False
2024-04-05,2.683802604675293,3.240000009536743,3.2699999809265137,3.200000047683716,3.25,211627153,yfinance,False
2024-04-08,2.7086527347564697,3.2699999809265137,3.299999952316284,3.2100000381469727,3.2300000190734863,329040634,yfinance,False
2024-04-09,2.7169361114501953,3.2799999713897705,3.319999933242798,3.2699999809265137,3.2899999618530273,322977753,yfinance,False
2024-04-10,2.758352756500244,3.3299999237060547,3.3299999237060547,3.2899999618530273,3.299999952316284,365490510,yfinance,False
2024-04-11,2.7500696182250977,3.319999933242798,3.3399999141693115,3.2799999713897705,3.299999952316284,368707980,yfinance,False
2024-04-12,2.7086527347564697,3.2699999809265137,3.3399999141693115,3.2699999809265137,3.309999942779541,352185666,yfinance,False
2024-04-15,2.700369358062744,3.259999990463257,3.2899999618530273,3.240000009536743,3.25,428977513,yfinance,False
2024-04-16,2.683802604675293,3.240000009536743,3.2699999809265137,3.2200000286102295,3.240000009536743,393630674,yfinance,False
2024-04-17,2.7169361114501953,3.2799999713897705,3.2899999618530273,3.2200000286102295,3.2300000190734863,281313758,yfinance,False
2024-04-18,2.774919033050537,3.3499999046325684,3.359999895095825,3.259999990463257,3.2699999809265137,584642562,yfinance,False
2024-04-19,2.7832024097442627,3.359999895095825,3.380000114440918,3.2799999713897705,3.3299999237060547,775998969,yfinance,False
2024-04-22,2.816336154937744,3.4000000953674316,3.4200000762939453,3.369999885559082,3.380000114440918,579356799,yfinance,False
2024-04-23,2.8494696617126465,3.440000057220459,3.450000047683716,3.390000104904175,3.4000000953674316,654368697,yfinance,False
2024-04-24,2.8660361766815186,3.4600000381469727,3.4700000286102295,3.4100000858306885,3.430000066757202,729376194,yfinance,False
2024-04-25,2.8908863067626953,3.490000009536743,3.509999990463257,3.450000047683716,3.4600000381469727,644343023,yfinance,False
2024-04-26,2.8660361766815186,3.4600000381469727,3.5199999809265137,3.450000047683716,3.4800000190734863,713198136,yfinance,False
2024-04-29,3.0068531036376953,3.630000114440918,3.640000104904175,3.430000066757202,3.450000047683716,1247733786,yfinance,False
2024-04-30,2.9240198135375977,3.5299999713897705,3.5899999141693115,3.4800000190734863,3.5899999141693115,806256132,yfinance,False
2024-05-02,2.8826029300689697,3.4800000190734863,3.5299999713897705,3.450000047683716,3.5199999809265137,307857909,yfinance,False
2024-05-03,2.8908863067626953,3.490000009536743,3.5299999713897705,3.4600000381469727,3.5,270753531,yfinance,False
2024-05-06,2.9405863285064697,3.549999952316284,3.549999952316284,3.4800000190734863,3.5,585067520,yfinance,False
2024-05-07,2.9571526050567627,3.569999933242798,3.5899999141693115,3.5299999713897705,3.549999952316284,448013942,yfinance,False
2024-05-08,2.9654362201690674,3.5799999237060547,3.5999999046325684,3.569999933242798,3.5799999237060547,322835013,yfinance,False
2024-05-09,2.9985694885253906,3.619999885559082,3.619999885559082,3.569999933242798,3.5899999141693115,383623815,yfinance,False
2024-05-10,3.0979697704315186,3.740000009536743,3.75,3.630000114440918,3.640000104904175,1040028520,yfinance,False
2024-05-13,3.089686393737793,3.7300000190734863,3.75,3.7100000381469727,3.740000009536743,575793709,yfinance,False
2024-05-14,3.0565528869628906,3.690000057220459,3.75,3.680000066757202,3.7300000190734863,447494401,yfinance,False
2024-05-16,3.205652952194214,3.869999885559082,3.880000114440918,3.700000047683716,3.7100000381469727,1375154217,yfinance,False
2024-05-17,3.1973695755004883,3.859999895095825,3.9200000762939453,3.8299999237060547,3.859999895095825,777622826,yfinance,False
2024-05-20,3.247069835662842,3.9200000762939453,3.950000047683716,3.8399999141693115,3.859999895095825,522795089,yfinance,False
2024-05-21,3.280203104019165,3.9600000381469727,3.9800000190734863,3.890000104904175,3.9100000858306885,680695215,yfinance,False
2024-05-22,3.280203104019165,3.9600000381469727,3.990000009536743,3.940000057220459,3.9800000190734863,467549989,yfinance,False
2024-05-23,3.2387866973876953,3.9100000858306885,3.950000047683716,3.8399999141693115,3.950000047683716,668061833,yfinance,False
2024-05-24,3.2222201824188232,3.890000104904175,3.940000057220459,3.869999885559082,3.9000000953674316,294747915,yfinance,False
2024-05-27,3.205652952194214,3.869999885559082,3.9600000381469727,3.8499999046325684,3.9000000953674316,352405886,yfinance,False
2024-05-28,3.1973695755004883,3.859999895095825,3.9100000858306885,3.8399999141693115,3.859999895095825,240647343,yfinance,False
2024-05-29,3.131103515625,3.7799999713897705,3.869999885559082,3.759999990463257,3.859999895095825,413879717,yfinance,False
2024-05-30,3.073119640350342,3.7100000381469727,3.799999952316284,3.680000066757202,3.759999990463257,562069757,yfinance,False
2024-05-31,3.0648365020751953,3.700000047683716,3.799999952316284,3.6700000762939453,3.7300000190734863,753107819,yfinance,False
2024-06-03,3.089686393737793,3.7300000190734863,3.7699999809265137,3.700000047683716,3.740000009536743,346854698,yfinance,False
2024-06-04,3.0814030170440674,3.7200000286102295,3.75,3.680000066757202,3.740000009536743,411747747,yfinance,False
2024-06-05,3.0979697704315186,3.740000009536743,3.8299999237060547,3.7100000381469727,3.7300000190734863,486469244,yfinance,False
2024-06-06,3.1145365238189697,3.759999990463257,3.7899999618530273,3.7300000190734863,3.7699999809265137,193636075,yfinance,False
2024-06-07,3.1393866539001465,3.7899999618530273,3.819999933242798,3.759999990463257,3.759999990463257,330540027,yfinance,False
2024-06-11,3.0814030170440674,3.7200000286102295,3.7799999713897705,3.700000047683716,3.7799999713897705,401527502,yfinance,False
2024-06-12,3.0648365020751953,3.700000047683716,3.7200000286102295,3.630000114440918,3.7100000381469727,364596682,yfinance,False
2024-06-13,3.089686393737793,3.7300000190734863,3.740000009536743,3.690000057220459,3.7300000190734863,188106475,yfinance,False
2024-06-14,3.0979697704315186,3.740000009536743,3.7899999618530273,3.680000066757202,3.700000047683716,352451703,yfinance,False
2024-06-17,3.131103515625,3.7799999713897705,3.819999933242798,3.690000057220459,3.740000009536743,286832896,yfinance,False
2024-06-18,3.147669553756714,3.799999952316284,3.819999933242798,3.7699999809265137,3.7899999618530273,305152734,yfinance,False
2024-06-19,3.247069835662842,3.9200000762939453,3.940000057220459,3.809999942779541,3.819999933242798,538298521,yfinance,False
2024-06-20,3.2222201824188232,3.890000104904175,3.9700000286102295,3.8499999046325684,3.9100000858306885,295524718,yfinance,False
2024-06-21,3.147669553756714,3.799999952316284,3.869999885559082,3.7799999713897705,3.8499999046325684,330663248,yfinance,False
2024-06-24,3.180802822113037,3.8399999141693115,3.8399999141693115,3.7200000286102295,3.7899999618530273,269958609,yfinance,False
2024-06-25,3.180802822113037,3.8399999141693115,3.890000104904175,3.809999942779541,3.8499999046325684,171820632,yfinance,False
2024-06-26,3.164236068725586,3.819999933242798,3.869999885559082,3.799999952316284,3.809999942779541,231583887,yfinance,False
2024-06-27,3.147669553756714,3.799999952316284,3.819999933242798,3.759999990463257,3.819999933242798,224086891,yfinance,False
2024-06-28,3.189086437225342,3.8499999046325684,3.8499999046325684,3.7799999713897705,3.7799999713897705,232354713,yfinance,False
2024-07-02,3.1973695755004883,3.859999895095825,3.9000000953674316,3.819999933242798,3.8299999237060547,222152225,yfinance,False
2024-07-03,3.1725196838378906,3.8299999237060547,3.890000104904175,3.799999952316284,3.880000114440918,250927347,yfinance,False
2024-07-04,3.2139365673065186,3.880000114440918,3.890000104904175,3.8299999237060547,3.8399999141693115,265522051,yfinance,False
2024-07-05,3.147669553756714,3.799999952316284,3.9000000953674316,3.7899999618530273,3.880000114440918,309164947,yfinance,False
2024-07-08,3.11128568649292,3.5,3.549999952316284,3.4700000286102295,3.549999952316284,265945060,yfinance,False
2024-07-09,3.0846173763275146,3.4700000286102295,3.509999990463257,3.450000047683716,3.5,270522343,yfinance,False
2024-07-10,3.0846173763275146,3.4700000286102295,3.5199999809265137,3.440000057220459,3.4600000381469727,235756435,yfinance,False
2024-07-11,3.11128568649292,3.5,3.5299999713897705,3.4700000286102295,3.5,210142299,yfinance,False
2024-07-12,3.1912901401519775,3.5899999141693115,3.5899999141693115,3.5199999809265137,3.5199999809265137,277718072,yfinance,False
2024-07-15,3.1468429565429688,3.5399999618530273,3.630000114440918,3.5,3.5899999141693115,246570139,yfinance,False
2024-07-16,3.0935070514678955,3.4800000190734863,3.549999952316284,3.4600000381469727,3.5199999809265137,224725423,yfinance,False
2024-07-17,3.0579493045806885,3.440000057220459,3.490000009536743,3.4200000762939453,3.4600000381469727,230012688,yfinance,False
2024-07-18,3.0668387413024902,3.450000047683716,3.4800000190734863,3.4200000762939453,3.430000066757202,177053249,yfinance,False
2024-07-19,3.013502359390259,3.390000104904175,3.450000047683716,3.359999895095825,3.440000057220459,248730067,yfinance,False
2024-07-22,3.040170669555664,3.4200000762939453,3.4200000762939453,3.3399999141693115,3.4000000953674316,235557434,yfinance,False
2024-07-23,3.075727939605713,3.4600000381469727,3.490000009536743,3.4100000858306885,3.4100000858306885,238082828,yfinance,False
2024-07-24,3.0668387413024902,3.450000047683716,3.4800000190734863,3.440000057220459,3.4700000286102295,219788668,yfinance,False
2024-07-25,3.0312812328338623,3.4100000858306885,3.5,3.4000000953674316,3.450000047683716,241398977,yfinance,False
2024-07-26,3.004612922668457,3.380000114440918,3.4600000381469727,3.369999885559082,3.4100000858306885,194845949,yfinance,False
2024-07-29,3.0579493045806885,3.440000057220459,3.4600000381469727,3.390000104904175,3.4000000953674316,250168395,yfinance,False
2024-07-30,3.0579493045806885,3.440000057220459,3.450000047683716,3.380000114440918,3.440000057220459,324003036,yfinance,False
2024-07-31,3.0935070514678955,3.4800000190734863,3.5199999809265137,3.430000066757202,3.4600000381469727,393045558,yfinance,False
2024-08-01,3.0490598678588867,3.430000066757202,3.5,3.4200000762939453,3.4800000190734863,152256867,yfinance,False
2024-08-02,3.0490598678588867,3.430000066757202,3.450000047683716,3.359999895095825,3.4000000953674316,186761188,yfinance,False
2024-08-05,2.942387104034424,3.309999942779541,3.390000104904175,3.25,3.390000104904175,459591374,yfinance,False
2024-08-06,2.933497905731201,3.299999952316284,3.359999895095825,3.2899999618530273,3.319999933242798,198992684,yfinance,False
2024-08-07,2.9601659774780273,3.3299999237060547,3.359999895095825,3.299999952316284,3.309999942779541,205752517,yfinance,False
2024-08-08,2.969055414199829,3.3399999141693115,3.3499999046325684,3.2899999618530273,3.319999933242798,162298663,yfinance,False
2024-08-09,2.9868340492248535,3.359999895095825,3.4000000953674316,3.3499999046325684,3.359999895095825,114701183,yfinance,False
2024-08-12,3.0223920345306396,3.4000000953674316,3.4100000858306885,3.359999895095825,3.369999885559082,127140590,yfinance,False
2024-08-13,3.0312812328338623,3.4100000858306885,3.450000047683716,3.380000114440918,3.4100000858306885,171017850,yfinance,False
2024-08-14,3.0312812328338623,3.4100000858306885,3.440000057220459,3.380000114440918,3.430000066757202,104169265,yfinance,False
2024-08-15,3.0579493045806885,3.440000057220459,3.4600000381469727,3.369999885559082,3.4000000953674316,207915352,yfinance,False
2024-08-16,3.102396249771118,3.490000009536743,3.5,3.440000057220459,3.450000047683716,167189239,yfinance,False
2024-08-19,3.1557326316833496,3.549999952316284,3.559999942779541,3.490000009536743,3.5,280645193,yfinance,False
2024-08-20,3.182400703430176,3.5799999237060547,3.5799999237060547,3.5399999618530273,3.569999933242798,167862373,yfinance,False
2024-08-21,3.1468429565429688,3.5399999618530273,3.5799999237060547,3.5,3.559999942779541,153699946,yfinance,False
2024-08-22,3.182400703430176,3.5799999237060547,3.5799999237060547,3.509999990463257,3.5399999618530273,205812365,yfinance,False
2024-08-23,3.173511028289795,3.569999933242798,3.5899999141693115,3.5399999618530273,3.559999942779541,107443945,yfinance,False
2024-08-26,3.1912901401519775,3.5899999141693115,3.5999999046325684,3.5399999618530273,3.569999933242798,115234641,yfinance,False
2024-08-27,3.24462628364563,3.6500000953674316,3.6500000953674316,3.5799999237060547,3.5799999237060547,211680911,yfinance,False
2024-08-28,3.209068775177002,3.609999895095825,3.6700000762939453,3.5999999046325684,3.640000104904175,166339387,yfinance,False
2024-08-29,3.1468429565429688,3.5399999618530273,3.609999895095825,3.4600000381469727,3.5799999237060547,264550417,yfinance,False
2024-08-30,3.1468429565429688,3.5399999618530273,3.5799999237060547,3.5,3.5299999713897705,376874345,yfinance,False
2024-09-02,3.11128568649292,3.5,3.5299999713897705,3.4700000286102295,3.509999990463257,264777281,yfinance,False
2024-09-03,3.0490598678588867,3.430000066757202,3.509999990463257,3.390000104904175,3.490000009536743,362186171,yfinance,False
2024-09-04,3.0490598678588867,3.430000066757202,3.440000057220459,3.359999895095825,3.4100000858306885,206519733,yfinance,False
2024-09-05,3.013502359390259,3.390000104904175,3.440000057220459,3.369999885559082,3.440000057220459,159518071,yfinance,False
2024-09-09,2.969055414199829,3.3399999141693115,3.380000114440918,3.319999933242798,3.359999895095825,279021178,yfinance,False
2024-09-10,2.9868340492248535,3.359999895095825,3.390000104904175,3.3399999141693115,3.3399999141693115,200077296,yfinance,False
2024-09-11,2.9246087074279785,3.2899999618530273,3.359999895095825,3.25,3.359999895095825,266640289,yfinance,False
2024-09-12,2.969055414199829,3.3399999141693115,3.359999895095825,3.2699999809265137,3.299999952316284,155784396,yfinance,False
2024-09-13,2.9957234859466553,3.369999885559082,3.390000104904175,3.3499999046325684,3.359999895095825,144926134,yfinance,False
2024-09-16,3.0223920345306396,3.4000000953674316,3.4100000858306885,3.3399999141693115,3.3499999046325684,82803036,yfinance,False
2024-09-17,3.075727939605713,3.4600000381469727,3.4800000190734863,3.4000000953674316,3.4000000953674316,140573891,yfinance,False
2024-09-19,3.0668387413024902,3.450000047683716,3.4600000381469727,3.4000000953674316,3.450000047683716,249277087,yfinance,False
2024-09-20,3.11128568649292,3.5,3.509999990463257,3.4200000762939453,3.430000066757202,305177356,yfinance,False
2024-09-23,3.1557326316833496,3.549999952316284,3.559999942779541,3.5,3.5,185887510,yfinance,False
2024-09-24,3.271294593811035,3.680000066757202,3.7200000286102295,3.5799999237060547,3.5899999141693115,611318265,yfinance,False
2024-09-25,3.342409610748291,3.759999990463257,3.8299999237060547,3.740000009536743,3.7799999713897705,531516254,yfinance,False
2024-09-26,3.404635190963745,3.8299999237060547,3.8299999237060547,3.700000047683716,3.799999952316284,479211045,yfinance,False
2024-09-27,3.315741539001465,3.7300000190734863,3.880000114440918,3.6600000858306885,3.8499999046325684,685214300,yfinance,False
2024-09-30,3.2624053955078125,3.6700000762939453,3.740000009536743,3.5899999141693115,3.7200000286102295,790427040,yfinance,False
2024-10-02,3.413524866104126,3.8399999141693115,3.880000114440918,3.6600000858306885,3.6700000762939453,655198960,yfinance,False
2024-10-03,3.3868565559387207,3.809999942779541,3.8499999046325684,3.75,3.8499999046325684,396490150,yfinance,False
2024-10-04,3.4313035011291504,3.859999895095825,3.880000114440918,3.75,3.7899999618530273,338803821,yfinance,False
2024-10-07,3.4668612480163574,3.9000000953674316,3.950000047683716,3.859999895095825,3.880000114440918,346162788,yfinance,False
2024-10-08,3.280184030532837,3.690000057220459,3.9200000762939453,3.6700000762939453,3.9100000858306885,808975964,yfinance,False
2024-10-09,3.2357370853424072,3.640000104904175,3.7300000190734863,3.5999999046325684,3.700000047683716,568771489,yfinance,False
2024-10-10,3.3335201740264893,3.75,3.819999933242798,3.6600000858306885,3.6700000762939453,510400563,yfinance,False
2024-10-14,3.413524866104126,3.8399999141693115,3.9000000953674316,3.759999990463257,3.7799999713897705,466147047,yfinance,False
2024-10-15,3.351299285888672,3.7699999809265137,3.869999885559082,3.740000009536743,3.8499999046325684,441120331,yfinance,False
2024-10-16,3.3868565559387207,3.809999942779541,3.880000114440918,3.759999990463257,3.7699999809265137,392218874,yfinance,False
2024-10-17,3.351299285888672,3.7699999809265137,3.869999885559082,3.75,3.819999933242798,256859905,yfinance,False
2024-10-18,3.413524866104126,3.8399999141693115,3.859999895095825,3.7699999809265137,3.7899999618530273,313037281,yfinance,False
2024-10-21,3.351299285888672,3.7699999809265137,3.8499999046325684,3.759999990463257,3.8299999237060547,213756649,yfinance,False
2024-10-22,3.342409610748291,3.759999990463257,3.799999952316284,3.75,3.75,130460347,yfinance,False
2024-10-23,3.3601884841918945,3.7799999713897705,3.799999952316284,3.740000009536743,3.759999990463257,195397377,yfinance,False
2024-10-24,3.3690779209136963,3.7899999618530273,3.799999952316284,3.75,3.759999990463257,174341308,yfinance,False
2024-10-25,3.3601884841918945,3.7799999713897705,3.819999933242798,3.7699999809265137,3.7899999618530273,147771443,yfinance,False
2024-10-28,3.351299285888672,3.7699999809265137,3.809999942779541,3.7300000190734863,3.759999990463257,221861854,yfinance,False
2024-10-29,3.351299285888672,3.7699999809265137,3.799999952316284,3.740000009536743,3.7699999809265137,137175127,yfinance,False
2024-10-30,3.2890734672546387,3.700000047683716,3.7699999809265137,3.6700000762939453,3.740000009536743,319707902,yfinance,False
2024-10-31,3.280184030532837,3.690000057220459,3.75,3.680000066757202,3.7300000190734863,217102150,yfinance,False
2024-11-01,3.342409610748291,3.759999990463257,3.7799999713897705,3.700000047683716,3.7200000286102295,236376002,yfinance,False
2024-11-04,3.3246309757232666,3.740000009536743,3.759999990463257,3.690000057220459,3.759999990463257,206684005,yfinance,False
2024-11-05,3.3690779209136963,3.7899999618530273,3.7899999618530273,3.700000047683716,3.700000047683716,207379847,yfinance,False
2024-11-06,3.2979629039764404,3.7100000381469727,3.7799999713897705,3.700000047683716,3.75,311003196,yfinance,False
2024-11-07,3.3601884841918945,3.7799999713897705,3.7899999618530273,3.680000066757202,3.690000057220459,351460624,yfinance,False
2024-11-08,3.351299285888672,3.7699999809265137,3.819999933242798,3.7699999809265137,3.7899999618530273,309179668,yfinance,False
2024-11-11,3.271294593811035,3.680000066757202,3.740000009536743,3.680000066757202,3.7100000381469727,347707909,yfinance,False
2024-11-12,3.2357370853424072,3.640000104904175,3.7200000286102295,3.619999885559082,3.680000066757202,372391191,yfinance,False
2024-11-13,3.2357370853424072,3.640000104904175,3.6600000858306885,3.609999895095825,3.630000114440918,209898234,yfinance,False
2024-11-14,3.1912901401519775,3.5899999141693115,3.630000114440918,3.569999933242798,3.5999999046325684,306704829,yfinance,False
2024-11-15,3.209068775177002,3.609999895095825,3.640000104904175,3.5799999237060547,3.609999895095825,262659790,yfinance,False
2024-11-18,3.342409610748291,3.759999990463257,3.7699999809265137,3.640000104904175,3.640000104904175,463451819,yfinance,False
2024-11-19,3.315741539001465,3.7300000190734863,3.799999952316284,3.7100000381469727,3.7799999713897705,330719577,yfinance,False
2024-11-20,3.2890734672546387,3.700000047683716,3.75,3.680000066757202,3.7200000286102295,194811740,yfinance,False
2024-11-21,3.2624053955078125,3.6700000762939453,3.7100000381469727,3.6500000953674316,3.6700000762939453,222005793,yfinance,False
2024-11-22,3.2179582118988037,3.619999885559082,3.690000057220459,3.5999999046325684,3.6700000762939453,289230536,yfinance,False
2024-11-25,3.2268478870391846,3.630000114440918,3.6600000858306885,3.5999999046325684,3.640000104904175,945597291,yfinance,False
2024-11-26,3.209068775177002,3.609999895095825,3.630000114440918,3.5799999237060547,3.609999895095825,351835101,yfinance,False
2024-11-27,3.2179582118988037,3.619999885559082,3.6500000953674316,3.5799999237060547,3.619999885559082,271624973,yfinance,False
2024-11-28,3.182400703430176,3.5799999237060547,3.619999885559082,3.569999933242798,3.609999895095825,231143929,yfinance,False
2024-11-29,3.209068775177002,3.609999895095825,3.619999885559082,3.559999942779541,3.609999895095825,291946407,yfinance,False
2024-12-02,3.2357370853424072,3.640000104904175,3.6700000762939453,3.5999999046325684,3.619999885559082,243568390,yfinance,False
2024-12-03,3.2979629039764404,3.7100000381469727,3.7200000286102295,3.630000114440918,3.630000114440918,227129550,yfinance,False
2024-12-04,3.2979629039764404,3.7100000381469727,3.740000009536743,3.680000066757202,3.700000047683716,176095326,yfinance,False
2024-12-05,3.271294593811035,3.680000066757202,3.7100000381469727,3.6700000762939453,3.680000066757202,132111919,yfinance,False
2024-12-06,3.306852102279663,3.7200000286102295,3.740000009536743,3.700000047683716,3.7200000286102295,284502677,yfinance,False
2024-12-09,3.404635190963745,3.8299999237060547,3.8299999237060547,3.700000047683716,3.7200000286102295,387239441,yfinance,False
2024-12-10,3.4224140644073486,3.8499999046325684,3.9000000953674316,3.8299999237060547,3.9000000953674316,459684392,yfinance,False
2024-12-11,3.3957459926605225,3.819999933242798,3.880000114440918,3.809999942779541,3.869999885559082,177563427,yfinance,False
2024-12-12,3.4579718112945557,3.890000104904175,3.9000000953674316,3.8299999237060547,3.8399999141693115,291713720,yfinance,False
2024-12-13,3.377967119216919,3.799999952316284,3.869999885559082,3.799999952316284,3.869999885559082,164202506,yfinance,False
2024-12-16,3.404635190963745,3.8299999237060547,3.8399999141693115,3.7899999618530273,3.7899999618530273,137299574,yfinance,False
2024-12-17,3.3868565559387207,3.809999942779541,3.8499999046325684,3.7899999618530273,3.809999942779541,184987456,yfinance,False
2024-12-18,3.3957459926605225,3.819999933242798,3.859999895095825,3.799999952316284,3.809999942779541,195079749,yfinance,False
2024-12-19,3.377967119216919,3.799999952316284,3.819999933242798,3.759999990463257,3.799999952316284,186084863,yfinance,False
2024-12-20,3.3690779209136963,3.7899999618530273,3.8299999237060547,3.7899999618530273,3.7899999618530273,280576779,yfinance,False
2024-12-23,3.4579718112945557,3.890000104904175,3.9000000953674316,3.809999942779541,3.819999933242798,310014946,yfinance,False
2024-12-24,3.520197629928589,3.9600000381469727,3.9600000381469727,3.9600000381469727,3.9600000381469727,0,yfinance,False
2024-12-27,3.5024185180664062,3.940000057220459,3.990000009536743,3.9000000953674316,3.9800000190734863,234343299,yfinance,False
2024-12-30,3.511308193206787,3.950000047683716,4.0,3.940000057220459,3.9600000381469727,261704651,yfinance,False
2024-12-31,3.5379762649536133,3.9800000190734863,3.9800000190734863,3.9800000190734863,3.9800000190734863,0,yfinance,False
2025-01-02,3.4668612480163574,3.9000000953674316,3.9600000381469727,3.859999895095825,3.950000047683716,412228370,yfinance,False
2025-01-03,3.4935293197631836,3.930000066757202,3.940000057220459,3.859999895095825,3.890000104904175,277613880,yfinance,False
2025-01-06,3.4935293197631836,3.930000066757202,3.9600000381469727,3.890000104904175,3.9200000762939453,195756154,yfinance,False
2025-01-07,3.484640121459961,3.9200000762939453,3.950000047683716,3.869999885559082,3.9200000762939453,353063015,yfinance,False
2025-01-08,3.4935293197631836,3.930000066757202,3.9800000190734863,3.9100000858306885,3.930000066757202,286671554,yfinance,False
2025-01-09,3.4668612480163574,3.9000000953674316,3.950000047683716,3.890000104904175,3.940000057220459,202823349,yfinance,False
2025-01-10,3.449082612991333,3.880000114440918,3.940000057220459,3.869999885559082,3.9200000762939453,283870318,yfinance,False
2025-01-13,3.458824872970581,3.759999990463257,3.7799999713897705,3.680000066757202,3.7799999713897705,274560706,yfinance,False
2025-01-14,3.4772231578826904,3.7799999713897705,3.809999942779541,3.75,3.75,189731076,yfinance,False
2025-01-15,3.5416159629821777,3.8499999046325684,3.869999885559082,3.7799999713897705,3.7799999713897705,181274160,yfinance,False
2025-01-16,3.587611198425293,3.9000000953674316,3.9100000858306885,3.8499999046325684,3.880000114440918,212804625,yfinance,False
2025-01-17,3.569213390350342,3.880000114440918,3.9100000858306885,3.8399999141693115,3.9000000953674316,183946624,yfinance,False
2025-01-20,3.587611198425293,3.9000000953674316,3.9200000762939453,3.880000114440918,3.9000000953674316,188408667,yfinance,False
2025-01-21,3.615208148956299,3.930000066757202,3.940000057220459,3.890000104904175,3.930000066757202,172923343,yfinance,False
2025-01-22,3.5784122943878174,3.890000104904175,3.940000057220459,3.880000114440918,3.9200000762939453,143546556,yfinance,False
2025-01-23,3.642805337905884,3.9600000381469727,3.9700000286102295,3.9000000953674316,3.9100000858306885,298110215,yfinance,False
2025-01-24,3.6796011924743652,4.0,4.0,3.940000057220459,3.9700000286102295,286380421,yfinance,False
2025-01-27,3.7163970470428467,4.039999961853027,4.050000190734863,3.9800000190734863,3.990000009536743,322464555,yfinance,False
2025-01-28,3.6979990005493164,4.019999980926514,4.019999980926514,4.019999980926514,4.019999980926514,0,yfinance,False
2025-02-03,3.68880033493042,4.010000228881836,4.019999980926514,3.9100000858306885,3.930000066757202,149528284,yfinance,False
2025-02-04,3.762392282485962,4.090000152587891,4.099999904632568,4.0,4.079999923706055,248163137,yfinance,False
2025-02-05,3.7439944744110107,4.070000171661377,4.090000152587891,4.03000020980835,4.090000152587891,204028432,yfinance,False
2025-02-06,3.7715911865234375,4.099999904632568,4.099999904632568,4.050000190734863,4.070000171661377,167232303,yfinance,False
2025-02-07,3.7439944744110107,4.070000171661377,4.090000152587891,4.019999980926514,4.079999923706055,258385489,yfinance,False
2025-02-10,3.7899892330169678,4.119999885559082,4.119999885559082,4.050000190734863,4.050000190734863,308679200,yfinance,False
2025-02-11,3.7991881370544434,4.130000114440918,4.170000076293945,4.090000152587891,4.110000133514404,345944532,yfinance,False
2025-02-12,3.881978988647461,4.21999979019165,4.230000019073486,4.150000095367432,4.170000076293945,406776674,yfinance,False
2025-02-13,3.881978988647461,4.21999979019165,4.309999942779541,4.210000038146973,4.230000019073486,523406142,yfinance,False
2025-02-14,3.9187750816345215,4.260000228881836,4.260000228881836,4.190000057220459,4.230000019073486,421828674,yfinance,False
2025-02-17,3.955571413040161,4.300000190734863,4.309999942779541,4.210000038146973,4.210000038146973,321736105,yfinance,False
2025-02-18,3.983167886734009,4.329999923706055,4.369999885559082,4.269999980926514,4.300000190734863,429269710,yfinance,False
2025-02-19,3.9739694595336914,4.320000171661377,4.329999923706055,4.269999980926514,4.300000190734863,339385380,yfinance,False
2025-02-20,3.9647698402404785,4.309999942779541,4.340000152587891,4.269999980926514,4.300000190734863,313087321,yfinance,False
2025-02-21,4.001565933227539,4.349999904632568,4.349999904632568,4.269999980926514,4.329999923706055,528684906,yfinance,False
2025-02-24,4.010765075683594,4.360000133514404,4.409999847412109,4.320000171661377,4.340000152587891,334896704,yfinance,False
2025-02-25,4.001565933227539,4.349999904632568,4.369999885559082,4.300000190734863,4.340000152587891,299280086,yfinance,False
2025-02-26,4.07515811920166,4.429999828338623,4.449999809265137,4.349999904632568,4.369999885559082,364275213,yfinance,False
2025-02-27,4.07515811920166,4.429999828338623,4.440000057220459,4.369999885559082,4.389999866485596,650859702,yfinance,False
2025-02-28,4.056760311126709,4.409999847412109,4.449999809265137,4.369999885559082,4.409999847412109,768191914,yfinance,False
2025-03-03,4.084356784820557,4.440000057220459,4.46999979019165,4.369999885559082,4.400000095367432,431482123,yfinance,False
2025-03-04,4.056760311126709,4.409999847412109,4.449999809265137,4.400000095367432,4.420000076293945,350601851,yfinance,False
2025-03-05,4.167148113250732,4.53000020980835,4.559999942779541,4.409999847412109,4.409999847412109,380240302,yfinance,False
2025-03-06,4.203944206237793,4.570000171661377,4.599999904632568,4.53000020980835,4.550000190734863,305189028,yfinance,False
2025-03-07,4.194745063781738,4.559999942779541,4.579999923706055,4.539999961853027,4.550000190734863,313484195,yfinance,False
2025-03-10,4.157949447631836,4.519999980926514,4.579999923706055,4.5,4.550000190734863,275110305,yfinance,False
2025-03-11,4.167148113250732,4.53000020980835,4.559999942779541,4.46999979019165,4.489999771118164,321443958,yfinance,False
2025-03-12,4.148750305175781,4.510000228881836,4.539999961853027,4.489999771118164,4.510000228881836,254128140,yfinance,False
2025-03-13,4.157949447631836,4.519999980926514,4.570000171661377,4.489999771118164,4.510000228881836,214559553,yfinance,False
2025-03-14,4.222342491149902,4.590000152587891,4.619999885559082,4.510000228881836,4.539999961853027,348282249,yfinance,False
2025-03-17,4.24993896484375,4.619999885559082,4.639999866485596,4.570000171661377,4.570000171661377,198905433,yfinance,False
2025-03-18,4.332730293273926,4.710000038146973,4.71999979019165,4.630000114440918,4.639999866485596,325304252,yfinance,False
2025-03-19,4.378725528717041,4.760000228881836,4.78000020980835,4.710000038146973,4.710000038146973,300008982,yfinance,False
2025-03-20,4.314332008361816,4.690000057220459,4.760000228881836,4.679999828338623,4.75,397169727,yfinance,False
2025-03-21,4.222342491149902,4.590000152587891,4.699999809265137,4.590000152587891,4.690000057220459,361129318,yfinance,False
2025-03-24,4.277536392211914,4.650000095367432,4.670000076293945,4.550000190734863,4.599999904632568,266248964,yfinance,False
2025-03-25,4.24993896484375,4.619999885559082,4.659999847412109,4.599999904632568,4.630000114440918,180978417,yfinance,False
2025-03-26,4.24993896484375,4.619999885559082,4.650000095367432,4.559999942779541,4.639999866485596,317572464,yfinance,False
2025-03-27,4.2407402992248535,4.610000133514404,4.690000057220459,4.539999961853027,4.610000133514404,335507088,yfinance,False
2025-03-28,4.222342491149902,4.590000152587891,4.630000114440918,4.559999942779541,4.630000114440918,302685108,yfinance,False
2025-03-31,4.314332008361816,4.690000057220459,4.730000019073486,4.53000020980835,4.539999961853027,634268262,yfinance,False
2025-04-01,4.268336772918701,4.639999866485596,4.730000019073486,4.559999942779541,4.710000038146973,284909052,yfinance,False
2025-04-02,4.30513334274292,4.679999828338623,4.690000057220459,4.579999923706055,4.619999885559082,259633622,yfinance,False
2025-04-03,4.24993896484375,4.619999885559082,4.659999847412109,4.550000190734863,4.599999904632568,328798973,yfinance,False
2025-04-07,3.7991881370544434,4.130000114440918,4.449999809265137,4.099999904632568,4.400000095367432,1106003201,yfinance,False
2025-04-08,3.8175861835479736,4.150000095367432,4.199999809265137,4.110000133514404,4.119999885559082,700152281,yfinance,False
2025-04-09,3.826785087585449,4.159999847412109,4.210000038146973,4.0,4.070000171661377,1040290987,yfinance,False
2025-04-10,3.8727805614471436,4.210000038146973,4.309999942779541,4.130000114440918,4.150000095367432,428759063,yfinance,False
2025-04-11,3.983167886734009,4.329999923706055,4.360000133514404,4.199999809265137,4.230000019073486,342548219,yfinance,False
2025-04-14,4.084356784820557,4.440000057220459,4.449999809265137,4.380000114440918,4.409999847412109,294225093,yfinance,False
2025-04-15,4.102755069732666,4.460000038146973,4.46999979019165,4.409999847412109,4.429999828338623,182036403,yfinance,False
2025-04-16,4.0383620262146,4.389999866485596,4.489999771118164,4.360000133514404,4.440000057220459,215058329,yfinance,False
2025-04-17,4.084356784820557,4.440000057220459,4.449999809265137,4.380000114440918,4.389999866485596,174440230,yfinance,False
2025-04-22,4.075666904449463,4.300000190734863,4.360000133514404,4.230000019073486,4.349999904632568,445089971,yfinance,False
2025-04-23,4.104101181030273,4.329999923706055,4.369999885559082,4.300000190734863,4.360000133514404,183289410,yfinance,False
2025-04-24,4.104101181030273,4.329999923706055,4.349999904632568,4.28000020980835,4.300000190734863,185776501,yfinance,False
2025-04-25,4.113580226898193,4.340000152587891,4.380000114440918,4.329999923706055,4.340000152587891,229375654,yfinance,False
2025-04-28,4.179927825927734,4.409999847412109,4.449999809265137,4.349999904632568,4.369999885559082,178258180,yfinance,False
2025-04-29,4.1325364112854,4.360000133514404,4.46999979019165,4.340000152587891,4.449999809265137,223219625,yfinance,False
2025-04-30,4.113580226898193,4.340000152587891,4.360000133514404,4.210000038146973,4.329999923706055,702965892,yfinance,False
2025-05-02,4.113580226898193,4.340000152587891,4.360000133514404,4.289999961853027,4.340000152587891,115948795,yfinance,False
2025-05-06,4.160971164703369,4.389999866485596,4.409999847412109,4.289999961853027,4.320000171661377,309276124,yfinance,False
2025-05-07,4.217840671539307,4.449999809265137,4.570000171661377,4.429999828338623,4.460000038146973,429786454,yfinance,False
2025-05-08,4.255753993988037,4.489999771118164,4.53000020980835,4.460000038146973,4.460000038146973,201199362,yfinance,False
2025-05-09,4.284189224243164,4.519999980926514,4.53000020980835,4.489999771118164,4.489999771118164,196783218,yfinance,False
2025-05-12,4.341058731079102,4.579999923706055,4.590000152587891,4.510000228881836,4.590000152587891,389060403,yfinance,False
2025-05-13,4.360015392303467,4.599999904632568,4.619999885559082,4.550000190734863,4.550000190734863,255293856,yfinance,False
2025-05-14,4.4642767906188965,4.710000038146973,4.71999979019165,4.599999904632568,4.619999885559082,365912430,yfinance,False
2025-05-15,4.435842037200928,4.679999828338623,4.730000019073486,4.659999847412109,4.699999809265137,261659627,yfinance,False
2025-05-16,4.426363468170166,4.670000076293945,4.679999828338623,4.610000133514404,4.679999828338623,163078050,yfinance,False
2025-05-19,4.397928237915039,4.639999866485596,4.699999809265137,4.610000133514404,4.639999866485596,245601336,yfinance,False
2025-05-20,4.435842037200928,4.679999828338623,4.690000057220459,4.630000114440918,4.659999847412109,259180609,yfinance,False
2025-05-21,4.445320129394531,4.690000057220459,4.71999979019165,4.650000095367432,4.679999828338623,303940156,yfinance,False
2025-05-22,4.435842037200928,4.679999828338623,4.710000038146973,4.670000076293945,4.679999828338623,275467645,yfinance,False
2025-05-23,4.435842037200928,4.679999828338623,4.699999809265137,4.659999847412109,4.670000076293945,312173708,yfinance,False
2025-05-26,4.378971576690674,4.619999885559082,4.730000019073486,4.610000133514404,4.670000076293945,383719654,yfinance,False
2025-05-27,4.388450622558594,4.630000114440918,4.659999847412109,4.590000152587891,4.630000114440918,373927303,yfinance,False
2025-05-28,4.3694939613342285,4.610000133514404,4.650000095367432,4.570000171661377,4.630000114440918,241390076,yfinance,False
2025-05-29,4.388450622558594,4.630000114440918,4.639999866485596,4.579999923706055,4.590000152587891,472500080,yfinance,False
2025-05-30,4.322102069854736,4.559999942779541,4.619999885559082,4.559999942779541,4.610000133514404,484323609,yfinance,False
2025-06-02,4.265232563018799,4.5,4.559999942779541,4.420000076293945,4.550000190734863,212818833,yfinance,False
2025-06-03,4.378971576690674,4.619999885559082,4.630000114440918,4.519999980926514,4.53000020980835,281442447,yfinance,False
2025-06-04,4.350537300109863,4.590000152587891,4.639999866485596,4.570000171661377,4.619999885559082,418883876,yfinance,False
2025-06-05,4.3694939613342285,4.610000133514404,4.639999866485596,4.570000171661377,4.610000133514404,363177749,yfinance,False
2025-06-06,4.331580638885498,4.570000171661377,4.639999866485596,4.559999942779541,4.619999885559082,409286102,yfinance,False
2025-06-09,4.378971576690674,4.619999885559082,4.619999885559082,4.550000190734863,4.590000152587891,462618829,yfinance,False
2025-06-10,4.407406806945801,4.650000095367432,4.690000057220459,4.579999923706055,4.610000133514404,471779808,yfinance,False
2025-06-11,4.454798221588135,4.699999809265137,4.699999809265137,4.630000114440918,4.639999866485596,498140364,yfinance,False
2025-06-12,4.407406806945801,4.650000095367432,4.739999771118164,4.650000095367432,4.699999809265137,441448722,yfinance,False
2025-06-13,4.331580638885498,4.570000171661377,4.679999828338623,4.539999961853027,4.639999866485596,825345301,yfinance,False
2025-06-16,4.3694939613342285,4.610000133514404,4.619999885559082,4.519999980926514,4.570000171661377,358569631,yfinance,False
2025-06-17,4.331580638885498,4.570000171661377,4.610000133514404,4.550000190734863,4.610000133514404,264886276,yfinance,False
2025-06-18,4.350537300109863,4.590000152587891,4.610000133514404,4.550000190734863,4.559999942779541,377907871,yfinance,False
2025-06-19,4.236797332763672,4.46999979019165,4.590000152587891,4.460000038146973,4.579999923706055,408667744,yfinance,False
2025-06-20,4.303145885467529,4.539999961853027,4.579999923706055,4.449999809265137,4.449999809265137,1078114131,yfinance,False
2025-06-23,4.3694939613342285,4.610000133514404,4.619999885559082,4.5,4.510000228881836,417638400,yfinance,False
2025-06-24,4.445320129394531,4.690000057220459,4.699999809265137,4.630000114440918,4.639999866485596,421462425,yfinance,False
2025-06-25,4.5116682052612305,4.760000228881836,4.760000228881836,4.670000076293945,4.71999979019165,459008486,yfinance,False
2025-06-26,4.492711544036865,4.739999771118164,4.760000228881836,4.690000057220459,4.730000019073486,302362956,yfinance,False
2025-06-27,4.426363468170166,4.670000076293945,4.78000020980835,4.630000114440918,4.739999771118164,472408408,yfinance,False
2025-06-30,4.322102069854736,4.559999942779541,4.679999828338623,4.539999961853027,4.670000076293945,578713032,yfinance,False
2025-07-02,4.388450622558594,4.630000114440918,4.659999847412109,4.590000152587891,4.599999904632568,462455997,yfinance,False
2025-07-03,4.3694939613342285,4.610000133514404,4.670000076293945,4.559999942779541,4.639999866485596,248119968,yfinance,False
2025-07-04,4.341058731079102,4.579999923706055,4.610000133514404,4.559999942779541,4.579999923706055,249781209,yfinance,False
2025-07-07,4.407406806945801,4.650000095367432,4.659999847412109,4.579999923706055,4.579999923706055,222124063,yfinance,False
2025-07-08,4.435842037200928,4.679999828338623,4.710000038146973,4.659999847412109,4.679999828338623,211036997,yfinance,False
2025-07-09,4.407406806945801,4.650000095367432,4.690000057220459,4.630000114440918,4.650000095367432,189899666,yfinance,False
2025-07-10,4.4642767906188965,4.710000038146973,4.730000019073486,4.639999866485596,4.659999847412109,246920322,yfinance,False
2025-07-11,4.445320129394531,4.690000057220459,4.800000190734863,4.690000057220459,4.710000038146973,327719073,yfinance,False
2025-07-14,4.4642767906188965,4.710000038146973,4.739999771118164,4.690000057220459,4.690000057220459,192582434,yfinance,False
2025-07-15,4.445320129394531,4.690000057220459,4.769999980926514,4.670000076293945,4.739999771118164,224898362,yfinance,False
2025-07-16,4.454798221588135,4.699999809265137,4.739999771118164,4.679999828338623,4.710000038146973,239882038,yfinance,False
2025-07-17,4.397928237915039,4.639999866485596,4.71999979019165,4.630000114440918,4.710000038146973,210859041,yfinance,False
2025-07-18,4.445320129394531,4.690000057220459,4.690000057220459,4.639999866485596,4.659999847412109,177716574,yfinance,False
2025-07-21,4.416884899139404,4.659999847412109,4.71999979019165,4.639999866485596,4.699999809265137,204668373,yfinance,False
2025-07-22,4.426363468170166,4.670000076293945,4.679999828338623,4.610000133514404,4.659999847412109,197087816,yfinance,False
2025-07-23,4.492711544036865,4.739999771118164,4.75,4.670000076293945,4.690000057220459,284821997,yfinance,False
2025-07-24,4.4832329750061035,4.730000019073486,4.75,4.71999979019165,4.739999771118164,181168388,yfinance,False
2025-07-25,4.426363468170166,4.670000076293945,4.730000019073486,4.659999847412109,4.71999979019165,200336634,yfinance,False
2025-07-28,4.416884899139404,4.659999847412109,4.699999809265137,4.639999866485596,4.679999828338623,238778604,yfinance,False
2025-07-29,4.378971576690674,4.619999885559082,4.670000076293945,4.590000152587891,4.670000076293945,257226009,yfinance,False
2025-07-30,4.341058731079102,4.579999923706055,4.639999866485596,4.570000171661377,4.619999885559082,228023833,yfinance,False
2025-07-31,4.303145885467529,4.539999961853027,4.570000171661377,4.53000020980835,4.559999942779541,268278186,yfinance,False
2025-08-01,4.2747111320495605,4.510000228881836,4.559999942779541,4.480000019073486,4.539999961853027,226461074,yfinance,False
2025-08-04,4.303145885467529,4.539999961853027,4.579999923706055,4.489999771118164,4.510000228881836,199276579,yfinance,False
2025-08-05,4.360015392303467,4.599999904632568,4.619999885559082,4.53000020980835,4.53000020980835,206371409,yfinance,False
2025-08-06,4.293667316436768,4.53000020980835,4.650000095367432,4.53000020980835,4.599999904632568,194819950,yfinance,False
2025-08-07,4.350537300109863,4.590000152587891,4.610000133514404,4.539999961853027,4.550000190734863,159392333,yfinance,False
2025-08-08,4.331580638885498,4.570000171661377,4.610000133514404,4.550000190734863,4.570000171661377,136879427,yfinance,False
2025-08-11,4.303145885467529,4.539999961853027,4.599999904632568,4.53000020980835,4.590000152587891,142997315,yfinance,False
2025-08-12,4.312623977661133,4.550000190734863,4.579999923706055,4.539999961853027,4.550000190734863,132414431,yfinance,False
2025-08-13,4.360015392303467,4.599999904632568,4.599999904632568,4.550000190734863,4.559999942779541,177203879,yfinance,False
2025-08-14,4.303145885467529,4.539999961853027,4.639999866485596,4.539999961853027,4.599999904632568,252239362,yfinance,False
2025-08-15,4.217840671539307,4.449999809265137,4.539999961853027,4.429999828338623,4.53000020980835,349622817,yfinance,False
2025-08-18,4.160971164703369,4.389999866485596,4.46999979019165,4.380000114440918,4.440000057220459,409915510,yfinance,False
2025-08-19,4.160971164703369,4.389999866485596,4.420000076293945,4.389999866485596,4.409999847412109,232688093,yfinance,False
2025-08-20,4.1988844871521,4.429999828338623,4.46999979019165,4.389999866485596,4.400000095367432,261043643,yfinance,False
2025-08-21,4.189405918121338,4.420000076293945,4.449999809265137,4.409999847412109,4.440000057220459,163810718,yfinance,False
2025-08-22,4.1988844871521,4.429999828338623,4.449999809265137,4.400000095367432,4.440000057220459,164251197,yfinance,False
2025-08-25,4.189405918121338,4.420000076293945,4.480000019073486,4.409999847412109,4.449999809265137,264586470,yfinance,False
2025-08-26,4.104101181030273,4.329999923706055,4.429999828338623,4.329999923706055,4.420000076293945,360595843,yfinance,False
2025-08-27,4.085144996643066,4.309999942779541,4.380000114440918,4.300000190734863,4.349999904632568,285009586,yfinance,False
2025-08-28,4.094623565673828,4.320000171661377,4.349999904632568,4.289999961853027,4.309999942779541,325579729,yfinance,False
2025-08-29,4.037753582000732,4.260000228881836,4.360000133514404,4.260000228881836,4.320000171661377,296033372,yfinance,False
2025-09-01,4.085144996643066,4.309999942779541,4.329999923706055,4.25,4.260000228881836,313869783,yfinance,False
2025-09-02,4.123057842254639,4.349999904632568,4.389999866485596,4.260000228881836,4.309999942779541,316645073,yfinance,False
2025-09-03,4.085144996643066,4.309999942779541,4.389999866485596,4.300000190734863,4.360000133514404,282734053,yfinance,False
2025-09-04,4.094623565673828,4.320000171661377,4.360000133514404,4.300000190734863,4.329999923706055,238255928,yfinance,False
2025-09-05,4.104101181030273,4.329999923706055,4.360000133514404,4.300000190734863,4.320000171661377,360554805,yfinance,False
2025-09-08,4.104101181030273,4.329999923706055,4.369999885559082,4.309999942779541,4.329999923706055,373298508,yfinance,False
2025-09-09,4.142014503479004,4.369999885559082,4.400000095367432,4.329999923706055,4.329999923706055,217473567,yfinance,False
2025-09-10,4.227319240570068,4.460000038146973,4.480000019073486,4.369999885559082,4.389999866485596,263502041,yfinance,False
2025-09-11,4.227319240570068,4.460000038146973,4.480000019073486,4.420000076293945,4.440000057220459,188681791,yfinance,False
2025-09-12,4.227319240570068,4.460000038146973,4.5,4.440000057220459,4.489999771118164,220456167,yfinance,False
2025-09-15,4.189405918121338,4.420000076293945,4.480000019073486,4.409999847412109,4.449999809265137,163237418,yfinance,False
2025-09-16,4.1988844871521,4.429999828338623,4.460000038146973,4.420000076293945,4.449999809265137,179649891,yfinance,False
2025-09-17,4.217840671539307,4.449999809265137,4.460000038146973,4.409999847412109,4.420000076293945,190432352,yfinance,False
2025-09-18,4.151493072509766,4.380000114440918,4.460000038146973,4.360000133514404,4.429999828338623,233995644,yfinance,False
2025-09-19,4.104101181030273,4.329999923706055,4.380000114440918,4.320000171661377,4.360000133514404,438654612,yfinance,False
2025-09-22,4.0567097663879395,4.28000020980835,4.340000152587891,4.260000228881836,4.329999923706055,270339534,yfinance,False
2025-09-23,4.0567097663879395,4.28000020980835,4.320000171661377,4.260000228881836,4.300000190734863,192645258,yfinance,False
2025-09-24,4.047231674194336,4.269999980926514,4.309999942779541,4.239999771118164,4.28000020980835,252005454,yfinance,False
2025-09-25,3.952448606491089,4.170000076293945,4.269999980926514,4.159999847412109,4.269999980926514,356961305,yfinance,False
2025-09-26,3.9808833599090576,4.199999809265137,4.21999979019165,4.130000114440918,4.159999847412109,196862083,yfinance,False
2025-09-29,4.009318828582764,4.230000019073486,4.260000228881836,4.190000057220459,4.199999809265137,252015413,yfinance,False
2025-09-30,4.037753582000732,4.260000228881836,4.260000228881836,4.179999828338623,4.21999979019165,226203571,yfinance,False
2025-10-02,4.037753582000732,4.260000228881836,4.28000020980835,4.230000019073486,4.260000228881836,112152210,yfinance,False
2025-10-03,4.009318828582764,4.230000019073486,4.260000228881836,4.199999809265137,4.25,91863035,yfinance,False
2025-10-06,3.9808833599090576,4.199999809265137,4.25,4.199999809265137,4.210000038146973,59828827,yfinance,False
2025-10-08,3.9429702758789062,4.159999847412109,4.210000038146973,4.130000114440918,4.199999809265137,281441289,yfinance,False
2025-10-09,3.971405267715454,4.190000057220459,4.21999979019165,4.150000095367432,4.159999847412109,213059626,yfinance,False
2025-10-10,3.9808833599090576,4.199999809265137,4.230000019073486,4.159999847412109,4.179999828338623,197659230,yfinance,False
2025-10-13,3.9619269371032715,4.179999828338623,4.199999809265137,4.110000133514404,4.159999847412109,298684814,yfinance,False
2025-10-14,3.9808833599090576,4.199999809265137,4.269999980926514,4.150000095367432,4.170000076293945,319846704,yfinance,False
2025-10-15,4.028275012969971,4.25,4.269999980926514,4.199999809265137,4.25,268756264,yfinance,False
2025-10-16,4.075666904449463,4.300000190734863,4.320000171661377,4.230000019073486,4.239999771118164,212921649,yfinance,False
2025-10-17,4.0567097663879395,4.28000020980835,4.340000152587891,4.25,4.300000190734863,218990663,yfinance,False
2025-10-20,4.104101181030273,4.329999923706055,4.340000152587891,4.269999980926514,4.329999923706055,177451421,yfinance,False
2025-10-21,4.142014503479004,4.369999885559082,4.389999866485596,4.340000152587891,4.340000152587891,143299782,yfinance,False
2025-10-22,4.1325364112854,4.360000133514404,4.400000095367432,4.340000152587891,4.369999885559082,136121469,yfinance,False
2025-10-23,4.170449733734131,4.400000095367432,4.409999847412109,4.349999904632568,4.349999904632568,213903563,yfinance,False
2025-10-24,4.160971164703369,4.389999866485596,4.409999847412109,4.369999885559082,4.409999847412109,142454985,yfinance,False
2025-10-27,4.189405918121338,4.420000076293945,4.440000057220459,4.360000133514404,4.429999828338623,232974843,yfinance,False
2025-10-28,4.208362579345703,4.440000057220459,4.460000038146973,4.400000095367432,4.440000057220459,177711676,yfinance,False
2025-10-30,4.217840671539307,4.449999809265137,4.550000190734863,4.429999828338623,4.46999979019165,382631479,yfinance,False
2025-10-31,4.170449733734131,4.400000095367432,4.480000019073486,4.400000095367432,4.460000038146973,278191282,yfinance,False
2025-11-03,4.2747111320495605,4.510000228881836,4.519999980926514,4.409999847412109,4.409999847412109,291351275,yfinance,False
2025-11-04,4.284189224243164,4.519999980926514,4.559999942779541,4.5,4.510000228881836,242320723,yfinance,False
2025-11-05,4.293667316436768,4.53000020980835,4.539999961853027,4.480000019073486,4.5,211197068,yfinance,False
2025-11-06,4.331580638885498,4.570000171661377,4.579999923706055,4.519999980926514,4.53000020980835,195573065,yfinance,False
2025-11-07,4.341058731079102,4.579999923706055,4.599999904632568,4.550000190734863,4.570000171661377,196160908,yfinance,False
2025-11-10,4.3694939613342285,4.610000133514404,4.619999885559082,4.570000171661377,4.579999923706055,193274928,yfinance,False
2025-11-11,4.426363468170166,4.670000076293945,4.670000076293945,4.630000114440918,4.630000114440918,197730220,yfinance,False
2025-11-12,4.4642767906188965,4.710000038146973,4.739999771118164,4.679999828338623,4.690000057220459,237595385,yfinance,False
2025-11-13,4.502189636230469,4.75,4.78000020980835,4.699999809265137,4.710000038146973,333027809,yfinance,False
2025-11-14,4.492711544036865,4.739999771118164,4.78000020980835,4.71999979019165,4.730000019073486,278450824,yfinance,False
2025-11-17,4.4737548828125,4.71999979019165,4.760000228881836,4.679999828338623,4.739999771118164,205049931,yfinance,False
2025-11-18,4.407406806945801,4.650000095367432,4.710000038146973,4.630000114440918,4.699999809265137,209442287,yfinance,False
2025-11-19,4.416884899139404,4.659999847412109,4.71999979019165,4.630000114440918,4.650000095367432,165781493,yfinance,False
2025-11-20,4.502189636230469,4.75,4.78000020980835,4.670000076293945,4.699999809265137,365645048,yfinance,False
2025-11-21,4.416884899139404,4.659999847412109,4.739999771118164,4.650000095367432,4.730000019073486,311713867,yfinance,False
2025-11-24,4.4737548828125,4.71999979019165,4.730000019073486,4.659999847412109,4.690000057220459,518920050,yfinance,False
2025-11-25,4.502189636230469,4.75,4.760000228881836,4.690000057220459,4.71999979019165,245657848,yfinance,False
2025-11-26,4.502189636230469,4.75,4.800000190734863,4.730000019073486,4.769999980926514,186103617,yfinance,False
2025-11-27,4.4832329750061035,4.730000019073486,4.78000020980835,4.71999979019165,4.760000228881836,231384147,yfinance,False
2025-11-28,4.435842037200928,4.679999828338623,4.739999771118164,4.659999847412109,4.730000019073486,207131488,yfinance,False
2025-12-01,4.426363468170166,4.670000076293945,4.710000038146973,4.659999847412109,4.679999828338623,170200287,yfinance,False
2025-12-02,4.446378231048584,4.570000171661377,4.599999904632568,4.53000020980835,4.599999904632568,202775383,yfinance,False
2025-12-03,4.3588128089904785,4.480000019073486,4.590000152587891,4.460000038146973,4.559999942779541,216102736,yfinance,False
2025-12-04,4.388001441955566,4.510000228881836,4.519999980926514,4.46999979019165,4.489999771118164,179678560,yfinance,False
2025-12-05,4.426919460296631,4.550000190734863,4.550000190734863,4.46999979019165,4.5,220361996,yfinance,False
2025-12-08,4.310164928436279,4.429999828338623,4.550000190734863,4.429999828338623,4.550000190734863,255542118,yfinance,False
2025-12-09,4.28097677230835,4.400000095367432,4.449999809265137,4.389999866485596,4.429999828338623,190455942,yfinance,False
2025-12-10,4.271247386932373,4.389999866485596,4.400000095367432,4.360000133514404,4.389999866485596,187332014,yfinance,False
2025-12-11,4.271247386932373,4.389999866485596,4.420000076293945,4.369999885559082,4.389999866485596,128280337,yfinance,False
2025-12-12,4.300436019897461,4.420000076293945,4.440000057220459,4.400000095367432,4.429999828338623,188301156,yfinance,False
2025-12-15,4.28097677230835,4.400000095367432,4.440000057220459,4.380000114440918,4.380000114440918,144563536,yfinance,False
2025-12-16,4.203141212463379,4.320000171661377,4.400000095367432,4.309999942779541,4.380000114440918,170229408,yfinance,False
2025-12-17,4.222599983215332,4.340000152587891,4.349999904632568,4.300000190734863,4.309999942779541,101946268,yfinance,False
2025-12-18,4.2615180015563965,4.380000114440918,4.389999866485596,4.320000171661377,4.349999904632568,126896709,yfinance,False
2025-12-19,4.300436019897461,4.420000076293945,4.420000076293945,4.380000114440918,4.380000114440918,206216468,yfinance,False
2025-12-22,4.28097677230835,4.400000095367432,4.440000057220459,4.389999866485596,4.440000057220459,110208378,yfinance,False
2025-12-23,4.310164928436279,4.429999828338623,4.460000038146973,4.400000095367432,4.409999847412109,120692303,yfinance,False
2025-12-24,4.310164928436279,4.429999828338623,4.429999828338623,4.429999828338623,4.429999828338623,0,yfinance,False
2025-12-29,4.319894790649414,4.440000057220459,4.5,4.400000095367432,4.440000057220459,189888783,yfinance,False
2025-12-30,4.368542194366455,4.489999771118164,4.53000020980835,4.409999847412109,4.440000057220459,257503742,yfinance,False
2025-12-31,4.339353561401367,4.460000038146973,4.460000038146973,4.460000038146973,4.460000038146973,0,yfinance,False
2026-01-02,4.4074602127075195,4.53000020980835,4.53000020980835,4.420000076293945,4.46999979019165,121486888,yfinance,False
2026-01-05,4.339353561401367,4.460000038146973,4.53000020980835,4.440000057220459,4.519999980926514,231111497,yfinance,False
2026-01-06,4.329624176025391,4.449999809265137,4.5,4.420000076293945,4.46999979019165,284846550,yfinance,False
2026-01-07,4.329624176025391,4.449999809265137,4.480000019073486,4.429999828338623,4.46999979019165,179250226,yfinance,False
2026-01-08,4.300436019897461,4.420000076293945,4.460000038146973,4.400000095367432,4.449999809265137,142165694,yfinance,False
2026-01-09,4.271247386932373,4.389999866485596,4.449999809265137,4.380000114440918,4.429999828338623,151581673,yfinance,False
2026-01-12,4.319894790649414,4.440000057220459,4.440000057220459,4.349999904632568,4.409999847412109,131527516,yfinance,False
2026-01-13,4.3588128089904785,4.480000019073486,4.519999980926514,4.429999828338623,4.449999809265137,202729818,yfinance,False
2026-01-14,4.3588128089904785,4.480000019073486,4.489999771118164,4.420000076293945,4.46999979019165,211264127,yfinance,False
2026-01-15,4.397730827331543,4.519999980926514,4.550000190734863,4.480000019073486,4.480000019073486,188924971,yfinance,False
2026-01-16,4.378271579742432,4.5,4.559999942779541,4.480000019073486,4.519999980926514,206633277,yfinance,False
2026-01-19,4.368542194366455,4.489999771118164,4.539999961853027,4.440000057220459,4.460000038146973,137351320,yfinance,False
2026-01-20,4.349082946777344,4.46999979019165,4.510000228881836,4.460000038146973,4.5,128659776,yfinance,False
2026-01-21,4.339353561401367,4.460000038146973,4.53000020980835,4.440000057220459,4.489999771118164,112085600,yfinance,False
2026-01-22,4.349082946777344,4.46999979019165,4.5,4.449999809265137,4.46999979019165,156256430,yfinance,False
2026-01-23,4.339353561401367,4.460000038146973,4.5,4.449999809265137,4.5,154522439,yfinance,False
2026-01-26,4.349082946777344,4.46999979019165,4.53000020980835,4.440000057220459,4.46999979019165,99389094,yfinance,False
2026-01-27,4.388001441955566,4.510000228881836,4.559999942779541,4.46999979019165,4.480000019073486,169503458,yfinance,False
2026-01-28,4.543673038482666,4.670000076293945,4.670000076293945,4.519999980926514,4.559999942779541,375705350,yfinance,False
2026-01-29,4.63123893737793,4.760000228881836,4.769999980926514,4.650000095367432,4.650000095367432,337821637,yfinance,False
2026-01-30,4.543673038482666,4.670000076293945,4.760000228881836,4.659999847412109,4.739999771118164,284537281,yfinance,False
2026-02-02,4.495025634765625,4.619999885559082,4.670000076293945,4.579999923706055,4.659999847412109,229729453,yfinance,False
2026-02-03,4.475566387176514,4.599999904632568,4.679999828338623,4.599999904632568,4.619999885559082,180374871,yfinance,False
2026-02-04,4.524214267730713,4.650000095367432,4.679999828338623,4.590000152587891,4.630000114440918,142989678,yfinance,False
2026-02-05,4.553402423858643,4.679999828338623,4.690000057220459,4.619999885559082,4.639999866485596,168176035,yfinance,False
2026-02-06,4.5339436531066895,4.659999847412109,4.679999828338623,4.590000152587891,4.659999847412109,201672576,yfinance,False
2026-02-09,4.572861194610596,4.699999809265137,4.730000019073486,4.659999847412109,4.699999809265137,125338863,yfinance,False
2026-02-10,4.592320442199707,4.71999979019165,4.739999771118164,4.699999809265137,4.710000038146973,125889726,yfinance,False
2026-02-11,4.592320442199707,4.71999979019165,4.75,4.679999828338623,4.739999771118164,163973635,yfinance,False
2026-02-12,4.592320442199707,4.71999979019165,4.739999771118164,4.699999809265137,4.730000019073486,111363992,yfinance,False
2026-02-13,4.524214267730713,4.650000095367432,4.699999809265137,4.630000114440918,4.690000057220459,122307489,yfinance,False
2026-02-16,4.543673038482666,4.670000076293945,4.670000076293945,4.670000076293945,4.670000076293945,0,yfinance,False
2026-02-20,4.543673038482666,4.670000076293945,4.710000038146973,4.610000133514404,4.670000076293945,110347681,yfinance,False
2026-02-23,4.63123893737793,4.760000228881836,4.760000228881836,4.699999809265137,4.710000038146973,127633955,yfinance,False
2026-02-24,4.563132286071777,4.690000057220459,4.730000019073486,4.670000076293945,4.710000038146973,137375383,yfinance,False
2026-02-25,4.553402423858643,4.679999828338623,4.71999979019165,4.670000076293945,4.71999979019165,131100721,yfinance,False
2026-02-26,4.524214267730713,4.650000095367432,4.71999979019165,4.639999866485596,4.71999979019165,135349211,yfinance,False
2026-02-27,4.514484405517578,4.639999866485596,4.659999847412109,4.579999923706055,4.639999866485596,253247424,yfinance,False
2026-03-02,4.4074602127075195,4.53000020980835,4.599999904632568,4.510000228881836,4.590000152587891,290571011,yfinance,False
2026-03-03,4.436648368835449,4.559999942779541,4.619999885559082,4.510000228881836,4.519999980926514,240045734,yfinance,False
2026-03-04,4.349082946777344,4.46999979019165,4.53000020980835,4.429999828338623,4.519999980926514,286826307,yfinance,False
2026-03-05,4.349082946777344,4.46999979019165,4.539999961853027,4.46999979019165,4.489999771118164,180400958,yfinance,False
2026-03-06,4.397730827331543,4.519999980926514,4.539999961853027,4.460000038146973,4.46999979019165,147758173,yfinance,False
2026-03-09,4.3588128089904785,4.480000019073486,4.489999771118164,4.389999866485596,4.449999809265137,311071285,yfinance,False
2026-03-10,4.368542194366455,4.489999771118164,4.519999980926514,4.46999979019165,4.5,207429328,yfinance,False
2026-03-11,4.388001441955566,4.510000228881836,4.510000228881836,4.460000038146973,4.480000019073486,225055687,yfinance,False
2026-03-12,4.426919460296631,4.550000190734863,4.559999942779541,4.46999979019165,4.5,178728388,yfinance,False
2026-03-13,4.426919460296631,4.550000190734863,4.570000171661377,4.5,4.539999961853027,167207595,yfinance,False
2026-03-16,4.4561076164245605,4.579999923706055,4.599999904632568,4.5,4.550000190734863,187985689,yfinance,False
2026-03-17,4.524214267730713,4.650000095367432,4.650000095367432,4.570000171661377,4.570000171661377,189478074,yfinance,False
2026-03-18,4.553402423858643,4.679999828338623,4.699999809265137,4.630000114440918,4.670000076293945,193820363,yfinance,False
2026-03-19,4.543673038482666,4.670000076293945,4.699999809265137,4.619999885559082,4.630000114440918,183839043,yfinance,False
2026-03-20,4.572861194610596,4.699999809265137,4.730000019073486,4.659999847412109,4.699999809265137,311994345,yfinance,False
2026-03-23,4.465837478637695,4.590000152587891,4.670000076293945,4.570000171661377,4.650000095367432,314198053,yfinance,False
2026-03-24,4.572861194610596,4.699999809265137,4.699999809265137,4.619999885559082,4.619999885559082,288914745,yfinance,False
2026-03-25,4.670156478881836,4.800000190734863,4.800000190734863,4.690000057220459,4.730000019073486,474379494,yfinance,False
2026-03-26,4.7090744972229,4.840000152587891,4.889999866485596,4.78000020980835,4.78000020980835,397112832,yfinance,False
2026-03-27,4.728533744812012,4.860000133514404,4.880000114440918,4.78000020980835,4.840000152587891,344520170,yfinance,False
2026-03-30,4.757721900939941,4.889999866485596,4.920000076293945,4.78000020980835,4.800000190734863,418323732,yfinance,False
2026-03-31,4.835557460784912,4.96999979019165,4.96999979019165,4.880000114440918,4.889999866485596,431422658,yfinance,False
2026-04-01,4.874475955963135,5.010000228881836,5.019999980926514,4.960000038146973,5.0,343698026,yfinance,False
2026-04-02,4.923123359680176,5.059999942779541,5.059999942779541,4.980000019073486,5.0,345126457,yfinance,False
2026-04-08,4.874475955963135,5.010000228881836,5.090000152587891,4.980000019073486,5.079999923706055,287768215,yfinance,False
2026-04-09,4.893935203552246,5.03000020980835,5.050000190734863,4.960000038146973,5.010000228881836,191877882,yfinance,False
2026-04-10,4.9036641120910645,5.039999961853027,5.050000190734863,5.0,5.039999961853027,157669567,yfinance,False
2026-04-13,4.9036641120910645,5.039999961853027,5.050000190734863,5.0,5.010000228881836,153471912,yfinance,False
2026-04-14,4.971770763397217,5.110000133514404,5.119999885559082,5.019999980926514,5.039999961853027,203974553,yfinance,False
2026-04-15,4.991230010986328,5.130000114440918,5.150000095367432,5.099999904632568,5.119999885559082,172923392,yfinance,False
2026-04-16,4.991230010986328,5.130000114440918,5.150000095367432,5.099999904632568,5.139999866485596,165627354,yfinance,False
2026-04-17,4.971770763397217,5.110000133514404,5.130000114440918,5.070000171661377,5.070000171661377,150441896,yfinance,False
2026-04-20,5.069065570831299,5.210000038146973,5.230000019073486,5.110000133514404,5.130000114440918,198724046,yfinance,False
2026-04-21,5.107983589172363,5.25,5.260000228881836,5.210000038146973,5.210000038146973,180172610,yfinance,False
2026-04-22,4.971770763397217,5.110000133514404,5.239999771118164,5.099999904632568,5.230000019073486,194487595,yfinance,False
2026-04-23,5.0009589195251465,5.139999866485596,5.179999828338623,5.090000152587891,5.119999885559082,120322544,yfinance,False
2026-04-24,5.010688781738281,5.150000095367432,5.159999847412109,5.079999923706055,5.130000114440918,155038727,yfinance,False
2026-04-27,4.981500148773193,5.119999885559082,5.170000076293945,5.099999904632568,5.159999847412109,133129630,yfinance,False
2026-04-28,4.981500148773193,5.119999885559082,5.130000114440918,5.059999942779541,5.099999904632568,186809887,yfinance,False
2026-04-29,5.039876937866211,5.179999828338623,5.199999809265137,5.119999885559082,5.139999866485596,256172417,yfinance,False
2026-04-30,4.923123359680176,5.059999942779541,5.179999828338623,5.050000190734863,5.150000095367432,258839216,yfinance,False
2026-05-04,4.952311992645264,5.090000152587891,5.179999828338623,5.079999923706055,5.150000095367432,110559195,yfinance,False
2026-05-05,4.913393974304199,5.050000190734863,5.079999923706055,5.019999980926514,5.059999942779541,100508991,yfinance,False
2026-05-06,5.010688781738281,5.150000095367432,5.150000095367432,5.070000171661377,5.110000133514404,169412948,yfinance,False
2026-05-07,5.0009589195251465,5.139999866485596,5.179999828338623,5.110000133514404,5.150000095367432,182470153,yfinance,False
2026-05-08,4.971770763397217,5.110000133514404,5.159999847412109,5.099999904632568,5.139999866485596,206332400,yfinance,False
2026-05-11,5.030147552490234,5.170000076293945,5.190000057220459,5.079999923706055,5.099999904632568,201859464,yfinance,False
2026-05-12,5.0982537269592285,5.239999771118164,5.25,5.150000095367432,5.150000095367432,273930219,yfinance,False
2026-05-13,5.078794956207275,5.21999979019165,5.28000020980835,5.210000038146973,5.230000019073486,226167052,yfinance,False
2026-05-14,5.146901607513428,5.289999961853027,5.329999923706055,5.230000019073486,5.289999961853027,246974175,yfinance,False
2026-05-15,5.078794956207275,5.21999979019165,5.289999961853027,5.190000057220459,5.28000020980835,161577762,yfinance,False
2026-05-18,5.069065570831299,5.210000038146973,5.25,5.170000076293945,5.190000057220459,180964754,yfinance,False
2026-05-19,5.127442836761475,5.269999980926514,5.320000171661377,5.190000057220459,5.210000038146973,197130879,yfinance,False
2026-05-20,5.08852481842041,5.230000019073486,5.269999980926514,5.179999828338623,5.25,158652489,yfinance,False
2026-05-21,5.059336185455322,5.199999809265137,5.25,5.190000057220459,5.239999771118164,154323396,yfinance,False
2026-05-22,5.08852481842041,5.230000019073486,5.260000228881836,5.170000076293945,5.199999809265137,198603095,yfinance,False
2026-05-26,5.059336185455322,5.199999809265137,5.28000020980835,5.159999847412109,5.199999809265137,214654079,yfinance,False
2026-05-27,5.049606800079346,5.190000057220459,5.21999979019165,5.150000095367432,5.199999809265137,191824809,yfinance,False
2026-05-28,4.991230010986328,5.130000114440918,5.170000076293945,5.059999942779541,5.159999847412109,293645846,yfinance,False
2026-05-29,5.069065570831299,5.210000038146973,5.210000038146973,5.090000152587891,5.119999885559082,371788291,yfinance,False
2026-06-01,5.078794956207275,5.21999979019165,5.239999771118164,5.159999847412109,5.179999828338623,200852742,yfinance,False
2026-06-02,5.166360378265381,5.309999942779541,5.329999923706055,5.190000057220459,5.190000057220459,247134036,yfinance,False
2026-06-03,5.127442836761475,5.269999980926514,5.320000171661377,5.21999979019165,5.28000020980835,122714678,yfinance,False
2026-06-04,5.107983589172363,5.25,5.28000020980835,5.230000019073486,5.260000228881836,117348391,yfinance,False
2026-06-05,5.166360378265381,5.309999942779541,5.320000171661377,5.25,5.260000228881836,165493743,yfinance,False
2026-06-08,5.21500825881958,5.360000133514404,5.389999866485596,5.269999980926514,5.269999980926514,255453216,yfinance,False
2026-06-09,5.24419641494751,5.389999866485596,5.449999809265137,5.340000152587891,5.360000133514404,360713808,yfinance,False
2026-06-10,5.273385047912598,5.420000076293945,5.449999809265137,5.340000152587891,5.380000114440918,254191992,yfinance,False
2026-06-11,5.224737644195557,5.369999885559082,5.440000057220459,5.360000133514404,5.420000076293945,185235830,yfinance,False
2026-06-12,5.3804097175598145,5.53000020980835,5.53000020980835,5.340000152587891,5.389999866485596,277548892,yfinance,False
2026-06-15,5.341491222381592,5.489999771118164,5.610000133514404,5.460000038146973,5.559999942779541,284485623,yfinance,False
2026-06-16,5.322032451629639,5.46999979019165,5.539999961853027,5.420000076293945,5.489999771118164,205237893,yfinance,False
2026-06-17,5.176090240478516,5.320000171661377,5.510000228881836,5.289999961853027,5.489999771118164,248745182,yfinance,False
2026-06-18,5.127442836761475,5.269999980926514,5.320000171661377,5.190000057220459,5.289999961853027,336363117,yfinance,False
2026-06-22,5.127442836761475,5.269999980926514,5.300000190734863,5.179999828338623,5.230000019073486,300265305,yfinance,False
2026-06-23,5.195549011230469,5.340000152587891,5.380000114440918,5.28000020980835,5.28000020980835,268271917,yfinance,False
2026-06-24,5.127442836761475,5.269999980926514,5.400000095367432,5.25,5.380000114440918,247029080,yfinance,False
2026-06-25,4.855016708374023,4.989999771118164,5.28000020980835,4.900000095367432,5.28000020980835,577755370,yfinance,False
2026-06-26,4.923123359680176,5.059999942779541,5.079999923706055,4.909999847412109,4.960000038146973,516177697,yfinance,False
2026-06-29,4.952311992645264,5.090000152587891,5.139999866485596,5.019999980926514,5.079999923706055,261673267,yfinance,False
2026-06-30,4.855016708374023,4.989999771118164,5.090000152587891,4.960000038146973,5.050000190734863,461664483,yfinance,False
2026-07-02,4.809999942779541,4.809999942779541,4.989999771118164,4.769999980926514,4.869999885559082,376237528,yfinance,False
2026-07-03,4.809999942779541,4.809999942779541,4.869999885559082,4.760000228881836,4.849999904632568,195383439,yfinance,False
2026-07-06,4.820000171661377,4.820000171661377,4.860000133514404,4.75,4.820000171661377,198839254,yfinance,False
2026-07-07,4.820000171661377,4.820000171661377,4.860000133514404,4.760000228881836,4.769999980926514,181614071,yfinance,False
2026-07-08,5.090000152587891,5.090000152587891,5.090000152587891,4.840000152587891,4.849999904632568,294050686,yfinance,False
2026-07-09,5.010000228881836,5.010000228881836,5.110000133514404,5.0,5.059999942779541,262345369,yfinance,False
2026-07-10,5.090000152587891,5.090000152587891,5.139999866485596,5.03000020980835,5.070000171661377,270075602,yfinance,False
2026-07-13,5.099999904632568,5.099999904632568,5.139999866485596,5.050000190734863,5.070000171661377,145756603,yfinance,False
2026-07-14,5.070000171661377,5.070000171661377,5.110000133514404,5.03000020980835,5.099999904632568,141133755,yfinance,False
2026-07-15,5.039999961853027,5.039999961853027,5.090000152587891,5.03000020980835,5.070000171661377,144219446,yfinance,False
2026-07-16,5.099999904632568,5.099999904632568,5.159999847412109,5.059999942779541,5.070000171661377,157324960,yfinance,False
2026-07-17,5.079999923706055,5.079999923706055,5.150000095367432,5.03000020980835,5.130000114440918,177752860,yfinance,False
2026-07-20,5.260000228881836,5.260000228881836,5.269999980926514,5.070000171661377,5.130000114440918,247331044,yfinance,False
2026-07-21,5.190000057220459,5.190000057220459,5.300000190734863,5.179999828338623,5.25,239225923,yfinance,False
2026-07-22,5.190000057220459,5.190000057220459,5.230000019073486,5.150000095367432,5.150000095367432,181646882,yfinance,False
2026-07-23,5.309999942779541,5.309999942779541,5.320000171661377,5.230000019073486,5.239999771118164,220319314,yfinance,False
2026-07-24,5.329999923706055,5.329999923706055,5.349999904632568,5.260000228881836,5.28000020980835,171907384,yfinance,False
2026-07-27,5.380000114440918,5.380000114440918,5.400000095367432,5.300000190734863,5.320000171661377,155471658,yfinance,False
2026-07-28,5.449999809265137,5.449999809265137,5.489999771118164,5.369999885559082,5.369999885559082,206450003,yfinance,False
2026-07-29,5.480000019073486,5.480000019073486,5.510000228881836,5.409999847412109,5.480000019073486,203063662,yfinance,False
2026-07-30,5.539999961853027,5.539999961853027,5.550000190734863,5.460000038146973,5.480000019073486,243613619,yfinance,False
2026-07-31,5.510000228881836,5.510000228881836,5.519999980926514,5.380000114440918,5.5,246442294,yfinance,False
2026-08-03,5.485000133514404,5.485000133514404,5.579999923706055,5.434999942779541,5.539999961853027,139140074,yfinance,False
2026-08-04,5.335000038146973,5.335000038146973,5.5,5.304999828338623,5.485000133514404,189325159,yfinance,False
2026-08-05,5.269999980926514,5.269999980926514,5.329999923706055,5.244999885559082,5.300000190734863,127551965,yfinance,False
2026-08-06,5.28000020980835,5.28000020980835,5.284999847412109,5.204999923706055,5.230000019073486,108240492,yfinance,False
2026-08-07,5.230000019073486,5.230000019073486,5.300000190734863,5.199999809265137,5.28000020980835,123003835,yfinance,False
2026-08-10,5.284999847412109,5.284999847412109,5.300000190734863,5.199999809265137,5.264999866485596,124277895,yfinance,False
2026-08-11,5.260000228881836,5.260000228881836,5.320000171661377,5.235000133514404,5.289999961853027,92865345,yfinance,False
2026-08-12,5.204999923706055,5.204999923706055,5.260000228881836,5.184999942779541,5.260000228881836,82813812,yfinance,False
2026-08-13,5.284999847412109,5.284999847412109,5.284999847412109,5.179999828338623,5.204999923706055,148667106,yfinance,False
2026-08-14,5.25,5.25,5.284999847412109,5.235000133514404,5.275000095367432,86970517,yfinance,False
2026-08-17,5.304999828338623,5.304999828338623,5.335000038146973,5.28000020980835,5.289999961853027,97641843,yfinance,False
2026-08-18,5.320000171661377,5.320000171661377,5.360000133514404,5.255000114440918,5.284999847412109,135126369,yfinance,False
2026-08-19,5.409999847412109,5.409999847412109,5.425000190734863,5.315000057220459,5.335000038146973,228368357,yfinance,False
2026-08-20,5.440000057220459,5.440000057220459,5.460000038146973,5.380000114440918,5.414999961853027,136658132,yfinance,False
2026-08-21,5.505000114440918,5.505000114440918,5.525000095367432,5.440000057220459,5.440000057220459,208720032,yfinance,False
2026-08-24,5.485000133514404,5.485000133514404,5.514999866485596,5.460000038146973,5.485000133514404,132371685,yfinance,False
2026-08-25,5.545000076293945,5.545000076293945,5.59499979019165,5.505000114440918,5.519999980926514,218637850,yfinance,False
2026-08-26,5.554999828338623,5.554999828338623,5.625,5.545000076293945,5.559999942779541,125530428,yfinance,False
2026-08-27,5.505000114440918,5.505000114440918,5.599999904632568,5.454999923706055,5.554999828338623,111103682,yfinance,False
2026-08-28,5.579999923706055,5.579999923706055,5.59499979019165,5.46999979019165,5.480000019073486,160754166,yfinance,False
2026-08-31,5.900000095367432,5.900000095367432,5.900000095367432,5.559999942779541,5.579999923706055,682624195,yfinance,False
2026-09-01,5.974999904632568,5.974999904632568,5.980000019073486,5.835000038146973,5.860000133514404,315242158,yfinance,False
2026-09-02,6.0,6.0,6.03000020980835,5.940000057220459,5.974999904632568,219609111,yfinance,False
2026-09-03,5.949999809265137,5.949999809265137,6.070000171661377,5.929999828338623,6.03000020980835,189102730,yfinance,False
2026-09-04,6.065000057220459,6.065000057220459,6.139999866485596,6.005000114440918,6.005000114440918,316017412,yfinance,False
2026-09-07,5.945000171661377,5.945000171661377,6.099999904632568,5.909999847412109,6.099999904632568,183083517,yfinance,False
2026-09-08,5.875,5.875,5.920000076293945,5.855000019073486,5.864999771118164,120469011,yfinance,False
2026-09-09,5.914999961853027,5.914999961853027,5.974999904632568,5.835000038146973,5.869999885559082,125144800,yfinance,False
2026-09-10,5.96999979019165,5.96999979019165,5.985000133514404,5.864999771118164,5.900000095367432,144773828,yfinance,False
2026-09-11,6.045000076293945,6.045000076293945,6.045000076293945,5.894999980926514,5.929999828338623,294765807,yfinance,False
2026-09-14,6.085000038146973,6.085000038146973,6.114999771118164,6.019999980926514,6.070000171661377,166636475,yfinance,False
2026-09-15,5.954999923706055,5.954999923706055,6.079999923706055,5.929999828338623,6.079999923706055,116170238,yfinance,False
2026-09-16,5.980000019073486,5.980000019073486,6.005000114440918,5.920000076293945,5.974999904632568,99198149,yfinance,False
2026-09-17,5.989999771118164,5.989999771118164,6.005000114440918,5.864999771118164,5.940000057220459,150946336,yfinance,False
2026-09-18,5.985000133514404,5.985000133514404,6.03000020980835,5.945000171661377,6.03000020980835,201122653,yfinance,False
2026-09-21,6.059999942779541,6.059999942779541,6.065000057220459,5.949999809265137,5.985000133514404,135539470,yfinance,False
2026-09-22,6.019999980926514,6.019999980926514,6.059999942779541,5.96999979019165,6.059999942779541,106935297,yfinance,False
2026-09-23,6.0,6.0,6.03000020980835,5.929999828338623,6.0,106984828,yfinance,False
2026-09-24,6.039999961853027,6.039999961853027,6.079999923706055,5.949999809265137,5.960000038146973,111791041,yfinance,False
2026-09-25,5.980000019073486,5.980000019073486,6.019999980926514,5.960000038146973,6.0,87859819,yfinance,False
2026-09-28,6.074999809265137,6.074999809265137,6.130000114440918,5.980000019073486,6.019999980926514,156972547,yfinance,False
2026-09-29,6.014999866485596,6.014999866485596,6.09499979019165,5.989999771118164,6.074999809265137,199538890,yfinance,False
2026-09-30,6.085000038146973,6.085000038146973,6.114999771118164,5.96999979019165,5.980000019073486,222362727,yfinance,False
2026-10-02,5.920000076293945,5.920000076293945,6.0,5.889999866485596,5.989999771118164,148282720,yfinance,False
2026-10-05,5.920000076293945,5.920000076293945,5.929999828338623,5.855000019073486,5.909999847412109,60986313,yfinance,False
2026-10-06,6.014999866485596,6.014999866485596,6.014999866485596,5.954999923706055,5.980000019073486,78341893,yfinance,False
2026-10-07,5.985000133514404,5.985000133514404,6.025000095367432,5.980000019073486,6.0,33607022,yfinance,False
2026-10-08,,,6.114999771118164,5.949999809265137,5.960000038146973,201265183,yfinance,False
