Date,Adj Close,Close,High,Low,Open,Volume,source,is_stale
2019-11-26,186.16249084472656,187.60000610351562,189.5,187.0,187.0,74549578,yfinance,False
2019-11-27,191.71958923339844,193.1999969482422,195.3000030517578,189.3000030517578,190.0,53617241,yfinance,False
2019-11-28,202.43682861328125,204.0,204.1999969482422,196.89999389648438,197.0,41816834,yfinance,False
2019-11-29,196.87974548339844,198.39999389648438,204.8000030517578,197.5,204.0,36509531,yfinance,False
2019-12-02,194.001953125,195.5,198.89999389648438,194.0,198.0,26592325,yfinance,False
2019-12-03,191.1241912841797,192.60000610351562,194.1999969482422,190.39999389648438,191.6999969482422,19911922,yfinance,False
2019-12-04,187.55177307128906,189.0,191.60000610351562,188.5,190.0,19276308,yfinance,False
2019-12-05,190.9257049560547,192.39999389648438,193.8000030517578,190.89999389648438,191.39999389648438,17932572,yfinance,False
2019-12-06,195.98663330078125,197.5,198.10000610351562,195.39999389648438,196.10000610351562,19205791,yfinance,False
2019-12-09,195.09353637695312,196.60000610351562,198.3000030517578,196.0,197.0,8558132,yfinance,False
2019-12-10,193.90272521972656,195.39999389648438,196.5,193.6999969482422,195.0,6639899,yfinance,False
2019-12-11,196.08587646484375,197.60000610351562,198.39999389648438,195.39999389648438,196.1999969482422,6534411,yfinance,False
2019-12-12,198.66595458984375,200.1999969482422,201.1999969482422,199.60000610351562,199.60000610351562,8825275,yfinance,False
2019-12-13,200.45216369628906,202.0,203.0,199.39999389648438,202.8000030517578,18576570,yfinance,False
2019-12-16,199.45982360839844,201.0,202.8000030517578,200.0,201.60000610351562,6616578,yfinance,False
2019-12-17,202.23837280273438,203.8000030517578,205.8000030517578,202.1999969482422,203.1999969482422,11225195,yfinance,False
2019-12-18,201.0475616455078,202.60000610351562,203.8000030517578,201.60000610351562,203.8000030517578,8179646,yfinance,False
2019-12-19,203.23069763183594,204.8000030517578,205.39999389648438,202.60000610351562,204.0,7525360,yfinance,False
2019-12-20,205.41384887695312,207.0,208.39999389648438,204.8000030517578,205.0,16804751,yfinance,False
2019-12-23,206.80311584472656,208.39999389648438,210.1999969482422,207.8000030517578,209.0,9892858,yfinance,False
2019-12-24,208.78778076171875,210.39999389648438,211.0,209.0,209.8000030517578,7770434,yfinance,False
2019-12-27,211.16940307617188,212.8000030517578,213.60000610351562,210.8000030517578,211.0,10774808,yfinance,False
2019-12-30,208.9862518310547,210.60000610351562,212.0,210.39999389648438,211.0,9970904,yfinance,False
2019-12-31,205.61228942871094,207.1999969482422,208.1999969482422,206.1999969482422,207.8000030517578,8813067,yfinance,False
2020-01-02,208.39085388183594,210.0,211.0,208.0,208.0,9516678,yfinance,False
2020-01-03,210.3755340576172,212.0,215.0,211.1999969482422,215.0,11307103,yfinance,False
2020-01-06,209.38319396972656,211.0,211.8000030517578,209.1999969482422,211.0,11303411,yfinance,False
2020-01-07,210.97091674804688,212.60000610351562,214.0,211.60000610351562,211.8000030517578,11676599,yfinance,False
2020-01-08,209.1847381591797,210.8000030517578,211.60000610351562,207.8000030517578,210.0,15095573,yfinance,False
2020-01-09,213.9479522705078,215.60000610351562,215.8000030517578,213.1999969482422,214.0,12261435,yfinance,False
2020-01-10,216.32955932617188,218.0,219.0,216.39999389648438,216.60000610351562,11860220,yfinance,False
2020-01-13,221.0927734375,222.8000030517578,224.60000610351562,219.60000610351562,219.8000030517578,17692255,yfinance,False
2020-01-14,221.8866424560547,223.60000610351562,227.39999389648438,222.8000030517578,225.0,16784465,yfinance,False
2020-01-15,219.1081085205078,220.8000030517578,221.60000610351562,218.1999969482422,220.1999969482422,21735164,yfinance,False
2020-01-16,217.71881103515625,219.39999389648438,220.60000610351562,218.60000610351562,219.39999389648438,12993720,yfinance,False
2020-01-17,218.71115112304688,220.39999389648438,221.1999969482422,216.1999969482422,218.8000030517578,21245436,yfinance,False
2020-01-20,218.5126953125,220.1999969482422,222.8000030517578,220.1999969482422,221.0,11229916,yfinance,False
2020-01-21,214.1464080810547,215.8000030517578,219.0,214.60000610351562,218.0,20241728,yfinance,False
2020-01-22,216.7264862060547,218.39999389648438,219.8000030517578,212.39999389648438,215.8000030517578,14632484,yfinance,False
2020-01-23,211.76480102539062,213.39999389648438,216.8000030517578,212.1999969482422,216.0,16013394,yfinance,False
2020-01-24,212.9556121826172,214.60000610351562,215.39999389648438,211.8000030517578,213.39999389648438,7583855,yfinance,False
2020-01-29,205.81077575683594,207.39999389648438,209.60000610351562,205.60000610351562,205.8000030517578,24946947,yfinance,False
2020-01-30,200.25367736816406,201.8000030517578,207.1999969482422,199.8000030517578,207.1999969482422,26416987,yfinance,False
2020-01-31,198.86441040039062,200.39999389648438,204.8000030517578,199.60000610351562,204.8000030517578,18257747,yfinance,False
2020-02-03,203.42916870117188,205.0,206.0,200.0,201.1999969482422,23784275,yfinance,False
2020-02-04,211.56634521484375,213.1999969482422,214.8000030517578,207.1999969482422,208.39999389648438,25035681,yfinance,False
2020-02-05,213.9479522705078,215.60000610351562,218.60000610351562,214.0,215.60000610351562,23975014,yfinance,False
2020-02-06,215.73414611816406,217.39999389648438,219.1999969482422,213.8000030517578,215.1999969482422,18777127,yfinance,False
2020-02-07,213.7494659423828,215.39999389648438,216.1999969482422,214.1999969482422,215.0,14223318,yfinance,False
2020-02-10,210.97091674804688,212.60000610351562,214.8000030517578,211.1999969482422,211.1999969482422,23432236,yfinance,False
2020-02-11,210.57400512695312,212.1999969482422,213.60000610351562,207.1999969482422,211.8000030517578,29376694,yfinance,False
2020-02-12,213.35252380371094,215.0,215.8000030517578,210.1999969482422,212.0,24402441,yfinance,False
2020-02-13,215.53567504882812,217.1999969482422,218.0,215.0,217.39999389648438,20547490,yfinance,False
2020-02-14,213.35252380371094,215.0,217.0,213.8000030517578,214.39999389648438,15926098,yfinance,False
2020-02-17,215.73414611816406,217.39999389648438,217.8000030517578,213.39999389648438,214.39999389648438,15531105,yfinance,False
2020-02-18,212.3601837158203,214.0,216.0,213.39999389648438,215.8000030517578,13177196,yfinance,False
2020-02-19,212.3601837158203,214.0,216.8000030517578,214.0,214.60000610351562,10179246,yfinance,False
2020-02-20,213.9479522705078,215.60000610351562,216.8000030517578,213.8000030517578,216.8000030517578,12728604,yfinance,False
2020-02-21,210.97091674804688,212.60000610351562,214.0,212.0,213.0,15106823,yfinance,False
2020-02-24,203.62762451171875,205.1999969482422,207.60000610351562,205.0,206.39999389648438,30852998,yfinance,False
2020-02-25,205.0169219970703,206.60000610351562,207.39999389648438,203.0,203.39999389648438,23465654,yfinance,False
2020-02-26,201.44447326660156,203.0,204.39999389648438,201.0,201.8000030517578,29014994,yfinance,False
2020-02-27,203.62762451171875,205.1999969482422,205.60000610351562,201.39999389648438,203.0,23397941,yfinance,False
2020-02-28,198.4674835205078,200.0,202.0,199.5,200.60000610351562,38816951,yfinance,False
2020-03-02,203.03224182128906,204.60000610351562,205.0,200.60000610351562,201.1999969482422,17004513,yfinance,False
2020-03-03,201.64295959472656,203.1999969482422,206.60000610351562,202.39999389648438,206.1999969482422,19156355,yfinance,False
2020-03-04,200.65061950683594,202.1999969482422,203.1999969482422,200.60000610351562,203.0,14553445,yfinance,False
2020-03-05,205.61228942871094,207.1999969482422,208.1999969482422,204.0,205.1999969482422,19343293,yfinance,False
2020-03-06,202.23837280273438,203.8000030517578,205.1999969482422,202.8000030517578,205.0,12734463,yfinance,False
2020-03-09,192.0172882080078,193.5,198.5,193.5,193.5,56936906,yfinance,False
2020-03-10,197.77285766601562,199.3000030517578,201.0,193.60000610351562,197.0,28569375,yfinance,False
2020-03-11,195.490478515625,197.0,200.39999389648438,196.6999969482422,200.0,17860192,yfinance,False
2020-03-12,187.3533172607422,188.8000030517578,192.1999969482422,187.1999969482422,192.0,41842108,yfinance,False
2020-03-13,190.23109436035156,191.6999969482422,194.0,177.0,178.8000030517578,53292364,yfinance,False
2020-03-16,177.92608642578125,179.3000030517578,185.10000610351562,178.0,185.0,47207430,yfinance,False
2020-03-17,181.79620361328125,183.1999969482422,185.89999389648438,175.0,182.0,36872240,yfinance,False
2020-03-18,171.6743621826172,173.0,181.8000030517578,172.8000030517578,177.8000030517578,58603973,yfinance,False
2020-03-19,172.6667022705078,174.0,176.5,167.60000610351562,176.10000610351562,34599488,yfinance,False
2020-03-20,181.5977325439453,183.0,183.0,177.0,177.0,27899247,yfinance,False
2020-03-23,168.69735717773438,170.0,176.89999389648438,170.0,172.5,37535058,yfinance,False
2020-03-24,173.16287231445312,174.5,175.0,170.1999969482422,173.6999969482422,26729551,yfinance,False
2020-03-25,178.32302856445312,179.6999969482422,181.6999969482422,177.8000030517578,181.0,28012053,yfinance,False
2020-03-26,179.51382446289062,180.89999389648438,182.39999389648438,178.3000030517578,181.0,17816738,yfinance,False
2020-03-27,182.49085998535156,183.89999389648438,186.0,182.89999389648438,186.0,23922455,yfinance,False
2020-03-30,178.91842651367188,180.3000030517578,182.10000610351562,177.5,180.1999969482422,18129547,yfinance,False
2020-03-31,181.9946746826172,183.39999389648438,185.6999969482422,182.6999969482422,185.1999969482422,13598127,yfinance,False
2020-04-01,182.59007263183594,184.0,187.39999389648438,181.10000610351562,185.39999389648438,22814764,yfinance,False
2020-04-02,184.5747528076172,186.0,186.5,182.1999969482422,183.1999969482422,12304930,yfinance,False
2020-04-03,182.2923583984375,183.6999969482422,184.89999389648438,182.60000610351562,183.5,9290512,yfinance,False
2020-04-06,187.1548309326172,188.60000610351562,189.6999969482422,185.1999969482422,186.0,18253609,yfinance,False
2020-04-07,190.0325927734375,191.5,191.6999969482422,188.5,191.5,16381930,yfinance,False
2020-04-08,188.64334106445312,190.10000610351562,191.5,189.0,189.39999389648438,9180063,yfinance,False
2020-04-09,190.23109436035156,191.6999969482422,191.89999389648438,189.3000030517578,191.3000030517578,13161858,yfinance,False
2020-04-14,195.490478515625,197.0,198.0,194.0,194.0,18233007,yfinance,False
2020-04-15,196.38356018066406,197.89999389648438,201.1999969482422,196.8000030517578,199.0,20722474,yfinance,False
2020-04-16,201.2460174560547,202.8000030517578,202.8000030517578,199.89999389648438,200.0,19818106,yfinance,False
2020-04-17,206.00924682617188,207.60000610351562,211.8000030517578,206.1999969482422,210.0,33397811,yfinance,False
2020-04-20,204.22303771972656,205.8000030517578,207.60000610351562,203.39999389648438,205.39999389648438,22875450,yfinance,False
2020-04-21,202.6352996826172,204.1999969482422,207.8000030517578,200.60000610351562,207.0,17778769,yfinance,False
2020-04-22,204.0245819091797,205.60000610351562,206.60000610351562,200.60000610351562,201.0,12962733,yfinance,False
2020-04-23,202.83375549316406,204.39999389648438,205.1999969482422,202.39999389648438,204.39999389648438,16359183,yfinance,False
2020-04-24,196.48280334472656,198.0,200.60000610351562,197.3000030517578,198.60000610351562,23966198,yfinance,False
2020-04-27,199.06288146972656,200.60000610351562,202.39999389648438,198.5,198.5,13936896,yfinance,False
2020-04-28,197.4751434326172,199.0,199.1999969482422,196.3000030517578,198.0,19944823,yfinance,False
2020-04-29,195.490478515625,197.0,197.89999389648438,196.5,196.5,14850119,yfinance,False
2020-05-04,188.24639892578125,189.6999969482422,189.89999389648438,188.1999969482422,189.8000030517578,26903568,yfinance,False
2020-05-05,187.05560302734375,188.5,189.1999969482422,186.89999389648438,187.6999969482422,27110375,yfinance,False
2020-05-06,192.1165313720703,193.60000610351562,195.60000610351562,189.5,189.89999389648438,23022901,yfinance,False
2020-05-07,189.04026794433594,190.5,190.89999389648438,189.5,189.89999389648438,20506910,yfinance,False
2020-05-08,191.9180450439453,193.39999389648438,194.8000030517578,191.60000610351562,192.5,17851592,yfinance,False
2020-05-11,197.17742919921875,198.6999969482422,199.5,196.5,196.89999389648438,19839300,yfinance,False
2020-05-12,198.16978454589844,199.6999969482422,199.6999969482422,197.1999969482422,198.89999389648438,14037259,yfinance,False
2020-05-13,194.79583740234375,196.3000030517578,197.39999389648438,194.3000030517578,195.5,26074457,yfinance,False
2020-05-14,193.00962829589844,194.5,195.89999389648438,194.10000610351562,194.5,19248894,yfinance,False
2020-05-15,195.39122009277344,196.89999389648438,197.10000610351562,194.10000610351562,195.0,16672799,yfinance,False
2020-05-18,201.44447326660156,203.0,203.0,197.39999389648438,198.3000030517578,26818890,yfinance,False
2020-05-19,208.19241333007812,209.8000030517578,211.8000030517578,205.60000610351562,210.0,45308325,yfinance,False
2020-05-20,209.38319396972656,211.0,211.60000610351562,208.60000610351562,211.0,22533385,yfinance,False
2020-05-21,204.6199493408203,206.1999969482422,209.60000610351562,205.60000610351562,209.39999389648438,23271613,yfinance,False
2020-05-22,196.68125915527344,198.1999969482422,205.0,196.0,205.0,40226609,yfinance,False
2020-05-25,196.68125915527344,198.1999969482422,199.60000610351562,190.3000030517578,193.6999969482422,40103124,yfinance,False
2020-05-26,199.45982360839844,201.0,203.1999969482422,200.0,200.0,26834881,yfinance,False
2020-05-27,195.78817749023438,197.3000030517578,199.60000610351562,196.10000610351562,198.89999389648438,33136407,yfinance,False
2020-05-28,192.0172882080078,193.5,196.5,191.5,195.39999389648438,30919109,yfinance,False
2020-05-29,192.8111572265625,194.3000030517578,196.3000030517578,192.0,193.0,19459191,yfinance,False
2020-06-01,201.2460174560547,202.8000030517578,204.0,200.0,200.0,26826195,yfinance,False
2020-06-02,198.4674835205078,200.0,201.8000030517578,199.5,201.60000610351562,22818103,yfinance,False
2020-06-03,207.99391174316406,209.60000610351562,209.8000030517578,206.8000030517578,208.0,38794267,yfinance,False
2020-06-04,209.38319396972656,211.0,213.0,207.39999389648438,213.0,22860283,yfinance,False
2020-06-05,210.57400512695312,212.1999969482422,213.60000610351562,209.39999389648438,212.0,22415326,yfinance,False
2020-06-08,210.7724609375,212.39999389648438,214.60000610351562,210.8000030517578,214.60000610351562,17992461,yfinance,False
2020-06-09,210.7724609375,212.39999389648438,214.60000610351562,211.60000610351562,212.8000030517578,23063431,yfinance,False
2020-06-10,213.9479522705078,215.60000610351562,216.8000030517578,213.8000030517578,214.1999969482422,19038860,yfinance,False
2020-06-11,211.36785888671875,213.0,220.60000610351562,211.8000030517578,218.0,33036598,yfinance,False
2020-06-12,210.3755340576172,212.0,214.0,207.39999389648438,208.1999969482422,25058536,yfinance,False
2020-06-15,205.2153778076172,206.8000030517578,212.39999389648438,205.39999389648438,209.8000030517578,31716109,yfinance,False
2020-06-16,211.56634521484375,213.1999969482422,214.39999389648438,211.0,211.1999969482422,18039173,yfinance,False
2020-06-17,216.13108825683594,217.8000030517578,218.39999389648438,214.1999969482422,216.0,21385682,yfinance,False
2020-06-18,216.13108825683594,217.8000030517578,218.8000030517578,215.1999969482422,218.8000030517578,16168952,yfinance,False
2020-06-19,217.32188415527344,219.0,219.8000030517578,216.1999969482422,217.0,27295880,yfinance,False
2020-06-22,211.36785888671875,213.0,216.1999969482422,212.60000610351562,216.1999969482422,28166629,yfinance,False
2020-06-23,218.31422424316406,220.0,220.0,212.0,216.0,40290287,yfinance,False
2020-06-24,219.7034912109375,221.39999389648438,224.8000030517578,221.39999389648438,222.8000030517578,30207600,yfinance,False
2020-06-26,212.9556121826172,214.60000610351562,217.0,214.39999389648438,217.0,33158894,yfinance,False
2020-06-29,207.79544067382812,209.39999389648438,211.60000610351562,208.60000610351562,211.0,33824007,yfinance,False
2020-06-30,207.99391174316406,209.60000610351562,212.1999969482422,208.39999389648438,210.60000610351562,24171917,yfinance,False
2020-07-02,212.7571258544922,214.39999389648438,215.0,210.1999969482422,211.8000030517578,31018228,yfinance,False
2020-07-03,219.1081085205078,220.8000030517578,221.39999389648438,217.1999969482422,220.0,31233712,yfinance,False
2020-07-06,223.67283630371094,225.39999389648438,226.8000030517578,223.0,224.0,42489587,yfinance,False
2020-07-07,230.61920166015625,232.39999389648438,239.0,232.0,233.1999969482422,46585757,yfinance,False
2020-07-08,235.9778289794922,237.8000030517578,238.60000610351562,231.0,231.0,31883443,yfinance,False
2020-07-09,259.5954895019531,261.6000061035156,263.79998779296875,252.0,254.8000030517578,61690256,yfinance,False
2020-07-10,253.44296264648438,255.39999389648438,262.0,253.0,257.0,44519242,yfinance,False
2020-07-13,252.4506378173828,254.39999389648438,258.3999938964844,251.1999969482422,254.0,30979669,yfinance,False
2020-07-14,238.55789184570312,240.39999389648438,246.39999389648438,238.39999389648438,244.39999389648438,53646972,yfinance,False
2020-07-15,241.53492736816406,243.39999389648438,245.1999969482422,239.0,244.0,23131222,yfinance,False
2020-07-16,231.41307067871094,233.1999969482422,242.8000030517578,231.60000610351562,242.8000030517578,34282035,yfinance,False
2020-07-17,236.9701690673828,238.8000030517578,240.60000610351562,233.39999389648438,235.39999389648438,20224245,yfinance,False
2020-07-20,237.76405334472656,239.60000610351562,241.8000030517578,235.1999969482422,238.0,11353749,yfinance,False
2020-07-21,255.03070068359375,257.0,257.6000061035156,250.8000030517578,251.8000030517578,45185546,yfinance,False
2020-07-22,246.09967041015625,248.0,254.8000030517578,247.60000610351562,251.39999389648438,36503672,yfinance,False
2020-07-23,244.7104034423828,246.60000610351562,248.0,242.0,245.0,31183903,yfinance,False
2020-07-24,237.16864013671875,239.0,244.39999389648438,237.1999969482422,244.1999969482422,27470849,yfinance,False
2020-07-27,237.16864013671875,239.0,244.1999969482422,235.60000610351562,240.8000030517578,18243796,yfinance,False
2020-07-28,242.72572326660156,244.60000610351562,245.60000610351562,242.8000030517578,244.0,14674368,yfinance,False
2020-07-29,241.13800048828125,243.0,244.0,241.1999969482422,242.1999969482422,10549764,yfinance,False
2020-07-30,242.9241943359375,244.8000030517578,249.60000610351562,243.39999389648438,246.0,21715110,yfinance,False
2020-07-31,244.11500549316406,246.0,249.0,245.0,249.0,14687907,yfinance,False
2020-08-03,243.7180633544922,245.60000610351562,246.60000610351562,243.39999389648438,244.8000030517578,18274346,yfinance,False
2020-08-04,251.85523986816406,253.8000030517578,255.0,250.39999389648438,250.8000030517578,24914559,yfinance,False
2020-08-05,253.8399200439453,255.8000030517578,256.0,252.0,255.8000030517578,18116054,yfinance,False
2020-08-06,255.03070068359375,257.0,257.79998779296875,253.1999969482422,257.0,15966937,yfinance,False
2020-08-07,247.29046630859375,249.1999969482422,256.20001220703125,240.60000610351562,256.0,36237559,yfinance,False
2020-08-10,240.54258728027344,242.39999389648438,244.8000030517578,240.39999389648438,244.8000030517578,26039892,yfinance,False
2020-08-11,242.1303253173828,244.0,246.8000030517578,241.60000610351562,242.0,16702416,yfinance,False
2020-08-12,241.53492736816406,243.39999389648438,244.60000610351562,238.0,242.1999969482422,15796928,yfinance,False
2020-08-13,246.2981414794922,248.1999969482422,251.0,246.1999969482422,247.8000030517578,12489234,yfinance,False
2020-08-14,244.90887451171875,246.8000030517578,248.8000030517578,244.39999389648438,246.1999969482422,12607886,yfinance,False
2020-08-17,240.93951416015625,242.8000030517578,246.60000610351562,241.1999969482422,242.60000610351562,20853111,yfinance,False
2020-08-18,250.06903076171875,252.0,252.60000610351562,247.60000610351562,249.39999389648438,23158760,yfinance,False
2020-08-19,253.44296264648438,255.39999389648438,256.0,251.0,252.0,15227171,yfinance,False
2020-08-20,253.04603576660156,255.0,255.8000030517578,250.39999389648438,254.0,22881516,yfinance,False
2020-08-21,250.86289978027344,252.8000030517578,258.6000061035156,250.60000610351562,251.8000030517578,32079272,yfinance,False
2020-08-24,262.3740234375,264.3999938964844,266.0,259.20001220703125,261.0,43488850,yfinance,False
2020-08-25,267.1372375488281,269.20001220703125,274.3999938964844,266.6000061035156,270.0,30708120,yfinance,False
2020-08-26,278.2513732910156,280.3999938964844,280.3999938964844,276.79998779296875,279.79998779296875,31949336,yfinance,False
2020-08-27,278.44989013671875,280.6000061035156,284.0,278.0,282.6000061035156,28072548,yfinance,False
2020-08-28,274.8774719238281,277.0,279.6000061035156,275.20001220703125,277.0,29542320,yfinance,False
2020-08-31,280.63299560546875,282.79998779296875,287.6000061035156,281.0,282.79998779296875,26933353,yfinance,False
2020-09-01,280.63299560546875,282.79998779296875,285.3999938964844,278.20001220703125,279.0,24207208,yfinance,False
2020-09-02,288.9686584472656,291.20001220703125,292.0,287.3999938964844,290.0,24662027,yfinance,False
2020-09-03,282.0223083496094,284.20001220703125,289.20001220703125,283.3999938964844,287.79998779296875,28987875,yfinance,False
2020-09-04,271.9004211425781,274.0,275.3999938964844,265.20001220703125,268.0,78861798,yfinance,False
2020-09-07,263.5648498535156,265.6000061035156,274.6000061035156,265.3999938964844,271.20001220703125,47493625,yfinance,False
2020-09-08,267.5341491699219,269.6000061035156,271.79998779296875,262.20001220703125,270.0,27608738,yfinance,False
2020-09-09,261.1832275390625,263.20001220703125,264.6000061035156,258.6000061035156,262.0,27066740,yfinance,False
2020-09-10,260.5877990722656,262.6000061035156,268.0,262.0,266.79998779296875,25531787,yfinance,False
2020-09-11,263.96173095703125,266.0,267.0,260.79998779296875,263.3999938964844,20757663,yfinance,False
2020-09-14,266.1448974609375,268.20001220703125,268.6000061035156,264.0,266.79998779296875,16063671,yfinance,False
2020-09-15,265.35101318359375,267.3999938964844,269.6000061035156,266.20001220703125,268.0,19666515,yfinance,False
2020-09-16,270.90814208984375,273.0,273.0,269.20001220703125,269.79998779296875,20927130,yfinance,False
2020-09-17,265.7479553222656,267.79998779296875,271.6000061035156,265.6000061035156,270.79998779296875,19364862,yfinance,False
2020-09-18,267.5341491699219,269.6000061035156,269.6000061035156,264.3999938964844,266.6000061035156,20935638,yfinance,False
2020-09-21,259.99237060546875,262.0,268.20001220703125,262.0,267.0,20930001,yfinance,False
2020-09-22,262.7709045410156,264.79998779296875,267.0,262.3999938964844,267.0,16372015,yfinance,False
2020-09-23,264.9540710449219,267.0,269.20001220703125,264.79998779296875,266.79998779296875,20296916,yfinance,False
2020-09-24,259.00006103515625,261.0,265.3999938964844,261.0,264.0,16462927,yfinance,False
2020-09-25,256.0230407714844,258.0,264.3999938964844,255.39999389648438,264.3999938964844,15319675,yfinance,False
2020-09-28,261.38165283203125,263.3999938964844,264.6000061035156,261.20001220703125,262.0,11818697,yfinance,False
2020-09-29,263.3663330078125,265.3999938964844,270.0,265.3999938964844,268.20001220703125,16607941,yfinance,False
2020-09-30,273.4881896972656,275.6000061035156,276.0,268.79998779296875,269.3999938964844,35325185,yfinance,False
2020-10-05,279.8391418457031,282.0,285.0,278.6000061035156,285.0,25233089,yfinance,False
2020-10-06,277.8544616699219,280.0,281.20001220703125,277.3999938964844,279.79998779296875,18023022,yfinance,False
2020-10-07,285.99163818359375,288.20001220703125,289.0,282.6000061035156,283.79998779296875,21555736,yfinance,False
2020-10-08,287.38092041015625,289.6000061035156,289.79998779296875,285.20001220703125,289.79998779296875,17175080,yfinance,False
2020-10-09,284.0069580078125,286.20001220703125,293.0,283.79998779296875,291.0,22209544,yfinance,False
2020-10-12,289.7625732421875,292.0,293.0,287.6000061035156,288.0,15212791,yfinance,False
2020-10-14,295.319580078125,297.6000061035156,298.0,294.6000061035156,298.0,27640402,yfinance,False
2020-10-15,282.6176452636719,284.79998779296875,291.0,284.20001220703125,290.3999938964844,26871063,yfinance,False
2020-10-16,291.7472229003906,294.0,294.0,288.79998779296875,290.0,18581210,yfinance,False
2020-10-19,294.9226989746094,297.20001220703125,299.3999938964844,295.3999938964844,298.20001220703125,19704407,yfinance,False
2020-10-20,297.1058044433594,299.3999938964844,300.3999938964844,296.20001220703125,297.79998779296875,19447954,yfinance,False
2020-10-21,297.8996887207031,300.20001220703125,301.6000061035156,299.20001220703125,301.20001220703125,17439667,yfinance,False
2020-10-22,297.70123291015625,300.0,301.6000061035156,297.0,298.6000061035156,14381076,yfinance,False
2020-10-23,295.716552734375,298.0,300.3999938964844,297.0,297.79998779296875,15074407,yfinance,False
2020-10-27,297.70123291015625,300.0,300.6000061035156,294.20001220703125,296.6000061035156,18285289,yfinance,False
2020-10-28,305.0445251464844,307.3999938964844,309.3999938964844,304.20001220703125,304.3999938964844,27847200,yfinance,False
2020-10-29,300.28131103515625,302.6000061035156,305.6000061035156,299.0,300.0,24070737,yfinance,False
2020-10-30,290.9533386230469,293.20001220703125,303.0,292.6000061035156,301.0,26853552,yfinance,False
2020-11-02,295.5180969238281,297.79998779296875,298.3999938964844,291.3999938964844,298.3999938964844,18371445,yfinance,False
2020-11-03,297.50274658203125,299.79998779296875,301.6000061035156,299.0,300.3999938964844,17260262,yfinance,False
2020-11-04,275.0759582519531,277.20001220703125,282.0,272.0,272.0,101173866,yfinance,False
2020-11-05,292.34259033203125,294.6000061035156,294.6000061035156,285.6000061035156,285.6000061035156,42593676,yfinance,False
2020-11-06,279.8391418457031,282.0,289.79998779296875,282.0,282.79998779296875,52373045,yfinance,False
2020-11-09,287.976318359375,290.20001220703125,293.0,289.3999938964844,291.3999938964844,35794135,yfinance,False
2020-11-10,273.2897033691406,275.3999938964844,283.79998779296875,273.0,283.3999938964844,63855746,yfinance,False
2020-11-11,246.49661254882812,248.39999389648438,258.79998779296875,248.39999389648438,255.0,116686276,yfinance,False
2020-11-12,251.06137084960938,253.0,258.6000061035156,252.1999969482422,257.79998779296875,54771508,yfinance,False
2020-11-13,255.03070068359375,257.0,260.0,252.39999389648438,258.6000061035156,42011134,yfinance,False
2020-11-16,252.05369567871094,254.0,254.60000610351562,245.0,253.39999389648438,40495713,yfinance,False
2020-11-17,247.88589477539062,249.8000030517578,255.60000610351562,249.8000030517578,255.0,27731447,yfinance,False
2020-11-18,248.08433532714844,250.0,252.0,247.60000610351562,251.0,21190712,yfinance,False
2020-11-19,243.3211212158203,245.1999969482422,250.0,245.0,250.0,19558960,yfinance,False
2020-11-20,251.06137084960938,253.0,255.0,249.1999969482422,251.0,24969028,yfinance,False
2020-11-23,261.97705078125,264.0,266.20001220703125,260.6000061035156,263.20001220703125,44892281,yfinance,False
2020-11-24,267.9311218261719,270.0,274.6000061035156,267.79998779296875,273.0,41400443,yfinance,False
2020-11-25,264.9540710449219,267.0,275.0,264.6000061035156,274.79998779296875,27982144,yfinance,False
2020-11-26,266.93878173828125,269.0,271.79998779296875,267.20001220703125,270.0,18539582,yfinance,False
2020-11-27,267.5341491699219,269.6000061035156,271.0,267.20001220703125,271.0,11575149,yfinance,False
2020-11-30,259.3970031738281,261.3999938964844,264.79998779296875,258.6000061035156,264.0,19453729,yfinance,False
2020-12-01,255.22918701171875,257.20001220703125,259.6000061035156,254.60000610351562,256.79998779296875,19622885,yfinance,False
2020-12-02,253.2445068359375,255.1999969482422,257.20001220703125,254.0,257.0,17518631,yfinance,False
2020-12-03,255.4276123046875,257.3999938964844,258.3999938964844,254.60000610351562,255.1999969482422,14374923,yfinance,False
2020-12-04,261.97705078125,264.0,266.6000061035156,258.3999938964844,259.0,28041474,yfinance,False
2020-12-07,256.0230407714844,258.0,261.20001220703125,255.0,261.0,16021766,yfinance,False
2020-12-08,256.0230407714844,258.0,259.20001220703125,255.39999389648438,257.0,11781749,yfinance,False
2020-12-09,258.80157470703125,260.79998779296875,262.79998779296875,259.3999938964844,262.0,17024320,yfinance,False
2020-12-10,253.44296264648438,255.39999389648438,256.20001220703125,253.0,255.60000610351562,21316945,yfinance,False
2020-12-11,256.41998291015625,258.3999938964844,260.6000061035156,257.0,259.0,12567160,yfinance,False
2020-12-14,249.67210388183594,251.60000610351562,258.79998779296875,250.0,258.79998779296875,22655912,yfinance,False
2020-12-15,244.11500549316406,246.0,250.0,245.0,250.0,27969305,yfinance,False
2020-12-16,249.07669067382812,251.0,252.39999389648438,246.8000030517578,248.8000030517578,16279191,yfinance,False
2020-12-17,256.0230407714844,258.0,258.0,254.39999389648438,255.39999389648438,18134098,yfinance,False
2020-12-18,253.6414337158203,255.60000610351562,257.3999938964844,252.60000610351562,257.3999938964844,23943869,yfinance,False
2020-12-21,248.08433532714844,250.0,255.0,248.39999389648438,255.0,14314027,yfinance,False
2020-12-22,246.8935546875,248.8000030517578,252.1999969482422,247.60000610351562,252.0,12519867,yfinance,False
2020-12-23,246.49661254882812,248.39999389648438,249.8000030517578,245.1999969482422,249.1999969482422,15189316,yfinance,False
2020-12-24,226.8483428955078,228.60000610351562,228.60000610351562,228.60000610351562,228.60000610351562,0,yfinance,False
2020-12-28,208.39085388183594,210.0,219.8000030517578,207.1999969482422,219.39999389648438,104426789,yfinance,False
2020-12-29,220.2989044189453,222.0,225.0,216.1999969482422,216.1999969482422,42704055,yfinance,False
2020-12-30,234.39010620117188,236.1999969482422,236.39999389648438,229.39999389648438,229.8000030517578,40430776,yfinance,False
2020-12-31,230.4207305908203,232.1999969482422,232.1999969482422,232.1999969482422,232.1999969482422,0,yfinance,False
2021-01-04,225.8560028076172,227.60000610351562,228.60000610351562,223.39999389648438,224.8000030517578,27907724,yfinance,False
2021-01-05,221.29124450683594,223.0,224.1999969482422,219.1999969482422,220.0,35061260,yfinance,False
2021-01-06,228.23760986328125,230.0,232.60000610351562,227.8000030517578,228.0,31462508,yfinance,False
2021-01-07,219.3065643310547,221.0,221.8000030517578,216.39999389648438,221.0,47362360,yfinance,False
2021-01-08,222.4820556640625,224.1999969482422,226.39999389648438,219.60000610351562,223.39999389648438,29880895,yfinance,False
2021-01-11,219.3065643310547,221.0,230.39999389648438,220.0,227.1999969482422,49219037,yfinance,False
2021-01-12,218.31422424316406,220.0,221.0,217.1999969482422,221.0,36773693,yfinance,False
2021-01-13,222.08511352539062,223.8000030517578,225.60000610351562,221.0,221.60000610351562,25521304,yfinance,False
2021-01-14,233.1992950439453,235.0,235.39999389648438,229.39999389648438,231.8000030517578,56102214,yfinance,False
2021-01-15,239.1533203125,241.0,244.1999969482422,236.1999969482422,238.0,56724043,yfinance,False
2021-01-18,240.14566040039062,242.0,243.60000610351562,236.60000610351562,238.60000610351562,28459710,yfinance,False
2021-01-19,242.3287811279297,244.1999969482422,248.8000030517578,242.1999969482422,245.0,35728468,yfinance,False
2021-01-20,262.96942138671875,265.0,270.0,244.39999389648438,245.1999969482422,105283224,yfinance,False
2021-01-21,256.61846923828125,258.6000061035156,262.6000061035156,255.1999969482422,259.6000061035156,52014003,yfinance,False
2021-01-22,248.6797637939453,250.60000610351562,253.39999389648438,247.1999969482422,252.39999389648438,39959960,yfinance,False
2021-01-25,256.0230407714844,258.0,262.79998779296875,251.0,252.60000610351562,47792619,yfinance,False
2021-01-26,251.4582977294922,253.39999389648438,256.0,252.1999969482422,255.39999389648438,33317774,yfinance,False
2021-01-27,258.0077209472656,260.0,263.20001220703125,255.1999969482422,261.79998779296875,34684877,yfinance,False
2021-01-28,249.67210388183594,251.60000610351562,257.6000061035156,250.39999389648438,252.8000030517578,34740164,yfinance,False
2021-01-29,244.90887451171875,246.8000030517578,254.0,242.0,251.60000610351562,34866053,yfinance,False
2021-02-01,249.275146484375,251.1999969482422,252.0,245.0,246.0,27611659,yfinance,False
2021-02-02,258.0077209472656,260.0,261.3999938964844,255.8000030517578,260.0,35793652,yfinance,False
2021-02-03,259.00006103515625,261.0,266.0,247.1999969482422,249.8000030517578,58494910,yfinance,False
2021-02-04,260.1908874511719,262.20001220703125,267.3999938964844,257.3999938964844,260.79998779296875,72252607,yfinance,False
2021-02-05,256.0230407714844,258.0,261.3999938964844,256.3999938964844,259.79998779296875,30738742,yfinance,False
2021-02-08,254.435302734375,256.3999938964844,262.3999938964844,255.39999389648438,259.6000061035156,14861452,yfinance,False
2021-02-09,253.44296264648438,255.39999389648438,257.3999938964844,253.0,255.8000030517578,21534617,yfinance,False
2021-02-10,259.99237060546875,262.0,263.0,257.3999938964844,258.6000061035156,28952395,yfinance,False
2021-02-11,259.00006103515625,261.0,261.0,261.0,261.0,0,yfinance,False
2021-02-16,262.17559814453125,264.20001220703125,266.0,263.20001220703125,264.79998779296875,35490449,yfinance,False
2021-02-17,264.9540710449219,267.0,269.3999938964844,262.20001220703125,263.3999938964844,36931302,yfinance,False
2021-02-18,258.4046630859375,260.3999938964844,263.79998779296875,260.0,263.3999938964844,29507989,yfinance,False
2021-02-19,255.03070068359375,257.0,258.0,252.39999389648438,256.0,27537542,yfinance,False
2021-02-22,248.6797637939453,250.60000610351562,256.3999938964844,249.8000030517578,256.0,30923499,yfinance,False
2021-02-23,245.70274353027344,247.60000610351562,248.8000030517578,243.1999969482422,246.39999389648438,24370829,yfinance,False
2021-02-24,240.93951416015625,242.8000030517578,248.8000030517578,240.0,247.60000610351562,31209824,yfinance,False
2021-02-25,241.53492736816406,243.39999389648438,248.8000030517578,239.1999969482422,243.39999389648438,27601154,yfinance,False
2021-02-26,230.61920166015625,232.39999389648438,234.39999389648438,230.8000030517578,232.8000030517578,42971525,yfinance,False
2021-03-01,232.80235290527344,234.60000610351562,236.60000610351562,232.39999389648438,234.8000030517578,25781049,yfinance,False
2021-03-02,227.64218139648438,229.39999389648438,235.39999389648438,229.0,234.60000610351562,28438280,yfinance,False
2021-03-03,230.61920166015625,232.39999389648438,234.0,227.39999389648438,229.60000610351562,18744515,yfinance,False
2021-03-04,225.45904541015625,227.1999969482422,231.1999969482422,227.0,231.0,17756272,yfinance,False
2021-03-05,225.26058959960938,227.0,229.8000030517578,221.1999969482422,223.8000030517578,26560051,yfinance,False
2021-03-08,218.90963745117188,220.60000610351562,231.60000610351562,220.1999969482422,228.8000030517578,24540546,yfinance,False
2021-03-09,222.2835693359375,224.0,230.0,218.60000610351562,224.0,35249748,yfinance,False
2021-03-10,226.6498565673828,228.39999389648438,231.60000610351562,228.0,231.0,30292760,yfinance,False
2021-03-11,225.8560028076172,227.60000610351562,230.39999389648438,226.39999389648438,229.0,29228815,yfinance,False
2021-03-12,224.2682342529297,226.0,234.39999389648438,225.8000030517578,233.0,34231547,yfinance,False
2021-03-15,219.7034912109375,221.39999389648438,227.8000030517578,219.39999389648438,227.0,33908103,yfinance,False
2021-03-16,219.7034912109375,221.39999389648438,222.60000610351562,220.60000610351562,222.39999389648438,20868000,yfinance,False
2021-03-17,220.89430236816406,222.60000610351562,223.39999389648438,219.39999389648438,221.0,18718973,yfinance,False
2021-03-18,231.8100128173828,233.60000610351562,238.60000610351562,226.39999389648438,226.60000610351562,58621778,yfinance,False
2021-03-19,232.80235290527344,234.60000610351562,234.60000610351562,229.60000610351562,232.0,44914799,yfinance,False
2021-03-22,229.42840576171875,231.1999969482422,234.39999389648438,230.60000610351562,232.39999389648438,14508251,yfinance,False
2021-03-23,228.23760986328125,230.0,232.8000030517578,228.0,231.39999389648438,26218754,yfinance,False
2021-03-24,228.23760986328125,230.0,233.60000610351562,228.39999389648438,232.60000610351562,15811948,yfinance,False
2021-03-25,219.3065643310547,221.0,222.1999969482422,215.1999969482422,218.60000610351562,30783245,yfinance,False
2021-03-26,214.34487915039062,216.0,218.60000610351562,214.0,217.8000030517578,32976932,yfinance,False
2021-03-29,214.5433349609375,216.1999969482422,217.60000610351562,214.39999389648438,216.0,25704513,yfinance,False
2021-03-30,219.9019775390625,221.60000610351562,225.1999969482422,220.8000030517578,224.39999389648438,33848578,yfinance,False
2021-03-31,218.31422424316406,220.0,224.1999969482422,219.8000030517578,224.0,19946806,yfinance,False
2021-04-01,223.871337890625,225.60000610351562,226.1999969482422,220.60000610351562,223.0,23025316,yfinance,False
2021-04-07,220.2989044189453,222.0,225.60000610351562,221.39999389648438,224.1999969482422,24885227,yfinance,False
2021-04-08,221.29124450683594,223.0,225.0,220.8000030517578,221.8000030517578,25337633,yfinance,False
2021-04-09,216.32955932617188,218.0,223.0,216.8000030517578,223.0,22699587,yfinance,False
2021-04-12,230.4207305908203,232.1999969482422,237.60000610351562,226.60000610351562,230.0,77835113,yfinance,False
2021-04-13,231.41307067871094,233.1999969482422,241.60000610351562,232.39999389648438,240.0,35951883,yfinance,False
2021-04-14,235.9778289794922,237.8000030517578,238.0,235.0,236.60000610351562,21526494,yfinance,False
2021-04-15,232.00848388671875,233.8000030517578,234.8000030517578,230.60000610351562,234.0,20324396,yfinance,False
2021-04-16,233.79469299316406,235.60000610351562,237.39999389648438,231.60000610351562,232.0,31491743,yfinance,False
2021-04-19,230.2222900390625,232.0,234.39999389648438,231.1999969482422,232.0,24351578,yfinance,False
2021-04-20,226.45138549804688,228.1999969482422,228.60000610351562,225.1999969482422,228.39999389648438,19985710,yfinance,False
2021-04-21,220.10044860839844,221.8000030517578,222.8000030517578,220.1999969482422,222.0,21338590,yfinance,False
2021-04-22,219.7034912109375,221.39999389648438,224.39999389648438,220.60000610351562,221.8000030517578,15020535,yfinance,False
2021-04-23,222.6804962158203,224.39999389648438,226.60000610351562,222.8000030517578,223.60000610351562,16197504,yfinance,False
2021-04-26,222.87899780273438,224.60000610351562,227.8000030517578,224.39999389648438,226.0,14207473,yfinance,False
2021-04-27,224.66517639160156,226.39999389648438,228.60000610351562,225.39999389648438,226.0,14100733,yfinance,False
2021-04-28,229.82534790039062,231.60000610351562,232.0,227.0,228.8000030517578,27538276,yfinance,False
2021-04-29,229.62686157226562,231.39999389648438,233.8000030517578,230.39999389648438,233.8000030517578,13445304,yfinance,False
2021-04-30,223.27589416503906,225.0,227.39999389648438,223.39999389648438,227.0,18390472,yfinance,False
2021-05-03,222.08511352539062,223.8000030517578,226.8000030517578,222.39999389648438,225.0,10743054,yfinance,False
2021-05-04,223.47439575195312,225.1999969482422,225.60000610351562,223.0,223.39999389648438,8757722,yfinance,False
2021-05-05,218.31422424316406,220.0,222.60000610351562,219.39999389648438,221.60000610351562,15431071,yfinance,False
2021-05-06,219.9019775390625,221.60000610351562,222.8000030517578,219.60000610351562,220.8000030517578,11577986,yfinance,False
2021-05-07,218.1157684326172,219.8000030517578,222.39999389648438,219.0,221.0,15513681,yfinance,False
2021-05-10,213.551025390625,215.1999969482422,221.1999969482422,213.0,219.8000030517578,22333260,yfinance,False
2021-05-11,206.00924682617188,207.60000610351562,211.39999389648438,207.0,210.60000610351562,24014630,yfinance,False
2021-05-12,218.5126953125,220.1999969482422,220.8000030517578,214.0,215.0,31199699,yfinance,False
2021-05-13,211.56634521484375,213.1999969482422,218.0,213.1999969482422,215.8000030517578,18348468,yfinance,False
2021-05-14,203.03224182128906,204.60000610351562,205.1999969482422,200.1999969482422,202.0,52690766,yfinance,False
2021-05-17,203.8260955810547,205.39999389648438,208.8000030517578,203.1999969482422,204.60000610351562,27817583,yfinance,False
2021-05-18,206.00924682617188,207.60000610351562,208.60000610351562,206.60000610351562,207.1999969482422,18530861,yfinance,False
2021-05-20,204.4215087890625,206.0,208.0,204.39999389648438,207.0,30886478,yfinance,False
2021-05-21,206.4061737060547,208.0,210.60000610351562,206.0,210.1999969482422,38645780,yfinance,False
2021-05-24,203.42916870117188,205.0,206.0,204.0,206.0,17159113,yfinance,False
2021-05-25,204.4215087890625,206.0,207.0,203.39999389648438,203.60000610351562,23472797,yfinance,False
2021-05-26,205.41384887695312,207.0,208.60000610351562,206.39999389648438,207.8000030517578,16688924,yfinance,False
2021-05-27,207.2000732421875,208.8000030517578,208.8000030517578,205.0,205.39999389648438,31113636,yfinance,False
2021-05-28,205.81077575683594,207.39999389648438,209.39999389648438,206.60000610351562,208.39999389648438,24377407,yfinance,False
2021-05-31,209.38319396972656,211.0,211.39999389648438,207.8000030517578,208.39999389648438,21707496,yfinance,False
2021-06-01,216.52801513671875,218.1999969482422,219.60000610351562,212.39999389648438,213.60000610351562,38847778,yfinance,False
2021-06-02,212.7571258544922,214.39999389648438,215.8000030517578,212.60000610351562,215.8000030517578,31538468,yfinance,False
2021-06-03,209.1847381591797,210.8000030517578,213.8000030517578,209.60000610351562,213.8000030517578,18209307,yfinance,False
2021-06-04,208.5893096923828,210.1999969482422,213.8000030517578,208.60000610351562,208.8000030517578,39982639,yfinance,False
2021-06-07,210.3755340576172,212.0,212.60000610351562,209.0,211.60000610351562,23713310,yfinance,False
2021-06-08,208.5893096923828,210.1999969482422,212.0,208.8000030517578,211.8000030517578,14131162,yfinance,False
2021-06-09,206.4061737060547,208.0,210.39999389648438,207.1999969482422,209.1999969482422,14721409,yfinance,False
2021-06-10,206.00924682617188,207.60000610351562,211.1999969482422,206.0,208.8000030517578,15353710,yfinance,False
2021-06-11,203.62762451171875,205.1999969482422,208.0,204.39999389648438,207.8000030517578,21751657,yfinance,False
2021-06-15,204.81845092773438,206.39999389648438,209.60000610351562,204.39999389648438,209.60000610351562,16521833,yfinance,False
2021-06-16,201.8414306640625,203.39999389648438,205.39999389648438,203.39999389648438,205.39999389648438,15362004,yfinance,False
2021-06-17,202.23837280273438,203.8000030517578,204.0,201.1999969482422,202.0,12114454,yfinance,False
2021-06-18,205.41384887695312,207.0,207.60000610351562,203.8000030517578,204.39999389648438,26572314,yfinance,False
2021-06-21,203.8260955810547,205.39999389648438,207.60000610351562,203.8000030517578,206.0,14510523,yfinance,False
2021-06-22,201.44447326660156,203.0,204.39999389648438,201.8000030517578,204.0,16162775,yfinance,False
2021-06-23,205.61228942871094,207.1999969482422,207.60000610351562,204.1999969482422,205.0,16558423,yfinance,False
2021-06-24,208.5893096923828,210.1999969482422,212.60000610351562,209.1999969482422,209.60000610351562,16482032,yfinance,False
2021-06-25,213.9479522705078,215.60000610351562,216.39999389648438,211.1999969482422,212.8000030517578,29426102,yfinance,False
2021-06-28,220.2989044189453,222.0,225.0,219.1999969482422,220.8000030517578,23248108,yfinance,False
2021-06-29,217.71881103515625,219.39999389648438,222.8000030517578,218.0,222.0,22735870,yfinance,False
2021-06-30,218.31422424316406,220.0,222.8000030517578,220.0,222.0,17882516,yfinance,False
2021-07-02,210.3755340576172,212.0,216.1999969482422,210.60000610351562,216.1999969482422,27196447,yfinance,False
2021-07-05,204.4215087890625,206.0,209.8000030517578,205.0,209.0,21390710,yfinance,False
2021-07-06,207.79544067382812,209.39999389648438,209.39999389648438,203.60000610351562,205.1999969482422,18506503,yfinance,False
2021-07-07,204.22303771972656,205.8000030517578,207.0,204.39999389648438,207.0,16935600,yfinance,False
2021-07-08,195.78817749023438,197.3000030517578,203.1999969482422,197.0,202.1999969482422,37789548,yfinance,False
2021-07-09,194.001953125,195.5,196.60000610351562,189.89999389648438,195.0,35815396,yfinance,False
2021-07-12,195.8874053955078,197.39999389648438,200.8000030517578,195.3000030517578,199.3000030517578,19585720,yfinance,False
2021-07-13,203.62762451171875,205.1999969482422,207.39999389648438,197.60000610351562,199.39999389648438,30179190,yfinance,False
2021-07-14,204.81845092773438,206.39999389648438,206.8000030517578,203.8000030517578,205.1999969482422,25764588,yfinance,False
2021-07-15,208.9862518310547,210.60000610351562,214.1999969482422,206.0,206.39999389648438,45293673,yfinance,False
2021-07-16,207.79544067382812,209.39999389648438,211.60000610351562,207.8000030517578,210.39999389648438,55141154,yfinance,False
2021-07-19,201.0475616455078,202.60000610351562,205.8000030517578,201.8000030517578,205.8000030517578,43294441,yfinance,False
2021-07-20,201.2460174560547,202.8000030517578,206.39999389648438,200.39999389648438,204.0,14790988,yfinance,False
2021-07-21,201.44447326660156,203.0,206.0,201.39999389648438,205.60000610351562,14800334,yfinance,False
2021-07-22,205.81077575683594,207.39999389648438,207.60000610351562,205.39999389648438,205.60000610351562,12066102,yfinance,False
2021-07-23,203.62762451171875,205.1999969482422,208.8000030517578,203.39999389648438,208.8000030517578,11735052,yfinance,False
2021-07-26,190.62802124023438,192.10000610351562,199.1999969482422,192.0,199.1999969482422,43322099,yfinance,False
2021-07-27,178.52149963378906,179.89999389648438,188.5,174.5,183.8000030517578,66752350,yfinance,False
2021-07-28,181.79620361328125,183.1999969482422,184.60000610351562,176.1999969482422,179.5,52598759,yfinance,False
2021-07-29,195.78817749023438,197.3000030517578,197.3000030517578,189.3000030517578,191.8000030517578,57050274,yfinance,False
2021-07-30,187.55177307128906,189.0,190.6999969482422,185.60000610351562,190.39999389648438,26604358,yfinance,False
2021-08-02,190.42953491210938,191.89999389648438,193.3000030517578,187.1999969482422,189.0,24424086,yfinance,False
2021-08-03,192.0172882080078,193.5,195.5,187.1999969482422,195.5,25920558,yfinance,False
2021-08-04,190.82647705078125,192.3000030517578,194.5,186.5,191.3000030517578,23029276,yfinance,False
2021-08-05,191.0249481201172,192.5,197.60000610351562,191.8000030517578,194.89999389648438,21169911,yfinance,False
2021-08-06,192.0172882080078,193.5,194.3000030517578,190.3000030517578,192.1999969482422,15486524,yfinance,False
2021-08-09,187.25405883789062,188.6999969482422,191.60000610351562,185.10000610351562,187.0,28015589,yfinance,False
2021-08-10,191.421875,192.89999389648438,192.89999389648438,187.60000610351562,190.0,17983679,yfinance,False
2021-08-11,189.7349090576172,191.1999969482422,192.39999389648438,188.39999389648438,190.60000610351562,13796247,yfinance,False
2021-08-12,187.25405883789062,188.6999969482422,190.8000030517578,186.39999389648438,190.0,14517317,yfinance,False
2021-08-13,182.59007263183594,184.0,185.8000030517578,181.5,185.5,21527678,yfinance,False
2021-08-16,179.0176544189453,180.39999389648438,183.89999389648438,179.60000610351562,183.89999389648438,19542473,yfinance,False
2021-08-17,170.4835662841797,171.8000030517578,178.89999389648438,171.0,177.89999389648438,42641139,yfinance,False
2021-08-18,170.28509521484375,171.60000610351562,172.6999969482422,169.39999389648438,170.0,23291029,yfinance,False
2021-08-19,160.85791015625,162.10000610351562,169.39999389648438,160.3000030517578,168.60000610351562,45396323,yfinance,False
2021-08-20,156.6900634765625,157.89999389648438,160.6999969482422,155.10000610351562,158.10000610351562,54863086,yfinance,False
2021-08-23,150.9345245361328,152.10000610351562,160.0,151.1999969482422,155.89999389648438,69681080,yfinance,False
2021-08-24,165.22418212890625,166.5,166.60000610351562,156.3000030517578,156.8000030517578,52107427,yfinance,False
2021-08-25,162.8425750732422,164.10000610351562,172.3000030517578,162.39999389648438,170.8000030517578,53797802,yfinance,False
2021-08-26,160.9571075439453,162.1999969482422,165.89999389648438,160.10000610351562,164.3000030517578,25997432,yfinance,False
2021-08-27,154.70538330078125,155.89999389648438,163.10000610351562,153.6999969482422,160.6999969482422,51566566,yfinance,False
2021-08-30,156.98777770996094,158.1999969482422,160.10000610351562,154.3000030517578,155.89999389648438,33016759,yfinance,False
2021-08-31,164.23182678222656,165.5,165.5,154.6999969482422,158.5,49830778,yfinance,False
2021-09-01,163.9341278076172,165.1999969482422,167.60000610351562,161.6999969482422,163.5,36318509,yfinance,False
2021-09-02,169.689697265625,171.0,171.89999389648438,167.60000610351562,170.0,32232099,yfinance,False
2021-09-03,163.6364288330078,164.89999389648438,168.5,164.0,168.39999389648438,48210742,yfinance,False
2021-09-06,166.71267700195312,168.0,168.0,163.8000030517578,164.5,24264531,yfinance,False
2021-09-07,168.69735717773438,170.0,171.8000030517578,168.3000030517578,168.39999389648438,24179489,yfinance,False
2021-09-08,169.59043884277344,170.89999389648438,173.39999389648438,169.3000030517578,170.0,24995877,yfinance,False
2021-09-09,159.76632690429688,161.0,166.10000610351562,160.3000030517578,165.0,28379942,yfinance,False
2021-09-10,166.61343383789062,167.89999389648438,168.1999969482422,163.39999389648438,163.6999969482422,27766697,yfinance,False
2021-09-13,159.56784057617188,160.8000030517578,163.0,156.89999389648438,161.5,25905101,yfinance,False
2021-09-14,157.08700561523438,158.3000030517578,162.10000610351562,156.39999389648438,160.39999389648438,22361537,yfinance,False
2021-09-15,152.81996154785156,154.0,156.89999389648438,153.60000610351562,155.5,28239189,yfinance,False
2021-09-16,150.339111328125,151.5,153.89999389648438,149.10000610351562,153.60000610351562,33935111,yfinance,False
2021-09-17,153.7130584716797,154.89999389648438,155.6999969482422,150.1999969482422,150.60000610351562,30179321,yfinance,False
2021-09-20,150.339111328125,151.5,154.3000030517578,150.6999969482422,154.1999969482422,17981515,yfinance,False
2021-09-21,147.56056213378906,148.6999969482422,149.5,145.5,146.0,23944111,yfinance,False
2021-09-23,147.2628631591797,148.39999389648438,150.8000030517578,146.39999389648438,148.0,32529431,yfinance,False
2021-09-24,143.19430541992188,144.3000030517578,148.3000030517578,143.8000030517578,146.6999969482422,30354881,yfinance,False
2021-09-27,140.8126678466797,141.89999389648438,145.5,141.1999969482422,142.1999969482422,31609172,yfinance,False
2021-09-28,149.74371337890625,150.89999389648438,153.0,144.5,145.39999389648438,42597994,yfinance,False
2021-09-29,147.16363525390625,148.3000030517578,149.3000030517578,145.5,148.3000030517578,24903515,yfinance,False
2021-09-30,141.11038208007812,142.1999969482422,144.89999389648438,141.0,144.89999389648438,38043224,yfinance,False
2021-10-04,135.95021057128906,137.0,143.5,136.39999389648438,143.5,41840351,yfinance,False
2021-10-05,134.26324462890625,135.3000030517578,135.89999389648438,132.0,132.0,30437300,yfinance,False
2021-10-06,136.24790954589844,137.3000030517578,139.1999969482422,135.6999969482422,138.60000610351562,18712471,yfinance,False
2021-10-07,146.17129516601562,147.3000030517578,147.8000030517578,141.10000610351562,141.3000030517578,32227036,yfinance,False
2021-10-08,154.30845642089844,155.5,155.5,150.8000030517578,154.39999389648438,55270783,yfinance,False
2021-10-11,166.51422119140625,167.8000030517578,170.5,162.0,163.0,87174082,yfinance,False
2021-10-12,160.0640106201172,161.3000030517578,163.0,159.0,160.1999969482422,51876960,yfinance,False
2021-10-15,160.56019592285156,161.8000030517578,162.1999969482422,158.8000030517578,161.3000030517578,41251499,yfinance,False
2021-10-18,161.65176391601562,162.89999389648438,162.89999389648438,159.89999389648438,162.5,20485496,yfinance,False
2021-10-19,163.53721618652344,164.8000030517578,165.89999389648438,162.1999969482422,162.6999969482422,22621183,yfinance,False
2021-10-20,174.4529266357422,175.8000030517578,179.89999389648438,171.0,172.60000610351562,73819843,yfinance,False
2021-10-21,172.56747436523438,173.89999389648438,175.5,170.5,173.0,39498418,yfinance,False
2021-10-22,173.06362915039062,174.39999389648438,175.0,171.3000030517578,172.60000610351562,24304039,yfinance,False
2021-10-25,172.6667022705078,174.0,176.8000030517578,173.3000030517578,174.39999389648438,22993063,yfinance,False
2021-10-26,168.20120239257812,169.5,173.0,168.10000610351562,173.0,27007684,yfinance,False
2021-10-27,163.23948669433594,164.5,165.60000610351562,163.3000030517578,165.3000030517578,25552560,yfinance,False
2021-10-28,163.9341278076172,165.1999969482422,169.10000610351562,165.0,166.89999389648438,26244370,yfinance,False
2021-10-29,161.75099182128906,163.0,166.1999969482422,162.5,165.0,24508214,yfinance,False
2021-11-01,158.27780151367188,159.5,161.1999969482422,158.0,161.10000610351562,20955824,yfinance,False
2021-11-02,160.36172485351562,161.60000610351562,166.89999389648438,160.10000610351562,166.1999969482422,28075255,yfinance,False
2021-11-03,159.369384765625,160.60000610351562,161.0,156.60000610351562,159.89999389648438,20797548,yfinance,False
2021-11-04,164.33106994628906,165.60000610351562,165.60000610351562,162.0,162.89999389648438,23357978,yfinance,False
2021-11-05,158.6747589111328,159.89999389648438,162.0,158.39999389648438,162.0,26167989,yfinance,False
2021-11-08,156.09466552734375,157.3000030517578,157.6999969482422,154.6999969482422,156.10000610351562,25006375,yfinance,False
2021-11-09,155.89620971679688,157.10000610351562,161.1999969482422,156.8000030517578,160.3000030517578,16113085,yfinance,False
2021-11-10,159.9647674560547,161.1999969482422,161.60000610351562,155.6999969482422,157.60000610351562,17191925,yfinance,False
2021-11-11,161.94944763183594,163.1999969482422,164.1999969482422,157.60000610351562,158.0,23548938,yfinance,False
2021-11-12,161.15560913085938,162.39999389648438,165.6999969482422,159.0,164.8000030517578,24265602,yfinance,False
2021-11-15,160.26248168945312,161.5,164.1999969482422,159.60000610351562,163.3000030517578,19121584,yfinance,False
2021-11-16,163.9341278076172,165.1999969482422,166.0,161.5,162.0,19860348,yfinance,False
2021-11-17,163.53721618652344,164.8000030517578,165.10000610351562,163.1999969482422,164.89999389648438,16275917,yfinance,False
2021-11-18,154.8046417236328,156.0,158.89999389648438,155.3000030517578,158.1999969482422,39030221,yfinance,False
2021-11-19,138.23260498046875,139.3000030517578,142.1999969482422,139.1999969482422,140.0,106644709,yfinance,False
2021-11-22,136.04946899414062,137.10000610351562,139.6999969482422,137.10000610351562,139.0,42684873,yfinance,False
2021-11-23,131.98086547851562,133.0,133.8000030517578,132.5,133.0,46352819,yfinance,False
2021-11-24,130.7900848388672,131.8000030517578,134.8000030517578,130.6999969482422,131.0,44830998,yfinance,False
2021-11-25,134.3624725341797,135.39999389648438,135.89999389648438,132.0,132.0,23796814,yfinance,False
2021-11-26,128.1107635498047,129.10000610351562,133.89999389648438,129.10000610351562,133.1999969482422,37945230,yfinance,False
2021-11-29,129.0038604736328,130.0,133.1999969482422,129.8000030517578,133.0,29532407,yfinance,False
2021-11-30,126.32454681396484,127.30000305175781,130.10000610351562,123.5999984741211,129.5,61241018,yfinance,False
2021-12-01,124.73680114746094,125.69999694824219,127.0,124.19999694824219,125.0,42728524,yfinance,False
2021-12-02,121.66056060791016,122.5999984741211,123.69999694824219,120.0999984741211,120.30000305175781,63847691,yfinance,False
2021-12-03,118.4850845336914,119.4000015258789,120.5,116.0,120.5,84752440,yfinance,False
2021-12-06,111.83641815185547,112.69999694824219,114.19999694824219,109.5,109.9000015258789,105384522,yfinance,False
2021-12-07,125.53068542480469,126.5,126.69999694824219,120.69999694824219,122.0,82401598,yfinance,False
2021-12-08,119.67588806152344,120.5999984741211,123.0,119.19999694824219,122.69999694824219,61244054,yfinance,False
2021-12-09,122.45443725585938,123.4000015258789,124.30000305175781,122.0999984741211,122.5999984741211,35851860,yfinance,False
2021-12-10,120.27129364013672,121.19999694824219,123.19999694824219,120.30000305175781,122.30000305175781,41285795,yfinance,False
2021-12-13,120.17205047607422,121.0999984741211,126.69999694824219,120.80000305175781,124.80000305175781,41769452,yfinance,False
2021-12-14,117.79045104980469,118.69999694824219,121.0,117.80000305175781,121.0,32130092,yfinance,False
2021-12-15,120.07283020019531,121.0,123.80000305175781,120.0,122.19999694824219,35292960,yfinance,False
2021-12-16,119.7751235961914,120.69999694824219,121.30000305175781,117.0,119.4000015258789,37563320,yfinance,False
2021-12-17,116.10347747802734,117.0,118.30000305175781,115.4000015258789,118.0,49369280,yfinance,False
2021-12-20,113.62263488769531,114.5,118.9000015258789,114.30000305175781,118.19999694824219,33663120,yfinance,False
2021-12-21,113.02722930908203,113.9000015258789,115.5,112.0,112.5999984741211,37940314,yfinance,False
2021-12-22,114.01956939697266,114.9000015258789,119.9000015258789,113.0999984741211,119.9000015258789,45188386,yfinance,False
2021-12-23,112.43183898925781,113.30000305175781,115.5999984741211,113.0,114.9000015258789,25067293,yfinance,False
2021-12-24,112.13411712646484,113.0,114.80000305175781,112.80000305175781,113.80000305175781,19524988,yfinance,False
2021-12-28,112.63029479980469,113.5,114.19999694824219,112.30000305175781,113.30000305175781,22985751,yfinance,False
2021-12-29,109.75251007080078,110.5999984741211,112.30000305175781,110.0999984741211,112.30000305175781,19990686,yfinance,False
2021-12-30,109.0578842163086,109.9000015258789,112.19999694824219,109.19999694824219,110.0,23838394,yfinance,False
2021-12-31,117.9889144897461,118.9000015258789,120.30000305175781,118.0999984741211,119.5,31837667,yfinance,False
2022-01-03,114.11880493164062,115.0,117.5,114.0,117.0,22176946,yfinance,False
2022-01-04,116.00424194335938,116.9000015258789,118.9000015258789,115.69999694824219,118.4000015258789,23228903,yfinance,False
2022-01-05,113.62263488769531,114.5,119.0999984741211,113.9000015258789,119.0,30717509,yfinance,False
2022-01-06,120.07283020019531,121.0,121.0999984741211,117.30000305175781,117.5,47231895,yfinance,False
2022-01-07,127.81306457519531,128.8000030517578,128.8000030517578,122.80000305175781,126.5,58778943,yfinance,False
2022-01-10,126.62225341796875,127.5999984741211,129.5,125.4000015258789,128.8000030517578,36814976,yfinance,False
2022-01-11,124.6375732421875,125.5999984741211,126.5,123.9000015258789,125.0,31659059,yfinance,False
2022-01-12,131.98086547851562,133.0,133.10000610351562,128.39999389648438,128.60000610351562,44483108,yfinance,False
2022-01-13,131.18701171875,132.1999969482422,135.0,130.39999389648438,135.0,36032047,yfinance,False
2022-01-14,128.30923461914062,129.3000030517578,129.3000030517578,126.5999984741211,126.9000015258789,28235556,yfinance,False
2022-01-17,127.51535034179688,128.5,130.10000610351562,127.4000015258789,129.3000030517578,23534494,yfinance,False
2022-01-18,125.43144989013672,126.4000015258789,130.89999389648438,125.4000015258789,129.1999969482422,23468279,yfinance,False
2022-01-19,123.24830627441406,124.19999694824219,127.30000305175781,123.5,126.19999694824219,29730153,yfinance,False
2022-01-20,130.49237060546875,131.5,132.5,125.0,125.0,44796183,yfinance,False
2022-01-21,126.12608337402344,127.0999984741211,127.5,124.0,126.0999984741211,61817387,yfinance,False
2022-01-24,118.1873779296875,119.0999984741211,122.0,118.69999694824219,122.0,54758602,yfinance,False
2022-01-25,115.9050064086914,116.80000305175781,118.80000305175781,115.0999984741211,116.4000015258789,41283512,yfinance,False
2022-01-26,116.00424194335938,116.9000015258789,118.69999694824219,114.0999984741211,116.30000305175781,35353738,yfinance,False
2022-01-27,107.66860961914062,108.5,111.9000015258789,108.0,110.5,75467681,yfinance,False
2022-01-28,109.15711212158203,110.0,111.5,108.5999984741211,110.0,43809950,yfinance,False
2022-01-31,113.82109069824219,114.69999694824219,114.69999694824219,114.69999694824219,114.69999694824219,0,yfinance,False
2022-02-04,119.4774169921875,120.4000015258789,120.80000305175781,118.4000015258789,120.0,43293069,yfinance,False
2022-02-07,114.11880493164062,115.0,118.69999694824219,113.5999984741211,117.4000015258789,54757312,yfinance,False
2022-02-08,110.34791564941406,111.19999694824219,113.5,110.5999984741211,112.5999984741211,41696354,yfinance,False
2022-02-09,117.88968658447266,118.80000305175781,119.4000015258789,117.0,118.0,44480636,yfinance,False
2022-02-10,121.26363372802734,122.19999694824219,123.0,119.4000015258789,123.0,32353947,yfinance,False
2022-02-11,121.46209716796875,122.4000015258789,122.9000015258789,120.0,120.4000015258789,24203787,yfinance,False
2022-02-14,117.79045104980469,118.69999694824219,119.9000015258789,118.19999694824219,119.0,19512374,yfinance,False
2022-02-15,117.49274444580078,118.4000015258789,120.0,117.4000015258789,118.0,16132479,yfinance,False
2022-02-16,121.56133270263672,122.5,123.0,121.0999984741211,122.4000015258789,20308833,yfinance,False
2022-02-17,122.05750274658203,123.0,123.30000305175781,120.9000015258789,122.0,18965828,yfinance,False
2022-02-18,118.58432006835938,119.5,124.0,118.69999694824219,122.5999984741211,36059936,yfinance,False
2022-02-21,114.01956939697266,114.9000015258789,117.0999984741211,114.0,115.80000305175781,36333556,yfinance,False
2022-02-22,110.54638671875,111.4000015258789,111.9000015258789,108.80000305175781,109.0,43059975,yfinance,False
2022-02-23,111.53872680664062,112.4000015258789,113.30000305175781,110.0,110.0,27244901,yfinance,False
2022-02-24,104.09620666503906,104.9000015258789,108.4000015258789,103.5999984741211,107.5,64889871,yfinance,False
2022-02-25,104.49312591552734,105.30000305175781,108.19999694824219,104.9000015258789,107.4000015258789,42605788,yfinance,False
2022-02-28,103.40155792236328,104.19999694824219,104.19999694824219,100.69999694824219,103.30000305175781,56081193,yfinance,False
2022-03-01,103.00462341308594,103.80000305175781,104.80000305175781,101.9000015258789,102.19999694824219,30377847,yfinance,False
2022-03-02,103.1038589477539,103.9000015258789,106.5999984741211,103.9000015258789,103.9000015258789,32172998,yfinance,False
2022-03-03,103.60003662109375,104.4000015258789,104.5,103.0,103.5,23582886,yfinance,False
2022-03-04,98.24140167236328,99.0,100.19999694824219,98.19999694824219,98.19999694824219,67845622,yfinance,False
2022-03-07,95.26438903808594,96.0,98.0,93.4000015258789,96.25,59539428,yfinance,False
2022-03-08,96.1574935913086,96.9000015258789,99.94999694824219,95.80000305175781,97.55000305175781,49195657,yfinance,False
2022-03-09,95.5124740600586,96.25,97.3499984741211,92.5999984741211,96.9000015258789,60560894,yfinance,False
2022-03-10,95.3636245727539,96.0999984741211,99.69999694824219,94.4000015258789,99.69999694824219,46922499,yfinance,False
2022-03-11,90.10424041748047,90.80000305175781,92.1500015258789,88.05000305175781,90.55000305175781,74997978,yfinance,False
2022-03-14,80.28009796142578,80.9000015258789,86.5999984741211,80.25,86.1500015258789,99109140,yfinance,False
2022-03-15,70.70404052734375,71.25,79.3499984741211,71.0,73.80000305175781,166892058,yfinance,False
2022-03-16,90.00499725341797,90.69999694824219,91.05000305175781,73.69999694824219,74.5,159307067,yfinance,False
2022-03-17,101.21841430664062,102.0,104.0,95.30000305175781,104.0,147199025,yfinance,False
2022-03-18,97.59638214111328,98.3499984741211,100.19999694824219,95.0,97.1500015258789,69216323,yfinance,False
2022-03-21,98.34062957763672,99.0999984741211,104.80000305175781,97.25,104.80000305175781,78145126,yfinance,False
2022-03-22,109.35557556152344,110.19999694824219,111.4000015258789,102.0999984741211,102.30000305175781,82216795,yfinance,False
2022-03-23,116.69888305664062,117.5999984741211,119.4000015258789,112.5,114.5999984741211,109736384,yfinance,False
2022-03-24,112.9280014038086,113.80000305175781,119.0,113.5,116.4000015258789,56175392,yfinance,False
2022-03-25,106.57704162597656,107.4000015258789,113.5,104.80000305175781,111.4000015258789,59754137,yfinance,False
2022-03-28,110.2486801147461,111.0999984741211,113.5,106.0999984741211,107.4000015258789,35856686,yfinance,False
2022-03-29,112.63029479980469,113.5,114.80000305175781,112.19999694824219,112.69999694824219,28129247,yfinance,False
2022-03-30,113.02722930908203,113.9000015258789,115.69999694824219,112.5999984741211,115.0,43050119,yfinance,False
2022-03-31,111.24102783203125,112.0999984741211,114.9000015258789,109.69999694824219,114.9000015258789,26780152,yfinance,False
2022-04-01,108.85940551757812,109.69999694824219,109.69999694824219,105.69999694824219,106.80000305175781,38709405,yfinance,False
2022-04-04,112.8287582397461,113.69999694824219,114.5999984741211,110.0,110.5999984741211,41875311,yfinance,False
2022-04-06,106.7755126953125,107.5999984741211,109.80000305175781,107.0999984741211,109.0999984741211,46638063,yfinance,False
2022-04-07,104.39389038085938,105.19999694824219,108.9000015258789,105.19999694824219,106.4000015258789,35575706,yfinance,False
2022-04-08,103.00462341308594,103.80000305175781,103.80000305175781,101.5,102.80000305175781,38153586,yfinance,False
2022-04-11,97.7452392578125,98.5,103.0,97.8499984741211,102.80000305175781,40131164,yfinance,False
2022-04-12,98.24140167236328,99.0,100.5999984741211,96.3499984741211,98.5,39683531,yfinance,False
2022-04-13,97.7452392578125,98.5,99.5,97.0,98.4000015258789,24650087,yfinance,False
2022-04-14,94.76822662353516,95.5,98.0,93.8499984741211,97.6500015258789,52348941,yfinance,False
2022-04-19,90.79886627197266,91.5,93.44999694824219,90.9000015258789,92.55000305175781,34060706,yfinance,False
2022-04-20,90.00499725341797,90.69999694824219,92.94999694824219,90.30000305175781,91.0999984741211,24190299,yfinance,False
2022-04-21,87.2264633178711,87.9000015258789,89.69999694824219,86.5,88.75,37481397,yfinance,False
2022-04-22,85.98603057861328,86.6500015258789,87.3499984741211,83.4000015258789,83.5,33414007,yfinance,False
2022-04-25,81.22280883789062,81.8499984741211,84.94999694824219,81.19999694824219,84.80000305175781,43001305,yfinance,False
2022-04-26,84.24944305419922,84.9000015258789,87.9000015258789,83.75,84.5,38304821,yfinance,False
2022-04-27,83.90213012695312,84.55000305175781,85.44999694824219,83.0,84.3499984741211,27917828,yfinance,False
2022-04-28,87.57377624511719,88.25,88.55000305175781,86.30000305175781,88.0,40675166,yfinance,False
2022-04-29,101.3176498413086,102.0999984741211,103.80000305175781,87.1500015258789,88.25,102134425,yfinance,False
2022-05-03,99.53144073486328,100.30000305175781,103.0999984741211,92.5,100.0,103238870,yfinance,False
2022-05-04,95.8101806640625,96.55000305175781,98.55000305175781,95.8499984741211,98.5,29177225,yfinance,False
2022-05-05,95.95902252197266,96.69999694824219,101.0999984741211,96.19999694824219,99.5,27991225,yfinance,False
2022-05-06,89.65768432617188,90.3499984741211,92.8499984741211,89.30000305175781,92.05000305175781,50887668,yfinance,False
2022-05-10,85.34101104736328,86.0,87.19999694824219,83.1500015258789,83.5,64139439,yfinance,False
2022-05-11,84.99369812011719,85.6500015258789,87.94999694824219,83.5999984741211,83.69999694824219,63211009,yfinance,False
2022-05-12,79.38699340820312,80.0,82.55000305175781,79.9000015258789,81.8499984741211,69966835,yfinance,False
2022-05-13,81.57012939453125,82.19999694824219,82.8499984741211,81.25,82.19999694824219,53688518,yfinance,False
2022-05-16,83.95174407958984,84.5999984741211,86.25,83.0999984741211,86.0,37186669,yfinance,False
2022-05-17,89.85615539550781,90.55000305175781,91.80000305175781,86.6500015258789,87.5,65364000,yfinance,False
2022-05-18,89.31036376953125,90.0,90.55000305175781,87.80000305175781,90.55000305175781,40887159,yfinance,False
2022-05-19,82.7113265991211,83.3499984741211,85.4000015258789,82.75,85.0,63967045,yfinance,False
2022-05-20,87.37530517578125,88.05000305175781,88.80000305175781,85.5999984741211,86.30000305175781,37411832,yfinance,False
2022-05-23,84.44790649414062,85.0999984741211,86.55000305175781,83.8499984741211,86.19999694824219,48116001,yfinance,False
2022-05-24,82.95940399169922,83.5999984741211,86.30000305175781,82.9000015258789,84.80000305175781,41592157,yfinance,False
2022-05-25,81.71898651123047,82.3499984741211,84.1500015258789,81.3499984741211,82.0,39360501,yfinance,False
2022-05-26,80.47855377197266,81.0999984741211,82.0,79.6500015258789,82.0,44520428,yfinance,False
2022-05-27,90.30270385742188,91.0,92.4000015258789,89.8499984741211,91.0,94943603,yfinance,False
2022-05-30,94.17281341552734,94.9000015258789,94.9000015258789,91.30000305175781,91.69999694824219,58244941,yfinance,False
2022-05-31,95.5124740600586,96.25,97.5,93.0999984741211,94.5999984741211,87590516,yfinance,False
2022-06-01,93.8751220703125,94.5999984741211,96.19999694824219,94.0,96.0,34758451,yfinance,False
2022-06-02,91.5927505493164,92.30000305175781,93.0,91.0,91.75,38921083,yfinance,False
2022-06-06,96.20710754394531,96.94999694824219,98.5999984741211,91.25,92.8499984741211,61560025,yfinance,False
2022-06-07,98.04293823242188,98.80000305175781,101.80000305175781,96.1500015258789,96.94999694824219,88847430,yfinance,False
2022-06-08,107.96630859375,108.80000305175781,110.4000015258789,102.5,103.4000015258789,116293353,yfinance,False
2022-06-09,110.44715118408203,111.30000305175781,116.30000305175781,108.0999984741211,116.19999694824219,113806634,yfinance,False
2022-06-10,111.9356689453125,112.80000305175781,116.0,107.0,107.5999984741211,107826465,yfinance,False
2022-06-13,103.00462341308594,103.80000305175781,108.4000015258789,103.5,106.19999694824219,85883479,yfinance,False
2022-06-14,100.42454528808594,101.19999694824219,102.4000015258789,97.19999694824219,98.25,79243938,yfinance,False
2022-06-15,104.79082489013672,105.5999984741211,106.69999694824219,104.30000305175781,105.0,62840727,yfinance,False
2022-06-16,101.61534881591797,102.4000015258789,109.80000305175781,100.4000015258789,108.80000305175781,51964072,yfinance,False
2022-06-17,103.69925689697266,104.5,104.80000305175781,100.0,100.0999984741211,98242313,yfinance,False
2022-06-20,103.60003662109375,104.4000015258789,104.5999984741211,99.6500015258789,102.0,64777753,yfinance,False
2022-06-21,104.98929595947266,105.80000305175781,106.0999984741211,103.4000015258789,104.5,56377679,yfinance,False
2022-06-22,100.72223663330078,101.5,105.0999984741211,101.5,104.80000305175781,56378203,yfinance,False
2022-06-23,107.17243957519531,108.0,109.9000015258789,103.4000015258789,104.9000015258789,80541807,yfinance,False
2022-06-24,113.02722930908203,113.9000015258789,115.5,111.5,112.5999984741211,88759544,yfinance,False
2022-06-27,117.19505310058594,118.0999984741211,120.4000015258789,116.0999984741211,117.30000305175781,98194624,yfinance,False
2022-06-28,117.19505310058594,118.0999984741211,119.0999984741211,112.5999984741211,117.5999984741211,70432843,yfinance,False
2022-06-29,113.62263488769531,114.5,116.30000305175781,113.0,114.5,54735988,yfinance,False
2022-06-30,111.04255676269531,111.9000015258789,114.4000015258789,110.69999694824219,113.5999984741211,47263509,yfinance,False
2022-07-04,112.33258819580078,113.19999694824219,114.0999984741211,109.4000015258789,111.5999984741211,38788782,yfinance,False
2022-07-05,114.3172607421875,115.19999694824219,118.4000015258789,114.69999694824219,116.30000305175781,45974352,yfinance,False
2022-07-06,116.10347747802734,117.0,119.0,114.5999984741211,119.0,52058276,yfinance,False
2022-07-07,115.80577087402344,116.69999694824219,117.5,113.5,115.30000305175781,40428095,yfinance,False
2022-07-08,120.07283020019531,121.0,122.0,119.80000305175781,122.0,58168745,yfinance,False
2022-07-11,113.12646484375,114.0,117.9000015258789,112.0,117.30000305175781,59279763,yfinance,False
2022-07-12,106.9739761352539,107.80000305175781,109.5999984741211,107.0999984741211,108.30000305175781,61833006,yfinance,False
2022-07-13,106.57704162597656,107.4000015258789,109.5,107.0,107.5,37018374,yfinance,False
2022-07-14,107.86707305908203,108.69999694824219,110.4000015258789,107.5,107.80000305175781,39688425,yfinance,False
2022-07-15,101.41687774658203,102.19999694824219,106.0999984741211,102.0999984741211,102.5,60291037,yfinance,False
2022-07-18,103.1038589477539,103.9000015258789,104.30000305175781,99.8499984741211,100.80000305175781,54210503,yfinance,False
2022-07-19,100.12683868408203,100.9000015258789,102.19999694824219,100.0999984741211,101.80000305175781,40614536,yfinance,False
2022-07-20,102.40922546386719,103.19999694824219,105.69999694824219,103.19999694824219,104.80000305175781,40062258,yfinance,False
2022-07-21,101.21841430664062,102.0,104.0,101.19999694824219,102.80000305175781,38969577,yfinance,False
2022-07-22,101.3176498413086,102.0999984741211,103.69999694824219,101.69999694824219,102.69999694824219,25271063,yfinance,False
2022-07-25,98.83680725097656,99.5999984741211,100.69999694824219,99.0999984741211,100.0,41783554,yfinance,False
2022-07-26,103.60003662109375,104.4000015258789,106.0999984741211,102.5,103.0,62335905,yfinance,False
2022-07-27,100.22608184814453,101.0,101.19999694824219,99.9000015258789,101.0,59523684,yfinance,False
2022-07-28,98.3902587890625,99.1500015258789,100.80000305175781,99.0999984741211,100.80000305175781,47788609,yfinance,False
2022-07-29,92.38660430908203,93.0999984741211,98.69999694824219,91.69999694824219,98.69999694824219,101884460,yfinance,False
2022-08-01,88.91343688964844,89.5999984741211,91.6500015258789,87.80000305175781,88.0999984741211,90581313,yfinance,False
2022-08-02,86.38297271728516,87.05000305175781,89.0,86.0999984741211,89.0,67822076,yfinance,False
2022-08-03,89.65768432617188,90.3499984741211,91.8499984741211,89.19999694824219,90.8499984741211,43309986,yfinance,False
2022-08-04,94.27205657958984,95.0,96.19999694824219,93.3499984741211,95.55000305175781,52297501,yfinance,False
2022-08-05,92.18814849853516,92.9000015258789,95.6500015258789,91.9000015258789,95.4000015258789,50440861,yfinance,False
2022-08-08,88.11955261230469,88.80000305175781,90.25,88.5,90.0,47770883,yfinance,False
2022-08-09,88.91343688964844,89.5999984741211,91.69999694824219,88.44999694824219,90.0,44942429,yfinance,False
2022-08-10,87.27606964111328,87.94999694824219,89.6500015258789,86.80000305175781,89.3499984741211,37209371,yfinance,False
2022-08-11,91.04695892333984,91.75,92.4000015258789,89.4000015258789,91.0,52998669,yfinance,False
2022-08-12,92.18814849853516,92.9000015258789,93.4000015258789,91.25,92.9000015258789,26387695,yfinance,False
2022-08-15,91.04695892333984,91.75,93.80000305175781,91.69999694824219,91.80000305175781,23076972,yfinance,False
2022-08-16,89.26074981689453,89.94999694824219,92.4000015258789,88.55000305175781,92.0,33043745,yfinance,False
2022-08-17,89.65768432617188,90.3499984741211,91.4000015258789,89.6500015258789,90.80000305175781,24355633,yfinance,False
2022-08-18,87.57377624511719,88.25,89.05000305175781,87.5,89.0,41421479,yfinance,False
2022-08-19,88.81419372558594,89.5,90.25,87.8499984741211,88.0,26850751,yfinance,False
2022-08-22,87.82186126708984,88.5,89.75,87.69999694824219,87.80000305175781,34067261,yfinance,False
2022-08-23,87.7226333618164,88.4000015258789,89.30000305175781,86.75,89.0,36228033,yfinance,False
2022-08-24,85.58910369873047,86.25,87.5,85.5,86.8499984741211,35976874,yfinance,False
2022-08-25,93.08124542236328,93.80000305175781,95.19999694824219,88.9000015258789,90.0,66382425,yfinance,False
2022-08-26,95.06592559814453,95.80000305175781,97.6500015258789,94.69999694824219,97.6500015258789,54668306,yfinance,False
2022-08-29,94.42090606689453,95.1500015258789,96.80000305175781,93.80000305175781,94.75,37070401,yfinance,False
2022-08-30,94.47051239013672,95.19999694824219,95.44999694824219,92.69999694824219,95.4000015258789,35706777,yfinance,False
2022-08-31,93.5774154663086,94.30000305175781,96.9000015258789,91.5,91.9000015258789,52002425,yfinance,False
2022-09-01,91.4935073852539,92.19999694824219,95.55000305175781,91.8499984741211,93.8499984741211,41471390,yfinance,False
2022-09-02,89.95538330078125,90.6500015258789,92.75,90.19999694824219,92.0,40477868,yfinance,False
2022-09-05,87.82186126708984,88.5,89.5,87.55000305175781,89.5,35505940,yfinance,False
2022-09-06,87.37530517578125,88.05000305175781,89.5,87.19999694824219,88.8499984741211,29242315,yfinance,False
2022-09-07,86.73029327392578,87.4000015258789,87.8499984741211,85.94999694824219,86.0999984741211,28479263,yfinance,False
2022-09-08,86.53181457519531,87.19999694824219,89.19999694824219,86.75,88.5,33528981,yfinance,False
2022-09-09,89.11190795898438,89.80000305175781,90.3499984741211,86.55000305175781,87.19999694824219,31544613,yfinance,False
2022-09-13,90.50116729736328,91.19999694824219,92.30000305175781,90.80000305175781,91.80000305175781,41280098,yfinance,False
2022-09-14,86.43258666992188,87.0999984741211,88.30000305175781,86.9000015258789,87.80000305175781,35250138,yfinance,False
2022-09-15,87.4249267578125,88.0999984741211,88.55000305175781,86.9000015258789,86.9000015258789,21920813,yfinance,False
2022-09-16,86.1348876953125,86.80000305175781,87.6500015258789,86.05000305175781,86.69999694824219,39457544,yfinance,False
2022-09-19,83.05863952636719,83.69999694824219,85.5,83.19999694824219,85.05000305175781,41066371,yfinance,False
2022-09-20,85.53948974609375,86.19999694824219,87.3499984741211,85.0999984741211,85.30000305175781,36089021,yfinance,False
2022-09-21,82.41361999511719,83.05000305175781,84.1500015258789,82.5999984741211,84.0999984741211,37225757,yfinance,False
2022-09-22,80.23047637939453,80.8499984741211,81.0,79.69999694824219,80.0,49260960,yfinance,False
2022-09-23,77.79924774169922,78.4000015258789,80.3499984741211,78.4000015258789,79.1500015258789,45213463,yfinance,False
2022-09-26,78.09695434570312,78.69999694824219,80.30000305175781,76.69999694824219,77.4000015258789,47488911,yfinance,False
2022-09-27,77.30308532714844,77.9000015258789,79.19999694824219,76.05000305175781,78.5999984741211,49807775,yfinance,False
2022-09-28,74.12760162353516,74.69999694824219,77.25,74.44999694824219,76.55000305175781,53790769,yfinance,False
2022-09-29,76.2611312866211,76.8499984741211,79.19999694824219,75.8499984741211,78.8499984741211,62711018,yfinance,False
2022-09-30,77.35269165039062,77.94999694824219,78.75,75.9000015258789,77.30000305175781,46992673,yfinance,False
2022-10-03,77.05500793457031,77.6500015258789,78.75,76.80000305175781,77.9000015258789,30742228,yfinance,False
2022-10-05,83.55480194091797,84.19999694824219,84.5999984741211,81.4000015258789,82.0,65113124,yfinance,False
2022-10-06,82.51285552978516,83.1500015258789,84.55000305175781,82.6500015258789,83.0,29151683,yfinance,False
2022-10-07,80.72663879394531,81.3499984741211,82.80000305175781,81.19999694824219,81.69999694824219,27043107,yfinance,False
2022-10-10,78.09695434570312,78.69999694824219,79.55000305175781,78.0,79.25,28520208,yfinance,False
2022-10-11,75.41764068603516,76.0,78.5999984741211,75.5999984741211,78.1500015258789,39298810,yfinance,False
2022-10-12,73.78028106689453,74.3499984741211,77.3499984741211,72.30000305175781,74.5,56354876,yfinance,False
2022-10-13,72.19255065917969,72.75,74.94999694824219,72.5999984741211,74.3499984741211,25774888,yfinance,False
2022-10-14,72.688720703125,73.25,76.0999984741211,72.3499984741211,74.0,43037199,yfinance,False
2022-10-17,72.63909149169922,73.19999694824219,74.6500015258789,70.9000015258789,72.1500015258789,45035937,yfinance,False
2022-10-18,75.41764068603516,76.0,76.4000015258789,73.8499984741211,75.30000305175781,35967664,yfinance,False
2022-10-19,72.1429214477539,72.69999694824219,75.5999984741211,72.5,75.0999984741211,39088213,yfinance,False
2022-10-20,69.36438751220703,69.9000015258789,71.19999694824219,68.0,69.0,63153613,yfinance,False
2022-10-21,69.0666732788086,69.5999984741211,71.0999984741211,69.3499984741211,70.0999984741211,55066786,yfinance,False
2022-10-24,61.1776008605957,61.650001525878906,67.25,60.79999923706055,66.0,169668961,yfinance,False
2022-10-25,63.1126594543457,63.599998474121094,65.94999694824219,60.25,61.849998474121094,102026681,yfinance,False
2022-10-26,61.82261657714844,62.29999923706055,64.6500015258789,61.25,61.79999923706055,93276020,yfinance,False
2022-10-27,64.35308074951172,64.8499984741211,67.94999694824219,64.6500015258789,67.55000305175781,91203977,yfinance,False
2022-10-28,61.276832580566406,61.75,64.55000305175781,60.900001525878906,64.25,69414690,yfinance,False
2022-10-31,60.97913360595703,61.45000076293945,64.55000305175781,60.29999923706055,61.0,65768272,yfinance,False
2022-11-01,65.593505859375,66.0999984741211,68.25,62.849998474121094,63.04999923706055,112728864,yfinance,False
2022-11-02,66.88353729248047,67.4000015258789,68.0,64.1500015258789,65.30000305175781,44674540,yfinance,False
2022-11-03,62.51725769042969,63.0,65.0,62.849998474121094,63.599998474121094,58022487,yfinance,False
2022-11-04,69.36438751220703,69.9000015258789,76.19999694824219,64.0,64.0,151997251,yfinance,False
2022-11-07,69.1659164428711,69.69999694824219,71.80000305175781,66.30000305175781,66.69999694824219,99793174,yfinance,False
2022-11-08,66.5858383178711,67.0999984741211,69.0,66.4000015258789,68.75,64928791,yfinance,False
2022-11-09,65.4942626953125,66.0,67.75,65.1500015258789,66.69999694824219,63076446,yfinance,False
2022-11-10,62.51725769042969,63.0,64.5,62.599998474121094,63.900001525878906,58517362,yfinance,False
2022-11-11,70.25749206542969,70.80000305175781,71.44999694824219,67.05000305175781,68.75,110961720,yfinance,False
2022-11-14,70.50557708740234,71.05000305175781,73.69999694824219,70.0,73.0,93784730,yfinance,False
2022-11-15,78.29541778564453,78.9000015258789,80.8499984741211,69.75,71.0,187288574,yfinance,False
2022-11-16,78.1961898803711,78.80000305175781,80.80000305175781,77.0,77.75,100509510,yfinance,False
2022-11-17,77.65039825439453,78.25,79.69999694824219,74.0,77.0,89532516,yfinance,False
2022-11-18,79.3373794555664,79.94999694824219,83.5,79.25,83.25,110896755,yfinance,False
2022-11-21,75.56649780273438,76.1500015258789,77.30000305175781,75.0,77.1500015258789,49675006,yfinance,False
2022-11-22,72.53986358642578,73.0999984741211,75.69999694824219,72.19999694824219,75.19999694824219,60909746,yfinance,False
2022-11-23,74.8222427368164,75.4000015258789,76.44999694824219,73.05000305175781,73.75,54202563,yfinance,False
2022-11-24,75.81458282470703,76.4000015258789,77.19999694824219,74.9000015258789,76.69999694824219,31644335,yfinance,False
2022-11-25,74.17721557617188,74.75,76.0,73.8499984741211,75.9000015258789,28359869,yfinance,False
2022-11-28,71.6467514038086,72.19999694824219,73.3499984741211,69.80000305175781,70.5999984741211,65982901,yfinance,False
2022-11-29,78.14657592773438,78.75,78.80000305175781,73.19999694824219,73.6500015258789,94542048,yfinance,False
2022-11-30,79.28775024414062,79.9000015258789,80.9000015258789,76.44999694824219,77.69999694824219,109081005,yfinance,False
2022-12-01,82.16553497314453,82.80000305175781,86.9000015258789,82.44999694824219,85.5999984741211,106301600,yfinance,False
2022-12-02,84.15021514892578,84.80000305175781,85.75,82.94999694824219,83.5999984741211,74134786,yfinance,False
2022-12-05,91.94007110595703,92.6500015258789,92.8499984741211,87.25,88.80000305175781,132953207,yfinance,False
2022-12-06,89.16151428222656,89.8499984741211,91.75,88.1500015258789,88.1500015258789,66889543,yfinance,False
2022-12-07,84.39830017089844,85.05000305175781,92.0,84.80000305175781,89.19999694824219,83595457,yfinance,False
2022-12-08,88.7149658203125,89.4000015258789,91.0999984741211,86.30000305175781,86.80000305175781,70524387,yfinance,False
2022-12-09,91.14617919921875,91.8499984741211,93.19999694824219,88.8499984741211,90.6500015258789,85186929,yfinance,False
2022-12-12,87.67301177978516,88.3499984741211,90.9000015258789,87.5999984741211,89.80000305175781,48772508,yfinance,False
2022-12-13,87.67301177978516,88.3499984741211,90.25,87.0999984741211,87.69999694824219,49026085,yfinance,False
2022-12-14,88.81419372558594,89.5,90.5,88.55000305175781,89.69999694824219,42497183,yfinance,False
2022-12-15,85.24178314208984,85.9000015258789,88.55000305175781,85.19999694824219,88.5,46551464,yfinance,False
2022-12-16,85.78756713867188,86.44999694824219,88.75,84.1500015258789,84.1500015258789,77057783,yfinance,False
2022-12-19,86.38297271728516,87.05000305175781,90.80000305175781,86.4000015258789,86.9000015258789,70038366,yfinance,False
2022-12-20,83.40596771240234,84.05000305175781,85.55000305175781,82.5,85.0,57291122,yfinance,False
2022-12-21,83.80288696289062,84.44999694824219,85.4000015258789,83.69999694824219,84.44999694824219,31475853,yfinance,False
2022-12-22,87.2264633178711,87.9000015258789,89.1500015258789,86.44999694824219,86.5,53772623,yfinance,False
2022-12-23,85.8371810913086,86.5,87.55000305175781,85.4000015258789,85.4000015258789,34114821,yfinance,False
2022-12-28,87.02798461914062,87.69999694824219,89.3499984741211,87.30000305175781,87.30000305175781,55669943,yfinance,False
2022-12-29,84.89447021484375,85.55000305175781,85.8499984741211,84.6500015258789,85.4000015258789,44950446,yfinance,False
2022-12-30,85.58910369873047,86.25,88.30000305175781,85.69999694824219,87.30000305175781,35928445,yfinance,False
2023-01-03,87.97071075439453,88.6500015258789,89.1500015258789,84.5999984741211,85.69999694824219,45393323,yfinance,False
2023-01-04,95.66132354736328,96.4000015258789,96.5,89.5,90.75,118636981,yfinance,False
2023-01-05,98.83680725097656,99.5999984741211,103.80000305175781,98.19999694824219,102.0999984741211,104685426,yfinance,False
2023-01-06,100.82147979736328,101.5999984741211,102.69999694824219,99.69999694824219,101.5,73315739,yfinance,False
2023-01-09,109.5540542602539,110.4000015258789,110.9000015258789,105.0,105.5999984741211,123720147,yfinance,False
2023-01-10,108.66094207763672,109.5,110.0,107.0,109.0,76284815,yfinance,False
2023-01-11,112.0348892211914,112.9000015258789,115.0,110.5,112.19999694824219,108863653,yfinance,False
2023-01-12,109.95098876953125,110.80000305175781,113.0999984741211,107.80000305175781,113.0999984741211,91858342,yfinance,False
2023-01-13,111.83641815185547,112.69999694824219,113.0,109.0,110.80000305175781,72120768,yfinance,False
2023-01-16,112.53105926513672,113.4000015258789,115.4000015258789,110.9000015258789,114.19999694824219,65734884,yfinance,False
2023-01-17,113.62263488769531,114.5,116.80000305175781,112.80000305175781,114.0,62173474,yfinance,False
2023-01-18,113.22569274902344,114.0999984741211,114.9000015258789,110.69999694824219,112.9000015258789,55425698,yfinance,False
2023-01-19,111.34024810791016,112.19999694824219,113.5999984741211,110.30000305175781,111.0,55515129,yfinance,False
2023-01-20,115.4088363647461,116.30000305175781,117.0,114.30000305175781,114.80000305175781,64593525,yfinance,False
2023-01-26,116.59964752197266,117.5,118.5,116.30000305175781,117.80000305175781,54550091,yfinance,False
2023-01-27,116.40117645263672,117.30000305175781,118.19999694824219,115.80000305175781,117.69999694824219,49008508,yfinance,False
2023-01-30,108.16477966308594,109.0,115.4000015258789,107.80000305175781,114.5,131046567,yfinance,False
2023-01-31,106.7755126953125,107.5999984741211,110.5,105.5,109.5999984741211,94863420,yfinance,False
2023-02-01,109.15711212158203,110.0,110.5,107.19999694824219,109.0,55654697,yfinance,False
2023-02-02,108.16477966308594,109.0,112.30000305175781,108.69999694824219,111.4000015258789,39931077,yfinance,False
2023-02-03,105.28700256347656,106.0999984741211,107.69999694824219,105.30000305175781,107.19999694824219,55271792,yfinance,False
2023-02-06,102.40922546386719,103.19999694824219,103.80000305175781,101.5,102.19999694824219,53151968,yfinance,False
2023-02-07,103.99695587158203,104.80000305175781,106.69999694824219,103.5,103.5,38073535,yfinance,False
2023-02-08,102.70692443847656,103.5,104.80000305175781,102.0999984741211,104.4000015258789,39292294,yfinance,False
2023-02-09,106.7755126953125,107.5999984741211,108.5,103.0999984741211,103.5,60791720,yfinance,False
2023-02-10,103.30231475830078,104.0999984741211,107.5999984741211,103.4000015258789,107.30000305175781,44532345,yfinance,False
2023-02-13,103.20308685302734,104.0,104.9000015258789,100.69999694824219,101.0999984741211,41478273,yfinance,False
2023-02-14,101.71458435058594,102.5,103.9000015258789,102.30000305175781,103.5999984741211,39436631,yfinance,False
2023-02-15,100.12683868408203,100.9000015258789,102.5,100.0999984741211,102.30000305175781,46755321,yfinance,False
2023-02-16,101.3176498413086,102.0999984741211,105.4000015258789,101.5,102.0,43292397,yfinance,False
2023-02-17,98.68795013427734,99.44999694824219,102.9000015258789,99.44999694824219,102.0999984741211,37616027,yfinance,False
2023-02-20,98.63834381103516,99.4000015258789,100.5,98.0,98.80000305175781,38508675,yfinance,False
2023-02-21,94.47051239013672,95.19999694824219,99.5,95.0,99.5,58373987,yfinance,False
2023-02-22,92.23775482177734,92.94999694824219,94.80000305175781,92.0999984741211,92.0999984741211,59459217,yfinance,False
2023-02-23,94.42090606689453,95.1500015258789,96.25,92.5999984741211,92.75,48408447,yfinance,False
2023-02-24,89.3599853515625,90.05000305175781,93.25,90.0,93.25,81538617,yfinance,False
2023-02-27,88.7149658203125,89.4000015258789,92.1500015258789,87.75,88.0,77371929,yfinance,False
2023-02-28,85.8371810913086,86.5,89.25,86.05000305175781,88.25,82590338,yfinance,False
2023-03-01,91.19580841064453,91.9000015258789,92.1500015258789,86.5999984741211,86.69999694824219,76906503,yfinance,False
2023-03-02,86.92874908447266,87.5999984741211,89.0,87.44999694824219,88.5999984741211,79258745,yfinance,False
2023-03-03,87.32569122314453,88.0,89.5,87.30000305175781,89.5,50893726,yfinance,False
2023-03-06,86.58143615722656,87.25,88.25,86.55000305175781,87.3499984741211,53347406,yfinance,False
2023-03-07,87.92109680175781,88.5999984741211,91.6500015258789,87.80000305175781,89.0,62222775,yfinance,False
2023-03-08,85.09293365478516,85.75,87.0999984741211,85.0999984741211,87.0,51977469,yfinance,False
2023-03-09,83.8525161743164,84.5,86.5,84.5,86.30000305175781,43587344,yfinance,False
2023-03-10,80.52818298339844,81.1500015258789,82.19999694824219,81.0,81.5,77303637,yfinance,False
2023-03-13,82.61209106445312,83.25,84.94999694824219,81.44999694824219,82.4000015258789,64694323,yfinance,False
2023-03-14,79.38699340820312,80.0,82.05000305175781,79.5,81.5,73040873,yfinance,False
2023-03-15,81.4212875366211,82.05000305175781,83.69999694824219,81.55000305175781,82.69999694824219,46739487,yfinance,False
2023-03-16,79.88316345214844,80.5,81.44999694824219,79.80000305175781,80.19999694824219,45643767,yfinance,False
2023-03-17,80.87549591064453,81.5,82.19999694824219,80.55000305175781,81.4000015258789,67317247,yfinance,False
2023-03-20,78.5931167602539,79.19999694824219,81.1500015258789,78.0999984741211,80.94999694824219,52567854,yfinance,False
2023-03-21,79.88316345214844,80.5,80.6500015258789,78.69999694824219,79.3499984741211,36073232,yfinance,False
2023-03-22,82.21515655517578,82.8499984741211,84.4000015258789,82.0999984741211,82.19999694824219,44553051,yfinance,False
2023-03-23,85.53948974609375,86.19999694824219,86.69999694824219,82.3499984741211,82.55000305175781,67377220,yfinance,False
2023-03-24,84.6463851928711,85.30000305175781,86.5999984741211,84.5,85.44999694824219,48345392,yfinance,False
2023-03-27,84.59676361083984,85.25,89.94999694824219,83.80000305175781,86.3499984741211,100519321,yfinance,False
2023-03-28,83.60443115234375,84.25,85.6500015258789,83.30000305175781,85.0999984741211,53162509,yfinance,False
2023-03-29,93.82549285888672,94.55000305175781,98.0,94.3499984741211,96.8499984741211,163130347,yfinance,False
2023-03-30,96.1574935913086,96.9000015258789,97.19999694824219,94.6500015258789,97.0999984741211,88453938,yfinance,False
2023-03-31,99.63066864013672,100.4000015258789,102.0,99.5999984741211,101.19999694824219,89687911,yfinance,False
2023-04-03,97.79485321044922,98.55000305175781,99.94999694824219,97.5999984741211,99.0,53752683,yfinance,False
2023-04-04,94.91707611083984,95.6500015258789,96.44999694824219,93.69999694824219,96.1500015258789,53862168,yfinance,False
2023-04-06,97.0009765625,97.75,98.0,95.9000015258789,96.19999694824219,40751702,yfinance,False
2023-04-11,98.53910064697266,99.30000305175781,101.5,98.0999984741211,100.19999694824219,60954920,yfinance,False
2023-04-12,95.31401062011719,96.05000305175781,98.1500015258789,95.69999694824219,97.6500015258789,38659231,yfinance,False
2023-04-13,93.42857360839844,94.1500015258789,94.3499984741211,91.0999984741211,91.5999984741211,65547652,yfinance,False
2023-04-14,93.77588653564453,94.5,95.1500015258789,93.75,94.5,26025094,yfinance,False
2023-04-17,94.66898345947266,95.4000015258789,96.3499984741211,92.80000305175781,93.19999694824219,37951973,yfinance,False
2023-04-18,94.0735855102539,94.80000305175781,95.5999984741211,94.0999984741211,94.0999984741211,26770456,yfinance,False
2023-04-19,91.54312896728516,92.25,94.5,91.94999694824219,94.5,35119559,yfinance,False
2023-04-20,91.04695892333984,91.75,92.94999694824219,91.44999694824219,92.19999694824219,29866001,yfinance,False
2023-04-21,87.27606964111328,87.94999694824219,89.8499984741211,87.30000305175781,89.3499984741211,62592264,yfinance,False
2023-04-24,86.234130859375,86.9000015258789,88.5,86.0,87.44999694824219,35872549,yfinance,False
2023-04-25,83.45557403564453,84.0999984741211,85.94999694824219,83.30000305175781,85.69999694824219,56529023,yfinance,False
2023-04-26,82.66170501708984,83.30000305175781,84.69999694824219,81.25,81.5999984741211,72936666,yfinance,False
2023-04-27,81.17320251464844,81.80000305175781,82.19999694824219,80.80000305175781,81.80000305175781,63401706,yfinance,False
2023-04-28,81.4212875366211,82.05000305175781,83.9000015258789,81.6500015258789,82.8499984741211,46940162,yfinance,False
2023-05-02,81.66937255859375,82.30000305175781,84.0999984741211,81.5,83.6500015258789,26572826,yfinance,False
2023-05-03,79.73431396484375,80.3499984741211,80.5999984741211,79.69999694824219,80.0999984741211,39306160,yfinance,False
2023-05-04,80.08163452148438,80.69999694824219,81.44999694824219,80.3499984741211,80.5,34428742,yfinance,False
2023-05-05,81.02435302734375,81.6500015258789,82.44999694824219,81.0999984741211,82.0,33666492,yfinance,False
2023-05-08,81.3220443725586,81.94999694824219,82.4000015258789,81.4000015258789,81.6500015258789,40005891,yfinance,False
2023-05-09,78.84120178222656,79.44999694824219,81.94999694824219,78.9000015258789,81.94999694824219,53328129,yfinance,False
2023-05-10,79.58546447753906,80.19999694824219,80.69999694824219,78.80000305175781,80.05000305175781,41918692,yfinance,False
2023-05-11,82.01669311523438,82.6500015258789,82.75,80.80000305175781,81.80000305175781,45547433,yfinance,False
2023-05-12,84.00135803222656,84.6500015258789,85.5,83.80000305175781,85.1500015258789,60973363,yfinance,False
2023-05-15,84.79521942138672,85.44999694824219,86.5,83.0,84.0,41392670,yfinance,False
2023-05-16,85.09293365478516,85.75,86.80000305175781,84.94999694824219,86.80000305175781,26388517,yfinance,False
2023-05-17,84.79521942138672,85.44999694824219,87.5,85.0,87.3499984741211,43307971,yfinance,False
2023-05-18,87.07760620117188,87.75,89.19999694824219,87.25,88.19999694824219,72221529,yfinance,False
2023-05-19,81.8182144165039,82.44999694824219,84.3499984741211,82.0,83.44999694824219,92873084,yfinance,False
2023-05-22,82.95940399169922,83.5999984741211,85.0999984741211,81.4000015258789,82.44999694824219,54249146,yfinance,False
2023-05-23,82.36400604248047,83.0,84.6500015258789,82.3499984741211,83.5999984741211,32115656,yfinance,False
2023-05-24,80.428955078125,81.05000305175781,81.9000015258789,80.5999984741211,81.05000305175781,39045036,yfinance,False
2023-05-25,78.04733276367188,78.6500015258789,80.30000305175781,77.5999984741211,80.0,75187196,yfinance,False
2023-05-29,77.20384979248047,77.80000305175781,79.55000305175781,77.5999984741211,78.94999694824219,48515697,yfinance,False
2023-05-30,78.1961898803711,78.80000305175781,79.3499984741211,77.55000305175781,78.9000015258789,40606239,yfinance,False
2023-05-31,77.30308532714844,77.9000015258789,77.94999694824219,75.80000305175781,77.94999694824219,177424030,yfinance,False
2023-06-01,76.70767974853516,77.30000305175781,79.69999694824219,76.9000015258789,77.05000305175781,76088679,yfinance,False
2023-06-02,81.86783599853516,82.5,82.8499984741211,80.0999984741211,80.75,69157566,yfinance,False
2023-06-05,82.11591339111328,82.75,83.3499984741211,81.75,82.80000305175781,34970258,yfinance,False
2023-06-06,81.71898651123047,82.3499984741211,84.19999694824219,81.80000305175781,83.0,32679498,yfinance,False
2023-06-07,83.40596771240234,84.05000305175781,84.9000015258789,83.30000305175781,84.5999984741211,33719527,yfinance,False
2023-06-08,82.7113265991211,83.3499984741211,83.9000015258789,82.05000305175781,83.4000015258789,30975757,yfinance,False
2023-06-09,83.25711059570312,83.9000015258789,84.3499984741211,83.0,83.80000305175781,32630311,yfinance,False
2023-06-12,83.35633850097656,84.0,84.5,83.0,84.5,21072194,yfinance,False
2023-06-13,85.04331970214844,85.69999694824219,86.5,83.5,83.55000305175781,44562105,yfinance,False
2023-06-14,84.49752807617188,85.1500015258789,86.44999694824219,84.44999694824219,85.9000015258789,36808428,yfinance,False
2023-06-15,88.31802368164062,89.0,89.1500015258789,86.6500015258789,87.30000305175781,58981505,yfinance,False
2023-06-16,90.89810180664062,91.5999984741211,92.69999694824219,89.5,90.5999984741211,176510302,yfinance,False
2023-06-19,89.01265716552734,89.69999694824219,91.0999984741211,87.9000015258789,90.4000015258789,54103067,yfinance,False
2023-06-20,87.67301177978516,88.3499984741211,89.75,87.94999694824219,89.5,37315367,yfinance,False
2023-06-21,84.05097198486328,84.69999694824219,86.1500015258789,84.5,85.30000305175781,43362403,yfinance,False
2023-06-23,83.40596771240234,84.05000305175781,85.0999984741211,83.0999984741211,85.0,29149129,yfinance,False
2023-06-26,82.61209106445312,83.25,84.75,83.0999984741211,83.0999984741211,31955957,yfinance,False
2023-06-27,84.79521942138672,85.44999694824219,85.75,83.6500015258789,84.25,33586916,yfinance,False
2023-06-28,83.70365905761719,84.3499984741211,84.94999694824219,83.55000305175781,84.6500015258789,36259869,yfinance,False
2023-06-29,81.57012939453125,82.19999694824219,83.94999694824219,81.5999984741211,83.3499984741211,36238490,yfinance,False
2023-06-30,80.57780456542969,81.19999694824219,81.94999694824219,80.80000305175781,81.4000015258789,51987596,yfinance,False
2023-07-03,82.90979766845703,83.55000305175781,84.0,82.0,82.0,27847744,yfinance,False
2023-07-04,83.35633850097656,84.0,84.0,82.5999984741211,83.1500015258789,19606487,yfinance,False
2023-07-05,82.01669311523438,82.6500015258789,84.44999694824219,82.19999694824219,84.44999694824219,23226533,yfinance,False
2023-07-06,80.87549591064453,81.5,83.69999694824219,80.5,81.75,33922544,yfinance,False
2023-07-07,83.65404510498047,84.30000305175781,86.69999694824219,81.5,82.30000305175781,69003665,yfinance,False
2023-07-10,86.3333511352539,87.0,89.0,86.0,88.94999694824219,67683238,yfinance,False
2023-07-11,88.0699462890625,88.75,89.25,87.69999694824219,88.5,51083010,yfinance,False
2023-07-12,89.16151428222656,89.8499984741211,90.94999694824219,89.05000305175781,89.9000015258789,47490900,yfinance,False
2023-07-13,92.03929138183594,92.75,92.75,91.55000305175781,92.0,61069223,yfinance,False
2023-07-14,92.23775482177734,92.94999694824219,95.0,92.0,95.0,48280964,yfinance,False
2023-07-18,89.01265716552734,89.69999694824219,91.5,89.55000305175781,91.44999694824219,44406679,yfinance,False
2023-07-19,89.65768432617188,90.3499984741211,91.1500015258789,87.5,88.5,46154569,yfinance,False
2023-07-20,88.81419372558594,89.5,92.1500015258789,89.19999694824219,90.4000015258789,27696550,yfinance,False
2023-07-21,90.60041046142578,91.30000305175781,91.4000015258789,89.5,89.5,32113785,yfinance,False
2023-07-24,88.86381530761719,89.55000305175781,90.75,88.75,90.0,29727637,yfinance,False
2023-07-25,94.42090606689453,95.1500015258789,95.1500015258789,92.94999694824219,94.05000305175781,69490852,yfinance,False
2023-07-26,93.13086700439453,93.8499984741211,94.19999694824219,92.6500015258789,93.0,38602996,yfinance,False
2023-07-27,94.71859741210938,95.44999694824219,95.69999694824219,94.3499984741211,94.8499984741211,42983693,yfinance,False
2023-07-28,95.16515350341797,95.9000015258789,96.5,93.30000305175781,93.4000015258789,46062057,yfinance,False
2023-07-31,96.75289916992188,97.5,99.75,96.80000305175781,99.0,74290881,yfinance,False
2023-08-01,97.10021209716797,97.8499984741211,100.0,96.9000015258789,99.69999694824219,53949339,yfinance,False
2023-08-02,94.42090606689453,95.1500015258789,98.5999984741211,94.5999984741211,97.6500015258789,37885551,yfinance,False
2023-08-03,92.43624114990234,93.1500015258789,94.75,93.05000305175781,93.69999694824219,50021614,yfinance,False
2023-08-04,94.42090606689453,95.1500015258789,96.5999984741211,94.4000015258789,95.25,32949492,yfinance,False
2023-08-07,94.8674545288086,95.5999984741211,96.05000305175781,93.5999984741211,94.3499984741211,22359341,yfinance,False
2023-08-08,92.33699798583984,93.05000305175781,94.30000305175781,92.69999694824219,94.0999984741211,35528837,yfinance,False
2023-08-09,93.37895202636719,94.0999984741211,94.4000015258789,92.05000305175781,92.3499984741211,30298227,yfinance,False
2023-08-10,93.5774154663086,94.30000305175781,94.69999694824219,92.3499984741211,93.80000305175781,34598900,yfinance,False
2023-08-11,94.56976318359375,95.30000305175781,97.94999694824219,95.30000305175781,97.1500015258789,61924422,yfinance,False
2023-08-14,92.08892059326172,92.80000305175781,93.3499984741211,91.44999694824219,92.30000305175781,41572767,yfinance,False
2023-08-15,90.50116729736328,91.19999694824219,92.69999694824219,90.8499984741211,91.0999984741211,27712822,yfinance,False
2023-08-16,88.56611633300781,89.25,90.6500015258789,88.9000015258789,90.0,42124798,yfinance,False
2023-08-17,89.40959930419922,90.0999984741211,90.5999984741211,86.19999694824219,86.5999984741211,55171505,yfinance,False
2023-08-18,86.3333511352539,87.0,89.8499984741211,86.80000305175781,89.25,42258149,yfinance,False
2023-08-21,85.04331970214844,85.69999694824219,87.55000305175781,85.1500015258789,85.69999694824219,39147534,yfinance,False
2023-08-22,86.6806640625,87.3499984741211,88.69999694824219,85.4000015258789,86.3499984741211,37262451,yfinance,False
2023-08-23,86.63105773925781,87.30000305175781,88.19999694824219,86.0999984741211,86.5999984741211,32126401,yfinance,False
2023-08-24,88.86381530761719,89.55000305175781,90.30000305175781,87.69999694824219,88.0999984741211,39372255,yfinance,False
2023-08-25,86.82952117919922,87.5,88.5,87.30000305175781,87.80000305175781,23103924,yfinance,False
2023-08-28,88.21880340576172,88.9000015258789,91.9000015258789,88.69999694824219,91.8499984741211,30525112,yfinance,False
2023-08-29,90.2034683227539,90.9000015258789,91.5,89.6500015258789,90.05000305175781,33359481,yfinance,False
2023-08-30,89.65768432617188,90.3499984741211,92.0,89.8499984741211,92.0,39173999,yfinance,False
2023-08-31,89.50882720947266,90.19999694824219,91.69999694824219,89.5999984741211,91.25,68704748,yfinance,False
2023-09-04,92.43624114990234,93.1500015258789,94.0,92.0,92.94999694824219,85600311,yfinance,False
2023-09-05,91.64234924316406,92.3499984741211,93.94999694824219,91.75,93.0,54564801,yfinance,False
2023-09-06,91.54312896728516,92.25,92.94999694824219,91.1500015258789,92.0999984741211,26538431,yfinance,False
2023-09-07,90.10424041748047,90.80000305175781,93.05000305175781,90.5,93.05000305175781,26196625,yfinance,False
2023-09-11,87.37530517578125,88.05000305175781,88.80000305175781,86.8499984741211,87.94999694824219,64101748,yfinance,False
2023-09-12,85.63871765136719,86.30000305175781,87.1500015258789,85.9000015258789,86.69999694824219,33461787,yfinance,False
2023-09-13,84.89447021484375,85.55000305175781,87.0999984741211,85.30000305175781,86.8499984741211,31205429,yfinance,False
2023-09-14,85.24178314208984,85.9000015258789,86.55000305175781,85.0999984741211,85.80000305175781,32653822,yfinance,False
2023-09-15,85.58910369873047,86.25,87.44999694824219,85.19999694824219,86.0,53342662,yfinance,False
2023-09-18,83.55480194091797,84.19999694824219,85.75,84.19999694824219,85.0999984741211,31917296,yfinance,False
2023-09-19,84.15021514892578,84.80000305175781,85.1500015258789,84.05000305175781,84.80000305175781,21904464,yfinance,False
2023-09-20,83.8525161743164,84.5,85.5,84.44999694824219,84.8499984741211,21150734,yfinance,False
2023-09-21,82.01669311523438,82.6500015258789,84.30000305175781,82.3499984741211,84.25,33742916,yfinance,False
2023-09-22,85.24178314208984,85.9000015258789,86.30000305175781,82.1500015258789,82.6500015258789,40153148,yfinance,False
2023-09-25,83.70365905761719,84.3499984741211,85.3499984741211,84.25,85.0,20742680,yfinance,False
2023-09-26,83.30671691894531,83.94999694824219,84.94999694824219,83.4000015258789,84.44999694824219,27428051,yfinance,False
2023-09-27,83.8525161743164,84.5,85.6500015258789,83.9000015258789,83.9000015258789,27246265,yfinance,False
2023-09-28,82.36400604248047,83.0,84.8499984741211,82.8499984741211,84.8499984741211,27187837,yfinance,False
2023-09-29,84.94408416748047,85.5999984741211,86.6500015258789,83.5999984741211,84.0,34608437,yfinance,False
2023-10-03,82.4632339477539,83.0999984741211,84.25,82.3499984741211,84.1500015258789,36631880,yfinance,False
2023-10-04,81.12358093261719,81.75,82.9000015258789,81.19999694824219,82.0999984741211,25898508,yfinance,False
2023-10-05,80.72663879394531,81.3499984741211,82.80000305175781,81.3499984741211,82.1500015258789,21793205,yfinance,False
2023-10-06,82.26477813720703,82.9000015258789,83.3499984741211,82.0,82.0,15175175,yfinance,False
2023-10-09,81.47090148925781,82.0999984741211,83.44999694824219,81.55000305175781,83.19999694824219,24082283,yfinance,False
2023-10-10,82.76094818115234,83.4000015258789,85.30000305175781,83.25,83.9000015258789,29317215,yfinance,False
2023-10-11,83.95174407958984,84.5999984741211,85.55000305175781,84.30000305175781,85.3499984741211,31718059,yfinance,False
2023-10-12,85.19216918945312,85.8499984741211,86.9000015258789,85.6500015258789,86.9000015258789,26037608,yfinance,False
2023-10-13,81.9670639038086,82.5999984741211,83.9000015258789,82.5,83.25,28548643,yfinance,False
2023-10-16,80.67703247070312,81.30000305175781,82.80000305175781,81.0999984741211,82.19999694824219,22249354,yfinance,False
2023-10-17,81.37166595458984,82.0,82.19999694824219,81.3499984741211,81.8499984741211,17701849,yfinance,False
2023-10-18,80.82588195800781,81.44999694824219,82.69999694824219,81.0,81.9000015258789,21876252,yfinance,False
2023-10-19,78.54350280761719,79.1500015258789,81.1500015258789,79.05000305175781,80.9000015258789,41786984,yfinance,False
2023-10-20,77.89848327636719,78.5,79.1500015258789,78.0999984741211,78.19999694824219,35074847,yfinance,False
2023-10-24,76.60844421386719,77.19999694824219,78.55000305175781,77.05000305175781,78.0,38345055,yfinance,False
2023-10-25,78.6923599243164,79.30000305175781,81.4000015258789,79.0,80.80000305175781,45615979,yfinance,False
2023-10-26,79.13890075683594,79.75,80.30000305175781,79.0,79.19999694824219,23719270,yfinance,False
2023-10-27,81.76860809326172,82.4000015258789,82.80000305175781,80.25,80.44999694824219,42806617,yfinance,False
2023-10-30,81.22280883789062,81.8499984741211,82.0,80.69999694824219,80.75,31881265,yfinance,False
2023-10-31,79.43661499023438,80.05000305175781,81.30000305175781,79.9000015258789,81.30000305175781,27394938,yfinance,False
2023-11-01,78.99005889892578,79.5999984741211,80.69999694824219,79.0999984741211,80.0999984741211,20894177,yfinance,False
2023-11-02,79.88316345214844,80.5,82.19999694824219,80.30000305175781,81.19999694824219,17414151,yfinance,False
2023-11-03,82.21515655517578,82.8499984741211,83.0999984741211,81.05000305175781,81.9000015258789,26892338,yfinance,False
2023-11-06,84.1998291015625,84.8499984741211,84.94999694824219,83.55000305175781,84.30000305175781,30546035,yfinance,False
2023-11-07,82.51285552978516,83.1500015258789,84.75,82.75,84.4000015258789,24603820,yfinance,False
2023-11-08,81.86783599853516,82.5,84.1500015258789,82.30000305175781,83.0,22210760,yfinance,False
2023-11-09,81.52052307128906,82.1500015258789,82.80000305175781,81.4000015258789,82.5,18303691,yfinance,False
2023-11-10,78.99005889892578,79.5999984741211,81.0,79.55000305175781,80.9000015258789,34168743,yfinance,False
2023-11-13,80.0320053100586,80.6500015258789,81.0999984741211,79.0999984741211,80.0,31021604,yfinance,False
2023-11-14,78.5931167602539,79.19999694824219,80.44999694824219,79.0999984741211,80.25,28959042,yfinance,False
2023-11-15,82.56246948242188,83.19999694824219,83.25,81.25,82.1500015258789,50397502,yfinance,False
2023-11-16,80.72663879394531,81.3499984741211,84.19999694824219,81.0,84.19999694824219,58203453,yfinance,False
2023-11-17,72.688720703125,73.25,76.6500015258789,72.9000015258789,75.0,190538032,yfinance,False
2023-11-20,73.87952423095703,74.44999694824219,75.25,73.5999984741211,74.80000305175781,109101660,yfinance,False
2023-11-21,75.41764068603516,76.0,77.5,75.75,76.0,86788578,yfinance,False
2023-11-22,76.2611312866211,76.8499984741211,77.19999694824219,76.0999984741211,76.55000305175781,47284218,yfinance,False
2023-11-23,76.6580581665039,77.25,77.5,76.0,76.44999694824219,39544273,yfinance,False
2023-11-24,75.61609649658203,76.19999694824219,77.3499984741211,75.9000015258789,77.0999984741211,29509755,yfinance,False
2023-11-27,75.5168685913086,76.0999984741211,76.25,74.69999694824219,75.94999694824219,36613788,yfinance,False
2023-11-28,73.78028106689453,74.3499984741211,75.44999694824219,74.0,75.0,56690172,yfinance,False
2023-11-29,72.1429214477539,72.69999694824219,74.1500015258789,71.9000015258789,73.94999694824219,91555012,yfinance,False
2023-11-30,72.19255065917969,72.75,73.0,71.6500015258789,72.5,85244702,yfinance,False
2023-12-01,71.2994384765625,71.8499984741211,73.05000305175781,71.6500015258789,72.5999984741211,93686293,yfinance,False
2023-12-04,70.25749206542969,70.80000305175781,72.55000305175781,70.55000305175781,72.3499984741211,78421903,yfinance,False
2023-12-05,69.95978546142578,70.5,71.05000305175781,69.9000015258789,70.80000305175781,56325918,yfinance,False
2023-12-06,69.61247253417969,70.1500015258789,70.8499984741211,69.4000015258789,70.0,74529931,yfinance,False
2023-12-07,69.1659164428711,69.69999694824219,69.94999694824219,68.6500015258789,69.4000015258789,39815379,yfinance,False
2023-12-08,69.95978546142578,70.5,71.0,69.30000305175781,69.69999694824219,52123073,yfinance,False
2023-12-11,68.27281951904297,68.80000305175781,69.5,67.80000305175781,69.25,70139100,yfinance,False
2023-12-12,69.5628433227539,70.0999984741211,70.19999694824219,68.8499984741211,69.05000305175781,37921483,yfinance,False
2023-12-13,68.86821746826172,69.4000015258789,69.80000305175781,68.8499984741211,69.0,27833190,yfinance,False
2023-12-14,68.57051849365234,69.0999984741211,70.5999984741211,68.5999984741211,69.55000305175781,44998398,yfinance,False
2023-12-15,71.10098266601562,71.6500015258789,72.94999694824219,70.4000015258789,70.4000015258789,62228683,yfinance,False
2023-12-18,71.54752349853516,72.0999984741211,72.80000305175781,71.69999694824219,71.9000015258789,37723193,yfinance,False
2023-12-19,71.10098266601562,71.6500015258789,72.1500015258789,71.1500015258789,71.8499984741211,31969362,yfinance,False
2023-12-20,72.11990356445312,72.55000305175781,73.69999694824219,72.25,72.6500015258789,44579808,yfinance,False
2023-12-21,72.91515350341797,73.3499984741211,73.55000305175781,72.0,72.25,34236257,yfinance,False
2023-12-22,71.4240493774414,71.8499984741211,74.80000305175781,71.6500015258789,74.19999694824219,59400452,yfinance,False
2023-12-27,73.36248779296875,73.80000305175781,74.30000305175781,72.8499984741211,73.5,36876901,yfinance,False
2023-12-28,75.40032958984375,75.8499984741211,76.1500015258789,73.6500015258789,73.80000305175781,49312462,yfinance,False
2023-12-29,75.15180969238281,75.5999984741211,76.05000305175781,75.05000305175781,76.0,26301974,yfinance,False
2024-01-02,74.25714874267578,74.69999694824219,76.19999694824219,74.1500015258789,76.0999984741211,28567849,yfinance,False
2024-01-03,72.8654556274414,73.30000305175781,73.4000015258789,72.5999984741211,73.4000015258789,37529342,yfinance,False
2024-01-04,73.61100769042969,74.05000305175781,74.19999694824219,73.30000305175781,74.0,37563294,yfinance,False
2024-01-05,71.22523498535156,71.6500015258789,73.05000305175781,71.4000015258789,73.05000305175781,52087626,yfinance,False
2024-01-08,69.93292999267578,70.3499984741211,71.3499984741211,69.6500015258789,71.30000305175781,34239253,yfinance,False
2024-01-09,69.33649444580078,69.75,71.0999984741211,69.55000305175781,70.25,50769600,yfinance,False
2024-01-10,68.88916778564453,69.30000305175781,70.3499984741211,68.9000015258789,69.9000015258789,52717505,yfinance,False
2024-01-11,70.42997741699219,70.8499984741211,71.9000015258789,69.05000305175781,69.4000015258789,44861174,yfinance,False
2024-01-12,70.13175201416016,70.55000305175781,71.75,70.0999984741211,70.4000015258789,28180147,yfinance,False
2024-01-15,69.58501434326172,70.0,70.80000305175781,69.4000015258789,70.0999984741211,19966338,yfinance,False
2024-01-16,67.99449157714844,68.4000015258789,70.0,68.05000305175781,68.8499984741211,42678068,yfinance,False
2024-01-17,65.26081085205078,65.6500015258789,68.0,65.0999984741211,68.0,68277439,yfinance,False
2024-01-18,66.25487518310547,66.6500015258789,67.4000015258789,66.1500015258789,67.0999984741211,57626977,yfinance,False
2024-01-19,65.16139221191406,65.55000305175781,66.8499984741211,65.1500015258789,66.0999984741211,54296782,yfinance,False
2024-01-22,65.0619888305664,65.44999694824219,67.19999694824219,64.5999984741211,67.0999984741211,74043690,yfinance,False
2024-01-23,67.24894714355469,67.6500015258789,69.3499984741211,66.30000305175781,66.5999984741211,74570912,yfinance,False
2024-01-24,72.16959381103516,72.5999984741211,73.0,70.1500015258789,71.69999694824219,103474200,yfinance,False
2024-01-25,72.91515350341797,73.3499984741211,73.69999694824219,71.9000015258789,73.0,64649639,yfinance,False
2024-01-26,70.47968292236328,70.9000015258789,72.5999984741211,70.25,72.4000015258789,60517346,yfinance,False
2024-01-29,72.16959381103516,72.5999984741211,73.5,72.0999984741211,72.19999694824219,52527482,yfinance,False
2024-01-30,70.72819519042969,71.1500015258789,72.0,70.75,71.6500015258789,39880218,yfinance,False
2024-01-31,69.13768005371094,69.55000305175781,71.0,69.1500015258789,70.94999694824219,51391419,yfinance,False
2024-02-01,70.62879180908203,71.05000305175781,72.6500015258789,69.75,70.19999694824219,50417313,yfinance,False
2024-02-02,70.2808609008789,70.69999694824219,72.75,70.05000305175781,72.0,34666865,yfinance,False
2024-02-05,70.23116302490234,70.6500015258789,71.5,69.05000305175781,69.05000305175781,38569568,yfinance,False
2024-02-06,75.5494384765625,76.0,76.69999694824219,72.6500015258789,72.80000305175781,109957108,yfinance,False
2024-02-07,74.45596313476562,74.9000015258789,77.05000305175781,74.55000305175781,76.8499984741211,62186756,yfinance,False
2024-02-08,69.88323974609375,70.30000305175781,71.9000015258789,69.4000015258789,71.3499984741211,113581630,yfinance,False
2024-02-09,68.88916778564453,69.30000305175781,69.5,68.05000305175781,68.5,42137510,yfinance,False
2024-02-14,70.3802719116211,70.80000305175781,70.94999694824219,68.30000305175781,68.69999694824219,42049345,yfinance,False
2024-02-15,70.87730407714844,71.30000305175781,71.9000015258789,70.5999984741211,70.69999694824219,32587285,yfinance,False
2024-02-16,72.56723022460938,73.0,73.4000015258789,71.3499984741211,71.80000305175781,52343661,yfinance,False
2024-02-19,71.07611846923828,71.5,72.69999694824219,71.5,72.5,29322068,yfinance,False
2024-02-20,71.7222671508789,72.1500015258789,72.5999984741211,70.80000305175781,72.19999694824219,32254405,yfinance,False
2024-02-21,72.46782684326172,72.9000015258789,74.19999694824219,71.1500015258789,71.4000015258789,51979465,yfinance,False
2024-02-22,74.40625762939453,74.8499984741211,74.8499984741211,73.44999694824219,73.69999694824219,42773596,yfinance,False
2024-02-23,74.10803985595703,74.55000305175781,75.19999694824219,73.75,74.0999984741211,27579751,yfinance,False
2024-02-26,73.71041107177734,74.1500015258789,74.69999694824219,73.69999694824219,74.30000305175781,22212373,yfinance,False
2024-02-27,75.05240631103516,75.5,75.8499984741211,73.1500015258789,74.44999694824219,40440438,yfinance,False
2024-02-28,73.80982208251953,74.25,76.19999694824219,74.0999984741211,75.5999984741211,42583119,yfinance,False
2024-02-29,72.46782684326172,72.9000015258789,74.0999984741211,72.4000015258789,72.75,49333481,yfinance,False
2024-03-01,72.616943359375,73.05000305175781,73.4000015258789,71.5,72.0,60262868,yfinance,False
2024-03-04,71.67256164550781,72.0999984741211,73.44999694824219,71.5,73.30000305175781,55605212,yfinance,False
2024-03-05,69.28678894042969,69.69999694824219,70.9000015258789,69.05000305175781,70.19999694824219,59448363,yfinance,False
2024-03-06,71.4240493774414,71.8499984741211,72.69999694824219,70.30000305175781,70.55000305175781,56159854,yfinance,False
2024-03-07,70.2808609008789,70.69999694824219,72.6500015258789,70.0999984741211,72.05000305175781,42526429,yfinance,False
2024-03-08,70.82760620117188,71.25,72.3499984741211,70.75,70.80000305175781,33041436,yfinance,False
2024-03-11,72.36841583251953,72.80000305175781,73.19999694824219,72.0999984741211,72.1500015258789,37032890,yfinance,False
2024-03-12,74.40625762939453,74.8499984741211,75.0,72.94999694824219,73.55000305175781,73206579,yfinance,False
2024-03-13,73.5613021850586,74.0,75.05000305175781,73.75,74.5,47435359,yfinance,False
2024-03-14,73.01455688476562,73.44999694824219,75.19999694824219,72.80000305175781,74.30000305175781,48282142,yfinance,False
2024-03-15,71.4737548828125,71.9000015258789,72.0,70.80000305175781,71.4000015258789,66420792,yfinance,False
2024-03-18,71.57315063476562,72.0,72.5,71.1500015258789,71.1500015258789,29947868,yfinance,False
2024-03-19,70.67849731445312,71.0999984741211,71.69999694824219,70.5999984741211,71.25,38328086,yfinance,False
2024-03-20,70.82760620117188,71.25,71.75,70.3499984741211,71.30000305175781,30531961,yfinance,False
2024-03-21,72.11990356445312,72.55000305175781,73.25,72.25,72.5,38991190,yfinance,False
2024-03-22,70.5790786743164,71.0,72.4000015258789,70.0999984741211,72.19999694824219,46657792,yfinance,False
2024-03-25,69.88323974609375,70.30000305175781,70.94999694824219,69.80000305175781,70.1500015258789,42502492,yfinance,False
2024-03-26,69.88323974609375,70.30000305175781,70.8499984741211,69.30000305175781,69.5,46925401,yfinance,False
2024-03-27,68.39212799072266,68.80000305175781,69.94999694824219,68.5,69.69999694824219,66012638,yfinance,False
2024-03-28,69.83353424072266,70.25,71.69999694824219,69.3499984741211,69.3499984741211,63275589,yfinance,False
2024-04-02,70.5790786743164,71.0,72.0,69.69999694824219,71.6500015258789,63731872,yfinance,False
2024-04-03,69.93292999267578,70.3499984741211,71.8499984741211,70.1500015258789,71.8499984741211,42103303,yfinance,False
2024-04-05,69.63471984863281,70.05000305175781,70.94999694824219,68.9000015258789,70.4000015258789,41301670,yfinance,False
2024-04-08,69.9826431274414,70.4000015258789,71.0,69.25,69.9000015258789,29316176,yfinance,False
2024-04-09,70.08204650878906,70.5,71.44999694824219,69.8499984741211,70.0999984741211,34509483,yfinance,False
2024-04-10,73.5115966796875,73.94999694824219,74.5999984741211,71.30000305175781,71.30000305175781,87693112,yfinance,False
2024-04-11,73.7601089477539,74.19999694824219,74.44999694824219,72.5,72.75,41223561,yfinance,False
2024-04-12,71.22523498535156,71.6500015258789,73.5,71.44999694824219,73.1500015258789,44688721,yfinance,False
2024-04-15,69.9826431274414,70.4000015258789,70.6500015258789,69.80000305175781,70.0,42987921,yfinance,False
2024-04-16,68.04420471191406,68.44999694824219,69.25,68.19999694824219,68.80000305175781,53443746,yfinance,False
2024-04-17,67.59687042236328,68.0,68.55000305175781,67.30000305175781,68.0999984741211,40972640,yfinance,False
2024-04-18,67.49746704101562,67.9000015258789,68.55000305175781,67.19999694824219,67.69999694824219,31609984,yfinance,False
2024-04-19,66.30457305908203,66.69999694824219,67.05000305175781,65.80000305175781,66.8499984741211,51647818,yfinance,False
2024-04-22,68.04420471191406,68.44999694824219,69.44999694824219,67.5999984741211,67.5999984741211,42767591,yfinance,False
2024-04-23,69.38619995117188,69.80000305175781,70.3499984741211,68.80000305175781,69.30000305175781,47335665,yfinance,False
2024-04-24,72.0701904296875,72.5,73.0,70.75,71.25,64630900,yfinance,False
2024-04-25,72.56723022460938,73.0,74.0999984741211,72.05000305175781,72.5,43558815,yfinance,False
2024-04-26,74.85359954833984,75.30000305175781,75.69999694824219,73.19999694824219,73.19999694824219,76974505,yfinance,False
2024-04-29,73.90922546386719,74.3499984741211,76.0,74.0999984741211,74.30000305175781,55367962,yfinance,False
2024-04-30,73.90922546386719,74.3499984741211,75.4000015258789,73.80000305175781,75.1500015258789,47495457,yfinance,False
2024-05-02,75.64884948730469,76.0999984741211,76.75,73.3499984741211,73.5,68356381,yfinance,False
2024-05-03,78.73046112060547,79.19999694824219,80.44999694824219,78.5,78.69999694824219,79294381,yfinance,False
2024-05-06,79.02870178222656,79.5,79.5999984741211,78.5,79.5,56218498,yfinance,False
2024-05-07,77.5873031616211,78.05000305175781,79.3499984741211,77.4000015258789,79.05000305175781,45448994,yfinance,False
2024-05-08,75.69855499267578,76.1500015258789,78.44999694824219,75.55000305175781,78.25,54000423,yfinance,False
2024-05-09,76.34469604492188,76.80000305175781,76.94999694824219,75.30000305175781,75.75,52298823,yfinance,False
2024-05-10,77.48787689208984,77.94999694824219,78.75,77.0999984741211,77.5,47295135,yfinance,False
2024-05-13,80.66891479492188,81.1500015258789,81.5999984741211,77.30000305175781,77.6500015258789,78841984,yfinance,False
2024-05-14,82.16001892089844,82.6500015258789,83.44999694824219,82.0,82.0,78159136,yfinance,False
2024-05-16,79.22750091552734,79.69999694824219,81.0,78.80000305175781,79.30000305175781,111040078,yfinance,False
2024-05-17,85.19194030761719,85.69999694824219,85.9000015258789,84.44999694824219,85.0,111456576,yfinance,False
2024-05-20,84.84400939941406,85.3499984741211,86.30000305175781,84.8499984741211,85.9000015258789,53129878,yfinance,False
2024-05-21,83.89964294433594,84.4000015258789,85.9000015258789,83.94999694824219,85.5,43053288,yfinance,False
2024-05-22,82.50794219970703,83.0,84.30000305175781,83.0,84.1500015258789,34490738,yfinance,False
2024-05-23,78.1837387084961,78.6500015258789,81.05000305175781,77.55000305175781,81.0,100353257,yfinance,False
2024-05-24,77.68669891357422,78.1500015258789,79.9000015258789,77.6500015258789,78.44999694824219,48522482,yfinance,False
2024-05-27,78.78018188476562,79.25,79.6500015258789,77.9000015258789,78.9000015258789,39037400,yfinance,False
2024-05-28,79.07839965820312,79.55000305175781,80.19999694824219,78.8499984741211,79.19999694824219,32245775,yfinance,False
2024-05-29,76.34469604492188,76.80000305175781,78.80000305175781,76.0999984741211,78.5,67568273,yfinance,False
2024-05-30,75.84766387939453,76.30000305175781,77.5999984741211,75.9000015258789,76.4000015258789,46353905,yfinance,False
2024-05-31,74.45596313476562,74.9000015258789,77.9000015258789,74.9000015258789,77.44999694824219,148283968,yfinance,False
2024-06-03,76.19559478759766,76.6500015258789,77.5,76.44999694824219,76.5,73997961,yfinance,False
2024-06-04,75.94707489013672,76.4000015258789,76.8499984741211,75.9000015258789,76.0,30437293,yfinance,False
2024-06-05,76.49380493164062,76.94999694824219,78.4000015258789,76.5999984741211,77.1500015258789,41354457,yfinance,False
2024-06-06,76.6429214477539,77.0999984741211,78.44999694824219,76.6500015258789,78.0999984741211,39115156,yfinance,False
2024-06-07,76.6429214477539,77.0999984741211,78.0999984741211,76.9000015258789,78.0999984741211,46037914,yfinance,False
2024-06-11,75.99677276611328,76.44999694824219,77.05000305175781,75.75,76.5999984741211,45378373,yfinance,False
2024-06-12,73.91101837158203,74.1500015258789,75.19999694824219,74.05000305175781,74.5,34449076,yfinance,False
2024-06-13,74.25989532470703,74.5,75.3499984741211,73.69999694824219,75.30000305175781,51382442,yfinance,False
2024-06-14,72.56537628173828,72.80000305175781,73.9000015258789,72.25,73.75,61962416,yfinance,False
2024-06-17,72.2663345336914,72.5,73.0,71.1500015258789,71.8499984741211,35419261,yfinance,False
2024-06-18,71.86763000488281,72.0999984741211,73.4000015258789,71.8499984741211,72.5,34574126,yfinance,False
2024-06-19,73.96086120605469,74.19999694824219,74.44999694824219,72.25,72.9000015258789,31831878,yfinance,False
2024-06-20,73.16343688964844,73.4000015258789,74.44999694824219,73.30000305175781,73.94999694824219,24354943,yfinance,False
2024-06-21,71.7679443359375,72.0,72.6500015258789,71.5,72.44999694824219,57906313,yfinance,False
2024-06-24,71.81779479980469,72.05000305175781,72.0999984741211,71.0,71.05000305175781,32160122,yfinance,False
2024-06-25,72.41585540771484,72.6500015258789,73.19999694824219,72.0999984741211,72.25,27467171,yfinance,False
2024-06-26,72.6152114868164,72.8499984741211,73.44999694824219,71.69999694824219,71.69999694824219,29066186,yfinance,False
2024-06-27,71.31939697265625,71.55000305175781,72.5999984741211,71.25,72.0,37688869,yfinance,False
2024-06-28,70.27278137207031,70.5,71.5999984741211,70.5,70.5999984741211,39388456,yfinance,False
2024-07-02,70.22294616699219,70.44999694824219,72.0,69.80000305175781,69.80000305175781,43280648,yfinance,False
2024-07-03,71.96730041503906,72.19999694824219,72.75,71.0999984741211,71.6500015258789,38913160,yfinance,False
2024-07-04,72.91424560546875,73.1500015258789,73.94999694824219,73.0,73.4000015258789,30491758,yfinance,False
2024-07-05,72.66505432128906,72.9000015258789,73.80000305175781,72.75,73.0999984741211,30464780,yfinance,False
2024-07-08,71.568603515625,71.80000305175781,72.6500015258789,71.44999694824219,72.05000305175781,41071018,yfinance,False
2024-07-09,72.2663345336914,72.5,73.0,71.25,71.25,33931545,yfinance,False
2024-07-10,72.8644027709961,73.0999984741211,74.5999984741211,73.0999984741211,73.69999694824219,35940892,yfinance,False
2024-07-11,75.20683288574219,75.44999694824219,76.0,73.80000305175781,74.0,48693395,yfinance,False
2024-07-12,78.14732360839844,78.4000015258789,78.69999694824219,76.4000015258789,76.4000015258789,65804366,yfinance,False
2024-07-15,76.40296936035156,76.6500015258789,77.94999694824219,76.3499984741211,77.19999694824219,40320270,yfinance,False
2024-07-16,75.25666809082031,75.5,75.94999694824219,75.0999984741211,75.69999694824219,33288019,yfinance,False
2024-07-17,76.05409240722656,76.30000305175781,76.94999694824219,75.80000305175781,75.94999694824219,43176485,yfinance,False
2024-07-18,75.55570220947266,75.80000305175781,76.0999984741211,75.0999984741211,75.55000305175781,35852222,yfinance,False
2024-07-19,73.5621566772461,73.80000305175781,74.94999694824219,73.44999694824219,74.55000305175781,42933703,yfinance,False
2024-07-22,74.50908660888672,74.75,75.19999694824219,73.69999694824219,73.80000305175781,33903557,yfinance,False
2024-07-23,73.8611831665039,74.0999984741211,75.19999694824219,74.0,75.1500015258789,29397901,yfinance,False
2024-07-24,73.96086120605469,74.19999694824219,74.8499984741211,74.05000305175781,74.05000305175781,24392950,yfinance,False
2024-07-25,73.06376647949219,73.30000305175781,74.55000305175781,73.19999694824219,74.5,28685062,yfinance,False
2024-07-26,72.8644027709961,73.0999984741211,73.9000015258789,72.80000305175781,73.5999984741211,24685769,yfinance,False
2024-07-29,76.30328369140625,76.55000305175781,77.30000305175781,74.75,74.80000305175781,74410239,yfinance,False
2024-07-30,75.95441436767578,76.19999694824219,76.94999694824219,75.5999984741211,76.6500015258789,42711031,yfinance,False
2024-07-31,77.05086517333984,77.30000305175781,78.30000305175781,76.0999984741211,76.30000305175781,63322191,yfinance,False
2024-08-01,77.2502212524414,77.5,78.0,76.80000305175781,77.19999694824219,38913402,yfinance,False
2024-08-02,75.10714721679688,75.3499984741211,76.75,74.8499984741211,76.0,36160705,yfinance,False
2024-08-05,73.96086120605469,74.19999694824219,75.80000305175781,72.80000305175781,74.1500015258789,49548357,yfinance,False
2024-08-06,75.00747680664062,75.25,76.19999694824219,75.19999694824219,75.3499984741211,47939836,yfinance,False
2024-08-07,76.25344848632812,76.5,77.5,75.75,76.0,39385356,yfinance,False
2024-08-08,76.30328369140625,76.55000305175781,78.25,75.3499984741211,75.75,49320546,yfinance,False
2024-08-09,77.5990982055664,77.8499984741211,78.94999694824219,77.8499984741211,78.0999984741211,37944538,yfinance,False
2024-08-12,78.19715881347656,78.44999694824219,78.8499984741211,77.19999694824219,77.8499984741211,36296039,yfinance,False
2024-08-13,78.39652252197266,78.6500015258789,79.1500015258789,78.0,78.5999984741211,31992760,yfinance,False
2024-08-14,78.04765319824219,78.30000305175781,79.3499984741211,78.05000305175781,78.8499984741211,35577408,yfinance,False
2024-08-15,76.15377044677734,76.4000015258789,77.94999694824219,75.5,77.6500015258789,69314475,yfinance,False
2024-08-16,79.84184265136719,80.0999984741211,80.6500015258789,77.55000305175781,77.75,86304798,yfinance,False
2024-08-19,81.18749237060547,81.44999694824219,82.6500015258789,81.19999694824219,81.30000305175781,58682838,yfinance,False
2024-08-20,80.14087677001953,80.4000015258789,81.75,79.94999694824219,81.69999694824219,42535840,yfinance,False
2024-08-21,79.69232940673828,79.94999694824219,79.94999694824219,78.30000305175781,78.4000015258789,51464907,yfinance,False
2024-08-22,81.38685607910156,81.6500015258789,81.94999694824219,79.94999694824219,81.0999984741211,40296293,yfinance,False
2024-08-23,82.38362884521484,82.6500015258789,82.8499984741211,81.0999984741211,81.6500015258789,43575656,yfinance,False
2024-08-26,83.03153991699219,83.30000305175781,83.94999694824219,81.94999694824219,83.4000015258789,47740986,yfinance,False
2024-08-27,79.69232940673828,79.94999694824219,80.3499984741211,79.0,80.05000305175781,85310659,yfinance,False
2024-08-28,78.8450698852539,79.0999984741211,80.0999984741211,78.5999984741211,79.9000015258789,38782872,yfinance,False
2024-08-29,78.79523468017578,79.05000305175781,79.0999984741211,77.30000305175781,77.55000305175781,42829550,yfinance,False
2024-08-30,81.18749237060547,81.44999694824219,82.05000305175781,78.4000015258789,78.69999694824219,109667309,yfinance,False
2024-09-02,79.24378204345703,79.5,81.44999694824219,79.4000015258789,81.3499984741211,53674093,yfinance,False
2024-09-03,79.84184265136719,80.0999984741211,80.55000305175781,79.0,79.6500015258789,27709377,yfinance,False
2024-09-04,79.84184265136719,80.0999984741211,80.4000015258789,79.0,79.4000015258789,28553946,yfinance,False
2024-09-05,79.54281616210938,79.80000305175781,80.8499984741211,79.19999694824219,80.30000305175781,29214099,yfinance,False
2024-09-09,78.04765319824219,78.30000305175781,79.4000015258789,77.6500015258789,78.80000305175781,79250807,yfinance,False
2024-09-10,81.33700561523438,81.5999984741211,82.44999694824219,80.0,80.0,206633087,yfinance,False
2024-09-11,81.18749237060547,81.44999694824219,82.4000015258789,80.1500015258789,81.55000305175781,83945417,yfinance,False
2024-09-12,82.93184661865234,83.19999694824219,83.9000015258789,82.3499984741211,82.55000305175781,83669607,yfinance,False
2024-09-13,82.4832992553711,82.75,84.6500015258789,82.25,83.5,59196273,yfinance,False
2024-09-16,81.7357177734375,82.0,82.30000305175781,81.4000015258789,81.8499984741211,26558684,yfinance,False
2024-09-17,82.5829849243164,82.8499984741211,83.0999984741211,81.3499984741211,81.4000015258789,30485324,yfinance,False
2024-09-19,85.42379760742188,85.69999694824219,86.5,82.5,82.8499984741211,109112014,yfinance,False
2024-09-20,86.91896057128906,87.19999694824219,89.0,85.4000015258789,86.0,122726621,yfinance,False
2024-09-23,86.47041320800781,86.75,88.69999694824219,86.55000305175781,86.9000015258789,69609537,yfinance,False
2024-09-24,91.7034912109375,92.0,92.19999694824219,88.05000305175781,89.1500015258789,141958511,yfinance,False
2024-09-25,91.00575256347656,91.30000305175781,95.0,90.5999984741211,95.0,159777709,yfinance,False
2024-09-26,97.4349594116211,97.75,99.25,91.80000305175781,92.5,203287208,yfinance,False
2024-09-27,102.1696548461914,102.5,104.9000015258789,100.4000015258789,102.0,198337444,yfinance,False
2024-09-30,109.64547729492188,110.0,112.80000305175781,106.30000305175781,107.5999984741211,250502801,yfinance,False
2024-10-02,114.72904205322266,115.0999984741211,118.69999694824219,110.4000015258789,110.4000015258789,179685038,yfinance,False
2024-10-03,109.64547729492188,110.0,113.0,106.5,113.0,138390517,yfinance,False
2024-10-04,113.53291320800781,113.9000015258789,114.30000305175781,108.80000305175781,110.0,90914228,yfinance,False
2024-10-07,114.23065185546875,114.5999984741211,116.9000015258789,113.0,114.19999694824219,105041570,yfinance,False
2024-10-08,104.1632080078125,104.5,111.80000305175781,103.0,111.30000305175781,252168999,yfinance,False
2024-10-09,102.568359375,102.9000015258789,107.69999694824219,99.6500015258789,107.19999694824219,177757025,yfinance,False
2024-10-10,105.45901489257812,105.80000305175781,107.80000305175781,104.4000015258789,105.0,104808386,yfinance,False
2024-10-14,104.86094665527344,105.19999694824219,107.0999984741211,102.69999694824219,107.0,79240625,yfinance,False
2024-10-15,99.5281982421875,99.8499984741211,105.19999694824219,98.75,105.19999694824219,113107803,yfinance,False
2024-10-16,98.63108825683594,98.94999694824219,100.9000015258789,97.8499984741211,98.5,67551937,yfinance,False
2024-10-17,98.18254089355469,98.5,102.69999694824219,97.69999694824219,100.0,65933840,yfinance,False
2024-10-18,100.17609405517578,100.5,102.5,95.30000305175781,97.6500015258789,119104755,yfinance,False
2024-10-21,97.48480224609375,97.80000305175781,100.80000305175781,96.55000305175781,100.19999694824219,63514538,yfinance,False
2024-10-22,96.93657684326172,97.25,98.69999694824219,96.0999984741211,97.5999984741211,48715559,yfinance,False
2024-10-23,96.98641204833984,97.30000305175781,98.3499984741211,96.0999984741211,96.4000015258789,61919784,yfinance,False
2024-10-24,93.84656524658203,94.1500015258789,95.30000305175781,93.5,95.05000305175781,76909887,yfinance,False
2024-10-25,95.04269409179688,95.3499984741211,97.19999694824219,94.5999984741211,95.0,53441957,yfinance,False
2024-10-28,96.33850860595703,96.6500015258789,98.4000015258789,95.05000305175781,95.69999694824219,69415882,yfinance,False
2024-10-29,97.23561096191406,97.55000305175781,99.19999694824219,96.8499984741211,97.3499984741211,57004880,yfinance,False
2024-10-30,95.54108428955078,95.8499984741211,97.1500015258789,95.19999694824219,96.1500015258789,51472115,yfinance,False
2024-10-31,94.24527740478516,94.55000305175781,96.80000305175781,94.55000305175781,95.3499984741211,47207811,yfinance,False
2024-11-01,94.6938247680664,95.0,95.94999694824219,94.05000305175781,95.75,38347683,yfinance,False
2024-11-04,95.74044799804688,96.05000305175781,96.44999694824219,95.19999694824219,95.5999984741211,31007532,yfinance,False
2024-11-05,98.08287048339844,98.4000015258789,98.6500015258789,95.0999984741211,95.0999984741211,50986901,yfinance,False
2024-11-06,94.09575653076172,94.4000015258789,96.75,93.75,96.5,88756404,yfinance,False
2024-11-07,95.34172821044922,95.6500015258789,96.1500015258789,93.25,93.80000305175781,57481876,yfinance,False
2024-11-08,93.6970443725586,94.0,99.5,94.0,98.0,74794561,yfinance,False
2024-11-11,93.79672241210938,94.0999984741211,96.75,90.05000305175781,91.3499984741211,103787086,yfinance,False
2024-11-12,90.25817108154297,90.55000305175781,95.0,89.94999694824219,93.6500015258789,89444897,yfinance,False
2024-11-13,90.25817108154297,90.55000305175781,90.9000015258789,89.44999694824219,89.44999694824219,63573164,yfinance,False
2024-11-14,87.66654205322266,87.94999694824219,90.44999694824219,87.6500015258789,89.1500015258789,67262128,yfinance,False
2024-11-15,86.91896057128906,87.19999694824219,88.75,87.0,88.0,49182995,yfinance,False
2024-11-18,86.02186584472656,86.30000305175781,87.1500015258789,85.30000305175781,86.8499984741211,70101208,yfinance,False
2024-11-19,84.97525024414062,85.25,87.44999694824219,84.69999694824219,86.94999694824219,68824611,yfinance,False
2024-11-20,84.47686004638672,84.75,85.25,83.5,84.80000305175781,70389532,yfinance,False
2024-11-21,84.12799072265625,84.4000015258789,84.94999694824219,83.5999984741211,84.3499984741211,45741828,yfinance,False
2024-11-22,80.43991088867188,80.69999694824219,84.05000305175781,80.19999694824219,83.5999984741211,110110185,yfinance,False
2024-11-25,81.68588256835938,81.94999694824219,82.80000305175781,79.9000015258789,80.69999694824219,163133423,yfinance,False
2024-11-26,83.08136749267578,83.3499984741211,84.44999694824219,81.80000305175781,81.80000305175781,78159824,yfinance,False
2024-11-27,84.72605895996094,85.0,85.69999694824219,82.5,83.19999694824219,56559911,yfinance,False
2024-11-28,83.13121032714844,83.4000015258789,84.3499984741211,82.75,84.30000305175781,45005738,yfinance,False
2024-11-29,83.38040924072266,83.6500015258789,84.80000305175781,82.8499984741211,82.9000015258789,36163262,yfinance,False
2024-12-02,83.7292709350586,84.0,85.6500015258789,83.75,84.25,55668722,yfinance,False
2024-12-03,84.17781829833984,84.44999694824219,84.80000305175781,82.8499984741211,83.69999694824219,45041216,yfinance,False
2024-12-04,83.7292709350586,84.0,84.25,82.5999984741211,83.3499984741211,57896484,yfinance,False
2024-12-05,81.68588256835938,81.94999694824219,83.1500015258789,81.6500015258789,82.80000305175781,66632997,yfinance,False
2024-12-06,83.67943572998047,83.94999694824219,84.69999694824219,81.75,82.19999694824219,73451040,yfinance,False
2024-12-09,86.61993408203125,86.9000015258789,87.25,82.6500015258789,82.75,90092033,yfinance,False
2024-12-10,86.32089233398438,86.5999984741211,91.4000015258789,86.55000305175781,91.25,97398890,yfinance,False
2024-12-11,85.92218780517578,86.19999694824219,87.69999694824219,86.1500015258789,87.30000305175781,51946094,yfinance,False
2024-12-12,87.71638488769531,88.0,88.75,85.94999694824219,85.94999694824219,64845532,yfinance,False
2024-12-13,85.47364044189453,85.75,87.44999694824219,85.75,86.55000305175781,61023463,yfinance,False
2024-12-16,84.0781478881836,84.3499984741211,85.9000015258789,83.5,85.75,47958063,yfinance,False
2024-12-17,83.13121032714844,83.4000015258789,84.0999984741211,82.55000305175781,83.9000015258789,52558686,yfinance,False
2024-12-18,83.77912139892578,84.05000305175781,84.8499984741211,83.6500015258789,84.8499984741211,35976303,yfinance,False
2024-12-19,82.68265533447266,82.94999694824219,83.44999694824219,82.05000305175781,82.69999694824219,56263173,yfinance,False
2024-12-20,79.84184265136719,80.0999984741211,82.25,79.3499984741211,81.80000305175781,132887681,yfinance,False
2024-12-23,80.73894500732422,81.0,81.3499984741211,79.9000015258789,80.69999694824219,57974855,yfinance,False
2024-12-24,83.18104553222656,83.44999694824219,83.44999694824219,83.44999694824219,83.44999694824219,0,yfinance,False
2024-12-27,82.0845947265625,82.3499984741211,83.3499984741211,81.3499984741211,83.0,44013080,yfinance,False
2024-12-30,81.7357177734375,82.0,82.94999694824219,81.55000305175781,82.3499984741211,39010940,yfinance,False
2024-12-31,82.5829849243164,82.8499984741211,82.8499984741211,82.8499984741211,82.8499984741211,0,yfinance,False
2025-01-02,81.03797912597656,81.30000305175781,82.69999694824219,80.80000305175781,82.4000015258789,48562393,yfinance,False
2025-01-03,82.33378601074219,82.5999984741211,83.75,82.0,83.0999984741211,57859265,yfinance,False
2025-01-06,81.88523864746094,82.1500015258789,83.3499984741211,81.9000015258789,83.1500015258789,36259231,yfinance,False
2025-01-07,81.13765716552734,81.4000015258789,82.44999694824219,80.5,82.1500015258789,57807719,yfinance,False
2025-01-08,80.63927459716797,80.9000015258789,82.25,80.4000015258789,81.5999984741211,51033856,yfinance,False
2025-01-09,80.3402328491211,80.5999984741211,81.5999984741211,80.44999694824219,80.9000015258789,38857402,yfinance,False
2025-01-10,79.34345245361328,79.5999984741211,81.19999694824219,79.5,80.9000015258789,49178401,yfinance,False
2025-01-13,77.8482894897461,78.0999984741211,78.55000305175781,77.3499984741211,78.5,47082642,yfinance,False
2025-01-14,79.69232940673828,79.94999694824219,80.3499984741211,78.3499984741211,78.75,62238203,yfinance,False
2025-01-15,79.69232940673828,79.94999694824219,80.1500015258789,79.0999984741211,79.0999984741211,34729525,yfinance,False
2025-01-16,80.19071960449219,80.44999694824219,81.44999694824219,79.25,80.0999984741211,40303852,yfinance,False
2025-01-17,80.48975372314453,80.75,80.75,79.5999984741211,80.0,40613226,yfinance,False
2025-01-20,84.27751159667969,84.55000305175781,86.0999984741211,82.4000015258789,82.69999694824219,92760400,yfinance,False
2025-01-21,84.52670288085938,84.80000305175781,85.94999694824219,83.9000015258789,85.80000305175781,45376591,yfinance,False
2025-01-22,81.93507385253906,82.19999694824219,83.9000015258789,81.6500015258789,83.30000305175781,50020729,yfinance,False
2025-01-23,82.63282012939453,82.9000015258789,84.25,82.55000305175781,83.8499984741211,35695244,yfinance,False
2025-01-24,84.47686004638672,84.75,85.0,83.0,83.75,56000920,yfinance,False
2025-01-27,86.96880340576172,87.25,87.94999694824219,86.0999984741211,86.5999984741211,77324541,yfinance,False
2025-01-28,88.06525421142578,88.3499984741211,88.3499984741211,88.3499984741211,88.3499984741211,0,yfinance,False
2025-02-03,93.6970443725586,94.0,94.0999984741211,90.4000015258789,92.55000305175781,137951734,yfinance,False
2025-02-04,97.33528137207031,97.6500015258789,97.94999694824219,94.75,96.80000305175781,119029715,yfinance,False
2025-02-05,97.23561096191406,97.55000305175781,99.6500015258789,95.30000305175781,99.0,130268715,yfinance,False
2025-02-06,98.23238372802734,98.55000305175781,98.9000015258789,96.5,96.94999694824219,82663790,yfinance,False
2025-02-07,99.6777114868164,100.0,100.9000015258789,97.69999694824219,98.0,111035834,yfinance,False
2025-02-10,105.15998077392578,105.5,106.5,103.0,103.0,154940987,yfinance,False
2025-02-11,104.56192016601562,104.9000015258789,108.5999984741211,104.5999984741211,107.9000015258789,133001073,yfinance,False
2025-02-12,113.43323516845703,113.80000305175781,113.9000015258789,109.0999984741211,109.19999694824219,215324934,yfinance,False
2025-02-13,116.32388305664062,116.69999694824219,124.30000305175781,115.19999694824219,115.19999694824219,336901993,yfinance,False
2025-02-14,123.70003509521484,124.0999984741211,124.30000305175781,116.80000305175781,116.9000015258789,267121701,yfinance,False
2025-02-17,121.80615997314453,122.19999694824219,129.5,118.80000305175781,124.9000015258789,293596265,yfinance,False
2025-02-18,125.89295196533203,126.30000305175781,128.60000610351562,122.0,122.0,197776235,yfinance,False
2025-02-19,123.70003509521484,124.0999984741211,125.4000015258789,122.30000305175781,123.69999694824219,148288754,yfinance,False
2025-02-20,120.51034545898438,120.9000015258789,123.5999984741211,118.4000015258789,122.4000015258789,178330455,yfinance,False
2025-02-21,138.0536346435547,138.5,139.60000610351562,131.0,133.0,329402607,yfinance,False
2025-02-24,135.2626495361328,135.6999969482422,140.89999389648438,134.3000030517578,138.89999389648438,222538792,yfinance,False
2025-02-25,130.17909240722656,130.60000610351562,133.3000030517578,125.0,125.0999984741211,234415866,yfinance,False
2025-02-26,136.4587860107422,136.89999389648438,139.10000610351562,132.0,132.3000030517578,197155020,yfinance,False
2025-02-27,135.2626495361328,135.6999969482422,139.6999969482422,133.1999969482422,137.5,180178311,yfinance,False
2025-02-28,127.08908081054688,127.5,133.8000030517578,127.0999984741211,133.60000610351562,209019085,yfinance,False
2025-03-03,129.97972106933594,130.39999389648438,134.5,128.60000610351562,129.8000030517578,164140645,yfinance,False
2025-03-04,127.38811492919922,127.80000305175781,129.3000030517578,124.5,126.5999984741211,133778504,yfinance,False
2025-03-05,129.48133850097656,129.89999389648438,131.5,126.5999984741211,128.39999389648438,132295744,yfinance,False
2025-03-06,140.34622192382812,140.8000030517578,141.5,137.3000030517578,138.0,198863431,yfinance,False
2025-03-07,139.54879760742188,140.0,145.89999389648438,137.1999969482422,137.8000030517578,250700100,yfinance,False
2025-03-10,134.0665283203125,134.5,138.6999969482422,133.60000610351562,137.1999969482422,179071477,yfinance,False
2025-03-11,133.16943359375,133.60000610351562,134.8000030517578,127.69999694824219,127.80000305175781,157697693,yfinance,False
2025-03-12,134.3655548095703,134.8000030517578,138.0,131.89999389648438,138.0,124456918,yfinance,False
2025-03-13,131.07618713378906,131.5,133.89999389648438,129.10000610351562,133.8000030517578,101846984,yfinance,False
2025-03-14,135.36233520507812,135.8000030517578,137.60000610351562,132.8000030517578,134.5,108673140,yfinance,False
2025-03-17,135.0633087158203,135.5,139.0,135.10000610351562,137.60000610351562,72542321,yfinance,False
2025-03-18,142.9378204345703,143.39999389648438,143.5,140.60000610351562,143.3000030517578,145909264,yfinance,False
2025-03-19,140.64524841308594,141.10000610351562,142.3000030517578,139.60000610351562,140.3000030517578,83578664,yfinance,False
2025-03-20,135.0633087158203,135.5,140.0,135.10000610351562,140.0,113971960,yfinance,False
2025-03-21,130.2787628173828,130.6999969482422,135.3000030517578,130.39999389648438,133.60000610351562,143069660,yfinance,False
2025-03-24,132.3719940185547,132.8000030517578,134.10000610351562,130.39999389648438,132.0,90778453,yfinance,False
2025-03-25,127.28843688964844,127.69999694824219,132.10000610351562,127.5999984741211,130.6999969482422,104041459,yfinance,False
2025-03-26,129.08262634277344,129.5,130.6999969482422,128.0,128.60000610351562,57480050,yfinance,False
2025-03-27,129.68069458007812,130.10000610351562,133.0,128.3000030517578,129.39999389648438,63397449,yfinance,False
2025-03-28,130.57778930664062,131.0,133.5,129.0,132.0,66594496,yfinance,False
2025-03-31,127.58747100830078,128.0,130.0,126.0999984741211,128.8000030517578,78698386,yfinance,False
2025-04-01,129.3816680908203,129.8000030517578,131.5,128.89999389648438,129.10000610351562,59194990,yfinance,False
2025-04-02,129.58102416992188,130.0,132.0,128.39999389648438,129.0,61236236,yfinance,False
2025-04-03,123.10196685791016,123.5,126.4000015258789,121.5,122.5,165415092,yfinance,False
2025-04-07,100.97352600097656,101.30000305175781,112.19999694824219,100.0,108.0,392361045,yfinance,False
2025-04-08,102.1696548461914,102.5,106.30000305175781,97.55000305175781,105.69999694824219,291748687,yfinance,False
2025-04-09,103.26610565185547,103.5999984741211,105.69999694824219,95.69999694824219,97.4000015258789,251724654,yfinance,False
2025-04-10,104.46224212646484,104.80000305175781,110.4000015258789,104.4000015258789,108.0,239469665,yfinance,False
2025-04-11,102.66804504394531,103.0,106.5999984741211,101.5,103.0,178687575,yfinance,False
2025-04-14,107.85127258300781,108.19999694824219,109.9000015258789,105.69999694824219,107.4000015258789,166612582,yfinance,False
2025-04-15,109.5457992553711,109.9000015258789,111.80000305175781,108.5999984741211,111.80000305175781,103926447,yfinance,False
2025-04-16,105.06031036376953,105.4000015258789,107.5,104.0,107.0,116440525,yfinance,False
2025-04-17,108.34966278076172,108.69999694824219,109.30000305175781,104.5,105.0999984741211,113941562,yfinance,False
2025-04-22,109.64547729492188,110.0,111.5,107.19999694824219,108.4000015258789,118989644,yfinance,False
2025-04-23,115.62614440917969,116.0,116.9000015258789,113.9000015258789,116.4000015258789,142919552,yfinance,False
2025-04-24,113.43323516845703,113.80000305175781,116.30000305175781,112.5,115.69999694824219,91662927,yfinance,False
2025-04-25,115.22742462158203,115.5999984741211,117.9000015258789,114.9000015258789,116.19999694824219,82127311,yfinance,False
2025-04-28,114.82872009277344,115.19999694824219,117.80000305175781,114.4000015258789,117.80000305175781,67368966,yfinance,False
2025-04-29,114.62936401367188,115.0,117.4000015258789,114.19999694824219,115.69999694824219,63943734,yfinance,False
2025-04-30,117.12130737304688,117.5,117.5999984741211,114.5999984741211,116.4000015258789,68302501,yfinance,False
2025-05-02,121.60680389404297,122.0,123.0999984741211,118.0999984741211,119.19999694824219,72747697,yfinance,False
2025-05-06,123.4010009765625,123.80000305175781,124.69999694824219,120.80000305175781,122.5,89828348,yfinance,False
2025-05-07,120.90906524658203,121.30000305175781,127.80000305175781,121.30000305175781,126.9000015258789,105915833,yfinance,False
2025-05-08,121.1084213256836,121.5,123.69999694824219,120.30000305175781,120.80000305175781,70065236,yfinance,False
2025-05-09,123.20165252685547,123.5999984741211,124.4000015258789,121.80000305175781,122.9000015258789,64212711,yfinance,False
2025-05-12,130.77716064453125,131.1999969482422,131.89999389648438,124.9000015258789,126.0999984741211,163626351,yfinance,False
2025-05-13,125.69358825683594,126.0999984741211,131.0,125.5999984741211,131.0,110675822,yfinance,False
2025-05-14,129.97972106933594,130.39999389648438,130.8000030517578,126.80000305175781,127.80000305175781,88967136,yfinance,False
2025-05-15,128.48455810546875,128.89999389648438,131.6999969482422,127.9000015258789,131.39999389648438,83762982,yfinance,False
2025-05-16,123.0022964477539,123.4000015258789,124.19999694824219,120.30000305175781,121.0,146404177,yfinance,False
2025-05-19,118.81582641601562,119.19999694824219,120.80000305175781,117.5,119.9000015258789,124103481,yfinance,False
2025-05-20,121.30776977539062,121.69999694824219,122.5999984741211,119.19999694824219,120.0,63599789,yfinance,False
2025-05-21,122.70326232910156,123.0999984741211,123.69999694824219,122.0999984741211,123.0999984741211,48764348,yfinance,False
2025-05-22,118.71614837646484,119.0999984741211,121.80000305175781,118.5999984741211,121.5999984741211,77869662,yfinance,False
2025-05-23,118.41712188720703,118.80000305175781,119.9000015258789,117.69999694824219,119.5,66708012,yfinance,False
2025-05-26,116.52324676513672,116.9000015258789,119.5999984741211,116.80000305175781,118.5,61541743,yfinance,False
2025-05-27,117.61969757080078,118.0,118.19999694824219,115.0999984741211,116.0,52883817,yfinance,False
2025-05-28,115.32711029052734,115.69999694824219,118.5,115.19999694824219,118.19999694824219,68081387,yfinance,False
2025-05-29,117.71937561035156,118.0999984741211,118.80000305175781,115.30000305175781,115.30000305175781,74783592,yfinance,False
2025-05-30,113.53291320800781,113.9000015258789,115.4000015258789,112.80000305175781,115.0999984741211,204654182,yfinance,False
2025-06-02,112.83515930175781,113.19999694824219,113.5999984741211,109.80000305175781,112.0,73453819,yfinance,False
2025-06-03,113.53291320800781,113.9000015258789,114.4000015258789,112.9000015258789,113.19999694824219,59256715,yfinance,False
2025-06-04,114.23065185546875,114.5999984741211,115.5999984741211,112.5999984741211,113.19999694824219,73216251,yfinance,False
2025-06-05,117.91873931884766,118.30000305175781,118.5,117.19999694824219,117.9000015258789,77117941,yfinance,False
2025-06-06,116.22420501708984,116.5999984741211,118.30000305175781,115.69999694824219,118.30000305175781,75163798,yfinance,False
2025-06-09,118.91551208496094,119.30000305175781,120.30000305175781,117.5999984741211,118.0,84322573,yfinance,False
2025-06-10,118.41712188720703,118.80000305175781,120.5,117.5999984741211,120.4000015258789,54323007,yfinance,False
2025-06-11,118.26728820800781,118.4000015258789,119.0,117.9000015258789,118.5999984741211,50080516,yfinance,False
2025-06-12,114.47154998779297,114.5999984741211,116.30000305175781,114.30000305175781,115.69999694824219,82878015,yfinance,False
2025-06-13,111.87446594238281,112.0,114.0999984741211,110.5999984741211,112.80000305175781,122464076,yfinance,False
2025-06-16,112.77345275878906,112.9000015258789,113.80000305175781,110.30000305175781,111.0999984741211,73900525,yfinance,False
2025-06-17,114.67132568359375,114.80000305175781,115.5,113.9000015258789,114.30000305175781,59968684,yfinance,False
2025-06-18,112.07423400878906,112.19999694824219,114.0999984741211,111.4000015258789,114.0999984741211,55865417,yfinance,False
2025-06-19,109.87670135498047,110.0,111.9000015258789,109.5999984741211,111.5999984741211,55573686,yfinance,False
2025-06-20,111.57479858398438,111.69999694824219,111.69999694824219,110.0,111.0,106839365,yfinance,False
2025-06-23,110.67581176757812,110.80000305175781,111.0999984741211,108.5999984741211,110.0,68537835,yfinance,False
2025-06-24,112.57367706298828,112.69999694824219,113.5999984741211,111.5999984741211,112.0999984741211,66616313,yfinance,False
2025-06-25,115.37053680419922,115.5,116.19999694824219,113.5999984741211,115.0,79338255,yfinance,False
2025-06-26,112.07423400878906,112.19999694824219,113.30000305175781,112.0999984741211,113.0,86859946,yfinance,False
2025-06-27,111.97434997558594,112.0999984741211,113.5,111.4000015258789,112.5999984741211,75942306,yfinance,False
2025-06-30,109.67693328857422,109.80000305175781,112.0,109.80000305175781,111.5,90192013,yfinance,False
2025-07-02,109.27738189697266,109.4000015258789,112.0,108.69999694824219,111.69999694824219,88248907,yfinance,False
2025-07-03,106.08096313476562,106.19999694824219,109.5999984741211,105.19999694824219,108.80000305175781,155395466,yfinance,False
2025-07-04,104.98219299316406,105.0999984741211,106.4000015258789,103.0999984741211,105.19999694824219,106812953,yfinance,False
2025-07-07,105.2818603515625,105.4000015258789,105.5999984741211,102.30000305175781,104.0,81216305,yfinance,False
2025-07-08,106.88006591796875,107.0,107.5999984741211,104.19999694824219,104.69999694824219,81928731,yfinance,False
2025-07-09,102.78466796875,102.9000015258789,106.30000305175781,102.69999694824219,106.0999984741211,134137844,yfinance,False
2025-07-10,103.08432006835938,103.19999694824219,103.80000305175781,101.80000305175781,102.0,98855593,yfinance,False
2025-07-11,104.98219299316406,105.0999984741211,106.9000015258789,103.30000305175781,103.30000305175781,115975182,yfinance,False
2025-07-14,105.98107147216797,106.0999984741211,106.69999694824219,104.4000015258789,104.4000015258789,65552727,yfinance,False
2025-07-15,113.3727798461914,113.5,113.69999694824219,106.5,106.5,195489816,yfinance,False
2025-07-16,113.67244720458984,113.80000305175781,117.69999694824219,113.5,115.69999694824219,144295161,yfinance,False
2025-07-17,112.3739013671875,112.5,115.0,112.0999984741211,113.4000015258789,74908706,yfinance,False
2025-07-18,115.67020416259766,115.80000305175781,116.30000305175781,114.4000015258789,115.30000305175781,83105716,yfinance,False
2025-07-21,117.76785278320312,117.9000015258789,118.80000305175781,117.0,118.80000305175781,95474095,yfinance,False
2025-07-22,117.86773681640625,118.0,118.19999694824219,116.0,117.69999694824219,63352702,yfinance,False
2025-07-23,120.76448822021484,120.9000015258789,122.0,117.69999694824219,119.0,119661760,yfinance,False
2025-07-24,120.1651611328125,120.30000305175781,121.80000305175781,119.9000015258789,120.9000015258789,77592812,yfinance,False
2025-07-25,117.86773681640625,118.0,119.30000305175781,117.5,119.0999984741211,63455940,yfinance,False
2025-07-28,120.4648208618164,120.5999984741211,121.69999694824219,118.9000015258789,119.5,69215231,yfinance,False
2025-07-29,120.56470489501953,120.69999694824219,121.0,118.0999984741211,119.19999694824219,59019387,yfinance,False
2025-07-30,116.96874237060547,117.0999984741211,119.5999984741211,117.0999984741211,117.69999694824219,88754280,yfinance,False
2025-07-31,115.5703125,115.69999694824219,118.0,114.30000305175781,116.0,97698587,yfinance,False
2025-08-01,116.76897430419922,116.9000015258789,119.30000305175781,116.69999694824219,117.80000305175781,75031091,yfinance,False
2025-08-04,116.06975555419922,116.19999694824219,116.69999694824219,114.69999694824219,115.5,50516068,yfinance,False
2025-08-05,115.86997985839844,116.0,116.30000305175781,114.5999984741211,116.0999984741211,52371110,yfinance,False
2025-08-06,116.5691909790039,116.69999694824219,119.19999694824219,115.0999984741211,115.5999984741211,73715023,yfinance,False
2025-08-07,119.06639099121094,119.19999694824219,119.80000305175781,117.9000015258789,119.0999984741211,66845112,yfinance,False
2025-08-08,116.16964721679688,116.30000305175781,118.5999984741211,116.0999984741211,118.5999984741211,60373207,yfinance,False
2025-08-11,118.36717987060547,118.5,119.0,116.9000015258789,118.0,43065055,yfinance,False
2025-08-12,116.46930694580078,116.5999984741211,117.5,116.0999984741211,116.80000305175781,55676119,yfinance,False
2025-08-13,123.56134796142578,123.69999694824219,123.80000305175781,119.19999694824219,120.0,150500459,yfinance,False
2025-08-14,121.66348266601562,121.80000305175781,125.19999694824219,121.0,124.80000305175781,83916791,yfinance,False
2025-08-15,117.96762084960938,118.0999984741211,119.80000305175781,117.80000305175781,119.30000305175781,110541625,yfinance,False
2025-08-18,118.4670639038086,118.5999984741211,120.80000305175781,118.30000305175781,118.30000305175781,76093381,yfinance,False
2025-08-19,118.16740417480469,118.30000305175781,119.69999694824219,117.9000015258789,118.4000015258789,55732895,yfinance,False
2025-08-20,117.36830139160156,117.5,118.0,116.0999984741211,117.19999694824219,62830049,yfinance,False
2025-08-21,115.5703125,115.69999694824219,117.5999984741211,115.0,117.30000305175781,66716053,yfinance,False
2025-08-22,117.86773681640625,118.0,118.30000305175781,115.30000305175781,115.5,73604857,yfinance,False
2025-08-25,124.3604507446289,124.5,126.0,120.4000015258789,120.4000015258789,162992103,yfinance,False
2025-08-26,121.1640396118164,121.30000305175781,123.9000015258789,121.0999984741211,122.0,90253630,yfinance,False
2025-08-27,121.36381530761719,121.5,124.30000305175781,121.0,121.30000305175781,114213258,yfinance,False
2025-08-28,115.67020416259766,115.80000305175781,119.30000305175781,115.5999984741211,119.0999984741211,171962832,yfinance,False
2025-08-29,115.5703125,115.69999694824219,119.0,115.69999694824219,116.80000305175781,110429482,yfinance,False
2025-09-01,136.9463348388672,137.10000610351562,138.0,133.0,133.0,404948185,yfinance,False
2025-09-02,134.54901123046875,134.6999969482422,139.89999389648438,134.6999969482422,139.89999389648438,166594096,yfinance,False
2025-09-03,133.94969177246094,134.10000610351562,137.8000030517578,133.0,136.5,104631522,yfinance,False
2025-09-04,129.65451049804688,129.8000030517578,134.8000030517578,128.5,134.3000030517578,148595855,yfinance,False
2025-09-05,131.6522674560547,131.8000030517578,133.0,128.10000610351562,128.5,127450276,yfinance,False
2025-09-08,137.14610290527344,137.3000030517578,138.0,133.10000610351562,133.1999969482422,147299900,yfinance,False
2025-09-09,141.74093627929688,141.89999389648438,142.8000030517578,138.0,138.60000610351562,181120225,yfinance,False
2025-09-10,142.6399383544922,142.8000030517578,147.89999389648438,142.60000610351562,144.6999969482422,181722198,yfinance,False
2025-09-11,143.13938903808594,143.3000030517578,146.5,139.10000610351562,140.89999389648438,174456621,yfinance,False
2025-09-12,150.93064880371094,151.10000610351562,153.8000030517578,150.10000610351562,151.6999969482422,170663495,yfinance,False
2025-09-15,154.42672729492188,154.60000610351562,156.8000030517578,150.10000610351562,150.39999389648438,146193613,yfinance,False
2025-09-16,153.32794189453125,153.5,156.8000030517578,152.5,154.0,111088746,yfinance,False
2025-09-17,161.4188690185547,161.60000610351562,162.3000030517578,156.6999969482422,157.6999969482422,156646724,yfinance,False
2025-09-18,158.22244262695312,158.39999389648438,164.8000030517578,156.3000030517578,162.10000610351562,209809246,yfinance,False
2025-09-19,158.9216766357422,159.10000610351562,162.8000030517578,156.60000610351562,158.89999389648438,138827373,yfinance,False
2025-09-22,159.0215606689453,159.1999969482422,161.5,157.3000030517578,157.60000610351562,103208970,yfinance,False
2025-09-23,159.22132873535156,159.39999389648438,163.10000610351562,156.6999969482422,160.0,119175251,yfinance,False
2025-09-24,173.80496215820312,174.0,174.89999389648438,157.60000610351562,158.5,261023658,yfinance,False
2025-09-25,171.8072052001953,172.0,177.8000030517578,171.10000610351562,174.0,172333447,yfinance,False
2025-09-26,166.31336975097656,166.5,171.89999389648438,165.0,168.39999389648438,152987253,yfinance,False
2025-09-29,173.2056427001953,173.39999389648438,174.3000030517578,166.89999389648438,166.89999389648438,134259119,yfinance,False
2025-09-30,176.80160522460938,177.0,178.0,173.6999969482422,176.60000610351562,135460219,yfinance,False
2025-10-02,182.894775390625,183.10000610351562,185.0,179.10000610351562,179.6999969482422,96036992,yfinance,False
2025-10-03,184.8925323486328,185.10000610351562,186.1999969482422,183.3000030517578,185.0,56780997,yfinance,False
2025-10-06,180.2976837158203,180.5,183.8000030517578,179.8000030517578,181.8000030517578,49211980,yfinance,False
2025-10-08,177.40093994140625,177.60000610351562,178.3000030517578,173.5,178.10000610351562,75252197,yfinance,False
2025-10-09,173.1057586669922,173.3000030517578,179.0,171.5,179.0,158029622,yfinance,False
2025-10-10,165.214599609375,165.39999389648438,170.3000030517578,164.8000030517578,169.10000610351562,186753966,yfinance,False
2025-10-13,162.41775512695312,162.60000610351562,163.60000610351562,156.10000610351562,159.0,282816644,yfinance,False
2025-10-14,155.42559814453125,155.60000610351562,166.10000610351562,154.0,164.8000030517578,201534774,yfinance,False
2025-10-15,161.4188690185547,161.60000610351562,162.6999969482422,156.10000610351562,158.6999969482422,111159729,yfinance,False
2025-10-16,161.01931762695312,161.1999969482422,164.1999969482422,158.60000610351562,162.60000610351562,73190193,yfinance,False
2025-10-17,154.2269287109375,154.39999389648438,161.0,153.0,161.0,133552318,yfinance,False
2025-10-20,161.71852111816406,161.89999389648438,162.89999389648438,160.0,162.10000610351562,98042110,yfinance,False
2025-10-21,164.91494750976562,165.10000610351562,169.0,164.8000030517578,167.5,110624314,yfinance,False
2025-10-22,161.71852111816406,161.89999389648438,163.60000610351562,160.0,162.6999969482422,67640668,yfinance,False
2025-10-23,164.41551208496094,164.60000610351562,165.5,159.10000610351562,161.89999389648438,86447894,yfinance,False
2025-10-24,168.11135864257812,168.3000030517578,169.3000030517578,166.60000610351562,168.0,84064278,yfinance,False
2025-10-27,173.40542602539062,173.60000610351562,175.0,172.10000610351562,174.8000030517578,96795907,yfinance,False
2025-10-28,170.80833435058594,171.0,174.1999969482422,169.5,174.0,78492657,yfinance,False
2025-10-30,171.9071044921875,172.10000610351562,174.8000030517578,169.0,173.39999389648438,112254088,yfinance,False
2025-10-31,164.91494750976562,165.10000610351562,170.60000610351562,165.10000610351562,169.8000030517578,97457096,yfinance,False
2025-11-03,163.01707458496094,163.1999969482422,166.3000030517578,161.5,164.89999389648438,74773287,yfinance,False
2025-11-04,158.82177734375,159.0,164.0,158.10000610351562,164.0,89529769,yfinance,False
2025-11-05,158.3223419189453,158.5,159.3000030517578,154.1999969482422,156.60000610351562,94071358,yfinance,False
2025-11-06,164.8150634765625,165.0,165.3000030517578,159.89999389648438,160.8000030517578,83528391,yfinance,False
2025-11-07,159.92056274414062,160.10000610351562,163.1999969482422,158.89999389648438,163.1999969482422,66709927,yfinance,False
2025-11-10,163.2168426513672,163.39999389648438,164.1999969482422,160.39999389648438,162.8000030517578,57596575,yfinance,False
2025-11-11,160.22019958496094,160.39999389648438,162.39999389648438,158.60000610351562,161.5,73054852,yfinance,False
2025-11-12,156.62425231933594,156.8000030517578,158.39999389648438,155.1999969482422,157.10000610351562,96741580,yfinance,False
2025-11-13,161.81842041015625,162.0,166.0,153.3000030517578,153.89999389648438,155447392,yfinance,False
2025-11-14,154.72637939453125,154.89999389648438,158.39999389648438,154.5,156.5,101354219,yfinance,False
2025-11-17,154.72637939453125,154.89999389648438,158.0,152.10000610351562,152.3000030517578,113907864,yfinance,False
2025-11-18,154.42672729492188,154.60000610351562,158.39999389648438,153.1999969482422,153.1999969482422,102880519,yfinance,False
2025-11-19,156.2246856689453,156.39999389648438,157.89999389648438,155.10000610351562,155.8000030517578,71141046,yfinance,False
2025-11-20,154.62649536132812,154.8000030517578,159.8000030517578,154.0,158.3000030517578,65486765,yfinance,False
2025-11-21,147.4345703125,147.60000610351562,150.60000610351562,146.89999389648438,150.0,141043093,yfinance,False
2025-11-24,154.3268280029297,154.5,156.3000030517578,147.8000030517578,147.8000030517578,199790253,yfinance,False
2025-11-25,157.6231231689453,157.8000030517578,160.5,153.39999389648438,159.0,147102629,yfinance,False
2025-11-26,154.62649536132812,154.8000030517578,158.0,153.39999389648438,154.0,110863259,yfinance,False
2025-11-27,150.4311981201172,150.60000610351562,154.89999389648438,150.10000610351562,154.0,103303822,yfinance,False
2025-11-28,151.33018493652344,151.5,153.1999969482422,151.0,151.8000030517578,66572166,yfinance,False
2025-12-01,154.72637939453125,154.89999389648438,156.89999389648438,152.0,153.0,93259220,yfinance,False
2025-12-02,156.8240203857422,157.0,160.10000610351562,156.3000030517578,160.10000610351562,74133971,yfinance,False
2025-12-03,153.42784118652344,153.60000610351562,156.60000610351562,153.10000610351562,155.8000030517578,54076752,yfinance,False
2025-12-04,154.2269287109375,154.39999389648438,155.10000610351562,152.5,153.10000610351562,57110210,yfinance,False
2025-12-05,154.82626342773438,155.0,155.10000610351562,152.60000610351562,153.1999969482422,78815068,yfinance,False
2025-12-08,153.22805786132812,153.39999389648438,155.5,152.8000030517578,155.0,75226835,yfinance,False
2025-12-09,150.73085021972656,150.89999389648438,156.8000030517578,150.39999389648438,155.10000610351562,69789164,yfinance,False
2025-12-10,153.0282745361328,153.1999969482422,153.39999389648438,149.60000610351562,150.5,61369895,yfinance,False
2025-12-11,150.4311981201172,150.60000610351562,155.5,150.5,155.0,59433982,yfinance,False
2025-12-12,153.92727661132812,154.10000610351562,154.10000610351562,150.8000030517578,152.6999969482422,88532981,yfinance,False
2025-12-15,148.43344116210938,148.60000610351562,151.6999969482422,148.5,150.8000030517578,94298860,yfinance,False
2025-12-16,144.03836059570312,144.1999969482422,147.0,141.60000610351562,146.89999389648438,118119058,yfinance,False
2025-12-17,145.8363494873047,146.0,147.3000030517578,143.10000610351562,144.1999969482422,60486179,yfinance,False
2025-12-18,143.93849182128906,144.10000610351562,144.89999389648438,142.89999389648438,143.10000610351562,47014025,yfinance,False
2025-12-19,145.13714599609375,145.3000030517578,146.6999969482422,144.1999969482422,145.0,70392591,yfinance,False
2025-12-22,146.23590087890625,146.39999389648438,148.5,145.0,146.0,58877432,yfinance,False
2025-12-23,147.03500366210938,147.1999969482422,148.0,146.39999389648438,146.6999969482422,47601549,yfinance,False
2025-12-24,145.93624877929688,146.10000610351562,146.10000610351562,146.10000610351562,146.10000610351562,0,yfinance,False
2025-12-29,143.13938903808594,143.3000030517578,148.5,143.3000030517578,147.10000610351562,62656820,yfinance,False
2025-12-30,144.33802795410156,144.5,145.6999969482422,143.1999969482422,143.3000030517578,60201594,yfinance,False
2025-12-31,142.6399383544922,142.8000030517578,143.8000030517578,142.39999389648438,143.6999969482422,35628222,yfinance,False
2026-01-02,148.83299255371094,149.0,149.6999969482422,142.89999389648438,143.1999969482422,48902470,yfinance,False
2026-01-05,152.6287384033203,152.8000030517578,153.8000030517578,150.0,151.10000610351562,102834720,yfinance,False
2026-01-06,150.6309814453125,150.8000030517578,153.1999969482422,150.5,150.89999389648438,112004139,yfinance,False
2026-01-07,145.73646545410156,145.89999389648438,147.8000030517578,143.5,147.10000610351562,149677478,yfinance,False
2026-01-08,142.44017028808594,142.60000610351562,144.89999389648438,141.0,143.60000610351562,107421412,yfinance,False
2026-01-09,146.33580017089844,146.5,149.5,145.89999389648438,148.0,115234256,yfinance,False
2026-01-12,154.12705993652344,154.3000030517578,154.60000610351562,146.0,146.89999389648438,164580300,yfinance,False
2026-01-13,159.72076416015625,159.89999389648438,164.0,157.39999389648438,162.0,153153842,yfinance,False
2026-01-14,168.81057739257812,169.0,169.8000030517578,162.10000610351562,163.8000030517578,244622843,yfinance,False
2026-01-15,164.41551208496094,164.60000610351562,170.10000610351562,163.10000610351562,168.89999389648438,133061563,yfinance,False
2026-01-16,166.01370239257812,166.1999969482422,168.6999969482422,165.0,167.89999389648438,79370877,yfinance,False
2026-01-19,160.22019958496094,160.39999389648438,162.5,160.10000610351562,162.0,72500898,yfinance,False
2026-01-20,159.52099609375,159.6999969482422,162.1999969482422,158.60000610351562,159.8000030517578,55456218,yfinance,False
2026-01-21,163.01707458496094,163.1999969482422,164.89999389648438,158.3000030517578,158.3000030517578,67441221,yfinance,False
2026-01-22,164.6152801513672,164.8000030517578,166.5,162.8000030517578,166.0,59810988,yfinance,False
2026-01-23,168.31112670898438,168.5,172.0,168.3000030517578,171.1999969482422,93252549,yfinance,False
2026-01-26,165.01483154296875,165.1999969482422,170.1999969482422,164.5,169.5,67819829,yfinance,False
2026-01-27,169.70956420898438,169.89999389648438,169.89999389648438,164.89999389648438,166.8000030517578,73661350,yfinance,False
2026-01-28,173.30552673339844,173.5,173.8000030517578,168.60000610351562,170.5,102209414,yfinance,False
2026-01-29,173.1057586669922,173.3000030517578,174.1999969482422,170.3000030517578,171.10000610351562,67539478,yfinance,False
2026-01-30,169.01034545898438,169.1999969482422,170.6999969482422,167.0,170.0,75134065,yfinance,False
2026-02-02,163.11695861816406,163.3000030517578,167.89999389648438,161.0,164.6999969482422,100747598,yfinance,False
2026-02-03,160.8195343017578,161.0,166.0,155.1999969482422,165.39999389648438,111086312,yfinance,False
2026-02-04,159.32122802734375,159.5,162.3000030517578,157.10000610351562,159.39999389648438,71689072,yfinance,False
2026-02-05,159.42111206054688,159.60000610351562,160.39999389648438,154.0,155.5,89720504,yfinance,False
2026-02-06,154.82626342773438,155.0,156.8000030517578,153.1999969482422,153.5,78125091,yfinance,False
2026-02-09,157.72300720214844,157.89999389648438,160.1999969482422,157.60000610351562,159.5,58582947,yfinance,False
2026-02-10,160.32009887695312,160.5,162.60000610351562,158.6999969482422,159.6999969482422,58402811,yfinance,False
2026-02-11,159.92056274414062,160.10000610351562,162.6999969482422,159.60000610351562,161.3000030517578,51639528,yfinance,False
2026-02-12,158.4222412109375,158.60000610351562,159.5,156.10000610351562,157.89999389648438,56768511,yfinance,False
2026-02-13,155.22581481933594,155.39999389648438,156.39999389648438,153.89999389648438,154.0,69945660,yfinance,False
2026-02-16,154.52659606933594,154.6999969482422,154.6999969482422,154.6999969482422,154.6999969482422,0,yfinance,False
2026-02-20,146.93511962890625,147.10000610351562,151.6999969482422,147.10000610351562,150.0,70273864,yfinance,False
2026-02-23,152.02940368652344,152.1999969482422,153.3000030517578,149.5,150.10000610351562,44852186,yfinance,False
2026-02-24,147.8341064453125,148.0,150.39999389648438,147.0,149.89999389648438,82838070,yfinance,False
2026-02-25,148.13377380371094,148.3000030517578,150.1999969482422,148.10000610351562,149.8000030517578,47742854,yfinance,False
2026-02-26,142.8397216796875,143.0,148.8000030517578,143.0,148.3000030517578,98872855,yfinance,False
2026-02-27,142.7398223876953,142.89999389648438,145.5,142.1999969482422,143.0,88719769,yfinance,False
2026-03-02,136.24710083007812,136.39999389648438,140.5,135.60000610351562,139.60000610351562,134838521,yfinance,False
2026-03-03,134.64891052246094,134.8000030517578,139.1999969482422,134.60000610351562,139.0,88507248,yfinance,False
2026-03-04,129.75439453125,129.89999389648438,133.0,127.69999694824219,131.1999969482422,163124992,yfinance,False
2026-03-05,126.15843963623047,126.30000305175781,131.39999389648438,125.0999984741211,130.5,141677427,yfinance,False
2026-03-06,130.55349731445312,130.6999969482422,132.0,126.5,126.9000015258789,100859931,yfinance,False
2026-03-09,128.5557403564453,128.6999969482422,129.39999389648438,125.0999984741211,125.19999694824219,102893047,yfinance,False
2026-03-10,133.35035705566406,133.5,134.1999969482422,130.0,131.0,98445281,yfinance,False
2026-03-11,133.0507049560547,133.1999969482422,136.10000610351562,132.39999389648438,135.5,61695884,yfinance,False
2026-03-12,131.45249938964844,131.60000610351562,133.5,129.60000610351562,130.60000610351562,57889342,yfinance,False
2026-03-13,132.3514862060547,132.5,134.60000610351562,130.39999389648438,131.3000030517578,51862084,yfinance,False
2026-03-16,133.8498077392578,134.0,135.10000610351562,130.8000030517578,132.89999389648438,50025123,yfinance,False
2026-03-17,134.4491424560547,134.60000610351562,138.5,134.60000610351562,135.1999969482422,76247583,yfinance,False
2026-03-18,137.545654296875,137.6999969482422,140.1999969482422,133.10000610351562,134.39999389648438,108384226,yfinance,False
2026-03-19,131.85205078125,132.0,134.1999969482422,131.1999969482422,132.6999969482422,112049539,yfinance,False
2026-03-20,123.56134796142578,123.69999694824219,126.80000305175781,122.4000015258789,123.5,206068855,yfinance,False
2026-03-23,119.56582641601562,119.69999694824219,121.5999984741211,117.69999694824219,120.80000305175781,136352855,yfinance,False
2026-03-24,123.06190490722656,123.19999694824219,124.0,119.80000305175781,122.0,86973171,yfinance,False
2026-03-25,128.75550842285156,128.89999389648438,131.39999389648438,123.4000015258789,125.19999694824219,148277825,yfinance,False
2026-03-26,122.86213684082031,123.0,128.0,122.5999984741211,128.0,87500096,yfinance,False
2026-03-27,122.46257781982422,122.5999984741211,124.0999984741211,121.4000015258789,123.0,53442572,yfinance,False
2026-03-30,120.36493682861328,120.5,121.4000015258789,117.9000015258789,118.19999694824219,80519074,yfinance,False
2026-03-31,118.86661529541016,119.0,122.0999984741211,117.80000305175781,120.80000305175781,72026359,yfinance,False
2026-04-01,122.56246948242188,122.69999694824219,124.0,121.5,123.30000305175781,67832865,yfinance,False
2026-04-02,118.36717987060547,118.5,121.0,117.5,121.0,95121535,yfinance,False
2026-04-08,126.35820770263672,126.5,127.9000015258789,121.30000305175781,121.9000015258789,181819816,yfinance,False
2026-04-09,122.76224517822266,122.9000015258789,124.0,122.0,123.0999984741211,82451818,yfinance,False
2026-04-10,125.35932922363281,125.5,127.5,125.0,125.0999984741211,78382509,yfinance,False
2026-04-13,123.06190490722656,123.19999694824219,124.5,122.5,124.5,51100996,yfinance,False
2026-04-14,124.3604507446289,124.5,126.80000305175781,123.19999694824219,125.5,52390198,yfinance,False
2026-04-15,128.4558563232422,128.60000610351562,131.0,128.39999389648438,129.5,95222677,yfinance,False
2026-04-16,135.64779663085938,135.8000030517578,136.10000610351562,131.1999969482422,131.6999969482422,127392595,yfinance,False
2026-04-17,136.24710083007812,136.39999389648438,137.1999969482422,134.60000610351562,135.0,83379143,yfinance,False
2026-04-20,136.846435546875,137.0,138.39999389648438,134.6999969482422,135.6999969482422,71204282,yfinance,False
2026-04-21,136.14723205566406,136.3000030517578,138.1999969482422,134.89999389648438,138.1999969482422,44920044,yfinance,False
2026-04-22,131.35260009765625,131.5,133.39999389648438,130.60000610351562,133.3000030517578,69494718,yfinance,False
2026-04-23,130.2538299560547,130.39999389648438,132.6999969482422,129.5,132.60000610351562,54768842,yfinance,False
2026-04-24,131.6522674560547,131.8000030517578,132.8000030517578,126.69999694824219,128.10000610351562,63648525,yfinance,False
2026-04-27,130.05406188964844,130.1999969482422,133.89999389648438,130.10000610351562,131.8000030517578,51858735,yfinance,False
2026-04-28,126.35820770263672,126.5,130.60000610351562,126.0,128.8000030517578,72924924,yfinance,False
2026-04-29,130.45362854003906,130.60000610351562,130.60000610351562,128.1999969482422,128.8000030517578,59643280,yfinance,False
2026-04-30,125.85877227783203,126.0,128.5,126.0,128.1999969482422,88190461,yfinance,False
2026-05-04,131.55238342285156,131.6999969482422,134.1999969482422,128.6999969482422,128.8000030517578,67792478,yfinance,False
2026-05-05,131.0529327392578,131.1999969482422,132.6999969482422,129.89999389648438,131.1999969482422,25517465,yfinance,False
2026-05-06,134.04957580566406,134.1999969482422,137.3000030517578,130.89999389648438,132.39999389648438,115976497,yfinance,False
2026-05-07,140.7420654296875,140.89999389648438,140.89999389648438,138.5,139.5,116084635,yfinance,False
2026-05-08,138.8441925048828,139.0,139.8000030517578,138.1999969482422,138.89999389648438,59348966,yfinance,False
2026-05-11,133.74990844726562,133.89999389648438,137.60000610351562,133.3000030517578,136.8000030517578,98275069,yfinance,False
2026-05-12,133.1505889892578,133.3000030517578,136.0,133.10000610351562,133.5,57483637,yfinance,False
2026-05-13,132.65115356445312,132.8000030517578,134.1999969482422,130.3000030517578,132.0,89332520,yfinance,False
2026-05-14,137.74542236328125,137.89999389648438,144.0,137.39999389648438,143.10000610351562,171292701,yfinance,False
2026-05-15,132.15171813964844,132.3000030517578,138.0,131.10000610351562,138.0,90144879,yfinance,False
2026-05-18,131.55238342285156,131.6999969482422,134.89999389648438,128.60000610351562,130.39999389648438,94625028,yfinance,False
2026-05-19,133.1505889892578,133.3000030517578,135.3000030517578,130.5,130.5,75905647,yfinance,False
2026-05-20,131.7521514892578,131.89999389648438,135.5,131.0,132.89999389648438,64904996,yfinance,False
2026-05-21,125.85877227783203,126.0,132.60000610351562,125.5,132.60000610351562,124833824,yfinance,False
2026-05-22,126.85765075683594,127.0,128.60000610351562,126.0,128.1999969482422,67105437,yfinance,False
2026-05-26,127.45697784423828,127.5999984741211,129.3000030517578,124.30000305175781,127.19999694824219,81943801,yfinance,False
2026-05-27,124.16068267822266,124.30000305175781,127.9000015258789,123.5999984741211,127.69999694824219,73913384,yfinance,False
2026-05-28,121.66348266601562,121.80000305175781,123.9000015258789,120.0,123.69999694824219,113734767,yfinance,False
2026-05-29,120.76448822021484,120.9000015258789,124.30000305175781,120.5999984741211,123.19999694824219,106781469,yfinance,False
2026-06-01,122.66236114501953,122.80000305175781,124.19999694824219,121.19999694824219,121.30000305175781,64910941,yfinance,False
2026-06-02,130.75326538085938,130.89999389648438,131.1999969482422,123.4000015258789,124.0999984741211,126607691,yfinance,False
2026-06-03,126.45809936523438,126.5999984741211,130.3000030517578,126.5,130.0,90810223,yfinance,False
2026-06-04,123.361572265625,123.5,125.5999984741211,122.80000305175781,125.19999694824219,60737375,yfinance,False
2026-06-05,122.26280975341797,122.4000015258789,125.0999984741211,121.5999984741211,123.5,75982909,yfinance,False
2026-06-08,118.6668472290039,118.80000305175781,120.19999694824219,117.80000305175781,118.30000305175781,84021112,yfinance,False
2026-06-09,116.96874237060547,117.0999984741211,119.19999694824219,117.0999984741211,117.5999984741211,66707175,yfinance,False
2026-06-10,113.5,113.5,116.5999984741211,111.0999984741211,116.0999984741211,115892674,yfinance,False
2026-06-11,107.4000015258789,107.4000015258789,112.9000015258789,106.0999984741211,112.30000305175781,160350719,yfinance,False
2026-06-12,110.19999694824219,110.19999694824219,111.19999694824219,108.80000305175781,109.0,74743889,yfinance,False
2026-06-15,109.30000305175781,109.30000305175781,113.19999694824219,108.0,113.0999984741211,83179704,yfinance,False
2026-06-16,107.0,107.0,110.19999694824219,106.30000305175781,110.0,69138026,yfinance,False
2026-06-17,106.9000015258789,106.9000015258789,108.4000015258789,105.80000305175781,108.30000305175781,71467113,yfinance,False
2026-06-18,104.9000015258789,104.9000015258789,106.0,102.4000015258789,105.4000015258789,160333163,yfinance,False
2026-06-22,102.9000015258789,102.9000015258789,103.80000305175781,100.80000305175781,102.80000305175781,99214294,yfinance,False
2026-06-23,98.94999694824219,98.94999694824219,103.4000015258789,98.69999694824219,103.4000015258789,98049349,yfinance,False
2026-06-24,99.4000015258789,99.4000015258789,101.5,97.6500015258789,99.1500015258789,103216499,yfinance,False
2026-06-25,95.0,95.0,98.25,94.0,97.30000305175781,141402714,yfinance,False
2026-06-26,89.5,89.5,92.5,88.6500015258789,92.0,176208269,yfinance,False
2026-06-29,93.0,93.0,95.44999694824219,91.1500015258789,91.69999694824219,123324036,yfinance,False
2026-06-30,92.8499984741211,92.8499984741211,93.94999694824219,91.30000305175781,93.0,89897596,yfinance,False
2026-07-02,94.5,94.5,97.4000015258789,93.55000305175781,95.30000305175781,106165597,yfinance,False
2026-07-03,94.0999984741211,94.0999984741211,96.0,93.5,94.1500015258789,67295654,yfinance,False
2026-07-06,95.94999694824219,95.94999694824219,97.4000015258789,92.5,94.25,81423639,yfinance,False
2026-07-07,95.80000305175781,95.80000305175781,100.5,95.30000305175781,96.1500015258789,100211364,yfinance,False
2026-07-08,107.5,107.5,109.0,96.55000305175781,96.94999694824219,282125685,yfinance,False
2026-07-09,108.0,108.0,112.9000015258789,107.5,110.0999984741211,190535828,yfinance,False
2026-07-10,110.19999694824219,110.19999694824219,113.0,109.0,110.0,103843838,yfinance,False
2026-07-13,110.69999694824219,110.69999694824219,115.0999984741211,110.30000305175781,110.80000305175781,100489536,yfinance,False
2026-07-14,110.80000305175781,110.80000305175781,112.5999984741211,107.0,110.30000305175781,100890456,yfinance,False
2026-07-15,113.4000015258789,113.4000015258789,114.80000305175781,109.0999984741211,111.5999984741211,112769038,yfinance,False
2026-07-16,116.9000015258789,116.9000015258789,119.80000305175781,116.0,116.19999694824219,153608858,yfinance,False
2026-07-17,112.5999984741211,112.5999984741211,118.0,110.69999694824219,116.30000305175781,125635830,yfinance,False
2026-07-20,116.80000305175781,116.80000305175781,118.9000015258789,115.30000305175781,116.0,125351835,yfinance,False
2026-07-21,117.0,117.0,121.0,115.5,119.9000015258789,98262426,yfinance,False
2026-07-22,113.5999984741211,113.5999984741211,116.30000305175781,112.69999694824219,115.9000015258789,120611396,yfinance,False
2026-07-23,114.9000015258789,114.9000015258789,115.0999984741211,110.5,114.0999984741211,52344763,yfinance,False
2026-07-24,110.0,110.0,112.19999694824219,108.19999694824219,111.5,107488512,yfinance,False
2026-07-27,111.0,111.0,111.5999984741211,108.80000305175781,111.4000015258789,58415973,yfinance,False
2026-07-28,112.0,112.0,114.19999694824219,111.0,113.0,75913853,yfinance,False
2026-07-29,113.5999984741211,113.5999984741211,115.5,111.69999694824219,113.9000015258789,93154775,yfinance,False
2026-07-30,111.80000305175781,111.80000305175781,114.80000305175781,110.30000305175781,114.0,74326961,yfinance,False
2026-07-31,117.0,117.0,119.30000305175781,113.30000305175781,114.0999984741211,144668807,yfinance,False
2026-08-03,125.19999694824219,125.19999694824219,126.0,120.0999984741211,121.0,192268809,yfinance,False
2026-08-04,125.80000305175781,125.80000305175781,129.1999969482422,124.69999694824219,126.80000305175781,125358922,yfinance,False
2026-08-05,128.10000610351562,128.10000610351562,129.0,125.5999984741211,128.39999389648438,93382622,yfinance,False
2026-08-06,124.4000015258789,124.4000015258789,126.5,123.69999694824219,126.5,67212277,yfinance,False
2026-08-07,123.80000305175781,123.80000305175781,125.80000305175781,121.5999984741211,125.30000305175781,58259425,yfinance,False
2026-08-10,126.69999694824219,126.69999694824219,127.5,124.19999694824219,125.4000015258789,53629555,yfinance,False
2026-08-11,126.4000015258789,126.4000015258789,130.3000030517578,125.9000015258789,129.39999389648438,74286963,yfinance,False
2026-08-12,122.5999984741211,122.5999984741211,124.9000015258789,121.30000305175781,124.4000015258789,65057854,yfinance,False
2026-08-13,121.9000015258789,121.9000015258789,124.0999984741211,121.0999984741211,121.19999694824219,58154432,yfinance,False
2026-08-14,119.9000015258789,119.9000015258789,120.80000305175781,118.5,120.30000305175781,56905091,yfinance,False
2026-08-17,122.19999694824219,122.19999694824219,123.4000015258789,120.80000305175781,122.0,48563292,yfinance,False
2026-08-18,126.69999694824219,126.69999694824219,128.3000030517578,121.0,122.0,120433806,yfinance,False
2026-08-19,124.19999694824219,124.19999694824219,126.5,123.19999694824219,124.5999984741211,70727616,yfinance,False
2026-08-20,126.19999694824219,126.19999694824219,129.0,124.30000305175781,126.5999984741211,92028319,yfinance,False
2026-08-21,123.0,123.0,129.8000030517578,121.5,129.1999969482422,146890540,yfinance,False
2026-08-24,112.5,112.5,113.5,110.0999984741211,113.0999984741211,362953456,yfinance,False
2026-08-25,114.19999694824219,114.19999694824219,115.0,112.19999694824219,114.80000305175781,124296637,yfinance,False
2026-08-26,116.5999984741211,116.5999984741211,117.80000305175781,115.5999984741211,115.69999694824219,133860910,yfinance,False
2026-08-27,115.5,115.5,117.4000015258789,115.0999984741211,117.4000015258789,83206714,yfinance,False
2026-08-28,113.9000015258789,113.9000015258789,114.80000305175781,112.5,113.0999984741211,73086522,yfinance,False
2026-08-31,114.19999694824219,114.19999694824219,115.0,112.19999694824219,115.0,82619229,yfinance,False
2026-09-01,110.4000015258789,110.4000015258789,112.69999694824219,109.5,112.19999694824219,99751649,yfinance,False
2026-09-02,109.9000015258789,109.9000015258789,110.4000015258789,107.30000305175781,110.19999694824219,76466094,yfinance,False
2026-09-03,107.5,107.5,110.69999694824219,106.5,110.5,69972408,yfinance,False
2026-09-04,110.0999984741211,110.0999984741211,111.9000015258789,109.5,109.5,103698738,yfinance,False
2026-09-07,109.5999984741211,109.5999984741211,111.0,109.0999984741211,110.30000305175781,40367117,yfinance,False
2026-09-08,109.5,109.5,111.69999694824219,108.5999984741211,109.0,44150465,yfinance,False
2026-09-09,109.80000305175781,109.80000305175781,110.9000015258789,108.5999984741211,110.5,46572012,yfinance,False
2026-09-10,106.9000015258789,106.9000015258789,107.19999694824219,105.19999694824219,107.19999694824219,65902181,yfinance,False
2026-09-11,107.5,107.5,107.69999694824219,104.69999694824219,105.0,56226973,yfinance,False
2026-09-14,105.9000015258789,105.9000015258789,106.5999984741211,104.69999694824219,105.5,48442049,yfinance,False
2026-09-15,107.19999694824219,107.19999694824219,108.80000305175781,105.80000305175781,107.0,47161376,yfinance,False
2026-09-16,106.19999694824219,106.19999694824219,107.69999694824219,106.0999984741211,107.69999694824219,34061594,yfinance,False
2026-09-17,105.0999984741211,105.0999984741211,106.0,104.19999694824219,105.0,50647519,yfinance,False
2026-09-18,109.30000305175781,109.30000305175781,110.69999694824219,106.0999984741211,106.4000015258789,90084892,yfinance,False
2026-09-21,112.5999984741211,112.5999984741211,112.69999694824219,110.0999984741211,110.69999694824219,54733772,yfinance,False
2026-09-22,114.80000305175781,114.80000305175781,118.30000305175781,114.0,114.80000305175781,123942194,yfinance,False
2026-09-23,109.80000305175781,109.80000305175781,114.19999694824219,109.0999984741211,113.80000305175781,86835983,yfinance,False
2026-09-24,110.0,110.0,111.0999984741211,108.0999984741211,108.30000305175781,37259984,yfinance,False
2026-09-25,108.4000015258789,108.4000015258789,108.5999984741211,106.30000305175781,107.5,28037888,yfinance,False
2026-09-28,107.69999694824219,107.69999694824219,109.5,106.5,107.80000305175781,45286580,yfinance,False
2026-09-29,106.19999694824219,106.19999694824219,107.19999694824219,105.19999694824219,106.5999984741211,57027476,yfinance,False
2026-09-30,106.5999984741211,106.5999984741211,107.4000015258789,105.19999694824219,105.30000305175781,47287932,yfinance,False
2026-10-02,104.4000015258789,104.4000015258789,104.69999694824219,102.69999694824219,104.0999984741211,39772509,yfinance,False
2026-10-05,105.4000015258789,105.4000015258789,105.9000015258789,103.5999984741211,104.0999984741211,24811599,yfinance,False
2026-10-06,108.19999694824219,108.19999694824219,109.19999694824219,107.69999694824219,108.5,31496596,yfinance,False
2026-10-07,,,107.0999984741211,102.5999984741211,106.69999694824219,59077353,yfinance,False
