Date,Adj Close,Close,High,Low,Open,Volume,source,is_stale
2010-01-04,1128.75,1128.75,1129.75,1113.25,1113.75,1291254,yfinance,False
2010-01-05,1132.25,1132.25,1133.0,1125.0,1128.5,1378593,yfinance,False
2010-01-06,1133.0,1133.0,1135.5,1127.25,1132.0,1259921,yfinance,False
2010-01-07,1137.5,1137.5,1138.75,1127.0,1133.0,1567025,yfinance,False
2010-01-08,1141.5,1141.5,1141.75,1131.0,1137.25,1527666,yfinance,False
2010-01-11,1142.5,1142.5,1148.0,1137.75,1141.75,1456443,yfinance,False
2010-01-12,1134.0,1134.0,1143.0,1127.75,1141.25,2117166,yfinance,False
2010-01-13,1141.5,1141.5,1145.25,1129.25,1134.25,2131642,yfinance,False
2010-01-14,1145.25,1145.25,1147.0,1138.25,1141.5,1355731,yfinance,False
2010-01-15,1132.25,1132.25,1147.25,1127.5,1146.75,2059496,yfinance,False
2010-01-19,1145.75,1145.75,1147.0,1126.25,1131.75,1927993,yfinance,False
2010-01-20,1134.0,1134.0,1146.5,1125.25,1145.0,2391710,yfinance,False
2010-01-21,1111.0,1111.0,1139.25,1110.25,1134.5,3438955,yfinance,False
2010-01-22,1091.0,1091.0,1115.75,1086.25,1109.75,3544446,yfinance,False
2010-01-25,1092.5,1092.5,1103.0,1089.75,1094.0,2080292,yfinance,False
2010-01-26,1087.25,1087.25,1100.0,1081.0,1094.0,2449263,yfinance,False
2010-01-27,1094.5,1094.5,1096.25,1078.5,1087.5,2634603,yfinance,False
2010-01-28,1079.25,1079.25,1103.5,1074.25,1094.5,3052088,yfinance,False
2010-01-29,1070.5,1070.5,1093.25,1066.5,1081.0,3068079,yfinance,False
2010-02-01,1086.25,1086.25,1086.5,1068.0,1070.0,1896011,yfinance,False
2010-02-02,1097.25,1097.25,1101.5,1082.0,1086.0,2104398,yfinance,False
2010-02-03,1096.5,1096.5,1100.25,1090.5,1097.0,1883815,yfinance,False
2010-02-04,1061.75,1061.75,1098.25,1059.25,1096.25,3302110,yfinance,False
2010-02-05,1059.75,1059.75,1065.0,1040.75,1061.75,3983950,yfinance,False
2010-02-08,1056.0,1056.0,1068.5,1053.0,1062.0,2061320,yfinance,False
2010-02-09,1066.25,1066.25,1077.0,1054.0,1055.5,3014475,yfinance,False
2010-02-10,1063.25,1063.25,1072.5,1056.25,1066.5,2204772,yfinance,False
2010-02-11,1076.5,1076.5,1078.0,1057.5,1063.5,2262497,yfinance,False
2010-02-12,1079.0,1079.0,1079.75,1060.0,1076.25,2747993,yfinance,False
2010-02-16,1093.25,1093.25,1094.0,1073.5,1077.5,1761523,yfinance,False
2010-02-17,1099.5,1099.5,1100.0,1092.5,1093.25,1669958,yfinance,False
2010-02-18,1105.5,1105.5,1106.75,1093.0,1099.75,1832739,yfinance,False
2010-02-19,1106.25,1106.25,1111.0,1092.5,1105.5,2096659,yfinance,False
2010-02-22,1107.5,1107.5,1112.75,1103.5,1106.0,1317880,yfinance,False
2010-02-23,1097.25,1097.25,1112.75,1090.25,1107.0,2224420,yfinance,False
2010-02-24,1103.5,1103.5,1105.5,1092.5,1096.75,1882885,yfinance,False
2010-02-25,1102.25,1102.25,1103.5,1084.5,1103.0,2697610,yfinance,False
2010-02-26,1103.5,1103.5,1107.75,1096.25,1102.0,1944020,yfinance,False
2010-03-01,1114.5,1114.5,1115.5,1104.25,1105.5,1615001,yfinance,False
2010-03-02,1117.5,1117.5,1122.75,1112.75,1114.25,1502795,yfinance,False
2010-03-03,1118.5,1118.5,1125.0,1115.0,1117.5,1583814,yfinance,False
2010-03-04,1122.25,1122.25,1123.5,1114.0,1118.25,1490362,yfinance,False
2010-03-05,1136.5,1136.5,1138.75,1121.5,1122.0,1869074,yfinance,False
2010-03-08,1137.0,1137.0,1140.5,1135.0,1136.25,1179723,yfinance,False
2010-03-09,1140.5,1140.5,1145.25,1131.5,1137.25,1759468,yfinance,False
2010-03-10,1145.75,1145.75,1148.0,1137.75,1140.0,2112662,yfinance,False
2010-03-11,1150.5,1150.5,1151.0,1138.5,1145.5,1642010,yfinance,False
2010-03-12,1151.25,1151.25,1159.5,1146.75,1150.75,826747,yfinance,False
2010-03-15,1150.25,1150.25,1151.0,1141.25,1151.0,542821,yfinance,False
2010-03-16,1159.5,1159.5,1160.5,1149.0,1150.25,534353,yfinance,False
2010-03-17,1165.75,1165.75,1170.0,1158.75,1159.5,382975,yfinance,False
2010-03-18,1166.0,1166.0,1169.25,1161.0,1165.25,323112,yfinance,False
2010-03-19,1172.949951171875,1172.949951171875,1170.0,1164.75,1166.25,2165925,yfinance,False
2010-03-22,1162.0,1162.0,1163.25,1146.75,1150.75,1915804,yfinance,False
2010-03-23,1169.5,1169.5,1170.5,1159.0,1161.75,1856410,yfinance,False
2010-03-24,1164.5,1164.5,1170.0,1161.0,1169.25,1992386,yfinance,False
2010-03-25,1162.75,1162.75,1176.5,1160.25,1164.25,2355473,yfinance,False
2010-03-26,1163.5,1163.5,1169.75,1156.5,1162.25,2161399,yfinance,False
2010-03-29,1168.75,1168.75,1171.0,1164.0,1164.75,1454311,yfinance,False
2010-03-30,1169.5,1169.5,1173.75,1164.25,1168.5,1642976,yfinance,False
2010-03-31,1165.25,1165.25,1170.5,1161.25,1169.0,2109287,yfinance,False
2010-04-01,1173.75,1173.75,1177.5,1165.75,1167.0,1942722,yfinance,False
2010-04-05,1183.0,1183.0,1183.75,1174.5,1178.75,1025888,yfinance,False
2010-04-06,1185.75,1185.75,1188.0,1177.25,1183.0,1395387,yfinance,False
2010-04-07,1179.0,1179.0,1186.25,1173.25,1185.75,2171684,yfinance,False
2010-04-08,1183.75,1183.75,1185.0,1171.0,1178.5,1910628,yfinance,False
2010-04-09,1192.5,1192.5,1193.0,1183.0,1183.5,1450628,yfinance,False
2010-04-12,1192.5,1192.5,1198.5,1190.75,1194.75,1253624,yfinance,False
2010-04-13,1193.0,1193.0,1195.75,1185.0,1192.25,1553891,yfinance,False
2010-04-14,1206.5,1206.5,1207.25,1194.5,1195.5,1727998,yfinance,False
2010-04-15,1208.5,1208.5,1210.5,1201.0,1206.5,1732427,yfinance,False
2010-04-16,1190.25,1190.25,1208.5,1182.75,1208.0,3584806,yfinance,False
2010-04-19,1195.5,1195.5,1196.5,1179.75,1186.0,2480009,yfinance,False
2010-04-20,1205.5,1205.5,1205.75,1194.0,1195.75,1534819,yfinance,False
2010-04-21,1200.5,1200.5,1209.5,1195.0,1205.0,2168277,yfinance,False
2010-04-22,1201.75,1201.75,1207.0,1186.25,1198.5,2668931,yfinance,False
2010-04-23,1212.25,1212.25,1213.75,1197.5,1201.25,1856101,yfinance,False
2010-04-26,1208.25,1208.25,1216.75,1207.5,1211.25,1624454,yfinance,False
2010-04-27,1181.0,1181.0,1210.0,1177.5,1207.75,3590721,yfinance,False
2010-04-28,1190.0,1190.0,1192.0,1176.75,1181.5,2857714,yfinance,False
2010-04-29,1205.25,1205.25,1206.25,1188.0,1190.0,1980761,yfinance,False
2010-04-30,1183.5,1183.5,1208.0,1182.75,1205.5,2897399,yfinance,False
2010-05-03,1198.5,1198.5,1202.0,1183.75,1184.5,1797282,yfinance,False
2010-05-04,1172.5,1172.5,1199.75,1164.25,1198.25,3553338,yfinance,False
2010-05-05,1164.0,1164.0,1175.0,1154.75,1171.75,3057926,yfinance,False
2010-05-06,1122.5,1122.5,1168.75,1056.0,1163.75,5675645,yfinance,False
2010-05-07,1107.0,1107.0,1135.5,1090.75,1123.75,5013862,yfinance,False
2010-05-10,1156.5,1156.5,1162.0,1121.5,1125.25,3640288,yfinance,False
2010-05-11,1152.25,1152.25,1169.0,1140.5,1156.0,2663633,yfinance,False
2010-05-12,1169.75,1169.75,1171.25,1141.0,1151.75,2109839,yfinance,False
2010-05-13,1156.75,1156.75,1174.75,1153.75,1169.0,1963587,yfinance,False
2010-05-14,1135.25,1135.25,1159.5,1123.75,1155.5,2979512,yfinance,False
2010-05-17,1134.5,1134.5,1140.25,1112.75,1133.75,3052733,yfinance,False
2010-05-18,1118.75,1118.75,1147.5,1115.25,1135.5,3092769,yfinance,False
2010-05-19,1110.0,1110.0,1122.75,1098.75,1118.0,3585852,yfinance,False
2010-05-20,1070.0,1070.0,1116.5,1067.25,1110.0,4378875,yfinance,False
2010-05-21,1084.5,1084.5,1088.75,1051.25,1069.25,4024607,yfinance,False
2010-05-24,1071.0,1071.0,1088.75,1070.0,1085.5,2231741,yfinance,False
2010-05-25,1073.0,1073.0,1074.75,1036.75,1069.5,3433912,yfinance,False
2010-05-26,1061.25,1061.25,1089.5,1060.5,1072.5,2929237,yfinance,False
2010-05-27,1101.0,1101.0,1103.0,1055.5,1060.0,2613372,yfinance,False
2010-05-28,1088.5,1088.5,1106.75,1083.25,1100.25,2368730,yfinance,False
2010-06-01,1069.5,1069.5,1096.0,1068.5,1088.5,2593945,yfinance,False
2010-06-02,1096.75,1096.75,1098.25,1067.25,1069.25,2214865,yfinance,False
2010-06-03,1103.5,1103.5,1105.25,1090.75,1097.0,2033254,yfinance,False
2010-06-04,1066.0,1066.0,1107.75,1059.25,1104.0,3211493,yfinance,False
2010-06-07,1048.0,1048.0,1070.75,1047.0,1064.0,2390986,yfinance,False
2010-06-08,1059.25,1059.25,1063.25,1041.25,1048.25,3401030,yfinance,False
2010-06-09,1055.5,1055.5,1077.75,1051.25,1059.0,2970468,yfinance,False
2010-06-10,1083.75,1083.75,1087.75,1052.25,1055.0,2421258,yfinance,False
2010-06-11,1089.25,1089.25,1092.25,1074.5,1084.0,1182031,yfinance,False
2010-06-14,1090.5,1090.5,1106.0,1088.75,1090.5,887313,yfinance,False
2010-06-15,1113.5,1113.5,1115.75,1088.5,1090.25,796631,yfinance,False
2010-06-16,1114.0,1114.0,1119.0,1104.25,1113.5,589440,yfinance,False
2010-06-17,1116.25,1116.25,1122.5,1105.5,1114.0,469613,yfinance,False
2010-06-18,1118.8299560546875,1118.8299560546875,1119.0,1113.0,1116.0,1631682,yfinance,False
2010-06-21,1110.5,1110.5,1129.5,1103.25,1116.0,2162081,yfinance,False
2010-06-22,1090.5,1090.5,1117.0,1089.5,1110.5,2286571,yfinance,False
2010-06-23,1087.5,1087.5,1097.75,1080.25,1090.75,2235636,yfinance,False
2010-06-24,1070.5,1070.5,1091.0,1066.5,1086.5,2551855,yfinance,False
2010-06-25,1074.75,1074.75,1079.5,1062.75,1070.25,2454671,yfinance,False
2010-06-28,1071.0,1071.0,1079.75,1066.5,1074.25,1686899,yfinance,False
2010-06-29,1035.25,1035.25,1074.75,1030.25,1070.5,3109449,yfinance,False
2010-06-30,1026.5,1026.5,1044.5,1023.0,1035.25,2622061,yfinance,False
2010-07-01,1021.75,1021.75,1029.75,1006.0,1024.5,3354900,yfinance,False
2010-07-02,1014.25,1014.25,1032.5,1010.75,1022.25,2135335,yfinance,False
2010-07-06,1024.25,1024.25,1038.5,1002.75,1015.0,2431642,yfinance,False
2010-07-07,1059.25,1059.25,1059.75,1016.25,1024.0,2556140,yfinance,False
2010-07-08,1067.0,1067.0,1068.5,1054.0,1058.75,2112208,yfinance,False
2010-07-09,1072.5,1072.5,1075.0,1063.25,1066.75,1421814,yfinance,False
2010-07-12,1076.5,1076.5,1077.25,1065.5,1071.5,1382638,yfinance,False
2010-07-13,1089.75,1089.75,1096.0,1073.0,1076.0,2001017,yfinance,False
2010-07-14,1091.0,1091.0,1099.0,1083.5,1095.0,1940692,yfinance,False
2010-07-15,1090.5,1090.5,1099.25,1076.25,1091.25,2416608,yfinance,False
2010-07-16,1063.0,1063.0,1094.75,1059.0,1090.5,2503643,yfinance,False
2010-07-19,1063.75,1063.75,1071.0,1057.0,1061.75,1760879,yfinance,False
2010-07-20,1080.0,1080.0,1080.75,1050.75,1063.25,2275816,yfinance,False
2010-07-21,1064.0,1064.0,1087.75,1061.0,1079.5,2440958,yfinance,False
2010-07-22,1087.75,1087.75,1094.5,1061.25,1063.25,2178892,yfinance,False
2010-07-23,1100.5,1100.5,1101.5,1084.0,1087.25,2091081,yfinance,False
2010-07-26,1109.5,1109.5,1111.75,1097.0,1101.25,1543914,yfinance,False
2010-07-27,1111.0,1111.0,1118.75,1106.0,1109.25,1822245,yfinance,False
2010-07-28,1102.0,1102.0,1115.75,1099.25,1110.5,1641500,yfinance,False
2010-07-29,1097.0,1097.0,1113.0,1088.75,1102.5,2250104,yfinance,False
2010-07-30,1098.25,1098.25,1103.5,1083.5,1096.25,2133582,yfinance,False
2010-08-02,1121.75,1121.75,1124.25,1101.75,1104.5,1610959,yfinance,False
2010-08-03,1118.25,1118.25,1122.75,1113.25,1121.75,1493524,yfinance,False
2010-08-04,1124.5,1124.5,1126.0,1112.25,1118.0,1591800,yfinance,False
2010-08-05,1123.5,1123.5,1127.75,1115.5,1124.75,1340145,yfinance,False
2010-08-06,1119.5,1119.5,1127.0,1103.75,1123.5,2177376,yfinance,False
2010-08-09,1125.5,1125.5,1126.75,1116.5,1120.0,998906,yfinance,False
2010-08-10,1119.75,1119.75,1125.75,1108.25,1125.25,2029717,yfinance,False
2010-08-11,1085.0,1085.0,1119.75,1084.5,1119.25,2638258,yfinance,False
2010-08-12,1079.25,1079.25,1087.5,1070.5,1085.0,2180112,yfinance,False
2010-08-13,1076.0,1076.0,1089.0,1072.5,1079.5,1479393,yfinance,False
2010-08-16,1077.0,1077.0,1081.5,1066.25,1077.5,1612131,yfinance,False
2010-08-17,1089.0,1089.0,1098.5,1074.5,1077.25,1779783,yfinance,False
2010-08-18,1086.75,1086.75,1098.5,1083.75,1089.0,1814778,yfinance,False
2010-08-19,1071.25,1071.25,1095.0,1068.5,1087.0,2433838,yfinance,False
2010-08-20,1070.25,1070.25,1076.0,1061.75,1070.75,1806978,yfinance,False
2010-08-23,1065.5,1065.5,1080.25,1064.25,1070.0,1567358,yfinance,False
2010-08-24,1049.75,1049.75,1065.75,1044.0,1065.5,2466756,yfinance,False
2010-08-25,1054.5,1054.5,1057.75,1037.0,1050.0,2478780,yfinance,False
2010-08-26,1044.75,1044.75,1061.75,1043.0,1055.25,1994211,yfinance,False
2010-08-27,1063.75,1063.75,1064.5,1037.25,1043.75,2541324,yfinance,False
2010-08-30,1045.0,1045.0,1072.75,1044.5,1064.5,1506592,yfinance,False
2010-08-31,1048.25,1048.25,1054.25,1037.5,1045.0,2516451,yfinance,False
2010-09-01,1081.75,1081.75,1082.5,1050.75,1051.75,2355074,yfinance,False
2010-09-02,1089.5,1089.5,1090.5,1076.5,1081.5,1601762,yfinance,False
2010-09-03,1103.5,1103.5,1104.5,1086.25,1089.75,2017072,yfinance,False
2010-09-07,1091.25,1091.25,1107.25,1089.75,1103.75,1751617,yfinance,False
2010-09-08,1099.25,1099.25,1103.0,1086.25,1091.5,2001331,yfinance,False
2010-09-09,1102.5,1102.5,1112.0,1096.75,1099.25,1612227,yfinance,False
2010-09-10,1109.75,1109.75,1110.5,1100.5,1103.0,892734,yfinance,False
2010-09-13,1121.25,1121.25,1124.0,1112.0,1112.5,891533,yfinance,False
2010-09-14,1120.75,1120.75,1127.5,1115.0,1120.75,652411,yfinance,False
2010-09-15,1125.75,1125.75,1126.5,1114.0,1120.75,540325,yfinance,False
2010-09-16,1127.75,1127.75,1129.0,1118.0,1126.25,375122,yfinance,False
2010-09-17,1131.1500244140625,1131.1500244140625,1137.75,1127.75,1128.0,1933484,yfinance,False
2010-09-20,1136.5,1136.5,1140.25,1117.0,1118.5,1789965,yfinance,False
2010-09-21,1134.75,1134.75,1144.0,1130.25,1136.5,2098867,yfinance,False
2010-09-22,1129.75,1129.75,1140.25,1126.5,1135.0,1957234,yfinance,False
2010-09-23,1120.5,1120.5,1134.5,1117.25,1130.0,2190002,yfinance,False
2010-09-24,1143.25,1143.25,1144.5,1118.5,1120.5,1846928,yfinance,False
2010-09-27,1137.75,1137.75,1149.75,1137.0,1144.0,1343049,yfinance,False
2010-09-28,1141.75,1141.75,1146.0,1127.25,1137.75,2305031,yfinance,False
2010-09-29,1141.0,1141.0,1146.75,1135.5,1141.75,1860633,yfinance,False
2010-09-30,1136.75,1136.75,1153.5,1131.25,1141.0,2825790,yfinance,False
2010-10-01,1142.25,1142.25,1146.5,1134.5,1135.75,2065971,yfinance,False
2010-10-04,1134.75,1134.75,1144.0,1127.0,1143.25,1849807,yfinance,False
2010-10-05,1154.75,1154.75,1158.75,1132.75,1134.75,2203058,yfinance,False
2010-10-06,1155.75,1155.75,1160.0,1151.0,1155.0,1720880,yfinance,False
2010-10-07,1156.5,1156.5,1163.75,1147.25,1155.75,1988730,yfinance,False
2010-10-08,1160.5,1160.5,1164.0,1145.5,1156.5,1969643,yfinance,False
2010-10-11,1162.25,1162.25,1165.0,1157.75,1161.5,1005696,yfinance,False
2010-10-12,1164.5,1164.5,1169.0,1151.75,1162.5,1941433,yfinance,False
2010-10-13,1174.25,1174.25,1181.0,1164.25,1165.25,2163266,yfinance,False
2010-10-14,1173.5,1173.5,1180.75,1162.5,1174.75,2400204,yfinance,False
2010-10-15,1175.0,1175.0,1180.0,1163.0,1174.0,2644031,yfinance,False
2010-10-18,1178.25,1178.25,1182.25,1164.75,1174.25,1465558,yfinance,False
2010-10-19,1163.75,1163.75,1179.5,1155.5,1178.75,3065772,yfinance,False
2010-10-20,1174.75,1174.75,1180.0,1160.5,1164.0,2289137,yfinance,False
2010-10-21,1175.75,1175.75,1186.25,1167.25,1174.75,2408540,yfinance,False
2010-10-22,1180.75,1180.75,1181.5,1173.25,1175.25,1204824,yfinance,False
2010-10-25,1182.75,1182.75,1193.0,1180.5,1180.75,1752840,yfinance,False
2010-10-26,1182.75,1182.75,1184.25,1174.0,1182.0,1743843,yfinance,False
2010-10-27,1178.75,1178.75,1186.25,1167.75,1183.25,2246880,yfinance,False
2010-10-28,1179.25,1179.25,1187.5,1173.5,1178.5,2014979,yfinance,False
2010-10-29,1179.75,1179.75,1182.5,1172.0,1179.25,1751544,yfinance,False
2010-11-01,1183.0,1183.0,1192.75,1173.75,1180.5,2032082,yfinance,False
2010-11-02,1192.75,1192.75,1193.5,1180.75,1182.75,1573659,yfinance,False
2010-11-03,1197.25,1197.25,1198.0,1179.5,1192.75,2361808,yfinance,False
2010-11-04,1218.5,1218.5,1218.75,1195.25,1197.5,2301698,yfinance,False
2010-11-05,1222.0,1222.0,1224.5,1212.5,1218.25,2301698,yfinance,False
2010-11-08,1220.0,1220.0,1222.25,1214.75,1220.5,1542756,yfinance,False
2010-11-09,1211.0,1211.0,1224.75,1206.25,1219.25,2324133,yfinance,False
2010-11-10,1214.0,1214.0,1217.0,1201.75,1210.5,2483583,yfinance,False
2010-11-11,1211.0,1211.0,1213.75,1202.0,1213.5,1775665,yfinance,False
2010-11-12,1195.5,1195.5,1211.75,1191.5,1210.5,2766115,yfinance,False
2010-11-15,1195.75,1195.75,1205.75,1192.5,1195.5,2071297,yfinance,False
2010-11-16,1174.75,1174.75,1195.25,1171.0,1195.25,3168883,yfinance,False
2010-11-17,1177.5,1177.5,1182.0,1173.25,1175.75,2021219,yfinance,False
2010-11-18,1197.75,1197.75,1199.0,1177.0,1177.75,2067180,yfinance,False
2010-11-19,1198.25,1198.25,1200.0,1187.5,1197.5,1733603,yfinance,False
2010-11-22,1198.0,1198.0,1206.0,1182.5,1202.75,2212329,yfinance,False
2010-11-23,1178.25,1178.25,1197.75,1174.75,1197.0,2456997,yfinance,False
2010-11-24,1196.5,1196.5,1197.5,1175.5,1178.0,1821455,yfinance,False
2010-11-26,1183.25,1183.25,1200.5,1182.5,1195.75,963332,yfinance,False
2010-11-29,1186.5,1186.5,1193.75,1172.25,1188.5,2491942,yfinance,False
2010-11-30,1179.5,1179.5,1188.25,1173.0,1186.5,3089404,yfinance,False
2010-12-01,1204.5,1204.5,1207.75,1176.25,1177.75,2346276,yfinance,False
2010-12-02,1222.75,1222.75,1223.25,1202.0,1204.0,2037342,yfinance,False
2010-12-03,1223.5,1223.5,1227.25,1213.0,1222.75,1890658,yfinance,False
2010-12-06,1222.0,1222.0,1226.75,1216.25,1223.25,1326050,yfinance,False
2010-12-07,1223.25,1223.25,1235.0,1219.0,1222.75,2449523,yfinance,False
2010-12-08,1228.75,1228.75,1229.25,1217.25,1222.75,2142544,yfinance,False
2010-12-09,1233.0,1233.0,1238.0,1226.5,1228.5,1388754,yfinance,False
2010-12-10,1241.0,1241.0,1241.5,1231.5,1232.75,893224,yfinance,False
2010-12-13,1241.25,1241.25,1247.0,1236.75,1242.0,682650,yfinance,False
2010-12-14,1241.75,1241.75,1247.25,1237.75,1240.75,662944,yfinance,False
2010-12-15,1237.0,1237.0,1244.25,1234.0,1242.0,533898,yfinance,False
2010-12-16,1243.5,1243.5,1244.5,1232.5,1237.0,317800,yfinance,False
2010-12-17,1242.3499755859375,1242.3499755859375,1245.0,1240.75,1243.25,1340620,yfinance,False
2010-12-20,1241.25,1241.25,1245.75,1234.0,1240.0,1145804,yfinance,False
2010-12-21,1250.75,1250.75,1251.25,1240.75,1241.0,943293,yfinance,False
2010-12-22,1254.5,1254.5,1255.0,1249.0,1250.0,664450,yfinance,False
2010-12-23,1253.0,1253.0,1255.75,1249.25,1254.5,594048,yfinance,False
2010-12-27,1253.25,1253.25,1254.25,1245.5,1249.5,587701,yfinance,False
2010-12-28,1254.0,1254.0,1256.5,1251.5,1253.5,553798,yfinance,False
2010-12-29,1255.75,1255.75,1258.5,1253.25,1254.0,588441,yfinance,False
2010-12-30,1254.5,1254.5,1257.5,1251.5,1255.75,713588,yfinance,False
2010-12-31,1253.0,1253.0,1257.75,1249.5,1254.25,667046,yfinance,False
2011-01-03,1265.25,1265.25,1272.5,1255.25,1256.0,1591034,yfinance,False
2011-01-04,1265.25,1265.25,1270.0,1258.25,1264.75,1778621,yfinance,False
2011-01-05,1271.75,1271.75,1273.75,1255.75,1265.5,1797267,yfinance,False
2011-01-06,1270.25,1270.25,1277.0,1266.25,1271.75,1614397,yfinance,False
2011-01-07,1267.5,1267.5,1274.0,1257.75,1269.75,2175596,yfinance,False
2011-01-10,1265.5,1265.5,1268.0,1258.0,1266.25,1876415,yfinance,False
2011-01-11,1270.5,1270.5,1273.75,1264.0,1265.5,1662412,yfinance,False
2011-01-12,1283.5,1283.5,1284.25,1269.25,1270.0,1604117,yfinance,False
2011-01-13,1281.25,1281.25,1284.5,1276.25,1283.25,1671242,yfinance,False
2011-01-14,1289.5,1289.5,1290.0,1274.25,1281.25,1631162,yfinance,False
2011-01-18,1294.75,1294.75,1295.0,1282.75,1289.5,1673094,yfinance,False
2011-01-19,1278.5,1278.5,1296.25,1275.0,1294.5,2322868,yfinance,False
2011-01-20,1276.25,1276.25,1281.5,1267.5,1279.25,2534106,yfinance,False
2011-01-21,1279.75,1279.75,1288.0,1273.25,1276.0,2012431,yfinance,False
2011-01-24,1288.5,1288.5,1289.75,1277.75,1279.5,1635794,yfinance,False
2011-01-25,1287.5,1287.5,1291.75,1277.0,1288.5,2360267,yfinance,False
2011-01-26,1293.5,1293.5,1296.75,1286.0,1287.25,1609255,yfinance,False
2011-01-27,1295.75,1295.75,1298.25,1289.25,1293.75,1554851,yfinance,False
2011-01-28,1271.5,1271.5,1299.5,1270.5,1295.25,3238629,yfinance,False
2011-01-31,1282.5,1282.5,1283.75,1262.25,1269.5,2314420,yfinance,False
2011-02-01,1302.75,1302.75,1306.0,1281.25,1282.5,2089240,yfinance,False
2011-02-02,1300.0,1300.0,1305.5,1298.0,1302.25,1396167,yfinance,False
2011-02-03,1303.25,1303.25,1305.75,1291.5,1300.25,1828391,yfinance,False
2011-02-04,1307.25,1307.25,1308.5,1298.0,1303.25,1585618,yfinance,False
2011-02-07,1315.75,1315.75,1320.0,1306.0,1307.25,1501112,yfinance,False
2011-02-08,1321.75,1321.75,1322.25,1313.0,1315.0,1453914,yfinance,False
2011-02-09,1319.25,1319.25,1322.0,1311.75,1321.5,1825859,yfinance,False
2011-02-10,1318.75,1318.75,1320.5,1308.5,1318.5,2055532,yfinance,False
2011-02-11,1327.25,1327.25,1328.75,1310.0,1318.25,1881031,yfinance,False
2011-02-14,1327.75,1327.75,1331.25,1324.5,1326.0,1171814,yfinance,False
2011-02-15,1326.25,1326.25,1329.25,1322.25,1328.0,1457415,yfinance,False
2011-02-16,1333.0,1333.0,1336.0,1325.75,1326.25,1801087,yfinance,False
2011-02-17,1337.75,1337.75,1340.0,1328.5,1333.0,1677669,yfinance,False
2011-02-18,1342.5,1342.5,1343.0,1335.0,1337.75,1516091,yfinance,False
2011-02-22,1314.5,1314.5,1342.5,1310.25,1342.25,3257861,yfinance,False
2011-02-23,1305.5,1305.5,1320.5,1297.5,1314.0,3075485,yfinance,False
2011-02-24,1302.75,1302.75,1310.75,1292.5,1305.75,2903883,yfinance,False
2011-02-25,1318.75,1318.75,1320.0,1301.5,1302.5,1827557,yfinance,False
2011-02-28,1326.0,1326.0,1329.0,1313.0,1318.25,1941581,yfinance,False
2011-03-01,1301.0,1301.0,1336.5,1300.75,1326.5,3054741,yfinance,False
2011-03-02,1305.75,1305.75,1313.75,1296.25,1301.25,2680941,yfinance,False
2011-03-03,1329.75,1329.75,1332.0,1305.0,1306.25,2361733,yfinance,False
2011-03-04,1320.25,1320.25,1334.5,1311.25,1329.75,2944659,yfinance,False
2011-03-07,1309.0,1309.0,1327.25,1302.75,1320.25,2702700,yfinance,False
2011-03-08,1320.0,1320.0,1325.75,1306.0,1308.75,2209200,yfinance,False
2011-03-09,1315.5,1315.5,1325.0,1311.5,1319.75,2196273,yfinance,False
2011-03-10,1294.25,1294.25,1317.25,1292.75,1315.75,2605190,yfinance,False
2011-03-11,1306.0,1306.0,1308.75,1283.0,1293.75,1125367,yfinance,False
2011-03-14,1295.5,1295.5,1305.75,1286.0,1302.25,817826,yfinance,False
2011-03-15,1280.0,1280.0,1298.0,1256.0,1295.5,1008182,yfinance,False
2011-03-16,1258.75,1258.75,1288.25,1248.0,1280.0,798954,yfinance,False
2011-03-17,1273.75,1273.75,1279.25,1246.5,1259.75,482797,yfinance,False
2011-03-18,1287.7099609375,1287.7099609375,1293.25,1266.25,1272.25,2342198,yfinance,False
2011-03-21,1293.0,1293.0,1296.25,1274.75,1276.25,1488232,yfinance,False
2011-03-22,1288.25,1288.25,1296.5,1287.5,1292.5,1441789,yfinance,False
2011-03-23,1292.0,1292.0,1296.0,1279.0,1287.75,1939892,yfinance,False
2011-03-24,1305.25,1305.25,1306.75,1289.25,1292.0,1833298,yfinance,False
2011-03-25,1310.0,1310.0,1314.5,1304.0,1304.5,1651563,yfinance,False
2011-03-28,1302.25,1302.25,1315.25,1302.0,1309.25,1290490,yfinance,False
2011-03-29,1316.5,1316.5,1317.75,1300.25,1302.75,1549071,yfinance,False
2011-03-30,1324.0,1324.0,1327.75,1314.75,1316.25,1407633,yfinance,False
2011-03-31,1321.0,1321.0,1325.75,1320.5,1324.5,1521964,yfinance,False
2011-04-01,1327.75,1327.75,1333.75,1320.5,1321.25,1660075,yfinance,False
2011-04-04,1329.25,1329.25,1332.75,1324.5,1327.0,1273974,yfinance,False
2011-04-05,1326.75,1326.75,1334.25,1323.0,1329.75,1558287,yfinance,False
2011-04-06,1329.0,1329.0,1336.5,1326.0,1327.0,1656416,yfinance,False
2011-04-07,1328.5,1328.5,1335.25,1322.25,1329.0,2180272,yfinance,False
2011-04-08,1323.75,1323.75,1335.75,1318.75,1328.5,1858868,yfinance,False
2011-04-11,1319.5,1319.5,1330.25,1317.0,1325.75,1527470,yfinance,False
2011-04-12,1308.25,1308.25,1320.5,1305.25,1320.25,2078928,yfinance,False
2011-04-13,1308.75,1308.75,1318.75,1305.0,1308.25,1919662,yfinance,False
2011-04-14,1310.25,1310.25,1313.25,1298.25,1309.25,2027796,yfinance,False
2011-04-15,1318.75,1318.75,1319.25,1305.75,1310.5,1644200,yfinance,False
2011-04-18,1301.0,1301.0,1318.75,1290.25,1318.25,2255340,yfinance,False
2011-04-19,1308.5,1308.5,1309.5,1294.0,1301.0,1528995,yfinance,False
2011-04-20,1328.25,1328.25,1330.5,1308.5,1308.75,1871971,yfinance,False
2011-04-21,1331.0,1331.0,1337.75,1328.0,1328.5,1276072,yfinance,False
2011-04-25,1330.75,1330.75,1335.25,1327.25,1330.5,599322,yfinance,False
2011-04-26,1341.0,1341.0,1346.25,1328.0,1330.75,1386038,yfinance,False
2011-04-27,1351.0,1351.0,1354.25,1340.25,1341.0,1386295,yfinance,False
2011-04-28,1355.0,1355.0,1358.5,1346.75,1351.5,1706910,yfinance,False
2011-04-29,1359.75,1359.75,1363.75,1352.75,1355.0,1272342,yfinance,False
2011-05-02,1357.75,1357.75,1373.5,1354.75,1363.25,1707040,yfinance,False
2011-05-03,1352.0,1352.0,1358.5,1345.75,1357.75,1674060,yfinance,False
2011-05-04,1343.0,1343.0,1355.0,1337.5,1351.75,2382666,yfinance,False
2011-05-05,1335.0,1335.0,1348.75,1325.25,1343.25,2915006,yfinance,False
2011-05-06,1334.5,1334.5,1351.75,1331.75,1334.25,2673077,yfinance,False
2011-05-09,1342.75,1342.75,1346.25,1334.5,1337.25,1666599,yfinance,False
2011-05-10,1353.75,1353.75,1356.5,1339.0,1342.5,1571216,yfinance,False
2011-05-11,1338.75,1338.75,1358.25,1333.0,1353.75,2190906,yfinance,False
2011-05-12,1347.5,1347.5,1348.75,1328.75,1339.25,2254909,yfinance,False
2011-05-13,1334.0,1334.0,1352.5,1330.5,1347.25,2235430,yfinance,False
2011-05-16,1325.5,1325.5,1341.25,1324.75,1332.0,2177046,yfinance,False
2011-05-17,1325.5,1325.5,1332.0,1316.0,1325.25,2292146,yfinance,False
2011-05-18,1338.5,1338.5,1340.5,1324.5,1326.25,1612220,yfinance,False
2011-05-19,1341.75,1341.75,1345.5,1334.5,1338.25,1825276,yfinance,False
2011-05-20,1327.75,1327.75,1344.0,1327.0,1341.5,2248408,yfinance,False
2011-05-23,1315.25,1315.25,1327.0,1310.75,1326.0,2054242,yfinance,False
2011-05-24,1313.5,1313.5,1322.5,1311.75,1314.75,1860601,yfinance,False
2011-05-25,1316.5,1316.5,1324.5,1302.25,1313.0,2100699,yfinance,False
2011-05-26,1326.5,1326.5,1327.5,1312.5,1316.5,2286732,yfinance,False
2011-05-27,1330.0,1330.0,1333.75,1324.5,1326.5,1393298,yfinance,False
2011-05-31,1344.0,1344.0,1345.75,1328.25,1329.75,1927228,yfinance,False
2011-06-01,1312.0,1312.0,1347.75,1311.25,1344.75,2681845,yfinance,False
2011-06-02,1312.5,1312.5,1317.75,1304.25,1313.25,2433178,yfinance,False
2011-06-03,1296.25,1296.25,1313.5,1294.5,1312.25,2677734,yfinance,False
2011-06-06,1285.0,1285.0,1299.0,1283.25,1298.75,2185300,yfinance,False
2011-06-07,1284.75,1284.75,1295.5,1282.5,1285.25,2069553,yfinance,False
2011-06-08,1277.0,1277.0,1287.75,1276.25,1285.0,2695851,yfinance,False
2011-06-09,1287.5,1287.5,1294.0,1275.25,1277.75,1725026,yfinance,False
2011-06-10,1269.25,1269.25,1288.75,1267.0,1287.75,1453530,yfinance,False
2011-06-13,1271.5,1271.5,1277.25,1265.0,1270.0,798749,yfinance,False
2011-06-14,1290.0,1290.0,1292.5,1270.5,1272.0,1067759,yfinance,False
2011-06-15,1265.5,1265.5,1289.0,1261.25,1288.75,757016,yfinance,False
2011-06-16,1269.0,1269.0,1274.5,1258.0,1266.25,407054,yfinance,False
2011-06-17,1279.4000244140625,1279.4000244140625,1282.5,1264.25,1269.5,2335210,yfinance,False
2011-06-20,1273.75,1273.75,1275.25,1256.25,1265.0,1675608,yfinance,False
2011-06-21,1288.0,1288.0,1292.75,1271.75,1273.25,2075568,yfinance,False
2011-06-22,1279.75,1279.75,1293.75,1279.5,1287.75,1872931,yfinance,False
2011-06-23,1277.0,1277.0,1280.75,1257.0,1280.0,3316080,yfinance,False
2011-06-24,1264.0,1264.0,1286.0,1261.25,1277.5,2499136,yfinance,False
2011-06-27,1276.25,1276.25,1280.0,1257.0,1265.0,2000732,yfinance,False
2011-06-28,1294.5,1294.5,1295.0,1271.5,1277.0,1913881,yfinance,False
2011-06-29,1304.25,1304.25,1305.5,1291.5,1293.5,2489063,yfinance,False
2011-06-30,1315.5,1315.5,1317.5,1302.25,1304.0,1875270,yfinance,False
2011-07-01,1334.75,1334.75,1336.5,1312.5,1314.75,1955127,yfinance,False
2011-07-05,1336.75,1336.75,1337.75,1328.25,1334.5,1729821,yfinance,False
2011-07-06,1335.75,1335.75,1340.75,1326.5,1336.0,1819425,yfinance,False
2011-07-07,1351.75,1351.75,1352.75,1335.75,1336.0,1678156,yfinance,False
2011-07-08,1341.75,1341.75,1354.5,1329.25,1351.5,2253551,yfinance,False
2011-07-11,1318.5,1318.5,1339.5,1311.75,1339.25,2432258,yfinance,False
2011-07-12,1310.75,1310.75,1323.25,1295.25,1318.0,2888474,yfinance,False
2011-07-13,1312.25,1312.25,1327.75,1307.25,1310.75,2315093,yfinance,False
2011-07-14,1306.75,1306.75,1323.25,1302.0,1312.25,2877782,yfinance,False
2011-07-15,1315.0,1315.0,1315.5,1300.5,1307.75,2298613,yfinance,False
2011-07-18,1300.5,1300.5,1314.75,1291.25,1314.5,2168734,yfinance,False
2011-07-19,1321.25,1321.25,1324.25,1300.25,1301.5,2098625,yfinance,False
2011-07-20,1321.25,1321.25,1329.75,1319.25,1321.25,1637321,yfinance,False
2011-07-21,1342.5,1342.5,1343.5,1315.0,1321.75,2311771,yfinance,False
2011-07-22,1341.0,1341.0,1347.75,1332.75,1341.25,1478170,yfinance,False
2011-07-25,1333.5,1333.5,1340.25,1322.0,1330.0,1640963,yfinance,False
2011-07-26,1326.25,1326.25,1339.75,1325.5,1333.5,1698186,yfinance,False
2011-07-27,1299.0,1299.0,1328.5,1298.0,1326.0,2535676,yfinance,False
2011-07-28,1296.75,1296.75,1313.0,1295.25,1299.25,2338767,yfinance,False
2011-07-29,1288.5,1288.5,1300.75,1278.5,1297.75,2889931,yfinance,False
2011-08-01,1279.75,1279.75,1309.75,1270.25,1306.0,3020191,yfinance,False
2011-08-02,1247.25,1247.25,1285.0,1246.75,1279.75,3293753,yfinance,False
2011-08-03,1254.5,1254.5,1258.0,1230.25,1248.25,3815275,yfinance,False
2011-08-04,1198.75,1198.75,1264.25,1193.25,1254.25,5039775,yfinance,False
2011-08-05,1197.75,1197.75,1219.0,1163.25,1199.5,6160540,yfinance,False
2011-08-08,1111.25,1111.25,1189.0,1109.5,1167.25,6173318,yfinance,False
2011-08-09,1171.75,1171.75,1175.5,1077.0,1113.0,6285917,yfinance,False
2011-08-10,1123.5,1123.5,1178.75,1113.75,1171.0,4925051,yfinance,False
2011-08-11,1168.5,1168.5,1184.0,1103.0,1123.0,4482222,yfinance,False
2011-08-12,1176.75,1176.75,1186.75,1146.75,1168.25,2720118,yfinance,False
2011-08-15,1198.5,1198.5,1201.75,1176.25,1179.75,2002026,yfinance,False
2011-08-16,1192.25,1192.25,1201.5,1177.5,1196.5,2556621,yfinance,False
2011-08-17,1190.0,1190.0,1206.75,1181.5,1191.75,2112805,yfinance,False
2011-08-18,1143.5,1143.5,1190.0,1128.25,1189.5,3809916,yfinance,False
2011-08-19,1124.0,1124.0,1153.25,1117.5,1143.75,3583223,yfinance,False
2011-08-22,1123.25,1123.25,1146.5,1111.25,1122.0,2714560,yfinance,False
2011-08-23,1158.5,1158.5,1160.75,1118.5,1123.5,3338118,yfinance,False
2011-08-24,1172.0,1172.0,1176.75,1142.5,1159.0,2616278,yfinance,False
2011-08-25,1157.5,1157.5,1188.5,1153.0,1171.5,3198280,yfinance,False
2011-08-26,1176.0,1176.0,1179.75,1132.75,1157.0,3053686,yfinance,False
2011-08-29,1208.0,1208.0,1208.75,1172.25,1175.5,1832857,yfinance,False
2011-08-30,1204.75,1204.75,1218.75,1193.5,1208.0,2576230,yfinance,False
2011-08-31,1217.75,1217.75,1229.75,1201.25,1204.25,3159833,yfinance,False
2011-09-01,1201.25,1201.25,1228.5,1200.75,1218.0,2656315,yfinance,False
2011-09-02,1169.25,1169.25,1203.25,1168.5,1201.0,2427798,yfinance,False
2011-09-06,1164.5,1164.5,1166.75,1136.0,1165.0,3522564,yfinance,False
2011-09-07,1199.0,1199.0,1199.75,1163.75,1164.5,2595150,yfinance,False
2011-09-08,1185.75,1185.75,1203.75,1182.0,1199.25,2136073,yfinance,False
2011-09-09,1158.0,1158.0,1194.0,1146.75,1185.75,1615259,yfinance,False
2011-09-12,1163.25,1163.25,1164.0,1129.5,1143.5,1148718,yfinance,False
2011-09-13,1171.5,1171.5,1176.75,1145.0,1162.75,1129051,yfinance,False
2011-09-14,1188.5,1188.5,1202.5,1154.25,1171.25,868479,yfinance,False
2011-09-15,1210.75,1210.75,1212.0,1182.25,1189.0,457743,yfinance,False
2011-09-16,1216.739990234375,1216.739990234375,1216.0,1201.5,1210.0,2661191,yfinance,False
2011-09-19,1197.75,1197.75,1203.75,1181.5,1199.25,2446620,yfinance,False
2011-09-20,1196.0,1196.0,1214.5,1185.25,1196.75,2614553,yfinance,False
2011-09-21,1155.75,1155.75,1203.75,1155.0,1196.5,3254771,yfinance,False
2011-09-22,1123.5,1123.5,1159.0,1106.75,1155.25,4741905,yfinance,False
2011-09-23,1129.75,1129.75,1138.5,1102.0,1124.25,3365634,yfinance,False
2011-09-26,1158.5,1158.5,1159.0,1115.0,1122.0,3089036,yfinance,False
2011-09-27,1169.5,1169.5,1190.0,1155.0,1157.5,3258954,yfinance,False
2011-09-28,1148.75,1148.75,1181.75,1143.5,1169.0,2802438,yfinance,False
2011-09-29,1156.25,1156.25,1170.75,1133.5,1148.25,2975702,yfinance,False
2011-09-30,1126.0,1126.0,1159.75,1121.5,1157.25,2980938,yfinance,False
2011-10-03,1086.25,1086.25,1133.5,1085.25,1123.0,3504183,yfinance,False
2011-10-04,1113.5,1113.5,1119.75,1068.0,1087.5,4190407,yfinance,False
2011-10-05,1135.0,1135.0,1141.25,1106.5,1114.5,3039981,yfinance,False
2011-10-06,1157.5,1157.5,1160.5,1129.0,1135.0,2903759,yfinance,False
2011-10-07,1155.0,1155.0,1173.75,1144.75,1157.25,2865466,yfinance,False
2011-10-10,1191.0,1191.0,1192.25,1156.5,1157.75,1776333,yfinance,False
2011-10-11,1189.5,1189.5,1194.75,1180.75,1190.5,1953734,yfinance,False
2011-10-12,1198.25,1198.25,1216.0,1180.75,1187.5,2559219,yfinance,False
2011-10-13,1198.0,1198.0,1204.25,1185.25,1198.5,2316227,yfinance,False
2011-10-14,1219.25,1219.25,1221.5,1193.0,1197.5,2244214,yfinance,False
2011-10-17,1194.0,1194.0,1230.75,1193.5,1218.25,2385603,yfinance,False
2011-10-18,1223.0,1223.0,1229.75,1185.5,1194.0,2978540,yfinance,False
2011-10-19,1206.5,1206.5,1227.25,1201.5,1222.75,2430802,yfinance,False
2011-10-20,1210.0,1210.0,1216.25,1192.5,1206.75,2898123,yfinance,False
2011-10-21,1235.25,1235.25,1235.75,1208.0,1208.75,2115010,yfinance,False
2011-10-24,1247.0,1247.0,1252.5,1226.75,1229.75,2006311,yfinance,False
2011-10-25,1224.5,1224.5,1254.5,1222.25,1247.0,2635786,yfinance,False
2011-10-26,1237.5,1237.5,1242.5,1216.5,1225.0,2697660,yfinance,False
2011-10-27,1282.5,1282.5,1289.25,1237.5,1238.0,3324091,yfinance,False
2011-10-28,1281.0,1281.0,1284.25,1272.75,1282.25,1932702,yfinance,False
2011-10-31,1249.25,1249.25,1280.75,1245.25,1280.0,2239270,yfinance,False
2011-11-01,1224.5,1224.5,1248.0,1208.5,1247.5,3666184,yfinance,False
2011-11-02,1234.25,1234.25,1238.75,1216.5,1223.5,2264238,yfinance,False
2011-11-03,1255.75,1255.75,1259.75,1213.5,1234.25,2822923,yfinance,False
2011-11-04,1251.0,1251.0,1258.75,1234.5,1255.75,2243027,yfinance,False
2011-11-07,1257.5,1257.5,1259.5,1232.0,1251.0,1982159,yfinance,False
2011-11-08,1273.25,1273.25,1275.25,1248.5,1257.5,2241483,yfinance,False
2011-11-09,1225.75,1225.75,1274.0,1222.75,1273.25,3248837,yfinance,False
2011-11-10,1237.5,1237.5,1245.0,1218.25,1226.25,2584328,yfinance,False
2011-11-11,1261.5,1261.5,1264.75,1233.75,1237.5,1603127,yfinance,False
2011-11-14,1252.5,1252.5,1270.75,1243.5,1264.25,1889071,yfinance,False
2011-11-15,1254.0,1254.0,1262.25,1234.0,1251.5,2243400,yfinance,False
2011-11-16,1231.0,1231.0,1258.75,1230.5,1254.5,2711882,yfinance,False
2011-11-17,1214.75,1214.75,1241.75,1206.5,1231.25,3096973,yfinance,False
2011-11-18,1214.0,1214.0,1229.75,1208.75,1215.0,2178618,yfinance,False
2011-11-21,1190.75,1190.75,1209.0,1180.5,1208.0,2401770,yfinance,False
2011-11-22,1182.75,1182.75,1199.0,1179.25,1190.75,2306860,yfinance,False
2011-11-23,1160.0,1160.0,1185.0,1158.5,1182.75,2325948,yfinance,False
2011-11-25,1153.5,1153.5,1173.75,1147.5,1160.25,1518196,yfinance,False
2011-11-28,1191.0,1191.0,1196.25,1169.25,1172.0,2362657,yfinance,False
2011-11-29,1196.5,1196.5,1206.0,1186.25,1190.75,2423915,yfinance,False
2011-11-30,1246.0,1246.0,1246.75,1183.0,1195.0,3298494,yfinance,False
2011-12-01,1243.5,1243.5,1251.0,1235.75,1243.75,2110759,yfinance,False
2011-12-02,1243.5,1243.5,1262.75,1242.0,1243.5,2179603,yfinance,False
2011-12-05,1255.0,1255.0,1266.25,1248.0,1248.0,2333966,yfinance,False
2011-12-06,1255.0,1255.0,1265.75,1245.25,1253.25,2187368,yfinance,False
2011-12-07,1264.0,1264.0,1268.0,1244.0,1255.5,2724649,yfinance,False
2011-12-08,1236.0,1236.0,1272.0,1230.75,1263.75,2442801,yfinance,False
2011-12-09,1258.75,1258.75,1260.5,1228.5,1235.5,1143695,yfinance,False
2011-12-12,1235.25,1235.25,1260.5,1226.0,1256.0,908998,yfinance,False
2011-12-13,1226.25,1226.25,1249.75,1218.5,1235.0,1000947,yfinance,False
2011-12-14,1212.5,1212.5,1232.5,1209.0,1226.0,593669,yfinance,False
2011-12-15,1218.0,1218.0,1227.0,1204.5,1212.75,327313,yfinance,False
2011-12-16,1224.0,1224.0,1229.25,1217.25,1218.25,2189561,yfinance,False
2011-12-19,1199.0,1199.0,1219.75,1195.5,1212.0,1683745,yfinance,False
2011-12-20,1236.0,1236.0,1237.25,1198.75,1199.0,1825749,yfinance,False
2011-12-21,1236.25,1236.25,1249.0,1223.0,1236.0,1986543,yfinance,False
2011-12-22,1249.0,1249.0,1251.0,1232.25,1236.0,1333614,yfinance,False
2011-12-23,1260.25,1260.25,1260.75,1248.75,1249.5,693965,yfinance,False
2011-12-27,1260.25,1260.25,1264.0,1256.0,1260.5,508261,yfinance,False
2011-12-28,1244.5,1244.5,1264.5,1243.0,1260.0,1013536,yfinance,False
2011-12-29,1257.5,1257.5,1258.5,1243.75,1244.0,878740,yfinance,False
2011-12-30,1252.5,1252.5,1260.5,1250.75,1256.75,692364,yfinance,False
2012-01-03,1272.0,1272.0,1280.0,1270.25,1274.75,1565370,yfinance,False
2012-01-04,1273.0,1273.0,1274.75,1262.75,1272.0,1419339,yfinance,False
2012-01-05,1273.0,1273.0,1278.0,1259.75,1273.25,1819520,yfinance,False
2012-01-06,1274.25,1274.25,1282.25,1266.75,1273.25,1691991,yfinance,False
2012-01-09,1275.5,1275.5,1277.75,1267.25,1274.75,1438170,yfinance,False
2012-01-10,1286.0,1286.0,1292.0,1274.5,1275.0,1531383,yfinance,False
2012-01-11,1288.25,1288.25,1289.5,1279.25,1286.0,1800297,yfinance,False
2012-01-12,1291.75,1291.75,1297.5,1280.75,1288.25,1755528,yfinance,False
2012-01-13,1289.0,1289.0,1295.0,1272.75,1292.0,2115831,yfinance,False
2012-01-17,1289.25,1289.25,1302.5,1281.25,1285.25,1837834,yfinance,False
2012-01-18,1302.25,1302.25,1304.25,1286.5,1289.0,2008751,yfinance,False
2012-01-19,1310.5,1310.5,1311.5,1299.25,1302.75,1837168,yfinance,False
2012-01-20,1310.75,1310.75,1311.75,1304.75,1310.0,1420429,yfinance,False
2012-01-23,1311.0,1311.0,1318.25,1305.0,1307.5,1609178,yfinance,False
2012-01-24,1311.5,1311.5,1311.75,1301.5,1311.25,1478167,yfinance,False
2012-01-25,1320.25,1320.25,1324.75,1303.0,1311.25,1973502,yfinance,False
2012-01-26,1315.25,1315.25,1329.75,1309.25,1320.75,2012742,yfinance,False
2012-01-27,1312.5,1312.5,1319.25,1307.0,1314.75,1730821,yfinance,False
2012-01-30,1309.0,1309.0,1314.5,1296.0,1314.0,1710571,yfinance,False
2012-01-31,1308.25,1308.25,1317.5,1302.25,1309.0,1894426,yfinance,False
2012-02-01,1319.75,1319.75,1327.0,1303.75,1307.75,1904608,yfinance,False
2012-02-02,1322.75,1322.75,1326.0,1317.0,1320.25,1357576,yfinance,False
2012-02-03,1339.0,1339.0,1342.0,1320.0,1322.75,1710648,yfinance,False
2012-02-06,1339.0,1339.0,1340.5,1330.25,1336.5,1196876,yfinance,False
2012-02-07,1344.75,1344.75,1345.75,1331.75,1339.0,1498861,yfinance,False
2012-02-08,1347.0,1347.0,1348.25,1338.25,1344.25,1540962,yfinance,False
2012-02-09,1348.25,1348.25,1352.75,1340.75,1347.0,1755116,yfinance,False
2012-02-10,1340.5,1340.5,1348.25,1333.75,1348.0,1713982,yfinance,False
2012-02-13,1349.0,1349.0,1352.25,1342.75,1347.25,1235174,yfinance,False
2012-02-14,1347.75,1347.75,1352.0,1337.75,1349.25,1739688,yfinance,False
2012-02-15,1342.25,1342.25,1358.0,1338.0,1347.5,2282387,yfinance,False
2012-02-16,1354.75,1354.75,1357.25,1334.25,1341.75,1962084,yfinance,False
2012-02-17,1359.75,1359.75,1361.25,1353.0,1354.75,1250939,yfinance,False
2012-02-21,1360.0,1360.0,1369.5,1355.75,1366.75,1584418,yfinance,False
2012-02-22,1356.0,1356.0,1364.0,1353.0,1359.75,1439240,yfinance,False
2012-02-23,1363.0,1363.0,1363.75,1350.25,1356.0,1602052,yfinance,False
2012-02-24,1363.25,1363.25,1368.5,1361.5,1363.0,1165825,yfinance,False
2012-02-27,1367.25,1367.25,1370.75,1353.0,1363.25,1662699,yfinance,False
2012-02-28,1371.5,1371.5,1373.75,1364.5,1367.25,1540432,yfinance,False
2012-02-29,1364.5,1364.5,1377.25,1356.75,1371.25,2280683,yfinance,False
2012-03-01,1374.5,1374.5,1375.25,1358.75,1362.25,1966089,yfinance,False
2012-03-02,1368.75,1368.75,1377.0,1365.0,1374.5,1458860,yfinance,False
2012-03-05,1364.5,1364.5,1369.5,1358.0,1367.25,1535936,yfinance,False
2012-03-06,1342.0,1342.0,1365.75,1338.5,1364.0,2450910,yfinance,False
2012-03-07,1352.75,1352.75,1354.25,1341.25,1341.5,1893777,yfinance,False
2012-03-08,1366.5,1366.5,1368.5,1350.5,1352.75,1832191,yfinance,False
2012-03-09,1372.5,1372.5,1374.5,1363.25,1366.25,1063406,yfinance,False
2012-03-12,1372.5,1372.5,1372.75,1366.0,1372.75,905373,yfinance,False
2012-03-13,1396.25,1396.25,1397.0,1371.5,1372.5,1026961,yfinance,False
2012-03-14,1394.25,1394.25,1399.75,1390.0,1396.5,511161,yfinance,False
2012-03-15,1401.75,1401.75,1403.0,1390.5,1394.0,354750,yfinance,False
2012-03-16,1405.75,1405.75,1406.25,1400.0,1401.5,1384158,yfinance,False
2012-03-19,1404.0,1404.0,1408.0,1393.5,1397.25,1525304,yfinance,False
2012-03-20,1400.0,1400.0,1405.0,1391.75,1404.0,1583682,yfinance,False
2012-03-21,1397.5,1397.5,1405.75,1394.25,1400.0,1533579,yfinance,False
2012-03-22,1389.0,1389.0,1400.75,1382.5,1397.75,1682418,yfinance,False
2012-03-23,1394.0,1394.0,1395.25,1380.5,1389.0,1559341,yfinance,False
2012-03-26,1415.0,1415.0,1415.5,1392.5,1393.75,1456063,yfinance,False
2012-03-27,1406.5,1406.5,1419.75,1406.0,1415.0,1251826,yfinance,False
2012-03-28,1400.25,1400.25,1412.25,1392.0,1406.25,1759121,yfinance,False
2012-03-29,1398.25,1398.25,1404.0,1386.25,1399.5,1827754,yfinance,False
2012-03-30,1403.25,1403.25,1406.25,1395.75,1398.0,1619524,yfinance,False
2012-04-02,1412.5,1412.5,1417.75,1399.0,1407.25,1718652,yfinance,False
2012-04-03,1408.75,1408.75,1414.25,1399.5,1412.0,1673086,yfinance,False
2012-04-04,1393.25,1393.25,1409.0,1388.5,1409.0,1834777,yfinance,False
2012-04-05,1390.25,1390.25,1397.75,1384.0,1393.25,1539342,yfinance,False
2012-04-09,1375.0,1375.0,1382.75,1371.75,1375.0,1083274,yfinance,False
2012-04-10,1357.0,1357.0,1380.75,1352.5,1374.25,2522310,yfinance,False
2012-04-11,1364.0,1364.0,1370.5,1357.5,1357.75,1739768,yfinance,False
2012-04-12,1386.0,1386.0,1386.25,1363.25,1364.25,1852924,yfinance,False
2012-04-13,1365.0,1365.0,1388.5,1363.75,1385.75,1936470,yfinance,False
2012-04-16,1364.0,1364.0,1375.25,1360.5,1366.0,1959799,yfinance,False
2012-04-17,1383.5,1383.5,1388.75,1359.25,1364.25,1848818,yfinance,False
2012-04-18,1378.25,1378.25,1386.75,1377.75,1383.75,1848236,yfinance,False
2012-04-19,1372.5,1372.5,1390.0,1365.5,1378.75,2631716,yfinance,False
2012-04-20,1375.25,1375.25,1383.25,1371.25,1373.75,1808442,yfinance,False
2012-04-23,1362.75,1362.75,1374.75,1354.0,1372.25,1848613,yfinance,False
2012-04-24,1370.0,1370.0,1371.25,1361.0,1363.0,1440903,yfinance,False
2012-04-25,1387.25,1387.25,1387.75,1369.5,1370.75,1827484,yfinance,False
2012-04-26,1396.75,1396.75,1398.25,1381.0,1387.25,1666603,yfinance,False
2012-04-27,1398.5,1398.5,1403.0,1386.5,1396.75,1616584,yfinance,False
2012-04-30,1393.5,1393.5,1402.5,1389.75,1400.25,1322300,yfinance,False
2012-05-01,1400.5,1400.5,1411.75,1391.25,1394.25,1305665,yfinance,False
2012-05-02,1397.5,1397.5,1404.75,1389.25,1400.5,1682321,yfinance,False
2012-05-03,1386.0,1386.0,1402.75,1384.5,1397.5,1761579,yfinance,False
2012-05-04,1362.5,1362.5,1389.0,1361.5,1386.5,2076198,yfinance,False
2012-05-07,1365.75,1365.75,1370.25,1342.5,1354.0,1610579,yfinance,False
2012-05-08,1358.5,1358.5,1368.0,1343.75,1365.25,2307638,yfinance,False
2012-05-09,1351.0,1351.0,1360.75,1339.25,1359.0,2523438,yfinance,False
2012-05-10,1357.5,1357.5,1363.75,1345.75,1351.25,1839321,yfinance,False
2012-05-11,1350.0,1350.0,1363.25,1344.0,1357.5,1840516,yfinance,False
2012-05-14,1334.0,1334.0,1351.0,1333.25,1346.0,1912994,yfinance,False
2012-05-15,1328.25,1328.25,1347.0,1325.5,1334.5,2402932,yfinance,False
2012-05-16,1322.5,1322.5,1339.75,1320.75,1328.75,2282620,yfinance,False
2012-05-17,1301.25,1301.25,1330.75,1300.5,1323.0,2906203,yfinance,False
2012-05-18,1290.75,1290.75,1310.5,1289.75,1302.0,2816411,yfinance,False
2012-05-21,1315.75,1315.75,1316.0,1287.25,1291.75,2051007,yfinance,False
2012-05-22,1314.75,1314.75,1326.5,1307.5,1315.25,2449269,yfinance,False
2012-05-23,1315.75,1315.75,1319.0,1294.0,1315.5,2555222,yfinance,False
2012-05-24,1322.5,1322.5,1323.5,1306.0,1315.75,2171218,yfinance,False
2012-05-25,1315.0,1315.0,1329.75,1312.0,1322.5,1521622,yfinance,False
2012-05-29,1333.5,1333.5,1334.25,1317.5,1322.0,2236090,yfinance,False
2012-05-30,1308.5,1308.5,1334.25,1308.0,1333.5,2313731,yfinance,False
2012-05-31,1309.25,1309.25,1319.0,1297.25,1309.0,2746687,yfinance,False
2012-06-01,1274.0,1274.0,1307.5,1273.5,1306.25,3278646,yfinance,False
2012-06-04,1273.0,1273.0,1281.5,1262.0,1275.0,2338973,yfinance,False
2012-06-05,1285.0,1285.0,1286.75,1267.5,1273.25,2035780,yfinance,False
2012-06-06,1315.5,1315.5,1315.75,1283.0,1285.25,2836135,yfinance,False
2012-06-07,1316.75,1316.75,1329.5,1312.0,1315.25,2584043,yfinance,False
2012-06-08,1328.75,1328.75,1329.5,1305.5,1316.25,1334158,yfinance,False
2012-06-11,1307.0,1307.0,1349.0,1306.25,1342.0,1171558,yfinance,False
2012-06-12,1326.75,1326.75,1327.25,1303.75,1307.5,817732,yfinance,False
2012-06-13,1315.5,1315.5,1327.75,1310.25,1326.25,511475,yfinance,False
2012-06-14,1333.0,1333.0,1334.5,1311.75,1315.75,485343,yfinance,False
2012-06-15,1335.75,1335.75,1339.75,1331.25,1332.25,1817397,yfinance,False
2012-06-18,1341.0,1341.0,1347.5,1327.25,1345.25,2074890,yfinance,False
2012-06-19,1350.5,1350.5,1357.0,1336.5,1340.75,1772340,yfinance,False
2012-06-20,1350.75,1350.75,1355.5,1338.75,1350.0,2364882,yfinance,False
2012-06-21,1318.25,1318.25,1353.25,1317.5,1350.75,2713717,yfinance,False
2012-06-22,1326.75,1326.75,1331.75,1318.25,1318.5,1859289,yfinance,False
2012-06-25,1306.5,1306.5,1326.5,1302.5,1325.5,1843892,yfinance,False
2012-06-26,1315.5,1315.5,1318.0,1303.25,1306.75,1810328,yfinance,False
2012-06-27,1325.5,1325.5,1328.5,1312.0,1315.75,1615882,yfinance,False
2012-06-28,1322.5,1322.5,1327.75,1306.75,1325.75,2291307,yfinance,False
2012-06-29,1356.5,1356.5,1359.5,1316.0,1322.0,2488982,yfinance,False
2012-07-02,1357.5,1357.5,1362.25,1349.5,1358.75,1688137,yfinance,False
2012-07-03,1368.0,1368.0,1369.5,1355.25,1358.25,1047073,yfinance,False
2012-07-05,1361.5,1361.5,1375.0,1357.0,1366.5,1885277,yfinance,False
2012-07-06,1351.75,1351.75,1364.0,1342.25,1361.5,1955639,yfinance,False
2012-07-09,1349.25,1349.25,1350.25,1341.0,1349.25,1473739,yfinance,False
2012-07-10,1335.5,1335.5,1356.5,1330.5,1349.0,2020477,yfinance,False
2012-07-11,1336.25,1336.25,1342.5,1327.75,1335.0,1912327,yfinance,False
2012-07-12,1329.25,1329.25,1339.5,1319.75,1336.5,1904895,yfinance,False
2012-07-13,1351.75,1351.75,1353.25,1328.75,1329.25,1758931,yfinance,False
2012-07-16,1347.5,1347.5,1352.5,1343.0,1351.25,1547166,yfinance,False
2012-07-17,1358.5,1358.5,1360.5,1339.25,1347.25,1970476,yfinance,False
2012-07-18,1367.25,1367.25,1370.5,1352.5,1358.5,1797575,yfinance,False
2012-07-19,1372.0,1372.0,1376.0,1366.0,1367.25,1743124,yfinance,False
2012-07-20,1358.25,1358.25,1372.0,1357.0,1371.5,1800661,yfinance,False
2012-07-23,1343.75,1343.75,1356.75,1332.0,1355.5,2078031,yfinance,False
2012-07-24,1329.5,1329.5,1346.5,1323.75,1343.75,2115725,yfinance,False
2012-07-25,1335.0,1335.0,1340.0,1321.25,1331.0,1840501,yfinance,False
2012-07-26,1354.75,1354.75,1358.75,1327.75,1334.75,2275727,yfinance,False
2012-07-27,1382.5,1382.5,1385.0,1352.75,1354.75,2495356,yfinance,False
2012-07-30,1380.5,1380.5,1387.5,1375.75,1379.25,1486890,yfinance,False
2012-07-31,1374.5,1374.5,1386.5,1371.0,1380.0,1774241,yfinance,False
2012-08-01,1370.5,1370.5,1381.5,1367.75,1372.0,1800024,yfinance,False
2012-08-02,1362.0,1362.0,1383.0,1349.25,1370.0,2835526,yfinance,False
2012-08-03,1389.0,1389.0,1390.5,1360.0,1362.25,1945915,yfinance,False
2012-08-06,1390.0,1390.0,1395.75,1387.25,1390.25,1171977,yfinance,False
2012-08-07,1397.0,1397.0,1403.25,1387.5,1390.0,1459898,yfinance,False
2012-08-08,1398.25,1398.25,1400.25,1390.5,1396.5,1227991,yfinance,False
2012-08-09,1400.5,1400.5,1403.75,1393.75,1398.5,1179356,yfinance,False
2012-08-10,1402.5,1402.5,1402.75,1392.0,1400.25,1246593,yfinance,False
2012-08-13,1402.5,1402.5,1404.0,1394.25,1400.5,1202738,yfinance,False
2012-08-14,1401.5,1401.5,1409.5,1397.25,1402.0,1435083,yfinance,False
2012-08-15,1403.5,1403.5,1405.75,1397.0,1401.25,1103484,yfinance,False
2012-08-16,1413.0,1413.0,1415.5,1401.75,1403.5,1495429,yfinance,False
2012-08-17,1415.25,1415.25,1416.75,1410.75,1413.75,1139564,yfinance,False
2012-08-20,1414.75,1414.75,1418.0,1409.5,1415.0,1110701,yfinance,False
2012-08-21,1412.5,1412.5,1424.75,1408.0,1414.75,1731248,yfinance,False
2012-08-22,1412.25,1412.25,1414.25,1404.25,1412.75,1675386,yfinance,False
2012-08-23,1400.0,1400.0,1418.0,1398.0,1412.25,1592212,yfinance,False
2012-08-24,1409.75,1409.75,1412.0,1395.25,1399.75,1572472,yfinance,False
2012-08-27,1408.25,1408.25,1416.0,1407.0,1410.0,932096,yfinance,False
2012-08-28,1407.75,1407.75,1412.0,1403.25,1408.25,1210117,yfinance,False
2012-08-29,1407.25,1407.25,1412.5,1404.75,1407.25,959745,yfinance,False
2012-08-30,1397.0,1397.0,1407.75,1395.25,1407.0,1217187,yfinance,False
2012-08-31,1405.0,1405.0,1412.25,1395.5,1397.0,2046718,yfinance,False
2012-09-04,1406.0,1406.0,1409.5,1394.5,1406.25,1680397,yfinance,False
2012-09-05,1403.5,1403.5,1408.25,1397.25,1406.25,1429039,yfinance,False
2012-09-06,1431.0,1431.0,1432.25,1403.25,1403.5,2040626,yfinance,False
2012-09-07,1438.25,1438.25,1438.75,1430.5,1431.0,1472193,yfinance,False
2012-09-10,1426.5,1426.5,1438.0,1425.75,1436.75,1096739,yfinance,False
2012-09-11,1430.5,1430.5,1437.5,1421.5,1425.5,1430082,yfinance,False
2012-09-12,1439.5,1439.5,1440.25,1428.5,1430.5,1725227,yfinance,False
2012-09-13,1457.25,1457.25,1464.25,1435.0,1438.25,2603518,yfinance,False
2012-09-14,1465.75,1465.75,1474.75,1456.5,1456.5,1291449,yfinance,False
2012-09-17,1460.75,1460.75,1465.75,1457.5,1465.75,676512,yfinance,False
2012-09-18,1459.25,1459.25,1463.25,1455.75,1460.5,762529,yfinance,False
2012-09-19,1459.5,1459.5,1465.5,1457.75,1460.0,457469,yfinance,False
2012-09-20,1460.5,1460.5,1461.75,1450.0,1459.75,309519,yfinance,False
2012-09-21,1468.25,1468.25,1469.25,1460.25,1460.75,1605312,yfinance,False
2012-09-24,1451.5,1451.5,1454.5,1444.75,1450.25,1261245,yfinance,False
2012-09-25,1437.25,1437.25,1457.0,1435.0,1451.75,1813743,yfinance,False
2012-09-26,1427.0,1427.0,1439.75,1424.0,1436.75,1793271,yfinance,False
2012-09-27,1441.0,1441.0,1444.5,1427.5,1427.5,1754826,yfinance,False
2012-09-28,1434.25,1434.25,1443.5,1429.0,1441.0,2101935,yfinance,False
2012-10-01,1437.0,1437.0,1451.5,1427.75,1432.75,1903230,yfinance,False
2012-10-02,1441.0,1441.0,1446.0,1432.25,1436.5,1610265,yfinance,False
2012-10-03,1444.75,1444.75,1448.75,1435.5,1440.25,1553817,yfinance,False
2012-10-04,1455.75,1455.75,1457.75,1444.0,1444.0,1566715,yfinance,False
2012-10-05,1455.5,1455.5,1466.0,1451.25,1455.75,1681666,yfinance,False
2012-10-08,1449.75,1449.75,1457.25,1447.5,1457.25,961596,yfinance,False
2012-10-09,1436.0,1436.0,1454.5,1435.25,1449.75,1956139,yfinance,False
2012-10-10,1426.25,1426.25,1437.75,1425.0,1437.0,1672672,yfinance,False
2012-10-11,1428.5,1428.5,1439.25,1421.25,1425.75,1585045,yfinance,False
2012-10-12,1421.5,1421.5,1434.5,1420.0,1428.25,1624836,yfinance,False
2012-10-15,1435.5,1435.5,1436.5,1416.5,1423.5,1525436,yfinance,False
2012-10-16,1449.25,1449.25,1451.5,1434.5,1436.0,1622289,yfinance,False
2012-10-17,1457.0,1457.0,1457.75,1446.25,1449.25,1534392,yfinance,False
2012-10-18,1451.5,1451.5,1459.75,1447.75,1457.0,1805949,yfinance,False
2012-10-19,1424.0,1424.0,1453.5,1423.5,1451.25,2400959,yfinance,False
2012-10-22,1430.0,1430.0,1431.25,1416.75,1424.5,1777803,yfinance,False
2012-10-23,1406.75,1406.75,1433.25,1402.0,1430.75,2303989,yfinance,False
2012-10-24,1405.25,1405.25,1415.0,1401.75,1406.5,1756752,yfinance,False
2012-10-25,1408.25,1408.25,1416.75,1399.5,1406.25,1808585,yfinance,False
2012-10-26,1407.5,1407.5,1412.5,1394.5,1409.75,2089898,yfinance,False
2012-10-31,1406.75,1406.75,1418.25,1400.5,1412.5,1775915,yfinance,False
2012-11-01,1423.25,1423.25,1425.0,1398.5,1402.0,1705976,yfinance,False
2012-11-02,1405.5,1405.5,1431.5,1405.0,1423.25,2089006,yfinance,False
2012-11-05,1412.0,1412.0,1415.5,1402.5,1402.75,1388947,yfinance,False
2012-11-06,1425.25,1425.25,1429.25,1409.75,1411.0,1481236,yfinance,False
2012-11-07,1389.0,1389.0,1431.75,1384.0,1425.0,3199570,yfinance,False
2012-11-08,1375.25,1375.25,1397.5,1372.5,1390.25,2615376,yfinance,False
2012-11-09,1375.75,1375.75,1388.0,1363.5,1375.75,2549324,yfinance,False
2012-11-12,1378.25,1378.25,1381.75,1372.5,1375.25,1138665,yfinance,False
2012-11-13,1371.0,1371.0,1386.25,1365.75,1378.25,1950603,yfinance,False
2012-11-14,1353.0,1353.0,1381.75,1349.5,1373.25,2448722,yfinance,False
2012-11-15,1351.25,1351.25,1359.0,1345.25,1354.0,2416674,yfinance,False
2012-11-16,1359.75,1359.75,1360.5,1340.25,1351.5,2605521,yfinance,False
2012-11-19,1382.5,1382.5,1385.75,1360.25,1360.75,1741462,yfinance,False
2012-11-20,1386.25,1386.25,1387.5,1374.0,1380.0,1548714,yfinance,False
2012-11-21,1388.25,1388.25,1389.75,1377.0,1386.0,1068642,yfinance,False
2012-11-23,1405.25,1405.25,1407.5,1387.25,1389.0,913304,yfinance,False
2012-11-26,1403.25,1403.25,1405.0,1395.0,1403.25,1220715,yfinance,False
2012-11-27,1397.5,1397.5,1407.75,1395.5,1404.0,1639215,yfinance,False
2012-11-28,1407.0,1407.0,1408.75,1383.0,1397.5,2128449,yfinance,False
2012-11-29,1415.75,1415.75,1418.5,1404.5,1406.75,1877829,yfinance,False
2012-11-30,1414.5,1414.5,1419.5,1409.75,1411.5,1686640,yfinance,False
2012-12-03,1407.0,1407.0,1424.0,1404.5,1413.25,1652126,yfinance,False
2012-12-04,1405.5,1405.5,1411.75,1401.5,1406.0,1619569,yfinance,False
2012-12-05,1408.25,1408.25,1414.75,1396.75,1402.75,2045099,yfinance,False
2012-12-06,1413.0,1413.0,1413.5,1404.0,1406.5,1382373,yfinance,False
2012-12-07,1416.0,1416.0,1422.25,1408.5,1412.25,1772166,yfinance,False
2012-12-10,1420.25,1420.25,1421.0,1410.75,1416.0,1136090,yfinance,False
2012-12-11,1431.5,1431.5,1434.25,1415.0,1417.5,1772202,yfinance,False
2012-12-12,1427.25,1427.25,1438.75,1425.75,1431.25,1833412,yfinance,False
2012-12-13,1418.0,1418.0,1431.5,1415.75,1425.75,1950507,yfinance,False
2012-12-14,1415.0,1415.0,1425.5,1411.5,1416.75,1043852,yfinance,False
2012-12-17,1432.5,1432.5,1434.25,1415.0,1421.25,856691,yfinance,False
2012-12-18,1445.75,1445.75,1448.25,1430.5,1433.75,875266,yfinance,False
2012-12-19,1437.25,1437.25,1450.5,1432.75,1445.0,505129,yfinance,False
2012-12-20,1445.5,1445.5,1446.25,1431.75,1433.5,343847,yfinance,False
2012-12-21,1424.75,1424.75,1446.5,1393.0,1445.5,2112856,yfinance,False
2012-12-24,1419.75,1419.75,1424.5,1417.5,1424.25,318126,yfinance,False
2012-12-26,1413.5,1413.5,1425.5,1410.75,1424.0,578176,yfinance,False
2012-12-27,1410.75,1410.75,1418.5,1396.0,1413.25,1470310,yfinance,False
2012-12-28,1384.0,1384.0,1416.75,1382.25,1413.25,1061849,yfinance,False
2012-12-31,1420.0,1420.0,1425.75,1383.5,1388.25,1480199,yfinance,False
2013-01-02,1457.0,1457.0,1458.0,1438.25,1443.0,1939767,yfinance,False
2013-01-03,1453.5,1453.5,1460.5,1450.0,1456.0,1598235,yfinance,False
2013-01-04,1457.75,1457.75,1463.0,1451.25,1454.0,1514786,yfinance,False
2013-01-07,1455.75,1455.75,1460.75,1450.75,1460.25,1199834,yfinance,False
2013-01-08,1452.25,1452.25,1457.0,1446.0,1456.75,1366996,yfinance,False
2013-01-09,1455.75,1455.75,1459.5,1451.25,1451.5,1193627,yfinance,False
2013-01-10,1467.0,1467.0,1470.25,1454.75,1456.5,1540850,yfinance,False
2013-01-11,1467.25,1467.25,1471.5,1462.25,1469.75,1150333,yfinance,False
2013-01-14,1464.25,1464.25,1471.25,1460.25,1466.75,1168502,yfinance,False
2013-01-15,1465.25,1465.25,1468.25,1456.5,1465.0,1324056,yfinance,False
2013-01-16,1465.5,1465.5,1469.0,1460.0,1467.0,1232690,yfinance,False
2013-01-17,1475.75,1475.75,1480.5,1460.5,1465.0,1745053,yfinance,False
2013-01-18,1479.0,1479.0,1481.0,1470.5,1475.5,1487277,yfinance,False
2013-01-22,1489.5,1489.5,1491.5,1475.0,1478.0,1474784,yfinance,False
2013-01-23,1490.25,1490.25,1491.25,1484.5,1490.5,1192172,yfinance,False
2013-01-24,1491.75,1491.75,1497.75,1482.75,1483.25,1828454,yfinance,False
2013-01-25,1495.75,1495.75,1499.25,1486.75,1487.75,1591858,yfinance,False
2013-01-28,1497.0,1497.0,1500.0,1491.25,1495.75,1206900,yfinance,False
2013-01-29,1505.0,1505.0,1505.75,1491.0,1495.5,1500028,yfinance,False
2013-01-30,1495.25,1495.25,1506.0,1493.5,1505.0,1798387,yfinance,False
2013-01-31,1493.25,1493.25,1500.0,1491.25,1494.25,1639166,yfinance,False
2013-02-01,1506.75,1506.75,1510.5,1495.75,1496.0,1779718,yfinance,False
2013-02-04,1493.5,1493.5,1508.5,1490.25,1508.0,1765571,yfinance,False
2013-02-05,1506.0,1506.0,1511.0,1492.25,1492.5,1741970,yfinance,False
2013-02-06,1506.75,1506.75,1510.25,1499.0,1507.25,1753717,yfinance,False
2013-02-07,1505.25,1505.25,1511.0,1494.5,1507.25,1960681,yfinance,False
2013-02-08,1512.5,1512.5,1515.0,1503.75,1505.0,1428025,yfinance,False
2013-02-11,1513.0,1513.0,1517.0,1509.75,1513.5,1229917,yfinance,False
2013-02-12,1516.25,1516.25,1519.0,1508.5,1512.5,1258561,yfinance,False
2013-02-13,1517.25,1517.25,1522.0,1513.0,1517.5,1269215,yfinance,False
2013-02-14,1518.5,1518.5,1520.75,1510.0,1516.25,1369303,yfinance,False
2013-02-15,1517.0,1517.0,1521.75,1511.25,1518.75,1732853,yfinance,False
2013-02-19,1528.0,1528.0,1529.0,1515.25,1516.0,1498369,yfinance,False
2013-02-20,1507.0,1507.0,1530.0,1506.5,1528.75,2018732,yfinance,False
2013-02-21,1501.0,1501.0,1509.75,1495.0,1507.75,2510874,yfinance,False
2013-02-22,1514.5,1514.5,1515.0,1502.0,1502.25,1763806,yfinance,False
2013-02-25,1487.25,1487.25,1524.5,1481.75,1515.5,3093507,yfinance,False
2013-02-26,1492.5,1492.5,1497.75,1482.75,1485.5,2933833,yfinance,False
2013-02-27,1515.75,1515.75,1519.25,1490.0,1493.25,2458935,yfinance,False
2013-02-28,1513.25,1513.25,1524.5,1508.75,1516.25,2199825,yfinance,False
2013-03-01,1516.5,1516.5,1519.0,1499.5,1512.5,2545008,yfinance,False
2013-03-04,1525.75,1525.75,1527.5,1507.0,1514.75,1980880,yfinance,False
2013-03-05,1537.0,1537.0,1542.75,1524.5,1526.75,2368997,yfinance,False
2013-03-06,1539.0,1539.0,1544.75,1537.0,1539.0,2091010,yfinance,False
2013-03-07,1542.75,1542.75,1545.5,1537.5,1539.75,1673556,yfinance,False
2013-03-08,1549.5,1549.5,1553.5,1540.25,1542.75,1136905,yfinance,False
2013-03-11,1556.0,1556.0,1557.25,1545.5,1547.25,755669,yfinance,False
2013-03-12,1552.5,1552.5,1557.0,1547.5,1556.75,795044,yfinance,False
2013-03-13,1556.0,1556.0,1557.0,1548.0,1553.0,505430,yfinance,False
2013-03-14,1562.25,1562.25,1563.5,1555.0,1556.5,368214,yfinance,False
2013-03-15,1561.25,1561.25,1565.0,1559.75,1561.25,1699828,yfinance,False
2013-03-18,1546.75,1546.75,1552.5,1529.5,1544.0,2193099,yfinance,False
2013-03-19,1542.25,1542.25,1551.25,1531.75,1547.25,2546167,yfinance,False
2013-03-20,1549.0,1549.0,1555.75,1536.5,1539.25,1802214,yfinance,False
2013-03-21,1539.0,1539.0,1550.75,1536.5,1549.5,1904151,yfinance,False
2013-03-22,1552.0,1552.0,1554.0,1535.0,1538.5,1579747,yfinance,False
2013-03-25,1547.0,1547.0,1560.5,1539.0,1550.0,2254735,yfinance,False
2013-03-26,1557.25,1557.25,1558.75,1546.75,1548.25,1594034,yfinance,False
2013-03-27,1556.75,1556.75,1560.5,1545.75,1558.25,1569031,yfinance,False
2013-03-28,1562.75,1562.75,1564.5,1549.75,1556.75,1627305,yfinance,False
2013-04-01,1556.0,1556.0,1565.0,1552.5,1563.0,1135817,yfinance,False
2013-04-02,1564.5,1564.5,1568.0,1554.25,1556.25,1609532,yfinance,False
2013-04-03,1548.5,1548.5,1567.75,1544.0,1566.0,2269317,yfinance,False
2013-04-04,1554.5,1554.5,1557.5,1546.0,1548.5,2004726,yfinance,False
2013-04-05,1546.0,1546.0,1555.25,1533.25,1554.75,2269710,yfinance,False
2013-04-08,1559.25,1559.25,1562.75,1543.0,1545.5,1444510,yfinance,False
2013-04-09,1563.25,1563.25,1569.0,1555.5,1560.75,1632380,yfinance,False
2013-04-10,1582.75,1582.75,1584.5,1561.0,1563.75,2034329,yfinance,False
2013-04-11,1587.75,1587.75,1593.0,1580.75,1583.5,1723235,yfinance,False
2013-04-12,1582.0,1582.0,1589.75,1575.0,1588.25,1809731,yfinance,False
2013-04-15,1543.5,1543.5,1583.0,1538.75,1582.25,2854380,yfinance,False
2013-04-16,1568.75,1568.75,1570.75,1542.25,1542.5,2252603,yfinance,False
2013-04-17,1546.0,1546.0,1569.5,1538.0,1569.25,2968750,yfinance,False
2013-04-18,1534.0,1534.0,1553.5,1530.75,1544.5,2316865,yfinance,False
2013-04-19,1547.5,1547.5,1550.75,1535.25,1537.0,1879483,yfinance,False
2013-04-22,1556.0,1556.0,1561.0,1542.75,1548.5,1594693,yfinance,False
2013-04-23,1573.5,1573.5,1577.0,1548.75,1557.25,2108112,yfinance,False
2013-04-24,1574.0,1574.0,1579.0,1570.75,1573.5,1421896,yfinance,False
2013-04-25,1581.75,1581.75,1588.25,1570.75,1573.0,1595167,yfinance,False
2013-04-26,1576.5,1576.5,1582.5,1572.5,1581.5,1335027,yfinance,False
2013-04-29,1588.25,1588.25,1592.25,1573.75,1576.25,1234877,yfinance,False
2013-04-30,1592.25,1592.25,1594.25,1581.25,1588.5,1555013,yfinance,False
2013-05-01,1577.25,1577.25,1595.5,1576.0,1593.75,1467806,yfinance,False
2013-05-02,1592.25,1592.25,1594.25,1578.75,1579.25,1652820,yfinance,False
2013-05-03,1608.5,1608.5,1614.25,1589.5,1592.25,1936845,yfinance,False
2013-05-06,1613.5,1613.5,1615.25,1607.25,1608.25,963963,yfinance,False
2013-05-07,1620.5,1620.5,1621.75,1609.25,1612.5,1507222,yfinance,False
2013-05-08,1628.75,1628.75,1629.5,1617.0,1620.75,1593279,yfinance,False
2013-05-09,1624.5,1624.5,1632.25,1620.0,1628.25,1825700,yfinance,False
2013-05-10,1629.5,1629.5,1631.0,1620.25,1626.0,1641619,yfinance,False
2013-05-13,1630.75,1630.75,1633.25,1621.5,1625.5,1328925,yfinance,False
2013-05-14,1648.0,1648.0,1648.75,1626.5,1630.75,2018666,yfinance,False
2013-05-15,1654.25,1654.25,1659.75,1642.75,1647.5,2123306,yfinance,False
2013-05-16,1648.0,1648.0,1658.75,1646.0,1655.25,1920088,yfinance,False
2013-05-17,1663.0,1663.0,1665.75,1648.25,1649.5,1923927,yfinance,False
2013-05-20,1664.5,1664.5,1670.75,1659.75,1662.5,1749840,yfinance,False
2013-05-21,1665.5,1665.5,1673.25,1660.0,1663.5,1694697,yfinance,False
2013-05-22,1655.5,1655.5,1685.75,1646.5,1665.75,2970647,yfinance,False
2013-05-23,1650.0,1650.0,1659.0,1632.75,1657.5,2681434,yfinance,False
2013-05-24,1650.5,1650.5,1655.25,1634.5,1651.25,1950868,yfinance,False
2013-05-28,1654.5,1654.5,1672.75,1644.25,1650.0,2091551,yfinance,False
2013-05-29,1647.0,1647.0,1656.75,1638.0,1654.25,2129262,yfinance,False
2013-05-30,1653.5,1653.5,1660.75,1641.0,1646.5,1773923,yfinance,False
2013-05-31,1629.0,1629.0,1658.0,1626.25,1653.75,2559471,yfinance,False
2013-06-03,1636.25,1636.25,1639.0,1620.75,1629.5,2530617,yfinance,False
2013-06-04,1631.25,1631.25,1645.75,1621.5,1635.75,2173999,yfinance,False
2013-06-05,1608.0,1608.0,1632.25,1605.5,1629.25,2648546,yfinance,False
2013-06-06,1622.75,1622.75,1624.25,1596.5,1608.5,2796168,yfinance,False
2013-06-07,1638.5,1638.5,1644.0,1618.0,1622.0,2382985,yfinance,False
2013-06-10,1642.0,1642.0,1648.5,1634.5,1636.5,1820611,yfinance,False
2013-06-11,1627.0,1627.0,1642.5,1621.5,1642.0,2590976,yfinance,False
2013-06-12,1610.0,1610.0,1638.25,1609.5,1627.5,2600131,yfinance,False
2013-06-13,1636.75,1636.75,1639.5,1597.5,1610.75,2359119,yfinance,False
2013-06-14,1624.25,1624.25,1640.75,1623.25,1637.75,1040616,yfinance,False
2013-06-17,1639.75,1639.75,1646.75,1624.0,1624.5,893732,yfinance,False
2013-06-18,1651.0,1651.0,1654.5,1638.0,1640.75,739743,yfinance,False
2013-06-19,1629.5,1629.5,1655.0,1626.25,1652.5,589660,yfinance,False
2013-06-20,1590.5,1590.5,1628.75,1583.75,1627.25,639744,yfinance,False
2013-06-21,1600.75,1600.75,1604.25,1589.5,1590.5,2982380,yfinance,False
2013-06-24,1566.25,1566.25,1586.25,1553.25,1583.75,2848089,yfinance,False
2013-06-25,1581.5,1581.5,1587.75,1558.25,1566.5,2020973,yfinance,False
2013-06-26,1595.5,1595.5,1601.25,1573.0,1580.25,1731510,yfinance,False
2013-06-27,1606.5,1606.5,1614.25,1594.75,1596.75,1601032,yfinance,False
2013-06-28,1599.25,1599.25,1614.5,1594.25,1606.25,2143749,yfinance,False
2013-07-01,1606.75,1606.75,1620.5,1593.25,1600.25,1551011,yfinance,False
2013-07-02,1607.25,1607.25,1618.5,1600.25,1606.75,1670998,yfinance,False
2013-07-03,1609.0,1609.0,1613.0,1594.0,1607.0,1031771,yfinance,False
2013-07-05,1627.25,1627.25,1630.75,1608.25,1609.0,1721212,yfinance,False
2013-07-08,1635.5,1635.5,1639.5,1626.0,1628.5,1317337,yfinance,False
2013-07-09,1645.5,1645.5,1649.0,1635.75,1636.75,1281034,yfinance,False
2013-07-10,1648.5,1648.5,1658.75,1641.25,1647.0,1460004,yfinance,False
2013-07-11,1670.0,1670.0,1671.75,1657.5,1658.25,1457417,yfinance,False
2013-07-12,1670.25,1670.25,1674.25,1666.25,1669.0,1144481,yfinance,False
2013-07-15,1677.5,1677.5,1679.5,1669.75,1670.0,911484,yfinance,False
2013-07-16,1671.25,1671.25,1679.5,1666.5,1677.75,1171424,yfinance,False
2013-07-17,1675.5,1675.5,1680.5,1665.75,1671.75,1413187,yfinance,False
2013-07-18,1680.5,1680.5,1688.5,1671.75,1676.75,1355890,yfinance,False
2013-07-19,1689.5,1689.5,1690.5,1675.25,1680.0,1145886,yfinance,False
2013-07-22,1690.25,1690.25,1694.25,1685.5,1690.0,900143,yfinance,False
2013-07-23,1688.25,1688.25,1695.5,1686.0,1690.5,979783,yfinance,False
2013-07-24,1683.75,1683.75,1695.25,1677.25,1689.5,1508386,yfinance,False
2013-07-25,1684.0,1684.0,1686.5,1671.75,1684.0,1425052,yfinance,False
2013-07-26,1686.5,1686.5,1689.0,1670.5,1685.75,1400373,yfinance,False
2013-07-29,1682.5,1682.5,1688.0,1676.5,1686.5,1100568,yfinance,False
2013-07-30,1684.75,1684.75,1688.5,1677.25,1682.25,1318504,yfinance,False
2013-07-31,1680.5,1680.5,1694.0,1680.25,1684.0,1981532,yfinance,False
2013-08-01,1700.25,1700.25,1703.75,1684.5,1685.5,1517822,yfinance,False
2013-08-02,1704.0,1704.0,1705.0,1695.75,1702.25,1216474,yfinance,False
2013-08-05,1702.5,1702.5,1705.0,1698.75,1702.75,856742,yfinance,False
2013-08-06,1694.0,1694.0,1703.5,1688.75,1701.25,1273487,yfinance,False
2013-08-07,1688.25,1688.25,1693.5,1680.5,1692.75,1384518,yfinance,False
2013-08-08,1693.75,1693.75,1697.0,1684.5,1688.75,1522504,yfinance,False
2013-08-09,1686.25,1686.25,1696.25,1682.5,1694.0,1662642,yfinance,False
2013-08-12,1687.0,1687.0,1688.5,1675.25,1685.0,1251215,yfinance,False
2013-08-13,1690.75,1690.75,1694.5,1679.25,1688.0,1604935,yfinance,False
2013-08-14,1682.0,1682.0,1693.25,1681.0,1691.5,1504592,yfinance,False
2013-08-15,1655.75,1655.75,1682.0,1654.25,1680.5,2399533,yfinance,False
2013-08-16,1651.0,1651.0,1662.0,1649.5,1654.75,1739935,yfinance,False
2013-08-19,1645.0,1645.0,1657.0,1642.25,1651.0,1468577,yfinance,False
2013-08-20,1650.5,1650.5,1656.75,1641.0,1644.25,1582327,yfinance,False
2013-08-21,1636.5,1636.5,1654.75,1634.0,1651.0,2121839,yfinance,False
2013-08-22,1654.75,1654.75,1657.75,1631.5,1635.0,1556777,yfinance,False
2013-08-23,1661.5,1661.5,1662.75,1650.5,1655.5,1307807,yfinance,False
2013-08-26,1654.25,1654.25,1667.5,1653.25,1660.75,1213990,yfinance,False
2013-08-27,1628.25,1628.25,1655.5,1626.25,1654.5,2249547,yfinance,False
2013-08-28,1632.25,1632.25,1639.25,1624.75,1628.25,1652221,yfinance,False
2013-08-29,1636.75,1636.75,1644.75,1627.75,1630.5,1743635,yfinance,False
2013-08-30,1631.25,1631.25,1645.0,1625.5,1639.0,1932571,yfinance,False
2013-09-03,1639.0,1639.0,1650.0,1630.75,1640.25,2318259,yfinance,False
2013-09-04,1653.5,1653.5,1655.25,1635.0,1638.0,1638385,yfinance,False
2013-09-05,1653.0,1653.0,1658.25,1650.5,1654.75,1254398,yfinance,False
2013-09-06,1653.5,1653.5,1664.0,1638.75,1652.0,2582191,yfinance,False
2013-09-09,1669.0,1669.0,1671.75,1652.0,1652.0,1483598,yfinance,False
2013-09-10,1682.5,1682.5,1683.25,1669.0,1671.0,1849907,yfinance,False
2013-09-11,1688.75,1688.75,1690.5,1677.75,1682.25,1843965,yfinance,False
2013-09-12,1685.0,1685.0,1690.0,1681.25,1689.75,1354307,yfinance,False
2013-09-13,1688.5,1688.5,1690.5,1680.5,1684.75,762611,yfinance,False
2013-09-16,1698.0,1698.0,1710.5,1694.75,1698.5,1005353,yfinance,False
2013-09-17,1705.0,1705.0,1706.75,1694.75,1696.25,727287,yfinance,False
2013-09-18,1724.5,1724.5,1729.75,1700.0,1706.0,666723,yfinance,False
2013-09-19,1724.25,1724.25,1733.25,1720.5,1725.0,419654,yfinance,False
2013-09-20,1726.75,1726.75,1727.25,1721.25,1724.0,1767531,yfinance,False
2013-09-23,1692.75,1692.75,1707.5,1689.5,1706.5,1671968,yfinance,False
2013-09-24,1692.5,1692.5,1701.0,1687.5,1693.25,1501832,yfinance,False
2013-09-25,1685.75,1685.75,1695.0,1684.5,1692.25,1639285,yfinance,False
2013-09-26,1692.5,1692.5,1697.5,1685.75,1686.5,1466733,yfinance,False
2013-09-27,1686.5,1686.5,1695.5,1680.0,1694.5,1432245,yfinance,False
2013-09-30,1674.25,1674.25,1681.0,1666.75,1675.0,2151896,yfinance,False
2013-10-01,1689.5,1689.5,1692.25,1675.25,1678.5,1762715,yfinance,False
2013-10-02,1683.0,1683.0,1691.75,1673.25,1691.5,1702460,yfinance,False
2013-10-03,1669.75,1669.75,1684.75,1663.25,1683.0,2263290,yfinance,False
2013-10-04,1684.75,1684.75,1686.0,1667.5,1668.0,1512965,yfinance,False
2013-10-07,1667.75,1667.75,1679.5,1666.5,1676.75,1599803,yfinance,False
2013-10-08,1650.5,1650.5,1671.5,1646.0,1667.0,2352160,yfinance,False
2013-10-09,1648.75,1648.75,1658.25,1640.0,1648.0,2485975,yfinance,False
2013-10-10,1685.0,1685.0,1687.75,1648.0,1648.5,2287318,yfinance,False
2013-10-11,1699.0,1699.0,1700.25,1673.0,1683.0,1558254,yfinance,False
2013-10-14,1704.25,1704.25,1706.75,1680.75,1684.0,1509558,yfinance,False
2013-10-15,1692.0,1692.0,1709.75,1689.5,1706.25,1872624,yfinance,False
2013-10-16,1713.25,1713.25,1717.0,1691.25,1694.25,1797067,yfinance,False
2013-10-17,1727.75,1727.75,1728.75,1706.25,1712.0,1669215,yfinance,False
2013-10-18,1736.5,1736.5,1740.25,1727.0,1727.5,1537541,yfinance,False
2013-10-21,1738.25,1738.25,1742.5,1734.75,1738.0,1138916,yfinance,False
2013-10-22,1749.5,1749.5,1754.5,1736.0,1737.75,1844860,yfinance,False
2013-10-23,1741.75,1741.75,1749.5,1734.5,1749.5,1520034,yfinance,False
2013-10-24,1748.5,1748.5,1751.75,1740.0,1742.75,1252875,yfinance,False
2013-10-25,1754.0,1754.0,1755.75,1742.75,1748.0,1253456,yfinance,False
2013-10-28,1759.0,1759.0,1762.25,1751.5,1753.75,1157924,yfinance,False
2013-10-29,1767.5,1767.5,1768.75,1754.5,1759.0,1189498,yfinance,False
2013-10-30,1760.5,1760.5,1773.25,1751.75,1768.25,1778748,yfinance,False
2013-10-31,1751.0,1751.0,1764.0,1750.25,1757.75,1885721,yfinance,False
2013-11-01,1754.75,1754.75,1761.25,1747.0,1755.5,1602379,yfinance,False
2013-11-04,1763.0,1763.0,1764.0,1753.25,1754.0,1005972,yfinance,False
2013-11-05,1756.5,1756.5,1764.0,1750.5,1762.75,1479362,yfinance,False
2013-11-06,1765.5,1765.5,1770.0,1755.75,1757.25,1322195,yfinance,False
2013-11-07,1745.25,1745.25,1774.5,1742.25,1763.75,2463701,yfinance,False
2013-11-08,1766.0,1766.0,1768.0,1736.5,1744.75,2071703,yfinance,False
2013-11-11,1767.5,1767.5,1770.25,1762.75,1767.0,960010,yfinance,False
2013-11-12,1765.0,1765.0,1769.75,1758.5,1767.75,1419105,yfinance,False
2013-11-13,1778.75,1778.75,1782.25,1754.25,1764.75,1682642,yfinance,False
2013-11-14,1787.75,1787.75,1789.0,1777.25,1779.75,1584763,yfinance,False
2013-11-15,1793.5,1793.5,1796.0,1786.5,1787.75,1227567,yfinance,False
2013-11-18,1788.75,1788.75,1799.75,1784.75,1793.5,1559073,yfinance,False
2013-11-19,1785.25,1785.25,1793.75,1782.0,1789.5,1587851,yfinance,False
2013-11-20,1779.75,1779.75,1794.25,1774.5,1785.5,2066306,yfinance,False
2013-11-21,1793.75,1793.75,1795.5,1775.75,1779.5,1390391,yfinance,False
2013-11-22,1801.25,1801.25,1803.25,1792.0,1793.25,1240120,yfinance,False
2013-11-25,1802.5,1802.5,1809.25,1798.5,1802.0,1114352,yfinance,False
2013-11-26,1802.0,1802.0,1807.0,1798.75,1801.25,1095564,yfinance,False
2013-11-27,1804.25,1804.25,1807.5,1801.25,1802.0,849593,yfinance,False
2013-11-29,1804.0,1804.0,1812.5,1802.75,1804.5,818602,yfinance,False
2013-12-02,1799.75,1799.75,1809.0,1797.0,1806.25,1330983,yfinance,False
2013-12-03,1791.5,1791.5,1801.75,1786.25,1800.25,1727930,yfinance,False
2013-12-04,1791.75,1791.75,1799.5,1777.75,1792.0,2107738,yfinance,False
2013-12-05,1784.0,1784.0,1794.25,1782.0,1792.5,1576138,yfinance,False
2013-12-06,1805.0,1805.0,1806.0,1784.25,1784.5,1757106,yfinance,False
2013-12-09,1809.0,1809.0,1811.5,1804.75,1806.5,1060287,yfinance,False
2013-12-10,1803.0,1803.0,1811.5,1801.0,1809.25,1174676,yfinance,False
2013-12-11,1780.75,1780.75,1808.0,1779.25,1804.25,2004200,yfinance,False
2013-12-12,1775.0,1775.0,1784.0,1771.75,1780.75,1833127,yfinance,False
2013-12-13,1774.75,1774.75,1783.0,1771.75,1773.5,994289,yfinance,False
2013-12-16,1786.5,1786.5,1792.5,1760.25,1774.75,869476,yfinance,False
2013-12-17,1779.25,1779.25,1789.0,1776.5,1784.75,748121,yfinance,False
2013-12-18,1810.75,1810.75,1812.75,1767.25,1778.25,711563,yfinance,False
2013-12-19,1808.5,1808.5,1813.0,1801.25,1810.0,387385,yfinance,False
2013-12-20,1810.25,1810.25,1813.0,1808.75,1808.75,1356110,yfinance,False
2013-12-23,1822.75,1822.75,1824.5,1816.75,1817.0,737153,yfinance,False
2013-12-24,1829.0,1829.0,1829.5,1820.5,1822.75,314408,yfinance,False
2013-12-26,1836.5,1836.5,1837.75,1829.75,1830.0,438937,yfinance,False
2013-12-27,1836.5,1836.5,1840.0,1833.25,1836.5,622702,yfinance,False
2013-12-30,1834.75,1834.75,1838.5,1833.5,1836.0,581577,yfinance,False
2013-12-31,1841.0,1841.0,1846.5,1834.25,1835.5,653055,yfinance,False
2014-01-02,1826.5,1826.5,1840.75,1821.75,1837.75,1243227,yfinance,False
2014-01-03,1825.5,1825.5,1833.0,1820.5,1827.25,961601,yfinance,False
2014-01-06,1820.75,1820.75,1832.5,1817.25,1824.0,1369207,yfinance,False
2014-01-07,1830.75,1830.75,1834.75,1819.5,1819.75,1162443,yfinance,False
2014-01-08,1832.5,1832.5,1834.75,1825.5,1830.75,1330414,yfinance,False
2014-01-09,1833.0,1833.0,1839.0,1824.25,1831.75,1324605,yfinance,False
2014-01-10,1837.75,1837.75,1842.5,1826.25,1833.25,1455887,yfinance,False
2014-01-13,1815.0,1815.0,1838.75,1809.5,1838.5,1710408,yfinance,False
2014-01-14,1833.0,1833.0,1834.25,1812.75,1815.75,1595178,yfinance,False
2014-01-15,1841.5,1841.5,1845.75,1831.5,1833.0,1260095,yfinance,False
2014-01-16,1836.25,1836.25,1843.75,1834.5,1841.5,952497,yfinance,False
2014-01-17,1834.25,1834.25,1842.75,1829.25,1838.0,1182782,yfinance,False
2014-01-21,1838.5,1838.5,1844.0,1826.25,1834.0,1329662,yfinance,False
2014-01-22,1838.5,1838.5,1843.25,1834.75,1837.5,941604,yfinance,False
2014-01-23,1824.25,1824.25,1844.0,1813.75,1839.0,1815516,yfinance,False
2014-01-24,1782.0,1782.0,1828.0,1780.0,1824.0,2566321,yfinance,False
2014-01-27,1775.75,1775.75,1792.0,1767.0,1781.75,2776036,yfinance,False
2014-01-28,1788.25,1788.25,1797.0,1771.0,1771.25,1726338,yfinance,False
2014-01-29,1771.25,1771.25,1801.25,1764.0,1796.0,2740741,yfinance,False
2014-01-30,1781.25,1781.25,1793.75,1767.75,1770.0,1824579,yfinance,False
2014-01-31,1776.5,1776.5,1788.25,1761.25,1783.5,2389820,yfinance,False
2014-02-03,1732.75,1732.75,1783.75,1732.25,1777.5,3026524,yfinance,False
2014-02-04,1743.75,1743.75,1753.5,1734.0,1738.25,2325416,yfinance,False
2014-02-05,1744.0,1744.0,1750.75,1732.0,1744.25,2075514,yfinance,False
2014-02-06,1766.5,1766.5,1769.75,1744.0,1744.75,1739245,yfinance,False
2014-02-07,1793.5,1793.5,1794.0,1758.25,1768.0,2344919,yfinance,False
2014-02-10,1794.75,1794.75,1796.0,1786.25,1793.0,1148560,yfinance,False
2014-02-11,1813.5,1813.5,1819.5,1794.25,1795.25,1764385,yfinance,False
2014-02-12,1817.0,1817.0,1823.25,1811.25,1813.25,1385941,yfinance,False
2014-02-13,1824.25,1824.25,1827.0,1802.25,1816.75,1645236,yfinance,False
2014-02-14,1835.0,1835.0,1838.75,1816.0,1823.75,1365228,yfinance,False
2014-02-18,1837.5,1837.5,1840.25,1831.5,1833.5,1210508,yfinance,False
2014-02-19,1825.5,1825.5,1844.5,1823.25,1837.25,1771087,yfinance,False
2014-02-20,1836.25,1836.25,1840.25,1817.25,1826.0,1608588,yfinance,False
2014-02-21,1834.25,1834.25,1844.0,1832.75,1836.0,1316655,yfinance,False
2014-02-24,1846.0,1846.0,1856.75,1829.25,1835.25,1612323,yfinance,False
2014-02-25,1846.25,1846.25,1851.0,1837.25,1844.75,1566204,yfinance,False
2014-02-26,1842.0,1842.0,1853.25,1838.0,1847.5,1464320,yfinance,False
2014-02-27,1854.0,1854.0,1855.75,1832.75,1843.75,1615828,yfinance,False
2014-02-28,1857.5,1857.5,1866.5,1845.25,1854.5,2106508,yfinance,False
2014-03-03,1843.0,1843.0,1849.5,1832.25,1846.0,2376689,yfinance,False
2014-03-04,1871.5,1871.5,1874.75,1843.5,1843.75,1750397,yfinance,False
2014-03-05,1872.5,1872.5,1875.5,1867.75,1870.75,1254803,yfinance,False
2014-03-06,1876.25,1876.25,1881.0,1871.0,1873.75,1283006,yfinance,False
2014-03-07,1878.0,1878.0,1887.5,1869.25,1876.25,1756169,yfinance,False
2014-03-10,1877.25,1877.25,1878.75,1865.75,1875.5,1167755,yfinance,False
2014-03-11,1865.25,1865.25,1882.25,1863.0,1876.25,1609666,yfinance,False
2014-03-12,1867.75,1867.75,1869.0,1853.75,1864.75,1666288,yfinance,False
2014-03-13,1846.75,1846.75,1875.0,1841.5,1868.75,2346907,yfinance,False
2014-03-14,1840.0,1840.0,1853.0,1839.0,1847.25,1309202,yfinance,False
2014-03-17,1857.75,1857.75,1862.75,1830.5,1839.5,797416,yfinance,False
2014-03-18,1870.75,1870.75,1874.0,1852.5,1858.75,871094,yfinance,False
2014-03-19,1859.75,1859.75,1874.5,1849.5,1871.0,640709,yfinance,False
2014-03-20,1873.75,1873.75,1874.25,1852.5,1858.5,344340,yfinance,False
2014-03-21,1881.75,1881.75,1882.0,1870.75,1873.0,1750423,yfinance,False
2014-03-24,1849.5,1849.5,1866.0,1841.25,1855.5,1835881,yfinance,False
2014-03-25,1859.25,1859.25,1864.5,1848.0,1850.25,1657649,yfinance,False
2014-03-26,1842.5,1842.5,1868.75,1841.5,1859.0,1898746,yfinance,False
2014-03-27,1840.5,1840.5,1848.5,1834.0,1845.0,2031166,yfinance,False
2014-03-28,1850.5,1850.5,1859.5,1841.5,1843.5,1502152,yfinance,False
2014-03-31,1864.5,1864.5,1868.0,1855.0,1855.0,1572419,yfinance,False
2014-04-01,1877.75,1877.75,1878.75,1862.25,1864.5,1213329,yfinance,False
2014-04-02,1883.0,1883.0,1886.25,1876.25,1877.75,1181442,yfinance,False
2014-04-03,1883.0,1883.0,1887.5,1875.5,1882.75,1239722,yfinance,False
2014-04-04,1860.0,1860.0,1892.5,1855.75,1884.25,2496813,yfinance,False
2014-04-07,1838.0,1838.0,1861.75,1834.5,1861.0,2179083,yfinance,False
2014-04-08,1845.0,1845.0,1849.0,1830.75,1840.0,1854828,yfinance,False
2014-04-09,1864.75,1864.75,1866.5,1843.75,1845.0,1414210,yfinance,False
2014-04-10,1827.0,1827.0,1867.5,1823.75,1865.75,2378458,yfinance,False
2014-04-11,1811.75,1811.75,1832.0,1807.25,1829.5,2527152,yfinance,False
2014-04-14,1824.5,1824.5,1828.0,1803.25,1806.0,1885532,yfinance,False
2014-04-15,1839.5,1839.5,1844.0,1809.25,1825.0,2609484,yfinance,False
2014-04-16,1852.75,1852.75,1857.0,1840.5,1842.75,1643896,yfinance,False
2014-04-17,1858.0,1858.0,1863.75,1847.25,1852.5,1255343,yfinance,False
2014-04-21,1864.5,1864.5,1865.5,1856.5,1859.25,533891,yfinance,False
2014-04-22,1874.0,1874.0,1878.75,1860.75,1864.25,1106460,yfinance,False
2014-04-23,1873.0,1873.0,1880.75,1867.5,1873.0,1000557,yfinance,False
2014-04-24,1873.0,1873.0,1882.5,1863.75,1879.0,1577086,yfinance,False
2014-04-25,1860.0,1860.0,1873.75,1853.0,1872.5,1507792,yfinance,False
2014-04-28,1866.0,1866.0,1871.75,1844.0,1861.75,2065197,yfinance,False
2014-04-29,1871.75,1871.75,1875.25,1865.0,1866.0,1219110,yfinance,False
2014-04-30,1878.0,1878.0,1880.25,1866.25,1870.5,1502102,yfinance,False
2014-05-01,1877.75,1877.75,1882.75,1871.5,1879.5,938351,yfinance,False
2014-05-02,1874.5,1874.5,1886.0,1872.0,1878.75,1717169,yfinance,False
2014-05-05,1875.75,1875.75,1880.0,1860.5,1875.5,1176754,yfinance,False
2014-05-06,1864.25,1864.25,1881.5,1861.75,1877.5,1379161,yfinance,False
2014-05-07,1874.25,1874.25,1875.75,1854.5,1864.0,1999538,yfinance,False
2014-05-08,1872.25,1872.25,1884.75,1865.0,1874.75,1753107,yfinance,False
2014-05-09,1873.5,1873.5,1875.0,1862.5,1870.25,1476536,yfinance,False
2014-05-12,1892.75,1892.75,1894.0,1874.0,1874.0,1183703,yfinance,False
2014-05-13,1894.25,1894.25,1898.5,1892.0,1893.5,1076997,yfinance,False
2014-05-14,1885.25,1885.25,1897.25,1882.25,1894.75,1186879,yfinance,False
2014-05-15,1867.25,1867.25,1888.5,1859.0,1885.75,2247238,yfinance,False
2014-05-16,1874.75,1874.75,1875.75,1861.25,1867.0,1522446,yfinance,False
2014-05-19,1882.25,1882.25,1883.0,1865.75,1876.25,1035685,yfinance,False
2014-05-20,1868.0,1868.0,1884.5,1864.75,1881.5,1564172,yfinance,False
2014-05-21,1885.0,1885.0,1886.5,1866.5,1868.5,1358710,yfinance,False
2014-05-22,1890.25,1890.25,1894.0,1882.75,1883.75,1026615,yfinance,False
2014-05-23,1897.0,1897.0,1899.25,1889.5,1890.25,761557,yfinance,False
2014-05-27,1909.25,1909.25,1910.0,1897.0,1898.0,922499,yfinance,False
2014-05-28,1909.0,1909.0,1914.0,1904.5,1909.75,1062079,yfinance,False
2014-05-29,1918.0,1918.0,1918.0,1907.25,1909.75,981817,yfinance,False
2014-05-30,1921.5,1921.5,1922.25,1914.25,1917.0,1169034,yfinance,False
2014-06-02,1921.75,1921.75,1924.25,1913.75,1921.25,1053526,yfinance,False
2014-06-03,1922.0,1922.0,1923.5,1916.0,1921.5,948001,yfinance,False
2014-06-04,1925.75,1925.75,1927.0,1916.0,1922.75,917108,yfinance,False
2014-06-05,1938.5,1938.5,1940.75,1921.0,1925.5,1676659,yfinance,False
2014-06-06,1949.25,1949.25,1949.75,1937.75,1938.5,1205739,yfinance,False
2014-06-09,1950.25,1950.25,1954.75,1945.75,1949.25,1026966,yfinance,False
2014-06-10,1950.5,1950.5,1951.75,1943.0,1949.25,1038073,yfinance,False
2014-06-11,1944.0,1944.0,1951.0,1938.5,1950.75,1348569,yfinance,False
2014-06-12,1930.5,1930.5,1947.75,1924.75,1943.75,1665612,yfinance,False
2014-06-13,1935.75,1935.75,1937.0,1926.5,1930.75,945294,yfinance,False
2014-06-16,1936.5,1936.5,1940.75,1926.5,1934.25,866802,yfinance,False
2014-06-17,1941.5,1941.5,1943.5,1931.25,1936.5,881102,yfinance,False
2014-06-18,1957.0,1957.0,1958.0,1938.0,1941.5,522409,yfinance,False
2014-06-19,1958.5,1958.5,1960.25,1952.25,1956.0,369578,yfinance,False
2014-06-20,1968.0,1968.0,1970.0,1956.75,1957.5,1162086,yfinance,False
2014-06-23,1953.0,1953.0,1959.75,1950.0,1952.75,1024411,yfinance,False
2014-06-24,1943.25,1943.25,1960.0,1939.75,1951.25,1530560,yfinance,False
2014-06-25,1949.5,1949.5,1953.25,1937.25,1942.25,1532088,yfinance,False
2014-06-26,1948.75,1948.75,1952.5,1936.25,1948.75,1486643,yfinance,False
2014-06-27,1952.0,1952.0,1954.0,1942.75,1948.25,1176129,yfinance,False
2014-06-30,1952.5,1952.5,1956.75,1948.0,1951.75,1155861,yfinance,False
2014-07-01,1965.75,1965.75,1971.75,1953.5,1954.5,1455654,yfinance,False
2014-07-02,1967.75,1967.75,1970.0,1964.5,1966.25,920982,yfinance,False
2014-07-03,1977.5,1977.5,1978.25,1966.0,1968.0,846127,yfinance,False
2014-07-07,1971.0,1971.0,1977.5,1967.25,1975.75,1151705,yfinance,False
2014-07-08,1960.5,1960.5,1970.75,1952.75,1970.5,1776514,yfinance,False
2014-07-09,1967.25,1967.25,1968.25,1958.25,1960.5,1393006,yfinance,False
2014-07-10,1957.75,1957.75,1968.25,1945.25,1967.5,1972746,yfinance,False
2014-07-11,1962.5,1962.5,1963.5,1953.0,1957.25,1364154,yfinance,False
2014-07-14,1971.0,1971.0,1974.0,1962.5,1962.75,1003831,yfinance,False
2014-07-15,1968.0,1968.0,1976.25,1958.75,1971.25,1905617,yfinance,False
2014-07-16,1974.75,1974.75,1978.0,1967.0,1968.0,1320381,yfinance,False
2014-07-17,1953.5,1953.5,1976.0,1948.5,1971.25,2441561,yfinance,False
2014-07-18,1971.5,1971.5,1974.25,1942.5,1949.25,1796625,yfinance,False
2014-07-21,1966.25,1966.25,1971.5,1959.0,1970.25,1414256,yfinance,False
2014-07-22,1975.0,1975.0,1980.5,1965.25,1965.75,1274851,yfinance,False
2014-07-23,1980.75,1980.75,1983.5,1972.75,1973.0,1149621,yfinance,False
2014-07-24,1980.75,1980.75,1985.75,1976.75,1981.0,1165644,yfinance,False
2014-07-25,1971.5,1971.5,1980.75,1968.0,1978.75,1426906,yfinance,False
2014-07-28,1973.0,1973.0,1976.0,1960.75,1970.75,1368020,yfinance,False
2014-07-29,1963.0,1963.0,1979.5,1962.0,1972.5,1509091,yfinance,False
2014-07-30,1965.0,1965.0,1974.25,1956.5,1964.25,1768972,yfinance,False
2014-07-31,1924.75,1924.75,1965.5,1923.5,1965.0,2772401,yfinance,False
2014-08-01,1918.5,1918.5,1932.25,1910.25,1926.0,2886317,yfinance,False
2014-08-04,1932.0,1932.0,1937.5,1914.75,1919.5,1605356,yfinance,False
2014-08-05,1913.0,1913.0,1933.25,1907.5,1931.0,2137277,yfinance,False
2014-08-06,1914.75,1914.75,1923.5,1903.0,1914.75,1705227,yfinance,False
2014-08-07,1905.25,1905.25,1925.75,1899.75,1914.75,1954046,yfinance,False
2014-08-08,1923.75,1923.75,1928.25,1890.25,1905.25,1904778,yfinance,False
2014-08-11,1932.5,1932.5,1941.0,1923.25,1923.5,1178957,yfinance,False
2014-08-12,1930.5,1930.5,1938.75,1923.5,1934.0,1234217,yfinance,False
2014-08-13,1944.75,1944.75,1946.5,1930.75,1932.25,1120054,yfinance,False
2014-08-14,1953.5,1953.5,1955.0,1942.0,1946.0,967191,yfinance,False
2014-08-15,1952.5,1952.5,1961.0,1937.25,1954.25,1813411,yfinance,False
2014-08-18,1967.5,1967.5,1969.0,1955.75,1955.75,890465,yfinance,False
2014-08-19,1977.25,1977.25,1979.75,1968.25,1968.5,868384,yfinance,False
2014-08-20,1983.25,1983.25,1986.0,1973.0,1977.75,1058754,yfinance,False
2014-08-21,1989.5,1989.5,1992.0,1980.75,1982.75,841545,yfinance,False
2014-08-22,1987.75,1987.75,1991.5,1981.5,1989.75,1115885,yfinance,False
2014-08-25,1995.0,1995.0,1999.75,1988.75,1990.0,853066,yfinance,False
2014-08-26,1998.5,1998.5,2002.75,1992.25,1994.5,878014,yfinance,False
2014-08-27,1997.0,1997.0,2000.5,1993.5,1999.25,761368,yfinance,False
2014-08-28,1996.75,1996.75,1999.5,1987.5,1996.75,1088971,yfinance,False
2014-08-29,2001.5,2001.5,2003.75,1992.25,1999.25,1042385,yfinance,False
2014-09-02,1999.75,1999.75,2006.25,1992.75,1999.0,1244899,yfinance,False
2014-09-03,1998.75,1998.75,2011.0,1996.25,2000.5,1297828,yfinance,False
2014-09-04,1997.75,1997.75,2010.0,1990.75,1998.75,1519084,yfinance,False
2014-09-05,2006.0,2006.0,2007.75,1988.25,1999.0,1693274,yfinance,False
2014-09-08,2000.5,2000.5,2006.75,1994.0,2006.5,1212909,yfinance,False
2014-09-09,1989.75,1989.75,2003.0,1983.25,2000.25,1768258,yfinance,False
2014-09-10,1995.0,1995.0,1996.25,1981.5,1989.5,1590462,yfinance,False
2014-09-11,1997.0,1997.0,1999.5,1985.0,1994.5,1742511,yfinance,False
2014-09-12,1984.75,1984.75,1999.25,1979.5,1999.25,1254423,yfinance,False
2014-09-15,1984.25,1984.25,1987.25,1972.0,1981.75,854380,yfinance,False
2014-09-16,1999.5,1999.5,2002.5,1978.5,1984.75,884642,yfinance,False
2014-09-17,2001.5,2001.5,2010.75,1991.25,1999.5,623841,yfinance,False
2014-09-18,2012.25,2012.25,2014.5,2001.0,2003.5,333677,yfinance,False
2014-09-19,2019.25,2019.25,2022.5,2013.25,2013.5,1670453,yfinance,False
2014-09-22,1986.25,1986.25,2003.0,1982.5,2002.0,1578996,yfinance,False
2014-09-23,1972.25,1972.25,1988.0,1968.25,1984.0,1631355,yfinance,False
2014-09-24,1991.0,1991.0,1992.5,1969.5,1969.75,1566690,yfinance,False
2014-09-25,1961.5,1961.5,1991.5,1957.75,1990.75,2318873,yfinance,False
2014-09-26,1976.0,1976.0,1979.25,1956.5,1961.0,1680945,yfinance,False
2014-09-29,1969.5,1969.5,1977.0,1955.5,1974.75,1786769,yfinance,False
2014-09-30,1965.5,1965.5,1978.25,1960.5,1968.75,1991628,yfinance,False
2014-10-01,1940.75,1940.75,1967.0,1933.75,1961.0,2450968,yfinance,False
2014-10-02,1938.5,1938.5,1945.75,1918.25,1940.75,2721573,yfinance,False
2014-10-03,1960.25,1960.25,1964.5,1935.75,1938.5,1556834,yfinance,False
2014-10-06,1956.0,1956.0,1971.0,1950.5,1961.0,1727529,yfinance,False
2014-10-07,1928.0,1928.0,1956.25,1924.25,1953.25,2166031,yfinance,False
2014-10-08,1961.75,1961.75,1964.0,1918.0,1926.25,2521875,yfinance,False
2014-10-09,1925.0,1925.0,1968.5,1915.25,1961.5,3103761,yfinance,False
2014-10-10,1894.25,1894.25,1931.25,1893.25,1917.0,3069299,yfinance,False
2014-10-13,1865.5,1865.5,1906.0,1863.75,1892.0,2948075,yfinance,False
2014-10-14,1874.75,1874.75,1892.75,1864.75,1866.25,3114778,yfinance,False
2014-10-15,1846.75,1846.75,1883.25,1813.0,1878.25,4661757,yfinance,False
2014-10-16,1850.5,1850.5,1869.75,1815.25,1846.75,3368379,yfinance,False
2014-10-17,1881.0,1881.0,1891.75,1851.0,1853.0,2579053,yfinance,False
2014-10-20,1900.0,1900.0,1904.5,1872.25,1884.0,1653127,yfinance,False
2014-10-21,1938.0,1938.0,1939.75,1885.75,1903.5,2239114,yfinance,False
2014-10-22,1925.0,1925.0,1943.75,1920.25,1938.25,2022453,yfinance,False
2014-10-23,1946.0,1946.0,1956.25,1922.25,1924.5,2014997,yfinance,False
2014-10-24,1959.75,1959.75,1961.25,1931.75,1946.0,1601260,yfinance,False
2014-10-27,1957.0,1957.0,1965.75,1944.5,1960.25,1452059,yfinance,False
2014-10-28,1980.0,1980.0,1980.75,1956.75,1957.75,1571000,yfinance,False
2014-10-29,1972.25,1972.25,1985.75,1962.0,1976.0,1895667,yfinance,False
2014-10-30,1988.5,1988.5,1994.25,1959.25,1971.75,1980796,yfinance,False
2014-10-31,2011.5,2011.5,2016.75,1986.75,1987.75,1924396,yfinance,False
2014-11-03,2011.0,2011.0,2019.25,2007.0,2011.25,1361523,yfinance,False
2014-11-04,2005.5,2005.5,2013.75,1995.25,2010.5,1524332,yfinance,False
2014-11-05,2018.75,2018.75,2020.5,2003.75,2006.25,1574778,yfinance,False
2014-11-06,2028.0,2028.0,2029.25,2010.75,2018.5,1434905,yfinance,False
2014-11-07,2026.0,2026.0,2033.5,2020.5,2027.25,1282437,yfinance,False
2014-11-10,2034.0,2034.0,2035.0,2021.0,2025.75,967814,yfinance,False
2014-11-11,2036.5,2036.5,2039.0,2031.0,2033.75,779708,yfinance,False
2014-11-12,2036.0,2036.0,2037.25,2026.75,2036.5,1082280,yfinance,False
2014-11-13,2034.0,2034.0,2043.75,2026.75,2034.75,1541477,yfinance,False
2014-11-14,2038.0,2038.0,2039.75,2032.0,2033.0,1047384,yfinance,False
2014-11-17,2039.75,2039.75,2040.5,2025.25,2038.5,1061143,yfinance,False
2014-11-18,2048.5,2048.5,2054.0,2035.75,2039.25,1146480,yfinance,False
2014-11-19,2047.25,2047.25,2050.5,2037.75,2048.75,1188471,yfinance,False
2014-11-20,2052.0,2052.0,2052.75,2035.25,2047.0,1130058,yfinance,False
2014-11-21,2061.75,2061.75,2072.25,2049.75,2052.25,1634315,yfinance,False
2014-11-24,2067.5,2067.5,2069.0,2060.75,2062.25,793915,yfinance,False
2014-11-25,2067.5,2067.5,2073.0,2062.75,2067.25,977855,yfinance,False
2014-11-26,2072.25,2072.25,2075.25,2065.25,2068.25,743541,yfinance,False
2014-11-28,2066.25,2066.25,2074.75,2063.5,2074.0,783116,yfinance,False
2014-12-01,2050.75,2050.75,2064.0,2048.25,2063.25,1471696,yfinance,False
2014-12-02,2066.0,2066.0,2068.0,2050.75,2051.0,1152160,yfinance,False
2014-12-03,2072.5,2072.5,2076.0,2063.25,2066.5,925314,yfinance,False
2014-12-04,2072.0,2072.0,2077.25,2061.25,2073.0,1374378,yfinance,False
2014-12-05,2076.0,2076.0,2079.0,2068.5,2071.75,1148282,yfinance,False
2014-12-08,2059.5,2059.5,2077.5,2053.75,2075.75,1414138,yfinance,False
2014-12-09,2057.5,2057.5,2062.25,2033.25,2060.25,1893729,yfinance,False
2014-12-10,2026.5,2026.5,2060.0,2023.25,2057.75,2376052,yfinance,False
2014-12-11,2031.0,2031.0,2056.5,2023.75,2026.25,2255859,yfinance,False
2014-12-12,1997.25,1997.25,2032.25,1996.5,2029.5,1487564,yfinance,False
2014-12-15,1990.0,1990.0,2019.25,1981.5,1998.75,1128936,yfinance,False
2014-12-16,1971.5,1971.5,2018.0,1968.25,1991.25,1219044,yfinance,False
2014-12-17,2014.25,2014.25,2017.0,1972.75,1973.5,785286,yfinance,False
2014-12-18,2065.0,2065.0,2068.0,2010.75,2013.75,538248,yfinance,False
2014-12-19,2065.0,2065.0,2079.75,2061.25,2066.0,1765615,yfinance,False
2014-12-22,2072.5,2072.5,2076.0,2064.0,2065.0,858554,yfinance,False
2014-12-23,2079.0,2079.0,2084.5,2071.5,2073.0,777814,yfinance,False
2014-12-24,2078.75,2078.75,2083.5,2077.0,2078.75,235054,yfinance,False
2014-12-26,2084.25,2084.25,2088.75,2078.5,2078.75,309281,yfinance,False
2014-12-29,2085.75,2085.75,2088.75,2076.0,2086.0,636345,yfinance,False
2014-12-30,2076.75,2076.75,2088.5,2073.0,2087.5,718028,yfinance,False
2014-12-31,2052.5,2052.5,2082.75,2050.75,2076.25,836223,yfinance,False
2015-01-02,2046.25,2046.25,2067.25,2038.75,2055.0,1358348,yfinance,False
2015-01-05,2016.0,2016.0,2048.25,2009.5,2045.75,2033774,yfinance,False
2015-01-06,1994.5,1994.5,2023.5,1984.25,2019.0,2345361,yfinance,False
2015-01-07,2019.5,2019.5,2023.75,1995.75,1996.5,1760658,yfinance,False
2015-01-08,2055.0,2055.0,2058.5,2020.25,2020.5,1555733,yfinance,False
2015-01-09,2035.25,2035.25,2062.0,2031.25,2053.75,1907571,yfinance,False
2015-01-12,2022.5,2022.5,2048.25,2015.25,2034.5,1622204,yfinance,False
2015-01-13,2016.0,2016.0,2051.75,2001.0,2023.75,2496445,yfinance,False
2015-01-14,2007.5,2007.5,2019.5,1981.25,2017.25,2516599,yfinance,False
2015-01-15,1989.0,1989.0,2027.25,1978.25,2009.75,2259660,yfinance,False
2015-01-16,2013.0,2013.0,2014.25,1970.25,1980.75,2017979,yfinance,False
2015-01-20,2016.75,2016.75,2026.5,1997.5,2013.5,1807759,yfinance,False
2015-01-21,2026.5,2026.5,2032.75,2005.25,2015.75,1639269,yfinance,False
2015-01-22,2056.5,2056.5,2059.25,2019.25,2026.75,1834361,yfinance,False
2015-01-23,2044.0,2044.0,2062.5,2042.25,2056.5,1353089,yfinance,False
2015-01-26,2053.5,2053.5,2055.0,2025.5,2035.0,1264468,yfinance,False
2015-01-27,2030.0,2030.0,2054.75,2013.25,2054.0,1957000,yfinance,False
2015-01-28,1991.5,1991.5,2046.5,1991.25,2036.5,2087277,yfinance,False
2015-01-29,2018.5,2018.5,2020.0,1982.0,1993.5,2124643,yfinance,False
2015-01-30,1988.5,1988.5,2020.5,1986.25,2019.25,2353992,yfinance,False
2015-02-02,2017.0,2017.0,2018.5,1973.75,1990.5,2038824,yfinance,False
2015-02-03,2042.0,2042.0,2044.0,2007.0,2015.0,1705780,yfinance,False
2015-02-04,2030.0,2030.0,2049.25,2022.75,2040.5,1696963,yfinance,False
2015-02-05,2055.0,2055.0,2058.75,2020.75,2025.0,1343547,yfinance,False
2015-02-06,2053.0,2053.0,2068.0,2044.5,2056.25,1722475,yfinance,False
2015-02-09,2042.5,2042.5,2051.75,2036.5,2050.0,1289419,yfinance,False
2015-02-10,2062.25,2062.25,2066.5,2040.5,2043.75,1397704,yfinance,False
2015-02-11,2065.75,2065.75,2079.5,2053.25,2062.75,1295469,yfinance,False
2015-02-12,2084.0,2084.0,2085.5,2058.5,2071.5,1433910,yfinance,False
2015-02-13,2093.5,2093.5,2095.0,2081.5,2083.0,1224925,yfinance,False
2015-02-17,2096.0,2096.0,2098.75,2080.75,2091.25,1234818,yfinance,False
2015-02-18,2095.5,2095.5,2098.5,2088.5,2096.5,1088179,yfinance,False
2015-02-19,2095.25,2095.25,2099.5,2087.25,2095.25,1143901,yfinance,False
2015-02-20,2107.0,2107.0,2108.75,2082.25,2096.0,1645222,yfinance,False
2015-02-23,2106.75,2106.75,2108.25,2099.75,2107.25,849695,yfinance,False
2015-02-24,2113.75,2113.75,2115.75,2102.75,2106.25,1080747,yfinance,False
2015-02-25,2110.25,2110.25,2117.75,2107.25,2113.75,974711,yfinance,False
2015-02-26,2110.0,2110.0,2114.75,2101.5,2110.5,1176136,yfinance,False
2015-02-27,2102.75,2102.75,2111.0,2100.75,2109.5,1207187,yfinance,False
2015-03-02,2114.0,2114.0,2115.5,2100.5,2104.0,1075660,yfinance,False
2015-03-03,2104.75,2104.75,2114.5,2095.5,2114.0,1360995,yfinance,False
2015-03-04,2096.5,2096.5,2104.75,2085.25,2104.75,1490440,yfinance,False
2015-03-05,2099.75,2099.75,2103.5,2093.25,2096.5,1097593,yfinance,False
2015-03-06,2070.75,2070.75,2103.5,2065.5,2099.5,1901150,yfinance,False
2015-03-09,2077.75,2077.75,2082.5,2066.0,2073.5,1189658,yfinance,False
2015-03-10,2042.0,2042.0,2078.0,2041.25,2077.5,1903455,yfinance,False
2015-03-11,2039.5,2039.5,2052.25,2038.25,2044.25,1707510,yfinance,False
2015-03-12,2064.0,2064.0,2066.5,2038.25,2042.0,1628622,yfinance,False
2015-03-13,2049.75,2049.75,2068.75,2040.0,2064.25,1209436,yfinance,False
2015-03-16,2076.5,2076.5,2081.75,2044.5,2050.75,946436,yfinance,False
2015-03-17,2074.5,2074.5,2078.75,2064.25,2074.5,953277,yfinance,False
2015-03-18,2100.5,2100.5,2107.75,2060.5,2074.25,644412,yfinance,False
2015-03-19,2090.5,2090.5,2107.25,2085.0,2101.0,341006,yfinance,False
2015-03-20,2101.25,2101.25,2105.5,2086.5,2088.5,1417654,yfinance,False
2015-03-23,2094.75,2094.75,2107.0,2093.25,2097.75,957576,yfinance,False
2015-03-24,2085.0,2085.0,2101.0,2083.0,2094.0,1193863,yfinance,False
2015-03-25,2053.75,2053.75,2089.25,2052.25,2085.25,1777447,yfinance,False
2015-03-26,2048.5,2048.5,2058.75,2033.25,2056.0,1842218,yfinance,False
2015-03-27,2052.5,2052.5,2057.75,2041.0,2050.0,1158856,yfinance,False
2015-03-30,2075.5,2075.5,2081.75,2047.25,2052.75,1236364,yfinance,False
2015-03-31,2060.75,2060.75,2076.75,2056.25,2074.75,1596352,yfinance,False
2015-04-01,2053.0,2053.0,2060.75,2033.5,2058.0,1818878,yfinance,False
2015-04-02,2059.5,2059.5,2064.75,2044.0,2055.25,1047174,yfinance,False
2015-04-06,2073.25,2073.25,2080.0,2038.75,2039.5,948447,yfinance,False
2015-04-07,2067.75,2067.75,2082.75,2066.0,2071.5,1048474,yfinance,False
2015-04-08,2076.0,2076.0,2080.25,2064.5,2068.5,1217049,yfinance,False
2015-04-09,2085.75,2085.75,2087.0,2066.75,2077.75,1211778,yfinance,False
2015-04-10,2095.5,2095.5,2096.25,2083.0,2086.0,880529,yfinance,False
2015-04-13,2086.5,2086.5,2101.25,2085.25,2095.25,1080267,yfinance,False
2015-04-14,2091.0,2091.0,2092.75,2075.75,2087.0,1267366,yfinance,False
2015-04-15,2099.75,2099.75,2105.5,2087.25,2091.75,1045308,yfinance,False
2015-04-16,2100.75,2100.75,2104.75,2089.0,2101.5,1113607,yfinance,False
2015-04-17,2075.5,2075.5,2101.75,2064.5,2101.25,1822841,yfinance,False
2015-04-20,2091.0,2091.0,2097.5,2078.5,2081.0,1119881,yfinance,False
2015-04-21,2091.0,2091.0,2105.25,2087.25,2089.5,1052404,yfinance,False
2015-04-22,2100.25,2100.25,2103.75,2080.25,2092.0,1188586,yfinance,False
2015-04-23,2107.0,2107.0,2114.5,2087.5,2099.25,1362552,yfinance,False
2015-04-24,2111.75,2111.75,2114.75,2103.0,2107.5,958312,yfinance,False
2015-04-27,2104.75,2104.75,2119.75,2100.25,2113.25,1210483,yfinance,False
2015-04-28,2112.0,2112.0,2112.5,2088.25,2103.75,1476513,yfinance,False
2015-04-29,2099.0,2099.0,2112.5,2090.5,2110.75,1739720,yfinance,False
2015-04-30,2079.0,2079.0,2102.0,2070.25,2098.25,2026329,yfinance,False
2015-05-01,2101.5,2101.5,2102.5,2080.5,2082.75,1022085,yfinance,False
2015-05-04,2109.25,2109.25,2115.0,2098.0,2101.75,1000837,yfinance,False
2015-05-05,2084.0,2084.0,2111.75,2081.5,2109.5,1590274,yfinance,False
2015-05-06,2074.25,2074.25,2093.75,2061.25,2085.5,1756254,yfinance,False
2015-05-07,2084.25,2084.25,2088.25,2057.0,2074.75,1437746,yfinance,False
2015-05-08,2108.5,2108.5,2113.5,2084.0,2085.25,1379447,yfinance,False
2015-05-11,2097.75,2097.75,2113.5,2095.75,2110.0,1147278,yfinance,False
2015-05-12,2095.0,2095.0,2101.0,2079.25,2097.75,1483837,yfinance,False
2015-05-13,2094.5,2094.5,2106.5,2091.5,2096.25,1341325,yfinance,False
2015-05-14,2117.5,2117.5,2118.25,2092.0,2096.0,1104560,yfinance,False
2015-05-15,2119.0,2119.0,2122.75,2113.25,2117.25,1023893,yfinance,False
2015-05-18,2126.0,2126.0,2128.75,2112.25,2119.25,917101,yfinance,False
2015-05-19,2124.5,2124.5,2134.0,2121.25,2126.75,1001397,yfinance,False
2015-05-20,2122.5,2122.5,2132.25,2119.25,2124.25,1011268,yfinance,False
2015-05-21,2128.0,2128.0,2132.0,2115.0,2120.75,794479,yfinance,False
2015-05-22,2124.5,2124.5,2131.0,2122.75,2129.25,765943,yfinance,False
2015-05-26,2105.0,2105.0,2127.0,2096.0,2124.5,1589652,yfinance,False
2015-05-27,2121.0,2121.0,2124.25,2101.25,2105.75,1290556,yfinance,False
2015-05-28,2121.75,2121.75,2122.75,2110.5,2120.0,1082365,yfinance,False
2015-05-29,2106.0,2106.0,2122.75,2102.25,2121.75,1692162,yfinance,False
2015-06-01,2109.25,2109.25,2117.75,2100.25,2107.0,1338859,yfinance,False
2015-06-02,2106.75,2106.75,2116.0,2094.0,2111.0,1442814,yfinance,False
2015-06-03,2116.0,2116.0,2120.75,2106.75,2107.0,1314954,yfinance,False
2015-06-04,2099.0,2099.0,2116.5,2091.25,2116.25,1717287,yfinance,False
2015-06-05,2092.25,2092.25,2102.75,2083.5,2098.75,1460654,yfinance,False
2015-06-08,2078.25,2078.25,2093.25,2076.25,2092.0,1290922,yfinance,False
2015-06-09,2080.0,2080.0,2084.75,2068.75,2080.0,1449695,yfinance,False
2015-06-10,2107.0,2107.0,2108.0,2080.0,2080.75,1665519,yfinance,False
2015-06-11,2109.25,2109.25,2114.75,2103.25,2106.0,1480514,yfinance,False
2015-06-12,2093.0,2093.0,2109.25,2090.25,2109.0,1134193,yfinance,False
2015-06-15,2084.0,2084.0,2089.75,2071.25,2087.0,1082004,yfinance,False
2015-06-16,2097.5,2097.5,2098.25,2070.5,2083.5,795763,yfinance,False
2015-06-17,2097.5,2097.5,2107.0,2087.0,2097.75,550648,yfinance,False
2015-06-18,2123.0,2123.0,2127.5,2090.5,2097.25,430533,yfinance,False
2015-06-19,2118.5,2118.5,2126.5,2118.25,2123.25,1239246,yfinance,False
2015-06-22,2112.75,2112.75,2122.0,2103.5,2105.75,1095709,yfinance,False
2015-06-23,2116.5,2116.5,2120.5,2111.25,2114.75,837133,yfinance,False
2015-06-24,2099.5,2099.5,2118.5,2099.0,2117.5,1163124,yfinance,False
2015-06-25,2094.0,2094.0,2112.75,2092.0,2101.25,1218149,yfinance,False
2015-06-26,2095.75,2095.75,2100.75,2086.25,2094.75,1321884,yfinance,False
2015-06-29,2050.5,2050.5,2083.25,2047.25,2064.0,2292340,yfinance,False
2015-06-30,2054.5,2054.5,2069.0,2046.75,2054.5,2381572,yfinance,False
2015-07-01,2071.0,2071.0,2077.5,2054.5,2054.5,1496815,yfinance,False
2015-07-02,2068.75,2068.75,2079.0,2062.25,2071.5,1252317,yfinance,False
2015-07-06,2064.5,2064.5,2071.75,2034.25,2068.5,1973058,yfinance,False
2015-07-07,2073.75,2073.75,2078.0,2035.0,2067.75,2531662,yfinance,False
2015-07-08,2039.25,2039.25,2073.25,2036.25,2073.0,2393226,yfinance,False
2015-07-09,2041.25,2041.25,2068.0,2038.25,2039.75,1981972,yfinance,False
2015-07-10,2069.0,2069.0,2074.75,2044.75,2044.75,1573858,yfinance,False
2015-07-13,2094.5,2094.5,2094.75,2052.0,2054.75,1333579,yfinance,False
2015-07-14,2102.0,2102.0,2105.5,2090.5,2094.0,955518,yfinance,False
2015-07-15,2104.25,2104.25,2107.75,2095.0,2102.5,1147598,yfinance,False
2015-07-16,2117.0,2117.0,2118.5,2102.75,2104.0,1107382,yfinance,False
2015-07-17,2118.75,2118.75,2120.0,2112.75,2117.0,903686,yfinance,False
2015-07-20,2122.0,2122.0,2126.25,2116.5,2118.0,937630,yfinance,False
2015-07-21,2114.5,2114.5,2125.0,2106.75,2121.25,1209300,yfinance,False
2015-07-22,2108.0,2108.0,2112.0,2102.25,2107.75,1224393,yfinance,False
2015-07-23,2098.5,2098.5,2113.75,2091.5,2109.25,1437249,yfinance,False
2015-07-24,2077.5,2077.5,2104.0,2069.75,2101.0,1669725,yfinance,False
2015-07-27,2064.5,2064.5,2080.75,2056.5,2078.25,1781810,yfinance,False
2015-07-28,2087.25,2087.25,2089.0,2061.5,2065.5,1725788,yfinance,False
2015-07-29,2101.5,2101.5,2104.25,2084.5,2088.0,1397228,yfinance,False
2015-07-30,2103.75,2103.75,2104.25,2087.75,2099.5,1286157,yfinance,False
2015-07-31,2098.5,2098.5,2109.25,2095.25,2101.75,1602805,yfinance,False
2015-08-03,2091.0,2091.0,2102.5,2080.0,2098.75,1512106,yfinance,False
2015-08-04,2083.0,2083.0,2096.25,2081.5,2090.5,1327878,yfinance,False
2015-08-05,2093.75,2093.75,2107.0,2082.25,2082.5,1384241,yfinance,False
2015-08-06,2079.5,2079.5,2099.25,2070.0,2094.0,1608876,yfinance,False
2015-08-07,2073.5,2073.5,2082.75,2062.0,2080.0,1596391,yfinance,False
2015-08-10,2099.75,2099.75,2101.25,2071.75,2072.0,1198912,yfinance,False
2015-08-11,2079.75,2079.75,2101.75,2070.75,2100.75,1783349,yfinance,False
2015-08-12,2084.25,2084.25,2085.25,2046.5,2080.75,2364321,yfinance,False
2015-08-13,2080.5,2080.5,2093.0,2073.25,2082.75,1496065,yfinance,False
2015-08-14,2089.5,2089.5,2090.5,2073.75,2079.25,1069465,yfinance,False
2015-08-17,2099.25,2099.25,2100.5,2074.75,2089.5,1292437,yfinance,False
2015-08-18,2094.0,2094.0,2103.75,2090.25,2098.25,1135552,yfinance,False
2015-08-19,2072.75,2072.75,2098.0,2066.5,2093.25,2289064,yfinance,False
2015-08-20,2025.5,2025.5,2077.75,2024.5,2073.5,2583142,yfinance,False
2015-08-21,1971.5,1971.5,2029.0,1967.25,2026.25,4168331,yfinance,False
2015-08-24,1871.25,1871.25,1964.75,1831.0,1964.5,5258752,yfinance,False
2015-08-25,1872.75,1872.75,1948.5,1860.0,1872.75,3658827,yfinance,False
2015-08-26,1938.0,1938.0,1943.0,1850.5,1876.0,3527300,yfinance,False
2015-08-27,1989.25,1989.25,1990.25,1934.5,1941.25,2940255,yfinance,False
2015-08-28,1989.75,1989.75,1992.75,1967.25,1988.25,1968514,yfinance,False
2015-08-31,1969.25,1969.25,1987.75,1959.25,1986.25,1876279,yfinance,False
2015-09-01,1916.0,1916.0,1966.25,1898.75,1965.5,2822050,yfinance,False
2015-09-02,1947.0,1947.0,1949.0,1907.25,1913.5,2178629,yfinance,False
2015-09-03,1946.0,1946.0,1973.5,1942.0,1947.5,2054305,yfinance,False
2015-09-04,1921.75,1921.75,1949.25,1907.75,1947.25,2138986,yfinance,False
2015-09-08,1965.75,1965.75,1968.75,1915.75,1916.75,1880634,yfinance,False
2015-09-09,1942.75,1942.75,1992.0,1935.5,1966.5,2144217,yfinance,False
2015-09-10,1949.5,1949.5,1967.25,1928.5,1943.75,2270403,yfinance,False
2015-09-11,1960.25,1960.25,1962.5,1937.25,1949.5,1045267,yfinance,False
2015-09-14,1954.0,1954.0,1974.25,1946.5,1963.75,893365,yfinance,False
2015-09-15,1979.75,1979.75,1983.0,1945.0,1953.25,1034822,yfinance,False
2015-09-16,1998.25,1998.25,1999.0,1972.75,1979.75,0,yfinance,False
2015-09-17,1987.75,1987.75,2021.5,1982.5,1997.0,0,yfinance,False
2015-09-18,1960.0,1960.0,1993.75,1954.75,1988.0,2423501,yfinance,False
2015-09-21,1963.0,1963.0,1969.0,1938.5,1949.25,1513503,yfinance,False
2015-09-22,1932.0,1932.0,1965.0,1917.75,1964.25,1985152,yfinance,False
2015-09-23,1928.5,1928.5,1941.75,1910.5,1930.5,1423965,yfinance,False
2015-09-24,1918.75,1918.75,1936.25,1897.25,1931.75,2218286,yfinance,False
2015-09-25,1919.25,1919.25,1951.0,1910.25,1913.25,2080724,yfinance,False
2015-09-28,1872.0,1872.0,1929.75,1868.75,1915.5,2354063,yfinance,False
2015-09-29,1874.5,1874.5,1889.75,1861.0,1876.25,2374651,yfinance,False
2015-09-30,1908.75,1908.75,1910.5,1871.25,1875.0,2216643,yfinance,False
2015-10-01,1916.75,1916.75,1929.5,1890.25,1902.5,2052465,yfinance,False
2015-10-02,1943.0,1943.0,1943.75,1883.0,1917.0,2466082,yfinance,False
2015-10-05,1974.75,1974.75,1980.0,1937.25,1941.0,1675519,yfinance,False
2015-10-06,1968.5,1968.5,1982.25,1962.5,1973.0,1606289,yfinance,False
2015-10-07,1987.25,1987.25,1991.25,1960.5,1961.0,1937061,yfinance,False
2015-10-08,2006.5,2006.5,2008.75,1971.0,1987.75,1803978,yfinance,False
2015-10-09,2007.5,2007.5,2014.0,1998.75,2004.0,1378359,yfinance,False
2015-10-12,2011.0,2011.0,2014.0,2001.75,2005.25,804576,yfinance,False
2015-10-13,1994.0,1994.0,2014.75,1991.25,2012.0,1518662,yfinance,False
2015-10-14,1984.0,1984.0,2001.75,1982.5,1991.5,1780661,yfinance,False
2015-10-15,2019.0,2019.0,2019.5,1985.0,1985.75,1731138,yfinance,False
2015-10-16,2025.5,2025.5,2026.5,2012.25,2018.25,1362298,yfinance,False
2015-10-19,2027.5,2027.5,2028.0,2014.25,2024.5,1306548,yfinance,False
2015-10-20,2020.5,2020.5,2031.5,2018.5,2026.5,1276349,yfinance,False
2015-10-21,2008.5,2008.5,2034.25,2007.5,2019.75,1791221,yfinance,False
2015-10-22,2053.0,2053.0,2056.0,2008.5,2010.5,2099217,yfinance,False
2015-10-23,2066.0,2066.0,2074.5,2053.25,2054.25,2067465,yfinance,False
2015-10-26,2062.25,2062.25,2068.0,2057.5,2066.0,1184323,yfinance,False
2015-10-27,2060.5,2060.5,2064.75,2051.25,2063.75,1243601,yfinance,False
2015-10-28,2084.5,2084.5,2085.25,2055.5,2062.0,1890861,yfinance,False
2015-10-29,2083.0,2083.0,2086.5,2073.25,2081.0,1407730,yfinance,False
2015-10-30,2073.75,2073.75,2094.75,2069.75,2084.75,1751269,yfinance,False
2015-11-02,2095.5,2095.5,2100.0,2064.25,2073.0,1284044,yfinance,False
2015-11-03,2103.0,2103.0,2110.25,2089.0,2093.25,1348316,yfinance,False
2015-11-04,2094.75,2094.75,2109.75,2090.5,2102.5,1546504,yfinance,False
2015-11-05,2094.0,2094.0,2104.75,2084.0,2095.5,1538081,yfinance,False
2015-11-06,2093.75,2093.75,2099.0,2077.5,2094.75,1846631,yfinance,False
2015-11-09,2073.0,2073.0,2097.75,2062.0,2092.0,1856213,yfinance,False
2015-11-10,2078.0,2078.0,2079.0,2064.5,2072.25,1286098,yfinance,False
2015-11-11,2069.0,2069.0,2087.25,2067.75,2076.5,1171396,yfinance,False
2015-11-12,2040.5,2040.5,2077.5,2039.5,2068.5,1807653,yfinance,False
2015-11-13,2018.5,2018.5,2046.0,2011.5,2040.5,2128939,yfinance,False
2015-11-16,2048.0,2048.0,2051.0,1998.5,2006.5,1711062,yfinance,False
2015-11-17,2049.0,2049.0,2063.5,2041.5,2047.75,1621036,yfinance,False
2015-11-18,2079.75,2079.75,2082.5,2043.0,2049.75,1543330,yfinance,False
2015-11-19,2079.25,2079.25,2089.25,2075.25,2078.25,1284869,yfinance,False
2015-11-20,2088.75,2088.75,2094.5,2076.0,2078.25,1273905,yfinance,False
2015-11-23,2084.25,2084.25,2093.0,2078.25,2089.75,976103,yfinance,False
2015-11-24,2084.75,2084.75,2091.5,2065.5,2083.0,1517871,yfinance,False
2015-11-25,2088.0,2088.0,2092.5,2082.25,2084.0,746319,yfinance,False
2015-11-27,2090.0,2090.0,2098.25,2081.5,2089.5,653387,yfinance,False
2015-11-30,2079.75,2079.75,2095.0,2078.5,2089.5,1389020,yfinance,False
2015-12-01,2100.0,2100.0,2101.5,2083.5,2085.5,1482186,yfinance,False
2015-12-02,2081.5,2081.5,2105.0,2075.0,2099.5,1725833,yfinance,False
2015-12-03,2051.25,2051.25,2095.25,2040.0,2083.25,2655148,yfinance,False
2015-12-04,2088.5,2088.5,2093.0,2046.75,2053.25,2269530,yfinance,False
2015-12-07,2081.0,2081.0,2095.5,2064.5,2092.25,1699318,yfinance,False
2015-12-08,2058.75,2058.75,2081.5,2050.25,2080.0,2005017,yfinance,False
2015-12-09,2042.0,2042.0,2079.75,2034.25,2059.5,2690846,yfinance,False
2015-12-10,2049.25,2049.25,2067.0,2043.75,2045.75,1814232,yfinance,False
2015-12-11,2009.75,2009.75,2056.25,2005.0,2050.75,1577785,yfinance,False
2015-12-14,2018.5,2018.5,2028.25,1992.25,2008.0,1269316,yfinance,False
2015-12-15,2045.5,2045.5,2054.0,2019.0,2021.75,1039906,yfinance,False
2015-12-16,2072.0,2072.0,2077.0,2040.0,2046.0,575717,yfinance,False
2015-12-17,2034.25,2034.25,2082.25,2032.5,2069.75,408498,yfinance,False
2015-12-18,2032.5,2032.5,2040.25,2022.0,2033.25,2118900,yfinance,False
2015-12-21,2015.0,2015.0,2019.5,1995.25,1997.25,1275266,yfinance,False
2015-12-22,2036.0,2036.0,2036.5,2007.25,2017.0,1144898,yfinance,False
2015-12-23,2053.0,2053.0,2057.75,2030.75,2034.0,1003982,yfinance,False
2015-12-24,2051.25,2051.25,2059.75,2049.0,2052.75,325205,yfinance,False
2015-12-28,2048.75,2048.75,2054.5,2035.25,2051.25,696448,yfinance,False
2015-12-29,2072.75,2072.75,2074.5,2047.5,2049.75,832686,yfinance,False
2015-12-30,2054.5,2054.5,2075.0,2053.5,2072.0,720601,yfinance,False
2015-12-31,2035.5,2035.5,2057.75,2030.25,2055.25,1029390,yfinance,False
2016-01-04,2009.0,2009.0,2043.5,1980.25,2037.75,2216549,yfinance,False
2016-01-05,2011.75,2011.75,2017.0,1992.25,2009.0,1688974,yfinance,False
2016-01-06,1986.0,1986.0,2013.25,1970.5,2010.75,2237518,yfinance,False
2016-01-07,1933.0,1933.0,1991.0,1928.5,1987.75,2969295,yfinance,False
2016-01-08,1911.5,1911.5,1964.75,1910.0,1936.5,2694404,yfinance,False
2016-01-11,1914.25,1914.25,1929.0,1892.5,1909.25,2490336,yfinance,False
2016-01-12,1925.0,1925.0,1940.25,1899.0,1913.5,2428110,yfinance,False
2016-01-13,1881.5,1881.5,1946.5,1878.0,1922.5,2899958,yfinance,False
2016-01-14,1914.5,1914.5,1927.5,1871.0,1883.75,3045826,yfinance,False
2016-01-15,1875.0,1875.0,1921.0,1849.25,1913.5,3441956,yfinance,False
2016-01-19,1873.0,1873.0,1907.5,1856.25,1869.75,2796679,yfinance,False
2016-01-20,1855.0,1855.0,1878.5,1804.25,1871.75,3929776,yfinance,False
2016-01-21,1861.0,1861.0,1883.25,1836.25,1854.75,2729407,yfinance,False
2016-01-22,1899.25,1899.25,1902.25,1855.75,1858.5,2106526,yfinance,False
2016-01-25,1870.25,1870.25,1904.25,1867.5,1899.5,1640401,yfinance,False
2016-01-26,1896.0,1896.0,1899.75,1851.25,1871.75,1780235,yfinance,False
2016-01-27,1875.0,1875.0,1910.0,1864.5,1885.25,2113363,yfinance,False
2016-01-28,1880.75,1880.75,1902.5,1865.75,1880.0,2254109,yfinance,False
2016-01-29,1930.0,1930.0,1933.0,1876.5,1878.75,2406399,yfinance,False
2016-02-01,1931.25,1931.25,1940.0,1912.5,1929.75,1748062,yfinance,False
2016-02-02,1897.5,1897.5,1929.25,1889.0,1928.5,2102411,yfinance,False
2016-02-03,1908.5,1908.5,1912.25,1865.0,1895.0,2848193,yfinance,False
2016-02-04,1907.75,1907.75,1922.25,1890.25,1907.75,2255360,yfinance,False
2016-02-05,1875.25,1875.25,1914.5,1865.75,1905.25,2320680,yfinance,False
2016-02-08,1852.0,1852.0,1884.5,1821.75,1876.25,2674512,yfinance,False
2016-02-09,1848.25,1848.25,1863.75,1825.75,1849.75,2792208,yfinance,False
2016-02-10,1846.75,1846.75,1877.75,1838.5,1850.0,2359881,yfinance,False
2016-02-11,1824.5,1824.5,1847.25,1802.5,1842.25,3203999,yfinance,False
2016-02-12,1858.25,1858.25,1860.75,1822.5,1827.25,2018154,yfinance,False
2016-02-16,1888.75,1888.75,1892.75,1865.0,1865.25,2034059,yfinance,False
2016-02-17,1922.75,1922.75,1928.0,1881.5,1888.25,1854185,yfinance,False
2016-02-18,1916.5,1916.5,1933.5,1911.25,1926.75,1615605,yfinance,False
2016-02-19,1914.5,1914.5,1922.75,1898.5,1917.5,1616647,yfinance,False
2016-02-22,1936.25,1936.25,1943.75,1908.25,1911.0,1425321,yfinance,False
2016-02-23,1916.0,1916.0,1938.0,1913.75,1934.0,1600879,yfinance,False
2016-02-24,1930.25,1930.25,1933.75,1886.75,1914.0,2315370,yfinance,False
2016-02-25,1950.5,1950.5,1951.5,1920.25,1933.0,1844284,yfinance,False
2016-02-26,1942.75,1942.75,1968.75,1941.25,1949.0,1876651,yfinance,False
2016-02-29,1929.5,1929.5,1956.25,1926.5,1943.0,1826411,yfinance,False
2016-03-01,1978.0,1978.0,1978.5,1920.75,1928.0,2035550,yfinance,False
2016-03-02,1983.5,1983.5,1984.75,1966.25,1976.25,1821662,yfinance,False
2016-03-03,1990.5,1990.5,1992.5,1974.75,1981.75,1555391,yfinance,False
2016-03-04,1995.0,1995.0,2007.5,1984.0,1991.0,2247812,yfinance,False
2016-03-07,1999.0,1999.0,2004.5,1984.5,1994.5,1633347,yfinance,False
2016-03-08,1981.0,1981.0,2000.25,1976.0,1999.0,1931272,yfinance,False
2016-03-09,1989.0,1989.0,1994.0,1978.0,1981.75,1744984,yfinance,False
2016-03-10,1988.75,1988.75,2010.25,1967.25,1990.0,2738172,yfinance,False
2016-03-11,2020.0,2020.0,2022.25,1987.5,1988.5,1220530,yfinance,False
2016-03-14,2018.75,2018.75,2024.5,2012.0,2019.25,880362,yfinance,False
2016-03-15,2015.75,2015.75,2019.5,2004.5,2019.0,923452,yfinance,False
2016-03-16,2027.0,2027.0,2032.25,2006.5,2016.25,580253,yfinance,False
2016-03-17,2039.75,2039.75,2046.75,2015.75,2026.75,479136,yfinance,False
2016-03-18,2048.0,2048.0,2048.75,2037.0,2041.5,1775664,yfinance,False
2016-03-21,2042.75,2042.75,2044.5,2031.0,2036.5,1278261,yfinance,False
2016-03-22,2042.5,2042.5,2047.5,2028.75,2043.25,1496196,yfinance,False
2016-03-23,2028.75,2028.75,2045.25,2025.25,2043.0,1557185,yfinance,False
2016-03-24,2028.5,2028.5,2030.25,2012.25,2028.0,1524072,yfinance,False
2016-03-28,2028.0,2028.0,2039.75,2022.0,2030.25,907834,yfinance,False
2016-03-29,2047.5,2047.5,2049.25,2019.25,2027.75,1549483,yfinance,False
2016-03-30,2055.25,2055.25,2064.5,2046.75,2048.5,1627085,yfinance,False
2016-03-31,2051.5,2051.5,2059.75,2047.25,2055.5,1736311,yfinance,False
2016-04-01,2065.0,2065.0,2067.0,2035.25,2052.75,2051323,yfinance,False
2016-04-04,2057.5,2057.5,2071.5,2054.25,2064.0,1380117,yfinance,False
2016-04-05,2038.75,2038.75,2055.5,2034.25,2055.5,1827488,yfinance,False
2016-04-06,2060.25,2060.25,2060.5,2035.0,2042.0,1894599,yfinance,False
2016-04-07,2035.0,2035.0,2062.0,2026.0,2059.75,2052195,yfinance,False
2016-04-08,2040.75,2040.75,2054.25,2030.25,2034.5,1768420,yfinance,False
2016-04-11,2034.5,2034.5,2056.5,2032.5,2041.0,1679757,yfinance,False
2016-04-12,2055.75,2055.75,2058.5,2029.25,2032.5,1831285,yfinance,False
2016-04-13,2076.0,2076.0,2077.0,2054.0,2055.25,1637033,yfinance,False
2016-04-14,2076.5,2076.5,2081.75,2068.5,2076.25,1363745,yfinance,False
2016-04-15,2075.0,2075.0,2080.0,2069.5,2077.75,1230494,yfinance,False
2016-04-18,2086.75,2086.75,2088.75,2058.5,2064.25,1400343,yfinance,False
2016-04-19,2093.75,2093.75,2098.5,2084.75,2085.25,1565161,yfinance,False
2016-04-20,2098.0,2098.0,2105.25,2085.75,2094.25,1464683,yfinance,False
2016-04-21,2082.75,2082.75,2104.0,2078.75,2097.75,1638276,yfinance,False
2016-04-22,2086.0,2086.0,2089.0,2075.0,2079.75,1497994,yfinance,False
2016-04-25,2083.25,2083.25,2091.5,2071.0,2091.5,1280888,yfinance,False
2016-04-26,2088.5,2088.5,2091.25,2079.5,2084.25,1225834,yfinance,False
2016-04-27,2090.75,2090.75,2094.0,2076.25,2082.25,1420203,yfinance,False
2016-04-28,2072.5,2072.5,2094.25,2065.25,2092.5,1938653,yfinance,False
2016-04-29,2059.0,2059.0,2076.0,2045.75,2073.75,2419757,yfinance,False
2016-05-02,2074.25,2074.25,2077.5,2055.5,2060.75,1306173,yfinance,False
2016-05-03,2057.0,2057.0,2076.25,2048.0,2075.5,1827577,yfinance,False
2016-05-04,2047.0,2047.0,2060.25,2039.0,2057.5,1557981,yfinance,False
2016-05-05,2044.0,2044.0,2060.0,2039.5,2046.5,1433289,yfinance,False
2016-05-06,2052.75,2052.75,2054.5,2030.5,2043.5,1813432,yfinance,False
2016-05-09,2054.25,2054.25,2059.75,2048.25,2053.0,1370423,yfinance,False
2016-05-10,2077.5,2077.5,2079.75,2048.0,2054.0,1416966,yfinance,False
2016-05-11,2058.0,2058.0,2078.75,2057.5,2077.25,1471852,yfinance,False
2016-05-12,2058.75,2058.75,2072.75,2048.5,2059.0,1799103,yfinance,False
2016-05-13,2043.5,2043.5,2063.5,2038.5,2059.25,1878403,yfinance,False
2016-05-16,2062.75,2062.75,2068.5,2035.0,2041.25,1421736,yfinance,False
2016-05-17,2043.5,2043.5,2069.5,2036.75,2062.0,1988181,yfinance,False
2016-05-18,2041.5,2041.5,2057.75,2030.75,2043.75,2085972,yfinance,False
2016-05-19,2038.75,2038.75,2044.75,2022.0,2043.5,2055973,yfinance,False
2016-05-20,2050.0,2050.0,2055.5,2037.25,2038.75,1583721,yfinance,False
2016-05-23,2045.25,2045.25,2056.0,2043.5,2053.25,1183296,yfinance,False
2016-05-24,2075.0,2075.0,2077.25,2041.25,2045.0,1603195,yfinance,False
2016-05-25,2087.25,2087.25,2092.5,2073.5,2075.0,1442270,yfinance,False
2016-05-26,2089.75,2089.75,2091.75,2082.5,2088.75,968439,yfinance,False
2016-05-27,2097.25,2097.25,2098.75,2088.0,2090.5,1035175,yfinance,False
2016-05-31,2095.0,2095.0,2103.75,2086.0,2100.0,1631254,yfinance,False
2016-06-01,2098.0,2098.0,2099.25,2083.25,2094.0,1317565,yfinance,False
2016-06-02,2103.75,2103.75,2104.75,2086.75,2096.75,1299962,yfinance,False
2016-06-03,2097.75,2097.75,2106.0,2082.75,2103.5,1746160,yfinance,False
2016-06-06,2108.25,2108.25,2112.25,2094.0,2097.5,1272974,yfinance,False
2016-06-07,2110.25,2110.25,2118.0,2106.5,2108.25,1125951,yfinance,False
2016-06-08,2118.0,2118.0,2119.75,2106.5,2110.25,1308451,yfinance,False
2016-06-09,2114.25,2114.25,2118.5,2106.25,2117.75,1644419,yfinance,False
2016-06-10,2096.25,2096.25,2114.0,2088.5,2113.75,1244099,yfinance,False
2016-06-13,2078.75,2078.75,2098.25,2075.75,2089.25,1222789,yfinance,False
2016-06-14,2074.5,2074.5,2081.75,2063.25,2077.0,1163137,yfinance,False
2016-06-15,2071.75,2071.75,2086.25,2068.75,2072.75,609849,yfinance,False
2016-06-16,2079.25,2079.25,2080.0,2050.0,2070.5,426215,yfinance,False
2016-06-17,2078.5,2078.5,2083.0,2073.75,2077.75,1833560,yfinance,False
2016-06-20,2074.25,2074.25,2092.5,2070.25,2071.0,1598465,yfinance,False
2016-06-21,2080.5,2080.5,2086.0,2074.0,2079.0,1400709,yfinance,False
2016-06-22,2076.75,2076.75,2091.25,2075.25,2079.25,1419838,yfinance,False
2016-06-23,2105.75,2105.75,2113.25,2083.0,2083.0,1314510,yfinance,False
2016-06-24,2018.5,2018.5,2119.5,1999.0,2115.75,4174598,yfinance,False
2016-06-27,1985.0,1985.0,2022.5,1981.5,2013.75,3021015,yfinance,False
2016-06-28,2028.5,2028.5,2029.75,1982.25,1982.5,2285755,yfinance,False
2016-06-29,2066.75,2066.75,2074.75,2022.75,2028.25,2065151,yfinance,False
2016-06-30,2090.25,2090.25,2091.25,2056.5,2072.25,2301226,yfinance,False
2016-07-01,2096.25,2096.25,2100.75,2081.5,2086.5,1665376,yfinance,False
2016-07-05,2082.75,2082.75,2104.75,2072.5,2099.75,1862935,yfinance,False
2016-07-06,2094.0,2094.0,2094.5,2065.75,2084.0,2054794,yfinance,False
2016-07-07,2092.0,2092.0,2102.0,2081.75,2092.0,1666356,yfinance,False
2016-07-08,2120.5,2120.5,2125.5,2087.5,2092.0,1962358,yfinance,False
2016-07-11,2130.25,2130.25,2136.75,2120.0,2120.25,1467322,yfinance,False
2016-07-12,2145.75,2145.75,2149.25,2128.5,2130.75,1704053,yfinance,False
2016-07-13,2146.0,2146.0,2152.25,2139.5,2145.75,1633489,yfinance,False
2016-07-14,2157.25,2157.25,2168.0,2142.75,2145.25,1782561,yfinance,False
2016-07-15,2152.75,2152.75,2164.75,2143.25,2156.5,1518276,yfinance,False
2016-07-18,2160.0,2160.0,2163.25,2152.75,2154.5,1205765,yfinance,False
2016-07-19,2158.75,2158.75,2160.75,2151.25,2160.0,1151631,yfinance,False
2016-07-20,2167.5,2167.5,2169.75,2155.25,2159.0,1134131,yfinance,False
2016-07-21,2158.0,2158.0,2170.25,2153.5,2168.25,1300678,yfinance,False
2016-07-22,2167.5,2167.5,2169.25,2156.0,2159.0,1133059,yfinance,False
2016-07-25,2162.25,2162.25,2172.5,2155.75,2167.75,1264905,yfinance,False
2016-07-26,2163.25,2163.25,2168.0,2153.75,2162.75,1609035,yfinance,False
2016-07-27,2160.5,2160.5,2169.25,2152.0,2166.0,1642569,yfinance,False
2016-07-28,2164.75,2164.75,2168.5,2153.5,2162.75,1622142,yfinance,False
2016-07-29,2168.25,2168.25,2171.75,2157.5,2165.5,1718155,yfinance,False
2016-08-01,2164.5,2164.5,2177.75,2159.75,2174.0,1659094,yfinance,False
2016-08-02,2152.75,2152.75,2171.0,2141.5,2166.0,1958950,yfinance,False
2016-08-03,2157.0,2157.0,2158.25,2145.25,2152.25,1371176,yfinance,False
2016-08-04,2159.25,2159.25,2164.25,2154.0,2156.75,1239577,yfinance,False
2016-08-05,2176.75,2176.75,2178.5,2159.25,2159.5,1370482,yfinance,False
2016-08-08,2175.5,2175.5,2183.0,2173.25,2176.0,970557,yfinance,False
2016-08-09,2177.5,2177.5,2183.5,2173.75,2176.0,1191826,yfinance,False
2016-08-10,2172.75,2172.75,2181.5,2167.75,2178.0,1371937,yfinance,False
2016-08-11,2181.75,2181.75,2185.25,2170.0,2172.5,1326004,yfinance,False
2016-08-12,2180.25,2180.25,2184.0,2175.5,2181.75,1270055,yfinance,False
2016-08-15,2186.0,2186.0,2190.75,2180.5,2180.75,1090675,yfinance,False
2016-08-16,2176.75,2176.75,2186.25,2175.25,2186.0,1391768,yfinance,False
2016-08-17,2179.75,2179.75,2182.0,2165.5,2177.5,1702425,yfinance,False
2016-08-18,2183.5,2183.5,2184.5,2176.25,2180.75,1201115,yfinance,False
2016-08-19,2181.75,2181.75,2184.25,2172.5,2183.5,1431860,yfinance,False
2016-08-22,2181.5,2181.5,2184.5,2173.5,2181.75,1543249,yfinance,False
2016-08-23,2185.25,2185.25,2191.5,2179.25,2180.75,1125503,yfinance,False
2016-08-24,2175.0,2175.0,2187.75,2168.75,2185.75,1508048,yfinance,False
2016-08-25,2173.5,2173.5,2177.25,2167.5,2175.0,1501328,yfinance,False
2016-08-26,2168.5,2168.5,2186.75,2157.5,2174.0,2535682,yfinance,False
2016-08-29,2179.25,2179.25,2182.25,2164.5,2167.75,1245215,yfinance,False
2016-08-30,2175.25,2175.25,2181.5,2168.5,2180.0,1372345,yfinance,False
2016-08-31,2169.5,2169.5,2176.25,2159.5,2175.75,1864629,yfinance,False
2016-09-01,2167.25,2167.25,2177.25,2154.75,2169.0,1943431,yfinance,False
2016-09-02,2178.0,2178.0,2183.75,2164.25,2166.25,1700143,yfinance,False
2016-09-06,2184.5,2184.5,2186.25,2173.0,2179.25,1627643,yfinance,False
2016-09-07,2184.5,2184.5,2186.75,2177.5,2185.25,1459543,yfinance,False
2016-09-08,2177.5,2177.5,2189.25,2175.75,2184.5,2105651,yfinance,False
2016-09-09,2122.75,2122.75,2178.25,2119.75,2177.25,2073225,yfinance,False
2016-09-12,2158.5,2158.5,2162.75,2107.0,2121.75,1450133,yfinance,False
2016-09-13,2128.75,2128.75,2157.5,2119.0,2156.25,1201101,yfinance,False
2016-09-14,2120.25,2120.25,2141.25,2118.75,2131.75,661156,yfinance,False
2016-09-15,2145.0,2145.0,2151.5,2114.75,2121.75,398401,yfinance,False
2016-09-16,2141.75,2141.75,2144.25,2135.5,2143.75,2064530,yfinance,False
2016-09-19,2133.0,2133.0,2146.75,2127.75,2132.25,1527880,yfinance,False
2016-09-20,2131.0,2131.0,2143.5,2129.0,2133.75,1385876,yfinance,False
2016-09-21,2156.25,2156.25,2157.5,2126.25,2130.0,1826950,yfinance,False
2016-09-22,2168.25,2168.25,2172.75,2152.75,2156.25,1523998,yfinance,False
2016-09-23,2158.0,2158.0,2169.5,2156.0,2168.25,1448300,yfinance,False
2016-09-26,2139.75,2139.75,2159.5,2136.75,2156.25,1602771,yfinance,False
2016-09-27,2152.75,2152.75,2154.0,2132.75,2139.25,1659780,yfinance,False
2016-09-28,2163.25,2163.25,2165.25,2144.0,2152.0,1733016,yfinance,False
2016-09-29,2148.5,2148.5,2167.0,2137.25,2162.25,2306654,yfinance,False
2016-09-30,2160.5,2160.5,2168.25,2135.75,2145.75,1989690,yfinance,False
2016-10-03,2153.25,2153.25,2164.0,2146.75,2158.75,1406125,yfinance,False
2016-10-04,2144.75,2144.75,2159.75,2136.0,2153.75,2143439,yfinance,False
2016-10-05,2153.25,2153.25,2158.0,2141.0,2144.25,1369566,yfinance,False
2016-10-06,2156.5,2156.5,2157.25,2143.25,2153.25,1209239,yfinance,False
2016-10-07,2146.5,2146.5,2161.5,2138.0,2155.25,1958026,yfinance,False
2016-10-11,2134.5,2134.5,2160.75,2121.75,2159.5,2243746,yfinance,False
2016-10-12,2131.5,2131.5,2140.75,2126.25,2133.0,1483026,yfinance,False
2016-10-13,2126.25,2126.25,2132.25,2107.75,2127.75,2195134,yfinance,False
2016-10-14,2127.0,2127.0,2143.25,2122.25,2126.25,1841156,yfinance,False
2016-10-17,2123.0,2123.0,2130.0,2116.75,2126.25,1251946,yfinance,False
2016-10-18,2132.0,2132.0,2139.75,2120.25,2122.5,1139317,yfinance,False
2016-10-19,2138.0,2138.0,2142.5,2126.5,2131.5,948475,yfinance,False
2016-10-20,2137.0,2137.0,2144.5,2126.75,2137.5,1611098,yfinance,False
2016-10-21,2134.75,2134.75,2138.5,2123.25,2136.0,1409837,yfinance,False
2016-10-24,2144.25,2144.25,2149.0,2134.75,2137.0,1010790,yfinance,False
2016-10-25,2138.0,2138.0,2149.75,2135.25,2144.75,1198210,yfinance,False
2016-10-26,2134.0,2134.0,2140.0,2124.75,2135.25,1548442,yfinance,False
2016-10-27,2123.5,2123.5,2143.75,2122.5,2133.75,1795356,yfinance,False
2016-10-28,2123.75,2123.75,2135.25,2112.5,2127.25,2391182,yfinance,False
2016-10-31,2120.0,2120.0,2130.5,2114.75,2120.0,1371713,yfinance,False
2016-11-01,2103.75,2103.75,2129.5,2091.0,2123.5,2257062,yfinance,False
2016-11-02,2092.25,2092.25,2106.5,2087.25,2102.25,2013595,yfinance,False
2016-11-03,2083.5,2083.5,2098.75,2079.75,2088.25,1795490,yfinance,False
2016-11-04,2080.0,2080.0,2094.25,2078.75,2084.0,2079129,yfinance,False
2016-11-07,2129.0,2129.0,2130.75,2102.75,2106.0,1761750,yfinance,False
2016-11-08,2135.5,2135.5,2143.25,2119.0,2129.0,1751369,yfinance,False
2016-11-09,2160.25,2160.25,2166.75,2028.5,2138.0,5280237,yfinance,False
2016-11-10,2167.25,2167.25,2180.5,2147.75,2159.5,3132340,yfinance,False
2016-11-14,2160.5,2160.5,2174.5,2152.25,2164.5,1815339,yfinance,False
2016-11-15,2179.25,2179.25,2179.75,2158.5,2161.0,1443589,yfinance,False
2016-11-16,2172.75,2172.75,2185.0,2168.75,2179.0,1327887,yfinance,False
2016-11-17,2184.25,2184.25,2185.5,2171.75,2172.5,1350348,yfinance,False
2016-11-18,2180.75,2180.75,2187.5,2176.5,2184.0,1280719,yfinance,False
2016-11-21,2193.0,2193.0,2196.5,2178.5,2179.5,1233201,yfinance,False
2016-11-22,2200.25,2200.25,2203.0,2191.75,2193.25,1257560,yfinance,False
2016-11-23,2200.75,2200.75,2203.5,2192.0,2201.25,1101994,yfinance,False
2016-11-25,2211.25,2211.25,2211.75,2197.5,2201.0,561560,yfinance,False
2016-11-28,2200.75,2200.75,2209.5,2198.25,2208.0,1371374,yfinance,False
2016-11-29,2203.75,2203.75,2209.5,2196.25,2200.25,1405556,yfinance,False
2016-11-30,2198.75,2198.75,2213.75,2197.25,2203.25,1960189,yfinance,False
2016-12-01,2192.0,2192.0,2203.0,2186.0,2199.5,2148721,yfinance,False
2016-12-02,2192.0,2192.0,2197.25,2184.25,2190.5,1682042,yfinance,False
2016-12-05,2204.25,2204.25,2208.75,2179.0,2184.0,1663731,yfinance,False
2016-12-06,2210.0,2210.0,2212.0,2200.25,2205.0,1483946,yfinance,False
2016-12-07,2236.75,2236.75,2241.25,2206.75,2211.25,2328449,yfinance,False
2016-12-08,2247.75,2247.75,2251.5,2232.5,2236.5,2109978,yfinance,False
2016-12-09,2260.0,2260.0,2261.25,2245.0,2246.75,1090581,yfinance,False
2016-12-12,2256.0,2256.0,2270.25,2252.25,2260.75,1019782,yfinance,False
2016-12-13,2273.25,2273.25,2278.25,2253.25,2256.0,1053815,yfinance,False
2016-12-14,2257.0,2257.0,2277.0,2248.0,2273.25,767129,yfinance,False
2016-12-15,2263.5,2263.5,2272.75,2252.25,2256.0,477530,yfinance,False
2016-12-16,2267.5,2267.5,2269.5,2261.75,2264.25,1415262,yfinance,False
2016-12-19,2260.0,2260.0,2263.75,2254.0,2256.0,928690,yfinance,False
2016-12-20,2266.5,2266.5,2269.5,2260.0,2260.25,814005,yfinance,False
2016-12-21,2260.5,2260.5,2268.0,2258.0,2267.25,667705,yfinance,False
2016-12-22,2258.75,2258.75,2261.0,2251.5,2258.25,847626,yfinance,False
2016-12-23,2260.0,2260.0,2261.0,2254.25,2257.5,396535,yfinance,False
2016-12-27,2261.0,2261.0,2269.5,2257.75,2258.75,498741,yfinance,False
2016-12-28,2245.25,2245.25,2267.5,2243.5,2261.25,1000606,yfinance,False
2016-12-29,2245.0,2245.0,2250.0,2239.5,2245.5,913220,yfinance,False
2016-12-30,2236.25,2236.25,2252.75,2228.0,2246.25,1281987,yfinance,False
2017-01-03,2252.5,2252.5,2259.5,2239.5,2240.75,1810351,yfinance,False
2017-01-04,2264.25,2264.25,2267.25,2251.0,2252.75,1404875,yfinance,False
2017-01-05,2264.25,2264.25,2266.0,2254.0,2264.5,1324035,yfinance,False
2017-01-06,2271.5,2271.5,2277.0,2258.25,2264.25,1551007,yfinance,False
2017-01-09,2265.0,2265.0,2275.25,2263.5,2271.25,1025182,yfinance,False
2017-01-10,2263.75,2263.75,2274.0,2259.5,2264.5,1304523,yfinance,False
2017-01-11,2270.5,2270.5,2271.75,2255.0,2263.75,1733727,yfinance,False
2017-01-12,2263.5,2263.5,2270.5,2248.5,2270.5,1752976,yfinance,False
2017-01-13,2272.5,2272.5,2273.5,2262.75,2264.5,1192660,yfinance,False
2017-01-17,2262.75,2262.75,2270.5,2257.25,2270.25,1540220,yfinance,False
2017-01-18,2266.5,2266.5,2268.5,2258.25,2262.0,1111992,yfinance,False
2017-01-19,2261.5,2261.5,2269.5,2253.0,2265.5,1386240,yfinance,False
2017-01-20,2266.0,2266.0,2272.75,2259.75,2261.0,1737181,yfinance,False
2017-01-23,2262.0,2262.0,2267.5,2251.75,2266.0,1474482,yfinance,False
2017-01-24,2274.5,2274.5,2280.5,2259.5,2260.75,1273116,yfinance,False
2017-01-25,2294.0,2294.0,2295.25,2274.75,2275.75,1386477,yfinance,False
2017-01-26,2294.0,2294.0,2299.5,2289.5,2293.75,1170427,yfinance,False
2017-01-27,2289.0,2289.0,2296.75,2287.0,2294.0,942076,yfinance,False
2017-01-30,2276.0,2276.0,2285.75,2263.25,2282.0,1850992,yfinance,False
2017-01-31,2274.5,2274.5,2278.25,2262.25,2275.75,1628810,yfinance,False
2017-02-01,2274.5,2274.5,2285.0,2268.25,2277.0,1565006,yfinance,False
2017-02-02,2275.5,2275.5,2279.75,2264.5,2275.0,1414426,yfinance,False
2017-02-03,2291.0,2291.0,2294.0,2270.5,2274.0,1415043,yfinance,False
2017-02-06,2286.5,2286.5,2294.25,2283.5,2293.0,1164914,yfinance,False
2017-02-07,2288.5,2288.5,2295.0,2284.0,2286.25,1202059,yfinance,False
2017-02-08,2290.25,2290.25,2292.0,2281.0,2285.75,1283261,yfinance,False
2017-02-09,2304.25,2304.25,2307.75,2287.75,2290.5,1354847,yfinance,False
2017-02-10,2312.75,2312.75,2315.75,2303.0,2304.25,1177521,yfinance,False
2017-02-13,2326.25,2326.25,2329.0,2313.25,2314.25,1210205,yfinance,False
2017-02-14,2337.0,2337.0,2337.75,2319.75,2326.5,1390309,yfinance,False
2017-02-15,2350.5,2350.5,2351.5,2331.25,2335.5,1532340,yfinance,False
2017-02-16,2345.5,2345.5,2350.75,2336.75,2350.25,1737007,yfinance,False
2017-02-17,2348.0,2348.0,2348.75,2336.5,2345.0,1399520,yfinance,False
2017-02-21,2360.0,2360.0,2365.0,2346.0,2346.5,1653551,yfinance,False
2017-02-22,2361.0,2361.0,2363.75,2355.25,2360.0,1301504,yfinance,False
2017-02-23,2362.75,2362.75,2367.5,2353.0,2362.0,1556359,yfinance,False
2017-02-24,2365.0,2365.0,2365.75,2349.5,2361.5,1551959,yfinance,False
2017-02-27,2368.25,2368.25,2370.75,2361.0,2362.75,1156575,yfinance,False
2017-02-28,2362.75,2362.75,2368.75,2357.5,2365.75,1610710,yfinance,False
2017-03-01,2393.5,2393.5,2401.0,2363.25,2364.5,2171551,yfinance,False
2017-03-02,2382.0,2382.0,2394.25,2378.0,2392.25,1744834,yfinance,False
2017-03-03,2381.25,2381.25,2383.25,2373.75,2379.75,1357594,yfinance,False
2017-03-06,2375.5,2375.5,2380.75,2367.0,2380.25,1376883,yfinance,False
2017-03-07,2366.5,2366.5,2375.5,2364.5,2371.25,1303962,yfinance,False
2017-03-08,2364.0,2364.0,2373.0,2359.5,2365.75,1651698,yfinance,False
2017-03-09,2366.25,2366.25,2369.25,2354.0,2363.75,1788548,yfinance,False
2017-03-10,2371.75,2371.75,2379.75,2362.25,2367.5,1361113,yfinance,False
2017-03-13,2375.0,2375.0,2375.25,2368.0,2370.75,1042690,yfinance,False
2017-03-14,2366.5,2366.5,2374.75,2358.0,2374.0,952366,yfinance,False
2017-03-15,2383.75,2383.75,2390.5,2366.5,2367.0,621381,yfinance,False
2017-03-16,2382.75,2382.75,2392.0,2376.75,2382.5,377982,yfinance,False
2017-03-17,2384.5,2384.5,2385.75,2379.0,2382.25,1277357,yfinance,False
2017-03-20,2370.25,2370.25,2376.0,2365.5,2373.75,1076099,yfinance,False
2017-03-21,2342.25,2342.25,2378.75,2338.0,2369.0,2567939,yfinance,False
2017-03-22,2342.5,2342.5,2348.75,2332.25,2340.5,1883451,yfinance,False
2017-03-23,2340.0,2340.0,2356.0,2338.25,2342.25,1631527,yfinance,False
2017-03-24,2344.75,2344.75,2352.75,2331.75,2341.0,1600274,yfinance,False
2017-03-27,2338.5,2338.5,2341.5,2317.75,2337.0,1614233,yfinance,False
2017-03-28,2351.5,2351.5,2360.5,2333.5,2340.5,1623900,yfinance,False
2017-03-29,2357.0,2357.0,2359.75,2348.75,2353.0,1154538,yfinance,False
2017-03-30,2364.5,2364.5,2366.75,2353.25,2357.0,1164616,yfinance,False
2017-03-31,2359.25,2359.25,2366.75,2356.75,2365.5,1568884,yfinance,False
2017-04-03,2356.0,2356.0,2363.25,2340.0,2357.5,1716027,yfinance,False
2017-04-04,2356.5,2356.5,2358.75,2344.75,2354.25,1209054,yfinance,False
2017-04-05,2346.5,2346.5,2375.0,2343.75,2358.75,1938825,yfinance,False
2017-04-06,2353.75,2353.75,2361.25,2338.0,2345.5,1595949,yfinance,False
2017-04-07,2352.25,2352.25,2360.75,2336.75,2355.25,1473460,yfinance,False
2017-04-10,2352.5,2352.5,2363.25,2347.5,2351.75,1351301,yfinance,False
2017-04-11,2351.0,2351.0,2355.75,2333.25,2354.25,1856700,yfinance,False
2017-04-12,2340.75,2340.75,2356.5,2337.5,2351.75,1534596,yfinance,False
2017-04-13,2327.5,2327.5,2345.0,2324.0,2338.75,1587079,yfinance,False
2017-04-17,2345.0,2345.0,2346.0,2322.75,2324.0,981675,yfinance,False
2017-04-18,2337.25,2337.25,2347.0,2330.25,2345.0,1432200,yfinance,False
2017-04-19,2333.75,2333.75,2349.25,2331.25,2337.75,1254296,yfinance,False
2017-04-20,2352.0,2352.0,2358.25,2332.5,2333.25,1468523,yfinance,False
2017-04-21,2347.5,2347.5,2356.0,2340.5,2352.75,1277783,yfinance,False
2017-04-24,2370.0,2370.0,2376.75,2365.25,2365.75,1553985,yfinance,False
2017-04-25,2385.0,2385.0,2389.25,2368.25,2370.0,1324272,yfinance,False
2017-04-26,2382.25,2382.25,2394.75,2381.5,2383.0,1493096,yfinance,False
2017-04-27,2386.0,2386.0,2388.75,2378.75,2381.5,1115269,yfinance,False
2017-04-28,2380.5,2380.5,2388.75,2378.25,2386.25,1167297,yfinance,False
2017-05-01,2387.0,2387.0,2390.75,2377.0,2381.5,906278,yfinance,False
2017-05-02,2385.75,2385.75,2388.75,2381.75,2386.25,958983,yfinance,False
2017-05-03,2383.25,2383.25,2386.0,2375.5,2384.0,1076558,yfinance,False
2017-05-04,2385.5,2385.5,2390.75,2376.0,2382.0,1229736,yfinance,False
2017-05-05,2397.75,2397.75,2399.25,2379.0,2386.0,1127621,yfinance,False
2017-05-08,2395.0,2395.0,2403.75,2389.75,2402.5,957161,yfinance,False
2017-05-09,2393.25,2393.25,2400.0,2388.75,2394.5,1105436,yfinance,False
2017-05-10,2395.25,2395.25,2397.0,2387.5,2391.75,998859,yfinance,False
2017-05-11,2391.0,2391.0,2395.25,2379.0,2395.0,1356242,yfinance,False
2017-05-12,2388.75,2388.75,2391.5,2384.25,2390.25,1087422,yfinance,False
2017-05-15,2398.5,2398.5,2402.25,2388.0,2388.75,1041264,yfinance,False
2017-05-16,2397.0,2397.0,2404.5,2393.75,2399.75,1071111,yfinance,False
2017-05-17,2357.5,2357.5,2396.75,2354.75,2396.5,2814349,yfinance,False
2017-05-18,2363.5,2363.5,2375.0,2344.5,2355.0,2460956,yfinance,False
2017-05-19,2381.5,2381.5,2388.0,2361.0,2364.0,1672971,yfinance,False
2017-05-22,2392.75,2392.75,2394.25,2378.25,2381.75,1113022,yfinance,False
2017-05-23,2398.0,2398.0,2399.5,2386.75,2393.5,1024986,yfinance,False
2017-05-24,2402.0,2402.0,2404.0,2394.75,2397.0,984358,yfinance,False
2017-05-25,2413.5,2413.5,2417.75,2402.5,2403.0,1315611,yfinance,False
2017-05-26,2413.75,2413.75,2415.75,2408.0,2413.0,879560,yfinance,False
2017-05-30,2410.75,2410.75,2417.0,2407.75,2414.0,1040285,yfinance,False
2017-05-31,2411.0,2411.0,2416.75,2402.75,2410.5,1729723,yfinance,False
2017-06-01,2429.5,2429.5,2430.5,2410.5,2413.75,1432385,yfinance,False
2017-06-02,2437.75,2437.75,2439.75,2427.0,2429.25,1735800,yfinance,False
2017-06-05,2434.5,2434.5,2439.0,2433.0,2435.25,891938,yfinance,False
2017-06-06,2430.75,2430.75,2435.75,2426.25,2434.25,1353806,yfinance,False
2017-06-07,2432.0,2432.0,2435.0,2424.0,2429.5,1431930,yfinance,False
2017-06-08,2432.5,2432.5,2439.0,2427.25,2431.5,1445922,yfinance,False
2017-06-09,2430.5,2430.5,2445.75,2414.75,2427.25,1588107,yfinance,False
2017-06-12,2428.5,2428.5,2431.0,2419.0,2430.0,1253497,yfinance,False
2017-06-13,2440.0,2440.0,2441.5,2427.25,2428.75,1028985,yfinance,False
2017-06-14,2437.25,2437.25,2445.5,2427.75,2440.25,684544,yfinance,False
2017-06-15,2434.25,2434.25,2436.0,2418.25,2436.0,470700,yfinance,False
2017-06-16,2433.75,2433.75,2439.0,2432.5,2433.75,1336684,yfinance,False
2017-06-19,2447.5,2447.5,2451.5,2432.75,2433.5,1223334,yfinance,False
2017-06-20,2437.5,2437.5,2451.0,2434.0,2447.75,1332027,yfinance,False
2017-06-21,2433.5,2433.5,2440.0,2428.0,2435.75,1374762,yfinance,False
2017-06-22,2431.75,2431.75,2439.0,2428.0,2431.75,1056822,yfinance,False
2017-06-23,2435.0,2435.0,2438.75,2428.25,2431.25,1197448,yfinance,False
2017-06-26,2436.0,2436.0,2447.5,2430.0,2432.0,1265812,yfinance,False
2017-06-27,2420.5,2420.5,2437.25,2416.5,2435.75,1639883,yfinance,False
2017-06-28,2438.5,2438.5,2442.5,2413.75,2417.0,1560424,yfinance,False
2017-06-29,2420.0,2420.0,2445.0,2402.25,2442.0,2337789,yfinance,False
2017-06-30,2421.0,2421.0,2429.75,2415.0,2420.75,1638217,yfinance,False
2017-07-03,2425.0,2425.0,2436.5,2421.5,2422.0,766228,yfinance,False
2017-07-05,2428.0,2428.0,2432.25,2419.25,2423.75,1287423,yfinance,False
2017-07-06,2408.5,2408.5,2430.5,2405.25,2428.0,1603746,yfinance,False
2017-07-07,2422.5,2422.5,2425.0,2407.5,2409.25,1266391,yfinance,False
2017-07-10,2424.5,2424.5,2430.0,2419.25,2423.0,861222,yfinance,False
2017-07-11,2424.5,2424.5,2427.75,2410.25,2423.75,1132273,yfinance,False
2017-07-12,2440.0,2440.0,2443.75,2422.5,2425.0,1163339,yfinance,False
2017-07-13,2445.5,2445.5,2447.0,2439.0,2441.25,941061,yfinance,False
2017-07-14,2456.0,2456.0,2461.25,2442.0,2446.5,1091078,yfinance,False
2017-07-17,2458.5,2458.5,2460.5,2454.0,2457.0,862469,yfinance,False
2017-07-18,2457.75,2457.75,2461.0,2448.0,2459.25,1091158,yfinance,False
2017-07-19,2471.5,2471.5,2472.0,2457.75,2459.75,958463,yfinance,False
2017-07-20,2471.25,2471.25,2476.25,2465.5,2471.0,1106684,yfinance,False
2017-07-21,2469.5,2469.5,2475.25,2462.75,2472.5,1095937,yfinance,False
2017-07-24,2468.5,2468.5,2470.5,2463.5,2469.75,857750,yfinance,False
2017-07-25,2474.0,2474.0,2478.75,2466.25,2467.0,1074033,yfinance,False
2017-07-26,2473.25,2473.25,2479.75,2471.5,2475.25,972444,yfinance,False
2017-07-27,2472.0,2472.0,2480.5,2457.0,2474.5,1647577,yfinance,False
2017-07-28,2470.25,2470.25,2472.0,2461.5,2472.0,1156784,yfinance,False
2017-07-31,2468.0,2468.0,2475.0,2465.25,2470.5,1229202,yfinance,False
2017-08-01,2472.25,2472.25,2477.25,2466.25,2468.0,1043439,yfinance,False
2017-08-02,2473.5,2473.5,2476.0,2463.25,2474.0,1304650,yfinance,False
2017-08-03,2471.75,2471.75,2474.5,2466.0,2473.25,1087355,yfinance,False
2017-08-04,2472.0,2472.0,2477.75,2467.75,2470.75,1070866,yfinance,False
2017-08-07,2477.5,2477.5,2478.25,2472.0,2472.25,599701,yfinance,False
2017-08-08,2472.75,2472.75,2488.5,2467.5,2477.5,1367671,yfinance,False
2017-08-09,2473.0,2473.0,2474.5,2459.0,2470.0,1555517,yfinance,False
2017-08-10,2437.5,2437.5,2474.25,2432.75,2474.0,2324062,yfinance,False
2017-08-11,2440.0,2440.0,2446.5,2430.25,2434.5,1670104,yfinance,False
2017-08-14,2463.5,2463.5,2466.5,2441.5,2441.5,1470477,yfinance,False
2017-08-15,2463.75,2463.75,2473.25,2460.0,2464.5,1060173,yfinance,False
2017-08-16,2467.5,2467.5,2474.0,2461.5,2464.5,1137333,yfinance,False
2017-08-17,2429.5,2429.5,2468.5,2423.75,2466.75,2236170,yfinance,False
2017-08-18,2426.75,2426.75,2439.5,2419.5,2426.75,2203303,yfinance,False
2017-08-21,2428.0,2428.0,2431.5,2415.75,2428.75,1339966,yfinance,False
2017-08-22,2452.75,2452.75,2454.25,2427.5,2428.0,1367156,yfinance,False
2017-08-23,2441.5,2441.5,2454.75,2438.75,2453.0,1243382,yfinance,False
2017-08-24,2440.75,2440.75,2449.0,2434.5,2440.25,1407417,yfinance,False
2017-08-25,2442.5,2442.5,2453.5,2437.5,2442.5,1211227,yfinance,False
2017-08-28,2443.75,2443.75,2449.25,2436.25,2442.0,953054,yfinance,False
2017-08-29,2447.0,2447.0,2448.5,2421.0,2434.0,1615262,yfinance,False
2017-08-30,2455.75,2455.75,2459.75,2442.75,2446.5,1301444,yfinance,False
2017-08-31,2470.0,2470.0,2474.25,2454.75,2455.25,1752826,yfinance,False
2017-09-01,2474.25,2474.25,2479.75,2470.0,2470.25,1057024,yfinance,False
2017-09-05,2459.75,2459.75,2471.25,2445.5,2461.25,2123649,yfinance,False
2017-09-06,2465.5,2465.5,2469.0,2456.5,2460.25,1574076,yfinance,False
2017-09-07,2466.5,2466.5,2468.75,2457.5,2464.0,1534736,yfinance,False
2017-09-08,2462.5,2462.5,2467.5,2456.75,2466.5,1242750,yfinance,False
2017-09-11,2487.5,2487.5,2489.0,2468.0,2468.0,1333316,yfinance,False
2017-09-12,2496.0,2496.0,2497.0,2486.75,2488.25,1042880,yfinance,False
2017-09-13,2496.5,2496.5,2497.5,2490.75,2497.0,611367,yfinance,False
2017-09-14,2496.5,2496.5,2498.25,2489.5,2496.25,419698,yfinance,False
2017-09-15,2496.0,2496.0,2496.5,2489.5,2496.0,1367390,yfinance,False
2017-09-18,2502.75,2502.75,2506.0,2497.75,2499.0,1090827,yfinance,False
2017-09-19,2504.75,2504.75,2506.0,2501.0,2502.75,961109,yfinance,False
2017-09-20,2505.25,2505.25,2507.25,2494.0,2503.75,1232948,yfinance,False
2017-09-21,2501.0,2501.0,2506.25,2496.5,2504.5,1117630,yfinance,False
2017-09-22,2499.5,2499.5,2501.0,2492.0,2500.75,1024727,yfinance,False
2017-09-25,2497.0,2497.0,2504.5,2485.0,2499.0,1539626,yfinance,False
2017-09-26,2495.5,2495.5,2501.25,2492.25,2498.0,1144642,yfinance,False
2017-09-27,2504.5,2504.5,2509.25,2493.0,2495.0,1576031,yfinance,False
2017-09-28,2507.75,2507.75,2508.25,2499.0,2503.25,1109027,yfinance,False
2017-09-29,2516.0,2516.0,2517.75,2504.75,2507.75,1368322,yfinance,False
2017-10-02,2526.25,2526.25,2528.0,2517.0,2518.0,1138362,yfinance,False
2017-10-03,2532.75,2532.75,2533.5,2525.5,2527.25,849153,yfinance,False
2017-10-04,2536.25,2536.25,2538.0,2529.0,2533.0,956590,yfinance,False
2017-10-05,2550.0,2550.0,2550.75,2534.5,2535.25,1104438,yfinance,False
2017-10-06,2545.0,2545.0,2549.75,2541.5,2548.75,1169419,yfinance,False
2017-10-09,2543.75,2543.75,2550.5,2539.25,2543.25,735488,yfinance,False
2017-10-10,2548.5,2548.5,2553.25,2542.75,2543.25,1149236,yfinance,False
2017-10-11,2553.0,2553.0,2553.5,2544.25,2548.75,818238,yfinance,False
2017-10-12,2549.5,2549.5,2553.25,2546.25,2552.25,938476,yfinance,False
2017-10-13,2552.75,2552.75,2555.5,2547.0,2548.0,918541,yfinance,False
2017-10-16,2556.25,2556.25,2557.75,2550.75,2552.25,795923,yfinance,False
2017-10-17,2557.0,2557.0,2557.75,2552.25,2555.5,738739,yfinance,False
2017-10-18,2560.0,2560.0,2562.25,2556.25,2556.5,753384,yfinance,False
2017-10-19,2560.5,2560.5,2561.5,2542.5,2560.0,1362805,yfinance,False
2017-10-20,2574.0,2574.0,2574.5,2559.5,2561.0,1254054,yfinance,False
2017-10-23,2563.5,2563.5,2577.25,2561.5,2572.75,1272965,yfinance,False
2017-10-24,2567.25,2567.25,2570.25,2562.25,2562.5,1047808,yfinance,False
2017-10-25,2558.5,2558.5,2566.25,2541.5,2564.75,2099172,yfinance,False
2017-10-26,2561.5,2561.5,2565.0,2555.5,2559.5,1392205,yfinance,False
2017-10-27,2578.5,2578.5,2580.75,2557.5,2561.5,1561074,yfinance,False
2017-10-30,2568.25,2568.25,2578.25,2565.5,2575.5,1237600,yfinance,False
2017-10-31,2572.75,2572.75,2575.5,2566.75,2568.0,1051279,yfinance,False
2017-11-01,2574.75,2574.75,2585.5,2571.0,2572.75,1290220,yfinance,False
2017-11-02,2576.75,2576.75,2578.5,2562.25,2571.5,1297222,yfinance,False
2017-11-03,2582.75,2582.75,2585.5,2573.5,2577.5,992681,yfinance,False
2017-11-06,2588.75,2588.75,2590.0,2575.5,2580.0,848119,yfinance,False
2017-11-07,2586.75,2586.75,2593.5,2580.75,2587.75,1163840,yfinance,False
2017-11-08,2591.0,2591.0,2592.5,2579.75,2584.0,1058023,yfinance,False
2017-11-09,2584.0,2584.0,2594.5,2563.25,2591.25,2218191,yfinance,False
2017-11-10,2579.5,2579.5,2585.75,2571.5,2582.0,1193217,yfinance,False
2017-11-13,2582.0,2582.0,2585.5,2570.25,2580.25,1052173,yfinance,False
2017-11-14,2578.0,2578.0,2582.25,2564.25,2580.25,1582882,yfinance,False
2017-11-15,2565.0,2565.0,2577.0,2555.5,2576.75,1917948,yfinance,False
2017-11-16,2585.0,2585.0,2589.5,2562.25,2564.25,1528865,yfinance,False
2017-11-17,2576.25,2576.25,2586.0,2574.75,2584.25,1186958,yfinance,False
2017-11-20,2582.0,2582.0,2584.0,2567.75,2576.0,1000520,yfinance,False
2017-11-21,2596.25,2596.25,2600.5,2579.25,2582.0,1153787,yfinance,False
2017-11-22,2594.5,2594.5,2600.0,2592.75,2595.75,536543,yfinance,False
2017-11-24,2601.0,2601.0,2603.0,2589.5,2593.25,551196,yfinance,False
2017-11-27,2601.75,2601.75,2605.5,2596.5,2601.0,960112,yfinance,False
2017-11-28,2626.0,2626.0,2627.0,2597.5,2602.25,1558414,yfinance,False
2017-11-29,2625.0,2625.0,2634.25,2619.75,2625.5,1661775,yfinance,False
2017-11-30,2648.0,2648.0,2658.5,2621.75,2625.0,2346236,yfinance,False
2017-12-01,2644.0,2644.0,2650.75,2605.0,2640.75,2520826,yfinance,False
2017-12-04,2638.25,2638.25,2665.25,2633.75,2654.5,1756938,yfinance,False
2017-12-05,2628.25,2628.25,2648.75,2627.25,2636.0,1392821,yfinance,False
2017-12-06,2629.25,2629.25,2634.5,2620.0,2626.75,1307666,yfinance,False
2017-12-07,2639.5,2639.5,2641.25,2626.25,2630.5,1345485,yfinance,False
2017-12-08,2651.0,2651.0,2652.5,2637.75,2639.5,1154864,yfinance,False
2017-12-11,2661.5,2661.5,2664.75,2649.25,2652.0,1266601,yfinance,False
2017-12-12,2665.0,2665.0,2670.25,2660.5,2662.75,1032184,yfinance,False
2017-12-13,2666.5,2666.5,2672.5,2656.75,2665.5,758320,yfinance,False
2017-12-14,2653.25,2653.25,2670.75,2649.25,2665.5,473836,yfinance,False
2017-12-15,2666.75,2666.75,2667.25,2650.0,2650.0,1410847,yfinance,False
2017-12-18,2694.5,2694.5,2698.0,2682.5,2683.0,1040769,yfinance,False
2017-12-19,2684.0,2684.0,2698.0,2682.5,2695.0,980483,yfinance,False
2017-12-20,2681.5,2681.5,2695.5,2679.0,2684.75,981223,yfinance,False
2017-12-21,2687.75,2687.75,2696.0,2680.75,2681.5,853748,yfinance,False
2017-12-22,2686.0,2686.0,2691.5,2682.25,2686.75,360430,yfinance,False
2017-12-26,2687.0,2687.0,2689.5,2683.5,2686.75,376101,yfinance,False
2017-12-27,2685.5,2685.5,2691.0,2681.5,2687.5,666329,yfinance,False
2017-12-28,2685.75,2685.75,2689.0,2683.0,2684.0,535624,yfinance,False
2017-12-29,2676.0,2676.0,2698.25,2667.75,2684.75,1092038,yfinance,False
2018-01-02,2693.0,2693.0,2696.0,2674.5,2675.25,996265,yfinance,False
2018-01-03,2711.0,2711.0,2714.25,2692.25,2693.75,1114548,yfinance,False
2018-01-04,2723.75,2723.75,2729.0,2708.5,2710.25,1166017,yfinance,False
2018-01-05,2742.5,2742.5,2743.25,2723.75,2725.0,1136500,yfinance,False
2018-01-08,2746.75,2746.75,2748.5,2736.5,2741.75,903544,yfinance,False
2018-01-09,2752.25,2752.25,2760.0,2742.75,2746.5,1137598,yfinance,False
2018-01-10,2750.5,2750.5,2752.0,2736.5,2749.75,1289898,yfinance,False
2018-01-11,2769.5,2769.5,2770.5,2747.75,2750.0,1045414,yfinance,False
2018-01-12,2788.75,2788.75,2790.0,2766.75,2768.75,1357120,yfinance,False
2018-01-16,2782.5,2782.5,2808.5,2769.25,2789.75,1981469,yfinance,False
2018-01-17,2803.75,2803.75,2809.5,2779.0,2782.75,1541873,yfinance,False
2018-01-18,2796.25,2796.25,2808.0,2793.75,2803.25,1345331,yfinance,False
2018-01-19,2811.0,2811.0,2815.0,2791.75,2797.0,1363990,yfinance,False
2018-01-22,2835.25,2835.25,2838.25,2802.0,2804.0,1179414,yfinance,False
2018-01-23,2839.5,2839.5,2844.75,2828.75,2835.25,1282163,yfinance,False
2018-01-24,2841.0,2841.0,2855.25,2825.5,2837.0,1885278,yfinance,False
2018-01-25,2841.25,2841.25,2853.75,2830.75,2840.0,1439217,yfinance,False
2018-01-26,2874.5,2874.5,2876.0,2841.25,2842.25,1286287,yfinance,False
2018-01-29,2853.5,2853.5,2878.5,2851.5,2874.25,1395078,yfinance,False
2018-01-30,2824.5,2824.5,2858.0,2818.5,2853.25,2133815,yfinance,False
2018-01-31,2825.75,2825.75,2839.75,2813.0,2823.25,1841227,yfinance,False
2018-02-01,2822.5,2822.5,2837.25,2809.5,2828.75,1646906,yfinance,False
2018-02-02,2756.75,2756.75,2831.0,2755.25,2826.5,2532442,yfinance,False
2018-02-05,2607.75,2607.75,2763.0,2595.75,2757.0,4009557,yfinance,False
2018-02-06,2694.25,2694.25,2699.75,2529.0,2624.0,4806868,yfinance,False
2018-02-07,2668.25,2668.25,2726.75,2660.5,2685.5,2491133,yfinance,False
2018-02-08,2593.5,2593.5,2686.5,2577.0,2664.75,3121915,yfinance,False
2018-02-09,2619.0,2619.0,2637.75,2530.25,2593.75,3909443,yfinance,False
2018-02-12,2655.25,2655.25,2671.5,2620.0,2628.25,2170447,yfinance,False
2018-02-13,2661.75,2661.75,2667.5,2634.25,2653.25,1461104,yfinance,False
2018-02-14,2697.0,2697.0,2701.75,2627.0,2662.5,2087016,yfinance,False
2018-02-15,2734.0,2734.0,2736.75,2688.5,2695.5,1668909,yfinance,False
2018-02-16,2735.0,2735.0,2754.75,2722.25,2734.0,1738551,yfinance,False
2018-02-20,2714.0,2714.0,2747.75,2705.75,2734.5,1447502,yfinance,False
2018-02-21,2698.75,2698.75,2747.75,2693.5,2714.5,1661308,yfinance,False
2018-02-22,2711.5,2711.5,2731.0,2682.0,2698.5,1623017,yfinance,False
2018-02-23,2748.75,2748.75,2750.25,2710.0,2712.75,0,yfinance,False
2018-02-26,2784.5,2784.5,2786.0,2742.5,2751.5,1256268,yfinance,False
2018-02-27,2747.5,2747.5,2789.75,2742.0,2783.5,1717155,yfinance,False
2018-02-28,2714.5,2714.5,2762.0,2712.0,2746.5,1876678,yfinance,False
2018-03-01,2678.25,2678.25,2731.0,2658.5,2718.25,2818966,yfinance,False
2018-03-02,2690.25,2690.25,2696.0,2647.0,2678.75,2171819,yfinance,False
2018-03-05,2718.5,2718.5,2727.75,2663.75,2683.25,1781823,yfinance,False
2018-03-06,2724.0,2724.0,2734.5,2710.25,2719.0,1450085,yfinance,False
2018-03-07,2723.25,2723.25,2730.25,2681.25,2700.0,1870360,yfinance,False
2018-03-08,2739.25,2739.25,2740.5,2720.0,2722.5,1502808,yfinance,False
2018-03-09,2784.0,2784.0,2787.0,2730.0,2736.5,1541679,yfinance,False
2018-03-12,2784.0,2784.0,2800.5,2779.0,2784.0,1232395,yfinance,False
2018-03-13,2768.5,2768.5,2802.5,2758.5,2782.25,1232770,yfinance,False
2018-03-14,2749.75,2749.75,2779.5,2744.25,2763.0,766900,yfinance,False
2018-03-15,2751.5,2751.5,2763.5,2741.0,2750.75,358566,yfinance,False
2018-03-16,2752.75,2752.75,2757.0,2747.0,2753.75,1142517,yfinance,False
2018-03-19,2722.75,2722.75,2756.5,2697.25,2756.25,1986809,yfinance,False
2018-03-20,2723.5,2723.5,2729.0,2712.75,2721.5,1099899,yfinance,False
2018-03-21,2718.25,2718.25,2744.0,2712.5,2723.25,1423759,yfinance,False
2018-03-22,2643.25,2643.25,2726.25,2641.75,2718.25,2548609,yfinance,False
2018-03-23,2597.75,2597.75,2658.75,2586.0,2645.75,2875654,yfinance,False
2018-03-26,2659.5,2659.5,2662.75,2591.0,2595.0,2302375,yfinance,False
2018-03-27,2615.75,2615.75,2679.75,2596.0,2659.5,2448450,yfinance,False
2018-03-28,2607.5,2607.5,2633.75,2593.0,2612.75,2802883,yfinance,False
2018-03-29,2643.0,2643.0,2659.5,2601.0,2609.75,2042949,yfinance,False
2018-04-02,2575.0,2575.0,2641.5,2552.0,2635.0,2395329,yfinance,False
2018-04-03,2613.25,2613.25,2618.75,2573.5,2581.25,2220246,yfinance,False
2018-04-04,2647.0,2647.0,2649.75,2559.5,2612.0,2247386,yfinance,False
2018-04-05,2661.75,2661.75,2672.25,2644.0,2645.75,1642890,yfinance,False
2018-04-06,2605.75,2605.75,2664.0,2584.5,2663.0,2615117,yfinance,False
2018-04-09,2619.0,2619.0,2653.75,2607.5,2607.5,1762078,yfinance,False
2018-04-10,2655.0,2655.0,2666.25,2612.25,2617.75,1998582,yfinance,False
2018-04-11,2641.0,2641.0,2661.25,2626.0,2654.5,1637350,yfinance,False
2018-04-12,2664.0,2664.0,2675.0,2639.75,2642.5,1301132,yfinance,False
2018-04-13,2657.25,2657.25,2680.5,2644.75,2661.75,1711823,yfinance,False
2018-04-16,2681.75,2681.75,2687.0,2660.75,2673.25,1237183,yfinance,False
2018-04-17,2706.5,2706.5,2713.75,2678.75,2679.25,1251766,yfinance,False
2018-04-18,2709.75,2709.75,2718.5,2703.75,2704.5,1044851,yfinance,False
2018-04-19,2693.0,2693.0,2713.25,2681.5,2711.75,1577913,yfinance,False
2018-04-20,2671.5,2671.5,2698.25,2659.75,2692.5,1604973,yfinance,False
2018-04-23,2671.25,2671.25,2684.75,2657.25,2683.0,1239828,yfinance,False
2018-04-24,2635.25,2635.25,2688.5,2616.0,2672.0,2329880,yfinance,False
2018-04-25,2644.5,2644.5,2648.25,2611.25,2635.25,1902899,yfinance,False
2018-04-26,2674.5,2674.5,2677.5,2639.5,2648.25,1279539,yfinance,False
2018-04-27,2671.5,2671.5,2676.25,2657.75,2675.5,1142350,yfinance,False
2018-04-30,2647.0,2647.0,2682.25,2645.0,2670.5,1341086,yfinance,False
2018-05-01,2652.25,2652.25,2658.0,2623.25,2646.25,1323628,yfinance,False
2018-05-02,2627.5,2627.5,2658.5,2624.25,2655.5,1427995,yfinance,False
2018-05-03,2631.75,2631.75,2636.25,2591.25,2626.75,2146587,yfinance,False
2018-05-04,2663.0,2663.0,2669.5,2612.25,2631.75,1699202,yfinance,False
2018-05-07,2670.0,2670.0,2681.5,2661.25,2662.75,1148919,yfinance,False
2018-05-08,2670.25,2670.25,2674.25,2652.25,2668.0,1281751,yfinance,False
2018-05-09,2696.0,2696.0,2700.0,2666.5,2669.75,1251722,yfinance,False
2018-05-10,2718.75,2718.75,2725.0,2692.75,2696.0,1173629,yfinance,False
2018-05-11,2729.5,2729.5,2732.5,2716.25,2716.25,1066248,yfinance,False
2018-05-14,2731.0,2731.0,2741.25,2724.25,2727.25,945963,yfinance,False
2018-05-15,2709.0,2709.0,2731.25,2700.5,2728.5,1519108,yfinance,False
2018-05-16,2723.0,2723.0,2728.0,2704.5,2711.25,1057687,yfinance,False
2018-05-17,2718.75,2718.75,2732.0,2711.0,2721.75,1071506,yfinance,False
2018-05-18,2713.0,2713.0,2727.0,2708.75,2718.75,1013073,yfinance,False
2018-05-21,2733.0,2733.0,2739.25,2724.25,2728.75,951913,yfinance,False
2018-05-22,2726.0,2726.0,2741.75,2721.5,2731.25,891511,yfinance,False
2018-05-23,2730.75,2730.75,2733.0,2704.5,2724.5,1295885,yfinance,False
2018-05-24,2727.5,2727.5,2733.25,2705.75,2729.75,1277264,yfinance,False
2018-05-25,2718.25,2718.25,2737.75,2713.75,2726.75,993783,yfinance,False
2018-05-29,2692.25,2692.25,2724.25,2675.0,2721.25,1989677,yfinance,False
2018-05-30,2724.5,2724.5,2729.25,2685.75,2693.25,1424364,yfinance,False
2018-05-31,2705.5,2705.5,2728.25,2699.75,2720.25,1665452,yfinance,False
2018-06-01,2733.75,2733.75,2737.0,2706.0,2707.5,1241171,yfinance,False
2018-06-04,2745.5,2745.5,2749.25,2729.0,2731.0,857850,yfinance,False
2018-06-05,2751.5,2751.5,2753.25,2739.0,2746.0,1027609,yfinance,False
2018-06-06,2772.25,2772.25,2774.75,2748.0,2751.0,1326401,yfinance,False
2018-06-07,2772.25,2772.25,2779.75,2760.0,2773.25,1773923,yfinance,False
2018-06-08,2778.75,2778.75,2779.75,2752.0,2771.0,1367033,yfinance,False
2018-06-11,2783.0,2783.0,2790.5,2770.5,2771.0,1218834,yfinance,False
2018-06-12,2784.0,2784.0,2789.75,2778.5,2781.25,988748,yfinance,False
2018-06-13,2774.25,2774.25,2791.75,2773.75,2788.0,614173,yfinance,False
2018-06-14,2783.25,2783.25,2789.25,2767.5,2773.25,398105,yfinance,False
2018-06-15,2776.5,2776.5,2784.0,2766.25,2782.5,1512061,yfinance,False
2018-06-18,2779.75,2779.75,2786.75,2761.25,2780.0,993118,yfinance,False
2018-06-19,2766.25,2766.25,2780.25,2735.75,2778.25,1657081,yfinance,False
2018-06-20,2772.0,2772.0,2778.25,2757.25,2765.25,1082802,yfinance,False
2018-06-21,2752.5,2752.5,2785.25,2747.0,2771.75,1493235,yfinance,False
2018-06-22,2759.5,2759.5,2768.5,2749.25,2750.5,1108771,yfinance,False
2018-06-25,2722.25,2722.25,2758.0,2700.5,2757.0,2206994,yfinance,False
2018-06-26,2728.5,2728.5,2735.25,2714.75,2721.75,1399067,yfinance,False
2018-06-27,2705.0,2705.0,2748.0,2701.0,2726.5,2117686,yfinance,False
2018-06-28,2719.5,2719.5,2726.25,2693.25,2705.0,1678667,yfinance,False
2018-06-29,2721.5,2721.5,2745.5,2716.75,2720.0,1641889,yfinance,False
2018-07-02,2727.25,2727.25,2728.5,2698.5,2721.0,1213215,yfinance,False
2018-07-03,2713.25,2713.25,2741.5,2712.0,2727.25,860533,yfinance,False
2018-07-05,2738.5,2738.5,2739.75,2710.75,2713.0,1165235,yfinance,False
2018-07-06,2763.0,2763.0,2766.25,2731.25,2737.0,1287758,yfinance,False
2018-07-09,2787.5,2787.5,2788.0,2761.75,2762.0,970337,yfinance,False
2018-07-10,2796.75,2796.75,2797.75,2780.5,2787.5,925706,yfinance,False
2018-07-11,2774.0,2774.0,2787.75,2765.75,2780.75,1369176,yfinance,False
2018-07-12,2798.5,2798.5,2801.0,2773.75,2776.75,1120424,yfinance,False
2018-07-13,2803.25,2803.25,2807.25,2793.25,2798.5,952307,yfinance,False
2018-07-16,2796.5,2796.5,2809.0,2795.0,2804.75,801608,yfinance,False
2018-07-17,2811.25,2811.25,2815.75,2789.75,2795.75,1059163,yfinance,False
2018-07-18,2816.0,2816.0,2818.25,2806.75,2813.0,860523,yfinance,False
2018-07-19,2805.25,2805.25,2818.0,2800.25,2814.5,1082645,yfinance,False
2018-07-20,2800.75,2800.75,2810.5,2793.0,2805.5,1013663,yfinance,False
2018-07-23,2812.0,2812.0,2812.5,2792.5,2805.25,812481,yfinance,False
2018-07-24,2821.0,2821.0,2831.25,2810.25,2810.5,1347688,yfinance,False
2018-07-25,2841.25,2841.25,2849.5,2814.0,2819.25,1302896,yfinance,False
2018-07-26,2842.5,2842.5,2846.5,2833.25,2835.25,1039552,yfinance,False
2018-07-27,2817.5,2817.5,2847.0,2808.75,2840.25,1492056,yfinance,False
2018-07-30,2803.25,2803.25,2821.75,2798.25,2816.0,1169457,yfinance,False
2018-07-31,2817.0,2817.0,2827.75,2802.75,2805.5,1366896,yfinance,False
2018-08-01,2810.75,2810.75,2825.75,2805.5,2824.25,1098291,yfinance,False
2018-08-02,2828.5,2828.5,2831.25,2791.0,2814.0,1238138,yfinance,False
2018-08-03,2839.5,2839.5,2841.5,2824.75,2830.75,922242,yfinance,False
2018-08-06,2850.0,2850.0,2853.5,2835.0,2841.5,797324,yfinance,False
2018-08-07,2859.75,2859.75,2863.75,2848.25,2849.25,780222,yfinance,False
2018-08-08,2855.25,2855.25,2862.5,2852.5,2860.5,745412,yfinance,False
2018-08-09,2853.75,2853.75,2862.75,2850.5,2853.5,696695,yfinance,False
2018-08-10,2836.75,2836.75,2852.75,2826.0,2852.5,1416182,yfinance,False
2018-08-13,2825.5,2825.5,2843.75,2820.0,2835.75,1282874,yfinance,False
2018-08-14,2841.0,2841.0,2843.5,2825.75,2826.75,1022577,yfinance,False
2018-08-15,2821.25,2821.25,2843.0,2803.0,2841.75,1871800,yfinance,False
2018-08-16,2844.75,2844.75,2851.75,2817.5,2822.25,1271529,yfinance,False
2018-08-17,2852.25,2852.25,2857.0,2835.0,2843.5,1202980,yfinance,False
2018-08-20,2858.5,2858.5,2860.75,2850.25,2851.75,817383,yfinance,False
2018-08-21,2861.75,2861.75,2874.0,2852.0,2856.75,1055051,yfinance,False
2018-08-22,2861.25,2861.25,2868.25,2846.25,2853.0,996434,yfinance,False
2018-08-23,2858.0,2858.0,2869.75,2854.75,2861.75,1050042,yfinance,False
2018-08-24,2876.75,2876.75,2877.5,2856.25,2858.25,1058571,yfinance,False
2018-08-27,2898.5,2898.5,2899.5,2876.75,2877.75,961496,yfinance,False
2018-08-28,2899.25,2899.25,2906.25,2894.25,2899.0,902705,yfinance,False
2018-08-29,2914.75,2914.75,2917.5,2897.5,2900.5,1113797,yfinance,False
2018-08-30,2902.0,2902.0,2916.25,2895.5,2915.75,1331841,yfinance,False
2018-08-31,2902.0,2902.0,2907.5,2891.75,2898.0,1323038,yfinance,False
2018-09-04,2898.25,2898.25,2912.5,2885.5,2906.5,1605954,yfinance,False
2018-09-05,2888.25,2888.25,2900.5,2877.5,2898.75,1604742,yfinance,False
2018-09-06,2879.0,2879.0,2893.0,2868.0,2888.5,1633946,yfinance,False
2018-09-07,2874.75,2874.75,2885.0,2865.0,2877.75,1692240,yfinance,False
2018-09-10,2880.25,2880.25,2888.25,2873.25,2873.75,1248308,yfinance,False
2018-09-11,2889.75,2889.75,2893.0,2867.25,2879.75,1269254,yfinance,False
2018-09-12,2888.5,2888.5,2895.25,2879.5,2890.0,1581597,yfinance,False
2018-09-13,2905.25,2905.25,2907.0,2884.75,2887.0,1641192,yfinance,False
2018-09-14,2906.25,2906.25,2912.25,2896.75,2904.75,1203335,yfinance,False
2018-09-17,2891.0,2891.0,2906.25,2887.25,2903.5,1161598,yfinance,False
2018-09-18,2906.5,2906.5,2912.5,2878.5,2890.5,986831,yfinance,False
2018-09-19,2910.0,2910.0,2913.75,2900.75,2907.75,563497,yfinance,False
2018-09-20,2934.0,2934.0,2935.75,2908.25,2911.25,360700,yfinance,False
2018-09-21,2943.0,2943.0,2944.0,2932.25,2934.75,1489417,yfinance,False
2018-09-24,2925.5,2925.5,2930.25,2917.75,2929.5,1162107,yfinance,False
2018-09-25,2921.25,2921.25,2934.25,2918.25,2926.5,1032045,yfinance,False
2018-09-26,2911.5,2911.5,2936.0,2907.5,2922.5,1308995,yfinance,False
2018-09-27,2920.0,2920.0,2932.0,2907.5,2911.5,1210835,yfinance,False
2018-09-28,2919.0,2919.0,2925.5,2908.0,2922.25,1429127,yfinance,False
2018-10-01,2930.0,2930.0,2942.0,2922.5,2922.5,1239963,yfinance,False
2018-10-02,2928.5,2928.5,2936.0,2917.5,2929.25,1132507,yfinance,False
2018-10-03,2931.5,2931.5,2944.75,2924.75,2929.0,1244514,yfinance,False
2018-10-04,2907.75,2907.75,2926.25,2887.75,2926.0,2165850,yfinance,False
2018-10-05,2894.0,2894.0,2915.5,2873.25,2910.0,2291213,yfinance,False
2018-10-08,2893.75,2893.75,2898.25,2866.0,2897.5,1760642,yfinance,False
2018-10-09,2888.25,2888.25,2900.0,2874.5,2892.25,1770753,yfinance,False
2018-10-10,2781.0,2781.0,2891.25,2771.5,2886.75,3460738,yfinance,False
2018-10-11,2745.5,2745.5,2798.75,2712.25,2776.5,4013855,yfinance,False
2018-10-12,2768.5,2768.5,2785.0,2732.25,2748.5,2853415,yfinance,False
2018-10-15,2749.0,2749.0,2778.75,2745.25,2770.0,1763922,yfinance,False
2018-10-16,2817.75,2817.75,2819.0,2745.5,2747.5,1780311,yfinance,False
2018-10-17,2816.25,2816.25,2824.25,2783.25,2816.25,1948526,yfinance,False
2018-10-18,2772.25,2772.25,2814.75,2756.5,2813.25,2218738,yfinance,False
2018-10-19,2767.5,2767.5,2800.5,2762.25,2774.75,2023613,yfinance,False
2018-10-22,2756.5,2756.5,2782.0,2749.75,2758.0,1665740,yfinance,False
2018-10-23,2746.25,2746.25,2757.5,2692.25,2755.75,2849774,yfinance,False
2018-10-24,2664.25,2664.25,2750.0,2652.25,2745.25,2856919,yfinance,False
2018-10-25,2688.25,2688.25,2723.75,2658.75,2673.75,2535913,yfinance,False
2018-10-26,2669.5,2669.5,2692.75,2627.25,2678.0,3509803,yfinance,False
2018-10-29,2643.5,2643.5,2707.0,2603.0,2667.0,2786555,yfinance,False
2018-10-30,2685.25,2685.25,2690.25,2633.25,2639.0,2503396,yfinance,False
2018-10-31,2711.0,2711.0,2737.25,2682.0,2690.75,2469662,yfinance,False
2018-11-01,2738.0,2738.0,2741.25,2705.5,2706.0,1820142,yfinance,False
2018-11-02,2724.25,2724.25,2766.25,2699.5,2724.0,2372699,yfinance,False
2018-11-05,2739.5,2739.5,2743.75,2712.75,2722.5,1311938,yfinance,False
2018-11-06,2759.0,2759.0,2761.0,2729.75,2739.0,1269341,yfinance,False
2018-11-07,2816.5,2816.5,2817.75,2744.75,2756.75,1894012,yfinance,False
2018-11-08,2808.75,2808.75,2818.0,2795.0,2815.75,1317225,yfinance,False
2018-11-09,2779.0,2779.0,2811.25,2764.5,2804.0,1724880,yfinance,False
2018-11-12,2727.75,2727.75,2795.25,2722.25,2778.75,1921301,yfinance,False
2018-11-13,2727.5,2727.5,2755.75,2714.5,2732.0,2101869,yfinance,False
2018-11-14,2698.5,2698.5,2748.25,2686.25,2731.25,2295505,yfinance,False
2018-11-15,2734.5,2734.5,2736.75,2671.25,2702.0,2383852,yfinance,False
2018-11-16,2743.0,2743.0,2748.75,2708.75,2731.75,1875116,yfinance,False
2018-11-19,2696.25,2696.25,2748.0,2681.5,2733.0,1988117,yfinance,False
2018-11-20,2640.0,2640.0,2696.75,2631.75,2696.25,2533128,yfinance,False
2018-11-21,2649.0,2649.0,2671.25,2632.25,2639.75,1454916,yfinance,False
2018-11-23,2629.5,2629.5,2647.5,2626.0,2635.5,872856,yfinance,False
2018-11-26,2670.0,2670.0,2676.25,2631.5,2633.5,1374735,yfinance,False
2018-11-27,2683.5,2683.5,2686.75,2655.25,2661.0,1503048,yfinance,False
2018-11-28,2741.5,2741.5,2745.0,2681.0,2686.25,1866115,yfinance,False
2018-11-29,2744.25,2744.25,2754.5,2723.25,2738.0,1489330,yfinance,False
2018-11-30,2758.25,2758.25,2764.75,2729.0,2742.0,1475346,yfinance,False
2018-12-03,2790.75,2790.75,2814.0,2773.5,2793.5,1909240,yfinance,False
2018-12-04,2701.75,2701.75,2790.5,2696.0,2789.75,2709938,yfinance,False
2018-12-06,2691.0,2691.0,2714.0,2621.25,2713.25,3308356,yfinance,False
2018-12-07,2636.0,2636.0,2709.75,2623.25,2694.25,2596155,yfinance,False
2018-12-10,2643.0,2643.0,2648.5,2583.0,2625.0,2564357,yfinance,False
2018-12-11,2641.25,2641.25,2678.0,2621.25,2644.0,2265284,yfinance,False
2018-12-12,2652.5,2652.5,2686.5,2631.75,2632.5,1900862,yfinance,False
2018-12-13,2645.5,2645.5,2671.0,2637.25,2653.0,2043406,yfinance,False
2018-12-14,2602.0,2602.0,2648.75,2594.0,2646.5,1664325,yfinance,False
2018-12-17,2552.5,2552.5,2613.75,2530.5,2594.0,1602680,yfinance,False
2018-12-18,2535.75,2535.75,2574.75,2528.0,2553.75,1215895,yfinance,False
2018-12-19,2503.25,2503.25,2593.25,2488.0,2530.5,823819,yfinance,False
2018-12-20,2485.75,2485.75,2517.5,2441.0,2503.5,630214,yfinance,False
2018-12-21,2467.75,2467.75,2491.25,2466.75,2487.0,3016623,yfinance,False
2018-12-24,2341.75,2341.75,2434.5,2340.5,2407.75,1292750,yfinance,False
2018-12-26,2471.0,2471.0,2477.75,2316.75,2348.5,2015176,yfinance,False
2018-12-27,2495.0,2495.0,2498.75,2397.0,2470.25,2283892,yfinance,False
2018-12-28,2486.0,2486.0,2523.0,2472.75,2491.5,2011392,yfinance,False
2018-12-31,2505.25,2505.25,2513.0,2482.75,2495.5,1414594,yfinance,False
2019-01-02,2511.0,2511.0,2521.25,2452.25,2508.0,1969697,yfinance,False
2019-01-03,2447.75,2447.75,2493.5,2443.25,2482.25,2257341,yfinance,False
2019-01-04,2531.25,2531.25,2539.25,2438.5,2451.75,2350836,yfinance,False
2019-01-07,2550.5,2550.5,2567.5,2523.25,2537.25,1632131,yfinance,False
2019-01-08,2572.5,2572.5,2581.25,2547.5,2553.25,1664892,yfinance,False
2019-01-09,2582.5,2582.5,2596.75,2568.5,2569.5,1596941,yfinance,False
2019-01-10,2594.0,2594.0,2599.5,2560.5,2580.0,1534119,yfinance,False
2019-01-11,2595.0,2595.0,2597.75,2577.0,2594.0,1213026,yfinance,False
2019-01-14,2580.5,2580.5,2592.0,2567.25,2588.5,1199404,yfinance,False
2019-01-15,2605.5,2605.5,2613.75,2580.0,2581.5,1532494,yfinance,False
2019-01-16,2613.25,2613.25,2626.25,2602.5,2605.75,1330329,yfinance,False
2019-01-17,2635.25,2635.25,2645.5,2596.5,2614.5,1508869,yfinance,False
2019-01-18,2671.5,2671.5,2677.75,2632.75,2636.75,1753852,yfinance,False
2019-01-22,2632.0,2632.0,2673.5,2616.5,2669.25,1880446,yfinance,False
2019-01-23,2638.25,2638.25,2653.75,2612.5,2630.75,1576181,yfinance,False
2019-01-24,2634.0,2634.0,2647.5,2626.0,2635.0,1266714,yfinance,False
2019-01-25,2663.5,2663.5,2672.5,2634.5,2636.25,1388741,yfinance,False
2019-01-28,2642.0,2642.0,2663.5,2622.25,2660.0,1408636,yfinance,False
2019-01-29,2640.25,2640.25,2650.0,2628.5,2640.25,1261703,yfinance,False
2019-01-30,2682.5,2682.5,2689.75,2636.25,2648.5,1564987,yfinance,False
2019-01-31,2704.5,2704.5,2713.0,2675.75,2683.5,1935195,yfinance,False
2019-02-01,2704.25,2704.25,2716.0,2695.5,2707.75,1469597,yfinance,False
2019-02-04,2721.25,2721.25,2725.0,2697.0,2699.25,1024581,yfinance,False
2019-02-05,2731.0,2731.0,2737.75,2716.25,2719.5,1225737,yfinance,False
2019-02-06,2729.5,2729.5,2736.5,2722.25,2730.75,1196377,yfinance,False
2019-02-07,2704.0,2704.0,2729.25,2685.5,2727.0,1921663,yfinance,False
2019-02-08,2706.25,2706.25,2709.0,2680.75,2702.0,1579544,yfinance,False
2019-02-11,2708.25,2708.25,2721.5,2700.5,2710.75,1110070,yfinance,False
2019-02-12,2744.75,2744.75,2748.0,2705.5,2707.0,1307152,yfinance,False
2019-02-13,2749.5,2749.5,2762.0,2742.75,2743.5,1209879,yfinance,False
2019-02-14,2743.5,2743.5,2763.0,2730.25,2749.25,1679091,yfinance,False
2019-02-15,2777.0,2777.0,2778.5,2729.0,2741.25,1518783,yfinance,False
2019-02-19,2778.75,2778.75,2787.5,2766.0,2777.0,1198092,yfinance,False
2019-02-20,2787.0,2787.0,2790.75,2773.25,2777.75,1284923,yfinance,False
2019-02-21,2774.25,2774.25,2798.0,2764.25,2787.0,1426061,yfinance,False
2019-02-22,2791.25,2791.25,2795.5,2770.5,2773.5,1190834,yfinance,False
2019-02-25,2797.0,2797.0,2814.0,2794.5,2799.5,1256092,yfinance,False
2019-02-26,2791.5,2791.5,2803.5,2783.25,2795.75,1201641,yfinance,False
2019-02-27,2795.0,2795.0,2797.25,2775.0,2788.0,1138855,yfinance,False
2019-02-28,2784.75,2784.75,2795.75,2781.75,2795.25,1360457,yfinance,False
2019-03-01,2805.0,2805.0,2808.25,2783.0,2785.25,1265597,yfinance,False
2019-03-04,2791.5,2791.5,2819.75,2767.5,2814.0,1791972,yfinance,False
2019-03-05,2791.5,2791.5,2799.0,2783.25,2790.5,1203448,yfinance,False
2019-03-06,2771.5,2771.5,2792.75,2768.5,2786.5,1509846,yfinance,False
2019-03-07,2750.0,2750.0,2776.25,2738.5,2770.5,1919820,yfinance,False
2019-03-08,2747.0,2747.0,2751.5,2722.0,2749.0,1380324,yfinance,False
2019-03-11,2784.0,2784.0,2787.5,2736.75,2745.5,1300372,yfinance,False
2019-03-12,2792.0,2792.0,2798.25,2780.5,2784.75,958317,yfinance,False
2019-03-13,2814.5,2814.5,2821.25,2783.0,2792.25,583009,yfinance,False
2019-03-14,2807.25,2807.25,2820.0,2803.75,2816.0,330522,yfinance,False
2019-03-15,2811.889892578125,2811.889892578125,2821.5,2807.5,2808.0,1382358,yfinance,False
2019-03-18,2840.5,2840.5,2842.0,2824.0,2827.0,1036540,yfinance,False
2019-03-19,2836.5,2836.5,2858.75,2829.0,2841.5,1497577,yfinance,False
2019-03-20,2827.0,2827.0,2849.25,2817.25,2837.25,1693207,yfinance,False
2019-03-21,2862.5,2862.5,2866.0,2813.75,2823.75,1657949,yfinance,False
2019-03-22,2810.75,2810.75,2864.75,2805.25,2859.5,2254842,yfinance,False
2019-03-25,2807.0,2807.0,2818.5,2789.5,2813.0,1801326,yfinance,False
2019-03-26,2823.0,2823.0,2835.0,2806.0,2808.5,1461068,yfinance,False
2019-03-27,2810.5,2810.5,2831.75,2791.75,2823.5,1726746,yfinance,False
2019-03-28,2821.0,2821.0,2824.25,2795.0,2807.0,1185882,yfinance,False
2019-03-29,2837.75,2837.75,2840.75,2820.25,2820.5,1491974,yfinance,False
2019-04-01,2870.5,2870.5,2873.5,2844.5,2844.5,1256933,yfinance,False
2019-04-02,2867.0,2867.0,2873.75,2862.25,2868.5,859942,yfinance,False
2019-04-03,2879.75,2879.75,2889.25,2865.25,2866.0,1240848,yfinance,False
2019-04-04,2882.75,2882.75,2885.75,2871.0,2880.75,1045539,yfinance,False
2019-04-05,2896.0,2896.0,2898.0,2880.5,2882.5,1221029,yfinance,False
2019-04-08,2898.25,2898.25,2899.75,2884.25,2896.25,978909,yfinance,False
2019-04-09,2882.5,2882.5,2900.0,2877.25,2898.5,1182395,yfinance,False
2019-04-10,2894.5,2894.5,2896.0,2878.0,2882.0,972310,yfinance,False
2019-04-11,2891.75,2891.75,2900.0,2885.25,2894.75,968649,yfinance,False
2019-04-12,2912.5,2912.5,2914.75,2890.75,2892.0,1227893,yfinance,False
2019-04-15,2909.5,2909.5,2914.5,2900.5,2912.0,955662,yfinance,False
2019-04-16,2911.5,2911.5,2921.25,2904.5,2910.25,1124491,yfinance,False
2019-04-17,2900.5,2900.5,2923.5,2898.5,2910.25,1382265,yfinance,False
2019-04-18,2910.0,2910.0,2911.75,2889.5,2901.0,1335778,yfinance,False
2019-04-22,2912.5,2912.5,2915.75,2899.0,2908.75,706067,yfinance,False
2019-04-23,2938.0,2938.0,2939.75,2908.0,2911.75,1193738,yfinance,False
2019-04-24,2930.75,2930.75,2939.75,2927.75,2937.25,1125250,yfinance,False
2019-04-25,2926.25,2926.25,2935.75,2914.25,2930.0,1376185,yfinance,False
2019-04-26,2941.5,2941.5,2942.75,2917.25,2923.75,1246988,yfinance,False
2019-04-29,2943.0,2943.0,2951.5,2937.75,2939.25,944846,yfinance,False
2019-04-30,2948.5,2948.5,2956.5,2926.0,2942.5,1491268,yfinance,False
2019-05-01,2923.0,2923.0,2961.25,2916.0,2955.0,1502201,yfinance,False
2019-05-02,2917.5,2917.5,2932.75,2901.0,2916.5,1813837,yfinance,False
2019-05-03,2947.5,2947.5,2949.5,2916.5,2918.5,1295606,yfinance,False
2019-05-06,2932.5,2932.5,2938.25,2883.5,2917.75,2037157,yfinance,False
2019-05-07,2890.75,2890.75,2930.5,2862.5,2911.75,2813033,yfinance,False
2019-05-08,2887.25,2887.25,2899.5,2868.75,2889.75,2043325,yfinance,False
2019-05-09,2872.75,2872.75,2885.5,2836.25,2884.0,2705412,yfinance,False
2019-05-10,2887.0,2887.0,2893.0,2826.0,2869.75,2848095,yfinance,False
2019-05-13,2807.0,2807.0,2869.25,2802.0,2858.5,2790074,yfinance,False
2019-05-14,2839.25,2839.25,2853.75,2799.75,2806.0,1797995,yfinance,False
2019-05-15,2855.0,2855.0,2860.0,2815.0,2840.75,1753507,yfinance,False
2019-05-16,2878.5,2878.5,2894.0,2840.5,2853.5,1687728,yfinance,False
2019-05-17,2862.0,2862.0,2887.5,2852.5,2879.75,1926351,yfinance,False
2019-05-20,2844.0,2844.0,2876.5,2832.5,2861.5,1659139,yfinance,False
2019-05-21,2866.0,2866.0,2870.75,2846.25,2848.0,1303238,yfinance,False
2019-05-22,2857.5,2857.5,2869.5,2848.25,2864.75,1258767,yfinance,False
2019-05-23,2819.5,2819.5,2858.5,2805.75,2857.75,2013518,yfinance,False
2019-05-24,2831.75,2831.75,2842.0,2819.25,2821.75,1201967,yfinance,False
2019-05-28,2805.0,2805.0,2841.25,2800.5,2831.0,1633540,yfinance,False
2019-05-29,2780.0,2780.0,2806.0,2766.25,2804.25,2087458,yfinance,False
2019-05-30,2790.5,2790.5,2799.0,2776.5,2779.5,1282029,yfinance,False
2019-05-31,2752.5,2752.5,2791.0,2750.0,2788.75,2211587,yfinance,False
2019-06-03,2749.5,2749.5,2763.75,2728.75,2741.0,2297243,yfinance,False
2019-06-04,2805.0,2805.0,2806.25,2744.0,2754.0,1836910,yfinance,False
2019-06-05,2827.75,2827.75,2829.5,2801.0,2806.5,1743779,yfinance,False
2019-06-06,2845.75,2845.75,2853.0,2812.75,2820.5,1566762,yfinance,False
2019-06-07,2875.0,2875.0,2886.25,2838.0,2840.0,1687328,yfinance,False
2019-06-10,2889.25,2889.25,2905.75,2880.5,2893.25,1416247,yfinance,False
2019-06-11,2887.0,2887.0,2911.5,2879.25,2890.25,1397028,yfinance,False
2019-06-12,2881.0,2881.0,2891.0,2875.25,2887.25,1205406,yfinance,False
2019-06-13,2894.5,2894.5,2896.5,2867.25,2882.0,1437516,yfinance,False
2019-06-14,2890.5,2890.5,2898.75,2880.5,2893.75,1257750,yfinance,False
2019-06-17,2892.0,2892.0,2900.75,2887.75,2890.75,1157402,yfinance,False
2019-06-18,2921.75,2921.75,2931.75,2884.5,2893.5,1073047,yfinance,False
2019-06-19,2929.0,2929.0,2932.5,2909.0,2920.5,638949,yfinance,False
2019-06-20,2955.75,2955.75,2960.0,2926.0,2926.75,473310,yfinance,False
2019-06-21,2953.89990234375,2953.89990234375,2956.0,2944.0,2953.75,1547604,yfinance,False
2019-06-24,2952.0,2952.0,2961.75,2947.25,2948.0,910166,yfinance,False
2019-06-25,2922.0,2922.0,2958.25,2920.0,2951.0,1417191,yfinance,False
2019-06-26,2918.0,2918.0,2939.0,2914.5,2922.5,1232682,yfinance,False
2019-06-27,2931.0,2931.0,2935.75,2914.75,2914.75,1060248,yfinance,False
2019-06-28,2944.25,2944.25,2955.25,2930.0,2932.75,1322759,yfinance,False
2019-07-01,2967.75,2967.75,2981.75,2955.5,2970.0,1457722,yfinance,False
2019-07-02,2979.5,2979.5,2980.0,2958.5,2968.0,1119495,yfinance,False
2019-07-03,3000.25,3000.25,3001.5,2973.75,2979.0,805258,yfinance,False
2019-07-05,2990.5,2990.5,3006.0,2971.25,3000.75,1339312,yfinance,False
2019-07-08,2978.5,2978.5,2994.75,2973.25,2990.75,1016611,yfinance,False
2019-07-09,2982.0,2982.0,2986.25,2963.5,2977.75,956650,yfinance,False
2019-07-10,2997.5,2997.5,3007.5,2971.25,2982.25,1422362,yfinance,False
2019-07-11,3004.0,3004.0,3006.75,2992.5,2996.0,1181911,yfinance,False
2019-07-12,3015.5,3015.5,3018.0,3002.25,3003.0,969956,yfinance,False
2019-07-15,3017.25,3017.25,3023.5,3010.75,3015.25,829936,yfinance,False
2019-07-16,3007.0,3007.0,3021.75,3004.5,3017.25,939814,yfinance,False
2019-07-17,2985.0,2985.0,3013.0,2980.5,3005.75,1039457,yfinance,False
2019-07-18,2997.5,2997.5,3005.25,2974.5,2980.75,1345038,yfinance,False
2019-07-19,2977.0,2977.0,3009.75,2969.5,3003.75,1482373,yfinance,False
2019-07-22,2989.0,2989.0,2993.5,2972.5,2974.5,1098399,yfinance,False
2019-07-23,3008.0,3008.0,3008.5,2987.5,2988.75,1056909,yfinance,False
2019-07-24,3021.5,3021.5,3022.0,2996.0,3003.0,1068766,yfinance,False
2019-07-25,3006.5,3006.5,3027.75,2998.0,3018.0,1333721,yfinance,False
2019-07-26,3024.5,3024.5,3029.5,3006.0,3006.5,961015,yfinance,False
2019-07-29,3021.75,3021.75,3027.25,3015.5,3022.0,823572,yfinance,False
2019-07-30,3012.25,3012.25,3027.5,3001.5,3022.25,1182050,yfinance,False
2019-07-31,2982.25,2982.25,3020.75,2958.0,3016.25,1951108,yfinance,False
2019-08-01,2952.0,2952.0,3014.25,2944.5,2970.25,2736926,yfinance,False
2019-08-02,2932.5,2932.5,2961.0,2913.5,2950.25,2447014,yfinance,False
2019-08-05,2830.0,2830.0,2933.5,2820.5,2929.25,3072122,yfinance,False
2019-08-06,2876.0,2876.0,2883.75,2775.75,2816.25,2601037,yfinance,False
2019-08-07,2880.5,2880.5,2891.5,2823.25,2873.75,2680813,yfinance,False
2019-08-08,2940.0,2940.0,2940.75,2870.5,2879.0,1800667,yfinance,False
2019-08-09,2919.75,2919.75,2935.75,2899.0,2928.0,2026304,yfinance,False
2019-08-12,2880.25,2880.25,2931.0,2872.5,2918.75,1710875,yfinance,False
2019-08-13,2932.0,2932.0,2944.25,2866.75,2882.25,2184012,yfinance,False
2019-08-14,2840.75,2840.75,2936.5,2835.75,2931.0,2786308,yfinance,False
2019-08-15,2848.5,2848.5,2871.75,2817.75,2836.0,2495340,yfinance,False
2019-08-16,2891.5,2891.5,2894.75,2849.5,2851.0,1631175,yfinance,False
2019-08-19,2923.75,2923.75,2932.25,2892.5,2893.0,1285798,yfinance,False
2019-08-20,2898.25,2898.25,2932.25,2894.25,2921.25,1475214,yfinance,False
2019-08-21,2929.25,2929.25,2932.5,2893.0,2893.25,1180368,yfinance,False
2019-08-22,2922.25,2922.25,2939.75,2904.25,2931.25,1470309,yfinance,False
2019-08-23,2855.5,2855.5,2936.75,2834.0,2920.25,2864662,yfinance,False
2019-08-26,2883.25,2883.25,2888.5,2810.25,2831.0,1850231,yfinance,False
2019-08-27,2865.5,2865.5,2899.5,2860.0,2882.75,1528362,yfinance,False
2019-08-28,2889.75,2889.75,2890.5,2851.75,2866.25,1489617,yfinance,False
2019-08-29,2926.75,2926.75,2930.75,2875.25,2883.25,1489670,yfinance,False
2019-08-30,2924.75,2924.75,2946.5,2913.25,2923.25,1642516,yfinance,False
2019-09-03,2906.0,2906.0,2926.5,2889.0,2901.0,1999829,yfinance,False
2019-09-04,2938.5,2938.5,2939.5,2902.0,2903.0,1252834,yfinance,False
2019-09-05,2972.0,2972.0,2986.5,2936.5,2938.0,1669999,yfinance,False
2019-09-06,2980.75,2980.75,2988.25,2970.25,2970.75,1182287,yfinance,False
2019-09-09,2978.25,2978.25,2991.5,2969.5,2980.25,1199935,yfinance,False
2019-09-10,2978.5,2978.5,2985.0,2957.25,2979.25,1493346,yfinance,False
2019-09-11,3002.0,3002.0,3004.25,2972.0,2979.0,1423833,yfinance,False
2019-09-12,3011.75,3011.75,3021.75,3001.0,3003.0,1745651,yfinance,False
2019-09-13,3006.5,3006.5,3023.75,3003.5,3010.0,1275710,yfinance,False
2019-09-16,2999.0,2999.0,3003.25,2981.25,2993.5,1197095,yfinance,False
2019-09-17,3005.5,3005.5,3006.5,2991.5,3001.75,1096388,yfinance,False
2019-09-18,3006.25,3006.25,3011.0,2978.5,3006.0,637344,yfinance,False
2019-09-19,3006.0,3006.0,3022.25,2988.75,3008.0,372849,yfinance,False
2019-09-20,3013.610107421875,3013.610107421875,3015.5,3001.75,3005.5,1476593,yfinance,False
2019-09-23,2997.0,2997.0,3008.25,2982.0,2995.75,1044218,yfinance,False
2019-09-24,2970.25,2970.25,3012.25,2958.5,3001.0,1936806,yfinance,False
2019-09-25,2986.25,2986.25,2991.75,2953.75,2971.0,1501723,yfinance,False
2019-09-26,2980.5,2980.5,2995.0,2964.25,2985.75,1351351,yfinance,False
2019-09-27,2963.75,2963.75,2993.0,2946.25,2979.75,1673557,yfinance,False
2019-09-30,2978.5,2978.5,2986.25,2964.5,2976.0,1155807,yfinance,False
2019-10-01,2937.75,2937.75,2994.5,2937.0,2984.0,1601531,yfinance,False
2019-10-02,2880.5,2880.5,2949.0,2874.0,2942.25,2126769,yfinance,False
2019-10-03,2911.75,2911.75,2912.5,2855.0,2883.75,2037970,yfinance,False
2019-10-04,2951.0,2951.0,2953.25,2896.75,2911.5,1497975,yfinance,False
2019-10-07,2937.5,2937.5,2959.5,2928.0,2929.75,1266872,yfinance,False
2019-10-08,2892.5,2892.5,2950.0,2890.5,2934.5,1865325,yfinance,False
2019-10-09,2919.0,2919.0,2934.25,2888.25,2893.5,1305749,yfinance,False
2019-10-10,2941.0,2941.0,2954.0,2881.75,2920.5,1577766,yfinance,False
2019-10-11,2970.75,2970.75,2994.0,2941.75,2949.0,1743810,yfinance,False
2019-10-14,2965.5,2965.5,2982.5,2953.75,2968.0,833670,yfinance,False
2019-10-15,2997.75,2997.75,3003.25,2966.5,2966.75,1181207,yfinance,False
2019-10-16,2991.5,2991.5,2997.75,2984.75,2996.5,1148118,yfinance,False
2019-10-17,2998.0,2998.0,3008.0,2985.25,2992.25,1121748,yfinance,False
2019-10-18,2988.25,2988.25,3001.25,2975.0,2997.75,1335276,yfinance,False
2019-10-21,3006.5,3006.5,3007.5,2983.75,2984.75,886557,yfinance,False
2019-10-22,2994.5,2994.5,3014.25,2988.25,3006.5,1125601,yfinance,False
2019-10-23,3005.75,3005.75,3006.0,2982.0,2992.0,1055958,yfinance,False
2019-10-24,3004.25,3004.25,3015.25,2998.75,3006.0,1061278,yfinance,False
2019-10-25,3020.25,3020.25,3026.5,3000.0,3003.75,1098391,yfinance,False
2019-10-28,3036.25,3036.25,3042.75,3022.75,3023.0,1041931,yfinance,False
2019-10-29,3035.75,3035.75,3046.25,3029.5,3038.25,1040149,yfinance,False
2019-10-30,3047.75,3047.75,3055.0,3023.25,3036.5,1179153,yfinance,False
2019-10-31,3035.75,3035.75,3052.0,3020.25,3051.75,1766536,yfinance,False
2019-11-01,3063.25,3063.25,3065.0,3033.0,3036.0,1279508,yfinance,False
2019-11-04,3075.75,3075.75,3083.75,3064.75,3064.75,1179714,yfinance,False
2019-11-05,3072.0,3072.0,3085.75,3069.75,3076.75,1124217,yfinance,False
2019-11-06,3075.5,3075.5,3078.0,3063.0,3071.5,1076833,yfinance,False
2019-11-07,3086.0,3086.0,3097.0,3070.25,3077.25,1353330,yfinance,False
2019-11-08,3090.5,3090.5,3092.5,3072.5,3086.25,1080147,yfinance,False
2019-11-11,3087.5,3087.5,3092.25,3074.5,3090.5,844597,yfinance,False
2019-11-12,3092.0,3092.0,3102.0,3081.25,3087.75,1101243,yfinance,False
2019-11-13,3095.5,3095.5,3097.0,3075.75,3091.25,1251057,yfinance,False
2019-11-14,3097.0,3097.0,3099.75,3081.75,3096.25,1105353,yfinance,False
2019-11-15,3118.25,3118.25,3119.5,3095.75,3097.0,1251167,yfinance,False
2019-11-18,3121.75,3121.75,3127.75,3111.0,3119.0,1034214,yfinance,False
2019-11-19,3118.5,3118.5,3132.5,3112.75,3121.5,1195901,yfinance,False
2019-11-20,3109.0,3109.0,3118.5,3090.75,3116.5,1693828,yfinance,False
2019-11-21,3104.0,3104.0,3114.5,3091.25,3097.25,1434552,yfinance,False
2019-11-22,3111.5,3111.5,3114.5,3097.75,3104.0,995416,yfinance,False
2019-11-25,3132.75,3132.75,3133.5,3116.5,3119.0,947831,yfinance,False
2019-11-26,3143.75,3143.75,3145.0,3128.0,3131.25,1068011,yfinance,False
2019-11-27,3153.75,3153.75,3155.0,3141.75,3143.75,928792,yfinance,False
2019-11-29,3143.75,3143.75,3155.0,3139.5,3154.75,902189,yfinance,False
2019-12-02,3114.25,3114.25,3158.0,3110.25,3146.25,1927030,yfinance,False
2019-12-03,3091.0,3091.0,3121.75,3069.5,3114.25,2146620,yfinance,False
2019-12-04,3111.0,3111.0,3119.5,3081.75,3091.75,1485940,yfinance,False
2019-12-05,3117.75,3117.75,3124.75,3103.25,3111.0,1318780,yfinance,False
2019-12-06,3146.0,3146.0,3151.0,3117.0,3117.75,1300299,yfinance,False
2019-12-09,3134.5,3134.5,3149.5,3131.25,3146.5,1145426,yfinance,False
2019-12-10,3136.0,3136.0,3143.0,3116.25,3133.5,1425723,yfinance,False
2019-12-11,3143.0,3143.0,3144.5,3129.5,3135.5,1225764,yfinance,False
2019-12-12,3168.0,3168.0,3177.5,3137.25,3144.0,2379008,yfinance,False
2019-12-13,3172.0,3172.0,3185.0,3156.75,3175.75,1834941,yfinance,False
2019-12-16,3194.25,3194.25,3198.75,3173.75,3176.5,1413219,yfinance,False
2019-12-17,3192.0,3192.0,3199.25,3187.75,3192.5,1032120,yfinance,False
2019-12-18,3194.75,3194.75,3199.0,3188.5,3189.5,582632,yfinance,False
2019-12-19,3207.0,3207.0,3209.0,3190.25,3195.0,433420,yfinance,False
2019-12-20,3231.02001953125,3231.02001953125,3231.02001953125,3204.25,3208.5,1320006,yfinance,False
2019-12-23,3227.25,3227.25,3234.25,3224.25,3227.0,665895,yfinance,False
2019-12-24,3225.75,3225.75,3231.25,3222.5,3228.25,297971,yfinance,False
2019-12-26,3244.5,3244.5,3244.75,3227.0,3227.5,464639,yfinance,False
2019-12-27,3237.5,3237.5,3254.0,3235.5,3242.0,984389,yfinance,False
2019-12-30,3223.5,3223.5,3244.25,3217.25,3238.25,1124598,yfinance,False
2019-12-31,3231.0,3231.0,3236.25,3213.0,3223.25,1157924,yfinance,False
2020-01-02,3259.0,3259.0,3261.75,3234.25,3237.0,1416241,yfinance,False
2020-01-03,3235.5,3235.5,3263.5,3206.75,3261.0,1755057,yfinance,False
2020-01-06,3243.5,3243.5,3249.5,3208.75,3220.25,1502748,yfinance,False
2020-01-07,3235.25,3235.25,3254.5,3226.0,3243.5,1293494,yfinance,False
2020-01-08,3260.25,3260.25,3267.75,3181.0,3231.75,2279138,yfinance,False
2020-01-09,3276.0,3276.0,3276.75,3257.75,3261.25,1297679,yfinance,False
2020-01-10,3264.75,3264.75,3287.0,3260.75,3275.5,1533121,yfinance,False
2020-01-13,3289.75,3289.75,3291.0,3265.5,3265.75,1008998,yfinance,False
2020-01-14,3288.0,3288.0,3296.75,3275.25,3289.25,1694799,yfinance,False
2020-01-15,3293.75,3293.75,3299.0,3277.75,3287.75,1468347,yfinance,False
2020-01-16,3316.5,3316.5,3318.0,3294.0,3294.25,1335246,yfinance,False
2020-01-17,3325.0,3325.0,3330.25,3316.0,3316.75,1312253,yfinance,False
2020-01-21,3319.5,3319.5,3329.75,3307.25,3325.0,1573187,yfinance,False
2020-01-22,3319.75,3319.75,3337.5,3315.25,3321.25,1505107,yfinance,False
2020-01-23,3326.0,3326.0,3327.0,3301.25,3317.25,1717046,yfinance,False
2020-01-24,3293.5,3293.5,3337.0,3280.5,3326.5,2515168,yfinance,False
2020-01-27,3239.5,3239.5,3269.75,3233.0,3269.75,2581636,yfinance,False
2020-01-28,3278.25,3278.25,3285.0,3238.75,3239.5,1910878,yfinance,False
2020-01-29,3272.5,3272.5,3292.75,3265.25,3281.75,1665382,yfinance,False
2020-01-30,3289.75,3289.75,3295.25,3239.75,3271.5,2421276,yfinance,False
2020-01-31,3224.0,3224.0,3297.5,3212.75,3292.0,3152069,yfinance,False
2020-02-03,3245.5,3245.5,3267.25,3222.0,3222.75,1919477,yfinance,False
2020-02-04,3299.5,3299.5,3305.25,3236.0,3244.25,1698403,yfinance,False
2020-02-05,3335.0,3335.0,3338.0,3288.25,3300.25,2046111,yfinance,False
2020-02-06,3345.25,3345.25,3357.75,3332.5,3337.0,1462323,yfinance,False
2020-02-07,3325.5,3325.5,3350.0,3320.75,3349.0,1698940,yfinance,False
2020-02-10,3353.0,3353.0,3353.5,3303.5,3322.25,1399815,yfinance,False
2020-02-11,3357.5,3357.5,3374.5,3349.25,3351.0,1486164,yfinance,False
2020-02-12,3380.5,3380.5,3381.5,3355.5,3360.5,1229231,yfinance,False
2020-02-13,3377.5,3377.5,3384.75,3348.5,3381.25,1772784,yfinance,False
2020-02-14,3381.0,3381.0,3388.5,3365.25,3379.5,1334897,yfinance,False
2020-02-18,3369.25,3369.25,3392.5,3355.25,3382.25,1735931,yfinance,False
2020-02-19,3387.25,3387.25,3393.75,3370.75,3372.0,1163426,yfinance,False
2020-02-20,3369.25,3369.25,3397.5,3339.25,3391.75,2073749,yfinance,False
2020-02-21,3339.25,3339.25,3369.25,3328.0,3367.0,2293728,yfinance,False
2020-02-24,3226.25,3226.25,3312.0,3213.75,3309.0,3636687,yfinance,False
2020-02-25,3132.5,3132.5,3259.5,3117.25,3223.0,4375530,yfinance,False
2020-02-26,3110.25,3110.25,3182.0,3091.0,3138.0,3889097,yfinance,False
2020-02-27,2957.0,2957.0,3117.0,2944.5,3100.25,4734434,yfinance,False
2020-02-28,2951.0,2951.0,2996.0,2853.25,2950.0,5715227,yfinance,False
2020-03-02,3065.0,3065.0,3093.25,2889.25,2900.0,3689149,yfinance,False
2020-03-03,2997.0,2997.0,3137.0,2973.0,3077.0,3754363,yfinance,False
2020-03-04,3114.75,3114.75,3129.5,2976.5,2988.25,2590464,yfinance,False
2020-03-05,3015.5,3015.5,3113.75,2996.5,3109.25,2807262,yfinance,False
2020-03-06,2964.0,2964.0,3037.0,2898.0,3024.25,3163400,yfinance,False
2020-03-09,2747.75,2747.75,2916.0,2715.0,2916.0,2672753,yfinance,False
2020-03-10,2865.75,2865.75,2884.75,2695.25,2733.0,3423140,yfinance,False
2020-03-11,2740.25,2740.25,2869.5,2702.75,2859.5,2992894,yfinance,False
2020-03-12,2469.0,2469.0,2774.0,2442.5,2738.0,4366577,yfinance,False
2020-03-13,2696.0,2696.0,2707.75,2393.5,2429.5,3423449,yfinance,False
2020-03-16,2416.25,2416.25,2675.0,2360.25,2673.75,2378284,yfinance,False
2020-03-17,2495.5,2495.5,2554.5,2365.0,2417.25,1683796,yfinance,False
2020-03-18,2414.0,2414.0,2498.0,2274.75,2478.5,976536,yfinance,False
2020-03-19,2403.25,2403.25,2474.0,2288.0,2414.25,631228,yfinance,False
2020-03-20,2437.97998046875,2437.97998046875,2512.75,2346.25,2364.25,3075997,yfinance,False
2020-03-23,2220.5,2220.5,2386.0,2174.0,2220.25,3076791,yfinance,False
2020-03-24,2438.0,2438.0,2447.75,2230.5,2233.25,2639522,yfinance,False
2020-03-25,2467.0,2467.0,2560.75,2386.0,2442.75,3037767,yfinance,False
2020-03-26,2608.0,2608.0,2625.75,2402.25,2471.0,2413913,yfinance,False
2020-03-27,2524.0,2524.0,2634.5,2505.25,2627.75,2320755,yfinance,False
2020-03-30,2611.25,2611.25,2621.75,2445.0,2459.0,1837692,yfinance,False
2020-03-31,2569.75,2569.75,2635.75,2555.75,2613.25,2248012,yfinance,False
2020-04-01,2448.0,2448.0,2562.25,2434.25,2562.0,2091378,yfinance,False
2020-04-02,2516.5,2516.5,2525.0,2424.75,2459.0,2145458,yfinance,False
2020-04-03,2482.75,2482.75,2529.5,2449.0,2513.75,1763886,yfinance,False
2020-04-06,2644.5,2644.5,2668.5,2484.75,2485.0,2034419,yfinance,False
2020-04-07,2642.0,2642.0,2750.0,2623.5,2645.5,2486524,yfinance,False
2020-04-08,2735.0,2735.0,2752.5,2620.75,2640.5,1920688,yfinance,False
2020-04-09,2779.75,2779.75,2809.5,2701.0,2737.75,2342733,yfinance,False
2020-04-13,2759.25,2759.25,2819.5,2711.0,2811.0,1571402,yfinance,False
2020-04-14,2843.0,2843.0,2846.0,2752.5,2760.0,1716496,yfinance,False
2020-04-15,2775.0,2775.0,2845.5,2751.25,2843.75,1831570,yfinance,False
2020-04-16,2787.5,2787.5,2831.5,2746.0,2767.75,1749108,yfinance,False
2020-04-17,2870.0,2870.0,2885.0,2821.0,2863.0,1924019,yfinance,False
2020-04-20,2806.5,2806.5,2875.5,2804.25,2861.5,1566934,yfinance,False
2020-04-21,2732.0,2732.0,2833.25,2717.25,2807.0,1969844,yfinance,False
2020-04-22,2788.5,2788.5,2808.0,2717.25,2737.25,1369529,yfinance,False
2020-04-23,2780.75,2780.75,2836.75,2772.75,2790.5,1703918,yfinance,False
2020-04-24,2829.5,2829.5,2835.0,2755.25,2777.0,1293756,yfinance,False
2020-04-27,2869.0,2869.0,2881.25,2812.75,2829.0,1224445,yfinance,False
2020-04-28,2867.25,2867.25,2913.5,2851.0,2867.75,1614021,yfinance,False
2020-04-29,2941.0,2941.0,2959.75,2860.75,2870.5,1737371,yfinance,False
2020-04-30,2902.5,2902.5,2965.0,2878.0,2956.5,2027924,yfinance,False
2020-05-01,2821.75,2821.75,2879.75,2811.75,2871.5,1647259,yfinance,False
2020-05-04,2825.25,2825.25,2835.75,2771.0,2789.0,1510680,yfinance,False
2020-05-05,2858.25,2858.25,2889.75,2824.5,2827.0,1474765,yfinance,False
2020-05-06,2833.5,2833.5,2886.25,2832.0,2857.75,1466641,yfinance,False
2020-05-07,2880.0,2880.0,2895.0,2823.0,2832.0,1494330,yfinance,False
2020-05-08,2928.5,2928.5,2933.0,2879.75,2882.0,1326254,yfinance,False
2020-05-11,2922.75,2922.75,2947.0,2889.75,2920.75,1528302,yfinance,False
2020-05-12,2852.5,2852.5,2939.25,2838.0,2919.25,1824303,yfinance,False
2020-05-13,2813.0,2813.0,2876.75,2786.0,2839.75,2591379,yfinance,False
2020-05-14,2847.0,2847.0,2853.75,2760.25,2820.25,2501222,yfinance,False
2020-05-15,2846.5,2846.5,2863.5,2809.5,2846.25,1897194,yfinance,False
2020-05-18,2948.0,2948.0,2964.75,2850.0,2859.75,1775433,yfinance,False
2020-05-19,2918.75,2918.75,2976.25,2914.25,2945.0,1567224,yfinance,False
2020-05-20,2968.5,2968.5,2975.75,2908.5,2913.5,1532404,yfinance,False
2020-05-21,2937.0,2937.0,2973.5,2933.0,2972.25,1608225,yfinance,False
2020-05-22,2953.0,2953.0,2957.5,2903.75,2936.75,1377263,yfinance,False
2020-05-26,2994.5,2994.5,3019.75,2947.5,2948.5,1797241,yfinance,False
2020-05-27,3035.5,3035.5,3039.5,2965.5,2994.0,2109332,yfinance,False
2020-05-28,3038.0,3038.0,3065.5,3019.5,3035.0,1881295,yfinance,False
2020-05-29,3042.0,3042.0,3058.25,2992.0,3036.0,2258009,yfinance,False
2020-06-01,3054.0,3054.0,3059.0,3008.0,3029.75,1277803,yfinance,False
2020-06-02,3077.0,3077.0,3079.0,3035.0,3052.75,1458830,yfinance,False
2020-06-03,3117.75,3117.75,3129.5,3074.25,3078.0,1623708,yfinance,False
2020-06-04,3110.5,3110.5,3126.75,3087.5,3117.75,1830904,yfinance,False
2020-06-05,3186.75,3186.75,3210.5,3106.5,3113.25,2444330,yfinance,False
2020-06-08,3227.5,3227.5,3231.25,3183.25,3192.5,1602601,yfinance,False
2020-06-09,3205.5,3205.5,3231.0,3190.0,3227.75,1695764,yfinance,False
2020-06-10,3186.0,3186.0,3227.25,3179.75,3204.75,1996065,yfinance,False
2020-06-11,3010.25,3010.25,3188.5,2996.25,3183.75,3528726,yfinance,False
2020-06-12,3034.75,3034.75,3087.75,2982.0,3011.75,2872339,yfinance,False
2020-06-15,3073.0,3073.0,3079.25,2935.0,2992.75,1947459,yfinance,False
2020-06-16,3128.75,3128.75,3167.75,3071.25,3076.25,1377224,yfinance,False
2020-06-17,3118.0,3118.0,3157.75,3105.0,3122.0,610877,yfinance,False
2020-06-18,3109.0,3109.0,3130.5,3075.25,3115.0,373718,yfinance,False
2020-06-19,3161.260009765625,3161.260009765625,3196.0,3106.75,3108.25,1952273,yfinance,False
2020-06-22,3110.75,3110.75,3114.25,3027.25,3040.25,1392325,yfinance,False
2020-06-23,3118.5,3118.5,3145.75,3060.0,3111.75,1528485,yfinance,False
2020-06-24,3049.0,3049.0,3128.5,3019.75,3113.25,2387916,yfinance,False
2020-06-25,3070.75,3070.75,3079.5,3005.0,3046.75,1967245,yfinance,False
2020-06-26,3007.0,3007.0,3082.0,2992.5,3071.25,2208418,yfinance,False
2020-06-29,3047.75,3047.75,3051.25,2983.5,2986.25,1585146,yfinance,False
2020-06-30,3090.25,3090.25,3101.25,3030.25,3046.0,1724164,yfinance,False
2020-07-01,3103.0,3103.0,3117.75,3062.75,3085.25,1537321,yfinance,False
2020-07-02,3129.0,3129.0,3156.5,3095.5,3101.75,1552517,yfinance,False
2020-07-06,3172.0,3172.0,3174.5,3105.75,3125.25,1459512,yfinance,False
2020-07-07,3136.5,3136.5,3184.0,3132.5,3170.0,1333466,yfinance,False
2020-07-08,3163.5,3163.5,3166.25,3125.5,3135.25,1527612,yfinance,False
2020-07-09,3141.0,3141.0,3170.75,3105.25,3166.25,1881833,yfinance,False
2020-07-10,3178.5,3178.5,3181.25,3111.5,3142.25,1408591,yfinance,False
2020-07-13,3148.25,3148.25,3226.25,3140.5,3183.5,2074726,yfinance,False
2020-07-14,3183.5,3183.5,3192.25,3119.0,3149.75,2256766,yfinance,False
2020-07-15,3219.5,3219.5,3233.25,3192.0,3204.0,1937696,yfinance,False
2020-07-16,3194.5,3194.5,3228.5,3188.5,3223.25,1471311,yfinance,False
2020-07-17,3214.0,3214.0,3225.25,3194.75,3198.5,1261113,yfinance,False
2020-07-20,3245.25,3245.25,3250.5,3190.25,3214.5,1401168,yfinance,False
2020-07-21,3251.25,3251.25,3273.25,3239.25,3243.75,1463931,yfinance,False
2020-07-22,3265.5,3265.5,3271.75,3227.25,3249.25,1354244,yfinance,False
2020-07-23,3227.5,3227.5,3284.5,3214.25,3267.75,1704453,yfinance,False
2020-07-24,3204.0,3204.0,3239.0,3191.5,3230.0,1761346,yfinance,False
2020-07-27,3232.25,3232.25,3235.0,3192.0,3210.75,1299512,yfinance,False
2020-07-28,3213.0,3213.0,3246.75,3208.0,3235.0,1375293,yfinance,False
2020-07-29,3252.5,3252.5,3257.0,3204.25,3215.0,1218031,yfinance,False
2020-07-30,3248.75,3248.75,3269.0,3195.0,3256.75,2000721,yfinance,False
2020-07-31,3263.5,3263.5,3273.75,3212.5,3269.25,2282794,yfinance,False
2020-08-03,3288.5,3288.5,3295.5,3254.75,3272.0,1250449,yfinance,False
2020-08-04,3300.0,3300.0,3300.5,3271.0,3290.75,1145269,yfinance,False
2020-08-05,3316.0,3316.0,3323.25,3292.0,3300.75,1116787,yfinance,False
2020-08-06,3344.25,3344.25,3345.5,3300.5,3317.0,1346665,yfinance,False
2020-08-07,3344.75,3344.75,3347.75,3322.25,3343.75,1615367,yfinance,False
2020-08-10,3352.75,3352.75,3357.25,3329.0,3347.0,1201751,yfinance,False
2020-08-11,3330.0,3330.0,3379.0,3319.5,3350.25,1733040,yfinance,False
2020-08-12,3370.0,3370.0,3382.5,3326.25,3339.5,1408718,yfinance,False
2020-08-13,3367.75,3367.75,3382.0,3357.5,3367.75,1205758,yfinance,False
2020-08-14,3361.5,3361.5,3380.5,3350.0,3369.25,1084771,yfinance,False
2020-08-17,3379.75,3379.75,3382.75,3364.75,3366.0,759304,yfinance,False
2020-08-18,3387.0,3387.0,3390.75,3365.25,3379.25,1019552,yfinance,False
2020-08-19,3372.75,3372.75,3395.75,3365.5,3388.75,1368420,yfinance,False
2020-08-20,3380.75,3380.75,3387.0,3344.75,3370.25,1203334,yfinance,False
2020-08-21,3392.5,3392.5,3396.25,3356.75,3383.5,1221450,yfinance,False
2020-08-24,3427.5,3427.5,3429.5,3393.5,3398.75,1282950,yfinance,False
2020-08-25,3443.0,3443.0,3448.75,3421.75,3427.0,1133837,yfinance,False
2020-08-26,3480.25,3480.25,3483.5,3436.75,3444.75,1277539,yfinance,False
2020-08-27,3485.25,3485.25,3498.25,3464.75,3479.5,1633581,yfinance,False
2020-08-28,3504.5,3504.5,3509.5,3480.75,3488.0,1248430,yfinance,False
2020-08-31,3499.0,3499.0,3524.5,3490.0,3508.5,1439600,yfinance,False
2020-09-01,3527.0,3527.0,3530.0,3484.25,3493.25,1283622,yfinance,False
2020-09-02,3579.25,3579.25,3587.0,3526.25,3529.0,1853078,yfinance,False
2020-09-03,3461.5,3461.5,3586.5,3424.5,3578.75,2872337,yfinance,False
2020-09-04,3417.5,3417.5,3484.25,3347.75,3454.75,2994363,yfinance,False
2020-09-08,3335.5,3335.5,3447.0,3327.5,3420.5,2732946,yfinance,False
2020-09-09,3400.25,3400.25,3424.0,3295.5,3315.25,2011132,yfinance,False
2020-09-10,3340.5,3340.5,3424.25,3327.25,3396.0,2332667,yfinance,False
2020-09-11,3333.75,3333.75,3375.0,3308.75,3345.25,1876451,yfinance,False
2020-09-14,3382.5,3382.5,3402.75,3345.5,3350.0,1378626,yfinance,False
2020-09-15,3405.25,3405.25,3419.0,3376.0,3379.5,874366,yfinance,False
2020-09-16,3389.5,3389.5,3429.75,3384.0,3405.0,571749,yfinance,False
2020-09-17,3361.5,3361.5,3396.5,3320.5,3392.75,384917,yfinance,False
2020-09-18,3353.60009765625,3353.60009765625,3374.25,3341.75,3355.75,2365554,yfinance,False
2020-09-21,3275.0,3275.0,3326.25,3217.75,3314.5,2507980,yfinance,False
2020-09-22,3299.25,3299.25,3309.5,3256.5,3271.5,1576319,yfinance,False
2020-09-23,3231.25,3231.25,3319.75,3221.0,3303.75,1979661,yfinance,False
2020-09-24,3238.0,3238.0,3268.25,3198.0,3228.0,2277010,yfinance,False
2020-09-25,3287.25,3287.25,3296.25,3206.5,3243.5,1697090,yfinance,False
2020-09-28,3346.0,3346.0,3351.25,3287.5,3291.0,1495804,yfinance,False
2020-09-29,3333.75,3333.75,3363.0,3316.5,3348.75,1326597,yfinance,False
2020-09-30,3352.0,3352.0,3384.0,3291.25,3330.0,2170601,yfinance,False
2020-10-01,3367.75,3367.75,3388.0,3343.25,3344.75,1517912,yfinance,False
2020-10-02,3339.25,3339.25,3375.5,3300.25,3367.0,2028921,yfinance,False
2020-10-05,3393.0,3393.0,3400.0,3346.5,3360.0,1077474,yfinance,False
2020-10-06,3353.25,3353.25,3421.75,3330.5,3392.0,1701062,yfinance,False
2020-10-07,3406.75,3406.75,3416.75,3332.25,3338.0,1400616,yfinance,False
2020-10-08,3437.5,3437.5,3447.25,3405.5,3406.25,1104986,yfinance,False
2020-10-09,3473.25,3473.25,3480.0,3445.25,3447.25,1185272,yfinance,False
2020-10-12,3532.75,3532.75,3541.0,3464.25,3467.5,1401063,yfinance,False
2020-10-13,3504.75,3504.75,3535.75,3491.5,3534.0,1617226,yfinance,False
2020-10-14,3481.0,3481.0,3524.0,3472.0,3502.0,1539718,yfinance,False
2020-10-15,3475.5,3475.5,3486.5,3431.5,3479.25,1650150,yfinance,False
2020-10-16,3462.25,3462.25,3508.5,3461.25,3478.5,1398947,yfinance,False
2020-10-19,3422.75,3422.75,3496.5,3410.75,3471.0,1645853,yfinance,False
2020-10-20,3432.25,3432.25,3469.75,3418.75,3436.0,1702183,yfinance,False
2020-10-21,3432.5,3432.5,3458.0,3420.5,3437.0,1681275,yfinance,False
2020-10-22,3449.25,3449.25,3453.0,3402.5,3430.25,1501259,yfinance,False
2020-10-23,3451.75,3451.75,3462.5,3431.5,3455.75,1216313,yfinance,False
2020-10-26,3393.5,3393.5,3446.25,3356.0,3445.75,1957780,yfinance,False
2020-10-27,3383.0,3383.0,3410.0,3368.25,3394.25,1566246,yfinance,False
2020-10-28,3263.5,3263.5,3370.25,3260.75,3369.0,2627180,yfinance,False
2020-10-29,3302.25,3302.25,3333.75,3250.25,3279.0,1965277,yfinance,False
2020-10-30,3264.75,3264.75,3296.25,3225.0,3268.0,2494925,yfinance,False
2020-11-02,3300.5,3300.5,3323.5,3243.25,3260.0,1849320,yfinance,False
2020-11-03,3361.5,3361.5,3382.75,3301.25,3304.0,1664690,yfinance,False
2020-11-04,3435.0,3435.0,3480.0,3319.0,3362.75,2813083,yfinance,False
2020-11-05,3504.75,3504.75,3522.5,3428.25,3448.0,1671417,yfinance,False
2020-11-06,3500.75,3500.75,3519.0,3456.75,3508.75,1640000,yfinance,False
2020-11-09,3544.0,3544.0,3668.0,3515.75,3522.5,2605322,yfinance,False
2020-11-10,3541.0,3541.0,3562.75,3506.5,3549.5,2160319,yfinance,False
2020-11-11,3568.0,3568.0,3576.75,3531.0,3546.25,1324983,yfinance,False
2020-11-12,3532.5,3532.5,3574.5,3513.0,3574.5,1685890,yfinance,False
2020-11-13,3582.0,3582.0,3590.0,3518.0,3537.5,1334530,yfinance,False
2020-11-16,3623.0,3623.0,3637.0,3586.5,3587.0,1303941,yfinance,False
2020-11-17,3606.75,3606.75,3630.0,3584.25,3625.5,1268206,yfinance,False
2020-11-18,3565.0,3565.0,3623.25,3556.5,3604.5,1325309,yfinance,False
2020-11-19,3580.0,3580.0,3582.75,3542.25,3562.0,1291117,yfinance,False
2020-11-20,3554.25,3554.25,3582.5,3542.75,3560.0,1189621,yfinance,False
2020-11-23,3576.0,3576.0,3588.0,3545.5,3546.5,1204848,yfinance,False
2020-11-24,3632.75,3632.75,3640.0,3575.25,3576.0,1288993,yfinance,False
2020-11-25,3627.25,3627.25,3655.0,3615.25,3635.5,1016343,yfinance,False
2020-11-27,3636.5,3636.5,3642.75,3612.75,3630.25,639268,yfinance,False
2020-11-30,3623.25,3623.25,3652.0,3592.25,3643.75,1712274,yfinance,False
2020-12-01,3660.5,3660.5,3677.5,3626.0,3631.0,1365328,yfinance,False
2020-12-02,3667.25,3667.25,3672.75,3642.25,3661.25,1106696,yfinance,False
2020-12-03,3664.5,3664.5,3682.0,3655.25,3671.0,1124033,yfinance,False
2020-12-04,3698.0,3698.0,3700.0,3665.5,3668.25,991860,yfinance,False
2020-12-07,3690.75,3690.75,3705.0,3672.25,3694.75,1078372,yfinance,False
2020-12-08,3702.0,3702.0,3708.0,3664.25,3682.75,1119000,yfinance,False
2020-12-09,3672.5,3672.5,3714.75,3659.5,3707.75,1792176,yfinance,False
2020-12-10,3668.5,3668.5,3681.25,3644.0,3669.5,1601203,yfinance,False
2020-12-11,3661.25,3661.25,3674.75,3628.25,3670.0,1538362,yfinance,False
2020-12-14,3646.5,3646.5,3698.0,3642.75,3677.75,1486250,yfinance,False
2020-12-15,3694.5,3694.5,3695.75,3642.75,3653.0,1029503,yfinance,False
2020-12-16,3700.75,3700.75,3711.5,3687.0,3697.75,584711,yfinance,False
2020-12-17,3721.25,3721.25,3724.75,3699.5,3704.5,292916,yfinance,False
2020-12-18,3726.25,3726.25,3733.25,3707.75,3721.5,1731161,yfinance,False
2020-12-21,3685.75,3685.75,3724.0,3596.0,3718.25,1837575,yfinance,False
2020-12-22,3677.25,3677.25,3695.0,3663.75,3685.0,1104998,yfinance,False
2020-12-23,3681.5,3681.5,3701.75,3651.0,3674.25,1021819,yfinance,False
2020-12-24,3695.0,3695.0,3696.0,3678.5,3685.25,369650,yfinance,False
2020-12-28,3727.5,3727.5,3732.25,3676.0,3682.0,760654,yfinance,False
2020-12-29,3720.0,3720.0,3747.75,3714.5,3731.0,992636,yfinance,False
2020-12-30,3724.25,3724.25,3738.25,3716.5,3724.5,769995,yfinance,False
2020-12-31,3748.75,3748.75,3753.0,3715.0,3725.0,993343,yfinance,False
2021-01-04,3692.25,3692.25,3773.25,3652.5,3748.75,2037616,yfinance,False
2021-01-05,3718.25,3718.25,3730.0,3673.25,3695.0,1414022,yfinance,False
2021-01-06,3740.5,3740.5,3774.75,3685.5,3717.5,2127155,yfinance,False
2021-01-07,3795.5,3795.5,3804.0,3742.0,3752.5,1302021,yfinance,False
2021-01-08,3817.5,3817.5,3824.5,3775.0,3797.75,1619438,yfinance,False
2021-01-11,3792.0,3792.0,3820.75,3776.5,3815.5,1292422,yfinance,False
2021-01-12,3794.5,3794.5,3806.75,3768.0,3794.25,1216214,yfinance,False
2021-01-13,3803.75,3803.75,3813.5,3776.5,3792.0,1049186,yfinance,False
2021-01-14,3791.25,3791.25,3817.75,3786.25,3808.5,1170812,yfinance,False
2021-01-15,3762.25,3762.25,3797.75,3741.5,3793.0,1781463,yfinance,False
2021-01-19,3790.5,3790.5,3797.0,3740.5,3750.0,1315580,yfinance,False
2021-01-20,3845.0,3845.0,3852.5,3788.5,3796.75,1248787,yfinance,False
2021-01-21,3846.0,3846.0,3859.75,3836.5,3841.5,1068271,yfinance,False
2021-01-22,3834.25,3834.25,3849.0,3813.25,3846.75,1186856,yfinance,False
2021-01-25,3848.5,3848.5,3853.25,3788.5,3835.5,1763898,yfinance,False
2021-01-26,3842.5,3842.5,3862.25,3821.5,3845.0,1172461,yfinance,False
2021-01-27,3744.25,3744.25,3853.0,3706.5,3845.25,2572020,yfinance,False
2021-01-28,3779.25,3779.25,3823.5,3703.5,3735.25,2149910,yfinance,False
2021-01-29,3705.25,3705.25,3777.25,3685.5,3770.25,2691820,yfinance,False
2021-02-01,3765.75,3765.75,3777.0,3656.5,3692.25,1687396,yfinance,False
2021-02-02,3818.25,3818.25,3835.75,3760.0,3764.75,1419765,yfinance,False
2021-02-03,3823.5,3823.5,3843.5,3807.75,3829.5,1285692,yfinance,False
2021-02-04,3864.5,3864.5,3869.75,3811.25,3832.75,1136404,yfinance,False
2021-02-05,3880.25,3880.25,3888.25,3860.0,3864.25,1138874,yfinance,False
2021-02-08,3908.0,3908.0,3911.25,3885.5,3889.0,972437,yfinance,False
2021-02-09,3905.5,3905.5,3913.25,3895.0,3910.5,881922,yfinance,False
2021-02-10,3903.0,3903.0,3928.5,3878.25,3912.25,1560824,yfinance,False
2021-02-11,3912.0,3912.0,3920.5,3884.5,3907.0,1296054,yfinance,False
2021-02-12,3931.0,3931.0,3936.25,3890.25,3905.25,1050298,yfinance,False
2021-02-16,3927.75,3927.75,3959.25,3918.75,3936.5,1450425,yfinance,False
2021-02-17,3928.0,3928.0,3932.25,3896.5,3929.0,1382825,yfinance,False
2021-02-18,3909.5,3909.5,3936.0,3880.5,3928.25,1536949,yfinance,False
2021-02-19,3903.0,3903.0,3931.0,3890.25,3910.5,1427294,yfinance,False
2021-02-22,3873.5,3873.5,3914.5,3861.25,3905.5,1514278,yfinance,False
2021-02-23,3878.0,3878.0,3896.0,3804.75,3878.0,2282940,yfinance,False
2021-02-24,3922.5,3922.5,3927.75,3851.75,3876.25,1944661,yfinance,False
2021-02-25,3828.0,3828.0,3934.5,3810.25,3923.5,2863387,yfinance,False
2021-02-26,3809.25,3809.25,3858.5,3785.0,3823.25,3010481,yfinance,False
2021-03-01,3898.75,3898.75,3912.0,3812.5,3817.25,1692835,yfinance,False
2021-03-02,3867.5,3867.5,3906.5,3865.5,3903.25,1641396,yfinance,False
2021-03-03,3816.75,3816.75,3898.0,3813.0,3867.5,2203398,yfinance,False
2021-03-04,3765.5,3765.5,3842.25,3720.5,3818.0,3192468,yfinance,False
2021-03-05,3839.0,3839.0,3850.0,3728.5,3765.5,2948117,yfinance,False
2021-03-08,3819.25,3819.25,3878.75,3796.25,3854.75,2198363,yfinance,False
2021-03-09,3873.25,3873.25,3901.25,3826.25,3831.25,1704837,yfinance,False
2021-03-10,3896.5,3896.5,3916.25,3856.25,3878.5,1845205,yfinance,False
2021-03-11,3936.75,3936.75,3958.5,3893.0,3907.75,1599748,yfinance,False
2021-03-12,3942.25,3942.25,3947.5,3910.25,3937.5,1448886,yfinance,False
2021-03-15,3967.5,3967.5,3969.75,3922.25,3945.75,1295099,yfinance,False
2021-03-16,3962.5,3962.5,3980.5,3952.75,3967.0,887247,yfinance,False
2021-03-17,3974.0,3974.0,3983.75,3935.25,3967.5,520411,yfinance,False
2021-03-18,3916.5,3916.5,3988.75,3911.0,3972.0,335435,yfinance,False
2021-03-19,3912.6201171875,3912.6201171875,3934.25,3908.0,3923.75,2047619,yfinance,False
2021-03-22,3930.0,3930.0,3944.5,3885.0,3893.5,1325987,yfinance,False
2021-03-23,3899.75,3899.75,3938.75,3890.5,3933.25,1877976,yfinance,False
2021-03-24,3880.75,3880.75,3931.5,3877.5,3905.75,2063480,yfinance,False
2021-03-25,3900.5,3900.5,3909.5,3843.25,3882.75,2279488,yfinance,False
2021-03-26,3964.75,3964.75,3968.0,3900.75,3907.5,1984060,yfinance,False
2021-03-29,3959.0,3959.0,3971.25,3928.75,3962.25,2003052,yfinance,False
2021-03-30,3947.75,3947.75,3968.5,3933.75,3965.25,1590486,yfinance,False
2021-03-31,3967.5,3967.5,3983.75,3941.5,3949.5,1642169,yfinance,False
2021-04-01,4010.0,4010.0,4015.25,3964.5,3967.5,1245846,yfinance,False
2021-04-05,4067.75,4067.75,4073.75,4021.0,4030.0,1250666,yfinance,False
2021-04-06,4064.0,4064.0,4076.0,4052.25,4069.75,1252163,yfinance,False
2021-04-07,4070.0,4070.0,4075.5,4056.5,4067.0,1101579,yfinance,False
2021-04-08,4089.0,4089.0,4098.5,4072.5,4074.25,988346,yfinance,False
2021-04-09,4119.5,4119.5,4121.5,4081.0,4098.0,1090560,yfinance,False
2021-04-12,4120.25,4120.25,4124.5,4104.5,4114.25,1089291,yfinance,False
2021-04-13,4132.75,4132.75,4139.75,4101.25,4122.75,1081282,yfinance,False
2021-04-14,4118.0,4118.0,4144.0,4113.0,4134.75,1529562,yfinance,False
2021-04-15,4162.5,4162.5,4166.5,4119.5,4123.5,1277980,yfinance,False
2021-04-16,4176.25,4176.25,4183.5,4154.25,4162.75,1304078,yfinance,False
2021-04-19,4155.5,4155.5,4174.75,4141.75,4165.0,1618649,yfinance,False
2021-04-20,4126.5,4126.5,4167.25,4110.5,4156.25,1700883,yfinance,False
2021-04-21,4164.75,4164.75,4167.25,4113.0,4121.25,1505474,yfinance,False
2021-04-22,4127.75,4127.75,4171.75,4115.25,4157.5,1944942,yfinance,False
2021-04-23,4171.5,4171.5,4186.75,4127.5,4129.0,1509514,yfinance,False
2021-04-26,4179.5,4179.5,4186.0,4163.75,4170.75,1019731,yfinance,False
2021-04-27,4179.0,4179.0,4192.5,4166.75,4181.5,992029,yfinance,False
2021-04-28,4176.25,4176.25,4193.75,4172.75,4180.25,1282972,yfinance,False
2021-04-29,4203.5,4203.5,4211.0,4168.0,4184.75,1746965,yfinance,False
2021-04-30,4174.5,4174.5,4201.5,4167.25,4200.75,1898434,yfinance,False
2021-05-03,4185.75,4185.75,4202.5,4181.0,4181.5,1256240,yfinance,False
2021-05-04,4158.25,4158.25,4185.5,4120.5,4184.25,2003587,yfinance,False
2021-05-05,4160.0,4160.0,4180.0,4153.0,4158.25,1418246,yfinance,False
2021-05-06,4194.25,4194.25,4197.25,4140.5,4158.75,1751616,yfinance,False
2021-05-07,4225.25,4225.25,4232.25,4191.75,4197.5,1652592,yfinance,False
2021-05-10,4183.5,4183.5,4238.25,4172.0,4226.75,1662210,yfinance,False
2021-05-11,4146.25,4146.25,4185.5,4103.75,4176.75,2520859,yfinance,False
2021-05-12,4058.75,4058.75,4150.5,4051.0,4140.0,2629953,yfinance,False
2021-05-13,4107.0,4107.0,4126.75,4029.25,4053.5,2381081,yfinance,False
2021-05-14,4169.0,4169.0,4178.25,4105.25,4112.5,1513171,yfinance,False
2021-05-17,4157.75,4157.75,4178.75,4136.5,4169.0,1480730,yfinance,False
2021-05-18,4123.0,4123.0,4179.5,4111.5,4159.0,1285520,yfinance,False
2021-05-19,4111.5,4111.5,4123.0,4055.5,4114.0,2313119,yfinance,False
2021-05-20,4154.25,4154.25,4169.25,4084.5,4107.75,1486599,yfinance,False
2021-05-21,4151.75,4151.75,4185.0,4147.0,4152.5,1466725,yfinance,False
2021-05-24,4193.75,4193.75,4206.25,4142.5,4151.5,1046500,yfinance,False
2021-05-25,4185.5,4185.5,4212.75,4179.25,4199.25,1221701,yfinance,False
2021-05-26,4193.0,4193.0,4204.25,4180.5,4188.0,1051147,yfinance,False
2021-05-27,4199.0,4199.0,4211.5,4177.75,4193.0,1179928,yfinance,False
2021-05-28,4202.5,4202.5,4217.5,4201.0,4211.25,1110833,yfinance,False
2021-06-01,4198.5,4198.5,4230.0,4190.0,4206.5,1366344,yfinance,False
2021-06-02,4206.25,4206.25,4215.0,4190.75,4198.5,1059938,yfinance,False
2021-06-03,4191.25,4191.25,4213.25,4165.25,4208.0,1384271,yfinance,False
2021-06-04,4228.25,4228.25,4232.0,4177.0,4190.75,1051573,yfinance,False
2021-06-07,4225.5,4225.5,4232.5,4214.0,4232.25,934681,yfinance,False
2021-06-08,4225.75,4225.75,4236.75,4205.75,4227.5,1305814,yfinance,False
2021-06-09,4218.5,4218.5,4235.0,4217.0,4225.5,1057216,yfinance,False
2021-06-10,4238.0,4238.0,4249.0,4207.0,4222.25,1563728,yfinance,False
2021-06-11,4245.75,4245.75,4247.75,4230.75,4239.5,1084830,yfinance,False
2021-06-14,4254.75,4254.75,4257.5,4233.5,4248.0,1116773,yfinance,False
2021-06-15,4246.5,4246.5,4267.5,4238.0,4255.25,981189,yfinance,False
2021-06-16,4223.0,4223.0,4251.25,4200.75,4248.0,511740,yfinance,False
2021-06-17,4222.25,4222.25,4232.5,4193.0,4214.25,326193,yfinance,False
2021-06-18,4187.25,4187.25,4231.0,4183.75,4225.75,1951342,yfinance,False
2021-06-21,4213.75,4213.75,4219.75,4126.75,4142.5,1425623,yfinance,False
2021-06-22,4236.25,4236.25,4245.5,4205.75,4219.25,1063749,yfinance,False
2021-06-23,4231.5,4231.5,4248.25,4230.5,4237.5,938299,yfinance,False
2021-06-24,4256.0,4256.0,4263.75,4231.75,4233.75,878788,yfinance,False
2021-06-25,4271.25,4271.25,4276.75,4253.5,4262.0,906160,yfinance,False
2021-06-28,4280.5,4280.5,4282.0,4264.25,4275.0,823723,yfinance,False
2021-06-29,4282.0,4282.0,4291.0,4271.75,4280.5,741471,yfinance,False
2021-06-30,4288.5,4288.5,4294.25,4269.25,4284.75,1100062,yfinance,False
2021-07-01,4310.75,4310.75,4312.0,4286.0,4294.25,985190,yfinance,False
2021-07-02,4342.75,4342.75,4347.0,4308.0,4309.75,999780,yfinance,False
2021-07-06,4334.0,4334.0,4348.0,4305.25,4341.0,1368133,yfinance,False
2021-07-07,4349.75,4349.75,4353.25,4320.25,4328.0,1221078,yfinance,False
2021-07-08,4313.0,4313.0,4352.25,4279.25,4352.25,1991636,yfinance,False
2021-07-09,4360.0,4360.0,4364.0,4293.25,4310.25,1311506,yfinance,False
2021-07-12,4376.5,4376.5,4379.25,4341.75,4362.0,1055739,yfinance,False
2021-07-13,4361.25,4361.25,4383.75,4356.5,4377.0,1249893,yfinance,False
2021-07-14,4367.75,4367.75,4384.5,4350.0,4359.5,1308582,yfinance,False
2021-07-15,4352.0,4352.0,4370.25,4332.5,4366.5,1611726,yfinance,False
2021-07-16,4318.5,4318.5,4368.0,4314.25,4347.75,1636065,yfinance,False
2021-07-19,4251.25,4251.25,4320.75,4224.0,4320.0,2599774,yfinance,False
2021-07-20,4315.5,4315.5,4329.0,4252.75,4262.75,1844380,yfinance,False
2021-07-21,4350.5,4350.5,4355.25,4310.0,4318.75,1191429,yfinance,False
2021-07-22,4359.5,4359.5,4371.5,4341.5,4355.0,981969,yfinance,False
2021-07-23,4403.0,4403.0,4408.25,4367.25,4371.5,1173337,yfinance,False
2021-07-26,4414.25,4414.25,4416.75,4375.5,4400.5,938628,yfinance,False
2021-07-27,4394.5,4394.5,4416.0,4364.75,4415.75,1575473,yfinance,False
2021-07-28,4393.75,4393.75,4407.75,4377.5,4380.0,1221313,yfinance,False
2021-07-29,4411.75,4411.75,4422.5,4380.5,4393.75,1009496,yfinance,False
2021-07-30,4389.5,4389.5,4405.0,4370.75,4394.25,1376982,yfinance,False
2021-08-02,4379.75,4379.75,4419.75,4377.25,4396.5,1193301,yfinance,False
2021-08-03,4415.0,4415.0,4417.0,4365.25,4383.75,1296856,yfinance,False
2021-08-04,4394.75,4394.75,4415.0,4391.25,4409.75,1047251,yfinance,False
2021-08-05,4421.5,4421.5,4422.75,4393.75,4396.25,763343,yfinance,False
2021-08-06,4429.5,4429.5,4433.25,4416.0,4420.25,951045,yfinance,False
2021-08-09,4425.75,4425.75,4432.0,4412.25,4428.0,789726,yfinance,False
2021-08-10,4430.0,4430.0,4438.25,4416.5,4427.25,950320,yfinance,False
2021-08-11,4440.5,4440.5,4443.25,4420.75,4429.25,1001054,yfinance,False
2021-08-12,4454.5,4454.5,4456.25,4430.25,4440.0,850527,yfinance,False
2021-08-13,4462.5,4462.5,4463.25,4451.0,4455.75,789104,yfinance,False
2021-08-16,4474.0,4474.0,4476.5,4432.5,4456.25,1239520,yfinance,False
2021-08-17,4443.5,4443.5,4472.25,4411.75,4472.0,1789568,yfinance,False
2021-08-18,4394.5,4394.5,4449.75,4381.5,4436.75,1546011,yfinance,False
2021-08-19,4401.5,4401.5,4414.75,4347.75,4389.75,1924058,yfinance,False
2021-08-20,4437.0,4437.0,4440.5,4371.75,4403.75,1328852,yfinance,False
2021-08-23,4475.5,4475.5,4485.75,4433.5,4435.0,997026,yfinance,False
2021-08-24,4482.5,4482.5,4492.0,4476.75,4481.0,787503,yfinance,False
2021-08-25,4493.0,4493.0,4498.0,4476.25,4483.5,801106,yfinance,False
2021-08-26,4466.5,4466.5,4494.25,4465.0,4493.75,1306718,yfinance,False
2021-08-27,4505.5,4505.5,4510.0,4462.25,4470.0,1216414,yfinance,False
2021-08-30,4525.25,4525.25,4534.5,4500.75,4508.75,975807,yfinance,False
2021-08-31,4520.5,4520.5,4542.25,4512.5,4529.5,1378199,yfinance,False
2021-09-01,4521.25,4521.25,4540.0,4519.25,4527.75,1061414,yfinance,False
2021-09-02,4535.25,4535.25,4544.0,4516.0,4522.5,1016806,yfinance,False
2021-09-03,4534.5,4534.5,4549.5,4519.25,4536.75,1156146,yfinance,False
2021-09-07,4519.25,4519.25,4548.0,4510.75,4533.0,1277938,yfinance,False
2021-09-08,4512.5,4512.5,4524.75,4492.0,4517.5,1606757,yfinance,False
2021-09-09,4492.25,4492.25,4529.5,4485.5,4511.0,1696301,yfinance,False
2021-09-10,4458.25,4458.25,4518.25,4456.5,4491.25,1721413,yfinance,False
2021-09-13,4469.0,4469.0,4492.75,4444.75,4461.0,1534719,yfinance,False
2021-09-14,4444.5,4444.5,4489.5,4435.0,4475.5,893788,yfinance,False
2021-09-15,4481.75,4481.75,4487.5,4437.5,4446.75,518985,yfinance,False
2021-09-16,4474.25,4474.25,4487.5,4443.0,4486.0,268026,yfinance,False
2021-09-17,4464.330078125,4464.330078125,4482.5,4459.0,4471.0,1968041,yfinance,False
2021-09-20,4348.25,4348.25,4418.0,4293.75,4411.75,2711340,yfinance,False
2021-09-21,4343.25,4343.25,4395.75,4329.25,4342.5,1941006,yfinance,False
2021-09-22,4384.0,4384.0,4406.5,4321.25,4336.5,1767853,yfinance,False
2021-09-23,4438.0,4438.0,4455.0,4385.75,4386.0,1447395,yfinance,False
2021-09-24,4445.75,4445.75,4453.0,4410.75,4439.0,1182037,yfinance,False
2021-09-27,4433.0,4433.0,4472.0,4425.0,4446.0,1306188,yfinance,False
2021-09-28,4343.5,4343.5,4442.0,4334.75,4429.75,2307037,yfinance,False
2021-09-29,4349.75,4349.75,4378.75,4344.25,4347.5,1815726,yfinance,False
2021-09-30,4297.75,4297.75,4389.0,4294.25,4360.0,2373423,yfinance,False
2021-10-01,4343.75,4343.75,4365.75,4260.0,4301.0,2269695,yfinance,False
2021-10-04,4291.25,4291.25,4362.0,4267.5,4349.0,2135338,yfinance,False
2021-10-05,4334.0,4334.0,4359.75,4269.0,4295.75,1650217,yfinance,False
2021-10-06,4354.0,4354.0,4357.5,4273.75,4334.0,2202805,yfinance,False
2021-10-07,4390.0,4390.0,4421.5,4355.0,4355.25,1406808,yfinance,False
2021-10-08,4382.25,4382.25,4407.75,4376.25,4390.5,1428160,yfinance,False
2021-10-11,4351.0,4351.0,4407.5,4344.0,4381.0,1245705,yfinance,False
2021-10-12,4340.75,4340.75,4365.0,4317.25,4347.75,1295686,yfinance,False
2021-10-13,4355.0,4355.0,4364.75,4318.75,4327.5,1372482,yfinance,False
2021-10-14,4429.0,4429.0,4437.25,4354.0,4354.75,1264458,yfinance,False
2021-10-15,4462.5,4462.5,4467.5,4426.25,4433.0,1185108,yfinance,False
2021-10-18,4477.5,4477.5,4479.75,4436.25,4465.5,1095216,yfinance,False
2021-10-19,4511.25,4511.25,4517.5,4471.75,4475.75,1018177,yfinance,False
2021-10-20,4528.0,4528.0,4532.25,4504.0,4516.0,1006857,yfinance,False
2021-10-21,4541.75,4541.75,4543.25,4510.25,4525.0,938565,yfinance,False
2021-10-22,4536.5,4536.5,4551.5,4515.25,4530.0,1315668,yfinance,False
2021-10-25,4558.0,4558.0,4566.25,4522.5,4528.75,1031431,yfinance,False
2021-10-26,4565.25,4565.25,4590.0,4560.75,4564.75,1257346,yfinance,False
2021-10-27,4544.5,4544.5,4576.75,4543.75,4563.75,1263181,yfinance,False
2021-10-28,4587.5,4587.5,4589.75,4545.25,4548.75,1195785,yfinance,False
2021-10-29,4597.0,4597.0,4603.5,4559.25,4577.0,1418280,yfinance,False
2021-11-01,4605.75,4605.75,4619.5,4586.5,4608.0,1071118,yfinance,False
2021-11-02,4623.5,4623.5,4627.0,4593.25,4605.75,980833,yfinance,False
2021-11-03,4652.25,4652.25,4657.0,4613.0,4621.25,1074650,yfinance,False
2021-11-04,4673.25,4673.25,4676.25,4650.75,4651.5,1169886,yfinance,False
2021-11-05,4690.25,4690.25,4711.75,4667.5,4671.75,1459142,yfinance,False
2021-11-08,4694.0,4694.0,4707.0,4676.25,4678.5,1000404,yfinance,False
2021-11-09,4678.25,4678.25,4700.5,4663.25,4690.75,1289857,yfinance,False
2021-11-10,4642.0,4642.0,4680.25,4625.25,4674.75,1639098,yfinance,False
2021-11-11,4643.0,4643.0,4661.5,4638.0,4645.0,936857,yfinance,False
2021-11-12,4678.25,4678.25,4685.5,4643.75,4647.0,1155591,yfinance,False
2021-11-15,4679.0,4679.0,4697.5,4667.0,4684.75,1047123,yfinance,False
2021-11-16,4696.0,4696.0,4709.75,4670.75,4680.75,1043587,yfinance,False
2021-11-17,4686.25,4686.25,4701.0,4679.25,4696.5,1056696,yfinance,False
2021-11-18,4701.5,4701.5,4706.5,4668.0,4685.25,1168195,yfinance,False
2021-11-19,4694.5,4694.5,4723.5,4684.25,4705.25,1344893,yfinance,False
2021-11-22,4679.75,4679.75,4740.5,4674.25,4701.0,1685386,yfinance,False
2021-11-23,4688.5,4688.5,4695.5,4649.0,4686.0,1872492,yfinance,False
2021-11-24,4699.0,4699.0,4702.25,4656.25,4686.25,1408571,yfinance,False
2021-11-26,4595.75,4595.75,4717.0,4577.25,4700.5,2068167,yfinance,False
2021-11-29,4651.0,4651.0,4669.75,4588.75,4589.0,2014967,yfinance,False
2021-11-30,4566.25,4566.25,4667.5,4557.0,4657.25,2845560,yfinance,False
2021-12-01,4508.5,4508.5,4650.75,4497.75,4587.5,2670344,yfinance,False
2021-12-02,4575.75,4575.75,4593.75,4505.5,4514.75,2587324,yfinance,False
2021-12-03,4537.5,4537.5,4606.5,4492.0,4587.25,2747667,yfinance,False
2021-12-06,4590.0,4590.0,4611.75,4531.5,4542.25,2031995,yfinance,False
2021-12-07,4685.0,4685.0,4697.25,4587.25,4594.25,1771947,yfinance,False
2021-12-08,4699.0,4699.0,4712.0,4671.75,4695.25,1418355,yfinance,False
2021-12-09,4667.0,4667.0,4706.0,4662.25,4697.25,1593325,yfinance,False
2021-12-10,4711.0,4711.0,4712.75,4664.25,4669.25,1585049,yfinance,False
2021-12-13,4668.75,4668.75,4731.0,4664.75,4711.25,1605196,yfinance,False
2021-12-14,4637.0,4637.0,4686.0,4606.0,4672.0,1211592,yfinance,False
2021-12-15,4709.5,4709.5,4715.0,4611.25,4637.75,673190,yfinance,False
2021-12-16,4668.75,4668.75,4752.5,4651.25,4711.5,435986,yfinance,False
2021-12-17,4636.4599609375,4636.4599609375,4677.75,4629.5,4674.25,2472118,yfinance,False
2021-12-20,4558.5,4558.5,4621.5,4520.25,4612.0,2097624,yfinance,False
2021-12-21,4640.75,4640.75,4643.0,4565.75,4567.75,1493880,yfinance,False
2021-12-22,4686.0,4686.0,4690.5,4622.25,4641.75,1104688,yfinance,False
2021-12-23,4715.75,4715.75,4731.25,4684.25,4689.0,978022,yfinance,False
2021-12-27,4782.25,4782.25,4784.25,4713.25,4717.0,898698,yfinance,False
2021-12-28,4778.5,4778.5,4798.0,4770.5,4780.5,954520,yfinance,False
2021-12-29,4784.5,4784.5,4796.0,4770.0,4781.0,876030,yfinance,False
2021-12-30,4772.25,4772.25,4799.75,4767.25,4784.75,753935,yfinance,False
2021-12-31,4758.5,4758.5,4778.5,4750.5,4773.75,954083,yfinance,False
2022-01-03,4786.0,4786.0,4791.25,4747.5,4771.0,1322362,yfinance,False
2022-01-04,4784.25,4784.25,4808.25,4764.5,4785.25,1392809,yfinance,False
2022-01-05,4692.5,4692.5,4788.25,4689.5,4783.5,1856376,yfinance,False
2022-01-06,4687.5,4687.5,4715.75,4662.0,4692.0,1862918,yfinance,False
2022-01-07,4667.75,4667.75,4705.75,4653.75,4695.0,1618440,yfinance,False
2022-01-10,4662.25,4662.25,4681.75,4572.75,4671.25,2231980,yfinance,False
2022-01-11,4705.0,4705.0,4707.5,4627.25,4663.5,1729004,yfinance,False
2022-01-12,4716.25,4716.25,4739.5,4695.0,4704.0,1583216,yfinance,False
2022-01-13,4652.0,4652.0,4736.25,4642.5,4719.25,1824612,yfinance,False
2022-01-14,4654.75,4654.75,4667.0,4606.0,4655.0,2010610,yfinance,False
2022-01-18,4571.25,4571.25,4671.75,4560.0,4666.0,2268240,yfinance,False
2022-01-19,4524.25,4524.25,4603.0,4517.25,4577.75,2001348,yfinance,False
2022-01-20,4474.75,4474.75,4594.25,4437.75,4526.0,2040704,yfinance,False
2022-01-21,4390.0,4390.0,4487.0,4381.25,4454.25,3012106,yfinance,False
2022-01-24,4403.75,4403.75,4427.5,4212.75,4389.0,3846785,yfinance,False
2022-01-25,4349.0,4349.0,4406.75,4276.5,4402.75,2483392,yfinance,False
2022-01-26,4341.5,4341.5,4446.25,4294.25,4308.75,2423103,yfinance,False
2022-01-27,4317.75,4317.75,4422.0,4263.25,4345.25,2295458,yfinance,False
2022-01-28,4423.25,4423.25,4426.0,4266.25,4348.0,2251268,yfinance,False
2022-01-31,4504.25,4504.25,4507.75,4395.5,4423.5,1846145,yfinance,False
2022-02-01,4535.0,4535.0,4554.75,4474.0,4493.25,1618163,yfinance,False
2022-02-02,4577.25,4577.25,4586.0,4535.25,4552.0,1624220,yfinance,False
2022-02-03,4469.0,4469.0,4548.25,4462.0,4545.75,1800714,yfinance,False
2022-02-04,4492.5,4492.5,4532.5,4438.5,4518.0,1957881,yfinance,False
2022-02-07,4475.75,4475.75,4514.5,4462.75,4497.0,1495143,yfinance,False
2022-02-08,4512.5,4512.5,4523.75,4456.25,4484.0,1459766,yfinance,False
2022-02-09,4577.75,4577.75,4585.0,4517.25,4519.0,1383317,yfinance,False
2022-02-10,4497.5,4497.5,4583.75,4476.0,4582.25,2403026,yfinance,False
2022-02-11,4409.5,4409.5,4520.5,4393.25,4494.5,2479025,yfinance,False
2022-02-14,4394.0,4394.0,4428.0,4354.0,4411.75,2098618,yfinance,False
2022-02-15,4464.5,4464.5,4468.0,4381.75,4393.5,1523305,yfinance,False
2022-02-16,4470.0,4470.0,4484.5,4422.75,4458.75,1426847,yfinance,False
2022-02-17,4374.5,4374.5,4474.75,4367.25,4464.25,1629730,yfinance,False
2022-02-18,4343.5,4343.5,4411.5,4321.0,4374.75,1824590,yfinance,False
2022-02-22,4300.0,4300.0,4391.25,4250.0,4324.25,2589159,yfinance,False
2022-02-23,4222.0,4222.0,4345.5,4212.5,4310.75,1914227,yfinance,False
2022-02-24,4284.0,4284.0,4290.0,4101.75,4215.5,2945330,yfinance,False
2022-02-25,4380.0,4380.0,4384.25,4227.5,4266.75,1950397,yfinance,False
2022-02-28,4368.0,4368.0,4385.5,4251.5,4299.5,2189820,yfinance,False
2022-03-01,4303.75,4303.75,4399.0,4275.0,4367.5,1869277,yfinance,False
2022-03-02,4381.75,4381.75,4399.25,4278.25,4308.75,1712970,yfinance,False
2022-03-03,4359.25,4359.25,4418.75,4341.0,4373.75,1547676,yfinance,False
2022-03-04,4327.25,4327.25,4374.5,4281.25,4366.5,1842722,yfinance,False
2022-03-07,4198.5,4198.5,4325.25,4185.25,4308.75,1902001,yfinance,False
2022-03-08,4168.75,4168.75,4275.0,4138.75,4186.5,2333021,yfinance,False
2022-03-09,4275.25,4275.25,4298.25,4152.0,4153.0,1659520,yfinance,False
2022-03-10,4257.25,4257.25,4282.25,4207.0,4279.0,1745090,yfinance,False
2022-03-11,4201.5,4201.5,4335.5,4198.0,4258.5,1645055,yfinance,False
2022-03-14,4172.0,4172.0,4254.5,4160.75,4216.0,1438651,yfinance,False
2022-03-15,4262.0,4262.0,4271.5,4138.0,4180.25,1085846,yfinance,False
2022-03-16,4358.0,4358.0,4376.0,4246.25,4257.5,722600,yfinance,False
2022-03-17,4410.25,4410.25,4415.25,4329.0,4370.5,434642,yfinance,False
2022-03-18,4409.35009765625,4409.35009765625,4409.35009765625,4373.75,4393.0,1405299,yfinance,False
2022-03-21,4452.25,4452.25,4473.0,4415.0,4460.0,1375090,yfinance,False
2022-03-22,4505.0,4505.0,4514.75,4433.0,4456.75,1205860,yfinance,False
2022-03-23,4447.5,4447.5,4514.0,4444.75,4504.0,1336967,yfinance,False
2022-03-24,4512.5,4512.5,4517.5,4445.75,4449.25,1221569,yfinance,False
2022-03-25,4536.5,4536.5,4539.0,4493.25,4516.25,1251078,yfinance,False
2022-03-28,4568.0,4568.0,4572.25,4509.75,4535.25,1182527,yfinance,False
2022-03-29,4625.5,4625.5,4631.0,4565.25,4570.25,1353683,yfinance,False
2022-03-30,4596.0,4596.0,4627.5,4574.75,4621.25,1206203,yfinance,False
2022-03-31,4530.75,4530.75,4614.25,4526.25,4599.0,1650667,yfinance,False
2022-04-01,4539.25,4539.25,4555.5,4501.25,4541.0,1441126,yfinance,False
2022-04-04,4577.75,4577.75,4580.0,4527.75,4538.25,1025558,yfinance,False
2022-04-05,4520.25,4520.25,4588.75,4507.75,4576.25,1303877,yfinance,False
2022-04-06,4475.75,4475.75,4528.75,4444.5,4526.25,1803684,yfinance,False
2022-04-07,4496.25,4496.25,4517.25,4444.5,4471.25,1446250,yfinance,False
2022-04-08,4483.5,4483.5,4519.75,4468.75,4494.75,1358450,yfinance,False
2022-04-11,4409.0,4409.0,4491.25,4403.5,4488.75,1431371,yfinance,False
2022-04-12,4393.0,4393.0,4466.75,4375.5,4411.0,1739771,yfinance,False
2022-04-13,4442.25,4442.25,4449.5,4384.0,4396.75,1254348,yfinance,False
2022-04-14,4387.5,4387.5,4455.75,4385.0,4438.5,1396074,yfinance,False
2022-04-18,4386.75,4386.75,4406.25,4355.5,4390.0,1149765,yfinance,False
2022-04-19,4459.25,4459.25,4467.0,4371.75,4399.0,1465764,yfinance,False
2022-04-20,4455.5,4455.5,4484.25,4432.75,4441.0,1423396,yfinance,False
2022-04-21,4390.5,4390.5,4509.0,4380.0,4468.0,1704137,yfinance,False
2022-04-22,4267.25,4267.25,4393.25,4247.5,4385.75,2039961,yfinance,False
2022-04-25,4292.75,4292.75,4296.5,4195.25,4259.0,2280374,yfinance,False
2022-04-26,4170.5,4170.5,4303.5,4136.75,4294.0,2018166,yfinance,False
2022-04-27,4180.25,4180.25,4236.25,4149.0,4149.5,2035627,yfinance,False
2022-04-28,4283.5,4283.5,4303.5,4182.5,4213.0,1798644,yfinance,False
2022-04-29,4127.5,4127.5,4279.75,4118.75,4244.0,2117160,yfinance,False
2022-05-02,4151.0,4151.0,4165.75,4056.0,4144.0,2351404,yfinance,False
2022-05-03,4169.25,4169.25,4195.75,4129.0,4145.5,1678497,yfinance,False
2022-05-04,4295.25,4295.25,4303.0,4142.75,4171.25,1783477,yfinance,False
2022-05-05,4143.25,4143.25,4300.75,4099.25,4289.75,2389422,yfinance,False
2022-05-06,4119.5,4119.5,4153.25,4062.0,4146.5,2310919,yfinance,False
2022-05-09,3987.5,3987.5,4099.0,3970.0,4087.25,2139992,yfinance,False
2022-05-10,3996.75,3996.75,4065.5,3953.0,3993.25,2247750,yfinance,False
2022-05-11,3930.25,3930.25,4050.5,3923.75,3990.5,2157244,yfinance,False
2022-05-12,3927.25,3927.25,3961.75,3855.0,3939.75,2380563,yfinance,False
2022-05-13,4019.75,4019.75,4036.0,3915.5,3916.25,1859074,yfinance,False
2022-05-16,4004.75,4004.75,4043.5,3979.5,4025.0,1695198,yfinance,False
2022-05-17,4084.75,4084.75,4091.5,4000.5,4002.0,1716498,yfinance,False
2022-05-18,3922.75,3922.75,4095.0,3905.5,4091.25,2202394,yfinance,False
2022-05-19,3897.75,3897.75,3943.5,3856.0,3916.5,2317604,yfinance,False
2022-05-20,3899.5,3899.5,3949.5,3807.5,3900.5,2408399,yfinance,False
2022-05-23,3971.75,3971.75,3982.25,3906.5,3910.5,1736162,yfinance,False
2022-05-24,3940.5,3940.5,3954.5,3872.0,3951.75,2017453,yfinance,False
2022-05-25,3976.75,3976.75,3997.75,3913.5,3950.0,1744116,yfinance,False
2022-05-26,4055.75,4055.75,4073.5,3960.5,3972.25,1493132,yfinance,False
2022-05-27,4155.75,4155.75,4168.25,4041.25,4047.5,1547507,yfinance,False
2022-05-31,4131.25,4131.25,4202.25,4102.75,4164.5,2222573,yfinance,False
2022-06-01,4099.0,4099.0,4165.0,4071.5,4138.5,1912031,yfinance,False
2022-06-02,4175.25,4175.25,4179.0,4072.25,4097.75,1513748,yfinance,False
2022-06-03,4107.0,4107.0,4189.0,4096.75,4177.75,1532766,yfinance,False
2022-06-06,4120.5,4120.5,4168.25,4104.5,4110.5,1457918,yfinance,False
2022-06-07,4158.75,4158.75,4164.0,4076.0,4122.0,1677883,yfinance,False
2022-06-08,4114.0,4114.0,4160.0,4105.25,4150.75,1706628,yfinance,False
2022-06-09,4016.25,4016.25,4144.25,4014.75,4116.0,2024783,yfinance,False
2022-06-10,3899.0,3899.0,4029.5,3895.25,4025.25,2117225,yfinance,False
2022-06-13,3750.5,3750.5,3876.5,3732.5,3870.75,2155159,yfinance,False
2022-06-14,3736.75,3736.75,3805.0,3705.25,3758.25,1341257,yfinance,False
2022-06-15,3789.25,3789.25,3839.0,3720.25,3740.0,777545,yfinance,False
2022-06-16,3668.25,3668.25,3828.75,3639.0,3794.25,544027,yfinance,False
2022-06-17,3663.760009765625,3663.760009765625,3710.75,3663.760009765625,3677.5,2207570,yfinance,False
2022-06-21,3767.75,3767.75,3783.75,3661.5,3684.0,1566039,yfinance,False
2022-06-22,3762.75,3762.75,3805.5,3693.25,3766.25,1660579,yfinance,False
2022-06-23,3799.75,3799.75,3805.75,3735.0,3761.25,1607695,yfinance,False
2022-06-24,3916.25,3916.25,3919.75,3781.25,3785.25,1563128,yfinance,False
2022-06-27,3903.75,3903.75,3948.0,3892.5,3915.0,1497368,yfinance,False
2022-06-28,3825.5,3825.5,3950.0,3821.75,3911.25,1791690,yfinance,False
2022-06-29,3821.25,3821.25,3840.0,3801.25,3828.25,1717770,yfinance,False
2022-06-30,3789.5,3789.5,3825.0,3741.25,3822.75,2394361,yfinance,False
2022-07-01,3827.25,3827.25,3833.5,3744.5,3782.0,1752977,yfinance,False
2022-07-05,3834.0,3834.0,3857.75,3744.0,3828.5,2031501,yfinance,False
2022-07-06,3848.25,3848.25,3875.0,3808.75,3838.0,1684324,yfinance,False
2022-07-07,3905.0,3905.0,3914.25,3832.5,3853.75,1314443,yfinance,False
2022-07-08,3901.25,3901.25,3922.0,3868.0,3897.0,1485497,yfinance,False
2022-07-11,3856.75,3856.75,3900.75,3850.0,3900.0,1486103,yfinance,False
2022-07-12,3823.75,3823.75,3876.5,3804.75,3862.0,1640864,yfinance,False
2022-07-13,3804.5,3804.5,3873.0,3752.0,3825.0,2157968,yfinance,False
2022-07-14,3793.25,3793.25,3806.25,3723.75,3795.75,1916260,yfinance,False
2022-07-15,3865.0,3865.0,3868.25,3780.25,3797.75,1523753,yfinance,False
2022-07-18,3833.75,3833.75,3909.5,3820.25,3878.5,1439590,yfinance,False
2022-07-19,3937.5,3937.5,3948.0,3834.0,3838.5,1611604,yfinance,False
2022-07-20,3962.5,3962.5,3977.25,3922.25,3947.0,1734355,yfinance,False
2022-07-21,4001.25,4001.25,4004.75,3930.25,3954.0,1821097,yfinance,False
2022-07-22,3965.0,3965.0,4016.25,3941.5,3988.0,1736592,yfinance,False
2022-07-25,3970.0,3970.0,3988.75,3946.0,3967.75,1493471,yfinance,False
2022-07-26,3923.25,3923.25,3964.5,3913.25,3959.0,1589161,yfinance,False
2022-07-27,4024.5,4024.5,4042.75,3938.75,3939.25,1740431,yfinance,False
2022-07-28,4073.5,4073.5,4111.0,3994.5,4022.0,2014467,yfinance,False
2022-07-29,4133.5,4133.5,4144.0,4081.0,4105.0,1919598,yfinance,False
2022-08-01,4120.5,4120.5,4147.25,4097.0,4137.5,1776936,yfinance,False
2022-08-02,4093.75,4093.75,4143.0,4080.5,4119.75,1892241,yfinance,False
2022-08-03,4156.25,4156.25,4170.0,4084.5,4097.0,1696602,yfinance,False
2022-08-04,4152.25,4152.25,4173.25,4136.0,4150.25,1245063,yfinance,False
2022-08-05,4146.75,4146.75,4166.25,4103.75,4152.0,1722401,yfinance,False
2022-08-08,4141.75,4141.75,4188.0,4129.25,4149.75,1536449,yfinance,False
2022-08-09,4124.5,4124.5,4155.0,4113.0,4148.5,1280085,yfinance,False
2022-08-10,4210.0,4210.0,4213.5,4113.75,4128.75,1627940,yfinance,False
2022-08-11,4209.75,4209.75,4260.5,4202.75,4210.75,1598130,yfinance,False
2022-08-12,4281.0,4281.0,4282.75,4208.25,4219.25,1300170,yfinance,False
2022-08-15,4298.25,4298.25,4304.75,4249.0,4277.0,1317241,yfinance,False
2022-08-16,4307.75,4307.75,4327.5,4278.75,4294.5,1363248,yfinance,False
2022-08-17,4276.75,4276.75,4315.0,4255.0,4309.25,1638797,yfinance,False
2022-08-18,4286.5,4286.5,4295.5,4258.0,4279.5,1366220,yfinance,False
2022-08-19,4231.5,4231.5,4288.0,4220.75,4287.0,1701251,yfinance,False
2022-08-22,4141.25,4141.25,4221.5,4131.5,4221.0,1724203,yfinance,False
2022-08-23,4130.5,4130.5,4161.75,4118.0,4147.0,1575674,yfinance,False
2022-08-24,4142.75,4142.75,4158.5,4110.75,4128.25,1348612,yfinance,False
2022-08-25,4201.0,4201.0,4202.75,4143.0,4148.75,1635476,yfinance,False
2022-08-26,4059.5,4059.5,4217.25,4042.75,4198.25,2241117,yfinance,False
2022-08-29,4031.25,4031.25,4064.0,4006.75,4024.0,1963446,yfinance,False
2022-08-30,3987.5,3987.5,4072.75,3964.5,4035.75,2555455,yfinance,False
2022-08-31,3956.5,3956.5,4018.25,3953.0,3987.25,2366488,yfinance,False
2022-09-01,3968.75,3968.75,3971.25,3903.5,3958.0,2212034,yfinance,False
2022-09-02,3924.5,3924.5,4019.25,3906.0,3967.5,2510355,yfinance,False
2022-09-06,3910.5,3910.5,3963.25,3886.75,3929.0,2360326,yfinance,False
2022-09-07,3980.0,3980.0,3988.75,3883.5,3907.5,1956209,yfinance,False
2022-09-08,4005.5,4005.5,4011.5,3942.75,3980.0,2356008,yfinance,False
2022-09-09,4067.25,4067.25,4077.25,4005.75,4010.25,1677890,yfinance,False
2022-09-12,4110.75,4110.75,4119.75,4062.25,4077.25,1718859,yfinance,False
2022-09-13,3931.25,3931.25,4158.0,3919.75,4118.25,1418271,yfinance,False
2022-09-14,3947.5,3947.5,3962.75,3911.25,3936.75,662596,yfinance,False
2022-09-15,3902.0,3902.0,3959.5,3888.0,3955.0,438921,yfinance,False
2022-09-16,3871.239990234375,3871.239990234375,3888.5,3846.0,3888.5,2688630,yfinance,False
2022-09-19,3917.25,3917.25,3927.0,3846.25,3889.5,2100098,yfinance,False
2022-09-20,3872.75,3872.75,3936.25,3843.25,3923.0,2357296,yfinance,False
2022-09-21,3806.25,3806.25,3925.25,3792.0,3878.75,2440206,yfinance,False
2022-09-22,3772.0,3772.0,3833.0,3763.5,3794.0,2578314,yfinance,False
2022-09-23,3709.0,3709.0,3783.25,3660.25,3777.25,2913560,yfinance,False
2022-09-26,3670.0,3670.0,3730.5,3657.5,3705.25,2899415,yfinance,False
2022-09-27,3661.0,3661.0,3733.0,3635.25,3668.0,2963065,yfinance,False
2022-09-28,3732.0,3732.0,3751.25,3613.0,3668.5,2780935,yfinance,False
2022-09-29,3654.25,3654.25,3736.0,3622.0,3730.25,2860631,yfinance,False
2022-09-30,3601.5,3601.5,3693.75,3595.25,3656.5,2976179,yfinance,False
2022-10-03,3690.25,3690.25,3711.75,3571.75,3593.25,2315515,yfinance,False
2022-10-04,3803.25,3803.25,3808.75,3686.25,3696.5,2381497,yfinance,False
2022-10-05,3794.0,3794.0,3820.0,3734.0,3801.0,2089198,yfinance,False
2022-10-06,3756.75,3756.75,3819.5,3750.0,3795.75,2157569,yfinance,False
2022-10-07,3653.25,3653.25,3770.5,3632.5,3745.75,2238683,yfinance,False
2022-10-10,3625.25,3625.25,3667.5,3600.0,3638.75,2024447,yfinance,False
2022-10-11,3599.25,3599.25,3653.25,3579.0,3624.75,2398140,yfinance,False
2022-10-12,3588.5,3588.5,3635.25,3585.5,3607.0,1948173,yfinance,False
2022-10-13,3681.75,3681.75,3697.75,3502.0,3596.25,3288646,yfinance,False
2022-10-14,3597.5,3597.5,3733.75,3591.25,3680.25,2730405,yfinance,False
2022-10-17,3689.25,3689.25,3702.5,3590.5,3591.0,1951998,yfinance,False
2022-10-18,3732.75,3732.75,3777.25,3697.25,3706.25,2746886,yfinance,False
2022-10-19,3707.25,3707.25,3774.25,3676.75,3759.75,2348844,yfinance,False
2022-10-20,3675.25,3675.25,3748.0,3666.25,3708.0,2403705,yfinance,False
2022-10-21,3764.0,3764.0,3773.25,3641.5,3677.75,2681019,yfinance,False
2022-10-24,3809.25,3809.25,3822.0,3736.5,3771.0,2109780,yfinance,False
2022-10-25,3870.25,3870.25,3874.25,3790.0,3803.25,1836723,yfinance,False
2022-10-26,3841.0,3841.0,3897.5,3824.25,3841.0,2118534,yfinance,False
2022-10-27,3819.5,3819.5,3870.75,3757.5,3844.25,2211786,yfinance,False
2022-10-28,3911.25,3911.25,3924.25,3776.75,3798.25,2084386,yfinance,False
2022-10-31,3883.0,3883.0,3914.75,3872.25,3911.5,2002625,yfinance,False
2022-11-01,3866.0,3866.0,3928.0,3852.5,3884.0,1895614,yfinance,False
2022-11-02,3768.75,3768.75,3907.0,3760.25,3863.0,2210708,yfinance,False
2022-11-03,3727.75,3727.75,3782.5,3704.25,3766.75,1887557,yfinance,False
2022-11-04,3779.5,3779.5,3805.5,3711.0,3724.0,2494788,yfinance,False
2022-11-07,3815.25,3815.25,3821.75,3738.25,3750.0,1483146,yfinance,False
2022-11-08,3835.25,3835.25,3867.0,3792.75,3812.75,1878046,yfinance,False
2022-11-09,3755.5,3755.5,3848.75,3750.0,3832.5,1889153,yfinance,False
2022-11-10,3961.0,3961.0,3973.5,3751.5,3757.0,2408104,yfinance,False
2022-11-11,4000.25,4000.25,4009.75,3951.0,3973.0,1927068,yfinance,False
2022-11-14,3966.0,3966.0,4017.5,3964.0,3984.0,1592615,yfinance,False
2022-11-15,3999.5,3999.5,4050.75,3960.0,3974.75,2230543,yfinance,False
2022-11-16,3968.5,3968.5,4015.75,3962.0,3992.0,1502501,yfinance,False
2022-11-17,3955.25,3955.25,3990.25,3912.5,3977.25,1560808,yfinance,False
2022-11-18,3974.0,3974.0,3994.0,3942.5,3960.5,1534155,yfinance,False
2022-11-21,3958.0,3958.0,3982.0,3937.5,3972.5,1178421,yfinance,False
2022-11-22,4010.25,4010.25,4012.5,3945.25,3957.75,1161999,yfinance,False
2022-11-23,4033.0,4033.0,4039.5,4002.0,4010.0,1281153,yfinance,False
2022-11-25,4032.5,4032.5,4049.25,4024.75,4038.75,608795,yfinance,False
2022-11-28,3970.25,3970.25,4024.0,3960.25,4020.25,1481503,yfinance,False
2022-11-29,3962.0,3962.0,3990.25,3941.25,3972.0,1500171,yfinance,False
2022-11-30,4081.25,4081.25,4093.5,3942.75,3962.25,2479997,yfinance,False
2022-12-01,4081.75,4081.75,4110.0,4054.5,4094.5,1834073,yfinance,False
2022-12-02,4075.5,4075.5,4085.5,4006.75,4077.5,1849784,yfinance,False
2022-12-05,4003.25,4003.25,4075.75,3987.25,4074.0,1497688,yfinance,False
2022-12-06,3945.0,3945.0,4014.75,3921.5,4005.75,1869101,yfinance,False
2022-12-07,3936.75,3936.75,3961.5,3914.0,3944.5,1756473,yfinance,False
2022-12-08,3965.75,3965.75,3977.25,3916.0,3935.75,1708915,yfinance,False
2022-12-09,3936.25,3936.25,3990.0,3930.0,3964.75,1739761,yfinance,False
2022-12-12,3991.75,3991.75,3992.75,3924.5,3933.0,1619977,yfinance,False
2022-12-13,4022.25,4022.25,4145.0,3985.0,3989.25,1419560,yfinance,False
2022-12-14,3998.0,3998.0,4073.0,3965.25,4021.75,712439,yfinance,False
2022-12-15,3897.0,3897.0,4010.25,3878.5,4004.25,560669,yfinance,False
2022-12-16,3871.469970703125,3871.469970703125,3904.25,3842.0,3890.5,1965701,yfinance,False
2022-12-19,3845.5,3845.5,3899.0,3827.25,3874.0,1405774,yfinance,False
2022-12-20,3849.25,3849.25,3866.5,3803.5,3842.75,1541868,yfinance,False
2022-12-21,3905.75,3905.75,3918.75,3855.5,3857.25,1522069,yfinance,False
2022-12-22,3849.25,3849.25,3919.75,3788.5,3915.0,1842326,yfinance,False
2022-12-23,3869.75,3869.75,3872.5,3821.25,3850.0,1374913,yfinance,False
2022-12-27,3855.0,3855.0,3900.5,3837.25,3878.0,1006414,yfinance,False
2022-12-28,3807.5,3807.5,3875.0,3804.5,3858.0,1282810,yfinance,False
2022-12-29,3871.75,3871.75,3882.75,3806.25,3811.0,1146984,yfinance,False
2022-12-30,3861.0,3861.0,3871.0,3821.5,3869.75,1401810,yfinance,False
2023-01-03,3846.0,3846.0,3906.75,3814.5,3895.0,1782473,yfinance,False
2023-01-04,3874.5,3874.5,3896.25,3836.5,3842.75,1912155,yfinance,False
2023-01-05,3829.0,3829.0,3885.5,3822.5,3871.0,1679973,yfinance,False
2023-01-06,3915.5,3915.5,3928.75,3819.0,3833.0,2026154,yfinance,False
2023-01-09,3913.75,3913.75,3973.25,3909.75,3918.5,1697887,yfinance,False
2023-01-10,3940.75,3940.75,3943.75,3891.5,3914.5,1520955,yfinance,False
2023-01-11,3990.0,3990.0,3992.5,3934.5,3941.0,1398769,yfinance,False
2023-01-12,4003.5,4003.5,4021.5,3954.0,3991.75,2102587,yfinance,False
2023-01-13,4018.25,4018.25,4024.25,3961.75,4003.0,1456784,yfinance,False
2023-01-17,4009.5,4009.5,4035.25,3996.75,4020.0,1423931,yfinance,False
2023-01-18,3945.75,3945.75,4033.5,3943.75,4008.5,1902551,yfinance,False
2023-01-19,3915.5,3915.5,3948.75,3901.75,3945.25,1896890,yfinance,False
2023-01-20,3988.5,3988.5,3990.5,3911.75,3925.0,1620355,yfinance,False
2023-01-23,4036.5,4036.5,4056.75,3980.25,3987.0,1594736,yfinance,False
2023-01-24,4032.75,4032.75,4047.5,4005.25,4036.5,1472856,yfinance,False
2023-01-25,4032.0,4032.0,4040.5,3963.25,4039.0,1760515,yfinance,False
2023-01-26,4075.5,4075.5,4077.0,4027.25,4031.0,1613804,yfinance,False
2023-01-27,4084.25,4084.25,4109.25,4057.25,4065.0,1587936,yfinance,False
2023-01-30,4032.5,4032.5,4086.0,4029.5,4077.0,1786112,yfinance,False
2023-01-31,4090.0,4090.0,4091.25,4007.5,4039.25,1790751,yfinance,False
2023-02-01,4132.25,4132.25,4163.25,4048.5,4085.75,2000400,yfinance,False
2023-02-02,4191.5,4191.5,4208.5,4136.75,4145.5,2290729,yfinance,False
2023-02-03,4147.75,4147.75,4194.0,4132.5,4176.0,2354996,yfinance,False
2023-02-06,4123.5,4123.5,4143.0,4104.0,4134.25,1560324,yfinance,False
2023-02-07,4175.75,4175.75,4188.25,4098.25,4123.5,2180936,yfinance,False
2023-02-08,4130.5,4130.5,4179.25,4121.25,4167.25,1804101,yfinance,False
2023-02-09,4091.75,4091.75,4170.25,4078.25,4132.25,1828571,yfinance,False
2023-02-10,4099.75,4099.75,4104.25,4060.75,4098.0,1744956,yfinance,False
2023-02-13,4147.25,4147.25,4150.75,4078.75,4105.0,1376325,yfinance,False
2023-02-14,4145.5,4145.5,4186.5,4103.75,4149.75,2379034,yfinance,False
2023-02-15,4158.25,4158.25,4161.75,4113.0,4141.25,1611550,yfinance,False
2023-02-16,4099.75,4099.75,4168.5,4095.0,4159.0,2042993,yfinance,False
2023-02-17,4087.5,4087.5,4096.0,4055.75,4095.5,2008448,yfinance,False
2023-02-21,4005.75,4005.75,4089.25,4002.0,4083.0,1883040,yfinance,False
2023-02-22,3999.0,3999.0,4025.0,3983.75,4007.5,1925300,yfinance,False
2023-02-23,4018.75,4018.75,4034.25,3974.25,4010.0,1955820,yfinance,False
2023-02-24,3975.75,3975.75,4023.25,3947.5,4015.25,2063242,yfinance,False
2023-02-27,3988.0,3988.0,4024.75,3973.0,3976.5,1621961,yfinance,False
2023-02-28,3975.5,3975.5,4003.75,3965.0,3991.5,1847930,yfinance,False
2023-03-01,3956.5,3956.5,3991.0,3943.0,3968.5,2042321,yfinance,False
2023-03-02,3984.75,3984.75,3995.25,3925.0,3959.75,1836555,yfinance,False
2023-03-03,4049.75,4049.75,4053.0,3974.0,3983.0,1665102,yfinance,False
2023-03-06,4052.5,4052.5,4082.5,4041.75,4049.25,1528845,yfinance,False
2023-03-07,3989.75,3989.75,4064.5,3982.5,4053.75,2141615,yfinance,False
2023-03-08,3995.0,3995.0,4003.25,3971.5,3990.0,1831712,yfinance,False
2023-03-09,3920.0,3920.0,4019.75,3909.5,3997.0,2547423,yfinance,False
2023-03-10,3862.75,3862.75,3941.75,3846.25,3919.0,3285811,yfinance,False
2023-03-13,3856.75,3856.75,3938.75,3808.75,3887.75,2750477,yfinance,False
2023-03-14,3920.5,3920.5,3938.0,3855.25,3865.75,1606509,yfinance,False
2023-03-15,3892.75,3892.75,3931.0,3834.0,3920.5,833643,yfinance,False
2023-03-16,3960.5,3960.5,3966.5,3863.25,3892.75,466914,yfinance,False
2023-03-17,3957.050048828125,3957.050048828125,3974.0,3923.0,3962.25,2224268,yfinance,False
2023-03-20,3983.0,3983.0,3989.5,3897.25,3963.75,1818807,yfinance,False
2023-03-21,4035.75,4035.75,4043.25,3981.75,3986.5,1531670,yfinance,False
2023-03-22,3970.5,3970.5,4073.75,3966.25,4038.75,1802929,yfinance,False
2023-03-23,3978.0,3978.0,4039.5,3948.5,3972.75,2236954,yfinance,False
2023-03-24,4001.25,4001.25,4010.75,3937.0,3988.75,1944981,yfinance,False
2023-03-27,4007.25,4007.25,4034.25,3997.5,4008.0,1304572,yfinance,False
2023-03-28,4001.5,4001.5,4023.75,3980.75,4013.5,1224495,yfinance,False
2023-03-29,4057.5,4057.5,4061.25,4006.0,4006.5,1389352,yfinance,False
2023-03-30,4080.0,4080.0,4087.75,4052.5,4058.0,1328529,yfinance,False
2023-03-31,4137.75,4137.75,4142.5,4078.0,4081.0,1695840,yfinance,False
2023-04-03,4153.75,4153.75,4157.75,4122.75,4127.0,1380286,yfinance,False
2023-04-04,4129.0,4129.0,4171.75,4115.25,4152.5,1582414,yfinance,False
2023-04-05,4117.25,4117.25,4135.5,4099.0,4134.0,1470176,yfinance,False
2023-04-06,4132.0,4132.0,4135.25,4096.5,4113.75,73009,yfinance,False
2023-04-10,4136.25,4136.25,4143.0,4098.75,4139.0,1167715,yfinance,False
2023-04-11,4136.5,4136.5,4151.75,4128.75,4138.5,1221824,yfinance,False
2023-04-12,4119.0,4119.0,4177.75,4113.5,4137.5,1853671,yfinance,False
2023-04-13,4172.75,4172.75,4177.0,4110.25,4117.5,1458785,yfinance,False
2023-04-14,4163.75,4163.75,4189.0,4138.0,4168.75,1882896,yfinance,False
2023-04-17,4176.75,4176.75,4180.5,4148.0,4174.25,1298123,yfinance,False
2023-04-18,4180.0,4180.0,4198.25,4164.5,4177.0,1427797,yfinance,False
2023-04-19,4178.5,4178.5,4187.5,4150.5,4176.0,1292622,yfinance,False
2023-04-20,4152.5,4152.5,4173.5,4137.0,4172.25,1768379,yfinance,False
2023-04-21,4156.75,4156.75,4161.0,4135.25,4153.75,1645161,yfinance,False
2023-04-24,4159.5,4159.5,4164.25,4133.5,4150.0,1328041,yfinance,False
2023-04-25,4093.25,4093.25,4158.5,4091.5,4157.25,1770908,yfinance,False
2023-04-26,4076.0,4076.0,4116.25,4068.75,4110.25,1814741,yfinance,False
2023-04-27,4153.75,4153.75,4166.5,4080.75,4085.5,1686692,yfinance,False
2023-04-28,4188.5,4188.5,4193.75,4131.5,4151.0,1753803,yfinance,False
2023-05-01,4185.75,4185.75,4206.25,4178.5,4190.0,1240490,yfinance,False
2023-05-02,4136.75,4136.75,4191.5,4105.5,4179.5,2034176,yfinance,False
2023-05-03,4107.5,4107.5,4167.0,4095.0,4133.25,1658392,yfinance,False
2023-05-04,4075.75,4075.75,4118.0,4062.25,4087.0,1994772,yfinance,False
2023-05-05,4150.25,4150.25,4163.25,4076.75,4077.25,1545895,yfinance,False
2023-05-08,4152.75,4152.75,4161.0,4137.5,4151.0,1026014,yfinance,False
2023-05-09,4134.0,4134.0,4153.0,4131.0,4150.5,1000924,yfinance,False
2023-05-10,4152.0,4152.0,4173.25,4112.25,4133.0,1887587,yfinance,False
2023-05-11,4143.75,4143.75,4168.5,4121.5,4152.75,1473383,yfinance,False
2023-05-12,4138.0,4138.0,4164.5,4111.75,4144.5,1434601,yfinance,False
2023-05-15,4150.0,4150.0,4156.25,4123.0,4132.25,1179165,yfinance,False
2023-05-16,4123.0,4123.0,4151.5,4120.0,4148.25,1316691,yfinance,False
2023-05-17,4171.5,4171.5,4179.0,4122.0,4126.0,1584910,yfinance,False
2023-05-18,4212.0,4212.0,4215.75,4161.25,4171.25,1760668,yfinance,False
2023-05-19,4204.75,4204.75,4227.25,4191.5,4215.5,1713351,yfinance,False
2023-05-22,4205.0,4205.0,4221.75,4186.5,4189.0,1302845,yfinance,False
2023-05-23,4158.75,4158.75,4222.75,4153.0,4207.5,1685056,yfinance,False
2023-05-24,4126.0,4126.0,4166.25,4114.0,4158.0,1911903,yfinance,False
2023-05-25,4159.75,4159.75,4175.5,4131.5,4157.0,1966626,yfinance,False
2023-05-26,4213.25,4213.25,4221.25,4146.0,4157.0,1744425,yfinance,False
2023-05-30,4215.0,4215.0,4243.25,4200.0,4239.75,1957579,yfinance,False
2023-05-31,4190.5,4190.5,4217.75,4174.0,4213.0,2138566,yfinance,False
2023-06-01,4228.0,4228.0,4239.75,4178.0,4188.5,1868363,yfinance,False
2023-06-02,4288.0,4288.0,4297.75,4229.0,4231.75,1955603,yfinance,False
2023-06-05,4281.0,4281.0,4305.75,4273.0,4288.0,1668759,yfinance,False
2023-06-06,4289.75,4289.75,4294.75,4268.5,4279.75,1548125,yfinance,False
2023-06-07,4274.25,4274.25,4304.75,4269.25,4292.25,1925195,yfinance,False
2023-06-08,4298.25,4298.25,4302.5,4262.75,4273.25,1664333,yfinance,False
2023-06-09,4304.75,4304.75,4325.5,4284.0,4297.75,2176645,yfinance,False
2023-06-12,4342.75,4342.75,4346.5,4305.25,4306.5,1665175,yfinance,False
2023-06-13,4371.75,4371.75,4377.75,4335.75,4345.0,1317118,yfinance,False
2023-06-14,4374.25,4374.25,4394.75,4339.75,4372.0,758316,yfinance,False
2023-06-15,4426.5,4426.5,4441.0,4350.0,4378.75,486414,yfinance,False
2023-06-16,4453.35009765625,4453.35009765625,4453.35009765625,4415.25,4424.75,1895105,yfinance,False
2023-06-20,4434.75,4434.75,4462.0,4410.5,4458.0,1540416,yfinance,False
2023-06-21,4409.25,4409.25,4438.5,4403.5,4430.25,1468258,yfinance,False
2023-06-22,4423.75,4423.75,4427.0,4393.0,4410.0,1384002,yfinance,False
2023-06-23,4389.0,4389.0,4426.25,4381.5,4425.75,1550992,yfinance,False
2023-06-26,4370.25,4370.25,4403.0,4368.5,4390.0,1622416,yfinance,False
2023-06-27,4418.75,4418.75,4424.75,4371.5,4375.75,1512256,yfinance,False
2023-06-28,4417.5,4417.5,4430.25,4399.25,4414.0,1689461,yfinance,False
2023-06-29,4435.75,4435.75,4438.0,4409.75,4423.75,1628750,yfinance,False
2023-06-30,4488.25,4488.25,4498.0,4433.0,4435.25,1774940,yfinance,False
2023-07-03,4492.25,4492.25,4494.0,4479.5,4485.5,641289,yfinance,False
2023-07-05,4483.75,4483.75,4493.75,4466.25,4492.0,1193759,yfinance,False
2023-07-06,4447.0,4447.0,4483.5,4419.5,4481.75,1741520,yfinance,False
2023-07-07,4434.0,4434.0,4476.0,4431.5,4441.25,1691644,yfinance,False
2023-07-10,4444.25,4444.25,4448.25,4411.25,4437.5,1361155,yfinance,False
2023-07-11,4473.5,4473.5,4478.5,4439.0,4445.75,1340232,yfinance,False
2023-07-12,4507.5,4507.5,4523.75,4470.0,4471.0,1784296,yfinance,False
2023-07-13,4543.5,4543.5,4551.5,4509.25,4510.5,1158193,yfinance,False
2023-07-14,4536.75,4536.75,4560.5,4531.0,4539.5,1381069,yfinance,False
2023-07-17,4553.75,4553.75,4565.75,4528.0,4536.0,1057965,yfinance,False
2023-07-18,4587.75,4587.75,4594.5,4544.75,4550.25,1301460,yfinance,False
2023-07-19,4597.0,4597.0,4609.25,4582.25,4582.75,1538747,yfinance,False
2023-07-20,4565.5,4565.5,4594.25,4557.25,4593.25,1527727,yfinance,False
2023-07-21,4564.75,4564.75,4590.0,4561.75,4566.25,1432643,yfinance,False
2023-07-24,4583.5,4583.5,4592.5,4560.0,4564.25,1203661,yfinance,False
2023-07-25,4596.0,4596.0,4608.75,4579.25,4584.5,1219737,yfinance,False
2023-07-26,4595.25,4595.25,4610.75,4573.75,4604.75,1372426,yfinance,False
2023-07-27,4564.25,4564.25,4634.5,4553.75,4594.75,1924565,yfinance,False
2023-07-28,4606.5,4606.5,4616.5,4558.0,4566.0,1573973,yfinance,False
2023-07-31,4614.5,4614.5,4619.25,4595.25,4608.75,1299434,yfinance,False
2023-08-01,4601.25,4601.25,4621.75,4591.0,4617.75,1212261,yfinance,False
2023-08-02,4537.25,4537.25,4593.5,4527.75,4580.0,1917865,yfinance,False
2023-08-03,4521.75,4521.75,4547.5,4505.75,4534.25,1764076,yfinance,False
2023-08-04,4498.0,4498.0,4560.75,4493.75,4523.5,2044936,yfinance,False
2023-08-07,4537.75,4537.75,4541.75,4500.5,4500.5,1397301,yfinance,False
2023-08-08,4518.5,4518.5,4541.0,4482.0,4539.5,1696546,yfinance,False
2023-08-09,4485.75,4485.75,4536.25,4478.25,4516.5,1640285,yfinance,False
2023-08-10,4485.75,4485.75,4544.75,4473.5,4493.25,2227022,yfinance,False
2023-08-11,4480.75,4480.75,4496.25,4459.0,4487.75,1511048,yfinance,False
2023-08-14,4506.0,4506.0,4507.75,4465.0,4485.0,1277132,yfinance,False
2023-08-15,4454.0,4454.0,4517.75,4447.0,4505.75,1492516,yfinance,False
2023-08-16,4420.0,4420.0,4467.25,4417.0,4453.25,1499218,yfinance,False
2023-08-17,4384.5,4384.5,4436.75,4377.75,4420.5,1630481,yfinance,False
2023-08-18,4382.75,4382.75,4396.0,4350.0,4379.25,1746289,yfinance,False
2023-08-21,4412.5,4412.5,4421.0,4372.25,4382.5,1361470,yfinance,False
2023-08-22,4399.25,4399.25,4440.0,4394.25,4410.25,1375651,yfinance,False
2023-08-23,4447.0,4447.0,4476.25,4399.5,4400.0,1306640,yfinance,False
2023-08-24,4386.0,4386.0,4485.5,4378.5,4470.5,1783795,yfinance,False
2023-08-25,4414.25,4414.25,4429.0,4365.25,4384.5,1853335,yfinance,False
2023-08-28,4442.25,4442.25,4449.5,4414.5,4418.0,1266414,yfinance,False
2023-08-29,4506.75,4506.75,4509.5,4433.5,4444.0,1444714,yfinance,False
2023-08-30,4524.25,4524.25,4530.75,4496.25,4508.75,1397669,yfinance,False
2023-08-31,4516.0,4516.0,4541.25,4512.75,4527.0,1395751,yfinance,False
2023-09-01,4521.5,4521.5,4547.75,4507.25,4516.75,1416762,yfinance,False
2023-09-05,4502.5,4502.5,4531.25,4499.25,4521.25,1391805,yfinance,False
2023-09-06,4471.5,4471.5,4503.75,4447.0,4500.0,1600128,yfinance,False
2023-09-07,4456.25,4456.25,4471.75,4434.25,4469.5,1602226,yfinance,False
2023-09-08,4461.75,4461.75,4477.5,4443.0,4458.25,1686158,yfinance,False
2023-09-11,4490.25,4490.25,4493.5,4459.25,4463.5,1714266,yfinance,False
2023-09-12,4465.0,4465.0,4491.0,4458.75,4487.75,1153961,yfinance,False
2023-09-13,4468.75,4468.75,4481.0,4446.75,4464.5,690872,yfinance,False
2023-09-14,4506.0,4506.0,4513.0,4470.25,4471.75,454906,yfinance,False
2023-09-15,4491.72021484375,4491.72021484375,4517.75,4480.0,4508.0,1825966,yfinance,False
2023-09-18,4501.5,4501.5,4514.5,4487.0,4499.5,1155158,yfinance,False
2023-09-19,4490.0,4490.0,4509.5,4462.25,4503.25,1422950,yfinance,False
2023-09-20,4447.0,4447.0,4508.0,4443.25,4491.25,1482206,yfinance,False
2023-09-21,4372.0,4372.0,4447.0,4366.5,4445.0,1998638,yfinance,False
2023-09-22,4361.0,4361.0,4399.0,4357.25,4370.25,1736576,yfinance,False
2023-09-25,4378.75,4378.75,4383.5,4338.25,4365.0,1561595,yfinance,False
2023-09-26,4314.75,4314.75,4382.0,4305.5,4382.0,1758048,yfinance,False
2023-09-27,4313.5,4313.5,4336.5,4277.0,4320.25,1965913,yfinance,False
2023-09-28,4337.5,4337.5,4355.75,4301.0,4323.25,2012088,yfinance,False
2023-09-29,4325.5,4325.5,4371.25,4311.0,4342.0,2106053,yfinance,False
2023-10-02,4324.25,4324.25,4355.5,4295.5,4349.0,1950463,yfinance,False
2023-10-03,4264.75,4264.75,4335.75,4251.25,4326.0,2256808,yfinance,False
2023-10-04,4297.75,4297.75,4304.0,4235.5,4262.75,2168271,yfinance,False
2023-10-05,4290.75,4290.75,4302.0,4258.0,4291.5,1673477,yfinance,False
2023-10-06,4341.5,4341.5,4358.5,4242.25,4287.5,2216456,yfinance,False
2023-10-09,4368.75,4368.75,4375.75,4299.5,4315.0,1485254,yfinance,False
2023-10-10,4391.5,4391.5,4419.0,4366.25,4368.75,1610271,yfinance,False
2023-10-11,4409.75,4409.75,4419.75,4377.25,4392.0,1489644,yfinance,False
2023-10-12,4380.5,4380.5,4430.5,4355.5,4417.75,1881573,yfinance,False
2023-10-13,4357.25,4357.25,4407.75,4340.75,4380.75,2159101,yfinance,False
2023-10-16,4401.0,4401.0,4414.25,4354.5,4356.75,1668948,yfinance,False
2023-10-17,4401.75,4401.75,4423.25,4365.75,4406.25,1879736,yfinance,False
2023-10-18,4342.25,4342.25,4399.25,4330.75,4398.0,2271572,yfinance,False
2023-10-19,4303.0,4303.0,4366.5,4292.75,4346.5,2741942,yfinance,False
2023-10-20,4248.5,4248.5,4304.25,4243.5,4295.0,2328806,yfinance,False
2023-10-23,4241.75,4241.75,4280.75,4213.25,4256.25,1963670,yfinance,False
2023-10-24,4271.25,4271.25,4290.5,4242.0,4250.25,1807092,yfinance,False
2023-10-25,4209.75,4209.75,4273.5,4203.75,4269.5,1981633,yfinance,False
2023-10-26,4156.5,4156.5,4205.0,4146.25,4202.0,2419407,yfinance,False
2023-10-27,4137.75,4137.75,4185.0,4122.25,4167.0,2195767,yfinance,False
2023-10-30,4185.75,4185.75,4197.5,4143.5,4148.0,1904610,yfinance,False
2023-10-31,4212.25,4212.25,4215.0,4166.75,4184.25,1836212,yfinance,False
2023-11-01,4256.0,4256.0,4264.75,4191.25,4205.0,2027080,yfinance,False
2023-11-02,4335.75,4335.75,4339.75,4257.75,4258.5,1819596,yfinance,False
2023-11-03,4376.0,4376.0,4391.75,4325.5,4327.5,1803552,yfinance,False
2023-11-06,4384.25,4384.25,4389.5,4364.25,4379.25,1348878,yfinance,False
2023-11-07,4396.0,4396.0,4403.25,4366.0,4380.0,1371257,yfinance,False
2023-11-08,4399.5,4399.5,4407.75,4375.0,4397.5,1390288,yfinance,False
2023-11-09,4362.25,4362.25,4413.0,4357.75,4393.25,1972630,yfinance,False
2023-11-10,4430.5,4430.5,4435.5,4354.25,4364.5,1752002,yfinance,False
2023-11-13,4425.25,4425.25,4436.75,4407.25,4425.75,1276182,yfinance,False
2023-11-14,4511.0,4511.0,4524.25,4420.25,4427.25,1901847,yfinance,False
2023-11-15,4519.25,4519.25,4541.25,4510.75,4515.5,1573452,yfinance,False
2023-11-16,4523.25,4523.25,4529.5,4501.75,4514.25,1491734,yfinance,False
2023-11-17,4527.5,4527.5,4539.5,4512.75,4527.75,1331912,yfinance,False
2023-11-20,4562.25,4562.25,4571.0,4520.0,4526.75,1220790,yfinance,False
2023-11-21,4551.25,4551.25,4567.0,4536.75,4561.75,1101669,yfinance,False
2023-11-22,4567.25,4567.25,4580.5,4543.0,4547.75,1403636,yfinance,False
2023-11-23,4569.5,4569.5,4572.75,4562.0,4564.0,1403636,yfinance,False
2023-11-24,4568.25,4568.25,4574.0,4562.0,4564.0,572702,yfinance,False
2023-11-27,4561.0,4561.0,4570.0,4552.0,4568.5,1124213,yfinance,False
2023-11-28,4563.0,4563.0,4577.25,4547.0,4561.5,1441119,yfinance,False
2023-11-29,4559.25,4559.25,4597.0,4555.5,4564.0,1592398,yfinance,False
2023-11-30,4576.75,4576.75,4579.5,4544.75,4562.25,2056268,yfinance,False
2023-12-01,4600.75,4600.75,4607.75,4562.5,4571.75,1914151,yfinance,False
2023-12-04,4576.5,4576.5,4604.5,4553.5,4603.25,1818991,yfinance,False
2023-12-05,4575.0,4575.0,4585.5,4555.5,4573.0,1890825,yfinance,False
2023-12-06,4556.0,4556.0,4598.5,4552.0,4573.25,1837961,yfinance,False
2023-12-07,4589.5,4589.5,4596.0,4548.75,4556.0,1832361,yfinance,False
2023-12-08,4607.5,4607.5,4613.75,4561.75,4586.5,2289425,yfinance,False
2023-12-11,4626.0,4626.0,4627.25,4599.5,4607.75,1663229,yfinance,False
2023-12-12,4645.75,4645.75,4649.75,4610.5,4625.0,1052077,yfinance,False
2023-12-13,4708.25,4708.25,4711.75,4645.0,4649.0,739684,yfinance,False
2023-12-14,4721.75,4721.75,4739.25,4694.25,4708.0,560819,yfinance,False
2023-12-15,4694.27001953125,4694.27001953125,4736.5,4694.27001953125,4716.0,1801823,yfinance,False
2023-12-18,4793.0,4793.0,4802.25,4769.5,4770.5,1139029,yfinance,False
2023-12-19,4820.25,4820.25,4821.5,4787.75,4790.5,1122973,yfinance,False
2023-12-20,4749.75,4749.75,4830.75,4743.25,4818.5,1749145,yfinance,False
2023-12-21,4796.75,4796.75,4798.25,4751.0,4751.0,1687065,yfinance,False
2023-12-22,4805.25,4805.25,4821.75,4784.75,4795.75,1326697,yfinance,False
2023-12-26,4825.0,4825.0,4834.5,4800.25,4800.25,688201,yfinance,False
2023-12-27,4833.5,4833.5,4836.5,4816.5,4827.75,1042284,yfinance,False
2023-12-28,4832.25,4832.25,4841.5,4828.0,4834.5,927035,yfinance,False
2023-12-29,4820.0,4820.0,4841.0,4796.75,4834.75,1281733,yfinance,False
2024-01-02,4787.25,4787.25,4828.0,4765.5,4818.0,1678142,yfinance,False
2024-01-03,4746.5,4746.5,4790.75,4741.0,4790.75,1707174,yfinance,False
2024-01-04,4729.5,4729.5,4766.5,4727.0,4750.0,1395366,yfinance,False
2024-01-05,4734.75,4734.75,4760.25,4702.0,4732.75,1767245,yfinance,False
2024-01-08,4801.25,4801.25,4803.25,4715.25,4735.75,1417728,yfinance,False
2024-01-09,4792.75,4792.75,4804.0,4767.5,4797.75,1369103,yfinance,False
2024-01-10,4820.25,4820.25,4828.5,4786.0,4790.75,1377780,yfinance,False
2024-01-11,4815.5,4815.5,4838.0,4772.75,4820.5,1795564,yfinance,False
2024-01-12,4816.5,4816.5,4836.5,4791.5,4811.25,1519899,yfinance,False
2024-01-16,4798.5,4798.5,4823.0,4779.5,4812.0,1905532,yfinance,False
2024-01-17,4771.25,4771.25,4800.75,4746.25,4799.75,1663328,yfinance,False
2024-01-18,4811.25,4811.25,4817.0,4763.5,4768.0,1746936,yfinance,False
2024-01-19,4869.5,4869.5,4874.25,4808.5,4811.25,1876757,yfinance,False
2024-01-22,4881.0,4881.0,4898.25,4872.5,4872.5,1356050,yfinance,False
2024-01-23,4895.0,4895.0,4902.0,4874.25,4881.75,1130749,yfinance,False
2024-01-24,4898.0,4898.0,4933.25,4889.0,4900.25,1586824,yfinance,False
2024-01-25,4923.25,4923.25,4926.5,4893.25,4899.5,1532026,yfinance,False
2024-01-26,4916.25,4916.25,4934.25,4898.5,4919.25,1363612,yfinance,False
2024-01-29,4954.5,4954.5,4956.0,4901.75,4908.75,1197989,yfinance,False
2024-01-30,4951.0,4951.0,4957.25,4933.0,4950.25,1157425,yfinance,False
2024-01-31,4870.5,4870.5,4938.0,4866.0,4930.25,2285993,yfinance,False
2024-02-01,4928.5,4928.5,4963.75,4872.5,4874.5,1835510,yfinance,False
2024-02-02,4980.25,4980.25,4997.75,4925.75,4952.75,1957796,yfinance,False
2024-02-05,4962.0,4962.0,4980.75,4937.75,4976.0,1504676,yfinance,False
2024-02-06,4974.75,4974.75,4978.25,4954.5,4959.5,1267419,yfinance,False
2024-02-07,5015.25,5015.25,5020.0,4970.0,4971.5,1336172,yfinance,False
2024-02-08,5017.75,5017.75,5020.0,5003.75,5015.75,997431,yfinance,False
2024-02-09,5044.0,5044.0,5048.5,5013.0,5014.5,1212336,yfinance,False
2024-02-12,5041.25,5041.25,5066.5,5031.5,5042.5,1141487,yfinance,False
2024-02-13,4971.25,4971.25,5040.0,4936.5,5034.0,2112726,yfinance,False
2024-02-14,5018.0,5018.0,5022.5,4968.75,4974.25,1632071,yfinance,False
2024-02-15,5046.5,5046.5,5051.75,5011.0,5017.5,1361757,yfinance,False
2024-02-16,5019.75,5019.75,5059.25,5012.75,5049.5,1527729,yfinance,False
2024-02-20,4991.5,4991.5,5029.5,4968.25,5016.5,1609827,yfinance,False
2024-02-21,4996.25,4996.25,5020.5,4959.0,4990.0,1485687,yfinance,False
2024-02-22,5097.75,5097.75,5107.75,5015.25,5016.0,1738869,yfinance,False
2024-02-23,5101.5,5101.5,5123.5,5092.0,5094.25,1340050,yfinance,False
2024-02-26,5080.25,5080.25,5108.0,5076.25,5095.0,1094682,yfinance,False
2024-02-27,5090.0,5090.0,5093.0,5067.0,5077.5,1026819,yfinance,False
2024-02-28,5081.0,5081.0,5091.25,5063.25,5090.75,1201011,yfinance,False
2024-02-29,5103.75,5103.75,5114.5,5060.0,5072.0,1790702,yfinance,False
2024-03-01,5146.0,5146.0,5149.25,5089.25,5101.5,1597331,yfinance,False
2024-03-04,5138.25,5138.25,5157.75,5132.0,5142.0,1208040,yfinance,False
2024-03-05,5085.75,5085.75,5135.5,5063.0,5133.75,1885769,yfinance,False
2024-03-06,5111.75,5111.75,5134.5,5083.75,5091.0,1996223,yfinance,False
2024-03-07,5161.75,5161.75,5170.5,5086.5,5114.25,1791666,yfinance,False
2024-03-08,5129.0,5129.0,5193.0,5121.75,5159.25,2786680,yfinance,False
2024-03-11,5123.0,5123.0,5133.25,5094.75,5132.5,1840000,yfinance,False
2024-03-12,5177.25,5177.25,5183.0,5112.75,5129.0,1211911,yfinance,False
2024-03-13,5168.0,5168.0,5183.75,5153.0,5176.0,540170,yfinance,False
2024-03-14,5153.75,5153.75,5189.5,5124.25,5171.5,476074,yfinance,False
2024-03-15,5101.669921875,5101.669921875,5167.0,5101.669921875,5152.25,1927775,yfinance,False
2024-03-18,5214.75,5214.75,5240.25,5181.75,5185.75,1377276,yfinance,False
2024-03-19,5241.75,5241.75,5244.75,5186.0,5215.25,1440289,yfinance,False
2024-03-20,5286.75,5286.75,5297.75,5233.0,5239.75,1404974,yfinance,False
2024-03-21,5302.5,5302.5,5322.75,5293.5,5294.75,1326994,yfinance,False
2024-03-22,5293.25,5293.25,5311.75,5287.75,5306.75,1162606,yfinance,False
2024-03-25,5278.25,5278.25,5295.0,5272.5,5290.5,920608,yfinance,False
2024-03-26,5265.25,5265.25,5300.5,5263.0,5280.75,1092706,yfinance,False
2024-03-27,5308.25,5308.25,5313.75,5270.75,5273.25,1487671,yfinance,False
2024-03-28,5308.5,5308.5,5321.0,5301.0,5308.0,1317836,yfinance,False
2024-04-01,5295.25,5295.25,5333.5,5282.25,5314.25,1125234,yfinance,False
2024-04-02,5260.5,5260.5,5296.0,5235.0,5294.5,1426691,yfinance,False
2024-04-03,5266.5,5266.5,5280.75,5244.5,5262.5,1402981,yfinance,False
2024-04-04,5197.25,5197.25,5308.5,5192.5,5270.75,1941274,yfinance,False
2024-04-05,5253.0,5253.0,5272.5,5191.5,5199.75,1908306,yfinance,False
2024-04-08,5253.25,5253.25,5269.25,5236.5,5263.25,1167648,yfinance,False
2024-04-09,5260.25,5260.25,5274.25,5208.25,5258.0,1651973,yfinance,False
2024-04-10,5207.75,5207.75,5285.0,5176.5,5264.25,2369864,yfinance,False
2024-04-11,5243.25,5243.25,5257.5,5173.5,5202.0,1762470,yfinance,False
2024-04-12,5167.5,5167.5,5248.75,5150.0,5244.0,2005106,yfinance,False
2024-04-15,5104.0,5104.0,5213.25,5094.0,5166.5,2226105,yfinance,False
2024-04-16,5092.5,5092.5,5123.25,5078.75,5101.25,2098015,yfinance,False
2024-04-17,5062.25,5062.25,5120.5,5047.0,5096.25,1928645,yfinance,False
2024-04-18,5049.0,5049.0,5095.25,5038.5,5063.0,1701401,yfinance,False
2024-04-19,5003.75,5003.75,5058.0,4963.5,5047.25,2357143,yfinance,False
2024-04-22,5047.5,5047.5,5076.75,5006.0,5014.25,1584393,yfinance,False
2024-04-23,5106.5,5106.5,5113.5,5037.75,5051.0,1357493,yfinance,False
2024-04-24,5107.5,5107.5,5128.75,5072.25,5115.25,1512469,yfinance,False
2024-04-25,5082.25,5082.25,5132.75,5022.25,5070.0,1887635,yfinance,False
2024-04-26,5131.5,5131.5,5146.5,5104.5,5132.0,1455855,yfinance,False
2024-04-29,5147.0,5147.0,5154.25,5118.75,5140.25,1163440,yfinance,False
2024-04-30,5067.0,5067.0,5148.5,5051.0,5148.5,1675335,yfinance,False
2024-05-01,5046.5,5046.5,5126.75,5037.75,5050.0,1955160,yfinance,False
2024-05-02,5091.5,5091.5,5113.0,5036.25,5057.0,1573131,yfinance,False
2024-05-03,5154.75,5154.75,5166.75,5099.25,5110.25,1604172,yfinance,False
2024-05-06,5206.5,5206.5,5207.75,5155.75,5166.75,1019307,yfinance,False
2024-05-07,5213.75,5213.75,5226.75,5202.25,5204.75,1106457,yfinance,False
2024-05-08,5212.75,5212.75,5218.0,5188.75,5211.75,1013418,yfinance,False
2024-05-09,5239.0,5239.0,5244.75,5195.0,5209.25,1094931,yfinance,False
2024-05-10,5246.25,5246.25,5264.0,5232.75,5240.75,1112925,yfinance,False
2024-05-13,5245.5,5245.5,5264.0,5233.25,5240.5,922763,yfinance,False
2024-05-14,5269.5,5269.5,5274.25,5216.75,5241.75,1252615,yfinance,False
2024-05-15,5333.0,5333.0,5337.25,5266.25,5268.5,1391029,yfinance,False
2024-05-16,5320.25,5320.25,5349.0,5315.5,5331.5,1207843,yfinance,False
2024-05-17,5327.25,5327.25,5328.75,5305.75,5318.25,1052765,yfinance,False
2024-05-20,5331.75,5331.75,5348.25,5323.75,5329.25,1031456,yfinance,False
2024-05-21,5345.25,5345.25,5347.5,5322.5,5331.75,1011849,yfinance,False
2024-05-22,5328.0,5328.0,5349.25,5306.75,5343.5,1257477,yfinance,False
2024-05-23,5285.25,5285.25,5368.25,5273.5,5339.0,2012153,yfinance,False
2024-05-24,5321.5,5321.5,5329.25,5285.75,5285.75,1264244,yfinance,False
2024-05-28,5324.75,5324.75,5339.0,5296.75,5321.75,1387872,yfinance,False
2024-05-29,5284.0,5284.0,5324.0,5268.25,5323.75,1445855,yfinance,False
2024-05-30,5253.0,5253.0,5277.0,5238.25,5270.5,1495148,yfinance,False
2024-05-31,5295.5,5295.5,5307.0,5205.5,5250.5,2452894,yfinance,False
2024-06-03,5297.25,5297.25,5313.25,5246.75,5299.5,1785532,yfinance,False
2024-06-04,5304.0,5304.0,5312.25,5262.0,5300.25,1679093,yfinance,False
2024-06-05,5366.0,5366.0,5368.25,5302.5,5305.0,1450596,yfinance,False
2024-06-06,5364.0,5364.0,5373.25,5345.25,5367.75,1228240,yfinance,False
2024-06-07,5355.75,5355.75,5385.5,5329.0,5362.0,1591439,yfinance,False
2024-06-10,5371.25,5371.25,5375.75,5338.25,5351.5,1185881,yfinance,False
2024-06-11,5384.0,5384.0,5386.25,5334.5,5369.75,1413433,yfinance,False
2024-06-12,5427.5,5427.5,5454.5,5380.0,5384.5,1899786,yfinance,False
2024-06-13,5438.5,5438.5,5452.75,5408.5,5436.25,1682858,yfinance,False
2024-06-14,5437.5,5437.5,5443.0,5397.75,5436.0,1789793,yfinance,False
2024-06-17,5478.5,5478.5,5494.0,5424.75,5435.5,1589643,yfinance,False
2024-06-18,5491.0,5491.0,5494.0,5473.5,5480.25,820053,yfinance,False
2024-06-20,5476.75,5476.75,5518.5,5458.5,5492.75,571332,yfinance,False
2024-06-21,5471.89013671875,5471.89013671875,5483.75,5460.5,5477.0,1392213,yfinance,False
2024-06-24,5517.0,5517.0,5558.5,5510.25,5538.5,1410359,yfinance,False
2024-06-25,5537.0,5537.0,5539.75,5511.0,5516.0,1141183,yfinance,False
2024-06-26,5543.5,5543.5,5551.75,5516.25,5535.0,1197372,yfinance,False
2024-06-27,5546.0,5546.0,5555.0,5515.75,5533.0,1257121,yfinance,False
2024-06-28,5521.5,5521.5,5585.0,5510.75,5548.25,1855777,yfinance,False
2024-07-01,5533.75,5533.75,5541.0,5504.5,5534.25,1432355,yfinance,False
2024-07-02,5568.75,5568.75,5569.75,5502.75,5533.5,1315097,yfinance,False
2024-07-03,5590.25,5590.25,5595.75,5559.75,5563.75,808966,yfinance,False
2024-07-05,5621.5,5621.5,5626.0,5585.0,5591.0,1233173,yfinance,False
2024-07-08,5625.25,5625.25,5637.5,5610.75,5612.0,981186,yfinance,False
2024-07-09,5631.25,5631.25,5645.75,5626.25,5627.75,1063568,yfinance,False
2024-07-10,5688.0,5688.0,5690.5,5630.75,5631.75,1200224,yfinance,False
2024-07-11,5639.75,5639.75,5707.75,5630.0,5684.25,1970766,yfinance,False
2024-07-12,5664.75,5664.75,5708.25,5621.25,5638.5,1684437,yfinance,False
2024-07-15,5683.0,5683.0,5718.75,5665.5,5681.0,1701349,yfinance,False
2024-07-16,5717.25,5717.25,5721.25,5673.0,5688.75,1485113,yfinance,False
2024-07-17,5639.0,5639.0,5717.75,5631.75,5715.0,2059862,yfinance,False
2024-07-18,5594.5,5594.5,5664.0,5570.25,5644.0,2528379,yfinance,False
2024-07-19,5553.75,5553.75,5607.5,5542.0,5602.5,2106581,yfinance,False
2024-07-22,5610.75,5610.75,5616.0,5553.5,5564.5,1671918,yfinance,False
2024-07-23,5599.25,5599.25,5629.75,5587.75,5607.75,1385653,yfinance,False
2024-07-24,5472.0,5472.0,5585.0,5462.0,5585.0,2178690,yfinance,False
2024-07-25,5441.25,5441.25,5533.25,5432.5,5482.5,2888086,yfinance,False
2024-07-26,5499.0,5499.0,5528.25,5445.25,5446.0,1977698,yfinance,False
2024-07-29,5503.0,5503.0,5534.5,5481.0,5496.5,1697647,yfinance,False
2024-07-30,5472.5,5472.5,5527.5,5433.0,5504.5,2053956,yfinance,False
2024-07-31,5558.0,5558.0,5588.5,5451.5,5454.75,2156505,yfinance,False
2024-08-01,5480.25,5480.25,5600.75,5444.75,5574.75,2751690,yfinance,False
2024-08-02,5376.0,5376.0,5473.25,5331.75,5464.25,3239738,yfinance,False
2024-08-05,5217.5,5217.5,5345.5,5120.0,5330.0,3436090,yfinance,False
2024-08-06,5266.25,5266.25,5342.0,5221.75,5250.0,2172067,yfinance,False
2024-08-07,5227.5,5227.5,5359.25,5196.75,5241.5,2247229,yfinance,False
2024-08-08,5348.25,5348.25,5361.0,5182.0,5208.25,1912347,yfinance,False
2024-08-09,5370.25,5370.25,5385.25,5319.5,5348.25,1412017,yfinance,False
2024-08-12,5369.75,5369.75,5396.75,5347.75,5364.25,1219995,yfinance,False
2024-08-13,5459.0,5459.0,5461.25,5367.5,5372.5,1271171,yfinance,False
2024-08-14,5477.0,5477.0,5487.75,5438.75,5457.5,1301826,yfinance,False
2024-08-15,5567.5,5567.5,5571.75,5471.75,5481.25,1440377,yfinance,False
2024-08-16,5578.25,5578.25,5586.25,5536.5,5568.5,1183498,yfinance,False
2024-08-19,5630.0,5630.0,5631.75,5565.25,5584.0,1010612,yfinance,False
2024-08-20,5619.75,5619.75,5643.75,5607.75,5629.5,1020393,yfinance,False
2024-08-21,5641.5,5641.5,5655.25,5613.5,5619.5,1086814,yfinance,False
2024-08-22,5594.0,5594.0,5665.25,5582.75,5642.0,1409474,yfinance,False
2024-08-23,5652.5,5652.5,5662.25,5597.75,5597.75,1415472,yfinance,False
2024-08-26,5637.0,5637.0,5669.0,5619.75,5650.5,1090361,yfinance,False
2024-08-27,5644.75,5644.75,5649.5,5611.5,5630.0,1027658,yfinance,False
2024-08-28,5610.25,5610.25,5650.5,5576.0,5643.75,1381099,yfinance,False
2024-08-29,5610.0,5610.0,5663.75,5561.25,5580.5,1571688,yfinance,False
2024-08-30,5661.0,5661.0,5665.0,5594.25,5618.5,1558874,yfinance,False
2024-09-03,5541.75,5541.75,5669.75,5516.75,5656.25,1910577,yfinance,False
2024-09-04,5530.0,5530.0,5565.0,5506.75,5538.5,1749591,yfinance,False
2024-09-05,5512.25,5512.25,5557.25,5490.0,5527.5,1737210,yfinance,False
2024-09-06,5419.5,5419.5,5532.5,5394.0,5513.0,2377532,yfinance,False
2024-09-09,5479.5,5479.5,5493.0,5405.25,5410.0,2377532,yfinance,False
2024-09-10,5504.0,5504.0,5506.0,5448.25,5488.25,1525620,yfinance,False
2024-09-11,5561.25,5561.25,5567.5,5412.0,5499.25,2309139,yfinance,False
2024-09-12,5602.25,5602.25,5607.0,5540.25,5558.0,1726434,yfinance,False
2024-09-13,5629.75,5629.75,5641.5,5597.25,5598.5,1706322,yfinance,False
2024-09-16,5638.0,5638.0,5641.5,5609.25,5622.75,1588010,yfinance,False
2024-09-17,5639.0,5639.0,5675.5,5617.0,5633.25,1056184,yfinance,False
2024-09-18,5620.75,5620.75,5696.25,5613.75,5639.5,605651,yfinance,False
2024-09-19,5717.75,5717.75,5737.5,5631.5,5631.5,461433,yfinance,False
2024-09-20,5699.990234375,5699.990234375,5717.25,5699.25,5714.75,1623655,yfinance,False
2024-09-23,5776.75,5776.75,5784.5,5745.25,5762.0,1077941,yfinance,False
2024-09-24,5792.0,5792.0,5794.25,5754.75,5774.0,1181221,yfinance,False
2024-09-25,5779.0,5779.0,5798.75,5768.0,5792.25,1043665,yfinance,False
2024-09-26,5804.5,5804.5,5830.0,5778.25,5783.5,1360026,yfinance,False
2024-09-27,5791.25,5791.25,5821.5,5782.0,5804.25,1280272,yfinance,False
2024-09-30,5814.25,5814.25,5820.25,5756.25,5784.0,1502729,yfinance,False
2024-10-01,5759.75,5759.75,5822.5,5733.0,5807.0,1947177,yfinance,False
2024-10-02,5760.25,5760.25,5773.25,5724.0,5760.25,1250353,yfinance,False
2024-10-03,5749.5,5749.5,5772.75,5725.75,5769.5,1421429,yfinance,False
2024-10-04,5800.0,5800.0,5804.75,5741.0,5745.75,1460645,yfinance,False
2024-10-07,5744.75,5744.75,5808.0,5734.25,5802.0,1211368,yfinance,False
2024-10-08,5800.5,5800.5,5806.75,5725.25,5752.5,1172261,yfinance,False
2024-10-09,5841.25,5841.25,5846.5,5780.75,5799.25,1113875,yfinance,False
2024-10-10,5829.0,5829.0,5844.0,5811.5,5836.0,1116046,yfinance,False
2024-10-11,5859.75,5859.75,5868.25,5816.0,5831.0,1028816,yfinance,False
2024-10-14,5908.25,5908.25,5918.5,5850.0,5854.5,919072,yfinance,False
2024-10-15,5862.75,5862.75,5915.5,5850.0,5914.25,1365310,yfinance,False
2024-10-16,5887.0,5887.0,5892.75,5853.25,5861.0,935721,yfinance,False
2024-10-17,5887.0,5887.0,5927.25,5871.25,5882.75,1236083,yfinance,False
2024-10-18,5906.0,5906.0,5915.5,5876.25,5888.25,952612,yfinance,False
2024-10-21,5896.25,5896.25,5915.5,5865.0,5911.5,1063780,yfinance,False
2024-10-22,5892.5,5892.5,5904.25,5861.25,5900.75,1033296,yfinance,False
2024-10-23,5837.75,5837.75,5893.75,5801.0,5887.25,1468269,yfinance,False
2024-10-24,5849.0,5849.0,5870.0,5822.5,5844.0,1159448,yfinance,False
2024-10-25,5846.0,5846.0,5900.75,5835.0,5853.25,1368245,yfinance,False
2024-10-28,5861.5,5861.5,5884.5,5857.0,5857.0,1017440,yfinance,False
2024-10-29,5871.0,5871.0,5883.75,5837.5,5867.0,1195753,yfinance,False
2024-10-30,5852.0,5852.0,5893.0,5840.25,5883.0,1347170,yfinance,False
2024-10-31,5738.5,5738.5,5844.0,5733.25,5840.0,1973513,yfinance,False
2024-11-01,5758.25,5758.25,5803.75,5732.5,5742.0,1592031,yfinance,False
2024-11-04,5743.25,5743.25,5776.5,5724.25,5741.75,1333685,yfinance,False
2024-11-05,5812.25,5812.25,5823.25,5735.0,5752.25,1198797,yfinance,False
2024-11-06,5958.25,5958.25,5967.0,5814.75,5820.25,2023257,yfinance,False
2024-11-07,6003.75,6003.75,6013.0,5951.0,5963.5,1285585,yfinance,False
2024-11-08,6025.25,6025.25,6040.5,5990.25,6007.75,1184512,yfinance,False
2024-11-11,6031.75,6031.75,6053.25,6013.5,6030.0,1069929,yfinance,False
2024-11-12,6013.0,6013.0,6036.5,5986.75,6029.25,1407120,yfinance,False
2024-11-13,6016.0,6016.0,6035.25,5991.75,6012.25,1445258,yfinance,False
2024-11-14,5978.25,5978.25,6025.25,5964.25,6017.75,1538927,yfinance,False
2024-11-15,5896.5,5896.5,5974.25,5876.75,5972.0,2008339,yfinance,False
2024-11-18,5920.0,5920.0,5933.0,5886.5,5899.75,1332326,yfinance,False
2024-11-19,5938.75,5938.75,5947.5,5855.0,5919.0,1636346,yfinance,False
2024-11-20,5937.75,5937.75,5957.75,5880.0,5937.75,1597257,yfinance,False
2024-11-21,5970.5,5970.5,5985.0,5905.25,5937.25,1867101,yfinance,False
2024-11-22,5987.0,5987.0,5993.5,5940.75,5967.0,1550734,yfinance,False
2024-11-25,6006.5,6006.5,6040.0,5982.5,6006.0,1619917,yfinance,False
2024-11-26,6038.25,6038.25,6044.0,5976.25,6013.25,1336843,yfinance,False
2024-11-27,6015.0,6015.0,6047.0,6000.25,6041.75,1157171,yfinance,False
2024-11-29,6051.5,6051.5,6060.0,6014.75,6015.0,847984,yfinance,False
2024-12-02,6061.75,6061.75,6068.5,6036.0,6051.5,989033,yfinance,False
2024-12-03,6063.25,6063.25,6070.75,6047.5,6064.0,991961,yfinance,False
2024-12-04,6098.5,6098.5,6102.25,6063.0,6067.0,1142137,yfinance,False
2024-12-05,6088.75,6088.75,6107.25,6081.5,6095.25,1118784,yfinance,False
2024-12-06,6099.0,6099.0,6111.0,6076.0,6085.5,1167677,yfinance,False
2024-12-09,6065.75,6065.75,6105.75,6060.0,6096.25,1351194,yfinance,False
2024-12-10,6046.25,6046.25,6075.25,6039.75,6065.25,1350731,yfinance,False
2024-12-11,6092.75,6092.75,6102.5,6045.5,6052.75,1271795,yfinance,False
2024-12-12,6060.75,6060.75,6088.25,6055.5,6087.5,1565731,yfinance,False
2024-12-13,6055.5,6055.5,6085.25,6041.25,6065.0,1996354,yfinance,False
2024-12-16,6080.5,6080.5,6090.5,6051.5,6055.5,1612199,yfinance,False
2024-12-17,6053.75,6053.75,6079.25,6040.75,6077.0,1113325,yfinance,False
2024-12-18,5872.25,5872.25,6074.5,5840.0,6053.5,847452,yfinance,False
2024-12-19,5868.75,5868.75,5938.0,5865.5,5881.75,532081,yfinance,False
2024-12-20,5840.259765625,5840.259765625,5879.5,5800.75,5879.5,2340873,yfinance,False
2024-12-23,6036.0,6036.0,6043.0,5965.0,6001.75,1406019,yfinance,False
2024-12-24,6098.0,6098.0,6099.5,6030.0,6037.75,634201,yfinance,False
2024-12-26,6095.25,6095.25,6107.5,6063.25,6099.25,911486,yfinance,False
2024-12-27,6027.0,6027.0,6095.25,5982.75,6092.0,1641100,yfinance,False
2024-12-30,5958.75,5958.75,6036.25,5918.25,6028.75,1575134,yfinance,False
2024-12-31,5935.75,5935.75,5983.25,5917.25,5955.0,1382187,yfinance,False
2025-01-02,5916.5,5916.5,5995.25,5874.75,5949.25,1826031,yfinance,False
2025-01-03,5989.5,5989.5,5996.75,5911.25,5921.0,1206570,yfinance,False
2025-01-06,6020.5,6020.5,6068.25,5980.75,5994.5,1547298,yfinance,False
2025-01-07,5954.25,5954.25,6045.5,5935.0,6028.0,1771767,yfinance,False
2025-01-08,5959.25,5959.25,5975.0,5917.0,5955.5,1764315,yfinance,False
2025-01-09,5944.75,5944.75,5957.0,5929.25,5955.0,113831,yfinance,False
2025-01-10,5866.25,5866.25,5959.25,5845.25,5943.75,2130067,yfinance,False
2025-01-13,5874.5,5874.5,5883.25,5809.0,5864.5,1755341,yfinance,False
2025-01-14,5882.25,5882.25,5918.5,5842.5,5887.25,1839961,yfinance,False
2025-01-15,5989.0,5989.0,6001.25,5879.5,5891.5,1657670,yfinance,False
2025-01-16,5975.5,5975.5,6017.5,5961.75,5988.5,1566439,yfinance,False
2025-01-17,6033.5,6033.5,6051.5,5968.0,5970.25,1417304,yfinance,False
2025-01-21,6084.25,6084.25,6093.25,5994.5,6032.25,1725952,yfinance,False
2025-01-22,6120.5,6120.5,6135.75,6087.0,6094.0,1249850,yfinance,False
2025-01-23,6152.0,6152.0,6154.0,6101.5,6120.0,1136009,yfinance,False
2025-01-24,6133.25,6133.25,6162.25,6122.0,6148.0,1254280,yfinance,False
2025-01-27,6046.75,6046.75,6105.25,5948.0,6102.25,2385614,yfinance,False
2025-01-28,6097.0,6097.0,6105.5,6023.5,6059.5,1585216,yfinance,False
2025-01-29,6067.5,6067.5,6111.5,6042.25,6090.75,1552941,yfinance,False
2025-01-30,6099.25,6099.25,6116.25,6056.5,6068.5,1606753,yfinance,False
2025-01-31,6067.25,6067.25,6147.75,6057.75,6106.0,1866467,yfinance,False
2025-02-03,6022.25,6022.25,6062.0,5935.5,5982.25,2314824,yfinance,False
2025-02-04,6063.0,6063.0,6069.0,5987.0,6069.0,1333376,yfinance,False
2025-02-05,6086.5,6086.5,6092.0,6020.25,6042.75,1216433,yfinance,False
2025-02-06,6106.0,6106.0,6108.5,6070.0,6090.25,1179112,yfinance,False
2025-02-07,6049.5,6049.5,6123.25,6041.25,6089.75,1683475,yfinance,False
2025-02-10,6088.75,6088.75,6096.0,6014.0,6016.0,1005560,yfinance,False
2025-02-11,6092.25,6092.25,6098.75,6057.75,6085.5,1017366,yfinance,False
2025-02-12,6072.75,6072.75,6098.0,6020.75,6090.75,1558395,yfinance,False
2025-02-13,6135.25,6135.25,6138.0,6053.5,6079.75,1523953,yfinance,False
2025-02-14,6132.0,6132.0,6146.75,6121.25,6131.75,1018370,yfinance,False
2025-02-18,6146.75,6146.75,6157.75,6118.25,6138.25,1200599,yfinance,False
2025-02-19,6163.0,6163.0,6166.5,6129.25,6143.75,1078997,yfinance,False
2025-02-20,6136.5,6136.5,6159.5,6102.75,6153.75,1405343,yfinance,False
2025-02-21,6029.0,6029.0,6142.5,6024.5,6132.5,1940563,yfinance,False
2025-02-24,6000.75,6000.75,6067.5,5994.5,6040.75,1797847,yfinance,False
2025-02-25,5970.0,5970.0,6016.0,5924.0,6006.5,2215332,yfinance,False
2025-02-26,5970.75,5970.75,6023.75,5945.5,5982.0,1901306,yfinance,False
2025-02-27,5876.25,5876.25,6014.5,5873.0,5980.0,2579895,yfinance,False
2025-02-28,5963.25,5963.25,5971.0,5848.0,5883.0,2784347,yfinance,False
2025-03-03,5860.75,5860.75,6000.5,5821.75,5967.5,2610882,yfinance,False
2025-03-04,5789.5,5789.5,5884.0,5744.0,5874.0,3353551,yfinance,False
2025-03-05,5851.25,5851.25,5869.5,5750.75,5832.0,2284032,yfinance,False
2025-03-06,5746.25,5746.25,5853.5,5720.0,5844.75,2553819,yfinance,False
2025-03-07,5776.0,5776.0,5791.0,5673.0,5766.0,2315005,yfinance,False
2025-03-10,5620.75,5620.75,5757.75,5571.5,5753.0,2590102,yfinance,False
2025-03-11,5577.0,5577.0,5651.75,5534.0,5622.0,2623963,yfinance,False
2025-03-12,5604.75,5604.75,5675.0,5550.25,5580.0,2004740,yfinance,False
2025-03-13,5527.5,5527.5,5623.0,5509.25,5596.5,2163776,yfinance,False
2025-03-14,5640.0,5640.0,5648.75,5538.75,5540.0,2191954,yfinance,False
2025-03-17,5680.25,5680.25,5707.5,5599.0,5626.75,2086734,yfinance,False
2025-03-18,5618.0,5618.0,5686.25,5600.0,5680.0,1111733,yfinance,False
2025-03-19,5678.5,5678.5,5718.5,5606.25,5618.5,704394,yfinance,False
2025-03-20,5662.5,5662.5,5714.25,5631.5,5680.0,412785,yfinance,False
2025-03-21,5617.7998046875,5617.7998046875,5674.25,5597.5,5664.0,1629871,yfinance,False
2025-03-24,5815.5,5815.5,5825.5,5739.0,5740.0,1404629,yfinance,False
2025-03-25,5826.5,5826.5,5837.25,5802.25,5813.0,1078548,yfinance,False
2025-03-26,5759.5,5759.5,5836.5,5743.0,5831.0,1483959,yfinance,False
2025-03-27,5739.25,5739.25,5779.75,5720.0,5737.25,1575855,yfinance,False
2025-03-28,5623.0,5623.0,5747.75,5602.25,5741.75,1910914,yfinance,False
2025-03-31,5653.25,5653.25,5672.75,5533.75,5590.0,2229839,yfinance,False
2025-04-01,5674.5,5674.5,5694.75,5600.25,5644.25,1871505,yfinance,False
2025-04-02,5712.25,5712.25,5773.25,5566.25,5672.0,2060456,yfinance,False
2025-04-03,5432.75,5432.75,5564.75,5415.25,5550.5,2470412,yfinance,False
2025-04-04,5110.25,5110.25,5435.0,5074.0,5423.0,3678162,yfinance,False
2025-04-07,5097.25,5097.25,5286.5,4832.0,5007.0,3673583,yfinance,False
2025-04-08,5020.25,5020.25,5305.25,4940.5,5126.5,2438061,yfinance,False
2025-04-09,5491.0,5491.0,5520.0,4871.75,5006.25,3096194,yfinance,False
2025-04-10,5302.0,5302.0,5528.75,5146.75,5502.5,2524214,yfinance,False
2025-04-11,5391.25,5391.25,5418.25,5206.0,5299.25,1759660,yfinance,False
2025-04-14,5440.75,5440.75,5497.75,5391.0,5452.5,1303900,yfinance,False
2025-04-15,5428.25,5428.25,5485.0,5413.0,5431.75,1158703,yfinance,False
2025-04-16,5305.75,5305.75,5425.0,5251.0,5403.75,1559064,yfinance,False
2025-04-17,5312.75,5312.75,5371.25,5285.5,5308.0,1381396,yfinance,False
2025-04-21,5184.75,5184.75,5306.75,5127.25,5283.75,1191218,yfinance,False
2025-04-22,5314.75,5314.75,5339.25,5171.75,5182.5,1572006,yfinance,False
2025-04-23,5401.75,5401.75,5499.75,5377.75,5379.75,1846494,yfinance,False
2025-04-24,5511.25,5511.25,5541.5,5355.25,5409.0,1411419,yfinance,False
2025-04-25,5549.75,5549.75,5562.25,5480.25,5529.0,1339888,yfinance,False
2025-04-28,5553.0,5553.0,5578.75,5492.0,5544.0,1198801,yfinance,False
2025-04-29,5583.75,5583.75,5597.25,5521.5,5543.0,1227182,yfinance,False
2025-04-30,5587.0,5587.0,5626.25,5455.5,5579.5,1833646,yfinance,False
2025-05-01,5623.25,5623.25,5682.5,5601.75,5617.5,1388619,yfinance,False
2025-05-02,5709.0,5709.0,5724.75,5601.0,5608.5,1383367,yfinance,False
2025-05-05,5671.75,5671.75,5706.25,5655.25,5705.0,989373,yfinance,False
2025-05-06,5625.75,5625.75,5673.25,5605.0,5666.25,1303877,yfinance,False
2025-05-07,5652.0,5652.0,5689.75,5596.0,5608.5,1390561,yfinance,False
2025-05-08,5684.5,5684.5,5741.0,5636.5,5643.25,1428613,yfinance,False
2025-05-09,5678.0,5678.0,5715.25,5662.5,5688.5,1029418,yfinance,False
2025-05-12,5865.0,5865.0,5876.25,5734.25,5761.0,1765593,yfinance,False
2025-05-13,5904.5,5904.5,5927.0,5835.75,5868.0,1335457,yfinance,False
2025-05-14,5908.5,5908.5,5925.0,5890.0,5902.0,1207202,yfinance,False
2025-05-15,5933.25,5933.25,5944.5,5867.0,5904.0,1291986,yfinance,False
2025-05-16,5975.5,5975.5,5977.5,5923.0,5935.0,1180875,yfinance,False
2025-05-19,5982.5,5982.5,5987.5,5892.75,5930.25,1245859,yfinance,False
2025-05-20,5959.75,5959.75,5993.5,5926.75,5980.0,1112908,yfinance,False
2025-05-21,5861.25,5861.25,5958.25,5847.75,5953.5,1548946,yfinance,False
2025-05-22,5856.75,5856.75,5895.0,5828.75,5858.0,1419522,yfinance,False
2025-05-23,5817.0,5817.0,5872.0,5756.5,5869.25,1537693,yfinance,False
2025-05-27,5934.25,5934.25,5941.75,5813.0,5820.0,1288369,yfinance,False
2025-05-28,5902.75,5902.75,5952.5,5890.0,5940.75,1181330,yfinance,False
2025-05-29,5922.75,5922.75,6008.0,5884.0,5923.5,1414864,yfinance,False
2025-05-30,5916.0,5916.0,5932.75,5853.25,5912.25,1633334,yfinance,False
2025-06-02,5947.25,5947.25,5955.5,5867.5,5898.75,1194125,yfinance,False
2025-06-03,5981.5,5981.5,5991.25,5909.25,5949.0,1154297,yfinance,False
2025-06-04,5981.0,5981.0,5999.0,5974.0,5980.0,1097088,yfinance,False
2025-06-05,5946.0,5946.0,6016.5,5928.75,5974.25,0,yfinance,False
2025-06-06,6006.75,6006.75,6025.0,5930.0,5931.75,1278102,yfinance,False
2025-06-09,6010.25,6010.25,6027.75,5992.25,6010.0,912371,yfinance,False
2025-06-10,6045.0,6045.0,6049.5,5991.25,6012.25,1104373,yfinance,False
2025-06-11,6029.0,6029.0,6074.75,6006.25,6038.75,1610313,yfinance,False
2025-06-12,6049.5,6049.5,6051.25,5987.75,6022.25,1330953,yfinance,False
2025-06-13,5979.25,5979.25,6045.0,5927.5,6045.0,2162167,yfinance,False
2025-06-16,6035.75,6035.75,6055.25,5944.0,5949.0,1744867,yfinance,False
2025-06-17,5985.0,5985.0,6040.5,5976.75,6038.5,870571,yfinance,False
2025-06-18,5981.5,5981.5,6020.75,5964.75,5977.25,0,yfinance,False
2025-06-20,6010.2099609375,6010.2099609375,6019.25,5918.25,5984.0,1694443,yfinance,False
2025-06-23,6077.0,6077.0,6081.5,5959.0,5964.0,1358034,yfinance,False
2025-06-24,6146.25,6146.25,6155.25,6075.25,6078.0,1077333,yfinance,False
2025-06-25,6147.0,6147.0,6160.25,6130.75,6144.75,902500,yfinance,False
2025-06-26,6195.0,6195.0,6200.0,6141.25,6144.75,1039428,yfinance,False
2025-06-27,6223.75,6223.75,6239.0,6183.25,6197.5,1353399,yfinance,False
2025-06-30,6253.75,6253.75,6265.5,6223.25,6223.25,1364101,yfinance,False
2025-07-01,6248.75,6248.75,6261.5,6227.25,6245.75,1320618,yfinance,False
2025-07-02,6275.0,6275.0,6279.5,6235.5,6247.75,1044261,yfinance,False
2025-07-03,6324.25,6324.25,6333.25,6270.5,6276.5,0,yfinance,False
2025-07-04,6283.5,6283.5,6322.75,6276.5,6320.75,0,yfinance,False
2025-07-07,6276.0,6276.0,6315.0,6246.25,6307.75,1376613,yfinance,False
2025-07-08,6272.0,6272.0,6289.0,6254.5,6262.5,1073914,yfinance,False
2025-07-09,6307.25,6307.25,6315.25,6260.0,6272.0,1144723,yfinance,False
2025-07-10,6324.25,6324.25,6335.5,6287.5,6306.0,948393,yfinance,False
2025-07-11,6300.0,6300.0,6330.25,6276.75,6323.0,1100047,yfinance,False
2025-07-14,6311.0,6311.0,6315.0,6259.75,6274.0,909223,yfinance,False
2025-07-15,6284.0,6284.0,6343.0,6272.5,6309.5,1279068,yfinance,False
2025-07-16,6303.25,6303.25,6308.75,6241.0,6273.75,1462969,yfinance,False
2025-07-17,6340.5,6340.5,6345.5,6288.25,6299.25,1052843,yfinance,False
2025-07-18,6334.75,6334.75,6357.0,6323.25,6342.5,1050307,yfinance,False
2025-07-21,6344.75,6344.75,6374.0,6329.75,6335.75,934271,yfinance,False
2025-07-22,6346.75,6346.75,6353.75,6318.75,6347.0,1130356,yfinance,False
2025-07-23,6396.25,6396.25,6407.25,6342.75,6346.5,1203541,yfinance,False
2025-07-24,6401.5,6401.5,6418.25,6391.5,6404.0,1073595,yfinance,False
2025-07-25,6425.0,6425.0,6431.0,6401.0,6406.75,829856,yfinance,False
2025-07-28,6422.75,6422.75,6457.75,6408.75,6450.0,972646,yfinance,False
2025-07-29,6406.0,6406.0,6442.5,6396.25,6424.25,1122508,yfinance,False
2025-07-30,6396.25,6396.25,6435.25,6366.75,6404.0,1302795,yfinance,False
2025-07-31,6374.25,6374.25,6468.5,6357.5,6435.5,1857020,yfinance,False
2025-08-01,6264.5,6264.5,6373.5,6239.5,6359.5,2287699,yfinance,False
2025-08-04,6356.0,6356.0,6370.0,6251.25,6257.0,1304652,yfinance,False
2025-08-05,6325.25,6325.25,6377.5,6315.5,6370.0,1402448,yfinance,False
2025-08-06,6371.0,6371.0,6379.5,6313.25,6323.0,1233346,yfinance,False
2025-08-07,6366.5,6366.5,6426.75,6334.5,6371.0,1458573,yfinance,False
2025-08-08,6413.5,6413.5,6425.75,6369.25,6372.5,1196497,yfinance,False
2025-08-11,6399.75,6399.75,6431.5,6387.5,6422.75,1073359,yfinance,False
2025-08-12,6468.5,6468.5,6470.0,6391.25,6396.0,1271180,yfinance,False
2025-08-13,6488.75,6488.75,6502.5,6461.0,6468.0,1111683,yfinance,False
2025-08-14,6490.5,6490.5,6496.0,6453.25,6485.0,1186070,yfinance,False
2025-08-15,6471.5,6471.5,6508.75,6461.5,6489.25,1122157,yfinance,False
2025-08-18,6469.25,6469.25,6484.25,6456.0,6467.0,860451,yfinance,False
2025-08-19,6432.5,6432.5,6477.5,6419.25,6468.5,1224317,yfinance,False
2025-08-20,6413.25,6413.25,6438.0,6362.75,6433.0,1609469,yfinance,False
2025-08-21,6388.25,6388.25,6419.0,6370.25,6414.25,1200689,yfinance,False
2025-08-22,6483.25,6483.25,6496.25,6364.0,6392.0,1420723,yfinance,False
2025-08-25,6455.5,6455.5,6494.0,6453.0,6493.0,932515,yfinance,False
2025-08-26,6482.5,6482.5,6487.5,6430.75,6460.25,1133761,yfinance,False
2025-08-27,6496.0,6496.0,6505.5,6459.25,6486.75,957730,yfinance,False
2025-08-28,6517.5,6517.5,6523.0,6471.0,6485.0,1170397,yfinance,False
2025-08-29,6472.75,6472.75,6518.0,6455.5,6516.0,0,yfinance,False
2025-09-02,6425.5,6425.5,6491.5,6371.75,6478.75,1802584,yfinance,False
2025-09-03,6457.25,6457.25,6464.25,6425.5,6448.0,1435997,yfinance,False
2025-09-04,6510.75,6510.75,6516.75,6454.5,6460.0,1186477,yfinance,False
2025-09-05,6489.75,6489.75,6541.75,6452.0,6515.75,1710784,yfinance,False
2025-09-08,6506.0,6506.0,6516.5,6480.25,6483.75,1187985,yfinance,False
2025-09-09,6521.75,6521.75,6536.25,6489.25,6507.75,1169514,yfinance,False
2025-09-10,6539.75,6539.75,6565.25,6522.5,6532.25,1381759,yfinance,False
2025-09-11,6592.5,6592.5,6600.0,6535.5,6535.75,1282669,yfinance,False
2025-09-12,6588.25,6588.25,6606.0,6576.0,6596.25,1601056,yfinance,False
2025-09-15,6621.5,6621.5,6623.5,6585.25,6588.25,1539732,yfinance,False
2025-09-16,6610.75,6610.75,6639.0,6604.25,6616.25,837034,yfinance,False
2025-09-17,6601.25,6601.25,6629.0,6554.0,6613.0,560841,yfinance,False
2025-09-18,6635.0,6635.0,6662.0,6605.75,6606.0,339967,yfinance,False
2025-09-19,6658.77001953125,6658.77001953125,6660.75,6622.75,6640.0,1369003,yfinance,False
2025-09-22,6752.5,6752.5,6756.75,6695.25,6716.0,1081569,yfinance,False
2025-09-23,6715.0,6715.0,6756.5,6701.75,6749.5,1264195,yfinance,False
2025-09-24,6692.25,6692.25,6728.75,6678.0,6717.75,1250173,yfinance,False
2025-09-25,6659.75,6659.75,6705.25,6624.25,6697.25,1710507,yfinance,False
2025-09-26,6696.5,6696.5,6703.75,6653.25,6662.75,1338413,yfinance,False
2025-09-29,6713.5,6713.5,6736.0,6696.25,6697.0,1209953,yfinance,False
2025-09-30,6738.75,6738.75,6743.5,6693.0,6708.0,1521737,yfinance,False
2025-10-01,6761.5,6761.5,6769.5,6680.0,6725.5,1312743,yfinance,False
2025-10-02,6766.75,6766.75,6782.25,6741.5,6757.0,1182875,yfinance,False
2025-10-03,6764.0,6764.0,6800.0,6754.0,6764.75,1366239,yfinance,False
2025-10-06,6788.75,6788.75,6797.75,6766.5,6768.0,1087339,yfinance,False
2025-10-07,6761.5,6761.5,6802.75,6747.25,6789.5,1433808,yfinance,False
2025-10-08,6801.25,6801.25,6807.75,6758.25,6766.0,1047925,yfinance,False
2025-10-09,6779.25,6779.25,6812.25,6760.75,6802.75,1370466,yfinance,False
2025-10-10,6595.25,6595.25,6806.5,6540.25,6779.5,2570043,yfinance,False
2025-10-13,6694.75,6694.75,6711.5,6632.0,6632.0,2570043,yfinance,False
2025-10-14,6686.5,6686.5,6722.5,6593.25,6691.0,2147252,yfinance,False
2025-10-15,6715.0,6715.0,6766.75,6651.5,6684.25,2009854,yfinance,False
2025-10-16,6668.75,6668.75,6750.5,6632.0,6715.25,2221351,yfinance,False
2025-10-17,6702.5,6702.5,6718.0,6571.25,6659.25,2081456,yfinance,False
2025-10-20,6773.75,6773.75,6783.0,6694.0,6721.0,1207586,yfinance,False
2025-10-21,6773.25,6773.25,6789.75,6759.25,6779.5,1285745,yfinance,False
2025-10-22,6737.0,6737.0,6788.75,6690.75,6776.0,1905565,yfinance,False
2025-10-23,6775.0,6775.0,6785.75,6717.5,6733.5,1375494,yfinance,False
2025-10-24,6827.0,6827.0,6841.25,6776.5,6778.25,1279387,yfinance,False
2025-10-27,6908.25,6908.25,6916.25,6865.75,6881.0,1191278,yfinance,False
2025-10-28,6925.75,6925.75,6944.75,6901.5,6914.0,1221838,yfinance,False
2025-10-29,6922.75,6922.75,6952.0,6882.25,6929.25,1536995,yfinance,False
2025-10-30,6855.5,6855.5,6953.75,6851.0,6906.5,1817621,yfinance,False
2025-10-31,6874.0,6874.0,6918.5,6843.5,6897.0,1764133,yfinance,False
2025-11-03,6882.75,6882.75,6909.5,6849.5,6878.0,0,yfinance,False
2025-11-04,6801.75,6801.75,6884.0,6786.25,6884.0,1702971,yfinance,False
2025-11-05,6825.25,6825.25,6857.75,6748.5,6801.0,1467734,yfinance,False
2025-11-06,6747.5,6747.5,6843.5,6733.5,6828.5,1860279,yfinance,False
2025-11-07,6753.75,6753.75,6772.0,6655.5,6763.0,2127595,yfinance,False
2025-11-10,6856.75,6856.75,6865.75,6772.0,6788.0,1597305,yfinance,False
2025-11-11,6871.5,6871.5,6880.0,6830.5,6857.25,1348763,yfinance,False
2025-11-12,6875.75,6875.75,6900.5,6852.0,6874.0,1402032,yfinance,False
2025-11-13,6760.0,6760.0,6892.5,6746.0,6873.25,2087220,yfinance,False
2025-11-14,6755.25,6755.25,6795.5,6670.5,6762.75,2105234,yfinance,False
2025-11-17,6692.0,6692.0,6801.5,6658.5,6764.75,1883810,yfinance,False
2025-11-18,6639.75,6639.75,6708.75,6594.0,6696.5,2514985,yfinance,False
2025-11-19,6661.5,6661.5,6709.0,6613.25,6630.75,2041130,yfinance,False
2025-11-20,6557.5,6557.5,6791.25,6550.5,6697.5,2987357,yfinance,False
2025-11-21,6620.25,6620.25,6677.5,6525.0,6560.0,2592859,yfinance,False
2025-11-24,6721.25,6721.25,6731.75,6625.0,6654.75,1611105,yfinance,False
2025-11-25,6781.5,6781.5,6792.5,6674.5,6726.25,1656062,yfinance,False
2025-11-26,6828.0,6828.0,6846.75,6778.25,6781.0,1459184,yfinance,False
2025-11-28,6859.5,6859.5,6863.75,6824.25,6830.25,460053,yfinance,False
2025-12-01,6826.75,6826.75,6864.5,6802.0,6854.75,1472111,yfinance,False
2025-12-02,6840.25,6840.25,6863.5,6812.25,6829.0,1455018,yfinance,False
2025-12-03,6862.0,6862.0,6873.25,6817.5,6843.0,1310103,yfinance,False
2025-12-04,6866.75,6866.75,6880.75,6836.25,6866.0,1323676,yfinance,False
2025-12-05,6878.25,6878.25,6905.0,6856.75,6865.5,1336540,yfinance,False
2025-12-08,6855.75,6855.75,6893.75,6835.25,6883.0,1257776,yfinance,False
2025-12-09,6848.25,6848.25,6872.75,6844.0,6865.0,1008518,yfinance,False
2025-12-10,6891.75,6891.75,6908.0,6830.75,6847.25,1473707,yfinance,False
2025-12-11,6907.25,6907.25,6928.75,6817.5,6887.0,1815978,yfinance,False
2025-12-12,6830.75,6830.75,6915.5,6805.0,6914.0,2609362,yfinance,False
2025-12-15,6823.0,6823.0,6872.5,6806.25,6831.0,1771047,yfinance,False
2025-12-16,6801.0,6801.0,6833.75,6762.0,6825.25,1070240,yfinance,False
2025-12-17,6726.5,6726.5,6826.75,6723.75,6796.0,590558,yfinance,False
2025-12-18,6778.25,6778.25,6818.5,6720.25,6739.25,416394,yfinance,False
2025-12-19,6796.5400390625,6796.5400390625,6802.75,6768.0,6772.25,1403081,yfinance,False
2025-12-22,6930.25,6930.25,6936.25,6900.5,6906.25,989308,yfinance,False
2025-12-23,6961.0,6961.0,6963.75,6913.25,6930.75,874601,yfinance,False
2025-12-24,6982.5,6982.5,6988.0,6952.5,6959.5,457055,yfinance,False
2025-12-26,6979.25,6979.25,6994.0,6969.0,6979.5,636544,yfinance,False
2025-12-29,6955.0,6955.0,6984.75,6936.0,6980.5,882739,yfinance,False
2025-12-30,6944.25,6944.25,6961.5,6940.75,6956.5,773655,yfinance,False
2025-12-31,6892.5,6892.5,6951.5,6890.25,6945.5,990179,yfinance,False
2026-01-02,6900.5,6900.5,6939.75,6866.75,6902.0,1571467,yfinance,False
2026-01-05,6943.75,6943.75,6963.5,6899.5,6911.5,1262018,yfinance,False
2026-01-06,6987.75,6987.75,6991.5,6931.0,6945.5,1192527,yfinance,False
2026-01-07,6963.25,6963.25,7006.75,6958.0,6988.5,1264816,yfinance,False
2026-01-08,6962.0,6962.0,6977.75,6935.25,6967.5,1303097,yfinance,False
2026-01-09,7005.0,7005.0,7017.5,6954.25,6973.25,1342341,yfinance,False
2026-01-12,7016.5,7016.5,7025.25,6950.0,7007.0,1063552,yfinance,False
2026-01-13,7001.75,7001.75,7036.25,6976.75,7014.0,1376658,yfinance,False
2026-01-14,6966.25,6966.25,7002.5,6923.25,6998.5,1768305,yfinance,False
2026-01-15,6981.75,6981.75,7017.25,6949.5,6955.75,1293668,yfinance,False
2026-01-16,6976.75,6976.75,7007.0,6960.5,6986.75,1297479,yfinance,False
2026-01-20,6829.5,6829.5,6935.0,6822.25,6918.25,2391547,yfinance,False
2026-01-21,6910.0,6910.0,6945.25,6814.5,6839.0,2200553,yfinance,False
2026-01-22,6945.0,6945.0,6969.0,6911.25,6920.0,1336659,yfinance,False
2026-01-23,6945.75,6945.75,6964.0,6924.75,6938.0,1221966,yfinance,False
2026-01-26,6981.25,6981.25,6995.5,6879.0,6904.0,1062544,yfinance,False
2026-01-27,7008.5,7008.5,7018.5,6972.0,6977.0,980139,yfinance,False
2026-01-28,7007.25,7007.25,7043.0,6977.25,7010.25,1187287,yfinance,False
2026-01-29,6992.75,6992.75,7029.5,6898.25,7021.5,1947645,yfinance,False
2026-01-30,6965.75,6965.75,6995.0,6917.5,6992.75,2046596,yfinance,False
2026-02-02,7002.5,7002.5,7017.25,6864.5,6938.5,1491899,yfinance,False
2026-02-03,6941.75,6941.75,7027.25,6886.25,7004.25,1942807,yfinance,False
2026-02-04,6906.25,6906.25,6965.75,6862.5,6934.0,2145116,yfinance,False
2026-02-05,6820.75,6820.75,6935.25,6785.0,6915.5,2107676,yfinance,False
2026-02-06,6952.75,6952.75,6965.5,6751.5,6785.5,1796075,yfinance,False
2026-02-09,6983.25,6983.25,7000.5,6921.0,6960.25,1198044,yfinance,False
2026-02-10,6961.5,6961.5,7006.5,6957.0,6985.0,1187062,yfinance,False
2026-02-11,6960.5,6960.5,7011.5,6931.0,6971.5,1498739,yfinance,False
2026-02-12,6851.0,6851.0,6992.75,6842.0,6964.5,2078744,yfinance,False
2026-02-13,6850.5,6850.5,6897.75,6808.75,6865.5,1803723,yfinance,False
2026-02-17,6860.5,6860.5,6885.5,6791.0,6852.5,1837384,yfinance,False
2026-02-18,6894.25,6894.25,6925.75,6848.75,6862.75,1346435,yfinance,False
2026-02-19,6877.0,6877.0,6912.5,6847.75,6891.75,1286455,yfinance,False
2026-02-20,6923.25,6923.25,6931.5,6847.25,6874.25,1816863,yfinance,False
2026-02-23,6851.5,6851.5,6930.25,6832.75,6918.0,1462094,yfinance,False
2026-02-24,6903.75,6903.75,6912.75,6828.5,6858.25,1335317,yfinance,False
2026-02-25,6959.75,6959.75,6983.75,6892.25,6900.25,1062293,yfinance,False
2026-02-26,6920.0,6920.0,6970.75,6870.75,6965.0,1548837,yfinance,False
2026-02-27,6889.0,6889.0,6915.5,6841.5,6899.0,1638910,yfinance,False
2026-03-02,6888.25,6888.25,6911.25,6768.5,6820.0,1844835,yfinance,False
2026-03-03,6824.75,6824.75,6886.0,6718.75,6883.5,2259359,yfinance,False
2026-03-04,6876.0,6876.0,6894.0,6773.5,6813.25,1546814,yfinance,False
2026-03-05,6835.25,6835.25,6900.75,6777.0,6883.25,1948470,yfinance,False
2026-03-06,6743.75,6743.75,6854.0,6715.75,6826.0,1940173,yfinance,False
2026-03-09,6801.0,6801.0,6818.5,6584.5,6685.5,2265287,yfinance,False
2026-03-10,6787.25,6787.25,6852.0,6762.5,6800.75,1893966,yfinance,False
2026-03-11,6779.5,6779.5,6822.5,6749.75,6796.75,1603374,yfinance,False
2026-03-12,6677.5,6677.5,6769.5,6671.75,6766.0,2042016,yfinance,False
2026-03-13,6636.0,6636.0,6737.5,6625.0,6684.25,2407679,yfinance,False
2026-03-16,6704.75,6704.75,6734.25,6608.5,6608.5,2025388,yfinance,False
2026-03-17,6721.75,6721.75,6757.5,6665.25,6700.0,834934,yfinance,False
2026-03-18,6626.0,6626.0,6762.25,6604.0,6722.5,501911,yfinance,False
2026-03-19,6609.25,6609.25,6644.5,6561.75,6622.0,450179,yfinance,False
2026-03-20,6594.6298828125,6594.6298828125,6635.0,6558.0,6622.75,2011431,yfinance,False
2026-03-23,6634.75,6634.75,6748.0,6483.5,6510.0,2176195,yfinance,False
2026-03-24,6606.0,6606.0,6680.5,6573.5,6635.0,1924003,yfinance,False
2026-03-25,6640.75,6640.75,6684.75,6616.5,6646.5,1709266,yfinance,False
2026-03-26,6525.0,6525.0,6647.0,6517.0,6641.5,1689160,yfinance,False
2026-03-27,6412.25,6412.25,6568.5,6389.0,6536.0,1918291,yfinance,False
2026-03-30,6388.25,6388.25,6481.75,6359.5,6380.0,1793061,yfinance,False
2026-03-31,6570.75,6570.75,6583.25,6353.25,6385.25,2363577,yfinance,False
2026-04-01,6617.75,6617.75,6653.75,6561.0,6562.0,1752607,yfinance,False
2026-04-02,6622.25,6622.25,6644.5,6503.75,6618.5,1965184,yfinance,False
2026-04-06,6651.0,6651.0,6661.0,6567.0,6590.0,1103916,yfinance,False
2026-04-07,6656.75,6656.75,6673.5,6572.75,6650.5,1997800,yfinance,False
2026-04-08,6823.75,6823.75,6847.25,6652.25,6689.0,2199329,yfinance,False
2026-04-09,6863.25,6863.25,6876.0,6792.5,6814.25,1604541,yfinance,False
2026-04-10,6855.25,6855.25,6888.0,6846.25,6858.0,1312566,yfinance,False
2026-04-13,6922.75,6922.75,6928.25,6767.0,6780.0,1541313,yfinance,False
2026-04-14,7004.75,7004.75,7008.0,6920.25,6925.25,1356650,yfinance,False
2026-04-15,7060.5,7060.5,7064.5,6991.75,7004.0,1395387,yfinance,False
2026-04-16,7077.0,7077.0,7089.0,7046.5,7057.25,1360502,yfinance,False
2026-04-17,7161.5,7161.5,7185.75,7075.25,7077.25,1847098,yfinance,False
2026-04-20,7148.0,7148.0,7160.5,7085.0,7102.5,1374523,yfinance,False
2026-04-21,7100.0,7100.0,7183.0,7085.0,7150.75,1819102,yfinance,False
2026-04-22,7171.25,7171.25,7173.0,7121.25,7125.0,1185812,yfinance,False
2026-04-23,7143.5,7143.5,7181.5,7079.25,7163.0,1862446,yfinance,False
2026-04-24,7194.75,7194.75,7200.5,7135.5,7143.0,1463962,yfinance,False
2026-04-27,7206.0,7206.0,7211.25,7171.5,7185.0,1085690,yfinance,False
2026-04-28,7171.0,7171.0,7223.25,7146.25,7204.75,1361467,yfinance,False
2026-04-29,7168.0,7168.0,7190.75,7131.25,7172.5,1368362,yfinance,False
2026-04-30,7243.75,7243.75,7253.5,7133.75,7150.0,1732392,yfinance,False
2026-05-01,7258.0,7258.0,7300.75,7240.75,7256.0,1263615,yfinance,False
2026-05-04,7230.25,7230.25,7279.75,7199.5,7276.25,1581015,yfinance,False
2026-05-05,7287.25,7287.25,7304.25,7223.75,7228.75,1115385,yfinance,False
2026-05-06,7389.5,7389.5,7395.75,7293.5,7300.5,1631260,yfinance,False
2026-05-07,7363.0,7363.0,7410.5,7345.5,7380.5,1753384,yfinance,False
2026-05-08,7419.0,7419.0,7427.75,7336.25,7340.0,1312034,yfinance,False
2026-05-11,7436.75,7436.75,7454.75,7390.5,7403.5,1233354,yfinance,False
2026-05-12,7426.5,7426.5,7443.75,7363.25,7435.5,1625151,yfinance,False
2026-05-13,7469.5,7469.5,7483.75,7399.0,7419.25,1301334,yfinance,False
2026-05-14,7525.5,7525.5,7540.0,7471.0,7477.5,1371818,yfinance,False
2026-05-15,7432.25,7432.25,7528.25,7409.25,7522.25,1923350,yfinance,False
2026-05-18,7425.75,7425.75,7454.25,7373.5,7410.0,1983487,yfinance,False
2026-05-19,7378.0,7378.0,7440.75,7354.25,7423.5,1804940,yfinance,False
2026-05-20,7451.75,7451.75,7458.0,7356.0,7377.0,1585626,yfinance,False
2026-05-21,7466.0,7466.0,7486.75,7407.5,7432.75,1738205,yfinance,False
2026-05-22,7491.0,7491.0,7524.0,7466.75,7467.0,1242275,yfinance,False
2026-05-26,7537.0,7537.0,7569.75,7517.0,7519.0,1422109,yfinance,False
2026-05-27,7540.0,7540.0,7570.75,7515.0,7533.0,1291159,yfinance,False
2026-05-28,7581.75,7581.75,7590.75,7505.75,7553.75,1280521,yfinance,False
2026-05-29,7595.75,7595.75,7611.5,7572.75,7587.5,1581690,yfinance,False
2026-06-01,7613.25,7613.25,7632.25,7576.25,7595.0,1392611,yfinance,False
2026-06-02,7623.75,7623.75,7632.0,7576.5,7612.0,1086612,yfinance,False
2026-06-03,7571.75,7571.75,7628.5,7541.75,7628.0,1379991,yfinance,False
2026-06-04,7601.0,7601.0,7611.5,7524.5,7539.75,1242281,yfinance,False
2026-06-05,7400.5,7400.5,7591.0,7359.0,7589.5,2370312,yfinance,False
2026-06-08,7416.0,7416.0,7476.75,7355.5,7368.0,1821072,yfinance,False
2026-06-09,7392.75,7392.75,7491.0,7247.25,7412.75,2505679,yfinance,False
2026-06-10,7278.5,7278.5,7404.75,7256.0,7380.0,1851849,yfinance,False
2026-06-11,7396.0,7396.0,7420.0,7232.25,7259.25,2295133,yfinance,False
2026-06-12,7435.0,7435.0,7461.75,7366.5,7397.5,1864805,yfinance,False
2026-06-15,7561.25,7561.25,7584.5,7480.0,7480.0,1883235,yfinance,False
2026-06-16,7518.5,7518.5,7570.5,7509.75,7560.75,904077,yfinance,False
2026-06-17,7424.5,7424.5,7544.5,7405.0,7514.5,517609,yfinance,False
2026-06-18,7508.43017578125,7508.43017578125,7514.5,7436.25,7440.5,1671842,yfinance,False
2026-06-22,7541.25,7541.25,7599.25,7513.0,7543.25,1582505,yfinance,False
2026-06-23,7437.5,7437.5,7549.5,7415.25,7541.25,1816290,yfinance,False
2026-06-24,7428.25,7428.25,7496.5,7404.25,7449.25,1864716,yfinance,False
2026-06-25,7423.25,7423.25,7496.0,7390.5,7476.25,1670252,yfinance,False
2026-06-26,7401.75,7401.75,7459.5,7357.25,7431.0,1514235,yfinance,False
2026-06-29,7500.25,7500.25,7505.0,7398.0,7398.0,1520958,yfinance,False
2026-06-30,7548.25,7548.25,7567.75,7481.75,7495.5,1347483,yfinance,False
2026-07-01,7543.5,7543.5,7579.0,7505.75,7543.25,1331380,yfinance,False
2026-07-02,7528.25,7528.25,7593.75,7479.5,7536.0,1766963,yfinance,False
2026-07-06,7591.5,7591.5,7602.5,7538.25,7562.25,1165299,yfinance,False
2026-07-07,7551.25,7551.25,7601.25,7529.5,7597.0,1259499,yfinance,False
2026-07-08,7528.75,7528.75,7563.0,7468.5,7545.0,1503496,yfinance,False
2026-07-09,7588.75,7588.75,7595.0,7516.25,7517.25,1080972,yfinance,False
2026-07-10,7620.25,7620.25,7628.75,7552.75,7587.25,1076448,yfinance,False
2026-07-13,7563.0,7563.0,7615.25,7547.25,7607.0,1272313,yfinance,False
2026-07-14,7591.25,7591.25,7613.75,7531.5,7557.0,1138130,yfinance,False
2026-07-15,7614.75,7614.75,7626.25,7571.75,7589.75,1313380,yfinance,False
2026-07-16,7577.75,7577.75,7632.0,7548.25,7615.0,1323663,yfinance,False
2026-07-17,7497.75,7497.75,7575.0,7473.0,7572.75,1710680,yfinance,False
2026-07-20,7484.25,7484.25,7552.0,7476.75,7485.0,1388418,yfinance,False
2026-07-21,7545.75,7545.75,7554.0,7473.0,7484.0,1038606,yfinance,False
2026-07-22,7540.25,7540.25,7563.5,7504.0,7545.0,1056769,yfinance,False
2026-07-23,7445.0,7445.0,7549.5,7411.75,7530.25,1650704,yfinance,False
2026-07-24,7447.5,7447.5,7496.5,7431.5,7450.5,1450023,yfinance,False
2026-07-27,7448.25,7448.25,7524.75,7416.25,7490.0,1468720,yfinance,False
2026-07-28,7465.25,7465.25,7485.75,7417.0,7453.0,1389750,yfinance,False
2026-07-29,7351.25,7351.25,7501.0,7324.0,7464.0,2067427,yfinance,False
2026-07-30,7472.5,7472.5,7498.0,7331.0,7338.0,1739568,yfinance,False
2026-07-31,7519.25,7519.25,7541.0,7427.5,7479.5,1831952,yfinance,False
2026-08-03,7628.25,7628.25,7637.75,7542.75,7550.0,1457022,yfinance,False
2026-08-04,7765.5,7765.5,7786.0,7629.0,7631.0,1724914,yfinance,False
2026-08-05,7749.5,7749.5,7820.25,7745.75,7772.0,1500673,yfinance,False
2026-08-06,7734.75,7734.75,7770.75,7724.25,7756.75,1253438,yfinance,False
2026-08-07,7779.75,7779.75,7786.75,7725.5,7735.0,1236073,yfinance,False
2026-08-10,7776.75,7776.75,7798.0,7763.0,7776.75,923190,yfinance,False
2026-08-11,7747.5,7747.5,7796.0,7738.0,7778.25,1010336,yfinance,False
2026-08-12,7770.5,7770.5,7794.0,7748.5,7756.0,944743,yfinance,False
2026-08-13,7822.5,7822.5,7838.5,7764.25,7770.0,1106913,yfinance,False
2026-08-14,7805.0,7805.0,7831.75,7796.5,7825.0,917625,yfinance,False
2026-08-17,7768.75,7768.75,7824.5,7763.5,7809.25,992564,yfinance,False
2026-08-18,7714.0,7714.0,7770.5,7710.25,7766.0,1277258,yfinance,False
2026-08-19,7729.0,7729.0,7764.75,7698.25,7714.0,1437865,yfinance,False
2026-08-20,7662.5,7662.5,7746.5,7657.75,7733.0,1468662,yfinance,False
2026-08-21,7691.25,7691.25,7714.0,7661.25,7669.0,1194104,yfinance,False
2026-08-24,7669.75,7669.75,7703.25,7655.0,7693.5,1088482,yfinance,False
2026-08-25,7692.0,7692.0,7714.0,7660.25,7676.0,1003461,yfinance,False
2026-08-26,7690.0,7690.0,7710.25,7670.75,7691.5,1083071,yfinance,False
2026-08-27,7742.5,7742.5,7755.5,7702.75,7722.0,1347688,yfinance,False
2026-08-28,7722.0,7722.0,7782.5,7711.75,7733.75,1520831,yfinance,False
2026-08-31,7699.0,7699.0,7724.0,7674.75,7723.5,1247996,yfinance,False
2026-09-01,7642.75,7642.75,7708.0,7621.5,7701.25,1599408,yfinance,False
2026-09-02,7676.5,7676.5,7691.25,7618.5,7645.0,1312751,yfinance,False
2026-09-03,7754.75,7754.75,7766.5,7661.25,7673.5,1466815,yfinance,False
2026-09-04,7722.0,7722.0,7764.5,7711.75,7749.75,1266711,yfinance,False
2026-09-08,7680.5,7680.5,7728.5,7672.25,7715.5,1541813,yfinance,False
2026-09-09,7643.75,7643.75,7691.25,7628.75,7681.0,1432203,yfinance,False
2026-09-10,7598.5,7598.5,7666.25,7585.5,7646.5,1713441,yfinance,False
2026-09-11,7659.5,7659.5,7683.5,7594.25,7599.5,2084922,yfinance,False
2026-09-14,7625.0,7625.0,7652.0,7593.75,7609.25,1925420,yfinance,False
2026-09-15,7589.25,7589.25,7633.25,7576.75,7631.0,943078,yfinance,False
2026-09-16,7556.5,7556.5,7632.0,7509.25,7596.5,487789,yfinance,False
2026-09-17,7640.0,7640.0,7654.5,7551.5,7557.5,285399,yfinance,False
2026-09-18,7657.35009765625,7657.35009765625,7670.25,7625.25,7637.0,1470203,yfinance,False
2026-09-21,7833.5,7833.5,7847.25,7713.75,7722.0,1378280,yfinance,False
2026-09-22,7831.75,7831.75,7848.5,7810.5,7830.0,1342461,yfinance,False
2026-09-23,7772.5,7772.5,7843.25,7758.75,7830.0,1557112,yfinance,False
2026-09-24,7767.0,7767.0,7783.5,7707.25,7774.75,1741473,yfinance,False
2026-09-25,7803.75,7803.75,7814.75,7748.5,7759.0,1642370,yfinance,False
2026-09-28,7746.75,7746.75,7803.0,7726.0,7796.0,1642370,yfinance,False
2026-09-29,7732.0,7732.0,7770.75,7712.25,7746.5,1643532,yfinance,False
2026-09-30,7715.5,7715.5,7782.0,7705.5,7739.0,2017550,yfinance,False
2026-10-01,7724.0,7724.0,7767.75,7672.75,7719.5,2214495,yfinance,False
2026-10-02,7777.25,7777.25,7810.25,7723.25,7724.0,1859407,yfinance,False
2026-10-05,7826.25,7826.25,7847.5,7760.25,7781.5,1359089,yfinance,False
2026-10-06,7874.0,7874.0,7897.5,7829.0,7831.75,1262330,yfinance,False
2026-10-07,7852.75,7852.75,7884.5,7815.75,7881.5,1262330,yfinance,False
2026-10-08,7803.0,7803.0,7858.25,7802.75,7850.75,177136,yfinance,False
